# TM102 capture — label=buzz-2 port=/dev/cu.usbserial-0001 started=20260826-133344
[CH: 50] LEN: 12 | HEX: FA 76 F6 E2 6E BA 95 FD 19 6A AF FF | T:824533 RPD:0
[CH: 50] LEN: 12 | HEX: FA 76 EE E1 6C FA 95 EF 6C 64 BF FE | T:824563 RPD:1
[CH: 50] LEN: 12 | HEX: F6 76 F4 E0 6D FC 95 D6 B0 81 BF BF | T:824593 RPD:1
[CH: 50] LEN: 12 | HEX: F6 66 DE DE 52 EC 95 DE A1 91 BD EF | T:824623 RPD:1
[CH: 50] LEN: 12 | HEX: F6 76 F4 FE 73 DD 95 EA 82 8E BF 7B | T:824653 RPD:1
[CH: 50] LEN: 12 | HEX: FA 76 FA ED 70 FE 95 F7 77 80 BF FF | T:824657 RPD:1
[CH: 50] LEN: 12 | HEX: EA 7E FE FB 76 FE 95 FA 5D 9C BF FF | T:824691 RPD:0
[CH: 50] LEN: 12 | HEX: F2 76 FF F2 77 FD 95 EF 41 79 BE BF | T:824721 RPD:0
[CH: 50] LEN: 12 | HEX: EE 76 FA F1 74 F5 95 EB F4 77 EF FE | T:824751 RPD:0
[CH: 50] LEN: 12 | HEX: F2 76 FA F0 75 EA 95 DF 28 92 AD F7 | T:824781 RPD:1
[CH: 50] LEN: 12 | HEX: F2 76 FE F7 7A FA 95 FF 99 85 BB DB | T:824811 RPD:1
[CH: 50] LEN: 12 | HEX: FA 76 F6 F6 7B FE 95 FF C5 60 BD F7 | T:824841 RPD:1
[CH: 50] LEN: 12 | HEX: F2 76 FE F5 70 F4 95 F6 30 6E BF FF | T:824871 RPD:0
[CH: 50] LEN: 12 | HEX: FA 76 FE F4 79 FE 95 F6 AC 8B BA DF | T:824901 RPD:0
[CH: 50] LEN: 12 | HEX: FA 76 FE F3 7C FE 95 F5 DA 72 B7 FF | T:824931 RPD:0
[CH: 50] LEN: 12 | HEX: FA 76 FE E2 7E DE 95 EA 86 97 BD EF | T:824961 RPD:1
[CH: 50] LEN: 12 | HEX: FA 76 FA F1 7C FE 95 EE F3 99 BF 7F | T:824991 RPD:1
[CH: 50] LEN: 12 | HEX: FA 76 FA F0 7D FC 95 EA EE F4 BF FF | T:825021 RPD:1
[CH: 50] LEN: 12 | HEX: F2 76 EE EF 62 EA 95 F5 01 96 BB AF | T:825051 RPD:1
[CH: 50] LEN: 12 | HEX: FA 76 FE EE 63 FF 95 EE 9D 73 B7 FF | T:825081 RPD:1
[CH: 50] LEN: 12 | HEX: FA 76 F4 ED 60 F6 95 EF 68 7B BF FF | T:825111 RPD:0
[CH: 50] LEN: 12 | HEX: EA 76 F6 EC 61 FE 95 D9 74 98 BD FF | T:825141 RPD:0
[CH: 50] LEN: 12 | HEX: F6 76 FE EA 67 FA 95 FD 9D 84 AF AF | T:825200 RPD:0
[CH: 50] LEN: 12 | HEX: FA 76 FE E9 64 EE 95 FD 6B 8A BF FF | T:825230 RPD:0
[CH: 50] LEN: 12 | HEX: FA 76 FE E8 65 D4 95 FD 37 6F 7F FA | T:825260 RPD:0
[CH: 50] LEN: 12 | HEX: F2 77 FA E7 6A F4 95 FF 46 78 BD FF | T:825290 RPD:0
[CH: 50] LEN: 12 | HEX: FA 76 FE E6 6B 76 95 FE 5A 9D BF BB | T:825320 RPD:0
[CH: 50] LEN: 12 | HEX: F2 76 FF E4 69 F6 95 FB 53 76 BF FF | T:825380 RPD:0
[CH: 50] LEN: 12 | HEX: F2 76 FE E3 6E EC 95 FD 05 8F AF FF | T:825410 RPD:0
[CH: 50] LEN: 12 | HEX: FA 76 FA E2 6E AA 95 FE 99 6A BD DF | T:825440 RPD:0
[CH: 50] LEN: 12 | HEX: FA 76 EE E1 6C EC 95 D7 6C 64 BF DD | T:825470 RPD:0
[CH: 50] LEN: 12 | HEX: FA 7E FA E0 6D FE 95 EF 70 81 BF DF | T:825500 RPD:0
[CH: 50] LEN: 12 | HEX: FE 76 FE DF 52 FE 95 FF A1 91 BD BF | T:825530 RPD:0
[CH: 50] LEN: 12 | HEX: FA 76 FA F6 73 D6 95 FF C2 8E BF 7F | T:825560 RPD:1
[CH: 50] LEN: 12 | HEX: F2 76 FE FD 70 FE 95 FF B7 80 AF FB | T:825564 RPD:1
[CH: 50] LEN: 12 | HEX: FA 76 FA FC 71 FE 95 FE EB 65 BA FF | T:825567 RPD:1
[CH: 50] LEN: 12 | HEX: FA 76 F4 FB 76 FE 95 ED 5D 9C BF EF | T:825597 RPD:0
[CH: 50] LEN: 12 | HEX: EA 76 F6 F6 77 FD 95 FE 81 79 BF FF | T:825627 RPD:0
[CH: 50] LEN: 12 | HEX: F2 76 F6 F9 74 F4 95 DE B4 77 7D FF | T:825657 RPD:0
[CH: 50] LEN: 12 | HEX: FE 76 F5 E7 7A FE 95 FF 19 85 BF BD | T:825717 RPD:0
[CH: 50] LEN: 12 | HEX: EA 76 FB F6 7F DB 95 ED 45 60 B6 FF | T:825747 RPD:0
[CH: 50] LEN: 12 | HEX: F2 77 F5 E5 74 F5 95 D7 30 6E BF FF | T:825777 RPD:0
[CH: 50] LEN: 12 | HEX: DA 76 EA E2 79 7D 95 DD 06 97 3A BB | T:825867 RPD:0
[CH: 50] LEN: 12 | HEX: F2 76 FE F1 78 FE 95 FF 73 99 BF D6 | T:825897 RPD:0
[CH: 50] LEN: 12 | HEX: F2 76 FC EF 62 F5 95 EF 01 96 BE DF | T:825957 RPD:0
[CH: 50] LEN: 12 | HEX: FE 76 FD EE 63 EF 95 FF DD 73 AF BF | T:825987 RPD:0
[CH: 50] LEN: 12 | HEX: FA 76 D4 ED 60 F4 95 EF 68 75 BF FF | T:826017 RPD:0
[CH: 50] LEN: 12 | HEX: F2 76 EE EC 61 FD 95 DE F4 98 BF FF | T:826047 RPD:0
[CH: 50] LEN: 12 | HEX: FA 76 EE EB 66 EE 95 FF 42 61 B5 7F | T:826077 RPD:0
[CH: 50] LEN: 12 | HEX: FA 7B FE 00 81 FE 95 FF EF EF BF AF | T:826304 RPD:1
[CH: 50] LEN: 12 | HEX: F5 77 F4 EE DC 70 95 DE F6 7B BB DE | T:826335 RPD:1
[CH: 50] LEN: 12 | HEX: F9 77 DD F7 F4 73 95 FF 41 ED BF FF | T:826338 RPD:1
[CH: 50] LEN: 12 | HEX: F1 77 5E F4 FE 70 95 F6 F6 7F BF BF | T:826341 RPD:1
[CH: 50] LEN: 12 | HEX: E9 77 FA EB FC 73 95 F5 41 DD BF BF | T:826352 RPD:1
[CH: 50] LEN: 12 | HEX: FD 77 F6 FD FD 73 95 FE 81 FF BF FF | T:826353 RPD:1
[CH: 50] LEN: 12 | HEX: F9 77 F4 FE F6 70 95 FE F6 7E AE 7F | T:826364 RPD:1
[CH: 50] LEN: 12 | HEX: F9 77 DC E9 FF 73 D5 D5 41 D5 B7 77 | T:826364 RPD:0
[CH: 50] LEN: 12 | HEX: F1 77 FB FA FE 70 95 EE F6 75 B7 FE | T:826375 RPD:1
[CH: 50] LEN: 12 | HEX: E9 77 DE F4 FE 70 95 EF 76 7F 75 FF | T:826387 RPD:1
[CH: 50] LEN: 12 | HEX: E9 77 DC FB FA 73 95 EB C1 FD BF FB | T:826387 RPD:0
[CH: 50] LEN: 12 | HEX: E9 77 BA F5 FE 70 95 D6 F6 7B BF EF | T:826398 RPD:1
[CH: 50] LEN: 12 | HEX: F5 77 F4 FE FE 70 95 EF 76 7D 3F FF | T:826399 RPD:0
[CH: 50] LEN: 12 | HEX: F9 77 FA FD F6 73 95 FF 41 FD BF 3D | T:826410 RPD:1
[CH: 50] LEN: 12 | HEX: F5 77 7A F6 FE 70 95 FE F6 7D 7F DF | T:826421 RPD:1
[CH: 50] LEN: 12 | HEX: F5 77 D4 A1 14 42 15 0A C1 0D 3D 6A | T:826421 RPD:0
[CH: 50] LEN: 12 | HEX: F9 77 56 EE F6 70 95 EE F6 77 7F ED | T:826433 RPD:1
[CH: 50] LEN: 12 | HEX: F9 77 D4 FB FD 73 95 DD 41 F5 BF FB | T:826433 RPD:0
[CH: 50] LEN: 12 | HEX: F9 77 FA FE FE 70 95 EE 76 7E BB FE | T:826444 RPD:1
[CH: 50] LEN: 12 | HEX: F9 77 5A F5 EE 73 95 FD 41 D5 BD F7 | T:826445 RPD:0
[CH: 50] LEN: 12 | HEX: F9 77 7C FE F4 70 95 FF 76 7F FF B7 | T:826456 RPD:1
[CH: 50] LEN: 12 | HEX: F9 77 FA FD FE 73 95 FE 81 F5 AF DF | T:826467 RPD:1
[CH: 50] LEN: 12 | HEX: F1 77 FA FE FE 70 95 FE F6 77 77 FF | T:826467 RPD:0
[CH: 50] LEN: 12 | HEX: F9 77 7E FD FC 73 95 EF 41 FD B7 BD | T:826479 RPD:1
[CH: 50] LEN: 12 | HEX: F1 77 5C FD D6 73 95 FE 81 FD BF FB | T:826479 RPD:0
[CH: 50] LEN: 12 | HEX: F9 77 7E FE FA 70 95 F7 76 77 7F DF | T:826490 RPD:1
[CH: 50] LEN: 12 | HEX: F9 77 FA FB FE 73 95 EF C1 E9 AB 7D | T:826491 RPD:0
[CH: 50] LEN: 12 | HEX: F9 77 74 FE FE 70 95 D7 76 7E BF FE | T:826502 RPD:1
[CH: 50] LEN: 12 | HEX: F1 77 5E F6 F6 70 95 EF 76 7F BF FF | T:826513 RPD:1
[CH: 50] LEN: 12 | HEX: FD 77 7E ED ED 73 95 EE C1 F9 BF FF | T:826513 RPD:0
[CH: 50] LEN: 12 | HEX: F5 77 7E FC F6 70 95 EE 76 7B BB B7 | T:826525 RPD:1
[CH: 50] LEN: 12 | HEX: F9 77 F5 FE EE 70 95 DD 76 7F BB FB | T:826525 RPD:0
[CH: 50] LEN: 12 | HEX: F5 77 7E FF FE 73 95 FF C1 E9 BE FB | T:826536 RPD:1
[CH: 50] LEN: 12 | HEX: F5 77 BE FE FE 70 95 FD 76 7F FF BB | T:826548 RPD:1
[CH: 50] LEN: 12 | HEX: F9 77 DE F5 FD 73 95 EE 81 D9 BD ED | T:826548 RPD:0
[CH: 50] LEN: 12 | HEX: F5 77 FA F6 FA 70 95 FD 76 7F 7F 77 | T:826559 RPD:1
[CH: 50] LEN: 12 | HEX: FD 77 EF EE F6 70 95 DD 76 7F 7B FF | T:826559 RPD:0
[CH: 50] LEN: 12 | HEX: F9 77 FA F9 DF 73 95 D7 C1 F9 BF FF | T:826571 RPD:1
[CH: 50] LEN: 12 | HEX: F5 77 F4 FD EE 73 95 D5 41 A9 BF EF | T:826571 RPD:0
[CH: 50] LEN: 12 | HEX: F5 77 5E FC F6 70 95 DE F6 77 7F 66 | T:826582 RPD:1
[CH: 50] LEN: 12 | HEX: F5 77 FA FD EE 73 95 FF 41 FD BF FF | T:826594 RPD:1
[CH: 50] LEN: 12 | HEX: F9 77 BE FA FA 70 95 FE F6 7F 7F DF | T:826594 RPD:0
[CH: 50] LEN: 12 | HEX: F5 77 FC FD EF 73 95 FE 81 FD BF EF | T:826605 RPD:1
[CH: 50] LEN: 12 | HEX: F9 77 FE FA FA 70 95 FF 76 77 7F EF | T:826605 RPD:0
[CH: 50] LEN: 12 | HEX: F9 77 FE FD FE 73 95 F7 C1 DB BB 7D | T:826617 RPD:1
[CH: 50] LEN: 12 | HEX: F9 77 76 EA EA 70 95 FE F6 77 7F FF | T:826617 RPD:0
[CH: 50] LEN: 12 | HEX: F1 77 AD FB FD 73 95 FE C1 FD BF 7F | T:826628 RPD:1
[CH: 50] LEN: 12 | HEX: F9 77 5E FF FD 73 95 FD 41 ED BF FF | T:826639 RPD:1
[CH: 50] LEN: 12 | HEX: F9 77 7A F4 FE 70 95 EE 76 7D AE F5 | T:826640 RPD:0
[CH: 50] LEN: 12 | HEX: E9 77 5E FB FE 70 95 FD 76 76 BF EF | T:826651 RPD:1
[CH: 50] LEN: 12 | HEX: F9 77 FE FE F4 70 95 EB 76 FF 7F BF | T:826651 RPD:0
[CH: 50] LEN: 12 | HEX: F9 77 F4 FD FF 73 95 EF 41 FD BB FF | T:826663 RPD:1
[CH: 50] LEN: 12 | HEX: FD 77 76 FE F6 70 95 EF F6 77 75 EF | T:826663 RPD:0
[CH: 50] LEN: 12 | HEX: ED 77 76 ED DD 73 95 DD C1 D5 BB FD | T:826674 RPD:1
[CH: 50] LEN: 12 | HEX: F9 77 FE F6 FE 70 95 F6 F6 7F AF FB | T:826685 RPD:1
[CH: 50] LEN: 12 | HEX: ED 77 76 F5 EE 73 95 FF C1 D5 AF EF | T:826686 RPD:0
[CH: 50] LEN: 12 | HEX: F5 77 7E FC EC 70 95 FD 76 77 7F 7F | T:826697 RPD:1
[CH: 50] LEN: 12 | HEX: FD 77 76 FC FF 70 95 FE 76 7F 7F BF | T:826697 RPD:0
[CH: 50] LEN: 12 | HEX: F9 77 BC FD FE 73 95 DB C1 ED AF EF | T:826709 RPD:1
[CH: 50] LEN: 12 | HEX: F5 77 FE F5 EE 73 95 ED 41 FD BF F4 | T:826720 RPD:1
[CH: 50] LEN: 12 | HEX: F9 77 76 FE EE 70 95 EF 76 7F 7F 5F | T:826720 RPD:0
[CH: 50] LEN: 12 | HEX: F5 77 BE FD EE 73 95 FA C1 FD BF EE | T:826731 RPD:1
[CH: 50] LEN: 12 | HEX: F9 77 F4 FD FE 73 95 FE C1 ED B5 FF | T:826732 RPD:0
[CH: 50] LEN: 12 | HEX: F5 77 AC FE EE 70 95 DF 76 7B BB 6F | T:826743 RPD:1
[CH: 50] LEN: 12 | HEX: F9 77 F6 ED FD 73 95 FE C1 ED BF FB | T:826743 RPD:0
[CH: 50] LEN: 12 | HEX: F5 77 FC FF FE 70 95 EB 76 7F 77 FF | T:826755 RPD:1
[CH: 50] LEN: 12 | HEX: F9 77 FA FD D6 73 95 ED 41 FD AF FB | T:826766 RPD:1
[CH: 50] LEN: 12 | HEX: F5 77 74 FE FE 70 95 FD 76 7F B7 FD | T:826766 RPD:0
[CH: 50] LEN: 12 | HEX: F9 77 F4 FD FC 73 95 FE C1 F5 BF EF | T:826777 RPD:1
[CH: 50] LEN: 12 | HEX: E9 77 6A F6 EA 70 95 ED 76 77 7D 7B | T:826778 RPD:0
[CH: 50] LEN: 12 | HEX: E9 77 FA F5 DE 73 95 FD C1 ED AF EF | T:826789 RPD:1
[CH: 50] LEN: 12 | HEX: F1 77 DE FE FE 70 95 FD 76 77 7F 7A | T:826789 RPD:0
[CH: 50] LEN: 12 | HEX: F5 77 DE FD FE 73 95 ED C1 F5 BB FF | T:826801 RPD:1
[CH: 50] LEN: 12 | HEX: F5 77 EA F6 EE 70 95 DD 76 7B 7F FE | T:826812 RPD:1
[CH: 50] LEN: 12 | HEX: F9 77 FC F5 FD 73 95 ED C1 FD BF 5F | T:826812 RPD:0
[CH: 50] LEN: 12 | HEX: F5 77 BE F6 FA 70 95 DD 76 7B 6F EF | T:826823 RPD:0
[CH: 50] LEN: 12 | HEX: F5 77 EA F6 FE 70 95 FE F6 7F 7D F5 | T:826832 RPD:1
[CH: 50] LEN: 12 | HEX: F5 77 BA FD FF 73 95 EF C1 FD BB FD | T:826835 RPD:1
[CH: 50] LEN: 12 | HEX: F5 77 FA FA F6 70 95 EF 76 7B 7F 7D | T:826846 RPD:1
[CH: 50] LEN: 12 | HEX: F1 77 DD F5 F5 73 95 EE 81 F5 BF FE | T:826846 RPD:0
[CH: 50] LEN: 12 | HEX: F5 77 76 EE EE 70 95 FE F6 7F BD FF | T:826857 RPD:1
[CH: 50] LEN: 12 | HEX: F1 77 7E F5 FA 73 15 FD C1 FB BB D6 | T:826858 RPD:0
[CH: 50] LEN: 12 | HEX: F5 77 7E FE FE 70 95 DF 76 7B 77 FB | T:826869 RPD:1
[CH: 50] LEN: 12 | HEX: F9 77 F6 ED EA 73 95 FD 41 DD BB FF | T:826869 RPD:1
[CH: 50] LEN: 12 | HEX: F1 77 F6 FE EE 70 95 F7 76 7F BF 7B | T:826881 RPD:1
[CH: 50] LEN: 12 | HEX: F1 77 74 FD DE 73 95 D5 41 E9 AF EF | T:826892 RPD:1
[CH: 50] LEN: 12 | HEX: F5 77 F9 EE FE 70 95 DD 76 75 7F DF | T:826902 RPD:1
[CH: 50] LEN: 12 | HEX: E9 77 7E ED EF 73 95 DF C1 F9 FF FF | T:826905 RPD:1
[CH: 50] LEN: 12 | HEX: E9 77 FA FE FE 70 95 FD 76 7E BD EF | T:826908 RPD:1
[CH: 50] LEN: 12 | HEX: F5 77 EE FD FF 73 95 DD C1 FB BF 7F | T:826919 RPD:1
[CH: 50] LEN: 12 | HEX: F1 77 FA F6 FD 70 95 DF 7E 7F BF FF | T:826919 RPD:0
[CH: 50] LEN: 12 | HEX: F5 77 FA F5 FD 73 95 F7 41 ED AF FD | T:826930 RPD:1
[CH: 50] LEN: 12 | HEX: E9 77 FD FE FE 70 95 F7 F6 7B BF D7 | T:826931 RPD:0
[CH: 50] LEN: 12 | HEX: F9 77 DE FD FF 73 95 ED C1 FD BE FD | T:826942 RPD:0
[CH: 50] LEN: 12 | HEX: F5 77 FD F6 FE 70 95 FE F6 7B BF 7F | T:826953 RPD:1
[CH: 50] LEN: 12 | HEX: F5 77 BA F5 EE 73 95 FF C1 DD BF BF | T:826954 RPD:0
[CH: 50] LEN: 12 | HEX: F5 77 EE EE EE 70 95 EB 76 77 BD BE | T:826965 RPD:1
[CH: 50] LEN: 12 | HEX: F5 77 AD FD FE 70 95 FD 76 7F 3F 77 | T:826965 RPD:0
[CH: 50] LEN: 12 | HEX: F9 77 7A FD FF 73 95 FE 81 FD BF FE | T:826976 RPD:1
[CH: 50] LEN: 12 | HEX: F9 77 F6 F6 ED 70 95 FF 76 76 BE F6 | T:826988 RPD:1
[CH: 50] LEN: 12 | HEX: F9 77 FE FD FE 73 95 D5 41 AB BF 7E | T:826988 RPD:0
[CH: 50] LEN: 12 | HEX: F9 77 76 F6 FE 70 95 EE F6 7F BF F7 | T:826999 RPD:1
[CH: 50] LEN: 12 | HEX: F9 77 DC F4 F6 70 95 FF F6 7D BF FF | T:827000 RPD:0
[CH: 50] LEN: 12 | HEX: F9 77 BE F5 DE 73 95 F5 C1 FD AF FA | T:827011 RPD:1
[CH: 50] LEN: 12 | HEX: E9 77 7E F6 EE 70 95 EE F6 77 FE FF | T:827011 RPD:0
[CH: 50] LEN: 12 | HEX: F9 77 F4 F5 FD 73 95 FE C1 E9 BF 7F | T:827022 RPD:1
[CH: 50] LEN: 12 | HEX: E9 77 FA FB FE 73 95 EB C1 FB AF EF | T:827034 RPD:1
[CH: 50] LEN: 12 | HEX: E9 77 BA EE FE 70 95 FD 76 77 BF BD | T:827034 RPD:0
[CH: 50] LEN: 12 | HEX: F1 77 7E ED FC 73 95 DD C1 DD B7 ED | T:827045 RPD:1
[CH: 50] LEN: 12 | HEX: F9 77 AB F5 DD 73 95 FD 41 FD BE F7 | T:827046 RPD:0
[CH: 50] LEN: 12 | HEX: E9 77 F4 FE EA 70 95 FF 76 7F BB FB | T:827057 RPD:1
[CH: 50] LEN: 12 | HEX: F9 77 FD FD F6 73 95 EB C1 F5 BD BE | T:827057 RPD:0
[CH: 50] LEN: 12 | HEX: F9 77 DD FE FE 70 95 FC 76 7B 3F FF | T:827068 RPD:1
[CH: 50] LEN: 12 | HEX: ED 77 FA F5 EE 73 95 EF C1 ED BF 37 | T:827080 RPD:1
[CH: 50] LEN: 12 | HEX: F5 77 DC FF F6 70 95 EF 76 7D 3D F7 | T:827080 RPD:0
[CH: 50] LEN: 12 | HEX: F9 77 F6 F6 FE 70 95 FF F6 7B 3E FE | T:827091 RPD:1
[CH: 50] LEN: 12 | HEX: F5 77 F4 F4 F4 70 95 EA F6 7F EF FD | T:827091 RPD:0
[CH: 50] LEN: 12 | HEX: E9 77 FA FF FF 73 95 FE C1 ED BF FF | T:827103 RPD:0
[CH: 50] LEN: 12 | HEX: F5 77 BA F6 FE 70 95 EE 76 7F BB FB | T:827114 RPD:1
[CH: 50] LEN: 12 | HEX: F1 77 54 E9 F6 73 95 FF C1 DD B6 ED | T:827114 RPD:1
[CH: 50] LEN: 12 | HEX: F9 77 FA F5 FE 70 95 EF 76 7F BF EF | T:827126 RPD:1
[CH: 50] LEN: 12 | HEX: F1 77 F4 F5 FC 73 95 EE C1 F7 AF FB | T:827126 RPD:0
[CH: 50] LEN: 12 | HEX: F5 77 BE FF FA 70 95 FE F6 7F 7F 6E | T:827137 RPD:1
[CH: 50] LEN: 12 | HEX: FD 77 BE F6 EE 70 95 FD 76 7B BF F7 | T:827137 RPD:0
[CH: 50] LEN: 12 | HEX: F9 77 FA FD FE 73 95 F7 C1 ED BF FF | T:827149 RPD:1
[CH: 50] LEN: 12 | HEX: F1 77 DE F4 FE 70 95 EF 76 7D 3B FF | T:827160 RPD:1
[CH: 50] LEN: 12 | HEX: F5 77 FC FD FF 73 95 F7 C1 ED BF 7F | T:827160 RPD:0
[CH: 50] LEN: 12 | HEX: F9 77 BA F4 FE 70 95 FD 76 7F 7D FF | T:827172 RPD:1
[CH: 50] LEN: 12 | HEX: E9 77 F4 F6 F6 70 95 F7 76 7F BF FB | T:827172 RPD:0
[CH: 50] LEN: 12 | HEX: FD 77 BE F5 ED 73 95 FF C1 DB BF FF | T:827183 RPD:1
[CH: 50] LEN: 12 | HEX: F9 77 54 F9 F6 73 95 EF C1 FD BF DF | T:827183 RPD:0
[CH: 50] LEN: 12 | HEX: ED 77 6A EA F6 70 95 DD 76 77 BF BF | T:827195 RPD:1
[CH: 50] LEN: 12 | HEX: F5 67 BA D5 DE 73 95 DD 41 D5 BF 77 | T:827206 RPD:1
[CH: 50] LEN: 12 | HEX: ED 77 D4 EA F6 70 95 DD 76 7F 7F EF | T:827206 RPD:0
[CH: 50] LEN: 12 | HEX: F5 77 F4 FD FE 73 95 FE C1 FD BF EF | T:827218 RPD:0
[CH: 50] LEN: 12 | HEX: F9 77 AF 00 00 71 95 FE 89 06 BA DF | T:827243 RPD:1
[CH: 50] LEN: 12 | HEX: F1 77 BA 00 00 71 95 DD 49 06 BF DF | T:827243 RPD:1
[CH: 50] LEN: 12 | HEX: F0 6D FD 00 F6 FD 96 FF 6C 9D BF FB | T:827273 RPD:1
[CH: 50] LEN: 12 | HEX: E8 6D FF 80 FE FD 96 FF 6C 9E BF FF | T:827274 RPD:1
[CH: 50] LEN: 12 | HEX: F9 77 F5 00 00 71 96 FF 5C 55 BF AF | T:827543 RPD:1
[CH: 50] LEN: 12 | HEX: E9 77 BF 00 00 71 96 F5 5C 55 BF DF | T:827543 RPD:1
[CH: 50] LEN: 12 | HEX: F8 6D EE 00 EE ED 96 EB 6C 9F B7 7F | T:827574 RPD:1
[CH: 50] LEN: 12 | HEX: F1 77 EF 00 00 71 96 F6 9C 55 BE AD | T:827843 RPD:1
[CH: 50] LEN: 12 | HEX: F0 6D EF 00 FF F5 96 F7 6C 9D BF BE | T:827873 RPD:1
[CH: 50] LEN: 12 | HEX: E8 6D ED 00 FD ED 96 EF 6C 9D BB ED | T:827874 RPD:1
[CH: 50] LEN: 12 | HEX: F5 7F 7B 00 00 71 96 FF 9C 55 BE B5 | T:828143 RPD:1
[CH: 50] LEN: 12 | HEX: F8 6D DF 00 FF F5 96 FF 6C 9F BF BF | T:828173 RPD:1
[CH: 50] LEN: 12 | HEX: E8 6D FE 80 FC FB 96 FE 6C 9F B7 CF | T:828173 RPD:1
[CH: 50] LEN: 12 | HEX: F9 77 77 00 00 71 96 F7 1C 55 BF FF | T:828442 RPD:1
[CH: 50] LEN: 12 | HEX: E8 6D DF 00 FE ED 96 F7 6C 9D BF 5F | T:828472 RPD:1
[CH: 50] LEN: 12 | HEX: F2 76 FF 00 8C ED 96 DF 30 78 BE FF | T:828506 RPD:1
[CH: 50] LEN: 12 | HEX: EA 76 FE 80 8C E9 96 D5 30 78 BB F9 | T:828507 RPD:1
[CH: 50] LEN: 12 | HEX: FA 6E EA ED 70 F5 96 EE BB 83 BF DB | T:828541 RPD:0
[CH: 50] LEN: 12 | HEX: F6 76 FE FC 71 E9 96 F7 67 E6 BF ED | T:828544 RPD:0
[CH: 50] LEN: 12 | HEX: EA 76 F6 FF 76 ED 96 F5 51 9F BF 5E | T:828574 RPD:0
[CH: 50] LEN: 12 | HEX: EA 76 EE FE 77 ED 96 F6 8D 76 BF FF | T:828604 RPD:1
[CH: 50] LEN: 12 | HEX: EA 7E ED D8 75 FF 96 FB 24 91 BF 7B | T:828664 RPD:1
[CH: 50] LEN: 12 | HEX: FA 76 EE EE 77 B9 96 FD 49 63 BF DF | T:828724 RPD:1
[CH: 50] LEN: 12 | HEX: F6 76 EA F5 7C FD 96 FE BE 6D B7 77 | T:828754 RPD:1
[CH: 50] LEN: 12 | HEX: EA 76 F6 EC 71 FB 96 FF A0 88 BD FF | T:828784 RPD:1
[CH: 50] LEN: 12 | HEX: FA 76 EE F3 76 FD 96 FF 56 71 BF EF | T:828814 RPD:1
[CH: 50] LEN: 12 | HEX: EA 76 F6 E2 76 BD 96 EF 0A 94 BE EF | T:828844 RPD:1
[CH: 50] LEN: 12 | HEX: EA 76 EA F1 74 F5 96 FD 7A 9A BF FF | T:828874 RPD:1
[CH: 50] LEN: 12 | HEX: FA 76 FE EF 62 ED 96 FE 8D 95 AB 6A | T:828934 RPD:1
[CH: 50] LEN: 12 | HEX: F6 76 FE EE 63 D5 96 F7 51 70 BF FE | T:828964 RPD:1
[CH: 50] LEN: 12 | HEX: F6 76 F6 ED 60 F5 96 FF 64 7E BF BF | T:828993 RPD:0
[CH: 50] LEN: 12 | HEX: FA 6E EC EC 61 FD 96 F7 78 9B B7 ED | T:829023 RPD:0
[CH: 50] LEN: 12 | HEX: FA 76 FE EB 66 ED 96 FF 4E 62 BE FB | T:829053 RPD:0
[CH: 50] LEN: 12 | HEX: FA 76 FD EA 67 BD 96 F5 92 87 BD DD | T:829083 RPD:0
[CH: 50] LEN: 12 | HEX: FA 76 FE E9 64 ED 96 EB D7 89 BF EF | T:829113 RPD:0
[CH: 50] LEN: 12 | HEX: FA 76 F6 E6 6B D5 96 FD 56 9C B5 DD | T:829203 RPD:0
[CH: 50] LEN: 12 | HEX: FA 76 FE E4 69 FD 96 EE FF 6D BF 7F | T:829263 RPD:0
[CH: 50] LEN: 12 | HEX: FA 76 FC E3 6E FD 96 FF C9 8C BF FE | T:829293 RPD:0
[CH: 50] LEN: 12 | HEX: FA 66 FC E1 6C FB 96 F5 E0 67 3F 6E | T:829353 RPD:0
[CH: 50] LEN: 12 | HEX: FA 76 FE DF 52 FD 96 FA AD 92 B7 FE | T:829413 RPD:0
[CH: 50] LEN: 12 | HEX: FA 7E F4 FE 73 EB 96 FF CE 8D B7 B9 | T:829443 RPD:0
[CH: 50] LEN: 12 | HEX: FA 76 FC FD 70 FD 96 F5 7B 83 B7 FF | T:829447 RPD:0
[CH: 50] LEN: 12 | HEX: FA 76 FC FC 71 FD 96 FD 67 66 BF 7F | T:829451 RPD:0
[CH: 50] LEN: 12 | HEX: F2 76 FE FB 76 FD 96 FD 51 9F 7D F7 | T:829481 RPD:0
[CH: 50] LEN: 12 | HEX: F2 76 F4 FA 77 FD 96 FF 8D 7A BF EE | T:829511 RPD:0
[CH: 50] LEN: 12 | HEX: FA 76 F6 F9 74 F5 96 FF E8 74 BF 66 | T:829541 RPD:0
[CH: 50] LEN: 12 | HEX: FA 76 FA F8 75 FD 96 F5 24 91 BB FD | T:829571 RPD:0
[CH: 50] LEN: 12 | HEX: FA 76 FE F6 7B FD 96 FF 49 63 BB DF | T:829631 RPD:0
[CH: 50] LEN: 12 | HEX: FE 76 FE F5 78 F5 96 FF 3C 6D BF FF | T:829661 RPD:0
[CH: 50] LEN: 12 | HEX: FA 76 FC F4 71 F9 96 FF E0 88 BB FF | T:829691 RPD:0
[CH: 50] LEN: 12 | HEX: F6 76 FE F2 7B F5 96 FF 0A 94 BF 7F | T:829751 RPD:1
[CH: 50] LEN: 12 | HEX: FA 76 FE F1 7C F5 96 F7 7F 9A BF FF | T:829781 RPD:1
[CH: 50] LEN: 12 | HEX: FA 7B FF 80 81 ED 96 FF E3 FC BE BB | T:829986 RPD:1
[CH: 50] LEN: 12 | HEX: FA 7B EE 00 81 FD 96 FD 63 FE B7 ED | T:829986 RPD:1
[CH: 50] LEN: 12 | HEX: F1 77 FF FA FC 70 96 FF 23 2C BF 75 | T:830017 RPD:1
[CH: 50] LEN: 12 | HEX: F9 77 BD FD FE 63 96 F5 14 AE BF FE | T:830020 RPD:1
[CH: 50] LEN: 12 | HEX: F1 77 FE FE FE 70 96 FF 23 2C BB FF | T:830023 RPD:1
[CH: 50] LEN: 12 | HEX: F9 7F DE FC FE 70 96 FF 23 2C BF 7B | T:830034 RPD:1
[CH: 50] LEN: 12 | HEX: F9 77 FE FD EA 73 96 FF 94 AE AB 7F | T:830035 RPD:1
[CH: 50] LEN: 12 | HEX: F1 77 FE F5 FE 73 96 FD 94 AE BD FB | T:830046 RPD:1
[CH: 50] LEN: 12 | HEX: F9 77 FE FE FE 70 96 FF 23 2C B5 FF | T:830046 RPD:0
[CH: 50] LEN: 12 | HEX: F9 77 D4 F9 F4 73 96 FF 94 AE BD FF | T:830058 RPD:1
[CH: 50] LEN: 12 | HEX: F9 77 FE FE FE 70 96 FF 23 2C BF BB | T:830069 RPD:1
[CH: 50] LEN: 12 | HEX: F9 77 BD F9 FE 73 96 FF 94 AE BD EF | T:830069 RPD:0
[CH: 50] LEN: 12 | HEX: F9 77 FE FC FC 70 96 FF 23 2C BF DF | T:830080 RPD:1
[CH: 50] LEN: 12 | HEX: F9 77 DE FE EB 70 96 FA 23 2C BF FB | T:830081 RPD:0
[CH: 50] LEN: 12 | HEX: F9 77 D6 FD FE 73 96 FA 94 AE BD DC | T:830092 RPD:1
[CH: 50] LEN: 12 | HEX: F9 77 FE FA FA 78 96 EA 23 2C BB FF | T:830103 RPD:1
[CH: 50] LEN: 12 | HEX: F9 77 FE FE EE 70 96 FB 23 2C B7 EF | T:830103 RPD:0
[CH: 50] LEN: 12 | HEX: F9 77 BB FE EA 70 96 FF 23 2C B5 FE | T:830115 RPD:1
[CH: 50] LEN: 12 | HEX: F9 77 FD FD DE 73 96 F5 94 AE BF FA | T:830115 RPD:0
[CH: 50] LEN: 12 | HEX: F9 77 FE FE FE 70 96 FB 23 2C BD 7D | T:830126 RPD:1
[CH: 50] LEN: 12 | HEX: F1 77 FE F9 FE 73 96 F7 14 AE BE EB | T:830127 RPD:0
[CH: 50] LEN: 12 | HEX: F9 77 FD F5 FE 70 96 FF 23 2C BA FF | T:830138 RPD:0
[CH: 50] LEN: 12 | HEX: F9 77 FE FD FF 73 96 FF 94 AE BF D6 | T:830149 RPD:1
[CH: 50] LEN: 12 | HEX: F1 77 BB FE FA 70 96 FD 23 2C BF FF | T:830149 RPD:0
[CH: 50] LEN: 12 | HEX: F9 77 D4 FD F6 73 96 F5 54 AE BF FE | T:830161 RPD:1
[CH: 50] LEN: 12 | HEX: F9 77 FE FD FE 70 96 F7 23 2C BF DD | T:830161 RPD:0
[CH: 50] LEN: 12 | HEX: F9 77 FE FB FE 73 96 F7 D4 AE BF FF | T:830172 RPD:1
[CH: 50] LEN: 12 | HEX: F9 77 FD F5 EE 73 96 FF 94 AE BD F7 | T:830173 RPD:0
[CH: 50] LEN: 12 | HEX: F9 77 EE FE F6 70 96 FF 23 2C BF FF | T:830184 RPD:0
[CH: 50] LEN: 12 | HEX: F9 77 DF FE FE 70 96 FF 23 2C BF F7 | T:830195 RPD:0
[CH: 50] LEN: 12 | HEX: F9 77 DC FE FE 70 96 FF 23 2C BB BD | T:830195 RPD:0
[CH: 50] LEN: 12 | HEX: F9 77 FE F4 FB 70 96 FF 23 2C BE 7E | T:830207 RPD:1
[CH: 50] LEN: 12 | HEX: F9 77 FE FA BE 70 96 FF 23 2C BE FF | T:830207 RPD:0
[CH: 50] LEN: 12 | HEX: F1 77 FA F5 DC 73 96 EB D4 AE AD ED | T:830218 RPD:0
[CH: 50] LEN: 12 | HEX: F9 77 F9 FA FA 70 96 FF 23 2C BF BD | T:830230 RPD:0
[CH: 50] LEN: 12 | HEX: F9 77 7E F5 FB 63 96 FF 14 AC BF FB | T:830230 RPD:0
[CH: 50] LEN: 12 | HEX: F1 77 DE F4 FE 70 96 FB 23 2C BF F7 | T:830241 RPD:0
[CH: 50] LEN: 12 | HEX: F9 77 5E F4 EA 70 96 FF 23 2C BD F9 | T:830241 RPD:0
[CH: 50] LEN: 12 | HEX: F5 77 FD FD FD 73 96 FE 94 AE BF B6 | T:830253 RPD:0
[CH: 50] LEN: 12 | HEX: F9 77 FD FD FC 73 96 FF 54 AE BF FF | T:830253 RPD:0
[CH: 50] LEN: 12 | HEX: F9 77 54 F5 FE 73 16 FF 54 AE BF F7 | T:830264 RPD:0
[CH: 50] LEN: 12 | HEX: F5 77 BB F5 DC 73 96 F7 54 AE B7 BF | T:830276 RPD:0
[CH: 50] LEN: 12 | HEX: F9 77 AD FA FF 70 96 FB 23 2C B7 6E | T:830276 RPD:0
[CH: 50] LEN: 12 | HEX: F9 77 F4 F9 FE 73 96 FF 54 AE BF 6F | T:830287 RPD:0
[CH: 50] LEN: 12 | HEX: F9 77 BA F9 EE 73 96 F7 14 AE BF FF | T:830287 RPD:0
[CH: 50] LEN: 12 | HEX: F9 77 7C F6 FE 70 96 FF 23 2C BD FF | T:830299 RPD:0
[CH: 50] LEN: 12 | HEX: F1 77 F6 FD F6 73 96 FF 54 AE BF 77 | T:830299 RPD:0
[CH: 50] LEN: 12 | HEX: E9 77 BE EE FE 70 96 F7 23 2C BF BF | T:830310 RPD:0
[CH: 50] LEN: 12 | HEX: F5 77 F6 FD FE 73 96 FD 94 AE B7 D7 | T:830322 RPD:0
[CH: 50] LEN: 12 | HEX: F9 77 EA FD F6 73 96 FF 54 AE BF BF | T:830322 RPD:0
[CH: 50] LEN: 12 | HEX: F5 77 6E FF FA 70 96 FF 23 2C BF DF | T:830333 RPD:0
[CH: 50] LEN: 12 | HEX: E9 77 F6 ED EE 70 96 FE A3 2C BF FF | T:830333 RPD:0
[CH: 50] LEN: 12 | HEX: F9 77 BE FB FF 73 96 F7 54 AE BF EF | T:830345 RPD:0
[CH: 50] LEN: 12 | HEX: E9 77 DA FA FE 70 96 FE A3 2C BB EF | T:830345 RPD:0
[CH: 50] LEN: 12 | HEX: F9 77 B4 E9 EC F3 96 EE 94 AE BF BF | T:830356 RPD:0
[CH: 50] LEN: 12 | HEX: F1 77 76 FE F6 70 96 FA 23 2C BE DF | T:830367 RPD:0
[CH: 50] LEN: 12 | HEX: F5 77 FA F5 ED 73 96 F6 94 AE BF FB | T:830368 RPD:0
[CH: 50] LEN: 12 | HEX: E9 77 EE F6 FE 70 96 FF 23 2C BF FD | T:830379 RPD:0
[CH: 50] LEN: 12 | HEX: F9 77 FA F4 F5 70 96 F7 23 2C BF FE | T:830379 RPD:0
[CH: 50] LEN: 12 | HEX: F9 77 BD F5 EA 73 96 EE 94 AE BF F7 | T:830391 RPD:0
[CH: 50] LEN: 12 | HEX: F9 77 F4 F5 FD 73 96 F7 54 AE BE DF | T:830402 RPD:0
[CH: 50] LEN: 12 | HEX: F5 77 7A FE FF 70 96 FF 23 2C BF BF | T:830402 RPD:0
[CH: 50] LEN: 12 | HEX: E9 77 BE FD FA 73 96 EF 54 AE BB FF | T:830413 RPD:0
[CH: 50] LEN: 12 | HEX: F5 77 BA FD FA 73 96 FF 14 AE BF 6F | T:830414 RPD:0
[CH: 50] LEN: 12 | HEX: E9 77 BA ED FA 70 96 F7 23 2C BB AE | T:830425 RPD:0
[CH: 50] LEN: 12 | HEX: F5 77 F6 ED FE 73 96 FE 94 AE B7 FB | T:830425 RPD:0
[CH: 50] LEN: 12 | HEX: F5 77 B6 FE FC 70 96 F7 23 2C BD FD | T:830437 RPD:0
[CH: 50] LEN: 12 | HEX: F1 77 FE F9 FD 73 96 FE 94 AE BB BF | T:830448 RPD:0
[CH: 50] LEN: 12 | HEX: E9 77 FA F6 F6 70 96 FB 23 2C BF B7 | T:830448 RPD:0
[CH: 50] LEN: 12 | HEX: F1 77 B6 ED DE 63 96 EE 94 AE AF FF | T:830459 RPD:0
[CH: 50] LEN: 12 | HEX: F5 77 BA EE F6 70 96 FE A3 2C B5 B4 | T:830460 RPD:0
[CH: 50] LEN: 12 | HEX: F1 77 F4 F5 DA 73 96 EF 94 AE BF FF | T:830471 RPD:0
[CH: 50] LEN: 12 | HEX: F1 77 FE F6 F6 70 96 FF A3 2C BF 36 | T:830471 RPD:0
[CH: 50] LEN: 12 | HEX: FD 77 BE DD FE 70 96 FF 23 2C BF 5F | T:830483 RPD:0
[CH: 50] LEN: 12 | HEX: F5 77 BB F5 D6 73 96 EE 94 AE BF FF | T:830494 RPD:0
[CH: 50] LEN: 12 | HEX: F9 77 6A ED D6 73 16 FD 14 AE BF 6F | T:830494 RPD:0
[CH: 50] LEN: 12 | HEX: F5 77 FE EE FE 70 96 FB 23 2C BF EF | T:830505 RPD:0
[CH: 50] LEN: 12 | HEX: E9 77 BC ED FA 73 96 EE 94 AE BD FF | T:830506 RPD:0
[CH: 50] LEN: 12 | HEX: F5 77 FA FC EE 70 96 EE A3 2C BF F7 | T:830517 RPD:0
[CH: 50] LEN: 12 | HEX: F9 77 FC EE EA 70 96 F6 A3 2C B3 DF | T:830528 RPD:0
[CH: 50] LEN: 12 | HEX: F9 67 F6 E9 FB 73 96 FB 94 AE BD EF | T:830529 RPD:0
[CH: 50] LEN: 12 | HEX: F9 77 FD F5 EC 73 96 FE 94 AE BF D7 | T:830540 RPD:0
[CH: 50] LEN: 12 | HEX: F1 77 74 ED DD 73 96 D7 14 AE BF F6 | T:830540 RPD:0
[CH: 50] LEN: 12 | HEX: E9 77 74 FE FE 70 96 F7 23 2C BE FB | T:830551 RPD:0
[CH: 50] LEN: 12 | HEX: F9 77 FA FD EE 73 96 F7 94 AE BF 6F | T:830552 RPD:0
[CH: 50] LEN: 12 | HEX: F5 77 F4 F6 F6 70 96 FE A3 2C BF FE | T:830563 RPD:0
[CH: 50] LEN: 12 | HEX: F9 77 7A F5 FA 73 96 FF D4 AE BD 7F | T:830574 RPD:0
[CH: 50] LEN: 12 | HEX: F9 77 F4 F6 FA 70 96 F7 A3 2C BF FF | T:830575 RPD:1
[CH: 50] LEN: 12 | HEX: E9 77 5E FB D5 73 96 FF 94 AE B7 FF | T:830586 RPD:0
[CH: 50] LEN: 12 | HEX: F5 77 BE FE FE 70 96 FE A3 2C BF FF | T:830586 RPD:0
[CH: 50] LEN: 12 | HEX: F5 77 F6 FD FC 73 96 FF 54 AE BD EF | T:830597 RPD:0
[CH: 50] LEN: 12 | HEX: FD 77 5E FE ED 70 96 FD 23 2C BF FD | T:830598 RPD:0
[CH: 50] LEN: 12 | HEX: E9 77 DE FD DD 73 96 FB 94 AE BF FA | T:830609 RPD:0
[CH: 50] LEN: 12 | HEX: F5 77 DC FA F4 70 96 FE 23 2C BF 7F | T:830620 RPD:0
[CH: 50] LEN: 12 | HEX: F5 77 5C FD DF 73 96 FF 54 AE B7 FF | T:830620 RPD:0
[CH: 50] LEN: 12 | HEX: ED 77 BE EC FE 78 96 FA 23 2C BF EE | T:830632 RPD:0
[CH: 50] LEN: 12 | HEX: F5 77 76 EE FE 70 96 F6 A3 2C BF FE | T:830632 RPD:0
[CH: 50] LEN: 12 | HEX: F9 77 EE ED FE 73 96 FE 94 AE BF FF | T:830643 RPD:0
[CH: 50] LEN: 12 | HEX: FD 77 B6 F4 FE 70 96 FB 23 2C BE FD | T:830655 RPD:0
[CH: 50] LEN: 12 | HEX: F1 77 76 ED FD 73 96 FB D4 AE BF FE | T:830655 RPD:0
[CH: 50] LEN: 12 | HEX: F5 77 F4 FD FE 70 96 F6 A3 2C BF FF | T:830666 RPD:0
[CH: 50] LEN: 12 | HEX: F9 77 FD FE ED 70 96 FE A3 2C BD F7 | T:830666 RPD:0
[CH: 50] LEN: 12 | HEX: F9 77 6E FD D7 73 96 FB 94 AE BF AE | T:830678 RPD:0
[CH: 50] LEN: 12 | HEX: F9 77 FA EE EE 70 96 EF 23 2C B5 54 | T:830678 RPD:0
[CH: 50] LEN: 12 | HEX: F9 77 FE FD FE 73 96 F6 94 AE BD FF | T:830689 RPD:0
[CH: 50] LEN: 12 | HEX: FB 77 7E E9 EE 73 96 FF 54 AE BF FF | T:830701 RPD:0
[CH: 50] LEN: 12 | HEX: F5 77 BA F6 F6 70 96 FF 23 2C BD DC | T:830701 RPD:0
[CH: 50] LEN: 12 | HEX: E9 77 BC ED EE 73 96 EF 94 AE BE FB | T:830712 RPD:0
[CH: 50] LEN: 12 | HEX: F1 77 FD FE FE 70 96 F7 23 2C BB FB | T:830712 RPD:0
[CH: 50] LEN: 12 | HEX: F9 77 F6 FD DD 73 96 ED 94 AE BD EF | T:830724 RPD:0
[CH: 50] LEN: 12 | HEX: F9 77 FD 00 00 71 96 F7 DC 55 BD EF | T:830744 RPD:0
[CH: 50] LEN: 12 | HEX: FD 77 F7 00 00 71 96 FE 9C 55 BF AE | T:830745 RPD:0
[CH: 50] LEN: 12 | HEX: F8 6D DF 00 EE ED 96 FC EC 9F BB 7B | T:830774 RPD:0
[CH: 50] LEN: 12 | HEX: F8 6D FF 00 EA FF 96 FF 6C 9F AD FD | T:830775 RPD:0
[CH: 50] LEN: 12 | HEX: F5 77 7F 00 00 71 96 F7 5C 55 BE FF | T:831044 RPD:0
[CH: 50] LEN: 12 | HEX: F5 77 F7 00 00 71 96 FF 98 55 B7 77 | T:831044 RPD:1
[CH: 50] LEN: 12 | HEX: F8 6D FF 00 EE FB 96 FF 6C 9D BF ED | T:831074 RPD:0
[CH: 50] LEN: 12 | HEX: F9 77 F7 00 00 71 96 FE 9E 55 BE EB | T:831344 RPD:0
[CH: 50] LEN: 12 | HEX: E8 6D DD 00 EE FD 96 F6 6C 9F AF 7F | T:831374 RPD:0
[CH: 50] LEN: 12 | HEX: F4 6D EF 00 EA F5 96 FF 6C 9E BF DF | T:831375 RPD:0
[CH: 50] LEN: 12 | HEX: F9 77 BB 00 00 71 96 EF 1C 55 BD BF | T:831643 RPD:1
[CH: 50] LEN: 12 | HEX: F5 67 7F 00 00 71 96 EE 9C 55 BE FF | T:831644 RPD:1
[CH: 50] LEN: 12 | HEX: F4 6D EE 00 ED FB 96 F7 6C 9E BF EF | T:831674 RPD:1
[CH: 50] LEN: 12 | HEX: F0 6D BD 00 FE E9 96 EF 6C 9D 3E BF | T:831674 RPD:1
[CH: 50] LEN: 12 | HEX: F2 76 F7 80 8C FD 96 FB 30 70 BF 7F | T:831768 RPD:1
[CH: 50] LEN: 12 | HEX: EA 76 F6 EE 73 BD 96 EE CE 8D AF FF | T:831799 RPD:1
[CH: 50] LEN: 12 | HEX: EA 6E EE FD 70 ED 96 FF 3B 83 BF FF | T:831802 RPD:1
[CH: 50] LEN: 12 | HEX: F2 76 FE FC 71 D5 96 F6 E7 66 BB BF | T:831806 RPD:1
[CH: 50] LEN: 12 | HEX: F6 76 F6 F3 76 F5 96 F5 51 9D 3F F5 | T:831836 RPD:1
[CH: 50] LEN: 12 | HEX: EA 76 EA F6 77 F5 96 FF 8D 76 AD A7 | T:831866 RPD:1
[CH: 50] LEN: 12 | HEX: FA 76 EC F5 74 FF 96 EF FC 74 BF BF | T:831896 RPD:1
[CH: 50] LEN: 12 | HEX: FA 76 F4 F8 75 DF 96 DE 24 91 BF FF | T:831926 RPD:1
[CH: 50] LEN: 12 | HEX: EA 76 FA FE 7F DD 96 F7 49 63 BF BF | T:831986 RPD:1
[CH: 50] LEN: 12 | HEX: F2 76 F6 ED 74 FD 96 F5 3C 6D BB AF | T:832016 RPD:1
[CH: 50] LEN: 12 | HEX: EA 76 EE E3 7E F5 96 F7 D6 71 BF F7 | T:832076 RPD:0
[CH: 50] LEN: 12 | HEX: F6 76 FC F2 7B FD 96 EF 0A 94 BB FB | T:832106 RPD:0
[CH: 50] LEN: 12 | HEX: FA 76 F6 F1 74 F5 96 F7 7B 9A BF 6F | T:832136 RPD:0
[CH: 50] LEN: 12 | HEX: FA 76 FA E0 7D ED 96 FF 63 7B 7F DB | T:832166 RPD:0
[CH: 50] LEN: 12 | HEX: FA 54 FE EF 62 FD 96 FF 8D 95 BF 7D | T:832196 RPD:0
[CH: 50] LEN: 12 | HEX: FA 76 FE EE 63 FD 96 FF D1 70 B7 FB | T:832226 RPD:0
[CH: 50] LEN: 12 | HEX: F2 76 EE ED 60 F9 96 FF A4 7E BF BD | T:832256 RPD:0
[CH: 50] LEN: 12 | HEX: D2 76 F5 EC 61 ED 96 F6 F8 9B BB EE | T:832286 RPD:0
[CH: 50] LEN: 12 | HEX: FA 76 FE EB 66 FD 96 F6 4E 62 BA E9 | T:832316 RPD:0
[CH: 50] LEN: 12 | HEX: FA 76 FA EA 67 5D 96 FF 52 87 BB F3 | T:832346 RPD:0
[CH: 50] LEN: 12 | HEX: FA 76 F4 D9 64 ED 96 FA 87 89 B7 F7 | T:832376 RPD:0
[CH: 50] LEN: 12 | HEX: F2 76 EA E8 65 FD 96 FF 3B 6C BB 7F | T:832406 RPD:0
[CH: 50] LEN: 12 | HEX: FA 76 F6 E7 6A F9 96 FB 4A 7B AF DF | T:832436 RPD:0
[CH: 50] LEN: 12 | HEX: F2 76 FA F6 6B D9 96 FE 56 9E BF DF | T:832466 RPD:0
[CH: 50] LEN: 12 | HEX: FA 76 F5 E5 68 E9 96 F7 23 90 B7 5A | T:832496 RPD:0
[CH: 50] LEN: 12 | HEX: EE 76 FE E4 69 F5 96 FF AF 75 BF BF | T:832526 RPD:1
[CH: 50] LEN: 12 | HEX: FA 76 FE E3 6E EB 96 F7 A9 8C BD 6F | T:832556 RPD:1
[CH: 50] LEN: 12 | HEX: FA 76 FC E2 6F FB 96 F7 15 69 BB FF | T:832586 RPD:1
[CH: 50] LEN: 12 | HEX: FA 76 FE E1 6C EB 96 F5 60 67 B6 EF | T:832616 RPD:1
[CH: 50] LEN: 12 | HEX: F2 76 F5 E0 6D ED 96 EA FC 82 BD 7F | T:832646 RPD:1
[CH: 50] LEN: 12 | HEX: FA 76 FC DE 52 F5 96 FB 2D 92 BB FF | T:832676 RPD:1
[CH: 50] LEN: 12 | HEX: F2 76 FD FB 73 F9 96 FE AE 8D B7 FD | T:832706 RPD:1
[CH: 50] LEN: 12 | HEX: F2 76 F4 FF 70 FF 96 FF BB 83 BF FF | T:832709 RPD:1
[CH: 50] LEN: 12 | HEX: FA 76 FA FC 71 FD 96 FB 67 66 BF BF | T:832739 RPD:1
[CH: 50] LEN: 12 | HEX: F2 76 FA FB 76 FD 96 F5 51 9E BE FF | T:832769 RPD:1
[CH: 50] LEN: 12 | HEX: EE 76 ED F2 77 FD 96 EE 8D 7A BD FE | T:832799 RPD:1
[CH: 50] LEN: 12 | HEX: FA 76 FF F9 74 F5 96 FF 58 74 BF AA | T:832829 RPD:1
[CH: 50] LEN: 12 | HEX: FA 76 FE F8 75 FD 96 FD 24 91 BF DD | T:832859 RPD:1
[CH: 50] LEN: 12 | HEX: FA 73 B5 00 81 D5 96 EB 43 B8 BF 7D | T:833077 RPD:1
[CH: 50] LEN: 12 | HEX: EA 7B FE 80 81 FD 96 FE C3 FC B7 FD | T:833078 RPD:1
[CH: 50] LEN: 12 | HEX: F9 77 B9 FA F5 70 96 FB 23 2C B7 FF | T:833109 RPD:1
[CH: 50] LEN: 12 | HEX: F9 77 BE F5 FC 73 96 FF 14 AE BF FB | T:833112 RPD:1
[CH: 50] LEN: 12 | HEX: F9 77 76 F4 FA 70 96 F7 23 2C BF DB | T:833115 RPD:1
[CH: 50] LEN: 12 | HEX: E9 77 F6 F5 DC 73 96 FA 94 AE BF 7E | T:833126 RPD:1
[CH: 50] LEN: 12 | HEX: F9 77 AE F6 FE 70 96 F7 23 2C BB 7F | T:833126 RPD:0
[CH: 50] LEN: 12 | HEX: F1 77 AE F5 DD 73 96 F6 D4 AE BF FF | T:833138 RPD:1
[CH: 50] LEN: 12 | HEX: F9 77 FA FE FA 70 96 F7 23 2C BB FF | T:833138 RPD:0
[CH: 50] LEN: 12 | HEX: F9 77 FA F5 FE 73 96 FE 94 AE BD DB | T:833149 RPD:1
[CH: 50] LEN: 12 | HEX: F1 77 DF FE FE 70 96 FB 23 2C BF FF | T:833160 RPD:1
[CH: 50] LEN: 12 | HEX: F9 77 AE FD FE 73 96 F7 94 AE BF FD | T:833161 RPD:0
[CH: 50] LEN: 12 | HEX: F9 77 BA FD FA 70 96 FF 23 2C B7 FF | T:833172 RPD:1
[CH: 50] LEN: 12 | HEX: F1 77 FA FE F4 70 96 FF 23 2C B7 FF | T:833172 RPD:0
[CH: 50] LEN: 12 | HEX: F9 77 BD F9 ED 73 96 FE 94 AE BF DF | T:833184 RPD:1
[CH: 50] LEN: 12 | HEX: F9 77 FA FA FE 70 96 F6 23 2C BB FF | T:833195 RPD:1
[CH: 50] LEN: 12 | HEX: ED 77 EC FA F5 70 96 FF 23 2C AD FF | T:833195 RPD:0
[CH: 50] LEN: 12 | HEX: F9 77 FA F6 FA 70 96 FF 23 2C BB FF | T:833206 RPD:1
[CH: 50] LEN: 12 | HEX: F9 77 FE FB FE 73 96 FB 14 AE BF FF | T:833207 RPD:0
[CH: 50] LEN: 12 | HEX: F1 77 FA FE F4 70 96 FF 23 2C BF FE | T:833218 RPD:1
[CH: 50] LEN: 12 | HEX: F9 77 D6 F5 F6 73 96 FF 54 AE BD B7 | T:833218 RPD:0
[CH: 50] LEN: 12 | HEX: F1 77 DE F4 FA 70 96 F5 23 2C BF DF | T:833230 RPD:1
[CH: 50] LEN: 12 | HEX: F5 77 DB FF EA 73 96 F7 14 AE BF BF | T:833241 RPD:1
[CH: 50] LEN: 12 | HEX: E9 77 DE FD FE 70 96 FE 23 2C BF DF | T:833241 RPD:0
[CH: 50] LEN: 12 | HEX: F9 77 B4 F4 EE 70 96 F6 A3 2C B7 FE | T:833252 RPD:1
[CH: 50] LEN: 12 | HEX: F9 77 BE FB D6 73 96 F7 94 AE BD 6F | T:833253 RPD:0
[CH: 50] LEN: 12 | HEX: F9 77 76 FE F6 70 96 F7 23 2C BB FF | T:833264 RPD:1
[CH: 50] LEN: 12 | HEX: E9 77 BE FB EE 73 96 FB 14 AE BF EE | T:833264 RPD:0
[CH: 50] LEN: 12 | HEX: E9 77 DA FE FA 70 96 FB 23 2C BE FB | T:833276 RPD:1
[CH: 50] LEN: 12 | HEX: F5 77 BE F6 FE 70 96 FF 23 2C BF FB | T:833287 RPD:1
[CH: 50] LEN: 12 | HEX: F9 77 BE FD FE 73 96 FD 94 AE BF FF | T:833287 RPD:0
[CH: 50] LEN: 12 | HEX: F5 77 BE F6 FE 70 96 F7 23 2C BF B7 | T:833298 RPD:1
[CH: 50] LEN: 12 | HEX: F5 77 6E F6 FE 70 96 FE A3 2C BF BF | T:833299 RPD:0
[CH: 50] LEN: 12 | HEX: F5 77 F4 F5 FF 73 96 F5 94 AE BD FF | T:833310 RPD:1
[CH: 50] LEN: 12 | HEX: F5 77 FE F6 EE 70 96 F7 A3 2C BF EF | T:833321 RPD:1
[CH: 50] LEN: 12 | HEX: F5 77 F6 F5 EE 73 96 FF 94 AE BE FF | T:833321 RPD:1
[CH: 50] LEN: 12 | HEX: E9 77 AE FE EE 70 96 FB 23 2C BB EF | T:833333 RPD:1
[CH: 50] LEN: 12 | HEX: F5 77 EA FD FE 73 96 F7 94 AE BD 7F | T:833333 RPD:1
[CH: 50] LEN: 12 | HEX: F9 77 76 ED DC 73 96 F5 94 AE BF BF | T:833344 RPD:1
[CH: 50] LEN: 12 | HEX: F5 77 FA FE EE 70 96 F7 A3 2C AB FD | T:833345 RPD:0
[CH: 50] LEN: 12 | HEX: F9 77 76 FD FC 73 96 F7 94 AE BF EF | T:833356 RPD:1
[CH: 50] LEN: 12 | HEX: E9 77 BC F9 DE 73 96 EA 94 AC B7 6A | T:833367 RPD:1
[CH: 50] LEN: 12 | HEX: F9 77 EE F6 EE 70 96 FE A3 2C BF AF | T:833367 RPD:0
[CH: 50] LEN: 12 | HEX: FD 77 7A FD EF 73 96 FB D4 AE BF 7F | T:833379 RPD:1
[CH: 50] LEN: 12 | HEX: F1 77 76 F6 FD 70 96 F6 A3 2C BF FF | T:833379 RPD:0
[CH: 50] LEN: 12 | HEX: F1 77 76 ED FE 73 96 F7 94 AE BF FE | T:833390 RPD:1
[CH: 50] LEN: 12 | HEX: F5 77 FA FE F6 70 96 F6 A3 2C BD ED | T:833391 RPD:0
[CH: 50] LEN: 12 | HEX: F1 77 FE ED DC 73 96 F7 54 AE BF FE | T:833402 RPD:1
[CH: 50] LEN: 12 | HEX: F5 77 B6 ED ED 73 96 FF 94 AE BD FD | T:833413 RPD:1
[CH: 50] LEN: 12 | HEX: E9 77 7A FD F5 70 96 FF 23 2C AF FF | T:833413 RPD:0
[CH: 50] LEN: 12 | HEX: F9 7F 76 F7 FE 70 96 F7 A3 2C BA FF | T:833425 RPD:1
[CH: 50] LEN: 12 | HEX: E9 76 D6 EE EE 70 96 FB 23 2C BB FF | T:833425 RPD:0
[CH: 50] LEN: 12 | HEX: ED 7F BE FB EF 73 D6 FE 94 AE BF FD | T:833436 RPD:1
[CH: 50] LEN: 12 | HEX: F9 77 EE FA F6 70 96 F7 23 2C BF FB | T:833437 RPD:0
[CH: 50] LEN: 12 | HEX: F9 77 FC FD FE 73 D6 FB 94 AE B7 DF | T:833448 RPD:1
[CH: 50] LEN: 12 | HEX: F9 77 F6 FD DD 73 96 F6 94 AE BF FD | T:833459 RPD:1
[CH: 50] LEN: 12 | HEX: F5 77 6A F6 FC 70 96 FB 23 2C BF FF | T:833459 RPD:1
[CH: 50] LEN: 12 | HEX: F5 77 76 FA FD 70 96 F7 23 2D AF FF | T:833471 RPD:0
[CH: 50] LEN: 12 | HEX: F9 77 FA F5 EE 70 96 F7 23 2C BF EF | T:833471 RPD:0
[CH: 50] LEN: 12 | HEX: F9 77 7E FE FF 70 96 EB A3 2C BF D7 | T:833482 RPD:0
[CH: 50] LEN: 12 | HEX: F5 77 BE FD F4 73 96 F6 94 AE BF FF | T:833494 RPD:0
[CH: 50] LEN: 12 | HEX: F9 77 BE FE FD 68 96 F7 23 2C BF 7F | T:833494 RPD:0
[CH: 50] LEN: 12 | HEX: F5 77 7C F5 FD 73 96 FF 54 AE AF EE | T:833505 RPD:0
[CH: 50] LEN: 12 | HEX: ED 77 FE F5 EE 73 D6 F7 94 AE BE FF | T:833505 RPD:0
[CH: 50] LEN: 12 | HEX: E9 77 BA F6 EE 70 96 F7 23 2C BF AE | T:833517 RPD:0
[CH: 50] LEN: 12 | HEX: F9 77 5A FD FD 73 96 F6 94 AE B7 FF | T:833517 RPD:0
[CH: 50] LEN: 12 | HEX: F5 77 76 FE F6 70 96 FF A3 2C B7 BF | T:833528 RPD:0
[CH: 50] LEN: 12 | HEX: E9 77 F6 FD FE 7B 96 FE 94 AE BE FD | T:833540 RPD:0
[CH: 50] LEN: 12 | HEX: F5 77 B4 F7 F6 78 96 F7 A3 2C BB BF | T:833540 RPD:0
[CH: 50] LEN: 12 | HEX: F1 77 F6 FD FD 73 96 FF 14 AE AE FD | T:833551 RPD:0
[CH: 50] LEN: 12 | HEX: F9 77 6A FF FE 70 96 F6 23 2C BF FF | T:833551 RPD:0
[CH: 50] LEN: 12 | HEX: F5 77 F6 F5 D5 73 96 F6 94 AE B7 EA | T:833563 RPD:1
[CH: 50] LEN: 12 | HEX: F9 77 EA FE FE 70 96 EE A3 2C BF D7 | T:833563 RPD:0
[CH: 50] LEN: 12 | HEX: E9 77 BE FD DC 73 96 FF 14 AE B7 FE | T:833574 RPD:1
[CH: 50] LEN: 12 | HEX: F9 77 5A FE FD 70 96 FF 23 2C BF BE | T:833585 RPD:1
[CH: 50] LEN: 12 | HEX: E5 77 FA F9 F6 73 96 EF 94 AE BB DE | T:833586 RPD:0
[CH: 50] LEN: 12 | HEX: F9 77 DC FD F7 70 96 ED 23 2C B7 FF | T:833597 RPD:0
[CH: 50] LEN: 12 | HEX: F9 77 7E ED D6 70 96 EF 23 2C BB FF | T:833605 RPD:1
[CH: 50] LEN: 12 | HEX: E9 77 FA ED EE 63 96 FF 14 AE BE EE | T:833608 RPD:1
[CH: 50] LEN: 12 | HEX: E9 77 F6 FC EF 68 96 FB 23 2C BF EA | T:833620 RPD:0
[CH: 50] LEN: 12 | HEX: F5 77 BE F5 FC 6B 96 F7 94 AE B5 DF | T:833620 RPD:0
[CH: 50] LEN: 12 | HEX: F9 77 FE F5 EE 70 96 FE A3 2C AA FE | T:833631 RPD:1
[CH: 50] LEN: 12 | HEX: F9 77 76 ED FE 73 96 FE 94 AF BD FF | T:833631 RPD:0
[CH: 50] LEN: 12 | HEX: E9 67 76 DE EE 70 96 EF 23 2C BF FF | T:833643 RPD:1
[CH: 50] LEN: 12 | HEX: F9 77 7E ED DE 73 96 EE 94 AE BE DD | T:833643 RPD:0
[CH: 50] LEN: 12 | HEX: F5 77 F6 EE F6 70 96 F7 23 2C B7 6F | T:833654 RPD:0
[CH: 50] LEN: 12 | HEX: E9 77 76 F5 FD 73 96 FF 14 AE BF FF | T:833666 RPD:1
[CH: 50] LEN: 12 | HEX: F9 77 BE FD FE 70 96 FF 23 2C BF FF | T:833666 RPD:0
[CH: 50] LEN: 12 | HEX: F1 77 F6 FD DE 73 96 F6 94 AE BE EF | T:833677 RPD:1
[CH: 50] LEN: 12 | HEX: F9 77 BE ED DE 73 96 FF 14 AE BF FB | T:833677 RPD:0
[CH: 50] LEN: 12 | HEX: F9 77 BE FD FD 73 96 F7 94 AE BE FF | T:833689 RPD:0
[CH: 50] LEN: 12 | HEX: F9 77 76 FD FD 73 96 EE 94 AE BF FF | T:833689 RPD:0
[CH: 50] LEN: 12 | HEX: F5 7F FE F5 DC 73 D6 F7 54 AE BB DB | T:833700 RPD:0
[CH: 50] LEN: 12 | HEX: FD 77 7E FD EE 70 96 FF 23 2C BF F7 | T:833712 RPD:0
[CH: 50] LEN: 12 | HEX: E9 67 EE E9 DC 73 56 FE 94 AE BF FF | T:833712 RPD:0
[CH: 50] LEN: 12 | HEX: F9 77 AA FE FF 70 96 F7 23 2C BD 6F | T:833723 RPD:0
[CH: 50] LEN: 12 | HEX: F1 77 B6 FF FF 70 96 F7 23 2C BF D7 | T:833723 RPD:0
[CH: 50] LEN: 12 | HEX: F9 77 54 F5 F6 7B D6 FA 94 AE BF FD | T:833735 RPD:0
[CH: 50] LEN: 12 | HEX: F9 77 BA FD FE 70 96 FF 23 2C BE FF | T:833746 RPD:0
[CH: 50] LEN: 12 | HEX: E9 77 5E FD FC 73 96 FF 94 AE B5 DD | T:833746 RPD:0
[CH: 50] LEN: 12 | HEX: E9 77 FE FD EE 68 96 EF 23 2C BB 7F | T:833758 RPD:0
[CH: 50] LEN: 12 | HEX: E9 77 7F F6 FF 70 96 F6 A3 AC BD 7F | T:833758 RPD:0
[CH: 50] LEN: 12 | HEX: F5 7F 5F FD FA 73 96 EF 94 AF BF F2 | T:833769 RPD:0
[CH: 50] LEN: 12 | HEX: F9 77 EE F4 FA 78 96 F6 A3 2C BF B8 | T:833769 RPD:0
[CH: 50] LEN: 12 | HEX: E9 7F FE ED FA 73 96 FD 94 AE BF 6F | T:833781 RPD:0
[CH: 50] LEN: 12 | HEX: F9 7F EE FD FE 73 96 EA 94 AE AA BD | T:833792 RPD:0
[CH: 50] LEN: 12 | HEX: F9 76 BE ED F6 70 96 FD 23 2C B7 F3 | T:833792 RPD:0
[CH: 50] LEN: 12 | HEX: FD 77 6A ED FE 73 96 F7 94 AE BF FD | T:833804 RPD:0
[CH: 50] LEN: 12 | HEX: F9 77 F6 ED DC 73 96 FF 14 AE BF FF | T:833804 RPD:0
[CH: 50] LEN: 12 | HEX: F9 77 56 FE FA 70 96 F7 23 2C BD DF | T:833815 RPD:0
[CH: 50] LEN: 12 | HEX: F9 77 F4 F6 FE 70 96 EF 23 2C BF FD | T:833815 RPD:0
[CH: 50] LEN: 12 | HEX: E9 77 F6 E9 DD 73 96 DD 94 AE BF FE | T:833827 RPD:0
[CH: 50] LEN: 12 | HEX: F5 77 6A F5 DD 73 96 FB 54 AE BB 7D | T:833838 RPD:0
[CH: 50] LEN: 12 | HEX: F9 7F 76 FA FD 70 96 EF 23 2C BF FF | T:833838 RPD:0
[CH: 50] LEN: 12 | HEX: FD 77 BE FE EA 70 96 F6 A3 2C AD BF | T:833849 RPD:0
[CH: 50] LEN: 12 | HEX: E9 77 FA EF FE 70 96 EF 23 2C BF F6 | T:833850 RPD:0
[CH: 50] LEN: 12 | HEX: F5 77 FE FD FD 7B 96 FE 94 AE BB FF | T:833861 RPD:0
[CH: 50] LEN: 12 | HEX: F1 6F 6B 00 00 79 D6 FE 9C 55 B6 FF | T:833883 RPD:0
[CH: 50] LEN: 12 | HEX: F4 6D EA 80 FD FD 96 FF EC 9F BF FE | T:833913 RPD:0
[CH: 50] LEN: 12 | HEX: F9 77 77 00 00 71 B6 FE 9C 55 BF EF | T:834182 RPD:0
[CH: 50] LEN: 12 | HEX: F1 77 FF 00 00 71 96 FF 9C 55 BE EF | T:834183 RPD:0
[CH: 50] LEN: 12 | HEX: F0 6D FE 80 EF F5 96 FE 6C 9D 3E FF | T:834214 RPD:0
[CH: 50] LEN: 12 | HEX: F9 77 5B 00 00 71 96 FE 9C 55 BF FF | T:834483 RPD:0
[CH: 50] LEN: 12 | HEX: F4 6D FD 00 FE F5 96 FE EC 9D AF DF | T:834513 RPD:0
[CH: 50] LEN: 12 | HEX: F0 6D EF 00 EC F5 96 EE EC 9F BF F5 | T:834513 RPD:0
[CH: 50] LEN: 12 | HEX: F5 77 BF 00 00 71 96 FF 1E 55 AF FF | T:834782 RPD:0
[CH: 50] LEN: 12 | HEX: F9 77 BF 00 00 71 96 F6 9C 55 BF FF | T:834783 RPD:1
[CH: 50] LEN: 12 | HEX: E8 6D FE 00 F6 ED 96 F6 EC 9F B5 FF | T:834812 RPD:1
[CH: 50] LEN: 12 | HEX: F8 6D EF 00 FE FD 96 EE EC 9F BF DD | T:834813 RPD:1
[CH: 50] LEN: 12 | HEX: FA 76 F7 00 8C E9 96 EF 30 70 BF FF | T:835006 RPD:0
[CH: 50] LEN: 12 | HEX: F6 76 EF 00 8C ED 96 EB 30 70 BF DF | T:835007 RPD:1
[CH: 50] LEN: 12 | HEX: F6 76 FA F6 73 FF 96 F7 CE 8D BF EE | T:835037 RPD:0
[CH: 50] LEN: 12 | HEX: FA 76 FA FD 70 ED 96 F7 BB 83 BF FF | T:835041 RPD:1
[CH: 50] LEN: 12 | HEX: F2 76 FE FA 77 F5 96 FE 8D 76 BD FF | T:835105 RPD:1
[CH: 50] LEN: 12 | HEX: FE 76 FC F5 7C F5 96 F7 FA 7C BF FF | T:835135 RPD:1
[CH: 50] LEN: 12 | HEX: FA 76 FE F0 65 DD 96 FD 24 91 BB FD | T:835165 RPD:0
[CH: 50] LEN: 12 | HEX: EA 76 FD EF 72 ED 96 FF 95 86 BF FF | T:835195 RPD:1
[CH: 50] LEN: 12 | HEX: F6 76 FD F6 77 BD 96 EF 49 63 B7 FF | T:835225 RPD:1
[CH: 50] LEN: 12 | HEX: F6 76 F6 FD 78 ED 96 F7 3D 6D BF FE | T:835255 RPD:1
[CH: 50] LEN: 12 | HEX: FA 76 F6 F3 76 FD 96 EF D6 71 BB 7F | T:835315 RPD:1
[CH: 50] LEN: 12 | HEX: FA 76 FA FA 77 FF 96 F7 8A 94 BB FF | T:835345 RPD:1
[CH: 50] LEN: 12 | HEX: EE 76 ED E9 74 F5 96 ED 77 5A BF FF | T:835375 RPD:1
[CH: 50] LEN: 12 | HEX: F2 76 FD EE 63 BD 96 EF 71 70 BF FB | T:835465 RPD:1
[CH: 50] LEN: 12 | HEX: F2 76 FE FC 61 DF 96 EE 7C 9B FF FF | T:835524 RPD:0
[CH: 50] LEN: 12 | HEX: DA 76 EE EB 66 F5 96 FF 4E 62 BD 7F | T:835554 RPD:0
[CH: 50] LEN: 12 | HEX: FA 76 EA E9 64 F5 96 F6 E7 89 F7 F7 | T:835614 RPD:0
[CH: 50] LEN: 12 | HEX: FA 76 F4 E8 65 FD 96 F6 3B 6C AF BF | T:835644 RPD:0
[CH: 50] LEN: 12 | HEX: EA 76 FA E6 6A FD 96 F7 8A 7B BF FF | T:835674 RPD:0
[CH: 50] LEN: 12 | HEX: FA 76 FF E6 6B F7 96 FE 56 9C BF BE | T:835704 RPD:0
[CH: 50] LEN: 12 | HEX: EA 76 EE E5 68 F9 96 F7 23 90 BF BE | T:835734 RPD:0
[CH: 50] LEN: 12 | HEX: FA 76 FA E4 69 F5 96 FB FF F5 BD 7A | T:835764 RPD:0
[CH: 50] LEN: 12 | HEX: F2 76 F6 E3 EE FD 96 F7 49 8C BD FF | T:835794 RPD:1
[CH: 50] LEN: 12 | HEX: FA 76 FE E2 6F 5D 96 FF 15 69 BF AA | T:835824 RPD:0
[CH: 50] LEN: 12 | HEX: FA 76 FA E1 6C FD 96 F7 60 67 3F FF | T:835854 RPD:0
[CH: 50] LEN: 12 | HEX: FA 76 FE E0 6D F7 96 FF FC 82 BF FE | T:835884 RPD:0
[CH: 50] LEN: 12 | HEX: FA 76 FA DF 52 FD 96 FF 2D 92 AF FF | T:835914 RPD:0
[CH: 50] LEN: 12 | HEX: FA 76 F5 EA 73 FD 96 FF EE 8D BF FF | T:835944 RPD:0
[CH: 50] LEN: 12 | HEX: F2 76 EC FD 70 FD 96 FF FB 83 BF FF | T:835948 RPD:0
[CH: 50] LEN: 12 | HEX: FA 76 F5 FC 71 D5 96 EE E7 66 BF FF | T:835952 RPD:0
[CH: 50] LEN: 12 | HEX: F2 76 FC FB 76 F5 96 FD 51 9F BB DF | T:835982 RPD:0
[CH: 50] LEN: 12 | HEX: FA 76 F4 FA 77 A9 96 F7 8D 7E B7 FF | T:836012 RPD:0
[CH: 50] LEN: 12 | HEX: FA 76 FE F9 74 FD 96 FF D0 74 BF FF | T:836042 RPD:0
[CH: 50] LEN: 12 | HEX: FA 76 FE F4 75 FD 96 FF 24 91 BF FF | T:836072 RPD:0
[CH: 50] LEN: 12 | HEX: FA 7E FE F7 7A FD 96 FF 95 86 AB FF | T:836102 RPD:0
[CH: 50] LEN: 12 | HEX: EA 76 FE F6 7B FD 96 FE 49 63 BB 97 | T:836132 RPD:0
[CH: 50] LEN: 12 | HEX: F2 76 FE F5 78 F9 96 FF 3C 6D BB BF | T:836162 RPD:0
[CH: 50] LEN: 12 | HEX: FA 76 FE F4 79 FD 96 FE A0 88 BF FB | T:836192 RPD:0
[CH: 50] LEN: 12 | HEX: FA 76 FE F3 7E FD 96 FF D6 71 BB AD | T:836222 RPD:0
[CH: 50] LEN: 12 | HEX: FA 76 F2 F2 7F D5 96 FE 0A 94 BF F5 | T:836252 RPD:0
[CH: 50] LEN: 12 | HEX: FA 76 F6 F1 7C FD 96 FD 7F 1A BE FF | T:836282 RPD:0
[CH: 50] LEN: 12 | HEX: FA 76 FE F0 7D E9 96 FF A3 7D BF BF | T:836312 RPD:0
[CH: 50] LEN: 12 | HEX: EA 76 BC EE 63 FD 96 FB B1 70 AF 7F | T:836372 RPD:0
[CH: 50] LEN: 12 | HEX: FA 76 FE ED 60 FD 96 FF A4 7C AF 7F | T:836402 RPD:0
[CH: 50] LEN: 12 | HEX: FA 76 FE EC 61 E9 96 FF 78 9B B7 F5 | T:836432 RPD:0
[CH: 50] LEN: 12 | HEX: F2 6E FE EA 66 FD 96 FE 4E 62 BF F7 | T:836462 RPD:0
[CH: 50] LEN: 12 | HEX: F6 67 ED 80 81 F9 96 FB D3 FC AF FD | T:836686 RPD:0
[CH: 50] LEN: 12 | HEX: F1 77 BD FA FC 70 96 EB 23 2C AA F2 | T:836717 RPD:0
[CH: 50] LEN: 12 | HEX: F9 77 FB F5 FE 73 96 FF 94 AE BF ED | T:836720 RPD:0
[CH: 50] LEN: 12 | HEX: F9 77 DF FC F6 70 96 FF 23 2C B5 DD | T:836723 RPD:0
[CH: 50] LEN: 12 | HEX: F9 77 FF FD FE 73 96 FF 94 AE BF BF | T:836734 RPD:0
[CH: 50] LEN: 12 | HEX: F9 77 FE FE FE 70 96 FD 23 2C B6 FD | T:836735 RPD:0
[CH: 50] LEN: 12 | HEX: F9 77 F6 FD FE 73 96 FF 94 AC BE BF | T:836746 RPD:0
[CH: 50] LEN: 12 | HEX: F1 77 AE FD FC 70 96 FF 23 2C BF FE | T:836746 RPD:0
[CH: 50] LEN: 12 | HEX: F9 77 FC FD EC 73 96 FB 94 AE BF EF | T:836757 RPD:0
[CH: 50] LEN: 12 | HEX: F9 77 EE FE FE 70 96 FD 23 2C BF 76 | T:836769 RPD:1
[CH: 50] LEN: 12 | HEX: F1 77 FE ED FE 73 96 FF 94 AE BF F7 | T:836769 RPD:0
[CH: 50] LEN: 12 | HEX: F9 77 DC FD FE 73 96 FF 94 AE BF FF | T:836780 RPD:1
[CH: 50] LEN: 12 | HEX: F9 77 D6 FE F6 70 96 F6 23 2C BF BF | T:836781 RPD:0
[CH: 50] LEN: 12 | HEX: F1 77 BD E9 F4 73 96 F7 94 AE BF FF | T:836792 RPD:0
[CH: 50] LEN: 12 | HEX: F9 77 F6 FC FC 70 96 FF 23 2C BF BD | T:836803 RPD:0
[CH: 50] LEN: 12 | HEX: F1 77 FE FD FB 73 16 FF 54 AE B6 ED | T:836803 RPD:0
[CH: 50] LEN: 12 | HEX: F9 77 FC FE F6 70 96 FA A3 2C BF F7 | T:836815 RPD:1
[CH: 50] LEN: 12 | HEX: F9 77 FF FB EA 73 96 FF 94 AE BF DF | T:836815 RPD:0
[CH: 50] LEN: 12 | HEX: F9 77 FE FE FE 70 96 F5 23 2C BF BE | T:836826 RPD:1
[CH: 50] LEN: 12 | HEX: F9 77 D4 F7 FE 73 96 FF 94 AE BD AF | T:836827 RPD:0
[CH: 50] LEN: 12 | HEX: F9 77 EE FB FE 70 96 FF 23 2C BF BF | T:836838 RPD:1
[CH: 50] LEN: 12 | HEX: F1 77 BB FB FE 73 96 ED 14 AE BD FF | T:836849 RPD:1
[CH: 50] LEN: 12 | HEX: F1 77 D6 FA FB 70 96 FF 23 2C BF 57 | T:836849 RPD:0
[CH: 50] LEN: 12 | HEX: F9 77 FD FD FE 73 96 F5 94 AE BF FD | T:836861 RPD:1
[CH: 50] LEN: 12 | HEX: F1 77 EE FD FD 73 96 FF 54 AE BF DF | T:836861 RPD:0
[CH: 50] LEN: 12 | HEX: F9 77 DC FC FE 70 96 F7 23 2C BE BF | T:836872 RPD:1
[CH: 50] LEN: 12 | HEX: F1 77 F4 FD FE 73 96 FB 14 AE BF BF | T:836873 RPD:0
[CH: 50] LEN: 12 | HEX: F9 77 FD FE FE 70 96 FF 23 2C BF F7 | T:836884 RPD:1
[CH: 50] LEN: 12 | HEX: E9 77 FF FA FD 70 96 FD 23 2C BF DF | T:836895 RPD:1
[CH: 50] LEN: 12 | HEX: F9 77 D6 FD FE 73 96 F5 94 AF BF FF | T:836895 RPD:0
[CH: 50] LEN: 12 | HEX: F1 7F DE F6 EA 70 96 FF A3 2C BB BF | T:836907 RPD:1
[CH: 50] LEN: 12 | HEX: F9 67 7A FC FE 70 96 EE A3 2C BF DF | T:836907 RPD:0
[CH: 50] LEN: 12 | HEX: F9 77 FA F5 F5 73 96 FF 94 AE BF FD | T:836918 RPD:1
[CH: 50] LEN: 12 | HEX: F1 77 FA F6 FD 70 96 F6 23 2C BB DF | T:836930 RPD:1
[CH: 50] LEN: 12 | HEX: F9 77 F4 FD FE 73 96 F7 54 AE B7 F7 | T:836930 RPD:1
[CH: 50] LEN: 12 | HEX: F9 77 DD EE F4 70 96 F7 63 2C B7 FD | T:836941 RPD:1
[CH: 50] LEN: 12 | HEX: F1 77 FA EA F6 70 96 EE A3 2C BF 77 | T:836941 RPD:0
[CH: 50] LEN: 12 | HEX: F1 77 BA FD FE 73 96 FF D4 AE B7 BB | T:836953 RPD:1
[CH: 50] LEN: 12 | HEX: F5 77 FA FB DC 73 96 F7 94 AE AB F7 | T:836953 RPD:0
[CH: 50] LEN: 12 | HEX: F9 77 FD F5 FE 70 96 FF 23 2C BF 7F | T:836964 RPD:1
[CH: 50] LEN: 12 | HEX: F5 77 F6 FD FD 73 96 FF 54 AE BF FE | T:836976 RPD:1
[CH: 50] LEN: 12 | HEX: E9 77 FC EE F4 70 96 FB 23 2D AF 5F | T:836976 RPD:0
[CH: 50] LEN: 12 | HEX: F9 77 7E F5 DE 73 96 FF 54 AE BB FE | T:836987 RPD:1
[CH: 50] LEN: 12 | HEX: F5 77 F6 EE F6 70 96 FF 23 2C BD B7 | T:836987 RPD:0
[CH: 50] LEN: 12 | HEX: E9 77 FC FD FD 73 96 F7 54 AE BF FF | T:836999 RPD:1
[CH: 50] LEN: 12 | HEX: F5 77 FE F5 FD 73 96 F5 94 AE B5 BD | T:836999 RPD:0
[CH: 50] LEN: 12 | HEX: F9 77 B6 F6 FE 70 96 FF 23 2D AF FF | T:837010 RPD:1
[CH: 50] LEN: 12 | HEX: F5 77 F6 EE FC 70 96 EB 23 2C BF 52 | T:837022 RPD:0
[CH: 50] LEN: 12 | HEX: F5 77 BA F5 F6 73 96 F7 94 AE BF F7 | T:837022 RPD:0
[CH: 50] LEN: 12 | HEX: F9 77 FA F6 FE 70 96 EE A3 2C BF F7 | T:837033 RPD:0
[CH: 50] LEN: 12 | HEX: E9 77 DA FE EA 70 96 EB 23 2C BF FF | T:837033 RPD:0
[CH: 50] LEN: 12 | HEX: F1 77 BA ED FE 73 96 F7 14 AE BF FE | T:837045 RPD:0
[CH: 50] LEN: 12 | HEX: F9 77 FD FE FE 70 96 FA A3 2C BB FF | T:837045 RPD:0
[CH: 50] LEN: 12 | HEX: F5 77 BC ED FE 73 96 FB 54 AE AD FF | T:837056 RPD:0
[CH: 50] LEN: 12 | HEX: F1 77 F4 FE EC 70 96 FE A3 2C BF FF | T:837067 RPD:0
[CH: 50] LEN: 12 | HEX: ED 77 DE F9 EC 73 96 F7 54 AE B7 D7 | T:837068 RPD:0
[CH: 50] LEN: 12 | HEX: F5 77 AC FE FE 70 96 F7 23 2C BD FF | T:837079 RPD:0
[CH: 50] LEN: 12 | HEX: F9 77 F4 F4 FE 70 96 FB 23 2C AB FF | T:837079 RPD:0
[CH: 50] LEN: 12 | HEX: F9 77 FE F5 FD 73 96 FE 94 AE BF 7F | T:837091 RPD:0
[CH: 50] LEN: 12 | HEX: F9 77 F4 F5 FE 73 96 EF D4 AE BF 5E | T:837102 RPD:0
[CH: 50] LEN: 12 | HEX: ED 77 FD FE F6 70 96 FF 23 2C BF FD | T:837102 RPD:0
[CH: 50] LEN: 12 | HEX: E9 77 BC FD FC 73 96 FE 94 AE BF BE | T:837113 RPD:1
[CH: 50] LEN: 12 | HEX: F9 77 F6 FD FF 73 96 FF 14 AE B7 FD | T:837114 RPD:0
[CH: 50] LEN: 12 | HEX: F5 77 F6 FE FE 70 96 FF 23 2C BF FF | T:837125 RPD:1
[CH: 50] LEN: 12 | HEX: E9 77 DE ED FE 73 96 EE D4 AE BF FD | T:837125 RPD:0
[CH: 50] LEN: 12 | HEX: F5 77 F4 FE F4 70 96 FF A3 2C BF FF | T:837137 RPD:1
[CH: 50] LEN: 12 | HEX: F9 77 FF F5 ED 73 96 EF 54 AE BB FF | T:837148 RPD:1
[CH: 50] LEN: 12 | HEX: F9 77 F6 FE F6 70 96 FF 23 2C BF FE | T:837148 RPD:0
[CH: 50] LEN: 12 | HEX: E9 77 AA FD EE 73 96 F7 94 AE B7 FB | T:837159 RPD:1
[CH: 50] LEN: 12 | HEX: F1 77 DA F6 F6 78 96 F6 A3 2C BD DF | T:837160 RPD:0
[CH: 50] LEN: 12 | HEX: F5 77 DC E9 DF 73 96 FF 54 AE BF F6 | T:837171 RPD:1
[CH: 50] LEN: 12 | HEX: E9 77 DD FE FE 70 96 F6 23 2C B7 FF | T:837171 RPD:0
[CH: 50] LEN: 12 | HEX: F5 77 BE F5 FD 73 96 FF 54 AE BE FF | T:837183 RPD:1
[CH: 50] LEN: 12 | HEX: E9 77 7E FE EE 70 96 FF 23 2C B7 FF | T:837194 RPD:0
[CH: 50] LEN: 12 | HEX: F5 77 BE FB D6 7B 96 FF 54 AE BF FF | T:837194 RPD:0
[CH: 50] LEN: 12 | HEX: F9 77 7C FE FD 70 96 EE A3 2C BF 7D | T:837205 RPD:1
[CH: 50] LEN: 12 | HEX: F9 77 F4 F9 F6 73 96 FF 54 AE B6 FF | T:837206 RPD:0
[CH: 50] LEN: 12 | HEX: F1 77 BE FD ED 73 96 F6 94 AE BF FB | T:837217 RPD:1
[CH: 50] LEN: 12 | HEX: F1 77 BC EE FC 70 96 FE A3 2C BF BE | T:837228 RPD:1
[CH: 50] LEN: 12 | HEX: F9 77 FC FB FD 73 96 F7 D4 AE BF FE | T:837229 RPD:0
[CH: 50] LEN: 12 | HEX: F9 77 F6 FC FE 70 96 EE A3 2C BB FF | T:837240 RPD:0
[CH: 50] LEN: 12 | HEX: F5 77 7E 00 00 71 96 F5 1C 55 BF FD | T:837257 RPD:1
[CH: 50] LEN: 12 | HEX: F9 77 FD 00 00 71 96 FF 5C 55 BF FF | T:837258 RPD:1
[CH: 50] LEN: 12 | HEX: EC 6D DE 00 EA F5 96 F6 6C 9F BF FF | T:837288 RPD:1
[CH: 50] LEN: 12 | HEX: F8 6D EF 00 FA FD 96 F5 6C 9F BE EF | T:837288 RPD:1
[CH: 50] LEN: 12 | HEX: F5 77 7F 00 00 71 96 EE 9C 55 BB DF | T:837557 RPD:1
[CH: 50] LEN: 12 | HEX: F9 77 DF 00 00 71 96 FF 5C 55 FF FF | T:837558 RPD:1
[CH: 50] LEN: 12 | HEX: F8 6D EF 00 F6 F9 96 F7 6C 9F FF FE | T:837587 RPD:1
[CH: 50] LEN: 12 | HEX: F8 6D FE 80 F6 FB 96 FE EC 9F AE BF | T:837588 RPD:1
[CH: 50] LEN: 12 | HEX: F9 77 75 00 00 71 96 FF 9C 55 BF FF | T:837857 RPD:1
[CH: 50] LEN: 12 | HEX: FD 77 B5 00 00 71 96 FF 5C 55 BE F7 | T:837857 RPD:1
[CH: 50] LEN: 12 | HEX: E8 6D FD 00 EE F7 96 F7 6C 9D BB BF | T:837887 RPD:1
[CH: 50] LEN: 12 | HEX: F8 6D EF 80 FE FD 96 F6 EC 9D 3E FF | T:837888 RPD:1
[CH: 50] LEN: 12 | HEX: F9 77 77 00 00 71 96 FF 5C 55 BF FF | T:838156 RPD:1
[CH: 50] LEN: 12 | HEX: F1 77 5F 00 00 71 96 FD 9C 55 AF FA | T:838157 RPD:1
[CH: 50] LEN: 12 | HEX: F4 6D EE 80 FE F9 96 EE 6C 9D AE BB | T:838187 RPD:1
[CH: 50] LEN: 12 | HEX: F0 6D F6 80 EA FD 96 F5 6C 9F B7 DB | T:838188 RPD:1
[CH: 50] LEN: 12 | HEX: FA 76 F7 00 8C F5 96 FF 30 70 B6 F7 | T:838381 RPD:1
[CH: 50] LEN: 12 | HEX: FA 76 EB 00 8C FD 96 EB B0 70 BE FD | T:838382 RPD:1
[CH: 50] LEN: 12 | HEX: F6 76 EA F4 73 FD 96 FA CE 8D BB ED | T:838412 RPD:1
[CH: 50] LEN: 12 | HEX: EE 76 EA FD 78 FD 96 F7 BB 83 BF FF | T:838415 RPD:1
[CH: 50] LEN: 12 | HEX: F2 76 F6 F6 71 FB 96 F7 67 66 BC FF | T:838419 RPD:1
[CH: 50] LEN: 12 | HEX: FA 76 EC F7 76 E9 96 F7 51 9D 7F FF | T:838449 RPD:1
[CH: 50] LEN: 12 | HEX: FA 76 EE F6 77 DD B6 ED 0D 7A BF FE | T:838479 RPD:1
[CH: 50] LEN: 12 | HEX: F6 76 FE ED 74 F5 96 FB D8 74 BF FE | T:838509 RPD:1
[CH: 50] LEN: 12 | HEX: F6 76 FE F0 75 FD 96 FF 24 91 BE FB | T:838539 RPD:1
[CH: 50] LEN: 12 | HEX: FA 76 FE F7 7A F5 96 FB 95 86 BF FF | T:838569 RPD:1
[CH: 50] LEN: 12 | HEX: F6 76 FC F6 7B AD 96 FF 49 63 B7 FF | T:838599 RPD:1
[CH: 50] LEN: 12 | HEX: FA 76 F6 E5 78 FB 96 F7 3A 6D B7 FF | T:838629 RPD:1
[CH: 50] LEN: 12 | HEX: F6 76 FE F4 79 F5 96 FF E0 88 BF F7 | T:838659 RPD:1
[CH: 50] LEN: 12 | HEX: F2 76 EE E3 7E FD 96 EE 96 71 B5 FF | T:838689 RPD:1
[CH: 50] LEN: 12 | HEX: F6 76 F5 F2 7F BD 96 FB 0A 94 BD BB | T:838719 RPD:1
[CH: 50] LEN: 12 | HEX: FA 76 F6 F1 7A FB 96 ED FF 5A BF FE | T:838749 RPD:1
[CH: 50] LEN: 12 | HEX: F2 76 EC E0 75 ED 96 FF A3 7A B7 BE | T:838779 RPD:1
[CH: 50] LEN: 12 | HEX: EA 76 FE EE 62 FD 96 F7 0D 95 BF DB | T:838809 RPD:1
[CH: 50] LEN: 12 | HEX: EA 76 FE EE 63 E9 96 FE 91 70 BE B5 | T:838839 RPD:1
[CH: 50] LEN: 12 | HEX: F2 76 F6 FD 60 ED 96 FD 24 7C BF AF | T:838869 RPD:1
[CH: 50] LEN: 12 | HEX: F2 76 FA EC 61 EB 96 EA 78 9B 3B 7E | T:838899 RPD:1
[CH: 50] LEN: 12 | HEX: F2 76 F6 EB 66 F5 96 FE CE 62 AE F7 | T:838929 RPD:1
[CH: 50] LEN: 12 | HEX: F6 76 F4 EA 67 DD 96 FB 52 87 B5 EE | T:838959 RPD:1
[CH: 50] LEN: 12 | HEX: F2 76 FD E9 64 FD 96 F7 67 89 BF F5 | T:838989 RPD:1
[CH: 50] LEN: 12 | HEX: EA 76 F6 E8 65 DD 96 FB 3B 6C B7 BF | T:839019 RPD:1
[CH: 50] LEN: 12 | HEX: FA 76 FA E7 6A FB 96 EF 4A 7B AF 77 | T:839049 RPD:1
[CH: 50] LEN: 12 | HEX: FA 76 F4 E6 6B FD 96 FF 56 9D B7 F7 | T:839079 RPD:1
[CH: 50] LEN: 12 | HEX: FA 7E FE F5 68 F5 96 FF 23 90 BE ED | T:839109 RPD:1
[CH: 50] LEN: 12 | HEX: FA 76 FE E4 69 FD 96 F7 57 75 BA FF | T:839139 RPD:1
[CH: 50] LEN: 12 | HEX: FA 76 F6 E3 6E FD 96 FF C9 8C BB BE | T:839169 RPD:0
[CH: 50] LEN: 12 | HEX: FA 76 F6 E2 6E FD 96 FA 15 69 AB AD | T:839199 RPD:0
[CH: 50] LEN: 12 | HEX: FA 76 F4 E1 6C FD 96 FF 60 67 7D DE | T:839229 RPD:0
[CH: 50] LEN: 12 | HEX: FA 76 FE E0 6D F5 96 FF BC 82 BF FF | T:839259 RPD:0
[CH: 50] LEN: 12 | HEX: FA 76 F4 DF 52 F9 96 F7 AD 92 BB E9 | T:839289 RPD:0
[CH: 50] LEN: 12 | HEX: FA 76 FC FE 73 FD 96 FF CE 8D BF FB | T:839319 RPD:0
[CH: 50] LEN: 12 | HEX: FA 76 FA FD 70 FD 96 FA FB 83 BF FB | T:839323 RPD:0
[CH: 50] LEN: 12 | HEX: FA 76 FC FC 71 DD 96 FA 67 66 AF EF | T:839327 RPD:0
[CH: 50] LEN: 12 | HEX: FA 76 FC FB 76 F5 96 FF 51 9F 2B EE | T:839357 RPD:0
[CH: 50] LEN: 12 | HEX: FA 76 FE EE 77 D9 96 FF 8D 7A BF EF | T:839387 RPD:0
[CH: 50] LEN: 12 | HEX: F2 76 FE F9 74 B9 14 A0 28 54 BF AC | T:839417 RPD:0
[CH: 50] LEN: 12 | HEX: FA 76 FE F7 7A FD 96 FF 95 86 BF EF | T:839477 RPD:0
[CH: 50] LEN: 12 | HEX: F2 76 FE F6 7B DD 96 F7 49 63 BF FF | T:839507 RPD:0
[CH: 50] LEN: 12 | HEX: FA 76 FE F5 78 D5 96 F4 3C 6D B9 37 | T:839537 RPD:0
[CH: 50] LEN: 12 | HEX: FA 7B DD 80 81 F5 96 FF C3 DC BD DF | T:839751 RPD:0
[CH: 50] LEN: 12 | HEX: FA 73 FF 00 81 FD 96 FF B3 BC AE FF | T:839751 RPD:0
[CH: 50] LEN: 12 | HEX: F9 77 DD FD FE 70 96 FF 23 2C BF EE | T:839782 RPD:1
[CH: 50] LEN: 12 | HEX: F1 77 BC FD FE 73 96 FE 94 AE BF BD | T:839802 RPD:1
[CH: 50] LEN: 12 | HEX: F1 77 F4 FE F4 70 96 FF A3 2C BF FF | T:839823 RPD:1
[CH: 50] LEN: 12 | HEX: F9 77 AA F9 DE 73 96 EE D4 A9 BB BB | T:839826 RPD:1
[CH: 50] LEN: 12 | HEX: F5 77 EE FE FE 70 96 FF 23 2C BF FF | T:839829 RPD:1
[CH: 50] LEN: 12 | HEX: F1 77 B4 FD EE 73 96 FD 94 AE BF 5F | T:839840 RPD:1
[CH: 50] LEN: 12 | HEX: F5 77 DC FA FE 70 96 FF 23 2C BF FF | T:839841 RPD:1
[CH: 50] LEN: 12 | HEX: F1 77 FE E9 FE 73 96 FD 94 AE B7 BF | T:839855 RPD:1
[CH: 50] LEN: 12 | HEX: F1 77 D6 F4 FE 70 96 FF 23 2C BF FF | T:839858 RPD:1
[CH: 50] LEN: 12 | HEX: ED 77 D5 E9 FC 73 96 D5 94 AE AF FF | T:839861 RPD:1
[CH: 50] LEN: 12 | HEX: F5 77 DD FE FD 70 96 F5 23 2C BF 76 | T:839872 RPD:1
[CH: 50] LEN: 12 | HEX: F1 77 FC F5 F4 73 96 FB 94 AE BF 7F | T:839873 RPD:0
[CH: 50] LEN: 12 | HEX: F5 77 5E FC EE 78 96 F7 23 2C BA FF | T:839884 RPD:1
[CH: 50] LEN: 12 | HEX: F9 77 7E F5 F6 73 96 FF 14 AE BF FA | T:839895 RPD:1
[CH: 50] LEN: 12 | HEX: F5 77 5D FC F6 70 96 EE A3 2C BF FF | T:839895 RPD:0
[CH: 50] LEN: 12 | HEX: E9 77 DE E9 D6 73 96 EB 14 AE BE FA | T:839907 RPD:0
[CH: 50] LEN: 12 | HEX: E9 77 54 F5 F6 73 96 F7 94 AE BF FF | T:839907 RPD:0
[CH: 50] LEN: 12 | HEX: F5 77 7A F6 F6 70 96 FB 23 2C BF FB | T:839918 RPD:1
[CH: 50] LEN: 12 | HEX: F5 77 FA F5 F6 73 96 FF D4 AE BF FF | T:839919 RPD:0
[CH: 50] LEN: 12 | HEX: F5 77 D7 FC FC 70 96 FF 23 2C BF FF | T:839930 RPD:0
[CH: 50] LEN: 12 | HEX: F5 77 FE F4 FA 70 96 FF 23 2C BF AD | T:839941 RPD:1
[CH: 50] LEN: 12 | HEX: FD 77 BE FD F4 73 96 F7 94 AE A7 EF | T:839941 RPD:0
[CH: 50] LEN: 12 | HEX: F9 77 F6 EE FE 70 96 EB 23 2C B7 B7 | T:839953 RPD:1
[CH: 50] LEN: 12 | HEX: F5 77 DA FD FD 73 96 ED 14 AE BB FF | T:839953 RPD:1
[CH: 50] LEN: 12 | HEX: F9 77 EE FD EE 70 96 FB 23 2C BF FD | T:839964 RPD:1
[CH: 50] LEN: 12 | HEX: F5 77 7A ED ED 73 96 F7 94 AE BE FA | T:839965 RPD:0
[CH: 50] LEN: 12 | HEX: E9 77 7A FE FF 70 96 F7 23 2C BD FF | T:839976 RPD:1
[CH: 50] LEN: 12 | HEX: F9 77 DE EE FE 70 96 F6 63 2C B7 FF | T:839987 RPD:1
[CH: 50] LEN: 12 | HEX: F5 77 DC F6 F6 70 96 FF A3 2C BD 5E | T:839988 RPD:1
[CH: 50] LEN: 12 | HEX: F9 77 76 ED FF 73 96 ED 94 AF BF B7 | T:839999 RPD:1
[CH: 50] LEN: 12 | HEX: F9 7F 7E FE EE 70 96 FE A3 2C BF FF | T:840000 RPD:0
[CH: 50] LEN: 12 | HEX: F1 77 7A FD EE 73 96 EB 94 AE BF FF | T:840011 RPD:1
[CH: 50] LEN: 12 | HEX: F5 77 6A FE EE 70 96 FF 23 2C BF FF | T:840011 RPD:0
[CH: 50] LEN: 12 | HEX: F9 77 FE ED DA 73 96 FF 14 AE AA F7 | T:840022 RPD:0
[CH: 50] LEN: 12 | HEX: F9 77 B6 FE FD 70 96 EF 23 2C B7 BB | T:840034 RPD:1
[CH: 50] LEN: 12 | HEX: F9 77 F6 FD FA 73 96 FE 94 AE B7 BD | T:840034 RPD:1
[CH: 50] LEN: 12 | HEX: F1 77 FA FD EE 70 96 FE A3 2C BF 7A | T:840045 RPD:1
[CH: 50] LEN: 12 | HEX: F1 77 DF FD EE 73 96 EF 94 AE BD FD | T:840046 RPD:0
[CH: 50] LEN: 12 | HEX: F1 77 F6 FE EB 70 96 EB 23 2C BE FF | T:840057 RPD:1
[CH: 50] LEN: 12 | HEX: F9 77 76 FA EE 70 96 EF 23 2C B7 7F | T:840068 RPD:1
[CH: 50] LEN: 12 | HEX: FD 77 FA F5 EE 73 96 EF 14 AE AF FF | T:840068 RPD:0
[CH: 50] LEN: 12 | HEX: E9 77 BE FE FE 70 96 EA 23 2C BF EF | T:840080 RPD:0
[CH: 50] LEN: 12 | HEX: FD 77 BE FE FC 70 96 F7 23 2C BD 7F | T:840082 RPD:1
[CH: 50] LEN: 12 | HEX: FD 77 BE FD FD 73 96 FF 54 AE BF FB | T:840093 RPD:1
[CH: 50] LEN: 12 | HEX: F1 7F 7A F5 FA 73 96 EE 94 AE BE B7 | T:840094 RPD:1
[CH: 50] LEN: 12 | HEX: E9 77 B6 EE FE 70 96 FF 23 2C BF FF | T:840105 RPD:1
[CH: 50] LEN: 12 | HEX: F5 77 B4 F6 EE 70 96 EF 23 2C B7 DF | T:840105 RPD:0
[CH: 50] LEN: 12 | HEX: F5 77 B6 FD ED 73 96 FF 94 AE AB FB | T:840116 RPD:0
[CH: 50] LEN: 12 | HEX: F5 77 BA FD F6 70 96 FE A3 2C BF FF | T:840128 RPD:1
[CH: 50] LEN: 12 | HEX: FD 77 F6 FD FC 73 96 EB 94 AE BB DF | T:840128 RPD:1
[CH: 50] LEN: 12 | HEX: F1 77 EA FF FE 70 96 F6 23 2C AD FD | T:840139 RPD:1
[CH: 50] LEN: 12 | HEX: F1 77 EE F6 F6 60 96 ED 23 2C BD FB | T:840140 RPD:0
[CH: 50] LEN: 12 | HEX: F9 77 7A F5 FD 73 96 FD 94 AE BF 6F | T:840151 RPD:1
[CH: 50] LEN: 12 | HEX: F5 77 BE FE EE 70 96 F7 23 2C B5 FF | T:840151 RPD:0
[CH: 50] LEN: 12 | HEX: F9 77 DE FD F6 73 96 EB 94 AE BF 7F | T:840162 RPD:1
[CH: 50] LEN: 12 | HEX: F5 77 76 F6 F6 70 96 F6 A3 2C BE FF | T:840174 RPD:1
[CH: 50] LEN: 12 | HEX: F9 77 BA FD DD 73 96 F7 94 AE BF EB | T:840174 RPD:0
[CH: 50] LEN: 12 | HEX: F1 77 76 FA F5 70 96 FF A3 2C BB FF | T:840185 RPD:1
[CH: 50] LEN: 12 | HEX: F9 7F FE FD EE 73 96 FF 14 AE BF BD | T:840185 RPD:0
[CH: 50] LEN: 12 | HEX: F5 77 F6 FE FD 70 96 FE A3 2C BF FF | T:840197 RPD:1
[CH: 50] LEN: 12 | HEX: F5 77 BE FE F6 78 96 FE A3 2C BF 7F | T:840197 RPD:0
[CH: 50] LEN: 12 | HEX: F1 77 F4 FD EE 73 96 FF 54 AE BD EF | T:840208 RPD:1
[CH: 50] LEN: 12 | HEX: F9 77 BC FD FD 73 96 FF 94 AE BF 3F | T:840220 RPD:1
[CH: 50] LEN: 12 | HEX: E9 77 DE FE F6 70 96 FF A3 2C BF F7 | T:840220 RPD:0
[CH: 50] LEN: 12 | HEX: F9 77 F4 FD EA 73 96 EB 94 AE BF D7 | T:840231 RPD:1
[CH: 50] LEN: 12 | HEX: F9 77 FA FD FE 73 96 FA 94 AE AB F7 | T:840231 RPD:0
[CH: 50] LEN: 12 | HEX: F1 77 F6 ED FD 73 96 FD 94 AE BF EE | T:840243 RPD:1
[CH: 50] LEN: 12 | HEX: F9 77 F4 FD FE 73 96 DE 94 AE BF FF | T:840254 RPD:1
[CH: 50] LEN: 12 | HEX: F5 77 BE F5 EA 70 96 F6 A3 6C B5 FF | T:840254 RPD:0
[CH: 50] LEN: 12 | HEX: F9 77 BE FD EE 73 96 FF 14 AE BF EB | T:840266 RPD:1
[CH: 50] LEN: 12 | HEX: F9 77 7A FF F6 70 96 FE A3 2C B7 FD | T:840266 RPD:0
[CH: 50] LEN: 12 | HEX: E9 77 FD FB FD 73 96 F7 14 AE BB FE | T:840277 RPD:1
[CH: 50] LEN: 12 | HEX: F9 77 AE FE FE 78 96 EF 23 2C BF EE | T:840277 RPD:0
[CH: 50] LEN: 12 | HEX: F9 77 DE FD FD 73 96 F7 14 AE AE AA | T:840289 RPD:0
[CH: 50] LEN: 12 | HEX: F9 77 B7 00 00 71 96 FF 9C 55 AF DF | T:840310 RPD:1
[CH: 50] LEN: 12 | HEX: F9 77 DF 00 00 71 96 FB 1C 55 BF EF | T:840311 RPD:1
[CH: 50] LEN: 12 | HEX: F4 6D F5 00 F6 ED 96 F7 6C 9D AF FF | T:840341 RPD:1
[CH: 50] LEN: 12 | HEX: F8 6D FD 00 EE FD 96 F5 6C 9F BF FF | T:840342 RPD:1
[CH: 50] LEN: 12 | HEX: FD 77 7F 00 00 71 96 FE 9C 55 BD D9 | T:840611 RPD:1
[CH: 50] LEN: 12 | HEX: F8 6D DF 00 F4 F5 96 EE EC 9F 35 FF | T:840641 RPD:1
[CH: 50] LEN: 12 | HEX: F0 6D F6 80 FA F5 96 FF 6C 9F BF FF | T:840641 RPD:1
[CH: 50] LEN: 12 | HEX: F9 77 F5 00 00 71 96 FF 9C 55 BE D7 | T:840910 RPD:1
[CH: 50] LEN: 12 | HEX: ED 77 AF 00 00 71 96 EE 9C 55 B6 7E | T:840911 RPD:1
[CH: 50] LEN: 12 | HEX: F4 6D FA 00 F5 F5 96 FD 6C 9D 3F FF | T:840940 RPD:1
[CH: 50] LEN: 12 | HEX: F0 6D FD 00 FA ED 96 FF EC 9D BF 7F | T:840941 RPD:1
[CH: 50] LEN: 12 | HEX: E9 77 77 00 00 71 97 F7 DC 55 B5 AE | T:841210 RPD:1
[CH: 50] LEN: 12 | HEX: F1 77 77 00 00 71 96 FE 9C 55 BE FF | T:841210 RPD:1
[CH: 50] LEN: 12 | HEX: E8 6D FA 00 FE E9 96 F7 6C 9F BB 7E | T:841241 RPD:1
[CH: 50] LEN: 12 | HEX: FE 76 F7 00 8C ED 96 F7 30 70 BF F7 | T:841384 RPD:1
[CH: 50] LEN: 12 | HEX: F6 76 FF 80 8C F5 96 FB 30 70 BF FF | T:841385 RPD:1
[CH: 50] LEN: 12 | HEX: FA 76 FD F6 73 AD 96 FF AE 8D BF FF | T:841415 RPD:1
[CH: 50] LEN: 12 | HEX: F6 76 FE F5 70 ED 96 F7 BB 83 BF FD | T:841418 RPD:1
[CH: 50] LEN: 12 | HEX: EA 76 F4 F4 71 DD 96 ED E7 66 BE AF | T:841421 RPD:1
[CH: 50] LEN: 12 | HEX: EA 76 EE EB 76 F5 96 F7 D1 9F AF FE | T:841452 RPD:1
[CH: 50] LEN: 12 | HEX: F2 76 FC FA 77 DD 96 EF 8D 7A BA FA | T:841482 RPD:1
[CH: 50] LEN: 12 | HEX: FA 76 F6 F9 74 F5 96 FF B8 74 BF 7F | T:841511 RPD:1
[CH: 50] LEN: 12 | HEX: F6 76 FC E6 7B DD 96 EE C9 63 BD EF | T:841601 RPD:1
[CH: 50] LEN: 12 | HEX: FA 76 F4 ED 70 FD 96 FB 3E 6D BF FF | T:841631 RPD:1
[CH: 50] LEN: 12 | HEX: F6 76 F6 F4 7D FD 96 EF E0 88 BF FE | T:841662 RPD:1
[CH: 50] LEN: 12 | HEX: F6 76 FA F3 7A FD 96 FD D6 71 AF F7 | T:841691 RPD:1
[CH: 50] LEN: 12 | HEX: FA 76 EE F9 7C FD 96 F6 FF 5A BF F2 | T:841751 RPD:1
[CH: 50] LEN: 12 | HEX: EA 76 F6 F0 75 ED 96 FF 63 77 7F FF | T:841781 RPD:1
[CH: 50] LEN: 12 | HEX: F2 76 FE EF 62 E9 96 EE 0D 95 B5 F7 | T:841811 RPD:1
[CH: 50] LEN: 12 | HEX: FA 76 FE EE 63 FD 96 FD D1 70 BF 7F | T:841841 RPD:1
[CH: 50] LEN: 12 | HEX: FA 76 FC ED 60 F5 96 FF A4 7E BF FF | T:841871 RPD:0
[CH: 50] LEN: 12 | HEX: FA 76 FE EC 61 FD 96 FA F8 9B BF F5 | T:841901 RPD:0
[CH: 50] LEN: 12 | HEX: FA 76 EE EA 67 FD 96 FB 92 87 FA BD | T:841961 RPD:0
[CH: 50] LEN: 12 | HEX: EA 76 FE E8 65 EB 96 FF 3B 6C BF FF | T:842021 RPD:0
[CH: 50] LEN: 12 | HEX: FA 7E F5 E7 6A E9 96 FD 4A 7B BF DF | T:842051 RPD:0
[CH: 50] LEN: 12 | HEX: F2 76 FE E6 6B DD 96 FF 56 9E BB FA | T:842081 RPD:0
[CH: 50] LEN: 12 | HEX: FA 6E D4 C5 68 E9 96 FF 23 90 AB FD | T:842111 RPD:0
[CH: 50] LEN: 12 | HEX: F2 5E F6 E3 6E DD D6 FD C9 8C BE FD | T:842171 RPD:0
[CH: 50] LEN: 12 | HEX: F6 76 FA FD 78 FB 96 FB BB 83 CE FD | T:842325 RPD:0
[CH: 50] LEN: 12 | HEX: FA 76 FE FC 71 FD 96 EF 67 66 BB FD | T:842329 RPD:0
[CH: 50] LEN: 12 | HEX: F2 7B D5 80 81 FD 96 EB A3 BC BF FF | T:842544 RPD:1
[CH: 50] LEN: 12 | HEX: FA 7B FD 00 81 FD 96 F5 E3 FC BF BF | T:842545 RPD:1
[CH: 50] LEN: 12 | HEX: ED 77 FA EA EE 70 96 EA A3 2C BD FE | T:842575 RPD:1
[CH: 50] LEN: 12 | HEX: F9 77 BD F5 FE 73 96 FD 94 AE BF AF | T:842578 RPD:1
[CH: 50] LEN: 12 | HEX: F1 77 DC FE F6 70 96 F7 23 2C BD F7 | T:842581 RPD:1
[CH: 50] LEN: 12 | HEX: F5 77 7E FD FE 73 96 FE 94 AE BD FE | T:842593 RPD:1
[CH: 50] LEN: 12 | HEX: F9 77 7E FE FE 70 96 FF 23 2C BE FF | T:842593 RPD:0
[CH: 50] LEN: 12 | HEX: E9 77 DE FD F6 73 96 FF D4 AE BF FF | T:842604 RPD:1
[CH: 50] LEN: 12 | HEX: F1 77 BE FC FE 70 96 F7 23 2C BF F7 | T:842604 RPD:0
[CH: 50] LEN: 12 | HEX: F1 77 FE FD FE 73 96 F7 94 AE BB 7F | T:842616 RPD:1
[CH: 50] LEN: 12 | HEX: F9 77 BA F6 F6 70 96 F6 A3 2C BB F4 | T:842627 RPD:1
[CH: 50] LEN: 12 | HEX: FD 77 FA F5 FE 73 96 F7 D4 AE AF FD | T:842627 RPD:0
[CH: 50] LEN: 12 | HEX: F9 77 FA FE FE 70 96 F5 23 2C BF 7F | T:842639 RPD:1
[CH: 50] LEN: 12 | HEX: F9 77 BE F6 F6 70 96 F6 23 2C BE F7 | T:842639 RPD:0
[CH: 50] LEN: 12 | HEX: F1 77 FC F5 FE 73 96 F7 54 AE BF F7 | T:842650 RPD:1
[CH: 50] LEN: 12 | HEX: E9 77 FC EE F6 70 96 F5 23 2C BF F5 | T:842661 RPD:1
[CH: 50] LEN: 12 | HEX: F1 77 F6 F5 FD 73 96 F7 94 AE BF FF | T:842662 RPD:0
[CH: 50] LEN: 12 | HEX: F9 77 DC F6 FE 70 96 FE 63 2C BE FF | T:842673 RPD:1
[CH: 50] LEN: 12 | HEX: F9 77 F6 F5 DD 73 96 FE 94 AE BF FF | T:842673 RPD:0
[CH: 50] LEN: 12 | HEX: ED 77 F4 F6 F6 70 96 EF A3 2C BF B7 | T:842685 RPD:1
[CH: 50] LEN: 12 | HEX: F9 77 F4 FD FE 73 96 F7 54 AE BF F7 | T:842685 RPD:0
[CH: 50] LEN: 12 | HEX: F9 77 FA EE F6 70 96 FF 23 2C B7 DF | T:842696 RPD:1
[CH: 50] LEN: 12 | HEX: F5 77 D6 FD EE 73 96 FE 94 AE BF BF | T:842707 RPD:1
[CH: 50] LEN: 12 | HEX: E9 77 6A FA EE 70 96 FA 23 2C BF FF | T:842708 RPD:0
[CH: 50] LEN: 12 | HEX: F9 77 7E ED EE 73 96 F7 54 AE BF FF | T:842719 RPD:1
[CH: 50] LEN: 12 | HEX: F9 77 BA FD FE 73 96 EF 14 AE AF FB | T:842719 RPD:0
[CH: 50] LEN: 12 | HEX: F5 77 BA F6 EF 70 96 F7 23 2C BD DF | T:842731 RPD:1
[CH: 50] LEN: 12 | HEX: F9 77 BA FD FD 73 96 F6 94 AE BB DF | T:842731 RPD:0
[CH: 50] LEN: 12 | HEX: F9 77 AE FE F4 70 96 EF A3 2C BE FF | T:842742 RPD:1
[CH: 50] LEN: 12 | HEX: F9 77 BE F5 FD 73 96 FD 94 AE B7 AA | T:842753 RPD:1
[CH: 50] LEN: 12 | HEX: F5 77 B6 F4 FE 70 96 FE 23 2D AF FF | T:842754 RPD:0
[CH: 50] LEN: 12 | HEX: F9 77 B6 F6 FE 70 96 FF A3 2C BF 6D | T:842765 RPD:1
[CH: 50] LEN: 12 | HEX: F9 77 F4 FE F6 70 96 FE A3 2C BD FF | T:842765 RPD:0
[CH: 50] LEN: 12 | HEX: F5 77 FA FD FC 73 96 ED 94 AE BF F9 | T:842776 RPD:1
[CH: 50] LEN: 12 | HEX: F9 77 B6 ED FD 73 96 EB 54 AE BD BF | T:842788 RPD:1
[CH: 50] LEN: 12 | HEX: F1 77 76 F5 DE 73 96 F7 14 AE B7 FF | T:842788 RPD:1
[CH: 50] LEN: 12 | HEX: F5 77 F4 FE FE 70 96 FE 23 2C B7 FF | T:842799 RPD:1
[CH: 50] LEN: 12 | HEX: F9 77 BE FB FD 73 96 FF 54 AE BF BF | T:842800 RPD:0
[CH: 50] LEN: 12 | HEX: F5 77 7E FE FE 70 96 FD A3 2C B7 BB | T:842811 RPD:1
[CH: 50] LEN: 12 | HEX: F9 77 FC F9 FD 73 96 FF 94 AE BB FF | T:842811 RPD:0
[CH: 50] LEN: 12 | HEX: F9 77 BE FA FE 70 96 FB 23 2C BD EE | T:842822 RPD:1
[CH: 50] LEN: 12 | HEX: E9 77 FA FF FA 73 96 EF 94 AE BF BD | T:842834 RPD:1
[CH: 50] LEN: 12 | HEX: F9 77 B4 FE F6 70 96 EE A3 2C BD F7 | T:842834 RPD:0
[CH: 50] LEN: 12 | HEX: F1 77 7E F5 DE 73 96 FE 94 AE AF FE | T:842845 RPD:1
[CH: 50] LEN: 12 | HEX: F9 77 BE FD EE 73 96 FE 94 AE BF 7F | T:842846 RPD:0
[CH: 50] LEN: 12 | HEX: F1 77 7E EC FE 70 96 FB 23 2C BF AF | T:842857 RPD:1
[CH: 50] LEN: 12 | HEX: F9 77 F6 F5 DE 73 96 F7 94 AE BF FF | T:842857 RPD:0
[CH: 50] LEN: 12 | HEX: F5 77 BE FE FA 70 96 FE A3 2C BE EA | T:842868 RPD:1
[CH: 50] LEN: 12 | HEX: ED 77 7A ED D6 73 96 F7 94 AE A7 BF | T:842880 RPD:1
[CH: 50] LEN: 12 | HEX: F9 77 F4 FE FD 70 96 FF A3 2C BF 7D | T:842880 RPD:0
[CH: 50] LEN: 12 | HEX: F5 77 BE FD DD 73 96 FF 54 AE BD FE | T:842891 RPD:1
[CH: 50] LEN: 12 | HEX: E9 77 FA EE F6 70 96 FF 23 2C B7 DB | T:842892 RPD:0
[CH: 50] LEN: 12 | HEX: F9 77 F4 E9 DD 73 96 FF 54 AE BF 5F | T:842903 RPD:1
[CH: 50] LEN: 12 | HEX: E9 77 7E FE FE 78 96 FB 23 2C BF FF | T:842903 RPD:0
[CH: 50] LEN: 12 | HEX: F5 77 7E ED FF 73 96 F7 14 AE AF 6F | T:842914 RPD:1
[CH: 50] LEN: 12 | HEX: F5 77 FA FE FA 70 96 F7 A3 2C B7 FF | T:842926 RPD:1
[CH: 50] LEN: 12 | HEX: F1 77 FA F3 FE 73 96 FE 94 AE BF BF | T:842926 RPD:1
[CH: 50] LEN: 12 | HEX: F1 77 7E FE EE 70 96 ED A3 2C AD FE | T:842937 RPD:1
[CH: 50] LEN: 12 | HEX: E9 77 BE FE F4 70 96 F7 23 2C BB BE | T:842938 RPD:0
[CH: 50] LEN: 12 | HEX: F1 77 AC FA FE 70 96 EE A3 2C BF FF | T:842949 RPD:1
[CH: 50] LEN: 12 | HEX: F9 77 BA FD EE 73 96 FD 14 AE BF FF | T:842960 RPD:1
[CH: 50] LEN: 12 | HEX: F5 77 FA F6 FA 70 96 F5 23 6C BD B7 | T:842960 RPD:0
[CH: 50] LEN: 12 | HEX: F9 77 7E ED EC 73 96 FD 14 AE BF F7 | T:842972 RPD:1
[CH: 50] LEN: 12 | HEX: F9 77 FE F6 FE 70 96 FF 23 2C BF 7B | T:842972 RPD:0
[CH: 50] LEN: 12 | HEX: F9 77 BE F5 EE 73 96 FE 94 AE BF FF | T:842983 RPD:1
[CH: 50] LEN: 12 | HEX: F1 77 BA FB F6 73 96 FF 14 AE BF DF | T:842983 RPD:0
[CH: 50] LEN: 12 | HEX: F5 77 AA FF FA 70 96 FF 23 2C BF FF | T:842995 RPD:1
[CH: 50] LEN: 12 | HEX: F1 77 FD FD FD 73 96 FB 94 AE AF FB | T:843006 RPD:1
[CH: 50] LEN: 12 | HEX: F1 77 F4 F6 EE 70 96 FD 23 2C AF F7 | T:843006 RPD:0
[CH: 50] LEN: 12 | HEX: F5 77 76 FD FD 73 96 FF 14 AE BF 5F | T:843018 RPD:1
[CH: 50] LEN: 12 | HEX: F1 77 AC F6 EE 70 96 FD 23 2C BD FE | T:843018 RPD:0
[CH: 50] LEN: 12 | HEX: F1 77 7E ED EC 73 96 F6 94 AE BF BF | T:843029 RPD:1
[CH: 50] LEN: 12 | HEX: F1 77 EA FE F6 78 96 FF 23 2C B7 EF | T:843029 RPD:0
[CH: 50] LEN: 12 | HEX: F9 77 B6 FD F6 73 96 EE 94 AE B6 FE | T:843041 RPD:0
[CH: 50] LEN: 12 | HEX: F1 77 7F 00 00 71 96 FF 9C 55 BF EB | T:843062 RPD:1
[CH: 50] LEN: 12 | HEX: FD 77 F5 00 00 71 96 EB 9C 55 BD D7 | T:843063 RPD:1
[CH: 50] LEN: 12 | HEX: E8 6D DF 00 F5 ED 96 FE EC 9D BF AF | T:843093 RPD:1
[CH: 50] LEN: 12 | HEX: F4 6D EF 00 F6 FD 96 FE 6C 9F BF EE | T:843094 RPD:1
[CH: 50] LEN: 12 | HEX: F9 77 BF 00 00 71 96 FB 9C 55 BB AD | T:843362 RPD:1
[CH: 50] LEN: 12 | HEX: F9 77 B5 00 00 71 96 EB 1C 55 BF FE | T:843363 RPD:1
[CH: 50] LEN: 12 | HEX: F8 6D FE 80 FF F5 96 F5 6C 9E B3 BF | T:843393 RPD:1
[CH: 50] LEN: 12 | HEX: E8 6D FA 00 FA FD 96 F6 6C 9E B7 DF | T:843393 RPD:1
[CH: 50] LEN: 12 | HEX: F9 7F BF 00 00 71 96 F7 1C 55 BF AF | T:843663 RPD:1
[CH: 50] LEN: 12 | HEX: F4 6D DA 00 FE F5 96 EB 6C 9D B7 FE | T:843693 RPD:1
[CH: 50] LEN: 12 | HEX: F0 6D DA 80 FD E9 96 EB 6C 9D BF FF | T:843693 RPD:1
[CH: 50] LEN: 12 | HEX: E9 77 77 00 00 71 96 F7 1C 55 BB FF | T:843962 RPD:1
[CH: 50] LEN: 12 | HEX: E9 77 AF 00 00 71 96 FE 9C 55 B7 BF | T:843962 RPD:1
[CH: 50] LEN: 12 | HEX: F0 6D FD 00 F6 FD 96 F5 6C 9F BF FE | T:843992 RPD:1
[CH: 50] LEN: 12 | HEX: F4 6D F6 80 EE FD 96 FE EC 9E BF 7D | T:843993 RPD:1
[CH: 50] LEN: 12 | HEX: FA 76 F5 00 8C FD 96 FB 30 70 BF F7 | T:844046 RPD:1
[CH: 50] LEN: 12 | HEX: F6 76 FE FE 73 DD 96 F5 CE 8D BE FE | T:844077 RPD:1
[CH: 50] LEN: 12 | HEX: EA 7E FE F5 70 E9 96 F7 BB 83 BF DF | T:844081 RPD:1
[CH: 50] LEN: 12 | HEX: F6 76 F5 F6 71 ED 96 EA 67 66 BE FB | T:844085 RPD:1
[CH: 50] LEN: 12 | HEX: F6 76 FD EB 76 F5 96 F6 D1 9F FE FF | T:844115 RPD:1
[CH: 50] LEN: 12 | HEX: EA 76 F4 EA 77 AF 96 EF 8D 7A BF 5F | T:844145 RPD:1
[CH: 50] LEN: 12 | HEX: F6 76 FE F0 75 EB 96 DD 24 91 BF FD | T:844205 RPD:1
[CH: 50] LEN: 12 | HEX: F6 76 F6 E7 76 ED 96 EE 95 86 BF DF | T:844235 RPD:1
[CH: 50] LEN: 12 | HEX: EA 76 FA F6 77 BB 96 EF 49 63 BF FB | T:844265 RPD:1
[CH: 50] LEN: 12 | HEX: EA 76 FE FD 7C ED B6 EF 3C 6D BF DE | T:844295 RPD:1
[CH: 50] LEN: 12 | HEX: F6 76 FE FC 79 ED 96 F7 E0 88 BF BF | T:844325 RPD:1
[CH: 50] LEN: 12 | HEX: F6 76 FE F3 74 FD 96 F5 96 71 AF FF | T:844355 RPD:1
[CH: 50] LEN: 12 | HEX: F6 76 FD EA 7F BD 96 F5 0A 94 BB 77 | T:844385 RPD:1
[CH: 50] LEN: 12 | HEX: F6 76 FE E1 7C FD 96 EF FF 9A BF DA | T:844415 RPD:1
[CH: 50] LEN: 12 | HEX: FA 76 FB E0 75 DD 96 FF 63 7F BF BD | T:844445 RPD:1
[CH: 50] LEN: 12 | HEX: FA 76 FA EF 62 F5 96 F5 0D 95 BF FD | T:844475 RPD:1
[CH: 50] LEN: 12 | HEX: FA 76 FC EE 63 D5 96 EF 71 70 BF EF | T:844505 RPD:1
[CH: 50] LEN: 12 | HEX: FA 76 FE ED 60 FD 96 FB A4 7E AF F7 | T:844535 RPD:0
[CH: 50] LEN: 12 | HEX: FA 76 FE EC 61 F5 96 FF 78 9B BF FF | T:844564 RPD:0
[CH: 50] LEN: 12 | HEX: FA 76 FE EA 67 FD 96 FD 92 87 BF FE | T:844624 RPD:0
[CH: 50] LEN: 12 | HEX: F2 76 F5 E9 64 F5 96 F5 57 89 BD EF | T:844654 RPD:0
[CH: 50] LEN: 12 | HEX: F2 76 FA E8 65 F9 96 FF 3B 6C BA AD | T:844684 RPD:0
[CH: 50] LEN: 12 | HEX: FA 76 FE E7 6A FD 96 FF 8A 7B BF 7B | T:844714 RPD:0
[CH: 50] LEN: 12 | HEX: FA 76 FA E6 6B D5 96 FF 56 96 BE BF | T:844744 RPD:0
[CH: 50] LEN: 12 | HEX: F2 76 FE E5 68 F5 96 FD 23 90 BF F7 | T:844774 RPD:0
[CH: 50] LEN: 12 | HEX: FA 76 EE E3 6E FD 96 FF 69 8C BF FF | T:844834 RPD:0
[CH: 50] LEN: 12 | HEX: FA 76 FE E2 6F FD 96 FF 15 69 AB AA | T:844864 RPD:0
[CH: 50] LEN: 12 | HEX: FA 76 FE E1 6C F5 96 FD 60 67 BE B7 | T:844894 RPD:0
[CH: 50] LEN: 12 | HEX: FA 76 FC E0 6D FD 96 FF BC 82 BB F7 | T:844924 RPD:0
[CH: 50] LEN: 12 | HEX: F2 76 FE DF 52 ED 96 FF 2D 92 BF 77 | T:844954 RPD:0
[CH: 50] LEN: 12 | HEX: FA 76 FE FE 73 FD 96 F7 8E 8D AF EE | T:844984 RPD:0
[CH: 50] LEN: 12 | HEX: F6 7B EF 00 81 FD 96 FF A3 FC BF 6F | T:845186 RPD:1
[CH: 50] LEN: 12 | HEX: FA 7B EB 00 81 FD 96 FF F3 FC AF FF | T:845187 RPD:0
[CH: 50] LEN: 12 | HEX: F9 77 5D EA F5 70 96 FA A3 2C BE DD | T:845216 RPD:1
[CH: 50] LEN: 12 | HEX: F9 77 DC E9 EE 73 96 F5 14 AE BF F7 | T:845219 RPD:1
[CH: 50] LEN: 12 | HEX: F9 77 B5 F9 FE 73 96 FF 94 AE BE BD | T:845242 RPD:1
[CH: 50] LEN: 12 | HEX: F1 77 FE F4 FE 70 96 FF 23 2C BF 56 | T:845246 RPD:1
[CH: 50] LEN: 12 | HEX: F1 77 FD F5 F4 73 96 FF 14 AF AE BF | T:845248 RPD:1
[CH: 50] LEN: 12 | HEX: F9 77 DB F6 FC 70 96 FF 23 2C BF FF | T:845260 RPD:1
[CH: 50] LEN: 12 | HEX: F9 77 5A FD F6 73 96 F7 94 AE BE FF | T:845260 RPD:0
[CH: 50] LEN: 12 | HEX: F9 77 FE F6 EA 70 96 FA A3 2C BF FF | T:845271 RPD:1
[CH: 50] LEN: 12 | HEX: F1 77 FD FB F5 73 96 FD 14 AE BF ED | T:845272 RPD:0
[CH: 50] LEN: 12 | HEX: F1 77 B4 F6 F5 70 96 FB 23 2C BF F7 | T:845283 RPD:1
[CH: 50] LEN: 12 | HEX: E9 77 DC FB EE 73 96 F5 94 AE BB FF | T:845294 RPD:0
[CH: 50] LEN: 12 | HEX: F9 77 DE FE FB 70 96 FF 23 2C BA EE | T:845294 RPD:0
[CH: 50] LEN: 12 | HEX: F9 77 F8 FE FC 70 96 FF 23 2C BF F7 | T:845306 RPD:1
[CH: 50] LEN: 12 | HEX: F1 77 BA F5 DE 7B 96 FF 54 AE BF DF | T:845318 RPD:1
[CH: 50] LEN: 12 | HEX: E9 77 FD FE FE 70 96 FF A3 2C B5 FF | T:845321 RPD:1
[CH: 50] LEN: 12 | HEX: F9 77 FD FB FA 73 96 F7 94 AE BF FF | T:845324 RPD:1
[CH: 50] LEN: 12 | HEX: F1 77 F6 EE FE 60 96 EE A3 2C BF FF | T:845336 RPD:1
[CH: 50] LEN: 12 | HEX: F9 77 FE FB DD 73 96 FF 54 AE B5 FF | T:845336 RPD:1
[CH: 50] LEN: 12 | HEX: E9 77 BE EE FD 70 96 F7 23 2C BF FE | T:845350 RPD:1
[CH: 50] LEN: 12 | HEX: ED 77 BC FD ED 73 96 EE 94 AE BD 6F | T:845353 RPD:1
[CH: 50] LEN: 12 | HEX: E9 77 FA FE F6 70 96 F7 23 2C BE FF | T:845365 RPD:1
[CH: 50] LEN: 12 | HEX: ED 77 5A FD DE 73 96 F7 54 AE BD F5 | T:845365 RPD:1
[CH: 50] LEN: 12 | HEX: F1 77 FA FA FE 70 96 F5 23 2C BB 77 | T:845379 RPD:1
[CH: 50] LEN: 12 | HEX: F5 77 FA F5 FD 73 96 EF 14 AE BF 5F | T:845382 RPD:1
[CH: 50] LEN: 12 | HEX: F5 77 F4 FE FE 70 96 F7 23 6C B7 EF | T:845385 RPD:1
[CH: 50] LEN: 12 | HEX: E9 77 FA FD FD 73 96 FF 14 AE AF EB | T:845397 RPD:1
[CH: 50] LEN: 12 | HEX: E9 77 7E FE FF 70 96 F6 A3 2C BF 7E | T:845397 RPD:0
[CH: 50] LEN: 12 | HEX: F9 77 6A FD FE 73 96 EB 94 AE BF FF | T:845408 RPD:1
[CH: 50] LEN: 12 | HEX: F9 77 F6 FE ED 70 96 F5 23 2C B7 BF | T:845409 RPD:1
[CH: 50] LEN: 12 | HEX: F5 77 F4 FD EE 73 96 F7 94 AE BA FF | T:845420 RPD:1
[CH: 50] LEN: 12 | HEX: E9 77 5A F6 EE 70 96 F7 23 2C BF FE | T:845438 RPD:1
[CH: 50] LEN: 12 | HEX: F5 77 FC FD FE 73 96 F7 94 AE BF FF | T:845441 RPD:1
[CH: 50] LEN: 12 | HEX: F1 77 76 FE FC 68 96 EF 23 2C BE FF | T:845444 RPD:1
[CH: 50] LEN: 12 | HEX: F1 77 5E FD EE 73 96 F7 94 AE BF DF | T:845456 RPD:1
[CH: 50] LEN: 12 | HEX: F5 77 BE EE FC 70 96 F7 23 2C BF BB | T:845456 RPD:0
[CH: 50] LEN: 12 | HEX: F9 77 7E FD FD 73 96 EF 94 AE BF 77 | T:845467 RPD:1
[CH: 50] LEN: 12 | HEX: E9 77 BE F6 EA 70 96 F7 23 2C BD FF | T:845468 RPD:0
[CH: 50] LEN: 12 | HEX: FD 77 76 F5 EE 73 96 F6 94 AE BF FF | T:845479 RPD:1
[CH: 50] LEN: 12 | HEX: F5 77 7E F4 FD 70 96 ED A3 2C BE FA | T:845490 RPD:1
[CH: 50] LEN: 12 | HEX: E9 77 BE FD FD 73 96 FB 94 AE BE FB | T:845490 RPD:0
[CH: 50] LEN: 12 | HEX: E9 77 6E FC FD 70 96 FF 23 2C BB FF | T:845502 RPD:1
[CH: 50] LEN: 12 | HEX: ED 77 F6 FF EE 70 96 FF A3 2C BF F5 | T:845502 RPD:0
[CH: 50] LEN: 12 | HEX: E9 77 FA FB FD 6B 96 FF 54 AE BF 5D | T:845513 RPD:1
[CH: 50] LEN: 12 | HEX: F9 77 FE FC FE 70 96 FF 23 2C AF EE | T:845514 RPD:0
[CH: 50] LEN: 12 | HEX: F5 77 B6 ED FD 73 96 FA 94 AE B7 BF | T:845525 RPD:1
[CH: 50] LEN: 12 | HEX: F5 77 FA FE F4 70 96 FD 23 2C BF FE | T:845536 RPD:1
[CH: 50] LEN: 12 | HEX: E9 77 BE FD EE 73 96 F7 D4 AE BF FF | T:845536 RPD:0
[CH: 50] LEN: 12 | HEX: F9 77 FA FD FD 73 96 FE 94 AE BF DF | T:845548 RPD:1
[CH: 50] LEN: 12 | HEX: F9 77 DE FD FF 73 96 FE 94 AE BF FF | T:845548 RPD:0
[CH: 50] LEN: 12 | HEX: ED 77 FC F6 FE 70 96 F6 23 2C BB 7F | T:845559 RPD:1
[CH: 50] LEN: 12 | HEX: F9 77 AE FD DE 73 96 FE 94 AE BD FF | T:845570 RPD:1
[CH: 50] LEN: 12 | HEX: F1 77 5E F6 EF 70 96 FB 23 2D BF BE | T:845571 RPD:0
[CH: 50] LEN: 12 | HEX: E9 77 F4 FE ED 70 96 FE A3 2C BB BE | T:845582 RPD:1
[CH: 50] LEN: 12 | HEX: F5 77 BC F5 FC 73 96 FE 94 AE BE FB | T:845582 RPD:0
[CH: 50] LEN: 12 | HEX: F9 77 B6 EE FD 70 96 FF A3 2C BF DB | T:845594 RPD:1
[CH: 50] LEN: 12 | HEX: F1 77 FA ED DD 73 96 FF 54 AE BF FA | T:845594 RPD:0
[CH: 50] LEN: 12 | HEX: F5 77 BE ED D6 73 96 F7 54 AE BF 7B | T:845605 RPD:1
[CH: 50] LEN: 12 | HEX: F1 77 BE FE F6 70 96 FF 23 2C BF FF | T:845616 RPD:1
[CH: 50] LEN: 12 | HEX: F5 77 DE FD FD 73 96 F7 94 AE BF EF | T:845617 RPD:0
[CH: 50] LEN: 12 | HEX: F9 77 F4 FA EA 70 96 FF 23 2C B7 FF | T:845628 RPD:1
[CH: 50] LEN: 12 | HEX: F5 77 BA FA F6 70 96 F6 A3 2C BB FF | T:845628 RPD:0
[CH: 50] LEN: 12 | HEX: FD 77 BE EB ED 73 96 F6 94 AE BF ED | T:845640 RPD:1
[CH: 50] LEN: 12 | HEX: F9 77 BA FE EA 70 96 F6 A3 2C BF AF | T:845640 RPD:0
[CH: 50] LEN: 12 | HEX: E9 77 BA ED ED 73 D6 F6 94 AE BF FF | T:845651 RPD:1
[CH: 50] LEN: 12 | HEX: F9 77 F4 F4 FE 70 96 FF A3 2C BD D7 | T:845662 RPD:1
[CH: 50] LEN: 12 | HEX: F5 77 7E F5 DD 73 96 F5 94 AE AF FF | T:845663 RPD:0
[CH: 50] LEN: 12 | HEX: F9 77 DE FE FE 70 96 FE A3 2C BE FF | T:845674 RPD:1
[CH: 50] LEN: 12 | HEX: F5 77 AE FD F4 73 96 FA 94 AE BF 6F | T:845674 RPD:0
[CH: 50] LEN: 12 | HEX: ED 77 7A EE EC 70 96 F7 23 2C BF BF | T:845686 RPD:1
[CH: 50] LEN: 12 | HEX: E9 77 EE FD DE 63 96 F7 94 AE AB FF | T:845697 RPD:1
[CH: 50] LEN: 12 | HEX: F1 77 DE ED F6 70 96 FF 23 2C BF 7B | T:845697 RPD:0
[CH: 50] LEN: 12 | HEX: F5 77 BE F5 DE 73 96 F7 14 AE BD 7E | T:845708 RPD:1
[CH: 50] LEN: 12 | HEX: F5 77 AE F9 EE 73 96 FF 54 AE BE DF | T:845709 RPD:0
[CH: 50] LEN: 12 | HEX: F9 77 56 EE EE 70 96 FF 23 2C BF FF | T:845720 RPD:1
[CH: 50] LEN: 12 | HEX: F5 77 BE FD EE 73 96 EE 94 AE BE DF | T:845720 RPD:0
[CH: 50] LEN: 12 | HEX: F9 77 FE FE F6 70 96 FF 23 2C BF FF | T:845732 RPD:1
[CH: 50] LEN: 12 | HEX: F5 77 7E FB DD 73 96 FF 94 AE AF FD | T:845743 RPD:1
[CH: 50] LEN: 12 | HEX: F1 77 75 00 00 71 96 EB 5C 55 AF D5 | T:845758 RPD:1
[CH: 50] LEN: 12 | HEX: ED 77 DF 00 00 71 96 FB 1C 55 BE D7 | T:845758 RPD:1
[CH: 50] LEN: 12 | HEX: F0 6D EE 80 F6 FD 96 EE EC 9E BA FD | T:845788 RPD:1
[CH: 50] LEN: 12 | HEX: E8 6D FD 00 FC F5 96 F7 6C 9D 2F FD | T:845789 RPD:1
[CH: 50] LEN: 12 | HEX: F5 77 77 00 00 71 96 EE 9C 55 BF DF | T:846057 RPD:1
[CH: 50] LEN: 12 | HEX: F5 77 D5 00 00 71 B6 F7 9C 55 BE FD | T:846058 RPD:1
[CH: 50] LEN: 12 | HEX: F4 6D DD 00 FD F5 96 ED 6C 9F B7 FF | T:846088 RPD:1
[CH: 50] LEN: 12 | HEX: F8 6D F6 80 FA FD 96 FF 6C 9D BB DE | T:846089 RPD:1
[CH: 50] LEN: 12 | HEX: F1 77 5F 00 00 71 96 EF 9C 55 BF F7 | T:846357 RPD:1
[CH: 50] LEN: 12 | HEX: F1 77 7F 00 00 71 96 EF 9C 55 BF FF | T:846358 RPD:1
[CH: 50] LEN: 12 | HEX: F4 6D FD 00 F6 ED 96 FF 6C 9D BB EB | T:846388 RPD:1
[CH: 50] LEN: 12 | HEX: F8 6D FD 00 FA FD 96 EF 6C 9E BF FF | T:846388 RPD:1
[CH: 50] LEN: 12 | HEX: F9 77 FF 00 00 71 96 F7 1C 55 BB FE | T:846657 RPD:1
[CH: 50] LEN: 12 | HEX: F9 77 DB 00 00 71 96 EF 98 55 B7 FF | T:846658 RPD:1
[CH: 50] LEN: 12 | HEX: F4 6D F7 00 FE FB 96 FB 6C 9F BF BF | T:846688 RPD:1
[CH: 50] LEN: 12 | HEX: F8 6D DF 00 EC F5 96 FE EC 9E BF FF | T:846688 RPD:1
[CH: 50] LEN: 12 | HEX: FA 7E F7 00 8C ED 96 F7 30 70 BD FD | T:846842 RPD:1
[CH: 50] LEN: 12 | HEX: F2 76 F7 00 8C FD 96 F6 B0 70 BF F7 | T:846842 RPD:1
[CH: 50] LEN: 12 | HEX: F6 76 F6 FF 73 DD 96 F7 CE 8D BD FF | T:846872 RPD:1
[CH: 50] LEN: 12 | HEX: FA 76 FA FB 70 FD 96 EF BB 83 BF 7D | T:846876 RPD:1
[CH: 50] LEN: 12 | HEX: FA 76 FA F4 71 FD 96 F5 67 66 B5 FA | T:846879 RPD:1
[CH: 50] LEN: 12 | HEX: F6 76 F4 F3 76 F5 96 F6 D1 9F BF FF | T:846909 RPD:1
[CH: 50] LEN: 12 | HEX: FA 76 FE F2 77 7D 96 FF 0D 7A BE FF | T:846939 RPD:1
[CH: 50] LEN: 12 | HEX: FE 76 FE F9 74 F5 96 FF F8 74 BF 7E | T:846969 RPD:1
[CH: 50] LEN: 12 | HEX: F6 76 F6 E8 75 FD 96 FF 24 91 BF 7F | T:846999 RPD:1
[CH: 50] LEN: 12 | HEX: EA 7E FE EF 76 E9 96 F6 95 86 BF FF | T:847029 RPD:1
[CH: 50] LEN: 12 | HEX: FA 76 EE F6 73 DB 96 FD 49 63 BE FB | T:847059 RPD:1
[CH: 50] LEN: 12 | HEX: FA 76 FE F5 78 F5 96 FE BC 6D BF DF | T:847089 RPD:1
[CH: 50] LEN: 12 | HEX: EA 76 EE E4 71 DB 96 EB 60 88 BF DF | T:847119 RPD:1
[CH: 50] LEN: 12 | HEX: EA 76 F6 F3 7E F5 96 F7 D6 71 BD FF | T:847149 RPD:1
[CH: 50] LEN: 12 | HEX: F2 76 FE F2 7F 5D 96 FF 0A 94 B3 FF | T:847179 RPD:1
[CH: 50] LEN: 12 | HEX: EE 76 EA E1 7C ED 96 FE 77 5A BD ED | T:847209 RPD:1
[CH: 50] LEN: 12 | HEX: F2 76 FD F0 75 F7 96 F7 23 7D 7E DB | T:847239 RPD:1
[CH: 50] LEN: 12 | HEX: F2 76 FC EF 62 F5 96 FF 0D 95 BF EF | T:847269 RPD:1
[CH: 50] LEN: 12 | HEX: F2 76 F5 EE 63 A9 96 EB 91 70 BA F7 | T:847299 RPD:0
[CH: 50] LEN: 12 | HEX: FA 76 F6 ED 60 FD 96 FF A4 7A BD FB | T:847329 RPD:0
[CH: 50] LEN: 12 | HEX: FA 76 FC EC 61 FD 96 FD F8 9B AE FF | T:847359 RPD:0
[CH: 50] LEN: 12 | HEX: EA 76 F4 EB 66 FD 96 FE 4E 62 B5 7B | T:847389 RPD:0
[CH: 50] LEN: 12 | HEX: F6 76 FE EA 67 CB 96 FF 92 87 3F 7B | T:847419 RPD:0
[CH: 50] LEN: 12 | HEX: FA 76 FE E9 64 F5 96 FF 57 89 BF FF | T:847449 RPD:0
[CH: 50] LEN: 12 | HEX: FA 76 FE E8 65 FD 96 FF 3B 6C BF AD | T:847479 RPD:0
[CH: 50] LEN: 12 | HEX: FA 76 FE E7 6A ED 96 C1 0A 73 B5 FE | T:847509 RPD:0
[CH: 50] LEN: 12 | HEX: FA 76 EA E6 6B FD 96 FF 56 9E BF FF | T:847539 RPD:0
[CH: 50] LEN: 12 | HEX: FA 76 FA E2 6F 77 96 FB 15 69 BE FF | T:847659 RPD:0
[CH: 50] LEN: 12 | HEX: FA 7E FE E1 6C FD 96 FF 60 67 B5 FF | T:847689 RPD:0
[CH: 50] LEN: 12 | HEX: F2 76 FE E0 6D EB 96 F7 BC 82 BF FD | T:847719 RPD:0
[CH: 50] LEN: 12 | HEX: FA 75 F6 DE 52 FD 96 FF 2D 92 B7 FF | T:847749 RPD:0
[CH: 50] LEN: 12 | HEX: FA 76 FE FE 73 F9 96 FB CE 8D BF FD | T:847779 RPD:0
[CH: 50] LEN: 12 | HEX: FA 76 FA FB 70 F9 96 FF BB 83 AF FF | T:847782 RPD:0
[CH: 50] LEN: 12 | HEX: FA 76 FE F2 71 FD 96 FF 67 66 BD FF | T:847786 RPD:0
[CH: 50] LEN: 12 | HEX: FA 7B FF 00 81 FD 96 FA B3 AC BF F5 | T:848011 RPD:1
[CH: 50] LEN: 12 | HEX: FA 7B FF 00 81 FD 96 FF E3 FC BF DF | T:848012 RPD:0
[CH: 50] LEN: 12 | HEX: F9 77 AD EC F6 70 96 F5 23 2C BF DF | T:848043 RPD:1
[CH: 50] LEN: 12 | HEX: F9 77 FD F9 FE 73 96 FF 94 AE BA FD | T:848046 RPD:1
[CH: 50] LEN: 12 | HEX: F9 77 DE FC EC 70 96 F7 23 2C B7 DF | T:848049 RPD:1
[CH: 50] LEN: 12 | HEX: F9 77 FE F6 FA 70 96 FF 23 2C BF FF | T:848060 RPD:1
[CH: 50] LEN: 12 | HEX: F9 77 FC FD FE 73 96 EF 54 AE B3 DE | T:848060 RPD:1
[CH: 50] LEN: 12 | HEX: F9 77 FF FE FE 70 96 FF 23 2C B6 FF | T:848072 RPD:1
[CH: 50] LEN: 12 | HEX: F9 77 F5 FB FE 73 96 FF 94 AE AF DF | T:848072 RPD:0
[CH: 50] LEN: 12 | HEX: F9 77 DA F5 FE 70 96 EF 23 2C B5 FA | T:848083 RPD:1
[CH: 50] LEN: 12 | HEX: F9 77 DE FD FE 73 96 FF 94 AE BF 6D | T:848095 RPD:1
[CH: 50] LEN: 12 | HEX: F9 77 FE F9 FE 73 96 FF 94 AE AF FE | T:848095 RPD:0
[CH: 50] LEN: 12 | HEX: F9 77 FE EE F6 70 96 FF 23 2C AB EF | T:848106 RPD:1
[CH: 50] LEN: 12 | HEX: F1 77 FD F4 FA 70 96 FF 23 2C B7 FF | T:848106 RPD:0
[CH: 50] LEN: 12 | HEX: F1 77 DC F9 FE 73 96 F5 94 AE BF FB | T:848118 RPD:1
[CH: 50] LEN: 12 | HEX: F9 77 DD FE FD 70 96 EE A3 2C BF FF | T:848129 RPD:1
[CH: 50] LEN: 12 | HEX: F9 77 DD FB F6 73 96 FF 94 AE BF BE | T:848129 RPD:0
[CH: 50] LEN: 12 | HEX: F9 77 FD FE FE 70 96 FF 23 2C BF BF | T:848141 RPD:1
[CH: 50] LEN: 12 | HEX: F9 77 BD FB FA 73 96 EF 54 AE BF FE | T:848141 RPD:0
[CH: 50] LEN: 12 | HEX: F9 77 FD F6 F6 70 96 F7 23 2C BF DD | T:848152 RPD:1
[CH: 50] LEN: 12 | HEX: F1 77 DE F5 FE 73 96 FA 94 AE BF FA | T:848152 RPD:0
[CH: 50] LEN: 12 | HEX: F9 77 FD FE FE 70 96 FF 23 2C BB FD | T:848164 RPD:1
[CH: 50] LEN: 12 | HEX: FD 77 FA FD F6 7B 96 F7 54 AE BB DB | T:848175 RPD:1
[CH: 50] LEN: 12 | HEX: F1 77 FE F6 FE 70 96 FF 23 2C B7 F5 | T:848175 RPD:0
[CH: 50] LEN: 12 | HEX: F9 77 FA FD F9 73 96 FF 94 AE AD ED | T:848187 RPD:1
[CH: 50] LEN: 12 | HEX: E9 77 F4 F5 EF 73 96 F7 94 AE BF FE | T:848187 RPD:0
[CH: 50] LEN: 12 | HEX: FD 77 FA FE FE 70 96 FF 23 2C BF DD | T:848198 RPD:1
[CH: 50] LEN: 12 | HEX: F5 77 FA FD EA 73 96 F5 94 AE AA FF | T:848198 RPD:0
[CH: 50] LEN: 12 | HEX: F9 77 BA EE EE 70 96 FE A3 2C BF FB | T:848210 RPD:1
[CH: 50] LEN: 12 | HEX: F9 77 FE FE FB 70 96 FF 23 2C BD FE | T:848221 RPD:1
[CH: 50] LEN: 12 | HEX: F5 77 7E EA F6 70 96 EB 23 2C B7 FF | T:848221 RPD:0
[CH: 50] LEN: 12 | HEX: E9 77 FC EE FA 78 96 FE 23 2C BE FF | T:848233 RPD:1
[CH: 50] LEN: 12 | HEX: F5 77 F6 EF EA 70 96 FA 23 2C BB FD | T:848233 RPD:0
[CH: 50] LEN: 12 | HEX: F5 77 FA F5 FE 73 96 FE 94 AE BF 7E | T:848244 RPD:1
[CH: 50] LEN: 12 | HEX: F5 77 EA FE FE 70 96 F6 A3 2C BF FB | T:848255 RPD:0
[CH: 50] LEN: 12 | HEX: F9 77 BA FD ED 73 96 FE 94 AE BD 77 | T:848256 RPD:0
[CH: 50] LEN: 12 | HEX: F1 77 EA F6 FA 70 97 EB A3 AC BF AD | T:848267 RPD:1
[CH: 50] LEN: 12 | HEX: F1 77 F6 F6 EA 70 96 FB 23 2C AF EF | T:848267 RPD:0
[CH: 50] LEN: 12 | HEX: F5 77 DE E9 FC 7B 96 FF 54 AE BF FF | T:848279 RPD:0
[CH: 50] LEN: 12 | HEX: F9 77 76 ED FD 73 96 FF 14 AE BF ED | T:848279 RPD:0
[CH: 50] LEN: 12 | HEX: E9 77 BA F6 F6 70 96 F7 23 2C BD FF | T:848290 RPD:0
[CH: 50] LEN: 12 | HEX: F1 77 76 F5 F4 73 96 F6 94 AE BF FD | T:848301 RPD:1
[CH: 50] LEN: 12 | HEX: F9 77 F6 EC FE 70 96 F7 23 2C BF DF | T:848302 RPD:0
[CH: 50] LEN: 12 | HEX: F5 77 DB F5 FD 73 96 FA 94 AE BE FD | T:848313 RPD:1
[CH: 50] LEN: 12 | HEX: F9 77 56 ED D6 7B 96 FF 54 AE BF FA | T:848313 RPD:0
[CH: 50] LEN: 12 | HEX: F5 77 D6 FE FE 70 96 F7 23 2C BF 7E | T:848325 RPD:1
[CH: 50] LEN: 12 | HEX: F9 77 DA FF FD 73 96 FB 94 AE BF 6B | T:848325 RPD:0
[CH: 50] LEN: 12 | HEX: F9 77 B4 FE FF 70 96 FF 23 2C B7 7F | T:848336 RPD:1
[CH: 50] LEN: 12 | HEX: F9 77 AE F5 FD 73 96 FE 94 AE BF FF | T:848347 RPD:1
[CH: 50] LEN: 12 | HEX: F5 77 F6 F6 FD 70 96 FF 23 2C B5 FF | T:848348 RPD:0
[CH: 50] LEN: 12 | HEX: E9 77 7E EF F6 70 96 F6 A3 2C AF FF | T:848359 RPD:1
[CH: 50] LEN: 12 | HEX: F9 77 FA FA FE 78 96 EB 23 2C BF F7 | T:848359 RPD:0
[CH: 50] LEN: 12 | HEX: F9 77 76 F4 F6 70 96 FD 23 2C BB AF | T:848370 RPD:1
[CH: 50] LEN: 12 | HEX: E9 77 BE FD EA 70 96 EF 23 2C BF 74 | T:848371 RPD:0
[CH: 50] LEN: 12 | HEX: F5 77 BE FD DD 73 96 EF 94 AE BF EF | T:848382 RPD:1
[CH: 50] LEN: 12 | HEX: F5 77 B6 EE F4 70 96 F7 A3 2C BE B5 | T:848393 RPD:1
[CH: 50] LEN: 12 | HEX: E9 77 76 ED D7 73 96 FB 94 AE BF FD | T:848394 RPD:0
[CH: 50] LEN: 12 | HEX: F1 77 FE EE FE 70 96 FE A3 2C BF FF | T:848405 RPD:1
[CH: 50] LEN: 12 | HEX: ED 77 7E FE FE 70 96 F7 23 2C BF 77 | T:848405 RPD:0
[CH: 50] LEN: 12 | HEX: F9 77 F6 FE EE 70 96 F7 23 2C BE FF | T:848416 RPD:1
[CH: 50] LEN: 12 | HEX: F5 77 7E FD FC 73 56 F7 14 AE BD FF | T:848428 RPD:1
[CH: 50] LEN: 12 | HEX: F5 77 76 EE F6 70 96 F5 23 2C BF FF | T:848428 RPD:0
[CH: 50] LEN: 12 | HEX: F1 77 BE E9 FD 73 96 FF 54 AE AF 7F | T:848439 RPD:1
[CH: 50] LEN: 12 | HEX: F9 77 DC F6 F6 70 96 FA A3 2C BF FF | T:848440 RPD:0
[CH: 50] LEN: 12 | HEX: F1 77 5E FD DE 73 D6 FF 14 AE BB FD | T:848451 RPD:1
[CH: 50] LEN: 12 | HEX: F5 77 5E FD FE 73 96 FB D4 AE BF FD | T:848451 RPD:0
[CH: 50] LEN: 12 | HEX: E9 77 76 EE F6 70 96 FF 23 2C BB 7F | T:848462 RPD:1
[CH: 50] LEN: 12 | HEX: F5 77 B6 F5 FD 7B 96 FE 94 AE BF D6 | T:848474 RPD:1
[CH: 50] LEN: 12 | HEX: F1 77 BE F4 FE 68 96 F5 23 2C BF B7 | T:848474 RPD:0
[CH: 50] LEN: 12 | HEX: F5 77 76 FD DF 6B 96 F7 94 AE BD FF | T:848485 RPD:1
[CH: 50] LEN: 12 | HEX: F1 77 EE FE EF 70 96 FD 23 2C BB FE | T:848486 RPD:0
[CH: 50] LEN: 12 | HEX: F9 77 76 ED FD 63 96 F7 54 AE AF FF | T:848497 RPD:1
[CH: 50] LEN: 12 | HEX: ED 77 FC F6 F6 70 96 EF A3 2C BF FD | T:848497 RPD:0
[CH: 50] LEN: 12 | HEX: F5 77 6A ED EE 73 96 F7 94 AE BB 7F | T:848508 RPD:1
[CH: 50] LEN: 12 | HEX: F9 77 FE FF EA 70 96 ED 23 2C AF FF | T:848520 RPD:1
[CH: 50] LEN: 12 | HEX: E9 77 FE FD ED 73 96 FF 14 AE B7 7F | T:848520 RPD:0
[CH: 50] LEN: 12 | HEX: F9 77 BA FF F6 70 96 EB A3 2C B7 FF | T:848531 RPD:1
[CH: 50] LEN: 12 | HEX: F5 77 FE FF F6 70 96 EA 23 2C BF FD | T:848532 RPD:0
[CH: 50] LEN: 12 | HEX: F9 77 FE FA FE 70 96 FE A3 2C B7 FF | T:848543 RPD:1
[CH: 50] LEN: 12 | HEX: F1 77 BE FE F6 70 96 EF 63 2C A7 F7 | T:848554 RPD:1
[CH: 50] LEN: 12 | HEX: E9 77 76 E9 D6 73 96 FB 94 AE BF FF | T:848554 RPD:0
[CH: 50] LEN: 12 | HEX: F1 77 76 ED DC 7B 96 FB 54 AE AE EA | T:848566 RPD:1
[CH: 50] LEN: 12 | HEX: F5 77 56 E9 DC 73 96 F7 54 AE BF FE | T:848566 RPD:0
[CH: 50] LEN: 12 | HEX: F5 77 FA F5 DD 73 96 F7 94 AE BD FF | T:848577 RPD:1
[CH: 50] LEN: 12 | HEX: F5 77 F6 F6 FE 70 96 FE A3 2C BF FD | T:848577 RPD:0
[CH: 50] LEN: 12 | HEX: F5 77 F6 F6 EA 70 96 FF 23 2C BF FE | T:848589 RPD:1
[CH: 50] LEN: 12 | HEX: E9 77 76 E9 FD 63 96 F7 94 AE BF B7 | T:848600 RPD:1
[CH: 50] LEN: 12 | HEX: E9 77 5E F6 F6 70 96 FF 23 2C BF FF | T:848600 RPD:0
[CH: 50] LEN: 12 | HEX: ED 77 76 FD DC 73 96 FE 94 AE BF FD | T:848612 RPD:1
[CH: 50] LEN: 12 | HEX: E9 77 FA FA EA 70 96 F7 23 2C B7 BF | T:848612 RPD:0
[CH: 50] LEN: 12 | HEX: F9 77 EE FD DD 73 96 FE 94 AE BF DF | T:848623 RPD:1
[CH: 50] LEN: 12 | HEX: F5 77 76 FA F6 70 96 F7 23 2C BF 7F | T:848623 RPD:0
[CH: 50] LEN: 12 | HEX: F9 77 BE FD EF 73 96 F5 94 AE BF FF | T:848635 RPD:1
[CH: 50] LEN: 12 | HEX: F5 77 F6 F6 FA 70 96 F5 23 2C BF FB | T:848646 RPD:1
[CH: 50] LEN: 12 | HEX: E9 77 5E F5 DE 73 96 FF 94 AE BF 6E | T:848646 RPD:0
[CH: 50] LEN: 12 | HEX: F9 77 5E F7 FE 78 96 F7 23 2C BF 7F | T:848658 RPD:1
[CH: 50] LEN: 12 | HEX: F9 77 F6 FF F6 70 96 EF 23 2C BF 7F | T:848658 RPD:0
[CH: 50] LEN: 12 | HEX: F9 77 FE F5 FE 73 96 EF 94 AE B7 FF | T:848669 RPD:1
[CH: 50] LEN: 12 | HEX: F9 77 5E FE FD 70 96 FE A3 2C BD FB | T:848680 RPD:1
[CH: 50] LEN: 12 | HEX: F9 77 BE F5 FD 73 96 FB 94 AE BF F5 | T:848681 RPD:0
[CH: 50] LEN: 12 | HEX: E9 77 5E EE F6 70 96 F7 23 2C BB FF | T:848692 RPD:1
[CH: 50] LEN: 12 | HEX: F1 77 AE F5 EE 73 96 FE 94 AE BF FF | T:848692 RPD:0
[CH: 50] LEN: 12 | HEX: F9 77 F6 FC F6 70 96 FE A3 2C B5 77 | T:848704 RPD:1
[CH: 50] LEN: 12 | HEX: FD 77 F6 F5 FC 7B 96 F7 94 AD BF CF | T:848704 RPD:0
[CH: 50] LEN: 12 | HEX: ED 77 EE F6 FD 68 96 F7 23 2C BB EF | T:848715 RPD:1
[CH: 50] LEN: 12 | HEX: F5 77 F6 F9 FD 73 96 FE 94 AE BF D7 | T:848726 RPD:0
[CH: 50] LEN: 12 | HEX: D5 77 7A F4 EE 70 96 EE 23 2C BF FD | T:848727 RPD:0
[CH: 50] LEN: 12 | HEX: E9 77 6F 00 00 71 96 EE 9C 55 B7 FB | T:848746 RPD:1
[CH: 50] LEN: 12 | HEX: F9 77 FF 00 00 71 96 FE 9C 55 B7 FA | T:848747 RPD:1
[CH: 50] LEN: 12 | HEX: F8 6D F7 00 FE FD 96 FF EC 9F BD FE | T:848776 RPD:1
[CH: 50] LEN: 12 | HEX: F9 77 7B 00 00 71 96 FE 9C 55 AF CF | T:849046 RPD:1
[CH: 50] LEN: 12 | HEX: F9 77 EB 00 00 71 96 FE 9C 55 BF B7 | T:849046 RPD:1
[CH: 50] LEN: 12 | HEX: FC 6D FA 00 FA FD 96 F7 EC 9F BF FF | T:849076 RPD:1
[CH: 50] LEN: 12 | HEX: F4 6D FE 80 F4 FD 96 FE EC 9F 7F FE | T:849077 RPD:1
[CH: 50] LEN: 12 | HEX: E9 77 BB 00 00 71 96 EF 9C 55 AE DF | T:849346 RPD:1
[CH: 50] LEN: 12 | HEX: F5 77 7F 00 00 71 96 F7 DC 55 BD FF | T:849346 RPD:1
[CH: 50] LEN: 12 | HEX: F8 6D F7 00 EC F5 96 F7 6C 9D 3F FB | T:849376 RPD:1
[CH: 50] LEN: 12 | HEX: F0 6D FD 00 F6 ED 96 FE EC 9F BD FF | T:849377 RPD:1
[CH: 50] LEN: 12 | HEX: F1 77 77 00 00 71 96 FF 9C 55 BD F7 | T:849645 RPD:1
[CH: 50] LEN: 12 | HEX: F5 77 7F 00 00 71 96 FE 9C 55 BF FF | T:849646 RPD:1
[CH: 50] LEN: 12 | HEX: F8 6D FD 00 F4 FD 96 FB 6C 9F BF FD | T:849676 RPD:1
[CH: 50] LEN: 12 | HEX: FC 6D F6 00 ED FB 96 F6 EC 9F BF FF | T:849677 RPD:1
[CH: 50] LEN: 12 | HEX: F6 76 F5 00 8C F5 96 FF B0 70 AF FF | T:849910 RPD:1
[CH: 50] LEN: 12 | HEX: EA 76 FD 80 8C F5 96 F6 B0 70 AD FA | T:849911 RPD:1
[CH: 50] LEN: 12 | HEX: FA 76 FE FC 73 DD 96 EF 4E 8D BF BF | T:849941 RPD:1
[CH: 50] LEN: 12 | HEX: FA 76 FC F5 70 FD 96 F7 3B C3 BF FF | T:849944 RPD:1
[CH: 50] LEN: 12 | HEX: FA 76 F6 FC 71 F5 96 EF E7 66 AD 7F | T:849948 RPD:1
[CH: 50] LEN: 12 | HEX: FE 76 EE FF 76 F5 96 F6 51 9E B7 FF | T:849978 RPD:1
[CH: 50] LEN: 12 | HEX: F6 76 FE FA 77 5D 96 FB 4D 72 BF AB | T:850008 RPD:1
[CH: 50] LEN: 12 | HEX: EA 76 F4 E8 65 D5 96 ED 24 91 FF FD | T:850068 RPD:1
[CH: 50] LEN: 12 | HEX: EA 76 EC E7 76 F5 96 F7 95 86 BF FF | T:850098 RPD:1
[CH: 50] LEN: 12 | HEX: FA 76 EF EE 7B BB 96 FE C9 63 BD BF | T:850128 RPD:1
[CH: 50] LEN: 12 | HEX: EA 76 F6 ED 74 ED 96 F7 3A 6D BB FB | T:850158 RPD:1
[CH: 50] LEN: 12 | HEX: FA 76 ED DC 69 FB 96 FF 60 88 BF FF | T:850188 RPD:1
[CH: 50] LEN: 12 | HEX: FA 76 F5 F1 78 F5 96 FF 75 9A BB FF | T:850278 RPD:0
[CH: 50] LEN: 12 | HEX: FA 76 FE F0 77 ED 96 FF A3 7F B7 BF | T:850308 RPD:1
[CH: 50] LEN: 12 | HEX: FA 76 F4 EF 62 F5 96 FF 0D 95 BF FF | T:850338 RPD:0
[CH: 50] LEN: 12 | HEX: FA 7E FC EE 63 D5 96 FF D1 70 BF F7 | T:850368 RPD:0
[CH: 50] LEN: 12 | HEX: FA 76 F6 ED 60 FD 96 FB A4 7E BD EB | T:850398 RPD:0
[CH: 50] LEN: 12 | HEX: FA 76 FE EC 61 ED 96 FB 70 9B FB FF | T:850428 RPD:0
[CH: 50] LEN: 12 | HEX: F2 76 FC EB 66 FD 96 EE 4E 62 BF FB | T:850458 RPD:0
[CH: 50] LEN: 12 | HEX: FA 76 F4 EA 67 FD 96 FF 92 87 BF FE | T:850488 RPD:0
[CH: 50] LEN: 12 | HEX: FA 76 FD E9 64 EB 96 FA E7 09 BF FE | T:850518 RPD:0
[CH: 50] LEN: 12 | HEX: EA 76 FE E8 65 F9 96 FF 3B 6C BF 7F | T:850548 RPD:0
[CH: 50] LEN: 12 | HEX: D2 76 FA E7 6A ED 96 FF 0A 73 FB 7E | T:850578 RPD:0
[CH: 50] LEN: 12 | HEX: FE 76 FE E6 6B FD 96 FF 56 9E BF EF | T:850608 RPD:0
[CH: 50] LEN: 12 | HEX: FA 7E FE E5 68 FD 96 FF 23 90 BA EA | T:850638 RPD:0
[CH: 50] LEN: 12 | HEX: FA 76 FE E4 69 FD 96 FF EA F5 BF AF | T:850668 RPD:0
[CH: 50] LEN: 12 | HEX: F2 76 F6 E3 6E F3 96 FF 69 8C BD EF | T:850698 RPD:0
[CH: 50] LEN: 12 | HEX: F2 7B DE 80 81 FD 96 FF A3 F8 BB BF | T:850920 RPD:1
[CH: 50] LEN: 12 | HEX: F2 7B F7 00 81 ED 96 F7 43 AC AF BD | T:850921 RPD:1
[CH: 50] LEN: 12 | HEX: F9 77 BD FC F6 70 96 FF 23 6C BE FF | T:850951 RPD:1
[CH: 50] LEN: 12 | HEX: F9 77 FF FD FE 73 96 F7 94 AE BE DF | T:850954 RPD:1
[CH: 50] LEN: 12 | HEX: F1 77 F5 EE F5 70 96 F5 23 2C BF FB | T:850957 RPD:1
[CH: 50] LEN: 12 | HEX: F9 77 FB E9 F6 73 96 F5 94 AE BB F7 | T:850969 RPD:1
[CH: 50] LEN: 12 | HEX: F9 77 FD FB F6 70 96 FE A3 2C BF EF | T:850969 RPD:0
[CH: 50] LEN: 12 | HEX: F9 77 EC E9 F6 73 96 FF 54 AE BF FD | T:850980 RPD:1
[CH: 50] LEN: 12 | HEX: F1 77 FE F6 F4 70 96 FA A3 2C B7 FF | T:850980 RPD:0
[CH: 50] LEN: 12 | HEX: F9 77 FD FB FE 73 96 FA 94 AE BB FF | T:850992 RPD:1
[CH: 50] LEN: 12 | HEX: F9 77 B5 FE FA 70 96 FB 23 2C BF FF | T:851003 RPD:1
[CH: 50] LEN: 12 | HEX: F9 77 FE FD FE 73 96 F5 94 AE AD BF | T:851003 RPD:0
[CH: 50] LEN: 12 | HEX: F1 77 AE F4 F6 70 96 FB 23 2C BF BB | T:851015 RPD:1
[CH: 50] LEN: 12 | HEX: F1 77 F6 FE F6 70 96 FF 23 2C BF FF | T:851015 RPD:0
[CH: 50] LEN: 12 | HEX: F9 77 DE FD F6 73 96 FB 94 AE BF FF | T:851026 RPD:1
[CH: 50] LEN: 12 | HEX: F1 77 AE FE F5 70 96 FF 23 2C BF DD | T:851037 RPD:1
[CH: 50] LEN: 12 | HEX: F9 77 D6 FE FA 70 96 FD 23 2C BD BF | T:851038 RPD:0
[CH: 50] LEN: 12 | HEX: F1 77 7D FE FA 70 96 FF 23 2C BF FD | T:851049 RPD:1
[CH: 50] LEN: 12 | HEX: F1 77 D6 FD ED 73 96 FF 14 AE BF 7F | T:851049 RPD:0
[CH: 50] LEN: 12 | HEX: F1 77 BD F6 F6 70 96 ED 23 2C BF FD | T:851061 RPD:1
[CH: 50] LEN: 12 | HEX: F9 77 AE FD EE 73 96 FB 94 AE BF DD | T:851061 RPD:0
[CH: 50] LEN: 12 | HEX: F5 77 FE F6 FE 70 96 F6 A3 2C BE FD | T:851072 RPD:1
[CH: 50] LEN: 12 | HEX: F9 77 5A F5 FE 73 96 FF 14 AE BB BF | T:851083 RPD:1
[CH: 50] LEN: 12 | HEX: F1 77 BD F4 FE 70 96 F7 23 2C BF BF | T:851084 RPD:0
[CH: 50] LEN: 12 | HEX: E9 77 FA F5 EE 73 96 F7 D4 AE BE FB | T:851095 RPD:1
[CH: 50] LEN: 12 | HEX: F9 77 DD FB FD 73 96 F5 94 AE BD FF | T:851095 RPD:0
[CH: 50] LEN: 12 | HEX: F1 77 5A F4 F4 70 96 F7 23 6C BF DF | T:851107 RPD:1
[CH: 50] LEN: 12 | HEX: F1 77 5A FD FE 73 96 EE 94 AE BF EF | T:851107 RPD:0
[CH: 50] LEN: 12 | HEX: F9 77 7E FE FE 70 96 FE A3 2C AF FF | T:851118 RPD:1
[CH: 50] LEN: 12 | HEX: F5 77 FA FE FE 70 96 FE A3 2C BD DD | T:851129 RPD:1
[CH: 50] LEN: 12 | HEX: F1 77 BA FD EF 6B 96 FF 94 AE AF F7 | T:851130 RPD:0
[CH: 50] LEN: 12 | HEX: F9 77 BA FE FA 70 96 FF 23 2C BF FF | T:851141 RPD:1
[CH: 50] LEN: 12 | HEX: E9 77 BE FD FA 70 96 FF 23 2C BE DF | T:851141 RPD:0
[CH: 50] LEN: 12 | HEX: F5 77 FA FD FE 73 96 F5 94 AE BA F7 | T:851153 RPD:1
[CH: 50] LEN: 12 | HEX: F9 77 5C F6 EE 70 96 F5 23 2C B7 BF | T:851164 RPD:1
[CH: 50] LEN: 12 | HEX: F9 77 FC FD DD 73 96 FE 94 AE BF DF | T:851164 RPD:1
[CH: 50] LEN: 12 | HEX: F9 77 FA EE FE 70 96 FE A3 2C BF 7F | T:851175 RPD:1
[CH: 50] LEN: 12 | HEX: F5 77 FE FE FE 70 96 F7 A3 2C BF FF | T:851176 RPD:0
[CH: 50] LEN: 12 | HEX: F9 77 5E F5 ED 73 96 F7 54 AE BF EF | T:851187 RPD:1
[CH: 50] LEN: 12 | HEX: ED 77 5E ED ED 73 96 F7 54 AE AF 6F | T:851187 RPD:0
[CH: 50] LEN: 12 | HEX: F5 77 FA FE FD 70 96 F6 23 2C B7 FF | T:851198 RPD:1
[CH: 50] LEN: 12 | HEX: F9 77 DA FD FE 73 96 F7 94 AE BF FF | T:851210 RPD:1
[CH: 50] LEN: 12 | HEX: F3 77 BE FE FD 70 96 FF 23 2C BF FF | T:851210 RPD:0
[CH: 50] LEN: 12 | HEX: F5 77 BC ED FD 73 96 FD 54 AE AB BF | T:851221 RPD:1
[CH: 50] LEN: 12 | HEX: E9 77 76 FD D6 73 96 F7 94 AE AE BF | T:851222 RPD:0
[CH: 50] LEN: 12 | HEX: F1 77 7E F6 ED 70 96 EF 23 2C BF EF | T:851233 RPD:0
[CH: 50] LEN: 12 | HEX: F9 77 BA EE FE 70 96 FF A3 2C BF DB | T:851244 RPD:1
[CH: 50] LEN: 12 | HEX: F1 77 7E F5 FE 73 96 FE 94 AE BE F7 | T:851247 RPD:0
[CH: 50] LEN: 12 | HEX: E9 77 BE F5 FE 73 96 EF 94 AE BF FF | T:851253 RPD:1
[CH: 50] LEN: 12 | HEX: F5 77 B6 EA EA 70 96 EF 23 2C BF BB | T:851256 RPD:1
[CH: 50] LEN: 12 | HEX: F9 77 F4 FD DD 73 96 FF 14 AE BB FE | T:851267 RPD:1
[CH: 50] LEN: 12 | HEX: F5 77 BE F6 FE 70 96 F7 23 2C B7 AD | T:851268 RPD:0
[CH: 50] LEN: 12 | HEX: F9 77 5E ED DE 73 96 F7 94 AE BD 7B | T:851279 RPD:1
[CH: 50] LEN: 12 | HEX: FD 77 EA FE EE 70 96 F5 23 2C BE FA | T:851290 RPD:1
[CH: 50] LEN: 12 | HEX: E9 77 7E F5 DB 73 96 FF 94 AE B5 BD | T:851291 RPD:0
[CH: 50] LEN: 12 | HEX: F5 77 7A FE F4 70 96 F7 A3 2C BF 7F | T:851302 RPD:0
[CH: 50] LEN: 12 | HEX: E9 77 5E F6 FF 70 96 FA 23 2C BF EF | T:851302 RPD:0
[CH: 50] LEN: 12 | HEX: E9 77 FA F5 DE 73 96 FE D4 AE BB FF | T:851313 RPD:1
[CH: 50] LEN: 12 | HEX: F5 77 FA EE FC 70 96 FE A3 2C BF FE | T:851314 RPD:0
[CH: 50] LEN: 12 | HEX: F5 77 7A FD FE 73 96 EE 94 AE BB 7F | T:851325 RPD:1
[CH: 50] LEN: 12 | HEX: FD 77 5E EE F4 70 96 F7 23 2C BF BF | T:851336 RPD:1
[CH: 50] LEN: 12 | HEX: E9 77 F6 F5 FE 73 D6 EF 94 AD BF FF | T:851337 RPD:0
[CH: 50] LEN: 12 | HEX: F9 77 BC F5 FE 73 96 FF 54 AE B7 DE | T:851348 RPD:1
[CH: 50] LEN: 12 | HEX: ED 77 BA FD FD 73 96 F7 14 AE B5 FF | T:851348 RPD:0
[CH: 50] LEN: 12 | HEX: F9 77 B4 F6 F6 70 96 FD 23 2C BE FF | T:851359 RPD:1
[CH: 50] LEN: 12 | HEX: E9 77 7E ED D6 73 96 F7 94 AE BF D7 | T:851360 RPD:0
[CH: 50] LEN: 12 | HEX: E9 77 5A EE F6 70 96 EE A3 2C BF FF | T:851371 RPD:1
[CH: 50] LEN: 12 | HEX: E9 77 EE FD EE 73 96 FE 94 AE BF FB | T:851382 RPD:1
[CH: 50] LEN: 12 | HEX: F1 77 5A EF F5 70 96 EF A3 2C BF 7F | T:851382 RPD:0
[CH: 50] LEN: 12 | HEX: E9 77 5E ED EE 73 96 EF 54 AE BF EF | T:851394 RPD:1
[CH: 50] LEN: 12 | HEX: F9 77 FA FB FE 73 96 FE 94 AE BF FF | T:851394 RPD:0
[CH: 50] LEN: 12 | HEX: F5 77 F4 FD ED 7B 96 FF 14 AE BF F7 | T:851405 RPD:1
[CH: 50] LEN: 12 | HEX: F9 77 F6 FD EE 73 96 FE 94 AE BF EE | T:851417 RPD:1
[CH: 50] LEN: 12 | HEX: F9 77 7E FE EE 70 96 FA A3 2C B7 FF | T:851417 RPD:0
[CH: 50] LEN: 12 | HEX: F9 77 7A ED F6 70 96 F6 23 2C BF F7 | T:851428 RPD:1
[CH: 50] LEN: 12 | HEX: F5 77 B4 FE FD 70 96 F6 A3 2C AF F7 | T:851428 RPD:0
[CH: 50] LEN: 12 | HEX: F1 77 AE F5 DE 73 96 F7 54 AE AF F7 | T:851440 RPD:1
[CH: 50] LEN: 12 | HEX: F5 77 76 FF EE 70 96 FB 23 2C BF FF | T:851440 RPD:0
[CH: 50] LEN: 12 | HEX: E9 77 D7 F5 D5 73 96 EF 94 AE AF EF | T:851451 RPD:1
[CH: 50] LEN: 12 | HEX: ED 77 76 FE EF 70 96 EF 23 2C BE FF | T:851463 RPD:1
[CH: 50] LEN: 12 | HEX: F5 77 FA FB DD 73 96 FF 54 AE BF F7 | T:851463 RPD:1
[CH: 50] LEN: 12 | HEX: ED 77 FE F6 F6 70 96 EE A3 2C BF F6 | T:851474 RPD:0
[CH: 50] LEN: 12 | HEX: F5 77 FD 00 00 71 96 EE 9C 55 B6 DF | T:851497 RPD:1
[CH: 50] LEN: 12 | HEX: F9 77 77 00 00 71 96 EE 9C 55 AE B5 | T:851498 RPD:1
[CH: 50] LEN: 12 | HEX: F8 6D F7 00 FE F5 96 FF 6C 9F 75 FF | T:851528 RPD:1
[CH: 50] LEN: 12 | HEX: F4 6D EB 00 F6 F5 96 F7 EC 9F F7 7B | T:851529 RPD:1
[CH: 50] LEN: 12 | HEX: F5 77 FF 00 00 71 96 F7 9C 55 BE FD | T:851797 RPD:1
[CH: 50] LEN: 12 | HEX: F8 6D FD 00 FB F5 96 F7 6C 9F AF FF | T:851828 RPD:1
[CH: 50] LEN: 12 | HEX: F4 6D FD 00 FE F9 96 EE 6C 9D 36 BE | T:851828 RPD:1
[CH: 50] LEN: 12 | HEX: F5 77 77 00 00 71 96 FD 1C 55 B5 7B | T:852097 RPD:1
[CH: 50] LEN: 12 | HEX: E9 77 DB 00 00 71 96 F7 1C 55 BF 7B | T:852098 RPD:1
[CH: 50] LEN: 12 | HEX: F8 6D F7 00 F4 ED 96 F7 6C 9E B7 FD | T:852127 RPD:1
[CH: 50] LEN: 12 | HEX: F8 6D FF 00 EF FB 96 FD 6C 9E BB EF | T:852128 RPD:1
[CH: 50] LEN: 12 | HEX: E9 77 F5 00 00 71 96 F7 5C 55 BF FF | T:852397 RPD:1
[CH: 50] LEN: 12 | HEX: F5 77 FA 00 00 71 96 F7 9C 55 BD FF | T:852397 RPD:1
[CH: 50] LEN: 12 | HEX: F4 6D FD 00 FF FD 96 FF 6C 9F AF BF | T:852427 RPD:1
[CH: 50] LEN: 12 | HEX: F8 6D FD 00 EC FD 96 FB 6C 9F B6 FD | T:852428 RPD:1
[CH: 50] LEN: 12 | HEX: FA 76 FE 80 8C F5 96 FF 30 70 BD FB | T:852561 RPD:1
[CH: 50] LEN: 12 | HEX: F6 76 FB 00 8C FD 96 F6 B0 70 AB FD | T:852562 RPD:1
[CH: 50] LEN: 12 | HEX: F6 76 EA F6 73 AF 96 FE CE 8D BF F5 | T:852592 RPD:1
[CH: 50] LEN: 12 | HEX: F6 76 FF FD 70 F5 96 EF 3B 83 BF FF | T:852595 RPD:1
[CH: 50] LEN: 12 | HEX: EA 66 EE E8 71 FD 96 EE E7 66 BD FF | T:852599 RPD:1
[CH: 50] LEN: 12 | HEX: F6 76 FE F7 76 F5 96 F7 51 9F BF D6 | T:852629 RPD:1
[CH: 50] LEN: 12 | HEX: F6 76 F4 F5 74 F5 96 FD 78 74 BF FF | T:852690 RPD:1
[CH: 50] LEN: 12 | HEX: FA 76 F4 E8 75 D5 96 FF 24 91 BB F6 | T:852720 RPD:1
[CH: 50] LEN: 12 | HEX: EE 76 FD E7 72 F5 96 F7 95 86 BE ED | T:852749 RPD:1
[CH: 50] LEN: 12 | HEX: FA 76 EE F6 7B BB 96 FD 49 63 BF 6B | T:852779 RPD:1
[CH: 50] LEN: 12 | HEX: F6 76 FE ED 78 F5 96 F7 BE 6D BF 7F | T:852809 RPD:1
[CH: 50] LEN: 12 | HEX: FA 76 FF EC 71 FF 96 FF 60 88 BF FF | T:852840 RPD:1
[CH: 50] LEN: 12 | HEX: F6 76 EE F3 7A ED 96 EE 96 71 BF 54 | T:852870 RPD:1
[CH: 50] LEN: 12 | HEX: EA 76 EE F2 7F 7D 96 EB 0A 94 AF DC | T:852899 RPD:1
[CH: 50] LEN: 12 | HEX: FA 76 FE F1 7A F5 96 F7 7D 9A BF FF | T:852929 RPD:1
[CH: 50] LEN: 12 | HEX: F2 76 FA F0 79 FD 96 EB A3 7D 3F FD | T:852959 RPD:1
[CH: 50] LEN: 12 | HEX: FA 76 FC EF 62 FD 96 F7 0D 95 BF DE | T:852989 RPD:1
[CH: 50] LEN: 12 | HEX: F2 76 FE FE 63 BD 96 FF D1 70 BF FF | T:853019 RPD:0
[CH: 50] LEN: 12 | HEX: F2 76 FA ED 60 F9 96 FF A4 7E B7 ED | T:853049 RPD:0
[CH: 50] LEN: 12 | HEX: FA 76 EA EC 61 D5 96 F6 78 9B BA F7 | T:853079 RPD:0
[CH: 50] LEN: 12 | HEX: FA 76 FE EB 66 FD 96 FF 4E 62 BF FD | T:853109 RPD:0
[CH: 50] LEN: 12 | HEX: FE 76 FE EA 67 DD 96 BE 92 87 BF FF | T:853139 RPD:0
[CH: 50] LEN: 12 | HEX: FA 76 EA E9 64 FD 96 FF 47 49 B7 7F | T:853169 RPD:0
[CH: 50] LEN: 12 | HEX: EA 76 FC E8 65 F5 96 F7 3B 6C BB 3D | T:853199 RPD:0
[CH: 50] LEN: 12 | HEX: FA 76 FE E7 6A FD 96 FF 8A 7B BF FE | T:853229 RPD:0
[CH: 50] LEN: 12 | HEX: FA 76 FE E6 6B FD 96 F7 56 9E BF 3B | T:853259 RPD:0
[CH: 50] LEN: 12 | HEX: FA 76 F6 E5 68 FD 96 FE A3 90 BF FF | T:853289 RPD:0
[CH: 50] LEN: 12 | HEX: FA 76 FE E4 69 FD 96 FF D7 75 BF FF | T:853319 RPD:0
[CH: 50] LEN: 12 | HEX: FA 76 FA E3 6E FD 96 FF C9 8C AF FD | T:853349 RPD:0
[CH: 50] LEN: 12 | HEX: FA 77 EA E2 6F FD 96 F6 15 69 BF DF | T:853379 RPD:0
[CH: 50] LEN: 12 | HEX: FA 76 FE E1 6C F9 96 FF 60 67 BF 7F | T:853409 RPD:0
[CH: 50] LEN: 12 | HEX: FA 76 FE E0 6D ED 96 FF BC 82 B6 FF | T:853439 RPD:0
[CH: 50] LEN: 12 | HEX: FA 76 FA DF 52 FD 96 FF 2D 92 BF FF | T:853469 RPD:0
[CH: 50] LEN: 12 | HEX: F2 76 F6 F6 73 FD 96 FF CE 8D BD F7 | T:853499 RPD:0
[CH: 50] LEN: 12 | HEX: F2 76 FA FD 74 FD 96 FF BB 83 BD FD | T:853529 RPD:0
[CH: 50] LEN: 12 | HEX: FA 76 EA DC 71 FD 16 FD 67 66 BF DD | T:853533 RPD:0
[CH: 50] LEN: 12 | HEX: F2 76 FE FB 76 F9 96 FF 51 9F B6 FF | T:853563 RPD:0
[CH: 50] LEN: 12 | HEX: FA 76 F4 FA 77 FB 96 FF 0D 7A BF FB | T:853593 RPD:0
[CH: 50] LEN: 12 | HEX: FA 7B FE 80 81 E9 96 FF A3 EC BE F7 | T:853801 RPD:0
[CH: 50] LEN: 12 | HEX: F2 7B AA 00 81 F5 96 FF D3 B8 BF FF | T:853802 RPD:1
[CH: 50] LEN: 12 | HEX: F1 77 FC FE FE 70 96 FF 23 2C BB FF | T:853833 RPD:1
[CH: 50] LEN: 12 | HEX: F9 77 FF FD FE 73 96 FF 94 AE B5 FE | T:853836 RPD:1
[CH: 50] LEN: 12 | HEX: F9 77 AE F4 FE 70 96 FF 23 2C B7 7F | T:853839 RPD:1
[CH: 50] LEN: 12 | HEX: F9 77 BD FD F4 73 96 FB 94 AE BA FA | T:853850 RPD:1
[CH: 50] LEN: 12 | HEX: F1 77 FE F5 FE 70 96 FF 23 2C BB DF | T:853850 RPD:0
[CH: 50] LEN: 12 | HEX: F9 77 FD F7 ED 73 96 FB 94 AE BD F7 | T:853861 RPD:1
[CH: 50] LEN: 12 | HEX: F1 77 AE FB F6 70 96 FF 23 2C BF 7F | T:853862 RPD:0
[CH: 50] LEN: 12 | HEX: F9 77 AE FD F6 73 96 FA 94 AE BF FD | T:853873 RPD:1
[CH: 50] LEN: 12 | HEX: F1 77 FA FE FE 70 96 FA A3 2C B5 BF | T:853884 RPD:1
[CH: 50] LEN: 12 | HEX: F5 77 AE F9 D6 73 96 FB 94 AE BD FF | T:853885 RPD:0
[CH: 50] LEN: 12 | HEX: F9 77 D5 F4 FE 70 96 FF 23 2C BD 77 | T:853896 RPD:1
[CH: 50] LEN: 12 | HEX: F1 77 FE FE EE 70 96 FF 23 2C BD EF | T:853896 RPD:0
[CH: 50] LEN: 12 | HEX: FD 77 FE FD EF 73 96 FE 94 AE BD 5D | T:853907 RPD:1
[CH: 50] LEN: 12 | HEX: F1 76 BC F5 F4 70 96 EB 23 2C AF FE | T:853919 RPD:1
[CH: 50] LEN: 12 | HEX: E9 77 D6 E9 ED 73 96 EE 94 AE BE FF | T:853919 RPD:0
[CH: 50] LEN: 12 | HEX: F1 77 B6 FE FC 70 96 FF 23 2C BF F6 | T:853930 RPD:1
[CH: 50] LEN: 12 | HEX: F9 77 74 FD FE 73 96 FD 94 AE BF FB | T:853931 RPD:0
[CH: 50] LEN: 12 | HEX: F1 77 DE FE FD 70 96 EF 23 2C B7 BB | T:853942 RPD:1
[CH: 50] LEN: 12 | HEX: E9 77 BC DD D6 63 96 F6 94 AE BF FE | T:853942 RPD:0
[CH: 50] LEN: 12 | HEX: ED 77 74 F5 EE 73 96 EB 54 AE BF 7F | T:853953 RPD:1
[CH: 50] LEN: 12 | HEX: F9 77 D6 EB EE 73 96 EF 94 AE BF EF | T:853965 RPD:1
[CH: 50] LEN: 12 | HEX: E9 77 FC FA F6 70 96 FE A3 2C BB FA | T:853965 RPD:0
[CH: 50] LEN: 12 | HEX: FD 77 7E F5 F6 73 96 FB 94 AE BF FB | T:853976 RPD:1
[CH: 50] LEN: 12 | HEX: F9 77 DD F6 FE 78 96 F5 23 2C BE FF | T:853976 RPD:0
[CH: 50] LEN: 12 | HEX: FD 77 DD FD DD 73 96 EB 94 AE BF FF | T:853988 RPD:1
[CH: 50] LEN: 12 | HEX: F5 77 74 EB FC 73 96 F7 54 AE BF FF | T:853988 RPD:0
[CH: 50] LEN: 12 | HEX: F1 77 AE EE FE 70 96 F5 23 2C BB F7 | T:853999 RPD:1
[CH: 50] LEN: 12 | HEX: D1 77 5E FE EC 70 96 EE 23 2C BB BF | T:854011 RPD:1
[CH: 50] LEN: 12 | HEX: E9 77 7E FD DD 73 96 FB 14 AE BD BD | T:854011 RPD:0
[CH: 50] LEN: 12 | HEX: F1 77 AC FE FE 70 96 FF 23 2C AD DF | T:854022 RPD:1
[CH: 50] LEN: 12 | HEX: F9 77 BA FA FE 70 96 FF 23 2C AE FD | T:854022 RPD:0
[CH: 50] LEN: 12 | HEX: ED 77 7E F5 DE 73 96 F7 94 AE BE FF | T:854034 RPD:1
[CH: 50] LEN: 12 | HEX: F1 77 DE EE FE 70 96 F5 23 2C BF EF | T:854045 RPD:1
[CH: 50] LEN: 12 | HEX: F9 77 F6 FE FD 70 96 FB 23 2C BF EF | T:854045 RPD:1
[CH: 50] LEN: 12 | HEX: F1 77 BE F4 FE 70 96 FD 23 2C BF FF | T:854057 RPD:1
[CH: 50] LEN: 12 | HEX: F9 77 EA ED FD 73 96 E7 94 AE B7 FF | T:854057 RPD:0
[CH: 50] LEN: 12 | HEX: F1 77 5E FE FE 70 96 FF 23 2C BE FF | T:854068 RPD:1
[CH: 50] LEN: 12 | HEX: F1 77 AE FD FE 6B 96 FD 14 AE BF BF | T:854068 RPD:0
[CH: 50] LEN: 12 | HEX: F9 77 F6 F6 F4 70 96 F7 A3 2C BF EF | T:854080 RPD:1
[CH: 50] LEN: 12 | HEX: F9 77 BE ED F6 73 96 F7 94 AE AF FF | T:854091 RPD:1
[CH: 50] LEN: 12 | HEX: F5 77 FA F6 FE 70 96 FE A3 2C BD DF | T:854091 RPD:0
[CH: 50] LEN: 12 | HEX: E9 77 6E ED D6 63 96 ED 14 AE BF EB | T:854103 RPD:1
[CH: 50] LEN: 12 | HEX: F9 77 F4 FB FD 73 96 F7 94 AE BD DD | T:854103 RPD:0
[CH: 50] LEN: 12 | HEX: F5 77 BA F6 FD 70 96 F5 23 2C AF FE | T:854114 RPD:1
[CH: 50] LEN: 12 | HEX: F9 77 BA F5 EF 73 96 FB 94 AE AF 7B | T:854114 RPD:1
[CH: 50] LEN: 12 | HEX: F9 77 FA FE F4 70 96 FB 23 2C BB EF | T:854126 RPD:1
[CH: 50] LEN: 12 | HEX: F9 77 74 F5 D6 73 96 FA 94 AE BF FF | T:854137 RPD:1
[CH: 50] LEN: 12 | HEX: E9 77 D6 FD EE 73 96 FB 94 AE BF FB | T:854137 RPD:0
[CH: 50] LEN: 12 | HEX: F9 77 F6 EE F6 70 96 FF 23 2C BF FF | T:854149 RPD:1
[CH: 50] LEN: 12 | HEX: F9 77 F9 FA FE 70 96 FB A3 2C BF EF | T:854149 RPD:0
[CH: 50] LEN: 12 | HEX: F1 77 BA FD EE 63 96 F7 14 AE BF D6 | T:854160 RPD:1
[CH: 50] LEN: 12 | HEX: F1 77 D4 F6 FE 70 96 F5 23 2C BB F5 | T:854160 RPD:0
[CH: 50] LEN: 12 | HEX: F5 77 FA FB F6 73 96 FB 14 AE BF EF | T:854172 RPD:1
[CH: 50] LEN: 12 | HEX: ED 77 AE ED F6 70 96 EB 23 2C BF DF | T:854183 RPD:1
[CH: 50] LEN: 12 | HEX: F9 77 BE F5 EE 73 96 EF 14 AE BF AF | T:854183 RPD:1
[CH: 50] LEN: 12 | HEX: F1 77 5E EE F6 70 96 F6 23 2C BF FF | T:854195 RPD:1
[CH: 50] LEN: 12 | HEX: E9 77 FA FD EE 73 96 FF 14 AE BB DF | T:854195 RPD:0
[CH: 50] LEN: 12 | HEX: E9 77 BE EC FC 70 96 EF 23 2D BB FF | T:854206 RPD:1
[CH: 50] LEN: 12 | HEX: F9 77 FA F6 FE 70 96 FF 23 2C AA D5 | T:854217 RPD:1
[CH: 50] LEN: 12 | HEX: F5 77 B4 E9 FD 73 96 F7 54 AE BF FF | T:854218 RPD:0
[CH: 50] LEN: 12 | HEX: E9 77 DC E9 EE 73 96 FF 54 AE BD D4 | T:854229 RPD:1
[CH: 50] LEN: 12 | HEX: F5 77 BE FD FF 73 96 FB 94 AE BB BB | T:854229 RPD:0
[CH: 50] LEN: 12 | HEX: F9 77 FC EE FE 70 96 F6 23 2C BB FD | T:854240 RPD:1
[CH: 50] LEN: 12 | HEX: F5 77 5E FB FF 73 96 FF D4 AE BF 5F | T:854241 RPD:0
[CH: 50] LEN: 12 | HEX: F9 77 BE F6 FE 70 96 F7 23 2C BE DB | T:854252 RPD:1
[CH: 50] LEN: 12 | HEX: F9 77 D6 FD FE 73 96 F7 94 AD AF EF | T:854263 RPD:1
[CH: 50] LEN: 12 | HEX: F1 77 BA FD F4 70 96 FF 23 2C B7 77 | T:854264 RPD:0
[CH: 50] LEN: 12 | HEX: F5 77 FA FB EE 73 96 FF 94 AE BF FD | T:854275 RPD:1
[CH: 50] LEN: 12 | HEX: F1 77 BE FD FC 70 96 FF 23 2C BF E7 | T:854275 RPD:0
[CH: 50] LEN: 12 | HEX: F9 77 7E FD FE 73 96 FF 14 AE AF 7D | T:854286 RPD:1
[CH: 50] LEN: 12 | HEX: E9 77 BE F6 FE 70 96 FE A3 2C BE FE | T:854287 RPD:0
[CH: 50] LEN: 12 | HEX: F9 77 FA FD DC 73 96 F7 D4 AE BF FF | T:854298 RPD:0
[CH: 50] LEN: 12 | HEX: D5 77 5F 00 00 71 96 EF 5C 55 B6 FF | T:854320 RPD:1
[CH: 50] LEN: 12 | HEX: F5 77 BF 00 00 71 96 FF 9C 55 BB BF | T:854320 RPD:1
[CH: 50] LEN: 12 | HEX: F8 6D F7 80 FE FF 96 FF 6C 9E B7 EB | T:854350 RPD:1
[CH: 50] LEN: 12 | HEX: F0 6D FA 00 F9 FB 96 FF 6C 9F AB FF | T:854351 RPD:1
[CH: 50] LEN: 12 | HEX: F9 77 FF 00 00 71 96 FF 9C 55 BF 55 | T:854620 RPD:1
[CH: 50] LEN: 12 | HEX: F9 77 F7 00 00 71 96 EF 9C 55 BF FB | T:854620 RPD:1
[CH: 50] LEN: 12 | HEX: F8 6D FE 80 FC ED 96 EB 6C 9F BF FE | T:854651 RPD:1
[CH: 50] LEN: 12 | HEX: F9 77 5F 00 00 71 96 FF 5C 55 FE FF | T:854919 RPD:1
[CH: 50] LEN: 12 | HEX: F9 77 BF 00 00 71 96 EF 5C 55 BF 7F | T:854920 RPD:1
[CH: 50] LEN: 12 | HEX: F8 6D ED 00 F6 EB 96 FE 6C 9D 3F 7F | T:854950 RPD:1
[CH: 50] LEN: 12 | HEX: F4 6D DE 80 F9 F5 96 FF 6C 9E BF 7D | T:854951 RPD:1
[CH: 50] LEN: 12 | HEX: F1 7F FD 00 00 71 96 F7 5C 55 AA 7F | T:855219 RPD:1
[CH: 50] LEN: 12 | HEX: F9 77 BD 00 00 71 96 DE 5C 55 BE DF | T:855220 RPD:1
[CH: 50] LEN: 12 | HEX: F4 6D EB 00 F4 FB 96 FA EC 9F BF F7 | T:855250 RPD:1
[CH: 50] LEN: 12 | HEX: F8 6D DE 80 FF F5 96 F6 EC 9F BB 77 | T:855251 RPD:1
[CH: 50] LEN: 12 | HEX: EA 76 EE 80 8C FD 96 FF 30 70 BF FB | T:855404 RPD:1
[CH: 50] LEN: 12 | HEX: F6 76 EB 00 8C EB 96 FF 30 70 BD FD | T:855405 RPD:1
[CH: 50] LEN: 12 | HEX: F2 76 F6 F5 70 FB 96 FF BB 83 BD EF | T:855438 RPD:1
[CH: 50] LEN: 12 | HEX: F6 76 FA F4 71 F9 96 FF 67 66 BF EF | T:855442 RPD:1
[CH: 50] LEN: 12 | HEX: F6 76 EE FB 76 F9 97 FE D1 9F 7F DA | T:855472 RPD:1
[CH: 50] LEN: 12 | HEX: F2 76 DD FA 77 77 96 EF 0D 72 BF F7 | T:855502 RPD:1
[CH: 50] LEN: 12 | HEX: FA 76 F6 E9 74 FD 96 FB F8 74 BB FB | T:855532 RPD:1
[CH: 50] LEN: 12 | HEX: F6 76 FA F8 75 F5 B6 F7 24 91 BA EF | T:855562 RPD:1
[CH: 50] LEN: 12 | HEX: F6 76 F6 F7 7A ED 96 EE 95 86 BF 6F | T:855592 RPD:1
[CH: 50] LEN: 12 | HEX: FE 76 F6 E6 73 D5 96 EE C9 63 BF FF | T:855622 RPD:1
[CH: 50] LEN: 12 | HEX: FA 76 FE F3 7A FD 96 FB B6 71 BF BD | T:855712 RPD:1
[CH: 50] LEN: 12 | HEX: FA 76 FE F2 7D AD 96 FE 8A 94 BD EE | T:855742 RPD:1
[CH: 50] LEN: 12 | HEX: FA 76 FE F0 79 FD 96 FF A3 7F B7 FD | T:855802 RPD:1
[CH: 50] LEN: 12 | HEX: FA 76 FE EF 62 F7 96 FF 0D 95 AF EF | T:855832 RPD:1
[CH: 50] LEN: 12 | HEX: F2 76 F5 EE 63 FD 96 FF D1 70 AE B5 | T:855862 RPD:0
[CH: 50] LEN: 12 | HEX: FA 76 FC ED 60 F9 96 EA A4 7C BD BF | T:855892 RPD:0
[CH: 50] LEN: 12 | HEX: FA 76 FE EC 61 F5 96 FF 78 9B BB 6F | T:855922 RPD:0
[CH: 50] LEN: 12 | HEX: FA 76 F4 EB 66 FD 96 FD CE 62 BA 7F | T:855952 RPD:0
[CH: 50] LEN: 12 | HEX: F2 76 FA EA 67 AD 96 FF 92 87 B5 FD | T:855982 RPD:0
[CH: 50] LEN: 12 | HEX: FA 76 FB E9 64 FD 96 FF D7 89 BB FF | T:856012 RPD:0
[CH: 50] LEN: 12 | HEX: FA 76 FE E8 65 F7 96 F7 3B 6C AF 6F | T:856042 RPD:0
[CH: 50] LEN: 12 | HEX: FA 76 FE E7 6A FD 96 FF 8A 7B BD EE | T:856072 RPD:0
[CH: 50] LEN: 12 | HEX: FE 76 FE E6 6B FD 96 FE 56 9E AF FF | T:856102 RPD:0
[CH: 50] LEN: 12 | HEX: FA 76 FE E5 68 E9 96 EB 23 50 BF 7D | T:856132 RPD:0
[CH: 50] LEN: 12 | HEX: FA 76 FE E3 6E FD 96 FF C9 8C BE FB | T:856192 RPD:0
[CH: 50] LEN: 12 | HEX: FA 76 FE E2 6F FD 96 FF 15 69 BF D9 | T:856222 RPD:0
[CH: 50] LEN: 12 | HEX: FA 76 FE E1 6C FD 96 FA 60 67 BF BF | T:856252 RPD:0
[CH: 50] LEN: 12 | HEX: FA 73 FE 80 81 DD 96 EB 63 B8 BF FF | T:856464 RPD:1
[CH: 50] LEN: 12 | HEX: FA 7B AC 80 81 ED 96 FF 53 FC BF F7 | T:856464 RPD:1
[CH: 50] LEN: 12 | HEX: F1 77 AA FA FE 70 96 FF 23 2C BF FF | T:856495 RPD:1
[CH: 50] LEN: 12 | HEX: F9 77 5E FD FE 73 96 FF 94 AE BF FE | T:856504 RPD:1
[CH: 50] LEN: 12 | HEX: F5 77 DE FE FE 70 96 FE A3 2C BF DD | T:856507 RPD:1
[CH: 50] LEN: 12 | HEX: F9 77 BA F5 F4 73 96 F7 D4 AE BF EF | T:856510 RPD:1
[CH: 50] LEN: 12 | HEX: E9 77 74 EA F4 70 96 FA 23 2C BF DE | T:856521 RPD:1
[CH: 50] LEN: 12 | HEX: F5 77 BA FD DE 73 96 FE D4 AE AF FF | T:856522 RPD:0
[CH: 50] LEN: 12 | HEX: F1 77 BC FE FE 70 96 F5 23 2C BF FF | T:856533 RPD:1
[CH: 50] LEN: 12 | HEX: F9 77 EE FD FE 73 96 FE 94 AE BF BF | T:856533 RPD:0
[CH: 50] LEN: 12 | HEX: F9 77 FD F4 EA 70 96 F5 23 2C BF FF | T:856544 RPD:1
[CH: 50] LEN: 12 | HEX: F5 77 DE E9 FB 73 96 EB D4 AE AF FF | T:856556 RPD:1
[CH: 50] LEN: 12 | HEX: F9 77 DA EA FE 70 96 FA 23 2C BF 76 | T:856556 RPD:0
[CH: 50] LEN: 12 | HEX: F9 77 DF FD EE 73 96 EB 54 AE BF ED | T:856567 RPD:1
[CH: 50] LEN: 12 | HEX: F5 77 FE FD FF 73 96 F7 D4 AE B7 5F | T:856568 RPD:0
[CH: 50] LEN: 12 | HEX: F5 77 BA FB D6 73 96 EF 54 AE BF FF | T:856579 RPD:1
[CH: 50] LEN: 12 | HEX: F9 77 7C F5 DE 73 96 EB 54 AE BF FD | T:856590 RPD:1
[CH: 50] LEN: 12 | HEX: F5 76 BE FD FE 70 96 FE A3 2C BE FF | T:856590 RPD:0
[CH: 50] LEN: 12 | HEX: E5 77 FA ED FA 73 96 FB 94 AE BF FE | T:856602 RPD:1
[CH: 50] LEN: 12 | HEX: F5 77 FA FF FE 70 96 FF 23 2C BF DF | T:856602 RPD:0
[CH: 50] LEN: 12 | HEX: F9 77 BE ED ED 73 96 EE 94 AE B7 EF | T:856613 RPD:1
[CH: 50] LEN: 12 | HEX: F9 77 F6 F4 FE 70 96 FF 23 2C BF F7 | T:856614 RPD:0
[CH: 50] LEN: 12 | HEX: F1 77 F4 FD EE 7B 96 F7 94 AE BF FF | T:856625 RPD:1
[CH: 50] LEN: 12 | HEX: F9 77 F6 FE FE 78 96 FF 23 2C AE FF | T:856636 RPD:1
[CH: 50] LEN: 12 | HEX: F5 77 EE F5 FD 73 96 EE 94 AE BF FF | T:856636 RPD:0
[CH: 50] LEN: 12 | HEX: F5 77 FC FE FE 70 96 FD 23 2C AF FD | T:856648 RPD:1
[CH: 50] LEN: 12 | HEX: F9 77 6A EC FE 70 96 EA A3 2C BD EC | T:856648 RPD:0
[CH: 50] LEN: 12 | HEX: F9 77 BA E9 EE 73 96 FB 54 AE BF FF | T:856659 RPD:1
[CH: 50] LEN: 12 | HEX: E9 77 BA FA FA 70 96 FF 23 2C BE FF | T:856660 RPD:0
[CH: 50] LEN: 12 | HEX: F9 77 7E F5 FD 73 96 F5 94 AE BF 77 | T:856671 RPD:1
[CH: 50] LEN: 12 | HEX: F5 77 7E FD DE 73 96 FF 54 AE BB FF | T:856682 RPD:1
[CH: 50] LEN: 12 | HEX: F5 77 FA FE F6 70 96 FE A3 2C BE FF | T:856682 RPD:0
[CH: 50] LEN: 12 | HEX: E9 77 DE F5 EF 73 96 F7 94 AE BF FB | T:856694 RPD:1
[CH: 50] LEN: 12 | HEX: F9 77 BA F9 FA 73 96 F7 14 AE BF 7F | T:856694 RPD:0
[CH: 50] LEN: 12 | HEX: E9 77 76 FA FC 70 96 FF 23 AC BF EB | T:856705 RPD:1
[CH: 50] LEN: 12 | HEX: F9 77 F4 F5 F6 73 96 FF 14 AE BF F6 | T:856717 RPD:1
[CH: 50] LEN: 12 | HEX: F9 77 BE F4 FE 70 96 D7 A3 2C BF BF | T:856717 RPD:1
[CH: 50] LEN: 12 | HEX: F5 77 F4 FD FE 73 96 FE 94 AE BF AF | T:856728 RPD:1
[CH: 50] LEN: 12 | HEX: F1 77 DA FE F6 70 96 F7 23 2C BF F7 | T:856728 RPD:0
[CH: 50] LEN: 12 | HEX: F5 77 BA F5 F5 73 96 FF 54 AE AF FF | T:856740 RPD:1
[CH: 50] LEN: 12 | HEX: F1 77 DC FE FE 70 96 FF 23 2C B7 FF | T:856740 RPD:0
[CH: 50] LEN: 12 | HEX: F5 77 FA E9 EE 73 96 EF 54 AE BF EA | T:856751 RPD:1
[CH: 50] LEN: 12 | HEX: F9 77 AE E9 FD 73 96 EF 14 AE BE FF | T:856762 RPD:1
[CH: 50] LEN: 12 | HEX: ED 77 76 FE FE 70 96 FA 23 2C BF 5F | T:856763 RPD:0
[CH: 50] LEN: 12 | HEX: F9 77 B6 EC EE 70 96 FF 23 2C BD FF | T:856774 RPD:1
[CH: 50] LEN: 12 | HEX: F5 77 BA EE F4 70 96 FE A3 2C BE FF | T:856774 RPD:0
[CH: 50] LEN: 12 | HEX: F1 77 FA F5 ED 73 96 FF 54 AE BF FF | T:856786 RPD:1
[CH: 50] LEN: 12 | HEX: F9 77 BC EE FE 70 96 F5 23 2C BF DF | T:856786 RPD:0
[CH: 50] LEN: 12 | HEX: F1 77 7A FB DF 73 96 FB 94 AE BB F7 | T:856797 RPD:1
[CH: 50] LEN: 12 | HEX: F1 77 F6 FE EE 70 96 F7 23 2C BF FF | T:856808 RPD:1
[CH: 50] LEN: 12 | HEX: F9 77 F4 F5 FE 73 96 FF 54 AE AF D7 | T:856809 RPD:0
[CH: 50] LEN: 12 | HEX: F5 77 76 FE F4 70 96 FB 23 2C B5 FE | T:856820 RPD:1
[CH: 50] LEN: 12 | HEX: F9 77 BE E9 FD 63 96 EE 94 AE B7 FB | T:856820 RPD:0
[CH: 50] LEN: 12 | HEX: F9 77 BE EE FE 70 96 FB 23 2C BF EF | T:856832 RPD:1
[CH: 50] LEN: 12 | HEX: E9 77 BA FD EF 73 96 FB 54 AE BF BF | T:856843 RPD:1
[CH: 50] LEN: 12 | HEX: F9 77 FA FE FE 70 96 FF 23 2C BF DF | T:856843 RPD:0
[CH: 50] LEN: 12 | HEX: F9 77 F4 EB FD 73 96 F7 94 AE BF 7A | T:856854 RPD:1
[CH: 50] LEN: 12 | HEX: F9 77 BE FD DD 73 96 EF 14 AE BD EF | T:856855 RPD:1
[CH: 50] LEN: 12 | HEX: F9 77 FC F6 FE 70 96 F6 A3 2C BF FF | T:856866 RPD:1
[CH: 50] LEN: 12 | HEX: F1 77 BE F6 FE 70 96 F7 A3 2C BF FD | T:856866 RPD:0
[CH: 50] LEN: 12 | HEX: F9 77 BE FE F4 70 96 F7 23 2C BB 7F | T:856878 RPD:1
[CH: 50] LEN: 12 | HEX: E9 77 F4 F6 FD 70 96 FE A3 2C BF FB | T:856889 RPD:1
[CH: 50] LEN: 12 | HEX: F5 77 76 FD ED 73 96 FF 54 AE BE D5 | T:856889 RPD:0
[CH: 50] LEN: 12 | HEX: FD 77 FD FE FE 70 96 FB 23 2C BE FB | T:856900 RPD:1
[CH: 50] LEN: 12 | HEX: F9 77 B4 FA FE 70 96 FF 23 2C BD 6F | T:856901 RPD:0
[CH: 50] LEN: 12 | HEX: F9 77 76 ED FE 73 96 F7 54 AE BF FF | T:856912 RPD:1
[CH: 50] LEN: 12 | HEX: F9 77 F6 F6 FE 70 96 FF A3 2C BF FD | T:856912 RPD:0
[CH: 50] LEN: 12 | HEX: E9 77 F4 F5 EE 73 96 EB 94 AE AB DE | T:856924 RPD:1
[CH: 50] LEN: 12 | HEX: F9 77 B6 EE FF 70 96 FF 23 2C B5 FF | T:856935 RPD:1
[CH: 50] LEN: 12 | HEX: F9 77 FA ED DD 73 96 F6 D4 AE BF FB | T:856935 RPD:0
[CH: 50] LEN: 12 | HEX: F9 77 BE F5 FE 73 96 FF 54 AE BF FF | T:856946 RPD:1
[CH: 50] LEN: 12 | HEX: F9 77 BE FB FD 73 96 FF 94 AE BF FF | T:856947 RPD:0
[CH: 50] LEN: 12 | HEX: E9 77 6E EE FE 60 96 FA 23 2C BF BB | T:856958 RPD:1
[CH: 50] LEN: 12 | HEX: F5 77 FA F5 EE 73 96 FF 14 AE BA BF | T:856958 RPD:0
[CH: 50] LEN: 12 | HEX: F9 77 BC F6 FE 70 96 EF 63 2C BD 7F | T:856969 RPD:1
[CH: 50] LEN: 12 | HEX: E9 77 7E E9 FD 73 96 FA 94 AE BF FD | T:856981 RPD:1
[CH: 50] LEN: 12 | HEX: F9 77 FE EA F4 70 96 FF A3 2C BF FF | T:856981 RPD:0
[CH: 50] LEN: 12 | HEX: E9 77 BA FD EA 73 96 F6 94 AE BF FF | T:856992 RPD:0
[CH: 50] LEN: 12 | HEX: F9 77 FF 00 00 71 96 FF 9C 55 BD DA | T:857006 RPD:1
[CH: 50] LEN: 12 | HEX: E9 77 F5 00 00 71 96 FF 5C 55 BF FF | T:857007 RPD:1
[CH: 50] LEN: 12 | HEX: F4 6D EB 00 EC FD 96 EF EC 9F 3F DF | T:857037 RPD:1
[CH: 50] LEN: 12 | HEX: F9 77 7F 00 00 71 96 EF 9C 55 BF FD | T:857306 RPD:1
[CH: 50] LEN: 12 | HEX: F9 77 7F 00 00 71 96 EE 9C 55 BB FF | T:857307 RPD:1
[CH: 50] LEN: 12 | HEX: E8 6D ED 00 F6 F5 96 FE 6C 9D BF F7 | T:857336 RPD:1
[CH: 50] LEN: 12 | HEX: FC 6D DA 00 FE FD 96 FE EC 9F FE FF | T:857337 RPD:1
[CH: 50] LEN: 12 | HEX: ED 77 AB 00 00 71 96 FB 9C 55 BF ED | T:857606 RPD:1
[CH: 50] LEN: 12 | HEX: F4 6D DF 00 FE FD 96 FE EC 9F BF DF | T:857637 RPD:1
[CH: 50] LEN: 12 | HEX: F9 77 77 00 00 71 96 FF 9C 55 BB FF | T:857905 RPD:1
[CH: 50] LEN: 12 | HEX: F1 77 6F 00 00 71 96 FB DC 55 BF FF | T:857906 RPD:1
[CH: 50] LEN: 12 | HEX: E8 6D D7 00 ED ED 96 EE 6C 9F B7 FF | T:857950 RPD:1
[CH: 50] LEN: 12 | HEX: F4 6D EF 00 EE F5 96 FE EC 9F BB D5 | T:857951 RPD:1
[CH: 50] LEN: 12 | HEX: EA 76 ED 00 8C D5 96 FE 30 70 BF EB | T:857981 RPD:1
[CH: 50] LEN: 12 | HEX: FA 76 EF 80 8C FD 96 FB 34 70 BF FF | T:857982 RPD:1
[CH: 50] LEN: 12 | HEX: EE 76 F6 EE 6B DF 96 F7 CF 8D BF EF | T:858012 RPD:1
[CH: 50] LEN: 12 | HEX: FA 76 F6 FD 78 ED 96 FF BB 83 B7 7F | T:858015 RPD:1
[CH: 50] LEN: 12 | HEX: EA 66 EF EC 71 FD 96 EE 66 66 BF FF | T:858019 RPD:1
[CH: 50] LEN: 12 | HEX: F6 76 EC FB 76 FD 96 F7 51 9F BF FF | T:858049 RPD:1
[CH: 50] LEN: 12 | HEX: EA 76 EE E9 74 F5 96 F7 F8 74 BF FE | T:858109 RPD:1
[CH: 50] LEN: 12 | HEX: EA 76 FD F0 65 FB 96 EE A4 91 BF 77 | T:858139 RPD:1
[CH: 50] LEN: 12 | HEX: FA 76 FE F6 77 DB 96 F6 C9 63 BB BD | T:858199 RPD:1
[CH: 50] LEN: 12 | HEX: F6 76 EE F5 78 F5 97 F7 BC 6D BF FB | T:858229 RPD:1
[CH: 50] LEN: 12 | HEX: EA 76 F6 F3 76 EB 96 F5 D6 71 FF BF | T:858289 RPD:1
[CH: 50] LEN: 12 | HEX: EA 76 F4 F2 77 7D 96 FE 8A 94 BD EF | T:858319 RPD:1
[CH: 50] LEN: 12 | HEX: F2 7E F6 F1 7C F5 96 F7 7F 9A BD FD | T:858349 RPD:1
[CH: 50] LEN: 12 | HEX: FA 76 FC F0 7D FD 96 F7 A3 7F BF BE | T:858379 RPD:1
[CH: 50] LEN: 12 | HEX: F2 76 FE EF 62 FD 96 FA 0D 95 AF BF | T:858409 RPD:1
[CH: 50] LEN: 12 | HEX: EA 76 FA EE 63 F5 96 F7 91 70 BD 7F | T:858439 RPD:0
[CH: 50] LEN: 12 | HEX: FA 76 FE ED 60 F9 96 FB A4 7A BB FF | T:858469 RPD:1
[CH: 50] LEN: 12 | HEX: FA 76 FE EC 61 ED 96 FF 78 9B BF FE | T:858499 RPD:0
[CH: 50] LEN: 12 | HEX: FA 76 FE EB 66 FD 96 FF 4E 62 BF FF | T:858529 RPD:0
[CH: 50] LEN: 12 | HEX: F2 76 FE EA 67 BD 96 FA 92 87 BF FD | T:858559 RPD:0
[CH: 50] LEN: 12 | HEX: FA 76 F6 E9 64 ED 96 FE A7 89 BF 7F | T:858589 RPD:0
[CH: 50] LEN: 12 | HEX: F2 76 FE E8 65 F5 96 FF 3B 6C AF BD | T:858619 RPD:0
[CH: 50] LEN: 12 | HEX: FA 76 FE E7 6A E9 96 EF 0A 7B B7 77 | T:858649 RPD:0
[CH: 50] LEN: 12 | HEX: F2 76 FA E6 6B ED 96 F6 56 9E BF D7 | T:858679 RPD:0
[CH: 50] LEN: 12 | HEX: F2 76 FE E5 68 ED 96 F6 23 90 BA 6F | T:858709 RPD:0
[CH: 50] LEN: 12 | HEX: FA 76 FE E4 69 FD 96 FF EB 75 B7 DF | T:858739 RPD:0
[CH: 50] LEN: 12 | HEX: FA 76 FE E3 6E FD 96 FF C9 8C BF 5F | T:858769 RPD:0
[CH: 50] LEN: 12 | HEX: FA 76 EE E2 6E F9 96 FF 15 69 BC B5 | T:858799 RPD:0
[CH: 50] LEN: 12 | HEX: FA 76 F5 E1 6C F5 96 FF 60 67 BF FF | T:858829 RPD:0
[CH: 50] LEN: 12 | HEX: F2 76 FB E0 6D FD 96 FE B8 82 BB EF | T:858859 RPD:0
[CH: 50] LEN: 12 | HEX: FA 76 FE DF 52 FD 96 FD 2D 92 BF FF | T:858889 RPD:0
[CH: 50] LEN: 12 | HEX: FA 76 FA FC 73 F5 96 FF 4E 8D BD FF | T:858919 RPD:0
[CH: 50] LEN: 12 | HEX: FA 76 FA F5 70 F5 96 FD BB 83 BF DD | T:858922 RPD:0
[CH: 50] LEN: 12 | HEX: EA 76 FA FC 71 FD 96 FF 67 66 BF F7 | T:858926 RPD:0
[CH: 50] LEN: 12 | HEX: FA 76 FA FB 76 FD 96 FF 51 9F BF FF | T:858956 RPD:0
[CH: 50] LEN: 12 | HEX: FA 76 FA FA 75 FD 96 FF 8D 7A BF 7F | T:858986 RPD:0
[CH: 50] LEN: 12 | HEX: EA 76 FC F9 74 FD 96 FF F8 74 BF DF | T:859016 RPD:0
[CH: 50] LEN: 12 | HEX: F2 76 FE F8 75 FD 96 F7 24 91 BF FF | T:859046 RPD:0
[CH: 50] LEN: 12 | HEX: FA 76 FE F7 7A FD 96 FE 95 86 B7 BF | T:859076 RPD:0
[CH: 50] LEN: 12 | HEX: FA 7B EE 80 81 FD 96 FF 53 FC BF FF | T:859279 RPD:1
[CH: 50] LEN: 12 | HEX: FA 7B DE 00 81 FD 96 FD 43 A8 BF FF | T:859280 RPD:1
[CH: 50] LEN: 12 | HEX: F9 77 D6 FE F6 70 96 F6 23 2C B6 FF | T:859311 RPD:1
[CH: 50] LEN: 12 | HEX: F1 77 BC F9 EE 73 96 FF 94 AE BF DF | T:859314 RPD:1
[CH: 50] LEN: 12 | HEX: F9 77 F4 FE FE 70 96 FE A3 2C AF FF | T:859317 RPD:1
[CH: 50] LEN: 12 | HEX: F9 77 7D F5 EB 73 96 FF 94 AE BF FF | T:859328 RPD:1
[CH: 50] LEN: 12 | HEX: F1 77 DC FC EA 70 96 F7 23 2C AB FD | T:859328 RPD:0
[CH: 50] LEN: 12 | HEX: F1 77 F4 FD FE 73 D6 FF 94 AE BF FD | T:859340 RPD:1
[CH: 50] LEN: 12 | HEX: F9 77 FD FA FE 70 96 FE 23 2C BB 7F | T:859340 RPD:0
[CH: 50] LEN: 12 | HEX: F9 77 EA FD EA 77 96 F5 94 AE AD FF | T:859351 RPD:1
[CH: 50] LEN: 12 | HEX: F1 77 FA EA EA 70 96 F5 23 2C BF FF | T:859362 RPD:1
[CH: 50] LEN: 12 | HEX: F9 77 5C F7 FE 73 96 FF 14 AE BD 6F | T:859363 RPD:0
[CH: 50] LEN: 12 | HEX: F1 77 FD FB FA 70 96 FF 23 2C BF 5E | T:859374 RPD:1
[CH: 50] LEN: 12 | HEX: F9 77 FE F6 FE 70 96 FB 23 2C BF FF | T:859374 RPD:0
[CH: 50] LEN: 12 | HEX: F9 77 DD FD F4 73 96 FF D4 AE BF DD | T:859386 RPD:1
[CH: 50] LEN: 12 | HEX: F1 77 F6 FE FE 70 96 FF 23 2C BF F7 | T:859397 RPD:1
[CH: 50] LEN: 12 | HEX: F9 77 7B FD EE 73 96 FB 14 AF BB 7B | T:859397 RPD:0
[CH: 50] LEN: 12 | HEX: E9 77 BC EA F6 70 96 FB 23 2C BF FF | T:859408 RPD:1
[CH: 50] LEN: 12 | HEX: F1 77 F4 ED EE 73 96 EE 94 AE BE ED | T:859409 RPD:0
[CH: 50] LEN: 12 | HEX: F5 77 7A FE FE 70 96 FF 23 2C BD EF | T:859420 RPD:1
[CH: 50] LEN: 12 | HEX: F9 77 BE FD FE 73 96 FA 94 AE BF FF | T:859420 RPD:0
[CH: 50] LEN: 12 | HEX: F1 77 DE FE FC 70 96 FF 23 2C BF DB | T:859432 RPD:1
[CH: 50] LEN: 12 | HEX: F9 77 FD FD FD 73 96 F7 54 AE AF BF | T:859443 RPD:1
[CH: 50] LEN: 12 | HEX: E9 77 BE EC EE 70 96 FB 23 2C AB FE | T:859443 RPD:0
[CH: 50] LEN: 12 | HEX: F9 77 AD FD FE 73 96 EE 94 AE BF EA | T:859454 RPD:1
[CH: 50] LEN: 12 | HEX: F9 77 FA FD EE 73 96 EB 94 AE AF FF | T:859455 RPD:0
[CH: 50] LEN: 12 | HEX: F5 77 FA FE F5 70 96 F7 23 2C BF F7 | T:859466 RPD:1
[CH: 50] LEN: 12 | HEX: F1 77 F4 FB ED 6B 96 F6 94 AE BF FF | T:859466 RPD:0
[CH: 50] LEN: 12 | HEX: F9 77 FE F6 F4 70 96 F6 A3 2C BF FF | T:859477 RPD:1
[CH: 50] LEN: 12 | HEX: F9 77 BE EE FE 70 96 FF 23 2C BF FF | T:859489 RPD:1
[CH: 50] LEN: 12 | HEX: F5 77 FE F5 FD 73 96 F5 94 AE BF FF | T:859489 RPD:0
[CH: 50] LEN: 12 | HEX: F5 77 EA ED FA 70 96 F7 A3 2C BD EF | T:859500 RPD:1
[CH: 50] LEN: 12 | HEX: F5 7F F6 FE FC 70 96 FB 23 2C BF EE | T:859501 RPD:0
[CH: 50] LEN: 12 | HEX: F9 77 FE F5 FD 73 96 FE 94 AE BF AF | T:859512 RPD:1
[CH: 50] LEN: 12 | HEX: F5 77 BA FD FE 70 96 FE A3 2C BF FE | T:859523 RPD:1
[CH: 50] LEN: 12 | HEX: FD 77 F6 ED ED 73 96 FF 14 AE BF CD | T:859523 RPD:1
[CH: 50] LEN: 12 | HEX: F9 77 76 F6 EE 70 96 ED 23 2C BB F7 | T:859535 RPD:1
[CH: 50] LEN: 12 | HEX: F5 76 BE FA EE 70 96 F7 23 2C BD FF | T:859535 RPD:0
[CH: 50] LEN: 12 | HEX: F5 77 5E F5 EE 73 96 FB 54 AE BF FF | T:859546 RPD:1
[CH: 50] LEN: 12 | HEX: F5 77 7A FD DA 73 96 F6 94 AE BD F6 | T:859547 RPD:0
[CH: 50] LEN: 12 | HEX: F5 77 7E EE FE 70 96 F7 23 2C B7 ED | T:859558 RPD:1
[CH: 50] LEN: 12 | HEX: F5 77 F4 F6 FE 70 96 FB 23 2C BB F7 | T:859569 RPD:1
[CH: 50] LEN: 12 | HEX: E9 77 FA F5 EE 73 96 F7 94 AE BA FB | T:859569 RPD:0
[CH: 50] LEN: 12 | HEX: F5 77 6A FD FC 73 96 FF 14 AE B7 77 | T:859581 RPD:1
[CH: 50] LEN: 12 | HEX: FD 77 EE E9 FA 73 96 F7 54 AE BF FF | T:859581 RPD:0
[CH: 50] LEN: 12 | HEX: F5 77 F6 FF FF 70 96 F7 23 2C BE B7 | T:859592 RPD:1
[CH: 50] LEN: 12 | HEX: E9 77 F6 ED F5 73 96 FE 94 AE BF FF | T:859593 RPD:0
[CH: 50] LEN: 12 | HEX: F9 77 DE FC F6 70 96 EE A3 2C B7 FF | T:859604 RPD:1
[CH: 50] LEN: 12 | HEX: F9 77 FA ED FA 73 96 F7 D4 AE AF BF | T:859615 RPD:1
[CH: 50] LEN: 12 | HEX: F9 77 F6 EE EE 70 96 FB 23 2C BF F6 | T:859615 RPD:0
[CH: 50] LEN: 12 | HEX: F1 77 F6 FF F6 70 96 FD 23 2C BE FF | T:859627 RPD:1
[CH: 50] LEN: 12 | HEX: E9 77 F6 ED DE 73 96 F7 94 AE BF BF | T:859627 RPD:0
[CH: 50] LEN: 12 | HEX: E9 77 BA FE FE 70 96 FE 23 2C BF 7F | T:859638 RPD:1
[CH: 50] LEN: 12 | HEX: F5 7F B6 FE FC 70 96 FE A3 2C BB FB | T:859639 RPD:0
[CH: 50] LEN: 12 | HEX: F5 77 F6 F5 FD 73 96 FB 54 AE BB EF | T:859650 RPD:1
[CH: 50] LEN: 12 | HEX: F5 77 7E FD F6 70 96 F7 23 2C AF D4 | T:859661 RPD:1
[CH: 50] LEN: 12 | HEX: E9 77 7E F5 EE 73 96 FE 94 AC BF DF | T:859661 RPD:0
[CH: 50] LEN: 12 | HEX: E9 77 BC F6 EC 70 96 FF 23 2C AE DF | T:859673 RPD:1
[CH: 50] LEN: 12 | HEX: E9 77 FA F4 FE 70 96 EF A3 2C BF 72 | T:859673 RPD:0
[CH: 50] LEN: 12 | HEX: F5 77 BE FD FA 73 96 F7 54 AE BF F6 | T:859684 RPD:1
[CH: 50] LEN: 12 | HEX: E9 77 5E ED DE 73 96 FF 94 AE AF FF | T:859696 RPD:1
[CH: 50] LEN: 12 | HEX: E9 77 F6 F4 FE 70 96 F6 A3 2C BB 7F | T:859696 RPD:0
[CH: 50] LEN: 12 | HEX: F9 77 BA F5 FD 73 96 FD 14 AE BF FF | T:859707 RPD:1
[CH: 50] LEN: 12 | HEX: F9 77 76 F6 EF 78 96 FE A3 2C AE FB | T:859707 RPD:0
[CH: 50] LEN: 12 | HEX: ED 77 76 ED DA 73 96 EB 94 AE B7 FD | T:859719 RPD:1
[CH: 50] LEN: 12 | HEX: E9 77 7E FD FA 73 96 F7 94 AE BF FF | T:859719 RPD:0
[CH: 50] LEN: 12 | HEX: F9 77 EE EF FE 70 96 FE A3 2C BF BF | T:859730 RPD:1
[CH: 50] LEN: 12 | HEX: F5 77 FE FB FC 73 96 F6 94 AE BF F7 | T:859741 RPD:1
[CH: 50] LEN: 12 | HEX: F9 77 FE F6 EE 70 96 FB 23 2C BF EB | T:859742 RPD:0
[CH: 50] LEN: 12 | HEX: E9 77 DA F9 DE 73 96 FD 14 AE BF EF | T:859753 RPD:1
[CH: 50] LEN: 12 | HEX: E9 77 BE F6 FA 70 96 F7 23 2C B7 EF | T:859753 RPD:0
[CH: 50] LEN: 12 | HEX: F5 77 DE FD FD 73 D6 EF 14 AE BF FF | T:859765 RPD:1
[CH: 50] LEN: 12 | HEX: E9 7F F6 FE FE 70 96 F5 23 2C BF DD | T:859765 RPD:0
[CH: 50] LEN: 12 | HEX: F9 77 76 ED D7 73 96 EE 94 AE BE FE | T:859776 RPD:1
[CH: 50] LEN: 12 | HEX: E9 7F 6E F7 FE 70 96 EE A3 2C AF 7E | T:859787 RPD:1
[CH: 50] LEN: 12 | HEX: F9 77 EA F5 FC 7B 96 FF 14 AE BF FF | T:859788 RPD:0
[CH: 50] LEN: 12 | HEX: F5 77 76 F6 FE 68 96 FE A3 2C BF FE | T:859799 RPD:0
[CH: 50] LEN: 12 | HEX: F9 77 7E FD FA 7B 96 EF 94 AE BA FD | T:859804 RPD:1
[CH: 50] LEN: 12 | HEX: F9 77 76 EE EE 70 96 ED 23 2C BF FF | T:859807 RPD:1
[CH: 50] LEN: 12 | HEX: FD 77 EE FD FA 73 96 EF 94 AE BF FF | T:859827 RPD:1
[CH: 50] LEN: 12 | HEX: E9 77 EE EF EE 70 96 F7 23 2C BF BF | T:859830 RPD:1
[CH: 50] LEN: 12 | HEX: F5 77 BA F5 FC 73 96 FD 14 AE BA EF | T:859833 RPD:1
[CH: 50] LEN: 12 | HEX: F9 77 7E FE EE 78 96 F6 A3 6C BD FE | T:859845 RPD:1
[CH: 50] LEN: 12 | HEX: E9 77 FA ED F6 7B 96 EF 94 AE BF EB | T:859845 RPD:1
[CH: 50] LEN: 12 | HEX: E9 77 77 00 00 71 96 FD 9C 55 BF FF | T:859874 RPD:1
[CH: 50] LEN: 12 | HEX: F1 77 B7 00 00 71 96 F7 1C 55 BB FF | T:859874 RPD:1
[CH: 50] LEN: 12 | HEX: F4 6D F7 00 FF FB 96 F7 6C 9E BE FD | T:859904 RPD:1
[CH: 50] LEN: 12 | HEX: F0 6D FD 00 F6 ED 96 F7 6C 9F BF FD | T:859905 RPD:1
[CH: 50] LEN: 12 | HEX: E9 77 F7 00 00 71 96 F7 9C 55 BF FB | T:860173 RPD:1
[CH: 50] LEN: 12 | HEX: F9 77 77 00 00 71 96 FD 9C 55 BD FE | T:860174 RPD:1
[CH: 50] LEN: 12 | HEX: E8 6D EF 00 F6 F5 96 F7 6C 9D BB 7F | T:860204 RPD:1
[CH: 50] LEN: 12 | HEX: F4 6D EF 00 FE F5 96 FB 6C 9D 3F FA | T:860205 RPD:1
[CH: 50] LEN: 12 | HEX: ED 77 7F 00 00 71 96 FE 9C 55 BE EA | T:860473 RPD:1
[CH: 50] LEN: 12 | HEX: F9 77 BF 00 00 71 96 ED 1C 55 BF DE | T:860474 RPD:1
[CH: 50] LEN: 12 | HEX: F4 6D D7 00 ED F9 96 ED 6C 9E BF DF | T:860504 RPD:1
[CH: 50] LEN: 12 | HEX: F8 6D EF 00 FE FD 96 FE EC 9F 7F FB | T:860504 RPD:1
[CH: 50] LEN: 12 | HEX: F6 76 FE 80 8C FD 96 FF 30 70 BF EE | T:860788 RPD:1
[CH: 50] LEN: 12 | HEX: EA 76 ED F6 63 B5 96 EF 4E 8D FB DB | T:860818 RPD:1
[CH: 50] LEN: 12 | HEX: F6 76 FE ED 70 FD 96 EF BB 83 BF FE | T:860822 RPD:1
[CH: 50] LEN: 12 | HEX: FA 76 F6 FC 71 ED 96 EF 67 66 AD 7F | T:860826 RPD:1
[CH: 50] LEN: 12 | HEX: FA 76 FE FB 76 F5 96 FD 51 9F BF FE | T:860856 RPD:1
[CH: 50] LEN: 12 | HEX: FA 76 F6 F5 74 ED 96 F7 78 74 BF FF | T:860916 RPD:1
[CH: 50] LEN: 12 | HEX: EA 76 F4 E7 72 ED 96 FD 95 86 BF FF | T:860976 RPD:1
[CH: 50] LEN: 12 | HEX: F2 76 FE EE 7B FB 96 F7 49 63 BF FB | T:861006 RPD:1
[CH: 50] LEN: 12 | HEX: F2 76 F6 FD 7C ED 96 FE BC 6D BF BE | T:861036 RPD:1
[CH: 50] LEN: 12 | HEX: F6 76 F6 E4 79 DD 96 FF 60 88 BB FF | T:861066 RPD:1
[CH: 50] LEN: 12 | HEX: F6 76 F4 EB 7A FD 96 F7 D6 71 BF B7 | T:861096 RPD:1
[CH: 50] LEN: 12 | HEX: F6 76 FE FA 7E FF 96 FF 0A 94 BF DF | T:861126 RPD:1
[CH: 50] LEN: 12 | HEX: F6 76 FA F0 75 ED 96 FE A3 7F 7F DB | T:861186 RPD:1
[CH: 50] LEN: 12 | HEX: FA 76 F4 EE 63 FD 96 FF D1 70 BF DB | T:861246 RPD:1
[CH: 50] LEN: 12 | HEX: FA 76 EA ED 60 FB 96 F5 A4 7A B7 DF | T:861275 RPD:1
[CH: 50] LEN: 12 | HEX: FA 76 FA EB 66 FD 96 F5 4E 62 BA 7B | T:861335 RPD:1
[CH: 50] LEN: 12 | HEX: FA 76 F4 EA 67 FF 96 FE D2 87 BF F7 | T:861365 RPD:1
[CH: 50] LEN: 12 | HEX: D2 76 FE E8 65 F9 96 EF 3B 6C BF F9 | T:861425 RPD:0
[CH: 50] LEN: 12 | HEX: FA 76 FD E7 6A F5 96 F5 0A 73 BE 8F | T:861455 RPD:0
[CH: 50] LEN: 12 | HEX: FA 76 FE E6 6B DD 96 F7 56 9E BD 5E | T:861485 RPD:0
[CH: 50] LEN: 12 | HEX: FA 76 FE E5 68 E9 96 FF 23 90 B7 57 | T:861515 RPD:0
[CH: 50] LEN: 12 | HEX: FA 76 FE E4 69 FD 96 FD 7F 75 BF 7F | T:861545 RPD:0
[CH: 50] LEN: 12 | HEX: F2 76 FE F3 6E F5 96 FF C9 8C BF BF | T:861575 RPD:0
[CH: 50] LEN: 12 | HEX: FA 76 FA E2 6F FD 96 F7 15 69 BD 7E | T:861605 RPD:0
[CH: 50] LEN: 12 | HEX: FA 76 FE E1 6C FD 96 FB 60 67 BD F7 | T:861635 RPD:0
[CH: 50] LEN: 12 | HEX: FA 76 FA E0 6D FD 96 FB BC 82 BF DF | T:861665 RPD:0
[CH: 50] LEN: 12 | HEX: E2 76 F4 DF 52 F9 96 FB 2D 92 BF D4 | T:861695 RPD:0
[CH: 50] LEN: 12 | HEX: FA 76 FA FE 73 F7 96 FF CE 8D BF DF | T:861725 RPD:0
[CH: 50] LEN: 12 | HEX: EA 76 FE F9 70 F5 96 F5 BB 83 FF 7F | T:861755 RPD:0
[CH: 50] LEN: 12 | HEX: FA 76 FC EC 71 EB 96 FF 67 66 B7 DE | T:861759 RPD:0
[CH: 50] LEN: 12 | HEX: FA 73 FF 00 81 FD 96 F7 E3 D4 BF FB | T:861977 RPD:1
[CH: 50] LEN: 12 | HEX: FA 7B FB 00 81 FD 96 FF E3 FC BD BE | T:861977 RPD:1
[CH: 50] LEN: 12 | HEX: F9 77 54 D4 EA 60 96 EA A3 2C AF DD | T:862007 RPD:1
[CH: 50] LEN: 12 | HEX: F1 77 BA EB FA 73 96 F7 14 AE BF 6B | T:862010 RPD:1
[CH: 50] LEN: 12 | HEX: F1 77 DC F4 FB 70 96 FB 23 2C BF FB | T:862013 RPD:1
[CH: 50] LEN: 12 | HEX: F1 77 DD F9 FA 73 96 FF D4 AE BB FE | T:862025 RPD:1
[CH: 50] LEN: 12 | HEX: F9 77 FE FE FE 70 96 EA 23 2C BD BD | T:862025 RPD:0
[CH: 50] LEN: 12 | HEX: F9 77 FD F5 FA 73 96 FF 94 AE BB BF | T:862036 RPD:1
[CH: 50] LEN: 12 | HEX: F9 77 D6 FE FE 70 96 FA A3 2C BF FF | T:862036 RPD:0
[CH: 50] LEN: 12 | HEX: F1 77 5E FD F6 73 96 FA 94 AE BF FF | T:862048 RPD:1
[CH: 50] LEN: 12 | HEX: F5 77 FD FE FA 70 96 FE 23 2C B6 FF | T:862059 RPD:0
[CH: 50] LEN: 12 | HEX: F9 77 DE FD F6 73 96 F7 D4 AE BF FD | T:862059 RPD:0
[CH: 50] LEN: 12 | HEX: F9 77 F6 ED FE 73 96 FF 94 AE BF FF | T:862071 RPD:1
[CH: 50] LEN: 12 | HEX: E9 77 FA F4 F6 70 96 F7 23 2C BF FF | T:862071 RPD:0
[CH: 50] LEN: 12 | HEX: F9 77 DA ED FE 73 B6 F5 54 AE BD FB | T:862082 RPD:1
[CH: 50] LEN: 12 | HEX: F1 77 BA FE FE 70 96 FF 23 2C B7 DE | T:862093 RPD:1
[CH: 50] LEN: 12 | HEX: F9 77 FE FD FA 73 96 FB 54 AE BF FF | T:862094 RPD:0
[CH: 50] LEN: 12 | HEX: F9 77 AF FA FB 70 96 FB 23 2C BF DF | T:862105 RPD:1
[CH: 50] LEN: 12 | HEX: F1 77 FE FE FE 70 96 FE 23 2C BD FF | T:862105 RPD:1
[CH: 50] LEN: 12 | HEX: F1 77 BB ED EE 73 96 F5 14 AE BF DA | T:862117 RPD:1
[CH: 50] LEN: 12 | HEX: F9 77 D6 FC F6 70 96 F7 23 2C BF EF | T:862119 RPD:1
[CH: 50] LEN: 12 | HEX: F9 77 FD F5 FC 73 96 F5 94 AE BE FF | T:862139 RPD:1
[CH: 50] LEN: 12 | HEX: F1 77 AE FE F4 70 96 FF 23 2C B7 FF | T:862142 RPD:1
[CH: 50] LEN: 12 | HEX: F9 77 7A EB EA 73 96 FE 94 AE BF FF | T:862145 RPD:1
[CH: 50] LEN: 12 | HEX: F9 77 DD FE FE 70 96 FA 23 2C BE FA | T:862156 RPD:1
[CH: 50] LEN: 12 | HEX: F9 77 DA FD FE 73 96 FB 94 AE B6 EF | T:862157 RPD:0
[CH: 50] LEN: 12 | HEX: F1 77 D5 FE FD 70 96 FF 23 2C BF 7F | T:862168 RPD:1
[CH: 50] LEN: 12 | HEX: F9 77 EE F5 FE 73 96 FA 94 AE BF FF | T:862168 RPD:0
[CH: 50] LEN: 12 | HEX: F1 77 BB F6 EA 70 96 FF 23 2C AF F8 | T:862180 RPD:1
[CH: 50] LEN: 12 | HEX: F9 77 F4 F5 EC 73 96 F7 14 AE BF DD | T:862191 RPD:1
[CH: 50] LEN: 12 | HEX: F9 77 EE FE FE 70 96 F5 23 2C AB DF | T:862191 RPD:0
[CH: 50] LEN: 12 | HEX: F9 77 BF E9 FE 73 96 FF 54 AE AD BE | T:862202 RPD:1
[CH: 50] LEN: 12 | HEX: F1 77 AD FD FE 73 96 F7 94 AE BE FB | T:862203 RPD:0
[CH: 50] LEN: 12 | HEX: F9 77 DE FE FE 70 96 FF 23 2C BF FD | T:862214 RPD:1
[CH: 50] LEN: 12 | HEX: E9 77 DD F5 ED 73 96 F7 94 AE BE FD | T:862225 RPD:1
[CH: 50] LEN: 12 | HEX: F1 77 7E FE FE 70 96 FF 23 2C BF F3 | T:862226 RPD:0
[CH: 50] LEN: 12 | HEX: F1 77 AA F5 EE 73 96 F5 14 AE AF 7D | T:862237 RPD:1
[CH: 50] LEN: 12 | HEX: F5 77 5E FE FE 70 96 FF 23 2C BF FF | T:862237 RPD:0
[CH: 50] LEN: 12 | HEX: E9 77 F4 FD FD 73 96 FF 94 AE BE FF | T:862248 RPD:1
[CH: 50] LEN: 12 | HEX: F1 77 BE F9 F4 73 96 F6 94 AE BD FE | T:862249 RPD:0
[CH: 50] LEN: 12 | HEX: F9 77 BE FE FE 70 96 FD 23 2C AF FF | T:862260 RPD:1
[CH: 50] LEN: 12 | HEX: E9 77 DE FE FE 70 96 FA A3 2C B7 BF | T:862271 RPD:1
[CH: 50] LEN: 12 | HEX: ED 77 F6 F5 FE 73 96 FF 54 AE B7 F7 | T:862272 RPD:0
[CH: 50] LEN: 12 | HEX: E9 77 BE F6 F6 70 96 FD 23 2C BF DF | T:862283 RPD:1
[CH: 50] LEN: 12 | HEX: E9 77 F6 FE EE 70 96 FF A3 2C B7 DF | T:862283 RPD:0
[CH: 50] LEN: 12 | HEX: D1 77 76 F5 EE 73 96 FF 54 AE BF 9F | T:862294 RPD:1
[CH: 50] LEN: 12 | HEX: F9 77 F4 F6 FE 70 96 EF 23 2C BB FF | T:862295 RPD:0
[CH: 50] LEN: 12 | HEX: F9 77 BC F9 DD 73 96 FE 94 AE BF FA | T:862306 RPD:1
[CH: 50] LEN: 12 | HEX: E9 77 7A F5 DD 73 96 FF 54 AE BD BF | T:862317 RPD:1
[CH: 50] LEN: 12 | HEX: F1 77 B6 FE F5 70 96 F6 A3 2C AF FF | T:862317 RPD:0
[CH: 50] LEN: 12 | HEX: F9 77 76 FB ED 73 96 FF 54 AE AD AF | T:862329 RPD:1
[CH: 50] LEN: 12 | HEX: F9 77 FF FD FD 73 96 FB 94 AE BF BF | T:862329 RPD:0
[CH: 50] LEN: 12 | HEX: E9 77 EA EE EE 70 96 FF 23 2C BB 6F | T:862340 RPD:1
[CH: 50] LEN: 12 | HEX: F9 77 74 FD FE 70 96 F7 23 2C BB FB | T:862352 RPD:1
[CH: 50] LEN: 12 | HEX: F9 77 7A F5 FF 73 96 FB 94 AE BE DF | T:862352 RPD:1
[CH: 50] LEN: 12 | HEX: F5 77 76 ED FD 73 96 FB D4 AE BF FF | T:862363 RPD:1
[CH: 50] LEN: 12 | HEX: F5 77 FC FE F6 70 96 F6 A3 6C BF FF | T:862363 RPD:0
[CH: 50] LEN: 12 | HEX: F9 77 BA F5 FF 73 96 F7 94 AE B5 FB | T:862375 RPD:1
[CH: 50] LEN: 12 | HEX: E9 77 D6 EA F7 70 96 EE A3 2C BB EE | T:862375 RPD:0
[CH: 50] LEN: 12 | HEX: ED 77 FA FD FF 73 D6 FE 94 AE BD 7F | T:862386 RPD:1
[CH: 50] LEN: 12 | HEX: F9 77 FC FE FE 70 96 F7 A3 2C BF BF | T:862398 RPD:1
[CH: 50] LEN: 12 | HEX: F9 77 76 FD FC 73 96 F5 94 AE BF FF | T:862398 RPD:0
[CH: 50] LEN: 12 | HEX: E9 77 5E EF F6 70 96 FE 23 2C BF 7F | T:862409 RPD:1
[CH: 50] LEN: 12 | HEX: E9 77 BC EF EE 70 96 EE A3 2C BF EF | T:862409 RPD:0
[CH: 50] LEN: 12 | HEX: F9 77 7E F5 FD 63 96 FD 14 AE BF BF | T:862421 RPD:1
[CH: 50] LEN: 12 | HEX: E9 7F 74 FE FA 70 96 EF A3 2C BF FF | T:862421 RPD:0
[CH: 50] LEN: 12 | HEX: FD 77 B6 FD EE 73 96 FF 54 AE BB BF | T:862432 RPD:0
[CH: 50] LEN: 12 | HEX: F5 77 BF 00 00 71 96 EE 9C 55 BF FF | T:862455 RPD:1
[CH: 50] LEN: 12 | HEX: F1 77 F7 00 00 71 96 F7 9C 55 BF EA | T:862456 RPD:1
[CH: 50] LEN: 12 | HEX: E8 6D FD 00 EE ED 96 F7 6D 9D AF DD | T:862486 RPD:1
[CH: 50] LEN: 12 | HEX: F1 77 F7 00 00 71 96 F6 9C 55 BF FD | T:862756 RPD:1
[CH: 50] LEN: 12 | HEX: FC 6D DF 00 FF ED 96 F6 EC 9F BF DB | T:862786 RPD:1
[CH: 50] LEN: 12 | HEX: F8 6D DB 00 EE FD 96 FF 6C 9F BF 7A | T:862786 RPD:1
[CH: 50] LEN: 12 | HEX: F5 77 7B 00 00 71 96 FB 9C 55 BB 7D | T:863055 RPD:1
[CH: 50] LEN: 12 | HEX: F9 77 F5 00 00 71 96 F7 18 55 AD F7 | T:863056 RPD:1
[CH: 50] LEN: 12 | HEX: E8 6D DE 00 EE F5 96 FA EC 9F B7 FF | T:863085 RPD:1
[CH: 50] LEN: 12 | HEX: F4 6D FA 00 FE FD 96 FE EC 9D 3F F7 | T:863086 RPD:1
[CH: 50] LEN: 12 | HEX: E9 77 F7 00 00 79 96 FF 1E 55 B5 FF | T:863355 RPD:1
[CH: 50] LEN: 12 | HEX: E9 77 FB 00 00 71 96 FD 1C 55 BF EF | T:863355 RPD:1
[CH: 50] LEN: 12 | HEX: E8 6D FD 00 ED FD 96 F7 EC 9D 2F FE | T:863385 RPD:1
[CH: 50] LEN: 12 | HEX: F8 6D F7 00 FA F5 96 FE EC 9F BF FD | T:863386 RPD:1
[CH: 50] LEN: 12 | HEX: FA 76 FF 00 8C ED 96 FD 30 70 BD FF | T:863429 RPD:1
[CH: 50] LEN: 12 | HEX: FA 76 FD 00 8C ED 96 F7 30 78 BF FF | T:863430 RPD:1
[CH: 50] LEN: 12 | HEX: F6 76 FF F6 7B AD 96 EE CE 8D BD FF | T:863460 RPD:1
[CH: 50] LEN: 12 | HEX: EA 76 FE FD 70 F5 96 FE BB 83 BD F7 | T:863463 RPD:1
[CH: 50] LEN: 12 | HEX: FA 76 FC FC 71 DD 96 EE 67 66 BE BF | T:863467 RPD:1
[CH: 50] LEN: 12 | HEX: F6 76 FD F9 74 FD 96 FF 78 74 B7 FF | T:863557 RPD:1
[CH: 50] LEN: 12 | HEX: EA 76 F7 E8 75 DB 96 F7 24 91 AD FF | T:863587 RPD:1
[CH: 50] LEN: 12 | HEX: F2 7E ED FF 76 FD 96 F5 95 86 BF FB | T:863617 RPD:1
[CH: 50] LEN: 12 | HEX: EA 76 F6 FE 77 FB 96 EF C9 63 BF F7 | T:863647 RPD:1
[CH: 50] LEN: 12 | HEX: F2 76 FF F5 74 FD 96 F7 3A 6D BD BE | T:863677 RPD:1
[CH: 50] LEN: 12 | HEX: EA 76 F5 EC 75 EB 96 EF E0 88 BF DB | T:863707 RPD:1
[CH: 50] LEN: 12 | HEX: EA 76 FE EB 7E F5 96 FE D6 71 BD FB | T:863737 RPD:1
[CH: 50] LEN: 12 | HEX: FE 76 F6 EA 7F FF 96 ED 0A 94 BF F5 | T:863767 RPD:1
[CH: 50] LEN: 12 | HEX: FA 76 F6 F1 7C D5 96 FF FE 9A BB 6F | T:863797 RPD:1
[CH: 50] LEN: 12 | HEX: FA 76 EC E8 79 BF 96 FB A3 7D BF BF | T:863827 RPD:1
[CH: 50] LEN: 12 | HEX: EA 76 F6 EE E2 F5 96 FD 8D 95 B7 FF | T:863857 RPD:1
[CH: 50] LEN: 12 | HEX: F6 76 F6 EF 63 DF 96 FF 51 70 BF B5 | T:863887 RPD:1
[CH: 50] LEN: 12 | HEX: FA 76 EA ED 60 FD 96 F7 A4 6A BF DF | T:863917 RPD:1
[CH: 50] LEN: 12 | HEX: F6 76 EA EC 61 ED 96 EB 78 9B B7 FF | T:863947 RPD:1
[CH: 50] LEN: 12 | HEX: FA 76 FE EB 66 F9 96 EE CE 62 BF F7 | T:863977 RPD:1
[CH: 50] LEN: 12 | HEX: FA 76 FE EA 67 AD 96 FF 52 87 AF FF | T:864007 RPD:1
[CH: 50] LEN: 12 | HEX: FA 76 F6 E9 64 FD 96 F5 A7 89 BF DB | T:864037 RPD:1
[CH: 50] LEN: 12 | HEX: FA 76 FE E8 65 F5 96 F7 3B 6C BF FF | T:864067 RPD:0
[CH: 50] LEN: 12 | HEX: FA 76 FE E7 6A E9 96 F7 CA 7B BE FF | T:864097 RPD:1
[CH: 50] LEN: 12 | HEX: FA 76 FC E6 6B F5 96 F5 56 9E BF CF | T:864127 RPD:0
[CH: 50] LEN: 12 | HEX: FA 76 F6 E5 68 F5 96 FD 23 90 BF D7 | T:864157 RPD:0
[CH: 50] LEN: 12 | HEX: FA 76 FE E4 69 F5 96 F7 D7 75 BF BF | T:864187 RPD:0
[CH: 50] LEN: 12 | HEX: FA 76 FE EB 6E FD 96 FD 49 8C BF DD | T:864217 RPD:0
[CH: 50] LEN: 12 | HEX: FA 76 FA E2 6F FD 96 EF 15 69 B3 DF | T:864247 RPD:0
[CH: 50] LEN: 12 | HEX: FA 76 F4 E1 6C FD 96 FF 60 67 BE D7 | T:864277 RPD:0
[CH: 50] LEN: 12 | HEX: F2 76 FE E0 6D FD 96 FF B8 82 BF BF | T:864307 RPD:0
[CH: 50] LEN: 12 | HEX: FA 76 FC DF 52 FD 96 FF 2D 92 BD FF | T:864337 RPD:0
[CH: 50] LEN: 12 | HEX: FA 76 F5 F6 73 AD 96 FF CE 8D BB BF | T:864367 RPD:0
[CH: 50] LEN: 12 | HEX: FA 76 F5 FC 71 ED 96 FF 67 66 BE FF | T:864374 RPD:0
[CH: 50] LEN: 12 | HEX: FA 76 FE F3 76 FD 96 F7 51 9F BB BB | T:864404 RPD:0
[CH: 50] LEN: 12 | HEX: FA 76 FE FA 77 FD 96 FE 8D 7A BF BB | T:864434 RPD:0
[CH: 50] LEN: 12 | HEX: FA 76 FE F1 74 F7 96 FB A8 74 BE FD | T:864464 RPD:0
[CH: 50] LEN: 12 | HEX: FA 76 FE F8 75 FD 96 FA 24 91 BF EF | T:864494 RPD:0
[CH: 50] LEN: 12 | HEX: F2 76 FC F7 7A FD 96 F5 95 86 B7 AF | T:864524 RPD:0
[CH: 50] LEN: 12 | HEX: FA 76 F6 E6 7B FD 96 FF 49 63 7F FD | T:864554 RPD:0
[CH: 50] LEN: 12 | HEX: F2 7B EE 80 81 EB 96 FB A3 DC BF DE | T:864778 RPD:1
[CH: 50] LEN: 12 | HEX: FA 7B ED 00 81 F5 96 FF E3 D4 B6 ED | T:864779 RPD:1
[CH: 50] LEN: 12 | HEX: F1 77 BA FE FE 70 96 F5 23 2C AF 39 | T:864810 RPD:1
[CH: 50] LEN: 12 | HEX: F1 77 B5 F9 DD 63 96 FE 54 AE BF FA | T:864813 RPD:1
[CH: 50] LEN: 12 | HEX: F1 77 ED F4 F6 70 96 FF 23 2C BB 7F | T:864816 RPD:1
[CH: 50] LEN: 12 | HEX: F9 77 AD F9 DD 73 96 F5 94 AE BE 7F | T:864836 RPD:1
[CH: 50] LEN: 12 | HEX: E9 77 BD FA F6 70 96 FE 23 2C BF F7 | T:864839 RPD:1
[CH: 50] LEN: 12 | HEX: F9 77 F4 FD FE 73 96 FB 14 AE BF CB | T:864842 RPD:1
[CH: 50] LEN: 12 | HEX: F9 77 FA F6 F6 70 96 EE A3 2C AF FF | T:864853 RPD:1
[CH: 50] LEN: 12 | HEX: F9 77 A9 FD FE 73 96 FF 94 AE BB BF | T:864853 RPD:0
[CH: 50] LEN: 12 | HEX: F1 77 F5 FE FE 70 96 F7 23 2C AF 55 | T:864865 RPD:0
[CH: 50] LEN: 12 | HEX: F9 77 76 ED EE 73 96 FE 94 AE BF FF | T:864871 RPD:1
[CH: 50] LEN: 12 | HEX: F5 77 5A FE FE 70 96 FA 23 2C BE FF | T:864882 RPD:1
[CH: 50] LEN: 12 | HEX: E9 77 BA FD EA 73 96 FF 94 AE BF DF | T:864882 RPD:0
[CH: 50] LEN: 12 | HEX: F9 77 FD FD FE 70 96 FF 23 2C BF DF | T:864894 RPD:1
[CH: 50] LEN: 12 | HEX: F9 77 B4 FD FD 73 96 FF 54 AE BF FD | T:864894 RPD:0
[CH: 50] LEN: 12 | HEX: F5 77 FD FC F4 70 96 EB 23 2C AF BF | T:864905 RPD:1
[CH: 50] LEN: 12 | HEX: F9 77 FD FD DD 73 96 F7 D4 AE BE FD | T:864905 RPD:0
[CH: 50] LEN: 12 | HEX: E9 77 F4 EE F6 70 96 FF 23 2C B6 EB | T:864917 RPD:1
[CH: 50] LEN: 12 | HEX: F9 77 FD FD FE 73 96 F7 D4 AE BE F7 | T:864928 RPD:1
[CH: 50] LEN: 12 | HEX: F9 77 BE FE EE 60 96 F7 23 2C BF 6B | T:864928 RPD:0
[CH: 50] LEN: 12 | HEX: F1 77 B4 FD FE 73 96 FF D4 AE BF FE | T:864939 RPD:1
[CH: 50] LEN: 12 | HEX: F9 77 5E FB DD 63 96 F7 94 AF BF FB | T:864940 RPD:0
[CH: 50] LEN: 12 | HEX: E9 77 FA FE F6 70 96 FF 23 2C BF FF | T:864951 RPD:1
[CH: 50] LEN: 12 | HEX: F9 77 BC FD EE 73 96 F7 94 AE AF FF | T:864951 RPD:0
[CH: 50] LEN: 12 | HEX: F9 77 FA F6 F6 70 96 F7 23 2C BF FE | T:864963 RPD:1
[CH: 50] LEN: 12 | HEX: F9 77 AE FE FC 70 96 FF 23 2C BB FF | T:864974 RPD:1
[CH: 50] LEN: 12 | HEX: F1 77 7A FD FE 73 96 F6 94 AE AF D7 | T:864974 RPD:0
[CH: 50] LEN: 12 | HEX: F9 77 B4 FE FF 70 96 FB 23 2C BF FE | T:864985 RPD:1
[CH: 50] LEN: 12 | HEX: F5 77 DE FA FA 70 96 FF 23 AC BF EF | T:864986 RPD:0
[CH: 50] LEN: 12 | HEX: F9 77 7C FD DE 73 96 EF 94 AC AD FF | T:864997 RPD:1
[CH: 50] LEN: 12 | HEX: F5 77 B4 FE F6 70 96 FE A3 2C BE FF | T:865008 RPD:1
[CH: 50] LEN: 12 | HEX: F9 77 BA FB FD 73 96 FD 94 AE BF F7 | T:865009 RPD:0
[CH: 50] LEN: 12 | HEX: F5 77 BE FD DD 73 96 FF 54 AE AD 7F | T:865020 RPD:1
[CH: 50] LEN: 12 | HEX: F1 77 F6 F6 EE 70 96 FE A3 2C BF ED | T:865020 RPD:1
[CH: 50] LEN: 12 | HEX: E9 77 FE ED ED 73 96 FF 54 AE BF 77 | T:865031 RPD:1
[CH: 50] LEN: 12 | HEX: E9 77 DA FE EE 70 96 FD 23 2C BD BF | T:865032 RPD:0
[CH: 50] LEN: 12 | HEX: E9 77 FE F5 EE 73 96 FE 94 AE BA F7 | T:865043 RPD:1
[CH: 50] LEN: 12 | HEX: F9 77 7A F9 DD 73 96 EE 94 AE B5 BE | T:865054 RPD:1
[CH: 50] LEN: 12 | HEX: F5 77 F4 FD FD 73 96 F7 14 AE BF 6B | T:865055 RPD:0
[CH: 50] LEN: 12 | HEX: F5 77 FA FB FA 73 96 FB 94 AE AF FF | T:865066 RPD:1
[CH: 50] LEN: 12 | HEX: E9 77 F6 FD FD 73 D6 F7 14 AE BF ED | T:865066 RPD:0
[CH: 50] LEN: 12 | HEX: F9 77 F6 FE EE 70 96 FE A3 2C BB 5F | T:865077 RPD:1
[CH: 50] LEN: 12 | HEX: F5 77 76 ED DA 73 96 FF 94 AE BF EA | T:865078 RPD:0
[CH: 50] LEN: 12 | HEX: E9 7F FA F6 FB 70 96 EE 23 2C BF FF | T:865089 RPD:1
[CH: 50] LEN: 12 | HEX: ED 77 7E ED BE 7B 96 FF 14 AE BF EF | T:865100 RPD:0
[CH: 50] LEN: 12 | HEX: F5 77 7A F6 FA 70 96 FE A3 2C BF AB | T:865101 RPD:0
[CH: 50] LEN: 12 | HEX: FD 77 BE ED FD 7B 96 FF 54 AE AF DF | T:865112 RPD:1
[CH: 50] LEN: 12 | HEX: FD 77 76 FD F6 70 96 FD 23 2C BF FB | T:865112 RPD:0
[CH: 50] LEN: 12 | HEX: F5 77 7E ED DE 73 96 EF 94 AE BE FD | T:865123 RPD:1
[CH: 50] LEN: 12 | HEX: F9 77 F6 FE FF 70 96 FD 23 2C B7 DA | T:865135 RPD:1
[CH: 50] LEN: 12 | HEX: F5 7F 7E FD D4 73 96 F7 14 AE BF FB | T:865135 RPD:0
[CH: 50] LEN: 12 | HEX: E9 77 B6 EF FE 70 96 FF 23 2C BF FD | T:865146 RPD:1
[CH: 50] LEN: 12 | HEX: ED 77 6E FE F6 70 96 FE A3 2C BD FF | T:865146 RPD:0
[CH: 50] LEN: 12 | HEX: F5 77 FE FD BE 73 96 EF 14 AE BF FB | T:865158 RPD:1
[CH: 50] LEN: 12 | HEX: F9 77 D6 EE FD 70 96 EE 23 2C BE FF | T:865158 RPD:0
[CH: 50] LEN: 12 | HEX: F9 77 F6 FD FD 73 96 F7 94 AE B5 F9 | T:865169 RPD:1
[CH: 50] LEN: 12 | HEX: F9 77 FA FD ED 73 96 FF 94 AE BF FF | T:865181 RPD:1
[CH: 50] LEN: 12 | HEX: F5 77 F6 FE FA 70 96 EE A3 2C BF FB | T:865181 RPD:0
[CH: 50] LEN: 12 | HEX: F5 77 5A E9 FD 73 96 FF 14 AE AF FF | T:865192 RPD:1
[CH: 50] LEN: 12 | HEX: F9 77 B6 FD FD 73 96 FE 94 AE BF F7 | T:865192 RPD:0
[CH: 50] LEN: 12 | HEX: F9 77 EE EC FD 60 96 EF 23 2C B7 FF | T:865204 RPD:1
[CH: 50] LEN: 12 | HEX: E9 77 F6 FD DD 73 96 F6 94 AE BF DD | T:865204 RPD:0
[CH: 50] LEN: 12 | HEX: F9 77 F6 EF EE 70 96 F7 A3 2C BF FF | T:865215 RPD:1
[CH: 50] LEN: 12 | HEX: F9 77 5E F5 DC 73 96 EF 94 AE AF FD | T:865227 RPD:1
[CH: 50] LEN: 12 | HEX: FD 77 FA FE FE 70 96 EE A3 2C BF FD | T:865227 RPD:0
[CH: 50] LEN: 12 | HEX: F9 77 BE FD FE 73 96 ED 14 AE BD 7D | T:865238 RPD:1
[CH: 50] LEN: 12 | HEX: F1 77 7E EC F6 60 96 EF 23 2C BF DF | T:865238 RPD:0
[CH: 50] LEN: 12 | HEX: ED 77 FD E9 EE 73 96 FF 54 AE BF EF | T:865250 RPD:0
[CH: 50] LEN: 12 | HEX: F9 77 BE F6 F6 70 96 EF A3 2C BF FF | T:865256 RPD:1
[CH: 50] LEN: 12 | HEX: E9 77 6E FD FD 7B 96 EB 14 AE B9 FF | T:865259 RPD:1
[CH: 50] LEN: 12 | HEX: F5 77 FE FC D7 70 96 F5 23 2C B5 5F | T:865271 RPD:1
[CH: 50] LEN: 12 | HEX: E9 77 FC F5 EE 73 96 FF 54 AE BF FB | T:865271 RPD:1
[CH: 50] LEN: 12 | HEX: F9 77 F4 FE F6 70 96 FB 23 6C BD FF | T:865285 RPD:1
[CH: 50] LEN: 12 | HEX: F9 77 BE FB EA 73 96 FF 54 AE BF FB | T:865288 RPD:1
[CH: 50] LEN: 12 | HEX: ED 77 AF 00 00 71 96 EF 1C 55 BD EF | T:865323 RPD:1
[CH: 50] LEN: 12 | HEX: F9 77 BF 00 00 71 96 FF 9C 55 AF B6 | T:865323 RPD:1
[CH: 50] LEN: 12 | HEX: F8 6D DE 00 FD ED 96 F7 6C 9F 7E D7 | T:865354 RPD:1
[CH: 50] LEN: 12 | HEX: F9 77 77 00 00 71 96 FE 9C 55 BB FB | T:865622 RPD:1
[CH: 50] LEN: 12 | HEX: F9 77 FF 00 00 71 96 EF 9C 55 BF FD | T:865623 RPD:1
[CH: 50] LEN: 12 | HEX: F4 6D EE 00 ED FD 96 EF 6C 9F BF F5 | T:865653 RPD:1
[CH: 50] LEN: 12 | HEX: ED 77 F7 00 00 71 96 EF 9C 55 BF FD | T:865923 RPD:1
[CH: 50] LEN: 12 | HEX: F8 6D FD 00 EE ED 96 EF 6C 9D BF EF | T:865953 RPD:1
[CH: 50] LEN: 12 | HEX: E8 6D EE 00 EA F5 96 F6 EC 9D BF FB | T:865953 RPD:1
[CH: 50] LEN: 12 | HEX: FD 77 F7 00 00 71 96 F5 5C 55 BD FB | T:866223 RPD:1
[CH: 50] LEN: 12 | HEX: EC 6D FE 00 FD ED 96 F6 EC 9F BB D5 | T:866252 RPD:1
[CH: 50] LEN: 12 | HEX: F0 6D FD 00 FE F5 96 FE 6C 9D B7 5D | T:866253 RPD:1
[CH: 50] LEN: 12 | HEX: FA 76 F6 80 8C FD 96 EF 30 70 AE BF | T:866386 RPD:1
[CH: 50] LEN: 12 | HEX: FA 76 FF 00 8C F5 96 EF 30 70 B7 FF | T:866387 RPD:1
[CH: 50] LEN: 12 | HEX: F6 76 F6 FE 73 B5 96 FD 4E 8D BF 76 | T:866417 RPD:1
[CH: 50] LEN: 12 | HEX: F6 76 F6 FD 70 F5 96 F7 BB 83 BD FF | T:866421 RPD:1
[CH: 50] LEN: 12 | HEX: F2 76 FE EC 71 FD 96 FD 67 66 AF FF | T:866425 RPD:1
[CH: 50] LEN: 12 | HEX: EA 7E EE FB 76 FD 96 EB 51 9F 7F FB | T:866455 RPD:1
[CH: 50] LEN: 12 | HEX: FA 76 EC EA 6F 7D 96 EB 0D 72 AE FF | T:866485 RPD:1
[CH: 50] LEN: 12 | HEX: FA 76 F6 E9 74 ED 96 F5 FC 74 B7 BB | T:866515 RPD:1
[CH: 50] LEN: 12 | HEX: F6 76 DC E8 75 FD 96 FE A4 91 BF FF | T:866545 RPD:1
[CH: 50] LEN: 12 | HEX: FA 76 FF FF F6 F5 96 FE 95 86 BF FF | T:866575 RPD:1
[CH: 50] LEN: 12 | HEX: FA 76 F6 FE 77 B9 96 EF 49 63 BF FF | T:866605 RPD:1
[CH: 50] LEN: 12 | HEX: F2 76 FC F4 79 FD 96 EE E0 88 AB 3E | T:866665 RPD:1
[CH: 50] LEN: 12 | HEX: FA 76 F4 F3 7A F5 96 FE 96 71 BF AF | T:866695 RPD:1
[CH: 50] LEN: 12 | HEX: FA 76 F6 F2 7E FD 96 EF 0A 94 BF EF | T:866725 RPD:1
[CH: 50] LEN: 12 | HEX: FA 76 FA F1 78 E9 96 EE 7B 9A BD DA | T:866755 RPD:1
[CH: 50] LEN: 12 | HEX: FA 76 FE F0 7D F5 96 FF E3 7F DF EF | T:866785 RPD:1
[CH: 50] LEN: 12 | HEX: FA 76 FE EF 62 FD 96 F6 8D 95 BD 5D | T:866815 RPD:0
[CH: 50] LEN: 12 | HEX: FA 76 FE EE 63 D5 96 F7 D1 70 BF 77 | T:866844 RPD:1
[CH: 50] LEN: 12 | HEX: F2 76 FE ED 60 E9 96 EF 24 6E B7 EF | T:866874 RPD:0
[CH: 50] LEN: 12 | HEX: FA 76 F4 EC 61 F5 96 FF 78 9B BF EF | T:866904 RPD:0
[CH: 50] LEN: 12 | HEX: F2 76 FE EB 66 FD 96 FF 4E 62 BE AD | T:866934 RPD:0
[CH: 50] LEN: 12 | HEX: FA 76 FE EA 67 FD 96 FF 92 87 BF FF | T:866964 RPD:0
[CH: 50] LEN: 12 | HEX: FA 76 FC E9 64 FD 96 FB A7 89 BB DD | T:866994 RPD:0
[CH: 50] LEN: 12 | HEX: F2 76 FE E8 65 ED 96 FD 3B 6C AE EB | T:867024 RPD:0
[CH: 50] LEN: 12 | HEX: FA 76 F6 E7 6A F5 96 FF 8A 73 BF B7 | T:867054 RPD:0
[CH: 50] LEN: 12 | HEX: F2 76 FE E6 6B E9 96 EF 56 9E BF FD | T:867084 RPD:0
[CH: 50] LEN: 12 | HEX: F2 76 FE E5 68 FD 96 FD 23 90 BF 7B | T:867114 RPD:0
[CH: 50] LEN: 12 | HEX: F6 76 F4 E4 69 FD 96 F7 5F 75 BF FD | T:867144 RPD:0
[CH: 50] LEN: 12 | HEX: FA 76 FA E3 6E F5 96 FF 69 8C BD FF | T:867174 RPD:0
[CH: 50] LEN: 12 | HEX: FA 76 F7 E2 6F FD 96 FD 15 69 BE FB | T:867204 RPD:0
[CH: 50] LEN: 12 | HEX: FA 76 FE E1 6C FD 96 F7 60 67 BD FF | T:867234 RPD:0
[CH: 50] LEN: 12 | HEX: FA 76 F6 E0 6D FD 96 F7 BC 82 BF FD | T:867264 RPD:0
[CH: 50] LEN: 12 | HEX: FA 76 FA DF 52 F5 96 EA 2D 92 B7 FD | T:867294 RPD:0
[CH: 50] LEN: 12 | HEX: FA 76 FE FE 73 AD 96 FF CE 8D BF 7F | T:867324 RPD:0
[CH: 50] LEN: 12 | HEX: FA 76 FE ED 70 BD 96 FD 3B 83 EF F6 | T:867328 RPD:0
[CH: 50] LEN: 12 | HEX: F2 76 F6 FC 71 D5 96 FB 67 66 BF FA | T:867358 RPD:0
[CH: 50] LEN: 12 | HEX: FA 76 FA F3 76 FD 96 FB 51 9E BF FB | T:867388 RPD:0
[CH: 50] LEN: 12 | HEX: F2 76 FE FA 77 FD 96 FF CD 7A BE FE | T:867418 RPD:0
[CH: 50] LEN: 12 | HEX: FA 73 FE 80 81 EB 96 FF 43 FE AF AF | T:867626 RPD:1
[CH: 50] LEN: 12 | HEX: FA 7B F7 00 81 FD 96 FF 63 FC BD FB | T:867626 RPD:1
[CH: 50] LEN: 12 | HEX: E5 77 5C F6 EE 70 96 FD A3 2C BA FF | T:867656 RPD:1
[CH: 50] LEN: 12 | HEX: F5 77 BE FF FE 73 96 FF 94 AE BB BF | T:867676 RPD:1
[CH: 50] LEN: 12 | HEX: F9 77 5E EC EE 70 96 F7 A3 2C BB DF | T:867679 RPD:1
[CH: 50] LEN: 12 | HEX: D1 77 FA FD F6 73 96 F7 94 AE BF FD | T:867682 RPD:1
[CH: 50] LEN: 12 | HEX: F1 77 BA FE FC 70 96 FB 23 2C B6 EE | T:867693 RPD:1
[CH: 50] LEN: 12 | HEX: F9 77 BC F5 EA 73 96 FE 94 AE BF FF | T:867694 RPD:0
[CH: 50] LEN: 12 | HEX: F1 77 F4 EE FC 70 96 F7 23 2C BB DF | T:867705 RPD:0
[CH: 50] LEN: 12 | HEX: E9 77 EE ED EC 73 96 F7 94 AE BF FF | T:867711 RPD:1
[CH: 50] LEN: 12 | HEX: F9 77 BA EC ED 70 97 FA 23 2C BF 7D | T:867722 RPD:1
[CH: 50] LEN: 12 | HEX: ED 77 BA EB D6 73 96 F7 54 AE BF DB | T:867723 RPD:0
[CH: 50] LEN: 12 | HEX: F1 77 FA F6 FE 70 96 EB 23 2C BB DE | T:867734 RPD:1
[CH: 50] LEN: 12 | HEX: F9 77 5A F5 FC 73 96 FF 54 AE BF EF | T:867734 RPD:0
[CH: 50] LEN: 12 | HEX: F1 77 7E FE FE 70 96 F7 23 2C BF FB | T:867746 RPD:1
[CH: 50] LEN: 12 | HEX: F1 77 F4 F5 FD 73 96 EB 94 AE BE FF | T:867746 RPD:0
[CH: 50] LEN: 12 | HEX: E9 77 FA FF FD 70 96 F6 23 2C BF FF | T:867757 RPD:1
[CH: 50] LEN: 12 | HEX: F1 77 DE FE F6 70 96 FE A3 2C AF 7F | T:867768 RPD:1
[CH: 50] LEN: 12 | HEX: F1 77 F6 FD EA 73 96 FE 94 AE BF FE | T:867769 RPD:0
[CH: 50] LEN: 12 | HEX: F9 77 F6 FD FE 73 96 FE 94 AE BF EA | T:867780 RPD:0
[CH: 50] LEN: 12 | HEX: F1 77 B6 FD FD 73 96 EF 54 AE B6 DF | T:867788 RPD:1
[CH: 50] LEN: 12 | HEX: E9 77 7A FA FA 70 96 FF A3 2C BF F7 | T:867809 RPD:1
[CH: 50] LEN: 12 | HEX: F1 77 76 FD FE 73 96 F5 14 AE BF FF | T:867812 RPD:1
[CH: 50] LEN: 12 | HEX: F9 77 F4 F6 FE 70 96 F7 23 2C BF E2 | T:867815 RPD:1
[CH: 50] LEN: 12 | HEX: F9 77 6E F5 FD 73 96 FF 94 AE BB EF | T:867826 RPD:1
[CH: 50] LEN: 12 | HEX: F1 77 6A F6 EE 70 96 FF 23 2C BE FE | T:867838 RPD:1
[CH: 50] LEN: 12 | HEX: F1 77 BC F5 FD 73 96 F7 54 AE BE FF | T:867841 RPD:1
[CH: 50] LEN: 12 | HEX: F9 77 BA F6 F7 70 96 EB 23 2C BE FF | T:867844 RPD:1
[CH: 50] LEN: 12 | HEX: F5 77 F6 ED DD 73 96 FD 94 AE BE D7 | T:867855 RPD:1
[CH: 50] LEN: 12 | HEX: F9 77 FE F4 FE 70 96 FE 23 2C BF FF | T:867856 RPD:1
[CH: 50] LEN: 12 | HEX: F9 77 BA F6 EF 70 96 FF A3 2C BE FF | T:867867 RPD:1
[CH: 50] LEN: 12 | HEX: E9 6F FA FD D6 73 16 F6 94 AE BE FF | T:867876 RPD:1
[CH: 50] LEN: 12 | HEX: F9 77 5E F6 EA 70 96 EF A3 2E AF BA | T:867879 RPD:1
[CH: 50] LEN: 12 | HEX: F5 77 B6 FD DD 73 96 FF 94 AE AE FF | T:867890 RPD:1
[CH: 50] LEN: 12 | HEX: E9 77 76 ED F6 70 96 EF 23 2C BE FD | T:867891 RPD:0
[CH: 50] LEN: 12 | HEX: F5 7F BA FB FE 73 96 F7 54 AE BF F7 | T:867902 RPD:1
[CH: 50] LEN: 12 | HEX: F9 77 AE FA F6 70 96 FF 23 2C B7 7F | T:867902 RPD:0
[CH: 50] LEN: 12 | HEX: F5 77 7A FD FD 73 96 FE 94 AE AB FF | T:867913 RPD:1
[CH: 50] LEN: 12 | HEX: F1 77 6E F6 EC 70 96 F7 23 2C BB FD | T:867914 RPD:0
[CH: 50] LEN: 12 | HEX: ED 77 FA FD F2 73 96 FD 14 AC BF FF | T:867925 RPD:0
[CH: 50] LEN: 12 | HEX: F1 77 B4 EA F4 F0 96 F6 A3 2C BB FB | T:867938 RPD:1
[CH: 50] LEN: 12 | HEX: F9 77 FA F9 ED 73 96 FB 94 AE BD 7F | T:867941 RPD:1
[CH: 50] LEN: 12 | HEX: F5 77 F4 FA FA 70 96 F6 23 2C BF DF | T:867944 RPD:1
[CH: 50] LEN: 12 | HEX: F5 77 BE F5 FD 73 96 F7 94 AE BD FA | T:867955 RPD:1
[CH: 50] LEN: 12 | HEX: E9 77 7E EE F6 70 96 FF 23 2C B7 DF | T:867956 RPD:0
[CH: 50] LEN: 12 | HEX: F9 77 DE E9 FD 73 96 FD 14 AE BF FF | T:867967 RPD:1
[CH: 50] LEN: 12 | HEX: F5 77 F4 EE EE 70 96 EB 23 2C B6 EF | T:867967 RPD:0
[CH: 50] LEN: 12 | HEX: F5 77 DE F5 FE 73 96 FF 54 AE BF BF | T:867978 RPD:0
[CH: 50] LEN: 12 | HEX: F1 77 FE F6 FE 70 96 EF 23 2C BE BF | T:867990 RPD:1
[CH: 50] LEN: 12 | HEX: F5 77 7E F5 DE 73 96 EB 94 AE BF FE | T:867990 RPD:0
[CH: 50] LEN: 12 | HEX: F9 77 EA F4 F6 70 96 F7 23 2C BF FF | T:868001 RPD:1
[CH: 50] LEN: 12 | HEX: F1 77 DD FD F6 73 96 FE 94 AE BD FF | T:868002 RPD:0
[CH: 50] LEN: 12 | HEX: ED 77 BE EC F6 70 96 EE A3 2C BD DF | T:868013 RPD:1
[CH: 50] LEN: 12 | HEX: F9 77 7E EE FD 70 96 FE A3 2C BF DD | T:868024 RPD:1
[CH: 50] LEN: 12 | HEX: F9 77 AE F5 ED 73 96 FE 94 AE BE FF | T:868024 RPD:0
[CH: 50] LEN: 12 | HEX: F9 77 BE F6 FE 70 96 F7 A3 2C BE BF | T:868036 RPD:1
[CH: 50] LEN: 12 | HEX: F5 77 5E FB F6 73 96 FB 14 AE BF 5D | T:868036 RPD:0
[CH: 50] LEN: 12 | HEX: F3 77 F4 FE EA 70 96 F5 23 2C BF FA | T:868047 RPD:1
[CH: 50] LEN: 12 | HEX: F9 77 FA FE FA 70 96 EB 23 2C AD FF | T:868048 RPD:0
[CH: 50] LEN: 12 | HEX: ED 77 76 EF DD 73 96 EF 94 AE BF EF | T:868059 RPD:1
[CH: 50] LEN: 12 | HEX: F1 77 7E FD DA 73 96 F7 94 AE BF 7F | T:868070 RPD:1
[CH: 50] LEN: 12 | HEX: F9 77 BC EE F6 70 96 FE 23 2C BB 5E | T:868070 RPD:0
[CH: 50] LEN: 12 | HEX: E9 77 FC F9 FD 73 96 FF 94 AE BF FF | T:868082 RPD:1
[CH: 50] LEN: 12 | HEX: F9 77 EA E9 FC 73 96 FE 94 AE BF FD | T:868082 RPD:0
[CH: 50] LEN: 12 | HEX: F5 77 FE FE FE 70 96 F7 23 2D BF FE | T:868093 RPD:1
[CH: 50] LEN: 12 | HEX: F5 77 FA F5 FA 73 96 F7 94 AE BF FF | T:868094 RPD:0
[CH: 50] LEN: 12 | HEX: F9 77 BE FC D6 70 96 F6 23 2C BB FE | T:868105 RPD:1
[CH: 50] LEN: 12 | HEX: F5 77 BE F9 FD 73 96 F7 14 AE AF FF | T:868116 RPD:1
[CH: 50] LEN: 12 | HEX: F9 77 FB FD FD 73 96 FB 94 AE BF FF | T:868116 RPD:0
[CH: 50] LEN: 12 | HEX: F1 77 BC F5 EE 73 96 EB 94 AE BF BF | T:868128 RPD:1
[CH: 50] LEN: 12 | HEX: F5 77 EA EE EE 70 96 F6 A3 AC BF BF | T:868128 RPD:0
[CH: 50] LEN: 12 | HEX: F9 77 F4 FB FF 73 96 FF 54 AE BF 6F | T:868139 RPD:1
[CH: 50] LEN: 12 | HEX: F9 77 F4 FD FE 70 96 FD 23 2C BF FF | T:868151 RPD:1
[CH: 50] LEN: 12 | HEX: F9 77 AE FD FF 73 96 F7 D4 AE BF DB | T:868151 RPD:0
[CH: 50] LEN: 12 | HEX: F9 77 BC F6 EE 70 96 F7 A3 2C BF 7F | T:868162 RPD:1
[CH: 50] LEN: 12 | HEX: F9 77 BE FC EA 70 96 F7 23 2C BF FD | T:868162 RPD:0
[CH: 50] LEN: 12 | HEX: F5 77 6E FD EE 73 96 EB 94 AE BF FB | T:868174 RPD:1
[CH: 50] LEN: 12 | HEX: F5 77 FC FE F6 70 96 F7 23 2C AD EA | T:868174 RPD:0
[CH: 50] LEN: 12 | HEX: E9 77 D4 FD ED 73 96 FB 94 AE AE BF | T:868185 RPD:0
[CH: 50] LEN: 12 | HEX: FD 77 B5 00 00 71 96 F6 9C 55 BF FF | T:868208 RPD:1
[CH: 50] LEN: 12 | HEX: F8 6D FF 00 FE FD 96 FA 6C 9E BB FB | T:868239 RPD:1
[CH: 50] LEN: 12 | HEX: F4 6D FD 00 FE FD 96 FF 6C 9D BF FB | T:868239 RPD:1
[CH: 50] LEN: 12 | HEX: E9 77 7F 00 00 71 D6 EF 5C 55 BE E7 | T:868508 RPD:1
[CH: 50] LEN: 12 | HEX: F5 77 F7 00 00 71 96 EB 9C 55 BF EF | T:868509 RPD:1
[CH: 50] LEN: 12 | HEX: E8 6D DF 00 FC FD 96 FE EC 9D BE FF | T:868538 RPD:1
[CH: 50] LEN: 12 | HEX: E8 6D D7 00 FE F5 96 F6 EC 9F BD F7 | T:868539 RPD:1
[CH: 50] LEN: 12 | HEX: E9 77 BF 00 00 71 96 EF 1C 55 AA EB | T:868808 RPD:1
[CH: 50] LEN: 12 | HEX: F5 77 77 00 00 71 96 FE 9C 55 AB FF | T:868808 RPD:1
[CH: 50] LEN: 12 | HEX: E8 6D FA 00 EE ED 96 FD 6C 9D 3F EF | T:868838 RPD:1
[CH: 50] LEN: 12 | HEX: F8 6D FF 00 FE FD 96 F6 6C 9F AF F7 | T:868839 RPD:1
[CH: 50] LEN: 12 | HEX: F5 77 FB 00 00 71 96 FD 9C 55 BB 6F | T:869107 RPD:1
[CH: 50] LEN: 12 | HEX: F5 77 DD 00 00 71 96 F7 1C 55 BD FF | T:869108 RPD:1
[CH: 50] LEN: 12 | HEX: FC 6D FE 80 F4 F5 96 F6 EC 9F 7F DF | T:869138 RPD:1
[CH: 50] LEN: 12 | HEX: E8 6D DD 00 EE F9 96 EB 6C 9E BF FF | T:869139 RPD:1
[CH: 50] LEN: 12 | HEX: FA 76 FF 00 8C ED 96 FF 30 70 BD B7 | T:869252 RPD:1
[CH: 50] LEN: 12 | HEX: FA 76 FE 80 8C ED 96 F7 30 70 B5 FB | T:869253 RPD:1
[CH: 50] LEN: 12 | HEX: FA 76 FE EE 73 FB 96 FB AE 8D BD 7F | T:869283 RPD:1
[CH: 50] LEN: 12 | HEX: F2 76 FE ED 70 F5 96 F7 7B 83 FF FD | T:869286 RPD:1
[CH: 50] LEN: 12 | HEX: FA 76 FE FA 71 DB 96 FA 67 66 BF FF | T:869290 RPD:1
[CH: 50] LEN: 12 | HEX: F6 76 EC F5 74 F5 96 FF B8 74 BF FF | T:869380 RPD:1
[CH: 50] LEN: 12 | HEX: FA 76 FE F8 75 ED 96 FD 24 91 BF FD | T:869410 RPD:1
[CH: 50] LEN: 12 | HEX: F2 76 EE F7 72 F5 96 F7 15 86 BF FF | T:869440 RPD:1
[CH: 50] LEN: 12 | HEX: FA 76 F4 F6 7B FD 96 F6 C9 63 B5 BD | T:869470 RPD:1
[CH: 50] LEN: 12 | HEX: FA 76 F6 F5 74 FD 96 FF 3C 6D BD 57 | T:869500 RPD:1
[CH: 50] LEN: 12 | HEX: FA 76 FE F4 71 FD 96 FE A0 88 BF F6 | T:869530 RPD:1
[CH: 50] LEN: 12 | HEX: F6 76 F6 E3 7E FD 97 FB D6 71 BF ED | T:869560 RPD:1
[CH: 50] LEN: 12 | HEX: F6 76 FE F2 7F BD 96 FE 0A 94 BA BE | T:869590 RPD:1
[CH: 50] LEN: 12 | HEX: FA 76 F6 F1 7C F9 96 EF 7F 9A BD FE | T:869620 RPD:1
[CH: 50] LEN: 12 | HEX: EA 7E F6 F0 79 FD 96 FF A3 7F B6 FE | T:869650 RPD:1
[CH: 50] LEN: 12 | HEX: FA 76 FE EF 62 FD 96 FF 0D 95 B6 FF | T:869680 RPD:1
[CH: 50] LEN: 12 | HEX: FA 76 FE EE 63 FD 96 FA 91 70 BB 5F | T:869710 RPD:1
[CH: 50] LEN: 12 | HEX: FA 76 F6 ED 60 FD 96 FF A4 7D BF 7E | T:869740 RPD:0
[CH: 50] LEN: 12 | HEX: FA 76 FC EC 61 F5 96 FA F8 9B BF 7B | T:869770 RPD:0
[CH: 50] LEN: 12 | HEX: FA 76 FE EB 66 FD 96 FF 4E 62 BF BE | T:869800 RPD:0
[CH: 50] LEN: 12 | HEX: FA 76 FC EA 67 DD 96 F7 92 87 BF FF | T:869830 RPD:0
[CH: 50] LEN: 12 | HEX: FA 76 EE E9 64 FD 96 FF D7 89 BD 7F | T:869860 RPD:0
[CH: 50] LEN: 12 | HEX: FA 76 FC E8 65 FD 96 EB 3B 6C B7 FF | T:869890 RPD:0
[CH: 50] LEN: 12 | HEX: FA 76 F6 E7 6A EB 96 FF 8A 7B B7 B6 | T:869920 RPD:0
[CH: 50] LEN: 12 | HEX: EA 76 FE E6 6B FD 96 FB 56 9F BB FF | T:869950 RPD:0
[CH: 50] LEN: 12 | HEX: FA 76 FE E5 68 FD 96 FB 23 90 BE FB | T:869980 RPD:0
[CH: 50] LEN: 12 | HEX: EA 76 FE E3 6E FD 96 F5 A9 8C BF AB | T:870040 RPD:0
[CH: 50] LEN: 12 | HEX: FA 76 FE E2 6F FD 96 F5 15 69 B5 F7 | T:870070 RPD:0
[CH: 50] LEN: 12 | HEX: FA 76 F4 E1 6C FD 96 F7 60 67 3F B5 | T:870100 RPD:0
[CH: 50] LEN: 12 | HEX: FA 76 F5 E0 6D F5 96 FF BC 82 BB D7 | T:870130 RPD:0
[CH: 50] LEN: 12 | HEX: F2 76 FE DF 52 F5 96 F5 2D 92 BF FB | T:870160 RPD:0
[CH: 50] LEN: 12 | HEX: FA 76 F6 F6 73 FD 96 FF CE 8D AD 7E | T:870190 RPD:0
[CH: 50] LEN: 12 | HEX: FA 76 FE FD 70 FD 96 FF BB 83 BF F7 | T:870193 RPD:0
[CH: 50] LEN: 12 | HEX: FA 66 FE FC 61 D5 96 F5 67 E6 BB DB | T:870197 RPD:0
[CH: 50] LEN: 12 | HEX: FA 76 F4 FB 76 FD 96 FF 51 9F 3F FE | T:870228 RPD:0
[CH: 50] LEN: 12 | HEX: FA 76 FE FA 77 FD 96 FF 8D 6A BF FF | T:870257 RPD:0
[CH: 50] LEN: 12 | HEX: FA 76 FE F9 74 F9 96 FF F8 6C BD D1 | T:870287 RPD:0
[CH: 50] LEN: 12 | HEX: FA 76 FE F8 75 FD 96 FF 24 91 BE FB | T:870317 RPD:0
[CH: 50] LEN: 12 | HEX: FA 7B FE 80 81 FD 96 F5 53 DC BD EF | T:870531 RPD:1
[CH: 50] LEN: 12 | HEX: FA 77 FF 00 81 FD 96 F7 E3 EA BF FF | T:870532 RPD:1
[CH: 50] LEN: 12 | HEX: F9 77 5E F6 F6 70 96 F7 23 2C B7 FF | T:870563 RPD:1
[CH: 50] LEN: 12 | HEX: E9 77 DC FD D6 73 96 EF 14 AE BE BB | T:870566 RPD:1
[CH: 50] LEN: 12 | HEX: F5 77 B6 FD FE 73 96 F6 94 AE BF FF | T:870572 RPD:1
[CH: 50] LEN: 12 | HEX: F5 77 DE FE F6 70 96 FE A3 2C BE FF | T:870575 RPD:1
[CH: 50] LEN: 12 | HEX: F9 77 FA FD F4 73 96 FB 14 AE BD FF | T:870586 RPD:1
[CH: 50] LEN: 12 | HEX: E9 77 7A FA EE 70 96 FA 23 2C BF FF | T:870586 RPD:0
[CH: 50] LEN: 12 | HEX: F9 77 BE FD FD 73 96 FF 14 AE BB FF | T:870598 RPD:1
[CH: 50] LEN: 12 | HEX: F5 77 BE F4 F6 70 96 FF A3 2C BD F7 | T:870609 RPD:1
[CH: 50] LEN: 12 | HEX: F5 77 BE FD FE 73 96 FF 14 AE B7 EB | T:870609 RPD:0
[CH: 50] LEN: 12 | HEX: F1 77 76 F5 D6 73 96 FE 94 AE BF B5 | T:870621 RPD:1
[CH: 50] LEN: 12 | HEX: FD 77 F5 FC F4 70 96 F5 23 2C BF FF | T:870621 RPD:0
[CH: 50] LEN: 12 | HEX: F9 77 BE FD EE 73 96 EB 94 AE BD DE | T:870632 RPD:1
[CH: 50] LEN: 12 | HEX: FD 77 FE FD DC 73 96 FB B4 AE BF DA | T:870632 RPD:0
[CH: 50] LEN: 12 | HEX: F9 77 F4 EE FE 70 96 FE A3 2C BF FD | T:870644 RPD:1
[CH: 50] LEN: 12 | HEX: ED 77 F6 F4 EE 70 96 FF 23 2C BD FF | T:870655 RPD:1
[CH: 50] LEN: 12 | HEX: F5 77 FC F5 FD 73 96 EF 14 AE BE F7 | T:870655 RPD:0
[CH: 50] LEN: 12 | HEX: F9 77 6E EE EE 70 96 FE 23 2C BF FE | T:870667 RPD:1
[CH: 50] LEN: 12 | HEX: E9 67 5A FD FC 73 96 FF 54 AE BF FF | T:870667 RPD:0
[CH: 50] LEN: 12 | HEX: F9 77 DC FE FE 70 96 FE A3 2C BF FF | T:870678 RPD:1
[CH: 50] LEN: 12 | HEX: E9 77 6E F5 FE 73 96 FB 94 AE B5 FF | T:870678 RPD:0
[CH: 50] LEN: 12 | HEX: F5 77 F6 FA FE 70 96 F7 23 2C BF FF | T:870690 RPD:1
[CH: 50] LEN: 12 | HEX: F9 6F 6E ED DD 73 D6 EF 94 AE BF FF | T:870701 RPD:1
[CH: 50] LEN: 12 | HEX: F9 77 F4 FE FE 70 96 F5 23 2C BE FF | T:870701 RPD:0
[CH: 50] LEN: 12 | HEX: F9 77 56 F5 FC 73 96 F7 94 AE BD 7F | T:870713 RPD:1
[CH: 50] LEN: 12 | HEX: FD 77 F6 FD FD 73 96 F7 94 AE B7 FF | T:870713 RPD:0
[CH: 50] LEN: 12 | HEX: F9 77 F4 F6 F6 70 96 FE A3 2C BB EB | T:870724 RPD:1
[CH: 50] LEN: 12 | HEX: F5 77 7E FD FC 73 96 F7 94 AE BD DB | T:870735 RPD:1
[CH: 50] LEN: 12 | HEX: E9 77 D6 EE F7 78 96 FE 23 2C AD 7F | T:870736 RPD:0
[CH: 50] LEN: 12 | HEX: F9 77 F6 FF F6 70 96 FB 23 2C BF BE | T:870747 RPD:1
[CH: 50] LEN: 12 | HEX: E9 77 F6 EE ED 70 96 EF 23 2C BF AE | T:870747 RPD:0
[CH: 50] LEN: 12 | HEX: F5 77 56 E9 DD 73 56 F7 94 AE BF 7E | T:870759 RPD:1
[CH: 50] LEN: 12 | HEX: F1 7F F4 F6 FE 70 96 FE A3 2C BE FF | T:870759 RPD:0
[CH: 50] LEN: 12 | HEX: F9 77 7E FD DE 73 96 EF 94 AE BF FF | T:870770 RPD:1
[CH: 50] LEN: 12 | HEX: F9 77 DC FE FE 70 96 F6 A3 2C BB 6E | T:870781 RPD:1
[CH: 50] LEN: 12 | HEX: E9 77 7A ED FA 73 96 F6 94 AE AF FF | T:870782 RPD:1
[CH: 50] LEN: 12 | HEX: F5 77 BA FE FD 70 96 FE A3 2C B6 F7 | T:870793 RPD:1
[CH: 50] LEN: 12 | HEX: F5 77 76 FD FE 70 96 FE 23 2C BD FF | T:870793 RPD:0
[CH: 50] LEN: 12 | HEX: F9 77 EA ED FD 73 D6 F7 94 AE BF FF | T:870805 RPD:1
[CH: 50] LEN: 12 | HEX: E9 77 BE F5 EE 73 96 FF 94 AE BF FF | T:870805 RPD:0
[CH: 50] LEN: 12 | HEX: F9 7F F4 FE FE 70 96 F6 A3 2C BD EF | T:870816 RPD:1
[CH: 50] LEN: 12 | HEX: F9 77 BE FD EE 70 96 EF 23 2C AB 5F | T:870827 RPD:1
[CH: 50] LEN: 12 | HEX: E9 77 76 FE FE 78 96 FE A3 2C BF FE | T:870828 RPD:0
[CH: 50] LEN: 12 | HEX: F1 77 7E EE ED 60 96 F7 23 2C BF FB | T:870839 RPD:1
[CH: 50] LEN: 12 | HEX: E9 6E FE ED FA 63 D6 F7 94 AE BF FF | T:870839 RPD:0
[CH: 50] LEN: 12 | HEX: F5 77 7E FE FF 60 96 FE A3 2C BF BD | T:870850 RPD:1
[CH: 50] LEN: 12 | HEX: F9 77 7E F5 DC 7B 96 F7 94 AE B7 FE | T:870862 RPD:1
[CH: 50] LEN: 12 | HEX: F9 77 5C FD FD 73 96 FB 94 AE B7 77 | T:870862 RPD:0
[CH: 50] LEN: 12 | HEX: F9 77 7E FD FD 63 96 FD 14 AE BE DB | T:870873 RPD:1
[CH: 50] LEN: 12 | HEX: F5 77 F6 FC FA 68 96 F6 A3 2C B5 F7 | T:870874 RPD:0
[CH: 50] LEN: 12 | HEX: F5 76 AE ED FD 73 96 EF 14 AE BF FD | T:870885 RPD:1
[CH: 50] LEN: 12 | HEX: ED 77 5E FE F6 70 96 FD 23 2C BF FF | T:870885 RPD:0
[CH: 50] LEN: 12 | HEX: F5 77 7E FD FD 73 96 F7 94 AE BF D6 | T:870896 RPD:1
[CH: 50] LEN: 12 | HEX: F5 77 BE FE FF 70 96 FE A3 2C AA DF | T:870908 RPD:1
[CH: 50] LEN: 12 | HEX: F9 77 F6 F5 FD 6B 96 FD 14 AE BF FF | T:870908 RPD:0
[CH: 50] LEN: 12 | HEX: F9 6F 7E E9 FC 63 16 F7 94 AE BF FD | T:870919 RPD:1
[CH: 50] LEN: 12 | HEX: F5 77 FE FE F6 70 96 F7 23 2C BF BE | T:870920 RPD:1
[CH: 50] LEN: 12 | HEX: F5 77 FA F5 DD 73 96 EB 54 AE BD EF | T:870931 RPD:1
[CH: 50] LEN: 12 | HEX: F5 77 F6 FF F6 70 96 FB 23 2C BF FF | T:870931 RPD:0
[CH: 50] LEN: 12 | HEX: E9 77 BE F5 FF 73 96 FE 94 AE AF BF | T:870942 RPD:1
[CH: 50] LEN: 12 | HEX: E9 77 FA FD FC 73 96 FF 54 AE BF DD | T:870954 RPD:1
[CH: 50] LEN: 12 | HEX: F9 77 F6 ED FF 70 96 F6 A3 2C AE F7 | T:870954 RPD:0
[CH: 50] LEN: 12 | HEX: F9 77 7A FD DD 73 96 FB 94 AE BD FF | T:870965 RPD:1
[CH: 50] LEN: 12 | HEX: F9 77 BE ED EF 73 96 F7 94 AE BF FF | T:870966 RPD:0
[CH: 50] LEN: 12 | HEX: E9 76 B6 ED ED 70 96 FD 23 2C B7 BF | T:870977 RPD:1
[CH: 50] LEN: 12 | HEX: F5 77 6E F5 D6 63 96 F7 94 AE B7 FE | T:870977 RPD:0
[CH: 50] LEN: 12 | HEX: F9 77 F6 FE FE 70 96 F7 A3 2C BF FD | T:870988 RPD:1
[CH: 50] LEN: 12 | HEX: FD 77 FA F5 DE 73 96 F7 54 AE BF FF | T:871000 RPD:1
[CH: 50] LEN: 12 | HEX: F9 77 BE FD FE 70 96 FE A3 2C BF FE | T:871000 RPD:0
[CH: 50] LEN: 12 | HEX: F9 77 BA FD DC 73 96 FE 94 AE BE AD | T:871011 RPD:1
[CH: 50] LEN: 12 | HEX: F5 77 F6 FD F6 70 96 EE A3 2C BF FF | T:871011 RPD:0
[CH: 50] LEN: 12 | HEX: F9 77 7E F5 DE 73 96 EE 94 AE BB FB | T:871023 RPD:1
[CH: 50] LEN: 12 | HEX: E9 77 F6 FE EE 68 96 EF 23 2C BF 77 | T:871034 RPD:1
[CH: 50] LEN: 12 | HEX: F9 77 7E ED FA 73 96 EB D4 AE BF BB | T:871034 RPD:0
[CH: 50] LEN: 12 | HEX: F1 77 76 ED EE 60 96 F7 23 2C BF FE | T:871046 RPD:1
[CH: 50] LEN: 12 | HEX: F9 77 EE FA FD 70 96 F6 A3 2C BE FB | T:871046 RPD:0
[CH: 50] LEN: 12 | HEX: E9 77 BE F9 F6 73 96 FE 94 AE B5 FF | T:871057 RPD:1
[CH: 50] LEN: 12 | HEX: F5 77 5E FF F6 70 96 F6 A3 2C BF BF | T:871057 RPD:1
[CH: 50] LEN: 12 | HEX: F9 77 F6 FD FD 73 96 FF 54 AE BB 73 | T:871069 RPD:1
[CH: 50] LEN: 12 | HEX: F1 77 FA FF FE 70 96 FF 23 2C BF FD | T:871080 RPD:1
[CH: 50] LEN: 12 | HEX: F5 77 FA F5 DD 73 96 F7 94 AE AF EB | T:871080 RPD:0
[CH: 50] LEN: 12 | HEX: F5 77 FE FD EE 73 96 FE 94 AE BF B5 | T:871092 RPD:1
[CH: 50] LEN: 12 | HEX: F5 77 74 E9 EE 73 96 F5 94 AE BB DF | T:871092 RPD:0
[CH: 50] LEN: 12 | HEX: F5 77 EA ED DE 73 96 FE 94 AE BF FF | T:871103 RPD:1
[CH: 50] LEN: 12 | HEX: F9 77 EE FD DD 73 96 F7 14 AE BF FB | T:871103 RPD:0
[CH: 50] LEN: 12 | HEX: F5 77 F6 FC FE 70 96 FE 23 2C AB FF | T:871115 RPD:1
[CH: 50] LEN: 12 | HEX: F9 7F F6 E9 ED 6B 96 F6 94 AE BF FF | T:871126 RPD:1
[CH: 50] LEN: 12 | HEX: F9 77 AD F5 DA 73 96 F7 14 AE BF FF | T:871126 RPD:0
[CH: 50] LEN: 12 | HEX: F5 77 6A F5 FD 73 96 F7 94 AE B7 AF | T:871138 RPD:1
[CH: 50] LEN: 12 | HEX: F9 77 BE FD FE 70 96 EE A3 2C BD FF | T:871138 RPD:0
[CH: 50] LEN: 12 | HEX: F5 77 FA FD FC 73 96 FB 94 AE BF FE | T:871149 RPD:1
[CH: 50] LEN: 12 | HEX: F9 77 74 F6 EE 70 96 FE A3 AC BF FF | T:871160 RPD:1
[CH: 50] LEN: 12 | HEX: E9 77 7E FD EE 73 96 FF 14 AE BE DE | T:871161 RPD:0
[CH: 50] LEN: 12 | HEX: F9 77 7A FD ED 70 96 FE A3 2C B7 FB | T:871172 RPD:1
[CH: 50] LEN: 12 | HEX: E9 77 F6 F6 EE 70 96 EF 23 2C BF FD | T:871172 RPD:0
[CH: 50] LEN: 12 | HEX: F5 77 EE F5 DA 73 96 FD 94 AE BB FF | T:871184 RPD:1
[CH: 50] LEN: 12 | HEX: F9 77 6A F6 FF 70 96 FF 23 2C BF FE | T:871184 RPD:0
[CH: 50] LEN: 12 | HEX: E9 77 AA FD DF 73 96 F5 94 AE BF FA | T:871195 RPD:1
[CH: 50] LEN: 12 | HEX: F5 77 AE F6 FE 70 96 FF 23 2C BE A7 | T:871206 RPD:1
[CH: 50] LEN: 12 | HEX: FD 77 BE FD DD 73 96 EF 14 AE AF FE | T:871207 RPD:0
[CH: 50] LEN: 12 | HEX: F9 77 EA EE EA 70 96 FE A3 2C BF FF | T:871218 RPD:1
[CH: 50] LEN: 12 | HEX: F9 77 AE F5 FD 6B 96 EF 14 AE BF FF | T:871218 RPD:0
[CH: 50] LEN: 12 | HEX: F9 77 F6 EE FF 70 96 FF 23 2C BE F7 | T:871230 RPD:1
[CH: 50] LEN: 12 | HEX: F1 77 5E FB FA 73 96 F7 54 AE BF EF | T:871230 RPD:0
[CH: 50] LEN: 12 | HEX: F9 77 FA FD ED 70 96 FE 23 2C B7 BF | T:871241 RPD:1
[CH: 50] LEN: 12 | HEX: F1 77 7E FD DF 73 96 F7 14 AE BB 57 | T:871252 RPD:0
[CH: 50] LEN: 12 | HEX: ED 77 F6 FE F6 78 96 EF 23 2C B7 BF | T:871253 RPD:0
[CH: 50] LEN: 12 | HEX: F5 77 F7 00 00 71 96 F7 1C 55 BD B7 | T:871272 RPD:1
[CH: 50] LEN: 12 | HEX: F4 6D EE 80 EC FD 96 EB 6C 9D BF 7F | T:871302 RPD:1
[CH: 50] LEN: 12 | HEX: F8 6D FA 00 EC FD 96 F7 6C 9F AF 7F | T:871303 RPD:1
[CH: 50] LEN: 12 | HEX: E9 77 77 00 00 71 96 FE 9C 55 BF 75 | T:871572 RPD:1
[CH: 50] LEN: 12 | HEX: FD 77 FA 00 00 71 96 FD 5C 55 BD BF | T:871572 RPD:1
[CH: 50] LEN: 12 | HEX: F0 6D ED 00 FE F9 96 FF 6C 9F BF FB | T:871602 RPD:1
[CH: 50] LEN: 12 | HEX: F8 6D FD 00 FE FD 96 FD 6C 9D BD B7 | T:871603 RPD:1
[CH: 50] LEN: 12 | HEX: F9 77 7F 00 00 71 96 EE 98 55 B7 FF | T:871871 RPD:1
[CH: 50] LEN: 12 | HEX: E9 77 5F 00 00 71 96 F7 98 55 BF FF | T:871872 RPD:1
[CH: 50] LEN: 12 | HEX: E8 6D DF 00 FD FD 96 FD 6C 9D BE AF | T:871902 RPD:1
[CH: 50] LEN: 12 | HEX: F0 6D DE 80 FF F5 96 F5 EC 9D B7 FF | T:871903 RPD:1
[CH: 50] LEN: 12 | HEX: F5 77 F7 00 00 71 96 F7 1C 55 BB 7B | T:872171 RPD:1
[CH: 50] LEN: 12 | HEX: F5 77 F7 00 00 71 96 F6 9C 55 BF FF | T:872172 RPD:1
[CH: 50] LEN: 12 | HEX: F8 6D EE 80 ED E9 96 FF 6C 9E BF DF | T:872206 RPD:1
[CH: 50] LEN: 12 | HEX: EA 76 FF 00 8C E9 96 FE B0 70 BF FD | T:872237 RPD:1
[CH: 50] LEN: 12 | HEX: EA 76 FD 00 8C ED 96 ED 30 70 AA FF | T:872237 RPD:1
[CH: 50] LEN: 12 | HEX: FA 76 FC FE 73 BD 96 F7 CE 8D BB FF | T:872268 RPD:1
[CH: 50] LEN: 12 | HEX: FA 76 FD ED 70 F5 96 ED BF C3 B7 7F | T:872271 RPD:1
[CH: 50] LEN: 12 | HEX: EA 76 ED F4 71 ED 96 FD 67 66 AB FF | T:872275 RPD:1
[CH: 50] LEN: 12 | HEX: FA 7E EE FF 76 FF 96 EF 51 9F B7 DE | T:872305 RPD:1
[CH: 50] LEN: 12 | HEX: EA 76 F6 F9 74 FD 96 ED F8 74 BF FF | T:872365 RPD:1
[CH: 50] LEN: 12 | HEX: FA 76 F6 FF 7E ED 96 FF 15 86 AF FF | T:872425 RPD:1
[CH: 50] LEN: 12 | HEX: FA 76 FF EE 7F BF 96 F7 C9 63 AB 5D | T:872455 RPD:1
[CH: 50] LEN: 12 | HEX: EA 76 FD F5 70 DD 96 EF 3E 6D BB 7F | T:872485 RPD:1
[CH: 50] LEN: 12 | HEX: F2 76 F6 F4 7D FD 96 EE E0 88 BD AF | T:872515 RPD:1
[CH: 50] LEN: 12 | HEX: FA 76 EA EB 7E F9 96 EF D6 71 F9 FF | T:872545 RPD:1
[CH: 50] LEN: 12 | HEX: FA 76 F6 E2 7B BD 96 F6 0A 94 BF DB | T:872575 RPD:1
[CH: 50] LEN: 12 | HEX: FE 76 FE E1 7A FB 96 EA FF 9A BF FF | T:872605 RPD:1
[CH: 50] LEN: 12 | HEX: FA 76 F4 F0 79 ED 96 F5 A3 7F 37 FF | T:872635 RPD:1
[CH: 50] LEN: 12 | HEX: F2 76 F4 EF 62 F7 96 F7 0D 95 BD CC | T:872665 RPD:1
[CH: 50] LEN: 12 | HEX: FA 76 EA EE 63 DD 96 F5 B1 70 BF 7F | T:872695 RPD:1
[CH: 50] LEN: 12 | HEX: FA 76 FE ED 60 FD 96 FF A4 7E AB FE | T:872725 RPD:1
[CH: 50] LEN: 12 | HEX: FA 76 F6 EC 61 FD 96 F5 78 9B B7 FB | T:872755 RPD:0
[CH: 50] LEN: 12 | HEX: FA 76 FE EB 66 FD 96 FF 4E 62 BD DF | T:872785 RPD:1
[CH: 50] LEN: 12 | HEX: FA 76 FA EA 67 FD 96 FF 92 87 3D 77 | T:872815 RPD:0
[CH: 50] LEN: 12 | HEX: FA 76 FE E9 64 FD 96 FF E7 89 BF 7F | T:872845 RPD:0
[CH: 50] LEN: 12 | HEX: FA 76 FC E8 65 FD 96 FF 3B 6C BF BF | T:872875 RPD:0
[CH: 50] LEN: 12 | HEX: FA 76 FC E7 6A F9 96 F5 0A 73 AF 7B | T:872905 RPD:0
[CH: 50] LEN: 12 | HEX: FA 76 FE E6 6B DD 96 FF 56 9E BF CE | T:872935 RPD:0
[CH: 50] LEN: 12 | HEX: FA 76 FA E5 68 FD 96 FF 23 90 BE FF | T:872965 RPD:0
[CH: 50] LEN: 12 | HEX: F2 76 FC E4 69 FD 96 F7 EB 75 BF FF | T:872995 RPD:0
[CH: 50] LEN: 12 | HEX: FA 76 F6 E3 6E ED 96 FF 89 8C BF FF | T:873025 RPD:0
[CH: 50] LEN: 12 | HEX: FA 76 FE E2 6F FD 96 FF 15 69 B5 EE | T:873055 RPD:0
[CH: 50] LEN: 12 | HEX: F6 76 F6 E1 6C FD 96 EA E0 67 3F 7F | T:873085 RPD:0
[CH: 50] LEN: 12 | HEX: FE 76 FC E0 6D FD 96 FF BC 82 BF FF | T:873115 RPD:0
[CH: 50] LEN: 12 | HEX: F2 76 FE DF 52 F5 96 FF 2D 92 BF FF | T:873145 RPD:0
[CH: 50] LEN: 12 | HEX: FA 73 FF 80 81 FD 96 FB D3 FC BF EF | T:873365 RPD:1
[CH: 50] LEN: 12 | HEX: FA 7B DF 00 81 FD 96 FF B3 DC B7 EF | T:873366 RPD:1
[CH: 50] LEN: 12 | HEX: E9 77 BB FE F4 70 96 FF 23 2C BF 7E | T:873397 RPD:1
[CH: 50] LEN: 12 | HEX: F9 77 BA FD DC 73 96 FF 94 AE BB EF | T:873417 RPD:1
[CH: 50] LEN: 12 | HEX: F9 77 FE FE FE 70 96 FB 23 2C BF FF | T:873426 RPD:1
[CH: 50] LEN: 12 | HEX: F9 77 BA E9 FE 73 96 FD 94 AE BF EE | T:873429 RPD:1
[CH: 50] LEN: 12 | HEX: F1 77 FF F5 F6 70 96 FB 23 2C BF FF | T:873432 RPD:1
[CH: 50] LEN: 12 | HEX: F9 77 FB FD FE 73 96 F5 94 AE AF FF | T:873443 RPD:1
[CH: 50] LEN: 12 | HEX: F9 77 FD FE F4 70 96 FB 23 2C BF BE | T:873443 RPD:0
[CH: 50] LEN: 12 | HEX: F1 77 F5 FB D4 73 96 FD 94 AE BB B5 | T:873455 RPD:1
[CH: 50] LEN: 12 | HEX: F9 77 AE F6 F5 70 96 FF 23 2C BF FF | T:873455 RPD:0
[CH: 50] LEN: 12 | HEX: F9 77 FF F9 FE 73 96 FF 54 AE AE FF | T:873466 RPD:1
[CH: 50] LEN: 12 | HEX: F9 77 FC F6 F4 70 96 FF 23 2C BF 3B | T:873478 RPD:1
[CH: 50] LEN: 12 | HEX: F9 77 FB FA FA 70 96 FF 23 2C BB BF | T:873478 RPD:0
[CH: 50] LEN: 12 | HEX: F9 77 5C FE FE 70 96 FE A3 2C BF 7F | T:873489 RPD:1
[CH: 50] LEN: 12 | HEX: F9 77 FD FA FE 70 96 FA 23 2C B5 DF | T:873489 RPD:0
[CH: 50] LEN: 12 | HEX: F9 77 74 FD FD 73 96 FB 94 AE BF FF | T:873501 RPD:1
[CH: 50] LEN: 12 | HEX: F1 77 76 F6 EE 70 96 F6 23 2C AF FF | T:873512 RPD:1
[CH: 50] LEN: 12 | HEX: F1 77 D4 FD F6 73 96 FF 54 AE BF FE | T:873512 RPD:0
[CH: 50] LEN: 12 | HEX: F9 77 D4 EC FF 70 96 F6 A3 2C BF FF | T:873524 RPD:0
[CH: 50] LEN: 12 | HEX: F9 77 F6 ED DD 73 96 EB 94 AE BF FE | T:873530 RPD:1
[CH: 50] LEN: 12 | HEX: F5 77 F4 F4 F6 70 96 FF A3 2C BB ED | T:873533 RPD:1
[CH: 50] LEN: 12 | HEX: E9 77 AE FD EE 73 96 F6 94 AE AF DF | T:873553 RPD:1
[CH: 50] LEN: 12 | HEX: F5 77 7E FE FE 70 96 FF 23 2C BF FC | T:873556 RPD:1
[CH: 50] LEN: 12 | HEX: F1 77 FA F5 F6 73 96 F7 94 AE BF FE | T:873559 RPD:1
[CH: 50] LEN: 12 | HEX: F5 77 F4 F4 FE 70 96 F7 23 2C BD 7F | T:873570 RPD:1
[CH: 50] LEN: 12 | HEX: F9 77 AE F5 ED 73 96 FF 54 AE B7 FB | T:873570 RPD:0
[CH: 50] LEN: 12 | HEX: E9 77 EA F6 F6 60 96 FD 23 2D BF F7 | T:873582 RPD:1
[CH: 50] LEN: 12 | HEX: F1 77 F4 FD FD 73 96 FE 94 AE AF EE | T:873582 RPD:0
[CH: 50] LEN: 12 | HEX: F5 77 FD FA F4 70 96 FF 23 2C BE ED | T:873593 RPD:1
[CH: 50] LEN: 12 | HEX: F9 77 FE F5 EE 73 96 FE 94 AE BF F7 | T:873604 RPD:0
[CH: 50] LEN: 12 | HEX: E9 77 F4 FE FA 70 96 FE A3 2C BF FF | T:873605 RPD:0
[CH: 50] LEN: 12 | HEX: F9 77 BE F6 FE 70 96 FF A3 2C BB FD | T:873616 RPD:1
[CH: 50] LEN: 12 | HEX: E9 77 BE ED FF 63 96 FF 14 AE BF FB | T:873616 RPD:0
[CH: 50] LEN: 12 | HEX: F1 77 B4 F6 F6 70 96 F7 A3 2C BF BF | T:873628 RPD:1
[CH: 50] LEN: 12 | HEX: ED 77 BC FD ED 73 96 F7 14 AE BB F5 | T:873639 RPD:0
[CH: 50] LEN: 12 | HEX: F5 77 7E FD EE 70 96 EB A3 2C BF FF | T:873639 RPD:0
[CH: 50] LEN: 12 | HEX: FD 77 BE EE F4 70 96 F7 23 2C BF FF | T:873650 RPD:1
[CH: 50] LEN: 12 | HEX: F9 77 BE FD FE 73 96 F7 D4 AE BF FF | T:873651 RPD:0
[CH: 50] LEN: 12 | HEX: D1 77 7A FE FC 70 96 FD 23 2C BE FD | T:873662 RPD:1
[CH: 50] LEN: 12 | HEX: F5 77 F4 E9 EE 73 96 EF 54 AE BF FF | T:873662 RPD:0
[CH: 50] LEN: 12 | HEX: F9 77 FE FE FA 70 96 FE A3 2C BF FE | T:873673 RPD:1
[CH: 50] LEN: 12 | HEX: F9 77 FE FD EC 73 96 EF 54 AE BB 67 | T:873685 RPD:1
[CH: 50] LEN: 12 | HEX: F9 77 7A F4 FE 70 96 FE A3 2C BF DD | T:873685 RPD:0
[CH: 50] LEN: 12 | HEX: F5 77 7E FD F6 73 96 FE 94 AE BF F7 | T:873696 RPD:1
[CH: 50] LEN: 12 | HEX: F9 77 BA FC F4 70 96 FE A3 2C BB FB | T:873697 RPD:0
[CH: 50] LEN: 12 | HEX: F1 77 76 ED DA 73 96 F7 14 AE BF ED | T:873708 RPD:1
[CH: 50] LEN: 12 | HEX: E9 77 7E FE F6 70 96 FF 23 2C BF FE | T:873708 RPD:0
[CH: 50] LEN: 12 | HEX: F1 77 7E F5 FD 63 96 F7 94 AE BF F7 | T:873719 RPD:1
[CH: 50] LEN: 12 | HEX: F1 77 7E FD EE 70 96 F6 23 2C B7 FE | T:873731 RPD:1
[CH: 50] LEN: 12 | HEX: F9 77 F6 F5 FD 73 96 FF D4 AE BB FE | T:873731 RPD:0
[CH: 50] LEN: 12 | HEX: F1 77 F6 EE EE 70 96 F7 23 2C BF FF | T:873742 RPD:1
[CH: 50] LEN: 12 | HEX: F1 77 5E F6 FE 70 96 E5 23 2C BD FF | T:873743 RPD:1
[CH: 50] LEN: 12 | HEX: E9 77 FE FD FA 63 96 F6 94 AE BF FD | T:873754 RPD:1
[CH: 50] LEN: 12 | HEX: F9 77 76 EE F6 70 96 FE A3 2C BB FF | T:873765 RPD:1
[CH: 50] LEN: 12 | HEX: E9 77 7E ED FD 7B 96 FF 14 AE BF 7B | T:873765 RPD:0
[CH: 50] LEN: 12 | HEX: E9 77 76 F4 F6 60 96 EB 23 2C BF DF | T:873777 RPD:1
[CH: 50] LEN: 12 | HEX: D1 77 FA FD ED 73 96 EF 14 AE B7 6F | T:873777 RPD:0
[CH: 50] LEN: 12 | HEX: E9 77 AC FE F6 70 96 FF A3 2C AF BF | T:873788 RPD:1
[CH: 50] LEN: 12 | HEX: F5 77 FE FD FD 73 96 EE 94 AE AB FF | T:873789 RPD:0
[CH: 50] LEN: 12 | HEX: F5 77 F4 E9 EF 73 96 F7 14 AE BF FF | T:873800 RPD:1
[CH: 50] LEN: 12 | HEX: F9 77 5E FD FF 73 96 EF 54 AE BF F7 | T:873811 RPD:1
[CH: 50] LEN: 12 | HEX: F5 77 FC FA FE 70 96 F7 23 2C AF BF | T:873811 RPD:0
[CH: 50] LEN: 12 | HEX: F9 77 BC FD ED 73 96 F7 14 AE BF FF | T:873823 RPD:1
[CH: 50] LEN: 12 | HEX: F5 77 FE FE FE 70 96 FF A3 2C AF 7F | T:873823 RPD:0
[CH: 50] LEN: 12 | HEX: F9 77 FA FD FC 73 96 EE 94 AE BF F5 | T:873834 RPD:1
[CH: 50] LEN: 12 | HEX: F1 77 F4 F6 EA 70 96 FF 23 2C BF F5 | T:873835 RPD:0
[CH: 50] LEN: 12 | HEX: F5 77 BA F5 FE 73 96 FE 94 AE BE EB | T:873846 RPD:1
[CH: 50] LEN: 12 | HEX: F5 77 B6 F6 EE 70 96 F7 23 2C BD B7 | T:873857 RPD:1
[CH: 50] LEN: 12 | HEX: F9 77 FD ED FD 73 96 FF 54 AE BE FD | T:873857 RPD:0
[CH: 50] LEN: 12 | HEX: ED 77 BA F5 F4 70 96 FE A3 2C BF DE | T:873869 RPD:1
[CH: 50] LEN: 12 | HEX: F9 77 B4 FE EE 70 96 FF 23 2C BF DF | T:873869 RPD:0
[CH: 50] LEN: 12 | HEX: F1 77 56 FD FD 73 96 F5 94 AE BF BF | T:873880 RPD:1
[CH: 50] LEN: 12 | HEX: F5 77 D4 F6 F6 70 96 F7 23 2C BF 7B | T:873892 RPD:1
[CH: 50] LEN: 12 | HEX: F9 77 FE F9 DF 7B 96 FE 94 AE BF 7F | T:873892 RPD:0
[CH: 50] LEN: 12 | HEX: F5 77 B6 EE F6 70 96 EB 23 2C BB B5 | T:873903 RPD:1
[CH: 50] LEN: 12 | HEX: E9 77 AD FD FD 73 96 F7 94 AE BF 7D | T:873903 RPD:0
[CH: 50] LEN: 12 | HEX: F5 77 D6 FE FE 70 96 F5 23 2C BF DF | T:873915 RPD:1
[CH: 50] LEN: 12 | HEX: E9 77 B6 ED F6 73 96 FB 14 AE BD FF | T:873915 RPD:0
[CH: 50] LEN: 12 | HEX: F9 77 F6 FF F5 70 96 EF 23 2C BF DF | T:873926 RPD:1
[CH: 50] LEN: 12 | HEX: F9 77 BE FD FE 73 96 F7 94 AE BF FF | T:873937 RPD:1
[CH: 50] LEN: 12 | HEX: F5 77 5A EA F6 60 96 FB 23 2C AE BF | T:873938 RPD:0
[CH: 50] LEN: 12 | HEX: F1 77 BA FD FE 73 96 F6 94 AE BF F7 | T:873949 RPD:1
[CH: 50] LEN: 12 | HEX: F5 77 BA E9 FD 73 96 FF 14 AE BF 5F | T:873949 RPD:0
[CH: 50] LEN: 12 | HEX: F9 77 7E FB FE 73 96 F5 94 AE BF FB | T:873961 RPD:1
[CH: 50] LEN: 12 | HEX: F9 77 FC FD FE 73 96 FF 94 AE BB DE | T:873961 RPD:0
[CH: 50] LEN: 12 | HEX: E9 76 B6 EC F4 70 96 FE 23 2C AF BE | T:873972 RPD:1
[CH: 50] LEN: 12 | HEX: E9 77 5E E9 FD 73 96 F7 94 AE BB 7A | T:873983 RPD:1
[CH: 50] LEN: 12 | HEX: F1 77 74 FE EA 70 96 EB 23 2C B7 FD | T:873984 RPD:0
[CH: 50] LEN: 12 | HEX: F9 77 76 F6 FD 70 96 FD 23 2C BF FF | T:873995 RPD:1
[CH: 50] LEN: 12 | HEX: F1 77 FA EE F6 60 96 FD 23 2C AF 7F | T:873995 RPD:0
[CH: 50] LEN: 12 | HEX: F1 77 7E FD FA 73 96 F7 54 AE BF FB | T:874007 RPD:0
[CH: 50] LEN: 12 | HEX: F5 77 AE FF F6 70 96 EE 23 2C BF 76 | T:874015 RPD:1
[CH: 50] LEN: 12 | HEX: F5 77 B4 FD FE 73 96 FF 54 AE BF FF | T:874017 RPD:1
[CH: 50] LEN: 12 | HEX: F5 77 F4 FF F4 60 96 FE A3 2C BE FE | T:874029 RPD:1
[CH: 50] LEN: 12 | HEX: E9 77 FA E9 DF 73 96 F7 94 AE B5 76 | T:874029 RPD:1
[CH: 50] LEN: 12 | HEX: F5 77 BE F9 FD 73 96 F7 94 AE BF 5F | T:874063 RPD:1
[CH: 50] LEN: 12 | HEX: F9 77 BF 00 00 71 96 F6 9C 55 BF FF | T:874098 RPD:1
[CH: 50] LEN: 12 | HEX: F9 77 F7 00 00 71 96 FE 9C 55 BD FB | T:874099 RPD:1
[CH: 50] LEN: 12 | HEX: F8 6D EF 80 FA F5 96 FE EC 9F BE FF | T:874128 RPD:1
[CH: 50] LEN: 12 | HEX: E8 6D FF 00 FC F5 96 FE 6C 9E BF 7F | T:874129 RPD:1
[CH: 50] LEN: 12 | HEX: F9 77 FF 00 00 71 96 F7 1C 55 BF FF | T:874398 RPD:1
[CH: 50] LEN: 12 | HEX: ED 77 7F 00 00 71 96 F7 9C 55 FF FE | T:874398 RPD:1
[CH: 50] LEN: 12 | HEX: F4 6D EF 80 FE FD 96 F6 EC 9D 3F D7 | T:874428 RPD:1
[CH: 50] LEN: 12 | HEX: F4 6D EE 80 EE F5 96 FF EC 9D B7 FD | T:874429 RPD:1
[CH: 50] LEN: 12 | HEX: F5 77 BF 00 00 71 96 FF 5C 55 BF F7 | T:874698 RPD:1
[CH: 50] LEN: 12 | HEX: E9 77 FF 00 00 71 96 F7 5C 55 B6 F5 | T:874698 RPD:1
[CH: 50] LEN: 12 | HEX: F4 6D EE 80 FE FD 96 FE EC 9E BF D7 | T:874729 RPD:1
[CH: 50] LEN: 12 | HEX: FA 76 F7 00 8C FD 96 F7 30 70 B7 7F | T:874862 RPD:1
[CH: 50] LEN: 12 | HEX: EE 76 F7 80 8C F5 96 EE B0 60 BF FF | T:874863 RPD:1
[CH: 50] LEN: 12 | HEX: D2 76 FA EE 73 F9 96 EF CE 8D BE FF | T:874893 RPD:1
[CH: 50] LEN: 12 | HEX: F6 76 F6 F5 70 FD 96 F7 7B 83 BF 7E | T:874896 RPD:1
[CH: 50] LEN: 12 | HEX: F6 76 F6 EC 71 ED 96 F5 67 66 BF FF | T:874900 RPD:1
[CH: 50] LEN: 12 | HEX: F2 76 FE EB 76 ED 96 EB 51 9F BF B6 | T:874930 RPD:1
[CH: 50] LEN: 12 | HEX: FA 76 EE FA 77 BD 96 FB 0D 76 BF FF | T:874960 RPD:1
[CH: 50] LEN: 12 | HEX: F6 76 FA F9 74 FD 96 FE F8 74 BF FF | T:874990 RPD:1
[CH: 50] LEN: 12 | HEX: F6 76 FF E8 75 DD 96 F7 24 91 BD FF | T:875020 RPD:1
[CH: 50] LEN: 12 | HEX: EA 76 F6 EF 72 F5 96 F7 95 86 BE D7 | T:875050 RPD:1
[CH: 50] LEN: 12 | HEX: F6 76 EE E6 73 FB 96 FE 49 63 BF FF | T:875080 RPD:1
[CH: 50] LEN: 12 | HEX: F6 7E EE F5 70 F5 96 EF 3A 6D FD E7 | T:875110 RPD:1
[CH: 50] LEN: 12 | HEX: F6 76 FE FC 79 F5 96 FF 60 88 BE DF | T:875140 RPD:1
[CH: 50] LEN: 12 | HEX: FA 76 FA E2 7F BD 96 FE 8A 94 BF FF | T:875200 RPD:1
[CH: 50] LEN: 12 | HEX: F2 76 FE F1 7A FD 96 FD 7B 9A BB 7F | T:875230 RPD:1
[CH: 50] LEN: 12 | HEX: FA 76 FE F0 7D FD 96 F7 A3 7A BF BF | T:875260 RPD:1
[CH: 50] LEN: 12 | HEX: FA 76 F6 EF 62 F5 96 FF 0D 95 BF FB | T:875290 RPD:1
[CH: 50] LEN: 12 | HEX: FA 76 EE EE 63 ED 96 FF 71 70 BA FF | T:875320 RPD:1
[CH: 50] LEN: 12 | HEX: F2 76 F6 ED 60 FD 96 EF A4 7B BF FE | T:875350 RPD:1
[CH: 50] LEN: 12 | HEX: F6 7E EA EC 61 FD 96 FF 78 9B B7 F7 | T:875380 RPD:1
[CH: 50] LEN: 12 | HEX: FA 76 FA EB 66 FD 96 FF 4E 62 BE EF | T:875410 RPD:1
[CH: 50] LEN: 12 | HEX: FA 76 FE EA 67 FB 96 EB 12 87 3B 5A | T:875440 RPD:1
[CH: 50] LEN: 12 | HEX: FA 76 FE E8 65 FD 96 FF 3B 6C BF B7 | T:875500 RPD:0
[CH: 50] LEN: 12 | HEX: FA 76 FC E7 6A FD 96 F7 8A 73 EB B5 | T:875530 RPD:0
[CH: 50] LEN: 12 | HEX: FA 76 FA E6 6B FD 96 EA 56 9E B7 7F | T:875560 RPD:0
[CH: 50] LEN: 12 | HEX: FA 76 FA E5 68 E9 96 F5 23 50 B6 AE | T:875590 RPD:0
[CH: 50] LEN: 12 | HEX: FA 76 FE F4 69 F5 96 FF F4 75 B7 BE | T:875620 RPD:0
[CH: 50] LEN: 12 | HEX: FA 76 FE E3 6E FD 96 FF C9 8C BF DD | T:875650 RPD:0
[CH: 50] LEN: 12 | HEX: FA 76 FE E2 6F DD 96 FF 15 69 BD 9F | T:875680 RPD:0
[CH: 50] LEN: 12 | HEX: FA 76 FE E1 6C F5 96 F7 60 67 AF D5 | T:875710 RPD:0
[CH: 50] LEN: 12 | HEX: FA 76 FE E0 6D F5 96 FE BC 82 BF F7 | T:875740 RPD:0
[CH: 50] LEN: 12 | HEX: FA 76 FE DE 52 FD 96 FF 2D 92 BF FF | T:875770 RPD:0
[CH: 50] LEN: 12 | HEX: FA 76 FE FA 73 FD 96 F7 6E 8D BB EF | T:875800 RPD:0
[CH: 50] LEN: 12 | HEX: FA 76 FA FC 71 FD 96 FD 67 66 BD FF | T:875806 RPD:0
[CH: 50] LEN: 12 | HEX: FA 76 FA FB 76 FD 96 EF 51 9F BE FF | T:875837 RPD:0
[CH: 50] LEN: 12 | HEX: FA 76 FE FA 77 FD 96 FF 8D 7A BE BD | T:875866 RPD:0
[CH: 50] LEN: 12 | HEX: FA 76 FE F9 74 FD 96 FF F8 74 BF FF | T:875896 RPD:0
[CH: 50] LEN: 12 | HEX: FA 76 FE F0 75 FD 96 F7 24 91 B7 AF | T:875926 RPD:0
[CH: 50] LEN: 12 | HEX: F2 73 D7 00 81 F5 96 EF B3 DA AD DF | T:876131 RPD:1
[CH: 50] LEN: 12 | HEX: FA 7B FF 00 81 FD 96 FF A3 EC BF EF | T:876132 RPD:1
[CH: 50] LEN: 12 | HEX: F9 77 DE EA FE 70 96 FA 23 2C B6 DF | T:876162 RPD:1
[CH: 50] LEN: 12 | HEX: F1 77 DF FD FC 73 96 FB 94 AE BD FE | T:876182 RPD:1
[CH: 50] LEN: 12 | HEX: E9 77 FA FE F5 70 96 F6 23 2C BB DD | T:876185 RPD:1
[CH: 50] LEN: 12 | HEX: F1 77 DA F5 FE 73 96 F7 14 AE BF BF | T:876188 RPD:1
[CH: 50] LEN: 12 | HEX: F9 77 FD EC EE 70 96 EB 23 2C BB FF | T:876199 RPD:1
[CH: 50] LEN: 12 | HEX: F1 77 D6 F9 FE 73 96 F7 54 AE BF AF | T:876199 RPD:0
[CH: 50] LEN: 12 | HEX: F5 77 FE F6 F5 70 96 FF 23 2C BF DF | T:876211 RPD:1
[CH: 50] LEN: 12 | HEX: F9 77 F4 ED FE 73 96 FB 94 AE BF 7F | T:876211 RPD:0
[CH: 50] LEN: 12 | HEX: F9 77 BA F4 FA 70 96 FF A3 2C BF AF | T:876222 RPD:1
[CH: 50] LEN: 12 | HEX: F9 77 AE FD F5 73 96 FD 14 AE BF F7 | T:876234 RPD:1
[CH: 50] LEN: 12 | HEX: E9 77 BA FE EC 70 96 FF 23 2C BF EF | T:876234 RPD:0
[CH: 50] LEN: 12 | HEX: F9 77 AE F5 EE 73 96 FE 94 AE AF DF | T:876245 RPD:1
[CH: 50] LEN: 12 | HEX: F9 77 FA FD FE 73 96 FF 94 AE BF FD | T:876245 RPD:0
[CH: 50] LEN: 12 | HEX: F5 77 5A F6 FA 70 96 FB 23 2C BF BF | T:876257 RPD:1
[CH: 50] LEN: 12 | HEX: F9 77 F4 F7 F4 73 96 FF D4 AE AF 5E | T:876268 RPD:1
[CH: 50] LEN: 12 | HEX: F1 77 7A FE EE 70 96 EB 23 2C BF 7E | T:876268 RPD:0
[CH: 50] LEN: 12 | HEX: E9 77 D6 FD F6 73 96 FF 54 AE BD FF | T:876280 RPD:1
[CH: 50] LEN: 12 | HEX: E9 77 BE EE DD 60 96 EF 23 2C BF FF | T:876280 RPD:0
[CH: 50] LEN: 12 | HEX: F5 77 F4 FD FE 73 96 FD 14 AE BB DF | T:876291 RPD:1
[CH: 50] LEN: 12 | HEX: E9 77 BE F6 F6 70 96 FE A3 2C BF DB | T:876291 RPD:0
[CH: 50] LEN: 12 | HEX: E9 77 BE F5 FD 73 96 F7 14 AE BE FF | T:876303 RPD:1
[CH: 50] LEN: 12 | HEX: E9 77 BE FE FC 70 96 F7 23 2C AE B7 | T:876314 RPD:1
[CH: 50] LEN: 12 | HEX: F9 77 DC FD FD 73 96 FB 94 AE BF FD | T:876314 RPD:0
[CH: 50] LEN: 12 | HEX: F1 77 76 EE EA 70 96 FE A3 2C BF 6E | T:876326 RPD:1
[CH: 50] LEN: 12 | HEX: E9 77 BE EE FE 60 96 FE 23 2C B7 DF | T:876326 RPD:0
[CH: 50] LEN: 12 | HEX: F1 77 F4 FD FE 73 96 FF D4 AE BB FF | T:876337 RPD:1
[CH: 50] LEN: 12 | HEX: E9 77 76 EA F4 60 96 EB 23 2C BA A6 | T:876337 RPD:0
[CH: 50] LEN: 12 | HEX: F9 77 BA EE FC 60 96 EF 23 2C B7 FF | T:876349 RPD:1
[CH: 50] LEN: 12 | HEX: FD 77 DF FB FD 73 96 FB 94 AE B5 EF | T:876360 RPD:1
[CH: 50] LEN: 12 | HEX: F5 77 AE F6 FE 70 96 FE A3 2C BD 7B | T:876360 RPD:0
[CH: 50] LEN: 12 | HEX: ED 77 DD F9 EA 73 96 F7 94 AE BF F7 | T:876371 RPD:1
[CH: 50] LEN: 12 | HEX: F5 77 BA FD FB 73 96 FF D4 AD BF EE | T:876372 RPD:0
[CH: 50] LEN: 12 | HEX: F5 77 5A F6 FE 70 96 FB 23 2C BD BF | T:876383 RPD:1
[CH: 50] LEN: 12 | HEX: F5 6F F6 ED DE 73 96 ED 14 AE BE FA | T:876394 RPD:1
[CH: 50] LEN: 12 | HEX: E9 77 FE F6 FD 70 96 F5 23 2C BE FD | T:876395 RPD:1
[CH: 50] LEN: 12 | HEX: F9 77 76 FD DE 73 96 F6 94 AE BF FA | T:876406 RPD:1
[CH: 50] LEN: 12 | HEX: F5 77 F4 F5 ED 73 96 F7 D4 AE AF BF | T:876406 RPD:0
[CH: 50] LEN: 12 | HEX: F5 77 7A F6 FE 70 96 EE A3 2C BF AD | T:876417 RPD:1
[CH: 50] LEN: 12 | HEX: F5 77 BE FF FE 70 96 F6 A3 2C BF FF | T:876418 RPD:0
[CH: 50] LEN: 12 | HEX: D9 77 F4 F5 EA 73 96 EF 14 AE BD 77 | T:876429 RPD:1
[CH: 50] LEN: 12 | HEX: D5 77 7A FD D6 70 96 F7 23 2C BF FF | T:876440 RPD:1
[CH: 50] LEN: 12 | HEX: F5 77 FA F5 FE 73 96 FE D4 AE BD BE | T:876441 RPD:0
[CH: 50] LEN: 12 | HEX: F9 77 AE FD FA 70 96 F5 23 2C BF BB | T:876452 RPD:1
[CH: 50] LEN: 12 | HEX: F9 77 F6 FE F7 70 96 FF A3 2C B7 FF | T:876452 RPD:0
[CH: 50] LEN: 12 | HEX: F9 77 B6 F9 ED 73 96 FF 54 AE BF BF | T:876463 RPD:1
[CH: 50] LEN: 12 | HEX: F5 77 EE FE FD 60 96 EF 23 2C BF EF | T:876464 RPD:0
[CH: 50] LEN: 12 | HEX: F1 77 BA F5 F6 73 96 FE 94 AE BF EB | T:876475 RPD:1
[CH: 50] LEN: 12 | HEX: F1 77 7C EE FE 70 96 EE A3 2C BF 7D | T:876486 RPD:1
[CH: 50] LEN: 12 | HEX: F1 77 BE F5 FE 73 96 FF 54 AE BF B7 | T:876487 RPD:0
[CH: 50] LEN: 12 | HEX: F9 77 54 FD FF 73 96 F6 94 AE BF AF | T:876498 RPD:1
[CH: 50] LEN: 12 | HEX: F9 77 F6 E9 DE 73 96 EE 94 AE BF FF | T:876498 RPD:0
[CH: 50] LEN: 12 | HEX: F5 77 AC FE FE 70 96 FD A3 2C BD EE | T:876509 RPD:1
[CH: 50] LEN: 12 | HEX: F9 77 BE FD ED 73 96 ED 54 AE BB BF | T:876510 RPD:0
[CH: 50] LEN: 12 | HEX: F9 77 BE FE F4 70 96 F6 A3 2C BF EB | T:876521 RPD:1
[CH: 50] LEN: 12 | HEX: F9 77 5E F5 F7 73 96 EF 94 AE AF FE | T:876532 RPD:1
[CH: 50] LEN: 12 | HEX: F9 77 BE EC EE 70 96 F7 23 2C BF 5E | T:876533 RPD:0
[CH: 50] LEN: 12 | HEX: F5 77 5E ED D5 63 96 F6 94 AE AF D7 | T:876544 RPD:1
[CH: 50] LEN: 12 | HEX: F9 77 EE FD FF 73 96 FB 94 AE AF F7 | T:876544 RPD:0
[CH: 50] LEN: 12 | HEX: F9 77 BC F6 EE 70 96 FF 23 6C AF FE | T:876555 RPD:1
[CH: 50] LEN: 12 | HEX: E9 77 FA FA EE 70 96 EF 23 2C BE BF | T:876567 RPD:1
[CH: 50] LEN: 12 | HEX: F9 77 D6 FD D6 73 96 FB 94 AE B7 F7 | T:876567 RPD:0
[CH: 50] LEN: 12 | HEX: F1 77 76 EA EA 70 96 F5 23 2C AF FE | T:876578 RPD:1
[CH: 50] LEN: 12 | HEX: F9 77 B6 EE FC 70 96 EF 23 2C AE DF | T:876578 RPD:0
[CH: 50] LEN: 12 | HEX: F9 77 DC FD DE 73 96 EF 94 AE BF FB | T:876590 RPD:1
[CH: 50] LEN: 12 | HEX: F9 77 F4 EE EF 70 96 FA 23 2C BF FF | T:876590 RPD:0
[CH: 50] LEN: 12 | HEX: F9 77 7A F5 EF 73 96 FB 14 AE BF DF | T:876601 RPD:0
[CH: 50] LEN: 12 | HEX: F1 77 DD 00 00 71 96 F7 9C 55 BE F7 | T:876624 RPD:1
[CH: 50] LEN: 12 | HEX: F9 77 BB 00 00 71 96 F6 9C 55 FF FF | T:876625 RPD:1
[CH: 50] LEN: 12 | HEX: F8 6D FE 00 EA FD 96 F7 6C 9D BF E9 | T:876654 RPD:1
[CH: 50] LEN: 12 | HEX: F8 6D EF 00 FA ED 96 FD 6C 9F B7 EF | T:876655 RPD:1
[CH: 50] LEN: 12 | HEX: E9 77 77 00 00 71 96 F7 5C 55 BF F7 | T:876924 RPD:1
[CH: 50] LEN: 12 | HEX: F5 77 77 00 00 71 96 FE 1C 55 B7 FB | T:876924 RPD:1
[CH: 50] LEN: 12 | HEX: F4 6D FF 00 FE F5 96 FF EC 9E BF FF | T:876954 RPD:1
[CH: 50] LEN: 12 | HEX: F9 77 DB 00 00 71 96 F7 9C 55 BD F7 | T:877223 RPD:1
[CH: 50] LEN: 12 | HEX: F9 77 5F 00 00 71 96 DF 9C 55 BF BF | T:877224 RPD:1
[CH: 50] LEN: 12 | HEX: F0 6D FA 00 FE FD 96 FF 6C 9F 6E BE | T:877254 RPD:1
[CH: 50] LEN: 12 | HEX: F8 6D D7 00 F6 FD 96 FF EC 9F B7 7D | T:877255 RPD:1
[CH: 50] LEN: 12 | HEX: F6 76 F5 00 8C F5 96 EF B0 70 BF FF | T:877468 RPD:1
[CH: 50] LEN: 12 | HEX: FA 76 EF 80 8C E9 96 FE B0 70 BF FF | T:877469 RPD:1
[CH: 50] LEN: 12 | HEX: EA 76 FE F6 73 FD 96 F7 AE 8D AF FA | T:877499 RPD:1
[CH: 50] LEN: 12 | HEX: F2 76 FA FD 70 F5 96 FB BB 83 BE F5 | T:877502 RPD:1
[CH: 50] LEN: 12 | HEX: FA 76 FE FC 71 DB 96 F7 67 66 BF DF | T:877506 RPD:1
[CH: 50] LEN: 12 | HEX: F6 76 F6 F7 76 F5 96 FE D1 9F 6B F7 | T:877536 RPD:1
[CH: 50] LEN: 12 | HEX: FA 76 F6 F6 77 F9 96 F7 8D 7A BF FB | T:877566 RPD:1
[CH: 50] LEN: 12 | HEX: FA 76 F6 F9 74 F5 96 FD F8 74 BF BF | T:877596 RPD:1
[CH: 50] LEN: 12 | HEX: FA 76 FA F8 75 F5 96 FA 24 91 BD BF | T:877626 RPD:1
[CH: 50] LEN: 12 | HEX: F6 76 FA F7 7A ED 96 FF 15 86 BD EF | T:877656 RPD:1
[CH: 50] LEN: 12 | HEX: F6 76 FE F6 73 B5 96 F7 49 63 BF FF | T:877686 RPD:1
[CH: 50] LEN: 12 | HEX: EA 76 F6 F5 78 E9 96 EE BC 6D AE FF | T:877716 RPD:1
[CH: 50] LEN: 12 | HEX: FE 76 FA F4 79 FD 96 FF E0 88 BB FB | T:877746 RPD:1
[CH: 50] LEN: 12 | HEX: FE 76 F4 F3 74 F5 96 FF 96 71 BF FF | T:877776 RPD:1
[CH: 50] LEN: 12 | HEX: F6 76 FE F2 7B 7D 96 ED 0A 94 BE FD | T:877806 RPD:1
[CH: 50] LEN: 12 | HEX: F6 76 FE F1 7C ED 96 FE FD 9A BF FB | T:877836 RPD:1
[CH: 50] LEN: 12 | HEX: FA 76 F6 F0 7B FD 96 FF A3 7F BD FF | T:877866 RPD:1
[CH: 50] LEN: 12 | HEX: F6 76 FE EF E2 EB 96 FE 0D 95 BF BF | T:877896 RPD:1
[CH: 50] LEN: 12 | HEX: F2 76 FA EE E3 FD 96 F7 51 70 AF FF | T:877926 RPD:1
[CH: 50] LEN: 12 | HEX: F6 76 EC ED 60 FB 96 EE A4 7A BF FF | T:877956 RPD:1
[CH: 50] LEN: 12 | HEX: FA 76 F4 EC 61 DD 96 FF F0 9B A6 DF | T:877986 RPD:1
[CH: 50] LEN: 12 | HEX: F2 76 FE EB 66 FB 96 FF 4E 62 B7 FF | T:878016 RPD:1
[CH: 50] LEN: 12 | HEX: EA 76 FE EA 67 FF 96 F7 92 87 BF FF | T:878046 RPD:1
[CH: 50] LEN: 12 | HEX: FA 76 FE E9 64 FD 96 FD 47 89 BF 7F | T:878076 RPD:1
[CH: 50] LEN: 12 | HEX: FA 76 F4 E8 65 F9 96 F7 3B 6C BF FA | T:878106 RPD:1
[CH: 50] LEN: 12 | HEX: FA 76 FA E7 6A F5 96 FF 8A 7B BF FF | T:878136 RPD:0
[CH: 50] LEN: 12 | HEX: FA 76 FA E6 6B FD 96 FD D6 9E BF FF | T:878166 RPD:0
[CH: 50] LEN: 12 | HEX: F2 76 F4 E5 68 FD 96 FF 23 90 BF FF | T:878196 RPD:0
[CH: 50] LEN: 12 | HEX: FA 76 F5 E4 69 F9 96 FF D7 75 BB EF | T:878226 RPD:0
[CH: 50] LEN: 12 | HEX: FA 76 FE E3 6E F9 96 FB 89 8C BF 5F | T:878256 RPD:0
[CH: 50] LEN: 12 | HEX: FA 76 FE E2 6F FD 96 FD 15 69 BE 96 | T:878286 RPD:0
[CH: 50] LEN: 12 | HEX: FA 76 F6 E1 6C FD 96 FA E0 67 BF 5A | T:878316 RPD:0
[CH: 50] LEN: 12 | HEX: FA 76 F6 E0 6D F5 96 FF BC 82 BF FF | T:878346 RPD:0
[CH: 50] LEN: 12 | HEX: FA 76 FC DE 52 F5 96 FF 2D 92 AF BF | T:878376 RPD:0
[CH: 50] LEN: 12 | HEX: FA 76 FE FC 73 FD 96 FF CE 8D BD EE | T:878406 RPD:0
[CH: 50] LEN: 12 | HEX: FA 76 FE FD 70 FD 96 FF BB 83 BB DF | T:878409 RPD:0
[CH: 50] LEN: 12 | HEX: FA 76 FE FC 71 FD 96 FF 67 66 BF BF | T:878412 RPD:0
[CH: 50] LEN: 12 | HEX: F2 76 FE FB 76 FD 96 FF 51 9E BB FD | T:878442 RPD:0
[CH: 50] LEN: 12 | HEX: FA 76 FA FA 77 FF 96 FF 8D 7A BF FF | T:878472 RPD:0
[CH: 50] LEN: 12 | HEX: FA 7B FF 00 81 F1 96 FB E3 FC AF B9 | T:878688 RPD:1
[CH: 50] LEN: 12 | HEX: F1 77 BE FE FA 70 96 FF 23 2C BF EF | T:878718 RPD:1
[CH: 50] LEN: 12 | HEX: F1 77 FD FD EE 73 96 FF 54 AE B7 76 | T:878721 RPD:1
[CH: 50] LEN: 12 | HEX: F9 77 D4 F6 FE 70 96 FF 23 2C BB EB | T:878724 RPD:1
[CH: 50] LEN: 12 | HEX: F9 77 AD F9 FE 73 96 FF 94 AE BF BF | T:878735 RPD:1
[CH: 50] LEN: 12 | HEX: F1 77 D5 FE FB 78 96 FF 23 2C BF BD | T:878735 RPD:0
[CH: 50] LEN: 12 | HEX: F9 77 B5 FD FC 73 96 FE 94 AE BE ED | T:878747 RPD:1
[CH: 50] LEN: 12 | HEX: F5 77 BD F5 FA 70 96 FF 23 2C B5 F7 | T:878747 RPD:0
[CH: 50] LEN: 12 | HEX: F1 77 DC F5 DC 73 96 F7 54 AE BD FF | T:878758 RPD:1
[CH: 50] LEN: 12 | HEX: F1 77 DD FA FE 70 96 FF 23 2C BF 77 | T:878770 RPD:1
[CH: 50] LEN: 12 | HEX: F1 77 BF FD FA 73 96 F7 94 AE BF FF | T:878770 RPD:0
[CH: 50] LEN: 12 | HEX: F1 77 DF FB FE 70 96 F7 23 2C BF DE | T:878781 RPD:1
[CH: 50] LEN: 12 | HEX: F1 77 FE FE FE 70 96 F5 23 2C AF FF | T:878781 RPD:0
[CH: 50] LEN: 12 | HEX: F1 77 75 F5 F4 73 96 F7 14 AE BF DF | T:878793 RPD:1
[CH: 50] LEN: 12 | HEX: F9 77 FF FD FA 70 96 F7 23 2C BF FF | T:878804 RPD:1
[CH: 50] LEN: 12 | HEX: F9 77 DE E9 D6 73 96 FA 94 AE B7 FF | T:878804 RPD:0
[CH: 50] LEN: 12 | HEX: F9 77 F4 EE FE 70 96 FD A3 2C BB FF | T:878815 RPD:1
[CH: 50] LEN: 12 | HEX: F5 77 FA FD FE 73 96 F7 54 AE AF 77 | T:878816 RPD:0
[CH: 50] LEN: 12 | HEX: F9 77 7A ED F4 70 96 FE 23 2C BE AE | T:878827 RPD:1
[CH: 50] LEN: 12 | HEX: F1 77 AE F9 F4 73 96 FF 14 AE BF FF | T:878827 RPD:0
[CH: 50] LEN: 12 | HEX: F1 77 5C ED EE 73 96 F7 54 AE BF FF | T:878839 RPD:1
[CH: 50] LEN: 12 | HEX: F9 77 BE F5 F5 73 96 FB B4 AE BE FF | T:878850 RPD:1
[CH: 50] LEN: 12 | HEX: F9 77 BA FD FD 70 96 EB 23 2C BF DF | T:878850 RPD:0
[CH: 50] LEN: 12 | HEX: F9 77 BA FD FE 73 96 FF 14 AE BF 75 | T:878861 RPD:1
[CH: 50] LEN: 12 | HEX: F1 77 DD FD FE 73 96 F7 14 AE BB DF | T:878862 RPD:0
[CH: 50] LEN: 12 | HEX: F9 77 AD F6 FE 70 96 F7 23 2C BF FD | T:878873 RPD:1
[CH: 50] LEN: 12 | HEX: F5 77 F6 FD DD 73 96 FE 94 AE BF BF | T:878873 RPD:0
[CH: 50] LEN: 12 | HEX: F5 77 FA FE FE 70 96 FE A3 2C BF FF | T:878885 RPD:1
[CH: 50] LEN: 12 | HEX: E9 77 FA F4 F6 70 96 FF 23 2C AB F7 | T:878896 RPD:1
[CH: 50] LEN: 12 | HEX: F9 77 BE F5 EC 73 96 F7 54 AE BF BF | T:878896 RPD:0
[CH: 50] LEN: 12 | HEX: F9 77 BA FE F6 70 96 F6 A3 2C BF F6 | T:878907 RPD:1
[CH: 50] LEN: 12 | HEX: F5 77 ED F6 EA 70 96 F5 23 2C BD FF | T:878908 RPD:0
[CH: 50] LEN: 12 | HEX: F9 77 DC F9 F6 73 96 FE 94 AF BF FF | T:878919 RPD:1
[CH: 50] LEN: 12 | HEX: F1 77 B4 FD FE 70 96 FD 23 2C AF FF | T:878930 RPD:1
[CH: 50] LEN: 12 | HEX: F5 77 BA F5 FD 73 96 F5 14 AE B7 76 | T:878931 RPD:0
[CH: 50] LEN: 12 | HEX: F9 77 B4 FE FE 70 96 F7 23 2C B5 FF | T:878942 RPD:1
[CH: 50] LEN: 12 | HEX: F9 77 F6 EE FE 70 96 FE A3 2C BF 77 | T:878942 RPD:0
[CH: 50] LEN: 12 | HEX: F5 77 FC E9 ED 73 96 FF 54 AE BD EA | T:878953 RPD:1
[CH: 50] LEN: 12 | HEX: F9 77 FA E9 DD 73 96 FB 14 AE BB FB | T:878954 RPD:0
[CH: 50] LEN: 12 | HEX: E9 77 BE F6 FE 70 96 FB 23 2C BF FF | T:878965 RPD:1
[CH: 50] LEN: 12 | HEX: F5 77 BC F5 ED 73 96 F7 54 AE BE FD | T:878976 RPD:1
[CH: 50] LEN: 12 | HEX: F5 77 BE EE EE 70 96 FE A3 2C BF FF | T:878977 RPD:0
[CH: 50] LEN: 12 | HEX: F5 77 BA F5 DD 73 96 F5 D4 AF AF EF | T:878988 RPD:1
[CH: 50] LEN: 12 | HEX: F5 77 EE FF ED 73 96 F7 94 AE BF 40 | T:878988 RPD:0
[CH: 50] LEN: 12 | HEX: F9 77 BE 94 CA 68 94 C6 22 28 BB 7E | T:878999 RPD:1
[CH: 50] LEN: 12 | HEX: F1 77 BA FD FD 73 96 EF 94 AE B7 FF | T:879000 RPD:0
[CH: 50] LEN: 12 | HEX: ED 77 BE FA FC 70 96 FE 23 2C BF 77 | T:879011 RPD:1
[CH: 50] LEN: 12 | HEX: F5 77 DE FB DD 73 96 F7 D4 AE AF F8 | T:879022 RPD:1
[CH: 50] LEN: 12 | HEX: F5 77 F4 EE FD 70 96 ED A3 2C BF FF | T:879023 RPD:0
[CH: 50] LEN: 12 | HEX: E9 77 BC DE FE 70 96 F7 23 2C BF F7 | T:879034 RPD:1
[CH: 50] LEN: 12 | HEX: F5 77 AE FA FC 70 96 EF A3 2C BD F5 | T:879034 RPD:0
[CH: 50] LEN: 12 | HEX: F9 57 DC FD FE 73 96 FF D4 AE BF FF | T:879045 RPD:1
[CH: 50] LEN: 12 | HEX: ED 77 BA F5 FD 73 96 F7 94 AE AF FF | T:879046 RPD:0
[CH: 50] LEN: 12 | HEX: F5 77 F4 EC F6 70 96 FA 23 2C BF 7D | T:879057 RPD:1
[CH: 50] LEN: 12 | HEX: F9 7F DE EA F4 70 96 FE A3 2C BE FF | T:879068 RPD:1
[CH: 50] LEN: 12 | HEX: E9 77 DF FD FD 73 96 FF 54 AE BF 7B | T:879068 RPD:0
[CH: 50] LEN: 12 | HEX: F9 77 EE FE F6 70 96 FD 23 2C BF 5F | T:879080 RPD:1
[CH: 50] LEN: 12 | HEX: F9 77 FC FE F6 70 96 F7 23 2C BF FD | T:879080 RPD:0
[CH: 50] LEN: 12 | HEX: E9 77 FE F5 FD 73 96 FF 54 AE BB FD | T:879091 RPD:1
[CH: 50] LEN: 12 | HEX: E9 76 F6 F5 FD 73 96 F6 94 AE BF FF | T:879103 RPD:1
[CH: 50] LEN: 12 | HEX: F9 77 FA FE EF 70 96 F5 23 2C BF 7E | T:879103 RPD:0
[CH: 50] LEN: 12 | HEX: F9 77 F4 F5 FD 73 96 F7 54 AE BA FF | T:879114 RPD:1
[CH: 50] LEN: 12 | HEX: F9 77 DE FD FD 73 96 F7 D4 AE BF DF | T:879114 RPD:0
[CH: 50] LEN: 12 | HEX: F9 77 F6 F6 F6 70 96 FF 23 2C BF BF | T:879126 RPD:1
[CH: 50] LEN: 12 | HEX: E9 77 BA EB DC 73 96 F7 54 AE B5 EF | T:879126 RPD:0
[CH: 50] LEN: 12 | HEX: F5 77 FA FE F6 70 96 FD 23 2C BF FF | T:879137 RPD:1
[CH: 50] LEN: 12 | HEX: F5 77 AE FD FE 73 96 FE 94 AE BB FB | T:879149 RPD:1
[CH: 50] LEN: 12 | HEX: F5 77 AE FF FE 70 96 FF 23 2C BF FF | T:879149 RPD:0
[CH: 50] LEN: 12 | HEX: F5 77 BE F5 F6 73 96 FE 94 AE BD FF | T:879160 RPD:1
[CH: 50] LEN: 12 | HEX: FD 77 B6 F6 EE 70 96 EB 23 2C BF FF | T:879160 RPD:0
[CH: 50] LEN: 12 | HEX: F5 77 FE F5 DC 73 96 F6 94 AE B5 FD | T:879172 RPD:1
[CH: 50] LEN: 12 | HEX: F9 77 FF FE FE 70 96 FF 23 2C BF FE | T:879172 RPD:0
[CH: 50] LEN: 12 | HEX: F5 77 FB E9 AD 73 96 FA 94 AE B6 DF | T:879183 RPD:1
[CH: 50] LEN: 12 | HEX: F5 77 BE F6 EE 70 96 EF 23 2C B7 F7 | T:879195 RPD:1
[CH: 50] LEN: 12 | HEX: F9 77 FA FD EE 73 96 F7 14 AE BF FD | T:879195 RPD:0
[CH: 50] LEN: 12 | HEX: F9 77 FE FE FA 70 96 FF 23 2C BF FE | T:879206 RPD:1
[CH: 50] LEN: 12 | HEX: F5 77 BE F6 EE 70 96 F7 23 2C BF FF | T:879206 RPD:0
[CH: 50] LEN: 12 | HEX: F5 77 FC F5 DE 73 96 FD 14 AE BF EF | T:879218 RPD:1
[CH: 50] LEN: 12 | HEX: F1 77 BD EE FE 70 96 F7 23 2C B7 FF | T:879229 RPD:1
[CH: 50] LEN: 12 | HEX: F9 77 7E FD DD 73 96 F7 14 AE AF DF | T:879229 RPD:0
[CH: 50] LEN: 12 | HEX: E9 77 BE F7 F6 73 96 FD 54 AE AF FF | T:879241 RPD:1
[CH: 50] LEN: 12 | HEX: E5 77 FE FB EF 73 96 F7 94 AE AF EF | T:879241 RPD:0
[CH: 50] LEN: 12 | HEX: F9 77 5E F6 FE 70 96 EE A3 2C BF FE | T:879252 RPD:1
[CH: 50] LEN: 12 | HEX: F5 77 DC FB FD 73 96 F7 54 AE AD FF | T:879252 RPD:0
[CH: 50] LEN: 12 | HEX: F1 77 F6 F6 FA 70 96 FE A3 2C BF EF | T:879264 RPD:1
[CH: 50] LEN: 12 | HEX: F5 77 DE FB F5 73 96 EF 94 AE BD FF | T:879275 RPD:0
[CH: 50] LEN: 12 | HEX: FD 77 7E F6 FD 70 96 FD 23 2C AF EF | T:879275 RPD:0
[CH: 50] LEN: 12 | HEX: F9 77 5C F6 FE 70 96 FF 23 2C AF FF | T:879287 RPD:1
[CH: 50] LEN: 12 | HEX: F5 77 B6 F5 DD 73 96 F5 94 AE B7 FF | T:879289 RPD:1
[CH: 50] LEN: 12 | HEX: F5 77 F5 00 00 71 96 FD 9C 55 B7 FD | T:879324 RPD:1
[CH: 50] LEN: 12 | HEX: F5 77 FB 00 00 71 B6 FE 9C 55 B3 F7 | T:879324 RPD:1
[CH: 50] LEN: 12 | HEX: F4 6D EF 00 FE FD 96 FF 6C 9E AF FB | T:879354 RPD:1
[CH: 50] LEN: 12 | HEX: F4 6D FD 00 F6 ED 96 FB 6C 9E BD FF | T:879355 RPD:1
[CH: 50] LEN: 12 | HEX: F9 77 B7 00 00 71 96 EF 5C 55 BB E6 | T:879623 RPD:1
[CH: 50] LEN: 12 | HEX: F9 77 F5 00 00 71 96 FB 9C 55 B7 DB | T:879624 RPD:1
[CH: 50] LEN: 12 | HEX: E8 6D DA 00 FE FD 96 F5 6C 9D 3F FF | T:879654 RPD:1
[CH: 50] LEN: 12 | HEX: F4 6D FE 80 FE ED 96 FE EC 9F BF FF | T:879655 RPD:1
[CH: 50] LEN: 12 | HEX: E9 77 B7 00 00 71 96 FE 9C 55 BF BF | T:879923 RPD:1
[CH: 50] LEN: 12 | HEX: F8 6D DD 00 FE FD 96 F7 6C 9E AF DF | T:879954 RPD:1
[CH: 50] LEN: 12 | HEX: F0 6D EB 00 F6 F7 96 FF 6C 9E BF F7 | T:879954 RPD:1
[CH: 50] LEN: 12 | HEX: EA 76 F7 00 8C F5 96 EF 30 70 BF DF | T:880188 RPD:1
[CH: 50] LEN: 12 | HEX: F6 76 FE 80 8C ED D6 EE 30 70 BB DB | T:880188 RPD:1
[CH: 50] LEN: 12 | HEX: FA 76 EE F6 73 BB 96 F7 CE 8D BF FF | T:880218 RPD:1
[CH: 50] LEN: 12 | HEX: FA 76 FE ED 70 FD 96 FF 7B 83 BB DD | T:880222 RPD:1
[CH: 50] LEN: 12 | HEX: F2 76 F6 FC 71 FD 96 F7 67 66 BD EF | T:880226 RPD:1
[CH: 50] LEN: 12 | HEX: F2 76 F6 FB 76 ED D6 EE D1 9D 3F 7D | T:880256 RPD:1
[CH: 50] LEN: 12 | HEX: F6 76 FE FA 77 FB 96 F7 4D 7A BF 77 | T:880286 RPD:1
[CH: 50] LEN: 12 | HEX: F6 76 EC E9 74 D5 96 EF F8 74 BF BF | T:880316 RPD:1
[CH: 50] LEN: 12 | HEX: FA 76 FE F4 75 D5 96 EF 24 91 BF BF | T:880346 RPD:1
[CH: 50] LEN: 12 | HEX: EA 76 FE F7 72 ED 96 F7 D5 86 BF FE | T:880376 RPD:1
[CH: 50] LEN: 12 | HEX: F6 76 F6 E6 7B F9 96 FD 49 63 3F FF | T:880406 RPD:1
[CH: 50] LEN: 12 | HEX: F6 76 F4 ED 78 FD 96 FF BA 6D BF FF | T:880436 RPD:1
[CH: 50] LEN: 12 | HEX: FE 76 FE F3 7E FD 96 FB 96 71 BE EF | T:880496 RPD:1
[CH: 50] LEN: 12 | HEX: FA 76 FA F2 77 FD 96 EE 8A 94 AD F7 | T:880526 RPD:1
[CH: 50] LEN: 12 | HEX: F6 76 F6 E9 7C F5 96 F5 7A 9A BF FF | T:880556 RPD:1
[CH: 50] LEN: 12 | HEX: F6 76 FE E0 7B DD 96 FB A3 7D 6F EB | T:880586 RPD:1
[CH: 50] LEN: 12 | HEX: F6 76 FA EF 62 FD 96 EF 8D 95 B7 BF | T:880616 RPD:1
[CH: 50] LEN: 12 | HEX: FA 76 F6 EE 63 ED 96 ED 51 78 BF 7F | T:880646 RPD:1
[CH: 50] LEN: 12 | HEX: FE 76 F6 ED 60 FD B6 F7 A4 7A BF 7F | T:880676 RPD:1
[CH: 50] LEN: 12 | HEX: EA 76 EC EC 61 DD 96 F7 78 9B BF FF | T:880706 RPD:1
[CH: 50] LEN: 12 | HEX: F2 76 FE EB 66 FB 96 FF 4E 62 BF BF | T:880736 RPD:1
[CH: 50] LEN: 12 | HEX: F2 76 FA EA 67 FB 96 FB 92 87 BF FF | T:880766 RPD:1
[CH: 50] LEN: 12 | HEX: FA 76 FE E9 64 FD 96 FF A7 89 BF EF | T:880795 RPD:1
[CH: 50] LEN: 12 | HEX: FA 76 FE E8 65 F7 96 FF 3B 6C BD FB | T:880825 RPD:1
[CH: 50] LEN: 12 | HEX: F2 76 EE E6 6B ED 96 FF 56 9E BD FD | T:880885 RPD:1
[CH: 50] LEN: 12 | HEX: FA 76 FE E5 68 EB 96 EA 23 90 BF DE | T:880915 RPD:1
[CH: 50] LEN: 12 | HEX: FA 76 FC E4 69 F9 96 FF EF 75 BF FF | T:880945 RPD:1
[CH: 50] LEN: 12 | HEX: FA 76 FE E3 6E FD 96 F5 A9 8C BE FE | T:880975 RPD:0
[CH: 50] LEN: 12 | HEX: FA 76 FE E2 6F FD 96 FF 15 69 B5 EF | T:881005 RPD:0
[CH: 50] LEN: 12 | HEX: EA 76 FE E1 6C F9 96 F7 60 67 BF FF | T:881035 RPD:0
[CH: 50] LEN: 12 | HEX: FA 76 FE E0 6D F7 96 FF BC 82 BB DF | T:881065 RPD:0
[CH: 50] LEN: 12 | HEX: FA 76 FE DD 52 F9 96 FF 2D 92 BF FF | T:881095 RPD:0
[CH: 50] LEN: 12 | HEX: FA 76 FA FE 73 EB 96 F6 8E 8D BF DF | T:881125 RPD:0
[CH: 50] LEN: 12 | HEX: FA 76 FC FD 70 FD 96 FF BB 83 BD BF | T:881129 RPD:0
[CH: 50] LEN: 12 | HEX: FA 76 FE F8 71 FD 96 FF 67 66 BF EF | T:881132 RPD:0
[CH: 50] LEN: 12 | HEX: FA 76 FE FB 76 F9 96 FF 51 9F BD DB | T:881162 RPD:0
[CH: 50] LEN: 12 | HEX: FA 76 FE EA 77 FD 96 F7 8D 7A BF FF | T:881192 RPD:0
[CH: 50] LEN: 12 | HEX: FA 76 FE F9 74 FD 96 FA B0 74 BF FF | T:881222 RPD:0
[CH: 50] LEN: 12 | HEX: FA 76 FC F8 75 EF 96 FF 24 91 BD FE | T:881252 RPD:0
[CH: 50] LEN: 12 | HEX: F2 76 EE E7 72 FD 96 F5 15 86 AF FE | T:881282 RPD:0
[CH: 50] LEN: 12 | HEX: FA 76 FE F6 7B D5 96 F7 C9 63 AF BF | T:881312 RPD:0
[CH: 50] LEN: 12 | HEX: F2 73 FF 00 81 FD 96 FF C3 D6 BF EB | T:881517 RPD:1
[CH: 50] LEN: 12 | HEX: FA 7B FF 00 81 FD 96 FF E3 D0 BE FF | T:881518 RPD:1
[CH: 50] LEN: 12 | HEX: F9 77 FA FE FA 70 96 FF 23 2C BE BF | T:881548 RPD:1
[CH: 50] LEN: 12 | HEX: F9 77 FF FD FC 73 96 FB 14 AE BF FF | T:881551 RPD:1
[CH: 50] LEN: 12 | HEX: F9 77 AB FE FE 78 96 FF 23 2C BE F7 | T:881554 RPD:1
[CH: 50] LEN: 12 | HEX: E9 77 FC FD F4 73 96 FB 94 AE BF FF | T:881566 RPD:1
[CH: 50] LEN: 12 | HEX: F9 77 BB FE FA 70 96 FE 23 2C B5 BF | T:881566 RPD:0
[CH: 50] LEN: 12 | HEX: F1 77 AE FD F5 73 96 FA 94 AE BE FF | T:881577 RPD:1
[CH: 50] LEN: 12 | HEX: F9 77 BC FE FE 70 96 FA A3 2C B7 DF | T:881577 RPD:0
[CH: 50] LEN: 12 | HEX: F1 77 FE F9 F5 73 96 FA 94 AE AF ED | T:881589 RPD:1
[CH: 50] LEN: 12 | HEX: E9 77 EC FD FE 73 96 FF 94 AE BF DB | T:881600 RPD:1
[CH: 50] LEN: 12 | HEX: F9 77 BD FE F6 70 96 FD 23 2C BF 77 | T:881600 RPD:0
[CH: 50] LEN: 12 | HEX: F1 77 AA FB FA 70 96 FF 23 2C BF BB | T:881612 RPD:1
[CH: 50] LEN: 12 | HEX: F9 77 AD FE FE 70 96 F7 23 2C BF FF | T:881612 RPD:0
[CH: 50] LEN: 12 | HEX: F1 77 FB F5 FE 73 96 EE D4 AE BF FD | T:881623 RPD:1
[CH: 50] LEN: 12 | HEX: F9 77 BA FA FC 70 96 EB 23 2C BF EF | T:881634 RPD:1
[CH: 50] LEN: 12 | HEX: F9 77 F8 FD FE 73 96 FA 94 AE BF FF | T:881635 RPD:0
[CH: 50] LEN: 12 | HEX: F9 77 D6 F6 F6 70 96 F5 23 2C BB FF | T:881646 RPD:0
[CH: 50] LEN: 12 | HEX: F1 77 AC F9 EA 73 96 FF 14 AE BF FE | T:881652 RPD:1
[CH: 50] LEN: 12 | HEX: F5 77 FE F5 D4 73 96 EF 94 AE BF DF | T:881658 RPD:1
[CH: 50] LEN: 12 | HEX: E9 77 F6 EE F5 70 96 FF 23 2C BF BE | T:881661 RPD:1
[CH: 50] LEN: 12 | HEX: F9 77 74 F5 FE 73 96 F7 54 AE BF BF | T:881672 RPD:1
[CH: 50] LEN: 12 | HEX: F9 77 EA FE F6 70 96 FF 23 2C B7 FF | T:881673 RPD:0
[CH: 50] LEN: 12 | HEX: F1 77 B4 F5 EE 73 96 F5 94 AE B7 B6 | T:881684 RPD:1
[CH: 50] LEN: 12 | HEX: F5 77 7E FE FE 70 96 F7 23 2C BF 7E | T:881684 RPD:0
[CH: 50] LEN: 12 | HEX: F9 77 FD F6 F6 70 96 EE A3 AC BF FF | T:881696 RPD:1
[CH: 50] LEN: 12 | HEX: FD 77 FE FE FE 70 96 FE A3 2C B7 5F | T:881707 RPD:1
[CH: 50] LEN: 12 | HEX: F9 77 FA F7 FF 73 96 FF 94 AE BF FF | T:881707 RPD:0
[CH: 50] LEN: 12 | HEX: E9 77 BE FA F6 70 96 FA 23 2C BF FB | T:881718 RPD:1
[CH: 50] LEN: 12 | HEX: ED 77 FD F5 EE 73 96 EE 94 AE BF FF | T:881719 RPD:0
[CH: 50] LEN: 12 | HEX: F1 77 AE FA F6 70 96 FE A3 2C BF FF | T:881730 RPD:1
[CH: 50] LEN: 12 | HEX: F9 77 FA F4 FA 70 96 F5 23 2C BF 7E | T:881730 RPD:0
[CH: 50] LEN: 12 | HEX: F9 77 FB FB FE 73 96 F7 94 AE AF FB | T:881742 RPD:1
[CH: 50] LEN: 12 | HEX: F9 77 F6 F6 FE 70 96 EF A3 2C BD BF | T:881753 RPD:1
[CH: 50] LEN: 12 | HEX: FD 77 76 EE F6 70 96 FF A3 2C B7 FD | T:881753 RPD:0
[CH: 50] LEN: 12 | HEX: F1 77 F6 E9 FC 73 96 F7 94 AE BB FD | T:881764 RPD:1
[CH: 50] LEN: 12 | HEX: F5 77 DE E9 FD 73 96 F7 94 AE BF FF | T:881765 RPD:0
[CH: 50] LEN: 12 | HEX: F5 77 5A EE F6 70 96 ED 23 2C BB FD | T:881776 RPD:1
[CH: 50] LEN: 12 | HEX: F1 77 5E FB D6 73 96 FD 14 AC BF FF | T:881787 RPD:1
[CH: 50] LEN: 12 | HEX: F5 77 DE F6 FA 70 96 FF 23 2C BF FF | T:881788 RPD:0
[CH: 50] LEN: 12 | HEX: F5 77 F4 FB EE 73 96 FF 54 AE BF FA | T:881799 RPD:1
[CH: 50] LEN: 12 | HEX: F9 77 BE FD FD 73 96 EF 94 AE AE DF | T:881799 RPD:0
[CH: 50] LEN: 12 | HEX: F5 77 FA EE FE 70 96 EB 23 2C BB D7 | T:881810 RPD:1
[CH: 50] LEN: 12 | HEX: F9 77 76 FE FD 70 96 F7 23 2C BD BD | T:881811 RPD:0
[CH: 50] LEN: 12 | HEX: F5 77 B4 E9 ED 73 96 FB 94 AE BF FD | T:881822 RPD:1
[CH: 50] LEN: 12 | HEX: ED 77 76 ED EE 73 96 F7 54 AE AB BF | T:881833 RPD:1
[CH: 50] LEN: 12 | HEX: F5 77 BA F5 FD 70 96 EE A3 2C BA FF | T:881833 RPD:0
[CH: 50] LEN: 12 | HEX: F1 77 BE F5 F6 70 96 F5 23 2C B6 F3 | T:881845 RPD:1
[CH: 50] LEN: 12 | HEX: F9 77 DA F6 FE 70 96 FB 23 2C BF FF | T:881845 RPD:0
[CH: 50] LEN: 12 | HEX: F9 77 DE FD FD 73 96 F5 94 AE AD FF | T:881856 RPD:1
[CH: 50] LEN: 12 | HEX: E9 77 AE FA F4 70 96 F7 A3 2C BF BB | T:881857 RPD:0
[CH: 50] LEN: 12 | HEX: F9 77 F4 FD EE 73 96 F7 94 AE B7 FD | T:881868 RPD:0
[CH: 50] LEN: 12 | HEX: F9 77 DE FC FE 70 96 FF 23 2C BF BF | T:881879 RPD:1
[CH: 50] LEN: 12 | HEX: E9 77 7D ED ED 73 96 EB 94 AE BD FF | T:881879 RPD:0
[CH: 50] LEN: 12 | HEX: F5 77 7A F4 F5 70 96 FF 23 2C BD FF | T:881891 RPD:1
[CH: 50] LEN: 12 | HEX: F9 77 F4 F6 FC 70 96 F7 23 2C BF F7 | T:881891 RPD:0
[CH: 50] LEN: 12 | HEX: F9 77 F4 FB F5 73 96 F7 54 AE BD FF | T:881902 RPD:1
[CH: 50] LEN: 12 | HEX: F9 77 DC FE FD 70 96 F7 23 2C BF AF | T:881914 RPD:1
[CH: 50] LEN: 12 | HEX: F1 77 76 F5 FD 73 96 EF 94 AE BF BB | T:881914 RPD:0
[CH: 50] LEN: 12 | HEX: F1 77 7A F4 F6 70 96 FF 23 2C BF F9 | T:881925 RPD:1
[CH: 50] LEN: 12 | HEX: F9 7F 5E E9 FD 73 96 EF 14 AE BF 5D | T:881925 RPD:0
[CH: 50] LEN: 12 | HEX: F9 77 DC F6 FA 70 96 FE A3 2C BB EF | T:881937 RPD:1
[CH: 50] LEN: 12 | HEX: F5 77 BE F7 FE 73 96 FF D4 AE BB EF | T:881937 RPD:0
[CH: 50] LEN: 12 | HEX: E9 77 DE FE FE 70 96 F7 23 2C AF F7 | T:881948 RPD:1
[CH: 50] LEN: 12 | HEX: F5 77 FE F6 FA 70 96 FF 23 2C BF FF | T:881960 RPD:1
[CH: 50] LEN: 12 | HEX: F1 77 FA E9 FE 73 96 FE 94 AE BF FE | T:881960 RPD:1
[CH: 50] LEN: 12 | HEX: F5 77 AE F5 FE 73 96 F6 94 AE BF ED | T:881971 RPD:1
[CH: 50] LEN: 12 | HEX: F9 77 FA F4 FE 70 96 FE A3 2C BF FE | T:881971 RPD:0
[CH: 50] LEN: 12 | HEX: F9 77 FE F5 FE 73 96 FF 54 AE BD B7 | T:881983 RPD:1
[CH: 50] LEN: 12 | HEX: F5 77 5E FE F6 70 96 F6 A3 2C BF FA | T:881983 RPD:0
[CH: 50] LEN: 12 | HEX: F9 77 DC F5 ED 73 96 F7 94 AE BF FB | T:881994 RPD:1
[CH: 50] LEN: 12 | HEX: E9 77 BA FA F6 70 96 FE 23 2C BF FB | T:882006 RPD:1
[CH: 50] LEN: 12 | HEX: F5 77 F4 ED FD 73 96 F6 94 AE BF BD | T:882006 RPD:0
[CH: 50] LEN: 12 | HEX: E9 77 5E EA FE 70 96 FB 23 2C BB DF | T:882017 RPD:1
[CH: 50] LEN: 12 | HEX: F9 77 F4 FA FA 70 96 F7 23 2D BD FF | T:882017 RPD:0
[CH: 50] LEN: 12 | HEX: F5 77 AE ED DE 73 96 F7 54 AE BB FF | T:882029 RPD:1
[CH: 50] LEN: 12 | HEX: F5 77 F6 FE EC 70 96 FE A3 2C BF F5 | T:882029 RPD:0
[CH: 50] LEN: 12 | HEX: F5 77 BA FA F6 70 96 FB 23 2C BF B8 | T:882040 RPD:1
[CH: 50] LEN: 12 | HEX: F1 77 B4 EC FC 70 96 FE A3 2C BF FF | T:882052 RPD:1
[CH: 50] LEN: 12 | HEX: ED 77 F6 F6 FD 70 96 F7 A3 2C BA FF | T:882052 RPD:0
[CH: 50] LEN: 12 | HEX: F5 77 F4 F7 F7 73 96 FE 94 AE BF FF | T:882063 RPD:1
[CH: 50] LEN: 12 | HEX: F1 77 5A ED FD 73 96 D6 94 AE BD 5B | T:882063 RPD:0
[CH: 50] LEN: 12 | HEX: F5 77 FC FE F6 70 96 F7 23 2C BF BF | T:882075 RPD:0
[CH: 50] LEN: 12 | HEX: F9 77 F5 00 00 71 96 F7 DC 55 BB EF | T:882093 RPD:1
[CH: 50] LEN: 12 | HEX: FD 77 7F 00 00 71 96 F7 DC 55 BB AF | T:882094 RPD:1
[CH: 50] LEN: 12 | HEX: F8 6D EF 00 FA F9 96 EE EC 9F BA FF | T:882124 RPD:1
[CH: 50] LEN: 12 | HEX: FC 6D FE 80 FE FB 96 EB 6C 9F 7F DF | T:882124 RPD:1
[CH: 50] LEN: 12 | HEX: F5 77 5F 00 00 71 96 FE 9C 55 BF FF | T:882393 RPD:1
[CH: 50] LEN: 12 | HEX: F5 77 B5 00 00 71 96 FE 9C 55 BB FD | T:882394 RPD:1
[CH: 50] LEN: 12 | HEX: F8 6D ED 80 FE F5 96 F5 6C 9F BF DF | T:882423 RPD:1
[CH: 50] LEN: 12 | HEX: F0 6D FD 80 F6 FD 96 FF 6C 9F 2F DF | T:882424 RPD:1
[CH: 50] LEN: 12 | HEX: F9 77 77 00 00 71 96 F6 9C 55 BF FA | T:882693 RPD:1
[CH: 50] LEN: 12 | HEX: F5 77 F5 00 00 71 96 F7 1C 55 BF DF | T:882693 RPD:1
[CH: 50] LEN: 12 | HEX: F0 6D EE 80 F6 FD 96 F6 6C 9F BF FF | T:882723 RPD:1
[CH: 50] LEN: 12 | HEX: F8 6D EF 80 FE FB 96 F7 6C 9F BD EB | T:882724 RPD:1
[CH: 50] LEN: 12 | HEX: F0 6D FE 80 EE E9 96 F6 EC 9E BF FF | T:883023 RPD:1
[CH: 50] LEN: 12 | HEX: EC 6D EE 80 EC F5 96 FE EC 9F AF FF | T:883024 RPD:1
[CH: 50] LEN: 12 | HEX: EA 76 FF 00 8C FF 96 F6 30 70 BF FF | T:883077 RPD:1
[CH: 50] LEN: 12 | HEX: F2 76 FF 00 8C ED 96 FF 30 70 BF FF | T:883078 RPD:1
[CH: 50] LEN: 12 | HEX: EA 76 FE EE 73 DB 96 EE CE 8D B3 FE | T:883108 RPD:1
[CH: 50] LEN: 12 | HEX: F6 76 FE F5 70 F5 96 FD BB 83 BF FB | T:883111 RPD:1
[CH: 50] LEN: 12 | HEX: F6 76 EC F8 71 DD 96 F7 67 66 BF FE | T:883114 RPD:1
[CH: 50] LEN: 12 | HEX: F6 76 FE EB 76 ED 96 EE D1 9D BA FF | T:883144 RPD:1
[CH: 50] LEN: 12 | HEX: FA 76 FD F2 77 AD 96 F5 8D 7A BF D3 | T:883174 RPD:1
[CH: 50] LEN: 12 | HEX: F6 76 FC E9 74 F5 96 FF 78 74 BE FF | T:883204 RPD:1
[CH: 50] LEN: 12 | HEX: EA 76 F4 F4 75 ED 96 F7 A4 91 BF DA | T:883234 RPD:1
[CH: 50] LEN: 12 | HEX: F6 76 FE FF 7E ED 96 F6 95 86 BB EF | T:883264 RPD:1
[CH: 50] LEN: 12 | HEX: F2 76 EA F5 78 ED 96 F7 3C 6D AB FE | T:883324 RPD:1
[CH: 50] LEN: 12 | HEX: EA 76 F6 F4 79 FD 96 F6 E0 88 BB F7 | T:883354 RPD:1
[CH: 50] LEN: 12 | HEX: F2 6E F9 F3 7E FD 96 F5 D6 71 BF FF | T:883384 RPD:1
[CH: 50] LEN: 12 | HEX: FA 76 FE F2 75 5D 96 FB 0A 94 BF 7E | T:883414 RPD:1
[CH: 50] LEN: 12 | HEX: F6 76 F6 F1 78 FB 96 FE 7B 9A BF FF | T:883444 RPD:1
[CH: 50] LEN: 12 | HEX: FA 76 FE EF 62 FD 96 EE 8D 95 BF EF | T:883504 RPD:1
[CH: 50] LEN: 12 | HEX: F6 76 FE EE 63 D5 96 F7 D1 70 BF FB | T:883534 RPD:1
[CH: 50] LEN: 12 | HEX: FA 76 F6 ED 60 FB 96 F7 64 7E BF 6E | T:883564 RPD:1
[CH: 50] LEN: 12 | HEX: F2 76 FE EC 61 ED 96 F7 78 9B BD 5B | T:883594 RPD:1
[CH: 50] LEN: 12 | HEX: F2 76 FE EB 66 FD 96 FF 4E 62 BE DF | T:883624 RPD:1
[CH: 50] LEN: 12 | HEX: FA 76 FA EA 67 BD 96 F7 92 87 BF FA | T:883654 RPD:1
[CH: 50] LEN: 12 | HEX: EA 76 FE E9 64 F5 96 FB 97 89 BF BF | T:883684 RPD:1
[CH: 50] LEN: 12 | HEX: F2 76 FE E8 65 FD 96 FF 3B 6C BD EF | T:883714 RPD:1
[CH: 50] LEN: 12 | HEX: FA 76 F6 E7 6A E9 96 F7 0A 7B BF FF | T:883744 RPD:0
[CH: 50] LEN: 12 | HEX: FA 76 FA E6 6B FD 96 FF 56 9E BF 6B | T:883774 RPD:1
[CH: 50] LEN: 12 | HEX: FA 76 FE E5 68 F5 96 FF 23 90 BE ED | T:883804 RPD:0
[CH: 50] LEN: 12 | HEX: FA 76 FE E3 6E F9 96 FB 89 8C BF 7F | T:883864 RPD:0
[CH: 50] LEN: 12 | HEX: FA 76 FE E2 6F A9 96 FF 15 69 B7 BB | T:883894 RPD:0
[CH: 50] LEN: 12 | HEX: FA 76 FE E1 6C FD 96 FF 60 67 3F BF | T:883924 RPD:0
[CH: 50] LEN: 12 | HEX: F2 76 EE E0 6D FB 96 EF 3C 82 BE BD | T:883954 RPD:0
[CH: 50] LEN: 12 | HEX: FA 76 FE DF 52 FD 96 FF 2D 92 BE FF | T:883984 RPD:0
[CH: 50] LEN: 12 | HEX: FA 76 F5 FE 73 AD 96 FE AE 8D BB D5 | T:884014 RPD:0
[CH: 50] LEN: 12 | HEX: EA 76 F4 FD 70 E9 96 EF BB 83 BF AF | T:884018 RPD:0
[CH: 50] LEN: 12 | HEX: FA 76 FE FC 71 FD 96 FF 67 66 BF FF | T:884021 RPD:0
[CH: 50] LEN: 12 | HEX: FA 76 EE FB 76 F9 96 FF 51 9D 3F 7F | T:884051 RPD:0
[CH: 50] LEN: 12 | HEX: FA 76 FE FA 77 C9 96 FA 8D 7A B7 6E | T:884081 RPD:0
[CH: 50] LEN: 12 | HEX: FA 76 F5 F9 7C FD 96 FA A8 74 BB FD | T:884111 RPD:0
[CH: 50] LEN: 12 | HEX: FA 76 FD F0 75 F9 96 FA 24 91 BA FF | T:884141 RPD:0
[CH: 50] LEN: 12 | HEX: F2 76 FE F7 7A F9 96 FB 95 86 BF F7 | T:884171 RPD:0
[CH: 50] LEN: 12 | HEX: FA 76 F6 E6 7B ED 96 FF 49 63 BF AB | T:884201 RPD:0
[CH: 50] LEN: 12 | HEX: FA 76 FE F5 74 AD 96 EB 34 6D 7F EF | T:884231 RPD:0
[CH: 50] LEN: 12 | HEX: FA 73 DD 00 81 F5 96 FD C3 BC BE BF | T:884447 RPD:1
[CH: 50] LEN: 12 | HEX: FA 7B FF 80 81 F5 96 FF E3 F4 BE FF | T:884448 RPD:1
[CH: 50] LEN: 12 | HEX: F9 77 BE F5 EE 70 96 FE 23 2C BB FE | T:884478 RPD:1
[CH: 50] LEN: 12 | HEX: F9 77 D6 FD FE 73 96 F7 94 AE BF FD | T:884481 RPD:1
[CH: 50] LEN: 12 | HEX: F9 77 FA FE FC 70 96 FF 23 2C B6 D7 | T:884484 RPD:1
[CH: 50] LEN: 12 | HEX: F9 77 FF F5 FE 73 96 F7 54 AE BF FA | T:884495 RPD:1
[CH: 50] LEN: 12 | HEX: F1 77 AE FB FE 70 96 FF 23 2C BF BF | T:884496 RPD:0
[CH: 50] LEN: 12 | HEX: F9 77 FF F7 FE 73 96 F7 94 AE BF FF | T:884507 RPD:1
[CH: 50] LEN: 12 | HEX: F9 77 FD F4 FE 70 96 FD 23 2C BB FF | T:884507 RPD:0
[CH: 50] LEN: 12 | HEX: F1 77 BA FD ED 73 96 FB 14 AE BE DF | T:884519 RPD:1
[CH: 50] LEN: 12 | HEX: F9 77 DE FC FE 70 96 F5 23 2C BF AF | T:884530 RPD:1
[CH: 50] LEN: 12 | HEX: F1 77 AA EB EA 73 96 EA 94 AE BB AD | T:884530 RPD:0
[CH: 50] LEN: 12 | HEX: F9 77 BD F6 FA 70 96 FB 23 2C BF EF | T:884541 RPD:1
[CH: 50] LEN: 12 | HEX: F9 77 FA F6 FE 70 96 F7 23 2C AD FF | T:884542 RPD:0
[CH: 50] LEN: 12 | HEX: F1 77 5D FD EE 73 96 FF 14 AE BA FF | T:884553 RPD:1
[CH: 50] LEN: 12 | HEX: F1 77 FE FF FA 70 96 FF 23 2C B7 DF | T:884564 RPD:1
[CH: 50] LEN: 12 | HEX: F1 77 76 F5 EC 73 96 FF 54 AE B7 7D | T:884565 RPD:0
[CH: 50] LEN: 12 | HEX: F9 77 FA FE F4 70 96 FF 23 2C BD F7 | T:884576 RPD:0
[CH: 50] LEN: 12 | HEX: F5 77 AD FB F6 73 96 FF 94 AE AF FD | T:884576 RPD:1
[CH: 50] LEN: 12 | HEX: F9 77 BA F6 F6 70 96 FF 23 2C BB FF | T:884587 RPD:1
[CH: 50] LEN: 12 | HEX: E9 77 BE F5 FD 73 96 FF 14 AE BE FF | T:884599 RPD:1
[CH: 50] LEN: 12 | HEX: F9 77 5A EE F6 70 96 F6 23 2C BD 7F | T:884602 RPD:1
[CH: 50] LEN: 12 | HEX: F1 77 DE FD DE 73 96 F5 54 AE B7 BE | T:884605 RPD:1
[CH: 50] LEN: 12 | HEX: F9 77 FE FE FE 70 96 FF 23 2C BE FB | T:884616 RPD:1
[CH: 50] LEN: 12 | HEX: F9 77 BC FD D5 73 96 F7 54 AE BF 7E | T:884617 RPD:0
[CH: 50] LEN: 12 | HEX: F9 77 FE FE F6 70 96 FF 23 2C B7 DE | T:884628 RPD:1
[CH: 50] LEN: 12 | HEX: F9 77 FA FA F4 70 96 FF 23 2C AF FF | T:884628 RPD:0
[CH: 50] LEN: 12 | HEX: F1 77 EE F5 EE 73 96 FF 54 AE BE F7 | T:884639 RPD:1
[CH: 50] LEN: 12 | HEX: E9 77 F4 F7 EE 73 96 FB 94 AE BF BF | T:884651 RPD:1
[CH: 50] LEN: 12 | HEX: E9 77 BA FE F4 70 96 FD 23 2C BF 7F | T:884651 RPD:0
[CH: 50] LEN: 12 | HEX: F1 77 DA F5 FE 73 96 F7 54 AE AF F5 | T:884662 RPD:1
[CH: 50] LEN: 12 | HEX: F1 77 EE EB F6 73 96 FF 54 AE BF BD | T:884663 RPD:0
[CH: 50] LEN: 12 | HEX: E9 77 7A F4 FE 78 96 EE 23 2C B5 F7 | T:884674 RPD:1
[CH: 50] LEN: 12 | HEX: ED 77 7E FD FE 73 96 FD 94 AE B7 BF | T:884685 RPD:1
[CH: 50] LEN: 12 | HEX: F9 77 FF F4 FA 70 96 FF 23 2C BF FB | T:884685 RPD:0
[CH: 50] LEN: 12 | HEX: E9 77 5C E9 FE 73 96 EE 54 AE BF FF | T:884697 RPD:1
[CH: 50] LEN: 12 | HEX: F9 77 BA FE EA 70 96 EE A3 2C BF 77 | T:884697 RPD:0
[CH: 50] LEN: 12 | HEX: E9 77 B6 E9 FF 73 96 EE 94 AE AF BF | T:884708 RPD:1
[CH: 50] LEN: 12 | HEX: F9 77 54 FB FC 73 96 FE 94 AE BD ED | T:884709 RPD:1
[CH: 50] LEN: 12 | HEX: F9 77 BA FE F6 70 96 FB 23 2C BF F7 | T:884720 RPD:1
[CH: 50] LEN: 12 | HEX: F5 77 5D FD D6 73 96 FE 94 AE BF FF | T:884731 RPD:1
[CH: 50] LEN: 12 | HEX: F9 77 FE FE FA 70 96 F7 23 2C BF FF | T:884731 RPD:0
[CH: 50] LEN: 12 | HEX: E9 77 7E F5 DE 73 96 FF 54 AE BD 7F | T:884743 RPD:1
[CH: 50] LEN: 12 | HEX: F9 77 F6 FE FD 70 96 FA 23 2C BE AF | T:884743 RPD:0
[CH: 50] LEN: 12 | HEX: F5 77 AA F5 DF 73 96 F7 54 AE BA A2 | T:884754 RPD:1
[CH: 50] LEN: 12 | HEX: F5 77 BA EE FE 70 96 F5 23 2C BD 76 | T:884755 RPD:0
[CH: 50] LEN: 12 | HEX: F1 77 FA F5 DC 73 96 FE D4 AE BD FF | T:884766 RPD:1
[CH: 50] LEN: 12 | HEX: F1 77 FA FD DD 73 96 FB 94 AE BF FB | T:884777 RPD:1
[CH: 50] LEN: 12 | HEX: F9 77 BC F6 F4 70 96 F7 A3 2C BD 7D | T:884777 RPD:0
[CH: 50] LEN: 12 | HEX: F5 77 BE F5 F4 73 96 F7 54 AE BF B7 | T:884789 RPD:1
[CH: 50] LEN: 12 | HEX: F9 77 BC F9 EE 73 96 FB 54 AE BF FF | T:884789 RPD:0
[CH: 50] LEN: 12 | HEX: F1 77 7A F5 FE 73 96 EF 94 AE BF EF | T:884800 RPD:1
[CH: 50] LEN: 12 | HEX: ED 77 FA FB EE 73 96 F7 14 AE BF FD | T:884811 RPD:1
[CH: 50] LEN: 12 | HEX: ED 77 BF FE FA 70 96 FE 23 2C B5 BF | T:884812 RPD:0
[CH: 50] LEN: 12 | HEX: F9 77 F4 FD FE 73 96 FF 54 AE BD FF | T:884823 RPD:1
[CH: 50] LEN: 12 | HEX: F5 77 DE FC FE 70 96 F7 23 2C AF 7F | T:884823 RPD:0
[CH: 50] LEN: 12 | HEX: F5 77 DA F5 DD 73 96 FF 94 AE AF 7F | T:884835 RPD:1
[CH: 50] LEN: 12 | HEX: F5 77 FD FE FE 70 96 FB 23 2C BD ED | T:884835 RPD:0
[CH: 50] LEN: 12 | HEX: F9 77 BF F5 FE 7B 96 FF 54 AE B7 7F | T:884846 RPD:1
[CH: 50] LEN: 12 | HEX: ED 77 7E EC FE 70 96 FE A3 2C BF 5F | T:884857 RPD:1
[CH: 50] LEN: 12 | HEX: F9 77 D6 FA FE 70 96 F7 23 2C BE FF | T:884858 RPD:0
[CH: 50] LEN: 12 | HEX: F9 77 DA F4 F4 70 96 FF 23 2C BF FF | T:884869 RPD:1
[CH: 50] LEN: 12 | HEX: F5 77 F4 F6 FE 70 96 FE 23 2C BD ED | T:884869 RPD:0
[CH: 50] LEN: 12 | HEX: F9 77 FA FB FC 73 96 F7 54 AE BF DD | T:884881 RPD:1
[CH: 50] LEN: 12 | HEX: E9 77 BA FE FE 70 96 F7 23 2C BE DE | T:884881 RPD:0
[CH: 50] LEN: 12 | HEX: E9 77 FE ED FC 73 D6 FD 14 AE BF FF | T:884892 RPD:1
[CH: 50] LEN: 12 | HEX: E9 77 DE FA FE 70 96 F6 23 2C AF 7B | T:884903 RPD:1
[CH: 50] LEN: 12 | HEX: F5 77 FA ED DD 73 96 EB 94 AE BF 5C | T:884904 RPD:0
[CH: 50] LEN: 12 | HEX: F9 77 B4 F5 FD 73 96 FF 94 AE BB FF | T:884915 RPD:0
[CH: 50] LEN: 12 | HEX: F9 77 BB 00 00 71 96 FF 1C 55 BF EF | T:884933 RPD:1
[CH: 50] LEN: 12 | HEX: E9 77 DF 00 00 71 96 FE 9C 55 BD F7 | T:884934 RPD:1
[CH: 50] LEN: 12 | HEX: F8 6D DD 00 FA FD 96 FF 6C 9F BF BE | T:884964 RPD:1
[CH: 50] LEN: 12 | HEX: F0 6D EF 00 FE F5 96 ED 6C 9F BF FF | T:884965 RPD:1
[CH: 50] LEN: 12 | HEX: F5 77 FF 00 00 71 96 F7 9C 55 BA BB | T:885233 RPD:1
[CH: 50] LEN: 12 | HEX: F9 77 FF 00 00 71 96 EB 9C 55 BF BF | T:885234 RPD:1
[CH: 50] LEN: 12 | HEX: F0 6D FE 80 FE FD 96 F7 6C 9F B5 EF | T:885264 RPD:1
[CH: 50] LEN: 12 | HEX: F4 6D DF 00 EA ED 96 EE EC 9D B7 FB | T:885264 RPD:1
[CH: 50] LEN: 12 | HEX: F5 77 FF 00 00 71 96 F7 9C 55 BB FD | T:885533 RPD:1
[CH: 50] LEN: 12 | HEX: F5 77 BD 00 00 71 96 FE 9C 55 BF F7 | T:885534 RPD:1
[CH: 50] LEN: 12 | HEX: F8 6D D7 00 FE F9 96 FF 6C 9F 7F 7F | T:885563 RPD:1
[CH: 50] LEN: 12 | HEX: F0 6D F7 00 EE FD 96 FA EC 9F F7 F7 | T:885564 RPD:1
[CH: 50] LEN: 12 | HEX: F1 77 BB 00 00 71 96 FF 9C 55 BE FF | T:885833 RPD:1
[CH: 50] LEN: 12 | HEX: F1 77 FB 00 00 71 96 FB 9C 55 AD FF | T:885834 RPD:1
[CH: 50] LEN: 12 | HEX: F8 6D FE 80 FE F7 96 FF EC 9F 7F DD | T:885863 RPD:1
[CH: 50] LEN: 12 | HEX: F8 6D FD 00 FE F9 96 F6 EC 9F 7F FD | T:885888 RPD:1
[CH: 50] LEN: 12 | HEX: F2 76 FF 80 8C FD 96 F5 30 70 BE AA | T:885918 RPD:1
[CH: 50] LEN: 12 | HEX: FA 76 FE 80 8C FD 96 F7 30 70 BF FF | T:885919 RPD:1
[CH: 50] LEN: 12 | HEX: F6 76 FE EE 73 DD 96 EF CE 8D BF ED | T:885949 RPD:1
[CH: 50] LEN: 12 | HEX: FA 76 EE F5 70 F5 96 F7 BB 83 BF BE | T:885953 RPD:1
[CH: 50] LEN: 12 | HEX: EE 76 F6 FC 71 DD 96 FF 67 66 BE FF | T:885983 RPD:1
[CH: 50] LEN: 12 | HEX: FA 7E FA FA 77 75 96 EF 8D 76 AF DB | T:886043 RPD:1
[CH: 50] LEN: 12 | HEX: FA 76 FE F9 74 FD 96 F7 F8 74 BF FE | T:886073 RPD:1
[CH: 50] LEN: 12 | HEX: EA 76 EE F4 75 DB 96 F7 24 91 BF FF | T:886103 RPD:1
[CH: 50] LEN: 12 | HEX: F6 76 EE F6 7B ED 96 FF 49 63 BE EF | T:886163 RPD:1
[CH: 50] LEN: 12 | HEX: F6 76 FE FD 78 FD 96 FE 3C 6D BB E3 | T:886193 RPD:1
[CH: 50] LEN: 12 | HEX: F6 76 FD F4 75 FD 96 F7 E0 88 BF F7 | T:886223 RPD:1
[CH: 50] LEN: 12 | HEX: FA 76 FE F3 7B FB 96 FD 56 71 BB FE | T:886253 RPD:1
[CH: 50] LEN: 12 | HEX: FA 76 FE F2 7A FD 96 FB 0A 94 B5 AD | T:886283 RPD:1
[CH: 50] LEN: 12 | HEX: F2 76 FE E1 74 F9 96 F5 7B 9A B7 FF | T:886313 RPD:1
[CH: 50] LEN: 12 | HEX: FA 76 FE F0 7D FD 96 F5 A3 7B BB FF | T:886343 RPD:1
[CH: 50] LEN: 12 | HEX: FA 76 FE EF 42 FD 96 FD 0D 95 BF FD | T:886373 RPD:1
[CH: 50] LEN: 12 | HEX: FA 76 FC EE 63 FD 96 FE D1 70 BB FD | T:886403 RPD:1
[CH: 50] LEN: 12 | HEX: FA 76 FC ED 60 FB 96 FB 64 7E BF FF | T:886433 RPD:0
[CH: 50] LEN: 12 | HEX: FA 76 FC EC 61 FD 96 F5 78 9B BA 75 | T:886463 RPD:0
[CH: 50] LEN: 12 | HEX: F2 76 FE EB 66 FD 96 FF 4E 62 BD AF | T:886493 RPD:0
[CH: 50] LEN: 12 | HEX: FA 76 FE EA 67 FD 96 F7 92 87 37 F5 | T:886523 RPD:0
[CH: 50] LEN: 12 | HEX: F2 76 F4 E9 64 F7 96 FD 67 89 BF FD | T:886553 RPD:0
[CH: 50] LEN: 12 | HEX: FA 76 FC E7 6A FD 96 FD 0A 7B B6 FF | T:886613 RPD:0
[CH: 50] LEN: 12 | HEX: FA 76 FE E6 6B D9 96 FD 56 9E BF FF | T:886643 RPD:0
[CH: 50] LEN: 12 | HEX: FA 76 FE E5 68 FD 96 FD 23 90 BF FF | T:886673 RPD:0
[CH: 50] LEN: 12 | HEX: F2 76 F4 E4 69 FD 96 EF FA F5 AB B6 | T:886703 RPD:0
[CH: 50] LEN: 12 | HEX: FA 76 FE E3 6E FD 96 FF C9 8C AE FA | T:886733 RPD:0
[CH: 50] LEN: 12 | HEX: FA 76 FC E2 6F FD 96 FF 15 69 BF 7F | T:886763 RPD:0
[CH: 50] LEN: 12 | HEX: F2 76 FE E1 6C FD 96 ED 60 67 BB AB | T:886793 RPD:0
[CH: 50] LEN: 12 | HEX: FA 76 FA E0 6D ED 96 FF BC 82 BE DF | T:886822 RPD:0
[CH: 50] LEN: 12 | HEX: FA 76 FC DE D2 F5 96 FD 2D 92 BF FE | T:886852 RPD:0
[CH: 50] LEN: 12 | HEX: FA 76 FE FE 73 D5 96 FF CE 8D BF FF | T:886882 RPD:0
[CH: 50] LEN: 12 | HEX: F2 76 FE FD 60 D5 96 FF BB 83 B5 BB | T:886886 RPD:0
[CH: 50] LEN: 12 | HEX: EA 76 FE FC 71 FD 96 F5 67 66 BE AD | T:886889 RPD:0
[CH: 50] LEN: 12 | HEX: FA 76 FE FB 76 F5 96 FF 51 9F 37 7F | T:886919 RPD:0
[CH: 50] LEN: 12 | HEX: EA 76 FE F2 77 FD 96 FF 8D 7A BF DF | T:886949 RPD:0
[CH: 50] LEN: 12 | HEX: FA 76 EE F1 74 F9 96 FB 54 74 AB DB | T:886979 RPD:0
[CH: 50] LEN: 12 | HEX: FA 7B DD 00 81 ED 96 FF D3 A8 BE FF | T:887197 RPD:1
[CH: 50] LEN: 12 | HEX: FA 7B DD 80 81 FD 96 FD 43 B6 BE AE | T:887198 RPD:1
[CH: 50] LEN: 12 | HEX: F9 77 FF FE F5 70 96 FA A3 2C B7 EF | T:887228 RPD:1
[CH: 50] LEN: 12 | HEX: F9 77 FD F5 F6 73 96 FF 54 AE BF BE | T:887231 RPD:1
[CH: 50] LEN: 12 | HEX: F9 77 FF FE F4 70 96 FF 23 2C BF F7 | T:887234 RPD:1
[CH: 50] LEN: 12 | HEX: F9 77 DE FE FE 70 96 FF 23 2C BE FF | T:887257 RPD:1
[CH: 50] LEN: 12 | HEX: F9 77 5D F5 EE 73 16 FD 54 AE BF FB | T:887260 RPD:1
[CH: 50] LEN: 12 | HEX: F5 77 F5 F6 FD 70 96 FF 23 2C AF FF | T:887263 RPD:1
[CH: 50] LEN: 12 | HEX: F9 77 FE F5 F4 73 96 FB 94 AF B7 7F | T:887274 RPD:1
[CH: 50] LEN: 12 | HEX: F9 77 FD FE FA 70 96 FD 23 2C BB BB | T:887274 RPD:1
[CH: 50] LEN: 12 | HEX: F1 77 D6 F9 FE 73 96 FB 94 AE BF DF | T:887289 RPD:1
[CH: 50] LEN: 12 | HEX: F9 77 B4 FA F6 70 96 FF 23 2C BD DF | T:887292 RPD:1
[CH: 50] LEN: 12 | HEX: F9 77 BD FB FE 73 96 F6 D4 AE BB FF | T:887303 RPD:1
[CH: 50] LEN: 12 | HEX: F9 77 FD FE FE 70 96 F7 23 2C AF FF | T:887303 RPD:0
[CH: 50] LEN: 12 | HEX: F9 76 A8 ED D5 73 16 D5 14 AE BF BE | T:887314 RPD:1
[CH: 50] LEN: 12 | HEX: F9 77 BD FE FE 70 96 FE 23 2C B6 FF | T:887315 RPD:0
[CH: 50] LEN: 12 | HEX: F9 77 FB F9 D6 73 96 FF 94 AE BF F7 | T:887326 RPD:1
[CH: 50] LEN: 12 | HEX: F9 77 D6 FA F4 70 96 FA 23 2C BF AD | T:887326 RPD:0
[CH: 50] LEN: 12 | HEX: F9 77 BD F5 FE 73 96 FF 94 AE BF FF | T:887338 RPD:0
[CH: 50] LEN: 12 | HEX: F5 77 F9 F6 EC 70 96 F7 23 2C BB FB | T:887349 RPD:1
[CH: 50] LEN: 12 | HEX: F9 77 FD FB FA 73 96 F7 94 AE B7 FF | T:887349 RPD:1
[CH: 50] LEN: 12 | HEX: F9 77 EA FE FE 70 96 FE A3 2C BF FE | T:887360 RPD:1
[CH: 50] LEN: 12 | HEX: F9 77 FC FE EE 78 96 F7 23 2C B7 ED | T:887361 RPD:0
[CH: 50] LEN: 12 | HEX: F1 77 B4 FD F4 73 96 F7 54 AE BE EF | T:887372 RPD:1
[CH: 50] LEN: 12 | HEX: F5 77 B4 FE FE 70 96 FD A3 2C BF FF | T:887372 RPD:0
[CH: 50] LEN: 12 | HEX: F5 77 7E F9 FD 73 96 FF 54 AE AF FF | T:887384 RPD:1
[CH: 50] LEN: 12 | HEX: E9 77 FB FE FE 70 96 F7 23 2C BF FF | T:887395 RPD:1
[CH: 50] LEN: 12 | HEX: F9 77 BE FB FE 73 96 FB 94 AE AE FF | T:887395 RPD:0
[CH: 50] LEN: 12 | HEX: F5 77 BE F6 F6 70 96 FE A3 2C BF F4 | T:887406 RPD:1
[CH: 50] LEN: 12 | HEX: F5 77 FA FD EE 73 96 F6 94 AE BF FF | T:887407 RPD:1
[CH: 50] LEN: 12 | HEX: F1 77 EE F5 FA 73 96 F7 14 AE AE FE | T:887418 RPD:1
[CH: 50] LEN: 12 | HEX: F5 77 BE ED F6 70 96 FF 23 2C BF FF | T:887433 RPD:1
[CH: 50] LEN: 12 | HEX: F9 77 FA ED DE 73 97 ED 94 AE BF EE | T:887435 RPD:1
[CH: 50] LEN: 12 | HEX: E5 77 FA F6 FE 70 96 F7 A3 2C BF 6F | T:887439 RPD:1
[CH: 50] LEN: 12 | HEX: F9 77 F6 ED FD 73 96 F7 94 AE B7 FF | T:887450 RPD:1
[CH: 50] LEN: 12 | HEX: F1 77 BE FE FA 70 96 FF 23 2C BD BF | T:887461 RPD:1
[CH: 50] LEN: 12 | HEX: F9 77 AE FB FC 73 96 FB 94 AE BD BD | T:887464 RPD:1
[CH: 50] LEN: 12 | HEX: F9 77 F6 F4 F4 70 96 EF 23 2C BB FF | T:887467 RPD:1
[CH: 50] LEN: 12 | HEX: E9 77 EE FD FF 63 96 FF D4 AE BE BF | T:887479 RPD:1
[CH: 50] LEN: 12 | HEX: F9 77 FE FD FA 70 96 FE A3 2C BF 5F | T:887479 RPD:0
[CH: 50] LEN: 12 | HEX: F9 77 B6 F5 EA 73 96 FE 94 AE B7 FD | T:887490 RPD:1
[CH: 50] LEN: 12 | HEX: E9 77 D6 EE FD 70 96 EF 23 2C BF D6 | T:887491 RPD:0
[CH: 50] LEN: 12 | HEX: F9 77 BE F5 EE 73 96 FB 94 AE BF FE | T:887502 RPD:0
[CH: 50] LEN: 12 | HEX: F9 77 BA FD F6 70 96 FB 23 2C B7 FF | T:887513 RPD:1
[CH: 50] LEN: 12 | HEX: F9 77 BE ED FE 73 96 EF 54 AE AB B5 | T:887513 RPD:1
[CH: 50] LEN: 12 | HEX: F9 77 F6 EE ED 78 96 FE A3 2C BF AD | T:887525 RPD:1
[CH: 50] LEN: 12 | HEX: F9 77 F6 F5 DC 73 96 FF 94 AE BA DF | T:887525 RPD:0
[CH: 50] LEN: 12 | HEX: F1 77 F6 F6 FD 70 96 EF A3 2C BF FF | T:887536 RPD:0
[CH: 50] LEN: 12 | HEX: F9 77 EA F5 DC 73 D6 EF 94 AE B7 FF | T:887548 RPD:1
[CH: 50] LEN: 12 | HEX: F5 77 76 FE EE 70 96 F5 23 2C BF AF | T:887561 RPD:1
[CH: 50] LEN: 12 | HEX: F5 77 EE F5 FE 7B 96 EE 94 AE BF FE | T:887580 RPD:1
[CH: 50] LEN: 12 | HEX: F9 77 FE F6 F6 70 96 ED 23 2C BE F7 | T:887583 RPD:1
[CH: 50] LEN: 12 | HEX: F1 77 76 F5 FD 73 96 FF 14 AE BF EE | T:887586 RPD:1
[CH: 50] LEN: 12 | HEX: F5 77 DA FA F4 70 96 F6 A3 2C B7 6F | T:887598 RPD:1
[CH: 50] LEN: 12 | HEX: F9 77 7E FD FE 73 96 F7 14 AE BD 7F | T:887598 RPD:0
[CH: 50] LEN: 12 | HEX: E9 77 7E EF FF 70 96 F7 23 2C BF EF | T:887609 RPD:1
[CH: 50] LEN: 12 | HEX: F9 77 F6 FD FD 7B 96 ED 14 AE AF B5 | T:887609 RPD:0
[CH: 50] LEN: 12 | HEX: F9 77 7E F6 FE 70 96 FB 23 2C BF F7 | T:887621 RPD:1
[CH: 50] LEN: 12 | HEX: F9 77 BE F5 FE 7B 96 FD 94 AE BA FE | T:887632 RPD:1
[CH: 50] LEN: 12 | HEX: F5 77 7E F6 FA 70 96 FE A3 2C BB DF | T:887632 RPD:0
[CH: 50] LEN: 12 | HEX: F5 77 5E F5 EE 73 96 EE 94 AE BF FF | T:887644 RPD:0
[CH: 50] LEN: 12 | HEX: F9 77 7E ED DC 63 96 FF 14 AE BD FB | T:887645 RPD:1
[CH: 50] LEN: 12 | HEX: FD 77 F6 F5 FE 73 96 EB 14 AE AF FD | T:887668 RPD:1
[CH: 50] LEN: 12 | HEX: F1 77 F6 FE EE 70 96 F7 23 2C BF FF | T:887671 RPD:1
[CH: 50] LEN: 12 | HEX: F9 77 6A FD FE 73 D6 EA 94 AE BE EF | T:887674 RPD:1
[CH: 50] LEN: 12 | HEX: F9 77 BC FE EE 70 96 FE A3 2C BF FF | T:887686 RPD:1
[CH: 50] LEN: 12 | HEX: E9 77 BC FD D6 73 96 FF 14 AE BF EF | T:887686 RPD:1
[CH: 50] LEN: 12 | HEX: F5 77 F4 F6 FE 70 96 FB A3 2C B5 BF | T:887700 RPD:1
[CH: 50] LEN: 12 | HEX: F5 77 5A E9 FA 73 96 F7 94 AE BF 7D | T:887703 RPD:1
[CH: 50] LEN: 12 | HEX: E9 77 7A FD FD 70 96 EB 23 2C B5 FF | T:887723 RPD:1
[CH: 50] LEN: 12 | HEX: E9 77 7E FD DE 73 96 EF 94 AE BE FF | T:887726 RPD:1
[CH: 50] LEN: 12 | HEX: FD 77 76 FE F6 70 96 F6 A3 2C BF FA | T:887746 RPD:1
[CH: 50] LEN: 12 | HEX: F5 77 F6 F9 FD 73 96 FE 94 AE BD FA | T:887749 RPD:1
[CH: 50] LEN: 12 | HEX: F5 77 7E EE F6 70 96 F7 23 2C BF FF | T:887752 RPD:1
[CH: 50] LEN: 12 | HEX: F5 77 EA FD DC 73 96 FE 94 AE BD FF | T:887764 RPD:1
[CH: 50] LEN: 12 | HEX: F5 77 F4 FA EE 70 96 FF 23 2C BF 7F | T:887764 RPD:0
[CH: 50] LEN: 12 | HEX: E9 77 F6 ED DE 73 96 EB 14 AE BF FF | T:887775 RPD:1
[CH: 50] LEN: 12 | HEX: F5 77 AA FE EE 70 96 F7 A3 2C AF FB | T:887775 RPD:0
[CH: 50] LEN: 12 | HEX: F5 77 FE FD D6 73 96 FE 94 AE BF BF | T:887787 RPD:0
[CH: 50] LEN: 12 | HEX: F5 77 DD F6 EE 70 96 FB 23 2C BF 6F | T:887798 RPD:1
[CH: 50] LEN: 12 | HEX: E9 77 FA FD D4 73 96 F6 94 AE BF BF | T:887798 RPD:1
[CH: 50] LEN: 12 | HEX: F9 77 FA FD FD 70 96 FE 23 2C BF DF | T:887810 RPD:1
[CH: 50] LEN: 12 | HEX: F9 77 5E F9 DA 73 96 F7 14 AE BF BF | T:887810 RPD:0
[CH: 50] LEN: 12 | HEX: F9 77 F6 F4 EF 70 96 FF 23 2C BF FF | T:887821 RPD:0
[CH: 50] LEN: 12 | HEX: F5 77 EE F6 FF 70 96 F7 23 2C BF F9 | T:887832 RPD:1
[CH: 50] LEN: 12 | HEX: F9 77 7E FD DE 73 96 EF 94 AE BF FA | T:887833 RPD:1
[CH: 50] LEN: 12 | HEX: FD 77 BA EF FE 70 96 F7 23 2C B5 EB | T:887851 RPD:1
[CH: 50] LEN: 12 | HEX: E9 77 EE FD FA 73 96 EB 94 AE BD FD | T:887871 RPD:1
[CH: 50] LEN: 12 | HEX: F9 77 FF 00 00 71 96 FB 9C 55 BF 77 | T:887906 RPD:1
[CH: 50] LEN: 12 | HEX: F8 6D FD 00 EE FD 96 FE EC 9D BD FD | T:887936 RPD:1
[CH: 50] LEN: 12 | HEX: E8 6D D5 00 EF FD 96 FE EC 9F BF FF | T:887937 RPD:1
[CH: 50] LEN: 12 | HEX: F1 77 FB 00 00 71 96 EB 9C 55 BD FF | T:888205 RPD:1
[CH: 50] LEN: 12 | HEX: F5 77 BF 00 00 71 96 FD 1C 55 BF D8 | T:888206 RPD:1
[CH: 50] LEN: 12 | HEX: F8 6D EE 00 F6 F5 96 F7 EC 9F BF 7F | T:888236 RPD:1
[CH: 50] LEN: 12 | HEX: F8 6D FD 00 FE F9 96 F7 6C 9E B7 F7 | T:888237 RPD:1
[CH: 50] LEN: 12 | HEX: F9 77 AF 00 00 79 96 FF 9C 55 AB FF | T:888505 RPD:1
[CH: 50] LEN: 12 | HEX: E9 77 FB 00 00 71 96 EB 9C 55 BD FA | T:888506 RPD:1
[CH: 50] LEN: 12 | HEX: E8 6D F7 00 EA F5 96 F6 EC 9D BF FA | T:888536 RPD:1
[CH: 50] LEN: 12 | HEX: F8 6D EE 80 F4 FD 96 FE EC 9D AF FF | T:888537 RPD:1
[CH: 50] LEN: 12 | HEX: F2 76 FA 80 8C F5 96 F7 30 70 AA D7 | T:888760 RPD:1
[CH: 50] LEN: 12 | HEX: F6 76 F6 00 8C FD 96 FE 30 70 B7 FF | T:888761 RPD:1
[CH: 50] LEN: 12 | HEX: FA 76 FF FE 73 DD 96 FD 8E 8D BE FE | T:888791 RPD:1
[CH: 50] LEN: 12 | HEX: F6 76 FF FD 70 FD 96 FF 7B 83 BF DF | T:888794 RPD:1
[CH: 50] LEN: 12 | HEX: FA 76 FE F4 71 ED 96 FF 67 66 BF EF | T:888798 RPD:1
[CH: 50] LEN: 12 | HEX: F6 76 FA FE 77 FB 96 FE 8D 7A BF EF | T:888858 RPD:1
[CH: 50] LEN: 12 | HEX: FA 76 EE E9 74 FD 96 EF F4 74 BF FF | T:888888 RPD:1
[CH: 50] LEN: 12 | HEX: FA 76 F6 F6 7B DD 96 EB 49 63 BE E8 | T:888978 RPD:1
[CH: 50] LEN: 12 | HEX: EA 76 ED E5 78 ED 96 F6 BC 6D BA EE | T:889008 RPD:1
[CH: 50] LEN: 12 | HEX: FA 76 FF F4 79 FF 96 F7 60 88 BF BF | T:889038 RPD:1
[CH: 50] LEN: 12 | HEX: F2 76 F6 F3 7E ED 96 F7 56 71 BE FF | T:889068 RPD:1
[CH: 50] LEN: 12 | HEX: F6 76 FE F2 77 BD 96 F7 0A 94 BE FF | T:889098 RPD:1
[CH: 50] LEN: 12 | HEX: FA 76 FD E1 74 F7 96 F7 7B 9A BF A5 | T:889128 RPD:1
[CH: 50] LEN: 12 | HEX: F2 76 FB E8 7B FD 96 F5 A3 7B 3E FF | T:889158 RPD:1
[CH: 50] LEN: 12 | HEX: F2 76 EE EE 62 F5 96 EF 0D 95 FD 7F | T:889188 RPD:1
[CH: 50] LEN: 12 | HEX: FA 76 FE ED 60 F5 96 FD 64 7E B5 FF | T:889248 RPD:1
[CH: 50] LEN: 12 | HEX: FA 76 FC EC 61 FD 96 F5 78 9B B5 BF | T:889278 RPD:1
[CH: 50] LEN: 12 | HEX: FA 76 FE EB 66 FD 96 FF 4E 62 BF B7 | T:889308 RPD:0
[CH: 50] LEN: 12 | HEX: F2 76 FE EA 67 7B 96 FF 92 87 BF EF | T:889338 RPD:0
[CH: 50] LEN: 12 | HEX: FA 76 FE E9 64 F5 96 F5 D7 89 BD ED | T:889368 RPD:0
[CH: 50] LEN: 12 | HEX: FA 7E FE E8 65 FD 96 FF 3B 6C BF FD | T:889398 RPD:0
[CH: 50] LEN: 12 | HEX: FA 76 FE E6 6B FD 96 FF 56 9E AD FD | T:889458 RPD:0
[CH: 50] LEN: 12 | HEX: F6 76 FE F5 68 F9 96 FF 23 90 BA BF | T:889488 RPD:0
[CH: 50] LEN: 12 | HEX: FA 76 FE E4 69 FD 96 FF FA 75 B5 FF | T:889518 RPD:0
[CH: 50] LEN: 12 | HEX: FA 76 FE E3 6E FD 96 FB C9 8C BF 70 | T:889548 RPD:0
[CH: 50] LEN: 12 | HEX: DA 76 F4 E2 6D F5 96 FF 15 69 BF FF | T:889578 RPD:0
[CH: 50] LEN: 12 | HEX: FA 76 FA E1 6C FD 96 FF 60 67 BF FF | T:889608 RPD:0
[CH: 50] LEN: 12 | HEX: FA 76 FE E0 6D FB 96 FF BE 82 BF AF | T:889638 RPD:0
[CH: 50] LEN: 12 | HEX: FA 76 FE DD D2 FD 96 FD AD 92 BF BB | T:889668 RPD:0
[CH: 50] LEN: 12 | HEX: FA 76 FE FE 73 ED 96 FD 6E 8D BF EF | T:889698 RPD:0
[CH: 50] LEN: 12 | HEX: FA 76 FE FC 71 E9 96 FF 67 66 BD FF | T:889731 RPD:0
[CH: 50] LEN: 12 | HEX: FA 76 FC FB 76 FD 96 FF 51 9F BF 7F | T:889762 RPD:0
[CH: 50] LEN: 12 | HEX: FA 76 EE FA 6F 5D 95 FF 8D 7A B7 FD | T:889792 RPD:0
[CH: 50] LEN: 12 | HEX: FA 66 FE F9 74 FD 96 FF F8 74 BF FB | T:889822 RPD:0
[CH: 50] LEN: 12 | HEX: FA 76 FE F8 75 FD 96 FD 24 91 B7 FE | T:889852 RPD:0
[CH: 50] LEN: 12 | HEX: FA 76 FE F7 7A FD 96 FF 95 86 B5 EF | T:889882 RPD:0
[CH: 50] LEN: 12 | HEX: AE 76 FE F6 7B FD 96 FF 49 63 B5 DF | T:889912 RPD:0
[CH: 50] LEN: 12 | HEX: F2 7B D7 00 81 EB 96 FB D3 BC BB EF | T:890120 RPD:1
[CH: 50] LEN: 12 | HEX: FA 7B FF 80 81 FD 96 FF B3 EC BF 7B | T:890120 RPD:1
[CH: 50] LEN: 12 | HEX: F9 77 B5 EA F4 70 96 FD 23 2C BB DF | T:890151 RPD:1
[CH: 50] LEN: 12 | HEX: F9 77 FD FB FE 70 96 F5 23 2C BF F7 | T:890157 RPD:1
[CH: 50] LEN: 12 | HEX: F1 77 FA F5 FE 73 96 FD 94 AE B7 FE | T:890160 RPD:1
[CH: 50] LEN: 12 | HEX: E9 77 BC FC FF 70 96 FF 23 2C BF FE | T:890163 RPD:1
[CH: 50] LEN: 12 | HEX: F9 77 FE FD FE 73 96 FD 94 AE AF 6D | T:890174 RPD:1
[CH: 50] LEN: 12 | HEX: F9 77 FB FE ED 70 96 F5 A3 2C BF BD | T:890175 RPD:0
[CH: 50] LEN: 12 | HEX: F9 77 BA FD FE 73 96 F5 94 AE BB FB | T:890186 RPD:1
[CH: 50] LEN: 12 | HEX: F1 77 AC F4 FE 70 96 FF 23 2C AF F7 | T:890197 RPD:1
[CH: 50] LEN: 12 | HEX: F1 77 AE F5 FE 73 96 F5 94 AE BD FF | T:890197 RPD:0
[CH: 50] LEN: 12 | HEX: F1 77 FB FE FE 70 96 F5 23 2C BF FF | T:890209 RPD:1
[CH: 50] LEN: 12 | HEX: F9 77 FA F5 EC 70 96 FB 23 2C BF BB | T:890209 RPD:0
[CH: 50] LEN: 12 | HEX: F1 77 AE F5 FE 73 96 FF 94 AE BF FF | T:890220 RPD:1
[CH: 50] LEN: 12 | HEX: F9 77 FA F4 F6 70 96 F7 23 2C BF FF | T:890221 RPD:0
[CH: 50] LEN: 12 | HEX: F9 7F FD F9 FC 73 D6 EB 54 AE B7 77 | T:890232 RPD:1
[CH: 50] LEN: 12 | HEX: F9 77 76 FE FE 78 96 FF A3 2C BF EF | T:890243 RPD:1
[CH: 50] LEN: 12 | HEX: F1 77 DE FE F4 70 96 F6 23 2C BF FF | T:890243 RPD:0
[CH: 50] LEN: 12 | HEX: F1 77 BE F6 F6 70 96 FE A3 2C B7 FB | T:890255 RPD:1
[CH: 50] LEN: 12 | HEX: F5 77 B4 F5 D6 73 96 F6 94 AE BD FD | T:890255 RPD:0
[CH: 50] LEN: 12 | HEX: F9 77 BC F6 F6 70 96 FA 23 2C BF FB | T:890266 RPD:1
[CH: 50] LEN: 12 | HEX: F1 77 DE F5 F4 73 96 F7 94 AE B7 53 | T:890267 RPD:0
[CH: 50] LEN: 12 | HEX: F5 77 FC FE FE 70 96 F7 23 2C BF FB | T:890278 RPD:1
[CH: 50] LEN: 12 | HEX: F1 77 FC FD FE 73 96 EB D4 AD BF B7 | T:890289 RPD:1
[CH: 50] LEN: 12 | HEX: F1 77 DF FE FE 70 96 FF 23 2C BE FF | T:890289 RPD:0
[CH: 50] LEN: 12 | HEX: F5 77 F4 EB F6 73 96 FE 94 AE BF EF | T:890301 RPD:1
[CH: 50] LEN: 12 | HEX: F9 77 FC FD FD 73 96 F7 54 AE BF DF | T:890301 RPD:1
[CH: 50] LEN: 12 | HEX: E9 77 7E F6 F4 70 96 FF 23 2C BF DF | T:890312 RPD:1
[CH: 50] LEN: 12 | HEX: F5 77 FA FB ED 73 96 FF 14 AE AF D7 | T:890324 RPD:1
[CH: 50] LEN: 12 | HEX: F5 77 BE F6 F6 70 96 F7 23 2C BF FD | T:890324 RPD:0
[CH: 50] LEN: 12 | HEX: E9 77 DD FC FE 70 96 F7 23 2C BB FF | T:890335 RPD:1
[CH: 50] LEN: 12 | HEX: F9 77 FA FE F6 70 96 F5 23 2C B5 EF | T:890335 RPD:0
[CH: 50] LEN: 12 | HEX: F1 77 54 FD DE 73 96 FF 54 AE B7 FF | T:890347 RPD:1
[CH: 50] LEN: 12 | HEX: F9 77 7E F6 FE 70 96 FF A3 2C BE AF | T:890347 RPD:0
[CH: 50] LEN: 12 | HEX: F5 77 7E FD FE F3 96 F6 94 AE BD FF | T:890358 RPD:1
[CH: 50] LEN: 12 | HEX: F5 77 BE FE F4 70 96 F7 23 2C AF EA | T:890370 RPD:1
[CH: 50] LEN: 12 | HEX: F9 77 AE ED FA 73 96 FF 14 AE BF BF | T:890370 RPD:1
[CH: 50] LEN: 12 | HEX: F1 77 BA EE FE 70 96 FE A3 2C BF FE | T:890381 RPD:1
[CH: 50] LEN: 12 | HEX: F9 77 BE FE EE 70 96 F7 A3 2C BB FF | T:890381 RPD:0
[CH: 50] LEN: 12 | HEX: E9 77 5E ED FC 73 96 FD 14 AE BF E2 | T:890393 RPD:1
[CH: 50] LEN: 12 | HEX: F5 77 F6 FD ED 73 96 F7 94 AE B7 FB | T:890393 RPD:0
[CH: 50] LEN: 12 | HEX: F9 77 DE F6 F6 70 96 FE A3 2C BF DF | T:890404 RPD:1
[CH: 50] LEN: 12 | HEX: E9 77 6E ED DA 73 96 FD 94 AE BF FB | T:890416 RPD:1
[CH: 50] LEN: 12 | HEX: FD 77 FF F6 FE 70 96 EE A3 2C B7 F7 | T:890416 RPD:0
[CH: 50] LEN: 12 | HEX: F9 77 BA FB FE 73 96 FE 94 AE BF AA | T:890427 RPD:1
[CH: 50] LEN: 12 | HEX: F9 77 F6 F5 EE 73 96 FF 54 AE BF EF | T:890427 RPD:0
[CH: 50] LEN: 12 | HEX: E9 77 FC EE F6 70 96 EF A3 2C BF AE | T:890439 RPD:1
[CH: 50] LEN: 12 | HEX: F9 77 74 FD DD 73 96 F6 94 AE BF BF | T:890450 RPD:1
[CH: 50] LEN: 12 | HEX: F5 77 AC FE F6 70 96 F6 23 2C BE DE | T:890450 RPD:0
[CH: 50] LEN: 12 | HEX: F9 77 BE FE FE 70 96 FF A3 2C BF FF | T:890461 RPD:1
[CH: 50] LEN: 12 | HEX: F1 77 FA FE F6 70 96 EE A3 2C BB F5 | T:890462 RPD:0
[CH: 50] LEN: 12 | HEX: F9 77 FA E9 FA 73 96 F7 14 AE BF FE | T:890473 RPD:1
[CH: 50] LEN: 12 | HEX: F5 77 FD F6 F6 70 96 EB A3 2C BF FF | T:890473 RPD:0
[CH: 50] LEN: 12 | HEX: F9 77 7E FD FC 73 96 EE 94 AE BF DF | T:890485 RPD:1
[CH: 50] LEN: 12 | HEX: F9 77 76 FD EA 70 96 FE 23 2C B6 DF | T:890496 RPD:1
[CH: 50] LEN: 12 | HEX: ED 77 7A FD F6 70 96 EE 23 2C AF FF | T:890496 RPD:0
[CH: 50] LEN: 12 | HEX: F5 77 F4 FE FE 70 96 F7 A3 2C BF FF | T:890507 RPD:1
[CH: 50] LEN: 12 | HEX: E9 77 FA FE F5 70 96 EF A3 2C BF FF | T:890508 RPD:1
[CH: 50] LEN: 12 | HEX: F9 77 7E F5 EC 73 96 FF 94 AE BF FF | T:890519 RPD:1
[CH: 50] LEN: 12 | HEX: F9 77 F6 F5 ED 73 96 F7 14 AE BE FF | T:890519 RPD:0
[CH: 50] LEN: 12 | HEX: F5 77 BA EE EE 70 96 FE 23 2C BF FA | T:890531 RPD:1
[CH: 50] LEN: 12 | HEX: D9 77 7E F5 DD 7B 96 EE 94 AE BF FF | T:890542 RPD:1
[CH: 50] LEN: 12 | HEX: F5 77 FA FE F6 70 96 F7 23 2C BF D7 | T:890542 RPD:0
[CH: 50] LEN: 12 | HEX: F5 77 76 F5 DC 73 96 F7 54 AE BF FF | T:890553 RPD:1
[CH: 50] LEN: 12 | HEX: F5 77 6A F5 DF 73 96 FE 94 AE B7 FF | T:890554 RPD:0
[CH: 50] LEN: 12 | HEX: FD 77 FA FE FF 68 96 F7 A3 2C BE FF | T:890565 RPD:1
[CH: 50] LEN: 12 | HEX: F5 77 BA F6 FD 70 96 ED A3 2C BB DF | T:890565 RPD:0
[CH: 50] LEN: 12 | HEX: F1 77 F6 FD DE 73 96 EB 94 AE BE F7 | T:890577 RPD:1
[CH: 50] LEN: 12 | HEX: F1 77 F4 FD FD 73 96 F7 54 AE BF FD | T:890588 RPD:1
[CH: 50] LEN: 12 | HEX: F9 77 7E F6 EE 68 96 EF 23 2C BE EF | T:890588 RPD:0
[CH: 50] LEN: 12 | HEX: F1 77 F6 DD F6 60 96 ED 23 2C BF BE | T:890599 RPD:1
[CH: 50] LEN: 12 | HEX: F9 77 D6 F6 EF 70 96 EF 23 2C BF F7 | T:890600 RPD:0
[CH: 50] LEN: 12 | HEX: F5 77 BE F5 FD 73 96 F6 94 AE BB FF | T:890611 RPD:1
[CH: 50] LEN: 12 | HEX: F5 77 F4 EA EA 70 96 F7 A3 2C BE FF | T:890622 RPD:1
[CH: 50] LEN: 12 | HEX: F9 77 FA F5 EC 73 96 FD 14 AE BD 6D | T:890623 RPD:0
[CH: 50] LEN: 12 | HEX: F5 77 DE F6 F4 70 96 FF 23 2C AB BE | T:890634 RPD:1
[CH: 50] LEN: 12 | HEX: F5 77 BE FE FE 70 96 F6 A3 2C BE FF | T:890634 RPD:0
[CH: 50] LEN: 12 | HEX: F9 77 76 EE F6 60 96 FF 23 2C BF EF | T:890645 RPD:1
[CH: 50] LEN: 12 | HEX: F9 77 AE F6 FE 70 96 ED 23 2C BE FE | T:890646 RPD:1
[CH: 50] LEN: 12 | HEX: F9 77 FA FD FE 73 96 FE 94 AE BF AE | T:890657 RPD:1
[CH: 50] LEN: 12 | HEX: F9 77 BE EE F6 70 96 EE A3 2C BF EE | T:890668 RPD:0
[CH: 50] LEN: 12 | HEX: E9 77 FC FD DD 73 96 F7 D4 AE AF F7 | T:890668 RPD:0
[CH: 50] LEN: 12 | HEX: F9 77 BF 00 00 71 97 F7 1C 55 AA FF | T:890686 RPD:1
[CH: 50] LEN: 12 | HEX: F5 77 FF 00 00 71 96 FE 9C 55 BB 7B | T:890687 RPD:1
[CH: 50] LEN: 12 | HEX: F4 6D F5 00 EE F5 96 EE EC 9E BF AF | T:890717 RPD:1
[CH: 50] LEN: 12 | HEX: F8 6D EF 00 F6 ED 96 EE EC 9D BD 7D | T:890718 RPD:1
[CH: 50] LEN: 12 | HEX: F9 77 BF 00 00 71 96 F7 9C 55 FE FE | T:890986 RPD:1
[CH: 50] LEN: 12 | HEX: F5 77 F7 00 00 71 96 FE 9C 55 BA FB | T:890987 RPD:1
[CH: 50] LEN: 12 | HEX: F4 6D FD 00 FE FD 96 EE EC 9F BF FF | T:891017 RPD:1
[CH: 50] LEN: 12 | HEX: F4 6D F7 00 EB F5 96 EE EC 9F AF ED | T:891017 RPD:1
[CH: 50] LEN: 12 | HEX: E9 77 FA 00 00 71 96 F7 9C 55 B7 76 | T:891286 RPD:1
[CH: 50] LEN: 12 | HEX: F5 77 BF 00 00 71 96 F5 DC 55 BE FF | T:891287 RPD:1
[CH: 50] LEN: 12 | HEX: F4 6D EB 00 FE FD 96 EE EC 9F BF FF | T:891316 RPD:1
[CH: 50] LEN: 12 | HEX: F8 6D FE 80 F6 FD 96 FE 6C 9E BE FF | T:891317 RPD:1
[CH: 50] LEN: 12 | HEX: FA 76 FD 00 8C ED 96 F7 B0 70 AD FD | T:891510 RPD:1
[CH: 50] LEN: 12 | HEX: F2 76 F5 00 8C FD 96 EE B0 70 BE DF | T:891511 RPD:1
[CH: 50] LEN: 12 | HEX: F6 76 FE FA 73 DB 96 FB CE 8D BF 6F | T:891541 RPD:1
[CH: 50] LEN: 12 | HEX: FA 76 FA F5 78 ED 96 FF 3B 83 BD FD | T:891544 RPD:1
[CH: 50] LEN: 12 | HEX: F2 76 FA FC 71 ED 96 FD 67 66 BD FE | T:891548 RPD:1
[CH: 50] LEN: 12 | HEX: FA 76 F6 F7 76 FD 96 F7 51 9D B7 FF | T:891579 RPD:1
[CH: 50] LEN: 12 | HEX: EA 76 FE FA 7F FB 96 F7 4D 7A BF DF | T:891609 RPD:1
[CH: 50] LEN: 12 | HEX: F6 76 EA F1 74 FD 96 FF 58 74 BF 7F | T:891639 RPD:1
[CH: 50] LEN: 12 | HEX: F6 76 FE F8 75 ED 96 F6 A4 91 AE AF | T:891669 RPD:1
[CH: 50] LEN: 12 | HEX: EA 76 EA E7 76 FD 96 FF 55 86 BF D7 | T:891698 RPD:1
[CH: 50] LEN: 12 | HEX: FA 76 FE F6 7B FD 96 F6 C9 63 B7 FF | T:891728 RPD:1
[CH: 50] LEN: 12 | HEX: F6 76 FE F5 78 FD 96 FB 3C 6D BF FF | T:891759 RPD:1
[CH: 50] LEN: 12 | HEX: F2 76 FE F4 79 F5 96 FF A0 88 AB FF | T:891789 RPD:1
[CH: 50] LEN: 12 | HEX: F6 76 EA F3 74 FD 96 F7 56 71 BF FF | T:891819 RPD:1
[CH: 50] LEN: 12 | HEX: FA 76 F6 F2 7F BD 96 FF 0A 94 BB BA | T:891849 RPD:1
[CH: 50] LEN: 12 | HEX: FA 76 FE F1 7C F7 96 FD 7F 9A BF FF | T:891879 RPD:1
[CH: 50] LEN: 12 | HEX: FA 76 FE F0 7D FD 96 FF A3 7D 3F F6 | T:891909 RPD:1
[CH: 50] LEN: 12 | HEX: FA 76 FE EF 62 FD 96 FA 0D 95 BB FB | T:891939 RPD:0
[CH: 50] LEN: 12 | HEX: FA 76 FE EE 63 F5 96 FD 51 70 BF FB | T:891969 RPD:1
[CH: 50] LEN: 12 | HEX: FE 76 FA ED 60 FD 96 FD 64 7D BE F7 | T:891998 RPD:0
[CH: 50] LEN: 12 | HEX: FA 76 FE EC 61 FD 96 F5 78 9B BD 7D | T:892028 RPD:0
[CH: 50] LEN: 12 | HEX: FA 76 F6 EB 66 F9 96 FF 4E 62 BD 7F | T:892058 RPD:0
[CH: 50] LEN: 12 | HEX: FA 76 FE EA 67 5D 96 FF 92 87 BD FF | T:892088 RPD:0
[CH: 50] LEN: 12 | HEX: FA 76 F6 E9 64 FD 96 FF E7 89 BF DF | T:892118 RPD:0
[CH: 50] LEN: 12 | HEX: FA 76 FA E8 65 FD 96 EF 3B 6C BE FF | T:892148 RPD:0
[CH: 50] LEN: 12 | HEX: FA 76 FE E6 6B FD 96 F7 56 9E BD FE | T:892208 RPD:0
[CH: 50] LEN: 12 | HEX: FA 76 FC E5 68 FD 96 FF 23 90 AF BD | T:892238 RPD:0
[CH: 50] LEN: 12 | HEX: FA 76 FA E4 69 FD 96 F7 FD 75 BF 7A | T:892268 RPD:0
[CH: 50] LEN: 12 | HEX: FA 76 FC E3 6E FD 96 FA C9 8C BF FF | T:892298 RPD:0
[CH: 50] LEN: 12 | HEX: FA 76 F4 E2 6F FD 96 FF 15 69 AF EB | T:892328 RPD:0
[CH: 50] LEN: 12 | HEX: F2 76 FE E1 6C F9 96 FE 60 67 BF FE | T:892358 RPD:0
[CH: 50] LEN: 12 | HEX: FA 76 FE DF 52 F9 96 EB 2D 92 BF 75 | T:892418 RPD:0
[CH: 50] LEN: 12 | HEX: FA 76 FA FE 73 F5 96 FF CE 8D BF F5 | T:892448 RPD:0
[CH: 50] LEN: 12 | HEX: FA 76 F5 FD 70 FD 96 FF BB 83 BF DE | T:892452 RPD:0
[CH: 50] LEN: 12 | HEX: FA 76 FE F4 71 FD 96 FD 67 66 BE FF | T:892456 RPD:0
[CH: 50] LEN: 12 | HEX: FA 76 FA FB 76 FD 96 FF 51 9F BF BF | T:892486 RPD:0
[CH: 50] LEN: 12 | HEX: FA 76 FE FA 77 D5 96 FF 8D 7A BA BE | T:892516 RPD:0
[CH: 50] LEN: 12 | HEX: F2 7B EA 00 81 EB 96 FB D3 D8 BE FB | T:892730 RPD:1
[CH: 50] LEN: 12 | HEX: F2 7B D6 00 81 FD 96 FB B3 D4 B7 7F | T:892731 RPD:1
[CH: 50] LEN: 12 | HEX: F9 77 FB FC F5 70 96 FF 23 2C BB EF | T:892760 RPD:1
[CH: 50] LEN: 12 | HEX: F9 77 7B F5 FC 73 96 FA 94 AE BF FF | T:892763 RPD:1
[CH: 50] LEN: 12 | HEX: F9 77 74 FE F6 70 96 EA 23 2C BF FA | T:892766 RPD:1
[CH: 50] LEN: 12 | HEX: F9 77 FC FD FE 73 96 F7 D4 AE BA DD | T:892778 RPD:1
[CH: 50] LEN: 12 | HEX: F1 77 B5 FE FD 70 96 F7 23 2C BF FF | T:892778 RPD:0
[CH: 50] LEN: 12 | HEX: F1 77 AE E9 F6 73 96 FB 94 AE BF FB | T:892789 RPD:1
[CH: 50] LEN: 12 | HEX: F1 77 DD F4 FD 70 96 FB 23 2C B7 D6 | T:892790 RPD:0
[CH: 50] LEN: 12 | HEX: F9 77 D6 FD FE 73 96 FF 14 AE BF BE | T:892801 RPD:1
[CH: 50] LEN: 12 | HEX: F9 77 B5 ED F6 70 96 FB 23 2C BF EF | T:892812 RPD:1
[CH: 50] LEN: 12 | HEX: F1 77 FA F9 FE 73 96 FD 14 AE BF FB | T:892812 RPD:0
[CH: 50] LEN: 12 | HEX: F9 77 DD FE FE 78 96 F5 23 2C BD FF | T:892824 RPD:1
[CH: 50] LEN: 12 | HEX: F9 77 FF FE FE 70 96 F7 23 2C BF FE | T:892824 RPD:0
[CH: 50] LEN: 12 | HEX: F9 77 AA FD FC 73 96 F5 94 AE BB FB | T:892835 RPD:1
[CH: 50] LEN: 12 | HEX: FD 77 FD FE FE 70 96 FF 23 2C BF BE | T:892847 RPD:1
[CH: 50] LEN: 12 | HEX: E9 77 5E FD FE 73 96 F7 94 AE BD FF | T:892847 RPD:0
[CH: 50] LEN: 12 | HEX: ED 77 F4 FD ED 73 96 FF D4 AE AF FF | T:892858 RPD:1
[CH: 50] LEN: 12 | HEX: F5 77 BC F5 FF 73 96 FF 54 AE BB 5B | T:892858 RPD:0
[CH: 50] LEN: 12 | HEX: F9 77 7E F6 F6 60 96 FE A3 2C BF FA | T:892870 RPD:1
[CH: 50] LEN: 12 | HEX: F1 77 DD E9 FD 73 96 FD 94 AE BD FD | T:892870 RPD:1
[CH: 50] LEN: 12 | HEX: F1 77 74 EE EE 70 96 FF 23 2C BF 7F | T:892881 RPD:1
[CH: 50] LEN: 12 | HEX: F9 77 FA FD F6 73 96 FE D4 AE BF FF | T:892893 RPD:1
[CH: 50] LEN: 12 | HEX: F9 77 F4 FE F6 70 96 FF 23 2C B7 D7 | T:892893 RPD:0
[CH: 50] LEN: 12 | HEX: F9 77 DE F5 EE 73 96 FF 94 AE BB F7 | T:892904 RPD:1
[CH: 50] LEN: 12 | HEX: F9 77 DC FB FD 73 96 F7 14 AE BF FF | T:892904 RPD:0
[CH: 50] LEN: 12 | HEX: F5 77 AE F4 FA 70 96 F7 23 2C AB FF | T:892916 RPD:1
[CH: 50] LEN: 12 | HEX: E9 77 7C FD D6 63 96 EB 14 AE BB FF | T:892916 RPD:0
[CH: 50] LEN: 12 | HEX: F9 77 74 EE F6 70 96 FE A3 2C BE FA | T:892927 RPD:0
[CH: 50] LEN: 12 | HEX: F5 77 7A FD DE 73 96 EF 14 AE BF FF | T:892938 RPD:1
[CH: 50] LEN: 12 | HEX: F9 77 7E FE FE 70 96 EF 23 2C B7 FF | T:892939 RPD:0
[CH: 50] LEN: 12 | HEX: F9 77 7E FD FD 73 96 F7 94 AE BF EF | T:892950 RPD:1
[CH: 50] LEN: 12 | HEX: F9 77 74 FD FE 73 96 FB 94 AE BF FB | T:892950 RPD:0
[CH: 50] LEN: 12 | HEX: F9 77 FE FE FA 70 96 FF 23 2C BF BF | T:892962 RPD:1
[CH: 50] LEN: 12 | HEX: F9 77 AE F6 FA 70 96 FE A3 2C BE FF | T:892973 RPD:1
[CH: 50] LEN: 12 | HEX: E9 77 BA E9 ED 73 96 F6 94 AE B7 FB | T:892973 RPD:0
[CH: 50] LEN: 12 | HEX: FD 7F 7E FE F6 70 96 EF 23 2C BF FD | T:892984 RPD:1
[CH: 50] LEN: 12 | HEX: F5 77 BA FC FA 70 96 FB 23 2C BF FB | T:892985 RPD:0
[CH: 50] LEN: 12 | HEX: E9 77 FA F9 ED 73 96 FE 94 AE BF BF | T:892996 RPD:1
[CH: 50] LEN: 12 | HEX: F5 77 F6 F6 F7 70 96 FE A3 2C BF FF | T:892996 RPD:0
[CH: 50] LEN: 12 | HEX: FD 77 BC FD FD 73 96 EB 14 AE BE FF | T:893008 RPD:1
[CH: 50] LEN: 12 | HEX: F5 77 BE FE FE 70 96 FE 23 2C BF FF | T:893019 RPD:1
[CH: 50] LEN: 12 | HEX: F9 77 FE F9 FE 73 96 FD 14 AE BF ED | T:893019 RPD:0
[CH: 50] LEN: 12 | HEX: F9 77 7E FD DD 73 96 FF 54 AC BF FF | T:893030 RPD:1
[CH: 50] LEN: 12 | HEX: F9 77 7E ED FC 73 96 FE 94 AE B7 7F | T:893031 RPD:0
[CH: 50] LEN: 12 | HEX: F5 77 7E ED EE 73 96 EB 94 AE BF DF | T:893042 RPD:1
[CH: 50] LEN: 12 | HEX: F9 77 B6 DD DE 73 16 EE 94 AE B5 F7 | T:893042 RPD:0
[CH: 50] LEN: 12 | HEX: F9 77 7A FE EE 70 96 FB 23 2C BF EE | T:893054 RPD:1
[CH: 50] LEN: 12 | HEX: E9 77 F6 ED ED 63 96 EE 94 AE AF FF | T:893065 RPD:1
[CH: 50] LEN: 12 | HEX: F9 77 FE ED EE 68 96 FD 23 2C BF BF | T:893065 RPD:1
[CH: 50] LEN: 12 | HEX: E9 77 F6 FD FE 73 96 F7 14 AE BF FF | T:893076 RPD:1
[CH: 50] LEN: 12 | HEX: E9 7F 7A DE ED 60 96 EE A3 2C BF D7 | T:893077 RPD:0
[CH: 50] LEN: 12 | HEX: F9 77 6E F9 D5 73 16 FF 14 AE BD FF | T:893088 RPD:1
[CH: 50] LEN: 12 | HEX: F9 77 7E F6 EE 68 96 EF 23 2C BF FD | T:893088 RPD:0
[CH: 50] LEN: 12 | HEX: F9 67 7E FD DC 73 96 EF 94 AE BF FF | T:893100 RPD:1
[CH: 50] LEN: 12 | HEX: E9 77 FE F6 F6 70 96 FD 23 2C BF FF | T:893111 RPD:1
[CH: 50] LEN: 12 | HEX: FD 77 76 FD FC 7B 96 FD 94 AE BD FF | T:893111 RPD:0
[CH: 50] LEN: 12 | HEX: E9 77 B6 ED F6 60 96 F5 23 2C BF FF | T:893122 RPD:1
[CH: 50] LEN: 12 | HEX: F9 7F 7E FF F6 70 96 FE 23 2C AD 57 | T:893123 RPD:0
[CH: 50] LEN: 12 | HEX: E9 7F 6A EF FC 70 96 F5 23 2C BF 67 | T:893134 RPD:1
[CH: 50] LEN: 12 | HEX: F5 77 B6 EE FD 78 96 EF A3 2C BF FF | T:893145 RPD:1
[CH: 50] LEN: 12 | HEX: E9 77 7A F9 FD 73 96 F7 14 AE BF 77 | T:893146 RPD:0
[CH: 50] LEN: 12 | HEX: F5 77 7E ED F6 78 96 ED 23 2C BD EF | T:893157 RPD:1
[CH: 50] LEN: 12 | HEX: F9 77 F6 FD FE 73 96 FD 14 AE BE FF | T:893157 RPD:0
[CH: 50] LEN: 12 | HEX: F5 77 76 FD EE 78 96 EE 23 2C B4 FF | T:893168 RPD:1
[CH: 50] LEN: 12 | HEX: E9 77 6E ED DF 7B 96 EE 94 AE BF FD | T:893169 RPD:0
[CH: 50] LEN: 12 | HEX: F9 77 BE FD FA 70 96 FD 23 2C B7 BB | T:893180 RPD:1
[CH: 50] LEN: 12 | HEX: E9 7F F6 ED FD 73 96 FF 94 AE BF FF | T:893191 RPD:1
[CH: 50] LEN: 12 | HEX: E9 77 7E EF F6 70 96 EF 23 2C BF ED | T:893191 RPD:0
[CH: 50] LEN: 12 | HEX: E9 77 BE D5 FE 73 97 F7 14 AC BF BF | T:893203 RPD:1
[CH: 50] LEN: 12 | HEX: F9 77 6A FD FC 73 96 F7 94 AE AF DB | T:893203 RPD:1
[CH: 50] LEN: 12 | HEX: E9 77 F6 ED DE 73 96 F7 94 AE BF 77 | T:893214 RPD:1
[CH: 50] LEN: 12 | HEX: FD 77 BA FE FE 70 96 EF 23 2C BF 7F | T:893215 RPD:0
[CH: 50] LEN: 12 | HEX: F9 77 B6 FD FC 73 96 F7 14 AE BF FF | T:893226 RPD:1
[CH: 50] LEN: 12 | HEX: E9 7F FA F5 FE 73 96 EB 94 AE BF EE | T:893237 RPD:1
[CH: 50] LEN: 12 | HEX: E9 77 7E F6 FD 78 96 F7 23 2C BF BA | T:893237 RPD:0
[CH: 50] LEN: 12 | HEX: E9 77 FE FD FE 70 96 EF 23 2C BF FF | T:893249 RPD:1
[CH: 50] LEN: 12 | HEX: F9 77 FA F5 DD 7B 96 FB 14 AE BE EF | T:893249 RPD:0
[CH: 50] LEN: 12 | HEX: F5 77 76 FF EE 70 96 EE A3 2C BB EF | T:893260 RPD:1
[CH: 50] LEN: 12 | HEX: E9 77 BE FE EE 60 96 F6 A3 2C BD FF | T:893272 RPD:1
[CH: 50] LEN: 12 | HEX: FD 77 FA EF FD 73 96 F7 14 AE BD FF | T:893272 RPD:0
[CH: 50] LEN: 12 | HEX: F9 77 FE FE EE 70 96 F7 23 2C B7 DF | T:893283 RPD:1
[CH: 50] LEN: 12 | HEX: F5 77 AE FD FE 73 96 F7 14 AE BF FF | T:893283 RPD:0
[CH: 50] LEN: 12 | HEX: FD 77 7E FE EF 70 96 F6 A3 2C BF FD | T:893295 RPD:1
[CH: 50] LEN: 12 | HEX: F9 77 F6 F5 FF 73 96 FE 94 AE BF F6 | T:893295 RPD:1
[CH: 50] LEN: 12 | HEX: E9 77 F7 00 00 71 96 F7 9C 55 BF F5 | T:893319 RPD:1
[CH: 50] LEN: 12 | HEX: E9 77 7F 00 00 71 96 EF 1C 55 BB EE | T:893319 RPD:1
[CH: 50] LEN: 12 | HEX: D0 6D FA 00 ED F5 96 FF 6C 9D 3F FF | T:893349 RPD:1
[CH: 50] LEN: 12 | HEX: F8 6D FF 00 FE FD 96 FF 6C 9E BE AD | T:893350 RPD:1
[CH: 50] LEN: 12 | HEX: E9 77 F7 00 00 71 96 EF 9C 55 BF FB | T:893618 RPD:1
[CH: 50] LEN: 12 | HEX: F5 77 5F 00 00 71 96 F7 1C 55 BD FE | T:893619 RPD:1
[CH: 50] LEN: 12 | HEX: F8 6D FF 00 EE F5 96 F7 6C 9F BD F7 | T:893649 RPD:1
[CH: 50] LEN: 12 | HEX: F8 6D DF 00 F6 ED 96 EF 6C 9E BD EF | T:893650 RPD:1
[CH: 50] LEN: 12 | HEX: F1 77 BF 00 00 71 96 FF 9C 55 BF 5F | T:893918 RPD:1
[CH: 50] LEN: 12 | HEX: F5 77 FB 00 00 71 96 ED 9C 55 B3 FF | T:893919 RPD:1
[CH: 50] LEN: 12 | HEX: F8 6D EE 00 FF FD 96 FB 6C 9E BF FD | T:893949 RPD:1
[CH: 50] LEN: 12 | HEX: F4 6D EF 00 FE FD 96 FF EC 9F BD FD | T:893950 RPD:1
[CH: 50] LEN: 12 | HEX: E9 77 7F 00 00 71 96 F5 9C 55 BF FB | T:894218 RPD:1
[CH: 50] LEN: 12 | HEX: F1 77 7F 00 00 71 96 F7 1C 55 BF FF | T:894219 RPD:1
[CH: 50] LEN: 12 | HEX: F8 6D DB 00 FA FD 96 EE 6C 9D BF EF | T:894249 RPD:1
[CH: 50] LEN: 12 | HEX: F4 6D EF 00 FE F5 96 F7 EC 9F BF FF | T:894249 RPD:1
[CH: 50] LEN: 12 | HEX: F6 76 D7 00 8C E9 96 EF B0 70 BE AF | T:894293 RPD:1
[CH: 50] LEN: 12 | HEX: F6 76 FE EA 73 F9 96 F7 CE 8D BF FB | T:894324 RPD:1
[CH: 50] LEN: 12 | HEX: EA 76 EE ED 70 ED 96 F7 BB 83 BD FD | T:894327 RPD:1
[CH: 50] LEN: 12 | HEX: EA 76 EE FC 71 FF 96 F7 E7 66 BD 7B | T:894330 RPD:1
[CH: 50] LEN: 12 | HEX: FA 76 EE FB 76 ED 96 FE D1 9D B7 EB | T:894360 RPD:1
[CH: 50] LEN: 12 | HEX: F2 7E FD FE 77 BD B6 FE 8D 7E BF FD | T:894390 RPD:1
[CH: 50] LEN: 12 | HEX: FA 76 FE F9 74 FD 96 FE B8 7C BE E8 | T:894420 RPD:1
[CH: 50] LEN: 12 | HEX: F2 76 EE F7 72 FD 96 F7 95 86 BF EF | T:894480 RPD:1
[CH: 50] LEN: 12 | HEX: F6 66 F6 F6 6B BD 96 F6 C9 63 AF 6D | T:894510 RPD:1
[CH: 50] LEN: 12 | HEX: FE 76 F6 FD 74 F5 96 ED 3A 6D BF FF | T:894540 RPD:1
[CH: 50] LEN: 12 | HEX: F6 76 FF F4 79 FB 96 FF 60 88 BF CF | T:894570 RPD:1
[CH: 50] LEN: 12 | HEX: FA 76 FA E3 7E FD 96 F7 D6 71 BF DB | T:894600 RPD:1
[CH: 50] LEN: 12 | HEX: F6 76 F4 F2 7B 55 96 FB 0A 94 B5 57 | T:894630 RPD:1
[CH: 50] LEN: 12 | HEX: F6 76 FE F1 7A F5 96 FE 7F 9A B7 FB | T:894660 RPD:1
[CH: 50] LEN: 12 | HEX: FA 76 EE F0 7D F5 96 FE A3 7A BF F7 | T:894690 RPD:1
[CH: 50] LEN: 12 | HEX: F2 76 FE EE 62 F7 96 F6 8D 95 AA F7 | T:894720 RPD:1
[CH: 50] LEN: 12 | HEX: FA 76 FE EE 63 DD 96 FF D1 70 B7 DF | T:894750 RPD:1
[CH: 50] LEN: 12 | HEX: FA 76 FE ED 60 FD 96 FA A4 7E BF BF | T:894780 RPD:1
[CH: 50] LEN: 12 | HEX: FA 76 EA EC 61 ED 96 FD 78 9B AF 5D | T:894810 RPD:0
[CH: 50] LEN: 12 | HEX: FA 76 F4 EB 66 F5 96 EE 4E 62 BF 6F | T:894840 RPD:1
[CH: 50] LEN: 12 | HEX: F2 76 F5 EA 67 BD 96 FB 92 87 B7 FF | T:894870 RPD:0
[CH: 50] LEN: 12 | HEX: FA 76 FE E9 64 FD 96 F5 E7 89 B5 53 | T:894900 RPD:0
[CH: 50] LEN: 12 | HEX: FA 76 FE E8 65 E9 96 FF 3B 6C BD FE | T:894930 RPD:0
[CH: 50] LEN: 12 | HEX: FA 76 FE E7 6A FD 96 EF 8A 7B B6 D9 | T:894960 RPD:0
[CH: 50] LEN: 12 | HEX: F2 76 FE E6 6B DD 96 FF 56 9E BE FD | T:894990 RPD:0
[CH: 50] LEN: 12 | HEX: FA 76 FE E5 68 F9 96 FF 23 90 B7 FF | T:895020 RPD:0
[CH: 50] LEN: 12 | HEX: FA 76 F6 E4 69 E9 96 EF 5F 75 BF AB | T:895050 RPD:0
[CH: 50] LEN: 12 | HEX: FA 76 F4 E3 6E F5 96 F7 A9 8C B5 DB | T:895080 RPD:0
[CH: 50] LEN: 12 | HEX: FA 76 FE E2 6F FD 96 FF 15 69 BE FE | T:895110 RPD:0
[CH: 50] LEN: 12 | HEX: F2 76 FA E1 6C FD 96 FF 60 67 3D DA | T:895140 RPD:0
[CH: 50] LEN: 12 | HEX: F2 76 F6 E0 6D E9 96 EF BC 82 BD BD | T:895170 RPD:0
[CH: 50] LEN: 12 | HEX: FA 76 FE DF 52 F9 96 FD 2D 92 BD D7 | T:895200 RPD:0
[CH: 50] LEN: 12 | HEX: EA 76 FC DE 73 FD 96 FF CE 8D BD FE | T:895230 RPD:0
[CH: 50] LEN: 12 | HEX: FA 76 FE F9 70 F5 96 FF BB 83 BF D5 | T:895233 RPD:0
[CH: 50] LEN: 12 | HEX: FA 76 FE F8 71 FD 96 FF 67 66 B5 7D | T:895237 RPD:0
[CH: 50] LEN: 12 | HEX: FA 76 FE F3 76 ED 96 FB 51 9F BB 7B | T:895267 RPD:0
[CH: 50] LEN: 12 | HEX: FA 76 F4 FA 77 FD 96 FF 8D 7A BD EF | T:895297 RPD:0
[CH: 50] LEN: 12 | HEX: FA 76 FE F9 74 F9 96 FF F8 74 BF FF | T:895327 RPD:0
[CH: 50] LEN: 12 | HEX: FA 7B FF 00 81 FD 96 FB 43 FC BE F7 | T:895582 RPD:1
[CH: 50] LEN: 12 | HEX: FA 7B FF 00 81 F5 96 FF D3 FC BF EF | T:895583 RPD:1
[CH: 50] LEN: 12 | HEX: F9 77 5E FE FE 70 96 FF 23 2C BF B5 | T:895613 RPD:1
[CH: 50] LEN: 12 | HEX: F9 77 D5 79 EA 73 96 F5 54 AE AF 6F | T:895616 RPD:1
[CH: 50] LEN: 12 | HEX: F1 7F FD F5 FE 78 96 FF 23 2C AD F7 | T:895619 RPD:1
[CH: 50] LEN: 12 | HEX: F1 77 D4 FD FE 73 96 FE 94 AE BF EF | T:895630 RPD:1
[CH: 50] LEN: 12 | HEX: F9 77 FD FA FE 70 96 FA A3 2C BB BD | T:895630 RPD:1
[CH: 50] LEN: 12 | HEX: F9 77 74 EE FE 70 96 F6 23 2C BD BF | T:895642 RPD:1
[CH: 50] LEN: 12 | HEX: F9 77 FB F9 FE 73 96 FF 14 AE BE FD | T:895642 RPD:0
[CH: 50] LEN: 12 | HEX: F1 77 DD FA FE 70 96 FF 23 2C BB FF | T:895653 RPD:1
[CH: 50] LEN: 12 | HEX: F9 7F FD ED FE 78 96 FF 23 2C BD 6E | T:895665 RPD:1
[CH: 50] LEN: 12 | HEX: F9 77 FE F5 EE 73 96 FD 94 AE BF 77 | T:895665 RPD:0
[CH: 50] LEN: 12 | HEX: F1 77 BE F5 FE 70 96 F5 23 2C BF DF | T:895676 RPD:1
[CH: 50] LEN: 12 | HEX: F9 77 D6 F4 F6 70 96 FF 23 2C BF FF | T:895676 RPD:0
[CH: 50] LEN: 12 | HEX: F9 77 FF F9 FE 73 96 FF 94 AE BD FB | T:895688 RPD:1
[CH: 50] LEN: 12 | HEX: F5 77 BC F6 FE 70 96 F5 23 2C BF DB | T:895699 RPD:1
[CH: 50] LEN: 12 | HEX: F9 77 FC FD FF 73 96 FF 94 AE BB 4E | T:895699 RPD:0
[CH: 50] LEN: 12 | HEX: F9 77 DA F6 FE 70 96 F3 23 2C BF FB | T:895711 RPD:1
[CH: 50] LEN: 12 | HEX: F1 77 BC F5 FE 73 96 FB 14 AE BB FA | T:895711 RPD:0
[CH: 50] LEN: 12 | HEX: F9 77 5A FA FA 70 96 FF 23 2C BA DF | T:895722 RPD:1
[CH: 50] LEN: 12 | HEX: F1 77 DD F5 EA 73 96 FF D4 AE BE FF | T:895722 RPD:0
[CH: 50] LEN: 12 | HEX: F9 77 FD F6 FE 70 96 FF 23 2C AF F7 | T:895734 RPD:1
[CH: 50] LEN: 12 | HEX: F5 77 B5 E9 FE 73 96 EF 94 AE BF F7 | T:895745 RPD:1
[CH: 50] LEN: 12 | HEX: F9 77 DE F5 D6 73 96 F5 54 AE BF 7F | T:895745 RPD:0
[CH: 50] LEN: 12 | HEX: F9 77 BC FD FE 73 96 F5 94 AE BF FB | T:895757 RPD:1
[CH: 50] LEN: 12 | HEX: F5 77 7E FD EE 73 96 F7 54 AE BB DB | T:895757 RPD:0
[CH: 50] LEN: 12 | HEX: F5 77 AD F4 FE 70 96 F7 23 2C B6 ED | T:895768 RPD:1
[CH: 50] LEN: 12 | HEX: F1 77 B6 FD DE 73 96 FB 94 AE BB F7 | T:895768 RPD:0
[CH: 50] LEN: 12 | HEX: F5 77 F6 FE F6 70 96 FB 23 2C BF FE | T:895780 RPD:1
[CH: 50] LEN: 12 | HEX: F5 77 FA FE FC 70 96 EF A3 2C BD DB | T:895791 RPD:1
[CH: 50] LEN: 12 | HEX: E9 77 BE F4 F6 70 96 FB 23 2C BF 51 | T:895791 RPD:0
[CH: 50] LEN: 12 | HEX: F5 77 F6 FE F6 70 96 FB 23 2C B7 FD | T:895803 RPD:1
[CH: 50] LEN: 12 | HEX: F9 77 FE FE F6 70 96 EB 23 2C BF BF | T:895803 RPD:0
[CH: 50] LEN: 12 | HEX: F9 77 DA FD DD 73 96 FF 14 AE BF 7B | T:895814 RPD:1
[CH: 50] LEN: 12 | HEX: F5 77 F6 F6 EE 70 96 F7 23 2C BD FE | T:895825 RPD:1
[CH: 50] LEN: 12 | HEX: E9 77 FC ED EE 63 96 FF 14 AE BE DB | T:895826 RPD:1
[CH: 50] LEN: 12 | HEX: F5 77 FE FE FE 70 96 F6 A3 2C B7 EF | T:895837 RPD:1
[CH: 50] LEN: 12 | HEX: E9 77 BC F6 FE 70 96 FE A3 2C B7 FB | T:895837 RPD:0
[CH: 50] LEN: 12 | HEX: F5 77 EA F5 F6 73 96 F7 D4 AE BE FD | T:895848 RPD:1
[CH: 50] LEN: 12 | HEX: FD 77 BE FD FD 73 96 F7 D4 AC BB BB | T:895849 RPD:0
[CH: 50] LEN: 12 | HEX: E9 77 BE FA FE 70 96 F7 23 2C BD EF | T:895860 RPD:1
[CH: 50] LEN: 12 | HEX: FB 77 76 F5 DD 73 96 FE 94 AE BF 7E | T:895871 RPD:1
[CH: 50] LEN: 12 | HEX: F5 77 BA EE FE 70 96 EB 23 2C AF FE | T:895872 RPD:0
[CH: 50] LEN: 12 | HEX: F5 77 D6 FD FF 73 96 FE 94 AE AB FF | T:895883 RPD:1
[CH: 50] LEN: 12 | HEX: F1 77 7E FD DD 63 96 EF 54 AE BB AF | T:895883 RPD:0
[CH: 50] LEN: 12 | HEX: F9 77 74 EE F6 70 96 EB 23 2C BB 75 | T:895894 RPD:1
[CH: 50] LEN: 12 | HEX: F5 77 F6 F9 FD 73 96 FF 14 AE BD 5F | T:895895 RPD:0
[CH: 50] LEN: 12 | HEX: F5 77 FE FD FF 73 96 F7 94 AE BB FF | T:895906 RPD:1
[CH: 50] LEN: 12 | HEX: F5 77 F4 FD FD 73 96 FF 54 AE BF FF | T:895917 RPD:1
[CH: 50] LEN: 12 | HEX: F9 77 FC FE F6 70 96 FF A3 2C BF DF | T:895918 RPD:0
[CH: 50] LEN: 12 | HEX: E9 77 F4 FE FE 60 96 FB 23 2C BF FF | T:895929 RPD:1
[CH: 50] LEN: 12 | HEX: F5 77 EA FE FC 70 96 DD 23 2C B7 DF | T:895929 RPD:0
[CH: 50] LEN: 12 | HEX: E9 67 5E E9 DE 63 96 F7 D4 AE BE DF | T:895940 RPD:1
[CH: 50] LEN: 12 | HEX: F1 77 BE FD EA 70 96 FD A3 2C BF FD | T:895941 RPD:0
[CH: 50] LEN: 12 | HEX: F9 77 FA F5 DF 73 96 FF 54 AE AF EB | T:895952 RPD:1
[CH: 50] LEN: 12 | HEX: F5 77 F4 F6 EE 70 96 FB A3 2C BB DE | T:895963 RPD:1
[CH: 50] LEN: 12 | HEX: F1 77 BE FD FD 73 96 FB 94 AE BF FF | T:895964 RPD:1
[CH: 50] LEN: 12 | HEX: E9 77 FA FE FE 70 96 FF A3 2C B5 5F | T:895975 RPD:1
[CH: 50] LEN: 12 | HEX: F5 77 FE FA F6 70 96 F7 A3 2C BF FF | T:895975 RPD:0
[CH: 50] LEN: 12 | HEX: F5 77 F4 FB FD 73 96 F7 D4 AE BF FA | T:895986 RPD:1
[CH: 50] LEN: 12 | HEX: F5 77 DE E9 ED 73 96 F7 94 AE BF FF | T:895998 RPD:1
[CH: 50] LEN: 12 | HEX: F1 77 7E ED EA 70 96 EF 23 2C BF FB | T:895998 RPD:0
[CH: 50] LEN: 12 | HEX: F5 77 FC F5 EE 73 96 FE 94 AE BD F5 | T:896009 RPD:1
[CH: 50] LEN: 12 | HEX: E9 77 EA ED DE 73 96 FD 54 AE BF 6F | T:896010 RPD:0
[CH: 50] LEN: 12 | HEX: E9 77 AE F6 EE 70 96 FF A3 2C BD 7F | T:896021 RPD:1
[CH: 50] LEN: 12 | HEX: F5 77 7E E9 ED 73 16 FF 94 AE BF F7 | T:896021 RPD:0
[CH: 50] LEN: 12 | HEX: F5 77 F5 F6 FE 70 96 F6 A3 2C BF 73 | T:896032 RPD:1
[CH: 50] LEN: 12 | HEX: F9 77 FC E9 FC 73 96 EF 94 AE BF FB | T:896044 RPD:1
[CH: 50] LEN: 12 | HEX: F9 77 F6 FE FE 70 96 F7 23 2C BF EB | T:896044 RPD:0
[CH: 50] LEN: 12 | HEX: E9 77 5E F5 DE 73 96 F6 94 AE BF DF | T:896055 RPD:1
[CH: 50] LEN: 12 | HEX: FD 77 AE FE F6 70 96 F7 23 6C BE FD | T:896055 RPD:0
[CH: 50] LEN: 12 | HEX: F9 77 F4 FE FC 70 96 F7 A3 2C BB AA | T:896067 RPD:1
[CH: 50] LEN: 12 | HEX: F5 77 F6 FA FF 70 96 FB 23 2C AF FF | T:896067 RPD:0
[CH: 50] LEN: 12 | HEX: F5 77 B4 ED FE 73 96 FD 14 AE BF 5E | T:896078 RPD:1
[CH: 50] LEN: 12 | HEX: F5 77 F6 FF FE 73 96 FD 14 AE BB BF | T:896090 RPD:1
[CH: 50] LEN: 12 | HEX: F9 77 76 F6 FD 70 96 FD 23 2C BD AF | T:896090 RPD:0
[CH: 50] LEN: 12 | HEX: F5 77 FE EA FE 70 96 EB A3 2C AB BB | T:896101 RPD:1
[CH: 50] LEN: 12 | HEX: F5 77 5E EE EC 70 96 EF 23 2C B7 7B | T:896101 RPD:1
[CH: 50] LEN: 12 | HEX: F9 77 76 FD FD 73 96 F7 14 AF BB EF | T:896113 RPD:1
[CH: 50] LEN: 12 | HEX: F9 77 FE FD FE 73 96 FE 14 AE BE FF | T:896124 RPD:1
[CH: 50] LEN: 12 | HEX: FD 77 FA EE F4 70 96 FF 23 2C BB BD | T:896124 RPD:0
[CH: 50] LEN: 12 | HEX: E9 77 BE F5 DE 73 96 F7 D4 AE AE 7D | T:896136 RPD:1
[CH: 50] LEN: 12 | HEX: F5 77 76 FD DE 73 96 F7 94 AE BD FF | T:896136 RPD:0
[CH: 50] LEN: 12 | HEX: F5 77 F4 F6 EE 70 96 FE 23 2C BF FB | T:896147 RPD:1
[CH: 50] LEN: 12 | HEX: F5 77 F4 FD DC 73 96 FE 94 AE BF F7 | T:896147 RPD:0
[CH: 50] LEN: 12 | HEX: ED 77 BC FA F4 70 96 FB 23 2C BF FE | T:896159 RPD:1
[CH: 50] LEN: 12 | HEX: E9 77 FC FE FE 70 96 FF 23 6C BD F5 | T:896170 RPD:1
[CH: 50] LEN: 12 | HEX: F9 77 FA F9 DE 73 96 FF 54 AE BF FD | T:896170 RPD:0
[CH: 50] LEN: 12 | HEX: F9 77 D6 FB EC 73 96 FF 54 AE BF F6 | T:896182 RPD:1
[CH: 50] LEN: 12 | HEX: F5 77 F6 F6 EE 70 96 F7 23 2C BF 7B | T:896182 RPD:0
[CH: 50] LEN: 12 | HEX: F1 77 FA F5 F6 73 96 FE 94 AE BF FF | T:896193 RPD:1
[CH: 50] LEN: 12 | HEX: E9 77 FA EE EE 70 96 FE A3 2C BB FF | T:896193 RPD:0
[CH: 50] LEN: 12 | HEX: F5 77 F4 FD FD 73 96 FE 94 AE AA BF | T:896205 RPD:1
[CH: 50] LEN: 12 | HEX: F9 77 5A FE EE 70 96 F6 A3 2C BF 6E | T:896216 RPD:1
[CH: 50] LEN: 12 | HEX: F5 77 7A F5 FD 73 96 ED 94 AE BF FF | T:896216 RPD:0
[CH: 50] LEN: 12 | HEX: F5 77 76 EE EC 70 96 EF 23 2C BF 6F | T:896228 RPD:1
[CH: 50] LEN: 12 | HEX: F9 77 D7 FA F6 70 96 FB 23 2C BE D7 | T:896228 RPD:1
[CH: 50] LEN: 12 | HEX: F5 77 AE 00 00 71 96 EA 9C 55 BF BD | T:896256 RPD:1
[CH: 50] LEN: 12 | HEX: F0 6D EE 80 F4 FD 96 FF 6C 9D BF FF | T:896286 RPD:1
[CH: 50] LEN: 12 | HEX: F0 6D FD 00 FC FB 96 EB 6C 9E BB EF | T:896287 RPD:1
[CH: 50] LEN: 12 | HEX: F9 77 B5 00 00 71 96 FE 9C 55 BB FF | T:896556 RPD:1
[CH: 50] LEN: 12 | HEX: F5 77 FD 00 00 71 96 F7 9C 55 BF 6B | T:896556 RPD:1
[CH: 50] LEN: 12 | HEX: F4 6D EF 00 EA FD 96 FF 6C 9F BE FF | T:896586 RPD:1
[CH: 50] LEN: 12 | HEX: F4 6D FE 80 FE FD 96 EF 6C 9E AF 5F | T:896587 RPD:1
[CH: 50] LEN: 12 | HEX: E9 77 F7 00 00 71 96 EE 9C 55 FE FB | T:896855 RPD:1
[CH: 50] LEN: 12 | HEX: F5 77 DD 00 00 71 96 FB 5C 55 BD EF | T:896856 RPD:1
[CH: 50] LEN: 12 | HEX: F4 6D DF 00 F4 F5 96 FE EC 9F BE 7F | T:896886 RPD:1
[CH: 50] LEN: 12 | HEX: F4 6D DD 00 EE EB 96 FE 6C 9F BF FF | T:896887 RPD:1
[CH: 50] LEN: 12 | HEX: FA 76 FB 00 8C FD 96 FE B0 70 BF BF | T:897150 RPD:1
[CH: 50] LEN: 12 | HEX: F6 76 EE 80 8C F5 96 FE 30 70 BF FF | T:897151 RPD:1
[CH: 50] LEN: 12 | HEX: FA 76 FA E9 70 EB 96 F7 BB 43 BA F6 | T:897184 RPD:1
[CH: 50] LEN: 12 | HEX: EA 76 F6 F6 77 FB 96 FF 4D 7E BF FE | T:897248 RPD:1
[CH: 50] LEN: 12 | HEX: FA 76 FF F1 74 F9 96 F7 F8 74 BE BE | T:897278 RPD:1
[CH: 50] LEN: 12 | HEX: EA 76 FE F4 75 DD 96 EF 24 91 AF FF | T:897308 RPD:1
[CH: 50] LEN: 12 | HEX: F6 76 FA E7 7A E9 96 FF 55 86 BD B7 | T:897338 RPD:1
[CH: 50] LEN: 12 | HEX: F6 76 FA F6 73 DB 96 EB 49 63 BB FF | T:897368 RPD:1
[CH: 50] LEN: 12 | HEX: F6 76 EE E5 78 F5 96 F7 3A 6D BF FF | T:897398 RPD:1
[CH: 50] LEN: 12 | HEX: EA 76 F4 EC 79 FD 96 F7 60 88 BF FF | T:897428 RPD:1
[CH: 50] LEN: 12 | HEX: F2 76 F6 FB 74 FD 96 FE D6 71 BB FF | T:897458 RPD:1
[CH: 50] LEN: 12 | HEX: F6 76 F6 F2 7F 5D B6 EE 8A 94 BB AF | T:897488 RPD:1
[CH: 50] LEN: 12 | HEX: EE 76 F6 E9 7A ED 96 FE FE 9A BF AF | T:897518 RPD:1
[CH: 50] LEN: 12 | HEX: F2 76 D6 EF 62 F5 96 F5 8D 95 BA FF | T:897578 RPD:1
[CH: 50] LEN: 12 | HEX: FE 76 FE EE 63 FB 96 FF 51 70 B7 BB | T:897608 RPD:1
[CH: 50] LEN: 12 | HEX: FA 76 EE CD 60 FD 96 F7 A4 7E B7 77 | T:897638 RPD:0
[CH: 50] LEN: 12 | HEX: F2 76 FE EC 61 F9 96 F6 F0 9B B7 FD | T:897668 RPD:1
[CH: 50] LEN: 12 | HEX: EA 76 FE EB 66 FB 96 FE CE 62 BE EF | T:897698 RPD:1
[CH: 50] LEN: 12 | HEX: FA 7E FE EA 67 ED 96 FF 12 87 BF DF | T:897728 RPD:1
[CH: 50] LEN: 12 | HEX: F2 76 F6 E9 64 FD 96 FD E7 09 BF EF | T:897758 RPD:1
[CH: 50] LEN: 12 | HEX: FA 76 FE E7 EA FD 96 FD 0A 7B BF FF | T:897818 RPD:0
[CH: 50] LEN: 12 | HEX: FE 76 FF E6 6B E9 96 F6 D6 9E BF DF | T:897848 RPD:1
[CH: 50] LEN: 12 | HEX: EA 76 FA E5 68 F9 96 F7 23 90 BF BF | T:897878 RPD:0
[CH: 50] LEN: 12 | HEX: F2 76 F2 E4 69 DD 96 DE FB 75 BF EA | T:897908 RPD:0
[CH: 50] LEN: 12 | HEX: FE 76 FE E3 6E FD 96 F5 49 8C BF FF | T:897938 RPD:0
[CH: 50] LEN: 12 | HEX: F6 76 F6 E2 6E F5 96 F5 15 69 BA FB | T:897968 RPD:0
[CH: 50] LEN: 12 | HEX: EA 76 F4 DD 52 FD 96 FE AD 92 BF BF | T:898058 RPD:1
[CH: 50] LEN: 12 | HEX: FA 76 FE E5 70 FB 96 FF 7B 83 BF FF | T:898091 RPD:1
[CH: 50] LEN: 12 | HEX: FA 76 FE F4 71 DD 96 F6 E7 66 BD FF | T:898094 RPD:1
[CH: 50] LEN: 12 | HEX: F6 76 F6 FB 76 F5 96 FB 51 9E AE D7 | T:898125 RPD:1
[CH: 50] LEN: 12 | HEX: FA 76 FA F2 77 AB 96 FF 0D 7A B7 FE | T:898155 RPD:1
[CH: 50] LEN: 12 | HEX: FA 76 F6 F5 74 FB 96 FB D8 74 AE FF | T:898185 RPD:1
[CH: 50] LEN: 12 | HEX: FA 76 FE F0 75 F9 96 FF 24 91 AF FF | T:898215 RPD:1
[CH: 50] LEN: 12 | HEX: FA 76 FE E7 7A FD 96 FF 95 86 BE EE | T:898245 RPD:1
[CH: 50] LEN: 12 | HEX: FA 76 FE F6 7B FD 96 FF 49 63 BF 6F | T:898274 RPD:1
[CH: 50] LEN: 12 | HEX: FA 76 FE F5 78 FD 96 FF 3C 6D AF FE | T:898304 RPD:1
[CH: 50] LEN: 12 | HEX: F2 76 FE F4 79 FD 96 FE 90 88 BB 7F | T:898335 RPD:1
[CH: 50] LEN: 12 | HEX: FA 76 FE F3 7C FD 96 FF B6 71 BF F7 | T:898365 RPD:1
[CH: 50] LEN: 12 | HEX: FA 76 FA F2 7F F5 96 FF 0A 94 AD BD | T:898395 RPD:1
[CH: 50] LEN: 12 | HEX: FA 76 FE F1 7C FD 96 FF 7F 1A BF FD | T:898425 RPD:1
[CH: 50] LEN: 12 | HEX: FA 76 FE F0 7D FD 96 FF 23 7F BD F5 | T:898455 RPD:1
[CH: 50] LEN: 12 | HEX: F2 76 FA EF 62 FD 96 EE 0D 95 AF FF | T:898485 RPD:1
[CH: 50] LEN: 12 | HEX: F2 76 FE EE 63 DD 96 FF 51 70 AF FD | T:898514 RPD:1
[CH: 50] LEN: 12 | HEX: F2 76 EC ED 60 FD 96 F7 A4 7E B7 FF | T:898544 RPD:1
[CH: 50] LEN: 12 | HEX: FA 76 FE EC 61 FD 96 FD 70 9B FF 7E | T:898574 RPD:1
[CH: 50] LEN: 12 | HEX: FA 76 FE EB 66 FD 96 FE 4E 62 BF FF | T:898604 RPD:1
[CH: 50] LEN: 12 | HEX: F2 76 FE EA 67 EB 96 FF 52 87 3D F7 | T:898634 RPD:1
[CH: 50] LEN: 12 | HEX: F2 76 FE E9 64 FD 96 FE A7 89 BF FF | T:898664 RPD:1
[CH: 50] LEN: 12 | HEX: FA 76 FE E8 65 FD 96 FF 3B 6C AF F7 | T:898694 RPD:1
[CH: 50] LEN: 12 | HEX: F2 76 FE E7 6A FD 96 FF 0A 73 AF DF | T:898724 RPD:1
[CH: 50] LEN: 12 | HEX: F2 76 FE E6 6B D9 96 FF 56 9E BD D7 | T:898754 RPD:1
[CH: 50] LEN: 12 | HEX: FA 76 FE E5 68 FD 96 F6 A3 90 BF 7B | T:898784 RPD:1
[CH: 50] LEN: 12 | HEX: F2 76 F4 E4 69 D9 96 FF 5F 75 BF FE | T:898814 RPD:1
[CH: 50] LEN: 12 | HEX: FA 76 FE E2 6F E9 96 EE 95 69 BD 7B | T:898874 RPD:1
[CH: 50] LEN: 12 | HEX: FA 76 FD E1 6C F5 96 F6 60 67 BF FB | T:898904 RPD:1
[CH: 50] LEN: 12 | HEX: EA 76 EC E0 6D E9 96 F7 3C 82 AB FF | T:898934 RPD:1
[CH: 50] LEN: 12 | HEX: F2 76 FE DF 52 F5 96 FB 2D 92 BB FE | T:898964 RPD:1
[CH: 50] LEN: 12 | HEX: FA 76 F6 EA 73 D9 96 FF 4E 8D BF FF | T:898994 RPD:1
[CH: 50] LEN: 12 | HEX: F2 76 FE FD 70 FB 96 F5 BB 83 AF FF | T:898998 RPD:1
[CH: 50] LEN: 12 | HEX: F2 76 FE FC 71 FD 96 FF 67 66 BF FB | T:899002 RPD:1
[CH: 50] LEN: 12 | HEX: F2 76 FE F3 76 F5 96 FF 51 9F B7 BF | T:899032 RPD:1
[CH: 50] LEN: 12 | HEX: FA 76 F6 F2 77 BD 96 F5 8D 72 BF FF | T:899062 RPD:1
[CH: 50] LEN: 12 | HEX: F6 76 FE F1 74 FD 96 FE F8 74 BF AE | T:899092 RPD:1
[CH: 50] LEN: 12 | HEX: EA 76 FE F7 7A FD 96 FF 55 86 AD FD | T:899152 RPD:1
[CH: 50] LEN: 12 | HEX: FA 76 FC F6 7B FD 96 FF 49 63 AF 6A | T:899182 RPD:1
[CH: 50] LEN: 12 | HEX: F2 76 FE F5 78 FD 96 EE 3A 6D BF EF | T:899212 RPD:1
[CH: 50] LEN: 12 | HEX: F2 76 FE F4 79 FD 96 F7 E0 88 BF FF | T:899242 RPD:1
[CH: 50] LEN: 12 | HEX: FA 76 FE E3 7B F9 96 FF 96 71 BF DB | T:899272 RPD:1
[CH: 50] LEN: 12 | HEX: F2 76 FE F2 7D DD 96 EB 0A 94 AF 7A | T:899302 RPD:1
[CH: 50] LEN: 12 | HEX: F2 76 F5 F1 7C F5 96 EE FB 1A AA DF | T:899332 RPD:1
[CH: 50] LEN: 12 | HEX: F2 76 FE F0 7D FD 96 FB 23 7F AD FF | T:899362 RPD:1
[CH: 50] LEN: 12 | HEX: F2 76 FE EF 62 FD 96 FF 0D 95 AB FE | T:899392 RPD:1
[CH: 50] LEN: 12 | HEX: F2 76 FE EE 63 DB 96 FF 71 70 AF 7B | T:899422 RPD:1
[CH: 50] LEN: 12 | HEX: F2 76 FB ED 60 FD 96 FF 64 7E BF BF | T:899452 RPD:1
[CH: 50] LEN: 12 | HEX: FA 76 FE EC 61 FD 96 FF 78 9B AE FF | T:899482 RPD:1
[CH: 50] LEN: 12 | HEX: FA 76 F6 EA 67 FD 96 FF 12 87 AD FF | T:899542 RPD:1
[CH: 50] LEN: 12 | HEX: FA 7E F6 E9 64 F9 96 FF A7 89 BF FD | T:899572 RPD:1
[CH: 50] LEN: 12 | HEX: F2 76 FE E8 65 FD 96 FE 3B 6C AA FD | T:899602 RPD:1
[CH: 50] LEN: 12 | HEX: FA 76 FE E7 6A F5 96 FE CA 73 B7 FF | T:899632 RPD:1
[CH: 50] LEN: 12 | HEX: F2 76 FE E6 6B FD 96 F5 56 9E BD FE | T:899662 RPD:1
[CH: 50] LEN: 12 | HEX: FA 76 FA E5 68 FD 96 FF 23 90 AF FF | T:899692 RPD:1
[CH: 50] LEN: 12 | HEX: FA 76 FE E4 69 FD 96 FB AF 75 BF DD | T:899722 RPD:1
[CH: 50] LEN: 12 | HEX: F6 76 F6 E3 6E F9 96 FF A9 8C B5 FF | T:899752 RPD:1
[CH: 50] LEN: 12 | HEX: F2 76 FD E2 6F 6D 96 FE 95 69 AB FD | T:899782 RPD:1
[CH: 50] LEN: 12 | HEX: FA 76 F4 E1 6C F9 96 FF 60 67 3B AB | T:899812 RPD:1
[CH: 50] LEN: 12 | HEX: F2 76 FB E0 6D FB 96 FF 7C 82 AB FF | T:899842 RPD:1
[CH: 50] LEN: 12 | HEX: F2 76 FE DF 52 FD 96 F7 2D 92 AB FF | T:899872 RPD:1
[CH: 50] LEN: 12 | HEX: FA 76 FC FE 73 D9 96 FF 4E 8D AD FF | T:899902 RPD:1
[CH: 50] LEN: 12 | HEX: F2 76 FE F9 70 FD 96 FF BB 83 A5 FF | T:899905 RPD:1
[CH: 50] LEN: 12 | HEX: F2 76 FE FC 71 FD 96 F6 67 66 B6 FF | T:899909 RPD:1
[CH: 50] LEN: 12 | HEX: F2 76 FE F3 76 F5 96 F6 51 9F BF DA | T:899940 RPD:1
[CH: 50] LEN: 12 | HEX: FA 76 EE F2 77 FB 96 FF 8D 7A BF FB | T:899970 RPD:1
[CH: 50] LEN: 12 | HEX: EE 76 F4 E9 74 F5 96 FB 78 74 BD FF | T:899999 RPD:1
[CH: 50] LEN: 12 | HEX: FA 76 FA F0 75 ED 96 FA 24 91 AF FF | T:900029 RPD:1
[CH: 50] LEN: 12 | HEX: FA 76 FE F7 7A FD 96 FF D5 86 BF FF | T:900059 RPD:1
[CH: 50] LEN: 12 | HEX: FA 76 FE F6 7B ED 96 FE 49 63 BF DF | T:900089 RPD:1
[CH: 50] LEN: 12 | HEX: F2 76 FE F5 78 FD 96 FF 3C 6D BF FF | T:900119 RPD:1
[CH: 50] LEN: 12 | HEX: FA 76 F6 E4 79 FD 96 FF B0 88 AF EF | T:900150 RPD:1
[CH: 50] LEN: 12 | HEX: F6 76 F4 F3 7C F9 96 FF B6 71 AF FF | T:900180 RPD:1
[CH: 50] LEN: 12 | HEX: F6 76 FE E2 7D EB 96 FF 0A 94 BF BB | T:900210 RPD:1
[CH: 50] LEN: 12 | HEX: F2 76 FE F1 78 ED 96 F7 7B 1A BF ED | T:900240 RPD:1
[CH: 50] LEN: 12 | HEX: FA 76 F5 F0 7D FD 96 FB A3 7F AF AF | T:900270 RPD:1
[CH: 50] LEN: 12 | HEX: FA 76 F6 EF 62 F7 96 FF 0D 95 AE FF | T:900300 RPD:1
[CH: 50] LEN: 12 | HEX: FA 76 FE EE 63 FD 96 FE 91 70 BE DF | T:900330 RPD:1
[CH: 50] LEN: 12 | HEX: FA 76 EE ED 60 F5 96 FF 64 7E AD FB | T:900360 RPD:1
[CH: 50] LEN: 12 | HEX: FA 76 FE EC 61 FD 96 F6 78 9B BD FF | T:900390 RPD:1
[CH: 50] LEN: 12 | HEX: F2 76 FE EB 66 FD 96 EE 4E 62 AF EE | T:900419 RPD:1
[CH: 50] LEN: 12 | HEX: F2 76 FE EA 67 7B 96 F5 12 87 AF FA | T:900449 RPD:1
[CH: 50] LEN: 12 | HEX: FA 76 F6 E9 64 F9 96 EF E7 89 BE FD | T:900479 RPD:1
[CH: 50] LEN: 12 | HEX: FA 76 FA E8 65 F5 96 FE 3B 6C AF FF | T:900509 RPD:1
[CH: 50] LEN: 12 | HEX: FA 76 FE E7 6A FB 96 EF 0A 77 EB FF | T:900539 RPD:1
[CH: 50] LEN: 12 | HEX: F2 76 F6 E6 6B FD 96 FF 56 9E BD FF | T:900569 RPD:1
[CH: 50] LEN: 12 | HEX: FA 76 FE E4 69 FD 96 FA AF 75 BF 77 | T:900629 RPD:1
[CH: 50] LEN: 12 | HEX: F2 76 FE E3 6E EB 96 FF 69 8C AE F7 | T:900659 RPD:1
[CH: 50] LEN: 12 | HEX: FA 76 F5 E2 6F 55 96 FF 15 69 AF DE | T:900689 RPD:1
[CH: 50] LEN: 12 | HEX: F2 76 FA E1 6C FD 96 F6 60 67 BF FF | T:900719 RPD:1
[CH: 50] LEN: 12 | HEX: FA 76 FE E0 6D FD 96 F7 3C 82 BF FF | T:900749 RPD:1
[CH: 50] LEN: 12 | HEX: F2 76 FA DF 52 F5 96 FF 2D 92 BF FF | T:900779 RPD:1
[CH: 50] LEN: 12 | HEX: EA 76 F6 EE 73 FD 96 EF 4E 8D AF B2 | T:900809 RPD:1
[CH: 50] LEN: 12 | HEX: F2 76 FE FD 70 F9 96 FF 7B 83 AF DF | T:900813 RPD:1
[CH: 50] LEN: 12 | HEX: EA 76 F4 FC 71 FD 96 F6 67 66 AE BF | T:900817 RPD:1
