# TM102 live session port=/dev/cu.usbserial-0001 started=20260826-155751
[CH: 50] LEN: 12 | HEX: FA 76 FE EC 61 FE 95 FF 74 98 BF FE | T:149120 RPD:1
[CH: 50] LEN: 12 | HEX: FA 76 FE EB 66 FE 95 FF 42 61 AF 7F | T:149150 RPD:1
[CH: 50] LEN: 12 | HEX: FA 76 FE EA 67 FF 95 EF 1E 84 AF F7 | T:149180 RPD:1
[CH: 50] LEN: 12 | HEX: FA 76 FA E9 64 F6 95 FF 5B 8A BD FF | T:149210 RPD:1
[CH: 50] LEN: 12 | HEX: FA 76 FE E8 65 EE 95 FF 37 6F 37 FE | T:149240 RPD:1
[CH: 50] LEN: 12 | HEX: FA 76 F4 E7 6A FE 95 FF 86 78 BF FF | T:149270 RPD:1
[CH: 50] LEN: 12 | HEX: F2 76 F6 E6 6B D6 95 FF 5A 9D BF F7 | T:149300 RPD:1
[CH: 50] LEN: 12 | HEX: F2 76 FE E5 68 FE 95 EA 2E 93 BF EF | T:149330 RPD:1
[CH: 50] LEN: 12 | HEX: F2 76 FE E4 69 FE 95 EB F3 76 BD FD | T:149360 RPD:1
[CH: 50] LEN: 12 | HEX: FA 76 EA E3 6E EC 95 ED C5 8E BA DF | T:149390 RPD:1
[CH: 50] LEN: 12 | HEX: F2 76 F6 E2 6F EE 95 FF 19 6A B7 EF | T:149420 RPD:1
[CH: 50] LEN: 12 | HEX: F2 76 F6 E1 6C FA 95 FE EC 64 BF 7B | T:149450 RPD:1
[CH: 50] LEN: 12 | HEX: EE 76 EC E0 6D D4 95 EB B0 81 F5 B6 | T:149480 RPD:1
[CH: 50] LEN: 12 | 
HEX: FA 76 FB DE 52 FE 95 FF 21 91 BF DF | T:149510 RPD:1
[CH: 50] LEN: 12 | HEX: FA 76 FE FE 73 D6 95 FF 42 8E B7 FF | T:149540 RPD:1
[CH: 50] LEN: 12 | HEX: F2 76 F4 E9 78 FE 95 D7 B7 80 BF FF | T:149544 RPD:1
[CH: 50] LEN: 12 | HEX: FA 76 F5 F6 71 FE 95 FF 6B 65 BF DF | T:149548 RPD:1
[CH: 50] LEN: 12 | HEX: FA 76 F4 FB 76 FE 95 FF 5D 9C BB FD | T:149559 RPD:1
[CH: 50] LEN: 12 | HEX: FA 76 FE FA 77 AA 95 DE C1 79 BF FF | T:149559 RPD:0
[CH: 50] LEN: 12 | HEX: FA 76 FE F9 74 FE 95 FF DC 77 BF FF | T:149570 RPD:1
[CH: 50] LEN: 12 | HEX: FA 76 FE F8 75 D6 95 D7 28 92 B7 DE | T:149571 RPD:0
[CH: 50] LEN: 12 | HEX: F2 76 FA F7 7A FE 95 FF 99 85 BD FD | T:149582 RPD:0
[CH: 50] LEN: 12 | HEX: FA 76 FC F6 7B EA 95 FF 45 60 BF FD | T:149596 RPD:1
[CH: 50] LEN: 12 | HEX: F2 76 F6 E5 78 EA 95 BD B0 6E BF E8 | T:149626 RPD:1
[CH: 50] LEN: 12 | HEX: FA 76 F6 F4 79 FE 95 F5 6C 8B BF EF | T:149656 RPD:1
[CH: 50] LEN: 12 | HEX: FA 76 FE FB 7E FE 95 FF DA 72 B5 FF | T:149686 RPD:1
--- radio registers ---
  CONFIG   0x77   CRC off (good), PWR_UP yes, PRIM_RX yes
  EN_AA    0x00   auto-ack disabled (good)
  SETUP_AW 0x03   address width 5 bytes — addressed mode (good)
  RF_CH    0x32   2450 MHz
  RF_SETUP 0x01   rate 1 Mbps (good)
  bait address: 00 00
-----------------------

============================================================
  SELF-TEST: PASS
  The radio is configured and listening correctly.

  Channel is already known: RF_CH 50 (2450 MHz).
  Address is known: 18 18 18 18 3A, CRC off.

  DO THIS NEXT:  type  n  — addressed capture.
  Or just run  python3 tools/live.py  which does it for you.

  ('f' re-hunts the channel, only if F4 changes.
   'k' and 'd' are the older promiscuous path.)
============================================================
[CH: 50] LEN: 12 | HEX: FA 76 FE F1 78 FE 95 D7 73 99 BF FF | T:149788 RPD:1
[CH: 50] LEN: 12 | HEX: FA 76 FA F8 79 FE 95 FD AE 7C AF FB | T:149788 RPD:1
[CH: 50] LEN: 12 | HEX: FA 76 F5 EF 62 F5 95 FF 01 96 BF FF | T:149806 RPD:1
[CH: 50] LEN: 12 | HEX: FA 76 FA EE 63 D6 95 FF DD 73 BF FF | T:149836 RPD:1
[CH: 50] LEN: 12 | HEX: FA 76 FE ED 60 FE 95 F5 28 7D BF 6F | T:149866 RPD:1
[CH: 50] LEN: 12 | HEX: FA 76 FE EC 61 EC 95 F5 74 98 BF FF | T:149896 RPD:1
[CH: 50] LEN: 12 | HEX: F2 76 F6 EB 66 FE 95 FD 42 61 BF FF | T:149926 RPD:1
[CH: 50] LEN: 12 | HEX: FA 76 FA EA 67 FF 95 FF 5E 84 BF EE | T:149955 RPD:1
[CH: 50] LEN: 12 | HEX: FA 76 FE E9 64 EE 95 F7 AB 8A BF FF | T:149985 RPD:1
[CH: 50] LEN: 12 | HEX: EA 76 FA E8 65 FE 95 F5 37 6F 37 FF | T:150015 RPD:1
[CH: 50] LEN: 12 | HEX: FA 76 FE E7 6A FC 95 FD 86 78 BF FB | T:150045 RPD:1
[CH: 50] LEN: 12 | HEX: FA 76 FE E6 6B EA 95 FF 5A 9D BF BA | T:150075 RPD:1
[CH: 50] LEN: 12 | HEX: FA 76 FC E5 68 FC 95 F5 2F 93 B7 FF | T:150105 RPD:1
[CH: 50] LEN: 12 | HEX: FA 76 FC E4 69 FE 95 FF F3 76 BF BF | T:150135 RPD:1
[CH: 50] LEN: 12 | HEX: FA 76 FE E3 6E FE 95 FF A5 8F BA FE | T:150165 RPD:1
[CH: 50] LEN: 12 | HEX: FA 76 FE E2 6F FD 95 FF 19 6A B7 DF | T:150195 RPD:1
[CH: 50] LEN: 12 | HEX: FA 76 FE E1 6C FE 95 FF 6C 64 BF EF | T:150225 RPD:1
[CH: 50] LEN: 12 | HEX: F2 76 F6 E0 6D FE 95 D5 B0 81 BD FE | T:150255 RPD:1
[CH: 50] LEN: 12 | HEX: FA 76 FC DF 52 F4 95 FF 21 91 BF FA | T:150285 RPD:1
[CH: 50] LEN: 12 | HEX: F2 76 FC F6 73 FE 95 EB C2 8E BF FF | T:150315 RPD:1
[CH: 50] LEN: 12 | HEX: FA 76 F6 F5 70 FC 95 FF B7 80 BB F5 | T:150319 RPD:1
[CH: 50] LEN: 12 | HEX: FA 76 FE FC 71 FE 95 EF 6B 65 AA AB | T:150322 RPD:1
[CH: 50] LEN: 12 | HEX: FA 76 FE F3 76 FE 95 FF 5D 9C BF BF | T:150333 RPD:1
[CH: 50] LEN: 12 | HEX: FA 76 FE FA 77 FE 95 FF 81 79 BF FA | T:150334 RPD:1
[CH: 50] LEN: 12 | HEX: FA 76 FE F9 74 FA 95 FF F4 77 BF 52 | T:150345 RPD:1
[CH: 50] LEN: 12 | HEX: FA 76 FE F8 75 FE 95 FD 28 92 BF F7 | T:150345 RPD:0
[CH: 50] LEN: 12 | HEX: FA 76 FE F7 7A FE 95 FF 99 85 BF FF | T:150356 RPD:1
[CH: 50] LEN: 12 | HEX: FA 76 FA F6 7B FE 95 FF 45 60 BF FB | T:150368 RPD:1
[CH: 50] LEN: 12 | HEX: F2 76 EC F5 78 FE 95 FF 30 6E BD 7D | T:150376 RPD:1
[CH: 50] LEN: 12 | HEX: FA 76 FC F4 79 FE 95 FF CC 8B BD FF | T:150406 RPD:1
[CH: 50] LEN: 12 | HEX: FA 76 F4 D3 7E FA 95 FF BA 72 BD FF | T:150436 RPD:1
[CH: 50] LEN: 12 | HEX: FA 76 FC F2 7F F5 95 AF 06 97 BD DD | T:150466 RPD:1
[CH: 50] LEN: 12 | HEX: F2 76 FE F1 7C F5 95 FF 73 99 BF FD | T:150496 RPD:1
[CH: 50] LEN: 12 | HEX: FA 76 EE F0 79 FE 95 FF AE 7C BB AD | T:150526 RPD:1
[CH: 50] LEN: 12 | HEX: FA 76 FA EF 62 FE 95 F7 01 96 B7 EF | T:150556 RPD:1
[CH: 50] LEN: 12 | HEX: FA 76 FC EE 63 FE 95 FF DD 73 BF 7B | T:150586 RPD:1
[CH: 50] LEN: 12 | HEX: FA 7E FE ED 60 FE 95 FF A8 7D BF 7F | T:150616 RPD:1
[CH: 50] LEN: 12 | HEX: FA 76 FE EC 61 FE 95 FA 74 98 AF EF | T:150646 RPD:1
[CH: 50] LEN: 12 | HEX: FA 76 FE EB 66 FE 95 FF 42 61 BF 77 | T:150676 RPD:1
[CH: 50] LEN: 12 | HEX: FA 76 FE EA 67 FE 95 FD 9E 84 B7 F7 | T:150706 RPD:1
[CH: 50] LEN: 12 | HEX: FA 76 FE E9 64 FE 95 EA EB 4A BF FD | T:150736 RPD:1
[CH: 50] LEN: 12 | HEX: FA 76 FE E8 65 FA 95 EA 37 6E BD F6 | T:150766 RPD:1
[CH: 50] LEN: 12 | HEX: FA 76 FE E7 6A EA 95 D5 86 70 AD FB | T:150796 RPD:1
[CH: 50] LEN: 12 | HEX: F2 76 F6 E6 6B FE 95 FF 5A 9D BF B7 | T:150826 RPD:1
[CH: 50] LEN: 12 | HEX: FA 76 FE E5 68 FE 95 FF 2F 93 BD AB | T:150856 RPD:1
[CH: 50] LEN: 12 | HEX: F2 76 FE E4 69 FE 95 FF F3 76 BF FF | T:150886 RPD:1
[CH: 50] LEN: 12 | HEX: FA 76 FA E3 6E FC 95 DB C5 8F BB AF | T:150916 RPD:1
locked RF_CH 50 (2450 MHz)
[CH: 50] LEN: 12 | HEX: FA 76 FC E2 6F FE 95 FF 19 6A BF FF | T:150946 RPD:1
[CH: 50] LEN: 12 | HEX: FA 76 FE E1 6C F6 95 FF 6C 64 BF EF | T:150976 RPD:1
[CH: 50] LEN: 12 | HEX: FA 76 FE E0 6D FA 95 EB 30 81 B7 FE | T:151006 RPD:1
[CH: 50] LEN: 12 | HEX: F2 76 FE DF 52 FE 95 F7 21 91 BB BF | T:151036 RPD:1
[CH: 50] LEN: 12 | HEX: FA 76 FE FE 73 FE 95 FB C2 8E BF FF | T:151066 RPD:1
[CH: 50] LEN: 12 | HEX: FA 76 FA FD 70 FD 95 F5 37 80 B6 D7 | T:151069 RPD:1
[CH: 50] LEN: 12 | HEX: EA 76 FA F4 71 FE 95 F7 6B 65 BE BE | T:151073 RPD:1
[CH: 50] LEN: 12 | HEX: FA 76 FC F3 76 FE 95 FF 5D 9C BD EF | T:151085 RPD:1
[CH: 50] LEN: 12 | HEX: FA 76 FE FA 77 DE 95 FF 81 7D BF FB | T:151085 RPD:0
[CH: 50] LEN: 12 | HEX: FA 76 FE F9 74 FE 95 FF DC 77 BF 7F | T:151096 RPD:0
[CH: 50] LEN: 12 | HEX: FA 76 EA F8 75 FA 95 FF 28 92 BF EA | T:151115 RPD:1
[CH: 50] LEN: 12 | HEX: FA 76 FA F7 7A FE 95 FF 99 85 BF F7 | T:151118 RPD:1
[CH: 50] LEN: 12 | HEX: FA 76 FB F6 7B FA 95 FF 45 60 BF AF | T:151122 RPD:1
[CH: 50] LEN: 12 | HEX: FA 76 FC F5 78 EE 95 D7 30 6E B5 77 | T:151153 RPD:1
[CH: 50] LEN: 12 | HEX: FA 76 FE F4 79 EA 95 EF EC 8B BF EF | T:151183 RPD:1
[CH: 50] LEN: 12 | HEX: FA 76 FC F3 7C FE 95 FF FA 72 BE FA | T:151213 RPD:1
[CH: 50] LEN: 12 | HEX: FA 76 FC F2 7F F4 95 F7 06 97 AF 7E | T:151243 RPD:1
[CH: 50] LEN: 12 | HEX: FA 76 FE E1 7C FE 95 FF 73 99 BD 7F | T:151273 RPD:1
[CH: 50] LEN: 12 | HEX: F2 76 FA F0 7D ED 95 FF 6F 7C BF FF | T:151303 RPD:1

Addressed capture: 5-byte address 18 18 18 18 3A, CRC off.
Every line below matched all 40 address bits in hardware.
Byte 0 is payload p0. Press x to stop.

[CH: 50] LEN: 12 | HEX: FA 76 FE EE 63 FE 95 FF DD 73 FF FB | T:151363 RPD:1
[CH: 50] LEN: 12 | HEX: FA 76 FE ED 60 FE 95 FF A8 79 B7 77 | T:151392 RPD:1
[CH: 50] LEN: 12 | HEX: FA 76 FE EC 61 FE 95 FF 74 98 BF FA | T:151422 RPD:1
[CH: 50] LEN: 12 | HEX: FA 76 F6 EB 66 EA 95 AA 42 61 BF FC | T:151452 RPD:1
[CH: 50] LEN: 12 | HEX: F2 76 FE EA 67 FE 95 FF 9E 84 BF FF | T:151482 RPD:1
[CH: 50] LEN: 12 | HEX: FA 76 FC E9 64 F6 95 FB CB 8A BF FF | T:151512 RPD:1
[CH: 50] LEN: 12 | HEX: FA 76 FE E8 65 FE 95 EF 37 6F AE FA | T:151542 RPD:1
[CH: 50] LEN: 12 | HEX: FA 76 F4 E7 6A F4 95 D5 86 70 BF 6F | T:151572 RPD:1
[CH: 50] LEN: 12 | HEX: FA 76 FE E6 6B FE 95 FF 5A 9D BF FF | T:151602 RPD:1
[CH: 50] LEN: 12 | HEX: FA 76 FC E5 68 FE 95 FF 2F 93 BF BD | T:151632 RPD:1
[CH: 50] LEN: 12 | HEX: FA 76 FA E4 69 F6 95 FA CB 76 BB AA | T:151662 RPD:1
[CH: 50] LEN: 12 | HEX: FA 76 F6 E3 6E FE 95 EE A5 8F 3F FB | T:151692 RPD:1
[CH: 50] LEN: 12 | HEX: F2 76 FE E2 6F 5E 95 F5 19 6A BD BF | T:151722 RPD:1
[CH: 50] LEN: 12 | HEX: F2 76 FE E1 6C F6 95 FF 6C 64 BF FD | T:151752 RPD:1
[CH: 50] LEN: 12 | HEX: FA 76 FE E0 6D F4 95 FF B0 81 BE EF | T:151782 RPD:1
[CH: 50] LEN: 12 | HEX: FA 76 FE FE 73 FE 95 FF C2 8E B7 5F | T:151842 RPD:1
[CH: 50] LEN: 12 | HEX: FA 76 FE FD 70 FA 95 FF B7 80 B7 FF | T:151846 RPD:1
[CH: 50] LEN: 12 | HEX: FA 76 FE F4 71 FE 95 FF 6B 65 BF EF | T:151849 RPD:1
[CH: 50] LEN: 12 | HEX: FA 76 FE FB 76 FC 95 D7 59 9C BF DA | T:151860 RPD:1
[CH: 50] LEN: 12 | HEX: FA 76 FC FA 77 5E 95 F7 41 79 B7 EF | T:151860 RPD:0
[CH: 50] LEN: 12 | HEX: FA 76 FE F1 74 FE 95 FF E4 77 A5 AE | T:151872 RPD:1
[CH: 50] LEN: 12 | HEX: FA 76 FE F7 7A F6 95 FF 99 85 A4 9B | T:151872 RPD:0
[CH: 50] LEN: 12 | HEX: FA 76 FC F6 7B FE 95 F6 45 60 BF 7E | T:151883 RPD:0
[CH: 50] LEN: 12 | HEX: FA 76 FA F5 78 FE 95 FF 30 6E BF FF | T:151900 RPD:1
[CH: 50] LEN: 12 | HEX: F2 76 FA F4 79 F6 95 FB EC 8B BF 7F | T:151930 RPD:1
[CH: 50] LEN: 12 | HEX: FA 76 FE F3 7E FC 95 FB DA 72 B7 FF | T:151960 RPD:1
[CH: 50] LEN: 12 | HEX: F2 76 FE F2 7B EA 95 FF 06 97 B5 7F | T:151990 RPD:1
[CH: 50] LEN: 12 | HEX: FA 76 FA F1 7A FE 95 DF 73 99 BF BB | T:152020 RPD:1
[CH: 50] LEN: 12 | HEX: FA 76 FE F0 7D FA 95 FF 6F 7C BF FF | T:152050 RPD:1
[CH: 50] LEN: 12 | HEX: F2 76 FE EF 62 FE 95 FF 01 96 AA FB | T:152080 RPD:1
[CH: 50] LEN: 12 | HEX: EA 76 FE EE 63 D5 95 FF 9D 73 EB DE | T:152110 RPD:1
[CH: 50] LEN: 12 | HEX: FA 76 FE ED 60 FE 95 F7 A8 79 BF FE | T:152140 RPD:1
[CH: 50] LEN: 12 | HEX: FA 76 FE EC 61 F5 95 FF 74 98 BE FF | T:152170 RPD:1
[CH: 50] LEN: 12 | HEX: F2 76 FC EB 66 FA 95 FD C2 61 BD 7D | T:152200 RPD:1
[CH: 50] LEN: 12 | HEX: FA 76 F6 EA 67 FD 95 EB 9E 84 B7 F7 | T:152230 RPD:1
[CH: 50] LEN: 12 | HEX: FA 76 FE E9 64 FE 95 FF FB 8A BB 75 | T:152260 RPD:1
[CH: 50] LEN: 12 | HEX: FA 76 F5 E8 65 FA 95 F7 37 6F BF FF | T:152290 RPD:1
[CH: 50] LEN: 12 | HEX: FA 76 FC E7 6A F6 95 6F 86 70 B2 B5 | T:152320 RPD:1
[CH: 50] LEN: 12 | HEX: F2 76 FE E6 6B F5 95 FF 5A 9D BF 77 | T:152350 RPD:1
[CH: 50] LEN: 12 | HEX: F2 76 FE E5 68 FA 95 FB 2F 93 BE F7 | T:152380 RPD:1
[CH: 50] LEN: 12 | HEX: FA 76 FA E4 69 FE 95 FE A3 76 BD FB | T:152410 RPD:1
[CH: 50] LEN: 12 | HEX: FA 76 FE E3 6E FC 95 D6 C5 8F 2F FF | T:152440 RPD:1
[CH: 50] LEN: 12 | HEX: FA 76 F5 E2 6F FE 95 FE 99 6A B7 EF | T:152470 RPD:1
[CH: 50] LEN: 12 | HEX: FA 76 FE E1 6C F4 95 FE EC 64 BF FE | T:152500 RPD:1
[CH: 50] LEN: 12 | HEX: FA 76 FD E0 6D FE 95 CF 30 81 BB 5B | T:152530 RPD:1
[CH: 50] LEN: 12 | HEX: FA 76 F5 DE 52 FE 95 D7 21 91 BF BD | T:152560 RPD:1
[CH: 50] LEN: 12 | HEX: FA 76 F6 FB 70 FC 95 FF F7 80 BE FF | T:152593 RPD:0
[CH: 50] LEN: 12 | HEX: FA 76 FD F4 71 FE 95 EB 6A 65 AB 7E | T:152597 RPD:1
[CH: 50] LEN: 12 | HEX: FA 76 FE FA 77 BD 95 D7 81 79 AB 3A | T:152605 RPD:0
[CH: 50] LEN: 12 | HEX: FA 76 FE F9 74 FC 95 FF AC 77 AF FF | T:152609 RPD:0
[CH: 50] LEN: 12 | HEX: F2 76 FC F8 75 FF 95 F5 28 92 BF 6F | T:152640 RPD:0
[CH: 50] LEN: 12 | HEX: FA 76 FA F7 7A FA 95 FF 99 85 BB EF | T:152643 RPD:0
[CH: 50] LEN: 12 | HEX: FA 76 FB F6 7B FF 95 FF 45 60 BB DC | T:152674 RPD:0
[CH: 50] LEN: 12 | HEX: FA 76 F6 ED 78 D5 95 53 30 6E A6 2A | T:152704 RPD:0
[CH: 50] LEN: 12 | HEX: FA 76 FA F3 7A FC 95 FF 7A 72 BB FF | T:152764 RPD:0
[CH: 50] LEN: 12 | HEX: F6 76 FE F1 78 FE 95 FF 73 99 BF 7E | T:152824 RPD:0
[CH: 50] LEN: 12 | HEX: F6 76 FE F0 79 D6 95 FF AF F4 BB FF | T:152854 RPD:0
[CH: 50] LEN: 12 | HEX: FA 76 EE EE 63 FA 95 DD 1D 72 BB BF | T:152913 RPD:1
[CH: 50] LEN: 12 | HEX: FA 76 FD ED 60 FE 95 FF 68 7D B7 FF | T:152943 RPD:1
[CH: 50] LEN: 12 | HEX: FA 76 F4 E8 61 FA 95 FD 74 98 BD 7F | T:152973 RPD:1
[CH: 50] LEN: 12 | HEX: FA 76 F6 EB 66 FE 95 FE C2 61 BF FF | T:153003 RPD:1
[CH: 50] LEN: 12 | HEX: FA 76 FE EA 67 FA 95 EB 9E 84 AF F5 | T:153033 RPD:1
[CH: 50] LEN: 12 | HEX: F2 76 FE E9 64 FD 95 FF 9B 8A B7 FE | T:153063 RPD:1
[CH: 50] LEN: 12 | HEX: EA 76 FA E8 65 EC 95 FD 37 6E AE F7 | T:153093 RPD:1
[CH: 50] LEN: 12 | HEX: F2 76 F4 E7 6A FE 95 EE 86 70 BD FF | T:153123 RPD:1
[CH: 50] LEN: 12 | HEX: EE 76 FE E6 6B DD 95 FE DA 9D AF FB | T:153153 RPD:1
[CH: 50] LEN: 12 | HEX: FA 76 F4 E5 68 FA 95 EA AF 93 BD EF | T:153183 RPD:1
[CH: 50] LEN: 12 | HEX: EA 76 FE E4 69 FD 95 FF F3 76 AF FD | T:153213 RPD:1
[CH: 50] LEN: 12 | HEX: F6 76 FE E3 6E FE 95 FE 85 8F 3B EF | T:153243 RPD:1
[CH: 50] LEN: 12 | HEX: F6 76 EE E2 6F F6 95 F6 99 6A BE FB | T:153273 RPD:1
[CH: 50] LEN: 12 | HEX: F6 76 F6 E1 6C FE 95 DD 6C 64 BF 77 | T:153303 RPD:1
[CH: 50] LEN: 12 | HEX: FA 76 FE F0 6D FD 95 FE B0 81 BF BD | T:153333 RPD:1
[CH: 50] LEN: 12 | HEX: FA 76 F6 DF 52 FE 95 D5 21 91 BF FE | T:153363 RPD:1
[CH: 50] LEN: 12 | HEX: FA 76 F5 FE 73 DF 95 FA A2 8E BB 77 | T:153393 RPD:1
[CH: 50] LEN: 12 | HEX: F2 76 FE FD 70 FE 95 F7 37 80 BE F7 | T:153397 RPD:1
[CH: 50] LEN: 12 | HEX: FA 76 F6 F6 71 FD 95 FE EB 65 BE BF | T:153401 RPD:1
[CH: 50] LEN: 12 | HEX: F2 76 FA FB 76 FA 95 FF 5D 9C BD BF | T:153412 RPD:1
[CH: 50] LEN: 12 | HEX: FA 76 FA F2 77 D6 95 F6 81 79 BF 7E | T:153412 RPD:0
[CH: 50] LEN: 12 | HEX: F6 76 FE E9 74 FA 95 FF 74 77 BB FB | T:153424 RPD:1
[CH: 50] LEN: 12 | HEX: F2 76 FA F8 75 F5 95 EE 28 92 BF F7 | T:153424 RPD:0
[CH: 50] LEN: 12 | HEX: F2 76 FE F7 7A FE 95 FE 99 85 BD EF | T:153435 RPD:0
[CH: 50] LEN: 12 | HEX: FA 76 EE E5 78 FE 95 FE 30 6E BF F7 | T:153454 RPD:1
[CH: 50] LEN: 12 | HEX: FA 76 FA F4 79 DE 95 FF AC 8B BE FF | T:153484 RPD:1
[CH: 50] LEN: 12 | HEX: EE 76 F4 E3 76 EE 95 D6 DA 72 BF FF | T:153514 RPD:1
[CH: 50] LEN: 12 | HEX: FA 76 F4 F2 7F DE 95 EF 06 97 BF 7F | T:153544 RPD:1
[CH: 50] LEN: 12 | HEX: F2 76 F6 E1 7C EA 95 FE F3 99 BF FF | T:153574 RPD:1
[CH: 50] LEN: 12 | HEX: F2 76 FE E0 7D EE 95 FE EF 7A BD EB | T:153604 RPD:1
[CH: 50] LEN: 12 | HEX: F6 76 F6 EF 62 EC 95 F6 81 96 BF AA | T:153634 RPD:1
[CH: 50] LEN: 12 | HEX: FA 76 FE EE 63 F6 95 EF 5D 73 BF 5F | T:153664 RPD:1
[CH: 50] LEN: 12 | HEX: F2 76 EA ED 60 FE 95 FF 68 7D BF BF | T:153694 RPD:1
[CH: 50] LEN: 12 | HEX: FA 76 FE EC 61 FE 95 F5 74 98 BF FF | T:153724 RPD:1
[CH: 50] LEN: 12 | HEX: FA 76 FE EB 66 F4 95 FF 42 61 BF FF | T:153754 RPD:1
[CH: 50] LEN: 12 | HEX: FA 76 F5 EA 67 FE 95 FF 1E 84 BB 7F | T:153784 RPD:1
[CH: 50] LEN: 12 | HEX: F2 76 FE E9 64 FE 95 FF 9B 8A BF 5B | T:153814 RPD:1
[CH: 50] LEN: 12 | HEX: F2 76 FE E8 65 FA 95 FB 37 6F BF D6 | T:153844 RPD:1
[CH: 50] LEN: 12 | HEX: FA 76 FE E7 6A EA 95 D5 46 70 BA 97 | T:153874 RPD:1
[CH: 50] LEN: 12 | HEX: FA 76 FE E6 6B FE 95 FF 5A 9D BA D5 | T:153904 RPD:1
[CH: 50] LEN: 12 | HEX: FA 76 FE E5 68 FE 95 EF 2F 93 B6 FD | T:153934 RPD:1
[CH: 50] LEN: 12 | HEX: F2 76 FE E4 69 D6 95 FE A3 76 BF F7 | T:153964 RPD:1
[CH: 50] LEN: 12 | HEX: EA 76 F4 E3 6E F4 95 D5 45 8E BF FF | T:153994 RPD:1
[CH: 50] LEN: 12 | HEX: F2 76 FE E2 6F 7A 95 EE 19 6A AD 5A | T:154024 RPD:1
[CH: 50] LEN: 12 | HEX: FA 76 FE F1 6C FE 95 DE EC 64 BB FE | T:154054 RPD:1
[CH: 50] LEN: 12 | HEX: FA 76 FE E0 6D FC 95 FF B0 81 B2 DA | T:154084 RPD:1
[CH: 50] LEN: 12 | HEX: FA 76 FE DF 52 FD 95 FF 21 91 BF FF | T:154114 RPD:1
[CH: 50] LEN: 12 | HEX: FA 76 F4 FE 73 D4 95 FD 22 8E AF FF | T:154144 RPD:1
[CH: 50] LEN: 12 | HEX: FA 76 FC FD 70 FE 95 FA B7 80 AF FB | T:154147 RPD:1
[CH: 50] LEN: 12 | HEX: F2 76 FA EC 79 FE 95 FF 6B 65 BF FD | T:154177 RPD:1
[CH: 50] LEN: 12 | HEX: FA 76 FE FB 76 EE 95 FF 5D 9C B7 EF | T:154181 RPD:1
[CH: 50] LEN: 12 | HEX: FA 76 FE F2 77 FE 95 FF 81 79 BF DE | T:154184 RPD:1
[CH: 50] LEN: 12 | HEX: FA 76 F5 F9 74 FA 95 FF 54 77 BD DF | T:154196 RPD:1
[CH: 50] LEN: 12 | HEX: FA 76 FE F8 75 FE 95 EA 28 92 BF FB | T:154196 RPD:0
[CH: 50] LEN: 12 | HEX: F2 76 FA F7 7A FE 95 DF 99 85 BB 5A | T:154207 RPD:1
[CH: 50] LEN: 12 | HEX: FA 76 FE F6 7B D4 95 FF 45 60 BF 55 | T:154207 RPD:1
[CH: 50] LEN: 12 | HEX: FA 76 FE F5 78 FE 95 ED B0 6E B7 6E | T:154229 RPD:1
[CH: 50] LEN: 12 | HEX: FA 76 FE F4 79 EA 95 FF 4C 8B B7 B7 | T:154259 RPD:1
[CH: 50] LEN: 12 | HEX: FA 76 F4 F3 7C FE 95 D5 3A 62 BF FF | T:154289 RPD:1
[CH: 50] LEN: 12 | HEX: FA 76 F6 F2 7E EA 95 EF 06 97 BB D5 | T:154319 RPD:1
[CH: 50] LEN: 12 | HEX: FA 76 EA F1 7C FE 95 FF 73 99 BD 5A | T:154348 RPD:1
[CH: 50] LEN: 12 | HEX: FA 7E FD F0 7D FE 95 FF AF 7C BF C7 | T:154378 RPD:1
[CH: 50] LEN: 12 | HEX: FA 76 FA EF 62 FE 95 EE 01 96 BD DB | T:154408 RPD:1
[CH: 50] LEN: 12 | HEX: FA 76 FE EE 63 FE 95 FF FD 73 BE E9 | T:154438 RPD:1
[CH: 50] LEN: 12 | HEX: FA 76 FE ED 60 F4 95 FE A8 79 B7 FA | T:154468 RPD:1
[CH: 50] LEN: 12 | HEX: FA 76 FC EC 61 FE 95 FF 74 98 BF FF | T:154498 RPD:1
[CH: 50] LEN: 12 | HEX: FA 76 FE EB 66 FE 95 FF 42 61 AE FB | T:154528 RPD:1
[CH: 50] LEN: 12 | HEX: EA 76 FC EA 67 DD 95 EF 9E 84 AF 7E | T:154558 RPD:1
[CH: 50] LEN: 12 | HEX: EA 76 F5 E9 64 FE 95 FF AB 8A BF FD | T:154588 RPD:1
[CH: 50] LEN: 12 | HEX: FA 76 FE E8 65 FE 95 FF 37 6F BD BF | T:154618 RPD:1
[CH: 50] LEN: 12 | HEX: FA 76 FE E7 6A FA 95 EE 86 70 BB 56 | T:154648 RPD:1
[CH: 50] LEN: 12 | HEX: FA 76 FE E6 6B FA 95 FF 5A 9D BF ED | T:154678 RPD:1
[CH: 50] LEN: 12 | HEX: FA 76 FE E5 68 FE 95 FF 2F 93 BF 7B | T:154708 RPD:1
[CH: 50] LEN: 12 | HEX: F2 76 FE E4 69 F6 95 FF 53 76 B7 FF | T:154738 RPD:1
[CH: 50] LEN: 12 | HEX: FA 76 FE E3 6E FA 95 FF 45 8F BA FE | T:154768 RPD:1
[CH: 50] LEN: 12 | HEX: F2 76 FE E2 6F 7A 95 FF 19 6A BD FE | T:154798 RPD:1
[CH: 50] LEN: 12 | HEX: F2 76 F5 E1 6C FE 95 F5 6C 64 BE BD | T:154828 RPD:1
[CH: 50] LEN: 12 | HEX: F6 76 EE E0 6D DE 95 FD 30 81 BF EF | T:154858 RPD:1
[CH: 50] LEN: 12 | HEX: F6 76 FE DF 52 FA 95 EE A1 91 BA BF | T:154888 RPD:1
[CH: 50] LEN: 12 | HEX: FA 76 FC FA 73 FD 95 FD 42 8F BF FF | T:154918 RPD:1
[CH: 50] LEN: 12 | HEX: EA 76 FE F5 70 FE 95 F7 F7 80 B2 FD | T:154922 RPD:1
[CH: 50] LEN: 12 | HEX: FA 76 FE F8 71 FD 95 FD 6B 65 B6 FF | T:154926 RPD:1
[CH: 50] LEN: 12 | HEX: FA 76 FE F7 76 F6 95 EA DD 9C AF FF | T:154937 RPD:1
[CH: 50] LEN: 12 | HEX: FA 76 FE F2 77 BA 95 ED 41 71 BD FF | T:154937 RPD:1
[CH: 50] LEN: 12 | HEX: F6 76 FE ED 74 F6 95 FF 74 77 BB FF | T:154949 RPD:1
[CH: 50] LEN: 12 | HEX: FA 76 EA F8 75 FE 95 FE 28 92 B7 DF | T:154949 RPD:0
[CH: 50] LEN: 12 | HEX: F2 76 F6 F7 7A F6 95 EE 99 85 BD FF | T:154960 RPD:0
[CH: 50] LEN: 12 | HEX: FA 76 F6 E5 70 FD 95 EA 30 6E B7 F7 | T:154978 RPD:1
[CH: 50] LEN: 12 | HEX: F2 76 F5 F4 79 FE 95 EB AC 8B BF E7 | T:155008 RPD:1
[CH: 50] LEN: 12 | HEX: F2 76 FE F3 7C F4 95 FE 9A 72 AF 7F | T:155038 RPD:1
[CH: 50] LEN: 12 | HEX: FA 76 F6 F2 7F D6 95 FF 86 97 AE FF | T:155068 RPD:1
[CH: 50] LEN: 12 | HEX: F2 76 FE E1 78 EE 95 EE F3 99 B7 B9 | T:155098 RPD:1
[CH: 50] LEN: 12 | HEX: FA 76 FE F0 7D FE 95 FF 6F 7C BB FF | T:155128 RPD:1
[CH: 50] LEN: 12 | HEX: F6 76 FE EF 62 F6 95 EE 81 96 BF EF | T:155158 RPD:1
[CH: 50] LEN: 12 | HEX: F2 76 FE EE 63 D4 95 D7 BD 73 BB DD | T:155188 RPD:1
[CH: 50] LEN: 12 | HEX: F2 76 FE ED 60 FE 95 FF A8 7D BF FF | T:155218 RPD:1
[CH: 50] LEN: 12 | HEX: F2 76 F5 EC 61 FE 95 EE F4 98 BF F5 | T:155248 RPD:1
[CH: 50] LEN: 12 | HEX: FA 76 FA EB 66 FA 95 FF C2 61 B7 FF | T:155278 RPD:1
[CH: 50] LEN: 12 | HEX: FA 76 FE EA 67 AC 95 FF 5E 84 BD FF | T:155308 RPD:1
[CH: 50] LEN: 12 | HEX: FA 76 FE E9 64 FE 95 FE AB 8A BF FF | T:155338 RPD:1
[CH: 50] LEN: 12 | HEX: FA 76 FE E8 65 F6 95 FF 37 6F 6F 7F | T:155368 RPD:1
[CH: 50] LEN: 12 | HEX: FA 76 FC E7 6A FC 95 EF 86 78 BF DF | T:155398 RPD:1
[CH: 50] LEN: 12 | HEX: FA 76 FE E6 6B FE 95 FE DA 9D BF FD | T:155428 RPD:1
[CH: 50] LEN: 12 | HEX: FA 76 FE E5 68 FA 95 FF AF 93 BD FF | T:155458 RPD:1
[CH: 50] LEN: 12 | HEX: F2 76 F4 E4 69 EE 95 FF 73 76 BF 95 | T:155488 RPD:1
[CH: 50] LEN: 12 | HEX: FA 76 F6 E3 6E FA 95 FE 85 8F 37 DF | T:155518 RPD:1
[CH: 50] LEN: 12 | HEX: FA 76 F6 E2 6F 74 95 FE 19 6A B7 7E | T:155547 RPD:1
[CH: 50] LEN: 12 | HEX: FA 76 FE E1 6C F5 95 FE EC 64 BF BF | T:155577 RPD:1
[CH: 50] LEN: 12 | HEX: FA 76 FE DF D2 FE 95 FD 21 91 BB FB | T:155637 RPD:0
[CH: 50] LEN: 12 | HEX: F2 76 FB F6 73 FE 95 FF C2 8E BB FF | T:155667 RPD:0
[CH: 50] LEN: 12 | HEX: FA 76 F4 F5 70 F4 95 DE F7 80 BF F7 | T:155671 RPD:0
[CH: 50] LEN: 12 | HEX: FA 76 EA F0 71 FE 95 FE EB 65 BF F7 | T:155675 RPD:0
[CH: 50] LEN: 12 | HEX: FA 76 FE FB 76 FE 95 F6 5D 9C BD EF | T:155686 RPD:0
[CH: 50] LEN: 12 | HEX: FA 76 FA FA 77 FE 95 FF 81 79 BF FF | T:155708 RPD:1
[CH: 50] LEN: 12 | HEX: F2 76 F6 F9 74 FE 95 EB F4 77 B5 D5 | T:155712 RPD:1
[CH: 50] LEN: 12 | HEX: FA 76 F5 E8 75 FE 95 FE A8 92 BF EF | T:155715 RPD:1
[CH: 50] LEN: 12 | HEX: F6 76 FE F7 7A FE 95 D5 19 85 B7 BB | T:155726 RPD:1
[CH: 50] LEN: 12 | HEX: FA 76 FE F6 7F EA 95 FF 45 60 B7 BD | T:155727 RPD:1
[CH: 50] LEN: 12 | HEX: EE 76 FE F5 70 EE 95 EF 30 6E AF EE | T:155753 RPD:1
[CH: 50] LEN: 12 | HEX: FA 76 EA F4 71 EC 95 DE AC 8B BF FF | T:155783 RPD:0
[CH: 50] LEN: 12 | HEX: FA 76 FC F3 7D FE 95 FF DA 72 BF DF | T:155813 RPD:1
[CH: 50] LEN: 12 | HEX: FA 76 FC F2 7E EA 95 FF 06 97 BF 7E | T:155843 RPD:0
[CH: 50] LEN: 12 | HEX: F2 76 FE E1 7E EE 95 FF 73 99 BF FF | T:155873 RPD:1
[CH: 50] LEN: 12 | HEX: FA 76 FE F0 7D FE 95 FF AF 7C BF 7B | T:155903 RPD:1
[CH: 50] LEN: 12 | HEX: FA 76 FA EF 62 FE 95 D6 01 96 BF 7D | T:155933 RPD:1
[CH: 50] LEN: 12 | HEX: FA 76 FE EE 63 EC 95 EA BD 73 BF D7 | T:155963 RPD:0
[CH: 50] LEN: 12 | HEX: FA 76 EE EC 61 EA 95 F6 74 98 BF FF | T:156023 RPD:0
[CH: 50] LEN: 12 | HEX: F2 76 FA EB 66 FC 95 FF 42 61 BB BF | T:156053 RPD:0
[CH: 50] LEN: 12 | HEX: F2 76 FE EA 67 FE 95 FF 9F 84 BF 7F | T:156083 RPD:1
[CH: 50] LEN: 12 | HEX: F2 76 FE E9 64 F6 95 FB 5B 8A AF BA | T:156113 RPD:0
[CH: 50] LEN: 12 | HEX: F2 76 FA E8 65 FE 95 EF 37 6F 3E BE | T:156143 RPD:0
[CH: 50] LEN: 12 | HEX: FA 76 FE E7 6A F6 95 D5 46 70 AE 6D | T:156173 RPD:1
[CH: 50] LEN: 12 | HEX: FA 76 FC E6 6B D6 95 D5 5A 9D BF FF | T:156203 RPD:1
[CH: 50] LEN: 12 | HEX: FA 76 F6 E5 68 F4 95 FF 2F 93 BF FD | T:156233 RPD:1
[CH: 50] LEN: 12 | HEX: FA 76 FC E4 69 FE 95 FF A3 76 BF DB | T:156263 RPD:1
[CH: 50] LEN: 12 | HEX: FA 76 FE E3 6E FE 95 F7 25 8F BF FF | T:156293 RPD:1
[CH: 50] LEN: 12 | HEX: FA 76 EE E2 6F FB 95 FF 19 6A BF FF | T:156323 RPD:1
[CH: 50] LEN: 12 | HEX: FA 76 F6 E1 6C FE 95 D7 6C 64 AB FD | T:156353 RPD:1
[CH: 50] LEN: 12 | HEX: FA 76 F6 E0 6D FE 95 F7 B0 81 BF BB | T:156383 RPD:1
[CH: 50] LEN: 12 | HEX: FA 76 FE DF 52 EE 95 D5 21 91 BE FB | T:156413 RPD:1
[CH: 50] LEN: 12 | HEX: F2 76 FE FC 73 FE 95 FF C2 8E BF FD | T:156443 RPD:1
[CH: 50] LEN: 12 | HEX: F2 76 F6 F9 70 FE 95 FF B7 00 B2 BC | T:156447 RPD:1
[CH: 50] LEN: 12 | HEX: FA 76 FA F8 71 FE 95 EA 6B 65 BD FF | T:156451 RPD:1
[CH: 50] LEN: 12 | HEX: FA 76 F4 D3 76 FC 95 F5 5D 9C BF E9 | T:156462 RPD:1
[CH: 50] LEN: 12 | HEX: FA 76 FE FA 77 AA 95 EF 41 79 BB BF | T:156462 RPD:0
[CH: 50] LEN: 12 | HEX: FA 76 F4 F1 74 F6 95 FA F4 77 BF FF | T:156473 RPD:1
[CH: 50] LEN: 12 | HEX: F2 76 FC F8 75 DE 95 FF 28 92 B6 BC | T:156474 RPD:0
[CH: 50] LEN: 12 | HEX: F2 76 FC E7 7A FE 95 FF 59 85 BF DB | T:156485 RPD:0
[CH: 50] LEN: 12 | HEX: EA 76 FA F5 78 FE 95 FF B0 6E BF FF | T:156502 RPD:1
[CH: 50] LEN: 12 | HEX: FA 76 FB F4 79 D6 95 EB AC 8B BA FB | T:156532 RPD:1
[CH: 50] LEN: 12 | HEX: FA 76 F5 F3 7E F5 95 FF BA 72 BF D7 | T:156562 RPD:1
[CH: 50] LEN: 12 | HEX: FA 76 F4 F2 7D 7A 95 EA 06 97 FF 6A | T:156592 RPD:1
[CH: 50] LEN: 12 | HEX: F2 76 FA F1 7C FE 95 EF 73 99 BF FF | T:156622 RPD:1
[CH: 50] LEN: 12 | HEX: FA 76 FE F0 7D EE 95 EB AF 78 BF FF | T:156652 RPD:1
[CH: 50] LEN: 12 | HEX: FA 76 ED EE 62 FE 95 ED 01 96 BF EF | T:156682 RPD:1
[CH: 50] LEN: 12 | HEX: FA 76 FD EE 63 FE 95 FF DD 73 BF FF | T:156712 RPD:1
[CH: 50] LEN: 12 | HEX: FA 76 FC ED 60 FE 95 FF A8 7D BF BB | T:156742 RPD:1
[CH: 50] LEN: 12 | HEX: FA 76 FD EC 61 FE 95 D7 74 98 BF EE | T:156772 RPD:1
[CH: 50] LEN: 12 | HEX: F2 76 F4 EB 66 FA 95 FF 42 61 BB EF | T:156802 RPD:1
[CH: 50] LEN: 12 | HEX: FA 76 FC EA 67 DE 95 F5 1E 84 B5 7F | T:156832 RPD:1
[CH: 50] LEN: 12 | HEX: F2 76 EA E8 65 FE 95 DF 37 6F BE EF | T:156892 RPD:1
[CH: 50] LEN: 12 | HEX: FA 76 FE E7 6A FA 95 F5 06 78 BB FF | T:156922 RPD:1
[CH: 50] LEN: 12 | HEX: F2 76 FE F6 6B AE 95 D5 5A 95 BE FB | T:156952 RPD:1
[CH: 50] LEN: 12 | HEX: F2 76 FB E5 68 FE 95 EB 2F 13 BB FF | T:156981 RPD:1
[CH: 50] LEN: 12 | HEX: FA 76 FA E4 69 F5 95 FF DB 7E BF B5 | T:157011 RPD:1
[CH: 50] LEN: 12 | HEX: FA 76 F4 E3 6E F4 95 FF 85 8F BE FB | T:157041 RPD:1
[CH: 50] LEN: 12 | HEX: FA 76 FE E2 6F FE 95 F7 99 6A BF FD | T:157071 RPD:1
[CH: 50] LEN: 12 | HEX: FA 76 F5 E1 6C FA 95 FF 6C 6C BB 7F | T:157101 RPD:1
[CH: 50] LEN: 12 | HEX: FA 76 FE E0 6D FE 95 FF B0 81 BF DF | T:157131 RPD:1
[CH: 50] LEN: 12 | HEX: FA 76 FE DF 52 FE 95 FF 21 91 BF FF | T:157161 RPD:1
[CH: 50] LEN: 12 | HEX: FA 76 F6 FE 73 FE 95 F5 C2 8E B6 AA | T:157191 RPD:1
[CH: 50] LEN: 12 | HEX: FA 76 FE FD 78 FE 95 FF B7 80 AD EF | T:157195 RPD:1
[CH: 50] LEN: 12 | HEX: FA 76 EE FC 71 FE 95 FD EB 65 BB FF | T:157199 RPD:1
[CH: 50] LEN: 12 | HEX: EA 76 F5 F3 76 FB 95 FF 5D 9C BD DE | T:157210 RPD:1
[CH: 50] LEN: 12 | HEX: EA 76 EE EA 77 5E 95 EF 81 79 BF BF | T:157211 RPD:0
[CH: 50] LEN: 12 | HEX: FA 76 FA F9 74 FE 95 EF D4 77 BF 7F | T:157222 RPD:1
[CH: 50] LEN: 12 | HEX: F2 76 FE F8 75 D6 95 D5 28 92 AF 5F | T:157222 RPD:0
[CH: 50] LEN: 12 | HEX: FA 7E EE F7 7A F6 95 EA 99 85 BF 5F | T:157233 RPD:0
[CH: 50] LEN: 12 | HEX: FA 76 FA F5 70 FA 95 FF 30 6E BE BF | T:157251 RPD:1
[CH: 50] LEN: 12 | HEX: FA 76 FE F4 79 F6 95 FF FC 8B F7 5F | T:157281 RPD:1
[CH: 50] LEN: 12 | HEX: FA 76 FE F3 7E FE 95 F5 DA 72 B5 FF | T:157311 RPD:1
[CH: 50] LEN: 12 | HEX: FA 76 FE F2 7F F6 95 F5 06 97 2F FE | T:157341 RPD:1
[CH: 50] LEN: 12 | HEX: FA 76 F4 F1 7C FE 95 FF 73 99 AE BF | T:157371 RPD:1
[CH: 50] LEN: 12 | HEX: FA 76 FE F0 7D F4 95 FF 2E 7C BB DF | T:157401 RPD:1
[CH: 50] LEN: 12 | HEX: FA 76 FE EF 62 FE 95 EE 01 96 BF FE | T:157431 RPD:1
[CH: 50] LEN: 12 | HEX: FA 76 FD EE 63 AC 95 DD 5D 73 BF 7F | T:157461 RPD:1
[CH: 50] LEN: 12 | HEX: FA 76 FC ED 60 FC 95 FB A8 7D BF FF | T:157491 RPD:1
[CH: 50] LEN: 12 | HEX: FA 76 FC EC 61 FE 95 F6 F4 98 BE FE | T:157521 RPD:1
[CH: 50] LEN: 12 | HEX: EA 76 FE EB 66 FA 95 EF 42 61 BF BF | T:157551 RPD:1
[CH: 50] LEN: 12 | HEX: FA 76 EA EA 67 FE 95 FF 9E 84 AF 7F | T:157581 RPD:1
[CH: 50] LEN: 12 | HEX: FA 76 FD E9 64 FC 95 F7 4B 8A BF 6E | T:157611 RPD:1
[CH: 50] LEN: 12 | HEX: FA 76 F6 E8 65 FE 95 FF 37 6F BF BF | T:157641 RPD:1
[CH: 50] LEN: 12 | HEX: FA 76 FE E7 6A FA 95 FF 86 78 BF FF | T:157671 RPD:1
[CH: 50] LEN: 12 | HEX: F2 76 FE E6 6B DE 95 D5 5A 9D BD FF | T:157701 RPD:1
[CH: 50] LEN: 12 | HEX: FA 76 FD E5 68 FE 95 FF AF 93 BE FE | T:157731 RPD:1
[CH: 50] LEN: 12 | HEX: BA 76 FA E4 69 FE 95 FF 73 76 B6 FD | T:157761 RPD:1
[CH: 50] LEN: 12 | HEX: FA 76 EA E3 6E FE 95 FF 85 8F BF FF | T:157791 RPD:1
[CH: 50] LEN: 12 | HEX: FA 76 F4 E2 6F 5D 95 EB 19 6A B5 FF | T:157821 RPD:1
[CH: 50] LEN: 12 | HEX: FA 76 F5 E1 6C FA 95 FF 6C 64 BF BD | T:157851 RPD:1
[CH: 50] LEN: 12 | HEX: FA 76 FE E0 6D F5 95 DF 70 81 BD EF | T:157881 RPD:1
[CH: 50] LEN: 12 | HEX: FA 76 FE DF 52 FE 95 FF 21 91 AB AD | T:157911 RPD:1
[CH: 50] LEN: 12 | HEX: FA 76 FE FA 73 FE 95 FF E2 8E BD B5 | T:157941 RPD:1
[CH: 50] LEN: 12 | HEX: F2 76 FC F5 70 FE 95 FF 77 80 BF BE | T:157945 RPD:1
[CH: 50] LEN: 12 | HEX: FA 76 FE FC 71 D6 95 FF EB 65 BE DF | T:157949 RPD:1
[CH: 50] LEN: 12 | HEX: FA 76 F6 FB 76 FE 95 FF 5D 9C BA EF | T:157960 RPD:1
[CH: 50] LEN: 12 | HEX: FA 76 FE FA 77 DE 95 F7 41 79 BB FF | T:157960 RPD:0
[CH: 50] LEN: 12 | HEX: F2 76 FE F9 74 FC 95 EA A4 77 BD 5E | T:157971 RPD:1
[CH: 50] LEN: 12 | HEX: FA 76 FE F8 75 FE 95 AF 28 92 BA F5 | T:157972 RPD:0
[CH: 50] LEN: 12 | HEX: FA 76 FC F7 7A FE 95 F7 99 85 BB FF | T:157983 RPD:0
[CH: 50] LEN: 12 | HEX: FA 76 FE F5 78 F5 95 FF 30 6E BF 6F | T:158000 RPD:1
[CH: 50] LEN: 12 | HEX: F2 76 FC EC 79 DC 95 EA BC 8B BF BF | T:158030 RPD:1
[CH: 50] LEN: 12 | HEX: F2 76 FE F3 7D FE 95 FF 7A 72 BD EF | T:158060 RPD:1
[CH: 50] LEN: 12 | HEX: F2 76 F4 F2 7D 7A 95 FE 86 97 BB FD | T:158090 RPD:1
[CH: 50] LEN: 12 | HEX: FA 76 FC F1 7C FE 95 FB 73 99 BF FF | T:158120 RPD:1
[CH: 50] LEN: 12 | HEX: FA 76 FE EF 62 FC 95 FF 01 96 BF FF | T:158180 RPD:1
[CH: 50] LEN: 12 | HEX: FA 76 FD EE 63 FE 95 FF 5D 73 BF FB | T:158210 RPD:1
[CH: 50] LEN: 12 | HEX: FA 76 FE ED 60 FE 95 FA A8 7D BD DB | T:158240 RPD:1
[CH: 50] LEN: 12 | HEX: FA 76 FE EC 61 F4 95 FB 74 98 AD FF | T:158270 RPD:1
[CH: 50] LEN: 12 | HEX: FA 76 FA EB 66 FE 95 EB 42 61 BB BE | T:158300 RPD:1
[CH: 50] LEN: 12 | HEX: FA 76 FA EA 67 F4 95 FE DE 84 BF FE | T:158330 RPD:1
[CH: 50] LEN: 12 | HEX: FA 76 FE E9 64 FE 95 F7 BB 8A BD EE | T:158360 RPD:1
[CH: 50] LEN: 12 | HEX: F2 76 FA E8 65 EE 95 EE B7 6F BD DB | T:158390 RPD:1
[CH: 50] LEN: 12 | HEX: FA 76 FE E7 6A EA 95 AD 46 68 AB 57 | T:158419 RPD:1
[CH: 50] LEN: 12 | HEX: FA 76 FE E6 6B FE 95 F6 5A 9D BF FF | T:158449 RPD:1
[CH: 50] LEN: 12 | HEX: F2 74 FE E5 68 F4 95 D5 AE 93 B6 F3 | T:158479 RPD:1
[CH: 50] LEN: 12 | HEX: FA 76 F5 E4 69 F5 95 FF 53 76 BF F7 | T:158509 RPD:1
[CH: 50] LEN: 12 | HEX: FA 76 F4 E3 6E F5 95 F7 A5 8F 3F FF | T:158539 RPD:1
[CH: 50] LEN: 12 | HEX: F2 76 F7 E2 6F FC 95 FF 19 6A BD ED | T:158569 RPD:1
[CH: 50] LEN: 12 | HEX: FA 76 FB E1 6C FC 95 EE 6C 64 B6 F6 | T:158599 RPD:1
[CH: 50] LEN: 12 | HEX: FA 76 FE E0 6D FE 95 D5 30 81 BB BF | T:158629 RPD:1
[CH: 50] LEN: 12 | HEX: FA 76 FA DF 52 F6 95 FA 21 91 BF 7B | T:158659 RPD:1
[CH: 50] LEN: 12 | HEX: FA 76 FE F4 73 FE 95 FF A2 8E BF FB | T:158689 RPD:1
[CH: 50] LEN: 12 | HEX: FA 76 F6 FD 70 FE 95 FF 77 00 BE FD | T:158693 RPD:1
[CH: 50] LEN: 12 | HEX: FA 76 FE F8 71 F5 95 FF 6B 65 BF 7B | T:158697 RPD:1
[CH: 50] LEN: 12 | HEX: FA 76 FC F3 76 FA 95 FD DD 9C BF BE | T:158708 RPD:1
[CH: 50] LEN: 12 | HEX: FA 76 FE FA 77 DD 95 EF 41 79 BF FF | T:158709 RPD:1
[CH: 50] LEN: 12 | HEX: FA 76 FE F9 74 FD 95 FF DC 77 BD FF | T:158720 RPD:1
[CH: 50] LEN: 12 | HEX: FA 76 FE F0 75 EE 95 F5 28 92 BF FF | T:158720 RPD:0
[CH: 50] LEN: 12 | HEX: FA 76 FA F7 7A FE 95 EE 59 85 BB 7F | T:158731 RPD:0
[CH: 50] LEN: 12 | HEX: FA 76 FE F5 78 FE 95 F7 30 6E BF FF | T:158750 RPD:1
[CH: 50] LEN: 12 | HEX: F2 76 FE F4 79 FE 95 F7 BC 8B AF FF | T:158780 RPD:1
[CH: 50] LEN: 12 | HEX: F2 76 FE F3 7E FD 95 FF 5A 72 BF FF | T:158810 RPD:1
[CH: 50] LEN: 12 | HEX: FA 76 FA F2 7F EA 95 FF 06 97 B5 EB | T:158840 RPD:1
[CH: 50] LEN: 12 | HEX: F2 7E FE F1 78 F4 95 FE 73 99 BF DF | T:158870 RPD:1
[CH: 50] LEN: 12 | HEX: FA 76 F4 F0 7D F4 95 FF AF 7C BF 77 | T:158900 RPD:1
[CH: 50] LEN: 12 | HEX: FA 76 F6 EF 62 FE 95 EB 01 96 BF FB | T:158930 RPD:1
[CH: 50] LEN: 12 | HEX: FA 76 FA EE 63 FE 95 F7 7D 73 BF FF | T:158960 RPD:1
[CH: 50] LEN: 12 | HEX: F2 76 FE ED 60 FE 95 FE A8 7D BF AA | T:158990 RPD:1
[CH: 50] LEN: 12 | HEX: FA 76 FE EC 61 F6 95 FF 74 98 BB EF | T:159020 RPD:1
[CH: 50] LEN: 12 | HEX: FA 76 FE EB 66 FE 95 FF 42 61 BF FF | T:159050 RPD:1
[CH: 50] LEN: 12 | HEX: FA 76 F9 EA 67 FA 95 FE DE 84 B4 FF | T:159080 RPD:1
[CH: 50] LEN: 12 | HEX: FA 76 F5 E9 64 FE 95 EF EB CA BF 77 | T:159110 RPD:1
[CH: 50] LEN: 12 | HEX: FA 76 FE E8 65 FE 95 FF 37 6F 3F FF | T:159140 RPD:1
[CH: 50] LEN: 12 | HEX: FA 76 FC E7 6A F6 95 D4 46 70 AF FF | T:159170 RPD:1
[CH: 50] LEN: 12 | HEX: FA 76 F5 E6 6B EA 95 FF 5A 9D BD FF | T:159200 RPD:1
[CH: 50] LEN: 12 | HEX: EA 76 F4 E5 68 EA 95 D5 2E 93 BF AF | T:159230 RPD:1
[CH: 50] LEN: 12 | HEX: FA 76 FA E4 69 FE 95 FF 53 76 BF F6 | T:159260 RPD:1
[CH: 50] LEN: 12 | HEX: FA 76 FE E3 6E FA 95 FF C5 8F 3F F7 | T:159290 RPD:1
[CH: 50] LEN: 12 | HEX: FA 76 FD E2 6F F4 95 FA 19 6A BF DB | T:159320 RPD:1
[CH: 50] LEN: 12 | HEX: FA 76 F4 E1 6C FE 95 EE 6C 64 BF 6F | T:159350 RPD:1
[CH: 50] LEN: 12 | HEX: FA 76 FE E0 6D FE 95 EA B0 81 BD 3E | T:159380 RPD:1
[CH: 50] LEN: 12 | HEX: FA 76 FE DF 52 FE 95 FB 21 91 B5 FF | T:159410 RPD:1
[CH: 50] LEN: 12 | HEX: F2 76 FE FA 7B D5 95 FF 22 8E BD 7D | T:159440 RPD:1
[CH: 50] LEN: 12 | HEX: FA 76 FD FD 70 FA 95 D5 B7 80 BF FF | T:159443 RPD:1
[CH: 50] LEN: 12 | HEX: F2 76 FA F8 71 FE 95 FB 6B 65 BF DF | T:159447 RPD:1
[CH: 50] LEN: 12 | HEX: FA 76 FE EB 76 FC 95 EF 5D 9C BE 7E | T:159459 RPD:1
[CH: 50] LEN: 12 | HEX: FA 76 FE F2 77 FC 95 FF 81 79 BF DF | T:159459 RPD:0
[CH: 50] LEN: 12 | HEX: F2 76 FA F9 74 FE 95 FE B4 77 BF 7F | T:159470 RPD:1
[CH: 50] LEN: 12 | HEX: F2 76 FE F8 75 DE 95 FF 28 92 BF FB | T:159470 RPD:0
[CH: 50] LEN: 12 | HEX: FA 76 FE F7 7A FE 95 FF D9 85 BF B6 | T:159482 RPD:0
[CH: 50] LEN: 12 | HEX: F2 76 FE F5 78 D4 95 EA 30 6E A6 57 | T:159501 RPD:1
[CH: 50] LEN: 12 | HEX: EA 76 EA F4 79 D6 95 EE AC 8B BF FF | T:159531 RPD:1
[CH: 50] LEN: 12 | HEX: FA 76 F4 F3 7D FE 95 F5 5A 72 BB FE | T:159561 RPD:1
[CH: 50] LEN: 12 | HEX: EA 7E FE F2 7F EE 95 D7 06 97 B5 AB | T:159591 RPD:1
[CH: 50] LEN: 12 | HEX: FA 76 F5 F1 7C FE 95 EA 73 99 BB EF | T:159621 RPD:1
[CH: 50] LEN: 12 | HEX: EE 76 EA E0 7D D4 95 FE AF 7C B7 BE | T:159650 RPD:1
[CH: 50] LEN: 12 | HEX: FA 76 F6 EF 62 F6 95 F7 01 96 AF DD | T:159680 RPD:1
[CH: 50] LEN: 12 | HEX: F2 76 F5 EE 63 DE 95 FF 9D 73 BA F7 | T:159710 RPD:1
[CH: 50] LEN: 12 | HEX: FA 76 FE ED 60 FE 95 F7 A8 7D BE E5 | T:159740 RPD:1
[CH: 50] LEN: 12 | HEX: FA 76 FE EC 61 FA 95 EE 74 98 BF FF | T:159770 RPD:1
[CH: 50] LEN: 12 | HEX: FA 76 FE EB 66 FE 95 F7 42 61 BF 7F | T:159800 RPD:1
[CH: 50] LEN: 12 | HEX: FA 76 F6 EA 67 BE 95 F6 DE 84 B7 FE | T:159830 RPD:1
[CH: 50] LEN: 12 | HEX: FA 76 FE E9 64 FE 95 F5 EB 8A AB F7 | T:159860 RPD:1
[CH: 50] LEN: 12 | HEX: F2 76 F5 E7 6A FE 95 FF 86 78 BF 5D | T:159920 RPD:1
[CH: 50] LEN: 12 | HEX: FA 76 FA E6 6B FE 95 EF 5A 9D B7 EF | T:159950 RPD:1
[CH: 50] LEN: 12 | HEX: FA 76 F5 E5 68 F5 95 FD 2F 13 BF FF | T:159980 RPD:1
[CH: 50] LEN: 12 | HEX: FA 76 F5 E4 69 EC 95 FF EB 7E BF BB | T:160010 RPD:1
[CH: 50] LEN: 12 | HEX: FA 76 FE E3 6E FE 95 D7 C5 8F 3F ED | T:160040 RPD:1
[CH: 50] LEN: 12 | HEX: F2 76 F4 EA 6F F9 95 EF 99 6A BE FA | T:160070 RPD:1
[CH: 50] LEN: 12 | HEX: F2 76 F6 E1 6C FE 95 FF 6E 64 BF EF | T:160100 RPD:1
[CH: 50] LEN: 12 | HEX: F2 76 F8 E0 6D FE 95 EB 30 81 BF FF | T:160130 RPD:1
[CH: 50] LEN: 12 | HEX: FA 76 F5 DF 52 F6 95 FA 21 91 BF FF | T:160160 RPD:1
[CH: 50] LEN: 12 | HEX: FA 76 F5 FE 73 DB 95 F5 42 8E BD FF | T:160190 RPD:1
[CH: 50] LEN: 12 | HEX: FA 76 FE F9 70 FE 95 FF B7 80 BD F7 | T:160194 RPD:1
[CH: 50] LEN: 12 | HEX: FA 76 F6 FC 71 F6 95 EB 6B 65 B7 DF | T:160197 RPD:1
[CH: 50] LEN: 12 | HEX: F2 76 FA F3 76 FE 95 F7 5D 9C BB FF | T:160208 RPD:1
[CH: 50] LEN: 12 | HEX: FA 76 FE FA 77 DE 95 F6 C1 79 AF FF | T:160208 RPD:0
[CH: 50] LEN: 12 | HEX: FA 76 FC F9 7C FC 95 FF 4C 77 BB FB | T:160220 RPD:1
[CH: 50] LEN: 12 | HEX: FA 76 FC F8 75 FE 95 EF 28 92 BF DF | T:160220 RPD:0
[CH: 50] LEN: 12 | HEX: FA 76 FE F7 7A F5 95 FF 59 85 BF F7 | T:160231 RPD:0
[CH: 50] LEN: 12 | HEX: EA 76 FE F5 78 F4 95 EA 30 6E BA 5B | T:160249 RPD:1
[CH: 50] LEN: 12 | HEX: FA 76 FE F4 79 F5 95 FF DC 8B BF ED | T:160279 RPD:1
[CH: 50] LEN: 12 | HEX: F2 76 FE F3 76 FA 95 F7 BA 72 AF FB | T:160309 RPD:1
[CH: 50] LEN: 12 | HEX: FA 76 FC F2 77 F4 95 FB 06 97 BF BE | T:160339 RPD:1
[CH: 50] LEN: 12 | HEX: FA 76 FC F1 7C FB 95 FF 73 99 BF FF | T:160369 RPD:1
[CH: 50] LEN: 12 | HEX: F2 76 FE F0 7D FE 95 EF AE 78 BE FB | T:160399 RPD:1
[CH: 50] LEN: 12 | HEX: FA 76 F6 EF 62 F5 95 FD 01 96 BE FF | T:160429 RPD:1
[CH: 50] LEN: 12 | HEX: F2 76 FA EE 63 FE 95 EE BD 73 AF 6F | T:160459 RPD:1
[CH: 50] LEN: 12 | HEX: FA 76 FE ED 60 FD 95 FF A8 7D AF DD | T:160489 RPD:1
[CH: 50] LEN: 12 | HEX: F2 76 FE EC 61 FE 95 F6 F4 98 BF FF | T:160519 RPD:1
[CH: 50] LEN: 12 | HEX: FA 76 F6 EB 66 F6 95 FE C2 61 AE FF | T:160549 RPD:1
[CH: 50] LEN: 12 | HEX: FA 76 F5 EA 67 D5 95 FF 5E 84 B7 6D | T:160579 RPD:1
[CH: 50] LEN: 12 | HEX: FA 76 F5 E9 64 FE 95 FF DB 8A BB 6E | T:160609 RPD:1
[CH: 50] LEN: 12 | HEX: FA 76 F6 E8 65 F4 95 FF 37 6F BF 7F | T:160639 RPD:1
[CH: 50] LEN: 12 | HEX: FA 76 FE E7 6A FE 95 EF 86 78 BD DF | T:160669 RPD:1
[CH: 50] LEN: 12 | HEX: F2 76 FE E6 6B FE 95 FF 5A 9D BF FF | T:160699 RPD:1
[CH: 50] LEN: 12 | HEX: FA 76 FE E5 68 F6 95 FF 2F 93 BD FF | T:160729 RPD:1
[CH: 50] LEN: 12 | HEX: F2 76 FE E4 69 FE 95 FF DB 76 A9 7F | T:160759 RPD:1
[CH: 50] LEN: 12 | HEX: F2 76 F4 E3 6E FE 95 FF A5 8F 7F EF | T:160789 RPD:1
[CH: 50] LEN: 12 | HEX: FA 76 FE E2 6F BE 95 F5 19 6A AB FD | T:160819 RPD:1
[CH: 50] LEN: 12 | HEX: FA 76 FE E1 6D FE 95 F7 6C 64 BD 6B | T:160849 RPD:1
[CH: 50] LEN: 12 | HEX: F2 76 F5 F0 6D F6 95 FF B0 81 BD FD | T:160879 RPD:0
[CH: 50] LEN: 12 | HEX: FA 77 F4 DE 52 F6 95 EE A1 91 BF FF | T:160909 RPD:0
[CH: 50] LEN: 12 | HEX: EA 7E FE EA 6B EE 95 DF 42 8E BF 6F | T:160939 RPD:0
[CH: 50] LEN: 12 | HEX: F2 76 FE F5 70 FD 95 FF B7 80 BD FF | T:160942 RPD:0
[CH: 50] LEN: 12 | HEX: FA 76 ED F8 71 F5 95 FF 6B 65 EF BF | T:160946 RPD:1
[CH: 50] LEN: 12 | HEX: F2 76 FC FB 76 EA 95 EE DD 9C BF 5F | T:160958 RPD:1
[CH: 50] LEN: 12 | HEX: FA 76 FE F2 77 FE 95 F7 C1 79 BB F7 | T:160958 RPD:0
[CH: 50] LEN: 12 | HEX: FA 76 FA F9 74 FC 95 FF A4 77 AB FF | T:160969 RPD:1
[CH: 50] LEN: 12 | HEX: FA 76 FE F0 75 FE 95 D5 28 92 BD F7 | T:160969 RPD:0
[CH: 50] LEN: 12 | HEX: F2 76 F4 F7 72 FE 95 F7 99 85 BF FF | T:160981 RPD:0
[CH: 50] LEN: 12 | HEX: FA 76 FE F5 78 FE 95 FA B0 6E BF BD | T:161000 RPD:1
[CH: 50] LEN: 12 | HEX: FA 76 FE F4 79 FA 95 FF EC 8B BF 7D | T:161030 RPD:1
[CH: 50] LEN: 12 | HEX: FA 76 FA F3 7C FE 95 FF DA 72 BF FD | T:161060 RPD:1
[CH: 50] LEN: 12 | HEX: FA 76 FE F2 7B FA 95 FF 06 97 BB FB | T:161090 RPD:1
[CH: 50] LEN: 12 | HEX: FA 76 FE F1 7C FA 95 EB 73 99 BA F6 | T:161120 RPD:1
[CH: 50] LEN: 12 | HEX: FA 76 FE F0 75 FA 95 FF AF 78 BF FF | T:161149 RPD:1
[CH: 50] LEN: 12 | HEX: FA 73 FA 00 81 DD 95 FE AF FA AF FF | T:161362 RPD:1
[CH: 50] LEN: 12 | HEX: FA 73 DE 00 81 F5 95 EE AF FE 7F FF | T:161363 RPD:1
[CH: 50] LEN: 12 | HEX: F1 77 FD FE F6 70 95 FF 76 7F BF FB | T:161394 RPD:1
[CH: 50] LEN: 12 | HEX: F1 77 EE F7 EE 73 95 AA A1 AB BE F5 | T:161397 RPD:1
[CH: 50] LEN: 12 | HEX: ED 77 6C F8 F6 72 95 D5 DC 9E BF EF | T:161400 RPD:1
[CH: 50] LEN: 12 | HEX: F9 77 DE F3 F4 75 95 FF 3F D8 BF 7D | T:161411 RPD:1
[CH: 50] LEN: 12 | HEX: F9 77 D4 FA FA 74 95 F7 23 B9 AF FF | T:161411 RPD:0
[CH: 50] LEN: 12 | HEX: F9 77 FE A9 FE 77 95 D6 94 3B BD D5 | T:161423 RPD:1
[CH: 50] LEN: 12 | HEX: F9 77 7A F8 EA 76 95 D5 09 5A BF BC | T:161423 RPD:0
[CH: 50] LEN: 12 | HEX: F9 77 FD F7 D6 79 95 FE 40 92 BB EF | T:161434 RPD:1
[CH: 50] LEN: 12 | HEX: F9 77 D6 FC F4 72 95 D5 5C 9C B7 F7 | T:161446 RPD:1
[CH: 50] LEN: 12 | HEX: F1 77 FE F3 EE 75 95 FA BE D8 BB FD | T:161446 RPD:0
[CH: 50] LEN: 12 | HEX: F1 77 FD F0 EE 76 95 EE 09 5A BF FE | T:161457 RPD:0
[CH: 50] LEN: 12 | HEX: F1 77 FE FA F5 70 95 FF 76 7B 7D FD | T:161459 RPD:1
[CH: 50] LEN: 12 | HEX: F1 77 AC FB FD 73 95 ED 41 F7 BD D6 | T:161470 RPD:1
[CH: 50] LEN: 12 | HEX: F1 77 B4 F4 FE 72 95 FB 5C 9C BF DD | T:161470 RPD:0
[CH: 50] LEN: 12 | HEX: F1 77 AF FB FD 75 95 EB 7E D8 BF FA | T:161482 RPD:1
[CH: 50] LEN: 12 | HEX: F9 77 BC F2 F4 74 95 FE A3 B9 BF FE | T:161493 RPD:1
[CH: 50] LEN: 12 | HEX: F9 7F DC F1 DC 77 95 FE 94 3B B6 EF | T:161493 RPD:0
[CH: 50] LEN: 12 | HEX: F9 77 FB EC FE 78 95 F6 76 7F BF AA | T:161504 RPD:1
[CH: 50] LEN: 12 | HEX: F9 77 B5 F2 F5 74 95 EB 23 B9 BF F6 | T:161505 RPD:0
[CH: 50] LEN: 12 | HEX: F1 77 FE F9 FE 77 95 FF 54 3B BF FE | T:161516 RPD:1
[CH: 50] LEN: 12 | HEX: F1 77 B8 EA F6 70 95 DD 76 75 BD FF | T:161516 RPD:0
[CH: 50] LEN: 12 | HEX: F9 77 FD FD FE 73 95 FE 81 FD BD D8 | T:161528 RPD:1
[CH: 50] LEN: 12 | HEX: F5 77 EC FA FA 74 95 FF 23 B9 BF FF | T:161539 RPD:1
[CH: 50] LEN: 12 | HEX: F9 77 B4 F1 EA 77 95 F7 54 3B FF FE | T:161539 RPD:0
[CH: 50] LEN: 12 | HEX: F5 77 F9 FE F6 70 95 FF F6 7F BB FB | T:161550 RPD:1
[CH: 50] LEN: 12 | HEX: F9 77 AE FB EA 75 95 EF 7E D8 BF EE | T:161551 RPD:0
[CH: 50] LEN: 12 | HEX: F9 77 FE FA FE 74 95 EE A3 B9 BF ED | T:161562 RPD:0
[CH: 50] LEN: 12 | HEX: F9 77 EA F8 FE 76 95 F5 09 5A AF DF | T:161566 RPD:1
[CH: 50] LEN: 12 | HEX: F1 77 FD F7 DD 79 95 EA C0 92 BF FF | T:161577 RPD:1
[CH: 50] LEN: 12 | HEX: F9 7F BD FE F4 70 95 FF 76 75 BE FF | T:161577 RPD:0
[CH: 50] LEN: 12 | HEX: F5 77 AE F7 F6 73 95 FF 81 EB BF F7 | T:161589 RPD:1
[CH: 50] LEN: 12 | HEX: F9 77 DC EC FC 72 95 FF 5C 9C AD FB | T:161589 RPD:0
[CH: 50] LEN: 12 | HEX: F9 77 FD FB EA 75 95 FF FC D8 BF BF | T:161600 RPD:0
[CH: 50] LEN: 12 | HEX: E9 77 FC E8 FE 76 95 E5 09 5A BF FF | T:161611 RPD:0
[CH: 50] LEN: 12 | HEX: F9 77 BD F7 D6 79 95 F5 40 92 B7 DE | T:161612 RPD:0
[CH: 50] LEN: 12 | HEX: F9 77 DC F8 F6 72 95 F7 5C 9C BF FF | T:161623 RPD:0
[CH: 50] LEN: 12 | HEX: F1 77 FF F8 FE 7E 95 FF 09 5A BB F7 | T:161623 RPD:0
[CH: 50] LEN: 12 | HEX: F1 77 BE F7 FE 79 95 EA 40 92 BF AB | T:161635 RPD:0
[CH: 50] LEN: 12 | HEX: F1 77 FF FC FC 72 95 FE DC 9C BF 5E | T:161646 RPD:0
[CH: 50] LEN: 12 | HEX: F9 77 FD FB EE 75 95 D5 3A D8 BB 77 | T:161646 RPD:0
[CH: 50] LEN: 12 | HEX: F9 77 BE F8 FE 76 95 FE 89 5A B7 FD | T:161657 RPD:0
[CH: 50] LEN: 12 | HEX: F9 77 AC FD FE 73 D5 7F 41 D5 2F EF | T:161658 RPD:0
[CH: 50] LEN: 12 | HEX: F1 77 AE F3 FE 75 95 FF 3E D8 B7 AF | T:161669 RPD:0
[CH: 50] LEN: 12 | HEX: F9 77 FA F9 FE 77 95 FE D4 3B BE FF | T:161669 RPD:0
[CH: 50] LEN: 12 | HEX: F9 77 DD F8 FE 76 95 FF 09 5A BB F6 | T:161681 RPD:0
[CH: 50] LEN: 12 | HEX: F9 77 DE ED FE 73 D5 F7 41 D5 B7 BF | T:161692 RPD:0
[CH: 50] LEN: 12 | HEX: F1 77 FE F4 FE 72 95 F7 5C 9C BF FF | T:161692 RPD:0
[CH: 50] LEN: 12 | HEX: F9 77 FD F9 EA 77 95 D6 94 33 3F FD | T:161703 RPD:0
[CH: 50] LEN: 12 | HEX: E9 77 FE ED D6 73 95 DE A1 D1 BF DF | T:161704 RPD:0
[CH: 50] LEN: 12 | HEX: FD 77 F5 EA FA 72 95 EE 5C 9C BF FF | T:161715 RPD:0
[CH: 50] LEN: 12 | HEX: F9 77 FA F1 FF 77 95 FE 94 3B BF FF | T:161715 RPD:0
[CH: 50] LEN: 12 | HEX: F1 77 5E F0 FE 76 95 EF 09 5A BF 75 | T:161726 RPD:0
[CH: 50] LEN: 12 | HEX: F9 77 FD FC FE 70 95 FF 76 7D 7D BD | T:161738 RPD:0
[CH: 50] LEN: 12 | HEX: F9 77 DE F5 FB 73 95 EE A1 F5 B3 FF | T:161738 RPD:0
[CH: 50] LEN: 12 | HEX: F9 77 FE FA F6 74 95 FF 23 B9 B7 FF | T:161749 RPD:0
[CH: 50] LEN: 12 | HEX: F9 77 FD FC EE 70 95 D7 76 7F 7F BE | T:161750 RPD:0
[CH: 50] LEN: 12 | HEX: F9 77 FE FB FE 73 95 D5 41 D5 BB 7D | T:161761 RPD:0
[CH: 50] LEN: 12 | HEX: F1 77 F6 F9 FE 77 15 FD 14 3B BF F7 | T:161772 RPD:0
[CH: 50] LEN: 12 | HEX: F9 77 EA F8 EA 76 95 FF 09 5A BF DD | T:161774 RPD:0
[CH: 50] LEN: 12 | HEX: F1 77 EC E7 FA 79 95 F4 40 92 B5 5A | T:161777 RPD:0
[CH: 50] LEN: 12 | HEX: F9 77 BF FE F6 70 95 FF 76 7F AF 7F | T:161789 RPD:0
[CH: 50] LEN: 12 | HEX: F9 77 FB FD FE 73 95 D7 61 EB BD DE | T:161789 RPD:0
[CH: 50] LEN: 12 | HEX: F9 77 DB FC EE 72 95 FF 5C 9C BF 7F | T:161800 RPD:0
[CH: 50] LEN: 12 | HEX: F9 77 DE FB FE 75 95 FF 7E D8 BD FD | T:161812 RPD:0
[CH: 50] LEN: 12 | HEX: F1 77 EA F2 FE 74 95 FF 23 B9 BB DE | T:161812 RPD:0
[CH: 50] LEN: 12 | HEX: E9 77 FE F7 56 71 95 D6 40 92 BF BF | T:161823 RPD:1
[CH: 50] LEN: 12 | HEX: F9 77 5D FB D6 75 95 EB 3E D8 BF BF | T:161823 RPD:0
[CH: 50] LEN: 12 | HEX: E9 77 FD FA FC 74 95 FE A3 B9 BF FF | T:161835 RPD:0
[CH: 50] LEN: 12 | HEX: F9 77 FD F7 DE 79 95 EF 40 92 BF 37 | T:161835 RPD:0
[CH: 50] LEN: 12 | HEX: E9 77 FD FD FE 70 95 FD 76 7E BE DF | T:161846 RPD:0
[CH: 50] LEN: 12 | HEX: F1 7F DA FB FE 75 95 EF 3C D8 BF FB | T:161858 RPD:0
[CH: 50] LEN: 12 | HEX: F9 77 BE F2 FE 74 95 FF A3 B9 B7 FF | T:161858 RPD:0
[CH: 50] LEN: 12 | HEX: F9 77 DD F7 F4 71 95 FE C0 92 BD 6F | T:161869 RPD:0
[CH: 50] LEN: 12 | HEX: F9 77 F9 FE F6 70 95 ED F6 7F BF FF | T:161869 RPD:0
[CH: 50] LEN: 12 | HEX: F9 77 FC FD FD 73 95 F5 C1 D5 BB F5 | T:161881 RPD:0
[CH: 50] LEN: 12 | HEX: F9 77 FE FC FD 72 95 E6 5C 9C BD D5 | T:161881 RPD:0
[CH: 50] LEN: 12 | HEX: F1 77 54 FB FC 75 95 FF 7C D8 BF FB | T:161892 RPD:0
[CH: 50] LEN: 12 | HEX: F9 77 FD FA F6 74 95 D7 A3 B9 AF FF | T:161904 RPD:0
[CH: 50] LEN: 12 | HEX: F9 77 FD F9 FE 77 95 FF D4 3B B7 FF | T:161904 RPD:0
[CH: 50] LEN: 12 | HEX: F9 77 DD F5 EA 73 95 DF 81 F5 BF FF | T:161915 RPD:0
[CH: 50] LEN: 12 | HEX: F1 77 B5 FA FE 74 95 FE 23 B9 BF EF | T:161915 RPD:0
[CH: 50] LEN: 12 | HEX: F9 77 FE F9 EE 77 95 EB 94 3B AE FD | T:161927 RPD:0
[CH: 50] LEN: 12 | HEX: F9 77 DD FE FE 70 95 EF 76 7F BE FD | T:161938 RPD:0
[CH: 50] LEN: 12 | HEX: F9 77 FD FD F5 73 95 FE 81 ED BF FB | T:161938 RPD:0
[CH: 50] LEN: 12 | HEX: ED 77 DE F2 F5 74 95 FE 23 BD BF FF | T:161950 RPD:0
[CH: 50] LEN: 12 | HEX: F9 77 FF FE FE 70 95 FF 76 7F BF FE | T:161950 RPD:0
[CH: 50] LEN: 12 | HEX: F9 77 BF FB DE 73 95 EB C1 E9 B7 FF | T:161961 RPD:1
[CH: 50] LEN: 12 | HEX: F9 77 AE F3 FF 75 95 FF 7E D8 BF FE | T:161961 RPD:1
[CH: 50] LEN: 12 | HEX: F9 77 B5 FA F6 74 95 FE A3 B9 BF F7 | T:161973 RPD:1
[CH: 50] LEN: 12 | HEX: F9 77 AE F9 F6 77 95 FF 94 3B BF BF | T:161984 RPD:1
[CH: 50] LEN: 12 | HEX: F1 77 FA F0 FA 76 95 FF 89 5A BB F7 | T:161984 RPD:0
[CH: 50] LEN: 12 | HEX: F9 77 F4 F7 BA 79 95 EB 40 92 BF FF | T:161996 RPD:1
[CH: 50] LEN: 12 | HEX: F9 77 76 F5 EA 73 95 FE A1 F7 BE FD | T:161996 RPD:0
[CH: 50] LEN: 12 | HEX: F1 77 FA F4 FE 72 95 FE DC 9C BE BF | T:162007 RPD:1
[CH: 50] LEN: 12 | HEX: F9 77 BA F1 F4 77 95 EA 94 33 B6 FE | T:162007 RPD:0
[CH: 50] LEN: 12 | HEX: F1 77 AF F8 FA 76 95 F7 09 5A AE EF | T:162019 RPD:1
[CH: 50] LEN: 12 | HEX: F1 77 7A F5 DC 73 95 ED 41 FD BF F6 | T:162030 RPD:0
[CH: 50] LEN: 12 | HEX: F1 77 EE FC FA 72 95 F7 5D 9C BD FF | T:162030 RPD:0
[CH: 50] LEN: 12 | HEX: F1 77 FA F9 ED 77 95 EE 94 3B BF AF | T:162042 RPD:1
[CH: 50] LEN: 12 | HEX: F1 77 5C FD FA 73 95 D6 81 E9 BB FF | T:162042 RPD:0
[CH: 50] LEN: 12 | HEX: F9 77 BA F6 F4 72 95 EE 5C 9C BF FD | T:162053 RPD:1
[CH: 50] LEN: 12 | HEX: F9 77 BA F2 FE 74 95 FF 23 B9 BF FB | T:162064 RPD:0
[CH: 50] LEN: 12 | HEX: F9 77 BA F9 F4 77 95 F6 D4 3B BF BD | T:162065 RPD:0
[CH: 50] LEN: 12 | HEX: F9 77 FD FD FE 70 95 FE F6 7F BF D2 | T:162076 RPD:1
[CH: 50] LEN: 12 | HEX: F9 77 D5 F9 FE 73 95 EB A1 D5 BA FF | T:162076 RPD:1
[CH: 50] LEN: 12 | HEX: F9 77 FE FC F6 72 95 FF 5C 9C BF DF | T:162088 RPD:1
[CH: 50] LEN: 12 | HEX: F9 77 DF F3 FD 75 95 FF BC D8 BF DF | T:162088 RPD:0
[CH: 50] LEN: 12 | HEX: F1 77 BD FA F6 74 95 F6 23 B9 BF D7 | T:162099 RPD:1
[CH: 50] LEN: 12 | HEX: F1 77 FD F4 FE 76 95 FF 89 5A BF BF | T:162110 RPD:0
[CH: 50] LEN: 12 | HEX: F1 77 FF F7 F5 79 95 EF 40 92 BE FD | T:162111 RPD:0
[CH: 50] LEN: 12 | HEX: F9 77 D6 FB FC 75 95 FF 7C D8 BD FF | T:162122 RPD:1
[CH: 50] LEN: 12 | HEX: F9 77 FD F0 EE 76 95 EE 89 5A BD FF | T:162122 RPD:0
[CH: 50] LEN: 12 | HEX: F9 77 AD F7 AC 79 95 FF C0 92 B7 BF | T:162133 RPD:0
[CH: 50] LEN: 12 | HEX: F9 77 FA F8 FE 72 95 D6 DC 9C BF 7B | T:162134 RPD:0
[CH: 50] LEN: 12 | HEX: F1 77 D5 FB DE 75 95 FF 7E D8 BB EE | T:162145 RPD:0
[CH: 50] LEN: 12 | HEX: F9 77 56 F1 DD 77 95 F7 94 3B BF ED | T:162156 RPD:0
[CH: 50] LEN: 12 | HEX: F9 77 D6 F8 FE 76 95 FF 09 5A BD F7 | T:162157 RPD:0
[CH: 50] LEN: 12 | HEX: F9 77 AA F5 F5 73 95 F7 61 FD BF FF | T:162168 RPD:0
[CH: 50] LEN: 12 | HEX: F9 77 DE F9 FE 77 15 EF 94 3B BB EB | T:162168 RPD:0
[CH: 50] LEN: 12 | HEX: F9 77 FE F8 FE 76 95 FF 09 5A BF FE | T:162179 RPD:0
[CH: 50] LEN: 12 | HEX: F1 77 BD F7 FD 79 95 FA 40 92 B9 FB | T:162191 RPD:0
[CH: 50] LEN: 12 | HEX: F1 77 74 FA FE 70 95 FE 76 7B 37 AF | T:162191 RPD:0
[CH: 50] LEN: 12 | HEX: F1 77 FC FC FD 72 95 FE DC 9C BB BD | T:162202 RPD:1
[CH: 50] LEN: 12 | HEX: F9 77 FD F3 D6 75 95 FE FC D8 BF 6F | T:162203 RPD:0
[CH: 50] LEN: 12 | HEX: F9 77 BD F2 F5 74 95 EA 23 B9 BF 7F | T:162214 RPD:0
[CH: 50] LEN: 12 | HEX: F1 77 7E F7 AD 79 95 FD C0 92 B7 7E | T:162214 RPD:0
[CH: 50] LEN: 12 | HEX: F9 77 BE FF FC 70 95 FF 76 77 7F FF | T:162225 RPD:0
[CH: 50] LEN: 12 | HEX: F9 77 BB FA FE 74 95 FE A3 F9 FE BF | T:162237 RPD:0
[CH: 50] LEN: 12 | HEX: F9 77 BE F1 D6 77 55 FA 94 3B BF 6B | T:162237 RPD:0
[CH: 50] LEN: 12 | HEX: F9 77 FF F8 F5 76 95 EE 89 5A AF 7E | T:162248 RPD:0
[CH: 50] LEN: 12 | HEX: F1 77 FD FC FE 72 95 D5 5C 98 AF D7 | T:162249 RPD:0
[CH: 50] LEN: 12 | HEX: F9 77 BD EB FF 75 95 EA BA D8 BE FD | T:162260 RPD:0
[CH: 50] LEN: 12 | HEX: F9 77 FC E8 F4 76 95 EE 89 5A BB FD | T:162260 RPD:0
[CH: 50] LEN: 12 | HEX: F9 77 FE F7 BD 79 95 EA 40 92 BE EF | T:162271 RPD:0
[CH: 50] LEN: 12 | HEX: F1 77 DC E8 F4 72 95 F5 5C 9C AD FD | T:162283 RPD:0
[CH: 50] LEN: 12 | HEX: F1 77 5E FB BC 75 95 AE 3A D8 B7 FF | T:162283 RPD:0
[CH: 50] LEN: 12 | HEX: F1 77 BB F2 FC 74 95 FE A3 B9 BF 7D | T:162294 RPD:0
[CH: 50] LEN: 12 | HEX: F1 77 F4 F1 D4 77 95 FE 14 3F BF ED | T:162295 RPD:0
[CH: 50] LEN: 12 | HEX: F9 77 F6 F8 FA 76 95 FE 89 5A BF EF | T:162306 RPD:0
[CH: 50] LEN: 12 | HEX: F5 77 FA FA FE 70 95 FF 76 7D B5 BF | T:162306 RPD:0
[CH: 50] LEN: 12 | HEX: F9 77 F4 FD EE 73 95 D5 41 FD AB F7 | T:162317 RPD:0
[CH: 50] LEN: 12 | HEX: F9 77 AE F6 FE 74 95 FE A3 B9 BF AF | T:162329 RPD:0
[CH: 50] LEN: 12 | HEX: F9 77 B8 F9 EE 77 95 FE 94 3B BF FF | T:162329 RPD:0
[CH: 50] LEN: 12 | HEX: E9 76 BC F7 DD 79 95 D5 40 92 BF AF | T:162340 RPD:0
[CH: 50] LEN: 12 | HEX: F9 77 BA FA FE 74 95 FD 23 B9 B7 DB | T:162340 RPD:0
[CH: 50] LEN: 12 | HEX: F9 77 DF F9 FE 77 95 FF 54 3B BF FF | T:162352 RPD:0
[CH: 50] LEN: 12 | HEX: F9 77 DD F8 FE 76 95 FB 09 5A B7 BB | T:162363 RPD:0
[CH: 50] LEN: 12 | HEX: F9 77 EF F7 FC 79 95 EA 40 92 BB DE | T:162363 RPD:0
[CH: 50] LEN: 12 | HEX: F5 77 FD FE FA 70 95 F6 76 7F BE FE | T:162379 RPD:1
[CH: 50] LEN: 12 | HEX: F1 77 EE F5 FD 73 95 ED 41 E9 BF FF | T:162382 RPD:1
[CH: 50] LEN: 12 | HEX: F1 77 F4 FC FA 72 95 F7 5C 9C BD FF | T:162385 RPD:1
[CH: 50] LEN: 12 | HEX: F9 77 74 F3 FD 75 95 FD BF D8 BF BF | T:162396 RPD:1
[CH: 50] LEN: 12 | HEX: ED 77 BA EA FA 74 95 ED A3 B9 BF DE | T:162397 RPD:0
[CH: 50] LEN: 12 | HEX: F9 77 FA F9 FE 77 95 FF 54 3B BD FD | T:162408 RPD:1
[CH: 50] LEN: 12 | HEX: F9 77 FD F0 FA 76 95 D5 89 5A BF FD | T:162408 RPD:0
[CH: 50] LEN: 12 | HEX: F9 77 FA F7 DD 79 95 D5 C0 92 A9 7F | T:162419 RPD:1
[CH: 50] LEN: 12 | HEX: F9 77 FD EA F6 72 95 FE DC 9C B7 BF | T:162431 RPD:1
[CH: 50] LEN: 12 | HEX: F5 77 FA FB BD 75 95 D7 7C D8 BF FF | T:162431 RPD:0
[CH: 50] LEN: 12 | HEX: F1 77 FE F0 FE 76 95 FD 09 5A BF EE | T:162442 RPD:1
[CH: 50] LEN: 12 | HEX: F5 77 F4 F4 F6 72 95 EA 5C 9C BF 7D | T:162443 RPD:0
[CH: 50] LEN: 12 | HEX: F9 77 FD FB DE 75 95 FE FC D8 BF F6 | T:162454 RPD:1
[CH: 50] LEN: 12 | HEX: F1 77 FD F8 FE 76 95 F7 09 5A BF DF | T:162465 RPD:1
[CH: 50] LEN: 12 | HEX: E9 77 BC F7 DD 79 95 FE C0 92 BD 7F | T:162465 RPD:0
[CH: 50] LEN: 12 | HEX: F1 77 BA FC FE 72 95 FF 5C 9C AF DF | T:162477 RPD:1
[CH: 50] LEN: 12 | HEX: F9 77 FA F9 F6 77 95 D7 54 3B BB 7D | T:162477 RPD:1
[CH: 50] LEN: 12 | HEX: F9 77 AE F8 FE 76 95 FE 09 5A BF 7B | T:162488 RPD:1
[CH: 50] LEN: 12 | HEX: F1 77 BE F7 55 79 95 FF 40 92 BF FF | T:162489 RPD:1
[CH: 50] LEN: 12 | HEX: F1 77 BE FE F6 70 95 EB 76 77 3F FF | T:162500 RPD:1
[CH: 50] LEN: 12 | HEX: F9 77 BD FD FE 73 95 D7 41 FD BE FF | T:162512 RPD:1
[CH: 50] LEN: 12 | HEX: F1 77 BD F8 F6 72 95 EB 5C 9C BF FF | T:162512 RPD:0
[CH: 50] LEN: 12 | HEX: F9 77 FE FB DE 75 95 FD 3E D8 BD FF | T:162523 RPD:1
[CH: 50] LEN: 12 | HEX: F9 77 FC F7 FE 79 95 FF 40 92 BF FF | T:162523 RPD:0
[CH: 50] LEN: 12 | HEX: F1 77 AA FE FE 70 95 F5 76 75 DE FB | T:162535 RPD:1
[CH: 50] LEN: 12 | HEX: F9 77 DE FB D6 75 95 F7 BE D8 BF FF | T:162535 RPD:0
[CH: 50] LEN: 12 | HEX: F1 77 DE F9 D6 77 95 FE D4 3B FB FD | T:162546 RPD:1
[CH: 50] LEN: 12 | HEX: F9 77 F9 E7 FD 79 95 DE C0 92 BF 7B | T:162557 RPD:1
[CH: 50] LEN: 12 | HEX: F1 77 BC ED F6 73 95 FD 41 FD BF FA | T:162558 RPD:1
[CH: 50] LEN: 12 | HEX: F9 77 BD FB EE 75 95 DD 7A D8 BF DD | T:162569 RPD:1
[CH: 50] LEN: 12 | HEX: F9 77 DE F8 F6 76 95 ED 09 5A BF FF | T:162569 RPD:0
[CH: 50] LEN: 12 | HEX: F9 77 FD F7 AD 71 95 FF 40 92 BF EF | T:162581 RPD:1
[CH: 50] LEN: 12 | HEX: F1 77 BB EA FE 72 95 EF 5C 9C BF 6E | T:162581 RPD:0
[CH: 50] LEN: 12 | HEX: F1 77 FA FB FF 75 95 FF BC D8 BD FB | T:162592 RPD:1
[CH: 50] LEN: 12 | HEX: F9 77 AD F8 F5 76 95 FE 09 5A B7 5F | T:162603 RPD:1
[CH: 50] LEN: 12 | HEX: F9 77 B9 F7 BA 71 95 FB 40 92 BE EF | T:162604 RPD:0
[CH: 50] LEN: 12 | HEX: F1 77 7C F4 F5 72 95 D5 5C 9C BF FF | T:162615 RPD:1
[CH: 50] LEN: 12 | HEX: F9 77 BD F8 FE 76 95 FE 89 5A B7 7F | T:162615 RPD:0
[CH: 50] LEN: 12 | HEX: F1 77 5E F7 FD 79 95 EB 40 92 AF BB | T:162627 RPD:1
[CH: 50] LEN: 12 | HEX: F5 77 B5 FC FC 72 95 FF 5C 9C B7 DF | T:162638 RPD:1
[CH: 50] LEN: 12 | HEX: F9 77 FD F7 DC 75 95 FE FE D8 BF B7 | T:162638 RPD:0
[CH: 50] LEN: 12 | HEX: F9 77 BC F7 AA 79 95 FD 40 92 AF FD | T:162649 RPD:1
[CH: 50] LEN: 12 | HEX: F9 77 BB F9 EE 73 95 EE 81 F5 BF 7A | T:162650 RPD:0
[CH: 50] LEN: 12 | HEX: F9 77 FE FC EE 72 95 D5 5C 9C BB BA | T:162661 RPD:1
[CH: 50] LEN: 12 | HEX: F9 77 FD F9 F4 77 95 D5 54 3B BD FB | T:162661 RPD:0
[CH: 50] LEN: 12 | HEX: F1 77 DC F0 EA 76 95 D7 09 5A BD EF | T:162673 RPD:1
[CH: 50] LEN: 12 | HEX: F9 77 FA EB F5 73 95 FF 41 D5 BF F7 | T:162684 RPD:0
[CH: 50] LEN: 12 | HEX: F9 77 FD F8 F6 72 95 D6 DC 9C B6 F7 | T:162684 RPD:0
[CH: 50] LEN: 12 | HEX: F9 77 BA EA FC 74 95 FF 23 BD BF F7 | T:162695 RPD:1
[CH: 50] LEN: 12 | HEX: F9 77 FA F1 EA 77 55 DF 94 3B B7 7E | T:162696 RPD:0
[CH: 50] LEN: 12 | HEX: F5 77 FD F4 FC 76 95 D7 89 5A BF FD | T:162707 RPD:1
[CH: 50] LEN: 12 | HEX: F9 77 EF F7 BA 79 95 FE C0 92 BF FB | T:162707 RPD:0
[CH: 50] LEN: 12 | HEX: F1 77 FE FE FE 70 95 FF 76 7D 37 BF | T:162719 RPD:1
[CH: 50] LEN: 12 | HEX: F9 77 BA FB FE 75 95 FF BE D8 BB 7D | T:162730 RPD:1
[CH: 50] LEN: 12 | HEX: F9 77 AE FA FE 74 95 EE 23 B9 BD 7F | T:162730 RPD:0
[CH: 50] LEN: 12 | HEX: F9 77 FE F7 FD 79 95 FF 40 92 BF FE | T:162741 RPD:1
[CH: 50] LEN: 12 | HEX: F1 77 FF FA FE 72 95 F5 5C 9C BF DF | T:162742 RPD:0
[CH: 50] LEN: 12 | HEX: E9 77 FB F3 FD 75 95 D5 3E D8 BF BD | T:162753 RPD:0
[CH: 50] LEN: 12 | HEX: F1 77 F5 F4 F4 76 95 FF 89 5A BD 7A | T:162764 RPD:0
[CH: 50] LEN: 12 | HEX: F9 77 EE F7 FD 79 95 FF 40 92 BF FF | T:162764 RPD:0
[CH: 50] LEN: 12 | HEX: F9 77 FD FC FE 72 95 FE DC 9C BD ED | T:162776 RPD:1
[CH: 50] LEN: 12 | HEX: F1 77 AE F8 FA 76 95 FB 09 5A B7 7F | T:162776 RPD:0
[CH: 50] LEN: 12 | HEX: F9 77 FE F7 FF 79 95 FF C0 92 BB 77 | T:162787 RPD:0
[CH: 50] LEN: 12 | HEX: F9 77 FE FE FE 70 95 FF 76 7A B7 EF | T:162790 RPD:0
[CH: 50] LEN: 12 | HEX: F9 77 FD FD EE 73 95 EA 21 DD BD 7D | T:162801 RPD:1
[CH: 50] LEN: 12 | HEX: F1 77 FE F4 FE 72 95 FF 5C 9C BF EB | T:162801 RPD:0
[CH: 50] LEN: 12 | HEX: F9 77 75 F3 D6 75 95 F6 BA D8 BF E5 | T:162813 RPD:0
[CH: 50] LEN: 12 | HEX: F9 77 FC FA FB 74 95 FF 23 B9 BE BB | T:162824 RPD:0
[CH: 50] LEN: 12 | HEX: F5 77 DC E9 F5 77 95 F5 94 3B A7 EF | T:162824 RPD:0
[CH: 50] LEN: 12 | HEX: F9 77 D6 F8 FA 76 95 FD 89 5A B7 FB | T:162835 RPD:0
[CH: 50] LEN: 12 | HEX: F9 77 FF F7 EA 79 95 A8 40 92 BF ED | T:162836 RPD:0
[CH: 50] LEN: 12 | HEX: D1 77 DA FC FE 70 95 FF 76 7F B7 FF | T:162847 RPD:0
[CH: 50] LEN: 12 | HEX: F1 77 BB F4 EB 72 95 EE DC 9C BE DF | T:162847 RPD:0
[CH: 50] LEN: 12 | HEX: F9 77 AE FB ED 75 95 FF 7E D8 B7 FF | T:162859 RPD:0
[CH: 50] LEN: 12 | HEX: ED 77 FE F8 FE 76 95 F7 09 5A BB F7 | T:162870 RPD:0
[CH: 50] LEN: 12 | HEX: F9 77 FD F7 BA 79 95 FF C0 92 BF FD | T:162870 RPD:0
[CH: 50] LEN: 12 | HEX: F9 77 DE EB FE 73 95 FF A1 E9 BF F6 | T:162881 RPD:0
[CH: 50] LEN: 12 | HEX: F9 77 FD FC FE 72 95 EA 5C 9C BF FF | T:162882 RPD:0
[CH: 50] LEN: 12 | HEX: F9 77 F6 F7 EC 75 95 EA BC D8 BA FF | T:162893 RPD:0
[CH: 50] LEN: 12 | HEX: F9 77 FD E9 FE 77 95 FF 94 3B BE AF | T:162893 RPD:0
[CH: 50] LEN: 12 | HEX: F5 77 FB F8 FC 76 95 EE 89 5A B7 FF | T:162905 RPD:0
[CH: 50] LEN: 12 | HEX: F1 77 FF F7 FA 79 95 EF 40 92 BF EB | T:162916 RPD:0
[CH: 50] LEN: 12 | HEX: F9 77 B7 FE FA 70 95 D7 76 7E B5 F7 | T:162930 RPD:0
[CH: 50] LEN: 12 | HEX: F9 77 B5 FD FE 73 95 FF A1 FD B5 6E | T:162934 RPD:0
[CH: 50] LEN: 12 | HEX: F9 77 5E FC FE 72 95 D5 5A 9C BE FD | T:162937 RPD:0
[CH: 50] LEN: 12 | HEX: F1 77 FE FB AD 75 95 D7 FC D8 BF FB | T:162948 RPD:0
[CH: 50] LEN: 12 | HEX: F9 77 FF FA EC 74 95 EB 23 B9 BF 7F | T:162948 RPD:0
[CH: 50] LEN: 12 | HEX: E9 77 D4 F8 FA 76 95 F7 09 5A BD DF | T:162959 RPD:0
[CH: 50] LEN: 12 | HEX: F9 77 D5 F7 FE 79 95 FA C0 92 B7 FB | T:162960 RPD:0
[CH: 50] LEN: 12 | HEX: F9 77 5E FE F5 70 95 FF 76 7F BF FF | T:162971 RPD:0
[CH: 50] LEN: 12 | HEX: F9 77 FF FC FE 72 95 D5 5C 9C BE F6 | T:162982 RPD:0
[CH: 50] LEN: 12 | HEX: F9 77 BF FB FE 75 95 F7 7E D8 BB DB | T:162983 RPD:0
[CH: 50] LEN: 12 | HEX: F9 77 EE F8 F6 76 95 ED 09 5A BD DE | T:162994 RPD:0
[CH: 50] LEN: 12 | HEX: F5 75 F6 ED EC 70 95 FF 76 5E BF F7 | T:162996 RPD:0
[CH: 50] LEN: 12 | HEX: F1 77 AA F5 FE 73 95 F5 C1 D7 BF 77 | T:163007 RPD:0
[CH: 50] LEN: 12 | HEX: F9 77 D6 F4 F4 72 95 F5 5C 9C BF 77 | T:163007 RPD:0
[CH: 50] LEN: 12 | HEX: ED 77 BC FB FE 75 95 FF BE D8 BD FF | T:163018 RPD:0
[CH: 50] LEN: 12 | HEX: F9 77 FC EE FE 74 95 D7 23 B9 BC D3 | T:163030 RPD:0
[CH: 50] LEN: 12 | HEX: F9 77 AD F9 EE 77 95 EF 14 3B B7 ED | T:163030 RPD:0
[CH: 50] LEN: 12 | HEX: F9 77 FC EE FE 70 95 D7 76 7D 75 5F | T:163041 RPD:0
[CH: 50] LEN: 12 | HEX: F1 77 BD FA FD 74 95 FE 23 B9 AE DF | T:163042 RPD:0
[CH: 50] LEN: 12 | HEX: F9 77 EE F8 FE 76 95 FF 09 5A AB DC | T:163053 RPD:0
[CH: 50] LEN: 12 | HEX: F1 77 F4 F5 FA 70 95 FF 76 7D BD FB | T:163053 RPD:0
[CH: 50] LEN: 12 | HEX: F1 77 BE F9 FF 73 95 FE 81 F5 BD FF | T:163064 RPD:0
[CH: 50] LEN: 12 | HEX: F9 77 FA FA FA 74 95 FF 23 B9 BF FD | T:163076 RPD:0
[CH: 50] LEN: 12 | HEX: F1 77 DE F9 FE 77 95 AA 54 3B BF 7A | T:163076 RPD:0
[CH: 50] LEN: 12 | HEX: F9 77 FD FA FE 70 95 FF F6 7D 7D FF | T:163087 RPD:0
[CH: 50] LEN: 12 | HEX: F9 77 AD F3 F6 75 95 DD 3E D8 AF FF | T:163087 RPD:0
[CH: 50] LEN: 12 | HEX: F9 77 FE FA F6 74 95 ED A3 B9 BF F7 | T:163099 RPD:0
[CH: 50] LEN: 12 | HEX: F9 77 DC F8 FE 76 95 EA 09 5A BF EB | T:163102 RPD:0
[CH: 50] LEN: 12 | HEX: F9 77 EE F7 FE 79 95 FF 40 92 B7 BF | T:163114 RPD:0
[CH: 50] LEN: 12 | HEX: F9 77 BD FD FE 70 95 FE F6 7F BF 77 | T:163114 RPD:0
[CH: 50] LEN: 12 | HEX: E9 77 BC FD F4 73 95 FD 41 DB BF 6F | T:163125 RPD:0
[CH: 50] LEN: 12 | HEX: E9 77 FD F4 FE 72 95 E1 5C 9C B7 6B | T:163126 RPD:0
[CH: 50] LEN: 12 | HEX: F9 77 DC FB F4 75 95 FF 3E D8 BF FF | T:163137 RPD:0
[CH: 50] LEN: 12 | HEX: F9 77 FB F8 FA 76 95 EA 09 5A AC EF | T:163148 RPD:0
[CH: 50] LEN: 12 | HEX: F9 77 B4 F7 5D 79 95 EB 40 92 B4 FF | T:163148 RPD:0
[CH: 50] LEN: 12 | HEX: F1 77 FE F3 FE 75 95 D7 3D D8 BF FE | T:163160 RPD:0
[CH: 50] LEN: 12 | HEX: F9 77 AE F7 FB 71 95 F5 40 92 BF FE | T:163160 RPD:0
[CH: 50] LEN: 12 | HEX: F1 77 FE FD FE 73 95 EB 41 F5 AF FF | T:163171 RPD:0
[CH: 50] LEN: 12 | HEX: F9 77 FA F4 EA 72 95 FF 5C 9C BB FF | T:163183 RPD:0
[CH: 50] LEN: 12 | HEX: F1 77 DD FB EE 75 95 FF 7C D8 BB EF | T:163183 RPD:0
[CH: 50] LEN: 12 | HEX: F1 77 D6 F8 FE 76 95 EF 09 5A BF D5 | T:163194 RPD:0
[CH: 50] LEN: 12 | HEX: F9 77 FE F5 EE 73 95 EB 61 FD BF DF | T:163194 RPD:0
[CH: 50] LEN: 12 | HEX: F9 77 D4 FC FE 72 95 FF 5C 9C B7 FF | T:163206 RPD:0
[CH: 50] LEN: 12 | HEX: F1 77 FF F9 EE 77 15 FF 94 3B BF FF | T:163206 RPD:0
[CH: 50] LEN: 12 | HEX: F9 77 FB F8 FE 76 95 FF 09 5A BF FD | T:163217 RPD:0
[CH: 50] LEN: 12 | HEX: FD 77 DE F7 F6 73 D5 D6 A1 55 BA F9 | T:163228 RPD:0
[CH: 50] LEN: 12 | HEX: F9 77 FE FC FE 72 95 F5 5C 9C BF F6 | T:163229 RPD:0
[CH: 50] LEN: 12 | HEX: F9 77 F4 F9 FC 77 95 EE 94 3B BF DD | T:163240 RPD:0
[CH: 50] LEN: 12 | HEX: F9 77 DE FD EE 73 95 D6 A1 55 3D F6 | T:163240 RPD:0
[CH: 50] LEN: 12 | HEX: F1 77 EE FC FA 72 95 FF 5C 9C BF ED | T:163252 RPD:0
[CH: 50] LEN: 12 | HEX: F9 77 FE F9 D6 77 95 FF 54 3B BF FF | T:163252 RPD:0
[CH: 50] LEN: 12 | HEX: F9 77 FE F8 FE 76 95 FF 09 5A BF 7F | T:163263 RPD:0
[CH: 50] LEN: 12 | HEX: F9 77 BE F5 FE 70 95 FE 76 7F BF FB | T:163274 RPD:0
[CH: 50] LEN: 12 | HEX: F9 77 BA FD EA 73 95 D7 81 DD BF EA | T:163275 RPD:0
[CH: 50] LEN: 12 | HEX: F1 77 FE FA FA 74 95 F7 23 B9 BF 6B | T:163286 RPD:0
[CH: 50] LEN: 12 | HEX: F9 77 BE F6 FA 70 95 FF 76 7B BF FB | T:163293 RPD:0
[CH: 50] LEN: 12 | HEX: F1 77 FE FD FA 73 95 FF C1 DD AF FF | T:163296 RPD:0
[CH: 50] LEN: 12 | HEX: F9 77 DE FC FE 72 95 AF 5C 9C B5 6D | T:163308 RPD:0
[CH: 50] LEN: 12 | HEX: F9 77 BB F3 EE 75 95 FF BC D8 B7 FE | T:163308 RPD:0
[CH: 50] LEN: 12 | HEX: F9 77 FE FA FE 74 95 FF 23 B9 BF DF | T:163319 RPD:0
[CH: 50] LEN: 12 | HEX: F5 77 FF E5 FE 77 15 FF 94 3B AF FF | T:163319 RPD:0
[CH: 50] LEN: 12 | HEX: F9 7F FD F7 DC 79 95 F7 C0 92 BF B6 | T:163331 RPD:0
[CH: 50] LEN: 12 | HEX: F9 65 AE FE FE 70 95 EF 76 7F BB DF | T:163334 RPD:1
[CH: 50] LEN: 12 | HEX: F9 77 FE FD FE 73 95 FF C1 F5 B7 7D | T:163346 RPD:1
[CH: 50] LEN: 12 | HEX: F1 77 FE FC FC 72 95 FD 5C 9C BD BF | T:163346 RPD:0
[CH: 50] LEN: 12 | HEX: F1 77 FE F3 D6 75 15 FF BE D8 B5 4B | T:163357 RPD:1
[CH: 50] LEN: 12 | HEX: F9 77 FE FA FE 74 95 FF 23 F9 BF F7 | T:163368 RPD:0
[CH: 50] LEN: 12 | HEX: F1 77 FE F1 EF 77 95 F6 94 3B BF FF | T:163369 RPD:0
[CH: 50] LEN: 12 | HEX: F9 77 FE F7 FE 79 95 FF 40 92 BF F5 | T:163380 RPD:1
[CH: 50] LEN: 12 | HEX: F1 77 EE FE FE 70 95 FA F6 7F BF FB | T:163380 RPD:0
[CH: 50] LEN: 12 | HEX: F9 77 FA FD EC 73 95 EA 81 AB BD DA | T:163392 RPD:1
[CH: 50] LEN: 12 | HEX: F9 77 ED FC FC 72 95 FF 5C 9C BB 7A | T:163392 RPD:0
[CH: 50] LEN: 12 | HEX: F1 77 F9 F3 FE 75 95 D5 BA D8 BF F3 | T:163403 RPD:0
[CH: 50] LEN: 12 | HEX: F9 77 FB F8 FE 76 95 EE 09 5A BF DD | T:163414 RPD:1
[CH: 50] LEN: 12 | HEX: F9 77 FF F7 FC 79 95 FA C0 92 BF D5 | T:163415 RPD:1
[CH: 50] LEN: 12 | HEX: F1 77 FE FE FA 70 95 FF 76 7D 3F FF | T:163426 RPD:1
[CH: 50] LEN: 12 | HEX: E9 77 FC EB FE 73 95 FF 41 F7 BB FF | T:163426 RPD:0
[CH: 50] LEN: 12 | HEX: F9 77 F6 FC FE 72 95 FE 5C 9C BF 6B | T:163438 RPD:0
[CH: 50] LEN: 12 | HEX: F9 77 D5 00 00 71 95 AD 49 06 B5 DB | T:163457 RPD:1
[CH: 50] LEN: 12 | HEX: F9 77 FD 00 00 71 95 EA A9 06 B7 DF | T:163457 RPD:1
[CH: 50] LEN: 12 | HEX: F8 6D EB 00 FA FC 97 FC E8 9E BE A5 | T:163487 RPD:1
[CH: 50] LEN: 12 | HEX: F8 6D FF 00 FC FC 97 FF 68 9E B7 BB | T:163488 RPD:1
[CH: 50] LEN: 12 | HEX: F9 77 AF 00 00 79 97 DD 2E 64 BB FF | T:163756 RPD:0
[CH: 50] LEN: 12 | HEX: F9 77 D6 80 00 71 97 ED 2F 64 B9 FD | T:163757 RPD:1
[CH: 50] LEN: 12 | HEX: F8 6D F5 00 FA F8 97 BF 68 9E BF FE | T:163787 RPD:1
[CH: 50] LEN: 12 | HEX: F8 6D D7 00 FD FC 97 FA 68 9E BF FA | T:163788 RPD:0
[CH: 50] LEN: 12 | HEX: F9 77 FE 80 00 71 97 5C AF 64 BF FD | T:164056 RPD:1
[CH: 50] LEN: 12 | HEX: F1 77 FF 00 00 71 97 FE AF 64 BA FD | T:164057 RPD:1
[CH: 50] LEN: 12 | HEX: F8 6D EE 80 FE F8 97 5F 68 9E BF FD | T:164087 RPD:1
[CH: 50] LEN: 12 | HEX: F8 6D FF 00 FE F8 97 EF 68 9E B7 FE | T:164087 RPD:1
[CH: 50] LEN: 12 | HEX: F9 77 FC 80 00 71 97 DE AF 64 B6 0F | T:164356 RPD:0
[CH: 50] LEN: 12 | HEX: F1 77 FF 00 00 71 97 EF 6F 64 AB AE | T:164356 RPD:0
[CH: 50] LEN: 12 | HEX: F8 6D FB 00 FE F8 97 FF 68 9E BF BF | T:164386 RPD:0
[CH: 50] LEN: 12 | HEX: F8 6D FF 00 FE FC 97 BD 68 9E BB FE | T:164387 RPD:0
[CH: 50] LEN: 12 | HEX: F9 77 FE 00 00 71 97 FD 2F 64 AB D7 | T:164655 RPD:1
[CH: 50] LEN: 12 | HEX: F9 77 FF 80 00 71 97 EB AF 64 BB EF | T:164656 RPD:1
[CH: 50] LEN: 12 | HEX: F0 6D FE 00 FE FC 97 AD 68 9C BF FF | T:164686 RPD:0
[CH: 50] LEN: 12 | HEX: F4 6D F6 00 FE FC 97 FF 68 9E BF DF | T:164687 RPD:1
[CH: 50] LEN: 12 | HEX: F9 77 AD 00 00 71 97 FE AF 64 BF FF | T:164955 RPD:1
[CH: 50] LEN: 12 | HEX: F9 77 BA 00 00 71 97 FD 2F 64 BF FF | T:164956 RPD:1
[CH: 50] LEN: 12 | HEX: F8 6D F7 00 FE F6 97 FA 68 9C BE FF | T:164986 RPD:1
[CH: 50] LEN: 12 | HEX: F8 6D FA 00 FE F4 97 FF 68 9E BD 7F | T:164986 RPD:1
[CH: 50] LEN: 12 | HEX: F9 77 F7 00 00 71 97 FE AF 64 BF EF | T:165255 RPD:1
[CH: 50] LEN: 12 | HEX: F9 77 FE 80 00 71 97 FF AF 64 BF FF | T:165256 RPD:1
[CH: 50] LEN: 12 | HEX: F8 6D FA 80 FE FC 97 FD 68 9E BD FF | T:165285 RPD:1
[CH: 50] LEN: 12 | HEX: F0 6D FA 80 FA FC 97 FE E8 9E BF BF | T:165286 RPD:1
[CH: 50] LEN: 12 | HEX: F1 77 FD 00 00 71 97 B5 AF 64 BF DF | T:165555 RPD:1
[CH: 50] LEN: 12 | HEX: F9 77 FD 00 00 71 97 FE AF 64 BF 7F | T:165555 RPD:1
[CH: 50] LEN: 12 | HEX: F8 6D F6 40 F4 EC 97 EE E8 9E BF FF | T:165585 RPD:1
[CH: 50] LEN: 12 | HEX: F8 6D FF 00 FA F4 97 FF 68 9E BD FF | T:165586 RPD:1
[CH: 50] LEN: 12 | HEX: F9 77 FE 40 00 71 97 FE 6F 64 BD FF | T:165854 RPD:1
[CH: 50] LEN: 12 | HEX: F9 77 DE 80 00 71 97 FE EF 64 AE F6 | T:165855 RPD:1
[CH: 50] LEN: 12 | HEX: F8 6D FF 00 F6 F4 97 5F 68 9E BE FF | T:165885 RPD:1
[CH: 50] LEN: 12 | HEX: F8 6D EE 00 FE F4 97 FF 68 9E BD F7 | T:165886 RPD:1
[CH: 50] LEN: 12 | HEX: F9 77 FF 00 00 71 97 FD 2F 64 BD FB | T:166154 RPD:1
[CH: 50] LEN: 12 | HEX: F9 77 FE 80 00 71 97 5D AF 64 BF DF | T:166155 RPD:1
[CH: 50] LEN: 12 | HEX: F0 6D FF 00 F6 FA 97 D7 68 9E BE FF | T:166185 RPD:1
[CH: 50] LEN: 12 | HEX: F4 6D FF 00 FE F8 97 FF 68 9E BE FE | T:166185 RPD:1
[CH: 50] LEN: 12 | HEX: F9 77 FF 00 00 71 97 FA AF 64 BB DF | T:166454 RPD:1
[CH: 50] LEN: 12 | HEX: F1 77 AF 00 00 71 97 FF AF 64 B7 AE | T:166455 RPD:1
[CH: 50] LEN: 12 | HEX: F8 6D FA 00 FE FC 97 FD 68 9E BF FB | T:166484 RPD:1
[CH: 50] LEN: 12 | HEX: E8 6D FF 00 FE F4 97 D7 68 9E B7 FF | T:166485 RPD:1
[CH: 50] LEN: 12 | HEX: F9 77 DF 80 00 71 97 DD 6F 64 BB AD | T:166754 RPD:1
[CH: 50] LEN: 12 | HEX: F9 77 FD 00 00 71 97 BD 2F 64 BF FE | T:166754 RPD:1
[CH: 50] LEN: 12 | HEX: F0 6D F7 00 FE FC 97 FE 68 9E BF BF | T:166784 RPD:1
[CH: 50] LEN: 12 | HEX: F8 6D D7 00 FE F4 97 AD E8 9E BD F7 | T:166785 RPD:1
[CH: 50] LEN: 12 | HEX: F1 77 AF 00 00 71 97 DF AE 64 B7 FF | T:167053 RPD:1
[CH: 50] LEN: 12 | HEX: F9 77 DE 80 00 71 97 DF 2F 64 BF F7 | T:167054 RPD:1
[CH: 50] LEN: 12 | HEX: F8 6D F7 00 FE F4 97 EB 68 9E BF 7D | T:167084 RPD:1
[CH: 50] LEN: 12 | HEX: F0 6D D6 00 FA F8 97 FF 68 9E BF D7 | T:167085 RPD:1
[CH: 50] LEN: 12 | HEX: F1 77 EA 00 00 71 97 5F 2F 64 BE FB | T:167353 RPD:1
[CH: 50] LEN: 12 | HEX: F9 77 FF 00 00 71 97 75 2F 64 BF BB | T:167354 RPD:1
[CH: 50] LEN: 12 | HEX: F0 6D F6 00 FE F4 97 FF 68 9E AF FD | T:167384 RPD:1
[CH: 50] LEN: 12 | HEX: F8 6D F5 00 F5 FC 97 FF 68 9E BF 77 | T:167384 RPD:1
[CH: 50] LEN: 12 | HEX: FA 78 FF D4 7E FC 97 FE A0 A1 BE AF | T:167436 RPD:1
[CH: 50] LEN: 12 | HEX: FA 78 FF A8 7C FC 97 FD C0 A1 BD FF | T:167437 RPD:1
[CH: 50] LEN: 12 | HEX: FA 7B FF 00 81 FC 97 FF 27 DD BF FF | T:167448 RPD:1
[CH: 50] LEN: 12 | HEX: FA 7B F5 00 81 E9 97 FE 97 FF BE FF | T:167448 RPD:1
[CH: 50] LEN: 12 | HEX: F1 77 D6 FC FE 70 97 EE 90 1D B7 FF | T:167471 RPD:1
[CH: 50] LEN: 12 | HEX: E9 77 FE FB FE 75 97 FF 58 BA B5 F7 | T:167477 RPD:1
[CH: 50] LEN: 12 | HEX: F9 77 FD FA FB 74 97 FD 45 DB FF FF | T:167480 RPD:1
[CH: 50] LEN: 12 | HEX: F9 77 ED F9 FE 77 97 FF 52 59 BF 57 | T:167483 RPD:1
[CH: 50] LEN: 12 | HEX: F9 77 FF F0 FE 76 97 DA EF 38 AD DF | T:167494 RPD:1
[CH: 50] LEN: 12 | HEX: E9 77 FE F7 FF 79 97 AE A6 F0 BF FB | T:167494 RPD:0
[CH: 50] LEN: 12 | HEX: F9 77 FE FE FE 70 97 FF 10 1D AB D5 | T:167505 RPD:1
[CH: 50] LEN: 12 | HEX: F9 77 BD ED FE 7B 97 BF A7 9F BF 7D | T:167517 RPD:0
[CH: 50] LEN: 12 | HEX: F9 77 FE FB FE 75 97 FF 58 BA BF FF | T:167517 RPD:0
[CH: 50] LEN: 12 | HEX: F1 7F FC EA FE 74 97 EF 45 DB BB 7B | T:167528 RPD:1
[CH: 50] LEN: 12 | HEX: F9 77 FE F9 FE 77 97 AF E2 59 BF ED | T:167529 RPD:0
[CH: 50] LEN: 12 | HEX: F9 77 FE F8 FE 76 97 FF EF 38 BD DF | T:167540 RPD:1
[CH: 50] LEN: 12 | HEX: F9 77 FE FC FE 70 97 EF 10 1D BF D7 | T:167540 RPD:0
[CH: 50] LEN: 12 | HEX: F9 77 DE FD EA 73 97 FE E7 1F 3F BB | T:167551 RPD:1
[CH: 50] LEN: 12 | HEX: F9 77 AD F9 FE 77 97 BA F2 59 BF FF | T:167563 RPD:1
[CH: 50] LEN: 12 | HEX: F1 77 FC F0 F5 76 97 BE 6F 38 BE FF | T:167563 RPD:0
[CH: 50] LEN: 12 | HEX: F1 77 FE F9 F6 73 97 BA A7 9E BF 77 | T:167574 RPD:1
[CH: 50] LEN: 12 | HEX: F9 77 DE F8 FE 76 97 B4 6F 38 B7 FF | T:167574 RPD:0
[CH: 50] LEN: 12 | HEX: F9 77 FD F7 BA 79 97 AD 26 F0 BD FD | T:167586 RPD:1
[CH: 50] LEN: 12 | HEX: F1 77 FF D3 D5 75 97 BA D8 BA BF 6F | T:167586 RPD:0
[CH: 50] LEN: 12 | HEX: F9 77 FE FA FC 74 97 FF C5 DB BF F7 | T:167597 RPD:1
[CH: 50] LEN: 12 | HEX: F9 77 DC E4 FC 76 97 DD EF 38 BB 7F | T:167609 RPD:1
[CH: 50] LEN: 12 | HEX: F9 77 FD F7 FE 79 97 BA 26 F0 B7 7F | T:167609 RPD:0
[CH: 50] LEN: 12 | HEX: F9 77 EE FB FE 75 97 FF D8 BA BB F5 | T:167620 RPD:1
[CH: 50] LEN: 12 | HEX: F9 77 D4 F7 FF 79 97 DF 26 F0 BE FF | T:167620 RPD:0
[CH: 50] LEN: 12 | HEX: F9 77 FD FC FA 70 97 FF 90 1D B7 FD | T:167632 RPD:1
[CH: 50] LEN: 12 | HEX: F9 77 FC F2 FE 74 97 EB 45 DB BF F7 | T:167643 RPD:1
[CH: 50] LEN: 12 | HEX: F1 77 55 E9 FE 77 97 F9 B2 59 BE DF | T:167643 RPD:1
[CH: 50] LEN: 12 | HEX: F9 77 BB FE FE 70 97 BF 10 1D B7 EE | T:167655 RPD:1
[CH: 50] LEN: 12 | HEX: F9 77 AE EA FA 74 97 FA 45 DB BF FE | T:167655 RPD:0
[CH: 50] LEN: 12 | HEX: F9 77 FC F1 FE 77 97 7A F2 59 BB FF | T:167666 RPD:1
[CH: 50] LEN: 12 | HEX: F9 77 FE F6 FE 70 97 FE 90 1D BF FF | T:167666 RPD:0
[CH: 50] LEN: 12 | HEX: F1 77 FD EB FE 7B 97 DF 67 9F BF F7 | T:167678 RPD:1
[CH: 50] LEN: 12 | HEX: F1 77 DE ED F4 77 97 EF 52 59 BF FF | T:167689 RPD:1
[CH: 50] LEN: 12 | HEX: F9 77 DE F0 FC 76 97 AD EF 38 BF EB | T:167689 RPD:0
[CH: 50] LEN: 12 | HEX: F9 77 FE FD FE 73 97 FF 67 9F BF FF | T:167701 RPD:1
[CH: 50] LEN: 12 | HEX: F1 77 EE F0 FE 76 97 FE EF 38 BD F5 | T:167701 RPD:0
[CH: 50] LEN: 12 | HEX: F9 77 FE F7 FE 79 97 FF 26 F0 B5 E7 | T:167712 RPD:1
[CH: 50] LEN: 12 | HEX: F9 77 BA FB FE 75 97 DD 58 BA BF 6F | T:167712 RPD:0
[CH: 50] LEN: 12 | HEX: F1 77 D4 FA FA 74 97 55 45 DB BF FF | T:167724 RPD:1
[CH: 50] LEN: 12 | HEX: F9 77 FE E7 EC 79 97 DA A6 F0 BF FE | T:167735 RPD:1
[CH: 50] LEN: 12 | HEX: F9 7F DD FB FA 70 97 BF 10 1D BF FE | T:167735 RPD:0
[CH: 50] LEN: 12 | HEX: F9 77 FB F3 FE 75 97 FE B8 BA BE DF | T:167747 RPD:1
[CH: 50] LEN: 12 | HEX: F1 77 DE F7 7A 79 97 FD A6 F0 BF FF | T:167747 RPD:0
[CH: 50] LEN: 12 | HEX: F9 77 FE FE FE 70 97 FF 10 1D BE FB | T:167758 RPD:1
[CH: 50] LEN: 12 | HEX: F1 77 FD FA F6 74 97 FD C5 DB BF D4 | T:167769 RPD:1
[CH: 50] LEN: 12 | HEX: F1 77 EC F9 FE 77 97 DD 72 59 AF FF | T:167770 RPD:0
[CH: 50] LEN: 12 | HEX: F9 77 FE FE FE 70 97 D6 10 1D BE FF | T:167781 RPD:1
[CH: 50] LEN: 12 | HEX: ED 77 BE F9 EE 7F 97 DA F2 59 BF EE | T:167781 RPD:1
[CH: 50] LEN: 12 | HEX: F9 77 DD F0 FB 76 97 FE EF 38 BF DF | T:167793 RPD:1
[CH: 50] LEN: 12 | HEX: FD 77 5B F6 EE 70 97 D7 10 1D BB 6F | T:167793 RPD:0
[CH: 50] LEN: 12 | HEX: F9 77 FF F9 FE 73 97 FF 67 9E BB D7 | T:167804 RPD:1
[CH: 50] LEN: 12 | HEX: F1 77 F9 F1 EC 77 97 FD 72 59 BF FF | T:167815 RPD:1
[CH: 50] LEN: 12 | HEX: F9 77 DC FC FC 76 97 BD 6F 38 BF EB | T:167816 RPD:0
[CH: 50] LEN: 12 | HEX: F9 77 FE F9 FE 73 97 DF 67 9F BD F6 | T:167827 RPD:1
[CH: 50] LEN: 12 | HEX: F9 77 DA F8 FE 76 97 FE EF 38 BF 5E | T:167827 RPD:0
[CH: 50] LEN: 12 | HEX: F9 77 FA F7 FF 79 97 FD 26 F0 BF F7 | T:167838 RPD:1
[CH: 50] LEN: 12 | HEX: F9 77 FF FB FE 75 97 FE 98 BA B7 F2 | T:167839 RPD:1
[CH: 50] LEN: 12 | HEX: F9 77 FE FA FE 74 97 FF C5 DB BF AF | T:167850 RPD:1
[CH: 50] LEN: 12 | HEX: F1 77 D6 F9 F6 77 97 FF 52 59 BF FD | T:167861 RPD:1
[CH: 50] LEN: 12 | HEX: F9 77 FD F8 FE 76 97 FE 6F 38 BF EA | T:167862 RPD:0
[CH: 50] LEN: 12 | HEX: F9 77 75 F7 AD 79 97 D7 26 E0 AF DB | T:167873 RPD:1
[CH: 50] LEN: 12 | HEX: F9 77 DD FB FE 73 97 BD 67 9F 3F FF | T:167873 RPD:1
[CH: 50] LEN: 12 | HEX: F9 77 FE FB FE 75 97 DE 98 BA BF B7 | T:167884 RPD:1
[CH: 50] LEN: 12 | HEX: F1 77 AD F9 FE 77 97 FF B2 59 BF FF | T:167885 RPD:0
[CH: 50] LEN: 12 | HEX: F9 77 DA F8 FE 76 97 AA EF 38 BA D7 | T:167896 RPD:1
[CH: 50] LEN: 12 | HEX: F9 77 DC FD EA 73 D7 FD 67 9F 3F FD | T:167907 RPD:1
[CH: 50] LEN: 12 | HEX: F9 77 FE FB FE 75 97 FF D8 BA BE DF | T:167908 RPD:0
[CH: 50] LEN: 12 | HEX: F1 77 DC F8 FE 76 97 EA 6E 38 BF FF | T:167919 RPD:1
[CH: 50] LEN: 12 | HEX: F9 77 FE FB FE 75 97 57 D8 BA B5 B2 | T:167919 RPD:0
[CH: 50] LEN: 12 | HEX: F9 77 FB FA FA 74 97 DB 45 DB BF FF | T:167930 RPD:1
[CH: 50] LEN: 12 | HEX: F9 77 BA F7 AA 7D 97 FE A6 F0 BF FD | T:167942 RPD:1
[CH: 50] LEN: 12 | HEX: F9 77 BE FE FC 70 97 EE 10 1D BF FF | T:167942 RPD:0
[CH: 50] LEN: 12 | HEX: F9 77 FB FA FA 7C 97 DF 45 DB BE EF | T:167953 RPD:1
[CH: 50] LEN: 12 | HEX: F1 77 7A F7 FD 79 97 75 26 F0 BF FF | T:167954 RPD:0
[CH: 50] LEN: 12 | HEX: F1 77 BC FE FA 70 97 D6 10 1D BF FF | T:167965 RPD:1
[CH: 50] LEN: 12 | HEX: F1 77 FD FA FE 74 97 FE C5 DB BD DF | T:167965 RPD:0
[CH: 50] LEN: 12 | HEX: F9 7F AC F9 EC 77 97 DA F2 59 BB FD | T:167976 RPD:1
[CH: 50] LEN: 12 | HEX: F9 77 EB FD FC 70 97 DD 10 1D B7 7F | T:167988 RPD:1
[CH: 50] LEN: 12 | HEX: F9 77 FB FB FE 75 97 BD 58 BA B7 FF | T:167988 RPD:0
[CH: 50] LEN: 12 | HEX: F9 7F FC F9 F6 77 97 7D F2 59 AF FB | T:167999 RPD:1
[CH: 50] LEN: 12 | HEX: F9 77 EC FD F5 73 97 AF A7 9F BB DE | T:168000 RPD:0
[CH: 50] LEN: 12 | HEX: F9 77 DD FB FE 75 97 EF 58 BA BF 7D | T:168011 RPD:1
[CH: 50] LEN: 12 | HEX: F9 77 BA F8 FE 76 97 FE 6F 38 BA EF | T:168011 RPD:1
[CH: 50] LEN: 12 | HEX: F1 77 EE F7 FB 79 97 AF 26 F0 BF 6F | T:168022 RPD:1
[CH: 50] LEN: 12 | HEX: F9 77 BF FD FE 73 97 FA 27 9F BE FB | T:168034 RPD:1
[CH: 50] LEN: 12 | HEX: F9 77 BE FB FE 75 97 FF D8 BA BF FB | T:168034 RPD:0
[CH: 50] LEN: 12 | HEX: F9 77 FE F0 F4 76 97 D7 6F 38 B7 B7 | T:168045 RPD:1
[CH: 50] LEN: 12 | HEX: F9 77 FC F3 EA 75 97 FD 58 BA BF 2F | T:168045 RPD:0
[CH: 50] LEN: 12 | HEX: F1 77 BB FA F5 74 97 D5 C5 DB BE FF | T:168057 RPD:1
[CH: 50] LEN: 12 | HEX: F1 77 BD E7 FB 79 97 AF 26 F0 AD FF | T:168068 RPD:1
[CH: 50] LEN: 12 | HEX: F1 77 DA EA FE 70 97 B5 10 1D BF FF | T:168068 RPD:0
[CH: 50] LEN: 12 | HEX: F9 77 DF FA F5 74 97 FE C5 DB FF EF | T:168080 RPD:1
[CH: 50] LEN: 12 | HEX: F9 77 FF FE FE 70 97 FE 90 1D BF DF | T:168080 RPD:0
[CH: 50] LEN: 12 | HEX: F9 77 AE FD FE 73 97 DD 27 9F AF 7E | T:168091 RPD:0
[CH: 50] LEN: 12 | HEX: F1 77 BD FA FE 74 97 FD 45 DB BF DF | T:168097 RPD:1
[CH: 50] LEN: 12 | HEX: F9 77 FF F1 FC 77 97 EE F2 59 BF DF | T:168100 RPD:1
[CH: 50] LEN: 12 | HEX: F9 77 AD F8 FC 76 97 FD 6F 38 BB FB | T:168111 RPD:1
[CH: 50] LEN: 12 | HEX: F9 77 FE F7 DA 79 97 FF A6 F0 BF FF | T:168112 RPD:0
[CH: 50] LEN: 12 | HEX: F9 77 DC EA FE 70 97 5E 90 1D BB FD | T:168123 RPD:1
[CH: 50] LEN: 12 | HEX: F1 77 FE ED DC 73 97 FE A7 1E BC FF | T:168134 RPD:1
[CH: 50] LEN: 12 | HEX: F1 77 BD FB D4 75 97 DA D8 BA BF FE | T:168135 RPD:0
[CH: 50] LEN: 12 | HEX: F1 77 ED F4 FE 76 97 D5 6F 38 BE DD | T:168146 RPD:1
[CH: 50] LEN: 12 | HEX: F1 77 FE F3 FE 75 97 FF 58 BA BF 7E | T:168146 RPD:0
[CH: 50] LEN: 12 | HEX: F5 77 F6 EA FE 74 97 FF C5 DB FF FF | T:168157 RPD:1
[CH: 50] LEN: 12 | HEX: F9 77 FD E7 AE 79 97 7A 26 F0 BF FB | T:168158 RPD:0
[CH: 50] LEN: 12 | HEX: F9 77 FC FE FA 70 97 FE 10 1D B7 75 | T:168169 RPD:1
[CH: 50] LEN: 12 | HEX: F1 77 D4 FA FE 74 97 D6 45 DB B7 DF | T:168180 RPD:1
[CH: 50] LEN: 12 | HEX: F9 77 DC F9 EE 77 97 FD 72 59 AB DF | T:168181 RPD:0
[CH: 50] LEN: 12 | HEX: F9 77 FC F5 FE 70 97 FE 90 1D BB FF | T:168192 RPD:1
[CH: 50] LEN: 12 | HEX: F9 77 AA FA FE 74 97 DD C5 DB BF FE | T:168192 RPD:0
[CH: 50] LEN: 12 | HEX: F1 77 FC E9 FE 77 97 FD 72 59 BF EE | T:168203 RPD:1
[CH: 50] LEN: 12 | HEX: F1 77 DB FE FA 70 97 FD 90 1D BF BA | T:168204 RPD:0
[CH: 50] LEN: 12 | HEX: F9 77 FB FD EA 73 97 AF A7 9D FB DE | T:168215 RPD:0
[CH: 50] LEN: 12 | HEX: F9 77 FE FA F6 74 97 FE C5 DB BC D7 | T:168226 RPD:1
[CH: 50] LEN: 12 | HEX: F1 77 AE F1 DC 77 17 B7 F2 59 BF 7F | T:168227 RPD:0
[CH: 50] LEN: 12 | HEX: F9 77 F5 F8 FB 76 97 DD 6F 38 AF BD | T:168238 RPD:1
[CH: 50] LEN: 12 | HEX: F9 77 FE F7 FE 79 97 FD 26 F0 BB F7 | T:168238 RPD:0
[CH: 50] LEN: 12 | HEX: F1 77 FD FE F6 70 97 FE 90 1D BE EE | T:168249 RPD:1
[CH: 50] LEN: 12 | HEX: F9 77 FE FA F4 74 97 DF C5 DB B7 7F | T:168261 RPD:1
[CH: 50] LEN: 12 | HEX: F1 77 FE F1 FE 77 97 FF A2 59 B7 B7 | T:168261 RPD:1
[CH: 50] LEN: 12 | HEX: F9 77 FE F4 FE 70 97 BD 90 1D BA FB | T:168272 RPD:1
[CH: 50] LEN: 12 | HEX: F1 77 FE FA FE 74 97 D6 45 DB BF F7 | T:168273 RPD:0
[CH: 50] LEN: 12 | HEX: F9 77 D5 F1 FE 77 97 FA F2 59 BD EF | T:168284 RPD:1
[CH: 50] LEN: 12 | HEX: F1 77 AE FE FE 70 97 FA 10 1D BB F7 | T:168284 RPD:0
[CH: 50] LEN: 12 | HEX: F1 77 FB FD FE 73 97 FD 27 9D 7E 9F | T:168295 RPD:1
[CH: 50] LEN: 12 | HEX: F9 77 FE F9 EE 77 97 FE B2 59 B7 5F | T:168307 RPD:1
[CH: 50] LEN: 12 | HEX: F5 77 DE E8 EE 76 97 FF 6E 38 BD FF | T:168307 RPD:0
[CH: 50] LEN: 12 | HEX: F9 77 FE FD FA 73 97 FE A7 9E BB FF | T:168318 RPD:1
[CH: 50] LEN: 12 | HEX: F1 77 DA F8 FC 76 97 FA EF 38 BE BB | T:168318 RPD:0
[CH: 50] LEN: 12 | HEX: F9 77 EA F7 D5 79 97 FE 26 F0 AF FF | T:168330 RPD:1
[CH: 50] LEN: 12 | HEX: F9 77 FE F3 DE 75 97 FD 58 BA BB BE | T:168330 RPD:0
[CH: 50] LEN: 12 | HEX: F9 77 DC FA FC 74 97 FF 45 DB BF EA | T:168341 RPD:1
[CH: 50] LEN: 12 | HEX: F9 77 BB F7 FE 71 97 BA 26 F0 B7 7E | T:168353 RPD:1
[CH: 50] LEN: 12 | HEX: F9 77 BD FE FA 70 97 FD 90 1D BF BF | T:168353 RPD:1
[CH: 50] LEN: 12 | HEX: F9 77 FD FD FE 73 97 FD 67 9E BA DA | T:168364 RPD:1
[CH: 50] LEN: 12 | HEX: F9 77 FE F3 F6 75 97 5B 58 BA B7 5B | T:168365 RPD:0
[CH: 50] LEN: 12 | HEX: F1 77 FD F2 FE 74 97 FD C5 DB BB D7 | T:168376 RPD:1
[CH: 50] LEN: 12 | HEX: F9 77 DE F9 EE 77 97 FD 72 59 BF FE | T:168376 RPD:0
[CH: 50] LEN: 12 | HEX: F1 77 6A E8 F5 76 97 AD 6F 38 BE B5 | T:168387 RPD:1
[CH: 50] LEN: 12 | HEX: F9 77 FF FD FE 73 97 FF 67 9F B7 FF | T:168399 RPD:1
[CH: 50] LEN: 12 | HEX: F9 77 BE F3 FE 75 97 FA D8 BA BB FB | T:168399 RPD:0
[CH: 50] LEN: 12 | HEX: F9 77 DC F4 FC 76 97 FA 6F 38 AB FF | T:168410 RPD:1
[CH: 50] LEN: 12 | HEX: F1 77 BA FB AD 75 97 FD 58 BA BF EE | T:168411 RPD:0
[CH: 50] LEN: 12 | HEX: F9 77 BE F2 FE 74 97 BD 45 DB B6 FF | T:168422 RPD:1
[CH: 50] LEN: 12 | HEX: F9 77 B5 F7 DB 79 97 FA 26 F0 B5 57 | T:168433 RPD:1
[CH: 50] LEN: 12 | HEX: F9 77 EE FE FE 70 97 FF 10 1D BD FE | T:168433 RPD:0
[CH: 50] LEN: 12 | HEX: F9 77 FC FA F6 7C 97 FD 45 FB BE BF | T:168445 RPD:1
[CH: 50] LEN: 12 | HEX: F9 77 D5 F7 F6 79 97 FA 26 F0 BF BF | T:168445 RPD:0
[CH: 50] LEN: 12 | HEX: F9 77 FB FA FE 70 97 FD 10 1D BF A5 | T:168456 RPD:1
[CH: 50] LEN: 12 | HEX: F9 77 FE FA FE 74 97 EE C5 DB AD FE | T:168457 RPD:0
[CH: 50] LEN: 12 | HEX: F9 77 BE F9 DE 77 97 D7 52 59 BF BF | T:168468 RPD:1
[CH: 50] LEN: 12 | HEX: F9 77 FD FE FE 70 97 DD 10 1D BF FF | T:168479 RPD:1
[CH: 50] LEN: 12 | HEX: F9 77 FE FB FD 75 97 AD 58 BA B6 BF | T:168479 RPD:0
[CH: 50] LEN: 12 | HEX: F9 77 AD F1 FE 77 97 BE B2 59 BF F4 | T:168491 RPD:1
[CH: 50] LEN: 12 | HEX: F1 77 DC FD D4 73 97 DD 67 1F 7F BF | T:168491 RPD:0
[CH: 50] LEN: 12 | HEX: F1 77 BE F3 FE 75 97 BA D8 BA BF FD | T:168502 RPD:1
[CH: 50] LEN: 12 | HEX: F1 77 FB F0 F5 76 97 FF 6F 38 AF FF | T:168503 RPD:0
[CH: 50] LEN: 12 | HEX: F9 77 BD F7 FB 79 97 DA 26 F0 BF FE | T:168514 RPD:1
[CH: 50] LEN: 12 | HEX: F9 77 BD FD FE 73 97 EE E7 9F 36 ED | T:168525 RPD:1
[CH: 50] LEN: 12 | HEX: F9 77 BE FB DE 75 97 FF D8 BA BB 77 | T:168525 RPD:0
[CH: 50] LEN: 12 | HEX: F9 77 FE F0 FE 76 97 FC EF 38 B7 BF | T:168537 RPD:1
[CH: 50] LEN: 12 | HEX: F9 77 D6 FB DE 75 97 DE B8 BA AD FB | T:168537 RPD:0
[CH: 50] LEN: 12 | HEX: F9 77 FD F9 FE 77 97 FE B2 59 BD CE | T:168548 RPD:1
[CH: 50] LEN: 12 | HEX: F9 77 D6 F7 BD 79 97 FE A6 F0 BF FE | T:168560 RPD:1
[CH: 50] LEN: 12 | HEX: F9 77 DB FA FC 70 97 FE 90 1D BB FF | T:168560 RPD:1
[CH: 50] LEN: 12 | HEX: F9 77 FE F2 FC 74 97 BE 45 DB BD FF | T:168571 RPD:1
[CH: 50] LEN: 12 | HEX: F1 77 B5 FE FE 70 97 FA 10 1D BD FF | T:168571 RPD:0
[CH: 50] LEN: 12 | HEX: F9 77 AD F9 EA 73 97 FD 27 9F B7 AF | T:168583 RPD:1
[CH: 50] LEN: 12 | HEX: F9 77 FB FA FA 74 97 FE C5 DB BD FF | T:168583 RPD:0
[CH: 50] LEN: 12 | HEX: F9 77 AE F9 EE 77 97 FD 72 59 BF FF | T:168594 RPD:1
[CH: 50] LEN: 12 | HEX: F9 77 AD FB FE 70 97 B5 10 1D BF FF | T:168606 RPD:1
[CH: 50] LEN: 12 | HEX: F1 77 FD EB F4 73 97 FA A7 9F BF FF | T:168606 RPD:0
[CH: 50] LEN: 12 | HEX: F9 77 DD F9 F6 77 97 FD 72 59 BF FA | T:168617 RPD:1
[CH: 50] LEN: 12 | HEX: F9 77 EE ED FE 73 97 FF 67 9F 3B FB | T:168617 RPD:0
[CH: 50] LEN: 12 | HEX: F9 77 BD FB D6 75 97 FD D8 BA BD FB | T:168629 RPD:1
[CH: 50] LEN: 12 | HEX: F1 77 DE F8 FE 76 97 FE 6F 38 B9 FF | T:168629 RPD:0
[CH: 50] LEN: 12 | HEX: F9 77 FD F7 DD 79 97 DD A6 F0 BF FE | T:168640 RPD:1
[CH: 50] LEN: 12 | HEX: F9 77 DC FB D6 75 97 AA D8 BA BF FF | T:168651 RPD:1
[CH: 50] LEN: 12 | HEX: F9 77 BB FA FE 74 97 FF C5 DB BB D7 | T:168652 RPD:0
[CH: 50] LEN: 12 | HEX: F9 77 DB F8 FE 76 97 AA 6F 38 BF BD | T:168663 RPD:1
[CH: 50] LEN: 12 | HEX: F9 77 DA FB FF 75 97 FF D8 BA BF DF | T:168663 RPD:1
[CH: 50] LEN: 12 | HEX: F9 77 FE FA FB 74 97 FD C5 FB BD EF | T:168675 RPD:1
[CH: 50] LEN: 12 | HEX: F9 77 DD F9 F6 77 97 FE A2 59 BF AF | T:168686 RPD:1
[CH: 50] LEN: 12 | HEX: F9 77 FD F8 FD 76 97 DF 6F 38 AE FF | T:168686 RPD:0
[CH: 50] LEN: 12 | HEX: F1 77 7C E7 FA 79 97 FD 26 F0 BF FE | T:168697 RPD:0
[CH: 50] LEN: 12 | HEX: F9 77 DE FE FE 70 97 EF 10 1D B7 DF | T:168702 RPD:1
[CH: 50] LEN: 12 | HEX: F9 77 EA FD F5 73 97 FF E7 9F BD FE | T:168705 RPD:1
[CH: 50] LEN: 12 | HEX: F1 77 FE FB DD 75 97 FD 58 BA BB EB | T:168716 RPD:1
[CH: 50] LEN: 12 | HEX: F9 77 EC FA FE 74 97 FE C5 DB BD FE | T:168716 RPD:0
[CH: 50] LEN: 12 | HEX: E9 77 FD F1 FE 77 97 DF AA 59 B7 F4 | T:168728 RPD:1
[CH: 50] LEN: 12 | HEX: F9 77 FE F8 FE 76 97 AE EF 38 AE DE | T:168739 RPD:1
[CH: 50] LEN: 12 | HEX: F1 77 FE F7 DD 71 97 FE A6 F0 BD 6F | T:168739 RPD:0
[CH: 50] LEN: 12 | HEX: F9 77 D6 FB DE 75 97 B5 D8 BA BB BE | T:168750 RPD:1
[CH: 50] LEN: 12 | HEX: E9 77 AE F7 FC 71 97 AE 26 F0 BE 6F | T:168751 RPD:0
[CH: 50] LEN: 12 | HEX: F9 77 FC F6 F4 78 97 5F 10 1D B7 ED | T:168762 RPD:1
[CH: 50] LEN: 12 | HEX: F9 77 AA F9 F6 77 97 FA F2 59 BB EF | T:168762 RPD:0
[CH: 50] LEN: 12 | HEX: F9 77 D6 F8 FA 76 97 AE EF 38 BE FF | T:168774 RPD:1
[CH: 50] LEN: 12 | HEX: F1 77 DB FA FA 70 97 7D 10 1D BB FF | T:168785 RPD:1
[CH: 50] LEN: 12 | HEX: F9 77 FF FD FE 73 97 FE E7 9F 3C FF | T:168785 RPD:0
[CH: 50] LEN: 12 | HEX: F9 77 AC F1 F6 77 97 BA F2 59 BF EE | T:168796 RPD:1
[CH: 50] LEN: 12 | HEX: F9 77 FE FC FE 70 97 FD 10 1D BE BF | T:168797 RPD:0
[CH: 50] LEN: 12 | HEX: F1 77 AE F9 D6 73 97 DA A7 9F 3A AF | T:168808 RPD:1
[CH: 50] LEN: 12 | HEX: F9 77 FE F1 FE 77 97 FE F2 59 BF 6B | T:168808 RPD:0
[CH: 50] LEN: 12 | HEX: F9 77 FA F8 FC 76 97 DA 6F 38 AE BA | T:168820 RPD:1
[CH: 50] LEN: 12 | HEX: F9 77 AD F9 EC 73 97 FB A7 9F BF FE | T:168831 RPD:1
[CH: 50] LEN: 12 | HEX: F9 77 F6 FB FE 75 97 FF D8 BA BB FB | T:168831 RPD:0
[CH: 50] LEN: 12 | HEX: F9 77 FD F0 FE 76 97 FD 6F 38 BF FF | T:168842 RPD:1
[CH: 50] LEN: 12 | HEX: F9 77 FE FB DE 75 97 FF D8 BA BF FF | T:168843 RPD:0
[CH: 50] LEN: 12 | HEX: F9 77 AE F2 FE 74 97 FA 45 DB BD DF | T:168854 RPD:1
[CH: 50] LEN: 12 | HEX: F9 77 FE E7 FE 79 97 FD 26 F0 AF EF | T:168865 RPD:1
[CH: 50] LEN: 12 | HEX: F1 77 FF FE F5 70 97 FF 10 1D BF 7F | T:168866 RPD:0
[CH: 50] LEN: 12 | HEX: F1 77 FF F3 FE 75 97 AD 58 BA BF FB | T:168877 RPD:1
[CH: 50] LEN: 12 | HEX: F1 77 FD F7 D4 71 97 FD A6 F0 AE BF | T:168877 RPD:0
[CH: 50] LEN: 12 | HEX: F9 77 FC FA FE 70 97 AD 10 1D BF 7F | T:168888 RPD:1
[CH: 50] LEN: 12 | HEX: F9 77 DE FA FE 74 97 FD 45 DB AF FE | T:168889 RPD:0
[CH: 50] LEN: 12 | HEX: F1 77 DA F1 EA 7F 97 75 F2 59 BD F7 | T:168900 RPD:1
[CH: 50] LEN: 12 | HEX: F1 77 7D F5 FE 70 97 FF 10 1D B7 FF | T:168911 RPD:1
[CH: 50] LEN: 12 | HEX: F9 77 EE FD F6 73 97 BD A7 9E BF DF | T:168912 RPD:1
[CH: 50] LEN: 12 | HEX: F9 77 6E F9 F5 77 97 DD 52 59 BB DF | T:168923 RPD:1
[CH: 50] LEN: 12 | HEX: F9 77 DE FE FE 70 97 FA 10 1D BF FF | T:168923 RPD:0
[CH: 50] LEN: 12 | HEX: F9 77 EE FD FE 73 97 FF 27 9F BF A5 | T:168934 RPD:1
[CH: 50] LEN: 12 | HEX: F9 77 FB F9 F6 77 97 DD 72 59 BF F6 | T:168935 RPD:0
[CH: 50] LEN: 12 | HEX: F9 77 BA F8 FE 76 97 DF 6F 38 BF FF | T:168946 RPD:1
[CH: 50] LEN: 12 | HEX: F9 77 D4 F7 FE 73 97 FE A7 9E BA E0 | T:168957 RPD:1
[CH: 50] LEN: 12 | HEX: F9 77 BD FB FF 75 97 F5 D8 BA BD 7F | T:168957 RPD:0
[CH: 50] LEN: 12 | HEX: F9 77 BD F0 FA 76 97 7D EF 38 BF B6 | T:168969 RPD:1
[CH: 50] LEN: 12 | HEX: F1 77 DF FB FF 75 97 FD D8 BA BF FF | T:168969 RPD:0
[CH: 50] LEN: 12 | HEX: F9 77 D6 F2 FE 74 97 BA 45 DB AF 5F | T:168980 RPD:1
[CH: 50] LEN: 12 | HEX: F1 77 DE AF FD 79 97 FF 26 F8 BE FA | T:168981 RPD:0
[CH: 50] LEN: 12 | HEX: F9 77 FD FB F4 70 97 FE 90 1D BF FF | T:168992 RPD:1
[CH: 50] LEN: 12 | HEX: F9 77 FD FA FA 74 97 FF C5 DB B7 FF | T:169003 RPD:1
[CH: 50] LEN: 12 | HEX: F9 7F FD F9 FE 77 97 5B F2 59 BF ED | T:169003 RPD:0
[CH: 50] LEN: 12 | HEX: F9 77 FE F7 FE 79 97 DF A6 F0 BB EB | T:169015 RPD:1
[CH: 50] LEN: 12 | HEX: F9 77 B5 EA FE 74 97 FE C5 DB BF FF | T:169015 RPD:0
[CH: 50] LEN: 12 | HEX: F9 77 FE F9 FE 77 97 FA F2 59 AF FF | T:169026 RPD:1
[CH: 50] LEN: 12 | HEX: F1 77 FC F6 F6 70 97 FD 10 1D AF BF | T:169038 RPD:1
[CH: 50] LEN: 12 | HEX: F9 77 D6 FD F6 73 97 FE 67 9E ED DF | T:169038 RPD:0
[CH: 50] LEN: 12 | HEX: F9 77 F6 F9 FE 77 97 FE F2 59 BD F5 | T:169049 RPD:1
[CH: 50] LEN: 12 | HEX: E9 77 BD ED D6 73 97 FF 67 9D 7A FF | T:169049 RPD:1
[CH: 50] LEN: 12 | HEX: F9 77 DE FB FE 75 97 AD 58 BA BF FF | T:169061 RPD:1
[CH: 50] LEN: 12 | HEX: F9 77 DE F9 F5 77 97 EE A2 59 BF AF | T:169061 RPD:0
[CH: 50] LEN: 12 | HEX: F5 77 FB F8 FD 76 97 FF 6F 38 AF 7F | T:169072 RPD:1
[CH: 50] LEN: 12 | HEX: F9 77 FA FB FE 73 97 DD 67 9F BF FF | T:169084 RPD:1
[CH: 50] LEN: 12 | HEX: F1 77 FD FB AC 75 97 57 D8 BA BF FF | T:169084 RPD:0
[CH: 50] LEN: 12 | HEX: F9 77 D4 F0 FA 76 97 FD 6F 38 BF FF | T:169095 RPD:1
[CH: 50] LEN: 12 | HEX: F9 77 FC F3 FE 75 97 FD 58 BA BD DD | T:169095 RPD:0
[CH: 50] LEN: 12 | HEX: F9 77 DE FA FE 74 97 FE C5 DB BF EA | T:169107 RPD:1
[CH: 50] LEN: 12 | HEX: F9 77 FF FF FD 79 97 DA A6 F0 BF D6 | T:169107 RPD:0
[CH: 50] LEN: 12 | HEX: F1 77 FE FE F5 70 97 F5 10 1D B7 AA | T:169118 RPD:1
[CH: 50] LEN: 12 | HEX: F9 77 DE FA FA 74 97 FD C5 DB AF DF | T:169130 RPD:1
[CH: 50] LEN: 12 | HEX: F9 77 BB F9 FE 77 97 FD 72 59 BD FF | T:169130 RPD:0
[CH: 50] LEN: 12 | HEX: F1 77 FF FE F5 70 97 BA 10 1D BB FA | T:169141 RPD:0
[CH: 50] LEN: 12 | HEX: F9 77 FC F2 FA 74 97 FE C5 DB BF FD | T:169148 RPD:1
[CH: 50] LEN: 12 | HEX: F9 77 FE F9 FE 77 97 FE B2 59 BF FF | T:169150 RPD:1
[CH: 50] LEN: 12 | HEX: F9 77 FE F8 FE 76 97 FE EF 38 BF ED | T:169162 RPD:1
[CH: 50] LEN: 12 | HEX: F9 77 5C F7 DB 79 97 ED A6 F0 AF FF | T:169162 RPD:0
[CH: 50] LEN: 12 | HEX: F9 77 FF FC FE 70 97 FF 10 1D B7 7F | T:169173 RPD:1
[CH: 50] LEN: 12 | HEX: F9 77 DD F9 FA 73 97 EE E7 9F BF AF | T:169174 RPD:0
[CH: 50] LEN: 12 | HEX: F1 77 B9 F3 DF 75 97 AF D8 BA BF BB | T:169185 RPD:1
[CH: 50] LEN: 12 | HEX: F1 77 FF F8 FE 76 97 FF EF 38 BF 7F | T:169196 RPD:1
[CH: 50] LEN: 12 | HEX: F9 77 FF F7 EA 79 97 D7 26 F0 BD EF | T:169196 RPD:1
[CH: 50] LEN: 12 | HEX: F1 77 FE FC FA 70 97 DE 10 1D BE FD | T:169208 RPD:1
[CH: 50] LEN: 12 | HEX: F1 77 FD F5 EE 73 97 FA E7 9F BF FF | T:169208 RPD:0
[CH: 50] LEN: 12 | HEX: F1 77 FA FB DE 75 97 FA D8 BA BD FF | T:169219 RPD:1
[CH: 50] LEN: 12 | HEX: F1 77 F4 F0 FE 76 97 FE EF 38 BF FB | T:169231 RPD:1
[CH: 50] LEN: 12 | HEX: F9 77 FA F7 FE 79 97 BF A6 F0 BF 7F | T:169231 RPD:0
[CH: 50] LEN: 12 | HEX: F1 77 BE F9 FE 73 97 FD 67 9F BF BF | T:169242 RPD:1
[CH: 50] LEN: 12 | HEX: F9 77 FE F8 FE 76 97 FE EE 38 BF FF | T:169242 RPD:0
[CH: 50] LEN: 12 | HEX: F9 77 FF F7 BC 79 97 FF 26 F0 BF F7 | T:169254 RPD:1
[CH: 50] LEN: 12 | HEX: F1 77 BB F3 FD 75 97 BD D8 BA BF F0 | T:169254 RPD:1
[CH: 50] LEN: 12 | HEX: F9 77 AA F2 FE 74 97 FE C5 DB FF FF | T:169265 RPD:1
[CH: 50] LEN: 12 | HEX: F1 77 AA F9 F4 77 97 FF 52 59 BF FF | T:169277 RPD:1
[CH: 50] LEN: 12 | HEX: F9 77 DE F8 FE 76 97 FF 6F 38 BF FF | T:169277 RPD:0
[CH: 50] LEN: 12 | HEX: F1 77 EE F7 BE 79 97 FD 26 F0 BF EE | T:169288 RPD:1
[CH: 50] LEN: 12 | HEX: F9 77 D4 FE FD 70 97 FF 10 1D AF DD | T:169289 RPD:0
[CH: 50] LEN: 12 | HEX: F1 77 FD EB FE 73 97 FD A7 9E FF AF | T:169300 RPD:1
[CH: 50] LEN: 12 | HEX: F9 77 BE F9 FC 77 17 FF 52 59 BF FF | T:169300 RPD:0
[CH: 50] LEN: 12 | HEX: F1 77 FF F8 FA 76 97 D9 6F 38 AF BF | T:169311 RPD:1
[CH: 50] LEN: 12 | HEX: F9 77 FB FD F6 73 97 D7 67 9F 3F BF | T:169323 RPD:1
[CH: 50] LEN: 12 | HEX: F5 77 FE FB FE 75 97 FF B8 BA B7 FF | T:169323 RPD:0
[CH: 50] LEN: 12 | HEX: F9 77 FE F8 F4 76 97 EA 6F 38 BF EF | T:169334 RPD:1
[CH: 50] LEN: 12 | HEX: F1 77 BE FB DE 75 97 DE D8 BA BF FF | T:169335 RPD:1
[CH: 50] LEN: 12 | HEX: F9 77 F9 F2 FE 74 97 AF 45 DB BF FF | T:169346 RPD:1
[CH: 50] LEN: 12 | HEX: F1 77 FE F1 EE 77 97 AA F2 59 B7 F7 | T:169348 RPD:1
[CH: 50] LEN: 12 | HEX: F1 77 FB F8 FE 76 97 FA EF 38 BB FE | T:169360 RPD:1
[CH: 50] LEN: 12 | HEX: F9 77 BA F7 DC 79 97 BD A6 F0 B5 EE | T:169360 RPD:0
[CH: 50] LEN: 12 | HEX: F9 77 FB FE FA 70 97 DF 90 1D BE F7 | T:169371 RPD:1
[CH: 50] LEN: 12 | HEX: F1 77 FA F3 FE 75 97 BA 98 BA BF F7 | T:169383 RPD:1
[CH: 50] LEN: 12 | HEX: F9 77 FD FA FE 74 97 FF 45 DB BF 3C | T:169383 RPD:1
[CH: 50] LEN: 12 | HEX: F9 77 B5 F1 F6 77 97 EF F2 59 BE BE | T:169395 RPD:1
[CH: 50] LEN: 12 | HEX: F9 77 FE F8 FE 76 97 FA EF 38 BE BD | T:169395 RPD:0
[CH: 50] LEN: 12 | HEX: F9 77 DE F7 FE 79 97 FF 26 F0 B7 FF | T:169406 RPD:1
[CH: 50] LEN: 12 | HEX: F9 77 EE F6 F5 70 97 FD 10 1D BF FF | T:169406 RPD:0
[CH: 50] LEN: 12 | HEX: F9 77 FD FD FE 73 97 FF E7 9F AA FF | T:169418 RPD:1
[CH: 50] LEN: 12 | HEX: F9 77 FE F9 F6 77 97 FF A2 59 BF AF | T:169429 RPD:1
[CH: 50] LEN: 12 | HEX: F1 77 FB F8 F6 76 97 FD 6F 38 BB D5 | T:169429 RPD:0
[CH: 50] LEN: 12 | HEX: E9 77 FC E9 EE 73 97 DD A7 9E FA DF | T:169441 RPD:0
[CH: 50] LEN: 12 | HEX: F9 77 FE F8 FE 76 97 FF EF 38 BF B7 | T:169448 RPD:1
[CH: 50] LEN: 12 | HEX: F1 77 FF F7 FE 79 97 EF 26 F0 BD BF | T:169451 RPD:1
[CH: 50] LEN: 12 | HEX: F1 77 FD FA FE 70 97 DD 10 1D AE FB | T:169463 RPD:1
[CH: 50] LEN: 12 | HEX: F9 77 FE F9 FE 73 97 D6 E7 9F AA 5F | T:169463 RPD:0
[CH: 50] LEN: 12 | HEX: F9 77 FB FB FE 75 97 BE B8 BA BD BF | T:169474 RPD:1
[CH: 50] LEN: 12 | HEX: F9 77 FE FA FE 74 97 FA C5 DB BF FF | T:169474 RPD:0
[CH: 50] LEN: 12 | HEX: F1 77 DB F1 EE 77 97 FE B2 59 AE F7 | T:169486 RPD:1
[CH: 50] LEN: 12 | HEX: F9 77 FE FE FF 70 97 FF 10 1D BD BF | T:169486 RPD:0
[CH: 50] LEN: 12 | HEX: ED 77 FF F9 FE 73 97 FA A7 9F BD F5 | T:169497 RPD:1
[CH: 50] LEN: 12 | HEX: F9 77 FF F9 FE 77 97 FF 52 59 BF EE | T:169509 RPD:1
[CH: 50] LEN: 12 | HEX: F1 77 FF F8 FE 76 97 FD 6F 38 BA B7 | T:169509 RPD:0
[CH: 50] LEN: 12 | HEX: F9 77 FB FD FE 73 D7 FF A7 9F 2D FF | T:169520 RPD:1
[CH: 50] LEN: 12 | HEX: F1 77 FE F8 FE 76 97 FD 6F 38 AF AF | T:169520 RPD:0
[CH: 50] LEN: 12 | HEX: F1 77 FA FE FE 70 97 DE 10 1D AF DD | T:169532 RPD:1
[CH: 50] LEN: 12 | HEX: F9 77 BD FB FE 75 97 FD 58 BA AF 5F | T:169532 RPD:0
[CH: 50] LEN: 12 | HEX: F1 77 AC F2 FE 74 97 FE C5 DB B6 F7 | T:169543 RPD:1
[CH: 50] LEN: 12 | HEX: F9 77 FE F0 FE 76 97 FA EF 38 BF FD | T:169555 RPD:1
[CH: 50] LEN: 12 | HEX: F9 77 DB F7 FB 79 97 FE A6 F0 BF FF | T:169555 RPD:0
[CH: 50] LEN: 12 | HEX: F9 77 FB FB FE 75 97 FE B8 BA AB FF | T:169566 RPD:1
[CH: 50] LEN: 12 | HEX: F5 77 FE F7 FD 79 97 FE A6 F0 AF BF | T:169566 RPD:0
[CH: 50] LEN: 12 | HEX: F1 77 BC FE FE 70 97 BF 10 1D B7 DF | T:169578 RPD:1
[CH: 50] LEN: 12 | HEX: F9 77 FF FA FE 74 97 FD 45 DB B7 6B | T:169589 RPD:1
[CH: 50] LEN: 12 | HEX: F1 77 FB F9 FE 77 97 FF 52 59 BE DF | T:169589 RPD:0
[CH: 50] LEN: 12 | HEX: F1 77 FE FA FE 70 97 DC 90 1D BB BF | T:169601 RPD:1
[CH: 50] LEN: 12 | HEX: F9 77 FE F9 EE 77 97 FD 72 59 BE BB | T:169601 RPD:0
[CH: 50] LEN: 12 | HEX: F1 77 FE F8 FE 76 97 FE EF 38 BF 7F | T:169612 RPD:1
[CH: 50] LEN: 12 | HEX: F9 77 DD FB FE 70 97 FE 90 1D BF F6 | T:169612 RPD:0
[CH: 50] LEN: 12 | HEX: F9 77 FE F5 D4 77 97 DD 67 9E AF FE | T:169624 RPD:1
[CH: 50] LEN: 12 | HEX: F5 77 BE F9 DC 77 97 FF 72 59 BF FF | T:169635 RPD:1
[CH: 50] LEN: 12 | HEX: F9 77 FE F8 FC 76 97 D6 6F 38 BF B6 | T:169635 RPD:0
[CH: 50] LEN: 12 | HEX: F5 77 FA FD FE 73 97 BD 67 9E BF 7F | T:169646 RPD:1
[CH: 50] LEN: 12 | HEX: F5 77 D6 F8 FD 76 97 FA 6F 38 BF FF | T:169647 RPD:0
[CH: 50] LEN: 12 | HEX: F1 77 AE F7 BD 79 97 FD A6 F0 AD 7D | T:169658 RPD:1
[CH: 50] LEN: 12 | HEX: F9 77 FE FB EA 75 97 D5 D8 BA BE FB | T:169658 RPD:0
[CH: 50] LEN: 12 | HEX: F9 77 BC F2 FE 74 97 DE C5 DB BF FF | T:169670 RPD:1
[CH: 50] LEN: 12 | HEX: F1 77 F5 F7 B5 79 97 DE 26 F0 BD 7F | T:169681 RPD:1
[CH: 50] LEN: 12 | HEX: F9 77 DD FC F4 70 97 FD 10 1D BD FB | T:169681 RPD:0
[CH: 50] LEN: 12 | HEX: F9 77 FD FB F6 75 97 FF 58 BA BD D7 | T:169692 RPD:1
[CH: 50] LEN: 12 | HEX: F9 77 DF F7 FE 79 97 FF 26 F0 BF EF | T:169693 RPD:0
[CH: 50] LEN: 12 | HEX: F9 77 FE FE F4 70 97 D5 10 1D BE CF | T:169704 RPD:1
[CH: 50] LEN: 12 | HEX: F1 77 AC FA EA 74 97 57 45 DB BD EF | T:169715 RPD:1
[CH: 50] LEN: 12 | HEX: F9 77 BB F9 FE 77 97 FF 52 59 BD F5 | T:169716 RPD:0
[CH: 50] LEN: 12 | HEX: F9 77 D6 FE FE 70 97 DA 90 1D AF FB | T:169727 RPD:1
[CH: 50] LEN: 12 | HEX: F9 77 FF F9 FE 77 97 FD 72 59 BB DF | T:169727 RPD:1
[CH: 50] LEN: 12 | HEX: F9 77 FB F8 FD 76 97 DA 6F 38 BF ED | T:169738 RPD:1
[CH: 50] LEN: 12 | HEX: F9 77 AA FB F4 73 97 DF 27 9F 3D BA | T:169739 RPD:0
[CH: 50] LEN: 12 | HEX: F9 77 DA FB FE 75 97 FE 98 BA BF FD | T:169750 RPD:1
[CH: 50] LEN: 12 | HEX: F9 77 EA F9 FE 77 97 FE B2 59 BF FD | T:169761 RPD:1
[CH: 50] LEN: 12 | HEX: F1 77 AE F8 FE 76 97 FA 6F 38 BE EF | T:169762 RPD:0
[CH: 50] LEN: 12 | HEX: F9 77 FF F9 FE 73 97 FE 67 9F BD DD | T:169773 RPD:1
[CH: 50] LEN: 12 | HEX: F9 77 FE F8 FE 76 97 EF 6F 38 BF D7 | T:169773 RPD:0
[CH: 50] LEN: 12 | HEX: F9 77 DE F7 AC 71 97 F6 A6 F0 BF 6F | T:169784 RPD:1
[CH: 50] LEN: 12 | HEX: F1 77 FF FB FB 75 97 FA 98 BA AF BD | T:169785 RPD:0
[CH: 50] LEN: 12 | HEX: F9 77 D6 FA FA 74 97 FD 45 DB BF FE | T:169796 RPD:1
[CH: 50] LEN: 12 | HEX: F9 77 FF F7 FE 79 97 FD 26 F0 BF FB | T:169807 RPD:1
[CH: 50] LEN: 12 | HEX: F9 77 FE FE FE 70 97 DF 10 1D BF DA | T:169808 RPD:0
[CH: 50] LEN: 12 | HEX: F9 77 D6 FA F5 74 97 5F 45 DB BF F6 | T:169819 RPD:1
[CH: 50] LEN: 12 | HEX: F1 77 FE F7 DE 79 97 BE A6 F8 BF DD | T:169819 RPD:0
[CH: 50] LEN: 12 | HEX: F9 77 DC FE FE 70 97 BA 90 1D BE FF | T:169830 RPD:1
[CH: 50] LEN: 12 | HEX: F1 77 BF FA FE 74 97 5F 45 DB BB 7F | T:169842 RPD:1
[CH: 50] LEN: 12 | HEX: F1 77 FA F9 FE 77 97 FF A2 59 B7 DB | T:169842 RPD:0
[CH: 50] LEN: 12 | HEX: F9 77 FD FE F6 70 97 D5 10 1D AF 7F | T:169853 RPD:0
[CH: 50] LEN: 12 | HEX: F9 77 B5 FA FA 74 97 D5 45 DB BE FD | T:169858 RPD:1
[CH: 50] LEN: 12 | HEX: F9 77 FE F1 FE 77 97 5F F2 59 BF EF | T:169861 RPD:1
[CH: 50] LEN: 12 | HEX: F9 77 FE F8 FA 76 97 FA 6E 38 BB FB | T:169872 RPD:1
[CH: 50] LEN: 12 | HEX: F9 77 EA E7 FE 79 97 EA 26 F0 AF F7 | T:169873 RPD:0
[CH: 50] LEN: 12 | HEX: F1 77 CA FE FC 70 97 D5 90 1D BB BD | T:169884 RPD:1
[CH: 50] LEN: 12 | HEX: F9 77 FF F9 FE 73 97 D7 67 9F BF FE | T:169884 RPD:0
[CH: 50] LEN: 12 | HEX: F9 77 EA EB FC 75 97 FE 98 BA BF BD | T:169895 RPD:1
[CH: 50] LEN: 12 | HEX: F9 77 FB F8 F2 76 97 FD EF 38 BF FF | T:169907 RPD:1
[CH: 50] LEN: 12 | HEX: F9 77 DA F7 DE 79 97 DD A6 F0 BF 7E | T:169907 RPD:0
[CH: 50] LEN: 12 | HEX: F9 77 EE FB EE 75 97 7F 58 BA AF 7F | T:169918 RPD:1
[CH: 50] LEN: 12 | HEX: F1 77 BB F7 FD 79 97 FD 26 F0 B5 AF | T:169919 RPD:0
[CH: 50] LEN: 12 | HEX: F1 77 DC FA EA 70 97 AE 90 1D BB F7 | T:169930 RPD:1
[CH: 50] LEN: 12 | HEX: F1 77 DC F2 FB 74 97 AE C5 DB BD FF | T:169941 RPD:1
[CH: 50] LEN: 12 | HEX: FA 78 FE FE 7E 74 97 FE D2 5A BF BF | T:169960 RPD:1
[CH: 50] LEN: 12 | HEX: FA 78 EA FC 7A 74 97 DE 52 5A BF FD | T:169961 RPD:1
[CH: 50] LEN: 12 | HEX: F9 77 D7 80 00 71 97 AF 6F 64 B6 FE | T:169972 RPD:1
[CH: 50] LEN: 12 | HEX: F9 77 DE 80 00 71 97 BE 6E 64 BD B6 | T:169972 RPD:1
[CH: 50] LEN: 12 | HEX: F8 6D ED 80 FA FA 91 F7 70 98 B6 FD | T:169994 RPD:1
[CH: 50] LEN: 12 | HEX: F8 6D EA 00 FA FA 91 FF F0 98 BF 7B | T:169995 RPD:1
[CH: 50] LEN: 12 | HEX: FA 78 FF 5C 7C F2 91 FF 58 A7 2A AA | T:170259 RPD:1
[CH: 50] LEN: 12 | HEX: F2 78 F6 BC 7A F2 91 FF D8 A7 BE DF | T:170260 RPD:1
[CH: 50] LEN: 12 | HEX: F9 77 BD 00 00 71 91 FE 85 C2 BF FF | T:170271 RPD:1
[CH: 50] LEN: 12 | HEX: F9 77 FD 00 00 71 91 FE 05 C2 BF 6D | T:170271 RPD:1
[CH: 50] LEN: 12 | HEX: F0 6D FE 00 FA EA 91 EF 70 98 BD FF | T:170293 RPD:1
[CH: 50] LEN: 12 | HEX: F8 6D D6 00 FE F2 91 EF 70 98 BA D7 | T:170294 RPD:1
[CH: 50] LEN: 12 | HEX: F2 78 FF D4 7C F2 91 FF 78 A7 AD FF | T:170559 RPD:1
[CH: 50] LEN: 12 | HEX: F2 78 FF AC 7B FA 91 FD 58 A7 B6 FE | T:170559 RPD:1
[CH: 50] LEN: 12 | HEX: F9 77 7A 00 00 71 91 F5 05 C2 BE F7 | T:170571 RPD:1
[CH: 50] LEN: 12 | HEX: F1 77 FE 80 00 71 91 FB 05 C2 BD EF | T:170571 RPD:1
[CH: 50] LEN: 12 | HEX: F0 6D FE 80 FE FA 91 FB 70 98 BF F7 | T:170593 RPD:1
[CH: 50] LEN: 12 | HEX: FA 78 FF D4 7E FA 91 EF 78 A7 BF DF | T:170859 RPD:1
[CH: 50] LEN: 12 | HEX: FA 78 FF 54 7E FA 91 FF B8 A7 BF ED | T:170859 RPD:1
[CH: 50] LEN: 12 | HEX: F1 77 BD 80 00 71 91 EE 85 C2 AE FF | T:170871 RPD:1
[CH: 50] LEN: 12 | HEX: F9 77 FF 00 00 71 91 FF 05 C2 BF FF | T:170871 RPD:1
[CH: 50] LEN: 12 | HEX: F8 6D FF 00 FC FA 91 FB 70 98 BF FB | T:170893 RPD:1
[CH: 50] LEN: 12 | HEX: F2 78 FF AC 7E F2 91 EB 58 A7 FF FF | T:171158 RPD:1
[CH: 50] LEN: 12 | HEX: FA 78 FF DC 7C AA 91 FF 78 A7 BF 77 | T:171159 RPD:1
[CH: 50] LEN: 12 | HEX: F9 77 FD 00 00 71 91 D6 05 C2 BF FE | T:171170 RPD:1
[CH: 50] LEN: 12 | HEX: F1 77 D7 00 00 71 91 F6 05 C2 BD FF | T:171171 RPD:1
[CH: 50] LEN: 12 | HEX: F8 6D FF 00 FC FA 91 EB 70 98 BF FF | T:171192 RPD:1
[CH: 50] LEN: 12 | HEX: F8 6D EB 00 F4 FA 91 D5 70 98 BF B3 | T:171193 RPD:1
[CH: 50] LEN: 12 | HEX: FA 78 FB D4 7A FA 91 FF 58 A7 BF FB | T:171458 RPD:1
[CH: 50] LEN: 12 | HEX: FA 78 FF D4 7E FA 91 FF 58 A7 BB F9 | T:171459 RPD:1
[CH: 50] LEN: 12 | HEX: F9 77 FA 80 00 71 91 DD 85 C2 BB BF | T:171470 RPD:1
[CH: 50] LEN: 12 | HEX: F1 77 FF 00 00 71 91 FF 05 C2 BF FF | T:171470 RPD:1
[CH: 50] LEN: 12 | HEX: F8 6D FB 00 F5 F2 91 EB 70 98 B7 FF | T:171492 RPD:1
[CH: 50] LEN: 12 | HEX: F0 6D EE 00 FE FA 91 FF 70 98 BF DF | T:171493 RPD:1
[CH: 50] LEN: 12 | HEX: F2 78 F5 DC 7E FA 91 FF 58 A7 BF DE | T:171758 RPD:1
[CH: 50] LEN: 12 | HEX: FA 78 FF D4 7E FA 91 EB D8 A7 AF 7F | T:171759 RPD:1
[CH: 50] LEN: 12 | HEX: F9 77 AF 00 00 71 91 FF 05 C2 BF FB | T:171770 RPD:1
[CH: 50] LEN: 12 | HEX: F9 77 AE 80 00 71 91 EE 05 C2 B5 DE | T:171770 RPD:1
[CH: 50] LEN: 12 | HEX: F8 6D FF 00 FC FA 91 FB 70 98 BF 7A | T:171792 RPD:1
[CH: 50] LEN: 12 | HEX: F8 6D FF 00 FC FA 91 FF 70 98 AF DF | T:171793 RPD:1
[CH: 50] LEN: 12 | HEX: EA 78 FF FC 7F FA 91 FD 58 A7 BF FB | T:172058 RPD:1
[CH: 50] LEN: 12 | HEX: EA 78 EF 7C 7E EA 91 F7 78 A7 BF FE | T:172058 RPD:1
[CH: 50] LEN: 12 | HEX: E9 77 FD 00 00 71 91 FA 05 C2 BF FB | T:172070 RPD:1
[CH: 50] LEN: 12 | HEX: F9 77 FD 00 00 71 91 FE 85 C2 BF FF | T:172070 RPD:1
[CH: 50] LEN: 12 | HEX: F0 6D FE 80 FE FA 91 FF 70 98 BF F7 | T:172092 RPD:1
[CH: 50] LEN: 12 | HEX: F4 6D FF 00 FE FA 91 FE F0 98 BF EE | T:172092 RPD:1
[CH: 50] LEN: 12 | HEX: FA 78 F7 7C 7A FA 91 F6 98 A7 BF FF | T:172358 RPD:1
[CH: 50] LEN: 12 | HEX: F1 77 BE 80 00 71 91 FE 05 C2 BF F7 | T:172361 RPD:1
[CH: 50] LEN: 12 | HEX: F9 77 FD 80 00 71 91 BF 05 C2 BF FF | T:172361 RPD:1
[CH: 50] LEN: 12 | HEX: F0 6D EF 00 FE F2 91 FA 70 98 BF FB | T:172391 RPD:1
[CH: 50] LEN: 12 | HEX: F8 6D FD 00 FC FA 91 FF 78 98 BE F7 | T:172392 RPD:1
[CH: 50] LEN: 12 | HEX: FA 78 FB BC 7E F2 91 FE 98 A7 BF DF | T:172657 RPD:1
[CH: 50] LEN: 12 | HEX: F2 78 F7 7C 7E FA 91 FD 58 A7 BF FE | T:172658 RPD:1
[CH: 50] LEN: 12 | HEX: E9 77 AD 00 00 71 91 FF 85 C2 BF FF | T:172669 RPD:1
[CH: 50] LEN: 12 | HEX: F9 77 5B 00 00 71 91 FF 05 C2 BD FF | T:172669 RPD:1
[CH: 50] LEN: 12 | HEX: F0 6D FE 80 FE F2 91 D6 70 98 BF DF | T:172691 RPD:1
[CH: 50] LEN: 12 | HEX: F8 6D EF 00 EA EA 91 EE F0 98 BB FA | T:172692 RPD:1
[CH: 50] LEN: 12 | HEX: FA 78 FF 5C 7E FA 91 F5 D8 A7 AF BE | T:172957 RPD:1
[CH: 50] LEN: 12 | HEX: FA 78 FA FC 7E FA 91 FF 58 A7 BF BE | T:172958 RPD:1
[CH: 50] LEN: 12 | HEX: F9 77 BD 00 00 71 91 FE 85 C2 BF DE | T:172969 RPD:1
[CH: 50] LEN: 12 | HEX: F9 77 FA 00 00 71 91 F5 05 C2 BF B5 | T:172969 RPD:1
[CH: 50] LEN: 12 | HEX: F0 6D F7 00 FA AA 91 DF 70 98 BA B7 | T:172991 RPD:1
[CH: 50] LEN: 12 | HEX: F0 6D EB 00 FE FA 91 EE F0 98 BF 7F | T:172991 RPD:1
[CH: 50] LEN: 12 | HEX: FA 76 FF 00 8C FA 91 EE AC 77 B7 F2 | T:173261 RPD:1
[CH: 50] LEN: 12 | HEX: F2 76 F5 00 8C F2 91 DD AC 77 BF FF | T:173261 RPD:1
[CH: 50] LEN: 12 | HEX: D6 76 FE FE 73 FA 91 FF 92 8A BF F7 | T:173291 RPD:1
[CH: 50] LEN: 12 | HEX: F2 76 F6 F9 70 FA 91 FE A7 84 BB FF | T:173295 RPD:1
[CH: 50] LEN: 12 | HEX: FA 76 FE F8 71 FA 91 FE FB 61 BB FF | T:173298 RPD:1
[CH: 50] LEN: 12 | HEX: FA 76 F6 FB 76 F2 91 FF 4D 98 BE BE | T:173309 RPD:1
[CH: 50] LEN: 12 | HEX: FA 76 FE FA 77 FA 91 FF 51 7D BB FB | T:173309 RPD:0
[CH: 50] LEN: 12 | HEX: F2 76 FA F1 74 F2 91 EF 44 73 B5 75 | T:173321 RPD:1
[CH: 50] LEN: 12 | HEX: F2 76 FE F8 75 FA 91 DE B8 96 BF EF | T:173321 RPD:0
[CH: 50] LEN: 12 | HEX: FA 76 FE E7 7A F2 91 FF C9 81 BB FF | T:173332 RPD:0
[CH: 50] LEN: 12 | HEX: EA 76 F5 F6 7B BA 91 DA 55 64 BF 7D | T:173347 RPD:1
[CH: 50] LEN: 12 | HEX: F2 76 FE F5 78 F2 91 EF 20 6A BF BF | T:173377 RPD:1
[CH: 50] LEN: 12 | HEX: F2 76 F6 F4 79 FA 91 FB 5C 8F BD BF | T:173407 RPD:1
[CH: 50] LEN: 12 | HEX: FA 76 FE F3 7E F6 91 FF AA 76 BF EF | T:173437 RPD:1
[CH: 50] LEN: 12 | HEX: FA 76 F4 F2 7D AA 91 F7 16 93 BF FF | T:173467 RPD:1
[CH: 50] LEN: 12 | HEX: F2 76 F4 F1 78 FA 91 EE E3 9D BF F7 | T:173497 RPD:1
[CH: 50] LEN: 12 | HEX: F2 76 F6 F0 7D EE 91 FD 3D 70 BD 4E | T:173527 RPD:1
[CH: 50] LEN: 12 | HEX: FA 76 FE EF 62 F2 91 FE 91 92 BF 7E | T:173557 RPD:1
[CH: 50] LEN: 12 | HEX: FA 76 FE EE 63 FA 91 FF 4D 77 BF 7E | T:173587 RPD:1
[CH: 50] LEN: 12 | HEX: FA 76 F6 ED 60 FA 91 FD 38 79 B5 FF | T:173617 RPD:1
[CH: 50] LEN: 12 | HEX: F2 76 F5 EC 61 D2 91 EF 64 9C BF 6F | T:173647 RPD:1
[CH: 50] LEN: 12 | HEX: F2 76 F4 EB 66 FA 91 FA 52 65 BF FF | T:173677 RPD:1
[CH: 50] LEN: 12 | HEX: EA 76 FE EA 67 5A 91 EE 4E 80 B7 FA | T:173707 RPD:1
[CH: 50] LEN: 12 | HEX: F6 76 FA E9 64 F6 91 FD 7B 8E BF 7F | T:173737 RPD:1
[CH: 50] LEN: 12 | HEX: F2 76 F5 E8 65 EE 91 FE A7 6B BD 7F | T:173767 RPD:1
[CH: 50] LEN: 12 | HEX: F2 76 F6 E7 6A EA 91 F7 D6 7C BF EF | T:173796 RPD:1
[CH: 50] LEN: 12 | HEX: EA 76 F6 E6 6B D2 91 F7 4A 99 AF FD | T:173826 RPD:1
[CH: 50] LEN: 12 | HEX: F2 76 FA E5 68 FA 91 FA BD 97 BF FF | T:173856 RPD:1
[CH: 50] LEN: 12 | HEX: FA 76 FE E4 69 FA 91 AF E3 72 BE EB | T:173886 RPD:1
[CH: 50] LEN: 12 | HEX: FA 76 FD E3 6E FA 91 FE 95 8B BF B6 | T:173916 RPD:1
[CH: 50] LEN: 12 | HEX: FA 76 F4 E2 6F 76 91 EB 09 6E BF 75 | T:173946 RPD:1
[CH: 50] LEN: 12 | HEX: EE 76 F4 E1 6C F2 91 EF 7C 60 BF FF | T:173976 RPD:1
[CH: 50] LEN: 12 | HEX: FA 76 F6 E0 6D DA 91 FF 20 85 BF FB | T:174006 RPD:1
[CH: 50] LEN: 12 | HEX: FA 76 FE DF 52 F6 91 F7 31 95 B5 BE | T:174036 RPD:1
[CH: 50] LEN: 12 | HEX: F2 76 FE FE 73 D2 91 FD 52 8A BF DF | T:174066 RPD:1
[CH: 50] LEN: 12 | HEX: EA 76 FE F5 70 FA 91 EB A7 84 BF FF | T:174070 RPD:1
[CH: 50] LEN: 12 | HEX: EA 76 FE F4 71 EA 91 FD FB 61 BF EE | T:174074 RPD:1
[CH: 50] LEN: 12 | HEX: FA 76 FB F3 76 F2 91 D7 4D 98 BD FF | T:174085 RPD:1
[CH: 50] LEN: 12 | HEX: F2 76 FD FA 77 FA 91 EF 51 7D AE FF | T:174085 RPD:1
[CH: 50] LEN: 12 | HEX: F2 76 FE ED 74 F2 91 D6 A4 73 B5 77 | T:174097 RPD:1
[CH: 50] LEN: 12 | HEX: FA 76 FE F8 75 FA 91 FF B8 96 BD FF | T:174097 RPD:0
[CH: 50] LEN: 12 | HEX: FA 76 F6 F7 7A FA 91 F5 89 81 BF BD | T:174108 RPD:0
[CH: 50] LEN: 12 | HEX: FA 76 FA F5 78 FA 91 F7 20 6A BF FF | T:174125 RPD:1
[CH: 50] LEN: 12 | HEX: FA 76 FE F4 71 F2 91 F7 FC 8F BF EF | T:174155 RPD:1
[CH: 50] LEN: 12 | HEX: F2 76 FE F3 7D F2 91 F7 4A 76 BF FF | T:174185 RPD:1
[CH: 50] LEN: 12 | HEX: FA 76 FE E2 7A FA 91 EF 16 93 BF FE | T:174215 RPD:1
[CH: 50] LEN: 12 | HEX: FA 76 F6 F1 78 F2 91 FB 63 9D B5 FF | T:174245 RPD:1
[CH: 50] LEN: 12 | HEX: FA 76 FA F0 79 F6 91 D5 3D 70 AD FB | T:174275 RPD:1
[CH: 50] LEN: 12 | HEX: EA 76 F5 EE 62 F2 91 F6 11 92 BF F5 | T:174305 RPD:1
[CH: 50] LEN: 12 | HEX: EA 76 EA EE 63 D6 91 F7 4D 77 BF DF | T:174335 RPD:1
[CH: 50] LEN: 12 | HEX: EE 76 FA ED 60 F2 91 DD B8 71 BF 7F | T:174365 RPD:1
[CH: 50] LEN: 12 | HEX: F6 76 FE EC 61 F2 91 FE E4 9C BF BE | T:174395 RPD:1
[CH: 50] LEN: 12 | HEX: FA 76 FE EB 66 FA 91 FF D2 65 FF FF | T:174425 RPD:1
[CH: 50] LEN: 12 | HEX: F2 76 FA EA 67 FA 91 FF CE 80 BF F5 | T:174455 RPD:1
[CH: 50] LEN: 12 | HEX: F2 76 EE E9 64 FA 91 DD 7B 8E BF AF | T:174485 RPD:1
[CH: 50] LEN: 12 | HEX: FA 76 FA E8 65 FA 91 FE A7 6B BF EE | T:174515 RPD:1
[CH: 50] LEN: 12 | HEX: FA 76 FE E7 6A EA 91 FF 96 7E BE F7 | T:174545 RPD:1
[CH: 50] LEN: 12 | HEX: FA 76 FE E6 6B AA 91 FD CA 99 AD BF | T:174575 RPD:1
[CH: 50] LEN: 12 | HEX: F6 76 FE E5 68 FA 91 F6 3F 97 BF FE | T:174605 RPD:1
[CH: 50] LEN: 12 | HEX: FA 76 FE E4 69 F2 91 FF 63 72 BF FB | T:174635 RPD:1
[CH: 50] LEN: 12 | HEX: FA 76 FE E3 6E FA 91 FF F5 8B BF 7F | T:174665 RPD:1
[CH: 50] LEN: 12 | HEX: FA 76 FE E2 6F D2 91 F6 89 6E AE BF | T:174695 RPD:1
[CH: 50] LEN: 12 | HEX: FA 76 FA E1 6C FA 91 FB 7C 60 B5 FD | T:174725 RPD:1
[CH: 50] LEN: 12 | HEX: EE 76 FE E0 6D FA 91 EB A0 85 BF EF | T:174755 RPD:1
[CH: 50] LEN: 12 | HEX: F2 76 FA DE 52 FA 91 FF 31 95 BF AF | T:174785 RPD:1
[CH: 50] LEN: 12 | HEX: FA 76 F5 EA 73 AA 91 F5 F2 8A BF BF | T:174815 RPD:1
[CH: 50] LEN: 12 | HEX: FA 76 EC F5 70 F6 91 FE A7 84 BA E6 | T:174818 RPD:1
[CH: 50] LEN: 12 | HEX: EA 76 FE FC 71 FA 91 FE FB 61 BF FF | T:174821 RPD:1
[CH: 50] LEN: 12 | HEX: F2 76 FA FB 76 FA 91 FE 4D 98 BF BF | T:174833 RPD:1
[CH: 50] LEN: 12 | HEX: F2 76 F5 F2 77 FA 91 FF 11 7D B7 F7 | T:174833 RPD:1
[CH: 50] LEN: 12 | HEX: F2 76 EA F9 74 FA 91 FE E4 73 BD FF | T:174844 RPD:1
[CH: 50] LEN: 12 | HEX: F2 76 FE F0 75 EA 91 FE B8 96 BB FE | T:174844 RPD:0
[CH: 50] LEN: 12 | HEX: F2 76 F6 F7 7A FA 91 FE 89 81 BF F7 | T:174856 RPD:0
[CH: 50] LEN: 12 | HEX: F2 76 FD F5 78 FA 91 FF A0 6A A9 EE | T:174874 RPD:1
[CH: 50] LEN: 12 | HEX: F6 76 FC F4 79 FA 91 FF 5C 8F 6F D7 | T:174904 RPD:1
[CH: 50] LEN: 12 | HEX: F6 76 F6 F3 7D FA 91 FF 4A 76 B7 FF | T:174934 RPD:1
[CH: 50] LEN: 12 | HEX: F2 76 F5 F2 7F AA 91 DC 96 93 AF 7E | T:174964 RPD:1
[CH: 50] LEN: 12 | HEX: F2 76 FE F1 7C FA 91 FD E3 9D BE FF | T:174994 RPD:1
[CH: 50] LEN: 12 | HEX: FA 76 FE E0 79 FA 91 FF BE F8 BF 7F | T:175024 RPD:1
[CH: 50] LEN: 12 | HEX: FA 76 F5 EF 62 F6 91 FF 11 92 B7 FB | T:175054 RPD:1
[CH: 50] LEN: 12 | HEX: F2 76 EA EE 63 FA 91 FF CD 77 BF EF | T:175084 RPD:1
[CH: 50] LEN: 12 | HEX: FA 76 FD ED 60 FA 91 FF 78 79 BF FA | T:175114 RPD:1
[CH: 50] LEN: 12 | HEX: F6 76 FA EC 61 DA 91 FF 64 9C BF 7F | T:175144 RPD:1
[CH: 50] LEN: 12 | HEX: EE 76 FE EB 66 F2 91 FF D2 65 AF FB | T:175174 RPD:1
[CH: 50] LEN: 12 | HEX: F6 76 FE EA 67 FA 91 DE 8E 80 BF FD | T:175204 RPD:1
[CH: 50] LEN: 12 | HEX: FA 76 FE E9 64 FA 91 FF 7B 8E BA AA | T:175234 RPD:1
[CH: 50] LEN: 12 | HEX: F6 76 EE E8 65 FA 91 D7 27 6B BB 7F | T:175264 RPD:1
[CH: 50] LEN: 12 | HEX: FA 76 FE E7 6A FA 91 FB D6 7E AF FF | T:175294 RPD:1
[CH: 50] LEN: 12 | HEX: FA 76 EE E6 6B F6 91 FE CA 99 BB 57 | T:175324 RPD:1
[CH: 50] LEN: 12 | HEX: FA 76 FA E5 68 F6 91 FF BF 97 BF 7F | T:175354 RPD:1
[CH: 50] LEN: 12 | HEX: F2 76 FE E4 69 EA 91 FF 63 72 AF FB | T:175384 RPD:1
[CH: 50] LEN: 12 | HEX: F2 76 FE E3 6E FA 91 FF 75 8B BD FD | T:175414 RPD:1
[CH: 50] LEN: 12 | HEX: FA 76 F4 E2 6F 76 91 FF 89 6E BD FF | T:175444 RPD:1
[CH: 50] LEN: 12 | HEX: F2 76 F6 E1 6C F2 91 EF 7C 60 BD F5 | T:175474 RPD:1
[CH: 50] LEN: 12 | HEX: FA 76 FE E0 6D F6 91 FF 60 85 B7 FF | T:175504 RPD:1
[CH: 50] LEN: 12 | HEX: FA 76 FA DE 52 FA 91 DD 31 95 AB DF | T:175534 RPD:1
[CH: 50] LEN: 12 | HEX: EA 76 FE EA 73 F2 91 FF 52 8A B6 FF | T:175564 RPD:1
[CH: 50] LEN: 12 | HEX: FA 76 FE FD 70 FA 91 FF 67 84 AF FF | T:175568 RPD:1
[CH: 50] LEN: 12 | HEX: FA 76 FE FC 71 FA 91 FD 7B 61 BD FF | T:175571 RPD:1
[CH: 50] LEN: 12 | HEX: EA 76 FA EF 76 FA 91 FF CD 98 BF BB | T:175582 RPD:1
[CH: 50] LEN: 12 | HEX: FA 76 FE F2 77 FA 91 F7 91 7D AF FF | T:175582 RPD:1
[CH: 50] LEN: 12 | HEX: F2 76 FE F9 74 EA 91 F6 A4 73 BF FE | T:175593 RPD:1
[CH: 50] LEN: 12 | HEX: FA 76 FA F0 75 EA 91 FF 38 96 B7 6F | T:175594 RPD:0
[CH: 50] LEN: 12 | HEX: F2 76 F5 F7 72 FA 91 EF 89 81 AF FD | T:175605 RPD:0
[CH: 50] LEN: 12 | HEX: F6 76 FD F5 78 FA 91 FF 20 6A BE B4 | T:175624 RPD:1
[CH: 50] LEN: 12 | HEX: EA 76 FE F4 79 D2 91 FF FC 8F 7F FF | T:175654 RPD:1
[CH: 50] LEN: 12 | HEX: FA 76 F6 EB 7C F6 91 FE 8A 76 BF FA | T:175684 RPD:1
[CH: 50] LEN: 12 | HEX: EA 76 FE F2 7F AA 91 FF 16 93 BD F7 | T:175714 RPD:1
[CH: 50] LEN: 12 | HEX: F6 76 EE F1 78 F2 91 FE E3 9D BB FF | T:175744 RPD:1
[CH: 50] LEN: 12 | HEX: F6 76 FE F0 7D F6 91 FE BF 78 AF FF | T:175774 RPD:1
[CH: 50] LEN: 12 | HEX: FA 76 FE EF 62 FA 91 FB 11 92 BD FF | T:175804 RPD:1
[CH: 50] LEN: 12 | HEX: FA 76 FE EE 63 D2 91 D5 4D 77 BF 7B | T:175834 RPD:1
[CH: 50] LEN: 12 | HEX: F2 76 FC ED 60 FA 91 FF 38 79 AF AD | T:175864 RPD:1
[CH: 50] LEN: 12 | HEX: F2 76 F5 EC 61 EA 91 FE E4 9C BF DF | T:175893 RPD:1
[CH: 50] LEN: 12 | HEX: FA 76 FC EA 67 DA 91 DF 4E 80 BF BB | T:175953 RPD:1
[CH: 50] LEN: 12 | HEX: F6 76 FE E9 64 FA 91 FF 5B 8E A7 EF | T:175983 RPD:1
[CH: 50] LEN: 12 | HEX: FA 76 FE E8 65 F6 91 FF 27 6B FD 7F | T:176013 RPD:1
[CH: 50] LEN: 12 | HEX: FA 76 FE E7 6A EA 91 D5 16 54 AF 6D | T:176043 RPD:1
[CH: 50] LEN: 12 | HEX: F2 76 F5 E6 6B EA 91 ED 4A 99 AF E6 | T:176073 RPD:1
[CH: 50] LEN: 12 | HEX: FA 76 FE E5 68 FA 91 FF BF 97 B9 FE | T:176103 RPD:1
[CH: 50] LEN: 12 | HEX: F2 76 F6 E4 69 FA 91 FD 63 72 AE DF | T:176133 RPD:1
[CH: 50] LEN: 12 | HEX: FA 76 F6 E3 6E F2 91 FD 55 8B BB BF | T:176163 RPD:1
[CH: 50] LEN: 12 | HEX: F2 76 FE E2 6F FA 91 F7 09 6E BF DF | T:176193 RPD:1
[CH: 50] LEN: 12 | HEX: FA 76 F6 E1 6C FA 91 FD FC 60 AF FF | T:176223 RPD:1
[CH: 50] LEN: 12 | HEX: F2 76 FE E0 6D FA 91 FF 60 85 BF BF | T:176253 RPD:1
[CH: 50] LEN: 12 | HEX: EA 76 F6 DD 52 F2 91 F6 B1 95 BB F9 | T:176283 RPD:1
[CH: 50] LEN: 12 | HEX: FA 76 FE FE 73 FA 91 FF 52 8A B7 BF | T:176313 RPD:1
[CH: 50] LEN: 12 | HEX: F2 76 F6 F5 70 FA 91 FF 67 84 AF D7 | T:176317 RPD:1
[CH: 50] LEN: 12 | HEX: F2 76 FE F8 71 FA 91 FF F3 61 BF FF | T:176321 RPD:1
[CH: 50] LEN: 12 | HEX: FA 76 FE FB 76 F2 91 EE CD 98 BF BF | T:176332 RPD:1
[CH: 50] LEN: 12 | HEX: FA 76 FE F2 77 FA 91 F7 11 79 BF BF | T:176332 RPD:0
[CH: 50] LEN: 12 | HEX: FA 76 FE F9 74 EA 91 FB E4 73 AF FF | T:176344 RPD:1
[CH: 50] LEN: 12 | HEX: FA 76 FE F4 75 FA 91 FF B8 96 BF EB | T:176344 RPD:0
[CH: 50] LEN: 12 | HEX: EA 76 F6 F7 7A F2 91 FF 49 81 BF FC | T:176355 RPD:0
[CH: 50] LEN: 12 | HEX: FA 76 F4 F5 78 FA 91 FF 20 6A BF 3F | T:176371 RPD:1
[CH: 50] LEN: 12 | HEX: FA 76 F4 F4 71 FA 91 ED 7C 8F 2F BF | T:176401 RPD:1
[CH: 50] LEN: 12 | HEX: F2 76 FE F3 7E FA 91 EF 4A 76 BD FF | T:176431 RPD:1
[CH: 50] LEN: 12 | HEX: F2 76 FE F2 7B 7A 91 D5 16 93 AE FF | T:176461 RPD:1
[CH: 50] LEN: 12 | HEX: F2 76 FE E1 78 F2 91 EF 63 9D BE DF | T:176491 RPD:1
[CH: 50] LEN: 12 | HEX: FA 76 FE F0 7D F2 91 EB 7E F8 BF EB | T:176521 RPD:1
[CH: 50] LEN: 12 | HEX: FA 76 F6 EF 62 F6 91 FF 91 D2 AF FF | T:176551 RPD:1
[CH: 50] LEN: 12 | HEX: F2 76 FE EE 63 DA 91 EE 8D 77 FD F7 | T:176581 RPD:1
[CH: 50] LEN: 12 | HEX: FA 76 F4 ED 60 F2 91 FF 7C 79 BF FF | T:176611 RPD:1
[CH: 50] LEN: 12 | HEX: F2 76 FE EC 61 F6 91 AA E4 9C AE D7 | T:176641 RPD:1
[CH: 50] LEN: 12 | HEX: FA 76 FE EB 66 FA 91 EF 52 65 BF DE | T:176671 RPD:1
[CH: 50] LEN: 12 | HEX: F6 76 FE EA 67 FA 91 F7 8F 80 BF FD | T:176701 RPD:1
[CH: 50] LEN: 12 | HEX: FA 76 FE E9 64 FA 91 FF 7B CE BB FB | T:176731 RPD:1
[CH: 50] LEN: 12 | HEX: FA 76 FE E8 65 DA 91 FF 27 6B BF BA | T:176761 RPD:1
[CH: 50] LEN: 12 | HEX: FA 76 F5 E7 6A F2 91 FE 96 7A BD FF | T:176791 RPD:1
[CH: 50] LEN: 12 | HEX: FA 76 FE E5 68 FE 91 D5 BA 97 3F BF | T:176851 RPD:1
[CH: 50] LEN: 12 | HEX: FA 76 FC E4 69 D2 91 EE A3 72 BA BB | T:176881 RPD:1
[CH: 50] LEN: 12 | HEX: FA 76 FE E3 6E F2 91 FD D5 8B BF 7F | T:176911 RPD:1
[CH: 50] LEN: 12 | HEX: F6 76 F6 E2 6F 7A 91 F7 09 6E BF FE | T:176941 RPD:1
[CH: 50] LEN: 12 | HEX: F2 76 FE E1 6C FA 91 F7 7C 60 BF EE | T:176971 RPD:1
[CH: 50] LEN: 12 | HEX: FA 76 FE E0 6D FA 91 FF A0 85 BF ED | T:177000 RPD:1
[CH: 50] LEN: 12 | HEX: FA 76 F6 DE 52 FA 91 FF 31 95 AF FD | T:177030 RPD:1
[CH: 50] LEN: 12 | HEX: FA 76 FC FE 73 DA 91 FD 52 8A BF 7F | T:177060 RPD:1
[CH: 50] LEN: 12 | HEX: FE 76 FE FB 70 FA 91 FF 67 84 BF FF | T:177064 RPD:1
[CH: 50] LEN: 12 | HEX: FA 76 FE FC 71 FA 91 FF 7B 61 AB FD | T:177068 RPD:1
[CH: 50] LEN: 12 | HEX: FA 76 F6 FB 76 FA 91 FF CD 98 BF FD | T:177079 RPD:1
[CH: 50] LEN: 12 | HEX: F2 76 FC FA 77 5A 91 EB 51 7D BF EE | T:177080 RPD:0
[CH: 50] LEN: 12 | HEX: FA 76 FE F9 74 F6 91 EE E4 73 BB F5 | T:177091 RPD:1
[CH: 50] LEN: 12 | HEX: EE 76 FE F0 75 EA 91 FE B8 96 BF DF | T:177091 RPD:0
[CH: 50] LEN: 12 | HEX: FA 76 EE F7 7A F2 91 F7 49 81 BF FF | T:177102 RPD:0
[CH: 50] LEN: 12 | HEX: F2 76 FE E5 78 FA 91 EF 20 6A AF D7 | T:177120 RPD:1
[CH: 50] LEN: 12 | HEX: FA 76 EA F4 71 F2 91 FF AC 8F BF EF | T:177150 RPD:1
[CH: 50] LEN: 12 | HEX: F2 76 F4 F3 7E FA 91 FF 4A 76 BE FD | T:177180 RPD:1
[CH: 50] LEN: 12 | HEX: FA 76 F5 F2 7F AA 91 FE 96 93 AE EE | T:177210 RPD:1
[CH: 50] LEN: 12 | HEX: F2 76 FE F1 7C FA 91 FE E3 9D BF 7F | T:177240 RPD:1
[CH: 50] LEN: 12 | HEX: F6 76 EE E0 7D FA 91 DD BE 78 BF FA | T:177270 RPD:1
[CH: 50] LEN: 12 | HEX: FA 76 FE EF 62 FA 91 FE 91 92 B7 7F | T:177300 RPD:1
[CH: 50] LEN: 12 | HEX: FA 76 F6 EE 63 D2 91 D7 CD 77 BF FA | T:177330 RPD:1
[CH: 50] LEN: 12 | HEX: FA 76 EE ED 60 F2 91 FF FC 79 BF FE | T:177360 RPD:1
[CH: 50] LEN: 12 | HEX: FA 76 EE EC 61 D2 91 DE E4 9C BE F6 | T:177390 RPD:1
[CH: 50] LEN: 12 | HEX: F6 76 FC EB 66 FA 91 FD D2 65 BF F2 | T:177420 RPD:1
[CH: 50] LEN: 12 | HEX: EA 76 F6 EA 67 AA 91 DE CE 80 BB FE | T:177450 RPD:1
[CH: 50] LEN: 12 | HEX: F6 76 FE E9 64 F2 91 FE FB 8E BF BF | T:177480 RPD:1
[CH: 50] LEN: 12 | HEX: F6 76 EC E8 65 EA 91 FF A7 6B BF FE | T:177510 RPD:1
[CH: 50] LEN: 12 | HEX: FA 76 FE E7 6A FA 91 F5 16 7C BF DC | T:177540 RPD:1
[CH: 50] LEN: 12 | HEX: FA 76 FE E6 6B FA 91 F7 4A 99 AF B7 | T:177570 RPD:1
[CH: 50] LEN: 12 | HEX: FA 76 FE E5 68 FA 91 F7 3D 97 BF EF | T:177600 RPD:1
[CH: 50] LEN: 12 | HEX: FA 76 FE E4 69 FA 91 EE E3 72 BF FB | T:177630 RPD:1
[CH: 50] LEN: 12 | HEX: F2 76 F4 E3 6E FA 91 FD 55 8B BD FF | T:177660 RPD:1
[CH: 50] LEN: 12 | HEX: EA 76 FE E2 6F F2 91 EB 09 6E BF FF | T:177690 RPD:1
[CH: 50] LEN: 12 | HEX: F2 76 FE E1 6C F6 91 FF FC 60 BF FF | T:177720 RPD:1
[CH: 50] LEN: 12 | HEX: FA 76 FF E0 6D F6 91 FF 60 85 BD 7E | T:177750 RPD:1
[CH: 50] LEN: 12 | HEX: F6 76 FE DF 52 FA 91 FE B1 95 BE FF | T:177780 RPD:1
[CH: 50] LEN: 12 | HEX: FA 76 FE F6 73 FA 91 F7 52 8A AF DD | T:177810 RPD:1
[CH: 50] LEN: 12 | HEX: FA 76 FE FB 70 FA 91 ED 27 84 BF FB | T:177813 RPD:1
[CH: 50] LEN: 12 | HEX: FA 76 FE EC 71 F2 91 FF FB 61 BF FF | T:177817 RPD:1
[CH: 50] LEN: 12 | HEX: EA 76 F6 F3 76 F2 91 FF 4D 98 BE EF | T:177829 RPD:1
[CH: 50] LEN: 12 | HEX: F2 76 FA FA 77 FA 91 F7 51 7D BF FF | T:177829 RPD:1
[CH: 50] LEN: 12 | HEX: F6 76 F6 F9 74 FA 91 F7 44 73 BF 6D | T:177840 RPD:1
[CH: 50] LEN: 12 | HEX: F6 76 FE F0 75 EE 91 FE B8 96 BF BA | T:177841 RPD:1
[CH: 50] LEN: 12 | HEX: FA 76 FE F7 7A FA 91 DD 09 81 BB FF | T:177863 RPD:1
[CH: 50] LEN: 12 | HEX: F2 76 FE F6 7B FA 91 F6 55 64 BF BB | T:177867 RPD:1
[CH: 50] LEN: 12 | HEX: FA 76 FE F5 78 FA 91 F7 20 6A AA FE | T:177897 RPD:1
[CH: 50] LEN: 12 | HEX: FA 76 FE F4 79 FA 91 EE BC 8F 3F BE | T:177928 RPD:1
[CH: 50] LEN: 12 | HEX: FA 76 FE F3 7E FA 91 FF CA 76 BF DA | T:177957 RPD:1
[CH: 50] LEN: 12 | HEX: FA 76 F6 F2 7B BA 91 EF 16 93 B6 FB | T:177987 RPD:1
[CH: 50] LEN: 12 | HEX: FA 76 F4 F1 78 F2 91 EE 63 9D BF BE | T:178017 RPD:1
[CH: 50] LEN: 12 | HEX: FA 76 F6 F0 7D FE 91 EF BF 78 AB F6 | T:178047 RPD:1
[CH: 50] LEN: 12 | HEX: F6 76 FE EF 62 F2 91 FF 11 92 BF FF | T:178077 RPD:1
[CH: 50] LEN: 12 | HEX: F2 76 FE EE 63 DA 91 F7 AD 77 B9 FF | T:178107 RPD:1
[CH: 50] LEN: 12 | HEX: FA 76 FE ED 60 FA 91 FF 38 79 BF FF | T:178137 RPD:1
[CH: 50] LEN: 12 | HEX: FA 76 FA EC 61 FA 91 FF 64 9C B5 F6 | T:178167 RPD:1
[CH: 50] LEN: 12 | HEX: FA 76 FE EB 66 FA 91 FF 52 65 BF FD | T:178197 RPD:1
[CH: 50] LEN: 12 | HEX: F2 76 F6 EA 67 FA 91 FD 0E 80 AF D7 | T:178227 RPD:1
[CH: 50] LEN: 12 | HEX: F2 76 FE E9 64 FA 91 D7 FB 8E AB 7D | T:178257 RPD:1
[CH: 50] LEN: 12 | HEX: FA 76 FB E8 65 FA 91 FF 67 6B BF EB | T:178287 RPD:1
[CH: 50] LEN: 12 | HEX: FA 76 F4 E6 6B DA 91 FF 4A 99 BF AF | T:178347 RPD:1
[CH: 50] LEN: 12 | HEX: FA 76 FA E5 68 F2 91 FF 3F 97 BF F7 | T:178377 RPD:1
[CH: 50] LEN: 12 | HEX: F2 76 F6 E4 69 F6 91 FF 43 72 AB FD | T:178407 RPD:1
[CH: 50] LEN: 12 | HEX: FA 76 FE E3 6E FA 91 FF 75 8B AD F5 | T:178437 RPD:1
[CH: 50] LEN: 12 | HEX: F6 76 FA E2 6F 76 91 FF 09 6E B7 FF | T:178467 RPD:1
[CH: 50] LEN: 12 | HEX: F6 76 F5 E1 6C F2 91 FF 7C 60 BF EF | T:178497 RPD:1
[CH: 50] LEN: 12 | HEX: EA 76 FE E0 6D FA 91 FD 60 85 AE FD | T:178527 RPD:1
[CH: 50] LEN: 12 | HEX: FA 76 FE DF 52 F2 91 F5 31 95 BB F7 | T:178557 RPD:1
[CH: 50] LEN: 12 | HEX: FA 76 FE FE 73 FA 91 FF B2 8A BF DF | T:178587 RPD:1
[CH: 50] LEN: 12 | HEX: F2 76 FA FD 70 FE 91 FF 67 84 B7 D7 | T:178591 RPD:1
[CH: 50] LEN: 12 | HEX: FA 76 FE FC 71 FA 91 FF 7B 61 AF FF | T:178595 RPD:1
[CH: 50] LEN: 12 | HEX: FA 76 EA F3 76 FA 91 EA 4D 98 B7 FB | T:178606 RPD:1
[CH: 50] LEN: 12 | HEX: FA 76 FE FA 77 EE 91 FF 91 7D BF DF | T:178606 RPD:0
[CH: 50] LEN: 12 | HEX: FA 76 FB F1 74 FA 91 FF 44 73 BF FB | T:178617 RPD:1
[CH: 50] LEN: 12 | HEX: FA 76 F6 F8 75 FA 91 FF 38 96 BF FF | T:178618 RPD:0
[CH: 50] LEN: 12 | HEX: FA 76 FE F7 7A F2 91 FF 89 81 BD 77 | T:178629 RPD:0
[CH: 50] LEN: 12 | HEX: F2 76 F6 F5 70 FA 91 EB 20 6A B7 BF | T:178648 RPD:0
[CH: 50] LEN: 12 | HEX: FA 76 FA F4 79 FA 91 FF F8 8F BB FA | T:178678 RPD:1
[CH: 50] LEN: 12 | HEX: FA 76 F6 F3 7E F2 91 FF 2A 76 BF FF | T:178708 RPD:1
[CH: 50] LEN: 12 | HEX: FA 76 FE F2 7F FE 91 FF 16 93 BF 3A | T:178738 RPD:1
[CH: 50] LEN: 12 | HEX: FA 76 FE F1 7C FA 91 FF 63 9D BF 55 | T:178768 RPD:1
[CH: 50] LEN: 12 | HEX: F2 76 FE F0 75 EA 91 F7 3E 78 BF 3F | T:178798 RPD:1
[CH: 50] LEN: 12 | HEX: FA 76 FE EF 62 FA 91 EF 11 92 AF FF | T:178828 RPD:1
[CH: 50] LEN: 12 | HEX: F2 76 F6 EE 63 BA 91 FE AD 77 BB 7F | T:178858 RPD:1
[CH: 50] LEN: 12 | HEX: FA 76 FE ED 60 FA 91 EE B8 79 BB BF | T:178888 RPD:1
[CH: 50] LEN: 12 | HEX: FA 76 FE EC 61 FA 91 FF 64 9C BF 6E | T:178918 RPD:1
[CH: 50] LEN: 12 | HEX: F6 76 FE EB 66 FA 91 FF 52 65 BF FF | T:178948 RPD:1
[CH: 50] LEN: 12 | HEX: FA 7E F5 EA 67 FA 91 FF 8E 80 BD B5 | T:178977 RPD:1
[CH: 50] LEN: 12 | HEX: FA 76 FE E9 64 FA 91 FF 5B 8E BB EF | T:179007 RPD:1
[CH: 50] LEN: 12 | HEX: FA 76 FE E7 6A F2 91 D5 16 74 A6 BD | T:179067 RPD:1
[CH: 50] LEN: 12 | HEX: FA 76 FE E6 6B FA 91 FF 4A 99 B7 DD | T:179097 RPD:1
[CH: 50] LEN: 12 | HEX: FA 76 FE E5 68 F6 91 FF 3F 97 BF FF | T:179127 RPD:1
[CH: 50] LEN: 12 | HEX: FA 76 FC E4 69 EA 91 FF E3 72 BF FF | T:179157 RPD:1
[CH: 50] LEN: 12 | HEX: FE 76 F4 E3 6E FA 91 FF F5 8B B7 F7 | T:179187 RPD:1
[CH: 50] LEN: 12 | HEX: FA 76 FA E2 6F FA 91 FF 09 6E BF FB | T:179217 RPD:1
[CH: 50] LEN: 12 | HEX: FA 76 F6 E1 6C FA 91 DF 7C 60 BF 6B | T:179247 RPD:1
[CH: 50] LEN: 12 | HEX: FA 76 FE E0 6D FA 91 EA A0 85 AF DB | T:179277 RPD:1
[CH: 50] LEN: 12 | HEX: F6 76 FE DF 52 FA 91 FF 31 95 BF F6 | T:179307 RPD:1
[CH: 50] LEN: 12 | HEX: FA 76 FE FE 73 FA 91 FF D2 8A BE F7 | T:179337 RPD:1
[CH: 50] LEN: 12 | HEX: FA 76 FE FD 70 F2 91 EF 67 84 BF FF | T:179341 RPD:1
[CH: 50] LEN: 12 | HEX: FA 76 F6 FC 71 FA 91 F7 7B 61 BD 7F | T:179344 RPD:1
[CH: 50] LEN: 12 | HEX: FA 76 F6 FB 76 FA 91 FF 4D 98 BF 37 | T:179355 RPD:1
[CH: 50] LEN: 12 | HEX: FA 76 FE FA 77 FA 91 FF 91 7D BE 7F | T:179355 RPD:1
[CH: 50] LEN: 12 | HEX: FA 76 FC F9 74 FA 91 FF E4 73 FF FF | T:179367 RPD:1
[CH: 50] LEN: 12 | HEX: FA 76 FE F8 75 F2 91 FF 38 96 BF BF | T:179367 RPD:0
[CH: 50] LEN: 12 | HEX: FA 76 FE F7 7A FA 91 FF 89 81 BF F1 | T:179378 RPD:1
[CH: 50] LEN: 12 | HEX: FA 76 FE F6 7B FA 91 FF 55 64 B6 FB | T:179390 RPD:1
[CH: 50] LEN: 12 | HEX: FA 76 F6 FD 78 F2 91 FF 20 6A AF FD | T:179398 RPD:1
[CH: 50] LEN: 12 | HEX: F2 7B FF 00 81 F2 91 FF AB FB BF 6E | T:179605 RPD:1
[CH: 50] LEN: 12 | HEX: FA 7B FF 00 81 FA 91 FF F5 D7 BD DE | T:179606 RPD:1
[CH: 50] LEN: 12 | HEX: F9 77 FE FE FE 70 91 FF BA BB AA AD | T:179636 RPD:1
[CH: 50] LEN: 12 | HEX: F9 77 FE FD FE 73 91 F6 8D 39 BF FB | T:179639 RPD:1
[CH: 50] LEN: 12 | HEX: F9 77 FE FC FA 72 91 DF 50 58 BF FA | T:179642 RPD:1
[CH: 50] LEN: 12 | HEX: F9 77 FE FB FE 75 91 FF 72 1C B7 FF | T:179654 RPD:1
[CH: 50] LEN: 12 | HEX: F9 77 FE F2 FA 74 91 EE AF 79 B7 5F | T:179654 RPD:0
[CH: 50] LEN: 12 | HEX: F9 77 FE F9 FE 77 91 FF 58 FF AD F7 | T:179665 RPD:1
[CH: 50] LEN: 12 | HEX: F9 77 FE F8 F6 76 91 FF C5 9E BF FD | T:179665 RPD:0
[CH: 50] LEN: 12 | HEX: F9 77 FE F7 FE 79 91 FF 8C 56 BF EF | T:179677 RPD:1
[CH: 50] LEN: 12 | HEX: F9 77 EA FC FE 72 91 EB 90 58 BD FC | T:179688 RPD:1
[CH: 50] LEN: 12 | HEX: F9 77 DE FB EC 75 91 F6 72 1C B3 FF | T:179688 RPD:0
[CH: 50] LEN: 12 | HEX: F9 77 FE F8 FE 76 91 F7 A5 9E BE FF | T:179700 RPD:1
[CH: 50] LEN: 12 | HEX: E9 77 5E F8 FE 72 91 FF 90 58 AB F7 | T:179700 RPD:0
[CH: 50] LEN: 12 | HEX: F9 77 FE FB EA 75 91 FF 72 1C BF FF | T:179711 RPD:1
[CH: 50] LEN: 12 | HEX: F9 77 FE F0 FE 76 91 FF A5 9E BE F7 | T:179722 RPD:0
[CH: 50] LEN: 12 | HEX: F9 77 FE F7 DE 79 91 FF 8C 56 BD F7 | T:179723 RPD:0
[CH: 50] LEN: 12 | HEX: F1 77 AB FA FE 78 91 FF BA BB B3 EB | T:179734 RPD:1
[CH: 50] LEN: 12 | HEX: F9 77 FE FD FA 73 91 FF 0D 39 BC FE | T:179734 RPD:0
[CH: 50] LEN: 12 | HEX: F1 77 AE FC FE 72 91 FF 90 58 AF 7F | T:179746 RPD:1
[CH: 50] LEN: 12 | HEX: F9 77 FE FA FE 74 91 FD 6F 7D BE FF | T:179746 RPD:0
[CH: 50] LEN: 12 | HEX: F9 77 FE F9 FC 77 91 FF 58 FF BF BC | T:179757 RPD:1
[CH: 50] LEN: 12 | HEX: F9 77 FE F7 FE 75 91 FF 8C 56 AF FF | T:179768 RPD:1
[CH: 50] LEN: 12 | HEX: F9 77 EA FE FE 70 91 FF 7A BB BA F7 | T:179769 RPD:0
[CH: 50] LEN: 12 | HEX: F9 77 EE FB D6 75 91 FF 72 1C AF FD | T:179780 RPD:1
[CH: 50] LEN: 12 | HEX: F9 77 FE F7 FE 79 91 FF 8C 56 BF EF | T:179780 RPD:0
[CH: 50] LEN: 12 | HEX: F9 77 BD FA FE 70 91 FF BA BB BF F7 | T:179792 RPD:1
[CH: 50] LEN: 12 | HEX: F9 77 FE FB FE 75 91 FF 72 1C BF FF | T:179792 RPD:0
[CH: 50] LEN: 12 | HEX: F9 77 FE FA FE 74 91 FF CF 7D BF FF | T:179803 RPD:1
[CH: 50] LEN: 12 | HEX: F9 77 FE F7 FE 79 91 FF 8C 56 BF 7F | T:179814 RPD:1
[CH: 50] LEN: 12 | HEX: F9 77 FE FC FA 70 91 FF BA BB B6 FF | T:179815 RPD:0
[CH: 50] LEN: 12 | HEX: F9 77 FE FB FE 75 91 FF 72 1C B7 7D | T:179826 RPD:1
[CH: 50] LEN: 12 | HEX: F9 77 FE F8 FE 76 91 FF C5 9E BF EF | T:179826 RPD:0
[CH: 50] LEN: 12 | HEX: F9 77 FE F7 FF 79 91 FF 8C 56 BF FF | T:179837 RPD:0
[CH: 50] LEN: 12 | HEX: F9 77 EA FE FE 70 91 FF 7A BF B6 AC | T:179849 RPD:1
[CH: 50] LEN: 12 | HEX: F9 77 EB FD FE 73 91 FA 8D 3D BD FF | T:179849 RPD:0
[CH: 50] LEN: 12 | HEX: F9 77 FE FC FE 72 91 DF 90 58 BF AF | T:179860 RPD:1
[CH: 50] LEN: 12 | HEX: F1 77 BD FA FE 74 91 FA CF 7D BF FF | T:179861 RPD:0
[CH: 50] LEN: 12 | HEX: F1 77 FE F9 EE 77 91 FF 58 FF BE FF | T:179872 RPD:1
[CH: 50] LEN: 12 | HEX: F9 77 FE FA FA 70 91 F5 BA BB B7 F7 | T:179872 RPD:0
[CH: 50] LEN: 12 | HEX: F9 77 DC FD FE 73 91 FF 0D 39 BF FB | T:179883 RPD:1
[CH: 50] LEN: 12 | HEX: F9 77 EE FA FA 74 91 FF DF 7D BF FF | T:179895 RPD:1
[CH: 50] LEN: 12 | HEX: F9 77 AE F9 FE 77 91 FF 58 FF BE F7 | T:179895 RPD:1
[CH: 50] LEN: 12 | HEX: F9 77 FE FA EE 70 91 EF BA BB AE FF | T:179906 RPD:1
[CH: 50] LEN: 12 | HEX: F9 77 FE FB FE 75 91 FF 72 1C BD CD | T:179907 RPD:0
[CH: 50] LEN: 12 | HEX: E9 77 BE FA FE 74 91 FF EF 7D AB BF | T:179918 RPD:1
[CH: 50] LEN: 12 | HEX: F9 77 FE F7 FE 79 91 FB 4C 56 BF FB | T:179918 RPD:1
[CH: 50] LEN: 12 | HEX: F9 77 AA FA FE 70 91 FF BA BB BE F7 | T:179929 RPD:1
[CH: 50] LEN: 12 | HEX: F9 77 FC FD FE 73 91 FF 0D 39 BF EF | T:179941 RPD:1
[CH: 50] LEN: 12 | HEX: F9 77 EE FC FA 72 91 D7 90 58 BF B5 | T:179941 RPD:0
[CH: 50] LEN: 12 | HEX: F9 77 FD FB FE 75 91 F7 72 1C BD FF | T:179952 RPD:1
[CH: 50] LEN: 12 | HEX: F9 77 D4 F9 FC 77 91 EA 58 FF BD FF | T:179953 RPD:0
[CH: 50] LEN: 12 | HEX: F1 77 BE F8 FE 76 91 FF C5 9E BF F5 | T:179964 RPD:1
[CH: 50] LEN: 12 | HEX: F9 77 FE FB FE 73 91 EF 8D 39 BE 2B | T:179975 RPD:1
[CH: 50] LEN: 12 | HEX: D1 77 7B F4 EA 72 91 FB 90 58 BF FF | T:179975 RPD:0
[CH: 50] LEN: 12 | HEX: F1 77 FE F9 FE 77 91 F6 58 FF 3B DD | T:179987 RPD:1
[CH: 50] LEN: 12 | HEX: F1 77 FE F8 F6 76 91 FF D5 9E BF FF | T:179987 RPD:1
[CH: 50] LEN: 12 | HEX: F1 77 FD F7 FE 79 91 FF 8C 56 BF D6 | T:179998 RPD:1
[CH: 50] LEN: 12 | HEX: F9 77 FE F4 FB 70 91 FA BA BB EA DD | T:179999 RPD:0
[CH: 50] LEN: 12 | HEX: F9 77 ED FB FE 7B 91 FF 0D 39 BF BF | T:180010 RPD:1
[CH: 50] LEN: 12 | HEX: F9 77 FD FB FF 75 91 F5 72 1C BB F5 | T:180021 RPD:1
[CH: 50] LEN: 12 | HEX: F9 77 EA FA FA 74 91 F7 4F 7D AE FF | T:180021 RPD:0
[CH: 50] LEN: 12 | HEX: F9 77 FE F7 AA 79 91 FF 4C 56 BF B5 | T:180033 RPD:0
[CH: 50] LEN: 12 | HEX: F9 77 7A EC FE 72 91 D5 90 58 BD CA | T:180033 RPD:0
[CH: 50] LEN: 12 | HEX: D9 77 FE FB FE 75 91 EA 72 1C BF FD | T:180044 RPD:0
[CH: 50] LEN: 12 | HEX: F1 77 FE F0 F6 76 91 FF C5 9E BE EE | T:180044 RPD:0
[CH: 50] LEN: 12 | HEX: F9 77 FE F7 FD 79 91 FF 8C 56 AF D6 | T:180056 RPD:1
[CH: 50] LEN: 12 | HEX: F9 77 D4 F8 EA 72 91 FF 10 58 BF EF | T:180067 RPD:1
[CH: 50] LEN: 12 | HEX: F9 77 FE FB FE 75 91 FF F2 1C BF FD | T:180067 RPD:0
[CH: 50] LEN: 12 | HEX: F9 77 DB F0 F6 76 91 FF C5 9C B5 BF | T:180079 RPD:1
[CH: 50] LEN: 12 | HEX: F1 77 FC F8 F6 72 91 FF 90 58 BD FF | T:180079 RPD:1
[CH: 50] LEN: 12 | HEX: F9 77 DE FB FB 75 91 FF 72 1C BF DD | T:180090 RPD:0
[CH: 50] LEN: 12 | HEX: F1 77 EA F8 F6 76 91 EB 25 9E BF BF | T:180099 RPD:1
[CH: 50] LEN: 12 | HEX: F9 77 75 FA FE 70 91 EB BA BB B5 5F | T:180105 RPD:1
[CH: 50] LEN: 12 | HEX: F1 77 AD F5 FD 73 91 FF 0D 39 BD BF | T:180108 RPD:1
[CH: 50] LEN: 12 | HEX: E9 77 DD F4 FE 72 91 FE 90 58 AA DD | T:180119 RPD:1
[CH: 50] LEN: 12 | HEX: F9 77 D6 FB DC 75 91 F6 F2 1C B7 F7 | T:180120 RPD:0
[CH: 50] LEN: 12 | HEX: F1 77 FA EA FA 74 91 FF DF 79 A7 FA | T:180131 RPD:1
[CH: 50] LEN: 12 | HEX: F9 77 DD F1 FE 77 91 FF D8 FF BF DB | T:180131 RPD:0
[CH: 50] LEN: 12 | HEX: F5 77 F5 F0 FE 76 91 FF C5 9E BF FE | T:180142 RPD:1
[CH: 50] LEN: 12 | HEX: F9 77 FA FD DE 7B 91 DF 0D 39 BE DF | T:180154 RPD:1
[CH: 50] LEN: 12 | HEX: F1 77 AD F4 EE 72 91 FF 10 58 BD FB | T:180154 RPD:0
[CH: 50] LEN: 12 | HEX: F1 77 BA F9 DC F7 11 FE 58 F5 3A EF | T:180165 RPD:1
[CH: 50] LEN: 12 | HEX: F1 77 BB F0 F5 76 91 D5 45 9E BF EA | T:180165 RPD:1
[CH: 50] LEN: 12 | HEX: F1 77 EA F7 FD 79 91 FE CC 56 BB FF | T:180177 RPD:1
[CH: 50] LEN: 12 | HEX: F1 77 FE EA F4 70 91 F7 3A BB BB DA | T:180177 RPD:0
[CH: 50] LEN: 12 | HEX: F1 77 FB F5 FE 73 91 FF 8D 39 BD FA | T:180188 RPD:1
[CH: 50] LEN: 12 | HEX: F1 77 BD F3 D6 75 91 FE F2 1C BF FE | T:180200 RPD:1
[CH: 50] LEN: 12 | HEX: F1 77 FA FA FE 74 91 FD 6F 7D BB 54 | T:180200 RPD:0
[CH: 50] LEN: 12 | HEX: F1 77 ED F7 AD 79 91 FE 8C 56 BB AE | T:180211 RPD:1
[CH: 50] LEN: 12 | HEX: F1 77 FD FB BC 75 91 FE F2 1C BF EF | T:180211 RPD:0
[CH: 50] LEN: 12 | HEX: F9 77 DD F2 FF 74 91 FE AF 7B BC FF | T:180223 RPD:1
[CH: 50] LEN: 12 | HEX: F1 77 FE F0 F6 76 91 FE 85 9E B7 FF | T:180234 RPD:0
[CH: 50] LEN: 12 | HEX: F1 77 DE F7 AE 79 91 F5 0C 56 B5 BA | T:180234 RPD:0
[CH: 50] LEN: 12 | HEX: F9 77 AA FA F4 70 91 DA BA BB BF 7A | T:180246 RPD:1
[CH: 50] LEN: 12 | HEX: F1 77 FE FD F4 73 91 F6 8D 39 BF BF | T:180246 RPD:0
[CH: 50] LEN: 12 | HEX: F5 77 BD F8 FA 72 91 FE 90 58 BF DF | T:180257 RPD:1
[CH: 50] LEN: 12 | HEX: F9 77 FD F2 FE 74 91 FE AF 7D B7 FF | T:180257 RPD:0
[CH: 50] LEN: 12 | HEX: F1 77 BB F9 EC 77 91 FF 58 FF 2F FF | T:180269 RPD:1
[CH: 50] LEN: 12 | HEX: F1 77 BD FA F4 70 91 EF 3A BB BE FD | T:180280 RPD:1
[CH: 50] LEN: 12 | HEX: F1 77 7E FD F4 73 91 FE 8D 39 BF FF | T:180280 RPD:0
[CH: 50] LEN: 12 | HEX: F9 77 ED F2 FE 74 91 FE AF 7D AD FF | T:180292 RPD:0
[CH: 50] LEN: 12 | HEX: E9 77 D6 F4 EE 70 91 EE BA BB BF FA | T:180300 RPD:1
[CH: 50] LEN: 12 | HEX: F9 77 D6 FD FC 73 91 FF 8D 39 BF 5D | T:180303 RPD:1
[CH: 50] LEN: 12 | HEX: F9 77 BB F6 FE 72 91 FF 50 58 B6 FD | T:180306 RPD:1
[CH: 50] LEN: 12 | HEX: F1 77 BD FB DC 75 91 FE F2 1C BF FF | T:180317 RPD:1
[CH: 50] LEN: 12 | HEX: F5 77 FA FA FE 74 91 EF EF 79 BF FF | T:180329 RPD:1
[CH: 50] LEN: 12 | HEX: F9 77 DE F9 FE 77 91 FF 58 FF FE FD | T:180332 RPD:1
[CH: 50] LEN: 12 | HEX: F1 77 FD F8 FE 76 91 FF 65 9E AF 6F | T:180335 RPD:1
[CH: 50] LEN: 12 | HEX: F9 77 D6 F7 FF 79 91 FF 4C 56 AE FB | T:180355 RPD:1
[CH: 50] LEN: 12 | HEX: F9 77 5E F5 FE 70 91 EF 7E BB BF ED | T:180375 RPD:1
[CH: 50] LEN: 12 | HEX: F9 77 FD F5 DE 73 91 F6 0D 39 BF FF | T:180379 RPD:1
[CH: 50] LEN: 12 | HEX: F1 77 D5 FC EA 72 91 EF 50 58 B5 5B | T:180382 RPD:1
[CH: 50] LEN: 12 | HEX: F9 77 D4 FB FE 75 91 FF 72 1C BB FA | T:180393 RPD:1
[CH: 50] LEN: 12 | HEX: F9 77 FD FA FE 74 91 FF EF 7D BF FB | T:180405 RPD:1
[CH: 50] LEN: 12 | HEX: F1 77 DC F1 EE 77 91 F5 58 F5 3F FF | T:180408 RPD:1
[CH: 50] LEN: 12 | HEX: F1 77 D6 F8 FB 76 91 FF 25 9E A7 FB | T:180411 RPD:1
[CH: 50] LEN: 12 | HEX: F9 77 B6 F7 5E 71 91 EE 8C 56 BF 7B | T:180431 RPD:1
[CH: 50] LEN: 12 | HEX: F9 77 FC FC FE 70 91 D7 7A BB BF DD | T:180451 RPD:1
[CH: 50] LEN: 12 | HEX: F1 77 AE FD FE 73 91 F6 0D 39 B5 DF | T:180455 RPD:1
[CH: 50] LEN: 12 | HEX: F9 77 EE FA FC 72 91 F7 D0 58 BF D6 | T:180458 RPD:1
[CH: 50] LEN: 12 | HEX: F1 77 D4 FB DE 75 91 EA 72 1C BF ED | T:180469 RPD:1
[CH: 50] LEN: 12 | HEX: F9 77 AE EE F5 74 91 DE EF 79 BF ED | T:180469 RPD:0
[CH: 50] LEN: 12 | HEX: F9 77 DC F1 F5 77 11 D7 58 F7 BF FF | T:180480 RPD:1
[CH: 50] LEN: 12 | HEX: F1 77 FD F8 F5 76 91 FF E5 9E BF AF | T:180481 RPD:1
[CH: 50] LEN: 12 | HEX: F9 77 FD F7 FE 79 91 FE CC 56 BB FF | T:180492 RPD:1
[CH: 50] LEN: 12 | HEX: F9 77 AE FA FA 70 91 D7 BA BB B7 FE | T:180510 RPD:1
[CH: 50] LEN: 12 | HEX: F5 77 B5 F7 FE 73 91 F6 0D 39 BF F7 | T:180514 RPD:1
[CH: 50] LEN: 12 | HEX: F9 77 B5 FC FA 72 91 EB 90 58 BF FF | T:180534 RPD:1
[CH: 50] LEN: 12 | HEX: F5 77 F4 FB EA 75 91 EA 72 1C BF FD | T:180536 RPD:1
[CH: 50] LEN: 12 | HEX: F1 77 D6 FA F6 74 91 F7 DF 7D AF FF | T:180539 RPD:1
[CH: 50] LEN: 12 | HEX: F9 77 B4 FD F6 77 91 FF D8 FA BE FF | T:180551 RPD:1
[CH: 50] LEN: 12 | HEX: F1 77 BD F8 FE 76 91 F7 A5 9E BF FE | T:180551 RPD:0
[CH: 50] LEN: 12 | HEX: F9 77 FE F7 FF 79 91 FB 8C 56 A9 5B | T:180562 RPD:0
[CH: 50] LEN: 12 | HEX: F9 77 FE FB FA 70 91 FF FA BB BD 7E | T:180568 RPD:1
[CH: 50] LEN: 12 | HEX: F9 77 BD FD DE 73 91 FD 8D 39 BF 7F | T:180580 RPD:1
[CH: 50] LEN: 12 | HEX: ED 77 D4 FC FA 72 91 EA 90 58 AF BA | T:180580 RPD:0
[CH: 50] LEN: 12 | HEX: F9 77 FE F3 FE 75 91 F7 72 1C BA A8 | T:180591 RPD:1
[CH: 50] LEN: 12 | HEX: F1 77 DF FA FE 74 91 DB EF 79 BF FB | T:180592 RPD:0
[CH: 50] LEN: 12 | HEX: F1 77 BD F9 FE 77 91 FF 58 F7 BF F3 | T:180603 RPD:1
[CH: 50] LEN: 12 | HEX: F9 77 FD FE F5 70 91 F7 7A BB BB FF | T:180603 RPD:0
[CH: 50] LEN: 12 | HEX: F1 77 AD F7 FC 73 91 FF 8D 39 AF EE | T:180614 RPD:1
[CH: 50] LEN: 12 | HEX: F9 77 BE F6 FE 74 91 FE AF 7D BF FF | T:180626 RPD:1
[CH: 50] LEN: 12 | HEX: F9 77 DC F9 FE 77 91 FE 58 FF 3F DF | T:180626 RPD:0
[CH: 50] LEN: 12 | HEX: F9 77 DB FC FD 70 91 EE FA BB B7 BF | T:180637 RPD:1
[CH: 50] LEN: 12 | HEX: F1 77 BA FA FE 74 91 D5 EF 7D BF DF | T:180638 RPD:0
[CH: 50] LEN: 12 | HEX: F9 77 FD F9 F4 77 91 FF 58 FF 76 B5 | T:180649 RPD:0
[CH: 50] LEN: 12 | HEX: F1 77 FD FE FE 70 91 FA FA BB AA DE | T:180657 RPD:1
[CH: 50] LEN: 12 | HEX: F1 77 FE FD D6 73 91 FF 0D 39 BE BF | T:180660 RPD:1
[CH: 50] LEN: 12 | HEX: F9 77 BB FC F5 72 91 FF 90 58 BF DF | T:180672 RPD:1
[CH: 50] LEN: 12 | HEX: F9 77 FE FB FE 75 91 EB 72 1C BF FB | T:180672 RPD:0
[CH: 50] LEN: 12 | HEX: F1 77 FD FA F6 74 91 D7 5F 79 AF DB | T:180683 RPD:1
[CH: 50] LEN: 12 | HEX: F1 77 FC E9 EE 77 11 F6 58 FF 7F FE | T:180683 RPD:0
[CH: 50] LEN: 12 | HEX: F9 77 BD F8 F4 76 91 FF 45 9E BF DF | T:180695 RPD:1
[CH: 50] LEN: 12 | HEX: F9 77 FB FD FE 73 91 FF 8D 39 BB E8 | T:180706 RPD:1
[CH: 50] LEN: 12 | HEX: F9 77 DE FC F6 72 91 FF 50 58 B7 EB | T:180706 RPD:0
[CH: 50] LEN: 12 | HEX: F1 77 FD F9 FE 77 91 EF 58 FF 3D BF | T:180718 RPD:1
[CH: 50] LEN: 12 | HEX: F1 77 FF FD FE 73 91 F7 0D 39 BF FF | T:180718 RPD:0
[CH: 50] LEN: 12 | HEX: F9 77 FD F4 FA 72 91 FF 10 58 BE FF | T:180729 RPD:1
[CH: 50] LEN: 12 | HEX: F1 77 7A F9 DB 77 11 EE D8 EA BF DF | T:180729 RPD:0
[CH: 50] LEN: 12 | HEX: F9 77 FB E8 EA 76 91 D6 85 9E BF DD | T:180741 RPD:1
[CH: 50] LEN: 12 | HEX: F1 77 AE EB F5 73 91 FF 0D 39 BF FB | T:180752 RPD:1
[CH: 50] LEN: 12 | HEX: F9 77 DD F8 FE 72 91 EB 90 58 AF 5F | T:180752 RPD:0
[CH: 50] LEN: 12 | HEX: F1 77 BC ED EE 77 91 F6 58 FF 7F 7F | T:180764 RPD:0
[CH: 50] LEN: 12 | HEX: F1 77 FD F5 FC 70 91 EF 7A BB BF FF | T:180770 RPD:1
[CH: 50] LEN: 12 | HEX: F9 77 DA FD FE 73 91 FF 0D 39 BF FF | T:180773 RPD:1
[CH: 50] LEN: 12 | HEX: F1 77 BA F8 EE 72 91 D7 D0 58 BE FB | T:180785 RPD:1
[CH: 50] LEN: 12 | HEX: F9 77 FC FB FC 75 91 EB 72 1C BF F7 | T:180785 RPD:0
[CH: 50] LEN: 12 | HEX: F9 77 DD FA F5 74 91 EA EF 79 BA FF | T:180796 RPD:1
[CH: 50] LEN: 12 | HEX: F1 77 5C F1 FE 77 11 D5 58 EA BF EF | T:180796 RPD:0
[CH: 50] LEN: 12 | HEX: F1 77 EE FC FE 76 91 FF 45 9E BF BF | T:180808 RPD:0
[CH: 50] LEN: 12 | HEX: F9 77 AD F5 FE 78 91 FF 7A BB BE F5 | T:180819 RPD:1
[CH: 50] LEN: 12 | HEX: F9 77 FE FD FE 77 91 FD 8D 39 BF F6 | T:180819 RPD:0
[CH: 50] LEN: 12 | HEX: F1 77 F5 F6 EA 72 91 EE D0 58 BF DB | T:180831 RPD:1
[CH: 50] LEN: 12 | HEX: F1 77 EE FB AE F5 91 FF 72 1C BF FF | T:180831 RPD:0
[CH: 50] LEN: 12 | HEX: F5 77 FF EA FE 74 91 FF 4F 79 AF FF | T:180842 RPD:1
[CH: 50] LEN: 12 | HEX: F1 77 FD F7 DB 79 91 EF 0C 56 B7 BE | T:180842 RPD:0
[CH: 50] LEN: 12 | HEX: F9 77 E0 14 08 40 10 3D 20 A0 17 EF | T:180854 RPD:1
[CH: 50] LEN: 12 | HEX: F9 77 DD F3 FD 75 91 FD 72 1C BE CD | T:180865 RPD:1
[CH: 50] LEN: 12 | HEX: F9 77 FF FA FE 74 91 F5 EF 7D B7 F7 | T:180865 RPD:0
[CH: 50] LEN: 12 | HEX: F1 77 FA F7 BB 79 91 F7 4C 56 AA FB | T:180877 RPD:1
[CH: 50] LEN: 12 | HEX: F9 77 DE FB FF 75 91 FF 72 1C BB EF | T:180877 RPD:0
[CH: 50] LEN: 12 | HEX: F1 77 FD EA FB 74 91 FD 6E 7D BF FF | T:180888 RPD:0
[CH: 50] LEN: 12 | HEX: F1 77 B5 F0 FD 76 91 EF 45 9E BF DF | T:180894 RPD:1
[CH: 50] LEN: 12 | HEX: F9 77 FD F7 FE 79 91 FF 0C 56 BF F7 | T:180905 RPD:1
[CH: 50] LEN: 12 | HEX: F1 77 5B F6 EA 70 91 EF 7A BB BE FE | T:180917 RPD:1
[CH: 50] LEN: 12 | HEX: F5 77 FE ED DD 73 91 D6 0D 39 BB B7 | T:180920 RPD:1
[CH: 50] LEN: 12 | HEX: F9 77 FD F8 FE 72 91 F7 10 58 BB EB | T:180940 RPD:1
[CH: 50] LEN: 12 | HEX: F9 77 FF FB FE 75 91 FE F2 1C BF EF | T:180943 RPD:1
[CH: 50] LEN: 12 | HEX: F1 77 FF FA FE 74 91 FF EF 7D BF F6 | T:180946 RPD:1
[CH: 50] LEN: 12 | HEX: F1 77 FD F1 F6 77 11 EF 58 FF BF 7B | T:180957 RPD:1
[CH: 50] LEN: 12 | HEX: F9 77 FE F0 FE 76 91 FE C5 9E BE FF | T:180969 RPD:1
[CH: 50] LEN: 12 | HEX: F1 77 FD F7 FF 79 91 F7 4C 56 BF FD | T:180972 RPD:1
[CH: 50] LEN: 12 | HEX: F9 77 DE F5 F6 70 91 EE FA BB BE FF | T:180992 RPD:1
[CH: 50] LEN: 12 | HEX: F9 77 FE FD FE 73 91 F5 8D 39 B7 ED | T:180995 RPD:1
[CH: 50] LEN: 12 | HEX: F9 77 FB F8 EE 72 91 FF 50 58 B7 FF | T:180998 RPD:1
[CH: 50] LEN: 12 | HEX: F9 77 D4 FB FE 75 91 EE 72 1C BF DF | T:181009 RPD:1
[CH: 50] LEN: 12 | HEX: F1 77 DE FA FE 74 91 FF AF 7D BB FF | T:181010 RPD:0
[CH: 50] LEN: 12 | HEX: F9 77 FE F9 FE 77 91 EF 58 FF BF DA | T:181021 RPD:1
[CH: 50] LEN: 12 | HEX: F1 77 DE F8 FD 76 91 F7 A5 9C BE FF | T:181021 RPD:1
[CH: 50] LEN: 12 | HEX: F9 77 FD F7 D6 79 91 EF 8C 56 BF 5F | T:181032 RPD:1
[CH: 50] LEN: 12 | HEX: F9 77 FE FC FE 70 91 FF 7A BB B7 BB | T:181050 RPD:1
[CH: 50] LEN: 12 | HEX: ED 77 DC FD FE 73 91 FD 0D 39 BF FF | T:181054 RPD:1
[CH: 50] LEN: 12 | HEX: F9 77 F5 F8 F6 72 91 FB 90 58 BD FB | T:181074 RPD:1
[CH: 50] LEN: 12 | HEX: F9 77 F9 FB FE 75 91 FD 72 1C BB FF | T:181077 RPD:1
[CH: 50] LEN: 12 | HEX: F1 77 DE FA F5 74 91 F7 5F 7D BF FD | T:181097 RPD:1
[CH: 50] LEN: 12 | HEX: F1 77 AE F1 DC 77 91 D6 58 FF 3B 7F | T:181100 RPD:1
[CH: 50] LEN: 12 | HEX: F1 77 DC F0 FE 76 91 F7 65 9E B7 FF | T:181103 RPD:1
[CH: 50] LEN: 12 | HEX: F1 77 DC E7 5C 79 91 DE 8C 56 BF EF | T:181114 RPD:1
[CH: 50] LEN: 12 | HEX: F9 7F DD FA FA 70 91 F5 BA BB BB FF | T:181114 RPD:0
[CH: 50] LEN: 12 | HEX: F9 77 DB FD FE 73 91 FB 0D 39 B7 FF | T:181126 RPD:0
[CH: 50] LEN: 12 | HEX: F9 77 AE F4 F4 7A 91 D6 D0 58 AF ED | T:181132 RPD:1
[CH: 50] LEN: 12 | HEX: F1 77 FF FB D6 75 91 FF 72 1C BD 5A | T:181143 RPD:1
[CH: 50] LEN: 12 | HEX: F9 77 EA F2 FE 74 91 FF 4F 7D BF FF | T:181143 RPD:0
[CH: 50] LEN: 12 | HEX: F1 77 FE F9 FE 77 91 FF 58 FE BA FF | T:181155 RPD:1
[CH: 50] LEN: 12 | HEX: F9 77 AF F8 FD 76 91 FF C5 9E B7 EF | T:181155 RPD:0
[CH: 50] LEN: 12 | HEX: F1 77 FE F7 FD 79 91 FD 0C 56 BF FD | T:181166 RPD:1
[CH: 50] LEN: 12 | HEX: F1 77 AD FC F4 72 91 FF 10 58 BD FD | T:181167 RPD:0
[CH: 50] LEN: 12 | HEX: F9 77 FD F3 FE 75 91 FF F2 1C AF DE | T:181178 RPD:1
[CH: 50] LEN: 12 | HEX: F9 77 EE F8 FE 76 91 FF E5 9E BF F7 | T:181189 RPD:1
[CH: 50] LEN: 12 | HEX: F9 77 FE F7 DD 79 91 EF 8C 56 BB FF | T:181189 RPD:0
[CH: 50] LEN: 12 | HEX: F9 77 AE FC FE 72 91 FF 90 58 BF FF | T:181201 RPD:1
[CH: 50] LEN: 12 | HEX: F1 77 FD F8 F4 76 91 FF 65 9E BE EF | T:181201 RPD:0
[CH: 50] LEN: 12 | HEX: F1 77 5B F7 DB 79 91 EB 8C 56 BF DD | T:181212 RPD:1
[CH: 50] LEN: 12 | HEX: F9 77 FA FC FA 72 91 FE 90 58 BF EF | T:181213 RPD:1
[CH: 50] LEN: 12 | HEX: F9 77 EA 80 00 71 91 D6 05 C2 AF BD | T:181238 RPD:1
[CH: 50] LEN: 12 | HEX: F9 77 FF 00 00 71 91 F7 05 C2 BF DB | T:181239 RPD:1
[CH: 50] LEN: 12 | HEX: F0 6D EF 00 FA FC 97 F5 68 9C BF FF | T:181269 RPD:1
[CH: 50] LEN: 12 | HEX: E8 6D FE 80 FC FC 97 BA 68 9E BE FF | T:181269 RPD:1
[CH: 50] LEN: 12 | HEX: F9 77 7A 00 00 71 97 DE AF 64 BB FD | T:181538 RPD:1
[CH: 50] LEN: 12 | HEX: E9 77 DE 80 00 71 97 FF 6F 64 AF EB | T:181539 RPD:1
[CH: 50] LEN: 12 | HEX: F0 6D EE 80 FA F8 97 DD 68 9E BF 7B | T:181569 RPD:1
[CH: 50] LEN: 12 | HEX: F9 77 FE 80 00 71 97 FD 2F 64 BB 5D | T:181837 RPD:1
[CH: 50] LEN: 12 | HEX: F9 77 FD 00 00 71 97 DD 2F 64 AF 7F | T:181838 RPD:1
[CH: 50] LEN: 12 | HEX: F8 6D EE 00 FE FC 97 DF 68 9F AB FF | T:181868 RPD:1
[CH: 50] LEN: 12 | HEX: F8 6D FF 00 F5 FC 97 FC E8 9E AB E3 | T:181869 RPD:1
[CH: 50] LEN: 12 | HEX: F9 77 DE 80 00 71 97 DD 2F 64 AF FF | T:182137 RPD:1
[CH: 50] LEN: 12 | HEX: F9 77 FD 00 00 71 97 FB AF 64 BF FD | T:182138 RPD:1
[CH: 50] LEN: 12 | HEX: F8 6D EF 80 F4 FC 97 DA 68 9C BF EF | T:182168 RPD:1
[CH: 50] LEN: 12 | HEX: F8 6D FB 00 FE F8 97 FF 68 9E BF FF | T:182168 RPD:1
[CH: 50] LEN: 12 | HEX: F5 7F D7 00 00 71 97 F5 AE 64 BD FF | T:182437 RPD:1
[CH: 50] LEN: 12 | HEX: F1 77 FE 80 00 71 97 FF AF 64 BE FA | T:182437 RPD:1
[CH: 50] LEN: 12 | HEX: F8 6D FE 00 F5 FC 97 FD E8 9E BF EF | T:182467 RPD:1
[CH: 50] LEN: 12 | HEX: F8 6D F6 80 FE FC 97 ED 68 9E BD FF | T:182468 RPD:1
[CH: 50] LEN: 12 | HEX: F1 77 B4 00 00 71 97 DF 6F 64 BF F6 | T:182736 RPD:1
[CH: 50] LEN: 12 | HEX: F1 77 FE 80 00 71 97 FD 2F 64 BF FB | T:182737 RPD:1
[CH: 50] LEN: 12 | HEX: F8 6D FF 00 FE FC 97 FF E8 9E BF BD | T:182767 RPD:1
[CH: 50] LEN: 12 | HEX: F8 6D FF 00 FC FC 97 FD 68 9E B6 FF | T:182768 RPD:1
[CH: 50] LEN: 12 | HEX: F1 77 DD 80 00 71 97 FD 6E 64 AF FB | T:183036 RPD:1
[CH: 50] LEN: 12 | HEX: F1 77 FF 80 00 71 97 FA AF 64 AE BE | T:183037 RPD:1
[CH: 50] LEN: 12 | HEX: F8 6D FF 00 F4 FC 97 FE E8 9E BF FD | T:183067 RPD:1
[CH: 50] LEN: 12 | HEX: F0 6D D6 00 EE E8 97 5F 68 9E BF FF | T:183067 RPD:1
[CH: 50] LEN: 12 | HEX: F9 77 FF 00 00 71 97 DD 2F 64 BE FF | T:183336 RPD:1
[CH: 50] LEN: 12 | HEX: F9 77 DE 80 00 71 97 FD 2F 64 BF EF | T:183336 RPD:1
[CH: 50] LEN: 12 | HEX: F8 6D FF 00 FC FC 97 FF E8 9E BB F8 | T:183366 RPD:1
[CH: 50] LEN: 12 | HEX: F8 6D FF 00 FA FC 97 DE 68 9E BF BD | T:183367 RPD:1
[CH: 50] LEN: 12 | HEX: F9 77 FE 00 00 71 97 ED 2F 64 BD 54 | T:183635 RPD:1
[CH: 50] LEN: 12 | HEX: F9 77 FF 00 00 71 97 FD 2F 64 BF BE | T:183636 RPD:1
[CH: 50] LEN: 12 | HEX: F8 6D EB 00 FE EA 97 D6 E8 9C BF F5 | T:183666 RPD:1
[CH: 50] LEN: 12 | HEX: F8 6D FF 00 EA FC 97 DF 68 9E BB DB | T:183667 RPD:1
[CH: 50] LEN: 12 | HEX: F9 77 EE 80 00 71 97 FD 2F 64 BF 7F | T:183935 RPD:1
[CH: 50] LEN: 12 | HEX: F9 77 EF 00 00 71 97 FE EF 64 BB FF | T:183936 RPD:1
[CH: 50] LEN: 12 | HEX: F8 6D FF 00 FE F4 97 FF 68 9E AF FF | T:183966 RPD:1
[CH: 50] LEN: 12 | HEX: F8 6D FF 00 FC FC 97 DD 68 9E BF FF | T:183966 RPD:1
[CH: 50] LEN: 12 | HEX: F9 77 BA 00 00 71 97 DE EF 64 BF F7 | T:184235 RPD:1
[CH: 50] LEN: 12 | HEX: E9 77 5D 00 00 71 97 FA AF 64 BF 7B | T:184235 RPD:1
[CH: 50] LEN: 12 | HEX: F8 6D FE 00 FD FC 97 FA E8 9E BF FD | T:184265 RPD:1
[CH: 50] LEN: 12 | HEX: F8 6D FF 00 FE FC 97 FF 68 9E BB FF | T:184266 RPD:1
[CH: 50] LEN: 12 | HEX: F9 77 FE 80 00 71 97 FD 2F 64 BB EE | T:184534 RPD:1
[CH: 50] LEN: 12 | HEX: E9 77 FD 80 00 71 97 EE 6F E4 BF 7E | T:184535 RPD:1
[CH: 50] LEN: 12 | HEX: F8 6D F7 00 FE FC 97 DF E8 9E BD 77 | T:184565 RPD:1
[CH: 50] LEN: 12 | HEX: F8 6D FF 00 FA FC 97 FE 68 9E BF EE | T:184566 RPD:1
[CH: 50] LEN: 12 | HEX: F9 77 BD 00 00 71 97 DE EF 64 AD EF | T:184834 RPD:1
[CH: 50] LEN: 12 | HEX: F9 77 FE 80 00 71 97 AF AF 64 BF 6B | T:184835 RPD:1
[CH: 50] LEN: 12 | HEX: F4 6D FF 00 FE F4 97 FE E8 9E BF AF | T:184865 RPD:1
[CH: 50] LEN: 12 | HEX: F8 6D FF 00 FE FC 97 FF 68 9E BE FB | T:184865 RPD:1
[CH: 50] LEN: 12 | HEX: F9 77 EA 00 00 71 97 FF 6F 64 BF FF | T:185134 RPD:1
[CH: 50] LEN: 12 | HEX: F9 77 AD 80 00 71 97 AF AF 64 BF EA | T:185135 RPD:1
[CH: 50] LEN: 12 | HEX: F8 6D FF 00 FE F8 97 FF 68 9E BF FF | T:185164 RPD:1
[CH: 50] LEN: 12 | HEX: F8 6D FA 00 FE FA 97 EF 68 9E AF B7 | T:185165 RPD:1
[CH: 50] LEN: 12 | HEX: F9 77 DE 80 00 71 97 DA AF 64 BF 7F | T:185434 RPD:1
[CH: 50] LEN: 12 | HEX: F9 77 BA 00 00 71 97 FE AE 64 BF FF | T:185434 RPD:1
[CH: 50] LEN: 12 | HEX: F8 6D FF 00 F6 FC 97 F6 E8 9E BF FD | T:185464 RPD:1
[CH: 50] LEN: 12 | HEX: F0 6D F7 00 FE F8 97 FE E8 9E BF BF | T:185465 RPD:1
[CH: 50] LEN: 12 | HEX: F5 77 FE 80 00 71 97 FE AF 64 BB FF | T:185733 RPD:1
[CH: 50] LEN: 12 | HEX: F1 77 FE 80 00 71 97 FE AF 64 BF FF | T:185734 RPD:1
[CH: 50] LEN: 12 | HEX: F8 6D FF 80 FD FC 97 DD E8 9E B7 F7 | T:185764 RPD:1
[CH: 50] LEN: 12 | HEX: F8 6D EF 00 FE FC 97 FB 68 9E BD FF | T:185765 RPD:1
[CH: 50] LEN: 12 | HEX: FA 78 FF E8 7E FC 97 FF 60 A1 BF FB | T:185856 RPD:1
[CH: 50] LEN: 12 | HEX: FA 78 FF F4 7E F8 97 FF E0 A1 BA FE | T:185856 RPD:1
[CH: 50] LEN: 12 | HEX: F2 7B FF 00 81 FC 97 BF 47 AB BB FF | T:185868 RPD:1
[CH: 50] LEN: 12 | HEX: FA 7B FF 00 81 FC 97 FE A7 FD BF B7 | T:185868 RPD:1
[CH: 50] LEN: 12 | HEX: F9 77 FC FA FC 70 97 FE 90 1D B7 D7 | T:185890 RPD:1
[CH: 50] LEN: 12 | HEX: F9 77 DC F9 FE 73 97 FF 67 9F BE 7F | T:185893 RPD:1
[CH: 50] LEN: 12 | HEX: F9 77 FB FB EE 75 97 ED 78 BA BF FF | T:185896 RPD:1
[CH: 50] LEN: 12 | HEX: F9 77 BB FA FE 74 97 AF C5 DB FF FB | T:185907 RPD:1
[CH: 50] LEN: 12 | HEX: F9 77 DC F9 F6 77 97 BA F2 59 BF F5 | T:185907 RPD:0
[CH: 50] LEN: 12 | HEX: F9 77 D4 F8 FE 76 97 AA 6F 38 BF FF | T:185919 RPD:1
[CH: 50] LEN: 12 | HEX: F9 77 FF F7 FD 79 97 FA A6 F0 BB FF | T:185919 RPD:0
[CH: 50] LEN: 12 | HEX: F9 77 FD FC FE 70 97 FF 10 1D BF DA | T:185930 RPD:1
[CH: 50] LEN: 12 | HEX: F9 77 FE FA FE 74 97 FF 45 DB B7 5E | T:185942 RPD:1
[CH: 50] LEN: 12 | HEX: F9 77 FE F9 EA 77 97 EE B2 59 BE FF | T:185942 RPD:0
[CH: 50] LEN: 12 | HEX: F1 77 AB FE FC 70 97 BA 90 1D BD 7F | T:185953 RPD:1
[CH: 50] LEN: 12 | HEX: FD 7F FE F1 FE 77 97 DA F2 59 BB EB | T:185953 RPD:0
[CH: 50] LEN: 12 | HEX: F9 77 AE F8 FE 76 97 FE EF 38 BF FD | T:185965 RPD:1
[CH: 50] LEN: 12 | HEX: F9 77 FE FD F5 73 97 FE E7 9E BF F7 | T:185976 RPD:1
[CH: 50] LEN: 12 | HEX: F1 77 FE F7 FE 75 97 FD 58 BA BB FF | T:185976 RPD:0
[CH: 50] LEN: 12 | HEX: F1 77 FE F8 FE 76 97 FF EF 38 BF D7 | T:185987 RPD:1
[CH: 50] LEN: 12 | HEX: F9 77 EA F5 FE 73 97 FE A7 9E BF FF | T:185988 RPD:0
[CH: 50] LEN: 12 | HEX: F9 77 FE FB FE 75 97 FE 98 BA BF FF | T:185999 RPD:1
[CH: 50] LEN: 12 | HEX: F9 77 DD F4 FA 76 97 AF 6F 38 BF FB | T:185999 RPD:0
[CH: 50] LEN: 12 | HEX: F9 77 FC F7 FB 79 97 FA 26 F0 BF FE | T:186011 RPD:1
[CH: 50] LEN: 12 | HEX: F9 77 FE FB EA 75 97 FF 58 BA BF FF | T:186022 RPD:1
[CH: 50] LEN: 12 | HEX: F1 77 FE FA FE 74 97 FF C5 DB BF FF | T:186022 RPD:0
[CH: 50] LEN: 12 | HEX: F5 77 BD E7 FE 79 97 FF 26 F0 AF FF | T:186033 RPD:1
[CH: 50] LEN: 12 | HEX: F9 77 FE F6 FA 74 97 FA C5 DB FB FF | T:186034 RPD:0
[CH: 50] LEN: 12 | HEX: F9 77 FE F9 FE 77 97 FD 72 59 BF FF | T:186045 RPD:1
[CH: 50] LEN: 12 | HEX: F1 77 FB F4 FE 70 97 BE 90 1D BF FD | T:186045 RPD:0
[CH: 50] LEN: 12 | HEX: F9 77 BE FD FE 73 97 FF 67 9F BE FF | T:186057 RPD:1
[CH: 50] LEN: 12 | HEX: F9 77 FE F2 FE 74 97 DD 45 DB AF FD | T:186068 RPD:1
[CH: 50] LEN: 12 | HEX: F9 77 FD F9 FE 77 97 FE B2 59 BF EB | T:186068 RPD:1
[CH: 50] LEN: 12 | HEX: F1 77 DE FA FC 70 97 FE 90 1D BD 6F | T:186079 RPD:1
[CH: 50] LEN: 12 | HEX: F9 77 7B F9 F5 77 97 BC B2 59 BF F6 | T:186080 RPD:0
[CH: 50] LEN: 12 | HEX: F9 77 FE F8 F4 76 97 FF 6F 38 BF FE | T:186091 RPD:1
[CH: 50] LEN: 12 | HEX: F1 77 D6 F9 FE 73 97 DE E7 9F 3F DD | T:186102 RPD:1
[CH: 50] LEN: 12 | HEX: F9 77 FF FB FE 75 97 F7 B8 BA B7 FF | T:186103 RPD:1
[CH: 50] LEN: 12 | HEX: F9 7F DD F0 F6 76 97 FC EF 38 BF FF | T:186114 RPD:1
[CH: 50] LEN: 12 | HEX: F9 77 BB FD FE 73 97 FE A7 9F BF FF | T:186114 RPD:0
[CH: 50] LEN: 12 | HEX: F9 77 FE F3 EC 75 97 FD 18 BA BB FD | T:186125 RPD:1
[CH: 50] LEN: 12 | HEX: F9 77 EA F8 FE 76 97 FE EF 38 BF D7 | T:186126 RPD:0
[CH: 50] LEN: 12 | HEX: F9 77 DC F7 DD 79 97 FD A6 F0 BF DB | T:186137 RPD:1
[CH: 50] LEN: 12 | HEX: F9 77 FE F3 DE 75 97 FE 98 BA AF 7B | T:186148 RPD:1
[CH: 50] LEN: 12 | HEX: E9 77 69 FA EE 74 97 BF 45 DB FD F7 | T:186149 RPD:0
[CH: 50] LEN: 12 | HEX: F1 77 BB F7 D6 71 97 FF A6 F0 BF FF | T:186160 RPD:1
[CH: 50] LEN: 12 | HEX: F1 77 FC FA FE 74 97 FE C5 DB BF FF | T:186160 RPD:0
[CH: 50] LEN: 12 | HEX: F9 77 FE F9 FC 77 97 FE B2 59 BB D3 | T:186171 RPD:1
[CH: 50] LEN: 12 | HEX: F9 77 FE FE FE 70 97 DF 10 1D A6 FF | T:186172 RPD:0
[CH: 50] LEN: 12 | HEX: F9 77 EE F9 FE 73 97 FF E7 9F BD FF | T:186183 RPD:1
[CH: 50] LEN: 12 | HEX: F9 77 FE FD FE 77 D7 DA B2 59 BF DF | T:186194 RPD:1
[CH: 50] LEN: 12 | HEX: F1 77 BC F0 FE 76 97 FE EF 38 AF FB | T:186194 RPD:0
[CH: 50] LEN: 12 | HEX: F9 77 DA F6 EA 70 97 FC 90 1D B7 FF | T:186206 RPD:1
[CH: 50] LEN: 12 | HEX: F1 77 56 F9 F4 77 97 FD 72 59 B7 FE | T:186206 RPD:0
[CH: 50] LEN: 12 | HEX: F9 77 DC F8 FE 76 97 FD EF 38 BF 77 | T:186217 RPD:1
[CH: 50] LEN: 12 | HEX: F1 77 FE F9 FE 73 97 FF A7 9F 3F FF | T:186229 RPD:1
[CH: 50] LEN: 12 | HEX: F9 77 EA FB FE 75 97 FE 98 BA BF 7F | T:186229 RPD:0
[CH: 50] LEN: 12 | HEX: F9 77 EA F8 FE 76 97 EB 6F 38 BF BF | T:186240 RPD:0
[CH: 50] LEN: 12 | HEX: F9 77 FE FE FE 70 97 FF 10 1D BF 7E | T:186243 RPD:1
[CH: 50] LEN: 12 | HEX: F9 77 FE FD FE 73 97 DD 27 9F B7 FF | T:186254 RPD:1
[CH: 50] LEN: 12 | HEX: F1 77 FD F3 DC 75 97 BE 98 BA AF FF | T:186254 RPD:1
[CH: 50] LEN: 12 | HEX: F9 77 FD EA FE 74 97 D7 45 DB AF FF | T:186268 RPD:1
[CH: 50] LEN: 12 | HEX: F9 77 FE F9 FE 77 97 EF 52 59 BD 7F | T:186271 RPD:1
[CH: 50] LEN: 12 | HEX: F1 77 FB F8 FE 76 97 DD ED 38 BF DF | T:186274 RPD:1
[CH: 50] LEN: 12 | HEX: F9 77 DE F7 BB 79 97 F6 26 F0 BF FD | T:186286 RPD:1
[CH: 50] LEN: 12 | HEX: F9 77 BF FE FE 70 97 FF 10 1D BD 5D | T:186286 RPD:0
[CH: 50] LEN: 12 | HEX: F9 77 EA FD FE 73 97 FF 67 9F BF F6 | T:186297 RPD:1
[CH: 50] LEN: 12 | HEX: F9 77 FB FF EF 75 97 FE 98 BA BD DE | T:186298 RPD:0
[CH: 50] LEN: 12 | HEX: F9 77 FE FA FE 74 97 DD C5 DB BF FF | T:186309 RPD:1
[CH: 50] LEN: 12 | HEX: F9 77 FE F7 FF 71 97 FF 26 F0 BF 6D | T:186320 RPD:1
[CH: 50] LEN: 12 | HEX: F9 77 BE FE FA 70 97 BF 10 1D BF DE | T:186320 RPD:0
[CH: 50] LEN: 12 | HEX: F1 77 AD FA FE 74 97 DF 45 DB B7 FF | T:186332 RPD:1
[CH: 50] LEN: 12 | HEX: F9 77 FE FE FE 70 97 FF 10 1D B7 DF | T:186332 RPD:0
[CH: 50] LEN: 12 | HEX: F1 77 D4 FD FE 73 97 FA A7 9F 3C D5 | T:186343 RPD:1
[CH: 50] LEN: 12 | HEX: F9 77 FF F1 EC 77 97 D6 B2 59 BE FF | T:186355 RPD:1
[CH: 50] LEN: 12 | HEX: F9 77 EE F0 F5 76 97 AE 6F 38 BA 7F | T:186355 RPD:0
[CH: 50] LEN: 12 | HEX: F9 77 FE FD FE 73 97 FE E7 9F BF FF | T:186366 RPD:1
[CH: 50] LEN: 12 | HEX: F9 77 EA F1 FE 77 97 ED AA 59 AD FD | T:186366 RPD:0
[CH: 50] LEN: 12 | HEX: F9 77 FE F8 FC 76 97 DA EE 38 B6 DD | T:186378 RPD:1
[CH: 50] LEN: 12 | HEX: F9 77 FE FD EA 73 97 EF 27 9F BD FB | T:186378 RPD:0
[CH: 50] LEN: 12 | HEX: F1 77 FE FB DD 75 97 FF D8 BA B7 FF | T:186389 RPD:1
[CH: 50] LEN: 12 | HEX: F9 77 BB E8 FA 76 97 FD 6F 38 BF FB | T:186401 RPD:1
[CH: 50] LEN: 12 | HEX: F9 77 FE F7 AD 79 97 DF 26 F0 BE DD | T:186401 RPD:0
[CH: 50] LEN: 12 | HEX: F9 77 DC FB FE 75 97 BD 58 BA BF FF | T:186412 RPD:1
[CH: 50] LEN: 12 | HEX: F1 77 FE F7 BB 79 97 BF 26 E0 AB DE | T:186412 RPD:0
[CH: 50] LEN: 12 | HEX: F9 77 FC FE FE 70 97 5A 10 1D BF BD | T:186424 RPD:1
[CH: 50] LEN: 12 | HEX: F9 77 BF FA F6 74 97 EB 45 DB BE FF | T:186424 RPD:0
[CH: 50] LEN: 12 | HEX: F1 77 FE F9 FA 77 97 EF D2 59 BE BE | T:186435 RPD:1
[CH: 50] LEN: 12 | HEX: F9 77 FE F7 FE 79 97 FF 26 F0 B6 ED | T:186446 RPD:1
[CH: 50] LEN: 12 | HEX: F9 77 DC FE FA 70 97 FE 90 1D BB EF | T:186447 RPD:0
[CH: 50] LEN: 12 | HEX: F9 77 EE FA FE 74 97 FE 45 DB BF FF | T:186458 RPD:1
[CH: 50] LEN: 12 | HEX: F1 77 FD F6 FE 70 97 FA 10 1D BF BF | T:186458 RPD:0
[CH: 50] LEN: 12 | HEX: F1 77 DE F9 FE 73 97 FF 67 9F 2D FF | T:186470 RPD:1
[CH: 50] LEN: 12 | HEX: F9 77 FE F9 FE 77 97 FF AA 59 BD FD | T:186481 RPD:1
[CH: 50] LEN: 12 | HEX: F9 77 FE F8 FE 76 97 FF 6F 38 AF FB | T:186481 RPD:1
[CH: 50] LEN: 12 | HEX: F9 77 FE F9 FE 73 97 FF A7 9F BD B7 | T:186492 RPD:1
[CH: 50] LEN: 12 | HEX: F9 77 FB F9 F5 77 97 EB 52 59 BE FD | T:186493 RPD:1
[CH: 50] LEN: 12 | HEX: F9 77 BA F0 FE 76 97 EE EF 38 BF D2 | T:186504 RPD:1
[CH: 50] LEN: 12 | HEX: F9 77 FE F7 FE 79 97 FE A6 F0 BF BF | T:186504 RPD:1
[CH: 50] LEN: 12 | HEX: F9 77 FE FE FA 70 97 FF 10 1D BE EA | T:186516 RPD:1
[CH: 50] LEN: 12 | HEX: F9 77 FC FD EE 73 97 FE E7 9E BF FD | T:186527 RPD:1
[CH: 50] LEN: 12 | HEX: F1 77 BF FB EE 75 97 FF 58 BA BF BF | T:186527 RPD:0
[CH: 50] LEN: 12 | HEX: F1 77 FD F2 FE 74 97 5E C5 DB BE FF | T:186538 RPD:1
[CH: 50] LEN: 12 | HEX: F9 77 BE FA FB 70 97 DF 10 1D B7 BF | T:186539 RPD:0
[CH: 50] LEN: 12 | HEX: F1 77 DE FD FE 73 97 AD 27 9F BB FF | T:186550 RPD:1
[CH: 50] LEN: 12 | HEX: F9 77 FE F9 FE 77 97 DF 52 59 BD F7 | T:186550 RPD:0
[CH: 50] LEN: 12 | HEX: F9 77 BE F8 F6 76 97 EB 6F 38 BF EF | T:186562 RPD:1
[CH: 50] LEN: 12 | HEX: F1 77 FE FD F6 73 97 FD 27 9F BB BD | T:186573 RPD:1
[CH: 50] LEN: 12 | HEX: F9 77 FE FB FE 75 97 FF D8 BA BF F4 | T:186573 RPD:1
[CH: 50] LEN: 12 | HEX: F9 77 FE F8 FC 76 97 FF 6F 38 BE FE | T:186584 RPD:1
[CH: 50] LEN: 12 | HEX: F9 77 FA F3 F4 75 97 BA D8 BA BF 7F | T:186585 RPD:0
[CH: 50] LEN: 12 | HEX: F9 77 FE FA FA 74 97 FF 45 DB B7 FA | T:186596 RPD:1
[CH: 50] LEN: 12 | HEX: F9 77 FE F0 FE 76 97 FF 6F 38 BF FB | T:186607 RPD:1
[CH: 50] LEN: 12 | HEX: F9 77 FE F7 FF 79 97 56 26 E0 AF BF | T:186608 RPD:0
[CH: 50] LEN: 12 | HEX: F1 77 FE FB FE 75 97 FF D8 BA BF FB | T:186619 RPD:1
[CH: 50] LEN: 12 | HEX: F9 77 FE F7 FC 79 97 FF 26 F0 BE EE | T:186619 RPD:0
[CH: 50] LEN: 12 | HEX: F1 77 EE FC EE 70 97 EE 10 1D BD FF | T:186630 RPD:1
[CH: 50] LEN: 12 | HEX: F9 77 EE FA FE 74 97 AD C5 DB AF BF | T:186631 RPD:0
[CH: 50] LEN: 12 | HEX: F9 77 DC F9 FE 77 17 FF A2 59 AF 7F | T:186642 RPD:1
[CH: 50] LEN: 12 | HEX: F9 77 EB FE FA 70 97 FE 90 1D BF FB | T:186653 RPD:1
[CH: 50] LEN: 12 | HEX: F1 77 FE F9 FE 73 97 FF A7 9E BB EF | T:186653 RPD:0
[CH: 50] LEN: 12 | HEX: F1 77 FD F8 FE 76 97 D5 6F 38 BF EF | T:186665 RPD:1
[CH: 50] LEN: 12 | HEX: E9 77 FE FA FC 70 97 FA 90 1D BF FF | T:186665 RPD:0
[CH: 50] LEN: 12 | HEX: F9 77 D6 F5 FE 73 97 FF A7 9F BF AF | T:186676 RPD:1
[CH: 50] LEN: 12 | HEX: F9 77 D5 F9 FC 77 97 FF 52 59 BF FF | T:186677 RPD:0
[CH: 50] LEN: 12 | HEX: F9 77 FE F8 FE 76 97 FF 6F 38 BF FF | T:186688 RPD:1
[CH: 50] LEN: 12 | HEX: F1 77 FE FD FE 73 97 FE E7 9F BB FF | T:186699 RPD:1
[CH: 50] LEN: 12 | HEX: F9 77 EE FB FE 75 97 FE 98 BA BF FF | T:186699 RPD:0
[CH: 50] LEN: 12 | HEX: F9 77 EE F8 FE 76 97 FF 6F 38 B7 BF | T:186711 RPD:1
[CH: 50] LEN: 12 | HEX: F9 77 DE EB FE 75 97 FE B8 BA B7 FF | T:186711 RPD:1
[CH: 50] LEN: 12 | HEX: F9 77 FE FA FE 74 97 FE C5 DB BB FD | T:186722 RPD:1
[CH: 50] LEN: 12 | HEX: F9 77 EE F7 FE 79 97 FF 26 E0 B6 FF | T:186723 RPD:0
[CH: 50] LEN: 12 | HEX: F9 77 FE FE FE 70 97 FF 10 1D BF EE | T:186734 RPD:0
[CH: 50] LEN: 12 | HEX: F9 77 FE F3 FE 75 97 FF 58 BA BE FF | T:186745 RPD:1
[CH: 50] LEN: 12 | HEX: F1 77 FE FA FE 74 97 DD C5 DB BF D7 | T:186745 RPD:1
[CH: 50] LEN: 12 | HEX: F9 77 FE F9 FE 77 97 FF FA 59 AF EF | T:186757 RPD:1
[CH: 50] LEN: 12 | HEX: F9 77 DC F8 FE 76 97 FF 6F 38 BB FD | T:186757 RPD:0
[CH: 50] LEN: 12 | HEX: F9 77 EE F7 FE 79 97 FF 26 F0 BF 5F | T:186768 RPD:1
[CH: 50] LEN: 12 | HEX: F9 77 FD FD FE 73 97 F7 E7 9F 7D DF | T:186780 RPD:1
[CH: 50] LEN: 12 | HEX: F9 77 DA F3 FE 75 97 BE 98 BA AF FF | T:186780 RPD:0
[CH: 50] LEN: 12 | HEX: F9 77 FE F8 FE 76 97 DF 6F 38 BF FD | T:186791 RPD:1
[CH: 50] LEN: 12 | HEX: F9 77 FE FB FE 75 97 BD 58 BA BB FF | T:186791 RPD:0
[CH: 50] LEN: 12 | HEX: F1 77 FE FA F5 74 97 EF 45 DB BF DE | T:186803 RPD:1
[CH: 50] LEN: 12 | HEX: F9 77 FE F7 FE 79 97 FE 26 F0 BB EF | T:186803 RPD:1
[CH: 50] LEN: 12 | HEX: F9 77 EE F5 FE 70 97 FE 10 1D BF EF | T:186814 RPD:1
[CH: 50] LEN: 12 | HEX: F9 77 FE FA FE 74 97 FF 45 DB FD 7E | T:186826 RPD:1
[CH: 50] LEN: 12 | HEX: F9 77 AC F9 FE 77 97 EF AA 59 AF DF | T:186826 RPD:0
[CH: 50] LEN: 12 | HEX: F9 77 BD F7 DE 79 97 DF 26 F0 BE DE | T:186837 RPD:1
[CH: 50] LEN: 12 | HEX: E9 77 AC F2 FE 74 97 FF 45 DB BB D6 | T:186837 RPD:0
[CH: 50] LEN: 12 | HEX: F9 77 FE F1 FE 77 97 FF EA 59 BF FF | T:186849 RPD:1
[CH: 50] LEN: 12 | HEX: F1 77 FE F6 F6 70 97 D5 90 1D BD 7F | T:186849 RPD:0
[CH: 50] LEN: 12 | HEX: F5 77 FE FD FE 73 97 DF A7 9F BE E9 | T:186860 RPD:1
[CH: 50] LEN: 12 | HEX: F9 77 FE F9 FE 77 97 DD 52 59 B7 FE | T:186871 RPD:1
[CH: 50] LEN: 12 | HEX: F9 77 FE FC F6 76 97 FE EF 38 BF FD | T:186872 RPD:1
[CH: 50] LEN: 12 | HEX: E9 77 AE F9 EE 73 97 DA A7 9F AE FF | T:186883 RPD:1
[CH: 50] LEN: 12 | HEX: F9 77 EE F9 FE 77 97 FF AA 59 BF FF | T:186883 RPD:0
[CH: 50] LEN: 12 | HEX: F9 77 DE F8 FE 76 97 EF 6F 38 BF EF | T:186895 RPD:1
[CH: 50] LEN: 12 | HEX: F1 77 DE FD F4 73 97 FF A7 9F 35 D6 | T:186906 RPD:1
[CH: 50] LEN: 12 | HEX: F9 77 AA FB FE 75 97 FF B8 BA BD 6F | T:186906 RPD:0
[CH: 50] LEN: 12 | HEX: F9 77 EE F8 FE 76 97 FE EF 38 BF 6D | T:186917 RPD:1
[CH: 50] LEN: 12 | HEX: F9 77 FE FB FD 75 97 FD 38 BA BB FF | T:186918 RPD:0
[CH: 50] LEN: 12 | HEX: F1 77 FE F2 FE 74 97 FF 45 DB BD DB | T:186929 RPD:1
[CH: 50] LEN: 12 | HEX: F9 77 FE F7 DC 79 97 FE A6 E0 B7 FF | T:186929 RPD:0
[CH: 50] LEN: 12 | HEX: F9 77 EA FE FE 70 97 FF 90 1D AF EF | T:186941 RPD:1
[CH: 50] LEN: 12 | HEX: F9 77 DE F2 FE 74 97 DE C5 DB BF DF | T:186952 RPD:1
[CH: 50] LEN: 12 | HEX: F1 67 FE F9 FE 77 97 FF F2 59 BE D7 | T:186952 RPD:0
[CH: 50] LEN: 12 | HEX: F9 77 FE FE F4 70 97 DD 10 1D BF FE | T:186963 RPD:1
[CH: 50] LEN: 12 | HEX: F9 77 FE FA FE 74 97 EF 45 DB BF FF | T:186964 RPD:0
[CH: 50] LEN: 12 | HEX: F9 77 FE F1 FC 77 97 FF 52 59 BF DA | T:186975 RPD:1
[CH: 50] LEN: 12 | HEX: F9 77 FF FE FE 70 97 FF 10 1D BF BF | T:186975 RPD:0
[CH: 50] LEN: 12 | HEX: F9 77 AD F9 FE 73 97 FF A7 9F BD DB | T:186987 RPD:1
[CH: 50] LEN: 12 | HEX: F9 77 FD F9 D6 77 97 FF D2 59 B7 FD | T:186998 RPD:1
[CH: 50] LEN: 12 | HEX: F9 77 DC F8 FE 76 97 AE 6F 38 B7 BD | T:186998 RPD:0
[CH: 50] LEN: 12 | HEX: F9 77 FE FD F6 73 97 FF 67 9F AF EE | T:187009 RPD:1
[CH: 50] LEN: 12 | HEX: F9 77 FE F8 FA 76 97 DD EF 38 B2 FF | T:187010 RPD:1
[CH: 50] LEN: 12 | HEX: F9 77 FE F7 D4 79 97 FD A6 F0 BF DF | T:187021 RPD:1
[CH: 50] LEN: 12 | HEX: F9 77 FE FD FE 73 97 FE E7 9F B7 FF | T:187032 RPD:1
[CH: 50] LEN: 12 | HEX: F9 77 FE FB FE 75 97 FF D8 BA BF D4 | T:187033 RPD:0
[CH: 50] LEN: 12 | HEX: F5 77 FF F8 FA 76 97 FD EF 38 B7 FE | T:187044 RPD:1
[CH: 50] LEN: 12 | HEX: F9 77 FC FB BD 75 97 DF 58 BA AF 56 | T:187044 RPD:0
[CH: 50] LEN: 12 | HEX: F9 77 DD FA FE 74 97 FF C5 DB AF B7 | T:187055 RPD:1
[CH: 50] LEN: 12 | HEX: F9 77 DE F7 D6 79 97 D7 26 F0 BF DF | T:187056 RPD:0
[CH: 50] LEN: 12 | HEX: F9 77 FE F5 FE 70 97 FF 10 1D BF FF | T:187067 RPD:1
[CH: 50] LEN: 12 | HEX: F9 77 DE FA F5 74 97 FF 45 DB BB 76 | T:187078 RPD:1
[CH: 50] LEN: 12 | HEX: F9 77 FE F9 F4 77 97 DF 52 59 B5 6F | T:187078 RPD:0
[CH: 50] LEN: 12 | HEX: F9 77 FD FE EC 70 97 BE 90 1D BF FF | T:187090 RPD:1
[CH: 50] LEN: 12 | HEX: F9 77 FE FA FA 74 97 FF 45 DB AF DF | T:187090 RPD:0
[CH: 50] LEN: 12 | HEX: F9 77 FE F9 FE 77 97 FF 52 59 BF 5D | T:187101 RPD:1
[CH: 50] LEN: 12 | HEX: F1 77 FD FD FE 73 97 FF A7 9F 3F DF | T:187102 RPD:0
[CH: 50] LEN: 12 | HEX: F9 77 FE FB FE 75 97 DD 78 BA BE B5 | T:187113 RPD:1
[CH: 50] LEN: 12 | HEX: F1 77 FE F9 FE 77 97 FF A2 59 BF 57 | T:187124 RPD:1
[CH: 50] LEN: 12 | HEX: F9 77 FE F0 FA 76 97 FF 6F 38 AF D7 | T:187124 RPD:0
[CH: 50] LEN: 12 | HEX: F9 77 FF FD FE 73 97 FF A7 9F 2F EF | T:187136 RPD:1
[CH: 50] LEN: 12 | HEX: F9 77 DE F8 FB 76 97 FF 6F 38 BF 7F | T:187136 RPD:0
[CH: 50] LEN: 12 | HEX: F9 77 FE F7 FE 7D 97 DF 26 F0 B7 FF | T:187147 RPD:1
[CH: 50] LEN: 12 | HEX: F9 77 FE FB FE 75 97 DF 58 BA BE D7 | T:187148 RPD:1
[CH: 50] LEN: 12 | HEX: F9 77 D5 FA FE 74 97 EF 45 DB BF DF | T:187159 RPD:1
[CH: 50] LEN: 12 | HEX: E9 77 FE F8 FE 76 97 FF 6F 38 BF FD | T:187170 RPD:1
[CH: 50] LEN: 12 | HEX: F9 77 EE F7 FE 79 97 FE A6 F0 BF F7 | T:187170 RPD:0
[CH: 50] LEN: 12 | HEX: F1 77 FE FB FE 75 97 FF 98 BA BF FF | T:187182 RPD:1
[CH: 50] LEN: 12 | HEX: F9 77 EE FF FE 79 97 BF 26 F0 BE BE | T:187182 RPD:0
[CH: 50] LEN: 12 | HEX: F9 77 DE FE FE 70 97 FD 10 1D BF FD | T:187193 RPD:1
[CH: 50] LEN: 12 | HEX: F9 77 FE FA FE 74 97 D5 45 DB BE DA | T:187205 RPD:1
[CH: 50] LEN: 12 | HEX: F9 77 FE F9 DE 77 97 BF 42 59 AF DF | T:187205 RPD:0
[CH: 50] LEN: 12 | HEX: F9 77 DB FE EA 70 97 FF 10 1D BF FB | T:187216 RPD:1
[CH: 50] LEN: 12 | HEX: F9 77 FF F9 F4 77 B7 DF 52 59 B7 DF | T:187216 RPD:0
[CH: 50] LEN: 12 | HEX: F9 77 FE F8 F6 76 97 FF 6F 38 AD FB | T:187228 RPD:1
[CH: 50] LEN: 12 | HEX: F9 77 FE FE FC 70 97 FF 10 1D BF F5 | T:187228 RPD:0
[CH: 50] LEN: 12 | HEX: F9 77 EC F5 FE 73 97 FF A7 9F BE BB | T:187239 RPD:1
[CH: 50] LEN: 12 | HEX: F9 77 54 F9 FE 77 97 ED 52 59 B7 FD | T:187251 RPD:1
[CH: 50] LEN: 12 | HEX: F9 77 BB F8 FE 76 97 DD EF 38 B6 FF | T:187251 RPD:0
[CH: 50] LEN: 12 | HEX: F1 77 FE FD FC 73 97 FF 67 9F BF FF | T:187262 RPD:1
[CH: 50] LEN: 12 | HEX: F1 77 AC F8 FE 76 97 FD 6F 38 BF FF | T:187262 RPD:0
[CH: 50] LEN: 12 | HEX: F9 77 DE F7 FE 79 97 FE A6 F0 BF FF | T:187274 RPD:1
[CH: 50] LEN: 12 | HEX: F9 77 D6 FB D4 75 97 ED 38 BA BF FD | T:187274 RPD:1
[CH: 50] LEN: 12 | HEX: F9 77 FC FA FE 74 97 FF 45 DB FB BF | T:187285 RPD:1
[CH: 50] LEN: 12 | HEX: F9 77 FE F1 FE 77 97 AD 72 59 BD FB | T:187297 RPD:1
[CH: 50] LEN: 12 | HEX: F9 77 FE F8 FE 76 97 FF 6F 38 BF BD | T:187297 RPD:0
[CH: 50] LEN: 12 | HEX: F9 77 FE F7 FE 79 97 FF 26 F0 B7 F7 | T:187308 RPD:1
[CH: 50] LEN: 12 | HEX: F9 77 AE FD FE 73 97 FD 27 9F BF F7 | T:187308 RPD:0
[CH: 50] LEN: 12 | HEX: F9 77 FC F3 FE 75 97 FD 58 BA BF BA | T:187320 RPD:1
[CH: 50] LEN: 12 | HEX: F9 77 DE F9 F6 77 97 FF DA 59 BE FF | T:187331 RPD:1
[CH: 50] LEN: 12 | HEX: F9 77 FD F0 FA 76 97 FE EF 38 BF E5 | T:187331 RPD:0
[CH: 50] LEN: 12 | HEX: F9 77 FF FD FE 73 97 DF 27 9F BA EE | T:187342 RPD:1
[CH: 50] LEN: 12 | HEX: F9 77 D6 F8 FE 76 97 FC 6F 38 BF F5 | T:187343 RPD:0
[CH: 50] LEN: 12 | HEX: F9 77 FD F7 FE 79 97 DE A6 F0 BF BF | T:187354 RPD:1
[CH: 50] LEN: 12 | HEX: F9 7F DD F3 DE 75 97 FE B8 BA BF FF | T:187354 RPD:0
[CH: 50] LEN: 12 | HEX: F9 77 DA FA F6 74 97 F5 45 DB BF DF | T:187366 RPD:0
[CH: 50] LEN: 12 | HEX: F9 77 FE F8 FE 76 97 FF EF 38 BB FF | T:187377 RPD:1
[CH: 50] LEN: 12 | HEX: F9 77 EA F7 DD 79 97 FE A6 F0 B7 D7 | T:187377 RPD:0
[CH: 50] LEN: 12 | HEX: F9 77 FE FE FE 70 97 FE 90 1D BD DE | T:187388 RPD:1
[CH: 50] LEN: 12 | HEX: F1 7F FE F5 FE 73 D7 FF E7 9F BB BE | T:187389 RPD:0
[CH: 50] LEN: 12 | HEX: F1 77 FE FB FE 75 97 FE 98 BA BF BF | T:187400 RPD:1
[CH: 50] LEN: 12 | HEX: F1 77 FE F8 FE 76 97 FF 6F 38 BF EB | T:187400 RPD:0
[CH: 50] LEN: 12 | HEX: F9 77 FE F7 FE 79 97 AE A6 F0 BD FF | T:187412 RPD:1
[CH: 50] LEN: 12 | HEX: F9 77 BD F9 FC 73 97 FD 67 9F 2F FD | T:187423 RPD:1
[CH: 50] LEN: 12 | HEX: F9 77 EA FB FE 75 97 FF 58 BA B3 BD | T:187423 RPD:0
[CH: 50] LEN: 12 | HEX: F1 77 FE F8 FC 76 97 FF 6F 38 BE FF | T:187434 RPD:1
[CH: 50] LEN: 12 | HEX: F9 77 FE FB FE 75 97 FF 98 BA BB FF | T:187435 RPD:0
[CH: 50] LEN: 12 | HEX: F9 77 FE FA FE 74 97 FD C5 DB B7 DF | T:187446 RPD:1
[CH: 50] LEN: 12 | HEX: F1 77 FE F7 FE 79 97 FF 26 F0 BF FB | T:187457 RPD:1
[CH: 50] LEN: 12 | HEX: F9 77 F6 FE FE 70 97 FD 10 1D BB FD | T:187458 RPD:0
[CH: 50] LEN: 12 | HEX: F9 77 FE EA F6 74 97 FF 45 DB AF 7E | T:187469 RPD:1
[CH: 50] LEN: 12 | HEX: F1 77 FE FA FE 70 97 FE 90 1D BF DF | T:187469 RPD:0
[CH: 50] LEN: 12 | HEX: F1 77 DE FB FE 75 97 FE B8 BA BF FF | T:187480 RPD:1
[CH: 50] LEN: 12 | HEX: F9 77 FE FA FE 74 97 FF 45 DB BB DF | T:187481 RPD:0
[CH: 50] LEN: 12 | HEX: F9 77 DC F9 FE 77 97 DE A2 59 BF FF | T:187492 RPD:1
[CH: 50] LEN: 12 | HEX: F9 77 FE FE FE 70 97 FF 90 1D BF FB | T:187503 RPD:1
[CH: 50] LEN: 12 | HEX: F9 77 FE FD FE 73 97 FF A7 9F BF ED | T:187504 RPD:0
[CH: 50] LEN: 12 | HEX: F9 77 FE F1 FE 77 97 FF D2 59 B7 BF | T:187515 RPD:1
[CH: 50] LEN: 12 | HEX: F1 77 FC F9 EE 73 97 EE A7 9F BF FF | T:187515 RPD:0
[CH: 50] LEN: 12 | HEX: F1 77 FE FB FE 75 97 FF B8 BA BF F7 | T:187526 RPD:1
[CH: 50] LEN: 12 | HEX: F9 77 BE F8 FE 76 97 FE EF 38 AF 6D | T:187527 RPD:0
[CH: 50] LEN: 12 | HEX: F9 77 FD F7 DD 79 97 FD A6 F0 BE F7 | T:187538 RPD:1
[CH: 50] LEN: 12 | HEX: F9 77 EC FB FE 75 97 FF D8 BA AF FE | T:187549 RPD:1
[CH: 50] LEN: 12 | HEX: F9 77 FE FA FE 74 97 FF 45 DB BF 7F | T:187550 RPD:0
[CH: 50] LEN: 12 | HEX: F9 77 FD F8 FC 76 97 D5 EF 38 BD DF | T:187561 RPD:1
[CH: 50] LEN: 12 | HEX: F9 77 BA FB FE 75 97 FF 78 BA BF EB | T:187561 RPD:1
[CH: 50] LEN: 12 | HEX: F9 77 EE FA FE 74 97 FF 45 DB AF EE | T:187572 RPD:1
[CH: 50] LEN: 12 | HEX: F9 77 FE F9 DE 77 97 BA F2 59 BF F7 | T:187573 RPD:1
[CH: 50] LEN: 12 | HEX: F9 77 FE F8 FA 76 97 D5 EE 38 BF BF | T:187585 RPD:1
[CH: 50] LEN: 12 | HEX: F9 77 FE F7 FE 79 97 FF 26 F0 AF EF | T:187596 RPD:1
[CH: 50] LEN: 12 | HEX: F1 77 FC FE FE 70 97 FD 10 1D BF BF | T:187596 RPD:0
[CH: 50] LEN: 12 | HEX: F9 77 FE FD FE 73 97 FF A7 9F B7 BF | T:187608 RPD:1
[CH: 50] LEN: 12 | HEX: F9 77 FE F7 DE 79 97 FF 26 F0 BF DF | T:187608 RPD:0
[CH: 50] LEN: 12 | HEX: F9 77 B5 FE FE 78 97 DE 90 1D BF D6 | T:187619 RPD:1
[CH: 50] LEN: 12 | HEX: F9 77 FE FB FE 75 97 FF B8 BA BF 7F | T:187619 RPD:0
[CH: 50] LEN: 12 | HEX: F9 77 FE FA FE 74 97 FE C5 DB BE F7 | T:187631 RPD:1
[CH: 50] LEN: 12 | HEX: F9 77 EA F7 DD 79 97 FF 26 F0 BF FF | T:187642 RPD:1
[CH: 50] LEN: 12 | HEX: F9 77 DC FA F6 70 97 D6 90 1D BD FF | T:187642 RPD:1
[CH: 50] LEN: 12 | HEX: F9 77 FE FA FA 74 97 FE C5 DB AF A7 | T:187654 RPD:1
[CH: 50] LEN: 12 | HEX: F9 77 FE F7 FE 79 97 FF A6 F0 BF FE | T:187654 RPD:0
[CH: 50] LEN: 12 | HEX: F9 77 DB FE FE 70 97 FF 90 1D BF BF | T:187665 RPD:1
[CH: 50] LEN: 12 | HEX: F9 77 FC FA FE 74 97 EE C5 DB B7 FF | T:187676 RPD:1
[CH: 50] LEN: 12 | HEX: F1 77 FE F9 FA 77 97 FE B2 59 AF EF | T:187677 RPD:0
[CH: 50] LEN: 12 | HEX: F9 77 D4 FE F6 70 97 FA 10 1D AF 75 | T:187688 RPD:1
[CH: 50] LEN: 12 | HEX: F9 77 FE F9 FE 77 97 FD 72 59 BD FF | T:187688 RPD:0
[CH: 50] LEN: 12 | HEX: F1 77 FB F8 F4 76 97 DF 6F 38 BF 7D | T:187699 RPD:1
[CH: 50] LEN: 12 | HEX: F9 77 EE FD FE 73 97 FF A7 9F BF BD | T:187700 RPD:0
[CH: 50] LEN: 12 | HEX: F9 77 EA FB F5 75 97 DD 58 BA AB FE | T:187711 RPD:1
[CH: 50] LEN: 12 | HEX: F9 77 FE F8 F4 76 97 FD EF 38 B6 FF | T:187722 RPD:0
[CH: 50] LEN: 12 | HEX: F9 77 FE F7 FE 79 97 FF 26 F0 BD DF | T:187723 RPD:0
[CH: 50] LEN: 12 | HEX: F9 77 FE FA F6 70 97 FF 10 1D BF FF | T:187734 RPD:1
[CH: 50] LEN: 12 | HEX: F9 77 FF FD FA 73 97 FF E7 9F BF 7D | T:187734 RPD:1
[CH: 50] LEN: 12 | HEX: F9 77 EA FB FE 75 97 FE 98 BA BF FF | T:187745 RPD:1
[CH: 50] LEN: 12 | HEX: F9 77 FE FA FE 74 97 FE C5 DB BF FE | T:187746 RPD:0
[CH: 50] LEN: 12 | HEX: F9 77 FF F9 FE 77 97 BD 72 59 AD 7F | T:187757 RPD:1
[CH: 50] LEN: 12 | HEX: F9 77 FE FE FE 70 97 FF 10 1D BF 7B | T:187768 RPD:1
[CH: 50] LEN: 12 | HEX: F9 77 FE FD FE 73 97 FF A7 9F BB DF | T:187769 RPD:0
[CH: 50] LEN: 12 | HEX: F9 77 EC F1 FE 77 97 EB 52 59 BD FB | T:187780 RPD:1
[CH: 50] LEN: 12 | HEX: F9 77 EE FD F6 73 97 FE A7 9D 3A FB | T:187780 RPD:0
[CH: 50] LEN: 12 | HEX: F9 77 FE F3 FE 75 97 FF B8 BA B5 FD | T:187791 RPD:1
[CH: 50] LEN: 12 | HEX: F9 77 BE F0 FE 76 97 FF 6F 38 B7 EF | T:187803 RPD:1
[CH: 50] LEN: 12 | HEX: F9 77 FE F7 FE 79 97 FF 26 F0 BF D5 | T:187803 RPD:1
[CH: 50] LEN: 12 | HEX: F9 77 EE FB F4 75 97 FF 58 BA BE FB | T:187814 RPD:1
[CH: 50] LEN: 12 | HEX: F9 77 FE F8 FC 76 97 FE 6F 38 BF DF | T:187815 RPD:0
[CH: 50] LEN: 12 | HEX: F9 77 FA F7 EE 79 97 FF 26 F0 BF F7 | T:187826 RPD:1
[CH: 50] LEN: 12 | HEX: F9 77 FE FB FE 75 97 FF 98 BA BF EF | T:187826 RPD:0
[CH: 50] LEN: 12 | HEX: F9 77 FE F2 FE 74 97 FE C5 DB BF FF | T:187837 RPD:1
[CH: 50] LEN: 12 | HEX: F9 77 FE F7 BD 79 97 FF 26 F0 BF 7F | T:187849 RPD:1
[CH: 50] LEN: 12 | HEX: F9 77 EE FE FE 78 97 FF 90 1D BE FF | T:187849 RPD:0
[CH: 50] LEN: 12 | HEX: F9 77 FE EE FE 74 97 BF 45 DB BF AF | T:187860 RPD:1
[CH: 50] LEN: 12 | HEX: F9 77 FE FE EC 70 97 DF 10 1D BF FF | T:187861 RPD:0
[CH: 50] LEN: 12 | HEX: F9 77 AC F5 FE 73 97 FF 67 9F 3F FB | T:187872 RPD:1
[CH: 50] LEN: 12 | HEX: F9 77 7B F1 EA 77 97 FF 52 59 BD D7 | T:187872 RPD:1
[CH: 50] LEN: 12 | HEX: F5 77 FD F0 FE 76 97 DF 6F 38 BF FE | T:187883 RPD:1
[CH: 50] LEN: 12 | HEX: F9 77 DC FD FE 73 97 FF 27 9F BE EF | T:187895 RPD:1
[CH: 50] LEN: 12 | HEX: F9 77 F9 F3 DD 75 97 FF 58 BA B7 FF | T:187895 RPD:0
[CH: 50] LEN: 12 | HEX: F9 77 FE F9 FE 77 97 FF DA 59 AF FF | T:187906 RPD:1
[CH: 50] LEN: 12 | HEX: F9 77 D6 FD F6 73 97 FF E7 9F AF EF | T:187906 RPD:0
[CH: 50] LEN: 12 | HEX: F9 77 FE FB F6 75 97 FF B8 BA AF FF | T:187918 RPD:1
[CH: 50] LEN: 12 | HEX: F9 77 BE F8 FE 76 97 DF 6F B8 BF FD | T:187918 RPD:0
[CH: 50] LEN: 12 | HEX: F9 77 FE F7 DC 79 97 FE A6 F0 BB FF | T:187929 RPD:1
[CH: 50] LEN: 12 | HEX: F9 77 FE FB FF 75 97 AF B8 BA BF D2 | T:187941 RPD:1
[CH: 50] LEN: 12 | HEX: F9 77 DD FA FE 74 97 B7 45 DB B7 F5 | T:187941 RPD:1
[CH: 50] LEN: 12 | HEX: F9 77 FE F7 FE 79 97 FF 26 F0 BF DF | T:187952 RPD:1
[CH: 50] LEN: 12 | HEX: F9 77 FD FB FE 75 97 FF 98 BA B6 FF | T:187952 RPD:0
[CH: 50] LEN: 12 | HEX: F9 77 FE FA FA 74 97 FB 45 DB BF FF | T:187964 RPD:1
[CH: 50] LEN: 12 | HEX: F9 77 FB F7 BA 79 97 FC A6 F0 B7 FF | T:187975 RPD:1
[CH: 50] LEN: 12 | HEX: F9 77 FE FE FE 70 97 FF 10 1D BF FF | T:187975 RPD:0
[CH: 50] LEN: 12 | HEX: F9 77 DE FA FC 74 97 BF 45 DB BF FC | T:187987 RPD:1
[CH: 50] LEN: 12 | HEX: F9 77 FE FE FE 70 97 FF 10 1D AD FF | T:187987 RPD:0
[CH: 50] LEN: 12 | HEX: F9 77 FD FD F5 73 97 5F A7 DE BD FE | T:187998 RPD:1
[CH: 50] LEN: 12 | HEX: F1 77 FC F9 DE 77 97 FD 52 59 BB DF | T:187998 RPD:0
[CH: 50] LEN: 12 | HEX: F1 77 FE F8 FE 76 97 DE 6F 38 BF ED | T:188010 RPD:1
[CH: 50] LEN: 12 | HEX: F9 77 FD FD FE 73 97 5A A7 9E AF 75 | T:188021 RPD:1
[CH: 50] LEN: 12 | HEX: F9 77 FE FB FE 75 97 FF 58 BA BF FF | T:188021 RPD:0
[CH: 50] LEN: 12 | HEX: F1 77 FE F8 FE 76 97 5A EF 38 BD F7 | T:188033 RPD:1
[CH: 50] LEN: 12 | HEX: F1 77 BD FD F6 73 97 D7 A7 9E BF EF | T:188033 RPD:0
[CH: 50] LEN: 12 | HEX: F9 77 FE F3 D6 75 97 5D 58 BA BF 6F | T:188044 RPD:1
[CH: 50] LEN: 12 | HEX: F1 77 DE F8 FE 76 97 FF 6F 38 AD 6E | T:188044 RPD:0
[CH: 50] LEN: 12 | HEX: F1 77 AE F7 FE 79 97 D7 26 F0 BD AB | T:188056 RPD:1
[CH: 50] LEN: 12 | HEX: F9 77 FE FB FE 75 97 FF D8 BA BA AF | T:188067 RPD:1
[CH: 50] LEN: 12 | HEX: F9 77 FA FA F4 74 97 FF 45 DB BA F7 | T:188067 RPD:0
[CH: 50] LEN: 12 | HEX: F9 77 FD F7 BE 79 97 FA A6 F0 BB FB | T:188079 RPD:0
[CH: 50] LEN: 12 | HEX: F9 77 FE FA FE 74 97 FF 45 DB BF FE | T:188087 RPD:1
[CH: 50] LEN: 12 | HEX: F9 77 FE F9 F6 77 97 FD 72 59 BF FF | T:188090 RPD:1
[CH: 50] LEN: 12 | HEX: F9 77 FD F8 FA 76 97 FF 6F 38 AF FE | T:188101 RPD:1
[CH: 50] LEN: 12 | HEX: F1 77 FD F7 BD 79 97 7A A6 F0 AF DE | T:188101 RPD:0
[CH: 50] LEN: 12 | HEX: F1 77 D5 F5 FE 78 97 BE 90 1D BF FF | T:188113 RPD:1
[CH: 50] LEN: 12 | HEX: F1 77 FD F9 EC 73 97 FF 67 9E BF AF | T:188113 RPD:0
[CH: 50] LEN: 12 | HEX: F5 77 FE FB FE 75 97 FE 98 BA BF FD | T:188124 RPD:0
[CH: 50] LEN: 12 | HEX: F1 77 FE FA FE 74 97 FD C5 DB BF FD | T:188125 RPD:1
[CH: 50] LEN: 12 | HEX: F1 77 FE F9 EE 77 97 FE A2 59 BF DF | T:188136 RPD:1
[CH: 50] LEN: 12 | HEX: F9 7F FE F8 FE 76 97 FF 6F 38 BE FD | T:188147 RPD:1
[CH: 50] LEN: 12 | HEX: F1 77 FD F7 FC 79 97 DD A6 F0 AF DF | T:188148 RPD:0
[CH: 50] LEN: 12 | HEX: F1 77 D4 FE FE 78 97 FF 10 1D BF DF | T:188159 RPD:1
[CH: 50] LEN: 12 | HEX: F1 77 DE F1 FE 77 97 FD 72 59 BF BD | T:188159 RPD:0
[CH: 50] LEN: 12 | HEX: F1 77 FE F8 FE 76 97 BF 6F 38 BF EE | T:188171 RPD:0
[CH: 50] LEN: 12 | HEX: F1 77 BE FC FC 70 97 FF 10 1D BD 5A | T:188175 RPD:1
[CH: 50] LEN: 12 | HEX: F5 77 FE F5 FE 73 97 FF 67 9F AB DF | T:188186 RPD:1
[CH: 50] LEN: 12 | HEX: F1 77 FE FB FE 75 97 BD 58 BA BD BF | T:188186 RPD:0
[CH: 50] LEN: 12 | HEX: F9 77 FE FA FA 7C 97 FE C5 FB B7 FB | T:188198 RPD:1
[CH: 50] LEN: 12 | HEX: F9 77 FE F9 FE 77 97 FF F2 59 AE FE | T:188198 RPD:0
[CH: 50] LEN: 12 | HEX: F1 77 DD F8 FA 76 97 FF 6F 38 BF FD | T:188209 RPD:1
[CH: 50] LEN: 12 | HEX: F1 77 F5 FD FE 73 97 BD 67 9F BF AF | T:188221 RPD:0
[CH: 50] LEN: 12 | HEX: F5 77 EE FB FE 75 97 DE B8 BA B3 7D | T:188221 RPD:0
[CH: 50] LEN: 12 | HEX: F9 77 FD FA FE 74 97 FE C5 DB EF DF | T:188232 RPD:1
[CH: 50] LEN: 12 | HEX: F1 77 BB F1 F4 77 97 FE B2 59 B7 BF | T:188232 RPD:0
[CH: 50] LEN: 12 | HEX: F9 77 FF F8 FE 76 97 FF 6F 38 BF FF | T:188244 RPD:1
[CH: 50] LEN: 12 | HEX: F9 77 FE FC FE 70 97 FF 10 1D BD 5D | T:188244 RPD:0
[CH: 50] LEN: 12 | HEX: F9 77 FE F5 F6 73 97 FE A7 9F 37 FF | T:188255 RPD:1
[CH: 50] LEN: 12 | HEX: F1 77 D6 F9 FE 77 97 DD A2 59 BF DD | T:188267 RPD:1
[CH: 50] LEN: 12 | HEX: F9 77 FE F0 FE 76 97 DE EF 38 BF FE | T:188267 RPD:0
[CH: 50] LEN: 12 | HEX: F9 77 ED F9 FE 73 97 FF A7 9F BB FD | T:188278 RPD:1
[CH: 50] LEN: 12 | HEX: F5 77 FE F8 F5 76 97 FF 6F 38 BF EF | T:188278 RPD:0
[CH: 50] LEN: 12 | HEX: F9 77 DD F7 DE 79 97 FF 26 F0 BF BF | T:188290 RPD:1
[CH: 50] LEN: 12 | HEX: F9 77 FE F5 FA 73 97 FF A7 9F BE FD | T:188290 RPD:0
[CH: 50] LEN: 12 | HEX: F9 77 FE FB FE 75 97 FE B8 BA B7 5F | T:188301 RPD:0
[CH: 50] LEN: 12 | HEX: F9 77 EE FA FE 74 97 FD 45 DB AF FB | T:188313 RPD:1
[CH: 50] LEN: 12 | HEX: F9 77 EE F9 F5 77 17 FD 72 59 AD F9 | T:188313 RPD:0
[CH: 50] LEN: 12 | HEX: F9 77 D5 F8 FA 76 97 FF 6F 38 BE AF | T:188324 RPD:0
[CH: 50] LEN: 12 | HEX: F9 77 FE F4 F4 70 97 FF 90 1D BB 5F | T:188331 RPD:1
[CH: 50] LEN: 12 | HEX: F9 77 FF F9 FE 73 97 FE E7 1F BB FE | T:188334 RPD:1
[CH: 50] LEN: 12 | HEX: F9 77 5D F3 FE 75 97 FD 58 BA B7 6F | T:188345 RPD:1
[CH: 50] LEN: 12 | HEX: F1 77 DC FA F6 74 97 FF 45 DB BE DB | T:188345 RPD:0
[CH: 50] LEN: 12 | HEX: F9 77 FE F1 FE 77 97 FE B2 59 BF AE | T:188357 RPD:1
[CH: 50] LEN: 12 | HEX: F9 77 FE F8 FE 76 97 FF 6F 38 BE FF | T:188357 RPD:0
[CH: 50] LEN: 12 | HEX: F9 77 DC F7 DE 71 97 FF 26 F0 BF BF | T:188368 RPD:1
[CH: 50] LEN: 12 | HEX: F9 77 FE FB FE 75 97 FE B8 BA AF 7B | T:188379 RPD:1
[CH: 50] LEN: 12 | HEX: F9 77 DB F2 FE 74 97 DD C5 DB BF FF | T:188380 RPD:0
[CH: 50] LEN: 12 | HEX: F9 77 FD F7 FE 71 97 AE 26 F0 AF FF | T:188391 RPD:1
[CH: 50] LEN: 12 | HEX: F9 77 FD F2 FE 74 97 FE C5 DB BF FB | T:188391 RPD:0
[CH: 50] LEN: 12 | HEX: F9 77 AA F9 FE 77 97 BD 52 59 BF 7F | T:188403 RPD:1
[CH: 50] LEN: 12 | HEX: F9 77 FE FE F6 70 97 7F 10 1D BF 76 | T:188403 RPD:0
[CH: 50] LEN: 12 | HEX: F9 77 FE FD FE 73 97 FF E7 9F 3F F6 | T:188414 RPD:1
[CH: 50] LEN: 12 | HEX: F9 77 BE F9 FE 77 97 FF 52 59 AD FF | T:188425 RPD:1
[CH: 50] LEN: 12 | HEX: F9 77 FA F8 FC 76 97 FF 6E 38 BD 6F | T:188426 RPD:0
[CH: 50] LEN: 12 | HEX: F9 77 D5 FE FE 70 97 FF 10 1D BD BB | T:188437 RPD:1
[CH: 50] LEN: 12 | HEX: F9 77 DE F9 F4 77 97 FE F2 59 BB 7F | T:188437 RPD:0
[CH: 50] LEN: 12 | HEX: F1 77 FE F8 F6 76 97 FF 6F 38 BF FB | T:188449 RPD:1
[CH: 50] LEN: 12 | HEX: F9 77 FF FD F6 73 97 FF A7 9F BB 7F | T:188460 RPD:1
[CH: 50] LEN: 12 | HEX: F1 77 FA FB FE 75 97 FF 78 BA AE FB | T:188460 RPD:0
[CH: 50] LEN: 12 | HEX: F9 77 FD F8 FE 76 97 7E EF 34 AE F6 | T:188471 RPD:1
[CH: 50] LEN: 12 | HEX: F9 77 FE FB D6 75 97 FD 58 BA B5 FB | T:188472 RPD:0
[CH: 50] LEN: 12 | HEX: F9 77 DE F2 F6 74 97 7A C5 DB BB 7F | T:188483 RPD:1
[CH: 50] LEN: 12 | HEX: E9 77 FE F7 7E 79 97 FF 26 F0 BF FD | T:188483 RPD:0
[CH: 50] LEN: 12 | HEX: F9 77 FE FE FE 70 97 FF 10 1D BE 7B | T:188495 RPD:1
[CH: 50] LEN: 12 | HEX: F9 77 AE FB EA 75 97 FF D8 BA BF 6E | T:188506 RPD:1
[CH: 50] LEN: 12 | HEX: F9 77 EA FA FE 74 97 FF 45 DB FB AF | T:188506 RPD:0
[CH: 50] LEN: 12 | HEX: F1 77 FF F7 DE 79 97 FF 26 F0 BB FD | T:188517 RPD:1
[CH: 50] LEN: 12 | HEX: F9 77 FE FA FE 74 97 BF 45 DB BB 6F | T:188518 RPD:0
[CH: 50] LEN: 12 | HEX: F9 77 FE F9 FE 77 97 EA A2 59 BF 7A | T:188529 RPD:1
[CH: 50] LEN: 12 | HEX: F9 77 EE FE FE 70 97 FF 10 1D BF FF | T:188529 RPD:0
[CH: 50] LEN: 12 | HEX: F9 77 FE FD F6 73 97 DB 27 9F AF DB | T:188540 RPD:1
[CH: 50] LEN: 12 | HEX: F9 77 FC F9 FC 77 97 FD 52 59 AF FD | T:188552 RPD:1
[CH: 50] LEN: 12 | HEX: F9 77 FE F8 F6 76 97 FF 6F 38 B7 B5 | T:188552 RPD:0
[CH: 50] LEN: 12 | HEX: F9 77 FE FD FE 73 97 FF A7 9F 3F FF | T:188563 RPD:1
[CH: 50] LEN: 12 | HEX: F9 77 FE F1 FE 77 97 DF 52 59 BD FF | T:188564 RPD:0
[CH: 50] LEN: 12 | HEX: F9 77 FE F8 FE 76 97 AA EF 38 BF FD | T:188575 RPD:1
[CH: 50] LEN: 12 | HEX: F9 77 D6 FD FE 73 97 FF A7 9F B7 FD | T:188586 RPD:0
[CH: 50] LEN: 12 | HEX: F9 77 FE FB FE 75 97 AD 18 BA BE F7 | T:188586 RPD:0
[CH: 50] LEN: 12 | HEX: F9 77 FE FA F5 74 97 FF 45 DB AF 7E | T:188598 RPD:1
[CH: 50] LEN: 12 | HEX: F1 77 BC F9 EA 77 97 5A F2 59 BD FB | T:188598 RPD:0
[CH: 50] LEN: 12 | HEX: F9 77 7A E7 FE 79 97 FF 26 F0 BF FF | T:188609 RPD:1
[CH: 50] LEN: 12 | HEX: F1 77 B4 FE FE 70 97 AA 10 1D BF FF | T:188610 RPD:0
[CH: 50] LEN: 12 | HEX: F9 77 FE FD FE 73 97 FF A7 DF BF FF | T:188621 RPD:0
[CH: 50] LEN: 12 | HEX: F1 77 DC F2 FE 74 97 FE C5 DB BF FE | T:188632 RPD:1
[CH: 50] LEN: 12 | HEX: F1 77 FE F9 FA 77 D7 FE B2 59 B7 DF | T:188632 RPD:0
[CH: 50] LEN: 12 | HEX: F9 77 FA F8 FE 76 97 FE 6D 34 AF AB | T:188644 RPD:1
[CH: 50] LEN: 12 | HEX: F9 77 FD F7 FE 79 97 FF 26 F0 BB F7 | T:188644 RPD:0
[CH: 50] LEN: 12 | HEX: F9 77 F6 FD FE 73 97 FF A7 9F BF 7D | T:188655 RPD:1
[CH: 50] LEN: 12 | HEX: F9 77 FE FA FE 74 97 FF 45 DB BF 7F | T:188656 RPD:0
[CH: 50] LEN: 12 | HEX: F9 77 FE F9 FE 77 97 FF 52 59 BF FF | T:188667 RPD:1
[CH: 50] LEN: 12 | HEX: F9 77 AD FE FC 70 97 EB 10 1D AE FF | T:188678 RPD:0
[CH: 50] LEN: 12 | HEX: F1 77 FE F9 FE 73 97 FF A7 9F 3F BD | T:188678 RPD:0
[CH: 50] LEN: 12 | HEX: F9 77 FE FA FE 74 97 FF 45 DB B5 7E | T:188690 RPD:1
[CH: 50] LEN: 12 | HEX: FA 78 FF AC 7A 74 97 FF 52 5A BF F3 | T:188723 RPD:1
[CH: 50] LEN: 12 | HEX: FA 78 FF D4 7E 74 97 7A D2 5A BD FF | T:188724 RPD:1
[CH: 50] LEN: 12 | HEX: F9 77 DF 00 00 71 97 BE AF 64 BF FB | T:188735 RPD:1
[CH: 50] LEN: 12 | HEX: F9 77 FF 00 00 71 97 BE 6F 64 BF FF | T:188736 RPD:1
[CH: 50] LEN: 12 | HEX: F4 6D FF 00 FE FA 91 FF 70 98 BE F7 | T:188757 RPD:1
[CH: 50] LEN: 12 | HEX: F8 6D FF 00 FA F6 91 F7 70 98 BF EF | T:188758 RPD:1
[CH: 50] LEN: 12 | HEX: FA 78 FF F4 7E FA 91 EF D8 A7 B6 FF | T:189022 RPD:1
[CH: 50] LEN: 12 | HEX: F2 78 F7 EA 7E FA 91 FF F8 A7 FF F5 | T:189023 RPD:1
[CH: 50] LEN: 12 | HEX: F1 77 BD 80 00 71 91 FF 05 C2 BF FF | T:189034 RPD:1
[CH: 50] LEN: 12 | HEX: F9 7F EA 80 00 71 91 FE 85 C2 BF BF | T:189034 RPD:1
[CH: 50] LEN: 12 | HEX: F0 6D FB 00 FE FA 91 FF 70 98 BA FE | T:189056 RPD:1
[CH: 50] LEN: 12 | HEX: F8 6D FF 00 F4 EA 91 F5 70 98 AF AF | T:189057 RPD:1
[CH: 50] LEN: 12 | HEX: FA 78 FF DC 7A FA 91 F7 58 A7 BF F7 | T:189322 RPD:1
[CH: 50] LEN: 12 | HEX: F6 78 F5 FC 7E FA 91 FF 58 A7 BD 7D | T:189323 RPD:1
[CH: 50] LEN: 12 | HEX: F1 77 FE 80 00 71 91 EA 05 C2 AF 7F | T:189334 RPD:1
[CH: 50] LEN: 12 | HEX: F9 77 FE 80 00 75 91 EA 05 C2 AF AF | T:189334 RPD:1
[CH: 50] LEN: 12 | HEX: F8 6D F5 00 F4 FA 91 EE F0 98 BE FE | T:189356 RPD:1
[CH: 50] LEN: 12 | HEX: F8 6D FD 80 FE FA 91 FE F0 98 BF 7F | T:189357 RPD:1
[CH: 50] LEN: 12 | HEX: F2 74 FF 5C 7E F2 91 FF 58 A7 AF FF | T:189622 RPD:1
[CH: 50] LEN: 12 | HEX: F9 77 EE 80 00 71 91 EE 85 C2 BF FF | T:189625 RPD:1
[CH: 50] LEN: 12 | HEX: F9 77 DF 00 00 71 91 FF 05 C2 BF FF | T:189626 RPD:1
[CH: 50] LEN: 12 | HEX: F0 6D FF 00 FF FA 91 F7 78 98 BD EE | T:189656 RPD:1
[CH: 50] LEN: 12 | HEX: F8 6D FF 00 FC FA 91 FD 74 98 B7 7F | T:189656 RPD:1
[CH: 50] LEN: 12 | HEX: FA 78 EF 54 7E F2 91 FF 98 A7 BF FF | T:189921 RPD:1
[CH: 50] LEN: 12 | HEX: F2 78 FF AC 7E EE 91 F6 98 A7 BD FF | T:189922 RPD:1
[CH: 50] LEN: 12 | HEX: F9 77 BD 00 00 71 91 FF 05 C2 AF FD | T:189933 RPD:1
[CH: 50] LEN: 12 | HEX: F9 77 BA 00 00 71 91 F5 05 C2 BD FF | T:189934 RPD:1
[CH: 50] LEN: 12 | HEX: F8 6D F7 00 FA FA 91 EA 70 98 BB AB | T:189955 RPD:1
[CH: 50] LEN: 12 | HEX: F8 6D FF 00 FC EE 91 FF F0 98 B9 FF | T:189956 RPD:1
[CH: 50] LEN: 12 | HEX: FA 70 F6 AC 7C FA 91 FF F8 A7 AB FF | T:190221 RPD:1
[CH: 50] LEN: 12 | HEX: FA 78 EB FC 7E FA 91 D7 D8 A7 BF FD | T:190222 RPD:1
[CH: 50] LEN: 12 | HEX: F1 77 5F 00 00 71 91 DD 05 C2 B7 FF | T:190233 RPD:1
[CH: 50] LEN: 12 | HEX: F9 77 BF 00 00 71 91 EF 05 C2 BF F7 | T:190233 RPD:1
[CH: 50] LEN: 12 | HEX: F8 6D DE 80 F6 F2 91 F6 70 98 BF AF | T:190255 RPD:1
[CH: 50] LEN: 12 | HEX: F0 6D F7 00 FE FA 91 FF 70 98 BE EF | T:190256 RPD:1
[CH: 50] LEN: 12 | HEX: FA 78 FF 5C 7E F2 91 F7 B8 A7 3E F7 | T:190521 RPD:1
[CH: 50] LEN: 12 | HEX: FA 70 FF D4 7E F2 91 DD 58 A7 7A DA | T:190522 RPD:1
[CH: 50] LEN: 12 | HEX: E9 77 FA 00 00 61 91 FF 85 C2 B6 FE | T:190533 RPD:1
[CH: 50] LEN: 12 | HEX: F8 6D D7 00 FE F2 91 EF 70 98 AF 7F | T:190555 RPD:1
[CH: 50] LEN: 12 | HEX: F8 6D EF 00 FE FA 91 EF 70 98 BF AF | T:190556 RPD:1
[CH: 50] LEN: 12 | HEX: EA 76 F6 80 8C FA 91 FF AC 77 BD FF | T:190655 RPD:1
[CH: 50] LEN: 12 | HEX: F2 76 FB 00 8C FA 91 FE 2C 77 BD 57 | T:190656 RPD:1
[CH: 50] LEN: 12 | HEX: FA 76 F4 FE 73 FA 91 FE D2 8A BF 6D | T:190686 RPD:1
[CH: 50] LEN: 12 | HEX: F2 76 EA FD 70 F6 91 FD 66 84 BF 7F | T:190689 RPD:1
[CH: 50] LEN: 12 | HEX: F2 76 FE F4 71 FA 91 FF FB 61 BB 7F | T:190692 RPD:1
[CH: 50] LEN: 12 | HEX: FA 76 FE FB 76 F2 91 FE 4D 98 BF EE | T:190703 RPD:1
[CH: 50] LEN: 12 | HEX: FA 76 FE FA 77 BA 91 FF 91 79 BD DF | T:190703 RPD:0
[CH: 50] LEN: 12 | HEX: FA 76 FA F9 74 FA 91 F7 A4 73 BF FE | T:190715 RPD:1
[CH: 50] LEN: 12 | HEX: F2 76 EA E8 75 FA 91 EA 38 96 BF FF | T:190715 RPD:0
[CH: 50] LEN: 12 | HEX: F6 76 FE F7 7A F6 91 EB 49 81 BF 7F | T:190726 RPD:0
[CH: 50] LEN: 12 | HEX: F2 76 F4 F5 78 D6 91 AA 20 6A BE DF | T:190743 RPD:1
[CH: 50] LEN: 12 | HEX: FA 76 FE F4 79 EA 91 DF 5C 8F BF F5 | T:190773 RPD:1
[CH: 50] LEN: 12 | HEX: F2 76 FE F3 7E F2 91 F6 AA 76 AD FF | T:190803 RPD:1
[CH: 50] LEN: 12 | HEX: FA 76 FC F2 7F DA 91 EE 96 93 BF BF | T:190833 RPD:1
[CH: 50] LEN: 12 | HEX: FA 76 EA F1 74 EA 91 FF 63 9F BD FD | T:190863 RPD:1
[CH: 50] LEN: 12 | HEX: FA 76 FE F0 79 FA 91 EB 7F 78 BD 7F | T:190893 RPD:1
[CH: 50] LEN: 12 | HEX: FA 76 F6 EF 62 F2 91 FE 91 92 BF FF | T:190923 RPD:1
[CH: 50] LEN: 12 | HEX: F2 76 FB EE 63 DA 91 FF 4D 77 BF FF | T:190953 RPD:1
[CH: 50] LEN: 12 | HEX: FA 76 FE ED 60 FA 91 FF F8 79 BE DD | T:190983 RPD:1
[CH: 50] LEN: 12 | HEX: FA 76 F6 EC 61 D6 91 EE 64 9C AF FF | T:191013 RPD:1
[CH: 50] LEN: 12 | HEX: FA 76 FE EB 66 F2 91 F7 52 65 AB 77 | T:191043 RPD:1
[CH: 50] LEN: 12 | HEX: FA 76 FE EA 67 FA 91 FF CE 80 BF DF | T:191073 RPD:1
[CH: 50] LEN: 12 | HEX: FA 76 FE E9 64 F2 91 F5 AB 8E BF FF | T:191103 RPD:1
[CH: 50] LEN: 12 | HEX: F6 76 FC E8 65 EA 91 FF 27 6B B7 DF | T:191133 RPD:1
[CH: 50] LEN: 12 | HEX: FA 76 FE E7 6A FA 91 EF 16 78 BF BF | T:191163 RPD:1
[CH: 50] LEN: 12 | HEX: FA 76 FD E6 6B EA 91 FD CA 99 BB D7 | T:191193 RPD:1
[CH: 50] LEN: 12 | HEX: FA 76 FE E5 68 EA 91 FF 3F 97 FF FF | T:191223 RPD:1
[CH: 50] LEN: 12 | HEX: FA 76 F6 E4 69 EA 91 FE E3 72 B5 FF | T:191253 RPD:1
[CH: 50] LEN: 12 | HEX: FA 76 FE E3 6E F2 91 FF 55 8B BF FF | T:191283 RPD:1
[CH: 50] LEN: 12 | HEX: F2 76 FE E2 6F FA 91 F6 09 6E BF FF | T:191313 RPD:1
[CH: 50] LEN: 12 | HEX: F2 76 FE E1 6C F2 91 FF FC 60 BF FF | T:191343 RPD:1
[CH: 50] LEN: 12 | HEX: FA 76 FE E0 6D FA 91 FF A0 85 BD 7F | T:191373 RPD:1
[CH: 50] LEN: 12 | HEX: FA 76 FE DE 52 FA 91 DE 31 95 BE FF | T:191403 RPD:1
[CH: 50] LEN: 12 | HEX: F2 76 F6 F5 73 D2 91 DE 92 8A AF FF | T:191433 RPD:1
[CH: 50] LEN: 12 | HEX: FA 76 FE FD 70 FA 91 FE E7 84 BF FF | T:191436 RPD:1
[CH: 50] LEN: 12 | HEX: F2 76 F4 FA 71 FA 91 FF 7B 61 BF BA | T:191440 RPD:1
[CH: 50] LEN: 12 | HEX: F2 76 FE F3 76 FA 91 EA 4D 98 BB EB | T:191452 RPD:1
[CH: 50] LEN: 12 | HEX: F2 76 EE F6 77 52 91 FD 11 79 BF ED | T:191452 RPD:0
[CH: 50] LEN: 12 | HEX: E6 76 FA E9 74 FA 91 FE A4 73 AF F8 | T:191463 RPD:1
[CH: 50] LEN: 12 | HEX: EA 76 FE F8 75 FA 91 EB 38 96 B7 7F | T:191463 RPD:0
[CH: 50] LEN: 12 | HEX: FA 76 F6 E7 7A F2 91 FF 09 81 BF 7F | T:191475 RPD:0
[CH: 50] LEN: 12 | HEX: FA 76 FE F5 70 EA 91 D6 20 6A B7 EF | T:191493 RPD:1
[CH: 50] LEN: 12 | HEX: FA 76 FE F4 71 EA 91 F5 DC 8F BF F7 | T:191524 RPD:1
[CH: 50] LEN: 12 | HEX: FA 76 F6 F3 7E F2 91 DF 4A 76 BF FD | T:191554 RPD:1
[CH: 50] LEN: 12 | HEX: FA 76 FE F2 7D D2 91 DF 16 93 BF 6F | T:191584 RPD:1
[CH: 50] LEN: 12 | HEX: FA 76 FA F1 7C FA 91 FF 63 9D BD FE | T:191613 RPD:1
[CH: 50] LEN: 12 | HEX: FA 76 FE F0 7D EA 91 DA FA F0 BA F1 | T:191643 RPD:1
[CH: 50] LEN: 12 | HEX: F2 76 FC EF 62 FA 91 FF 91 92 BF D5 | T:191673 RPD:1
[CH: 50] LEN: 12 | HEX: F6 76 FD EE 63 D2 91 FD 4D 77 BF 7E | T:191703 RPD:1
[CH: 50] LEN: 12 | HEX: F2 76 F6 ED 60 F2 91 D7 B8 79 BF FB | T:191733 RPD:1
[CH: 50] LEN: 12 | HEX: FA 76 FE EC 61 EA 91 EB 64 9C BB BF | T:191763 RPD:1
[CH: 50] LEN: 12 | HEX: F2 76 F4 EB 66 E6 91 FE D2 65 BB FF | T:191793 RPD:1
[CH: 50] LEN: 12 | HEX: FA 76 F5 EA 67 FA 91 FF 8E 80 AF FB | T:191823 RPD:1
[CH: 50] LEN: 12 | HEX: F2 76 FA E9 64 FA 91 FF 5B 8E AF FF | T:191853 RPD:1
[CH: 50] LEN: 12 | HEX: FA 76 FC E8 65 FA 91 FF 27 6B BF F7 | T:191883 RPD:1
[CH: 50] LEN: 12 | HEX: F2 76 FE E7 6A F2 91 D7 16 7C BF FF | T:191913 RPD:1
[CH: 50] LEN: 12 | HEX: FA 76 FC E6 6B D2 91 FF 4A 99 BF FE | T:191943 RPD:1
[CH: 50] LEN: 12 | HEX: FA 76 FC E5 68 F2 91 FF 3F 97 BF BB | T:191973 RPD:0
[CH: 50] LEN: 12 | HEX: FA 76 FC E4 69 F2 91 FF A3 72 BD FF | T:192003 RPD:0
[CH: 50] LEN: 12 | HEX: FA 76 FC E3 6E FA 91 EB D5 8B AF FB | T:192033 RPD:0
[CH: 50] LEN: 12 | HEX: FA 76 FA E2 6F FA 91 FF 09 6E BB DF | T:192063 RPD:0
[CH: 50] LEN: 12 | HEX: FA 76 FE E1 6C FA 91 FF 7C 60 BD AD | T:192093 RPD:1
[CH: 50] LEN: 12 | HEX: FA 76 FE E0 6D FA 91 FF A0 85 AA FF | T:192123 RPD:1
[CH: 50] LEN: 12 | HEX: FA 76 FA DF 52 FA 91 EE B1 95 BB 7F | T:192153 RPD:1
[CH: 50] LEN: 12 | HEX: FA 76 FA FA 73 FA 91 EE 92 8A BF 7A | T:192183 RPD:1
[CH: 50] LEN: 12 | HEX: FA 76 FE FD 70 FA 91 FF A7 84 BE FD | T:192187 RPD:1
[CH: 50] LEN: 12 | HEX: FA 76 FE FC 71 FA 91 FF 7B 61 BF BF | T:192191 RPD:1
[CH: 50] LEN: 12 | HEX: FA 76 FE FB 76 FA 91 FF 4D 98 BE CD | T:192202 RPD:1
[CH: 50] LEN: 12 | HEX: FA 76 FE FA 77 FA 91 FF 91 7D AF FF | T:192202 RPD:1
[CH: 50] LEN: 12 | HEX: FA 76 FE F9 74 FA 91 EB E4 73 BF 55 | T:192214 RPD:1
[CH: 50] LEN: 12 | HEX: FA 76 FE F8 75 FA 91 EB 38 96 BF FA | T:192214 RPD:0
[CH: 50] LEN: 12 | HEX: F2 7E FE F7 7A F2 91 FF 89 81 B5 FE | T:192225 RPD:0
[CH: 50] LEN: 12 | HEX: FA 76 FE F6 7B F2 91 FF 55 64 BD DD | T:192239 RPD:1
[CH: 50] LEN: 12 | HEX: FA 76 FE F5 74 EA 91 EA A0 6A BE DE | T:192269 RPD:1
[CH: 50] LEN: 12 | HEX: FA 76 F5 F4 79 F2 91 FF D4 8F 36 F5 | T:192299 RPD:1
[CH: 50] LEN: 12 | HEX: FA 76 F4 F3 7E FA 91 FF CA 76 BE F7 | T:192329 RPD:1
[CH: 50] LEN: 12 | HEX: FA 76 FE F2 7F FA 91 FF 96 93 BE FD | T:192359 RPD:1
[CH: 50] LEN: 12 | HEX: F2 76 FE F1 78 F2 91 FF 63 9D BF 6B | T:192389 RPD:1
[CH: 50] LEN: 12 | HEX: FA 76 FE F0 7B EA 91 FF BF 78 BD 7B | T:192419 RPD:1
[CH: 50] LEN: 12 | HEX: F2 76 FE EF 62 FA 91 F6 11 92 BF BF | T:192449 RPD:1
[CH: 50] LEN: 12 | HEX: FA 76 FE EE 63 EA 91 FF 4D 77 B7 EF | T:192479 RPD:1
[CH: 50] LEN: 12 | HEX: F2 76 FA ED 60 FA 91 D7 78 71 BE DF | T:192509 RPD:1
[CH: 50] LEN: 12 | HEX: FE 76 FA EC 61 F2 91 F6 64 9C BF AF | T:192539 RPD:1
[CH: 50] LEN: 12 | HEX: FA 76 FA EB 66 F2 91 FF 52 65 B7 FF | T:192569 RPD:1
[CH: 50] LEN: 12 | HEX: FA 76 FE EA 67 EA 91 F7 8E 80 BF FF | T:192599 RPD:1
[CH: 50] LEN: 12 | HEX: FA 76 F6 E9 64 FA 91 EA AB 8E BF EE | T:192629 RPD:1
[CH: 50] LEN: 12 | HEX: FA 76 FE E8 65 FA 91 CF 27 6B AF DF | T:192659 RPD:1
[CH: 50] LEN: 12 | HEX: FA 76 FE E7 6A FA 91 D5 56 7C BD FB | T:192689 RPD:1
[CH: 50] LEN: 12 | HEX: FA 76 FE E6 6B FA 91 FF 4A 99 B5 FA | T:192719 RPD:1
[CH: 50] LEN: 12 | HEX: FA 76 FC E5 68 FA 91 F5 3E 97 FF FB | T:192749 RPD:1
[CH: 50] LEN: 12 | HEX: FA 76 FE E4 69 FA 91 FF E3 72 BF 7D | T:192779 RPD:1
[CH: 50] LEN: 12 | HEX: FA 76 FC E3 6E FA 91 FF D5 8B BF 77 | T:192809 RPD:1
[CH: 50] LEN: 12 | HEX: FA 76 FE E2 6F DA 91 FF 09 6E BD BF | T:192839 RPD:1
[CH: 50] LEN: 12 | HEX: FA 76 FE E1 6C FA 91 FF 7C 60 BD F7 | T:192868 RPD:1
[CH: 50] LEN: 12 | HEX: FA 76 F5 E0 6D FA 91 FF A0 85 BE F7 | T:192898 RPD:1
[CH: 50] LEN: 12 | HEX: FA 76 FE DF 52 FA 91 FF 31 95 B7 DF | T:192928 RPD:1
[CH: 50] LEN: 12 | HEX: FA 76 FC FC 73 F2 91 EB 52 8A BF 7B | T:192958 RPD:1
[CH: 50] LEN: 12 | HEX: FA 76 FE FD 70 FA 91 FF A7 C4 BF FF | T:192962 RPD:1
[CH: 50] LEN: 12 | HEX: F2 76 FE E8 71 FA 91 F7 7B 61 AF FF | T:192965 RPD:1
[CH: 50] LEN: 12 | HEX: FA 76 FC FB 76 F2 91 F7 4D 98 BE FF | T:192976 RPD:1
[CH: 50] LEN: 12 | HEX: FA 76 FE FA 77 FA 91 FF 91 7D BF FF | T:192977 RPD:0
[CH: 50] LEN: 12 | HEX: FA 76 FE F9 74 F2 91 EF E4 73 BF FF | T:192988 RPD:1
[CH: 50] LEN: 12 | HEX: FA 76 FE F8 75 FA 91 FF 38 96 BE FF | T:192988 RPD:0
[CH: 50] LEN: 12 | HEX: FA 76 FE F7 7A F2 91 FF 89 81 BF F7 | T:193000 RPD:0
[CH: 50] LEN: 12 | HEX: F6 76 FC F5 78 FA 91 FF 20 6A BF F7 | T:193015 RPD:1
[CH: 50] LEN: 12 | HEX: FA 76 FE F4 79 FA 91 FF FC 8F BB DF | T:193045 RPD:1
[CH: 50] LEN: 12 | HEX: F2 76 FE F3 7E FA 91 FF EA 76 BF FD | T:193075 RPD:1
[CH: 50] LEN: 12 | HEX: FA 76 FE F2 7B F2 91 FF 16 93 BF FF | T:193105 RPD:1
[CH: 50] LEN: 12 | HEX: FA 76 F4 F1 78 FA 91 FF 63 9D BF CF | T:193135 RPD:1
[CH: 50] LEN: 12 | HEX: FA 76 FE F0 7D FA 91 FF BD 78 BF 7F | T:193165 RPD:1
[CH: 50] LEN: 12 | HEX: FA 76 FE EF 62 FA 91 FF 11 92 AD F7 | T:193195 RPD:1
[CH: 50] LEN: 12 | HEX: FA 76 FE EE 63 FA 91 FF CD 77 BF DF | T:193225 RPD:1
[CH: 50] LEN: 12 | HEX: FA 76 FC ED 60 F2 91 FF B8 79 BF FF | T:193255 RPD:1
[CH: 50] LEN: 12 | HEX: FA 7B FF 00 81 FA 91 FF EA FB BF E5 | T:193463 RPD:1
[CH: 50] LEN: 12 | HEX: FA 7B FF 00 81 FA 91 FF FA F3 BF FF | T:193464 RPD:1
[CH: 50] LEN: 12 | HEX: F9 77 EA FE FE 70 91 F7 BA BB BF 52 | T:193494 RPD:1
[CH: 50] LEN: 12 | HEX: F9 77 BE FD F6 73 91 FF 0D 39 BF FF | T:193497 RPD:1
[CH: 50] LEN: 12 | HEX: F1 77 BE FC FA 72 91 EF 90 58 BF DF | T:193500 RPD:1
[CH: 50] LEN: 12 | HEX: F9 77 FE FB DE 75 91 FF 72 1C BD FF | T:193512 RPD:1
[CH: 50] LEN: 12 | HEX: F9 7F FE FA FC 74 91 FF EF 7D BF AF | T:193512 RPD:0
[CH: 50] LEN: 12 | HEX: F9 77 FE F9 FE 77 91 FF 58 FF BF 6F | T:193523 RPD:1
[CH: 50] LEN: 12 | HEX: F9 77 DE F8 FE 76 91 FF C5 9E BF B5 | T:193524 RPD:0
[CH: 50] LEN: 12 | HEX: F9 77 FE F7 FE 79 91 FF 8C 56 BF FB | T:193535 RPD:0
[CH: 50] LEN: 12 | HEX: F9 77 FE FC FE 70 91 FF BA BB BC F2 | T:193546 RPD:1
[CH: 50] LEN: 12 | HEX: F1 77 FE FD FE 73 91 FF 0D 39 BD FE | T:193546 RPD:0
[CH: 50] LEN: 12 | HEX: F9 77 F6 FC FE 72 91 F7 90 58 BF FF | T:193558 RPD:1
[CH: 50] LEN: 12 | HEX: F9 77 EE FA FC 74 91 FF 5F 7D B7 FB | T:193558 RPD:0
[CH: 50] LEN: 12 | HEX: FD 77 FE F9 FE 77 91 FF 58 F7 BF BD | T:193569 RPD:1
[CH: 50] LEN: 12 | HEX: F9 77 FE FE FE 70 91 FB BA BB BE BF | T:193581 RPD:1
[CH: 50] LEN: 12 | HEX: F9 77 FE FD F4 73 91 FF 0D 39 AF BF | T:193581 RPD:0
[CH: 50] LEN: 12 | HEX: F9 77 FE F9 FA 77 91 EF 58 FB B7 FF | T:193592 RPD:1
[CH: 50] LEN: 12 | HEX: F9 77 FE FE FC 70 91 FF BA BB BF FF | T:193592 RPD:0
[CH: 50] LEN: 12 | HEX: F9 77 FE FD F4 73 91 FF 0D 39 AF DF | T:193604 RPD:1
[CH: 50] LEN: 12 | HEX: F1 77 FE FA FE 74 91 FF 5F 7D BD DD | T:193604 RPD:0
[CH: 50] LEN: 12 | HEX: FD 77 FC F9 FE 77 91 FB 58 F7 FB FE | T:193615 RPD:1
[CH: 50] LEN: 12 | HEX: F9 77 FE F7 FE 79 91 EB 8C 56 BB DF | T:193627 RPD:1
[CH: 50] LEN: 12 | HEX: F9 77 FE FE FC 70 91 FF BA BB AF FF | T:193627 RPD:0
[CH: 50] LEN: 12 | HEX: F9 77 FC FB FE 75 91 FF 72 1C BD 5B | T:193638 RPD:1
[CH: 50] LEN: 12 | HEX: F9 77 FE F7 AA 79 91 FF 8C 56 BF 5E | T:193638 RPD:0
[CH: 50] LEN: 12 | HEX: F9 77 FE FE FE 70 91 F7 BA BB BF DA | T:193650 RPD:1
[CH: 50] LEN: 12 | HEX: F1 77 FE FB FE 75 91 FF 72 1C BD EF | T:193650 RPD:0
[CH: 50] LEN: 12 | HEX: F1 77 FE FA FE 74 91 FF EF 7D BB FF | T:193661 RPD:1
[CH: 50] LEN: 12 | HEX: F1 77 F4 F7 FE 79 91 FF 8C 56 B7 EF | T:193673 RPD:1
[CH: 50] LEN: 12 | HEX: F9 77 FE FE FE 70 91 F7 BA BB B7 BF | T:193673 RPD:0
[CH: 50] LEN: 12 | HEX: E9 77 FE F3 FE 75 91 FF 72 1C BF 6D | T:193684 RPD:1
[CH: 50] LEN: 12 | HEX: F1 7F FE F8 FE 76 91 FF E5 9E B5 FD | T:193684 RPD:0
[CH: 50] LEN: 12 | HEX: F9 77 FE F7 BE 79 91 FF 8C 56 BF F7 | T:193696 RPD:1
[CH: 50] LEN: 12 | HEX: F1 77 D6 FC F6 72 91 FF 90 58 AD BF | T:193707 RPD:1
[CH: 50] LEN: 12 | HEX: F9 77 DE FB EA 75 91 FF 72 1C AD FB | T:193707 RPD:0
[CH: 50] LEN: 12 | HEX: F9 77 FE F8 FE 76 91 FF C5 9E AF 6F | T:193719 RPD:1
[CH: 50] LEN: 12 | HEX: F9 77 FE FC EA 72 91 FF D0 58 BB FF | T:193719 RPD:0
[CH: 50] LEN: 12 | HEX: F1 77 AE FB EE 75 91 FF 72 1C BD BF | T:193730 RPD:1
[CH: 50] LEN: 12 | HEX: F9 77 FE F8 FE 76 91 FF C5 9E BD F7 | T:193730 RPD:0
[CH: 50] LEN: 12 | HEX: F9 77 FE F7 FE 79 91 EF 8C 56 BF EF | T:193742 RPD:1
[CH: 50] LEN: 12 | HEX: F9 77 FE F8 F6 72 91 EF 10 58 BE EF | T:193753 RPD:1
[CH: 50] LEN: 12 | HEX: F9 77 FE FB F6 7D 91 FF 72 1C BF 7F | T:193753 RPD:0
[CH: 50] LEN: 12 | HEX: F9 77 FE F9 EE 77 91 FF 58 FF B6 FB | T:193764 RPD:1
[CH: 50] LEN: 12 | HEX: F9 77 DD F9 FE 73 91 FF 0D 39 BF FF | T:193765 RPD:0
[CH: 50] LEN: 12 | HEX: F9 77 FE FC F5 72 91 F7 90 58 BB FD | T:193776 RPD:1
[CH: 50] LEN: 12 | HEX: F9 77 FE F9 FE 77 91 FD 58 FF BF 7F | T:193776 RPD:0
[CH: 50] LEN: 12 | HEX: F9 77 FE F8 FE 76 91 FF C5 9E BF FD | T:193788 RPD:1
[CH: 50] LEN: 12 | HEX: F9 77 FE FD FE 73 91 FF 0D 39 B7 7F | T:193799 RPD:1
[CH: 50] LEN: 12 | HEX: F9 77 FE FC FE 72 91 FF 90 58 AF DF | T:193799 RPD:1
[CH: 50] LEN: 12 | HEX: F9 77 DE FD FE 77 91 FF 58 FF BD BF | T:193810 RPD:1
[CH: 50] LEN: 12 | HEX: F1 77 AC F9 FE 7B 91 EF 0D 39 BB FF | T:193811 RPD:0
[CH: 50] LEN: 12 | HEX: F9 77 FE FC FE 72 91 DF 90 58 BF FF | T:193822 RPD:1
[CH: 50] LEN: 12 | HEX: F9 77 DE FA FA 74 91 FF EF 75 BF EF | T:193822 RPD:0
[CH: 50] LEN: 12 | HEX: F9 77 FE F1 FE 77 91 FA 58 FF AF 7E | T:193834 RPD:1
[CH: 50] LEN: 12 | HEX: F9 77 FE F5 FE 70 91 FB BA BB B6 BF | T:193845 RPD:1
[CH: 50] LEN: 12 | HEX: F9 77 FE FD FE 73 91 FF 0D 39 AB BE | T:193845 RPD:0
[CH: 50] LEN: 12 | HEX: F9 77 FE FA FC 74 91 FB EF 7D BE FF | T:193856 RPD:1
[CH: 50] LEN: 12 | HEX: F9 77 FE FC FC 70 91 FF BA BB A5 6B | T:193857 RPD:0
[CH: 50] LEN: 12 | HEX: F9 77 FE FD FC 73 91 FF 0D 39 BD FD | T:193868 RPD:1
[CH: 50] LEN: 12 | HEX: F9 77 FE FA FE 74 91 FF EF FD BD FE | T:193879 RPD:1
[CH: 50] LEN: 12 | HEX: F9 77 FE F9 F4 77 91 FF 58 FF AF FF | T:193880 RPD:0
[CH: 50] LEN: 12 | HEX: F9 77 BB FA FE 70 91 FF BA BB BF FF | T:193891 RPD:1
[CH: 50] LEN: 12 | HEX: F9 77 FE FB FE 75 91 EF 72 1C BF BE | T:193891 RPD:0
[CH: 50] LEN: 12 | HEX: F9 77 FE FA FE 74 91 FF EF 7D BD BD | T:193902 RPD:1
[CH: 50] LEN: 12 | HEX: F9 77 FA F7 FE 79 91 FF 8C 56 BB FF | T:193903 RPD:0
[CH: 50] LEN: 12 | HEX: F9 77 DE FE FE 70 91 FF BA BB BF FF | T:193914 RPD:1
[CH: 50] LEN: 12 | HEX: F9 77 EE FB FE 75 91 FF 72 1C BF F7 | T:193925 RPD:1
[CH: 50] LEN: 12 | HEX: F1 77 FE FA FE 74 91 FF FF 7D AD FF | T:193926 RPD:1
[CH: 50] LEN: 12 | HEX: F1 77 FE F1 FE 77 91 FF 58 FF B7 F7 | T:193937 RPD:1
[CH: 50] LEN: 12 | HEX: F9 77 EE F8 F5 76 91 FF C5 9E B6 BE | T:193937 RPD:0
[CH: 50] LEN: 12 | HEX: F9 77 FE F7 DE 79 91 FA CC 56 BF FF | T:193948 RPD:1
[CH: 50] LEN: 12 | HEX: F9 77 FC F9 FE 73 91 FF 0D 39 BF DF | T:193949 RPD:0
[CH: 50] LEN: 12 | HEX: F9 77 FE FC FE 72 91 FF 90 58 AB FB | T:193960 RPD:1
[CH: 50] LEN: 12 | HEX: F9 77 FE F9 FE 77 91 FF 58 FF BF FB | T:193971 RPD:1
[CH: 50] LEN: 12 | HEX: F9 77 FE F0 FC 76 91 FF C5 9E BF FD | T:193972 RPD:0
[CH: 50] LEN: 12 | HEX: F9 77 FE F9 FE 73 91 FF 0D 39 B7 FF | T:193983 RPD:1
[CH: 50] LEN: 12 | HEX: F9 77 DE FA F6 74 91 FF DF 7D BF BF | T:193983 RPD:0
[CH: 50] LEN: 12 | HEX: F9 77 FE F1 FE 77 91 FF 58 FF BF F5 | T:193994 RPD:1
[CH: 50] LEN: 12 | HEX: F9 77 FE FE FE 70 91 FF BA BB B6 FB | T:194006 RPD:1
[CH: 50] LEN: 12 | HEX: F9 77 DE FD D6 73 91 F7 0D 39 B5 FF | T:194006 RPD:0
[CH: 50] LEN: 12 | HEX: F9 77 FE FA FE 74 91 FF CF 7D BB BF | T:194017 RPD:0
[CH: 50] LEN: 12 | HEX: F9 77 AE F4 FE 70 91 FF BA BB AD DF | T:194025 RPD:1
[CH: 50] LEN: 12 | HEX: F9 77 FE FD FE 73 91 F5 0D 39 AF 6F | T:194028 RPD:1
[CH: 50] LEN: 12 | HEX: F5 77 FE FC FE 72 91 FF 90 58 BF BE | T:194031 RPD:1
[CH: 50] LEN: 12 | HEX: E9 77 54 F3 FE 75 91 FF 72 1C BF FF | T:194042 RPD:1
[CH: 50] LEN: 12 | HEX: F9 77 D6 FA FE 74 91 FF BF 7D BF FD | T:194043 RPD:0
[CH: 50] LEN: 12 | HEX: F9 77 BC F1 F6 77 91 F7 58 FF BF 77 | T:194054 RPD:1
[CH: 50] LEN: 12 | HEX: F1 77 FE F8 FE 76 91 F5 45 9E BF EF | T:194065 RPD:1
[CH: 50] LEN: 12 | HEX: F1 77 FE F7 FE 79 91 FF CC 56 BF F7 | T:194065 RPD:0
[CH: 50] LEN: 12 | HEX: F1 77 D4 FC FE 72 91 EF D0 58 BE FA | T:194077 RPD:1
[CH: 50] LEN: 12 | HEX: F9 77 FE F8 FA 76 91 FF C5 9E BF 7A | T:194077 RPD:0
[CH: 50] LEN: 12 | HEX: F9 77 FE F7 D6 79 91 FF 8C 56 BB F7 | T:194088 RPD:1
[CH: 50] LEN: 12 | HEX: F9 77 D4 FC FA 72 91 EF 90 58 BB FF | T:194089 RPD:0
[CH: 50] LEN: 12 | HEX: F1 77 AC FB EE 75 91 FF 72 1C BE FF | T:194100 RPD:1
[CH: 50] LEN: 12 | HEX: F9 77 FF F8 F6 76 91 FF C5 9E BB D7 | T:194111 RPD:1
[CH: 50] LEN: 12 | HEX: F9 77 FE F7 EE 79 91 F7 8C 56 B7 FF | T:194111 RPD:0
[CH: 50] LEN: 12 | HEX: F9 77 AE F4 FE 72 91 FB B0 58 BB BF | T:194123 RPD:1
[CH: 50] LEN: 12 | HEX: F5 77 BD F9 FE 77 91 FF 58 FF BF F7 | T:194123 RPD:0
[CH: 50] LEN: 12 | HEX: F1 77 FE F0 FE 76 91 FF C5 9E BF F7 | T:194134 RPD:1
[CH: 50] LEN: 12 | HEX: F9 77 DE FD FE 73 91 FF 0D 39 BF EF | T:194135 RPD:0
[CH: 50] LEN: 12 | HEX: F9 77 FE FC FE 72 91 F5 D0 58 BF DD | T:194146 RPD:1
[CH: 50] LEN: 12 | HEX: F9 77 BE F9 F5 77 91 FF 58 FF BF F7 | T:194157 RPD:1
[CH: 50] LEN: 12 | HEX: F9 77 BB F8 FE 76 91 FF C5 9E BF BF | T:194157 RPD:0
[CH: 50] LEN: 12 | HEX: F9 77 FE FD FE 73 91 FF 0D 39 BF FF | T:194169 RPD:1
[CH: 50] LEN: 12 | HEX: F9 77 D6 F9 FE 77 91 F6 58 FF 7F 7B | T:194169 RPD:0
[CH: 50] LEN: 12 | HEX: F9 77 BB F8 FC 76 91 EB A5 9C B7 5F | T:194180 RPD:1
[CH: 50] LEN: 12 | HEX: F9 77 FE FD F4 73 91 FF 0D 39 AB 7F | T:194192 RPD:1
[CH: 50] LEN: 12 | HEX: F9 77 EE FC FC 72 91 FF 90 58 BF FF | T:194192 RPD:0
[CH: 50] LEN: 12 | HEX: F9 77 AA FA FE 74 91 FF DF 7D AF 77 | T:194203 RPD:1
[CH: 50] LEN: 12 | HEX: F9 77 EE FE F4 78 91 FF BA BB 5F BA | T:194203 RPD:0
[CH: 50] LEN: 12 | HEX: F9 77 FE FD FE 73 91 FF 0D 39 BE FF | T:194215 RPD:1
[CH: 50] LEN: 12 | HEX: F9 77 FE FA FE 74 91 FF EF 7D AF FE | T:194215 RPD:0
[CH: 50] LEN: 12 | HEX: F9 77 EE F9 EE 77 91 EB 58 FF AD FD | T:194226 RPD:1
[CH: 50] LEN: 12 | HEX: F9 77 FE FD FE 73 91 FF 0D 39 BF FF | T:194237 RPD:1
[CH: 50] LEN: 12 | HEX: F9 77 FD FC FE 72 91 FB 90 58 AF FF | T:194238 RPD:1
[CH: 50] LEN: 12 | HEX: F9 77 FE FA FE 74 91 FF DF 7D B7 EF | T:194249 RPD:1
[CH: 50] LEN: 12 | HEX: F9 77 FE FC FE 70 91 FF BA BB B7 BA | T:194249 RPD:0
[CH: 50] LEN: 12 | HEX: F9 77 FE FD FE 73 91 FF 0D 39 B7 FF | T:194261 RPD:1
[CH: 50] LEN: 12 | HEX: F9 77 FE FB FE 75 91 FF 72 1C BF F7 | T:194261 RPD:0
[CH: 50] LEN: 12 | HEX: F9 77 7D FA FE 74 91 EF 5F 79 B7 FB | T:194272 RPD:1
[CH: 50] LEN: 12 | HEX: F1 77 FE F7 FE 79 91 EF CC 56 BF FF | T:194283 RPD:1
[CH: 50] LEN: 12 | HEX: F9 77 FE FB F6 70 91 FF BA BB BF DE | T:194284 RPD:0
[CH: 50] LEN: 12 | HEX: F9 77 7E FB FE 75 91 FF 72 1C BE FF | T:194295 RPD:1
[CH: 50] LEN: 12 | HEX: F9 77 FC F7 D5 79 91 EF 8C 56 AA FF | T:194295 RPD:0
[CH: 50] LEN: 12 | HEX: F9 77 FC FE FE 70 91 FF BA BB BB D6 | T:194307 RPD:1
[CH: 50] LEN: 12 | HEX: F1 77 FE FB F4 75 91 FF 72 1C BF EF | T:194318 RPD:1
[CH: 50] LEN: 12 | HEX: F9 77 FE FA FE 74 91 D7 5F 7D BF FE | T:194318 RPD:0
[CH: 50] LEN: 12 | HEX: F5 77 BE F7 FE 79 91 FF 8C 56 B7 FF | T:194329 RPD:1
[CH: 50] LEN: 12 | HEX: F9 77 FD FC EE 72 91 FF 90 58 BF FF | T:194330 RPD:0
[CH: 50] LEN: 12 | HEX: F1 77 DD FB DE 75 91 FF 72 1C BF ED | T:194341 RPD:1
[CH: 50] LEN: 12 | HEX: F9 77 FE F8 FE 76 91 FF C5 9E AF FD | T:194341 RPD:0
[CH: 50] LEN: 12 | HEX: F9 77 FE F7 DC 79 91 FF 8C 56 BF AD | T:194353 RPD:1
[CH: 50] LEN: 12 | HEX: F9 77 FE FC FA 72 91 FF 50 58 B7 EA | T:194364 RPD:1
[CH: 50] LEN: 12 | HEX: F1 77 FE FB FE 75 91 EF 72 1C BB FB | T:194364 RPD:0
[CH: 50] LEN: 12 | HEX: F9 67 FE F8 FE 76 91 FF C5 9E BF FE | T:194375 RPD:1
[CH: 50] LEN: 12 | HEX: F9 77 FE FC FE 72 91 F5 90 58 BF FF | T:194376 RPD:0
[CH: 50] LEN: 12 | HEX: F9 77 FE FB FE 75 91 FF 72 1C BF DB | T:194387 RPD:1
[CH: 50] LEN: 12 | HEX: F9 77 FE F8 FE 76 91 FF C5 9E AB BF | T:194387 RPD:0
[CH: 50] LEN: 12 | HEX: F9 77 F5 F7 FE 79 91 FF 8C 56 BD D7 | T:194399 RPD:1
[CH: 50] LEN: 12 | HEX: F9 77 FE FD FE 73 91 EF 0D 39 BF 7F | T:194410 RPD:1
[CH: 50] LEN: 12 | HEX: F9 77 FE FC FE 72 91 FD 90 58 AF 7F | T:194410 RPD:0
[CH: 50] LEN: 12 | HEX: F9 77 FE F9 FE 77 91 FF 58 FF B6 DF | T:194421 RPD:1
[CH: 50] LEN: 12 | HEX: F9 77 AE FD FE 73 91 EE 8D 39 BF FF | T:194422 RPD:0
[CH: 50] LEN: 12 | HEX: F9 77 FE F4 FC 72 91 FE 90 58 AF 37 | T:194433 RPD:0
[CH: 50] LEN: 12 | HEX: F9 77 FE FA FA 74 91 FF EF 7D BB FF | T:194444 RPD:1
[CH: 50] LEN: 12 | HEX: F9 77 FE F9 FE 77 91 F7 58 FB BF FB | T:194445 RPD:0
[CH: 50] LEN: 12 | HEX: F9 77 FE F8 FE 76 91 FF C5 9E B7 DD | T:194456 RPD:1
[CH: 50] LEN: 12 | HEX: F9 77 AD F7 FE 79 91 FF 8C 56 BF 7F | T:194456 RPD:0
[CH: 50] LEN: 12 | HEX: F9 77 BD FE FE 70 91 FF 7A BB BF 57 | T:194467 RPD:1
[CH: 50] LEN: 12 | HEX: F9 77 BE FB DE 75 91 FF 72 1C BB FE | T:194468 RPD:0
[CH: 50] LEN: 12 | HEX: F9 77 FE FA FE 74 91 FF FF 7D BF AE | T:194479 RPD:1
[CH: 50] LEN: 12 | HEX: F9 77 54 F7 DD 71 91 EF CC 56 BF FF | T:194490 RPD:1
[CH: 50] LEN: 12 | HEX: F9 77 FE FE FE 70 91 F7 3A BB AB F5 | T:194490 RPD:0
[CH: 50] LEN: 12 | HEX: F9 77 D6 F8 FE 72 91 D5 50 58 A7 BD | T:194502 RPD:1
[CH: 50] LEN: 12 | HEX: F9 77 FD F8 F4 76 91 FF A5 9E B7 7F | T:194502 RPD:0
[CH: 50] LEN: 12 | HEX: F9 77 FC F7 FD 79 91 F7 8C 56 BF FF | T:194513 RPD:1
[CH: 50] LEN: 12 | HEX: F1 77 AD F8 F5 72 91 FF 90 58 BF FF | T:194514 RPD:0
[CH: 50] LEN: 12 | HEX: F9 77 EE F3 FE 75 91 FF 72 1E B7 FF | T:194525 RPD:1
[CH: 50] LEN: 12 | HEX: F9 77 FE F8 FE 76 91 FF C5 9E AF 36 | T:194536 RPD:1
[CH: 50] LEN: 12 | HEX: F9 77 FF F7 FD 79 91 FF 8C 56 BF FD | T:194536 RPD:1
[CH: 50] LEN: 12 | HEX: F9 77 FC F8 FE 72 91 FF 90 58 AF 7F | T:194548 RPD:1
[CH: 50] LEN: 12 | HEX: F9 77 FE F9 FE 77 91 FF 58 FF BB FF | T:194548 RPD:0
[CH: 50] LEN: 12 | HEX: F9 77 FE F8 FE 76 91 FF C5 9E BF FF | T:194559 RPD:1
[CH: 50] LEN: 12 | HEX: F9 77 FE F9 FE 73 91 F7 0D 39 BF FF | T:194560 RPD:0
[CH: 50] LEN: 12 | HEX: F9 77 EA F4 FC 7A 91 EA 90 58 BB 77 | T:194571 RPD:1
[CH: 50] LEN: 12 | HEX: F9 77 FC F1 F4 77 91 F7 58 FF BF F5 | T:194582 RPD:1
[CH: 50] LEN: 12 | HEX: F9 77 FE F0 FE 76 91 FF C5 9E BF BE | T:194582 RPD:0
[CH: 50] LEN: 12 | HEX: F9 77 FE F9 FE 73 91 FF 0D 39 B7 DF | T:194594 RPD:1
[CH: 50] LEN: 12 | HEX: F9 77 FE F9 FE 77 91 FF 58 FF BD DF | T:194594 RPD:0
[CH: 50] LEN: 12 | HEX: F9 77 FE F8 FE 76 91 FF C5 9E BF FF | T:194605 RPD:1
[CH: 50] LEN: 12 | HEX: F5 77 DE FD FE 73 91 FF 0D 39 BE EF | T:194617 RPD:1
[CH: 50] LEN: 12 | HEX: F9 77 FE FC FE 72 91 EF 90 58 BF EF | T:194617 RPD:0
[CH: 50] LEN: 12 | HEX: F1 77 FE F9 FE 77 91 F7 58 FF BF EB | T:194628 RPD:1
[CH: 50] LEN: 12 | HEX: F9 77 AD FE FE 70 91 FF BA BB AF DD | T:194628 RPD:0
[CH: 50] LEN: 12 | HEX: F1 77 FE F9 F4 73 D1 FF 0D 39 BD BD | T:194640 RPD:1
[CH: 50] LEN: 12 | HEX: F9 77 FE FA FE 74 91 FB 5F 7F BF FF | T:194640 RPD:0
[CH: 50] LEN: 12 | HEX: F9 77 FE F9 FE 77 91 FF 58 FF BF FE | T:194651 RPD:1
[CH: 50] LEN: 12 | HEX: F9 77 FE FC FE 70 91 FF BA BB B7 FF | T:194663 RPD:1
[CH: 50] LEN: 12 | HEX: F9 77 FE F9 FE 73 91 FF 0D 39 BF DB | T:194663 RPD:0
[CH: 50] LEN: 12 | HEX: F9 77 FE FA FE 74 91 FF DF F9 AF DF | T:194674 RPD:1
[CH: 50] LEN: 12 | HEX: F9 77 FE FE FE 70 91 FB BA BB BF EF | T:194674 RPD:1
[CH: 50] LEN: 12 | HEX: F9 77 FE FD FE 73 D1 ED 0D 39 BB 7D | T:194686 RPD:1
[CH: 50] LEN: 12 | HEX: F9 77 DE F3 FE 75 91 FF 72 1C AF DF | T:194686 RPD:0
[CH: 50] LEN: 12 | HEX: F9 77 FE FA FE 74 91 EF EF 7D BE EF | T:194697 RPD:1
[CH: 50] LEN: 12 | HEX: F9 77 FE F7 54 79 91 FE 8C 56 BF FB | T:194708 RPD:1
[CH: 50] LEN: 12 | HEX: F9 77 EA FE FE 70 91 FF BA BB BF FF | T:194709 RPD:0
[CH: 50] LEN: 12 | HEX: F9 77 FF F3 BC 75 91 FE 72 1C B7 BF | T:194720 RPD:1
[CH: 50] LEN: 12 | HEX: F9 77 FE F7 FE 79 91 EF 8C 56 BF FD | T:194720 RPD:0
[CH: 50] LEN: 12 | HEX: F9 77 FE FE F4 70 91 D6 FA BB B6 FF | T:194732 RPD:1
[CH: 50] LEN: 12 | HEX: F9 77 FE FB FC 75 91 EF 72 1C BD FB | T:194743 RPD:1
[CH: 50] LEN: 12 | HEX: F9 77 FE F2 FC 74 91 FF EF 7D BD FF | T:194743 RPD:1
[CH: 50] LEN: 12 | HEX: F9 77 FE F9 FE 77 91 FF 58 FF BF EF | T:194754 RPD:1
[CH: 50] LEN: 12 | HEX: F1 77 EE F0 FA 76 91 FF C5 9E BF EF | T:194755 RPD:0
[CH: 50] LEN: 12 | HEX: F9 77 FE F7 FD 79 91 FF 0C 56 BD 52 | T:194766 RPD:1
[CH: 50] LEN: 12 | HEX: F1 77 FE FD FE 73 91 FF 0D 39 B7 FF | T:194766 RPD:1
[CH: 50] LEN: 12 | HEX: F9 77 DE FC FE 72 91 F7 90 58 AE FF | T:194778 RPD:1
[CH: 50] LEN: 12 | HEX: F9 77 FD F9 FE 77 91 FF 58 FF BF FF | T:194789 RPD:1
[CH: 50] LEN: 12 | HEX: F9 77 FE F8 F6 76 91 EF 85 9E BE F7 | T:194789 RPD:0
[CH: 50] LEN: 12 | HEX: F9 77 FE FE FE 70 91 EF BA BB BE FB | T:194800 RPD:1
[CH: 50] LEN: 12 | HEX: F9 77 FE FA F4 74 91 FF FF 7D AB FF | T:194801 RPD:0
[CH: 50] LEN: 12 | HEX: F9 77 FE F1 FE 77 91 FF 58 FB BF FF | T:194812 RPD:1
[CH: 50] LEN: 12 | HEX: F1 77 7B FE FD 70 91 FF 7A BB B7 FF | T:194812 RPD:0
[CH: 50] LEN: 12 | HEX: F9 77 FE F9 F5 73 91 FF 0D 39 AF 7B | T:194824 RPD:1
[CH: 50] LEN: 12 | HEX: F1 77 D6 FA FE 74 91 FF DF 7F BE B7 | T:194835 RPD:1
[CH: 50] LEN: 12 | HEX: F9 77 FE F9 FE 77 91 EF 58 FF B6 BF | T:194835 RPD:1
[CH: 50] LEN: 12 | HEX: F9 77 FE FE FE 70 91 FF BA BB BF FF | T:194846 RPD:1
[CH: 50] LEN: 12 | HEX: F9 77 FE FB FE 75 91 FF 72 1C BE AF | T:194847 RPD:0
[CH: 50] LEN: 12 | HEX: F9 77 BE FA FE 74 91 EF BF 75 BF DF | T:194858 RPD:1
[CH: 50] LEN: 12 | HEX: F9 77 FE F7 FE 79 91 FF 8C 56 AF FF | T:194869 RPD:1
[CH: 50] LEN: 12 | HEX: F9 77 BF FC FC 70 91 FF BA BF BF AA | T:194870 RPD:0
[CH: 50] LEN: 12 | HEX: F1 77 FE FB FE 75 91 FF 72 1C BF 57 | T:194881 RPD:1
[CH: 50] LEN: 12 | HEX: F9 77 FE F7 BA 79 91 FF 8C 56 B7 FF | T:194881 RPD:0
[CH: 50] LEN: 12 | HEX: F9 77 FE FE FE 70 91 EB 7A BB BB F7 | T:194892 RPD:1
[CH: 50] LEN: 12 | HEX: F9 77 FE FB FE 75 91 FF 72 1C BF 7E | T:194893 RPD:0
[CH: 50] LEN: 12 | HEX: F9 77 FD FA F4 74 91 F5 BF 79 BD F5 | T:194904 RPD:1
[CH: 50] LEN: 12 | HEX: F9 77 FE F7 FE 79 91 FF 8C 56 BF DF | T:194915 RPD:1
[CH: 50] LEN: 12 | HEX: F9 77 FE FE FE 70 91 FF BA BB AF FF | T:194915 RPD:0
[CH: 50] LEN: 12 | HEX: F9 77 DD FB EE 75 91 FF 72 1C BD FF | T:194927 RPD:1
[CH: 50] LEN: 12 | HEX: F9 77 FE F8 FE 76 91 F7 E5 9E BF EF | T:194927 RPD:0
[CH: 50] LEN: 12 | HEX: F9 77 BF F7 FE 79 91 FF 8C 56 BA FF | T:194938 RPD:1
[CH: 50] LEN: 12 | HEX: F9 77 FF FC FE 72 91 FF 90 58 AF FF | T:194939 RPD:0
[CH: 50] LEN: 12 | HEX: F9 77 BE FB FE 75 91 F7 72 1C BF FF | T:194950 RPD:1
[CH: 50] LEN: 12 | HEX: E9 77 EE F0 FE 76 91 FF C5 9E BD AF | T:194961 RPD:1
[CH: 50] LEN: 12 | HEX: F1 77 FE F7 FE 79 91 FF 8C 56 BF FF | T:194961 RPD:0
[CH: 50] LEN: 12 | HEX: F9 77 BC FC F6 72 91 FF 90 58 BE FF | T:194973 RPD:1
[CH: 50] LEN: 12 | HEX: F1 77 FE F8 FE 76 91 FF C5 9E BF EE | T:194973 RPD:1
[CH: 50] LEN: 12 | HEX: F1 77 FE F7 FE 79 91 FF 8C 56 BB FB | T:194984 RPD:1
[CH: 50] LEN: 12 | HEX: F9 77 FE FD FE 73 91 FF 0D 39 BB FF | T:194985 RPD:0
[CH: 50] LEN: 12 | HEX: F9 77 FE FC F6 72 91 EF 90 58 BF FF | T:194996 RPD:1
[CH: 50] LEN: 12 | HEX: F9 77 FF F9 FE 77 91 FF 58 F7 3F FF | T:195007 RPD:1
[CH: 50] LEN: 12 | HEX: F9 77 FE F8 FE 76 91 FF C5 9E BF FF | T:195007 RPD:0
[CH: 50] LEN: 12 | HEX: F1 77 DE F9 FE 73 91 FF 0D 39 BF FF | T:195019 RPD:1
[CH: 50] LEN: 12 | HEX: F9 77 FE F9 FE 77 91 FF 58 FF BF 5D | T:195019 RPD:0
[CH: 50] LEN: 12 | HEX: F1 77 FF F8 FE 76 91 FF C5 9E AF FD | T:195030 RPD:1
[CH: 50] LEN: 12 | HEX: F9 77 FE F9 FE 73 91 FF 0D 39 AF FF | T:195042 RPD:0
[CH: 50] LEN: 12 | HEX: F9 77 FE FC FE 72 91 FF 90 58 BF D7 | T:195042 RPD:0
[CH: 50] LEN: 12 | HEX: F1 77 FE FA FE 74 91 EF 4F 7D BD FE | T:195053 RPD:1
[CH: 50] LEN: 12 | HEX: F9 77 FE F9 FE 77 91 FF 58 FF AF 4F | T:195053 RPD:0
[CH: 50] LEN: 12 | HEX: F9 77 EE F8 FE 76 91 F6 85 9E BE FF | T:195065 RPD:1
[CH: 50] LEN: 12 | HEX: F9 77 FE F7 FD 79 91 FF 8C 56 BF FF | T:195065 RPD:1
[CH: 50] LEN: 12 | HEX: F1 77 BD FE FA 70 91 FF BA BB BE B7 | T:195076 RPD:1
[CH: 50] LEN: 12 | HEX: F9 77 ED FC FE 72 91 EE 90 58 BD AD | T:195088 RPD:1
[CH: 50] LEN: 12 | HEX: F9 77 D4 FB FE 75 91 FF 72 1C BF 6F | T:195088 RPD:0
[CH: 50] LEN: 12 | HEX: F9 77 FE F8 FE 76 91 FF C5 9E B7 D7 | T:195099 RPD:1
[CH: 50] LEN: 12 | HEX: F1 77 FE FC FA 72 91 EA 90 58 AF F7 | T:195099 RPD:0
[CH: 50] LEN: 12 | HEX: F9 77 FE FB FE 75 91 FF 72 1C BF FF | T:195111 RPD:1
[CH: 50] LEN: 12 | HEX: F9 77 EE F8 FA 76 91 FF C5 9E B5 FE | T:195111 RPD:0
[CH: 50] LEN: 12 | HEX: F1 77 FE F7 FE 79 91 FF 8C 56 BF BF | T:195122 RPD:1
[CH: 50] LEN: 12 | HEX: F9 77 FE FC FE 72 91 FF 90 58 BF FF | T:195134 RPD:1
[CH: 50] LEN: 12 | HEX: F9 77 FE FB FE 75 91 FF 72 1C AF BF | T:195134 RPD:0
[CH: 50] LEN: 12 | HEX: F9 77 FE F8 FE 76 91 FF E5 9F BF F6 | T:195145 RPD:1
[CH: 50] LEN: 12 | HEX: F1 77 FE FD FE 73 91 FF 0D 39 AE BF | T:195145 RPD:0
[CH: 50] LEN: 12 | HEX: F9 77 FD F8 FE 72 91 FF 90 58 AE FD | T:195157 RPD:0
[CH: 50] LEN: 12 | HEX: F1 77 FF 00 00 79 91 FF 05 C2 BE FF | T:195171 RPD:1
[CH: 50] LEN: 12 | HEX: F9 77 FF 00 00 71 91 FF 05 C2 BD 7F | T:195172 RPD:1
[CH: 50] LEN: 12 | HEX: F8 6D FF 00 FE FC 97 FF 68 9E BF DB | T:195202 RPD:1
[CH: 50] LEN: 12 | HEX: F8 6D FF 00 FE FC 97 FE E8 9E AF FF | T:195203 RPD:1
[CH: 50] LEN: 12 | HEX: F9 77 FF 00 00 71 97 FF AF E4 AB FF | T:195471 RPD:1
[CH: 50] LEN: 12 | HEX: F9 77 DE 00 00 71 97 FF AF 64 BE BD | T:195472 RPD:1
[CH: 50] LEN: 12 | HEX: F8 6D FF 00 FE F8 97 FF 68 9E B7 BB | T:195502 RPD:1
[CH: 50] LEN: 12 | HEX: F8 6D EA 80 FE FC 97 7F 68 9E BF 7D | T:195502 RPD:1
[CH: 50] LEN: 12 | HEX: F9 77 FA 80 00 71 97 F6 AF 64 B5 FF | T:195771 RPD:1
[CH: 50] LEN: 12 | HEX: F1 77 FF 00 00 71 97 D5 6E E4 BE FB | T:195772 RPD:1
[CH: 50] LEN: 12 | HEX: F0 6D EA 00 FE F4 97 D6 E8 9C BB DF | T:195801 RPD:1
[CH: 50] LEN: 12 | HEX: F8 6D D5 00 FA FC 97 BE 68 9E BF DB | T:195802 RPD:1
[CH: 50] LEN: 12 | HEX: F9 77 FE 00 00 71 97 AF 6E 64 BF EF | T:196071 RPD:1
[CH: 50] LEN: 12 | HEX: F9 77 FE 80 00 71 97 FD 6F 64 BF FE | T:196071 RPD:1
[CH: 50] LEN: 12 | HEX: F8 6D FF 00 F6 FC 97 FE E8 9E BD 6F | T:196101 RPD:1
[CH: 50] LEN: 12 | HEX: F8 6D FF 80 FE FC 97 FE E8 9E BF FF | T:196102 RPD:1
[CH: 50] LEN: 12 | HEX: F1 77 FC 80 00 71 97 BB AF 64 BF FF | T:196371 RPD:1
[CH: 50] LEN: 12 | HEX: F8 6D FE 00 F5 F6 97 FF 68 9E AF F5 | T:196401 RPD:1
[CH: 50] LEN: 12 | HEX: F0 6D FF 00 FA F4 97 DD 68 9E BD DF | T:196402 RPD:1
[CH: 50] LEN: 12 | HEX: F9 77 FF 00 00 71 97 D5 6F 64 BF FF | T:196670 RPD:1
[CH: 50] LEN: 12 | HEX: F1 77 BE 80 00 71 97 D6 EE 64 BD F7 | T:196671 RPD:1
[CH: 50] LEN: 12 | HEX: F8 6D FF 00 FD FC 97 B5 68 9E BB 5F | T:196701 RPD:1
[CH: 50] LEN: 12 | HEX: F8 6D FE 00 FE FC 97 AF 68 9E BF FD | T:196702 RPD:1
[CH: 50] LEN: 12 | HEX: F9 77 AB 00 00 71 97 FD 2F 64 BD BF | T:196970 RPD:1
[CH: 50] LEN: 12 | HEX: F9 77 F6 00 00 71 97 FF 6F 64 AF EF | T:196971 RPD:1
[CH: 50] LEN: 12 | HEX: F8 6D FE 80 FC FC 97 DD 68 9E B5 DA | T:197001 RPD:1
[CH: 50] LEN: 12 | HEX: F8 6D EF 00 F4 F8 97 FF 68 9E BF DF | T:197001 RPD:1
[CH: 50] LEN: 12 | HEX: F1 77 FE 80 00 71 97 BA AF 64 BF FF | T:197270 RPD:1
[CH: 50] LEN: 12 | HEX: F1 77 DE 00 00 71 97 D5 2F 64 AF FD | T:197271 RPD:1
[CH: 50] LEN: 12 | HEX: F8 6D F5 00 FE FC 97 FF 68 9E BD DE | T:197300 RPD:1
[CH: 50] LEN: 12 | HEX: F8 6D F7 00 FA FC 97 DE E8 9E BF FF | T:197301 RPD:1
[CH: 50] LEN: 12 | HEX: F9 77 BD 00 00 71 97 EB AF 64 AE FF | T:197570 RPD:1
[CH: 50] LEN: 12 | HEX: F1 77 75 00 00 71 97 7F AF 64 BF BF | T:197570 RPD:1
[CH: 50] LEN: 12 | HEX: F8 6D FD 80 FE FC 97 AE 68 9E BB FB | T:197600 RPD:1
[CH: 50] LEN: 12 | HEX: F0 6D FF 00 F4 F4 97 DD 68 9E BF FF | T:197601 RPD:1
[CH: 50] LEN: 12 | HEX: FA 78 FF F4 7C FC 97 EE 80 A1 B7 DF | T:197822 RPD:1
[CH: 50] LEN: 12 | HEX: FA 78 F7 5C 75 EC 97 FD 40 A1 BF FB | T:197822 RPD:1
[CH: 50] LEN: 12 | HEX: F2 73 FF 00 81 FC 97 FF A7 DD BD FD | T:197834 RPD:1
[CH: 50] LEN: 12 | HEX: FA 7B EF 00 81 E8 97 FD 67 FD BD DF | T:197834 RPD:1
[CH: 50] LEN: 12 | HEX: F9 77 FE F4 FE 70 97 7A 10 1D BF FF | T:197856 RPD:1
[CH: 50] LEN: 12 | HEX: F9 77 EE FD F6 73 97 DF 67 9E BF EF | T:197859 RPD:1
[CH: 50] LEN: 12 | HEX: F9 77 BE FB FC 75 97 FE B8 BA BD FD | T:197862 RPD:1
[CH: 50] LEN: 12 | HEX: F9 77 74 F2 FE 74 97 FE C5 DB BA FF | T:197873 RPD:1
[CH: 50] LEN: 12 | HEX: F9 77 FD F1 FE 77 97 BB F2 59 BF 7F | T:197873 RPD:0
[CH: 50] LEN: 12 | HEX: F9 77 EE F8 FE 76 97 FF 6F 38 BE DF | T:197885 RPD:1
[CH: 50] LEN: 12 | HEX: F9 77 DF F7 FE 79 97 D7 26 F0 BF EA | T:197885 RPD:0
[CH: 50] LEN: 12 | HEX: F9 77 FD FE FA 70 97 BE 90 1D BB FD | T:197896 RPD:1
[CH: 50] LEN: 12 | HEX: F9 77 F5 FA FE 74 97 FA C5 DB FB D7 | T:197908 RPD:1
[CH: 50] LEN: 12 | HEX: F1 77 FE F9 EA 77 97 FD 72 59 BF FE | T:197908 RPD:0
[CH: 50] LEN: 12 | HEX: F9 77 FE F4 FA 70 97 AA 10 1D BE BD | T:197919 RPD:1
[CH: 50] LEN: 12 | HEX: F1 77 DC F9 FE 77 97 FF 52 59 BD 6B | T:197919 RPD:0
[CH: 50] LEN: 12 | HEX: F9 77 FE F8 FE 76 97 FE EF 38 BD FE | T:197931 RPD:1
[CH: 50] LEN: 12 | HEX: F9 77 BD F5 FE 73 97 D7 A7 9E F2 FB | T:197942 RPD:0
[CH: 50] LEN: 12 | HEX: F9 77 7D F3 AC 75 97 BA D8 BA BF FF | T:197942 RPD:0
[CH: 50] LEN: 12 | HEX: F9 77 BD FA FE 74 97 ED C5 DB BF FF | T:197954 RPD:1
[CH: 50] LEN: 12 | HEX: F9 77 FE F9 FE 77 97 FF 52 59 BF D5 | T:197954 RPD:0
[CH: 50] LEN: 12 | HEX: F1 77 DD F8 FA 76 97 D6 6E 38 BF 7F | T:197965 RPD:1
[CH: 50] LEN: 12 | HEX: F9 77 FE FE FB 70 97 AE 10 1D BF F6 | T:197965 RPD:0
[CH: 50] LEN: 12 | HEX: F1 77 FE F5 FB 73 97 DA 27 9E BF 7F | T:197977 RPD:1
[CH: 50] LEN: 12 | HEX: F9 77 D6 F2 FE 74 97 BA C5 DB AD FF | T:197988 RPD:1
[CH: 50] LEN: 12 | HEX: F9 77 BB F9 F4 77 97 FD 72 59 BF FD | T:197988 RPD:0
[CH: 50] LEN: 12 | HEX: F9 77 FD FE FA 70 97 FA 10 1D BF BE | T:198000 RPD:1
[CH: 50] LEN: 12 | HEX: F9 77 BD E9 EE 77 97 FD 72 59 AE EF | T:198000 RPD:0
[CH: 50] LEN: 12 | HEX: F9 77 FE F8 FE 76 97 AD EE 38 BE FF | T:198011 RPD:1
[CH: 50] LEN: 12 | HEX: F9 77 FF FD EE 73 97 DD 67 9E BF BF | T:198011 RPD:0
[CH: 50] LEN: 12 | HEX: F1 77 FE FB FE 75 97 D7 D8 BA BF EF | T:198023 RPD:1
[CH: 50] LEN: 12 | HEX: F1 77 BE F8 F4 76 97 FF 6E 38 BF FD | T:198034 RPD:1
[CH: 50] LEN: 12 | HEX: F9 77 BD F7 FE 79 97 FF 26 F0 B7 6F | T:198034 RPD:0
[CH: 50] LEN: 12 | HEX: F9 77 FE FB FE 75 97 AF 98 BA BD FF | T:198045 RPD:1
[CH: 50] LEN: 12 | HEX: F9 77 DE F8 FA 76 97 FE EF 38 BD DF | T:198046 RPD:0
[CH: 50] LEN: 12 | HEX: F1 77 DE F7 FF 79 97 FE A6 F0 AD FE | T:198057 RPD:1
[CH: 50] LEN: 12 | HEX: F1 77 FA F3 FE 75 97 AE D8 BA BF FF | T:198068 RPD:1
[CH: 50] LEN: 12 | HEX: F9 77 FA FA FE 74 97 D7 45 DB BF ED | T:198069 RPD:0
[CH: 50] LEN: 12 | HEX: F9 77 DC F7 FE 79 97 FE A6 F0 B5 B6 | T:198080 RPD:1
[CH: 50] LEN: 12 | HEX: F9 77 DC FA FE 74 97 5D 45 DB BA FF | T:198080 RPD:0
[CH: 50] LEN: 12 | HEX: F9 77 D6 F9 FE 77 97 F7 52 59 BD D7 | T:198091 RPD:1
[CH: 50] LEN: 12 | HEX: F1 77 AD FA FA 70 97 FE 90 1D BF BD | T:198092 RPD:0
[CH: 50] LEN: 12 | HEX: F9 77 FE FD FE 73 97 BF 67 9F 3F BB | T:198103 RPD:1
[CH: 50] LEN: 12 | HEX: F9 77 D6 F9 FA 77 97 FF 52 59 AF FF | T:198114 RPD:1
[CH: 50] LEN: 12 | HEX: F9 77 FE F8 FE 76 97 F7 6F 38 BF 7F | T:198115 RPD:0
[CH: 50] LEN: 12 | HEX: F1 77 F9 FE F4 70 97 FD 90 1D BF FF | T:198126 RPD:1
[CH: 50] LEN: 12 | HEX: F9 77 FE F9 FE 77 97 FF 52 59 BF F7 | T:198126 RPD:0
[CH: 50] LEN: 12 | HEX: F9 77 FE F8 FA 76 97 FF 6F 38 BD BF | T:198137 RPD:1
[CH: 50] LEN: 12 | HEX: F1 77 DE FD FE 73 97 FE E7 9E BF FF | T:198138 RPD:0
[CH: 50] LEN: 12 | HEX: F1 77 DE FB FD 75 97 AE 98 BA BB F7 | T:198149 RPD:1
[CH: 50] LEN: 12 | HEX: F9 77 FA F8 FC 76 97 BD EF 38 BB DE | T:198160 RPD:1
[CH: 50] LEN: 12 | HEX: F1 77 FE F7 FE 79 97 AF 26 F0 B6 FF | T:198161 RPD:1
[CH: 50] LEN: 12 | HEX: F1 77 DB FB DE 75 97 FF 58 BA BC FF | T:198172 RPD:1
[CH: 50] LEN: 12 | HEX: F1 77 FE F8 FA 76 97 DF 6F 38 B5 FF | T:198172 RPD:0
[CH: 50] LEN: 12 | HEX: F9 77 DE F7 D6 79 97 FF 26 F0 BF 7F | T:198183 RPD:1
[CH: 50] LEN: 12 | HEX: F1 77 FE F3 FE 75 97 D6 98 BA BD D7 | T:198195 RPD:1
[CH: 50] LEN: 12 | HEX: F1 77 AE F2 FE 7C 97 FD 45 DB BF FF | T:198195 RPD:0
[CH: 50] LEN: 12 | HEX: F9 77 FE F7 FE 71 97 AE A6 E0 B5 7A | T:198206 RPD:1
[CH: 50] LEN: 12 | HEX: F1 77 79 FA FA 74 97 FF C5 DB BD B7 | T:198207 RPD:0
[CH: 50] LEN: 12 | HEX: F1 77 D6 F1 FE 77 97 FE A2 59 BF DF | T:198218 RPD:1
[CH: 50] LEN: 12 | HEX: F1 77 FD FE FC 70 97 FE 10 1D BF 7F | T:198218 RPD:0
[CH: 50] LEN: 12 | HEX: F9 77 FE FD F5 73 97 BD 27 9E B6 FB | T:198229 RPD:1
[CH: 50] LEN: 12 | HEX: F9 77 DD F9 FC 77 97 DD 72 59 AF 7B | T:198241 RPD:1
[CH: 50] LEN: 12 | HEX: F9 77 FE F0 FE 76 97 DD 6F 38 BF EB | T:198241 RPD:0
[CH: 50] LEN: 12 | HEX: D5 77 DA ED FE 73 97 7D 67 9E B5 CA | T:198252 RPD:1
[CH: 50] LEN: 12 | HEX: F9 77 FE F9 FE 77 97 D7 F2 59 BF FF | T:198252 RPD:0
[CH: 50] LEN: 12 | HEX: F9 77 FB F0 FA 76 97 BA EE 3C BF F4 | T:198264 RPD:1
[CH: 50] LEN: 12 | HEX: F1 77 DF FD FE 73 97 EF A7 9F BB FF | T:198264 RPD:0
[CH: 50] LEN: 12 | HEX: F9 77 BA FB EE 75 97 FD 58 BA BF EF | T:198275 RPD:1
[CH: 50] LEN: 12 | HEX: F1 77 DE F8 EA 76 97 FF 6F 3A BD FF | T:198287 RPD:1
[CH: 50] LEN: 12 | HEX: E9 77 7A F7 BE 79 97 FF A6 F0 BE BF | T:198287 RPD:0
[CH: 50] LEN: 12 | HEX: F1 77 FC F3 D4 75 97 BD 58 BA AF FE | T:198298 RPD:1
[CH: 50] LEN: 12 | HEX: F9 7F FD F7 AE 79 97 FE 26 F0 B5 7D | T:198298 RPD:1
[CH: 50] LEN: 12 | HEX: F1 77 AA FE FD 70 97 DE 10 1D BC FF | T:198310 RPD:1
[CH: 50] LEN: 12 | HEX: F9 77 FE FA F6 74 97 FF 45 DB BB BD | T:198310 RPD:0
[CH: 50] LEN: 12 | HEX: F9 7F FA F9 FE 77 97 D6 B2 59 BF FF | T:198321 RPD:1
[CH: 50] LEN: 12 | HEX: F1 77 FA F7 FD 79 97 DD A6 F0 BB FE | T:198333 RPD:1
[CH: 50] LEN: 12 | HEX: F9 77 FE FE FE 70 97 E5 10 1D BE FF | T:198333 RPD:0
[CH: 50] LEN: 12 | HEX: F9 77 EA FA FE 74 97 FF 45 DB BF FF | T:198344 RPD:1
[CH: 50] LEN: 12 | HEX: F9 77 D6 FC FE 70 97 FE 90 1D AF FB | T:198344 RPD:0
[CH: 50] LEN: 12 | HEX: F9 77 FD FD FE 73 97 DD 67 9F 3F BD | T:198356 RPD:1
[CH: 50] LEN: 12 | HEX: F9 77 D4 F9 FE 77 97 FF 4A 59 BF EF | T:198367 RPD:1
[CH: 50] LEN: 12 | HEX: E9 77 5C F8 F6 76 97 BD 6F 38 BF FF | T:198367 RPD:0
[CH: 50] LEN: 12 | HEX: F9 77 FB FD FE 73 97 FF 67 1F BB FE | T:198379 RPD:1
[CH: 50] LEN: 12 | HEX: F9 77 FD F1 FE 77 97 BD 52 59 AE FF | T:198379 RPD:0
[CH: 50] LEN: 12 | HEX: F1 77 AB F8 FB 76 97 FF EF 38 AF B5 | T:198390 RPD:1
[CH: 50] LEN: 12 | HEX: F1 77 AC FD FE 73 97 D7 67 1F 39 EE | T:198390 RPD:0
[CH: 50] LEN: 12 | HEX: F1 77 DC FB FD 75 97 DD 58 BA BF FF | T:198402 RPD:1
[CH: 50] LEN: 12 | HEX: F1 77 EA F0 FE 76 97 FA EF 38 BF FF | T:198413 RPD:1
[CH: 50] LEN: 12 | HEX: F9 77 D4 F7 FE 79 97 FE A6 F0 BF FF | T:198413 RPD:0
[CH: 50] LEN: 12 | HEX: F9 77 D6 FB FE 75 97 FD 58 BA BF FF | T:198425 RPD:1
[CH: 50] LEN: 12 | HEX: F1 77 F4 F7 FE 79 97 FF 26 F0 BD DD | T:198425 RPD:0
[CH: 50] LEN: 12 | HEX: F9 77 FE FE FE 70 97 FF 10 1D BF FF | T:198436 RPD:1
[CH: 50] LEN: 12 | HEX: F9 77 EA FA F6 74 97 D7 45 DB BF FF | T:198436 RPD:1
[CH: 50] LEN: 12 | HEX: F9 77 DC F9 F7 77 97 FF 5A 59 BD D0 | T:198448 RPD:1
[CH: 50] LEN: 12 | HEX: F9 77 DD FE FE 70 97 FD 90 1D BA F7 | T:198459 RPD:1
[CH: 50] LEN: 12 | HEX: F9 77 FE F9 FB 73 97 FF A7 9E B5 FF | T:198459 RPD:0
[CH: 50] LEN: 12 | HEX: F9 77 AA FA F4 74 97 EE C5 DB BD FF | T:198471 RPD:1
[CH: 50] LEN: 12 | HEX: F9 77 DC FE FE 70 97 FF 10 1D BE FE | T:198471 RPD:0
[CH: 50] LEN: 12 | HEX: F1 77 FD F9 FE 73 97 BF A7 9E BF B5 | T:198482 RPD:0
[CH: 50] LEN: 12 | HEX: E9 77 AC FA FE 74 97 D7 45 DB B7 DF | T:198493 RPD:1
[CH: 50] LEN: 12 | HEX: F1 77 DD F9 F4 77 97 ED 52 59 AF DB | T:198494 RPD:0
[CH: 50] LEN: 12 | HEX: F9 77 FE F4 FF 76 97 BA 6E 38 BF 7B | T:198505 RPD:1
[CH: 50] LEN: 12 | HEX: F9 77 EE F7 FE 79 97 FF 26 F0 BE FF | T:198505 RPD:0
[CH: 50] LEN: 12 | HEX: F9 77 D6 FE FE 70 97 EF 10 1D AD DB | T:198516 RPD:1
[CH: 50] LEN: 12 | HEX: F9 77 D6 F2 F9 74 97 D6 45 DB FF FE | T:198517 RPD:0
[CH: 50] LEN: 12 | HEX: F9 77 5E F9 EE 77 97 FE B2 59 AF FD | T:198528 RPD:1
[CH: 50] LEN: 12 | HEX: F9 77 FE FE FE 70 97 D6 10 1D BF BD | T:198539 RPD:1
[CH: 50] LEN: 12 | HEX: F9 77 FE FD FE 73 97 EF A7 9F BF DF | T:198540 RPD:0
[CH: 50] LEN: 12 | HEX: F9 77 D4 F9 FE 77 97 FE A2 59 AE DD | T:198551 RPD:1
[CH: 50] LEN: 12 | HEX: F9 77 BD FE FE 70 97 FF 10 1D AE FF | T:198551 RPD:0
[CH: 50] LEN: 12 | HEX: F1 77 FC FD FE 73 97 FF 67 9F 3D FB | T:198562 RPD:0
[CH: 50] LEN: 12 | HEX: F9 77 FF F2 F4 74 97 D6 C5 DB FE DE | T:198566 RPD:1
[CH: 50] LEN: 12 | HEX: F9 77 DE F9 FA 77 97 FF 52 59 B7 FF | T:198578 RPD:1
[CH: 50] LEN: 12 | HEX: F9 77 BE F0 FE 76 97 FF 6F 38 BB FF | T:198578 RPD:0
[CH: 50] LEN: 12 | HEX: F9 77 AD F7 D5 79 97 FF 26 F0 BF 5F | T:198589 RPD:1
[CH: 50] LEN: 12 | HEX: F1 77 BE F4 F4 70 97 FE 90 1D BA FC | T:198589 RPD:0
[CH: 50] LEN: 12 | HEX: F9 77 EA FD FE 73 97 FF A7 9F BD F5 | T:198601 RPD:0
[CH: 50] LEN: 12 | HEX: F9 77 FE FA FE 74 97 FD C5 FB B7 5F | T:198612 RPD:1
[CH: 50] LEN: 12 | HEX: F9 77 FC F9 FE 77 17 AF F2 59 BF FA | T:198612 RPD:0
[CH: 50] LEN: 12 | HEX: F9 77 FE F0 EA 76 97 BA EF 38 BF 55 | T:198624 RPD:1
[CH: 50] LEN: 12 | HEX: F9 77 DE F7 FE 79 97 FA A6 F0 AF 5F | T:198624 RPD:0
[CH: 50] LEN: 12 | HEX: F9 77 DC FB FB 70 97 BA 10 1D B7 AB | T:198635 RPD:1
[CH: 50] LEN: 12 | HEX: F9 77 FD F2 FE 74 97 FD 45 DB BF FF | T:198635 RPD:0
[CH: 50] LEN: 12 | HEX: F9 77 FC F1 FE 77 97 DE B2 59 AD FF | T:198647 RPD:1
[CH: 50] LEN: 12 | HEX: F9 77 F4 F4 FE 70 97 FE 90 1D BA D7 | T:198658 RPD:1
[CH: 50] LEN: 12 | HEX: F9 77 DE F5 FE 73 97 D5 27 1F BF FF | T:198658 RPD:0
[CH: 50] LEN: 12 | HEX: F1 77 FC F9 FE 77 97 DA B2 59 BB BF | T:198670 RPD:1
[CH: 50] LEN: 12 | HEX: F1 77 FE FD FE 73 97 EE A7 9F BF EF | T:198670 RPD:0
[CH: 50] LEN: 12 | HEX: F9 77 F4 FB FE 75 97 FE 98 BA AF EA | T:198681 RPD:1
[CH: 50] LEN: 12 | HEX: F9 77 BC F1 FD 77 97 FD 72 59 B7 9A | T:198692 RPD:1
[CH: 50] LEN: 12 | HEX: F9 77 FE F8 FE 76 97 B4 EF 38 AA FF | T:198693 RPD:0
[CH: 50] LEN: 12 | HEX: F9 77 DE F5 EA 73 97 D6 E7 9F BF DF | T:198704 RPD:1
[CH: 50] LEN: 12 | HEX: F9 77 FE F7 DE 71 97 FE A6 F0 AF DF | T:198704 RPD:0
[CH: 50] LEN: 12 | HEX: F9 77 FD F6 FA 70 97 FD 90 1D AF FB | T:198716 RPD:1
[CH: 50] LEN: 12 | HEX: F9 77 DD FB FE 75 97 FD 58 BA BF FF | T:198716 RPD:0
[CH: 50] LEN: 12 | HEX: F9 77 FE FA FE 74 97 FF 45 DB AD BF | T:198727 RPD:1
[CH: 50] LEN: 12 | HEX: F9 77 AC E7 FB 71 97 5F 26 F0 BD BF | T:198738 RPD:1
[CH: 50] LEN: 12 | HEX: F9 77 FF FE FB 70 97 AA 90 1D BF BF | T:198739 RPD:0
[CH: 50] LEN: 12 | HEX: F1 77 DE FA F4 74 97 FF 45 DB BF 7F | T:198750 RPD:1
[CH: 50] LEN: 12 | HEX: F9 77 FF F7 F4 79 97 FD A6 F0 BF FF | T:198750 RPD:0
[CH: 50] LEN: 12 | HEX: F9 77 7D FE F4 70 97 D6 10 1D BE BF | T:198762 RPD:1
[CH: 50] LEN: 12 | HEX: F9 77 FE FA F5 74 97 DE C5 DB BE B5 | T:198762 RPD:0
[CH: 50] LEN: 12 | HEX: F9 77 FE F1 FE 77 97 FE F2 59 BE DF | T:198773 RPD:1
[CH: 50] LEN: 12 | HEX: F9 77 FB FE FA 70 97 FE 10 1D BF F5 | T:198784 RPD:1
[CH: 50] LEN: 12 | HEX: F9 77 FF F5 EE 73 97 FD 67 9F 3F BF | T:198785 RPD:0
[CH: 50] LEN: 12 | HEX: F9 77 FE F9 FE 77 97 FF 52 59 BF FB | T:198796 RPD:1
[CH: 50] LEN: 12 | HEX: F9 77 FE F5 FE 73 97 FF 67 9F 3F FB | T:198796 RPD:0
[CH: 50] LEN: 12 | HEX: F9 77 DC FB F6 75 97 FD 58 BA BD FF | T:198807 RPD:1
[CH: 50] LEN: 12 | HEX: F9 77 EE F8 FE 76 97 EB 6F 38 BF FF | T:198819 RPD:1
[CH: 50] LEN: 12 | HEX: F9 77 FF F7 FE 79 97 EF 26 F0 B3 DF | T:198819 RPD:0
[CH: 50] LEN: 12 | HEX: F9 77 FD F9 FA 73 97 BF E7 9E EC DB | T:198830 RPD:1
[CH: 50] LEN: 12 | HEX: F9 77 D4 F8 F6 76 97 FD EE 38 B7 FF | T:198831 RPD:0
[CH: 50] LEN: 12 | HEX: F9 77 FF F7 FB 79 97 BC A6 F0 BA FB | T:198842 RPD:1
[CH: 50] LEN: 12 | HEX: F9 77 FE FB EA 75 97 FE 98 BA BF FD | T:198842 RPD:0
[CH: 50] LEN: 12 | HEX: F9 77 FD FA FE 74 97 FD C5 DB B9 FF | T:198853 RPD:1
[CH: 50] LEN: 12 | HEX: F9 77 FE F7 FE 79 97 FF 26 F0 AB FF | T:198865 RPD:1
[CH: 50] LEN: 12 | HEX: F9 77 DD F5 FE 70 97 FE 90 1D BF BF | T:198865 RPD:1
[CH: 50] LEN: 12 | HEX: E9 77 7F FA FC 74 97 FE C5 DB FF FD | T:198876 RPD:1
[CH: 50] LEN: 12 | HEX: F9 77 AC F7 BD 79 97 D5 26 F0 BF FF | T:198877 RPD:0
[CH: 50] LEN: 12 | HEX: F1 77 FD FD FE 70 97 FE 90 1D BF F7 | T:198888 RPD:1
[CH: 50] LEN: 12 | HEX: F1 77 DE F2 FA 74 97 FF 45 DB BD F7 | T:198888 RPD:0
[CH: 50] LEN: 12 | HEX: E9 77 7B F9 DC 77 17 AD 52 59 BA DF | T:198899 RPD:1
[CH: 50] LEN: 12 | HEX: F9 77 FD FA FA 70 97 AB 10 1D B7 5C | T:198911 RPD:1
[CH: 50] LEN: 12 | HEX: F9 77 BA FD EE 73 97 FF A7 9E BB FF | T:198911 RPD:0
[CH: 50] LEN: 12 | HEX: F9 77 D6 F9 FE 77 97 FF DA 59 BF FE | T:198922 RPD:1
[CH: 50] LEN: 12 | HEX: F9 77 D4 F5 FE 73 97 FD 67 9F BE F7 | T:198923 RPD:0
[CH: 50] LEN: 12 | HEX: F9 77 FE F3 FE 75 97 EB D8 BA BE FB | T:198934 RPD:0
[CH: 50] LEN: 12 | HEX: F9 77 DE F2 FA 74 97 57 45 DB BF EF | T:198945 RPD:1
[CH: 50] LEN: 12 | HEX: F1 77 FC F9 FE 77 97 FD 72 59 BF FD | T:198945 RPD:0
[CH: 50] LEN: 12 | HEX: F9 77 FE F8 FE 76 97 AE EF 38 BD F6 | T:198957 RPD:1
[CH: 50] LEN: 12 | HEX: F1 77 FE FE FE 70 97 FF 10 1D BE FE | T:198957 RPD:0
[CH: 50] LEN: 12 | HEX: F9 77 FE FD FE 7B 97 DE E7 9F BF FF | T:198968 RPD:0
[CH: 50] LEN: 12 | HEX: F9 77 FE F2 F6 74 97 FD 45 DB BB 7F | T:198974 RPD:1
[CH: 50] LEN: 12 | HEX: F9 77 DD FD FE 77 97 FD 72 59 BD BF | T:198977 RPD:1
[CH: 50] LEN: 12 | HEX: F9 77 FE F8 FC 76 97 FE EF 38 BD FE | T:198988 RPD:1
[CH: 50] LEN: 12 | HEX: F9 77 FE F7 EE 79 97 FE A6 F0 BF BD | T:198989 RPD:0
[CH: 50] LEN: 12 | HEX: F9 77 FA FE FE 70 97 FF 10 1D B7 FA | T:199000 RPD:1
[CH: 50] LEN: 12 | HEX: F9 77 FE FD FE 73 97 FF 67 9E BB FF | T:199011 RPD:1
[CH: 50] LEN: 12 | HEX: F9 77 FE FB F5 75 97 DF 58 BA AF FB | T:199011 RPD:0
[CH: 50] LEN: 12 | HEX: F9 77 FE F8 F4 76 97 EF 6F 38 BF AF | T:199023 RPD:1
[CH: 50] LEN: 12 | HEX: E9 77 AA FB FE 75 97 AD 58 BA BD FF | T:199023 RPD:0
[CH: 50] LEN: 12 | HEX: F9 77 EE FA FE 74 97 FA C5 DB BD DE | T:199034 RPD:1
[CH: 50] LEN: 12 | HEX: F9 77 FF F7 FB 79 97 FD 26 F0 BF BF | T:199035 RPD:0
[CH: 50] LEN: 12 | HEX: F9 77 5A FE F5 70 97 BE 90 1F B3 FD | T:199046 RPD:1
[CH: 50] LEN: 12 | HEX: F9 77 FD F2 F4 74 97 BD 45 DB BB FB | T:199057 RPD:1
[CH: 50] LEN: 12 | HEX: E9 77 AC F1 FE 77 97 BA F2 59 AD 7F | T:199057 RPD:0
[CH: 50] LEN: 12 | HEX: F1 77 FE F4 AA 70 97 FD 90 1D BF DF | T:199069 RPD:1
[CH: 50] LEN: 12 | HEX: F1 77 5E FA FC 74 97 FE C5 DB BF BF | T:199069 RPD:0
[CH: 50] LEN: 12 | HEX: F1 77 DF F9 D4 77 97 D6 B2 59 BF DA | T:199080 RPD:1
[CH: 50] LEN: 12 | HEX: F9 77 FE FE FE 70 97 FF 10 1D BB 6F | T:199081 RPD:0
[CH: 50] LEN: 12 | HEX: F9 77 FE FD FE 73 97 FF 67 9F BD FD | T:199092 RPD:1
[CH: 50] LEN: 12 | HEX: F9 77 FA E9 FF 77 17 FE A2 59 BB 7B | T:199103 RPD:1
[CH: 50] LEN: 12 | HEX: F9 77 EA F8 F5 76 97 F5 6F 38 BF EE | T:199103 RPD:0
[CH: 50] LEN: 12 | HEX: F9 77 FE FD FE 73 97 FD 67 9F 3B FF | T:199115 RPD:1
[CH: 50] LEN: 12 | HEX: F9 77 D6 F7 FD 79 97 DE A6 F0 BF FB | T:199115 RPD:0
[CH: 50] LEN: 12 | HEX: F9 77 FD FE EA 70 97 FF 10 1D BF FB | T:199126 RPD:1
[CH: 50] LEN: 12 | HEX: F9 77 EA FB FE 75 97 FF D8 BA BF FE | T:199138 RPD:1
[CH: 50] LEN: 12 | HEX: F9 77 FD FA FE 74 97 AD 45 DB B6 D7 | T:199138 RPD:0
[CH: 50] LEN: 12 | HEX: F1 77 FE F8 F6 76 97 AD EF 38 BB FA | T:199149 RPD:1
[CH: 50] LEN: 12 | HEX: F9 77 D4 FA FE 74 97 FF C5 DB BE FF | T:199149 RPD:0
[CH: 50] LEN: 12 | HEX: F9 77 D6 F9 FE 77 D7 FA B2 59 BF 76 | T:199161 RPD:1
[CH: 50] LEN: 12 | HEX: F9 77 D6 F7 D4 79 97 AE 26 E0 B7 FE | T:199161 RPD:0
[CH: 50] LEN: 12 | HEX: F9 77 BD FE FE 70 97 BF 10 1D BF DA | T:199172 RPD:1
[CH: 50] LEN: 12 | HEX: F9 77 EE F2 F6 74 97 D7 45 DB BB F7 | T:199184 RPD:1
[CH: 50] LEN: 12 | HEX: F9 77 BC F1 ED 77 16 D5 72 59 B5 EF | T:199184 RPD:0
[CH: 50] LEN: 12 | HEX: F9 77 FC FE FE 70 97 FE 90 1D BF BF | T:199195 RPD:0
[CH: 50] LEN: 12 | HEX: F9 77 DE F9 FE 77 97 FE F2 59 BF DF | T:199195 RPD:0
[CH: 50] LEN: 12 | HEX: F9 77 FE F7 FE 79 97 FF 26 F0 BF 7F | T:199207 RPD:1
[CH: 50] LEN: 12 | HEX: F9 77 FE FE FE 70 97 FE 90 1D BE FE | T:199207 RPD:0
[CH: 50] LEN: 12 | HEX: F1 77 FE FD FE 73 97 FE A7 9F BE FD | T:199218 RPD:1
[CH: 50] LEN: 12 | HEX: F9 77 DE F9 FE 77 97 EB F2 59 BB DE | T:199230 RPD:0
[CH: 50] LEN: 12 | HEX: F9 77 FE F8 FE 76 97 FE 6F 38 BF F7 | T:199230 RPD:0
[CH: 50] LEN: 12 | HEX: F9 77 D4 F9 FF 73 97 FD 67 9F BD FE | T:199241 RPD:0
[CH: 50] LEN: 12 | HEX: F1 77 FC F2 FE 74 97 7D C5 DB BF F4 | T:199243 RPD:0
[CH: 50] LEN: 12 | HEX: F9 77 7E F1 D2 77 97 DD 72 59 BD BD | T:199254 RPD:0
[CH: 50] LEN: 12 | HEX: F9 77 DE F8 FE 76 97 F5 6D B0 AF FF | T:199254 RPD:0
[CH: 50] LEN: 12 | HEX: F9 77 7C F7 AA 75 97 FB 26 C8 B7 FF | T:199266 RPD:0
[CH: 50] LEN: 12 | HEX: F9 77 FE FE F5 70 97 FF 10 1D BB FE | T:199277 RPD:0
[CH: 50] LEN: 12 | HEX: F9 77 FD FB FE 73 97 FA A7 9E B7 FD | T:199277 RPD:0
[CH: 50] LEN: 12 | HEX: F9 77 FF F9 ED 77 97 FE B2 59 BF FF | T:199289 RPD:0
[CH: 50] LEN: 12 | HEX: F9 7F FE FA FE 70 97 D7 10 1F B5 FF | T:199293 RPD:0
[CH: 50] LEN: 12 | HEX: F9 77 D6 FD EE 73 97 BB 27 9F A5 FF | T:199296 RPD:0
[CH: 50] LEN: 12 | HEX: FD 77 FD F7 EE 75 97 FF 98 BA B7 EF | T:199307 RPD:0
[CH: 50] LEN: 12 | HEX: F9 77 FE F1 F4 77 17 AF F2 59 BF FF | T:199307 RPD:0
[CH: 50] LEN: 12 | HEX: F9 77 EA FC F6 76 97 FD 6E BC BF B7 | T:199319 RPD:0
[CH: 50] LEN: 12 | HEX: F5 77 D4 05 6A 00 01 1F 00 50 1F 6E | T:199330 RPD:0
[CH: 50] LEN: 12 | HEX: F9 77 DD FD FE 73 97 EF E7 9F BF 7F | T:199330 RPD:0
[CH: 50] LEN: 12 | HEX: F9 77 FE FB D4 75 97 AD 58 BA BF 7B | T:199342 RPD:0
[CH: 50] LEN: 12 | HEX: F9 77 EA F7 5A 75 97 79 26 F0 B7 FD | T:199342 RPD:0
[CH: 50] LEN: 12 | HEX: F9 77 FE FE FE 68 97 BD 10 1B BF F7 | T:199353 RPD:0
[CH: 50] LEN: 12 | HEX: F9 77 5E EA EA 74 97 7E 45 DB BB 7F | T:199353 RPD:0
[CH: 50] LEN: 12 | HEX: F9 77 FE F9 F6 77 97 FE D2 59 B6 FF | T:199365 RPD:0
[CH: 50] LEN: 12 | HEX: F5 77 FE FE FA 70 97 F7 10 1D B7 EE | T:199376 RPD:0
[CH: 50] LEN: 12 | HEX: F9 77 FE FF EE 73 97 7E A7 DE BF EF | T:199376 RPD:0
[CH: 50] LEN: 12 | HEX: F9 77 DE F9 F6 77 97 D7 72 59 BB EF | T:199388 RPD:0
[CH: 50] LEN: 12 | HEX: F9 74 5E F4 F4 78 97 FB 10 1D AB AA | T:199388 RPD:0
[CH: 50] LEN: 12 | HEX: F9 76 B6 FB 7D 75 97 DB D8 B2 BF FE | T:199399 RPD:0
[CH: 50] LEN: 12 | HEX: F9 77 FE D5 FE 77 57 FD FA 59 BF F7 | T:199399 RPD:0
[CH: 50] LEN: 12 | HEX: F9 77 FE F7 DE 79 97 EF 26 F0 BF 7B | T:199411 RPD:0
[CH: 50] LEN: 12 | HEX: F9 77 FD FD FC 73 97 DF 27 1F BA FB | T:199422 RPD:0
[CH: 50] LEN: 12 | HEX: F9 77 BB FA FE 74 97 FA 45 DB AE DF | T:199422 RPD:0
[CH: 50] LEN: 12 | HEX: F1 77 7A F0 FE 76 97 FD EE 38 BF FD | T:199433 RPD:0
[CH: 50] LEN: 12 | HEX: F9 77 FA EB FE 75 97 6D 58 BA BF FF | T:199434 RPD:0
[CH: 50] LEN: 12 | HEX: E9 77 B4 FA FA 74 96 AF 45 9B 7D EE | T:199445 RPD:0
[CH: 50] LEN: 12 | HEX: F1 77 FF F6 EA 70 97 FA 10 1D BD FF | T:199456 RPD:0
[CH: 50] LEN: 12 | HEX: F9 77 FE FD FE 73 97 BF 27 9F 3E FF | T:199457 RPD:0
[CH: 50] LEN: 12 | HEX: F1 77 FE FB FF 75 97 FD 58 BA A9 FF | T:199468 RPD:0
[CH: 50] LEN: 12 | HEX: F1 77 FD F7 FE 79 97 FE A6 F0 AB 7A | T:199468 RPD:0
[CH: 50] LEN: 12 | HEX: F9 77 EA F4 FE 70 97 FE 90 1D BF F7 | T:199479 RPD:0
[CH: 50] LEN: 12 | HEX: F9 77 74 FA FE 64 97 BF 45 DB BE AE | T:199480 RPD:0
[CH: 50] LEN: 12 | HEX: F1 77 FE F9 FA 77 97 7D 5A 59 BD FF | T:199491 RPD:0
[CH: 50] LEN: 12 | HEX: F9 77 FA FE FD 70 97 FF 90 1D AE FF | T:199502 RPD:0
[CH: 50] LEN: 12 | HEX: F9 77 FE FD FE 73 97 FE E7 9E FF 7B | T:199503 RPD:0
[CH: 50] LEN: 12 | HEX: F9 77 B5 F1 FE 77 97 FF 52 59 BA FB | T:199514 RPD:0
[CH: 50] LEN: 12 | HEX: F9 6F D6 EA F6 70 97 FD 10 1D BD FF | T:199514 RPD:0
[CH: 50] LEN: 12 | HEX: E9 77 FF F7 F6 73 97 DD 27 1F BF 6A | T:199525 RPD:0
[CH: 50] LEN: 12 | HEX: F9 77 F5 F9 F5 77 97 DF F2 59 BF DF | T:199526 RPD:0
[CH: 50] LEN: 12 | HEX: F9 77 EE F8 F5 76 97 FE 6F 38 BE FF | T:199537 RPD:0
[CH: 50] LEN: 12 | HEX: F9 77 DD F9 F5 73 97 6D 27 9F BE FF | T:199548 RPD:0
[CH: 50] LEN: 12 | HEX: F9 77 79 F3 D5 75 97 FC B8 BA AF DE | T:199549 RPD:0
[CH: 50] LEN: 12 | HEX: F5 77 BD F8 FC 76 97 BB 6F 38 BF FD | T:199560 RPD:0
[CH: 50] LEN: 12 | HEX: F9 77 FD FB F4 75 97 FE 98 BA B7 DF | T:199560 RPD:0
[CH: 50] LEN: 12 | HEX: F9 77 FB FA FE 74 97 FF C5 DB B7 FF | T:199571 RPD:0
[CH: 50] LEN: 12 | HEX: F9 77 BE F7 FD 79 97 AE A6 E0 BF BF | T:199583 RPD:0
[CH: 50] LEN: 12 | HEX: F1 77 FD EC FE 70 97 FE 90 1D BA FB | T:199583 RPD:0
[CH: 50] LEN: 12 | HEX: F9 77 7D F2 FE 74 97 BE 45 FB BF D7 | T:199594 RPD:1
[CH: 50] LEN: 12 | HEX: F9 77 DD F7 F6 79 97 FE A6 F0 AF FD | T:199595 RPD:0
[CH: 50] LEN: 12 | HEX: F9 77 EA FE FE 70 97 DD 90 1D BB FD | T:199606 RPD:1
[CH: 50] LEN: 12 | HEX: F9 77 DC FA FE 74 97 EE C5 DB BF FF | T:199606 RPD:0
[CH: 50] LEN: 12 | HEX: F9 77 FD F9 EE 77 97 57 FA 59 BB FF | T:199617 RPD:0
[CH: 50] LEN: 12 | HEX: F9 77 FC FC FE 70 97 EE 90 1D BF DF | T:199629 RPD:0
[CH: 50] LEN: 12 | HEX: F1 77 DD F7 F6 73 97 DD 27 9F 3F FF | T:199629 RPD:0
[CH: 50] LEN: 12 | HEX: F1 77 B6 F1 FC 77 97 FF 52 59 BF 7B | T:199640 RPD:1
[CH: 50] LEN: 12 | HEX: F9 77 EE FD FE 73 97 F7 A7 9F BE B9 | T:199640 RPD:0
[CH: 50] LEN: 12 | HEX: F9 77 FE FB F4 75 97 FF 58 BA B7 FB | T:199652 RPD:0
[CH: 50] LEN: 12 | HEX: F9 77 D6 F8 FE 76 97 FF EF 38 BE F7 | T:199652 RPD:0
[CH: 50] LEN: 12 | HEX: F9 77 FE F7 FC 79 97 DD 26 F0 BD 7F | T:199663 RPD:1
[CH: 50] LEN: 12 | HEX: F1 77 DD FD F6 73 97 FA A7 9F BF F6 | T:199675 RPD:1
[CH: 50] LEN: 12 | HEX: F9 77 BC F3 FE 75 97 FF 78 BA BB B7 | T:199675 RPD:0
[CH: 50] LEN: 12 | HEX: F9 77 D4 F0 FE 76 97 7A EF 38 BF BF | T:199686 RPD:1
[CH: 50] LEN: 12 | HEX: F1 77 D6 FB AF 75 97 BA D8 BA B6 FF | T:199686 RPD:0
[CH: 50] LEN: 12 | HEX: F9 77 FE FA FE 74 97 FF 45 DB BE EF | T:199698 RPD:1
[CH: 50] LEN: 12 | HEX: F9 77 DC F7 FE 79 97 FE A6 F0 BD F6 | T:199698 RPD:0
[CH: 50] LEN: 12 | HEX: F9 77 DE FA FC 70 97 D6 10 1D BF FB | T:199709 RPD:1
[CH: 50] LEN: 12 | HEX: F9 77 DC FA FE 74 97 D6 C5 DB BF FF | T:199721 RPD:1
[CH: 50] LEN: 12 | HEX: F9 77 5E F1 EA 77 97 AB 52 59 BF FE | T:199721 RPD:0
[CH: 50] LEN: 12 | HEX: F9 77 DC FA FC 70 97 B5 10 1D BF FF | T:199732 RPD:1
[CH: 50] LEN: 12 | HEX: F9 77 FB FA FE 74 97 FE C5 DB BE F7 | T:199732 RPD:0
[CH: 50] LEN: 12 | HEX: F9 77 BB F9 F5 77 97 BD 72 59 BE F7 | T:199744 RPD:1
[CH: 50] LEN: 12 | HEX: F9 77 D4 FD FE 78 97 BC 90 1D BF FD | T:199755 RPD:1
[CH: 50] LEN: 12 | HEX: F9 77 55 FD FE 73 97 D7 27 9F 3F DF | T:199755 RPD:0
[CH: 50] LEN: 12 | HEX: F9 77 EE F9 FE 77 97 DD 72 59 BF B7 | T:199767 RPD:1
[CH: 50] LEN: 12 | HEX: F9 77 BF FD FE 73 97 FF 67 9F BF DF | T:199767 RPD:0
[CH: 50] LEN: 12 | HEX: F1 77 FB FB EE 75 97 FF B8 BA BF DF | T:199778 RPD:1
[CH: 50] LEN: 12 | HEX: F1 77 FE F8 FE 76 97 FD 6F B8 BB FE | T:199778 RPD:0
[CH: 50] LEN: 12 | HEX: F9 77 AC F7 BC 79 97 FF A6 E0 BE F6 | T:199790 RPD:0
[CH: 50] LEN: 12 | HEX: F9 77 FD F3 EA 75 97 FD 58 BA B7 EF | T:199801 RPD:1
[CH: 50] LEN: 12 | HEX: F9 77 FE F2 FE 74 97 EF 45 DB BA ED | T:199801 RPD:0
[CH: 50] LEN: 12 | HEX: F9 77 FE F8 FE 76 97 DE EF 38 B7 F5 | T:199813 RPD:1
[CH: 50] LEN: 12 | HEX: F9 77 BA F3 FC 75 97 FE 98 BA AF FF | T:199813 RPD:0
[CH: 50] LEN: 12 | HEX: F9 77 FE F6 FB 74 97 F6 C5 DB BF DF | T:199824 RPD:1
[CH: 50] LEN: 12 | HEX: F9 77 B9 E7 BD 79 97 BF 26 E0 BB FD | T:199824 RPD:1
[CH: 50] LEN: 12 | HEX: F9 77 BD FE FB 70 97 AE 90 1D BF 7F | T:199836 RPD:1
[CH: 50] LEN: 12 | HEX: F9 77 D6 F7 F5 73 97 FD 67 9E FB FF | T:199847 RPD:1
[CH: 50] LEN: 12 | HEX: F9 77 D4 FB FE 75 97 FE 98 BA AF FB | T:199847 RPD:1
[CH: 50] LEN: 12 | HEX: F9 77 AA F2 FE 74 97 FF 45 DB BF FF | T:199860 RPD:1
[CH: 50] LEN: 12 | HEX: F9 77 DC F1 EE 77 97 FE A2 59 BF 77 | T:199863 RPD:1
[CH: 50] LEN: 12 | HEX: F1 77 FE F0 EE 76 97 FD 6F 38 BD EF | T:199875 RPD:1
[CH: 50] LEN: 12 | HEX: F9 77 AA F7 F6 79 97 EE A6 F0 BF BF | T:199875 RPD:0
[CH: 50] LEN: 12 | HEX: F9 77 DE FE FA 70 97 BA 90 1D BF 57 | T:199886 RPD:1
[CH: 50] LEN: 12 | HEX: F1 77 7B F5 F4 73 97 FD 67 9E BF BA | T:199886 RPD:0
[CH: 50] LEN: 12 | HEX: F1 77 AE FB FF 75 97 FE 98 BA BF FB | T:199898 RPD:1
[CH: 50] LEN: 12 | HEX: F1 77 DC F8 FE 76 97 FA EF 38 BE FD | T:199898 RPD:0
[CH: 50] LEN: 12 | HEX: F9 77 FE F7 D4 79 97 DD A6 F0 BF 7F | T:199909 RPD:1
[CH: 50] LEN: 12 | HEX: F9 77 FE FB FE 75 97 FF 78 BA B7 BF | T:199921 RPD:1
[CH: 50] LEN: 12 | HEX: F9 77 FE FA FE 74 97 DF C5 DB B7 FF | T:199921 RPD:0
[CH: 50] LEN: 12 | HEX: F9 77 FD F7 FE 79 97 D6 A6 F0 BE 5F | T:199932 RPD:1
[CH: 50] LEN: 12 | HEX: F1 77 FE F2 FA 74 97 FF C5 DB BF FF | T:199932 RPD:0
[CH: 50] LEN: 12 | HEX: F9 77 EA F1 FE 77 97 D6 F2 59 BF EF | T:199944 RPD:1
[CH: 50] LEN: 12 | HEX: F9 77 DD FC FC 70 97 DF 10 1D BF F5 | T:199944 RPD:0
[CH: 50] LEN: 12 | HEX: F9 77 EE F9 FE 73 97 FF A7 9F BB FE | T:199955 RPD:0
[CH: 50] LEN: 12 | HEX: F1 77 FE F2 FE 74 97 BF 45 DB BD BB | T:199967 RPD:1
[CH: 50] LEN: 12 | HEX: F9 77 FD F9 FE 77 97 FF AA 59 BF F7 | T:199967 RPD:1
[CH: 50] LEN: 12 | HEX: F9 77 DE F8 FA 76 97 D7 6F 38 BF FB | T:199978 RPD:1
[CH: 50] LEN: 12 | HEX: F9 77 BD F7 FB 79 97 ED A6 F0 B2 DD | T:199978 RPD:0
[CH: 50] LEN: 12 | HEX: F9 77 FC FC FE 70 97 DD 90 1D B7 FF | T:199990 RPD:1
[CH: 50] LEN: 12 | HEX: F9 77 FE F3 FE 75 97 EF D8 BA B7 76 | T:200001 RPD:1
[CH: 50] LEN: 12 | HEX: F1 77 FB FA FE 74 97 ED 45 DB BB FE | T:200001 RPD:0
[CH: 50] LEN: 12 | HEX: F9 77 FE F7 FE 79 97 FD 26 F0 BD DF | T:200013 RPD:1
[CH: 50] LEN: 12 | HEX: F9 77 FD FA F6 74 97 EF 45 DB BD EF | T:200013 RPD:0
[CH: 50] LEN: 12 | HEX: F1 77 EA F9 EC 77 97 AF 72 59 A7 BF | T:200024 RPD:1
[CH: 50] LEN: 12 | HEX: F9 77 DE FE FE 70 97 FF 10 1D BB 67 | T:200024 RPD:0
[CH: 50] LEN: 12 | HEX: F9 77 FE F5 FE 73 97 EB 67 1F 3B EF | T:200036 RPD:1
[CH: 50] LEN: 12 | HEX: F9 77 DD F9 EE 77 97 DB F2 59 B7 7E | T:200047 RPD:1
[CH: 50] LEN: 12 | HEX: F9 77 FE F8 FE 76 97 7D EF 38 BB DF | T:200047 RPD:0
[CH: 50] LEN: 12 | HEX: F1 77 FF FC FE 70 97 F6 90 1D AD DF | T:200059 RPD:1
[CH: 50] LEN: 12 | HEX: F1 77 FF F1 FE 77 97 FD 72 59 BF EB | T:200059 RPD:0
[CH: 50] LEN: 12 | HEX: F9 77 FC F8 EE 76 97 FD EE B8 BF FF | T:200070 RPD:1
[CH: 50] LEN: 12 | HEX: F5 77 EA ED FD 73 97 BA A7 9F 3F 5F | T:200070 RPD:0
[CH: 50] LEN: 12 | HEX: F1 77 FE FB D6 75 97 FF D8 BA BF FF | T:200082 RPD:1
[CH: 50] LEN: 12 | HEX: F9 77 DD F8 FC 76 97 EE 6F 38 BE DE | T:200093 RPD:1
[CH: 50] LEN: 12 | HEX: F9 77 BB F7 FE 79 97 DE A6 F0 BF FF | T:200093 RPD:0
[CH: 50] LEN: 12 | HEX: F5 77 FF FB FE 75 97 5D 58 BA BF F6 | T:200105 RPD:1
[CH: 50] LEN: 12 | HEX: F9 77 FF F7 DD 71 97 FF A6 F0 AF DF | T:200105 RPD:0
[CH: 50] LEN: 12 | HEX: F9 77 FC FE FB 70 97 DB 10 1D BF FF | T:200116 RPD:1
[CH: 50] LEN: 12 | HEX: F9 77 EE FB FE 75 97 FF 78 BA BF 75 | T:200127 RPD:1
[CH: 50] LEN: 12 | HEX: F9 77 DE F2 FE 74 97 F5 45 DB BA DA | T:200128 RPD:0
[CH: 50] LEN: 12 | HEX: F1 77 55 F7 FF 79 97 DA 26 F0 B7 F7 | T:200139 RPD:1
[CH: 50] LEN: 12 | HEX: F9 77 FA FA F6 74 97 DF 45 DB FB F7 | T:200139 RPD:0
[CH: 50] LEN: 12 | HEX: F9 77 FE F9 FE 77 97 FE B2 59 B7 EF | T:200150 RPD:1
[CH: 50] LEN: 12 | HEX: F9 77 FE F5 FE 70 97 5F 10 1D BF FD | T:200151 RPD:0
[CH: 50] LEN: 12 | HEX: F9 77 EA F5 FE 7B 97 FF A7 9F B7 FF | T:200162 RPD:1
[CH: 50] LEN: 12 | HEX: F9 77 FD F9 F6 77 97 FD 72 59 BF EF | T:200173 RPD:1
[CH: 50] LEN: 12 | HEX: F9 77 D4 F7 F6 79 97 DD A6 F0 BF F7 | T:200174 RPD:0
[CH: 50] LEN: 12 | HEX: F9 77 FE FB F5 73 97 FF 67 9F B7 FF | T:200185 RPD:1
[CH: 50] LEN: 12 | HEX: F9 77 FE F9 FE 77 97 FF 52 59 AF BD | T:200185 RPD:0
[CH: 50] LEN: 12 | HEX: F1 77 FE F0 FA 76 97 AD 6F 38 BE FB | T:200196 RPD:1
[CH: 50] LEN: 12 | HEX: F9 77 D6 F9 FE 73 97 EF 27 9E FF FB | T:200197 RPD:0
[CH: 50] LEN: 12 | HEX: F9 77 EC FB F6 75 97 EA 98 BA BF F7 | T:200208 RPD:1
[CH: 50] LEN: 12 | HEX: F1 77 DE F0 FD 76 97 D7 6F 38 AF FF | T:200219 RPD:1
[CH: 50] LEN: 12 | HEX: F1 77 FD F7 AA 79 97 F6 A6 E0 BD DD | T:200220 RPD:0
[CH: 50] LEN: 12 | HEX: F1 77 FF FB EE 75 97 DD 58 BA BD FD | T:200231 RPD:1
[CH: 50] LEN: 12 | HEX: F9 77 DC F7 EE 79 97 FE 26 F0 BA B5 | T:200231 RPD:0
[CH: 50] LEN: 12 | HEX: F9 77 AC FC FA 70 97 EC 90 1D BF FE | T:200242 RPD:1
[CH: 50] LEN: 12 | HEX: F1 77 FC F2 FE 74 97 F7 45 DB BF BF | T:200243 RPD:0
[CH: 50] LEN: 12 | HEX: F9 77 D6 F9 EE 77 97 FA F2 59 BF FF | T:200254 RPD:1
[CH: 50] LEN: 12 | HEX: F9 77 FE F7 FE 79 97 FE 26 F0 BF F7 | T:200265 RPD:1
[CH: 50] LEN: 12 | HEX: F1 77 FE F4 FE 70 97 FF 10 1D BF ED | T:200266 RPD:0
[CH: 50] LEN: 12 | HEX: F9 7F FC EA FB 74 97 DB 45 DB BD 5F | T:200277 RPD:1
[CH: 50] LEN: 12 | HEX: F9 77 FF FA FE 70 97 FF 10 1D BF F5 | T:200277 RPD:0
[CH: 50] LEN: 12 | HEX: F1 77 B4 F9 FC 73 D7 BD A7 9F 3F 7D | T:200288 RPD:1
[CH: 50] LEN: 12 | HEX: F9 77 EE F9 FA 77 97 FF A2 59 BA FF | T:200300 RPD:1
[CH: 50] LEN: 12 | HEX: F1 77 BE F0 F4 76 97 BA EF 38 B7 EF | T:200300 RPD:1
[CH: 50] LEN: 12 | HEX: F9 77 D4 FD FE 73 97 FD 27 9E FF FF | T:200311 RPD:1
[CH: 50] LEN: 12 | HEX: F9 77 FD F9 EE 77 97 EB F2 59 BF FB | T:200312 RPD:0
[CH: 50] LEN: 12 | HEX: F1 77 FF F8 FE 76 97 AD 6F 38 BE FF | T:200323 RPD:1
[CH: 50] LEN: 12 | HEX: F1 77 DE FD FE 73 97 EF 67 9F 3F FB | T:200323 RPD:0
[CH: 50] LEN: 12 | HEX: F1 77 AE FB FE 75 97 F7 58 BA BF BF | T:200334 RPD:1
[CH: 50] LEN: 12 | HEX: F9 77 5A F8 FE 76 97 7E 6F 38 BE BF | T:200346 RPD:1
[CH: 50] LEN: 12 | HEX: F9 77 B5 E7 AD 79 97 FD 26 E0 B7 DF | T:200346 RPD:0
[CH: 50] LEN: 12 | HEX: F9 77 FE F3 D6 75 97 DE B8 BE BF FF | T:200357 RPD:1
[CH: 50] LEN: 12 | HEX: F1 77 FE F7 7B 71 97 AE A6 F0 BF B7 | T:200357 RPD:0
[CH: 50] LEN: 12 | HEX: F9 77 D6 FE F4 70 97 DD 90 1D AF F3 | T:200369 RPD:1
[CH: 50] LEN: 12 | HEX: F1 77 FE FA FE 74 97 FF 45 DB B7 FF | T:200369 RPD:0
[CH: 50] LEN: 12 | HEX: F9 77 EE F1 EA 77 97 DD 72 59 BF F5 | T:200380 RPD:1
[CH: 50] LEN: 12 | HEX: F9 77 DF FE FE 70 97 DF 10 1D BF 7D | T:200392 RPD:0
[CH: 50] LEN: 12 | HEX: F9 77 FE FD F6 73 97 FF 27 9F BA BB | T:200392 RPD:0
[CH: 50] LEN: 12 | HEX: F9 77 FF FA F6 74 97 BA C5 DB BE FF | T:200403 RPD:0
[CH: 50] LEN: 12 | HEX: E9 77 FE F5 ED 70 97 7A 90 1D BF F7 | T:200403 RPD:0
[CH: 50] LEN: 12 | HEX: F9 77 FA F5 FE 73 97 EF 27 9E B3 BD | T:200415 RPD:0
[CH: 50] LEN: 12 | HEX: FD 77 DE F1 F4 77 97 7D 52 59 BF FF | T:200426 RPD:0
[CH: 50] LEN: 12 | HEX: F9 77 FD F0 FE 76 97 FE EF 38 AF FF | T:200426 RPD:0
[CH: 50] LEN: 12 | HEX: F9 77 FE FD FC 73 97 FF E7 9F 2D 75 | T:200438 RPD:0
[CH: 50] LEN: 12 | HEX: F1 77 BE F8 FE 76 97 FE 6F 38 BF F7 | T:200438 RPD:0
[CH: 50] LEN: 12 | HEX: F5 77 DD F7 FE 79 97 FE A6 F0 BF F6 | T:200449 RPD:0
[CH: 50] LEN: 12 | HEX: F1 77 7C F9 FA 53 97 85 A6 9D 3E FB | T:200449 RPD:0
[CH: 50] LEN: 12 | HEX: F9 77 FE FB FD 75 97 FE B8 BA BF 7E | T:200461 RPD:0
[CH: 50] LEN: 12 | HEX: F9 77 BC F8 FE 76 97 D6 EF 38 BF EF | T:200472 RPD:0
[CH: 50] LEN: 12 | HEX: F9 77 DD F7 F6 79 97 FD 26 F0 B6 FF | T:200472 RPD:0
[CH: 50] LEN: 12 | HEX: F9 77 DD FB DD 75 97 BE 98 BA BF FE | T:200484 RPD:0
[CH: 50] LEN: 12 | HEX: F9 77 D6 F7 D6 79 97 FE A6 F0 BB FD | T:200484 RPD:0
[CH: 50] LEN: 12 | HEX: F9 77 FD FE FE 70 97 FE 90 1D BF FF | T:200495 RPD:0
[CH: 50] LEN: 12 | HEX: F9 77 FE F2 FE 74 97 FD 45 DB BF FF | T:200495 RPD:0
[CH: 50] LEN: 12 | HEX: F1 77 FE F1 FE 77 97 FF D2 59 AF FF | T:200507 RPD:0
[CH: 50] LEN: 12 | HEX: ED 77 FA E1 FE 70 97 AD 10 1D BF 5F | T:200518 RPD:0
[CH: 50] LEN: 12 | HEX: F5 77 FE FD FC 73 97 FF 67 9F BF EE | T:200518 RPD:0
[CH: 50] LEN: 12 | HEX: F9 77 FE F1 F5 77 97 FF A2 59 BF BA | T:200530 RPD:0
[CH: 50] LEN: 12 | HEX: F9 77 BE F4 F6 70 97 FF 10 1D B6 D6 | T:200530 RPD:0
[CH: 50] LEN: 12 | HEX: F1 77 D4 FB FE 73 97 BF A7 9E BE FF | T:200541 RPD:0
[CH: 50] LEN: 12 | HEX: E5 77 FB F9 F6 77 97 E7 D2 59 B6 B6 | T:200552 RPD:0
[CH: 50] LEN: 12 | HEX: F1 77 FF F8 FA 76 97 AF 6F 38 AF DF | T:200553 RPD:0
[CH: 50] LEN: 12 | HEX: F9 77 DF FD FE 73 97 EB A7 9F B7 EF | T:200564 RPD:0
[CH: 50] LEN: 12 | HEX: F1 77 FD F0 FE 76 97 BE EF 38 B7 BF | T:200564 RPD:0
[CH: 50] LEN: 12 | HEX: F5 77 FA F7 FE 79 97 D5 26 F0 BF F7 | T:200576 RPD:1
[CH: 50] LEN: 12 | HEX: F9 77 D6 FB FE 75 97 D7 D8 BA BF BF | T:200576 RPD:0
[CH: 50] LEN: 12 | HEX: F9 77 AC F2 FE 74 97 FD C5 DB AD B7 | T:200587 RPD:0
[CH: 50] LEN: 12 | HEX: FA 78 ED BC 7C 74 97 FF 52 5A BF 6F | T:200609 RPD:0
[CH: 50] LEN: 12 | HEX: F2 78 FE BA 7E 74 97 FF 52 5A BF BF | T:200609 RPD:1
[CH: 50] LEN: 12 | HEX: F1 77 AF 00 00 71 97 D7 AF 64 B6 BD | T:200621 RPD:1
[CH: 50] LEN: 12 | HEX: F9 77 EB 00 00 79 97 D5 2F 64 BB FF | T:200621 RPD:1
[CH: 50] LEN: 12 | HEX: F8 6D F6 00 FE F2 91 F5 70 98 BF FE | T:200643 RPD:0
[CH: 50] LEN: 12 | HEX: F8 6D FF 80 F4 FA 91 EF 70 98 BD DD | T:200644 RPD:0
[CH: 50] LEN: 12 | HEX: FA 78 FF D4 7E FA 91 FF 58 A7 FF FA | T:200908 RPD:1
[CH: 50] LEN: 12 | HEX: FA 78 FB FA 7E FA 91 FF B8 A7 BF 6B | T:200908 RPD:1
[CH: 50] LEN: 12 | HEX: F9 77 FA 00 00 71 91 F7 05 C2 BF FE | T:200920 RPD:1
[CH: 50] LEN: 12 | HEX: E9 77 FF 00 00 71 91 FA 05 C2 A7 FE | T:200920 RPD:1
[CH: 50] LEN: 12 | HEX: F8 6D EF 00 F5 FA 91 EB 70 98 AF FF | T:200942 RPD:1
[CH: 50] LEN: 12 | HEX: F8 6D FF 00 FE FA 91 FF 70 98 BF FE | T:200942 RPD:1
[CH: 50] LEN: 12 | HEX: FA 78 FF D4 74 FA 91 D7 78 A7 2B 7E | T:201207 RPD:1
[CH: 50] LEN: 12 | HEX: F1 77 FF 00 00 71 91 EF 05 C2 B6 BF | T:201211 RPD:1
[CH: 50] LEN: 12 | HEX: F9 77 FE 80 00 71 91 FD 05 C2 BF FD | T:201211 RPD:1
[CH: 50] LEN: 12 | HEX: F0 6D FD 00 F6 F2 91 EE 70 98 BE FF | T:201241 RPD:1
[CH: 50] LEN: 12 | HEX: F0 6D D6 00 FE EA 91 FF 70 98 BF FF | T:201242 RPD:1
[CH: 50] LEN: 12 | HEX: FA 78 FF D2 7E F2 91 FF F8 A7 BE FF | T:201507 RPD:1
[CH: 50] LEN: 12 | HEX: FA 78 FF E8 7E F2 91 FF B8 A7 BF BF | T:201508 RPD:1
[CH: 50] LEN: 12 | HEX: F9 77 5D 00 00 71 91 EE 85 C2 B7 FF | T:201519 RPD:1
[CH: 50] LEN: 12 | HEX: F9 77 FF 00 00 71 91 EB 05 C2 BF AF | T:201519 RPD:1
[CH: 50] LEN: 12 | HEX: F0 6D FF 80 FC FA 91 F7 70 98 AF FD | T:201541 RPD:1
[CH: 50] LEN: 12 | HEX: F0 6D FB 00 FE FA 91 FF 70 98 B7 FF | T:201542 RPD:1
[CH: 50] LEN: 12 | HEX: FA 78 FF AC 7C F2 91 FF 58 A7 AF BA | T:201807 RPD:1
[CH: 50] LEN: 12 | HEX: FA 78 EA BC 74 EA 91 D7 D8 A7 BF F7 | T:201808 RPD:1
[CH: 50] LEN: 12 | HEX: F1 77 FF 00 00 71 91 FF 05 C2 B7 DF | T:201819 RPD:1
[CH: 50] LEN: 12 | HEX: F8 6D ED 00 F5 FA 91 ED F0 98 BF F6 | T:201841 RPD:1
[CH: 50] LEN: 12 | HEX: F0 6D FF 80 FE FA 91 FF 70 98 BE FF | T:201842 RPD:1
[CH: 50] LEN: 12 | HEX: FA 78 FF E8 7E FA 91 FF 58 A7 BF FB | T:202107 RPD:1
[CH: 50] LEN: 12 | HEX: EE 78 FB AC 7A F2 91 EF D8 A7 BB FF | T:202107 RPD:1
[CH: 50] LEN: 12 | HEX: F5 77 FD 80 00 71 91 D5 05 C2 BF ED | T:202119 RPD:1
[CH: 50] LEN: 12 | HEX: F1 77 DC 80 00 71 91 FF 05 C2 BF BD | T:202119 RPD:1
[CH: 50] LEN: 12 | HEX: F8 6D FE 00 EC FA 91 EB 70 98 B7 ED | T:202141 RPD:1
[CH: 50] LEN: 12 | HEX: F0 6D FF 00 F4 F2 91 DF 70 98 BF F7 | T:202141 RPD:1
[CH: 50] LEN: 12 | HEX: FA 70 FA FC 7E FA 91 FF D8 A7 BF 6F | T:202406 RPD:1
[CH: 50] LEN: 12 | HEX: F2 70 FF D4 7E FA 91 EA D8 A7 BD FB | T:202407 RPD:1
[CH: 50] LEN: 12 | HEX: F9 77 FD 80 00 71 91 FE 85 C2 BB DF | T:202418 RPD:1
[CH: 50] LEN: 12 | HEX: F1 77 BD 80 00 71 91 FF 05 C2 BF BA | T:202419 RPD:1
[CH: 50] LEN: 12 | HEX: F8 6D FF 00 FE F2 91 FF F0 98 BF EE | T:202440 RPD:1
[CH: 50] LEN: 12 | HEX: F8 6D D7 00 FC EA 91 ED 70 98 BF EA | T:202441 RPD:1
[CH: 50] LEN: 12 | HEX: FA 78 FF F4 7A FA 91 FB B8 A7 BF FF | T:202706 RPD:1
[CH: 50] LEN: 12 | HEX: FA 78 FB 54 7E FA 91 DB 58 A7 BF D5 | T:202707 RPD:1
[CH: 50] LEN: 12 | HEX: F1 77 B5 00 00 71 91 EB 05 C2 BF 7F | T:202718 RPD:1
[CH: 50] LEN: 12 | HEX: F1 77 EE 80 00 71 91 EE 85 C2 BF FF | T:202718 RPD:1
[CH: 50] LEN: 12 | HEX: F8 6D FF 00 EA EA 91 F6 70 98 B7 DF | T:202740 RPD:1
[CH: 50] LEN: 12 | HEX: F0 6D DF 00 FE F2 91 FF 70 98 BD 7F | T:202741 RPD:1
[CH: 50] LEN: 12 | HEX: FA 76 F5 00 8C FA 91 F5 2C 77 BF FF | T:202840 RPD:1
[CH: 50] LEN: 12 | HEX: FA 76 FF 00 8C EA 91 FB 2C 77 BF 4F | T:202841 RPD:1
[CH: 50] LEN: 12 | HEX: FA 76 EA F6 73 F6 91 EF 72 8A BD FD | T:202871 RPD:1
[CH: 50] LEN: 12 | HEX: F2 76 F5 FD 70 EA 91 F5 27 04 BF FD | T:202874 RPD:1
[CH: 50] LEN: 12 | HEX: FA 76 FA F4 71 EA 91 F6 7B 61 BF DF | T:202877 RPD:1
[CH: 50] LEN: 12 | HEX: FA 7E FE F3 76 F2 91 EB 4D 98 BE AE | T:202888 RPD:1
[CH: 50] LEN: 12 | HEX: FA 76 FE F2 77 D2 91 FF 51 7D BD FF | T:202889 RPD:0
[CH: 50] LEN: 12 | HEX: FA 76 FE F9 74 FA 91 FB 44 73 BB FB | T:202900 RPD:1
[CH: 50] LEN: 12 | HEX: FA 76 FE F8 75 FA 91 FF B8 96 BF AF | T:202900 RPD:0
[CH: 50] LEN: 12 | HEX: FA 76 FE F7 7A F2 91 FA 89 81 BD FF | T:202912 RPD:0
[CH: 50] LEN: 12 | HEX: F2 76 FE F5 78 F2 91 FF 20 6A BD FA | T:202928 RPD:1
[CH: 50] LEN: 12 | HEX: FA 76 FE F4 79 FA 91 FF BC 8F BB FD | T:202958 RPD:1
[CH: 50] LEN: 12 | HEX: FA 76 FA F3 7A F2 91 FD CA 76 BF AB | T:202988 RPD:1
[CH: 50] LEN: 12 | HEX: FA 76 FA F2 7A EA 91 EE 16 93 B6 F7 | T:203018 RPD:1
[CH: 50] LEN: 12 | HEX: F2 76 EA F1 76 F2 91 DE E3 9D BF 7D | T:203048 RPD:1
[CH: 50] LEN: 12 | HEX: FA 76 FA F0 7D FA 91 FE BF 78 BB FF | T:203078 RPD:1
[CH: 50] LEN: 12 | HEX: FA 76 F6 EE 62 F2 91 EE 11 92 BF FF | T:203108 RPD:1
[CH: 50] LEN: 12 | HEX: FA 76 FE EE 63 EA 91 EF 4D 7F B7 BF | T:203138 RPD:1
[CH: 50] LEN: 12 | HEX: FA 76 FE ED 60 F2 91 FF B8 79 BF ED | T:203168 RPD:1
[CH: 50] LEN: 12 | HEX: FA 76 FE EC 61 FA 91 FF 64 9C BF FF | T:203198 RPD:1
[CH: 50] LEN: 12 | HEX: FA 76 FE EB 66 FA 91 F7 52 65 AF B7 | T:203228 RPD:1
[CH: 50] LEN: 12 | HEX: F2 76 F6 EA 67 DA 91 FF 8E 80 BF F7 | T:203258 RPD:1
[CH: 50] LEN: 12 | HEX: FA 76 E9 E9 64 F2 91 EB FB 8E B5 37 | T:203288 RPD:1
[CH: 50] LEN: 12 | HEX: F2 76 FE E8 65 FA 91 FF 27 6B BF EE | T:203318 RPD:1
[CH: 50] LEN: 12 | HEX: FA 76 FE E7 6A EA 91 DE D6 68 AD D5 | T:203348 RPD:1
[CH: 50] LEN: 12 | HEX: F2 76 FE E6 6B DA 91 EF 4A 99 BF BA | T:203378 RPD:1
[CH: 50] LEN: 12 | HEX: FA 76 FE E5 68 F2 91 FE 3F 97 BF F5 | T:203408 RPD:1
[CH: 50] LEN: 12 | HEX: FA 76 FE E4 69 F2 91 FF A3 72 AF 57 | T:203438 RPD:1
[CH: 50] LEN: 12 | HEX: F2 76 FE E3 6E F2 91 EB D5 8B BF FF | T:203468 RPD:1
[CH: 50] LEN: 12 | HEX: FA 76 EA E2 6F FE 91 FF 09 6E BF FF | T:203498 RPD:1
[CH: 50] LEN: 12 | HEX: F2 76 FE E1 6C F2 91 EF 7C 60 BB EF | T:203528 RPD:1
[CH: 50] LEN: 12 | HEX: F2 76 FA E0 6D EA 91 BD 20 85 BF 7D | T:203558 RPD:1
[CH: 50] LEN: 12 | HEX: FA 7E FE DE 52 EA 91 D7 31 95 BF BF | T:203588 RPD:1
[CH: 50] LEN: 12 | HEX: F2 76 EA F6 73 FA 91 FF 92 8A BE E8 | T:203618 RPD:1
[CH: 50] LEN: 12 | HEX: FA 76 F6 F9 70 F2 91 EF 67 04 BA FF | T:203622 RPD:1
[CH: 50] LEN: 12 | HEX: FA 76 FE FC 71 F2 91 FF FB 61 BF DB | T:203626 RPD:1
[CH: 50] LEN: 12 | HEX: FA 76 F6 FB 76 F2 91 FF 4D 98 B6 FF | T:203637 RPD:1
[CH: 50] LEN: 12 | HEX: FA 76 FE FA 77 FA 91 FF 51 7D AF FF | T:203637 RPD:0
[CH: 50] LEN: 12 | HEX: FA 76 FE F9 74 F6 91 FF D4 7B BF DF | T:203648 RPD:1
[CH: 50] LEN: 12 | HEX: F2 76 FA F8 75 DA 91 FF 38 96 BD BF | T:203649 RPD:0
[CH: 50] LEN: 12 | HEX: FA 76 F4 F7 72 F2 91 F7 89 81 BD FB | T:203660 RPD:0
[CH: 50] LEN: 12 | HEX: FA 76 F6 F5 78 EA 91 D2 A0 6A BE FE | T:203679 RPD:1
[CH: 50] LEN: 12 | HEX: FA 76 FE F4 79 FA 91 F5 7C 8F 3A EF | T:203709 RPD:1
[CH: 50] LEN: 12 | HEX: FA 76 F5 F3 7E F2 91 FF EA 7E BF 5F | T:203739 RPD:1
[CH: 50] LEN: 12 | HEX: F6 76 FE F2 75 AA 91 FB 16 93 AF FF | T:203769 RPD:1
[CH: 50] LEN: 12 | HEX: FA 76 FE F1 7C FA 91 FF 63 9D BB FF | T:203799 RPD:1
[CH: 50] LEN: 12 | HEX: FA 76 FE F0 7D FA 91 EE BD F8 B3 6F | T:203829 RPD:1
[CH: 50] LEN: 12 | HEX: FA 76 F5 EF 62 FA 91 F7 11 92 BD FE | T:203859 RPD:1
[CH: 50] LEN: 12 | HEX: F2 76 F4 EE 63 BA 91 EA AD 77 BB FB | T:203889 RPD:1
[CH: 50] LEN: 12 | HEX: F2 76 F6 ED 60 EA 91 FE B8 79 BF FF | T:203919 RPD:1
[CH: 50] LEN: 12 | HEX: FA 76 FA EC 61 FA 91 D7 64 9C BF DB | T:203949 RPD:1
[CH: 50] LEN: 12 | HEX: FA 76 FE EB 66 FA 91 FF D2 65 BF FE | T:203978 RPD:1
[CH: 50] LEN: 12 | HEX: FA 76 FE EA 67 FA 91 F7 0E 80 BF FB | T:204008 RPD:1
[CH: 50] LEN: 12 | HEX: FA 76 FA E9 64 FA 91 FF 7B 8E BF F7 | T:204038 RPD:1
[CH: 50] LEN: 12 | HEX: FA 76 FE E8 65 F2 91 FF 27 6B BB FF | T:204068 RPD:1
[CH: 50] LEN: 12 | HEX: FA 76 FE E7 6A FA 91 D5 16 74 BA B8 | T:204098 RPD:1
[CH: 50] LEN: 12 | HEX: FA 76 FE E6 6B FA 91 FF 4A 99 BF 5F | T:204128 RPD:1
[CH: 50] LEN: 12 | HEX: FA 76 FE E5 68 FA 91 FE BF 97 BF FF | T:204158 RPD:1
[CH: 50] LEN: 12 | HEX: F2 76 FD E4 69 FA 91 F7 A3 72 BE DE | T:204188 RPD:1
[CH: 50] LEN: 12 | HEX: FA 76 FE E3 6E F2 91 EB D5 8B BF BF | T:204218 RPD:1
[CH: 50] LEN: 12 | HEX: FA 76 F4 E2 6F FA 91 FF 09 6E BE BF | T:204248 RPD:1
[CH: 50] LEN: 12 | HEX: FA 76 FE E1 6C F2 91 FA 7C 60 BF BA | T:204278 RPD:1
[CH: 50] LEN: 12 | HEX: FA 76 FB E0 6D F2 91 DF 60 85 BD EB | T:204308 RPD:1
[CH: 50] LEN: 12 | HEX: FA 76 FE DE 52 FA 91 F7 31 95 AF FF | T:204338 RPD:1
[CH: 50] LEN: 12 | HEX: FA 76 FE FE 73 D2 91 FF B2 8A BF EF | T:204368 RPD:1
[CH: 50] LEN: 12 | HEX: FA 76 FE FD 70 F2 91 FF A7 84 AD EE | T:204372 RPD:1
[CH: 50] LEN: 12 | HEX: FA 76 FA FC 71 FA 91 EE FB 61 BF DF | T:204402 RPD:1
[CH: 50] LEN: 12 | HEX: EA 76 F6 FB 76 F2 91 EE 4D 98 AE F7 | T:204406 RPD:1
[CH: 50] LEN: 12 | HEX: F6 76 FC EA 77 D6 91 FE D1 7D BD F6 | T:204410 RPD:1
[CH: 50] LEN: 12 | HEX: EA 76 F6 F1 74 F2 91 FF A4 73 A9 B7 | T:204421 RPD:1
[CH: 50] LEN: 12 | HEX: F2 76 F6 F8 75 FA 91 FF 38 96 BF EB | T:204422 RPD:0
[CH: 50] LEN: 12 | HEX: FA 76 FE E7 7A FA 91 EF 09 81 BF 7F | T:204433 RPD:1
[CH: 50] LEN: 12 | HEX: FA 76 F5 F6 7B FA 91 EA 55 64 BA BF | T:204433 RPD:1
[CH: 50] LEN: 12 | HEX: FA 76 FB F5 78 F2 91 FF 20 6A BE EF | T:204454 RPD:1
[CH: 50] LEN: 12 | HEX: FA 76 FC F4 79 FA 91 F7 D4 8F 3F AE | T:204484 RPD:1
[CH: 50] LEN: 12 | HEX: FA 76 FD F3 76 F2 91 FF CA 7E BD FF | T:204514 RPD:1
[CH: 50] LEN: 12 | HEX: FA 76 FC F2 7F EA 91 FB 16 93 BE FB | T:204544 RPD:1
[CH: 50] LEN: 12 | HEX: FA 76 F5 F1 7C FA 91 EB 63 9D BF 5D | T:204574 RPD:1
[CH: 50] LEN: 12 | HEX: F2 76 F5 F0 7D FA 91 EF 3B 78 BE FF | T:204604 RPD:1
[CH: 50] LEN: 12 | HEX: FA 76 FE EF 62 EA 91 FF 11 92 BD FF | T:204634 RPD:1
[CH: 50] LEN: 12 | HEX: FA 76 FE EE E3 D2 91 EE AD 77 AF 57 | T:204664 RPD:1
[CH: 50] LEN: 12 | HEX: FA 76 FA ED 60 F2 91 EF 78 79 BF FD | T:204694 RPD:1
[CH: 50] LEN: 12 | HEX: FA 76 FB EC 61 FA 91 AA 64 9C AB CA | T:204724 RPD:1
[CH: 50] LEN: 12 | HEX: FA 76 F4 EB 66 FA 91 FF 52 65 AF 7F | T:204754 RPD:1
[CH: 50] LEN: 12 | HEX: FA 76 FC EA 67 B6 91 FF 8E 80 BF FF | T:204784 RPD:1
[CH: 50] LEN: 12 | HEX: F2 76 FC E9 64 F2 91 FF D7 8F BB BF | T:204814 RPD:1
[CH: 50] LEN: 12 | HEX: FA 76 FE E8 65 FA 91 F7 27 6B BE FB | T:204844 RPD:1
[CH: 50] LEN: 12 | HEX: FA 76 FC E7 6A FA 91 FB 56 7C B7 B7 | T:204874 RPD:1
[CH: 50] LEN: 12 | HEX: FA 76 F4 E6 6B FA 91 FF 4A 99 AB FB | T:204904 RPD:1
[CH: 50] LEN: 12 | HEX: FA 76 FE E5 68 FA 91 FE BD 57 B7 FF | T:204934 RPD:1
[CH: 50] LEN: 12 | HEX: FA 76 FE E4 69 EE 91 EE A3 72 BB F4 | T:204964 RPD:1
[CH: 50] LEN: 12 | HEX: FA 76 FE E3 6E F2 91 FE 95 8B FB 7F | T:204994 RPD:1
[CH: 50] LEN: 12 | HEX: F2 76 FE E2 6F DA 91 FF 09 6E B7 FF | T:205024 RPD:1
[CH: 50] LEN: 12 | HEX: FA 76 FE E1 6C FA 91 FF 7C 60 AF BF | T:205054 RPD:1
[CH: 50] LEN: 12 | HEX: F2 76 FD E0 6D FA 91 D6 A0 85 AD FF | T:205084 RPD:1
[CH: 50] LEN: 12 | HEX: FA 76 FE DE 52 FA 91 F6 B1 95 BF BD | T:205114 RPD:1
[CH: 50] LEN: 12 | HEX: F2 76 FE FE 73 FA 91 FF F2 8A BF EF | T:205144 RPD:1
[CH: 50] LEN: 12 | HEX: FA 76 FE F9 70 FA 91 FF A7 84 BB FF | T:205147 RPD:1
[CH: 50] LEN: 12 | HEX: FA 76 FE FC 71 EA 91 FF 7B 61 BF FF | T:205151 RPD:1
[CH: 50] LEN: 12 | HEX: FA 76 FC FB 76 FA 91 FF CD 98 BF EE | T:205163 RPD:1
[CH: 50] LEN: 12 | HEX: FA 76 F6 FA 77 FA 91 FF 51 7D BF FF | T:205163 RPD:1
[CH: 50] LEN: 12 | HEX: FA 76 FE F1 74 F2 91 FF 44 73 AF 7F | T:205174 RPD:1
[CH: 50] LEN: 12 | HEX: FA 76 FC F8 75 FA 91 FF 38 96 BF FF | T:205174 RPD:0
[CH: 50] LEN: 12 | HEX: FA 76 FE F7 7A FA 91 FF 89 81 AB FB | T:205186 RPD:0
[CH: 50] LEN: 12 | HEX: FA 76 FA F4 79 FA 91 EB F4 8F BF BA | T:205235 RPD:1
[CH: 50] LEN: 12 | HEX: FA 76 F6 F3 7E FA 91 F7 6A 76 B7 FF | T:205265 RPD:1
[CH: 50] LEN: 12 | HEX: FA 76 F4 F2 7E EA 91 54 14 92 3F DD | T:205295 RPD:1
[CH: 50] LEN: 12 | HEX: FA 76 FE F1 78 FA 91 FF 63 9F BF 7F | T:205325 RPD:1
[CH: 50] LEN: 12 | HEX: F2 76 FE F0 79 FA 91 FE BD F8 BF EF | T:205355 RPD:1
[CH: 50] LEN: 12 | HEX: F6 76 FE EF 62 FA 91 FF 91 92 AF DB | T:205384 RPD:1
[CH: 50] LEN: 12 | HEX: FA 76 F6 EE 63 EA 91 EF 6D 77 BF FE | T:205414 RPD:1
[CH: 50] LEN: 12 | HEX: FA 76 F6 ED 60 FA 91 FF FC 79 BF FD | T:205444 RPD:1
[CH: 50] LEN: 12 | HEX: F2 76 FE EC 61 FA 91 FF 64 9C BF FF | T:205474 RPD:1
[CH: 50] LEN: 12 | HEX: F2 76 FA EB 66 FA 91 F7 52 65 BF D5 | T:205504 RPD:1
[CH: 50] LEN: 12 | HEX: FA 76 F5 EA 67 FA 91 FF 4E 80 AB EB | T:205534 RPD:1
[CH: 50] LEN: 12 | HEX: FA 76 FE E9 64 EE 91 FF E3 8C B7 FD | T:205564 RPD:1
[CH: 50] LEN: 12 | HEX: FA 7B FE 00 81 FA 91 FF FF AB B7 FF | T:205768 RPD:1
[CH: 50] LEN: 12 | HEX: FA 73 F6 00 81 F2 91 FF 7F 7B BF FF | T:205769 RPD:1
[CH: 50] LEN: 12 | HEX: F9 77 FD F4 F6 70 91 EE FA BB BF 7F | T:205800 RPD:1
[CH: 50] LEN: 12 | HEX: F9 77 FC F5 FE 73 91 F5 0D 39 BF FB | T:205803 RPD:1
[CH: 50] LEN: 12 | HEX: F9 77 FF FC FE 72 91 FF 90 58 BF FB | T:205806 RPD:1
[CH: 50] LEN: 12 | HEX: F1 77 BA F3 FA 75 91 FE F2 1C BF FD | T:205817 RPD:1
[CH: 50] LEN: 12 | HEX: F1 77 FB FA F6 74 91 EB EF 7D B7 FF | T:205817 RPD:0
[CH: 50] LEN: 12 | HEX: F1 77 BD F1 F4 77 91 EE 58 FE BB FF | T:205829 RPD:1
[CH: 50] LEN: 12 | HEX: E9 77 DA F0 FA 76 91 FF 45 9E BB ED | T:205829 RPD:0
[CH: 50] LEN: 12 | HEX: F9 77 FA F7 FF 71 91 DE 4C 56 BF EF | T:205840 RPD:1
[CH: 50] LEN: 12 | HEX: F1 77 AA FC FE 72 91 EB 90 58 BD FD | T:205851 RPD:1
[CH: 50] LEN: 12 | HEX: F1 77 FD FB FE 75 91 FF 72 1C B7 FE | T:205852 RPD:0
[CH: 50] LEN: 12 | HEX: F9 77 FE F8 FA 76 91 FF A5 9E BF DF | T:205863 RPD:1
[CH: 50] LEN: 12 | HEX: F1 77 FB F8 F5 72 91 FF 10 58 B5 BB | T:205863 RPD:0
[CH: 50] LEN: 12 | HEX: F1 77 FC F3 BE 75 91 EF 72 1C BD 7F | T:205874 RPD:1
[CH: 50] LEN: 12 | HEX: F9 77 F8 F8 FC 76 91 FF 85 9E AF FD | T:205886 RPD:1
[CH: 50] LEN: 12 | HEX: F9 77 FE F7 FB 79 91 F5 8C 56 B7 EB | T:205886 RPD:0
[CH: 50] LEN: 12 | HEX: F9 77 FE FC FE 72 91 DD 10 58 BB BF | T:205897 RPD:1
[CH: 50] LEN: 12 | HEX: F9 77 FD F9 FE 77 91 EB 58 F6 7E EB | T:205898 RPD:0
[CH: 50] LEN: 12 | HEX: F9 77 FE F0 FE 76 91 FF E5 9E BF A6 | T:205909 RPD:1
[CH: 50] LEN: 12 | HEX: F1 77 BD FD F6 73 91 FE 8D 39 BE FB | T:205909 RPD:0
[CH: 50] LEN: 12 | HEX: F9 77 DD F8 FE 72 91 EE 50 58 BD F7 | T:205920 RPD:1
[CH: 50] LEN: 12 | HEX: F1 77 DE F9 EE 77 11 FF 58 FF BF EF | T:205932 RPD:1
[CH: 50] LEN: 12 | HEX: F1 77 DE F8 FE 76 91 FF 45 9E BD FB | T:205932 RPD:0
[CH: 50] LEN: 12 | HEX: F9 77 DE F5 F5 73 91 FD 8D 39 BB 7B | T:205943 RPD:1
[CH: 50] LEN: 12 | HEX: F9 77 5E F1 FA 77 91 FF 58 FF 79 EF | T:205944 RPD:0
[CH: 50] LEN: 12 | HEX: F1 77 DD F0 F5 76 91 FF E5 9F BE FF | T:205955 RPD:1
[CH: 50] LEN: 12 | HEX: F1 77 FF FB FE 73 91 FF 0D 39 AF FF | T:205955 RPD:0
[CH: 50] LEN: 12 | HEX: F1 77 FF F8 F4 72 91 EE 50 58 B7 FF | T:205966 RPD:1
[CH: 50] LEN: 12 | HEX: F9 77 FB FA FE 74 91 FE AF 79 AF F7 | T:205978 RPD:1
[CH: 50] LEN: 12 | HEX: F1 77 BF F1 FE 77 91 FE 58 FF 3F F5 | T:205978 RPD:0
[CH: 50] LEN: 12 | HEX: F9 77 AE F5 FA 70 91 F7 7A BB BF FF | T:205989 RPD:1
[CH: 50] LEN: 12 | HEX: ED 77 FF FA FE 74 91 EE AF 7D AB FD | T:205990 RPD:0
[CH: 50] LEN: 12 | HEX: F9 77 DD F9 F4 77 91 FF 58 FF BD FF | T:206001 RPD:1
[CH: 50] LEN: 12 | HEX: F1 77 FB FE FE 70 91 EF 7A BB FF FB | T:206012 RPD:1
[CH: 50] LEN: 12 | HEX: F9 77 D4 FD FE 73 91 EE 8D 39 B7 FB | T:206012 RPD:1
[CH: 50] LEN: 12 | HEX: F9 77 D4 FA FE 74 91 FF 4F 7D B7 6F | T:206024 RPD:1
[CH: 50] LEN: 12 | HEX: F9 77 BD FD FE 70 91 FE BA BB B7 FF | T:206024 RPD:0
[CH: 50] LEN: 12 | HEX: F9 77 FE F5 FE 73 91 FF 0D 39 BF F7 | T:206035 RPD:1
[CH: 50] LEN: 12 | HEX: F9 77 FE FB FE 75 91 FF 72 1C BF 6E | T:206036 RPD:0
[CH: 50] LEN: 12 | HEX: F1 77 FD FA FA 74 91 EF 4F 7D AF FF | T:206047 RPD:1
[CH: 50] LEN: 12 | HEX: F1 77 FF F7 DD 79 91 FB 8C 56 BF FD | T:206058 RPD:1
[CH: 50] LEN: 12 | HEX: F1 77 EC FA F4 70 91 EA FA BB BB FE | T:206058 RPD:0
[CH: 50] LEN: 12 | HEX: F1 77 55 F3 D6 75 91 D6 72 1C BF F7 | T:206070 RPD:1
[CH: 50] LEN: 12 | HEX: F1 77 FB F7 DE 79 91 FB 0C 56 BE E7 | T:206070 RPD:0
[CH: 50] LEN: 12 | HEX: F9 77 DC FE F5 78 91 FF BA BB AF CA | T:206081 RPD:1
[CH: 50] LEN: 12 | HEX: F9 77 DD FB EE 75 91 FF 72 1C BF FF | T:206081 RPD:0
[CH: 50] LEN: 12 | HEX: F9 77 FD F6 FE 74 91 FD EF 7D BF FB | T:206093 RPD:1
[CH: 50] LEN: 12 | HEX: F9 77 FE F7 FB 79 91 FF 4C 56 B7 FF | T:206104 RPD:1
[CH: 50] LEN: 12 | HEX: F9 7F DD FE FC 70 91 FF 7A BB BD BF | T:206104 RPD:0
[CH: 50] LEN: 12 | HEX: F1 77 FD FA FC 74 91 FF EF 7D BF BE | T:206116 RPD:1
[CH: 50] LEN: 12 | HEX: F1 77 FD F0 FE 76 91 FF 45 9E BF FF | T:206116 RPD:0
[CH: 50] LEN: 12 | HEX: F1 77 FA F7 FE 79 91 F7 4C 56 BF FF | T:206127 RPD:1
[CH: 50] LEN: 12 | HEX: F9 77 FE FC FE 72 91 FE D0 58 BF FF | T:206127 RPD:0
[CH: 50] LEN: 12 | HEX: F1 77 FF FB FE 75 91 FE 72 1C AF FF | T:206139 RPD:1
[CH: 50] LEN: 12 | HEX: F9 77 FD F8 FE 76 91 FF 45 9E BF D9 | T:206150 RPD:1
[CH: 50] LEN: 12 | HEX: F9 77 FE F7 FD 79 91 FF CC 56 B6 F5 | T:206150 RPD:0
[CH: 50] LEN: 12 | HEX: F1 77 F4 FC FC 72 91 FF 10 58 AF FF | T:206162 RPD:1
[CH: 50] LEN: 12 | HEX: F9 77 F5 F8 FE 76 91 FE 85 9E AF 7F | T:206162 RPD:0
[CH: 50] LEN: 12 | HEX: F1 77 BA F7 FF 79 91 EF 4C 56 BD BF | T:206173 RPD:1
[CH: 50] LEN: 12 | HEX: F9 77 FE FD FE 73 91 FF 0D 39 BB BF | T:206184 RPD:1
[CH: 50] LEN: 12 | HEX: F9 77 BD FC FE 72 91 FF 90 58 BB FD | T:206185 RPD:0
[CH: 50] LEN: 12 | HEX: F9 77 BD F9 FE 77 91 FF 58 FF AF BB | T:206196 RPD:1
[CH: 50] LEN: 12 | HEX: F9 77 FE FD FE 73 91 FF 0D 39 AF F7 | T:206196 RPD:0
[CH: 50] LEN: 12 | HEX: F1 77 FF FC FE 72 91 EF 50 58 BF BD | T:206208 RPD:1
[CH: 50] LEN: 12 | HEX: F9 77 DD F9 F4 77 91 EF 58 FF BF FF | T:206208 RPD:0
[CH: 50] LEN: 12 | HEX: F9 77 BD F8 FE 76 91 FF E5 9E B7 FF | T:206219 RPD:1
[CH: 50] LEN: 12 | HEX: F9 77 BA FD FE 73 91 FF 8D 39 BF DD | T:206230 RPD:1
[CH: 50] LEN: 12 | HEX: F1 77 FD FC F6 72 91 ED 50 58 BE DB | T:206231 RPD:0
[CH: 50] LEN: 12 | HEX: F9 77 DF F1 FE 77 91 FF 58 F5 AF EF | T:206242 RPD:1
[CH: 50] LEN: 12 | HEX: F1 77 DD FC FE 70 91 FF 7A BB BF BF | T:206242 RPD:0
[CH: 50] LEN: 12 | HEX: F9 77 D4 FB FE 73 91 FF 0D 39 B5 FF | T:206254 RPD:1
[CH: 50] LEN: 12 | HEX: F1 77 BE FA FA 74 91 FE AF 7D BE BF | T:206254 RPD:0
[CH: 50] LEN: 12 | HEX: F9 77 DC F9 FE 77 91 FF 58 F7 6F BE | T:206265 RPD:1
[CH: 50] LEN: 12 | HEX: F9 7F FD FE FE 70 91 EE BA BB 3D FB | T:206276 RPD:1
[CH: 50] LEN: 12 | HEX: F9 77 AC FD F6 73 91 FF 0D 39 AF FB | T:206277 RPD:0
[CH: 50] LEN: 12 | HEX: F9 77 DC FA EA 74 91 FB BF 79 AF BF | T:206288 RPD:1
[CH: 50] LEN: 12 | HEX: F1 77 FD F6 FE 70 91 FF BA BB BF F5 | T:206288 RPD:0
[CH: 50] LEN: 12 | HEX: F9 77 FC F5 EE 73 91 FF 0D 39 BB FF | T:206300 RPD:1
[CH: 50] LEN: 12 | HEX: F9 77 FA FA F5 74 91 ED 4F 79 BF F9 | T:206311 RPD:1
[CH: 50] LEN: 12 | HEX: F1 77 BD F1 FE 77 91 FF 58 FF BF EF | T:206311 RPD:0
[CH: 50] LEN: 12 | HEX: F1 77 BD E7 FF 79 91 EF 0C 56 AF BF | T:206322 RPD:1
[CH: 50] LEN: 12 | HEX: F1 77 FD FB FE 75 91 FE 72 1C B6 FB | T:206323 RPD:0
[CH: 50] LEN: 12 | HEX: F9 77 DE FA FA 74 91 FF FF 7D BF FB | T:206334 RPD:1
[CH: 50] LEN: 12 | HEX: F1 77 FB F7 F5 79 91 ED 4C 56 AF FF | T:206334 RPD:0
[CH: 50] LEN: 12 | HEX: F9 77 BA FE F6 70 91 FF 7A BB BE D5 | T:206345 RPD:1
[CH: 50] LEN: 12 | HEX: F9 77 EE F3 DE 75 91 FE F2 1C BF 7F | T:206357 RPD:1
[CH: 50] LEN: 12 | HEX: E9 77 DB F2 EE 74 91 FE AF 79 BF FF | T:206357 RPD:1
[CH: 50] LEN: 12 | HEX: F1 77 BC F7 DC 79 91 FE CC 56 BF FF | T:206368 RPD:1
[CH: 50] LEN: 12 | HEX: F9 77 D4 FC FE 72 91 FB D0 58 B5 F5 | T:206369 RPD:0
[CH: 50] LEN: 12 | HEX: F9 77 FD FA F6 74 91 FF 6F 7D B7 5E | T:206380 RPD:1
[CH: 50] LEN: 12 | HEX: F1 77 BD F0 FA 76 91 FF C5 9E BD FF | T:206380 RPD:0
[CH: 50] LEN: 12 | HEX: F1 77 BD F7 DE 79 91 EE CC 56 BF FF | T:206391 RPD:0
[CH: 50] LEN: 12 | HEX: F9 77 BA FE FE 70 91 EF 7A BB BF FF | T:206403 RPD:1
[CH: 50] LEN: 12 | HEX: F9 77 FD FD EE 73 91 FE 0D 39 AF FF | T:206403 RPD:1
[CH: 50] LEN: 12 | HEX: F9 77 BA FC FE 72 91 F7 90 58 AF FF | T:206415 RPD:1
[CH: 50] LEN: 12 | HEX: F9 77 FB EF FE 75 91 FE F2 1C BF 7B | T:206418 RPD:1
[CH: 50] LEN: 12 | HEX: F9 77 FF FA FE 74 91 FF EF 7D BF F7 | T:206429 RPD:1
[CH: 50] LEN: 12 | HEX: F1 77 FE F9 FE 77 91 FF 58 FF AB DF | T:206430 RPD:0
[CH: 50] LEN: 12 | HEX: F9 77 BA F8 FC 76 91 EF 45 9E BF F3 | T:206441 RPD:1
[CH: 50] LEN: 12 | HEX: F9 77 FD F7 FF 79 91 F7 4C 56 AF FF | T:206441 RPD:0
[CH: 50] LEN: 12 | HEX: F1 77 5A F4 F6 70 91 F7 BA BB AD BF | T:206453 RPD:1
[CH: 50] LEN: 12 | HEX: F9 77 74 FB FE 75 91 EF 72 1C BF FD | T:206464 RPD:1
[CH: 50] LEN: 12 | HEX: F9 77 BD FA FD 74 91 FF AF 79 BF F7 | T:206464 RPD:0
[CH: 50] LEN: 12 | HEX: F1 77 BD F7 F4 79 91 EE CC 56 BD ED | T:206475 RPD:1
[CH: 50] LEN: 12 | HEX: F9 77 FA FB DD 75 91 FF 72 1C BF FB | T:206476 RPD:0
[CH: 50] LEN: 12 | HEX: F9 77 FB FA FC 74 91 FF 9F 7D BB EF | T:206487 RPD:1
[CH: 50] LEN: 12 | HEX: F9 77 DE E7 EA 79 91 F7 8C 56 BF F7 | T:206487 RPD:0
[CH: 50] LEN: 12 | HEX: F1 77 DD FE FE 70 91 F7 7A BB B7 5F | T:206498 RPD:0
[CH: 50] LEN: 12 | HEX: F9 77 DE F6 FC 72 91 FF 90 58 BF FF | T:206510 RPD:1
[CH: 50] LEN: 12 | HEX: F1 77 BB EB FE 75 91 FF 72 1C BF D2 | T:206510 RPD:1
[CH: 50] LEN: 12 | HEX: F1 77 FF F2 FC 74 91 FF DF 79 AD BC | T:206527 RPD:1
[CH: 50] LEN: 12 | HEX: F9 77 DD F9 FE 77 91 EA 58 FF BF FF | T:206530 RPD:1
[CH: 50] LEN: 12 | HEX: F9 77 FD F8 FE 76 91 EE 85 9E B7 BD | T:206533 RPD:1
[CH: 50] LEN: 12 | HEX: F1 77 BC F7 7D 79 91 FE CC 56 BF FF | T:206553 RPD:1
[CH: 50] LEN: 12 | HEX: F9 77 FE F6 FE 70 91 F5 BA BB AE F7 | T:206556 RPD:1
[CH: 50] LEN: 12 | HEX: F1 77 FA FD FB 73 91 FB 0D 39 BD F7 | T:206559 RPD:1
[CH: 50] LEN: 12 | HEX: F9 77 BD FC FC 72 91 F7 90 58 BF 6F | T:206570 RPD:1
[CH: 50] LEN: 12 | HEX: F9 77 FE FB FE 75 91 DF 72 1C BD FF | T:206571 RPD:0
[CH: 50] LEN: 12 | HEX: F9 77 FB FA F5 74 91 FA EF 7D AA AB | T:206582 RPD:1
[CH: 50] LEN: 12 | HEX: F9 77 BE F9 EE 77 91 EA 58 FA BF FF | T:206582 RPD:0
[CH: 50] LEN: 12 | HEX: F9 77 BD F0 EC 76 91 EE A5 9E BF 7F | T:206593 RPD:1
[CH: 50] LEN: 12 | HEX: F1 77 AE F9 FE 73 91 FF 0D 39 BD FF | T:206605 RPD:1
[CH: 50] LEN: 12 | HEX: F9 77 DB F4 FA 72 91 FF 10 58 AF FB | T:206605 RPD:0
[CH: 50] LEN: 12 | HEX: F9 77 FF F9 F6 77 91 FF 58 FF FF FF | T:206616 RPD:1
[CH: 50] LEN: 12 | HEX: F1 77 7E F0 F5 76 91 DF C5 9E B7 F7 | T:206616 RPD:1
[CH: 50] LEN: 12 | HEX: F9 77 DE F7 BD 79 91 FF 8C 56 A5 FF | T:206628 RPD:1
[CH: 50] LEN: 12 | HEX: F9 77 FD FA FE 70 91 F6 FA BB BD BF | T:206639 RPD:1
[CH: 50] LEN: 12 | HEX: F1 77 F6 F5 FE 73 91 EF 0D 39 AB EE | T:206639 RPD:0
[CH: 50] LEN: 12 | HEX: F9 77 DD FB EC 75 91 D7 72 1C AF 7B | T:206651 RPD:1
[CH: 50] LEN: 12 | HEX: F9 77 DE F7 FF 79 91 FE CC 56 BF 7F | T:206651 RPD:0
[CH: 50] LEN: 12 | HEX: F9 77 FD FA FE 70 91 EF B2 BB FF 7B | T:206662 RPD:1
[CH: 50] LEN: 12 | HEX: F1 7F B7 F3 DE 75 91 FF 72 1C AF FF | T:206662 RPD:0
[CH: 50] LEN: 12 | HEX: F1 77 FE F2 FA 74 91 EF 4E 7D BF AF | T:206674 RPD:1
[CH: 50] LEN: 12 | HEX: F9 77 EA F0 FA 76 91 F7 85 9E BF FF | T:206685 RPD:1
[CH: 50] LEN: 12 | HEX: F1 77 FA F7 DA 79 91 FB 0C 56 B7 DD | T:206685 RPD:0
[CH: 50] LEN: 12 | HEX: F9 77 F6 F4 FE 72 91 EF 50 58 AF EE | T:206697 RPD:1
[CH: 50] LEN: 12 | HEX: F9 77 FD F0 FE 76 91 F7 C5 9E BD BF | T:206697 RPD:0
[CH: 50] LEN: 12 | HEX: F9 77 DD F7 DE 71 91 FF 0C 56 BF FD | T:206708 RPD:1
[CH: 50] LEN: 12 | HEX: F9 77 B5 F8 FE 72 91 DE 90 58 B7 D4 | T:206708 RPD:0
[CH: 50] LEN: 12 | HEX: F9 77 FE FB EA 75 91 FF 72 1C B4 FF | T:206720 RPD:1
[CH: 50] LEN: 12 | HEX: F1 77 A9 F8 FE 76 91 FE 85 9E BB F7 | T:206731 RPD:1
[CH: 50] LEN: 12 | HEX: F9 77 FB F7 EE 79 91 FF 8C 56 BF FB | T:206731 RPD:0
[CH: 50] LEN: 12 | HEX: F9 77 FD F8 FE 72 91 FF 50 58 B5 BE | T:206743 RPD:1
[CH: 50] LEN: 12 | HEX: F9 77 FA F9 FE 77 91 FF 58 FF AB F7 | T:206743 RPD:0
[CH: 50] LEN: 12 | HEX: F1 77 BB F0 FD 76 91 DF 45 9E BE B6 | T:206754 RPD:0
[CH: 50] LEN: 12 | HEX: F9 77 FC F7 FA 79 91 F7 0C 56 BB D5 | T:206765 RPD:1
[CH: 50] LEN: 12 | HEX: F9 77 EE F6 F4 70 91 F7 3A BB 2E F7 | T:206775 RPD:1
[CH: 50] LEN: 12 | HEX: F9 77 FC F5 FA 73 91 DE 0D 39 B5 5F | T:206779 RPD:1
[CH: 50] LEN: 12 | HEX: F1 77 FF F3 D6 75 91 FB 72 1C AF FF | T:206785 RPD:1
[CH: 50] LEN: 12 | HEX: F9 77 BF FA F6 74 91 FF EF 7D BD FD | T:206788 RPD:1
[CH: 50] LEN: 12 | HEX: F9 77 F5 F9 FE 77 11 DE D8 FF 7B 7F | T:206799 RPD:1
[CH: 50] LEN: 12 | HEX: F9 77 DD F8 F4 76 91 ED 45 9E BF FA | T:206799 RPD:0
[CH: 50] LEN: 12 | HEX: F1 77 FD F7 BD 71 91 F6 CC 56 BF FC | T:206811 RPD:1
[CH: 50] LEN: 12 | HEX: F9 77 DF FE FA 70 91 FF BA BB BF BF | T:206811 RPD:0
[CH: 50] LEN: 12 | HEX: F1 77 DB FD FE 73 91 FF 8D 39 AD FE | T:206822 RPD:1
[CH: 50] LEN: 12 | HEX: F9 77 F6 FA F6 74 91 EB 4F 7D B7 FF | T:206833 RPD:1
[CH: 50] LEN: 12 | HEX: F9 77 EA F1 FE 77 91 F7 58 FA AF B7 | T:206834 RPD:0
[CH: 50] LEN: 12 | HEX: F1 77 FD FE FB 70 91 FF BA BB BF F7 | T:206845 RPD:1
[CH: 50] LEN: 12 | HEX: F9 77 DD FA F6 74 91 FF 4F 7D BF 7F | T:206845 RPD:0
[CH: 50] LEN: 12 | HEX: F9 77 FE F9 F6 77 D1 EE 58 FF 6F DF | T:206857 RPD:1
[CH: 50] LEN: 12 | HEX: F9 77 FF FC FE 70 91 F7 7A BB BF EF | T:206868 RPD:1
[CH: 50] LEN: 12 | HEX: F1 77 FD ED FE 73 91 EA 0D 39 BF FF | T:206868 RPD:0
[CH: 50] LEN: 12 | HEX: E9 77 DE EA FE 74 91 FE AF 77 AE DB | T:206879 RPD:1
[CH: 50] LEN: 12 | HEX: F1 77 FB F7 FE 79 91 ED 0C 56 BE FB | T:206880 RPD:0
[CH: 50] LEN: 12 | HEX: F9 77 FC FE F4 70 91 FF BA BB BB FF | T:206891 RPD:1
[CH: 50] LEN: 12 | HEX: F9 77 FD F7 EA 75 91 D6 F2 1C AF FB | T:206891 RPD:0
[CH: 50] LEN: 12 | HEX: F9 77 AA F9 F4 77 91 EE 58 F7 B7 FB | T:206903 RPD:1
[CH: 50] LEN: 12 | HEX: F9 77 DC FE FC 70 91 FF 3A BB B7 BA | T:206914 RPD:1
[CH: 50] LEN: 12 | HEX: F9 77 FE F5 EE 73 91 FD 8D 39 BA F5 | T:206914 RPD:0
[CH: 50] LEN: 12 | HEX: F9 77 FD F3 EE 7D 91 F5 72 1C BD FE | T:206925 RPD:1
[CH: 50] LEN: 12 | HEX: F9 77 FE FA EA 74 91 FE AE 79 BB FE | T:206926 RPD:1
[CH: 50] LEN: 12 | HEX: F9 77 FD F9 FE 77 91 FF 58 F5 6B FD | T:206937 RPD:1
[CH: 50] LEN: 12 | HEX: F1 77 FD F8 FE 76 91 FF A5 9E BF FF | T:206937 RPD:0
[CH: 50] LEN: 12 | HEX: F1 77 FF F7 FD 79 91 FF 4C 56 BF FF | T:206949 RPD:1
[CH: 50] LEN: 12 | HEX: F1 77 FF FD FE 73 91 FF 0D 39 BB F7 | T:206960 RPD:1
[CH: 50] LEN: 12 | HEX: F1 77 D4 FC FE 72 91 D6 90 58 BE FF | T:206960 RPD:0
[CH: 50] LEN: 12 | HEX: F9 77 FD F9 F5 77 91 FF 58 FB BF FF | T:206971 RPD:1
[CH: 50] LEN: 12 | HEX: F9 77 FD F4 FE 74 91 EA BA BB BB DB | T:206972 RPD:0
[CH: 50] LEN: 12 | HEX: F9 77 FD FD FE 73 91 EA 0D 39 AF FF | T:206983 RPD:1
[CH: 50] LEN: 12 | HEX: F9 77 FF F2 FE 74 91 ED 8F 7D BD BF | T:206994 RPD:1
[CH: 50] LEN: 12 | HEX: F1 77 FD F9 FE 77 91 EA 58 F5 BD F7 | T:206995 RPD:0
[CH: 50] LEN: 12 | HEX: F1 77 FD FE F6 70 91 EF FA BB BE CD | T:207006 RPD:1
[CH: 50] LEN: 12 | HEX: F9 77 FE FA FC 74 91 EF 2F 79 BD FF | T:207006 RPD:0
[CH: 50] LEN: 12 | HEX: F9 77 EE F9 FE 77 91 FF 58 FF BF D6 | T:207017 RPD:0
[CH: 50] LEN: 12 | HEX: F9 77 FE FC FE 70 91 F7 BA BB BE FA | T:207026 RPD:1
[CH: 50] LEN: 12 | HEX: F9 77 7B FD F6 73 91 FF 0D 39 BF BF | T:207029 RPD:1
[CH: 50] LEN: 12 | HEX: F1 7F DE F8 FC 72 91 FF 10 58 AD FD | T:207040 RPD:1
[CH: 50] LEN: 12 | HEX: F9 77 DE FB F5 75 91 EF 72 1C BF FF | T:207040 RPD:0
[CH: 50] LEN: 12 | HEX: ED 77 7A FA F6 74 91 F5 5F 79 BF 7F | T:207051 RPD:1
[CH: 50] LEN: 12 | HEX: F1 77 DD F9 EA 77 91 F6 58 EF FD F7 | T:207052 RPD:0
[CH: 50] LEN: 12 | HEX: F9 77 EE F8 FE 76 91 EB 45 9C BF FF | T:207063 RPD:1
[CH: 50] LEN: 12 | HEX: F9 77 FE FD F4 73 91 EF 0D 39 BF DD | T:207063 RPD:0
[CH: 50] LEN: 12 | HEX: F9 77 FE FC FE 72 91 FF 90 58 BF AF | T:207075 RPD:1
[CH: 50] LEN: 12 | HEX: F9 77 BA F9 EA 7F 91 FD 58 FF 7F F7 | T:207086 RPD:1
[CH: 50] LEN: 12 | HEX: F9 77 FB F8 FC 76 91 FF E5 9E B7 FA | T:207086 RPD:0
[CH: 50] LEN: 12 | HEX: F1 77 BE FD F6 73 91 EF 0D 39 BF DF | T:207097 RPD:0
[CH: 50] LEN: 12 | HEX: F9 77 FA 00 00 71 91 ED 85 C2 BF FF | T:207114 RPD:1
[CH: 50] LEN: 12 | HEX: F9 77 FD 80 00 71 91 FF 05 C2 BB FF | T:207115 RPD:1
[CH: 50] LEN: 12 | HEX: F0 6D FF 00 FE FC 97 FD E8 9E BB FA | T:207145 RPD:1
[CH: 50] LEN: 12 | HEX: F8 6D FF 00 FD F4 97 AE E8 9E BF FF | T:207145 RPD:1
[CH: 50] LEN: 12 | HEX: F1 77 EF 00 00 71 97 F5 AF 64 BF 7B | T:207414 RPD:1
[CH: 50] LEN: 12 | HEX: F8 6D FF 00 FE FA 97 BD 68 9C AF FE | T:207444 RPD:1
[CH: 50] LEN: 12 | HEX: F8 6D FD 00 FE FC 97 FE E8 9E BA DF | T:207445 RPD:1
[CH: 50] LEN: 12 | HEX: F9 77 D5 80 00 71 97 F5 AF 64 BB BB | T:207714 RPD:1
[CH: 50] LEN: 12 | HEX: F9 77 FD 80 00 71 97 FA AF 64 BF FF | T:207714 RPD:1
[CH: 50] LEN: 12 | HEX: F8 6D FE 80 FE F8 97 DD 68 9E AF 77 | T:207744 RPD:1
[CH: 50] LEN: 12 | HEX: F8 6D FF 00 FB FC 97 FD 68 9E AB FD | T:207745 RPD:1
[CH: 50] LEN: 12 | HEX: F9 77 5A 80 00 71 97 FE AF 64 B7 B7 | T:208013 RPD:1
[CH: 50] LEN: 12 | HEX: F9 77 DE 80 00 71 97 DD 2F 64 AE BF | T:208014 RPD:1
[CH: 50] LEN: 12 | HEX: F8 6D F7 00 FE FC 97 BA 68 9E BF FD | T:208044 RPD:1
[CH: 50] LEN: 12 | HEX: F0 6D EE 00 FB FC 97 FE E8 9E BF FF | T:208044 RPD:1
[CH: 50] LEN: 12 | HEX: FD 77 DE 80 00 71 97 EA AF 64 B7 FD | T:208313 RPD:1
[CH: 50] LEN: 12 | HEX: F1 77 D6 80 00 71 97 FF 6F 64 BB FE | T:208314 RPD:1
[CH: 50] LEN: 12 | HEX: F0 6D FF 00 FE FC 97 DD E8 9E BE FB | T:208344 RPD:1
[CH: 50] LEN: 12 | HEX: F4 6D FA 00 FE F8 97 D6 E8 9E BF DF | T:208344 RPD:1
[CH: 50] LEN: 12 | HEX: F9 77 EE 00 00 71 97 AA AF 64 BF EF | T:208613 RPD:1
[CH: 50] LEN: 12 | HEX: F9 77 F4 80 00 75 97 FF 6F 64 BF EA | T:208613 RPD:1
[CH: 50] LEN: 12 | HEX: F8 6D FF 00 F6 F8 97 D5 68 9E BF DD | T:208643 RPD:1
[CH: 50] LEN: 12 | HEX: F8 6D DF 00 FC FA 97 D7 68 9E BF FF | T:208644 RPD:1
[CH: 50] LEN: 12 | HEX: F9 77 AD 00 00 71 97 FA AF 64 BE FF | T:208912 RPD:1
[CH: 50] LEN: 12 | HEX: F1 77 FD 00 00 71 97 DF 6F 64 BF 7A | T:208913 RPD:1
[CH: 50] LEN: 12 | HEX: F8 6D EF 00 FA FC 97 FE E8 9C AF FF | T:208943 RPD:1
[CH: 50] LEN: 12 | HEX: F8 6D FF 80 FC F4 97 FE E8 9C B7 DD | T:208944 RPD:1
[CH: 50] LEN: 12 | HEX: F9 77 FE 80 00 71 97 FE AF 64 BF DF | T:209212 RPD:1
[CH: 50] LEN: 12 | HEX: F5 77 FE 80 00 71 97 FE AF 64 BF DF | T:209213 RPD:1
[CH: 50] LEN: 12 | HEX: F8 6D EE 00 F6 FC 97 DE E8 9E BF ED | T:209243 RPD:1
[CH: 50] LEN: 12 | HEX: F8 69 FF 00 FE FC 97 EE 68 9E BA F7 | T:209243 RPD:1
[CH: 50] LEN: 12 | HEX: F1 77 BD 00 00 71 97 AB AF 64 B7 FF | T:209512 RPD:1
[CH: 50] LEN: 12 | HEX: F9 77 BA 00 00 71 97 7A AF 64 B7 FE | T:209513 RPD:1
[CH: 50] LEN: 12 | HEX: F8 6D F7 00 FA F8 97 DE E8 9E BF DD | T:209542 RPD:1
[CH: 50] LEN: 12 | HEX: F8 6D FB 00 FE FC 97 FD 68 9E BF EF | T:209543 RPD:1
[CH: 50] LEN: 12 | HEX: F9 77 AB 00 00 71 97 FF 6F 64 B6 B9 | T:209812 RPD:1
[CH: 50] LEN: 12 | HEX: F9 77 F5 00 00 71 97 FF AF 64 AF FA | T:209812 RPD:1
[CH: 50] LEN: 12 | HEX: F8 6D FF 00 FE F8 97 FF 68 9E AF DD | T:209843 RPD:1
[CH: 50] LEN: 12 | HEX: F9 77 AF 00 00 71 97 FE EF 64 BF 7F | T:210111 RPD:1
[CH: 50] LEN: 12 | HEX: F1 77 F5 00 00 71 97 DF 6F 64 AF 5A | T:210112 RPD:1
[CH: 50] LEN: 12 | HEX: F0 6D FE 00 EE F4 97 DD 68 9E BF E5 | T:210142 RPD:1
[CH: 50] LEN: 12 | HEX: F8 6D DF 00 EA F8 97 FC E8 9E B7 EF | T:210143 RPD:1
[CH: 50] LEN: 12 | HEX: F5 77 FE 80 00 71 97 EB 6F 64 BF 3F | T:210411 RPD:1
[CH: 50] LEN: 12 | HEX: F9 77 5E 00 00 71 97 AF AF 64 BD FB | T:210412 RPD:1
[CH: 50] LEN: 12 | HEX: F0 6D FF 00 F4 F4 97 FF 68 9E BF 7F | T:210442 RPD:1
[CH: 50] LEN: 12 | HEX: F4 6D EF 00 F6 F4 97 75 68 9E BF EF | T:210442 RPD:1
[CH: 50] LEN: 12 | HEX: F1 77 D6 80 00 71 97 AA AF 64 BE EE | T:210711 RPD:1
[CH: 50] LEN: 12 | HEX: F1 77 BA 80 00 71 97 FD AF 64 BF FF | T:210712 RPD:1
[CH: 50] LEN: 12 | HEX: F8 6D DE 80 FE FC 97 5B 68 9E BD 7B | T:210741 RPD:1
[CH: 50] LEN: 12 | HEX: F0 6D FE 80 FA FC 97 B8 68 9E B7 FF | T:210742 RPD:1
[CH: 50] LEN: 12 | HEX: F1 77 DE 00 00 71 97 FD 2E 64 B5 FB | T:211011 RPD:1
[CH: 50] LEN: 12 | HEX: F5 77 FD 80 00 71 97 B5 AF 64 B5 EF | T:211011 RPD:1
[CH: 50] LEN: 12 | HEX: F0 6D F7 00 FE EA 97 7A E8 9C BF DF | T:211041 RPD:1
[CH: 50] LEN: 12 | HEX: F0 6D FF 00 FE FC 97 FE E8 9E B7 EF | T:211042 RPD:1
[CH: 50] LEN: 12 | HEX: F1 77 AF 00 00 79 97 FE 6F 64 BF DF | T:211310 RPD:1
[CH: 50] LEN: 12 | HEX: F9 77 FE 80 00 71 97 D7 AF 64 BE EF | T:211311 RPD:1
[CH: 50] LEN: 12 | HEX: F8 6D EF 00 F5 F8 97 DE E8 9E BF FD | T:211341 RPD:1
[CH: 50] LEN: 12 | HEX: F8 6D FF 80 FE FC 97 FD 68 9E BD FF | T:211342 RPD:1
[CH: 50] LEN: 12 | HEX: F1 77 AF 00 00 71 97 BD 2F 64 BB EF | T:211610 RPD:1
[CH: 50] LEN: 12 | HEX: F1 77 FF 00 00 71 97 FF 2F 64 BF FF | T:211611 RPD:1
[CH: 50] LEN: 12 | HEX: F8 6D F7 00 FE FC 97 FA E8 9E B7 FF | T:211641 RPD:1
[CH: 50] LEN: 12 | HEX: F0 6D FF 00 FE FC 97 FE E8 9C BD EB | T:211641 RPD:1
[CH: 50] LEN: 12 | HEX: FA 78 F7 5C 7E F8 97 DD 40 A1 BE BB | T:211693 RPD:1
[CH: 50] LEN: 12 | HEX: F2 78 FF BC 7A E8 97 BD 40 A1 BF BD | T:211694 RPD:1
[CH: 50] LEN: 12 | HEX: FA 7B FF 00 81 FC 97 FF 57 ED AF DE | T:211705 RPD:1
[CH: 50] LEN: 12 | HEX: FA 7B FE 00 81 FC 97 FD 67 FD BD FF | T:211706 RPD:1
[CH: 50] LEN: 12 | HEX: F9 77 7A F6 EC 70 97 FF 10 1D BE BA | T:211728 RPD:1
[CH: 50] LEN: 12 | HEX: F9 77 FD FD FE 73 97 FE A7 9F 3F FF | T:211731 RPD:1
[CH: 50] LEN: 12 | HEX: F1 77 BB EB FE 75 97 FB D8 BA BF FD | T:211734 RPD:1
[CH: 50] LEN: 12 | HEX: F1 77 FE F2 F6 74 97 FD C5 DB B7 F7 | T:211745 RPD:1
[CH: 50] LEN: 12 | HEX: F9 77 FF F1 EE 77 97 FF 52 59 BF EA | T:211745 RPD:0
[CH: 50] LEN: 12 | HEX: F9 77 DE F8 FE 76 97 BE EF 38 AF 7F | T:211757 RPD:1
[CH: 50] LEN: 12 | HEX: F1 7F FA F7 D6 79 97 BA A6 E0 BD FF | T:211757 RPD:0
[CH: 50] LEN: 12 | HEX: F9 77 BB FE FE 70 97 7A 90 1D AF FB | T:211768 RPD:0
[CH: 50] LEN: 12 | HEX: F9 77 FE F2 FE 74 97 EF 45 DB A5 77 | T:211779 RPD:1
[CH: 50] LEN: 12 | HEX: F9 77 FD F1 EE 77 97 FE B2 59 BF 5E | T:211780 RPD:1
[CH: 50] LEN: 12 | HEX: F9 77 FE F8 FE 76 97 FE EF 3C B6 BF | T:211791 RPD:1
[CH: 50] LEN: 12 | HEX: F9 77 FE F7 EE 79 97 FE A6 F0 BF FF | T:211791 RPD:0
[CH: 50] LEN: 12 | HEX: F9 77 FB FE F4 70 97 FD 90 1D BA FF | T:211803 RPD:1
[CH: 50] LEN: 12 | HEX: F1 77 DD FB BD 75 97 BA 98 BA BF DF | T:211814 RPD:1
[CH: 50] LEN: 12 | HEX: F9 77 FC FA FE 74 97 FF C5 DB B7 B7 | T:211814 RPD:0
[CH: 50] LEN: 12 | HEX: F9 77 FD F7 DE 79 97 FF 26 F0 BF EE | T:211825 RPD:1
[CH: 50] LEN: 12 | HEX: F9 77 FE FA F4 74 97 F5 45 DB AF FB | T:211826 RPD:0
[CH: 50] LEN: 12 | HEX: F1 77 FF F0 FE 76 97 BD 6F 38 AD 7D | T:211837 RPD:1
[CH: 50] LEN: 12 | HEX: F9 77 FE FE FE 70 97 AA 10 1D AF 67 | T:211837 RPD:0
[CH: 50] LEN: 12 | HEX: F9 77 AE FB EE 7B 97 DD 27 9F BB DF | T:211849 RPD:1
[CH: 50] LEN: 12 | HEX: F9 77 AC FA F6 74 97 FD 45 DB BD FF | T:211860 RPD:1
[CH: 50] LEN: 12 | HEX: F5 77 FD F9 FE 77 97 FE B2 59 BF FD | T:211860 RPD:0
[CH: 50] LEN: 12 | HEX: F1 77 FE EC F5 70 97 FE 90 1D BF FB | T:211871 RPD:1
[CH: 50] LEN: 12 | HEX: F5 77 FC F1 FC 77 97 7A F2 59 BD FF | T:211872 RPD:0
[CH: 50] LEN: 12 | HEX: F1 77 FD F4 FD 76 97 FE EF 38 AF FF | T:211883 RPD:1
[CH: 50] LEN: 12 | HEX: F9 77 DC FD FA 73 97 FD 67 9F BD DF | T:211883 RPD:0
[CH: 50] LEN: 12 | HEX: E9 77 FE F3 DF 75 97 FD 58 BA BB F7 | T:211894 RPD:1
[CH: 50] LEN: 12 | HEX: F5 77 5E F0 FE 76 97 FE EE 38 AF F7 | T:211906 RPD:1
[CH: 50] LEN: 12 | HEX: F9 77 DD F7 FD 79 97 AE A6 F0 BF FF | T:211906 RPD:0
[CH: 50] LEN: 12 | HEX: F9 77 FD F3 FE 75 97 FD 58 BA BF EF | T:211917 RPD:1
[CH: 50] LEN: 12 | HEX: E9 77 FE F8 FE 76 97 FD EF 38 BA FF | T:211918 RPD:0
[CH: 50] LEN: 12 | HEX: F9 77 FE F7 AE 79 97 FE A6 F0 BF F7 | T:211929 RPD:1
[CH: 50] LEN: 12 | HEX: F9 77 FE FB DE 75 97 FF 78 BA BF FF | T:211940 RPD:1
[CH: 50] LEN: 12 | HEX: F9 77 B4 F2 F4 74 97 D6 C5 DB BD F7 | T:211940 RPD:0
[CH: 50] LEN: 12 | HEX: F9 77 DE F7 D6 79 97 F6 A6 F0 BF 56 | T:211952 RPD:1
[CH: 50] LEN: 12 | HEX: F9 77 FB FA FE 74 97 FD C5 DB B3 FD | T:211952 RPD:0
[CH: 50] LEN: 12 | HEX: F9 77 FF F1 EA 77 97 DE F2 59 B7 FA | T:211963 RPD:1
[CH: 50] LEN: 12 | HEX: F9 77 EE FE F6 74 97 FF 90 1D B7 EF | T:211964 RPD:0
[CH: 50] LEN: 12 | HEX: F9 77 EE FD FE 73 97 FE A7 9F BF 7B | T:211975 RPD:1
[CH: 50] LEN: 12 | HEX: F9 77 FE F9 FE 77 97 FE B2 59 BF FF | T:211986 RPD:1
[CH: 50] LEN: 12 | HEX: E9 77 5B E8 EA 76 97 54 6E 38 BB F7 | T:211986 RPD:0
[CH: 50] LEN: 12 | HEX: F9 77 FE FE FA 70 97 AD 10 1D BF FF | T:211998 RPD:1
[CH: 50] LEN: 12 | HEX: F1 77 AE F1 EE 77 97 FF 52 59 BF FF | T:211998 RPD:0
[CH: 50] LEN: 12 | HEX: F9 77 DD F8 FE 76 97 FC EF 38 BE EF | T:212009 RPD:1
[CH: 50] LEN: 12 | HEX: F1 77 FC E9 FF 73 97 BD 27 9F BF BF | T:212010 RPD:0
[CH: 50] LEN: 12 | HEX: F9 77 FE F3 DE 75 97 DD 58 BA BF 7F | T:212021 RPD:1
[CH: 50] LEN: 12 | HEX: F9 77 FE F0 FE 76 97 FE 6F 38 BF FF | T:212032 RPD:1
[CH: 50] LEN: 12 | HEX: F9 77 FD F7 FE 79 97 FF 26 F0 BF 6F | T:212032 RPD:1
[CH: 50] LEN: 12 | HEX: F1 77 FE FA FD 74 97 FE C5 DB B5 DD | T:212044 RPD:1
[CH: 50] LEN: 12 | HEX: F1 77 FE F7 FD 79 97 FE 26 F0 BF BD | T:212044 RPD:0
[CH: 50] LEN: 12 | HEX: F9 77 FE FE FE 70 97 FF 10 1D B7 FF | T:212055 RPD:1
[CH: 50] LEN: 12 | HEX: F9 77 FD FB FC 75 97 FD D8 BA B7 BB | T:212056 RPD:0
[CH: 50] LEN: 12 | HEX: F9 77 FD FA FA 74 97 BD C5 DB BB DE | T:212067 RPD:1
[CH: 50] LEN: 12 | HEX: F9 77 FE F7 FE 79 97 BA 26 F0 BE BB | T:212078 RPD:1
[CH: 50] LEN: 12 | HEX: F9 77 FD FE FE 70 97 FF 10 1D B7 7F | T:212078 RPD:0
[CH: 50] LEN: 12 | HEX: F1 77 DC EA FA 74 97 BB 45 DB FF FF | T:212090 RPD:0
[CH: 50] LEN: 12 | HEX: F9 77 FB F0 F6 76 97 BE EF 38 BB D6 | T:212091 RPD:1
[CH: 50] LEN: 12 | HEX: F9 77 EE F7 DE 79 97 F5 26 F0 BF F7 | T:212103 RPD:1
[CH: 50] LEN: 12 | HEX: F9 77 FF FC FE 70 97 BE 90 1D BA B5 | T:212103 RPD:0
[CH: 50] LEN: 12 | HEX: F9 77 EE FD FA 73 97 FF 67 9F BB DD | T:212114 RPD:1
[CH: 50] LEN: 12 | HEX: F9 77 FD EB ED 75 97 FD 58 BA BF C1 | T:212126 RPD:1
[CH: 50] LEN: 12 | HEX: F9 77 EC FA FE 74 97 FD C5 DB B7 F7 | T:212126 RPD:1
[CH: 50] LEN: 12 | HEX: F9 77 5E F1 FE 77 97 FE A2 59 BF BB | T:212137 RPD:1
[CH: 50] LEN: 12 | HEX: F5 77 FC F8 FA 76 97 FF 6F 38 B7 BD | T:212137 RPD:0
[CH: 50] LEN: 12 | HEX: F9 77 FD F7 FE 79 97 DA 26 F0 AD FF | T:212149 RPD:0
[CH: 50] LEN: 12 | HEX: F9 77 FE F4 F6 70 97 FB 10 1D AF EB | T:212152 RPD:1
[CH: 50] LEN: 12 | HEX: F9 77 FD FD FA 73 97 BD 27 9F BF 77 | T:212164 RPD:1
[CH: 50] LEN: 12 | HEX: F1 77 D6 EB DE 75 97 FF 78 BA BD FF | T:212175 RPD:1
[CH: 50] LEN: 12 | HEX: F5 77 FD FE FE 74 97 FA C5 DB A9 7E | T:212195 RPD:1
[CH: 50] LEN: 12 | HEX: F9 77 FF F1 F4 77 97 FD 72 59 BD F7 | T:212198 RPD:1
[CH: 50] LEN: 12 | HEX: F9 77 BA F8 F6 76 97 FE EF 38 AF DF | T:212201 RPD:1
[CH: 50] LEN: 12 | HEX: F9 77 E4 F7 FE 79 97 FE A6 F0 BF FF | T:212213 RPD:1
[CH: 50] LEN: 12 | HEX: F9 77 FE FA FA 70 97 FD 10 1D BF F7 | T:212213 RPD:0
[CH: 50] LEN: 12 | HEX: F9 77 D6 FD EA 73 97 FE A7 1F BF FB | T:212224 RPD:1
[CH: 50] LEN: 12 | HEX: F1 77 EC F3 FD 65 97 55 D8 BA AA B5 | T:212224 RPD:0
[CH: 50] LEN: 12 | HEX: F9 77 FF FA F5 74 97 FD 45 DB BF 56 | T:212236 RPD:0
[CH: 50] LEN: 12 | HEX: F9 77 FD F0 F7 76 97 FD 6F 38 BF BF | T:212247 RPD:1
[CH: 50] LEN: 12 | HEX: F9 77 AD F7 DD 79 97 FF 26 F0 BF FF | T:212259 RPD:1
[CH: 50] LEN: 12 | HEX: F9 77 BD FA FE 70 97 FE 90 1D AD FB | T:212262 RPD:1
[CH: 50] LEN: 12 | HEX: F9 77 EA FB EE 75 97 FA D8 BA BF BD | T:212268 RPD:1
[CH: 50] LEN: 12 | HEX: F9 77 DD FA FE 74 97 AB 45 DB BD FE | T:212271 RPD:1
[CH: 50] LEN: 12 | HEX: F9 77 FC F1 F4 77 97 DE F2 59 AF FF | T:212283 RPD:1
[CH: 50] LEN: 12 | HEX: F9 77 FC F0 FC 76 97 FD EF 38 BF 7F | T:212283 RPD:0
[CH: 50] LEN: 12 | HEX: F9 77 FE F7 BB 79 97 BE A6 F0 BF 6F | T:212294 RPD:0
[CH: 50] LEN: 12 | HEX: E9 77 FA F5 F6 70 97 FD 10 1D BE DF | T:212305 RPD:1
[CH: 50] LEN: 12 | HEX: F1 77 FD F5 FE 73 97 AA A7 9E FE BF | T:212306 RPD:1
[CH: 50] LEN: 12 | HEX: F9 77 FD F3 FE 75 97 FA D8 BA BF DF | T:212317 RPD:1
[CH: 50] LEN: 12 | HEX: F9 77 DE F2 F6 74 97 AF 45 DB FD FF | T:212317 RPD:0
[CH: 50] LEN: 12 | HEX: E9 77 FD F9 F6 77 97 FD 72 59 BD 5F | T:212329 RPD:1
[CH: 50] LEN: 12 | HEX: F9 77 FD F7 BE 79 97 FD 26 E0 BE FF | T:212329 RPD:0
[CH: 50] LEN: 12 | HEX: F9 77 EE FD F6 70 97 FD 90 1D AB D5 | T:212340 RPD:1
[CH: 50] LEN: 12 | HEX: F9 77 FF FA FA 74 97 FF C5 DB AB FF | T:212351 RPD:0
[CH: 50] LEN: 12 | HEX: F9 77 FE F9 EE 77 97 FF 22 59 BF FD | T:212352 RPD:0
[CH: 50] LEN: 12 | HEX: F1 77 FC F0 F6 76 97 FD 6F 38 BD FB | T:212363 RPD:1
[CH: 50] LEN: 12 | HEX: F9 77 DE F7 FC 79 97 EB 26 F0 B5 55 | T:212363 RPD:0
[CH: 50] LEN: 12 | HEX: F9 77 FF FE FE 70 97 FF 10 1D B7 F6 | T:212374 RPD:1
[CH: 50] LEN: 12 | HEX: F1 77 FC FB FD 75 97 DD 58 BA BD FF | T:212375 RPD:0
[CH: 50] LEN: 12 | HEX: F9 77 F6 FA F6 74 97 DD 45 DB BB B5 | T:212386 RPD:1
[CH: 50] LEN: 12 | HEX: F9 77 FE E7 FF 79 97 54 A6 F0 B7 B3 | T:212397 RPD:1
[CH: 50] LEN: 12 | HEX: F9 77 FE FE FE 70 97 FE 90 1D BF F7 | T:212398 RPD:0
[CH: 50] LEN: 12 | HEX: F9 77 59 F2 FE 74 97 FE C5 DB B7 FF | T:212409 RPD:1
[CH: 50] LEN: 12 | HEX: F9 77 DC F7 FE 79 97 FE A6 F0 AF EF | T:212409 RPD:0
[CH: 50] LEN: 12 | HEX: F9 7F AA FE F6 70 97 FE 90 1D BF 7D | T:212420 RPD:0
[CH: 50] LEN: 12 | HEX: F1 77 B5 F2 F4 74 97 DA 45 DB BF 5E | T:212432 RPD:1
[CH: 50] LEN: 12 | HEX: F1 77 FE F9 F6 77 97 FE B2 59 BA FF | T:212432 RPD:1
[CH: 50] LEN: 12 | HEX: F9 77 EA F8 F6 76 97 FA EF 38 BD BF | T:212443 RPD:1
[CH: 50] LEN: 12 | HEX: E9 77 FB F7 D4 79 97 BD 26 F0 B6 BA | T:212444 RPD:1
[CH: 50] LEN: 12 | HEX: F9 77 FE FE F6 70 97 FF 10 1D B9 F7 | T:212456 RPD:1
[CH: 50] LEN: 12 | HEX: F9 77 FD FD D6 73 97 FA A7 9E FB FF | T:212459 RPD:1
[CH: 50] LEN: 12 | HEX: F9 77 FF FB DE 75 97 D5 58 BA BF F6 | T:212470 RPD:1
[CH: 50] LEN: 12 | HEX: F1 77 FD F2 FE 74 97 FE C5 DB BF D7 | T:212471 RPD:0
[CH: 50] LEN: 12 | HEX: F9 77 AD FD FE 77 97 FA F2 59 BF BF | T:212482 RPD:1
[CH: 50] LEN: 12 | HEX: F1 77 5E F8 F6 76 97 BF 6F 38 BF 7F | T:212482 RPD:0
[CH: 50] LEN: 12 | HEX: F9 77 FD F7 FE 79 97 FE A6 F0 BF FE | T:212494 RPD:1
[CH: 50] LEN: 12 | HEX: F9 77 BE F3 FC 75 97 FB D8 BA BB FF | T:212505 RPD:1
[CH: 50] LEN: 12 | HEX: F9 77 FE FA F7 74 97 FA 45 DB B7 FB | T:212505 RPD:0
[CH: 50] LEN: 12 | HEX: F1 77 BB F7 FD 79 97 7A 26 E0 B6 5F | T:212516 RPD:1
[CH: 50] LEN: 12 | HEX: F1 77 FC FE ED 70 97 D6 90 1D B7 AA | T:212517 RPD:1
[CH: 50] LEN: 12 | HEX: F9 77 FD F9 EE 73 97 FA A7 1E BF 4B | T:212528 RPD:1
[CH: 50] LEN: 12 | HEX: F1 77 7D F3 DD 75 97 7A D8 BA BF F7 | T:212528 RPD:0
[CH: 50] LEN: 12 | HEX: F9 7F AD FA FE 74 97 AE 45 DB F6 D4 | T:212539 RPD:1
[CH: 50] LEN: 12 | HEX: F9 77 DE F0 F4 76 97 FD 6F 38 BF DF | T:212551 RPD:1
[CH: 50] LEN: 12 | HEX: F9 77 AE F7 ED 79 97 FA 26 F0 BF FF | T:212551 RPD:0
[CH: 50] LEN: 12 | HEX: F1 77 BC FB FE 75 97 FD 58 BA B7 FD | T:212562 RPD:0
[CH: 50] LEN: 12 | HEX: F9 77 BA F0 FE 76 97 F5 6F 38 AE F5 | T:212568 RPD:1
[CH: 50] LEN: 12 | HEX: F9 77 AE F7 FB 71 97 AA A6 E0 BF FF | T:212571 RPD:1
[CH: 50] LEN: 12 | HEX: E9 77 AE FE EE 78 97 7F 10 1D BF BF | T:212582 RPD:1
[CH: 50] LEN: 12 | HEX: E9 77 7D F5 FE 73 97 BA A7 1E B7 FF | T:212583 RPD:0
[CH: 50] LEN: 12 | HEX: F1 77 FD FB AE 75 97 FE 98 BA BF BF | T:212594 RPD:1
[CH: 50] LEN: 12 | HEX: F9 77 BD FA F8 74 97 F5 45 DB FF FF | T:212594 RPD:0
[CH: 50] LEN: 12 | HEX: F1 77 F5 F1 DC 77 97 75 F2 59 BF FA | T:212605 RPD:1
[CH: 50] LEN: 12 | HEX: F1 77 FF F6 FE 70 97 AD 10 1D BE FF | T:212617 RPD:1
[CH: 50] LEN: 12 | HEX: F9 77 FD FD FE 73 97 D7 A7 9D AD DB | T:212617 RPD:0
[CH: 50] LEN: 12 | HEX: F9 77 FE F9 FE 77 D7 FE A2 59 AF F7 | T:212628 RPD:1
[CH: 50] LEN: 12 | HEX: F9 77 DC FD FE 73 97 BE A7 9F B7 FD | T:212629 RPD:0
[CH: 50] LEN: 12 | HEX: F1 77 FE F3 FD 75 97 DA 98 BA BB FB | T:212640 RPD:1
[CH: 50] LEN: 12 | HEX: F1 77 BC F8 F6 76 97 FD 6F 38 AE BE | T:212651 RPD:1
[CH: 50] LEN: 12 | HEX: F9 77 FE F7 DA 79 97 AE 26 F0 BB FA | T:212651 RPD:0
[CH: 50] LEN: 12 | HEX: F1 77 BD FB DE 75 97 5A D8 BA BE BD | T:212663 RPD:1
[CH: 50] LEN: 12 | HEX: F9 77 FA F8 EA 76 97 DA EF 38 AD FD | T:212663 RPD:0
[CH: 50] LEN: 12 | HEX: F9 77 B4 F7 FD 79 97 FF 26 F0 BF AB | T:212674 RPD:1
[CH: 50] LEN: 12 | HEX: F9 77 FA EB DC 75 97 55 D8 BA BD FF | T:212675 RPD:0
[CH: 50] LEN: 12 | HEX: F9 77 EE FA FE 74 97 FD 45 DB A7 FD | T:212686 RPD:1
[CH: 50] LEN: 12 | HEX: F9 77 DD F7 5E 79 97 FA A6 F0 BF FF | T:212697 RPD:1
[CH: 50] LEN: 12 | HEX: F9 77 FF FE FE 70 97 FD 90 1D AF FD | T:212697 RPD:0
[CH: 50] LEN: 12 | HEX: F9 77 B5 FA FE 74 97 DD 45 DB B7 FA | T:212709 RPD:1
[CH: 50] LEN: 12 | HEX: F9 7F ED FE FE 70 97 DE 10 1D BF FD | T:212709 RPD:0
[CH: 50] LEN: 12 | HEX: F9 77 DE F5 F6 73 97 7F A7 9F BF FD | T:212720 RPD:1
[CH: 50] LEN: 12 | HEX: F1 77 BA E9 F6 77 97 AD F2 59 BB FD | T:212721 RPD:0
[CH: 50] LEN: 12 | HEX: F9 77 FD F8 FE 76 97 FA 6F 38 BF F7 | T:212732 RPD:1
[CH: 50] LEN: 12 | HEX: F9 77 FD FE FE 70 97 FB 10 1D BD 5E | T:212743 RPD:1
[CH: 50] LEN: 12 | HEX: E9 77 BD F9 FE 73 97 BF A7 9E BF FF | T:212743 RPD:0
[CH: 50] LEN: 12 | HEX: E9 77 DB F1 DE 77 97 FD 72 59 BF BA | T:212755 RPD:1
[CH: 50] LEN: 12 | HEX: F1 77 FA F5 EE 73 97 FA A7 9F 3E FE | T:212755 RPD:0
[CH: 50] LEN: 12 | HEX: F9 77 FF F7 FE 75 97 EF 58 BA BF 7F | T:212766 RPD:1
[CH: 50] LEN: 12 | HEX: F9 77 EE F8 F6 76 97 FD 6F 38 B7 AB | T:212766 RPD:0
[CH: 50] LEN: 12 | HEX: F9 77 FA F7 FC 79 97 FF A6 F0 BB FF | T:212778 RPD:1
[CH: 50] LEN: 12 | HEX: F1 77 AE FA FE 74 97 FB 45 DB BD BF | T:212789 RPD:1
[CH: 50] LEN: 12 | HEX: F9 77 DE F1 FE 77 97 FE D2 59 BF EB | T:212789 RPD:0
[CH: 50] LEN: 12 | HEX: F9 77 FA E7 BD 71 97 FC A6 E0 BF F7 | T:212801 RPD:1
[CH: 50] LEN: 12 | HEX: F9 77 BD F7 DD 75 97 FA D8 BA BF FF | T:212801 RPD:0
[CH: 50] LEN: 12 | HEX: F1 77 FD FA FA 74 97 FD 45 DB BF BF | T:212812 RPD:1
[CH: 50] LEN: 12 | HEX: F1 77 5C F7 7D 79 97 F5 26 F0 BE FF | T:212823 RPD:1
[CH: 50] LEN: 12 | HEX: F1 77 FC F6 FE 70 97 BB 10 1D BF DB | T:212824 RPD:0
[CH: 50] LEN: 12 | HEX: F9 77 FD FA FE 74 97 FE C5 DB BB EE | T:212835 RPD:1
[CH: 50] LEN: 12 | HEX: ED 77 FA FE F6 70 97 FD 10 1D BA EF | T:212835 RPD:0
[CH: 50] LEN: 12 | HEX: F9 77 DD FB FE 73 97 AF A7 9E BD F7 | T:212847 RPD:1
[CH: 50] LEN: 12 | HEX: F1 77 56 F9 F6 77 97 BA F2 59 BF FF | T:212847 RPD:0
[CH: 50] LEN: 12 | HEX: E9 77 F5 F8 F6 76 97 BF 6F 38 BF FF | T:212858 RPD:1
[CH: 50] LEN: 12 | HEX: F1 77 DC F5 FE 73 97 BF A7 9F 7F 5E | T:212869 RPD:1
[CH: 50] LEN: 12 | HEX: F1 77 FB FB FE 75 97 D7 58 BA BF FF | T:212870 RPD:0
[CH: 50] LEN: 12 | HEX: F1 77 AE F9 EC 77 97 DA F2 59 AD D7 | T:212881 RPD:1
[CH: 50] LEN: 12 | HEX: F9 77 FD FD FE 73 97 FD 27 9F B6 AB | T:212881 RPD:0
[CH: 50] LEN: 12 | HEX: F1 77 BD FB EE 75 97 FE D8 BA BB F5 | T:212893 RPD:1
[CH: 50] LEN: 12 | HEX: F1 77 FC F0 FE 76 97 EE EF 38 AD AB | T:212893 RPD:0
[CH: 50] LEN: 12 | HEX: F9 77 D4 E7 FC 79 97 FA 26 F0 BB F7 | T:212904 RPD:1
[CH: 50] LEN: 12 | HEX: F9 77 AE FB FE 75 97 DE 98 BA BF 7A | T:212915 RPD:1
[CH: 50] LEN: 12 | HEX: F9 77 FD F6 FC 74 97 EF 45 DB BF DB | T:212916 RPD:1
[CH: 50] LEN: 12 | HEX: F9 77 FD F7 DD 79 97 DD A6 F0 BF FD | T:212927 RPD:0
[CH: 50] LEN: 12 | HEX: F1 77 FE FA FA 74 97 FA 45 DB BF FF | T:212936 RPD:1
[CH: 50] LEN: 12 | HEX: F1 77 EA F9 EE 77 97 B5 F2 59 BF DF | T:212939 RPD:1
[CH: 50] LEN: 12 | HEX: F9 77 FF F8 FA 76 97 FE 6F 38 BB FF | T:212950 RPD:1
[CH: 50] LEN: 12 | HEX: F9 77 FE F7 FF 79 97 FD 26 F0 AF FF | T:212950 RPD:0
[CH: 50] LEN: 12 | HEX: F1 77 F9 FA FA 70 97 7A 10 1D BF 7F | T:212962 RPD:1
[CH: 50] LEN: 12 | HEX: F1 77 F6 FD FE 73 97 FD 27 9F 7F BC | T:212962 RPD:0
[CH: 50] LEN: 12 | HEX: F1 77 FD F3 FE 75 97 DA D8 BA BF FF | T:212973 RPD:1
[CH: 50] LEN: 12 | HEX: F9 77 FD F8 FA 76 97 DD 6F 38 AD F7 | T:212973 RPD:0
[CH: 50] LEN: 12 | HEX: F9 77 F9 F7 DE 79 97 FE A6 F0 AF 7F | T:212985 RPD:1
[CH: 50] LEN: 12 | HEX: F9 77 FD F3 DD 75 97 FD 58 BA B7 79 | T:212996 RPD:1
[CH: 50] LEN: 12 | HEX: F1 77 AD F6 F6 74 97 BF 45 DB BF FB | T:212996 RPD:0
[CH: 50] LEN: 12 | HEX: F9 77 F4 F7 7A 79 97 FD 26 F0 BD 7D | T:213008 RPD:1
[CH: 50] LEN: 12 | HEX: F9 77 AD FA FA 74 97 BA 45 DB BF FE | T:213008 RPD:0
[CH: 50] LEN: 12 | HEX: F1 77 FA F1 FE 77 57 DD 72 59 BF FF | T:213019 RPD:0
[CH: 50] LEN: 12 | HEX: F9 77 FA F6 EE 78 97 55 10 1D B6 FB | T:213028 RPD:1
[CH: 50] LEN: 12 | HEX: F9 77 FF FB EE 73 97 FD 27 9F EF F5 | T:213031 RPD:1
[CH: 50] LEN: 12 | HEX: F9 77 BD F7 FC 75 97 F5 D8 BA BC FB | T:213042 RPD:1
[CH: 50] LEN: 12 | HEX: F1 77 BA F1 FE 77 97 FA F2 59 BE FA | T:213042 RPD:1
[CH: 50] LEN: 12 | HEX: F9 77 F9 F0 FE 76 97 77 6F 38 BF FF | T:213054 RPD:1
[CH: 50] LEN: 12 | HEX: F9 77 BA F7 FA 71 97 FA 26 F0 BF 7F | T:213054 RPD:0
[CH: 50] LEN: 12 | HEX: F9 77 FC EA FE 70 97 FD 90 1D AF D6 | T:213065 RPD:1
[CH: 50] LEN: 12 | HEX: F9 77 BC F3 ED 75 97 AF D8 BA B5 5F | T:213065 RPD:0
[CH: 50] LEN: 12 | HEX: F9 77 BD F2 F4 74 97 FA 45 DB B7 EE | T:213077 RPD:1
[CH: 50] LEN: 12 | HEX: F1 77 AE F7 BD 79 97 AD 26 F0 BE FF | T:213088 RPD:1
[CH: 50] LEN: 12 | HEX: F5 77 5A FA FE 70 97 BF 10 1D BF FE | T:213088 RPD:0
[CH: 50] LEN: 12 | HEX: F9 77 FD FA FE 74 97 BD 45 DB AF F7 | T:213099 RPD:1
[CH: 50] LEN: 12 | HEX: F1 77 FE FA FE 70 97 FD 10 1D B7 F7 | T:213100 RPD:0
[CH: 50] LEN: 12 | HEX: F1 77 FD FD FE 73 97 FE A7 9F AF 2F | T:213111 RPD:1
[CH: 50] LEN: 12 | HEX: F1 77 5D F1 EA 77 97 5F F2 59 BD FF | T:213122 RPD:1
[CH: 50] LEN: 12 | HEX: F9 77 FA F8 F6 76 97 BF 6F 38 BA BF | T:213123 RPD:0
[CH: 50] LEN: 12 | HEX: E9 77 BB F6 F5 70 97 FD 10 1D BF DF | T:213134 RPD:1
[CH: 50] LEN: 12 | HEX: F5 77 FD F1 F6 77 97 FA F2 59 BF FE | T:213134 RPD:0
[CH: 50] LEN: 12 | HEX: F9 77 FF F8 FE 76 97 FD 6F 38 BF DF | T:213145 RPD:1
[CH: 50] LEN: 12 | HEX: F9 77 FE FD EE 73 97 DF 67 9F BF F5 | T:213146 RPD:0
[CH: 50] LEN: 12 | HEX: F9 77 B4 F7 FE 75 97 7B D8 BA AF FF | T:213157 RPD:1
[CH: 50] LEN: 12 | HEX: F9 77 DB F0 FA 76 97 FD EF 38 BB 6F | T:213168 RPD:1
[CH: 50] LEN: 12 | HEX: F1 77 AE F7 DC 71 97 FD 26 F0 BD 7F | T:213169 RPD:0
[CH: 50] LEN: 12 | HEX: F1 77 FD FB BD 75 97 FA D8 BA AF FF | T:213180 RPD:1
[CH: 50] LEN: 12 | HEX: F1 77 D4 F7 FE 79 97 FE 26 F0 AE BB | T:213180 RPD:0
[CH: 50] LEN: 12 | HEX: F1 77 BB FA F5 70 97 FD 10 1D AA FF | T:213191 RPD:1
[CH: 50] LEN: 12 | HEX: F9 77 AE FB AE 75 97 FD 58 BA AD EE | T:213192 RPD:0
[CH: 50] LEN: 12 | HEX: F9 77 FC FA F6 74 97 FD C5 DB B5 BF | T:213203 RPD:1
[CH: 50] LEN: 12 | HEX: F1 77 FA F7 FA 79 97 FD 26 F0 BF DF | T:213214 RPD:1
[CH: 50] LEN: 12 | HEX: F1 77 FE F4 FE 70 97 FA 10 1D BF FF | T:213215 RPD:0
[CH: 50] LEN: 12 | HEX: F9 77 DD FA F6 74 97 5D 45 DB BF FF | T:213226 RPD:1
[CH: 50] LEN: 12 | HEX: F9 77 FF FE FE 70 97 BB 10 1D AF FB | T:213226 RPD:0
[CH: 50] LEN: 12 | HEX: F1 77 DF FD FE 73 97 DE A7 9F AF FE | T:213237 RPD:1
[CH: 50] LEN: 12 | HEX: F9 77 FD F9 EE 77 97 BA F2 59 BF FF | T:213249 RPD:1
[CH: 50] LEN: 12 | HEX: F9 77 FD F8 FA 76 97 B5 6F 38 BE FF | T:213249 RPD:0
[CH: 50] LEN: 12 | HEX: F9 77 FD F5 F6 73 97 BB A7 9F B7 B7 | T:213260 RPD:1
[CH: 50] LEN: 12 | HEX: F1 77 FD F1 EA 77 97 FE B2 59 BF FF | T:213261 RPD:0
[CH: 50] LEN: 12 | HEX: F1 77 FD F4 FE 76 97 DD 6F 38 BF FF | T:213272 RPD:1
[CH: 50] LEN: 12 | HEX: F1 77 FD F5 F4 73 97 FA A7 1E EF FF | T:213272 RPD:0
[CH: 50] LEN: 12 | HEX: F9 77 FA FB FA 75 97 FA D8 BA BF F7 | T:213283 RPD:1
[CH: 50] LEN: 12 | HEX: F9 77 FB F0 FA 76 97 FB 6F 38 BF BF | T:213295 RPD:1
[CH: 50] LEN: 12 | HEX: F9 77 FD F7 FD 79 97 FF 26 F0 AF BD | T:213295 RPD:0
[CH: 50] LEN: 12 | HEX: F1 77 DA FB DC 75 97 BE D8 BA BF FF | T:213306 RPD:1
[CH: 50] LEN: 12 | HEX: F9 77 FD F7 BD 79 97 FD 26 F0 BF FF | T:213306 RPD:0
[CH: 50] LEN: 12 | HEX: F9 77 D6 F5 FE 73 97 5D 27 9F BF F7 | T:213318 RPD:1
[CH: 50] LEN: 12 | HEX: F9 77 AD FA FE 74 97 DA C5 DB AF EF | T:213318 RPD:0
[CH: 50] LEN: 12 | HEX: F9 77 F4 F5 EE 77 97 75 F2 59 BF F7 | T:213329 RPD:1
[CH: 50] LEN: 12 | HEX: F1 77 BD F7 FE 79 97 FA 26 F0 BF BF | T:213341 RPD:1
[CH: 50] LEN: 12 | HEX: F1 77 FA FE FE 70 97 DD 10 1D BF FE | T:213341 RPD:0
[CH: 50] LEN: 12 | HEX: F9 77 BB F2 F6 74 97 AE 45 DB BF F5 | T:213352 RPD:0
[CH: 50] LEN: 12 | HEX: E9 77 F9 F7 F4 79 97 7F 26 F0 BF FF | T:213356 RPD:1
[CH: 50] LEN: 12 | HEX: F9 77 FD F4 F4 70 97 6A 10 1D BE F7 | T:213368 RPD:1
[CH: 50] LEN: 12 | HEX: F1 77 FD FB FE 73 97 BF A7 9F BF FF | T:213368 RPD:0
[CH: 50] LEN: 12 | HEX: F9 77 AA FB D6 75 97 FA D8 BA BA FF | T:213379 RPD:1
[CH: 50] LEN: 12 | HEX: F1 77 BE F2 FE 74 97 FD 45 DB BE FF | T:213379 RPD:0
[CH: 50] LEN: 12 | HEX: F9 77 BC F9 FE 77 97 FA B2 59 AF BF | T:213391 RPD:1
[CH: 50] LEN: 12 | HEX: F1 77 FA FE FC 70 97 BD 10 1D BD FA | T:213391 RPD:0
[CH: 50] LEN: 12 | HEX: F1 77 F4 FD FE 73 97 FA A7 9F B7 7F | T:213402 RPD:1
[CH: 50] LEN: 12 | HEX: F9 77 AE F1 FE 77 97 FA F2 59 AF FD | T:213414 RPD:1
[CH: 50] LEN: 12 | HEX: F1 77 F5 F8 FE 76 97 F5 6F 38 BF FB | T:213414 RPD:0
[CH: 50] LEN: 12 | HEX: F1 77 B4 FD FE 73 97 DA A7 9F 2F FD | T:213425 RPD:1
[CH: 50] LEN: 12 | HEX: F9 77 DD F8 FE 76 97 FA 6F 38 AF BF | T:213425 RPD:0
[CH: 50] LEN: 12 | HEX: F9 77 5E F7 FA 79 97 FD 26 F0 BF FD | T:213437 RPD:1
[CH: 50] LEN: 12 | HEX: F9 77 FC F3 FD 75 97 FA D8 BA BD FF | T:213448 RPD:1
[CH: 50] LEN: 12 | HEX: F1 77 FB FA F4 74 97 DD 45 DB BD FF | T:213448 RPD:0
[CH: 50] LEN: 12 | HEX: F9 77 FD F8 FE 76 97 FC EF 38 BF BD | T:213460 RPD:1
[CH: 50] LEN: 12 | HEX: F1 77 FD F3 FE 75 97 BD D8 BA AF F7 | T:213460 RPD:0
[CH: 50] LEN: 12 | HEX: F1 77 AE F2 FE 74 97 FE C5 DB BF FF | T:213471 RPD:1
[CH: 50] LEN: 12 | HEX: F9 77 FB F7 FD 79 97 FE A6 F0 BF D5 | T:213471 RPD:0
[CH: 50] LEN: 12 | HEX: ED 77 FC FF F6 70 97 DA 10 1D AF FD | T:213483 RPD:1
[CH: 50] LEN: 12 | HEX: F9 77 FD FA EA 74 97 FA 45 DB BD 6F | T:213494 RPD:0
[CH: 50] LEN: 12 | HEX: F1 77 F4 E9 DC 77 17 F5 F2 59 AF F7 | T:213494 RPD:0
[CH: 50] LEN: 12 | HEX: F9 77 BA FA FE 70 97 DD 10 1D BF EF | T:213506 RPD:1
[CH: 50] LEN: 12 | HEX: F9 77 FF FD FE 73 97 FE A7 9F 3F 7D | T:213506 RPD:1
[CH: 50] LEN: 12 | HEX: F1 77 AC F3 BD 75 97 FD 58 BA AD EB | T:213517 RPD:1
[CH: 50] LEN: 12 | HEX: F9 77 DD FA FA 74 97 DA 45 DB BF FD | T:213517 RPD:1
[CH: 50] LEN: 12 | HEX: F9 77 FD F8 F6 76 97 DA 6F 38 AE FD | T:213529 RPD:1
[CH: 50] LEN: 12 | HEX: F1 77 FB F7 BB 79 97 FE A6 F0 B5 B7 | T:213540 RPD:1
[CH: 50] LEN: 12 | HEX: F9 77 FD FD FE 70 97 BE 90 1D AD FB | T:213540 RPD:0
[CH: 50] LEN: 12 | HEX: F1 77 DD FB DE 75 97 FD 58 BA BF DB | T:213552 RPD:1
[CH: 50] LEN: 12 | HEX: F9 77 FD F7 FD 79 97 FF 26 F0 BD 7F | T:213552 RPD:0
[CH: 50] LEN: 12 | HEX: F9 77 B9 F4 FE 70 97 FA 10 1D AF FF | T:213563 RPD:1
[CH: 50] LEN: 12 | HEX: F9 77 DD EE FE 74 97 FE C5 DB BF F7 | T:213574 RPD:0
[CH: 50] LEN: 12 | HEX: F9 77 BD F9 FE 77 97 FA F2 59 BF BF | T:213575 RPD:0
[CH: 50] LEN: 12 | HEX: F9 77 DE FE FE 70 97 ED 10 1D BF FE | T:213586 RPD:1
[CH: 50] LEN: 12 | HEX: F1 77 FD FD F4 73 97 BA A7 9F BB FF | T:213586 RPD:1
[CH: 50] LEN: 12 | HEX: F1 77 FB F3 FE 75 97 FD 58 BA B5 F2 | T:213597 RPD:1
[CH: 50] LEN: 12 | HEX: F1 77 BD FA FE 74 97 FD 45 DB BB FE | T:213598 RPD:0
[CH: 50] LEN: 12 | HEX: F9 77 FB F9 EE 77 97 FA F2 59 BB DB | T:213609 RPD:1
[CH: 50] LEN: 12 | HEX: F9 77 FF F7 BA 79 97 BD 26 F0 BF FE | T:213620 RPD:1
[CH: 50] LEN: 12 | HEX: F9 77 BB FE FE 70 97 FA 10 1F BD FF | T:213621 RPD:0
[CH: 50] LEN: 12 | HEX: F9 77 FF FA FE 74 97 FD 45 DB BB 6B | T:213632 RPD:0
[CH: 50] LEN: 12 | HEX: F5 77 DC F7 FD 71 97 75 26 F0 BE EF | T:213638 RPD:1
[CH: 50] LEN: 12 | HEX: F9 77 FF F4 FE 70 97 DD 90 1D BF FD | T:213641 RPD:1
[CH: 50] LEN: 12 | HEX: F1 77 FA FB FE 73 97 FA A7 1D 7F FE | T:213652 RPD:1
[CH: 50] LEN: 12 | HEX: F9 77 EE FB EA 75 97 AD 58 BA BF FF | T:213653 RPD:0
[CH: 50] LEN: 12 | HEX: F1 77 FB F2 FE 74 97 7D C5 DB BF FD | T:213664 RPD:1
[CH: 50] LEN: 12 | HEX: F9 77 FE F9 FE 77 97 FF D2 59 BE BB | T:213664 RPD:0
[CH: 50] LEN: 12 | HEX: F9 77 FE F8 FC 76 97 EA 6F 38 BF DB | T:213676 RPD:1
[CH: 50] LEN: 12 | HEX: F9 77 DE F9 F9 73 97 75 A7 9E B5 FD | T:213687 RPD:1
[CH: 50] LEN: 12 | HEX: F1 77 F4 EB FE 75 97 BA D8 BA AB EA | T:213687 RPD:1
[CH: 50] LEN: 12 | HEX: F9 77 FF FA FE 74 97 AD 45 DB AA FF | T:213698 RPD:1
[CH: 50] LEN: 12 | HEX: F9 77 BE F9 D6 77 97 DD 72 59 BF F7 | T:213699 RPD:0
[CH: 50] LEN: 12 | HEX: F9 77 DD F8 FE 76 97 FA EE 38 BF BF | T:213710 RPD:1
[CH: 50] LEN: 12 | HEX: F9 77 54 F6 FE 70 97 FF 10 1D BF FF | T:213710 RPD:0
[CH: 50] LEN: 12 | HEX: F9 77 D6 FD FE 73 97 BD 27 9D 3B DF | T:213721 RPD:1
[CH: 50] LEN: 12 | HEX: F1 77 D6 F9 EE 77 97 FA F2 59 BF AF | T:213733 RPD:1
[CH: 50] LEN: 12 | HEX: F1 77 BD F8 EA 76 97 FE EF 38 B7 FD | T:213733 RPD:0
[CH: 50] LEN: 12 | HEX: F1 77 D6 E9 EA 73 97 FE A7 9F BF DF | T:213744 RPD:1
[CH: 50] LEN: 12 | HEX: F9 77 AA F0 F4 76 97 FE EF 38 BF FF | T:213745 RPD:0
[CH: 50] LEN: 12 | HEX: F9 77 DE F7 FF 79 97 FE A6 F0 BF ED | T:213756 RPD:1
[CH: 50] LEN: 12 | HEX: F1 77 FD F3 DE 75 97 DF 58 BA BF FF | T:213756 RPD:0
[CH: 50] LEN: 12 | HEX: F1 77 FA FA FC 74 97 DE C5 DB BF AD | T:213767 RPD:1
[CH: 50] LEN: 12 | HEX: F9 77 FF F0 FA 76 97 FD 6F 38 BD F5 | T:213779 RPD:1
[CH: 50] LEN: 12 | HEX: F1 77 AA F7 FD 79 97 FA 26 F0 BF FF | T:213779 RPD:0
[CH: 50] LEN: 12 | HEX: F9 77 FF FB FF 75 97 D7 58 BA BE FF | T:213790 RPD:1
[CH: 50] LEN: 12 | HEX: F1 77 AD F7 FD 79 97 AF 26 F0 BF FD | T:213791 RPD:0
[CH: 50] LEN: 12 | HEX: F9 77 FD FE FB 70 97 AA 10 1D B6 EA | T:213802 RPD:1
[CH: 50] LEN: 12 | HEX: F1 77 DF FA FE 74 97 D7 45 DB BE FF | T:213813 RPD:1
[CH: 50] LEN: 12 | HEX: F9 77 DE E9 EC 77 57 D6 B2 59 BF FF | T:213813 RPD:0
[CH: 50] LEN: 12 | HEX: F9 77 BE F4 FE 70 97 FA 10 1D BE FD | T:213825 RPD:1
[CH: 50] LEN: 12 | HEX: F1 77 FB FA FB 74 97 AD 45 DB BF BF | T:213825 RPD:0
[CH: 50] LEN: 12 | HEX: F9 77 7A F9 EE 77 97 AD 72 59 AF F7 | T:213836 RPD:1
[CH: 50] LEN: 12 | HEX: F1 77 EE FA FE 70 97 FE 90 1D AF EB | T:213837 RPD:0
[CH: 50] LEN: 12 | HEX: F1 7F DE FD EE 73 97 FA A7 9E BF FF | T:213848 RPD:0
[CH: 50] LEN: 12 | HEX: FA 78 FF 5C 7E 74 97 FD 52 5A BF FD | T:213874 RPD:1
[CH: 50] LEN: 12 | HEX: FA 78 FB FC 7A 74 97 FD 52 5A BF FA | T:213875 RPD:1
[CH: 50] LEN: 12 | HEX: F1 77 FE 80 00 71 97 AE AF 64 BF FE | T:213886 RPD:1
[CH: 50] LEN: 12 | HEX: F9 77 D5 80 00 71 97 D7 AF 64 B6 FF | T:213886 RPD:1
[CH: 50] LEN: 12 | HEX: F8 6D D6 00 FA FA 91 EB 70 98 BE DF | T:213908 RPD:1
[CH: 50] LEN: 12 | HEX: F0 6D FF 00 FE F2 91 F5 F0 98 BF FF | T:213909 RPD:1
[CH: 50] LEN: 12 | HEX: FA 78 F6 BC 74 F2 91 FF B8 A7 BB 7A | T:214173 RPD:1
[CH: 50] LEN: 12 | HEX: FA 78 FF 5C 7E F2 91 FF 58 A7 BF B5 | T:214173 RPD:1
[CH: 50] LEN: 12 | HEX: E9 77 5F 00 00 71 91 D6 85 C2 AB B5 | T:214185 RPD:1
[CH: 50] LEN: 12 | HEX: F8 6D FF 00 FA F2 91 EF 70 98 BF DE | T:214207 RPD:1
[CH: 50] LEN: 12 | HEX: F8 6D FE 00 FA FA 91 F6 70 98 BF EF | T:214207 RPD:1
[CH: 50] LEN: 12 | HEX: FA 78 F5 FC 7A F2 91 EF D8 A7 AF FF | T:214472 RPD:1
[CH: 50] LEN: 12 | HEX: F2 78 FF 5C 7E EA 91 FF 18 A7 AD ED | T:214473 RPD:1
[CH: 50] LEN: 12 | HEX: F9 77 DD 00 00 71 91 F7 05 C2 BF BB | T:214485 RPD:1
[CH: 50] LEN: 12 | HEX: F8 6D F6 80 FE F2 91 FE 70 98 BF BF | T:214506 RPD:1
[CH: 50] LEN: 12 | HEX: F8 6D FF 00 FC F2 91 FD F0 98 BE FE | T:214507 RPD:1
[CH: 50] LEN: 12 | HEX: F2 78 F6 BC 7E FA 91 DF 58 A7 BF F7 | T:214772 RPD:1
[CH: 50] LEN: 12 | HEX: F2 78 FB FC 7E FA 91 FF D8 A7 AB FF | T:214773 RPD:1
[CH: 50] LEN: 12 | HEX: F9 77 BD 00 00 71 91 FF 05 C2 BB 7F | T:214784 RPD:1
[CH: 50] LEN: 12 | HEX: F5 77 DD 00 00 71 91 FE 85 C2 BD FD | T:214785 RPD:1
[CH: 50] LEN: 12 | HEX: F0 6D FF 00 F6 F2 91 FF F0 98 B5 57 | T:214806 RPD:1
[CH: 50] LEN: 12 | HEX: F8 6D EE 80 FE F2 91 DF 70 9A AF 77 | T:214807 RPD:1
[CH: 50] LEN: 12 | HEX: FA 78 FF B4 7E FA 91 F7 D8 A7 37 FB | T:215072 RPD:1
[CH: 50] LEN: 12 | HEX: FA 78 F7 5C 7A EA 91 DF D8 A7 37 EB | T:215073 RPD:1
[CH: 50] LEN: 12 | HEX: F1 77 FD 80 00 71 91 FF 05 C2 BF FF | T:215084 RPD:1
[CH: 50] LEN: 12 | HEX: F9 77 FA 00 00 71 91 FF 85 C2 BB FF | T:215084 RPD:1
[CH: 50] LEN: 12 | HEX: F8 6D FD 80 F6 F2 91 EB 70 98 BF AD | T:215106 RPD:1
[CH: 50] LEN: 12 | HEX: F8 6D FF 00 FE FA 91 EB 70 98 BB DF | T:215107 RPD:1
[CH: 50] LEN: 12 | HEX: F2 78 FF 5C 76 FA 91 DF 78 A7 3F FB | T:215372 RPD:1
[CH: 50] LEN: 12 | HEX: F2 70 F7 AC 7E EA 91 DE 98 A7 7F FA | T:215373 RPD:1
[CH: 50] LEN: 12 | HEX: F9 77 BD 00 00 71 91 FF 05 C2 BD EE | T:215384 RPD:1
[CH: 50] LEN: 12 | HEX: F9 77 FD 00 00 71 91 EF 85 C2 BF FF | T:215384 RPD:1
[CH: 50] LEN: 12 | HEX: F8 6D FE 00 FA FA 91 EE 70 98 BE FE | T:215406 RPD:1
[CH: 50] LEN: 12 | HEX: F0 6D EF 00 F4 FA 91 F7 70 98 AB BF | T:215407 RPD:1
[CH: 50] LEN: 12 | HEX: FA 78 FF BC 7E F6 91 EF 58 A7 B7 75 | T:215672 RPD:1
[CH: 50] LEN: 12 | HEX: F2 78 FF 5C 76 FA 91 FE 58 A7 BF ED | T:215672 RPD:1
[CH: 50] LEN: 12 | HEX: F9 77 7A 00 00 71 91 FE 85 C2 AC EF | T:215684 RPD:1
[CH: 50] LEN: 12 | HEX: F1 77 BD 00 00 71 91 FE 05 C2 BF 9F | T:215684 RPD:1
[CH: 50] LEN: 12 | HEX: E8 6D EA 00 FE F2 91 EE F0 98 BF F7 | T:215706 RPD:1
[CH: 50] LEN: 12 | HEX: F8 6D DE 80 FB FA 91 EE F0 98 BF BF | T:215706 RPD:1
[CH: 50] LEN: 12 | HEX: F2 70 FE BC 7E FA 91 FD 58 A7 AF E5 | T:215971 RPD:1
[CH: 50] LEN: 12 | HEX: F2 78 F7 7C 7A FA 91 EF D8 A7 BF 84 | T:215972 RPD:1
[CH: 50] LEN: 12 | HEX: F1 77 B5 00 00 71 91 DD 05 C2 BF FF | T:215983 RPD:1
[CH: 50] LEN: 12 | HEX: F5 77 BD 00 00 71 91 D7 85 C2 BF FF | T:215984 RPD:1
[CH: 50] LEN: 12 | HEX: F8 6D FE 00 FE FA 91 FF 70 98 BB FF | T:216005 RPD:1
[CH: 50] LEN: 12 | HEX: F0 6D FE 80 EA FA 91 FD 70 98 BD FD | T:216006 RPD:1
[CH: 50] LEN: 12 | HEX: EA 78 FF B4 7E FA 91 EF 58 A7 AD BB | T:216271 RPD:1
[CH: 50] LEN: 12 | HEX: F2 70 FF 5C 7A EE 91 EF 58 A7 BF 6F | T:216272 RPD:1
[CH: 50] LEN: 12 | HEX: ED 77 BD 00 00 71 91 FE 05 C2 BF 77 | T:216283 RPD:1
[CH: 50] LEN: 12 | HEX: F1 77 BA 00 00 71 91 DF 05 C2 BB 7F | T:216283 RPD:1
[CH: 50] LEN: 12 | HEX: F0 6D F7 00 FE F2 91 F7 78 98 B7 FF | T:216305 RPD:1
[CH: 50] LEN: 12 | HEX: F0 6D F5 00 FE F2 91 DF 70 98 BD F7 | T:216306 RPD:1
[CH: 50] LEN: 12 | HEX: FA 78 F7 FC 7E F2 91 FF D8 A7 BF FB | T:216571 RPD:1
[CH: 50] LEN: 12 | HEX: FA 78 FF BC 7E F2 91 FF 58 A7 BF 7F | T:216572 RPD:1
[CH: 50] LEN: 12 | HEX: F9 77 DE 80 00 71 91 EF 05 C2 AF FF | T:216583 RPD:1
[CH: 50] LEN: 12 | HEX: F1 77 BA 00 00 71 91 D7 05 C2 B7 FB | T:216583 RPD:1
[CH: 50] LEN: 12 | HEX: F8 6D FF 00 F6 FA 91 FF 70 98 BE FD | T:216605 RPD:1
[CH: 50] LEN: 12 | HEX: F8 6D DF 00 FE F2 91 FF 70 98 BF FF | T:216606 RPD:1
[CH: 50] LEN: 12 | HEX: FA 78 F7 DC 7C FA 91 FF B8 A7 B5 DF | T:216871 RPD:1
[CH: 50] LEN: 12 | HEX: F2 78 FF AC 74 FA 91 DF 98 A7 B7 FF | T:216872 RPD:1
[CH: 50] LEN: 12 | HEX: F9 77 BD 00 00 71 91 FE 85 C2 BD F7 | T:216883 RPD:1
[CH: 50] LEN: 12 | HEX: F9 77 F7 00 00 71 91 F7 05 C2 BB FF | T:216883 RPD:1
[CH: 50] LEN: 12 | HEX: F0 6D EF 00 F6 FA 91 FF 70 98 BE EE | T:216905 RPD:1
[CH: 50] LEN: 12 | HEX: F8 6D FF 00 F6 FA 91 FE 70 98 BA FF | T:216906 RPD:1
[CH: 50] LEN: 12 | HEX: FA 76 FF 00 8C F2 91 EA 2C 77 BB DA | T:216985 RPD:1
[CH: 50] LEN: 12 | HEX: F2 76 F5 80 8C EA 91 DF 2C 77 B7 F7 | T:216986 RPD:1
[CH: 50] LEN: 12 | HEX: FA 76 FA FE 73 FA 91 FF 52 8A B6 FD | T:217016 RPD:1
[CH: 50] LEN: 12 | HEX: FA 76 F2 FD 70 EA 91 FB A7 04 B7 BF | T:217019 RPD:1
[CH: 50] LEN: 12 | HEX: FA 76 FE FC 71 FA 91 F7 7B 61 B7 EA | T:217023 RPD:1
[CH: 50] LEN: 12 | HEX: FA 76 F4 FB 76 F2 91 ED CD 98 B7 FF | T:217034 RPD:1
[CH: 50] LEN: 12 | HEX: F2 76 FD FA 77 AA 91 ED 11 7D BF 7F | T:217035 RPD:0
[CH: 50] LEN: 12 | HEX: FA 76 FE F9 74 FA 91 EA A4 73 BA FF | T:217046 RPD:1
[CH: 50] LEN: 12 | HEX: FA 76 F5 F0 75 F2 91 FF 38 96 BB FF | T:217046 RPD:0
[CH: 50] LEN: 12 | HEX: FA 76 FE F7 7A F2 91 FF 89 81 AF DE | T:217057 RPD:0
[CH: 50] LEN: 12 | HEX: FA 76 FA F5 78 FA 91 FF A0 6A B7 F7 | T:217075 RPD:1
[CH: 50] LEN: 12 | HEX: FA 76 FD F4 79 FA 91 EF FC 8F 7F FF | T:217105 RPD:1
[CH: 50] LEN: 12 | HEX: FA 76 FE E3 7E F2 91 F7 4A 76 BF AE | T:217135 RPD:1
[CH: 50] LEN: 12 | HEX: F2 76 FE F2 7F AA 91 FF 96 93 BF EF | T:217165 RPD:1
[CH: 50] LEN: 12 | HEX: FA 76 FA F1 78 EE 91 EF 63 9D B7 EA | T:217195 RPD:1
[CH: 50] LEN: 12 | HEX: F2 76 FE F0 75 FA 91 EF BF 78 BF FE | T:217225 RPD:1
[CH: 50] LEN: 12 | HEX: F2 76 F6 EF 6A F2 91 ED 11 92 B2 BF | T:217255 RPD:1
[CH: 50] LEN: 12 | HEX: F6 76 FE EE 63 BA 91 F5 CD 77 2F FD | T:217285 RPD:1
[CH: 50] LEN: 12 | HEX: FA 76 FE ED 60 FA 91 F7 F8 79 BB AB | T:217315 RPD:1
[CH: 50] LEN: 12 | HEX: EA 76 FE EC 61 F6 91 FE E4 9C BF 77 | T:217345 RPD:1
[CH: 50] LEN: 12 | HEX: FA 76 FC EB 66 F6 91 FF 52 65 BA FE | T:217375 RPD:1
[CH: 50] LEN: 12 | HEX: F2 76 FE EA 67 FA 91 FF 0E 80 BB BF | T:217405 RPD:1
[CH: 50] LEN: 12 | HEX: FA 76 FC E9 64 F2 91 FF 7B 8F BF 7F | T:217435 RPD:1
[CH: 50] LEN: 12 | HEX: F2 76 FD E8 65 FA 91 FE A7 6B AF FF | T:217465 RPD:1
[CH: 50] LEN: 12 | HEX: F2 76 F6 E7 6A FA 91 FF 56 7C AF FF | T:217495 RPD:1
[CH: 50] LEN: 12 | HEX: FA 76 EA E6 6B FA 91 FF CA 99 BF DF | T:217525 RPD:1
[CH: 50] LEN: 12 | HEX: F6 76 FE E5 68 EE 91 FF 3F 97 BF FF | T:217555 RPD:1
[CH: 50] LEN: 12 | HEX: FA 76 EA E4 69 EE 91 FB C3 72 BF FC | T:217585 RPD:1
[CH: 50] LEN: 12 | HEX: F2 76 FE E3 6E F2 91 FE 95 8B BF FE | T:217615 RPD:1
[CH: 50] LEN: 12 | HEX: FA 76 FC E2 6F 52 91 D7 89 6E BF FF | T:217645 RPD:1
[CH: 50] LEN: 12 | HEX: FA 76 FC E1 6C FA 91 FE 7C 60 B7 FF | T:217675 RPD:1
[CH: 50] LEN: 12 | HEX: FA 76 FA E0 6D F2 91 FF 60 85 BF BF | T:217705 RPD:1
[CH: 50] LEN: 12 | HEX: FA 76 F4 DF 52 F6 91 F5 31 95 BF FF | T:217735 RPD:1
[CH: 50] LEN: 12 | HEX: FA 76 FE FE 73 F2 91 FF 52 8A BB 75 | T:217765 RPD:1
[CH: 50] LEN: 12 | HEX: FA 76 F6 F9 70 FA 91 F5 27 84 BA B2 | T:217768 RPD:1
[CH: 50] LEN: 12 | HEX: FA 76 FE F2 77 BA 91 F7 11 7D BF FF | T:217779 RPD:1
[CH: 50] LEN: 12 | HEX: F6 76 F5 F1 74 F2 91 FF 94 7B FF E5 | T:217783 RPD:1
[CH: 50] LEN: 12 | HEX: FA 76 EA F8 75 F2 91 F6 38 96 BF BF | T:217787 RPD:1
[CH: 50] LEN: 12 | HEX: FA 76 FE F7 7A FA 91 FF 49 81 BE FF | T:217799 RPD:1
[CH: 50] LEN: 12 | HEX: F2 76 FE F6 7B F2 91 F7 55 64 BF BD | T:217799 RPD:1
[CH: 50] LEN: 12 | HEX: FA 76 FE F5 78 D2 91 D5 20 6A BE B7 | T:217825 RPD:1
[CH: 50] LEN: 12 | HEX: F2 76 FA F4 79 F2 91 D7 FC 8E BD 7F | T:217855 RPD:1
[CH: 50] LEN: 12 | HEX: EE 76 EE F3 76 F2 91 D6 8A 76 BF DF | T:217885 RPD:1
[CH: 50] LEN: 12 | HEX: FA 76 FB F2 7F AA 91 FF 96 93 BF F6 | T:217915 RPD:1
[CH: 50] LEN: 12 | HEX: F2 76 FE F1 7A FA 91 FF 63 9D BF FF | T:217945 RPD:1
[CH: 50] LEN: 12 | HEX: FA 76 FE F0 79 FA 91 FF BF 78 BD BE | T:217975 RPD:1
[CH: 50] LEN: 12 | HEX: FA 76 EA EF 62 F2 91 FF 11 92 BF FD | T:218004 RPD:1
[CH: 50] LEN: 12 | HEX: FA 76 FE EE 63 FA 91 EF 2D 77 3A D7 | T:218034 RPD:1
[CH: 50] LEN: 12 | HEX: FA 76 F5 ED 60 FA 91 F7 38 71 BF BD | T:218064 RPD:1
[CH: 50] LEN: 12 | HEX: F2 76 FE EC 61 EA 91 F6 E4 9C B7 FF | T:218094 RPD:1
[CH: 50] LEN: 12 | HEX: FA 76 F6 EB 66 FA 91 F5 52 65 AF 7F | T:218124 RPD:1
[CH: 50] LEN: 12 | HEX: FA 76 FE EA 67 FE 91 F7 4E 80 BF FD | T:218154 RPD:1
[CH: 50] LEN: 12 | HEX: F6 76 F6 E9 64 EA 91 F7 BB 8E BA FB | T:218184 RPD:1
[CH: 50] LEN: 12 | HEX: F2 76 FC E8 65 F2 91 EB 27 6B F5 FF | T:218214 RPD:1
[CH: 50] LEN: 12 | HEX: F6 76 F5 E7 6A F2 91 F5 96 78 BB F3 | T:218244 RPD:1
[CH: 50] LEN: 12 | HEX: FA 76 FE E6 6B FA 91 D5 4A 99 B3 F5 | T:218274 RPD:1
[CH: 50] LEN: 12 | HEX: FA 76 F6 E5 68 FA 91 FF BF 97 BF FF | T:218304 RPD:1
[CH: 50] LEN: 12 | HEX: F2 76 EE E4 69 EA 91 FF E3 72 BF ED | T:218334 RPD:1
[CH: 50] LEN: 12 | HEX: FA 76 FC E3 6E FA 91 F7 75 8B AF 77 | T:218364 RPD:1
[CH: 50] LEN: 12 | HEX: F2 76 FA E2 6F F6 91 ED 09 6E B9 DF | T:218394 RPD:1
[CH: 50] LEN: 12 | HEX: FA 76 FE E1 6C F2 91 FF 7C 60 BF FF | T:218424 RPD:1
[CH: 50] LEN: 12 | HEX: F2 76 FE E0 6D FA 91 FD 20 85 BF F7 | T:218454 RPD:1
[CH: 50] LEN: 12 | HEX: FA 76 FE DF 52 FA 91 FF 31 95 BE FF | T:218484 RPD:1
[CH: 50] LEN: 12 | HEX: F6 76 FE F6 73 FA 91 FF 72 8A BE BF | T:218514 RPD:1
[CH: 50] LEN: 12 | HEX: FA 76 FE F5 70 F2 91 FF A7 84 BD B6 | T:218518 RPD:1
[CH: 50] LEN: 12 | HEX: FA 76 F6 FA 71 FA 91 F7 7B 61 BD FF | T:218522 RPD:1
[CH: 50] LEN: 12 | HEX: FA 76 F4 FB 76 F2 91 F6 CD 98 BF 7E | T:218533 RPD:1
[CH: 50] LEN: 12 | HEX: FA 76 FE FA 77 72 91 FB 91 7D BD FF | T:218533 RPD:0
[CH: 50] LEN: 12 | HEX: FA 76 FE F9 74 FA 91 FB D4 73 BB FD | T:218545 RPD:1
[CH: 50] LEN: 12 | HEX: FA 76 FE F8 75 FA 91 F5 38 96 BD F5 | T:218545 RPD:0
[CH: 50] LEN: 12 | HEX: F2 76 F6 F7 7A FA 91 F7 89 81 BF FF | T:218556 RPD:0
[CH: 50] LEN: 12 | HEX: F2 76 FA F5 78 FA 91 FF 20 6A BD 7B | T:218574 RPD:1
[CH: 50] LEN: 12 | HEX: FA 76 F5 F4 79 EA 91 FF DC 8F BF 55 | T:218604 RPD:1
[CH: 50] LEN: 12 | HEX: FA 76 FE F3 7E FA 91 EF 6A 76 BF DE | T:218634 RPD:1
[CH: 50] LEN: 12 | HEX: FA 76 FA F2 7A AA 91 FE 16 93 BF EF | T:218664 RPD:1
[CH: 50] LEN: 12 | HEX: FA 76 FC F1 7C FA 91 FF 63 9D B3 EF | T:218694 RPD:1
[CH: 50] LEN: 12 | HEX: FA 76 FE F0 79 F2 91 FF FE 78 BD FF | T:218724 RPD:1
[CH: 50] LEN: 12 | HEX: F2 76 FE EF 62 F2 91 EF 11 92 BB FF | T:218754 RPD:1
[CH: 50] LEN: 12 | HEX: FA 76 FC EE 63 DA 91 F7 CD 77 BA EE | T:218784 RPD:1
[CH: 50] LEN: 12 | HEX: FA 76 FE ED 60 F2 91 FF 38 79 BD FB | T:218814 RPD:1
[CH: 50] LEN: 12 | HEX: F2 76 FE EC 61 FA 91 FB 64 9C BF FF | T:218844 RPD:1
[CH: 50] LEN: 12 | HEX: FA 76 F6 EB 66 F2 91 FF 52 65 BD FF | T:218874 RPD:1
[CH: 50] LEN: 12 | HEX: FA 76 FA EA 67 F2 91 DE 4F 80 BF 7B | T:218904 RPD:1
[CH: 50] LEN: 12 | HEX: F2 76 FA E9 64 F2 91 EB FB 8E BF FF | T:218934 RPD:1
[CH: 50] LEN: 12 | HEX: F6 76 EC F8 65 FA 91 FE 27 6B FF 5F | T:218964 RPD:1
[CH: 50] LEN: 12 | HEX: FA 76 F4 E7 6A F2 91 FF 96 7C B7 BF | T:218994 RPD:1
[CH: 50] LEN: 12 | HEX: FA 76 F6 E6 6B E6 91 F5 4A 99 AF FE | T:219024 RPD:1
[CH: 50] LEN: 12 | HEX: FA 76 FE E5 68 FA 91 FF 3E 97 BE F7 | T:219054 RPD:1
[CH: 50] LEN: 12 | HEX: FA 76 FE E4 69 FA 91 FF E3 72 BB FE | T:219084 RPD:1
[CH: 50] LEN: 12 | HEX: E2 76 F8 E3 6E F2 91 F5 D5 8B BF FB | T:219114 RPD:1
[CH: 50] LEN: 12 | HEX: FA 76 F5 E2 6F FA 91 FE 89 6E BF DF | T:219144 RPD:1
[CH: 50] LEN: 12 | HEX: FA 76 FE E1 6C FA 91 FE F8 60 BD FB | T:219174 RPD:1
[CH: 50] LEN: 12 | HEX: FA 76 FE DF 52 FA 91 FF 31 95 B5 DF | T:219234 RPD:1
[CH: 50] LEN: 12 | HEX: FA 76 EA EA 73 EA 91 FF D2 8A BB DB | T:219264 RPD:1
[CH: 50] LEN: 12 | HEX: FA 76 EA FD 70 FA 91 D7 27 84 BF FD | T:219267 RPD:1
[CH: 50] LEN: 12 | HEX: FA 76 FC F8 79 FA 91 F5 7B 61 BD BF | T:219271 RPD:1
[CH: 50] LEN: 12 | HEX: FA 76 FE FB 76 FA 91 FF 4D 98 BF BF | T:219283 RPD:1
[CH: 50] LEN: 12 | HEX: FE 76 FA FA 77 D6 91 FE D1 7B AF 7E | T:219283 RPD:0
[CH: 50] LEN: 12 | HEX: FA 76 FC F9 74 FA 91 FF C4 73 BF F7 | T:219294 RPD:1
[CH: 50] LEN: 12 | HEX: FA 76 FE F8 75 FA 91 F7 38 96 BF FD | T:219294 RPD:0
[CH: 50] LEN: 12 | HEX: FA 76 F5 F7 7A FA 91 FF 89 81 B6 FF | T:219306 RPD:0
[CH: 50] LEN: 12 | HEX: FA 76 F6 FD 78 FA 91 FF A0 6A AD AD | T:219324 RPD:1
[CH: 50] LEN: 12 | HEX: FA 76 FE F4 79 F2 91 FF E8 8F 3F FB | T:219355 RPD:1
[CH: 50] LEN: 12 | HEX: FA 76 F5 F3 7C FA 91 FF 8A 76 AF FF | T:219384 RPD:1
[CH: 50] LEN: 12 | HEX: F2 76 FC F2 7A F2 91 FB 16 93 BF DD | T:219414 RPD:1
[CH: 50] LEN: 12 | HEX: F2 76 F6 F1 7C FA 91 F7 63 9D BF F7 | T:219444 RPD:1
[CH: 50] LEN: 12 | HEX: FA 76 FA F0 75 F2 91 FD 3F 78 BD AF | T:219474 RPD:1
[CH: 50] LEN: 12 | HEX: FA 76 FE EF 62 FA 91 F7 11 92 B6 FF | T:219504 RPD:1
[CH: 50] LEN: 12 | HEX: FA 76 FC EE 63 EA 91 EE 8D 77 BF DD | T:219534 RPD:1
[CH: 50] LEN: 12 | HEX: FA 7E FE ED 60 FA 91 F7 B8 79 BB FF | T:219564 RPD:1
[CH: 50] LEN: 12 | HEX: FA 76 F6 EC 61 EA 91 FE E4 9C B7 F7 | T:219594 RPD:1
[CH: 50] LEN: 12 | HEX: FA 76 FC EA 67 B6 91 FF CF 80 BF FE | T:219654 RPD:1
[CH: 50] LEN: 12 | HEX: F2 76 FE E9 64 FA 91 EA D3 8E BA BF | T:219684 RPD:1
[CH: 50] LEN: 12 | HEX: F2 76 FA E8 65 FA 91 FF 27 6B FF E8 | T:219714 RPD:1
[CH: 50] LEN: 12 | HEX: FA 76 FE E6 6B FA 91 FD 4A 99 BB FB | T:219774 RPD:1
[CH: 50] LEN: 12 | HEX: F2 76 FE E5 68 F6 91 FF 3F D7 BF FF | T:219804 RPD:1
[CH: 50] LEN: 12 | HEX: FA 76 EA E4 69 FA 91 DE A3 72 AB BF | T:219834 RPD:1
[CH: 50] LEN: 12 | HEX: FA 76 FE E3 6E FA 91 F7 B5 8B BA F7 | T:219864 RPD:1
[CH: 50] LEN: 12 | HEX: FA 76 FA E1 6C F2 91 FF 7C 60 BF FF | T:219924 RPD:1
[CH: 50] LEN: 12 | HEX: FA 76 EB E0 6D D2 91 FD A0 85 BF ED | T:219954 RPD:1
[CH: 50] LEN: 12 | HEX: FA 76 FC DD 52 FA 91 EF 31 95 BF FF | T:219984 RPD:1
[CH: 50] LEN: 12 | HEX: F2 76 FC FE 73 DA 91 FF F2 8A BF FF | T:220014 RPD:1
[CH: 50] LEN: 12 | HEX: FA 76 F4 FB 70 F2 91 F7 67 84 BE FE | T:220018 RPD:1
[CH: 50] LEN: 12 | HEX: EA 76 FA FC 71 F2 91 EF 7B 61 BE DF | T:220048 RPD:1
[CH: 50] LEN: 12 | HEX: FA 76 F4 F3 76 FA 91 FF 4D 98 BF B7 | T:220052 RPD:1
[CH: 50] LEN: 12 | HEX: FA 76 FA FA 77 EA 91 FF 91 75 BF FF | T:220056 RPD:1
[CH: 50] LEN: 12 | HEX: FA 76 F5 F1 74 FA 91 D7 44 73 BB FF | T:220067 RPD:1
[CH: 50] LEN: 12 | HEX: FA 76 EE F8 75 D6 91 F7 38 96 BF FD | T:220067 RPD:0
[CH: 50] LEN: 12 | HEX: FA 76 F4 F7 7A FA 91 EB 89 81 BA FD | T:220079 RPD:1
[CH: 50] LEN: 12 | HEX: F2 76 FD FE 7B D6 91 FF 55 64 BB 5B | T:220079 RPD:1
[CH: 50] LEN: 12 | HEX: FA 76 FA F5 78 FA 91 FF 20 6A BF FF | T:220101 RPD:1
[CH: 50] LEN: 12 | HEX: FA 7E F5 F4 79 F2 91 DA FC 8F BF 7F | T:220131 RPD:1
[CH: 50] LEN: 12 | HEX: FA 76 FA F3 7E FA 91 D7 8A 76 BF FF | T:220161 RPD:1
[CH: 50] LEN: 12 | HEX: FA 76 FC F2 7F DA 91 EA 16 93 BF 7F | T:220191 RPD:1
[CH: 50] LEN: 12 | HEX: FA 76 FE F1 78 FA 91 EB 63 DD B5 DF | T:220221 RPD:1
[CH: 50] LEN: 12 | HEX: EA 76 F4 F0 79 EA 91 FF BF F8 B7 FF | T:220251 RPD:1
[CH: 50] LEN: 12 | HEX: F2 76 F5 EF 62 F2 91 FF 91 92 B7 F6 | T:220281 RPD:1
[CH: 50] LEN: 12 | HEX: FA 76 FE EE 63 F2 91 F7 AD 77 BF 7F | T:220311 RPD:1
[CH: 50] LEN: 12 | HEX: FA 76 FE ED 60 F2 91 FF B8 79 BF 7F | T:220341 RPD:1
[CH: 50] LEN: 12 | HEX: FA 76 F4 EC 61 FA 91 D5 64 9C BF FF | T:220371 RPD:1
[CH: 50] LEN: 12 | HEX: FA 76 FE EB 66 FA 91 FE D2 65 BF F7 | T:220401 RPD:1
[CH: 50] LEN: 12 | HEX: FA 76 FA EA 67 F2 91 FF 8E 80 B7 FF | T:220431 RPD:1
[CH: 50] LEN: 12 | HEX: F2 76 FC E9 64 F2 91 EB 53 8E BF FD | T:220461 RPD:1
[CH: 50] LEN: 12 | HEX: FA 76 FA E8 65 F6 91 FF 27 6B BF FB | T:220491 RPD:1
[CH: 50] LEN: 12 | HEX: FA 76 F5 E7 6A F2 91 D7 56 78 BB FF | T:220521 RPD:1
[CH: 50] LEN: 12 | HEX: F2 76 FE E6 6B EA 91 FF 4A 99 BF DF | T:220551 RPD:1
[CH: 50] LEN: 12 | HEX: F2 76 FB E5 68 FA 91 F7 3F 97 3B FF | T:220581 RPD:1
[CH: 50] LEN: 12 | HEX: F2 76 F6 E4 69 F2 91 D7 43 72 BD FF | T:220611 RPD:1
[CH: 50] LEN: 12 | HEX: FA 76 FE E3 6E FA 91 FE 95 8B BE EF | T:220641 RPD:1
[CH: 50] LEN: 12 | HEX: FA 76 FE E2 6F BA 91 FF 09 6E BF FF | T:220671 RPD:1
[CH: 50] LEN: 12 | HEX: FA 76 F4 E1 6C FA 91 FF 7C 60 AF EF | T:220701 RPD:1
[CH: 50] LEN: 12 | HEX: FA 76 F5 E0 6D FA 91 FF A0 85 B7 FB | T:220731 RPD:1
[CH: 50] LEN: 12 | HEX: FA 76 F6 DE 52 F2 91 FE B1 95 B5 D5 | T:220761 RPD:1
[CH: 50] LEN: 12 | HEX: FA 76 FA F4 73 F2 91 FB D2 8A BF BF | T:220791 RPD:1
[CH: 50] LEN: 12 | HEX: FA 76 F6 F5 70 FA 91 DF 67 84 B7 DB | T:220794 RPD:1
[CH: 50] LEN: 12 | HEX: FA 76 FE F4 71 EA 91 D5 73 61 BD FD | T:220797 RPD:1
[CH: 50] LEN: 12 | HEX: F2 76 FE F3 76 F2 91 FF 4D 98 AB DF | T:220809 RPD:1
[CH: 50] LEN: 12 | HEX: FA 76 F6 F2 77 BA 91 FF 91 79 BF FF | T:220809 RPD:1
[CH: 50] LEN: 12 | HEX: FA 76 FE F9 74 F2 91 FB D4 73 AD DF | T:220820 RPD:1
[CH: 50] LEN: 12 | HEX: FA 76 EF F8 75 FA 91 FE 38 96 BD DF | T:220820 RPD:0
[CH: 50] LEN: 12 | HEX: FA 76 FA F7 7E F2 91 FF 89 81 BF FF | T:220832 RPD:1
[CH: 50] LEN: 12 | HEX: F2 76 FE F6 7B FA 91 FF 55 64 BD F9 | T:220843 RPD:1
[CH: 50] LEN: 12 | HEX: FA 76 FE F5 74 D2 91 AA A0 6A BD BF | T:220851 RPD:1
[CH: 50] LEN: 12 | HEX: FA 76 FF F4 71 FA 91 FF 54 8F 7F 7A | T:220882 RPD:1
[CH: 50] LEN: 12 | HEX: F2 76 FA F3 7A FA 91 EB 4A 76 BF DE | T:220911 RPD:1
[CH: 50] LEN: 12 | HEX: FA 76 FB F2 7F D6 91 EB 16 93 BF BF | T:220941 RPD:1
[CH: 50] LEN: 12 | HEX: FA 76 FE F1 7C F2 91 F5 63 9D BF FF | T:220971 RPD:1
[CH: 50] LEN: 12 | HEX: F2 76 FE F8 7D F2 91 EB BD 78 BF B6 | T:221001 RPD:1
[CH: 50] LEN: 12 | HEX: FA 76 EA EF 62 FA 91 DD 91 92 BF DB | T:221031 RPD:1
[CH: 50] LEN: 12 | HEX: FA 76 FC EE 63 F2 91 F5 4D 77 BF DF | T:221061 RPD:1
[CH: 50] LEN: 12 | HEX: FA 76 FC ED 60 FA 91 ED 78 79 BF FF | T:221091 RPD:1
[CH: 50] LEN: 12 | HEX: FA 76 FF EC 61 FA 91 FF 64 9C BF ED | T:221121 RPD:1
[CH: 50] LEN: 12 | HEX: FA 76 FE EB 66 F6 91 FF 52 65 B7 F7 | T:221151 RPD:1
[CH: 50] LEN: 12 | HEX: FA 76 F6 EA 67 EA 91 FF CF 80 BF EF | T:221181 RPD:1
[CH: 50] LEN: 12 | HEX: FA 76 F6 E9 64 FA 91 F5 FB 8E B6 BF | T:221211 RPD:1
[CH: 50] LEN: 12 | HEX: F2 76 FE E8 65 EA 91 FE A7 6B FF FF | T:221241 RPD:1
[CH: 50] LEN: 12 | HEX: FA 76 FE E7 6A FA 91 F7 16 7C BF EF | T:221271 RPD:1
[CH: 50] LEN: 12 | HEX: FA 76 F5 E6 6B DA 91 FE CA 99 AF EF | T:221301 RPD:1
[CH: 50] LEN: 12 | HEX: FA 76 FE E5 68 FA 91 F5 3F 97 AD FF | T:221331 RPD:1
[CH: 50] LEN: 12 | HEX: FA 76 FA E4 69 EA 91 FF C3 72 BF FF | T:221361 RPD:1
[CH: 50] LEN: 12 | HEX: FA 76 FE E3 6E FA 91 FF B5 8B B5 F7 | T:221391 RPD:1
[CH: 50] LEN: 12 | HEX: F2 76 F5 E2 6F F2 91 FE 09 6E BB F7 | T:221421 RPD:1
[CH: 50] LEN: 12 | HEX: FA 76 F6 E1 6C F2 91 FF 78 60 BE FD | T:221451 RPD:1
[CH: 50] LEN: 12 | HEX: F2 76 F4 E0 6D FA 91 FF 60 85 BF EB | T:221481 RPD:1
[CH: 50] LEN: 12 | HEX: FA 76 FE DF 52 FA 91 FF 31 95 AF FF | T:221511 RPD:1
[CH: 50] LEN: 12 | HEX: FA 76 F4 FE 73 F6 91 FE 92 8A BB FF | T:221541 RPD:1
[CH: 50] LEN: 12 | HEX: F2 76 F4 E9 70 F6 91 ED 67 84 B7 FF | T:221545 RPD:1
[CH: 50] LEN: 12 | HEX: FA 76 FE FC 71 FA 91 FF 7B 61 BF FF | T:221548 RPD:1
[CH: 50] LEN: 12 | HEX: F2 76 FC FB 76 FA 91 EB 4D 98 BF FB | T:221559 RPD:1
[CH: 50] LEN: 12 | HEX: FA 76 FA FA 77 FA 91 F7 51 7D BE A9 | T:221559 RPD:0
[CH: 50] LEN: 12 | HEX: FA 76 FA F9 74 FA 91 FF 44 73 BF FB | T:221571 RPD:1
[CH: 50] LEN: 12 | HEX: FA 76 FA F0 75 EA 91 FF B8 96 BE ED | T:221571 RPD:1
[CH: 50] LEN: 12 | HEX: F2 76 FE F7 7A FA 91 DE C9 81 BB FF | T:221593 RPD:1
[CH: 50] LEN: 12 | HEX: FA 76 FE F6 7B F2 91 EA 55 64 BF AD | T:221597 RPD:1
[CH: 50] LEN: 12 | HEX: F2 76 FE F5 70 D2 91 FF A0 6A BF FF | T:221627 RPD:1
[CH: 50] LEN: 12 | HEX: FA 76 FE F4 71 FA 91 FF FC 8F BF EB | T:221657 RPD:1
[CH: 50] LEN: 12 | HEX: FA 76 F4 F3 7E FA 91 EB 4A 76 B7 BF | T:221687 RPD:1
[CH: 50] LEN: 12 | HEX: FA 76 F6 F2 7D 76 91 DE 16 93 BD BB | T:221717 RPD:1
[CH: 50] LEN: 12 | HEX: FA 76 FE F1 78 F2 91 F5 63 9D BF AF | T:221747 RPD:1
[CH: 50] LEN: 12 | HEX: FA 76 FE F0 79 D6 91 FF FF FC BB FF | T:221777 RPD:1
[CH: 50] LEN: 12 | HEX: FA 76 FE EF 62 F2 91 FD 11 92 BB FF | T:221807 RPD:1
[CH: 50] LEN: 12 | HEX: FA 76 FE EE 63 EA 91 FF 4D 77 BD EF | T:221837 RPD:1
[CH: 50] LEN: 12 | HEX: F2 76 EE ED 60 FA 91 FE 78 79 BF FF | T:221867 RPD:1
[CH: 50] LEN: 12 | HEX: FA 76 FA EC 61 F2 91 FF 64 9C B6 B9 | T:221897 RPD:1
[CH: 50] LEN: 12 | HEX: FA 76 FA EB 66 FA 91 FF D2 65 BF FF | T:221927 RPD:1
[CH: 50] LEN: 12 | HEX: F2 76 FB EA 67 B2 91 EE 8E 80 AB FF | T:221957 RPD:1
[CH: 50] LEN: 12 | HEX: FA 76 FE E9 64 FA 91 FF D3 8E BB F7 | T:221987 RPD:1
[CH: 50] LEN: 12 | HEX: FA 76 FE E8 65 EA 91 EF 27 6B F5 BE | T:222017 RPD:1
[CH: 50] LEN: 12 | HEX: FA 76 FE E7 6A F6 91 FF D6 7C BF FF | T:222047 RPD:1
[CH: 50] LEN: 12 | HEX: FA 76 EA E6 6B FA 91 F6 4A 99 BF FF | T:222077 RPD:1
[CH: 50] LEN: 12 | HEX: F2 76 FA E5 68 FA 91 EE 3D 97 BB DB | T:222107 RPD:1
[CH: 50] LEN: 12 | HEX: F2 76 F6 E4 69 F2 91 FF 63 72 BF FD | T:222137 RPD:1
[CH: 50] LEN: 12 | HEX: FA 76 F6 E3 6E F2 91 FE 95 8B BF EF | T:222167 RPD:1
[CH: 50] LEN: 12 | HEX: FA 76 EA E2 6F FA 91 F6 89 6E BF F6 | T:222197 RPD:1
[CH: 50] LEN: 12 | HEX: FA 76 FE E1 6C F2 91 EF 7C 60 AB BB | T:222227 RPD:1
[CH: 50] LEN: 12 | HEX: FA 76 FE E0 6D FA 91 D7 A0 85 BD FF | T:222257 RPD:1
[CH: 50] LEN: 12 | HEX: FA 76 FE DF 52 FA 91 FD 31 95 B7 BE | T:222287 RPD:1
[CH: 50] LEN: 12 | HEX: FA 76 FE FE 73 FA 91 ED D2 8A AF FF | T:222317 RPD:1
[CH: 50] LEN: 12 | HEX: FA 76 FE F5 70 F2 91 FF E7 84 BF EF | T:222320 RPD:1
[CH: 50] LEN: 12 | HEX: EA 76 F6 F4 71 F6 91 D7 73 61 BF BF | T:222323 RPD:1
[CH: 50] LEN: 12 | HEX: FA 76 EA FB 76 FA 91 FF 4D 98 BB FF | T:222335 RPD:1
[CH: 50] LEN: 12 | HEX: F6 76 F6 F2 77 FA 91 EF 11 79 BB 7E | T:222335 RPD:1
[CH: 50] LEN: 12 | HEX: FA 76 FA F1 74 FA 91 FF A4 7B BF FF | T:222346 RPD:1
[CH: 50] LEN: 12 | HEX: EE 76 F6 F4 75 EA 91 EE B8 96 B5 FF | T:222346 RPD:0
[CH: 50] LEN: 12 | HEX: FA 76 FE F7 7A FA 91 FF 49 81 BF D7 | T:222358 RPD:0
[CH: 50] LEN: 12 | HEX: FA 76 FE E5 78 EA 91 EE 20 6A BF FF | T:222376 RPD:1
[CH: 50] LEN: 12 | HEX: F2 76 FA F4 79 FA 91 EE BC 8F 3F FE | T:222406 RPD:1
[CH: 50] LEN: 12 | HEX: EA 76 F4 E3 7D FA 91 FF AA 76 BF AF | T:222436 RPD:1
[CH: 50] LEN: 12 | HEX: FA 76 F4 E2 7B BA 91 EF 16 93 BF F7 | T:222466 RPD:1
[CH: 50] LEN: 12 | HEX: FA 76 EE F1 78 EE 91 F6 63 9D BF F7 | T:222496 RPD:1
[CH: 50] LEN: 12 | HEX: FA 76 F2 F0 7D FA 91 FF FE F8 BF DF | T:222526 RPD:1
[CH: 50] LEN: 12 | HEX: F2 76 FB EF 62 F6 91 EF 91 92 BE BB | T:222556 RPD:1
[CH: 50] LEN: 12 | HEX: F6 76 F4 EE 63 DA 91 FF 4D 77 BD FF | T:222586 RPD:1
[CH: 50] LEN: 12 | HEX: FA 76 FE EC 61 D6 91 FF E4 9E BF F7 | T:222646 RPD:1
[CH: 50] LEN: 12 | HEX: FA 76 F4 EB 66 F2 91 D7 52 65 BF EF | T:222676 RPD:1
[CH: 50] LEN: 12 | HEX: F2 76 FC EA 67 BA 91 FF 4E 80 BF FF | T:222706 RPD:1
[CH: 50] LEN: 12 | HEX: F2 76 FD E9 64 F2 91 FE BB 8E AF FE | T:222736 RPD:1
[CH: 50] LEN: 12 | HEX: FA 76 F6 E8 65 DA 91 F7 27 6B FF FD | T:222766 RPD:1
[CH: 50] LEN: 12 | HEX: F2 76 FC E7 6A EA 91 D5 16 68 A6 B5 | T:222796 RPD:1
[CH: 50] LEN: 12 | HEX: F2 76 EE E6 6B FA 91 FF 4A 99 AF 6E | T:222826 RPD:1
[CH: 50] LEN: 12 | HEX: FA 76 F6 E5 68 FA 91 FE BD 17 B9 7A | T:222856 RPD:1
[CH: 50] LEN: 12 | HEX: F2 76 FE E4 69 D2 91 FA 63 72 BD FF | T:222886 RPD:1
[CH: 50] LEN: 12 | HEX: F2 76 FC E3 6E F6 91 FF 75 8B BB 77 | T:222916 RPD:1
[CH: 50] LEN: 12 | HEX: EA 76 FE E2 6F 76 91 FF 09 7F BF FB | T:222946 RPD:1
[CH: 50] LEN: 12 | HEX: FA 76 FB E1 6C F2 91 FE FC 60 BF EF | T:222976 RPD:1
[CH: 50] LEN: 12 | HEX: FA 76 FE E0 6D EA 91 EB 20 85 BE FF | T:223006 RPD:1
[CH: 50] LEN: 12 | HEX: EA 76 FE DD 52 F2 91 FF B1 95 BB BF | T:223036 RPD:1
[CH: 50] LEN: 12 | HEX: F2 76 F6 F6 73 DA 91 FF 52 8A BF FB | T:223066 RPD:1
[CH: 50] LEN: 12 | HEX: FA 76 F5 FB 70 F6 91 FF 67 84 BF FF | T:223070 RPD:1
[CH: 50] LEN: 12 | HEX: FA 76 FA FC 71 FA 91 EA FB 61 BA FE | T:223074 RPD:1
[CH: 50] LEN: 12 | HEX: FA 76 FE F3 76 FA 91 FE CD 98 BF FB | T:223085 RPD:1
[CH: 50] LEN: 12 | HEX: F2 76 FE EA 77 EA 91 EF 51 7D BF EE | T:223085 RPD:0
[CH: 50] LEN: 12 | HEX: F2 76 FE F9 74 F2 91 EE A4 73 B7 FE | T:223096 RPD:0
[CH: 50] LEN: 12 | HEX: EE 76 FE F0 75 EA 91 ED 38 96 AF BF | T:223115 RPD:1
[CH: 50] LEN: 12 | HEX: EA 76 EE F7 7A FA 91 FF C9 81 BB FF | T:223119 RPD:1
[CH: 50] LEN: 12 | HEX: F2 76 F6 F6 7B FA 91 EB 55 64 BF 7F | T:223122 RPD:1
[CH: 50] LEN: 12 | HEX: F2 76 FE E5 70 EA 91 FF A0 6A B7 77 | T:223152 RPD:1
[CH: 50] LEN: 12 | HEX: FA 76 FE F4 79 EA 91 F7 5C 8F AF DB | T:223182 RPD:1
[CH: 50] LEN: 12 | HEX: F2 76 F4 F3 7E F2 91 FF AA 76 BF FF | T:223212 RPD:1
[CH: 50] LEN: 12 | HEX: FA 76 F6 F2 7F 52 91 F6 96 93 BF EF | T:223242 RPD:1
[CH: 50] LEN: 12 | HEX: FA 76 F5 F1 78 F2 91 F6 63 9D BF FA | T:223272 RPD:1
[CH: 50] LEN: 12 | HEX: FA 76 FA F0 7D EA 91 FD 3D 78 BF 7F | T:223302 RPD:1
[CH: 50] LEN: 12 | HEX: FA 76 FE EF 62 FA 91 FF 11 92 BF DF | T:223332 RPD:1
[CH: 50] LEN: 12 | HEX: FA 76 FE EE 63 FA 91 FF 6D 77 BF BF | T:223362 RPD:1
[CH: 50] LEN: 12 | HEX: FA 76 FE ED 60 FA 91 EB B8 79 B7 F5 | T:223392 RPD:1
[CH: 50] LEN: 12 | HEX: F2 76 FE EC 61 F6 91 FF 64 9C BF FF | T:223422 RPD:1
[CH: 50] LEN: 12 | HEX: EA 76 FE EB 66 F2 91 FF 52 65 BF BB | T:223452 RPD:1
[CH: 50] LEN: 12 | HEX: FA 76 FD EA 67 FA 91 F7 8E 80 BF FF | T:223482 RPD:1
[CH: 50] LEN: 12 | HEX: FA 76 F5 E9 64 FA 91 F7 D3 8E BF FF | T:223512 RPD:1
[CH: 50] LEN: 12 | HEX: FA 76 FE E8 65 FA 91 F5 27 6B BB 7F | T:223542 RPD:1
[CH: 50] LEN: 12 | HEX: FA 76 FE E7 6A FA 91 FE 96 76 BB ED | T:223572 RPD:1
[CH: 50] LEN: 12 | HEX: FA 76 FE E6 6B EA 91 DF 4A 99 BE FF | T:223601 RPD:1
[CH: 50] LEN: 12 | HEX: FA 76 FE E5 68 FA 91 EE 3A 97 BB FE | T:223631 RPD:1
[CH: 50] LEN: 12 | HEX: FA 76 F5 E4 69 EA 91 FF 53 72 B6 BF | T:223661 RPD:1
[CH: 50] LEN: 12 | HEX: F6 76 FE E3 6E FA 91 ED 55 8B BB FF | T:223691 RPD:1
[CH: 50] LEN: 12 | HEX: F2 76 F4 E2 6F FA 91 FE 89 6E BF BF | T:223721 RPD:1
[CH: 50] LEN: 12 | HEX: FA 76 FC E1 6C FA 91 FE 7A 60 AF D9 | T:223751 RPD:0
[CH: 50] LEN: 12 | HEX: E2 76 FA E0 6D DA 91 FF A0 85 BB A7 | T:223781 RPD:0
[CH: 50] LEN: 12 | HEX: FA 76 FA DF 52 EA 91 EE 31 95 BF 52 | T:223811 RPD:0
[CH: 50] LEN: 12 | HEX: FA 76 F4 EF 73 EA 91 ED 92 8A BE F7 | T:223841 RPD:0
[CH: 50] LEN: 12 | HEX: F2 76 FE EB 70 F2 91 FB 67 84 BE FF | T:223845 RPD:0
[CH: 50] LEN: 12 | HEX: F2 76 EE FC 71 EA 91 F7 7B 61 BF FF | T:223848 RPD:0
[CH: 50] LEN: 12 | HEX: FA 76 FD FB 76 F2 91 FB 4D 98 BF FF | T:223859 RPD:0
[CH: 50] LEN: 12 | HEX: FA 76 FA FA 77 FA 91 FF 91 7D B7 FB | T:223860 RPD:0
[CH: 50] LEN: 12 | HEX: FA 76 F4 F1 74 FA 91 FF D4 7B BF FF | T:223871 RPD:0
[CH: 50] LEN: 12 | HEX: FA 76 F4 F8 75 F6 91 DD 38 96 AF FE | T:223871 RPD:0
[CH: 50] LEN: 12 | HEX: F2 76 FB E6 73 D6 91 F5 D5 64 BE FD | T:223882 RPD:0
[CH: 50] LEN: 12 | HEX: F6 76 FA ED 78 F6 91 FF 20 6A B5 FF | T:223900 RPD:0
[CH: 50] LEN: 12 | HEX: F2 76 F4 F4 79 DE 91 F6 BC 8F 7F FF | T:223930 RPD:0
[CH: 50] LEN: 12 | HEX: FA 76 FE F3 7E FA 91 FF AA 76 BB DF | T:223960 RPD:0
[CH: 50] LEN: 12 | HEX: F6 76 EC B2 7B 5A 91 FF 96 93 BF BA | T:223990 RPD:0
[CH: 50] LEN: 12 | HEX: FA 76 FB F1 7A FA 91 EB 63 9D AF AD | T:224020 RPD:1
[CH: 50] LEN: 12 | HEX: FA 76 FE F0 7D EA 91 FE FF 78 BF F7 | T:224050 RPD:0
[CH: 50] LEN: 12 | HEX: FA 76 FE EE 62 FA 91 FE 91 92 BF FF | T:224080 RPD:1
[CH: 50] LEN: 12 | HEX: FA 76 FE EE 63 FA 91 D7 CD 77 BE FD | T:224110 RPD:1
[CH: 50] LEN: 12 | HEX: FA 76 FE ED 60 FA 91 F7 78 79 AD FD | T:224140 RPD:1
[CH: 50] LEN: 12 | HEX: FA 76 EA EC 61 DA 91 FD E4 9C BD FF | T:224170 RPD:1
[CH: 50] LEN: 12 | HEX: FA 76 FA EB 66 FA 91 FF 52 65 BF FF | T:224200 RPD:1
[CH: 50] LEN: 12 | HEX: FA 76 F6 EA 67 FE 91 FF 4E 80 BF BF | T:224230 RPD:1
[CH: 50] LEN: 12 | HEX: FA 76 FE E9 64 FA 91 FF 5B 8E BF EF | T:224260 RPD:1
[CH: 50] LEN: 12 | HEX: F2 76 EA E8 65 FA 91 FF A7 6B BB DF | T:224290 RPD:1
[CH: 50] LEN: 12 | HEX: FA 76 FE E7 6A FA 91 F7 56 7C B7 7F | T:224320 RPD:1
[CH: 50] LEN: 12 | HEX: F2 76 FE E6 6B D6 91 FD 4A 99 BB 54 | T:224350 RPD:1
[CH: 50] LEN: 12 | HEX: FA 76 FA ED 68 F2 91 EE BD 17 7F 6D | T:224380 RPD:1
[CH: 50] LEN: 12 | HEX: F6 76 F4 E4 69 FA 91 EB 63 72 BF 5B | T:224410 RPD:1
[CH: 50] LEN: 12 | HEX: FA 76 F4 E3 6E F2 91 FA 95 8B BF FB | T:224440 RPD:1
[CH: 50] LEN: 12 | HEX: FA 76 FB E2 6F AA 91 DD 09 6E B7 B7 | T:224470 RPD:1
[CH: 50] LEN: 12 | HEX: F2 76 FE E1 6C FA 91 F7 7C 60 BF EF | T:224500 RPD:1
[CH: 50] LEN: 12 | HEX: FA 76 FE E0 6D EA 91 FF 60 85 BD FF | T:224530 RPD:1
[CH: 50] LEN: 12 | HEX: FA 76 FE DF 52 FA 91 FB 31 95 BE F7 | T:224560 RPD:1
[CH: 50] LEN: 12 | HEX: FA 76 FB FA 73 FA 91 EE 92 8A BD BF | T:224590 RPD:1
[CH: 50] LEN: 12 | HEX: FA 76 FA FD 70 FA 91 EF 67 84 BF FB | T:224594 RPD:1
[CH: 50] LEN: 12 | HEX: F2 76 FA F8 71 FA 91 F7 7B 61 BF FE | T:224597 RPD:1
[CH: 50] LEN: 12 | HEX: FA 76 FE FB 76 F2 91 FF 4D 98 BB D7 | T:224608 RPD:1
[CH: 50] LEN: 12 | HEX: F2 76 F4 EA 77 B2 91 FE D1 7D B7 FF | T:224608 RPD:0
[CH: 50] LEN: 12 | HEX: F2 76 F4 F9 74 FA 91 F7 A4 7B BF FF | T:224619 RPD:1
[CH: 50] LEN: 12 | HEX: FA 76 FE F0 75 FA 91 F5 38 96 BF F7 | T:224620 RPD:0
[CH: 50] LEN: 12 | HEX: FA 76 FE F7 7A FA 91 FF 49 81 AE DE | T:224631 RPD:0
[CH: 50] LEN: 12 | HEX: FE 76 EE F5 78 F2 91 D5 20 6A BD 5D | T:224648 RPD:1
[CH: 50] LEN: 12 | HEX: F6 76 FA F3 7E FA 91 D5 CA 76 BF DE | T:224708 RPD:1
[CH: 50] LEN: 12 | HEX: FA 76 FA F1 7C F2 91 DF 63 9D BF BF | T:224768 RPD:1
[CH: 50] LEN: 12 | HEX: FA 76 FE F8 79 FA 91 EF 3F 78 BF F7 | T:224798 RPD:1
[CH: 50] LEN: 12 | HEX: FA 76 FE EF 62 FA 91 FF 91 92 BF D7 | T:224828 RPD:1
[CH: 50] LEN: 12 | HEX: FA 76 F6 EE 63 FA 91 EF 4D 77 BE FF | T:224858 RPD:1
[CH: 50] LEN: 12 | HEX: FA 76 FA ED 60 F2 91 FF B8 79 BF FF | T:224888 RPD:1
[CH: 50] LEN: 12 | HEX: F6 76 F6 EC 61 F6 91 FE E4 9C BF 7F | T:224918 RPD:1
[CH: 50] LEN: 12 | HEX: F2 76 EE EB 66 F2 91 D6 52 65 AF D6 | T:224948 RPD:1
[CH: 50] LEN: 12 | HEX: FA 76 DC EA 67 72 91 DE 8E 80 B7 FF | T:224977 RPD:1
[CH: 50] LEN: 12 | HEX: EA 76 FA F9 64 F2 91 FE BB 8E BB DE | T:225007 RPD:1
[CH: 50] LEN: 12 | HEX: FA 76 EC E8 65 FA 91 FC A7 6B BD 6A | T:225037 RPD:1
[CH: 50] LEN: 12 | HEX: F2 76 FC E7 6A F2 91 D5 56 74 AB FF | T:225067 RPD:1
[CH: 50] LEN: 12 | HEX: F2 76 FB E6 6B F2 91 EF 4A 99 AD 67 | T:225097 RPD:1
[CH: 50] LEN: 12 | HEX: FA 76 FE E5 68 FA 91 F7 BB 97 BF F7 | T:225127 RPD:1
[CH: 50] LEN: 12 | HEX: FA 76 FE E4 69 F6 91 FF F3 72 AF FF | T:225157 RPD:1
[CH: 50] LEN: 12 | HEX: FA 76 FB E3 6E FA 91 FA D5 8B BF F7 | T:225187 RPD:1
[CH: 50] LEN: 12 | HEX: FA 76 FE E2 6F AA 91 DF 09 6E BF BF | T:225217 RPD:1
[CH: 50] LEN: 12 | HEX: FA 76 F6 E1 6C FA 91 FF FC 60 BF 7F | T:225247 RPD:1
[CH: 50] LEN: 12 | HEX: FA 76 FE E0 6D FA 91 FF 60 85 BF FF | T:225277 RPD:1
[CH: 50] LEN: 12 | HEX: FA 76 F6 DF 52 FA 91 FE B1 95 BF EF | T:225307 RPD:1
[CH: 50] LEN: 12 | HEX: F2 7E EA F6 73 AA 91 F7 F2 8A B7 FF | T:225337 RPD:1
[CH: 50] LEN: 12 | HEX: FA 76 FE F9 70 F2 91 FF 67 84 BF BB | T:225341 RPD:1
[CH: 50] LEN: 12 | HEX: F2 76 FE F4 71 EE 91 FE FB 61 BF FF | T:225344 RPD:1
[CH: 50] LEN: 12 | HEX: FA 76 EE F3 76 FA 91 FE 4D 98 BF FF | T:225355 RPD:1
[CH: 50] LEN: 12 | HEX: F2 76 FA FA 77 FA 91 EB 91 79 BA FF | T:225377 RPD:1
[CH: 50] LEN: 12 | HEX: FA 76 FE F9 74 F2 91 FF 64 73 FF FF | T:225381 RPD:1
[CH: 50] LEN: 12 | HEX: F2 76 FE F0 75 FA 91 FF 38 96 BD FB | T:225385 RPD:1
[CH: 50] LEN: 12 | HEX: F2 76 FC F7 7A F2 91 FF C9 81 BF FD | T:225396 RPD:1
[CH: 50] LEN: 12 | HEX: F2 76 F4 F6 7B D6 91 DF 55 64 BB DE | T:225396 RPD:1
[CH: 50] LEN: 12 | HEX: FA 76 FA F5 78 FA 91 F7 20 6A BE CD | T:225423 RPD:1
[CH: 50] LEN: 12 | HEX: F2 76 FE F4 79 FA 91 FF 5C 8F 3A EF | T:225453 RPD:1
