# TM102 live session port=/dev/cu.usbserial-0001 started=20260826-140054
locked RF_CH 50 (2450 MHz)

Addressed capture: 5-byte address 18 18 18 18 3A, CRC off.
Every line below matched all 40 address bits in hardware.
Byte 0 is payload p0. Press x to stop.

[CH: 50] LEN: 12 | HEX: EE 76 ED 00 8C EF 7D FF AF 62 AF DF | T:2467091 RPD:1
[CH: 50] LEN: 12 | HEX: FA 76 FF 00 8C FF 7D FF 6F A2 AA AF | T:2467091 RPD:1
[CH: 50] LEN: 12 | HEX: F6 76 EC EE 63 BD FF 7E 11 5D BF FF | T:2467390 RPD:1
[CH: 50] LEN: 12 | HEX: FA 76 F6 F5 78 FF 5F F7 64 51 AD DB | T:2467420 RPD:1
[CH: 50] LEN: 12 | HEX: FA 76 FE FE 71 FD 7F D7 B8 B4 BF AE | T:2467450 RPD:1
[CH: 50] LEN: 12 | HEX: EE 76 F6 D7 76 FD 7A 7F 8E 4D BF 7F | T:2467480 RPD:1
[CH: 50] LEN: 12 | HEX: F2 76 FE FA 77 FD F7 FD 52 A8 BB FF | T:2467510 RPD:1
[CH: 50] LEN: 12 | HEX: EA 76 FE F1 74 FE FE FF 27 A6 BE EF | T:2467540 RPD:1
[CH: 50] LEN: 12 | HEX: FA 76 FE F8 75 F7 FD FF 5B 43 BD FF | T:2467570 RPD:1
[CH: 50] LEN: 12 | HEX: FA 76 FE F7 7A FB DF D6 4A 54 BF FA | T:2467600 RPD:1
[CH: 50] LEN: 12 | HEX: EE 76 FE F6 7B FB F7 FE 96 B1 BF FE | T:2467630 RPD:1
[CH: 50] LEN: 12 | HEX: FA 76 FE F4 79 EF FE BF 3D 5A BD FD | T:2467690 RPD:1
[CH: 50] LEN: 12 | HEX: F2 76 F4 F3 76 EF 7E B7 09 A3 AE BB | T:2467720 RPD:1
[CH: 50] LEN: 12 | HEX: FA 76 F6 F2 7B BF 5F EB D5 46 AF FF | T:2467750 RPD:1
[CH: 50] LEN: 12 | HEX: F2 76 F6 F9 74 EF 7D 7F A0 48 AF FF | T:2467780 RPD:1
[CH: 50] LEN: 12 | HEX: EA 76 FE F0 79 FF 5F F9 7C AD AE BE | T:2467810 RPD:1
[CH: 50] LEN: 12 | HEX: FA 76 FE EF 62 FF D7 FE 92 47 AF E9 | T:2467840 RPD:1
[CH: 50] LEN: 12 | HEX: F2 76 EE EE 63 AD 7D 7F 0E A2 BF FE | T:2467870 RPD:1
[CH: 50] LEN: 12 | HEX: FA 76 F4 ED 60 FA AF D6 7B AC BD D1 | T:2467900 RPD:1
[CH: 50] LEN: 12 | HEX: FA 76 FE EC 61 FF 5F FF 67 49 BF DF | T:2467930 RPD:1
[CH: 50] LEN: 12 | HEX: FA 76 FE EB 66 FF F5 7F 91 B0 BE FB | T:2467960 RPD:1
[CH: 50] LEN: 12 | HEX: FA 76 FA EA 67 FE AF BF 4D 55 BF 7B | T:2467990 RPD:1
[CH: 50] LEN: 12 | HEX: FA 76 FC E9 64 FB D7 FF 38 5B BF DF | T:2468020 RPD:1
[CH: 50] LEN: 12 | HEX: FA 76 FE E8 65 F6 97 FF E4 BD AF FD | T:2468050 RPD:1
[CH: 50] LEN: 12 | HEX: FA 76 EE E7 6A F5 D2 AB 55 A9 AE DE | T:2468080 RPD:1
[CH: 50] LEN: 12 | HEX: F2 76 FE E6 6B DF FF F5 09 4C AF FF | T:2468110 RPD:1
[CH: 50] LEN: 12 | HEX: FA 76 FA E5 68 FF 5F 6A FC 42 AF FB | T:2468140 RPD:1
[CH: 50] LEN: 12 | HEX: EA 76 F6 E4 69 FF 7D 5B 20 A7 BF FF | T:2468170 RPD:1
[CH: 50] LEN: 12 | HEX: F2 76 FA E3 6E FF 5F B4 96 5D AF B7 | T:2468200 RPD:1
[CH: 50] LEN: 12 | HEX: FA 76 FA E2 6F BD 7F F5 CA BB BE B5 | T:2468230 RPD:1
[CH: 50] LEN: 12 | HEX: FA 76 F6 E1 6C F7 AF FA BE B5 BF FF | T:2468260 RPD:1
[CH: 50] LEN: 12 | HEX: FA 76 FE E0 6D FF EB AB 63 50 BF ED | T:2468290 RPD:1
[CH: 50] LEN: 12 | HEX: FA 76 FE DF 52 FF D7 FF F2 40 BF FF | T:2468320 RPD:1
[CH: 50] LEN: 12 | HEX: F2 76 FC FE 73 F7 FE B7 11 5E AF FB | T:2468370 RPD:1
[CH: 50] LEN: 12 | HEX: FA 76 FE F5 70 FF DF FE 64 51 AF FF | T:2468400 RPD:1
[CH: 50] LEN: 12 | HEX: FA 76 FA F4 71 F7 D7 EF B8 B4 BA FF | T:2468430 RPD:1
[CH: 50] LEN: 12 | HEX: EA 76 F4 F3 76 F7 FF D7 8E 4D BF FF | T:2468460 RPD:1
[CH: 50] LEN: 12 | HEX: FA 76 FE FA 77 FD 5F FD 52 A8 AE FF | T:2468490 RPD:1
[CH: 50] LEN: 12 | HEX: D2 6E D6 E9 6C EA AF A8 27 66 AF F5 | T:2468520 RPD:1
[CH: 50] LEN: 12 | HEX: FA 76 FE F8 75 FB D7 FF 7B 43 B5 B9 | T:2468550 RPD:1
[CH: 50] LEN: 12 | HEX: F2 76 FE F7 7A F7 5F FE CA 54 BF FF | T:2468580 RPD:1
[CH: 50] LEN: 12 | HEX: FA 76 FC F6 7B FF 9F FD 16 B1 AF FE | T:2468610 RPD:1
[CH: 50] LEN: 12 | HEX: FA 76 FC F5 78 FF 57 FF A3 BD BF FF | T:2468640 RPD:1
[CH: 50] LEN: 12 | HEX: FA 76 F4 F4 79 FF AF FF 3F DA BD BF | T:2468670 RPD:1
[CH: 50] LEN: 12 | HEX: FA 76 F6 F3 7C FF AF FF 09 A3 AF FF | T:2468700 RPD:1
[CH: 50] LEN: 12 | HEX: FA 76 FE F2 7F F5 AF BD 55 46 AF FE | T:2468730 RPD:1
[CH: 50] LEN: 12 | HEX: FA 76 FE F1 7C FF D5 97 A0 48 B7 FD | T:2468760 RPD:1
[CH: 50] LEN: 12 | HEX: FA 76 FA F0 7D EF FF B9 78 AD BF 5F | T:2468790 RPD:1
[CH: 50] LEN: 12 | HEX: F2 76 FE EF 62 FF AF FF 32 47 BF 9F | T:2468820 RPD:1
[CH: 50] LEN: 12 | HEX: FA 76 FE EE 63 FE BF FD 8E A2 AB EA | T:2468850 RPD:1
[CH: 50] LEN: 12 | HEX: FA 76 FE ED 60 F7 57 FE FB AC AF DF | T:2468880 RPD:1
[CH: 50] LEN: 12 | HEX: F6 76 FA EC 61 EF AF FE E7 49 AF EE | T:2468910 RPD:1
[CH: 50] LEN: 12 | HEX: F2 76 F5 EB 66 FB 5F FA 51 B0 AF EF | T:2468940 RPD:1
[CH: 50] LEN: 12 | HEX: FA 76 FA EA 67 FD 7E F5 4D 55 AD BA | T:2468970 RPD:1
[CH: 50] LEN: 12 | HEX: FA 76 FE E9 64 FF D7 FF 38 5B AF FF | T:2469000 RPD:1
[CH: 50] LEN: 12 | HEX: FA 76 FE E8 65 F7 BF 5F E4 BE BF FF | T:2469030 RPD:1
[CH: 50] LEN: 12 | HEX: FA 76 F5 E7 6A FF AF FE D5 A9 AF ED | T:2469060 RPD:1
[CH: 50] LEN: 12 | HEX: F2 76 FE E6 6B DE BF FD 49 4C BF D7 | T:2469090 RPD:1
[CH: 50] LEN: 12 | HEX: FA 76 FE E5 68 FF 7F BD 7C 42 AF DD | T:2469120 RPD:1
[CH: 50] LEN: 12 | HEX: FA 76 FC E4 69 ED 7F FD 20 A7 EF FF | T:2469150 RPD:1
[CH: 50] LEN: 12 | HEX: F2 76 FE E3 6E FF EF FF 16 5E BF FF | T:2469180 RPD:1
[CH: 50] LEN: 12 | HEX: FA 76 F6 E2 6F FD 7F FA CA BB BB EF | T:2469210 RPD:1
[CH: 50] LEN: 12 | HEX: F2 76 FE E1 6C FF 5F FE BF B5 AF FF | T:2469240 RPD:1
[CH: 50] LEN: 12 | HEX: F2 76 EA E0 6D FF 5F FD 63 50 BE DF | T:2469270 RPD:1
[CH: 50] LEN: 12 | HEX: FA 76 FE DF 52 F7 5F FE B2 40 BB 7E | T:2469300 RPD:1
[CH: 50] LEN: 12 | HEX: F2 76 FE FE 73 F7 7F 7F 11 5F AF EA | T:2469350 RPD:1
[CH: 50] LEN: 12 | HEX: FA 76 FE FD 70 F7 BF FD 64 51 BF BF | T:2469381 RPD:1
[CH: 50] LEN: 12 | HEX: FA 76 FE F4 71 FF 5F FA B8 B4 AB 55 | T:2469411 RPD:1
[CH: 50] LEN: 12 | HEX: F2 76 FA FB 76 FB 7F 6F 8E 4D A7 EF | T:2469441 RPD:1
[CH: 50] LEN: 12 | HEX: FA 76 FE FA 77 FF D7 7B 52 A8 BF DB | T:2469471 RPD:1
[CH: 50] LEN: 12 | HEX: FA 76 FE F1 74 FF 5F BA 27 A6 AF FE | T:2469501 RPD:1
[CH: 50] LEN: 12 | HEX: FA 76 FE F8 75 FF 5F 6A FB 43 BB FF | T:2469531 RPD:1
[CH: 50] LEN: 12 | HEX: FA 76 FC F7 7A FF D7 FF CA 54 A3 5D | T:2469561 RPD:1
[CH: 50] LEN: 12 | HEX: F2 76 FA E6 73 FD 7F F7 96 B1 BF FF | T:2469591 RPD:1
[CH: 50] LEN: 12 | HEX: F2 76 FE F5 78 FF 5F FE D3 BE EE FF | T:2469621 RPD:1
[CH: 50] LEN: 12 | HEX: F2 76 FE F4 79 FF 5F FD 3F 5A AF 6A | T:2469651 RPD:1
[CH: 50] LEN: 12 | HEX: F2 76 FF F3 7E F5 5F D6 09 A3 B7 FF | T:2469681 RPD:1
[CH: 50] LEN: 12 | HEX: FA 76 FE F2 7F D7 AF FE 95 46 BE BF | T:2469711 RPD:1
[CH: 50] LEN: 12 | HEX: FA 76 FE E1 7C EF 7F AD A0 48 AA F7 | T:2469741 RPD:1
[CH: 50] LEN: 12 | HEX: EA 76 FE E0 75 DE BF 75 7C AD BF FB | T:2469771 RPD:1
[CH: 50] LEN: 12 | HEX: F2 76 FE EF 62 FF BF BA D2 47 AE EF | T:2469801 RPD:1
[CH: 50] LEN: 12 | HEX: F2 76 F4 EE 63 DD 7F 7A 0E A2 AF FF | T:2469830 RPD:1
[CH: 50] LEN: 12 | HEX: FA 76 FE ED 60 FF 5E BE 7B AC BF FE | T:2469860 RPD:1
[CH: 50] LEN: 12 | HEX: FA 76 F4 EC 61 EF 7F 77 A7 49 BF D7 | T:2469890 RPD:1
[CH: 50] LEN: 12 | HEX: FA 76 FA EB 66 FF 5F DF 91 B0 AF FF | T:2469920 RPD:1
[CH: 50] LEN: 12 | HEX: F2 76 FC EA 67 FD 7F D7 4D 55 AF AF | T:2469950 RPD:1
[CH: 50] LEN: 12 | HEX: F2 76 F4 E9 64 EF 7E FF 38 5B AF FF | T:2469980 RPD:1
[CH: 50] LEN: 12 | HEX: F2 76 FE E8 65 F7 5F F5 E4 BC AF 75 | T:2470010 RPD:1
[CH: 50] LEN: 12 | HEX: FA 76 FE E7 6A FF BF DD D5 A9 BF FB | T:2470040 RPD:1
[CH: 50] LEN: 12 | HEX: FA 76 FE E6 6B FF AF FA 89 4C AB FC | T:2470070 RPD:1
[CH: 50] LEN: 12 | HEX: FA 76 FE E5 68 FF D7 DD 7C 42 BF FF | T:2470100 RPD:1
[CH: 50] LEN: 12 | HEX: F2 76 FC E4 69 DD 7E F5 20 A7 BB FF | T:2470130 RPD:1
[CH: 50] LEN: 12 | HEX: F2 76 FE E3 6E FF D7 FE 96 5E AF 7D | T:2470160 RPD:1
[CH: 50] LEN: 12 | HEX: F2 76 F6 E2 6F F5 7F F5 8A BB AB AA | T:2470190 RPD:1
[CH: 50] LEN: 12 | HEX: F2 76 FE E1 6C FF 5F AF 7D 35 AB DF | T:2470220 RPD:1
[CH: 50] LEN: 12 | HEX: F2 76 FA E0 6D F5 AB D7 63 50 BF FF | T:2470250 RPD:1
[CH: 50] LEN: 12 | HEX: F2 76 FE DF 52 FF AB FF CA 40 BE BF | T:2470280 RPD:1
[CH: 50] LEN: 12 | HEX: FA 76 FD F6 73 FF 5F FA 91 5F AA DF | T:2470331 RPD:1
[CH: 50] LEN: 12 | HEX: FA 76 F6 FD 70 FF AF FF 64 51 AF ED | T:2470361 RPD:1
[CH: 50] LEN: 12 | HEX: EA 76 FE FC 71 EF 5F BF B8 B4 BB BF | T:2470391 RPD:1
[CH: 50] LEN: 12 | HEX: FA 76 FA F3 76 FF 5F FD 0E 4D BF BF | T:2470421 RPD:1
[CH: 50] LEN: 12 | HEX: FA 76 F5 FA 77 FD 7F EB 52 A8 AE FF | T:2470451 RPD:1
[CH: 50] LEN: 12 | HEX: F2 76 F6 F9 74 FB 57 EF 27 A6 BF AF | T:2470481 RPD:1
[CH: 50] LEN: 12 | HEX: FA 76 FE F8 75 F5 5F DE 5B 43 BF FF | T:2470511 RPD:1
[CH: 50] LEN: 12 | HEX: F2 76 FE F7 7A EB FE BF 4A 54 AF F5 | T:2470541 RPD:1
[CH: 50] LEN: 12 | HEX: F2 76 EE E6 7B BD 7F B7 96 B1 BF FF | T:2470571 RPD:1
[CH: 50] LEN: 12 | HEX: F2 76 FE F5 70 EF 7E BD E3 BF AF BD | T:2470601 RPD:1
[CH: 50] LEN: 12 | HEX: F2 76 FE F4 79 EF FD 7F 3F 5A BF 7F | T:2470631 RPD:1
[CH: 50] LEN: 12 | HEX: F2 7E F6 F2 7B BF 7F FF D5 46 BF EF | T:2470691 RPD:1
[CH: 50] LEN: 12 | HEX: FA 76 FE F0 7D F7 5F 5A 7C AD BF BF | T:2470751 RPD:1
[CH: 50] LEN: 12 | HEX: F2 76 F4 EF 62 EF FF 5F D2 47 B7 FF | T:2470781 RPD:1
[CH: 50] LEN: 12 | HEX: EE 76 FE EE 63 FB FB DF 0E A2 AF 7F | T:2470811 RPD:1
[CH: 50] LEN: 12 | HEX: EA 76 FD ED 60 EE BE BF 7B AC BF D5 | T:2470840 RPD:1
[CH: 50] LEN: 12 | HEX: FA 76 F6 EC 61 EF FD FF A7 49 AB 7D | T:2470870 RPD:1
[CH: 50] LEN: 12 | HEX: F2 76 FE EB 66 FF 7F 5B 91 B0 BF FB | T:2470900 RPD:1
[CH: 50] LEN: 12 | HEX: FA 76 F4 EA 67 FA FB FF 4D 55 AE E5 | T:2470930 RPD:1
[CH: 50] LEN: 12 | HEX: FA 76 F6 E9 64 FF 5E F7 38 5B BF EF | T:2470960 RPD:1
[CH: 50] LEN: 12 | HEX: F2 76 FC E8 65 FF 5F F5 E4 BD BF FB | T:2470990 RPD:1
[CH: 50] LEN: 12 | HEX: FA 76 F6 E7 6A FF BF FB 55 A9 BF 7A | T:2471020 RPD:1
[CH: 50] LEN: 12 | HEX: F2 76 FE E6 6B FE FE FF 89 4C AF FF | T:2471050 RPD:1
[CH: 50] LEN: 12 | HEX: F2 76 FE E5 68 EF FF 75 F4 42 AF FF | T:2471080 RPD:1
[CH: 50] LEN: 12 | HEX: F2 76 F4 E4 69 AF FA FF 20 A7 3F FE | T:2471110 RPD:1
[CH: 50] LEN: 12 | HEX: FA 76 FE E3 6E EF 7F B5 96 5E BF 7F | T:2471140 RPD:1
[CH: 50] LEN: 12 | HEX: FA 76 EE E2 6F F5 FF BF AA BB AB DF | T:2471170 RPD:1
[CH: 50] LEN: 12 | HEX: F2 76 F6 E1 6C F7 BF 7F BF B5 AF 7A | T:2471200 RPD:1
[CH: 50] LEN: 12 | HEX: FA 76 F6 F0 6D FE BD 6B 63 50 AF F6 | T:2471230 RPD:1
[CH: 50] LEN: 12 | HEX: F2 76 FE DF 52 F7 FF 5F F2 40 BF FF | T:2471260 RPD:1
[CH: 50] LEN: 12 | HEX: FA 76 FE EE 73 DF FD 7F 11 5D 3E BF | T:2471311 RPD:1
[CH: 50] LEN: 12 | HEX: FA 76 FE F5 70 FF 5F 77 64 51 BF F7 | T:2471341 RPD:1
[CH: 50] LEN: 12 | HEX: EA 76 FA F4 71 FE BF FD 78 B4 AF 6F | T:2471371 RPD:1
[CH: 50] LEN: 12 | HEX: EA 76 F6 F3 76 FF 5F 75 8E 4D AD BD | T:2471401 RPD:1
[CH: 50] LEN: 12 | HEX: FA 76 FB FA 77 7F F5 FE D2 A8 BF FF | T:2471431 RPD:1
[CH: 50] LEN: 12 | HEX: EE 76 F6 D1 74 FF FF AF 27 A6 AF FD | T:2471461 RPD:1
[CH: 50] LEN: 12 | HEX: F2 76 FE F8 75 FF FA FF 7B 43 BF FF | T:2471491 RPD:1
[CH: 50] LEN: 12 | HEX: F2 76 FE F7 7A FF AF FE 4A 54 B7 BF | T:2471521 RPD:1
[CH: 50] LEN: 12 | HEX: F2 76 FE F6 7B FD 7D 7F D6 B1 BD 71 | T:2471551 RPD:1
[CH: 50] LEN: 12 | HEX: FA 76 F6 F5 78 EA AF 54 E3 BB AE FB | T:2471581 RPD:1
[CH: 50] LEN: 12 | HEX: F2 76 FD F4 79 FE BF F7 3F 5A B7 6F | T:2471611 RPD:1
[CH: 50] LEN: 12 | HEX: FA 76 FA F3 7E FB 5E BE 09 A3 AF FB | T:2471641 RPD:1
[CH: 50] LEN: 12 | HEX: FA 76 FE F2 7B DF AF 7D D5 46 AD 7F | T:2471671 RPD:1
[CH: 50] LEN: 12 | HEX: FA 76 FE F1 78 F7 AF DD A0 48 AF BF | T:2471701 RPD:1
[CH: 50] LEN: 12 | HEX: F2 76 FE E0 7D D7 FE FF 7C AD BF BF | T:2471731 RPD:1
[CH: 50] LEN: 12 | HEX: F2 76 F6 EE 62 F5 5E B7 D2 47 BF FF | T:2471761 RPD:1
[CH: 50] LEN: 12 | HEX: FA 76 F6 EE 63 FD FB FF 0E A2 AF F5 | T:2471791 RPD:1
[CH: 50] LEN: 12 | HEX: F2 76 F6 ED 60 FF 5F FF 7B AC B7 F5 | T:2471821 RPD:1
[CH: 50] LEN: 12 | HEX: F6 76 FE EC 61 FF 5F FA A7 49 AF FF | T:2471851 RPD:1
[CH: 50] LEN: 12 | HEX: FA 76 FA EB 66 F7 FF 77 91 B0 AF FF | T:2471881 RPD:1
[CH: 50] LEN: 12 | HEX: FA 76 F6 EA 67 D5 7F D7 4D 55 AF DF | T:2471911 RPD:1
[CH: 50] LEN: 12 | HEX: FA 76 FE E9 64 F5 5F BA 38 5B AD 7F | T:2471941 RPD:1
[CH: 50] LEN: 12 | HEX: FA 7E FA E8 65 FE BE DF F4 BC BF FB | T:2471971 RPD:1
[CH: 50] LEN: 12 | HEX: FA 76 F6 E7 6A F6 A2 B8 55 A9 BD DA | T:2472001 RPD:1
[CH: 50] LEN: 12 | HEX: F2 76 FE E6 6B FE FD FF C9 4C AF D5 | T:2472031 RPD:1
[CH: 50] LEN: 12 | HEX: F2 76 FB E5 68 EE FF 6B E8 42 BE BF | T:2472061 RPD:1
[CH: 50] LEN: 12 | HEX: EA 76 FE E4 69 FD 7F D7 20 A7 BF FB | T:2472091 RPD:1
[CH: 50] LEN: 12 | HEX: FA 76 F6 E3 6E EF FE BF 16 5E AF FF | T:2472121 RPD:1
[CH: 50] LEN: 12 | HEX: FA 76 FE E2 6E FF EB 7F 4A BB AD FF | T:2472151 RPD:1
[CH: 50] LEN: 12 | HEX: FA 76 FE E1 6C FF 7E EF BF B5 BF FF | T:2472181 RPD:1
[CH: 50] LEN: 12 | HEX: F2 76 EA E0 6D EF 5F FD 63 50 BB 7F | T:2472211 RPD:1
[CH: 50] LEN: 12 | HEX: F2 76 FE DE 52 FF 5F 5F F2 40 BF 5F | T:2472241 RPD:1
[CH: 50] LEN: 12 | HEX: F2 76 FE F6 73 ED 7A FF 11 5F 3F 7F | T:2472291 RPD:1
[CH: 50] LEN: 12 | HEX: FA 76 FE FD 70 FF AF DF 64 51 BF FF | T:2472294 RPD:1
[CH: 50] LEN: 12 | HEX: F2 76 F6 FA 71 FF FE FF B8 B4 BD FF | T:2472324 RPD:1
[CH: 50] LEN: 12 | HEX: FA 76 FA FB 76 FB 5F FB 8E 4D BF FB | T:2472354 RPD:1
[CH: 50] LEN: 12 | HEX: EA 76 FE EA 77 76 FB FF 52 A8 AF FF | T:2472384 RPD:1
[CH: 50] LEN: 12 | HEX: FA 76 FE F9 7C F7 DF AF 27 A6 BF 7F | T:2472414 RPD:1
[CH: 50] LEN: 12 | HEX: F2 76 EA F0 75 FE BF F5 F3 43 AF FD | T:2472444 RPD:1
[CH: 50] LEN: 12 | HEX: FA 76 FE F7 7A FD DF DE 4A 54 BF FA | T:2472474 RPD:1
[CH: 50] LEN: 12 | HEX: EA 76 F6 F6 73 BA FD EB 96 B1 AF FF | T:2472504 RPD:1
[CH: 50] LEN: 12 | HEX: F2 76 FE F5 78 EE BF 6A E3 FF AE FF | T:2472534 RPD:1
[CH: 50] LEN: 12 | HEX: FA 7E F6 F4 79 FE 7F FA 3E 5A AF 3F | T:2472564 RPD:1
[CH: 50] LEN: 12 | HEX: F2 76 FE F3 7E FF 5F 7F 09 A3 BF F7 | T:2472594 RPD:1
[CH: 50] LEN: 12 | HEX: F2 76 FE F2 77 5F F5 F5 95 46 AF FD | T:2472624 RPD:1
[CH: 50] LEN: 12 | HEX: F2 76 FE F1 7C EB BF 7F A0 48 AE EF | T:2472654 RPD:1
[CH: 50] LEN: 12 | HEX: FA 76 FE F0 7D FF 57 FE FC AD BF DF | T:2472684 RPD:1
[CH: 50] LEN: 12 | HEX: FA 76 FE EF 62 F7 FF AF D2 47 B7 BF | T:2472714 RPD:1
[CH: 50] LEN: 12 | HEX: F2 76 EE EE 63 DE BE F5 0E A2 BF FF | T:2472744 RPD:1
[CH: 50] LEN: 12 | HEX: F2 76 FE ED 60 F7 BF BC FB AC AF FF | T:2472774 RPD:1
[CH: 50] LEN: 12 | HEX: F2 76 FE EC 61 FF FE BF 27 49 B7 7E | T:2472804 RPD:1
[CH: 50] LEN: 12 | HEX: F2 76 F6 EB 66 FB 5F 5F 91 B0 BB FB | T:2472834 RPD:1
[CH: 50] LEN: 12 | HEX: F2 76 FE EA 67 FE BF F5 4D 55 AE EE | T:2472864 RPD:1
[CH: 50] LEN: 12 | HEX: FA 76 FE E9 64 FF AF FE 38 5B BF FF | T:2472894 RPD:1
[CH: 50] LEN: 12 | HEX: F2 76 F6 E8 65 FD 7E FF 94 BA AF 6B | T:2472924 RPD:1
[CH: 50] LEN: 12 | HEX: FA 76 FE E7 6A FF CB FC D5 29 B6 DE | T:2472954 RPD:1
[CH: 50] LEN: 12 | HEX: FA 76 F4 E6 6B FD FF D7 89 4C AD FD | T:2472984 RPD:1
[CH: 50] LEN: 12 | HEX: FA 76 F4 E5 68 F2 EF FF 7C 42 B7 FF | T:2473014 RPD:1
[CH: 50] LEN: 12 | HEX: FA 76 F6 E4 69 FF 7E BA 20 A7 AB F5 | T:2473044 RPD:1
[CH: 50] LEN: 12 | HEX: FA 76 FE E3 6E FE BF F5 16 5E BF F6 | T:2473074 RPD:1
[CH: 50] LEN: 12 | HEX: F2 76 FE E2 6F F5 FF EF CA BB 5B FE | T:2473104 RPD:1
[CH: 50] LEN: 12 | HEX: FA 76 FE E1 6C FD BF BF BF B5 BF FA | T:2473134 RPD:1
[CH: 50] LEN: 12 | HEX: F2 76 FE E0 6D FE BE EF 63 50 AE DD | T:2473164 RPD:1
[CH: 50] LEN: 12 | HEX: FA 76 FE DE 52 EE BF 7F FA 40 B6 FF | T:2473194 RPD:1
[CH: 50] LEN: 12 | HEX: F2 76 FE F4 73 BA FB FF 11 5F 2F EE | T:2473224 RPD:1
[CH: 50] LEN: 12 | HEX: F2 76 FD E9 70 FB FF AF 64 51 BA FB | T:2473228 RPD:1
[CH: 50] LEN: 12 | HEX: EA 76 EC E8 79 DD FB FF F8 B4 BB FF | T:2473258 RPD:1
[CH: 50] LEN: 12 | HEX: F2 76 FE FB 76 FF 5F EB 8E 4D AE E5 | T:2473288 RPD:1
[CH: 50] LEN: 12 | HEX: FA 76 FE FA 77 FD FF 5F 52 A8 BD DF | T:2473318 RPD:1
[CH: 50] LEN: 12 | HEX: FA 76 FE F9 74 F7 FE BF 27 A6 AE FF | T:2473348 RPD:1
[CH: 50] LEN: 12 | HEX: F2 76 FE F8 75 EF 5F 5F F7 43 EF FF | T:2473378 RPD:1
[CH: 50] LEN: 12 | HEX: F2 76 FE FE 7B FD 7F 75 96 B1 BD FF | T:2473438 RPD:1
[CH: 50] LEN: 12 | HEX: F2 76 FE F5 70 F6 BE FF F3 BD AF FF | T:2473468 RPD:1
[CH: 50] LEN: 12 | HEX: EA 76 F6 E4 79 FD 7B FF 3F 5A AF FF | T:2473498 RPD:1
[CH: 50] LEN: 12 | HEX: FA 76 F5 F3 7E FF 5F F5 09 A3 B5 FD | T:2473528 RPD:1
[CH: 50] LEN: 12 | HEX: F2 76 FE F2 7B 4B FE BF D5 46 AF BF | T:2473558 RPD:1
[CH: 50] LEN: 12 | HEX: F2 76 FE F1 78 FE BF F5 A0 48 AF FD | T:2473588 RPD:1
[CH: 50] LEN: 12 | HEX: FA 76 FE F0 7D FD 7D 77 74 AD BF F7 | T:2473618 RPD:1
[CH: 50] LEN: 12 | HEX: F2 76 FE EE 63 DB FB D7 0E A2 BF FE | T:2473678 RPD:1
[CH: 50] LEN: 12 | HEX: EA 76 F5 ED 60 FF 7F 7F 7B AC AF 57 | T:2473707 RPD:1
[CH: 50] LEN: 12 | HEX: FA 76 F6 EC 61 FF 5F 5A A7 49 AF FF | T:2473737 RPD:1
[CH: 50] LEN: 12 | HEX: F6 76 F7 EB 66 FF 5F BA 91 B0 BD BF | T:2473767 RPD:1
[CH: 50] LEN: 12 | HEX: FA 76 F6 EA 67 FA F5 AF 4D 55 BD FE | T:2473797 RPD:1
[CH: 50] LEN: 12 | HEX: F2 76 FE E9 64 FF 5F 7F 38 5B FF 5E | T:2473827 RPD:1
[CH: 50] LEN: 12 | HEX: FA 76 FA E8 65 FD 5F BB E4 BC BF FF | T:2473857 RPD:1
[CH: 50] LEN: 12 | HEX: FE 76 FE E7 6A FE BF EF 55 A9 AE FD | T:2473887 RPD:1
[CH: 50] LEN: 12 | HEX: EA 76 FE E6 6B DB FB AF 89 4C AE FD | T:2473917 RPD:1
[CH: 50] LEN: 12 | HEX: F2 76 F6 E5 68 FF BF FB F4 42 AF FF | T:2473947 RPD:1
[CH: 50] LEN: 12 | HEX: F2 76 FE E4 69 EE FF FA 20 A7 BF EF | T:2473977 RPD:1
[CH: 50] LEN: 12 | HEX: FA 76 FE E3 6E FF 57 FE 16 5E BE BF | T:2474007 RPD:1
[CH: 50] LEN: 12 | HEX: F6 76 EA E2 6F F5 FF 5F 8A BB BF 5A | T:2474037 RPD:1
[CH: 50] LEN: 12 | HEX: F6 76 F6 E1 6C FE BF FA BB B5 BF BF | T:2474067 RPD:1
[CH: 50] LEN: 12 | HEX: FA 76 FA E0 6D FF FF 5E E3 50 AF 7F | T:2474097 RPD:1
[CH: 50] LEN: 12 | HEX: FA 76 F6 DF 52 FF FE BF F2 40 BF FB | T:2474127 RPD:1
[CH: 50] LEN: 12 | HEX: F2 76 F6 FE 73 DE BF D7 11 5F BF BF | T:2474157 RPD:1
[CH: 50] LEN: 12 | HEX: F2 76 F6 FB 60 95 7A 5B 44 51 AD 7F | T:2474161 RPD:1
[CH: 50] LEN: 12 | HEX: F6 76 F4 EE 71 DD 7F D7 B8 B4 AF BE | T:2474191 RPD:1
[CH: 50] LEN: 12 | HEX: F2 76 FE EB 76 FF D7 FD 0E 4D AF DD | T:2474221 RPD:1
[CH: 50] LEN: 12 | HEX: F2 76 FE FA 77 F5 F5 FF D2 A8 BF EF | T:2474251 RPD:1
[CH: 50] LEN: 12 | HEX: FA 76 EC ED 74 ED 7F AF 27 26 B7 F7 | T:2474281 RPD:1
[CH: 50] LEN: 12 | HEX: F2 76 FE F0 75 EF FF 7B F7 43 EF 5D | T:2474311 RPD:1
[CH: 50] LEN: 12 | HEX: F2 76 FE F7 72 FF FF 5F 4A 54 AF 7D | T:2474341 RPD:1
[CH: 50] LEN: 12 | HEX: F2 76 FE F6 73 BF FB FE 96 B1 BF 77 | T:2474371 RPD:1
[CH: 50] LEN: 12 | HEX: EA 76 F6 F5 78 F5 5F DA E3 BD BF FF | T:2474401 RPD:1
[CH: 50] LEN: 12 | HEX: FA 76 FD F4 79 FF 5F FD 3F 5A BF FF | T:2474431 RPD:1
[CH: 50] LEN: 12 | HEX: F2 76 F4 E3 7B F7 6F BF 09 A3 BF EE | T:2474461 RPD:1
[CH: 50] LEN: 12 | HEX: F2 76 FE F2 7B FF AF FF 55 46 BD 7F | T:2474491 RPD:1
[CH: 50] LEN: 12 | HEX: F2 76 FE F1 74 FF 7E B7 A0 48 BF FF | T:2474521 RPD:1
[CH: 50] LEN: 12 | HEX: FA 76 F6 F0 7B FE BF F5 78 AD BF B7 | T:2474551 RPD:1
[CH: 50] LEN: 12 | HEX: F2 76 FE EF 62 EF FD 7F D2 47 2F BF | T:2474581 RPD:1
[CH: 50] LEN: 12 | HEX: F2 76 F6 EE 63 FE BF F5 0E A2 AB 6F | T:2474611 RPD:1
[CH: 50] LEN: 12 | HEX: FA 76 FE ED 60 FF 5F 5B 7B AC BF FF | T:2474641 RPD:1
[CH: 50] LEN: 12 | HEX: F2 66 F6 EC 61 EF 5E BF A7 49 BF F7 | T:2474671 RPD:1
[CH: 50] LEN: 12 | HEX: F2 76 FE EB 66 FF 5F 7F 91 B0 BF EF | T:2474701 RPD:1
[CH: 50] LEN: 12 | HEX: FA 76 FA EA 67 FA FF D7 4D 55 2F FB | T:2474731 RPD:1
[CH: 50] LEN: 12 | HEX: FA 76 FE E9 64 FE BE F5 38 5B BF FB | T:2474761 RPD:1
[CH: 50] LEN: 12 | HEX: EA 76 FE E8 65 FD 7E EF E4 BC BF FF | T:2474791 RPD:1
[CH: 50] LEN: 12 | HEX: F2 76 FE E7 6A FF BF FB 55 A9 AB DF | T:2474821 RPD:1
[CH: 50] LEN: 12 | HEX: F2 76 F6 E6 6B DE FD FF 89 4C BF FF | T:2474851 RPD:1
[CH: 50] LEN: 12 | HEX: FA 76 FE E5 68 FB 6F AF FC 42 BB FF | T:2474881 RPD:1
[CH: 50] LEN: 12 | HEX: FA 76 F4 E4 69 FF 7E FF 20 A7 3F F7 | T:2474911 RPD:1
[CH: 50] LEN: 12 | HEX: FA 76 FE E3 6E F7 7F F5 16 5E BE FF | T:2474941 RPD:1
[CH: 50] LEN: 12 | HEX: FA 76 FA E2 6F EF FD 7D CA BB BF FF | T:2474970 RPD:1
[CH: 50] LEN: 12 | HEX: F6 76 F6 E1 6C FE FB DF BF B5 AB EE | T:2475000 RPD:1
[CH: 50] LEN: 12 | HEX: FA 76 F6 E0 6D F7 FA FF 63 50 AA F7 | T:2475030 RPD:1
[CH: 50] LEN: 12 | HEX: FA 76 F4 DE 52 F7 FF 5F F2 40 AD 7F | T:2475060 RPD:1
[CH: 50] LEN: 12 | HEX: F2 76 F6 FE 73 FD FD 57 11 5F BF BB | T:2475090 RPD:1
[CH: 50] LEN: 12 | HEX: FA 76 F6 F5 70 FF AF D5 64 51 BF 77 | T:2475094 RPD:1
[CH: 50] LEN: 12 | HEX: F6 76 F4 E8 71 DD 7D D7 B8 B4 AF F6 | T:2475097 RPD:1
[CH: 50] LEN: 12 | HEX: F2 76 F6 FB 76 F7 FE BF 8E 4D AF FF | T:2475127 RPD:1
[CH: 50] LEN: 12 | HEX: F6 76 EE F2 77 FB F7 FE D2 A8 AD FF | T:2475157 RPD:1
[CH: 50] LEN: 12 | HEX: FA 76 FE F9 74 FD 7D AF 27 A6 BD FF | T:2475187 RPD:1
[CH: 50] LEN: 12 | HEX: FA 76 F6 F8 75 F7 7F 77 F3 43 AE FF | T:2475217 RPD:1
[CH: 50] LEN: 12 | HEX: FA 76 F4 F7 7A FF 7F F5 4A 54 BF EF | T:2475247 RPD:1
[CH: 50] LEN: 12 | HEX: FA 76 F6 F6 7B FF 7D 7D 96 B1 AB 5F | T:2475277 RPD:1
[CH: 50] LEN: 12 | HEX: F2 76 FE F5 70 F7 5F 7F E3 BF B6 FF | T:2475307 RPD:1
[CH: 50] LEN: 12 | HEX: FA 76 FE F4 79 FF FD 7D 3A 5A BD AE | T:2475337 RPD:1
[CH: 50] LEN: 12 | HEX: F2 76 FE F3 7A F7 7F 7F 09 A3 BF FB | T:2475367 RPD:1
[CH: 50] LEN: 12 | HEX: F2 76 F7 F2 77 FF AF FD 55 46 BF DB | T:2475397 RPD:1
[CH: 50] LEN: 12 | HEX: F2 76 FE F1 7A FF 5F D7 20 48 BF AF | T:2475427 RPD:1
[CH: 50] LEN: 12 | HEX: F2 76 FE F0 7D FF 5F FD 7C AD BD EF | T:2475457 RPD:1
[CH: 50] LEN: 12 | HEX: FA 76 FE EF 62 FF 5F 7F D2 47 BF F7 | T:2475487 RPD:1
[CH: 50] LEN: 12 | HEX: FA 76 F6 EE 63 FD 7F D7 0E A2 AE FF | T:2475517 RPD:1
[CH: 50] LEN: 12 | HEX: FA 76 FE ED 60 EF FE FF 7B AC BF FD | T:2475547 RPD:1
[CH: 50] LEN: 12 | HEX: F6 76 FE EC 61 FF 7E FB A7 49 BF FF | T:2475577 RPD:1
[CH: 50] LEN: 12 | HEX: FA 76 FE EB 66 F5 BF EB 11 B0 AF FF | T:2475607 RPD:1
[CH: 50] LEN: 12 | HEX: F2 76 FE EA 67 DA FF DF 4D 55 AD 56 | T:2475637 RPD:1
[CH: 50] LEN: 12 | HEX: FA 76 FE E9 64 FF 5F BF 38 5B BF DF | T:2475667 RPD:1
[CH: 50] LEN: 12 | HEX: F2 76 F6 E8 65 FF FE EB E4 BE AF FD | T:2475697 RPD:1
[CH: 50] LEN: 12 | HEX: FA 76 FE E7 6A FF 7F 75 55 A9 A7 57 | T:2475727 RPD:1
[CH: 50] LEN: 12 | HEX: F2 76 DC E6 6B DF FD FF 89 4C BF 5B | T:2475757 RPD:1
[CH: 50] LEN: 12 | HEX: EA 7E F6 C4 69 FD 7E EB 20 A7 3F FB | T:2475817 RPD:1
[CH: 50] LEN: 12 | HEX: F2 76 EA E3 6E EF FD 7F 16 5E BF C5 | T:2475847 RPD:1
[CH: 50] LEN: 12 | HEX: EA 76 F6 E2 6F 75 FB CF EA BB AF F7 | T:2475877 RPD:1
[CH: 50] LEN: 12 | HEX: FA 76 FE E1 6C FF AF F5 BF B5 BF FF | T:2475907 RPD:1
[CH: 50] LEN: 12 | HEX: FA 76 EE E0 6D FF FD 7F 63 50 AF FF | T:2475937 RPD:1
[CH: 50] LEN: 12 | HEX: F2 7E FD DF 52 FF 5F FA F2 40 BF DF | T:2475967 RPD:1
[CH: 50] LEN: 12 | HEX: F2 76 EC FC 73 BB F7 FE 91 5D BE FE | T:2475997 RPD:1
[CH: 50] LEN: 12 | HEX: F2 76 FE FB 70 FF 5F B7 64 51 BF FF | T:2476000 RPD:1
[CH: 50] LEN: 12 | HEX: F2 76 FE FC 71 FD FE DF B8 B4 AB DB | T:2476004 RPD:1
[CH: 50] LEN: 12 | HEX: EA 76 FE FB 76 F6 FE FF 8E 4D BF F5 | T:2476035 RPD:1
[CH: 50] LEN: 12 | HEX: FA 76 FE F2 77 EE BF 3F 52 A8 AE CF | T:2476065 RPD:1
[CH: 50] LEN: 12 | HEX: FA 76 F4 F1 74 EB FF 5F 27 26 AC FF | T:2476095 RPD:1
[CH: 50] LEN: 12 | HEX: F6 76 F6 F0 75 FE FF 6B F7 43 AF 7F | T:2476125 RPD:1
[CH: 50] LEN: 12 | HEX: FA 76 F6 E7 7A FE BF 7F 4A 54 AF EF | T:2476154 RPD:1
[CH: 50] LEN: 12 | HEX: F2 76 FE F6 7B FF FD 7F 96 B1 BF FF | T:2476184 RPD:1
[CH: 50] LEN: 12 | HEX: FA 76 FE E5 78 FB 7F 5F E3 BF AF EF | T:2476214 RPD:1
[CH: 50] LEN: 12 | HEX: F2 76 F5 E4 79 F7 FE FF 3A DA AC FE | T:2476244 RPD:1
[CH: 50] LEN: 12 | HEX: FA 76 FC E3 7E FF 5F 5F 09 A3 BF FA | T:2476274 RPD:1
[CH: 50] LEN: 12 | HEX: FA 76 F6 F2 7F D7 FF 5F D5 46 AF F5 | T:2476304 RPD:1
[CH: 50] LEN: 12 | HEX: F2 76 FE E1 78 F7 FF 5F A0 48 BD FF | T:2476334 RPD:1
[CH: 50] LEN: 12 | HEX: F2 76 F6 F0 7D FF BF 5D 74 AD AE DF | T:2476364 RPD:1
[CH: 50] LEN: 12 | HEX: F2 76 FE EF 62 EF 5F 5F D2 47 7B DD | T:2476394 RPD:1
[CH: 50] LEN: 12 | HEX: F2 76 FA EE 63 FD 7F F5 0E A2 BF FF | T:2476424 RPD:1
[CH: 50] LEN: 12 | HEX: FA 76 F6 ED 60 F7 FE BE 73 AC AF FE | T:2476454 RPD:1
[CH: 50] LEN: 12 | HEX: FA 76 FE EC 61 FD 5F FB A7 49 BF EF | T:2476484 RPD:1
[CH: 50] LEN: 12 | HEX: F2 76 FE EB 66 FD DF 5A 91 B0 AE BF | T:2476514 RPD:1
[CH: 50] LEN: 12 | HEX: FA 76 FE EA 67 FD 7E EB 4D 55 AB 5A | T:2476544 RPD:1
[CH: 50] LEN: 12 | HEX: FA 76 F6 E9 64 FB AF BD 38 5B AF BF | T:2476574 RPD:1
[CH: 50] LEN: 12 | HEX: F2 76 FE E8 65 FE FE AF E4 BC BF BE | T:2476604 RPD:1
[CH: 50] LEN: 12 | HEX: F2 76 FA E7 6A EE BF 7B 55 A9 AB DD | T:2476634 RPD:1
[CH: 50] LEN: 12 | HEX: FA 76 F4 E6 6B FE BF 5F 89 4C BF FF | T:2476664 RPD:1
[CH: 50] LEN: 12 | HEX: F2 76 F4 E5 68 FF AF AF 7C 42 BD FF | T:2476694 RPD:1
[CH: 50] LEN: 12 | HEX: F2 76 FE E4 69 FF AF FA 20 A7 BD FF | T:2476724 RPD:1
[CH: 50] LEN: 12 | HEX: FA 76 FE E2 6F FD 5F F6 AA BB BD 6E | T:2476784 RPD:1
[CH: 50] LEN: 12 | HEX: FA 76 FC E1 6C F7 EB F6 BB B5 BF FF | T:2476814 RPD:1
[CH: 50] LEN: 12 | HEX: FA 7E FE E0 6D EF AF FF 63 50 AF FE | T:2476844 RPD:1
[CH: 50] LEN: 12 | HEX: F2 76 FE DD 52 FF AF FE F2 40 AF DD | T:2476874 RPD:1
[CH: 50] LEN: 12 | HEX: FA 76 FE FC 73 FD 5F FF 11 5F BF FF | T:2476904 RPD:1
[CH: 50] LEN: 12 | HEX: F2 76 FC EB 70 FF AB FD E4 51 BF FF | T:2476908 RPD:1
[CH: 50] LEN: 12 | HEX: F2 76 FE FC 71 FF 5F FD 38 B4 AE FF | T:2476912 RPD:1
[CH: 50] LEN: 12 | HEX: FA 76 ED FB 76 FF AF 7F 8E 4D B7 B7 | T:2476942 RPD:1
[CH: 50] LEN: 12 | HEX: F2 76 FE FA 77 BA FD AF 52 A8 BF FF | T:2476972 RPD:1
[CH: 50] LEN: 12 | HEX: F6 76 F6 F9 74 FF D7 EE A7 A6 AB BF | T:2477002 RPD:1
[CH: 50] LEN: 12 | HEX: FA 76 F6 F8 75 EE AF FF 5B 43 BF BF | T:2477032 RPD:1
[CH: 50] LEN: 12 | HEX: F2 76 FE E7 7A FF D7 BF 4A 54 BF 7D | T:2477062 RPD:1
[CH: 50] LEN: 12 | HEX: FA 76 FE F6 7B FA AF FF 16 B1 AE FF | T:2477092 RPD:1
[CH: 50] LEN: 12 | HEX: FA 76 FA F5 78 FF AF FD E3 BF BF FF | T:2477122 RPD:1
[CH: 50] LEN: 12 | HEX: F6 76 FA F4 79 EF 57 FF 3F 5A AF BE | T:2477152 RPD:1
[CH: 50] LEN: 12 | HEX: F2 76 FC F3 7E F7 D7 FF 09 A3 AA FF | T:2477182 RPD:1
[CH: 50] LEN: 12 | HEX: FA 76 FE E2 7F EB FE BD D5 46 A6 FF | T:2477212 RPD:1
[CH: 50] LEN: 12 | HEX: FA 76 FE F1 7C FF D7 FE A0 48 BF CF | T:2477242 RPD:1
[CH: 50] LEN: 12 | HEX: F2 76 FE F8 7D F6 D7 FE 78 AD BF FF | T:2477271 RPD:1
[CH: 50] LEN: 12 | HEX: FA 76 FA EF 62 FB 97 FF 52 47 BB F7 | T:2477301 RPD:1
[CH: 50] LEN: 12 | HEX: F2 76 FE EE 63 AF FD 7F 0E A2 AF EB | T:2477331 RPD:1
[CH: 50] LEN: 12 | HEX: F2 76 FD ED 60 FE BF BB 7B AC AF 5E | T:2477361 RPD:1
[CH: 50] LEN: 12 | HEX: F2 76 F6 EC 61 FD 7F 6B A7 49 BF FF | T:2477391 RPD:1
[CH: 50] LEN: 12 | HEX: FA 76 FE EB 66 F5 FF BA 91 B0 AF FF | T:2477421 RPD:1
[CH: 50] LEN: 12 | HEX: FA 76 FE EA 67 FF 5F 7C 4D 55 AE DE | T:2477451 RPD:1
[CH: 50] LEN: 12 | HEX: EA 76 FE E9 64 F7 FE BF 38 5B AF FE | T:2477481 RPD:1
[CH: 50] LEN: 12 | HEX: FA 76 FE E8 65 FE 7F FF D4 BD AF 7F | T:2477511 RPD:1
[CH: 50] LEN: 12 | HEX: FA 76 FA E7 6A FE FF FF 55 A9 AB FB | T:2477541 RPD:1
[CH: 50] LEN: 12 | HEX: F6 76 EE E6 6B BF F7 FD 89 4C AF FF | T:2477571 RPD:1
[CH: 50] LEN: 12 | HEX: F6 76 FF E5 68 F7 7D FF 7C 42 AF 7E | T:2477601 RPD:1
[CH: 50] LEN: 12 | HEX: EE 76 EE E4 69 FF F7 FD 20 A7 7F F7 | T:2477631 RPD:1
[CH: 50] LEN: 12 | HEX: EA 76 FD E3 6E FD F7 7A 16 5D AF FF | T:2477661 RPD:1
[CH: 50] LEN: 12 | HEX: F2 76 F6 E2 6F EB FB D7 CA BB AE AD | T:2477691 RPD:1
[CH: 50] LEN: 12 | HEX: EA 76 FE E1 6C FF 5F 5F BD B5 AF AF | T:2477721 RPD:1
[CH: 50] LEN: 12 | HEX: FA 76 FE E0 6D FF 7E FF 63 50 BF FB | T:2477751 RPD:1
[CH: 50] LEN: 12 | HEX: F2 76 F6 DE 52 FF 5F 5D 72 40 BB BF | T:2477781 RPD:1
[CH: 50] LEN: 12 | HEX: FA 76 FE F4 73 EF FD 7F 11 5E EF F7 | T:2477811 RPD:1
[CH: 50] LEN: 12 | HEX: EA 76 FE F7 70 FF 7D 7F 64 51 AF FF | T:2477815 RPD:1
[CH: 50] LEN: 12 | HEX: FA 76 FE FC 71 FE BF D7 B8 B4 AF DF | T:2477819 RPD:1
[CH: 50] LEN: 12 | HEX: F2 76 FE EB 76 FF 7E FF 8E 4D BF FF | T:2477849 RPD:1
[CH: 50] LEN: 12 | HEX: F2 76 FE EA 77 FF 57 BF 52 A8 BF F5 | T:2477879 RPD:1
[CH: 50] LEN: 12 | HEX: FA 76 FE E9 74 FA BF 77 27 A6 BF F6 | T:2477909 RPD:0
[CH: 50] LEN: 12 | HEX: F6 76 FA F0 75 FF AF 7F FF 43 BE F7 | T:2477939 RPD:0
[CH: 50] LEN: 12 | HEX: F2 76 FE F7 7A FF EA DF 4A 54 B7 FB | T:2477969 RPD:1
[CH: 50] LEN: 12 | HEX: FA 76 FE F6 7F DE BF BA 96 B1 BF BF | T:2477999 RPD:0
[CH: 50] LEN: 12 | HEX: FA 7E FE F5 78 F5 AF FD 63 BF BF D5 | T:2478029 RPD:1
[CH: 50] LEN: 12 | HEX: FA 76 FE F4 79 EE BF BA 3D 5A AF BE | T:2478059 RPD:1
[CH: 50] LEN: 12 | HEX: FA 76 FE F3 7A FB DE BF 09 A3 BF DF | T:2478089 RPD:1
[CH: 50] LEN: 12 | HEX: F6 76 EE F2 77 5E BF DF D5 46 BF BD | T:2478119 RPD:1
[CH: 50] LEN: 12 | HEX: F2 76 FE E1 7C FF 7F 7F A0 48 AF FF | T:2478149 RPD:1
[CH: 50] LEN: 12 | HEX: FA 76 F6 F0 7D FD 7F EB 7C AD AB DF | T:2478179 RPD:1
[CH: 50] LEN: 12 | HEX: EA 76 F4 EF 62 FF 7D 7F B2 47 AF FF | T:2478209 RPD:1
[CH: 50] LEN: 12 | HEX: FA 76 FE EE 63 FD FB FF 0E A2 AD 6F | T:2478239 RPD:1
[CH: 50] LEN: 12 | HEX: EA 76 F4 ED 60 EF FE BF 7B AC BB F5 | T:2478269 RPD:1
[CH: 50] LEN: 12 | HEX: EE 76 F6 EC 61 F7 7D FF E7 49 AF FF | T:2478299 RPD:1
[CH: 50] LEN: 12 | HEX: F2 76 FE EB 66 FF 5F FA 91 B0 AB FF | T:2478328 RPD:1
[CH: 50] LEN: 12 | HEX: F2 76 F6 EA 67 FB FD 57 4D 55 AB DF | T:2478358 RPD:1
[CH: 50] LEN: 12 | HEX: F2 76 F6 E9 64 F7 FF BF 3C 5B AF D7 | T:2478388 RPD:1
[CH: 50] LEN: 12 | HEX: FA 76 F4 E8 65 DE FF F5 E4 BE AF BF | T:2478418 RPD:1
[CH: 50] LEN: 12 | HEX: FA 76 EA E7 6A EA 9F 55 55 A9 B7 ED | T:2478448 RPD:1
[CH: 50] LEN: 12 | HEX: FA 76 FE E6 6B FE BF FB 89 4C BE FF | T:2478478 RPD:1
[CH: 50] LEN: 12 | HEX: FA 76 FE E5 68 FE BE F7 EA 42 BF EF | T:2478508 RPD:1
[CH: 50] LEN: 12 | HEX: FA 76 FE E4 69 FE BE BA 20 A7 AF FE | T:2478538 RPD:1
[CH: 50] LEN: 12 | HEX: FA 76 FE E3 6E FF AF FA 16 5E BF 6F | T:2478568 RPD:1
[CH: 50] LEN: 12 | HEX: FA 76 F6 E2 6F FB FF D7 CA BB AF D5 | T:2478598 RPD:1
[CH: 50] LEN: 12 | HEX: F2 76 F6 E1 6C FF AF FB BD B5 AD F7 | T:2478628 RPD:1
[CH: 50] LEN: 12 | HEX: F2 76 FE E0 6D FF 5F FC E3 50 BF 7F | T:2478658 RPD:1
[CH: 50] LEN: 12 | HEX: FA 76 F6 DF 52 F7 AF FD 72 40 BF BA | T:2478688 RPD:1
[CH: 50] LEN: 12 | HEX: F2 76 FE F6 73 DD 7F EB 11 5F AD FF | T:2478718 RPD:1
[CH: 50] LEN: 12 | HEX: FA 76 FC FD 70 FE BE BF 64 51 AA FD | T:2478722 RPD:1
[CH: 50] LEN: 12 | HEX: FA 76 FE F4 71 FF 5F FB B8 B4 AF BF | T:2478726 RPD:1
[CH: 50] LEN: 12 | HEX: F6 76 FA F7 76 EE FD FF 4E 4D BE FF | T:2478756 RPD:1
[CH: 50] LEN: 12 | HEX: FA 76 EA F2 77 6B FB FF 52 A8 BF EF | T:2478786 RPD:1
[CH: 50] LEN: 12 | HEX: F2 76 FE E9 74 F7 FE FF 27 A6 AF EF | T:2478816 RPD:1
[CH: 50] LEN: 12 | HEX: EA 76 FE F8 75 FD 7F F5 FB 43 EF FF | T:2478846 RPD:1
[CH: 50] LEN: 12 | HEX: FA 76 FE F6 7B FF FE FF D6 B1 BF BF | T:2478906 RPD:1
[CH: 50] LEN: 12 | HEX: F2 76 EE F5 78 FF FF AF E3 BD BF FE | T:2478936 RPD:1
[CH: 50] LEN: 12 | HEX: FA 76 FA E4 79 FE BF FF 3F 5A BF FC | T:2478966 RPD:1
[CH: 50] LEN: 12 | HEX: EA 76 EE F3 76 FB FF AF 09 A3 BF FF | T:2478996 RPD:1
[CH: 50] LEN: 12 | HEX: F2 76 FA F2 7D A7 FB AF 95 46 BF FB | T:2479026 RPD:1
[CH: 50] LEN: 12 | HEX: FA 76 FE F1 7C FF 5F FE E0 48 BF CA | T:2479056 RPD:1
[CH: 50] LEN: 12 | HEX: F6 76 FE F0 75 FD 7F F5 78 AD AF FF | T:2479086 RPD:1
[CH: 50] LEN: 12 | HEX: F2 76 FD EE 62 F7 AF B5 D2 47 AF F7 | T:2479116 RPD:1
[CH: 50] LEN: 12 | HEX: FA 76 F6 EE 63 FE FD D7 0E A2 BB FF | T:2479146 RPD:1
[CH: 50] LEN: 12 | HEX: F2 76 FE ED 60 FF 5F 7F 7B AC AE FF | T:2479176 RPD:1
[CH: 50] LEN: 12 | HEX: EE 76 FE EC 61 D7 FE BF A7 49 AF FC | T:2479206 RPD:1
[CH: 50] LEN: 12 | HEX: FA 76 FE EB 66 F7 5F FD 11 B0 AF FE | T:2479236 RPD:1
[CH: 50] LEN: 12 | HEX: FA 76 FE EA 67 6A FF DF 4D 55 AB FE | T:2479266 RPD:1
[CH: 50] LEN: 12 | HEX: FA 76 FE E9 64 FB DF EE B8 5B BF DF | T:2479296 RPD:1
[CH: 50] LEN: 12 | HEX: FA 76 FE E8 65 FF 7F FD E4 BE AF FB | T:2479326 RPD:1
[CH: 50] LEN: 12 | HEX: F2 76 EE E7 6A F7 AF FA 55 A9 AF EF | T:2479356 RPD:1
[CH: 50] LEN: 12 | HEX: FA 76 F6 E6 6B FF 5F FA 89 4C BD FF | T:2479386 RPD:1
[CH: 50] LEN: 12 | HEX: EE 76 FA E5 68 FF 7E BF E8 42 AB BE | T:2479416 RPD:1
[CH: 50] LEN: 12 | HEX: FA 76 FE E4 69 FF 7F FF 20 A7 AF BD | T:2479446 RPD:1
[CH: 50] LEN: 12 | HEX: F2 76 EE E3 6E FF BF FA 16 5E BF FF | T:2479475 RPD:1
[CH: 50] LEN: 12 | HEX: FA 76 FE E2 6F BE AF F5 CA B3 B6 FF | T:2479505 RPD:1
[CH: 50] LEN: 12 | HEX: F6 76 F6 E1 6C FB BF FD 3F B5 BF FF | T:2479535 RPD:1
[CH: 50] LEN: 12 | HEX: F2 76 F6 E0 6D FF 5F FA 63 50 AF 5F | T:2479565 RPD:1
[CH: 50] LEN: 12 | HEX: FA 76 FE DF 52 FB FF EF 52 40 BB FD | T:2479595 RPD:1
[CH: 50] LEN: 12 | HEX: FA 76 FE FE 73 DF 7E BB 11 5F BD EB | T:2479625 RPD:1
[CH: 50] LEN: 12 | HEX: EE 76 FE F9 70 FF BF FA 64 51 BE EF | T:2479629 RPD:1
[CH: 50] LEN: 12 | HEX: FA 76 F5 FC 71 EF AF FE B8 B4 B9 FF | T:2479632 RPD:1
[CH: 50] LEN: 12 | HEX: FA 76 FE FB 76 F7 DF FA 8E 4D BF FE | T:2479662 RPD:1
[CH: 50] LEN: 12 | HEX: EA 76 F5 EE 77 55 F5 DF 52 A8 BF EB | T:2479692 RPD:1
[CH: 50] LEN: 12 | HEX: FA 76 FE F9 74 EE BF F5 27 A6 BF FF | T:2479722 RPD:1
[CH: 50] LEN: 12 | HEX: FA 76 FE F0 75 EB FD 7F EB 43 AE BF | T:2479752 RPD:1
[CH: 50] LEN: 12 | HEX: F2 76 FE F7 76 F5 FE BE CA 54 AF F5 | T:2479782 RPD:1
[CH: 50] LEN: 12 | HEX: F6 76 FE F6 7B AF FD 7F 96 B1 BB FF | T:2479812 RPD:1
[CH: 50] LEN: 12 | HEX: F2 76 FE F4 71 DA FF D7 3F 5A BF A9 | T:2479872 RPD:1
[CH: 50] LEN: 12 | HEX: FA 76 FE F3 7E FA FF DF 09 A3 EF FF | T:2479902 RPD:1
[CH: 50] LEN: 12 | HEX: EA 76 FE F2 7A D7 EB 5F D5 46 BF FE | T:2479932 RPD:1
[CH: 50] LEN: 12 | HEX: EA 76 FE F1 7C EB FF 5F A0 48 BF F6 | T:2479962 RPD:1
[CH: 50] LEN: 12 | HEX: EA 76 F6 F0 7D DE BF EB 7C AD BB DF | T:2479992 RPD:1
[CH: 50] LEN: 12 | HEX: F2 76 FC EF 62 F7 BE FF D2 47 2E BF | T:2480022 RPD:1
[CH: 50] LEN: 12 | HEX: FA 76 FA EE 63 FE FD DF 0E A2 AF FE | T:2480052 RPD:1
[CH: 50] LEN: 12 | HEX: FA 76 FC ED 60 FF 7F F5 7B AC B7 7D | T:2480082 RPD:1
[CH: 50] LEN: 12 | HEX: FA 76 FE EC 61 FD 7F 7F A7 49 BF EF | T:2480112 RPD:1
[CH: 50] LEN: 12 | HEX: FA 76 F6 EB 66 F6 BF 7F 91 B0 BD FF | T:2480142 RPD:1
[CH: 50] LEN: 12 | HEX: F2 76 FE EA 67 BA FD DF 4D 55 BF EF | T:2480172 RPD:1
[CH: 50] LEN: 12 | HEX: F6 76 F4 E9 64 FF DF FE B8 5B BF FB | T:2480202 RPD:1
[CH: 50] LEN: 12 | HEX: F2 76 FE E8 65 FF 7E FB E4 BE AF 7F | T:2480232 RPD:1
[CH: 50] LEN: 12 | HEX: FA 76 FE E7 6A FF 5F 5F 55 A9 BF FE | T:2480262 RPD:1
[CH: 50] LEN: 12 | HEX: FA 76 FE E6 6B BD F6 AF 89 4C BF FF | T:2480292 RPD:1
[CH: 50] LEN: 12 | HEX: F2 76 FE E5 68 F7 7D 7F AC 42 B6 FF | T:2480322 RPD:1
[CH: 50] LEN: 12 | HEX: EA 76 FE E4 69 FE FF DF 20 A7 B7 FF | T:2480352 RPD:1
[CH: 50] LEN: 12 | HEX: FA 76 FE E3 6E FF 5F FA 16 5E BF 7F | T:2480382 RPD:1
[CH: 50] LEN: 12 | HEX: FA 76 FC E2 6F F5 FB AF CA BB BD F6 | T:2480412 RPD:1
[CH: 50] LEN: 12 | HEX: F6 76 F6 E1 6C FE BE DF BF B5 BF 7F | T:2480442 RPD:1
[CH: 50] LEN: 12 | HEX: FA 76 FC E0 6D FF 7E FA 63 50 AF F7 | T:2480472 RPD:1
[CH: 50] LEN: 12 | HEX: FA 76 FE DD D2 FF 7F 7F D2 40 B7 DE | T:2480502 RPD:1
[CH: 50] LEN: 12 | HEX: FA 76 FE FE 73 BF FB FE 91 5F BF DD | T:2480532 RPD:1
[CH: 50] LEN: 12 | HEX: EA 76 FE F5 70 FF 7E B5 64 51 B7 BD | T:2480535 RPD:1
[CH: 50] LEN: 12 | HEX: EA 76 FE F4 71 DF FD F7 B8 B4 BF FD | T:2480539 RPD:1
[CH: 50] LEN: 12 | HEX: F2 76 F6 FB 76 F7 FF 7B 8E 4D BF FF | T:2480569 RPD:1
[CH: 50] LEN: 12 | HEX: F2 76 FE F6 77 FD FF DF 52 A8 BF FE | T:2480599 RPD:1
[CH: 50] LEN: 12 | HEX: FA 76 FE F1 74 F7 FE FF 27 A6 BF FD | T:2480629 RPD:1
[CH: 50] LEN: 12 | HEX: FA 76 F6 F0 75 FF 7D 7F DB 43 BB A9 | T:2480659 RPD:1
[CH: 50] LEN: 12 | HEX: FA 76 F6 F7 7A F7 DF DE 4A 54 BF 7E | T:2480689 RPD:1
[CH: 50] LEN: 12 | HEX: EA 76 FE E6 73 BF FB FF 56 B1 BF FF | T:2480719 RPD:1
[CH: 50] LEN: 12 | HEX: F6 76 F6 F5 78 FF 7E FF D3 BD BF ED | T:2480749 RPD:1
[CH: 50] LEN: 12 | HEX: F2 76 FA F4 79 FF 7D FF 3F 5A AF 7F | T:2480779 RPD:1
[CH: 50] LEN: 12 | HEX: FA 76 F6 F3 7E FF 5F 75 09 A3 AF FF | T:2480809 RPD:1
[CH: 50] LEN: 12 | HEX: F6 76 FF E2 7B FE FF DF D5 46 AF FB | T:2480839 RPD:1
[CH: 50] LEN: 12 | HEX: F2 76 F4 F1 78 FE BE FF A0 48 BD FB | T:2480869 RPD:1
[CH: 50] LEN: 12 | HEX: FE 76 FE F0 7D FF 7F 7F 7C AD BE D7 | T:2480899 RPD:1
[CH: 50] LEN: 12 | HEX: F6 76 FE EF 62 FB 7E BF B2 47 BF DF | T:2480929 RPD:1
[CH: 50] LEN: 12 | HEX: FA 76 FE EE 63 DB F7 7E 8E A2 BF FB | T:2480959 RPD:1
[CH: 50] LEN: 12 | HEX: FA 76 FE ED 60 FD F7 BF 7B AC BE FF | T:2480989 RPD:1
[CH: 50] LEN: 12 | HEX: F6 76 FE EC 61 FE FF EB A7 49 BF FF | T:2481019 RPD:1
[CH: 50] LEN: 12 | HEX: FA 76 FE EB 66 FF 5F EB 91 B0 AF EF | T:2481049 RPD:1
[CH: 50] LEN: 12 | HEX: FA 76 F6 EA 67 FA F5 FE CD 55 AF 76 | T:2481079 RPD:1
[CH: 50] LEN: 12 | HEX: F2 76 FE E9 64 FF 7D 7F 38 5B AF EF | T:2481109 RPD:1
[CH: 50] LEN: 12 | HEX: F2 76 F6 E8 65 ED 7D FF A4 BF BF DF | T:2481139 RPD:1
[CH: 50] LEN: 12 | HEX: EE 76 FE E7 6A FF 5F EF 55 A9 B5 AB | T:2481169 RPD:1
[CH: 50] LEN: 12 | HEX: FA 76 FE E6 6B ED FD FF C9 4C BF FF | T:2481199 RPD:1
[CH: 50] LEN: 12 | HEX: FA 76 EE E5 68 EA BD 57 E8 42 B7 BF | T:2481229 RPD:1
[CH: 50] LEN: 12 | HEX: F2 76 EE E4 69 F6 BE FF 20 A7 AD EF | T:2481259 RPD:1
[CH: 50] LEN: 12 | HEX: F2 76 ED E3 6E EE FE FF 16 5C BE FF | T:2481289 RPD:1
[CH: 50] LEN: 12 | HEX: FA 76 FE E2 6E F5 F5 FE 8A BB AF FF | T:2481319 RPD:1
[CH: 50] LEN: 12 | HEX: F6 76 FE E1 6C F7 7E BF BF B5 BD FF | T:2481349 RPD:1
[CH: 50] LEN: 12 | HEX: F6 76 FE E0 6D FF 7F D7 63 50 AF BF | T:2481379 RPD:1
[CH: 50] LEN: 12 | HEX: FA 76 FE DD 52 F7 7E BF EA 40 AF FD | T:2481409 RPD:1
[CH: 50] LEN: 12 | HEX: F6 76 FE F6 73 FD FF DF 11 5F BF FD | T:2481439 RPD:1
[CH: 50] LEN: 12 | HEX: F2 76 FE FD 70 FE BF EF 64 51 AD 7F | T:2481442 RPD:1
[CH: 50] LEN: 12 | HEX: FA 76 FE F2 71 FD 7E FF B8 B4 BF FF | T:2481446 RPD:1
[CH: 50] LEN: 12 | HEX: F6 7B FA 00 81 DA FB FE BC 2E AF DF | T:2481663 RPD:1
[CH: 50] LEN: 12 | HEX: FA 7B FA 00 81 EF FD 7F BC 2E A7 EE | T:2481664 RPD:1
[CH: 50] LEN: 12 | HEX: F1 77 7E EE FE 70 F7 7D 92 9E AD B5 | T:2481694 RPD:1
[CH: 50] LEN: 12 | HEX: F1 77 FA F5 DD 73 DE FB 25 1C BF EF | T:2481697 RPD:1
[CH: 50] LEN: 12 | HEX: F9 77 FA FE FE 70 F7 7E 92 9E BD DF | T:2481700 RPD:1
[CH: 50] LEN: 12 | HEX: F1 77 BE F5 DE 73 BF F5 25 1C BF FF | T:2481711 RPD:1
[CH: 50] LEN: 12 | HEX: FD 77 7E F6 FD 70 FF FF 52 9C B7 FF | T:2481712 RPD:0
[CH: 50] LEN: 12 | HEX: F5 77 DE ED FF 73 FD 7D 25 1C BF 7E | T:2481723 RPD:1
[CH: 50] LEN: 12 | HEX: F9 77 DA F6 FE 70 FB 5F 12 9E B7 F6 | T:2481734 RPD:1
[CH: 50] LEN: 12 | HEX: F1 77 BC FD FD 73 FD 7D 25 1C BB FE | T:2481734 RPD:0
[CH: 50] LEN: 12 | HEX: F1 77 76 FE FE 70 FF 5F 92 9E AE ED | T:2481746 RPD:1
[CH: 50] LEN: 12 | HEX: F1 77 BC FE EE 70 FE FA 92 9C AF F5 | T:2481746 RPD:0
[CH: 50] LEN: 12 | HEX: F5 77 AE F5 FE 73 FD FB 25 1C BF 7F | T:2481757 RPD:1
[CH: 50] LEN: 12 | HEX: F9 77 F4 F6 FE 70 F6 BE 92 9D AB DF | T:2481758 RPD:0
[CH: 50] LEN: 12 | HEX: F1 77 BA FD EC 73 BD F7 25 1C AF F7 | T:2481769 RPD:1
[CH: 50] LEN: 12 | HEX: F9 77 76 FC FD 70 FE FE 92 9C AF FF | T:2481780 RPD:1
[CH: 50] LEN: 12 | HEX: F9 77 BE F5 EE 73 DF F5 25 1C B7 EF | T:2481780 RPD:0
[CH: 50] LEN: 12 | HEX: F9 77 6A F6 FE 70 FF 7F 92 9F BF FF | T:2481792 RPD:1
[CH: 50] LEN: 12 | HEX: F9 77 F4 FD FD 73 FE FF 25 1C A7 F5 | T:2481792 RPD:0
[CH: 50] LEN: 12 | HEX: F9 77 BE F6 FE 70 FE FF 92 9C AF B5 | T:2481803 RPD:1
[CH: 50] LEN: 12 | HEX: F9 77 FA FD EE 73 FE BE A5 1C AF 6F | T:2481815 RPD:1
[CH: 50] LEN: 12 | HEX: F9 77 76 F6 F6 70 FF BE 92 9E B7 7B | T:2481815 RPD:0
[CH: 50] LEN: 12 | HEX: F1 77 6A FD DE 73 BD F7 25 1C AD 5F | T:2481826 RPD:1
[CH: 50] LEN: 12 | HEX: F9 77 BE F5 FF 73 FD FF A5 1C BF D5 | T:2481826 RPD:0
[CH: 50] LEN: 12 | HEX: F5 77 F4 EE FE 70 FE BE 92 9C BE FF | T:2481838 RPD:1
[CH: 50] LEN: 12 | HEX: F9 77 FA FD FE 73 DE FB 25 1C AD FD | T:2481838 RPD:0
[CH: 50] LEN: 12 | HEX: F9 77 FA FE FF 70 FF FD 12 9E AB 7E | T:2481849 RPD:1
[CH: 50] LEN: 12 | HEX: F5 77 F4 ED EF 73 DD F5 25 1C BF FF | T:2481861 RPD:1
[CH: 50] LEN: 12 | HEX: F9 77 BA FE FE 70 FB BF 52 9E AB FF | T:2481861 RPD:0
[CH: 50] LEN: 12 | HEX: F5 77 F4 FD EE 73 DF F5 25 1C AE FF | T:2481872 RPD:1
[CH: 50] LEN: 12 | HEX: F9 77 FB FE FE 70 FF 5F 52 9C BF 7F | T:2481872 RPD:0
[CH: 50] LEN: 12 | HEX: F9 77 F4 FD EE 73 DD F5 25 1C AF FD | T:2481884 RPD:1
[CH: 50] LEN: 12 | HEX: F9 77 FA FA F6 70 FF 5F 12 9E AB ED | T:2481895 RPD:1
[CH: 50] LEN: 12 | HEX: F5 77 BE F5 DD 73 FA F7 25 1C BA BF | T:2481895 RPD:0
[CH: 50] LEN: 12 | HEX: F5 77 FA F6 FE 70 FF 5F 52 9E BF DF | T:2481906 RPD:1
[CH: 50] LEN: 12 | HEX: F5 77 FA FD FD 73 FE FF 25 1E BF FD | T:2481907 RPD:0
[CH: 50] LEN: 12 | HEX: F5 77 F5 EA EE 70 FE FF 52 9E AF BD | T:2481918 RPD:1
[CH: 50] LEN: 12 | HEX: F9 77 FD FE F6 70 EF 7F 12 9E AF FF | T:2481929 RPD:1
[CH: 50] LEN: 12 | HEX: F5 77 FC FB EE 73 FD 7D 25 1C BF EF | T:2481930 RPD:0
[CH: 50] LEN: 12 | HEX: F9 77 BA FD FE 73 FA FF 25 1C AA BF | T:2481941 RPD:1
[CH: 50] LEN: 12 | HEX: F1 77 BA FD FE 73 DF F5 25 1C BE FB | T:2481941 RPD:0
[CH: 50] LEN: 12 | HEX: F5 77 BE FE FD 70 FE BD 92 9E BF FF | T:2481952 RPD:1
[CH: 50] LEN: 12 | HEX: F9 77 FE FE FE 70 FF 7F 52 9E BD DF | T:2481953 RPD:0
[CH: 50] LEN: 12 | HEX: F1 77 F4 F5 FD 73 BD F7 25 1C BF BB | T:2481964 RPD:1
[CH: 50] LEN: 12 | HEX: F9 77 F4 FB FC 73 FB F7 25 1C BF FF | T:2481975 RPD:1
[CH: 50] LEN: 12 | HEX: E9 77 BE F6 FE 70 F6 BF 92 9C AB EF | T:2481976 RPD:1
[CH: 50] LEN: 12 | HEX: F9 77 F4 FD FF 73 FE FB 25 1C AF FE | T:2481987 RPD:1
[CH: 50] LEN: 12 | HEX: F5 77 BD FE FE 70 FE BF 52 9E AF FF | T:2481987 RPD:0
[CH: 50] LEN: 12 | HEX: F5 77 FD FD ED 73 FA FF 25 1C BB 5F | T:2481998 RPD:1
[CH: 50] LEN: 12 | HEX: F5 77 FA FE F6 70 FF 7E 92 9E AF FE | T:2482010 RPD:1
[CH: 50] LEN: 12 | HEX: F1 77 BA FB DD 73 BD FB 25 1E BF FF | T:2482010 RPD:0
[CH: 50] LEN: 12 | HEX: F5 77 BC FE FE 70 F7 5F 52 9E BF FF | T:2482021 RPD:1
[CH: 50] LEN: 12 | HEX: F9 77 BA F6 FE 70 EE BE 92 9E BF FF | T:2482022 RPD:0
[CH: 50] LEN: 12 | HEX: F1 77 FA F5 FF 73 FF F7 25 1C AD AD | T:2482033 RPD:1
[CH: 50] LEN: 12 | HEX: F5 77 FA EE FA 70 EF FE 92 9E BF FF | T:2482033 RPD:0
[CH: 50] LEN: 12 | HEX: F9 77 BC F6 F4 70 FF 7E 92 9E AF EF | T:2482044 RPD:1
[CH: 50] LEN: 12 | HEX: F9 77 F6 FE FE 70 FD 7F 92 9E AF FF | T:2482056 RPD:1
[CH: 50] LEN: 12 | HEX: F9 77 BE F9 FD 73 DF FB 25 1E BB FE | T:2482056 RPD:0
[CH: 50] LEN: 12 | HEX: F1 77 BE EE EA 70 FD 7D 92 9E B6 B7 | T:2482067 RPD:1
[CH: 50] LEN: 12 | HEX: F9 77 BE FD FF 73 FD 7F 25 1C AF 7D | T:2482068 RPD:0
[CH: 50] LEN: 12 | HEX: F5 77 BA F6 FE 70 EE FD 92 9D AF 77 | T:2482079 RPD:1
[CH: 50] LEN: 12 | HEX: F9 77 FA FD FE 73 FA FB 25 1C AF FF | T:2482090 RPD:1
[CH: 50] LEN: 12 | HEX: F5 77 74 F6 EA 70 F6 BF 92 9C B7 FF | T:2482090 RPD:0
[CH: 50] LEN: 12 | HEX: F5 77 BA FD FE 73 EA FB 25 1C AF 5F | T:2482102 RPD:1
[CH: 50] LEN: 12 | HEX: F9 77 BA FD EC 73 DD 7D 25 1C BF FD | T:2482102 RPD:0
[CH: 50] LEN: 12 | HEX: F9 77 FC FE EE 70 F7 FD 12 9E BF 7F | T:2482113 RPD:1
[CH: 50] LEN: 12 | HEX: F9 77 BE F5 EE 73 FD F7 A5 1C BF 7F | T:2482125 RPD:1
[CH: 50] LEN: 12 | HEX: F5 77 FA F6 EE 70 FE FD 92 9C BF 32 | T:2482125 RPD:0
[CH: 50] LEN: 12 | HEX: F1 77 B6 F6 EE 70 F6 FD 92 9E AE AE | T:2482136 RPD:1
[CH: 50] LEN: 12 | HEX: F5 77 B6 F6 FE 70 FD 7F 92 9E AF AD | T:2482136 RPD:0
[CH: 50] LEN: 12 | HEX: F9 77 F4 FB EE 73 FA BF 25 1C AF FB | T:2482148 RPD:1
[CH: 50] LEN: 12 | HEX: F9 77 F6 F6 F6 70 ED 7F 92 9E BF FF | T:2482148 RPD:0
[CH: 50] LEN: 12 | HEX: F9 77 F9 FD EC 73 DE FE A5 1C BD AF | T:2482159 RPD:1
[CH: 50] LEN: 12 | HEX: F1 77 BE F6 FE 70 F6 BE 92 9E AD EF | T:2482171 RPD:1
[CH: 50] LEN: 12 | HEX: E9 77 DE FD DE 73 FF F5 25 1C AD FF | T:2482171 RPD:0
[CH: 50] LEN: 12 | HEX: F9 77 EA FE FE 70 FF 7F 52 9D BF DF | T:2482182 RPD:1
[CH: 50] LEN: 12 | HEX: F9 77 F4 FE EE 70 F7 7E 92 9E AE FF | T:2482182 RPD:0
[CH: 50] LEN: 12 | HEX: F5 77 6A ED FD 73 FB FF A5 1C BB F7 | T:2482194 RPD:1
[CH: 50] LEN: 12 | HEX: F1 77 B4 FD FD 73 AA FB 25 1C BF FF | T:2482205 RPD:1
[CH: 50] LEN: 12 | HEX: E9 77 FA F6 F6 70 F7 FF 52 9C BB FF | T:2482205 RPD:0
[CH: 50] LEN: 12 | HEX: F9 77 DE FB FE 73 FD 7F 25 1C AF AF | T:2482216 RPD:1
[CH: 50] LEN: 12 | HEX: F9 77 F6 FD FD 73 DF F7 25 1C AF 7D | T:2482217 RPD:0
[CH: 50] LEN: 12 | HEX: E9 77 FA F6 F6 70 F7 7D 92 9E B7 D7 | T:2482228 RPD:1
[CH: 50] LEN: 12 | HEX: F5 77 BA FB EF 73 FD 7B 25 1C BF BF | T:2482228 RPD:0
[CH: 50] LEN: 12 | HEX: F1 77 FA F6 FA 70 F7 7F 92 9E AF FF | T:2482240 RPD:1
[CH: 50] LEN: 12 | HEX: F1 77 F6 F5 EE 73 DF FB 25 1C BD EE | T:2482251 RPD:1
[CH: 50] LEN: 12 | HEX: F1 77 7A ED FB 73 FB FD 25 1C BF FF | T:2482251 RPD:0
[CH: 50] LEN: 12 | HEX: E9 77 FA FD DE 73 DD F5 25 1C AF F6 | T:2482262 RPD:1
[CH: 50] LEN: 12 | HEX: F5 77 FC FE F6 70 FF FE 92 9E AF BF | T:2482263 RPD:0
[CH: 50] LEN: 12 | HEX: F9 77 BE FD FD 73 DA FF 25 1C AF FF | T:2482274 RPD:1
[CH: 50] LEN: 12 | HEX: F9 77 74 EE FC 70 EB FE 92 9D AF FB | T:2482285 RPD:1
[CH: 50] LEN: 12 | HEX: F5 77 BE FD FA 73 DF FB 25 1C BF F7 | T:2482286 RPD:0
[CH: 50] LEN: 12 | HEX: F1 77 FA F5 EE 73 DF FA 25 1C BF 7F | T:2482297 RPD:1
[CH: 50] LEN: 12 | HEX: F9 77 5A EE FE 70 F6 FD 92 9C BF DE | T:2482297 RPD:0
[CH: 50] LEN: 12 | HEX: F5 77 76 F6 FE 70 FE BE 92 9E BF 5A | T:2482308 RPD:1
[CH: 50] LEN: 12 | HEX: E9 77 FE FD FA 70 ED FB 92 9C AF BE | T:2482320 RPD:1
[CH: 50] LEN: 12 | HEX: FD 77 F4 F5 ED 73 FB F7 25 1C AE DF | T:2482320 RPD:0
[CH: 50] LEN: 12 | HEX: F9 77 F6 FE FE 70 FF FE 92 9E BF AA | T:2482331 RPD:1
[CH: 50] LEN: 12 | HEX: F5 77 DE F5 FE 73 FD F5 25 1C AF FD | T:2482332 RPD:0
[CH: 50] LEN: 12 | HEX: F5 7F DA FD DD 73 BF F5 25 1C BF FF | T:2482343 RPD:1
[CH: 50] LEN: 12 | HEX: F1 77 FC F5 FE 73 DD FF 25 1C BF 77 | T:2482343 RPD:0
[CH: 50] LEN: 12 | HEX: F1 77 F6 F6 FE 70 F7 BD 12 9E AB EF | T:2482354 RPD:0
[CH: 50] LEN: 12 | HEX: E9 77 FA F6 F6 70 F6 FE 92 9C AF FF | T:2482366 RPD:1
[CH: 50] LEN: 12 | HEX: F5 77 BA F5 FF 73 DE FD 25 1C BF FF | T:2482366 RPD:0
[CH: 50] LEN: 12 | HEX: F5 77 DA FE F6 70 F7 FD 12 9E AF FF | T:2482377 RPD:1
[CH: 50] LEN: 12 | HEX: F1 77 FA F5 FF 73 FF F7 25 1C AF EF | T:2482378 RPD:0
[CH: 50] LEN: 12 | HEX: F9 77 BC EE FE 70 EF FD 12 9E AD FF | T:2482389 RPD:1
[CH: 50] LEN: 12 | HEX: E9 77 76 F9 ED 73 BB EB 65 1C AF FF | T:2482400 RPD:1
[CH: 50] LEN: 12 | HEX: F9 77 76 FE EE 70 FE FB 92 9C BF 7F | T:2482400 RPD:1
[CH: 50] LEN: 12 | HEX: F1 77 F5 FE FE 70 FE FD 92 9E BF BF | T:2482412 RPD:1
[CH: 50] LEN: 12 | HEX: F5 77 BA ED FE 73 F7 F7 25 1C BF FF | T:2482412 RPD:0
[CH: 50] LEN: 12 | HEX: F9 77 76 EE F6 70 EF 7B 92 9C B7 FF | T:2482423 RPD:1
[CH: 50] LEN: 12 | HEX: F5 77 DA F6 FE 70 F6 FD 92 9E AE ED | T:2482423 RPD:0
[CH: 50] LEN: 12 | HEX: F9 77 5E FD EE 73 DF F7 25 1C BF 5F | T:2482435 RPD:1
[CH: 50] LEN: 12 | HEX: F9 77 F4 F7 F6 70 F6 BD 92 9E AF FF | T:2482446 RPD:1
[CH: 50] LEN: 12 | HEX: F1 77 FC F5 DD 73 DF F7 25 1C BE D3 | T:2482446 RPD:0
[CH: 50] LEN: 12 | HEX: F5 77 FA FD D6 73 FA FB 25 1C BF FF | T:2482458 RPD:1
[CH: 50] LEN: 12 | HEX: F1 77 BA F6 FE 70 FF BF 52 9C AF FD | T:2482458 RPD:0
[CH: 50] LEN: 12 | HEX: F9 77 DE F9 FF 73 ED FB 25 1C BF 7D | T:2482469 RPD:1
[CH: 50] LEN: 12 | HEX: F1 77 B4 EC FE 70 FF 7E 92 9E BF DF | T:2482480 RPD:1
[CH: 50] LEN: 12 | HEX: ED 77 7E F5 FE 73 BA F7 25 1C AF FD | T:2482481 RPD:0
[CH: 50] LEN: 12 | HEX: F9 77 5A FF F4 70 FF BF 52 9C AF DF | T:2482492 RPD:1
[CH: 50] LEN: 12 | HEX: ED 77 EE ED FA 73 BF EF 25 1C BA F7 | T:2482492 RPD:0
[CH: 50] LEN: 12 | HEX: F9 77 FA FE FA 70 FB 7F 52 9E AE FF | T:2482504 RPD:1
[CH: 50] LEN: 12 | HEX: F9 77 F6 FD FF 73 FB F7 25 1C AB FE | T:2482515 RPD:1
[CH: 50] LEN: 12 | HEX: E9 77 BA F9 FE 73 FD F5 A5 1C BF 42 | T:2482515 RPD:0
[CH: 50] LEN: 12 | HEX: FD 77 BA FD FF 73 FD FA 25 1C AF FF | T:2482526 RPD:1
[CH: 50] LEN: 12 | HEX: F5 77 FA FD FE 73 BF F7 25 1C AF FE | T:2482527 RPD:0
[CH: 50] LEN: 12 | HEX: F9 77 7A F6 F6 70 FF FD 12 9E AF FF | T:2482538 RPD:1
[CH: 50] LEN: 12 | HEX: F5 77 FA FD FF 73 DF FA 25 1C BB FF | T:2482538 RPD:1
[CH: 50] LEN: 12 | HEX: F9 77 FA FE FE 70 FE BE 92 9E AF FD | T:2482550 RPD:1
[CH: 50] LEN: 12 | HEX: F5 77 BA FD FE 73 FB FB 25 1C BF BD | T:2482561 RPD:0
[CH: 50] LEN: 12 | HEX: F5 77 F6 FE FE 70 F7 7F 12 9E AF 7F | T:2482561 RPD:0
[CH: 50] LEN: 12 | HEX: F1 77 FA FE FE 70 F7 FE 92 9E AF DB | T:2482572 RPD:1
[CH: 50] LEN: 12 | HEX: F5 77 FA ED FC 73 BF F5 25 1C AF DD | T:2482573 RPD:1
[CH: 50] LEN: 12 | HEX: F5 77 F6 FE FE 70 FF 7E 92 9E BF EF | T:2482584 RPD:1
[CH: 50] LEN: 12 | HEX: ED 77 BD FD FD 73 DD FB 25 1C AF BB | T:2482595 RPD:1
[CH: 50] LEN: 12 | HEX: F5 77 FC FE FE 70 FF 7E 92 9C BF 7E | T:2482596 RPD:0
[CH: 50] LEN: 12 | HEX: F9 77 76 F6 F6 70 FE BF 12 9C AB FB | T:2482607 RPD:1
[CH: 50] LEN: 12 | HEX: F5 77 F6 FE EE 70 EF FB 92 9E AD FF | T:2482607 RPD:0
[CH: 50] LEN: 12 | HEX: F1 77 BE FD EC 73 DA FB 25 1C BD FF | T:2482618 RPD:1
[CH: 50] LEN: 12 | HEX: F5 77 74 FC EE 70 FE BE 92 9E AD DD | T:2482619 RPD:0
[CH: 50] LEN: 12 | HEX: F5 77 BA FD FE 7B AF FD 25 1C BF FB | T:2482630 RPD:1
[CH: 50] LEN: 12 | HEX: F9 77 BA FE FE 70 F6 BE 92 9F AC EF | T:2482641 RPD:1
[CH: 50] LEN: 12 | HEX: F5 77 BA F5 DA 73 DA FB 25 1C AF FB | T:2482641 RPD:0
[CH: 50] LEN: 12 | HEX: F5 77 BE F6 FE 70 FE FE 92 9E BD EF | T:2482653 RPD:1
[CH: 50] LEN: 12 | HEX: E9 77 F4 FD EE 73 FF FA 25 1C AF FF | T:2482653 RPD:0
[CH: 50] LEN: 12 | HEX: F9 77 FC F6 FD 70 F6 BD 92 9C AB 6B | T:2482664 RPD:1
[CH: 50] LEN: 12 | HEX: E9 77 5A F5 F7 73 BD F7 25 1C BE FF | T:2482676 RPD:1
[CH: 50] LEN: 12 | HEX: F5 77 BD FE FE 70 FE FD 12 9E BF AC | T:2482676 RPD:0
[CH: 50] LEN: 12 | HEX: F9 77 AA F5 FD 73 FD 7F 25 1C AF 7F | T:2482687 RPD:1
[CH: 50] LEN: 12 | HEX: F9 77 BD FD FF 73 DB F7 25 1C BF FF | T:2482687 RPD:0
[CH: 50] LEN: 12 | HEX: F9 77 FA F4 EA 70 FE FB D2 9C BE AD | T:2482699 RPD:1
[CH: 50] LEN: 12 | HEX: F5 77 B4 F5 DE 73 FD F5 25 1E B5 D5 | T:2482710 RPD:1
[CH: 50] LEN: 12 | HEX: F5 77 BA F6 EC 70 FE FF 52 9E BD DF | T:2482710 RPD:0
[CH: 50] LEN: 12 | HEX: F1 77 7A F6 FE 70 F7 7E 92 9E AF EF | T:2482722 RPD:1
[CH: 50] LEN: 12 | HEX: F1 77 FA FA F6 70 FF 7F 52 9E BF FF | T:2482722 RPD:0
[CH: 50] LEN: 12 | HEX: ED 77 F4 FF EE 73 DD FA 25 1C BD FE | T:2482733 RPD:1
[CH: 50] LEN: 12 | HEX: F5 77 FC FE FE 70 F7 7D 92 9E AF FF | T:2482733 RPD:0
[CH: 50] LEN: 12 | HEX: FD 77 BE F5 FD 73 DB FB 25 1E BF BF | T:2482745 RPD:1
[CH: 50] LEN: 12 | HEX: F1 77 FA F7 FE 70 FF 5F 52 9E BD F5 | T:2482756 RPD:1
[CH: 50] LEN: 12 | HEX: F9 77 BA FD FD 73 FA FA 25 1C AF DF | T:2482756 RPD:0
[CH: 50] LEN: 12 | HEX: F9 77 EA FE EA 70 F6 BE 92 9C BB FF | T:2482768 RPD:1
[CH: 50] LEN: 12 | HEX: F9 77 FA FE FE 70 FF 5F D2 9E BF DF | T:2482768 RPD:0
[CH: 50] LEN: 12 | HEX: F1 77 AE F5 FD 73 FD FF 25 1C AB BF | T:2482779 RPD:1
[CH: 50] LEN: 12 | HEX: F1 77 7E E9 DD 73 BB F5 25 1C BB FF | T:2482790 RPD:1
[CH: 50] LEN: 12 | HEX: F1 77 BD FE FE 70 F7 FE 92 9E AB FF | T:2482791 RPD:0
[CH: 50] LEN: 12 | HEX: F5 77 FA F5 EC 73 BA FA 25 1C BF FD | T:2482802 RPD:1
[CH: 50] LEN: 12 | HEX: F1 77 DE F5 FE 73 DF FD 25 1C BE EB | T:2482802 RPD:0
[CH: 50] LEN: 12 | HEX: F9 77 F6 FC FE 70 FF 7E 92 9D AF DF | T:2482814 RPD:1
[CH: 50] LEN: 12 | HEX: F5 77 BF F7 EC 73 BF EB 25 1C AF EF | T:2482814 RPD:0
[CH: 50] LEN: 12 | HEX: F1 77 76 EA FE 70 F7 7D 92 9C BF 7F | T:2482825 RPD:1
[CH: 50] LEN: 12 | HEX: E9 77 F4 FD DE 73 FA FF 25 1C BF FF | T:2482836 RPD:1
[CH: 50] LEN: 12 | HEX: F9 77 BC FE FA 70 FE BF 52 9E BF BF | T:2482837 RPD:0
[CH: 50] LEN: 12 | HEX: F9 77 FA FD EE 73 DD 7F 25 1C BB BF | T:2482848 RPD:1
[CH: 50] LEN: 12 | HEX: F5 77 B9 F6 FE 70 FF BF 92 9E BF E7 | T:2482848 RPD:0
[CH: 50] LEN: 12 | HEX: F5 77 F4 F5 FC 73 FA FB 25 1C B7 F7 | T:2482860 RPD:1
[CH: 50] LEN: 12 | HEX: F9 77 F4 FE FE 70 FF FF D2 9E BF FB | T:2482871 RPD:1
[CH: 50] LEN: 12 | HEX: F5 77 BC F5 DD 73 FA FF 25 1C AA BF | T:2482871 RPD:0
[CH: 50] LEN: 12 | HEX: F1 77 BE EA FE 70 EF FD 12 9E BF FF | T:2482882 RPD:1
[CH: 50] LEN: 12 | HEX: F1 77 BE FE F6 70 FF FE 92 9E AB 7F | T:2482883 RPD:0
[CH: 50] LEN: 12 | HEX: ED 77 BA FD FD 73 EE FD 25 1C AF F7 | T:2482894 RPD:1
[CH: 50] LEN: 12 | HEX: F1 77 FA EE F4 70 FF 5F 52 9C BF FF | T:2482905 RPD:1
[CH: 50] LEN: 12 | HEX: F5 77 FE F5 EE 73 BD F5 25 1C BF C8 | T:2482905 RPD:0
[CH: 50] LEN: 12 | HEX: F9 77 F4 FE EE 70 F7 7E 92 9C AF FD | T:2482917 RPD:1
[CH: 50] LEN: 12 | HEX: FD 77 ED F5 FE 73 DF FD 25 1C BE BF | T:2482917 RPD:0
[CH: 50] LEN: 12 | HEX: F9 77 BD F4 FE 70 FF 5F 12 9E BB FF | T:2482928 RPD:1
[CH: 50] LEN: 12 | HEX: E9 77 76 ED DD 73 BF FB 25 1C BF FD | T:2482929 RPD:0
[CH: 50] LEN: 12 | HEX: F9 77 FA F6 FE 70 EB 7F 52 9C BF FE | T:2482940 RPD:1
[CH: 50] LEN: 12 | HEX: FD 77 BC F5 FF 73 EE FD 25 1C AF FF | T:2482951 RPD:1
[CH: 50] LEN: 12 | HEX: F5 77 F6 FE FE 70 FF FE 92 9C AA FF | T:2482951 RPD:0
[CH: 50] LEN: 12 | HEX: F9 77 DE FD ED 73 FD FD 25 1C B7 7F | T:2482963 RPD:1
[CH: 50] LEN: 12 | HEX: F9 77 FA F5 DE 73 BF FB 25 1C AF 6F | T:2482963 RPD:0
[CH: 50] LEN: 12 | HEX: F9 77 BC EE FE 70 EF FE 92 9C BF 7F | T:2482974 RPD:1
[CH: 50] LEN: 12 | HEX: F9 77 BA FD FD 73 BB F7 25 1C B7 EE | T:2482986 RPD:1
[CH: 50] LEN: 12 | HEX: F9 77 7A F6 F6 70 FE BF 92 9E BF E1 | T:2482986 RPD:0
[CH: 50] LEN: 12 | HEX: F9 77 DA F6 FE 70 FF BF 12 9C BF FF | T:2482997 RPD:1
[CH: 50] LEN: 12 | HEX: F5 77 FD FE FA 70 FE BF 12 9E BB 7F | T:2482997 RPD:0
[CH: 50] LEN: 12 | HEX: F5 7F F5 ED FE 73 BF F5 25 1C BF EB | T:2483009 RPD:1
[CH: 50] LEN: 12 | HEX: F1 77 74 EE F6 70 ED 7D 12 9E BF FF | T:2483009 RPD:0
[CH: 50] LEN: 12 | HEX: F5 77 BA FD E6 73 BF F7 25 1C BF FF | T:2483020 RPD:1
[CH: 50] LEN: 12 | HEX: F9 77 BA FE FE 70 FF FE 92 9E BF 7F | T:2483032 RPD:1
[CH: 50] LEN: 12 | HEX: F5 77 FA FD FD 73 BD 7D 25 1C B3 FD | T:2483032 RPD:0
[CH: 50] LEN: 12 | HEX: F1 77 FA F6 EA 70 FF BF 92 9C BF 77 | T:2483043 RPD:1
[CH: 50] LEN: 12 | HEX: F9 77 FD FD FE 70 FF 7F 92 9E BF FF | T:2483043 RPD:0
[CH: 50] LEN: 12 | HEX: F9 77 FA FD FE 73 EB DF 25 1C BD FF | T:2483055 RPD:1
[CH: 50] LEN: 12 | HEX: F5 77 FA F5 FE 73 FD FA 25 1C AF B7 | T:2483066 RPD:1
[CH: 50] LEN: 12 | HEX: F5 77 FD F6 FE 70 FD AF 92 9E AB FA | T:2483066 RPD:0
[CH: 50] LEN: 12 | HEX: F1 77 BA FD F6 73 BB FA 25 1C BF B7 | T:2483078 RPD:1
[CH: 50] LEN: 12 | HEX: E9 77 DE FB F6 73 ED 7D 25 1C AF FF | T:2483078 RPD:0
[CH: 50] LEN: 12 | HEX: F9 77 7E FE F6 70 FF 5F 52 9E BF FF | T:2483089 RPD:1
[CH: 50] LEN: 12 | HEX: ED 77 BC ED EC 73 FA FD 25 1C AE DF | T:2483100 RPD:1
[CH: 50] LEN: 12 | HEX: E9 77 7E F6 EA 78 FE BE 92 9E BF 7C | T:2483101 RPD:1
[CH: 50] LEN: 12 | HEX: F9 77 BA FD EE 73 FD FA 25 1C AF F7 | T:2483112 RPD:1
[CH: 50] LEN: 12 | HEX: F5 77 F5 FE FE 70 FF 7F 92 9E BF FF | T:2483112 RPD:0
[CH: 50] LEN: 12 | HEX: F9 77 F4 FD FE 73 D7 FD 25 1C B6 DF | T:2483123 RPD:1
[CH: 50] LEN: 12 | HEX: F9 77 DD F6 FC 70 FF FF 52 9E AF 5F | T:2483124 RPD:0
[CH: 50] LEN: 12 | HEX: E9 77 DA FD EC 73 BD FE 25 1C BF F7 | T:2483135 RPD:1
[CH: 50] LEN: 12 | HEX: F5 77 BE F6 FE 70 FF 7F 12 9E BF 7F | T:2483146 RPD:1
[CH: 50] LEN: 12 | HEX: F1 77 B6 E9 F4 73 DA FF 25 1C BF FA | T:2483147 RPD:0
[CH: 50] LEN: 12 | HEX: F5 77 FF F6 FE 70 FA DF 92 9E BF EB | T:2483158 RPD:1
[CH: 50] LEN: 12 | HEX: F9 77 7A FE EE 70 FE AF 92 9E BF F7 | T:2483158 RPD:0
[CH: 50] LEN: 12 | HEX: FD 77 FA FF FD 73 FB F7 A5 1C BF DF | T:2483169 RPD:1
[CH: 50] LEN: 12 | HEX: F5 77 FD FE FE 70 FF 5F D2 9E BF 7F | T:2483181 RPD:1
[CH: 50] LEN: 12 | HEX: F9 77 F4 F5 FD 73 B5 FB 25 1C BF 7F | T:2483181 RPD:0
[CH: 50] LEN: 12 | HEX: F1 77 AD FE FE 70 FF AB 92 9E B7 FF | T:2483192 RPD:1
[CH: 50] LEN: 12 | HEX: F9 77 BC FB FE 73 EF 7E 25 1C BF DF | T:2483193 RPD:0
[CH: 50] LEN: 12 | HEX: F9 77 F4 FC F6 70 F7 7D 52 9E BD D4 | T:2483204 RPD:1
[CH: 50] LEN: 12 | HEX: E9 77 FF F5 D6 73 BD BF 25 1C BE FF | T:2483204 RPD:0
[CH: 50] LEN: 12 | HEX: ED 77 DD FE FE 70 FF 7F 92 9E BF FD | T:2483215 RPD:1
[CH: 50] LEN: 12 | HEX: F9 77 DE F9 FC 73 BA FF 25 1C BF FF | T:2483227 RPD:1
[CH: 50] LEN: 12 | HEX: E9 77 BA EE F4 70 FF BF 92 9F BB EF | T:2483227 RPD:0
[CH: 50] LEN: 12 | HEX: F9 77 BE FD EE 73 DA FA A5 1C BF FB | T:2483238 RPD:1
[CH: 50] LEN: 12 | HEX: E9 77 F4 ED DE 73 BB FF 25 1C BF FF | T:2483239 RPD:1
[CH: 50] LEN: 12 | HEX: F1 77 FC FE F6 70 FF BF 52 9E BF FF | T:2483250 RPD:1
[CH: 50] LEN: 12 | HEX: F9 77 FD E9 DD 73 D7 7E A5 1C BF FF | T:2483261 RPD:1
[CH: 50] LEN: 12 | HEX: F9 77 F5 FA F9 70 FE BF 92 9E BF DB | T:2483261 RPD:0
[CH: 50] LEN: 12 | HEX: F9 77 FA FE F5 70 F7 FF 52 9E BF CD | T:2483273 RPD:1
[CH: 50] LEN: 12 | HEX: E9 77 BA FE FE 70 FA BF 12 9E BE FF | T:2483273 RPD:0
[CH: 50] LEN: 12 | HEX: F9 77 B6 FD FE 73 BA FD 25 1C AD FF | T:2483284 RPD:1
[CH: 50] LEN: 12 | HEX: F1 77 FA FE F6 70 EB BE 92 9E BE FD | T:2483296 RPD:1
[CH: 50] LEN: 12 | HEX: F1 77 B4 FD EF 73 FF 7D 25 1C BF FF | T:2483296 RPD:0
[CH: 50] LEN: 12 | HEX: F9 77 F4 FE FE 70 FF 5F 92 9E BF FF | T:2483307 RPD:1
[CH: 50] LEN: 12 | HEX: F9 77 7E FE EE 70 F7 FE 92 9C BF FD | T:2483307 RPD:1
[CH: 50] LEN: 12 | HEX: E9 77 ED FD FF 73 DD FD 25 1C BF DF | T:2483319 RPD:1
[CH: 50] LEN: 12 | HEX: F9 77 5E FB DD 73 DD FA 25 1C BB FF | T:2483319 RPD:0
[CH: 50] LEN: 12 | HEX: E9 77 D5 EC F6 70 EB 7E 92 9E BF FB | T:2483330 RPD:1
[CH: 50] LEN: 12 | HEX: F9 77 FB FD FF 73 BB FA 25 1C BF 77 | T:2483341 RPD:1
[CH: 50] LEN: 12 | HEX: F1 77 F6 EE FE 70 EF 5E 92 9E AD FB | T:2483342 RPD:0
[CH: 50] LEN: 12 | HEX: F1 77 AE F5 FF 73 DD FD 25 1E BD FF | T:2483353 RPD:1
[CH: 50] LEN: 12 | HEX: F9 77 FA FD FC 73 EE BF 25 1C BB FF | T:2483353 RPD:0
[CH: 50] LEN: 12 | HEX: F9 77 5A FE F6 70 F7 7F 52 9E AE FF | T:2483365 RPD:1
[CH: 50] LEN: 12 | HEX: F9 77 DA F5 F4 73 FA FD 25 1C AF FB | T:2483376 RPD:1
[CH: 50] LEN: 12 | HEX: F9 77 FA FD FA 73 ED F5 25 1C BF 7F | T:2483376 RPD:0
[CH: 50] LEN: 12 | HEX: F9 77 AE F5 EC 73 FD 7F 25 1C AD EB | T:2483387 RPD:1
[CH: 50] LEN: 12 | HEX: F5 77 DD FE FE 70 FF AF 92 9E B7 EF | T:2483388 RPD:0
[CH: 50] LEN: 12 | HEX: F1 77 FD F5 FE 73 DF FE A5 1C BF FF | T:2483399 RPD:1
[CH: 50] LEN: 12 | HEX: F9 77 FB FD FE 70 F5 BF 92 9E BF FF | T:2483399 RPD:0
[CH: 50] LEN: 12 | HEX: F9 77 5E FD FE 73 DF FA 25 1C BB FF | T:2483411 RPD:1
[CH: 50] LEN: 12 | HEX: F9 77 DC FE FE 70 FF AF 92 9E BF FF | T:2483422 RPD:1
[CH: 50] LEN: 12 | HEX: F9 77 B4 F5 FE 73 BD 7F 25 1C BF FF | T:2483422 RPD:0
[CH: 50] LEN: 12 | HEX: F9 77 EC FE FA 70 FF EF 92 9E BD FD | T:2483433 RPD:1
[CH: 50] LEN: 12 | HEX: F9 77 74 FD FE 70 FE BF 92 9C B6 FF | T:2483434 RPD:0
[CH: 50] LEN: 12 | HEX: F9 77 BC ED FE 73 FD F5 25 1E BF DF | T:2483445 RPD:1
[CH: 50] LEN: 12 | HEX: F9 77 D6 FA FE 70 F7 AF D2 9E BF 7F | T:2483456 RPD:1
[CH: 50] LEN: 12 | HEX: F9 77 FB F5 EE 73 DD 7E A5 1C BF FE | T:2483457 RPD:0
[CH: 50] LEN: 12 | HEX: F9 77 DD F5 FE 73 FF AF 25 1C BF FD | T:2483468 RPD:1
[CH: 50] LEN: 12 | HEX: F9 77 B4 ED D4 73 EF FD 25 1C BF 7F | T:2483468 RPD:0
[CH: 50] LEN: 12 | HEX: F9 77 FE F5 EA 70 FF D7 92 9E BF EA | T:2483479 RPD:1
[CH: 50] LEN: 12 | HEX: F5 77 74 F7 FD 73 FE FE A5 1E BF FE | T:2483491 RPD:1
[CH: 50] LEN: 12 | HEX: E9 77 FA F6 FE 70 FF 5F 92 9E BF FF | T:2483491 RPD:0
[CH: 50] LEN: 12 | HEX: F1 77 DD FD FE 73 DE FE 25 1C BF FF | T:2483502 RPD:1
[CH: 50] LEN: 12 | HEX: E9 77 DE F5 EA 73 EA FF 25 1C BF DF | T:2483503 RPD:0
[CH: 50] LEN: 12 | HEX: E9 77 F4 F6 FA 70 F5 5F 92 9E BF FF | T:2483514 RPD:1
[CH: 50] LEN: 12 | HEX: F9 77 BA F7 FE 73 FE BF 25 1C BE FF | T:2483514 RPD:0
[CH: 50] LEN: 12 | HEX: F9 77 FB FA FE 70 FF 57 92 9C B7 7F | T:2483525 RPD:1
[CH: 50] LEN: 12 | HEX: F9 77 FA FE FE 70 F7 FF 12 9E BF DD | T:2483537 RPD:1
[CH: 50] LEN: 12 | HEX: ED 77 EC FD DC 73 DD 7D 25 1E BF FF | T:2483537 RPD:0
[CH: 50] LEN: 12 | HEX: E9 77 B6 FC F4 70 EF FE 92 9C BF FF | T:2483548 RPD:1
[CH: 50] LEN: 12 | HEX: F1 77 5D FA FE 70 FF AF 12 9E B5 FF | T:2483548 RPD:0
[CH: 50] LEN: 12 | HEX: F9 77 DE ED FD 73 DD 7F 25 1C BF F7 | T:2483560 RPD:1
[CH: 50] LEN: 12 | HEX: F9 77 B8 FE EE 70 F5 DF 92 9E AD FF | T:2483571 RPD:1
[CH: 50] LEN: 12 | HEX: F5 77 55 F7 FE 73 FA FD 25 1C BF FE | T:2483571 RPD:0
[CH: 50] LEN: 12 | HEX: F1 77 BC FE F4 70 FD AF 92 9E AF FB | T:2483583 RPD:1
[CH: 50] LEN: 12 | HEX: F1 77 BA F6 F6 70 FF AF 92 9E BF DB | T:2483583 RPD:0
[CH: 50] LEN: 12 | HEX: F1 77 FE FD FE 73 FA FA 25 1C BB FD | T:2483594 RPD:1
[CH: 50] LEN: 12 | HEX: F9 77 DE F9 FE 73 ED FF 25 1C BF FB | T:2483594 RPD:0
[CH: 50] LEN: 12 | HEX: F9 77 EC F4 FE 70 EB FF 12 9C BF FF | T:2483606 RPD:1
[CH: 50] LEN: 12 | HEX: F9 77 DD F5 EC 73 FE BF 25 1C BF FF | T:2483617 RPD:1
[CH: 50] LEN: 12 | HEX: E9 77 BA FE EE 70 F7 57 92 9C BE FF | T:2483617 RPD:0
[CH: 50] LEN: 12 | HEX: F5 77 DA F9 FE 77 FF 7F 25 1C BF FF | T:2483629 RPD:1
[CH: 50] LEN: 12 | HEX: F1 77 FC FB FE 73 FD 7F 25 1C BD FF | T:2483629 RPD:0
[CH: 50] LEN: 12 | HEX: E9 77 FE EA F4 70 EB FF 12 9E BB FF | T:2483640 RPD:0
[CH: 50] LEN: 12 | HEX: F1 77 FD F5 FE 73 FE FF 25 1C B7 FD | T:2483651 RPD:1
[CH: 50] LEN: 12 | HEX: E9 77 74 FE EA 70 FF AF 92 9E BF DF | T:2483652 RPD:0
[CH: 50] LEN: 12 | HEX: F9 77 FA FD EA 73 FD 7D 25 1C BD 57 | T:2483663 RPD:1
[CH: 50] LEN: 12 | HEX: F9 77 FA FD FE 73 FE 5F 25 1C AF EB | T:2483663 RPD:0
[CH: 50] LEN: 12 | HEX: F9 77 D4 FC FA 70 FD 6B 92 9E AF EA | T:2483675 RPD:1
[CH: 50] LEN: 12 | HEX: F1 77 FA F5 EE 73 FD 7F 25 1E BF FE | T:2483686 RPD:1
[CH: 50] LEN: 12 | HEX: F9 77 FB FE FE 70 EF 5F 92 9C AF FD | T:2483686 RPD:0
[CH: 50] LEN: 12 | HEX: E9 77 BA F5 EA 70 FE 5F 92 9E B9 FD | T:2483697 RPD:1
[CH: 50] LEN: 12 | HEX: E9 77 D6 F4 FC 70 F7 5F 92 9E BF EE | T:2483698 RPD:0
[CH: 50] LEN: 12 | HEX: ED 77 BF FB FE 73 FA FD 25 1C AF FD | T:2483709 RPD:1
[CH: 50] LEN: 12 | HEX: F9 77 DD FE FA 70 FF BF 92 9E BE EB | T:2483709 RPD:0
[CH: 50] LEN: 12 | HEX: F9 77 FA FD FE 73 FA FF 25 1E AF FE | T:2483721 RPD:1
[CH: 50] LEN: 12 | HEX: F9 77 F6 F5 FE 70 FF 7F 92 9E BF FD | T:2483732 RPD:1
[CH: 50] LEN: 12 | HEX: F9 77 DE F5 FE 73 FD 7A A5 1C BF FF | T:2483732 RPD:1
[CH: 50] LEN: 12 | HEX: F1 77 BC FE EC 70 FF 5E 92 9E BF 7F | T:2483743 RPD:1
[CH: 50] LEN: 12 | HEX: E9 77 BA F6 F4 70 EE BE 92 9C BF FF | T:2483744 RPD:0
[CH: 50] LEN: 12 | HEX: F9 77 74 FD FE 73 BF F5 25 1C BF FF | T:2483755 RPD:1
[CH: 50] LEN: 12 | HEX: F1 77 BE F5 FE 73 DD FB 25 1C BF 7F | T:2483766 RPD:1
[CH: 50] LEN: 12 | HEX: F9 77 FD FA F6 70 EF 7E 92 9E BF FD | T:2483767 RPD:0
[CH: 50] LEN: 12 | HEX: F9 77 BE FD FE 73 ED 7D A5 1C AF DD | T:2483778 RPD:1
[CH: 50] LEN: 12 | HEX: F1 77 76 F5 F6 73 FF F7 25 1C BF 7F | T:2483778 RPD:0
[CH: 50] LEN: 12 | HEX: F9 77 BD FE F4 70 FE BF 12 9C BA BF | T:2483789 RPD:1
[CH: 50] LEN: 12 | HEX: F1 77 FA F5 EC 73 DF FB 25 1C BD 7F | T:2483790 RPD:0
[CH: 50] LEN: 12 | HEX: F9 77 FA FA FE 70 FB DF 52 9E AB FF | T:2483801 RPD:1
[CH: 50] LEN: 12 | HEX: F9 77 B4 FE FE 70 EF 7D 12 9E AF FF | T:2483812 RPD:1
[CH: 50] LEN: 12 | HEX: F5 77 BA FD EE 73 BD FF 25 1C BF FF | T:2483812 RPD:0
[CH: 50] LEN: 12 | HEX: F9 77 B4 ED ED 73 FA FE A5 1C BF FF | T:2483824 RPD:1
[CH: 50] LEN: 12 | HEX: F5 77 BD E9 FC 73 BF F7 25 1C BF CE | T:2483824 RPD:0
[CH: 50] LEN: 12 | HEX: F5 77 F4 FF F6 70 FF 5F 92 9E B7 FE | T:2483835 RPD:1
[CH: 50] LEN: 12 | HEX: F5 77 74 FE FC 70 FE BF 92 9E AF FF | T:2483847 RPD:1
[CH: 50] LEN: 12 | HEX: F1 77 FD E9 DE 73 FA FF 25 1C AE FF | T:2483847 RPD:0
[CH: 50] LEN: 12 | HEX: F5 77 76 FD DF 73 F5 FF 25 1C BF DB | T:2483858 RPD:1
[CH: 50] LEN: 12 | HEX: F1 77 BA F6 EE 70 F7 BD 92 9C AF 5F | T:2483858 RPD:0
[CH: 50] LEN: 12 | HEX: F5 77 EA FD FD 73 FF EF 25 1C BB FF | T:2483870 RPD:1
[CH: 50] LEN: 12 | HEX: F9 77 FE FD EE 70 EE FB 92 9E AF 5F | T:2483881 RPD:1
[CH: 50] LEN: 12 | HEX: E9 77 76 FD FD 73 B7 EB 25 1C AB 7F | T:2483881 RPD:0
[CH: 50] LEN: 12 | HEX: F5 77 FC FE FD 70 F6 FD 92 9C AF 7F | T:2483893 RPD:1
[CH: 50] LEN: 12 | HEX: F9 77 EA F5 DF 73 FD FD 25 1C BF FF | T:2483893 RPD:0
[CH: 50] LEN: 12 | HEX: F9 77 B6 F6 FE 70 F7 FE 92 9D BF F7 | T:2483904 RPD:1
[CH: 50] LEN: 12 | HEX: F5 77 FA FD EE 73 FB F7 25 1C AE FF | T:2483904 RPD:0
[CH: 50] LEN: 12 | HEX: E9 77 7E FD FA 70 EE FD 92 9D BB FF | T:2483916 RPD:1
[CH: 50] LEN: 12 | HEX: F9 77 79 F5 DD 73 DF F5 25 1C B5 EB | T:2483927 RPD:1
[CH: 50] LEN: 12 | HEX: F1 77 BA FE F6 70 F6 FF 92 9E AD F2 | T:2483927 RPD:0
[CH: 50] LEN: 12 | HEX: F5 77 F6 ED DF 73 DB F7 25 1C AF 77 | T:2483939 RPD:1
[CH: 50] LEN: 12 | HEX: F5 77 76 F5 FF 73 FB F5 25 1E BF FF | T:2483939 RPD:0
[CH: 50] LEN: 12 | HEX: F5 77 B6 F4 FF 70 F7 7D 92 9D BF FF | T:2483950 RPD:1
[CH: 50] LEN: 12 | HEX: F1 77 BD FE FE 70 F7 DE 92 9D AF 5F | T:2483961 RPD:1
[CH: 50] LEN: 12 | HEX: F1 77 BE FD FD 73 FA FE A5 1C BF FF | T:2483962 RPD:0
[CH: 50] LEN: 12 | HEX: FD 77 F4 FE FE 70 FF FD 12 9C AF 7B | T:2483973 RPD:1
[CH: 50] LEN: 12 | HEX: F9 77 DA FE F5 70 F7 BE 92 9D AF 6F | T:2483973 RPD:0
[CH: 50] LEN: 12 | HEX: F1 77 BE F5 FD 73 FA FB 25 1C BF F7 | T:2483985 RPD:1
[CH: 50] LEN: 12 | HEX: F9 77 DC FB F6 70 F7 BE 92 9E BF 7F | T:2483985 RPD:0
[CH: 50] LEN: 12 | HEX: F1 77 7A FB DC 73 BB FF 25 1C AF F7 | T:2483996 RPD:1
[CH: 50] LEN: 12 | HEX: F5 77 BA F6 EC 70 EE FE 92 9E BF FF | T:2484007 RPD:1
[CH: 50] LEN: 12 | HEX: F9 77 DC FD FD 73 DD F5 25 1E BF DF | T:2484008 RPD:0
[CH: 50] LEN: 12 | HEX: F5 77 BE EC F4 70 EF FD 12 9C AF 5F | T:2484019 RPD:1
[CH: 50] LEN: 12 | HEX: F9 77 FA FD FF 73 FE BD 25 1C AF ED | T:2484019 RPD:0
[CH: 50] LEN: 12 | HEX: F5 77 BE FE FE 70 FE BF 92 9C BF BF | T:2484030 RPD:1
[CH: 50] LEN: 12 | HEX: E9 77 BE F5 FE 73 FD 7D 25 1E BB FF | T:2484042 RPD:1
[CH: 50] LEN: 12 | HEX: F9 77 F4 FE FE 70 FE BF 92 9E BF EF | T:2484042 RPD:0
[CH: 50] LEN: 12 | HEX: F5 77 5E F5 FD 73 FB F5 25 1C BF EF | T:2484053 RPD:1
[CH: 50] LEN: 12 | HEX: E9 77 FE F5 EE 73 FD 7D 25 1C AE EF | T:2484054 RPD:0
[CH: 50] LEN: 12 | HEX: F9 77 FA F4 FE 70 F7 FE 92 9F AF BF | T:2484065 RPD:1
[CH: 50] LEN: 12 | HEX: F9 77 BE F5 FE 73 FD 7F 25 1C BF FD | T:2484076 RPD:1
[CH: 50] LEN: 12 | HEX: F1 77 DD FE F6 70 F7 BF 92 9E AB EF | T:2484076 RPD:0
[CH: 50] LEN: 12 | HEX: F9 77 FD F5 FE 73 EF FD 25 1E AF 7F | T:2484088 RPD:1
[CH: 50] LEN: 12 | HEX: F1 77 FD FE F5 70 F5 AF 92 9E AE FF | T:2484088 RPD:0
[CH: 50] LEN: 12 | HEX: F1 7F FD E9 FE 73 FD 7F 25 1C BF FF | T:2484099 RPD:1
[CH: 50] LEN: 12 | HEX: F9 77 DC FE FE 70 FF AF 92 9E AD FF | T:2484100 RPD:0
[CH: 50] LEN: 12 | HEX: F1 77 BA FD FE 73 FF 5F 25 1C BD FE | T:2484111 RPD:1
[CH: 50] LEN: 12 | HEX: F9 77 FE FE FE 70 FF F5 92 9E BB FF | T:2484122 RPD:1
[CH: 50] LEN: 12 | HEX: F9 77 FE F9 FE 73 FF FF 25 1C AF FE | T:2484122 RPD:0
[CH: 50] LEN: 12 | HEX: F9 77 EE FE FE 70 FF F7 92 9E BF FF | T:2484134 RPD:1
[CH: 50] LEN: 12 | HEX: F9 77 DE FE FE 70 FF D5 92 9E B7 FD | T:2484134 RPD:0
[CH: 50] LEN: 12 | HEX: F9 77 FE F5 FE 73 FE AE 25 1C BF FD | T:2484145 RPD:1
[CH: 50] LEN: 12 | HEX: F9 77 BE FE FC 70 FB FA D2 9E AF FF | T:2484157 RPD:1
[CH: 50] LEN: 12 | HEX: F1 77 FE F9 F5 73 FF EF 25 1C BF FB | T:2484157 RPD:0
[CH: 50] LEN: 12 | HEX: F9 77 FE F5 FE 73 FF AF 25 1C BF FF | T:2484168 RPD:1
[CH: 50] LEN: 12 | HEX: F9 77 FE FD FE 73 FF EA 25 1C BF FF | T:2484168 RPD:0
[CH: 50] LEN: 12 | HEX: F9 77 FE FE FE 70 FD FF 92 9E AE FF | T:2484180 RPD:1
[CH: 50] LEN: 12 | HEX: F9 77 FE F5 FE 73 FF FF 25 1C BF 6F | T:2484180 RPD:0
[CH: 50] LEN: 12 | HEX: F9 77 EE FE FE 70 FF FD 92 9E BF DA | T:2484191 RPD:1
[CH: 50] LEN: 12 | HEX: F9 77 FE FD FA 73 FF FF 25 1C BF FC | T:2484203 RPD:1
[CH: 50] LEN: 12 | HEX: F9 77 FE FE FE 70 FF FF 92 9E BF 7F | T:2484203 RPD:1
[CH: 50] LEN: 12 | HEX: F9 77 FE FD FE 73 DF D6 25 1C AF 7F | T:2484214 RPD:1
[CH: 50] LEN: 12 | HEX: F9 77 FE FD FE 73 FF F5 25 1C AF 7F | T:2484214 RPD:0
[CH: 50] LEN: 12 | HEX: F9 77 FE FE FE 70 FF FF 92 9E AE D7 | T:2484226 RPD:1
[CH: 50] LEN: 12 | HEX: F9 77 FE FE FE 70 FF FF 92 9E AF BD | T:2484237 RPD:1
[CH: 50] LEN: 12 | HEX: F9 77 FE FD FE 73 FF FB 25 1C BF FF | T:2484237 RPD:0
[CH: 50] LEN: 12 | HEX: F9 77 EE FE FE 70 FF FF 92 9E BF FB | T:2484248 RPD:1
[CH: 50] LEN: 12 | HEX: F9 77 FE FC FE 70 FF FF 92 9E BD DB | T:2484249 RPD:0
[CH: 50] LEN: 12 | HEX: F9 77 D4 FD FE 73 FF FF 25 1C BF DF | T:2484260 RPD:1
[CH: 50] LEN: 12 | HEX: F9 77 FE FE FE 70 FB FF 92 9E BF FF | T:2484271 RPD:1
[CH: 50] LEN: 12 | HEX: F9 77 FE FD FE 73 FF FF 25 1C AF FF | T:2484272 RPD:1
[CH: 50] LEN: 12 | HEX: F9 77 FE F4 FE 70 FF EB 92 9E AF 3E | T:2484283 RPD:1
[CH: 50] LEN: 12 | HEX: F9 77 FE FD EE 73 FF FF 25 1C AF F7 | T:2484283 RPD:0
[CH: 50] LEN: 12 | HEX: F9 77 FE FE FE 70 F7 FF 92 9E BB FF | T:2484294 RPD:1
[CH: 50] LEN: 12 | HEX: F9 77 EE FD FE 73 FF D7 25 1C BE EB | T:2484295 RPD:0
[CH: 50] LEN: 12 | HEX: F9 77 7A FE F6 70 FF D7 92 9C BF FA | T:2484306 RPD:1
[CH: 50] LEN: 12 | HEX: F9 77 FE FD FE 73 FF AF 25 1C AA B6 | T:2484317 RPD:1
[CH: 50] LEN: 12 | HEX: F9 77 FC FE FE 70 FF D7 92 9E BF FF | T:2484318 RPD:0
[CH: 50] LEN: 12 | HEX: F9 77 FB FD FE 73 F7 5F 25 1C BD FF | T:2484329 RPD:1
[CH: 50] LEN: 12 | HEX: F1 77 EE F5 FE 73 FE BF 25 1C BB AF | T:2484329 RPD:0
[CH: 50] LEN: 12 | HEX: F9 77 DE FE FE 70 FF 5F 92 9E BF DD | T:2484340 RPD:0
[CH: 50] LEN: 12 | HEX: F9 77 BB FE FE 70 EF 5F 52 9E BF FF | T:2484352 RPD:1
[CH: 50] LEN: 12 | HEX: F1 77 5D F5 FE 73 FA FF 25 1C BF FF | T:2484352 RPD:0
[CH: 50] LEN: 12 | HEX: F1 77 D6 F6 EA 70 EF FE 92 9E BF D7 | T:2484363 RPD:1
[CH: 50] LEN: 12 | HEX: F1 77 FA F5 F6 73 FD 7E A5 1C BD FF | T:2484364 RPD:0
[CH: 50] LEN: 12 | HEX: F9 77 7C F6 F6 70 FE BF D2 9C BF FF | T:2484375 RPD:1
[CH: 50] LEN: 12 | HEX: F1 77 FA FE FA 70 EE FD 12 9C BF FF | T:2484375 RPD:0
[CH: 50] LEN: 12 | HEX: F9 77 DA F7 FF 73 DF FD 25 1C BE FE | T:2484386 RPD:1
[CH: 50] LEN: 12 | HEX: F1 77 FD FE EC 70 FE 9F D2 9E BB FF | T:2484398 RPD:1
[CH: 50] LEN: 12 | HEX: F1 77 FB FD DC 73 BB F7 25 1C BF F7 | T:2484398 RPD:0
[CH: 50] LEN: 12 | HEX: F9 77 F9 FE FE 70 FF 5F 92 9D BD B9 | T:2484409 RPD:1
[CH: 50] LEN: 12 | HEX: F5 77 B4 F6 F4 70 FF 7A 92 9C BF F6 | T:2484410 RPD:0
[CH: 50] LEN: 12 | HEX: F1 77 B4 F6 FE 70 FF 7F 92 9E BF FF | T:2484421 RPD:1
[CH: 50] LEN: 12 | HEX: E9 77 D8 FE FE 70 FE FE 92 9E BF FF | T:2484432 RPD:1
[CH: 50] LEN: 12 | HEX: F1 77 F4 FD F5 73 FD F5 25 1C AF FF | T:2484432 RPD:0
[CH: 50] LEN: 12 | HEX: F5 77 BC FD FE 73 FD FB 25 1C BF DF | T:2484444 RPD:1
[CH: 50] LEN: 12 | HEX: F1 77 F6 FD FD 73 FB F7 25 1C AB FB | T:2484444 RPD:0
[CH: 50] LEN: 12 | HEX: F5 77 FC F6 FE 70 FE FE 92 9E AD FF | T:2484455 RPD:1
[CH: 50] LEN: 12 | HEX: F5 77 BA ED ED 73 B5 F6 A5 1C B7 FF | T:2484467 RPD:1
[CH: 50] LEN: 12 | HEX: E9 77 78 F6 F6 70 FF 5E 92 9E BF CA | T:2484467 RPD:0
[CH: 50] LEN: 12 | HEX: E9 77 F4 F5 FD 73 FF FA 25 1C AF FF | T:2484478 RPD:1
[CH: 50] LEN: 12 | HEX: E9 77 B6 FD DD 73 FD FB 25 1C B7 F5 | T:2484478 RPD:0
[CH: 50] LEN: 12 | HEX: F5 77 DC F6 FE 70 FB BF 12 9E BF FF | T:2484490 RPD:1
[CH: 50] LEN: 12 | HEX: F5 77 FE ED FE 73 FB F5 25 1C BF FF | T:2484490 RPD:0
[CH: 50] LEN: 12 | HEX: F9 77 DE F6 F6 70 F7 7D 12 9E BB DF | T:2484501 RPD:1
[CH: 50] LEN: 12 | HEX: FD 77 FD F5 FF 73 EE FF 25 1C AF 7F | T:2484512 RPD:1
[CH: 50] LEN: 12 | HEX: F1 77 DF F4 EA 70 FF 7E 92 9C BB FF | T:2484513 RPD:0
[CH: 50] LEN: 12 | HEX: ED 77 FA EE EE 70 F7 7E 92 9D BF 79 | T:2484524 RPD:1
[CH: 50] LEN: 12 | HEX: F9 77 FA F6 FE 70 FF BE 92 9E BF FD | T:2484524 RPD:0
[CH: 50] LEN: 12 | HEX: F5 77 FA FD EE 77 DF FB 25 1C BB FD | T:2484536 RPD:1
[CH: 50] LEN: 12 | HEX: F1 7F 7E EE F6 70 FE FF 52 9E BD FF | T:2484547 RPD:1
[CH: 50] LEN: 12 | HEX: F9 77 FA FD DD 73 ED FB 25 1C BB F7 | T:2484547 RPD:0
[CH: 50] LEN: 12 | HEX: FD 77 BA FE FE 70 F7 FE 92 9E BF FF | T:2484558 RPD:1
[CH: 50] LEN: 12 | HEX: F5 77 F4 EE F6 70 FB DF 12 9E BF FF | T:2484559 RPD:0
[CH: 50] LEN: 12 | HEX: F9 77 7E FD FD 73 FD FB 25 1C BE BD | T:2484570 RPD:1
[CH: 50] LEN: 12 | HEX: F9 77 BA FA EE 70 EF FA 92 9E AB AB | T:2484570 RPD:0
[CH: 50] LEN: 12 | HEX: F5 77 F4 F5 FD 73 FD F7 25 1C BF 7F | T:2484582 RPD:1
[CH: 50] LEN: 12 | HEX: ED 77 F6 FD F6 73 FA F7 25 1C BF FB | T:2484593 RPD:1
[CH: 50] LEN: 12 | HEX: E9 7F 54 FA EA 70 F7 7D 92 9E AE FF | T:2484593 RPD:0
[CH: 50] LEN: 12 | HEX: F5 77 FA FD FD 73 FE FB 25 1C AD AF | T:2484604 RPD:1
[CH: 50] LEN: 12 | HEX: F5 77 FA FD ED 73 F5 FE A5 1C AF FF | T:2484605 RPD:0
[CH: 50] LEN: 12 | HEX: F9 77 BA F6 F6 70 F6 FA 92 9E AF DF | T:2484616 RPD:1
[CH: 50] LEN: 12 | HEX: F1 77 F6 FD ED 73 DD F5 25 1C AF DF | T:2484627 RPD:1
[CH: 50] LEN: 12 | HEX: F9 77 F6 F6 FE 70 FE FD 12 9E BF FF | T:2484628 RPD:0
[CH: 50] LEN: 12 | HEX: F1 77 BE ED FC 73 EE BD 25 1C AE EF | T:2484639 RPD:1
[CH: 50] LEN: 12 | HEX: F9 77 74 FD EE 73 FD FF 25 1C AF 5F | T:2484639 RPD:0
[CH: 50] LEN: 12 | HEX: F5 77 7E EA FE 70 F7 FE 92 9E AF ED | T:2484650 RPD:1
[CH: 50] LEN: 12 | HEX: F5 77 76 EE FD 70 EE FD 92 9C AF 7F | T:2484662 RPD:1
[CH: 50] LEN: 12 | HEX: F1 77 BA FD FD 73 FA F7 65 1C BF FD | T:2484662 RPD:0
[CH: 50] LEN: 12 | HEX: F9 77 FA FE F6 70 EF 7D 12 9C AB DD | T:2484673 RPD:1
[CH: 50] LEN: 12 | HEX: F9 77 FA FE EE 70 FE BE 92 9C BF 7B | T:2484673 RPD:0
[CH: 50] LEN: 12 | HEX: F9 77 B6 F5 FE 73 AD FB 25 1C BD FD | T:2484685 RPD:1
[CH: 50] LEN: 12 | HEX: E9 77 BC FE FE 70 F6 FE 92 9E BF FA | T:2484685 RPD:0
[CH: 50] LEN: 12 | HEX: E9 77 F4 FB EE 73 BB F7 25 1C A6 FF | T:2484696 RPD:1
[CH: 50] LEN: 12 | HEX: F5 77 5E F6 FE 70 F7 7F 52 9E AB F7 | T:2484708 RPD:1
[CH: 50] LEN: 12 | HEX: F9 77 FC FD DD 73 BF F7 25 1C BB 79 | T:2484708 RPD:0
[CH: 50] LEN: 12 | HEX: F9 77 76 FA F4 70 EE FD 92 9F BF FF | T:2484719 RPD:1
[CH: 50] LEN: 12 | HEX: F1 77 BA F5 FE 73 FD FE A5 1C BF AF | T:2484719 RPD:0
[CH: 50] LEN: 12 | HEX: F9 77 FA FE F6 70 FF 7E 92 9D BD EF | T:2484731 RPD:1
[CH: 50] LEN: 12 | HEX: F1 77 F6 FD D6 73 BF F7 25 1C AF 94 | T:2484742 RPD:1
[CH: 50] LEN: 12 | HEX: F1 77 F4 F6 FE 70 F7 FF 12 9E BD 57 | T:2484742 RPD:0
[CH: 50] LEN: 12 | HEX: F9 77 FA FD F6 73 DF FB 25 1C AD FF | T:2484754 RPD:1
[CH: 50] LEN: 12 | HEX: F9 77 FD FD F6 73 DF FF 25 1C AF FB | T:2484754 RPD:0
[CH: 50] LEN: 12 | HEX: E9 77 BE FA FE 70 FE BF 12 9E BB DE | T:2484765 RPD:1
[CH: 50] LEN: 12 | HEX: F1 77 AA FD F4 73 DF FD 25 1C BB FF | T:2484765 RPD:0
[CH: 50] LEN: 12 | HEX: F1 77 FD FE FE 70 F7 5F 92 9E BF FF | T:2484777 RPD:1
[CH: 50] LEN: 12 | HEX: F9 77 FD FB FE 73 FE BB 25 1C BB FA | T:2484788 RPD:1
[CH: 50] LEN: 12 | HEX: F9 77 F4 FD FE 7B AD FD 25 1C BF FF | T:2484788 RPD:0
[CH: 50] LEN: 12 | HEX: F9 77 FC F5 EE 70 FF 5F 92 9E BF FF | T:2484800 RPD:1
[CH: 50] LEN: 12 | HEX: F1 77 F4 EA F6 70 EE BF 92 9C BF EB | T:2484800 RPD:0
[CH: 50] LEN: 12 | HEX: F1 77 FC FB FD 73 FD 7F 25 1C BF BF | T:2484811 RPD:1
[CH: 50] LEN: 12 | HEX: F1 77 FB F5 FE 70 FF AF 92 9E BF FF | T:2484822 RPD:1
[CH: 50] LEN: 12 | HEX: F1 77 FA FD F6 73 FE BF 25 1C BF EF | T:2484823 RPD:0
[CH: 50] LEN: 12 | HEX: F9 77 B4 FE FE 70 F7 5F 52 9E BF FE | T:2484834 RPD:1
[CH: 50] LEN: 12 | HEX: F9 77 DA FE EA 70 FE BD 12 9C BF DF | T:2484834 RPD:1
[CH: 50] LEN: 12 | HEX: F1 77 FA F5 F4 73 DF FA 25 1E BF FF | T:2484846 RPD:1
[CH: 50] LEN: 12 | HEX: F9 77 FF FD EE 73 D6 FF A5 1C BF F6 | T:2484857 RPD:1
[CH: 50] LEN: 12 | HEX: F9 77 DA F5 F6 73 BA FF 25 1C BF FB | T:2484857 RPD:0
[CH: 50] LEN: 12 | HEX: F9 77 FA EB FC 73 EB EF 25 1C BF FF | T:2484868 RPD:1
[CH: 50] LEN: 12 | HEX: F9 77 FA F7 FC 73 ED 7F 25 1C BF FD | T:2484869 RPD:0
[CH: 50] LEN: 12 | HEX: F9 77 BE FE FE 70 FF AF 92 9E BD EF | T:2484880 RPD:1
[CH: 50] LEN: 12 | HEX: F9 77 DB F5 FC 73 FF 5F 25 1C BF FF | T:2484880 RPD:0
[CH: 50] LEN: 12 | HEX: F9 77 DE FE FA 70 FB BF 92 9E BE FF | T:2484892 RPD:1
[CH: 50] LEN: 12 | HEX: F1 77 B5 F9 DC 73 FA FA 25 1C BA EF | T:2484903 RPD:1
[CH: 50] LEN: 12 | HEX: F1 77 ED EA FD 70 EB FE 52 9E BF FB | T:2484903 RPD:0
[CH: 50] LEN: 12 | HEX: F9 77 AC FD FE 73 AF FD 25 1C BF 6E | T:2484914 RPD:1
[CH: 50] LEN: 12 | HEX: F9 77 FD F5 FD 70 FF BF 92 9E BE FE | T:2484915 RPD:0
[CH: 50] LEN: 12 | HEX: F1 77 F5 FD EE 73 DD 7E 25 1C BF F7 | T:2484926 RPD:1
[CH: 50] LEN: 12 | HEX: F9 77 DA FC FE 70 FA FF D2 9E BF FF | T:2484937 RPD:1
[CH: 50] LEN: 12 | HEX: F1 77 FE FD FC 73 DF FE A5 1C BE EA | T:2484937 RPD:0
[CH: 50] LEN: 12 | HEX: E9 77 7C F5 EA 73 FF 7F 25 1C BD FF | T:2484949 RPD:1
[CH: 50] LEN: 12 | HEX: F9 77 FA FE FE 70 F6 AF D2 9E BB FF | T:2484949 RPD:0
[CH: 50] LEN: 12 | HEX: F9 77 BD F5 F6 73 DF FD A5 1C BF DF | T:2484960 RPD:1
[CH: 50] LEN: 12 | HEX: F1 77 D6 FA F4 70 F5 AF 92 9E BF 7F | T:2484961 RPD:0
[CH: 50] LEN: 12 | HEX: F5 77 D6 F5 EE 73 F7 5F 25 1C BB B7 | T:2484972 RPD:1
[CH: 50] LEN: 12 | HEX: F1 77 AD F6 FE 70 FE FF 92 9E AB FF | T:2484983 RPD:1
[CH: 50] LEN: 12 | HEX: F9 77 FC E9 FE 73 FD 7F 25 1C BF DF | T:2484983 RPD:0
[CH: 50] LEN: 12 | HEX: F1 77 FF F4 FE 70 F5 BF 92 9E B7 BF | T:2484995 RPD:1
[CH: 50] LEN: 12 | HEX: F1 77 BA FD FE 73 BD 7F 25 1E BF FF | T:2484995 RPD:0
[CH: 50] LEN: 12 | HEX: F9 77 DC F4 FE 70 FA D7 92 9F B7 BE | T:2485006 RPD:1
[CH: 50] LEN: 12 | HEX: F9 77 FB F9 F6 73 D5 5E 25 1C BF DF | T:2485018 RPD:1
[CH: 50] LEN: 12 | HEX: F9 77 FE FE FE 70 F5 5F 52 9E BD DF | T:2485018 RPD:0
[CH: 50] LEN: 12 | HEX: F9 77 DD FD F6 73 AF FD 25 1C BF FF | T:2485029 RPD:1
[CH: 50] LEN: 12 | HEX: F1 77 BA F9 EC 73 FF 7F 25 1C AD 7B | T:2485029 RPD:0
[CH: 50] LEN: 12 | HEX: F9 77 FD FE FE 70 FF AF 92 9E AD DE | T:2485041 RPD:1
[CH: 50] LEN: 12 | HEX: F1 77 AD F9 F4 73 D5 7E 25 1C AF EF | T:2485052 RPD:1
[CH: 50] LEN: 12 | HEX: F1 77 FD FA FA 70 F7 BF 92 9E BB EF | T:2485052 RPD:0
[CH: 50] LEN: 12 | HEX: F9 77 DC FE FA 70 FB AF 92 9E AF 7F | T:2485064 RPD:1
[CH: 50] LEN: 12 | HEX: F1 77 BC FE FE 70 EE BF 12 9E BF FF | T:2485064 RPD:0
[CH: 50] LEN: 12 | HEX: F5 77 BD F5 DE 73 DA FF 25 1E BF 7F | T:2485075 RPD:1
[CH: 50] LEN: 12 | HEX: F9 77 ED FE F6 70 FB BF D2 9E AF FF | T:2485075 RPD:0
[CH: 50] LEN: 12 | HEX: FD 77 FE FD FE 73 D7 DE A5 1C BF FF | T:2485087 RPD:1
[CH: 50] LEN: 12 | HEX: F9 77 FD FA FE 70 FB 7F 52 9E BF FF | T:2485098 RPD:1
[CH: 50] LEN: 12 | HEX: F1 77 F9 FD FD 73 FD 7F 25 1C BF FB | T:2485098 RPD:0
[CH: 50] LEN: 12 | HEX: E9 77 5D F6 F5 78 EF 7F 92 9E BB FF | T:2485110 RPD:1
[CH: 50] LEN: 12 | HEX: E9 77 D6 FA FE 70 F7 FF 52 9E BF EF | T:2485110 RPD:0
[CH: 50] LEN: 12 | HEX: F9 77 DE FD F6 73 FD 7F 25 1C BF D5 | T:2485121 RPD:1
[CH: 50] LEN: 12 | HEX: F1 77 F4 D5 DD 7B DD 7E A5 1C BF FF | T:2485132 RPD:1
[CH: 50] LEN: 12 | HEX: F9 77 F4 FE F6 70 FF 5F 92 9E BF FB | T:2485133 RPD:0
[CH: 50] LEN: 12 | HEX: F9 77 FF FB F6 73 D6 FD 25 1C BF BF | T:2485144 RPD:1
[CH: 50] LEN: 12 | HEX: F9 77 BD FD FE 73 FD FD 25 1C AF BD | T:2485144 RPD:0
[CH: 50] LEN: 12 | HEX: F9 77 FD FC FC 70 FF AF 92 9E BF EF | T:2485155 RPD:1
[CH: 50] LEN: 12 | HEX: F9 77 FA F9 FE 73 DF FD 25 1C BB EF | T:2485156 RPD:0
[CH: 50] LEN: 12 | HEX: F9 77 FE FA F6 70 FF 55 52 9C BF FF | T:2485167 RPD:1
[CH: 50] LEN: 12 | HEX: F9 77 FF F5 FE 73 FD 7F 25 1C BF FF | T:2485178 RPD:1
[CH: 50] LEN: 12 | HEX: F9 77 FD FD FE 70 FD D7 92 9E BB F7 | T:2485179 RPD:0
[CH: 50] LEN: 12 | HEX: F1 77 7B F5 FA 73 DE BF 25 1C BF FF | T:2485190 RPD:1
[CH: 50] LEN: 12 | HEX: F1 77 BD FE FE 70 EB BF 92 9D BF FB | T:2485190 RPD:0
[CH: 50] LEN: 12 | HEX: F1 77 DD ED ED 73 DD FE A5 1E BB FD | T:2485201 RPD:1
[CH: 50] LEN: 12 | HEX: F1 77 FD FA FE 70 FF D5 92 9E AF DF | T:2485213 RPD:1
[CH: 50] LEN: 12 | HEX: F9 77 FD FD FE 73 FF 5F 25 1C BE FF | T:2485213 RPD:0
[CH: 50] LEN: 12 | HEX: F9 77 A9 FB FE 70 FE BF 12 9E BF FF | T:2485224 RPD:1
[CH: 50] LEN: 12 | HEX: F9 77 FD EE FE 70 FB 5F 12 9C BF FD | T:2485225 RPD:0
[CH: 50] LEN: 12 | HEX: F1 77 F4 FB F6 73 DD FE A5 1C BF F7 | T:2485236 RPD:1
[CH: 50] LEN: 12 | HEX: F1 77 6A FE FA 70 EF 5F 12 9E BF D7 | T:2485247 RPD:1
[CH: 50] LEN: 12 | HEX: F9 77 FD FD EE 73 F7 BF 25 1C BF 7F | T:2485247 RPD:0
[CH: 50] LEN: 12 | HEX: F9 77 FD F6 FD 70 FF 5F 92 9E BF FF | T:2485259 RPD:1
[CH: 50] LEN: 12 | HEX: F9 77 FE FD FE 73 FF 5F 25 1C BF BF | T:2485259 RPD:0
[CH: 50] LEN: 12 | HEX: F1 77 FB F5 FE 70 FF 7F 12 9C BF 5B | T:2485270 RPD:1
[CH: 50] LEN: 12 | HEX: F1 77 D6 F9 D6 73 AF 7E 25 1C AF 7D | T:2485271 RPD:0
[CH: 50] LEN: 12 | HEX: E9 77 BC EE FE 70 EB FF 92 9C BF 7E | T:2485282 RPD:1
[CH: 50] LEN: 12 | HEX: F1 77 FD FD EA 73 D6 BF 25 1C AF FD | T:2485293 RPD:1
[CH: 50] LEN: 12 | HEX: F9 77 EE FE FD 70 EB FF 12 9E BF FA | T:2485293 RPD:0
[CH: 50] LEN: 12 | HEX: F9 77 AE FD FE 73 FE BF 25 1E BF FF | T:2485305 RPD:1
[CH: 50] LEN: 12 | HEX: F1 77 FD FD EE 7B AF FD A5 1C BF FF | T:2485305 RPD:1
[CH: 50] LEN: 12 | HEX: F1 77 AB FE FE 70 FF DF 92 9E AD FD | T:2485316 RPD:1
[CH: 50] LEN: 12 | HEX: F1 77 DD F9 FE 73 D5 7F 25 1C BF BF | T:2485328 RPD:1
[CH: 50] LEN: 12 | HEX: F9 7F FE FE F6 78 F7 FF 12 9E BF FF | T:2485328 RPD:0
[CH: 50] LEN: 12 | HEX: F1 77 BC EE FE 70 F7 BF 92 9E AF EF | T:2485339 RPD:1
[CH: 50] LEN: 12 | HEX: F9 77 AD F4 F5 70 EF 5F 12 9E BF DD | T:2485339 RPD:0
[CH: 50] LEN: 12 | HEX: F1 77 B5 EB F7 73 FF 7F 25 1E BF DF | T:2485351 RPD:1
[CH: 50] LEN: 12 | HEX: F1 77 FA FE EE 70 F7 FE 92 9C AF 7F | T:2485351 RPD:0
[CH: 50] LEN: 12 | HEX: F9 77 FC FB FE 73 FD 7E 25 1C BB FE | T:2485362 RPD:1
[CH: 50] LEN: 12 | HEX: F9 77 FE FF FA 70 FF AB 92 9E BF FF | T:2485374 RPD:1
[CH: 50] LEN: 12 | HEX: F9 77 DD FD FE 73 FF 5F 25 1E BE DF | T:2485374 RPD:1
[CH: 50] LEN: 12 | HEX: F1 77 DC EE FE 70 FF 5F 12 9E BF BF | T:2485385 RPD:1
[CH: 50] LEN: 12 | HEX: F9 77 FB F9 FE 73 DD 7F 25 1C BF FF | T:2485385 RPD:0
[CH: 50] LEN: 12 | HEX: F1 77 FD FE F6 70 F7 FF 92 9E BF 7B | T:2485397 RPD:1
[CH: 50] LEN: 12 | HEX: F9 77 FD F9 FE 73 DE FF 25 1C BD FB | T:2485408 RPD:1
[CH: 50] LEN: 12 | HEX: F9 77 FF FD FA 73 F7 DF 25 1C BF DF | T:2485408 RPD:0
[CH: 50] LEN: 12 | HEX: F1 77 FF F5 FE 73 FE BF 25 1E BF DF | T:2485419 RPD:1
[CH: 50] LEN: 12 | HEX: F1 77 EC FD FE F3 D7 FD 25 1C BF 7E | T:2485420 RPD:0
[CH: 50] LEN: 12 | HEX: F1 77 FA FA FE 70 F7 EA D2 9C BF FF | T:2485431 RPD:1
[CH: 50] LEN: 12 | HEX: F1 77 DF F5 FE 73 DD 7F 25 1C BF 5F | T:2485442 RPD:1
[CH: 50] LEN: 12 | HEX: F1 77 FE F6 FE 70 FD AF 92 9E BF BE | T:2485443 RPD:0
[CH: 50] LEN: 12 | HEX: F9 77 FF FB F6 73 EE BF 25 1C B6 F7 | T:2485454 RPD:1
[CH: 50] LEN: 12 | HEX: F1 77 AF FE AE 70 EB FF 92 9E BB 7B | T:2485454 RPD:0
[CH: 50] LEN: 12 | HEX: F9 77 BB ED D6 73 DA FD 25 1C BF FD | T:2485465 RPD:1
[CH: 50] LEN: 12 | HEX: F9 77 BE FE FF 70 FF BF 92 9E BB FF | T:2485466 RPD:0
[CH: 50] LEN: 12 | HEX: F1 77 FC FD FE 73 FF 7F 25 1C BA DF | T:2485477 RPD:1
[CH: 50] LEN: 12 | HEX: F1 77 FC FA F6 70 FF EB 92 9E AF EE | T:2485488 RPD:1
[CH: 50] LEN: 12 | HEX: F9 77 FD FB FE 73 EE BF A5 1E BF FF | T:2485489 RPD:0
[CH: 50] LEN: 12 | HEX: F1 77 BE FE FE 70 FF 5F 92 9E AF EF | T:2485500 RPD:1
[CH: 50] LEN: 12 | HEX: F1 77 FE FE FE 70 FF BF 92 9E BF FF | T:2485500 RPD:0
[CH: 50] LEN: 12 | HEX: F9 77 FE FD F7 73 FF 3F 25 1C AF 7F | T:2485511 RPD:1
[CH: 50] LEN: 12 | HEX: F1 77 FD F4 F5 70 F7 5F 92 9E BE FF | T:2485523 RPD:1
[CH: 50] LEN: 12 | HEX: F1 77 FD F9 F6 73 FF 5F 25 1C BB FF | T:2485523 RPD:0
[CH: 50] LEN: 12 | HEX: F9 77 FD FD FF 73 FD 7F 25 1C BB AB | T:2485534 RPD:1
[CH: 50] LEN: 12 | HEX: F9 77 FF F5 FE 73 FB 5F 25 1C BF FF | T:2485535 RPD:0
[CH: 50] LEN: 12 | HEX: F9 77 FD FE F4 70 FF D7 D2 9E BF AF | T:2485546 RPD:1
[CH: 50] LEN: 12 | HEX: F9 77 DD FD FE 73 D6 FF 25 1C BF FE | T:2485546 RPD:0
[CH: 50] LEN: 12 | HEX: F9 77 FE FE FE 70 FF D7 92 9E BB FD | T:2485557 RPD:1
[CH: 50] LEN: 12 | HEX: F1 77 FE FD FE 73 FE BF 25 1C B7 EF | T:2485569 RPD:1
[CH: 50] LEN: 12 | HEX: F9 77 FD FD FE 70 FF EB 92 9E BB FF | T:2485569 RPD:0
[CH: 50] LEN: 12 | HEX: F9 77 DD FD F6 73 FE BE 25 1C BF F7 | T:2485580 RPD:1
[CH: 50] LEN: 12 | HEX: F9 77 DC FD D6 73 FD 7E 25 1E BF FF | T:2485581 RPD:0
[CH: 50] LEN: 12 | HEX: F1 7F FA FE F4 70 FF BF 12 9E BF FF | T:2485592 RPD:1
[CH: 50] LEN: 12 | HEX: ED 77 AE FE EE 70 EF AF 92 9C BE FF | T:2485603 RPD:1
[CH: 50] LEN: 12 | HEX: F9 77 BD F9 F6 73 DD 7F 25 1C BF EB | T:2485603 RPD:0
[CH: 50] LEN: 12 | HEX: F9 77 FD F6 F6 70 FF AF 92 9C BF DF | T:2485615 RPD:1
[CH: 50] LEN: 12 | HEX: F1 77 FB F6 FE 70 FF 5F 92 9E BF B6 | T:2485615 RPD:0
[CH: 50] LEN: 12 | HEX: F9 77 7E FD FE 73 D7 FD 25 1C BD FB | T:2485626 RPD:1
[CH: 50] LEN: 12 | HEX: F9 77 BD FE F6 70 FF 5F 92 9E BD FF | T:2485638 RPD:1
[CH: 50] LEN: 12 | HEX: F5 77 FD F5 DD 73 DF FD A5 1C AF FD | T:2485638 RPD:0
[CH: 50] LEN: 12 | HEX: F1 77 BD EE FE 70 FF AF 92 9E BF FF | T:2485649 RPD:1
[CH: 50] LEN: 12 | HEX: F9 77 AE F6 FA 70 F6 FE 92 9E BF BE | T:2485649 RPD:0
[CH: 50] LEN: 12 | HEX: F1 77 FC F5 FE 73 FE FD 25 1C BB BF | T:2485661 RPD:1
[CH: 50] LEN: 12 | HEX: E9 77 7A ED FC 73 FD 7D 25 1C BD FF | T:2485661 RPD:0
[CH: 50] LEN: 12 | HEX: F1 77 AC FE FA 70 FA EF 92 9E BE FF | T:2485672 RPD:1
[CH: 50] LEN: 12 | HEX: F9 77 DE FD FE 73 FD 7F 25 1C BF FF | T:2485683 RPD:1
[CH: 50] LEN: 12 | HEX: F1 77 BA FE F4 70 FF BE 92 9E AF FE | T:2485684 RPD:0
[CH: 50] LEN: 12 | HEX: E9 77 74 F5 EE 73 DA FF 25 1C AF FE | T:2485695 RPD:1
[CH: 50] LEN: 12 | HEX: F1 77 FA FF FE 73 DE BF 25 1C BD AB | T:2485695 RPD:0
[CH: 50] LEN: 12 | HEX: F1 77 FA F6 FE 70 EF 7E 92 9C BF FF | T:2485707 RPD:1
[CH: 50] LEN: 12 | HEX: F5 77 7A FD FE 73 BF F5 25 1C BD F7 | T:2485718 RPD:1
[CH: 50] LEN: 12 | HEX: F9 77 DE FD DE 73 DD 7D 25 1C AF FF | T:2485718 RPD:0
[CH: 50] LEN: 12 | HEX: F1 77 7C F9 FE 73 FE FB 25 1C BF 7F | T:2485729 RPD:1
[CH: 50] LEN: 12 | HEX: F9 77 DA FE FE 70 F7 5E 92 9E BF FF | T:2485730 RPD:0
[CH: 50] LEN: 12 | HEX: F9 77 DC FD FE 73 FD FF 25 1C BF 7F | T:2485741 RPD:1
[CH: 50] LEN: 12 | HEX: F1 77 F6 FA FE 78 FF DF 92 9E BF E8 | T:2485741 RPD:0
[CH: 50] LEN: 12 | HEX: F9 77 FA FD FE 73 DF FE A5 1C BF DD | T:2485753 RPD:1
[CH: 50] LEN: 12 | HEX: F9 77 76 FE F6 70 FE FD 92 9E AF BF | T:2485764 RPD:1
[CH: 50] LEN: 12 | HEX: F1 77 FA F7 FF 73 DD FA 25 1C BF 7F | T:2485764 RPD:0
[CH: 50] LEN: 12 | HEX: F5 77 FA F6 FE 70 F7 BF 92 9C BF 7F | T:2485775 RPD:0
[CH: 50] LEN: 12 | HEX: F9 77 BA FE F6 70 FF 7F 52 9E BF FF | T:2485784 RPD:1
[CH: 50] LEN: 12 | HEX: F1 77 DD FD FE 73 DB F5 25 1C BF DF | T:2485787 RPD:1
[CH: 50] LEN: 12 | HEX: F1 77 74 F6 FC 70 FF 5F 52 9E BF 5F | T:2485798 RPD:1
[CH: 50] LEN: 12 | HEX: F9 77 DC F5 FE 73 FA FD 25 1C BF FB | T:2485798 RPD:0
[CH: 50] LEN: 12 | HEX: F1 77 76 FA FE 70 EE BF 12 9C BF 7F | T:2485809 RPD:1
[CH: 50] LEN: 12 | HEX: F5 77 FD FD FE 73 DD 7D 25 1C BF DF | T:2485810 RPD:1
[CH: 50] LEN: 12 | HEX: F1 77 F5 FE FE 70 FB 7F 92 9E BF FF | T:2485821 RPD:1
[CH: 50] LEN: 12 | HEX: F1 77 BD E9 EE 73 DD 7F 25 1C BF FB | T:2485832 RPD:1
[CH: 50] LEN: 12 | HEX: F9 77 5A FD DA 73 AF FB 25 1C BB FF | T:2485833 RPD:0
[CH: 50] LEN: 12 | HEX: F9 77 FD FE FE 70 FE AF 92 9E BF FF | T:2485844 RPD:1
[CH: 50] LEN: 12 | HEX: F9 77 BA FB FD 73 EF FD 25 1C BF 7B | T:2485844 RPD:0
[CH: 50] LEN: 12 | HEX: F9 77 FD FE FE 70 FF AF 92 9E B7 FF | T:2485855 RPD:1
[CH: 50] LEN: 12 | HEX: F9 77 BE FD FE 73 FD 7F 25 1C BF FF | T:2485856 RPD:0
[CH: 50] LEN: 12 | HEX: F1 77 5F F4 F6 70 F7 7F 12 9E BF 6F | T:2485867 RPD:1
[CH: 50] LEN: 12 | HEX: F9 77 BF ED EE 73 FD FF 25 1C BF FF | T:2485878 RPD:1
[CH: 50] LEN: 12 | HEX: F1 77 D6 FC FE 70 F7 5F 92 9E BE FF | T:2485879 RPD:0
[CH: 50] LEN: 12 | HEX: F9 77 FE FD F6 73 DD 7D 25 1C BF DB | T:2485890 RPD:1
[CH: 50] LEN: 12 | HEX: F9 77 DC FE FE 70 F7 5F 92 9E BF F7 | T:2485890 RPD:1
[CH: 50] LEN: 12 | HEX: F9 77 FD EB DE 73 FD 7F 25 1C BF 7F | T:2485901 RPD:1
[CH: 50] LEN: 12 | HEX: F9 77 FF FE FA 70 FF AF 92 9E AE BF | T:2485913 RPD:1
[CH: 50] LEN: 12 | HEX: F9 77 BE FD F4 73 FD 7D 25 1C BD FF | T:2485916 RPD:1
[CH: 50] LEN: 12 | HEX: F1 77 FA FA FC 70 EB FE 92 9E AF FD | T:2485927 RPD:1
[CH: 50] LEN: 12 | HEX: F1 77 DD FD FE 73 DF 5F 25 1C AF FF | T:2485927 RPD:1
[CH: 50] LEN: 12 | HEX: F1 77 FB F5 F6 70 F5 AF 92 9C AF 7F | T:2485942 RPD:1
[CH: 50] LEN: 12 | HEX: F1 77 DA F5 FE 73 FB 7A 25 1C B7 FA | T:2485944 RPD:1
[CH: 50] LEN: 12 | HEX: F9 77 ED FE FA 70 FF FF 52 9E BE FD | T:2485948 RPD:1
[CH: 50] LEN: 12 | HEX: F1 77 FD FD EE 73 DD 7D A5 1C BB 7F | T:2485959 RPD:1
[CH: 50] LEN: 12 | HEX: F9 77 FD FA FE 70 F7 7F 92 9C AF FF | T:2485959 RPD:0
[CH: 50] LEN: 12 | HEX: F1 77 FF FD D6 73 FF 7F 25 1E BF FF | T:2485970 RPD:1
[CH: 50] LEN: 12 | HEX: F1 77 FD FA F6 70 FF FF 92 9E BF 5B | T:2485982 RPD:1
[CH: 50] LEN: 12 | HEX: F9 77 DD FD FE 73 FD FF 25 1C BB B7 | T:2485982 RPD:0
[CH: 50] LEN: 12 | HEX: F1 7F BC F5 FA 70 F7 AF 92 9E B7 FF | T:2485993 RPD:0
[CH: 50] LEN: 12 | HEX: F1 77 BB ED FE 73 DE BF 25 1C AF FF | T:2485997 RPD:1
[CH: 50] LEN: 12 | HEX: F1 77 BD F6 FE 70 FF 5F 92 9E BF 77 | T:2486009 RPD:1
[CH: 50] LEN: 12 | HEX: F1 77 DD FC F6 70 FF DF 92 9E AF BF | T:2486023 RPD:1
[CH: 50] LEN: 12 | HEX: F9 77 DE F5 FE 73 FF 5F 25 1C AF DF | T:2486043 RPD:1
[CH: 50] LEN: 12 | HEX: F9 77 DC F4 FA 70 FF DF 92 9E BF FF | T:2486046 RPD:1
[CH: 50] LEN: 12 | HEX: F9 77 FF FD EE 73 FD 7F 25 1C AB AF | T:2486049 RPD:1
[CH: 50] LEN: 12 | HEX: F9 77 FD FE FE 70 FF AF 92 9E BF FF | T:2486061 RPD:1
[CH: 50] LEN: 12 | HEX: F9 7F B4 F5 DE 73 AF FA 25 1C BF AA | T:2486061 RPD:1
[CH: 50] LEN: 12 | HEX: F1 77 FA F6 FE 70 FF 5F 12 9E BE FB | T:2486075 RPD:1
[CH: 50] LEN: 12 | HEX: F9 77 FA FB FE 73 EF BE A5 1C BF F7 | T:2486078 RPD:1
[CH: 50] LEN: 12 | HEX: F1 77 B5 EE F6 70 FE BF 92 9E B7 BB | T:2486090 RPD:1
[CH: 50] LEN: 12 | HEX: F1 77 BA FD F4 73 FE BF 25 1C BF FD | T:2486090 RPD:0
[CH: 50] LEN: 12 | HEX: F9 77 FE FE FA 70 EB DF 92 9E AF EE | T:2486101 RPD:1
[CH: 50] LEN: 12 | HEX: F9 77 DB F9 F6 73 EF DF A5 1E BF EF | T:2486101 RPD:0
[CH: 50] LEN: 12 | HEX: F9 77 BD FE FE 70 FF 5F 92 9E BF F5 | T:2486113 RPD:1
[CH: 50] LEN: 12 | HEX: F9 77 FA FB FE 73 FD 7F 25 1C AB FF | T:2486124 RPD:1
[CH: 50] LEN: 12 | HEX: F1 77 BC FE FE 70 FB BF 12 9E BE FF | T:2486124 RPD:0
[CH: 50] LEN: 12 | HEX: F1 77 BE F9 FE 73 FE 7F 25 1C AA FF | T:2486136 RPD:1
[CH: 50] LEN: 12 | HEX: F1 77 DD FD FA 73 FD 7F 25 1C B5 BF | T:2486136 RPD:0
[CH: 50] LEN: 12 | HEX: F9 77 FE FE F4 70 FF EF 92 9E BF FF | T:2486147 RPD:1
[CH: 50] LEN: 12 | HEX: F9 77 FD FD FE 73 FF 5F 25 1C BF FB | T:2486147 RPD:0
[CH: 50] LEN: 12 | HEX: F1 77 FF FA FE 70 FB 57 92 9E AF FF | T:2486159 RPD:1
[CH: 50] LEN: 12 | HEX: F9 77 FE F5 EE 73 FD 7F 25 1C BF EB | T:2486170 RPD:1
[CH: 50] LEN: 12 | HEX: F9 77 F4 FE FE 70 F7 5F 92 9E BF DF | T:2486170 RPD:0
[CH: 50] LEN: 12 | HEX: F1 77 BA FE FD 70 F7 DF 12 9E BF DA | T:2486182 RPD:1
[CH: 50] LEN: 12 | HEX: F9 77 FE FD F6 70 FE BF 92 9E AF F5 | T:2486182 RPD:0
[CH: 50] LEN: 12 | HEX: F9 77 AE FB EE 73 FE BF 25 1C BF BF | T:2486193 RPD:1
[CH: 50] LEN: 12 | HEX: F9 77 BC EE FF 70 FF 5F 92 9C BD FF | T:2486204 RPD:1
[CH: 50] LEN: 12 | HEX: F1 77 75 F9 FE 73 D7 FF 25 1C A7 FF | T:2486205 RPD:0
[CH: 50] LEN: 12 | HEX: F1 77 F5 FA F6 70 F7 7F 92 9E BF FD | T:2486216 RPD:1
[CH: 50] LEN: 12 | HEX: F1 77 BD FF EE 70 FE BF 92 9C BF FF | T:2486216 RPD:0
[CH: 50] LEN: 12 | HEX: F1 77 D6 FD FE 73 FE BF 25 1E BE F7 | T:2486228 RPD:1
[CH: 50] LEN: 12 | HEX: F1 77 DE FE FE 70 FF AF 92 9E BE FF | T:2486228 RPD:0
[CH: 50] LEN: 12 | HEX: F1 77 BC F3 FC 73 FD 5F 25 1C BB FE | T:2486239 RPD:1
[CH: 50] LEN: 12 | HEX: F9 77 FF FB D4 73 DE BF 25 1C BB 7F | T:2486250 RPD:1
[CH: 50] LEN: 12 | HEX: F9 77 EE F6 FE 70 FB 5F 92 9E BF FD | T:2486251 RPD:0
[CH: 50] LEN: 12 | HEX: F1 77 EC FD EE 73 FE BF 25 1C BB FE | T:2486262 RPD:1
[CH: 50] LEN: 12 | HEX: F1 77 BA F5 FE 73 FA FF 25 1C AB 5C | T:2486262 RPD:0
[CH: 50] LEN: 12 | HEX: F1 77 BA F6 FE 70 F7 7F 12 9E AD FF | T:2486274 RPD:1
[CH: 50] LEN: 12 | HEX: F1 77 FD F9 EE 73 FD 7F 25 1E BF DE | T:2486285 RPD:1
[CH: 50] LEN: 12 | HEX: F1 77 EE FE FE 70 EB AF 92 9E BF DF | T:2486285 RPD:1
[CH: 50] LEN: 12 | HEX: F1 77 BC FD FE 73 FD 7E 25 1C BE FD | T:2486296 RPD:1
[CH: 50] LEN: 12 | HEX: F5 77 EC FE EE 70 FF 7F 12 9E AD F9 | T:2486297 RPD:0
[CH: 50] LEN: 12 | HEX: F9 77 DD FD F6 73 DD 7F 25 1C BE FB | T:2486308 RPD:1
[CH: 50] LEN: 12 | HEX: E9 77 BC FE FC 70 FF 5F 92 9E BE BF | T:2486319 RPD:1
[CH: 50] LEN: 12 | HEX: F1 77 FD F3 EC 73 FD 7F 25 1C BD DA | T:2486320 RPD:0
[CH: 50] LEN: 12 | HEX: F9 77 FA FA FE 70 FE BF 92 9C BF DF | T:2486331 RPD:1
[CH: 50] LEN: 12 | HEX: F9 77 AD EA FE 70 FB AF 92 9E BB FF | T:2486331 RPD:0
[CH: 50] LEN: 12 | HEX: F1 77 BC FD F4 73 DA F5 25 1C BF FB | T:2486342 RPD:1
[CH: 50] LEN: 12 | HEX: F1 77 FF EE FE 70 FA DF 92 9E BF FD | T:2486343 RPD:0
[CH: 50] LEN: 12 | HEX: F1 77 FA FD EE 73 DF 5F 25 1C B5 FE | T:2486354 RPD:1
[CH: 50] LEN: 12 | HEX: F1 77 FD F6 F5 70 FE BF 92 9E BE D5 | T:2486365 RPD:1
[CH: 50] LEN: 12 | HEX: F1 77 7B FD DD 73 FD FA 25 1C BF FF | T:2486365 RPD:0
[CH: 50] LEN: 12 | HEX: F9 77 FE FE FE 70 FF AF D2 9E AF EF | T:2486377 RPD:1
[CH: 50] LEN: 12 | HEX: F9 77 AE FD EC 73 FD 7E A5 1E BF FB | T:2486377 RPD:0
[CH: 50] LEN: 12 | HEX: F9 77 F9 FE EE 70 FE BF 12 9C BF DF | T:2486388 RPD:1
[CH: 50] LEN: 12 | HEX: F9 77 DC FD FC 73 D5 5F 25 1C BE EF | T:2486400 RPD:1
[CH: 50] LEN: 12 | HEX: F9 77 FE FE F6 70 F7 AF 92 9E BE BF | T:2486400 RPD:0
[CH: 50] LEN: 12 | HEX: F9 77 BA FD EE 73 FD 7D 25 1C B7 FD | T:2486411 RPD:1
[CH: 50] LEN: 12 | HEX: F1 77 FA FD D6 73 DF 7E 25 1C B7 FF | T:2486411 RPD:0
[CH: 50] LEN: 12 | HEX: F1 77 DC FA FE 70 F7 FF 52 9E BC FF | T:2486423 RPD:1
[CH: 50] LEN: 12 | HEX: F1 77 74 E9 FE 7B FE FD 25 1C BF FB | T:2486423 RPD:1
[CH: 50] LEN: 12 | HEX: F1 77 FD FE FC 70 F6 BF 12 9E BF BA | T:2486434 RPD:1
[CH: 50] LEN: 12 | HEX: F9 77 DE FE FE 70 FF BF 92 9C BF BA | T:2486446 RPD:1
[CH: 50] LEN: 12 | HEX: F9 77 FD FD FC 73 FD 7D 25 1C AF FE | T:2486446 RPD:0
[CH: 50] LEN: 12 | HEX: F5 77 FE FE FE 70 F7 AF 92 9E BF FF | T:2486457 RPD:1
[CH: 50] LEN: 12 | HEX: F9 77 BA FE FC 70 FF AF 92 9E AF F7 | T:2486457 RPD:0
[CH: 50] LEN: 12 | HEX: F9 77 FD FD FE 73 FA BF 25 1C AE ED | T:2486469 RPD:1
[CH: 50] LEN: 12 | HEX: F1 77 AE FE F6 70 F5 FF 52 9C BF ED | T:2486480 RPD:1
[CH: 50] LEN: 12 | HEX: F9 77 FD FD DC 73 FD FE 25 1C BF BD | T:2486480 RPD:0
[CH: 50] LEN: 12 | HEX: F9 77 F5 F6 F6 70 FF 5F 92 9E B7 FF | T:2486492 RPD:1
[CH: 50] LEN: 12 | HEX: F1 77 BA FE FE 70 FF 5F 92 9E BF F7 | T:2486492 RPD:0
[CH: 50] LEN: 12 | HEX: F1 77 FD FD EC 73 FD 7F 25 1C BF ED | T:2486503 RPD:1
[CH: 50] LEN: 12 | HEX: F9 77 DD FD FE 73 FE FF 25 1C BF FE | T:2486514 RPD:1
[CH: 50] LEN: 12 | HEX: F1 77 FE F4 F6 70 F7 5F 92 9E BF FE | T:2486515 RPD:0
[CH: 50] LEN: 12 | HEX: F1 77 BD FB FE 73 DB 5F 25 1C AF FF | T:2486526 RPD:1
[CH: 50] LEN: 12 | HEX: F1 77 BA F3 FE 73 ED FD 25 1E BF FF | T:2486526 RPD:0
[CH: 50] LEN: 12 | HEX: F9 77 7C FE FE 70 FF 5F 52 9C BF EB | T:2486538 RPD:1
[CH: 50] LEN: 12 | HEX: F1 77 FB E9 DC 73 AF FA 25 1A BE FF | T:2486538 RPD:0
[CH: 50] LEN: 12 | HEX: F9 77 FD FA F7 70 FF 5F 92 9E BB 5B | T:2486549 RPD:1
[CH: 50] LEN: 12 | HEX: F1 77 FD FD EA 73 FF FD 25 1C BD 7B | T:2486560 RPD:1
[CH: 50] LEN: 12 | HEX: F9 77 FA FE FE F0 F7 FE 92 9E BD FF | T:2486561 RPD:0
[CH: 50] LEN: 12 | HEX: F1 77 7A FB FC 73 DD 7E 25 1C B7 FB | T:2486572 RPD:1
[CH: 50] LEN: 12 | HEX: F1 77 AE FE FC 70 FF D7 92 9C BF 77 | T:2486572 RPD:0
[CH: 50] LEN: 12 | HEX: F5 77 DD F5 EC 73 DF FD 25 1C BF FB | T:2486583 RPD:1
[CH: 50] LEN: 12 | HEX: F9 77 DC F6 FC 70 FF D7 D2 9C BF 7F | T:2486595 RPD:1
[CH: 50] LEN: 12 | HEX: F1 77 FB FD FE 73 DF FD 25 1C BD FE | T:2486595 RPD:0
[CH: 50] LEN: 12 | HEX: F9 77 DE F4 FA 70 F7 5F 92 9E AF F7 | T:2486606 RPD:1
[CH: 50] LEN: 12 | HEX: F1 77 AD FA FC 70 FB FF D2 9C BD FA | T:2486607 RPD:0
[CH: 50] LEN: 12 | HEX: F9 77 FA FD FE 73 FD FA A5 1C BB 6F | T:2486618 RPD:1
[CH: 50] LEN: 12 | HEX: F1 77 EE FE F4 70 FF 5F 92 9C BF FF | T:2486618 RPD:0
[CH: 50] LEN: 12 | HEX: F9 77 FA F9 EE 73 FD 5F 25 1C AF 5F | T:2486629 RPD:1
[CH: 50] LEN: 12 | HEX: F9 77 DE FE FE 70 F5 FF D2 9E BF ED | T:2486641 RPD:1
[CH: 50] LEN: 12 | HEX: F1 77 B5 FD EC 73 FA FE A5 1C BD C6 | T:2486641 RPD:0
[CH: 50] LEN: 12 | HEX: F9 77 FF FD F5 73 D7 FF 25 1C AE 7F | T:2486652 RPD:1
[CH: 50] LEN: 12 | HEX: F1 77 5E F5 FF 73 AD FB 25 1C AB EF | T:2486653 RPD:0
[CH: 50] LEN: 12 | HEX: F9 77 FD FE FE 70 EB FF 52 9E B6 5F | T:2486664 RPD:1
[CH: 50] LEN: 12 | HEX: F9 77 FA F9 F5 73 AD FE A5 1C B7 FF | T:2486675 RPD:1
[CH: 50] LEN: 12 | HEX: F9 77 F9 EE F5 70 FA BF 12 9C BF 7F | T:2486675 RPD:0
[CH: 50] LEN: 12 | HEX: F1 77 F4 FD FE 73 EE FD 25 1C BD D7 | T:2486687 RPD:1
[CH: 50] LEN: 12 | HEX: F1 77 FD FD FF 73 FE FF 25 1C BF FD | T:2486687 RPD:0
[CH: 50] LEN: 12 | HEX: F9 77 D4 FA F6 70 FB FF 52 9E BF 7E | T:2486698 RPD:1
[CH: 50] LEN: 12 | HEX: F9 77 BA F9 EE 73 AF 7E A5 1C BF FD | T:2486710 RPD:1
[CH: 50] LEN: 12 | HEX: F9 77 FE FB EA 73 FE BF 25 1C BE ED | T:2486710 RPD:0
[CH: 50] LEN: 12 | HEX: F5 77 BE FA FE 70 FF D5 92 9E BF FE | T:2486721 RPD:1
[CH: 50] LEN: 12 | HEX: F1 77 AE FA F6 70 FB FF D2 9E AF FD | T:2486721 RPD:0
[CH: 50] LEN: 12 | HEX: F1 77 DC FD EA 73 EE FD 25 1C BF FA | T:2486733 RPD:1
[CH: 50] LEN: 12 | HEX: F9 7F DA FE FA 70 FF AF 92 9E BF DF | T:2486733 RPD:0
[CH: 50] LEN: 12 | HEX: F9 77 FD F9 FE 73 FF AF 25 1C BB 7F | T:2486744 RPD:1
[CH: 50] LEN: 12 | HEX: F1 77 B4 FE F6 70 FF 5F 92 9C BE BF | T:2486756 RPD:1
[CH: 50] LEN: 12 | HEX: F9 77 FC FD F6 73 FD 7F 25 1C BF AE | T:2486756 RPD:0
[CH: 50] LEN: 12 | HEX: F5 77 FA F6 F6 70 F7 D7 92 9E B4 FF | T:2486767 RPD:1
[CH: 50] LEN: 12 | HEX: F5 77 FA F9 FE 73 FE FD 25 1C BE EF | T:2486767 RPD:0
[CH: 50] LEN: 12 | HEX: F1 77 BA FE FE 74 F7 FE 92 9E BF FF | T:2486779 RPD:1
[CH: 50] LEN: 12 | HEX: F1 77 BD FB FD 73 D5 5E 25 1C B7 7E | T:2486790 RPD:1
[CH: 50] LEN: 12 | HEX: F1 77 FA FE FD 70 F5 AF 92 9E BF FF | T:2486790 RPD:0
[CH: 50] LEN: 12 | HEX: F1 7F BB F5 EE 73 FA FF 25 1C B7 FF | T:2486802 RPD:1
[CH: 50] LEN: 12 | HEX: F9 77 BD FD D4 73 B5 FE 25 1E BF FF | T:2486802 RPD:0
[CH: 50] LEN: 12 | HEX: F9 77 FD FA FE 70 FF 5F 92 9E BE FF | T:2486813 RPD:1
[CH: 50] LEN: 12 | HEX: F9 77 F5 F5 EE 73 FE BF 25 1C AF DF | T:2486813 RPD:0
[CH: 50] LEN: 12 | HEX: F9 77 FF FA FE 70 FF 5F 52 9E BE BF | T:2486825 RPD:1
[CH: 50] LEN: 12 | HEX: F1 77 BB F9 EF 73 FA FD 25 1C AB FE | T:2486836 RPD:1
[CH: 50] LEN: 12 | HEX: F9 77 AF F6 FE 70 FD 5F 52 9E BF 7F | T:2486836 RPD:0
[CH: 50] LEN: 12 | HEX: F1 77 DE FD EE 7B BF FA A5 1C BD 7F | T:2486847 RPD:1
[CH: 50] LEN: 12 | HEX: F1 77 74 F5 F6 70 F7 BF 92 9E B7 BF | T:2486848 RPD:0
[CH: 50] LEN: 12 | HEX: F9 77 FD FD EE 73 FF 7F 25 1C BF BF | T:2486859 RPD:1
[CH: 50] LEN: 12 | HEX: F1 77 FA FA F5 70 F7 5F 92 9E BB FD | T:2486870 RPD:1
[CH: 50] LEN: 12 | HEX: F1 77 BC FD FC 73 FD 7D A5 1C AF FF | T:2486871 RPD:0
[CH: 50] LEN: 12 | HEX: F9 77 AE FA FD 70 FE BF 52 9E BF 7F | T:2486882 RPD:1
[CH: 50] LEN: 12 | HEX: F9 77 FA FA FE 70 FB 5F 92 9E BF BF | T:2486882 RPD:0
[CH: 50] LEN: 12 | HEX: F9 77 FD F9 EE 73 D7 BE A5 1C AE D7 | T:2486893 RPD:1
[CH: 50] LEN: 12 | HEX: F1 77 D5 F6 FA 70 FF 5F 92 9E BF FF | T:2486905 RPD:1
[CH: 50] LEN: 12 | HEX: F9 77 FF FD F4 73 FF 5F 25 1C BA BF | T:2486905 RPD:0
[CH: 50] LEN: 12 | HEX: F9 77 FD FA FE 70 FF D7 92 9C BB FF | T:2486916 RPD:1
[CH: 50] LEN: 12 | HEX: F9 77 FD FD F4 73 AF FE A5 1C BF FF | T:2486917 RPD:0
[CH: 50] LEN: 12 | HEX: F1 77 FD FD FE 70 FF AF 92 9E BF AD | T:2486928 RPD:1
[CH: 50] LEN: 12 | HEX: F1 77 FA F5 FA 73 DE FD 25 1C BF DA | T:2486928 RPD:0
[CH: 50] LEN: 12 | HEX: F9 77 DE FB FE 70 FF AF 92 9E AF 5F | T:2486939 RPD:1
[CH: 50] LEN: 12 | HEX: F9 77 ED FD EE 73 D7 BF 25 1C B5 7E | T:2486951 RPD:1
[CH: 50] LEN: 12 | HEX: F9 77 BD FA FB 70 FF 57 92 9E BB FF | T:2486951 RPD:0
[CH: 50] LEN: 12 | HEX: F9 77 BE F5 EA 73 FD 7E 25 1E BB AB | T:2486962 RPD:1
[CH: 50] LEN: 12 | HEX: F1 77 FA FD FE 73 F7 FF 25 1C AF FF | T:2486963 RPD:0
[CH: 50] LEN: 12 | HEX: F9 77 D4 FE F6 70 F7 BF 52 9E B7 FF | T:2486974 RPD:1
[CH: 50] LEN: 12 | HEX: F1 77 AC F9 F6 73 DE BF 25 1C BF EF | T:2486985 RPD:1
[CH: 50] LEN: 12 | HEX: F1 77 DE FA FE 70 FB 5F 92 9E B7 F7 | T:2486985 RPD:0
[CH: 50] LEN: 12 | HEX: F9 77 AD FE FE 70 FA DF 92 9E BF FD | T:2486997 RPD:1
[CH: 50] LEN: 12 | HEX: F1 77 BA FE F5 70 F5 FF 52 9E BE F7 | T:2486997 RPD:0
[CH: 50] LEN: 12 | HEX: F1 77 F9 FD FA 73 FB FF 25 1C BF FF | T:2487008 RPD:1
[CH: 50] LEN: 12 | HEX: F1 77 BD FE FA 70 FF 7F 52 9E B7 FE | T:2487009 RPD:0
[CH: 50] LEN: 12 | HEX: E9 77 BA FD F4 73 D6 AF 25 1C BF FF | T:2487020 RPD:1
[CH: 50] LEN: 12 | HEX: F9 77 FD FE FE 70 F7 BF 92 9C BF FD | T:2487031 RPD:1
[CH: 50] LEN: 12 | HEX: F1 77 DE F6 FE 70 F5 7F 92 9E B5 7F | T:2487031 RPD:1
[CH: 50] LEN: 12 | HEX: F1 77 FA ED F4 70 EF 7F 12 9C BB FF | T:2487043 RPD:1
[CH: 50] LEN: 12 | HEX: E9 77 F4 ED DD 73 DE FA 25 1C BF FF | T:2487043 RPD:0
[CH: 50] LEN: 12 | HEX: F9 77 FB FA F4 70 F7 5F 92 9E BB FB | T:2487054 RPD:1
[CH: 50] LEN: 12 | HEX: F1 77 FD F5 FE 73 BD FD 25 1C BF FF | T:2487066 RPD:1
[CH: 50] LEN: 12 | HEX: F9 77 FD FE FE 70 FB DF 92 9E BA BD | T:2487066 RPD:0
[CH: 50] LEN: 12 | HEX: F9 77 AE F7 FE 73 FA FD 25 1C AF FF | T:2487077 RPD:1
[CH: 50] LEN: 12 | HEX: F1 77 FB FD FE 73 DD 7E 25 1C BA DB | T:2487077 RPD:0
[CH: 50] LEN: 12 | HEX: F1 77 BC F4 F5 70 F7 BF 92 9E BD FF | T:2487089 RPD:1
[CH: 50] LEN: 12 | HEX: F9 77 5B FD FE 73 AD 7D 25 1C BF EF | T:2487100 RPD:1
[CH: 50] LEN: 12 | HEX: E9 77 BD F6 EC 70 FB 5F 12 9E BF 6F | T:2487100 RPD:0
[CH: 50] LEN: 12 | HEX: F9 77 FB FB FE 73 DD FF 25 1C AD FF | T:2487111 RPD:1
[CH: 50] LEN: 12 | HEX: F9 77 FD FE F4 70 F7 FF 12 9E BD FF | T:2487112 RPD:0
[CH: 50] LEN: 12 | HEX: F9 77 B4 FD FF 73 BD FD 25 1C AF FF | T:2487123 RPD:1
[CH: 50] LEN: 12 | HEX: F9 77 EE FC FF 70 FE BE D2 9E BD FF | T:2487123 RPD:0
[CH: 50] LEN: 12 | HEX: F1 77 B4 F5 56 73 BD 7F 25 1C BF EB | T:2487135 RPD:1
[CH: 50] LEN: 12 | HEX: F9 77 FA FE F6 70 F7 FF D2 9E BF DF | T:2487146 RPD:1
[CH: 50] LEN: 12 | HEX: F1 77 FF FD FE 73 DE BF 25 1C BF FB | T:2487146 RPD:0
[CH: 50] LEN: 12 | HEX: F1 77 FD FE F4 70 F5 FF 52 9E BF FD | T:2487157 RPD:1
[CH: 50] LEN: 12 | HEX: F1 77 FE F6 F6 78 FF 5F 92 9E BF DF | T:2487158 RPD:0
[CH: 50] LEN: 12 | HEX: F9 77 FC EB FE 73 ED 7E 25 1C BF EF | T:2487169 RPD:1
[CH: 50] LEN: 12 | HEX: F9 77 FF FE FE 70 FF AF 92 9E BD 5E | T:2487180 RPD:1
[CH: 50] LEN: 12 | HEX: F9 77 FA FD FD 73 ED 7D 25 1C BD BB | T:2487181 RPD:0
[CH: 50] LEN: 12 | HEX: F9 77 FD F5 FE 70 FF AF 92 9C B7 FE | T:2487192 RPD:1
[CH: 50] LEN: 12 | HEX: F9 77 FA FD FE 73 FE B7 25 1C BF FF | T:2487192 RPD:0
[CH: 50] LEN: 12 | HEX: F1 77 AE F6 EC 70 EB BF 92 9C B7 7F | T:2487203 RPD:1
[CH: 50] LEN: 12 | HEX: F1 77 BB FD FE 73 FD 7D 25 1C BF BF | T:2487204 RPD:0
[CH: 50] LEN: 12 | HEX: F9 77 FA FE FE 70 FB FF 52 9C B7 EF | T:2487215 RPD:1
[CH: 50] LEN: 12 | HEX: F9 77 FD FD FE 73 FF 5F 25 1C BF DF | T:2487226 RPD:1
[CH: 50] LEN: 12 | HEX: F9 77 AA F5 FE 70 FB BF 92 9E AF FF | T:2487227 RPD:0
[CH: 50] LEN: 12 | HEX: F9 77 DE F5 FD 73 EE FF 25 1C BF BD | T:2487238 RPD:1
[CH: 50] LEN: 12 | HEX: F9 77 DB FD F6 73 FD FF 25 1C BB FB | T:2487238 RPD:1
[CH: 50] LEN: 12 | HEX: F9 77 FD FD EA 70 FF AF 92 9E AF BF | T:2487249 RPD:1
[CH: 50] LEN: 12 | HEX: F1 77 BC F6 FE 70 FE BF 92 9E AF FB | T:2487261 RPD:1
[CH: 50] LEN: 12 | HEX: F9 77 74 ED FE 73 FD 7D A5 1E BF 56 | T:2487261 RPD:0
[CH: 50] LEN: 12 | HEX: F9 77 BA FE FE 70 F7 FE 52 9C AF FE | T:2487272 RPD:1
[CH: 50] LEN: 12 | HEX: F1 77 FD FC F6 70 F7 BF 12 9C BF FF | T:2487272 RPD:0
[CH: 50] LEN: 12 | HEX: F9 77 F4 F9 EE 73 FD 7F 25 1C BD BB | T:2487284 RPD:1
[CH: 50] LEN: 12 | HEX: F9 77 FD FD FE 70 FF AF 92 9E BF F6 | T:2487295 RPD:1
[CH: 50] LEN: 12 | HEX: F9 77 97 FD FE 73 EF FE A5 1C BB FD | T:2487295 RPD:0
[CH: 50] LEN: 12 | HEX: F5 77 AD FE FE 70 FF 5F 52 9E AD B6 | T:2487307 RPD:1
[CH: 50] LEN: 12 | HEX: F9 77 FD F6 F6 70 FE BF 92 9C B7 FB | T:2487307 RPD:0
[CH: 50] LEN: 12 | HEX: F9 77 FD FB F4 73 D7 FE A5 1C BF 7F | T:2487318 RPD:1
[CH: 50] LEN: 12 | HEX: F1 77 BA FD FE 73 FD 7F 25 1C BD FF | T:2487318 RPD:0
[CH: 50] LEN: 12 | HEX: F9 77 AA FE FE 70 FE BF 92 9E BD EB | T:2487330 RPD:1
[CH: 50] LEN: 12 | HEX: F9 77 F4 FD FE 73 DA FF 25 1C BB BD | T:2487341 RPD:1
[CH: 50] LEN: 12 | HEX: F1 77 F4 FE FE 70 EB 5F 92 9E B7 5E | T:2487341 RPD:0
[CH: 50] LEN: 12 | HEX: F9 77 FA F5 EA 73 D7 FA 25 1C BE DF | T:2487353 RPD:1
[CH: 50] LEN: 12 | HEX: F9 77 FA FD F4 73 FD 7B 25 1C BB FB | T:2487353 RPD:0
[CH: 50] LEN: 12 | HEX: FD 77 FD F4 F6 70 FE BF 12 9C AF F7 | T:2487364 RPD:1
[CH: 50] LEN: 12 | HEX: F5 77 BC ED EE 73 EE BE A5 1C BB EE | T:2487375 RPD:1
[CH: 50] LEN: 12 | HEX: F9 77 FD FE EA 70 FF 5F 12 9C AF BF | T:2487376 RPD:0
[CH: 50] LEN: 12 | HEX: F9 77 FD FD FE 73 DF FE A5 1E BF F2 | T:2487387 RPD:1
[CH: 50] LEN: 12 | HEX: F1 77 FD FE FE 70 F7 AF 92 9E AF 7B | T:2487387 RPD:0
[CH: 50] LEN: 12 | HEX: F9 77 FD FD FE 73 FD FD 25 1C BF DF | T:2487399 RPD:1
[CH: 50] LEN: 12 | HEX: F9 77 D6 EA FE 70 F7 57 92 9C BD 7F | T:2487399 RPD:0
[CH: 50] LEN: 12 | HEX: F9 77 FD F9 FE 73 ED 7D 25 1C AB FE | T:2487410 RPD:1
[CH: 50] LEN: 12 | HEX: F9 77 FA FE FA 78 FF DF D2 9E AD FF | T:2487421 RPD:1
[CH: 50] LEN: 12 | HEX: F9 77 DA E9 DE 73 DD 7E 25 1C BF BD | T:2487422 RPD:0
[CH: 50] LEN: 12 | HEX: F9 77 FD FE FE 70 FF AF 92 9E AF FF | T:2487433 RPD:1
[CH: 50] LEN: 12 | HEX: F9 77 FD FC F6 70 F7 FF 12 9E BF 7F | T:2487433 RPD:0
[CH: 50] LEN: 12 | HEX: F9 77 FB FB EA 73 FA FB 25 1E BB FB | T:2487445 RPD:1
[CH: 50] LEN: 12 | HEX: F1 77 AE F5 FE 70 FB 5F 12 9E BF F2 | T:2487456 RPD:1
[CH: 50] LEN: 12 | HEX: F1 77 FD FD F6 73 DE BF 25 1C AF FF | T:2487456 RPD:0
[CH: 50] LEN: 12 | HEX: F9 77 FB FF F4 73 FD 7F 25 1C B6 FE | T:2487467 RPD:1
[CH: 50] LEN: 12 | HEX: F1 77 BA F9 F5 73 FE FF 25 1C BF FF | T:2487468 RPD:0
[CH: 50] LEN: 12 | HEX: F1 77 FF FE FE 70 F6 AF 92 9E BF 6E | T:2487479 RPD:0
[CH: 50] LEN: 12 | HEX: F1 77 BE FE FE 70 FE BF 92 9E BE BF | T:2487490 RPD:1
[CH: 50] LEN: 12 | HEX: F9 77 AE FB F4 73 FD 7F 25 1C BF ED | T:2487491 RPD:0
[CH: 50] LEN: 12 | HEX: F9 77 FC FE FE 70 FF EB 92 9E AD BF | T:2487502 RPD:1
[CH: 50] LEN: 12 | HEX: F5 77 FA F9 FE 73 FA FD 25 1C AF FF | T:2487502 RPD:0
[CH: 50] LEN: 12 | HEX: F9 77 F4 F6 FA 70 F7 5F 92 9E BF 7E | T:2487513 RPD:1
[CH: 50] LEN: 12 | HEX: F9 77 F6 EB D6 73 DE BF 25 1C BF FD | T:2487514 RPD:0
[CH: 50] LEN: 12 | HEX: F1 77 FD FE FE 70 FF AF 92 9E BF FF | T:2487525 RPD:1
[CH: 50] LEN: 12 | HEX: F1 77 FA FB FE 73 FA FD 25 1C BE FF | T:2487536 RPD:1
[CH: 50] LEN: 12 | HEX: F9 77 FD F6 F6 70 FF 5F 92 9C AF EF | T:2487536 RPD:0
[CH: 50] LEN: 12 | HEX: F9 77 FD F5 FD 73 DD 7D 25 1C BE FD | T:2487548 RPD:1
[CH: 50] LEN: 12 | HEX: F1 77 DF FA FC 70 FF EB 92 9E BF FF | T:2487548 RPD:0
[CH: 50] LEN: 12 | HEX: F1 77 FB FB FE 73 FD 7F 25 1C BF FF | T:2487559 RPD:1
[CH: 50] LEN: 12 | HEX: F1 77 BE FA FE 70 F5 FF 52 9E AF 7F | T:2487571 RPD:1
[CH: 50] LEN: 12 | HEX: F1 77 FD FD FE 73 FE BF 25 1E BF DF | T:2487571 RPD:0
[CH: 50] LEN: 12 | HEX: F9 77 FD EE F6 70 FF 5F 92 9E AF DF | T:2487582 RPD:1
[CH: 50] LEN: 12 | HEX: F9 77 75 F4 FA 70 FF 7F 12 9E BE EE | T:2487582 RPD:0
[CH: 50] LEN: 12 | HEX: F9 77 BD FB EE 73 DD FD 25 1C BF FB | T:2487594 RPD:1
[CH: 50] LEN: 12 | HEX: F1 77 BA FE F6 70 FF BF 92 9E BF FF | T:2487594 RPD:0
[CH: 50] LEN: 12 | HEX: F1 77 76 F7 FE 73 FD FD A5 1C BF FF | T:2487605 RPD:1
[CH: 50] LEN: 12 | HEX: F9 77 FE FE F4 70 FF FF 92 9E BB FE | T:2487617 RPD:1
[CH: 50] LEN: 12 | HEX: F1 77 FD F7 FE 73 FB FF 25 1C BF DF | T:2487617 RPD:0
[CH: 50] LEN: 12 | HEX: F1 77 FA FD FD 73 FA FD 25 1C BE FF | T:2487628 RPD:1
[CH: 50] LEN: 12 | HEX: F9 77 DA FD FC 73 D7 FD 25 1C BF F7 | T:2487628 RPD:0
[CH: 50] LEN: 12 | HEX: F1 77 BE FE F6 70 F7 FF 92 9E BF FF | T:2487640 RPD:1
[CH: 50] LEN: 12 | HEX: F9 77 FD E9 FC 7B FE BF 25 1C AE F7 | T:2487651 RPD:1
[CH: 50] LEN: 12 | HEX: F9 77 BC FE F4 70 FE BF 52 9E AF DF | T:2487651 RPD:0
[CH: 50] LEN: 12 | HEX: F1 77 F5 F5 FD 73 FF AF 25 1C AF FD | T:2487663 RPD:1
[CH: 50] LEN: 12 | HEX: F9 77 FD FD FE 73 FD 7D 25 1C AF FB | T:2487663 RPD:0
[CH: 50] LEN: 12 | HEX: F9 77 FD FE FE 70 F6 AF 92 9E BF FF | T:2487674 RPD:1
[CH: 50] LEN: 12 | HEX: F9 77 FA F5 FE 73 FD FE 25 1C BB FD | T:2487685 RPD:1
[CH: 50] LEN: 12 | HEX: F9 77 DA F6 FE 70 F6 BE 92 9E BB EF | T:2487686 RPD:1
[CH: 50] LEN: 12 | HEX: F1 77 BD F9 FE 73 DD 7F 25 1C BF FF | T:2487697 RPD:1
[CH: 50] LEN: 12 | HEX: F9 77 FD FA F4 70 F5 FF 92 9E B6 7F | T:2487697 RPD:0
[CH: 50] LEN: 12 | HEX: F9 77 FD FD F6 73 FF 7D 25 1C AF FB | T:2487709 RPD:1
[CH: 50] LEN: 12 | HEX: F1 77 BD FE FE 70 FF DF 92 9E AB FF | T:2487709 RPD:0
[CH: 50] LEN: 12 | HEX: F9 77 FA FD EA 73 FA FA 25 1E BF FF | T:2487720 RPD:1
[CH: 50] LEN: 12 | HEX: F1 77 BA FA F6 70 F5 AF 92 9E BF F7 | T:2487731 RPD:1
[CH: 50] LEN: 12 | HEX: F9 77 FC FD FC 73 FD 7E 25 1C B7 F5 | T:2487732 RPD:0
[CH: 50] LEN: 12 | HEX: F1 77 FF FD FE 70 EF 5F 92 9E BF FF | T:2487743 RPD:1
[CH: 50] LEN: 12 | HEX: F1 7F BA F6 FE 70 FF 7F 52 9E BD B5 | T:2487743 RPD:0
[CH: 50] LEN: 12 | HEX: F1 77 BA F9 EA 73 FD 7F 25 1C BF EF | T:2487755 RPD:0
[CH: 50] LEN: 12 | HEX: F9 77 ED FA FE 70 FF AF D2 9E BF 7F | T:2487766 RPD:1
[CH: 50] LEN: 12 | HEX: F1 77 FD FD EE 73 DD 7F 25 1C BB 7E | T:2487766 RPD:0
[CH: 50] LEN: 12 | HEX: F9 77 FC FE FE 70 F7 BF 12 9E BD FD | T:2487777 RPD:0
[CH: 50] LEN: 12 | HEX: F1 77 FD FA FE 70 FF 5F 92 9E BD FF | T:2487786 RPD:1
[CH: 50] LEN: 12 | HEX: F1 77 FC F9 FE 73 DE FF 25 1C AB AA | T:2487789 RPD:1
[CH: 50] LEN: 12 | HEX: F1 77 BD F5 FA 70 F7 DF 92 9E BF 7F | T:2487809 RPD:1
[CH: 50] LEN: 12 | HEX: F9 77 BD FD FE 73 FD 7F 25 1C BB F7 | T:2487812 RPD:1
[CH: 50] LEN: 12 | HEX: F1 77 FD FE FE 70 FE BF 92 9E BF DE | T:2487832 RPD:1
[CH: 50] LEN: 12 | HEX: F1 77 AD FD FE 73 EE BF 25 1C AF FD | T:2487835 RPD:1
[CH: 50] LEN: 12 | HEX: F1 77 DE FE FA 70 F6 BD 52 9C BF DF | T:2487838 RPD:1
[CH: 50] LEN: 12 | HEX: F9 77 DB FD FE 73 AA FE 25 1E BF FF | T:2487849 RPD:1
[CH: 50] LEN: 12 | HEX: F9 77 FC FC F6 70 F5 FF 52 9E BA FF | T:2487861 RPD:1
[CH: 50] LEN: 12 | HEX: F9 77 BC F6 F4 70 FF 7E 92 9E BF FF | T:2487867 RPD:1
[CH: 50] LEN: 12 | HEX: F9 77 F5 F5 F6 73 FD 7D 25 1C BB F7 | T:2487870 RPD:1
[CH: 50] LEN: 12 | HEX: F1 77 BE F6 FA 70 FF 5F 12 9E AF BE | T:2487890 RPD:1
[CH: 50] LEN: 12 | HEX: F1 77 B4 F5 FE 73 FD 7E 25 1C AF FF | T:2487893 RPD:1
[CH: 50] LEN: 12 | HEX: F5 77 DF FE F4 70 FF BF 52 9E AF FF | T:2487896 RPD:1
[CH: 50] LEN: 12 | HEX: F1 77 ED FB FE 73 FA FD 25 1C BF F5 | T:2487907 RPD:1
[CH: 50] LEN: 12 | HEX: F9 77 FD FA FE 70 FF AF 92 9E AB BF | T:2487919 RPD:1
[CH: 50] LEN: 12 | HEX: E9 77 FE FD EE 73 DF FA 25 1C BF 7D | T:2487922 RPD:1
[CH: 50] LEN: 12 | HEX: F1 77 FD FE F4 70 EB 5F 92 9E BD EF | T:2487942 RPD:1
[CH: 50] LEN: 12 | HEX: F1 77 BA EB FE 7B DF F5 25 1C BF DF | T:2487944 RPD:1
[CH: 50] LEN: 12 | HEX: F1 77 B4 F6 FE 70 F6 BF 12 9C BB 5F | T:2487948 RPD:1
[CH: 50] LEN: 12 | HEX: F9 77 FD 00 00 71 FF 5F 2D E7 BF FF | T:2487982 RPD:1
[CH: 50] LEN: 12 | HEX: F9 77 ED 00 00 71 EF 7E 2D E7 AF FF | T:2487983 RPD:1
[CH: 50] LEN: 12 | HEX: F8 6D FE 00 FE FE 95 FE E0 9C BE FF | T:2488012 RPD:1
[CH: 50] LEN: 12 | HEX: F4 6D FE 80 FE FE 95 FE E0 9C BF FF | T:2488013 RPD:1
[CH: 50] LEN: 12 | HEX: F9 77 B5 00 00 71 95 AA 89 06 B7 5E | T:2488282 RPD:1
[CH: 50] LEN: 12 | HEX: F9 77 F5 00 00 71 95 FE C9 06 BF FF | T:2488282 RPD:1
[CH: 50] LEN: 12 | HEX: F0 6D EE 80 EE EE 95 EA 60 9C BE FF | T:2488312 RPD:1
[CH: 50] LEN: 12 | HEX: F9 77 D6 80 00 71 95 D5 49 06 BF DF | T:2488581 RPD:1
[CH: 50] LEN: 12 | HEX: F9 77 BA 00 00 71 95 DE A9 06 BF F7 | T:2488582 RPD:1
[CH: 50] LEN: 12 | HEX: F0 6D FF 00 F6 FE 95 FE E0 9C BD FF | T:2488612 RPD:1
[CH: 50] LEN: 12 | HEX: F8 6D FE 80 FE FE 95 EF 60 9C BF DF | T:2488612 RPD:1
[CH: 50] LEN: 12 | HEX: F9 77 DA 00 00 71 95 EF C9 06 BF FF | T:2488881 RPD:1
[CH: 50] LEN: 12 | HEX: F1 77 7A 00 00 71 95 D5 49 06 B6 AF | T:2488882 RPD:1
[CH: 50] LEN: 12 | HEX: F8 6D DF 00 F4 FE 95 D5 60 9C BF BB | T:2488911 RPD:1
[CH: 50] LEN: 12 | HEX: F8 6D FB 00 F4 FE 95 FD 60 9C BF DA | T:2488912 RPD:1
[CH: 50] LEN: 12 | HEX: F9 77 DB 00 00 71 95 D6 89 06 AF FB | T:2489181 RPD:1
[CH: 50] LEN: 12 | HEX: F5 77 BF 00 00 71 95 FE C9 06 BF BF | T:2489181 RPD:1
[CH: 50] LEN: 12 | HEX: F8 6D F6 80 FE FE 95 EF 60 9C BD BF | T:2489211 RPD:1
[CH: 50] LEN: 12 | HEX: F4 6D F7 00 F4 F6 95 FE E0 9C BF 7D | T:2489212 RPD:1
[CH: 50] LEN: 12 | HEX: E9 77 FA 00 00 71 95 ED 49 06 BD AA | T:2489480 RPD:1
[CH: 50] LEN: 12 | HEX: F9 77 FB 00 00 71 95 BA C9 06 BF FF | T:2489481 RPD:1
[CH: 50] LEN: 12 | HEX: F8 6D FE 80 FE FE 95 FE 60 9C B7 FF | T:2489511 RPD:1
[CH: 50] LEN: 12 | HEX: F8 6D F6 00 EC F4 95 F7 60 9C BF EF | T:2489512 RPD:1
[CH: 50] LEN: 12 | HEX: E9 77 7F 00 00 71 95 FF C9 06 BD FF | T:2489780 RPD:1
[CH: 50] LEN: 12 | HEX: E9 77 F7 00 00 71 95 AE C9 06 BB 7F | T:2489781 RPD:1
[CH: 50] LEN: 12 | HEX: F0 6D DD 00 FE F6 95 EE E0 9C B7 F7 | T:2489811 RPD:1
[CH: 50] LEN: 12 | HEX: F0 6D EE 80 FE FE 95 FD 60 9C BB ED | T:2489811 RPD:1
[CH: 50] LEN: 12 | HEX: F1 77 F7 00 00 71 95 ED 49 06 BF DD | T:2490080 RPD:1
[CH: 50] LEN: 12 | HEX: F9 77 75 00 00 71 95 EA 89 06 BB 76 | T:2490080 RPD:1
[CH: 50] LEN: 12 | HEX: F8 6D F6 00 F6 F6 95 FE E0 9C AB 7E | T:2490110 RPD:1
[CH: 50] LEN: 12 | HEX: F4 6D FD 00 FE FE 95 FD 60 9C BF FF | T:2490111 RPD:1
[CH: 50] LEN: 12 | HEX: F5 77 5F 00 00 71 95 AA C9 06 B5 AD | T:2490379 RPD:1
[CH: 50] LEN: 12 | HEX: F5 77 BB 00 00 71 95 EE C9 06 B5 FF | T:2490380 RPD:1
[CH: 50] LEN: 12 | HEX: F4 6D FE 80 FE EC 95 EE E0 9C BF 5B | T:2490410 RPD:1
[CH: 50] LEN: 12 | HEX: EC 6D FD 00 F6 FE 95 FE E0 9C BE FA | T:2490411 RPD:1
[CH: 50] LEN: 12 | HEX: F1 77 AF 00 00 71 95 FD 49 06 AF F7 | T:2490679 RPD:1
[CH: 50] LEN: 12 | HEX: E9 77 F5 00 00 71 95 ED C9 06 B7 FB | T:2490680 RPD:1
[CH: 50] LEN: 12 | HEX: E8 6D FE 80 FE FE 95 DD 60 9C BF FF | T:2490710 RPD:1
[CH: 50] LEN: 12 | HEX: F0 6D FF 00 F6 D6 95 EF 60 9C AD ED | T:2490710 RPD:1
[CH: 50] LEN: 12 | HEX: F9 7F 7B 00 00 71 95 EF C9 06 BB EE | T:2490979 RPD:1
[CH: 50] LEN: 12 | HEX: F5 77 DD 00 00 71 95 EF 49 06 AA FF | T:2490979 RPD:1
[CH: 50] LEN: 12 | HEX: F8 6D FE 80 FE FF 95 FE E0 9C BF DF | T:2491009 RPD:1
[CH: 50] LEN: 12 | HEX: F4 6D EE 80 EE EE 95 DF 60 9C BB FF | T:2491010 RPD:1
[CH: 50] LEN: 12 | HEX: F9 77 F7 00 00 71 95 DA C9 06 BE D7 | T:2491278 RPD:1
[CH: 50] LEN: 12 | HEX: F9 77 BB 00 00 71 95 EE C9 06 BA FF | T:2491279 RPD:1
[CH: 50] LEN: 12 | HEX: E8 6D F6 80 EE F6 95 DF 60 9C BE FF | T:2491309 RPD:1
[CH: 50] LEN: 12 | HEX: F4 6D FD 00 FE FE 95 DE E0 9C AB FB | T:2491310 RPD:1
[CH: 50] LEN: 12 | HEX: FD 77 F5 00 00 71 95 AA C9 06 BB BA | T:2491578 RPD:1
[CH: 50] LEN: 12 | HEX: E9 77 FA 00 00 71 95 AA C9 06 BF 7F | T:2491579 RPD:1
[CH: 50] LEN: 12 | HEX: F8 6D FE 00 FE FE 95 EE E0 9C BF 7F | T:2491609 RPD:1
[CH: 50] LEN: 12 | HEX: F8 6D DE 80 FE FE 95 EF 60 9C BE DF | T:2491609 RPD:1
[CH: 50] LEN: 12 | HEX: E9 77 DF 00 00 71 95 DE 89 06 AD EF | T:2491878 RPD:1
[CH: 50] LEN: 12 | HEX: F9 77 7B 00 00 71 95 DF C9 06 BE BB | T:2491879 RPD:1
[CH: 50] LEN: 12 | HEX: F0 6D DE 80 FE FE 95 EB 60 9C AE FF | T:2491908 RPD:1
[CH: 50] LEN: 12 | HEX: F8 6D FF 80 F5 EA 95 EE 60 9C BF FF | T:2491909 RPD:1
[CH: 50] LEN: 12 | HEX: F1 77 F5 00 00 71 95 FF 49 06 BB FF | T:2492177 RPD:1
[CH: 50] LEN: 12 | HEX: F9 77 DF 00 00 71 95 FE 89 06 BF BE | T:2492178 RPD:1
[CH: 50] LEN: 12 | HEX: F8 6D EF 00 FE EE 95 FE E0 9C BF FF | T:2492208 RPD:1
[CH: 50] LEN: 12 | HEX: F8 6D FB 00 FA FE 95 F7 60 9C B7 EF | T:2492209 RPD:1
[CH: 50] LEN: 12 | HEX: E9 77 5A 00 00 71 95 EB C9 06 BF 7F | T:2492478 RPD:1
[CH: 50] LEN: 12 | HEX: F0 6D FF 00 FC FE 95 EE 60 9C BF FF | T:2492508 RPD:1
[CH: 50] LEN: 12 | HEX: F8 6D FF 00 FE FC 95 FE E0 9C BE FB | T:2492508 RPD:1
[CH: 50] LEN: 12 | HEX: F9 77 FD 80 00 71 95 FF A9 06 AB FF | T:2492777 RPD:1
[CH: 50] LEN: 12 | HEX: F9 77 5F 80 00 71 95 AC 89 06 B5 FD | T:2492778 RPD:1
[CH: 50] LEN: 12 | HEX: F8 6D F7 00 FE FA 95 FF 60 9C BD FE | T:2492807 RPD:1
[CH: 50] LEN: 12 | HEX: F8 6D FF 00 FE F6 95 FF 60 9C BA FE | T:2492808 RPD:1
[CH: 50] LEN: 12 | HEX: F9 77 D5 00 00 71 95 FB A9 06 BB FE | T:2493077 RPD:1
[CH: 50] LEN: 12 | HEX: F9 77 FE 80 00 71 95 F7 A9 06 BF D7 | T:2493077 RPD:1
[CH: 50] LEN: 12 | HEX: F0 6D D7 00 EA FE 95 DB 60 9C BF BF | T:2493107 RPD:1
[CH: 50] LEN: 12 | HEX: F8 6D FE 80 FA FE 95 FF 60 9C B7 FF | T:2493108 RPD:1
[CH: 50] LEN: 12 | HEX: F1 77 7F 00 00 71 95 F7 C9 06 BF 5F | T:2493377 RPD:1
[CH: 50] LEN: 12 | HEX: F1 77 BD 00 00 71 95 FF 49 06 BA FC | T:2493377 RPD:1
[CH: 50] LEN: 12 | HEX: E8 6D DA 00 F6 FE 95 FE E0 9C BF BF | T:2493407 RPD:1
[CH: 50] LEN: 12 | HEX: F0 6D EE 00 F5 FE 95 D6 E0 9C BF FF | T:2493408 RPD:1
[CH: 50] LEN: 12 | HEX: F9 77 7B 00 00 71 95 FD 49 06 BF FB | T:2493676 RPD:1
[CH: 50] LEN: 12 | HEX: F9 77 FF 00 00 71 95 EF 89 06 BF FB | T:2493677 RPD:1
[CH: 50] LEN: 12 | HEX: F0 6D FE 00 F6 FE 95 FE 60 9C BD FF | T:2493708 RPD:1
[CH: 50] LEN: 12 | HEX: EA 76 F6 00 8C FC 95 FD 3C 73 BE FD | T:2493951 RPD:1
[CH: 50] LEN: 12 | HEX: FA 76 FD 00 8C F5 95 ED 3C 73 BD FB | T:2493951 RPD:1
[CH: 50] LEN: 12 | HEX: FA 76 FE FE 73 FF 95 DD 42 8E BF F6 | T:2493982 RPD:1
[CH: 50] LEN: 12 | HEX: FA 76 FE ED 70 FE 95 BD 37 00 AF FB | T:2493985 RPD:1
[CH: 50] LEN: 12 | HEX: EE 76 FE F4 71 DC 95 F5 6B 65 BF FB | T:2493989 RPD:1
[CH: 50] LEN: 12 | HEX: F2 76 F4 FB 76 F4 95 FE DD 9C BE DF | T:2494019 RPD:1
[CH: 50] LEN: 12 | HEX: F2 76 FE F2 77 FA 95 EF 81 79 BF FE | T:2494049 RPD:1
[CH: 50] LEN: 12 | HEX: F2 76 FE ED 74 FA 95 FF 54 77 B6 EF | T:2494079 RPD:1
[CH: 50] LEN: 12 | HEX: FA 76 FE F8 75 EC 95 D5 A8 92 BA FF | T:2494109 RPD:1
[CH: 50] LEN: 12 | HEX: FA 76 FE F7 7A EE 95 ED 99 85 AF DF | T:2494139 RPD:1
[CH: 50] LEN: 12 | HEX: F2 76 FA F6 7B FF 95 FF 45 60 AF FB | T:2494169 RPD:1
[CH: 50] LEN: 12 | HEX: F2 76 F6 F5 78 F6 95 F7 30 6E BF FB | T:2494199 RPD:1
[CH: 50] LEN: 12 | HEX: F2 76 FA F4 79 FE 95 D6 9C 8B FD 57 | T:2494229 RPD:1
[CH: 50] LEN: 12 | HEX: FA 76 FE F3 7A FE 95 FE 9A 72 B7 FF | T:2494259 RPD:1
[CH: 50] LEN: 12 | HEX: FA 76 FE F2 7F EE 95 FF 06 97 BF BE | T:2494289 RPD:1
[CH: 50] LEN: 12 | HEX: F2 76 EE F1 78 FA 95 EB 73 99 BF 7D | T:2494319 RPD:1
[CH: 50] LEN: 12 | HEX: F2 76 F6 F0 75 FE 95 CB AF 74 AF DF | T:2494349 RPD:1
[CH: 50] LEN: 12 | HEX: F2 76 FE EF 62 F4 95 FF 01 96 BF FB | T:2494379 RPD:1
[CH: 50] LEN: 12 | HEX: F2 76 FE EE 63 FE 95 EE 9D 73 BF FB | T:2494409 RPD:1
[CH: 50] LEN: 12 | HEX: FA 76 FE ED 60 FE 95 FD 68 79 AF B5 | T:2494439 RPD:1
[CH: 50] LEN: 12 | HEX: EA 76 FA EC 61 DA 95 FF 74 98 BF 7D | T:2494469 RPD:1
[CH: 50] LEN: 12 | HEX: F2 76 FE EB 66 FF 95 EF 42 61 BF 7D | T:2494499 RPD:1
[CH: 50] LEN: 12 | HEX: FA 76 FE EA 67 FA 95 FD 1E 84 BF ED | T:2494529 RPD:1
[CH: 50] LEN: 12 | HEX: FA 76 FE E9 64 FA 95 F7 CB 8A B7 FF | T:2494559 RPD:1
[CH: 50] LEN: 12 | HEX: F6 76 FE E8 65 FE 95 FE 37 6F B7 BE | T:2494589 RPD:1
[CH: 50] LEN: 12 | HEX: FA 76 EA E7 6A F6 95 FE 86 78 BF FF | T:2494619 RPD:0
[CH: 50] LEN: 12 | HEX: FA 76 FE E6 6B DC 95 FF 5A 9D BF DF | T:2494648 RPD:1
[CH: 50] LEN: 12 | HEX: F6 76 FE E4 69 FD 95 EE B3 76 AD EF | T:2494708 RPD:0
[CH: 50] LEN: 12 | HEX: EA 7E FA E2 6E BE 95 EB 99 6A BB B7 | T:2494768 RPD:0
[CH: 50] LEN: 12 | HEX: FA 76 FE E1 6C EE 95 D4 EC 64 B6 FF | T:2494798 RPD:0
[CH: 50] LEN: 12 | HEX: FE 76 FA E0 6D FE 95 F5 70 81 BF 77 | T:2494828 RPD:0
[CH: 50] LEN: 12 | HEX: FA 77 F6 DF 52 FE 95 FD 21 91 DE FF | T:2494858 RPD:0
[CH: 50] LEN: 12 | HEX: F2 76 FE FE 73 FD 95 F5 C2 8E BF DF | T:2494888 RPD:1
[CH: 50] LEN: 12 | HEX: FA 76 F6 FC 71 FE 95 FF 6B 65 BF FF | T:2494896 RPD:1
[CH: 50] LEN: 12 | HEX: F2 76 FA FF 76 EC 95 EA 5B 9C BF AF | T:2494926 RPD:1
[CH: 50] LEN: 12 | HEX: FA 76 FE EA 77 F4 95 EF 81 7D BF FF | T:2494956 RPD:1
[CH: 50] LEN: 12 | HEX: FA 76 EE ED 74 FE 95 D7 F4 77 BE DF | T:2494986 RPD:1
[CH: 50] LEN: 12 | HEX: FA 76 FE F0 75 F6 95 FF 28 92 BF BF | T:2495016 RPD:1
[CH: 50] LEN: 12 | HEX: EE 76 FE E7 7A F6 95 EE 99 85 B7 EB | T:2495046 RPD:1
[CH: 50] LEN: 12 | HEX: F6 76 F6 F6 7B DC 95 FE 45 60 BF 54 | T:2495076 RPD:1
[CH: 50] LEN: 12 | HEX: EA 76 F6 E5 7C F6 95 DA 30 6E BF BF | T:2495106 RPD:1
[CH: 50] LEN: 12 | HEX: F6 76 F6 EC 79 F6 95 DF EC 8B B5 7F | T:2495136 RPD:1
[CH: 50] LEN: 12 | HEX: F6 76 F6 F3 7E FE 95 FF 5A 72 BE BF | T:2495166 RPD:1
[CH: 50] LEN: 12 | HEX: FA 76 FE F2 75 FE 95 FE 86 97 2F FE | T:2495196 RPD:1
[CH: 50] LEN: 12 | HEX: F2 76 FE F1 74 FA 95 DD 73 99 BF FF | T:2495226 RPD:1
[CH: 50] LEN: 12 | HEX: F6 76 EA E8 75 FE 95 ED AF 7C BF EF | T:2495256 RPD:1
[CH: 50] LEN: 12 | HEX: EA 76 F4 EF 62 FE 95 EF 01 96 BF FF | T:2495286 RPD:1
[CH: 50] LEN: 12 | HEX: FA 76 FA EE 63 D6 95 EE DD 73 AF BF | T:2495316 RPD:1
[CH: 50] LEN: 12 | HEX: FA 76 EE EC 61 FA 95 FE F4 98 AF 7F | T:2495376 RPD:1
[CH: 50] LEN: 12 | HEX: F6 76 FE EB 66 ED 95 BF 42 61 BA BF | T:2495406 RPD:0
[CH: 50] LEN: 12 | HEX: FA 76 F6 EA 67 6E 95 EB 5E 84 BF EF | T:2495436 RPD:0
[CH: 50] LEN: 12 | HEX: F6 76 F4 E9 64 FF 95 FF EB 8A AF 7F | T:2495466 RPD:0
[CH: 50] LEN: 12 | HEX: FA 76 F5 E8 65 DA 95 DF 37 6F 2F FF | T:2495496 RPD:0
[CH: 50] LEN: 12 | HEX: F6 76 FE E7 6A EE 95 FF 86 70 BE FD | T:2495526 RPD:1
[CH: 50] LEN: 12 | HEX: DA 76 FE E6 6B AE 95 D5 5A 9D BF DF | T:2495556 RPD:1
[CH: 50] LEN: 12 | HEX: F6 76 FE E5 68 F6 95 FD 2F 53 BF BF | T:2495586 RPD:1
[CH: 50] LEN: 12 | HEX: F2 76 FA E4 69 FC 95 FD 73 76 BD BF | T:2495615 RPD:1
[CH: 50] LEN: 12 | HEX: EA 76 EA E3 6E EE 95 FE C5 8E BF FB | T:2495645 RPD:1
[CH: 50] LEN: 12 | HEX: F2 76 FE E2 6F EE 95 DE 19 6A BF B6 | T:2495675 RPD:1
[CH: 50] LEN: 12 | HEX: FA 76 F4 E1 6C F6 95 DE EC 64 BF FB | T:2495705 RPD:1
[CH: 50] LEN: 12 | HEX: F2 76 F4 E0 6D D6 95 FE F0 81 AF FE | T:2495735 RPD:1
[CH: 50] LEN: 12 | HEX: F6 76 EA DE D2 EA 95 D5 21 91 BF FF | T:2495765 RPD:1
[CH: 50] LEN: 12 | HEX: F2 76 F4 FE 73 BA 95 EF C2 8E AD FE | T:2495795 RPD:1
[CH: 50] LEN: 12 | HEX: FA 76 FC F5 70 EE 95 DD B7 00 BF FE | T:2495799 RPD:1
[CH: 50] LEN: 12 | HEX: FA 76 F4 EC 71 EA 95 EF EB 65 BD F7 | T:2495803 RPD:1
[CH: 50] LEN: 12 | HEX: F2 76 F4 F3 76 F6 95 ED 51 10 9A AA | T:2495833 RPD:1
[CH: 50] LEN: 12 | HEX: F6 76 F4 EA 77 FA 95 FD 81 79 AF FB | T:2495863 RPD:1
[CH: 50] LEN: 12 | HEX: EE 76 F4 F1 74 F6 95 D7 F4 77 AB FF | T:2495893 RPD:1
[CH: 50] LEN: 12 | HEX: F2 76 F5 F0 75 EE 95 F6 28 92 AF FF | T:2495923 RPD:1
[CH: 50] LEN: 12 | HEX: FA 76 FE F7 7A FF 95 FE 99 85 A7 7B | T:2495953 RPD:1
[CH: 50] LEN: 12 | HEX: F2 76 FE F6 7B FF 95 EE C5 60 BD DE | T:2495983 RPD:1
[CH: 50] LEN: 12 | HEX: EA 76 F4 F5 78 FF 95 FE B0 6E BE F2 | T:2496013 RPD:1
[CH: 50] LEN: 12 | HEX: FA 76 F5 F4 79 FE 95 FF BC 8B BF 7F | T:2496043 RPD:1
[CH: 50] LEN: 12 | HEX: F2 76 FE F3 7A F4 95 FF 5A 72 AF BE | T:2496073 RPD:1
[CH: 50] LEN: 12 | HEX: FA 76 FA F2 7F AE 95 F6 06 97 AF 7F | T:2496103 RPD:1
[CH: 50] LEN: 12 | HEX: FA 76 FE F1 74 FE 95 FD 73 99 BF FD | T:2496133 RPD:1
[CH: 50] LEN: 12 | HEX: FA 76 F6 F0 7D FD 95 F7 6E 78 BF FF | T:2496163 RPD:1
[CH: 50] LEN: 12 | HEX: EA 7E FC FE 62 F4 95 FF 01 96 AF FF | T:2496193 RPD:1
[CH: 50] LEN: 12 | HEX: FA 76 FE EE 63 FD 95 EF 3D 73 BF FD | T:2496223 RPD:1
[CH: 50] LEN: 12 | HEX: FA 76 F5 ED 60 F6 95 FF 68 75 BE DF | T:2496253 RPD:1
[CH: 50] LEN: 12 | HEX: F2 76 FE EC 61 F6 95 F7 74 98 AF FF | T:2496283 RPD:1
[CH: 50] LEN: 12 | HEX: FA 76 F6 EB 66 FA 95 FE C2 61 BF BD | T:2496313 RPD:1
[CH: 50] LEN: 12 | HEX: F2 76 FE EA 67 BC 95 FD 1E 84 BB 5F | T:2496343 RPD:1
[CH: 50] LEN: 12 | HEX: F2 76 F4 E9 64 FE 95 FF 6B 8A AF FD | T:2496373 RPD:1
[CH: 50] LEN: 12 | HEX: F6 76 FE E8 65 EE 95 EE B7 6F 6B 5F | T:2496403 RPD:1
[CH: 50] LEN: 12 | HEX: F2 76 EE E7 6A FE 95 FE 86 78 BF FF | T:2496433 RPD:1
[CH: 50] LEN: 12 | HEX: F6 76 FE E6 6B FE 95 EE DA 9D AF AE | T:2496462 RPD:1
[CH: 50] LEN: 12 | HEX: FA 76 F6 E5 68 FA 95 FB 2E 93 AF FF | T:2496492 RPD:1
[CH: 50] LEN: 12 | HEX: F2 7B FD 00 81 FE 95 F7 4F F7 AF FF | T:2496698 RPD:1
[CH: 50] LEN: 12 | HEX: FA 7B FE 80 81 F6 95 EB 6F FD AE FF | T:2496699 RPD:1
[CH: 50] LEN: 12 | HEX: F9 7F BB FE FE 70 95 EF 76 77 3D DF | T:2496730 RPD:1
[CH: 50] LEN: 12 | HEX: F1 77 BA F5 FE 73 95 D5 41 D5 BF 7E | T:2496733 RPD:1
[CH: 50] LEN: 12 | HEX: F1 77 FA FA F5 70 95 DE F6 7F 3F EF | T:2496736 RPD:1
[CH: 50] LEN: 12 | HEX: F1 77 FA FD FE 73 95 D5 41 D5 AF 7E | T:2496747 RPD:1
[CH: 50] LEN: 12 | HEX: F1 77 BE FA EE 70 95 FE F6 7F BF FB | T:2496747 RPD:0
[CH: 50] LEN: 12 | HEX: F9 77 FA F9 FC 73 95 EF C1 FD BF BF | T:2496759 RPD:1
[CH: 50] LEN: 12 | HEX: F9 77 F5 FE F6 70 95 EF F6 7B AF 7B | T:2496770 RPD:1
[CH: 50] LEN: 12 | HEX: F1 77 FE FB FE 73 95 FF A1 FD BF FF | T:2496770 RPD:0
[CH: 50] LEN: 12 | HEX: F1 77 FC FE FE 70 95 EE 76 7F AD 7B | T:2496781 RPD:1
[CH: 50] LEN: 12 | HEX: F5 77 EA FA FE 70 95 EA 76 7D B7 FF | T:2496782 RPD:0
[CH: 50] LEN: 12 | HEX: F9 77 FA F6 F4 70 95 FE 76 7F FF AF | T:2496793 RPD:1
[CH: 50] LEN: 12 | HEX: F9 77 FD FE FE 70 95 F6 76 75 BF BE | T:2496793 RPD:0
[CH: 50] LEN: 12 | HEX: F5 77 DF FD FE 73 95 EF 81 FD BB FF | T:2496805 RPD:1
[CH: 50] LEN: 12 | HEX: F9 77 FE FE FE 70 95 FF 76 7D B7 FF | T:2496816 RPD:1
[CH: 50] LEN: 12 | HEX: F9 77 FA F5 FC 73 95 FF 41 ED BD FE | T:2496816 RPD:0
[CH: 50] LEN: 12 | HEX: F1 77 AE FE FA 70 95 FF 76 7F AF BF | T:2496827 RPD:1
[CH: 50] LEN: 12 | HEX: F9 77 FD FD D6 73 95 EF 21 FD AF F7 | T:2496828 RPD:0
[CH: 50] LEN: 12 | HEX: F1 77 F4 FE EE 70 95 FF 76 77 FF 7F | T:2496839 RPD:1
[CH: 50] LEN: 12 | HEX: F1 77 FB F9 FE 73 95 EF C1 DD AE FF | T:2496850 RPD:1
[CH: 50] LEN: 12 | HEX: F1 77 FD FE F6 70 95 FE F6 7A AE FF | T:2496851 RPD:0
[CH: 50] LEN: 12 | HEX: F9 77 FD F5 AE 73 95 EA A1 D5 AF F6 | T:2496862 RPD:1
[CH: 50] LEN: 12 | HEX: F5 77 BE FD EE 73 95 FF 41 E9 BF FD | T:2496862 RPD:0
[CH: 50] LEN: 12 | HEX: F1 77 7C F4 EA 70 95 FD 76 7F BB 5F | T:2496873 RPD:1
[CH: 50] LEN: 12 | HEX: F1 77 BE F5 EC 73 95 F6 C1 F9 AF B7 | T:2496874 RPD:0
[CH: 50] LEN: 12 | HEX: F1 77 FA FE FE 70 95 F6 76 77 7F C4 | T:2496885 RPD:1
[CH: 50] LEN: 12 | HEX: F9 77 DB FB FE 73 95 EA 41 A9 BE EF | T:2496896 RPD:1
[CH: 50] LEN: 12 | HEX: F9 77 BD FE FE 70 95 EF 76 7F BF FF | T:2496897 RPD:0
[CH: 50] LEN: 12 | HEX: F9 77 DC FC FE 70 95 FE 76 7D BD FD | T:2496908 RPD:1
[CH: 50] LEN: 12 | HEX: F1 77 FA FE FE 70 95 EE 76 7B BB F7 | T:2496908 RPD:0
[CH: 50] LEN: 12 | HEX: F1 77 BF F9 FC 73 95 D5 41 D5 BF 5D | T:2496919 RPD:1
[CH: 50] LEN: 12 | HEX: F9 77 FA FA FE 70 95 FF 76 7B AF FF | T:2496931 RPD:1
[CH: 50] LEN: 12 | HEX: F1 77 AA FD FE 73 95 FD 41 FD BF FE | T:2496931 RPD:0
[CH: 50] LEN: 12 | HEX: F9 77 DD F6 FE 70 95 EE F6 7F AD FF | T:2496942 RPD:1
[CH: 50] LEN: 12 | HEX: F5 77 DE F4 F6 70 95 F6 76 7D BF FF | T:2496943 RPD:0
[CH: 50] LEN: 12 | HEX: F9 77 EB F5 FE 73 95 EE 01 D5 AD EF | T:2496954 RPD:1
[CH: 50] LEN: 12 | HEX: F1 7F BC EE FE 70 95 EA 76 7F 3E FE | T:2496965 RPD:1
[CH: 50] LEN: 12 | HEX: F9 77 7E FD EC 73 95 FE C1 FD B5 D1 | T:2496965 RPD:0
[CH: 50] LEN: 12 | HEX: F9 77 DD FD FE 73 95 EE 81 FD AF DF | T:2496977 RPD:1
[CH: 50] LEN: 12 | HEX: F9 77 FB FD FE 73 95 D4 81 A9 AF 7E | T:2496977 RPD:0
[CH: 50] LEN: 12 | HEX: F9 77 FD FE F6 70 95 F6 F6 7D BF DF | T:2496988 RPD:1
[CH: 50] LEN: 12 | HEX: F9 77 FE FD EE 73 95 F7 41 FD BF 7F | T:2496988 RPD:0
[CH: 50] LEN: 12 | HEX: F9 77 BD FE FE 70 95 FD 76 7F 3F AA | T:2497000 RPD:1
[CH: 50] LEN: 12 | HEX: F1 77 FD EB FE 73 95 FD 41 FD BF F7 | T:2497011 RPD:1
[CH: 50] LEN: 12 | HEX: F9 77 FE FA FE 70 95 FF 76 7F AE FF | T:2497011 RPD:1
[CH: 50] LEN: 12 | HEX: F9 77 FE FD EE 73 95 EF A1 D9 BF D1 | T:2497023 RPD:1
[CH: 50] LEN: 12 | HEX: F1 7F FD FA FE 70 95 FF 76 77 37 F7 | T:2497023 RPD:0
[CH: 50] LEN: 12 | HEX: F9 77 DA F5 FE 73 95 EE A1 D5 BF EF | T:2497034 RPD:1
[CH: 50] LEN: 12 | HEX: F1 77 FB FE FE 70 95 FF F6 7F EF FF | T:2497045 RPD:1
[CH: 50] LEN: 12 | HEX: F1 77 BC FB FE 73 95 EE 81 FF AE DB | T:2497046 RPD:0
[CH: 50] LEN: 12 | HEX: F9 77 DE FE FE 70 95 FE 76 7F B5 EF | T:2497057 RPD:1
[CH: 50] LEN: 12 | HEX: F9 77 FE FA EA 70 95 FE 76 7D BF FF | T:2497057 RPD:0
[CH: 50] LEN: 12 | HEX: F9 77 DD FD FE 73 95 DA C1 FD B7 FD | T:2497069 RPD:1
[CH: 50] LEN: 12 | HEX: F9 77 FE FE FE 70 95 EB 76 7F 6E FF | T:2497069 RPD:0
[CH: 50] LEN: 12 | HEX: F9 77 FD FD F6 73 95 FF 61 FD AF D7 | T:2497080 RPD:1
[CH: 50] LEN: 12 | HEX: F5 77 D6 FE FE 70 95 FE FE 7B BF FF | T:2497091 RPD:1
[CH: 50] LEN: 12 | HEX: F1 77 DD FB F6 73 95 D5 41 D5 BF FD | T:2497092 RPD:0
[CH: 50] LEN: 12 | HEX: F9 77 BD FC FE 70 95 FE 76 7E FA EB | T:2497103 RPD:1
[CH: 50] LEN: 12 | HEX: F9 77 7A FD FE 73 95 FF 41 ED BF FF | T:2497103 RPD:0
[CH: 50] LEN: 12 | HEX: F9 77 FE FE FE 70 95 EF 76 7B BF FD | T:2497115 RPD:1
[CH: 50] LEN: 12 | HEX: F9 77 FE FD FE 73 95 EE 81 FD B5 BF | T:2497126 RPD:1
[CH: 50] LEN: 12 | HEX: F9 77 F9 FD FE 73 95 FE A1 FD BF FF | T:2497126 RPD:0
[CH: 50] LEN: 12 | HEX: F1 77 FE FD FE 73 95 EF 61 FD BF FF | T:2497137 RPD:1
[CH: 50] LEN: 12 | HEX: F9 77 DA F9 FE 73 95 55 21 D5 AA DB | T:2497138 RPD:0
[CH: 50] LEN: 12 | HEX: F9 77 B4 FE FE 70 95 FF 76 77 33 AF | T:2497149 RPD:1
[CH: 50] LEN: 12 | HEX: F9 77 AC F5 FE 73 95 DE 81 D5 AB BD | T:2497160 RPD:1
[CH: 50] LEN: 12 | HEX: F9 77 FE FE FC 70 95 FF 76 7F AD FF | T:2497161 RPD:0
[CH: 50] LEN: 12 | HEX: F1 77 FD FD EA 73 95 EF 81 E9 AB FF | T:2497172 RPD:1
[CH: 50] LEN: 12 | HEX: F9 77 DD FE FE 70 95 FE 76 7D AF FA | T:2497172 RPD:0
[CH: 50] LEN: 12 | HEX: F9 77 FD FD FE 73 95 FF E1 F5 AE FF | T:2497183 RPD:1
[CH: 50] LEN: 12 | HEX: F9 77 FA FE FE 70 95 FF 76 7A BF 75 | T:2497184 RPD:0
[CH: 50] LEN: 12 | HEX: F9 77 FB FD EA 73 95 EA A1 F5 BF FE | T:2497195 RPD:1
[CH: 50] LEN: 12 | HEX: F9 77 FE F6 FE 70 95 DE 76 77 BF FF | T:2497206 RPD:1
[CH: 50] LEN: 12 | HEX: F9 77 D6 FD FE 73 95 EF 61 DD BF FF | T:2497207 RPD:0
[CH: 50] LEN: 12 | HEX: F9 77 BA EC F4 70 95 F6 F6 7A BA F5 | T:2497218 RPD:1
[CH: 50] LEN: 12 | HEX: F1 77 5B FE FE 70 95 FF 76 7F EE EC | T:2497218 RPD:1
[CH: 50] LEN: 12 | HEX: F9 77 FE FD EE 73 95 FF 61 F5 BB BF | T:2497229 RPD:1
[CH: 50] LEN: 12 | HEX: F9 77 FC FD FE 73 95 FF C1 FD AF FD | T:2497241 RPD:1
[CH: 50] LEN: 12 | HEX: F9 77 FC FE FE 70 95 FE 76 7F AF EB | T:2497241 RPD:0
[CH: 50] LEN: 12 | HEX: F9 77 EE FD FE 73 95 FF 61 ED BF FF | T:2497252 RPD:1
[CH: 50] LEN: 12 | HEX: F9 77 FF FB FC 73 95 FF C1 FD AA DF | T:2497252 RPD:0
[CH: 50] LEN: 12 | HEX: F1 77 FD FE FE 70 95 FF 76 7F BF FF | T:2497264 RPD:1
[CH: 50] LEN: 12 | HEX: F9 77 7A FD FE 73 95 FF A1 D9 BA FE | T:2497264 RPD:0
[CH: 50] LEN: 12 | HEX: F9 77 FF FE FE 70 95 FF 76 7D BE ED | T:2497275 RPD:1
[CH: 50] LEN: 12 | HEX: F9 77 BB FD F5 7B 95 D6 81 ED BD FF | T:2497287 RPD:1
[CH: 50] LEN: 12 | HEX: F9 77 FD F6 FE 70 95 FF 76 7F BA DF | T:2497287 RPD:0
[CH: 50] LEN: 12 | HEX: F9 77 FB FD EA 73 95 FB 41 E9 AF FF | T:2497298 RPD:1
[CH: 50] LEN: 12 | HEX: F1 77 BE F6 EE 70 95 FF 76 7F BF F7 | T:2497298 RPD:0
[CH: 50] LEN: 12 | HEX: F9 77 BD FD F6 73 95 FF A1 F5 AE BF | T:2497310 RPD:1
[CH: 50] LEN: 12 | HEX: F9 77 FD FE F4 70 95 FF F6 7F AF 7F | T:2497321 RPD:1
[CH: 50] LEN: 12 | HEX: F1 7F B4 E9 FE 73 95 D7 21 D5 AA AA | T:2497321 RPD:0
[CH: 50] LEN: 12 | HEX: F9 77 DB FE FE 70 95 FE F6 77 AF FF | T:2497333 RPD:1
[CH: 50] LEN: 12 | HEX: F9 77 54 FE F4 78 95 DE F6 77 EF FF | T:2497333 RPD:0
[CH: 50] LEN: 12 | HEX: F9 77 FD FD FE 73 95 D5 41 AB BD FE | T:2497344 RPD:1
[CH: 50] LEN: 12 | HEX: F1 77 F5 F6 FA 70 95 FE 76 77 BF FF | T:2497355 RPD:1
[CH: 50] LEN: 12 | HEX: F9 77 DE FD FE 73 95 DE C1 FD BF FF | T:2497356 RPD:0
[CH: 50] LEN: 12 | HEX: F9 77 FD FE FE 70 95 F7 76 7B BF DD | T:2497367 RPD:1
[CH: 50] LEN: 12 | HEX: F1 77 FA F9 EE 73 95 D6 A1 A9 AF 7E | T:2497367 RPD:0
[CH: 50] LEN: 12 | HEX: F9 77 FC F4 F6 70 95 F6 76 7F AF 7F | T:2497379 RPD:1
[CH: 50] LEN: 12 | HEX: F9 77 FE FD FE 73 95 FF A1 F5 AD F6 | T:2497379 RPD:0
[CH: 50] LEN: 12 | HEX: F1 77 BE F6 F7 70 95 FF 76 7F AE BA | T:2497390 RPD:1
[CH: 50] LEN: 12 | HEX: F9 77 DE F5 EA 73 95 D5 01 DD BA FA | T:2497401 RPD:1
[CH: 50] LEN: 12 | HEX: F9 77 FB FA F5 70 95 FF 76 7D BF FF | T:2497402 RPD:0
[CH: 50] LEN: 12 | HEX: F9 77 DE FD FE 73 95 FF 41 ED AF 7F | T:2497413 RPD:1
[CH: 50] LEN: 12 | HEX: F9 77 DE FD F6 73 95 D5 41 AB BF 6F | T:2497413 RPD:0
[CH: 50] LEN: 12 | HEX: F9 77 5E FD FF 73 95 FF A1 FD AF F7 | T:2497425 RPD:1
[CH: 50] LEN: 12 | HEX: F9 77 FD FD FE 73 95 FE 81 E9 B7 FD | T:2497436 RPD:1
[CH: 50] LEN: 12 | HEX: F1 77 FD F5 F4 70 95 FE F6 7B 3F F7 | T:2497436 RPD:0
[CH: 50] LEN: 12 | HEX: F9 77 DA F9 FE 73 95 FF 41 FD BF F7 | T:2497447 RPD:1
[CH: 50] LEN: 12 | HEX: F1 77 BA EE FE 70 95 EF 76 7F A7 F6 | T:2497448 RPD:0
[CH: 50] LEN: 12 | HEX: F9 77 FD F9 FE 73 95 FF 41 ED BF BF | T:2497459 RPD:1
[CH: 50] LEN: 12 | HEX: F9 77 DD FE FE 70 95 F7 76 7F AF FF | T:2497459 RPD:0
[CH: 50] LEN: 12 | HEX: F9 77 FD FD FE 73 95 D5 21 A9 BF 3F | T:2497471 RPD:1
[CH: 50] LEN: 12 | HEX: F9 77 FE F6 F5 70 95 FE 76 7B 3F BF | T:2497482 RPD:1
[CH: 50] LEN: 12 | HEX: F9 77 FF FB FE 73 95 FF 41 F5 BF FF | T:2497482 RPD:0
[CH: 50] LEN: 12 | HEX: F9 77 FF FD EC 73 95 FF 81 FD B5 7F | T:2497493 RPD:1
[CH: 50] LEN: 12 | HEX: F9 77 AA FE FE 70 95 FF 76 7F BF BF | T:2497494 RPD:0
[CH: 50] LEN: 12 | HEX: F9 77 D6 F5 FE 73 95 F7 41 ED BF FF | T:2497505 RPD:1
[CH: 50] LEN: 12 | HEX: F1 77 5E F7 EA 73 95 FF 21 EB BD D4 | T:2497516 RPD:1
[CH: 50] LEN: 12 | HEX: F9 77 FE FF FE 70 95 EF 76 7B B7 DE | T:2497516 RPD:0
[CH: 50] LEN: 12 | HEX: F9 77 FB F5 EE 73 95 FE 81 FD BB BF | T:2497528 RPD:1
[CH: 50] LEN: 12 | HEX: F1 77 FF FD DC 73 95 FE A1 FD BF FF | T:2497528 RPD:0
[CH: 50] LEN: 12 | HEX: F1 77 FA EA F6 70 95 FE F6 7D BF DB | T:2497539 RPD:1
[CH: 50] LEN: 12 | HEX: F1 77 FD FD FE 73 95 EB C1 F5 AF BF | T:2497551 RPD:1
[CH: 50] LEN: 12 | HEX: F9 77 EC FA F6 70 95 FE 76 7B BF FF | T:2497551 RPD:0
[CH: 50] LEN: 12 | HEX: F9 77 FB F5 FE 73 95 EA 81 D5 BD BE | T:2497562 RPD:1
[CH: 50] LEN: 12 | HEX: F9 77 FA FD FE 73 95 FE 81 ED BF FF | T:2497562 RPD:0
[CH: 50] LEN: 12 | HEX: F1 77 FF FE FE 70 95 F6 F6 7F AF FF | T:2497574 RPD:1
[CH: 50] LEN: 12 | HEX: F9 77 FA FD FE 73 95 FF E1 FD AF DD | T:2497574 RPD:0
[CH: 50] LEN: 12 | HEX: F9 77 DA F6 FE 70 95 FF 76 7A BF F7 | T:2497585 RPD:1
[CH: 50] LEN: 12 | HEX: F9 77 FA FE FA 70 95 FE 76 7A AF BF | T:2497597 RPD:1
[CH: 50] LEN: 12 | HEX: F9 77 EC FD EE 73 95 FF 81 E9 AF FF | T:2497597 RPD:0
[CH: 50] LEN: 12 | HEX: F9 7F 5A F6 FE 70 95 FF 76 7F BB 5F | T:2497608 RPD:1
[CH: 50] LEN: 12 | HEX: F9 77 FE FE EA 70 95 DE 76 75 5B FD | T:2497608 RPD:0
[CH: 50] LEN: 12 | HEX: F9 77 DD F5 FE 73 95 D5 41 A9 BF A7 | T:2497620 RPD:1
[CH: 50] LEN: 12 | HEX: F9 77 BA FC FA 70 95 FE F6 7F AF FF | T:2497631 RPD:1
[CH: 50] LEN: 12 | HEX: F1 77 BF FD FE 73 95 D6 A1 D5 AF BA | T:2497631 RPD:0
[CH: 50] LEN: 12 | HEX: F9 77 DE F6 FA 70 95 EE 76 7F BF 54 | T:2497643 RPD:1
[CH: 50] LEN: 12 | HEX: F1 77 FD F7 FE 73 95 F7 41 FD AF EF | T:2497643 RPD:0
[CH: 50] LEN: 12 | HEX: F9 77 FD FA FE 70 95 DF 76 7F AF 7F | T:2497654 RPD:1
[CH: 50] LEN: 12 | HEX: F9 77 FF F9 EE 73 95 D5 21 D5 BB DA | T:2497654 RPD:0
[CH: 50] LEN: 12 | HEX: F1 77 7A F6 FA 70 95 F7 76 7F FB FE | T:2497666 RPD:1
[CH: 50] LEN: 12 | HEX: F9 77 FF FD EE 73 95 FE A1 FD BD AE | T:2497677 RPD:1
[CH: 50] LEN: 12 | HEX: F9 77 DE F6 F6 70 95 EE 76 7B AF F7 | T:2497677 RPD:0
[CH: 50] LEN: 12 | HEX: F1 77 DE FD FE 73 95 FE C1 FD BF BE | T:2497689 RPD:1
[CH: 50] LEN: 12 | HEX: F9 77 DC FD FE 73 95 FB A1 DD B3 FD | T:2497689 RPD:0
[CH: 50] LEN: 12 | HEX: F9 77 FC FE F6 70 95 DE F6 7F BC EB | T:2497700 RPD:1
[CH: 50] LEN: 12 | HEX: F9 77 FE F5 FE 73 95 FE 41 F7 AF 7F | T:2497711 RPD:1
[CH: 50] LEN: 12 | HEX: F9 77 FE FE FE 70 95 FE F6 7F AB FE | T:2497712 RPD:0
[CH: 50] LEN: 12 | HEX: F9 77 FA FE FE 70 95 FF 76 7D AF F7 | T:2497723 RPD:1
[CH: 50] LEN: 12 | HEX: F1 77 FD FE F6 70 95 FF F6 7F BF FB | T:2497723 RPD:0
[CH: 50] LEN: 12 | HEX: F1 77 AE F5 FE 73 95 FF 61 ED BF FE | T:2497734 RPD:1
[CH: 50] LEN: 12 | HEX: F1 77 FE EE FE 70 95 FF 76 7F AD EF | T:2497746 RPD:1
[CH: 50] LEN: 12 | HEX: F9 77 FC FD FE 73 95 D5 01 D5 AB ED | T:2497746 RPD:0
[CH: 50] LEN: 12 | HEX: F9 77 FD EA FE 70 95 FF 76 7B 37 BF | T:2497757 RPD:1
[CH: 50] LEN: 12 | HEX: F9 7F DE FE FE 70 95 F7 76 77 BD FF | T:2497758 RPD:0
[CH: 50] LEN: 12 | HEX: F9 77 D4 F5 F4 73 95 DD 41 ED AD EF | T:2497769 RPD:1
[CH: 50] LEN: 12 | HEX: F9 77 DC FE FE 70 95 F7 76 7F BE DF | T:2497769 RPD:0
[CH: 50] LEN: 12 | HEX: F9 77 BA FD F6 73 95 EF 41 FD BD FF | T:2497780 RPD:1
[CH: 50] LEN: 12 | HEX: F1 77 BB F5 EE 73 95 FE 81 FD BD FF | T:2497792 RPD:1
[CH: 50] LEN: 12 | HEX: F1 77 DE FE F4 70 95 FF F6 7F BF BF | T:2497792 RPD:0
[CH: 50] LEN: 12 | HEX: F1 77 DD ED DE 73 95 D5 41 DD AF 7D | T:2497803 RPD:1
[CH: 50] LEN: 12 | HEX: F1 77 FF FB FE 73 95 FF 41 FD BF FF | T:2497804 RPD:0
[CH: 50] LEN: 12 | HEX: F9 77 F4 F6 FA 70 95 F6 76 77 3E B2 | T:2497815 RPD:1
[CH: 50] LEN: 12 | HEX: F1 77 FD EF DE 73 95 DE 81 DD AD BF | T:2497826 RPD:1
[CH: 50] LEN: 12 | HEX: F5 77 FE FE F4 70 95 FE 76 7F BF FF | T:2497826 RPD:1
[CH: 50] LEN: 12 | HEX: F1 77 F9 F5 FD 73 D5 FF C1 FD BF EE | T:2497838 RPD:1
[CH: 50] LEN: 12 | HEX: F9 77 EE FA EC 74 95 FE 76 7D BF 7B | T:2497838 RPD:0
[CH: 50] LEN: 12 | HEX: F9 77 FE F5 FE 73 95 FF A1 FD BF BD | T:2497849 RPD:1
[CH: 50] LEN: 12 | HEX: F9 77 FA F6 EE 70 95 DD F6 77 BB AF | T:2497850 RPD:0
[CH: 50] LEN: 12 | HEX: F1 77 FA FD FC 73 95 D6 C1 FD BF F7 | T:2497861 RPD:1
[CH: 50] LEN: 12 | HEX: F1 77 6E F4 FE 70 95 F6 F6 7B B6 FF | T:2497872 RPD:1
[CH: 50] LEN: 12 | HEX: F9 77 BA EB D6 73 95 EF C1 E9 BF 75 | T:2497872 RPD:0
[CH: 50] LEN: 12 | HEX: F9 77 FD FE FE 70 95 EF 76 7F BF 5F | T:2497884 RPD:1
[CH: 50] LEN: 12 | HEX: F5 77 BD F6 EE 70 95 D7 76 7F BF FB | T:2497884 RPD:0
[CH: 50] LEN: 12 | HEX: F1 77 DE FD EE 73 95 F7 41 FD BB DB | T:2497895 RPD:1
[CH: 50] LEN: 12 | HEX: F5 77 FD F6 FE 70 95 FD 76 7F B7 EB | T:2497907 RPD:1
[CH: 50] LEN: 12 | HEX: F5 77 DA FD F6 73 95 ED 41 ED BF 5B | T:2497907 RPD:0
[CH: 50] LEN: 12 | HEX: F9 77 76 F5 EE 70 95 DD 76 77 7D FF | T:2497918 RPD:1
[CH: 50] LEN: 12 | HEX: F1 77 7A F5 EE 73 95 D5 01 D5 BE FA | T:2497918 RPD:0
[CH: 50] LEN: 12 | HEX: F1 77 DE FE FA 70 95 EE F6 7B AB BB | T:2497930 RPD:1
[CH: 50] LEN: 12 | HEX: F5 77 6A ED DD 73 95 DD C1 FD AB ED | T:2497941 RPD:1
[CH: 50] LEN: 12 | HEX: F1 77 FA FE FE 70 95 EF 76 7B 3F 7F | T:2497941 RPD:0
[CH: 50] LEN: 12 | HEX: E9 77 DF FD F6 73 95 FD C1 F5 AF F7 | T:2497952 RPD:1
[CH: 50] LEN: 12 | HEX: F5 77 FA F5 EA 73 95 EF C1 F5 AA BD | T:2497953 RPD:0
[CH: 50] LEN: 12 | HEX: E9 77 FA FE FE 70 95 FE F6 7B AE FF | T:2497964 RPD:1
[CH: 50] LEN: 12 | HEX: E9 77 5C E9 F6 73 95 ED 41 F5 BF FD | T:2497964 RPD:1
[CH: 50] LEN: 12 | HEX: F9 77 5E F6 F6 70 95 DE 76 7F 3E FD | T:2497976 RPD:1
[CH: 50] LEN: 12 | HEX: F9 77 FE FE FE 70 95 FE F6 7F 7D FF | T:2497987 RPD:1
[CH: 50] LEN: 12 | HEX: F1 77 F4 FD FE 73 95 FE 81 DD AF FF | T:2497987 RPD:0
[CH: 50] LEN: 12 | HEX: F5 77 BA FE F6 70 95 FF F6 77 FF 7B | T:2497998 RPD:1
[CH: 50] LEN: 12 | HEX: F5 77 B4 EA FE 70 95 FB 76 F7 AF FF | T:2497999 RPD:0
[CH: 50] LEN: 12 | HEX: F1 77 FA FD FD 73 95 FD 41 ED AF DF | T:2498010 RPD:1
[CH: 50] LEN: 12 | HEX: FD 77 F4 FE EE 70 95 FD 76 7F 6F F7 | T:2498021 RPD:1
[CH: 50] LEN: 12 | HEX: F9 77 F6 ED DD 73 95 D5 41 D5 AE ED | T:2498022 RPD:0
[CH: 50] LEN: 12 | HEX: F5 77 BA FE FE 70 95 FF F6 7F AB FF | T:2498033 RPD:1
[CH: 50] LEN: 12 | HEX: F9 77 BE F6 EE 70 95 FD 76 7F AE FE | T:2498033 RPD:0
[CH: 50] LEN: 12 | HEX: F9 77 B6 FD FE 73 95 FD 41 DD AF F6 | T:2498044 RPD:1
[CH: 50] LEN: 12 | HEX: F9 77 F4 FE F4 70 95 DF 76 7B AF FF | T:2498045 RPD:0
[CH: 50] LEN: 12 | HEX: F9 77 BE F5 FD 73 95 FF C1 FD BB BB | T:2498056 RPD:1
[CH: 50] LEN: 12 | HEX: F9 77 F4 FD FC 73 95 FD C1 FB AF FB | T:2498067 RPD:1
[CH: 50] LEN: 12 | HEX: E9 77 FA FE FE 70 95 FE F6 7F AE EF | T:2498068 RPD:0
[CH: 50] LEN: 12 | HEX: F1 77 7A F5 FD 73 95 FE C1 ED AF F7 | T:2498079 RPD:1
[CH: 50] LEN: 12 | HEX: F1 77 FC ED ED 73 95 FE C1 FD BF FF | T:2498079 RPD:0
[CH: 50] LEN: 12 | HEX: F1 77 FA EE EA 70 95 FD 76 7F 7F F6 | T:2498090 RPD:1
[CH: 50] LEN: 12 | HEX: F1 77 EA FD FD 73 95 FD C1 FD AF EF | T:2498102 RPD:1
[CH: 50] LEN: 12 | HEX: F1 77 B6 FE F6 70 95 FD 76 77 7B 7F | T:2498102 RPD:0
[CH: 50] LEN: 12 | HEX: F9 77 BC F5 FE 73 95 FD C1 FD AB FB | T:2498113 RPD:1
[CH: 50] LEN: 12 | HEX: F1 77 BC FE F6 70 95 FE F6 75 7F FD | T:2498114 RPD:0
[CH: 50] LEN: 12 | HEX: F5 77 FA FD FD 73 95 F7 41 DF AB EF | T:2498125 RPD:1
[CH: 50] LEN: 12 | HEX: F5 77 FA EA F6 70 95 FD 76 7E AF 77 | T:2498136 RPD:1
[CH: 50] LEN: 12 | HEX: F5 77 BC F5 DD 73 95 B4 C1 D5 BD FF | T:2498136 RPD:0
[CH: 50] LEN: 12 | HEX: F5 77 F6 EE FE 70 95 FF 7E 7F AF BF | T:2498148 RPD:1
[CH: 50] LEN: 12 | HEX: F9 77 76 FC EE 70 95 DD 76 77 B6 FB | T:2498148 RPD:0
[CH: 50] LEN: 12 | HEX: ED 67 7E F5 AD 73 95 FD C1 D9 B7 FB | T:2498159 RPD:1
[CH: 50] LEN: 12 | HEX: F5 77 BA FD F6 70 95 EE 76 7B 7F BF | T:2498159 RPD:0
[CH: 50] LEN: 12 | HEX: F5 77 EE FD FD 73 95 DF C1 FF AF D7 | T:2498171 RPD:1
[CH: 50] LEN: 12 | HEX: F9 77 BC FE EE 70 95 FF 76 77 6A EF | T:2498182 RPD:1
[CH: 50] LEN: 12 | HEX: E9 77 7E F5 ED 73 95 FE C1 DD BF 7F | T:2498182 RPD:0
[CH: 50] LEN: 12 | HEX: F5 77 F4 FD DD 73 95 FD C1 FD BE FD | T:2498194 RPD:1
[CH: 50] LEN: 12 | HEX: E9 77 B4 ED F6 73 95 DD C1 FD BD BD | T:2498194 RPD:0
[CH: 50] LEN: 12 | HEX: F5 77 F4 FE FE 70 95 FD 76 7D BF 7F | T:2498205 RPD:1
[CH: 50] LEN: 12 | HEX: F9 77 7E FD FA 73 95 FD C1 FD BF FF | T:2498216 RPD:1
[CH: 50] LEN: 12 | HEX: F5 77 BE FE F6 70 95 F7 76 7B B7 DF | T:2498217 RPD:0
[CH: 50] LEN: 12 | HEX: F5 77 F4 FD DD 73 95 EF C1 DD B7 DF | T:2498228 RPD:1
[CH: 50] LEN: 12 | HEX: E9 77 EA F5 FD 73 95 DF C1 F9 BF FB | T:2498228 RPD:0
[CH: 50] LEN: 12 | HEX: F5 77 F4 FE EE 70 95 FE F6 7F EF FF | T:2498240 RPD:1
[CH: 50] LEN: 12 | HEX: F5 77 BE F9 DE 73 95 FD C1 DD AF FF | T:2498240 RPD:0
[CH: 50] LEN: 12 | HEX: F9 77 DD FE F4 70 95 DD 76 7F 7F FE | T:2498251 RPD:1
[CH: 50] LEN: 12 | HEX: F9 77 7A EE FD 70 95 D7 76 7B BF FF | T:2498262 RPD:1
[CH: 50] LEN: 12 | HEX: E9 77 B4 F5 DE 73 95 EF 41 ED BF FB | T:2498263 RPD:0
[CH: 50] LEN: 12 | HEX: F5 77 F6 F6 FE 70 95 DD 76 77 7F F5 | T:2498274 RPD:1
[CH: 50] LEN: 12 | HEX: F5 77 F6 F6 FE 70 95 EF 76 7F 7D FF | T:2498274 RPD:0
[CH: 50] LEN: 12 | HEX: F1 77 7E ED FA 73 95 DF C1 ED BF FF | T:2498286 RPD:1
[CH: 50] LEN: 12 | HEX: F9 77 BE FE EE 70 95 FF 76 7F AF FF | T:2498297 RPD:1
[CH: 50] LEN: 12 | HEX: F1 77 FA F5 ED 73 95 FE 81 DD AF FF | T:2498297 RPD:0
[CH: 50] LEN: 12 | HEX: F1 77 B6 EE F6 70 95 FF F6 7F 6D 7F | T:2498308 RPD:1
[CH: 50] LEN: 12 | HEX: FD 77 BE FE FA 70 95 FE 76 7F BE FD | T:2498309 RPD:0
[CH: 50] LEN: 12 | HEX: F5 77 DD F5 FD 73 95 EE 41 FD BE AF | T:2498320 RPD:1
[CH: 50] LEN: 12 | HEX: F5 77 74 E9 FA 73 95 FD C1 FD B7 DF | T:2498331 RPD:1
[CH: 50] LEN: 12 | HEX: F5 77 BE FE EE 70 95 FF 76 77 7F BF | T:2498332 RPD:0
[CH: 50] LEN: 12 | HEX: FD 77 BE F9 FD 73 95 EF C1 FB BF FF | T:2498343 RPD:1
[CH: 50] LEN: 12 | HEX: E9 77 F4 ED D4 73 95 DD C1 DD BA BF | T:2498343 RPD:0
[CH: 50] LEN: 12 | HEX: F5 77 B4 EE FE 70 95 FB 76 7F AE FD | T:2498354 RPD:1
[CH: 50] LEN: 12 | HEX: E9 77 D6 F5 FE 73 95 ED 41 FD AF 7F | T:2498355 RPD:0
[CH: 50] LEN: 12 | HEX: FD 77 F6 FA FE 70 95 FD 76 7F BB FD | T:2498366 RPD:1
[CH: 50] LEN: 12 | HEX: F5 77 F4 FD FF 73 95 FD 41 FD B5 FF | T:2498377 RPD:1
[CH: 50] LEN: 12 | HEX: F9 77 B6 FE FE 70 95 FE F6 7F 7B BF | T:2498377 RPD:0
[CH: 50] LEN: 12 | HEX: F9 77 DE FE F6 70 95 ED F6 7B BF FF | T:2498389 RPD:1
[CH: 50] LEN: 12 | HEX: F5 77 BE F6 FE 70 95 FF 7E 7F 7F FE | T:2498389 RPD:0
[CH: 50] LEN: 12 | HEX: FD 77 7E F5 FF 73 95 FF C1 F9 BF FF | T:2498400 RPD:1
[CH: 50] LEN: 12 | HEX: F5 77 BE FE EE 70 95 FE F6 7F FB FF | T:2498412 RPD:1
[CH: 50] LEN: 12 | HEX: F5 77 DA ED DD 7B 95 FE C1 FD B6 B7 | T:2498412 RPD:0
[CH: 50] LEN: 12 | HEX: F5 77 FD F6 F6 70 95 FD 76 77 BF FF | T:2498423 RPD:1
[CH: 50] LEN: 12 | HEX: E9 77 F4 FD FD 73 95 EE C1 DD AD FF | T:2498423 RPD:0
[CH: 50] LEN: 12 | HEX: F9 77 F4 FE FE 70 95 FF F6 7F AF F7 | T:2498435 RPD:1
[CH: 50] LEN: 12 | HEX: F9 77 BE FE F6 70 95 D5 76 75 3F EF | T:2498435 RPD:0
[CH: 50] LEN: 12 | HEX: F5 77 BE FD F6 73 95 FE C1 E9 BF BF | T:2498446 RPD:1
[CH: 50] LEN: 12 | HEX: FD 77 BD FE FE 70 95 FE F6 77 AF FB | T:2498458 RPD:1
[CH: 50] LEN: 12 | HEX: F1 77 FA ED DF 73 95 DF C1 FD BD 7F | T:2498458 RPD:0
[CH: 50] LEN: 12 | HEX: F5 77 F4 FD FE 73 95 FF 41 ED BB DE | T:2498469 RPD:1
[CH: 50] LEN: 12 | HEX: F5 77 F4 FD FE 73 95 EF 41 FD B7 6F | T:2498469 RPD:0
[CH: 50] LEN: 12 | HEX: F9 77 FA F6 FE 70 95 D6 F6 6A 5F FF | T:2498481 RPD:1
[CH: 50] LEN: 12 | HEX: F9 77 F4 FD D6 73 95 EB C1 ED AF FF | T:2498492 RPD:1
[CH: 50] LEN: 12 | HEX: F9 77 F6 F6 FE 70 95 FE F6 7F BF B7 | T:2498492 RPD:0
[CH: 50] LEN: 12 | HEX: ED 77 7A FD FD 7B 95 EF C1 DD AF FF | T:2498504 RPD:1
[CH: 50] LEN: 12 | HEX: F5 77 F4 F5 FD 73 95 AA C1 A9 AD 7B | T:2498504 RPD:0
[CH: 50] LEN: 12 | HEX: F9 77 FA FE FE 70 95 ED 76 7B 2F F6 | T:2498515 RPD:1
[CH: 50] LEN: 12 | HEX: F9 77 FA FD FD 73 95 FE C1 FD AF FF | T:2498526 RPD:1
[CH: 50] LEN: 12 | HEX: F5 77 B4 EE FE 70 95 FF F6 7F BB FE | T:2498527 RPD:0
[CH: 50] LEN: 12 | HEX: F5 77 B4 F6 FE 70 95 ED 76 7F 2F BB | T:2498538 RPD:1
[CH: 50] LEN: 12 | HEX: F5 77 FC FE EE 70 95 FD 76 7B AF FF | T:2498538 RPD:0
[CH: 50] LEN: 12 | HEX: E9 77 76 F5 DD 73 95 EF 41 DD AB DF | T:2498550 RPD:1
[CH: 50] LEN: 12 | HEX: F9 77 F6 FF FC 70 95 DE 76 7B AB BF | T:2498550 RPD:0
[CH: 50] LEN: 12 | HEX: F9 77 76 E9 EC 73 15 DD 41 D5 AF 6F | T:2498561 RPD:1
[CH: 50] LEN: 12 | HEX: F9 77 FE FE EC 70 95 EE F6 77 7D 56 | T:2498572 RPD:1
[CH: 50] LEN: 12 | HEX: F9 7F B6 ED EE 73 95 AA C1 A9 BF 7F | T:2498573 RPD:1
[CH: 50] LEN: 12 | HEX: F9 77 FA FA FE 70 95 DF 76 7B EF EF | T:2498584 RPD:1
[CH: 50] LEN: 12 | HEX: F5 77 5E E9 F5 73 95 DE C1 D9 B7 EF | T:2498584 RPD:0
[CH: 50] LEN: 12 | HEX: F9 77 7A F6 EE 70 95 FD 76 77 FE BA | T:2498596 RPD:1
[CH: 50] LEN: 12 | HEX: F5 77 DE FB FF 73 95 FE C1 E9 BE FD | T:2498607 RPD:1
[CH: 50] LEN: 12 | HEX: F9 77 F6 FD ED 73 95 FE C1 DD BD FF | T:2498607 RPD:0
[CH: 50] LEN: 12 | HEX: F5 77 74 ED FD 73 95 DE C1 E9 B7 BF | T:2498618 RPD:1
[CH: 50] LEN: 12 | HEX: F5 77 F5 FD FD 73 95 FE C1 FD BB FF | T:2498619 RPD:0
[CH: 50] LEN: 12 | HEX: F5 77 B4 FE FC 70 95 FD 76 77 AE FF | T:2498630 RPD:1
[CH: 50] LEN: 12 | HEX: E9 77 76 F9 FC 73 95 DD 41 F9 BF FF | T:2498630 RPD:0
[CH: 50] LEN: 12 | HEX: F9 77 DA EE F6 70 95 EE F6 7F AF BF | T:2498641 RPD:1
[CH: 50] LEN: 12 | HEX: E9 77 B6 FD ED 73 95 DF C1 DD BF FF | T:2498653 RPD:1
[CH: 50] LEN: 12 | HEX: F5 77 FA FD EF 73 95 F7 41 ED BF FA | T:2498653 RPD:0
[CH: 50] LEN: 12 | HEX: F5 77 F6 FD EE 73 95 DD C1 ED BF FF | T:2498664 RPD:1
[CH: 50] LEN: 12 | HEX: F5 77 FA EE FE 70 95 DE 76 7F 3D F5 | T:2498665 RPD:0
[CH: 50] LEN: 12 | HEX: E9 77 B6 FD FE 73 95 DF C1 FF BF F7 | T:2498676 RPD:1
[CH: 50] LEN: 12 | HEX: F5 77 B6 F6 FE 70 95 FE F6 7F 7E DF | T:2498687 RPD:1
[CH: 50] LEN: 12 | HEX: F5 77 BC E9 FE 73 95 DE C1 FB BB 7E | T:2498687 RPD:0
[CH: 50] LEN: 12 | HEX: F9 77 F4 FE F4 70 95 EE F6 77 3F FB | T:2498699 RPD:1
[CH: 50] LEN: 12 | HEX: F9 77 F4 E9 DD 73 95 DD 41 D9 BF 7F | T:2498699 RPD:0
[CH: 50] LEN: 12 | HEX: F9 77 76 FE EE 70 95 FD 76 7B 77 72 | T:2498710 RPD:1
[CH: 50] LEN: 12 | HEX: F5 77 B6 FE F6 70 95 DA F6 7F AF 7B | T:2498722 RPD:1
[CH: 50] LEN: 12 | HEX: F1 77 F4 FD DC 73 95 EF C1 FD BF FF | T:2498722 RPD:0
[CH: 50] LEN: 12 | HEX: F1 77 F4 EE FD 70 95 DF 76 7F 3F F7 | T:2498733 RPD:1
[CH: 50] LEN: 12 | HEX: F5 77 FA FE FE 70 95 EF F6 FF 7D DF | T:2498733 RPD:0
[CH: 50] LEN: 12 | HEX: F5 77 BC FD ED 73 95 D5 41 95 AF FF | T:2498745 RPD:1
[CH: 50] LEN: 12 | HEX: F5 77 BE F5 EE 73 95 DE C1 F5 BF BE | T:2498745 RPD:0
[CH: 50] LEN: 12 | HEX: F1 77 F4 FE FE 70 95 FD 76 77 AF FF | T:2498756 RPD:1
[CH: 50] LEN: 12 | HEX: F5 77 7A E9 FD 73 D5 FD 41 FB BE BE | T:2498768 RPD:1
[CH: 50] LEN: 12 | HEX: F9 77 F6 FE F6 70 95 DE 76 75 6F FF | T:2498768 RPD:0
[CH: 50] LEN: 12 | HEX: E9 77 F4 FE F6 70 95 FD 76 77 7D FF | T:2498779 RPD:1
[CH: 50] LEN: 12 | HEX: F9 77 FA FB EE 73 95 ED 41 FD AD FF | T:2498779 RPD:0
[CH: 50] LEN: 12 | HEX: E9 77 B6 F6 F6 70 95 ED 76 7F 6D BF | T:2498791 RPD:1
[CH: 50] LEN: 12 | HEX: F5 77 F4 F6 FC 70 95 D5 76 7F 6D F5 | T:2498802 RPD:1
[CH: 50] LEN: 12 | HEX: F5 77 7E F5 FD 73 95 FA C1 FD AE FE | T:2498802 RPD:0
[CH: 50] LEN: 12 | HEX: F9 77 F4 FE FE 70 95 FE 76 7F BF EF | T:2498814 RPD:1
[CH: 50] LEN: 12 | HEX: ED 77 BE EA EC 70 95 DD 76 77 7B FF | T:2498814 RPD:0
[CH: 50] LEN: 12 | HEX: E9 77 DA FD F6 73 95 EF C1 FD AF BF | T:2498825 RPD:1
[CH: 50] LEN: 12 | HEX: F5 77 BE EE FE 70 95 FE 76 76 F7 EF | T:2498825 RPD:0
[CH: 50] LEN: 12 | HEX: F9 77 F4 FD ED 73 95 FE C1 FD AF DD | T:2498837 RPD:1
[CH: 50] LEN: 12 | HEX: E9 77 7E EE FE 70 95 DD 76 7F 7F FF | T:2498848 RPD:0
[CH: 50] LEN: 12 | HEX: F9 77 F6 FD DF 73 95 DF C1 FD BF DE | T:2498848 RPD:0
[CH: 50] LEN: 12 | HEX: F1 77 7C E9 FF 73 95 FF C1 FD AF FF | T:2498860 RPD:1
[CH: 50] LEN: 12 | HEX: F5 77 BE EA FE 70 95 D6 76 7F 7F F4 | T:2498860 RPD:0
[CH: 50] LEN: 12 | HEX: E9 77 BA FB FD 73 95 FC 81 F9 AE FF | T:2498871 RPD:1
[CH: 50] LEN: 12 | HEX: F9 77 FA F4 FC 70 95 FE 76 7D AF DB | T:2498882 RPD:1
[CH: 50] LEN: 12 | HEX: F9 77 B6 EE EE 70 95 FD 76 7F 3F 5F | T:2498883 RPD:0
[CH: 50] LEN: 12 | HEX: E9 77 54 FD DE 73 95 FD 41 ED B7 BB | T:2498894 RPD:1
[CH: 50] LEN: 12 | HEX: F5 77 B4 FD FD 73 95 F7 C1 DB BF FF | T:2498894 RPD:0
[CH: 50] LEN: 12 | HEX: F5 77 FA FE FE 70 95 FD 76 7F 6F FD | T:2498905 RPD:1
[CH: 50] LEN: 12 | HEX: F9 77 F4 F9 D6 73 95 DD C1 ED BD FF | T:2498917 RPD:0
[CH: 50] LEN: 12 | HEX: F9 7F BE FA EE 70 95 DE F6 7E BD BB | T:2498917 RPD:0
[CH: 50] LEN: 12 | HEX: F9 77 5E EE FE 70 95 FE 76 7F 7F FF | T:2498928 RPD:1
[CH: 50] LEN: 12 | HEX: F9 77 BA F7 FD 73 95 FD C1 FD AF FF | T:2498929 RPD:0
[CH: 50] LEN: 12 | HEX: F9 77 F6 F6 FE 70 95 FD 76 77 77 F7 | T:2498940 RPD:0
[CH: 50] LEN: 12 | HEX: ED 77 BA EE FE 70 95 DD 76 7F 7D FF | T:2498950 RPD:1
[CH: 50] LEN: 12 | HEX: F1 77 FA ED DF 73 95 FD C1 FD AF 75 | T:2498953 RPD:1
[CH: 50] LEN: 12 | HEX: F9 77 B6 EE FE 70 95 FA 76 77 7F FF | T:2498973 RPD:1
[CH: 50] LEN: 12 | HEX: F9 77 F4 F5 FD 73 95 FD C1 FD BF 7F | T:2498976 RPD:1
[CH: 50] LEN: 12 | HEX: F5 77 FA FE F6 70 95 FE 76 7D BF F6 | T:2498996 RPD:1
[CH: 50] LEN: 12 | HEX: F5 77 FA FF EE 73 95 DD C1 ED BE FD | T:2499016 RPD:1
[CH: 50] LEN: 12 | HEX: F9 77 DE FE FE 70 95 FE F6 7F 6F 5B | T:2499019 RPD:1
[CH: 50] LEN: 12 | HEX: ED 77 FA ED F4 73 95 ED 41 ED AF FE | T:2499022 RPD:1
[CH: 50] LEN: 12 | HEX: F9 77 F4 FE EA 70 95 FE 76 7B B7 FF | T:2499042 RPD:1
[CH: 50] LEN: 12 | HEX: F9 77 FA FD FE 73 95 ED 41 FD BF BF | T:2499045 RPD:1
[CH: 50] LEN: 12 | HEX: E9 77 BE EE FE 70 95 DA 76 7F FF DF | T:2499048 RPD:1
[CH: 50] LEN: 12 | HEX: F5 77 FC E9 FC 73 95 DD C1 F9 BF FB | T:2499060 RPD:1
[CH: 50] LEN: 12 | HEX: E9 77 F4 FE F6 70 95 FF F7 7F FF FF | T:2499071 RPD:1
[CH: 50] LEN: 12 | HEX: E9 77 B6 F5 EA 73 95 EB C1 FD AB 7D | T:2499074 RPD:1
[CH: 50] LEN: 12 | HEX: F9 77 DC FC F6 70 95 EF 76 7B AF DF | T:2499077 RPD:1
[CH: 50] LEN: 12 | HEX: F5 77 F4 F5 F6 73 95 EB 41 ED BF FF | T:2499089 RPD:1
[CH: 50] LEN: 12 | HEX: F5 77 FE EE FE 70 95 EF F6 7F 7B DF | T:2499089 RPD:0
[CH: 50] LEN: 12 | HEX: F1 77 BA F5 FE 73 95 FD 41 F9 AD AF | T:2499100 RPD:0
[CH: 50] LEN: 12 | HEX: F5 77 BC EE FE 70 95 EE F6 7B FF FE | T:2499112 RPD:1
[CH: 50] LEN: 12 | HEX: F9 77 B4 FD DD 73 95 FD 41 FD AF FF | T:2499112 RPD:1
[CH: 50] LEN: 12 | HEX: F5 77 FA FE F6 70 95 FE 76 7F 7F F7 | T:2499123 RPD:1
[CH: 50] LEN: 12 | HEX: F1 77 F4 FD DF 73 95 D5 41 A9 BF DB | T:2499123 RPD:0
[CH: 50] LEN: 12 | HEX: E9 77 B6 EE F6 70 95 FD 76 7F AD EF | T:2499135 RPD:1
[CH: 50] LEN: 12 | HEX: F9 77 EA F4 F6 70 95 FD 76 7F 7F EF | T:2499135 RPD:0
[CH: 50] LEN: 12 | HEX: F9 77 BA FD FE 73 95 EE C1 FD AF 7B | T:2499146 RPD:0
[CH: 50] LEN: 12 | HEX: F5 77 7F 00 00 75 95 FD 49 06 AF EF | T:2499168 RPD:1
[CH: 50] LEN: 12 | HEX: F9 77 F5 00 00 71 95 FE C9 06 BF AA | T:2499168 RPD:1
[CH: 50] LEN: 12 | HEX: F4 6D EE 00 FE FD 96 FE EC 9F 3E A3 | T:2499198 RPD:1
[CH: 50] LEN: 12 | HEX: E8 6D D7 00 FE F9 96 EE EC 9F 3F 5F | T:2499199 RPD:1
[CH: 50] LEN: 12 | HEX: F1 77 77 00 00 71 96 F7 1C 55 BF 7E | T:2499467 RPD:1
[CH: 50] LEN: 12 | HEX: F1 77 AF 00 00 71 96 F7 1C 55 BF 5B | T:2499468 RPD:1
[CH: 50] LEN: 12 | HEX: F4 6D EF 00 FE F5 96 FF 6C 9E B6 F7 | T:2499498 RPD:1
[CH: 50] LEN: 12 | HEX: F8 6D EE 80 F6 F9 96 EE EC 9E B6 EF | T:2499499 RPD:1
[CH: 50] LEN: 12 | HEX: F9 77 B5 00 00 71 96 F7 9C 55 BD F5 | T:2499767 RPD:1
[CH: 50] LEN: 12 | HEX: F9 77 F7 00 00 71 96 F7 9C 55 BD FF | T:2499768 RPD:1
[CH: 50] LEN: 12 | HEX: F4 6D ED 00 FD F5 96 EB 6C 9D AF AF | T:2499797 RPD:1
[CH: 50] LEN: 12 | HEX: EC 6D FE 80 FD FD 96 FE EC 9E AB FF | T:2499798 RPD:1
[CH: 50] LEN: 12 | HEX: F9 77 77 00 00 71 96 EF 1C 55 BF FF | T:2500067 RPD:1
[CH: 50] LEN: 12 | HEX: F5 77 DB 00 00 71 96 FF 5C 55 AB FF | T:2500067 RPD:1
[CH: 50] LEN: 12 | HEX: F0 6D FD 00 FE ED 96 F7 6C 9D 2F BF | T:2500097 RPD:1
[CH: 50] LEN: 12 | HEX: F0 6D DF 00 FE FB 96 FF 6C 9E BF FF | T:2500098 RPD:1
[CH: 50] LEN: 12 | HEX: E9 77 BB 00 00 71 96 EF 5C 55 B7 BF | T:2500366 RPD:1
[CH: 50] LEN: 12 | HEX: F9 77 BB 00 00 71 96 EE 9C 55 BF FB | T:2500367 RPD:1
[CH: 50] LEN: 12 | HEX: E8 6D FD 00 EE ED 96 F6 EC 9F AE FD | T:2500398 RPD:1
[CH: 50] LEN: 12 | HEX: E9 77 F7 00 00 79 96 FE 9C 55 BD D7 | T:2500666 RPD:1
[CH: 50] LEN: 12 | HEX: F5 76 FB 00 00 71 96 F7 9C 55 BD 7E | T:2500667 RPD:1
[CH: 50] LEN: 12 | HEX: E8 6D FF 00 FD ED 96 FE EC 9F AB FF | T:2500697 RPD:1
[CH: 50] LEN: 12 | HEX: EC 6D DD 00 FE ED 96 F6 6C 9D 2D F7 | T:2500697 RPD:1
[CH: 50] LEN: 12 | HEX: F9 77 F7 00 00 71 96 FF 5C 55 B7 FF | T:2500966 RPD:1
[CH: 50] LEN: 12 | HEX: F9 77 7F 00 00 71 96 FE 9C 55 BF FF | T:2500966 RPD:1
[CH: 50] LEN: 12 | HEX: F4 6D FD 00 FE F7 96 FF 6C 9F 2F EF | T:2500996 RPD:1
[CH: 50] LEN: 12 | HEX: F4 6D DF 00 ED FD 96 FE EC 9F BF 77 | T:2500997 RPD:1
[CH: 50] LEN: 12 | HEX: F9 77 EB 00 00 71 96 EF 9C 55 BF 7F | T:2501265 RPD:1
[CH: 50] LEN: 12 | HEX: F9 77 77 00 00 71 96 EF 1C 55 BF FF | T:2501266 RPD:1
[CH: 50] LEN: 12 | HEX: F4 6D EF 00 F6 FB 96 FE EC 9D BF FF | T:2501296 RPD:1
[CH: 50] LEN: 12 | HEX: F4 6D EF 00 F6 FD 96 FE EC 9F BF FF | T:2501297 RPD:1
[CH: 50] LEN: 12 | HEX: F9 77 BB 00 00 71 96 EF 9C 55 AF FF | T:2501565 RPD:1
[CH: 50] LEN: 12 | HEX: F9 77 F5 00 00 71 96 FE 9C 55 AD FF | T:2501566 RPD:1
[CH: 50] LEN: 12 | HEX: F4 6D FD 00 FD ED 96 F6 EC 9E BF FA | T:2501596 RPD:1
[CH: 50] LEN: 12 | HEX: F8 6D ED 00 FE FD 96 EB 6C 9F AF FF | T:2501596 RPD:1
[CH: 50] LEN: 12 | HEX: F5 77 DB 00 00 71 96 FF 5C 55 AD FD | T:2501865 RPD:1
[CH: 50] LEN: 12 | HEX: F1 77 F7 00 00 71 96 FF 5C 55 AD F5 | T:2501865 RPD:1
[CH: 50] LEN: 12 | HEX: F4 6D F6 80 FE FD 96 FF 6C 9F BE FF | T:2501895 RPD:1
[CH: 50] LEN: 12 | HEX: E8 6D F6 80 EC ED 96 F7 6C 9F BF FD | T:2501896 RPD:1
[CH: 50] LEN: 12 | HEX: F9 77 BF 00 00 71 96 FE 9C 55 BD 7F | T:2502164 RPD:1
[CH: 50] LEN: 12 | HEX: F1 77 5A 00 00 71 96 FF 5C 55 BF FF | T:2502165 RPD:1
[CH: 50] LEN: 12 | HEX: F8 6D FB 00 F4 FD 96 FA 6C 9E FE FF | T:2502196 RPD:1
[CH: 50] LEN: 12 | HEX: F9 77 FD 80 00 71 96 F7 1C 55 BD 7F | T:2502464 RPD:1
[CH: 50] LEN: 12 | HEX: F9 77 D7 00 00 71 96 FF 9C 55 BF FF | T:2502465 RPD:1
[CH: 50] LEN: 12 | HEX: E8 6D EE 80 F5 FD 96 EF 6C 9D 3F 7F | T:2502495 RPD:1
[CH: 50] LEN: 12 | HEX: F8 6D DE 80 F6 ED 96 FF 6C 9E BE FF | T:2502495 RPD:1
[CH: 50] LEN: 12 | HEX: F1 77 F7 00 00 79 96 FF 9C 55 AF 7D | T:2502764 RPD:1
[CH: 50] LEN: 12 | HEX: F9 77 FD 00 00 71 96 FB DC 55 BB 7D | T:2502764 RPD:1
[CH: 50] LEN: 12 | HEX: F8 6D FF 00 F5 F9 96 FB 6C 9F BD FF | T:2502794 RPD:1
[CH: 50] LEN: 12 | HEX: F8 6D FF 00 FE FD 96 FA EC 9F B7 EF | T:2502795 RPD:1
[CH: 50] LEN: 12 | HEX: F9 77 5A 00 00 71 96 FB 9C 55 BD F7 | T:2503063 RPD:1
[CH: 50] LEN: 12 | HEX: F1 77 AF 00 00 71 96 FF 5C 55 BB ED | T:2503064 RPD:1
[CH: 50] LEN: 12 | HEX: F8 6D F7 00 FE FD 96 F5 6C 9F 3E DF | T:2503094 RPD:1
[CH: 50] LEN: 12 | HEX: F8 6D EF 00 FE FD 96 FF 6C 9F AF FF | T:2503095 RPD:1
[CH: 50] LEN: 12 | HEX: F9 77 AD 00 00 71 96 FF 9C 55 BD FF | T:2503363 RPD:1
[CH: 50] LEN: 12 | HEX: F9 77 EA 00 00 71 96 F7 1C 55 BF FF | T:2503364 RPD:1
[CH: 50] LEN: 12 | HEX: EC 6D EA 00 F4 F9 96 EF 6C 9E BF FE | T:2503394 RPD:1
[CH: 50] LEN: 12 | HEX: F0 6D F5 00 FA FD 96 FF 6C 9F AF 7F | T:2503394 RPD:1
[CH: 50] LEN: 12 | HEX: F2 76 FF 00 8C FD 96 FF 30 70 BF FF | T:2503587 RPD:1
[CH: 50] LEN: 12 | HEX: FA 76 FF 00 8C F5 96 FF 30 70 BE DD | T:2503588 RPD:0
[CH: 50] LEN: 12 | HEX: FA 76 FE FA 73 FD 96 FF CE 8D B7 FF | T:2503618 RPD:1
[CH: 50] LEN: 12 | HEX: FA 76 F6 F5 70 EB 96 FD BB 83 BF 7F | T:2503622 RPD:1
[CH: 50] LEN: 12 | HEX: FA 76 F6 E8 71 DD 96 FF 67 66 BF B3 | T:2503625 RPD:1
[CH: 50] LEN: 12 | HEX: FA 76 FE FB 76 FD 96 FA 51 9F BF FF | T:2503655 RPD:1
[CH: 50] LEN: 12 | HEX: FA 76 FE FA 77 FD 96 FF 8D 7A BF EF | T:2503685 RPD:1
[CH: 50] LEN: 12 | HEX: FA 76 FC F9 74 FB 96 FF E8 74 BF FF | T:2503715 RPD:1
[CH: 50] LEN: 12 | HEX: FA 76 FC F8 75 FD 96 FA A4 91 BF AF | T:2503745 RPD:1
[CH: 50] LEN: 12 | HEX: FA 76 FE F7 7A F5 96 FF 95 86 BD F5 | T:2503775 RPD:1
[CH: 50] LEN: 12 | HEX: FA 76 FE E6 7B F5 96 FA 49 63 BF DD | T:2503805 RPD:1
[CH: 50] LEN: 12 | HEX: FA 76 FE F5 70 F1 96 EB 34 6D BB 6E | T:2503835 RPD:1
[CH: 50] LEN: 12 | HEX: FA 76 FE F4 79 FD 96 FF E0 88 BD FF | T:2503865 RPD:1
[CH: 50] LEN: 12 | HEX: FA 76 FE F3 7C FD 96 FF D6 71 AF FF | T:2503895 RPD:1
[CH: 50] LEN: 12 | HEX: F6 76 F6 EA 7F F9 96 FF 0A 94 B5 9B | T:2503925 RPD:1
[CH: 50] LEN: 12 | HEX: FA 76 FE F1 7C DD 96 FF 7F 1A AB DF | T:2503955 RPD:1
[CH: 50] LEN: 12 | HEX: FA 76 FE E0 7D F9 96 FD A3 7F BF 7F | T:2503984 RPD:1
[CH: 50] LEN: 12 | HEX: FA 76 F4 EF 62 F9 96 FF 0D 95 B7 DF | T:2504014 RPD:1
[CH: 50] LEN: 12 | HEX: FA 76 F6 EE 63 FD D6 FF D1 70 BD FF | T:2504044 RPD:1
[CH: 50] LEN: 12 | HEX: FA 76 FC ED 60 F9 96 FF 64 7E BF FF | T:2504074 RPD:1
[CH: 50] LEN: 12 | HEX: FA 76 ED EC 61 FD 96 FD F8 9B FD FF | T:2504104 RPD:1
[CH: 50] LEN: 12 | HEX: FA 76 FC EB 66 FD 96 FF 4E 62 BB BB | T:2504134 RPD:1
[CH: 50] LEN: 12 | HEX: FA 76 F4 EA 67 D9 96 FF 92 87 FE DF | T:2504164 RPD:1
[CH: 50] LEN: 12 | HEX: FA 76 FE E9 64 F5 96 FF F7 09 BF EB | T:2504194 RPD:1
[CH: 50] LEN: 12 | HEX: FA 76 FE E8 65 FD 96 F7 3B 6C BF BD | T:2504224 RPD:1
[CH: 50] LEN: 12 | HEX: FA 76 F5 E7 6A FD 96 FA 8A 7B BF FE | T:2504254 RPD:1
[CH: 50] LEN: 12 | HEX: F2 76 F6 E6 6B FD 96 FA 56 9E BF FF | T:2504284 RPD:1
[CH: 50] LEN: 12 | HEX: FA 76 EE E5 68 E9 96 EA 23 90 B7 D7 | T:2504314 RPD:1
[CH: 50] LEN: 12 | HEX: FA 76 FA E4 69 FD 96 FF AF 75 AF F7 | T:2504344 RPD:1
[CH: 50] LEN: 12 | HEX: FA 76 FE E3 6E FD 96 FF C9 8C BF DF | T:2504374 RPD:1
[CH: 50] LEN: 12 | HEX: F2 7E FE E2 6F F5 96 F7 15 69 B6 FF | T:2504404 RPD:1
[CH: 50] LEN: 12 | HEX: FA 76 FC E1 6C F9 96 FF 60 67 BB FF | T:2504434 RPD:1
[CH: 50] LEN: 12 | HEX: FA 76 F4 E0 6D FD 96 FF BC 82 BB FE | T:2504464 RPD:1
[CH: 50] LEN: 12 | HEX: F2 76 FA DE 52 FB 96 FF 2D 92 BF FE | T:2504494 RPD:1
[CH: 50] LEN: 12 | HEX: F2 76 FE FE 73 FD 96 FF 8E 8D BF FF | T:2504524 RPD:1
[CH: 50] LEN: 12 | HEX: EA 76 F4 FD 70 F5 96 F6 FB 83 BD F7 | T:2504528 RPD:1
[CH: 50] LEN: 12 | HEX: FA 76 FE F4 71 FD 96 FF 67 66 BF FB | T:2504531 RPD:1
[CH: 50] LEN: 12 | HEX: FA 76 FE FA 77 FD 96 FF 8D 7A BE EE | T:2504591 RPD:1
[CH: 50] LEN: 12 | HEX: F2 76 FE F9 74 FB 96 EF 78 7C BF FF | T:2504621 RPD:1
[CH: 50] LEN: 12 | HEX: FA 76 FE F0 75 ED 96 F7 24 91 BB FF | T:2504651 RPD:1
[CH: 50] LEN: 12 | HEX: F2 76 EE E7 7A FB 96 FF 55 86 B6 EA | T:2504681 RPD:1
[CH: 50] LEN: 12 | HEX: FA 76 F6 F6 7B DD 96 F7 49 63 B6 DF | T:2504711 RPD:1
[CH: 50] LEN: 12 | HEX: F2 76 FA E5 78 FB 96 FF 38 6D BE FE | T:2504741 RPD:1
[CH: 50] LEN: 12 | HEX: FA 76 FE F4 79 FD 96 FB D0 88 BF DF | T:2504771 RPD:1
[CH: 50] LEN: 12 | HEX: EA 76 F6 E3 7E F5 96 FF B6 71 BF AE | T:2504801 RPD:1
[CH: 50] LEN: 12 | HEX: FA 76 F6 F2 7D ED 96 FF 0A 94 BB FB | T:2504831 RPD:1
[CH: 50] LEN: 12 | HEX: FA 76 F6 E1 76 ED 96 F5 7B 5A BF 7F | T:2504861 RPD:1
[CH: 50] LEN: 12 | HEX: FA 76 F6 F0 7D F5 96 FF 63 7F BF FD | T:2504891 RPD:1
[CH: 50] LEN: 12 | HEX: F2 76 F6 EF 62 FD 96 FF 0D 95 BF FB | T:2504921 RPD:1
[CH: 50] LEN: 12 | HEX: F2 76 FE EE 63 FD 96 FF 51 70 AF FF | T:2504951 RPD:1
[CH: 50] LEN: 12 | HEX: EA 76 F4 ED 60 FD 96 F6 E4 74 BD EF | T:2504981 RPD:1
[CH: 50] LEN: 12 | HEX: FA 76 FE EC 61 FD 96 F5 78 9B FF EF | T:2505011 RPD:1
[CH: 50] LEN: 12 | HEX: FA 76 FE EB 66 F9 96 FF 4E 62 BF 5F | T:2505041 RPD:1
[CH: 50] LEN: 12 | HEX: F2 76 FE EA 67 D9 96 F7 92 87 BF FB | T:2505070 RPD:1
[CH: 50] LEN: 12 | HEX: FA 76 F6 E8 65 D5 96 F6 3B 6C BF EF | T:2505130 RPD:1
[CH: 50] LEN: 12 | HEX: F2 76 EA E7 6A F5 96 EA 0A 73 BF 7D | T:2505160 RPD:1
[CH: 50] LEN: 12 | HEX: FA 76 FA E6 6B AB 96 FF 56 9C B7 FB | T:2505190 RPD:1
[CH: 50] LEN: 12 | HEX: FA 76 FE E5 68 F9 96 FF 23 90 B5 ED | T:2505220 RPD:1
[CH: 50] LEN: 12 | HEX: FA 76 FC E4 69 F5 96 FF EB 75 BF B5 | T:2505250 RPD:1
[CH: 50] LEN: 12 | HEX: FA 76 FE E3 6E F9 96 FD 89 8C B7 EF | T:2505280 RPD:1
[CH: 50] LEN: 12 | HEX: F2 76 FA E2 6F F9 96 FA 15 69 BF FE | T:2505310 RPD:1
[CH: 50] LEN: 12 | HEX: F2 76 FE E1 6C F9 96 FF 60 67 BF FB | T:2505340 RPD:1
[CH: 50] LEN: 12 | HEX: F2 7E FE F0 6D EB 96 F5 38 82 BE FF | T:2505370 RPD:1
[CH: 50] LEN: 12 | HEX: F2 76 FE DE 52 F9 96 EA 2D 92 BF DD | T:2505400 RPD:1
[CH: 50] LEN: 12 | HEX: FA 76 FA FA 73 FD 96 FF CE 8D BF EF | T:2505430 RPD:1
[CH: 50] LEN: 12 | HEX: FA 76 F5 F7 70 FD 96 FD BB 83 BB ED | T:2505434 RPD:1
[CH: 50] LEN: 12 | HEX: F2 76 FC FC 71 FD 96 FA 67 E6 BE FF | T:2505438 RPD:1
[CH: 50] LEN: 12 | HEX: FA 76 F5 F3 76 F9 96 EA 51 9F 3F FE | T:2505468 RPD:1
[CH: 50] LEN: 12 | HEX: FA 76 FE FA 77 D5 96 FF 8D 72 BF FF | T:2505498 RPD:1
[CH: 50] LEN: 12 | HEX: F2 76 FE F9 74 FD 96 FF A8 74 BF 7F | T:2505528 RPD:1
[CH: 50] LEN: 12 | HEX: FA 7B AE 00 81 F9 96 FF E3 FC BF FB | T:2505756 RPD:1
[CH: 50] LEN: 12 | HEX: F2 7B FF 00 81 F9 96 FF E3 FC BF FD | T:2505756 RPD:1
[CH: 50] LEN: 12 | HEX: F9 77 FE F6 F4 70 96 FF 23 2C B7 FD | T:2505786 RPD:1
[CH: 50] LEN: 12 | HEX: F9 77 FE FD FE 73 96 FF 94 AE BF B7 | T:2505789 RPD:1
[CH: 50] LEN: 12 | HEX: F9 77 FE FE F4 70 96 FF 23 2C BF BF | T:2505792 RPD:1
[CH: 50] LEN: 12 | HEX: F9 77 FE FD FE 73 96 FF 94 AE AB FB | T:2505804 RPD:1
[CH: 50] LEN: 12 | HEX: F9 77 FE FE F4 70 96 FF 23 2C BF FF | T:2505804 RPD:0
[CH: 50] LEN: 12 | HEX: F9 77 FC FD FE 73 96 FF 94 AE BF BF | T:2505815 RPD:1
[CH: 50] LEN: 12 | HEX: F1 77 FE FC FE 70 96 FF 23 2C BF DF | T:2505826 RPD:0
[CH: 50] LEN: 12 | HEX: F9 77 DE FD FE 73 96 FF 94 AE AB DF | T:2505827 RPD:0
[CH: 50] LEN: 12 | HEX: F9 77 FE FE FE 70 96 FF 23 2C BF DD | T:2505838 RPD:1
[CH: 50] LEN: 12 | HEX: F9 77 FE FD FE 73 96 F7 14 AE AF F7 | T:2505838 RPD:0
[CH: 50] LEN: 12 | HEX: F1 77 FE F4 FE 70 96 FF 23 2C BF DD | T:2505850 RPD:1
[CH: 50] LEN: 12 | HEX: F9 77 FE FE FC 70 96 FF 23 2C BF BD | T:2505850 RPD:0
[CH: 50] LEN: 12 | HEX: F1 77 FF FD D5 73 96 FF 94 AE BF FF | T:2505861 RPD:1
[CH: 50] LEN: 12 | HEX: F9 77 FE FE FE 70 96 F7 23 2C BB FF | T:2505872 RPD:0
[CH: 50] LEN: 12 | HEX: F5 77 FE FD FE 73 96 F5 94 AE AF FF | T:2505873 RPD:0
[CH: 50] LEN: 12 | HEX: F9 77 FE FE F6 70 96 FF 23 2C BF 7E | T:2505884 RPD:1
[CH: 50] LEN: 12 | HEX: F9 77 FE FD FE 73 96 FF 94 AE BF BD | T:2505884 RPD:1
[CH: 50] LEN: 12 | HEX: F9 77 FE FE FC 70 96 FB 23 2C AF FD | T:2505896 RPD:1
[CH: 50] LEN: 12 | HEX: F9 77 FE FD FD 73 96 FF 94 AE AD FB | T:2505907 RPD:1
[CH: 50] LEN: 12 | HEX: F9 77 BE FA FA 70 96 FF 23 2C AE BE | T:2505907 RPD:0
[CH: 50] LEN: 12 | HEX: F9 77 EE FE FC 70 96 F7 23 2C BD EA | T:2505918 RPD:0
[CH: 50] LEN: 12 | HEX: F9 77 BE FC F6 70 96 FF 23 2C BD 7B | T:2505921 RPD:1
[CH: 50] LEN: 12 | HEX: F1 77 FE F5 FE 73 96 F7 14 AE BB FF | T:2505932 RPD:1
[CH: 50] LEN: 12 | HEX: F9 77 BB FC FE 70 96 FF 23 2C BE FB | T:2505944 RPD:1
[CH: 50] LEN: 12 | HEX: F9 77 FB F5 EE 73 96 FB 14 AE BF 77 | T:2505947 RPD:1
[CH: 50] LEN: 12 | HEX: F9 77 FF FA FE 70 96 FF 23 2C AF FF | T:2505950 RPD:1
[CH: 50] LEN: 12 | HEX: F9 77 FD FD FC 73 96 F5 94 AE BF FF | T:2505961 RPD:1
[CH: 50] LEN: 12 | HEX: F9 77 FF FE FE 70 96 FF 23 2C BF FF | T:2505962 RPD:0
[CH: 50] LEN: 12 | HEX: F9 77 FE FD FE 73 96 FF 54 AE BF BE | T:2505973 RPD:1
[CH: 50] LEN: 12 | HEX: F9 77 DC FE FE 70 96 FF 23 2C BD FF | T:2505984 RPD:0
[CH: 50] LEN: 12 | HEX: F9 77 BD F5 FE 73 96 FF 94 AE BF FF | T:2505985 RPD:0
[CH: 50] LEN: 12 | HEX: F9 77 FC F6 FA 70 96 FF 23 2C BA DE | T:2505996 RPD:1
[CH: 50] LEN: 12 | HEX: F9 77 FA FD FE 73 96 FA 94 AE AF 7F | T:2505996 RPD:1
[CH: 50] LEN: 12 | HEX: F9 77 75 F9 EE 73 96 EB 94 AE AE DF | T:2506011 RPD:1
[CH: 50] LEN: 12 | HEX: F1 77 F4 F6 FE 70 96 FF 23 2C BF BF | T:2506014 RPD:1
[CH: 50] LEN: 12 | HEX: F1 77 BB F9 FE 73 96 FE D4 AE BF EF | T:2506017 RPD:1
[CH: 50] LEN: 12 | HEX: F9 77 FD FE F4 70 96 EE 23 2C AF 7F | T:2506028 RPD:1
[CH: 50] LEN: 12 | HEX: F1 77 7E F9 FC 73 96 EF 54 AE BF FD | T:2506029 RPD:0
[CH: 50] LEN: 12 | HEX: F9 77 D6 FB FE 70 96 F7 23 2C AF BF | T:2506040 RPD:1
[CH: 50] LEN: 12 | HEX: F1 77 F4 F9 EC 73 96 FF 54 AE BB FF | T:2506051 RPD:0
[CH: 50] LEN: 12 | HEX: F1 77 7A F6 EE 70 96 FE A3 2C BF FF | T:2506051 RPD:0
[CH: 50] LEN: 12 | HEX: F1 77 F8 FE FA 70 96 FE A3 2C BF BB | T:2506063 RPD:1
[CH: 50] LEN: 12 | HEX: F9 77 76 F9 F6 7B 96 FE 94 AE AF FF | T:2506063 RPD:0
[CH: 50] LEN: 12 | HEX: F9 77 FA F6 F6 70 96 FF 23 2C AF FE | T:2506074 RPD:1
[CH: 50] LEN: 12 | HEX: E9 77 F4 FD D6 73 96 ED 14 AE BB A4 | T:2506075 RPD:0
[CH: 50] LEN: 12 | HEX: E9 77 7E FC EC 70 96 FE A3 2C BF FF | T:2506086 RPD:1
[CH: 50] LEN: 12 | HEX: F5 77 F4 E9 FC 73 96 FF 54 AE BF FB | T:2506097 RPD:1
[CH: 50] LEN: 12 | HEX: F5 77 FA F6 FE 70 96 EB 23 2C AF F7 | T:2506097 RPD:0
[CH: 50] LEN: 12 | HEX: F9 77 B4 FD FD 73 96 F7 14 AE AD EF | T:2506109 RPD:1
[CH: 50] LEN: 12 | HEX: F9 77 FA F9 FC 73 96 FE 94 AE BF FD | T:2506109 RPD:0
[CH: 50] LEN: 12 | HEX: ED 77 F4 EE F6 70 96 F7 23 2C BF FF | T:2506120 RPD:1
[CH: 50] LEN: 12 | HEX: F5 77 FA FD FF 73 96 F7 54 AE B7 FF | T:2506132 RPD:1
[CH: 50] LEN: 12 | HEX: ED 77 BA F6 F4 70 96 FF 23 2C BF 7F | T:2506132 RPD:0
[CH: 50] LEN: 12 | HEX: F9 77 DA FE FE 70 96 FB 23 2C AA A6 | T:2506143 RPD:1
[CH: 50] LEN: 12 | HEX: E9 77 FA FE FE 70 96 FF A3 2C BF FD | T:2506143 RPD:0
[CH: 50] LEN: 12 | HEX: FD 77 FC FD ED 73 96 F7 D4 AE B7 3F | T:2506155 RPD:1
[CH: 50] LEN: 12 | HEX: E9 77 FA F4 F4 70 96 FF 23 2C BF 7D | T:2506166 RPD:1
[CH: 50] LEN: 12 | HEX: E9 77 5E FB D6 73 96 FE 94 AE BD FF | T:2506166 RPD:0
[CH: 50] LEN: 12 | HEX: F5 77 F5 F6 F6 70 96 EE A3 2C BF FD | T:2506178 RPD:1
[CH: 50] LEN: 12 | HEX: F9 77 76 F6 FE 70 96 EF 23 2C BF FF | T:2506178 RPD:0
[CH: 50] LEN: 12 | HEX: F9 77 BA F9 FC 73 96 FE D4 AE BF F5 | T:2506189 RPD:1
[CH: 50] LEN: 12 | HEX: E9 77 7E EE EE 70 96 EA A3 2C BE EF | T:2506189 RPD:1
[CH: 50] LEN: 12 | HEX: FD 77 FA FE F4 70 96 FF 23 2C BE EB | T:2506204 RPD:1
[CH: 50] LEN: 12 | HEX: F9 77 74 F5 FE 73 96 F5 94 AE AF FF | T:2506207 RPD:1
[CH: 50] LEN: 12 | HEX: E9 77 74 EC FE 70 97 F7 23 2C BF EE | T:2506218 RPD:1
[CH: 50] LEN: 12 | HEX: F1 77 AE F5 FE 77 96 F7 94 AE AF AA | T:2506218 RPD:0
[CH: 50] LEN: 12 | HEX: E9 77 FD FE FE 70 96 F7 23 2C BF D1 | T:2506230 RPD:1
[CH: 50] LEN: 12 | HEX: F9 77 F4 ED FE 73 96 F7 94 AE BF FF | T:2506230 RPD:0
[CH: 50] LEN: 12 | HEX: F1 77 EE FE FC 70 96 F5 23 2C BD F5 | T:2506241 RPD:1
[CH: 50] LEN: 12 | HEX: F1 77 BC ED EE 73 96 EF 94 AE A7 FE | T:2506252 RPD:1
[CH: 50] LEN: 12 | HEX: F9 77 FA FD FE 70 96 FF 23 2C B5 F7 | T:2506253 RPD:0
[CH: 50] LEN: 12 | HEX: F1 77 5E ED FD 73 96 F6 94 AE BF FE | T:2506264 RPD:1
[CH: 50] LEN: 12 | HEX: FD 77 DD F9 D6 73 96 FF 54 AE BF FF | T:2506264 RPD:0
[CH: 50] LEN: 12 | HEX: F9 77 F8 F6 FE 70 96 F7 23 2C BF FF | T:2506276 RPD:1
[CH: 50] LEN: 12 | HEX: ED 77 FA FD FD 73 96 FF 54 AE BF F7 | T:2506287 RPD:1
[CH: 50] LEN: 12 | HEX: F5 77 FA FE F6 70 96 F7 23 2C BF F6 | T:2506287 RPD:0
[CH: 50] LEN: 12 | HEX: F9 77 DE FD FE 73 96 FF 14 AE B7 6F | T:2506298 RPD:1
[CH: 50] LEN: 12 | HEX: E9 77 FA F6 FE 70 96 FE A3 2C BE ED | T:2506299 RPD:0
[CH: 50] LEN: 12 | HEX: F1 77 F4 FD FD 73 96 FF 54 AE BB EF | T:2506310 RPD:1
[CH: 50] LEN: 12 | HEX: F5 77 74 F6 FE 70 96 ED 23 2C BE FD | T:2506310 RPD:0
[CH: 50] LEN: 12 | HEX: F1 77 BE F5 FC 73 96 EF 54 AE BF EF | T:2506322 RPD:1
[CH: 50] LEN: 12 | HEX: F9 77 F4 FE F6 70 96 FF 23 2C BF 7D | T:2506333 RPD:1
[CH: 50] LEN: 12 | HEX: F9 77 DA FD FD 73 96 FF 94 AE BF FF | T:2506333 RPD:0
[CH: 50] LEN: 12 | HEX: F9 77 7D FE FE 70 96 F7 23 2C AF BF | T:2506344 RPD:1
[CH: 50] LEN: 12 | HEX: F5 77 F6 F5 DD 73 96 FF 14 AE BB FF | T:2506345 RPD:1
[CH: 50] LEN: 12 | HEX: F9 77 FD FE FC 70 96 F7 23 2C BD FF | T:2506356 RPD:1
[CH: 50] LEN: 12 | HEX: F5 77 BA FD FD 73 96 F7 94 AE AF D7 | T:2506367 RPD:1
[CH: 50] LEN: 12 | HEX: F9 77 B4 F6 F6 70 96 F7 A3 2C AF FF | T:2506368 RPD:1
[CH: 50] LEN: 12 | HEX: E9 77 BA FE F6 70 96 F7 23 2C BF FD | T:2506379 RPD:1
[CH: 50] LEN: 12 | HEX: E9 77 F6 EC FE 70 96 FF 23 2C BF EF | T:2506379 RPD:0
[CH: 50] LEN: 12 | HEX: F9 77 BE FD F6 73 96 FB 54 AE BA DF | T:2506390 RPD:1
[CH: 50] LEN: 12 | HEX: F9 77 FA FD FE 73 96 FD 94 AE BF FF | T:2506402 RPD:1
[CH: 50] LEN: 12 | HEX: F9 77 F4 EE FC 70 96 EE A3 2C BD FF | T:2506402 RPD:0
[CH: 50] LEN: 12 | HEX: E9 77 74 FD FD 73 96 F5 94 AE BF FF | T:2506413 RPD:1
[CH: 50] LEN: 12 | HEX: F5 77 DA EB DE 73 96 FF D4 AE B6 FF | T:2506414 RPD:0
[CH: 50] LEN: 12 | HEX: F5 77 AE F6 F6 70 96 F6 A3 2C AF D7 | T:2506425 RPD:1
[CH: 50] LEN: 12 | HEX: F9 77 FC FD EE 73 96 FF 54 AE BF DB | T:2506425 RPD:0
[CH: 50] LEN: 12 | HEX: E9 77 5E F4 EC 70 96 F6 A3 2C BF FF | T:2506436 RPD:1
[CH: 50] LEN: 12 | HEX: F9 77 5E FD FD 73 96 FF D4 AE BD FF | T:2506448 RPD:1
[CH: 50] LEN: 12 | HEX: F9 77 76 FE F6 70 96 FF 23 6C BF DF | T:2506448 RPD:0
[CH: 50] LEN: 12 | HEX: F9 77 7A FD FD 73 96 FE D4 AE AF FF | T:2506459 RPD:1
[CH: 50] LEN: 12 | HEX: F1 77 FF FA FE 70 96 FF 23 2C AF 6F | T:2506459 RPD:0
[CH: 50] LEN: 12 | HEX: F5 77 FC FE FA 70 96 FF 23 2C BB BF | T:2506471 RPD:1
[CH: 50] LEN: 12 | HEX: F9 77 FE FE FE 70 96 FA 23 2C BF EF | T:2506482 RPD:1
[CH: 50] LEN: 12 | HEX: F1 77 F4 F5 FE 73 96 FF 54 AE BF B7 | T:2506482 RPD:0
[CH: 50] LEN: 12 | HEX: F9 77 F6 F6 F6 70 96 FE A3 2C BF FF | T:2506494 RPD:1
[CH: 50] LEN: 12 | HEX: F9 77 FA FE FE 70 96 FF 23 2C BF FF | T:2506494 RPD:0
[CH: 50] LEN: 12 | HEX: F1 77 B4 FB DD 73 96 FE 94 AE BF F6 | T:2506505 RPD:1
[CH: 50] LEN: 12 | HEX: F9 77 FA FE FE 70 96 F6 A3 2C AF 7E | T:2506505 RPD:0
[CH: 50] LEN: 12 | HEX: F9 77 FA F5 FE 73 96 FE 94 AE BF FF | T:2506517 RPD:1
[CH: 50] LEN: 12 | HEX: F9 77 BA FE FE 70 96 ED 23 2C BF FE | T:2506528 RPD:1
[CH: 50] LEN: 12 | HEX: F9 77 F6 FD FC 73 96 FF 54 AE BF EF | T:2506528 RPD:0
[CH: 50] LEN: 12 | HEX: F9 77 7E ED EE 73 96 F6 94 AE AF FF | T:2506540 RPD:1
[CH: 50] LEN: 12 | HEX: F1 7F F6 F5 D6 73 96 F6 94 AE BF FF | T:2506540 RPD:0
[CH: 50] LEN: 12 | HEX: E9 77 D4 F4 FE 70 96 FA 23 2C BD BF | T:2506551 RPD:1
[CH: 50] LEN: 12 | HEX: F9 77 DF FD FF 73 96 FF 54 AE AF F5 | T:2506562 RPD:1
[CH: 50] LEN: 12 | HEX: F9 77 FC FE FD 70 96 F6 A3 2C BB FF | T:2506563 RPD:0
[CH: 50] LEN: 12 | HEX: ED 77 7C E9 BC 73 96 EE 94 AE BF FF | T:2506574 RPD:1
[CH: 50] LEN: 12 | HEX: F1 77 FA FD FD 73 96 FF 54 AE BE FF | T:2506574 RPD:1
[CH: 50] LEN: 12 | HEX: F1 77 FA F6 FA 70 96 EE A3 2C BD FD | T:2506586 RPD:1
[CH: 50] LEN: 12 | HEX: E9 77 F4 EC FE 70 96 EE A3 2C BE EF | T:2506597 RPD:1
[CH: 50] LEN: 12 | HEX: F1 77 F6 F5 FF 73 96 F7 54 AE BF DF | T:2506597 RPD:0
[CH: 50] LEN: 12 | HEX: F9 77 FA EE F6 70 96 EF A3 2C BD BF | T:2506608 RPD:1
[CH: 50] LEN: 12 | HEX: E9 77 DD EC FA 70 96 FE A3 2C AE FF | T:2506609 RPD:0
[CH: 50] LEN: 12 | HEX: F5 77 7E FB FD 73 96 F7 54 AE BF FF | T:2506620 RPD:1
[CH: 50] LEN: 12 | HEX: F9 77 FA FE FE 70 96 EF 23 2C BD FE | T:2506620 RPD:0
[CH: 50] LEN: 12 | HEX: F9 77 F4 F5 D6 73 96 FE 94 AE AF D7 | T:2506632 RPD:1
[CH: 50] LEN: 12 | HEX: E9 77 7E EC EE 70 96 FE A3 2C BF FF | T:2506643 RPD:1
[CH: 50] LEN: 12 | HEX: F9 77 FE FD F6 73 96 FF 54 AE BF DF | T:2506643 RPD:0
[CH: 50] LEN: 12 | HEX: F9 77 D6 EC F6 78 96 F7 23 2C AF FB | T:2506654 RPD:1
[CH: 50] LEN: 12 | HEX: ED 77 FC F5 FE 73 96 ED 54 AE AF FF | T:2506655 RPD:0
[CH: 50] LEN: 12 | HEX: F1 77 B6 FE FE 70 96 EF 23 2C BF 7F | T:2506666 RPD:1
[CH: 50] LEN: 12 | HEX: F9 77 FB F7 FD 73 96 F7 54 AE AF 51 | T:2506677 RPD:1
[CH: 50] LEN: 12 | HEX: F1 77 FA FE FE 70 96 FF 23 2C BD 7F | T:2506678 RPD:0
[CH: 50] LEN: 12 | HEX: F9 77 FC FD EE 73 96 FF D4 AE BF FF | T:2506689 RPD:1
[CH: 50] LEN: 12 | HEX: F9 77 F4 F5 FD 73 96 FE D4 AE BF F7 | T:2506689 RPD:0
[CH: 50] LEN: 12 | HEX: F1 77 BE EE FE 70 96 F7 23 2C BB FF | T:2506700 RPD:1
[CH: 50] LEN: 12 | HEX: F1 77 DC E9 F6 73 96 FF 54 AE AF BF | T:2506701 RPD:0
[CH: 50] LEN: 12 | HEX: F1 77 BA FE FE 70 96 FF A3 2C AF FD | T:2506712 RPD:1
[CH: 50] LEN: 12 | HEX: F9 77 DA FD FE 73 96 F7 54 AE AF 7F | T:2506723 RPD:1
[CH: 50] LEN: 12 | HEX: F5 77 BE FE FE 70 96 FE A3 2C AF 7F | T:2506723 RPD:0
[CH: 50] LEN: 12 | HEX: E9 77 7E FE F6 70 96 FE A3 2C BF FF | T:2506735 RPD:1
[CH: 50] LEN: 12 | HEX: F5 77 FA F6 F4 70 96 FE A3 2C BF DF | T:2506735 RPD:0
[CH: 50] LEN: 12 | HEX: F1 77 7A EA FE 70 96 FE A3 2C BF BF | T:2506746 RPD:1
[CH: 50] LEN: 12 | HEX: F9 77 FD FE FE 70 96 FF 23 2C BF 94 | T:2506758 RPD:1
[CH: 50] LEN: 12 | HEX: ED 77 BA FD EE 73 96 FF 54 AE BF 7E | T:2506758 RPD:0
[CH: 50] LEN: 12 | HEX: E9 77 BE EE FC 70 96 EE A3 2C BD DF | T:2506769 RPD:1
[CH: 50] LEN: 12 | HEX: ED 77 7E FE FE 70 96 FE 23 2C AF FD | T:2506769 RPD:0
[CH: 50] LEN: 12 | HEX: F5 77 FD ED EE 73 96 F7 B4 AE BF FF | T:2506781 RPD:1
[CH: 50] LEN: 12 | HEX: E9 77 FA F4 F6 70 96 FE 23 2C A6 BD | T:2506792 RPD:1
[CH: 50] LEN: 12 | HEX: F9 77 FC FD F6 73 96 FF 54 AE AD D4 | T:2506792 RPD:0
[CH: 50] LEN: 12 | HEX: F5 77 BD F5 EC 73 96 FE 94 AE BD BB | T:2506804 RPD:1
[CH: 50] LEN: 12 | HEX: E9 77 74 F5 DC 73 96 EB D4 AE BF FF | T:2506804 RPD:0
[CH: 50] LEN: 12 | HEX: F1 77 BA F4 FE 70 96 FF A3 2C BF F7 | T:2506815 RPD:1
[CH: 50] LEN: 12 | HEX: ED 7F BA FD F6 73 96 F7 54 AE BF F7 | T:2506815 RPD:0
[CH: 50] LEN: 12 | HEX: F9 77 F6 E9 FE 73 96 F7 54 AE BF B7 | T:2506827 RPD:1
[CH: 50] LEN: 12 | HEX: F5 77 FA F5 F6 73 96 FF 54 AE BA FF | T:2506838 RPD:1
[CH: 50] LEN: 12 | HEX: F9 77 7E FF FE 70 96 F6 23 2C BF FF | T:2506838 RPD:0
[CH: 50] LEN: 12 | HEX: ED 77 5D F5 EC 73 96 F7 94 AE BF DD | T:2506850 RPD:1
[CH: 50] LEN: 12 | HEX: F9 77 FA F9 FF 73 96 FF 54 AE BF FF | T:2506850 RPD:0
[CH: 50] LEN: 12 | HEX: E9 77 F4 F6 FE 70 96 EF 23 2C BE FF | T:2506861 RPD:1
[CH: 50] LEN: 12 | HEX: F1 77 FD F7 EC 73 96 FF 54 AE B7 FD | T:2506872 RPD:1
[CH: 50] LEN: 12 | HEX: E9 77 FC F6 EE 70 96 F6 23 2C B5 B6 | T:2506873 RPD:0
[CH: 50] LEN: 12 | HEX: E9 77 FC EC F6 70 96 EB 23 2C B5 FF | T:2506884 RPD:1
[CH: 50] LEN: 12 | HEX: F9 77 FD FE FE 70 96 F7 23 2C BE FF | T:2506884 RPD:0
[CH: 50] LEN: 12 | HEX: F9 77 FB FD EA 73 96 F7 94 AE AF F7 | T:2506896 RPD:1
[CH: 50] LEN: 12 | HEX: F9 77 F4 FE FE 70 96 F7 23 2C AE FF | T:2506896 RPD:0
[CH: 50] LEN: 12 | HEX: F9 77 DC FD EE 73 96 FF 94 AE BF FF | T:2506907 RPD:1
[CH: 50] LEN: 12 | HEX: F5 77 FA FD EE 73 96 FF 54 AC BE DF | T:2506918 RPD:1
[CH: 50] LEN: 12 | HEX: F9 77 DE FE FA 70 96 EE A3 2C BF FF | T:2506919 RPD:0
[CH: 50] LEN: 12 | HEX: E9 77 B4 FE FE 70 96 FF 23 2C BF FB | T:2506930 RPD:1
[CH: 50] LEN: 12 | HEX: F1 77 BE F5 FE 73 96 EF 94 AE BF BF | T:2506930 RPD:0
[CH: 50] LEN: 12 | HEX: F9 77 B4 FE FE 70 96 FA A3 2C AF FF | T:2506941 RPD:1
[CH: 50] LEN: 12 | HEX: E9 77 DA FD F6 73 96 FE 94 AE BE BE | T:2506953 RPD:1
[CH: 50] LEN: 12 | HEX: E9 77 FC F4 EE 70 96 F5 23 2C BF F6 | T:2506953 RPD:0
[CH: 50] LEN: 12 | HEX: F9 77 DA F5 FC 73 96 F5 94 AE AF FF | T:2506964 RPD:1
[CH: 50] LEN: 12 | HEX: F1 77 DC FD FE 73 96 FE 94 AE AE 7F | T:2506965 RPD:0
[CH: 50] LEN: 12 | HEX: F9 77 BA FB F6 73 96 FE 94 AE BF EF | T:2506976 RPD:1
[CH: 50] LEN: 12 | HEX: F1 77 BA F9 FE 73 96 FE 94 AE BA EF | T:2506987 RPD:1
[CH: 50] LEN: 12 | HEX: F5 77 FC F6 FE 70 96 FE 23 2C BF FF | T:2506987 RPD:0
[CH: 50] LEN: 12 | HEX: FD 77 BE F5 FD 73 96 FE 94 AE B7 F7 | T:2506999 RPD:1
[CH: 50] LEN: 12 | HEX: F9 77 DA F6 FE 70 96 F7 A3 2C BF FB | T:2506999 RPD:0
[CH: 50] LEN: 12 | HEX: F9 77 BC FD DD 73 96 EE 94 AF BB FF | T:2507010 RPD:1
[CH: 50] LEN: 12 | HEX: F5 77 BC FE F4 70 96 FF A3 2C BF F7 | T:2507011 RPD:0
[CH: 50] LEN: 12 | HEX: F5 77 7E EB F6 73 96 FE 94 AE AD EF | T:2507022 RPD:1
[CH: 50] LEN: 12 | HEX: F9 77 76 F6 FE 70 96 FF 23 2C AB 7D | T:2507033 RPD:1
[CH: 50] LEN: 12 | HEX: F9 77 FE FD F7 73 96 FF D4 AE BE FE | T:2507033 RPD:0
[CH: 50] LEN: 12 | HEX: F5 77 FA FE FE 70 96 F6 A3 2C AF FF | T:2507045 RPD:1
[CH: 50] LEN: 12 | HEX: F1 77 FA FA FE 70 96 FF A3 2C AF 7A | T:2507045 RPD:0
[CH: 50] LEN: 12 | HEX: F9 77 EA FD FC 73 96 FB 54 AE BB AF | T:2507056 RPD:1
[CH: 50] LEN: 12 | HEX: F5 77 FC F6 FE 70 96 FE 23 2C BA 7D | T:2507068 RPD:1
[CH: 50] LEN: 12 | HEX: FD 77 FA F5 EE 73 96 F7 94 AE AF FF | T:2507068 RPD:0
[CH: 50] LEN: 12 | HEX: F5 77 DA FE FE 70 96 F6 A3 2C AF FF | T:2507079 RPD:1
[CH: 50] LEN: 12 | HEX: F5 77 FD FD FD 73 96 FE 94 AE BE DA | T:2507079 RPD:0
[CH: 50] LEN: 12 | HEX: F5 77 FA F6 F6 70 96 F7 23 2C AB FE | T:2507091 RPD:1
[CH: 50] LEN: 12 | HEX: F5 77 BE FD FD 73 96 F7 54 AE BF 7D | T:2507091 RPD:0
[CH: 50] LEN: 12 | HEX: F5 77 BC F6 F6 70 96 F6 A3 2C AF FB | T:2507102 RPD:1
[CH: 50] LEN: 12 | HEX: F9 77 FA FD FD 73 96 F7 14 AE AF EF | T:2507114 RPD:1
[CH: 50] LEN: 12 | HEX: F9 77 F6 F6 EE 70 96 F6 A3 2C AE AF | T:2507114 RPD:1
[CH: 50] LEN: 12 | HEX: F9 77 FA ED FE 73 96 FE 94 AE BE FF | T:2507125 RPD:1
[CH: 50] LEN: 12 | HEX: E9 77 F6 F6 FE 70 96 F7 23 2C BF FF | T:2507125 RPD:0
[CH: 50] LEN: 12 | HEX: F9 77 DD F7 FE 73 96 F7 54 AE AF FF | T:2507137 RPD:1
[CH: 50] LEN: 12 | HEX: F5 77 FA EE FE 70 96 FE 23 2C BF FF | T:2507148 RPD:1
[CH: 50] LEN: 12 | HEX: F5 77 7A F5 DE 73 96 F7 54 AE AD FF | T:2507148 RPD:0
[CH: 50] LEN: 12 | HEX: ED 77 FA F6 EE 70 96 F7 23 2C AF FD | T:2507160 RPD:1
[CH: 50] LEN: 12 | HEX: F9 77 FA F4 FE 70 96 F6 23 2C BF FF | T:2507160 RPD:0
[CH: 50] LEN: 12 | HEX: F5 77 BC F5 D5 73 96 F7 94 AE BE F5 | T:2507171 RPD:1
[CH: 50] LEN: 12 | HEX: F9 77 BC FE FE 70 96 FE A3 2C BD FF | T:2507182 RPD:1
[CH: 50] LEN: 12 | HEX: F5 77 FA E9 FD 73 96 FF 14 AE BD 94 | T:2507183 RPD:1
[CH: 50] LEN: 12 | HEX: F5 77 BE FE F6 70 96 F6 23 AC BF DF | T:2507194 RPD:1
[CH: 50] LEN: 12 | HEX: ED 77 7A ED EE 73 96 ED 14 AE BF FF | T:2507194 RPD:0
[CH: 50] LEN: 12 | HEX: F5 77 5E FC FE 70 96 FF 23 2C BF FF | T:2507205 RPD:1
[CH: 50] LEN: 12 | HEX: F1 77 7E FD FC 73 96 F7 14 AE BE FF | T:2507206 RPD:0
[CH: 50] LEN: 12 | HEX: F1 77 74 F6 F4 70 96 F5 23 2C AB FF | T:2507217 RPD:1
[CH: 50] LEN: 12 | HEX: F9 77 FA FD DC 73 96 F6 94 AE BF FF | T:2507228 RPD:1
[CH: 50] LEN: 12 | HEX: F9 77 FC EA EE 70 96 F7 A3 2C B7 9B | T:2507229 RPD:0
[CH: 50] LEN: 12 | HEX: E9 77 F6 ED EE 73 96 FF 54 AE BF FF | T:2507240 RPD:1
[CH: 50] LEN: 12 | HEX: F9 77 BD F9 FD 73 96 FF 54 AE B7 FF | T:2507240 RPD:0
[CH: 50] LEN: 12 | HEX: F9 77 F4 FE FA 70 96 FD 23 2C BF DF | T:2507251 RPD:1
[CH: 50] LEN: 12 | HEX: F9 77 5E FD FC 73 96 EF 54 AE BF FF | T:2507263 RPD:1
[CH: 50] LEN: 12 | HEX: F9 77 DE F6 F5 70 96 FF 23 2C BF DE | T:2507263 RPD:0
[CH: 50] LEN: 12 | HEX: E9 77 BE F5 DC 73 96 EF D4 AE BD 7F | T:2507274 RPD:1
[CH: 50] LEN: 12 | HEX: F1 77 FC FA FE 70 96 FE A3 AC AF EF | T:2507275 RPD:0
[CH: 50] LEN: 12 | HEX: F9 77 FA FD D4 73 96 FF 54 AE AD EF | T:2507286 RPD:1
[CH: 50] LEN: 12 | HEX: F9 77 FA EC FE 70 96 F5 23 2C AF FB | T:2507286 RPD:0
[CH: 50] LEN: 12 | HEX: F5 77 F4 FD FE 73 96 FF 54 AE AD 3F | T:2507297 RPD:1
[CH: 50] LEN: 12 | HEX: F5 77 FA FD FE 70 96 FF A3 2C BF FE | T:2507309 RPD:1
[CH: 50] LEN: 12 | HEX: F9 77 7E FD FD 73 96 FF 54 AE BF EF | T:2507309 RPD:0
[CH: 50] LEN: 12 | HEX: F5 77 F4 F6 EE 70 96 EB 23 2C BF F6 | T:2507320 RPD:1
[CH: 50] LEN: 12 | HEX: F5 77 7A FE FE 70 96 EE 23 2C BE FF | T:2507321 RPD:1
[CH: 50] LEN: 12 | HEX: F5 77 5E F5 5F 73 96 EF 54 AE BD 7F | T:2507332 RPD:1
[CH: 50] LEN: 12 | HEX: F1 77 FA F9 FE 73 96 F6 94 AE BD DF | T:2507343 RPD:1
[CH: 50] LEN: 12 | HEX: F9 77 FA FE F6 70 96 FF 23 2C BE AB | T:2507343 RPD:0
[CH: 50] LEN: 12 | HEX: F5 77 F4 ED EA 73 96 FF 54 AE BB DB | T:2507355 RPD:1
[CH: 50] LEN: 12 | HEX: F9 77 B4 F5 FD 73 96 FB 14 AE BF FF | T:2507355 RPD:0
[CH: 50] LEN: 12 | HEX: F1 77 FB FA EC 70 96 FF 23 2C BE FD | T:2507366 RPD:1
[CH: 50] LEN: 12 | HEX: F1 77 AE FD D6 73 96 EB 94 AE BE DF | T:2507378 RPD:1
[CH: 50] LEN: 12 | HEX: F5 77 FA FE FE 70 96 F7 23 2C BF EB | T:2507378 RPD:0
[CH: 50] LEN: 12 | HEX: F9 77 FA FD FE 73 96 FF D4 AE B7 EF | T:2507389 RPD:1
[CH: 50] LEN: 12 | HEX: F1 77 FA FB EE 73 96 F7 14 AE BD FF | T:2507389 RPD:0
[CH: 50] LEN: 12 | HEX: F1 77 5E F6 FE 70 96 EF A3 2C BE BF | T:2507401 RPD:0
[CH: 50] LEN: 12 | HEX: F9 77 DD FF FE 70 96 FF 23 2C BF DF | T:2507407 RPD:1
[CH: 50] LEN: 12 | HEX: F5 77 5E FD FF 73 96 F7 94 AE B7 5F | T:2507418 RPD:1
[CH: 50] LEN: 12 | HEX: F9 77 DA FB FE 73 96 FF 54 AE AD FE | T:2507418 RPD:1
[CH: 50] LEN: 12 | HEX: F1 77 7A F4 FE 70 96 EF A3 2C BF FF | T:2507429 RPD:1
[CH: 50] LEN: 12 | HEX: F5 77 FA ED DD 73 96 F7 94 AE BF FF | T:2507430 RPD:0
[CH: 50] LEN: 12 | HEX: F9 77 FE FE FE 70 96 EF 23 2C BF F7 | T:2507441 RPD:1
[CH: 50] LEN: 12 | HEX: F5 77 DA EC FE 70 96 EE A3 2C BF FD | T:2507441 RPD:0
[CH: 50] LEN: 12 | HEX: F1 77 FD F5 FE 73 96 FF 94 AE BB FF | T:2507453 RPD:1
[CH: 50] LEN: 12 | HEX: F9 77 FA F6 EE 70 96 F7 23 2C BF F7 | T:2507464 RPD:1
[CH: 50] LEN: 12 | HEX: F1 77 EE F5 FC 73 96 EF 94 AE BF FA | T:2507464 RPD:0
[CH: 50] LEN: 12 | HEX: F1 77 6A FA F6 70 96 FF 23 2C BF EF | T:2507475 RPD:1
[CH: 50] LEN: 12 | HEX: E9 77 FA FC FE 70 96 FE A3 2C BF FF | T:2507476 RPD:0
[CH: 50] LEN: 12 | HEX: F9 77 D6 FD FE 73 96 F7 54 AE AA FE | T:2507487 RPD:1
[CH: 50] LEN: 12 | HEX: F9 77 BE FA F6 70 96 FE A3 2C BE FD | T:2507498 RPD:1
[CH: 50] LEN: 12 | HEX: F1 77 BD FD FA 73 96 FF D4 AE AF AF | T:2507499 RPD:0
[CH: 50] LEN: 12 | HEX: F1 77 BA FD DD 73 96 FF 54 AE BB FF | T:2507510 RPD:1
[CH: 50] LEN: 12 | HEX: F1 77 BA F7 FE 73 96 FE 94 AE AB EB | T:2507510 RPD:0
[CH: 50] LEN: 12 | HEX: F9 77 74 F5 FE 70 96 FF 23 2C BE AA | T:2507521 RPD:1
[CH: 50] LEN: 12 | HEX: F9 77 5E F5 FE 73 96 FE 94 AE AF A5 | T:2507522 RPD:0
[CH: 50] LEN: 12 | HEX: E9 77 BC EE FC 70 96 F7 A3 2C BF EF | T:2507533 RPD:1
[CH: 50] LEN: 12 | HEX: E9 77 DA FD EE 73 16 EF 94 AE BE FA | T:2507544 RPD:1
[CH: 50] LEN: 12 | HEX: F9 77 F4 FE FE 70 96 FF 23 2C BF 5F | T:2507545 RPD:0
[CH: 50] LEN: 12 | HEX: F9 77 FA FB FD 73 96 FE 94 AE AD FF | T:2507556 RPD:1
[CH: 50] LEN: 12 | HEX: E9 77 B6 FD FE 73 96 ED 14 AE AF DF | T:2507556 RPD:0
[CH: 50] LEN: 12 | HEX: F1 77 7A FE FE 70 96 FF 23 2C BF FE | T:2507567 RPD:1
[CH: 50] LEN: 12 | HEX: F9 77 7A FE FA 70 96 FE A3 2C AD F7 | T:2507579 RPD:1
[CH: 50] LEN: 12 | HEX: F1 77 AD F6 FE 70 96 F7 23 2C AB FF | T:2507580 RPD:1
[CH: 50] LEN: 12 | HEX: F1 77 5C ED FE 73 96 FE 94 AE AE BE | T:2507591 RPD:1
[CH: 50] LEN: 12 | HEX: D5 77 FA EE EA 70 96 DF A3 2C BF 7F | T:2507602 RPD:1
[CH: 50] LEN: 12 | HEX: F9 77 7E F5 FC 73 96 FF 54 AE BB FB | T:2507605 RPD:1
[CH: 50] LEN: 12 | HEX: F9 77 B4 F6 FE 70 96 F7 23 2C AF FF | T:2507625 RPD:1
[CH: 50] LEN: 12 | HEX: F9 77 BA FD F6 73 96 FF 54 AE AF FD | T:2507628 RPD:1
[CH: 50] LEN: 12 | HEX: F9 77 5C F6 F4 70 96 F5 23 2C BF AF | T:2507631 RPD:1
[CH: 50] LEN: 12 | HEX: F9 77 DD F9 DE 73 96 FE 94 AE BF 5F | T:2507643 RPD:1
[CH: 50] LEN: 12 | HEX: F1 77 AE F6 EA 70 96 F7 23 2C AE B5 | T:2507643 RPD:0
[CH: 50] LEN: 12 | HEX: F9 77 AF F5 EC 73 96 FF 94 AE AB FB | T:2507654 RPD:0
[CH: 50] LEN: 12 | HEX: F9 77 FA FE F6 70 96 F5 23 2C AF FE | T:2507666 RPD:1
[CH: 50] LEN: 12 | HEX: F1 77 BA F9 F6 73 96 F7 54 AE BF FF | T:2507666 RPD:1
[CH: 50] LEN: 12 | HEX: F9 77 FA FE FD 70 96 FF 23 2C BF F7 | T:2507677 RPD:1
[CH: 50] LEN: 12 | HEX: F5 77 DA FD F6 73 96 F7 54 AE B7 F6 | T:2507677 RPD:1
[CH: 50] LEN: 12 | HEX: F1 77 FA EE FA 70 96 FE 63 2C BF FF | T:2507689 RPD:1
[CH: 50] LEN: 12 | HEX: F1 77 FA F5 F6 73 96 FF 54 AE AB D5 | T:2507692 RPD:1
[CH: 50] LEN: 12 | HEX: F9 77 74 F6 FE 70 96 FE A3 2C AD 7E | T:2507704 RPD:1
[CH: 50] LEN: 12 | HEX: F5 77 7E FD FE 73 96 F7 14 AE BF EE | T:2507704 RPD:0
[CH: 50] LEN: 12 | HEX: F5 77 FA EE FE 70 96 EF A3 2C B7 EF | T:2507715 RPD:1
[CH: 50] LEN: 12 | HEX: E9 77 F4 F9 DC 73 96 FF 14 AE BF 5F | T:2507715 RPD:0
[CH: 50] LEN: 12 | HEX: E9 77 FA EC FE 70 96 EF 23 2C AE FB | T:2507727 RPD:1
[CH: 50] LEN: 12 | HEX: E9 77 F6 FB DE 73 96 F6 94 AE BF 5F | T:2507738 RPD:1
[CH: 50] LEN: 12 | HEX: F9 77 FA F6 F6 70 96 FE A3 2C BF 5F | T:2507738 RPD:1
[CH: 50] LEN: 12 | HEX: F9 77 5A FD FE 73 96 EF 14 AE AF FF | T:2507750 RPD:1
[CH: 50] LEN: 12 | HEX: E9 77 BE F6 FA 70 96 F7 23 2C BF 56 | T:2507759 RPD:1
[CH: 50] LEN: 12 | HEX: ED 77 FE F5 FE 73 96 FE 94 AE BF FE | T:2507762 RPD:1
[CH: 50] LEN: 12 | HEX: F5 77 BE F6 EE 70 96 F5 23 2C BD BD | T:2507782 RPD:1
[CH: 50] LEN: 12 | HEX: F1 77 56 FD FE 73 96 F6 94 AE AF BD | T:2507785 RPD:1
[CH: 50] LEN: 12 | HEX: F1 77 76 EE FE 70 96 F7 23 2C AD F5 | T:2507805 RPD:1
[CH: 50] LEN: 12 | HEX: E9 77 76 F5 D5 73 96 FF 14 AE BF EE | T:2507808 RPD:1
[CH: 50] LEN: 12 | HEX: E9 77 F4 FD FE 70 96 FE A3 2C BB F7 | T:2507811 RPD:1
[CH: 50] LEN: 12 | HEX: E9 77 FA FD EA 73 96 FF 94 AE AF F5 | T:2507823 RPD:1
[CH: 50] LEN: 12 | HEX: F5 77 DA F5 F6 73 96 FB 94 AE AF EB | T:2507823 RPD:1
[CH: 50] LEN: 12 | HEX: F5 77 FE FF FD 70 96 FF 23 2C AB BB | T:2507840 RPD:1
[CH: 50] LEN: 12 | HEX: F9 77 FA FD FE 73 96 FF 54 AE BF DE | T:2507843 RPD:1
[CH: 50] LEN: 12 | HEX: F9 77 BE ED FE 73 96 F7 54 AE AE D2 | T:2507849 RPD:1
[CH: 50] LEN: 12 | HEX: F9 77 74 EC EA 70 96 EF 23 2C BF F7 | T:2507861 RPD:1
[CH: 50] LEN: 12 | HEX: F1 77 FA F5 FC 73 96 FE 94 AE BF BF | T:2507861 RPD:0
[CH: 50] LEN: 12 | HEX: ED 77 DE F4 F4 70 96 F7 23 2C AF FF | T:2507872 RPD:1
[CH: 50] LEN: 12 | HEX: F5 77 F4 FD FD 73 96 F7 D4 AE BF ED | T:2507872 RPD:1
[CH: 50] LEN: 12 | HEX: E9 77 FA EE FE 70 96 EF 23 2C BF 7F | T:2507884 RPD:1
[CH: 50] LEN: 12 | HEX: F9 77 FA FD DE 73 D6 FE 94 AE BE BF | T:2507884 RPD:1
[CH: 50] LEN: 12 | HEX: ED 77 FA FE F6 70 96 FF 23 2C BE FE | T:2507896 RPD:1
[CH: 50] LEN: 12 | HEX: F1 77 FA ED FF 73 96 FF 14 AE AB FF | T:2507907 RPD:1
[CH: 50] LEN: 12 | HEX: F9 77 F4 FA F6 70 96 FF 23 2C BE BF | T:2507907 RPD:0
[CH: 50] LEN: 12 | HEX: F9 77 BA FD FF 73 96 F7 14 AE BF FD | T:2507918 RPD:1
[CH: 50] LEN: 12 | HEX: F5 77 FE FD DF 73 96 FF 54 AE AF FF | T:2507919 RPD:0
[CH: 50] LEN: 12 | HEX: F1 77 FD F6 EA 70 96 F6 23 2C BF FF | T:2507930 RPD:1
[CH: 50] LEN: 12 | HEX: F9 77 7E ED FE 73 96 FB 94 AE BF BF | T:2507941 RPD:1
[CH: 50] LEN: 12 | HEX: F9 77 7E F6 EA 70 96 F7 23 2C AB 7F | T:2507941 RPD:0
[CH: 50] LEN: 12 | HEX: F1 77 F6 F9 DD 73 96 FF 54 AE BF FF | T:2507953 RPD:1
[CH: 50] LEN: 12 | HEX: F9 77 5A FD EE 73 96 FF 54 AE AF FE | T:2507953 RPD:1
[CH: 50] LEN: 12 | HEX: FD 77 F4 FE FE 70 96 F7 23 2C BF FF | T:2507964 RPD:1
[CH: 50] LEN: 12 | HEX: F9 77 F4 FE EE 70 96 FF A3 2C AF BF | T:2507965 RPD:0
[CH: 50] LEN: 12 | HEX: F9 77 76 FD EE 73 96 F7 94 AE BF 5F | T:2507976 RPD:1
[CH: 50] LEN: 12 | HEX: F9 77 FA F4 FE 70 96 FF 23 2C BF 7D | T:2507987 RPD:1
[CH: 50] LEN: 12 | HEX: F1 77 FA FE FE 70 96 FF 23 2C BA B7 | T:2507987 RPD:0
[CH: 50] LEN: 12 | HEX: F1 77 5A FE EA 70 96 FF 23 2C AF 7F | T:2507999 RPD:0
[CH: 50] LEN: 12 | HEX: FD 77 FA 00 00 71 96 F6 9C 55 AF 7F | T:2508020 RPD:1
[CH: 50] LEN: 12 | HEX: E9 77 75 00 00 71 96 FF 5C 55 BF FE | T:2508021 RPD:1
[CH: 50] LEN: 12 | HEX: F8 6D FE 00 F4 FD 96 FF 6C 9F AD 7E | T:2508051 RPD:1
[CH: 50] LEN: 12 | HEX: F8 6D FE 80 FE FB 96 FE 6C 9F AF FF | T:2508052 RPD:1
[CH: 50] LEN: 12 | HEX: F5 77 77 00 00 79 96 EF 1C 55 AF FF | T:2508320 RPD:1
[CH: 50] LEN: 12 | HEX: F1 77 ED 00 00 71 96 F7 1C 55 B7 6B | T:2508321 RPD:1
[CH: 50] LEN: 12 | HEX: E8 6D FD 00 EE FD 96 F6 6C 9D BF FF | T:2508351 RPD:1
[CH: 50] LEN: 12 | HEX: F8 6D F6 00 F6 FD 96 FF 6C 9E BD B7 | T:2508352 RPD:1
[CH: 50] LEN: 12 | HEX: F5 77 6B 00 00 71 96 F7 5C 55 BF F7 | T:2508620 RPD:1
[CH: 50] LEN: 12 | HEX: F1 77 77 00 00 71 96 FE 9C 55 BF B5 | T:2508621 RPD:1
[CH: 50] LEN: 12 | HEX: F0 6D FE 80 F4 FD 96 FD 6C 9F AD EF | T:2508651 RPD:1
[CH: 50] LEN: 12 | HEX: F0 6D FF 80 FE F9 96 F7 6C 9F 2F DF | T:2508651 RPD:1
[CH: 50] LEN: 12 | HEX: F9 77 F5 00 00 71 96 F7 5C 55 AF BE | T:2508920 RPD:1
[CH: 50] LEN: 12 | HEX: F1 77 BF 00 00 71 96 F7 9C 55 AE FF | T:2508920 RPD:1
[CH: 50] LEN: 12 | HEX: F0 6D FE 80 EA FD 96 FF 6C 9F AF F7 | T:2508950 RPD:1
[CH: 50] LEN: 12 | HEX: F8 6D FE 00 FE FD 96 FE EC 9E BF FF | T:2508951 RPD:1
[CH: 50] LEN: 12 | HEX: F1 77 F5 00 00 71 96 F7 DC 55 B7 FB | T:2509220 RPD:1
[CH: 50] LEN: 12 | HEX: E9 77 7F 00 00 71 96 EB 1C 55 AF 7F | T:2509220 RPD:1
[CH: 50] LEN: 12 | HEX: F0 6D F6 80 F6 FD 96 F7 6C 9D BF DF | T:2509250 RPD:1
[CH: 50] LEN: 12 | HEX: F4 6D EF 80 EE FD 96 FE EC 9F BF FD | T:2509251 RPD:1
[CH: 50] LEN: 12 | HEX: F9 77 F7 00 00 71 96 FF 5C 55 BF 7F | T:2509519 RPD:1
[CH: 50] LEN: 12 | HEX: F5 77 D5 00 00 71 96 F5 5C 55 BF FE | T:2509520 RPD:1
[CH: 50] LEN: 12 | HEX: F4 6D DD 00 FE ED 96 F7 6C 9D 3D FF | T:2509550 RPD:1
[CH: 50] LEN: 12 | HEX: F8 6D EE 80 F4 F5 96 EB 6C 9F AB DE | T:2509550 RPD:1
[CH: 50] LEN: 12 | HEX: F9 77 BF 00 00 71 96 EF 9C 55 BD FF | T:2509819 RPD:1
[CH: 50] LEN: 12 | HEX: ED 77 77 00 00 71 96 F7 9C 55 BF 4B | T:2509820 RPD:1
[CH: 50] LEN: 12 | HEX: F0 6D FE 80 EE F5 96 F6 EC 9F BF FE | T:2509850 RPD:1
[CH: 50] LEN: 12 | HEX: F4 6D FD 00 FE F5 96 F6 6C 9E AD FF | T:2509850 RPD:1
[CH: 50] LEN: 12 | HEX: F5 77 BF 00 00 71 96 FF 9C 55 BF 7F | T:2510119 RPD:1
[CH: 50] LEN: 12 | HEX: F1 77 7F 00 00 71 D7 FD 1C 55 B7 F7 | T:2510119 RPD:1
[CH: 50] LEN: 12 | HEX: E8 6D FA 80 F4 F5 96 EE EC 9F 7F 54 | T:2510149 RPD:1
[CH: 50] LEN: 12 | HEX: F0 6D DE 80 FE FD 96 F7 6C 9F BD 77 | T:2510150 RPD:1
[CH: 50] LEN: 12 | HEX: E9 77 7F 00 00 71 96 FD 1C 55 AF FF | T:2510418 RPD:1
[CH: 50] LEN: 12 | HEX: E9 77 F7 00 00 71 96 EF 5C 55 BB B7 | T:2510419 RPD:1
[CH: 50] LEN: 12 | HEX: F8 6D FE 80 FE FD 96 F7 6C 9D BF A5 | T:2510449 RPD:1
[CH: 50] LEN: 12 | HEX: F0 6D DD 00 FE FD 96 EE EC 9D BD FF | T:2510450 RPD:1
[CH: 50] LEN: 12 | HEX: F9 77 F5 00 00 71 96 F7 9C 55 AE FF | T:2510718 RPD:1
[CH: 50] LEN: 12 | HEX: F1 77 BF 00 00 71 96 F7 5C 55 BE FE | T:2510719 RPD:1
[CH: 50] LEN: 12 | HEX: F8 6D FE 80 FE F9 96 FE EC 9E AA FF | T:2510749 RPD:1
[CH: 50] LEN: 12 | HEX: F0 6D EE 80 F6 F5 96 F5 6C 9D BF F7 | T:2510749 RPD:1
[CH: 50] LEN: 12 | HEX: F1 77 FF 00 00 71 96 FE 9C 55 BD BF | T:2511018 RPD:1
[CH: 50] LEN: 12 | HEX: F9 77 77 00 00 71 96 FB 9C 55 BA BE | T:2511019 RPD:1
[CH: 50] LEN: 12 | HEX: F0 6D EF 00 F6 F5 96 EB 6C 9E BD FF | T:2511048 RPD:1
[CH: 50] LEN: 12 | HEX: F8 6D FE 80 EE F5 96 F6 EC 9F BF ED | T:2511049 RPD:1
[CH: 50] LEN: 12 | HEX: F5 77 B5 00 00 71 96 FF 1C 55 B7 FF | T:2511318 RPD:1
[CH: 50] LEN: 12 | HEX: F5 77 F5 00 00 71 96 EB 1C 55 BA EF | T:2511318 RPD:1
[CH: 50] LEN: 12 | HEX: F8 6D EF 00 FE FD 96 FE EC 9F BF FF | T:2511348 RPD:1
[CH: 50] LEN: 12 | HEX: F8 6D FE 00 FE F5 96 FE EC 9D AB EF | T:2511349 RPD:1
[CH: 50] LEN: 12 | HEX: F9 77 7F 00 00 71 96 F5 5C 55 AB BD | T:2511617 RPD:1
[CH: 50] LEN: 12 | HEX: F9 77 FF 00 00 71 96 F7 5C 55 BF EB | T:2511618 RPD:1
[CH: 50] LEN: 12 | HEX: E8 6D FD 00 EA ED 96 EF EC 9D 3F FB | T:2511648 RPD:1
[CH: 50] LEN: 12 | HEX: F0 6D EF 00 EC ED 96 EE EC 9E BF 7F | T:2511648 RPD:1
[CH: 50] LEN: 12 | HEX: F1 77 FA 00 00 71 96 FB 5C 55 AF 7A | T:2511917 RPD:1
[CH: 50] LEN: 12 | HEX: F9 77 FB 00 00 71 96 FF 1C 55 AF DF | T:2511918 RPD:1
[CH: 50] LEN: 12 | HEX: F4 6D EE 80 FA FD 96 FF 6C 9F BF F7 | T:2511947 RPD:1
[CH: 50] LEN: 12 | HEX: F8 6D EF 00 FE F5 96 F7 6C 9D AF F7 | T:2511948 RPD:1
[CH: 50] LEN: 12 | HEX: F9 77 AF 00 00 71 96 FF 9C 55 BB EE | T:2512217 RPD:1
[CH: 50] LEN: 12 | HEX: F5 77 7F 00 00 71 96 F7 5C 55 BF FE | T:2512217 RPD:1
[CH: 50] LEN: 12 | HEX: E8 6D F7 00 F6 FD 96 FB 6C 9D 3F FF | T:2512247 RPD:1
[CH: 50] LEN: 12 | HEX: F0 6D DF 00 FE ED 96 F5 6C 9D FE FD | T:2512248 RPD:1
[CH: 50] LEN: 12 | HEX: F9 77 F7 00 00 71 96 EF 9C 55 BE FF | T:2512516 RPD:1
[CH: 50] LEN: 12 | HEX: F5 77 DB 00 00 71 96 FF 5C 55 BE FF | T:2512517 RPD:1
[CH: 50] LEN: 12 | HEX: F4 6D DA 80 F6 F5 96 FB 6C 9F 3E FF | T:2512547 RPD:1
[CH: 50] LEN: 12 | HEX: F0 6D D5 00 F6 FD 96 FF 6C 9E BD DF | T:2512548 RPD:1
[CH: 50] LEN: 12 | HEX: E9 77 DF 00 00 71 96 F7 9C 55 AF FF | T:2512816 RPD:1
[CH: 50] LEN: 12 | HEX: F1 77 FA 00 00 71 96 F7 1C 55 B5 FB | T:2512817 RPD:1
[CH: 50] LEN: 12 | HEX: F0 6D ED 00 EE F5 96 FE 6C 9F BF FF | T:2512847 RPD:1
[CH: 50] LEN: 12 | HEX: F4 6D F6 80 FE FD 96 F7 6C 9F BF AB | T:2512847 RPD:1
[CH: 50] LEN: 12 | HEX: E9 77 5F 00 00 71 96 F7 5C 55 BD BD | T:2513116 RPD:1
[CH: 50] LEN: 12 | HEX: F1 77 FB 00 00 71 96 FE 9C 55 AF 9E | T:2513116 RPD:1
[CH: 50] LEN: 12 | HEX: F8 6D FD 00 F6 F5 96 F7 6C 9D 3F BF | T:2513146 RPD:1
[CH: 50] LEN: 12 | HEX: F0 6D EE 00 F6 F9 96 EE 6C 9F BF EF | T:2513147 RPD:1
[CH: 50] LEN: 12 | HEX: E9 77 F7 00 00 71 96 F7 9C 55 BF 7E | T:2513416 RPD:1
[CH: 50] LEN: 12 | HEX: FC 6D FE 80 EE FD 96 FE EC 9F 7F DB | T:2513446 RPD:1
[CH: 50] LEN: 12 | HEX: F4 6D DE 00 EC F5 96 EF EC 9F AE FE | T:2513447 RPD:1
[CH: 50] LEN: 12 | HEX: F9 77 BB 00 00 71 96 FD 1C 55 AF FF | T:2513715 RPD:1
[CH: 50] LEN: 12 | HEX: F1 77 FA 00 00 71 96 FD 9C 55 AB D9 | T:2513716 RPD:1
[CH: 50] LEN: 12 | HEX: F4 6D FD 00 EE FD 96 F7 6C 9F AF FF | T:2513746 RPD:1
[CH: 50] LEN: 12 | HEX: F0 6D F5 00 FE F5 96 F7 6C 9F BE FF | T:2513746 RPD:1
[CH: 50] LEN: 12 | HEX: F1 77 FA 00 00 71 96 FE 9C 55 AE 7E | T:2514015 RPD:1
[CH: 50] LEN: 12 | HEX: F9 77 F7 00 00 71 96 EF 9E 55 BF F7 | T:2514016 RPD:1
[CH: 50] LEN: 12 | HEX: E8 6D DF 00 F6 FD 96 F7 EC 9D 2B FF | T:2514045 RPD:1
[CH: 50] LEN: 12 | HEX: F8 6D FD 80 FE FD 96 F6 EC 9F BE FF | T:2514046 RPD:1
[CH: 50] LEN: 12 | HEX: F5 77 F5 00 00 71 96 FE 9C 55 B6 EB | T:2514314 RPD:1
[CH: 50] LEN: 12 | HEX: E9 77 BD 00 00 71 96 FB 9C 55 BF EF | T:2514315 RPD:1
[CH: 50] LEN: 12 | HEX: F8 6D FE 00 FE FD 96 FE EC 9E AF F7 | T:2514345 RPD:1
[CH: 50] LEN: 12 | HEX: EC 6D EE 80 FA FD 96 F6 EC 9D AF FE | T:2514346 RPD:1
[CH: 50] LEN: 12 | HEX: E9 77 BB 00 00 71 96 EF 1C 55 BF FE | T:2514614 RPD:1
[CH: 50] LEN: 12 | HEX: E9 77 F5 00 00 71 96 F7 5C 55 BF 91 | T:2514615 RPD:1
[CH: 50] LEN: 12 | HEX: F4 6D FE 80 FE FD 96 F7 6C 9D 3D DF | T:2514645 RPD:1
[CH: 50] LEN: 12 | HEX: F4 6D FD 00 FE FD 96 EF 6C 9E AF FF | T:2514645 RPD:1
[CH: 50] LEN: 12 | HEX: F9 77 AD 00 00 71 96 EF 9C 55 BF FE | T:2514914 RPD:1
[CH: 50] LEN: 12 | HEX: F5 77 F5 00 00 71 96 EF 1C 55 BF FF | T:2514915 RPD:1
[CH: 50] LEN: 12 | HEX: F4 6D FE 80 FE F5 96 FE 6C 9F BF BF | T:2514944 RPD:1
[CH: 50] LEN: 12 | HEX: F8 6D DF 00 FE F5 96 FF 6C 9D BF FB | T:2514945 RPD:1
[CH: 50] LEN: 12 | HEX: ED 77 77 00 00 71 96 FE 9C 55 BF FF | T:2515214 RPD:1
[CH: 50] LEN: 12 | HEX: F5 77 FB 00 00 71 96 EB 9C 55 B7 AD | T:2515214 RPD:1
[CH: 50] LEN: 12 | HEX: F4 6D EE 00 FE F5 96 F5 6C 9F AF DB | T:2515244 RPD:1
[CH: 50] LEN: 12 | HEX: F0 6D FE 80 F4 FB 96 FF EC 9E FF FF | T:2515245 RPD:1
[CH: 50] LEN: 12 | HEX: F9 77 FB 00 00 71 96 EF 9C 55 BD DF | T:2515514 RPD:1
[CH: 50] LEN: 12 | HEX: EC 6D DE 00 FC FD 96 EE EC 9F BF FB | T:2515544 RPD:1
[CH: 50] LEN: 12 | HEX: E8 6D DE 00 FC ED 96 EF 6C 9E BB DB | T:2515545 RPD:1
[CH: 50] LEN: 12 | HEX: F5 77 BF 00 00 71 96 FF 5C 55 BF 6F | T:2515813 RPD:1
[CH: 50] LEN: 12 | HEX: E9 77 77 00 00 71 96 FF 1C 55 BE FF | T:2515814 RPD:1
[CH: 50] LEN: 12 | HEX: F0 6D FD 80 FE FD 96 EF 6C 9F AA FF | T:2515843 RPD:1
[CH: 50] LEN: 12 | HEX: E8 6D EE 00 FE ED 96 EF EC 9F BF DF | T:2515844 RPD:1
[CH: 50] LEN: 12 | HEX: E9 77 FB 00 00 71 96 F7 9C 55 BF BD | T:2516113 RPD:1
[CH: 50] LEN: 12 | HEX: F9 77 BA 00 00 71 96 F7 9C 55 BF FF | T:2516113 RPD:1
[CH: 50] LEN: 12 | HEX: F8 6D FE 80 FE FD 96 EF EC 9F 7B FF | T:2516143 RPD:1
[CH: 50] LEN: 12 | HEX: F8 6D EB 00 F4 F5 96 FB 6C 9F BE FD | T:2516144 RPD:1
[CH: 50] LEN: 12 | HEX: F5 77 BF 00 00 71 96 FD 1C 55 BF F7 | T:2516412 RPD:1
[CH: 50] LEN: 12 | HEX: F1 77 F7 00 00 71 96 FE 9C 55 BB DE | T:2516413 RPD:1
[CH: 50] LEN: 12 | HEX: EC 6D FE 80 FD F5 96 FE 6C 9F BB BF | T:2516443 RPD:1
[CH: 50] LEN: 12 | HEX: F0 6D FE 80 FE FB 96 F7 6C 9E BF BF | T:2516444 RPD:1
[CH: 50] LEN: 12 | HEX: F9 77 F5 00 00 71 96 F7 DC 55 BB B5 | T:2516712 RPD:1
[CH: 50] LEN: 12 | HEX: F9 77 FB 00 00 71 96 F7 5C 55 BF FF | T:2516713 RPD:1
[CH: 50] LEN: 12 | HEX: EC 6D FF 00 EA FD 96 FE EC 9F BB F7 | T:2516743 RPD:1
[CH: 50] LEN: 12 | HEX: F5 77 F7 00 00 71 96 F7 9C 55 BF FA | T:2517012 RPD:1
[CH: 50] LEN: 12 | HEX: F5 77 B5 00 00 71 96 F7 9C 55 AF D7 | T:2517012 RPD:1
[CH: 50] LEN: 12 | HEX: F4 6D FE 80 F4 F5 96 FE 6C 9D AF 7F | T:2517043 RPD:1
[CH: 50] LEN: 12 | HEX: F9 77 B7 00 00 71 96 FF DC 55 BF BD | T:2517311 RPD:1
[CH: 50] LEN: 12 | HEX: F9 77 F5 00 00 71 96 FE 9C 55 AF FB | T:2517312 RPD:1
[CH: 50] LEN: 12 | HEX: F8 6D EE 80 EE FD 96 FF 6C 9F BB BF | T:2517342 RPD:1
[CH: 50] LEN: 12 | HEX: F8 6D FE 80 F4 F5 96 FF 6C 9F BB FB | T:2517343 RPD:1
[CH: 50] LEN: 12 | HEX: E9 77 77 00 00 71 96 F7 5C 55 BB FF | T:2517611 RPD:1
[CH: 50] LEN: 12 | HEX: E9 77 EB 00 00 71 96 FF 5C 55 AF DE | T:2517612 RPD:1
[CH: 50] LEN: 12 | HEX: F8 6D FF 80 FE F5 96 FF 6C 9F 2F FD | T:2517642 RPD:1
[CH: 50] LEN: 12 | HEX: F4 6D D6 80 FE E9 96 F7 6C 9D 2F EF | T:2517642 RPD:1
[CH: 50] LEN: 12 | HEX: F1 77 D6 00 00 71 96 FB 9C 55 B5 5F | T:2517911 RPD:1
[CH: 50] LEN: 12 | HEX: F5 77 5B 00 00 71 96 FE 9C 55 AF FF | T:2517911 RPD:1
[CH: 50] LEN: 12 | HEX: F0 6D FF 00 FE ED 96 F7 6C 9D BB B7 | T:2517941 RPD:1
[CH: 50] LEN: 12 | HEX: E8 6D FE 00 FA F5 96 FF 6C 9F B7 FF | T:2517942 RPD:1
[CH: 50] LEN: 12 | HEX: F5 77 B5 00 00 71 96 F7 9C 55 AD 7F | T:2518210 RPD:1
[CH: 50] LEN: 12 | HEX: F1 77 DC 00 00 71 96 F7 9C 55 B5 FF | T:2518211 RPD:1
[CH: 50] LEN: 12 | HEX: F0 6D FD 80 FE FD 96 FE 6C 9D 3B BF | T:2518241 RPD:1
[CH: 50] LEN: 12 | HEX: F0 6D FF 00 F5 F9 96 FF 6C 9D AF FF | T:2518242 RPD:1
[CH: 50] LEN: 12 | HEX: FA 76 F5 00 8C FD 96 FF 30 70 BF 7B | T:2518505 RPD:1
[CH: 50] LEN: 12 | HEX: F2 76 EE 80 8C FB 96 F5 30 70 AD DF | T:2518505 RPD:1
[CH: 50] LEN: 12 | HEX: FA 76 FE FA 73 FD 96 FF AE 8D AE DF | T:2518536 RPD:1
[CH: 50] LEN: 12 | HEX: F2 76 FE FD 70 F5 96 F7 BB 83 AD FE | T:2518539 RPD:1
[CH: 50] LEN: 12 | HEX: F2 76 FE F4 71 F5 96 FD 67 66 AF FF | T:2518542 RPD:1
[CH: 50] LEN: 12 | HEX: FA 76 FE FB 76 F5 96 FF 51 9F AF FF | T:2518572 RPD:1
[CH: 50] LEN: 12 | HEX: FA 76 F6 F6 77 FF 96 FF CD 7A B6 DB | T:2518602 RPD:1
[CH: 50] LEN: 12 | HEX: FA 76 FE F1 74 FD 96 F7 78 74 AD DF | T:2518632 RPD:1
[CH: 50] LEN: 12 | HEX: EA 76 F6 F8 75 FD 96 F7 24 91 BF DF | T:2518662 RPD:1
[CH: 50] LEN: 12 | HEX: FA 76 FE F7 7A F9 96 FF 55 86 AB EE | T:2518692 RPD:1
[CH: 50] LEN: 12 | HEX: FA 76 F6 F6 7B FB 96 F5 49 63 AB 77 | T:2518722 RPD:1
[CH: 50] LEN: 12 | HEX: FA 76 FE F5 78 FB 96 FF 3A 6D AB FF | T:2518752 RPD:1
[CH: 50] LEN: 12 | HEX: FA 76 FE F4 79 ED 96 F7 E0 88 BF FF | T:2518782 RPD:1
[CH: 50] LEN: 12 | HEX: FA 76 FE F3 7D FD 96 FE 96 71 BE FD | T:2518812 RPD:1
[CH: 50] LEN: 12 | HEX: FA 76 EE E2 75 FD 96 FF 0A 94 B7 FF | T:2518842 RPD:1
[CH: 50] LEN: 12 | HEX: F2 76 FA F1 7C FD 96 FB 7F 9A BF BF | T:2518872 RPD:0
[CH: 50] LEN: 12 | HEX: FA 76 FE E8 7B FD 96 FF A3 7F BE EF | T:2518902 RPD:1
[CH: 50] LEN: 12 | HEX: F2 76 F6 EF 62 FD 96 ED 0D 95 BD FB | T:2518932 RPD:1
[CH: 50] LEN: 12 | HEX: FA 76 EE EC 63 B9 96 EA D1 70 AF FF | T:2518961 RPD:1
[CH: 50] LEN: 12 | HEX: FE 76 FA ED 60 FB 96 FB A4 7F AB EF | T:2518991 RPD:1
[CH: 50] LEN: 12 | HEX: F2 76 F6 EC 61 DD 96 FB 70 9B BB 7A | T:2519021 RPD:0
[CH: 50] LEN: 12 | HEX: EA 76 EA EA 67 B5 96 F7 52 87 BF 7F | T:2519081 RPD:0
[CH: 50] LEN: 12 | HEX: FA 76 F6 E9 64 F5 96 FA A7 89 BF EF | T:2519111 RPD:1
[CH: 50] LEN: 12 | HEX: EA 76 FA E8 65 F9 96 EE BB 6C BB FB | T:2519141 RPD:1
[CH: 50] LEN: 12 | HEX: FA 76 EE E7 6A F5 96 FD 8A 7B BF EA | T:2519171 RPD:1
[CH: 50] LEN: 12 | HEX: FA 76 F6 E6 6B FD 96 FE 56 9E AA B3 | T:2519201 RPD:1
[CH: 50] LEN: 12 | HEX: F6 76 FE E5 68 ED 96 EE A3 90 B7 F7 | T:2519231 RPD:1
[CH: 50] LEN: 12 | HEX: FA 76 FE E4 69 DD 96 EF 7F 75 BB FF | T:2519261 RPD:1
[CH: 50] LEN: 12 | HEX: EA 76 EE E3 6E F9 96 F7 49 8C BE FF | T:2519291 RPD:1
[CH: 50] LEN: 12 | HEX: EA 76 FE E2 6F ED 96 EE 95 69 AF EE | T:2519321 RPD:1
[CH: 50] LEN: 12 | HEX: FA 76 FE E1 6C FD 96 F7 60 67 AF FA | T:2519351 RPD:1
[CH: 50] LEN: 12 | HEX: FA 76 FE E0 6D DD 96 FE BC 82 BF BF | T:2519381 RPD:1
[CH: 50] LEN: 12 | HEX: F2 76 FE DE D2 FB 96 EF 2D 92 BF ED | T:2519411 RPD:1
[CH: 50] LEN: 12 | HEX: F2 76 F6 FE 7B DD 96 FE CE 8D BF F7 | T:2519441 RPD:1
[CH: 50] LEN: 12 | HEX: F6 76 F6 ED 70 FD 96 FF 7B 83 BF F2 | T:2519445 RPD:1
[CH: 50] LEN: 12 | HEX: FA 76 FE FC 71 FD 96 EF E7 66 AD 7F | T:2519448 RPD:1
[CH: 50] LEN: 12 | HEX: F6 76 F6 F2 77 FD 96 FE 8D 7A AE DF | T:2519508 RPD:1
[CH: 50] LEN: 12 | HEX: FA 76 FA F9 74 FD 96 FE B8 74 BF 77 | T:2519538 RPD:1
[CH: 50] LEN: 12 | HEX: FA 76 EE E8 75 D9 96 F7 24 91 BD FF | T:2519568 RPD:1
[CH: 50] LEN: 12 | HEX: F6 76 EE F7 76 FB 96 F5 95 86 AF FF | T:2519598 RPD:1
[CH: 50] LEN: 12 | HEX: FA 76 FE F5 78 FB 96 FA 3C 6D AD FD | T:2519658 RPD:1
[CH: 50] LEN: 12 | HEX: F2 76 FE F4 79 FD 96 F7 40 88 AE FF | T:2519688 RPD:1
[CH: 50] LEN: 12 | HEX: F2 76 FE F3 7C F5 96 FF 56 71 BA EB | T:2519718 RPD:1
[CH: 50] LEN: 12 | HEX: FA 76 FE F2 7B 5D 96 FF 0A 94 AD A5 | T:2519748 RPD:1
[CH: 50] LEN: 12 | HEX: F6 76 FE F1 7C FD 96 F6 FB 9A BF EF | T:2519777 RPD:1
[CH: 50] LEN: 12 | HEX: F6 76 F6 F0 7D ED 96 EE A3 7B AF FD | T:2519807 RPD:1
[CH: 50] LEN: 12 | HEX: FA 76 F4 EF 62 FD 96 F7 0D 95 AF 7F | T:2519837 RPD:1
[CH: 50] LEN: 12 | HEX: F2 76 EA EE 63 FB 96 F7 B1 70 AE FF | T:2519867 RPD:1
[CH: 50] LEN: 12 | HEX: F6 76 F6 ED 60 F5 96 F6 A4 7A BF 6F | T:2519897 RPD:1
[CH: 50] LEN: 12 | HEX: EA 76 FE EC 61 DD 96 FE F0 9B AF 7B | T:2519927 RPD:1
[CH: 50] LEN: 12 | HEX: F6 76 FE EB 66 F9 96 FF 4E 62 AF FF | T:2519957 RPD:1
[CH: 50] LEN: 12 | HEX: F6 76 EA EA 67 5D 96 F7 52 87 2F EB | T:2519987 RPD:1
[CH: 50] LEN: 12 | HEX: EA 76 FE E9 64 F9 96 F6 E7 09 BF BF | T:2520017 RPD:1
[CH: 50] LEN: 12 | HEX: FA 76 FE E8 65 FD 96 FF 3B 6C BF FF | T:2520047 RPD:1
[CH: 50] LEN: 12 | HEX: F6 76 EE E7 6A FD 96 FE 8A 7B BF F7 | T:2520077 RPD:1
[CH: 50] LEN: 12 | HEX: F6 76 FE E6 6B B7 96 FE D6 9C B7 DB | T:2520107 RPD:1
[CH: 50] LEN: 12 | HEX: F6 76 FE E5 68 F5 96 FE A3 90 AF D5 | T:2520137 RPD:1
[CH: 50] LEN: 12 | HEX: FA 76 EE E4 69 FD 96 FF 7E F5 BF E9 | T:2520167 RPD:1
[CH: 50] LEN: 12 | HEX: F2 76 F6 E3 6E FB 96 F5 C9 8C AF FD | T:2520197 RPD:1
[CH: 50] LEN: 12 | HEX: F6 76 FE E2 6E FD 96 F7 15 69 AB F6 | T:2520227 RPD:1
[CH: 50] LEN: 12 | HEX: EA 76 F4 E1 6C ED 96 F7 60 67 BB FB | T:2520257 RPD:1
[CH: 50] LEN: 12 | HEX: F6 76 FE E0 6D FD 96 F7 3C 82 BF FF | T:2520287 RPD:1
[CH: 50] LEN: 12 | HEX: F6 76 F6 DD 52 FD 96 FF 2D 92 BF FF | T:2520317 RPD:1
[CH: 50] LEN: 12 | HEX: F2 76 FE EF 73 BF 96 FE 8E 8D BF FA | T:2520347 RPD:1
[CH: 50] LEN: 12 | HEX: FE 76 F6 ED 70 F5 96 FA BB 83 BF FF | T:2520351 RPD:1
[CH: 50] LEN: 12 | HEX: FA 76 FE FA 71 FD 96 F7 67 66 AF EF | T:2520355 RPD:1
[CH: 50] LEN: 12 | HEX: FA 76 EE F7 76 FD 96 F7 51 9D AF B7 | T:2520385 RPD:1
[CH: 50] LEN: 12 | HEX: F2 76 F6 EA 77 FB 96 EF 8D 72 BE FF | T:2520415 RPD:1
[CH: 50] LEN: 12 | HEX: EA 76 FE F1 74 ED 96 FF 58 74 BE EE | T:2520445 RPD:1
[CH: 50] LEN: 12 | HEX: F2 76 EE F4 75 D5 96 FF 24 91 BF FA | T:2520475 RPD:1
[CH: 50] LEN: 12 | HEX: F2 76 FE FF 7A FD 96 FE 95 86 BF EB | T:2520505 RPD:1
[CH: 50] LEN: 12 | HEX: EA 76 EE F6 7B FD 96 FA 49 63 BF FF | T:2520535 RPD:1
[CH: 50] LEN: 12 | HEX: F2 76 FE F5 78 E9 96 F7 3C 6D BD FF | T:2520565 RPD:1
[CH: 50] LEN: 12 | HEX: FA 76 FE E4 79 DD 96 F5 60 88 BF AB | T:2520595 RPD:1
[CH: 50] LEN: 12 | HEX: FA 76 FE F3 7A FB 96 FF B6 71 B7 FB | T:2520625 RPD:1
[CH: 50] LEN: 12 | HEX: F6 76 F6 F2 7B DD 96 FB 0A 94 AF FB | T:2520655 RPD:1
[CH: 50] LEN: 12 | HEX: F2 76 F6 F1 7C ED 96 FF 75 9A BF FF | T:2520684 RPD:1
[CH: 50] LEN: 12 | HEX: EA 76 FE F0 79 DD 96 F5 23 7F B7 FF | T:2520714 RPD:1
[CH: 50] LEN: 12 | HEX: F2 76 F6 EF 62 F5 96 F6 8D 95 BF 6F | T:2520744 RPD:1
[CH: 50] LEN: 12 | HEX: F2 76 FE EE 63 FD 96 F5 D1 70 BD FF | T:2520774 RPD:1
[CH: 50] LEN: 12 | HEX: F6 76 F4 ED 60 FD 96 F7 64 7A AE FF | T:2520804 RPD:1
[CH: 50] LEN: 12 | HEX: F2 76 FD EC 61 FD 96 FF 78 9B B9 FF | T:2520834 RPD:1
[CH: 50] LEN: 12 | HEX: F6 7E FE EB 66 E9 96 FF 4E 62 BF EF | T:2520864 RPD:1
[CH: 50] LEN: 12 | HEX: F6 7B FD 00 81 DD 96 F7 63 DC AF BF | T:2521072 RPD:1
[CH: 50] LEN: 12 | HEX: EA 7B FE 00 81 D5 96 EF E3 F8 AF BB | T:2521073 RPD:1
[CH: 50] LEN: 12 | HEX: E9 77 BC F6 EE 70 96 FD 23 2C AF DF | T:2521104 RPD:1
[CH: 50] LEN: 12 | HEX: E9 77 BA FA F6 70 96 F6 A3 2C AE FF | T:2521110 RPD:1
[CH: 50] LEN: 12 | HEX: F5 77 FA FD FE 73 96 FF 14 AE AE FF | T:2521113 RPD:1
[CH: 50] LEN: 12 | HEX: F9 7F EA FE FE 70 96 F7 23 2C AF FF | T:2521124 RPD:1
[CH: 50] LEN: 12 | HEX: E9 77 FA FB D6 73 96 FE 94 AE AB DD | T:2521124 RPD:0
[CH: 50] LEN: 12 | HEX: F9 77 F4 FE FA 70 96 F5 23 2C AF DB | T:2521135 RPD:1
[CH: 50] LEN: 12 | HEX: F9 77 F4 F5 DE 73 96 F7 94 AE BF FF | T:2521136 RPD:0
[CH: 50] LEN: 12 | HEX: F9 77 F4 EC FE 70 96 ED 23 2C AF FF | T:2521147 RPD:1
[CH: 50] LEN: 12 | HEX: E9 77 F4 F5 FE 77 96 EF 14 AE BD BF | T:2521147 RPD:0
[CH: 50] LEN: 12 | HEX: F1 77 FC FE FE 70 96 FE A3 2C BF D5 | T:2521158 RPD:1
[CH: 50] LEN: 12 | HEX: F9 77 FA FD FD 73 96 FF D4 AE BF FF | T:2521170 RPD:1
[CH: 50] LEN: 12 | HEX: E9 77 F6 EE FE 70 96 FF 23 2C AF AF | T:2521170 RPD:0
[CH: 50] LEN: 12 | HEX: E9 77 FC F5 FE 73 96 FE 94 AE B5 7F | T:2521181 RPD:1
[CH: 50] LEN: 12 | HEX: F9 77 F4 FB FE 73 96 FF 94 AE AF FF | T:2521182 RPD:0
[CH: 50] LEN: 12 | HEX: FD 77 FA F6 F6 70 96 F7 A3 6C BE 77 | T:2521193 RPD:1
[CH: 50] LEN: 12 | HEX: F5 77 BE F5 ED 73 96 FB 14 AE AF FE | T:2521204 RPD:1
[CH: 50] LEN: 12 | HEX: F9 77 FA FE FE 70 96 FB 23 2C B7 DF | T:2521204 RPD:0
[CH: 50] LEN: 12 | HEX: F9 77 5D FE FE 70 96 FF 23 2C AD FF | T:2521216 RPD:1
[CH: 50] LEN: 12 | HEX: F9 77 FA FE EE 70 96 FF A3 2C AF FF | T:2521216 RPD:0
[CH: 50] LEN: 12 | HEX: F9 77 F6 FD DE 73 96 EF 94 AE AD F7 | T:2521227 RPD:1
[CH: 50] LEN: 12 | HEX: F9 77 DE FE FA 70 96 FB 23 2C AE EF | T:2521228 RPD:0
[CH: 50] LEN: 12 | HEX: F9 77 F4 FF FC 73 96 FF 14 AE BF FF | T:2521239 RPD:1
[CH: 50] LEN: 12 | HEX: F9 77 EA FE FE 70 96 FF 23 2C AF FF | T:2521250 RPD:1
[CH: 50] LEN: 12 | HEX: F1 7F FD FD FE 73 96 F7 94 AE AF FB | T:2521250 RPD:0
[CH: 50] LEN: 12 | HEX: E9 77 FA FE F6 70 96 FB 23 2C BF FF | T:2521262 RPD:1
[CH: 50] LEN: 12 | HEX: E9 77 F4 FE EA 70 96 FE A3 2C BF FF | T:2521262 RPD:0
[CH: 50] LEN: 12 | HEX: F9 77 FD F5 EE 73 96 FF 94 AE AA EE | T:2521273 RPD:1
[CH: 50] LEN: 12 | HEX: F9 77 FA FB DD 73 96 FD 94 AE AB FF | T:2521285 RPD:1
[CH: 50] LEN: 12 | HEX: F9 77 BA EE EA 70 96 FE 23 2C BF 7B | T:2521285 RPD:0
[CH: 50] LEN: 12 | HEX: F9 77 B4 F9 FC 73 96 FF 94 AE AF 7B | T:2521296 RPD:1
[CH: 50] LEN: 12 | HEX: E9 77 FE F5 EF 73 96 FF 54 AE AE FE | T:2521296 RPD:0
[CH: 50] LEN: 12 | HEX: F9 77 FA F6 F6 70 96 FF 23 2C BF EF | T:2521308 RPD:1
[CH: 50] LEN: 12 | HEX: F5 77 FA FD FD 7B 96 FF 94 AE BB 7F | T:2521319 RPD:1
[CH: 50] LEN: 12 | HEX: F5 77 FD F6 FE 70 96 FB 23 2C AF 6F | T:2521319 RPD:1
[CH: 50] LEN: 12 | HEX: F9 77 BD FF FC 73 B6 FF 54 AE BD EF | T:2521330 RPD:1
[CH: 50] LEN: 12 | HEX: F9 77 5E FE F6 70 96 EE A3 2C AF BB | T:2521331 RPD:0
[CH: 50] LEN: 12 | HEX: F1 77 FD F5 FA 73 96 FA 94 AE BF FF | T:2521342 RPD:1
[CH: 50] LEN: 12 | HEX: F1 77 BB FD FE 73 96 FB 54 AE BF FE | T:2521342 RPD:0
[CH: 50] LEN: 12 | HEX: F1 77 DD FA F4 70 96 F7 23 2C BF D7 | T:2521354 RPD:1
[CH: 50] LEN: 12 | HEX: F9 77 F5 F6 FE 70 96 FF 23 2C BF FF | T:2521365 RPD:1
[CH: 50] LEN: 12 | HEX: F1 77 BD FD FE 73 96 FF 54 AE BD F2 | T:2521365 RPD:0
[CH: 50] LEN: 12 | HEX: F9 77 FC EA FE 70 96 FA 23 2C BF FF | T:2521376 RPD:1
[CH: 50] LEN: 12 | HEX: F9 7F BD FB EE 70 96 F5 23 2C BE ED | T:2521377 RPD:0
[CH: 50] LEN: 12 | HEX: F9 77 AE FD DE 73 96 FF 94 AE BF FF | T:2521388 RPD:1
[CH: 50] LEN: 12 | HEX: F5 77 AD FE EE 70 96 FE A3 2C BF B7 | T:2521399 RPD:1
[CH: 50] LEN: 12 | HEX: F9 77 FA FD EC 73 96 F7 94 AE BF FF | T:2521400 RPD:0
[CH: 50] LEN: 12 | HEX: F1 77 FD FE FE 70 96 FE A3 2C BF BF | T:2521411 RPD:1
[CH: 50] LEN: 12 | HEX: F9 77 FA FB FE 73 96 FF 14 AE BF FF | T:2521411 RPD:0
[CH: 50] LEN: 12 | HEX: F1 7F FD FE F6 70 96 FF 23 2C BB FA | T:2521422 RPD:1
[CH: 50] LEN: 12 | HEX: F9 77 DE FD FE 73 96 F5 94 AE BF EF | T:2521423 RPD:0
[CH: 50] LEN: 12 | HEX: F9 77 FA FE FE 70 96 FF 23 2C BB FF | T:2521434 RPD:1
[CH: 50] LEN: 12 | HEX: F9 77 F6 FB FA 73 96 FF 94 AE BE FE | T:2521445 RPD:1
[CH: 50] LEN: 12 | HEX: F1 77 DA F6 FE 70 96 FF 23 2C BF BE | T:2521446 RPD:0
[CH: 50] LEN: 12 | HEX: F9 77 DD F5 FE 73 96 FF 54 AE AF 75 | T:2521457 RPD:1
[CH: 50] LEN: 12 | HEX: F9 77 FB F9 FE 73 96 FB 54 AE BD 6F | T:2521457 RPD:0
[CH: 50] LEN: 12 | HEX: F9 7F FB FE F6 70 96 FF 23 2C BF F7 | T:2521468 RPD:0
[CH: 50] LEN: 12 | HEX: F1 77 74 F6 FE 70 96 FD 23 2C AF EF | T:2521480 RPD:1
[CH: 50] LEN: 12 | HEX: F1 77 BD F9 FE 73 96 FD 94 AE BF B5 | T:2521480 RPD:1
[CH: 50] LEN: 12 | HEX: F9 77 FD FE F4 70 96 FF 23 2C AF FF | T:2521491 RPD:1
[CH: 50] LEN: 12 | HEX: E9 77 DD F9 FA 73 96 FF 54 AE BF 7F | T:2521492 RPD:0
[CH: 50] LEN: 12 | HEX: F9 77 FD F6 EE 70 96 FF 23 2C B6 F7 | T:2521503 RPD:1
[CH: 50] LEN: 12 | HEX: F9 77 FB FE F5 70 96 FF 23 2C AF FF | T:2521514 RPD:1
[CH: 50] LEN: 12 | HEX: F1 77 FF FD F5 73 96 F7 94 AE AD 6F | T:2521514 RPD:0
[CH: 50] LEN: 12 | HEX: F9 77 FD FE FA 70 96 FF 23 2C BF FF | T:2521526 RPD:1
[CH: 50] LEN: 12 | HEX: F9 77 FD FE FE 70 96 F7 23 2C BF FF | T:2521526 RPD:0
[CH: 50] LEN: 12 | HEX: F9 77 FD F5 FE 73 96 FB 94 AE AD FD | T:2521537 RPD:0
[CH: 50] LEN: 12 | HEX: F9 77 FE FA FE 70 96 F7 23 2C BE BF | T:2521545 RPD:1
[CH: 50] LEN: 12 | HEX: F9 77 DE F9 FE 73 96 F7 14 AE BF FF | T:2521548 RPD:1
[CH: 50] LEN: 12 | HEX: F5 77 FE FE F6 78 96 F5 23 2C AF FF | T:2521568 RPD:1
[CH: 50] LEN: 12 | HEX: F9 77 FE FD EE 73 96 FF 94 AE B7 DA | T:2521571 RPD:1
[CH: 50] LEN: 12 | HEX: F9 77 FE FE FE 70 96 FF 23 2C BB DA | T:2521591 RPD:1
[CH: 50] LEN: 12 | HEX: F9 77 DE FD FE 73 96 FF 94 AE AD FD | T:2521594 RPD:1
[CH: 50] LEN: 12 | HEX: F9 77 EC FE FE 70 96 FF 23 2C AF DF | T:2521597 RPD:1
[CH: 50] LEN: 12 | HEX: F9 77 FE FD FE 73 96 FB 94 AE BB FF | T:2521608 RPD:1
[CH: 50] LEN: 12 | HEX: F9 77 FE FE FE 70 96 FF 23 2C AB FF | T:2521620 RPD:1
[CH: 50] LEN: 12 | HEX: F9 77 FE FD FE 73 96 FF 94 AE BF 6C | T:2521623 RPD:1
[CH: 50] LEN: 12 | HEX: FD 77 FE FE FE 70 96 FA 23 2C BF F7 | T:2521626 RPD:1
[CH: 50] LEN: 12 | HEX: F9 77 FE FD FE 73 96 FB 94 AE BD FD | T:2521637 RPD:1
[CH: 50] LEN: 12 | HEX: F1 77 FE FC FE 70 96 FF 23 2C BF 7B | T:2521638 RPD:0
[CH: 50] LEN: 12 | HEX: F5 77 5E D5 FE 73 96 FF 94 AE BF BB | T:2521649 RPD:1
[CH: 50] LEN: 12 | HEX: F9 77 FE FE FC 70 96 FF 23 2C BF F7 | T:2521660 RPD:1
[CH: 50] LEN: 12 | HEX: FD 77 DE FB FE 73 96 FE 94 AE BD BF | T:2521660 RPD:0
[CH: 50] LEN: 12 | HEX: F5 77 FE FA FE 70 96 FF 23 2C BD FD | T:2521672 RPD:0
[CH: 50] LEN: 12 | HEX: F1 77 FE F6 FE 70 96 FF 23 2C BB FF | T:2521679 RPD:1
[CH: 50] LEN: 12 | HEX: F9 77 FE FD FE 73 96 FA 94 AE BF FE | T:2521682 RPD:1
[CH: 50] LEN: 12 | HEX: F9 77 FE FD FE 73 96 FF 94 AE AE A9 | T:2521693 RPD:1
[CH: 50] LEN: 12 | HEX: F9 77 FE FE FE 70 96 FA 23 2C AF BF | T:2521693 RPD:1
[CH: 50] LEN: 12 | HEX: F9 77 FE FD FE 73 96 FF 94 AE AF F6 | T:2521705 RPD:1
[CH: 50] LEN: 12 | HEX: F9 77 DE FE FE 70 96 FF 23 2C BE BB | T:2521705 RPD:0
[CH: 50] LEN: 12 | HEX: F9 77 DE FD FE 73 96 FF 94 AE AF BD | T:2521716 RPD:1
[CH: 50] LEN: 12 | HEX: F9 77 BC FD FE 73 96 FF 94 AE BF FE | T:2521728 RPD:1
[CH: 50] LEN: 12 | HEX: F9 77 FE FE FE 70 96 FF 23 2C BD DB | T:2521728 RPD:0
[CH: 50] LEN: 12 | HEX: F9 77 BD F9 FE 73 96 F7 54 AE BD FB | T:2521739 RPD:1
[CH: 50] LEN: 12 | HEX: F1 77 B4 F5 EE 73 96 FF 54 AE AB 57 | T:2521739 RPD:0
[CH: 50] LEN: 12 | HEX: F1 77 FD FA FE 70 96 FF A3 2C AB FF | T:2521751 RPD:1
[CH: 50] LEN: 12 | HEX: F9 77 FD FD F6 73 96 FB 94 AE BF EF | T:2521751 RPD:0
[CH: 50] LEN: 12 | HEX: F1 77 BE FE FE 70 96 FE 23 2C BF D7 | T:2521762 RPD:1
[CH: 50] LEN: 12 | HEX: F1 77 F9 FB FE 73 96 F5 54 AE BA EE | T:2521774 RPD:1
[CH: 50] LEN: 12 | HEX: F1 77 FD F6 F6 70 96 F7 23 2C B7 FF | T:2521774 RPD:0
[CH: 50] LEN: 12 | HEX: F1 77 B4 FE EA 70 96 FE 23 2C BD BF | T:2521785 RPD:1
[CH: 50] LEN: 12 | HEX: F9 77 AE FE F6 70 96 FE 23 2C BF AC | T:2521785 RPD:0
[CH: 50] LEN: 12 | HEX: F1 77 F9 EB FE 73 96 F7 54 AE BA BF | T:2521797 RPD:1
[CH: 50] LEN: 12 | HEX: F9 77 DD FE FE F0 96 FF 23 2C BB FF | T:2521808 RPD:1
[CH: 50] LEN: 12 | HEX: F5 77 BD F5 EE 73 96 F5 94 AE BF 7E | T:2521808 RPD:0
[CH: 50] LEN: 12 | HEX: F9 77 FA FE FE 70 96 FE A3 2C BF FF | T:2521820 RPD:1
[CH: 50] LEN: 12 | HEX: F1 77 B6 F6 FE 70 96 FF 23 2C BF EB | T:2521820 RPD:0
[CH: 50] LEN: 12 | HEX: F1 77 FC F5 FD 73 96 FE 94 AE BF FB | T:2521831 RPD:1
[CH: 50] LEN: 12 | HEX: F9 77 FD FE FD 70 96 FE 23 2C AF FF | T:2521831 RPD:0
[CH: 50] LEN: 12 | HEX: F1 77 7E ED DD 73 96 EE 94 AE BF FF | T:2521843 RPD:1
[CH: 50] LEN: 12 | HEX: F9 77 FA F6 F6 70 96 EF 23 2C BF FF | T:2521854 RPD:1
[CH: 50] LEN: 12 | HEX: E9 77 FA F7 FF 73 96 FB 14 AE BD EF | T:2521854 RPD:0
[CH: 50] LEN: 12 | HEX: E9 77 F6 FD FE 73 96 EB 94 AE BF FF | T:2521866 RPD:1
[CH: 50] LEN: 12 | HEX: F9 77 F6 FD FF 73 96 F5 94 AE AE F7 | T:2521866 RPD:0
[CH: 50] LEN: 12 | HEX: E9 77 76 EE F6 70 96 EE A3 2C BF AA | T:2521877 RPD:1
[CH: 50] LEN: 12 | HEX: F9 77 FA FD EE 73 96 FF 54 AE BF DF | T:2521888 RPD:1
[CH: 50] LEN: 12 | HEX: F5 77 B4 FE F6 70 96 F6 A3 2C BF FF | T:2521889 RPD:0
[CH: 50] LEN: 12 | HEX: F5 77 F6 FD FA 73 96 EE 94 AE BF 7F | T:2521900 RPD:1
[CH: 50] LEN: 12 | HEX: F5 77 FC ED DF 73 96 FF 94 AE AE FF | T:2521900 RPD:0
[CH: 50] LEN: 12 | HEX: F9 77 F4 EE F6 70 96 F7 23 2C AF FF | T:2521912 RPD:1
[CH: 50] LEN: 12 | HEX: E9 77 F6 EE FE 70 96 FE A3 2C BF DF | T:2521923 RPD:1
[CH: 50] LEN: 12 | HEX: E9 77 7E FD FD 73 96 EF 14 AE AF FF | T:2521923 RPD:0
[CH: 50] LEN: 12 | HEX: E9 77 B4 F6 FE 70 96 FE 23 2C AF FF | T:2521934 RPD:0
[CH: 50] LEN: 12 | HEX: F1 77 BE FA F6 70 96 FE 23 2C AF FF | T:2521936 RPD:1
[CH: 50] LEN: 12 | HEX: F9 77 DD FD FE 73 96 FF 94 AE AF FD | T:2521947 RPD:1
[CH: 50] LEN: 12 | HEX: F9 77 FB F4 FE 70 96 F5 23 2C A5 FF | T:2521947 RPD:0
[CH: 50] LEN: 12 | HEX: F9 77 FB F9 EE 7B 96 FF 94 AE B7 FF | T:2521959 RPD:1
[CH: 50] LEN: 12 | HEX: F9 77 FD FE FE 70 96 F7 23 2C AF FF | T:2521970 RPD:0
[CH: 50] LEN: 12 | HEX: F9 77 FA F5 FE 70 96 F5 23 2C AF DE | T:2521970 RPD:0
[CH: 50] LEN: 12 | HEX: F9 77 FC F6 FC 70 96 FF 23 2C BF FE | T:2521981 RPD:1
[CH: 50] LEN: 12 | HEX: F9 77 FD F5 FE 73 96 FF 94 AE AF DF | T:2521982 RPD:1
[CH: 50] LEN: 12 | HEX: E9 77 BC FA FE 70 96 FF 23 2C AF F7 | T:2521993 RPD:1
[CH: 50] LEN: 12 | HEX: F1 77 FF FD F6 73 96 FF 94 AE BF 7B | T:2521993 RPD:0
[CH: 50] LEN: 12 | HEX: F9 77 D6 FE FE 70 96 F7 23 2C AB BF | T:2522004 RPD:1
[CH: 50] LEN: 12 | HEX: F9 77 BD FE FE 70 96 FF 23 2C AF FE | T:2522016 RPD:1
[CH: 50] LEN: 12 | HEX: F9 7F B9 ED EC 73 96 FF 94 AE AD FE | T:2522016 RPD:0
[CH: 50] LEN: 12 | HEX: F9 77 FE FE FE 70 96 FF 23 2C AF FF | T:2522027 RPD:1
[CH: 50] LEN: 12 | HEX: F1 77 FE FE FE 70 96 FA A3 2C AB DF | T:2522028 RPD:0
[CH: 50] LEN: 12 | HEX: F9 77 FE FD FE 73 96 FF 94 AE A7 F5 | T:2522039 RPD:1
[CH: 50] LEN: 12 | HEX: F9 77 FF F4 F4 70 96 FF 23 2C BF EF | T:2522050 RPD:1
[CH: 50] LEN: 12 | HEX: F9 77 FB F9 FE 73 96 F7 94 AE BF 77 | T:2522050 RPD:0
[CH: 50] LEN: 12 | HEX: F9 77 FE FD EF 73 96 FF 94 AE AF FD | T:2522062 RPD:1
[CH: 50] LEN: 12 | HEX: F1 77 FD FD FA 73 96 FF 94 AE AE FF | T:2522062 RPD:0
[CH: 50] LEN: 12 | HEX: F9 77 FA FE F4 70 96 FF 23 2C AF FE | T:2522073 RPD:1
[CH: 50] LEN: 12 | HEX: F1 77 FD FD FE 73 96 F7 54 AE B7 E5 | T:2522074 RPD:0
[CH: 50] LEN: 12 | HEX: F9 77 B4 FE F6 70 96 EF 23 2C BD FE | T:2522085 RPD:1
[CH: 50] LEN: 12 | HEX: F1 77 BE FD FC 7B 96 FF 14 AE BF FB | T:2522096 RPD:1
[CH: 50] LEN: 12 | HEX: F9 77 BF EA FE 70 96 FF 23 2C A7 FF | T:2522096 RPD:0
[CH: 50] LEN: 12 | HEX: F1 77 B8 EB EA 73 96 FF 14 AE BF FE | T:2522108 RPD:1
[CH: 50] LEN: 12 | HEX: F1 77 DD FD D6 73 96 FF 94 AE BF BF | T:2522108 RPD:0
[CH: 50] LEN: 12 | HEX: F9 77 74 EE EC 70 96 FE 23 2C AB FD | T:2522119 RPD:1
[CH: 50] LEN: 12 | HEX: F9 77 FD F6 F6 70 96 EB 23 2C BF FD | T:2522131 RPD:1
[CH: 50] LEN: 12 | HEX: F9 77 EA F9 EE 73 96 FB 94 AE AF BF | T:2522131 RPD:0
[CH: 50] LEN: 12 | HEX: F9 77 FD FA F4 70 96 F7 23 2C BA FD | T:2522142 RPD:1
[CH: 50] LEN: 12 | HEX: F1 77 BC F6 FE 70 96 F7 23 2C AA FD | T:2522142 RPD:0
[CH: 50] LEN: 12 | HEX: F9 77 FD F7 FF 73 96 FF 54 AE AB DB | T:2522154 RPD:1
[CH: 50] LEN: 12 | HEX: F9 7F B4 FE EC 70 96 F7 23 2C AF BD | T:2522165 RPD:1
[CH: 50] LEN: 12 | HEX: F9 77 7C FD FD 73 96 FF 54 AE BE FF | T:2522165 RPD:1
[CH: 50] LEN: 12 | HEX: F9 77 BA FE F4 70 96 F7 23 2C AF 75 | T:2522177 RPD:1
[CH: 50] LEN: 12 | HEX: F1 77 BE F5 FE 73 96 FF 94 AE BE FF | T:2522177 RPD:0
[CH: 50] LEN: 12 | HEX: F1 77 7D FE FE 70 96 FE 23 2C BF FF | T:2522188 RPD:1
[CH: 50] LEN: 12 | HEX: F9 77 F4 FD FD 73 96 FB 54 AE BF DF | T:2522188 RPD:0
[CH: 50] LEN: 12 | HEX: F1 77 5E F6 FA 70 96 EF 23 2C B7 77 | T:2522200 RPD:1
[CH: 50] LEN: 12 | HEX: F9 77 76 FD FF 73 96 FF 54 AE BF FF | T:2522211 RPD:1
[CH: 50] LEN: 12 | HEX: F1 77 FD FE FE 70 96 EF 23 2C BC FF | T:2522211 RPD:0
[CH: 50] LEN: 12 | HEX: F9 77 F6 FB DC 73 96 FD 14 AE AE FC | T:2522223 RPD:1
[CH: 50] LEN: 12 | HEX: E9 77 7A E9 DD 73 96 EE 54 AE AB DF | T:2522223 RPD:0
[CH: 50] LEN: 12 | HEX: F9 77 FC FA F6 70 96 F7 23 2C AD B6 | T:2522234 RPD:1
[CH: 50] LEN: 12 | HEX: F1 77 FE FF EC 73 96 F7 54 AE B6 EF | T:2522245 RPD:1
[CH: 50] LEN: 12 | HEX: F5 77 BA FA F6 70 96 FF 23 2C BD FF | T:2522246 RPD:0
[CH: 50] LEN: 12 | HEX: F1 77 B4 F5 EA 73 96 F6 94 AE AF DF | T:2522257 RPD:1
[CH: 50] LEN: 12 | HEX: F9 77 F6 FE EE 70 96 EF 23 2C BF ED | T:2522257 RPD:0
[CH: 50] LEN: 12 | HEX: F9 77 BC ED DD 73 96 F6 94 AE AD FF | T:2522269 RPD:1
[CH: 50] LEN: 12 | HEX: E9 77 F6 FC FE 70 96 F7 23 2C AF FF | T:2522269 RPD:0
[CH: 50] LEN: 12 | HEX: E9 77 B4 E9 EC 73 96 FF 54 AE BF DF | T:2522280 RPD:1
[CH: 50] LEN: 12 | HEX: F9 77 BE EE FC 70 96 F6 A3 2C AD FB | T:2522291 RPD:1
[CH: 50] LEN: 12 | HEX: F1 77 FA FE FE 70 96 FF 23 2C AF EF | T:2522292 RPD:0
[CH: 50] LEN: 12 | HEX: F5 77 B4 FE EC 70 96 FD 23 2C BF BF | T:2522303 RPD:1
[CH: 50] LEN: 12 | HEX: F9 77 B4 FE FC 70 96 FE A3 2C B3 FF | T:2522303 RPD:0
[CH: 50] LEN: 12 | HEX: F1 77 F6 F6 FE 70 96 F7 23 2C AF 7E | T:2522314 RPD:1
[CH: 50] LEN: 12 | HEX: F1 77 BE F6 EE 70 96 F7 23 2C BF D6 | T:2522326 RPD:1
[CH: 50] LEN: 12 | HEX: F1 77 7E F6 F6 70 96 FF 23 2C BF D3 | T:2522326 RPD:0
[CH: 50] LEN: 12 | HEX: F9 77 FA FD FD 73 96 FB 94 AE BD FF | T:2522337 RPD:1
[CH: 50] LEN: 12 | HEX: F1 77 AE FD DD 73 96 FB 94 AE BF 7F | T:2522338 RPD:0
[CH: 50] LEN: 12 | HEX: F1 77 F4 F6 F6 70 96 FE A3 2C BF DF | T:2522349 RPD:1
[CH: 50] LEN: 12 | HEX: F9 77 FC F5 FD 73 96 EF 94 AE AF FE | T:2522360 RPD:1
[CH: 50] LEN: 12 | HEX: F9 77 F4 FD EC 70 96 EF 23 2C AD BF | T:2522360 RPD:0
[CH: 50] LEN: 12 | HEX: F1 77 BA FD EE 73 96 FB D4 AE BF DF | T:2522372 RPD:1
[CH: 50] LEN: 12 | HEX: F5 77 74 FD EA 73 96 EF 94 AE BF FB | T:2522372 RPD:1
[CH: 50] LEN: 12 | HEX: F9 77 B4 FE F6 70 96 EE A3 2C AB FF | T:2522383 RPD:1
[CH: 50] LEN: 12 | HEX: F9 77 BA FC F6 70 96 FE A3 2C AF FF | T:2522384 RPD:0
[CH: 50] LEN: 12 | HEX: F5 77 F6 FD EE 73 96 F7 54 AE AE DE | T:2522395 RPD:1
[CH: 50] LEN: 12 | HEX: F9 77 EE EE FE 70 96 FF 23 2C B7 EF | T:2522406 RPD:1
[CH: 50] LEN: 12 | HEX: F1 77 FA FD FD 73 96 FE 94 AE BF BF | T:2522406 RPD:0
[CH: 50] LEN: 12 | HEX: F5 77 5E F6 EA 70 96 FE 23 2C AF FB | T:2522418 RPD:1
[CH: 50] LEN: 12 | HEX: F9 77 BE FC FE 70 96 F6 23 2C BF FE | T:2522418 RPD:0
[CH: 50] LEN: 12 | HEX: E9 77 BE FD D5 73 96 FF 94 AE AB BB | T:2522429 RPD:1
[CH: 50] LEN: 12 | HEX: F1 77 7A FE FE 70 96 F7 23 2C BD EB | T:2522441 RPD:1
[CH: 50] LEN: 12 | HEX: F9 77 FA F9 FC 73 96 F7 54 AE AF FF | T:2522441 RPD:0
[CH: 50] LEN: 12 | HEX: F1 77 5E EC FE 70 96 F6 23 2C BE FF | T:2522452 RPD:1
[CH: 50] LEN: 12 | HEX: ED 77 DF E9 FD 73 96 FF 54 AE AF F5 | T:2522452 RPD:0
[CH: 50] LEN: 12 | HEX: F9 77 7A EE FA 70 96 FF 23 2C AD FD | T:2522464 RPD:1
[CH: 50] LEN: 12 | HEX: F5 77 B6 F9 EC 73 96 F7 94 AE BD EF | T:2522464 RPD:0
[CH: 50] LEN: 12 | HEX: F1 77 76 F4 F6 70 96 EF 23 2C BB 7F | T:2522475 RPD:1
[CH: 50] LEN: 12 | HEX: F1 77 FE FD FD 73 96 FF 14 AE AE FF | T:2522487 RPD:1
[CH: 50] LEN: 12 | HEX: F5 77 F4 FE F6 70 96 FE A3 2C AF 7F | T:2522487 RPD:0
[CH: 50] LEN: 12 | HEX: F1 77 BE FD EC F3 96 F7 94 AE AF EE | T:2522498 RPD:1
[CH: 50] LEN: 12 | HEX: E9 77 F4 FD ED 73 96 F7 94 AE BB FA | T:2522498 RPD:0
[CH: 50] LEN: 12 | HEX: E9 77 B6 FD F6 70 96 FE 23 2C BF DD | T:2522510 RPD:1
[CH: 50] LEN: 12 | HEX: F9 77 BA FB FD 73 96 FE 94 AE BE BF | T:2522521 RPD:1
[CH: 50] LEN: 12 | HEX: F5 77 FD F6 FE 70 96 FE 23 2C AF DF | T:2522521 RPD:0
[CH: 50] LEN: 12 | HEX: F9 77 EA FC F6 70 96 F7 23 2C BF FF | T:2522532 RPD:1
[CH: 50] LEN: 12 | HEX: F9 77 F4 F6 FA 70 96 FE 23 2C AE BB | T:2522533 RPD:0
[CH: 50] LEN: 12 | HEX: F1 77 5A FD FE 73 96 EF 54 AE AE FE | T:2522544 RPD:1
[CH: 50] LEN: 12 | HEX: F1 77 DD FA FE 70 96 FF 23 2C AA FF | T:2522555 RPD:1
[CH: 50] LEN: 12 | HEX: F1 77 54 F5 EA 73 96 FF 54 AE BE F6 | T:2522556 RPD:0
[CH: 50] LEN: 12 | HEX: F1 77 7E EC F6 70 96 F3 23 2C AF DF | T:2522567 RPD:1
[CH: 50] LEN: 12 | HEX: E9 77 F4 F6 FE 70 96 FE 23 2C BD DD | T:2522567 RPD:0
[CH: 50] LEN: 12 | HEX: F1 77 5E FD EE 73 96 F6 D4 AE BF 7F | T:2522578 RPD:1
[CH: 50] LEN: 12 | HEX: F9 77 DA FE FE 70 96 FF 23 2C AB FF | T:2522579 RPD:1
[CH: 50] LEN: 12 | HEX: F9 77 DE F5 DC 73 96 EB 54 AE AF DD | T:2522590 RPD:1
[CH: 50] LEN: 12 | HEX: F1 77 F5 FD F6 73 96 F7 94 AE BF FB | T:2522601 RPD:1
[CH: 50] LEN: 12 | HEX: F1 77 5A F4 FA 70 96 F7 23 2C BD FF | T:2522602 RPD:0
[CH: 50] LEN: 12 | HEX: F1 77 BA F5 DD 73 96 FE 94 AE AF FF | T:2522613 RPD:1
[CH: 50] LEN: 12 | HEX: F9 77 BE F9 FE 73 96 FF 14 AE BF FF | T:2522613 RPD:0
[CH: 50] LEN: 12 | HEX: F9 77 FE FE FE 70 96 F7 23 2C AF DD | T:2522624 RPD:1
[CH: 50] LEN: 12 | HEX: F1 77 5E F5 EC 73 96 FB 14 AE AF BF | T:2522636 RPD:1
[CH: 50] LEN: 12 | HEX: F1 77 FA FC FE 70 96 FE 23 2C AF FB | T:2522636 RPD:0
[CH: 50] LEN: 12 | HEX: F9 77 56 FD FD 73 96 F7 54 AE AF FD | T:2522647 RPD:1
[CH: 50] LEN: 12 | HEX: F1 77 EE FD F4 73 96 F6 94 AE BB 6F | T:2522648 RPD:0
[CH: 50] LEN: 12 | HEX: E9 77 BE FE FE 70 96 FE 23 2C AD BB | T:2522659 RPD:1
[CH: 50] LEN: 12 | HEX: F1 77 7E F6 F6 70 96 F7 23 2C BD FF | T:2522659 RPD:0
[CH: 50] LEN: 12 | HEX: F9 77 BE FD F4 73 96 FD 14 AE BB EF | T:2522670 RPD:1
[CH: 50] LEN: 12 | HEX: F1 77 BA F6 F6 70 96 F7 23 2C B6 F7 | T:2522682 RPD:1
[CH: 50] LEN: 12 | HEX: E9 77 F6 E9 DE 73 96 EE 94 AE BD FF | T:2522682 RPD:0
[CH: 50] LEN: 12 | HEX: F9 77 FE FE FE 78 96 F7 23 2C AF EF | T:2522693 RPD:1
[CH: 50] LEN: 12 | HEX: F5 77 FA FE EA 70 96 FB 23 2C BE BF | T:2522694 RPD:0
[CH: 50] LEN: 12 | HEX: E9 77 DA F5 EE 73 96 F7 54 AE AE DF | T:2522705 RPD:1
[CH: 50] LEN: 12 | HEX: F9 77 74 FE F6 70 96 FE 23 2C AF 9F | T:2522716 RPD:1
[CH: 50] LEN: 12 | HEX: E9 77 74 FD DD 73 96 FD 54 AE BF FF | T:2522716 RPD:0
[CH: 50] LEN: 12 | HEX: F9 77 FD EC FE 70 96 FD 23 2C AF EF | T:2522728 RPD:1
[CH: 50] LEN: 12 | HEX: F1 77 5A E9 FE 73 96 FF 14 AE AF 3F | T:2522728 RPD:0
[CH: 50] LEN: 12 | HEX: ED 77 7A FE EC 70 96 F7 23 2C AF F5 | T:2522739 RPD:1
[CH: 50] LEN: 12 | HEX: F5 77 FA FD FE 73 96 FE 94 AE AE D7 | T:2522751 RPD:1
[CH: 50] LEN: 12 | HEX: F1 77 BE FE F4 70 96 FE A3 2C B7 EF | T:2522751 RPD:0
[CH: 50] LEN: 12 | HEX: F5 77 DE FB FF 73 96 FF 54 AE BD EF | T:2522762 RPD:1
[CH: 50] LEN: 12 | HEX: F1 77 7E FD F6 73 96 EF 14 AE BF FF | T:2522762 RPD:0
[CH: 50] LEN: 12 | HEX: F1 77 F4 F4 FA 70 96 FE A3 2C AF FD | T:2522774 RPD:1
[CH: 50] LEN: 12 | HEX: F1 77 BC F5 FC 73 96 FF 54 AE AF FF | T:2522774 RPD:0
[CH: 50] LEN: 12 | HEX: F9 77 BC F6 F6 70 96 FE A3 2C AB EF | T:2522785 RPD:1
[CH: 50] LEN: 12 | HEX: F5 77 DA FD F6 73 96 F7 14 AE BB BD | T:2522796 RPD:1
[CH: 50] LEN: 12 | HEX: F3 77 DE FF F4 70 96 FE 23 2C B5 FF | T:2522797 RPD:0
[CH: 50] LEN: 12 | HEX: F5 77 FA FD FE 73 96 FE 94 AE BF FF | T:2522808 RPD:1
[CH: 50] LEN: 12 | HEX: F9 77 FA FE FA 70 96 FF 23 2C AD FF | T:2522808 RPD:0
[CH: 50] LEN: 12 | HEX: F9 77 FA F5 DC 73 96 FB 14 AE AF 7D | T:2522820 RPD:1
[CH: 50] LEN: 12 | HEX: E9 77 FA FE FE 70 96 FF 23 2C BF FF | T:2522831 RPD:1
[CH: 50] LEN: 12 | HEX: F5 77 BA FD FE 73 96 FE 94 AE AD FF | T:2522831 RPD:0
[CH: 50] LEN: 12 | HEX: E9 77 BA F5 FE 70 96 F6 23 2C BA FF | T:2522842 RPD:1
[CH: 50] LEN: 12 | HEX: F5 77 D4 F5 F5 70 96 EF 23 2C BF 7F | T:2522843 RPD:0
[CH: 50] LEN: 12 | HEX: E9 77 BA FD DE 73 96 F7 54 AE BD BE | T:2522854 RPD:1
[CH: 50] LEN: 12 | HEX: E9 77 FA F6 F6 70 96 F7 23 2C AB FB | T:2522854 RPD:0
[CH: 50] LEN: 12 | HEX: E9 77 FA FD FE 73 96 F5 94 AE AF D7 | T:2522866 RPD:0
[CH: 50] LEN: 12 | HEX: F5 77 F6 FE FE 70 96 FE A3 2C BF DF | T:2522877 RPD:1
[CH: 50] LEN: 12 | HEX: E9 77 74 ED D6 73 96 F7 54 AE BF BB | T:2522877 RPD:0
[CH: 50] LEN: 12 | HEX: F5 77 B4 F6 FE 70 96 F7 23 2C AF FF | T:2522888 RPD:1
[CH: 50] LEN: 12 | HEX: F9 77 BA F5 EE 73 96 EE 94 AE AB FF | T:2522889 RPD:0
[CH: 50] LEN: 12 | HEX: F9 77 F6 FE EE 70 96 F7 23 2C AF 57 | T:2522900 RPD:1
[CH: 50] LEN: 12 | HEX: E9 77 F4 FB ED 73 96 FE D4 AE AF FB | T:2522911 RPD:1
[CH: 50] LEN: 12 | HEX: F9 77 F4 FE F6 70 96 F7 23 2C BD FF | T:2522912 RPD:0
[CH: 50] LEN: 12 | HEX: F9 77 BA F5 FD 73 96 FF 54 AE AD FF | T:2522923 RPD:1
[CH: 50] LEN: 12 | HEX: F5 77 FA FD FD 73 96 F7 94 AE BE BF | T:2522923 RPD:0
[CH: 50] LEN: 12 | HEX: E9 77 7E F6 FE 70 96 FB 23 2C BF FF | T:2522934 RPD:1
[CH: 50] LEN: 12 | HEX: F5 77 FC FD DD 73 96 EF 94 AE AD FF | T:2522946 RPD:1
[CH: 50] LEN: 12 | HEX: F1 77 BE F6 EC 70 96 F6 A3 2C BF 7B | T:2522946 RPD:0
[CH: 50] LEN: 12 | HEX: F1 77 5E F5 FC 73 96 FB 94 AE AA FD | T:2522957 RPD:1
[CH: 50] LEN: 12 | HEX: E9 77 FA F6 EE 70 96 EE A3 2C AB F7 | T:2522957 RPD:0
[CH: 50] LEN: 12 | HEX: F9 77 FD FD FE 73 96 FF 54 AE BF BF | T:2522969 RPD:1
[CH: 50] LEN: 12 | HEX: F9 77 FD F6 F6 70 96 F7 23 2C AD FE | T:2522969 RPD:0
[CH: 50] LEN: 12 | HEX: F1 77 76 FD DE 73 D6 F5 94 AE BA AF | T:2522980 RPD:1
[CH: 50] LEN: 12 | HEX: F9 77 FA FE FE 70 96 FF 23 2C BF EE | T:2522992 RPD:1
[CH: 50] LEN: 12 | HEX: F1 77 7E F9 F6 73 96 F7 14 AE BD FF | T:2522992 RPD:0
[CH: 50] LEN: 12 | HEX: F9 77 BC FE FE 70 96 FE A3 2C AF FB | T:2523003 RPD:1
[CH: 50] LEN: 12 | HEX: F1 77 FA FE EE 70 96 EE 23 2C BE DD | T:2523003 RPD:0
[CH: 50] LEN: 12 | HEX: F1 77 FA F4 FA 70 96 FE 23 2C BD 6B | T:2523015 RPD:1
[CH: 50] LEN: 12 | HEX: F9 77 DF FA FE 70 96 F5 23 2C AF FF | T:2523026 RPD:1
[CH: 50] LEN: 12 | HEX: F9 77 DA FD EE 73 96 F7 14 AE AF 5F | T:2523026 RPD:0
[CH: 50] LEN: 12 | HEX: F1 77 D6 FD FE 73 96 FB 54 AE AF 7F | T:2523038 RPD:1
[CH: 50] LEN: 12 | HEX: F9 77 ED F5 FE 73 96 FF 54 AE AF FD | T:2523038 RPD:0
[CH: 50] LEN: 12 | HEX: F9 77 DD F6 F6 70 96 FF 23 2C BB F7 | T:2523049 RPD:1
[CH: 50] LEN: 12 | HEX: F1 77 FA E9 FC 73 96 F7 14 AE BB FF | T:2523049 RPD:0
[CH: 50] LEN: 12 | HEX: F1 77 FE EE F6 70 96 F5 23 2C BD FF | T:2523061 RPD:1
[CH: 50] LEN: 12 | HEX: F1 77 FE E9 F6 73 96 FE D4 AE AF 5E | T:2523072 RPD:1
[CH: 50] LEN: 12 | HEX: F1 77 7C EA F6 70 96 F6 23 2C AF F6 | T:2523072 RPD:1
[CH: 50] LEN: 12 | HEX: F9 77 F4 FD FE 73 96 FF 94 AE AF BD | T:2523084 RPD:1
[CH: 50] LEN: 12 | HEX: F9 77 BF FA FE 70 96 F7 23 2C AF FF | T:2523084 RPD:0
[CH: 50] LEN: 12 | HEX: F9 77 FC FD EA 73 96 FF 94 AE B7 77 | T:2523095 RPD:1
[CH: 50] LEN: 12 | HEX: F9 77 F4 EA FE 70 96 EE 23 2C BE BD | T:2523106 RPD:1
[CH: 50] LEN: 12 | HEX: F9 77 D6 FD D4 73 96 FF 94 AE AF 9D | T:2523107 RPD:0
[CH: 50] LEN: 12 | HEX: F1 77 FB F6 FE 70 96 EF 23 2C A7 EF | T:2523118 RPD:1
[CH: 50] LEN: 12 | HEX: F1 77 FB EA FE 70 96 F6 23 2C B7 F7 | T:2523118 RPD:0
[CH: 50] LEN: 12 | HEX: F9 77 FE FD FE 73 96 FF 94 AE BF 6F | T:2523130 RPD:1
[CH: 50] LEN: 12 | HEX: F9 77 FB F4 FE 70 96 FF 23 2C AF FF | T:2523141 RPD:1
[CH: 50] LEN: 12 | HEX: F1 77 FD F9 DC 73 96 FF 14 AE B6 FB | T:2523141 RPD:0
[CH: 50] LEN: 12 | HEX: F1 77 BE FE F4 70 96 F5 23 2C BE FA | T:2523152 RPD:1
[CH: 50] LEN: 12 | HEX: F1 77 FA FB EE 73 96 FF 94 AE A9 FE | T:2523153 RPD:0
[CH: 50] LEN: 12 | HEX: F1 77 FA FE FE 70 96 FF 23 2C A5 BF | T:2523164 RPD:1
[CH: 50] LEN: 12 | HEX: F1 77 EE F5 FE 73 96 FE D4 AE AF FF | T:2523164 RPD:0
[CH: 50] LEN: 12 | HEX: F1 77 FA FE FE 70 96 FF 23 2C BF BF | T:2523175 RPD:1
[CH: 50] LEN: 12 | HEX: F9 77 FA FD FE 73 96 FF 14 AE BF DE | T:2523187 RPD:1
[CH: 50] LEN: 12 | HEX: F9 77 FC FE FA 70 96 F6 23 2C AF B7 | T:2523187 RPD:0
[CH: 50] LEN: 12 | HEX: F1 77 FA FD EE 73 96 FF 14 AE BF FF | T:2523198 RPD:1
[CH: 50] LEN: 12 | HEX: E9 77 6A ED DD 73 96 FD 54 AE AB FF | T:2523199 RPD:0
[CH: 50] LEN: 12 | HEX: F9 77 6A F6 FA 70 96 EE 23 2C AD B7 | T:2523210 RPD:1
[CH: 50] LEN: 12 | HEX: F9 77 DE F5 EF 73 96 FF 54 AE A7 FF | T:2523221 RPD:1
[CH: 50] LEN: 12 | HEX: F1 77 7A FE FE 70 96 FF 23 2C BF EF | T:2523221 RPD:0
[CH: 50] LEN: 12 | HEX: F1 77 EE FE FE 70 96 FF 23 2C AF DE | T:2523233 RPD:1
[CH: 50] LEN: 12 | HEX: F9 77 7A FA EE 70 96 F7 23 2C BB FF | T:2523233 RPD:0
[CH: 50] LEN: 12 | HEX: F9 77 BC F5 FC 73 96 EF 54 AE AF FF | T:2523244 RPD:1
[CH: 50] LEN: 12 | HEX: F1 77 FD FE FE 70 96 FE A3 2C AD FF | T:2523245 RPD:0
[CH: 50] LEN: 12 | HEX: F9 77 FB FB FE 73 96 F7 94 AE AF FF | T:2523256 RPD:1
[CH: 50] LEN: 12 | HEX: F9 77 DC F6 F4 70 96 F7 23 2C AF FF | T:2523267 RPD:1
[CH: 50] LEN: 12 | HEX: F1 77 F4 FD EE 73 96 F7 D4 AE AA B9 | T:2523267 RPD:0
[CH: 50] LEN: 12 | HEX: F9 77 FA FA FE 70 96 FF 23 2C BF FB | T:2523279 RPD:1
[CH: 50] LEN: 12 | HEX: F9 77 FA F6 FA 70 96 FE 23 2C AF B6 | T:2523279 RPD:1
[CH: 50] LEN: 12 | HEX: F5 77 DD FD EE 73 96 F6 D4 AE AF BE | T:2523290 RPD:1
[CH: 50] LEN: 12 | HEX: F1 77 BE F5 FE 73 96 F7 14 AE BA FF | T:2523302 RPD:1
[CH: 50] LEN: 12 | HEX: F9 77 F9 F6 EE 70 96 F7 A3 2C BD EF | T:2523302 RPD:0
[CH: 50] LEN: 12 | HEX: F1 77 FA FD FE 73 96 FB D4 AE BF 7A | T:2523313 RPD:1
[CH: 50] LEN: 12 | HEX: F1 77 FA FD F6 73 96 FF 54 AE BF FF | T:2523313 RPD:0
[CH: 50] LEN: 12 | HEX: E9 77 BA FE EE 70 96 F7 23 2C BF FF | T:2523325 RPD:1
[CH: 50] LEN: 12 | HEX: F9 77 FA F7 FE 73 96 FB 94 AE BB 7F | T:2523336 RPD:1
[CH: 50] LEN: 12 | HEX: F1 77 BC FE FE 70 96 FF 23 2C BD 52 | T:2523336 RPD:0
[CH: 50] LEN: 12 | HEX: F9 77 EE FD F6 73 96 FF 54 AE AE EF | T:2523348 RPD:1
[CH: 50] LEN: 12 | HEX: F1 77 FE FB FE 73 96 F7 54 AE AF 9F | T:2523348 RPD:0
[CH: 50] LEN: 12 | HEX: F1 77 BD FE FE 70 96 FF 23 2C BD FF | T:2523359 RPD:1
[CH: 50] LEN: 12 | HEX: F1 77 BD FE F6 70 96 FA 23 2C AF FD | T:2523359 RPD:0
[CH: 50] LEN: 12 | HEX: F1 77 FD F9 EA 73 96 FF 54 AE BF FF | T:2523371 RPD:1
[CH: 50] LEN: 12 | HEX: F9 77 BA FE FE 70 96 FF 23 2C BF F7 | T:2523382 RPD:1
[CH: 50] LEN: 12 | HEX: F9 77 FD FD FE 73 96 F7 14 AE AD FE | T:2523382 RPD:0
[CH: 50] LEN: 12 | HEX: F1 77 FA F4 FE 70 96 FF 23 2C A3 EF | T:2523394 RPD:1
[CH: 50] LEN: 12 | HEX: F9 77 BD FE FA 70 96 FF 23 2C AA FF | T:2523394 RPD:0
[CH: 50] LEN: 12 | HEX: E9 77 7E FD DA 73 96 F7 54 AE BF 7F | T:2523405 RPD:1
[CH: 50] LEN: 12 | HEX: F1 77 BE F6 FE 70 96 F6 23 2C AF FF | T:2523416 RPD:1
[CH: 50] LEN: 12 | HEX: F1 77 B6 F5 F4 73 96 FF 94 AE AB FF | T:2523417 RPD:0
[CH: 50] LEN: 12 | HEX: E9 77 F4 FE FA 70 96 FF 23 2C BB DF | T:2523428 RPD:1
[CH: 50] LEN: 12 | HEX: F9 77 F8 FD DF 73 96 FF 14 AE BF FF | T:2523428 RPD:0
[CH: 50] LEN: 12 | HEX: F1 77 FD F5 EC 73 96 EB 54 AE BD FE | T:2523439 RPD:1
[CH: 50] LEN: 12 | HEX: ED 77 F4 FD FE 73 96 F7 14 AE BE FD | T:2523440 RPD:0
[CH: 50] LEN: 12 | HEX: F9 77 FA FE FE 70 96 FB 23 2C AE DF | T:2523451 RPD:1
[CH: 50] LEN: 12 | HEX: F1 77 DB FB F6 73 96 FB 94 AE AF FF | T:2523462 RPD:1
[CH: 50] LEN: 12 | HEX: F1 77 BF FE F6 70 96 FE 23 2C BF 6F | T:2523463 RPD:0
[CH: 50] LEN: 12 | HEX: F9 77 AA F5 EE 73 96 FF 54 AE AD FF | T:2523474 RPD:1
[CH: 50] LEN: 12 | HEX: F9 77 B4 FD ED 73 96 F7 54 AE AF A0 | T:2523474 RPD:0
[CH: 50] LEN: 12 | HEX: ED 77 F6 F6 FE 70 96 FE 23 2C BD DF | T:2523485 RPD:1
[CH: 50] LEN: 12 | HEX: F9 77 BE F9 F6 73 96 FB 14 AE AF EF | T:2523497 RPD:1
[CH: 50] LEN: 12 | HEX: F9 77 F5 F5 FE 73 96 FF 14 AE BF 7F | T:2523497 RPD:0
[CH: 50] LEN: 12 | HEX: E9 77 FA FE FC 70 96 FF A3 2C BF 5F | T:2523508 RPD:1
[CH: 50] LEN: 12 | HEX: F1 77 AC EA FE 70 96 EB 23 2C AF F7 | T:2523509 RPD:0
[CH: 50] LEN: 12 | HEX: F9 77 FA FD DE 73 96 F7 94 AE A9 7F | T:2523520 RPD:1
[CH: 50] LEN: 12 | HEX: ED 77 BA F6 FE 70 96 F7 23 2C B3 BF | T:2523531 RPD:1
[CH: 50] LEN: 12 | HEX: F1 77 FA F5 FE 73 96 F7 14 AE AD FF | T:2523531 RPD:0
[CH: 50] LEN: 12 | HEX: F1 77 79 F6 FE 70 96 F6 23 2C BB FF | T:2523543 RPD:1
[CH: 50] LEN: 12 | HEX: F1 77 FA FE FE 70 96 F6 23 2C BF 7B | T:2523543 RPD:0
[CH: 50] LEN: 12 | HEX: F9 77 F4 ED FE 73 96 FF 14 AE BE FD | T:2523554 RPD:1
[CH: 50] LEN: 12 | HEX: F1 77 F5 FE F4 70 96 F7 23 2C AD F7 | T:2523555 RPD:0
[CH: 50] LEN: 12 | HEX: E9 77 AE FD EC 7B 96 F7 14 AE BB BF | T:2523566 RPD:1
[CH: 50] LEN: 12 | HEX: F9 77 BE FD FD 73 96 FE D4 AE AF FB | T:2523577 RPD:1
[CH: 50] LEN: 12 | HEX: F1 77 AD EE FE 70 96 FE 23 2C BF 7D | T:2523577 RPD:0
[CH: 50] LEN: 12 | HEX: F9 77 BA FB EE 73 96 FB 14 AE BF FF | T:2523589 RPD:1
[CH: 50] LEN: 12 | HEX: F9 77 7C FD DE 73 96 EF 54 AE BD FB | T:2523589 RPD:0
[CH: 50] LEN: 12 | HEX: F1 77 DE EE F4 70 96 F7 23 2C AF F5 | T:2523600 RPD:1
[CH: 50] LEN: 12 | HEX: F1 77 AF F9 DB 7B 96 FF 54 AE BF F7 | T:2523612 RPD:1
[CH: 50] LEN: 12 | HEX: F5 77 FD F6 EA 70 96 F7 23 2C AF 6F | T:2523612 RPD:1
[CH: 50] LEN: 12 | HEX: ED 77 F8 F5 EE 73 96 F7 94 AE AE FE | T:2523623 RPD:1
[CH: 50] LEN: 12 | HEX: F1 77 FA F5 EA 73 96 EE 54 AE AA DF | T:2523623 RPD:0
[CH: 50] LEN: 12 | HEX: F9 77 FA EE FE 70 96 FF A3 2C BF BD | T:2523635 RPD:1
[CH: 50] LEN: 12 | HEX: F1 77 FA FC FE 70 96 FF 23 2C BF FF | T:2523635 RPD:0
[CH: 50] LEN: 12 | HEX: F9 77 FA FD FE 73 96 FE 94 AE AD BB | T:2523646 RPD:1
[CH: 50] LEN: 12 | HEX: F1 77 FA FE FE 70 96 FF 23 2C BF BF | T:2523658 RPD:1
[CH: 50] LEN: 12 | HEX: F9 77 FA E9 DD 73 96 F7 94 AE BF FF | T:2523658 RPD:0
[CH: 50] LEN: 12 | HEX: F1 77 FA F6 FE 70 96 FE A3 2C AF FB | T:2523669 RPD:1
[CH: 50] LEN: 12 | HEX: F1 77 7E F6 EE 70 96 FF 23 2C BF DE | T:2523669 RPD:0
[CH: 50] LEN: 12 | HEX: F1 77 DD F5 EE 73 96 F7 94 AE BF DE | T:2523681 RPD:1
[CH: 50] LEN: 12 | HEX: F1 77 FA FE FE 70 96 FF 23 2C BF FF | T:2523692 RPD:1
[CH: 50] LEN: 12 | HEX: F9 77 FE FD FE 73 96 FF 14 AE AF FD | T:2523692 RPD:0
[CH: 50] LEN: 12 | HEX: F9 77 DD F4 FE 70 96 FE 23 2C AF EF | T:2523703 RPD:1
[CH: 50] LEN: 12 | HEX: F9 77 DE F7 FE 73 96 FE D4 AE A7 7F | T:2523704 RPD:0
[CH: 50] LEN: 12 | HEX: F1 77 BC FE FE 70 96 F6 23 6C AF FF | T:2523715 RPD:1
[CH: 50] LEN: 12 | HEX: F9 77 BD FB FC 73 96 FE 94 AE BF D4 | T:2523726 RPD:1
[CH: 50] LEN: 12 | HEX: E9 77 F4 F6 EA 70 96 FE A3 2C AF B7 | T:2523727 RPD:0
[CH: 50] LEN: 12 | HEX: F1 77 AA F5 FC 73 96 F7 54 AE AB 75 | T:2523738 RPD:1
[CH: 50] LEN: 12 | HEX: F5 7F FD FB F6 73 96 FF 54 AE AB FE | T:2523738 RPD:0
[CH: 50] LEN: 12 | HEX: F9 77 FA F6 FC 70 96 FF 23 2C BD FF | T:2523749 RPD:1
[CH: 50] LEN: 12 | HEX: F5 77 FA FD EE 73 96 FF 14 AE AC FF | T:2523750 RPD:0
[CH: 50] LEN: 12 | HEX: F9 77 F4 F6 EE 70 96 FF 23 2C B6 FD | T:2523761 RPD:1
[CH: 50] LEN: 12 | HEX: F1 77 7E F5 EC 73 96 EF 54 AE AE FF | T:2523772 RPD:1
[CH: 50] LEN: 12 | HEX: F9 77 BC FE F6 70 96 F5 23 2C BB EC | T:2523773 RPD:0
[CH: 50] LEN: 12 | HEX: F9 77 FA F6 F6 70 96 EF A3 2C AD DF | T:2523784 RPD:1
[CH: 50] LEN: 12 | HEX: F9 77 F4 EE FE 70 96 FF 23 2C BF DF | T:2523784 RPD:0
[CH: 50] LEN: 12 | HEX: F1 77 FA FD FE 73 96 F6 94 AE BD BF | T:2523795 RPD:1
[CH: 50] LEN: 12 | HEX: F1 77 FD FB FE 73 96 FE 94 AE BF FB | T:2523807 RPD:1
[CH: 50] LEN: 12 | HEX: F1 77 FC FE FE 70 96 F7 23 2C BF FB | T:2523807 RPD:0
[CH: 50] LEN: 12 | HEX: F9 77 F4 F6 F4 70 96 FF 23 2C BF FB | T:2523818 RPD:1
[CH: 50] LEN: 12 | HEX: F9 77 FD FE FE 70 96 F6 23 2C BD FF | T:2523819 RPD:1
[CH: 50] LEN: 12 | HEX: F9 77 DD F5 EC 73 96 FF 54 AE B7 7E | T:2523830 RPD:1
[CH: 50] LEN: 12 | HEX: F9 77 BA F4 FE 70 96 FB 23 2C AF F7 | T:2523830 RPD:0
[CH: 50] LEN: 12 | HEX: F1 77 BE FD EE 73 96 F6 94 AE AF FF | T:2523841 RPD:1
[CH: 50] LEN: 12 | HEX: F1 77 BE FD EE 73 96 FB 14 AE BF FE | T:2523853 RPD:1
[CH: 50] LEN: 12 | HEX: F1 77 DD FE EE 70 96 F7 23 2C AB ED | T:2523853 RPD:0
[CH: 50] LEN: 12 | HEX: F1 77 FD F5 FD 73 96 FE D4 AE BF F7 | T:2523864 RPD:1
[CH: 50] LEN: 12 | HEX: F9 77 FA F9 FC 73 96 F7 54 AE AF EF | T:2523865 RPD:0
[CH: 50] LEN: 12 | HEX: F9 77 FA FC FE 70 96 FF 23 2C AF EF | T:2523876 RPD:0
[CH: 50] LEN: 12 | HEX: F1 77 FD 00 00 71 96 FE DC 55 AF AB | T:2523895 RPD:1
[CH: 50] LEN: 12 | HEX: F9 77 DA 00 00 71 96 FF 1C 55 AF FF | T:2523896 RPD:1
[CH: 50] LEN: 12 | HEX: F0 6D F6 80 FE FB 96 FD EC 9F AB F9 | T:2523925 RPD:1
[CH: 50] LEN: 12 | HEX: F8 6D EB 00 F4 FD 96 F7 6C 9F 2F FB | T:2523926 RPD:1
[CH: 50] LEN: 12 | HEX: F9 77 FB 00 00 71 96 FF 5C 55 AF FF | T:2524195 RPD:1
[CH: 50] LEN: 12 | HEX: F0 6D FD 80 F4 F7 96 FE EC 9F BF FF | T:2524225 RPD:1
[CH: 50] LEN: 12 | HEX: E8 6D EF 00 FE F9 96 F7 6C 9F AA DF | T:2524226 RPD:1
[CH: 50] LEN: 12 | HEX: F1 77 B5 00 00 71 96 FE DC 55 AD EF | T:2524494 RPD:1
[CH: 50] LEN: 12 | HEX: F1 77 DA 80 00 71 96 F7 5C 55 AD B7 | T:2524495 RPD:1
[CH: 50] LEN: 12 | HEX: F0 6D FE 00 FE FD 96 EF 6C 9D 3F DF | T:2524525 RPD:1
[CH: 50] LEN: 12 | HEX: F8 6D F7 00 FE FD 96 F7 6C 9F 2F F7 | T:2524526 RPD:1
[CH: 50] LEN: 12 | HEX: F1 77 FA 80 00 71 96 F7 9C 55 AF D7 | T:2524794 RPD:1
[CH: 50] LEN: 12 | HEX: F1 77 BD 00 00 71 96 FF 5C 55 BF DB | T:2524795 RPD:1
[CH: 50] LEN: 12 | HEX: F0 6D F7 00 FA FD 96 F6 EC 9E AF 7F | T:2524825 RPD:1
[CH: 50] LEN: 12 | HEX: F8 6D FE 80 FC F9 96 FF 6C 9F BB FD | T:2524825 RPD:1
[CH: 50] LEN: 12 | HEX: F1 77 BA 00 00 71 96 FF 1C 55 AF F7 | T:2525094 RPD:1
[CH: 50] LEN: 12 | HEX: F1 77 FF 00 00 71 96 FB 9C 55 AD ED | T:2525094 RPD:1
[CH: 50] LEN: 12 | HEX: F0 6D EB 00 F5 F5 96 F5 6C 9D 2F BD | T:2525124 RPD:1
[CH: 50] LEN: 12 | HEX: F0 6D EF 00 FE FD 96 FF 6C 9F 2D EF | T:2525125 RPD:1
[CH: 50] LEN: 12 | HEX: F9 77 DF 00 00 71 96 FF 5C 55 AB FB | T:2525393 RPD:1
[CH: 50] LEN: 12 | HEX: F1 77 7F 00 00 71 96 EA DC 55 AD EB | T:2525394 RPD:1
[CH: 50] LEN: 12 | HEX: F8 6D FD 40 F6 FD 96 F6 6C 9F BF FD | T:2525424 RPD:1
[CH: 50] LEN: 12 | HEX: F0 6D FE 00 FE E9 96 FE EC 9F BD FE | T:2525425 RPD:1
[CH: 50] LEN: 12 | HEX: F1 77 FB 00 00 71 96 F6 DC 55 BF FF | T:2525693 RPD:1
[CH: 50] LEN: 12 | HEX: F1 7F BD 00 00 71 96 FE 9C 55 AF BB | T:2525694 RPD:1
[CH: 50] LEN: 12 | HEX: F0 6D FD 00 FE FB 96 FF 6C 9E BD FF | T:2525724 RPD:1
[CH: 50] LEN: 12 | HEX: F0 6D EB 00 F6 E9 96 F5 6C 9F 6F FF | T:2525724 RPD:1
[CH: 50] LEN: 12 | HEX: F1 77 FD 00 00 71 96 FF 9C 55 BE AB | T:2525993 RPD:1
[CH: 50] LEN: 12 | HEX: F1 77 BB 00 00 71 96 FF 9C 55 B7 BF | T:2525993 RPD:1
[CH: 50] LEN: 12 | HEX: F4 6D EE 80 FC FD 96 FF 6C 9F BF BF | T:2526023 RPD:1
[CH: 50] LEN: 12 | HEX: F0 6D EE 00 FC F9 96 FF 6C 9D 2F B5 | T:2526024 RPD:1
[CH: 50] LEN: 12 | HEX: F1 77 FA 00 00 71 96 F7 9C 55 AF FA | T:2526292 RPD:1
[CH: 50] LEN: 12 | HEX: F1 77 FD 00 00 71 96 F7 1C 55 AF BF | T:2526293 RPD:1
[CH: 50] LEN: 12 | HEX: F0 6D FE 00 FE FD 96 FF 6C 9E AF FF | T:2526323 RPD:1
[CH: 50] LEN: 12 | HEX: F8 6D FF 00 FF FD 96 F7 6C 9F AF FB | T:2526324 RPD:1
[CH: 50] LEN: 12 | HEX: F1 77 DA 00 00 71 96 F7 1C 55 AF FF | T:2526592 RPD:1
[CH: 50] LEN: 12 | HEX: F1 77 AA 00 00 71 96 F7 1C 55 AF FE | T:2526593 RPD:1
[CH: 50] LEN: 12 | HEX: F0 6D EA 00 F6 E9 96 EB 6C 9F BF BF | T:2526623 RPD:1
[CH: 50] LEN: 12 | HEX: F8 6D EA 00 FA FD 96 FB 6C 9D AF FB | T:2526623 RPD:1
[CH: 50] LEN: 12 | HEX: F9 77 FD 00 00 71 96 F7 9C 55 BF 7F | T:2526892 RPD:1
[CH: 50] LEN: 12 | HEX: F1 77 FD 80 00 71 96 FF 5C 55 BF 94 | T:2526893 RPD:1
[CH: 50] LEN: 12 | HEX: F0 6D DF 00 FC F9 96 FF 6C 9F BF EF | T:2526922 RPD:1
[CH: 50] LEN: 12 | HEX: E8 6D DE 00 F6 FD 96 FE EC 9F AB FF | T:2526923 RPD:1
[CH: 50] LEN: 12 | HEX: F9 77 DF 00 00 71 96 FD 5C 55 BD FF | T:2527192 RPD:1
[CH: 50] LEN: 12 | HEX: F1 77 BB 00 00 71 96 FB 5C 55 AB FF | T:2527192 RPD:1
[CH: 50] LEN: 12 | HEX: F0 6D FF 00 F4 F5 96 FF 6C 9F BF FF | T:2527222 RPD:1
[CH: 50] LEN: 12 | HEX: F0 6D EF 00 F4 ED 96 EF 6C 9D 36 EB | T:2527223 RPD:1
[CH: 50] LEN: 12 | HEX: E9 77 FD 00 00 71 96 FB 9C 55 BD DF | T:2527491 RPD:1
[CH: 50] LEN: 12 | HEX: F9 77 F9 00 00 71 96 F5 9C 55 AF DF | T:2527492 RPD:1
[CH: 50] LEN: 12 | HEX: F0 6D FB 00 FE FD 96 FF 6C 9F 6F EF | T:2527522 RPD:1
[CH: 50] LEN: 12 | HEX: F8 6D FE 00 FF F9 96 F6 6C 9E BD D7 | T:2527522 RPD:1
[CH: 50] LEN: 12 | HEX: F1 77 75 00 00 71 96 F7 1C 55 AF F6 | T:2527791 RPD:1
[CH: 50] LEN: 12 | HEX: F9 77 AD 00 00 71 96 FF 9C 55 BF FF | T:2527792 RPD:1
[CH: 50] LEN: 12 | HEX: F0 6D FE 80 F9 F5 96 F7 6C 9E BF FB | T:2527821 RPD:1
[CH: 50] LEN: 12 | HEX: F8 6D FF 00 FE FD 96 FE 6C 9F BF FB | T:2527822 RPD:1
[CH: 50] LEN: 12 | HEX: F9 77 DA 00 00 71 96 F6 9C 55 BF FE | T:2528091 RPD:1
[CH: 50] LEN: 12 | HEX: F9 77 FB 00 00 71 96 FE 9C 55 AF FD | T:2528091 RPD:1
[CH: 50] LEN: 12 | HEX: F4 6D FE 80 EC FD 96 FE 6C 9E BF FE | T:2528121 RPD:1
[CH: 50] LEN: 12 | HEX: F8 6D FF 00 F4 F5 96 F7 6C 9D BE FD | T:2528122 RPD:1
[CH: 50] LEN: 12 | HEX: F1 77 B7 00 00 71 96 FD 9C 55 BF DF | T:2528390 RPD:1
[CH: 50] LEN: 12 | HEX: F1 77 FA 00 00 71 96 F7 5C 55 AD EF | T:2528391 RPD:1
[CH: 50] LEN: 12 | HEX: F0 6D FF 80 F6 FB 96 FE EC 9F BF 7F | T:2528421 RPD:1
[CH: 50] LEN: 12 | HEX: F0 6D EE 80 F6 ED 96 F7 6C 9F 3F FF | T:2528421 RPD:1
[CH: 50] LEN: 12 | HEX: F9 77 FE 80 00 71 96 FF 9C 55 AD DF | T:2528690 RPD:1
[CH: 50] LEN: 12 | HEX: F1 77 AF 00 00 71 96 FD 1C 55 BF EF | T:2528691 RPD:1
[CH: 50] LEN: 12 | HEX: F0 6D FF 80 FA FD 96 FF 6C 9F AF FF | T:2528720 RPD:1
[CH: 50] LEN: 12 | HEX: F8 6D FF 00 F5 F5 96 FF 6C 9F BD DF | T:2528721 RPD:1
[CH: 50] LEN: 12 | HEX: F1 7F BA 00 00 71 96 ED 5C 55 AF 6E | T:2528990 RPD:1
[CH: 50] LEN: 12 | HEX: F0 6D FE 00 F6 F9 96 F6 6C 9F AF FD | T:2529020 RPD:1
[CH: 50] LEN: 12 | HEX: F8 6D EB 00 FE FD 96 F7 6C 9F BF FD | T:2529021 RPD:1
[CH: 50] LEN: 12 | HEX: F1 77 FE 80 00 71 96 FF 9C 55 B7 FD | T:2529289 RPD:1
[CH: 50] LEN: 12 | HEX: F1 77 FA 00 00 71 96 F6 9C 55 B7 FA | T:2529290 RPD:1
[CH: 50] LEN: 12 | HEX: F0 6D F6 00 FA FD 96 FF 6C 9F BF ED | T:2529320 RPD:1
[CH: 50] LEN: 12 | HEX: F8 6D FF 00 F6 FD 96 FF 6C 9F BE 7D | T:2529320 RPD:1
[CH: 50] LEN: 12 | HEX: F9 77 DF 80 00 71 96 FF 5C 55 BF BD | T:2529589 RPD:1
[CH: 50] LEN: 12 | HEX: F9 77 BA 00 00 71 96 FF 9C 55 BF FB | T:2529590 RPD:1
[CH: 50] LEN: 12 | HEX: F0 6D FF 00 FE FD 96 FB 6C 9F AF FD | T:2529619 RPD:1
[CH: 50] LEN: 12 | HEX: F8 6D FF 80 FE FD 96 FB 6C 9F AF FB | T:2529620 RPD:1
[CH: 50] LEN: 12 | HEX: E9 77 AF 00 00 71 96 FF 1C 55 AB 77 | T:2529889 RPD:1
[CH: 50] LEN: 12 | HEX: F1 77 DA 00 00 71 96 EF 5C 55 AD FF | T:2529889 RPD:1
[CH: 50] LEN: 12 | HEX: F8 6D FD 00 F4 F5 96 FF 6C 9D 3F FF | T:2529919 RPD:1
[CH: 50] LEN: 12 | HEX: F0 6D EE 80 FE FD 96 F6 6C 9E AF FF | T:2529920 RPD:1
[CH: 50] LEN: 12 | HEX: F1 77 F5 00 00 71 96 EB 1C 55 BA FD | T:2530188 RPD:1
[CH: 50] LEN: 12 | HEX: F9 77 FD 00 00 71 96 F7 9C 55 BB FF | T:2530189 RPD:1
[CH: 50] LEN: 12 | HEX: F0 6D FD 80 FE FD 96 FE 6C 9E AE FF | T:2530219 RPD:1
[CH: 50] LEN: 12 | HEX: F8 6D FF 80 FA FB 96 FF 6C 9E EE FD | T:2530219 RPD:1
[CH: 50] LEN: 12 | HEX: F9 77 7F 00 00 71 96 F5 9C 55 BF F7 | T:2530488 RPD:1
[CH: 50] LEN: 12 | HEX: F1 77 BF 00 00 71 96 FE 9C 55 AB AF | T:2530489 RPD:1
[CH: 50] LEN: 12 | HEX: F8 6D EB 00 FE FD 96 FF 6C 9F 6B DD | T:2530518 RPD:1
[CH: 50] LEN: 12 | HEX: F0 6D EE 00 FE F5 96 F7 6C 9E AB FF | T:2530543 RPD:1
[CH: 50] LEN: 12 | HEX: FA 76 FF 00 8C ED 96 FE B0 70 AF 7F | T:2530573 RPD:1
[CH: 50] LEN: 12 | HEX: FA 76 F5 00 8C FD 96 FF 30 70 BD FD | T:2530574 RPD:1
[CH: 50] LEN: 12 | HEX: FA 76 F5 FE 73 F9 96 FF 4E 8D AB FF | T:2530604 RPD:1
[CH: 50] LEN: 12 | HEX: F2 76 F4 FB 70 FD 96 FE BB C3 BF AF | T:2530608 RPD:1
[CH: 50] LEN: 12 | HEX: FA 76 F4 F4 71 FD 96 FF 67 66 BF FF | T:2530611 RPD:1
[CH: 50] LEN: 12 | HEX: EA 76 FE EB 76 F7 96 F7 51 9F BF FF | T:2530642 RPD:1
[CH: 50] LEN: 12 | HEX: FA 76 FA F2 77 FD 96 FE CD 7A A5 D7 | T:2530672 RPD:1
[CH: 50] LEN: 12 | HEX: FA 76 FE F9 74 FD 96 FF 38 74 BF FF | T:2530702 RPD:1
[CH: 50] LEN: 12 | HEX: F2 76 EE F8 75 ED 96 F7 24 91 BB 7F | T:2530732 RPD:1
[CH: 50] LEN: 12 | HEX: F2 76 F6 F7 7A F7 96 FF 15 86 BF FF | T:2530761 RPD:1
[CH: 50] LEN: 12 | HEX: F2 76 FE F6 7B FD 96 FF 49 63 AE F6 | T:2530791 RPD:1
[CH: 50] LEN: 12 | HEX: FA 76 FE F5 78 F5 96 F7 3C 6D BF EF | T:2530821 RPD:1
[CH: 50] LEN: 12 | HEX: FA 76 FE F4 79 ED 96 FF F0 88 BF EB | T:2530851 RPD:1
[CH: 50] LEN: 12 | HEX: F2 76 F5 E3 7A ED 96 FF D6 71 BF FB | T:2530881 RPD:1
[CH: 50] LEN: 12 | HEX: FA 76 FE F2 7F AD 96 FB 0A 94 AF 7B | T:2530911 RPD:1
[CH: 50] LEN: 12 | HEX: FA 76 FE F1 7C F9 96 EB 7E 9A BB 75 | T:2530941 RPD:1
[CH: 50] LEN: 12 | HEX: FA 76 FE E0 7D FD 96 FD A3 7A AF FE | T:2530971 RPD:1
[CH: 50] LEN: 12 | HEX: FA 76 FE EE E2 F5 96 FF 0D 95 BF DE | T:2531001 RPD:1
[CH: 50] LEN: 12 | HEX: F2 76 F6 EE 63 FD 96 FF D1 70 BE FD | T:2531031 RPD:1
[CH: 50] LEN: 12 | HEX: F2 76 F7 ED 60 FD 96 FF A4 7E BF E6 | T:2531061 RPD:1
[CH: 50] LEN: 12 | HEX: F2 76 FE EC 61 E9 96 FF 78 9B AF FD | T:2531091 RPD:1
[CH: 50] LEN: 12 | HEX: FA 76 FE EB 66 F9 96 FF 4E 62 AF FF | T:2531121 RPD:1
[CH: 50] LEN: 12 | HEX: FA 76 FE FA 67 FD 96 FF 52 87 AF FF | T:2531151 RPD:1
[CH: 50] LEN: 12 | HEX: F6 76 FE E9 64 FD 96 FB B7 89 BB CD | T:2531181 RPD:1
[CH: 50] LEN: 12 | HEX: FA 76 F4 E8 65 F5 96 FE 3B 6C AF FF | T:2531211 RPD:1
[CH: 50] LEN: 12 | HEX: FA 76 FE E7 6A FD 96 FF CA 7F FF FF | T:2531241 RPD:1
[CH: 50] LEN: 12 | HEX: F2 76 FE E6 6B FD 96 FF 56 9E BD FF | T:2531271 RPD:1
[CH: 50] LEN: 12 | HEX: FA 76 FE E5 68 E9 96 EA 23 90 B7 FA | T:2531301 RPD:1
[CH: 50] LEN: 12 | HEX: FA 76 FE E4 69 DD 96 FE BE 75 BF FF | T:2531331 RPD:1
[CH: 50] LEN: 12 | HEX: FA 76 FE E3 6E FD 96 F7 A9 8C BF FF | T:2531361 RPD:1
[CH: 50] LEN: 12 | HEX: EE 76 FE E2 6F F5 96 EB 15 69 BA E5 | T:2531391 RPD:1
[CH: 50] LEN: 12 | HEX: EE 76 EE E1 6C E9 96 FE 60 67 3A B5 | T:2531421 RPD:1
[CH: 50] LEN: 12 | HEX: FA 76 FE E0 6D FD 96 F7 3C 82 BB DB | T:2531451 RPD:1
[CH: 50] LEN: 12 | HEX: FA 76 F6 DF 52 FD 96 F6 AD 92 AB DF | T:2531481 RPD:1
[CH: 50] LEN: 12 | HEX: F6 76 FA FE 73 FB 96 F7 CE 8D AF FF | T:2531511 RPD:1
[CH: 50] LEN: 12 | HEX: FA 76 EE FD 70 FD 96 FE BB 83 BF DF | T:2531514 RPD:1
[CH: 50] LEN: 12 | HEX: F6 76 FA FC 71 FD 96 FD 67 66 BF FF | T:2531517 RPD:1
[CH: 50] LEN: 12 | HEX: F6 76 FE F7 76 FD 96 FF D1 9D BF F6 | T:2531548 RPD:1
[CH: 50] LEN: 12 | HEX: EA 76 FE FA 77 BB 96 EB 8D 72 AD B7 | T:2531578 RPD:1
[CH: 50] LEN: 12 | HEX: F2 76 FD E9 74 F5 96 F7 78 74 BB 5F | T:2531608 RPD:1
[CH: 50] LEN: 12 | HEX: EA 76 FE F8 75 DD 96 EB 24 91 AB DD | T:2531638 RPD:1
[CH: 50] LEN: 12 | HEX: FA 76 FE F7 7A F5 96 FF 95 86 BF FF | T:2531667 RPD:1
[CH: 50] LEN: 12 | HEX: FA 76 FD F6 7B FD 96 FD 49 63 BE EF | T:2531697 RPD:1
[CH: 50] LEN: 12 | HEX: F2 76 FE E5 78 FD 96 FF 3C 6D AE DA | T:2531727 RPD:1
[CH: 50] LEN: 12 | HEX: FA 76 FA F4 79 ED 96 F5 E0 88 BF EF | T:2531757 RPD:1
[CH: 50] LEN: 12 | HEX: F6 76 F6 F3 7E F5 96 F5 56 71 BF 5E | T:2531787 RPD:1
[CH: 50] LEN: 12 | HEX: F2 76 FD E2 77 FD 96 FF 0A 94 BF FE | T:2531817 RPD:1
[CH: 50] LEN: 12 | HEX: FA 76 F6 E1 74 FB 96 EB F5 9A AF FE | T:2531847 RPD:1
[CH: 50] LEN: 12 | HEX: FE 76 EE F0 7D FD B6 FF 63 7D AF FF | T:2531877 RPD:1
[CH: 50] LEN: 12 | HEX: EA 76 EA EE 62 EB 96 EF 8D 95 BF FB | T:2531907 RPD:1
[CH: 50] LEN: 12 | HEX: EE 76 FD EE 63 FB 96 F6 91 70 BF FF | T:2531937 RPD:1
[CH: 50] LEN: 12 | HEX: F6 76 FC ED 60 F5 B6 F7 64 7B BD FF | T:2531967 RPD:1
[CH: 50] LEN: 12 | HEX: F2 76 FE EC 61 FB 96 FE F8 9B B7 B1 | T:2531997 RPD:1
[CH: 50] LEN: 12 | HEX: F2 76 FE EB 66 ED 96 F6 CE 62 BE F5 | T:2532027 RPD:1
[CH: 50] LEN: 12 | HEX: F6 76 F5 EA 67 FB 96 EB 92 87 BF AF | T:2532057 RPD:1
[CH: 50] LEN: 12 | HEX: FA 76 F4 E9 64 FD 96 F7 E7 89 BD 6D | T:2532087 RPD:1
[CH: 50] LEN: 12 | HEX: EA 76 EE E8 65 D9 96 F6 3B 6C BF BB | T:2532117 RPD:1
[CH: 50] LEN: 12 | HEX: F2 76 EE E7 6A E9 96 EF 4A 6B FF FF | T:2532147 RPD:1
[CH: 50] LEN: 12 | HEX: F2 76 FA E6 6B DD 96 FF 56 9E BF FF | T:2532177 RPD:1
[CH: 50] LEN: 12 | HEX: F2 76 F6 E5 68 ED 96 FF 23 90 BF EB | T:2532207 RPD:1
[CH: 50] LEN: 12 | HEX: F2 76 F6 E4 69 E9 96 FF AF 75 AD FF | T:2532237 RPD:1
[CH: 50] LEN: 12 | HEX: F2 76 FE E3 6E F5 96 FF E9 8C AA FF | T:2532267 RPD:1
[CH: 50] LEN: 12 | HEX: EA 76 FE E2 6F FF 96 FF 15 69 AF FD | T:2532297 RPD:1
[CH: 50] LEN: 12 | HEX: F2 76 FE E1 6C FD 96 F7 60 67 B7 B9 | T:2532327 RPD:1
[CH: 50] LEN: 12 | HEX: EA 76 F6 E0 6D FD 96 F5 BA 82 BF FD | T:2532357 RPD:1
[CH: 50] LEN: 12 | HEX: F2 76 FE DE 52 FD 96 FE AD 92 BF FF | T:2532387 RPD:1
[CH: 50] LEN: 12 | HEX: F2 76 F4 EA 73 FD 96 FF 4E 8D AF DF | T:2532417 RPD:1
[CH: 50] LEN: 12 | HEX: EA 76 FE FD 70 ED 96 FF 7B 83 AA FF | T:2532421 RPD:1
[CH: 50] LEN: 12 | HEX: F2 76 F6 FC 71 ED 96 FF 67 66 B7 DF | T:2532424 RPD:1
[CH: 50] LEN: 12 | HEX: F2 76 F6 FB 76 FB 96 FF 51 9F 2B 5F | T:2532455 RPD:1
[CH: 50] LEN: 12 | HEX: EA 76 FE FA 77 FB 96 FF 4D 7A AD FF | T:2532485 RPD:1
[CH: 50] LEN: 12 | HEX: F2 76 F6 E9 74 ED 96 F7 F8 74 BF AF | T:2532515 RPD:1
[CH: 50] LEN: 12 | HEX: FA 76 FE F7 7A F9 96 F7 15 86 BF D5 | T:2532575 RPD:1
[CH: 50] LEN: 12 | HEX: EE 76 F4 F6 7B BB 96 FA C9 63 EF D6 | T:2532605 RPD:1
[CH: 50] LEN: 12 | HEX: FA 76 F6 F5 78 F5 96 EB 38 6D BD 7D | T:2532634 RPD:1
[CH: 50] LEN: 12 | HEX: FA 76 FE F4 79 FD 96 F7 E0 88 BF FF | T:2532665 RPD:1
[CH: 50] LEN: 12 | HEX: FA 76 F6 F2 7F ED 96 F5 0A 94 BB D5 | T:2532724 RPD:1
[CH: 50] LEN: 12 | HEX: FA 76 FA F1 78 FD 96 FF 7F 9A AF AF | T:2532754 RPD:1
[CH: 50] LEN: 12 | HEX: FA 76 FE F0 7D F9 96 FF A3 7D BF 7F | T:2532784 RPD:1
[CH: 50] LEN: 12 | HEX: FA 76 FE EF 62 F5 96 FF 0D 95 B7 BD | T:2532814 RPD:1
[CH: 50] LEN: 12 | HEX: FA 76 FE EE 63 D9 96 FF D1 70 AD ED | T:2532844 RPD:1
[CH: 50] LEN: 12 | HEX: FA 76 FA ED 60 FD 96 FF A4 7E BE FD | T:2532874 RPD:1
[CH: 50] LEN: 12 | HEX: FA 76 FE EC 61 FD 96 FF 78 9B BD FF | T:2532904 RPD:1
[CH: 50] LEN: 12 | HEX: F2 76 F6 EB 66 F9 96 FF 4E 62 AF FF | T:2532934 RPD:1
[CH: 50] LEN: 12 | HEX: FA 76 FE EA 67 FD 96 FF 92 87 BF B7 | T:2532964 RPD:1
[CH: 50] LEN: 12 | HEX: F2 76 FE E9 64 F5 96 FF E7 89 BE FF | T:2532994 RPD:1
[CH: 50] LEN: 12 | HEX: F2 76 F6 E8 65 F5 96 FF 3B 6C BD EF | T:2533024 RPD:1
[CH: 50] LEN: 12 | HEX: FA 76 FE E7 6A E9 96 F7 8A 77 BF DF | T:2533054 RPD:1
[CH: 50] LEN: 12 | HEX: FA 76 FC E6 6B ED 96 FA 56 9E BF FF | T:2533084 RPD:1
[CH: 50] LEN: 12 | HEX: FA 76 FE E5 68 E9 96 E4 23 50 BF 7F | T:2533114 RPD:1
[CH: 50] LEN: 12 | HEX: FA 76 FC E4 69 EB 96 FF FA F5 B7 7E | T:2533144 RPD:1
[CH: 50] LEN: 12 | HEX: FA 76 FE E3 6E FD 96 FF C9 8C BF 6F | T:2533174 RPD:1
[CH: 50] LEN: 12 | HEX: F2 76 F5 E2 6F 7D 96 FF 15 69 BF BD | T:2533204 RPD:1
[CH: 50] LEN: 12 | HEX: FA 76 FE E1 6C F5 96 FB 60 67 BF 7F | T:2533234 RPD:1
[CH: 50] LEN: 12 | HEX: FA 76 F5 E0 6D D9 96 FF BC 82 BA FF | T:2533264 RPD:0
[CH: 50] LEN: 12 | HEX: FA 76 F5 DE 52 F9 96 FD 2D 92 BF 7B | T:2533294 RPD:0
[CH: 50] LEN: 12 | HEX: FA 76 F6 FE 73 DB 96 FF 6E 8D BD DE | T:2533324 RPD:0
[CH: 50] LEN: 12 | HEX: F2 76 FC FD 70 FD 96 F5 3B 83 AF FE | T:2533327 RPD:1
[CH: 50] LEN: 12 | HEX: FA 76 EB F4 71 DD 96 FF 67 66 BE FD | T:2533330 RPD:0
[CH: 50] LEN: 12 | HEX: FA 76 EE FB 76 FD 96 FD 51 9F BD 77 | T:2533361 RPD:1
[CH: 50] LEN: 12 | HEX: EA 76 FE D6 77 FB 96 FF 8D 6A BF FF | T:2533391 RPD:0
[CH: 50] LEN: 12 | HEX: EA 76 FA F1 74 FD 96 FF 58 74 BF EF | T:2533421 RPD:1
[CH: 50] LEN: 12 | HEX: FA 76 F6 F4 75 ED 96 F6 A4 91 BF FF | T:2533450 RPD:1
[CH: 50] LEN: 12 | HEX: FA 76 F6 F7 7A F9 96 FF 95 86 BF BF | T:2533480 RPD:1
[CH: 50] LEN: 12 | HEX: F2 76 F6 F6 7B F9 96 FE C9 63 BF DE | T:2533510 RPD:1
[CH: 50] LEN: 12 | HEX: EE 7E FE F5 70 ED 96 F7 38 6D BF F6 | T:2533540 RPD:1
[CH: 50] LEN: 12 | HEX: FA 76 F5 F4 79 FD 96 FF D0 88 BD FB | T:2533570 RPD:1
[CH: 50] LEN: 12 | HEX: F2 76 FA F3 7E F9 96 F7 B6 71 AD 7B | T:2533600 RPD:1
[CH: 50] LEN: 12 | HEX: F2 76 FE F2 7B 5D 96 EF 8A 94 BF FF | T:2533630 RPD:1
[CH: 50] LEN: 12 | HEX: FA 76 EE F1 7C E9 96 FF 7B 9A AF F6 | T:2533660 RPD:1
[CH: 50] LEN: 12 | HEX: F2 76 F6 F0 75 FD 96 FE A3 7B 2B F6 | T:2533690 RPD:1
[CH: 50] LEN: 12 | HEX: F2 76 F4 EE 62 F5 96 FB 0D 95 BF D5 | T:2533720 RPD:1
[CH: 50] LEN: 12 | HEX: FA 76 FE EE 63 FD 96 FB D1 70 AD 7F | T:2533750 RPD:1
[CH: 50] LEN: 12 | HEX: FA 76 F6 ED 60 FF 96 EF A4 7E AF FF | T:2533780 RPD:1
[CH: 50] LEN: 12 | HEX: F2 76 FE EC 61 FD 96 FF 78 9B AD FF | T:2533810 RPD:1
[CH: 50] LEN: 12 | HEX: F2 76 FE EB 66 FD 96 FB 4E 62 BB FB | T:2533840 RPD:1
[CH: 50] LEN: 12 | HEX: FA 76 FE EA 67 BB 96 FF 92 87 BF 7E | T:2533870 RPD:1
[CH: 50] LEN: 12 | HEX: F6 76 F6 E9 64 E9 96 F7 67 89 AF FF | T:2533900 RPD:1
[CH: 50] LEN: 12 | HEX: FA 76 FE E8 65 D5 96 F7 3B 6C BF 77 | T:2533930 RPD:1
[CH: 50] LEN: 12 | HEX: FA 76 FE E7 6A E9 96 EB 4A 6B BF 6F | T:2533960 RPD:1
[CH: 50] LEN: 12 | HEX: EA 76 FE E6 6B FD 96 FF 56 9E BD BB | T:2533990 RPD:1
[CH: 50] LEN: 12 | HEX: FA 76 FE E5 68 FD 96 F6 23 90 AD FF | T:2534020 RPD:1
[CH: 50] LEN: 12 | HEX: FA 76 FE E3 6E FD 96 FF 69 8C AF BF | T:2534080 RPD:1
[CH: 50] LEN: 12 | HEX: F2 76 FC F2 6E FD 96 FF 15 69 AB FF | T:2534110 RPD:1
[CH: 50] LEN: 12 | HEX: F2 76 FE E1 6C FD 96 FF 60 67 BF EB | T:2534140 RPD:1
[CH: 50] LEN: 12 | HEX: F6 76 F6 E0 6D FD 96 F7 BC 82 BB FF | T:2534170 RPD:1
[CH: 50] LEN: 12 | HEX: FA 76 FE DF 52 F5 96 F7 2D 92 B7 FF | T:2534200 RPD:1
[CH: 50] LEN: 12 | HEX: FA 76 FA F7 73 ED 96 FF 4E 8D BF FF | T:2534230 RPD:1
[CH: 50] LEN: 12 | HEX: F2 76 FE F5 70 FD 96 EB BB 83 A7 BD | T:2534233 RPD:1
[CH: 50] LEN: 12 | HEX: FA 76 EA F4 71 E9 96 EE 67 66 BF FF | T:2534237 RPD:1
[CH: 50] LEN: 12 | HEX: F2 76 FE FB 76 FD 96 F5 51 9F BE BF | T:2534268 RPD:1
[CH: 50] LEN: 12 | HEX: F2 76 F6 FA 77 B5 96 FF 8D 7A BF FB | T:2534298 RPD:1
[CH: 50] LEN: 12 | HEX: FA 76 F4 F1 74 FD 96 EF 78 74 B5 BF | T:2534328 RPD:1
[CH: 50] LEN: 12 | HEX: EE 76 FC F0 75 DD 96 FF 24 91 AD BF | T:2534358 RPD:1
[CH: 50] LEN: 12 | HEX: FA 76 F6 E7 7A F5 96 FB 95 86 BF FB | T:2534387 RPD:1
[CH: 50] LEN: 12 | HEX: FA 76 FE E6 7B FD 96 FE C9 63 B7 FF | T:2534417 RPD:1
[CH: 50] LEN: 12 | HEX: FA 76 FA F5 78 F9 96 FF 3C 6D BF FB | T:2534447 RPD:1
[CH: 50] LEN: 12 | HEX: FA 76 FE F4 79 FD 96 FF 60 88 BF FF | T:2534477 RPD:1
[CH: 50] LEN: 12 | HEX: F2 76 EE E3 7E FD 96 FF B6 71 BF B5 | T:2534507 RPD:1
[CH: 50] LEN: 12 | HEX: FA 76 FA F2 7B AD 96 FF 0A 94 BD FF | T:2534537 RPD:1
[CH: 50] LEN: 12 | HEX: F2 76 F6 F1 78 FD 96 FA FF 9A AB EF | T:2534567 RPD:1
[CH: 50] LEN: 12 | HEX: F2 76 FE F0 7D FD 96 FF A3 7F 3D DF | T:2534597 RPD:1
[CH: 50] LEN: 12 | HEX: F2 76 FE EF 62 ED 96 FF 0D 95 BF FF | T:2534627 RPD:1
[CH: 50] LEN: 12 | HEX: F2 76 FE EE 63 AD 96 F7 D1 70 BF FF | T:2534657 RPD:1
[CH: 50] LEN: 12 | HEX: FA 76 FE ED 60 F5 96 EB 64 7D BF DA | T:2534687 RPD:1
[CH: 50] LEN: 12 | HEX: F2 76 FE EC 61 E9 96 FF 78 9B BF FD | T:2534717 RPD:1
[CH: 50] LEN: 12 | HEX: FA 76 FE EB 66 FD 96 F7 4E 62 BD BE | T:2534747 RPD:1
[CH: 50] LEN: 12 | HEX: F2 76 FA EA 67 BD 96 FB 92 87 AF DB | T:2534777 RPD:1
[CH: 50] LEN: 12 | HEX: FA 76 FE E9 64 F9 96 FB A7 89 BE FF | T:2534807 RPD:1
[CH: 50] LEN: 12 | HEX: F2 76 FE E8 65 FD 96 F7 3B 6C AF BF | T:2534837 RPD:1
[CH: 50] LEN: 12 | HEX: F2 76 FE E7 6A FD 96 FF CA 7F BB FB | T:2534867 RPD:1
[CH: 50] LEN: 12 | HEX: FA 76 FE E6 6B DD 96 FF 56 9E BF FF | T:2534897 RPD:1
[CH: 50] LEN: 12 | HEX: FA 76 FE E5 68 FD 96 F6 23 90 BD FF | T:2534927 RPD:1
[CH: 50] LEN: 12 | HEX: FA 76 FE E4 69 FD 96 FF AF 75 BF FF | T:2534957 RPD:1
[CH: 50] LEN: 12 | HEX: F2 76 FE E3 6E FD 96 FF C9 8C BE F5 | T:2534987 RPD:1
[CH: 50] LEN: 12 | HEX: F2 76 FE E2 6F F5 96 FA 95 69 BF BF | T:2535017 RPD:1
[CH: 50] LEN: 12 | HEX: EE 76 FE E1 6C FB 96 F7 60 67 AD FF | T:2535047 RPD:1
[CH: 50] LEN: 12 | HEX: FA 76 F6 E0 6D F7 96 FF BC 82 B7 7F | T:2535077 RPD:1
[CH: 50] LEN: 12 | HEX: FA 76 FA DF 52 F9 96 FF 2D 92 BB EF | T:2535107 RPD:1
[CH: 50] LEN: 12 | HEX: FA 76 FA FE 73 DD 96 EF 6F 8D BD BF | T:2535137 RPD:1
[CH: 50] LEN: 12 | HEX: FA 76 FE F5 70 FD 96 FF BB 83 AB FF | T:2535140 RPD:1
[CH: 50] LEN: 12 | HEX: FA 76 F6 FC 71 E9 96 FF 67 66 BD FF | T:2535144 RPD:1
[CH: 50] LEN: 12 | HEX: FA 76 FE FB 76 FD 96 F5 51 9F B7 F7 | T:2535175 RPD:1
[CH: 50] LEN: 12 | HEX: F2 76 FE F2 77 D5 96 F7 0D FA BF FE | T:2535205 RPD:1
[CH: 50] LEN: 12 | HEX: FA 76 FA F9 74 F5 96 FF A8 74 BF ED | T:2535235 RPD:1
[CH: 50] LEN: 12 | HEX: F2 76 FE F8 75 F5 96 FF 24 91 BF FF | T:2535265 RPD:1
[CH: 50] LEN: 12 | HEX: FA 7B FE 00 81 FD 96 FF 43 FC BA EF | T:2535477 RPD:1
[CH: 50] LEN: 12 | HEX: F2 7B FE 80 81 FD 96 FF D3 FC BF DF | T:2535478 RPD:1
[CH: 50] LEN: 12 | HEX: F1 77 BD FE F6 70 96 FF 23 2C BF FF | T:2535508 RPD:1
[CH: 50] LEN: 12 | HEX: F1 77 FF F9 FE 73 96 FF D4 AE BE EB | T:2535511 RPD:1
[CH: 50] LEN: 12 | HEX: F9 77 BE FE F6 70 96 F7 23 2C AF FF | T:2535514 RPD:1
[CH: 50] LEN: 12 | HEX: F1 77 FE FD EF 73 96 FF 94 AE BD FF | T:2535525 RPD:1
[CH: 50] LEN: 12 | HEX: F1 77 FF FD FE 70 96 FF 23 2C BF FD | T:2535525 RPD:0
[CH: 50] LEN: 12 | HEX: F9 77 FD F9 FE 73 96 FD 94 AE BF BF | T:2535537 RPD:1
[CH: 50] LEN: 12 | HEX: F9 77 DC FE FA 70 96 FF 23 2C BB ED | T:2535548 RPD:1
[CH: 50] LEN: 12 | HEX: F1 77 FD F5 EE 73 96 FE D4 AE AF BF | T:2535548 RPD:0
[CH: 50] LEN: 12 | HEX: F9 77 FB FC FE 70 96 FF 23 2C BB BF | T:2535560 RPD:1
[CH: 50] LEN: 12 | HEX: F9 77 FD FE FE 70 96 FF 23 2C BF FB | T:2535560 RPD:0
[CH: 50] LEN: 12 | HEX: F9 77 BE F5 F6 73 96 EF 94 AE BF FF | T:2535571 RPD:1
[CH: 50] LEN: 12 | HEX: F1 77 FA FE FE 70 96 FF 23 2C AF BB | T:2535571 RPD:0
[CH: 50] LEN: 12 | HEX: F5 77 DE FB DD 73 96 F7 54 AE BF EE | T:2535583 RPD:1
[CH: 50] LEN: 12 | HEX: E9 77 DD FE F6 70 96 F7 23 2C AF 6F | T:2535594 RPD:1
[CH: 50] LEN: 12 | HEX: F5 77 FE FB FC 73 96 F7 54 AE AF FD | T:2535594 RPD:0
[CH: 50] LEN: 12 | HEX: E9 77 FA FE F6 70 96 FF 23 2C BF FF | T:2535606 RPD:1
[CH: 50] LEN: 12 | HEX: F5 77 BE FB FF 73 96 FF 54 AE BF FF | T:2535606 RPD:0
[CH: 50] LEN: 12 | HEX: FD 77 FA FE F4 70 96 FF A3 2C AF FF | T:2535617 RPD:1
[CH: 50] LEN: 12 | HEX: F5 77 F4 FB DC 73 96 FB 14 AE BF FF | T:2535628 RPD:1
[CH: 50] LEN: 12 | HEX: F9 77 FA FE FE 70 96 FF 23 2C AF FF | T:2535629 RPD:0
[CH: 50] LEN: 12 | HEX: FD 77 DA FD F6 73 96 FE 94 AE BE FF | T:2535640 RPD:1
[CH: 50] LEN: 12 | HEX: F5 77 D6 F5 ED 73 96 FB 94 AE BB FB | T:2535640 RPD:0
[CH: 50] LEN: 12 | HEX: F9 77 DA F6 FE 70 96 EE A3 2C BF E7 | T:2535652 RPD:1
[CH: 50] LEN: 12 | HEX: F1 77 BA ED FE 73 96 FF 54 AE BF FF | T:2535652 RPD:0
[CH: 50] LEN: 12 | HEX: F9 77 FA F4 FE 70 96 FE A3 2C BF FF | T:2535663 RPD:1
[CH: 50] LEN: 12 | HEX: F1 77 FA FD FE 73 96 F7 54 AE BF 7B | T:2535674 RPD:1
[CH: 50] LEN: 12 | HEX: F9 77 DA F5 FE 70 96 EB A3 2C BF DF | T:2535675 RPD:0
[CH: 50] LEN: 12 | HEX: F9 77 BD FE FE 70 96 FF 23 2C AF EE | T:2535686 RPD:1
[CH: 50] LEN: 12 | HEX: F1 77 AD F4 FA 70 96 F7 23 2C AF FD | T:2535686 RPD:0
[CH: 50] LEN: 12 | HEX: F1 77 7E F9 DD 73 96 FF 54 AE BF 7F | T:2535698 RPD:1
[CH: 50] LEN: 12 | HEX: F9 77 F4 FE FB 70 96 EB 23 2C BF 7F | T:2535709 RPD:1
[CH: 50] LEN: 12 | HEX: ED 77 DA FD FE 73 96 FF 54 AE AF FF | T:2535709 RPD:0
[CH: 50] LEN: 12 | HEX: F5 77 FA FC FE 70 96 FE A3 2C BF FD | T:2535720 RPD:1
[CH: 50] LEN: 12 | HEX: F9 77 FB FA FE 70 96 F7 23 2C AF BF | T:2535721 RPD:0
[CH: 50] LEN: 12 | HEX: F1 77 FA FD FE 73 96 EF 54 AE BF D7 | T:2535732 RPD:1
[CH: 50] LEN: 12 | HEX: F5 77 DC F6 FE 70 96 FA A3 2C AF BE | T:2535743 RPD:1
[CH: 50] LEN: 12 | HEX: F9 77 DF FD FE 73 96 FF 54 AE BD FF | T:2535744 RPD:0
[CH: 50] LEN: 12 | HEX: F9 77 FA F9 FE 73 D6 FF 14 AE AF FF | T:2535755 RPD:1
[CH: 50] LEN: 12 | HEX: F9 77 FC F9 EE 73 96 FF 54 AE BF FF | T:2535755 RPD:0
[CH: 50] LEN: 12 | HEX: F1 77 BE EE EE 70 96 FF 23 2C AF FF | T:2535766 RPD:1
[CH: 50] LEN: 12 | HEX: E9 77 FA FD FE 73 96 F7 14 AF AF EF | T:2535767 RPD:0
[CH: 50] LEN: 12 | HEX: F1 77 FD FE FB 70 96 F7 23 2C AD AB | T:2535778 RPD:1
[CH: 50] LEN: 12 | HEX: E9 77 FA FD F4 73 96 FB 94 AE BF FF | T:2535789 RPD:1
[CH: 50] LEN: 12 | HEX: F9 77 F4 FE FE 70 96 F7 23 2C BD DF | T:2535790 RPD:1
[CH: 50] LEN: 12 | HEX: F9 77 FA FD EE 73 96 F5 94 AE AF BF | T:2535801 RPD:1
[CH: 50] LEN: 12 | HEX: F9 77 BA FA FB 70 96 FE A3 2C A7 FE | T:2535801 RPD:0
[CH: 50] LEN: 12 | HEX: F9 77 DE FD FE 73 96 FF 54 AE AF EB | T:2535812 RPD:1
[CH: 50] LEN: 12 | HEX: F5 77 FA FC FE 70 96 EE A3 2C BF FD | T:2535824 RPD:1
[CH: 50] LEN: 12 | HEX: E9 77 F6 FD FC 73 96 F7 54 AE BF FB | T:2535824 RPD:0
[CH: 50] LEN: 12 | HEX: F9 77 DD F6 F5 70 96 FF A3 2C AD FF | T:2535835 RPD:1
[CH: 50] LEN: 12 | HEX: F5 77 FC FE F6 70 96 FE A3 2C A7 FF | T:2535835 RPD:0
[CH: 50] LEN: 12 | HEX: F1 77 76 F5 ED 73 96 FF 54 AE AF FA | T:2535847 RPD:1
[CH: 50] LEN: 12 | HEX: F9 77 7A F6 FE 70 96 EE A3 2C BD FF | T:2535847 RPD:0
[CH: 50] LEN: 12 | HEX: F9 77 56 FD FD 73 96 FF 14 AE BD FF | T:2535858 RPD:1
[CH: 50] LEN: 12 | HEX: F5 77 EA FC FE 70 96 EE A3 2C BD F7 | T:2535870 RPD:1
[CH: 50] LEN: 12 | HEX: F9 77 F4 F5 D6 73 96 FF 14 AE BF EF | T:2535870 RPD:0
[CH: 50] LEN: 12 | HEX: E9 77 FA FE EC 70 96 FF 23 2C AB 77 | T:2535881 RPD:1
[CH: 50] LEN: 12 | HEX: F9 77 BE F5 FE 73 96 F7 94 AE AB F5 | T:2535881 RPD:0
[CH: 50] LEN: 12 | HEX: F5 77 7E EE F6 70 96 EF 23 2C AF FF | T:2535893 RPD:1
[CH: 50] LEN: 12 | HEX: F9 77 76 ED DD 73 96 EF 14 AE AB EF | T:2535904 RPD:1
[CH: 50] LEN: 12 | HEX: E9 77 F6 FE EE 70 96 F7 23 2C AF FB | T:2535904 RPD:0
[CH: 50] LEN: 12 | HEX: F9 77 FA FD EE 73 96 FD 14 AE AF FF | T:2535916 RPD:1
[CH: 50] LEN: 12 | HEX: E9 77 F6 ED FD 73 96 F7 14 AE BF FF | T:2535916 RPD:0
[CH: 50] LEN: 12 | HEX: F9 77 F6 EC F4 70 96 EE A3 2C AF 7F | T:2535927 RPD:1
[CH: 50] LEN: 12 | HEX: F5 77 5E ED EE 73 96 FE 94 AE AF DD | T:2535938 RPD:1
[CH: 50] LEN: 12 | HEX: E9 77 B6 FE EE 70 96 EF 23 2C AF BF | T:2535939 RPD:0
[CH: 50] LEN: 12 | HEX: F9 77 F6 FD FD 73 96 FF 54 AE AE FF | T:2535950 RPD:1
[CH: 50] LEN: 12 | HEX: ED 77 F6 FD FC 73 96 F6 94 AE B7 BF | T:2535950 RPD:0
[CH: 50] LEN: 12 | HEX: E9 77 FA EE FF 70 96 F7 23 2C AF 7F | T:2535962 RPD:1
[CH: 50] LEN: 12 | HEX: E9 77 F6 F6 EE 70 96 EF 23 2C BF EF | T:2535962 RPD:0
[CH: 50] LEN: 12 | HEX: F5 77 74 FD DC 73 96 F6 94 AE AF FF | T:2535973 RPD:1
[CH: 50] LEN: 12 | HEX: F5 77 F6 FD F6 70 96 F6 A3 2C BF BE | T:2535984 RPD:1
[CH: 50] LEN: 12 | HEX: F9 77 F4 F5 FD 73 96 FF 54 AE AF DF | T:2535985 RPD:0
[CH: 50] LEN: 12 | HEX: F9 77 76 FA FE 70 96 FF 23 2C AF FF | T:2535996 RPD:1
[CH: 50] LEN: 12 | HEX: F1 77 7E FE EE 70 96 F7 23 2C AB A1 | T:2535996 RPD:1
[CH: 50] LEN: 12 | HEX: F1 77 AC F9 FC 73 96 FF D4 AE BF F5 | T:2536008 RPD:1
[CH: 50] LEN: 12 | HEX: F1 77 5E F5 FD 73 96 F7 54 AE A9 7F | T:2536019 RPD:1
[CH: 50] LEN: 12 | HEX: F9 77 FA FE F6 74 96 FF 23 2C B7 DE | T:2536019 RPD:1
[CH: 50] LEN: 12 | HEX: F9 77 AE FD FA 73 96 FF 54 AE AB 77 | T:2536030 RPD:1
[CH: 50] LEN: 12 | HEX: F5 77 EA F4 FE 70 96 FF 23 2C AF EF | T:2536031 RPD:0
[CH: 50] LEN: 12 | HEX: F1 77 F4 FD F6 73 D6 F7 14 AE BF FE | T:2536042 RPD:1
[CH: 50] LEN: 12 | HEX: F1 77 74 FD DE 73 96 EF 94 AE BB FF | T:2536042 RPD:0
[CH: 50] LEN: 12 | HEX: F1 77 F8 FE FE 70 96 EE 23 2C BD BF | T:2536054 RPD:1
[CH: 50] LEN: 12 | HEX: F1 77 5D F5 FE 73 96 F6 94 AE BF FB | T:2536065 RPD:1
[CH: 50] LEN: 12 | HEX: F1 77 DC FA FE 70 96 FE 23 2C BF F7 | T:2536065 RPD:0
[CH: 50] LEN: 12 | HEX: F1 77 AE F5 FC 73 96 EE D4 AE BF D7 | T:2536076 RPD:1
[CH: 50] LEN: 12 | HEX: F1 77 FA FD FE 73 96 FF 94 AE AF B7 | T:2536077 RPD:0
[CH: 50] LEN: 12 | HEX: F9 77 FC FE FE 70 96 FF 23 2C AF BE | T:2536088 RPD:1
[CH: 50] LEN: 12 | HEX: F1 77 BE F5 FD 73 96 FE 94 AE AF FB | T:2536099 RPD:1
[CH: 50] LEN: 12 | HEX: F1 77 AC FA FE 70 96 FF 23 2C BD FB | T:2536099 RPD:0
[CH: 50] LEN: 12 | HEX: F1 77 FD FD FE 73 96 FF 94 AE BE EE | T:2536111 RPD:0
[CH: 50] LEN: 12 | HEX: F9 77 FA F6 FE 70 96 FF 23 2C BD FD | T:2536117 RPD:1
[CH: 50] LEN: 12 | HEX: F9 77 7E F5 FC 73 96 FF 54 AE AA FE | T:2536120 RPD:1
[CH: 50] LEN: 12 | HEX: F9 77 FA FD FE 70 96 FE A3 2C AE F7 | T:2536131 RPD:1
[CH: 50] LEN: 12 | HEX: F1 77 7E F5 FD 73 96 FF 54 AE AF DF | T:2536132 RPD:0
[CH: 50] LEN: 12 | HEX: F9 77 FA FE F6 70 96 FF 23 2C AF FB | T:2536143 RPD:1
[CH: 50] LEN: 12 | HEX: F9 77 DD FD FD 73 96 FB 94 AE BB FE | T:2536143 RPD:0
[CH: 50] LEN: 12 | HEX: F9 77 F4 FE FE 70 96 FF 23 2C A7 FF | T:2536155 RPD:1
[CH: 50] LEN: 12 | HEX: F1 77 F6 ED FC 73 96 F6 94 AF BF F7 | T:2536166 RPD:1
[CH: 50] LEN: 12 | HEX: F9 77 F4 FC F6 70 96 FE A3 2D AD EF | T:2536166 RPD:0
[CH: 50] LEN: 12 | HEX: F1 77 B4 F5 FD 73 96 F6 94 AE BF BB | T:2536177 RPD:1
[CH: 50] LEN: 12 | HEX: F9 77 B4 FB FF 73 96 FE 94 AE BF FB | T:2536178 RPD:0
[CH: 50] LEN: 12 | HEX: E9 77 FA FD F6 70 96 FF 23 2C BD EE | T:2536189 RPD:1
[CH: 50] LEN: 12 | HEX: F9 77 DE FB FD 73 96 FE 94 AE BF FD | T:2536200 RPD:1
[CH: 50] LEN: 12 | HEX: F1 77 DA EA FA 70 96 FB 23 2C BF FF | T:2536201 RPD:0
[CH: 50] LEN: 12 | HEX: F9 77 BC ED EC 73 96 F7 14 AE AA E6 | T:2536212 RPD:1
[CH: 50] LEN: 12 | HEX: F9 77 BE FE F6 70 96 F7 23 2C BF FF | T:2536212 RPD:0
[CH: 50] LEN: 12 | HEX: F9 77 BE FD FE 73 96 F7 14 AE AF BE | T:2536223 RPD:1
[CH: 50] LEN: 12 | HEX: F9 77 BC EC EC 70 96 FE 23 2C BB BA | T:2536224 RPD:0
[CH: 50] LEN: 12 | HEX: F1 77 76 FD EC 73 96 FE 94 AE BE FF | T:2536235 RPD:1
[CH: 50] LEN: 12 | HEX: F9 77 B6 F6 F4 70 96 FD 23 2C BF F7 | T:2536246 RPD:1
[CH: 50] LEN: 12 | HEX: F9 77 BE ED EC 73 96 EF 14 AE BB FF | T:2536247 RPD:0
[CH: 50] LEN: 12 | HEX: F1 77 F6 FC FE 70 96 FE A3 2C AF FF | T:2536258 RPD:1
[CH: 50] LEN: 12 | HEX: F1 77 F6 FC EE 70 96 FE 23 2C A7 DF | T:2536258 RPD:0
[CH: 50] LEN: 12 | HEX: F5 77 EE FD DD 73 96 EF 94 AE AD FF | T:2536269 RPD:1
[CH: 50] LEN: 12 | HEX: F9 77 F6 FC FD 70 96 F7 23 2C AB EE | T:2536281 RPD:1
[CH: 50] LEN: 12 | HEX: F5 77 74 FE FC 70 96 FD 23 2C BF BF | T:2536281 RPD:0
[CH: 50] LEN: 12 | HEX: F9 77 76 ED FA 73 96 F7 94 AE AF FF | T:2536292 RPD:1
[CH: 50] LEN: 12 | HEX: F9 77 7E ED FA 73 96 FE 94 AE AF 5C | T:2536293 RPD:0
[CH: 50] LEN: 12 | HEX: F9 77 D6 ED F4 70 96 FB 23 2C AF 6F | T:2536304 RPD:1
[CH: 50] LEN: 12 | HEX: F9 77 F6 ED F6 73 96 FD 14 AE AE DB | T:2536315 RPD:1
[CH: 50] LEN: 12 | HEX: F9 77 F6 ED F6 70 96 FE A3 2C AB FF | T:2536315 RPD:0
[CH: 50] LEN: 12 | HEX: F1 77 7A FD EE 73 96 FE 94 AE AB FB | T:2536327 RPD:1
[CH: 50] LEN: 12 | HEX: F9 77 F6 FD FD 73 96 F7 94 AE BB FF | T:2536327 RPD:1
[CH: 50] LEN: 12 | HEX: F5 77 7E FC FC 70 96 FD 23 2C BD FF | T:2536338 RPD:1
[CH: 50] LEN: 12 | HEX: F5 77 EA FD DD 73 96 EE 94 AE AF D7 | T:2536338 RPD:0
[CH: 50] LEN: 12 | HEX: E9 77 FA FD F6 70 96 F6 A3 2C AA DF | T:2536350 RPD:1
[CH: 50] LEN: 12 | HEX: F9 77 F4 FE EC 70 96 EE A3 2C BF FD | T:2536361 RPD:1
[CH: 50] LEN: 12 | HEX: F5 77 F6 FD FC 73 96 F7 54 AE AE FB | T:2536361 RPD:0
[CH: 50] LEN: 12 | HEX: F1 77 BA F4 F6 70 96 FE A3 2C AF 7F | T:2536373 RPD:1
[CH: 50] LEN: 12 | HEX: E9 77 7E FC EE 70 96 EF 23 2C BF 7F | T:2536373 RPD:0
[CH: 50] LEN: 12 | HEX: ED 77 F6 FD FD 73 96 FE 94 AE BF 77 | T:2536384 RPD:1
[CH: 50] LEN: 12 | HEX: F5 77 B6 FD FA 70 96 EE A3 2C BF F7 | T:2536395 RPD:1
[CH: 50] LEN: 12 | HEX: F5 77 B6 F5 DA 73 96 FB 94 AE AB 7F | T:2536396 RPD:1
[CH: 50] LEN: 12 | HEX: F9 77 B6 FE EE 70 96 FD A3 2C AF DB | T:2536407 RPD:1
[CH: 50] LEN: 12 | HEX: ED 77 56 FD D6 73 96 FE 94 AE BB FF | T:2536407 RPD:0
[CH: 50] LEN: 12 | HEX: F5 77 B4 FE FE 70 96 FE A3 2C AF FD | T:2536419 RPD:1
[CH: 50] LEN: 12 | HEX: F5 77 F6 F5 DD 73 96 F6 94 AE AB BF | T:2536419 RPD:0
[CH: 50] LEN: 12 | HEX: F1 77 FE F5 EA 70 96 FE A3 2C AF FF | T:2536430 RPD:1
[CH: 50] LEN: 12 | HEX: F1 77 DD F5 FD 73 96 F7 94 AE AF EF | T:2536441 RPD:1
[CH: 50] LEN: 12 | HEX: E9 77 7E FE FE 70 96 FF A3 2C AF FF | T:2536442 RPD:0
[CH: 50] LEN: 12 | HEX: E9 77 B6 FD F6 73 96 EF 94 AE AE FF | T:2536453 RPD:1
[CH: 50] LEN: 12 | HEX: F5 77 B5 FD F6 73 96 FF 54 AE BF FD | T:2536453 RPD:0
[CH: 50] LEN: 12 | HEX: F1 77 FA FE F6 70 96 FF 23 2C AA BF | T:2536465 RPD:1
[CH: 50] LEN: 12 | HEX: E9 77 DA ED EE 73 96 FF 54 AE AB FB | T:2536476 RPD:1
[CH: 50] LEN: 12 | HEX: F9 77 FA EC F6 70 96 FE A3 2C AF BF | T:2536476 RPD:0
[CH: 50] LEN: 12 | HEX: F1 77 FA F9 DC 73 96 F6 94 AE AF 7F | T:2536487 RPD:1
[CH: 50] LEN: 12 | HEX: F9 77 FA FE FE 70 96 FE A3 2C AB EF | T:2536488 RPD:0
[CH: 50] LEN: 12 | HEX: F9 77 76 E9 ED 73 96 FE D4 AE BF BA | T:2536499 RPD:1
[CH: 50] LEN: 12 | HEX: F1 77 BC EE EE 70 96 F7 23 6C BF FE | T:2536510 RPD:1
[CH: 50] LEN: 12 | HEX: F9 77 FA F5 FE 73 96 F5 14 AE AD 7F | T:2536511 RPD:0
[CH: 50] LEN: 12 | HEX: F5 77 ED F4 F4 70 96 FE A3 2C AF FE | T:2536522 RPD:1
[CH: 50] LEN: 12 | HEX: F9 77 FA EE FE 70 96 F6 A3 2C AA FE | T:2536522 RPD:0
[CH: 50] LEN: 12 | HEX: F9 77 FA F5 EC 73 B6 FF 14 AE BD D7 | T:2536533 RPD:1
[CH: 50] LEN: 12 | HEX: F1 77 BB FA F6 70 96 FF 23 2C AE F5 | T:2536534 RPD:1
[CH: 50] LEN: 12 | HEX: F9 77 F4 F5 FD 73 96 EF D4 AE BB FF | T:2536545 RPD:1
[CH: 50] LEN: 12 | HEX: E9 77 74 FD EC 73 96 F7 14 AE BF 7D | T:2536556 RPD:1
[CH: 50] LEN: 12 | HEX: F9 77 DE FE FE 70 96 FF 23 2C AF FF | T:2536557 RPD:0
[CH: 50] LEN: 12 | HEX: F1 77 7E FD FE 73 96 F7 14 AE BD FD | T:2536568 RPD:1
[CH: 50] LEN: 12 | HEX: F1 77 DA ED EE 73 96 F7 94 AE AE ED | T:2536568 RPD:0
[CH: 50] LEN: 12 | HEX: F9 77 F4 FE FE 70 96 FF 23 2C BF AF | T:2536579 RPD:1
[CH: 50] LEN: 12 | HEX: F1 77 74 F5 FE 73 96 FF 54 AE AF FF | T:2536591 RPD:1
[CH: 50] LEN: 12 | HEX: F9 7F FA FE FE 70 96 FE A3 2C BF F5 | T:2536591 RPD:0
[CH: 50] LEN: 12 | HEX: F1 77 75 F5 EE 73 96 FF 14 AE AD DF | T:2536602 RPD:1
[CH: 50] LEN: 12 | HEX: F9 77 F4 F9 FE 73 96 EF 14 AE AF F7 | T:2536602 RPD:0
[CH: 50] LEN: 12 | HEX: F9 77 7E FC FE 70 96 FB 23 2C BF 84 | T:2536614 RPD:1
[CH: 50] LEN: 12 | HEX: F9 77 FA F6 FE 70 96 FF 23 2C BF EF | T:2536614 RPD:0
[CH: 50] LEN: 12 | HEX: F1 77 F5 F5 FC 73 96 FF 54 AE BD FF | T:2536625 RPD:1
[CH: 50] LEN: 12 | HEX: E9 77 DA EE FE 70 96 EB 23 2C AF 7F | T:2536637 RPD:1
[CH: 50] LEN: 12 | HEX: F9 77 DA E9 DD 73 96 EE 14 AE AF B2 | T:2536637 RPD:0
[CH: 50] LEN: 12 | HEX: F1 77 F4 FE FE 70 96 FF A3 2C AA FF | T:2536648 RPD:1
[CH: 50] LEN: 12 | HEX: ED 77 76 EE EE 70 96 EE A3 2C AE EB | T:2536648 RPD:0
[CH: 50] LEN: 12 | HEX: F5 77 BE FD F6 73 96 FB 94 AE AF FF | T:2536660 RPD:1
[CH: 50] LEN: 12 | HEX: F9 77 B4 F6 FE 70 96 FB 23 2C AF FE | T:2536671 RPD:1
[CH: 50] LEN: 12 | HEX: F1 77 7E E9 EE 73 96 FE 94 AE AA FA | T:2536671 RPD:0
[CH: 50] LEN: 12 | HEX: F1 77 BE F6 FE 70 96 FE A3 2C AF D5 | T:2536683 RPD:1
[CH: 50] LEN: 12 | HEX: E9 77 7A ED DE 7B 96 FF 54 AF BF FE | T:2536683 RPD:0
[CH: 50] LEN: 12 | HEX: F9 77 DE F4 F6 70 96 FF 23 2C AF FF | T:2536694 RPD:1
[CH: 50] LEN: 12 | HEX: F1 77 BE F5 F6 77 96 FE 94 AE AF FF | T:2536705 RPD:1
[CH: 50] LEN: 12 | HEX: F9 77 BC FE FE 70 96 FE A3 2D AB BF | T:2536706 RPD:0
[CH: 50] LEN: 12 | HEX: F9 77 76 F5 FD 73 96 F6 94 AE AF FB | T:2536717 RPD:1
[CH: 50] LEN: 12 | HEX: F5 77 FA FD FF 73 96 FE 94 AE AD EF | T:2536717 RPD:0
[CH: 50] LEN: 12 | HEX: F5 77 5E ED DE 73 96 FF 54 AE BF EF | T:2536729 RPD:1
[CH: 50] LEN: 12 | HEX: F9 77 7A FD FE 73 96 EF 94 AE AB F5 | T:2536729 RPD:0
[CH: 50] LEN: 12 | HEX: F5 77 5A FE FE 70 96 FF 23 2C BD DF | T:2536740 RPD:1
[CH: 50] LEN: 12 | HEX: F1 77 BD ED D6 73 96 F7 14 AE AB AD | T:2536751 RPD:1
[CH: 50] LEN: 12 | HEX: E9 77 FA FD FF 70 96 F7 23 2C AD FF | T:2536752 RPD:0
[CH: 50] LEN: 12 | HEX: F1 77 B6 FE FE 70 96 FD 23 2C AF FD | T:2536763 RPD:1
[CH: 50] LEN: 12 | HEX: F9 77 FA FE FE 70 96 FF A3 2C AF FF | T:2536763 RPD:0
[CH: 50] LEN: 12 | HEX: F9 77 BA FB FE 73 96 F6 94 AE AF FF | T:2536775 RPD:1
[CH: 50] LEN: 12 | HEX: F1 77 F5 FC F6 70 96 FA 23 2C AF DF | T:2536786 RPD:1
[CH: 50] LEN: 12 | HEX: F5 77 FA F5 EE 73 96 FB 54 AE BA EF | T:2536786 RPD:0
[CH: 50] LEN: 12 | HEX: ED 77 F6 FE F6 70 96 FF 23 2C BE FF | T:2536797 RPD:1
[CH: 50] LEN: 12 | HEX: F5 77 F4 FE EE 70 96 FF 23 2C AF DF | T:2536798 RPD:0
[CH: 50] LEN: 12 | HEX: F1 77 FA FD EE 73 96 FF 54 AE BF FF | T:2536809 RPD:1
[CH: 50] LEN: 12 | HEX: F5 77 FA FE FE 70 96 FF A3 2C BF 7D | T:2536809 RPD:0
[CH: 50] LEN: 12 | HEX: F9 77 FE ED DD 73 96 F5 54 AE AB FF | T:2536821 RPD:1
[CH: 50] LEN: 12 | HEX: F9 77 5A FD FE 73 96 FF 54 AE AD BF | T:2536832 RPD:1
[CH: 50] LEN: 12 | HEX: F9 77 BE F6 F4 70 96 FE A3 2C BD 7B | T:2536832 RPD:0
[CH: 50] LEN: 12 | HEX: F1 77 F6 ED F6 73 96 F7 94 AE BF FD | T:2536843 RPD:1
[CH: 50] LEN: 12 | HEX: FD 77 B6 EB FF 73 96 EF 14 AE AB FF | T:2536844 RPD:0
[CH: 50] LEN: 12 | HEX: E9 77 7A EE FD 70 96 EF 23 2C BF 7F | T:2536855 RPD:1
[CH: 50] LEN: 12 | HEX: F9 77 DA FB EE 73 96 F7 94 AE B5 EF | T:2536866 RPD:1
[CH: 50] LEN: 12 | HEX: F5 77 DC FE FE 70 96 FE A3 2C AD EF | T:2536866 RPD:0
[CH: 50] LEN: 12 | HEX: ED 77 FA ED EE 73 96 F7 94 AE BD AD | T:2536878 RPD:1
[CH: 50] LEN: 12 | HEX: F9 77 B6 F5 DD 73 96 FD 14 AE AD DF | T:2536878 RPD:0
[CH: 50] LEN: 12 | HEX: F9 77 76 EE EE 70 96 EE A3 2C AF DF | T:2536889 RPD:1
[CH: 50] LEN: 12 | HEX: F1 77 DD FE FE 70 96 F7 A3 2C AF D7 | T:2536901 RPD:1
[CH: 50] LEN: 12 | HEX: F5 77 F4 ED DD 73 96 F7 94 AE AF FB | T:2536901 RPD:0
[CH: 50] LEN: 12 | HEX: F9 77 F4 F6 FE 70 96 FE A3 2C BB F7 | T:2536912 RPD:1
[CH: 50] LEN: 12 | HEX: F1 77 FC FA FC 70 96 FE 23 2C AF 7D | T:2536912 RPD:0
[CH: 50] LEN: 12 | HEX: F1 77 5E ED DD 73 96 EF 14 AE AF AA | T:2536924 RPD:1
[CH: 50] LEN: 12 | HEX: F5 77 B4 FE F6 70 96 FA 23 2C AF EF | T:2536924 RPD:0
[CH: 50] LEN: 12 | HEX: F5 77 7E F9 FD 73 96 FF 14 AE AF FF | T:2536935 RPD:0
[CH: 50] LEN: 12 | HEX: E9 77 BC F5 DD 73 96 F7 94 AE BF FD | T:2536947 RPD:1
[CH: 50] LEN: 12 | HEX: E9 77 F4 F6 F6 70 96 EB 23 2C BB FF | T:2536949 RPD:1
[CH: 50] LEN: 12 | HEX: F1 77 F6 E9 ED 73 96 FD 14 AE B7 A6 | T:2536961 RPD:1
[CH: 50] LEN: 12 | HEX: E9 77 BB EE FE 70 96 FE 23 2C AE A8 | T:2536961 RPD:0
[CH: 50] LEN: 12 | HEX: F9 77 DC E9 DE 7B 96 FE 94 AE AE FB | T:2536972 RPD:1
[CH: 50] LEN: 12 | HEX: E9 77 AD EE FE 70 96 FE 23 2C AF FF | T:2536972 RPD:0
[CH: 50] LEN: 12 | HEX: F5 77 F4 FB EE 73 96 FE D4 AE AD FE | T:2536984 RPD:1
[CH: 50] LEN: 12 | HEX: F9 77 F4 FE FE 70 96 FD 23 2C AE FF | T:2536984 RPD:0
[CH: 50] LEN: 12 | HEX: F9 77 B6 F9 FE 73 96 FF 54 AE BB 7F | T:2536995 RPD:1
[CH: 50] LEN: 12 | HEX: F9 77 F4 FE F6 70 96 FF A3 2C AF FF | T:2537007 RPD:1
[CH: 50] LEN: 12 | HEX: F5 77 B4 F5 FD 73 96 FF 14 AE BF DB | T:2537007 RPD:0
[CH: 50] LEN: 12 | HEX: F5 77 BC F6 F6 70 96 FF A3 2C AD BF | T:2537018 RPD:1
[CH: 50] LEN: 12 | HEX: F9 77 FA F6 FE 70 96 FE A3 2C AF FE | T:2537018 RPD:0
[CH: 50] LEN: 12 | HEX: F1 77 7E F5 FA 73 96 F6 94 AE AB EF | T:2537030 RPD:1
[CH: 50] LEN: 12 | HEX: F9 77 BE FA FE 70 96 F6 A3 2C BF FE | T:2537041 RPD:1
[CH: 50] LEN: 12 | HEX: F5 77 F6 FD FE 73 96 FF 54 AE AF DA | T:2537041 RPD:0
[CH: 50] LEN: 12 | HEX: F5 77 B6 FD EE 73 96 FE 94 AE A6 FD | T:2537053 RPD:1
[CH: 50] LEN: 12 | HEX: F1 77 BA FB EE 73 96 F7 14 AE BF FB | T:2537053 RPD:0
[CH: 50] LEN: 12 | HEX: F9 77 B6 FE FE 70 96 F7 23 2C BF FF | T:2537064 RPD:1
[CH: 50] LEN: 12 | HEX: E9 77 F6 EB FC 73 96 FE 94 AE AD FF | T:2537075 RPD:1
[CH: 50] LEN: 12 | HEX: ED 77 F6 EE FE 60 96 FD 23 2C B7 7B | T:2537076 RPD:0
[CH: 50] LEN: 12 | HEX: ED 77 BE FD DB 73 96 F7 54 AE AF FF | T:2537087 RPD:1
[CH: 50] LEN: 12 | HEX: F5 77 F4 F5 FD 73 96 FF 54 AE AD FF | T:2537087 RPD:0
[CH: 50] LEN: 12 | HEX: F9 77 FA F6 FE 70 96 EF 23 2C AB FB | T:2537099 RPD:1
[CH: 50] LEN: 12 | HEX: F5 77 F4 FD EF 73 96 F7 14 AE AF FF | T:2537099 RPD:0
[CH: 50] LEN: 12 | HEX: F5 77 BA FE FE 70 96 FE A3 2C AF F7 | T:2537110 RPD:1
[CH: 50] LEN: 12 | HEX: F9 77 F4 FC FE 70 96 F6 23 2C BF FE | T:2537121 RPD:1
[CH: 50] LEN: 12 | HEX: F9 77 F6 FD D6 73 96 FD 14 AE BF 7F | T:2537122 RPD:0
[CH: 50] LEN: 12 | HEX: FD 77 F6 FE FD 70 96 F7 23 2C AF 7E | T:2537133 RPD:1
[CH: 50] LEN: 12 | HEX: F1 77 74 EC FE 70 96 FE A3 2C BE F7 | T:2537133 RPD:0
[CH: 50] LEN: 12 | HEX: F1 77 FA FD FC 73 96 F7 94 AE BF FE | T:2537145 RPD:1
[CH: 50] LEN: 12 | HEX: F9 77 FA FE FE 70 96 FA 23 2C AB FF | T:2537156 RPD:1
[CH: 50] LEN: 12 | HEX: F1 77 F9 FD EE 73 96 FE 94 AE BD FD | T:2537156 RPD:0
[CH: 50] LEN: 12 | HEX: F9 77 FA FE FE 70 96 FF 23 2C AF 75 | T:2537167 RPD:1
[CH: 50] LEN: 12 | HEX: E9 77 FA F5 FE 73 96 FE 94 AE AF FF | T:2537168 RPD:0
[CH: 50] LEN: 12 | HEX: F9 77 FE F6 F6 70 96 FF 23 2C BF F7 | T:2537179 RPD:1
[CH: 50] LEN: 12 | HEX: F1 77 BC F5 FE 73 96 FE D4 AE B7 7E | T:2537179 RPD:0
[CH: 50] LEN: 12 | HEX: F9 77 FA FE FE 70 96 FE 23 2C AB F7 | T:2537190 RPD:1
[CH: 50] LEN: 12 | HEX: ED 77 FA F5 EE 73 96 FF 54 AE AF 5F | T:2537202 RPD:1
[CH: 50] LEN: 12 | HEX: F1 77 FE F6 FE 70 96 FE 23 2C AB FD | T:2537202 RPD:0
[CH: 50] LEN: 12 | HEX: F1 77 AE F5 EC 73 96 F7 54 AE BF FF | T:2537213 RPD:1
[CH: 50] LEN: 12 | HEX: F1 77 BE F5 FE 77 96 FF 14 AE BF AF | T:2537214 RPD:0
[CH: 50] LEN: 12 | HEX: F1 77 7E F6 F4 70 96 FF 23 2C AF FF | T:2537225 RPD:1
[CH: 50] LEN: 12 | HEX: F1 77 B9 F5 EE 73 96 F7 94 AE BF BF | T:2537236 RPD:1
[CH: 50] LEN: 12 | HEX: F1 77 FD FE FA 70 96 EF 23 2C BF FF | T:2537236 RPD:0
[CH: 50] LEN: 12 | HEX: F9 77 FB F5 FD 73 96 FF 94 AE BB BF | T:2537248 RPD:1
[CH: 50] LEN: 12 | HEX: F9 77 DC FE F4 70 96 FF 23 2C BE E5 | T:2537248 RPD:0
[CH: 50] LEN: 12 | HEX: F1 77 BE F9 FE 73 96 F5 14 AE AF FE | T:2537259 RPD:1
[CH: 50] LEN: 12 | HEX: F1 77 BD FE FE 78 96 EE 23 2C BE BB | T:2537271 RPD:1
[CH: 50] LEN: 12 | HEX: F9 77 DE E9 FE 73 B6 FF 54 AE AE EB | T:2537271 RPD:0
[CH: 50] LEN: 12 | HEX: F9 77 FB FA F6 70 96 FF 23 2C AF BF | T:2537282 RPD:1
[CH: 50] LEN: 12 | HEX: F1 77 FB FA F6 70 96 FE 23 2C BF FE | T:2537282 RPD:0
[CH: 50] LEN: 12 | HEX: F1 77 DC F9 FA 73 96 FF 14 AE BF BF | T:2537294 RPD:1
[CH: 50] LEN: 12 | HEX: F1 77 B4 F6 F5 70 96 FF 23 2C AF FF | T:2537294 RPD:0
[CH: 50] LEN: 12 | HEX: ED 77 D4 FD FC 73 96 F5 14 AE AF FF | T:2537305 RPD:1
[CH: 50] LEN: 12 | HEX: F9 77 FC FE FE 70 96 FF 23 2C BF FF | T:2537317 RPD:1
[CH: 50] LEN: 12 | HEX: F9 77 FD FD EE 73 96 FF 94 AE AF AD | T:2537317 RPD:0
[CH: 50] LEN: 12 | HEX: F9 77 DC FD FE 73 96 FF 94 AE AF EF | T:2537328 RPD:1
[CH: 50] LEN: 12 | HEX: F9 77 BE F9 FE 7B 96 FF 94 AE B7 FD | T:2537328 RPD:0
[CH: 50] LEN: 12 | HEX: F1 77 FA FE FE 70 96 FF 23 2C BF EF | T:2537340 RPD:1
[CH: 50] LEN: 12 | HEX: F1 77 FE F7 FE 73 96 FF 94 AE AF AF | T:2537351 RPD:1
[CH: 50] LEN: 12 | HEX: F1 77 FF FE FE 70 96 F6 23 2C BD F7 | T:2537351 RPD:0
[CH: 50] LEN: 12 | HEX: F9 77 DD FD EE 73 96 F6 D4 AE AF AA | T:2537363 RPD:1
[CH: 50] LEN: 12 | HEX: F1 77 FD F9 FF 73 96 F7 14 AE AD 7F | T:2537363 RPD:1
[CH: 50] LEN: 12 | HEX: F9 77 BB EA F6 70 96 EA 23 2C AF DB | T:2537374 RPD:1
[CH: 50] LEN: 12 | HEX: F1 77 FC F5 EE 73 96 FF 54 AE AB B7 | T:2537374 RPD:0
[CH: 50] LEN: 12 | HEX: F1 77 B4 FA FE 70 96 F7 23 2C BF FB | T:2537386 RPD:1
[CH: 50] LEN: 12 | HEX: F1 7F FD F6 FA 70 96 F7 23 2C AF D7 | T:2537397 RPD:1
[CH: 50] LEN: 12 | HEX: F9 77 FA FD FD 73 96 FF 54 AE BF BF | T:2537397 RPD:0
[CH: 50] LEN: 12 | HEX: F9 77 7E F4 FA 70 96 F5 23 2C AF FF | T:2537409 RPD:1
[CH: 50] LEN: 12 | HEX: F1 77 BF F6 FE 70 96 FE 23 2C AD EF | T:2537409 RPD:0
[CH: 50] LEN: 12 | HEX: F9 7F FC F5 FC 73 D6 F7 54 AE BF FD | T:2537420 RPD:1
[CH: 50] LEN: 12 | HEX: F5 77 D4 FE F6 70 96 FF 23 2C AF DF | T:2537431 RPD:1
[CH: 50] LEN: 12 | HEX: E9 77 DE FD D6 73 96 FF 54 AE AF 6F | T:2537432 RPD:1
[CH: 50] LEN: 12 | HEX: F5 77 FA EE FE 70 96 FF 23 2C AF F6 | T:2537443 RPD:1
[CH: 50] LEN: 12 | HEX: F9 77 AE FD EC 73 96 FB 54 AE BF FB | T:2537443 RPD:0
[CH: 50] LEN: 12 | HEX: F1 77 DE FE F4 70 96 FF 23 2C BF 7D | T:2537455 RPD:1
[CH: 50] LEN: 12 | HEX: F1 77 BC ED FF 73 96 FE 14 AE AB 5A | T:2537466 RPD:1
[CH: 50] LEN: 12 | HEX: F9 77 BA FE F6 70 96 FF 23 2C AF DF | T:2537466 RPD:0
[CH: 50] LEN: 12 | HEX: E9 77 76 F5 FD 73 96 F7 94 AE AE FF | T:2537477 RPD:1
[CH: 50] LEN: 12 | HEX: F9 77 F4 FB FE 73 96 FF 54 AE AF DF | T:2537478 RPD:0
[CH: 50] LEN: 12 | HEX: F9 77 FA F6 F6 70 96 FE A3 2C AF FF | T:2537489 RPD:1
[CH: 50] LEN: 12 | HEX: E9 77 B4 FD FD 73 96 F7 54 AE AF 7E | T:2537489 RPD:0
[CH: 50] LEN: 12 | HEX: F9 77 FA FA FE 70 96 FF 23 2C AD FF | T:2537500 RPD:1
[CH: 50] LEN: 12 | HEX: F9 77 7A F5 DD 73 96 F7 94 AE AF F7 | T:2537512 RPD:1
[CH: 50] LEN: 12 | HEX: F9 77 74 EC FC 70 96 FD A3 2C AF FF | T:2537512 RPD:0
[CH: 50] LEN: 12 | HEX: F1 77 5E E9 FC 73 96 F7 14 AE AF FB | T:2537523 RPD:1
[CH: 50] LEN: 12 | HEX: F9 77 5A FE FE 70 96 FF 23 2C BF AD | T:2537524 RPD:0
[CH: 50] LEN: 12 | HEX: F9 77 FA FD FE 73 96 F7 94 AE AF DF | T:2537535 RPD:1
[CH: 50] LEN: 12 | HEX: F1 77 FD FE FE 70 96 FF 23 2C AF DF | T:2537546 RPD:1
[CH: 50] LEN: 12 | HEX: F5 77 DB F5 EE 73 96 F7 54 AE AF BB | T:2537546 RPD:0
[CH: 50] LEN: 12 | HEX: F9 77 DD F6 FC 70 96 FE 23 2C AA EA | T:2537558 RPD:1
[CH: 50] LEN: 12 | HEX: F1 77 BC FC FE 70 96 F7 23 2C BF FF | T:2537558 RPD:0
[CH: 50] LEN: 12 | HEX: F1 77 BD FD FE 73 96 FF 14 AE AF EF | T:2537569 RPD:1
[CH: 50] LEN: 12 | HEX: F9 77 FB F6 EE 70 96 F7 23 2C AB BD | T:2537570 RPD:1
[CH: 50] LEN: 12 | HEX: F1 77 FD F9 FE 73 96 FD 94 AF AF FE | T:2537581 RPD:1
[CH: 50] LEN: 12 | HEX: F1 77 AE FD EA 70 96 FF 23 2C AF FF | T:2537592 RPD:1
[CH: 50] LEN: 12 | HEX: F9 77 D9 F5 EA 73 96 FF 54 AE AF 7F | T:2537592 RPD:0
[CH: 50] LEN: 12 | HEX: F1 77 7E FB FC 73 96 F7 54 AE AB FF | T:2537604 RPD:1
[CH: 50] LEN: 12 | HEX: F9 77 BE F5 EE 73 96 EE D4 AE BB FE | T:2537604 RPD:0
[CH: 50] LEN: 12 | HEX: ED 77 AE FA FE 70 96 FB 23 2C BF D7 | T:2537615 RPD:1
[CH: 50] LEN: 12 | HEX: F9 7F F4 E9 F6 73 96 F7 54 AE BF 7F | T:2537627 RPD:1
[CH: 50] LEN: 12 | HEX: F1 77 FA EE FE 70 96 FF 23 2C AE FF | T:2537627 RPD:0
[CH: 50] LEN: 12 | HEX: F9 77 FA FD EE 73 96 EF 94 AE AB BF | T:2537638 RPD:1
[CH: 50] LEN: 12 | HEX: F9 77 FA ED D6 73 96 FF 54 AE BF FF | T:2537638 RPD:0
[CH: 50] LEN: 12 | HEX: F1 77 5E F6 FE 70 96 FE 23 2C AF 77 | T:2537650 RPD:1
[CH: 50] LEN: 12 | HEX: ED 77 DA F4 FE 70 96 FF 23 2C AF AD | T:2537661 RPD:1
[CH: 50] LEN: 12 | HEX: E9 77 7A F5 DD 73 96 EF 94 AE A3 FF | T:2537661 RPD:0
[CH: 50] LEN: 12 | HEX: F9 77 FA FE FC 70 96 F6 23 2C BF FF | T:2537673 RPD:1
[CH: 50] LEN: 12 | HEX: E9 77 EE FE EE 70 96 FE 23 2C BF BF | T:2537673 RPD:0
[CH: 50] LEN: 12 | HEX: F1 77 DA F5 EE 73 96 FE 94 AE AF FF | T:2537684 RPD:1
[CH: 50] LEN: 12 | HEX: F9 77 5E F6 F6 70 96 FF 23 2C AF FD | T:2537684 RPD:0
[CH: 50] LEN: 12 | HEX: F1 77 F4 F9 EC 73 96 F7 14 AE BF 7F | T:2537696 RPD:1
[CH: 50] LEN: 12 | HEX: F1 77 BA FE FE 70 96 FF 23 2C BF BB | T:2537707 RPD:1
[CH: 50] LEN: 12 | HEX: F1 77 DE F5 FE 73 96 EE 94 AE AF FF | T:2537707 RPD:0
[CH: 50] LEN: 12 | HEX: F1 77 DE FE FE 70 96 FF 23 2C AF FD | T:2537718 RPD:1
[CH: 50] LEN: 12 | HEX: F1 77 FE F5 EC 73 96 FE 54 AE BF D1 | T:2537719 RPD:0
[CH: 50] LEN: 12 | HEX: F1 77 FA F5 FE 70 96 FF 23 2C BF F5 | T:2537730 RPD:1
[CH: 50] LEN: 12 | HEX: F1 77 FA FD FE 73 96 FF 94 AE AF FF | T:2537741 RPD:1
[CH: 50] LEN: 12 | HEX: ED 77 DC FC FA 70 96 F7 23 2C AA DF | T:2537742 RPD:0
[CH: 50] LEN: 12 | HEX: F9 77 FD F5 FC 73 96 FB 14 AE AF FF | T:2537753 RPD:1
[CH: 50] LEN: 12 | HEX: F9 77 BC FD FC 73 96 FF 54 AE AF DF | T:2537753 RPD:0
[CH: 50] LEN: 12 | HEX: ED 77 FA FE ED 70 96 F7 23 2C BF FF | T:2537764 RPD:1
[CH: 50] LEN: 12 | HEX: F1 77 AE F9 EE 73 D6 FF 14 AE B3 FF | T:2537765 RPD:0
[CH: 50] LEN: 12 | HEX: F9 77 AE F6 EE 70 96 FF 23 2C BE F7 | T:2537776 RPD:1
[CH: 50] LEN: 12 | HEX: F1 77 FC F5 FE 73 96 FB 14 AE AB BB | T:2537787 RPD:1
[CH: 50] LEN: 12 | HEX: F1 77 F4 EE FC 70 96 FE 23 2C BF BD | T:2537788 RPD:0
[CH: 50] LEN: 12 | HEX: F1 77 FA F6 FE 70 96 FF 23 2C BF F7 | T:2537799 RPD:1
[CH: 50] LEN: 12 | HEX: F9 77 79 F6 FE 70 96 FF 23 2C AE DF | T:2537799 RPD:0
[CH: 50] LEN: 12 | HEX: F9 77 EE FD FE 73 96 F7 14 AE AF FE | T:2537810 RPD:1
[CH: 50] LEN: 12 | HEX: F1 77 DC FE FE 70 96 F7 23 2C BF FD | T:2537822 RPD:1
[CH: 50] LEN: 12 | HEX: E9 77 FA FD FE 73 D6 FE 94 AE BB FA | T:2537822 RPD:0
[CH: 50] LEN: 12 | HEX: F1 77 FA FE F6 70 96 FF 23 2C BB F7 | T:2537833 RPD:1
[CH: 50] LEN: 12 | HEX: F9 77 F6 FE FE 70 96 FF A3 2C BE FF | T:2537834 RPD:0
[CH: 50] LEN: 12 | HEX: F1 77 EE FF F6 73 96 F5 94 AE BA FF | T:2537845 RPD:1
[CH: 50] LEN: 12 | HEX: F9 77 AD F6 FE 70 96 FF 23 2C AE FB | T:2537856 RPD:1
[CH: 50] LEN: 12 | HEX: F1 77 FA ED FC 73 96 F7 14 AE AB 7B | T:2537856 RPD:0
[CH: 50] LEN: 12 | HEX: E9 77 DE FD EE 73 96 FB 94 AE AF FF | T:2537868 RPD:1
[CH: 50] LEN: 12 | HEX: F1 77 BA ED FC 73 B6 EE 94 AE B7 F6 | T:2537868 RPD:0
[CH: 50] LEN: 12 | HEX: F1 77 5D F5 FE 70 96 F5 23 2C AF FB | T:2537879 RPD:1
[CH: 50] LEN: 12 | HEX: F9 77 DE FB FE 73 96 FB 94 AE AD FF | T:2537879 RPD:0
[CH: 50] LEN: 12 | HEX: F5 77 AE FE F5 70 96 FF 23 2C B5 FF | T:2537891 RPD:1
[CH: 50] LEN: 12 | HEX: F9 77 BF FD EE 73 96 FB 94 AE BF FB | T:2537902 RPD:1
[CH: 50] LEN: 12 | HEX: F1 77 AD F6 F7 70 96 EF 23 2C BF F5 | T:2537902 RPD:0
[CH: 50] LEN: 12 | HEX: F1 77 DC FD EE 73 96 FB 14 AE AF FE | T:2537914 RPD:1
[CH: 50] LEN: 12 | HEX: E9 77 7A F5 DC 73 96 FF 54 AE AF FF | T:2537914 RPD:0
[CH: 50] LEN: 12 | HEX: E9 77 5A FC F6 70 96 F7 23 2C BE FF | T:2537925 RPD:1
[CH: 50] LEN: 12 | HEX: F1 77 7C F6 F4 70 96 F7 23 2C AF DF | T:2537936 RPD:1
[CH: 50] LEN: 12 | HEX: F1 77 FA FD FC 73 96 FF 54 AE AF FF | T:2537937 RPD:0
[CH: 50] LEN: 12 | HEX: F9 77 DA FE FE 70 96 FF 23 2C BF D4 | T:2537948 RPD:1
[CH: 50] LEN: 12 | HEX: F9 77 FD F6 FE 70 96 FA 23 2C BA FF | T:2537948 RPD:0
[CH: 50] LEN: 12 | HEX: F1 77 FA ED EC 73 96 FE 94 AE AE FB | T:2537960 RPD:1
[CH: 50] LEN: 12 | HEX: F9 77 DE FD FE 70 96 FF 23 2C BF FF | T:2537960 RPD:0
[CH: 50] LEN: 12 | HEX: F1 77 FE FD FC 73 96 FE 94 AE AF FF | T:2537971 RPD:1
[CH: 50] LEN: 12 | HEX: F9 77 DE F6 FE 70 96 FF 23 2C BA FB | T:2537982 RPD:1
[CH: 50] LEN: 12 | HEX: F1 77 FA FD FA 73 96 FF 94 AE AD EF | T:2537983 RPD:0
[CH: 50] LEN: 12 | HEX: F9 77 BE F6 FE 70 96 F5 23 2C AF EF | T:2537994 RPD:1
[CH: 50] LEN: 12 | HEX: E9 77 7E F7 FE 73 96 FE 94 AE BF FB | T:2537994 RPD:0
[CH: 50] LEN: 12 | HEX: F1 77 BA FE FE 70 96 FB 23 2C BB FF | T:2538006 RPD:1
[CH: 50] LEN: 12 | HEX: F9 77 6A F5 EE 73 96 FF 54 AE AD 52 | T:2538017 RPD:1
[CH: 50] LEN: 12 | HEX: F9 77 F4 FE FE 70 96 FF 23 2C AF FB | T:2538017 RPD:0
[CH: 50] LEN: 12 | HEX: F1 77 DD F5 FE 73 96 F7 94 AF BE DE | T:2538028 RPD:1
[CH: 50] LEN: 12 | HEX: F1 77 FA FD F6 73 96 F7 94 AE AA EF | T:2538029 RPD:0
[CH: 50] LEN: 12 | HEX: F1 77 FA FE FE 70 96 EE A3 2C BD FB | T:2538040 RPD:1
[CH: 50] LEN: 12 | HEX: F9 77 7E FD F4 73 96 EB 54 AE AB 75 | T:2538051 RPD:1
[CH: 50] LEN: 12 | HEX: F9 77 FA FE FA 70 96 FE 23 2C AB FF | T:2538052 RPD:0
[CH: 50] LEN: 12 | HEX: E9 77 DA FD FE 73 96 F5 D4 AE BD FF | T:2538063 RPD:1
[CH: 50] LEN: 12 | HEX: F9 77 7A EC FE 70 96 F7 23 2C BF 7D | T:2538063 RPD:0
[CH: 50] LEN: 12 | HEX: F1 77 B5 F5 FE 73 96 F7 54 AE AB FF | T:2538074 RPD:1
[CH: 50] LEN: 12 | HEX: F1 77 F4 FE F6 70 96 FF 23 2C AF 7B | T:2538075 RPD:0
[CH: 50] LEN: 12 | HEX: F5 77 FD F5 FE 73 96 FE D4 AE AF FF | T:2538086 RPD:1
[CH: 50] LEN: 12 | HEX: F5 77 7E F6 FE 70 96 F6 23 2C AF FA | T:2538097 RPD:1
[CH: 50] LEN: 12 | HEX: F1 77 FA F5 F4 73 96 F5 14 AE AF FF | T:2538098 RPD:0
[CH: 50] LEN: 12 | HEX: F9 77 FA FC FE 70 96 FF A3 2C B7 6B | T:2538109 RPD:1
[CH: 50] LEN: 12 | HEX: F9 77 FA FE F6 70 96 FE 23 2C AB BB | T:2538109 RPD:0
[CH: 50] LEN: 12 | HEX: F9 77 76 ED ED 73 96 FE 94 AE AD BF | T:2538120 RPD:1
[CH: 50] LEN: 12 | HEX: F1 77 FA FE FE 70 96 FF A3 2C BF 7F | T:2538132 RPD:1
[CH: 50] LEN: 12 | HEX: F1 77 FD F5 FE 73 96 F7 D4 AE AE DF | T:2538132 RPD:0
[CH: 50] LEN: 12 | HEX: F5 77 FA F7 D4 73 96 F7 94 AE BF FF | T:2538143 RPD:1
[CH: 50] LEN: 12 | HEX: F5 77 F4 F9 FD 73 96 FF 94 AE BF EF | T:2538143 RPD:0
[CH: 50] LEN: 12 | HEX: F9 77 F6 FE FE 70 96 F7 23 2C AF 7F | T:2538155 RPD:1
[CH: 50] LEN: 12 | HEX: F9 77 D5 F5 EE 73 96 F7 94 AE AF FA | T:2538155 RPD:0
[CH: 50] LEN: 12 | HEX: F9 77 BE F6 FB 70 96 FE 23 2C AD FF | T:2538166 RPD:1
[CH: 50] LEN: 12 | HEX: E9 77 F4 FD FC 73 96 EF 94 AE BB DE | T:2538178 RPD:1
[CH: 50] LEN: 12 | HEX: F9 77 DE F4 F6 70 96 F7 23 2C BF FD | T:2538178 RPD:1
[CH: 50] LEN: 12 | HEX: F1 77 F4 F5 F6 73 96 F7 94 AE AF 7F | T:2538189 RPD:1
[CH: 50] LEN: 12 | HEX: F1 77 BE FE F6 70 96 EF 23 2C AF FF | T:2538189 RPD:0
[CH: 50] LEN: 12 | HEX: F9 77 B4 F5 EE 73 96 F7 54 AE AF FF | T:2538201 RPD:1
[CH: 50] LEN: 12 | HEX: F9 77 BA F6 F6 70 96 FE A3 2C AD FD | T:2538212 RPD:1
[CH: 50] LEN: 12 | HEX: F1 77 F4 ED F5 73 96 FE 94 AE BF BF | T:2538212 RPD:0
[CH: 50] LEN: 12 | HEX: F1 77 FB FE F6 70 96 F7 23 2C AF FB | T:2538224 RPD:1
[CH: 50] LEN: 12 | HEX: ED 77 DA F4 F6 70 96 EF 23 2C BF 5F | T:2538224 RPD:0
[CH: 50] LEN: 12 | HEX: F1 77 FC FD EC 73 96 F7 54 AE BF 7F | T:2538235 RPD:1
[CH: 50] LEN: 12 | HEX: E9 77 FD F5 EE 73 96 FF 54 AE AF 7B | T:2538246 RPD:1
[CH: 50] LEN: 12 | HEX: F9 77 F4 FE FE 70 96 EF A3 2C AE AD | T:2538247 RPD:1
[CH: 50] LEN: 12 | HEX: F1 77 FE F6 FE 70 96 F6 23 2C AF BF | T:2538258 RPD:1
[CH: 50] LEN: 12 | HEX: F9 77 FA FD EE 73 96 FE D4 AE AF FB | T:2538258 RPD:0
[CH: 50] LEN: 12 | HEX: F9 77 DA FE FE 70 96 F7 23 2C AF BF | T:2538270 RPD:1
[CH: 50] LEN: 12 | HEX: F5 77 FA FD FE 73 96 FF 54 AE AF BF | T:2538270 RPD:0
[CH: 50] LEN: 12 | HEX: E9 77 BA F6 F6 70 96 F6 A3 2C AB FF | T:2538281 RPD:1
[CH: 50] LEN: 12 | HEX: F9 77 5E FE FE 70 96 FF A3 2C AB BF | T:2538292 RPD:1
[CH: 50] LEN: 12 | HEX: F1 77 7E FD FE 73 96 F5 94 AE AF EF | T:2538293 RPD:0
[CH: 50] LEN: 12 | HEX: F9 77 F4 FE EE 70 96 F6 23 2C AE 7F | T:2538304 RPD:1
[CH: 50] LEN: 12 | HEX: F1 77 FA F9 DD 73 96 FF 54 AE BF 7F | T:2538304 RPD:0
[CH: 50] LEN: 12 | HEX: F5 77 FA FE F6 70 96 FF 23 2C AF EB | T:2538316 RPD:1
[CH: 50] LEN: 12 | HEX: F1 77 BA FD FE 73 96 FF 54 AE AD FF | T:2538327 RPD:1
[CH: 50] LEN: 12 | HEX: F1 77 7E F4 FE 70 96 F7 23 2C AF FE | T:2538327 RPD:0
[CH: 50] LEN: 12 | HEX: F1 77 F6 F5 D6 73 96 F7 54 AE BF 6F | T:2538338 RPD:1
[CH: 50] LEN: 12 | HEX: F5 77 FA FE FE 70 96 F6 23 2C BF 7F | T:2538339 RPD:0
[CH: 50] LEN: 12 | HEX: F1 77 FE F5 FD 73 96 EF 54 AE AF 7B | T:2538350 RPD:1
[CH: 50] LEN: 12 | HEX: F5 77 F6 EE FE 70 96 F7 23 2C BF 7F | T:2538350 RPD:0
[CH: 50] LEN: 12 | HEX: E9 77 DE F4 FE 70 96 FE A3 2C AB FB | T:2538361 RPD:1
[CH: 50] LEN: 12 | HEX: E9 77 BC EE FC 70 96 F7 23 2C BF F4 | T:2538373 RPD:1
[CH: 50] LEN: 12 | HEX: F9 77 FA F5 EA 73 96 FF D4 AE BE EE | T:2538373 RPD:0
[CH: 50] LEN: 12 | HEX: F1 77 BC F6 F6 70 96 FE A3 2C AE BF | T:2538384 RPD:1
[CH: 50] LEN: 12 | HEX: F9 77 FC FE EA 70 96 F7 23 2C BF 5F | T:2538385 RPD:1
[CH: 50] LEN: 12 | HEX: F9 77 F6 FD DE 73 96 FF 54 AE BF ED | T:2538396 RPD:1
[CH: 50] LEN: 12 | HEX: F1 77 74 ED FC 73 96 F7 14 AE AE BE | T:2538407 RPD:1
[CH: 50] LEN: 12 | HEX: F1 77 74 F6 FE 70 96 F5 23 2C BD FF | T:2538407 RPD:0
[CH: 50] LEN: 12 | HEX: F9 77 74 ED FD 73 96 F7 94 AE BF 7D | T:2538419 RPD:0
[CH: 50] LEN: 12 | HEX: F9 77 F5 00 00 71 96 F7 1C 55 BE EA | T:2538434 RPD:1
[CH: 50] LEN: 12 | HEX: F1 77 F7 00 00 71 96 FF DC 55 BB F3 | T:2538435 RPD:1
[CH: 50] LEN: 12 | HEX: F0 6D F5 00 F4 FE 95 F7 60 9C BF FF | T:2538465 RPD:1
[CH: 50] LEN: 12 | HEX: F8 6D EE 80 FE F6 95 FE E0 9C BD F5 | T:2538465 RPD:1
[CH: 50] LEN: 12 | HEX: F1 77 FA 00 00 71 95 EF 49 06 BB EF | T:2538734 RPD:1
[CH: 50] LEN: 12 | HEX: E9 77 BF 00 00 71 95 DD C9 06 AD FF | T:2538734 RPD:1
[CH: 50] LEN: 12 | HEX: F8 6D D7 00 F6 F6 95 FE E0 9C BF FF | T:2538764 RPD:1
[CH: 50] LEN: 12 | HEX: F9 77 DA 00 00 71 95 FF 49 06 AB 7D | T:2539033 RPD:1
[CH: 50] LEN: 12 | HEX: E9 77 7F 00 00 71 95 DD C9 06 AF FB | T:2539034 RPD:1
[CH: 50] LEN: 12 | HEX: F8 6D FF 00 FE FE 95 EA E0 9C BF FF | T:2539064 RPD:1
[CH: 50] LEN: 12 | HEX: F8 6D FF 00 FE F6 95 FE E0 9C BF FD | T:2539065 RPD:1
[CH: 50] LEN: 12 | HEX: F9 77 EE 00 00 71 95 EB C9 06 BF DF | T:2539333 RPD:1
[CH: 50] LEN: 12 | HEX: F1 77 FB 00 00 71 95 AA 49 06 BF EB | T:2539334 RPD:1
[CH: 50] LEN: 12 | HEX: F0 6D FF 00 FA FE 95 F7 60 9C BF BF | T:2539364 RPD:1
[CH: 50] LEN: 12 | HEX: F0 6D FE 80 FE F6 95 FD E0 9C AF DF | T:2539364 RPD:1
[CH: 50] LEN: 12 | HEX: E9 7F F4 00 00 71 95 EE 89 06 AB 7F | T:2539633 RPD:1
[CH: 50] LEN: 12 | HEX: F1 77 FE 00 00 71 95 FF 49 06 AF FD | T:2539634 RPD:1
[CH: 50] LEN: 12 | HEX: E8 6D EE 00 FE EC 95 DD 60 9C AF BF | T:2539663 RPD:1
[CH: 50] LEN: 12 | HEX: F8 6D EB 00 F6 FE 95 EE E0 9C AE F7 | T:2539664 RPD:1
[CH: 50] LEN: 12 | HEX: F9 77 FA 00 00 71 95 FE 89 06 AD FE | T:2539933 RPD:1
[CH: 50] LEN: 12 | HEX: ED 77 7B 00 00 71 95 DF C9 06 AF EF | T:2539933 RPD:1
[CH: 50] LEN: 12 | HEX: F0 6D FF 00 FE ED 95 FF 60 9C BF DF | T:2539963 RPD:1
[CH: 50] LEN: 12 | HEX: F0 6D EF 00 FF FE 95 FE E0 9C BF FD | T:2539964 RPD:1
[CH: 50] LEN: 12 | HEX: F9 77 7B 00 00 71 95 EF 89 06 BF FF | T:2540232 RPD:1
[CH: 50] LEN: 12 | HEX: F1 77 DB 00 00 71 95 F6 C9 06 BE F5 | T:2540233 RPD:1
[CH: 50] LEN: 12 | HEX: F0 6D DF 00 FE FE 95 EF 60 9C BF FE | T:2540263 RPD:1
[CH: 50] LEN: 12 | HEX: EC 6D FA 80 EE F6 95 EF E0 9C AD FF | T:2540263 RPD:1
[CH: 50] LEN: 12 | HEX: F1 77 B6 00 00 71 95 F7 C9 06 BD EF | T:2540532 RPD:1
[CH: 50] LEN: 12 | HEX: F9 77 FD 00 00 71 95 EF C9 06 BD 7B | T:2540533 RPD:1
[CH: 50] LEN: 12 | HEX: F0 6D EB 00 FD FE 95 EF 60 9C BF FF | T:2540562 RPD:1
[CH: 50] LEN: 12 | HEX: F8 6D FE 80 FA FE 95 FF 60 9C AD DB | T:2540563 RPD:1
[CH: 50] LEN: 12 | HEX: F9 77 FA 00 00 71 95 FE 89 06 AF 75 | T:2540832 RPD:1
[CH: 50] LEN: 12 | HEX: F9 77 FA 00 00 71 95 D5 49 06 BB DA | T:2540832 RPD:1
[CH: 50] LEN: 12 | HEX: F8 6D FD 80 FC FE 95 FF 60 9C AF FA | T:2540862 RPD:1
[CH: 50] LEN: 12 | HEX: F8 6D F6 80 FC F6 95 DD 60 9C BF EE | T:2540863 RPD:1
[CH: 50] LEN: 12 | HEX: F9 77 FB 00 00 71 95 DF C9 06 AF FB | T:2541131 RPD:1
[CH: 50] LEN: 12 | HEX: E9 77 F7 00 00 71 95 FD C9 06 AF BF | T:2541132 RPD:1
[CH: 50] LEN: 12 | HEX: F0 6D F7 00 FE FE 95 DD 60 9C BF F7 | T:2541162 RPD:1
[CH: 50] LEN: 12 | HEX: F0 6D ED 00 F6 FE 95 FE E0 9C AB FF | T:2541163 RPD:1
[CH: 50] LEN: 12 | HEX: F1 77 DB 00 00 71 95 FE C9 06 AF FB | T:2541431 RPD:1
[CH: 50] LEN: 12 | HEX: F9 77 7F 00 00 71 95 F7 E9 06 BB F7 | T:2541432 RPD:1
[CH: 50] LEN: 12 | HEX: F4 6D FF 80 F6 EE 95 FD E0 9C BF 7F | T:2541462 RPD:1
[CH: 50] LEN: 12 | HEX: EC 6D FF 80 F6 F4 95 FE E0 9C AA F7 | T:2541462 RPD:1
[CH: 50] LEN: 12 | HEX: F9 77 BB 00 00 71 95 FF 49 06 BF ED | T:2541731 RPD:1
[CH: 50] LEN: 12 | HEX: F1 77 BF 00 00 71 95 FD C9 06 AD DF | T:2541731 RPD:1
[CH: 50] LEN: 12 | HEX: F8 6D DF 00 FE F6 95 EF 60 9C AF FD | T:2541761 RPD:1
[CH: 50] LEN: 12 | HEX: F0 6D FF 00 FA FE 95 EB 60 9C BF FF | T:2541762 RPD:1
[CH: 50] LEN: 12 | HEX: F5 77 FA 00 00 71 95 D5 49 06 B7 F7 | T:2542030 RPD:1
[CH: 50] LEN: 12 | HEX: F9 77 DF 00 00 71 95 F6 C9 06 AF BF | T:2542031 RPD:1
[CH: 50] LEN: 12 | HEX: F8 6D FD 00 FC F6 95 DF 60 9C BF EE | T:2542061 RPD:1
[CH: 50] LEN: 12 | HEX: F8 6D FD 00 FE FE 95 FD 60 9C AF FF | T:2542062 RPD:1
[CH: 50] LEN: 12 | HEX: F9 77 7B 00 00 71 95 F7 C9 06 BB 7D | T:2542330 RPD:1
[CH: 50] LEN: 12 | HEX: F9 77 7F 00 00 71 95 FF C9 06 BE FF | T:2542331 RPD:1
[CH: 50] LEN: 12 | HEX: F0 6D FD 80 F6 F6 95 FE E0 9C BF FF | T:2542361 RPD:1
[CH: 50] LEN: 12 | HEX: F8 6D FD 00 FE FE 95 DD 60 9C AE FF | T:2542361 RPD:1
[CH: 50] LEN: 12 | HEX: F9 77 6B 00 00 71 95 D5 49 06 BF DD | T:2542630 RPD:1
[CH: 50] LEN: 12 | HEX: F9 77 DD 00 00 71 95 FE 89 06 BE FF | T:2542631 RPD:1
[CH: 50] LEN: 12 | HEX: F8 6D FE 80 FE FE 95 EE E0 9C AF FF | T:2542660 RPD:1
[CH: 50] LEN: 12 | HEX: F0 6D DF 00 FE FE 95 DF 60 9C AF FF | T:2542661 RPD:1
[CH: 50] LEN: 12 | HEX: F1 77 AF 00 00 71 95 EB C9 06 BF FD | T:2542930 RPD:1
[CH: 50] LEN: 12 | HEX: F8 6D FE 00 EE EE 95 DF 60 9C BF DF | T:2542960 RPD:1
[CH: 50] LEN: 12 | HEX: F8 6D FF 80 FA FE 95 F7 60 9C BD BF | T:2542961 RPD:1
[CH: 50] LEN: 12 | HEX: F1 77 7D 00 00 79 95 EE 89 06 AE FB | T:2543229 RPD:1
[CH: 50] LEN: 12 | HEX: F1 77 FA 00 00 71 95 F6 C9 06 AB FD | T:2543230 RPD:1
[CH: 50] LEN: 12 | HEX: F0 6D EF 00 F5 F4 95 EF 60 9C B6 BF | T:2543260 RPD:1
[CH: 50] LEN: 12 | HEX: F0 6D EF 00 FE FA 95 FE 60 9C AE F7 | T:2543260 RPD:1
[CH: 50] LEN: 12 | HEX: F1 77 AF 00 00 71 95 D5 49 06 AF AB | T:2543530 RPD:1
[CH: 50] LEN: 12 | HEX: F8 6D FE 00 FE FA 95 EB 60 9C BF FF | T:2543559 RPD:1
[CH: 50] LEN: 12 | HEX: F8 6D EE 00 FE FE 95 FF E0 9C BF 7F | T:2543560 RPD:1
[CH: 50] LEN: 12 | HEX: F9 77 FD 00 00 71 95 FF 49 06 AF 7F | T:2543829 RPD:1
[CH: 50] LEN: 12 | HEX: F1 77 D6 80 00 71 95 D5 09 06 AF DB | T:2543829 RPD:1
[CH: 50] LEN: 12 | HEX: F0 6D DD 00 F4 FE 95 FE E0 9C AE FE | T:2543859 RPD:1
[CH: 50] LEN: 12 | HEX: F0 6D EE 80 FE F4 95 EF 60 9C BD 7F | T:2543860 RPD:1
[CH: 50] LEN: 12 | HEX: F1 77 7D 00 00 71 95 FE 89 06 AF FF | T:2544128 RPD:1
[CH: 50] LEN: 12 | HEX: F9 77 DD 00 00 71 95 AA 89 06 AF 75 | T:2544129 RPD:1
[CH: 50] LEN: 12 | HEX: F8 6D EF 00 F6 F5 95 FF 60 9C AB FE | T:2544159 RPD:1
[CH: 50] LEN: 12 | HEX: F8 6D FF 00 FE FE 95 FE E0 9C BF FF | T:2544159 RPD:1
[CH: 50] LEN: 12 | HEX: F1 77 EE 80 00 75 95 D5 49 06 AF BD | T:2544428 RPD:1
[CH: 50] LEN: 12 | HEX: F1 77 BF 00 00 71 95 FD 49 06 AF FF | T:2544429 RPD:1
[CH: 50] LEN: 12 | HEX: F0 6D FE 80 F6 FE 95 FE E0 9C BF 7E | T:2544458 RPD:1
[CH: 50] LEN: 12 | HEX: F0 6D FE 00 FE FE 95 FF 60 9C AF FF | T:2544459 RPD:1
[CH: 50] LEN: 12 | HEX: F9 77 5D 00 00 71 95 FE 89 06 AF 7F | T:2544728 RPD:1
[CH: 50] LEN: 12 | HEX: F1 77 B5 00 00 71 95 FF 49 06 BF DF | T:2544728 RPD:1
[CH: 50] LEN: 12 | HEX: F0 6D EF 00 FE FE 95 EF 60 9C AF EB | T:2544758 RPD:1
[CH: 50] LEN: 12 | HEX: F0 6D FF 00 FA FC 95 FE E0 9C AF 5A | T:2544759 RPD:1
[CH: 50] LEN: 12 | HEX: F9 77 FA 00 00 71 95 FE 89 06 AD F3 | T:2545027 RPD:1
[CH: 50] LEN: 12 | HEX: F3 77 FD 00 00 71 95 D5 C9 04 A7 BF | T:2545028 RPD:1
[CH: 50] LEN: 12 | HEX: F8 6D DE 00 FE EA 95 EE E0 9C AF 7F | T:2545058 RPD:1
[CH: 50] LEN: 12 | HEX: F8 6D FE 80 F6 EE 95 F7 60 9C BF 8A | T:2545058 RPD:1
[CH: 50] LEN: 12 | HEX: F9 77 F5 00 00 71 95 FE 89 06 AF EB | T:2545327 RPD:1
[CH: 50] LEN: 12 | HEX: F5 77 77 00 00 71 95 ED C9 06 AF BD | T:2545328 RPD:1
[CH: 50] LEN: 12 | HEX: F8 6D FC 00 FE F6 95 FE E0 9C AB DF | T:2545357 RPD:1
[CH: 50] LEN: 12 | HEX: F0 6D FD 00 F6 F4 95 FE E0 9C BF FF | T:2545358 RPD:1
[CH: 50] LEN: 12 | HEX: F9 77 FE 80 00 71 95 EF 49 06 BF FE | T:2545627 RPD:1
[CH: 50] LEN: 12 | HEX: F9 77 FD 00 00 71 95 FF 49 06 AF DF | T:2545627 RPD:1
[CH: 50] LEN: 12 | HEX: F8 6D FE 00 FE FA 95 EF 60 9C B7 FF | T:2545657 RPD:1
[CH: 50] LEN: 12 | HEX: F8 6D FF 00 FE FE 95 D7 60 9C BE F7 | T:2545658 RPD:1
[CH: 50] LEN: 12 | HEX: E9 77 EB 00 00 71 95 DF C9 06 BF FF | T:2545926 RPD:1
[CH: 50] LEN: 12 | HEX: F1 77 FB 00 00 71 95 FD C9 06 AD EF | T:2545927 RPD:1
[CH: 50] LEN: 12 | HEX: E8 6D FD 00 FE FD 95 DF 60 9C AF FF | T:2545957 RPD:1
[CH: 50] LEN: 12 | HEX: F8 6D FE 80 FD F6 95 FD 60 9C AF 97 | T:2545957 RPD:1
[CH: 50] LEN: 12 | HEX: F9 77 BB 00 00 71 95 EE C9 06 BF FF | T:2546227 RPD:1
[CH: 50] LEN: 12 | HEX: FC 6D FA 00 FE FE 95 FD 60 9C BB FF | T:2546257 RPD:1
[CH: 50] LEN: 12 | HEX: F5 77 F7 00 00 71 95 FE C9 06 AF DB | T:2546526 RPD:1
[CH: 50] LEN: 12 | HEX: F9 77 BF 00 00 71 95 FF 49 06 BF FF | T:2546526 RPD:1
[CH: 50] LEN: 12 | HEX: F8 6D FE 80 FE FE 95 FE E0 9C BB BF | T:2546556 RPD:1
[CH: 50] LEN: 12 | HEX: F8 6D FD 00 F6 EA 95 FE E0 9C BF FF | T:2546557 RPD:1
[CH: 50] LEN: 12 | HEX: F9 77 7F 00 00 71 95 DA C9 06 BD FF | T:2546825 RPD:1
[CH: 50] LEN: 12 | HEX: F9 77 BB 00 00 71 95 ED C9 06 AF DA | T:2546826 RPD:1
[CH: 50] LEN: 12 | HEX: F4 6D DF 00 FE ED 95 FE E0 9C BF D7 | T:2546856 RPD:1
[CH: 50] LEN: 12 | HEX: F4 6D FE 80 FE EE 95 FE E0 9C BF D7 | T:2546856 RPD:1
[CH: 50] LEN: 12 | HEX: F2 76 F7 80 8C EF 95 DE 3C 73 BF FB | T:2547000 RPD:1
[CH: 50] LEN: 12 | HEX: FA 76 FE 80 8C F6 95 DD 3C 7B BF FF | T:2547000 RPD:1
[CH: 50] LEN: 12 | HEX: FE 76 FE FE 73 DC 95 D7 C2 8E BE DB | T:2547031 RPD:0
[CH: 50] LEN: 12 | HEX: F6 76 FE FD 70 EE 95 FD B7 40 BF FF | T:2547034 RPD:0
[CH: 50] LEN: 12 | HEX: F2 76 FE FC 71 FE 95 FF EB 65 BB BD | T:2547038 RPD:0
[CH: 50] LEN: 12 | HEX: F6 76 FE EB 76 EE 95 D7 5D 9C B6 FF | T:2547068 RPD:0
[CH: 50] LEN: 12 | HEX: FA 76 F6 FA 77 D5 95 D6 81 71 BB FD | T:2547098 RPD:0
[CH: 50] LEN: 12 | HEX: F6 76 F6 F9 74 EE 95 DD F4 77 BF FB | T:2547128 RPD:1
[CH: 50] LEN: 12 | HEX: FA 76 F5 F8 7D FD 95 FE A8 92 BF 7F | T:2547158 RPD:1
[CH: 50] LEN: 12 | HEX: F2 7E FD F7 7A EE 95 EE 99 85 BF FF | T:2547188 RPD:1
[CH: 50] LEN: 12 | HEX: F6 76 F4 F6 7B EC 95 F7 45 60 BF FF | T:2547218 RPD:1
[CH: 50] LEN: 12 | HEX: F2 76 F4 F5 78 F6 95 EB 30 6E BB D7 | T:2547248 RPD:1
[CH: 50] LEN: 12 | HEX: FA 76 FA E4 79 FC 95 D7 EC 8B BF BF | T:2547278 RPD:1
[CH: 50] LEN: 12 | HEX: F6 76 FE EB 76 FC 95 F6 DA 72 BF FF | T:2547308 RPD:1
[CH: 50] LEN: 12 | HEX: F2 76 F6 F2 7F D6 95 D6 06 97 3E FF | T:2547338 RPD:0
[CH: 50] LEN: 12 | HEX: F2 76 EA E9 7C FA 95 FF 73 99 BB DF | T:2547368 RPD:0
[CH: 50] LEN: 12 | HEX: F2 76 FE EE 63 FD 95 FF 7D 73 BF FB | T:2547458 RPD:1
[CH: 50] LEN: 12 | HEX: F2 76 F6 ED 60 EA 95 FF E8 7B BF BB | T:2547488 RPD:1
[CH: 50] LEN: 12 | HEX: FA 7E FE EC 61 DE 95 D6 F4 98 BF FF | T:2547517 RPD:1
[CH: 50] LEN: 12 | HEX: F2 76 FB EB 66 F6 95 FE C2 61 AB DD | T:2547547 RPD:1
[CH: 50] LEN: 12 | HEX: FA 76 FE EA 67 FA 95 F6 9E 84 BF AF | T:2547577 RPD:1
[CH: 50] LEN: 12 | HEX: FA 76 F6 E9 64 FE 95 EE EB 8A B5 DE | T:2547607 RPD:1
[CH: 50] LEN: 12 | HEX: FA 76 EE E8 65 EE 95 F7 37 6F 3B EB | T:2547637 RPD:1
[CH: 50] LEN: 12 | HEX: F6 76 F5 E7 6A F6 95 FF 46 74 BF F4 | T:2547667 RPD:1
[CH: 50] LEN: 12 | HEX: FA 76 EE E6 6B EC 95 F7 5A 9D BB FF | T:2547697 RPD:1
[CH: 50] LEN: 12 | HEX: FA 76 FB E5 68 EE 95 EE AF 13 B7 BF | T:2547727 RPD:1
[CH: 50] LEN: 12 | HEX: FA 76 F6 E4 69 EC 95 AD F3 76 BF 5D | T:2547757 RPD:1
[CH: 50] LEN: 12 | HEX: FA 76 FF E3 6E D6 95 EB 85 8D 7F BF | T:2547787 RPD:1
[CH: 50] LEN: 12 | HEX: FE 76 FE E2 6E FE 95 FE 99 6A AB BF | T:2547817 RPD:1
[CH: 50] LEN: 12 | HEX: F6 76 FD E1 6C EA 95 EF 6C 64 BD FF | T:2547847 RPD:1
[CH: 50] LEN: 12 | HEX: F6 76 FE E0 6D FE 95 EF 30 81 BF FF | T:2547877 RPD:1
[CH: 50] LEN: 12 | HEX: FA 76 FE DF 52 F6 95 FE A1 91 AF FF | T:2547907 RPD:1
[CH: 50] LEN: 12 | HEX: F2 76 F6 FA 73 B5 95 D7 C2 8E BD FF | T:2547937 RPD:1
[CH: 50] LEN: 12 | HEX: FA 76 FE ED 70 FE 95 DF 77 80 AE FD | T:2547941 RPD:1
[CH: 50] LEN: 12 | HEX: FA 76 EC F4 71 EE 95 F6 EB 65 BA ED | T:2547944 RPD:1
[CH: 50] LEN: 12 | HEX: FA 76 F6 FB 76 FE 95 FE DD 9C BD FF | T:2547974 RPD:1
[CH: 50] LEN: 12 | HEX: F6 76 F6 EA 77 BE 95 FE 81 79 BF 7F | T:2548004 RPD:1
[CH: 50] LEN: 12 | HEX: F6 76 F6 ED 74 FE 95 EB F4 77 3D 7F | T:2548034 RPD:1
[CH: 50] LEN: 12 | HEX: F6 76 EE F8 75 FD 95 DF 28 92 AF FB | T:2548064 RPD:1
[CH: 50] LEN: 12 | HEX: F2 76 FE F7 7A F4 95 D7 99 85 AF FA | T:2548094 RPD:1
[CH: 50] LEN: 12 | HEX: F2 76 FE E6 73 DA 95 FE C5 60 BD FF | T:2548124 RPD:1
[CH: 50] LEN: 12 | HEX: F6 76 F6 F5 78 FA 95 FD 30 6E BF FE | T:2548154 RPD:1
[CH: 50] LEN: 12 | HEX: F6 76 F6 F4 75 DD 95 FA EC 8B AF FF | T:2548184 RPD:1
[CH: 50] LEN: 12 | HEX: D2 76 F4 E3 7A FC 95 DF DA 72 BF D4 | T:2548214 RPD:1
[CH: 50] LEN: 12 | HEX: F2 76 FE E2 7F 5E 95 DF 06 97 7B DF | T:2548244 RPD:1
[CH: 50] LEN: 12 | HEX: FA 76 FE F1 7A EE 95 FD 73 99 BF FF | T:2548274 RPD:1
[CH: 50] LEN: 12 | HEX: FA 76 F6 F0 7B FD 95 FE AF 7A AF DF | T:2548304 RPD:1
[CH: 50] LEN: 12 | HEX: F6 76 F6 EE 62 EE 95 DD 01 96 AF FF | T:2548334 RPD:1
[CH: 50] LEN: 12 | HEX: FE 76 F4 EE 63 FC 95 D5 5D 73 AF F5 | T:2548364 RPD:1
[CH: 50] LEN: 12 | HEX: EA 76 FD ED 60 F6 95 DD 28 75 AF FF | T:2548394 RPD:1
[CH: 50] LEN: 12 | HEX: FA 76 FE EC 61 ED 95 FD 74 98 AF DF | T:2548424 RPD:1
[CH: 50] LEN: 12 | HEX: F6 76 FE EB 66 F6 95 FF 42 61 BB F7 | T:2548453 RPD:1
[CH: 50] LEN: 12 | HEX: F6 76 FE EA 67 F6 95 ED 9E 84 AB FF | T:2548483 RPD:1
[CH: 50] LEN: 12 | HEX: FA 76 FE E9 64 F6 95 F7 AB 8A AF FE | T:2548513 RPD:1
[CH: 50] LEN: 12 | HEX: F6 76 EE E7 6A EE 95 FA 86 68 AF FF | T:2548573 RPD:1
[CH: 50] LEN: 12 | HEX: F2 76 FC E6 6B FA 95 DD 5A 9D BB DF | T:2548603 RPD:1
[CH: 50] LEN: 12 | HEX: FA 76 FA E5 68 EE 95 FE AF 13 BB F7 | T:2548633 RPD:1
[CH: 50] LEN: 12 | HEX: F6 76 FE E4 69 F7 95 EF F3 76 AF FE | T:2548663 RPD:1
[CH: 50] LEN: 12 | HEX: FA 76 FC E3 6E FE 95 DE C5 8F 2F BF | T:2548693 RPD:1
[CH: 50] LEN: 12 | HEX: F2 76 FE E2 6F 76 95 FF 19 6A B6 EF | T:2548723 RPD:1
[CH: 50] LEN: 12 | HEX: FA 76 FE E1 6C EE 95 FE EC 6C AF 75 | T:2548753 RPD:1
[CH: 50] LEN: 12 | HEX: FA 76 F4 E0 6D F4 95 FF 30 81 BD FF | T:2548783 RPD:1
[CH: 50] LEN: 12 | HEX: FA 76 FE DF 52 FE 95 FE A1 91 AE BE | T:2548813 RPD:1
[CH: 50] LEN: 12 | HEX: FE 76 FE F6 73 FA 95 D6 C2 8E AF FF | T:2548843 RPD:1
[CH: 50] LEN: 12 | HEX: FA 76 F4 FD 70 FC 95 FE B7 80 AF F9 | T:2548847 RPD:1
[CH: 50] LEN: 12 | HEX: FA 76 FE FC 71 EE 95 EF 6B 65 BF FE | T:2548850 RPD:1
[CH: 50] LEN: 12 | HEX: FA 76 FE F3 76 F6 95 F6 DD 9C BB FF | T:2548880 RPD:1
[CH: 50] LEN: 12 | HEX: F2 76 F6 FA 77 BA 95 FE 81 73 AF FF | T:2548910 RPD:1
[CH: 50] LEN: 12 | HEX: EA 76 EE F1 74 EE 95 EE F4 77 AF BF | T:2548940 RPD:1
[CH: 50] LEN: 12 | HEX: FA 76 FE F8 75 FE 95 F7 28 92 BE EF | T:2548970 RPD:1
[CH: 50] LEN: 12 | HEX: FA 76 EA E7 72 FC 95 DE 99 85 BF FF | T:2549000 RPD:1
[CH: 50] LEN: 12 | HEX: F2 76 FE F6 77 AD 95 FE C5 60 BF FF | T:2549030 RPD:1
[CH: 50] LEN: 12 | HEX: EA 76 EE F5 70 FA 95 FA 30 6E BF FF | T:2549060 RPD:1
[CH: 50] LEN: 12 | HEX: F2 76 FE E4 79 D6 95 F7 6C 8B FF FF | T:2549090 RPD:1
[CH: 50] LEN: 12 | HEX: F2 76 FD F3 74 FA 95 EF DA 72 BF BD | T:2549120 RPD:1
[CH: 50] LEN: 12 | HEX: F2 76 FD F2 7E BD 95 FD 06 97 7D D2 | T:2549150 RPD:1
[CH: 50] LEN: 12 | HEX: EA 76 F6 E9 78 FD 95 DF 73 99 AF F7 | T:2549180 RPD:1
[CH: 50] LEN: 12 | HEX: FA 76 EC F0 7D DC 95 EF AE 78 AF FB | T:2549210 RPD:1
[CH: 50] LEN: 12 | HEX: FA 76 FE EF 62 FE 95 FE 01 96 BB BE | T:2549240 RPD:1
[CH: 50] LEN: 12 | HEX: FA 76 FA EE 63 ED 95 EE 9D 73 BF FE | T:2549270 RPD:1
[CH: 50] LEN: 12 | HEX: FA 76 F6 ED 60 FE 95 EE A8 7D BF E7 | T:2549300 RPD:1
[CH: 50] LEN: 12 | HEX: F6 76 FE EC 61 FD 95 DE F4 98 AD BB | T:2549330 RPD:1
[CH: 50] LEN: 12 | HEX: F6 76 FA EB 66 EC 95 ED 42 61 BB FF | T:2549360 RPD:1
[CH: 50] LEN: 12 | HEX: FA 76 EC EA 67 EA 95 EE 9E 84 A7 FB | T:2549390 RPD:1
[CH: 50] LEN: 12 | HEX: F2 76 EA E9 64 F6 95 FE EB 8A AF FF | T:2549419 RPD:1
[CH: 50] LEN: 12 | HEX: F6 76 F6 E8 65 FC 95 F7 37 6F AF DD | T:2549449 RPD:1
[CH: 50] LEN: 12 | HEX: FA 76 F6 E7 6A FE 95 FE 86 78 AF BF | T:2549479 RPD:1
[CH: 50] LEN: 12 | HEX: F6 76 FC E6 6B BC 95 FE DA 9D BF EF | T:2549509 RPD:1
[CH: 50] LEN: 12 | HEX: F2 76 FA E5 68 EA 95 EF 2F 93 AB 7E | T:2549539 RPD:1
[CH: 50] LEN: 12 | HEX: EA 76 F6 E4 69 FD 95 EB 73 76 AF FF | T:2549569 RPD:1
[CH: 50] LEN: 12 | HEX: FA 76 FE E3 6E FE 95 FF 85 8F 2A BF | T:2549599 RPD:1
[CH: 50] LEN: 12 | HEX: EA 76 F6 E2 6F B4 95 FD 99 6A BF D7 | T:2549629 RPD:1
[CH: 50] LEN: 12 | HEX: F2 76 FE E1 6C FE 95 FF 6C 64 AD DF | T:2549659 RPD:1
[CH: 50] LEN: 12 | HEX: F2 76 FE E0 6D EE 95 EF B0 81 AD FB | T:2549689 RPD:1
[CH: 50] LEN: 12 | HEX: F2 76 FE DE 52 FE 95 FF 21 91 AF FF | T:2549719 RPD:1
[CH: 50] LEN: 12 | HEX: FA 76 F6 F4 73 DD 95 EE 42 8E AF DF | T:2549749 RPD:1
[CH: 50] LEN: 12 | HEX: FA 76 FE EB 70 F6 95 F7 77 80 BD F6 | T:2549753 RPD:1
[CH: 50] LEN: 12 | HEX: F2 76 FE EA 71 FE 95 EF EB 65 AF FF | T:2549756 RPD:1
[CH: 50] LEN: 12 | HEX: F2 76 FE EB 76 EC 95 DF 5D 9C BF DF | T:2549786 RPD:1
[CH: 50] LEN: 12 | HEX: EA 76 F6 FA 77 BA 95 FF 41 79 AF DF | T:2549816 RPD:1
[CH: 50] LEN: 12 | HEX: F2 76 FE F1 74 FE 95 FE B4 77 BF BE | T:2549846 RPD:1
[CH: 50] LEN: 12 | HEX: FA 76 F4 E8 75 FE 95 FE A8 92 AB FD | T:2549876 RPD:1
[CH: 50] LEN: 12 | HEX: FA 76 FA F7 7A FE 95 FE 99 85 AF FF | T:2549906 RPD:1
[CH: 50] LEN: 12 | HEX: F2 76 F8 F6 7B FA 95 FE 45 60 AB DE | T:2549936 RPD:1
[CH: 50] LEN: 12 | HEX: FA 76 FE E5 70 EA 95 D5 30 6E AA CE | T:2549966 RPD:1
[CH: 50] LEN: 12 | HEX: FA 76 FC F4 71 FC 95 D6 EC 8B BD FE | T:2549996 RPD:1
[CH: 50] LEN: 12 | HEX: F2 76 F6 E3 7E FE 95 EB DA 72 AE FD | T:2550026 RPD:1
[CH: 50] LEN: 12 | HEX: F2 76 F5 F2 7F AE 95 FE 86 97 AD 77 | T:2550056 RPD:1
[CH: 50] LEN: 12 | HEX: FA 76 FA F1 7C FA 95 FB 73 99 AF FF | T:2550086 RPD:1
[CH: 50] LEN: 12 | HEX: FA 76 FE F0 7D EE 95 F6 6F 78 AF BB | T:2550116 RPD:1
[CH: 50] LEN: 12 | HEX: FA 76 FC EF 62 FA 95 FF 01 96 AF FF | T:2550146 RPD:1
[CH: 50] LEN: 12 | HEX: FA 76 FE EE 63 BA 95 EF 5D 73 FB 7F | T:2550176 RPD:1
[CH: 50] LEN: 12 | HEX: F2 76 FE ED 60 FE 95 EE A8 7D AD FF | T:2550206 RPD:1
[CH: 50] LEN: 12 | HEX: FA 76 FE EC 61 FC 95 FF 74 98 BF FF | T:2550236 RPD:1
[CH: 50] LEN: 12 | HEX: FA 76 F4 EB 66 FE 95 EE 42 61 BF DF | T:2550266 RPD:1
[CH: 50] LEN: 12 | HEX: FA 76 F5 EA 67 FD 95 FF 5E 84 BF FF | T:2550296 RPD:1
[CH: 50] LEN: 12 | HEX: FA 76 F4 E9 64 FE 95 FE AB 8A AE FF | T:2550326 RPD:1
[CH: 50] LEN: 12 | HEX: FA 76 FE E8 65 EA 95 EF 37 6F 37 F7 | T:2550356 RPD:1
[CH: 50] LEN: 12 | HEX: FA 76 F4 F7 6A F4 95 EA C6 70 AD B7 | T:2550386 RPD:1
[CH: 50] LEN: 12 | HEX: FA 76 FE E6 6B EE 95 FF DA 9D BF FF | T:2550416 RPD:1
[CH: 50] LEN: 12 | HEX: F2 76 FE E5 68 FA 95 FF 2F 93 AF F7 | T:2550446 RPD:1
[CH: 50] LEN: 12 | HEX: F2 76 FA E4 69 FC 95 FF 53 76 AF FF | T:2550476 RPD:1
[CH: 50] LEN: 12 | HEX: F2 76 FC E3 6E FE 95 FF 45 8F AF DB | T:2550506 RPD:1
[CH: 50] LEN: 12 | HEX: F2 76 FA E2 6F FD 95 F7 19 6A AF DF | T:2550536 RPD:1
[CH: 50] LEN: 12 | HEX: FA 76 FE E1 6C FE 95 EF 6C 64 AF ED | T:2550566 RPD:1
[CH: 50] LEN: 12 | HEX: FA 76 EE E0 6D FE 95 EF 30 81 BD DF | T:2550595 RPD:1
[CH: 50] LEN: 12 | HEX: F2 76 F4 DF 52 FE 95 FF 21 91 BF DD | T:2550625 RPD:1
[CH: 50] LEN: 12 | HEX: FA 76 FE F6 73 A9 95 F7 42 8E BF FF | T:2550655 RPD:1
[CH: 50] LEN: 12 | HEX: FA 76 FE FB 70 FE 95 DD 36 80 BF FF | T:2550659 RPD:1
[CH: 50] LEN: 12 | HEX: FA 76 FE F4 71 FE 95 FF 6B 65 AF FF | T:2550663 RPD:1
[CH: 50] LEN: 12 | HEX: F2 76 EF FB 76 F6 95 EF 5D 9C AF FD | T:2550693 RPD:1
[CH: 50] LEN: 12 | HEX: F6 76 FE F2 77 DA 95 EE C1 79 AF FF | T:2550723 RPD:1
[CH: 50] LEN: 12 | HEX: F2 76 FA F9 74 F5 95 FE B4 77 BF 7F | T:2550753 RPD:1
[CH: 50] LEN: 12 | HEX: FA 76 FE F8 75 FD 95 FF 28 92 BB F7 | T:2550783 RPD:1
[CH: 50] LEN: 12 | HEX: FA 76 FE F7 7A F6 95 D5 19 85 AF D7 | T:2550813 RPD:1
[CH: 50] LEN: 12 | HEX: FE 76 FE F6 7B FE 95 FF 45 60 BF F7 | T:2550843 RPD:1
[CH: 50] LEN: 12 | HEX: FA 76 FA F5 78 FC 95 FF 30 6E BF FA | T:2550873 RPD:1
[CH: 50] LEN: 12 | HEX: FA 76 FA FC 79 FE 95 F7 EC 8B FF EF | T:2550903 RPD:1
[CH: 50] LEN: 12 | HEX: FA 76 FA F3 7E EA 95 F5 5A 72 B7 F7 | T:2550933 RPD:1
[CH: 50] LEN: 12 | HEX: FA 76 FE F2 7E FE 95 F7 06 97 AF FA | T:2550963 RPD:1
[CH: 50] LEN: 12 | HEX: FA 76 FE F1 7C FA 95 FF 73 99 BB DF | T:2550993 RPD:1
[CH: 50] LEN: 12 | HEX: FA 76 FE F0 7D F6 95 EF 6F 78 BD FB | T:2551023 RPD:1
[CH: 50] LEN: 12 | HEX: FA 76 FE EF 62 FE 95 FF 01 96 BF FF | T:2551053 RPD:1
[CH: 50] LEN: 12 | HEX: FA 76 FA EE 63 EE 95 AF DD 73 BF D1 | T:2551083 RPD:1
[CH: 50] LEN: 12 | HEX: FA 76 FE ED 60 FE 95 FF A8 7D BD D7 | T:2551113 RPD:0
[CH: 50] LEN: 12 | HEX: FA 76 FE EC 61 F4 95 F7 74 98 BD FF | T:2551143 RPD:0
[CH: 50] LEN: 12 | HEX: FA 76 F6 EA 67 FE 95 DE 5F 84 B6 FF | T:2551203 RPD:0
[CH: 50] LEN: 12 | HEX: EA 76 FE E8 65 FE 95 FF 37 6F 3F BF | T:2551263 RPD:0
[CH: 50] LEN: 12 | HEX: FA 76 FE E7 6A FE 95 F5 C6 78 BF EF | T:2551293 RPD:0
[CH: 50] LEN: 12 | HEX: FA 76 FE E6 6B FE 95 FF 5A 9D BF EF | T:2551323 RPD:1
[CH: 50] LEN: 12 | HEX: F2 76 F6 E5 68 F5 95 FF 2E 93 FF FD | T:2551353 RPD:1
[CH: 50] LEN: 12 | HEX: FA 76 EA E4 69 FE 95 F7 43 76 BF EF | T:2551383 RPD:1
[CH: 50] LEN: 12 | HEX: F2 76 FA E3 6E FA 95 EF 45 8F 3F FF | T:2551413 RPD:1
[CH: 50] LEN: 12 | HEX: F2 76 F5 E2 6F 5C 95 EF 19 6A AA FB | T:2551443 RPD:1
[CH: 50] LEN: 12 | HEX: FA 76 F5 E1 6C FE 95 F5 6C 64 BD FF | T:2551473 RPD:1
[CH: 50] LEN: 12 | HEX: FA 76 FE E0 6D FB 95 FF F0 81 BF FF | T:2551503 RPD:1
[CH: 50] LEN: 12 | HEX: F2 76 F4 DE 52 F4 95 EE 21 91 BF FF | T:2551533 RPD:1
[CH: 50] LEN: 12 | HEX: FA 76 FE FE 73 FE 95 FB A2 8E BD EE | T:2551563 RPD:1
[CH: 50] LEN: 12 | HEX: FA 76 FE F9 70 FE 95 FE B7 80 BF D5 | T:2551566 RPD:1
[CH: 50] LEN: 12 | HEX: EA 76 F6 F4 71 FE 95 ED 6B 65 BD 46 | T:2551570 RPD:1
[CH: 50] LEN: 12 | HEX: F2 76 FC FB 76 EA 95 FE DD 9C B7 BB | T:2551600 RPD:1
[CH: 50] LEN: 12 | HEX: FA 76 F6 FA 77 D9 95 F7 81 79 BF EF | T:2551630 RPD:1
[CH: 50] LEN: 12 | HEX: EA 76 FE F9 74 FE 95 D5 54 77 5B DF | T:2551660 RPD:1
[CH: 50] LEN: 12 | HEX: FA 76 FC F0 75 FA 95 FF 28 92 BF 37 | T:2551690 RPD:1
[CH: 50] LEN: 12 | HEX: FA 76 FE F7 7A FE 95 F7 59 85 AF DF | T:2551720 RPD:1
[CH: 50] LEN: 12 | HEX: FA 76 FE F6 7B FE 95 FF 45 60 B6 FF | T:2551750 RPD:1
[CH: 50] LEN: 12 | HEX: FA 76 FE FD 7C FE 95 D7 30 6E AD ED | T:2551780 RPD:1
[CH: 50] LEN: 12 | HEX: F2 76 FE F4 79 EE 95 F5 EC 8B BF BF | T:2551810 RPD:1
[CH: 50] LEN: 12 | HEX: F2 76 FC F3 7A FE 95 F7 BA 72 BE AF | T:2551840 RPD:1
[CH: 50] LEN: 12 | HEX: FA 7E FE F2 7F D6 95 FF 06 97 BF EF | T:2551870 RPD:1
[CH: 50] LEN: 12 | HEX: FA 76 FE F0 75 EA 95 FF 2E 74 BF FF | T:2551930 RPD:1
[CH: 50] LEN: 12 | HEX: FA 76 FE FF 62 F4 95 F6 01 96 BF F7 | T:2551960 RPD:1
[CH: 50] LEN: 12 | HEX: FA 76 FE EE 63 EE 95 F5 FD 73 BF 7F | T:2551990 RPD:1
[CH: 50] LEN: 12 | HEX: EA 76 FE ED 60 FE 95 F7 A8 79 BF FF | T:2552020 RPD:1
[CH: 50] LEN: 12 | HEX: FA 76 FE EC 61 F5 95 FF 74 98 AF FF | T:2552050 RPD:1
[CH: 50] LEN: 12 | HEX: F2 76 FA EB 66 F6 95 EA C2 61 BB FA | T:2552080 RPD:1
[CH: 50] LEN: 12 | HEX: FA 76 FE EA 67 FE 95 FF 9E 84 BF FF | T:2552110 RPD:1
[CH: 50] LEN: 12 | HEX: FA 76 FA E9 64 FA 95 FF EB 8A B7 F6 | T:2552140 RPD:1
[CH: 50] LEN: 12 | HEX: FA 76 FE E8 65 FE 95 EA 37 6F 3A FF | T:2552170 RPD:1
[CH: 50] LEN: 12 | HEX: FA 76 FE E7 6A FE 95 DD 46 78 BF 6F | T:2552200 RPD:1
[CH: 50] LEN: 12 | HEX: FA 76 FE E6 6B EE 95 F7 5A 9D BF EF | T:2552230 RPD:1
[CH: 50] LEN: 12 | HEX: FA 76 F6 E5 68 FE 95 EB 2E 93 B9 FA | T:2552260 RPD:1
[CH: 50] LEN: 12 | HEX: F2 76 FE E4 69 FE 95 FF EB 76 BD FB | T:2552290 RPD:1
[CH: 50] LEN: 12 | HEX: FA 76 FE E3 6E FE 95 F7 C5 8F BD FF | T:2552320 RPD:1
[CH: 50] LEN: 12 | HEX: FA 76 FA E2 6F FE 95 FF 19 6A AE EB | T:2552350 RPD:1
[CH: 50] LEN: 12 | HEX: FA 76 FE E1 6C FA 95 FF 6C 64 BF DF | T:2552380 RPD:1
[CH: 50] LEN: 12 | HEX: FA 76 FC E0 6D FE 95 D7 B0 81 BF 7F | T:2552410 RPD:1
[CH: 50] LEN: 12 | HEX: FA 76 F4 DF 52 FE 95 FF 21 91 BF F7 | T:2552440 RPD:1
[CH: 50] LEN: 12 | HEX: FA 76 FE FE 73 FE 95 FF C2 8E BF FF | T:2552470 RPD:1
[CH: 50] LEN: 12 | HEX: FA 76 FE FD 70 FE 95 FF B7 80 AF 7D | T:2552473 RPD:1
[CH: 50] LEN: 12 | HEX: F6 76 FE F8 71 FE 95 DF 6B 65 B7 F7 | T:2552477 RPD:1
[CH: 50] LEN: 12 | HEX: FE 76 FA F7 76 FA 95 FB 5D 9C BF FB | T:2552507 RPD:1
[CH: 50] LEN: 12 | HEX: F2 76 FE FA 77 DE 95 FF 81 79 BF C6 | T:2552537 RPD:1
[CH: 50] LEN: 12 | HEX: FA 76 FE F9 74 FE 95 FF F4 77 BF FF | T:2552567 RPD:1
[CH: 50] LEN: 12 | HEX: FA 76 FE F8 75 FE 95 FF 28 92 BF FF | T:2552597 RPD:1
[CH: 50] LEN: 12 | HEX: FA 76 FE F7 7A FE 95 FF 99 85 BF 5E | T:2552627 RPD:1
[CH: 50] LEN: 12 | HEX: F6 76 FE F6 73 FE 95 FF 45 60 BD FF | T:2552657 RPD:1
[CH: 50] LEN: 12 | HEX: FA 76 FE F5 78 FA 95 6A 30 4C B7 3F | T:2552687 RPD:1
[CH: 50] LEN: 12 | HEX: FA 76 FE F4 79 FE 95 FF EC 8B BF 7F | T:2552717 RPD:1
[CH: 50] LEN: 12 | HEX: F2 76 FE F3 7D FA 95 FF DA 72 AF FD | T:2552747 RPD:1
[CH: 50] LEN: 12 | HEX: FA 76 FE F2 7F FE 95 FF 06 97 BF 7F | T:2552777 RPD:1
[CH: 50] LEN: 12 | HEX: FA 76 FC F1 7C FE 95 FF 73 99 B7 FB | T:2552807 RPD:1
[CH: 50] LEN: 12 | HEX: F2 76 FE F0 7D FE 95 FB AF 7C BE EF | T:2552837 RPD:1
[CH: 50] LEN: 12 | HEX: FA 76 FE EF 62 FE 95 D7 01 96 BF B7 | T:2552867 RPD:1
[CH: 50] LEN: 12 | HEX: FA 76 FE EE 62 AE 95 FF DD 73 BF F6 | T:2552897 RPD:1
[CH: 50] LEN: 12 | HEX: FA 76 FA EC 61 F6 95 FF 74 98 BF FF | T:2552957 RPD:1
[CH: 50] LEN: 12 | HEX: FA 76 FE EB 66 FE 95 FF 42 61 BE DE | T:2552987 RPD:1
[CH: 50] LEN: 12 | HEX: FA 76 FE EA 67 FE 95 FB 9E 84 BA BE | T:2553017 RPD:1
[CH: 50] LEN: 12 | HEX: FA 76 FE E9 64 F4 95 FF EB 8A AF FF | T:2553047 RPD:1
[CH: 50] LEN: 12 | HEX: FA 76 F2 E8 65 FE 95 EF 37 6F BE FF | T:2553077 RPD:1
[CH: 50] LEN: 12 | HEX: FA 76 FA E7 6A EA 95 EA 86 78 AF FE | T:2553107 RPD:1
[CH: 50] LEN: 12 | HEX: FA 76 FA E6 6B FE 95 FF 5A 9D BF 7F | T:2553137 RPD:1
[CH: 50] LEN: 12 | HEX: FA 76 FE E5 68 FE 95 FF 2F 93 BD F5 | T:2553167 RPD:1
[CH: 50] LEN: 12 | HEX: FA 76 FE E4 69 FE 95 D5 EB 76 AF FF | T:2553197 RPD:1
[CH: 50] LEN: 12 | HEX: FA 7E FE E3 6E FE 95 FF C5 8F BB F1 | T:2553227 RPD:1
[CH: 50] LEN: 12 | HEX: FA 76 FE E2 6F FE 95 FF 19 6A AD BF | T:2553257 RPD:1
[CH: 50] LEN: 12 | HEX: FA 76 FE E1 6C FE 95 FF 6C 64 BF FF | T:2553287 RPD:1
[CH: 50] LEN: 12 | HEX: FA 76 FE E0 6D FE 95 FF B0 81 BF FB | T:2553317 RPD:1
[CH: 50] LEN: 12 | HEX: FA 76 FE DF 52 FE 95 FF 21 91 BF FF | T:2553347 RPD:1
[CH: 50] LEN: 12 | HEX: FA 76 FE FE 73 D6 95 F7 62 8E AF EF | T:2553377 RPD:1
[CH: 50] LEN: 12 | HEX: FA 76 FE FD 70 FE 95 FF B7 80 AF FD | T:2553380 RPD:1
[CH: 50] LEN: 12 | HEX: FA 76 FE F8 71 FE 95 FB 6B 65 BF FF | T:2553384 RPD:1
[CH: 50] LEN: 12 | HEX: FA 76 FE FB 76 FE 95 FF 5D 9C AF EA | T:2553414 RPD:1
[CH: 50] LEN: 12 | HEX: F2 76 FE FA 77 FF 95 FF 81 79 AF 7D | T:2553444 RPD:1
[CH: 50] LEN: 12 | HEX: FA 76 FE F9 74 FE 95 D5 C4 77 6F 7F | T:2553474 RPD:1
[CH: 50] LEN: 12 | HEX: F2 76 FE F8 75 FE 95 FF 28 92 BE FD | T:2553504 RPD:1
[CH: 50] LEN: 12 | HEX: FA 76 FA F7 7A FE 95 FF 99 85 BF F6 | T:2553534 RPD:1
[CH: 50] LEN: 12 | HEX: FA 76 F6 F6 7B EE 95 EA C5 60 BF DF | T:2553564 RPD:1
[CH: 50] LEN: 12 | HEX: FA 76 FC FD 78 FE 95 D5 30 6E AF 6F | T:2553594 RPD:1
[CH: 50] LEN: 12 | HEX: FA 76 FE F4 79 FE 95 FF AC 8B BB FF | T:2553624 RPD:1
[CH: 50] LEN: 12 | HEX: FE 76 FE F3 7E FE 95 EF DA 72 BD FE | T:2553654 RPD:1
[CH: 50] LEN: 12 | HEX: FA 76 FE FA 7F FA 95 FF 06 97 BD BB | T:2553684 RPD:1
[CH: 50] LEN: 12 | HEX: FA 76 FE F1 7C FE 95 FF 73 99 BF AF | T:2553714 RPD:1
[CH: 50] LEN: 12 | HEX: FA 76 FE F0 7D FE 95 D5 2E 74 B7 F7 | T:2553744 RPD:1
[CH: 50] LEN: 12 | HEX: FA 76 FE EF 62 FC 95 FF 01 96 BE FB | T:2553774 RPD:1
[CH: 50] LEN: 12 | HEX: FA 76 FE EE 63 FE 95 F7 DD 73 FF FF | T:2553804 RPD:1
[CH: 50] LEN: 12 | HEX: FA 76 FE ED 60 FA 95 F6 A8 79 BD F7 | T:2553834 RPD:1
[CH: 50] LEN: 12 | HEX: FA 76 FE EC 61 FE 95 FF 74 98 BF 7F | T:2553864 RPD:1
[CH: 50] LEN: 12 | HEX: FA 76 F6 EB 66 FE 95 FF 42 61 BF FF | T:2553894 RPD:1
[CH: 50] LEN: 12 | HEX: FA 76 FE EA 67 FE 95 EB 9D 84 B3 AD | T:2553924 RPD:1
[CH: 50] LEN: 12 | HEX: F2 76 FE E9 64 FE 95 EF 5B 8A BF D5 | T:2553954 RPD:1
[CH: 50] LEN: 12 | HEX: FA 76 FE E8 65 FE 95 FF 37 6F BB E8 | T:2553984 RPD:1
[CH: 50] LEN: 12 | HEX: FA 76 FE E7 6A EA 95 D7 06 78 AE F7 | T:2554014 RPD:1
[CH: 50] LEN: 12 | HEX: FA 76 FE E6 6B FE 95 FF 5A 9D BF 6B | T:2554044 RPD:1
[CH: 50] LEN: 12 | HEX: FA 76 FE E5 68 FE 95 EB 2E 93 AB 57 | T:2554074 RPD:1
[CH: 50] LEN: 12 | HEX: FA 76 FA E4 69 FE 95 FF D3 76 BF FF | T:2554104 RPD:1
[CH: 50] LEN: 12 | HEX: FA 76 FE E3 6E FE 95 FF C5 8F BF FB | T:2554134 RPD:1
[CH: 50] LEN: 12 | HEX: FA 76 FC E2 6F FE 95 EB 19 6A AE EF | T:2554164 RPD:1
[CH: 50] LEN: 12 | HEX: FA 76 F6 E1 6C FE 95 FF 6C 64 AF EE | T:2554194 RPD:1
[CH: 50] LEN: 12 | HEX: FA 76 FE E0 6D FE 95 EB B0 81 A3 B7 | T:2554224 RPD:1
[CH: 50] LEN: 12 | HEX: FA 76 FA DF 52 FE 95 EB A1 91 BA DF | T:2554254 RPD:1
[CH: 50] LEN: 12 | HEX: FA 76 FE FE 73 EE 95 EA C2 8E B9 7F | T:2554284 RPD:1
[CH: 50] LEN: 12 | HEX: EA 76 FE FD 70 FE 95 FF B7 00 AB FB | T:2554287 RPD:1
[CH: 50] LEN: 12 | HEX: FA 76 FE FC 71 FE 95 FE 6B 65 BF FF | T:2554291 RPD:1
[CH: 50] LEN: 12 | HEX: FA 76 FE FB 76 FE 95 FF 5D 9C AE FF | T:2554321 RPD:1
[CH: 50] LEN: 12 | HEX: FA 76 FE F6 77 BE 95 FF 81 79 BF 7F | T:2554351 RPD:1
[CH: 50] LEN: 12 | HEX: FA 76 F5 F9 74 FE 95 FF F4 77 F5 FF | T:2554381 RPD:1
[CH: 50] LEN: 12 | HEX: FA 76 FE F8 75 FE 95 FF 28 92 BF DF | T:2554411 RPD:1
[CH: 50] LEN: 12 | HEX: FA 76 F6 FF 7A FE 95 FB 99 85 AF F7 | T:2554441 RPD:1
[CH: 50] LEN: 12 | HEX: FA 76 FE F6 7B EE 95 EB 45 60 AF EF | T:2554471 RPD:1
[CH: 50] LEN: 12 | HEX: FA 76 FE F5 78 FE 95 FF 30 6E BB F7 | T:2554501 RPD:1
[CH: 50] LEN: 12 | HEX: FA 76 FE F4 79 FE 95 FF EC 8B BB EF | T:2554531 RPD:1
[CH: 50] LEN: 12 | HEX: FA 76 FE FB 7E FE 95 AB D2 62 AF FB | T:2554561 RPD:1
[CH: 50] LEN: 12 | HEX: FA 76 FE F2 7F FE 95 EF 06 97 AF BB | T:2554591 RPD:1
[CH: 50] LEN: 12 | HEX: FA 76 FE F1 7C FE 95 FF 7B 99 BF FD | T:2554621 RPD:1
[CH: 50] LEN: 12 | HEX: FA 76 FE F0 7D FE 95 EA AF 74 B7 DD | T:2554651 RPD:1
[CH: 50] LEN: 12 | HEX: FA 76 FE EF 62 FE 95 FF 01 96 AF EE | T:2554681 RPD:1
[CH: 50] LEN: 12 | HEX: FA 76 FE EE 63 FE 95 D7 DD 73 BD 7B | T:2554711 RPD:1
[CH: 50] LEN: 12 | HEX: FA 7E FC ED 60 FE 95 FF A8 7D AF FF | T:2554741 RPD:1
[CH: 50] LEN: 12 | HEX: F6 76 FD EC 61 FE 95 FF 74 98 BD FF | T:2554771 RPD:1
[CH: 50] LEN: 12 | HEX: FA 76 FE EB 66 FE 95 FF 42 61 BE FE | T:2554801 RPD:1
[CH: 50] LEN: 12 | HEX: FA 76 FE EA 67 FE 95 FF 9E 84 BB F6 | T:2554831 RPD:1
[CH: 50] LEN: 12 | HEX: EA 76 F6 E9 64 FE 95 FF EB 8A BF FF | T:2554861 RPD:1
[CH: 50] LEN: 12 | HEX: F2 76 FE E8 65 EE 95 D5 37 4E AB FD | T:2554891 RPD:1
[CH: 50] LEN: 12 | HEX: FA 76 FE E7 6A F4 95 55 06 74 BD 5D | T:2554921 RPD:1
[CH: 50] LEN: 12 | HEX: FA 76 FE E6 6B FE 95 D5 5A 9D BF 77 | T:2554951 RPD:1
[CH: 50] LEN: 12 | HEX: FE 76 FE E5 68 FE 95 FD 2F 93 BF B7 | T:2554981 RPD:1
[CH: 50] LEN: 12 | HEX: FA 76 F6 E4 69 FE 95 FF F3 76 AF AE | T:2555011 RPD:1
[CH: 50] LEN: 12 | HEX: F2 76 FE E3 6E FE 95 FF A5 8F AD FA | T:2555041 RPD:1
[CH: 50] LEN: 12 | HEX: FA 76 F6 E2 6F FE 95 FF 19 6A B7 7B | T:2555071 RPD:1
[CH: 50] LEN: 12 | HEX: FA 76 FE E1 6C F4 95 FF 6C 64 AF F7 | T:2555101 RPD:1
[CH: 50] LEN: 12 | HEX: FA 76 FE E0 6D FE 95 EF B0 81 BE FF | T:2555131 RPD:1
[CH: 50] LEN: 12 | HEX: FA 7E FE DF 52 FE 95 FF 21 91 BF AE | T:2555161 RPD:1
[CH: 50] LEN: 12 | HEX: FA 76 FA FE 73 FE 95 FF E2 8E BF BF | T:2555191 RPD:1
[CH: 50] LEN: 12 | HEX: FA 76 FE FD 70 FE 95 FF B7 80 AE FB | T:2555194 RPD:1
[CH: 50] LEN: 12 | HEX: FA 76 FE FC 71 FE 95 FF 6B 65 BB DB | T:2555198 RPD:1
[CH: 50] LEN: 12 | HEX: FA 76 FE FB 76 F6 95 FF 5D 9C AE FE | T:2555228 RPD:1
[CH: 50] LEN: 12 | HEX: FA 76 F6 FA 77 BE 95 FF 81 79 BE DF | T:2555258 RPD:1
[CH: 50] LEN: 12 | HEX: FA 76 FE F9 74 FC 95 FF F4 77 A7 FF | T:2555288 RPD:1
[CH: 50] LEN: 12 | HEX: FA 76 F6 F8 75 FE 95 F7 28 92 BF F7 | T:2555318 RPD:1
[CH: 50] LEN: 12 | HEX: BE 76 FE F7 7A FE 95 D7 99 85 AD DF | T:2555348 RPD:1
[CH: 50] LEN: 12 | HEX: F2 76 EA E6 77 D6 95 F5 45 60 AF 5B | T:2555378 RPD:1
[CH: 50] LEN: 12 | HEX: FA 76 FE F5 78 FE 95 FF 30 6E BF F9 | T:2555408 RPD:1
[CH: 50] LEN: 12 | HEX: FA 76 F6 F4 79 FC 95 FF EC 8B BF FF | T:2555438 RPD:1
[CH: 50] LEN: 12 | HEX: FA 76 FA EB 7E FE 95 EB DA 72 BF EF | T:2555468 RPD:1
[CH: 50] LEN: 12 | HEX: FA 76 FE F2 7F FE 95 FF 06 97 BF 48 | T:2555498 RPD:1
[CH: 50] LEN: 12 | HEX: FA 76 FC F1 7C FE 95 F7 73 99 AF FF | T:2555528 RPD:1
[CH: 50] LEN: 12 | HEX: FA 76 FE F0 7D FE 95 FF AF 7C BF 77 | T:2555558 RPD:1
[CH: 50] LEN: 12 | HEX: FA 76 FE EF 62 FE 95 FF 01 96 BE FE | T:2555588 RPD:1
[CH: 50] LEN: 12 | HEX: F2 76 FE EE 63 FE 95 FF DD 73 B7 7F | T:2555618 RPD:1
[CH: 50] LEN: 12 | HEX: FA 76 FE ED 60 FE 95 FF A8 7D BF FF | T:2555648 RPD:1
[CH: 50] LEN: 12 | HEX: FA 76 FE EC 61 FE 95 FF 74 98 BB F6 | T:2555678 RPD:1
[CH: 50] LEN: 12 | HEX: FA 76 FE EB 66 FC 95 FF 42 61 AF F6 | T:2555708 RPD:1
[CH: 50] LEN: 12 | HEX: F2 76 FE EA 67 F6 95 EF 9E 84 BF EF | T:2555738 RPD:1
[CH: 50] LEN: 12 | HEX: FA 76 FC E9 64 FE 95 EF DB 8A BF DF | T:2555768 RPD:1
[CH: 50] LEN: 12 | HEX: FA 76 FE E8 65 FE 95 FF 37 6F BF FF | T:2555798 RPD:1
[CH: 50] LEN: 12 | HEX: FA 76 FE E7 6A FC 95 FF 86 78 BF FB | T:2555828 RPD:1
[CH: 50] LEN: 12 | HEX: F2 76 FE E6 6B FE 95 FF 5A 9D BF FD | T:2555858 RPD:1
[CH: 50] LEN: 12 | HEX: FA 76 FE E5 68 FE 95 EA 2E 93 B7 FD | T:2555888 RPD:1
[CH: 50] LEN: 12 | HEX: FA 76 FE E4 69 FE 95 EB D3 76 BD FF | T:2555918 RPD:1
[CH: 50] LEN: 12 | HEX: FA 76 FE E3 6E FE 95 FF C5 8F BE FF | T:2555948 RPD:1
[CH: 50] LEN: 12 | HEX: F2 76 FE E2 6F FC 95 FF 19 6A BE EF | T:2555978 RPD:1
[CH: 50] LEN: 12 | HEX: FA 76 FE E1 6C FE 95 FF 6C 64 BF F5 | T:2556008 RPD:1
[CH: 50] LEN: 12 | HEX: FA 76 FE E0 6D FE 95 FF B0 81 BF FC | T:2556038 RPD:1
[CH: 50] LEN: 12 | HEX: FA 76 FE DF 52 FE 95 F5 21 91 BF EA | T:2556068 RPD:1
[CH: 50] LEN: 12 | HEX: FA 76 FE FE 73 FE 95 FF C2 8E AF 7F | T:2556098 RPD:1
[CH: 50] LEN: 12 | HEX: FA 76 F6 FD 70 FE 95 FF B7 80 AB FF | T:2556101 RPD:1
[CH: 50] LEN: 12 | HEX: FA 76 FE F8 71 FE 95 FF 6B 65 BE FF | T:2556104 RPD:1
[CH: 50] LEN: 12 | HEX: FA 76 FE FB 76 FC 95 EF 5D 9C BF FE | T:2556135 RPD:1
[CH: 50] LEN: 12 | HEX: FA 76 FE F2 77 EC 95 FF 81 79 BF FF | T:2556165 RPD:1
[CH: 50] LEN: 12 | HEX: FA 76 FE F9 74 FE 95 FF F4 77 AF BE | T:2556195 RPD:1
[CH: 50] LEN: 12 | HEX: FA 76 FE F0 75 FC 95 EF 28 92 BB FD | T:2556224 RPD:1
[CH: 50] LEN: 12 | HEX: F2 76 FE F7 7A FE 95 AA 99 85 A7 77 | T:2556254 RPD:1
[CH: 50] LEN: 12 | HEX: FA 76 FC F6 7B EE 95 FF 45 60 AF ED | T:2556284 RPD:1
[CH: 50] LEN: 12 | HEX: FA 76 FE F5 74 EC 95 AA 30 6E BD 57 | T:2556314 RPD:1
[CH: 50] LEN: 12 | HEX: FA 76 FE F4 79 FE 95 D7 4C 8B BF 6B | T:2556344 RPD:1
[CH: 50] LEN: 12 | HEX: FA 76 FC F3 76 FA 95 F7 9A 72 BB FE | T:2556374 RPD:1
[CH: 50] LEN: 12 | HEX: FA 76 FA F2 7F F5 95 FF 06 97 BF BB | T:2556404 RPD:1
[CH: 50] LEN: 12 | HEX: FA 76 FE F1 7C FE 95 FF 73 99 BE EE | T:2556434 RPD:1
[CH: 50] LEN: 12 | HEX: FA 76 FE F0 7D FE 95 FF AF 7C AF ED | T:2556464 RPD:1
[CH: 50] LEN: 12 | HEX: FA 76 FE EF 62 FE 95 EE 01 96 AF FF | T:2556494 RPD:1
[CH: 50] LEN: 12 | HEX: FA 76 FC EE 63 FE 95 FF DD 73 A5 FE | T:2556524 RPD:1
[CH: 50] LEN: 12 | HEX: FA 76 FA ED 60 FE 95 FF A8 7D AE FF | T:2556554 RPD:1
[CH: 50] LEN: 12 | HEX: FA 76 FE EC 61 FE 95 F7 74 98 BF C8 | T:2556584 RPD:1
[CH: 50] LEN: 12 | HEX: F2 76 F6 EB 66 FE 95 F7 42 61 AF FF | T:2556614 RPD:1
[CH: 50] LEN: 12 | HEX: FA 76 FE EA 67 FE 95 FF 9E 84 BF BF | T:2556644 RPD:1
[CH: 50] LEN: 12 | HEX: FA 76 FE E9 64 FE 95 FF EB 8A B7 BB | T:2556674 RPD:1
[CH: 50] LEN: 12 | HEX: FA 76 FE E8 65 FE 95 FF 37 6F BB FF | T:2556704 RPD:1
[CH: 50] LEN: 12 | HEX: FA 76 FE F6 6B FE 95 F7 5A 9D BF ED | T:2556764 RPD:1
[CH: 50] LEN: 12 | HEX: F2 76 FE E5 68 F6 95 EF 2F 93 BE FF | T:2556794 RPD:1
[CH: 50] LEN: 12 | HEX: FA 76 FE E4 69 FE 95 FB F3 76 BF 7F | T:2556824 RPD:1
[CH: 50] LEN: 12 | HEX: F2 76 FA E3 6E FA 95 FF A5 8F BE FF | T:2556854 RPD:1
[CH: 50] LEN: 12 | HEX: FA 76 FE F2 6F FE 95 FF 19 6A AE DF | T:2556884 RPD:1
[CH: 50] LEN: 12 | HEX: FA 76 FE E1 6C FE 95 EE EC 64 AF BB | T:2556914 RPD:1
[CH: 50] LEN: 12 | HEX: FA 76 FE E0 6D FE 95 EF B0 81 BF 7F | T:2556944 RPD:1
[CH: 50] LEN: 12 | HEX: FA 76 FE DF 52 F6 95 EA 21 91 BF FF | T:2556974 RPD:1
[CH: 50] LEN: 12 | HEX: FA 76 FA FE 73 DE 95 EB 42 8C BA FD | T:2557004 RPD:1
[CH: 50] LEN: 12 | HEX: FA 76 FE FD 70 FE 95 EB B7 80 B5 FA | T:2557007 RPD:1
[CH: 50] LEN: 12 | HEX: FA 76 FE FC 71 FE 95 FF 6B 65 BB FF | T:2557011 RPD:1
[CH: 50] LEN: 12 | HEX: F2 76 FE FB 76 FE 95 FF 5D 9C BF F7 | T:2557042 RPD:1
[CH: 50] LEN: 12 | HEX: F2 76 FE FA 77 DE 95 FF 81 79 BD DF | T:2557072 RPD:1
[CH: 50] LEN: 12 | HEX: FA 76 FE F9 74 FE 95 F7 D4 77 AF BF | T:2557102 RPD:1
[CH: 50] LEN: 12 | HEX: FA 76 FE E8 75 FE 95 FF 28 92 BB B7 | T:2557131 RPD:1
[CH: 50] LEN: 12 | HEX: FA 76 FE F7 7A FE 95 FF 99 85 BE FF | T:2557161 RPD:1
[CH: 50] LEN: 12 | HEX: FA 76 F4 F6 7B F5 95 FF 45 60 BB DF | T:2557191 RPD:1
[CH: 50] LEN: 12 | HEX: F6 76 FC F5 78 F4 95 D5 30 6E BF F7 | T:2557221 RPD:1
[CH: 50] LEN: 12 | HEX: FA 76 FE F4 79 FE 95 ED 4C 8B DB EB | T:2557251 RPD:1
[CH: 50] LEN: 12 | HEX: F6 76 FE F3 7E FE 95 F5 DA 72 AF DF | T:2557281 RPD:1
[CH: 50] LEN: 12 | HEX: FA 76 F5 F2 7B D4 95 FB 06 97 BB F7 | T:2557311 RPD:1
[CH: 50] LEN: 12 | HEX: FA 76 FE F1 7C FE 95 FF 73 99 B5 7E | T:2557341 RPD:1
[CH: 50] LEN: 12 | HEX: FA 76 FE F0 7D FA 95 FF AF 7C BE FF | T:2557371 RPD:1
[CH: 50] LEN: 12 | HEX: FA 76 FE EF 62 F5 95 FF 01 96 BF FE | T:2557401 RPD:1
[CH: 50] LEN: 12 | HEX: FA 76 FE EE 63 FE 95 FF DD 7B BF FF | T:2557431 RPD:1
[CH: 50] LEN: 12 | HEX: FA 76 FE ED 60 FE 95 DF 28 79 B7 FB | T:2557461 RPD:1
[CH: 50] LEN: 12 | HEX: FA 76 FE EC 61 FE 95 FF 74 98 BE FF | T:2557491 RPD:1
[CH: 50] LEN: 12 | HEX: FA 76 FE EB 66 FC 95 D7 42 61 AF DD | T:2557521 RPD:1
[CH: 50] LEN: 12 | HEX: FA 76 FE EA 67 BE 95 FF 9F 84 BF F7 | T:2557551 RPD:1
[CH: 50] LEN: 12 | HEX: FA 76 FE E9 64 FE 95 D7 CB 8A AE 9D | T:2557581 RPD:1
[CH: 50] LEN: 12 | HEX: FA 76 FE E8 65 FE 95 F7 37 6F BF FF | T:2557611 RPD:1
[CH: 50] LEN: 12 | HEX: FA 76 FE E7 6A F6 95 EB 86 70 B7 AB | T:2557641 RPD:1
[CH: 50] LEN: 12 | HEX: F2 76 F6 E6 6B EE 95 EB 5A 99 AB FD | T:2557671 RPD:1
[CH: 50] LEN: 12 | HEX: FA 76 FE E5 68 FE 95 FF 2F 93 BD 77 | T:2557701 RPD:1
[CH: 50] LEN: 12 | HEX: FA 76 FA E4 69 FE 95 EF A3 76 AF FF | T:2557731 RPD:1
[CH: 50] LEN: 12 | HEX: FA 76 FC E3 6E FE 95 FF C5 8F FF FF | T:2557761 RPD:1
[CH: 50] LEN: 12 | HEX: FA 76 FE E2 6E FE 95 FF 19 6A AC FE | T:2557791 RPD:1
[CH: 50] LEN: 12 | HEX: FA 76 FE E1 6C FE 95 FF 6C 64 AB DF | T:2557821 RPD:1
[CH: 50] LEN: 12 | HEX: FA 76 FE E0 6D FE 95 EF B0 81 AF 6B | T:2557851 RPD:1
[CH: 50] LEN: 12 | HEX: EA 76 FA DF 52 F4 95 AA 21 91 BF BF | T:2557881 RPD:1
[CH: 50] LEN: 12 | HEX: FA 76 FE FE 73 FE 95 F7 C2 8E AF DF | T:2557911 RPD:1
[CH: 50] LEN: 12 | HEX: FA 76 FE FD 70 F6 95 FF B7 80 BD FF | T:2557914 RPD:1
[CH: 50] LEN: 12 | HEX: FA 76 FE FC 71 FE 95 FF 6B 65 BB FF | T:2557918 RPD:1
[CH: 50] LEN: 12 | HEX: FA 76 FE FB 76 FE 95 FF 5D 9C BE FF | T:2557949 RPD:1
[CH: 50] LEN: 12 | HEX: FA 76 FE FA 77 FE 95 EB 81 79 B6 FB | T:2557979 RPD:1
[CH: 50] LEN: 12 | HEX: FA 76 FE F1 74 FE 95 FF F4 77 AF FF | T:2558009 RPD:1
[CH: 50] LEN: 12 | HEX: FA 66 FE F8 75 FE 95 FF 28 92 BF FB | T:2558039 RPD:1
[CH: 50] LEN: 12 | HEX: FA 76 FE F7 7E FE 95 FF 99 85 BF FE | T:2558068 RPD:1
[CH: 50] LEN: 12 | HEX: FA 76 F6 F6 7F F6 95 FF 45 60 BB FD | T:2558098 RPD:1
[CH: 50] LEN: 12 | HEX: FA 76 F6 F5 78 EA 95 EB 30 6E BD BF | T:2558128 RPD:1
[CH: 50] LEN: 12 | HEX: FA 76 FE F4 79 FE 95 FF EC 8B BE FD | T:2558159 RPD:1
[CH: 50] LEN: 12 | HEX: FA 76 FC F3 7E FE 95 FF 9A 6A BA FF | T:2558188 RPD:1
[CH: 50] LEN: 12 | HEX: FA 76 F6 F2 7D F9 95 FF 06 97 BF FF | T:2558218 RPD:1
[CH: 50] LEN: 12 | HEX: FA 76 FE F1 7C FE 95 FF 73 99 BF EF | T:2558248 RPD:1
[CH: 50] LEN: 12 | HEX: FA 76 FE F0 79 FA 95 FF AF 7C BB FA | T:2558278 RPD:1
[CH: 50] LEN: 12 | HEX: FA 76 FE EE E2 FE 95 FB 01 96 BD 6F | T:2558308 RPD:1
[CH: 50] LEN: 12 | HEX: FA 76 FE EE 63 FE 95 F7 DD 73 BF FF | T:2558338 RPD:1
[CH: 50] LEN: 12 | HEX: FA 76 FE ED 60 FE 95 FF A8 7D AB AD | T:2558368 RPD:1
[CH: 50] LEN: 12 | HEX: FA 76 FC EC 61 EE 95 FF 74 98 BD 7F | T:2558398 RPD:1
[CH: 50] LEN: 12 | HEX: FA 76 F6 EB 66 F6 95 FF 42 61 BF FF | T:2558428 RPD:1
[CH: 50] LEN: 12 | HEX: FA 76 FE EA 67 FE 95 FF 9E 84 AB F7 | T:2558458 RPD:1
[CH: 50] LEN: 12 | HEX: FA 76 FC E9 64 FC 95 FF DB 8A B5 EF | T:2558488 RPD:1
[CH: 50] LEN: 12 | HEX: FA 76 FA E8 65 FE 95 DF 37 6F 3F BF | T:2558518 RPD:1
[CH: 50] LEN: 12 | HEX: FA 76 FE E7 6A FA 95 D5 86 78 B7 FF | T:2558548 RPD:1
[CH: 50] LEN: 12 | HEX: F2 7E FE E6 6B FE 95 FF 5A 9D BF FF | T:2558578 RPD:1
[CH: 50] LEN: 12 | HEX: FA 76 FA E5 68 FE 95 F5 2F 93 BB FE | T:2558608 RPD:1
[CH: 50] LEN: 12 | HEX: FA 76 FE E4 69 FE 95 FF F3 76 BF FF | T:2558638 RPD:1
[CH: 50] LEN: 12 | HEX: FA 76 FE E3 6E FE 95 FF C5 8F BB FD | T:2558668 RPD:1
[CH: 50] LEN: 12 | HEX: FA 76 FE E2 6F FE 95 FF 19 6A AF 5D | T:2558698 RPD:1
[CH: 50] LEN: 12 | HEX: FA 76 FE E1 6C FA 95 FF 6C 64 BD 6F | T:2558728 RPD:1
[CH: 50] LEN: 12 | HEX: FA 76 FE E0 6D FE 95 FF B0 81 B7 FE | T:2558758 RPD:1
[CH: 50] LEN: 12 | HEX: FA 76 FE DF 52 FE 95 FF 21 91 BF DF | T:2558788 RPD:1
[CH: 50] LEN: 12 | HEX: FA 76 FE FE 73 FE 95 EF C2 8E BD D7 | T:2558818 RPD:1
[CH: 50] LEN: 12 | HEX: FA 76 FE FD 70 FE 95 FD B7 80 AB DF | T:2558822 RPD:1
[CH: 50] LEN: 12 | HEX: FA 76 FE FC 71 FE 95 F5 6B 65 AF 2D | T:2558826 RPD:1
[CH: 50] LEN: 12 | HEX: FA 76 F4 FB 76 FE 95 FF 5D 9C BB CF | T:2558856 RPD:1
[CH: 50] LEN: 12 | HEX: FA 76 FE F2 77 FE 95 FF 81 79 BF F7 | T:2558886 RPD:1
[CH: 50] LEN: 12 | HEX: FA 76 FE F9 74 FE 95 D5 F4 77 A7 FF | T:2558916 RPD:1
[CH: 50] LEN: 12 | HEX: FA 76 FE F8 75 FE 95 D7 28 92 AB BF | T:2558946 RPD:1
[CH: 50] LEN: 12 | HEX: FA 76 F6 F7 7A FE 95 F7 99 85 AE B7 | T:2558976 RPD:1
[CH: 50] LEN: 12 | HEX: FA 76 EA F6 7B FE 95 D5 45 60 AF 7E | T:2559006 RPD:1
[CH: 50] LEN: 12 | HEX: FA 76 FE FD 78 FA 95 D7 30 6E BB 76 | T:2559035 RPD:1
[CH: 50] LEN: 12 | HEX: FA 76 FE F4 7D FA 95 FF EC 8B BB B5 | T:2559066 RPD:1
[CH: 50] LEN: 12 | HEX: FA 76 FE F3 7E F6 95 F7 DA 72 BE BF | T:2559095 RPD:1
[CH: 50] LEN: 12 | HEX: FA 76 FE F2 7F F5 95 FF 06 97 BE BD | T:2559125 RPD:1
[CH: 50] LEN: 12 | HEX: FA 76 FA F1 7C FA 95 FF 73 99 BF DF | T:2559155 RPD:1
[CH: 50] LEN: 12 | HEX: FA 76 FE F0 7D FE 95 D7 AE 74 B7 F7 | T:2559185 RPD:1
[CH: 50] LEN: 12 | HEX: FA 76 FA EF 62 FA 95 EA 01 16 AF AE | T:2559215 RPD:1
[CH: 50] LEN: 12 | HEX: FA 76 FE EE 63 FE 95 F7 DD 73 AF 9F | T:2559245 RPD:1
[CH: 50] LEN: 12 | HEX: FA 76 FE ED 60 FE 95 FF A8 7D AE BB | T:2559275 RPD:1
[CH: 50] LEN: 12 | HEX: FA 76 FE EC 61 EA 95 FF 74 98 BD FF | T:2559305 RPD:1
[CH: 50] LEN: 12 | HEX: FA 76 FE EB 66 F4 95 FD 42 61 AF F7 | T:2559335 RPD:1
[CH: 50] LEN: 12 | HEX: FA 76 FE EA 67 FE 95 FF 9E 84 AD FB | T:2559365 RPD:1
[CH: 50] LEN: 12 | HEX: FA 76 FE E9 64 FE 95 FF EB 8A AB BF | T:2559395 RPD:1
[CH: 50] LEN: 12 | HEX: FA 76 FA E8 65 FE 95 FF 37 6F BF FF | T:2559425 RPD:1
[CH: 50] LEN: 12 | HEX: FA 76 F4 E7 6A EA 95 57 86 78 AF DD | T:2559455 RPD:1
[CH: 50] LEN: 12 | HEX: F2 76 FE E6 6B DE 95 FF 5A 9D BF EE | T:2559485 RPD:1
[CH: 50] LEN: 12 | HEX: FA 76 FE E5 68 FE 95 F7 2F 93 A7 7D | T:2559515 RPD:1
[CH: 50] LEN: 12 | HEX: F2 76 F6 E4 69 FD 95 F7 53 76 BF EB | T:2559545 RPD:1
[CH: 50] LEN: 12 | HEX: FA 76 FA E3 6E FC 95 FE 85 8F AF DF | T:2559575 RPD:1
[CH: 50] LEN: 12 | HEX: FA 76 FA E2 6F 74 95 FB 19 6A BD FF | T:2559605 RPD:1
[CH: 50] LEN: 12 | HEX: FA 76 F6 E1 6C FE 95 FF 6C 64 AD FF | T:2559635 RPD:1
[CH: 50] LEN: 12 | HEX: FA 76 FE E0 6D FE 95 FF B0 81 BD FF | T:2559665 RPD:1
[CH: 50] LEN: 12 | HEX: FA 76 F4 DE 52 F4 95 FF 21 91 AD FE | T:2559695 RPD:1
[CH: 50] LEN: 12 | HEX: FA 76 FC FC 73 FE 95 D7 82 8E BF 59 | T:2559725 RPD:1
[CH: 50] LEN: 12 | HEX: FA 76 FC FD 70 FE 95 FF B7 80 AF FE | T:2559729 RPD:1
[CH: 50] LEN: 12 | HEX: FA 76 FE FC 71 FC 95 FF 6B 65 BD 7B | T:2559733 RPD:1
[CH: 50] LEN: 12 | HEX: FA 76 FC FB 76 FE 95 FF 5D 9C BE FF | T:2559763 RPD:1
[CH: 50] LEN: 12 | HEX: F2 76 F4 F2 77 D4 95 EB 81 79 AF DD | T:2559793 RPD:1
[CH: 50] LEN: 12 | HEX: F2 76 FA F1 74 FD 95 FD 74 77 AF FF | T:2559823 RPD:1
[CH: 50] LEN: 12 | HEX: FA 76 FC E8 75 FD 95 FD 28 92 B5 DF | T:2559853 RPD:1
[CH: 50] LEN: 12 | HEX: F2 76 F6 E7 7A FC 95 FD 19 85 AF EF | T:2559883 RPD:1
[CH: 50] LEN: 12 | HEX: FA 76 EE E6 73 FA 95 DF 45 60 AF DB | T:2559913 RPD:1
[CH: 50] LEN: 12 | HEX: FA 76 FE F5 78 EC 95 FF 30 6E AF 57 | T:2559943 RPD:1
[CH: 50] LEN: 12 | HEX: EA 76 EA F4 71 FD 95 FD 6C 8B BA DD | T:2559973 RPD:1
[CH: 50] LEN: 12 | HEX: FA 76 FC E3 7A FE 95 DE DA 72 BE EF | T:2560003 RPD:1
[CH: 50] LEN: 12 | HEX: FA 76 FE F2 77 7C 95 FA 06 97 37 FF | T:2560033 RPD:1
[CH: 50] LEN: 12 | HEX: FA 76 FD F1 7A FD 95 DF 73 99 BF EF | T:2560063 RPD:1
[CH: 50] LEN: 12 | HEX: FA 76 F6 F8 7D FA 95 FD AF F4 AF EB | T:2560093 RPD:1
[CH: 50] LEN: 12 | HEX: FA 7E FD EF 62 FD 95 DF 01 96 BB 7F | T:2560123 RPD:1
[CH: 50] LEN: 12 | HEX: FA 76 ED EE 63 F6 95 FD DD 73 BF FF | T:2560153 RPD:1
[CH: 50] LEN: 12 | HEX: FA 76 ED ED 60 FA 95 FB A8 75 AF FF | T:2560182 RPD:1
[CH: 50] LEN: 12 | HEX: F2 76 FD EC 61 EE 95 FB 74 98 AD BF | T:2560212 RPD:1
[CH: 50] LEN: 12 | HEX: EA 76 ED EB 66 ED 95 DB 42 61 AF F7 | T:2560242 RPD:1
[CH: 50] LEN: 12 | HEX: F2 76 FD E9 64 FD 95 FB EB 8A B7 FF | T:2560302 RPD:1
[CH: 50] LEN: 12 | HEX: EA 76 ED E8 65 DA 95 DB 37 6F AE A5 | T:2560332 RPD:1
[CH: 50] LEN: 12 | HEX: FA 76 EE E7 6A FC 95 FD 86 70 AF DD | T:2560362 RPD:1
[CH: 50] LEN: 12 | HEX: EA 76 EE D6 6B F6 95 DB 5A 9D BF F5 | T:2560392 RPD:1
[CH: 50] LEN: 12 | HEX: DA 76 EE E5 68 FA 95 FF 2F 93 BF F7 | T:2560422 RPD:1
[CH: 50] LEN: 12 | HEX: EA 76 EE E4 69 F6 95 EF E3 76 AF FB | T:2560452 RPD:1
[CH: 50] LEN: 12 | HEX: F2 76 ED E3 6E DD 95 FD C5 8F AF FE | T:2560482 RPD:1
[CH: 50] LEN: 12 | HEX: FA 76 FA C2 6D FF 95 F5 19 6A BD EF | T:2560512 RPD:1
[CH: 50] LEN: 12 | HEX: FA 76 EE E1 6C EE 95 DE 6C 64 BD DF | T:2560542 RPD:1
[CH: 50] LEN: 12 | HEX: EA 6E FD E0 6D FA 95 F7 B0 81 AF EF | T:2560572 RPD:1
[CH: 50] LEN: 12 | HEX: F2 7B FD 00 81 EE 95 FE AF 75 BD FB | T:2560786 RPD:1
[CH: 50] LEN: 12 | HEX: F2 7B AF 00 81 EE 95 FF 6F 6B AB FD | T:2560787 RPD:1
[CH: 50] LEN: 12 | HEX: F5 77 D6 FE F4 70 95 FE 76 7D 2F DE | T:2560817 RPD:1
[CH: 50] LEN: 12 | HEX: F9 77 FD F9 FE 73 95 D5 41 D1 AB FA | T:2560820 RPD:1
[CH: 50] LEN: 12 | HEX: ED 77 74 FE EA 70 95 FE F6 7F BB CF | T:2560823 RPD:1
[CH: 50] LEN: 12 | HEX: F9 77 AB FD F4 73 95 FE C1 ED BF CB | T:2560835 RPD:1
[CH: 50] LEN: 12 | HEX: F1 77 F4 EE EC 70 95 FE 76 7F 7F FD | T:2560835 RPD:0
[CH: 50] LEN: 12 | HEX: ED 77 FD F9 FE 73 95 DF C1 FD BF 9A | T:2560846 RPD:1
[CH: 50] LEN: 12 | HEX: F5 77 F4 F6 F6 70 95 DD 76 75 3F FE | T:2560858 RPD:1
[CH: 50] LEN: 12 | HEX: F9 77 FC FD FF 73 95 EF C1 FD BF FE | T:2560858 RPD:0
[CH: 50] LEN: 12 | HEX: F5 77 F6 F6 ED 70 95 DF 76 7F 6F 7F | T:2560869 RPD:1
[CH: 50] LEN: 12 | HEX: E9 77 76 EE FD 70 95 DF 76 7F 6F EB | T:2560869 RPD:0
[CH: 50] LEN: 12 | HEX: E9 77 BE FD FD 73 95 EE C1 FB AE FF | T:2560881 RPD:1
[CH: 50] LEN: 12 | HEX: F1 77 BE FD F6 70 95 FA 76 77 AE EF | T:2560881 RPD:0
[CH: 50] LEN: 12 | HEX: E9 77 EE FD FA 73 95 DB C1 DD AF FF | T:2560892 RPD:1
[CH: 50] LEN: 12 | HEX: E9 77 EE FD EF 70 95 DF 76 77 AF BF | T:2560904 RPD:1
[CH: 50] LEN: 12 | HEX: F9 77 7E FD FD 70 95 DF 76 77 AF EF | T:2560904 RPD:0
[CH: 50] LEN: 12 | HEX: E9 77 EE EE EE 70 95 FB 76 76 AD FE | T:2560915 RPD:1
[CH: 50] LEN: 12 | HEX: E9 7F 56 ED FA 73 D5 FB C1 DF AF FD | T:2560915 RPD:0
[CH: 50] LEN: 12 | HEX: D9 6F 7E ED BA 73 D5 D7 E1 BB AF FF | T:2560927 RPD:1
[CH: 50] LEN: 12 | HEX: E9 77 EE FD DC 73 D5 DF E1 F9 AB FE | T:2560938 RPD:1
[CH: 50] LEN: 12 | HEX: D9 77 EE DE EE 78 95 FB 76 7E BF EA | T:2560938 RPD:0
[CH: 50] LEN: 12 | HEX: E9 6F 5E FD DE 73 95 D7 C1 F9 AF FE | T:2560950 RPD:1
[CH: 50] LEN: 12 | HEX: F1 77 6E ED FE 73 95 FD C1 FB BD FE | T:2560950 RPD:0
[CH: 50] LEN: 12 | HEX: E9 77 EE ED FD 70 95 DD 76 77 AB DA | T:2560961 RPD:1
[CH: 50] LEN: 12 | HEX: F9 77 7E F9 FA 6B 95 DD C1 FB AF AF | T:2560961 RPD:0
[CH: 50] LEN: 12 | HEX: F9 7F FE FD FD 78 95 DF 76 7E BF 7F | T:2560973 RPD:1
[CH: 50] LEN: 12 | HEX: F9 67 7E DE ED 70 95 DF 76 77 BB FF | T:2560984 RPD:1
[CH: 50] LEN: 12 | HEX: F1 77 EE ED FA 73 95 FB C1 FD AF BF | T:2560984 RPD:0
[CH: 50] LEN: 12 | HEX: F9 77 F6 FF FF 70 95 FA 76 75 2F BE | T:2560995 RPD:1
[CH: 50] LEN: 12 | HEX: F5 77 6E ED ED 70 95 DD 76 7E AF EF | T:2560996 RPD:0
[CH: 50] LEN: 12 | HEX: E9 77 6A FD FA 73 95 EF C1 DD AF F7 | T:2561007 RPD:1
[CH: 50] LEN: 12 | HEX: F5 77 F6 EC FD 70 95 FA 76 7B 6F FF | T:2561018 RPD:1
[CH: 50] LEN: 12 | HEX: F9 77 76 ED ED 73 95 FA C1 FB AF FE | T:2561019 RPD:0
[CH: 50] LEN: 12 | HEX: E9 77 F6 ED ED 70 95 DB 76 7F 6F BF | T:2561030 RPD:1
[CH: 50] LEN: 12 | HEX: F1 77 FA FD F6 70 95 F7 76 7B EF 56 | T:2561030 RPD:0
[CH: 50] LEN: 12 | HEX: F9 77 BE F5 ED 73 95 FD 41 ED AE FE | T:2561041 RPD:1
[CH: 50] LEN: 12 | HEX: F5 77 F6 FC EC 70 95 FD 76 7F BE BF | T:2561053 RPD:1
[CH: 50] LEN: 12 | HEX: F9 77 DE FD FE 73 95 D4 41 A9 AF AF | T:2561053 RPD:0
[CH: 50] LEN: 12 | HEX: F9 77 DE FD FE 73 95 FF 41 FD AB FE | T:2561064 RPD:1
[CH: 50] LEN: 12 | HEX: F1 77 F4 FD DD 73 95 EF 41 F9 BF FF | T:2561065 RPD:0
[CH: 50] LEN: 12 | HEX: F1 77 7E EE F4 70 95 FD F6 7B 3F FF | T:2561076 RPD:1
[CH: 50] LEN: 12 | HEX: F9 77 F4 FD FE 73 95 FF C1 FD BB FD | T:2561076 RPD:0
[CH: 50] LEN: 12 | HEX: F9 77 B5 FE FE 70 95 EE 76 7F 3F D6 | T:2561087 RPD:1
[CH: 50] LEN: 12 | HEX: F9 77 FE FD FE 73 95 DA 01 D5 BF EF | T:2561099 RPD:1
[CH: 50] LEN: 12 | HEX: F1 77 DD FE FE 70 95 FF 76 7F ED D7 | T:2561099 RPD:1
[CH: 50] LEN: 12 | HEX: E9 77 7B FD EE 73 95 D5 01 A9 AA DB | T:2561110 RPD:1
[CH: 50] LEN: 12 | HEX: F9 77 FE FE FE 70 95 FF 76 7F AB BE | T:2561111 RPD:0
[CH: 50] LEN: 12 | HEX: F1 77 FE FD FE 73 95 FD A1 FD AE BD | T:2561122 RPD:1
[CH: 50] LEN: 12 | HEX: F1 77 FE E9 FE 70 95 FE F6 7F BF EF | T:2561133 RPD:1
[CH: 50] LEN: 12 | HEX: F1 77 F5 FD FE 73 95 FF 61 DD BF EF | T:2561133 RPD:0
[CH: 50] LEN: 12 | HEX: F9 77 BB FE FE 70 95 FF 76 7F B5 BF | T:2561145 RPD:1
[CH: 50] LEN: 12 | HEX: F1 77 7A F4 FD 70 95 FF 76 7F 2F B7 | T:2561145 RPD:0
[CH: 50] LEN: 12 | HEX: F9 77 FD F9 EC 73 95 EB 41 FD AB DF | T:2561156 RPD:1
[CH: 50] LEN: 12 | HEX: F1 77 FE FE FE 70 95 ED 76 7F 37 FF | T:2561157 RPD:0
[CH: 50] LEN: 12 | HEX: F1 77 BA FD FE 73 95 F7 81 FD BE FF | T:2561168 RPD:1
[CH: 50] LEN: 12 | HEX: F9 77 F4 FE F6 70 95 FF 76 7F B6 FF | T:2561179 RPD:1
[CH: 50] LEN: 12 | HEX: F9 77 D6 F9 FE 73 95 D5 21 D5 AE BB | T:2561179 RPD:0
[CH: 50] LEN: 12 | HEX: F1 77 FE FE F6 70 95 D5 76 7A AF FD | T:2561191 RPD:1
[CH: 50] LEN: 12 | HEX: F1 77 FE F9 FE 73 95 F5 81 FD AD DE | T:2561191 RPD:0
[CH: 50] LEN: 12 | HEX: F9 77 FE FE FE 70 95 FF 76 7F FF BB | T:2561202 RPD:1
[CH: 50] LEN: 12 | HEX: F1 77 BD FD FE 73 95 EF C1 F5 BF F4 | T:2561214 RPD:1
[CH: 50] LEN: 12 | HEX: F9 77 FE FE FE 70 95 FF 76 7D 3F FF | T:2561214 RPD:0
[CH: 50] LEN: 12 | HEX: E9 77 DA FD F6 73 95 ED 61 E9 BD FE | T:2561225 RPD:1
[CH: 50] LEN: 12 | HEX: F9 77 FE FD FE 73 95 FF A1 FD BE 7B | T:2561225 RPD:0
[CH: 50] LEN: 12 | HEX: F1 77 BD FE FE 70 95 FE 76 7F AF F7 | T:2561237 RPD:1
[CH: 50] LEN: 12 | HEX: F9 77 FE F5 FE 73 95 F7 C1 FD BD DF | T:2561248 RPD:1
[CH: 50] LEN: 12 | HEX: F1 77 DE FE FE 70 95 FF 76 7F AF EA | T:2561248 RPD:0
[CH: 50] LEN: 12 | HEX: F9 77 FE FD FE 73 95 FF C1 FD BF F7 | T:2561259 RPD:1
[CH: 50] LEN: 12 | HEX: F9 77 FE FE FE 70 95 FF 76 7F AB EF | T:2561260 RPD:0
[CH: 50] LEN: 12 | HEX: F1 77 FD FD FE 73 95 FB C1 F5 BF EE | T:2561271 RPD:1
[CH: 50] LEN: 12 | HEX: F9 77 FC FE FE 70 95 FF 76 7F AF 7F | T:2561271 RPD:0
[CH: 50] LEN: 12 | HEX: F9 77 FE FD FE 73 95 FF C1 FD AF B7 | T:2561283 RPD:1
[CH: 50] LEN: 12 | HEX: F9 77 AE AA AA 70 95 D7 76 75 AF FA | T:2561294 RPD:1
[CH: 50] LEN: 12 | HEX: F1 77 FE FD FA 73 95 FF C1 FD BB B7 | T:2561294 RPD:0
[CH: 50] LEN: 12 | HEX: F9 77 FE FE FE 70 95 FF 76 7F AF 7F | T:2561305 RPD:1
[CH: 50] LEN: 12 | HEX: E9 77 FE FE FE 70 95 FF 76 7F AA FF | T:2561306 RPD:1
[CH: 50] LEN: 12 | HEX: F9 77 FE F9 FE 73 95 FF C1 FD BE F7 | T:2561317 RPD:1
[CH: 50] LEN: 12 | HEX: E9 77 5E F5 D6 63 95 AE 01 D5 BE F7 | T:2561328 RPD:1
[CH: 50] LEN: 12 | HEX: F9 77 FE FE FE 70 95 FF 76 7F BF DB | T:2561329 RPD:0
[CH: 50] LEN: 12 | HEX: F9 77 FE FD F6 73 95 75 C1 E9 AF DB | T:2561340 RPD:1
[CH: 50] LEN: 12 | HEX: F5 77 FE F5 FE 73 95 F7 C1 ED BF DF | T:2561340 RPD:0
[CH: 50] LEN: 12 | HEX: F9 77 FE FE FE 70 95 FF 76 7F AE F7 | T:2561351 RPD:1
[CH: 50] LEN: 12 | HEX: F9 77 FE FD FE 73 95 FF C1 DD BF BF | T:2561352 RPD:0
[CH: 50] LEN: 12 | HEX: F9 77 FE FE FE 70 95 EF 76 7F AD FF | T:2561363 RPD:1
[CH: 50] LEN: 12 | HEX: F1 77 FE FD FE 73 95 AA 81 55 AF F5 | T:2561374 RPD:1
[CH: 50] LEN: 12 | HEX: F9 77 FE FE FE 70 95 FF 76 7F BD ED | T:2561375 RPD:0
[CH: 50] LEN: 12 | HEX: F9 77 FE FD FE 73 95 FF C1 FD BF E8 | T:2561386 RPD:1
[CH: 50] LEN: 12 | HEX: F5 77 FE FE FE 70 95 FD 76 7F BF DB | T:2561386 RPD:0
[CH: 50] LEN: 12 | HEX: F9 77 FE F9 FE 73 95 FF C1 E9 AF AF | T:2561397 RPD:1
[CH: 50] LEN: 12 | HEX: F5 77 FE FE FE 70 95 FF 76 7F AE FF | T:2561409 RPD:1
[CH: 50] LEN: 12 | HEX: F9 77 FE FD FE 73 95 FF C1 FD BF FB | T:2561409 RPD:0
[CH: 50] LEN: 12 | HEX: F9 77 FE FE FE 70 95 FF 76 7F AF FF | T:2561420 RPD:1
[CH: 50] LEN: 12 | HEX: F9 77 FE FE FE 70 95 FF 76 7F BF FB | T:2561421 RPD:0
[CH: 50] LEN: 12 | HEX: F1 77 FE F5 EE 73 95 AF C1 D1 AF 7F | T:2561432 RPD:1
[CH: 50] LEN: 12 | HEX: F9 77 FE FE FE 70 95 FF 76 7F BF F7 | T:2561443 RPD:1
[CH: 50] LEN: 12 | HEX: F9 77 FE FD FE 73 95 D7 C1 E9 AB BF | T:2561443 RPD:0
[CH: 50] LEN: 12 | HEX: F1 77 DE F4 FE 70 95 FF 76 7F BF EE | T:2561455 RPD:1
[CH: 50] LEN: 12 | HEX: FD 77 FE FD FE 73 95 FF C1 FD BF FD | T:2561455 RPD:0
[CH: 50] LEN: 12 | HEX: F9 77 FE FE FC 70 95 FF 76 7F BF FD | T:2561466 RPD:1
[CH: 50] LEN: 12 | HEX: F9 77 FE FD FE 73 95 FF C1 FD BD BF | T:2561466 RPD:0
[CH: 50] LEN: 12 | HEX: F9 77 FE FE FE 70 95 FF 76 7F 2F EF | T:2561478 RPD:1
[CH: 50] LEN: 12 | HEX: F9 77 DE FD F6 73 95 F7 61 FD AF 86 | T:2561489 RPD:1
[CH: 50] LEN: 12 | HEX: F9 77 FE FE FC 70 95 FF 76 7F BE FF | T:2561489 RPD:0
[CH: 50] LEN: 12 | HEX: F1 77 FE F9 EA 73 95 FF C1 FD BD DF | T:2561501 RPD:1
[CH: 50] LEN: 12 | HEX: F5 77 BE FD FE 73 95 D7 A1 D5 BD EF | T:2561501 RPD:0
[CH: 50] LEN: 12 | HEX: F9 77 FE FE FE 70 95 FF 76 7B BB DD | T:2561512 RPD:1
[CH: 50] LEN: 12 | HEX: F9 77 FE F9 FE 73 95 FF C1 FD AF F7 | T:2561523 RPD:1
[CH: 50] LEN: 12 | HEX: F9 77 DE FC FE 70 95 FF 76 7F AF 7F | T:2561524 RPD:0
[CH: 50] LEN: 12 | HEX: F1 77 FE FE FA 70 95 F5 76 7F 2A EF | T:2561535 RPD:1
[CH: 50] LEN: 12 | HEX: F9 77 FE FE FE 70 95 FF 76 7F AD 5D | T:2561535 RPD:0
[CH: 50] LEN: 12 | HEX: FB 77 FE FD FE 73 95 56 01 AD B7 DD | T:2561547 RPD:1
[CH: 50] LEN: 12 | HEX: F9 77 FE FE F6 70 95 EB 76 6A BF FB | T:2561547 RPD:0
[CH: 50] LEN: 12 | HEX: F1 77 FE FD FE 73 95 EF 81 D5 AF EF | T:2561558 RPD:1
[CH: 50] LEN: 12 | HEX: F9 77 FD FE FA 70 95 FF 76 7F AF F7 | T:2561569 RPD:1
[CH: 50] LEN: 12 | HEX: F9 77 FF FD FE 73 95 FB C1 FD AF FF | T:2561570 RPD:0
[CH: 50] LEN: 12 | HEX: F9 77 FE FE FE 70 95 FF 76 7F AD FB | T:2561581 RPD:1
[CH: 50] LEN: 12 | HEX: F9 77 EE FE FE 70 95 FB 76 7F AE FF | T:2561581 RPD:0
[CH: 50] LEN: 12 | HEX: F9 77 FE FD FE 73 95 EA C1 D5 BD EF | T:2561593 RPD:1
[CH: 50] LEN: 12 | HEX: F9 77 F6 FD FE 73 95 FF C1 FD BB FE | T:2561604 RPD:1
[CH: 50] LEN: 12 | HEX: F9 77 D4 F6 FE 70 95 FE 76 7F BE DF | T:2561604 RPD:0
[CH: 50] LEN: 12 | HEX: F5 77 FC FD FE 73 95 F7 81 FD AD FF | T:2561615 RPD:1
[CH: 50] LEN: 12 | HEX: F9 77 FD FD F6 73 95 FF E1 FD BF 7A | T:2561616 RPD:0
[CH: 50] LEN: 12 | HEX: F9 77 FE FE FA 70 95 FF 76 7F BA BB | T:2561627 RPD:1
[CH: 50] LEN: 12 | HEX: F9 77 FD F9 FE 73 95 F7 C1 FD AF 7F | T:2561638 RPD:1
[CH: 50] LEN: 12 | HEX: F9 77 FE FE FE 70 95 EA 76 76 AD EF | T:2561639 RPD:0
[CH: 50] LEN: 12 | HEX: F9 77 DE FD FE 73 95 D7 41 D5 BE AD | T:2561650 RPD:1
[CH: 50] LEN: 12 | HEX: F9 77 FE FD FE 73 95 FF A1 FD BF FD | T:2561650 RPD:0
[CH: 50] LEN: 12 | HEX: F1 77 7E FE FC 70 95 ED 76 7F BF EF | T:2561661 RPD:1
[CH: 50] LEN: 12 | HEX: FD 77 FE FE FE 70 95 FF 76 7F AF DF | T:2561662 RPD:0
[CH: 50] LEN: 12 | HEX: F1 77 FE FD FE 73 95 D6 A1 FD BB FF | T:2561673 RPD:1
[CH: 50] LEN: 12 | HEX: F1 77 FE EE FA 70 95 FF 76 77 FF 75 | T:2561684 RPD:1
[CH: 50] LEN: 12 | HEX: F9 77 FE FD FF 73 95 F7 A1 FD BD F1 | T:2561684 RPD:0
[CH: 50] LEN: 12 | HEX: F9 77 BE FE FE 70 95 FF 76 7F BF F7 | T:2561696 RPD:1
[CH: 50] LEN: 12 | HEX: F1 77 DC FE FE 70 95 D5 76 75 2D 77 | T:2561696 RPD:0
[CH: 50] LEN: 12 | HEX: F9 77 FC FD FE 73 95 D5 41 D5 AD F7 | T:2561707 RPD:1
[CH: 50] LEN: 12 | HEX: F9 77 FE FE F6 70 95 EF 76 77 BF 49 | T:2561719 RPD:1
[CH: 50] LEN: 12 | HEX: F9 77 7B FD FE 73 95 DE 81 E9 3F BF | T:2561719 RPD:0
[CH: 50] LEN: 12 | HEX: F1 77 FC FE EA 70 95 FF 76 7B AF DD | T:2561730 RPD:1
[CH: 50] LEN: 12 | HEX: F9 77 FE FD EA 73 95 FE 81 FD BB FF | T:2561730 RPD:0
[CH: 50] LEN: 12 | HEX: E9 77 DE FA FE 70 95 FF 76 75 3F 77 | T:2561742 RPD:1
[CH: 50] LEN: 12 | HEX: F9 77 EE FD FE 73 95 FF E1 FD BB DF | T:2561742 RPD:0
[CH: 50] LEN: 12 | HEX: F1 77 FE FA FE 70 95 ED 76 7F BD FF | T:2561753 RPD:1
[CH: 50] LEN: 12 | HEX: F1 77 BB FD FE 73 95 FF 41 EB AE FE | T:2561765 RPD:1
[CH: 50] LEN: 12 | HEX: F9 77 FE FE FE 78 95 F7 76 77 AF 6D | T:2561765 RPD:0
[CH: 50] LEN: 12 | HEX: F9 77 ED FD FE 73 95 FF C1 FD BF 7D | T:2561776 RPD:1
[CH: 50] LEN: 12 | HEX: F9 77 FD FD EA 73 95 DE 81 FD AF FD | T:2561776 RPD:0
[CH: 50] LEN: 12 | HEX: F1 77 FD FE FE 78 95 FF 76 75 AF FD | T:2561788 RPD:1
[CH: 50] LEN: 12 | HEX: F1 77 FE FD FE 73 95 FF A1 FD AF 7F | T:2561799 RPD:1
[CH: 50] LEN: 12 | HEX: F5 77 FD FE FE 70 95 FF F6 7F 3F AC | T:2561799 RPD:0
[CH: 50] LEN: 12 | HEX: F9 77 FE FE FE 70 95 FD F6 7D AD FF | T:2561811 RPD:1
[CH: 50] LEN: 12 | HEX: F1 7F FD FC FE 70 95 F7 76 7F BD EF | T:2561811 RPD:0
[CH: 50] LEN: 12 | HEX: F9 77 FE F9 ED 73 95 FF 21 F5 BF FF | T:2561822 RPD:1
[CH: 50] LEN: 12 | HEX: F9 77 FB FE FE 70 95 F6 76 7D AF FF | T:2561833 RPD:1
[CH: 50] LEN: 12 | HEX: F9 77 FC FE F5 70 95 FF 76 7F BF 54 | T:2561834 RPD:0
[CH: 50] LEN: 12 | HEX: E9 77 7B FE FE 70 95 FF 76 7B BF FF | T:2561845 RPD:1
[CH: 50] LEN: 12 | HEX: F9 77 EE FA FE 70 95 F7 76 7F BF FF | T:2561845 RPD:0
[CH: 50] LEN: 12 | HEX: F9 77 BC F5 FC 73 95 AA 81 D5 AD FD | T:2561857 RPD:1
[CH: 50] LEN: 12 | HEX: F5 7F DA FB F4 70 95 FE 76 7F AE A5 | T:2561857 RPD:0
[CH: 50] LEN: 12 | HEX: F1 77 DC E9 FE 73 95 FE 81 DD BD FF | T:2561868 RPD:1
[CH: 50] LEN: 12 | HEX: F1 77 BC FD FE 73 95 FE 81 ED BF FF | T:2561879 RPD:1
[CH: 50] LEN: 12 | HEX: F1 77 AF FE FE 70 95 EF 76 7B BB FD | T:2561880 RPD:0
[CH: 50] LEN: 12 | HEX: F9 77 DD FD FE 73 95 D5 81 DD BF B7 | T:2561891 RPD:1
[CH: 50] LEN: 12 | HEX: F9 77 FA F5 FE 73 95 EF C1 FD AB 7F | T:2561891 RPD:0
[CH: 50] LEN: 12 | HEX: F9 77 D6 FA FE 70 95 FF 76 7F BF FE | T:2561903 RPD:1
[CH: 50] LEN: 12 | HEX: F9 77 FA E9 F5 73 95 FE A1 D5 B6 FB | T:2561914 RPD:1
[CH: 50] LEN: 12 | HEX: F1 77 DF FE EA 70 95 DD F6 7F BB DD | T:2561914 RPD:1
[CH: 50] LEN: 12 | HEX: F9 77 FF FB FE 73 95 EE 81 E9 BB FF | T:2561925 RPD:1
[CH: 50] LEN: 12 | HEX: F9 77 BC FA FE 70 95 DD 66 75 3F B7 | T:2561926 RPD:0
[CH: 50] LEN: 12 | HEX: F1 77 FD FD FE 73 95 FF 41 ED AF F9 | T:2561937 RPD:1
[CH: 50] LEN: 12 | HEX: F9 77 7A FD FE 70 95 ED F6 77 AF 7F | T:2561937 RPD:0
[CH: 50] LEN: 12 | HEX: F9 77 FF F7 EE 73 95 FF A1 FD BF 7F | T:2561948 RPD:1
[CH: 50] LEN: 12 | HEX: F9 77 FF FE FE 70 95 FE F6 7F AF 7E | T:2561960 RPD:1
[CH: 50] LEN: 12 | HEX: E9 77 FA F7 FE 73 95 DF 41 EB BF BD | T:2561960 RPD:0
[CH: 50] LEN: 12 | HEX: F1 77 BD FE F6 70 95 EE 76 7B AD FF | T:2561971 RPD:1
[CH: 50] LEN: 12 | HEX: F9 77 BC FE FE 70 95 ED 76 7F AD BF | T:2561972 RPD:0
[CH: 50] LEN: 12 | HEX: F1 77 FD FD EA 73 95 FF 41 E9 AF FB | T:2561983 RPD:1
[CH: 50] LEN: 12 | HEX: F1 77 AD F4 F6 70 95 FE F6 7B 3B BF | T:2561994 RPD:1
[CH: 50] LEN: 12 | HEX: F1 77 DE F7 FE 73 95 FE C1 FD AF 7F | T:2561994 RPD:0
[CH: 50] LEN: 12 | HEX: F1 77 54 FC FE 70 95 D6 76 75 BF EF | T:2562006 RPD:1
[CH: 50] LEN: 12 | HEX: F1 77 F4 FD FE 73 95 FE C1 DD BF EB | T:2562006 RPD:0
[CH: 50] LEN: 12 | HEX: F1 7F FD EE FE 70 95 FE 76 76 BB 7F | T:2562017 RPD:1
[CH: 50] LEN: 12 | HEX: F1 77 AC FD F6 73 95 D7 81 FD AF BF | T:2562029 RPD:0
[CH: 50] LEN: 12 | HEX: F1 77 FC FA FA 70 95 FE F6 7F BE D9 | T:2562029 RPD:0
[CH: 50] LEN: 12 | HEX: F9 77 FA FE FE 70 95 FE 76 7D BF FF | T:2562040 RPD:1
[CH: 50] LEN: 12 | HEX: F9 77 B5 F5 EC 73 95 EE 81 FB BF F5 | T:2562040 RPD:0
[CH: 50] LEN: 12 | HEX: F1 77 DC FE FE 70 95 FE FE 7F BF FF | T:2562052 RPD:1
[CH: 50] LEN: 12 | HEX: F9 77 FA F5 FE 73 95 FE 81 FD BF F7 | T:2562052 RPD:0
[CH: 50] LEN: 12 | HEX: F9 77 FD FE FE 70 95 F6 F6 7D AE FF | T:2562063 RPD:1
[CH: 50] LEN: 12 | HEX: F1 77 7E FD FC 73 95 FE C1 FD BF FF | T:2562075 RPD:1
[CH: 50] LEN: 12 | HEX: F9 77 F6 FE F6 70 95 EE F6 7F 3F D6 | T:2562075 RPD:0
[CH: 50] LEN: 12 | HEX: F1 77 FD FD ED 73 95 ED 41 FD BD FB | T:2562086 RPD:1
[CH: 50] LEN: 12 | HEX: F1 77 7E F5 FE 70 95 ED 76 7B 7E FF | T:2562086 RPD:0
[CH: 50] LEN: 12 | HEX: F1 77 F4 FD FD 73 95 FF 41 DD B7 FF | T:2562098 RPD:0
[CH: 50] LEN: 12 | HEX: F9 77 F4 FE F6 70 95 EE F6 7B 7F FE | T:2562109 RPD:1
[CH: 50] LEN: 12 | HEX: F9 77 DA F5 EE 73 95 EF 41 FD BF 6B | T:2562109 RPD:1
[CH: 50] LEN: 12 | HEX: F1 77 7A F6 F6 70 95 EE 76 7F 2E EF | T:2562127 RPD:1
[CH: 50] LEN: 12 | HEX: ED 77 BE ED DD 73 95 EF 41 EB BF FB | T:2562130 RPD:1
[CH: 50] LEN: 12 | HEX: F9 77 BA FE FE 70 95 EF 76 7F B5 FB | T:2562133 RPD:1
[CH: 50] LEN: 12 | HEX: F5 77 F6 FD DD 73 95 EE C1 FD BF FB | T:2562144 RPD:1
[CH: 50] LEN: 12 | HEX: E9 77 F6 EC FE 70 95 FD 76 77 7F E7 | T:2562145 RPD:0
[CH: 50] LEN: 12 | HEX: F9 77 FC ED DD 73 95 AA C1 A9 BE FE | T:2562156 RPD:1
[CH: 50] LEN: 12 | HEX: F5 77 FD F6 EE 70 95 ED 76 7B BD F7 | T:2562167 RPD:0
[CH: 50] LEN: 12 | HEX: F1 77 FA F5 DE 73 95 D5 41 A9 BB FF | T:2562168 RPD:0
[CH: 50] LEN: 12 | HEX: F5 77 FA FC FE 70 95 EF 76 7F 7F FF | T:2562179 RPD:1
[CH: 50] LEN: 12 | HEX: E9 77 DE F5 FE 73 95 FE C1 DD BF F7 | T:2562179 RPD:0
[CH: 50] LEN: 12 | HEX: E9 77 7A F5 EE 70 95 EF F6 7F AB FE | T:2562190 RPD:1
[CH: 50] LEN: 12 | HEX: F1 77 F6 F4 F6 70 95 DD 76 7B 6F 7E | T:2562191 RPD:0
[CH: 50] LEN: 12 | HEX: F9 77 BA F5 FE 73 95 FF 41 FD BF 7F | T:2562202 RPD:0
[CH: 50] LEN: 12 | HEX: E9 77 DE F6 FE 70 95 FE F6 7F BF F7 | T:2562213 RPD:1
[CH: 50] LEN: 12 | HEX: F1 77 FA FD FE 73 95 FF 41 ED BF FD | T:2562213 RPD:1
[CH: 50] LEN: 12 | HEX: F5 77 7E F6 EE 70 95 EE 76 7B 3F FE | T:2562225 RPD:1
[CH: 50] LEN: 12 | HEX: F9 77 FA FD FB 73 95 FE 81 ED AF FF | T:2562225 RPD:1
[CH: 50] LEN: 12 | HEX: F5 77 FF FE FE 70 95 FF F6 7F BF EF | T:2562238 RPD:1
[CH: 50] LEN: 12 | HEX: E9 77 FA FD FE 73 95 EF C1 FD AD F7 | T:2562241 RPD:1
[CH: 50] LEN: 12 | HEX: F1 77 7A FA FE 70 95 FF F6 7F BF D7 | T:2562252 RPD:1
[CH: 50] LEN: 12 | HEX: F1 77 F4 FD FE 73 95 FE 81 FB AA AE | T:2562252 RPD:0
[CH: 50] LEN: 12 | HEX: F1 77 FD FE FE 70 95 EF 76 7F AF F2 | T:2562264 RPD:1
[CH: 50] LEN: 12 | HEX: E9 77 7A F5 FE 73 95 EF C1 FD BF FE | T:2562275 RPD:1
[CH: 50] LEN: 12 | HEX: F1 77 DD EE FE 70 95 FE F6 7B EF FF | T:2562275 RPD:1
[CH: 50] LEN: 12 | HEX: F9 77 FD FD FE 73 95 FE 81 F5 BF 7F | T:2562287 RPD:1
[CH: 50] LEN: 12 | HEX: F9 77 FA FE FE 70 95 FF F6 7B BF 7F | T:2562287 RPD:0
[CH: 50] LEN: 12 | HEX: E9 77 FA FD FC 73 95 EF C1 FD BE FA | T:2562298 RPD:1
[CH: 50] LEN: 12 | HEX: F9 77 AE FD FC 73 95 AC 41 AB BB D5 | T:2562298 RPD:0
[CH: 50] LEN: 12 | HEX: F9 77 FE FE EE 70 95 EE F6 7D BF BF | T:2562310 RPD:1
[CH: 50] LEN: 12 | HEX: F9 77 F4 FE FE 70 95 EE F6 7F BF BA | T:2562321 RPD:1
[CH: 50] LEN: 12 | HEX: F1 77 7A FD FE 73 95 EF C1 FD BF FF | T:2562321 RPD:0
[CH: 50] LEN: 12 | HEX: E9 77 F6 FB DD 73 95 FF 41 F5 AF EB | T:2562333 RPD:0
[CH: 50] LEN: 12 | HEX: F5 77 F4 FD EE 73 95 FD C1 FD BF 77 | T:2562335 RPD:1
[CH: 50] LEN: 12 | HEX: F5 77 F4 FE FC 70 95 FD F6 7B 7F FF | T:2562346 RPD:1
[CH: 50] LEN: 12 | HEX: F9 77 FA F5 FD 73 95 DF C1 FB B7 FF | T:2562346 RPD:0
[CH: 50] LEN: 12 | HEX: F1 77 F6 FA FE 70 95 EF 76 7F EB B6 | T:2562358 RPD:1
[CH: 50] LEN: 12 | HEX: ED 77 FE E9 DB 73 95 DD C1 D5 AF FB | T:2562369 RPD:1
[CH: 50] LEN: 12 | HEX: F5 77 EA FE FD 70 95 EF 76 77 BF FB | T:2562369 RPD:0
[CH: 50] LEN: 12 | HEX: F5 77 7E F5 D6 73 95 FB C1 FD BF A5 | T:2562381 RPD:1
[CH: 50] LEN: 12 | HEX: F9 77 BE FD FE 73 95 AA C1 B5 BF FF | T:2562381 RPD:0
[CH: 50] LEN: 12 | HEX: F9 77 BA FE EE 70 95 FD 76 7B BF FF | T:2562392 RPD:1
[CH: 50] LEN: 12 | HEX: F1 77 FA FD FD 73 95 DD C1 FD AD BB | T:2562392 RPD:0
[CH: 50] LEN: 12 | HEX: F9 77 FC FE F6 70 95 FE 76 7F A5 EF | T:2562404 RPD:1
[CH: 50] LEN: 12 | HEX: F1 77 FA FD FE 73 95 DD C1 FD BF 5D | T:2562415 RPD:1
[CH: 50] LEN: 12 | HEX: F9 77 FA EE FE 70 95 CF 76 7F 3F BF | T:2562415 RPD:0
[CH: 50] LEN: 12 | HEX: F1 77 FD FB FF 73 95 F7 41 FD BD FE | T:2562427 RPD:1
[CH: 50] LEN: 12 | HEX: F9 77 74 F6 FE 70 95 ED 76 7D BF FF | T:2562427 RPD:0
[CH: 50] LEN: 12 | HEX: F1 77 EF FD FE 73 95 FE C1 EB BE FF | T:2562438 RPD:0
[CH: 50] LEN: 12 | HEX: F1 77 DD FE FA 70 95 FE F6 77 BF DF | T:2562449 RPD:1
[CH: 50] LEN: 12 | HEX: F5 77 FD FD EE 73 95 F6 81 F9 AF F7 | T:2562450 RPD:0
[CH: 50] LEN: 12 | HEX: F9 77 7A F6 F6 70 95 FE 76 7F 3F FF | T:2562461 RPD:1
[CH: 50] LEN: 12 | HEX: F5 77 76 FE FE 70 95 DD 76 7F 3D FF | T:2562461 RPD:0
[CH: 50] LEN: 12 | HEX: E9 77 D6 F5 D6 73 95 EB C1 FD B7 FE | T:2562473 RPD:1
[CH: 50] LEN: 12 | HEX: F9 77 FA F6 F6 70 95 FF 76 7F ED FD | T:2562473 RPD:0
[CH: 50] LEN: 12 | HEX: F9 77 FA FD FE 73 95 FE C1 FD BE F5 | T:2562484 RPD:1
[CH: 50] LEN: 12 | HEX: F5 77 7A EE FE 70 95 FE 76 76 AB 5F | T:2562495 RPD:1
[CH: 50] LEN: 12 | HEX: F9 77 F6 FD EE 73 95 DA C1 ED F5 7D | T:2562496 RPD:0
[CH: 50] LEN: 12 | HEX: F9 77 FA FE F6 70 95 DD 76 7F 7F FF | T:2562507 RPD:1
[CH: 50] LEN: 12 | HEX: F1 77 76 F5 D6 73 95 EF 41 FD BE FF | T:2562507 RPD:0
[CH: 50] LEN: 12 | HEX: F5 77 DE EA FE 70 95 FE F6 7F EF FF | T:2562519 RPD:1
[CH: 50] LEN: 12 | HEX: F1 77 7E ED F6 73 95 EF C1 ED BF BE | T:2562530 RPD:1
[CH: 50] LEN: 12 | HEX: F1 77 BC FC FE 70 95 FF 76 7F AE ED | T:2562530 RPD:0
[CH: 50] LEN: 12 | HEX: F9 77 FC F7 FE 73 95 DE C1 FD AF D8 | T:2562541 RPD:1
[CH: 50] LEN: 12 | HEX: F5 77 BA F5 FD 73 95 FD C1 FD BF B7 | T:2562542 RPD:0
[CH: 50] LEN: 12 | HEX: F9 77 FA F6 F6 70 95 FD F6 7B BF FF | T:2562553 RPD:1
[CH: 50] LEN: 12 | HEX: F9 77 FC FD FA 73 95 FE 81 FD BF EF | T:2562564 RPD:1
[CH: 50] LEN: 12 | HEX: F3 77 FA F6 FE 70 95 FE F6 7F 6B FF | T:2562565 RPD:0
[CH: 50] LEN: 12 | HEX: F9 77 FE F5 EC 73 95 F7 41 FD BF EB | T:2562576 RPD:1
[CH: 50] LEN: 12 | HEX: E9 77 BD FA F5 78 95 D7 76 7D BF 7F | T:2562576 RPD:0
[CH: 50] LEN: 12 | HEX: F9 77 BA FD FD 7B 95 EA 81 DD AD AB | T:2562587 RPD:1
[CH: 50] LEN: 12 | HEX: ED 77 B4 FE EE 70 95 DE F6 7F BD 7A | T:2562588 RPD:0
[CH: 50] LEN: 12 | HEX: E9 77 FB FD F6 73 95 EE 81 D5 BD EF | T:2562599 RPD:1
[CH: 50] LEN: 12 | HEX: F1 7F BD F6 FE 70 95 F7 7E 7F BF DF | T:2562610 RPD:1
[CH: 50] LEN: 12 | HEX: F1 77 7E F5 DE 73 95 AA 81 49 BF 46 | T:2562610 RPD:0
[CH: 50] LEN: 12 | HEX: F5 77 F4 F6 FA 70 95 EE 76 7D 3F FF | T:2562622 RPD:1
[CH: 50] LEN: 12 | HEX: E9 77 BC FE FE 70 95 FE F6 7F B7 F6 | T:2562622 RPD:0
[CH: 50] LEN: 12 | HEX: F9 77 FA FD FE 73 95 FD C1 FD AF FF | T:2562633 RPD:1
[CH: 50] LEN: 12 | HEX: F5 77 BC F6 FE 70 95 FE 76 7B B7 EF | T:2562645 RPD:1
[CH: 50] LEN: 12 | HEX: F5 77 FA ED EE 73 95 EF C1 DD BF FF | T:2562645 RPD:0
[CH: 50] LEN: 12 | HEX: F1 77 BA F6 FE 70 95 FD 76 7F AF FE | T:2562656 RPD:1
[CH: 50] LEN: 12 | HEX: F9 7F F6 FD FD 73 95 FE C1 FD BF EF | T:2562656 RPD:0
[CH: 50] LEN: 12 | HEX: F5 77 BC F6 ED 70 95 ED 76 7B EB FD | T:2562668 RPD:1
[CH: 50] LEN: 12 | HEX: F1 77 FE F5 FD 73 95 D7 C1 E9 BF FA | T:2562668 RPD:0
[CH: 50] LEN: 12 | HEX: F5 77 7E FE F6 70 95 FD 76 76 BF 7F | T:2562679 RPD:1
[CH: 50] LEN: 12 | HEX: F9 77 F6 FD FA 73 95 FA C1 F9 BF FD | T:2562691 RPD:1
[CH: 50] LEN: 12 | HEX: F5 77 FA FF FE 70 95 FE F6 7F 7E BA | T:2562691 RPD:0
[CH: 50] LEN: 12 | HEX: E9 77 F4 ED FD 73 95 DF C1 ED BF FF | T:2562702 RPD:1
[CH: 50] LEN: 12 | HEX: F9 77 FA F5 FA 73 95 ED C1 FB AF A7 | T:2562702 RPD:1
[CH: 50] LEN: 12 | HEX: F9 77 76 FE FE 70 95 EE F6 7F AF EF | T:2562714 RPD:1
[CH: 50] LEN: 12 | HEX: F9 77 FA F6 FE 70 95 D7 76 7F AE BF | T:2562725 RPD:1
[CH: 50] LEN: 12 | HEX: F5 77 FA FD FD 73 95 EF C1 FB BF F5 | T:2562725 RPD:0
[CH: 50] LEN: 12 | HEX: F5 77 F4 EE EA 70 95 DE 76 77 7F DF | T:2562737 RPD:1
[CH: 50] LEN: 12 | HEX: F1 77 FE FE FE 70 95 FD 76 7F BF DB | T:2562737 RPD:0
[CH: 50] LEN: 12 | HEX: F9 77 FA F5 DD 73 95 FE C1 FD BF FF | T:2562748 RPD:1
[CH: 50] LEN: 12 | HEX: ED 77 7D F4 FE 70 95 FD 76 7F 3F 77 | T:2562759 RPD:1
[CH: 50] LEN: 12 | HEX: ED 77 F6 FD FE 73 95 DD 41 FD AB FF | T:2562760 RPD:0
[CH: 50] LEN: 12 | HEX: E9 77 76 FC FE 70 95 EE F6 77 BB FF | T:2562771 RPD:1
[CH: 50] LEN: 12 | HEX: E9 77 FA FE FE 70 95 EF 76 77 3D 7F | T:2562771 RPD:0
[CH: 50] LEN: 12 | HEX: F5 77 7E FD FA 73 15 FF C1 F9 BD 55 | T:2562783 RPD:1
[CH: 50] LEN: 12 | HEX: ED 77 FD ED EE 73 95 FD 41 FD AE D7 | T:2562783 RPD:0
[CH: 50] LEN: 12 | HEX: F5 77 5E FC F4 70 95 FF F6 7F FD FF | T:2562794 RPD:1
[CH: 50] LEN: 12 | HEX: F5 77 DA FD F5 73 95 FF 41 E9 BA ED | T:2562805 RPD:1
[CH: 50] LEN: 12 | HEX: F9 77 FA FE FE 70 95 EF 76 7D AF FD | T:2562806 RPD:0
[CH: 50] LEN: 12 | HEX: E9 77 FA ED FD 73 95 ED 41 DD AB FB | T:2562817 RPD:1
[CH: 50] LEN: 12 | HEX: F9 77 F6 FD FD 73 95 FD C1 ED BF FE | T:2562817 RPD:0
[CH: 50] LEN: 12 | HEX: F9 77 F4 FE F6 70 95 FE 77 7F EF FF | T:2562829 RPD:1
[CH: 50] LEN: 12 | HEX: F1 77 F4 FD EF 73 95 FD C1 D5 AB F7 | T:2562840 RPD:1
[CH: 50] LEN: 12 | HEX: ED 77 B6 F6 EE 70 95 FF 76 FD BF FF | T:2562840 RPD:0
[CH: 50] LEN: 12 | HEX: F1 77 FA F5 ED 73 95 FE C1 FD BF FF | T:2562851 RPD:1
[CH: 50] LEN: 12 | HEX: F1 77 FC F6 F6 70 95 FE F6 7F BB 7F | T:2562852 RPD:0
[CH: 50] LEN: 12 | HEX: F1 77 F4 FD FD 73 95 FD C1 DD BB EF | T:2562863 RPD:1
[CH: 50] LEN: 12 | HEX: F1 77 7E F6 FE 70 95 DD 76 7F 6E EF | T:2562863 RPD:0
[CH: 50] LEN: 12 | HEX: F1 77 B6 F5 DC 73 95 FE 81 ED BF 6D | T:2562874 RPD:1
[CH: 50] LEN: 12 | HEX: E9 77 7E FE EC 70 95 DE 76 77 6F BE | T:2562886 RPD:1
[CH: 50] LEN: 12 | HEX: F9 77 7E F9 DD 73 95 FE C1 ED BF FF | T:2562886 RPD:0
[CH: 50] LEN: 12 | HEX: F5 77 BE F6 F6 70 95 FE 76 7B 7F FF | T:2562897 RPD:1
[CH: 50] LEN: 12 | HEX: E9 77 BC FE F6 70 95 DF 76 7F FF 7F | T:2562898 RPD:0
[CH: 50] LEN: 12 | HEX: F9 77 F4 F5 ED 73 95 FE C1 FD BE FF | T:2562909 RPD:1
[CH: 50] LEN: 12 | HEX: F9 77 DA FE FE 70 95 EF 76 7A AF ED | T:2562920 RPD:1
[CH: 50] LEN: 12 | HEX: F9 77 F4 F9 FE 73 95 FD 41 ED AF FF | T:2562920 RPD:0
[CH: 50] LEN: 12 | HEX: F9 77 FA F5 FE 73 95 FE 81 DD AB DB | T:2562932 RPD:1
[CH: 50] LEN: 12 | HEX: F5 77 7E ED FD 73 95 FE C1 FD AB FF | T:2562932 RPD:0
[CH: 50] LEN: 12 | HEX: F9 77 FE F6 F6 70 95 FE F6 7F BA BF | T:2562943 RPD:0
[CH: 50] LEN: 12 | HEX: F1 77 7A FE FE 70 95 DE 76 7F BF F7 | T:2562955 RPD:1
[CH: 50] LEN: 12 | HEX: E9 77 F4 FD DE 73 95 ED 41 DD BD FF | T:2562955 RPD:0
[CH: 50] LEN: 12 | HEX: E9 77 DB FE EE 70 95 FD 76 7F BF EF | T:2562966 RPD:1
[CH: 50] LEN: 12 | HEX: F1 77 BA ED FD 73 95 FE 81 FD BF FF | T:2562966 RPD:0
[CH: 50] LEN: 12 | HEX: E9 77 74 F6 FE 70 95 FD 76 7D BE FF | T:2562978 RPD:1
[CH: 50] LEN: 12 | HEX: F5 77 FA FD FD 73 95 EE C1 DD AF EF | T:2562978 RPD:0
[CH: 50] LEN: 12 | HEX: F9 77 FA FE F4 70 95 D7 76 7B AD 77 | T:2562989 RPD:1
[CH: 50] LEN: 12 | HEX: F9 77 DA FD FE 73 95 FF 41 FD AD FB | T:2563001 RPD:1
[CH: 50] LEN: 12 | HEX: F9 77 DC FE F4 70 95 FE F6 7B BE EA | T:2563001 RPD:0
[CH: 50] LEN: 12 | HEX: E9 77 BA E9 D6 73 95 EF C1 FD BF D7 | T:2563012 RPD:1
[CH: 50] LEN: 12 | HEX: F5 77 F4 F6 FE 70 95 FE 76 7B AF FF | T:2563012 RPD:0
[CH: 50] LEN: 12 | HEX: F9 77 F4 F9 DA 73 95 D6 C1 FD AB EF | T:2563024 RPD:1
[CH: 50] LEN: 12 | HEX: F1 77 74 FE FE 70 95 FD 76 7F 3F FF | T:2563035 RPD:1
[CH: 50] LEN: 12 | HEX: F1 77 F4 F9 FE 73 95 ED 41 FD BF FF | T:2563035 RPD:0
[CH: 50] LEN: 12 | HEX: F9 77 FC FA F6 70 95 FE F6 7F BF BF | T:2563047 RPD:1
[CH: 50] LEN: 12 | HEX: F9 77 DC F6 FE 70 95 FE 76 7F AF 5F | T:2563047 RPD:0
[CH: 50] LEN: 12 | HEX: E9 7F FE FB DD 73 95 D5 41 95 B6 BB | T:2563058 RPD:1
[CH: 50] LEN: 12 | HEX: F1 77 F4 EE F6 70 95 ED 76 7D BF FF | T:2563058 RPD:0
[CH: 50] LEN: 12 | HEX: F1 77 B4 FD DC 73 95 DA C1 A9 AB DB | T:2563070 RPD:1
[CH: 50] LEN: 12 | HEX: F1 77 FC EE FC 70 95 DA 76 75 B7 FE | T:2563081 RPD:1
[CH: 50] LEN: 12 | HEX: F1 77 96 FD DD 73 95 D7 C1 ED BF F5 | T:2563081 RPD:0
[CH: 50] LEN: 12 | HEX: E9 77 FA FB FD 73 95 FD 41 FD AD EE | T:2563093 RPD:1
[CH: 50] LEN: 12 | HEX: E9 77 DC FB FD 73 95 EE C1 ED AE AB | T:2563093 RPD:0
[CH: 50] LEN: 12 | HEX: F5 77 7A FE FC 70 95 FA 76 7F 6E F5 | T:2563104 RPD:1
[CH: 50] LEN: 12 | HEX: F9 77 F4 FD FE 73 95 FE 81 FD A7 FE | T:2563115 RPD:1
[CH: 50] LEN: 12 | HEX: E9 77 BA F5 FE 70 95 ED 76 7F 6F F5 | T:2563116 RPD:0
[CH: 50] LEN: 12 | HEX: F1 77 F6 FD EC 73 95 FD C1 DD BF FE | T:2563127 RPD:1
[CH: 50] LEN: 12 | HEX: F1 77 DA FD FD 73 95 FE 81 ED AD DF | T:2563127 RPD:1
[CH: 50] LEN: 12 | HEX: F5 77 F4 FE FE 70 95 FE F6 7F 3F 7E | T:2563138 RPD:1
[CH: 50] LEN: 12 | HEX: F9 77 DC FB DD 73 95 ED C1 FD BD EF | T:2563150 RPD:1
[CH: 50] LEN: 12 | HEX: F9 77 F6 EC F6 70 95 FD 76 7F 37 7F | T:2563150 RPD:0
[CH: 50] LEN: 12 | HEX: F1 77 F4 FE FA 70 95 FD 76 7F 7D EE | T:2563161 RPD:1
[CH: 50] LEN: 12 | HEX: ED 77 BC FA FC 70 95 FE F6 7F 7F BF | T:2563162 RPD:0
[CH: 50] LEN: 12 | HEX: F9 77 FA FD FC 73 95 ED C1 FD BD F6 | T:2563173 RPD:1
[CH: 50] LEN: 12 | HEX: F9 77 BE FE FE 70 95 F7 F6 7F 7F FD | T:2563173 RPD:0
[CH: 50] LEN: 12 | HEX: F1 77 BA F5 FD 73 95 ED 41 FD BD ED | T:2563184 RPD:1
[CH: 50] LEN: 12 | HEX: F1 77 F4 FA EE 70 95 EF 76 7B BF BE | T:2563196 RPD:1
[CH: 50] LEN: 12 | HEX: F9 77 FA F9 DC 73 95 ED 41 ED BD 7F | T:2563196 RPD:1
[CH: 50] LEN: 12 | HEX: F9 77 DF F6 F6 70 95 FD 76 7F AF FD | T:2563207 RPD:1
[CH: 50] LEN: 12 | HEX: F9 77 F4 FD FC 73 95 DF C1 FD B5 DE | T:2563208 RPD:0
[CH: 50] LEN: 12 | HEX: F1 77 FA F6 F6 70 95 EE F6 7F AB BF | T:2563219 RPD:1
[CH: 50] LEN: 12 | HEX: F5 77 DB FD F6 73 95 FE 81 ED BF AD | T:2563230 RPD:1
[CH: 50] LEN: 12 | HEX: F1 77 BA EC FE 70 95 FD 76 7F 7B 7B | T:2563230 RPD:0
[CH: 50] LEN: 12 | HEX: F5 77 F6 ED DE 73 95 EF C1 DD BF EF | T:2563242 RPD:1
[CH: 50] LEN: 12 | HEX: E9 77 74 FD DD 73 95 FE C1 D9 BF FF | T:2563242 RPD:0
[CH: 50] LEN: 12 | HEX: F9 77 DA F6 FE 70 95 FE 76 7F AD DF | T:2563253 RPD:1
[CH: 50] LEN: 12 | HEX: F1 77 7A FD FE 73 95 AA C1 A9 AB A5 | T:2563254 RPD:0
[CH: 50] LEN: 12 | HEX: F9 77 DE ED FC 73 95 FD 41 ED AF BE | T:2563265 RPD:1
[CH: 50] LEN: 12 | HEX: F9 77 76 FD FC 73 95 D5 41 A9 BB FF | T:2563276 RPD:1
[CH: 50] LEN: 12 | HEX: E9 77 F4 FC F6 70 95 FE F6 7F 6F BF | T:2563276 RPD:0
[CH: 50] LEN: 12 | HEX: F9 77 FD FD FE 73 95 EF C1 FD AA B7 | T:2563288 RPD:1
[CH: 50] LEN: 12 | HEX: E9 77 74 F6 FA 70 95 EB 76 7B 2F EF | T:2563288 RPD:0
[CH: 50] LEN: 12 | HEX: F9 77 EE E9 FD 73 95 FE C1 ED AF 5F | T:2563299 RPD:1
[CH: 50] LEN: 12 | HEX: F9 77 F6 EC FE 70 95 FD 76 7B 3B FF | T:2563311 RPD:1
[CH: 50] LEN: 12 | HEX: F1 77 5E FD FD 73 95 FD C1 FD AF DF | T:2563311 RPD:0
[CH: 50] LEN: 12 | HEX: F9 77 FE FE F6 70 95 FE F6 77 67 EF | T:2563322 RPD:1
[CH: 50] LEN: 12 | HEX: F9 77 6E FA FC 70 95 FE F6 7F 36 FF | T:2563322 RPD:0
[CH: 50] LEN: 12 | HEX: F9 77 F4 ED EE 73 95 EF C1 E9 BF FB | T:2563334 RPD:1
[CH: 50] LEN: 12 | HEX: F1 77 F4 FC EC 70 95 DD 76 7F BF FF | T:2563345 RPD:1
[CH: 50] LEN: 12 | HEX: F1 77 B4 FD EE 73 95 DD C1 E9 AF FF | T:2563345 RPD:0
[CH: 50] LEN: 12 | HEX: F9 77 BE ED DC 73 95 FD 41 ED AD FF | T:2563356 RPD:1
[CH: 50] LEN: 12 | HEX: F9 77 7E FB DB 73 95 FD C1 FD BB 7F | T:2563357 RPD:0
[CH: 50] LEN: 12 | HEX: F5 77 F4 EE F6 70 95 EF 76 7F 3F EF | T:2563368 RPD:1
[CH: 50] LEN: 12 | HEX: F9 77 BA F5 FC 73 95 AA 81 D9 BD 7B | T:2563368 RPD:0
[CH: 50] LEN: 12 | HEX: F9 77 FD FE FE 70 95 F7 76 7F BF BF | T:2563380 RPD:1
[CH: 50] LEN: 12 | HEX: F9 77 7E ED EE 73 95 FD C1 FD AF B5 | T:2563391 RPD:1
[CH: 50] LEN: 12 | HEX: E9 77 BA EA F4 70 95 DD F6 7B AF B5 | T:2563391 RPD:0
[CH: 50] LEN: 12 | HEX: F9 77 FE FD FE 73 95 EF C1 ED AF FF | T:2563402 RPD:0
[CH: 50] LEN: 12 | HEX: F5 7F F7 00 00 71 95 FD C9 06 BB FE | T:2563422 RPD:1
[CH: 50] LEN: 12 | HEX: F9 77 FD 00 00 71 95 FD 49 06 AB AE | T:2563423 RPD:1
[CH: 50] LEN: 12 | HEX: F4 6D FD 00 F4 FD 96 FF 6C 9E AF FD | T:2563453 RPD:1
[CH: 50] LEN: 12 | HEX: E8 6D FE 00 EA F5 96 EE EC 9E BF DA | T:2563454 RPD:1
[CH: 50] LEN: 12 | HEX: F9 77 77 00 00 71 96 F6 9C 55 AF F7 | T:2563722 RPD:1
[CH: 50] LEN: 12 | HEX: F1 77 57 00 00 71 96 ED 1C 55 BF BF | T:2563723 RPD:1
[CH: 50] LEN: 12 | HEX: E8 6D FD 00 FE FD 96 EF EC 9F AF FF | T:2563753 RPD:1
[CH: 50] LEN: 12 | HEX: F8 6D FE 80 F6 F5 96 F5 6C 9E AF FF | T:2563753 RPD:1
[CH: 50] LEN: 12 | HEX: F1 77 BF 00 00 71 96 F7 5C 55 BF D7 | T:2564022 RPD:1
[CH: 50] LEN: 12 | HEX: E9 77 FA 00 00 71 96 EE 9C 55 AF 7F | T:2564023 RPD:1
[CH: 50] LEN: 12 | HEX: F8 6D EF 00 F6 FD 96 FF 6C 9F 6F FF | T:2564052 RPD:1
[CH: 50] LEN: 12 | HEX: F0 6D FE 00 F6 F5 96 FE EC 9D BF 77 | T:2564053 RPD:1
[CH: 50] LEN: 12 | HEX: F1 77 6F 00 00 71 96 FD 9C 55 AF BF | T:2564322 RPD:1
[CH: 50] LEN: 12 | HEX: FD 77 BF 00 00 71 96 FE 9C 55 AF FF | T:2564322 RPD:1
[CH: 50] LEN: 12 | HEX: F8 6D EB 00 F6 F5 96 F7 6C 9D AB BE | T:2564352 RPD:1
[CH: 50] LEN: 12 | HEX: F4 6D DD 00 EA F5 96 EF 6C 9F BF BF | T:2564353 RPD:1
[CH: 50] LEN: 12 | HEX: F1 77 77 00 00 71 96 EF 1C 55 BF FE | T:2564621 RPD:1
[CH: 50] LEN: 12 | HEX: E9 77 BD 00 00 71 96 EE 9C 55 BD FF | T:2564622 RPD:1
[CH: 50] LEN: 12 | HEX: EC 6D EE 80 F6 FD 96 F6 EC 9E AF 2F | T:2564652 RPD:1
[CH: 50] LEN: 12 | HEX: F8 6D ED 00 FD FD 96 FE EC 9D BF 5E | T:2564653 RPD:1
[CH: 50] LEN: 12 | HEX: F9 77 BF 00 00 71 96 F7 9C 55 BF FF | T:2564921 RPD:1
[CH: 50] LEN: 12 | HEX: F1 77 B7 00 00 71 96 FE 9C 55 AD 53 | T:2564922 RPD:1
[CH: 50] LEN: 12 | HEX: F4 6D FB 00 EE E9 B6 FF 6C 9D BF FB | T:2564952 RPD:1
[CH: 50] LEN: 12 | HEX: F4 6D EF 80 F6 F5 96 FE EC 9F BB FE | T:2564952 RPD:1
[CH: 50] LEN: 12 | HEX: F5 77 FB 00 00 71 B6 F7 9C 55 AF FA | T:2565221 RPD:1
[CH: 50] LEN: 12 | HEX: F1 77 7F 00 00 71 96 EF 9C 55 AD 5F | T:2565221 RPD:1
[CH: 50] LEN: 12 | HEX: F8 6D FD 00 FE F5 96 F6 EC 9F B7 BE | T:2565251 RPD:1
[CH: 50] LEN: 12 | HEX: F8 6D EF 00 FA FD 96 FF 6C 9F AF FF | T:2565252 RPD:1
[CH: 50] LEN: 12 | HEX: F5 77 FB 00 00 71 96 FF 5C 55 AF FF | T:2565520 RPD:1
[CH: 50] LEN: 12 | HEX: F1 77 D5 00 00 71 96 FD 1C 55 BA BF | T:2565521 RPD:1
[CH: 50] LEN: 12 | HEX: F4 6D EE 80 FE E9 B6 F5 6C 9D AF F7 | T:2565551 RPD:1
[CH: 50] LEN: 12 | HEX: F0 6D FF 00 EE FD 96 FF 6C 9E AF FF | T:2565552 RPD:1
[CH: 50] LEN: 12 | HEX: F5 77 7F 00 00 71 96 F7 DC 55 BB FF | T:2565820 RPD:1
[CH: 50] LEN: 12 | HEX: F9 77 F5 00 00 71 96 EF 9C 55 BF FE | T:2565821 RPD:1
[CH: 50] LEN: 12 | HEX: F4 6D FD 00 FE F5 96 EE EC 9D AF FF | T:2565851 RPD:1
[CH: 50] LEN: 12 | HEX: E8 6D FD 00 F6 FD 96 F7 6C 9F AF FF | T:2565851 RPD:1
[CH: 50] LEN: 12 | HEX: F5 77 FA 00 00 71 96 FB DC 55 B7 FB | T:2566120 RPD:1
[CH: 50] LEN: 12 | HEX: F8 6D FF 00 EE FD 96 F7 EC 9F BF FF | T:2566150 RPD:1
[CH: 50] LEN: 12 | HEX: D8 6D DF 00 D5 D9 96 FF 6C 9F BF FF | T:2566151 RPD:1
[CH: 50] LEN: 12 | HEX: F9 77 7F 00 00 71 96 FE 9C 55 BF F2 | T:2566419 RPD:1
[CH: 50] LEN: 12 | HEX: E9 77 B7 00 00 71 96 FD 1C 55 AE FD | T:2566420 RPD:1
[CH: 50] LEN: 12 | HEX: E8 6D FE 80 EE FD 96 F7 EC 9D 2F ED | T:2566450 RPD:1
[CH: 50] LEN: 12 | HEX: F8 6D DF 00 EE F5 96 F6 EC 9F BF D4 | T:2566451 RPD:1
[CH: 50] LEN: 12 | HEX: F9 77 EB 00 00 71 96 FE 9C 55 AF DD | T:2566719 RPD:1
[CH: 50] LEN: 12 | HEX: F9 77 BB 00 00 71 96 FF 5C 55 BD AD | T:2566720 RPD:1
[CH: 50] LEN: 12 | HEX: F8 6D F6 00 F6 FD 96 FF 6C 9D BF FD | T:2566750 RPD:1
[CH: 50] LEN: 12 | HEX: E8 6D FE 80 EF FD 96 EE 6C 9F AF BD | T:2566750 RPD:1
[CH: 50] LEN: 12 | HEX: FA 76 FE 80 8C FD 96 FF B0 70 BF FB | T:2566864 RPD:1
[CH: 50] LEN: 12 | HEX: FA 76 EF 00 8C ED 96 ED 30 70 BE FF | T:2566864 RPD:1
[CH: 50] LEN: 12 | HEX: F6 76 EE F4 73 FB 96 F7 CE 8D BF F7 | T:2566895 RPD:1
[CH: 50] LEN: 12 | HEX: EA 76 FE F9 70 FD 96 FE BB 83 BB BF | T:2566898 RPD:1
[CH: 50] LEN: 12 | HEX: F2 76 F6 EC 71 DD 96 EF E7 66 AB EB | T:2566901 RPD:1
[CH: 50] LEN: 12 | HEX: FE 76 FC EB 76 FD 96 F6 D1 9F BD FF | T:2566931 RPD:1
[CH: 50] LEN: 12 | HEX: F6 76 EF FA 77 B9 96 F7 4D 7A BD 66 | T:2566961 RPD:1
[CH: 50] LEN: 12 | HEX: FA 76 FE FD 74 F5 96 F7 B8 74 AF B7 | T:2566991 RPD:1
[CH: 50] LEN: 12 | HEX: FA 76 F5 F4 75 FD 96 FE A4 91 BB DF | T:2567021 RPD:1
[CH: 50] LEN: 12 | HEX: F2 76 FA F7 72 FD 96 FE 95 86 BF FF | T:2567051 RPD:1
[CH: 50] LEN: 12 | HEX: EA 7E EE EE 77 BB 96 EE 49 63 BD EF | T:2567081 RPD:1
[CH: 50] LEN: 12 | HEX: EA 76 F6 ED 74 E9 96 FE 3A 6D BF F2 | T:2567111 RPD:1
[CH: 50] LEN: 12 | HEX: EA 6E EE F4 79 FB 96 EF E0 88 B7 FD | T:2567141 RPD:1
[CH: 50] LEN: 12 | HEX: FA 76 FE F2 7A FF 96 F5 0A 94 BF FD | T:2567201 RPD:1
[CH: 50] LEN: 12 | HEX: F2 76 EE F1 78 ED 96 FD 7F 5A BB FF | T:2567231 RPD:1
[CH: 50] LEN: 12 | HEX: F6 76 EC F0 7B FF 96 FB 23 7B BE FB | T:2567261 RPD:1
[CH: 50] LEN: 12 | HEX: FA 76 FD EE E2 ED 96 F7 0D 95 FF FF | T:2567291 RPD:1
[CH: 50] LEN: 12 | HEX: FA 76 F6 EE 63 B7 96 FB D1 70 BF 5E | T:2567321 RPD:1
[CH: 50] LEN: 12 | HEX: EA 76 FD ED 60 FD 96 DD A4 76 BF 5F | T:2567350 RPD:1
[CH: 50] LEN: 12 | HEX: F6 76 FE EC 61 F9 96 EB F0 9B BB FF | T:2567380 RPD:1
[CH: 50] LEN: 12 | HEX: FA 76 EA EB 66 F5 96 EF 4E 62 BF FF | T:2567410 RPD:1
[CH: 50] LEN: 12 | HEX: F6 76 FA EA 67 E9 96 FE 92 87 AF BF | T:2567440 RPD:1
[CH: 50] LEN: 12 | HEX: FA 76 ED E9 64 ED 96 FF 67 89 BF FF | T:2567470 RPD:1
[CH: 50] LEN: 12 | HEX: FA 76 F6 E8 65 FD 96 F7 3B 6C BF FF | T:2567500 RPD:1
[CH: 50] LEN: 12 | HEX: EA 76 F6 E7 6A FD 96 FE 8A 7B BF FD | T:2567530 RPD:1
[CH: 50] LEN: 12 | HEX: EA 76 F6 E6 6B B7 96 FB 56 9C AF DF | T:2567560 RPD:1
[CH: 50] LEN: 12 | HEX: F2 76 F4 E5 68 ED 96 FE A3 90 BD F7 | T:2567590 RPD:1
[CH: 50] LEN: 12 | HEX: F2 76 EE E4 69 DF 96 F6 FB 75 BF AB | T:2567620 RPD:1
[CH: 50] LEN: 12 | HEX: F6 76 FE E3 6E E9 96 FF 89 8C BE BD | T:2567650 RPD:1
[CH: 50] LEN: 12 | HEX: F6 76 FD E2 6F 75 96 EE 95 69 BF DE | T:2567680 RPD:1
[CH: 50] LEN: 12 | HEX: F6 76 F6 E1 6C FD 96 EE 60 67 7F AF | T:2567710 RPD:1
[CH: 50] LEN: 12 | HEX: EA 76 EE E0 6D DD 96 F7 BA 82 BF B7 | T:2567740 RPD:1
[CH: 50] LEN: 12 | HEX: EA 77 F5 DD 52 ED 96 FD 2D 92 AF 7F | T:2567770 RPD:1
[CH: 50] LEN: 12 | HEX: FA 76 F6 FD 70 ED 96 EF 7B 83 BE F5 | T:2567804 RPD:1
[CH: 50] LEN: 12 | HEX: FA 76 FE EC 71 DD 96 FE E6 66 BF 7B | T:2567807 RPD:1
[CH: 50] LEN: 12 | HEX: EA 76 F6 FB 76 FD 96 F6 D1 9F BF B7 | T:2567837 RPD:1
[CH: 50] LEN: 12 | HEX: EA 76 EF F6 77 75 96 F7 8D 7E BB DF | T:2567867 RPD:1
[CH: 50] LEN: 12 | HEX: F6 76 FE F5 74 FD 96 FE F8 74 AD F5 | T:2567897 RPD:1
[CH: 50] LEN: 12 | HEX: F6 76 FC F8 75 ED 96 F7 24 91 BB BF | T:2567927 RPD:1
[CH: 50] LEN: 12 | HEX: FA 76 FD EF 76 FD 96 FD 15 86 AD FF | T:2567957 RPD:1
[CH: 50] LEN: 12 | HEX: FA 76 EE EE 77 FB 96 EE C9 63 B7 F7 | T:2567987 RPD:1
[CH: 50] LEN: 12 | HEX: EA 76 FD E5 74 E9 96 EE 38 6D AB AB | T:2568017 RPD:1
[CH: 50] LEN: 12 | HEX: F6 76 F6 E4 75 EF 96 FD 60 88 BF FF | T:2568047 RPD:1
[CH: 50] LEN: 12 | HEX: FA 76 FE FB 7E FD 96 FE D6 71 BA F6 | T:2568077 RPD:1
[CH: 50] LEN: 12 | HEX: F6 76 EE EA 7B 7D 96 EF 0A 94 BF FF | T:2568107 RPD:1
[CH: 50] LEN: 12 | HEX: F6 76 F6 E9 7A ED 96 EE F7 5A BB 6F | T:2568137 RPD:1
[CH: 50] LEN: 12 | HEX: EA 76 ED F0 7B ED 96 F7 23 7B EF EB | T:2568167 RPD:1
[CH: 50] LEN: 12 | HEX: FA 76 ED EE 62 F5 96 FE 8D 95 BF 7F | T:2568197 RPD:1
[CH: 50] LEN: 12 | HEX: F6 76 FE EE 63 B9 96 EF 51 70 AF EF | T:2568227 RPD:1
[CH: 50] LEN: 12 | HEX: F6 76 FE ED 60 F5 96 F7 A4 7E AF BF | T:2568257 RPD:1
[CH: 50] LEN: 12 | HEX: FA 76 FA EC 61 FB 96 FF 74 9B AE FF | T:2568287 RPD:1
[CH: 50] LEN: 12 | HEX: FA 76 FE EB 66 F5 96 EF 4E 62 BF FF | T:2568317 RPD:1
[CH: 50] LEN: 12 | HEX: EA 76 F6 EA 67 79 96 FE 92 87 FF FF | T:2568347 RPD:1
[CH: 50] LEN: 12 | HEX: F6 76 FE E9 64 FD 96 FF 67 C9 AF FB | T:2568377 RPD:1
[CH: 50] LEN: 12 | HEX: EA 76 EE E8 65 F5 96 EF 3B 6C BF FF | T:2568407 RPD:1
[CH: 50] LEN: 12 | HEX: F6 76 F6 E7 6A FD 96 FE 8A 7B BF BE | T:2568437 RPD:1
[CH: 50] LEN: 12 | HEX: F6 76 ED E6 6B DF 96 ED 56 9E BD B7 | T:2568467 RPD:1
[CH: 50] LEN: 12 | HEX: F6 76 FC E5 68 ED B6 FE A3 90 BF FF | T:2568497 RPD:1
[CH: 50] LEN: 12 | HEX: EA 7E FF E4 69 DD 96 FF 7D 75 BB FF | T:2568527 RPD:1
[CH: 50] LEN: 12 | HEX: EA 76 EF E3 6E FD 96 FF 49 8C BF FF | T:2568556 RPD:1
[CH: 50] LEN: 12 | HEX: F2 76 FE E2 6F ED 96 EF 15 69 AF E2 | T:2568586 RPD:1
[CH: 50] LEN: 12 | HEX: EA 76 F6 E0 6D DD 96 FF 38 82 B6 FF | T:2568646 RPD:1
[CH: 50] LEN: 12 | HEX: FA 76 F6 DB 52 ED 96 FD 2D 92 AB FF | T:2568676 RPD:1
[CH: 50] LEN: 12 | HEX: FA 76 F6 FE 73 FB 96 F7 CE 8D BF F7 | T:2568706 RPD:1
[CH: 50] LEN: 12 | HEX: FA 76 FD FD 70 F5 96 FD 3B 83 BA FF | T:2568710 RPD:1
[CH: 50] LEN: 12 | HEX: EA 76 FD EC 71 BD 96 EF 67 66 AF EF | T:2568713 RPD:1
[CH: 50] LEN: 12 | HEX: FA 76 EE FF 76 F9 96 FB 51 9F AF FF | T:2568743 RPD:1
[CH: 50] LEN: 12 | HEX: EA 76 EE FE 77 F5 96 F7 0D 76 AF DF | T:2568773 RPD:1
[CH: 50] LEN: 12 | HEX: F6 76 FE F9 74 ED 96 FF FC 74 BE F5 | T:2568803 RPD:1
[CH: 50] LEN: 12 | HEX: F6 76 F6 F8 75 FD 96 FD 24 91 AF FF | T:2568833 RPD:1
[CH: 50] LEN: 12 | HEX: FA 76 FC F7 7A FD 96 F7 95 86 AF F7 | T:2568863 RPD:1
[CH: 50] LEN: 12 | HEX: F6 76 FA F6 7B F5 96 FF 49 63 BF 7E | T:2568893 RPD:1
[CH: 50] LEN: 12 | HEX: FA 76 FE F5 78 FD 96 FE BC 6D AB FF | T:2568923 RPD:1
[CH: 50] LEN: 12 | HEX: FA 76 FE EC 71 F5 96 F7 E0 88 B6 FF | T:2568953 RPD:1
[CH: 50] LEN: 12 | HEX: F2 76 F6 F3 7E FD 96 FF B6 71 BF FF | T:2568983 RPD:1
[CH: 50] LEN: 12 | HEX: FA 76 EE F2 7B BD 96 EE 8A 94 AB DF | T:2569013 RPD:1
[CH: 50] LEN: 12 | HEX: EA 76 EE F1 7A F5 96 F6 FB 1A BF 5F | T:2569043 RPD:1
[CH: 50] LEN: 12 | HEX: EA 76 F6 F0 79 DD 96 F7 A3 7F AF FB | T:2569073 RPD:1
[CH: 50] LEN: 12 | HEX: FA 76 EC EE E2 F5 96 EF 0D 95 BF EF | T:2569103 RPD:1
[CH: 50] LEN: 12 | HEX: FA 76 FE EE 63 DD 96 FE 91 70 BF FF | T:2569133 RPD:1
[CH: 50] LEN: 12 | HEX: F6 76 F6 ED 60 FD 96 FF 64 74 AF FE | T:2569163 RPD:1
[CH: 50] LEN: 12 | HEX: F6 76 F6 EC 61 FD 96 F7 78 9B BF F7 | T:2569193 RPD:1
[CH: 50] LEN: 12 | HEX: F6 76 F6 EA 67 75 96 EF 12 87 BE F7 | T:2569253 RPD:1
[CH: 50] LEN: 12 | HEX: FA 7B BD 00 81 DD 96 FE E3 B8 BF EF | T:2569462 RPD:1
[CH: 50] LEN: 12 | HEX: F6 7B BF 00 81 FB 96 FE E3 FA BB FE | T:2569462 RPD:1
[CH: 50] LEN: 12 | HEX: F9 7F F6 EE FD 70 96 EF 23 2C BF FB | T:2569493 RPD:1
[CH: 50] LEN: 12 | HEX: F9 77 76 FD D4 73 96 EF 14 AE BF 69 | T:2569496 RPD:1
[CH: 50] LEN: 12 | HEX: F5 77 FA FA F6 70 96 F7 23 2C BF BF | T:2569499 RPD:1
[CH: 50] LEN: 12 | HEX: F1 77 B6 F5 FD 73 96 F7 14 AE BD 7F | T:2569511 RPD:1
[CH: 50] LEN: 12 | HEX: F9 77 F4 FE EE 70 96 EF 23 2C BF FF | T:2569511 RPD:0
[CH: 50] LEN: 12 | HEX: F9 77 76 FD DA 73 96 F7 94 AE BF FF | T:2569522 RPD:1
[CH: 50] LEN: 12 | HEX: F5 77 FA F6 FE 70 96 FF A3 2C BF FD | T:2569533 RPD:1
[CH: 50] LEN: 12 | HEX: F9 77 DE FE FD 70 96 FB 23 2C BD DE | T:2569534 RPD:0
[CH: 50] LEN: 12 | HEX: E9 77 7A EC F6 70 96 FD 23 2C AF F7 | T:2569545 RPD:1
[CH: 50] LEN: 12 | HEX: F5 77 FA FA FD 70 96 FE A3 2C BF FF | T:2569545 RPD:0
[CH: 50] LEN: 12 | HEX: F5 77 F6 FD FD 73 96 FE 94 AE AE EF | T:2569557 RPD:1
[CH: 50] LEN: 12 | HEX: F5 77 EE FE F6 70 96 F6 A3 2C AE FE | T:2569557 RPD:0
[CH: 50] LEN: 12 | HEX: E9 77 76 FD FA 73 96 F7 14 AE BF 56 | T:2569568 RPD:1
[CH: 50] LEN: 12 | HEX: F9 77 F6 EE FD 70 96 F7 A3 2C BE FF | T:2569579 RPD:1
[CH: 50] LEN: 12 | HEX: F5 77 BC FD EA 73 96 FE 94 AE BF 77 | T:2569580 RPD:0
[CH: 50] LEN: 12 | HEX: F5 77 F4 FC FC 70 96 FE 23 2C BB FF | T:2569591 RPD:1
[CH: 50] LEN: 12 | HEX: F9 77 BA FD DE 73 96 F7 14 AE BB FF | T:2569591 RPD:0
[CH: 50] LEN: 12 | HEX: F9 77 BA F6 FE 70 96 ED 23 2C AE DF | T:2569602 RPD:1
[CH: 50] LEN: 12 | HEX: F9 77 7A F5 FD 73 96 F7 94 AE AF 7F | T:2569614 RPD:1
[CH: 50] LEN: 12 | HEX: F5 77 F6 F6 FE 70 96 F7 23 2C AF FF | T:2569614 RPD:0
[CH: 50] LEN: 12 | HEX: F5 77 F6 FD FF 73 96 FF 14 AE AF EE | T:2569625 RPD:1
[CH: 50] LEN: 12 | HEX: F1 77 EA FD FD 73 96 EF 14 AE BF FF | T:2569626 RPD:0
[CH: 50] LEN: 12 | HEX: F1 77 FC F7 F4 70 96 EF A3 2C AB EF | T:2569637 RPD:1
[CH: 50] LEN: 12 | HEX: F1 77 F6 FD FD 73 96 FF 14 AE BF F7 | T:2569637 RPD:0
[CH: 50] LEN: 12 | HEX: F5 77 B6 ED FE 70 96 FB 23 2C BF 6F | T:2569648 RPD:1
[CH: 50] LEN: 12 | HEX: F5 77 B6 F5 DE 73 D6 EE 94 AE AF EF | T:2569660 RPD:1
[CH: 50] LEN: 12 | HEX: F9 76 F6 EE FD 70 96 FE A3 2C BF FF | T:2569660 RPD:0
[CH: 50] LEN: 12 | HEX: E9 77 74 FE FD 70 96 EF 23 2C AF F5 | T:2569671 RPD:1
[CH: 50] LEN: 12 | HEX: F9 77 BE F6 FF 70 96 FF 23 2C BF EB | T:2569672 RPD:0
[CH: 50] LEN: 12 | HEX: F5 77 AA F6 FE 70 96 FE A3 2D AF DF | T:2569683 RPD:1
[CH: 50] LEN: 12 | HEX: E9 77 7E FE FE 70 96 FE A3 2C BF FF | T:2569694 RPD:1
[CH: 50] LEN: 12 | HEX: F1 77 7E FD FD 73 96 EF 94 AE BF 7F | T:2569694 RPD:0
[CH: 50] LEN: 12 | HEX: F9 77 BA F6 FE 70 96 EB 23 2C BF FF | T:2569706 RPD:1
[CH: 50] LEN: 12 | HEX: F5 77 6A F4 EE 70 96 FE 23 2C BF FB | T:2569706 RPD:0
[CH: 50] LEN: 12 | HEX: E9 77 B6 FD FD 73 96 F7 94 AE BF FE | T:2569717 RPD:1
[CH: 50] LEN: 12 | HEX: F9 77 7E EF EE 70 96 EF A3 2C AA AF | T:2569729 RPD:1
[CH: 50] LEN: 12 | HEX: F9 77 EE F5 DE 73 96 EF 14 AE B7 F7 | T:2569729 RPD:0
[CH: 50] LEN: 12 | HEX: F5 77 F6 E9 ED 73 96 FE 94 AE BD 7F | T:2569740 RPD:1
[CH: 50] LEN: 12 | HEX: F9 77 EE ED FC 73 96 EF 94 AE AF FF | T:2569740 RPD:0
[CH: 50] LEN: 12 | HEX: E9 77 BE ED FD 70 96 FD 23 2C BF 7E | T:2569752 RPD:0
[CH: 50] LEN: 12 | HEX: F5 77 6A ED EE 70 96 EE A3 2C BF 7B | T:2569762 RPD:1
[CH: 50] LEN: 12 | HEX: F5 77 BE FD FD 73 96 FF 14 AE BB FE | T:2569765 RPD:1
[CH: 50] LEN: 12 | HEX: F1 77 F6 F4 EE 70 96 F7 23 2C AF FB | T:2569768 RPD:1
[CH: 50] LEN: 12 | HEX: E9 77 B6 FD FD 73 96 FE 94 AE BB FF | T:2569779 RPD:1
[CH: 50] LEN: 12 | HEX: E9 77 7E EE F6 70 96 F6 A3 2C AF FF | T:2569780 RPD:0
[CH: 50] LEN: 12 | HEX: F9 77 F6 F5 DC 73 96 FF 14 AE BB 7E | T:2569791 RPD:1
[CH: 50] LEN: 12 | HEX: F5 77 FA F6 FE 70 96 EB A3 2C BF FF | T:2569802 RPD:1
[CH: 50] LEN: 12 | HEX: F5 77 BA F5 FF 73 96 F6 94 AE AF BF | T:2569802 RPD:0
[CH: 50] LEN: 12 | HEX: F9 77 BA FE FE 70 96 FE A3 2C BD FF | T:2569814 RPD:1
[CH: 50] LEN: 12 | HEX: E9 77 BE FE FE 70 96 FE A3 2C BF 7F | T:2569814 RPD:0
[CH: 50] LEN: 12 | HEX: F5 77 B6 F5 EE 73 96 F7 14 AE AD EF | T:2569825 RPD:1
[CH: 50] LEN: 12 | HEX: F5 77 7C EE EE 70 96 FE A3 2C BF FB | T:2569826 RPD:0
[CH: 50] LEN: 12 | HEX: F9 77 D4 FD FA 73 96 F7 54 AE BB FF | T:2569837 RPD:1
[CH: 50] LEN: 12 | HEX: F5 77 76 F6 FE 70 96 EE A3 2C BF FF | T:2569848 RPD:1
[CH: 50] LEN: 12 | HEX: F9 77 BA FD EE 73 96 FF 54 AE B7 FF | T:2569848 RPD:0
[CH: 50] LEN: 12 | HEX: F5 77 76 F6 F6 70 96 F7 A3 2C AF DF | T:2569860 RPD:1
[CH: 50] LEN: 12 | HEX: E9 77 BA FD FD 73 96 EE 94 AE BB DF | T:2569860 RPD:0
[CH: 50] LEN: 12 | HEX: E9 77 6E FE EE 70 96 F7 23 2C BE FF | T:2569871 RPD:1
[CH: 50] LEN: 12 | HEX: F5 77 BE ED FD 73 96 EF 14 AE BE FD | T:2569883 RPD:1
[CH: 50] LEN: 12 | HEX: F5 77 7E FE FD 70 96 F7 23 2C BF DF | T:2569883 RPD:0
[CH: 50] LEN: 12 | HEX: E9 77 76 FD FD 73 96 FE 94 AE BA FF | T:2569894 RPD:1
[CH: 50] LEN: 12 | HEX: F5 77 F6 F6 FE 70 96 EF 23 2C AF FB | T:2569894 RPD:0
[CH: 50] LEN: 12 | HEX: F1 77 76 ED DD 73 96 EF 94 AE BF FA | T:2569906 RPD:1
[CH: 50] LEN: 12 | HEX: E9 77 7E F5 EE 73 96 EF 94 AE AB FF | T:2569917 RPD:1
[CH: 50] LEN: 12 | HEX: F1 77 7A EF FE 70 96 FB 23 2C BD F7 | T:2569917 RPD:0
[CH: 50] LEN: 12 | HEX: F5 77 F6 F5 FD 73 96 EF 94 AE BF F5 | T:2569928 RPD:1
[CH: 50] LEN: 12 | HEX: E9 77 BA FE FF 70 96 FE A3 2C BF FF | T:2569929 RPD:0
[CH: 50] LEN: 12 | HEX: F1 77 F4 FD EE 73 96 F7 14 AE BE DF | T:2569940 RPD:1
[CH: 50] LEN: 12 | HEX: F9 77 7E EE EE 70 96 FD 23 2C B7 FF | T:2569940 RPD:0
[CH: 50] LEN: 12 | HEX: F1 77 74 F5 DE 73 96 EF 14 AE AB DD | T:2569952 RPD:1
[CH: 50] LEN: 12 | HEX: F9 77 76 F6 F6 70 96 F6 A3 2C AF BF | T:2569963 RPD:1
[CH: 50] LEN: 12 | HEX: F5 77 FA ED DC 7B 16 F6 94 AE AF FF | T:2569963 RPD:0
[CH: 50] LEN: 12 | HEX: F1 77 EA FF F7 70 96 FE A3 2C AB FF | T:2569974 RPD:1
[CH: 50] LEN: 12 | HEX: F9 77 F6 FD FE F0 96 EE 23 2D BD BF | T:2569975 RPD:0
[CH: 50] LEN: 12 | HEX: F5 77 FA FD DE 73 96 FF 14 AE BF FB | T:2569986 RPD:1
[CH: 50] LEN: 12 | HEX: F9 77 FA F6 F6 70 96 FE A3 2C BF FF | T:2569997 RPD:1
[CH: 50] LEN: 12 | HEX: F9 77 F6 F5 FA 73 96 EF 94 AE BF 7F | T:2569998 RPD:0
[CH: 50] LEN: 12 | HEX: F1 77 76 FD FD 73 96 FE 94 AE AD F5 | T:2570009 RPD:1
[CH: 50] LEN: 12 | HEX: E9 77 76 FD FC 73 96 FB D4 AE BF FF | T:2570009 RPD:0
[CH: 50] LEN: 12 | HEX: E9 77 56 FD EC 70 96 FD 23 2C BF B5 | T:2570020 RPD:1
[CH: 50] LEN: 12 | HEX: E9 77 EA ED FD 73 96 FE 94 AE BF FF | T:2570021 RPD:0
[CH: 50] LEN: 12 | HEX: F9 77 7E FE F6 70 96 F7 23 2C AD DB | T:2570032 RPD:1
[CH: 50] LEN: 12 | HEX: F5 77 6E FD FA 73 96 EE 94 AE AF ED | T:2570043 RPD:1
[CH: 50] LEN: 12 | HEX: E9 77 76 EA F6 70 96 EF 23 2C BF FF | T:2570044 RPD:1
[CH: 50] LEN: 12 | HEX: F5 77 6E ED DD 63 16 EB 94 AE B6 EF | T:2570055 RPD:1
[CH: 50] LEN: 12 | HEX: F9 77 FA FF EE 70 96 F7 23 2C AD EB | T:2570055 RPD:0
[CH: 50] LEN: 12 | HEX: E9 77 F6 ED DA 73 96 F6 94 AE BF BF | T:2570066 RPD:1
[CH: 50] LEN: 12 | HEX: F9 77 BA FF EE 70 96 F7 23 2C AF FF | T:2570078 RPD:1
[CH: 50] LEN: 12 | HEX: E9 77 6E ED DC 73 96 FF 14 AE BE EF | T:2570078 RPD:0
[CH: 50] LEN: 12 | HEX: F9 77 7E EB F6 70 96 F6 A3 2C B6 EF | T:2570089 RPD:1
[CH: 50] LEN: 12 | HEX: F5 77 F6 FC FD 70 96 FE 23 2C B7 FF | T:2570090 RPD:0
[CH: 50] LEN: 12 | HEX: FB 77 FA FD FE 73 96 EE 94 AE AF FF | T:2570101 RPD:1
[CH: 50] LEN: 12 | HEX: F9 77 EA FC ED 70 96 ED 23 2C BF FD | T:2570112 RPD:1
[CH: 50] LEN: 12 | HEX: F5 77 5E FD FD 73 96 F5 14 AE BF 7F | T:2570112 RPD:1
[CH: 50] LEN: 12 | HEX: F5 77 F6 ED FD 70 96 F6 A3 2C BD B5 | T:2570124 RPD:1
[CH: 50] LEN: 12 | HEX: F1 77 EA F5 DE 73 96 EE 94 AE AF EB | T:2570124 RPD:0
[CH: 50] LEN: 12 | HEX: F9 77 B6 FE FE 70 96 F6 A3 2C BB BF | T:2570135 RPD:1
[CH: 50] LEN: 12 | HEX: F5 77 BA F5 DC 73 96 F7 94 AE AB DF | T:2570136 RPD:0
[CH: 50] LEN: 12 | HEX: F1 77 7E ED FC 70 96 ED 23 2C BF FF | T:2570147 RPD:1
[CH: 50] LEN: 12 | HEX: E9 77 F6 FD DE 73 96 F6 94 AE BF F7 | T:2570158 RPD:1
[CH: 50] LEN: 12 | HEX: F9 77 F6 FA FE 70 96 FA 23 2C BF FF | T:2570158 RPD:0
[CH: 50] LEN: 12 | HEX: F9 77 7E FD FA 73 96 FE 94 AF BF FF | T:2570170 RPD:1
[CH: 50] LEN: 12 | HEX: F5 77 F6 FE FE 70 96 EF 23 2C BE EE | T:2570170 RPD:0
[CH: 50] LEN: 12 | HEX: F5 77 7E FD DE 73 96 EF 94 AE BD AF | T:2570181 RPD:1
[CH: 50] LEN: 12 | HEX: F9 77 B6 EF FE 70 96 FF 23 2C BD BF | T:2570193 RPD:1
[CH: 50] LEN: 12 | HEX: F9 77 76 FD FD 73 96 FD 94 AF B7 FE | T:2570193 RPD:0
[CH: 50] LEN: 12 | HEX: E9 77 F6 FD DC 73 96 FE 94 AE BF BE | T:2570204 RPD:1
[CH: 50] LEN: 12 | HEX: E9 77 FE F4 F6 70 96 EE A3 2C B6 DF | T:2570204 RPD:0
[CH: 50] LEN: 12 | HEX: F5 77 6A ED FE 73 96 F5 94 AE AF FF | T:2570216 RPD:1
[CH: 50] LEN: 12 | HEX: F5 77 F6 FE FD 70 96 FE A3 2C BF FD | T:2570216 RPD:0
[CH: 50] LEN: 12 | HEX: F9 77 FA FD EE 73 96 F7 14 AE BD FB | T:2570227 RPD:1
[CH: 50] LEN: 12 | HEX: F1 77 F6 EE FE 70 96 FE A3 2C BD FF | T:2570238 RPD:1
[CH: 50] LEN: 12 | HEX: FD 77 6A F5 DC 73 96 EF 14 AE BD 7F | T:2570239 RPD:0
[CH: 50] LEN: 12 | HEX: F9 77 76 ED FD 7B 96 EF 94 AE BF 9D | T:2570250 RPD:0
[CH: 50] LEN: 12 | HEX: F5 77 6B 00 00 71 96 F7 9C 55 BF FF | T:2570273 RPD:1
[CH: 50] LEN: 12 | HEX: F5 77 EB 00 00 71 96 EF 1C 55 BF B5 | T:2570274 RPD:1
[CH: 50] LEN: 12 | HEX: F0 6D FB 00 EC DD 96 F6 EC 9D BF FF | T:2570303 RPD:1
[CH: 50] LEN: 12 | HEX: F9 77 77 00 00 71 96 EF 9C 55 BF 7E | T:2570573 RPD:1
[CH: 50] LEN: 12 | HEX: F5 77 BB 00 00 71 96 FF 9C 55 BE FF | T:2570573 RPD:1
[CH: 50] LEN: 12 | HEX: D8 6D D7 00 FD ED 96 F7 6C 9D 3F 7D | T:2570603 RPD:1
[CH: 50] LEN: 12 | HEX: F4 6D EE 00 F6 F5 96 F7 6C 9F BB AD | T:2570604 RPD:1
[CH: 50] LEN: 12 | HEX: F5 77 BB 00 00 71 96 FE 9C 55 BF BF | T:2570872 RPD:1
[CH: 50] LEN: 12 | HEX: F5 77 F7 00 00 71 96 FF 1C 55 BF FA | T:2570873 RPD:1
[CH: 50] LEN: 12 | HEX: F8 6D F7 80 FE FD 96 FE EC 9E AB 7F | T:2570903 RPD:1
[CH: 50] LEN: 12 | HEX: F8 6D DF 00 FF FD 96 EE EC 9F AD FF | T:2570903 RPD:1
[CH: 50] LEN: 12 | HEX: F9 77 FB 00 00 71 96 F7 9C 55 BB D7 | T:2571172 RPD:1
[CH: 50] LEN: 12 | HEX: F5 77 F7 00 00 71 96 FE 9E 55 AA FE | T:2571173 RPD:1
[CH: 50] LEN: 12 | HEX: F4 6D DF 00 FE F5 96 EF 6C 9F AF 77 | T:2571203 RPD:1
[CH: 50] LEN: 12 | HEX: F0 6D FD 00 EE FD 96 F7 EC 9D BF FF | T:2571203 RPD:1
[CH: 50] LEN: 12 | HEX: F9 77 F7 00 00 71 96 F7 1C 55 BB 7F | T:2571473 RPD:1
[CH: 50] LEN: 12 | HEX: F8 6D EE 80 FF F5 96 F6 EC 9F AB FF | T:2571502 RPD:1
[CH: 50] LEN: 12 | HEX: F4 6D EF 00 EE E9 96 FD 6C 9F BB FF | T:2571503 RPD:1
[CH: 50] LEN: 12 | HEX: F5 77 77 00 00 71 96 F7 9C 55 AF F7 | T:2571772 RPD:1
[CH: 50] LEN: 12 | HEX: F1 77 DF 00 00 71 96 EF 9C 55 BF EF | T:2571772 RPD:1
[CH: 50] LEN: 12 | HEX: E8 6D DA 00 EE F5 96 EE EC 9F BF 7F | T:2571802 RPD:1
[CH: 50] LEN: 12 | HEX: F0 6D DD 00 EE ED 96 F6 EC 9D 3F DA | T:2571803 RPD:1
[CH: 50] LEN: 12 | HEX: F5 77 F5 00 00 71 96 F7 9C 55 BE FE | T:2572071 RPD:1
[CH: 50] LEN: 12 | HEX: F5 77 EF 00 00 71 96 F7 1C 55 BF D7 | T:2572072 RPD:1
[CH: 50] LEN: 12 | HEX: F8 6D FD 00 FD ED 96 FE 6C 9D BF FF | T:2572102 RPD:1
[CH: 50] LEN: 12 | HEX: F8 6D FF 00 FD F5 96 FE EC 9D BF DF | T:2572103 RPD:1
[CH: 50] LEN: 12 | HEX: F9 77 77 00 00 71 96 F7 1C 55 BD 6E | T:2572371 RPD:1
[CH: 50] LEN: 12 | HEX: F5 77 FB 00 00 71 96 FE 9C 55 BF EE | T:2572372 RPD:1
[CH: 50] LEN: 12 | HEX: E8 6D DE 00 FF ED 96 FD 6C 9F BD FD | T:2572401 RPD:1
[CH: 50] LEN: 12 | HEX: E8 6D EA 00 F5 FD 96 F6 6C 9E AF FF | T:2572402 RPD:1
[CH: 50] LEN: 12 | HEX: F1 7F F7 00 00 71 96 FD 9E 55 BF FF | T:2572671 RPD:1
[CH: 50] LEN: 12 | HEX: F9 77 77 00 00 71 96 F7 9C 55 BF 7B | T:2572671 RPD:1
[CH: 50] LEN: 12 | HEX: F8 6D DF 00 EA FD 96 EE 6C 9D BF FB | T:2572701 RPD:1
[CH: 50] LEN: 12 | HEX: F4 6D EF 00 FD F5 96 FE EC 9D 3F FA | T:2572702 RPD:1
[CH: 50] LEN: 12 | HEX: F1 77 BD 00 00 71 96 FE 9C 55 BD FF | T:2572970 RPD:1
[CH: 50] LEN: 12 | HEX: F9 77 7F 00 00 71 96 FF 5C 55 AB EE | T:2572971 RPD:1
[CH: 50] LEN: 12 | HEX: F8 6D DE 00 FD F5 96 FB 6C 9D BE DF | T:2573001 RPD:1
[CH: 50] LEN: 12 | HEX: E8 7D DD 00 FA ED 96 EF 6C 9D BF FF | T:2573002 RPD:1
[CH: 50] LEN: 12 | HEX: F5 77 BF 00 00 71 96 F6 9E 55 BF 7F | T:2573270 RPD:1
[CH: 50] LEN: 12 | HEX: E9 77 F7 00 00 71 96 FF 9C 55 BF FF | T:2573271 RPD:1
[CH: 50] LEN: 12 | HEX: E8 6D DF 00 EE ED 96 FE EC 9F 3B FF | T:2573301 RPD:1
[CH: 50] LEN: 12 | HEX: F4 6D DE 00 ED ED 96 F7 EC 9D AF FA | T:2573301 RPD:1
[CH: 50] LEN: 12 | HEX: F9 77 BF 00 00 71 96 F6 9C 55 BB EF | T:2573570 RPD:1
[CH: 50] LEN: 12 | HEX: F9 77 BF 00 00 71 96 FF 1C 55 BB 5D | T:2573571 RPD:1
[CH: 50] LEN: 12 | HEX: F4 6D F7 80 F6 FD 96 FF 6C 9F BF FE | T:2573601 RPD:1
[CH: 50] LEN: 12 | HEX: F2 76 FF 00 8C FD 96 FF 30 70 BD FF | T:2573655 RPD:1
[CH: 50] LEN: 12 | HEX: FA 76 FE 00 8C FB 96 FB 30 70 BF FE | T:2573655 RPD:1
[CH: 50] LEN: 12 | HEX: F2 76 F4 FE 73 FD 96 ED 4E 8D B7 7B | T:2573685 RPD:1
[CH: 50] LEN: 12 | HEX: FA 76 F4 F5 70 FD 96 EF BB 83 BF BF | T:2573689 RPD:1
[CH: 50] LEN: 12 | HEX: FA 76 FE FC 71 FD 96 FF 67 66 AB BB | T:2573693 RPD:1
[CH: 50] LEN: 12 | HEX: EE 76 FE FB 76 F5 96 EF 51 9F 2B D5 | T:2573723 RPD:1
[CH: 50] LEN: 12 | HEX: F2 76 F6 F2 77 DB 96 FA 8D 7A B7 F7 | T:2573753 RPD:1
[CH: 50] LEN: 12 | HEX: FA 76 FF F5 74 FD 96 FE B8 74 BF FF | T:2573783 RPD:1
[CH: 50] LEN: 12 | HEX: F2 76 FE F0 75 F9 96 F5 24 91 BF FF | T:2573813 RPD:1
[CH: 50] LEN: 12 | HEX: FA 76 FE F7 7A FD 96 FF 95 86 AF 7D | T:2573843 RPD:1
[CH: 50] LEN: 12 | HEX: F6 76 F6 F6 7B ED 96 F7 49 63 AD FF | T:2573873 RPD:1
[CH: 50] LEN: 12 | HEX: FA 76 FE F5 78 F5 96 FF 3A 6D B7 5F | T:2573903 RPD:1
[CH: 50] LEN: 12 | HEX: F2 76 FE F4 79 FD 96 FB D0 88 BF FF | T:2573933 RPD:1
[CH: 50] LEN: 12 | HEX: FA 76 FE F3 7C FD 96 F5 56 71 BF FA | T:2573963 RPD:1
[CH: 50] LEN: 12 | HEX: FA 76 FE F2 7F E9 96 FF 0A 94 B6 FF | T:2573993 RPD:1
[CH: 50] LEN: 12 | HEX: FA 76 FE F1 7C FD 96 FB 7F 9A AA DB | T:2574023 RPD:1
[CH: 50] LEN: 12 | HEX: FA 76 FE F0 7D FD 96 FF A3 7D AF FD | T:2574053 RPD:1
[CH: 50] LEN: 12 | HEX: FA 7E F6 EF 62 FD 96 FF 0D 95 BF D7 | T:2574083 RPD:1
[CH: 50] LEN: 12 | HEX: FA 76 FE EE 63 FD 96 FF D1 70 AF FB | T:2574113 RPD:1
[CH: 50] LEN: 12 | HEX: F2 76 FC ED 60 FD 96 FF A4 7E BE FF | T:2574143 RPD:1
[CH: 50] LEN: 12 | HEX: EA 76 FC FC 61 F5 96 FF 78 9B BF 7A | T:2574173 RPD:1
[CH: 50] LEN: 12 | HEX: FA 76 FA EB 66 FD 96 FF 4E 62 B7 F7 | T:2574202 RPD:1
[CH: 50] LEN: 12 | HEX: FA 76 F4 EA 67 F9 96 F5 12 87 BF FF | T:2574232 RPD:1
[CH: 50] LEN: 12 | HEX: FA 76 FE E9 64 FD 96 F7 E7 89 BF ED | T:2574262 RPD:1
[CH: 50] LEN: 12 | HEX: FA 76 FE E8 65 E9 96 FB 3B 6C BF 75 | T:2574292 RPD:1
[CH: 50] LEN: 12 | HEX: FA 76 FE E7 6A FD 96 EF 8A 7B B7 DD | T:2574322 RPD:1
[CH: 50] LEN: 12 | HEX: F2 76 FE E6 6B FD 96 F7 56 9E BF EF | T:2574352 RPD:1
[CH: 50] LEN: 12 | HEX: FA 76 FE E5 68 F9 96 FF 23 90 BF FF | T:2574382 RPD:1
[CH: 50] LEN: 12 | HEX: F2 76 FE E4 69 FD 96 F7 AF 75 AF FD | T:2574412 RPD:1
[CH: 50] LEN: 12 | HEX: FA 76 FE E3 6E FD 96 FF 69 8C BF AA | T:2574442 RPD:1
[CH: 50] LEN: 12 | HEX: FA 76 FE E2 6F ED 96 FF 15 69 AE F7 | T:2574472 RPD:1
[CH: 50] LEN: 12 | HEX: F2 76 FE E1 6C FD 96 FF 60 67 2E DE | T:2574502 RPD:1
[CH: 50] LEN: 12 | HEX: F2 76 FD E0 6D FD 96 FF BC 82 AF 6F | T:2574532 RPD:1
[CH: 50] LEN: 12 | HEX: FA 76 FE DF 52 FD 96 FF 2D 92 AE BF | T:2574562 RPD:1
[CH: 50] LEN: 12 | HEX: F2 76 FA FE 73 FD 96 FF CE 8D AF FB | T:2574592 RPD:1
[CH: 50] LEN: 12 | HEX: FA 76 FE FD 70 FD 96 FF 3B 83 BF FF | T:2574596 RPD:1
[CH: 50] LEN: 12 | HEX: FA 76 F4 FC 71 FD 96 FF 67 66 BF FE | T:2574599 RPD:1
[CH: 50] LEN: 12 | HEX: FA 76 FC FB 76 FD 96 FF 51 9F AF AB | T:2574629 RPD:1
[CH: 50] LEN: 12 | HEX: F2 76 FE F6 77 AD 96 EF 8D 7A BA FF | T:2574659 RPD:1
[CH: 50] LEN: 12 | HEX: FA 76 FE F9 74 FD 96 FF F8 74 AF 5D | T:2574689 RPD:1
[CH: 50] LEN: 12 | HEX: FA 76 FE E8 75 FD 96 FB 24 91 BB D7 | T:2574719 RPD:1
[CH: 50] LEN: 12 | HEX: FA 76 EE F7 7A FD 96 FF 95 86 BE BF | T:2574749 RPD:1
[CH: 50] LEN: 12 | HEX: FA 76 FE EE 73 ED 96 FF 49 63 BF 76 | T:2574779 RPD:1
[CH: 50] LEN: 12 | HEX: FA 76 FE E5 78 E9 96 FA 3C 6D AD BF | T:2574809 RPD:1
[CH: 50] LEN: 12 | HEX: FA 76 EE F4 7D F5 96 FF C0 88 B6 FD | T:2574839 RPD:1
[CH: 50] LEN: 12 | HEX: F2 76 FE F3 7E F5 96 FF D6 71 BF FF | T:2574869 RPD:1
[CH: 50] LEN: 12 | HEX: FA 76 FE F2 7E F1 96 FF 0A 94 AB 7C | T:2574899 RPD:1
[CH: 50] LEN: 12 | HEX: FA 76 FE F1 7C E9 96 FB 7F 9A AF FB | T:2574929 RPD:1
[CH: 50] LEN: 12 | HEX: F2 76 FE F0 7D FD 96 FF A3 7F BF D7 | T:2574959 RPD:1
[CH: 50] LEN: 12 | HEX: FA 76 FE EF 62 FD 96 FF 0D 95 AB EF | T:2574989 RPD:1
[CH: 50] LEN: 12 | HEX: FA 76 F4 EE 63 FD 96 FF 91 70 BD F7 | T:2575019 RPD:1
[CH: 50] LEN: 12 | HEX: FA 76 F4 ED 60 F5 96 FF 24 7C AF FD | T:2575049 RPD:1
[CH: 50] LEN: 12 | HEX: FA 76 FA EC 61 FD 96 FF 78 9B BE FA | T:2575079 RPD:1
[CH: 50] LEN: 12 | HEX: FA 76 FE EB 66 FD 96 FE 4E 62 AD FF | T:2575109 RPD:1
[CH: 50] LEN: 12 | HEX: FA 76 F6 EA 67 AB 96 EA 92 87 7D 7D | T:2575139 RPD:1
[CH: 50] LEN: 12 | HEX: F2 76 FE E9 64 FD 96 FF E7 09 AF 7F | T:2575169 RPD:1
[CH: 50] LEN: 12 | HEX: F2 76 FE E8 65 FD 96 FF 3B 6C AF DF | T:2575199 RPD:1
[CH: 50] LEN: 12 | HEX: F2 76 FE E7 6A F5 96 FF 8A 7B B9 F7 | T:2575228 RPD:1
[CH: 50] LEN: 12 | HEX: EA 76 FE E6 6B E9 96 FB 56 9E BF EF | T:2575258 RPD:1
[CH: 50] LEN: 12 | HEX: FA 76 F6 E5 68 FD 96 FB 23 90 AF DF | T:2575288 RPD:1
[CH: 50] LEN: 12 | HEX: F2 76 F5 E4 69 FD 96 EF DF 75 BF FB | T:2575318 RPD:1
[CH: 50] LEN: 12 | HEX: FA 76 FE E3 6E F5 96 FF C9 8C AF FF | T:2575348 RPD:1
[CH: 50] LEN: 12 | HEX: FA 76 FE E2 6F FD 96 FF 15 69 BB FF | T:2575378 RPD:1
[CH: 50] LEN: 12 | HEX: FA 76 FA E1 6C F5 96 FF 60 67 B7 DF | T:2575408 RPD:1
[CH: 50] LEN: 12 | HEX: FA 76 FA E0 6D FD 96 FF BC 82 BB DF | T:2575438 RPD:1
[CH: 50] LEN: 12 | HEX: FA 7E FE DF 52 FD 96 F5 2D 92 BF EF | T:2575468 RPD:1
[CH: 50] LEN: 12 | HEX: FA 76 F6 FA 73 DD 96 FF CE 8D BF DF | T:2575498 RPD:1
[CH: 50] LEN: 12 | HEX: FA 76 FE F5 70 FD 96 FF BB 83 AF EF | T:2575502 RPD:1
[CH: 50] LEN: 12 | HEX: FA 76 FE F8 71 FD 96 FB 67 66 BF CE | T:2575505 RPD:1
[CH: 50] LEN: 12 | HEX: FA 76 FE FB 76 FD 96 FF 51 9F 2F EE | T:2575535 RPD:1
[CH: 50] LEN: 12 | HEX: FA 76 FE FA 77 FD 96 FF 8D 7A AF BF | T:2575565 RPD:1
[CH: 50] LEN: 12 | HEX: F2 76 EC F1 74 F5 96 F7 F8 74 BF EB | T:2575595 RPD:1
[CH: 50] LEN: 12 | HEX: FA 76 FE F8 75 F5 96 FF 24 91 AF BF | T:2575625 RPD:1
[CH: 50] LEN: 12 | HEX: F2 76 FE F7 7A FD 96 F7 15 86 BF DF | T:2575655 RPD:1
[CH: 50] LEN: 12 | HEX: FA 76 FE F6 7B FD 96 FF 49 63 AD F7 | T:2575685 RPD:1
[CH: 50] LEN: 12 | HEX: FA 76 FA F5 78 F5 96 FF 3C 6D BE F6 | T:2575715 RPD:1
[CH: 50] LEN: 12 | HEX: FA 76 F6 F4 79 FD 96 FF A0 88 AF FF | T:2575745 RPD:1
[CH: 50] LEN: 12 | HEX: FA 76 FE F3 76 EB 96 FE B6 71 AF EF | T:2575775 RPD:1
[CH: 50] LEN: 12 | HEX: F2 76 F6 F2 7F DD 96 FF 0A 94 AF BE | T:2575805 RPD:1
[CH: 50] LEN: 12 | HEX: FA 76 FD F1 7C FD 96 FB 7F 9A BF AF | T:2575835 RPD:1
[CH: 50] LEN: 12 | HEX: F2 76 FE F0 7D ED 96 FF 23 7F EF FF | T:2575865 RPD:1
[CH: 50] LEN: 12 | HEX: FA 76 FE EF 62 FD 96 FB 0D 95 AF 7D | T:2575895 RPD:1
[CH: 50] LEN: 12 | HEX: F2 76 FF EF 63 A9 96 FB D1 70 AF FB | T:2575925 RPD:1
[CH: 50] LEN: 12 | HEX: FA 76 EA ED 60 F9 96 FF A4 7E BD DE | T:2575955 RPD:1
[CH: 50] LEN: 12 | HEX: FA 76 FE EC 61 FD 96 F6 78 9B BF 56 | T:2575985 RPD:1
[CH: 50] LEN: 12 | HEX: FA 76 FE EB 66 FD 96 FF 4E 62 BF 5F | T:2576015 RPD:1
[CH: 50] LEN: 12 | HEX: FA 76 FE EA 67 F9 96 F7 12 87 3B DB | T:2576045 RPD:1
[CH: 50] LEN: 12 | HEX: F2 76 FE E9 64 F5 96 FF 67 89 AD 5F | T:2576075 RPD:1
[CH: 50] LEN: 12 | HEX: F2 76 FE F8 65 FD 96 FF BB 6C AF DF | T:2576105 RPD:1
[CH: 50] LEN: 12 | HEX: FA 76 FA E7 6A F5 96 EF 4A 73 BF F3 | T:2576135 RPD:1
[CH: 50] LEN: 12 | HEX: FA 76 EE F5 68 ED 96 FD 23 90 AF BF | T:2576195 RPD:1
[CH: 50] LEN: 12 | HEX: FA 76 FE E4 69 FD 96 FF DF 75 AF FF | T:2576225 RPD:1
[CH: 50] LEN: 12 | HEX: F2 76 FE E3 6E F9 96 EF C9 8C AF 7F | T:2576255 RPD:1
[CH: 50] LEN: 12 | HEX: FA 76 FE E2 6F F5 96 FF 15 69 BE BF | T:2576285 RPD:1
[CH: 50] LEN: 12 | HEX: F2 76 FE E1 6C E9 96 F6 60 67 3F FF | T:2576315 RPD:1
[CH: 50] LEN: 12 | HEX: FA 76 FE E0 6D DD 96 F5 BC 82 AD EF | T:2576345 RPD:1
[CH: 50] LEN: 12 | HEX: F2 76 F6 DE 52 FB 96 FF 2D 92 BF FB | T:2576375 RPD:1
[CH: 50] LEN: 12 | HEX: FA 76 F4 EE 73 FD 96 F7 4E 8D BF FF | T:2576405 RPD:1
[CH: 50] LEN: 12 | HEX: F2 76 FE FD 70 F5 96 FF 7B 83 AF B5 | T:2576408 RPD:1
[CH: 50] LEN: 12 | HEX: F2 76 EC EA 71 FD 96 EE E7 66 BF FB | T:2576412 RPD:1
[CH: 50] LEN: 12 | HEX: F2 76 F6 EB 76 FD 96 F7 51 9F BF EF | T:2576442 RPD:1
[CH: 50] LEN: 12 | HEX: FA 76 FE F2 77 BD 96 FF CD 7A AF FF | T:2576472 RPD:1
[CH: 50] LEN: 12 | HEX: FA 76 F6 F1 74 FD 96 FB F8 74 AD ED | T:2576502 RPD:1
[CH: 50] LEN: 12 | HEX: F6 76 F4 F0 75 FD 96 F7 24 91 AF F6 | T:2576532 RPD:1
[CH: 50] LEN: 12 | HEX: EA 76 F6 E7 7A FD 96 EF 55 86 BF CD | T:2576562 RPD:1
[CH: 50] LEN: 12 | HEX: F2 76 F6 E6 7B BB 96 F7 49 63 AF EE | T:2576592 RPD:1
[CH: 50] LEN: 12 | HEX: FA 76 FE E5 74 F5 96 EF 38 6D AF FF | T:2576622 RPD:1
[CH: 50] LEN: 12 | HEX: FA 76 FE F4 79 F5 96 FB 60 88 AF FF | T:2576652 RPD:1
[CH: 50] LEN: 12 | HEX: F2 76 EE F3 7A ED 96 FE D6 71 B7 55 | T:2576682 RPD:1
[CH: 50] LEN: 12 | HEX: F2 76 EE F2 77 FD 96 F7 0A 94 AB 7D | T:2576712 RPD:1
[CH: 50] LEN: 12 | HEX: FA 76 FE E9 78 FD 96 FF 7F 9A B7 FF | T:2576742 RPD:1
[CH: 50] LEN: 12 | HEX: FA 76 FE F0 77 FD 96 FF 23 7D BA FD | T:2576772 RPD:1
[CH: 50] LEN: 12 | HEX: FA 76 F6 EF 62 FB 96 F5 0D 95 AE FE | T:2576802 RPD:1
[CH: 50] LEN: 12 | HEX: F2 76 F5 EE 63 D9 96 F7 51 70 BF FF | T:2576832 RPD:1
[CH: 50] LEN: 12 | HEX: FA 76 FE ED 60 F9 96 FF 64 7E AF 6F | T:2576862 RPD:1
[CH: 50] LEN: 12 | HEX: FA 7E FE EC 61 FD 96 FF 78 9B AF FF | T:2576892 RPD:1
[CH: 50] LEN: 12 | HEX: FA 76 FE EB 66 FD 96 FF 4E 62 AD BF | T:2576922 RPD:1
[CH: 50] LEN: 12 | HEX: FA 76 F4 EA 67 F7 96 FE 92 87 2F F6 | T:2576952 RPD:1
[CH: 50] LEN: 12 | HEX: FA 76 F6 E9 64 F7 96 F7 47 89 AF FE | T:2576982 RPD:1
