# TM102 live session port=/dev/cu.usbserial-0001 started=20260826-154512
[CH: 50] LEN: 12 | HEX: FA 76 FE ED 60 79 91 FF DA 73 BF FC | T:8712326 RPD:1
[CH: 50] LEN: 12 | HEX: FA 76 F6 EC 61 79 91 F7 06 96 BE EF | T:8712356 RPD:1
[CH: 50] LEN: 12 | HEX: FA 76 FE EB 66 71 91 DB 30 6F B6 EA | T:8712386 RPD:1
[CH: 50] LEN: 12 | HEX: FA 76 FE EA 67 79 91 FF CC 8A B7 FE | T:8712416 RPD:1
[CH: 50] LEN: 12 | HEX: FA 76 FE E9 64 79 91 EE 99 84 AF FF | T:8712446 RPD:1
[CH: 50] LEN: 12 | HEX: FA 76 FA E8 65 79 91 DE C5 61 BD AA | T:8712476 RPD:1
[CH: 50] LEN: 12 | HEX: F2 76 FE E7 6A 79 91 ED 74 76 BF F5 | T:8712506 RPD:1
[CH: 50] LEN: 12 | HEX: F2 76 EE E5 68 79 91 FF 5F 9D BF FF | T:8712566 RPD:1
[CH: 50] LEN: 12 | HEX: FA 76 FE E4 69 79 91 FE C1 70 AF AF | T:8712596 RPD:1
[CH: 50] LEN: 12 | HEX: FA 76 FA E3 6E 79 91 EF 77 81 BD FE | T:8712626 RPD:1
[CH: 50] LEN: 12 | HEX: F2 76 FE E2 6F 79 91 F6 EB 64 AF FF | T:8712656 RPD:1
[CH: 50] LEN: 12 | HEX: FA 76 FE E1 6C 79 91 FF 1E 6A AF 7D | T:8712686 RPD:1
[CH: 50] LEN: 12 | HEX: FA 76 FE E0 6D 79 91 FF 42 8F 35 BE | T:8712716 RPD:1
[CH: 5
0] LEN: 12 | HEX: FA 76 FC DF 52 79 91 D7 53 9F BD 55 | T:8712746 RPD:1
[CH: 50] LEN: 12 | HEX: FA 76 FE FE 73 79 91 FF 70 80 AF 7B | T:8712776 RPD:1
[CH: 50] LEN: 12 | HEX: F2 76 FE FD 70 79 91 FF 05 8E BE ED | T:8712779 RPD:1
[CH: 50] LEN: 12 | HEX: FA 76 FE FC 71 79 91 EE 99 6B AF BF | T:8712782 RPD:1
[CH: 50] LEN: 12 | HEX: FA 76 FE F3 76 79 91 FF AF 92 BF FF | T:8712794 RPD:1
[CH: 50] LEN: 12 | HEX: FA 76 FE FA 77 71 91 DF F3 77 37 FF | T:8712794 RPD:0
[CH: 50] LEN: 12 | HEX: FA 76 FA F9 74 79 91 FF C6 79 AB FF | T:8712805 RPD:1
[CH: 50] LEN: 12 | HEX: F2 76 FE F8 75 79 91 FF 5A 9C AB FE | T:8712805 RPD:0
[CH: 50] LEN: 12 | HEX: FA 76 F4 F7 7A 79 91 FE AB 8B EB F7 | T:8712817 RPD:0
[CH: 50] LEN: 12 | HEX: FA 76 F6 F5 78 79 91 D5 42 60 BF 35 | T:8712835 RPD:1
[CH: 50] LEN: 12 | HEX: FA 76 F6 F4 79 79 91 FF 9E 85 BE FB | T:8712865 RPD:1
[CH: 50] LEN: 12 | HEX: FA 76 FE F3 7C 79 91 FE A8 7C BF FF | T:8712895 RPD:1
[CH: 50] LEN: 12 | HEX: FA 76 FA F2 7F 79 91 FF F4 99 AF FF | T:8712925 RPD:1
[CH: 50] LEN: 12 | HEX: FA 7E F4 F1 7C 79 91 ED 81 97 BF BF | T:8712955 RPD:1
[CH: 50] LEN: 12 | HEX: F2 76 F4 F0 79 79 91 FF 3D 72 BE FF | T:8712985 RPD:1
[CH: 50] LEN: 12 | HEX: FA 76 FE EF 62 79 91 DF 73 98 BF FF | T:8713015 RPD:1
[CH: 50] LEN: 12 | HEX: F2 76 F4 EE 63 79 91 EB 6F 79 AF EF | T:8713045 RPD:1
[CH: 50] LEN: 12 | HEX: FA 76 FE ED 60 79 91 FF 5A 73 FF 7E | T:8713074 RPD:1
[CH: 50] LEN: 12 | HEX: FA 76 FE EC 61 79 91 FF 06 96 AF FF | T:8713104 RPD:1
[CH: 50] LEN: 12 | HEX: F2 76 FC EB 66 71 91 FC B0 6E BF FF | T:8713134 RPD:1
[CH: 50] LEN: 12 | HEX: F2 76 FE EA 67 79 91 FE AC 8A B2 FF | T:8713164 RPD:1
[CH: 50] LEN: 12 | HEX: F2 76 FE E9 64 79 91 FE 99 84 BF F7 | T:8713194 RPD:1
[CH: 50] LEN: 12 | HEX: EA 76 FE E8 65 79 91 FE C5 61 AF 5F | T:8713224 RPD:1
[CH: 50] LEN: 12 | HEX: FA 76 FE E7 6A 79 91 FF 54 76 AF F5 | T:8713254 RPD:1
[CH: 50] LEN: 12 | HEX: FA 76 F6 E6 6B 71 91 FF 28 93 BF A2 | T:8713284 RPD:1
[CH: 50] LEN: 12 | HEX: F2 76 FE E5 68 79 91 F7 5D 9D BF BF | T:8713314 RPD:1
[CH: 50] LEN: 12 | HEX: F2 76 FE E4 69 79 91 FD 41 78 AF F7 | T:8713344 RPD:1
[CH: 50] LEN: 12 | HEX: FA 76 FE E3 6E 79 91 FE F7 81 AF F7 | T:8713374 RPD:1
[CH: 50] LEN: 12 | HEX: F2 76 EE E2 6F 79 91 FE 6B 64 AF EF | T:8713404 RPD:1
[CH: 50] LEN: 12 | HEX: F2 76 FE E1 6C 79 91 EE 1C 6A AF 7F | T:8713434 RPD:1
[CH: 50] LEN: 12 | HEX: FA 76 FE E0 6D 79 91 FF C2 8F 3F EB | T:8713464 RPD:1
[CH: 50] LEN: 12 | HEX: FA 76 FF DF 52 79 91 EE D3 9F 3F FF | T:8713494 RPD:1
[CH: 50] LEN: 12 | HEX: FA 76 FE F6 73 79 91 EE 70 80 BF B7 | T:8713524 RPD:1
[CH: 50] LEN: 12 | HEX: F6 76 FE FD 70 71 91 DD 45 8F BD FF | T:8713528 RPD:1
[CH: 50] LEN: 12 | HEX: FA 76 F6 FC 71 79 91 EE 99 6B BF FD | T:8713531 RPD:1
[CH: 50] LEN: 12 | HEX: F2 76 FE F2 77 79 91 FF 53 77 BF BF | T:8713542 RPD:1
[CH: 50] LEN: 12 | HEX: FA 76 F6 F9 74 79 91 EE C6 79 A7 FF | T:8713542 RPD:1
[CH: 50] LEN: 12 | HEX: FA 76 FA F0 75 71 91 D5 5A 9C B7 57 | T:8713554 RPD:1
[CH: 50] LEN: 12 | HEX: FA 76 FE F7 7A 79 91 FF AB 8B AF FF | T:8713554 RPD:0
[CH: 50] LEN: 12 | HEX: F2 76 FE F6 7B 79 91 D7 37 6E BF FF | T:8713565 RPD:0
[CH: 50] LEN: 12 | HEX: FA 76 FE F5 78 79 91 FE C2 60 BF FF | T:8713582 RPD:1
[CH: 50] LEN: 12 | HEX: FA 76 FE F4 79 79 91 FF 5E 85 BF FC | T:8713612 RPD:1
[CH: 50] LEN: 12 | HEX: F2 76 EE E3 7E 71 91 DF A8 78 AF FE | T:8713642 RPD:1
[CH: 50] LEN: 12 | HEX: FA 76 FB F2 7F 79 91 FF 74 99 AF F5 | T:8713672 RPD:1
[CH: 50] LEN: 12 | HEX: FA 76 FE F1 78 79 91 FF 81 97 BD FF | T:8713702 RPD:1
[CH: 50] LEN: 12 | HEX: F2 76 FE F0 79 79 91 EE 9D 72 BD 7B | T:8713732 RPD:1
[CH: 50] LEN: 12 | HEX: F2 76 F6 EF 62 79 91 FF 73 98 A7 F7 | T:8713762 RPD:1
[CH: 50] LEN: 12 | HEX: F2 76 FE EE 63 79 91 FF 2F 7D BB FF | T:8713792 RPD:1
[CH: 50] LEN: 12 | HEX: FA 76 FE ED 60 79 91 D7 5A 73 AF F5 | T:8713822 RPD:1
[CH: 50] LEN: 12 | HEX: F2 76 FE EC 61 79 91 FE 86 96 BF FF | T:8713852 RPD:1
[CH: 50] LEN: 12 | HEX: FA 76 FE EB 66 79 91 FE B0 6F BF FF | T:8713882 RPD:1
[CH: 50] LEN: 12 | HEX: FA 76 FE EA 67 79 91 F7 EC 8A B7 FB | T:8713912 RPD:1
[CH: 50] LEN: 12 | HEX: FA 76 FF E9 64 71 91 F7 19 84 BF 7F | T:8713942 RPD:1
[CH: 50] LEN: 12 | HEX: FA 76 FE E8 65 79 91 FE C5 61 BE 93 | T:8713972 RPD:1
[CH: 50] LEN: 12 | HEX: FA 76 FA E7 6A 71 91 FE A4 76 BB FB | T:8714002 RPD:1
[CH: 50] LEN: 12 | HEX: FA 76 FC E6 6B 79 91 FF 28 93 BD FD | T:8714032 RPD:1
[CH: 50] LEN: 12 | HEX: F2 76 F6 E5 68 79 91 FE 5D 9D AF BD | T:8714062 RPD:1
[CH: 50] LEN: 12 | HEX: FA 76 FF E4 69 79 91 D5 41 7C BF FB | T:8714092 RPD:1
[CH: 50] LEN: 12 | HEX: FA 76 FE E3 6E 79 91 FF 77 81 AF DF | T:8714122 RPD:1
[CH: 50] LEN: 12 | HEX: F2 76 FA E2 6F 79 91 FF 6B 64 BE DD | T:8714152 RPD:1
[CH: 50] LEN: 12 | HEX: FA 76 FE E1 6C 79 91 FF 1E 6A BD 55 | T:8714182 RPD:1
[CH: 50] LEN: 12 | HEX: FA 76 FE E0 6D 79 91 DE 82 8F BF FB | T:8714212 RPD:1
[CH: 50] LEN: 12 | HEX: FA 76 F6 DE 52 79 91 FF 53 9F 3F FF | T:8714242 RPD:1
[CH: 50] LEN: 12 | HEX: FA 76 FE F6 73 79 91 FF 70 80 BF BF | T:8714272 RPD:1
[CH: 50] LEN: 12 | HEX: FA 76 FA F5 70 79 91 FF 25 8E BF FE | T:8714275 RPD:1
[CH: 50] LEN: 12 | HEX: FA 76 FE FC 71 79 91 FF 19 6B AD 7F | T:8714280 RPD:1
[CH: 50] LEN: 12 | HEX: FA 76 FE FB 76 79 91 F7 2F 92 AF 7F | T:8714291 RPD:1
[CH: 50] LEN: 12 | HEX: FA 76 FE F2 77 79 91 FF 53 77 B7 7F | T:8714291 RPD:1
[CH: 50] LEN: 12 | HEX: FA 76 FE F9 74 79 91 FF 86 79 B7 DF | T:8714302 RPD:1
[CH: 50] LEN: 12 | HEX: FA 76 FE F8 75 71 91 D5 5A 9C B3 7B | T:8714303 RPD:0
[CH: 50] LEN: 12 | HEX: FA 76 FE F7 7A 79 91 FF FB 8B BF DD | T:8714314 RPD:1
[CH: 50] LEN: 12 | HEX: FA 76 FE F6 7B 79 91 FF 37 6E BB EE | T:8714325 RPD:1
[CH: 50] LEN: 12 | HEX: FA 76 F6 F5 70 71 91 D5 42 60 AB EB | T:8714334 RPD:1
[CH: 50] LEN: 12 | HEX: FA 76 FE F4 79 79 91 FF DE 85 AB FF | T:8714364 RPD:1
[CH: 50] LEN: 12 | HEX: FA 76 FE F3 7E 79 91 EB 68 78 AF FE | T:8714394 RPD:1
[CH: 50] LEN: 12 | HEX: F2 76 FE F2 7B 79 91 EA 74 99 BF F7 | T:8714424 RPD:1
[CH: 50] LEN: 12 | HEX: FA 76 FE E1 78 79 91 F7 01 97 AF FF | T:8714454 RPD:1
[CH: 50] LEN: 12 | HEX: FA 76 FA F0 7B 79 91 FF 5D 72 BF DD | T:8714484 RPD:1
[CH: 50] LEN: 12 | HEX: FA 76 FE EF 62 79 91 FF 73 98 AD BF | T:8714514 RPD:1
[CH: 50] LEN: 12 | HEX: F2 76 F6 EE 63 79 91 FF 6F 75 AB FE | T:8714544 RPD:1
[CH: 50] LEN: 12 | HEX: EA 76 F6 ED 60 79 91 EF FA 73 BF FF | T:8714574 RPD:1
[CH: 50] LEN: 12 | HEX: FA 76 FE EC 61 79 91 FF 06 96 AF FF | T:8714604 RPD:1
[CH: 50] LEN: 12 | HEX: F2 76 ED EB 66 71 91 DF 30 6E AF EF | T:8714634 RPD:1
[CH: 50] LEN: 12 | HEX: F2 76 FE EA 67 79 91 FF 4C 8A BE FF | T:8714664 RPD:1
[CH: 50] LEN: 12 | HEX: FA 76 FE E9 64 71 91 FE D9 84 AE FD | T:8714694 RPD:1
[CH: 50] LEN: 12 | HEX: FA 76 FC E8 65 79 91 FF 45 61 AF BF | T:8714724 RPD:1
[CH: 50] LEN: 12 | HEX: FA 76 FC E7 6A 79 91 FF E4 76 BE EE | T:8714754 RPD:1
[CH: 50] LEN: 12 | HEX: FA 76 FF E6 6B 79 91 FF 28 93 AF EB | T:8714784 RPD:1
[CH: 50] LEN: 12 | HEX: F2 76 EE E5 68 79 91 EE 5D 9D BF FF | T:8714814 RPD:1
locked RF_CH 50 (2450 MHz)
[CH: 50] LEN: 12 | HEX: F2 76 FE E4 69 79 91 F7 81 78 BF 6F | T:8714843 RPD:1
[CH: 50] LEN: 12 | HEX: FA 76 F6 E3 6E 79 91 FF B7 81 BB FF | T:8714873 RPD:1
[CH: 50] LEN: 12 | HEX: FA 76 FE E2 6F 79 91 FE EB 64 BF EF | T:8714903 RPD:1
[CH: 50] LEN: 12 | HEX: FA 76 FE E1 6C 79 91 F7 1E 6A A7 B6 | T:8714933 RPD:1
[CH: 50] LEN: 12 | HEX: F2 7E FE E0 6D 79 91 EF C2 8F BF F7 | T:8714963 RPD:1
[CH: 50] LEN: 12 | HEX: FA 76 FE DE 52 79 91 F7 D3 9E BF FD | T:8714993 RPD:1
[CH: 50] LEN: 12 | HEX: FA 76 FE FE 73 79 91 FF B0 80 BD FF | T:8715023 RPD:1
[CH: 50] LEN: 12 | HEX: FA 76 FE FD 70 79 91 FF A5 8E AF BD | T:8715027 RPD:1
[CH: 50] LEN: 12 | HEX: FA 76 EE F4 71 79 91 FF 19 6B FB FE | T:8715031 RPD:1
[CH: 50] LEN: 12 | HEX: F6 76 FE FB 76 79 91 FF 2F 92 BE ED | T:8715042 RPD:1
[CH: 50] LEN: 12 | HEX: F2 76 FE FA 77 79 91 FF DB 77 BF FF | T:8715043 RPD:0
[CH: 50] LEN: 12 | HEX: FA 76 FE F1 74 79 91 FF 86 79 BF DB | T:8715054 RPD:1
[CH: 50] LEN: 12 | HEX: FA 76 FD F8 7D 79 91 FF 5A 9C BF D5 | T:8715054 RPD:0
[CH: 50] LEN: 12 | HEX: FA 76 FE F7 7A 79 91 FF DB 8B BF 5F | T:8715065 RPD:0
[CH: 50] LEN: 12 | HEX: FA 76 FE F5 70 71 91 AA 42 60 B7 D5 | T:8715082 RPD:1
[CH: 50] LEN: 12 | HEX: FA 76 F5 F4 71 71 91 FF 5E 85 AE BB | T:8715112 RPD:1
[CH: 50] LEN: 12 | HEX: FA 76 F6 F3 7C 79 91 FF A8 7C AD F7 | T:8715142 RPD:1
[CH: 50] LEN: 12 | HEX: FA 76 FE F2 7B 79 91 FF 74 99 AF DB | T:8715172 RPD:1
[CH: 50] LEN: 12 | HEX: F2 76 FE F1 7C 79 91 FE 81 97 AF FD | T:8715202 RPD:1
[CH: 50] LEN: 12 | HEX: FA 76 FE F0 7D 79 91 D7 DD 72 BF AF | T:8715232 RPD:1

Addressed capture: 5-byte address 18 18 18 18 3A, CRC off.
Every line below matched all 40 address bits in hardware.
Byte 0 is payload p0. Press x to stop.

[CH: 50] LEN: 12 | HEX: FA 76 FE EF 62 79 91 DD 73 98 AB AD | T:8715262 RPD:1
[CH: 50] LEN: 12 | HEX: FA 76 FE EE 63 79 91 FB 6F 7D AF AF | T:8715292 RPD:1
[CH: 50] LEN: 12 | HEX: FA 76 F5 ED 60 79 91 FF 5A 73 BE F7 | T:8715322 RPD:1
[CH: 50] LEN: 12 | HEX: FA 76 FE EC 61 79 91 F7 06 96 BF 6F | T:8715352 RPD:1
[CH: 50] LEN: 12 | HEX: FA 76 EA EB 66 79 91 D7 30 6F 3E 7F | T:8715382 RPD:1
[CH: 50] LEN: 12 | HEX: F2 76 FA EA 67 79 91 DE EC 8A BF F7 | T:8715412 RPD:1
[CH: 50] LEN: 12 | HEX: F2 76 FE E9 64 79 91 FE 99 84 BF FF | T:8715442 RPD:1
[CH: 50] LEN: 12 | HEX: FA 76 FE E8 65 79 91 FF 45 61 BE FF | T:8715472 RPD:1
[CH: 50] LEN: 12 | HEX: FA 76 FE E7 6A 79 91 FD 74 76 BF BE | T:8715502 RPD:1
[CH: 50] LEN: 12 | HEX: FA 7E FE E5 68 79 91 FE DD 9D BD DC | T:8715562 RPD:1
[CH: 50] LEN: 12 | HEX: F2 76 F5 E4 69 79 91 EE C1 78 BB FE | T:8715592 RPD:1
[CH: 50] LEN: 12 | HEX: FA 76 FE E3 6E 71 91 FF B7 81 BB DF | T:8715622 RPD:1
[CH: 50] LEN: 12 | HEX: F6 76 F6 E2 6F 75 91 FE 6B 64 BF 7F | T:8715652 RPD:1
[CH: 50] LEN: 12 | HEX: FA 76 FE E1 6C 7D 91 FF 1E 6A AD FF | T:8715682 RPD:1
[CH: 50] LEN: 12 | HEX: FA 76 FE E0 6D 79 91 FF A2 8F BF FD | T:8715712 RPD:1
[CH: 50] LEN: 12 | HEX: FA 76 FE DF 52 79 91 FF 53 9F B7 FF | T:8715742 RPD:1
[CH: 50] LEN: 12 | HEX: FA 76 FE F6 73 71 91 F6 B0 80 BF EE | T:8715772 RPD:1
[CH: 50] LEN: 12 | HEX: FA 76 FA FD 70 79 91 FF C5 8E BF 7D | T:8715775 RPD:1
[CH: 50] LEN: 12 | HEX: FA 76 FE F4 71 79 91 F5 19 6B AF FB | T:8715779 RPD:1
[CH: 50] LEN: 12 | HEX: F2 76 FE FB 76 79 91 FB 2F 92 AB 76 | T:8715791 RPD:1
[CH: 50] LEN: 12 | HEX: FA 76 F6 FA 77 79 91 EE A3 77 BF FF | T:8715814 RPD:1
[CH: 50] LEN: 12 | HEX: FA 76 FE F9 74 79 91 FF 86 79 AF DF | T:8715817 RPD:1
[CH: 50] LEN: 12 | HEX: FA 76 FE F8 75 79 91 FE DA 9C BB DD | T:8715821 RPD:1
[CH: 50] LEN: 12 | HEX: F2 76 F6 F7 7A 79 91 FF 4B 8B BF 7E | T:8715833 RPD:1
[CH: 50] LEN: 12 | HEX: F2 76 FD F6 7B 79 91 FF 37 6E BF BF | T:8715856 RPD:1
[CH: 50] LEN: 12 | HEX: FA 76 FE F5 78 79 91 F7 42 60 BD FB | T:8715886 RPD:1
[CH: 50] LEN: 12 | HEX: FA 76 FE F4 71 79 91 FF 9E 85 AA BE | T:8715916 RPD:1
[CH: 50] LEN: 12 | HEX: FA 76 F6 F3 76 79 91 EA E8 78 BF B8 | T:8715946 RPD:1
[CH: 50] LEN: 12 | HEX: EA 76 FE F2 7F 79 91 FF 74 99 B6 DD | T:8715976 RPD:1
[CH: 50] LEN: 12 | HEX: F2 76 FE F1 7C 79 91 FF 01 97 AE A4 | T:8716006 RPD:1
[CH: 50] LEN: 12 | HEX: FA 76 F5 F0 7D 79 91 FF BD 72 AF DF | T:8716036 RPD:1
[CH: 50] LEN: 12 | HEX: FA 76 FE EF 62 79 91 FF 73 D8 BF FD | T:8716066 RPD:1
[CH: 50] LEN: 12 | HEX: FA 76 FE EE 63 79 91 FF AF 7D BB FF | T:8716096 RPD:1
[CH: 50] LEN: 12 | HEX: FA 76 EC ED 60 79 91 FF DA 73 AF 7F | T:8716126 RPD:1
[CH: 50] LEN: 12 | HEX: FA 76 FC EC 61 79 91 FF 06 96 AF 7F | T:8716156 RPD:1
[CH: 50] LEN: 12 | HEX: FA 76 FE EB 66 79 91 FF 30 6F BD FF | T:8716185 RPD:1
[CH: 50] LEN: 12 | HEX: FA 76 FE EA 67 79 91 FE AC 8A BD 5F | T:8716215 RPD:1
[CH: 50] LEN: 12 | HEX: FA 76 FA E9 64 79 91 FE 59 84 AF FB | T:8716245 RPD:1
[CH: 50] LEN: 12 | HEX: FA 76 F4 E8 65 79 91 EB 45 61 BE FF | T:8716275 RPD:1
[CH: 50] LEN: 12 | HEX: F2 76 FA E6 6B 79 91 ED 28 93 BF DF | T:8716335 RPD:1
[CH: 50] LEN: 12 | HEX: FA 76 F6 E5 68 79 91 F6 DD 9D AE FF | T:8716365 RPD:1
[CH: 50] LEN: 12 | HEX: FA 76 FC E4 69 79 91 EF 01 70 AF 3B | T:8716395 RPD:1
[CH: 50] LEN: 12 | HEX: FA 76 FA E3 6E 71 91 EF 37 01 BE FD | T:8716425 RPD:1
[CH: 50] LEN: 12 | HEX: F2 76 FE E2 6F 79 91 FF 6B 64 BF DF | T:8716455 RPD:1
[CH: 50] LEN: 12 | HEX: F2 76 FE E1 6C 79 91 FF 1E 6A AA FD | T:8716485 RPD:1
[CH: 50] LEN: 12 | HEX: FA 76 FE E0 6D 79 91 EF A2 8F AF 77 | T:8716515 RPD:1
[CH: 50] LEN: 12 | HEX: F2 76 F6 DF 52 79 91 EB 53 9D 2F 6B | T:8716545 RPD:1
[CH: 50] LEN: 12 | HEX: FA 76 FE FE 73 79 91 FF F0 80 BF ED | T:8716575 RPD:1
[CH: 50] LEN: 12 | HEX: F2 76 FE F5 70 79 91 F7 A5 8E AD ED | T:8716579 RPD:1
[CH: 50] LEN: 12 | HEX: FA 76 FE FC 71 79 91 EE 19 6B BB FF | T:8716582 RPD:1
[CH: 50] LEN: 12 | HEX: FA 76 FA FB 76 79 91 FF 2F 92 BA FF | T:8716593 RPD:1
[CH: 50] LEN: 12 | HEX: FA 76 FE FA 77 79 91 FF D3 77 B5 EE | T:8716593 RPD:0
[CH: 50] LEN: 12 | HEX: FA 76 FE F9 74 79 91 FF C6 79 BF 9D | T:8716605 RPD:1
[CH: 50] LEN: 12 | HEX: F2 76 FE E8 75 79 91 FF 5A 9C B3 BE | T:8716605 RPD:0
[CH: 50] LEN: 12 | HEX: FA 76 FB F6 7B 79 91 FE B7 6E AE 77 | T:8716616 RPD:0
[CH: 50] LEN: 12 | HEX: FA 76 F6 F5 78 79 91 FF C2 60 AF D7 | T:8716634 RPD:1
[CH: 50] LEN: 12 | HEX: F2 7B FD 80 81 71 91 EE 5D E1 BE F7 | T:8716858 RPD:1
[CH: 50] LEN: 12 | HEX: FA 7B FF 00 81 79 91 FF 9D F1 BF BF | T:8716859 RPD:1
[CH: 50] LEN: 12 | HEX: F9 77 D5 FE EA 70 91 EF 3A BB FD FF | T:8716888 RPD:1
[CH: 50] LEN: 12 | HEX: F9 77 DB F5 FE 73 91 FF 0D 39 AF ED | T:8716891 RPD:1
[CH: 50] LEN: 12 | HEX: F1 77 FA FC FA 72 91 FD 10 58 BF BB | T:8716894 RPD:1
[CH: 50] LEN: 12 | HEX: F1 77 EE FB EE 75 91 FF F2 1C BB FB | T:8716906 RPD:1
[CH: 50] LEN: 12 | HEX: F9 77 FC F2 F5 74 91 FF 4F 7D BF DD | T:8716906 RPD:0
[CH: 50] LEN: 12 | HEX: F1 77 FD F1 FE 77 11 EF 58 F5 3B DB | T:8716917 RPD:1
[CH: 50] LEN: 12 | HEX: F1 77 FD F0 FD 76 91 FF 45 9E BF FF | T:8716929 RPD:1
[CH: 50] LEN: 12 | HEX: F1 77 BD F7 BC 79 91 EF 0C 56 AB D7 | T:8716929 RPD:0
[CH: 50] LEN: 12 | HEX: F9 77 FB F8 FE 72 91 AA 10 58 BB B5 | T:8716940 RPD:1
[CH: 50] LEN: 12 | HEX: F9 77 BF F0 FE 76 91 FE A5 9E BB EF | T:8716940 RPD:0
[CH: 50] LEN: 12 | HEX: F9 77 FE F7 FC 79 91 FF CC 56 BF FE | T:8716952 RPD:1
[CH: 50] LEN: 12 | HEX: F9 77 FE FC FE 72 91 FF 90 58 AE FF | T:8716952 RPD:0
[CH: 50] LEN: 12 | HEX: F9 77 EC FB FE 75 91 FF 72 1C BF 7F | T:8716963 RPD:1
[CH: 50] LEN: 12 | HEX: F1 77 FA F8 FE 76 91 FF 45 9E AF FE | T:8716975 RPD:1
[CH: 50] LEN: 12 | HEX: F1 77 7E F7 5A 79 91 FF 8C 56 BF FF | T:8716975 RPD:0
[CH: 50] LEN: 12 | HEX: F1 77 FC FC FE 72 91 FF 10 58 B7 FF | T:8716986 RPD:1
[CH: 50] LEN: 12 | HEX: F9 77 FB F9 FE 77 91 DE 58 F7 3F EF | T:8716986 RPD:0
[CH: 50] LEN: 12 | HEX: F1 77 DB F0 F4 76 91 DE C5 9E BF 7F | T:8716998 RPD:1
[CH: 50] LEN: 12 | HEX: F9 77 BD FD FE 73 91 DD 0D 39 B7 FF | T:8717009 RPD:1
[CH: 50] LEN: 12 | HEX: F1 77 DD FC FE 72 91 F7 90 58 AD FB | T:8717009 RPD:0
[CH: 50] LEN: 12 | HEX: F9 77 ED F9 FA 77 91 F6 58 FF FF FF | T:8717021 RPD:1
[CH: 50] LEN: 12 | HEX: F9 77 FD FD FE 73 91 FF 0D 39 AD FF | T:8717021 RPD:0
[CH: 50] LEN: 12 | HEX: F9 77 FD FC FA 72 91 FF D0 58 BF FF | T:8717032 RPD:1
[CH: 50] LEN: 12 | HEX: F9 77 EA F9 F4 77 91 FE 58 FF FB FF | T:8717032 RPD:0
[CH: 50] LEN: 12 | HEX: F1 77 FD F8 FA 76 91 FD 45 9E BF FF | T:8717044 RPD:1
[CH: 50] LEN: 12 | HEX: F9 77 EE F9 FE 73 91 F6 0D 39 BE FF | T:8717055 RPD:1
[CH: 50] LEN: 12 | HEX: F9 77 FE FC FE 72 91 FF 90 58 BF BF | T:8717055 RPD:0
[CH: 50] LEN: 12 | HEX: F9 77 BB FA F5 74 91 FF AF 7D AD FF | T:8717067 RPD:1
[CH: 50] LEN: 12 | HEX: F9 77 FD FE FE 70 91 FF BA BB BF BD | T:8717067 RPD:0
[CH: 50] LEN: 12 | HEX: F9 7F FE FD DC 73 91 DD 0D 39 BD EF | T:8717078 RPD:1
[CH: 50] LEN: 12 | HEX: F9 77 FE EE FE 74 91 FF 5F 79 2F FF | T:8717089 RPD:1
[CH: 50] LEN: 12 | HEX: F9 77 FA F9 FE 77 91 FF 58 FF AF FF | T:8717090 RPD:0
[CH: 50] LEN: 12 | HEX: F9 77 FC FE F6 70 91 FF FA BB BF FF | T:8717101 RPD:1
[CH: 50] LEN: 12 | HEX: F9 77 BD FA FA 74 91 FF AF 7D BF 6F | T:8717101 RPD:1
[CH: 50] LEN: 12 | HEX: F1 77 FD F9 F6 77 91 FE 58 FF FF DD | T:8717113 RPD:1
[CH: 50] LEN: 12 | HEX: F9 77 BE FA FE 70 91 FF 7A BB BE EF | T:8717124 RPD:1
[CH: 50] LEN: 12 | HEX: F9 77 BB F9 F6 73 91 FF 0D 39 BF FF | T:8717124 RPD:0
[CH: 50] LEN: 12 | HEX: F1 77 FE F3 FE 75 91 EE F2 1C B7 FF | T:8717135 RPD:1
[CH: 50] LEN: 12 | HEX: F9 77 FE F7 FE 79 91 FF CC 56 BD EF | T:8717136 RPD:0
[CH: 50] LEN: 12 | HEX: F9 77 FB F6 FE 70 91 EF 7A BB BF FF | T:8717147 RPD:1
[CH: 50] LEN: 12 | HEX: F1 77 FE F3 FC 75 91 F7 72 1C BF F7 | T:8717147 RPD:0
[CH: 50] LEN: 12 | HEX: F1 77 F5 FA FE 74 91 FF 6F 79 AF F7 | T:8717159 RPD:1
[CH: 50] LEN: 12 | HEX: F9 77 FD F7 FD 79 91 FF CC 56 AF FF | T:8717170 RPD:1
[CH: 50] LEN: 12 | HEX: F9 77 BA FE F6 78 91 FF BA BB AF D5 | T:8717170 RPD:1
[CH: 50] LEN: 12 | HEX: F9 77 FC FB FE 75 91 FE 72 1C BB ED | T:8717181 RPD:1
[CH: 50] LEN: 12 | HEX: F9 77 DD E8 FE 76 91 FF 45 9E BF FF | T:8717182 RPD:0
[CH: 50] LEN: 12 | HEX: F9 77 BD F7 DD 79 91 FE CC 56 B6 FF | T:8717193 RPD:1
[CH: 50] LEN: 12 | HEX: F9 77 DC FC FE 72 91 F5 10 58 AF FB | T:8717204 RPD:1
[CH: 50] LEN: 12 | HEX: F9 77 F9 FB EE 75 91 FF 72 1C BF FF | T:8717204 RPD:0
[CH: 50] LEN: 12 | HEX: F9 77 FD F8 FE 76 91 FF A5 9E AD FF | T:8717216 RPD:1
[CH: 50] LEN: 12 | HEX: F9 77 FE FC FE 72 91 FB 50 58 BF FF | T:8717216 RPD:0
[CH: 50] LEN: 12 | HEX: F5 77 FF F3 FE 75 91 FF 72 1C AF FE | T:8717227 RPD:1
[CH: 50] LEN: 12 | HEX: F9 77 FE F8 FE 76 91 FF C5 9E AB AA | T:8717228 RPD:0
[CH: 50] LEN: 12 | HEX: F9 77 DB F7 FE 79 91 FF 8C 56 BF 56 | T:8717239 RPD:1
[CH: 50] LEN: 12 | HEX: F1 77 DE FC FE 72 91 FF 90 58 BF B7 | T:8717250 RPD:1
[CH: 50] LEN: 12 | HEX: F9 77 FD FB FE 75 91 FF 72 1C BD 6F | T:8717250 RPD:0
[CH: 50] LEN: 12 | HEX: F9 77 FA F0 F5 76 91 F7 25 9F BE FF | T:8717262 RPD:1
[CH: 50] LEN: 12 | HEX: F1 77 FF F5 FE 73 91 FB 0D 39 B7 FF | T:8717262 RPD:0
[CH: 50] LEN: 12 | HEX: F9 77 FE FC F6 72 91 FF 50 58 AE FF | T:8717273 RPD:1
[CH: 50] LEN: 12 | HEX: F9 77 DC F1 FE 77 91 FF 58 FF BF FF | T:8717285 RPD:1
[CH: 50] LEN: 12 | HEX: F9 77 FE F8 F4 7E 91 FF A5 9E BD F7 | T:8717285 RPD:0
[CH: 50] LEN: 12 | HEX: F9 77 FD FD FE 73 91 EB 0D 39 BF FF | T:8717296 RPD:1
[CH: 50] LEN: 12 | HEX: F9 77 FD F0 FA 76 91 EE 85 9E BF FF | T:8717296 RPD:0
[CH: 50] LEN: 12 | HEX: F9 77 FE F7 FE 79 91 FF 8C 56 B5 65 | T:8717308 RPD:1
[CH: 50] LEN: 12 | HEX: F9 77 FC FD FE 73 91 FE 0D 39 BF DF | T:8717319 RPD:1
[CH: 50] LEN: 12 | HEX: F1 77 FD FC F5 72 91 FF 50 58 BA DF | T:8717319 RPD:0
[CH: 50] LEN: 12 | HEX: F9 77 DD FA FE 74 91 FF 4F 7D BD 76 | T:8717331 RPD:1
[CH: 50] LEN: 12 | HEX: F1 77 FA FA FE 70 91 DE FA BB AE EB | T:8717331 RPD:0
[CH: 50] LEN: 12 | HEX: F9 77 FF FB F6 73 91 FF 0D 39 AD F7 | T:8717342 RPD:1
[CH: 50] LEN: 12 | HEX: F9 77 FE F2 FE 74 91 F6 BF 7D B5 FD | T:8717342 RPD:0
[CH: 50] LEN: 12 | HEX: F1 77 FE F1 FE 77 11 EE D8 F5 6F DB | T:8717354 RPD:1
[CH: 50] LEN: 12 | HEX: F9 77 FC FE FE 70 91 FE FA BB BF 75 | T:8717365 RPD:1
[CH: 50] LEN: 12 | HEX: F9 77 F4 F5 EE 7B 91 DE 8D 39 BF FB | T:8717365 RPD:0
[CH: 50] LEN: 12 | HEX: F9 77 FD FA FE 74 91 FE AF 7D AB FF | T:8717377 RPD:1
[CH: 50] LEN: 12 | HEX: F9 77 D6 FE F6 70 91 EF 7A BB BF FF | T:8717377 RPD:0
[CH: 50] LEN: 12 | HEX: F9 77 FD FD EE 73 91 FF 0D 39 BF 6F | T:8717388 RPD:1
[CH: 50] LEN: 12 | HEX: F9 77 BD F3 FE 75 91 FF 72 1C AE FA | T:8717399 RPD:1
[CH: 50] LEN: 12 | HEX: F1 77 DA F2 F5 74 91 FF AF 7D AF F7 | T:8717400 RPD:1
[CH: 50] LEN: 12 | HEX: F9 77 FE F7 FF 79 91 FF CC 56 BF FF | T:8717411 RPD:1
[CH: 50] LEN: 12 | HEX: F9 77 EC FB FE 75 91 F7 72 1C AF FF | T:8717411 RPD:0
[CH: 50] LEN: 12 | HEX: F9 77 A9 F2 FE 74 91 EE AF 7D BF FF | T:8717423 RPD:1
[CH: 50] LEN: 12 | HEX: F9 77 DE F7 FC 79 91 FF 8C 56 BF DF | T:8717423 RPD:0
[CH: 50] LEN: 12 | HEX: F9 77 BE FE FD 70 91 F7 3A BB AB 95 | T:8717434 RPD:1
[CH: 50] LEN: 12 | HEX: F1 77 FD FB DE 75 91 FF 72 1C AB FF | T:8717445 RPD:1
[CH: 50] LEN: 12 | HEX: F9 77 FF FA FE 74 91 FF 6F 79 AD 5F | T:8717446 RPD:0
[CH: 50] LEN: 12 | HEX: E9 77 BB F7 BD 79 91 EF 4C 56 AF EF | T:8717457 RPD:1
[CH: 50] LEN: 12 | HEX: F9 77 FF FC FA 72 91 FE D0 58 BF FF | T:8717457 RPD:0
[CH: 50] LEN: 12 | HEX: F1 77 DE FB DE 75 91 FF 72 1C AF AD | T:8717468 RPD:1
[CH: 50] LEN: 12 | HEX: F9 77 FE F8 FC 76 91 FF C5 9E AD FF | T:8717480 RPD:0
[CH: 50] LEN: 12 | HEX: F9 77 FE F7 DC 79 91 FF 4C 56 BF 7F | T:8717480 RPD:0
[CH: 50] LEN: 12 | HEX: F9 77 FC FE FE 70 91 FB 3A BB BF F7 | T:8717491 RPD:1
[CH: 50] LEN: 12 | HEX: F9 77 FD FD FA 73 91 FF 0D 39 AF FF | T:8717492 RPD:0
[CH: 50] LEN: 12 | HEX: F9 77 FC F4 FE 72 91 FF 50 58 AD DF | T:8717503 RPD:1
[CH: 50] LEN: 12 | HEX: F9 77 FB FA FE 74 91 F6 AF 7D BF 7F | T:8717514 RPD:0
[CH: 50] LEN: 12 | HEX: F9 77 BC F9 FE 77 11 FF D8 FF EF FF | T:8717514 RPD:0
[CH: 50] LEN: 12 | HEX: F9 77 FC FE F6 F0 91 FF BA BB 3F FF | T:8717526 RPD:1
[CH: 50] LEN: 12 | HEX: F9 77 DE FD F6 73 91 FF 0D 39 A7 FF | T:8717526 RPD:1
[CH: 50] LEN: 12 | HEX: F9 77 DA F4 FE 72 91 D6 D0 58 B7 FF | T:8717537 RPD:1
[CH: 50] LEN: 12 | HEX: F9 77 BC F3 FE 75 91 FE F2 1E AF FF | T:8717538 RPD:0
[CH: 50] LEN: 12 | HEX: F9 77 FD FA F6 74 91 F6 AF 7D BF FF | T:8717549 RPD:1
[CH: 50] LEN: 12 | HEX: F9 77 FD F8 F6 76 91 FF E5 9E BE FF | T:8717560 RPD:0
[CH: 50] LEN: 12 | HEX: F9 77 FF F7 FD 79 91 FF 4C 56 BF FE | T:8717560 RPD:0
[CH: 50] LEN: 12 | HEX: F1 77 FD FE FE 70 91 EB 7A BB BB FD | T:8717572 RPD:1
[CH: 50] LEN: 12 | HEX: F9 77 FD FD ED 73 91 FF 0D 39 AD AD | T:8717572 RPD:0
[CH: 50] LEN: 12 | HEX: F9 77 FD FC FE 72 91 FF D0 58 BF FF | T:8717583 RPD:1
[CH: 50] LEN: 12 | HEX: F9 77 FE FA FA 74 91 FF FF 7D BF EF | T:8717595 RPD:1
[CH: 50] LEN: 12 | HEX: F1 77 FD F9 EA 77 91 FF 58 FF 7F ED | T:8717595 RPD:0
[CH: 50] LEN: 12 | HEX: F9 77 FE F7 FD 79 91 FF CC 56 AF FF | T:8717606 RPD:1
[CH: 50] LEN: 12 | HEX: F9 77 DE F3 FE 75 91 FE 72 1C BF BF | T:8717606 RPD:0
[CH: 50] LEN: 12 | HEX: F9 77 FB FA FE 74 91 EF 4F 7D AF FF | T:8717618 RPD:1
[CH: 50] LEN: 12 | HEX: F9 77 FE F7 FE 79 91 FF 8C 56 AA FF | T:8717618 RPD:0
[CH: 50] LEN: 12 | HEX: F9 77 FC FE FE 70 91 FF BA BB BD FD | T:8717629 RPD:1
[CH: 50] LEN: 12 | HEX: F9 77 FE F3 FE 75 91 FE 72 1C BB EF | T:8717641 RPD:1
[CH: 50] LEN: 12 | HEX: F9 77 FC F2 FE 74 91 EF BF 7D BF FF | T:8717641 RPD:0
[CH: 50] LEN: 12 | HEX: F9 77 FD F7 FB 79 91 FF 8C 56 BF E2 | T:8717652 RPD:1
[CH: 50] LEN: 12 | HEX: F9 77 FD FE FF 70 91 FE FA BB B7 FE | T:8717652 RPD:1
[CH: 50] LEN: 12 | HEX: F9 77 FE FD EA 73 91 FE 8D 39 BF FF | T:8717664 RPD:1
[CH: 50] LEN: 12 | HEX: F9 77 DD FC F6 72 91 D5 10 58 BD FF | T:8717675 RPD:1
[CH: 50] LEN: 12 | HEX: F9 77 FB FB FE 7D 91 FE 72 1E AF BF | T:8717675 RPD:0
[CH: 50] LEN: 12 | HEX: F9 77 FE F9 FE 77 91 EF 58 FF BF FF | T:8717687 RPD:1
[CH: 50] LEN: 12 | HEX: F9 77 DB F6 F4 70 91 FF 7A BB AF FE | T:8717687 RPD:0
[CH: 50] LEN: 12 | HEX: F9 77 FE FD FE 73 91 FF 0D 39 B7 BE | T:8717698 RPD:1
[CH: 50] LEN: 12 | HEX: F9 77 FD F6 FE 7C 91 FF 4F 79 B7 FE | T:8717709 RPD:1
[CH: 50] LEN: 12 | HEX: F1 77 FB F9 FE 77 91 FE 58 FF 7E DF | T:8717710 RPD:0
[CH: 50] LEN: 12 | HEX: F1 77 BA FE FE 70 91 EF 7A BB BF DF | T:8717721 RPD:1
[CH: 50] LEN: 12 | HEX: F9 7F 7C F2 F5 74 91 FE 9F 7D BE BB | T:8717721 RPD:0
[CH: 50] LEN: 12 | HEX: F9 77 FE F9 FE 77 91 FF 58 FF BF 88 | T:8717732 RPD:1
[CH: 50] LEN: 12 | HEX: F9 77 BE EE FE 70 91 FD 3A BB BB FF | T:8717733 RPD:1
[CH: 50] LEN: 12 | HEX: F9 77 DE FD FE 73 91 FF 0D 39 AF FF | T:8717744 RPD:1
[CH: 50] LEN: 12 | HEX: F9 77 EC FB FE 75 91 EE F2 1C AF FF | T:8717755 RPD:1
[CH: 50] LEN: 12 | HEX: F9 77 FE FA FE 74 91 FF AF 7D AF FB | T:8717756 RPD:0
[CH: 50] LEN: 12 | HEX: F1 77 FD F7 FD 79 91 FF 4C 56 BF FF | T:8717767 RPD:1
[CH: 50] LEN: 12 | HEX: F9 77 FB EB FE 7D 91 EF 72 1C BD FF | T:8717767 RPD:0
[CH: 50] LEN: 12 | HEX: F9 77 FD FA FE 74 91 FF 4F 7D BF 75 | T:8717778 RPD:1
[CH: 50] LEN: 12 | HEX: F9 77 BB F7 FE 79 91 FF 8C 56 B7 FF | T:8717790 RPD:1
[CH: 50] LEN: 12 | HEX: E9 77 FE FA FE 70 91 FF 7A BB FF AF | T:8717790 RPD:1
[CH: 50] LEN: 12 | HEX: F9 77 F9 FB FE 73 91 FF 0D 39 BB EB | T:8717801 RPD:1
[CH: 50] LEN: 12 | HEX: F1 77 BE F4 FE 72 91 FF D0 58 BF DF | T:8717802 RPD:0
[CH: 50] LEN: 12 | HEX: F9 77 FC FB FF 75 91 FF 72 1C BE DF | T:8717813 RPD:1
[CH: 50] LEN: 12 | HEX: F9 77 FA F9 FE 77 91 FF 58 FF BA FB | T:8717813 RPD:0
[CH: 50] LEN: 12 | HEX: F9 77 FE F8 FE 76 91 FF 65 9E AF DF | T:8717824 RPD:1
[CH: 50] LEN: 12 | HEX: F9 77 FC FD FE 73 91 FF 0D 39 B7 FF | T:8717836 RPD:1
[CH: 50] LEN: 12 | HEX: F9 77 D4 FC FE 72 91 FF 90 58 AD EF | T:8717836 RPD:0
[CH: 50] LEN: 12 | HEX: F1 77 FE FA FE 74 91 FE AF 7D AD FF | T:8717847 RPD:1
[CH: 50] LEN: 12 | HEX: F5 77 FB FE FE 70 91 FB BA BB BF FD | T:8717848 RPD:0
[CH: 50] LEN: 12 | HEX: F9 77 FE F5 FE 7B 91 FF 0D 3D BB FA | T:8717859 RPD:1
[CH: 50] LEN: 12 | HEX: F9 77 BC FA FE 74 91 FF 4F 7D AF FF | T:8717870 RPD:0
[CH: 50] LEN: 12 | HEX: F9 77 FD F1 FE 77 91 EF 58 FF BF FF | T:8717870 RPD:0
[CH: 50] LEN: 12 | HEX: F1 77 FD FE FE 70 91 FE FA BB FF 5D | T:8717882 RPD:1
[CH: 50] LEN: 12 | HEX: F9 77 FD FD FE 73 91 F7 0D 39 AF FF | T:8717882 RPD:1
[CH: 50] LEN: 12 | HEX: F9 77 74 F4 EA 72 91 DD 10 58 AF BF | T:8717893 RPD:1
[CH: 50] LEN: 12 | HEX: F1 77 DE FB FE 75 91 EA 72 1C BF FF | T:8717905 RPD:1
[CH: 50] LEN: 12 | HEX: F9 77 5B FA F6 74 91 FF 4F 79 BD FE | T:8717905 RPD:0
[CH: 50] LEN: 12 | HEX: F9 77 FA F8 FE 76 91 FE 85 9E BF DF | T:8717916 RPD:1
[CH: 50] LEN: 12 | HEX: F9 77 BB F4 FE 72 91 FF D0 58 BD DF | T:8717916 RPD:0
[CH: 50] LEN: 12 | HEX: F9 77 FE FB FE 75 91 FF 76 1C BF FF | T:8717928 RPD:1
[CH: 50] LEN: 12 | HEX: F1 77 FE F1 FE 77 91 FF 58 FF AE FF | T:8717928 RPD:0
[CH: 50] LEN: 12 | HEX: F9 77 FE F0 FE 76 91 FF E5 9E BF BF | T:8717939 RPD:1
[CH: 50] LEN: 12 | HEX: F9 77 DF FB FE 73 91 FF 8D 39 AB FF | T:8717950 RPD:1
[CH: 50] LEN: 12 | HEX: F9 77 FE FC F6 72 91 FE D0 58 BB 7B | T:8717951 RPD:0
[CH: 50] LEN: 12 | HEX: F9 77 DC F9 FE 77 91 FF 58 FD BF FF | T:8717962 RPD:1
[CH: 50] LEN: 12 | HEX: F1 77 FE FD FE 73 91 FF 0D 39 B5 FF | T:8717962 RPD:0
[CH: 50] LEN: 12 | HEX: F1 77 DA F4 FE 72 91 F7 90 58 AF FE | T:8717974 RPD:1
[CH: 50] LEN: 12 | HEX: F1 77 D6 F9 FE 77 91 FE D8 FF 35 FF | T:8717985 RPD:0
[CH: 50] LEN: 12 | HEX: F9 77 FA F8 FE 76 91 FF A5 9E AF FF | T:8717985 RPD:0
[CH: 50] LEN: 12 | HEX: F1 77 DC EE F5 70 91 DE FA BF BF 7F | T:8717996 RPD:1
[CH: 50] LEN: 12 | HEX: F9 77 AC FD FE 73 91 FF 0D 39 BF EB | T:8717997 RPD:1
[CH: 50] LEN: 12 | HEX: F9 77 DA FC F6 7A 91 D5 50 58 BE AF | T:8718008 RPD:1
[CH: 50] LEN: 12 | HEX: F9 77 FF FB D6 75 91 FF 72 1C BF 7F | T:8718008 RPD:0
[CH: 50] LEN: 12 | HEX: E9 77 FE F2 FE 74 91 FF 9F 79 BF FF | T:8718020 RPD:1
[CH: 50] LEN: 12 | HEX: F1 77 75 F0 FE 76 91 FF A5 9E BF F7 | T:8718031 RPD:1
[CH: 50] LEN: 12 | HEX: F1 77 7A F7 FF 79 91 FF 4C 56 BD BF | T:8718031 RPD:0
[CH: 50] LEN: 12 | HEX: F1 77 FE FC F6 72 91 F7 90 58 AE FF | T:8718042 RPD:1
[CH: 50] LEN: 12 | HEX: F9 77 FD F8 FE 76 91 FF 45 9E AD FB | T:8718043 RPD:0
[CH: 50] LEN: 12 | HEX: F9 77 EA F7 DD 79 91 EF 4C 56 B6 FF | T:8718054 RPD:1
[CH: 50] LEN: 12 | HEX: F1 77 FE FC EA 72 91 FF 10 58 BD FF | T:8718065 RPD:1
[CH: 50] LEN: 12 | HEX: F9 77 FA FB FE 75 91 FF 72 1C BD FF | T:8718066 RPD:0
[CH: 50] LEN: 12 | HEX: F9 77 DE F8 FA 76 91 FF E5 9F AB D7 | T:8718077 RPD:0
[CH: 50] LEN: 12 | HEX: F9 77 AD F5 FE 70 91 FF 7A BB BE F9 | T:8718080 RPD:1
[CH: 50] LEN: 12 | HEX: F1 77 FC FD EF 77 91 FF 0D 39 BF FB | T:8718091 RPD:1
[CH: 50] LEN: 12 | HEX: F9 77 DE FC FE 72 91 D6 90 58 AB CB | T:8718091 RPD:0
[CH: 50] LEN: 12 | HEX: F9 77 FE FB DD 75 91 F6 72 1C BF C2 | T:8718103 RPD:1
[CH: 50] LEN: 12 | HEX: F9 77 FD FA FE 7C 91 EF BF 79 BB 5E | T:8718103 RPD:0
[CH: 50] LEN: 12 | HEX: F9 77 BC F1 DD 77 91 FE D8 FF AB FF | T:8718114 RPD:1
[CH: 50] LEN: 12 | HEX: F1 77 B4 FE FE 70 91 FF BA BB BF FE | T:8718125 RPD:1
[CH: 50] LEN: 12 | HEX: F9 77 AC FD FE 73 91 FF 0D 39 AB EF | T:8718126 RPD:0
[CH: 50] LEN: 12 | HEX: F9 77 FD FA FE 74 91 EF 4F 79 BB FF | T:8718137 RPD:1
[CH: 50] LEN: 12 | HEX: F9 77 AE FE FE 70 91 FF BA BB BD 7F | T:8718137 RPD:0
[CH: 50] LEN: 12 | HEX: F9 77 D5 FD FE 73 91 FE 8D 3D BF 6F | T:8718149 RPD:1
[CH: 50] LEN: 12 | HEX: F1 77 DE F2 FC 74 91 FE EF 79 BA FD | T:8718160 RPD:1
[CH: 50] LEN: 12 | HEX: F1 77 BE F1 FE 77 91 EF 58 FF 7B BF | T:8718160 RPD:0
[CH: 50] LEN: 12 | HEX: F9 77 FF FE FE 70 91 FF BA BB EF DD | T:8718171 RPD:1
[CH: 50] LEN: 12 | HEX: F9 77 BD EB FE 75 91 F6 72 1C BE EF | T:8718172 RPD:0
[CH: 50] LEN: 12 | HEX: F1 77 FF FA FE 74 91 FF 5F 79 BF 7F | T:8718183 RPD:1
[CH: 50] LEN: 12 | HEX: F9 77 FD F7 FD 79 91 FF 8C 56 AC FB | T:8718183 RPD:0
[CH: 50] LEN: 12 | HEX: F1 77 EA FE FC 70 91 EE BA BB BF FF | T:8718194 RPD:1
[CH: 50] LEN: 12 | HEX: F9 77 FD FB FE 75 91 EE 72 1C BF FF | T:8718206 RPD:1
[CH: 50] LEN: 12 | HEX: F1 77 FD F2 FC 74 91 FF 4E 7D BF 7F | T:8718206 RPD:0
[CH: 50] LEN: 12 | HEX: F9 77 FE F7 FD 79 91 FF 4C 56 AF FD | T:8718217 RPD:1
[CH: 50] LEN: 12 | HEX: F1 77 FD EB FE 75 91 F7 72 1C BF FF | T:8718218 RPD:0
[CH: 50] LEN: 12 | HEX: F9 77 FE FA FE 74 91 FF BF 7D BF FD | T:8718229 RPD:1
[CH: 50] LEN: 12 | HEX: F9 77 FA E7 DA 79 91 FE CC 56 BD 7F | T:8718240 RPD:1
[CH: 50] LEN: 12 | HEX: F9 77 FB FE FE 70 91 FF BA BB BE FF | T:8718240 RPD:0
[CH: 50] LEN: 12 | HEX: F1 77 DC FC F6 72 91 FF 90 58 BF FF | T:8718252 RPD:1
[CH: 50] LEN: 12 | HEX: F9 77 FC F8 FA 76 91 F5 25 9E BB DA | T:8718252 RPD:0
[CH: 50] LEN: 12 | HEX: F9 77 EE F7 FD 7D 91 FF 8C 56 BF FD | T:8718263 RPD:0
[CH: 50] LEN: 12 | HEX: F9 77 DB FE FA 70 91 FF BA BB BF FF | T:8718275 RPD:1
[CH: 50] LEN: 12 | HEX: F9 77 FD FD FA 73 91 FF 0D 39 AF FB | T:8718275 RPD:0
[CH: 50] LEN: 12 | HEX: F9 77 FB FC F6 72 91 D5 10 58 AE FF | T:8718286 RPD:1
[CH: 50] LEN: 12 | HEX: F1 77 DE FA FE 74 91 FE AF 7D BD DA | T:8718286 RPD:0
[CH: 50] LEN: 12 | HEX: F9 77 FC F1 FE 77 91 FF 58 FA AD 7A | T:8718298 RPD:0
[CH: 50] LEN: 12 | HEX: F9 77 FE FE FE 70 91 F7 BA BB BF FF | T:8718306 RPD:1
[CH: 50] LEN: 12 | HEX: F9 77 FF FD FE 73 91 FF 0D 39 BF BD | T:8718308 RPD:1
[CH: 50] LEN: 12 | HEX: F9 77 FE FC FE 72 91 FE 50 58 BB BA | T:8718320 RPD:1
[CH: 50] LEN: 12 | HEX: F9 77 FD FB EE 75 91 FF 72 1C BF BF | T:8718320 RPD:0
[CH: 50] LEN: 12 | HEX: F9 77 FE F2 FE 7C 91 F6 AF 7D BF EF | T:8718331 RPD:1
[CH: 50] LEN: 12 | HEX: F9 77 DC F9 FE 77 91 FF 58 FF 7E FB | T:8718332 RPD:0
[CH: 50] LEN: 12 | HEX: F9 77 EF F0 FE 76 91 F7 A5 9E AF EF | T:8718343 RPD:0
[CH: 50] LEN: 12 | HEX: F9 77 BE FE FE 70 91 F7 BA BB BD EF | T:8718354 RPD:1
[CH: 50] LEN: 12 | HEX: F9 77 FF F9 FE 73 91 EF 0D 39 BF F7 | T:8718354 RPD:1
[CH: 50] LEN: 12 | HEX: F1 77 FE FC FA 72 91 FF 90 58 AE DF | T:8718369 RPD:1
[CH: 50] LEN: 12 | HEX: F9 77 DD FB FE 7D 91 FF 72 1C AF 7F | T:8718372 RPD:1
[CH: 50] LEN: 12 | HEX: F9 77 FE FA FA 74 91 FF AF 7D AD 6F | T:8718375 RPD:1
[CH: 50] LEN: 12 | HEX: F1 7F FE F1 EE 77 91 F7 58 FF BF FB | T:8718387 RPD:1
[CH: 50] LEN: 12 | HEX: F9 77 FE F8 FE 76 91 FF 25 9E BB EF | T:8718387 RPD:0
[CH: 50] LEN: 12 | HEX: F9 77 DA F7 FB 79 91 FF 8C 56 BF FB | T:8718398 RPD:0
[CH: 50] LEN: 12 | HEX: F9 77 DC FE FE 70 91 FF 3A BB AD 3D | T:8718410 RPD:1
[CH: 50] LEN: 12 | HEX: F9 77 BE FD FE 73 91 D7 0D 39 BF FF | T:8718410 RPD:1
[CH: 50] LEN: 12 | HEX: F9 77 75 FC FE 72 91 FF 90 58 BF FB | T:8718421 RPD:1
[CH: 50] LEN: 12 | HEX: F9 77 FF FB FE 75 91 F7 72 1C AE FF | T:8718421 RPD:0
[CH: 50] LEN: 12 | HEX: F9 77 F9 FA FE 74 91 FF DF 7D AF 7F | T:8718433 RPD:1
[CH: 50] LEN: 12 | HEX: F9 77 FF F8 F4 76 91 F7 A5 9E B7 FF | T:8718433 RPD:0
[CH: 50] LEN: 12 | HEX: F9 77 DE F7 DE 79 91 FB 4C 56 BF F7 | T:8718444 RPD:0
[CH: 50] LEN: 12 | HEX: F5 77 FD FE F6 70 91 FF BA BB BE F7 | T:8718456 RPD:1
[CH: 50] LEN: 12 | HEX: F9 77 DC F5 FE 73 D1 FF 0D 39 BF BE | T:8718456 RPD:0
[CH: 50] LEN: 12 | HEX: F9 77 B5 FC FE 72 91 FF 50 58 AF FE | T:8718467 RPD:1
[CH: 50] LEN: 12 | HEX: F9 77 FE FA FE 74 91 FF DF 7D BF FF | T:8718467 RPD:0
[CH: 50] LEN: 12 | HEX: F9 77 FC F9 F5 77 91 F7 58 FF 3D EE | T:8718479 RPD:0
[CH: 50] LEN: 12 | HEX: F9 77 FE FE FE 70 91 FF 7A BB BB CF | T:8718490 RPD:1
[CH: 50] LEN: 12 | HEX: F1 77 FE FD FE 73 91 FF 0D 39 BF FF | T:8718490 RPD:1
[CH: 50] LEN: 12 | HEX: F9 77 FC FC FE 72 91 ED 50 58 AB FD | T:8718501 RPD:1
[CH: 50] LEN: 12 | HEX: F9 77 FE FB FE 75 91 FF 72 1C BF 6F | T:8718502 RPD:0
[CH: 50] LEN: 12 | HEX: F9 77 FF F2 FA 74 91 FF 9F 79 BF BA | T:8718513 RPD:1
[CH: 50] LEN: 12 | HEX: F9 77 FE F8 FE 76 91 F7 A5 9E AF FF | T:8718513 RPD:0
[CH: 50] LEN: 12 | HEX: F9 77 DC F7 FD 79 91 FF 4C 56 BD EF | T:8718525 RPD:1
[CH: 50] LEN: 12 | HEX: F1 77 FE F8 FE 72 91 FF D0 58 BF F7 | T:8718536 RPD:1
[CH: 50] LEN: 12 | HEX: F9 77 FD F3 FE 75 91 EB F2 1C BB BF | T:8718536 RPD:0
[CH: 50] LEN: 12 | HEX: F1 77 FD F9 FE 77 91 F7 58 FF BD FF | T:8718547 RPD:1
[CH: 50] LEN: 12 | HEX: F9 77 BE F9 FE 73 91 FF 0D 3B BF 7D | T:8718548 RPD:0
[CH: 50] LEN: 12 | HEX: F9 77 D5 FC F5 72 91 D5 50 58 AD FB | T:8718559 RPD:1
[CH: 50] LEN: 12 | HEX: F1 77 EC F9 FE 77 91 EE D8 FB BF FF | T:8718570 RPD:0
[CH: 50] LEN: 12 | HEX: F9 77 DE F8 FE 76 91 FF C5 9E BA FF | T:8718571 RPD:0
[CH: 50] LEN: 12 | HEX: F9 77 F5 FE FE 70 91 D7 3A BB AF F6 | T:8718582 RPD:1
[CH: 50] LEN: 12 | HEX: F9 77 FF FD FE 73 91 FF 0D 39 BF FF | T:8718582 RPD:0
[CH: 50] LEN: 12 | HEX: F9 77 FE F8 FC 72 91 FF 90 58 BF D5 | T:8718593 RPD:1
[CH: 50] LEN: 12 | HEX: F1 77 FC FB EC 75 91 FB 72 1C AF F7 | T:8718605 RPD:1
[CH: 50] LEN: 12 | HEX: F9 77 FE FA FE 7C 91 EF DF 7D BF FD | T:8718605 RPD:0
[CH: 50] LEN: 12 | HEX: F9 77 BD F7 FA 79 91 FE 8C 56 AF FF | T:8718616 RPD:1
[CH: 50] LEN: 12 | HEX: F1 77 FC FC FE 72 91 FF 90 58 AF 6E | T:8718617 RPD:0
[CH: 50] LEN: 12 | HEX: F1 77 FF FB FC 75 91 DF 72 1C BF DE | T:8718628 RPD:1
[CH: 50] LEN: 12 | HEX: F5 77 FE F8 FE 76 91 FF A5 9E AD DF | T:8718628 RPD:0
[CH: 50] LEN: 12 | HEX: F9 77 AC F7 7D 79 91 FF 8C 56 BD FF | T:8718639 RPD:1
[CH: 50] LEN: 12 | HEX: F9 77 FE FC FE 72 91 FF D0 58 BF FF | T:8718651 RPD:1
[CH: 50] LEN: 12 | HEX: F9 77 EF FB DE 75 91 FF 72 1C AD DF | T:8718651 RPD:0
[CH: 50] LEN: 12 | HEX: F9 77 D4 F8 FE 76 91 FF 65 9E AF FF | T:8718662 RPD:1
[CH: 50] LEN: 12 | HEX: F1 77 AC FC FE 72 91 FF 90 58 BB FE | T:8718663 RPD:0
[CH: 50] LEN: 12 | HEX: F9 77 FF FB FE 75 91 FF 72 1C AE D7 | T:8718674 RPD:1
[CH: 50] LEN: 12 | HEX: F1 77 FE F8 FE 76 91 FF A5 9E BF EF | T:8718685 RPD:1
[CH: 50] LEN: 12 | HEX: F1 77 FE F7 BB 79 91 FF 8C 56 AE DB | T:8718685 RPD:0
[CH: 50] LEN: 12 | HEX: F9 77 FE F5 F6 73 91 DE 0D 39 B7 53 | T:8718697 RPD:1
[CH: 50] LEN: 12 | HEX: F9 77 ED F9 EA 77 91 FF 58 FF BF DF | T:8718697 RPD:0
[CH: 50] LEN: 12 | HEX: F9 77 FE F8 F6 76 91 FF C5 9E BF FF | T:8718708 RPD:1
[CH: 50] LEN: 12 | HEX: F9 77 DD FD FE 73 91 FF 0D 39 BB FD | T:8718709 RPD:0
[CH: 50] LEN: 12 | HEX: F9 7F BD FC F4 72 91 FF 90 58 BD FE | T:8718720 RPD:1
[CH: 50] LEN: 12 | HEX: F1 77 FC F1 D5 77 91 FE 58 FD 7F ED | T:8718731 RPD:1
[CH: 50] LEN: 12 | HEX: F5 77 FE F8 F4 76 91 FF C5 9E BB FD | T:8718731 RPD:0
[CH: 50] LEN: 12 | HEX: F1 77 FE FD FE 73 91 FB 0D 39 AE BF | T:8718743 RPD:1
[CH: 50] LEN: 12 | HEX: E9 77 FD F9 FE 77 91 EA D8 FF 7F 7F | T:8718743 RPD:0
[CH: 50] LEN: 12 | HEX: F9 77 FE F8 FC 76 91 FF C5 9E BF 5F | T:8718754 RPD:1
[CH: 50] LEN: 12 | HEX: F1 77 FA F6 F9 70 91 FD 7A BB BF 7F | T:8718766 RPD:1
[CH: 50] LEN: 12 | HEX: F9 77 FE F5 EC 77 D1 FF 0D 39 BF 7F | T:8718766 RPD:0
[CH: 50] LEN: 12 | HEX: F9 77 FE FA FA 74 91 FF 5F 7D BE F6 | T:8718777 RPD:1
[CH: 50] LEN: 12 | HEX: F9 77 FD FE FE 70 91 FE 7A BB BF A5 | T:8718777 RPD:0
[CH: 50] LEN: 12 | HEX: F9 77 F9 F9 FE 73 91 FF 8D 39 BB FB | T:8718789 RPD:1
[CH: 50] LEN: 12 | HEX: F1 77 FF F2 FE 74 91 FF 9F 7D AF EB | T:8718800 RPD:1
[CH: 50] LEN: 12 | HEX: F1 77 DF F9 FC 77 91 F7 58 FE AF FD | T:8718800 RPD:0
[CH: 50] LEN: 12 | HEX: F1 77 B4 EE FE 70 91 FD 7A BB FF FF | T:8718811 RPD:1
[CH: 50] LEN: 12 | HEX: F9 77 FB FA F6 74 91 FE AF 79 AF FF | T:8718812 RPD:0
[CH: 50] LEN: 12 | HEX: F9 77 FD F9 FE 77 91 FF 58 F7 BF FF | T:8718823 RPD:1
[CH: 50] LEN: 12 | HEX: F9 77 FE F7 FD 79 91 F5 4C 56 BF D2 | T:8718823 RPD:0
[CH: 50] LEN: 12 | HEX: F1 77 FD FA FE 70 91 FD 3A BB AF DF | T:8718835 RPD:1
[CH: 50] LEN: 12 | HEX: F9 77 FE FB EE 75 91 FF 72 1C AF FA | T:8718846 RPD:1
[CH: 50] LEN: 12 | HEX: F9 77 C4 EA EA 74 91 DF 0F 75 AF 7B | T:8718846 RPD:0
[CH: 50] LEN: 12 | HEX: F9 77 DE F7 EE 79 91 FF CC 56 BA FF | T:8718857 RPD:1
[CH: 50] LEN: 12 | HEX: F9 77 FE F3 EA 75 91 FF 72 1C AB FD | T:8718858 RPD:0
[CH: 50] LEN: 12 | HEX: F9 77 DC F2 FE 74 91 FF EF 7D AF EF | T:8718869 RPD:1
[CH: 50] LEN: 12 | HEX: F9 77 DD F7 BD 79 91 FF 8C 56 AB 6F | T:8718880 RPD:1
[CH: 50] LEN: 12 | HEX: F9 77 FD F6 FE 70 91 EF 7A BB AF FD | T:8718881 RPD:0
[CH: 50] LEN: 12 | HEX: F9 77 FE FB FE 75 91 FF 72 1C AE EF | T:8718892 RPD:1
[CH: 50] LEN: 12 | HEX: F9 77 BE F8 FE 76 91 ED 25 9E AA FF | T:8718892 RPD:0
[CH: 50] LEN: 12 | HEX: F9 77 EC F7 FE 79 91 FF CC 56 AB FF | T:8718903 RPD:1
[CH: 50] LEN: 12 | HEX: F9 77 B5 F8 FE 72 91 FF 50 58 AD FF | T:8718904 RPD:0
[CH: 50] LEN: 12 | HEX: F9 77 FE FB F4 75 91 FF 72 1C BF D2 | T:8718915 RPD:1
[CH: 50] LEN: 12 | HEX: F9 77 FD F8 FE 76 91 FF 65 9E AF FE | T:8718926 RPD:1
[CH: 50] LEN: 12 | HEX: F9 77 FE F7 FD 79 91 FF CC 56 AF FF | T:8718927 RPD:0
[CH: 50] LEN: 12 | HEX: F9 77 FE F4 F6 72 91 FF 90 58 BF FF | T:8718938 RPD:1
[CH: 50] LEN: 12 | HEX: F9 77 D5 F0 FE 76 91 FF C5 9E AF 7D | T:8718938 RPD:0
[CH: 50] LEN: 12 | HEX: F1 77 AC F7 FE 79 91 FF 4C 56 BF 82 | T:8718949 RPD:1
[CH: 50] LEN: 12 | HEX: F1 77 FD EA FE 72 91 FE 90 58 BF BF | T:8718961 RPD:1
[CH: 50] LEN: 12 | HEX: F9 77 FE FB FC 75 91 FF 72 1C BD FF | T:8718961 RPD:0
[CH: 50] LEN: 12 | HEX: F9 77 FE F9 FE 77 91 F5 D8 FF 2F 6F | T:8718972 RPD:1
[CH: 50] LEN: 12 | HEX: F1 77 DC F9 FE 73 91 EE 8D 39 AE FD | T:8718973 RPD:0
[CH: 50] LEN: 12 | HEX: F1 77 FB FC F6 72 91 FF 50 58 AF DF | T:8718984 RPD:1
[CH: 50] LEN: 12 | HEX: F9 77 FE F9 FE 77 91 F7 58 FF 2F FF | T:8718995 RPD:1
[CH: 50] LEN: 12 | HEX: F9 77 FE F8 FE 76 91 EE 85 9E BF FF | T:8718995 RPD:0
[CH: 50] LEN: 12 | HEX: F1 77 BE F5 FE 73 91 D7 0D 39 BB DF | T:8719007 RPD:1
[CH: 50] LEN: 12 | HEX: F9 77 5A F1 F6 77 91 F7 58 FF ED EB | T:8719007 RPD:1
[CH: 50] LEN: 12 | HEX: F9 77 FE F8 FE 76 91 FD C5 9E AF FF | T:8719018 RPD:1
[CH: 50] LEN: 12 | HEX: F1 77 D4 FE F6 70 91 FF 7A BB FF 7F | T:8719018 RPD:0
[CH: 50] LEN: 12 | HEX: F9 77 7E FD EC 73 91 ED 0D 39 BE FD | T:8719030 RPD:1
[CH: 50] LEN: 12 | HEX: F9 77 BC FA EC 74 91 FF 5F 79 AF BF | T:8719041 RPD:1
[CH: 50] LEN: 12 | HEX: F9 77 FE F9 FE 77 91 F7 58 FD 2F FF | T:8719041 RPD:0
[CH: 50] LEN: 12 | HEX: F9 77 DE FE F5 70 91 DF FA BB AE AF | T:8719053 RPD:1
[CH: 50] LEN: 12 | HEX: F9 77 FD FA FE 74 91 FF DF 7D BF BD | T:8719053 RPD:0
[CH: 50] LEN: 12 | HEX: F9 77 FF F9 FE 77 91 F7 58 FF AF DE | T:8719064 RPD:1
[CH: 50] LEN: 12 | HEX: F9 77 FD FE FA 70 91 FD 7A BB BD 7F | T:8719075 RPD:1
[CH: 50] LEN: 12 | HEX: F9 77 FE F5 FE 73 91 FE 0D 39 AF BF | T:8719076 RPD:0
[CH: 50] LEN: 12 | HEX: F9 77 FE FA FE 74 91 FD 5F 75 BB EF | T:8719087 RPD:1
[CH: 50] LEN: 12 | HEX: F9 77 FE F7 BE 79 91 FF 8C 56 AF EF | T:8719087 RPD:0
[CH: 50] LEN: 12 | HEX: F9 77 FE FE FE 70 91 FF BA BB BF DD | T:8719099 RPD:1
[CH: 50] LEN: 12 | HEX: F9 77 BB FB D5 75 91 D7 72 1C BF DF | T:8719099 RPD:0
[CH: 50] LEN: 12 | HEX: F1 77 DD FA FE 74 91 EF EF 7D AF FD | T:8719110 RPD:1
[CH: 50] LEN: 12 | HEX: F9 77 FE F7 FE 79 91 FF 8C 56 B5 DF | T:8719121 RPD:1
[CH: 50] LEN: 12 | HEX: F1 77 BB FE FC 70 91 EF 7A BB BB BF | T:8719122 RPD:1
[CH: 50] LEN: 12 | HEX: F9 77 FE FD FE 7B 91 FF 0D 39 AF BF | T:8719133 RPD:1
[CH: 50] LEN: 12 | HEX: F9 77 FE EC FE 72 91 F7 50 58 AB FE | T:8719133 RPD:0
[CH: 50] LEN: 12 | HEX: F9 77 FC FB FE 75 91 FF 72 1D BF BF | T:8719145 RPD:1
[CH: 50] LEN: 12 | HEX: F9 77 FD F9 FA 77 91 FF 58 FF AF EF | T:8719156 RPD:1
[CH: 50] LEN: 12 | HEX: F9 77 FD F8 FE 76 91 EE A5 9F BB FF | T:8719156 RPD:0
[CH: 50] LEN: 12 | HEX: F9 77 FE FD F6 73 91 FF 0D 39 AB FD | T:8719167 RPD:1
[CH: 50] LEN: 12 | HEX: F9 77 FE F1 FE 77 91 FF 58 FF BF EF | T:8719168 RPD:0
[CH: 50] LEN: 12 | HEX: F9 77 FC F8 FE 76 91 FF A5 9E AB 77 | T:8719179 RPD:1
[CH: 50] LEN: 12 | HEX: F9 77 FC F6 FA 70 91 F5 BA BB AE FF | T:8719190 RPD:1
[CH: 50] LEN: 12 | HEX: E9 77 AC FD FE 73 91 FF 0D 39 BF DF | T:8719191 RPD:0
[CH: 50] LEN: 12 | HEX: F9 77 FE FA FE 74 91 FF CE 7D AD FF | T:8719202 RPD:1
[CH: 50] LEN: 12 | HEX: F1 77 BE FE FE 70 91 FF BA BA BA F2 | T:8719202 RPD:0
[CH: 50] LEN: 12 | HEX: F1 77 FE FD FE 73 91 DE 0D 39 BD FA | T:8719213 RPD:1
[CH: 50] LEN: 12 | HEX: F1 77 7E FA FE 7C 91 EB 5F F9 BF 77 | T:8719214 RPD:0
[CH: 50] LEN: 12 | HEX: F9 77 FE F1 D6 77 91 FE 58 F7 AF FF | T:8719225 RPD:1
[CH: 50] LEN: 12 | HEX: F1 77 FE ED FE 70 91 FF 7A BB AE BF | T:8719236 RPD:1
[CH: 50] LEN: 12 | HEX: F1 77 AC FB FE 73 91 FF 0D 39 B7 FF | T:8719237 RPD:0
[CH: 50] LEN: 12 | HEX: F9 77 FE FA FE 74 91 FF DF 7D BF FB | T:8719248 RPD:1
[CH: 50] LEN: 12 | HEX: F9 77 F6 F7 FE 75 91 FF 8C 56 AF FF | T:8719248 RPD:0
[CH: 50] LEN: 12 | HEX: F9 77 FD F6 FE 70 91 FF BA BB BF FF | T:8719259 RPD:1
[CH: 50] LEN: 12 | HEX: F1 77 BD FB EE 75 91 FE F2 1C AF FE | T:8719271 RPD:1
[CH: 50] LEN: 12 | HEX: F9 77 FE FA FE 74 91 EE AF 7D BF EF | T:8719271 RPD:0
[CH: 50] LEN: 12 | HEX: F9 77 FE F7 DE 79 91 FF 8C 56 AF EF | T:8719282 RPD:1
[CH: 50] LEN: 12 | HEX: F9 77 FE FB FE 75 91 FF 72 1C BA FF | T:8719282 RPD:0
[CH: 50] LEN: 12 | HEX: F9 77 FE F2 FE 74 91 FF DF 7D BF F7 | T:8719294 RPD:1
[CH: 50] LEN: 12 | HEX: F1 77 FE F7 D6 79 91 FF 4C 56 AE FF | T:8719294 RPD:0
[CH: 50] LEN: 12 | HEX: F9 77 FD FE FE 70 91 FF 3A BB AF FB | T:8719305 RPD:1
[CH: 50] LEN: 12 | HEX: F9 7F BE FB FE 75 91 DB 72 1C BD FD | T:8719317 RPD:1
[CH: 50] LEN: 12 | HEX: F1 77 FE EA FE 74 91 D7 AF 7D BB 6F | T:8719317 RPD:0
[CH: 50] LEN: 12 | HEX: F1 77 7C F4 FE 76 91 FF 65 9C BF FF | T:8719328 RPD:1
[CH: 50] LEN: 12 | HEX: F9 77 EE FC FC 72 91 FF 90 58 BF FF | T:8719328 RPD:0
[CH: 50] LEN: 12 | HEX: F9 77 55 F3 FE 75 91 FF 72 1C BB F2 | T:8719340 RPD:1
[CH: 50] LEN: 12 | HEX: F1 77 AC F0 FA 76 91 FF A5 9E BF FD | T:8719351 RPD:1
[CH: 50] LEN: 12 | HEX: F1 77 DD F7 DE 79 91 EF 4C 56 BF F7 | T:8719351 RPD:0
[CH: 50] LEN: 12 | HEX: F9 77 BD F8 FA 72 91 FF 90 58 AF FF | T:8719363 RPD:1
[CH: 50] LEN: 12 | HEX: F9 77 AA F8 FA F6 91 FE A5 9E AE FF | T:8719363 RPD:0
[CH: 50] LEN: 12 | HEX: F9 77 FE F7 FE 79 91 EF 0C 56 BF FD | T:8719374 RPD:1
[CH: 50] LEN: 12 | HEX: F9 77 DA FC FE 72 91 FF 90 58 AF FF | T:8719385 RPD:1
[CH: 50] LEN: 12 | HEX: F9 77 FC FB FE 75 91 FF 72 1C AF AF | T:8719386 RPD:0
[CH: 50] LEN: 12 | HEX: F9 77 FD F9 EE 77 91 FE D8 FF BB F6 | T:8719397 RPD:1
[CH: 50] LEN: 12 | HEX: F1 77 FD FD FE 73 91 FF 0D 39 BF 7E | T:8719397 RPD:0
[CH: 50] LEN: 12 | HEX: E9 77 DD FC FA 72 91 F6 D0 58 BF FF | T:8719409 RPD:1
[CH: 50] LEN: 12 | HEX: F9 77 FE F9 FE 77 91 FF 58 FE AB FF | T:8719409 RPD:0
[CH: 50] LEN: 12 | HEX: F9 77 BD F8 F4 76 91 F7 45 9E BF FB | T:8719420 RPD:1
[CH: 50] LEN: 12 | HEX: F1 77 FC FD EE 7B 91 EB 0D 39 BF FF | T:8719431 RPD:1
[CH: 50] LEN: 12 | HEX: F9 77 FE FC FA 72 91 F5 10 58 BF 6F | T:8719432 RPD:1
[CH: 50] LEN: 12 | HEX: F1 77 DD F9 EE 77 11 FD D8 FF BB BD | T:8719443 RPD:1
[CH: 50] LEN: 12 | HEX: F9 77 DE FD FE 73 91 FF 0D 39 AB EF | T:8719443 RPD:0
[CH: 50] LEN: 12 | HEX: F1 77 DC FC FE 72 91 F7 10 58 BF FE | T:8719455 RPD:1
[CH: 50] LEN: 12 | HEX: F1 77 5C F2 FE 74 91 FF DF 7D BF 7D | T:8719466 RPD:1
[CH: 50] LEN: 12 | HEX: F1 77 DF F8 F5 76 91 EF 45 9E BF DB | T:8719466 RPD:0
[CH: 50] LEN: 12 | HEX: F9 77 FE FE FE 70 91 EF BA BB BF FF | T:8719477 RPD:1
[CH: 50] LEN: 12 | HEX: F9 77 FE F2 FE 74 91 FF AF 7D B7 AF | T:8719478 RPD:0
[CH: 50] LEN: 12 | HEX: F9 77 FE F9 FE 77 91 FF 58 FF BB FF | T:8719489 RPD:1
[CH: 50] LEN: 12 | HEX: F9 77 EE FE FD 70 91 FF BA BB AD D6 | T:8719489 RPD:0
[CH: 50] LEN: 12 | HEX: F9 77 FE FD FE 73 91 FF 0D 39 BF FF | T:8719500 RPD:1
[CH: 50] LEN: 12 | HEX: F9 77 FC F2 F6 74 91 EA 8E 7D AF D5 | T:8719512 RPD:1
[CH: 50] LEN: 12 | HEX: F9 77 FE F1 FE 77 91 F7 58 FF AF FF | T:8719512 RPD:0
[CH: 50] LEN: 12 | HEX: F9 77 FE FE FE 70 91 F6 FA BB AF 67 | T:8719523 RPD:1
[CH: 50] LEN: 12 | HEX: F9 77 FD FB FE 75 91 FF 72 1C BF FE | T:8719524 RPD:0
[CH: 50] LEN: 12 | HEX: F1 77 FD FA FE 74 91 FF 5F 79 BF FF | T:8719535 RPD:1
[CH: 50] LEN: 12 | HEX: F9 77 FE F7 DE 79 91 FF CC 56 BF D7 | T:8719546 RPD:1
[CH: 50] LEN: 12 | HEX: F9 77 FD F6 F5 70 91 DE 7A BB BF FD | T:8719546 RPD:0
[CH: 50] LEN: 12 | HEX: F1 77 FE FB FE 75 91 F7 72 1C BD AD | T:8719558 RPD:1
[CH: 50] LEN: 12 | HEX: E9 77 FE F7 FC 79 91 FF 8C 56 BF B7 | T:8719558 RPD:0
[CH: 50] LEN: 12 | HEX: F9 77 FE FE F6 70 91 EE BA BB AF 7F | T:8719569 RPD:1
[CH: 50] LEN: 12 | HEX: F9 77 FE F3 FE 75 91 FF 72 1C AD FF | T:8719581 RPD:1
[CH: 50] LEN: 12 | HEX: F9 77 FE F2 FE 74 91 FF 4F 7D BF FF | T:8719581 RPD:0
[CH: 50] LEN: 12 | HEX: F9 77 FE F7 FE 79 91 FF 8C 56 AF 7F | T:8719592 RPD:1
[CH: 50] LEN: 12 | HEX: F9 77 FD FC FA 72 91 FF 90 58 AF FF | T:8719592 RPD:0
[CH: 50] LEN: 12 | HEX: F9 77 FD F3 EE 75 91 FF 72 1C BB BA | T:8719604 RPD:1
[CH: 50] LEN: 12 | HEX: F9 77 FE F4 FC 76 91 FB 85 9E BF FB | T:8719604 RPD:0
[CH: 50] LEN: 12 | HEX: F9 77 FE F7 F6 79 91 FF 8C 56 AF B7 | T:8719615 RPD:1
[CH: 50] LEN: 12 | HEX: F9 77 FD FC FE 72 91 D7 50 58 AD 5F | T:8719627 RPD:1
[CH: 50] LEN: 12 | HEX: F9 77 FE FB FE 75 91 EF 72 1C BB F6 | T:8719627 RPD:0
[CH: 50] LEN: 12 | HEX: F1 77 DD F8 FE 76 91 FF C5 9E AF B7 | T:8719638 RPD:1
[CH: 50] LEN: 12 | HEX: F9 77 FC FC F6 72 91 DE 90 58 AD DF | T:8719638 RPD:0
[CH: 50] LEN: 12 | HEX: F9 77 FC FB FE 75 91 FF 72 1C AF FF | T:8719650 RPD:1
[CH: 50] LEN: 12 | HEX: F9 77 FE F1 FE 77 91 D6 58 FA BF 7F | T:8719661 RPD:1
[CH: 50] LEN: 12 | HEX: F1 77 FE F0 FE 76 91 FF A5 9E AA FB | T:8719661 RPD:0
[CH: 50] LEN: 12 | HEX: F9 77 DE FD FE 73 91 FF 0D 39 BF EF | T:8719673 RPD:1
[CH: 50] LEN: 12 | HEX: F9 77 FD F5 FE 77 91 FF 58 FF AF FE | T:8719673 RPD:0
[CH: 50] LEN: 12 | HEX: F9 77 FE F8 FE 76 91 FF A5 9E BF 3F | T:8719684 RPD:1
[CH: 50] LEN: 12 | HEX: F9 77 FE FD FE 73 91 FF 0D 39 AF FF | T:8719684 RPD:0
[CH: 50] LEN: 12 | HEX: F9 77 FD FC FD 72 91 FF 90 58 BF FF | T:8719696 RPD:1
[CH: 50] LEN: 12 | HEX: F9 77 FE F9 EE 77 91 FF 58 FD AF FF | T:8719707 RPD:1
[CH: 50] LEN: 12 | HEX: F9 77 FC F8 F4 76 91 FF A5 9E AF 5B | T:8719707 RPD:0
[CH: 50] LEN: 12 | HEX: F1 77 BD FD D6 73 91 F5 0D 39 AF BF | T:8719719 RPD:1
[CH: 50] LEN: 12 | HEX: F9 77 5E FA FA 74 91 F5 DF 79 AF FF | T:8719719 RPD:0
[CH: 50] LEN: 12 | HEX: F9 77 AE F9 FE 77 91 FF 58 FB AF FF | T:8719730 RPD:1
[CH: 50] LEN: 12 | HEX: F9 77 DC FE FC 70 91 FF BA BB AA FF | T:8719741 RPD:1
[CH: 50] LEN: 12 | HEX: F9 77 FE F9 F4 73 91 F7 0D 39 BF FF | T:8719742 RPD:0
[CH: 50] LEN: 12 | HEX: F9 77 FE FA FB 74 91 F7 DF 7D BD FF | T:8719753 RPD:1
[CH: 50] LEN: 12 | HEX: F1 77 BE FE FE 70 91 FF BA BA BE AE | T:8719753 RPD:0
[CH: 50] LEN: 12 | HEX: F1 77 BC FD FE 73 91 FE 0D 39 BF DF | T:8719764 RPD:1
[CH: 50] LEN: 12 | HEX: F9 77 BA FA F4 74 91 FE AF 79 BF DF | T:8719776 RPD:1
[CH: 50] LEN: 12 | HEX: F9 77 FD F9 FE 77 91 FF 58 FF B7 FE | T:8719776 RPD:0
[CH: 50] LEN: 12 | HEX: F5 77 FE FE FE 70 91 FF FA BB AF FF | T:8719787 RPD:1
[CH: 50] LEN: 12 | HEX: F9 77 FD FB FE 75 91 FF 72 1C AF FF | T:8719788 RPD:0
[CH: 50] LEN: 12 | HEX: F9 77 FE FA FE 74 91 FF AF 7D AE FF | T:8719799 RPD:1
[CH: 50] LEN: 12 | HEX: F9 77 FC F7 FB 79 91 FF 8C 56 AF FF | T:8719799 RPD:0
[CH: 50] LEN: 12 | HEX: F9 77 FC FC F4 70 91 FF BA BB AD 59 | T:8719810 RPD:1
[CH: 50] LEN: 12 | HEX: F9 77 FD F3 DA 7D 91 FE 7A 1C BD FA | T:8719822 RPD:1
[CH: 50] LEN: 12 | HEX: F1 77 AE F2 FE 74 91 FF 4F 79 BF BA | T:8719822 RPD:0
[CH: 50] LEN: 12 | HEX: F1 77 DC F7 AC 79 91 FF CC 56 BF FE | T:8719833 RPD:1
[CH: 50] LEN: 12 | HEX: F9 77 FE FB FD 75 91 FF 72 1C BF F7 | T:8719834 RPD:0
[CH: 50] LEN: 12 | HEX: F9 77 FE FA FE 74 91 FF 6F 79 BF 3F | T:8719845 RPD:1
[CH: 50] LEN: 12 | HEX: FD 77 7D F7 FD 71 91 EB 8C 56 BF FD | T:8719856 RPD:1
[CH: 50] LEN: 12 | HEX: F9 77 FD FE FC 70 91 FF BA BB BF 77 | T:8719856 RPD:0
[CH: 50] LEN: 12 | HEX: F9 77 FC FC EA 72 91 FF 90 58 BB DF | T:8719868 RPD:1
[CH: 50] LEN: 12 | HEX: F9 77 FE F8 FE 76 91 FD 45 9E AF F6 | T:8719868 RPD:0
[CH: 50] LEN: 12 | HEX: F9 77 FE F7 FE 79 91 FF 0C 56 AD FF | T:8719879 RPD:1
[CH: 50] LEN: 12 | HEX: F9 77 DE F4 F6 72 91 FF 90 58 BA FF | T:8719880 RPD:0
[CH: 50] LEN: 12 | HEX: F1 77 FE F3 FC 75 91 FF 72 1C BF FF | T:8719891 RPD:1
[CH: 50] LEN: 12 | HEX: F9 77 7E F0 F6 76 91 DF C5 9E BF F6 | T:8719902 RPD:1
[CH: 50] LEN: 12 | HEX: F9 77 F5 F7 FD 79 91 FF 8C 56 AE FF | T:8719902 RPD:0
[CH: 50] LEN: 12 | HEX: F1 77 FE F8 FA 72 91 FF 90 58 AF FE | T:8719914 RPD:1
[CH: 50] LEN: 12 | HEX: F5 77 EE F0 FE 76 91 FF C5 9E AF FF | T:8719914 RPD:0
[CH: 50] LEN: 12 | HEX: F9 77 FE F7 FE 79 91 FF 8C 56 AB B7 | T:8719925 RPD:1
[CH: 50] LEN: 12 | HEX: F9 77 FE F9 FE 73 91 FF 0D 39 AE BB | T:8719937 RPD:1
[CH: 50] LEN: 12 | HEX: F1 77 78 FC FE 72 91 FF 50 58 AF FF | T:8719937 RPD:0
[CH: 50] LEN: 12 | HEX: F9 77 FE F1 FE 77 91 FF 58 FF BF DF | T:8719948 RPD:1
[CH: 50] LEN: 12 | HEX: F9 77 BC F5 FE 73 91 FF 0D 39 BD BB | T:8719948 RPD:0
[CH: 50] LEN: 12 | HEX: F9 77 DA FC FE 72 91 FF 50 58 BD FF | T:8719960 RPD:1
[CH: 50] LEN: 12 | HEX: F9 77 FC F9 FE 77 91 F7 58 FF 2A FF | T:8719971 RPD:1
[CH: 50] LEN: 12 | HEX: F9 77 FC F8 FE 76 91 FF C5 9E AF FD | T:8719971 RPD:1
[CH: 50] LEN: 12 | HEX: F9 77 FD FD FE 73 91 FE 0D 39 AD DF | T:8719982 RPD:1
[CH: 50] LEN: 12 | HEX: F9 77 D5 F2 FF 74 91 EF 4F 7D BF F7 | T:8719983 RPD:0
[CH: 50] LEN: 12 | HEX: F9 77 FE F9 FE 77 D1 FF 58 FF BE FF | T:8719994 RPD:1
[CH: 50] LEN: 12 | HEX: F9 77 FE FE FE 70 91 FF BA BB BF FF | T:8719994 RPD:0
[CH: 50] LEN: 12 | HEX: F1 77 DE FD F5 73 91 FB 0D 39 BF EB | T:8720006 RPD:1
[CH: 50] LEN: 12 | HEX: F9 77 F6 FA FA 74 91 FF EF 7D BE F7 | T:8720017 RPD:1
[CH: 50] LEN: 12 | HEX: F9 77 FE F9 FE 77 91 EF 58 FF AF F3 | T:8720017 RPD:0
[CH: 50] LEN: 12 | HEX: F9 77 FE FE FE 70 91 FF 7A BB AE FF | T:8720028 RPD:1
[CH: 50] LEN: 12 | HEX: F9 77 BC FA FE 74 91 FF EF 79 BF 7F | T:8720029 RPD:0
[CH: 50] LEN: 12 | HEX: F9 77 BC F9 EE 77 91 EB 58 FF A7 DF | T:8720040 RPD:1
[CH: 50] LEN: 12 | HEX: F1 77 DC FE FE 70 91 F6 BA BB BD EF | T:8720051 RPD:1
[CH: 50] LEN: 12 | HEX: F9 77 EC FD EC 73 91 F6 8D 39 BF FF | T:8720052 RPD:0
[CH: 50] LEN: 12 | HEX: E9 77 A9 FA FE 74 91 FE AE F5 BA FB | T:8720063 RPD:1
[CH: 50] LEN: 12 | HEX: F9 77 FE F7 FE 79 91 FF CC 56 BF F7 | T:8720063 RPD:0
[CH: 50] LEN: 12 | HEX: F9 77 FC FA FF 70 91 EF BA BB BB BD | T:8720074 RPD:1
[CH: 50] LEN: 12 | HEX: F1 77 F6 FB FE 75 91 FF 72 1C BA ED | T:8720075 RPD:0
[CH: 50] LEN: 12 | HEX: F1 77 DE FA FA 74 91 FF 5F 7D AF EF | T:8720086 RPD:1
[CH: 50] LEN: 12 | HEX: F1 77 F9 F7 FD 79 91 F6 8C 56 BF 6F | T:8720097 RPD:1
[CH: 50] LEN: 12 | HEX: F9 77 AE FE FE 70 91 EF FA BB AF 3F | T:8720098 RPD:0
[CH: 50] LEN: 12 | HEX: F9 77 FD F3 EE 75 91 FF 72 1C AF FF | T:8720109 RPD:1
[CH: 50] LEN: 12 | HEX: F9 77 FB F7 FF 79 91 FE CC 56 BF FD | T:8720109 RPD:1
[CH: 50] LEN: 12 | HEX: F9 77 FF FE F6 70 91 FF FA BB AF F7 | T:8720120 RPD:1
[CH: 50] LEN: 12 | HEX: F9 77 D6 FC F4 72 91 EA D0 58 AD D6 | T:8720132 RPD:1
[CH: 50] LEN: 12 | HEX: F9 77 FA FB DE 75 91 FE F2 1C BD FF | T:8720132 RPD:0
[CH: 50] LEN: 12 | HEX: F9 77 FE F8 FE 76 91 FF C5 9E AB 5F | T:8720143 RPD:1
[CH: 50] LEN: 12 | HEX: F9 77 FE FC FE 72 91 FF 50 58 AF FF | T:8720144 RPD:0
[CH: 50] LEN: 12 | HEX: F1 7F D9 FB EE 75 91 FF 72 1C BD FF | T:8720155 RPD:1
[CH: 50] LEN: 12 | HEX: F9 77 EE F0 F6 76 91 FF A5 9E AB DD | T:8720166 RPD:1
[CH: 50] LEN: 12 | HEX: F9 77 FC F7 F5 79 91 F7 8C 56 BF FF | T:8720166 RPD:0
[CH: 50] LEN: 12 | HEX: F9 77 BD F4 FE 72 91 EF 10 58 BE FB | T:8720178 RPD:1
[CH: 50] LEN: 12 | HEX: F9 77 FC F0 FE 76 91 FF 65 9E BF D7 | T:8720178 RPD:0
[CH: 50] LEN: 12 | HEX: F9 77 FE F7 FD 79 91 FF 0C 56 AD EF | T:8720189 RPD:1
[CH: 50] LEN: 12 | HEX: F9 77 FD FD FE 73 91 F7 0D 39 BF BF | T:8720189 RPD:0
[CH: 50] LEN: 12 | HEX: ED 77 FD F4 FE 72 91 EF 50 58 AB FB | T:8720201 RPD:1
[CH: 50] LEN: 12 | HEX: F9 77 FD F9 FE 77 91 FF 58 FF 3F FF | T:8720212 RPD:1
[CH: 50] LEN: 12 | HEX: F9 77 EB F8 FE 76 91 FF C5 9E AE ED | T:8720212 RPD:0
[CH: 50] LEN: 12 | HEX: F9 77 FD F9 FE 73 91 FE 8D 39 AF FF | T:8720224 RPD:1
[CH: 50] LEN: 12 | HEX: F9 77 FE F9 FE 7F 91 FF 58 FF AD FE | T:8720224 RPD:0
[CH: 50] LEN: 12 | HEX: F9 77 FA F8 F6 76 91 FE 85 9E BB F7 | T:8720235 RPD:1
[CH: 50] LEN: 12 | HEX: F1 77 D4 FD FE 7B 91 EA 0D 39 AB FB | T:8720246 RPD:1
[CH: 50] LEN: 12 | HEX: F1 77 FD FC FA 72 91 FE D0 58 BB FF | T:8720247 RPD:0
[CH: 50] LEN: 12 | HEX: F9 77 FE F1 FE 77 91 FE 58 FF AF FF | T:8720258 RPD:1
[CH: 50] LEN: 12 | HEX: F9 77 FB FE FE 70 91 FF 7A BB AB BF | T:8720258 RPD:0
[CH: 50] LEN: 12 | HEX: F1 77 DA FD FE 73 91 DF 0D 39 BF FE | T:8720270 RPD:1
[CH: 50] LEN: 12 | HEX: F9 77 FD FA F6 74 91 F7 AF 7D BF FF | T:8720270 RPD:0
[CH: 50] LEN: 12 | HEX: F9 77 DD ED FE 77 91 EE D8 F7 FF FF | T:8720281 RPD:1
[CH: 50] LEN: 12 | HEX: F1 77 DC FC F6 70 91 F7 BA BB BF FE | T:8720292 RPD:1
[CH: 50] LEN: 12 | HEX: F9 75 EA B9 7A 52 91 77 0D 29 2B ED | T:8720293 RPD:0
[CH: 50] LEN: 12 | HEX: F9 77 FD FA FE 74 91 FF BF 7D BF FF | T:8720304 RPD:1
[CH: 50] LEN: 12 | HEX: F1 77 DC FE FE 70 91 FF 7A BB AA BE | T:8720304 RPD:0
[CH: 50] LEN: 12 | HEX: F9 77 DC FD FE 73 91 FF 0D 39 BF EA | T:8720316 RPD:1
[CH: 50] LEN: 12 | HEX: F9 77 EE F9 FE 77 91 F5 58 F5 7D FB | T:8720327 RPD:1
[CH: 50] LEN: 12 | HEX: F9 77 FD F8 FE 76 91 ED 45 9E BE FF | T:8720327 RPD:0
[CH: 50] LEN: 12 | HEX: F1 77 FF F7 FE 79 91 FE CC 56 AF FF | T:8720338 RPD:1
[CH: 50] LEN: 12 | HEX: F9 77 DE FB EE 75 91 FF 72 1C BF BC | T:8720339 RPD:0
[CH: 50] LEN: 12 | HEX: F9 77 FC F2 FE 74 91 FF AF 7D BF FF | T:8720350 RPD:1
[CH: 50] LEN: 12 | HEX: F9 77 FC F7 FE 79 91 EF 4C 56 AD BD | T:8720361 RPD:1
[CH: 50] LEN: 12 | HEX: F9 77 FB FE FE 70 91 FD 3A BB AF FF | T:8720362 RPD:0
[CH: 50] LEN: 12 | HEX: F1 77 BA FB BE 75 91 F7 72 1C BF FE | T:8720373 RPD:1
[CH: 50] LEN: 12 | HEX: F1 77 EC F7 FE 79 91 FE CC 56 BB 7F | T:8720373 RPD:0
[CH: 50] LEN: 12 | HEX: F9 77 FC FE FE 70 91 DF FA BB AB FF | T:8720384 RPD:1
[CH: 50] LEN: 12 | HEX: F9 77 FE FB FE 75 91 EE 72 1C BF BE | T:8720385 RPD:0
[CH: 50] LEN: 12 | HEX: F1 77 FD FA FE 74 91 FF AF 7D AF F7 | T:8720396 RPD:1
[CH: 50] LEN: 12 | HEX: F9 77 7B F8 FE 76 91 FF C5 9E BD 77 | T:8720407 RPD:1
[CH: 50] LEN: 12 | HEX: F9 77 FD F7 FF 7D 91 EF 0C 56 AF EF | T:8720407 RPD:0
[CH: 50] LEN: 12 | HEX: F1 77 A9 F8 FE 72 91 FE 90 58 BD FF | T:8720419 RPD:1
[CH: 50] LEN: 12 | HEX: F9 77 FB F8 F6 76 91 EB C5 9E AE EB | T:8720419 RPD:0
[CH: 50] LEN: 12 | HEX: F9 77 DD F7 FB 79 91 FF CC 56 BE DD | T:8720430 RPD:1
[CH: 50] LEN: 12 | HEX: F1 77 FD FC FE 72 91 FF D0 58 BF EF | T:8720442 RPD:1
[CH: 50] LEN: 12 | HEX: F9 77 BB FB FD 7D 91 FF F2 1C AF FF | T:8720442 RPD:1
[CH: 50] LEN: 12 | HEX: F9 77 DC F8 F6 76 91 D7 45 9E BF DF | T:8720453 RPD:1
[CH: 50] LEN: 12 | HEX: F9 77 DB FD FE 73 D1 FF 0D 39 BE FA | T:8720453 RPD:0
[CH: 50] LEN: 12 | HEX: F9 77 FF FC FE 72 91 D7 10 58 AE F7 | T:8720465 RPD:1
[CH: 50] LEN: 12 | HEX: F9 77 FE F9 FE 77 91 EF 58 FF BD 7F | T:8720465 RPD:0
[CH: 50] LEN: 12 | HEX: F1 77 EE F8 FE 76 91 FF C5 9F BD 7E | T:8720476 RPD:1
[CH: 50] LEN: 12 | HEX: F1 77 D6 FD F5 73 91 FF 0D 39 AF F7 | T:8720488 RPD:1
[CH: 50] LEN: 12 | HEX: F1 77 5C FC FC 72 91 FF 90 58 AF FF | T:8720488 RPD:0
[CH: 50] LEN: 12 | HEX: E9 77 FB F1 DE 77 91 FE D8 FF BF DF | T:8720499 RPD:1
[CH: 50] LEN: 12 | HEX: F1 77 FF F9 FE 73 91 FF 8D 39 AF DF | T:8720499 RPD:0
[CH: 50] LEN: 12 | HEX: F1 77 FD FC FE 72 91 D7 50 58 AF FF | T:8720511 RPD:1
[CH: 50] LEN: 12 | HEX: F9 77 FE F9 FE 77 91 FF 58 FD AA FF | T:8720522 RPD:1
[CH: 50] LEN: 12 | HEX: F9 77 FD F8 FE 76 91 FF A5 9C BB FF | T:8720522 RPD:0
[CH: 50] LEN: 12 | HEX: F9 77 FD FD EE 73 91 EB 0D 39 BD 7F | T:8720534 RPD:1
[CH: 50] LEN: 12 | HEX: F9 77 FA FA FE 74 91 FF EF 7D BB FF | T:8720534 RPD:0
[CH: 50] LEN: 12 | HEX: F1 77 DE F9 FE 77 91 FF 58 FF BB FE | T:8720545 RPD:1
[CH: 50] LEN: 12 | HEX: F9 77 FE FE FE 70 91 FF BA BB B7 FF | T:8720556 RPD:1
[CH: 50] LEN: 12 | HEX: F9 77 BB FD F6 73 91 EF 0D 39 B5 FF | T:8720557 RPD:0
[CH: 50] LEN: 12 | HEX: F9 7F FA FA FE 74 91 F7 4F FD AF FF | T:8720568 RPD:1
[CH: 50] LEN: 12 | HEX: F1 77 7A FA FE 78 91 FF 7A BB BD FE | T:8720568 RPD:0
[CH: 50] LEN: 12 | HEX: F9 77 FA FD EE 73 91 FF 0D 39 AF F6 | T:8720580 RPD:1
[CH: 50] LEN: 12 | HEX: F9 77 FD FA FA 74 91 FF 9F 7D BE FF | T:8720580 RPD:1
[CH: 50] LEN: 12 | HEX: F9 77 FD 00 00 71 91 FE 85 C2 BF DF | T:8720605 RPD:1
[CH: 50] LEN: 12 | HEX: F1 77 FA 80 00 71 91 FF 05 C2 BE FD | T:8720606 RPD:1
[CH: 50] LEN: 12 | HEX: F8 6D F7 00 FA FA 91 FF F0 98 AF 6F | T:8720636 RPD:1
[CH: 50] LEN: 12 | HEX: F8 6D DE 80 F6 FA 91 FE 70 98 BA DF | T:8720637 RPD:1
[CH: 50] LEN: 12 | HEX: F9 77 BD 00 00 71 91 FF 85 C2 BF ED | T:8720905 RPD:1
[CH: 50] LEN: 12 | HEX: F1 77 FE 80 00 71 91 FE 05 C2 BF FF | T:8720906 RPD:1
[CH: 50] LEN: 12 | HEX: F8 6D EF 00 FE FA 91 FF F0 98 AD DF | T:8720936 RPD:1
[CH: 50] LEN: 12 | HEX: F0 6D FE 80 FE FA 91 FD F0 98 B7 DF | T:8720936 RPD:1
[CH: 50] LEN: 12 | HEX: F9 77 FA 80 00 71 91 F6 05 C2 BF FE | T:8721205 RPD:1
[CH: 50] LEN: 12 | HEX: F1 77 DE 80 00 71 91 FF 85 C2 AF BF | T:8721206 RPD:1
[CH: 50] LEN: 12 | HEX: F0 6D F6 00 FE FA 91 F7 70 98 AF F6 | T:8721235 RPD:1
[CH: 50] LEN: 12 | HEX: F8 6D EA 00 FE F2 91 FF 70 98 BE BF | T:8721236 RPD:1
[CH: 50] LEN: 12 | HEX: F1 77 FF 80 00 71 91 F5 05 C2 AF FF | T:8721505 RPD:1
[CH: 50] LEN: 12 | HEX: F9 77 FE 80 00 71 91 FE 85 C2 AE EF | T:8721505 RPD:1
[CH: 50] LEN: 12 | HEX: F0 6D FF 00 FE F2 91 D7 F0 98 B5 57 | T:8721535 RPD:1
[CH: 50] LEN: 12 | HEX: F8 6D FF 00 FE FA 91 FE F0 98 BE DF | T:8721536 RPD:1
[CH: 50] LEN: 12 | HEX: F9 77 FD 80 00 71 91 EE 05 C2 AB FA | T:8721804 RPD:1
[CH: 50] LEN: 12 | HEX: F5 77 FE 80 00 71 91 FF 05 C2 BF F7 | T:8721805 RPD:1
[CH: 50] LEN: 12 | HEX: F8 6D F6 00 FD FA 91 D7 70 98 AF FB | T:8721835 RPD:1
[CH: 50] LEN: 12 | HEX: F0 6D FF 00 F6 F2 91 FF 70 98 BF F5 | T:8721836 RPD:1
[CH: 50] LEN: 12 | HEX: F9 77 FF 80 00 71 91 FF 05 C2 BF 7F | T:8722104 RPD:1
[CH: 50] LEN: 12 | HEX: F9 77 FC 80 00 71 91 FF 05 C2 BF DF | T:8722105 RPD:1
[CH: 50] LEN: 12 | HEX: F0 6D EF 00 FE F2 91 EE 70 98 AF FD | T:8722135 RPD:1
[CH: 50] LEN: 12 | HEX: F8 6D FF 00 FE FA 91 FF 78 98 AE FF | T:8722135 RPD:1
[CH: 50] LEN: 12 | HEX: F9 77 EE 00 00 71 91 FE 05 C2 AF B7 | T:8722404 RPD:1
[CH: 50] LEN: 12 | HEX: F1 77 BD 00 00 71 91 FF 85 C2 BF FB | T:8722405 RPD:1
[CH: 50] LEN: 12 | HEX: F8 6D FF 80 FE FA 91 FE F0 98 AB 9E | T:8722434 RPD:1
[CH: 50] LEN: 12 | HEX: F0 6D EE 80 FE F2 91 FE 70 98 BE DF | T:8722435 RPD:1
[CH: 50] LEN: 12 | HEX: F9 77 FD 00 00 71 91 FF 05 C2 AF F7 | T:8722704 RPD:1
[CH: 50] LEN: 12 | HEX: F9 77 DA 00 00 71 91 F7 05 C2 BF BB | T:8722704 RPD:1
[CH: 50] LEN: 12 | HEX: F8 6D FF 00 F4 F2 91 FB 70 98 BF DF | T:8722734 RPD:1
[CH: 50] LEN: 12 | HEX: F1 77 AA 00 00 71 91 FF 05 C2 BF FD | T:8723004 RPD:1
[CH: 50] LEN: 12 | HEX: F9 77 FD 00 00 71 91 FE 05 C2 AF FF | T:8723004 RPD:1
[CH: 50] LEN: 12 | HEX: F8 6D EA 00 FE FA 91 FF 70 98 AF FF | T:8723034 RPD:1
[CH: 50] LEN: 12 | HEX: F0 6D EE 00 FE FA 91 F6 70 98 BF FF | T:8723035 RPD:1
[CH: 50] LEN: 12 | HEX: F1 77 FF 00 00 71 91 EF 05 C2 BF BF | T:8723303 RPD:1
[CH: 50] LEN: 12 | HEX: F9 77 FD 80 00 71 91 F5 05 C2 B2 FF | T:8723304 RPD:1
[CH: 50] LEN: 12 | HEX: F8 6D FF 00 F5 FA 91 FE F0 98 BE EF | T:8723334 RPD:1
[CH: 50] LEN: 12 | HEX: F8 6D FF 00 FD F2 91 EF 70 98 BB ED | T:8723335 RPD:1
[CH: 50] LEN: 12 | HEX: F1 77 FE 00 00 71 91 FF 05 C2 BF D5 | T:8723603 RPD:1
[CH: 50] LEN: 12 | HEX: F9 77 FD 00 00 71 91 ED 05 C2 AF DF | T:8723604 RPD:1
[CH: 50] LEN: 12 | HEX: F0 6D FF 00 F6 F2 91 EF 70 98 BF F7 | T:8723634 RPD:1
[CH: 50] LEN: 12 | HEX: F8 6D FF 00 FC F2 91 ED 70 98 BF FF | T:8723634 RPD:1
[CH: 50] LEN: 12 | HEX: F9 77 FD 80 00 71 91 FF 05 C2 BF BF | T:8723903 RPD:1
[CH: 50] LEN: 12 | HEX: F9 77 7E 80 00 71 91 FF 05 C2 BB EF | T:8723904 RPD:1
[CH: 50] LEN: 12 | HEX: F8 6D FF 00 FE FE 91 EF 70 98 BF FB | T:8723933 RPD:1
[CH: 50] LEN: 12 | HEX: F8 6D FF 00 F6 FA 91 FF 70 98 AF 7F | T:8723934 RPD:1
[CH: 50] LEN: 12 | HEX: F9 77 FF 00 00 71 91 FE 05 C2 BF FD | T:8724203 RPD:1
[CH: 50] LEN: 12 | HEX: F1 77 FD 00 00 71 91 F5 05 C2 AF FD | T:8724204 RPD:1
[CH: 50] LEN: 12 | HEX: F8 6D F7 00 FC FA 91 FB 70 98 AF FF | T:8724233 RPD:1
[CH: 50] LEN: 12 | HEX: F0 6D FF 00 F6 FA 91 F7 70 98 AD FB | T:8724234 RPD:1
[CH: 50] LEN: 12 | HEX: F1 77 FE 00 00 71 91 FE 05 C2 BF FE | T:8724503 RPD:1
[CH: 50] LEN: 12 | HEX: F9 77 BE 00 00 71 91 FE 85 C2 BB EF | T:8724503 RPD:1
[CH: 50] LEN: 12 | HEX: F8 6D FF 00 FA FE 91 F7 70 98 BF FF | T:8724533 RPD:1
[CH: 50] LEN: 12 | HEX: F8 6D DE 00 FE FA 91 EF 70 98 BF EF | T:8724534 RPD:1
[CH: 50] LEN: 12 | HEX: F1 77 BA 00 00 71 91 DE 05 C2 AF AF | T:8724803 RPD:1
[CH: 50] LEN: 12 | HEX: F9 77 FC 80 00 71 91 F7 05 C2 BF DB | T:8724803 RPD:1
[CH: 50] LEN: 12 | HEX: F8 6D FF 00 FE FA 91 FF 70 98 BB DF | T:8724833 RPD:1
[CH: 50] LEN: 12 | HEX: F0 6D D6 00 F6 F2 91 EF 70 98 BF FF | T:8724834 RPD:1
[CH: 50] LEN: 12 | HEX: F9 77 FA 00 00 71 91 FE 05 C2 BF DF | T:8725102 RPD:1
[CH: 50] LEN: 12 | HEX: F9 77 DF 00 00 71 91 F7 05 C2 BE FF | T:8725103 RPD:1
[CH: 50] LEN: 12 | HEX: F8 6D FF 00 F6 FA 91 EF 70 98 BF FF | T:8725133 RPD:1
[CH: 50] LEN: 12 | HEX: F8 6D F6 80 FE FA 91 FF 70 98 BF FD | T:8725134 RPD:1
[CH: 50] LEN: 12 | HEX: F9 77 F5 00 00 71 91 FE 85 C2 BF FD | T:8725402 RPD:1
[CH: 50] LEN: 12 | HEX: E9 77 DB 00 00 71 91 FE 05 C2 BE AA | T:8725403 RPD:1
[CH: 50] LEN: 12 | HEX: F0 6D FD 00 F6 F6 91 DE 70 98 AB ED | T:8725433 RPD:1
[CH: 50] LEN: 12 | HEX: F0 6D DE 80 FE EA 91 ED F0 98 BF B9 | T:8725433 RPD:1
[CH: 50] LEN: 12 | HEX: F9 77 FE 00 00 71 91 EB 05 C2 AE BF | T:8725702 RPD:1
[CH: 50] LEN: 12 | HEX: F1 77 FE 00 00 71 91 EE 85 C2 BD FF | T:8725703 RPD:1
[CH: 50] LEN: 12 | HEX: F8 6D FF 00 FE FA 91 F7 70 98 AB FB | T:8725733 RPD:1
[CH: 50] LEN: 12 | HEX: F4 6D F5 00 FA FA 91 FF 70 98 BF FF | T:8725733 RPD:1
[CH: 50] LEN: 12 | HEX: F9 77 DD 00 00 71 91 FB 05 C2 AF 7B | T:8726002 RPD:1
[CH: 50] LEN: 12 | HEX: E9 77 FE 80 00 71 91 FD 05 C2 BF B7 | T:8726003 RPD:1
[CH: 50] LEN: 12 | HEX: F8 6D FF 00 F6 FA 91 FF 70 98 B3 F3 | T:8726032 RPD:1
[CH: 50] LEN: 12 | HEX: F8 6D FF 00 F6 F6 91 EE F0 98 BF FF | T:8726033 RPD:1
[CH: 50] LEN: 12 | HEX: F9 77 FE 00 00 71 91 FE 05 C2 BF F9 | T:8726302 RPD:1
[CH: 50] LEN: 12 | HEX: F9 77 BE 00 00 71 91 FF 05 C2 BF B7 | T:8726303 RPD:1
[CH: 50] LEN: 12 | HEX: F8 6D FF 00 FC F2 91 FF 70 98 BE EE | T:8726332 RPD:1
[CH: 50] LEN: 12 | HEX: F8 6D FB 00 FE FA 91 FA 70 98 AD B7 | T:8726333 RPD:1
[CH: 50] LEN: 12 | HEX: F2 76 FE 00 8C ED FF 5D EF 22 B5 FF | T:8729128 RPD:1
[CH: 50] LEN: 12 | HEX: FA 76 FD 00 8C FF AF FF CF 22 BF DF | T:8729129 RPD:1
[CH: 50] LEN: 12 | HEX: FA 76 FE FE 73 EF 7F BF 11 5F AD 57 | T:8729428 RPD:1
[CH: 50] LEN: 12 | HEX: FA 76 FE F5 70 FF AB FD E4 51 AE FE | T:8729431 RPD:1
[CH: 50] LEN: 12 | HEX: F2 76 EA FC 71 FF DF FE B8 B4 BF FD | T:8729435 RPD:1
[CH: 50] LEN: 12 | HEX: FA 76 FA FB 76 FF 7F BF 8E 4D AB FB | T:8729446 RPD:1
[CH: 50] LEN: 12 | HEX: F2 76 FE F2 77 BD 7F F5 52 A8 AD 71 | T:8729446 RPD:1
[CH: 50] LEN: 12 | HEX: F2 76 FE F1 74 FF 7E EB 27 E6 AF D7 | T:8729458 RPD:1
[CH: 50] LEN: 12 | HEX: FA 76 EA F8 75 F5 AF FE BB 43 BB FF | T:8729458 RPD:0
[CH: 50] LEN: 12 | HEX: FA 76 FC F7 7A F7 57 FF 4A 54 AF DF | T:8729469 RPD:0
[CH: 50] LEN: 12 | HEX: EA 76 FE F5 70 FF D7 FF 53 BF 6F 57 | T:8729487 RPD:1
[CH: 50] LEN: 12 | HEX: FA 76 F4 F4 79 FE BE F5 3D 5A BD FF | T:8729517 RPD:1
[CH: 50] LEN: 12 | HEX: FA 76 FE F3 7E F7 5F 7F 09 A3 AE FD | T:8729547 RPD:1
[CH: 50] LEN: 12 | HEX: F2 76 F6 F2 7F D5 EF 5F D5 46 AE ED | T:8729577 RPD:1
[CH: 50] LEN: 12 | HEX: FA 76 FE F1 7C FF D7 FF A0 48 AE FD | T:8729607 RPD:1
[CH: 50] LEN: 12 | HEX: FA 76 F6 F0 79 EF 7F DD 74 AD AE FE | T:8729637 RPD:1
[CH: 50] LEN: 12 | HEX: FA 76 F5 EF 62 FB DF FF 52 47 AF F6 | T:8729667 RPD:1
[CH: 50] LEN: 12 | HEX: FA 76 EE EE 63 FD 7F FA 8E A2 A7 EE | T:8729697 RPD:1
[CH: 50] LEN: 12 | HEX: FA 76 FE ED 60 FD BF AA 7B AC AE 7F | T:8729727 RPD:1
[CH: 50] LEN: 12 | HEX: F2 76 FE EC 61 FE BF FD 27 49 BE ED | T:8729757 RPD:1
[CH: 50] LEN: 12 | HEX: F2 76 FE EB 66 F7 5F FF 51 B0 AF F6 | T:8729787 RPD:1
[CH: 50] LEN: 12 | HEX: FA 76 FE EA 67 FA FF EB 4D 55 BD FF | T:8729817 RPD:1
[CH: 50] LEN: 12 | HEX: FA 76 FE E9 64 F7 5F FD 38 5B AF BF | T:8729847 RPD:1
[CH: 50] LEN: 12 | HEX: EA 76 EC E8 65 FE FD 7F 94 BC AD F9 | T:8729877 RPD:1
[CH: 50] LEN: 12 | HEX: FA 76 FE E7 6A FF 5F F7 55 A9 AA 9B | T:8729907 RPD:1
[CH: 50] LEN: 12 | HEX: FA 76 F4 E6 6B BA FD CF 89 4C AB B7 | T:8729937 RPD:1
[CH: 50] LEN: 12 | HEX: FA 76 FE E5 68 F7 BF FD FA 42 B5 FF | T:8729967 RPD:1
[CH: 50] LEN: 12 | HEX: FA 76 FE E4 69 DD FF 7F 20 A7 BF FF | T:8729997 RPD:1
[CH: 50] LEN: 12 | HEX: F2 76 FE E3 6E F7 D7 FC 96 5D AF 7F | T:8730027 RPD:1
[CH: 50] LEN: 12 | HEX: F2 76 EA E1 6C FB DF AF BF B5 BF DE | T:8730087 RPD:1
[CH: 50] LEN: 12 | HEX: F2 76 FE E0 6D FF AF EF 63 50 AF F7 | T:8730117 RPD:1
[CH: 50] LEN: 12 | HEX: FA 76 FA DE D2 F7 FF D7 F2 40 BF FF | T:8730147 RPD:1
[CH: 50] LEN: 12 | HEX: F2 76 FE FE 73 FA BF F5 11 5E BD FD | T:8730177 RPD:1
[CH: 50] LEN: 12 | HEX: F2 76 FA FD 78 FF AF D7 E4 51 AF FC | T:8730180 RPD:1
[CH: 50] LEN: 12 | HEX: FA 76 FE FC 71 F7 DF DE B8 B4 AF FF | T:8730184 RPD:1
[CH: 50] LEN: 12 | HEX: FA 76 FE F3 76 FA FF BF 8E 4D AF FF | T:8730196 RPD:1
[CH: 50] LEN: 12 | HEX: F2 76 FE F2 77 FD 7F F5 52 A8 BF EB | T:8730196 RPD:0
[CH: 50] LEN: 12 | HEX: FA 76 FA F1 74 FF BF FF 27 A6 BF EF | T:8730207 RPD:1
[CH: 50] LEN: 12 | HEX: F2 76 F6 F8 75 FE FF FA FB 43 BB 2E | T:8730208 RPD:0
[CH: 50] LEN: 12 | HEX: FA 76 FE F7 7A F7 7F 7F 4A 54 AB FE | T:8730219 RPD:0
[CH: 50] LEN: 12 | HEX: FA 76 FE F6 7B FF 5F EE 56 B1 AA EF | T:8730232 RPD:1
[CH: 50] LEN: 12 | HEX: F2 76 F6 F5 78 F7 5F FD 43 BF FF FE | T:8730262 RPD:1
[CH: 50] LEN: 12 | HEX: FA 76 FE F4 79 FF 7F FA 3F 5A AB BA | T:8730292 RPD:1
[CH: 50] LEN: 12 | HEX: FA 76 F6 F3 7C FE BF BA 09 A3 FB FF | T:8730322 RPD:1
[CH: 50] LEN: 12 | HEX: FA 76 FE F2 7F AF EB 5F D5 46 BF DF | T:8730352 RPD:1
[CH: 50] LEN: 12 | HEX: FA 76 F6 E1 7A FF 5F 77 A0 48 BF DF | T:8730381 RPD:1
[CH: 50] LEN: 12 | HEX: FA 76 F6 F0 7D F7 FE BF 7A AD AF 7E | T:8730411 RPD:1
[CH: 50] LEN: 12 | HEX: F6 76 FE EE 62 FF 7F BF D2 47 2F DF | T:8730441 RPD:1
[CH: 50] LEN: 12 | HEX: FA 76 F4 EE 63 D6 BE EB 0E A2 B7 5F | T:8730471 RPD:1
[CH: 50] LEN: 12 | HEX: FA 76 F5 ED 60 FF AF FD 7B AC AE BF | T:8730501 RPD:1
[CH: 50] LEN: 12 | HEX: F2 76 EE EC 61 FF 5F FD A7 49 BB ED | T:8730531 RPD:1
[CH: 50] LEN: 12 | HEX: F2 76 FA EB 66 F7 97 FD 11 B0 BE FF | T:8730561 RPD:1
[CH: 50] LEN: 12 | HEX: EA 76 FE EA 67 7B FF AF 4D 55 AA D7 | T:8730591 RPD:1
[CH: 50] LEN: 12 | HEX: FA 76 FE E9 64 FF F5 AF 38 5B AE FF | T:8730621 RPD:1
[CH: 50] LEN: 12 | HEX: FA 76 FE E8 65 FF AF FF D4 BE AF C6 | T:8730651 RPD:1
[CH: 50] LEN: 12 | HEX: FA 76 FE E7 6A FF 7E BF 55 A9 BF DF | T:8730681 RPD:1
[CH: 50] LEN: 12 | HEX: FA 76 FE E6 6B EE BF FA 89 4C BF DF | T:8730711 RPD:1
[CH: 50] LEN: 12 | HEX: F2 76 FE E5 68 FF AF FF BC 42 BF F5 | T:8730741 RPD:1
[CH: 50] LEN: 12 | HEX: FA 76 FA E4 69 EB 7F 7F 20 A7 BF FF | T:8730771 RPD:1
[CH: 50] LEN: 12 | HEX: EA 76 F6 E3 6E FF 5F AB 16 5C AF FF | T:8730801 RPD:1
[CH: 50] LEN: 12 | HEX: F2 76 FD E2 6E F7 EB 5F CA BB BF CB | T:8730831 RPD:1
[CH: 50] LEN: 12 | HEX: F2 76 EE E1 6C FE BF FA BF B5 BB FF | T:8730861 RPD:1
[CH: 50] LEN: 12 | HEX: FA 76 FC E0 6D EF FE BF 63 50 AD 57 | T:8730891 RPD:1
[CH: 50] LEN: 12 | HEX: F2 76 FE DF 52 F7 AF D7 F2 40 BF FF | T:8730921 RPD:1
[CH: 50] LEN: 12 | HEX: FA 76 FA F4 73 FD 7F F5 11 5F 3F FF | T:8730951 RPD:1
[CH: 50] LEN: 12 | HEX: F2 76 FE FD 70 F7 BF 5E 64 51 BF F7 | T:8730955 RPD:1
[CH: 50] LEN: 12 | HEX: F2 76 FE FC 71 FF D7 5F B8 B4 AF EF | T:8730959 RPD:1
[CH: 50] LEN: 12 | HEX: FA 76 FE F3 76 FB EB FF 8E 4D BF FF | T:8730970 RPD:1
[CH: 50] LEN: 12 | HEX: F2 76 EE FA 77 FD 5F FD 52 A8 BF BF | T:8730971 RPD:1
[CH: 50] LEN: 12 | HEX: FA 76 F4 F9 74 FB AF EB 27 A6 AF FF | T:8730982 RPD:1
[CH: 50] LEN: 12 | HEX: F2 76 FE F8 75 D7 FF EB FB 43 BF EB | T:8730982 RPD:0
[CH: 50] LEN: 12 | HEX: F2 76 F6 F7 7A F7 5F AF 4A 54 BF FF | T:8730993 RPD:0
[CH: 50] LEN: 12 | HEX: F2 76 FE F5 78 EF AE BF E3 BD AE F6 | T:8731012 RPD:1
[CH: 50] LEN: 12 | HEX: F2 76 F6 F4 79 FF AF FA 3F 5A AD EA | T:8731042 RPD:1
[CH: 50] LEN: 12 | HEX: F2 76 FE F3 7C FF AF FD 09 A3 EB FF | T:8731072 RPD:1
[CH: 50] LEN: 12 | HEX: FA 76 FA F2 7F D7 FF 57 D5 46 AF FF | T:8731102 RPD:1
[CH: 50] LEN: 12 | HEX: FA 76 FE F1 7C FF DE BE A0 48 AD FF | T:8731132 RPD:1
[CH: 50] LEN: 12 | HEX: EA 76 FE F0 79 F7 AF FD FC AD AE FF | T:8731162 RPD:1
[CH: 50] LEN: 12 | HEX: F2 76 F6 EE 62 FF 5F BB D2 47 BE EF | T:8731192 RPD:1
[CH: 50] LEN: 12 | HEX: FA 76 FE EE 63 FE BF F4 8E A2 BF FF | T:8731222 RPD:1
[CH: 50] LEN: 12 | HEX: FA 76 FE ED 60 F7 5F BE F3 AC BF FA | T:8731252 RPD:1
[CH: 50] LEN: 12 | HEX: FA 76 FE EC 61 FF AF DD 27 49 BB FF | T:8731282 RPD:1
[CH: 50] LEN: 12 | HEX: F2 76 F6 EB 66 F5 5F DD 51 B0 BB DF | T:8731312 RPD:1
[CH: 50] LEN: 12 | HEX: FA 76 FE EA 67 FA FF EB 4D 55 B6 EF | T:8731342 RPD:1
[CH: 50] LEN: 12 | HEX: FA 76 FE E9 64 F5 5F 5F 38 5B BF BF | T:8731372 RPD:1
[CH: 50] LEN: 12 | HEX: F2 76 FA E8 65 DD 5F F5 E4 BE BF FF | T:8731402 RPD:1
[CH: 50] LEN: 12 | HEX: F2 76 FE E7 6A FF 5F D5 55 A9 AB FD | T:8731432 RPD:1
[CH: 50] LEN: 12 | HEX: FA 76 F6 E6 6B FE FE D7 89 4C AF FF | T:8731462 RPD:1
[CH: 50] LEN: 12 | HEX: FA 76 EE E5 68 FF 5F BD 7C 42 AF FF | T:8731492 RPD:1
[CH: 50] LEN: 12 | HEX: F2 76 FE E4 69 FF 5F FC A0 A7 3F BA | T:8731522 RPD:1
[CH: 50] LEN: 12 | HEX: FA 76 FC E3 6E FF F5 FF 16 5E AB 7A | T:8731552 RPD:1
[CH: 50] LEN: 12 | HEX: FA 76 FA E2 6F 7A FB BF 4A BB AF 9D | T:8731582 RPD:1
[CH: 50] LEN: 12 | HEX: FA 76 FA E1 6C F7 AF F5 BD B5 AF DF | T:8731612 RPD:1
[CH: 50] LEN: 12 | HEX: FA 76 FE E0 6D FE BF 5F 63 50 BF FF | T:8731642 RPD:1
[CH: 50] LEN: 12 | HEX: FA 76 EA DF 52 FE BE BF D2 40 AB BF | T:8731672 RPD:1
[CH: 50] LEN: 12 | HEX: EA 76 FE F4 73 DE BE FE 11 5F 3D FF | T:8731702 RPD:1
[CH: 50] LEN: 12 | HEX: F2 76 FE F5 70 FF D6 BF 64 51 AF 7F | T:8731706 RPD:1
[CH: 50] LEN: 12 | HEX: FA 76 FE F4 71 F5 5F 5B B8 B4 BB F7 | T:8731710 RPD:1
[CH: 50] LEN: 12 | HEX: EA 76 F6 FA 77 5F FA FF 52 A8 AF F5 | T:8731721 RPD:1
[CH: 50] LEN: 12 | HEX: F2 76 FE F1 74 FE BE BF 27 A6 BD FE | T:8731722 RPD:1
[CH: 50] LEN: 12 | HEX: FA 76 F6 F0 75 FE BE BB FB 43 FF FF | T:8731733 RPD:1
[CH: 50] LEN: 12 | HEX: FA 76 F6 F7 7A F7 5F FD 4A 54 BE F7 | T:8731733 RPD:1
[CH: 50] LEN: 12 | HEX: F2 76 FE F6 7B FA BF FA 96 B1 AB BF | T:8731744 RPD:1
[CH: 50] LEN: 12 | HEX: F2 76 FE F5 78 FF 7F 7B E3 BD BF BF | T:8731764 RPD:1
[CH: 50] LEN: 12 | HEX: FA 76 FE F4 79 FF 5F FC BF 5A BF FB | T:8731794 RPD:1
[CH: 50] LEN: 12 | HEX: FA 76 FA F3 7A FF AF FD 09 A3 BF FE | T:8731824 RPD:1
[CH: 50] LEN: 12 | HEX: FA 76 FE F2 7F AB FF 5F 55 46 AF FB | T:8731854 RPD:1
[CH: 50] LEN: 12 | HEX: FA 76 F6 F1 78 F7 5F AB A0 48 BF FE | T:8731884 RPD:1
[CH: 50] LEN: 12 | HEX: FA 76 F5 F0 7D FF BF F5 7C AD BB DD | T:8731914 RPD:1
[CH: 50] LEN: 12 | HEX: F2 76 FE EF 62 FF 5F 5F D2 47 BF DE | T:8731944 RPD:1
[CH: 50] LEN: 12 | HEX: F2 76 F6 EE 63 DF FA EF 0E A2 AB F7 | T:8731974 RPD:1
[CH: 50] LEN: 12 | HEX: FA 76 FA ED 60 FB 7F BF 7B AC BF FF | T:8732004 RPD:1
[CH: 50] LEN: 12 | HEX: F2 76 F6 EC 61 FF 5F FD A7 49 BF DF | T:8732034 RPD:1
[CH: 50] LEN: 12 | HEX: FA 76 FE EB 66 FF 5F 7D 91 B0 AF FF | T:8732064 RPD:1
[CH: 50] LEN: 12 | HEX: F2 76 FE EA 67 BA FF D2 4D 55 AE BB | T:8732094 RPD:1
[CH: 50] LEN: 12 | HEX: F2 76 FE E9 64 FB 5F 5F 38 5B AF 77 | T:8732124 RPD:1
[CH: 50] LEN: 12 | HEX: FA 76 F4 E8 65 EF FD D7 C4 BA BD FD | T:8732154 RPD:1
[CH: 50] LEN: 12 | HEX: F2 76 ED E7 6A F7 57 54 55 A9 BD F6 | T:8732184 RPD:1
[CH: 50] LEN: 12 | HEX: FA 76 FE E6 6B FD 7F DF 89 4C BF FF | T:8732214 RPD:1
[CH: 50] LEN: 12 | HEX: F2 76 FE E5 68 FF 5F 7F F8 42 BF FF | T:8732244 RPD:1
[CH: 50] LEN: 12 | HEX: F2 76 FE E4 69 FE AF FA 20 A7 2F 7F | T:8732274 RPD:1
[CH: 50] LEN: 12 | HEX: F2 76 F5 E3 6E FD D7 EF 16 5E BF 7D | T:8732304 RPD:1
[CH: 50] LEN: 12 | HEX: FA 76 FE E2 6F FA FF CB CA AB 5D ED | T:8732334 RPD:1
[CH: 50] LEN: 12 | HEX: F2 76 FA E1 6C F7 FF 5F BF B5 BF D7 | T:8732364 RPD:1
[CH: 50] LEN: 12 | HEX: F2 76 FE E0 6D DF FE B5 63 50 BF F7 | T:8732394 RPD:1
[CH: 50] LEN: 12 | HEX: F2 76 EC DE 52 FF 5F FA F2 40 BF F7 | T:8732423 RPD:1
[CH: 50] LEN: 12 | HEX: F2 76 FE FA 73 BD 7F FD 11 5F BB FF | T:8732453 RPD:1
[CH: 50] LEN: 12 | HEX: F2 76 FE FD 70 FF AF FD 64 51 BF FF | T:8732457 RPD:1
[CH: 50] LEN: 12 | HEX: FA 76 EC FC 75 F6 FF 5F B8 B4 B7 EE | T:8732461 RPD:1
[CH: 50] LEN: 12 | HEX: F2 76 FC FB 76 FF AF BE CE 4D AF FF | T:8732473 RPD:1
[CH: 50] LEN: 12 | HEX: FA 76 FE F2 77 FD 7F 6B 52 A8 BE E9 | T:8732473 RPD:0
[CH: 50] LEN: 12 | HEX: F2 76 FE F1 74 FF DF FD 27 A6 BF BF | T:8732484 RPD:1
[CH: 50] LEN: 12 | HEX: F2 76 F6 F0 75 EE 7F BA FB 43 BF FF | T:8732484 RPD:0
[CH: 50] LEN: 12 | HEX: FA 76 FE F7 7A FD DF DE CA 54 AB FF | T:8732496 RPD:0
[CH: 50] LEN: 12 | HEX: F2 76 FE F5 78 FF FF 5F E3 BF AF FF | T:8732513 RPD:1
[CH: 50] LEN: 12 | HEX: F2 76 FE F4 79 F7 BF B5 3F 5A BF FF | T:8732543 RPD:1
[CH: 50] LEN: 12 | HEX: FA 76 FE F3 7D F7 5F DA 89 A3 BE FF | T:8732573 RPD:1
[CH: 50] LEN: 12 | HEX: FA 76 FE F2 75 FF DD 7F 55 46 BE BF | T:8732603 RPD:1
[CH: 50] LEN: 12 | HEX: FA 76 FA F1 7C FB D7 D5 60 48 BF DF | T:8732633 RPD:1
[CH: 50] LEN: 12 | HEX: FA 76 FE F0 7B FF 5F FA 7C AD AD FF | T:8732663 RPD:1
[CH: 50] LEN: 12 | HEX: FA 76 FE EF 62 FF 57 FF 52 47 AF DF | T:8732693 RPD:1
[CH: 50] LEN: 12 | HEX: FA 76 FC EF 63 FE BF FA 0E A2 BF FF | T:8732723 RPD:1
[CH: 50] LEN: 12 | HEX: FA 76 FE ED 60 F5 AF FD 7B AC BF F5 | T:8732753 RPD:1
[CH: 50] LEN: 12 | HEX: F2 76 EE EC 61 D7 FD 7F A7 49 BB FB | T:8732783 RPD:1
[CH: 50] LEN: 12 | HEX: FA 76 FE EB 66 F7 AF EF 11 B0 AF FC | T:8732813 RPD:1
[CH: 50] LEN: 12 | HEX: F2 76 FE EA 67 5B FA AF 4D 55 AF DF | T:8732843 RPD:1
[CH: 50] LEN: 12 | HEX: FA 76 FC E9 64 EB AF FF 38 5B AF 7F | T:8732873 RPD:1
[CH: 50] LEN: 12 | HEX: FA 76 FE E8 65 EF BF FD 44 BE AE FF | T:8732903 RPD:1
[CH: 50] LEN: 12 | HEX: F2 76 FE E7 EA F7 FF DF 55 A9 AE 7F | T:8732933 RPD:1
[CH: 50] LEN: 12 | HEX: FA 76 FE E6 6B DE FA FF 49 4C BB BF | T:8732963 RPD:1
[CH: 50] LEN: 12 | HEX: FA 76 FE E5 68 FF 5F FD 7C 42 AF FF | T:8732993 RPD:1
[CH: 50] LEN: 12 | HEX: FA 76 FA E4 69 EF FF 77 20 A7 EF FF | T:8733023 RPD:1
[CH: 50] LEN: 12 | HEX: FA 76 FE E3 6E F7 5F B9 16 5E BF FD | T:8733053 RPD:1
[CH: 50] LEN: 12 | HEX: FA 76 FE E2 6E FF EB FF 2A B7 5E 96 | T:8733083 RPD:1
[CH: 50] LEN: 12 | HEX: FA 76 FE E1 6C FF 5F FF 3F B5 BF FF | T:8733113 RPD:1
[CH: 50] LEN: 12 | HEX: F2 76 F6 E0 6D DF FD 7F 63 50 BF B7 | T:8733143 RPD:1
[CH: 50] LEN: 12 | HEX: FA 76 F4 DF 52 FF 5F 75 72 40 BF FF | T:8733173 RPD:1
[CH: 50] LEN: 12 | HEX: FA 76 FE FE 73 DA FF EB 11 5F 7F 6F | T:8733203 RPD:1
[CH: 50] LEN: 12 | HEX: F2 76 FA FD 70 FB 5F FF 64 51 BB FF | T:8733207 RPD:1
[CH: 50] LEN: 12 | HEX: F2 76 FA FC 71 EE FF F5 38 B4 AF EF | T:8733211 RPD:1
[CH: 50] LEN: 12 | HEX: FA 76 FA F3 76 F7 FF AF 8E 4D AF 77 | T:8733222 RPD:1
[CH: 50] LEN: 12 | HEX: FA 76 FA F2 77 DF 5F FB 52 A8 AF DF | T:8733222 RPD:0
[CH: 50] LEN: 12 | HEX: FA 76 F6 F9 74 FF 5F DD A7 A6 AF FF | T:8733234 RPD:1
[CH: 50] LEN: 12 | HEX: F2 76 FE F8 75 D5 5F FF 7B 43 BF 6D | T:8733234 RPD:0
[CH: 50] LEN: 12 | HEX: FA 76 FE F7 7A FF D7 FE CA 54 AF DD | T:8733245 RPD:0
[CH: 50] LEN: 12 | HEX: FA 76 FE F5 78 F7 FF B7 E3 BF AF FB | T:8733262 RPD:1
[CH: 50] LEN: 12 | HEX: FA 76 FE F4 71 EF BF FA 3E 5A AF FF | T:8733292 RPD:1
[CH: 50] LEN: 12 | HEX: FA 76 F6 F3 7E F5 6F EE 09 A3 BF FF | T:8733322 RPD:1
[CH: 50] LEN: 12 | HEX: EA 76 FE F2 77 D7 FE BE B5 46 AC FD | T:8733352 RPD:1
[CH: 50] LEN: 12 | HEX: FA 76 FE F1 7C FF AB FF 60 48 AD FF | T:8733382 RPD:1
[CH: 50] LEN: 12 | HEX: FA 76 FE F0 79 FF 7E BF 7C AD AB EF | T:8733412 RPD:1
[CH: 50] LEN: 12 | HEX: EA 76 F4 EE 62 F6 BF 5F D2 47 3E FF | T:8733442 RPD:1
[CH: 50] LEN: 12 | HEX: F2 76 FD EE 63 FD FF AF 0E A2 BF FB | T:8733472 RPD:1
[CH: 50] LEN: 12 | HEX: F6 76 F5 ED 60 F7 FE F5 7B AC AF FB | T:8733502 RPD:1
[CH: 50] LEN: 12 | HEX: FA 76 FE EC 61 FF D7 EE A7 49 AF FD | T:8733532 RPD:1
[CH: 50] LEN: 12 | HEX: FA 76 FA EB 66 FF AF FE 91 B0 AF F7 | T:8733562 RPD:1
[CH: 50] LEN: 12 | HEX: FA 76 FE EA 67 BA FB D7 4D 55 BE FE | T:8733592 RPD:1
[CH: 50] LEN: 12 | HEX: F2 76 FA E9 64 F7 D7 7F B8 5B AE BF | T:8733622 RPD:1
[CH: 50] LEN: 12 | HEX: F6 76 FD E8 6D F7 BF 5B E4 BE AF FF | T:8733652 RPD:1
[CH: 50] LEN: 12 | HEX: F2 76 FE E7 6A F5 AF BE 55 A9 AF F7 | T:8733682 RPD:1
[CH: 50] LEN: 12 | HEX: F2 76 F4 E6 6B FD 7F EA 89 4C AF FF | T:8733712 RPD:1
[CH: 50] LEN: 12 | HEX: F2 76 FA E5 68 F5 5F FE BC 42 AA FF | T:8733742 RPD:1
[CH: 50] LEN: 12 | HEX: FA 76 FC E4 69 EF FE B7 20 A7 BD FD | T:8733772 RPD:1
[CH: 50] LEN: 12 | HEX: FA 76 FC E3 6E F5 D7 EF 16 5E B7 FE | T:8733802 RPD:1
[CH: 50] LEN: 12 | HEX: FA 76 F4 E2 6F BA BE EB CA B7 AF 7F | T:8733832 RPD:1
[CH: 50] LEN: 12 | HEX: FA 76 FE E1 6C FD EB FF BF B5 BF FF | T:8733862 RPD:1
[CH: 50] LEN: 12 | HEX: FA 76 EC E0 6D EF 5F FD 63 50 AF EE | T:8733892 RPD:1
[CH: 50] LEN: 12 | HEX: EA 76 FE DF 52 EA A5 FF 42 40 BF F5 | T:8733922 RPD:1
[CH: 50] LEN: 12 | HEX: FA 76 FE FE 73 FE BF F5 11 5F AF 7F | T:8733952 RPD:1
[CH: 50] LEN: 12 | HEX: FA 76 FC FD 70 FF FB 57 64 51 B7 BF | T:8733955 RPD:1
[CH: 50] LEN: 12 | HEX: F2 76 FE FC 71 FF D5 FF B8 B4 BF FB | T:8733959 RPD:1
[CH: 50] LEN: 12 | HEX: FA 76 FE FB 76 FF 5F FF 0E 4D AF FF | T:8733971 RPD:1
[CH: 50] LEN: 12 | HEX: F2 7B FF 00 81 FF 5F 7E BC 2E BF F7 | T:8734165 RPD:1
[CH: 50] LEN: 12 | HEX: FA 7B FE 80 81 FF FF EB 3C 2E BB FF | T:8734166 RPD:1
[CH: 50] LEN: 12 | HEX: F1 77 FC FE FE 70 FF 5F 92 9E BF FF | T:8734196 RPD:1
[CH: 50] LEN: 12 | HEX: F1 77 FE FD FE 73 FD 5F 25 1C AF DF | T:8734199 RPD:1
[CH: 50] LEN: 12 | HEX: F1 77 FE F4 FE 72 FF BF B8 7D BF 7F | T:8734202 RPD:1
[CH: 50] LEN: 12 | HEX: F9 77 AE FB DC 75 EE AF 5A 39 AF FD | T:8734213 RPD:1
[CH: 50] LEN: 12 | HEX: F1 77 FD FA F5 74 FF B7 C7 58 AD 7F | T:8734214 RPD:1
[CH: 50] LEN: 12 | HEX: F1 77 FA F9 DC 77 EF FD 70 DA AF FF | T:8734228 RPD:1
[CH: 50] LEN: 12 | HEX: F1 77 FB F0 EC 76 EF FF 5D BB BF FF | T:8734231 RPD:1
[CH: 50] LEN: 12 | HEX: F9 77 FD F7 DC 79 EB BF A4 73 BB FF | T:8734242 RPD:1
[CH: 50] LEN: 12 | HEX: F9 77 FD FE FE 70 FE BF 12 9E AF 5F | T:8734254 RPD:1
[CH: 50] LEN: 12 | HEX: F1 77 FD F5 FC 73 FF FF 25 1C BF EF | T:8734274 RPD:1
[CH: 50] LEN: 12 | HEX: F9 77 FE FC F4 72 FF 5F B8 7D AF BF | T:8734277 RPD:1
[CH: 50] LEN: 12 | HEX: F1 77 FE F3 D6 75 DE BF 5A 39 AB C6 | T:8734280 RPD:1
[CH: 50] LEN: 12 | HEX: F1 77 D6 FA FE 74 FF AF C7 58 BF FF | T:8734291 RPD:1
[CH: 50] LEN: 12 | HEX: F1 77 BC F9 EE 77 EA FF 70 DA BF FF | T:8734292 RPD:0
[CH: 50] LEN: 12 | HEX: F9 77 D6 E8 EE 76 F7 7F 5D BB AE FF | T:8734303 RPD:1
[CH: 50] LEN: 12 | HEX: F9 77 EE F7 FD 71 EF 5F A4 73 FF BE | T:8734314 RPD:1
[CH: 50] LEN: 12 | HEX: F1 77 FD FE FE 70 FF AF 92 9E BF AF | T:8734315 RPD:0
[CH: 50] LEN: 12 | HEX: F1 77 D6 FB DE 75 FE BE 5A 39 AE F5 | T:8734326 RPD:1
[CH: 50] LEN: 12 | HEX: F1 77 FE F7 DA 79 FF 5F A4 73 AF F7 | T:8734326 RPD:0
[CH: 50] LEN: 12 | HEX: F1 77 BC F6 F6 70 FF FE 92 9E BD FF | T:8734337 RPD:1
[CH: 50] LEN: 12 | HEX: F9 77 FB FB FD 75 FF D7 5A 39 BE FD | T:8734338 RPD:0
[CH: 50] LEN: 12 | HEX: F1 77 DE F2 F6 74 FD FF C7 58 BF FF | T:8734349 RPD:1
[CH: 50] LEN: 12 | HEX: F1 77 FC F7 7A 79 FE BE A4 73 EF EF | T:8734360 RPD:1
[CH: 50] LEN: 12 | HEX: F1 77 B5 FE F6 70 FF 5F 12 9E BF EF | T:8734361 RPD:0
[CH: 50] LEN: 12 | HEX: F1 77 FD F3 FD 75 FE FF 5A 39 AF 7F | T:8734372 RPD:1
[CH: 50] LEN: 12 | HEX: F9 77 BD E8 FE 76 FF 5F AD BB BE FF | T:8734372 RPD:0
[CH: 50] LEN: 12 | HEX: F1 77 DE F7 BA 79 FF AF A4 73 AF FF | T:8734383 RPD:1
[CH: 50] LEN: 12 | HEX: F9 77 BD F8 FE 72 EF BF B8 79 BD FB | T:8734395 RPD:1
[CH: 50] LEN: 12 | HEX: F1 77 D6 F3 FF 75 FE BE 5A 39 AD FE | T:8734395 RPD:0
[CH: 50] LEN: 12 | HEX: F9 77 5C F8 FE 76 F7 FF AD BB AE FE | T:8734406 RPD:1
[CH: 50] LEN: 12 | HEX: F1 77 FE F4 F8 72 FF AF B8 7D BF DF | T:8734407 RPD:0
[CH: 50] LEN: 12 | HEX: F1 7F B4 FB DE 75 FB BF 5A 39 BF DF | T:8734418 RPD:1
[CH: 50] LEN: 12 | HEX: F1 77 5F F0 F5 76 F7 FF CD BB AD EA | T:8734418 RPD:0
[CH: 50] LEN: 12 | HEX: F1 77 FA F7 FA 79 FD 7F A4 73 BE DF | T:8734429 RPD:1
[CH: 50] LEN: 12 | HEX: E9 77 5E F4 FE 72 EF FF 38 75 AE BA | T:8734441 RPD:1
[CH: 50] LEN: 12 | HEX: F9 77 B4 EB ED 75 FF 5F 5A 39 BF EF | T:8734441 RPD:0
[CH: 50] LEN: 12 | HEX: F9 77 FD F1 EE 77 DE FD 70 DA AF 6A | T:8734452 RPD:1
[CH: 50] LEN: 12 | HEX: F1 77 FE FD FE 73 DD 7E 25 1C AB BE | T:8734452 RPD:0
[CH: 50] LEN: 12 | HEX: F1 77 FD F4 F4 72 EF 5E F8 79 BB FF | T:8734464 RPD:1
[CH: 50] LEN: 12 | HEX: F9 77 FD F9 FE 77 FD 7F 70 DA BD AF | T:8734475 RPD:1
[CH: 50] LEN: 12 | HEX: F9 77 BE F8 F4 76 FF AF DD BB BF BB | T:8734475 RPD:0
[CH: 50] LEN: 12 | HEX: F9 77 EC FB FE 73 FD 7E 25 1C BF FF | T:8734487 RPD:1
[CH: 50] LEN: 12 | HEX: F9 77 D6 F9 FC 77 FA FF 70 DA AD AE | T:8734487 RPD:1
[CH: 50] LEN: 12 | HEX: F9 77 BE F0 FE 76 FE BF DD BB FD E7 | T:8734498 RPD:1
[CH: 50] LEN: 12 | HEX: F1 77 AA FD FE 70 FF 57 92 9E AD FF | T:8734509 RPD:1
[CH: 50] LEN: 12 | HEX: F1 77 F4 FD D5 73 FE FA 25 1C AF 5F | T:8734510 RPD:0
[CH: 50] LEN: 12 | HEX: F1 77 BA FA FA 7C F7 BF 47 58 BD FB | T:8734521 RPD:1
[CH: 50] LEN: 12 | HEX: F9 77 B5 FE FE 70 FF 5F 92 9E AF FF | T:8734521 RPD:0
[CH: 50] LEN: 12 | HEX: F1 77 FD FD FE 73 FE BF 25 1C BD FD | T:8734533 RPD:1
[CH: 50] LEN: 12 | HEX: F9 77 FC FA FA 74 FF FF E7 58 AB 5F | T:8734533 RPD:0
[CH: 50] LEN: 12 | HEX: F9 77 D5 E9 FE 77 FA FF 70 DA AF FF | T:8734544 RPD:1
[CH: 50] LEN: 12 | HEX: F9 77 BB EA EE 70 FF 5F 92 9E BB F7 | T:8734555 RPD:1
[CH: 50] LEN: 12 | HEX: F1 77 6C F5 D4 73 5F F5 25 1C AB FF | T:8734556 RPD:0
[CH: 50] LEN: 12 | HEX: F9 77 F9 FA F6 74 FF 5F C7 58 AF EE | T:8734567 RPD:1
[CH: 50] LEN: 12 | HEX: F1 77 FC F7 FD 79 FE BE A4 73 BF FB | T:8734567 RPD:1
[CH: 50] LEN: 12 | HEX: F9 77 FD EE FE 70 FE BF 12 9E BF EF | T:8734579 RPD:1
[CH: 50] LEN: 12 | HEX: F1 77 FA F5 FE 73 FF FE 25 1C AF FB | T:8734590 RPD:1
[CH: 50] LEN: 12 | HEX: F9 77 FA FC FE 72 FF FE B8 79 AF FE | T:8734590 RPD:0
[CH: 50] LEN: 12 | HEX: F9 77 B8 FB FD 75 EF FD 5A 39 AB F7 | T:8734601 RPD:1
[CH: 50] LEN: 12 | HEX: F1 77 BC F9 FE 77 AF F5 70 DA BF 77 | T:8734602 RPD:0
[CH: 50] LEN: 12 | HEX: F1 77 DD F0 F4 76 EF FF 6D BB BF F7 | T:8734613 RPD:1
[CH: 50] LEN: 12 | HEX: E9 77 FC FD DD 73 FE BF 25 1E BB BF | T:8734613 RPD:0
[CH: 50] LEN: 12 | HEX: F9 77 FD FC FE 72 FF AF B8 7D BF FF | T:8734625 RPD:1
[CH: 50] LEN: 12 | HEX: F9 77 FD F9 FE 77 DD 7F 70 DA AE DF | T:8734636 RPD:1
[CH: 50] LEN: 12 | HEX: F9 77 DE F0 F6 76 F5 5F ED BB BF DD | T:8734636 RPD:0
[CH: 50] LEN: 12 | HEX: F9 77 FF FB FD 73 DF 7F 25 1C AF EE | T:8734647 RPD:1
[CH: 50] LEN: 12 | HEX: F1 77 BC F9 DE 77 FE FF 70 DA BF FB | T:8734648 RPD:0
[CH: 50] LEN: 12 | HEX: F9 77 BD F0 FE 76 FB DF ED BB AF FF | T:8734659 RPD:1
[CH: 50] LEN: 12 | HEX: F9 77 F4 F6 FE 70 F6 FE 92 9E A8 EF | T:8734670 RPD:1
[CH: 50] LEN: 12 | HEX: F5 77 FB FD FE 73 EE BE 25 1C BF FA | T:8734671 RPD:0
[CH: 50] LEN: 12 | HEX: F9 77 DD FA F6 74 FF 5F 87 58 B7 FF | T:8734682 RPD:1
[CH: 50] LEN: 12 | HEX: F9 77 FC FE FF 70 FF AF 92 9E BF DF | T:8734682 RPD:0
[CH: 50] LEN: 12 | HEX: F1 77 FA FD FE 73 EF FE 25 1C AD BF | T:8734693 RPD:1
[CH: 50] LEN: 12 | HEX: F1 77 DC F1 DD 77 FF 5E 70 DA BF F7 | T:8734705 RPD:1
[CH: 50] LEN: 12 | HEX: F9 77 FF F0 FE 76 FF D6 AD BB BA 7B | T:8734705 RPD:0
[CH: 50] LEN: 12 | HEX: F1 77 FD FE FA 70 FF AF 92 9E BF 5F | T:8734716 RPD:1
[CH: 50] LEN: 12 | HEX: F1 7F BC EA FE 74 FF AF C7 58 AF FF | T:8734716 RPD:0
[CH: 50] LEN: 12 | HEX: F9 77 DD F9 F5 77 75 F5 70 DA AE FF | T:8734728 RPD:1
[CH: 50] LEN: 12 | HEX: F9 77 FE F7 FD 79 FF BF A4 73 AF 7A | T:8734728 RPD:0
[CH: 50] LEN: 12 | HEX: F1 77 B4 F4 F4 70 F7 5F 92 9C BF FD | T:8734739 RPD:1
[CH: 50] LEN: 12 | HEX: F9 77 FF FB FE 75 FE BF 5A 39 AE BF | T:8734751 RPD:1
[CH: 50] LEN: 12 | HEX: F1 77 EC FA FE 74 F7 5F 47 58 AF FF | T:8734751 RPD:0
[CH: 50] LEN: 12 | HEX: F1 77 FC F7 FE 79 EE BF A4 73 AF 7F | T:8734762 RPD:1
[CH: 50] LEN: 12 | HEX: F9 77 FD FB DF 75 EF FF 5A 39 BE 7D | T:8734762 RPD:0
[CH: 50] LEN: 12 | HEX: F9 77 FC F2 F6 74 F7 FF 67 58 AF FF | T:8734774 RPD:1
[CH: 50] LEN: 12 | HEX: F1 77 FD F7 BD 79 FF 5F A4 7B FF FF | T:8734785 RPD:1
[CH: 50] LEN: 12 | HEX: F1 77 BD FE FE 70 F7 5F 92 9E BF FF | T:8734785 RPD:0
[CH: 50] LEN: 12 | HEX: F9 77 F4 FB FE 7D F7 5F 5A 39 AF FB | T:8734797 RPD:1
[CH: 50] LEN: 12 | HEX: F9 77 FD F0 FA 76 FF 5F CD BB BF 7F | T:8734797 RPD:0
[CH: 50] LEN: 12 | HEX: F1 77 FA F7 BF 79 FE FD 24 73 BF F5 | T:8734808 RPD:1
[CH: 50] LEN: 12 | HEX: F9 77 FE FC FE 72 FF BF B8 79 AF BF | T:8734808 RPD:0
[CH: 50] LEN: 12 | HEX: F9 77 FA FB FE 75 FE FF 5A 39 AF FF | T:8734820 RPD:1
[CH: 50] LEN: 12 | HEX: F9 77 7C F8 F6 76 FF 5F CD BB FF DD | T:8734831 RPD:1
[CH: 50] LEN: 12 | HEX: F9 77 FC F7 D6 79 FF AF A4 73 AF FF | T:8734831 RPD:0
[CH: 50] LEN: 12 | HEX: F9 77 FE FC FD 72 FF AF B8 7D BF FF | T:8734843 RPD:1
[CH: 50] LEN: 12 | HEX: F9 77 FB E8 FD 76 FF AF ED BB BD EF | T:8734843 RPD:0
[CH: 50] LEN: 12 | HEX: F1 77 F9 F7 FA 79 FE BF A4 73 AF FE | T:8734854 RPD:1
[CH: 50] LEN: 12 | HEX: F9 77 DB F4 F4 72 F5 FF F8 79 AF DB | T:8734865 RPD:1
[CH: 50] LEN: 12 | HEX: F9 77 D6 F3 FD 75 FE BE DA 39 AF AF | T:8734866 RPD:0
[CH: 50] LEN: 12 | HEX: F9 77 F5 F9 EC 77 FA FA 70 DA AE AE | T:8734877 RPD:1
[CH: 50] LEN: 12 | HEX: F9 77 FC FD FE 73 FE 5D 25 1C AB EF | T:8734877 RPD:0
[CH: 50] LEN: 12 | HEX: F9 77 DC FC FE 72 FB EF B8 7D AF FF | T:8734889 RPD:1
[CH: 50] LEN: 12 | HEX: F9 77 FE F9 FE 77 FF 5F 70 DA AA BF | T:8734900 RPD:1
[CH: 50] LEN: 12 | HEX: F9 77 DE F8 FF 76 FF 57 ED BB AF DF | T:8734900 RPD:0
[CH: 50] LEN: 12 | HEX: F9 77 FA FD EE 73 FD FD 25 1C AE D5 | T:8734911 RPD:1
[CH: 50] LEN: 12 | HEX: F9 77 FD F9 FE 77 FE B5 70 DA AD F5 | T:8734912 RPD:1
[CH: 50] LEN: 12 | HEX: F9 77 FD F8 FE 76 FF 5F ED BB EF EF | T:8734923 RPD:1
[CH: 50] LEN: 12 | HEX: F1 77 BA FD FE 73 D6 BE A5 1C BF BF | T:8734923 RPD:0
[CH: 50] LEN: 12 | HEX: F9 77 FA FC F6 72 FF DF B8 7B AD EF | T:8734934 RPD:1
[CH: 50] LEN: 12 | HEX: F1 77 FA FA F6 74 FF 5F 87 58 AF 7F | T:8734946 RPD:1
[CH: 50] LEN: 12 | HEX: F9 77 DD F9 FA 77 FE BF 70 DA AD FF | T:8734946 RPD:0
[CH: 50] LEN: 12 | HEX: F1 7F B5 E8 F4 78 EF FF 92 9D BE FF | T:8734957 RPD:1
[CH: 50] LEN: 12 | HEX: F1 77 FD FA FE 74 F7 BF 67 58 AF FE | T:8734958 RPD:0
[CH: 50] LEN: 12 | HEX: F9 77 F4 E9 FE 77 B5 FD 74 DA AF F7 | T:8734969 RPD:1
[CH: 50] LEN: 12 | HEX: F1 77 FF FE FE 70 FF AF 12 9E AE FF | T:8734980 RPD:1
[CH: 50] LEN: 12 | HEX: F1 77 BE F9 FE 73 FE BF 25 1C AF AE | T:8734980 RPD:1
[CH: 50] LEN: 12 | HEX: F9 77 BD FA FE 74 FF AF C7 58 AF FB | T:8734992 RPD:1
[CH: 50] LEN: 12 | HEX: F1 77 FB F7 FB 79 FF 5F A4 73 BF 7F | T:8734992 RPD:0
[CH: 50] LEN: 12 | HEX: F9 77 BB F6 FB 78 FD D7 92 9E AA FE | T:8735003 RPD:1
[CH: 50] LEN: 12 | HEX: F1 77 FD F3 FD 75 EF FF 5A 3D BF EF | T:8735004 RPD:0
[CH: 50] LEN: 12 | HEX: F1 77 DC EA ED 74 FF BF C7 58 BF FF | T:8735015 RPD:1
[CH: 50] LEN: 12 | HEX: F1 77 FC F7 BD 71 FF BF A4 73 EF FF | T:8735026 RPD:1
[CH: 50] LEN: 12 | HEX: F9 77 FC FE FE 70 F7 5F 92 9E BF FF | T:8735026 RPD:0
[CH: 50] LEN: 12 | HEX: F9 77 FD F7 FE 75 FF 5F 5A 39 BF BF | T:8735038 RPD:1
[CH: 50] LEN: 12 | HEX: F1 77 DA F7 FB 79 EE BF A4 73 AF FF | T:8735038 RPD:0
[CH: 50] LEN: 12 | HEX: F9 77 FA FE FE 70 FF D7 92 9E AF F7 | T:8735049 RPD:1
[CH: 50] LEN: 12 | HEX: F9 77 75 EB EE 75 FD 7F 5A 39 BF FF | T:8735061 RPD:1
[CH: 50] LEN: 12 | HEX: F1 77 B6 F2 FE 74 FB 7F C7 58 AD 5D | T:8735061 RPD:0
[CH: 50] LEN: 12 | HEX: F1 77 DD F7 DE 79 FF 7F 24 73 AF AE | T:8735072 RPD:1
[CH: 50] LEN: 12 | HEX: F1 77 BA F4 F6 72 F7 FF B8 79 AF F7 | T:8735072 RPD:0
[CH: 50] LEN: 12 | HEX: F9 77 DA F3 DE 75 DE FF 5A 39 BB DF | T:8735084 RPD:1
[CH: 50] LEN: 12 | HEX: F1 77 DC E8 EE 76 FF 5F 4D BB BF FF | T:8735095 RPD:1
[CH: 50] LEN: 12 | HEX: F1 77 FE F7 DB 79 FE BF A4 7B BE FF | T:8735095 RPD:0
[CH: 50] LEN: 12 | HEX: F9 77 DD FC FE 72 F7 5F 78 77 BF FF | T:8735107 RPD:1
[CH: 50] LEN: 12 | HEX: F1 77 DC F0 FE 76 FF BF ED BB BF FF | T:8735107 RPD:0
[CH: 50] LEN: 12 | HEX: F1 77 AE F7 BC 71 EF 7D 24 73 BF BF | T:8735118 RPD:1
[CH: 50] LEN: 12 | HEX: F1 77 5C F8 FE 72 FF 5F B8 79 BF BB | T:8735118 RPD:1
[CH: 50] LEN: 12 | HEX: F1 77 BE FB FE 75 F6 BF 5A 39 BD 6B | T:8735130 RPD:1
[CH: 50] LEN: 12 | HEX: F1 77 FD F9 FE 77 DF FE F0 DA AB F7 | T:8735141 RPD:1
[CH: 50] LEN: 12 | HEX: F9 77 FD F8 FE 76 F7 5F 4D BB AD ED | T:8735141 RPD:0
[CH: 50] LEN: 12 | HEX: F9 77 FD F5 EF 73 BD 7E 25 1C BC FA | T:8735153 RPD:1
[CH: 50] LEN: 12 | HEX: F9 77 FD F1 D4 77 FE FE 70 DA AB BD | T:8735153 RPD:0
[CH: 50] LEN: 12 | HEX: F1 77 BC F0 F5 76 FE AF ED BB EF F7 | T:8735164 RPD:1
[CH: 50] LEN: 12 | HEX: F1 77 FE F9 FE 73 FE BF 25 1C BD F4 | T:8735175 RPD:1
[CH: 50] LEN: 12 | HEX: F9 77 FD FC FE 72 FF DF B8 7D BF FD | T:8735176 RPD:0
[CH: 50] LEN: 12 | HEX: F1 77 AC F1 FD 77 FA FF 70 DA BF FF | T:8735187 RPD:1
[CH: 50] LEN: 12 | HEX: F1 77 FD FD FE 73 EF FD 25 1C B7 DA | T:8735187 RPD:0
[CH: 50] LEN: 12 | HEX: F1 77 FB FC FE 72 FF 5F B8 7D BF FD | T:8735198 RPD:1
[CH: 50] LEN: 12 | HEX: E9 77 FA F2 F5 7C FE FE 87 58 AD FF | T:8735199 RPD:0
[CH: 50] LEN: 12 | HEX: F9 77 FE F9 EE 77 FA BF 70 DA AD EE | T:8735210 RPD:1
[CH: 50] LEN: 12 | HEX: F9 77 F4 FE FE 70 FF 5E 92 9E BF 5F | T:8735221 RPD:1
[CH: 50] LEN: 12 | HEX: F9 77 EE F9 FE 73 FA FF 25 1C AF FF | T:8735222 RPD:0
[CH: 50] LEN: 12 | HEX: D1 77 BC EA FE 74 FB AF C7 58 BB FF | T:8735233 RPD:1
[CH: 50] LEN: 12 | HEX: F9 77 BD EC EC 70 FF AF 92 9E BF 6F | T:8735233 RPD:0
[CH: 50] LEN: 12 | HEX: F1 77 BD FD FE 73 D6 FD 25 1C AF BB | T:8735244 RPD:1
[CH: 50] LEN: 12 | HEX: F5 77 FB F2 FB 74 FF AF C7 58 AF F7 | T:8735256 RPD:1
[CH: 50] LEN: 12 | HEX: F1 77 FB F9 FE 77 FD 7E 70 DA AF F7 | T:8735256 RPD:0
[CH: 50] LEN: 12 | HEX: F1 77 DB F4 F6 70 FF AF 92 9E BF EE | T:8735267 RPD:1
[CH: 50] LEN: 12 | HEX: F1 77 FA FB FE 75 FD 7D 5A 39 AB AF | T:8735268 RPD:0
[CH: 50] LEN: 12 | HEX: F9 77 BE F2 FE 74 F5 FE 87 58 AF 3F | T:8735279 RPD:1
[CH: 50] LEN: 12 | HEX: F9 77 FB F7 5D 79 FE BF A4 7B BF FF | T:8735290 RPD:1
[CH: 50] LEN: 12 | HEX: F9 77 BD FD F6 74 FF BF 92 9E AF FB | T:8735290 RPD:0
[CH: 50] LEN: 12 | HEX: F1 77 FB FB FC 75 FF 7E 5A 39 AB FF | T:8735302 RPD:1
[CH: 50] LEN: 12 | HEX: F1 77 BD F7 FB 79 FE FD 24 73 FD FF | T:8735302 RPD:0
[CH: 50] LEN: 12 | HEX: F9 77 FE FE FE 70 FF AF 92 9E BF 5F | T:8735313 RPD:1
[CH: 50] LEN: 12 | HEX: F1 77 BB FF DD 75 FE BF 5A 39 BF FF | T:8735314 RPD:0
[CH: 50] LEN: 12 | HEX: F9 77 FA E9 FE 77 FD 7E 70 DA B5 CA | T:8735325 RPD:1
[CH: 50] LEN: 12 | HEX: E9 77 DB F7 7D 79 FF 5F A4 73 AF DD | T:8735336 RPD:1
[CH: 50] LEN: 12 | HEX: F9 77 D5 FE FE 70 FF EF 92 9E AA 92 | T:8735336 RPD:0
[CH: 50] LEN: 12 | HEX: F9 77 BB FB FE 75 F7 5F 5A 39 AD FF | T:8735348 RPD:1
[CH: 50] LEN: 12 | HEX: F9 77 EE F8 F5 76 FF FF 4D BB BF FF | T:8735348 RPD:0
[CH: 50] LEN: 12 | HEX: F9 77 DC F7 DC 79 FF AE A4 73 AE B6 | T:8735359 RPD:1
[CH: 50] LEN: 12 | HEX: F9 77 FD FC FE 72 FF 5F 38 7D AF 7F | T:8735371 RPD:1
[CH: 50] LEN: 12 | HEX: F9 77 FB FB FD 75 D7 7E DA 39 BD FF | T:8735371 RPD:0
[CH: 50] LEN: 12 | HEX: F1 77 BC F0 FE 76 F7 BF ED BB FF EF | T:8735382 RPD:1
[CH: 50] LEN: 12 | HEX: F9 77 DE FC F5 76 F7 AF B8 79 AB F6 | T:8735382 RPD:1
[CH: 50] LEN: 12 | HEX: F9 77 FA F7 FE 75 FF 5F 5A 39 AF F7 | T:8735394 RPD:1
[CH: 50] LEN: 12 | HEX: F1 77 BD F8 EE 76 FD FF ED BB EF F5 | T:8735394 RPD:0
[CH: 50] LEN: 12 | HEX: F1 77 DE F7 BA 79 FF FF 64 73 BB BF | T:8735405 RPD:1
[CH: 50] LEN: 12 | HEX: F1 77 BB E9 FD 73 EB 7F 25 1C B7 7D | T:8735417 RPD:1
[CH: 50] LEN: 12 | HEX: F1 77 FA FC EE 72 FF 5F B8 75 AF AA | T:8735417 RPD:0
[CH: 50] LEN: 12 | HEX: F1 77 FA E9 FE 77 FA FA 70 DA BE FF | T:8735428 RPD:1
[CH: 50] LEN: 12 | HEX: F1 77 BF F9 FE 73 BF FA A5 1C BE FE | T:8735428 RPD:0
[CH: 50] LEN: 12 | HEX: F9 77 DD FC FE 72 FF 5F B8 75 AD FF | T:8735440 RPD:1
[CH: 50] LEN: 12 | HEX: F9 77 DB F9 FE 77 DF 5F 70 DA AB FE | T:8735451 RPD:1
[CH: 50] LEN: 12 | HEX: F1 77 F6 F0 F6 76 F6 AF ED BB AE F7 | T:8735451 RPD:1
[CH: 50] LEN: 12 | HEX: F9 77 5A F5 FC 73 DD FD A5 1C AB B7 | T:8735462 RPD:1
[CH: 50] LEN: 12 | HEX: F9 77 FF FA FE 74 F7 7F 47 58 AD 7A | T:8735463 RPD:0
[CH: 50] LEN: 12 | HEX: F9 77 FD F9 FE 77 FD 7B 70 DA AD FF | T:8735474 RPD:1
[CH: 50] LEN: 12 | HEX: F9 77 BD FA FE 70 FF 57 92 9C AF 5D | T:8735485 RPD:1
[CH: 50] LEN: 12 | HEX: F1 77 FB FD D6 73 BD FD 25 1C AE FF | T:8735486 RPD:0
[CH: 50] LEN: 12 | HEX: F9 77 FD F2 FE 74 FF FF A7 58 AF FF | T:8735497 RPD:1
[CH: 50] LEN: 12 | HEX: F1 77 D6 FE FE 70 FF 5F 92 9E AF 75 | T:8735497 RPD:0
[CH: 50] LEN: 12 | HEX: F9 77 FA FC FA 72 FF BF B8 7D AF EE | T:8735508 RPD:1
[CH: 50] LEN: 12 | HEX: F1 77 FD FA FE 74 FF D5 C7 58 AF FE | T:8735509 RPD:0
[CH: 50] LEN: 12 | HEX: F9 77 FE F9 FE 77 DF FD 70 DA AF FF | T:8735520 RPD:1
[CH: 50] LEN: 12 | HEX: F1 77 BE F6 FE 70 F7 7F 92 9F AF FF | T:8735531 RPD:1
[CH: 50] LEN: 12 | HEX: F1 77 F9 F9 FE 73 FD 7E A5 1C BF FF | T:8735532 RPD:0
[CH: 50] LEN: 12 | HEX: F1 77 FD FA FE 74 FF D7 C7 58 AF 98 | T:8735543 RPD:1
[CH: 50] LEN: 12 | HEX: F1 77 7C F7 FE 79 DE FA A4 73 BB EF | T:8735543 RPD:0
[CH: 50] LEN: 12 | HEX: F9 77 DE FE FE 70 FF BF 92 9E BF FF | T:8735554 RPD:1
[CH: 50] LEN: 12 | HEX: F1 77 BE F3 DE 75 EF FF 5A 39 BE FF | T:8735566 RPD:1
[CH: 50] LEN: 12 | HEX: F1 77 FD F2 EE 74 FE BE A7 58 AF D7 | T:8735566 RPD:0
[CH: 50] LEN: 12 | HEX: F9 77 BC F7 BD 79 FF 3F A4 7B FF F7 | T:8735577 RPD:1
[CH: 50] LEN: 12 | HEX: F9 77 DE F3 FF 75 FE BE 5A 39 BD 7F | T:8735578 RPD:0
[CH: 50] LEN: 12 | HEX: F9 77 BA FA FA 74 FF 3F A7 58 BF FF | T:8735589 RPD:1
[CH: 50] LEN: 12 | HEX: F5 77 FC F7 FD 79 FF 5F A4 73 BF FB | T:8735589 RPD:0
[CH: 50] LEN: 12 | HEX: F9 77 B5 EE FE 70 EF FE 92 9E BD FF | T:8735600 RPD:1
[CH: 50] LEN: 12 | HEX: F1 77 FB FC FC 72 FF BF B8 79 BF FE | T:8735612 RPD:1
[CH: 50] LEN: 12 | HEX: F9 77 DB F3 FD 75 FF 57 5A 39 AD DF | T:8735612 RPD:0
[CH: 50] LEN: 12 | HEX: F9 77 FB F8 FE 76 FA 97 ED BB BF FF | T:8735623 RPD:1
[CH: 50] LEN: 12 | HEX: F1 77 FA F4 FA 72 F7 FF 78 7D BF FB | T:8735623 RPD:0
[CH: 50] LEN: 12 | HEX: F9 77 FE FB FF 75 EF FF 5A 39 BF 77 | T:8735635 RPD:1
[CH: 50] LEN: 12 | HEX: F1 77 F9 F8 FE 76 F7 FF AD BB BE FF | T:8735646 RPD:1
[CH: 50] LEN: 12 | HEX: F1 77 BA F7 74 71 FE BF 24 73 EF FF | T:8735646 RPD:0
[CH: 50] LEN: 12 | HEX: F9 77 D6 FC F4 72 FF DF 38 7D BF FF | T:8735658 RPD:1
[CH: 50] LEN: 12 | HEX: F9 77 FE E8 EA 76 FF 7E AD BB AF FD | T:8735658 RPD:0
[CH: 50] LEN: 12 | HEX: F1 77 DC F7 FD 79 FF AF A4 73 AD BD | T:8735669 RPD:1
[CH: 50] LEN: 12 | HEX: F9 77 EE FD F6 73 FE BF 25 1C AF FF | T:8735680 RPD:1
[CH: 50] LEN: 12 | HEX: F9 77 FA FC FD 72 FF DF B8 7D BB BF | T:8735681 RPD:0
[CH: 50] LEN: 12 | HEX: F9 77 FD F1 FE 77 FD 7F 70 DA AF FF | T:8735692 RPD:1
[CH: 50] LEN: 12 | HEX: F9 77 DC F7 FC 73 FE FD 25 1C AE FF | T:8735692 RPD:0
[CH: 50] LEN: 12 | HEX: F1 77 DC FC F4 72 FF 2F B8 79 AF FD | T:8735704 RPD:0
[CH: 50] LEN: 12 | HEX: F5 77 7B 00 00 71 EF 7E AD E7 2E DF | T:8735726 RPD:1
[CH: 50] LEN: 12 | HEX: F1 77 FD 00 00 71 F7 FF 2D E7 AB EF | T:8735726 RPD:1
[CH: 50] LEN: 12 | HEX: F0 6D EF 00 FA FA 91 EF 70 98 B7 FF | T:8735756 RPD:1
[CH: 50] LEN: 12 | HEX: F8 6D FE 80 FE F2 91 FF 70 98 AF 4E | T:8735757 RPD:1
[CH: 50] LEN: 12 | HEX: F9 77 BA 00 00 71 91 EE 05 C2 AE DB | T:8736025 RPD:1
[CH: 50] LEN: 12 | HEX: F9 77 FA 00 00 71 91 FE 85 C2 BF 7E | T:8736026 RPD:1
[CH: 50] LEN: 12 | HEX: F8 6D F7 00 EE F6 91 FF F0 98 AB FF | T:8736056 RPD:1
[CH: 50] LEN: 12 | HEX: F0 6D EE 80 F6 EA 91 EF 70 98 AB FF | T:8736057 RPD:1
[CH: 50] LEN: 12 | HEX: F1 77 BE 00 00 71 91 FD 85 C2 AB FF | T:8736325 RPD:1
[CH: 50] LEN: 12 | HEX: F1 77 FD 00 00 71 91 FE 05 C2 AF FB | T:8736326 RPD:1
[CH: 50] LEN: 12 | HEX: F8 6D FF 00 FA F2 91 FE F0 98 AF FB | T:8736356 RPD:1
[CH: 50] LEN: 12 | HEX: F0 6D FF 00 FE FA 91 F6 70 98 BF F7 | T:8736357 RPD:1
[CH: 50] LEN: 12 | HEX: F9 77 FD 00 00 71 91 F6 05 C2 BF FF | T:8736625 RPD:1
[CH: 50] LEN: 12 | HEX: F9 77 FD 00 00 71 91 FE 05 C2 BF FF | T:8736626 RPD:1
[CH: 50] LEN: 12 | HEX: F8 6D EF 00 FE FA 91 D7 70 98 BD F7 | T:8736656 RPD:1
[CH: 50] LEN: 12 | HEX: F8 6D F6 00 FE FA 91 FB 70 98 AF 7E | T:8736656 RPD:1
[CH: 50] LEN: 12 | HEX: F9 77 5D 00 00 71 91 DE 05 C2 BF 5F | T:8736925 RPD:1
[CH: 50] LEN: 12 | HEX: F1 77 7B 00 00 71 91 D6 05 C2 BB FF | T:8736926 RPD:1
[CH: 50] LEN: 12 | HEX: F8 6D FE 00 FE F2 91 FF 70 98 AF FF | T:8736955 RPD:1
[CH: 50] LEN: 12 | HEX: F8 6D F7 00 FE F2 91 FD 70 98 BE BF | T:8736956 RPD:1
[CH: 50] LEN: 12 | HEX: F9 77 FD 00 00 71 91 FF 05 C2 BF FF | T:8737225 RPD:1
[CH: 50] LEN: 12 | HEX: F1 77 5F 00 00 71 91 FF 05 C2 BF FF | T:8737226 RPD:1
[CH: 50] LEN: 12 | HEX: F0 6D EF 00 F6 EA 91 D7 70 98 AF EE | T:8737255 RPD:1
[CH: 50] LEN: 12 | HEX: F0 6D FF 00 F4 F2 91 D7 F0 98 AF FF | T:8737256 RPD:1
[CH: 50] LEN: 12 | HEX: F9 77 FE 80 00 71 91 F7 05 C2 AE DE | T:8737525 RPD:1
[CH: 50] LEN: 12 | HEX: F1 77 B5 00 00 71 91 EF 85 C2 AF D7 | T:8737525 RPD:1
[CH: 50] LEN: 12 | HEX: F4 6D ED 00 FE FA 91 FF 70 98 BF BE | T:8737555 RPD:1
[CH: 50] LEN: 12 | HEX: F8 6D F7 00 F4 FA 91 F6 F0 98 BF EF | T:8737556 RPD:1
[CH: 50] LEN: 12 | HEX: F1 77 AA 80 00 71 91 EE 05 C2 BF FF | T:8737824 RPD:1
[CH: 50] LEN: 12 | HEX: F1 77 FD 00 00 71 91 FE 85 C2 AF FF | T:8737825 RPD:1
[CH: 50] LEN: 12 | HEX: F8 6D FF 00 FE FA 91 FF 70 98 AF 7F | T:8737855 RPD:1
[CH: 50] LEN: 12 | HEX: F0 6D F7 00 F6 FA 91 FF 70 98 AD BF | T:8737856 RPD:1
[CH: 50] LEN: 12 | HEX: F1 77 BA 00 00 71 91 ED 05 C2 AB EB | T:8738124 RPD:1
[CH: 50] LEN: 12 | HEX: F9 77 DE 80 00 71 91 EB 05 C2 AB FF | T:8738125 RPD:1
[CH: 50] LEN: 12 | HEX: F8 6D F7 00 F6 EA 91 F7 70 98 BF FB | T:8738155 RPD:1
[CH: 50] LEN: 12 | HEX: F0 6D FD 80 FE FA 91 DD 70 98 BF DF | T:8738155 RPD:1
[CH: 50] LEN: 12 | HEX: FA 76 FF 00 8C FA 91 FD AC 77 BF 6E | T:8738369 RPD:1
[CH: 50] LEN: 12 | HEX: FA 76 F6 00 8C F2 91 FD 2C 77 BF F7 | T:8738369 RPD:1
[CH: 50] LEN: 12 | HEX: FA 76 FE FE 73 FA 91 FF 72 8A AF EF | T:8738400 RPD:1
[CH: 50] LEN: 12 | HEX: FA 76 FA FD 70 F2 91 FF 67 84 AF FE | T:8738403 RPD:1
[CH: 50] LEN: 12 | HEX: F2 76 FE FC 71 EA 91 FF 7B 61 BF EF | T:8738407 RPD:1
[CH: 50] LEN: 12 | HEX: FA 76 FE FB 76 F2 91 FF CD 98 AF DF | T:8738418 RPD:1
[CH: 50] LEN: 12 | HEX: F2 76 FE FA 77 EA 91 FE 51 7D BF F6 | T:8738418 RPD:1
[CH: 50] LEN: 12 | HEX: F2 76 FE F9 74 FA 91 FF A4 7B EF DF | T:8738430 RPD:1
[CH: 50] LEN: 12 | HEX: FA 76 FA F8 75 FA 91 FE B8 96 BD F7 | T:8738430 RPD:0
[CH: 50] LEN: 12 | HEX: FA 76 FE F7 7A FA 91 EE 89 81 BF FB | T:8738441 RPD:0
[CH: 50] LEN: 12 | HEX: F2 76 FE F5 78 FA 91 FF 20 6A AD FF | T:8738460 RPD:1
[CH: 50] LEN: 12 | HEX: EA 76 EE F4 71 FA 91 DF 2C 8E AB DF | T:8738490 RPD:1
[CH: 50] LEN: 12 | HEX: FA 76 EE F3 7E F2 91 EF 4A 76 AD FA | T:8738520 RPD:1
[CH: 50] LEN: 12 | HEX: FA 76 FE F2 7F AA 91 FE 16 93 BB DF | T:8738550 RPD:1
[CH: 50] LEN: 12 | HEX: FA 76 FE F1 7C FA 91 F7 63 9D B6 FF | T:8738580 RPD:1
[CH: 50] LEN: 12 | HEX: FA 76 FE F0 7D F2 91 FD 7F 78 AF FD | T:8738610 RPD:1
[CH: 50] LEN: 12 | HEX: FA 76 FE EF 62 EA 91 EE 11 92 BF FE | T:8738640 RPD:1
[CH: 50] LEN: 12 | HEX: F2 76 F5 EE 63 FA 91 FF 4D 77 BD FB | T:8738670 RPD:1
[CH: 50] LEN: 12 | HEX: FA 76 F5 ED 60 FA 91 FF 78 79 BF EF | T:8738700 RPD:1
[CH: 50] LEN: 12 | HEX: FA 76 FE EC 61 FA 91 FF 64 9C AF DF | T:8738730 RPD:1
[CH: 50] LEN: 12 | HEX: FA 76 FE EB 66 EA 91 FE D2 65 AF EF | T:8738760 RPD:1
[CH: 50] LEN: 12 | HEX: F2 76 F6 EA 67 FA 91 FF 0E 80 BF EF | T:8738790 RPD:1
[CH: 50] LEN: 12 | HEX: F2 76 FE E9 64 F2 91 EF 7B 8E AF FB | T:8738820 RPD:1
[CH: 50] LEN: 12 | HEX: F2 76 F6 E8 65 FA 91 FF 27 EB BF FE | T:8738850 RPD:1
[CH: 50] LEN: 12 | HEX: FA 76 FA E7 6A FA 91 FF 96 7C AE AF | T:8738880 RPD:1
[CH: 50] LEN: 12 | HEX: FA 76 FD E6 6B EA 91 EE 4A 99 AA EF | T:8738910 RPD:1
[CH: 50] LEN: 12 | HEX: FA 76 FE E5 68 FA 91 EF 3F 97 EE D4 | T:8738940 RPD:1
[CH: 50] LEN: 12 | HEX: F2 76 FE E4 69 EA 91 FF F3 7A BF F6 | T:8738970 RPD:1
[CH: 50] LEN: 12 | HEX: FA 76 FE E3 6E FA 91 FF 55 8B AA BD | T:8739000 RPD:1
[CH: 50] LEN: 12 | HEX: FA 76 FE E2 6F 72 91 FF 09 6E BF EE | T:8739030 RPD:1
[CH: 50] LEN: 12 | HEX: F2 76 FD E1 6C F2 91 FF 7C 60 AE FF | T:8739060 RPD:1
[CH: 50] LEN: 12 | HEX: FA 76 FE E0 6D F6 91 FF 60 85 AF FF | T:8739090 RPD:1
[CH: 50] LEN: 12 | HEX: FA 76 F5 DF 52 FA 91 FF 31 95 AF 7B | T:8739120 RPD:1
[CH: 50] LEN: 12 | HEX: FA 76 FE FE 73 FA 91 FF 72 8A AB FF | T:8739150 RPD:1
[CH: 50] LEN: 12 | HEX: EA 76 FE FD 70 F2 91 DA A7 04 BF EF | T:8739153 RPD:1
[CH: 50] LEN: 12 | HEX: FA 76 FE EC 71 EA 91 DE FB 61 AF 7E | T:8739157 RPD:1
[CH: 50] LEN: 12 | HEX: FA 76 FC FB 76 F2 91 FB 4D 98 BF FF | T:8739169 RPD:1
[CH: 50] LEN: 12 | HEX: FA 76 F4 FA 77 FA 91 EF 51 7D BF AD | T:8739169 RPD:0
[CH: 50] LEN: 12 | HEX: FA 76 FC F9 74 FA 91 EF 54 73 AE FF | T:8739180 RPD:1
[CH: 50] LEN: 12 | HEX: EA 76 ED F0 75 DA 91 DE BC 96 B7 BB | T:8739180 RPD:0
[CH: 50] LEN: 12 | HEX: EA 76 F6 E7 7A F2 91 FE C9 81 BF F4 | T:8739192 RPD:0
[CH: 50] LEN: 12 | HEX: FA 76 F4 F5 78 F2 91 FF A0 6A AF FF | T:8739207 RPD:1
[CH: 50] LEN: 12 | HEX: FA 76 FE F4 71 FA 91 FF EC 8F AF B5 | T:8739237 RPD:1
[CH: 50] LEN: 12 | HEX: F6 76 FE F3 7E FA 91 EE 8A 76 B7 B7 | T:8739267 RPD:1
[CH: 50] LEN: 12 | HEX: FA 7E FC F2 7F D6 91 FE 96 93 BF DF | T:8739297 RPD:1
[CH: 50] LEN: 12 | HEX: F2 7E FE F1 7C FA 91 FB 63 9D B7 BF | T:8739327 RPD:1
[CH: 50] LEN: 12 | HEX: FA 76 F6 F0 7D FA 91 FE 7F 78 B7 F3 | T:8739357 RPD:1
[CH: 50] LEN: 12 | HEX: F2 76 F5 EF 62 F2 91 EB 11 92 AF FF | T:8739387 RPD:1
[CH: 50] LEN: 12 | HEX: F2 76 FA EE 63 D2 91 FE 8D 77 AF FF | T:8739417 RPD:1
[CH: 50] LEN: 12 | HEX: F2 76 FC ED 60 F2 91 FE B8 79 AF FD | T:8739447 RPD:1
[CH: 50] LEN: 12 | HEX: FA 76 FE EC 61 F6 91 FD E4 9C BF DF | T:8739477 RPD:1
[CH: 50] LEN: 12 | HEX: FA 76 FE EB 66 FA 91 FF D2 65 BF FB | T:8739507 RPD:1
[CH: 50] LEN: 12 | HEX: FA 76 F4 EA 67 DA 91 EF CE 80 BF FF | T:8739537 RPD:1
[CH: 50] LEN: 12 | HEX: F2 76 FE E9 64 F2 91 FE BB 8E BF FF | T:8739567 RPD:1
[CH: 50] LEN: 12 | HEX: F2 76 EE E8 65 FA 91 FE A7 6B AF BB | T:8739597 RPD:1
[CH: 50] LEN: 12 | HEX: F2 76 FA E7 6A FA 91 FD 16 78 BB FE | T:8739627 RPD:1
[CH: 50] LEN: 12 | HEX: FA 76 FE E6 6B FA 91 FF 4A 99 BF F5 | T:8739657 RPD:1
[CH: 50] LEN: 12 | HEX: F6 76 F6 E5 68 F2 91 FE BF 97 BB EF | T:8739687 RPD:1
[CH: 50] LEN: 12 | HEX: FA 7E FE E4 69 F6 91 FF 43 72 BF 5B | T:8739717 RPD:1
[CH: 50] LEN: 12 | HEX: FA 76 FE E3 6E FA 91 FF B5 8B AD FF | T:8739747 RPD:1
[CH: 50] LEN: 12 | HEX: FA 76 FE E2 6F 7A 91 D7 09 6E AB FF | T:8739777 RPD:1
[CH: 50] LEN: 12 | HEX: FA 76 FC E1 6C FA 91 FF 7C 60 AF BF | T:8739807 RPD:1
[CH: 50] LEN: 12 | HEX: F6 76 F6 E0 6D FA 91 EB A0 85 BF FF | T:8739837 RPD:1
[CH: 50] LEN: 12 | HEX: FA 76 FA DF 52 F2 91 FF 31 95 AB FB | T:8739867 RPD:1
[CH: 50] LEN: 12 | HEX: FA 76 F5 FE 73 FA 91 FF D2 8A AD BF | T:8739897 RPD:1
[CH: 50] LEN: 12 | HEX: F2 76 FE F5 70 FA 91 EF 67 84 AB FF | T:8739901 RPD:1
[CH: 50] LEN: 12 | HEX: FA 76 F4 FC 71 FA 91 FA 7B 61 AB FD | T:8739905 RPD:1
[CH: 50] LEN: 12 | HEX: F2 76 FE FB 76 F2 91 EA CD 98 AF 7D | T:8739916 RPD:1
[CH: 50] LEN: 12 | HEX: FA 76 F4 FA 77 BA 91 EF 51 79 AB F7 | T:8739916 RPD:0
[CH: 50] LEN: 12 | HEX: FA 76 FE F1 74 F2 91 FF 44 73 BF EF | T:8739928 RPD:1
[CH: 50] LEN: 12 | HEX: FA 76 FE F8 75 F2 91 EF 38 96 AF FF | T:8739928 RPD:0
[CH: 50] LEN: 12 | HEX: F2 76 FC F7 7A F2 91 FE 89 81 BF FF | T:8739939 RPD:0
[CH: 50] LEN: 12 | HEX: FA 76 F4 F5 70 F2 91 D5 20 6A AD 7E | T:8739958 RPD:1
[CH: 50] LEN: 12 | HEX: FA 76 FE F4 79 DA 91 FE BC 8F 6F FD | T:8739988 RPD:1
[CH: 50] LEN: 12 | HEX: F2 76 F5 F3 74 F2 91 D7 CA 76 AD BF | T:8740018 RPD:1
[CH: 50] LEN: 12 | HEX: F2 76 FE F2 7D EA 91 D5 96 93 AF FF | T:8740048 RPD:1
[CH: 50] LEN: 12 | HEX: FA 76 FC F1 7C FA 91 EE 63 9D BF D5 | T:8740078 RPD:1
[CH: 50] LEN: 12 | HEX: FA 76 FE F0 7D F2 91 FB 3F 78 BF EF | T:8740108 RPD:1
[CH: 50] LEN: 12 | HEX: EA 76 FA EF 62 F2 91 FF 11 92 AF 7F | T:8740138 RPD:1
