# TM102 live session port=/dev/cu.usbserial-0001 started=20260826-160932
849407 RPD:1
[CH: 50] LEN: 12 | HEX: F2 76 FE FC 73 71 91 DE B0 80 BF BD | T:849437 RPD:1
[CH: 50] LEN: 12 | HEX: F2 76 F6 F7 70 79 91 DF C5 8E AD F7 | T:849467 RPD:1
[CH: 50] LEN: 12 | HEX: FA 76 FE F8 71 79 91 FF 19 6B AA DB | T:849471 RPD:1
[CH: 50] LEN: 12 | HEX: FA 76 F6 EF 76 79 91 F7 2F 92 BF FD | T:849475 RPD:1
[CH: 50] LEN: 12 | HEX: FA 76 FE FA 77 79 91 FF 53 77 BF FF | T:849486 RPD:1
[CH: 50] LEN: 12 | HEX: FA 76 FE F1 74 79 91 FF 46 71 B7 FE | T:849486 RPD:0
[CH: 50] LEN: 12 | HEX: FA 7E F6 F8 75 79 91 FF DA 9C B7 FF | T:849498 RPD:0
[CH: 50] LEN: 12 | HEX: FA 76 F4 DF 7A 79 91 FF BB 8B BD FD | T:849516 RPD:1
[CH: 50] LEN: 12 | HEX: F2 76 FE F6 7B 79 91 FB 37 6E BF ED | T:849546 RPD:1
[CH: 50] LEN: 12 | HEX: FA 76 FE F5 78 71 91 EF 42 60 AE BF | T:849576 RPD:1
[CH: 50] LEN: 12 | HEX: FA 76 F7 F4 79 79 91 EA 9E 85 BF BF | T:849606 RPD:1
[CH: 50] LEN: 12 | HEX: FA 76 FE F3 7D 79 91 FF A8 7C BF EF | T:849636 RPD:1
[CH: 50] LEN: 12 | HEX: FA 76 FE E2 7F 79 91 F7 74 99 BF AB | T:849666 RPD:1
[CH: 5
0] LEN: 12 | HEX: FA 76 FE F1 7C 71 91 F5 01 97 BF DF | T:849696 RPD:1
[CH: 50] LEN: 12 | HEX: F2 66 EA F0 7D 79 91 EB BD 72 BF FF | T:849726 RPD:0
[CH: 50] LEN: 12 | HEX: F2 76 FC EE 63 79 91 FF AF 7D BF FF | T:849786 RPD:0
[CH: 50] LEN: 12 | HEX: FA 76 FE ED 60 79 91 EF BA 73 BD 75 | T:849816 RPD:0
[CH: 50] LEN: 12 | HEX: FA 76 FE EC 61 79 91 FF 06 96 BF DF | T:849846 RPD:0
[CH: 50] LEN: 12 | HEX: F2 76 F6 EB 66 79 91 DF 30 6F BF DB | T:849876 RPD:0
[CH: 50] LEN: 12 | HEX: FA 76 FE EA 67 79 91 FF 4C 8A BD BC | T:849906 RPD:0
[CH: 50] LEN: 12 | HEX: FA 76 FA E9 64 79 91 F5 59 84 BF FF | T:849936 RPD:0
[CH: 50] LEN: 12 | HEX: FA 76 F5 E7 6A 71 91 FF 54 76 BF BD | T:849996 RPD:1
[CH: 50] LEN: 12 | HEX: F2 76 F4 E6 7B 79 91 EA 28 93 BF FD | T:850026 RPD:1
--- radio registers ---
  CONFIG   0x77   CRC off (good), PWR_UP yes, PRIM_RX yes
  EN_AA    0x00   auto-ack disabled (good)
  SETUP_AW 0x03   address width 5 bytes — addressed mode (good)
  RF_CH    0x32   2450 MHz
  RF_SETUP 0x01   rate 1 Mbps (good)
  bait address: 00 00
-----------------------

============================================================
  SELF-TEST: PASS
  The radio is configured and listening correctly.

  Channel is already known: RF_CH 50 (2450 MHz).
  Address is known: 18 18 18 18 3A, CRC off.

  DO THIS NEXT:  type  n  — addressed capture.
  Or just run  python3 tools/live.py  which does it for you.

  ('f' re-hunts the channel, only if F4 changes.
   'k' and 'd' are the older promiscuous path.)
============================================================
[CH: 50] LEN: 12 | HEX: FA 76 FE E5 68 79 91 FE 5D 9D FD FF | T:850098 RPD:1
[CH: 50] LEN: 12 | HEX: FA 76 FE E4 69 79 91 FB 41 78 BF E7 | T:850098 RPD:1
[CH: 50] LEN: 12 | HEX: FA 76 FA E3 6E 79 91 FF F7 81 AD FF | T:850116 RPD:0
[CH: 50] LEN: 12 | HEX: F2 76 FA E2 6F 79 91 DD 6B 64 BF DF | T:850145 RPD:0
[CH: 50] LEN: 12 | HEX: FA 76 FE E1 6C 79 91 FF 9E 6A B6 DF | T:850175 RPD:0
[CH: 50] LEN: 12 | HEX: FA 76 FE E0 6D 79 91 F6 82 8F 37 F6 | T:850205 RPD:0
[CH: 50] LEN: 12 | HEX: FA 76 FE DE 52 79 91 FF 53 9F BF 5E | T:850235 RPD:0
[CH: 50] LEN: 12 | HEX: FA 76 F6 FA 73 79 91 D7 B0 80 BF 7F | T:850265 RPD:0
[CH: 50] LEN: 12 | HEX: FA 76 FE FD 70 79 91 FF E5 8E BF DF | T:850269 RPD:1
[CH: 50] LEN: 12 | HEX: FA 76 F5 F4 71 79 91 DD 19 6B BD 7D | T:850273 RPD:1
[CH: 50] LEN: 12 | HEX: FA 76 FA F3 76 79 91 F7 2F 92 BF EB | T:850285 RPD:0
[CH: 50] LEN: 12 | HEX: F2 76 FE FA 77 F9 91 F7 53 77 BD FF | T:850285 RPD:0
[CH: 50] LEN: 12 | HEX: FA 76 FE F9 74 79 91 FF 46 79 BF DF | T:850296 RPD:1
[CH: 50] LEN: 12 | HEX: FA 76 F4 F8 75 79 91 EA 5A 9C BF FF | T:850296 RPD:0
[CH: 50] LEN: 12 | HEX: F2 76 FA F7 7A 79 91 EE AB 8B FF FD | T:850308 RPD:0
[CH: 50] LEN: 12 | HEX: F2 66 FE F5 78 75 91 EA 42 60 BF BD | T:850326 RPD:0
[CH: 50] LEN: 12 | HEX: FA 76 F6 F4 79 79 91 F5 5E 85 BF FF | T:850356 RPD:0
[CH: 50] LEN: 12 | HEX: FA 76 FE F3 7E 79 91 FD A8 7C BF DF | T:850386 RPD:1
[CH: 50] LEN: 12 | HEX: FA 76 FB F2 7F 79 91 FB 54 99 BF 54 | T:850416 RPD:1
[CH: 50] LEN: 12 | HEX: FA 76 F5 E8 7D 79 91 F5 7D 72 BF F0 | T:850476 RPD:1
[CH: 50] LEN: 12 | HEX: FA 76 FE EF 62 79 91 FB 73 98 BA DD | T:850506 RPD:1
[CH: 50] LEN: 12 | HEX: FA 76 FD EE 63 79 91 EF 6F 79 BF B7 | T:850536 RPD:1
[CH: 50] LEN: 12 | HEX: F2 76 FA ED 60 79 91 FF DA 73 BF EB | T:850566 RPD:1
[CH: 50] LEN: 12 | HEX: FA 76 FE EC 61 79 91 FF 86 96 BB 5B | T:850596 RPD:1
[CH: 50] LEN: 12 | HEX: FA 76 FE EB 66 79 91 FF 30 6F 3D 7F | T:850626 RPD:1
[CH: 50] LEN: 12 | HEX: F2 76 FC EA 67 79 91 F7 DC 8A AF DF | T:850656 RPD:1
[CH: 50] LEN: 12 | HEX: FA 76 FA E9 64 79 91 FF 99 84 BF FF | T:850686 RPD:1
[CH: 50] LEN: 12 | HEX: FA 76 FA E8 65 79 91 FB 45 61 AF EF | T:850716 RPD:1
[CH: 50] LEN: 12 | HEX: FA 76 FE E7 6A 79 91 FF D4 76 BF AB | T:850746 RPD:1
[CH: 50] LEN: 12 | HEX: FA 76 FA EE 6B 79 91 EF 28 93 3B FF | T:850776 RPD:1
[CH: 50] LEN: 12 | HEX: FA 76 FE E5 68 79 91 D7 5D 9D BB F9 | T:850806 RPD:1
[CH: 50] LEN: 12 | HEX: B2 76 F4 E4 69 79 91 FE 81 70 B5 7F | T:850836 RPD:1
[CH: 50] LEN: 12 | HEX: FA 76 F4 E3 6E 79 91 DE B7 81 BE 7E | T:850866 RPD:1
[CH: 50] LEN: 12 | HEX: FA 76 FE E2 6E 79 91 D6 6B 64 BF EF | T:850896 RPD:1
[CH: 50] LEN: 12 | HEX: FA 76 FA E1 6C 79 91 FA 1E 6A BF 7F | T:850926 RPD:1
[CH: 50] LEN: 12 | HEX: FA 76 FD E0 6D 79 91 FF 42 8F 6D FF | T:850956 RPD:1
[CH: 50] LEN: 12 | HEX: F6 76 FA DF 52 79 91 FD D3 9F BE FF | T:850986 RPD:1
[CH: 50] LEN: 12 | HEX: FA 76 F5 FE 73 79 91 F7 F0 80 BF DD | T:851016 RPD:1
[CH: 50] LEN: 12 | HEX: F6 76 FA FD 70 79 91 F7 45 8F BD FD | T:851020 RPD:0
[CH: 50] LEN: 12 | HEX: FA 76 FE FC 71 79 91 FF 19 6B BF DF | T:851024 RPD:0
[CH: 50] LEN: 12 | HEX: FA 76 F6 F7 76 79 91 EB 2F 92 BD 5B | T:851035 RPD:0
[CH: 50] LEN: 12 | HEX: FA 76 FA DA 77 79 91 F7 93 77 FF EF | T:851035 RPD:0
[CH: 50] LEN: 12 | HEX: FA 76 FD F9 74 79 91 F7 46 79 BF 77 | T:851047 RPD:0
[CH: 50] LEN: 12 | HEX: F2 76 F6 F0 75 71 91 D7 5A 9C BF FF | T:851047 RPD:0
[CH: 50] LEN: 12 | HEX: FA 76 FE F7 7A 79 91 F7 AB 8B BB FE | T:851058 RPD:0
[CH: 50] LEN: 12 | HEX: FA 76 FA F5 78 79 91 EE 42 60 BF 6B | T:851076 RPD:1
[CH: 50] LEN: 12 | HEX: FA 76 FE F4 79 79 91 FF DE 85 BF FF | T:851106 RPD:1
[CH: 50] LEN: 12 | HEX: FA 76 FE F3 7D 79 91 FF 28 74 BF ED | T:851136 RPD:1
[CH: 50] LEN: 12 | HEX: F2 76 F6 F2 7F 79 91 FF 74 99 BB DF | T:851166 RPD:1
[CH: 50] LEN: 12 | HEX: FA 76 FE F1 78 79 91 FF 01 97 BF B7 | T:851196 RPD:1
[CH: 50] LEN: 12 | HEX: FA 76 FE F0 79 79 91 FF 7D 72 BB BB | T:851226 RPD:1
locked RF_CH 50 (2450 MHz)
[CH: 50] LEN: 12 | HEX: F2 76 FA FF 62 79 91 EE 73 98 BF 6E | T:851256 RPD:1
[CH: 50] LEN: 12 | HEX: FA 76 FE EE 63 79 91 EB AF 75 BF F2 | T:851286 RPD:1
[CH: 50] LEN: 12 | HEX: FA 76 F5 ED 60 79 91 D7 9A 73 BF 7E | T:851316 RPD:1
[CH: 50] LEN: 12 | HEX: FA 76 FE EC 61 79 91 FA 06 96 BF EF | T:851346 RPD:1
[CH: 50] LEN: 12 | HEX: FA 76 FA EA 67 71 91 ED 6C 8A BF BD | T:851406 RPD:1
[CH: 50] LEN: 12 | HEX: FA 76 FA E9 64 71 91 DD 59 84 B7 BF | T:851436 RPD:1
[CH: 50] LEN: 12 | HEX: F6 76 FA E8 65 79 91 DE C5 61 B7 BE | T:851466 RPD:1
[CH: 50] LEN: 12 | HEX: FA 76 FC E7 6A 79 91 FF 54 76 BF FF | T:851496 RPD:1
[CH: 50] LEN: 12 | HEX: FA 76 FC E6 6B 79 91 FF 28 93 BB BB | T:851526 RPD:1
[CH: 50] LEN: 12 | HEX: FA 76 FE E5 68 79 91 FF 5D 9D AD EF | T:851556 RPD:1
[CH: 50] LEN: 12 | HEX: FA 76 FE E4 69 7D 91 FA 81 78 BF FF | T:851586 RPD:1
[CH: 50] LEN: 12 | HEX: FA 76 FE E3 6E 71 91 FF B7 81 BE FB | T:851616 RPD:1

Addressed capture: 5-byte address 18 18 18 18 3A, CRC off.
Every line below matched all 40 address bits in hardware.
Byte 0 is payload p0. Press x to stop.

[CH: 50] LEN: 12 | HEX: FA 76 FE E2 6F 79 91 EF 6B 64 BA FF | T:851647 RPD:1
[CH: 50] LEN: 12 | HEX: FA 76 FE E1 6C 79 91 F6 9E 6A AB B5 | T:851676 RPD:1
[CH: 50] LEN: 12 | HEX: FA 76 F5 E0 6D 79 91 FF 82 8F BB FE | T:851706 RPD:1
[CH: 50] LEN: 12 | HEX: FA 76 FE DE 52 79 91 FF 53 9D BE BF | T:851736 RPD:1
[CH: 50] LEN: 12 | HEX: F2 76 FE ED 73 79 91 ED 70 80 B7 FF | T:851766 RPD:1
[CH: 50] LEN: 12 | HEX: FA 76 EA F5 70 79 91 FF C5 8E BE DF | T:851769 RPD:1
[CH: 50] LEN: 12 | HEX: FA 76 FE FC 71 71 91 F5 19 6B BF EF | T:851772 RPD:1
[CH: 50] LEN: 12 | HEX: F2 76 FE EF 76 71 91 FF 2F 92 BF FF | T:851784 RPD:1
[CH: 50] LEN: 12 | HEX: FA 76 FE F2 77 71 91 F6 A3 77 BF FF | T:851784 RPD:1
[CH: 50] LEN: 12 | HEX: FA 76 FD E9 74 71 91 FA 86 79 BF FF | T:851795 RPD:1
[CH: 50] LEN: 12 | HEX: FA 76 F4 F8 75 79 91 EB 5A 9C BF EF | T:851795 RPD:0
[CH: 50] LEN: 12 | HEX: FA 76 FA F7 7A 79 91 FF CB 8B BF FF | T:851807 RPD:0
[CH: 50] LEN: 12 | HEX: FA 76 FE F5 78 71 91 FF C2 60 BE FB | T:851825 RPD:1
[CH: 50] LEN: 12 | HEX: FA 76 FE F4 79 75 91 EB 9E 85 BE FF | T:851855 RPD:1
[CH: 50] LEN: 12 | HEX: FA 76 F8 F3 7A 79 91 DD 68 7C BF BE | T:851885 RPD:1
[CH: 50] LEN: 12 | HEX: FA 76 F5 E2 7A 79 91 EB 7C 99 BF FF | T:851915 RPD:1
[CH: 50] LEN: 12 | HEX: FA 76 FE F1 7C 79 91 EF 01 97 B5 6A | T:851945 RPD:1
[CH: 50] LEN: 12 | HEX: FA 76 EC F0 7D 79 91 FF 1D 72 BF BF | T:851975 RPD:1
[CH: 50] LEN: 12 | HEX: FA 76 F6 EF 62 79 91 F7 73 98 BF DB | T:852005 RPD:1
[CH: 50] LEN: 12 | HEX: FA 76 FC EE 63 79 91 F7 AF 7D B7 FF | T:852035 RPD:1
[CH: 50] LEN: 12 | HEX: FA 76 FE ED 60 7D 91 EB BA 73 BF FB | T:852065 RPD:1
[CH: 50] LEN: 12 | HEX: FA 76 FE FC 61 79 91 EB 06 96 BB FF | T:852095 RPD:1
[CH: 50] LEN: 12 | HEX: FA 76 FE EB 66 79 91 F4 30 6E BF FF | T:852125 RPD:1
[CH: 50] LEN: 12 | HEX: FA 76 FA EA 67 79 91 FF FC 8A AE ED | T:852155 RPD:1
[CH: 50] LEN: 12 | HEX: FA 76 FE E9 64 79 91 EF 59 84 BF 77 | T:852185 RPD:1
[CH: 50] LEN: 12 | HEX: F2 76 FE E8 65 69 91 BD C5 61 B7 ED | T:852215 RPD:1
[CH: 50] LEN: 12 | HEX: FA 76 FE E7 6A 79 91 F7 54 76 BF FD | T:852245 RPD:1
[CH: 50] LEN: 12 | HEX: FA 76 F6 E6 6B 79 91 D6 28 93 BF BB | T:852275 RPD:1
[CH: 50] LEN: 12 | HEX: F2 76 F4 F5 68 79 91 D5 5D 9D BF B5 | T:852305 RPD:1
[CH: 50] LEN: 12 | HEX: FA 76 F4 E4 69 79 91 FD 81 78 BF EF | T:852335 RPD:1
[CH: 50] LEN: 12 | HEX: FA 76 F5 E3 6E 79 91 F7 77 81 BF BE | T:852365 RPD:1
[CH: 50] LEN: 12 | HEX: F2 76 FE E2 6F 79 91 FF 6B 64 BE FF | T:852395 RPD:1
[CH: 50] LEN: 12 | HEX: FA 76 FE E1 6C 79 91 D7 9E 6A BF D2 | T:852425 RPD:1
[CH: 50] LEN: 12 | HEX: F6 76 FE E0 6D 71 91 DB 42 8F 3D FE | T:852455 RPD:1
[CH: 50] LEN: 12 | HEX: F2 7E FE DF 52 79 91 FF 53 9F BE FF | T:852485 RPD:1
[CH: 50] LEN: 12 | HEX: FA 76 FE EE 73 71 91 FE B0 80 BF FF | T:852515 RPD:1
[CH: 50] LEN: 12 | HEX: FA 76 FE F5 70 79 91 FA 85 8E BF BB | T:852519 RPD:1
[CH: 50] LEN: 12 | HEX: FA 76 FE F8 71 79 91 F7 19 6B BF DF | T:852522 RPD:1
[CH: 50] LEN: 12 | HEX: FA 76 FE F3 76 79 91 EA 2F 12 B7 B6 | T:852533 RPD:1
[CH: 50] LEN: 12 | HEX: F2 76 FD FA 77 79 91 EB 53 77 BF FF | T:852533 RPD:1
[CH: 50] LEN: 12 | HEX: FA 76 FE F1 74 79 91 D5 46 79 BE 7F | T:852545 RPD:1
[CH: 50] LEN: 12 | HEX: FA 76 FA F8 75 79 91 DF 5A 9C BF F2 | T:852545 RPD:0
[CH: 50] LEN: 12 | HEX: FA 76 FE F7 7A 79 91 EE AB 8B BB FD | T:852556 RPD:0
[CH: 50] LEN: 12 | HEX: FA 76 EE F6 7B 79 91 FF 37 6E BF BF | T:852570 RPD:0
[CH: 50] LEN: 12 | HEX: FA 76 FE F5 70 79 91 F5 42 60 B4 B9 | T:852600 RPD:0
[CH: 50] LEN: 12 | HEX: F2 76 EA E4 79 79 91 DE 9C 85 BD FE | T:852630 RPD:0
[CH: 50] LEN: 12 | HEX: F2 76 FE F3 7E 79 91 FF A8 7A BF F7 | T:852660 RPD:0
[CH: 50] LEN: 12 | HEX: FA 76 FE F2 7F 79 91 EF 74 99 BB FF | T:852690 RPD:0
[CH: 50] LEN: 12 | HEX: FA 76 EA F1 7A 79 91 F7 81 97 BF 7E | T:852720 RPD:0
[CH: 50] LEN: 12 | HEX: FA 76 F5 F0 79 79 91 FA DD 72 BF 7B | T:852750 RPD:0
[CH: 50] LEN: 12 | HEX: FA 76 FE FF 62 79 91 FF 73 98 BD 7F | T:852780 RPD:0
[CH: 50] LEN: 12 | HEX: FA 76 F6 EE 63 79 91 FF 6F 79 BD D5 | T:852810 RPD:0
[CH: 50] LEN: 12 | HEX: F2 76 FA EA 67 79 91 FF 4C 8A BD FB | T:852930 RPD:0
[CH: 50] LEN: 12 | HEX: FA 76 EE E8 65 79 91 DE C5 61 BE FF | T:852990 RPD:0
[CH: 50] LEN: 12 | HEX: FA 76 FE E7 6A 79 91 FF A4 76 B2 B3 | T:853020 RPD:1
[CH: 50] LEN: 12 | HEX: F2 76 FB E6 6B 79 91 EB 28 93 BF DF | T:853050 RPD:0
[CH: 50] LEN: 12 | HEX: F2 76 FA E5 68 79 91 FF 5D 9D BB FF | T:853080 RPD:0
[CH: 50] LEN: 12 | HEX: FA 76 FE E4 69 79 91 FF 01 78 BD FF | T:853110 RPD:0
[CH: 50] LEN: 12 | HEX: FA 76 FE E3 4E 79 91 FF 37 81 BF 7F | T:853140 RPD:1
[CH: 50] LEN: 12 | HEX: FA 76 F5 E2 6F 79 91 FD 6B 64 BF FB | T:853170 RPD:1
[CH: 50] LEN: 12 | HEX: EA 76 F5 E1 6C 71 91 FE 1E 6A BD DF | T:853199 RPD:0
[CH: 50] LEN: 12 | HEX: FA 76 F5 E0 6D 79 91 DE A2 8F BF FF | T:853229 RPD:0
[CH: 50] LEN: 12 | HEX: FA 76 FE DF 52 79 91 EE D3 9E B5 FF | T:853259 RPD:0
[CH: 50] LEN: 12 | HEX: FA 76 FE FE 73 79 91 FF B0 80 BD FF | T:853289 RPD:0
[CH: 50] LEN: 12 | HEX: FA 76 FA F9 70 79 91 FF 45 8E BF EF | T:853293 RPD:0
[CH: 50] LEN: 12 | HEX: F2 76 FB FC 71 79 91 FF 19 6B BE FE | T:853296 RPD:0
[CH: 50] LEN: 12 | HEX: FA 76 FC FB 76 71 91 FF 2F 92 B5 FF | T:853307 RPD:0
[CH: 50] LEN: 12 | HEX: FA 76 F4 FA 77 79 91 FF 53 77 BF FF | T:853308 RPD:0
[CH: 50] LEN: 12 | HEX: FA 76 FE F9 74 71 91 D7 06 71 BF FF | T:853319 RPD:0
[CH: 50] LEN: 12 | HEX: FA 76 FE F0 75 79 91 FF 5A 9C BF FF | T:853319 RPD:0
[CH: 50] LEN: 12 | HEX: FA 76 F6 F7 7A 79 91 FF 4B 8B BF 7D | T:853331 RPD:0
[CH: 50] LEN: 12 | HEX: FA 76 FB F5 78 79 91 FF 42 60 B7 FF | T:853349 RPD:1
[CH: 50] LEN: 12 | HEX: FA 76 FC F4 79 79 91 F7 9E 85 BF F7 | T:853379 RPD:1
[CH: 50] LEN: 12 | HEX: EA 76 FE F3 76 79 91 FF A8 78 BF 6B | T:853409 RPD:0
[CH: 50] LEN: 12 | HEX: FA 76 F6 F2 7E 79 91 EB F4 99 BB FF | T:853439 RPD:0
[CH: 50] LEN: 12 | HEX: FA 76 EE F1 7C 79 91 FD 81 97 3F FF | T:853469 RPD:0
[CH: 50] LEN: 12 | HEX: F2 76 EE E0 79 79 91 FF BD 72 B5 5F | T:853499 RPD:0
[CH: 50] LEN: 12 | HEX: FA 76 F4 EF 62 79 91 D7 73 98 BA FE | T:853529 RPD:0
[CH: 50] LEN: 12 | HEX: FA 76 F4 EE 63 79 91 FD 2F 7D AE FE | T:853559 RPD:0
[CH: 50] LEN: 12 | HEX: FA 76 EB ED 60 79 91 FF 9A 73 BF EF | T:853589 RPD:0
[CH: 50] LEN: 12 | HEX: F2 76 FA EB 66 79 91 EB 30 6F 3E EF | T:853649 RPD:0
[CH: 50] LEN: 12 | HEX: F2 76 FD EA 67 79 91 FE AC 8A B7 7E | T:853679 RPD:0
[CH: 50] LEN: 12 | HEX: F2 76 FE E9 64 71 91 FF 99 84 AF 6A | T:853709 RPD:1
[CH: 50] LEN: 12 | HEX: EA 76 FC E8 65 79 91 FF 45 61 BF EB | T:853739 RPD:0
[CH: 50] LEN: 12 | HEX: FA 76 EE E7 6A 79 91 EA A4 76 BF F4 | T:853769 RPD:0
[CH: 50] LEN: 12 | HEX: FA 76 F6 E6 6B 79 91 FF 28 93 B6 7B | T:853799 RPD:0
[CH: 50] LEN: 12 | HEX: F2 76 FD E5 68 79 91 F7 5D 9D BB AF | T:853829 RPD:1
[CH: 50] LEN: 12 | HEX: FA 76 F6 E4 69 79 91 FF C1 78 B7 7F | T:853859 RPD:1
[CH: 50] LEN: 12 | HEX: FA 76 FE E3 6E 79 91 FF B7 81 B6 FE | T:853889 RPD:1
[CH: 50] LEN: 12 | HEX: FA 76 FE E2 6F 79 91 FF EB 64 BF DD | T:853919 RPD:0
[CH: 50] LEN: 12 | HEX: FA 76 FA E1 6C 79 91 FF 9E 6A BB 7D | T:853949 RPD:1
[CH: 50] LEN: 12 | HEX: F2 76 FC E0 6D 79 91 F5 82 8F BF F7 | T:853979 RPD:1
[CH: 50] LEN: 12 | HEX: F6 76 FE F5 73 79 91 F6 F0 80 BB 7F | T:854039 RPD:0
[CH: 50] LEN: 12 | HEX: F2 76 FE FD 70 79 91 DE 85 8E BF FF | T:854043 RPD:0
[CH: 50] LEN: 12 | HEX: FA 76 F5 F8 71 79 91 EA 19 6B FF F4 | T:854047 RPD:0
[CH: 50] LEN: 12 | HEX: F2 76 FE FB 76 79 91 DC AF 12 BF 7B | T:854058 RPD:0
[CH: 50] LEN: 12 | HEX: FA 76 FE F2 77 79 91 FF FB 77 AD F7 | T:854058 RPD:0
[CH: 50] LEN: 12 | HEX: F2 76 FC F0 75 71 91 EF 5A 9C A5 DE | T:854069 RPD:0
[CH: 50] LEN: 12 | HEX: F2 76 F5 F7 7A 79 91 FF CB 8B BD DB | T:854070 RPD:0
[CH: 50] LEN: 12 | HEX: FA 76 FA E6 7B 71 91 EB 37 6E B7 FF | T:854081 RPD:0
[CH: 50] LEN: 12 | HEX: FA 76 F4 F5 70 79 91 D7 42 60 BF FF | T:854098 RPD:0
[CH: 50] LEN: 12 | HEX: F2 66 FE F4 7D 79 91 D5 9E 85 AB 6B | T:854128 RPD:0
[CH: 50] LEN: 12 | HEX: EA 76 F5 F3 74 79 91 FF 68 74 BB BD | T:854158 RPD:0
[CH: 50] LEN: 12 | HEX: F2 66 EE F2 77 71 91 DD 64 99 AF ED | T:854188 RPD:0
[CH: 50] LEN: 12 | HEX: FA 76 FE F1 7C 79 91 FF 01 97 BF FF | T:854218 RPD:0
[CH: 50] LEN: 12 | HEX: FA 76 EE F0 77 79 91 FD 5D 72 BB FB | T:854248 RPD:0
[CH: 50] LEN: 12 | HEX: FA 76 FE EF 62 71 91 EE F2 98 BE F7 | T:854278 RPD:0
[CH: 50] LEN: 12 | HEX: F2 76 F6 EE 63 79 91 FF 6F 7D BF FF | T:854308 RPD:1
[CH: 50] LEN: 12 | HEX: FA 76 FE ED 60 79 91 F5 BA 73 AF 9F | T:854338 RPD:1
[CH: 50] LEN: 12 | HEX: FA 76 FE EC 61 79 91 FB 06 96 B7 F7 | T:854368 RPD:1
[CH: 50] LEN: 12 | HEX: FA 76 FE EB 66 79 91 FF 30 6F BF FD | T:854398 RPD:1
[CH: 50] LEN: 12 | HEX: F2 76 FE EA 67 79 91 FF AC 8A AF BF | T:854428 RPD:1
[CH: 50] LEN: 12 | HEX: F2 76 FE E9 64 79 91 DE 19 84 BF 7F | T:854458 RPD:1
[CH: 50] LEN: 12 | HEX: F2 76 FE E8 65 79 91 EE 45 61 AF EB | T:854488 RPD:1
[CH: 50] LEN: 12 | HEX: FA 76 FE E7 6A 79 91 FF 54 76 BE FF | T:854518 RPD:1
[CH: 50] LEN: 12 | HEX: FA 76 FC E6 6B 79 91 FF 28 93 BB FF | T:854548 RPD:1
[CH: 50] LEN: 12 | HEX: F2 76 FE E5 68 79 91 FF 5D 9D BF D7 | T:854578 RPD:1
[CH: 50] LEN: 12 | HEX: FA 76 FA E4 69 71 91 FF 81 78 BB FD | T:854607 RPD:1
[CH: 50] LEN: 12 | HEX: FA 76 FE E3 6E 79 91 FF B7 81 BF FF | T:854637 RPD:1
[CH: 50] LEN: 12 | HEX: FA 76 FE E2 6F 79 91 F6 EB 64 BD 94 | T:854667 RPD:1
[CH: 50] LEN: 12 | HEX: FA 76 FE E1 6C 79 91 FF 1E 6A AA FE | T:854697 RPD:1
[CH: 50] LEN: 12 | HEX: FA 76 FE E0 6D 79 91 FE A2 8F AF FE | T:854727 RPD:1
[CH: 50] LEN: 12 | HEX: FA 76 FE DF 52 79 91 FF 53 9F 3F FF | T:854757 RPD:1
[CH: 50] LEN: 12 | HEX: FA 76 FE F6 73 79 91 FE F0 80 BB 6B | T:854787 RPD:1
[CH: 50] LEN: 12 | HEX: FA 76 F4 F9 70 79 91 FD 45 8E B7 DB | T:854791 RPD:1
[CH: 50] LEN: 12 | HEX: FA 76 FD FC 71 79 91 F5 19 6B BF BF | T:854794 RPD:1
[CH: 50] LEN: 12 | HEX: FA 76 FA F3 76 79 91 F6 AF 12 BF B7 | T:854805 RPD:1
[CH: 50] LEN: 12 | HEX: F2 76 FE F2 77 79 91 EA D3 77 3E FF | T:854806 RPD:1
[CH: 50] LEN: 12 | HEX: FA 76 FE F9 74 79 91 EF 46 71 BE A9 | T:854817 RPD:1
[CH: 50] LEN: 12 | HEX: FA 76 F6 F0 75 79 91 F7 5A 9C AF EF | T:854817 RPD:0
[CH: 50] LEN: 12 | HEX: FA 76 FE F7 7A 79 91 FF DB 8B BF FF | T:854828 RPD:0
[CH: 50] LEN: 12 | HEX: FA 76 F6 E6 7B 79 91 F7 37 6E AF FF | T:854844 RPD:1
[CH: 50] LEN: 12 | HEX: FA 76 FA F5 78 79 91 F7 42 60 BF FB | T:854874 RPD:1
[CH: 50] LEN: 12 | HEX: FA 76 FE F4 79 79 91 FF 1E 85 BF 7F | T:854904 RPD:1
[CH: 50] LEN: 12 | HEX: FA 76 F6 F3 7A 79 91 FF A8 78 BF FF | T:854934 RPD:1
[CH: 50] LEN: 12 | HEX: FA 76 FE F2 7A 79 91 FF 74 99 BF FF | T:854964 RPD:1
[CH: 50] LEN: 12 | HEX: F2 76 FE F1 7C 79 91 EE 81 97 B7 FF | T:854994 RPD:1
[CH: 50] LEN: 12 | HEX: FA 76 FE F0 7D 79 91 FF FD 72 B6 FB | T:855024 RPD:1
[CH: 50] LEN: 12 | HEX: FA 76 FE FF 62 79 91 DD F3 98 BF 7F | T:855054 RPD:1
[CH: 50] LEN: 12 | HEX: FA 76 F5 EE 63 79 91 FB 6F 79 AF FD | T:855084 RPD:1
[CH: 50] LEN: 12 | HEX: F2 76 FE ED 60 71 91 EF DA 73 BF 7F | T:855114 RPD:1
[CH: 50] LEN: 12 | HEX: FA 76 EA EC 61 71 91 FF 86 96 AD FF | T:855144 RPD:1
[CH: 50] LEN: 12 | HEX: FA 76 FE EB 66 79 91 FF 30 6F BF FF | T:855174 RPD:1
[CH: 50] LEN: 12 | HEX: FA 56 FE EA 67 79 91 FF AC 8A BF DF | T:855204 RPD:1
[CH: 50] LEN: 12 | HEX: FA 76 FE E9 64 79 91 FF 59 84 BF 77 | T:855234 RPD:1
[CH: 50] LEN: 12 | HEX: FA 76 F4 E8 65 79 91 FF 45 61 BA FD | T:855264 RPD:1
[CH: 50] LEN: 12 | HEX: EA 76 FE E7 6A 71 91 FF 74 76 BF BF | T:855294 RPD:1
[CH: 50] LEN: 12 | HEX: FA 76 F4 E6 6B 79 91 D5 A8 93 B7 AF | T:855324 RPD:1
[CH: 50] LEN: 12 | HEX: EA 76 FE E4 69 71 D1 EE C1 70 BF FF | T:855384 RPD:1
[CH: 50] LEN: 12 | HEX: F2 76 FE E3 6E 71 91 FE B7 01 B7 FF | T:855414 RPD:1
[CH: 50] LEN: 12 | HEX: F6 76 FE E2 6E 7D 91 FF 6B 64 B4 BF | T:855444 RPD:1
[CH: 50] LEN: 12 | HEX: FA 76 FC E1 6C 79 91 FF 1E 6A BB FF | T:855474 RPD:1
[CH: 50] LEN: 12 | HEX: F2 76 FE E0 6D 79 91 FD C2 8F BF DD | T:855504 RPD:1
[CH: 50] LEN: 12 | HEX: FA 76 FE DD 52 79 91 D5 53 9F B7 FF | T:855534 RPD:1
[CH: 50] LEN: 12 | HEX: FA 76 F6 FA 73 79 91 F5 B0 80 BF DF | T:855564 RPD:1
[CH: 50] LEN: 12 | HEX: F2 76 FE FD 70 75 91 F6 85 8E BF B7 | T:855568 RPD:0
[CH: 50] LEN: 12 | HEX: FA 76 FA F3 76 79 91 EB 2F 92 BF FF | T:855575 RPD:0
[CH: 50] LEN: 12 | HEX: FA 76 FE F2 77 79 91 FF B3 77 BE FF | T:855579 RPD:0
[CH: 50] LEN: 12 | HEX: FA 76 FE F9 74 79 91 FB 86 7B BF 7F | T:855590 RPD:0
[CH: 50] LEN: 12 | HEX: F2 76 FE F0 75 79 91 FF 5A 9C AB 5F | T:855590 RPD:0
[CH: 50] LEN: 12 | HEX: F2 76 EA F7 7A 79 91 FE AB 8B BD F6 | T:855601 RPD:0
[CH: 50] LEN: 12 | HEX: FA 76 FE F6 7B 79 91 FF B7 6E BF F7 | T:855602 RPD:0
[CH: 50] LEN: 12 | HEX: F2 66 F6 F5 78 79 91 FE 42 60 BF FB | T:855624 RPD:0
[CH: 50] LEN: 12 | HEX: F2 76 F4 E4 79 79 91 FF 5E 85 B7 FF | T:855654 RPD:0
[CH: 50] LEN: 12 | HEX: F2 76 FE F3 75 71 91 D5 68 78 B7 EF | T:855684 RPD:0
[CH: 50] LEN: 12 | HEX: FA 76 FE F2 7D 79 91 EE F4 99 BF FE | T:855714 RPD:1
[CH: 50] LEN: 12 | HEX: EA 76 FB F1 74 79 91 DD 01 97 BB 7F | T:855744 RPD:1
[CH: 50] LEN: 12 | HEX: FA 76 FE F0 79 79 91 EB DD 72 B7 BF | T:855774 RPD:1
[CH: 50] LEN: 12 | HEX: FA 76 FE EF 62 79 91 FD F3 98 BF FF | T:855804 RPD:1
[CH: 50] LEN: 12 | HEX: FA 76 FE EE 63 71 91 FE AE 7D B7 BE | T:855834 RPD:1
[CH: 50] LEN: 12 | HEX: FA 76 EA ED 60 71 91 FE DA 73 FB FF | T:855864 RPD:1
[CH: 50] LEN: 12 | HEX: F2 76 FC EC 61 79 91 FE 06 96 AB EF | T:855894 RPD:1
[CH: 50] LEN: 12 | HEX: FA 76 F4 EB 66 71 91 F7 30 6F BD FF | T:855924 RPD:1
[CH: 50] LEN: 12 | HEX: F2 76 FE EA 67 79 91 FF EC 8A B7 FE | T:855954 RPD:1
[CH: 50] LEN: 12 | HEX: F2 76 FE E9 64 79 91 FF 59 84 AF E9 | T:855984 RPD:1
[CH: 50] LEN: 12 | HEX: F6 76 FE E8 65 79 91 FF 45 61 BF B5 | T:856014 RPD:1
[CH: 50] LEN: 12 | HEX: F2 76 FE E7 6A 79 91 D6 F4 76 B7 FD | T:856044 RPD:1
[CH: 50] LEN: 12 | HEX: F2 76 EE F6 6B 79 91 EB 28 93 BF FF | T:856073 RPD:1
[CH: 50] LEN: 12 | HEX: FA 76 FE E5 68 79 91 FE DD 9D BF FD | T:856103 RPD:1
[CH: 50] LEN: 12 | HEX: FA 76 FE E4 69 71 91 FF 41 78 AF FB | T:856133 RPD:1
[CH: 50] LEN: 12 | HEX: FA 76 F6 E3 6E 79 91 FF 77 81 BE B4 | T:856163 RPD:1
[CH: 50] LEN: 12 | HEX: FA 76 FE E2 6F 71 91 FE EB 64 BF FD | T:856193 RPD:1
[CH: 50] LEN: 12 | HEX: FA 76 FE E1 6C 79 91 FF 1E 6A AA FB | T:856223 RPD:1
[CH: 50] LEN: 12 | HEX: FA 76 FC E0 6D 79 91 F7 A2 8F 3F FF | T:856253 RPD:1
[CH: 50] LEN: 12 | HEX: F2 76 F4 DE 52 79 91 FF 53 9F BB 7E | T:856283 RPD:1
[CH: 50] LEN: 12 | HEX: FA 76 FE F5 73 79 91 FF B0 80 B6 FE | T:856313 RPD:1
[CH: 50] LEN: 12 | HEX: FA 76 F4 F5 70 71 91 FF A5 8E BB AB | T:856317 RPD:1
[CH: 50] LEN: 12 | HEX: FA 76 FE FC 71 79 91 FF 99 6B BF B7 | T:856320 RPD:1
[CH: 50] LEN: 12 | HEX: F2 76 FE FB 76 79 91 FB 2F 12 BF ED | T:856331 RPD:1
[CH: 50] LEN: 12 | HEX: FA 76 FE FA 77 79 91 FF AB 77 BF 77 | T:856332 RPD:0
[CH: 50] LEN: 12 | HEX: FA 76 FE F1 74 79 91 FF C6 79 BE F2 | T:856343 RPD:1
[CH: 50] LEN: 12 | HEX: F2 76 FE F8 75 79 91 FF 5A 9C BD 7D | T:856343 RPD:0
[CH: 50] LEN: 12 | HEX: FA 76 EA E7 7A 79 91 F6 AB 8B AE FB | T:856354 RPD:0
[CH: 50] LEN: 12 | HEX: FA 76 FE F5 78 79 91 D5 42 60 BF DB | T:856372 RPD:1
[CH: 50] LEN: 12 | HEX: FA 76 FB F4 79 79 91 FF 9E 85 BF DA | T:856402 RPD:1
[CH: 50] LEN: 12 | HEX: FA 76 FA F3 7A 79 91 ED 68 7C BB 7F | T:856432 RPD:1
[CH: 50] LEN: 12 | HEX: F2 76 FA F2 7F 79 91 FF 74 99 AF FF | T:856462 RPD:1
[CH: 50] LEN: 12 | HEX: FA 7B FE 80 81 79 91 FE 9D E1 AF 9E | T:856663 RPD:1
[CH: 50] LEN: 12 | HEX: FA 7B FD 00 81 79 91 EB 5D F1 AF 5E | T:856664 RPD:1
[CH: 50] LEN: 12 | HEX: F1 77 FF FE EA 70 91 FE BA BB AD FA | T:856695 RPD:1
[CH: 50] LEN: 12 | HEX: F9 77 BA FB FE 73 91 FF 0D 39 BF 37 | T:856698 RPD:1
[CH: 50] LEN: 12 | HEX: F9 77 FD F8 FE 72 91 F6 90 58 BF D7 | T:856701 RPD:1
[CH: 50] LEN: 12 | HEX: F9 77 74 FB EA 75 91 FE 72 1C B7 BF | T:856712 RPD:1
[CH: 50] LEN: 12 | HEX: F1 77 B5 EE FA 74 91 EA AF 75 BF FA | T:856712 RPD:0
[CH: 50] LEN: 12 | HEX: F1 77 DF F9 FE 77 91 FF D8 F7 7A DB | T:856723 RPD:1
[CH: 50] LEN: 12 | HEX: F1 77 AF F8 FE 76 91 EB 45 9E BF 7D | T:856724 RPD:0
[CH: 50] LEN: 12 | HEX: F1 77 FE F7 FA 79 91 FF 8C 56 BF ED | T:856735 RPD:1
[CH: 50] LEN: 12 | HEX: F9 77 FA F8 FE 72 91 FF 90 58 AF F7 | T:856746 RPD:1
[CH: 50] LEN: 12 | HEX: F1 77 FD FB FE 75 91 FE F2 1C BF 7F | T:856747 RPD:0
[CH: 50] LEN: 12 | HEX: F9 77 BD F8 EE 76 91 FE 85 9E AF FF | T:856758 RPD:1
[CH: 50] LEN: 12 | HEX: F9 77 DD F4 FE 72 91 FE 90 58 BF DF | T:856758 RPD:0
[CH: 50] LEN: 12 | HEX: F9 77 BA FB FE 75 91 FF 72 1C BF FF | T:856769 RPD:1
[CH: 50] LEN: 12 | HEX: F9 77 FB E8 F6 76 91 EF 85 9E BB 7B | T:856781 RPD:1
[CH: 50] LEN: 12 | HEX: F1 77 FA F7 BE 79 91 EE CC 56 BB EB | T:856781 RPD:0
[CH: 50] LEN: 12 | HEX: F1 77 FF FC FE 72 91 EE D0 58 B6 FE | T:856792 RPD:1
[CH: 50] LEN: 12 | HEX: F1 77 FF F1 EC 77 11 FF 58 FF BB BF | T:856793 RPD:0
[CH: 50] LEN: 12 | HEX: F9 77 BD F0 FE 76 91 F7 45 9E BF FF | T:856804 RPD:1
[CH: 50] LEN: 12 | HEX: F9 77 FB F5 FE 73 91 FF 0D 39 BF FD | T:856804 RPD:0
[CH: 50] LEN: 12 | HEX: F1 77 AE EC FE 72 91 D5 50 58 B6 AE | T:856815 RPD:1
[CH: 50] LEN: 12 | HEX: F9 77 DC F1 FE 77 91 FD 58 FF BB FF | T:856827 RPD:1
[CH: 50] LEN: 12 | HEX: F1 77 FD F0 FE 76 91 FF 45 9E BB AF | T:856827 RPD:0
[CH: 50] LEN: 12 | HEX: F9 77 FD F5 FE 73 91 FF 8D 39 AB 6F | T:856838 RPD:1
[CH: 50] LEN: 12 | HEX: F1 77 FF F9 FE 77 91 FB 58 FF BF FF | T:856839 RPD:0
[CH: 50] LEN: 12 | HEX: F1 77 FC F8 F5 76 91 FF 45 9E B7 FF | T:856850 RPD:1
[CH: 50] LEN: 12 | HEX: F1 77 BD F9 FE 73 91 FF 0D 39 B7 FF | T:856850 RPD:0
[CH: 50] LEN: 12 | HEX: F1 77 BE FC FE F2 91 FE 90 58 BF FF | T:856861 RPD:1
[CH: 50] LEN: 12 | HEX: F1 77 BB F2 FE 74 91 EE EF 79 BD FF | T:856873 RPD:1
[CH: 50] LEN: 12 | HEX: F9 77 FD F9 FE 77 91 FF 58 FB DF 7D | T:856873 RPD:0
[CH: 50] LEN: 12 | HEX: F9 77 DF FA FE 70 91 FF FA BB BF FB | T:856884 RPD:1
[CH: 50] LEN: 12 | HEX: F1 77 BC FA FA 74 91 FD 6F 79 AF FF | T:856885 RPD:0
[CH: 50] LEN: 12 | HEX: F9 77 FC F9 FE 77 91 EE 58 FF EF FB | T:856896 RPD:1
[CH: 50] LEN: 12 | HEX: F1 77 BE FB FE 70 91 FE BA BB AF 7F | T:856907 RPD:1
[CH: 50] LEN: 12 | HEX: F9 77 BB FD F4 73 91 EB 0D 39 AE FB | T:856907 RPD:1
[CH: 50] LEN: 12 | HEX: F1 77 AC F2 F5 74 91 FE AE 7D BF FF | T:856919 RPD:1
[CH: 50] LEN: 12 | HEX: F9 77 FE F7 FE 79 91 FF 4C 56 BF ED | T:856919 RPD:0
[CH: 50] LEN: 12 | HEX: F9 77 FD FA FA 70 91 FF BA BB BF FF | T:856930 RPD:1
[CH: 50] LEN: 12 | HEX: F9 77 BC FB D6 75 91 FE 72 1C AB E4 | T:856930 RPD:0
[CH: 50] LEN: 12 | HEX: F1 77 FE F2 F6 74 91 DD EF 7D BB DF | T:856942 RPD:1
[CH: 50] LEN: 12 | HEX: F9 77 FC F7 FB 79 91 FE CC 56 BF FA | T:856953 RPD:1
[CH: 50] LEN: 12 | HEX: E9 77 AA FE FA 70 91 FE BA BB FF FF | T:856953 RPD:0
[CH: 50] LEN: 12 | HEX: F5 77 D6 FA FE 74 91 FE AF 7D AB 7B | T:856965 RPD:1
[CH: 50] LEN: 12 | HEX: F9 77 D6 F7 FD 79 91 EF 4C 56 BA DF | T:856965 RPD:0
[CH: 50] LEN: 12 | HEX: F1 77 ED F9 FC 73 91 EF 0D 39 BF FF | T:856976 RPD:1
[CH: 50] LEN: 12 | HEX: F9 77 FD F3 DC 75 91 EE F2 1C A5 FB | T:856976 RPD:0
[CH: 50] LEN: 12 | HEX: F1 77 FD F2 F4 74 91 FD 6F 7D BF BF | T:856988 RPD:1
[CH: 50] LEN: 12 | HEX: F9 77 FA F7 FA 79 91 FF 4C 56 B7 FB | T:856999 RPD:1
[CH: 50] LEN: 12 | HEX: F1 77 FF FE F5 70 91 FF BA BB BF FF | T:856999 RPD:0
[CH: 50] LEN: 12 | HEX: F1 77 FA F4 FA 72 91 F5 10 58 BE FF | T:857011 RPD:1
[CH: 50] LEN: 12 | HEX: F1 77 7A F8 FD 76 91 FF A5 9E B7 FF | T:857011 RPD:0
[CH: 50] LEN: 12 | HEX: F9 77 FF F7 FE 79 91 F7 8C 56 AF BF | T:857022 RPD:1
[CH: 50] LEN: 12 | HEX: F1 77 FF F3 FE 75 91 FF 72 1C BF FF | T:857022 RPD:0
[CH: 50] LEN: 12 | HEX: F1 77 DE FA FE 74 91 FF AF 79 AF FF | T:857034 RPD:1
[CH: 50] LEN: 12 | HEX: F9 77 BD F8 EA 76 91 F7 85 9C BF 7F | T:857045 RPD:1
[CH: 50] LEN: 12 | HEX: F9 77 EA E7 FB 79 91 EE 8C 56 BF F6 | T:857045 RPD:1
[CH: 50] LEN: 12 | HEX: F9 77 7E F4 F4 72 91 FF 10 58 B7 7F | T:857057 RPD:1
[CH: 50] LEN: 12 | HEX: F9 77 F5 E9 FE 77 91 FE D8 EB 6F 6B | T:857057 RPD:0
[CH: 50] LEN: 12 | HEX: F9 77 5D F0 F6 76 91 DD 45 9E B7 BB | T:857068 RPD:1
[CH: 50] LEN: 12 | HEX: F9 77 FD F9 DC 73 91 FE 8D 39 AD F7 | T:857079 RPD:1
[CH: 50] LEN: 12 | HEX: F9 77 FD FC FE 72 91 FF 50 58 BF 7F | T:857080 RPD:0
[CH: 50] LEN: 12 | HEX: E9 77 7E F9 FE 77 91 EB 58 FF 6F FF | T:857091 RPD:1
[CH: 50] LEN: 12 | HEX: F1 77 F4 F7 FE 73 91 EE 0D 39 AF DF | T:857091 RPD:0
[CH: 50] LEN: 12 | HEX: F5 77 B9 EA FE 7A 91 FD 10 58 BF FF | T:857103 RPD:1
[CH: 50] LEN: 12 | HEX: F9 77 7A F1 F4 77 91 EB 58 F5 AF 7F | T:857103 RPD:0
[CH: 50] LEN: 12 | HEX: F1 77 BA F8 FE 76 91 FF C5 9E AF DB | T:857114 RPD:1
[CH: 50] LEN: 12 | HEX: ED 77 7A EB EE 73 91 FE 8D 39 BD FB | T:857125 RPD:1
[CH: 50] LEN: 12 | HEX: F9 77 FA F4 FE 72 91 DE 90 58 BB FF | T:857126 RPD:0
[CH: 50] LEN: 12 | HEX: F9 77 FA F1 FC 77 91 FF D8 FE BD 7F | T:857137 RPD:1
[CH: 50] LEN: 12 | HEX: F9 77 FC FE FA 70 91 F6 BA BB BF FF | T:857137 RPD:0
[CH: 50] LEN: 12 | HEX: F9 77 FE FD F6 73 91 EE 8D 39 AF BD | T:857149 RPD:1
[CH: 50] LEN: 12 | HEX: F9 77 7A FA FE 74 91 FD EF 7D AE DE | T:857149 RPD:0
[CH: 50] LEN: 12 | HEX: F5 77 F4 F1 FC 77 91 FE D8 FF DD FD | T:857160 RPD:1
[CH: 50] LEN: 12 | HEX: E9 77 FA FE FE 70 91 EE BA BB BF EF | T:857171 RPD:1
[CH: 50] LEN: 12 | HEX: F1 77 FD FB FE 73 91 FF 8D 39 BE DB | T:857172 RPD:0
[CH: 50] LEN: 12 | HEX: F1 77 DC FA FA 74 91 EB EF 7B AF FF | T:857183 RPD:1
[CH: 50] LEN: 12 | HEX: E9 77 F4 F6 FE 70 91 FE BA BB AF FF | T:857183 RPD:1
[CH: 50] LEN: 12 | HEX: F1 77 FD F5 F5 73 91 FF 8D 39 AF EE | T:857194 RPD:1
[CH: 50] LEN: 12 | HEX: F1 77 BB FB FE 75 91 FD F2 1C AF FE | T:857206 RPD:1
[CH: 50] LEN: 12 | HEX: F1 77 FD F2 F6 74 91 FE AF 7B BF BB | T:857206 RPD:0
[CH: 50] LEN: 12 | HEX: F1 77 F5 F7 F5 79 91 F7 4C 56 BF FF | T:857217 RPD:1
[CH: 50] LEN: 12 | HEX: F9 77 AD F3 FD 75 91 DD 72 1C AF FD | T:857218 RPD:0
[CH: 50] LEN: 12 | HEX: F1 77 AE FA F6 74 91 FE AF 79 BF FE | T:857229 RPD:1
[CH: 50] LEN: 12 | HEX: F1 77 EC F7 FD 71 91 FF 8C 56 AF BE | T:857229 RPD:0
[CH: 50] LEN: 12 | HEX: F1 77 DD FE FE 70 91 F7 3A BB BB FF | T:857240 RPD:1
[CH: 50] LEN: 12 | HEX: F9 77 DC F3 FE 75 91 F7 72 1C AF EE | T:857252 RPD:1
[CH: 50] LEN: 12 | HEX: F9 77 FC FA F6 74 91 FD 6F 7D BF B7 | T:857252 RPD:0
[CH: 50] LEN: 12 | HEX: F9 77 DE F7 FA 79 91 EF 8C 56 BF BF | T:857263 RPD:1
[CH: 50] LEN: 12 | HEX: F9 77 F4 FA F4 72 91 FF D0 58 BF FF | T:857264 RPD:0
[CH: 50] LEN: 12 | HEX: F9 77 F4 FB FD 75 91 FE F2 1C B7 FD | T:857275 RPD:1
[CH: 50] LEN: 12 | HEX: F1 77 FA F0 FE 76 91 FD C5 9E BF FA | T:857275 RPD:0
[CH: 50] LEN: 12 | HEX: F1 77 FE F7 BA 79 91 F6 8C 56 BB FF | T:857286 RPD:1
[CH: 50] LEN: 12 | HEX: F1 77 B5 E8 FE 72 91 FF 90 58 BE ED | T:857298 RPD:1
[CH: 50] LEN: 12 | HEX: F1 77 FA FB DE 75 91 DA 72 1C BF FE | T:857298 RPD:0
[CH: 50] LEN: 12 | HEX: F1 77 BE F0 F6 76 91 FF C5 9E AF FF | T:857309 RPD:1
[CH: 50] LEN: 12 | HEX: F1 77 BC F4 FE 72 91 EF 10 58 BF F7 | T:857310 RPD:0
[CH: 50] LEN: 12 | HEX: F9 77 FA FB DD 75 91 FD 72 1C BF FD | T:857321 RPD:1
[CH: 50] LEN: 12 | HEX: E9 77 F6 E8 ED 76 91 D7 C5 9C BF FF | T:857332 RPD:1
[CH: 50] LEN: 12 | HEX: F9 77 FC F7 76 71 91 DD 0C 56 AF BF | T:857332 RPD:0
[CH: 50] LEN: 12 | HEX: F9 77 FA FD ED 73 91 FA 8D 39 BB DA | T:857344 RPD:1
[CH: 50] LEN: 12 | HEX: F9 77 F4 F9 EE 77 91 DD 58 F7 3F F6 | T:857344 RPD:0
[CH: 50] LEN: 12 | HEX: F9 77 BE F4 FE 76 91 D6 C5 9E B7 EF | T:857355 RPD:1
[CH: 50] LEN: 12 | HEX: F9 77 F4 FD FD 73 91 DD 0D 39 BF FF | T:857356 RPD:0
[CH: 50] LEN: 12 | HEX: F1 77 FD F6 FE 72 91 ED 10 58 BD DD | T:857367 RPD:1
[CH: 50] LEN: 12 | HEX: F5 77 F4 F9 FD 77 91 EE D8 F7 7B FF | T:857378 RPD:1
[CH: 50] LEN: 12 | HEX: F1 77 F4 F4 EE 76 91 ED C5 9C BA DE | T:857378 RPD:0
[CH: 50] LEN: 12 | HEX: E9 77 FA FD FE 73 91 DF 0D 39 FD FF | T:857390 RPD:1
[CH: 50] LEN: 12 | HEX: F9 77 FD F9 FD 77 91 FE D8 F7 6B FF | T:857390 RPD:0
[CH: 50] LEN: 12 | HEX: F1 77 DE F4 FE 76 91 DF C5 9E AF BB | T:857401 RPD:1
[CH: 50] LEN: 12 | HEX: F9 77 7E FE F6 70 91 FD BA BB BF FE | T:857401 RPD:0
[CH: 50] LEN: 12 | HEX: F9 77 FA FB EA 73 91 ED 8D 39 BF FE | T:857413 RPD:1
[CH: 50] LEN: 12 | HEX: F9 77 DA F9 FE 77 91 EE D8 FF 2F FB | T:857424 RPD:1
[CH: 50] LEN: 12 | HEX: F9 77 BC F0 F6 76 91 FE C5 9E BF 7F | T:857424 RPD:0
[CH: 50] LEN: 12 | HEX: F5 77 FA FE FE 70 91 FD 3A BB AB FD | T:857436 RPD:1
[CH: 50] LEN: 12 | HEX: F9 77 DA FA EE 74 91 FE EE 79 BF EF | T:857436 RPD:0
[CH: 50] LEN: 12 | HEX: F1 77 FD ED DC 77 11 EF 58 F7 2F FF | T:857447 RPD:1
[CH: 50] LEN: 12 | HEX: F9 77 FA F6 F6 70 91 FE BA BB AF FF | T:857447 RPD:0
[CH: 50] LEN: 12 | HEX: E9 77 F4 ED FF 73 91 FE 8D 39 BF FF | T:857459 RPD:1
[CH: 50] LEN: 12 | HEX: F1 77 DE EA FE 74 91 EF 6E 79 BF FF | T:857470 RPD:1
[CH: 50] LEN: 12 | HEX: F9 77 6A F1 DD 77 11 D7 58 FE FF FF | T:857470 RPD:0
[CH: 50] LEN: 12 | HEX: F1 77 FA F7 FD 79 91 F7 8C 56 BF D5 | T:857482 RPD:1
[CH: 50] LEN: 12 | HEX: ED 77 74 F3 FA 75 91 DF 72 1C AF F6 | T:857482 RPD:0
[CH: 50] LEN: 12 | HEX: E9 77 FB FA FE 74 91 EB AF 79 BF EF | T:857493 RPD:1
[CH: 50] LEN: 12 | HEX: F1 77 BA E7 F4 79 91 FF 4C 56 BE FF | T:857504 RPD:1
[CH: 50] LEN: 12 | HEX: F5 77 DD EE F6 70 91 FE BA BB BE FF | T:857505 RPD:0
[CH: 50] LEN: 12 | HEX: F9 77 FA F3 FD 75 91 FF 72 1C BF BB | T:857516 RPD:1
[CH: 50] LEN: 12 | HEX: F5 77 FA F7 7E 71 91 FD 0C 56 BF 6F | T:857516 RPD:0
[CH: 50] LEN: 12 | HEX: F9 77 FA FE F6 70 91 EB 7A BB BF FF | T:857528 RPD:1
[CH: 50] LEN: 12 | HEX: F9 77 F4 FB F6 75 91 FE F2 1C BF FF | T:857528 RPD:0
[CH: 50] LEN: 12 | HEX: F1 77 FA FA FE 74 91 FF AF 7D AF 6F | T:857539 RPD:1
[CH: 50] LEN: 12 | HEX: F5 77 FC F0 F6 76 91 FF 45 9E BF B7 | T:857550 RPD:1
[CH: 50] LEN: 12 | HEX: F1 77 5E F7 FA 71 91 FD 0C 56 BF FD | T:857551 RPD:0
[CH: 50] LEN: 12 | HEX: F9 77 FA FC FE 72 91 FF 10 58 AB FB | T:857562 RPD:1
[CH: 50] LEN: 12 | HEX: F1 77 56 E8 EE 76 91 FF 45 9E AF 7F | T:857562 RPD:0
[CH: 50] LEN: 12 | HEX: F5 77 F4 F7 FA 79 91 FF 4C 56 BD D7 | T:857574 RPD:1
[CH: 50] LEN: 12 | HEX: F1 77 BE F4 F6 72 91 EF 50 58 AB 7F | T:857574 RPD:0
[CH: 50] LEN: 12 | HEX: F5 77 B4 EF DA 75 91 FF 72 1C BF FF | T:857585 RPD:1
[CH: 50] LEN: 12 | HEX: F9 77 F6 F0 FB 76 91 FD 45 9E BB FF | T:857596 RPD:1
[CH: 50] LEN: 12 | HEX: F5 77 BE EF FA 79 91 FF 4C 56 BB F7 | T:857597 RPD:0
[CH: 50] LEN: 12 | HEX: E9 77 5A FC EE 72 91 DF 90 58 BB F7 | T:857608 RPD:1
[CH: 50] LEN: 12 | HEX: F9 77 BD F1 F6 77 91 FE D8 F7 7F F5 | T:857608 RPD:0
[CH: 50] LEN: 12 | HEX: F9 77 FD F0 FE 76 91 FF 45 9E BF FF | T:857620 RPD:1
[CH: 50] LEN: 12 | HEX: F9 77 FB F5 EE 73 91 F6 0D 39 BB FD | T:857631 RPD:1
[CH: 50] LEN: 12 | HEX: F9 77 76 FC FE 72 91 EF 10 58 AF FF | T:857631 RPD:0
[CH: 50] LEN: 12 | HEX: E9 77 FA F9 ED 77 11 DD 58 FF 7F BF | T:857642 RPD:1
[CH: 50] LEN: 12 | HEX: F1 77 DA FD EE 73 91 EF 0D 39 AF FF | T:857643 RPD:0
[CH: 50] LEN: 12 | HEX: F1 77 BA F4 FE 72 91 DE 90 58 BF 7D | T:857654 RPD:1
[CH: 50] LEN: 12 | HEX: F1 77 FA E9 FD 77 91 FA 58 FF AF BD | T:857654 RPD:0
[CH: 50] LEN: 12 | HEX: ED 77 F4 F0 FE 76 91 F7 45 9E B7 FF | T:857665 RPD:1
[CH: 50] LEN: 12 | HEX: F9 77 FA EB EE 7B 91 DF 0D 39 BF 6F | T:857677 RPD:1
[CH: 50] LEN: 12 | HEX: F9 77 76 EC FE 72 91 DD 90 58 BF 7F | T:857677 RPD:0
[CH: 50] LEN: 12 | HEX: F1 77 ED F2 F6 74 91 FF 6E 79 AF FF | T:857688 RPD:1
[CH: 50] LEN: 12 | HEX: F9 77 DF FE FE 70 91 FE BA BB BF EF | T:857689 RPD:0
[CH: 50] LEN: 12 | HEX: F1 77 AC FB FE 73 91 F6 8D 39 AB FF | T:857700 RPD:1
[CH: 50] LEN: 12 | HEX: F9 77 74 F2 F6 74 91 FF 4E 75 BF 7E | T:857700 RPD:0
[CH: 50] LEN: 12 | HEX: F1 77 BD F1 F6 77 91 F6 58 FF FB DF | T:857711 RPD:1
[CH: 50] LEN: 12 | HEX: F9 77 FD EE FA 70 91 EF BA BB AF FB | T:857723 RPD:1
[CH: 50] LEN: 12 | HEX: F1 77 FA FD DD 73 91 FD 8D 39 BF FF | T:857723 RPD:1
[CH: 50] LEN: 12 | HEX: F1 77 FA FA FF 74 91 FD 6F 7F BF FF | T:857734 RPD:1
[CH: 50] LEN: 12 | HEX: F5 77 D5 F7 5E 79 91 FE 8C 56 BD FF | T:857735 RPD:0
[CH: 50] LEN: 12 | HEX: F1 77 FC F4 F6 70 91 DF BA BB B7 92 | T:857746 RPD:1
[CH: 50] LEN: 12 | HEX: F9 77 DA EB FD 75 91 FD 72 1C BF DF | T:857757 RPD:1
[CH: 50] LEN: 12 | HEX: F9 77 B9 FA F6 74 91 FF 4F 7D AD FF | T:857757 RPD:0
[CH: 50] LEN: 12 | HEX: F1 77 FD F7 D4 79 91 F7 4C 56 BF 6B | T:857769 RPD:1
[CH: 50] LEN: 12 | HEX: F1 77 FA F7 DD 75 91 FD 72 1C BE FF | T:857769 RPD:0
[CH: 50] LEN: 12 | HEX: F9 77 FA F6 FE 74 91 FE EF 7D BB BF | T:857780 RPD:1
[CH: 50] LEN: 12 | HEX: F5 77 5E F7 7A 79 91 EF 0C 56 BB F7 | T:857781 RPD:0
[CH: 50] LEN: 12 | HEX: F1 77 76 F6 EC 70 91 DD BA BB BF 7B | T:857792 RPD:1
[CH: 50] LEN: 12 | HEX: F1 77 FC F3 BC 75 91 EE 72 1C BF FF | T:857803 RPD:1
[CH: 50] LEN: 12 | HEX: F1 77 B4 EA FC 74 91 DE EF 7D BF AF | T:857803 RPD:0
[CH: 50] LEN: 12 | HEX: F1 77 FA E7 FD 79 91 EF 0C 56 BF FE | T:857815 RPD:1
[CH: 50] LEN: 12 | HEX: F1 77 FE F8 FE 72 91 FE 90 58 AF D7 | T:857815 RPD:0
[CH: 50] LEN: 12 | HEX: F9 7F FE FB BD 75 91 FE 72 1C BF FF | T:857826 RPD:1
[CH: 50] LEN: 12 | HEX: F9 77 DD F4 FC 76 91 ED C5 9E BC DD | T:857827 RPD:0
[CH: 50] LEN: 12 | HEX: F1 77 FD E7 F4 79 91 FD 0C 56 BF FF | T:857838 RPD:1
[CH: 50] LEN: 12 | HEX: E9 77 7A F4 F6 72 91 DF 10 58 BD FF | T:857849 RPD:1
[CH: 50] LEN: 12 | HEX: F9 77 FA FB FD 75 91 EF 72 1C BF FF | T:857849 RPD:0
[CH: 50] LEN: 12 | HEX: F5 77 FA F8 F6 76 91 DD 45 9E AF FE | T:857861 RPD:1
[CH: 50] LEN: 12 | HEX: F9 77 ED FC F6 72 91 FF D0 58 BF FD | T:857861 RPD:1
[CH: 50] LEN: 12 | HEX: F1 77 DD F3 DD 75 91 FD 72 1C BE BF | T:857872 RPD:1
[CH: 50] LEN: 12 | HEX: F1 77 BD F9 FE 77 91 FE 58 FF 7A B5 | T:857873 RPD:0
[CH: 50] LEN: 12 | HEX: E9 77 FD E8 EA 76 91 DD 45 9E AE BE | T:857884 RPD:1
[CH: 50] LEN: 12 | HEX: F9 77 DC FD F6 73 91 FE 8D 39 BB FE | T:857895 RPD:1
[CH: 50] LEN: 12 | HEX: F9 77 FD F4 F6 72 91 FE 90 58 AF DF | T:857895 RPD:0
[CH: 50] LEN: 12 | HEX: F1 77 FA F5 FE 77 91 FE D8 F7 3A FF | T:857907 RPD:1
[CH: 50] LEN: 12 | HEX: F1 77 AD F5 FD 73 91 FE 8D 39 BF B3 | T:857907 RPD:0
[CH: 50] LEN: 12 | HEX: F9 77 FA F3 DD 75 91 F7 72 1C AF FF | T:857918 RPD:1
[CH: 50] LEN: 12 | HEX: F9 77 F4 F9 FE 77 91 FF D8 FF 7F 7D | T:857930 RPD:1
[CH: 50] LEN: 12 | HEX: F9 77 BE F8 FA 76 91 FF 45 9E AB FB | T:857930 RPD:0
[CH: 50] LEN: 12 | HEX: F1 77 BB F5 EE 73 91 FF 0D 39 BB EE | T:857941 RPD:1
[CH: 50] LEN: 12 | HEX: F9 77 FA FA F6 74 91 FE AF 7D BF FD | T:857941 RPD:0
[CH: 50] LEN: 12 | HEX: F1 77 FB F1 EA 77 91 FE D8 F7 3F FE | T:857953 RPD:1
[CH: 50] LEN: 12 | HEX: F1 77 FF F6 F6 70 91 D7 BA BB BF AF | T:857953 RPD:0
[CH: 50] LEN: 12 | HEX: F1 77 7E ED DC 73 91 FD 0D 39 B7 FF | T:857964 RPD:1
[CH: 50] LEN: 12 | HEX: F5 77 FA F2 EE 74 91 EF EF 7D BF BF | T:857975 RPD:1
[CH: 50] LEN: 12 | HEX: F1 77 DA F1 EC 77 91 FE D8 FF 7A BE | T:857976 RPD:0
[CH: 50] LEN: 12 | HEX: F9 77 FC F6 FE 70 91 F7 BA BB BF 4F | T:857987 RPD:1
[CH: 50] LEN: 12 | HEX: F9 77 FD F9 FE 77 91 F7 58 FF 6B DB | T:857987 RPD:0
[CH: 50] LEN: 12 | HEX: F1 77 FC F4 FE 76 91 FD 45 9E BE FF | T:857999 RPD:1
[CH: 50] LEN: 12 | HEX: F1 77 BC FE FA 70 91 FF 3A BB FF FF | T:857999 RPD:1
[CH: 50] LEN: 12 | HEX: F5 77 FB F5 F6 73 91 FD 0D 39 BF FE | T:858010 RPD:1
[CH: 50] LEN: 12 | HEX: F1 77 D5 FB DA 75 91 D6 F2 1C AD FF | T:858021 RPD:1
[CH: 50] LEN: 12 | HEX: F1 77 F4 F2 FE 7C 91 DF 4F 79 BF FF | T:858022 RPD:0
[CH: 50] LEN: 12 | HEX: F1 77 7A E7 BB 79 91 FD 0C 56 AF F7 | T:858033 RPD:1
[CH: 50] LEN: 12 | HEX: F5 77 74 EF EC 75 91 EB 72 1C B6 FB | T:858033 RPD:0
[CH: 50] LEN: 12 | HEX: F9 77 FD FA FE 74 91 EF 6F 7D BF FE | T:858045 RPD:1
[CH: 50] LEN: 12 | HEX: F9 77 5E F7 FD 79 91 FF 8C 56 AB F6 | T:858056 RPD:1
[CH: 50] LEN: 12 | HEX: F1 77 B4 F4 FE 70 91 FD 7A BB BB FB | T:858056 RPD:0
[CH: 50] LEN: 12 | HEX: ED 77 FD EB AE 75 91 FE F2 1C BB FF | T:858067 RPD:1
[CH: 50] LEN: 12 | HEX: F1 77 7D F7 AE 71 91 FE 8C 56 AF DD | T:858068 RPD:0
[CH: 50] LEN: 12 | HEX: F9 77 54 EE EE 70 91 EE 7A BB B5 DF | T:858079 RPD:1
[CH: 50] LEN: 12 | HEX: F9 77 FB FC FE 72 91 FE 90 58 AF 7D | T:858079 RPD:0
[CH: 50] LEN: 12 | HEX: F1 77 F5 F3 DC 75 91 FD F2 1C AF 5F | T:858091 RPD:1
[CH: 50] LEN: 12 | HEX: F1 77 FB F8 FE 76 91 DD 45 9E BF FF | T:858102 RPD:1
[CH: 50] LEN: 12 | HEX: F1 77 7A F7 FC 79 91 EE CC 56 BD CF | T:858102 RPD:0
[CH: 50] LEN: 12 | HEX: F9 77 BB F4 FE 72 91 FF 10 58 BF 6E | T:858113 RPD:1
[CH: 50] LEN: 12 | HEX: ED 77 EC F0 EE 76 91 FD 45 9E BF EF | T:858114 RPD:0
[CH: 50] LEN: 12 | HEX: F1 77 AD F7 BC 79 91 FE 8C 56 AF FB | T:858125 RPD:1
[CH: 50] LEN: 12 | HEX: F1 77 59 F4 FA 72 91 D5 10 58 B1 8B | T:858125 RPD:0
[CH: 50] LEN: 12 | HEX: F1 77 FD F7 D4 75 91 FE 72 1C BF F5 | T:858137 RPD:1
[CH: 50] LEN: 12 | HEX: F9 77 FD F4 F4 76 91 FF C5 9E AF FD | T:858148 RPD:1
[CH: 50] LEN: 12 | HEX: F9 77 DD F7 FB 79 91 EF 4C 56 BD F7 | T:858148 RPD:0
[CH: 50] LEN: 12 | HEX: F9 77 BA FD FE 73 91 EB 0D 39 BF 76 | T:858159 RPD:1
[CH: 50] LEN: 12 | HEX: E9 77 7A F9 FE 77 11 FF 58 F7 7B AF | T:858160 RPD:0
[CH: 50] LEN: 12 | HEX: F1 77 DE F0 FE 76 91 EF C5 9E AE EF | T:858171 RPD:1
[CH: 50] LEN: 12 | HEX: F1 77 BE FD FE 73 91 F6 8D 39 AB BF | T:858182 RPD:1
[CH: 50] LEN: 12 | HEX: F9 77 FD F8 FE 72 91 EF 50 58 BF FF | T:858182 RPD:0
[CH: 50] LEN: 12 | HEX: E9 77 DE F1 FE 77 91 FE 58 FE 7D FB | T:858194 RPD:1
[CH: 50] LEN: 12 | HEX: F1 77 FC F9 F6 73 91 FF 0D 39 BD F5 | T:858194 RPD:0
[CH: 50] LEN: 12 | HEX: F9 77 FD FC FA 72 91 FE 90 58 AB FF | T:858205 RPD:1
[CH: 50] LEN: 12 | HEX: F1 77 FD F5 FE 77 D1 FF D8 F7 6F FE | T:858206 RPD:0
[CH: 50] LEN: 12 | HEX: F1 77 FC F8 FE 76 91 FF C5 9E BF F7 | T:858217 RPD:1
[CH: 50] LEN: 12 | HEX: F1 77 5D F6 F4 70 91 EB BA BB BF FF | T:858228 RPD:1
[CH: 50] LEN: 12 | HEX: F1 77 BA E8 EE 72 91 D7 90 58 B7 B6 | T:858228 RPD:0
[CH: 50] LEN: 12 | HEX: F9 77 ED F2 F6 74 91 FE AE 7B BD BF | T:858240 RPD:1
[CH: 50] LEN: 12 | HEX: F1 77 FD F4 EE 70 91 FF 7A BB FF BF | T:858240 RPD:0
[CH: 50] LEN: 12 | HEX: F1 77 FD F5 ED 73 91 F6 0D 39 BE EB | T:858251 RPD:1
[CH: 50] LEN: 12 | HEX: F9 77 FF F6 F6 74 91 EE AF 7D BF 7D | T:858252 RPD:0
[CH: 50] LEN: 12 | HEX: F1 77 FD F5 FC 77 91 FD D8 FE FF FF | T:858263 RPD:1
[CH: 50] LEN: 12 | HEX: F5 77 BC FA FA 70 91 EF 3A BF AB 6F | T:858274 RPD:1
[CH: 50] LEN: 12 | HEX: F9 77 FA FB EE 73 91 FF 0D 39 BF 7F | T:858274 RPD:0
[CH: 50] LEN: 12 | HEX: F9 77 FC F2 FE 74 91 F7 AF 7D AD DB | T:858286 RPD:1
[CH: 50] LEN: 12 | HEX: F1 77 FD F7 FF 79 91 FF 4C 56 BD C4 | T:858286 RPD:0
[CH: 50] LEN: 12 | HEX: F1 77 AE F4 F6 70 91 EA BA BB BF DF | T:858297 RPD:1
[CH: 50] LEN: 12 | HEX: F9 77 FE FB FE 75 91 FF 72 1C BF CB | T:858298 RPD:0
[CH: 50] LEN: 12 | HEX: F1 77 DD FA FA 74 91 FF 4F 75 BB 65 | T:858309 RPD:1
[CH: 50] LEN: 12 | HEX: F1 77 FD F7 FA 71 91 EF 8C 56 A7 FA | T:858320 RPD:1
[CH: 50] LEN: 12 | HEX: F9 77 FF FE FE 70 91 FE BA BB AF EF | T:858320 RPD:0
[CH: 50] LEN: 12 | HEX: F9 77 DF FB D6 75 91 FE 72 1C BD EE | T:858332 RPD:1
[CH: 50] LEN: 12 | HEX: F1 77 FD F7 AD 71 91 FE 8C 56 BD 7D | T:858332 RPD:0
[CH: 50] LEN: 12 | HEX: F1 77 AE EC F6 70 91 DD 3A BB FF BF | T:858343 RPD:1
[CH: 50] LEN: 12 | HEX: F5 77 DD F2 F6 74 91 EF EF 7D BB F7 | T:858355 RPD:1
[CH: 50] LEN: 12 | HEX: F1 77 FD F1 FE 77 D1 DE D8 FF 3D FD | T:858355 RPD:0
[CH: 50] LEN: 12 | HEX: F1 77 BD F7 FA 79 91 FE 8C 56 AE BD | T:858366 RPD:1
[CH: 50] LEN: 12 | HEX: F1 77 BC FC FA 72 91 EF 10 58 BD FF | T:858366 RPD:0
[CH: 50] LEN: 12 | HEX: F1 77 BC FB FF 75 91 FE F2 1C BB BF | T:858378 RPD:1
[CH: 50] LEN: 12 | HEX: F9 77 FD F8 FE 76 91 EE A5 9E BF D9 | T:858378 RPD:0
[CH: 50] LEN: 12 | HEX: F1 77 B4 E7 BD 79 91 DE 8C 56 AB ED | T:858389 RPD:1
[CH: 50] LEN: 12 | HEX: F9 77 FD FC EE 72 91 DD 10 58 BF DF | T:858401 RPD:1
[CH: 50] LEN: 12 | HEX: F9 77 FE FB FE 75 91 F6 F2 1C BF DF | T:858401 RPD:0
[CH: 50] LEN: 12 | HEX: F1 77 BE F0 EA 76 91 EB A5 9C BA FA | T:858412 RPD:1
[CH: 50] LEN: 12 | HEX: F9 77 FD F4 FE 72 91 EF 90 58 BF FE | T:858412 RPD:0
[CH: 50] LEN: 12 | HEX: F9 77 7C FB BD 75 91 EB 72 1C B5 6E | T:858424 RPD:1
[CH: 50] LEN: 12 | HEX: F9 77 BA F9 F4 77 91 FA 58 FF BF 7B | T:858424 RPD:0
[CH: 50] LEN: 12 | HEX: F1 77 BE F0 EE 76 91 EF C5 9E AB DD | T:858435 RPD:1
[CH: 50] LEN: 12 | HEX: F9 77 BE F9 FE 73 91 FE 8D 39 BF F7 | T:858446 RPD:1
[CH: 50] LEN: 12 | HEX: F9 77 FE FC FB 72 91 FE D0 58 BF FE | T:858447 RPD:0
[CH: 50] LEN: 12 | HEX: F1 77 FA F9 FD 77 91 FF D8 FF 7F FF | T:858458 RPD:0
[CH: 50] LEN: 12 | HEX: F1 77 BD EA FF 70 91 FD 3A BB B7 D6 | T:858463 RPD:1
[CH: 50] LEN: 12 | HEX: F1 77 DA F5 F4 73 91 FB 0D 39 BF ED | T:858474 RPD:1
[CH: 50] LEN: 12 | HEX: F9 77 EE F6 FE 72 91 F6 90 58 B7 6E | T:858474 RPD:0
[CH: 50] LEN: 12 | HEX: F1 77 D6 FB AD 7D 91 D7 72 1C AF 7F | T:858486 RPD:1
[CH: 50] LEN: 12 | HEX: F5 77 5C F6 FE 74 91 F6 AF 7D BE F7 | T:858486 RPD:0
[CH: 50] LEN: 12 | HEX: F1 77 BB F8 FE 7E 91 DF C5 9C BF DB | T:858497 RPD:1
[CH: 50] LEN: 12 | HEX: F1 77 AE FA FE 70 91 F7 BA BB BF 7F | T:858497 RPD:0
[CH: 50] LEN: 12 | HEX: F9 77 FC EB F6 73 91 EB 0D 39 BF 7B | T:858509 RPD:1
[CH: 50] LEN: 12 | HEX: F1 77 FD F2 F5 74 91 F7 4F 7D BE FE | T:858520 RPD:1
[CH: 50] LEN: 12 | HEX: F9 77 FA F9 F6 77 91 F5 58 FF 7F C8 | T:858520 RPD:0
[CH: 50] LEN: 12 | HEX: F9 77 BB FE FA 70 91 F7 BA BB BF FF | T:858532 RPD:1
[CH: 50] LEN: 12 | HEX: F9 77 FB F2 FE 74 91 D6 AF 77 AA 56 | T:858532 RPD:0
[CH: 50] LEN: 12 | HEX: F9 77 EA F1 FE 77 91 FE 58 F5 7D EF | T:858543 RPD:1
[CH: 50] LEN: 12 | HEX: F9 77 BE FA FE 70 91 FE BA BB BB 9F | T:858543 RPD:0
[CH: 50] LEN: 12 | HEX: F9 77 BB F5 FE 73 91 FF 0D 39 AF 68 | T:858555 RPD:1
[CH: 50] LEN: 12 | HEX: F9 77 FE FB FD 75 91 FE F2 1C BE FF | T:858566 RPD:1
[CH: 50] LEN: 12 | HEX: F9 77 DE F6 F5 74 91 FE EF 7D B7 7F | T:858566 RPD:0
[CH: 50] LEN: 12 | HEX: F1 7F BE F7 FE 79 91 F7 0C 56 BF FF | T:858578 RPD:1
[CH: 50] LEN: 12 | HEX: F9 77 D5 FB DC 75 91 F6 F2 1C B7 FB | T:858578 RPD:0
[CH: 50] LEN: 12 | HEX: F9 77 BB EA FE 74 91 FD 6E 7D BF FB | T:858589 RPD:1
[CH: 50] LEN: 12 | HEX: F1 77 B5 F7 BD 71 91 EB 8C 56 BF FF | T:858600 RPD:1
[CH: 50] LEN: 12 | HEX: F9 77 F5 FE FA 70 91 FE BA BB BE AC | T:858601 RPD:0
[CH: 50] LEN: 12 | HEX: F9 77 B4 FB FE 75 91 DF F2 1C BF 7F | T:858612 RPD:1
[CH: 50] LEN: 12 | HEX: F9 77 F4 F7 B5 71 91 EF 4C 56 BD FF | T:858612 RPD:0
[CH: 50] LEN: 12 | HEX: F9 77 FA FE FE 70 91 FF 7A BB BF 7F | T:858624 RPD:1
[CH: 50] LEN: 12 | HEX: F1 77 FD FC FE 72 91 DF 90 58 B7 FF | T:858624 RPD:0
[CH: 50] LEN: 12 | HEX: F9 77 FD FB BD 75 91 D7 72 1C BF DE | T:858635 RPD:1
[CH: 50] LEN: 12 | HEX: F1 77 FB EC FE 76 91 F7 45 9E BE FF | T:858646 RPD:1
[CH: 50] LEN: 12 | HEX: ED 7F FC F7 FC F1 91 FD 0C 56 AA DF | T:858647 RPD:0
[CH: 50] LEN: 12 | HEX: F5 77 7C FC FC 72 91 FF 50 58 BF A2 | T:858658 RPD:1
[CH: 50] LEN: 12 | HEX: F5 77 EE F8 FE 76 91 FF 45 9E BF FD | T:858658 RPD:0
[CH: 50] LEN: 12 | HEX: F1 77 FD F7 DA 79 91 FE 8C 56 BF FF | T:858670 RPD:1
[CH: 50] LEN: 12 | HEX: F1 77 AE EC FE 72 91 FF 90 58 BB EA | T:858670 RPD:0
[CH: 50] LEN: 12 | HEX: F9 77 AA FB FD 75 91 EE F2 1C BF 7F | T:858681 RPD:1
[CH: 50] LEN: 12 | HEX: F9 77 FD F0 FE 76 91 FF A5 9E BF AF | T:858692 RPD:1
[CH: 50] LEN: 12 | HEX: F9 77 FD F7 FC 71 91 FF 4C 56 BF 7B | T:858693 RPD:0
[CH: 50] LEN: 12 | HEX: E9 77 FC FB EE 73 91 FF 8D 39 BB 7F | T:858704 RPD:1
[CH: 50] LEN: 12 | HEX: F1 77 EC F9 FE 77 91 D6 58 FF 7D DC | T:858704 RPD:0
[CH: 50] LEN: 12 | HEX: F9 77 EE F8 FE 76 91 FF A5 9E AD EB | T:858716 RPD:1
[CH: 50] LEN: 12 | HEX: F9 77 D6 E9 FE 73 91 FF 0D 39 BF FE | T:858727 RPD:1
[CH: 50] LEN: 12 | HEX: F9 77 DD F8 FE 72 91 FF 50 58 BB FF | T:858727 RPD:0
[CH: 50] LEN: 12 | HEX: F1 77 FD F1 FF 77 91 FE D8 F7 3F FF | T:858738 RPD:1
[CH: 50] LEN: 12 | HEX: F9 77 BA FD EE 73 91 F7 0D 39 FE EE | T:858739 RPD:0
[CH: 50] LEN: 12 | HEX: F9 77 BC FC FE 72 91 FF 90 58 AF EF | T:858750 RPD:0
[CH: 50] LEN: 12 | HEX: F1 77 FE 00 00 71 91 FE 85 C2 BB F5 | T:858768 RPD:1
[CH: 50] LEN: 12 | HEX: F9 77 FD 00 00 71 91 FF 05 C2 AF FE | T:858769 RPD:1
[CH: 50] LEN: 12 | HEX: F8 6D FE 00 FE F4 97 5F 68 9E BF EB | T:858799 RPD:1
[CH: 50] LEN: 12 | HEX: F8 6D EA 80 FE F8 97 FE E8 9E AE FF | T:858799 RPD:1
[CH: 50] LEN: 12 | HEX: F1 77 7D 00 00 71 97 75 AF 64 BF FF | T:859068 RPD:1
[CH: 50] LEN: 12 | HEX: F1 77 EA 00 00 71 97 FB AF 64 BF F5 | T:859069 RPD:1
[CH: 50] LEN: 12 | HEX: F0 6D ED 00 FA F4 97 D6 68 9E BE FF | T:859098 RPD:1
[CH: 50] LEN: 12 | HEX: F0 6D EE 80 FE EC 97 DE 68 9E BF FF | T:859099 RPD:1
[CH: 50] LEN: 12 | HEX: F9 77 FA 00 00 71 97 FE AF 64 B7 FF | T:859368 RPD:1
[CH: 50] LEN: 12 | HEX: F1 77 FD 00 00 71 97 DD 2F 64 BB B3 | T:859368 RPD:1
[CH: 50] LEN: 12 | HEX: F0 6D EE 00 F6 F8 97 FA E8 9E BF AF | T:859398 RPD:1
[CH: 50] LEN: 12 | HEX: F8 6D FE 80 F5 EE 97 B5 68 9C BD 6F | T:859399 RPD:1
[CH: 50] LEN: 12 | HEX: F9 77 FD 00 00 71 97 BB AF 64 BF EF | T:859667 RPD:1
[CH: 50] LEN: 12 | HEX: F1 77 FD 00 00 71 97 BF AF 64 BF DF | T:859668 RPD:1
[CH: 50] LEN: 12 | HEX: F0 6D EE 00 EE F8 97 BA 68 9E BD FD | T:859698 RPD:1
[CH: 50] LEN: 12 | HEX: F0 6D EE 00 FE EA 97 FE E8 9E BE DF | T:859699 RPD:1
[CH: 50] LEN: 12 | HEX: F1 77 FA 00 00 71 97 75 AF 64 BF EF | T:859967 RPD:1
[CH: 50] LEN: 12 | HEX: F1 77 DD 80 00 79 97 BB AE 64 BB FB | T:859968 RPD:1
[CH: 50] LEN: 12 | HEX: F0 6D FE 00 FA F4 97 FA 68 9E BF EB | T:859998 RPD:1
[CH: 50] LEN: 12 | HEX: F8 6D FF 00 FE F4 97 EE 68 9E BF BA | T:859998 RPD:1
[CH: 50] LEN: 12 | HEX: F1 77 AE 00 00 71 97 FA AE 64 AA BF | T:860267 RPD:1
[CH: 50] LEN: 12 | HEX: F9 77 FD 00 00 71 97 BF AF 64 BD F8 | T:860268 RPD:1
[CH: 50] LEN: 12 | HEX: EC 6D EE 80 FE F4 97 FE 68 9E BD 4E | T:860297 RPD:1
[CH: 50] LEN: 12 | HEX: F8 6D EE 80 FE F8 97 DD 68 9E BF 7F | T:860298 RPD:1
[CH: 50] LEN: 12 | HEX: F1 77 BA 80 00 71 97 FD 2F 64 AF FF | T:860567 RPD:1
[CH: 50] LEN: 12 | HEX: F1 77 FA 00 00 71 97 FD AF 64 B7 F5 | T:860568 RPD:1
[CH: 50] LEN: 12 | HEX: F8 6D FE 80 FE FC 97 BA 68 9E AF FE | T:860597 RPD:1
[CH: 50] LEN: 12 | HEX: F0 6D FD 00 EC F8 97 BD 68 9C BF FF | T:860598 RPD:1
[CH: 50] LEN: 12 | HEX: F1 77 FD 00 00 71 97 DD AF 64 BF 7F | T:860867 RPD:1
[CH: 50] LEN: 12 | HEX: F9 77 FD 00 00 71 97 FF 2F 64 BF FF | T:860867 RPD:1
[CH: 50] LEN: 12 | HEX: E8 6D FE 80 FE FC 97 FA 68 9E AB BF | T:860897 RPD:1
[CH: 50] LEN: 12 | HEX: F4 6D FE 80 F6 F4 97 FD 68 9C B7 F7 | T:860898 RPD:1
[CH: 50] LEN: 12 | HEX: F2 78 FB 5C 76 FC 97 7B C0 A1 BF FF | T:860989 RPD:1
[CH: 50] LEN: 12 | HEX: F2 78 FF AC 7D FC 97 FD 20 A1 AD B5 | T:860989 RPD:1
[CH: 50] LEN: 12 | HEX: EA 7B FF 00 81 FC 97 F5 E7 FF AF FE | T:861001 RPD:1
[CH: 50] LEN: 12 | HEX: FA 7B DD 00 81 FC 97 FE A7 BD B5 FF | T:861001 RPD:1
[CH: 50] LEN: 12 | HEX: F9 77 FF FE F4 70 97 FD 10 1D B7 7B | T:861023 RPD:1
[CH: 50] LEN: 12 | HEX: F1 77 BB F9 FE 73 97 F5 A7 9F 2F FD | T:861026 RPD:1
[CH: 50] LEN: 12 | HEX: F1 77 BA F3 FE 75 97 DD D8 BA BF 7E | T:861029 RPD:1
[CH: 50] LEN: 12 | HEX: F9 77 FB FA FE 74 97 FD 45 DB AF FF | T:861040 RPD:1
[CH: 50] LEN: 12 | HEX: F9 77 DF F9 FE 77 97 FF F2 59 BF AF | T:861041 RPD:0
[CH: 50] LEN: 12 | HEX: F1 77 F4 F0 ED 76 97 DE 6F 38 B7 7F | T:861052 RPD:1
[CH: 50] LEN: 12 | HEX: F1 77 FB F7 FD 79 97 BD A6 F0 AF DD | T:861052 RPD:0
[CH: 50] LEN: 12 | HEX: F1 77 FD FE F4 70 97 BF 10 1D BF FF | T:861063 RPD:1
[CH: 50] LEN: 12 | HEX: F1 77 FC F2 FE 74 97 DD C5 DB BD FE | T:861075 RPD:1
[CH: 50] LEN: 12 | HEX: F9 77 DE F9 FE 77 97 FA F2 59 AF FF | T:861075 RPD:0
[CH: 50] LEN: 12 | HEX: F5 77 DC FE EE 70 97 DD 10 1D BF FA | T:861086 RPD:1
[CH: 50] LEN: 12 | HEX: F1 77 BB F1 FE 77 97 FE B2 59 AE FF | T:861087 RPD:0
[CH: 50] LEN: 12 | HEX: F1 7F B5 F8 FE 76 97 FE 6F 38 BF FF | T:861098 RPD:1
[CH: 50] LEN: 12 | HEX: F9 77 FE FD FE 73 97 EE A7 9F 3F FF | T:861109 RPD:1
[CH: 50] LEN: 12 | HEX: F1 77 FD F3 FE 75 97 DD 58 BA BD 7F | T:861109 RPD:0
[CH: 50] LEN: 12 | HEX: F9 77 BD F8 FE 76 97 FE EF 38 BF FF | T:861121 RPD:1
[CH: 50] LEN: 12 | HEX: F1 77 BD FD F6 73 97 FE A7 9F BD FF | T:861121 RPD:0
[CH: 50] LEN: 12 | HEX: E9 77 FC FB AC 75 97 FE 98 BA AF 6F | T:861132 RPD:1
[CH: 50] LEN: 12 | HEX: F1 77 BE F8 FE 76 97 FC EF 38 AB DA | T:861133 RPD:0
[CH: 50] LEN: 12 | HEX: F1 77 BE F7 F5 79 97 DD 26 F0 BF FF | T:861144 RPD:1
[CH: 50] LEN: 12 | HEX: F9 77 AF F7 FC 75 97 BA D8 BA BF FF | T:861155 RPD:1
[CH: 50] LEN: 12 | HEX: F9 77 FD FA FE 74 97 FE C5 DB BF F5 | T:861155 RPD:0
[CH: 50] LEN: 12 | HEX: F1 77 F9 F7 FA 79 97 F5 26 E0 AD FF | T:861167 RPD:1
[CH: 50] LEN: 12 | HEX: F9 77 FD EE F6 74 97 FB 45 DB BF EF | T:861167 RPD:0
[CH: 50] LEN: 12 | HEX: F9 77 FB F9 FE 77 97 BA F2 59 BB FE | T:861178 RPD:1
[CH: 50] LEN: 12 | HEX: F1 77 BB FE FE 70 97 AF 10 1D BF FE | T:861178 RPD:0
[CH: 50] LEN: 12 | HEX: F9 77 FE FD FE 73 97 FD 27 9F BF 7F | T:861190 RPD:1
[CH: 50] LEN: 12 | HEX: F1 77 FD FA FA 74 97 FA 45 DB AF FF | T:861201 RPD:1
[CH: 50] LEN: 12 | HEX: F1 77 ED F1 F6 77 97 DE F2 59 AF FF | T:861201 RPD:0
[CH: 50] LEN: 12 | HEX: F1 77 FA FE FA 70 97 BA 10 1F B7 DD | T:861213 RPD:1
[CH: 50] LEN: 12 | HEX: F9 77 BA F1 FE 77 97 FD 72 59 BF E4 | T:861213 RPD:0
[CH: 50] LEN: 12 | HEX: F1 77 FD F0 FE 76 97 FD 6F 38 BA BB | T:861224 RPD:1
[CH: 50] LEN: 12 | HEX: F1 77 BD F9 DC 73 97 AE A7 9F 65 BE | T:861235 RPD:1
[CH: 50] LEN: 12 | HEX: F1 77 BF F3 FE 75 97 7A D8 BA BF FF | T:861236 RPD:1
[CH: 50] LEN: 12 | HEX: F9 77 DD F8 FC 76 97 FA EF 38 BF BE | T:861247 RPD:1
[CH: 50] LEN: 12 | HEX: F9 77 F4 FD FE 73 97 FD 27 1F AF 2F | T:861247 RPD:0
[CH: 50] LEN: 12 | HEX: F9 77 F4 FB FD 75 97 FA D8 BA AF FF | T:861259 RPD:1
[CH: 50] LEN: 12 | HEX: F9 77 FB F0 FE 76 97 F5 6F 38 AF FF | T:861259 RPD:0
[CH: 50] LEN: 12 | HEX: F9 77 F5 F7 FA 79 97 FA A6 F0 BE FF | T:861270 RPD:1
[CH: 50] LEN: 12 | HEX: F9 77 F4 F3 DD 75 97 FB D8 BA B7 FF | T:861281 RPD:1
[CH: 50] LEN: 12 | HEX: F9 77 FA EA FA 74 97 BD 45 DB BD FF | T:861282 RPD:0
[CH: 50] LEN: 12 | HEX: F1 77 FA F7 BB 79 97 F5 26 F0 BD DD | T:861293 RPD:1
[CH: 50] LEN: 12 | HEX: ED 77 B9 F2 FA 74 97 BD 45 DB FF FA | T:861293 RPD:0
[CH: 50] LEN: 12 | HEX: F1 77 FD F1 FE 77 97 BB F2 59 BF FF | T:861305 RPD:1
[CH: 50] LEN: 12 | HEX: F9 77 AD FE EE 70 97 FB 10 1D BE FF | T:861305 RPD:0
[CH: 50] LEN: 12 | HEX: F1 77 DC FB EE 73 97 F5 A7 1F B5 DF | T:861316 RPD:1
[CH: 50] LEN: 12 | HEX: F9 77 FA F9 FE 77 97 BF F2 59 BF FE | T:861327 RPD:1
[CH: 50] LEN: 12 | HEX: F9 77 FF F8 FD 76 97 FD EF 38 BE DF | T:861328 RPD:0
[CH: 50] LEN: 12 | HEX: F9 77 AD FA FE 70 97 AF 10 1D AE F7 | T:861339 RPD:1
[CH: 50] LEN: 12 | HEX: F9 77 FA F1 FE 77 97 FD 72 59 AD FB | T:861339 RPD:0
[CH: 50] LEN: 12 | HEX: F5 77 BB F8 F6 76 97 FD 6E 38 BD BF | T:861351 RPD:1
[CH: 50] LEN: 12 | HEX: F5 77 FC FD FE 73 97 AF 27 9E BF FF | T:861362 RPD:1
[CH: 50] LEN: 12 | HEX: F1 77 FE FB FD 75 97 AD D8 BA BD FE | T:861362 RPD:0
[CH: 50] LEN: 12 | HEX: F9 77 FD F8 FE 76 97 FD 6F 38 AD BF | T:861373 RPD:1
[CH: 50] LEN: 12 | HEX: F9 77 DC F3 FE 75 97 FA D8 BA AF FF | T:861374 RPD:1
[CH: 50] LEN: 12 | HEX: F1 77 FE F2 FA 7C 97 BE 45 DB BF FA | T:861385 RPD:1
[CH: 50] LEN: 12 | HEX: F5 77 FF F8 FE 76 97 AD EE 38 AF FF | T:861385 RPD:0
[CH: 50] LEN: 12 | HEX: F1 77 BE F7 BD 79 97 F5 26 F0 AB FF | T:861396 RPD:1
[CH: 50] LEN: 12 | HEX: F1 77 DE F3 FF 75 97 DA D8 BA BF FD | T:861408 RPD:1
[CH: 50] LEN: 12 | HEX: F1 77 FD EA FD 74 97 5E 45 DB AF 75 | T:861408 RPD:0
[CH: 50] LEN: 12 | HEX: ED 77 FA F7 FD 79 97 AF 26 F0 AF F7 | T:861419 RPD:1
[CH: 50] LEN: 12 | HEX: E9 77 BC EE EE 7C 97 FA 45 DB BF DE | T:861420 RPD:0
[CH: 50] LEN: 12 | HEX: F5 77 FA F1 FE 77 97 BB F2 59 AF FB | T:861431 RPD:1
[CH: 50] LEN: 12 | HEX: F1 77 FA FA F6 70 97 FA 10 1D AF BF | T:861431 RPD:0
[CH: 50] LEN: 12 | HEX: F9 77 FA E9 F6 73 97 B5 27 9D FF FF | T:861442 RPD:1
[CH: 50] LEN: 12 | HEX: F9 77 AD F1 FA 77 97 DA F2 59 AF FF | T:861454 RPD:1
[CH: 50] LEN: 12 | HEX: F9 77 FE F4 F6 76 97 FA 6F 38 B5 BF | T:861454 RPD:0
[CH: 50] LEN: 12 | HEX: F9 77 FF FD FE 73 97 FE E7 9F 6E BF | T:861465 RPD:1
[CH: 50] LEN: 12 | HEX: F9 77 FF F1 FE 77 97 FE F2 59 AB FF | T:861466 RPD:0
[CH: 50] LEN: 12 | HEX: F9 77 74 F0 FE 76 97 BD 6F 38 BE FF | T:861477 RPD:1
[CH: 50] LEN: 12 | HEX: F9 77 BE F9 D4 73 97 5E A7 9E FF FB | T:861477 RPD:0
[CH: 50] LEN: 12 | HEX: F9 77 FE FB FE 75 97 DD D8 BA BF FF | T:861488 RPD:1
[CH: 50] LEN: 12 | HEX: F1 77 FA F0 FE 76 97 F5 6E 38 AF 7F | T:861500 RPD:1
[CH: 50] LEN: 12 | HEX: F1 77 FA F7 5A 79 97 FD 26 F0 BE FF | T:861500 RPD:0
[CH: 50] LEN: 12 | HEX: F9 77 FA FB FE 75 97 FE 98 BA BF FF | T:861511 RPD:1
[CH: 50] LEN: 12 | HEX: F1 77 BD F7 FA 79 97 DA 26 E0 BA FE | T:861512 RPD:1
[CH: 50] LEN: 12 | HEX: F9 77 B5 FA FE 70 97 FD 90 1D BF FD | T:861523 RPD:1
[CH: 50] LEN: 12 | HEX: F9 77 BB FB EE 75 97 AD 58 BA BF FF | T:861534 RPD:1
[CH: 50] LEN: 12 | HEX: F9 77 FA FA FE 74 97 FD 45 DB BF BE | T:861534 RPD:0
[CH: 50] LEN: 12 | HEX: F1 77 BA F7 BA 79 97 FD 26 F0 B7 7F | T:861546 RPD:1
[CH: 50] LEN: 12 | HEX: F1 77 BE FA FE 74 97 FA 45 DB BB FE | T:861546 RPD:0
[CH: 50] LEN: 12 | HEX: F1 77 BC F9 FE 77 97 FA F2 59 BF FE | T:861557 RPD:1
[CH: 50] LEN: 12 | HEX: F9 77 FA FE FE 70 97 FD 10 1D AF FF | T:861558 RPD:0
[CH: 50] LEN: 12 | HEX: F9 77 FD FD FE 73 97 DD 27 9E BD BE | T:861569 RPD:1
[CH: 50] LEN: 12 | HEX: F9 77 BD F9 F6 77 97 FD F2 59 B7 FD | T:861580 RPD:1
[CH: 50] LEN: 12 | HEX: ED 77 FA F0 FE 76 97 BF 6F 3A BD FF | T:861580 RPD:0
[CH: 50] LEN: 12 | HEX: F9 77 FD FB FE 73 97 DF 67 9F AF FF | T:861592 RPD:1
[CH: 50] LEN: 12 | HEX: F1 77 DC F4 FE 76 97 FA 6F 38 AA FF | T:861592 RPD:0
[CH: 50] LEN: 12 | HEX: F9 77 D4 E7 FD 79 97 DD 26 F0 AE DD | T:861603 RPD:1
[CH: 50] LEN: 12 | HEX: F1 77 FD F5 FE 73 97 FB A7 9F BF B7 | T:861603 RPD:0
[CH: 50] LEN: 12 | HEX: F9 77 FD FF FA 75 97 FD 58 BA AE F7 | T:861615 RPD:1
[CH: 50] LEN: 12 | HEX: F9 77 FA F8 FE 7E 97 BD 6F 38 AF FF | T:861626 RPD:1
[CH: 50] LEN: 12 | HEX: F9 77 FD F7 FE 79 97 FA A6 F0 AF FA | T:861626 RPD:0
[CH: 50] LEN: 12 | HEX: F9 77 FD FB FD 75 97 BD 58 BA BF FF | T:861638 RPD:1
[CH: 50] LEN: 12 | HEX: F1 77 DD E7 BA 79 97 DF 26 F0 AF 6F | T:861638 RPD:0
[CH: 50] LEN: 12 | HEX: F9 77 5E FE EA 70 97 FB 10 1D B7 FE | T:861649 RPD:1
[CH: 50] LEN: 12 | HEX: F1 77 BA F2 FC 74 97 FA 45 DB AF FF | T:861660 RPD:1
[CH: 50] LEN: 12 | HEX: F9 77 FA F9 FE 77 97 FA F2 59 AF FF | T:861661 RPD:0
[CH: 50] LEN: 12 | HEX: E9 77 EE F7 FA 79 97 BA 26 F0 AF EF | T:861672 RPD:1
[CH: 50] LEN: 12 | HEX: F9 77 FB FA FE 74 97 FE C5 DB BF FF | T:861672 RPD:0
[CH: 50] LEN: 12 | HEX: F9 77 FD F9 FE 77 97 FB F2 59 BF BF | T:861684 RPD:1
[CH: 50] LEN: 12 | HEX: F1 77 AA FE FE 70 97 F7 10 1D AE FF | T:861684 RPD:0
[CH: 50] LEN: 12 | HEX: F1 77 FD F5 FC 73 D7 FE E7 9F BE FF | T:861695 RPD:1
[CH: 50] LEN: 12 | HEX: F9 77 FA F1 FE 77 97 FE F2 59 BB FE | T:861706 RPD:1
[CH: 50] LEN: 12 | HEX: F1 77 FD F0 FA 76 97 FA 6F 38 BF D6 | T:861707 RPD:0
[CH: 50] LEN: 12 | HEX: F1 77 DF F5 FE 73 97 DF 27 9E BF FF | T:861718 RPD:1
[CH: 50] LEN: 12 | HEX: F9 77 FD F8 FA 76 97 FD EF 38 B7 EF | T:861718 RPD:0
[CH: 50] LEN: 12 | HEX: F1 77 FE F7 DF 79 97 FA 26 F0 BF FE | T:861730 RPD:1
[CH: 50] LEN: 12 | HEX: F9 77 FD FD EE 73 97 BD A7 9E BF BD | T:861730 RPD:0
[CH: 50] LEN: 12 | HEX: F1 77 BA FA FE 74 97 BF 45 DB BF DF | T:861741 RPD:1
[CH: 50] LEN: 12 | HEX: F9 77 BD E8 FE 76 97 BA 6F 38 BF EF | T:861752 RPD:1
[CH: 50] LEN: 12 | HEX: F9 77 FA F7 FA 79 97 BD 26 F0 AF FE | T:861753 RPD:0
[CH: 50] LEN: 12 | HEX: F9 77 FE FB FD 75 97 FA D8 BA AF FE | T:861764 RPD:1
[CH: 50] LEN: 12 | HEX: F9 77 FE F7 FD 79 97 FD A6 F0 BE FE | T:861764 RPD:0
[CH: 50] LEN: 12 | HEX: F1 77 FC FE F6 70 97 DD 10 1D AF FF | T:861776 RPD:1
[CH: 50] LEN: 12 | HEX: F1 77 BE FA F6 74 97 BE 45 DB B6 FE | T:861787 RPD:1
[CH: 50] LEN: 12 | HEX: F1 77 AC F9 FC 77 97 FA F2 59 AF FF | T:861787 RPD:0
[CH: 50] LEN: 12 | HEX: F1 77 DD FE FE 70 97 FD 10 1D B7 7B | T:861798 RPD:1
[CH: 50] LEN: 12 | HEX: F9 77 BC FA FA 74 97 BF 45 DB AF FE | T:861799 RPD:0
[CH: 50] LEN: 12 | HEX: F1 7F FE F5 FB 77 97 F5 F2 59 BF FD | T:861810 RPD:1
[CH: 50] LEN: 12 | HEX: F9 77 7C F3 FC F5 97 B7 D8 BA AE BB | T:861810 RPD:0
[CH: 50] LEN: 12 | HEX: F9 77 5E F6 FE 74 97 F5 45 DB B6 BB | T:861822 RPD:1
[CH: 50] LEN: 12 | HEX: E9 77 7E F5 EC 77 17 FA F2 59 AF FF | T:861833 RPD:1
[CH: 50] LEN: 12 | HEX: F9 77 FB F0 F4 76 97 FD 6F 38 BB EF | T:861833 RPD:0
[CH: 50] LEN: 12 | HEX: E9 77 F9 FD FC 73 97 BF A7 1E BB 6A | T:861844 RPD:1
[CH: 50] LEN: 12 | HEX: F9 77 FD F0 FC 76 97 F5 6F 38 BF FF | T:861845 RPD:0
[CH: 50] LEN: 12 | HEX: F1 77 FF F7 FE 79 97 5B 26 F0 BF DF | T:861856 RPD:1
[CH: 50] LEN: 12 | HEX: F9 77 BA FB FD 75 97 BF D8 BA BF 7E | T:861856 RPD:0
[CH: 50] LEN: 12 | HEX: F9 77 FA F2 FE 74 97 F5 45 DB BF 5F | T:861867 RPD:1
[CH: 50] LEN: 12 | HEX: F1 77 AD E8 F6 76 97 B9 6F 38 BE FF | T:861879 RPD:1
[CH: 50] LEN: 12 | HEX: F9 77 FD F7 DC 79 97 FF 26 F0 AB BE | T:861879 RPD:0
[CH: 50] LEN: 12 | HEX: F9 77 FD FB FC 75 97 BF D8 BA AF FF | T:861890 RPD:1
[CH: 50] LEN: 12 | HEX: F9 77 FB F7 AC 79 97 FD 26 E0 BD EF | T:861891 RPD:0
[CH: 50] LEN: 12 | HEX: F9 77 BE FA FE 70 97 FD 10 1D BF F8 | T:861902 RPD:1
[CH: 50] LEN: 12 | HEX: F9 77 FD FA FE 74 97 FD 45 DB BF BD | T:861902 RPD:0
[CH: 50] LEN: 12 | HEX: F9 77 FD ED FA 7F 97 FA F2 59 BF FF | T:861913 RPD:1
[CH: 50] LEN: 12 | HEX: F9 77 FD F6 FE 70 97 F5 10 1D BF F7 | T:861925 RPD:1
[CH: 50] LEN: 12 | HEX: F1 77 FA FD FE 73 97 F5 A7 9F BB FF | T:861925 RPD:0
[CH: 50] LEN: 12 | HEX: F1 77 BC F1 DE 77 97 AF F6 59 BF FF | T:861936 RPD:1
[CH: 50] LEN: 12 | HEX: F5 77 DE FA FE 70 97 DD 10 1D BF FF | T:861937 RPD:0
[CH: 50] LEN: 12 | HEX: E9 77 FF FD FE 73 97 FA A7 1F 2F FF | T:861948 RPD:1
[CH: 50] LEN: 12 | HEX: F1 77 FD F9 EE 77 97 FE B2 59 BF FB | T:861959 RPD:1
[CH: 50] LEN: 12 | HEX: F9 77 BC F8 FA 76 97 5F 6F 38 BF FF | T:861959 RPD:0
[CH: 50] LEN: 12 | HEX: F1 77 B4 FD FE 73 97 AF A7 9D 2F FE | T:861971 RPD:1
[CH: 50] LEN: 12 | HEX: F9 77 FD F0 FE 76 97 FB 6F 38 BF FB | T:861971 RPD:0
[CH: 50] LEN: 12 | HEX: F9 77 BD F7 FA 79 97 FA 26 F0 BF FA | T:861982 RPD:1
[CH: 50] LEN: 12 | HEX: F1 77 BD EB FD 75 97 FA D8 BA BA DD | T:861983 RPD:0
[CH: 50] LEN: 12 | HEX: F5 77 5E F2 FE 74 97 FA 45 DB AD 7F | T:861994 RPD:1
[CH: 50] LEN: 12 | HEX: F9 77 BA EA FE 70 97 BA 10 1D B5 FF | T:862005 RPD:1
[CH: 50] LEN: 12 | HEX: F1 77 FD F5 EE 73 97 FA A7 1E BE EF | T:862005 RPD:0
[CH: 50] LEN: 12 | HEX: F1 77 FA F3 FA 75 97 BD D8 BA BF EB | T:862017 RPD:1
[CH: 50] LEN: 12 | HEX: F9 77 FA F7 F9 71 97 FD 26 F0 AE FE | T:862017 RPD:0
[CH: 50] LEN: 12 | HEX: F9 77 F9 EC FC 70 97 FA 10 1D AB FF | T:862028 RPD:1
[CH: 50] LEN: 12 | HEX: F1 77 FA F6 FD 74 97 BE 45 DB BF BF | T:862029 RPD:0
[CH: 50] LEN: 12 | HEX: F1 77 FD F9 FE 77 97 FA F2 59 BD FF | T:862040 RPD:1
[CH: 50] LEN: 12 | HEX: F1 77 FD FE FE 70 97 FD 10 1D BF FD | T:862051 RPD:1
[CH: 50] LEN: 12 | HEX: F9 77 ED F5 FE 73 97 DF A7 9D BE FF | T:862051 RPD:1
[CH: 50] LEN: 12 | HEX: F9 77 FA F9 FE 77 97 BF F2 59 BF FF | T:862063 RPD:1
[CH: 50] LEN: 12 | HEX: F5 77 BA F5 FC 73 97 FA A7 1F BD DF | T:862063 RPD:0
[CH: 50] LEN: 12 | HEX: E9 77 AA EB FB 75 97 F7 D8 BA BB EF | T:862074 RPD:1
[CH: 50] LEN: 12 | HEX: F9 77 FC F9 DE 77 97 FE F2 59 BB FD | T:862086 RPD:1
[CH: 50] LEN: 12 | HEX: F9 77 BD F0 F4 76 97 FA 6F 38 AF BF | T:862086 RPD:0
[CH: 50] LEN: 12 | HEX: F1 77 BD FD FE 73 D7 FA A7 9E BD EF | T:862097 RPD:1
[CH: 50] LEN: 12 | HEX: F9 77 FA F8 FE 76 97 FA 6F 38 AF 7F | T:862097 RPD:0
[CH: 50] LEN: 12 | HEX: F9 77 FC E7 FD 71 97 FD 26 F0 BB D7 | T:862109 RPD:1
[CH: 50] LEN: 12 | HEX: F9 77 DA F3 FF 75 97 FF D8 BA BF FD | T:862109 RPD:0
[CH: 50] LEN: 12 | HEX: F1 77 FD FA F4 74 97 FD 45 DB BD EE | T:862120 RPD:1
[CH: 50] LEN: 12 | HEX: F1 77 F9 F7 F9 71 97 BA 26 F0 BE F7 | T:862132 RPD:1
[CH: 50] LEN: 12 | HEX: F5 77 DE FA FE 70 97 DE 90 1D AF BF | T:862132 RPD:0
[CH: 50] LEN: 12 | HEX: F1 77 F8 F2 F6 74 97 5B 45 DB BF FF | T:862143 RPD:1
[CH: 50] LEN: 12 | HEX: F1 77 BD F7 DC 79 97 FD 26 F0 BB FE | T:862143 RPD:0
[CH: 50] LEN: 12 | HEX: F9 77 B5 F6 F5 70 97 FD 10 1D BD DB | T:862155 RPD:1
[CH: 50] LEN: 12 | HEX: F1 77 BA F2 F6 74 97 FA 45 DB AF EB | T:862155 RPD:0
[CH: 50] LEN: 12 | HEX: F9 77 BC F1 F6 77 97 AF F2 59 BF FD | T:862166 RPD:1
[CH: 50] LEN: 12 | HEX: F1 77 BA FE F6 70 97 FA 10 1D BF F7 | T:862177 RPD:1
[CH: 50] LEN: 12 | HEX: F1 77 BA FD EE 73 97 FD 27 9F BF FF | T:862178 RPD:0
[CH: 50] LEN: 12 | HEX: F9 77 BE F9 FE 77 97 DD 72 59 AF 7F | T:862189 RPD:1
[CH: 50] LEN: 12 | HEX: F1 77 BA F5 FE 73 97 BD A7 1F BE EF | T:862189 RPD:0
[CH: 50] LEN: 12 | HEX: F9 77 DF FB FE 75 97 FA 98 BA BF FF | T:862201 RPD:1
[CH: 50] LEN: 12 | HEX: F9 77 FD F0 FA 76 97 FD 6F 38 BF BF | T:862212 RPD:1
[CH: 50] LEN: 12 | HEX: ED 77 F4 F7 7A 71 97 FB 26 F0 BE FD | T:862212 RPD:0
[CH: 50] LEN: 12 | HEX: E9 77 FC FD FE 73 97 7A A7 9F BB FB | T:862223 RPD:1
[CH: 50] LEN: 12 | HEX: F9 77 FA F8 F6 76 97 FA 6F 38 BA FB | T:862224 RPD:0
[CH: 50] LEN: 12 | HEX: F9 77 FF F7 DA 79 97 FD 26 F0 BF FE | T:862235 RPD:1
[CH: 50] LEN: 12 | HEX: F9 77 DD FB FE 75 97 FD D8 BA BE F7 | T:862235 RPD:0
[CH: 50] LEN: 12 | HEX: F1 77 BA EE FE 74 97 ED 45 DB EF FD | T:862247 RPD:1
[CH: 50] LEN: 12 | HEX: F9 77 FD F7 BC 71 97 BB 26 F0 BF 7D | T:862258 RPD:1
[CH: 50] LEN: 12 | HEX: F9 77 B4 FE FA 70 97 7F 10 1D B7 FF | T:862258 RPD:1
[CH: 50] LEN: 12 | HEX: F1 77 BB FA F6 74 97 BD 45 DB BF FF | T:862269 RPD:1
[CH: 50] LEN: 12 | HEX: F1 77 76 F7 DD 79 97 BD 26 F0 BD 7D | T:862270 RPD:0
[CH: 50] LEN: 12 | HEX: F9 77 5E F5 FE 70 97 FD 10 1D BD FF | T:862281 RPD:1
[CH: 50] LEN: 12 | HEX: F9 77 DB F1 F4 77 97 FA F2 59 AF FF | T:862281 RPD:0
[CH: 50] LEN: 12 | HEX: F1 77 74 F0 FE 76 97 FD 6F 38 BF FF | T:862293 RPD:1
[CH: 50] LEN: 12 | HEX: F1 77 FF FE FE 70 97 5E 10 1D BD F5 | T:862304 RPD:1
[CH: 50] LEN: 12 | HEX: F9 77 BA FD F6 73 97 FA A7 9E FD FF | T:862304 RPD:0
[CH: 50] LEN: 12 | HEX: F1 77 FA F9 FE 7F 97 BD 72 59 BB FF | T:862315 RPD:1
[CH: 50] LEN: 12 | HEX: F9 7F 54 F5 EE 73 97 DF A7 9E BB BF | T:862316 RPD:0
[CH: 50] LEN: 12 | HEX: F9 77 BC F3 BC 75 97 AD 58 BE BF FF | T:862327 RPD:1
[CH: 50] LEN: 12 | HEX: F1 77 F5 F0 F4 76 97 5F 6F 38 BD FF | T:862327 RPD:0
[CH: 50] LEN: 12 | HEX: F9 77 BA F7 FA 79 97 FA 26 F0 BF FF | T:862339 RPD:1
[CH: 50] LEN: 12 | HEX: E9 77 BA F3 EB 75 97 DD 58 BA AF FF | T:862350 RPD:1
[CH: 50] LEN: 12 | HEX: F9 77 FD FA FE 74 97 FF C5 DB AB FF | T:862350 RPD:0
[CH: 50] LEN: 12 | HEX: F9 77 F8 F8 F6 76 97 BA 6F 38 BB BE | T:862361 RPD:1
[CH: 50] LEN: 12 | HEX: F9 77 FC F3 FE 75 97 BF D8 BA BF F7 | T:862362 RPD:0
[CH: 50] LEN: 12 | HEX: F9 77 FF FA FE 74 97 FD 45 DB BD FB | T:862373 RPD:1
[CH: 50] LEN: 12 | HEX: F1 7F FC F7 BD 79 97 FB 26 F0 BF FF | T:862384 RPD:1
[CH: 50] LEN: 12 | HEX: F9 77 BB F4 FE 70 97 AF 10 1D BF FF | T:862384 RPD:0
[CH: 50] LEN: 12 | HEX: F9 7F FB EE FA 74 97 FA 45 DB BF FF | T:862396 RPD:1
[CH: 50] LEN: 12 | HEX: F9 77 FF FA FE 70 97 FD 10 1D BD FF | T:862396 RPD:1
[CH: 50] LEN: 12 | HEX: F1 77 FD FD FC 73 97 FD 27 9F FD DA | T:862407 RPD:1
[CH: 50] LEN: 12 | HEX: F9 77 FD F2 FE 74 97 FE C5 DB EF FD | T:862408 RPD:0
[CH: 50] LEN: 12 | HEX: F9 77 FA F9 EE 77 97 F5 F2 59 BF BF | T:862419 RPD:1
[CH: 50] LEN: 12 | HEX: F9 77 AA F6 F6 70 97 DD 10 1D BB FB | T:862430 RPD:1
[CH: 50] LEN: 12 | HEX: F9 77 FA FD FD 73 97 BF A7 9F BB FD | T:862430 RPD:0
[CH: 50] LEN: 12 | HEX: F1 77 6E E9 FE 77 17 FA F2 59 BF FD | T:862442 RPD:1
[CH: 50] LEN: 12 | HEX: F9 77 BA F5 EA 73 97 77 A7 9F BF 6D | T:862442 RPD:0
[CH: 50] LEN: 12 | HEX: F9 77 FC F7 FD 75 97 B5 D8 BA AF 54 | T:862453 RPD:1
[CH: 50] LEN: 12 | HEX: F9 77 BC FA FE 76 97 F5 6F 38 AF F7 | T:862454 RPD:0
[CH: 50] LEN: 12 | HEX: F1 77 FA F7 FA 79 97 FE A6 F0 AF BF | T:862465 RPD:1
[CH: 50] LEN: 12 | HEX: F1 77 BD FB D5 75 97 7A 98 BA B7 FF | T:862476 RPD:1
[CH: 50] LEN: 12 | HEX: F1 77 AA FA FA 74 97 BD 45 DB BF EF | T:862476 RPD:0
[CH: 50] LEN: 12 | HEX: F1 77 FA F7 FB 71 97 FE A6 F0 AF BE | T:862488 RPD:1
[CH: 50] LEN: 12 | HEX: F9 77 AD FB EC 75 97 BA D8 BA BF DF | T:862488 RPD:0
[CH: 50] LEN: 12 | HEX: F9 77 AE F2 FE 74 97 FA 45 DB BB FE | T:862499 RPD:1
[CH: 50] LEN: 12 | HEX: F1 77 FA E7 B4 79 97 FD A6 F0 BD FB | T:862511 RPD:1
[CH: 50] LEN: 12 | HEX: F9 77 FD F6 F6 70 97 FD 10 1D BD 6F | T:862511 RPD:0
[CH: 50] LEN: 12 | HEX: F1 77 FA F1 F4 77 97 BD FA 59 BF D2 | T:862522 RPD:1
[CH: 50] LEN: 12 | HEX: F1 77 FD FE FE 70 97 BC 10 1D AF 75 | T:862522 RPD:0
[CH: 50] LEN: 12 | HEX: F5 77 FA FD FC 73 97 FD 27 9F 3F EF | T:862534 RPD:1
[CH: 50] LEN: 12 | HEX: F9 77 AA F9 FE 77 97 ED F2 59 BF BE | T:862534 RPD:1
[CH: 50] LEN: 12 | HEX: F9 77 FD F8 FA 76 97 FA 6F 38 BF E6 | T:862545 RPD:1
[CH: 50] LEN: 12 | HEX: F9 77 FA F6 FE 70 97 DD 10 1D AF DF | T:862557 RPD:1
[CH: 50] LEN: 12 | HEX: F1 77 DD FF FE 73 97 FD 27 9F 6F AF | T:862557 RPD:0
[CH: 50] LEN: 12 | HEX: FD 77 FA F9 FC 77 97 DF F2 59 B5 D6 | T:862568 RPD:1
[CH: 50] LEN: 12 | HEX: F9 77 BD FD EA 73 97 F5 A7 1E AF FF | T:862568 RPD:0
[CH: 50] LEN: 12 | HEX: F1 77 BD EF BC 75 97 FA D8 BA AD BB | T:862580 RPD:1
[CH: 50] LEN: 12 | HEX: F9 77 FB F8 FE 76 97 BD 6F 38 BE FD | T:862580 RPD:0
[CH: 50] LEN: 12 | HEX: F1 77 F5 F7 DE 79 97 FA 26 F0 BA FF | T:862591 RPD:1
[CH: 50] LEN: 12 | HEX: F5 77 7A F3 FA 75 97 B5 D8 BA BB FA | T:862603 RPD:1
[CH: 50] LEN: 12 | HEX: F1 77 FD F6 FE 74 97 FD C5 DB BB FF | T:862603 RPD:0
[CH: 50] LEN: 12 | HEX: F1 77 FD F7 BD 79 97 DA 26 F0 AF FF | T:862614 RPD:1
[CH: 50] LEN: 12 | HEX: F1 77 F4 F3 FD 75 97 F5 D8 BA AF FB | T:862614 RPD:0
[CH: 50] LEN: 12 | HEX: F1 77 AE FA F6 74 97 F5 45 DB BF DF | T:862626 RPD:1
[CH: 50] LEN: 12 | HEX: F1 77 BE E7 BE 79 97 FA 26 F0 AD F7 | T:862637 RPD:1
[CH: 50] LEN: 12 | HEX: F1 77 AE FA FE 70 97 FD 10 1D AE FE | T:862637 RPD:0
[CH: 50] LEN: 12 | HEX: F1 77 FA FA FE 74 97 BA 45 DB BF F6 | T:862648 RPD:1
[CH: 50] LEN: 12 | HEX: F9 77 FA FE EE 70 97 BD 10 1D B7 F6 | T:862649 RPD:0
[CH: 50] LEN: 12 | HEX: F1 77 74 FD EC 73 97 FD A7 1F AF FF | T:862660 RPD:1
[CH: 50] LEN: 12 | HEX: F1 77 FB F1 EE 77 17 F5 F2 59 BF FD | T:862660 RPD:0
[CH: 50] LEN: 12 | HEX: F9 77 BA F0 FE 76 97 FC EF 38 BF DF | T:862672 RPD:1
[CH: 50] LEN: 12 | HEX: F9 77 B6 F5 FC 73 97 B7 A7 9E BE FF | T:862683 RPD:1
[CH: 50] LEN: 12 | HEX: F9 77 FD F3 F6 75 97 FB D8 BA BF FD | T:862683 RPD:0
[CH: 50] LEN: 12 | HEX: F9 77 B4 F1 DC 77 17 F5 F2 59 AF D3 | T:862694 RPD:1
[CH: 50] LEN: 12 | HEX: F1 77 FD F5 EA 73 97 FD 27 9F B7 FE | T:862695 RPD:0
[CH: 50] LEN: 12 | HEX: F1 77 FD EB FC 75 97 FA D8 BE BF FF | T:862706 RPD:1
[CH: 50] LEN: 12 | HEX: F9 77 BA F8 FE 76 97 DA EF 38 BF FF | T:862706 RPD:0
[CH: 50] LEN: 12 | HEX: F9 77 FD F4 FD 70 97 FD 10 1D AF FD | T:862718 RPD:1
[CH: 50] LEN: 12 | HEX: F1 77 D4 FB FC 75 97 DA D8 BA BB FF | T:862729 RPD:1
[CH: 50] LEN: 12 | HEX: F9 77 D6 F9 EE 77 97 FE EA 59 BF EA | T:862729 RPD:0
[CH: 50] LEN: 12 | HEX: F1 77 BA F7 DE 71 97 FA A6 F0 BD FD | T:862740 RPD:1
[CH: 50] LEN: 12 | HEX: F9 77 FA FA FE 74 97 FA 45 DB AF D7 | T:862741 RPD:0
[CH: 50] LEN: 12 | HEX: F1 77 DD F9 F6 77 97 FD 72 59 BF FF | T:862752 RPD:1
[CH: 50] LEN: 12 | HEX: F9 77 AE E7 AD 79 97 FE A6 F0 AB BF | T:862752 RPD:0
[CH: 50] LEN: 12 | HEX: F5 77 FD F6 FE 70 97 FA 10 1D AF 77 | T:862764 RPD:1
[CH: 50] LEN: 12 | HEX: F1 77 FD EE FE 74 97 FE 45 DB BF 6D | T:862775 RPD:1
[CH: 50] LEN: 12 | HEX: F9 77 7C F9 FE 77 17 BB F2 59 BE EA | T:862775 RPD:0
[CH: 50] LEN: 12 | HEX: F9 77 FF FE FE 70 97 FC 10 1D AF F7 | T:862786 RPD:1
[CH: 50] LEN: 12 | HEX: F1 77 FC E9 FA 77 97 F5 72 59 B5 FF | T:862787 RPD:0
[CH: 50] LEN: 12 | HEX: F1 77 FD F0 FE 76 97 5A 6F 38 BF FF | T:862798 RPD:1
[CH: 50] LEN: 12 | HEX: F9 77 FB FD FD 73 97 BD A7 9F B7 DF | T:862809 RPD:1
[CH: 50] LEN: 12 | HEX: F5 77 FD FB D4 75 97 D7 D8 BA B7 BF | T:862810 RPD:0
[CH: 50] LEN: 12 | HEX: F1 77 FD EC FE 76 97 DD EF 38 BF EE | T:862821 RPD:1
[CH: 50] LEN: 12 | HEX: F9 77 FD FD FE 73 97 DE A7 9F BE FF | T:862821 RPD:0
[CH: 50] LEN: 12 | HEX: F9 77 BD FB FE 75 97 FD 58 BA A5 FD | T:862832 RPD:1
[CH: 50] LEN: 12 | HEX: F5 77 FD F0 FE 76 97 BA 6E 38 BC BE | T:862833 RPD:0
[CH: 50] LEN: 12 | HEX: F1 77 FD F7 FA 79 97 FD 26 F0 BF DF | T:862844 RPD:1
[CH: 50] LEN: 12 | HEX: F9 77 FE FB F6 75 97 BD D8 BA BF 7E | T:862855 RPD:1
[CH: 50] LEN: 12 | HEX: F9 77 FE F6 FA 74 97 5D 45 DB FB FE | T:862855 RPD:0
[CH: 50] LEN: 12 | HEX: F9 77 DB F7 FD 79 97 F5 26 F0 BD FF | T:862867 RPD:1
[CH: 50] LEN: 12 | HEX: F1 77 AE FA FE 74 97 6B 45 DB AF FF | T:862867 RPD:0
[CH: 50] LEN: 12 | HEX: F1 77 FD F1 FE 77 97 BF F2 59 B7 B7 | T:862878 RPD:1
[CH: 50] LEN: 12 | HEX: F1 77 FE FA FC 70 97 BE 10 1D AA DF | T:862879 RPD:0
[CH: 50] LEN: 12 | HEX: F9 77 FD FD FE 73 97 FA A7 9D AF D7 | T:862890 RPD:1
[CH: 50] LEN: 12 | HEX: F9 77 FB FA F4 74 97 FA 45 DB FF 7E | T:862901 RPD:1
[CH: 50] LEN: 12 | HEX: F9 77 FE F9 FE 77 97 FD 72 59 AD EF | T:862901 RPD:0
[CH: 50] LEN: 12 | HEX: F9 77 FA F5 FC 73 97 FA A7 9F BE FE | T:862913 RPD:1
[CH: 50] LEN: 12 | HEX: F9 77 FB F9 F6 77 97 FD 72 59 AA EF | T:862913 RPD:0
[CH: 50] LEN: 12 | HEX: F9 77 B4 F8 F6 76 97 FC EF 38 BF FF | T:862924 RPD:1
[CH: 50] LEN: 12 | HEX: F9 77 FA FD FE 73 97 FF A7 9F BD EF | T:862936 RPD:1
[CH: 50] LEN: 12 | HEX: F9 77 FD F3 DD 75 97 FA D8 BA B5 FB | T:862936 RPD:0
[CH: 50] LEN: 12 | HEX: F9 77 FE F0 F6 76 97 75 6F 38 BD F7 | T:862947 RPD:1
[CH: 50] LEN: 12 | HEX: F9 77 FE FB FE 75 97 DD 58 BA AB B7 | T:862947 RPD:0
[CH: 50] LEN: 12 | HEX: F1 77 FE FA FE 74 97 DE C5 DB BE BF | T:862959 RPD:1
[CH: 50] LEN: 12 | HEX: F1 77 FA F8 FE 76 97 FA EF 38 BF FF | T:862959 RPD:0
[CH: 50] LEN: 12 | HEX: F1 77 FB F7 FB 79 97 FA 26 F0 BD FF | T:862970 RPD:1
[CH: 50] LEN: 12 | HEX: F9 77 5E FB FE 75 97 FA D8 BA AF FF | T:862982 RPD:1
[CH: 50] LEN: 12 | HEX: F1 77 FD FA FE 74 97 FD 45 DB BE EB | T:862982 RPD:0
[CH: 50] LEN: 12 | HEX: F1 77 DD F7 BB 79 97 FE A6 F0 AD F7 | T:862993 RPD:1
[CH: 50] LEN: 12 | HEX: F1 77 EC FA FE 74 97 EF 45 DB BB EF | T:862993 RPD:0
[CH: 50] LEN: 12 | HEX: F9 77 BD F9 FC 77 97 FA F2 59 BF E7 | T:863005 RPD:1
[CH: 50] LEN: 12 | HEX: F9 77 FD F4 F4 70 97 FD 10 1D AF FF | T:863005 RPD:0
[CH: 50] LEN: 12 | HEX: F9 77 FA F5 FE 73 97 FE A7 9F BF FF | T:863016 RPD:1
[CH: 50] LEN: 12 | HEX: F1 77 FC F1 FE 77 97 5D F2 59 BF FF | T:863028 RPD:1
[CH: 50] LEN: 12 | HEX: F5 77 FA F8 F6 76 97 FA 6F 38 AF ED | T:863028 RPD:0
[CH: 50] LEN: 12 | HEX: E9 77 7A F4 FE 70 97 BF 10 1D B6 FB | T:863039 RPD:1
[CH: 50] LEN: 12 | HEX: F1 77 BC F9 FE 77 97 EE B2 59 BF FF | T:863039 RPD:0
[CH: 50] LEN: 12 | HEX: F9 77 FD F0 FE 76 97 FF EF 38 B7 77 | T:863051 RPD:1
[CH: 50] LEN: 12 | HEX: F9 77 BA FD F6 73 97 FD 27 9F 3D FB | T:863062 RPD:1
[CH: 50] LEN: 12 | HEX: F9 77 FE FB FD 75 97 DD 58 BA BD FF | T:863062 RPD:0
[CH: 50] LEN: 12 | HEX: F9 77 FA F8 FD 76 97 FA 6F 38 AE DF | T:863074 RPD:1
[CH: 50] LEN: 12 | HEX: F9 77 BE F3 FE 75 97 FE B8 BA BB FB | T:863074 RPD:1
[CH: 50] LEN: 12 | HEX: F1 77 AE FA EA 74 97 AE C5 DB FD BF | T:863085 RPD:1
[CH: 50] LEN: 12 | HEX: F9 77 FE F7 BD 79 97 FD A6 F0 AF B7 | T:863085 RPD:0
[CH: 50] LEN: 12 | HEX: F9 77 FD FE FE 70 97 DE 10 1D BF 7F | T:863097 RPD:1
[CH: 50] LEN: 12 | HEX: F9 77 FC FA F4 74 97 BE C5 DB BF FD | T:863108 RPD:1
[CH: 50] LEN: 12 | HEX: F1 77 BF F1 FE 77 97 BD 72 59 BD 7F | T:863108 RPD:0
[CH: 50] LEN: 12 | HEX: F1 77 D4 F7 FC 79 97 FD 26 F0 AD BF | T:863119 RPD:1
[CH: 50] LEN: 12 | HEX: F1 77 BE FA FE 74 97 FA C5 DB BF FD | T:863120 RPD:0
[CH: 50] LEN: 12 | HEX: F9 77 FD F9 FE 77 97 FD 72 59 AF 7F | T:863131 RPD:1
[CH: 50] LEN: 12 | HEX: F9 77 ED FA FA 70 97 DA 10 1D BD FB | T:863131 RPD:0
[CH: 50] LEN: 12 | HEX: F9 77 DD FB FE 75 97 D5 58 BA BF FF | T:863143 RPD:1
[CH: 50] LEN: 12 | HEX: E9 77 B9 F9 FE 77 17 BD F2 59 BF 7E | T:863154 RPD:1
[CH: 50] LEN: 12 | HEX: F9 77 BB F8 FE 76 97 FA 6F 38 BF 75 | T:863154 RPD:0
[CH: 50] LEN: 12 | HEX: F1 77 FB FD FE 73 97 FD A7 9E BF FF | T:863165 RPD:1
[CH: 50] LEN: 12 | HEX: F9 77 BC F1 F6 77 97 DE F2 59 BF EE | T:863166 RPD:0
[CH: 50] LEN: 12 | HEX: F9 77 FD F0 F6 76 97 FD 6F 38 BF 7F | T:863177 RPD:1
[CH: 50] LEN: 12 | HEX: F1 77 BC F5 FE F3 97 AD A7 9F BF FF | T:863177 RPD:0
[CH: 50] LEN: 12 | HEX: F9 77 FD FB FC 75 97 BD 58 BA BF FE | T:863189 RPD:1
[CH: 50] LEN: 12 | HEX: F9 77 B5 F0 F4 76 97 5F 6F 38 BF EB | T:863200 RPD:1
[CH: 50] LEN: 12 | HEX: F1 77 FD F7 BA 79 97 FB 26 F0 AD BE | T:863200 RPD:0
[CH: 50] LEN: 12 | HEX: F9 77 FF F7 DC 75 97 7A D8 BA AF DF | T:863211 RPD:1
[CH: 50] LEN: 12 | HEX: F1 77 FD F7 FD 79 97 FE A6 F0 BF FF | T:863212 RPD:1
[CH: 50] LEN: 12 | HEX: F9 77 FD F5 EE 73 97 7D 27 1F BB F5 | T:863223 RPD:1
[CH: 50] LEN: 12 | HEX: F5 77 AC FA FA 74 97 FC C5 DB BF DF | T:863234 RPD:1
[CH: 50] LEN: 12 | HEX: F5 77 FF F1 EA 77 97 FE F2 59 BF EE | T:863235 RPD:0
[CH: 50] LEN: 12 | HEX: F9 77 AD F7 F4 79 97 D7 26 E0 AF F7 | T:863246 RPD:1
[CH: 50] LEN: 12 | HEX: F1 77 AE F2 FE 74 97 BB 45 DB BF FF | T:863246 RPD:0
[CH: 50] LEN: 12 | HEX: F9 77 FE F9 FE 77 97 EE B2 59 BE FF | T:863257 RPD:1
[CH: 50] LEN: 12 | HEX: F9 77 F9 F4 FE 70 97 BA 90 1D AD F7 | T:863258 RPD:0
[CH: 50] LEN: 12 | HEX: F1 77 BE F9 FE 73 97 AF A7 9F 7F EE | T:863269 RPD:1
[CH: 50] LEN: 12 | HEX: F1 77 FA F1 D4 77 17 7B FA 59 B7 FF | T:863280 RPD:1
[CH: 50] LEN: 12 | HEX: F9 77 FA F8 FC 76 97 FD 6F 38 BF F7 | T:863281 RPD:1
[CH: 50] LEN: 12 | HEX: F9 77 FA F5 FC 73 97 FA A7 1E FF BB | T:863292 RPD:1
[CH: 50] LEN: 12 | HEX: E9 77 EE F9 FE 77 97 BD 72 59 BE DF | T:863292 RPD:0
[CH: 50] LEN: 12 | HEX: F1 77 FF F8 F5 76 97 BF 6F 38 BF EF | T:863303 RPD:1
[CH: 50] LEN: 12 | HEX: F9 77 FD FD FE 73 97 FF 27 9E BF FF | T:863304 RPD:0
[CH: 50] LEN: 12 | HEX: F9 77 FA F7 FE 75 97 F6 98 BA BB F7 | T:863315 RPD:1
[CH: 50] LEN: 12 | HEX: F9 77 FD F4 F5 76 97 D7 6F 38 BF DF | T:863326 RPD:1
[CH: 50] LEN: 12 | HEX: F1 77 BE F7 FA 71 97 DD 26 F0 BF FE | T:863327 RPD:0
[CH: 50] LEN: 12 | HEX: F9 77 FA F3 F6 75 97 FD 58 BA BD FF | T:863338 RPD:1
[CH: 50] LEN: 12 | HEX: F1 77 BD F7 FE 79 97 FE A6 E0 AF FF | T:863338 RPD:0
[CH: 50] LEN: 12 | HEX: F9 77 FE FE FE 70 97 FD 10 1D BF FF | T:863349 RPD:1
[CH: 50] LEN: 12 | HEX: E9 77 FA F2 FE 74 97 7F 45 DB BB FE | T:863361 RPD:1
[CH: 50] LEN: 12 | HEX: F1 77 F4 F0 F5 76 97 FD 6F 38 BF FD | T:863361 RPD:0
[CH: 50] LEN: 12 | HEX: F1 77 B8 FE FE 70 97 FD 10 1D BD ED | T:863372 RPD:1
[CH: 50] LEN: 12 | HEX: F9 77 FD F6 FE 74 97 BD 45 DB AF 5D | T:863372 RPD:0
[CH: 50] LEN: 12 | HEX: F1 77 AE F9 FE 77 97 FE B2 59 BE EE | T:863384 RPD:1
[CH: 50] LEN: 12 | HEX: F1 77 FD FE FE 70 97 FE 90 1D BF FB | T:863384 RPD:0
[CH: 50] LEN: 12 | HEX: F9 77 FA FD EE 73 97 BA A7 1E FB FF | T:863395 RPD:1
[CH: 50] LEN: 12 | HEX: F9 77 DD F9 FC 77 97 BB F2 59 BF FF | T:863407 RPD:1
[CH: 50] LEN: 12 | HEX: F1 77 FA F0 F6 76 97 FA 6F 38 BD FF | T:863407 RPD:0
[CH: 50] LEN: 12 | HEX: F5 77 FD F5 FC 73 97 FD A7 9F BF EF | T:863418 RPD:1
[CH: 50] LEN: 12 | HEX: F9 77 FD F8 FE 76 97 BB 6F 38 BF FF | T:863418 RPD:0
[CH: 50] LEN: 12 | HEX: F9 77 BC F7 FA 79 97 BB 26 F0 AF FF | T:863430 RPD:1
[CH: 50] LEN: 12 | HEX: F9 77 FD FD F4 73 97 FA A7 9F BF FF | T:863430 RPD:0
[CH: 50] LEN: 12 | HEX: F9 77 DD FB ED 75 97 BF D8 BA BF FF | T:863441 RPD:1
[CH: 50] LEN: 12 | HEX: F1 77 5E F8 FE 76 97 BF 6F 38 BD FF | T:863453 RPD:1
[CH: 50] LEN: 12 | HEX: F1 77 AC F7 F5 71 97 DE A6 F0 BF FF | T:863453 RPD:0
[CH: 50] LEN: 12 | HEX: F9 77 BE F3 AE 75 97 FD D8 BA BF FA | T:863464 RPD:1
[CH: 50] LEN: 12 | HEX: F5 77 FD F7 FB 79 97 BD 26 F0 AD 7F | T:863464 RPD:0
[CH: 50] LEN: 12 | HEX: F1 77 AF F6 F6 70 97 F5 10 1D BF F6 | T:863476 RPD:1
[CH: 50] LEN: 12 | HEX: ED 77 F5 FA FD 74 97 F5 45 DB BF FF | T:863487 RPD:1
[CH: 50] LEN: 12 | HEX: F1 77 F5 F1 DD 77 97 FA F2 59 BF D7 | T:863487 RPD:0
[CH: 50] LEN: 12 | HEX: F1 77 BA F5 F6 70 97 FC 10 1D BF BE | T:863499 RPD:1
[CH: 50] LEN: 12 | HEX: F1 77 B4 F6 FE 74 97 BF 45 DB FF 7F | T:863499 RPD:0
[CH: 50] LEN: 12 | HEX: F1 77 BE F9 FE 77 97 5A F2 59 AB FF | T:863510 RPD:1
[CH: 50] LEN: 12 | HEX: F9 77 BE FA FE 70 97 FE 90 1D BF FF | T:863510 RPD:0
[CH: 50] LEN: 12 | HEX: F9 77 BA F9 F6 73 97 FD A7 9F 6F ED | T:863522 RPD:1
[CH: 50] LEN: 12 | HEX: F9 77 FC F9 EE 77 97 BF F2 59 AF FF | T:863533 RPD:1
[CH: 50] LEN: 12 | HEX: F9 77 FA F4 FE 76 97 7B 6F 38 B7 EF | T:863533 RPD:0
[CH: 50] LEN: 12 | HEX: ED 77 DD FD FE 73 97 BA A7 9F 6D FF | T:863545 RPD:1
[CH: 50] LEN: 12 | HEX: F5 77 DE F0 FE 76 97 BF 6F 38 BD FF | T:863545 RPD:0
[CH: 50] LEN: 12 | HEX: F1 7F BD E7 F5 79 97 DC A6 E0 BF BD | T:863556 RPD:1
[CH: 50] LEN: 12 | HEX: F9 77 7C EB AD 75 97 BF D8 BA AF 7F | T:863556 RPD:0
[CH: 50] LEN: 12 | HEX: F9 77 FA F2 F4 74 97 DB 45 DB AD ED | T:863568 RPD:1
[CH: 50] LEN: 12 | HEX: F9 77 5E F8 F5 76 97 FD 6F 38 BF 7D | T:863579 RPD:1
[CH: 50] LEN: 12 | HEX: F1 77 FA F7 FC 79 97 DF 26 F0 AD FF | T:863579 RPD:0
[CH: 50] LEN: 12 | HEX: F9 77 FA F3 ED 75 97 BD D8 BA BF BF | T:863591 RPD:1
[CH: 50] LEN: 12 | HEX: F9 77 FE F7 BD 79 97 FD 26 F0 BD FF | T:863591 RPD:0
[CH: 50] LEN: 12 | HEX: F9 77 BD F6 F6 70 97 BD 10 1D AB FD | T:863602 RPD:1
[CH: 50] LEN: 12 | HEX: F9 77 BC FA FA 74 97 FA 45 DB BF FA | T:863602 RPD:0
[CH: 50] LEN: 12 | HEX: F1 77 5E F9 F4 77 97 BA F2 59 AF BF | T:863614 RPD:1
[CH: 50] LEN: 12 | HEX: E9 77 BC FE FE 70 97 BA 10 1D BD FF | T:863625 RPD:1
[CH: 50] LEN: 12 | HEX: F9 77 FD FB EA 73 97 FA A7 9F AF F7 | T:863625 RPD:0
[CH: 50] LEN: 12 | HEX: F9 77 FE F9 F6 77 97 F5 72 59 BE FE | T:863636 RPD:1
[CH: 50] LEN: 12 | HEX: F1 77 FA F6 FE 70 97 BF 10 1D BF FF | T:863637 RPD:0
[CH: 50] LEN: 12 | HEX: F9 77 FA FD EA 73 97 B5 A7 9F BF BB | T:863648 RPD:1
[CH: 50] LEN: 12 | HEX: E9 77 EA F1 F6 77 97 75 F2 59 BF FB | T:863659 RPD:1
[CH: 50] LEN: 12 | HEX: F9 77 B8 E8 EE 76 97 BB 6F 38 BF FB | T:863660 RPD:0
[CH: 50] LEN: 12 | HEX: F5 77 FA FD FE 73 97 FB A7 9F BF FF | T:863671 RPD:1
[CH: 50] LEN: 12 | HEX: F9 77 FD F0 FE 76 97 BF 6F 38 AB 7F | T:863671 RPD:0
[CH: 50] LEN: 12 | HEX: F5 77 FA F7 FA 79 97 FA 26 E0 BF FF | T:863682 RPD:1
[CH: 50] LEN: 12 | HEX: F1 77 FF F3 FA 75 97 FD D8 BA BF DF | T:863683 RPD:0
[CH: 50] LEN: 12 | HEX: F1 77 76 F6 FA 74 97 BA 45 DB BF B7 | T:863694 RPD:1
[CH: 50] LEN: 12 | HEX: F1 77 BF F7 BA 71 97 DB 26 F0 BE EF | T:863705 RPD:1
[CH: 50] LEN: 12 | HEX: F9 77 F6 FE FE 70 97 BB 10 1D BF FB | T:863706 RPD:0
[CH: 50] LEN: 12 | HEX: F1 77 6A FB DC 75 97 AF D8 BA B6 EF | T:863717 RPD:1
[CH: 50] LEN: 12 | HEX: F9 77 DE F7 FA 79 97 FD 26 F0 BF FB | T:863717 RPD:0
[CH: 50] LEN: 12 | HEX: ED 77 FA FE FE 70 97 FB 10 1D BF BF | T:863728 RPD:1
[CH: 50] LEN: 12 | HEX: F1 77 BA F2 FC 74 97 BF 45 DB B5 EF | T:863729 RPD:0
[CH: 50] LEN: 12 | HEX: F9 77 FD F1 ED 77 97 B7 FA 59 AF FF | T:863740 RPD:1
[CH: 50] LEN: 12 | HEX: F1 77 FC F6 EE 70 97 FD 10 1D AF FF | T:863751 RPD:1
[CH: 50] LEN: 12 | HEX: F9 77 FA FD EE 73 D7 BD 27 9F 6F D4 | T:863752 RPD:0
[CH: 50] LEN: 12 | HEX: F9 77 EE F9 FE 77 97 FA F2 59 BE FF | T:863763 RPD:1
[CH: 50] LEN: 12 | HEX: F1 77 7A FD FE 73 97 5F A7 9F AB FF | T:863763 RPD:0
[CH: 50] LEN: 12 | HEX: F1 77 FA F7 FC 75 97 7F D8 BA BE DF | T:863774 RPD:1
[CH: 50] LEN: 12 | HEX: F9 77 FE F9 EC 77 97 BD F2 59 B7 FF | T:863786 RPD:1
[CH: 50] LEN: 12 | HEX: F5 77 FA F8 FE 76 97 BF 6F 38 BF F5 | T:863786 RPD:0
[CH: 50] LEN: 12 | HEX: F1 77 FD F7 FE 73 97 FB A7 9F BF EF | T:863797 RPD:1
[CH: 50] LEN: 12 | HEX: F9 77 76 F0 F6 76 97 F7 6F 38 AF F6 | T:863798 RPD:0
[CH: 50] LEN: 12 | HEX: F5 77 FA F7 FF 79 97 DD 26 E0 BF FF | T:863809 RPD:1
[CH: 50] LEN: 12 | HEX: F1 77 FA F7 FC 75 97 FB D8 BA B5 DF | T:863809 RPD:0
[CH: 50] LEN: 12 | HEX: F9 77 FA FA FE 74 97 FD 45 DB BF FF | T:863820 RPD:1
[CH: 50] LEN: 12 | HEX: F1 77 5E F7 AE 79 97 FE A6 F0 BF DF | T:863832 RPD:1
[CH: 50] LEN: 12 | HEX: F9 77 FA F6 FA 70 97 FD 10 1D BF FF | T:863832 RPD:0
[CH: 50] LEN: 12 | HEX: F9 77 BA F6 F6 74 97 F7 45 DB BF FF | T:863843 RPD:1
[CH: 50] LEN: 12 | HEX: E9 77 5E F7 75 79 97 77 26 E0 BE FF | T:863843 RPD:0
[CH: 50] LEN: 12 | HEX: F9 77 FA F6 FE 70 97 AF 10 1D BF FF | T:863855 RPD:1
[CH: 50] LEN: 12 | HEX: E9 77 DE FA FE 74 97 D7 45 DB BF E5 | T:863855 RPD:0
[CH: 50] LEN: 12 | HEX: F9 77 FA F9 FC 77 17 BA F2 59 B7 DF | T:863866 RPD:1
[CH: 50] LEN: 12 | HEX: F1 77 F5 F6 FB 70 97 7B 10 1D BF FF | T:863878 RPD:1
[CH: 50] LEN: 12 | HEX: F9 77 FE F9 F4 73 97 FF A7 9F AF DF | T:863878 RPD:0
[CH: 50] LEN: 12 | HEX: F9 77 EC F9 EE 77 97 FE F2 59 BF FB | T:863889 RPD:1
[CH: 50] LEN: 12 | HEX: F9 77 FA FD FE 73 97 BA A7 9D 7F FF | T:863889 RPD:0
[CH: 50] LEN: 12 | HEX: F5 77 5E F3 BC 75 97 75 D8 BA BF F7 | T:863901 RPD:1
[CH: 50] LEN: 12 | HEX: F9 77 DA F0 FE 76 97 FD 6E 38 BF FF | T:863912 RPD:1
[CH: 50] LEN: 12 | HEX: F9 77 F4 E7 AE 79 97 FE 26 E8 BF BD | T:863912 RPD:0
[CH: 50] LEN: 12 | HEX: F9 77 BE F5 FE 73 97 BB A7 9F 79 7B | T:863924 RPD:1
[CH: 50] LEN: 12 | HEX: F1 77 B5 F0 EA 76 97 FC EF 38 B7 7F | T:863924 RPD:0
[CH: 50] LEN: 12 | HEX: ED 77 FB F7 FC 79 97 AD 26 F0 BF 7F | T:863935 RPD:1
[CH: 50] LEN: 12 | HEX: F9 77 D6 FB DD 75 97 FA 58 BA BF 7F | T:863935 RPD:0
[CH: 50] LEN: 12 | HEX: F1 77 FD EA FE 74 97 DA 45 DB BB DF | T:863947 RPD:1
[CH: 50] LEN: 12 | HEX: F9 77 FB F7 DD 79 97 FD 26 F0 BF 5D | T:863958 RPD:1
[CH: 50] LEN: 12 | HEX: F9 77 AD F6 F4 70 97 DD 10 1D BF FF | T:863958 RPD:0
[CH: 50] LEN: 12 | HEX: F5 77 AE F6 FE 74 97 FD 45 DB BF DB | T:863970 RPD:1
[CH: 50] LEN: 12 | HEX: F5 77 7E F4 F6 70 97 77 10 1D BF EF | T:863970 RPD:0
[CH: 50] LEN: 12 | HEX: F1 77 DE F5 FF 73 97 BB A7 9E BF FF | T:863981 RPD:1
[CH: 50] LEN: 12 | HEX: F9 77 BA F2 FB 74 97 FE 45 DB BB 7F | T:863981 RPD:0
[CH: 50] LEN: 12 | HEX: F1 77 DA F5 FE 77 97 B5 FA 59 AF 5F | T:863993 RPD:1
[CH: 50] LEN: 12 | HEX: F9 77 FD FC F6 70 97 AA 10 1D BF FF | T:864004 RPD:1
[CH: 50] LEN: 12 | HEX: E9 77 D6 FD FC 73 97 75 A7 9F 7F FF | T:864004 RPD:0
[CH: 50] LEN: 12 | HEX: F9 77 7E F9 FE 77 97 FF F2 59 AF 7B | T:864016 RPD:1
[CH: 50] LEN: 12 | HEX: F1 77 FD FD FE 73 97 FD 27 9F AF FE | T:864016 RPD:0
[CH: 50] LEN: 12 | HEX: F9 77 FE FB DD 75 97 F5 D8 BA B7 D7 | T:864027 RPD:1
[CH: 50] LEN: 12 | HEX: F1 77 D4 F0 EA 76 97 B5 6F 38 BD DF | T:864027 RPD:0
[CH: 50] LEN: 12 | HEX: F1 77 F5 F7 F4 79 97 FA 26 E0 BF FF | T:864039 RPD:1
[CH: 50] LEN: 12 | HEX: F9 77 BE F3 FD 75 97 FB D8 BA BD EF | T:864050 RPD:1
[CH: 50] LEN: 12 | HEX: F1 77 AF F2 FE 74 97 B5 45 DB B7 FF | T:864050 RPD:0
[CH: 50] LEN: 12 | HEX: F9 77 DA F0 F6 76 97 75 6F 38 BA A6 | T:864062 RPD:1
[CH: 50] LEN: 12 | HEX: F1 77 FA FB DD 75 97 BB D8 BA BF EF | T:864062 RPD:0
[CH: 50] LEN: 12 | HEX: F1 77 FE FA FE 74 97 DE 45 DB BF F7 | T:864073 RPD:1
[CH: 50] LEN: 12 | HEX: F1 77 FE F6 FE 70 97 DD 10 1D BF FF | T:864084 RPD:1
[CH: 50] LEN: 12 | HEX: F9 77 AD F7 FE 73 97 DD A7 9F BE DF | T:864085 RPD:0
[CH: 50] LEN: 12 | HEX: F9 77 FD FA FE 74 97 FA 45 DB BF BF | T:864096 RPD:1
[CH: 50] LEN: 12 | HEX: F1 77 BD FA F4 70 97 FD 90 1D BB FF | T:864096 RPD:0
[CH: 50] LEN: 12 | HEX: F1 77 BE FB FA 75 97 FD D8 BA BF BD | T:864107 RPD:1
[CH: 50] LEN: 12 | HEX: F5 77 FA F9 EA 77 97 DD 72 59 AF 7F | T:864108 RPD:0
[CH: 50] LEN: 12 | HEX: F9 77 DD F0 FE 76 97 B5 6F 38 AB FD | T:864119 RPD:1
[CH: 50] LEN: 12 | HEX: F9 77 FD F6 EA 70 97 FA 10 1D BB DB | T:864130 RPD:1
[CH: 50] LEN: 12 | HEX: F9 77 7A F5 FC 73 97 75 A7 9F 3B DF | T:864131 RPD:0
[CH: 50] LEN: 12 | HEX: F9 77 FD F1 EA 77 97 FD 72 59 BE BD | T:864142 RPD:1
[CH: 50] LEN: 12 | HEX: F5 77 FD F5 F6 73 97 BD A7 9F BF FF | T:864142 RPD:0
[CH: 50] LEN: 12 | HEX: F9 77 DA FB DC 75 97 DD 58 BA B5 FF | T:864153 RPD:1
[CH: 50] LEN: 12 | HEX: F9 77 FA F8 F6 76 97 FA 6F 38 BF FD | T:864154 RPD:0
[CH: 50] LEN: 12 | HEX: F5 77 5E F7 DB 79 97 75 26 F0 BF EF | T:864165 RPD:1
[CH: 50] LEN: 12 | HEX: F9 77 ED F7 DD 75 97 7B DA BA BF FE | T:864176 RPD:1
[CH: 50] LEN: 12 | HEX: F9 77 BD F2 FA 74 97 FD 45 DB AF B7 | T:864177 RPD:0
[CH: 50] LEN: 12 | HEX: F1 77 FB F7 DE 71 97 FE A6 F0 B6 BA | T:864188 RPD:1
[CH: 50] LEN: 12 | HEX: F9 77 AD FB FA 75 97 FA D8 BA BF FE | T:864188 RPD:0
[CH: 50] LEN: 12 | HEX: F5 77 DD F6 F4 74 97 F5 45 DB B7 FF | T:864199 RPD:1
[CH: 50] LEN: 12 | HEX: E9 77 FC FF F4 71 97 F5 26 E0 BD FB | T:864211 RPD:1
[CH: 50] LEN: 12 | HEX: F1 77 DC FE FE 70 97 FA 10 1D B7 E9 | T:864211 RPD:0
[CH: 50] LEN: 12 | HEX: F9 77 F5 FA FE 74 97 FD 45 DB BF FD | T:864222 RPD:1
[CH: 50] LEN: 12 | HEX: E9 77 FA F4 FE 70 97 B7 10 1D BB FF | T:864223 RPD:0
[CH: 50] LEN: 12 | HEX: F1 77 BA FD FC 73 97 FD A7 9F FF 55 | T:864234 RPD:1
[CH: 50] LEN: 12 | HEX: F9 77 DC F9 FE 77 97 FB FA 59 AE F7 | T:864234 RPD:0
[CH: 50] LEN: 12 | HEX: F9 77 FD F0 FA 76 97 FB 6F 38 AE ED | T:864245 RPD:1
[CH: 50] LEN: 12 | HEX: F1 77 D4 F5 FF 73 97 F5 A7 9F 7F BF | T:864257 RPD:1
[CH: 50] LEN: 12 | HEX: F9 77 BE EA F6 74 97 6B 45 DB BF DF | T:864257 RPD:0
[CH: 50] LEN: 12 | HEX: F9 77 FE F1 F6 77 97 FD F2 59 AD FB | T:864268 RPD:1
[CH: 50] LEN: 12 | HEX: F9 77 AE F9 F4 73 97 F5 A7 9F AF FF | T:864269 RPD:0
[CH: 50] LEN: 12 | HEX: F1 77 BC F3 AE 75 97 BF D8 BA BB FF | T:864280 RPD:1
[CH: 50] LEN: 12 | HEX: F1 77 AF F8 FD 76 97 FD 6F 38 BF FF | T:864280 RPD:0
[CH: 50] LEN: 12 | HEX: F9 77 FC F7 BE 79 97 FE A6 E0 AF FA | T:864291 RPD:1
[CH: 50] LEN: 12 | HEX: F9 77 BA FB FE 75 97 BA D8 BA AF 7B | T:864303 RPD:1
[CH: 50] LEN: 12 | HEX: F9 77 FD FA FE 74 97 DF C5 DB BF FF | T:864303 RPD:1
[CH: 50] LEN: 12 | HEX: F1 77 FA F7 FC 79 97 75 26 F0 BF EE | T:864314 RPD:1
[CH: 50] LEN: 12 | HEX: F1 77 FD F3 BB 75 97 FD 58 BA AF B7 | T:864315 RPD:0
[CH: 50] LEN: 12 | HEX: F1 77 BD FA FE 74 97 FE C5 DB BF FF | T:864326 RPD:1
[CH: 50] LEN: 12 | HEX: F1 77 F5 F7 BB 79 97 FA 26 F0 BF B5 | T:864337 RPD:1
[CH: 50] LEN: 12 | HEX: F1 77 FA F4 FA 70 97 FA 10 1D AF ED | T:864337 RPD:0
[CH: 50] LEN: 12 | HEX: F9 77 75 F2 FE 74 97 BF 45 DB FD EF | T:864349 RPD:1
[CH: 50] LEN: 12 | HEX: F9 77 FC FE FA 70 97 FD 10 1D BF DF | T:864349 RPD:0
[CH: 50] LEN: 12 | HEX: F1 77 B9 FB FE 73 97 DA A7 9F 35 F5 | T:864360 RPD:1
[CH: 50] LEN: 12 | HEX: F9 77 BA F9 FD 77 97 FA F2 59 BE FF | T:864360 RPD:0
[CH: 50] LEN: 12 | HEX: F9 77 ED F8 FE 76 97 DD 6F 38 BF F7 | T:864372 RPD:1
[CH: 50] LEN: 12 | HEX: F9 77 FD F5 FE 73 97 FD A7 9F 7F FF | T:864383 RPD:1
[CH: 50] LEN: 12 | HEX: F9 77 7E FB DD 75 97 F5 D8 BA AF AF | T:864383 RPD:0
[CH: 50] LEN: 12 | HEX: F9 77 FA F8 FE 76 97 FA 6F 38 BF FF | T:864395 RPD:1
[CH: 50] LEN: 12 | HEX: F1 77 FC FD FE 73 97 BF A7 9E BF FB | T:864395 RPD:0
[CH: 50] LEN: 12 | HEX: F9 77 F4 F3 FD 75 97 FB D8 BA BF EF | T:864406 RPD:1
[CH: 50] LEN: 12 | HEX: F9 77 FA F8 FE 76 97 DF 6E 38 BF E8 | T:864406 RPD:0
[CH: 50] LEN: 12 | HEX: F9 77 FD E7 F6 79 97 F5 26 F0 AF F7 | T:864418 RPD:1
[CH: 50] LEN: 12 | HEX: F9 77 FA EB FD 75 97 FD D8 BA AF BF | T:864429 RPD:1
[CH: 50] LEN: 12 | HEX: F1 77 6E F2 FE 74 97 FA 45 DB BB FF | T:864429 RPD:0
[CH: 50] LEN: 12 | HEX: F5 77 BB E7 F4 71 97 FD 26 F0 B6 FF | T:864441 RPD:1
[CH: 50] LEN: 12 | HEX: F9 77 FD FA FE 74 97 AE 45 DB BD CF | T:864441 RPD:1
[CH: 50] LEN: 12 | HEX: F1 77 AA F1 DC 77 17 5C B2 59 BF BB | T:864452 RPD:1
[CH: 50] LEN: 12 | HEX: F9 77 BE E7 FF 79 97 BF 26 F0 BF AF | T:864452 RPD:0
[CH: 50] LEN: 12 | HEX: F1 77 FA FE FE 70 97 FA 10 1D BD FE | T:864464 RPD:1
[CH: 50] LEN: 12 | HEX: F9 77 FA EA FE 74 97 F5 45 DB B5 FB | T:864475 RPD:1
[CH: 50] LEN: 12 | HEX: F9 77 EE F9 F6 77 97 FA F2 59 BF FF | T:864475 RPD:0
[CH: 50] LEN: 12 | HEX: F9 77 FB FE FE 70 97 FB 10 1D BF AF | T:864487 RPD:1
[CH: 50] LEN: 12 | HEX: F9 77 AE F9 FE 77 97 FA F2 59 BF F7 | T:864487 RPD:0
[CH: 50] LEN: 12 | HEX: F9 77 FA F8 F6 76 97 FF 6F 38 BF EF | T:864498 RPD:1
[CH: 50] LEN: 12 | HEX: F1 77 FD F5 FE 73 97 FE A7 9F 37 FF | T:864509 RPD:1
[CH: 50] LEN: 12 | HEX: F9 77 BD F3 BD 75 97 AE D8 BA BB ED | T:864510 RPD:0
[CH: 50] LEN: 12 | HEX: F9 77 BA F8 FE 76 97 BA 6F 38 BF DE | T:864521 RPD:1
[CH: 50] LEN: 12 | HEX: F9 77 FD F5 FE 73 97 FF A7 9E AE 77 | T:864521 RPD:0
[CH: 50] LEN: 12 | HEX: F9 77 FD FB FA 75 97 DF D8 BA BF FF | T:864533 RPD:1
[CH: 50] LEN: 12 | HEX: F1 77 FD F8 FE 76 97 B5 6F 38 BF FE | T:864533 RPD:0
[CH: 50] LEN: 12 | HEX: F9 77 FD F7 FD 79 97 BA 26 F0 B6 EF | T:864544 RPD:1
[CH: 50] LEN: 12 | HEX: F9 77 FF FA F4 74 97 DA 45 DB BF DF | T:864555 RPD:1
[CH: 50] LEN: 12 | HEX: F9 77 FC F9 FE 77 97 FD 72 59 BE FB | T:864556 RPD:0
[CH: 50] LEN: 12 | HEX: F1 77 FD F7 BC 79 97 BE A6 F0 BF F8 | T:864567 RPD:1
[CH: 50] LEN: 12 | HEX: F9 77 FD EE FE 74 97 BA 45 DB AB FB | T:864567 RPD:0
[CH: 50] LEN: 12 | HEX: F1 77 54 E9 DE 77 97 DF F2 59 BD FF | T:864579 RPD:1
[CH: 50] LEN: 12 | HEX: F9 77 FE FE FE 70 97 D7 10 1D BE FB | T:864579 RPD:1
[CH: 50] LEN: 12 | HEX: F9 77 FD F5 FE 73 97 FB A7 9E BF 5F | T:864590 RPD:1
[CH: 50] LEN: 12 | HEX: F9 77 BD F2 FE 74 97 FD 45 DB B7 FD | T:864601 RPD:1
[CH: 50] LEN: 12 | HEX: F9 77 FB F1 FE 77 97 5A F2 59 BE EE | T:864602 RPD:0
[CH: 50] LEN: 12 | HEX: F1 77 FC F6 FE 70 97 FA 10 1D BF FF | T:864613 RPD:1
[CH: 50] LEN: 12 | HEX: F9 77 FC F9 FE 77 97 DD F2 59 AA FA | T:864613 RPD:0
[CH: 50] LEN: 12 | HEX: F1 77 DC F8 FC 76 97 DA 6F 38 BF FA | T:864624 RPD:1
[CH: 50] LEN: 12 | HEX: F9 77 7A F5 FE 73 97 B5 A7 9F B5 FD | T:864636 RPD:1
[CH: 50] LEN: 12 | HEX: F9 77 FD FB FC 75 97 FA D8 BA B7 EF | T:864636 RPD:0
[CH: 50] LEN: 12 | HEX: F9 77 FD F0 FA 76 97 B5 6F 38 B5 5D | T:864647 RPD:1
[CH: 50] LEN: 12 | HEX: F9 77 B5 F3 DF 75 97 FD 58 BA AF FA | T:864648 RPD:0
[CH: 50] LEN: 12 | HEX: F1 77 BD FA FA 74 97 FD 45 DB B5 DF | T:864659 RPD:1
[CH: 50] LEN: 12 | HEX: F1 77 BC F0 ED 76 97 7B 6F 38 BA EF | T:864659 RPD:0
[CH: 50] LEN: 12 | HEX: F9 77 FD F7 FD 79 97 F5 26 F0 AF DF | T:864670 RPD:1
[CH: 50] LEN: 12 | HEX: F1 77 BC F3 FF 75 97 BF D8 BA AF FF | T:864682 RPD:1
[CH: 50] LEN: 12 | HEX: F9 77 DA FA F4 74 97 F5 45 DB BF BF | T:864682 RPD:0
[CH: 50] LEN: 12 | HEX: F1 77 F5 F7 EA 79 97 FD A6 F0 BE EB | T:864693 RPD:1
[CH: 50] LEN: 12 | HEX: F1 77 DD F2 FE 74 97 BF 45 DB BF FF | T:864694 RPD:0
[CH: 50] LEN: 12 | HEX: F1 77 FD F5 D6 77 17 7A F2 59 BF FF | T:864705 RPD:1
[CH: 50] LEN: 12 | HEX: F1 77 AF FE F6 70 97 BA 10 1D BF F7 | T:864705 RPD:0
[CH: 50] LEN: 12 | HEX: F9 77 FA FD FE 73 97 DD 27 9F 3F FF | T:864716 RPD:1
[CH: 50] LEN: 12 | HEX: F9 77 DE F1 D6 77 97 BF FA 59 AF FF | T:864728 RPD:1
[CH: 50] LEN: 12 | HEX: F1 77 AD F0 FE 76 97 DE 6F 38 BF FD | T:864728 RPD:0
[CH: 50] LEN: 12 | HEX: F9 7F FA FE FE 70 97 FA 10 1D BF FB | T:864739 RPD:0
[CH: 50] LEN: 12 | HEX: F2 78 FF D4 75 74 97 56 52 5A BD FF | T:864765 RPD:1
[CH: 50] LEN: 12 | HEX: FA 78 F6 BC 7A 74 97 FD 52 5A BF FD | T:864765 RPD:1
[CH: 50] LEN: 12 | HEX: F9 77 DA 00 00 71 97 AF AF 64 AE FF | T:864777 RPD:1
[CH: 50] LEN: 12 | HEX: F1 77 FD 00 00 71 97 BB AF 64 BD FE | T:864777 RPD:1
[CH: 50] LEN: 12 | HEX: F8 6D F7 00 FE FA 91 FE F0 98 AF FF | T:864799 RPD:1
[CH: 50] LEN: 12 | HEX: F0 6D FF 00 FE F2 91 FE F0 98 B7 FB | T:864799 RPD:1
[CH: 50] LEN: 12 | HEX: F2 78 F7 5C 7F F6 91 D5 58 A7 3E AF | T:865064 RPD:1
[CH: 50] LEN: 12 | HEX: FA 70 F7 7C 7A F2 91 DE D8 A7 B7 F7 | T:865064 RPD:1
[CH: 50] LEN: 12 | HEX: F1 77 FD 00 00 71 91 FE 85 C2 BF F7 | T:865076 RPD:1
[CH: 50] LEN: 12 | HEX: F5 77 DC 80 00 71 91 FF 05 C2 BE FE | T:865076 RPD:1
[CH: 50] LEN: 12 | HEX: F8 6D F7 00 FA FA 91 F6 70 98 BF FE | T:865098 RPD:1
[CH: 50] LEN: 12 | HEX: F0 6D EF 00 EA F2 91 FE 70 98 BF F7 | T:865098 RPD:1
[CH: 50] LEN: 12 | HEX: F6 78 FB FC 7D F2 91 FF 58 A7 BF FB | T:865363 RPD:1
[CH: 50] LEN: 12 | HEX: F2 78 F7 FC 76 FA 91 DD D8 A7 BB DB | T:865364 RPD:1
[CH: 50] LEN: 12 | HEX: F1 77 FD 00 00 71 91 ED 05 C2 BB DE | T:865375 RPD:1
[CH: 50] LEN: 12 | HEX: F1 77 F5 00 00 71 91 F6 85 C2 BF 77 | T:865376 RPD:1
[CH: 50] LEN: 12 | HEX: F8 6D FE 00 FC FA 91 FF 70 98 BF FF | T:865397 RPD:1
[CH: 50] LEN: 12 | HEX: F8 6D FE 80 F6 F2 91 FF 70 98 BE BF | T:865398 RPD:1
[CH: 50] LEN: 12 | HEX: F2 78 FF BC 7E F6 91 FF 58 A7 BF FB | T:865663 RPD:1
[CH: 50] LEN: 12 | HEX: F2 78 FF AC 75 FA 91 ED 58 A7 BF EF | T:865664 RPD:1
[CH: 50] LEN: 12 | HEX: E9 7F BD 00 00 71 91 EF 05 C2 BF 7F | T:865675 RPD:1
[CH: 50] LEN: 12 | HEX: F1 77 AF 00 00 71 91 DE 05 C2 BF EF | T:865675 RPD:1
[CH: 50] LEN: 12 | HEX: F4 6D D6 80 F6 FA 91 EE F0 98 AE FF | T:865697 RPD:1
[CH: 50] LEN: 12 | HEX: EC 6D FF 80 FE F2 91 DE F0 98 BF FF | T:865698 RPD:1
[CH: 50] LEN: 12 | HEX: FA 78 FF 5C 7E F2 91 FF 58 A7 BF FF | T:865963 RPD:1
[CH: 50] LEN: 12 | HEX: F2 78 F7 5C 7E EA 91 FE D8 A7 37 FF | T:865964 RPD:1
[CH: 50] LEN: 12 | HEX: F1 77 FB 00 00 71 91 EE 85 C2 B5 BB | T:865975 RPD:1
[CH: 50] LEN: 12 | HEX: F5 77 FE 80 00 71 91 FD 85 C2 BA BB | T:865975 RPD:1
[CH: 50] LEN: 12 | HEX: F8 6D FF 80 FE FA 91 FE F0 98 BF FD | T:865997 RPD:1
[CH: 50] LEN: 12 | HEX: F8 6D FE 80 FE FA 91 EE F0 98 BA FF | T:865998 RPD:1
[CH: 50] LEN: 12 | HEX: FA 78 FD A8 76 F2 91 FF 58 A7 BF 7F | T:866263 RPD:1
[CH: 50] LEN: 12 | HEX: F2 78 ED FC 76 FA 91 DE 98 A7 BE FF | T:866263 RPD:1
[CH: 50] LEN: 12 | HEX: F9 77 FD 00 00 71 91 DD 05 C2 AF FB | T:866275 RPD:1
[CH: 50] LEN: 12 | HEX: F8 6D F5 00 F6 F2 91 F7 70 98 BE FF | T:866297 RPD:1
[CH: 50] LEN: 12 | HEX: F0 6D F7 00 FE FA 91 FF 70 98 BB FA | T:866297 RPD:1
[CH: 50] LEN: 12 | HEX: FA 74 F7 7C 7E FA 91 FB D8 A7 AE BE | T:866563 RPD:1
[CH: 50] LEN: 12 | HEX: F2 70 EF 7C 7E FA 91 FF D8 A7 BF FB | T:866563 RPD:1
[CH: 50] LEN: 12 | HEX: E9 77 FF 00 00 71 91 F5 05 C2 BF FF | T:866575 RPD:1
[CH: 50] LEN: 12 | HEX: F1 77 FA 00 00 71 91 F6 05 C2 BF 2F | T:866575 RPD:1
[CH: 50] LEN: 12 | HEX: F8 6D FF 00 FE FA 91 FB 70 98 BA B3 | T:866597 RPD:1
[CH: 50] LEN: 12 | HEX: F8 6D FE 80 FE FA 91 F6 F0 98 BE D5 | T:866597 RPD:1
[CH: 50] LEN: 12 | HEX: F2 78 FE BC 7A F2 91 FF D8 A7 BF FF | T:866862 RPD:1
[CH: 50] LEN: 12 | HEX: F2 78 F7 BC 7E F2 91 FE 9C A7 BB ED | T:866863 RPD:1
[CH: 50] LEN: 12 | HEX: F1 77 BB 00 00 71 91 F7 05 C2 BE FF | T:866874 RPD:1
[CH: 50] LEN: 12 | HEX: F9 77 5F 00 00 71 91 DD 85 C2 BF FD | T:866875 RPD:1
[CH: 50] LEN: 12 | HEX: F0 6D FF 00 FE FA 91 FF 70 98 BE FF | T:866896 RPD:1
[CH: 50] LEN: 12 | HEX: F0 6D FD 00 FE F2 91 FF 70 98 BB 7B | T:866897 RPD:1
[CH: 50] LEN: 12 | HEX: FA 70 EF 5C 76 FA 91 FE D8 A7 B5 FF | T:867162 RPD:1
[CH: 50] LEN: 12 | HEX: FA 78 EF 7C 74 EA 91 FF 58 A7 B7 FE | T:867163 RPD:1
[CH: 50] LEN: 12 | HEX: F9 77 BC 80 00 71 91 DE 85 C2 BD 7E | T:867174 RPD:1
[CH: 50] LEN: 12 | HEX: F9 7F AF 00 00 71 91 DD 85 C2 BD 3F | T:867175 RPD:1
[CH: 50] LEN: 12 | HEX: F8 6D F7 00 F6 FA 91 FF 70 98 BB 77 | T:867196 RPD:1
[CH: 50] LEN: 12 | HEX: F8 6D F7 00 FE FA 91 FF 70 98 BF FE | T:867197 RPD:1
[CH: 50] LEN: 12 | HEX: FA 78 FF 5C 7C FA 91 F5 B8 A7 BB DF | T:867462 RPD:1
[CH: 50] LEN: 12 | HEX: F2 78 FF AC 7A FA 91 FA B8 A7 BF FF | T:867463 RPD:1
[CH: 50] LEN: 12 | HEX: F1 77 DF 00 00 71 91 FF 05 C2 BE FF | T:867474 RPD:1
[CH: 50] LEN: 12 | HEX: F9 77 FD 00 00 71 91 EA 05 C2 AB FF | T:867474 RPD:1
[CH: 50] LEN: 12 | HEX: F8 6D FF 00 FE FA 91 FF 70 98 BF 77 | T:867496 RPD:1
[CH: 50] LEN: 12 | HEX: F8 6D F6 80 F6 FA 91 FB 70 98 BF 7B | T:867497 RPD:1
[CH: 50] LEN: 12 | HEX: F2 78 FF 54 76 F2 91 FE 98 A7 BF FF | T:867762 RPD:1
[CH: 50] LEN: 12 | HEX: F6 78 ED AC 74 FA 91 FE 98 A7 B7 7F | T:867763 RPD:1
[CH: 50] LEN: 12 | HEX: E9 77 5F 00 00 71 91 FE 85 C2 BF AA | T:867774 RPD:1
[CH: 50] LEN: 12 | HEX: F9 77 F5 00 00 71 91 FE 85 C2 BF AB | T:867774 RPD:1
[CH: 50] LEN: 12 | HEX: F8 6D FB 00 F6 FA 91 FE F0 98 BB F6 | T:867796 RPD:1
[CH: 50] LEN: 12 | HEX: F8 6D EE 00 FE FA 91 FE F0 98 AF FF | T:867796 RPD:1
[CH: 50] LEN: 12 | HEX: EA 70 FB AC 7D F6 91 FE 98 A7 BE DF | T:868062 RPD:1
[CH: 50] LEN: 12 | HEX: F2 70 FE BC 7A EA 91 EE 98 A7 3D E0 | T:868062 RPD:1
[CH: 50] LEN: 12 | HEX: F1 77 FD 00 00 71 91 D6 85 C2 BE BF | T:868074 RPD:1
[CH: 50] LEN: 12 | HEX: F5 77 D6 80 00 71 91 EF 05 C2 B7 FF | T:868074 RPD:1
[CH: 50] LEN: 12 | HEX: F0 6D FF 00 FA F2 91 F7 70 98 AD 57 | T:868096 RPD:1
[CH: 50] LEN: 12 | HEX: F0 6D FF 00 F9 FA 91 F7 70 98 BF F7 | T:868096 RPD:1
[CH: 50] LEN: 12 | HEX: F2 78 EB FC 7E F2 91 FE 98 A7 AF FF | T:868356 RPD:1
[CH: 50] LEN: 12 | HEX: F2 78 F7 AC 7E F2 91 FB F8 A7 BF BF | T:868357 RPD:1
[CH: 50] LEN: 12 | HEX: FA 78 F6 BA 78 F2 91 FF 32 BB BF 5A | T:868368 RPD:1
[CH: 50] LEN: 12 | HEX: FA 78 EB FA 70 EA 91 FF B2 BB AF ED | T:868369 RPD:0
[CH: 50] LEN: 12 | HEX: F2 7B FD 80 81 FA 91 FD 7F 77 BF BB | T:868380 RPD:0
[CH: 50] LEN: 12 | HEX: F9 77 FD FE EC 70 91 EF 3A BB B7 D5 | T:868393 RPD:1
[CH: 50] LEN: 12 | HEX: F5 77 F4 FD EC 73 91 FE 8D 39 AB F7 | T:868396 RPD:1
[CH: 50] LEN: 12 | HEX: F9 77 FA FB FD 75 91 FE 72 1C BF FE | T:868399 RPD:1
[CH: 50] LEN: 12 | HEX: F1 77 BE F9 FE 77 91 FE D8 EB AF DF | T:868411 RPD:1
[CH: 50] LEN: 12 | HEX: F9 77 F4 F8 F4 76 91 FF 85 9E BE AB | T:868411 RPD:0
[CH: 50] LEN: 12 | HEX: F9 77 FD F7 FD 79 91 FF CC 56 BF DE | T:868422 RPD:1
[CH: 50] LEN: 12 | HEX: F9 77 FC FE F4 70 91 F7 FA BB FF FF | T:868423 RPD:0
[CH: 50] LEN: 12 | HEX: F1 77 EA FB F6 73 91 EB 0D 39 BB EA | T:868434 RPD:1
[CH: 50] LEN: 12 | HEX: F5 77 BE F0 FE 76 91 FF C5 9E BB FF | T:868445 RPD:1
[CH: 50] LEN: 12 | HEX: F1 77 FD F7 DC 79 91 F7 4C 56 BB FD | T:868445 RPD:0
[CH: 50] LEN: 12 | HEX: F9 77 BA FB FD 75 91 D6 F2 1C AA 9B | T:868457 RPD:1
[CH: 50] LEN: 12 | HEX: F9 77 DD F4 FE 70 91 FF 7A BB BD FF | T:868457 RPD:0
[CH: 50] LEN: 12 | HEX: F9 77 FA FD EE 73 91 FE 8D 39 BF FF | T:868468 RPD:1
[CH: 50] LEN: 12 | HEX: F9 77 FC F4 F6 76 91 FE 85 9E BB 3F | T:868480 RPD:1
[CH: 50] LEN: 12 | HEX: E9 77 BD E7 DD 79 91 FD 0C 56 AE AA | T:868480 RPD:0
[CH: 50] LEN: 12 | HEX: F9 77 DD FB FC 75 91 FF 72 1C B5 DF | T:868491 RPD:1
[CH: 50] LEN: 12 | HEX: F1 77 BC F7 BA 79 91 FF 4C 56 AE FD | T:868491 RPD:0
[CH: 50] LEN: 12 | HEX: F9 77 FD FE FD 70 91 FF 7A BB BF FE | T:868503 RPD:1
[CH: 50] LEN: 12 | HEX: F1 77 FD F9 FE 77 91 EF D8 FD BF 7F | T:868503 RPD:0
[CH: 50] LEN: 12 | HEX: F9 77 FD F8 FD 76 91 EB A5 9E BF C9 | T:868514 RPD:1
[CH: 50] LEN: 12 | HEX: F9 77 FD F9 ED 73 91 FE 8D 39 BA D7 | T:868526 RPD:1
[CH: 50] LEN: 12 | HEX: F1 77 5C E3 FC 75 91 DE F2 1C BF FA | T:868526 RPD:0
[CH: 50] LEN: 12 | HEX: F1 77 DC F7 DE 79 91 EF CC 56 AF EF | T:868537 RPD:1
[CH: 50] LEN: 12 | HEX: F9 77 FE F1 F4 77 91 EF 58 EB 3B D5 | T:868537 RPD:0
[CH: 50] LEN: 12 | HEX: F1 77 DD F8 FE 76 91 FE 85 9E AB 3F | T:868549 RPD:1
[CH: 50] LEN: 12 | HEX: F1 77 FD FD EC 73 91 EB 0D 39 BA D5 | T:868549 RPD:0
[CH: 50] LEN: 12 | HEX: F5 77 7E F9 FD 77 91 DD 58 FF BF FF | T:868560 RPD:1
[CH: 50] LEN: 12 | HEX: F1 77 F5 F8 FE 76 91 FE 85 9E BF FF | T:868572 RPD:1
[CH: 50] LEN: 12 | HEX: F9 77 DE F7 AC 71 91 F5 8C 56 BD FF | T:868572 RPD:0
[CH: 50] LEN: 12 | HEX: F5 77 FA F3 DE 75 91 EB 72 1C BF E7 | T:868583 RPD:1
[CH: 50] LEN: 12 | HEX: FD 77 BE FE FE 70 91 F7 BA BB B5 7D | T:868583 RPD:0
[CH: 50] LEN: 12 | HEX: F5 77 FD F5 DC 73 91 FD 0D 39 B7 FF | T:868595 RPD:1
[CH: 50] LEN: 12 | HEX: E9 77 FD F8 F6 76 91 FF 65 9E AB F7 | T:868606 RPD:1
[CH: 50] LEN: 12 | HEX: F5 77 5E F7 74 79 91 D6 8C 56 B6 FB | T:868606 RPD:1
[CH: 50] LEN: 12 | HEX: E9 77 FD F3 DD 75 91 EF 72 1C BA F3 | T:868617 RPD:1
[CH: 50] LEN: 12 | HEX: F1 77 FD F7 7A 79 91 FD 4C 56 BB 3B | T:868618 RPD:0
[CH: 50] LEN: 12 | HEX: F9 77 ED FE FE 70 91 FF 7A BB BF BF | T:868629 RPD:1
[CH: 50] LEN: 12 | HEX: F1 77 BA F1 F6 77 91 DE 58 F7 AF FD | T:868629 RPD:0
[CH: 50] LEN: 12 | HEX: F1 77 DE F8 F9 76 91 FD 45 9E BF DB | T:868641 RPD:1
[CH: 50] LEN: 12 | HEX: F9 77 ED F5 F4 73 91 FD 8D 39 BF DB | T:868652 RPD:1
[CH: 50] LEN: 12 | HEX: F9 77 BE FB FF 75 91 F7 72 1C BF DF | T:868652 RPD:0
[CH: 50] LEN: 12 | HEX: F1 77 FD F7 D6 79 91 FF 4C 56 BD FF | T:868663 RPD:1
[CH: 50] LEN: 12 | HEX: F9 77 BE F9 FE 77 91 EE D8 FF 7E FF | T:868664 RPD:0
[CH: 50] LEN: 12 | HEX: F9 77 DD F8 FE 76 91 FE 85 9E B7 7F | T:868675 RPD:1
[CH: 50] LEN: 12 | HEX: F9 77 FB FD EE 73 91 FE 8D 39 BF FF | T:868675 RPD:0
[CH: 50] LEN: 12 | HEX: F9 77 DE FB EF 75 91 F7 72 1C AB BF | T:868687 RPD:1
[CH: 50] LEN: 12 | HEX: F1 77 FD F7 FD 79 91 F6 8C 56 B7 FF | T:868698 RPD:1
[CH: 50] LEN: 12 | HEX: F9 77 F9 FE FE 74 91 EF BA BB BD 7F | T:868698 RPD:0
[CH: 50] LEN: 12 | HEX: F1 77 B9 FB DB 75 91 EF 72 1C BD FB | T:868709 RPD:1
[CH: 50] LEN: 12 | HEX: F9 77 BD FE FE 70 91 FD 7A BB BF FB | T:868710 RPD:0
[CH: 50] LEN: 12 | HEX: F1 77 AD F9 FE 73 91 F7 0D 39 B5 FF | T:868721 RPD:1
[CH: 50] LEN: 12 | HEX: F9 77 FF F7 FA 79 91 EF 8C 56 BB FF | T:868721 RPD:0
[CH: 50] LEN: 12 | HEX: E9 77 D6 FE EE 78 91 EF 7A BB BF FB | T:868733 RPD:1
[CH: 50] LEN: 12 | HEX: F9 77 FD FB FA 75 91 FD F2 1C BF F7 | T:868744 RPD:1
[CH: 50] LEN: 12 | HEX: F9 77 FD F9 FE 77 91 DE D8 F7 6F FF | T:868744 RPD:1
[CH: 50] LEN: 12 | HEX: F1 77 BC F5 ED 70 91 DD 7A BB BB DF | T:868755 RPD:1
[CH: 50] LEN: 12 | HEX: F5 77 BA F1 EE 77 91 FF 58 F6 AB FF | T:868756 RPD:0
[CH: 50] LEN: 12 | HEX: F9 77 FA F0 FA 76 91 F7 45 9C AF FF | T:868767 RPD:1
[CH: 50] LEN: 12 | HEX: F1 77 FF FD FE 73 91 FE 8D 39 BF 7F | T:868778 RPD:1
[CH: 50] LEN: 12 | HEX: F1 77 EC FB D4 75 91 EA 72 1C BF FF | T:868779 RPD:0
[CH: 50] LEN: 12 | HEX: F9 77 FA F7 BD 79 91 FE CC 56 BD FF | T:868790 RPD:1
[CH: 50] LEN: 12 | HEX: F9 77 F9 F9 FC 77 91 DD D8 FB 3D 5D | T:868790 RPD:0
[CH: 50] LEN: 12 | HEX: F5 77 DF F8 FE 76 91 EF C5 9E BE FB | T:868801 RPD:1
[CH: 50] LEN: 12 | HEX: F9 77 FD FD F4 73 91 EF 8D 39 AF FF | T:868802 RPD:0
[CH: 50] LEN: 12 | HEX: F1 77 FA FB BB 75 91 F5 72 1C BB 5E | T:868813 RPD:1
[CH: 50] LEN: 12 | HEX: F1 77 5A F7 BE 79 91 FE CC 56 B5 F6 | T:868824 RPD:1
[CH: 50] LEN: 12 | HEX: F5 77 FD F6 FE 70 91 FB 3A BB BF FF | T:868824 RPD:0
[CH: 50] LEN: 12 | HEX: F5 77 BE F9 FE 77 91 FF 58 FF FF DB | T:868836 RPD:1
[CH: 50] LEN: 12 | HEX: F9 77 F4 F6 F6 70 91 EB BA BB BF BF | T:868836 RPD:0
[CH: 50] LEN: 12 | HEX: E9 77 AC ED FE 73 91 D7 0D 3D BF FD | T:868847 RPD:1
[CH: 50] LEN: 12 | HEX: F5 77 AE F0 FE 76 91 F7 45 9E B7 FA | T:868848 RPD:0
[CH: 50] LEN: 12 | HEX: F9 77 EA E7 FC 71 91 FF 8C 56 BF F7 | T:868859 RPD:1
[CH: 50] LEN: 12 | HEX: F9 77 FA F3 EE 75 91 F7 72 1C BF F7 | T:868870 RPD:1
[CH: 50] LEN: 12 | HEX: F5 77 FE F9 FE 77 91 FE D8 F7 AF 77 | T:868870 RPD:0
[CH: 50] LEN: 12 | HEX: F5 77 FA FA FE 70 91 EF 7A BB FC EF | T:868882 RPD:1
[CH: 50] LEN: 12 | HEX: F9 77 AE F0 F6 76 91 FF C5 9E BF FD | T:868882 RPD:1
[CH: 50] LEN: 12 | HEX: F9 77 FD F7 FE 79 91 FD 0C 56 BF FF | T:868893 RPD:1
[CH: 50] LEN: 12 | HEX: F9 77 FA FD FE 73 91 FF 0D 39 BD FF | T:868905 RPD:1
[CH: 50] LEN: 12 | HEX: F5 77 BA FB FE 75 91 FE F2 1C BF FF | T:868905 RPD:0
[CH: 50] LEN: 12 | HEX: F1 77 FA F7 AD 79 91 EB 4C 56 BB FB | T:868916 RPD:1
[CH: 50] LEN: 12 | HEX: F1 77 FD F1 FE 77 91 FE D8 FF 3F FB | T:868916 RPD:0
[CH: 50] LEN: 12 | HEX: F9 77 FA F8 FE 76 91 FF 45 9E BF FF | T:868928 RPD:1
[CH: 50] LEN: 12 | HEX: F9 77 FA FD FD 73 91 FF 8D 39 AF DB | T:868928 RPD:0
[CH: 50] LEN: 12 | HEX: F9 77 D4 FB DD 75 91 DE F2 1C BF AF | T:868939 RPD:1
[CH: 50] LEN: 12 | HEX: F1 77 74 F7 BB 71 91 DD 4C 56 B7 B7 | T:868951 RPD:1
[CH: 50] LEN: 12 | HEX: F1 77 F5 EE FF 70 91 FE BA BB BD FE | T:868951 RPD:0
[CH: 50] LEN: 12 | HEX: F9 77 FB F9 F6 77 91 FF 58 FE AE ED | T:868962 RPD:1
[CH: 50] LEN: 12 | HEX: F1 77 BD FA FE 70 91 EE FA BB BF AA | T:868962 RPD:0
[CH: 50] LEN: 12 | HEX: F5 77 FA EB FA 73 91 FE 0D 39 AF BD | T:868974 RPD:1
[CH: 50] LEN: 12 | HEX: F1 77 FD F8 F5 76 91 F6 85 9E B7 B7 | T:868974 RPD:0
[CH: 50] LEN: 12 | HEX: F1 77 FD F7 FB 79 91 F6 CC 56 BF FD | T:868985 RPD:1
[CH: 50] LEN: 12 | HEX: F1 77 FA FB F6 75 91 F6 F2 1C AF A9 | T:868997 RPD:1
[CH: 50] LEN: 12 | HEX: F1 77 FD F1 FE 77 91 FE D8 FF 7F BF | T:868997 RPD:0
[CH: 50] LEN: 12 | HEX: F9 77 BE FE F5 70 91 FE BA BB BF FF | T:869008 RPD:1
[CH: 50] LEN: 12 | HEX: F9 77 F4 F0 FE 76 91 DD C5 9C BB FF | T:869008 RPD:0
[CH: 50] LEN: 12 | HEX: F1 77 BA F7 FB 79 91 EE 8C 56 BD EE | T:869020 RPD:1
[CH: 50] LEN: 12 | HEX: F1 77 F4 FB FA 75 91 FF 72 1C AF DF | T:869031 RPD:1
[CH: 50] LEN: 12 | HEX: F1 77 74 F1 EE 77 11 EF 58 F6 AF FB | T:869031 RPD:0
[CH: 50] LEN: 12 | HEX: F1 77 FF F7 FF 71 91 FF CC 56 BF FF | T:869043 RPD:1
[CH: 50] LEN: 12 | HEX: F1 77 FB F1 D4 77 11 F6 D8 FF BD FB | T:869043 RPD:0
[CH: 50] LEN: 12 | HEX: F9 77 FA F0 FE 76 91 EF 45 9E BF FB | T:869054 RPD:1
[CH: 50] LEN: 12 | HEX: F1 77 BE F5 DD 73 91 EF 0D 39 BA FF | T:869054 RPD:0
[CH: 50] LEN: 12 | HEX: F9 77 74 FB FE 75 91 EF 72 1C BF FB | T:869066 RPD:1
[CH: 50] LEN: 12 | HEX: F9 77 FF F7 AD 79 91 FF 0C 56 BF EF | T:869077 RPD:1
[CH: 50] LEN: 12 | HEX: F1 77 7D FE F6 70 91 F6 BE BB FF EF | T:869077 RPD:0
[CH: 50] LEN: 12 | HEX: F9 77 FA F1 EA 77 91 EE D8 FB 7B F5 | T:869088 RPD:1
[CH: 50] LEN: 12 | HEX: F5 77 EE FD FC 73 91 DA 8D 39 BD DE | T:869089 RPD:0
[CH: 50] LEN: 12 | HEX: F1 77 AD F3 FC 75 91 FF F2 1C BA FD | T:869100 RPD:1
[CH: 50] LEN: 12 | HEX: F9 77 5E F8 F6 76 91 FF C5 9E BB FF | T:869100 RPD:0
[CH: 50] LEN: 12 | HEX: F9 77 FA F6 FE 70 91 FF 7A BB BB F5 | T:869112 RPD:1
[CH: 50] LEN: 12 | HEX: E9 77 BD FB FC 75 91 FF 72 1C BA FF | T:869123 RPD:1
[CH: 50] LEN: 12 | HEX: F1 77 B9 F1 FC 77 11 ED 58 FF FF 7F | T:869123 RPD:0
[CH: 50] LEN: 12 | HEX: F9 77 FD FE FE 70 91 EF BA BB BF FF | T:869134 RPD:1
[CH: 50] LEN: 12 | HEX: F5 77 FA F8 FC 76 91 FF A5 9E BF FE | T:869135 RPD:0
[CH: 50] LEN: 12 | HEX: F1 77 AE F7 BE 79 91 EF CC 56 BF FF | T:869146 RPD:1
[CH: 50] LEN: 12 | HEX: F1 77 BD FB DF 75 91 FE F2 1C B7 FF | T:869146 RPD:0
[CH: 50] LEN: 12 | HEX: F1 77 FE F9 EE 77 11 FF 58 FF 3F BF | T:869158 RPD:1
[CH: 50] LEN: 12 | HEX: F1 77 FC FD FF 73 91 FF 8D 39 BF BF | T:869169 RPD:1
[CH: 50] LEN: 12 | HEX: F1 77 FE FB FE 75 91 FF F2 1C AE BE | T:869169 RPD:0
[CH: 50] LEN: 12 | HEX: F9 77 DA F9 DE 77 91 FF 58 F7 3E DB | T:869180 RPD:1
[CH: 50] LEN: 12 | HEX: F5 77 6A ED FE 73 91 EE 8D 39 BE F6 | T:869181 RPD:0
[CH: 50] LEN: 12 | HEX: F1 77 FC F7 FF 75 91 DE 72 1C AF FB | T:869192 RPD:1
[CH: 50] LEN: 12 | HEX: F1 77 BD F7 FA 79 91 FD 0C 56 AF FF | T:869203 RPD:1
[CH: 50] LEN: 12 | HEX: F1 77 BE FE F6 70 91 EF BA BB B5 FB | T:869204 RPD:0
[CH: 50] LEN: 12 | HEX: F9 77 FD F9 EE 77 91 F7 D8 FF 6F DF | T:869215 RPD:1
[CH: 50] LEN: 12 | HEX: F5 77 FC FD EE 73 91 EE 8D 39 BD F7 | T:869215 RPD:0
[CH: 50] LEN: 12 | HEX: F5 77 AD FB DE 75 91 FE F2 1C AE ED | T:869226 RPD:1
[CH: 50] LEN: 12 | HEX: F9 77 DC F7 DE 71 91 EE 8C 56 BD EB | T:869227 RPD:0
[CH: 50] LEN: 12 | HEX: F1 77 FF F6 FB 70 91 FF 7A BB BF 7F | T:869238 RPD:1
[CH: 50] LEN: 12 | HEX: F9 77 EA F3 FD 75 91 FD F2 1C BF FF | T:869249 RPD:1
[CH: 50] LEN: 12 | HEX: F9 77 AC F9 FE 77 91 EF 58 FF BE 6F | T:869250 RPD:0
[CH: 50] LEN: 12 | HEX: F1 77 BD FE FE 70 91 F7 7A BB BD FE | T:869261 RPD:1
[CH: 50] LEN: 12 | HEX: E9 77 F6 F8 FA 76 91 FF E5 9E BF FF | T:869261 RPD:0
[CH: 50] LEN: 12 | HEX: F1 77 FF F7 FD 71 91 EF 8C 56 BC FD | T:869272 RPD:1
[CH: 50] LEN: 12 | HEX: F9 77 FD FB D6 75 91 FE 72 1C B7 FD | T:869273 RPD:0
[CH: 50] LEN: 12 | HEX: F1 77 DC F5 DE 7F 91 EF D8 EF 7F 7D | T:869284 RPD:1
[CH: 50] LEN: 12 | HEX: F1 77 DC FE FE 70 91 EF FA BB BE FE | T:869295 RPD:1
[CH: 50] LEN: 12 | HEX: F1 77 BD FD FE 73 91 EF 0D 39 BF 5D | T:869295 RPD:0
[CH: 50] LEN: 12 | HEX: F1 77 DA F8 FE 76 91 FF 45 9E BA BF | T:869307 RPD:1
[CH: 50] LEN: 12 | HEX: F9 77 EC F5 FD 73 91 EE 0D 39 AD DD | T:869307 RPD:0
[CH: 50] LEN: 12 | HEX: F9 77 DD FB EC 75 91 F7 72 1C BB F7 | T:869318 RPD:1
[CH: 50] LEN: 12 | HEX: F1 77 7A F7 BD 79 91 FE 8C 56 AD FF | T:869330 RPD:1
[CH: 50] LEN: 12 | HEX: F1 77 F5 FA F6 70 91 FE BA BB BF DF | T:869330 RPD:0
[CH: 50] LEN: 12 | HEX: E9 77 FA F1 EE 77 91 FE D8 FF 77 FF | T:869341 RPD:1
[CH: 50] LEN: 12 | HEX: F9 77 5E FD FF 73 91 EF 0D 39 BF FB | T:869341 RPD:0
[CH: 50] LEN: 12 | HEX: F9 77 BC F3 FD 75 91 FE F2 1C BF FF | T:869353 RPD:1
[CH: 50] LEN: 12 | HEX: F1 77 AB F7 FD 79 91 FE 8C 56 BF FF | T:869353 RPD:0
[CH: 50] LEN: 12 | HEX: F9 77 FD FE F6 70 91 ED 3A BB BF FD | T:869364 RPD:1
[CH: 50] LEN: 12 | HEX: E9 77 ED F9 EC 77 91 FE D8 FF FF 7F | T:869376 RPD:1
[CH: 50] LEN: 12 | HEX: F9 77 FA F8 FA 76 91 F7 45 9E AE FF | T:869376 RPD:0
[CH: 50] LEN: 12 | HEX: F5 77 FA F6 FA 70 91 F7 7A BB BF FF | T:869387 RPD:1
[CH: 50] LEN: 12 | HEX: F1 77 AC F8 F6 76 91 FF A5 9E BF FE | T:869387 RPD:0
[CH: 50] LEN: 12 | HEX: F9 77 F4 F7 7A 79 91 FE CC 56 BF B7 | T:869399 RPD:1
[CH: 50] LEN: 12 | HEX: F5 77 FA F7 FD 75 91 FF 72 1C BD DF | T:869399 RPD:0
[CH: 50] LEN: 12 | HEX: F1 77 D6 F9 FE 77 91 FE 58 FF BF FF | T:869410 RPD:1
[CH: 50] LEN: 12 | HEX: F1 77 EC FE FA 70 91 F5 7A BB AF AF | T:869422 RPD:1
[CH: 50] LEN: 12 | HEX: F9 77 FA FD FE 73 91 F7 0D 39 BE DF | T:869422 RPD:1
[CH: 50] LEN: 12 | HEX: F1 77 BA F0 FC 76 91 EF 45 9E BF ED | T:869433 RPD:1
[CH: 50] LEN: 12 | HEX: F9 77 FD FD FA 73 91 FF 0D 39 BF DE | T:869433 RPD:0
[CH: 50] LEN: 12 | HEX: F1 77 7E FB DF 75 91 FE F2 1C BF FF | T:869445 RPD:1
[CH: 50] LEN: 12 | HEX: F1 77 AD F7 FB 79 91 FF 4C 56 BF FD | T:869456 RPD:1
[CH: 50] LEN: 12 | HEX: E9 77 F4 F4 EE 70 91 ED 3A BB BE BD | T:869456 RPD:0
[CH: 50] LEN: 12 | HEX: F1 77 7A F1 FD 77 91 FE D8 FE F7 77 | T:869468 RPD:1
[CH: 50] LEN: 12 | HEX: F1 77 BD F9 FE 73 91 FE 8D 39 BD 7F | T:869468 RPD:0
[CH: 50] LEN: 12 | HEX: F1 77 FD F3 DD 75 91 FF 72 1C BF F3 | T:869479 RPD:1
[CH: 50] LEN: 12 | HEX: F5 77 FC F7 FD 79 91 FE 8C 56 BE FF | T:869479 RPD:0
[CH: 50] LEN: 12 | HEX: F9 77 FE F6 FE 70 91 ED BA BB AE BF | T:869491 RPD:1
[CH: 50] LEN: 12 | HEX: F5 77 AD F5 F4 77 91 EB 58 FF 6D 7E | T:869502 RPD:1
[CH: 50] LEN: 12 | HEX: F1 77 DE F8 FE 76 91 FE 85 9E AF 6F | T:869502 RPD:0
[CH: 50] LEN: 12 | HEX: F9 77 D4 FD F4 73 91 FF 0D 39 AF F5 | T:869514 RPD:1
[CH: 50] LEN: 12 | HEX: F1 77 BA F0 F4 76 91 F6 A5 9E BE FF | T:869514 RPD:0
[CH: 50] LEN: 12 | HEX: F1 77 D6 F7 BA 79 91 FD 0C 56 BF FF | T:869525 RPD:1
[CH: 50] LEN: 12 | HEX: F1 77 FF F3 EC 75 91 FF 72 1C BB FF | T:869525 RPD:0
[CH: 50] LEN: 12 | HEX: F9 77 BD F9 FE 77 91 F7 58 FF FF FF | T:869537 RPD:1
[CH: 50] LEN: 12 | HEX: F1 77 74 FE FE 70 91 FF 3A BB BF F5 | T:869548 RPD:1
[CH: 50] LEN: 12 | HEX: F1 77 D6 FB EC 73 91 FE 8D 39 BE FF | T:869548 RPD:0
[CH: 50] LEN: 12 | HEX: F9 77 FD F8 FE 76 91 FF 85 9E BF FF | T:869560 RPD:1
[CH: 50] LEN: 12 | HEX: F9 77 ED F7 FD 75 91 FF F2 1C B6 BF | T:869560 RPD:1
[CH: 50] LEN: 12 | HEX: F1 77 AC F1 F6 77 91 FF D8 FF 7F DB | T:869571 RPD:1
[CH: 50] LEN: 12 | HEX: F5 77 FD F7 FD 79 91 F6 8C 56 BF 7F | T:869571 RPD:0
[CH: 50] LEN: 12 | HEX: F1 77 FD F6 EE 70 91 FF 7A BB BB BF | T:869583 RPD:1
[CH: 50] LEN: 12 | HEX: E9 77 EE F1 D6 77 51 EB 58 F7 6F FF | T:869594 RPD:1
[CH: 50] LEN: 12 | HEX: F1 77 DE F8 F6 76 91 FF 45 9E AE FF | T:869594 RPD:0
[CH: 50] LEN: 12 | HEX: F9 77 F5 FD EE 73 91 FE 8D 39 BF 7F | T:869605 RPD:1
[CH: 50] LEN: 12 | HEX: F9 77 FC F7 FD 79 91 FF 4C 56 BF EE | T:869606 RPD:0
[CH: 50] LEN: 12 | HEX: F1 77 EE FA FE 70 91 FE BA BB BF 7F | T:869617 RPD:1
[CH: 50] LEN: 12 | HEX: F1 77 FE F1 FE 77 91 F7 58 FB FB FF | T:869628 RPD:1
[CH: 50] LEN: 12 | HEX: F9 77 F5 F4 FE 76 91 EE 85 9E AF 5F | T:869629 RPD:0
[CH: 50] LEN: 12 | HEX: F9 77 AE FB EE 73 91 EF 0D 39 BF FF | T:869640 RPD:1
[CH: 50] LEN: 12 | HEX: F9 77 BD F8 F6 76 91 FE 85 9E AF FF | T:869640 RPD:0
[CH: 50] LEN: 12 | HEX: F9 77 7A F7 FA 79 91 FF 4C 56 B7 FF | T:869651 RPD:1
[CH: 50] LEN: 12 | HEX: F9 77 DF FB FE 75 91 DD F2 1C BF EF | T:869652 RPD:0
[CH: 50] LEN: 12 | HEX: F1 77 FD F9 FE 77 11 DD D8 FF 7D FD | T:869663 RPD:1
[CH: 50] LEN: 12 | HEX: F1 77 FA FE F4 70 91 FE BA BB BA FF | T:869674 RPD:1
[CH: 50] LEN: 12 | HEX: F1 77 FA F7 F6 73 91 FF 8D 39 A5 F7 | T:869675 RPD:0
[CH: 50] LEN: 12 | HEX: F9 77 74 F0 F4 76 91 EE 85 9E BF BF | T:869686 RPD:1
[CH: 50] LEN: 12 | HEX: F9 77 BA FB FD 75 91 F5 72 1C B7 BB | T:869686 RPD:0
[CH: 50] LEN: 12 | HEX: F9 77 7E F1 D6 77 91 EF 58 F5 3F ED | T:869697 RPD:1
[CH: 50] LEN: 12 | HEX: F1 77 AC FE FE 70 91 DE 7E BB AF F3 | T:869698 RPD:0
[CH: 50] LEN: 12 | HEX: F1 77 7E FB FD 75 91 FE F2 1C BF FB | T:869709 RPD:1
[CH: 50] LEN: 12 | HEX: F1 77 5B F9 FE 77 91 FF 58 F7 BF FF | T:869720 RPD:1
[CH: 50] LEN: 12 | HEX: F9 77 74 F8 FE 76 91 FE 85 9C BF FF | T:869721 RPD:0
[CH: 50] LEN: 12 | HEX: F9 77 FD FD FE 73 91 F7 0D 39 BF DF | T:869732 RPD:1
[CH: 50] LEN: 12 | HEX: F1 77 AC F7 FA 71 91 DD 8C 56 BB FF | T:869732 RPD:0
[CH: 50] LEN: 12 | HEX: F5 77 7A F6 EE 70 91 D7 BA BB AF FE | T:869743 RPD:1
[CH: 50] LEN: 12 | HEX: F1 77 AD F9 FE 77 91 FF D8 F7 6B BD | T:869755 RPD:1
[CH: 50] LEN: 12 | HEX: F9 77 EE F8 FE 76 91 FE C5 9E AF DD | T:869755 RPD:0
[CH: 50] LEN: 12 | HEX: F1 77 DD FD FE 73 91 FF 0D 39 BF F6 | T:869766 RPD:1
[CH: 50] LEN: 12 | HEX: F5 77 FA F7 FC 79 91 DE 8C 56 BF FF | T:869767 RPD:0
[CH: 50] LEN: 12 | HEX: F9 77 DA F5 FE 73 91 FD 0D 39 AB EF | T:869778 RPD:1
[CH: 50] LEN: 12 | HEX: F1 77 FD F3 DA 75 91 EB 72 1C B7 7F | T:869778 RPD:0
[CH: 50] LEN: 12 | HEX: F5 77 BE F9 F6 77 91 F6 D8 FF FF EF | T:869789 RPD:1
[CH: 50] LEN: 12 | HEX: F9 77 DD EA FE 70 91 FD 3A BB B4 FF | T:869801 RPD:1
[CH: 50] LEN: 12 | HEX: F1 77 FD F5 FF 73 91 ED 8D 39 BB DB | T:869801 RPD:0
[CH: 50] LEN: 12 | HEX: E9 77 FA F8 FE 76 91 DD 45 9C B7 7E | T:869812 RPD:1
[CH: 50] LEN: 12 | HEX: F1 77 BE FB B4 75 91 EE 72 1C BD FF | T:869812 RPD:0
[CH: 50] LEN: 12 | HEX: E9 77 FA F1 DE 77 11 FF 58 FF 6F FF | T:869824 RPD:1
[CH: 50] LEN: 12 | HEX: ED 77 FC FE FD 70 91 FE 7A BB BF F7 | T:869824 RPD:0
[CH: 50] LEN: 12 | HEX: F1 77 D4 F9 EE 73 91 FE 8D 39 AF FB | T:869835 RPD:1
[CH: 50] LEN: 12 | HEX: F5 77 F9 F8 FA 76 91 EE 85 9E B7 AA | T:869847 RPD:1
[CH: 50] LEN: 12 | HEX: F9 77 FE F7 FA 79 91 EF 4C 56 AE FF | T:869847 RPD:0
[CH: 50] LEN: 12 | HEX: E9 77 DD F7 FE 73 91 FF 0D 39 B5 47 | T:869858 RPD:1
[CH: 50] LEN: 12 | HEX: F9 77 FD F7 FD 79 91 FF 8C 56 AF FF | T:869858 RPD:0
[CH: 50] LEN: 12 | HEX: F9 77 FD FE FE 70 91 FE BA BB B7 FF | T:869870 RPD:1
[CH: 50] LEN: 12 | HEX: F9 77 BC F1 F5 77 11 EE D8 FF DF EF | T:869881 RPD:1
[CH: 50] LEN: 12 | HEX: F9 77 AA F0 FE 76 91 EF 45 9C AF FF | T:869881 RPD:0
[CH: 50] LEN: 12 | HEX: F9 77 FA FD FD 73 91 FE 8D 39 AF 7E | T:869893 RPD:1
[CH: 50] LEN: 12 | HEX: F1 77 BD F7 AA 79 91 FE 8C 56 AF F7 | T:869893 RPD:0
[CH: 50] LEN: 12 | HEX: F1 77 FF FE FE 70 91 EE BA BB BF EF | T:869904 RPD:1
[CH: 50] LEN: 12 | HEX: F1 77 FD F9 FE 77 91 FE D8 FE BF FF | T:869904 RPD:0
[CH: 50] LEN: 12 | HEX: F9 77 FD F0 FE 76 91 FF A5 9E AF FF | T:869916 RPD:1
[CH: 50] LEN: 12 | HEX: F1 77 FA F6 EA 70 91 FE FE BB AF 7F | T:869927 RPD:1
[CH: 50] LEN: 12 | HEX: F9 77 FA F9 FE 73 91 EE 0D 39 BF ED | T:869927 RPD:0
[CH: 50] LEN: 12 | HEX: F9 77 FD F8 FE 76 91 FF 85 9E AD FF | T:869939 RPD:1
[CH: 50] LEN: 12 | HEX: F1 77 FA F3 DD 75 91 EE F2 1C BF FF | T:869939 RPD:0
[CH: 50] LEN: 12 | HEX: F9 77 DE F1 F6 77 91 FE D8 FF 3F FF | T:869950 RPD:1
[CH: 50] LEN: 12 | HEX: F9 77 AC FA FE 70 91 FF FA BB AF BE | T:869950 RPD:0
[CH: 50] LEN: 12 | HEX: ED 7F FC ED FA 73 91 EE 8D 39 BA F7 | T:869962 RPD:1
[CH: 50] LEN: 12 | HEX: F9 77 BA F0 FA 76 91 F5 A5 9E BF FF | T:869973 RPD:1
[CH: 50] LEN: 12 | HEX: F9 77 F4 F7 F9 79 91 DF 8C 56 B7 FF | T:869973 RPD:0
[CH: 50] LEN: 12 | HEX: F9 77 FA FB BD 75 91 EE 72 1C BF FF | T:869985 RPD:1
[CH: 50] LEN: 12 | HEX: F5 77 B8 F7 BC 79 91 F7 4C 56 BF EF | T:869985 RPD:0
[CH: 50] LEN: 12 | HEX: F1 77 FA FE EE 70 91 FF 7A BB AF F7 | T:869996 RPD:1
[CH: 50] LEN: 12 | HEX: F9 77 FE F9 FE 77 91 EF 58 FE AB FF | T:869996 RPD:0
[CH: 50] LEN: 12 | HEX: F9 77 FA EC FE 76 91 FD 45 9E B9 FD | T:870008 RPD:1
[CH: 50] LEN: 12 | HEX: F9 77 D6 F9 FE 73 91 FA 0D 39 BE EF | T:870019 RPD:1
[CH: 50] LEN: 12 | HEX: F9 77 FD FB FD 75 91 EF 72 1C BB DB | T:870019 RPD:0
[CH: 50] LEN: 12 | HEX: F1 77 BC F7 BC 79 91 F7 0C 56 AF FF | T:870031 RPD:1
[CH: 50] LEN: 12 | HEX: F1 77 FD F9 FE 77 91 FF D8 FE A7 BD | T:870031 RPD:0
[CH: 50] LEN: 12 | HEX: F9 77 FE F0 FE 76 91 FE C5 9E AF FF | T:870042 RPD:1
[CH: 50] LEN: 12 | HEX: F9 77 FA FD EE 73 91 FE 8D 39 AF 7F | T:870053 RPD:1
[CH: 50] LEN: 12 | HEX: F9 77 FD F9 FE 77 91 EE 58 F7 6F 7B | T:870054 RPD:0
[CH: 50] LEN: 12 | HEX: F9 77 F6 F0 F6 76 91 EB C5 9C AE AE | T:870065 RPD:1
[CH: 50] LEN: 12 | HEX: F5 77 FA EB FD 75 91 FF F2 1C BD FF | T:870065 RPD:0
[CH: 50] LEN: 12 | HEX: F5 77 BC F1 FD 77 91 FE D8 FF BF F9 | T:870076 RPD:1
[CH: 50] LEN: 12 | HEX: F9 77 DE FE FE 70 91 FF 7A BB BF FB | T:870077 RPD:0
[CH: 50] LEN: 12 | HEX: F1 77 FD F5 FE 73 D1 FE 0D 39 AF EF | T:870088 RPD:1
[CH: 50] LEN: 12 | HEX: F1 77 DC F8 FE 76 91 FF 45 9E BF FF | T:870099 RPD:1
[CH: 50] LEN: 12 | HEX: F1 77 DE F7 FA 71 91 F6 8C 56 BD FF | T:870100 RPD:1
[CH: 50] LEN: 12 | HEX: F1 77 BA F3 BB 75 91 FE F2 1C BD F5 | T:870111 RPD:1
[CH: 50] LEN: 12 | HEX: F9 77 FD F7 FA 79 91 FF 4C 56 AB F6 | T:870111 RPD:0
[CH: 50] LEN: 12 | HEX: F9 77 FA FE FA 70 91 EE BE BB AE D6 | T:870122 RPD:1
[CH: 50] LEN: 12 | HEX: F9 77 7C F9 FE 77 91 EE D8 FE BE FE | T:870123 RPD:0
[CH: 50] LEN: 12 | HEX: F1 77 D9 F4 FA 76 91 FD 45 9E BF DF | T:870134 RPD:1
[CH: 50] LEN: 12 | HEX: F9 77 DC FB FD 75 91 ED 72 1C BF EF | T:870145 RPD:1
[CH: 50] LEN: 12 | HEX: F1 77 AE F1 FE 77 91 EF D8 F6 BF 7F | T:870146 RPD:0
[CH: 50] LEN: 12 | HEX: F9 77 BA F7 BE 71 91 EE 8C 56 BD 6F | T:870157 RPD:1
[CH: 50] LEN: 12 | HEX: F1 77 FF F5 FE 77 91 FF 58 FF 6F B7 | T:870157 RPD:0
[CH: 50] LEN: 12 | HEX: F1 77 FD F8 FE 76 91 FF 65 9E BB F7 | T:870168 RPD:1
[CH: 50] LEN: 12 | HEX: F9 77 FA FD FE 73 91 F7 0D 39 BF FB | T:870180 RPD:1
[CH: 50] LEN: 12 | HEX: F9 77 7C F7 ED 75 91 FE F2 1C BB FB | T:870180 RPD:0
[CH: 50] LEN: 12 | HEX: F9 77 DD F7 FD 79 91 ED 0C 56 B7 F7 | T:870191 RPD:1
[CH: 50] LEN: 12 | HEX: F1 77 BA FB FD 75 91 FF 72 1C BF FE | T:870192 RPD:0
[CH: 50] LEN: 12 | HEX: F9 77 DC F1 FE 77 91 FD D8 FE FF 7F | T:870203 RPD:1
[CH: 50] LEN: 12 | HEX: F9 77 BD FE F5 70 91 DB 7A BB FF FF | T:870203 RPD:0
[CH: 50] LEN: 12 | HEX: F9 77 BA F9 F6 73 91 FE 8D 39 BD F7 | T:870214 RPD:1
[CH: 50] LEN: 12 | HEX: F9 77 AE F8 FE 76 91 DE 85 9E BE FE | T:870226 RPD:1
[CH: 50] LEN: 12 | HEX: E9 77 FD F7 EE 79 91 F5 0C 56 B7 7D | T:870226 RPD:0
[CH: 50] LEN: 12 | HEX: F9 77 FD FB DC 75 91 FF 72 1C B7 FF | T:870237 RPD:1
[CH: 50] LEN: 12 | HEX: F5 77 FD FE FE 70 91 F7 BA BB BD 6A | T:870238 RPD:1
[CH: 50] LEN: 12 | HEX: F1 77 FD F5 FE 73 91 EF 0D 39 BF FF | T:870249 RPD:1
[CH: 50] LEN: 12 | HEX: F9 77 FD F9 FE 77 91 EE D8 FF BF F7 | T:870249 RPD:0
[CH: 50] LEN: 12 | HEX: F1 77 5E EC EA 76 91 EB C5 9E BF 7F | T:870260 RPD:1
[CH: 50] LEN: 12 | HEX: F1 77 BE F5 EC 73 91 EE 8D 39 AD EF | T:870272 RPD:1
[CH: 50] LEN: 12 | HEX: F9 77 EE FB DC 75 91 FE F2 1C BA FE | T:870272 RPD:0
[CH: 50] LEN: 12 | HEX: F1 77 EC F7 FD 79 91 FF CC 56 BF DF | T:870283 RPD:1
[CH: 50] LEN: 12 | HEX: E9 77 FE F9 EC 77 91 FE D8 FF BF BD | T:870283 RPD:0
[CH: 50] LEN: 12 | HEX: F1 77 FC E7 5E 79 91 EF 0C 56 BD 7F | T:870295 RPD:1
[CH: 50] LEN: 12 | HEX: F9 77 D9 FD FE 73 91 ED 0D 39 BF FF | T:870306 RPD:1
[CH: 50] LEN: 12 | HEX: F9 77 FB FB FE 75 91 FF 72 1C BF FF | T:870306 RPD:0
[CH: 50] LEN: 12 | HEX: F9 77 FB F7 AB 79 91 EB 8C 56 BE F7 | T:870318 RPD:1
[CH: 50] LEN: 12 | HEX: F1 77 EC F9 FF 77 91 FE D8 F7 AF 6E | T:870318 RPD:0
[CH: 50] LEN: 12 | HEX: F9 77 EA F8 F4 76 91 D5 45 9E BF EA | T:870329 RPD:1
[CH: 50] LEN: 12 | HEX: ED 77 FD F6 FA 70 91 EE BA BB F3 F3 | T:870329 RPD:0
[CH: 50] LEN: 12 | HEX: F1 77 F9 F5 FD 73 91 EF 0D 39 AA F7 | T:870341 RPD:1
[CH: 50] LEN: 12 | HEX: F9 77 FE F0 FC 76 91 FF C5 9F AF 73 | T:870352 RPD:1
[CH: 50] LEN: 12 | HEX: F1 77 BA E7 BA 79 91 FE 8C 56 AD 77 | T:870352 RPD:0
[CH: 50] LEN: 12 | HEX: F9 77 F4 F3 FE 75 91 FE F2 1C BF 7D | T:870364 RPD:1
[CH: 50] LEN: 12 | HEX: E9 77 FA F6 EA 70 91 FE BA BB AF FF | T:870364 RPD:0
[CH: 50] LEN: 12 | HEX: F1 77 BA FD FE 73 91 EE 8D 39 BE FB | T:870375 RPD:1
[CH: 50] LEN: 12 | HEX: F1 77 FB F8 FE 76 91 FF 85 9E BF DF | T:870375 RPD:1
[CH: 50] LEN: 12 | HEX: F9 77 AD F7 BE 79 91 FD 0C 56 BF FF | T:870387 RPD:1
[CH: 50] LEN: 12 | HEX: F1 77 BC F5 FE 73 91 FF 0D 39 BF FF | T:870398 RPD:1
[CH: 50] LEN: 12 | HEX: F5 77 DE FF DC 75 91 ED 72 1C BD FF | T:870398 RPD:0
[CH: 50] LEN: 12 | HEX: F9 77 BD F7 FC 79 91 FF CC 56 BB FF | T:870410 RPD:1
[CH: 50] LEN: 12 | HEX: F1 77 BB F1 DD 77 91 FD D8 EE AE FF | T:870410 RPD:0
[CH: 50] LEN: 12 | HEX: F9 77 FD F8 FA 76 91 EE 85 9E BF DB | T:870421 RPD:1
[CH: 50] LEN: 12 | HEX: E9 77 ED F5 FE 73 91 DD 0D 39 B6 7F | T:870421 RPD:0
[CH: 50] LEN: 12 | HEX: F9 77 BD FB FB 75 91 FE F2 1C BB FF | T:870433 RPD:1
[CH: 50] LEN: 12 | HEX: F1 77 BE F7 DA 79 91 DD 0C 56 AE FD | T:870444 RPD:1
[CH: 50] LEN: 12 | HEX: E9 77 FD F6 F6 70 91 FF BA BB BF FB | T:870444 RPD:0
[CH: 50] LEN: 12 | HEX: F1 77 BD F9 D6 77 91 FF D8 FB BF ED | T:870456 RPD:1
[CH: 50] LEN: 12 | HEX: F9 77 FD F6 FA 70 91 FF 3A BB BF FF | T:870456 RPD:0
[CH: 50] LEN: 12 | HEX: F9 77 FC F9 D6 73 91 EF 8D 39 BF FF | T:870467 RPD:1
[CH: 50] LEN: 12 | HEX: E9 77 BD F8 FE 76 91 EE 85 9C BF EB | T:870478 RPD:1
[CH: 50] LEN: 12 | HEX: F9 77 BD F7 BA 7D 91 FE 8C 56 B5 FE | T:870479 RPD:0
[CH: 50] LEN: 12 | HEX: F9 77 AE FF DD 75 91 FF 72 1C BF FF | T:870490 RPD:1
[CH: 50] LEN: 12 | HEX: F9 77 FD F4 FD 70 91 EF 3A BB BF FF | T:870490 RPD:0
[CH: 50] LEN: 12 | HEX: F1 77 DD F9 FC 73 91 FE 8D 39 BB FA | T:870502 RPD:1
[CH: 50] LEN: 12 | HEX: F9 77 BE F8 FE 76 91 EF C5 9C BF BB | T:870502 RPD:0
[CH: 50] LEN: 12 | HEX: F9 77 FD F7 FD 79 91 FF 4C 56 BE FE | T:870513 RPD:1
[CH: 50] LEN: 12 | HEX: F1 77 DE FB FF 75 91 FF F2 1C AD FF | T:870524 RPD:1
[CH: 50] LEN: 12 | HEX: F9 77 FA F1 FE 77 91 FD 58 FF 7D DB | T:870525 RPD:0
[CH: 50] LEN: 12 | HEX: E9 77 5E E7 F9 71 91 EF 8C 56 BD FF | T:870536 RPD:1
[CH: 50] LEN: 12 | HEX: F5 77 AD F9 FD 77 91 FE D8 FF 3A FD | T:870536 RPD:0
[CH: 50] LEN: 12 | HEX: F5 77 FD F8 FE 76 91 FF C5 9E BE FF | T:870548 RPD:1
[CH: 50] LEN: 12 | HEX: F1 77 BD EB EE 73 D1 FE 0D 39 BF FF | T:870548 RPD:0
[CH: 50] LEN: 12 | HEX: F1 77 FD F7 DE 75 91 FE 72 1C BB FF | T:870559 RPD:1
[CH: 50] LEN: 12 | HEX: F1 77 FF F7 FA 79 91 F7 8C 56 AF FF | T:870570 RPD:1
[CH: 50] LEN: 12 | HEX: F1 77 AE F6 FA 70 91 DF BA BB BF FF | T:870571 RPD:0
[CH: 50] LEN: 12 | HEX: F9 77 FD F9 F4 77 91 FF 58 FF 7F 7F | T:870582 RPD:1
[CH: 50] LEN: 12 | HEX: F9 77 75 FD EE 73 91 EF 0D 39 BF AF | T:870582 RPD:0
[CH: 50] LEN: 12 | HEX: F9 77 DE FB FE 75 91 FE 72 1C BF 6F | T:870593 RPD:1
[CH: 50] LEN: 12 | HEX: F1 77 AE F0 FE 76 91 FD 45 9E BA DB | T:870605 RPD:1
[CH: 50] LEN: 12 | HEX: F9 77 FA F7 FB 75 91 FE 8C 56 BE AD | T:870605 RPD:0
[CH: 50] LEN: 12 | HEX: F9 77 F9 F3 FD 75 91 F6 72 1C BF 7F | T:870616 RPD:1
[CH: 50] LEN: 12 | HEX: F1 77 F9 EE F6 70 91 FF BA BB BF FD | T:870617 RPD:0
[CH: 50] LEN: 12 | HEX: F9 77 B4 FD FE 73 91 FF 0D 39 AE F7 | T:870628 RPD:1
[CH: 50] LEN: 12 | HEX: F1 77 FB F8 F5 76 91 FF C5 9E BF FF | T:870628 RPD:0
[CH: 50] LEN: 12 | HEX: F1 77 FC F7 EE 79 91 FF 4C 56 BF FF | T:870639 RPD:1
[CH: 50] LEN: 12 | HEX: F1 77 7D F3 D6 75 91 FE F2 1C BF FD | T:870651 RPD:1
[CH: 50] LEN: 12 | HEX: F1 77 FC F9 EE 77 91 FF 58 FF 3E F7 | T:870651 RPD:0
[CH: 50] LEN: 12 | HEX: F5 77 5E FE EE 70 91 FF 3E BB BF 7F | T:870662 RPD:1
[CH: 50] LEN: 12 | HEX: F9 77 FE F9 FE 77 91 FF 58 F5 3F FE | T:870663 RPD:0
[CH: 50] LEN: 12 | HEX: F9 77 FB F0 F5 76 91 EF 45 9E BB 62 | T:870674 RPD:1
[CH: 50] LEN: 12 | HEX: F9 77 BE F5 EE 73 91 FF 0D 39 AF EB | T:870674 RPD:0
[CH: 50] LEN: 12 | HEX: F1 77 F4 F3 FD 75 91 FC F2 1C AF FB | T:870685 RPD:1
[CH: 50] LEN: 12 | HEX: F9 77 F4 F7 B4 79 91 FD 0C 56 AA FF | T:870697 RPD:1
[CH: 50] LEN: 12 | HEX: F1 77 AE F6 F6 70 91 D5 7A BB BF FF | T:870697 RPD:0
[CH: 50] LEN: 12 | HEX: F1 77 BD F1 FE 77 91 EF 58 FA AF ED | T:870708 RPD:1
[CH: 50] LEN: 12 | HEX: F9 77 FD F5 EA 73 91 F5 8D 39 BF 7F | T:870709 RPD:0
[CH: 50] LEN: 12 | HEX: F9 77 FD FB FD 75 91 F7 72 1C B7 FE | T:870720 RPD:1
[CH: 50] LEN: 12 | HEX: F1 77 FD FF BD 75 91 FF 0C 56 BB FF | T:870731 RPD:1
[CH: 50] LEN: 12 | HEX: F9 77 FD FE FE 70 91 FF FA BB AF EF | T:870731 RPD:0
[CH: 50] LEN: 12 | HEX: F9 77 55 FB AF 75 91 FE 72 1C BD 5E | T:870743 RPD:1
[CH: 50] LEN: 12 | HEX: F9 77 FD FF F6 70 91 FE BA BB BF 7F | T:870743 RPD:0
[CH: 50] LEN: 12 | HEX: F1 77 DE FD FE 73 91 FE 8D 39 BF FB | T:870754 RPD:1
[CH: 50] LEN: 12 | HEX: F9 77 FD F4 F6 76 91 EF 85 9E BD 7B | T:870755 RPD:0
[CH: 50] LEN: 12 | HEX: F9 77 FD F7 FC 79 91 ED 8C 56 B7 FB | T:870766 RPD:1
[CH: 50] LEN: 12 | HEX: F1 77 7A F3 DD 75 91 EB 72 1C BF FF | T:870777 RPD:1
[CH: 50] LEN: 12 | HEX: F5 77 FC F9 FE 77 91 FE D8 FF BD FF | T:870777 RPD:0
[CH: 50] LEN: 12 | HEX: F1 77 DF FE FE 70 91 FD 3A BB B7 7F | T:870789 RPD:1
[CH: 50] LEN: 12 | HEX: F1 77 FD F8 F6 76 91 FF A5 9C BF 7B | T:870789 RPD:0
[CH: 50] LEN: 12 | HEX: F1 77 EC F7 BC 79 91 F5 8C 56 AD BF | T:870800 RPD:1
[CH: 50] LEN: 12 | HEX: F1 77 BD F5 EE 73 91 EE 0D 39 BF FF | T:870800 RPD:0
[CH: 50] LEN: 12 | HEX: F1 77 ED F3 EE 75 91 EE F2 1C BD 7F | T:870812 RPD:1
[CH: 50] LEN: 12 | HEX: F9 77 FA F7 BB 79 91 EF 8C 56 BF F9 | T:870823 RPD:1
[CH: 50] LEN: 12 | HEX: F9 77 B5 F4 F4 70 91 F5 3A BB BF 7F | T:870823 RPD:0
[CH: 50] LEN: 12 | HEX: F9 77 FB E8 FC 76 91 F6 85 9E AF FF | T:870835 RPD:1
[CH: 50] LEN: 12 | HEX: F9 77 74 FD D6 73 91 EE 0D 39 AF FF | T:870835 RPD:0
[CH: 50] LEN: 12 | HEX: F9 77 FD FB DC 75 91 FF 72 1C B7 FF | T:870846 RPD:1
[CH: 50] LEN: 12 | HEX: F1 77 FA F7 EC 79 91 FE 8C 56 BD 7E | T:870846 RPD:0
[CH: 50] LEN: 12 | HEX: F9 77 BD FA FE 70 91 FE BA BB FF BF | T:870858 RPD:1
[CH: 50] LEN: 12 | HEX: F9 77 D6 F1 FE 77 91 ED 58 D5 39 FF | T:870869 RPD:1
[CH: 50] LEN: 12 | HEX: F9 77 7E F0 FE 76 91 DE C5 9E BA DD | T:870869 RPD:0
[CH: 50] LEN: 12 | HEX: F5 77 FD EE FE 70 91 FF 7A BB B7 EF | T:870881 RPD:1
[CH: 50] LEN: 12 | HEX: F9 77 FD F8 FE 76 91 FF 45 9E BF 5F | T:870881 RPD:0
[CH: 50] LEN: 12 | HEX: E9 77 F5 F7 7A 71 91 FF 4C 56 BE FF | T:870892 RPD:1
[CH: 50] LEN: 12 | HEX: F1 77 DE FB DD 75 91 EE F2 1C BF 5B | T:870903 RPD:1
[CH: 50] LEN: 12 | HEX: F5 77 AF F9 EC 77 91 D5 58 FF 7F BA | T:870904 RPD:0
[CH: 50] LEN: 12 | HEX: F9 77 AD FA FD 70 91 EE BA BB BF FF | T:870915 RPD:1
[CH: 50] LEN: 12 | HEX: F1 77 74 F0 FE 76 91 EB C5 9E A6 FD | T:870915 RPD:0
[CH: 50] LEN: 12 | HEX: F9 77 B5 F7 DC 79 91 FF 4C 56 B6 EF | T:870927 RPD:1
[CH: 50] LEN: 12 | HEX: F1 77 74 F3 FE 75 91 FD 72 1C BB FF | T:870927 RPD:0
[CH: 50] LEN: 12 | HEX: F1 77 FE F1 FE 77 91 FF D8 FF BF 7E | T:870938 RPD:1
[CH: 50] LEN: 12 | HEX: F1 77 BB F7 AC 79 91 F6 8C 56 AF BF | T:870949 RPD:1
[CH: 50] LEN: 12 | HEX: F1 77 BC F6 FE 70 91 FD 3A BB BF FE | T:870950 RPD:0
[CH: 50] LEN: 12 | HEX: F9 77 FC F1 FE 77 91 F7 58 FF 7F FB | T:870961 RPD:1
[CH: 50] LEN: 12 | HEX: F9 77 AF F5 EC 73 91 FD 0D 39 BD FF | T:870961 RPD:0
[CH: 50] LEN: 12 | HEX: F1 77 BC EB FE 75 91 D6 F2 1C BF AF | T:870973 RPD:1
[CH: 50] LEN: 12 | HEX: F1 77 AE F7 FD 79 91 F6 8C 56 B7 F7 | T:870973 RPD:0
[CH: 50] LEN: 12 | HEX: F1 77 B6 FE FE 70 91 FF 7A BB B3 7F | T:870984 RPD:1
[CH: 50] LEN: 12 | HEX: F1 77 BA F1 FD 77 11 DE D8 FF 2F FA | T:870995 RPD:1
[CH: 50] LEN: 12 | HEX: F1 77 7A F0 EE 76 91 FD 45 9E BA FD | T:870996 RPD:0
[CH: 50] LEN: 12 | HEX: F1 77 B8 F7 FE 73 91 F5 0D 39 AF BD | T:871007 RPD:1
[CH: 50] LEN: 12 | HEX: F9 77 DE F0 FE 76 91 FD 45 9E AF A5 | T:871007 RPD:0
[CH: 50] LEN: 12 | HEX: F1 77 7E F7 DD 79 91 FD 4C 56 B7 FD | T:871019 RPD:1
[CH: 50] LEN: 12 | HEX: F5 77 DF FB FC 75 91 FD 72 1C AF DF | T:871030 RPD:1
[CH: 50] LEN: 12 | HEX: F5 77 D6 F9 DC 77 11 DD 58 F6 AF BF | T:871030 RPD:0
[CH: 50] LEN: 12 | HEX: F1 77 BA FE FE 70 91 EE FA BB BB FF | T:871041 RPD:1
[CH: 50] LEN: 12 | HEX: F1 77 5E F0 FE 76 91 FF 45 9E BF FF | T:871042 RPD:0
[CH: 50] LEN: 12 | HEX: F9 77 BC F7 FD 79 91 FE 8C 56 BF FB | T:871053 RPD:1
[CH: 50] LEN: 12 | HEX: F1 77 DA FB FF 75 91 EE F2 1C BF FF | T:871053 RPD:0
[CH: 50] LEN: 12 | HEX: F9 77 BA F9 FE 77 91 EE D8 FF 77 FF | T:871064 RPD:1
[CH: 50] LEN: 12 | HEX: F1 77 FE F4 F4 70 91 F7 7A BB BB ED | T:871076 RPD:1
[CH: 50] LEN: 12 | HEX: F5 77 7E E9 EA 73 91 FF 8D 39 BF F7 | T:871076 RPD:0
[CH: 50] LEN: 12 | HEX: F9 77 FD F9 EE 77 91 FE D8 FB B7 3F | T:871087 RPD:1
[CH: 50] LEN: 12 | HEX: F1 77 74 F9 EE 73 91 FF 0D 39 BE EA | T:871088 RPD:0
[CH: 50] LEN: 12 | HEX: F1 77 FE FB FE 75 91 FF F2 1E BE FF | T:871099 RPD:1
[CH: 50] LEN: 12 | HEX: E9 77 7C F7 F5 79 91 DA 8C 56 BF DE | T:871099 RPD:0
[CH: 50] LEN: 12 | HEX: F1 77 FB FE FE 70 91 F7 7A BB BB BF | T:871110 RPD:1
[CH: 50] LEN: 12 | HEX: F1 77 FD F1 EC 77 11 FD 58 F7 3F FF | T:871122 RPD:1
[CH: 50] LEN: 12 | HEX: F9 77 5A F0 F6 76 91 EE C5 9E BF DF | T:871122 RPD:1
[CH: 50] LEN: 12 | HEX: F9 77 FF FD F6 73 91 FE 8D 39 BD F7 | T:871133 RPD:1
[CH: 50] LEN: 12 | HEX: F9 77 FB F0 FE 76 91 FF A5 9E AD 7D | T:871134 RPD:0
[CH: 50] LEN: 12 | HEX: F9 77 F5 F7 FC 75 91 EE 8C 56 B6 FD | T:871145 RPD:1
[CH: 50] LEN: 12 | HEX: F9 77 DE FB FC 75 91 FE F2 1C BE DF | T:871156 RPD:1
[CH: 50] LEN: 12 | HEX: F9 77 B9 F1 FD 77 11 EB 58 FF 77 FD | T:871156 RPD:0
[CH: 50] LEN: 12 | HEX: F1 77 F4 FE FA 70 91 EF 7A BB AF FB | T:871168 RPD:1
[CH: 50] LEN: 12 | HEX: F9 77 FA F0 FE 76 91 F7 65 9E BA DF | T:871168 RPD:0
[CH: 50] LEN: 12 | HEX: F9 77 EB F7 FA 79 91 EF 0D 56 AF FF | T:871179 RPD:1
[CH: 50] LEN: 12 | HEX: F1 77 AE F7 FC 75 91 EE F2 1C B6 DF | T:871180 RPD:0
[CH: 50] LEN: 12 | HEX: F9 77 DE F1 FE 77 91 FE D8 FF BF DD | T:871191 RPD:1
[CH: 50] LEN: 12 | HEX: F9 77 FA FE FE 70 91 FF 7A BB BF FF | T:871202 RPD:1
[CH: 50] LEN: 12 | HEX: F1 77 FD F7 F6 73 91 F7 0D 39 B6 FF | T:871202 RPD:0
[CH: 50] LEN: 12 | HEX: F5 77 FA F0 F6 76 91 FF 65 9E B7 FD | T:871214 RPD:1
[CH: 50] LEN: 12 | HEX: FD 77 FA FD FE 73 91 FE 8D 39 AF BD | T:871214 RPD:0
[CH: 50] LEN: 12 | HEX: E9 77 AE F3 F4 75 91 FF 72 1C BF FF | T:871225 RPD:1
[CH: 50] LEN: 12 | HEX: F1 77 B4 F7 FD 79 91 FE 8C 56 AF 55 | T:871226 RPD:0
[CH: 50] LEN: 12 | HEX: F1 77 74 FE FC 70 91 DD 3A BB BE FF | T:871237 RPD:1
[CH: 50] LEN: 12 | HEX: F5 77 5A F9 F7 77 91 FF 58 FF 7F FF | T:871248 RPD:1
[CH: 50] LEN: 12 | HEX: F9 77 FD F8 FE 76 91 FF 45 9E BF 5E | T:871248 RPD:0
[CH: 50] LEN: 12 | HEX: F1 77 FE FD EC 73 91 FF 0D 39 BA FF | T:871260 RPD:1
[CH: 50] LEN: 12 | HEX: F1 77 FA F7 BA 79 91 F5 8C 56 AD AB | T:871260 RPD:1
[CH: 50] LEN: 12 | HEX: F1 77 F4 FA FE 70 91 FF 7A BB BF EF | T:871271 RPD:1
[CH: 50] LEN: 12 | HEX: F9 77 BE F3 FE 75 91 EF 72 1C BF FA | T:871271 RPD:0
[CH: 50] LEN: 12 | HEX: F9 77 DF F9 F6 77 91 ED D8 FF 37 AF | T:871283 RPD:1
[CH: 50] LEN: 12 | HEX: F1 77 DD F4 F6 70 91 FE BA BB BF FF | T:871294 RPD:1
[CH: 50] LEN: 12 | HEX: F9 77 DB F7 D6 73 91 ED 0D 39 BF 7F | T:871294 RPD:0
[CH: 50] LEN: 12 | HEX: F9 77 FA F0 F6 76 91 FD 45 9E BF 7F | T:871306 RPD:1
[CH: 50] LEN: 12 | HEX: F9 77 FE FB FF 75 91 EE 72 1C BF FF | T:871306 RPD:0
[CH: 50] LEN: 12 | HEX: F9 77 FF F5 EA 77 91 FD 58 FF B3 76 | T:871317 RPD:1
[CH: 50] LEN: 12 | HEX: F9 77 DE FA F4 70 91 F6 BA BB FE EF | T:871328 RPD:1
[CH: 50] LEN: 12 | HEX: F9 77 FD F3 DD 75 91 F6 F2 1C BF FD | T:871329 RPD:0
[CH: 50] LEN: 12 | HEX: F1 77 BE EC EA 76 91 FF 85 9E AF BD | T:871340 RPD:1
[CH: 50] LEN: 12 | HEX: F1 77 FE FD FE 73 91 EB 0D 39 BF FF | T:871340 RPD:0
[CH: 50] LEN: 12 | HEX: F5 77 FD FB FD 75 91 FE 72 1C BD FE | T:871352 RPD:1
[CH: 50] LEN: 12 | HEX: F1 77 74 F7 DD 79 91 EF 4C 56 BF 56 | T:871352 RPD:0
[CH: 50] LEN: 12 | HEX: F1 77 FB FE FE 70 91 EA BA BB BF FF | T:871363 RPD:1
[CH: 50] LEN: 12 | HEX: F9 77 FD F9 FE 77 91 DF 58 FF 3F FF | T:871374 RPD:1
[CH: 50] LEN: 12 | HEX: F1 77 DC F8 FE 76 91 FE A5 9E BB FF | T:871375 RPD:0
[CH: 50] LEN: 12 | HEX: F9 77 BE FB EE 7B 91 FE 0D 39 BE DA | T:871386 RPD:1
[CH: 50] LEN: 12 | HEX: F1 77 BD F7 F5 79 91 FF 0C 56 AF FB | T:871386 RPD:0
[CH: 50] LEN: 12 | HEX: F1 77 B5 FE FE 70 91 EE BA BB FE FB | T:871398 RPD:1
[CH: 50] LEN: 12 | HEX: F1 77 FA F1 DC 77 91 F7 58 FF 3E FF | T:871398 RPD:1
[CH: 50] LEN: 12 | HEX: F1 77 AE F0 FE 76 91 EF C5 9E BF EF | T:871409 RPD:1
[CH: 50] LEN: 12 | HEX: E9 77 FA F6 F6 70 91 D7 BA BB BF FD | T:871420 RPD:1
[CH: 50] LEN: 12 | HEX: F9 77 FB FD FD 73 91 FE 8D 39 BF FF | T:871421 RPD:0
[CH: 50] LEN: 12 | HEX: F9 77 FA F8 FC 76 91 FF E5 9E BF AD | T:871432 RPD:1
[CH: 50] LEN: 12 | HEX: F9 77 FD F7 F4 75 91 EE F2 1C BF BD | T:871432 RPD:0
[CH: 50] LEN: 12 | HEX: F5 77 DE F1 FE 77 91 FE 58 FE FF F7 | T:871444 RPD:1
[CH: 50] LEN: 12 | HEX: F9 77 FA FE EA 70 91 EF BA BB BF FF | T:871455 RPD:1
[CH: 50] LEN: 12 | HEX: F1 77 FD F9 FE 73 91 FF 8D 39 BF FF | T:871455 RPD:0
[CH: 50] LEN: 12 | HEX: F9 77 BC F8 FE 76 91 EF 45 9E B7 F7 | T:871466 RPD:1
[CH: 50] LEN: 12 | HEX: F1 77 BA FB FB 75 91 FE F2 1C B7 FF | T:871467 RPD:0
[CH: 50] LEN: 12 | HEX: F1 77 AA F9 F6 77 91 FF 58 F5 BB 7B | T:871478 RPD:1
[CH: 50] LEN: 12 | HEX: F9 77 BD F7 FA 79 91 FD 0C 56 AB EB | T:871478 RPD:0
[CH: 50] LEN: 12 | HEX: F1 77 FD FE FE F0 91 F7 FA BB BF F5 | T:871490 RPD:1
[CH: 50] LEN: 12 | HEX: F9 77 FA F1 EC 77 91 DE D8 FB 3F 9F | T:871501 RPD:1
[CH: 50] LEN: 12 | HEX: F1 77 FD F0 FE 76 91 EF C5 9E BF BB | T:871501 RPD:0
[CH: 50] LEN: 12 | HEX: F1 77 EE FD DE 73 91 FF 8D 39 BF 35 | T:871512 RPD:1
[CH: 50] LEN: 12 | HEX: F9 77 DD F7 AA 79 91 EE CC 56 BF ED | T:871513 RPD:0
[CH: 50] LEN: 12 | HEX: F1 77 DA FD FE 70 91 FE FA BB AB EA | T:871524 RPD:1
[CH: 50] LEN: 12 | HEX: F1 77 FA F1 FC 77 11 FE 58 FF BF FD | T:871524 RPD:0
[CH: 50] LEN: 12 | HEX: F9 77 FE F8 FF 76 91 EF A5 9E BF FD | T:871535 RPD:1
[CH: 50] LEN: 12 | HEX: F5 77 7A FD FE 73 91 FE 8D 39 B7 ED | T:871547 RPD:1
[CH: 50] LEN: 12 | HEX: F9 77 DA F3 FA 75 91 FE F2 1C BF F6 | T:871547 RPD:0
[CH: 50] LEN: 12 | HEX: F9 77 FC F8 FB 76 91 F7 45 9E AD D6 | T:871558 RPD:1
[CH: 50] LEN: 12 | HEX: F9 77 FD EB FC 75 91 FE F2 1C BF FF | T:871559 RPD:0
[CH: 50] LEN: 12 | HEX: F9 77 FD F5 F6 77 91 FE D8 FF B7 AF | T:871570 RPD:1
[CH: 50] LEN: 12 | HEX: F1 77 AE FE F4 70 91 FD 7A BB BA FD | T:871581 RPD:1
[CH: 50] LEN: 12 | HEX: F9 77 F9 FD EE 73 91 F6 8D 39 BD FF | T:871581 RPD:0
[CH: 50] LEN: 12 | HEX: F5 77 FA F8 FE 76 91 FF A5 9F BD FF | T:871593 RPD:1
[CH: 50] LEN: 12 | HEX: F9 77 74 FB FD 75 91 FE F2 1C BF DE | T:871593 RPD:0
[CH: 50] LEN: 12 | HEX: F1 77 FB F9 F4 77 91 F6 58 F7 2F 5D | T:871604 RPD:1
[CH: 50] LEN: 12 | HEX: F9 77 FA FE F4 70 91 FF 7A BB BF EF | T:871605 RPD:0
[CH: 50] LEN: 12 | HEX: F1 77 D6 FD FE 73 91 EE 0D 39 BF FF | T:871616 RPD:1
[CH: 50] LEN: 12 | HEX: F9 77 FA ED D4 77 11 F6 D8 EF 7F FF | T:871627 RPD:1
[CH: 50] LEN: 12 | HEX: F9 77 AC F0 FE 76 91 FF A5 9E AF FF | T:871627 RPD:0
[CH: 50] LEN: 12 | HEX: F1 77 EE FD EE 73 91 FB 0D 39 BD FF | T:871639 RPD:1
[CH: 50] LEN: 12 | HEX: F9 77 FD F7 FD 71 91 F7 0C 56 BB F7 | T:871639 RPD:0
[CH: 50] LEN: 12 | HEX: F9 77 FD F6 FE 70 91 ED 3A BB BB E7 | T:871650 RPD:1
[CH: 50] LEN: 12 | HEX: F1 77 F6 F8 FA 76 91 EB 45 9E BF EE | T:871651 RPD:0
[CH: 50] LEN: 12 | HEX: F9 77 FD F7 FD 79 91 EF 0C 56 BF DE | T:871662 RPD:1
[CH: 50] LEN: 12 | HEX: F1 77 FB F5 FE 73 91 FE 0D 39 AE AD | T:871673 RPD:1
[CH: 50] LEN: 12 | HEX: F9 77 EE FB FE 75 91 FE 72 1C BF FD | T:871673 RPD:0
[CH: 50] LEN: 12 | HEX: F9 77 FD F7 FB 79 91 FE 8C 56 BD 7F | T:871685 RPD:1
[CH: 50] LEN: 12 | HEX: F1 77 FD FB BD 75 91 FF 72 1C BE EF | T:871685 RPD:0
[CH: 50] LEN: 12 | HEX: F1 77 BA F9 DE 77 91 FE 58 FF 7F FF | T:871696 RPD:1
[CH: 50] LEN: 12 | HEX: F1 77 DA F6 F7 70 91 D6 BA BB BF BD | T:871697 RPD:0
[CH: 50] LEN: 12 | HEX: F1 77 DD FD FE 73 91 FD 8D 39 BB FF | T:871708 RPD:1
[CH: 50] LEN: 12 | HEX: F1 77 FD F0 FE 76 91 FD 45 9E BE FF | T:871719 RPD:1
[CH: 50] LEN: 12 | HEX: F9 77 FE F7 BE 79 91 FD 0C 56 BF 77 | T:871719 RPD:0
[CH: 50] LEN: 12 | HEX: F1 77 AD FB FE 75 91 FF F2 1C BF F5 | T:871731 RPD:1
[CH: 50] LEN: 12 | HEX: F1 77 FC FE F4 70 91 FF 7A BB AE BF | T:871731 RPD:0
[CH: 50] LEN: 12 | HEX: F1 77 DD F5 FE 73 91 F7 0D 39 BF FF | T:871742 RPD:1
[CH: 50] LEN: 12 | HEX: F9 77 FA F4 EA 76 91 FF C5 9E BF FF | T:871754 RPD:1
[CH: 50] LEN: 12 | HEX: F1 77 FC E7 FB 79 91 F7 4C 56 BF B7 | T:871754 RPD:0
[CH: 50] LEN: 12 | HEX: F5 77 FA FD EA 73 91 EE 0D 39 BD BF | T:871765 RPD:1
[CH: 50] LEN: 12 | HEX: F9 77 F9 F7 DD 71 91 EE 8C 56 B7 FF | T:871765 RPD:0
[CH: 50] LEN: 12 | HEX: F9 77 FD F6 FE 70 91 FE BA BB AF FF | T:871777 RPD:1
[CH: 50] LEN: 12 | HEX: F1 77 FA F1 EA 77 91 DE 58 FE BF 77 | T:871777 RPD:0
[CH: 50] LEN: 12 | HEX: F1 77 EE F8 FE 76 91 FF 45 9C BF FF | T:871788 RPD:1
[CH: 50] LEN: 12 | HEX: F1 77 FB FD FE 73 91 FF 0D 39 BF FF | T:871800 RPD:1
[CH: 50] LEN: 12 | HEX: F1 77 FB EB BE 75 91 FE F2 1C BF FF | T:871800 RPD:0
[CH: 50] LEN: 12 | HEX: F9 77 FD F7 FF 79 91 FD 4C 56 AF DD | T:871811 RPD:1
[CH: 50] LEN: 12 | HEX: F1 77 FA F1 F6 77 91 FF 58 FF 3F BB | T:871811 RPD:0
[CH: 50] LEN: 12 | HEX: F1 77 FD F8 FE 76 91 EF C5 9E BB FF | T:871823 RPD:1
[CH: 50] LEN: 12 | HEX: F1 77 FD F6 FE 70 91 FE BA BB BB EF | T:871823 RPD:0
[CH: 50] LEN: 12 | HEX: F9 77 FD FD F6 73 91 F5 0D 39 BF DF | T:871834 RPD:1
[CH: 50] LEN: 12 | HEX: F9 77 7E F0 F6 76 91 FA C5 9E AF FF | T:871845 RPD:1
[CH: 50] LEN: 12 | HEX: F5 77 FA F7 FA 79 91 EF 0C 56 B7 DF | T:871846 RPD:0
[CH: 50] LEN: 12 | HEX: E9 77 FA F3 DE 75 91 FE F2 1C BF DD | T:871857 RPD:1
[CH: 50] LEN: 12 | HEX: F9 77 F4 FC FC 70 91 DE BA BB BF B9 | T:871857 RPD:0
[CH: 50] LEN: 12 | HEX: F5 77 FE FB FE 73 91 FF 0D 39 BD FF | T:871869 RPD:1
[CH: 50] LEN: 12 | HEX: F9 77 FD F8 EE 76 91 EE 85 9C AF BF | T:871880 RPD:1
[CH: 50] LEN: 12 | HEX: F9 77 75 F7 FA 79 91 FE 8C 56 BB 7E | T:871880 RPD:0
[CH: 50] LEN: 12 | HEX: F9 77 AE F7 FE 75 91 FE F2 1C AD FF | T:871891 RPD:1
[CH: 50] LEN: 12 | HEX: F9 77 FD F7 F4 79 91 F6 8C 56 BF FD | T:871892 RPD:0
[CH: 50] LEN: 12 | HEX: F1 77 BD F6 FE 70 91 F7 BA BB BF FE | T:871903 RPD:1
[CH: 50] LEN: 12 | HEX: F1 77 DC F9 F6 77 D1 FE D8 FE BF EF | T:871903 RPD:0
[CH: 50] LEN: 12 | HEX: F1 77 AE F4 FE 76 91 FF C5 9E BF FF | T:871915 RPD:1
[CH: 50] LEN: 12 | HEX: F9 77 FF FD FE 73 91 FF 8D 39 AF FF | T:871926 RPD:1
[CH: 50] LEN: 12 | HEX: F9 77 EE F3 FC 75 91 F7 72 1C BF EF | T:871926 RPD:0
[CH: 50] LEN: 12 | HEX: F9 77 F4 F7 FC 79 91 EE 8C 56 AF FF | T:871937 RPD:1
[CH: 50] LEN: 12 | HEX: F1 77 F4 F5 FE 77 91 DF 58 FF 2D DF | T:871938 RPD:1
[CH: 50] LEN: 12 | HEX: F9 77 FD F8 FE 76 91 FE 85 9E BF FB | T:871949 RPD:1
[CH: 50] LEN: 12 | HEX: F9 77 FD F7 FB 79 91 FF 4C 56 B7 BF | T:871952 RPD:1
[CH: 50] LEN: 12 | HEX: E9 77 FA FE FA 70 91 FF 7A BB BB F7 | T:871963 RPD:1
[CH: 50] LEN: 12 | HEX: F9 77 DD F7 EE 73 91 FF 8D 39 BA ED | T:871963 RPD:0
[CH: 50] LEN: 12 | HEX: F9 77 FC FB DF 75 91 EF 72 1C BF DD | T:871974 RPD:1
[CH: 50] LEN: 12 | HEX: F1 77 AD F1 EE 77 91 FE 58 F5 BE FB | T:871986 RPD:1
[CH: 50] LEN: 12 | HEX: F9 77 BA F0 FA 76 91 FE 85 9E BD BE | T:871986 RPD:0
[CH: 50] LEN: 12 | HEX: F9 77 DD FD FE 73 91 F7 0D 39 AF FD | T:871997 RPD:1
[CH: 50] LEN: 12 | HEX: F5 77 FE F7 FD 79 91 DF 8C 56 BF EF | T:871998 RPD:0
[CH: 50] LEN: 12 | HEX: F9 77 FD FE F4 70 91 DF 7A BF BE FF | T:872009 RPD:1
[CH: 50] LEN: 12 | HEX: F1 77 5D F9 FC 77 11 F7 58 FA BF BE | T:872009 RPD:1
[CH: 50] LEN: 12 | HEX: F9 77 EE F8 FE 76 91 FB C5 9E BF FF | T:872020 RPD:1
[CH: 50] LEN: 12 | HEX: E9 77 5E F5 EE 70 91 EB BA BB AB EF | T:872032 RPD:1
[CH: 50] LEN: 12 | HEX: F9 77 FA F9 EE 73 91 EF 0D 39 BE 6A | T:872032 RPD:0
[CH: 50] LEN: 12 | HEX: F1 77 B5 FB FC 75 91 EE F2 1C BF FE | T:872043 RPD:1
[CH: 50] LEN: 12 | HEX: F9 77 FD F5 F6 77 11 FE D8 FF 6F FB | T:872044 RPD:1
[CH: 50] LEN: 12 | HEX: F1 77 74 F0 F4 76 91 FF A5 9E BF FF | T:872055 RPD:1
[CH: 50] LEN: 12 | HEX: F1 77 BD F7 FE 73 91 DD 0D 39 BF FF | T:872066 RPD:1
[CH: 50] LEN: 12 | HEX: F1 77 DE F3 EC 75 91 FD 72 1C BB 77 | T:872066 RPD:0
[CH: 50] LEN: 12 | HEX: F1 77 BE F8 FE 76 91 FE C5 9E B5 EE | T:872078 RPD:1
[CH: 50] LEN: 12 | HEX: F1 77 B4 EB B4 75 91 FE F2 1C B7 EE | T:872078 RPD:0
[CH: 50] LEN: 12 | HEX: F1 77 D4 F9 FE 77 91 FD D8 FF BF FF | T:872089 RPD:1
[CH: 50] LEN: 12 | HEX: F1 77 BC F6 FA 70 91 FE FA BB BF 7E | T:872089 RPD:0
[CH: 50] LEN: 12 | HEX: F1 77 AA F5 FE 73 91 EF 0D 39 BB FE | T:872101 RPD:1
[CH: 50] LEN: 12 | HEX: E9 77 F4 F0 FE 76 91 D7 C5 9E BF 7F | T:872112 RPD:1
[CH: 50] LEN: 12 | HEX: F5 77 DE F7 FA 79 91 EE 8C 56 BD F5 | T:872112 RPD:1
[CH: 50] LEN: 12 | HEX: F1 77 B9 FB FD 75 91 EF 72 1C BF AE | T:872124 RPD:1
[CH: 50] LEN: 12 | HEX: F9 77 FA F7 DE 79 91 FE 8C 56 AF FF | T:872124 RPD:0
[CH: 50] LEN: 12 | HEX: F1 77 ED F4 FE 70 91 EF 7A BB BE DF | T:872135 RPD:1
[CH: 50] LEN: 12 | HEX: F9 77 F8 F1 F6 77 91 FB 58 FF AD FF | T:872135 RPD:0
[CH: 50] LEN: 12 | HEX: F9 77 BD F8 FC 76 91 EF C5 9E BD FF | T:872147 RPD:1
[CH: 50] LEN: 12 | HEX: F1 77 BA FD FE 73 91 F6 0D 39 BF 75 | T:872158 RPD:1
[CH: 50] LEN: 12 | HEX: E9 77 BD FB BE 75 91 DE 72 1C AD BA | T:872158 RPD:0
[CH: 50] LEN: 12 | HEX: F1 77 FD F7 BE 71 91 FF 4C 56 BF FB | T:872170 RPD:1
[CH: 50] LEN: 12 | HEX: F9 77 BD F1 FE 77 91 F5 58 EB B6 EF | T:872170 RPD:0
[CH: 50] LEN: 12 | HEX: F9 77 FD F7 FC 79 91 FF 4C 56 BF DD | T:872181 RPD:1
[CH: 50] LEN: 12 | HEX: E9 77 FA F5 FC 73 91 EE 0D 39 BE EE | T:872181 RPD:0
[CH: 50] LEN: 12 | HEX: F5 77 FC FB EE 75 91 FE 72 1C AB F5 | T:872193 RPD:1
[CH: 50] LEN: 12 | HEX: F1 77 7A F7 BA 79 91 ED 0C 56 BF DF | T:872204 RPD:1
[CH: 50] LEN: 12 | HEX: F9 77 5E FA EE 70 91 FF 7A BB EF EF | T:872204 RPD:0
[CH: 50] LEN: 12 | HEX: F1 77 F5 FB EE 75 91 D7 72 1C BF EF | T:872216 RPD:1
[CH: 50] LEN: 12 | HEX: F9 77 EA FE FE 70 91 F5 7A BB BF ED | T:872216 RPD:0
[CH: 50] LEN: 12 | HEX: F1 77 7A E9 DD 73 91 DD 0D 39 AF F7 | T:872227 RPD:1
[CH: 50] LEN: 12 | HEX: F9 77 AE F0 F6 76 91 F7 45 9E BF FF | T:872238 RPD:1
[CH: 50] LEN: 12 | HEX: F9 77 FA E7 D7 79 91 F7 0C 56 BF FF | T:872239 RPD:0
[CH: 50] LEN: 12 | HEX: F9 77 BD F3 FF 75 91 EF 72 1C BB FB | T:872250 RPD:1
[CH: 50] LEN: 12 | HEX: F1 77 FA F5 FE 73 91 EB 0D 39 BF FF | T:872250 RPD:1
[CH: 50] LEN: 12 | HEX: F1 77 BE F3 FC 75 91 FF F2 1C BF 56 | T:872262 RPD:1
[CH: 50] LEN: 12 | HEX: F9 77 DE F1 F6 77 91 FE D8 FF 6F FB | T:872262 RPD:0
[CH: 50] LEN: 12 | HEX: F1 77 BE F4 FA 76 91 FF 45 9E BF FE | T:872273 RPD:1
[CH: 50] LEN: 12 | HEX: F9 77 BE FD FD 73 91 EF 0D 39 BF FD | T:872284 RPD:1
[CH: 50] LEN: 12 | HEX: F1 77 F4 F3 FD 75 91 FE F2 1C AF FE | T:872285 RPD:0
[CH: 50] LEN: 12 | HEX: F1 77 FC E7 5E 71 91 EF 4C 56 BB FB | T:872296 RPD:1
[CH: 50] LEN: 12 | HEX: F9 77 BB F1 FE 77 11 DF 58 FB BD 57 | T:872296 RPD:0
[CH: 50] LEN: 12 | HEX: F9 77 DE F4 F6 76 91 EE C5 9E BB FF | T:872307 RPD:1
[CH: 50] LEN: 12 | HEX: F1 77 DE FB FE 73 91 DD 8D 39 BD BB | T:872308 RPD:0
[CH: 50] LEN: 12 | HEX: F9 77 DF FB EE 75 91 FF 72 1C BA DF | T:872319 RPD:1
[CH: 50] LEN: 12 | HEX: F1 77 DE F7 FB 79 91 FF CC 56 AE EA | T:872330 RPD:1
[CH: 50] LEN: 12 | HEX: F1 77 F4 F6 FE 70 91 ED FA BB BE DF | T:872331 RPD:0
[CH: 50] LEN: 12 | HEX: F5 77 DD F9 EA 77 D1 EA 58 FE FD DB | T:872342 RPD:1
[CH: 50] LEN: 12 | HEX: F9 77 F4 F4 F4 70 91 EF BA BB AD D7 | T:872342 RPD:0
[CH: 50] LEN: 12 | HEX: F1 77 FB E9 FE 73 91 DE 0D 39 BD BB | T:872353 RPD:1
[CH: 50] LEN: 12 | HEX: F1 77 FF F8 F6 76 91 FB A5 9E BB ED | T:872365 RPD:1
[CH: 50] LEN: 12 | HEX: F1 77 FD F7 FB 79 91 FE 8C 56 BF FE | T:872365 RPD:0
[CH: 50] LEN: 12 | HEX: F1 77 FD FB D4 75 91 FE 72 1C BF FF | T:872376 RPD:1
[CH: 50] LEN: 12 | HEX: F1 77 74 EE EE 70 91 EF 7A BB BF 7F | T:872377 RPD:0
[CH: 50] LEN: 12 | HEX: F5 77 BA FD EA 73 91 FF 8D 39 BF DF | T:872388 RPD:1
[CH: 50] LEN: 12 | HEX: F5 77 FD F0 F6 76 91 EB 45 9E BE FF | T:872388 RPD:1
[CH: 50] LEN: 12 | HEX: F9 77 DD F7 FB 79 91 F5 8C 56 BF 7D | T:872399 RPD:1
[CH: 50] LEN: 12 | HEX: F9 77 FA F5 EE 73 91 EE 8D 3D B7 DD | T:872411 RPD:1
[CH: 50] LEN: 12 | HEX: ED 77 DA FB D5 75 91 D7 72 1C BD BB | T:872411 RPD:0
[CH: 50] LEN: 12 | HEX: F5 77 FA F7 7A 79 91 ED 4C 56 AF BB | T:872422 RPD:1
[CH: 50] LEN: 12 | HEX: ED 77 F4 F9 D6 77 91 F7 58 FF 3F FF | T:872423 RPD:0
[CH: 50] LEN: 12 | HEX: F1 77 5A F0 EE 76 91 DF C5 9D BD FA | T:872434 RPD:1
[CH: 50] LEN: 12 | HEX: F9 77 DA FD D4 73 91 FE 0D 39 BF FE | T:872434 RPD:0
[CH: 50] LEN: 12 | HEX: F9 77 FD FB EE 75 91 FF 72 1C BF FE | T:872445 RPD:1
[CH: 50] LEN: 12 | HEX: F1 77 DC F6 FE 70 91 FE BA BB BD FB | T:872457 RPD:1
[CH: 50] LEN: 12 | HEX: F1 77 F4 F5 FE 73 91 ED 0D 39 BB FF | T:872457 RPD:0
[CH: 50] LEN: 12 | HEX: F9 77 BD F1 FC 77 91 ED 58 FF BF FF | T:872468 RPD:1
[CH: 50] LEN: 12 | HEX: F9 77 BA FE EA 70 91 F6 BA BB BF F6 | T:872469 RPD:0
[CH: 50] LEN: 12 | HEX: F5 77 FA F5 F4 73 91 EE 8D 39 BF FF | T:872480 RPD:1
[CH: 50] LEN: 12 | HEX: F9 77 AD F4 F6 76 91 EF 45 9C BE FF | T:872491 RPD:1
[CH: 50] LEN: 12 | HEX: F9 77 BE F7 FD 79 91 FF 8C 56 BB FF | T:872491 RPD:0
[CH: 50] LEN: 12 | HEX: F1 77 DF F3 AE 75 91 DD F2 1C AF BF | T:872503 RPD:1
[CH: 50] LEN: 12 | HEX: F1 77 B4 F5 FE 70 91 EB BA BB BD D6 | T:872503 RPD:0
[CH: 50] LEN: 12 | HEX: F9 77 AA F9 D4 73 91 FF 0D 39 BF 7E | T:872514 RPD:1
[CH: 50] LEN: 12 | HEX: F1 7F FC EC EC 76 91 EF C5 9E BF 5F | T:872515 RPD:0
[CH: 50] LEN: 12 | HEX: F1 77 BD F7 DD 79 91 F6 CC 56 AD 6E | T:872526 RPD:1
[CH: 50] LEN: 12 | HEX: F9 77 D6 FB FF 75 91 FE 72 1C A7 FF | T:872537 RPD:1
[CH: 50] LEN: 12 | HEX: E9 77 F4 F5 FE 77 11 FD 58 FF BD FD | T:872537 RPD:0
[CH: 50] LEN: 12 | HEX: F1 77 BA F7 BB 79 91 DE 8C 56 BE BF | T:872549 RPD:1
[CH: 50] LEN: 12 | HEX: F9 77 FC F1 EA 77 91 FD D8 F7 BF FE | T:872549 RPD:0
[CH: 50] LEN: 12 | HEX: E9 77 BE F8 F4 7E 91 DD 45 9E BD BF | T:872560 RPD:1
[CH: 50] LEN: 12 | HEX: F1 77 5E F5 FE 73 91 FE 8D 39 BD FF | T:872560 RPD:0
[CH: 50] LEN: 12 | HEX: F9 77 BB FB AE 75 91 D7 72 1C AB EF | T:872572 RPD:1
[CH: 50] LEN: 12 | HEX: F1 77 FD F7 BE 79 91 FE CC 56 BF FF | T:872583 RPD:1
[CH: 50] LEN: 12 | HEX: F9 77 FE F6 FB 70 91 FF BA BB BF FF | T:872583 RPD:0
[CH: 50] LEN: 12 | HEX: F5 77 FD F5 F4 77 91 FE D8 EF FF FF | T:872595 RPD:1
[CH: 50] LEN: 12 | HEX: F1 77 BA F7 FE 73 91 FE 8D 39 AB FF | T:872595 RPD:0
[CH: 50] LEN: 12 | HEX: F9 77 FD FB F6 75 91 FD 72 1C AF FF | T:872606 RPD:1
[CH: 50] LEN: 12 | HEX: ED 77 BA F8 FE 76 91 F5 C5 9E BF FE | T:872606 RPD:0
[CH: 50] LEN: 12 | HEX: F1 77 BD F7 BC 71 91 FE 8C 56 BD FF | T:872618 RPD:1
[CH: 50] LEN: 12 | HEX: F1 77 DE FB EC 75 91 FE F2 1C BF FB | T:872629 RPD:1
[CH: 50] LEN: 12 | HEX: F1 77 AC F1 EC 77 91 ED D8 FF 3B DD | T:872629 RPD:0
[CH: 50] LEN: 12 | HEX: E9 77 FA FE EA 70 91 FF 7A BB B7 FB | T:872641 RPD:1
[CH: 50] LEN: 12 | HEX: F1 77 DA F8 F6 76 91 EE 85 9E BA ED | T:872641 RPD:0
[CH: 50] LEN: 12 | HEX: F9 77 FF F7 FF 79 91 F7 0C 56 AF 6F | T:872652 RPD:1
[CH: 50] LEN: 12 | HEX: F9 77 DD FB FD 75 91 FF 72 1C BF 77 | T:872663 RPD:1
[CH: 50] LEN: 12 | HEX: F1 7F FD F9 AE 77 91 FA 58 FB 3B BB | T:872664 RPD:0
[CH: 50] LEN: 12 | HEX: F9 77 FA FA FE 70 91 FF FA BB BE FB | T:872675 RPD:1
[CH: 50] LEN: 12 | HEX: F1 77 7C F1 DC 77 11 EE 58 FB FF 7A | T:872675 RPD:0
[CH: 50] LEN: 12 | HEX: F9 77 FA F8 FE 76 91 F7 C5 9E BF FE | T:872687 RPD:1
[CH: 50] LEN: 12 | HEX: F5 77 D5 FD EE 73 91 EB 0D 39 BD FC | T:872687 RPD:0
[CH: 50] LEN: 12 | HEX: F9 77 BD FB B9 75 91 ED 72 1C BF AE | T:872698 RPD:1
[CH: 50] LEN: 12 | HEX: F1 77 D6 F7 EE 79 91 EB 4C 56 BF 7F | T:872709 RPD:1
[CH: 50] LEN: 12 | HEX: F1 77 B4 EA F6 70 91 EE BA BB BA FF | T:872710 RPD:0
[CH: 50] LEN: 12 | HEX: F9 77 FC F1 EE 77 91 FE D8 F7 BF FF | T:872721 RPD:1
[CH: 50] LEN: 12 | HEX: F9 77 FD F9 EE 73 91 FF 0D 39 BF DF | T:872721 RPD:0
[CH: 50] LEN: 12 | HEX: F9 77 BB FB FF 75 91 D6 72 1C BF DF | T:872733 RPD:1
[CH: 50] LEN: 12 | HEX: F1 77 BE F7 74 79 91 EB 8C 56 BB 7F | T:872733 RPD:0
[CH: 50] LEN: 12 | HEX: E9 77 FC FD F6 70 91 DD BA BB BF EF | T:872744 RPD:1
[CH: 50] LEN: 12 | HEX: F9 77 FD FB FF 75 91 F7 72 1C BF BF | T:872755 RPD:1
[CH: 50] LEN: 12 | HEX: F9 77 FD F9 EE 77 91 FE D8 F7 3E FD | T:872756 RPD:0
[CH: 50] LEN: 12 | HEX: F1 77 5E F6 F4 70 91 FF 7A BB BF EB | T:872767 RPD:1
[CH: 50] LEN: 12 | HEX: F9 77 DD F8 FE 76 91 FF 65 9E BE FF | T:872767 RPD:0
[CH: 50] LEN: 12 | HEX: F9 77 FA F7 FB 79 91 F7 4C 56 BE FD | T:872779 RPD:1
[CH: 50] LEN: 12 | HEX: F1 77 FA FB DF 75 91 EF 72 1C BF FF | T:872790 RPD:1
[CH: 50] LEN: 12 | HEX: F1 77 DD F9 FF 77 91 FE D8 FB BF AC | T:872790 RPD:0
[CH: 50] LEN: 12 | HEX: F1 77 5E EE FE 70 91 D6 BA BB BA FB | T:872801 RPD:1
[CH: 50] LEN: 12 | HEX: E9 77 FD F8 F6 76 91 EB 25 9C BE FF | T:872802 RPD:0
[CH: 50] LEN: 12 | HEX: F1 77 FD F7 ED 79 91 FE 8C 56 BB FF | T:872813 RPD:1
[CH: 50] LEN: 12 | HEX: F1 77 FD FD F6 73 91 FE 8D 39 BD EF | T:872813 RPD:0
[CH: 50] LEN: 12 | HEX: F1 77 BA FB EC 75 91 FE F2 1C BF E7 | T:872824 RPD:1
[CH: 50] LEN: 12 | HEX: F1 77 FD F7 D4 71 91 DD 0C 56 BD F4 | T:872836 RPD:1
[CH: 50] LEN: 12 | HEX: F9 77 BD FC F6 70 91 FE BA BB BE F7 | T:872836 RPD:0
[CH: 50] LEN: 12 | HEX: F9 77 F4 F9 D6 77 91 F5 58 FF 7F BF | T:872847 RPD:1
[CH: 50] LEN: 12 | HEX: F1 77 FA F9 FE 73 91 EF 0D 39 B5 FF | T:872848 RPD:0
[CH: 50] LEN: 12 | HEX: F9 77 F4 EB FD 75 91 D7 72 1C BF 77 | T:872859 RPD:1
[CH: 50] LEN: 12 | HEX: F9 77 7E F7 F4 79 91 FE 8C 56 BE FF | T:872859 RPD:0
[CH: 50] LEN: 12 | HEX: F1 77 5E F6 FE 70 91 FE BA BB BF E6 | T:872870 RPD:1
[CH: 50] LEN: 12 | HEX: F5 77 DE F5 F6 77 91 FE D8 F7 EF 7B | T:872882 RPD:1
[CH: 50] LEN: 12 | HEX: F1 77 FD F8 FE 76 91 EF C5 9E B7 FF | T:872882 RPD:0
[CH: 50] LEN: 12 | HEX: F5 77 FD FE EE 70 91 FF FA BB B7 FD | T:872893 RPD:1
[CH: 50] LEN: 12 | HEX: F1 77 AC F4 FE 76 91 FD 45 9E AD AD | T:872894 RPD:0
[CH: 50] LEN: 12 | HEX: F9 77 DC F7 BB 71 91 EF 4C 56 BF 54 | T:872905 RPD:1
[CH: 50] LEN: 12 | HEX: F9 77 FA FB DE 75 91 F7 F2 1C BD 6B | T:872916 RPD:1
[CH: 50] LEN: 12 | HEX: F9 77 DF F9 FE 77 91 D7 D8 FB BD EF | T:872916 RPD:0
[CH: 50] LEN: 12 | HEX: E9 77 FD FA FE 70 91 F6 BA BB AF FF | T:872928 RPD:1
[CH: 50] LEN: 12 | HEX: F9 77 7A F0 FE 76 91 EE C5 9E B7 BF | T:872928 RPD:0
[CH: 50] LEN: 12 | HEX: F9 77 ED F7 DD 71 91 FF 4C 56 BF F7 | T:872939 RPD:1
[CH: 50] LEN: 12 | HEX: F5 77 FD FB D6 75 91 FF 72 1C BF AF | T:872940 RPD:0
[CH: 50] LEN: 12 | HEX: F9 77 74 E9 EE 77 51 DD D8 FE FB FF | T:872951 RPD:1
[CH: 50] LEN: 12 | HEX: E9 77 7E F7 FD 71 91 FB 8C 56 AF 7C | T:872962 RPD:1
[CH: 50] LEN: 12 | HEX: F9 77 DD FA FE 70 91 EE FA BB BB 7F | T:872962 RPD:0
[CH: 50] LEN: 12 | HEX: F1 77 AC F9 FE 77 91 F7 58 FF 7F DF | T:872974 RPD:1
[CH: 50] LEN: 12 | HEX: F1 77 FD F7 FC 73 91 EB 0D 39 BF B7 | T:872974 RPD:0
[CH: 50] LEN: 12 | HEX: F9 77 F5 FB EE 75 91 ED 72 1C BF BB | T:872985 RPD:1
[CH: 50] LEN: 12 | HEX: F9 77 AE F7 FD 79 91 FF 0C 56 BF DF | T:872986 RPD:0
[CH: 50] LEN: 12 | HEX: F9 77 FD F6 F6 70 91 FE BA BB BE FE | T:872997 RPD:1
[CH: 50] LEN: 12 | HEX: F1 77 F5 F9 DD 77 91 FE 58 F7 2F FD | T:873008 RPD:1
[CH: 50] LEN: 12 | HEX: F1 77 FA F0 FE 76 91 FB 60 82 1F FF | T:873008 RPD:0
[CH: 50] LEN: 12 | HEX: F1 77 DE F5 FE 73 91 FE 8D 39 BF 7F | T:873020 RPD:1
[CH: 50] LEN: 12 | HEX: F9 77 FA F8 FE 76 91 FF 45 9E BB F6 | T:873020 RPD:0
[CH: 50] LEN: 12 | HEX: F9 77 FD F7 BA 79 91 EE 8C 56 AF 5F | T:873031 RPD:1
[CH: 50] LEN: 12 | HEX: F1 77 B4 F3 FC 75 91 F7 72 1C BD 7E | T:873031 RPD:0
[CH: 50] LEN: 12 | HEX: F1 77 FD F9 EA 77 91 F7 58 F7 BF 7B | T:873043 RPD:1
[CH: 50] LEN: 12 | HEX: F9 77 FD FA FE 70 91 F6 BA BB BE FF | T:873054 RPD:1
[CH: 50] LEN: 12 | HEX: F9 77 FD F9 F6 73 91 F5 0D 39 BF FF | T:873054 RPD:0
[CH: 50] LEN: 12 | HEX: F9 77 FD F0 FA 76 91 FF A5 9E BF FF | T:873066 RPD:1
[CH: 50] LEN: 12 | HEX: E9 77 AA FB DA 75 91 EE F2 1C BE FF | T:873066 RPD:0
[CH: 50] LEN: 12 | HEX: F1 77 FD F1 FE 77 91 EE D8 FF FF FF | T:873077 RPD:1
[CH: 50] LEN: 12 | HEX: F9 77 B5 F4 F6 70 91 FF 7A BB FF FF | T:873088 RPD:1
[CH: 50] LEN: 12 | HEX: F1 77 FF EB F6 73 91 EB 0D 39 BF EF | T:873089 RPD:0
[CH: 50] LEN: 12 | HEX: F1 77 5A F5 EE 77 91 FF 58 FB BD BE | T:873100 RPD:1
[CH: 50] LEN: 12 | HEX: F9 77 FA FD FE 73 91 FE 0D 39 AF EF | T:873100 RPD:0
[CH: 50] LEN: 12 | HEX: F1 77 5A F3 FE 75 91 EF 72 1C BF D7 | T:873112 RPD:1
[CH: 50] LEN: 12 | HEX: F9 77 AD F7 BA 79 91 EE 8C 56 BE FA | T:873112 RPD:0
[CH: 50] LEN: 12 | HEX: F1 77 FC FD FE 7B 91 FF 0D 39 BF 7F | T:873123 RPD:1
[CH: 50] LEN: 12 | HEX: F1 77 FF F1 DD 77 91 F7 58 F7 7F 77 | T:873134 RPD:1
[CH: 50] LEN: 12 | HEX: F1 77 BE F0 FA 76 91 FF 45 9E BF 7D | T:873135 RPD:1
[CH: 50] LEN: 12 | HEX: F1 77 AD FD FE 73 91 FF 0D 39 B7 D5 | T:873146 RPD:1
[CH: 50] LEN: 12 | HEX: F9 77 F4 F8 F6 76 91 DD 45 9E BF FF | T:873146 RPD:0
[CH: 50] LEN: 12 | HEX: E9 77 EE F7 FA 75 91 FE 8C 56 BE F7 | T:873158 RPD:1
[CH: 50] LEN: 12 | HEX: F1 77 F4 FB DC 75 91 FF 72 1C BD 6F | T:873158 RPD:0
[CH: 50] LEN: 12 | HEX: F1 77 DC F1 FF 77 91 EE D8 F7 BB BF | T:873169 RPD:1
[CH: 50] LEN: 12 | HEX: F9 77 DD FE F5 70 91 FF 7A BB BE FF | T:873180 RPD:1
[CH: 50] LEN: 12 | HEX: F9 77 FA F5 F6 73 91 FE 8D 39 BF FD | T:873181 RPD:0
[CH: 50] LEN: 12 | HEX: F1 77 FA EC F6 76 91 FF A5 9E BF FF | T:873192 RPD:1
[CH: 50] LEN: 12 | HEX: F1 77 FC FB FE 75 91 FE F2 1C AA B5 | T:873192 RPD:0
[CH: 50] LEN: 12 | HEX: E9 77 FD F1 EE 77 91 F7 58 FE FE DF | T:873204 RPD:1
[CH: 50] LEN: 12 | HEX: F5 77 F4 EE FE 70 91 FD 3A BB AF FF | T:873215 RPD:1
[CH: 50] LEN: 12 | HEX: F1 77 B4 FD FE 73 91 EE 0D 39 BF FE | T:873215 RPD:0
[CH: 50] LEN: 12 | HEX: F1 77 F4 E8 FE 7E 91 DD 45 9C AF D5 | T:873226 RPD:1
[CH: 50] LEN: 12 | HEX: F5 77 BD FD FE 73 91 F7 0D 39 BE FE | T:873227 RPD:0
[CH: 50] LEN: 12 | HEX: ED 77 54 F3 AE 75 91 DD 72 1C AE FA | T:873238 RPD:1
[CH: 50] LEN: 12 | HEX: F1 77 FA F7 BA 79 91 FF 4C 56 BF BF | T:873238 RPD:0
[CH: 50] LEN: 12 | HEX: F9 77 BA F4 FE 70 91 EE BA BB BF ED | T:873250 RPD:1
[CH: 50] LEN: 12 | HEX: F1 77 FB F9 FE 77 11 FF D8 EF BF ED | T:873261 RPD:1
[CH: 50] LEN: 12 | HEX: F1 77 AE F0 FE 76 91 FE 85 9C BF FB | T:873261 RPD:0
[CH: 50] LEN: 12 | HEX: F1 77 5D FD FE 73 91 FE 0D 39 BF FC | T:873272 RPD:1
[CH: 50] LEN: 12 | HEX: F9 77 B5 F7 DB 79 91 EE 8C 56 BD FF | T:873273 RPD:1
[CH: 50] LEN: 12 | HEX: F9 77 FC FE F4 70 91 FD 3A BB AF AA | T:873284 RPD:1
[CH: 50] LEN: 12 | HEX: F5 77 BA FB EE 75 91 FE F2 1C BF FF | T:873284 RPD:0
[CH: 50] LEN: 12 | HEX: F9 77 FA F9 FE 77 91 EF 58 FB BF F6 | T:873295 RPD:1
[CH: 50] LEN: 12 | HEX: F5 77 FD FE F6 70 91 EB 7A BB AE DF | T:873307 RPD:1
[CH: 50] LEN: 12 | HEX: E9 77 7A F5 FE 73 D1 EF 0D 39 BF AF | T:873307 RPD:0
[CH: 50] LEN: 12 | HEX: F1 77 FB F8 FD 76 91 F7 A5 BE BF FB | T:873318 RPD:1
[CH: 50] LEN: 12 | HEX: F9 77 FD FB D5 75 91 EF 72 1C BF FF | T:873319 RPD:0
[CH: 50] LEN: 12 | HEX: F9 77 FD F4 EE 76 91 FE 85 9C BF B7 | T:873330 RPD:1
[CH: 50] LEN: 12 | HEX: ED 77 BD EC EA 70 91 EE BA BB EF EF | T:873341 RPD:1
[CH: 50] LEN: 12 | HEX: F5 77 FD F9 F4 73 91 FD 0D 39 BF FF | T:873341 RPD:0
[CH: 50] LEN: 12 | HEX: F1 77 B9 F8 FE 76 91 FD C5 9C BF BF | T:873353 RPD:1
[CH: 50] LEN: 12 | HEX: F5 77 FC FD F6 73 91 FF 0D 39 BF DF | T:873353 RPD:0
[CH: 50] LEN: 12 | HEX: F1 77 BA F7 EC 75 91 FE F2 1C BF 5F | T:873364 RPD:1
[CH: 50] LEN: 12 | HEX: F1 77 FD E7 BA 79 91 FF 4C 56 AB EE | T:873365 RPD:0
[CH: 50] LEN: 12 | HEX: F1 77 FE FE F6 70 91 FE BA BB BD FF | T:873376 RPD:1
[CH: 50] LEN: 12 | HEX: F9 77 FD F1 FE 77 91 F7 58 F7 2F 7F | T:873387 RPD:1
[CH: 50] LEN: 12 | HEX: F9 77 FA F8 FA 76 91 FF 45 9E BF DF | T:873387 RPD:0
[CH: 50] LEN: 12 | HEX: F1 77 FD F5 FE 73 91 F7 0D 39 B7 FF | T:873399 RPD:1
[CH: 50] LEN: 12 | HEX: F9 77 BE F7 76 79 91 DA 8C 56 BE DE | T:873399 RPD:0
[CH: 50] LEN: 12 | HEX: F1 77 AC F6 F4 70 91 EE BA BB BF EF | T:873410 RPD:1
[CH: 50] LEN: 12 | HEX: F1 77 BA F9 FE 77 91 FE 58 FF 7F F7 | T:873411 RPD:0
[CH: 50] LEN: 12 | HEX: F1 77 FD F0 EE 76 91 EB C5 9E AF FF | T:873422 RPD:1
[CH: 50] LEN: 12 | HEX: F1 77 DA FE FC 70 91 ED 3A BB BF F7 | T:873433 RPD:1
[CH: 50] LEN: 12 | HEX: E9 77 FD F5 FD 73 91 ED 0D 39 AF FF | T:873433 RPD:0
[CH: 50] LEN: 12 | HEX: F9 77 FD E8 FE 76 91 EF C5 9E AF AB | T:873445 RPD:1
[CH: 50] LEN: 12 | HEX: F9 77 FE F3 BE 75 91 F7 72 1C AF 7E | T:873445 RPD:0
[CH: 50] LEN: 12 | HEX: F5 77 F5 F1 FC 77 11 D5 D8 F7 7F BF | T:873456 RPD:1
[CH: 50] LEN: 12 | HEX: F9 77 BA FE FE 70 91 FD 3A BB BD BC | T:873457 RPD:0
[CH: 50] LEN: 12 | HEX: F9 77 DD E9 EC 73 91 FF 0D 39 BF ED | T:873468 RPD:1
[CH: 50] LEN: 12 | HEX: F1 77 EC F0 F4 76 91 EF C5 9E BE FF | T:873479 RPD:1
[CH: 50] LEN: 12 | HEX: F5 77 FE F7 5E 79 91 FF 8C 56 BD 77 | T:873479 RPD:0
[CH: 50] LEN: 12 | HEX: F1 77 FB FB FD 75 91 EE F2 1C B5 7B | T:873491 RPD:1
[CH: 50] LEN: 12 | HEX: F9 77 5E F7 B5 71 91 EE 8C 56 AA FE | T:873491 RPD:0
[CH: 50] LEN: 12 | HEX: F9 77 B6 FE FA 70 91 EF BA BB BF FE | T:873502 RPD:1
[CH: 50] LEN: 12 | HEX: E9 77 FD F9 FE 77 91 FE D8 FF BB FF | T:873514 RPD:1
[CH: 50] LEN: 12 | HEX: F1 77 FA F8 F4 76 91 FF C5 9E BF FB | T:873514 RPD:0
[CH: 50] LEN: 12 | HEX: F1 77 FD F5 F4 73 91 FE 8D 39 AE FF | T:873525 RPD:1
[CH: 50] LEN: 12 | HEX: F1 77 AF F7 F4 79 91 EF 4C 56 AF DF | T:873525 RPD:0
[CH: 50] LEN: 12 | HEX: F1 77 FF FE F6 70 91 FD 3A BB BF EF | T:873537 RPD:1
[CH: 50] LEN: 12 | HEX: F9 77 BD F5 FD 77 91 FE D8 FA BF B7 | T:873537 RPD:0
[CH: 50] LEN: 12 | HEX: F1 77 F9 F0 EA 76 91 EE 85 9E B7 BF | T:873548 RPD:1
[CH: 50] LEN: 12 | HEX: F9 77 F9 FD D4 73 91 F7 0D 39 BF FF | T:873559 RPD:1
[CH: 50] LEN: 12 | HEX: F1 77 DD FB EE 75 91 FE F2 1C BF 7F | T:873560 RPD:0
[CH: 50] LEN: 12 | HEX: F1 77 5E F0 EA 76 91 FF C5 9E BF FF | T:873571 RPD:1
[CH: 50] LEN: 12 | HEX: F1 77 FF FB FF 75 91 FE F2 1C AF FF | T:873571 RPD:0
[CH: 50] LEN: 12 | HEX: F5 77 FB F9 FD 77 91 D7 58 F6 7D D7 | T:873583 RPD:1
[CH: 50] LEN: 12 | HEX: F9 77 FA F4 F5 70 91 FE FA BB BE F2 | T:873583 RPD:0
[CH: 50] LEN: 12 | HEX: F9 77 D6 F9 EC 73 91 FF 0D 39 BD D5 | T:873594 RPD:1
[CH: 50] LEN: 12 | HEX: F1 77 FA F0 EE 76 91 FF 45 9E B6 FF | T:873605 RPD:1
[CH: 50] LEN: 12 | HEX: F1 77 7A F7 FE 79 91 FF 0C 56 BE AD | T:873606 RPD:0
[CH: 50] LEN: 12 | HEX: F9 77 FC EF FE 75 91 DF 72 1C BF FB | T:873617 RPD:1
[CH: 50] LEN: 12 | HEX: F9 77 7A F5 FE 70 91 DF BA BB AF DE | T:873617 RPD:0
[CH: 50] LEN: 12 | HEX: F9 77 FB F9 EE 73 91 D7 0D 39 B7 FE | T:873629 RPD:1
[CH: 50] LEN: 12 | HEX: F1 77 FD E9 FE 77 91 D6 D8 FF 7F FF | T:873640 RPD:1
[CH: 50] LEN: 12 | HEX: F9 77 DD F0 F6 76 91 EF C5 9E BE DE | T:873640 RPD:0
[CH: 50] LEN: 12 | HEX: F1 77 5B FD FE 73 91 FD 0D 39 AF FD | T:873651 RPD:1
[CH: 50] LEN: 12 | HEX: F1 77 FD F7 BA 79 91 FD 4C 56 AD FF | T:873652 RPD:0
[CH: 50] LEN: 12 | HEX: F9 77 BD FE FE 70 91 DF BA BB BD FD | T:873663 RPD:1
[CH: 50] LEN: 12 | HEX: F1 77 54 F1 FE 77 91 EB 58 F6 BF EF | T:873663 RPD:0
[CH: 50] LEN: 12 | HEX: F9 77 FD F8 FE 76 91 F7 C5 9D BD DD | T:873675 RPD:1
[CH: 50] LEN: 12 | HEX: F9 77 FA FD FE 73 91 FE 8D 39 BF B6 | T:873686 RPD:1
[CH: 50] LEN: 12 | HEX: F9 77 FB FB FD 75 91 FE F2 1C AF FB | T:873686 RPD:0
[CH: 50] LEN: 12 | HEX: F1 77 BE F7 FA 79 91 FE 4C 56 BD 7B | T:873697 RPD:1
[CH: 50] LEN: 12 | HEX: F5 77 7E FB DC 75 91 FE F2 1C BF FF | T:873698 RPD:0
[CH: 50] LEN: 12 | HEX: F1 77 FA F5 F6 77 91 FF 58 FF B7 F7 | T:873709 RPD:1
[CH: 50] LEN: 12 | HEX: F1 77 FD FA FE 70 91 FE BA BB AF FE | T:873709 RPD:0
[CH: 50] LEN: 12 | HEX: F9 77 FD FD F6 73 91 FF 0D 39 BB FB | T:873721 RPD:1
[CH: 50] LEN: 12 | HEX: F1 77 AE F0 F6 76 91 EE 85 9E BE AF | T:873732 RPD:1
[CH: 50] LEN: 12 | HEX: F1 77 DD F7 FA 71 91 EE 8C 56 BF F7 | T:873732 RPD:0
[CH: 50] LEN: 12 | HEX: E9 77 DD F3 FE 75 91 FE 72 1C B7 FF | T:873743 RPD:1
[CH: 50] LEN: 12 | HEX: F1 77 5A F5 FE 70 91 FF 7A BB BA FA | T:873744 RPD:0
[CH: 50] LEN: 12 | HEX: E9 77 5E E9 FC 73 91 D7 0D 39 BB BD | T:873755 RPD:1
[CH: 50] LEN: 12 | HEX: F9 77 F4 F0 FE 76 91 DE C5 9C BF FF | T:873766 RPD:1
[CH: 50] LEN: 12 | HEX: F1 77 FA F7 F4 79 91 FE 8C 56 AF 7F | T:873767 RPD:0
[CH: 50] LEN: 12 | HEX: F9 77 FA F9 D6 73 91 EE 0D 39 BF FF | T:873778 RPD:1
[CH: 50] LEN: 12 | HEX: F1 77 5E F7 F4 71 91 FE 8C 56 AF FF | T:873778 RPD:0
[CH: 50] LEN: 12 | HEX: F9 77 DE FE FE 70 91 FF 7A BB AF BB | T:873789 RPD:1
[CH: 50] LEN: 12 | HEX: F9 77 5C F1 FD 77 91 EE D8 F5 AF FB | T:873790 RPD:0
[CH: 50] LEN: 12 | HEX: E9 77 FE F0 F6 76 91 FB A5 9E BB FE | T:873801 RPD:1
[CH: 50] LEN: 12 | HEX: ED 77 FD FD FC 73 91 FE 8D 39 B7 FF | T:873812 RPD:1
[CH: 50] LEN: 12 | HEX: F9 77 FD F7 FC 75 91 FF 72 1C AF BD | T:873812 RPD:0
[CH: 50] LEN: 12 | HEX: F9 77 FD F7 BA 71 91 FD 0C 56 BB FE | T:873824 RPD:1
[CH: 50] LEN: 12 | HEX: F1 77 BE F5 FE 77 91 FE D8 F7 7F EF | T:873824 RPD:0
[CH: 50] LEN: 12 | HEX: E9 77 7A F0 FE 76 91 EB C5 9E BF FF | T:873835 RPD:1
[CH: 50] LEN: 12 | HEX: F1 77 F2 FE FE 70 91 FE BA BB BF E7 | T:873836 RPD:0
[CH: 50] LEN: 12 | HEX: F9 77 F8 F5 FE 73 91 D7 0D 39 B7 EF | T:873847 RPD:1
[CH: 50] LEN: 12 | HEX: F9 77 FA F8 FE 76 91 FF 45 9E BF BF | T:873858 RPD:1
[CH: 50] LEN: 12 | HEX: F9 77 FA F7 FA 79 91 FD 0C 56 AF B5 | T:873858 RPD:0
[CH: 50] LEN: 12 | HEX: F9 77 DD FB F4 75 91 ED F2 1C BF AF | T:873870 RPD:1
[CH: 50] LEN: 12 | HEX: F5 77 7E FE FE 70 91 FE BA BB BE DF | T:873870 RPD:0
[CH: 50] LEN: 12 | HEX: F1 77 7A F5 ED 73 91 EF 0D 39 B5 7F | T:873881 RPD:1
[CH: 50] LEN: 12 | HEX: F9 77 DD F8 FE 76 91 FE 85 9E AD FD | T:873882 RPD:0
[CH: 50] LEN: 12 | HEX: F9 77 FA F7 FA 79 91 FF 4C 56 BB DD | T:873893 RPD:1
[CH: 50] LEN: 12 | HEX: E9 77 EE FB FC 75 91 F7 72 1C AF 7F | T:873904 RPD:1
[CH: 50] LEN: 12 | HEX: F1 77 FD F5 FD 77 91 ED 58 F7 BB BF | T:873904 RPD:0
[CH: 50] LEN: 12 | HEX: F5 77 B6 F7 BD 79 91 EF 8C 56 BD FB | T:873916 RPD:1
[CH: 50] LEN: 12 | HEX: F9 77 BE F1 FD 77 11 FD 58 FB AF FF | T:873916 RPD:0
[CH: 50] LEN: 12 | HEX: F5 77 DE F0 F4 76 91 DD 45 9E BF BF | T:873927 RPD:1
[CH: 50] LEN: 12 | HEX: E9 77 BA F5 DE 73 91 EB 0D 39 BB FF | T:873939 RPD:1
[CH: 50] LEN: 12 | HEX: F1 77 FD FB FD 75 91 EE F2 1C BF 56 | T:873939 RPD:0
[CH: 50] LEN: 12 | HEX: F9 77 DD F7 FA 79 91 FF 8C 56 BD 7F | T:873950 RPD:1
[CH: 50] LEN: 12 | HEX: F1 77 F5 F9 D6 77 91 EA D8 FF 7F BE | T:873950 RPD:1
[CH: 50] LEN: 12 | HEX: F1 77 BC F8 F4 76 91 FE 85 9E BE DF | T:873962 RPD:1
[CH: 50] LEN: 12 | HEX: F1 77 FB FD ED 73 91 FF 0D 39 BF AA | T:873962 RPD:0
[CH: 50] LEN: 12 | HEX: F1 77 7A F3 FC 75 91 FE F2 1C BF EF | T:873973 RPD:1
[CH: 50] LEN: 12 | HEX: F9 77 FD F8 FE 76 91 F7 45 9C BE DF | T:873985 RPD:1
[CH: 50] LEN: 12 | HEX: F9 77 BC E7 FA 79 91 FF CC 56 BF F7 | T:873985 RPD:0
[CH: 50] LEN: 12 | HEX: F9 77 BA FB FE 75 91 F6 72 1C BD BF | T:873996 RPD:1
[CH: 50] LEN: 12 | HEX: F5 77 FA EC FE 70 91 FE 7A BB BB 7D | T:873996 RPD:0
[CH: 50] LEN: 12 | HEX: F9 77 BC FD EC 73 91 F7 0D 39 BF FF | T:874008 RPD:1
[CH: 50] LEN: 12 | HEX: F9 77 BC F0 FE 76 91 FF 45 9E BB FB | T:874008 RPD:0
[CH: 50] LEN: 12 | HEX: F1 77 AE F7 FD 79 91 F7 4C 56 BF EF | T:874019 RPD:1
[CH: 50] LEN: 12 | HEX: F1 77 DD FB EE 75 91 FE F2 1C BF DF | T:874031 RPD:1
[CH: 50] LEN: 12 | HEX: F9 77 5C F9 FD 77 91 FF 58 FF BF AD | T:874031 RPD:0
[CH: 50] LEN: 12 | HEX: F1 77 FC FE FD 70 91 FF FA BB BE FF | T:874042 RPD:1
[CH: 50] LEN: 12 | HEX: F1 77 FE FD FE 77 91 FE D8 FF FF EE | T:874042 RPD:0
[CH: 50] LEN: 12 | HEX: F9 77 FA F0 FE 76 91 FE C5 9C AF 7F | T:874054 RPD:1
[CH: 50] LEN: 12 | HEX: F1 77 FB FD FE 73 91 FE 0D 39 AF FF | T:874065 RPD:1
[CH: 50] LEN: 12 | HEX: F1 77 FD F3 AE 75 91 FF F2 1C BB 77 | T:874065 RPD:0
[CH: 50] LEN: 12 | HEX: F1 77 DD F7 BE 79 91 FD 0C 56 BF DF | T:874076 RPD:1
[CH: 50] LEN: 12 | HEX: F9 77 FD F9 D6 77 91 EB 58 FB 3D 5F | T:874077 RPD:0
[CH: 50] LEN: 12 | HEX: F9 77 FD F8 EF 76 91 FF 45 9E BF 7F | T:874088 RPD:1
[CH: 50] LEN: 12 | HEX: F1 77 BC FB FC 73 91 FE 8D 39 BF FF | T:874088 RPD:0
[CH: 50] LEN: 12 | HEX: F9 77 FA F3 DD 75 91 F7 72 1C BF F7 | T:874100 RPD:1
[CH: 50] LEN: 12 | HEX: F1 77 FE F7 F4 71 91 EA CC 56 AB D6 | T:874111 RPD:1
[CH: 50] LEN: 12 | HEX: E9 77 74 FA FE 70 91 EF 7A BB FF DF | T:874111 RPD:0
[CH: 50] LEN: 12 | HEX: F9 77 F5 F3 D6 75 91 FE F2 1C BF FF | T:874122 RPD:1
[CH: 50] LEN: 12 | HEX: F9 77 FC F6 FA 70 91 FF 7A BB BE FF | T:874123 RPD:0
[CH: 50] LEN: 12 | HEX: F5 77 FD FD FE 73 91 F6 8D 39 BD EB | T:874134 RPD:1
[CH: 50] LEN: 12 | HEX: F9 77 FD E8 FE 76 91 FF 45 9E BF FF | T:874134 RPD:0
[CH: 50] LEN: 12 | HEX: F5 77 BC F7 AC 79 91 DD 0C 56 BF FF | T:874146 RPD:1
[CH: 50] LEN: 12 | HEX: F1 77 FD F3 FC 75 91 FF 72 1C BD DF | T:874157 RPD:1
[CH: 50] LEN: 12 | HEX: F1 77 AA F1 FE 77 91 EE 58 FF 7B 6F | T:874157 RPD:1
[CH: 50] LEN: 12 | HEX: F1 77 FA FE FE 70 91 EF 7A BB BF AF | T:874168 RPD:1
[CH: 50] LEN: 12 | HEX: F1 77 AE F9 FE 77 91 FF 58 FF BB EF | T:874169 RPD:0
[CH: 50] LEN: 12 | HEX: F1 77 F4 F8 EE 76 91 FD C5 9E BF FF | T:874180 RPD:1
[CH: 50] LEN: 12 | HEX: F9 77 BD F5 DE 73 91 FE 8D 39 BF FB | T:874191 RPD:1
[CH: 50] LEN: 12 | HEX: F9 77 FA F3 AD 75 91 DD 72 1C BE FF | T:874192 RPD:0
[CH: 50] LEN: 12 | HEX: F9 77 FD F7 FD 79 91 DD 0C 56 BF FF | T:874203 RPD:1
[CH: 50] LEN: 12 | HEX: F9 77 7E F1 FE 77 91 FE D8 FF 7F FF | T:874203 RPD:0
[CH: 50] LEN: 12 | HEX: F9 77 FB F8 FE 76 91 FF 45 9C AB E7 | T:874214 RPD:1
[CH: 50] LEN: 12 | HEX: F1 77 FD F5 FE 73 91 EE 8D 39 AF FF | T:874215 RPD:0
[CH: 50] LEN: 12 | HEX: F1 77 FA F3 FE 75 91 F7 72 1C BB D5 | T:874226 RPD:1
[CH: 50] LEN: 12 | HEX: F1 77 7E F7 DD 79 91 EF 4C 56 BB BF | T:874237 RPD:1
[CH: 50] LEN: 12 | HEX: F9 77 AB FE FA 70 91 FF 7A BB BE FF | T:874238 RPD:0
[CH: 50] LEN: 12 | HEX: F9 77 BA F9 FE 77 91 F5 58 FB BE EB | T:874249 RPD:1
[CH: 50] LEN: 12 | HEX: F9 77 BE F4 F5 70 91 FF 7A BB BF FD | T:874249 RPD:0
[CH: 50] LEN: 12 | HEX: F1 77 74 F5 F6 73 91 D5 8D 39 BB BF | T:874260 RPD:1
[CH: 50] LEN: 12 | HEX: F1 77 B5 F0 F4 76 91 FE 85 9C BF D7 | T:874261 RPD:0
[CH: 50] LEN: 12 | HEX: F1 77 BA F7 AD 79 91 F7 4C 56 AD FB | T:874272 RPD:1
[CH: 50] LEN: 12 | HEX: F9 77 FA FB D6 75 91 FF 72 1C BF 7F | T:874283 RPD:1
[CH: 50] LEN: 12 | HEX: F5 77 DF F9 FF 77 91 FE D8 FF AB FF | T:874283 RPD:0
[CH: 50] LEN: 12 | HEX: F1 77 DF FE FE 70 91 EF 3A BB FF FD | T:874295 RPD:1
[CH: 50] LEN: 12 | HEX: F5 77 FD F4 F4 76 91 FF 45 9E BF 7D | T:874295 RPD:1
[CH: 50] LEN: 12 | HEX: F9 77 BD F7 FA 79 91 FF 0C 56 BE BF | T:874306 RPD:1
[CH: 50] LEN: 12 | HEX: F1 77 AA ED FC 73 91 EF 8D 39 B7 6F | T:874307 RPD:0
[CH: 50] LEN: 12 | HEX: F9 77 FD FB FD 75 91 DE F2 1C BF FE | T:874318 RPD:1
[CH: 50] LEN: 12 | HEX: F9 77 D5 F7 FD 79 91 EE 8C 56 BF F5 | T:874329 RPD:1
[CH: 50] LEN: 12 | HEX: F1 77 FA FE FA 70 91 FE BA BB BF 2A | T:874329 RPD:0
[CH: 50] LEN: 12 | HEX: EB 77 7A F9 EA 77 91 EE 58 FF 7D F7 | T:874341 RPD:1
[CH: 50] LEN: 12 | HEX: F9 77 EC FB D5 73 91 FF 0D 39 BE FF | T:874341 RPD:0
[CH: 50] LEN: 12 | HEX: F1 77 DD FB FE 75 91 FE 72 1C BF 7F | T:874352 RPD:1
[CH: 50] LEN: 12 | HEX: F9 77 FA F7 DD 79 91 FF 4C 56 BF B1 | T:874364 RPD:1
[CH: 50] LEN: 12 | HEX: F9 77 FD F6 F4 70 91 FF 7A BB AF F5 | T:874364 RPD:0
[CH: 50] LEN: 12 | HEX: F9 77 FD F9 F6 77 91 FF 58 F7 7F F5 | T:874375 RPD:1
[CH: 50] LEN: 12 | HEX: F1 77 BA FE FA 70 91 F7 7A BB BF DF | T:874375 RPD:0
[CH: 50] LEN: 12 | HEX: F9 77 DE FF FE 73 91 EF 0D 39 BF FF | T:874387 RPD:1
[CH: 50] LEN: 12 | HEX: E9 77 F8 F0 FE 76 91 FF A5 9E BF 75 | T:874387 RPD:0
[CH: 50] LEN: 12 | HEX: F1 77 F4 F7 BB 71 91 FE 8C 56 AF F7 | T:874398 RPD:1
[CH: 50] LEN: 12 | HEX: F1 77 FC FB EC 75 91 EE 72 1C BF FB | T:874410 RPD:1
[CH: 50] LEN: 12 | HEX: F1 77 AE F1 DD 77 91 FE D8 FF 6D EF | T:874410 RPD:0
[CH: 50] LEN: 12 | HEX: F1 77 7A FE EA 70 91 DF 7A BB FF FF | T:874421 RPD:1
[CH: 50] LEN: 12 | HEX: F9 77 FD F8 FE 76 91 EB C5 9E AF FF | T:874421 RPD:0
[CH: 50] LEN: 12 | HEX: F1 77 EE F7 FD 79 91 EF 8C 56 BF D7 | T:874433 RPD:1
[CH: 50] LEN: 12 | HEX: ED 77 DE F3 FC 75 91 EB 72 1C BB FF | T:874433 RPD:1
[CH: 50] LEN: 12 | HEX: F1 77 BB F9 D4 77 11 FE 58 FF BF FB | T:874444 RPD:1
[CH: 50] LEN: 12 | HEX: E9 77 AE F7 BA 79 91 BF 8C 56 AF 7F | T:874456 RPD:1
[CH: 50] LEN: 12 | HEX: F1 77 F6 FD FE 70 91 FF 3A BB BF F7 | T:874456 RPD:0
[CH: 50] LEN: 12 | HEX: F1 77 FD F9 D6 77 91 EF 58 FF 37 DF | T:874467 RPD:1
[CH: 50] LEN: 12 | HEX: F9 77 BA FD FC 73 91 EB 0D 39 BF FF | T:874467 RPD:0
[CH: 50] LEN: 12 | HEX: F9 77 EE F1 DC 77 91 FF D8 F7 6F FD | T:874479 RPD:1
[CH: 50] LEN: 12 | HEX: F1 77 5A F7 FE 79 91 FF 0E 56 BB EF | T:874490 RPD:1
[CH: 50] LEN: 12 | HEX: F9 77 FA F6 FE 70 91 F5 BA BB BD DF | T:874490 RPD:0
[CH: 50] LEN: 12 | HEX: F5 77 FF F5 FD 77 91 FE D8 FF 7F FB | T:874502 RPD:1
[CH: 50] LEN: 12 | HEX: F1 77 AD F9 F4 73 91 FF 0D 39 B7 FF | T:874502 RPD:0
[CH: 50] LEN: 12 | HEX: F1 77 FD F7 DE 75 91 FF 72 1C AF AF | T:874513 RPD:1
[CH: 50] LEN: 12 | HEX: F1 77 BD F8 FE 76 91 FE 85 9D BA FF | T:874513 RPD:0
[CH: 50] LEN: 12 | HEX: F1 77 FC F7 BA 79 91 FD 4C 56 BF FE | T:874525 RPD:1
[CH: 50] LEN: 12 | HEX: E9 77 FA FB FD 75 91 FD 72 1C BF BF | T:874536 RPD:1
[CH: 50] LEN: 12 | HEX: E9 77 7A F1 F4 77 11 DF 58 EB 27 7F | T:874536 RPD:0
[CH: 50] LEN: 12 | HEX: F9 77 5D F6 F6 70 91 FF 7A BB BB FD | T:874547 RPD:1
[CH: 50] LEN: 12 | HEX: F1 7F FD F8 FE 76 91 FD 45 9C BF FF | T:874548 RPD:0
[CH: 50] LEN: 12 | HEX: F1 77 BE F7 BC 79 91 FE 8C 56 BF FF | T:874559 RPD:1
[CH: 50] LEN: 12 | HEX: F9 77 FC F3 FF 75 91 D7 F2 1C BD FB | T:874559 RPD:0
[CH: 50] LEN: 12 | HEX: F1 77 B4 E9 EE 77 91 EF 58 FF 37 7F | T:874571 RPD:1
[CH: 50] LEN: 12 | HEX: F9 77 B4 FE FE 70 91 FF BA BB BF FF | T:874582 RPD:1
[CH: 50] LEN: 12 | HEX: F1 77 BC FD FE 73 91 FE 8D 39 BA F5 | T:874582 RPD:0
[CH: 50] LEN: 12 | HEX: E9 77 BB F1 FE 77 91 FE D8 FF 2F EF | T:874593 RPD:1
[CH: 50] LEN: 12 | HEX: F1 77 AE F5 ED 73 91 EB 0D 39 BF EF | T:874594 RPD:0
[CH: 50] LEN: 12 | HEX: F9 77 AE F7 FE 75 91 EB 72 1C BF FF | T:874605 RPD:1
[CH: 50] LEN: 12 | HEX: F9 77 FC F7 F4 79 91 FF CC 56 BB F7 | T:874616 RPD:1
[CH: 50] LEN: 12 | HEX: F1 77 FA FE FE 70 91 FE BA BB BE FB | T:874617 RPD:0
[CH: 50] LEN: 12 | HEX: F9 77 AD F9 F6 77 91 EE D8 FF BE EB | T:874628 RPD:1
[CH: 50] LEN: 12 | HEX: F9 77 DE FD FE 73 91 D7 0D 39 BF BF | T:874628 RPD:0
[CH: 50] LEN: 12 | HEX: F9 77 FA F3 FD 75 91 ED F2 1C AF FF | T:874639 RPD:1
[CH: 50] LEN: 12 | HEX: F1 77 FD F7 FD 79 91 FF 4C 56 BF FE | T:874640 RPD:0
[CH: 50] LEN: 12 | HEX: F1 77 D5 FE F6 70 91 FD 7A BB BD EF | T:874651 RPD:1
[CH: 50] LEN: 12 | HEX: F9 77 7C F7 F9 75 91 EE F2 1C BF 6F | T:874662 RPD:1
[CH: 50] LEN: 12 | HEX: F1 77 BA F1 FC 77 91 FE 58 FF 7E FF | T:874663 RPD:0
[CH: 50] LEN: 12 | HEX: F1 77 BE F6 FE 70 91 FF 3A BB BF FE | T:874674 RPD:1
[CH: 50] LEN: 12 | HEX: ED 77 DD F0 FE 76 91 F7 45 9E BF FF | T:874674 RPD:0
[CH: 50] LEN: 12 | HEX: F1 77 DF F7 FF 79 91 FF 4C 56 B7 F7 | T:874685 RPD:1
[CH: 50] LEN: 12 | HEX: F9 77 FC F7 FA 75 91 DC F2 1C AF FF | T:874686 RPD:0
[CH: 50] LEN: 12 | HEX: F9 77 FD F1 EE 77 91 FD 58 EE BB 5F | T:874697 RPD:1
[CH: 50] LEN: 12 | HEX: F9 77 FC FE FD 70 91 FF 7A BB AB 7D | T:874708 RPD:1
[CH: 50] LEN: 12 | HEX: F1 77 BD FD FE 73 91 FF 0D 39 BE EF | T:874709 RPD:0
[CH: 50] LEN: 12 | HEX: F1 77 FD F7 FA 79 91 FF 4C 56 AF DF | T:874720 RPD:1
[CH: 50] LEN: 12 | HEX: F9 77 FA F5 FE 73 91 EE 8D 39 B7 D7 | T:874720 RPD:0
[CH: 50] LEN: 12 | HEX: F1 77 FB FB DA 75 91 FF 72 1C BF FB | T:874731 RPD:1
[CH: 50] LEN: 12 | HEX: F1 77 FA E7 AB 71 91 FE 8C 56 BF FB | T:874732 RPD:0
[CH: 50] LEN: 12 | HEX: F5 77 AE FE FE 70 91 EF 3A BB AB FD | T:874743 RPD:1
[CH: 50] LEN: 12 | HEX: F9 77 BE F9 EE 77 91 FE 58 FF BF DD | T:874754 RPD:1
[CH: 50] LEN: 12 | HEX: F9 77 AE F0 FE 76 91 DD C5 9E BF FF | T:874755 RPD:0
[CH: 50] LEN: 12 | HEX: F1 77 FA FD EC 73 91 DA 0D 39 BF DD | T:874766 RPD:1
[CH: 50] LEN: 12 | HEX: F1 77 B5 F7 FA 79 91 FF 4C 56 BF 7D | T:874766 RPD:0
[CH: 50] LEN: 12 | HEX: F9 77 FA FE FE 70 91 FF 7A BB B7 EE | T:874777 RPD:1
[CH: 50] LEN: 12 | HEX: E9 77 DE F1 FE 77 91 FE D8 FF 6D D5 | T:874789 RPD:1
[CH: 50] LEN: 12 | HEX: F9 77 DC F0 F6 76 91 F7 C5 9E BF FD | T:874789 RPD:0
[CH: 50] LEN: 12 | HEX: F1 77 AD F6 EE 70 91 FE BE BB B7 7F | T:874800 RPD:1
[CH: 50] LEN: 12 | HEX: F1 77 EF F0 EC 76 91 FF 45 9E BF 5D | T:874800 RPD:0
[CH: 50] LEN: 12 | HEX: F5 77 DE F6 FE 70 91 FD 3A BB BF 7F | T:874812 RPD:1
[CH: 50] LEN: 12 | HEX: F9 77 FD FB DE F5 91 FE F2 1C AF EF | T:874812 RPD:0
[CH: 50] LEN: 12 | HEX: F9 77 FA F9 F6 77 91 FF D8 FF 7F FD | T:874823 RPD:1
[CH: 50] LEN: 12 | HEX: F1 77 FB FE FE 70 91 FE BA BB BF FF | T:874835 RPD:1
[CH: 50] LEN: 12 | HEX: F1 77 ED F5 F4 73 91 F6 8D 39 AB FF | T:874835 RPD:0
[CH: 50] LEN: 12 | HEX: F9 77 BE F8 F6 76 91 FE 85 9E B7 EF | T:874846 RPD:1
[CH: 50] LEN: 12 | HEX: F1 77 FD F7 FF 75 91 EE 72 1C AE FF | T:874846 RPD:0
[CH: 50] LEN: 12 | HEX: F9 77 DB E9 FD 7F 91 D7 58 EF 7F DB | T:874858 RPD:1
[CH: 50] LEN: 12 | HEX: F9 77 F4 F7 BA 79 91 FE 8C 56 AF FF | T:874858 RPD:0
[CH: 50] LEN: 12 | HEX: F1 77 FA F6 FE 70 91 FD 3A BB BA FF | T:874869 RPD:1
[CH: 50] LEN: 12 | HEX: F9 77 FA F9 EE 77 91 FF D8 FF ED BA | T:874881 RPD:1
[CH: 50] LEN: 12 | HEX: F5 77 5E F0 FE 76 91 D7 C5 9E BD 7D | T:874881 RPD:0
[CH: 50] LEN: 12 | HEX: F9 77 7A FD EE 73 91 FE 0D 39 BF B7 | T:874892 RPD:1
[CH: 50] LEN: 12 | HEX: F9 77 FA F7 FA 79 91 FE 8C 56 BF EF | T:874892 RPD:0
[CH: 50] LEN: 12 | HEX: F9 77 AD EA FE 70 91 ED 7A BB BF FD | T:874904 RPD:1
[CH: 50] LEN: 12 | HEX: F9 77 D9 F1 ED 77 91 FE D8 FF BF BF | T:874915 RPD:1
[CH: 50] LEN: 12 | HEX: F1 77 AE F0 FE 76 91 FE 85 9C BF DF | T:874915 RPD:0
[CH: 50] LEN: 12 | HEX: F1 77 79 F3 FD 75 91 FF F2 1C B7 7A | T:874927 RPD:1
[CH: 50] LEN: 12 | HEX: F1 77 75 F0 FE 76 91 FE A5 9E BF FD | T:874927 RPD:0
[CH: 50] LEN: 12 | HEX: F1 77 FD F7 FE 79 91 FE 8C 56 BB DA | T:874938 RPD:1
[CH: 50] LEN: 12 | HEX: F1 77 F4 F7 ED 75 91 EF F2 1C AE FE | T:874938 RPD:0
[CH: 50] LEN: 12 | HEX: E9 77 F8 F1 DC 77 91 FE D8 EE BF 7F | T:874950 RPD:1
[CH: 50] LEN: 12 | HEX: F9 77 BA FE FE 70 91 FE BA BB BF 6F | T:874961 RPD:1
[CH: 50] LEN: 12 | HEX: F9 77 BE FD FE 73 91 FF 0D 39 BF FF | T:874961 RPD:0
[CH: 50] LEN: 12 | HEX: F9 77 DD F0 FE 76 91 FD 45 9E AF 7F | T:874973 RPD:1
[CH: 50] LEN: 12 | HEX: F5 77 FA FB DD 75 91 EA 72 1C B7 F7 | T:874973 RPD:0
[CH: 50] LEN: 12 | HEX: F9 77 FA F9 FC 77 91 FF 58 FF 3F AF | T:874984 RPD:1
[CH: 50] LEN: 12 | HEX: F9 77 FD FE FE 70 91 FE BA BB AE FF | T:874984 RPD:0
[CH: 50] LEN: 12 | HEX: F1 77 AE FD EC 73 91 EE 8D 39 BD D7 | T:874996 RPD:1
[CH: 50] LEN: 12 | HEX: F5 77 DE F5 EC 77 91 F6 58 FE BF FF | T:875007 RPD:1
[CH: 50] LEN: 12 | HEX: F9 77 FD E8 FE 76 91 FF 45 9E AF FB | T:875007 RPD:0
[CH: 50] LEN: 12 | HEX: F1 77 BC F5 FE 73 91 EF 0D 39 BF 7F | T:875019 RPD:1
[CH: 50] LEN: 12 | HEX: F9 77 FA F7 FD 79 91 FF CC 56 B5 FF | T:875019 RPD:0
[CH: 50] LEN: 12 | HEX: F1 77 F5 FE F6 70 91 FD 3A BB BB FD | T:875030 RPD:1
[CH: 50] LEN: 12 | HEX: F9 77 F4 F1 FC 77 11 FF 58 FF 7F D7 | T:875041 RPD:1
[CH: 50] LEN: 12 | HEX: F1 77 BE F0 EA 76 91 FD 45 9E BF F7 | T:875042 RPD:0
[CH: 50] LEN: 12 | HEX: F1 7F 5E ED D6 73 B1 DA 0D 39 BF 6F | T:875053 RPD:1
[CH: 50] LEN: 12 | HEX: F9 77 FA F7 F4 79 91 FE 8C 56 BF BF | T:875053 RPD:0
[CH: 50] LEN: 12 | HEX: E9 77 D9 FE FE 70 91 FF 3A BB AF DE | T:875064 RPD:1
[CH: 50] LEN: 12 | HEX: E9 77 BA F3 DA 75 91 EA F2 1C AF FF | T:875065 RPD:0
[CH: 50] LEN: 12 | HEX: F9 77 BD F1 F6 77 91 FF 58 EF 7A EF | T:875076 RPD:1
[CH: 50] LEN: 12 | HEX: F9 77 FA FE FE 70 91 FF 3A BB AE ED | T:875087 RPD:1
[CH: 50] LEN: 12 | HEX: F9 77 74 F9 FE 73 91 FF 8D 39 BF F7 | T:875088 RPD:0
[CH: 50] LEN: 12 | HEX: E9 77 F9 F8 FE 76 91 EF 45 9C BE C9 | T:875099 RPD:1
[CH: 50] LEN: 12 | HEX: FD 77 7E F3 FD 75 91 DE 72 1C BF FF | T:875099 RPD:0
[CH: 50] LEN: 12 | HEX: F1 77 DD F9 FE 77 91 FF 58 EF 5F FF | T:875110 RPD:1
[CH: 50] LEN: 12 | HEX: F1 77 FA F6 FE 70 91 FE BA BB AF BF | T:875111 RPD:0
[CH: 50] LEN: 12 | HEX: F9 77 B4 F5 EE 73 91 FD 8D 39 BF FF | T:875122 RPD:1
[CH: 50] LEN: 12 | HEX: F1 77 FA F8 FA 76 91 ED 45 9E BF FF | T:875133 RPD:1
[CH: 50] LEN: 12 | HEX: F1 77 FB F7 DD 79 91 EF 0C 56 AF E9 | T:875134 RPD:0
[CH: 50] LEN: 12 | HEX: F1 77 DA FD EC 73 91 FD 8D 39 BF FF | T:875145 RPD:1
[CH: 50] LEN: 12 | HEX: F9 77 F4 E7 F4 79 91 DE 8C 56 BE F6 | T:875145 RPD:0
[CH: 50] LEN: 12 | HEX: F9 77 DD FE FE 70 91 FE BA BB BD 7D | T:875156 RPD:1
[CH: 50] LEN: 12 | HEX: F9 77 AD F9 FE 77 91 FE 58 FF BD 4C | T:875157 RPD:0
[CH: 50] LEN: 12 | HEX: F9 77 BD F8 FE 76 91 FE 85 9E AF FF | T:875168 RPD:1
[CH: 50] LEN: 12 | HEX: F9 77 FF F3 FB 75 91 EF 72 1C BB FD | T:875179 RPD:1
[CH: 50] LEN: 12 | HEX: F1 77 5A F9 DC 77 91 FD 58 FE BB FE | T:875180 RPD:0
[CH: 50] LEN: 12 | HEX: F9 77 FC F7 DC 79 91 FE 8C 56 BD BE | T:875191 RPD:1
[CH: 50] LEN: 12 | HEX: F1 77 FA F5 FE 77 91 FD 58 FF 7E FE | T:875191 RPD:0
[CH: 50] LEN: 12 | HEX: F1 77 AD F0 EE 76 91 D5 45 9C BA DF | T:875202 RPD:1
[CH: 50] LEN: 12 | HEX: F9 77 D6 F6 FE 70 91 FE BA BB AF FF | T:875214 RPD:1
[CH: 50] LEN: 12 | HEX: F9 77 DD FD FE 73 91 F7 8D 39 BF FD | T:875214 RPD:0
[CH: 50] LEN: 12 | HEX: E9 77 EA F7 F6 79 91 FE 8C 56 AE FE | T:875225 RPD:1
[CH: 50] LEN: 12 | HEX: F1 77 F9 FB FD 75 91 ED F2 1C BA F7 | T:875226 RPD:0
[CH: 50] LEN: 12 | HEX: F9 77 DA F9 FF 77 91 FD D8 FE B5 FF | T:875237 RPD:1
[CH: 50] LEN: 12 | HEX: F5 77 DD F4 FE 70 91 FF 3A BB AF FF | T:875237 RPD:0
[CH: 50] LEN: 12 | HEX: F1 77 FA FB FD 75 91 F6 72 1C BE FB | T:875248 RPD:1
[CH: 50] LEN: 12 | HEX: F1 77 DD F0 F4 76 91 EF A5 9E AF F7 | T:875260 RPD:1
[CH: 50] LEN: 12 | HEX: F9 77 BB F7 BD 71 91 F7 8C 56 BB EF | T:875260 RPD:0
[CH: 50] LEN: 12 | HEX: F5 77 EE F3 DE 75 91 F6 F2 1C AB 7F | T:875271 RPD:1
[CH: 50] LEN: 12 | HEX: F5 77 BA F7 74 79 91 FD 4C 56 BD FF | T:875271 RPD:0
[CH: 50] LEN: 12 | HEX: F1 77 AD F6 EA 70 91 ED 3A BB BF FF | T:875283 RPD:1
[CH: 50] LEN: 12 | HEX: F9 77 BE F5 FE 77 91 EF 58 FF AF FF | T:875283 RPD:0
[CH: 50] LEN: 12 | HEX: E9 77 FD F0 FE 76 91 ED 45 9E BE DB | T:875294 RPD:1
[CH: 50] LEN: 12 | HEX: F1 77 FA FD D6 73 91 FE 8D 39 BF DE | T:875306 RPD:1
[CH: 50] LEN: 12 | HEX: F1 77 FD FB F6 75 91 FE F2 1C BD BF | T:875306 RPD:0
[CH: 50] LEN: 12 | HEX: F9 77 BD F7 DB 79 91 FF 4C 56 BF 75 | T:875317 RPD:1
[CH: 50] LEN: 12 | HEX: F9 77 FD F5 FD 77 11 FD D8 FB 7F 69 | T:875317 RPD:0
[CH: 50] LEN: 12 | HEX: F9 77 FD F8 FA 76 91 FF 45 9E AF EF | T:875329 RPD:1
[CH: 50] LEN: 12 | HEX: F9 77 B5 FD FE 73 91 EE 0D 39 B7 F6 | T:875340 RPD:1
[CH: 50] LEN: 12 | HEX: F1 77 BC F5 D4 77 11 FE D8 EB 3F 7B | T:875340 RPD:0
[CH: 50] LEN: 12 | HEX: E9 77 5A F0 FE 76 91 D7 C5 9C BF FB | T:875352 RPD:1
[CH: 50] LEN: 12 | HEX: F9 77 BA F3 FD 75 91 FE F2 1C AF FE | T:875352 RPD:0
[CH: 50] LEN: 12 | HEX: E9 77 FD F9 EC 77 91 D6 D8 FE F7 FD | T:875363 RPD:1
[CH: 50] LEN: 12 | HEX: F9 77 FA FE FE 70 91 F7 7A BB BD FF | T:875363 RPD:0
[CH: 50] LEN: 12 | HEX: F9 77 76 F5 FE 73 91 ED 0D 39 B7 F7 | T:875375 RPD:1
[CH: 50] LEN: 12 | HEX: E9 77 FA F0 FE 76 91 FE 85 9C BA FF | T:875386 RPD:1
[CH: 50] LEN: 12 | HEX: F9 77 DE F7 FA 79 91 EE 8C 56 BF D7 | T:875386 RPD:1
[CH: 50] LEN: 12 | HEX: F1 77 5E F3 FD 75 91 FE F2 1C BF 7D | T:875398 RPD:1
[CH: 50] LEN: 12 | HEX: F5 77 BE F7 FD 79 91 FD 0C 56 BF B4 | T:875398 RPD:0
[CH: 50] LEN: 12 | HEX: F9 77 74 F6 FA 70 91 EB 7A BB BE B7 | T:875409 RPD:1
[CH: 50] LEN: 12 | HEX: F1 77 F4 F8 F5 76 91 FF 45 9E BF DF | T:875409 RPD:0
[CH: 50] LEN: 12 | HEX: F9 77 FE F7 BA 79 91 FE 8C 56 BF AF | T:875421 RPD:1
[CH: 50] LEN: 12 | HEX: F9 77 BE F5 DE 73 91 EE 8D 39 BF FD | T:875432 RPD:1
[CH: 50] LEN: 12 | HEX: F9 77 BE F7 FD 75 91 FE F2 1C AF FF | T:875432 RPD:0
[CH: 50] LEN: 12 | HEX: F9 77 FE F7 FD 79 91 FF CC 56 BD FF | T:875444 RPD:1
[CH: 50] LEN: 12 | HEX: F1 77 BB F1 FC 77 91 FD D8 FF 6D EF | T:875444 RPD:0
[CH: 50] LEN: 12 | HEX: F1 77 FF F8 FE 76 91 F6 85 9C BE FD | T:875455 RPD:1
[CH: 50] LEN: 12 | HEX: F1 77 B9 F9 FA 73 91 EA 8D 39 BF FB | T:875466 RPD:1
[CH: 50] LEN: 12 | HEX: F1 77 B9 F3 D6 75 91 DF 72 1C AD F5 | T:875467 RPD:0
[CH: 50] LEN: 12 | HEX: F9 77 FA F7 FC 79 91 FF 0C 56 B7 FD | T:875478 RPD:1
[CH: 50] LEN: 12 | HEX: F1 77 BE F3 D6 75 91 ED F2 1C AF DF | T:875478 RPD:0
[CH: 50] LEN: 12 | HEX: F9 77 5E F9 DC 77 91 EF 58 F6 B7 FF | T:875490 RPD:1
[CH: 50] LEN: 12 | HEX: F1 77 FB F4 EE 70 91 FE BA BB BE EE | T:875490 RPD:0
[CH: 50] LEN: 12 | HEX: F9 77 FD FD F6 73 91 FE 8D 39 BF FF | T:875501 RPD:1
[CH: 50] LEN: 12 | HEX: F1 77 7E F0 FE 76 91 FE 85 9E BF FD | T:875512 RPD:1
[CH: 50] LEN: 12 | HEX: F9 77 F6 F7 B9 79 91 ED 4C 56 BA FB | T:875513 RPD:0
[CH: 50] LEN: 12 | HEX: F9 77 DD FB FD 75 91 FE F2 1C BF FF | T:875524 RPD:1
[CH: 50] LEN: 12 | HEX: F9 77 FD FE FE 70 91 FD 3A BB FB EF | T:875524 RPD:1
[CH: 50] LEN: 12 | HEX: F1 77 B4 FD FE 73 91 FE 8D 39 AF FF | T:875535 RPD:1
[CH: 50] LEN: 12 | HEX: F9 77 DF F9 FD 77 11 F7 58 FF AF BF | T:875536 RPD:0
[CH: 50] LEN: 12 | HEX: F1 77 FA F8 FE 76 91 FE C5 9E BF FF | T:875547 RPD:1
[CH: 50] LEN: 12 | HEX: F9 77 BC F9 AE 73 91 FE 8D 39 BD BF | T:875558 RPD:1
[CH: 50] LEN: 12 | HEX: F9 77 AC F3 FC 75 91 EE F2 1C AF FF | T:875559 RPD:0
[CH: 50] LEN: 12 | HEX: F9 77 5E F7 F4 79 91 FF 4C 56 BB FD | T:875570 RPD:1
[CH: 50] LEN: 12 | HEX: F5 77 ED E9 F6 77 91 FF D8 F7 3B FF | T:875570 RPD:0
[CH: 50] LEN: 12 | HEX: F9 77 FC F4 F6 76 91 FF A5 9E AF FB | T:875581 RPD:1
[CH: 50] LEN: 12 | HEX: F1 77 BA FD EC 73 91 FE 8D 39 BE 94 | T:875582 RPD:0
[CH: 50] LEN: 12 | HEX: F5 77 FA FB FD 75 91 FD 72 1C AB FB | T:875593 RPD:1
[CH: 50] LEN: 12 | HEX: F9 77 BC F7 74 79 91 DF 8C 56 B7 DF | T:875604 RPD:1
[CH: 50] LEN: 12 | HEX: F1 77 FD F4 FE 70 91 FF 7A BB BF B5 | T:875605 RPD:0
[CH: 50] LEN: 12 | HEX: F9 77 F5 F9 F6 77 91 FD 58 FF 2F FF | T:875616 RPD:1
[CH: 50] LEN: 12 | HEX: F1 77 FA FE FE 70 91 DE BA BB AF F5 | T:875616 RPD:0
[CH: 50] LEN: 12 | HEX: F1 77 DE F5 F6 73 91 FD 8D 39 BE FF | T:875627 RPD:1
[CH: 50] LEN: 12 | HEX: F1 77 F4 F4 EE 76 91 FD 45 9E BD FB | T:875639 RPD:1
[CH: 50] LEN: 12 | HEX: F1 77 BD F7 B4 79 91 F7 4C 56 BF FD | T:875639 RPD:0
[CH: 50] LEN: 12 | HEX: F1 77 EC F3 DD 75 91 F7 F2 1C BF FF | T:875650 RPD:1
[CH: 50] LEN: 12 | HEX: F1 77 FC F6 FE 70 91 FE BA BB BF FF | T:875651 RPD:0
[CH: 50] LEN: 12 | HEX: F9 77 DE FD F4 73 91 FE 8D 39 AA FF | T:875662 RPD:1
[CH: 50] LEN: 12 | HEX: F9 77 EB F8 FE 76 91 FF A5 9C AF DF | T:875662 RPD:1
[CH: 50] LEN: 12 | HEX: F1 77 DC F7 54 79 91 EF 0C 56 BD BD | T:875673 RPD:1
[CH: 50] LEN: 12 | HEX: E9 77 F4 FD F6 73 91 FE 8D 39 BE FA | T:875685 RPD:1
[CH: 50] LEN: 12 | HEX: F1 77 FA FB FD 75 91 DD 72 1C AE FB | T:875685 RPD:0
[CH: 50] LEN: 12 | HEX: F9 77 FD F7 FD 79 91 FE 8C 56 BF FE | T:875696 RPD:1
[CH: 50] LEN: 12 | HEX: F5 77 B9 F9 F6 77 91 FE D8 FF BF F7 | T:875697 RPD:0
[CH: 50] LEN: 12 | HEX: F9 77 FA F8 FE 76 91 FF 85 9E B7 F7 | T:875708 RPD:1
[CH: 50] LEN: 12 | HEX: E9 77 EA FD FE 73 91 FD 8D 39 BF FD | T:875708 RPD:0
[CH: 50] LEN: 12 | HEX: F1 77 BE F3 FD 75 91 FE F2 1C BF FF | T:875719 RPD:1
[CH: 50] LEN: 12 | HEX: F1 77 FE F7 BB 79 91 FF 0C 56 BF DD | T:875731 RPD:1
[CH: 50] LEN: 12 | HEX: F9 77 BA FE F4 70 91 FE BA BB BD FF | T:875731 RPD:0
[CH: 50] LEN: 12 | HEX: F1 77 BC F5 D4 77 11 FD 58 EB FD EE | T:875742 RPD:1
[CH: 50] LEN: 12 | HEX: F9 77 FA FC FA 70 91 EA BA BB BD FF | T:875743 RPD:0
[CH: 50] LEN: 12 | HEX: F9 77 BE F9 EE 73 91 FD 8D 39 BB EF | T:875754 RPD:1
[CH: 50] LEN: 12 | HEX: F9 77 FD EC FA 76 91 FE 85 9E BD 7B | T:875765 RPD:1
[CH: 50] LEN: 12 | HEX: F1 77 FF F7 BD 79 91 FF CC 56 AD DF | T:875765 RPD:0
[CH: 50] LEN: 12 | HEX: F9 77 FF FB EE 75 91 F7 72 1C AF EB | T:875777 RPD:1
[CH: 50] LEN: 12 | HEX: F5 77 FC EE EE 70 91 FE FA BB BF 7F | T:875777 RPD:0
[CH: 50] LEN: 12 | HEX: F1 77 BD FD FE 73 91 FF 0D 39 AD 7F | T:875788 RPD:1
[CH: 50] LEN: 12 | HEX: F1 77 BA F0 FE 76 91 EB A5 9E BD FE | T:875788 RPD:0
[CH: 50] LEN: 12 | HEX: F9 77 F4 F7 FA 79 91 EF 0C 56 BF DF | T:875800 RPD:1
[CH: 50] LEN: 12 | HEX: F1 77 FA F7 FC 75 91 EE F2 1C BF FA | T:875811 RPD:1
[CH: 50] LEN: 12 | HEX: F1 77 FA F1 FE 77 91 FE D8 FE BF AF | T:875811 RPD:0
[CH: 50] LEN: 12 | HEX: F9 77 DD FE FE 70 91 F7 7A BB AE FA | T:875823 RPD:1
[CH: 50] LEN: 12 | HEX: F9 77 FA F9 FE 77 91 FF 58 FF BF FD | T:875823 RPD:0
[CH: 50] LEN: 12 | HEX: F9 77 F9 F8 EE 76 91 EE 85 9E BF FF | T:875834 RPD:1
[CH: 50] LEN: 12 | HEX: F9 77 BD FD EE 73 91 FE 8D 39 B6 D5 | T:875834 RPD:0
[CH: 50] LEN: 12 | HEX: F9 77 DE FB FE 75 91 FF F2 1C BD FE | T:875846 RPD:1
[CH: 50] LEN: 12 | HEX: F1 77 BA F7 BB 79 91 FE CC 56 BF FF | T:875857 RPD:1
[CH: 50] LEN: 12 | HEX: F1 77 FD FE FE 70 91 FD 3A BB BE BF | T:875857 RPD:0
[CH: 50] LEN: 12 | HEX: F9 77 D4 F9 FE 77 91 FD D8 F6 AF FF | T:875869 RPD:1
[CH: 50] LEN: 12 | HEX: E9 77 FC FD FE 73 91 F7 0D 39 AF FE | T:875869 RPD:0
[CH: 50] LEN: 12 | HEX: F9 77 BB FB FC 75 91 FE F2 1C B6 FF | T:875880 RPD:1
[CH: 50] LEN: 12 | HEX: F1 77 7A F0 FE 76 91 FF 45 9E BF FA | T:875891 RPD:1
[CH: 50] LEN: 12 | HEX: F9 77 5E F7 5E 79 91 EF 8C 56 BF B7 | T:875892 RPD:0
[CH: 50] LEN: 12 | HEX: F9 77 F4 F3 FD 75 91 DE F2 1C BF BF | T:875903 RPD:1
[CH: 50] LEN: 12 | HEX: F9 77 BC FC F6 70 91 D7 3A BB BE F7 | T:875903 RPD:0
[CH: 50] LEN: 12 | HEX: F9 77 FA F7 FE 73 91 FD 0D 39 BF FF | T:875915 RPD:1
[CH: 50] LEN: 12 | HEX: F1 77 BE F0 EA 76 91 FD 45 9E BF DF | T:875915 RPD:0
[CH: 50] LEN: 12 | HEX: F9 77 FA F7 F4 79 91 FE 8C 56 BF DF | T:875926 RPD:1
[CH: 50] LEN: 12 | HEX: F1 77 F4 F3 FB 75 91 FD 72 1C BF FE | T:875937 RPD:1
[CH: 50] LEN: 12 | HEX: E9 77 AE F1 FD 77 91 EE 58 FF 7D FD | T:875938 RPD:0
[CH: 50] LEN: 12 | HEX: F1 77 BA F6 F6 70 91 FE BA BB BE FF | T:875949 RPD:1
[CH: 50] LEN: 12 | HEX: F1 77 DE F1 F6 77 11 EF 58 FF AE FF | T:875949 RPD:0
[CH: 50] LEN: 12 | HEX: F9 77 FA F0 EA 76 91 FB 85 9E B5 FF | T:875961 RPD:1
[CH: 50] LEN: 12 | HEX: F9 7F FB F3 ED 75 91 F6 72 1C BF FF | T:875961 RPD:0
[CH: 50] LEN: 12 | HEX: F9 77 FA F9 EE 77 11 FC D8 FF 7F B7 | T:875972 RPD:1
[CH: 50] LEN: 12 | HEX: F9 77 74 F7 FA 79 91 D7 0C 56 AF 7F | T:875983 RPD:1
[CH: 50] LEN: 12 | HEX: F1 77 FD FE FE 70 91 FE BA BB AF 7B | T:875984 RPD:0
[CH: 50] LEN: 12 | HEX: F1 77 BA F9 FE 77 91 FF D8 FF AF 7F | T:875995 RPD:1
[CH: 50] LEN: 12 | HEX: F1 77 FD FB FE 73 91 FD 0D 39 BF F5 | T:875995 RPD:0
[CH: 50] LEN: 12 | HEX: F9 77 FA F3 FC 75 91 FE F2 1C BF EB | T:876007 RPD:1
[CH: 50] LEN: 12 | HEX: ED 77 FD F7 BA 79 91 FE 8C 56 AB ED | T:876007 RPD:1
[CH: 50] LEN: 12 | HEX: E9 77 FA FE EC 70 91 EB BA BB AF 6F | T:876018 RPD:1
[CH: 50] LEN: 12 | HEX: F1 77 FA F1 FE 77 91 FE D8 FF B7 BF | T:876029 RPD:1
[CH: 50] LEN: 12 | HEX: F1 77 BD F8 F6 76 91 FE 85 9E BF FB | T:876030 RPD:0
[CH: 50] LEN: 12 | HEX: F1 77 FD FE F6 70 91 FF 7A BB BB EF | T:876041 RPD:1
[CH: 50] LEN: 12 | HEX: F1 77 FE F0 FE 76 91 FF 45 9E BD FD | T:876041 RPD:0
[CH: 50] LEN: 12 | HEX: F1 77 FD F7 FA 75 91 FE CC 56 BE FF | T:876052 RPD:1
[CH: 50] LEN: 12 | HEX: F1 77 DE FB D6 75 91 EE F2 1C BF FF | T:876064 RPD:1
[CH: 50] LEN: 12 | HEX: F9 77 FA F9 EA 77 91 FB 58 FF 3F BF | T:876064 RPD:0
[CH: 50] LEN: 12 | HEX: F1 77 FA FE EE 70 91 EE BA BB B7 BE | T:876075 RPD:1
[CH: 50] LEN: 12 | HEX: F1 77 DE F4 FE 76 91 EE 85 9E AE FF | T:876076 RPD:0
[CH: 50] LEN: 12 | HEX: F9 77 FE E7 F4 79 91 FF 4C 56 BF 7F | T:876087 RPD:1
[CH: 50] LEN: 12 | HEX: F1 77 BE F5 FE 73 91 F6 8D 39 AD BB | T:876087 RPD:0
[CH: 50] LEN: 12 | HEX: F9 77 FD F3 FC 75 91 FD 72 1C AF FD | T:876098 RPD:1
[CH: 50] LEN: 12 | HEX: F1 77 7E F7 B5 79 91 EF 8C 56 BE DD | T:876110 RPD:1
[CH: 50] LEN: 12 | HEX: F9 77 BC FE F4 70 91 D7 3A BB BF FF | T:876110 RPD:0
[CH: 50] LEN: 12 | HEX: F1 77 BA F1 FE 77 11 DE D8 FE BF FF | T:876121 RPD:1
[CH: 50] LEN: 12 | HEX: F9 77 FD FD EE 73 91 F7 0D 39 AF FE | T:876122 RPD:0
[CH: 50] LEN: 12 | HEX: F9 77 FD FB BA 75 91 FF F2 1C BA DF | T:876133 RPD:1
[CH: 50] LEN: 12 | HEX: F1 77 7D F7 BD 79 91 FE CC 56 BF FF | T:876133 RPD:0
[CH: 50] LEN: 12 | HEX: F9 77 AE FA FE 70 91 F7 BA BB BF EF | T:876144 RPD:1
[CH: 50] LEN: 12 | HEX: F9 77 BD F9 FE 77 91 EE D8 FF BA F7 | T:876156 RPD:1
[CH: 50] LEN: 12 | HEX: F1 77 FA F0 FE 76 91 EF 45 9E BF AE | T:876156 RPD:0
[CH: 50] LEN: 12 | HEX: F1 77 5C F6 FE 70 91 F7 BA BB AF 75 | T:876167 RPD:1
[CH: 50] LEN: 12 | HEX: F1 77 AC F0 FF 76 91 EF A5 9E BF FF | T:876168 RPD:0
[CH: 50] LEN: 12 | HEX: F9 77 BA F7 AD 79 91 FD 0C 56 B7 FF | T:876179 RPD:1
[CH: 50] LEN: 12 | HEX: F9 77 BC F3 BE 75 91 EE F2 1C AD FF | T:876190 RPD:1
[CH: 50] LEN: 12 | HEX: F9 77 FD F9 FF 77 91 FE D8 FF FA FF | T:876190 RPD:0
[CH: 50] LEN: 12 | HEX: F1 77 7E FE F6 70 91 FE BA BB BE FF | T:876202 RPD:1
[CH: 50] LEN: 12 | HEX: F9 77 FA F0 F5 76 91 FD 45 9E BE DB | T:876202 RPD:0
[CH: 50] LEN: 12 | HEX: F1 77 ED F7 FD 71 91 FF 4C 56 BE BB | T:876213 RPD:1
[CH: 50] LEN: 12 | HEX: F9 77 FD FB FF 75 91 FE F2 1E BF FF | T:876214 RPD:0
[CH: 50] LEN: 12 | HEX: F1 77 DD F1 EA 77 91 F6 D8 FF BE FE | T:876225 RPD:1
[CH: 50] LEN: 12 | HEX: F9 77 DE F7 FB 79 91 FE 8C 56 B6 DD | T:876236 RPD:1
[CH: 50] LEN: 12 | HEX: F9 77 FA FE FE 70 91 EB BA BB B6 F7 | T:876236 RPD:0
[CH: 50] LEN: 12 | HEX: F1 77 ED F1 D6 77 51 EE D8 F7 7E FF | T:876248 RPD:1
[CH: 50] LEN: 12 | HEX: F1 77 FE FD FE 73 91 F7 8D 39 BF 7F | T:876248 RPD:0
[CH: 50] LEN: 12 | HEX: F9 7F FA FB FE 75 91 F6 72 1C BD FC | T:876259 RPD:1
[CH: 50] LEN: 12 | HEX: F1 77 ED F7 BE 79 91 FD 4C 56 B7 BF | T:876259 RPD:0
[CH: 50] LEN: 12 | HEX: F9 77 5C FE F6 70 91 D5 BA BB AF BD | T:876271 RPD:1
[CH: 50] LEN: 12 | HEX: F1 77 ED F9 FE 77 91 FE D8 FB 2B F7 | T:876282 RPD:1
[CH: 50] LEN: 12 | HEX: F1 7F F5 F0 FC 76 91 FE C5 9E BF FB | T:876282 RPD:0
[CH: 50] LEN: 12 | HEX: F9 77 FD FB FC 73 91 FE 0D 39 B7 EA | T:876294 RPD:1
[CH: 50] LEN: 12 | HEX: F9 77 FB F0 FE 76 91 FF 45 9E BF FF | T:876294 RPD:0
[CH: 50] LEN: 12 | HEX: F9 77 FA F7 FD 79 91 FF 4C 56 BB D7 | T:876305 RPD:1
[CH: 50] LEN: 12 | HEX: F1 77 BD FF FD 75 91 EF 72 1C AB AF | T:876316 RPD:1
[CH: 50] LEN: 12 | HEX: F1 77 F9 F9 DC 77 91 FF 58 EF 3F DD | T:876317 RPD:0
[CH: 50] LEN: 12 | HEX: F1 77 FD FA FA 70 91 FF 7A BB BF FF | T:876328 RPD:1
[CH: 50] LEN: 12 | HEX: F9 77 BA F0 F4 76 91 EF 45 9E BF FB | T:876328 RPD:0
[CH: 50] LEN: 12 | HEX: F1 77 AE FA FE 70 91 EB 7A BB AE FF | T:876340 RPD:1
[CH: 50] LEN: 12 | HEX: F9 77 FD F3 FE 75 91 FF 72 1C AF EF | T:876340 RPD:0
[CH: 50] LEN: 12 | HEX: F9 77 BA F9 FE 77 91 FE D8 FD BF EF | T:876351 RPD:1
[CH: 50] LEN: 12 | HEX: F9 77 FD FE FC 70 91 FF 7A BB BF FF | T:876362 RPD:1
[CH: 50] LEN: 12 | HEX: F9 77 FD FD FE 73 91 F6 8D 39 BF FF | T:876363 RPD:0
[CH: 50] LEN: 12 | HEX: F9 77 DD E9 EE 77 91 FE D8 F7 7F BE | T:876374 RPD:1
[CH: 50] LEN: 12 | HEX: F9 77 FA FD FE 73 91 FD 0D 39 BE EF | T:876374 RPD:0
[CH: 50] LEN: 12 | HEX: F9 77 DC F7 FE 75 91 F6 F2 1C BF F5 | T:876386 RPD:1
[CH: 50] LEN: 12 | HEX: F9 77 FB F7 FD 79 91 FE 8C 56 BF DE | T:876386 RPD:0
[CH: 50] LEN: 12 | HEX: F9 7F EE FE F6 70 91 FD 3A BB BB B7 | T:876397 RPD:1
[CH: 50] LEN: 12 | HEX: F1 77 FA F1 FC 77 51 FE D8 FF 7F FF | T:876408 RPD:1
[CH: 50] LEN: 12 | HEX: F9 77 DA F8 FE 76 91 FE 85 9E BF EF | T:876409 RPD:0
[CH: 50] LEN: 12 | HEX: F9 77 FF FD FD 73 91 FF 0D 39 BF 5F | T:876420 RPD:1
[CH: 50] LEN: 12 | HEX: F1 77 FD F7 FF 79 91 FE 8C 56 BF FF | T:876420 RPD:0
[CH: 50] LEN: 12 | HEX: F9 77 F6 F6 F6 70 91 FE BA BF BB FF | T:876432 RPD:1
[CH: 50] LEN: 12 | HEX: F9 77 FD F3 BD 75 91 EE F2 1C BF 7F | T:876432 RPD:0
[CH: 50] LEN: 12 | HEX: F1 77 BA F9 FE 77 91 EE 58 FE FF FA | T:876443 RPD:1
[CH: 50] LEN: 12 | HEX: F1 77 FF FE FE 70 91 FF 7A BB BF FC | T:876454 RPD:1
[CH: 50] LEN: 12 | HEX: F9 77 FD FD F6 73 91 EB 0D 39 AF B5 | T:876455 RPD:0
[CH: 50] LEN: 12 | HEX: F9 77 BC F8 FA 76 91 FF 45 9E BF CD | T:876466 RPD:1
[CH: 50] LEN: 12 | HEX: F5 77 FD F7 FE 75 91 F5 72 1C BB DF | T:876466 RPD:0
[CH: 50] LEN: 12 | HEX: F1 77 FE F9 FE 77 91 F6 58 FF 3E FF | T:876478 RPD:1
[CH: 50] LEN: 12 | HEX: F9 77 BA F4 FA 70 91 EB BA BB AD FF | T:876489 RPD:1
[CH: 50] LEN: 12 | HEX: F1 77 AE F9 FE 73 91 F7 0D 39 AB EF | T:876489 RPD:0
[CH: 50] LEN: 12 | HEX: F9 77 FA F8 F6 76 91 FE A5 9E BF A9 | T:876500 RPD:1
[CH: 50] LEN: 12 | HEX: F9 77 FD FD FE 73 91 FE 8D 39 BF FF | T:876501 RPD:0
[CH: 50] LEN: 12 | HEX: F1 77 F4 FB DC 75 91 FD 72 1C BF FD | T:876512 RPD:1
[CH: 50] LEN: 12 | HEX: F9 77 FD F7 FA 79 91 FE 4C 56 BF FF | T:876512 RPD:0
[CH: 50] LEN: 12 | HEX: F1 77 FD FF F4 70 91 FE 7E BB BF DF | T:876523 RPD:1
[CH: 50] LEN: 12 | HEX: F9 77 BD F1 FE 77 91 FE D8 FF BF 7F | T:876535 RPD:1
[CH: 50] LEN: 12 | HEX: F9 77 FF F8 FE 76 91 FE C5 9E BF F7 | T:876535 RPD:0
[CH: 50] LEN: 12 | HEX: E9 77 BC F5 EE 73 91 DE 8D 39 BF BB | T:876546 RPD:1
[CH: 50] LEN: 12 | HEX: F9 77 AD F7 FD 71 91 FE 8C 56 BF 77 | T:876547 RPD:0
[CH: 50] LEN: 12 | HEX: F1 77 FD F5 F6 73 91 FE 0D 39 B7 FF | T:876558 RPD:1
[CH: 50] LEN: 12 | HEX: F9 77 BD F9 FE 77 91 D7 58 FF BF BF | T:876558 RPD:0
[CH: 50] LEN: 12 | HEX: F9 77 FB F0 FA 76 91 FF A5 9E BE FB | T:876569 RPD:1
[CH: 50] LEN: 12 | HEX: F9 77 FA FE EC 70 91 F7 BA BB BF FF | T:876581 RPD:1
[CH: 50] LEN: 12 | HEX: F9 77 FF FD FE 73 91 F7 0D 39 BF FF | T:876581 RPD:0
[CH: 50] LEN: 12 | HEX: F9 77 FD F8 FE 76 91 FF A5 9E AF FF | T:876592 RPD:1
[CH: 50] LEN: 12 | HEX: F9 77 FD FB FF 75 91 F7 72 1C AD FB | T:876593 RPD:0
[CH: 50] LEN: 12 | HEX: F9 77 FD F9 FE 77 91 FF 58 FF 7E FE | T:876604 RPD:1
[CH: 50] LEN: 12 | HEX: F9 77 F4 FE FC 70 91 FF 7A BB BF 77 | T:876615 RPD:1
[CH: 50] LEN: 12 | HEX: F9 77 AC FB FE 73 91 F7 8D 39 BF BD | T:876615 RPD:1
[CH: 50] LEN: 12 | HEX: F1 77 FE F8 FF 76 91 FF 45 9E AF B7 | T:876627 RPD:1
[CH: 50] LEN: 12 | HEX: F1 77 B4 F5 DE 73 91 FE 8D 39 BF BF | T:876627 RPD:0
[CH: 50] LEN: 12 | HEX: F1 77 FE FB EE 75 91 ED 72 1C BF EF | T:876638 RPD:1
[CH: 50] LEN: 12 | HEX: F9 77 BD F7 D5 79 91 F6 4C 56 BE FF | T:876639 RPD:0
[CH: 50] LEN: 12 | HEX: F1 77 DD FE FE 70 91 EF BA BB BF EB | T:876650 RPD:1
[CH: 50] LEN: 12 | HEX: F1 77 BE F9 FE 77 91 FF 58 FF BA ED | T:876661 RPD:1
[CH: 50] LEN: 12 | HEX: F9 77 FB F8 FE 76 91 F7 45 9E BE BF | T:876661 RPD:0
[CH: 50] LEN: 12 | HEX: F9 77 AD FD F6 73 91 FE 8D 39 BF EE | T:876673 RPD:1
[CH: 50] LEN: 12 | HEX: F9 77 FE F7 BC 79 91 FF 4C 56 AD DF | T:876673 RPD:0
[CH: 50] LEN: 12 | HEX: F9 77 FD F5 FE 70 91 FF 7A BB BF FF | T:876684 RPD:1
[CH: 50] LEN: 12 | HEX: F9 77 FF F9 FE 77 91 FF 58 FE FB FF | T:876685 RPD:0
[CH: 50] LEN: 12 | HEX: F9 77 FD F0 FE 76 91 FE A5 9E B7 FF | T:876696 RPD:1
[CH: 50] LEN: 12 | HEX: F9 77 FD FD FC 73 91 FF 0D 39 AB EF | T:876707 RPD:1
[CH: 50] LEN: 12 | HEX: F9 77 FD F7 FE 75 91 F7 72 1C AF EE | T:876707 RPD:0
[CH: 50] LEN: 12 | HEX: F1 77 5A F8 FE 76 91 EF 45 9E AF DF | T:876719 RPD:1
[CH: 50] LEN: 12 | HEX: F1 77 B5 F3 FD 75 91 D6 72 1C B7 FB | T:876719 RPD:0
[CH: 50] LEN: 12 | HEX: F9 77 DB F9 EC 77 91 FE D8 FF AF FF | T:876730 RPD:1
[CH: 50] LEN: 12 | HEX: F1 77 BC FA FA 70 91 FE FA BB BF FF | T:876742 RPD:1
[CH: 50] LEN: 12 | HEX: F1 77 FD FD FE 73 91 FF 8D 39 BF EF | T:876742 RPD:0
[CH: 50] LEN: 12 | HEX: F9 77 FA F0 FD 76 91 FF 45 9E AF FF | T:876753 RPD:1
[CH: 50] LEN: 12 | HEX: F9 77 FD FB FE 75 91 FE F2 1C BF FF | T:876753 RPD:1
[CH: 50] LEN: 12 | HEX: F9 77 FA F9 EE 77 91 FE D8 F7 7D BF | T:876765 RPD:1
[CH: 50] LEN: 12 | HEX: F9 77 FA F7 FF 79 91 FF 4C 56 BE BF | T:876765 RPD:0
[CH: 50] LEN: 12 | HEX: F9 77 BA FE FE 70 91 FF 7A BB BD FD | T:876776 RPD:1
[CH: 50] LEN: 12 | HEX: F9 77 DD E9 FE 77 91 EE 58 FF 7F F5 | T:876787 RPD:1
[CH: 50] LEN: 12 | HEX: F9 77 FF F0 FE 76 91 FF E5 9E BF FB | T:876788 RPD:0
[CH: 50] LEN: 12 | HEX: F9 77 DD FD EE 73 91 FF 0D 39 B7 FF | T:876799 RPD:1
[CH: 50] LEN: 12 | HEX: F9 77 7E F7 B4 71 91 FD 0C 56 BF 7F | T:876799 RPD:0
[CH: 50] LEN: 12 | HEX: F9 77 AF FE FA 70 91 FD 3A BB AA AB | T:876811 RPD:1
[CH: 50] LEN: 12 | HEX: F1 77 BB F9 FE 77 91 FF D8 FF 7A F7 | T:876811 RPD:0
[CH: 50] LEN: 12 | HEX: F9 77 DB F8 FD 76 91 FF 45 9E BB FF | T:876822 RPD:0
[CH: 50] LEN: 12 | HEX: F1 77 BD FE F4 70 91 FF 3A BB AF 7D | T:876833 RPD:1
[CH: 50] LEN: 12 | HEX: F1 77 BA F7 FE 73 91 DD 0D 39 BF FB | T:876834 RPD:0
[CH: 50] LEN: 12 | HEX: F5 77 FD F7 DC 75 91 FE F2 1C AF DD | T:876845 RPD:1
[CH: 50] LEN: 12 | HEX: F9 77 FE F9 FA 77 91 EF 58 FF BD 5F | T:876845 RPD:1
[CH: 50] LEN: 12 | HEX: F9 77 FE F8 FE 7E 91 FE 85 9C BF AA | T:876857 RPD:1
[CH: 50] LEN: 12 | HEX: F9 77 BA FE FE 70 91 D6 BA BB BF F5 | T:876857 RPD:0
[CH: 50] LEN: 12 | HEX: F9 77 FC FD FE 73 91 FF 0D 3D BF ED | T:876868 RPD:1
[CH: 50] LEN: 12 | HEX: F9 77 DB F0 FE 76 91 FF E5 9E AF FF | T:876879 RPD:1
[CH: 50] LEN: 12 | HEX: F9 77 DE F7 BD 79 91 FD 0C 56 BB FD | T:876880 RPD:0
[CH: 50] LEN: 12 | HEX: F9 77 DD FB FE 75 91 F7 72 1C B6 E6 | T:876891 RPD:1
[CH: 50] LEN: 12 | HEX: F9 77 F4 FE F5 70 91 FF 7A BB BF 7F | T:876891 RPD:0
[CH: 50] LEN: 12 | HEX: F1 77 DD FB EC 73 91 DE 0D 39 BF FF | T:876903 RPD:1
[CH: 50] LEN: 12 | HEX: F1 77 FE F0 FE 76 91 FB 65 9E B7 FF | T:876914 RPD:1
[CH: 50] LEN: 12 | HEX: F1 77 BA F7 BA 71 91 F6 8C 56 BF FF | T:876914 RPD:0
[CH: 50] LEN: 12 | HEX: F9 77 DC FB DD 75 91 FF 72 1C BF FB | T:876925 RPD:1
[CH: 50] LEN: 12 | HEX: F1 77 FE F7 5B 79 91 FF CC 56 BE FB | T:876926 RPD:0
[CH: 50] LEN: 12 | HEX: F9 77 FD FE F6 70 91 FE BA BB AF FF | T:876937 RPD:1
[CH: 50] LEN: 12 | HEX: F9 77 FE E9 FE 77 91 DF 58 FF 7F FB | T:876937 RPD:0
[CH: 50] LEN: 12 | HEX: F9 77 DD F8 F6 76 91 FF A5 9E BD FD | T:876949 RPD:1
[CH: 50] LEN: 12 | HEX: F5 77 DE F5 FE 73 91 FD 8D 39 BF D5 | T:876960 RPD:1
[CH: 50] LEN: 12 | HEX: F1 77 A9 FB DC 75 91 F7 7A 1C BD BF | T:876960 RPD:0
[CH: 50] LEN: 12 | HEX: F1 77 DA F7 FF 79 91 FF 8C 56 BB EF | T:876971 RPD:1
[CH: 50] LEN: 12 | HEX: F9 77 FD F1 EA 77 91 FF 58 FF F2 EF | T:876972 RPD:0
[CH: 50] LEN: 12 | HEX: F9 77 FC F8 FE 76 91 FF A5 9E BF FB | T:876983 RPD:1
[CH: 50] LEN: 12 | HEX: F9 77 FC FD FA 73 91 EE 0D 39 BF BF | T:876983 RPD:1
[CH: 50] LEN: 12 | HEX: F1 77 BD FB DF 75 91 FF 72 1C BF FB | T:876995 RPD:1
[CH: 50] LEN: 12 | HEX: F9 77 FD F8 FE 76 91 FD 45 9C BF FF | T:877006 RPD:1
[CH: 50] LEN: 12 | HEX: F9 77 FE F7 FA 79 91 FF 4C 56 BF EF | T:877006 RPD:0
[CH: 50] LEN: 12 | HEX: F9 77 BF E9 DC 77 91 DE 58 FF 35 FF | T:877017 RPD:1
[CH: 50] LEN: 12 | HEX: F1 77 BA FE FE 70 91 F7 7A BB B6 DF | T:877018 RPD:0
[CH: 50] LEN: 12 | HEX: F1 77 DD FB F6 73 91 DE 8D 39 BF FF | T:877029 RPD:1
[CH: 50] LEN: 12 | HEX: F1 77 FC F8 F6 76 91 FF 45 9E BF F6 | T:877040 RPD:1
[CH: 50] LEN: 12 | HEX: F9 77 BA F7 DD 79 91 FB 8C 56 BB BF | T:877040 RPD:0
[CH: 50] LEN: 12 | HEX: F1 77 B4 F3 FD 75 91 DA F2 1C BF DF | T:877052 RPD:1
[CH: 50] LEN: 12 | HEX: F9 77 D6 FE F6 70 91 EF 7A BB BF FB | T:877052 RPD:0
[CH: 50] LEN: 12 | HEX: F9 77 DE F5 FE 73 91 FE 0D 35 B7 5B | T:877063 RPD:1
[CH: 50] LEN: 12 | HEX: F5 77 FE F1 FE 77 91 F5 58 FD AF EF | T:877064 RPD:0
[CH: 50] LEN: 12 | HEX: F9 77 FF F8 F6 76 91 FE A5 9F BB 7F | T:877075 RPD:1
[CH: 50] LEN: 12 | HEX: F1 77 FA FD F6 73 91 FF 0D 39 BD FA | T:877086 RPD:1
[CH: 50] LEN: 12 | HEX: F9 77 EA FB FD 75 91 FF 72 1C B7 DF | T:877086 RPD:0
[CH: 50] LEN: 12 | HEX: F9 77 FE F7 DD 79 91 FE CC 56 BE DD | T:877098 RPD:0
[CH: 50] LEN: 12 | HEX: F1 77 7F F1 EA 77 91 F7 58 EA BE DF | T:877098 RPD:0
[CH: 50] LEN: 12 | HEX: F5 77 74 F0 EA 76 91 D6 A5 9E BF FE | T:877109 RPD:0
[CH: 50] LEN: 12 | HEX: F9 77 FF FD FE 73 91 FF 0D 39 BF AB | T:877110 RPD:0
[CH: 50] LEN: 12 | HEX: F9 77 FE FB D6 75 91 FE 72 1C BF 7F | T:877121 RPD:0
[CH: 50] LEN: 12 | HEX: F1 56 FE F7 BE 79 11 AF 8C 56 BF FF | T:877132 RPD:0
[CH: 50] LEN: 12 | HEX: F9 5F FB F7 FD 79 91 DA 8C 56 BF FF | T:877132 RPD:0
[CH: 50] LEN: 12 | HEX: F9 77 BD FE F6 70 91 FF 7A BB B6 FF | T:877144 RPD:0
[CH: 50] LEN: 12 | HEX: F1 77 FB F7 F4 73 91 ED 8D 39 BD 5D | T:877144 RPD:0
[CH: 50] LEN: 12 | HEX: F1 77 9F FB DD 75 91 EF 72 1C B5 5A | T:877155 RPD:0
[CH: 50] LEN: 12 | HEX: F9 77 B5 F8 FE 76 91 D6 85 9E BB FF | T:877167 RPD:0
[CH: 50] LEN: 12 | HEX: F9 77 DD F7 EE 79 91 FF 8C 56 BF 7F | T:877167 RPD:0
[CH: 50] LEN: 12 | HEX: F9 77 FD F7 D5 75 91 FE F2 1C BD DF | T:877178 RPD:0
[CH: 50] LEN: 12 | HEX: F9 77 FF FE FA 70 91 FF 3A BB BD F7 | T:877178 RPD:0
[CH: 50] LEN: 12 | HEX: F9 77 FF FB FB 73 91 FF 0D 39 AF CB | T:877190 RPD:0
[CH: 50] LEN: 12 | HEX: F9 77 AD F8 FC 76 91 D7 C5 9E BE F6 | T:877190 RPD:0
[CH: 50] LEN: 12 | HEX: F9 77 FE F7 FE 7D 91 FF 8C 56 BF F7 | T:877201 RPD:0
[CH: 50] LEN: 12 | HEX: F1 77 FB FD F6 73 91 FF 0D 3D B7 7F | T:877213 RPD:0
[CH: 50] LEN: 12 | HEX: F1 77 DA FB DE 75 91 FB 72 1C BF FA | T:877213 RPD:0
[CH: 50] LEN: 12 | HEX: F9 77 D6 F7 FF 79 91 FF CC 56 BB BF | T:877224 RPD:1
[CH: 50] LEN: 12 | HEX: F9 77 F5 F9 F4 77 91 F6 58 FF BF FD | T:877224 RPD:0
[CH: 50] LEN: 12 | HEX: F1 77 AE F0 FE 76 91 FF 45 9E AA AE | T:877236 RPD:0
[CH: 50] LEN: 12 | HEX: F2 78 FF AC 7C 76 91 EF 56 9C BD FF | T:877270 RPD:1
[CH: 50] LEN: 12 | HEX: FA 70 F7 F8 7E 76 91 FB 56 9C BF FF | T:877270 RPD:1
[CH: 50] LEN: 12 | HEX: FA 78 FD D2 70 76 91 FE FC 80 AF FF | T:877282 RPD:1
[CH: 50] LEN: 12 | HEX: FA 78 FF EE 78 76 91 FA 7C 80 B7 BF | T:877282 RPD:0
[CH: 50] LEN: 12 | HEX: F1 77 FA 80 00 71 91 F7 05 C2 BF BF | T:877293 RPD:0
[CH: 50] LEN: 12 | HEX: F8 6D FA 00 FE F8 93 FF F8 9A BF FF | T:877306 RPD:1
[CH: 50] LEN: 12 | HEX: F0 6D FD 00 FC F8 93 BD 78 9A BD B7 | T:877307 RPD:1
[CH: 50] LEN: 12 | HEX: FA 78 FA BC 7A F0 93 FE 90 A5 BF FA | T:877569 RPD:1
[CH: 50] LEN: 12 | HEX: FA 78 FB 5A 78 F0 93 FA BA B9 BB F7 | T:877572 RPD:1
[CH: 50] LEN: 12 | HEX: F2 78 FA B2 70 F8 93 DA 3A B9 AF FF | T:877573 RPD:1
[CH: 50] LEN: 12 | HEX: F9 77 BD 00 00 71 93 FD E3 A0 BD BB | T:877584 RPD:1
[CH: 50] LEN: 12 | HEX: ED 77 AE 80 00 71 93 FA E3 A0 BB BB | T:877595 RPD:1
[CH: 50] LEN: 12 | HEX: F0 6D F7 00 FE F8 93 FA 78 9A B7 EF | T:877606 RPD:1
[CH: 50] LEN: 12 | HEX: F0 6D F7 00 FE F0 93 FF 78 9A BF 7E | T:877607 RPD:1
[CH: 50] LEN: 12 | HEX: F2 78 FF 5C 7E E8 93 F5 D0 A5 BD FF | T:877869 RPD:1
[CH: 50] LEN: 12 | HEX: F2 78 F7 7C 7E F8 93 DD 50 A5 BF BD | T:877870 RPD:1
[CH: 50] LEN: 12 | HEX: FA 78 F7 5A 78 F4 93 B5 3A B9 B7 FF | T:877881 RPD:1
[CH: 50] LEN: 12 | HEX: F2 78 FF BA 78 F0 93 FE BA B9 BD AB | T:877881 RPD:0
[CH: 50] LEN: 12 | HEX: F1 77 FD 00 00 71 93 FD 63 A0 BE FD | T:877893 RPD:0
[CH: 50] LEN: 12 | HEX: F8 6D FF 00 FE F8 93 FD 78 9A BF FD | T:877906 RPD:1
[CH: 50] LEN: 12 | HEX: F0 6D FE 80 FA F8 93 FD 78 9A BF 7F | T:877907 RPD:1
[CH: 50] LEN: 12 | HEX: F2 70 FB FC 7A F0 93 FD 50 A5 AA FE | T:878169 RPD:1
[CH: 50] LEN: 12 | HEX: F2 78 FF BC 7B F8 93 FE B0 A5 BF FF | T:878170 RPD:1
[CH: 50] LEN: 12 | HEX: FA 78 FF 7A 78 F8 93 FE BA B9 B5 EF | T:878181 RPD:1
[CH: 50] LEN: 12 | HEX: F2 78 F5 FA 78 F0 93 FD 3A B9 AF DD | T:878181 RPD:0
[CH: 50] LEN: 12 | HEX: F1 77 FF 00 00 71 93 FD E3 A0 AD FF | T:878192 RPD:0
[CH: 50] LEN: 12 | HEX: F4 6D EE 80 FE F8 93 FE F8 9A B7 DF | T:878206 RPD:1
[CH: 50] LEN: 12 | HEX: F0 6D D7 80 FE F8 93 DA 78 9A B7 DE | T:878207 RPD:1
[CH: 50] LEN: 12 | HEX: F2 78 FF 5C 76 F8 93 DD 50 A5 AB DE | T:878469 RPD:1
[CH: 50] LEN: 12 | HEX: FA 78 EE FC 74 F8 93 FD D0 A5 AD F7 | T:878470 RPD:1
[CH: 50] LEN: 12 | HEX: F2 78 FA FA 78 F8 93 FA 3A B9 AF 75 | T:878481 RPD:1
[CH: 50] LEN: 12 | HEX: EA 78 EE BA 74 F0 93 DF 3A B9 BF FD | T:878481 RPD:0
[CH: 50] LEN: 12 | HEX: F9 77 FB 00 00 71 93 FA 63 A0 BB AA | T:878492 RPD:0
[CH: 50] LEN: 12 | HEX: F0 6D D5 00 F6 F0 93 DF 78 9A BF EF | T:878506 RPD:1
[CH: 50] LEN: 12 | HEX: F0 6D FD 80 FE F0 93 DD 78 9A BF FF | T:878506 RPD:1
[CH: 50] LEN: 12 | HEX: F2 78 FD 5C 74 F8 93 FD 50 A5 AF FE | T:878769 RPD:1
[CH: 50] LEN: 12 | HEX: FA 78 FF 7C 7E F8 93 BF D0 A5 BF FF | T:878769 RPD:1
[CH: 50] LEN: 12 | HEX: F6 78 EE FA 70 F0 93 DF 3A B9 BF FF | T:878781 RPD:1
[CH: 50] LEN: 12 | HEX: F2 78 FB BA 70 F8 93 BF 3A B9 BF FF | T:878781 RPD:0
[CH: 50] LEN: 12 | HEX: F1 77 FD 00 00 71 93 DF E3 A0 AF FF | T:878792 RPD:0
[CH: 50] LEN: 12 | HEX: F8 6D F5 00 FE EC 93 FE F0 9A BF EF | T:878806 RPD:1
[CH: 50] LEN: 12 | HEX: E8 6D EE 00 F6 F0 93 BD 78 9A BB F7 | T:878806 RPD:1
[CH: 50] LEN: 12 | HEX: F6 78 FF 5C 7E F8 93 DD D0 A5 BF 9F | T:879069 RPD:1
[CH: 50] LEN: 12 | HEX: F2 78 F7 BC 7A F0 93 BD 50 A5 AB FF | T:879069 RPD:1
[CH: 50] LEN: 12 | HEX: F2 78 EF 7A 70 F4 93 DF 3A B9 BD FD | T:879081 RPD:1
[CH: 50] LEN: 12 | HEX: FA 78 FB 5A 78 E8 93 FA 3A B9 AF AD | T:879081 RPD:0
[CH: 50] LEN: 12 | HEX: F9 77 BB 00 00 71 93 FD 63 A0 AF 7B | T:879092 RPD:0
[CH: 50] LEN: 12 | HEX: F0 6D F6 00 FE F4 93 FE F0 9A BF FF | T:879106 RPD:1
[CH: 50] LEN: 12 | HEX: F0 6D FF 80 F6 F8 93 FD 78 9A AF FF | T:879106 RPD:1
[CH: 50] LEN: 12 | HEX: FA 78 FF FC 76 F8 93 FD D0 A5 AA FF | T:879369 RPD:1
[CH: 50] LEN: 12 | HEX: FE 78 F7 FC 7E EC 93 FD D0 A5 B6 FB | T:879369 RPD:1
[CH: 50] LEN: 12 | HEX: F6 78 F7 5A 70 F4 93 FE BA B9 BF BC | T:879380 RPD:1
[CH: 50] LEN: 12 | HEX: FA 70 FF FA 78 F4 93 DC BA B9 BF FE | T:879381 RPD:0
[CH: 50] LEN: 12 | HEX: F1 77 FD 00 00 71 93 FD 63 A0 BF BE | T:879392 RPD:0
[CH: 50] LEN: 12 | HEX: F0 6D FE 00 F6 F8 93 DE 78 9A AE FF | T:879405 RPD:1
[CH: 50] LEN: 12 | HEX: F0 6D FE 80 F6 F0 93 FD 78 9A BE ED | T:879406 RPD:1
[CH: 50] LEN: 12 | HEX: F2 78 FE DC 7E F8 93 FD 50 A5 BF FD | T:879668 RPD:1
[CH: 50] LEN: 12 | HEX: FA 78 FE BC 7D F8 93 FF 50 A5 BF EF | T:879669 RPD:1
[CH: 50] LEN: 12 | HEX: F2 78 F7 5A 78 F0 93 D7 3A B9 BE B7 | T:879680 RPD:1
[CH: 50] LEN: 12 | HEX: F2 78 EE BA 78 F8 93 AD 3A B9 AF FF | T:879681 RPD:0
[CH: 50] LEN: 12 | HEX: F9 77 AF 00 00 71 93 F6 E3 A0 BF DF | T:879692 RPD:0
[CH: 50] LEN: 12 | HEX: F8 6D FF 00 FF F8 93 DE F8 9A BF FF | T:879705 RPD:1
[CH: 50] LEN: 12 | HEX: FA 78 FE BC 74 F8 93 BD 50 A5 AF 7F | T:879968 RPD:1
[CH: 50] LEN: 12 | HEX: F2 78 FE FC 7D F8 93 FF D0 A5 AB F5 | T:879969 RPD:1
[CH: 50] LEN: 12 | HEX: FA 78 F7 BA 78 F8 93 BA 3A B9 AD FE | T:879980 RPD:1
[CH: 50] LEN: 12 | HEX: F2 78 FF 5A 78 F8 93 FE BA B9 BF FD | T:879980 RPD:0
[CH: 50] LEN: 12 | HEX: F1 77 FA 00 00 71 93 DD E3 E0 AF BF | T:879992 RPD:0
[CH: 50] LEN: 12 | HEX: F4 6D FE 80 FE F8 93 DE F8 9A BF F7 | T:880005 RPD:1
[CH: 50] LEN: 12 | HEX: F8 6D FE 80 FC F0 93 FE F0 9A AF EF | T:880006 RPD:1
[CH: 50] LEN: 12 | HEX: F6 78 F7 AC 7E F4 93 FE 90 A5 BF D6 | T:880268 RPD:1
[CH: 50] LEN: 12 | HEX: FA 78 FF 7C 7E F0 93 FB D0 A5 AE F7 | T:880269 RPD:1
[CH: 50] LEN: 12 | HEX: F6 78 F7 5A 70 F4 93 FD 3A B9 BF FF | T:880280 RPD:1
[CH: 50] LEN: 12 | HEX: FA 78 FF FA 70 F8 93 FA 3A B9 AF FD | T:880280 RPD:0
[CH: 50] LEN: 12 | HEX: F9 77 FF 00 00 71 93 FD 63 A0 BF FD | T:880291 RPD:0
[CH: 50] LEN: 12 | HEX: F0 6D F7 00 FE FC 93 BD 78 9A AF 77 | T:880305 RPD:1
[CH: 50] LEN: 12 | HEX: F8 6D FE 80 FE F4 93 FD 78 9A AF FE | T:880306 RPD:1
[CH: 50] LEN: 12 | HEX: FA 78 FF BC 7E EC 93 BB D0 A5 BB FF | T:880568 RPD:1
[CH: 50] LEN: 12 | HEX: F2 78 F5 FC 7E F8 93 FF 70 A5 BF AE | T:880569 RPD:1
[CH: 50] LEN: 12 | HEX: FA 78 F7 AA 78 F8 93 FE BA B9 BB DF | T:880580 RPD:1
[CH: 50] LEN: 12 | HEX: FA 78 FF AA 78 E8 93 FE BA B9 B7 B7 | T:880580 RPD:0
[CH: 50] LEN: 12 | HEX: F9 77 BD 00 00 71 93 BD 63 A0 BA FF | T:880591 RPD:0
[CH: 50] LEN: 12 | HEX: E8 6D DF 00 FE F8 93 FA 78 9A BF DC | T:880605 RPD:1
[CH: 50] LEN: 12 | HEX: F0 6D FF 00 FE F8 93 DD 70 9A BF BF | T:880605 RPD:1
[CH: 50] LEN: 12 | HEX: FA 78 FF DC 7E F8 93 DD D0 A5 BE FB | T:880868 RPD:1
[CH: 50] LEN: 12 | HEX: FA 78 FF 5C 7C F8 93 FE 90 A5 AF FB | T:880868 RPD:1
[CH: 50] LEN: 12 | HEX: F2 70 FF 7A 78 F0 93 AD 3A B9 AE D7 | T:880880 RPD:1
[CH: 50] LEN: 12 | HEX: F2 78 FE BA 78 F0 93 FD 3A B9 AB FF | T:880880 RPD:0
[CH: 50] LEN: 12 | HEX: E9 77 FA 80 00 71 93 FD 63 A0 BB 6A | T:880891 RPD:0
[CH: 50] LEN: 12 | HEX: F0 6D FE 80 FE F0 93 DE 78 9A AF FB | T:880905 RPD:1
[CH: 50] LEN: 12 | HEX: F0 6D EF 80 FE F8 93 FD 78 9A BF 9E | T:880905 RPD:1
[CH: 50] LEN: 12 | HEX: FA 78 F7 FC 74 D4 93 F6 30 A5 AF FF | T:881167 RPD:1
[CH: 50] LEN: 12 | HEX: FA 78 FF 5C 7E E8 93 FD 50 A5 AF EE | T:881168 RPD:1
[CH: 50] LEN: 12 | HEX: FA 78 FF D2 78 F8 93 DF 3A B9 BE BF | T:881179 RPD:1
[CH: 50] LEN: 12 | HEX: F1 77 FE 00 00 79 93 FA 63 A0 AF FF | T:881180 RPD:0
[CH: 50] LEN: 12 | HEX: F9 77 FE 80 00 71 93 DF 63 A0 AF FF | T:881191 RPD:0
[CH: 50] LEN: 12 | HEX: F0 6D FF 00 F4 F0 93 DD 78 9A BB FF | T:881204 RPD:1
[CH: 50] LEN: 12 | HEX: F8 6D FE 80 EA F0 93 FE 70 9A BE AA | T:881205 RPD:1
[CH: 50] LEN: 12 | HEX: FA 70 FF 5C 7E F8 93 FD 50 A5 BF FD | T:881467 RPD:1
[CH: 50] LEN: 12 | HEX: F2 78 FE BC 7E F8 93 FD 50 A5 B7 FF | T:881468 RPD:1
[CH: 50] LEN: 12 | HEX: FA 78 FF BA 78 F0 93 FD 3A B9 BF FF | T:881479 RPD:1
[CH: 50] LEN: 12 | HEX: FA 78 F7 BA 78 F8 93 D5 3A B9 BF F7 | T:881480 RPD:0
[CH: 50] LEN: 12 | HEX: F1 77 D5 00 00 71 93 FD 63 A0 BB EF | T:881491 RPD:0
[CH: 50] LEN: 12 | HEX: F0 6D EA 00 FE F8 93 FF F8 9A AF BB | T:881504 RPD:1
[CH: 50] LEN: 12 | HEX: F8 6D FD 80 FE F0 93 DE F8 9A BE BD | T:881505 RPD:1
[CH: 50] LEN: 12 | HEX: F2 78 EF 7C 7D F4 93 EF D0 A5 BF FF | T:881791 RPD:1
[CH: 50] LEN: 12 | HEX: FA 78 EF FC 7A E8 93 FF D0 A5 BF FD | T:881792 RPD:1
[CH: 50] LEN: 12 | HEX: F2 78 FF 7A 78 F0 93 FD 3A B9 BF FF | T:881803 RPD:1
[CH: 50] LEN: 12 | HEX: FA 78 FF AA 78 F8 93 DE BA B9 AA FA | T:881804 RPD:0
[CH: 50] LEN: 12 | HEX: F1 77 FF 00 00 71 93 EF 63 A0 B7 FB | T:881815 RPD:0
[CH: 50] LEN: 12 | HEX: F8 6D FE 80 FE F0 93 DD 78 9A AF 6F | T:881828 RPD:1
[CH: 50] LEN: 12 | HEX: F8 6D FE 00 FD F0 93 FC 78 9A BE FF | T:881829 RPD:1
[CH: 50] LEN: 12 | HEX: FA 76 F7 00 8C F8 93 BD A4 75 BD 7F | T:881859 RPD:1
[CH: 50] LEN: 12 | HEX: F2 76 EE 00 8C E8 93 FA 24 75 BE F7 | T:881860 RPD:1
[CH: 50] LEN: 12 | HEX: FA 76 FE FD 73 F8 93 DF DA 88 BF BD | T:881890 RPD:1
[CH: 50] LEN: 12 | HEX: F2 76 FF FD 70 F8 93 EF AF 46 AF EB | T:881920 RPD:1
[CH: 50] LEN: 12 | HEX: F2 76 FE F6 71 E8 93 FA 73 63 BF EF | T:881924 RPD:1
[CH: 50] LEN: 12 | HEX: F2 76 FE F7 76 F8 93 FD 45 9A BD F7 | T:881928 RPD:1
[CH: 50] LEN: 12 | HEX: F2 76 F6 F2 77 F0 93 ED 19 77 AB FF | T:881940 RPD:1
[CH: 50] LEN: 12 | HEX: FA 76 F6 F1 74 F0 93 EE AC 71 BF BF | T:881940 RPD:0
[CH: 50] LEN: 12 | HEX: FA 76 FE F8 75 F8 93 FD 30 94 AF 7F | T:881951 RPD:1
[CH: 50] LEN: 12 | HEX: FA 76 FE F7 7A F4 93 DD 81 83 BF DF | T:881951 RPD:0
[CH: 50] LEN: 12 | HEX: F2 76 F6 F6 7B D8 93 BB 5D 66 AF 7E | T:881963 RPD:0
[CH: 50] LEN: 12 | HEX: FA 76 F6 F5 78 F0 93 FD 28 68 AE BB | T:881977 RPD:1
[CH: 50] LEN: 12 | HEX: F2 76 FE F4 79 F8 93 FD F4 8D BD DB | T:882007 RPD:1
[CH: 50] LEN: 12 | HEX: FA 76 FA F3 7C F0 93 EA 82 74 AA BB | T:882037 RPD:1
[CH: 50] LEN: 12 | HEX: FE 76 F6 F2 7F 58 93 DF 1E 91 AF DF | T:882067 RPD:1
[CH: 50] LEN: 12 | HEX: F2 76 F6 F1 7C F8 93 FD 6B 9F AE FF | T:882097 RPD:1
[CH: 50] LEN: 12 | HEX: F2 76 FE F0 7D F8 93 FA B7 72 AD B9 | T:882127 RPD:1
[CH: 50] LEN: 12 | HEX: FA 76 FA EE 6A F4 93 BF 19 90 BE BF | T:882157 RPD:1
[CH: 50] LEN: 12 | HEX: EA 76 F5 EE 63 D8 93 FA C5 75 BF FF | T:882187 RPD:1
[CH: 50] LEN: 12 | HEX: FA 76 FE ED 60 F4 93 DD 30 7B AF DF | T:882217 RPD:1
[CH: 50] LEN: 12 | HEX: FA 76 FE EC 61 D4 93 FA 6C 9E AF F7 | T:882247 RPD:1
[CH: 50] LEN: 12 | HEX: F2 76 F6 EB 66 F8 93 FA 5A 67 2E FF | T:882277 RPD:1
[CH: 50] LEN: 12 | HEX: EA 76 FE EA 67 F4 93 FF 86 82 BF FD | T:882307 RPD:1
[CH: 50] LEN: 12 | HEX: F2 76 FE E9 64 F0 93 AD F3 8C BB 5F | T:882337 RPD:1
[CH: 50] LEN: 12 | HEX: F6 76 F6 E8 65 F8 93 DD AF 69 BF FF | T:882367 RPD:1
[CH: 50] LEN: 12 | HEX: FA 76 FE E6 6B D8 93 FE C2 9B AD FD | T:882427 RPD:1
[CH: 50] LEN: 12 | HEX: F6 76 FE E5 68 F8 93 DD 37 95 AF 7F | T:882457 RPD:1
[CH: 50] LEN: 12 | HEX: F2 76 F6 E4 69 F8 93 FA EB 70 BF 7F | T:882487 RPD:1
[CH: 50] LEN: 12 | HEX: F6 76 F6 E3 6E F8 93 AF DD 89 BD EB | T:882517 RPD:1
[CH: 50] LEN: 12 | HEX: FA 76 FE E2 6F 58 93 DE 81 6C AF 5F | T:882547 RPD:1
[CH: 50] LEN: 12 | HEX: FA 76 FE E1 6C F0 93 FD 74 62 AF FE | T:882577 RPD:1
[CH: 50] LEN: 12 | HEX: FA 76 FE E0 6D F8 93 DD 28 87 BF BF | T:882607 RPD:1
[CH: 50] LEN: 12 | HEX: FA 76 F6 DE 52 F0 93 FD 39 97 FF EB | T:882637 RPD:1
[CH: 50] LEN: 12 | HEX: EA 76 EE EA 73 F8 93 FE DA 88 BF FB | T:882667 RPD:1
[CH: 50] LEN: 12 | HEX: F6 76 FE F5 70 F8 93 F5 AF 86 BD ED | T:882671 RPD:1
[CH: 50] LEN: 12 | HEX: FA 76 FE E8 71 E8 93 D7 73 63 BF EF | T:882674 RPD:1
[CH: 50] LEN: 12 | HEX: FA 76 FA FB 76 F8 93 FA 45 9A B7 BD | T:882685 RPD:1
[CH: 50] LEN: 12 | HEX: FA 76 FC FE 77 F8 93 DF 99 7D BF F7 | T:882685 RPD:1
[CH: 50] LEN: 12 | HEX: FA 76 FE F5 74 F8 93 FE EC 71 BB F9 | T:882697 RPD:1
[CH: 50] LEN: 12 | HEX: F2 76 FE EC 75 F8 93 AF 30 94 BB FF | T:882697 RPD:0
[CH: 50] LEN: 12 | HEX: F2 76 FE E7 7A F0 93 BF 81 83 BB FF | T:882708 RPD:1
[CH: 50] LEN: 12 | HEX: F6 76 FE EE 73 F8 93 FD 5D 66 B6 FE | T:882720 RPD:1
[CH: 50] LEN: 12 | HEX: F2 76 FE F5 78 EC 93 FF 28 68 BF F7 | T:882728 RPD:1
[CH: 50] LEN: 12 | HEX: F6 76 FA F4 79 F0 93 AF F4 8D AB EF | T:882758 RPD:1
[CH: 50] LEN: 12 | HEX: FA 76 FE F3 7E F4 93 EE C2 74 BF F7 | T:882788 RPD:1
[CH: 50] LEN: 12 | HEX: EA 76 F6 F2 7F B8 93 FE 1E 91 BB FB | T:882818 RPD:1
[CH: 50] LEN: 12 | HEX: F2 76 FE F1 7C F8 93 DA 6B 9F BF DD | T:882848 RPD:1
[CH: 50] LEN: 12 | HEX: F2 76 FE F0 7B F4 93 DA B7 7A BF 7E | T:882878 RPD:1
[CH: 50] LEN: 12 | HEX: F2 76 FC EE 62 F0 93 DB 19 90 B5 6B | T:882908 RPD:1
[CH: 50] LEN: 12 | HEX: FA 76 F4 EE 63 F0 93 EF C5 75 B6 FF | T:882938 RPD:1
[CH: 50] LEN: 12 | HEX: F2 76 FA ED 60 E8 93 FB B0 77 FF FD | T:882968 RPD:1
[CH: 50] LEN: 12 | HEX: F2 76 FE EC 61 D8 93 DE 6C 9E BF FF | T:882998 RPD:1
[CH: 50] LEN: 12 | HEX: F2 76 F6 EA 67 F0 93 BF 06 82 BF F9 | T:883058 RPD:1
[CH: 50] LEN: 12 | HEX: FA 76 F4 E9 64 F0 93 FF F3 8C BD FF | T:883088 RPD:1
[CH: 50] LEN: 12 | HEX: F6 76 F6 E8 65 F0 93 AF 2F 69 BF BF | T:883118 RPD:1
[CH: 50] LEN: 12 | HEX: F6 76 FE E7 6A F0 93 DD 9E 7A BB 7F | T:883148 RPD:1
[CH: 50] LEN: 12 | HEX: F2 76 EE E6 6B F8 93 FE 42 9B F7 AF | T:883178 RPD:1
[CH: 50] LEN: 12 | HEX: F2 76 FC E5 68 F8 93 EF 37 95 BD D7 | T:883208 RPD:1
[CH: 50] LEN: 12 | HEX: F6 76 FE E4 69 E8 93 AF EB 70 B7 DF | T:883238 RPD:1
[CH: 50] LEN: 12 | HEX: FA 76 F6 E3 6E F8 93 DE DD 89 AF F5 | T:883268 RPD:1
[CH: 50] LEN: 12 | HEX: F2 76 FE E2 6F B8 93 DF 01 6C BB FE | T:883298 RPD:1
[CH: 50] LEN: 12 | HEX: F6 76 F4 E1 6C F8 93 BD 74 62 BE FA | T:883328 RPD:1
[CH: 50] LEN: 12 | HEX: FA 76 FA E0 6D E8 93 FD A8 87 AB F6 | T:883358 RPD:1
[CH: 50] LEN: 12 | HEX: FA 76 F4 DF 52 F8 93 DF 39 97 BF FF | T:883388 RPD:1
[CH: 50] LEN: 12 | HEX: F2 76 F6 FE 73 D8 93 FE DA 88 BF FA | T:883418 RPD:1
[CH: 50] LEN: 12 | HEX: FE 76 EE F9 70 F8 93 EE AF 86 BD EF | T:883421 RPD:1
[CH: 50] LEN: 12 | HEX: EA 76 F6 F6 71 F8 93 D5 73 63 B7 BF | T:883425 RPD:1
[CH: 50] LEN: 12 | HEX: F2 76 F6 F7 76 F4 93 FD 45 9A AF EF | T:883437 RPD:1
[CH: 50] LEN: 12 | HEX: F2 76 EE FA 77 F8 93 FA 99 7F 7E DD | T:883437 RPD:1
[CH: 50] LEN: 12 | HEX: F6 76 F6 E9 74 F4 93 FE EC 71 BF FF | T:883448 RPD:1
[CH: 50] LEN: 12 | HEX: F6 76 F6 F8 75 E8 93 FB 30 94 AF FF | T:883448 RPD:0
[CH: 50] LEN: 12 | HEX: FA 76 FE F7 7A F0 93 DD 81 83 BD BB | T:883460 RPD:0
[CH: 50] LEN: 12 | HEX: EE 7E F6 E5 70 F0 93 BB 28 68 BF 7E | T:883479 RPD:1
[CH: 50] LEN: 12 | HEX: FA 76 FE F4 71 F8 93 FD 74 8D BF ED | T:883509 RPD:1
[CH: 50] LEN: 12 | HEX: EE 76 FE F3 7F F8 93 AF C2 74 BF FD | T:883539 RPD:1
[CH: 50] LEN: 12 | HEX: FA 76 F6 E2 7F F8 93 DD 1E 91 AB FF | T:883569 RPD:1
[CH: 50] LEN: 12 | HEX: F2 76 FA F1 78 F0 93 AF 6B 9E BF 7E | T:883599 RPD:1
[CH: 50] LEN: 12 | HEX: F6 76 F4 F0 7B F8 93 FD B7 7A BF DF | T:883629 RPD:1
[CH: 50] LEN: 12 | HEX: F2 76 FE EE 62 F0 93 EA 19 90 B6 FA | T:883658 RPD:1
[CH: 50] LEN: 12 | HEX: FA 76 F4 EF 63 F8 93 FF C5 75 B7 75 | T:883688 RPD:1
[CH: 50] LEN: 12 | HEX: FA 76 FE ED 60 F8 93 FA B0 73 BF 7F | T:883718 RPD:1
[CH: 50] LEN: 12 | HEX: F6 76 FA EC 61 E8 93 EE EC 9E BB FA | T:883748 RPD:1
[CH: 50] LEN: 12 | HEX: EA 76 F4 EB 66 F8 93 D7 5A 6F 3F 7D | T:883778 RPD:1
[CH: 50] LEN: 12 | HEX: F2 76 FE EA 67 D8 93 DF 86 82 BF EF | T:883808 RPD:1
[CH: 50] LEN: 12 | HEX: F2 76 FA E9 64 F0 93 DF F3 8C BF E9 | T:883838 RPD:1
[CH: 50] LEN: 12 | HEX: EA 76 FE E8 65 F4 93 EE 2E 69 BF FF | T:883868 RPD:1
[CH: 50] LEN: 12 | HEX: F2 76 F4 E7 6A F8 93 AF 9C 7F BB B7 | T:883898 RPD:1
[CH: 50] LEN: 12 | HEX: FA 76 FA E6 6B D8 93 FA 42 92 3F F5 | T:883928 RPD:1
[CH: 50] LEN: 12 | HEX: FA 76 FA E5 68 F8 93 DA 37 95 BF FF | T:883958 RPD:1
[CH: 50] LEN: 12 | HEX: F2 76 FA E4 69 E8 93 BB EB 70 B5 7B | T:883988 RPD:1
[CH: 50] LEN: 12 | HEX: FA 76 F6 E3 6E F8 93 BD DD 89 BF FF | T:884018 RPD:1
[CH: 50] LEN: 12 | HEX: FA 76 FE E2 6F 74 93 FD 81 6C AD F7 | T:884048 RPD:1
[CH: 50] LEN: 12 | HEX: FA 76 FA E1 6C F8 93 BD 74 62 BB 7A | T:884078 RPD:1
[CH: 50] LEN: 12 | HEX: EA 76 F4 E0 6D EC 93 FA A8 87 3A FF | T:884108 RPD:1
[CH: 50] LEN: 12 | HEX: F2 76 F6 DD D2 F8 93 DD 39 97 BF FF | T:884138 RPD:1
[CH: 50] LEN: 12 | HEX: F2 76 FE FE 73 E8 93 FD 1A 88 BF D7 | T:884168 RPD:1
[CH: 50] LEN: 12 | HEX: FA 76 FE FD 70 F8 93 DF AF 86 BF F6 | T:884172 RPD:1
[CH: 50] LEN: 12 | HEX: FA 76 F6 FC 71 F8 93 DE F3 63 AD FF | T:884176 RPD:1
[CH: 50] LEN: 12 | HEX: FA 76 FA F3 76 F0 93 FD 45 9A BB BA | T:884187 RPD:1
[CH: 50] LEN: 12 | HEX: FA 76 FA F8 75 F8 93 FE B0 94 B5 FA | T:884192 RPD:1
[CH: 50] LEN: 12 | HEX: F2 76 F6 F7 7A F0 93 BA 81 83 BE FB | T:884195 RPD:1
[CH: 50] LEN: 12 | HEX: F2 76 FE F6 7B F8 93 FE DD 66 BF DF | T:884206 RPD:1
[CH: 50] LEN: 12 | HEX: F6 76 FE F4 79 FC 93 FE F4 8D BF FF | T:884258 RPD:1
[CH: 50] LEN: 12 | HEX: FA 76 FD F3 7E F8 93 FD 42 74 BF FF | T:884288 RPD:1
[CH: 50] LEN: 12 | HEX: FA 76 FE F2 7D 50 93 FD 9E 91 BF 7F | T:884318 RPD:1
[CH: 50] LEN: 12 | HEX: FA 76 F6 E1 78 E8 93 DF 6B 9D 7F 7F | T:884348 RPD:1
[CH: 50] LEN: 12 | HEX: FA 76 FE F0 79 F4 93 FD 77 7A BF DF | T:884378 RPD:1
[CH: 50] LEN: 12 | HEX: F2 76 FE EF 62 F0 93 FD 19 90 BF FF | T:884408 RPD:1
[CH: 50] LEN: 12 | HEX: FA 76 FD EE 63 D8 93 FA C5 75 BF FF | T:884438 RPD:1
[CH: 50] LEN: 12 | HEX: F2 76 FD ED 60 EC 93 FD B0 7B BA FF | T:884468 RPD:1
[CH: 50] LEN: 12 | HEX: FE 76 FE EC 61 E8 93 FD 6C 9E BF BF | T:884498 RPD:1
[CH: 50] LEN: 12 | HEX: FA 76 F4 EB 66 F0 93 FA 5A 67 BF F5 | T:884528 RPD:1
[CH: 50] LEN: 12 | HEX: FA 76 F6 EA 67 58 93 FD 86 82 AF 7C | T:884558 RPD:1
[CH: 50] LEN: 12 | HEX: EA 76 F6 E9 64 F8 93 BF F3 8C BB EE | T:884588 RPD:1
[CH: 50] LEN: 12 | HEX: F2 76 FE E8 65 D8 93 DD 2F 69 BB BF | T:884618 RPD:1
[CH: 50] LEN: 12 | HEX: FA 76 FE E7 6A E8 93 B4 9D 69 A5 BB | T:884648 RPD:1
[CH: 50] LEN: 12 | HEX: FA 76 F6 E6 6B D8 93 FE C2 9B BD 56 | T:884678 RPD:1
[CH: 50] LEN: 12 | HEX: FA 76 F6 E5 68 F8 93 FD 37 95 BF FD | T:884708 RPD:1
[CH: 50] LEN: 12 | HEX: FA 76 FE E4 69 D8 93 DD EB 70 BF FF | T:884738 RPD:1
[CH: 50] LEN: 12 | HEX: FA 76 FE E3 6E F0 93 DF DD 89 B9 7F | T:884768 RPD:1
[CH: 50] LEN: 12 | HEX: F2 76 EF E2 6F FC 93 AE 01 6C BF FD | T:884798 RPD:1
[CH: 50] LEN: 12 | HEX: EA 76 FE E1 6C E8 93 FD 74 62 BF BF | T:884828 RPD:1
[CH: 50] LEN: 12 | HEX: F2 76 FE E0 6D D8 93 FD A8 87 B7 7F | T:884858 RPD:1
[CH: 50] LEN: 12 | HEX: FA 76 FE DE D2 E8 93 AA 39 97 7F 5E | T:884888 RPD:1
[CH: 50] LEN: 12 | HEX: F2 76 FE F6 73 D8 93 FD 5A 88 BF FF | T:884918 RPD:1
[CH: 50] LEN: 12 | HEX: F2 76 FE FD 70 F8 93 FD 2F 86 BF BB | T:884921 RPD:1
[CH: 50] LEN: 12 | HEX: F2 76 FA F8 71 EC 93 FD 73 63 AF EF | T:884925 RPD:1
[CH: 50] LEN: 12 | HEX: F2 76 FE F3 76 F4 93 BF 45 9A AF BE | T:884937 RPD:1
