# TM102 capture — label=session port=/dev/cu.usbserial-0001 started=20260825-225113
ets Jul 29 2019 12:21:46

rst:0x1 (POWERON_RESET),boot:0x13 (SPI_FAST_FLASH_BOOT)
configsip: 0, SPIWP:0xee
clk_drv:0x00,q_drv:0x00,d_drv:0x00,cs0_drv:0x00,hd_drv:0x00,wp_drv:0x00
mode:DIO, clock div:1
load:0x3fff0030,len:4876
ho 0 tail 12 room 4
load:0x40078000,len:16532
load:0x40080400,len:3500
entry 0x400805b4


TM102 sniffer — ESP32 + nRF24L01+PA+LNA — RX ONLY
FIRMWARE v4 (gated capture) 2026-08-26
If this does not say 'v4', the flash did not take.
PHY from FCC LCSA072222029EA: 1 Mbps GFSK, 16 ch, 2420-2465 MHz

=== TM102 sniffer — RX only — v4 (gated capture) 2026-08-26 ===
  f        HUNT: 2.5 s per channel, live. Best way to find the channel.
  w        WATCH one channel live for energy
  s        statistical energy scan (poor fit for bursty traffic)
  b        record current environment as baseline
  d        dump capture on locked channel
  g        toggle the signal gate (default ON: drop static)
  h        hop across all channels while dumping
  x        stop
  c<n>     lock certified channel index n (1-16)
  r<n>     lock raw RF_CH n (0-125)
  a0 / aa  bait address 0x0000 / 0xAAAA
  i        dump radio registers
current: RF_CH 35 (2435 MHz), bait 0000, packets 0

--- radio registers ---
  CONFIG   0x77   CRC off (good), PWR_UP yes, PRIM_RX yes
  EN_AA    0x00   auto-ack disabled (good)
  SETUP_AW 0x00   address width 2 bytes — exploit ACTIVE (good)
  RF_CH    0x23   2435 MHz
  RF_SETUP 0x01   rate 1 Mbps (good)
  bait address: 00 00
-----------------------

============================================================
  SELF-TEST: PASS
  The radio is configured and listening correctly.

  DO THIS NEXT:
    1. Put the board about 1 metre from the controller.
    2. Type  f  and press Enter.
    3. Press General then Clear every ~2 s for 85 seconds.
       It counts down and stops on its own.
    4. It prints ONE table at the end. Send me that.
============================================================
locked RF_CH 50 (2450 MHz)
DUMP on RF_CH 50 (2450 MHz), bait 0000, gate ON (only real signal)
Quiet output is normal — most captures are static and get dropped.
[CH: 50] LEN: 32 | HEX: 01 1C 02 08 22 06 C2 00 10 51 06 82 08 20 08 00 0A C0 60 55 12 11 12 04 94 D1 00 32 60 D4 88 10 | T:41148 RPD:1
[CH: 50] LEN: 32 | HEX: 05 54 60 60 60 60 EB D9 DB DB 95 A1 CE 5B B8 0F 2E EF EA DF FF B7 FF FF FF 5F F7 0D 4B 2A 5A D4 | T:41170 RPD:1
[CH: 50] LEN: 32 | HEX: 05 54 60 60 60 60 EB A9 DB FB 91 A5 CE 5B FB 78 BA FF FD DB FD FB FF D6 EB FF FF 7F EC EF 7F FF | T:41200 RPD:1
[CH: 50] LEN: 32 | HEX: 05 54 60 60 60 60 EB C9 DB FB 8D B9 CE 5B DD 27 5C FB BD 22 A5 4B 55 12 C0 88 A0 8A 94 33 04 B0 | T:41230 RPD:1
[CH: 50] LEN: 32 | HEX: 05 54 60 60 60 60 EB E9 DB D3 89 B9 CE 5B FC D4 CA B6 EF BF FD FB FF FF BF FF EF F9 EF FF E5 11 | T:41260 RPD:1
[CH: 50] LEN: 32 | HEX: 05 54 60 60 60 60 EB E9 DB FB 85 B1 CE 5B FD 00 F2 FB EB EF 57 FF EF 5F 7B F7 EF 7B 5B 6E F7 EE | T:41290 RPD:1
[CH: 50] LEN: 32 | HEX: 05 54 60 60 60 60 EB D9 DB D3 81 B5 CE 5B DE 73 66 AD DD FD BF DF FF DF 7D EF FF FF EF BF FD BF | T:41320 RPD:1
[CH: 50] LEN: 32 | HEX: 05 54 60 60 60 60 EB C9 DB BB 7B 49 CE 5B FA 37 26 F7 F7 F7 CF BB DF 7F FE FF BB FE DD FB DF FF | T:41350 RPD:1
[CH: 50] LEN: 32 | HEX: 05 54 60 60 60 60 EB E9 DB FB F9 CD CE 5B FA BB 5A F7 6F DB FA F6 BD FD F7 7F E1 01 12 E9 29 15 | T:41380 RPD:1
[CH: 50] LEN: 32 | HEX: 05 54 60 60 60 60 EB C9 DB DB F5 C1 CE 5B FE 6F 62 B7 BF FF 7E FF 6F DD FF D5 12 B5 ED 6B 39 28 | T:41391 RPD:1
[CH: 50] LEN: 32 | HEX: 05 54 60 60 60 60 EB E9 DB BB ED D9 CE 5B DD C7 12 BB EF FF F7 FF F6 AF 7E FF EB 6A C8 01 1C 84 | T:41418 RPD:1
[CH: 50] LEN: 32 | HEX: 05 54 60 60 60 60 EB A9 DB F7 E9 DD CE 5B DD B4 86 BF DF EB 5F D7 BB 7F BF AF DF 56 EA 47 55 89 | T:41448 RPD:1
[CH: 50] LEN: 32 | HEX: 05 54 60 60 60 60 EB E9 DB FB C5 D1 CE 5B FE E0 BE DF FF BF B7 FF DB 7F 5F F7 FF FD F7 FF 7E FF | T:41478 RPD:1
[CH: 50] LEN: 32 | HEX: 05 54 60 60 60 60 EB C9 DB FB C1 D5 CE 5B F8 13 2A BF BE FF EB FD 7F EB B4 92 B5 5D 5F 6B 51 F4 | T:41508 RPD:1
[CH: 50] LEN: 32 | HEX: 05 54 60 60 60 60 EB D9 83 D3 99 C1 8C 03 D4 06 21 57 AE FA FD BD AD 6B 77 F5 D7 B4 FD FF BB FD | T:41538 RPD:1
[CH: 50] LEN: 32 | HEX: 05 54 60 60 60 60 EB C9 DB D3 99 ED CE 5B FD A4 E2 FF 5F DB 7F FB FE DF BD 6F EB EB AF EA AE FB | T:41568 RPD:1
[CH: 50] LEN: 32 | HEX: 05 54 60 60 60 60 EB E9 DB FB D5 E1 CE 5B F8 70 DA F7 FA DF DF ED EA AA BA 56 69 52 59 21 61 61 | T:41598 RPD:1
[CH: 50] LEN: 32 | HEX: 05 54 60 60 60 60 EB C9 DB EB B1 E5 CE 5B DD 03 4F FE DF FF FB FF FF FD FF FF EF AA B6 A6 96 45 | T:41628 RPD:1
[CH: 50] LEN: 32 | HEX: 05 54 60 60 60 60 EB E9 DB BB AD F9 CF 5B DD D8 AA EB EF 56 BB 75 AB FD 57 FD 4B EE 57 7D B7 6F | T:41658 RPD:1
[CH: 50] LEN: 32 | HEX: 05 54 60 60 60 60 EB E9 DB F3 C5 F1 CE 5B E9 7F 06 B6 FE DF F9 7F 75 BD 7F FF FF ED EF 7D FF EF | T:41718 RPD:1
[CH: 50] LEN: 32 | HEX: 05 54 60 60 60 60 EB D9 DB DB 81 F5 CE 5B BC 0C 92 FF DD AF FE BF F7 5F 7F 7F FB FF BF F5 FC FF | T:41748 RPD:1
[CH: 50] LEN: 32 | HEX: 05 54 60 60 60 60 EB D9 DB FB BD 89 CE 5B FA B7 3A DF FD FF 7F DF FF BF FF FF FB FF FF FF FF FA | T:41778 RPD:1
[CH: 50] LEN: 32 | HEX: 05 54 60 60 60 60 EB D9 DB BB B9 8D CE 5B BF C4 AE BF FD 75 FB FA BC 9A D5 B5 4C AC D3 1F AB 56 | T:41808 RPD:1
[CH: 50] LEN: 32 | HEX: 05 54 60 60 60 60 EB C9 DB FB B5 81 CE 5B FD 10 96 BF FE DF BE FF FF 6E FF BA BF F6 FF B7 EA F7 | T:41838 RPD:1
[CH: 50] LEN: 32 | HEX: 05 54 60 60 60 60 EB C9 DB DB B1 85 CE 5B BB 63 02 FF D5 7F 5F FF EF D0 4C 94 A4 90 09 55 32 22 | T:41868 RPD:1
[CH: 50] LEN: 32 | HEX: 05 54 60 60 60 60 EB E9 DB DB AD 99 CE 5B E9 B8 E6 BF FF FF DF FF FD 7F BD FF FF FF B7 5D FF FB | T:41898 RPD:1
[CH: 50] LEN: 32 | HEX: 05 54 60 60 60 60 EB A9 DB DB A9 9D CE 5B BE CB 72 BF DB DF FB DF B7 FF 7F FB 7F FA 9C A9 44 D1 | T:41928 RPD:1
[CH: 50] LEN: 32 | HEX: 05 54 60 60 60 60 EB A9 DB D3 A5 91 CE 5B EE 1F 4A BF FF ED FA FF FD FD 6F DF EF DE BD AF EE A3 | T:41958 RPD:1
[CH: 50] LEN: 32 | HEX: 05 54 60 60 60 60 EB E9 DB DB A1 95 CE 5B DC 6C DE B8 FB 5F EF FF DF 7F FD FF FF 5F FF 7F EF BD | T:41988 RPD:1
[CH: 50] LEN: 32 | HEX: 05 54 60 60 60 60 EB C9 DB FB 9D A9 CE 5B FD A8 82 FD FA BD BF BB BF FF FF FD FB FF FF F6 DF EF | T:42018 RPD:1
[CH: 50] LEN: 32 | HEX: 05 54 60 60 60 60 EB C9 DB EB 99 AD CE 5B FD DB 16 AF FE BA A9 35 26 A2 93 2A 6C CA A2 2A 1E 34 | T:42048 RPD:1
[CH: 50] LEN: 32 | HEX: 05 54 60 60 60 60 EB F9 DB FB 95 A1 CE 5B FC 0F 2E BF FF FD FF 7F FB FF 7B CF BE FF 60 9A 34 66 | T:42078 RPD:1
[CH: 50] LEN: 32 | HEX: 05 54 60 60 60 60 EB C9 DB D3 91 A5 CE 5B ED 7C BA FF FF FF F7 F6 84 49 1E 20 A0 51 30 94 D5 A8 | T:42108 RPD:1
[CH: 50] LEN: 32 | HEX: 05 54 60 60 60 60 EB E9 DB FB 8D B9 CE 5B FD 27 5E BE FD BF ED EF DF BF F7 F9 7F AB DA A4 54 AA | T:42138 RPD:1
[CH: 50] LEN: 32 | HEX: 05 54 60 60 60 60 EB E9 DB D3 89 B9 CE 5B F8 D4 CA FF FF FF FB 77 D9 6A 56 30 85 69 DF 56 AA 49 | T:42168 RPD:1
[CH: 50] LEN: 32 | HEX: 05 54 60 60 60 60 EB D9 DB FB 85 B1 CE 5B FD 00 F2 DB 7D BE FD 7F 4F FF F7 FE FF FF EF A8 E3 15 | T:42198 RPD:1
[CH: 50] LEN: 32 | HEX: 05 54 60 60 60 60 EB D9 DB FB 81 B5 CE 5B DD 73 66 FD DD FF DB F7 7F D7 D7 DE 5D BE EB FD 7D 77 | T:42228 RPD:1
[CH: 50] LEN: 32 | HEX: 05 54 60 60 60 60 EB C9 DB DB 79 49 CE 5B FC 37 26 FE CB ED F9 BD AF DF 55 6A 56 97 75 F6 B9 9A | T:42258 RPD:1
[CH: 50] LEN: 32 | HEX: 05 54 60 60 60 60 EB E9 DB FB F9 CD CE 5B FD BB 5A FF FE FF FF B7 F5 A1 59 36 90 BA B3 4D 52 95 | T:42288 RPD:1
[CH: 50] LEN: 32 | HEX: 05 54 60 60 60 60 EB E9 DB DB ED D9 CE 5B F9 C7 12 AB FF F7 F9 FB BF FF DF FB FF DE BE DB FF BB | T:42325 RPD:1
[CH: 50] LEN: 32 | HEX: 05 54 60 60 60 60 EB E9 DB FB E9 DD CE 5B FC B4 86 FF 7B 6F FF 77 EF FF FF FE FF F7 77 DF DF BF | T:42355 RPD:1
[CH: 50] LEN: 32 | HEX: 05 54 60 60 60 60 EB C9 DB D7 C1 D5 CE 5B FC 13 2A F6 DD F5 DB F5 6A BF 7E 96 FF FD 76 FF BB 7E | T:42415 RPD:1
[CH: 50] LEN: 32 | HEX: 05 54 60 60 60 60 EB E9 DB FB DD E9 CE 5B FD D7 76 FF EF FC FE EE FF F6 F6 DF EF FF 7D FF EF BD | T:42445 RPD:1
[CH: 50] LEN: 32 | HEX: 05 54 60 60 60 60 EB E9 DB EB D9 ED CE 5B BD A4 E2 EF FF F3 FF B7 FE FF FF BE FF DF BA B1 5B 27 | T:42475 RPD:1
[CH: 50] LEN: 32 | HEX: 05 54 60 60 60 60 EB E9 DB DB D5 E1 CE 5B DC 70 DA BF 7B BF FF D7 FE FF A6 AF 3E FF FF FD FE FD | T:42505 RPD:1
[CH: 50] LEN: 32 | HEX: 05 54 60 60 60 60 EB C9 DB DB D1 E5 CE 5B FD 03 4E B5 FF EB 7E FF FF BF BF 5E FA B3 59 73 29 D4 | T:42535 RPD:1
[CH: 50] LEN: 32 | HEX: 05 54 60 60 60 60 EB C9 DB FB C9 FD CE 5B DC AB 3A FF F7 AF DD D5 6B B6 D7 BD 6F 5E BB FF 7F 6F | T:42595 RPD:1
[CH: 50] LEN: 32 | HEX: 05 54 60 60 60 60 EB E9 DB FB C5 F1 CE 5B DD 7F 06 F7 7F FF FF FF FF FE FF AF 56 FF 7F FF FB B7 | T:42625 RPD:1
[CH: 50] LEN: 32 | HEX: 05 54 60 60 60 60 EB E9 DB BB C1 E5 CE 5B EC 0C 92 FB F7 EF FF FD 6F F7 BE F7 7F BF 7F DE FF 77 | T:42655 RPD:1
[CH: 50] LEN: 32 | HEX: 05 54 60 60 60 60 EB D9 DB F3 BD 89 CE 5B FC B7 3A FD FE FD 77 FF FF 7D FF 7B 56 94 6A AB EA DC | T:42685 RPD:1
[CH: 50] LEN: 32 | HEX: 05 54 60 60 60 60 EB B9 DB B3 B9 8D CE 5B DE C4 AE BF EF AF FF BF 5F FF AB BF 5E E2 57 AA A4 C4 | T:42715 RPD:1
[CH: 50] LEN: 32 | HEX: 05 54 60 60 60 60 EB C9 DB FB B5 81 CE 5B FE 90 96 EF BF FF 53 FF FF FB 7F FF FF FF FF FF F5 DF | T:42745 RPD:1
[CH: 50] LEN: 32 | HEX: 01 55 18 18 18 18 3A FA 76 FE EC 61 73 96 FF 58 C0 AF AF FD BA EF F5 6E FF DD D7 6A A1 B2 AD B1 | T:42775 RPD:1
[CH: 50] LEN: 32 | HEX: 01 55 18 18 18 18 3A FA 76 FE EB 66 73 96 FF 6E 3D BF FE F7 B5 A4 DB 2A DA D2 DD 1F 5F A9 91 54 | T:42805 RPD:1
[CH: 50] LEN: 32 | HEX: 01 55 18 18 18 18 3A F2 76 FC EA 67 73 96 FF B2 DC BF AF DF EF F3 A9 2A A4 42 D4 52 16 9A 54 90 | T:42835 RPD:1
[CH: 50] LEN: 32 | HEX: 01 55 18 18 18 18 3A FA 76 FE E9 64 7B 96 FF A7 D2 AE FE BF F7 DF FB F7 F9 F7 EB F5 7F EF FF 9E | T:42865 RPD:1
[CH: 50] LEN: 32 | HEX: 01 55 18 18 18 18 3A FA 76 FE E7 6A 73 96 FF AA 20 BD FE FC DF DF FB BF 77 FE EF FE FF EB 7A 57 | T:42925 RPD:1
[CH: 50] LEN: 32 | HEX: 01 55 18 18 18 18 3A FA 76 FE E6 6B 73 96 FF 76 C5 BF DE BF F7 BF BF FF 7F FD DE FD 77 FF AF 6E | T:42955 RPD:1
[CH: 50] LEN: 32 | HEX: 01 55 18 18 18 18 3A F2 76 FC F5 68 73 56 EF 03 4B 7A DB ED BB EB 7F 5B EE EF FF 4A F5 FE AD BA | T:42985 RPD:1
[CH: 50] LEN: 32 | HEX: 01 55 18 18 18 18 3A FA 76 FE E4 69 73 96 FF DF 2E AB FF 5F BB 5E DA DF 5E BF F7 FF FD ED 6D FF | T:43015 RPD:1
[CH: 50] LEN: 32 | HEX: 05 54 60 60 60 60 EB E9 DB FB 89 BD CE 5B EC D4 CA AE D7 EF FB FA AA EF 77 F7 77 FF DB F7 EF F5 | T:43075 RPD:1
[CH: 50] LEN: 32 | HEX: 05 54 60 60 60 60 EB E9 DB F7 C5 B1 CE 5B ED 00 F2 BE A9 35 02 14 C9 2D 29 35 A8 2A 94 22 A8 1A | T:43105 RPD:1
[CH: 50] LEN: 32 | HEX: 05 54 60 60 60 60 EB A9 DB DB 81 B5 CE 5B FF 73 66 FD 76 AF B6 DF FB 7E DE EF BF EF FB 3F 7D DD | T:43135 RPD:1
[CH: 50] LEN: 32 | HEX: 05 54 60 60 60 60 EB C9 DB FB 79 49 CE 5B FC 37 26 FF D7 EF F7 FE F7 FF BE FF FD FF FF 7F FF F7 | T:43165 RPD:1
[CH: 50] LEN: 32 | HEX: 05 54 60 60 60 60 EB E9 DB FB D9 CD CE 5B FB BB 5A BF FD FF FD F5 EB EA DB 4B 23 2A 2D A7 41 2A | T:43195 RPD:1
[CH: 50] LEN: 32 | HEX: 05 54 60 60 60 60 EB E9 DB FB ED D9 CE 5B F5 C7 12 B7 B5 DB FB BF FF FF 7D F6 ED FE FF FE DF 7F | T:43232 RPD:1
[CH: 50] LEN: 32 | HEX: 05 54 60 60 60 60 EB E9 DB FB E9 DD CE 5B FE B4 86 FF EB FF EF FF FD 7F FF FD DD F7 FE EF 7B F6 | T:43262 RPD:1
[CH: 50] LEN: 32 | HEX: 05 54 60 60 60 60 EB C9 DB EB E5 D1 CE 5B FE 60 BC EF F7 7F DD AE BE F5 FF F7 FF FF 77 B7 BB BE | T:43292 RPD:1
[CH: 50] LEN: 32 | HEX: 01 55 18 18 18 18 3A FA 76 FD F8 7D 73 96 FF 04 CA BF 7F EB A9 AE D5 AD 7F 65 7A F9 54 95 49 99 | T:43322 RPD:1
[CH: 50] LEN: 32 | HEX: 05 54 60 60 60 60 EB E9 EF FC 02 05 CE 5B FE 0E 9E DB FB BD F9 DD F7 FF FB DF ED FF AD BE FF BD | T:43529 RPD:1
[CH: 50] LEN: 32 | HEX: 05 54 60 60 68 60 EB E5 DF 73 FB ED C2 5B FC 8C B2 B7 7F FD DE FB D7 F3 57 FB 7B BF FE D7 F7 6F | T:43559 RPD:1
[CH: 50] LEN: 32 | HEX: 05 54 60 60 60 60 EB C5 DF EB FB D9 C2 5B B8 8C B2 DF F6 FF F7 DA FF FF EF FB BF BA DF EB FA BF | T:43577 RPD:1
[CH: 50] LEN: 32 | HEX: 05 54 60 60 60 60 EB C5 DE F7 D7 F9 CE 5B FC 52 BA FF 6B 75 FF 7F BF BB EF FF BF FD F7 EF FF 7F | T:43592 RPD:1
[CH: 50] LEN: 32 | HEX: 2A 44 50 20 00 0A 10 06 2E BF 64 DC F7 DF 8F 4A D1 F7 EF 2F 8D 35 6C AB 95 B5 4D AD 55 DA D5 D5 | T:43603 RPD:1
[CH: 50] LEN: 32 | HEX: 05 54 60 60 60 60 EB E5 DF 7F F7 F9 CE 5B FE 52 BA B6 DE F7 7B F7 EB BD EF FD F9 FE FD FF BF FF | T:43616 RPD:1
[CH: 50] LEN: 32 | HEX: 45 93 2B AE D2 12 76 99 28 10 0A 89 54 64 8A A9 94 DC D4 D4 A8 92 88 41 52 12 0A 4A 44 00 00 05 | T:43631 RPD:1
[CH: 50] LEN: 32 | HEX: 05 54 60 60 60 60 EB E5 DE EB F3 F9 C2 5B DC 8C B2 D6 DF F6 D7 FD DF EF FF FB DF FF EF 7F FE F9 | T:43642 RPD:1
[CH: 50] LEN: 32 | HEX: 05 54 60 60 60 60 EB E5 DD DB FB F9 C2 5B FC 8C B2 FF FF 7D 55 38 DB 6E DA D5 54 B6 D3 DB BB 41 | T:43655 RPD:1
[CH: 50] LEN: 32 | HEX: 05 54 60 60 60 60 EB E5 DF F7 E7 F9 CE 5B FE 52 BA FF B5 FE DD FE F7 AC D2 A3 08 0C 95 49 56 25 | T:43670 RPD:1
[CH: 50] LEN: 32 | HEX: 01 55 18 18 18 18 3A F9 77 9D FE FE 70 96 F5 23 2C BF FD FE FD 5F EE BB EA 5E 7E D7 F5 DF FF 7F | T:43685 RPD:1
[CH: 50] LEN: 32 | HEX: 05 54 60 60 60 60 EB E5 DE F7 F7 F9 CE 5B FC 52 BA FD BF FF EF BD BF BF FB F6 F9 DB AF F7 FF BE | T:43696 RPD:1
[CH: 50] LEN: 32 | HEX: 05 54 60 60 60 60 EB C5 DF F7 DB F9 C2 5B EC 8C B2 BB F5 FB FF DF F7 FD FF FE FF FF EE FF F7 FB | T:43709 RPD:1
[CH: 50] LEN: 32 | HEX: FD ED 76 BD 65 FA 95 B5 36 2B 57 39 7A DB AF EF 6A F5 4F 5B EB AC F3 D1 55 9D 7E DF D6 D4 5A DC | T:43720 RPD:1
[CH: 50] LEN: 32 | HEX: 05 54 60 60 60 60 EB C5 DF 6F FB F9 C2 5B DC 8C B2 BF FF EF 75 FD 7E BB 5E FB BF EF FF 5F F7 FD | T:43733 RPD:1
[CH: 50] LEN: 32 | HEX: 01 55 18 18 18 18 3A F1 77 F4 FD EA 73 96 FF 94 AE BD FD F7 BE FE DF FF 7B DF FE BA FE FF 75 F7 | T:43748 RPD:1
[CH: 50] LEN: 32 | HEX: 12 D2 59 75 AA AB 63 B9 41 D6 FE D5 34 AC 25 55 8E BC EC 0B 95 34 83 7A CB 57 16 5E A2 AA A4 56 | T:43759 RPD:1
[CH: 50] LEN: 32 | HEX: 05 54 60 60 60 60 EB E5 DF F7 F7 79 CE 5B FD 52 BA FF FB BF FD F7 F7 FB F6 EE DF 7D FF DE BB DF | T:43772 RPD:1
[CH: 50] LEN: 32 | HEX: 21 D2 B1 49 A9 04 54 48 A9 95 21 42 58 2B A1 2A 92 45 28 4C 80 04 09 25 0A 44 41 0A 49 00 05 51 | T:43783 RPD:1
[CH: 50] LEN: 32 | HEX: 05 54 60 60 60 60 EB D5 DF F7 F7 F9 CE 5B BD 52 BA BD FF FF DF FA F5 EF DD BF AD EA DA AF C5 6F | T:43796 RPD:1
[CH: 50] LEN: 32 | HEX: AB 5A B6 A9 AA B4 DB AA B5 BA AA 85 14 50 38 99 4C 6C A8 EE 96 9B 5D 9A B5 53 19 32 AB 66 4C 02 | T:43807 RPD:1
[CH: 50] LEN: 32 | HEX: 05 54 60 60 60 60 EB C5 DF EB F7 B9 CE 5B DD 52 BA FF DD FD FD AF BF FF DF 3E FF BD ED FF FB DF | T:43820 RPD:1
[CH: 50] LEN: 32 | HEX: 05 54 60 60 60 60 EB E5 DF F7 DB F9 C2 5B FC 8C B2 BF BE 77 F3 FB F7 DB 7F F7 FF 7D FF DF FF F5 | T:43831 RPD:1
[CH: 50] LEN: 32 | HEX: 05 54 60 60 60 60 EB E5 DF E7 E7 F9 CE 5B FD 52 BA B9 F4 F7 F5 ED BF BE FD EF FB FD FF F3 5D EA | T:43844 RPD:1
[CH: 50] LEN: 32 | HEX: 05 54 60 60 60 60 EB C5 DF FF FB F9 C2 5B FC 8C B2 FF BF FF FF FF FE BF FE 8A 25 48 E5 A0 DA 80 | T:43859 RPD:1
[CH: 50] LEN: 32 | HEX: 05 54 60 60 68 60 EB C5 DD 7B D7 F9 CE 5B EF 52 BA BB FB FB A0 A1 19 72 5D 55 B6 4C 42 B4 A0 6A | T:43874 RPD:1
[CH: 50] LEN: 32 | HEX: 05 54 60 60 60 60 EB C5 DE AB D3 F9 C2 5B D8 8C B2 EF BB FD BE FD F7 D6 FF FF F9 EB AB 57 EF FE | T:43889 RPD:1
[CH: 50] LEN: 32 | HEX: 05 54 60 60 60 60 EB C5 DE FF D7 D9 CE 5B FD 52 BA B7 DD EF DF EF DE FD FD FF FF 6F DB AE F7 FF | T:43904 RPD:1
[CH: 50] LEN: 32 | HEX: 05 54 60 60 60 60 EB C5 DE EB BB B1 C2 5B FC 8C B2 F7 6F FF FD AF FE ED DD FF FF BF FB 7F DF DF | T:43919 RPD:1
[CH: 50] LEN: 32 | HEX: 05 54 60 60 60 60 EB E5 DF F7 FB F9 C2 5B FC 8C B2 AF FD EF 5B FD BF DB 77 FF 76 DE FA DF 77 DB | T:43937 RPD:1
[CH: 50] LEN: 32 | HEX: 05 54 60 60 60 60 EB E5 DE B3 F7 F9 CE 5B FD 52 BA BF FF FF DF CA B7 5F 35 9A 8A 53 C0 8B D6 95 | T:43952 RPD:1
[CH: 50] LEN: 32 | HEX: AE ED BA DA B8 95 AF 6E AD B7 A7 6C 35 28 A4 A5 95 2D 56 B2 CA 95 26 CA BB 4C 9A C1 55 5A AF AA | T:43963 RPD:1
[CH: 50] LEN: 32 | HEX: 05 54 60 60 60 60 EB E5 DF EB F7 F1 CE 5B FD 52 BA BD B7 BE FE FF FF 7D DD CF 7F FF DF FF FF FD | T:43976 RPD:1
[CH: 50] LEN: 32 | HEX: 05 54 60 60 60 60 EB C5 DF EB FB F9 C2 5B DA 8C B2 FF BF FF FF BE FF 6F FF 7F FD DD FF 98 5D 56 | T:43991 RPD:1
[CH: 50] LEN: 32 | HEX: 05 54 60 60 60 60 EB E5 DF D3 F7 B9 CE 5B FA 52 BA FF DA BF CB EF FF EF EF BB DF DD 7F 7F 7F FE | T:44006 RPD:1
[CH: 50] LEN: 32 | HEX: 05 54 60 60 60 60 EB D5 DF EB FB F9 C2 5B FC 8C B2 F7 ED 77 DF DF FB 7F 6E DF 79 B0 B6 E7 6A AC | T:44017 RPD:1
[CH: 50] LEN: 32 | HEX: 05 54 60 60 60 60 EB A5 DF D3 F7 F5 CE 5B FA 52 BA BD D2 D0 CB 5E BE 2A D6 6F FC DB 37 75 68 F7 | T:44030 RPD:1
[CH: 50] LEN: 32 | HEX: 05 54 60 60 60 60 EB D5 DD FB BB B1 C2 5B FA 8C B2 F7 BF 77 7F FF FF BE FF FF DF BE DF FF DF EE | T:44045 RPD:1
[CH: 50] LEN: 32 | HEX: 05 54 60 60 60 60 EB E5 DF DB D7 F9 CE 5B FA 52 BA FF FF 7B 7F F7 7F DF FB F5 BF EF D7 FD FB FF | T:44060 RPD:1
[CH: 50] LEN: 32 | HEX: 05 54 60 60 60 60 EB E5 DF EB DB F9 C2 5B DC 8C B2 B6 FD FF BF DB FF DF FF EF FF BF FF FF FD E5 | T:44075 RPD:1
[CH: 50] LEN: 32 | HEX: 05 54 60 60 60 60 EB F5 DE EB F7 F5 CE 5B FE 52 BA FF FF BB FF 7F FF FB FF FF DF F7 EF FB F6 EE | T:44090 RPD:1
[CH: 50] LEN: 32 | HEX: 55 AA 22 5A CB 75 AA EE AA A6 95 50 B7 54 94 52 DE A1 1A C9 28 94 31 52 A5 4A F6 94 95 25 61 2D | T:44101 RPD:1
[CH: 50] LEN: 32 | HEX: 05 54 60 60 60 60 EB D5 DF F7 F7 B1 CE 5B DD 52 BA BE FF FF BF D7 DF BE FF 52 A1 48 95 54 01 4C | T:44114 RPD:1
[CH: 50] LEN: 32 | HEX: 34 FC E2 48 CD 55 AC 5D DE 6E FB 55 FF 5D 55 32 BD 5C EA A9 77 D0 D4 DA AF 9B CE FB 2C 60 2A 88 | T:44125 RPD:1
[CH: 50] LEN: 32 | HEX: 05 54 60 60 60 60 EB D5 DD FB F7 B5 CE 5B FA 52 BA BE D7 BF D1 6E 42 E4 D5 37 5C A0 55 45 0D 2C | T:44138 RPD:1
[CH: 50] LEN: 32 | HEX: 6B 35 05 5C 15 5A D7 50 D5 45 2D 65 A6 B5 24 D5 6B 68 AD AC AA 6D 5F 2E 48 DE ED 34 E8 E5 51 15 | T:44149 RPD:1
[CH: 50] LEN: 32 | HEX: 05 54 60 60 60 60 EB D5 DE FF FB F9 C2 5B BE 8C B2 BF FB F7 FF FF F6 FF DF FB BF FF FF 7F F7 EB | T:44165 RPD:1
[CH: 50] LEN: 32 | HEX: 05 54 60 60 60 60 EB C5 DF 77 D7 B9 CE 5B DE 52 BA AB 5D FF FF DF E8 F6 29 6D 5E EA D1 15 1A 50 | T:44180 RPD:1
[CH: 50] LEN: 32 | HEX: 05 54 60 60 60 60 EB D5 DF 6B FB F9 C2 5B F8 8C B2 AB FF 7F 4B 4D 95 1A 8C 02 B4 E9 29 84 4F 36 | T:44195 RPD:1
[CH: 50] LEN: 32 | HEX: 50 00 01 9E BF EE FB FB DF 77 F6 DD 2B 3E FB 75 BF 7F 7D FB BB 7B EF EB 73 FF 7D FA B7 76 EF FB | T:44206 RPD:1
[CH: 50] LEN: 32 | HEX: 05 54 60 60 60 60 EB A5 DE D3 EB F9 C2 5B DC 8C B2 B5 F5 7F 6D FF 77 98 D5 CE CD 49 8A 8B 46 97 | T:44219 RPD:1
[CH: 50] LEN: 32 | HEX: 05 54 60 60 60 60 EB D5 DF EB F7 F1 CE 5B F6 52 BA FD 92 B3 24 2A AE A5 AD 19 5F 5A 4E 25 A4 A5 | T:44234 RPD:1
[CH: 50] LEN: 32 | HEX: 05 54 60 60 60 60 EB E5 DE BB F7 F9 CE 5B FD 52 BA BF DF FE BF 7F 7F F7 FF BE EF 76 FF DF B7 77 | T:44252 RPD:1
[CH: 50] LEN: 32 | HEX: 6D 9A A9 67 68 0A A4 A2 D5 11 45 95 40 69 03 A8 88 4B A5 41 48 8A 95 29 08 25 29 5A A1 09 88 12 | T:44263 RPD:1
[CH: 50] LEN: 32 | HEX: 05 54 60 60 60 60 EB B5 DD D3 FB F9 C2 5B FA 8C B2 FF FF E8 24 49 12 14 15 58 95 55 29 25 A7 AD | T:44279 RPD:1
[CH: 50] LEN: 32 | HEX: 05 54 60 60 60 60 EB C5 DD DB E7 75 CE 5B FA 52 B6 FA FD DF FF FD FF FB FD D5 B7 FD 77 7F 6E EF | T:44294 RPD:1
[CH: 50] LEN: 32 | HEX: E9 76 6B B2 A1 CC EA 73 65 D2 B4 B6 57 29 63 B4 AD AD 65 29 49 AA 34 82 80 2A 44 11 29 90 50 12 | T:44305 RPD:1
[CH: 50] LEN: 32 | HEX: 05 54 60 60 60 60 EB E5 DD AB EF 71 CF 5B BC 52 BA FE FE BF FD FD EF BF FE FB BF 3F F5 BF B7 FF | T:44318 RPD:1
[CH: 50] LEN: 32 | HEX: 51 81 0A 2A 2A 3F 97 7F EF EF 55 2B 55 51 10 40 93 DE 97 FF BD AF 2B D3 B5 57 FA D7 FB 7E DF EB | T:44329 RPD:1
[CH: 50] LEN: 32 | HEX: 05 54 60 60 60 60 EB C5 DF EB F7 B9 CE 5B FB 52 BA FF FB FF 7F FB FD F7 FD AF DF FD DF F7 AF FB | T:44341 RPD:1
[CH: 50] LEN: 32 | HEX: 05 54 60 60 60 60 EB E5 DF EB FB D9 C2 5B DA 8C B2 FE AF FB FD FF 5F 52 7E FF CF 5F FB 6D CD EF | T:44357 RPD:1
[CH: 50] LEN: 32 | HEX: 50 4A 89 28 A6 A8 A5 48 64 02 AA 60 29 54 A3 50 46 A1 00 40 5F 2A 4B 65 29 66 3A D9 54 D9 5A 69 | T:44368 RPD:1
[CH: 50] LEN: 32 | HEX: 05 54 60 60 60 60 EB E5 DE FB DB B9 C2 5B FC 8C B2 DB FF FF 7B 6F FE BF BF EF ED FF FF AC 94 DC | T:44380 RPD:1
[CH: 50] LEN: 32 | HEX: 05 54 60 60 60 60 EB E5 DE FB F7 79 CE 5B FF 52 BA F7 7E E5 DC F7 A1 EE 7D A8 6D BD AD 6D 3A D6 | T:44395 RPD:1
[CH: 50] LEN: 32 | HEX: 05 54 60 60 60 60 EB C5 DF DB FB D9 C2 5B FA 8C B2 BF F7 FF FF EF FF FF FF FD D6 FF DF FE BF FB | T:44410 RPD:1
[CH: 50] LEN: 32 | HEX: 05 54 60 60 60 60 EB E5 DE D3 F7 75 CE 5B FD 52 BA FA F7 FB EF EF 73 DF DB FD FE FA ED DB FF FF | T:44425 RPD:1
[CH: 50] LEN: 32 | HEX: 0A A0 00 00 AA 8C 0C 0C 0C 1D 74 BB FD 7F 7F 38 4B 7D D1 96 57 FF FB B7 FF ED F7 FD DD 7E BD F7 | T:44437 RPD:1
[CH: 50] LEN: 32 | HEX: 05 54 68 60 60 60 EB C5 DE EB D7 59 CF 5B FD 52 BA BE FF AD 7B 4A AA D7 DD AB 77 6A AE B5 54 F5 | T:44449 RPD:1
[CH: 50] LEN: 32 | HEX: 05 54 60 60 60 60 EB D5 DE FB BB F9 C2 5B FA 8C B2 BF BF FF FF AD FE DA FE FD FF FF DF AB B7 FD | T:44464 RPD:1
[CH: 50] LEN: 32 | HEX: 05 54 60 60 60 60 EB A5 DF 58 00 01 C6 5B B5 71 56 BF F5 D8 CB BD 9B BB 6A BB 5A AB 57 9B 54 9D | T:44502 RPD:1
[CH: 50] LEN: 32 | HEX: 05 54 60 60 60 60 EB A1 B7 F4 03 BB D6 5B FF B2 76 BE FF FF FF 7F FD EF FF FD F7 FF AF F4 54 50 | T:44532 RPD:1
[CH: 50] LEN: 32 | HEX: 05 54 60 60 60 60 EB E5 DF EC 00 01 C6 5B DE 71 56 FF F7 5F 7D FD 7F ED ED DF FF BB F7 FF FD FF | T:44802 RPD:1
[CH: 50] LEN: 32 | HEX: 05 54 60 60 68 60 EB D1 B7 F4 03 F7 F6 5B FB B2 7E FF DD FF BB 7F EB 7B DE DB FF 57 BF F6 FF FF | T:44832 RPD:1
[CH: 50] LEN: 32 | HEX: 05 54 60 60 60 60 EB D5 DF D4 00 01 C6 5B FA 71 56 B7 FF FF DE FF 67 FF FD DB FB FD EB AF F7 7D | T:45101 RPD:1
[CH: 50] LEN: 32 | HEX: 05 54 60 60 60 60 EB E1 B7 F4 03 BB D6 5B DB B2 76 BF FF FD 7D FF FF 7F FC FF FF F7 77 7F 5F EB | T:45132 RPD:1
[CH: 50] LEN: 32 | HEX: 05 54 60 60 60 60 EB E5 DF EC 00 01 C6 5B EA 71 56 F9 6B 2A B5 AA E4 EA EC C8 A9 8E FC 94 EA CB | T:45401 RPD:1
[CH: 50] LEN: 32 | HEX: 05 54 60 60 60 60 EB E1 B7 F4 03 F3 E6 5B F5 B2 7A FF EF 7A FF FF BD EF F5 77 5F BD FE EF F5 F7 | T:45432 RPD:1
[CH: 50] LEN: 32 | HEX: 05 54 60 60 60 60 EB F5 DF EC 00 01 C6 5B BC 71 56 FF 76 FD FB EA EF FF FD FE BF F7 FD F7 F6 DF | T:45701 RPD:1
[CH: 50] LEN: 32 | HEX: 05 54 60 60 60 60 EB E1 B7 F4 03 DB E6 DB DB B2 74 F3 F7 FD 5D F5 7F FE FB F7 FB F7 7F 7F EE EF | T:45731 RPD:1
[CH: 50] LEN: 32 | HEX: 05 54 60 60 60 60 EB A9 FB DE 02 33 E6 5B FA C1 C2 F7 7F DF FB ED FD 4A DB C4 48 A2 4D 6A AC 84 | T:45825 RPD:1
[CH: 50] LEN: 32 | HEX: 05 54 60 60 60 60 EB E9 DB F7 F9 CE E6 5B BD 3A 3E BF FF DA EF EF 6F FD F7 AF F7 FF F6 FF FE FF | T:45856 RPD:1
[CH: 50] LEN: 32 | HEX: 40 62 88 AA 8A A5 52 A2 A2 A1 24 AA 22 10 04 23 EF EF BD 58 C9 31 46 AB EA D5 75 69 FA C9 B5 5E | T:45867 RPD:1
[CH: 50] LEN: 32 | HEX: 05 54 60 60 60 60 EB D9 DB DB ED DB F6 5B BB 46 7A BF FF FF FF FF DF BF F5 61 55 29 AA AB 58 A6 | T:45894 RPD:1
[CH: 50] LEN: 32 | HEX: 05 54 60 60 60 60 EB D9 DB FB A9 DF D6 5B DC 35 EA FD FB FF 7C FF DD FF 7F CF FF FB 6F 6F FF BD | T:45924 RPD:1
[CH: 50] LEN: 32 | HEX: 05 54 60 60 60 60 EB A9 DB DB A5 D3 F6 5B BF F1 D2 FF D5 FE F7 FA EF EF 7F F7 BB FF ED FF 6E FF | T:45954 RPD:1
[CH: 50] LEN: 32 | HEX: 05 54 60 60 60 60 EB D9 DB FB E1 D7 B6 5B DA 92 46 FF FE FF FF 77 FF F6 FF F7 5F FF F7 BD DB FF | T:45983 RPD:1
[CH: 50] LEN: 32 | HEX: 05 54 60 60 60 60 EB D9 DB FB BD FB D6 5B DA 56 1A AF BD BF FF FB FF F7 7C 32 F5 B4 6D 5D 1A 6F | T:46013 RPD:1
[CH: 50] LEN: 32 | HEX: 05 54 60 60 60 60 EB E9 DB DB 99 EF 56 5B DB 25 8E FF FF FF FD 51 0A 53 4B 55 65 4A 49 59 39 35 | T:46043 RPD:1
[CH: 50] LEN: 32 | HEX: 05 54 60 60 60 60 EB D9 DB FB D5 D3 F6 5B FA F1 B6 FD FF 7F EF 7E DF BF FE FF EF FE FF FE E7 EB | T:46073 RPD:1
[CH: 50] LEN: 32 | HEX: 05 54 60 60 60 60 EB E9 DB BB B1 D7 B6 5B DF 82 22 FF FB FF FF DF D5 A2 B6 B6 D2 F1 CA A9 F0 EF | T:46103 RPD:1
[CH: 50] LEN: 32 | HEX: 05 54 60 60 60 60 EB E9 DB F3 CD EB B6 5B BF 59 C6 BF FF 7B FF FF DF FB FF FF FF FF FF BF FF FF | T:46133 RPD:1
[CH: 50] LEN: 32 | HEX: 05 54 60 60 60 60 EB C9 DB FB 89 ED 76 5B DA 2A 52 BF FF FF 7F FF FD 7F FF DA FF 7D 5F 5E DE BF | T:46163 RPD:1
[CH: 50] LEN: 32 | HEX: 05 54 60 60 60 60 EB E9 DB AB C1 F7 AE 5B FB 8D FE FF DD FE B7 EB DF D7 DB BF F7 7B FF FA F5 FD | T:46223 RPD:1
[CH: 50] LEN: 32 | HEX: 05 54 60 60 60 60 EB E9 DB DB BD 8B F6 5B FE 36 56 F7 EF BF FB 57 DF E7 57 8D AD DE E1 D5 57 4E | T:46253 RPD:1
[CH: 50] LEN: 32 | HEX: 05 54 60 60 60 60 EB C9 DB BB B9 8F EE 5B BA 45 C2 EE 7E FF EF F7 F7 FF B6 FA B3 2B B6 2B 73 53 | T:46283 RPD:1
[CH: 50] LEN: 32 | HEX: 05 54 60 60 60 60 EB E9 DB DB B5 83 F6 5B FF 91 FA DF FF BB 7E BF FF 6D 7B FF 7F FE DF FF ED FF | T:46313 RPD:1
[CH: 50] LEN: 32 | HEX: 05 54 60 60 60 60 EB E9 DB D3 B1 87 76 5B BB E2 6E FE 7B FF F6 FD FF EF BA EF FE BB 7F FD 7D 7F | T:46343 RPD:1
[CH: 50] LEN: 32 | HEX: 05 54 60 60 60 60 EB C9 DB FB AD 9B F6 5B FD 39 8A FF 5F D7 FE BD FD FE FB 7D FF D1 68 59 54 96 | T:46373 RPD:1
[CH: 50] LEN: 32 | HEX: 05 54 60 60 60 60 EB C9 DB DB A9 9F EE 5B BD 4A 1E D7 FF FA FD EB 7B DF D7 D7 FA 9A BD E7 5B 69 | T:46403 RPD:1
[CH: 50] LEN: 32 | HEX: 05 54 60 60 60 60 EB A9 DB BB A5 93 D6 5B DB 9E 26 FE FF F7 5F FF EE D7 FF FF 7F FF 6F DD 3A CA | T:46433 RPD:1
[CH: 50] LEN: 32 | HEX: 15 51 81 81 81 83 AF 67 6F EE 86 5F D9 6F EB B6 CB F7 FF B7 6E FF FF FF FF F6 E9 77 C9 D5 26 64 | T:46463 RPD:1
[CH: 50] LEN: 32 | HEX: 05 54 60 60 60 60 EB A9 DB D3 9D AB F6 5B F6 29 CE BF FE FF FF 57 55 43 4E A7 56 B0 ED AC BE 55 | T:46493 RPD:1
[CH: 50] LEN: 32 | HEX: 15 51 81 81 81 83 AF 67 6E AE 66 BB D9 6E ED 69 CB EF FF EF 7F 7F FF FF 7F 77 FB FF EF FE FF FE | T:46523 RPD:1
[CH: 50] LEN: 32 | HEX: 15 51 81 81 81 83 AF 27 6F 4E 56 8E D9 6E E2 39 0B D7 C2 E4 7B CB 6A CB 55 6C B5 5A C9 4A BA A6 | T:46553 RPD:1
[CH: 50] LEN: 32 | HEX: 05 54 60 60 60 60 EB E9 DB EB 91 A7 F6 5B FD E9 D6 F6 FB DF 7F FF 7F FB FA A4 29 56 A6 45 71 62 | T:46583 RPD:1
[CH: 50] LEN: 32 | HEX: 15 51 81 81 81 83 AE E7 6E AE 36 EE D9 6F 68 98 CB FF FF F7 FF FB FD FF DF F7 FF FB 6F 6D FF F2 | T:46613 RPD:1
[CH: 50] LEN: 32 | HEX: 05 54 60 60 60 60 EB D9 DB BB 89 BB B6 5B AA 55 A6 FF FB DF F5 D7 EB 7D B7 ED CF BF BF FF FE DD | T:46643 RPD:1
[CH: 50] LEN: 32 | HEX: 15 51 81 81 81 83 AF A7 6E DE 16 CF D9 6E F6 06 7A AF F6 FF BF FF FB FF FB FF 7D BD F7 7D FD F7 | T:46673 RPD:1
[CH: 50] LEN: 32 | HEX: 05 54 60 60 60 60 EB D9 DB DB 81 B7 D6 5B FE F2 0A FE FF 7F 7E DF 7F 7B FF FF AD 97 B7 BD FF 7E | T:46703 RPD:1
[CH: 50] LEN: 32 | HEX: 05 54 60 60 60 60 EB E9 DB DB 7B 4B F6 5B F4 B6 4A FF 7E BD DB FB BF 5F D5 2A 65 99 5C 44 C9 12 | T:46733 RPD:1
[CH: 50] LEN: 32 | HEX: 05 54 60 60 60 60 EB C9 DB FB F9 CF F6 5B FE BA 36 FD FA BE FE DF EB FF FD EE FF EF BF EF 37 FB | T:46763 RPD:1
[CH: 50] LEN: 32 | HEX: 05 54 60 60 60 60 EB D9 DB FB DD DB F6 5B FB 46 7C AF FF ED DF BF F7 FF FF FF F7 AF FC FD DE BF | T:46800 RPD:1
[CH: 50] LEN: 32 | HEX: 5B 11 4B 65 52 A5 D4 32 D1 56 AE E2 D5 D5 1A AA D6 EE 9D 52 5C A8 5A 95 64 46 EE 89 53 CA CD 53 | T:46830 RPD:1
[CH: 50] LEN: 32 | HEX: 05 54 60 60 60 60 EB E9 DB D3 A5 D3 F6 5B DF E1 D2 FF DF FF 7B B6 EF FF 7E FF FF DB DD FF B7 FF | T:46860 RPD:1
[CH: 50] LEN: 32 | HEX: 05 54 60 60 60 60 EB D9 DB F3 E1 D7 F6 5B D6 92 46 BD F7 FC EF DE FE EF FF B1 5B 75 12 52 55 52 | T:46890 RPD:1
[CH: 50] LEN: 32 | HEX: 05 54 60 60 60 60 EB E9 DB FB 99 EF 6E 5B DD 25 8E FF FF F6 FF B7 EF FF BF FF BF BD 5B FD EE EF | T:46950 RPD:1
[CH: 50] LEN: 32 | HEX: 05 54 60 60 60 60 EB E9 DB FB D5 E3 F6 5B EC F1 B6 BF FF BF E7 7F BF FF F6 F7 AF DF CF FB 6B FB | T:46980 RPD:1
[CH: 50] LEN: 32 | HEX: 15 51 81 81 81 83 AF 67 6F DF 47 9F D9 6F F6 08 8B EF 7F F7 B6 DF 7B BB 6E FF 7F FA 96 9B 37 95 | T:47010 RPD:1
[CH: 50] LEN: 32 | HEX: 05 54 60 60 60 60 EB E9 DB FB CD EB F6 5B EE 59 C6 FF FF FF FE DD 77 FB EE F5 BF F7 7F FF BF EF | T:47040 RPD:1
[CH: 50] LEN: 32 | HEX: 05 54 60 60 60 60 EB C9 DB FB C9 FF 56 5B EC 2A 52 BF EF EE F7 DB FF EF DA FF EB 7D D3 FA B2 6B | T:47070 RPD:1
[CH: 50] LEN: 32 | HEX: 05 54 60 60 60 60 EB D9 DB FB BD 8B F6 5B F8 36 56 DB BF 7E DC BF BD BF C4 50 A5 33 85 2B 59 5D | T:47160 RPD:1
[CH: 50] LEN: 32 | HEX: 15 51 81 81 81 83 AF A7 6F EE E6 3B B9 6F F7 17 0B FE FE FF FF FE DF FF F7 FF FF F7 FB 7F FF FF | T:47190 RPD:1
[CH: 50] LEN: 32 | HEX: 05 54 60 60 60 60 EB D9 DB DB B5 83 D6 5B FD 91 FA EF FD FF DE FF EB FD FF DF EA A6 D6 16 4E C9 | T:47220 RPD:1
[CH: 50] LEN: 32 | HEX: 05 54 60 60 60 60 EB C9 DB FB B1 87 D6 5B FD E2 6E BB FF FE DF 77 6F FF FF FB DF EF 77 DD FA B5 | T:47250 RPD:1
[CH: 50] LEN: 32 | HEX: 23 54 A8 A4 52 8A AD 25 5A 0D 49 54 4A AB 2E 5A 89 AA 89 B5 55 A6 69 51 A9 2A CA D2 D3 23 29 2C | T:47279 RPD:1
[CH: 50] LEN: 32 | HEX: 05 54 60 60 60 60 EB C9 DB FB A9 9F D6 5B DA 4A 1E BF EE EB A5 AA D8 E3 4B 56 1D AB 11 51 91 69 | T:47310 RPD:1
[CH: 50] LEN: 32 | HEX: 05 54 60 60 60 60 EB D9 DB FB A5 93 D6 5B FF 1C 26 D7 77 DF 6F F7 BF 5A FF FF FF FE BF FE BF ED | T:47340 RPD:1
[CH: 50] LEN: 32 | HEX: 15 51 81 81 81 83 AF 27 6E FE 86 5F D9 6F A3 B6 CA FF FF 5A FB EE EE DF F2 FB FF FF BA EF FF FD | T:47370 RPD:1
[CH: 50] LEN: 32 | HEX: 05 54 60 60 60 60 EB E9 DB FB 9D AB F6 5B FD 29 EE FD FF 7E F5 65 4A AA D3 64 BA 96 DB DA F3 B3 | T:47399 RPD:1
[CH: 50] LEN: 32 | HEX: 05 54 60 60 60 60 EB E9 CF 68 02 07 F6 5B D7 0F F2 BB EF EB FD FD 7B FE EB E5 AE 45 55 A4 97 B4 | T:47604 RPD:1
[CH: 50] LEN: 32 | HEX: 05 54 60 60 60 60 EB E5 DF F7 FB F9 C2 5B EC 8C B2 FB F5 FF BF FF 7F BF 7B D7 FB F7 FE ED F7 FD | T:47636 RPD:1
[CH: 50] LEN: 32 | HEX: 6A EB 55 AB 6D 0D 1D 51 5B 5F A2 93 89 34 91 2D 1E AB 61 29 5D 49 ED 2D 5B AB 6D 52 55 69 2B 19 | T:47647 RPD:1
[CH: 50] LEN: 32 | HEX: 05 54 60 60 60 60 EB A5 DF EF D7 75 CF 5B FD 52 BA EF FF FF FB FF EF F6 F6 FB 72 BF FB FB 7E B3 | T:47662 RPD:1
[CH: 50] LEN: 32 | HEX: 29 55 50 20 01 0A 10 82 2F BA 9B A9 F5 F0 EB 2C BD 6B 43 3F AB 6F F4 DB 59 9F F6 EE DB EE A3 EF | T:47673 RPD:1
[CH: 50] LEN: 32 | HEX: 05 54 60 60 60 60 EB A5 DF 7B DB F9 C2 5B D8 8C B2 AF CF FE F7 77 FF FF FB 7D FF AF FD 7A D7 F5 | T:47688 RPD:1
[CH: 50] LEN: 32 | HEX: 05 54 60 60 60 60 EB E5 DE EB FB F9 C2 5B FA 8C B2 AF FF FE B6 BA CB 6D 7A 75 A9 54 FB 49 2A D7 | T:47706 RPD:1
[CH: 50] LEN: 32 | HEX: 05 54 60 60 60 60 EB F5 DF EB F7 F1 CE 5B FD 52 BA BE F7 EB DF 5F FF D7 F0 66 95 55 8A 64 D5 54 | T:47721 RPD:1
[CH: 50] LEN: 32 | HEX: 05 54 60 60 60 60 EB C5 DE BB EB F9 C2 5B DC 8C B2 BE FE DF FF FD 6F FE FB DF EE EF F6 F7 AB 7E | T:47736 RPD:1
[CH: 50] LEN: 32 | HEX: 45 49 AD 59 45 90 D5 B5 AC AF EA CD 2D 5B 57 5D F2 BD BE B5 54 EF AE EA 32 59 5A B5 B7 AC 5D 2A | T:47747 RPD:1
[CH: 50] LEN: 32 | HEX: 05 54 60 60 60 60 EB E5 DF EB FB F9 C2 5B FC 8C B2 FF FF 7F FF 0A 04 4A 54 14 75 4A 8B 8A 5D 64 | T:47760 RPD:1
[CH: 50] LEN: 32 | HEX: 05 54 60 60 60 60 EB C5 DF D3 F7 B9 CE 5B DC 52 BA FF FF FF BF EF BF FF FF D7 FF 7A FF FF FF 5B | T:47786 RPD:1
[CH: 50] LEN: 32 | HEX: 05 54 60 60 60 60 EB E5 DF F7 FB F9 C2 5B EC 8C B2 FB FF F7 FF DF BE FF D7 FD FF DB FF EF F7 FF | T:47806 RPD:1
[CH: 50] LEN: 32 | HEX: CA 8C 61 10 84 A8 AB D8 8D 29 D9 48 45 AA 29 10 56 A9 99 55 25 55 44 82 D2 58 A3 5B 26 B6 F3 A0 | T:47817 RPD:1
[CH: 50] LEN: 32 | HEX: 05 54 60 60 60 60 EB C5 DF 7B FB F9 C2 5B FC 8C B2 FB DF 5B FF F6 75 FB DF FE F6 DD ED BF DF B7 | T:47830 RPD:1
[CH: 50] LEN: 32 | HEX: 05 54 60 60 60 60 EB D5 DF F7 E7 F9 CE 5B FE 52 BA FE FD BF F7 75 79 6A C4 95 B5 63 50 A5 16 42 | T:47850 RPD:1
[CH: 50] LEN: 32 | HEX: 05 54 60 60 60 60 EB E5 DE FB BB D9 C2 5B D8 8C B2 FB BD BE FD 77 FF FB EB F7 BE FD FD BD DF FD | T:47870 RPD:1
[CH: 50] LEN: 32 | HEX: 05 54 60 60 60 60 EB E5 DF EB F7 D9 CE 5B FD 52 BA F7 FE BF FB FE F7 F7 EF FF FD FF 7F FF F7 FD | T:47886 RPD:1
[CH: 50] LEN: 32 | HEX: 15 51 81 81 81 83 AF 17 7D EE AF E7 09 6F 52 32 CB FF BD AF BF EF FF DF FD 55 0B BA AA EB 53 2B | T:47912 RPD:1
[CH: 50] LEN: 32 | HEX: 15 51 81 81 81 83 AF 17 77 6E DD E7 39 6E F9 4A EA FD F7 FF BE FD FF BF FF 7F FF FB 77 FF FF 5B | T:47923 RPD:1
[CH: 50] LEN: 32 | HEX: 05 54 60 60 60 60 EB D5 DF D3 D7 F9 C2 5B FA 8C B2 FD BF B7 FF 6C FF FD 7D 7D 7D 2C AD 4B 6B EE | T:47936 RPD:1
[CH: 50] LEN: 32 | HEX: 15 51 81 81 81 83 AE 97 7F AF DD D7 39 6F 71 4A EB AA AA 6D 27 6A 4A 8D 66 EA 85 9A 9A EA A6 D5 | T:47951 RPD:1
[CH: 50] LEN: 32 | HEX: 15 51 81 81 81 83 AF 57 7F EF 4F E7 09 6F EA 3A CB EF F7 EA D7 2B A0 9A 56 AA 29 A7 50 AD 1B D6 | T:47966 RPD:1
[CH: 50] LEN: 32 | HEX: 15 51 81 81 81 83 AF 57 7F AF 5F 67 39 6F 59 4A EB FD 6F BF 7F F7 9A AA EF A4 2C DA AC 8B 2D 55 | T:47981 RPD:1
[CH: 50] LEN: 32 | HEX: 15 51 81 81 81 83 AF 57 7B 4F 6E E7 09 6E EA 32 CA F7 F6 D5 FF 7F FF FF FD FD 7F FF FF EF BF BD | T:47996 RPD:1
[CH: 50] LEN: 32 | HEX: 15 51 81 81 81 83 AF 97 7F 6F DF F7 39 6F BD 4A EB FF DD AE FF 5B 7E B7 EB 77 FE F6 ED 7D BF 5B | T:48011 RPD:1
[CH: 50] LEN: 32 | HEX: 15 AD 72 D6 B6 D5 4F 13 12 B7 D6 A6 BE E8 AB 15 27 81 2D 6A AC AA 55 54 B1 2A 8A EA D5 6A F6 A5 | T:48022 RPD:1
[CH: 50] LEN: 32 | HEX: 15 51 81 81 81 83 AF 97 7F EF 5F E7 39 6F 71 4A EB F7 FF 7F FD BE FF BD EF F5 FF 9F F7 77 E0 A2 | T:48035 RPD:1
[CH: 50] LEN: 32 | HEX: 15 51 81 81 81 83 AF 57 7F AF 6F 67 09 6F EA 32 CB FF FD FF FB AC A9 52 65 6C 9A 46 2A 4D 56 75 | T:48050 RPD:1
[CH: 50] LEN: 32 | HEX: 15 51 81 81 81 83 AE 97 7B AF DF C7 39 6F 75 4A EB FF FF FE AA AA EA 74 A4 9D 4C 25 15 11 15 49 | T:48070 RPD:1
[CH: 50] LEN: 32 | HEX: 15 51 81 81 81 83 AF 97 7F 4F AE A7 09 6F B2 32 CB FF FD 7F FF EF 3F FF BF FB FF FF BF B6 F7 DF | T:48086 RPD:1
[CH: 50] LEN: 32 | HEX: 55 6A E7 6D 72 CD B6 2E 92 7B 6B BC F5 B4 B8 DB 6B AB 52 E4 06 D2 8C D9 31 54 A7 35 71 64 5B 34 | T:48097 RPD:1
[CH: 50] LEN: 32 | HEX: 15 51 81 81 81 83 AF D7 7F 4E AF A7 09 6F EA 32 CB F7 FA F7 FF 6F FB 7F FF FF FB EF EF F7 FD D7 | T:48110 RPD:1
[CH: 50] LEN: 32 | HEX: 40 62 8C AA 8A 85 16 A8 A8 80 12 8A AA 00 00 33 D7 D7 BF BF F5 CF FA FB FF AF DA FB A6 9A 82 EB | T:48121 RPD:1
[CH: 50] LEN: 32 | HEX: 15 51 81 81 81 83 AF 57 7F AF AF E7 09 6F B2 32 CA F5 DD 6F FF 7F BB EF FF FF 7E DF EE DA E5 B4 | T:48134 RPD:1
[CH: 50] LEN: 32 | HEX: 15 51 81 81 81 83 AF 97 77 EF 5E D7 39 6F F5 4A EA F7 FF C2 AC 55 5C DA 92 DA 4D 45 35 8E A9 59 | T:48148 RPD:1
[CH: 50] LEN: 32 | HEX: 15 51 81 81 81 83 AF 57 7F 6F 4F E7 09 6F 62 32 CB FF FF FD FF EF FF ED FA EB FF FF DF F7 F5 FE | T:48163 RPD:1
[CH: 50] LEN: 32 | HEX: 28 EA AA 91 59 41 8A 82 98 51 D9 91 58 95 AD 2A A5 36 58 96 34 B5 14 38 32 D5 6A B4 D6 54 95 6A | T:48175 RPD:1
[CH: 50] LEN: 32 | HEX: 15 51 81 81 81 83 AF 97 7D EF 6F 47 09 6F EA 32 CB FF FF FF FF FF FA D6 FF DF DF 5F BF FD DE FF | T:48187 RPD:1
[CH: 50] LEN: 32 | HEX: 15 51 81 81 81 83 AF 17 7F 6F 5E D7 39 6F E9 4A EB EE F7 FF EF FF BB FF AF FD DD 75 FF 7F EF FF | T:48202 RPD:1
[CH: 50] LEN: 32 | HEX: 15 51 81 81 81 83 AF 57 7B 6E AF F7 09 6E EA 32 CB FE EF DF FF FF FF EF F9 5B 84 97 27 51 AD F9 | T:48217 RPD:1
[CH: 50] LEN: 32 | HEX: 15 51 81 81 81 83 AF 17 7F DE 9F 67 39 6F 75 4A EB BF FD 7F BF FF EF BF 7F FD EE F7 FF FF F7 52 | T:48232 RPD:1
[CH: 50] LEN: 32 | HEX: 15 51 81 81 81 83 AF 57 77 6F 6F 47 09 6E B2 32 CA FB FB FF FE FE FF FF BE AA AB 57 53 7B 6F 65 | T:48264 RPD:1
[CH: 50] LEN: 32 | HEX: 29 25 50 80 45 60 00 43 3F AB 67 F7 FF EA FF F5 DF FA 9D F5 95 B7 FD 77 AB 9B 5F 59 EA DF BF EE | T:48276 RPD:1
[CH: 50] LEN: 32 | HEX: 15 51 81 81 81 83 AF 97 7F AF EF E7 09 6F F2 32 CB FE 44 88 2C A6 41 93 54 CC 92 41 4A A2 89 D7 | T:48288 RPD:1
[CH: 50] LEN: 32 | HEX: 15 51 81 81 81 83 AF 57 7F 6F DF D7 39 6F 75 4A EA FF FF FF FF EE FE FF FF 77 FB FF FF DF DF 7E | T:48303 RPD:1
[CH: 50] LEN: 32 | HEX: 6D 52 81 CC 5A 97 5E 80 95 5A 91 62 95 4C 86 50 A5 12 83 75 48 D6 AA DA EE AC 4B DE 8B A2 53 6B | T:48315 RPD:1
[CH: 50] LEN: 32 | HEX: 15 51 81 81 81 83 AF 57 77 70 00 07 19 6E E9 C5 5B EF E7 EF FB 7D FF 77 DF FD 7F 7F F7 D7 7F BF | T:48356 RPD:1
[CH: 50] LEN: 32 | HEX: 15 51 81 81 81 83 AF 86 DD E0 0F EF D9 6F B6 C9 FA FF FF AC 97 72 B8 4B 5B 74 AB 87 B3 5A 6B 69 | T:48386 RPD:1
[CH: 50] LEN: 32 | HEX: 15 51 81 81 81 83 AF 97 75 F0 00 07 19 6F F1 C5 5A DF D7 77 DB EE 7E FB 3E AB FD D6 AE B5 98 C8 | T:48656 RPD:1
[CH: 50] LEN: 32 | HEX: 15 51 81 81 81 83 AF 46 DF E0 0F 6E D9 6F 76 C9 FB EF FF DF BF FF BE FF FB FD BF FF 7F FF AF EF | T:48686 RPD:1
[CH: 50] LEN: 32 | HEX: 05 54 60 60 60 60 EB A5 DE FC 00 01 C6 5B AD 71 56 FA EA AD AA F9 51 5A 2A A9 AC AD 52 C1 30 82 | T:48955 RPD:1
[CH: 50] LEN: 32 | HEX: 05 54 60 60 60 60 EB D1 B7 AC 03 B3 F6 5B DF B2 76 BE FF FF F5 EB FD BD BF FF FD 77 FB EF 7A FF | T:48987 RPD:1
[CH: 50] LEN: 32 | HEX: 15 51 81 81 81 83 AF 17 7B F0 00 07 19 6F D1 C5 5B FF DF FF FE BB 57 F3 AF FF 7E FF FF FA FF F7 | T:49255 RPD:1
[CH: 50] LEN: 32 | HEX: 15 51 81 81 81 83 AF 86 DF D0 0F EE D9 7E F6 C9 FB EF AF FE DE FF 7D 9D DF BF F5 FE EE DF EB F5 | T:49286 RPD:1
[CH: 50] LEN: 32 | HEX: 15 51 81 81 81 83 AE A7 6E F0 08 CE D9 6E EB 07 8A FB FF 7F AE FD FE BF 5D ED 97 DB FD 7F 7B 7E | T:49490 RPD:1
[CH: 50] LEN: 32 | HEX: 64 6A 56 EB 5A AA DD F5 4D 92 A2 A6 DD 5A C9 D5 6B C5 D9 B2 96 6E 9C A7 5B 2D 1C DD 5C F5 27 5D | T:49520 RPD:1
[CH: 50] LEN: 32 | HEX: 05 54 60 60 60 60 EB E9 DB DB D5 CF D6 5B BB 3A 36 AE FD 7F DF FE 7B DF 7A BD AA AD D7 D2 54 D2 | T:49531 RPD:1
[CH: 50] LEN: 32 | HEX: 15 51 81 81 81 83 AE A7 6F DF 37 6E 99 6E F5 19 FB FA AD F6 BF AD DB 49 6D DF BA B5 5A ED 5B 6E | T:49557 RPD:1
[CH: 50] LEN: 32 | HEX: 05 54 60 60 60 60 EB E9 DB FB C9 DF D6 5B FA 35 DA AF FF FF FD DD 77 FD F6 ED FF FF FA FF FF ED | T:49587 RPD:1
[CH: 50] LEN: 32 | HEX: 15 51 81 81 81 83 AF 27 6F CF D7 4E D9 6F 7F 87 4B FF D4 66 2E D4 EA 85 5E CB 54 6B 2E 22 DE 54 | T:49617 RPD:1
[CH: 50] LEN: 32 | HEX: 15 51 81 81 81 83 AF A7 6F AF 87 5F B9 6F 72 49 1A EF 6F FF 7F FF FF F7 FD FF FE FF 7F FF FE EF | T:49647 RPD:1
[CH: 50] LEN: 32 | HEX: 05 54 60 60 60 60 EB D9 DB B7 BD CB B6 5B DE 56 1A FF BF B7 EA BE EF BE BD EF F7 FB 77 FD FD 7F | T:49677 RPD:1
[CH: 50] LEN: 32 | HEX: 15 51 81 81 81 83 AF A7 6F 6E E7 7F 59 6E E4 96 3A F7 F7 F7 F7 FF FF D6 FF FE F7 ED FF EF B5 ED | T:49707 RPD:1
[CH: 50] LEN: 32 | HEX: 15 51 81 81 81 83 AF 27 6F EF D7 4F 59 6F E3 C6 DA DE FF 7F FF FF FF F7 EF FB 7B EF FD FF BE BF | T:49737 RPD:1
[CH: 50] LEN: 32 | HEX: 05 54 60 60 60 60 EB C9 DB F7 CD FB F6 5B FD 59 C6 BF DD FF 7F FD EE EB D7 EF 6F FF DF FF BF 5F | T:49797 RPD:1
[CH: 50] LEN: 32 | HEX: 05 54 60 60 60 60 EB D9 DB F7 C9 FD F6 5B FA 2A 52 BD AA AE D4 AC FB 51 53 59 2C B1 5A DE BD AA | T:49827 RPD:1
[CH: 50] LEN: 32 | HEX: 05 54 60 60 60 60 EB E9 DB FB C5 E3 F6 5B FD FE 6A D5 EF F7 DB FF EF 6B EE F3 77 DA B2 FA ED F5 | T:49856 RPD:1
[CH: 50] LEN: 32 | HEX: 24 94 CF 68 AA 2D 24 85 63 39 05 85 59 20 21 A0 CA 0B 64 A8 94 A1 20 B5 2F 55 4A 48 E8 0A 90 11 | T:49886 RPD:1
[CH: 50] LEN: 32 | HEX: 05 54 60 60 60 60 EB E9 DB D3 B9 8B EE 5B D4 36 56 FF FF FF DF 7D FF F7 FF FF D7 FF D4 4A A0 A0 | T:49917 RPD:1
[CH: 50] LEN: 32 | HEX: 05 54 60 60 60 60 EB E9 DB DB B9 8F F6 5B AE C5 C2 F7 FB BA CB 2C A4 56 62 B2 A4 33 C6 CD 28 95 | T:49947 RPD:1
[CH: 50] LEN: 32 | HEX: 05 54 60 60 60 60 EB E9 DB FB B5 83 E6 5B FC 91 F2 DD FF F5 FE FF DD 7F EB 7F BF FF A4 5A 81 82 | T:49977 RPD:1
[CH: 50] LEN: 32 | HEX: 05 54 60 60 60 60 EB E9 DB EB B1 87 F6 5B F9 E2 6E FF FB BF FF 5E F7 C5 A2 79 14 62 93 A9 62 E5 | T:50007 RPD:1
[CH: 50] LEN: 32 | HEX: 05 54 60 60 60 60 EB E9 DB DB AD 9B F6 5B FD 39 8A AD 7F FB DE DF FD F5 2F DF 7B BE BD 76 BB AD | T:50037 RPD:1
[CH: 50] LEN: 32 | HEX: 05 54 60 60 60 60 EB E9 DB FB A9 9F 7E 5B FE 4A 1E FF BF FB FF 6A B5 5F AE 2E F3 63 54 AA B7 51 | T:50067 RPD:1
[CH: 50] LEN: 32 | HEX: 05 54 60 60 60 60 EB E9 DB FB 9D AB EE 5B FE 29 EE FF FD DD F7 AB FD FF F6 FF FD FE FF ED 61 AB | T:50157 RPD:1
[CH: 50] LEN: 32 | HEX: 05 54 60 60 60 60 EB C9 DB EB 99 AE B6 5B FD 5A 7A ED FD FD 7F EE DB FD BD 7D DF FE AE B4 AA A5 | T:50187 RPD:1
[CH: 50] LEN: 32 | HEX: 05 54 60 60 60 60 EB C9 DB FB 95 A3 F6 5B DC 8E 42 AF FF FB B6 F3 FF D7 BB FE AA BF EB FF DB 7A | T:50217 RPD:1
[CH: 50] LEN: 32 | HEX: 05 54 60 60 60 60 EB A9 DB FB 91 A7 F6 5B DA FD D6 FF FB FD FF DF 5F DF FF 5F DF 6F FF BF 6F FF | T:50246 RPD:1
[CH: 50] LEN: 32 | HEX: 05 54 60 60 60 60 EB E9 DB FB 8D BB F6 5B DF 26 32 ED BD FF FE FD F1 53 56 42 12 D4 B6 81 A5 2D | T:50276 RPD:1
[CH: 50] LEN: 32 | HEX: 05 54 60 60 60 60 EB E9 DB FB 89 BE DE 5B FC 55 A6 FE FB FB F7 CB F7 FF ED EF 59 B7 5D 92 84 AD | T:50306 RPD:1
[CH: 50] LEN: 32 | HEX: 05 54 60 60 60 60 EB C9 DB D7 85 B3 F6 5B FD 81 9E FD FF B7 BB 7F F9 14 4C EA 3D 4B AA A3 4D 13 | T:50336 RPD:1
[CH: 50] LEN: 32 | HEX: 05 54 60 60 60 60 EB E9 DB FB 81 B7 F6 5B FE F2 0A BE AB FF EF FF FF EF DF 7B EF DF FF F5 44 AD | T:50366 RPD:1
[CH: 50] LEN: 32 | HEX: 05 54 60 60 60 60 EB E9 DB EB 7D 4B AE 5B F8 B6 4A FD EF FF FF FD 7B EA EB DF FF DF 7F FA AD 5D | T:50396 RPD:1
[CH: 50] LEN: 32 | HEX: 05 54 60 60 60 60 EB E9 DB FB D9 CF B6 5B DF 3A 36 F6 F3 BD BA FE F7 FB FB FD 50 FA A9 6A 95 AD | T:50426 RPD:1
[CH: 50] LEN: 32 | HEX: 05 54 60 60 60 60 EB E9 DB F7 CD DB EE 5B D5 46 7A BF F7 75 7F DD BF DB FF 6F FF BF FE FA DD 7B | T:50464 RPD:1
[CH: 50] LEN: 32 | HEX: 05 54 60 60 60 60 EB E9 DB DB E9 DF EE 5B FD 35 EA EF DF FF 7A AA 59 AD CA D2 9B 69 AC BC E4 AA | T:50494 RPD:1
[CH: 50] LEN: 32 | HEX: 05 54 60 60 60 60 EB E9 DB DB C1 D7 F6 5B FC 92 46 FF 2A 5A 2A AD A8 99 2A 6E E9 91 4A AC A2 A5 | T:50554 RPD:1
[CH: 50] LEN: 32 | HEX: 05 54 60 60 60 60 EB C9 DB FB D9 EF E6 5B FD 25 8E FF FE FF FF AF EF EF 7F 7F FF F7 76 FA EF BF | T:50614 RPD:1
[CH: 50] LEN: 32 | HEX: 05 54 60 60 60 60 EB E9 DB DB 95 C3 56 5B 54 C1 B6 BB EB 7D ED DA FF 6F BA DF 57 F7 FC 9A 36 E5 | T:50644 RPD:1
[CH: 50] LEN: 32 | HEX: 05 54 60 60 60 60 EB E9 DB FA 91 E7 F6 5B F7 02 22 FE F5 F7 3F 55 F7 ED FB 5D 72 AA AD D7 4A EE | T:50674 RPD:1
[CH: 50] LEN: 32 | HEX: 05 54 60 60 60 60 EB C9 DB FB CD FB F6 5B DF 59 C6 F7 FF DF F5 57 EA 84 ED AA 49 46 A8 A8 EB 45 | T:50704 RPD:1
[CH: 50] LEN: 32 | HEX: 05 54 60 60 60 60 EB E9 DB FB C9 FE B6 5B FC 2A 52 FF FF EF BF 72 F5 EB 77 F7 5D 6B BF F7 7A CD | T:50734 RPD:1
[CH: 50] LEN: 32 | HEX: 05 54 60 60 60 60 EB C9 DB FB C1 F7 F6 5B F4 8D EE F7 FF FE EA B8 55 64 62 92 AA 6D 33 54 A0 6A | T:50794 RPD:1
[CH: 50] LEN: 32 | HEX: 05 54 60 60 60 60 EB E9 DB F3 BD 8B F6 5B EC 36 56 FB BF BD D6 D9 7A D2 3B 12 E9 37 D7 A5 AE 5B | T:50824 RPD:1
[CH: 50] LEN: 32 | HEX: 05 54 60 60 60 60 EB E9 DB FB B9 8F F6 5B FF 45 C2 BA EB 2E EA AE 51 51 A3 0A 2D A9 DB 5B 12 5A | T:50854 RPD:1
[CH: 50] LEN: 32 | HEX: 05 54 60 60 60 60 EB C9 DB FB B5 83 DE 5B FD 91 EA DF FF 7F FF FF FF FF EF FB 77 FD EF F6 69 52 | T:50884 RPD:1
[CH: 50] LEN: 32 | HEX: 05 54 60 60 60 60 EB E9 DB F7 AD 9B D6 5B ED 39 8A BF FF FB DF FA FF FD F9 FE BF FB DF F7 EF FA | T:50944 RPD:1
[CH: 50] LEN: 32 | HEX: 05 54 60 60 60 60 EB E9 EF F4 02 07 F6 5B DD 0F 72 FD FE FF F7 FD F7 DF 7D FF 7F AB FB EF FF 7E | T:51159 RPD:1
[CH: 50] LEN: 32 | HEX: 0A B2 AA AC A5 C2 55 55 20 8A 25 54 2D 98 24 A8 D4 A8 A8 96 D2 85 48 A9 8A AD 56 B5 AB 4D 2A 00 | T:51190 RPD:1
[CH: 50] LEN: 32 | HEX: 05 54 60 60 60 60 EB E5 DF D3 EB F9 C2 5B FC 8C B2 FF FF EF EF EB 5F D5 7D CA 0C D4 A5 46 AA AD | T:51202 RPD:1
[CH: 50] LEN: 32 | HEX: 05 54 60 60 60 60 EB C5 DE EB EF FD CE 5B FA 52 BA FF 7F FD 7E FF F7 FC FB D7 FA 64 35 52 B5 2A | T:51217 RPD:1
[CH: 50] LEN: 32 | HEX: 05 54 60 60 60 60 EB C5 DF F7 DB F9 C2 5B DC 8C B2 FF BF EF FF 7A DF FF FF ED FE FB 55 5A B5 EF | T:51232 RPD:1
[CH: 50] LEN: 32 | HEX: 9F 77 FD DA 6B A6 DB 36 53 EA FA D6 A5 DC BE F4 DE B7 DF 75 5F 5C B5 DD 56 AA AB 4B A4 5D AB 1B | T:51243 RPD:1
[CH: 50] LEN: 32 | HEX: 05 54 60 60 60 60 EB A5 DF EB BB F9 C2 5B FA 8C B2 BF FF FE FD BF F3 7D FF BF EA FF FD FF AC AF | T:51256 RPD:1
[CH: 50] LEN: 32 | HEX: 29 D5 44 8A 9A C6 D5 25 54 55 25 6A 56 A5 12 A6 95 52 E6 95 D6 5A 52 A0 A3 6B 05 D6 21 55 AF 7B | T:51267 RPD:1
[CH: 50] LEN: 32 | HEX: 05 54 60 60 60 60 EB E5 DF EB FB F9 C2 5B DC 8C B2 FF FF FF FF DF 5F FF DE FF FB EF BF FD FF FD | T:51280 RPD:1
[CH: 50] LEN: 32 | HEX: 54 29 0A 15 54 6B BD 5D 51 63 1B A5 AA B9 F0 7A D9 5A A3 5A 2D 4C 96 DA A5 E7 57 ED 0D 6F 46 AD | T:51291 RPD:1
[CH: 50] LEN: 32 | HEX: 05 54 60 60 60 60 EB E5 DF EB FF F9 C2 5B FE 8C B2 BD DF FF 3F BB 6E F7 FA EB DD 7E FE FF DF 7F | T:51304 RPD:1
[CH: 50] LEN: 32 | HEX: 05 54 60 60 60 60 EB C5 DD DB F7 D9 C2 5B F4 8C B2 FF B7 FD 6F DA EF BF 57 FF 6D FA DF FA AE FF | T:51322 RPD:1
[CH: 50] LEN: 32 | HEX: 05 54 60 60 60 60 EB E5 DF D3 F7 D9 C2 5B B8 8C B2 BA FF 77 F7 FF EF BF F5 DB F7 DB D7 9E EF DB | T:51340 RPD:1
[CH: 50] LEN: 32 | HEX: AD 25 53 6D 24 F5 6A B5 3A 7F 5E AC 72 6B 09 D7 95 AA B4 11 4B 15 44 44 A9 12 4A 16 CA A0 8B 49 | T:51351 RPD:1
[CH: 50] LEN: 32 | HEX: 05 54 60 60 60 60 EB D5 DD DB DB B9 C2 5B FE 8C B2 FF AA A5 5B 54 4A 15 69 B5 12 39 22 D2 29 A5 | T:51364 RPD:1
[CH: 50] LEN: 32 | HEX: 64 94 65 2D 51 55 95 1A D4 21 44 55 D2 8D A4 B6 D5 51 B4 94 90 02 49 01 05 D5 A5 96 AB 4A 62 45 | T:51379 RPD:1
[CH: 50] LEN: 32 | HEX: 00 00 15 51 81 81 81 83 AF D7 76 EE 9D D7 39 6F F1 4A EB FF FF B7 7D 7F F7 DE FB BF FF FD FF BD | T:51391 RPD:1
[CH: 50] LEN: 32 | HEX: 15 51 81 81 81 83 AE 97 77 EF 6E D7 09 6F EA 32 CB FF 7E FD BF FF 6A DF 7B BB BF FD 7F F6 F7 FB | T:51406 RPD:1
[CH: 50] LEN: 32 | HEX: 05 54 60 60 60 60 EB C5 DF DB F7 79 CE 5B FE 52 BA FF 55 A8 ED 68 9B 5D A2 D0 5B B6 8D 77 51 36 | T:51421 RPD:1
[CH: 50] LEN: 32 | HEX: 15 51 81 81 81 83 AF 57 77 6F EF F7 09 6F 7A 32 DB FB 7F DB FF DD AF DD 6F FE EF FF F7 B7 F4 FF | T:51436 RPD:1
[CH: 50] LEN: 32 | HEX: 05 54 60 60 60 60 EB D5 DF DB F7 F5 CE 5B BC 52 BA BF 77 FF 7B FE FD DD BF FB AE FB EF FD FD FD | T:51451 RPD:1
[CH: 50] LEN: 32 | HEX: 05 54 60 60 60 60 EB D5 DD AB FB D9 C2 5B F4 8C B2 FF DF FF FE FF DB DF BD F7 AE FF FD DB CD 7A | T:51466 RPD:1
[CH: 50] LEN: 32 | HEX: AA 9A EA 6C 35 AB CC EB 92 6A 6B BB 6D 55 78 B4 35 4E BC 53 12 AA B3 D6 5A BB 2E D5 BE B7 9D AE | T:51477 RPD:1
[CH: 50] LEN: 32 | HEX: 05 54 60 60 60 60 EB E5 DF DB F7 79 CE 5B FA 52 B2 FE 22 28 8E 60 09 08 14 A2 E2 CA 95 29 65 20 | T:51493 RPD:1
[CH: 50] LEN: 32 | HEX: 05 54 60 60 60 60 EB D5 DD DB F7 71 CE 5B AA 52 BA F5 F5 8B 8D 33 6E F4 A8 A5 BB 69 66 96 F4 AA | T:51511 RPD:1
[CH: 50] LEN: 32 | HEX: 74 AD 82 B5 4D 4B 6B 52 DC 52 4D 4B 4D 65 65 55 6C AA AA B1 45 A2 AA D4 52 95 6B 32 15 24 9A 87 | T:51522 RPD:1
[CH: 50] LEN: 32 | HEX: 15 51 81 81 81 83 AE 97 7F AF DD D7 35 6E F9 4A EB FF F7 F5 F3 FE FF DF FB FD FF BF BF DE EF F7 | T:51535 RPD:1
[CH: 50] LEN: 32 | HEX: 05 54 60 60 60 60 EB A5 DE EB F7 75 CE 5B FA 52 BA FF BE FF FF ED FF FF 74 5F DF FF 6B FF 7F FF | T:51553 RPD:1
[CH: 50] LEN: 32 | HEX: 05 54 60 60 60 60 EB D5 DF DB D3 D9 C2 5B B4 8C B2 FF EF FA FE FA FB 5F FF 7B EF FF AD FF FE ED | T:51568 RPD:1
[CH: 50] LEN: 32 | HEX: 5E 46 BB 6E 22 6A DD 5A A7 2A A5 6B BA D4 5E B4 D5 55 AA 4C AC B5 AC B5 EB B5 3E B2 9D 72 BC 5D | T:51580 RPD:1
[CH: 50] LEN: 32 | HEX: AF BF 7F F7 EF EF EF B7 FD 4D AB 00 2A 80 00 02 AA 30 30 30 30 75 D2 EF 7D DB D4 E1 2D FB 46 59 | T:51591 RPD:1
[CH: 50] LEN: 32 | HEX: 55 09 21 2A 12 48 AA 4A 29 25 51 5A 94 D1 55 4B 29 90 A2 A4 90 64 1A 2A 45 D1 65 54 00 02 A8 00 | T:51604 RPD:1
[CH: 50] LEN: 32 | HEX: 05 54 60 60 60 60 EB D5 DF EB FF F9 C2 5B FA 8C B2 BD FE FF AE EF BF EF FB FF 7D F7 F2 85 13 CC | T:51616 RPD:1
[CH: 50] LEN: 32 | HEX: 2A 95 55 50 A9 48 CF AF EF 7E FF B7 FF EB 7F BF DF BD EF 7F B7 AA DB 6B 6E 9F 77 F6 FE BF FE F5 | T:51627 RPD:1
[CH: 50] LEN: 32 | HEX: 05 54 60 60 60 60 EB E5 DF EB F3 F5 C2 5B FC 8C B2 FF EF F2 96 D6 FA E5 6A 8D 56 AB 24 DD 54 5E | T:51640 RPD:1
[CH: 50] LEN: 32 | HEX: 84 AF AB 57 D1 61 5A D2 79 22 DA 8A 55 24 96 92 73 57 D3 64 AF AC 6A 75 56 2F 5A BE 72 DB 99 AD | T:51651 RPD:1
[CH: 50] LEN: 32 | HEX: 05 54 60 60 60 60 EB E5 DF EF FB F9 C2 5B DC 8C B2 BB FF DF F5 BF DD EF 77 FD F9 DF F6 DA D1 DD | T:51664 RPD:1
[CH: 50] LEN: 32 | HEX: 05 54 60 60 60 60 EB D5 DE EB F3 D9 C2 5B FA 8C B2 B7 FF FF FF EF FD EF FD 7F F7 6A FD DD FF FE | T:51682 RPD:1
[CH: 50] LEN: 32 | HEX: 05 54 60 60 60 60 EB A5 DE D3 D7 D9 CE 5B FE 52 BA FE B3 EE BB AF EE F5 AD F2 47 6B 5A A4 AD 75 | T:51697 RPD:1
[CH: 50] LEN: 32 | HEX: 05 54 60 60 60 60 EB E5 DF D3 DB B9 C2 5B DC 8C B2 FF DF 74 AF 4D 25 5D A6 AA B1 AB A2 6D AB 2C | T:51712 RPD:1
[CH: 50] LEN: 32 | HEX: DF AA E5 AD 6A FB B5 53 B4 BC AD 2A C7 96 75 9A EE 98 96 92 97 6B 5A 1A 6A 12 1B 51 C0 D0 24 00 | T:51723 RPD:1
[CH: 50] LEN: 32 | HEX: 05 54 60 60 60 60 EB F5 DF D3 BB F9 C2 5B EC 8C B2 D5 DE EF FF FF EB FF FE FF FF 37 BF D5 18 6D | T:51736 RPD:1
[CH: 50] LEN: 32 | HEX: 05 54 60 60 60 60 EB E5 DE EB F7 F5 CE 5B FC 52 BA BA D5 89 1E 6B A1 1C 35 25 CC 47 6A 9C 4D 54 | T:51751 RPD:1
[CH: 50] LEN: 32 | HEX: C0 A2 90 29 BE D9 89 BA 8B 95 92 D7 2A 13 66 D9 F2 57 85 BB 54 9A 7A 56 A7 95 28 31 04 8B F6 97 | T:51762 RPD:1
[CH: 50] LEN: 32 | HEX: 05 54 60 60 60 60 EB D5 DF D4 00 01 C6 5B DE 71 56 AF 7B BF F5 BF 76 FF B9 BF AF EE FF FD DE FE | T:51797 RPD:1
[CH: 50] LEN: 32 | HEX: 05 54 60 60 60 60 EB E1 B7 F4 03 DB F6 5B F7 B2 7A EF 5F FF 7E DF FB 7E FF FF F7 DE F7 6E A8 92 | T:51828 RPD:1
[CH: 50] LEN: 32 | HEX: 05 54 60 60 60 60 EB D5 DE DC 00 01 C6 5B FA 71 56 BF FB FE BB FF F7 F5 B3 FD FE EF FB FF F5 BF | T:52097 RPD:1
[CH: 50] LEN: 32 | HEX: 05 54 60 60 60 60 EB D1 B7 BC 03 FB F6 5B FB B2 7C BB DF FF DF 77 CF F7 FF BD FA FA FB DF FB FF | T:52127 RPD:1
[CH: 50] LEN: 32 | HEX: 05 54 60 60 60 60 EB D5 DD EC 00 01 C6 5B BA 71 56 BD FF 7F FF FD FF 77 FE FF FF DF FF 7F FF FF | T:52397 RPD:1
[CH: 50] LEN: 32 | HEX: 29 95 54 91 42 12 AB 75 58 29 10 55 C4 52 92 CA 9D AA 68 C7 59 6A B4 B2 15 4A 8D 21 02 2A A0 15 | T:52427 RPD:1
[CH: 50] LEN: 32 | HEX: 05 54 60 60 60 60 EB C5 DE FC 00 01 C6 5B FA 71 56 BF FF CD DB 7F FD FF EA DA A5 EA 34 6D 3A 4C | T:52696 RPD:1
[CH: 50] LEN: 32 | HEX: 05 54 60 60 60 60 EB D1 B7 BC 03 DB F6 5B DB B2 7E FF FF BC FB FF FF DF FF EF FD FF FF FF FB F6 | T:52727 RPD:1
[CH: 50] LEN: 32 | HEX: 05 54 60 60 60 60 EB D5 DE FC 00 01 C6 5B DD 71 56 F7 EF FF 7E F7 FF E1 22 8A BB 6C BB 59 AA A4 | T:52996 RPD:1
[CH: 50] LEN: 32 | HEX: 05 54 60 60 60 60 EB D5 DD DC 00 01 C6 5B DC 71 56 BF FD FF 7D DD F6 FF FD D3 FF FF FF 77 FF FF | T:53021 RPD:1
[CH: 50] LEN: 32 | HEX: 05 54 60 60 60 60 EB F1 B7 B8 03 FB E6 5B FB B2 7A FF FF FF FF 7F FE F8 D1 4A A0 52 94 B7 52 95 | T:53052 RPD:1
[CH: 50] LEN: 32 | HEX: 05 54 60 60 60 60 EB D9 DB DC 02 33 F6 5B FE C1 C2 BA FF BD EF 75 E5 AD 53 6A FD F6 2D 55 DA C3 | T:53083 RPD:1
[CH: 50] LEN: 32 | HEX: 05 54 60 60 60 60 EB A9 DB DB D9 CE EE 5B DD 3A 36 AF FE FD DF EB BF BD F7 EF F3 A4 AD 04 9D 8A | T:53114 RPD:1
[CH: 50] LEN: 32 | HEX: 4D 8B 5B 29 1A 96 F2 AC 56 43 29 55 2C CD 29 51 2E 00 A0 89 14 AB 45 51 AC 93 50 28 09 42 50 A5 | T:53125 RPD:1
[CH: 50] LEN: 32 | HEX: 05 54 60 60 60 60 EB D9 DB F7 BD DB F6 5B FD 46 7E BF 77 FD FE FE BE FB FE E9 4C E9 0E B4 AC 92 | T:53150 RPD:1
[CH: 50] LEN: 32 | HEX: 05 54 60 60 60 60 EB D9 DB F3 E9 DF D6 5B BE 35 CA BB BD D3 D6 AE DE 57 6E B6 E5 EA FD 04 CC 86 | T:53180 RPD:1
[CH: 50] LEN: 32 | HEX: 05 54 60 60 60 60 EB E9 DB AB A1 D7 F6 5B FA 92 46 BB FF DF 5E FF EE F7 7C FF BF FF DF 6D EF 7B | T:53240 RPD:1
[CH: 50] LEN: 32 | HEX: D2 5A 64 AC 75 55 2A CA 46 D6 D5 53 2B 56 BA 49 FC AF 45 C5 35 4A AD 29 6A 35 35 6A 69 65 00 20 | T:53270 RPD:1
[CH: 50] LEN: 32 | HEX: 05 54 60 60 60 60 EB C9 DB DB D9 DE D6 5B F5 25 8E AB FF FD ED FA E7 FB FF FF F7 7B DF FD FE FB | T:53300 RPD:1
[CH: 50] LEN: 32 | HEX: 05 54 60 60 60 60 EB E9 DB DB D5 C3 F6 5B FA F1 B6 F7 77 FF EF FF FF FB EB 5F F7 6B FB 7F FD FF | T:53330 RPD:1
[CH: 50] LEN: 32 | HEX: 05 54 60 60 60 60 EB D9 DB FB 91 E7 76 5B BF 82 22 BF 7A FB F7 FF EF FB F5 B7 FF EF FF BE 7D 77 | T:53360 RPD:1
[CH: 50] LEN: 32 | HEX: 05 54 60 60 60 60 EB A9 DB DB 8D EB F6 5B DF 59 C6 FF BE F5 7B BF FA BF FF FF D7 9F BB FF FF F7 | T:53390 RPD:1
[CH: 50] LEN: 32 | HEX: 05 54 60 60 60 60 EB E9 DB DB C9 FF 76 5B FE 2A 52 FA FF DB DA 9F 6F 7E BA DA AD 76 BB EB DA D5 | T:53420 RPD:1
[CH: 50] LEN: 32 | HEX: 05 54 60 60 60 60 EB E9 DB FB C5 F3 F6 5B FD FA 6A FF DF FB 7D DF F7 FD FF FE EF 2D AB 4D 49 5A | T:53450 RPD:1
[CH: 50] LEN: 32 | HEX: 15 51 81 81 81 83 AF 27 6F 6E F6 2F 59 6F 70 D9 5B F7 FF EF EF FF DF FF DB F7 EA F6 FB BE AF BD | T:53510 RPD:1
[CH: 50] LEN: 32 | HEX: 05 54 60 60 60 60 EB C9 DB FB B9 8F B6 5B ED 45 C2 FF F7 7F AE FB FF F7 FD FB E8 FB FA 95 25 9A | T:53540 RPD:1
[CH: 50] LEN: 32 | HEX: 05 54 60 60 60 60 EB E9 DB FB B5 83 F6 5B FD 91 F2 FF FF ED F7 7F 77 FF B7 7F FF DF BE FA 97 A5 | T:53570 RPD:1
[CH: 50] LEN: 32 | HEX: 05 54 60 60 60 60 EB E9 DB D3 B1 87 76 5B FB E2 6F FD FF DD FF EF FE FA FD 77 F7 7E FF BD DA EF | T:53600 RPD:1
[CH: 50] LEN: 32 | HEX: 05 54 60 60 60 60 EB A9 DB FB AD 9B B6 5B FD 39 8A BE FD EE 1B 2B D2 F4 6E BA 5A C4 AF AB B7 BB | T:53630 RPD:1
[CH: 50] LEN: 32 | HEX: 05 54 60 60 60 60 EB E9 DB FB A5 93 D6 5B FB 9E 26 FF FB FF FD BF FB EF 5F FD FD F7 6F FF F7 FB | T:53690 RPD:1
[CH: 50] LEN: 32 | HEX: 05 54 60 60 60 60 EB E9 DB AB 9D AB F6 5B FE 29 EF BF BE FF FB EF EB FA 8A 22 AA 8A AA B6 A0 54 | T:53750 RPD:1
[CH: 50] LEN: 32 | HEX: 05 54 60 60 60 60 EB C9 DB DB 99 AF F6 5B FB 5A 7A F7 FD FF EE FF FF 5F FF FF EB DF 7F DE FD 5F | T:53780 RPD:1
[CH: 50] LEN: 32 | HEX: 05 54 60 60 60 60 EB C9 DB FB D5 A3 A6 5B A8 8E 42 AD FE B6 BF B6 DA BF AF AB 6E EB 7C AF 6A 5B | T:53809 RPD:1
[CH: 50] LEN: 32 | HEX: 05 54 60 60 60 60 EB E9 DB FB 91 A7 D6 5B FD FB D6 FF DF FF EE FF FF FF ED F7 7F FE FB B9 5F 7F | T:53839 RPD:1
[CH: 50] LEN: 32 | HEX: 05 54 60 60 60 60 EB E9 DB EB 8D BB F6 5B FA 26 32 EF 5F FF BD BE EE FA 2A DB BD B1 9A D2 6A D6 | T:53869 RPD:1
[CH: 50] LEN: 32 | HEX: 6D 31 70 D8 49 55 6D 76 2D D5 59 15 64 06 96 AB 96 AF 4F 1A AE 89 56 D6 2D A2 B9 9A 56 D0 68 10 | T:53899 RPD:1
[CH: 50] LEN: 32 | HEX: 05 54 60 60 60 60 EB A9 DB FB 81 B7 E6 5B FD F2 0A F5 77 DC EF D5 B7 FD BD DF 6E FF FF FF BB 7D | T:53959 RPD:1
[CH: 50] LEN: 32 | HEX: 05 54 60 60 60 60 EB E9 DB DB E9 CF F6 5B FF 3A 36 EF FF FE FF FF AD FF F7 ED BD DD FE FF DF BF | T:54019 RPD:1
[CH: 50] LEN: 32 | HEX: 6D A6 9D 9D 08 6D 4A 54 F2 95 D4 D4 51 2A 67 6E 55 BE B6 FA 42 D4 D6 57 BA 55 B5 48 01 50 00 00 | T:54056 RPD:1
[CH: 50] LEN: 32 | HEX: 05 54 60 60 60 60 EB C9 DB D7 C9 DF F6 5B FE 35 EA F6 DD FF EB FB EE EF 6F FB EF FD BF 7F D3 A4 | T:54086 RPD:1
[CH: 50] LEN: 32 | HEX: 01 55 18 18 18 18 3A FA 76 FE F0 75 FD 96 FF 24 91 BE DF FA BF 7F FF D7 FD 2C ED 4B 4D 5A 85 46 | T:54146 RPD:1
[CH: 50] LEN: 32 | HEX: 01 55 18 18 18 18 3A FA 76 FE F7 7A FB 96 FF 15 86 AB F6 ED D7 E9 65 52 CB 6B 6D AA 89 57 56 EE | T:54176 RPD:1
[CH: 50] LEN: 32 | HEX: 01 55 18 18 18 18 3A FA 76 FE F6 7B E9 96 F6 49 63 B6 B6 75 96 B5 1E AE B4 F7 6D 55 62 31 56 AA | T:54206 RPD:1
[CH: 50] LEN: 32 | HEX: 01 55 18 18 18 18 3A FA 76 FE F5 78 FD 96 EF 3C 6D AF EE BF FF AF AD B7 FF 7F DF FF F5 BE BF EB | T:54236 RPD:1
[CH: 50] LEN: 32 | HEX: 01 55 18 18 18 18 3A FA 76 FE F4 79 FD 96 FF D0 88 AB 77 BF FF 5F EF DF ED DF 55 67 9A BA AD AB | T:54266 RPD:1
[CH: 50] LEN: 32 | HEX: 01 55 18 18 18 18 3A FA 76 FE F3 7C FB 96 FF 76 71 AF FB FF 5A F7 FD D7 FB DF FF FF FF D7 FE FF | T:54296 RPD:1
[CH: 50] LEN: 32 | HEX: 05 54 60 60 60 60 EB E9 EF F4 02 07 F6 5B FE CF 72 FF FD AA C9 9B A4 C1 B5 52 AA 91 48 25 69 55 | T:54521 RPD:1
[CH: 50] LEN: 32 | HEX: 05 54 60 60 60 60 EB E5 DE F7 EF D9 CE 5B FE 52 BA FD FD AF FE E9 25 B9 A3 52 57 EC DA 4C EA 92 | T:54571 RPD:1
[CH: 50] LEN: 32 | HEX: 05 54 60 60 60 60 EB E5 DF 7B F7 B9 CE 5B FD 52 BA FE A9 DB 55 49 52 AA 85 4D 2A 82 A9 A2 A6 05 | T:54589 RPD:1
[CH: 50] LEN: 32 | HEX: 50 5C AA 45 B5 AA D5 56 99 7A 96 EA 95 59 35 72 AA 4A F5 6B 55 57 35 2A 15 2D 55 24 55 21 00 AA | T:54612 RPD:1
[CH: 50] LEN: 32 | HEX: 05 54 60 60 60 60 EB B5 DF EF FB F9 C2 5B FC 8C B2 FE F5 BF 6B BF 7F D5 7E FF FF ED EF EA 53 45 | T:54633 RPD:1
[CH: 50] LEN: 32 | HEX: 60 52 8A 8A 8F E5 DF FB FB D5 4A 95 54 45 18 23 FD 77 EF EE D7 55 12 B5 6B 75 B7 4B 55 E9 A7 4A | T:54644 RPD:1
[CH: 50] LEN: 32 | HEX: 00 02 14 04 2C 80 00 88 00 01 00 40 18 81 10 00 01 02 14 20 05 00 40 20 01 00 60 29 42 00 01 90 | T:54656 RPD:1
[CH: 50] LEN: 32 | HEX: 05 54 60 60 60 60 EB C5 DD DB B3 D9 C2 5B DC 8C B2 FF 7F BF FB 7F FE B7 E5 AE E3 AC D6 60 A3 2A | T:54667 RPD:1
[CH: 50] LEN: 32 | HEX: 05 54 60 60 60 60 EB C5 DE F7 E7 F9 CE 5B FD 52 BA EF FD 75 7F 7F 6F FF FF FF FF 7E FF BF F7 EF | T:54688 RPD:1
[CH: 50] LEN: 32 | HEX: 05 54 60 60 60 60 EB E5 DE D3 F7 D9 CE 5B FD 52 BA FF DF FF FB FD FF 7E F5 52 6B 73 26 B5 6F 45 | T:54712 RPD:1
[CH: 50] LEN: 32 | HEX: 05 54 60 60 60 60 EB E5 DF EB F7 D9 CE 5B DE 52 BA BF F7 FB FA FF EF FF BB FB FE DF FF FF 7E EF | T:54741 RPD:1
[CH: 50] LEN: 32 | HEX: 05 54 60 60 60 60 EB C5 DF F7 FB D9 C2 5B FC 8C B2 BB EF FF BF FF DF EF 7F D7 BF FF 77 DD FF 7F | T:54756 RPD:1
[CH: 50] LEN: 32 | HEX: 05 54 60 60 60 60 EB D5 DF B7 E7 F9 CE 5B FF 52 BA BF ED FF ED FB FB 7F AF FF EF FF EF FE FB BF | T:54776 RPD:1
[CH: 50] LEN: 32 | HEX: 05 54 60 60 60 60 EB A5 DF E7 D3 F9 C2 5B DC 8C B2 FF EF FF EF DF DD D3 DF F6 FF AD BF AF FB DF | T:54791 RPD:1
[CH: 50] LEN: 32 | HEX: 05 54 60 60 60 60 EB E5 DF EB F7 F9 CE 5B FD 52 BA FF BB D7 76 F7 DD FD BD 5D FF 7F 75 7E D7 FB | T:54811 RPD:1
[CH: 50] LEN: 32 | HEX: 05 54 60 60 60 60 EB B5 DD DB F7 75 CE 5B FA 52 BA F7 FF FF BD BA F5 FB DF EF F7 FB FF D4 AF FF | T:54834 RPD:1
[CH: 50] LEN: 32 | HEX: 05 54 60 60 60 60 EB E5 DF F7 FB F9 C2 5B D8 8C B2 FB FF EF FF 76 D7 7F ED FE FB FF BF DE FF FF | T:54855 RPD:1
[CH: 50] LEN: 32 | HEX: 40 62 8C EA 8F 45 55 52 82 15 48 00 54 44 04 23 AE F7 B7 CF D5 B6 BF EB 4B EF 6F 53 AF C8 F7 B5 | T:54866 RPD:1
[CH: 50] LEN: 32 | HEX: 05 54 60 60 60 60 EB E5 DE DB FB F1 C2 5B FA 8C B2 F7 BD BF BA FB FF FB BD F7 EE F6 BF DF FE B6 | T:54879 RPD:1
[CH: 50] LEN: 32 | HEX: DB 5A B6 56 C5 AA EB 15 E4 D6 A6 AB 52 D5 54 A7 5A AD 8A 57 3B 75 65 B2 ED A6 53 B1 55 4A AA 43 | T:54891 RPD:1
[CH: 50] LEN: 32 | HEX: 05 54 60 60 60 60 EB E5 DE EB DF D9 C2 5B EC 8C B2 B7 EF FF DD FD F7 EF 7F BE BF 75 75 7D 32 B5 | T:54903 RPD:1
[CH: 50] LEN: 32 | HEX: 05 54 60 60 60 60 EB E5 DF D3 F7 F9 CE 5B FD 52 BA FF FB FF 7F FF 7F BF 7E FF FB 7F FF EF EE EB | T:54918 RPD:1
[CH: 50] LEN: 32 | HEX: 05 54 60 60 60 60 EB E5 DF 73 FB B9 C2 5B D8 8C B2 DF BF DF FB EF FD FF FF DA DF BF 7F FF 6B EB | T:54929 RPD:1
[CH: 50] LEN: 32 | HEX: 05 54 60 60 60 60 EB E5 DE EB FB F5 C2 5B DC 8C B2 FD F7 FB FF 7F EE F5 FF FF 7E FE ED B6 FA FB | T:54945 RPD:1
[CH: 50] LEN: 32 | HEX: 15 51 81 81 81 83 AF 57 7F AF DF 47 39 6F F5 4A EB AF FF 7D FD 6F EB F7 FE D7 FE FF FF FF FF 7F | T:54960 RPD:1
[CH: 50] LEN: 32 | HEX: 05 54 60 60 60 60 EB A5 DD FB D7 69 CE 5B DA 52 BA FD DE FB 7E 77 FF FE C5 25 36 28 DB 79 2B 91 | T:54978 RPD:1
[CH: 50] LEN: 32 | HEX: 56 64 2A DA D5 55 52 95 52 94 B1 24 4B 12 B5 92 69 4A 66 C8 2A A6 36 C5 40 A5 AA 11 A5 18 5A 26 | T:54989 RPD:1
[CH: 50] LEN: 32 | HEX: 15 51 81 81 81 83 AF 57 7F 4F CF E7 09 6F EA 32 CB EB FF F7 FF DE FF FD 55 FF FE FF BF A2 EA A0 | T:55005 RPD:1
[CH: 50] LEN: 32 | HEX: 05 54 60 60 60 60 EB A5 DD DB B7 75 CE 5B DE 52 BA FB DF FF FB BB FF E7 FF 7F FF FA F7 F6 B7 F9 | T:55020 RPD:1
[CH: 50] LEN: 32 | HEX: 15 51 81 81 81 83 AE 97 7F AF EF E7 09 6F EA 32 CB FF FF F7 FF FE AF FF FF 56 AF 39 AA A5 68 95 | T:55035 RPD:1
[CH: 50] LEN: 32 | HEX: 15 51 81 81 81 83 AF 57 7E EF 5D C7 39 6E F9 4A EB FB FF F6 EB BF FF FF EE FF BF BD FF E7 FF BB | T:55056 RPD:1
[CH: 50] LEN: 32 | HEX: 3E C9 59 12 B5 D6 F4 88 51 AA C2 09 01 99 64 D5 4B 53 7F AE 14 9E EB 92 B4 73 57 9A C1 D6 75 56 | T:55067 RPD:1
[CH: 50] LEN: 32 | HEX: 05 54 60 60 60 60 EB F5 DE FB D7 FD CE 5B FC 52 BA B7 7F FF 7F FD FF 1A FB FF FF 7F EF FE F5 EF | T:55103 RPD:1
[CH: 50] LEN: 32 | HEX: 15 51 81 81 81 83 AE 97 77 F0 00 07 19 6E D9 C5 5B EF FF BF FF FD FF DF F7 DF FE BB FF 9B 7F FF | T:55137 RPD:1
[CH: 50] LEN: 32 | HEX: 15 51 81 81 81 A3 AF 86 DF D0 0F EF 59 6F FE C9 DA BF 57 EF BF 77 EE FF 5F D5 55 5A 62 E6 B1 6F | T:55168 RPD:1
[CH: 50] LEN: 32 | HEX: 05 54 60 60 60 60 EB E5 DF AC 00 01 C6 5B FA 71 56 AF D5 FF F5 7B AF FB F6 BB 7F 7B BF AD 6F BD | T:55437 RPD:1
[CH: 50] LEN: 32 | HEX: 05 54 60 60 60 60 EB C1 B7 E8 03 F3 F6 5B FD B2 76 BF FD FF 54 4D 54 56 A8 91 6D 56 56 CB 58 B4 | T:55468 RPD:1
[CH: 50] LEN: 32 | HEX: 15 51 81 81 81 83 AE 97 77 F0 00 07 19 6F F1 C5 5E FF FF 7F D7 FF FF FB 7E FB 6D 7F DF BF BF 7B | T:55737 RPD:1
[CH: 50] LEN: 32 | HEX: 15 51 81 81 81 83 AF 46 DF D0 0F 6F 59 6F 76 C9 FA FF FF 38 D6 2B 44 C5 E4 AE AD 6B 76 BE CD 67 | T:55767 RPD:1
[CH: 50] LEN: 32 | HEX: 15 51 81 81 81 83 AF 57 7E F0 00 07 99 6E E9 C5 5B DD 3F FF 7A EB FE 7D D5 3A 3E A7 A3 69 55 27 | T:56036 RPD:1
[CH: 50] LEN: 32 | HEX: 15 51 81 81 81 83 AF 86 DF D0 0F DF D9 6E B6 C9 FB FD 75 FB B7 FF FF 50 68 65 16 D1 BA BC BD 1A | T:56067 RPD:1
[CH: 50] LEN: 32 | HEX: 15 51 81 81 81 83 AF A7 6F 70 08 CE D9 6F EB 07 0B FE FF FF 79 FF BE FE FF 7F F5 BE FF 7B FF FF | T:56132 RPD:1
[CH: 50] LEN: 32 | HEX: 15 51 81 81 81 83 AF A7 EF EE E7 3D B9 6F EC E8 DB FF FF FF FA BF BD FF FF FC FF FF BB FB EF FD | T:56162 RPD:1
[CH: 50] LEN: 32 | HEX: 15 51 81 81 81 83 AE A7 6E DE B7 6F D9 6F E5 19 DB FD EF EB D7 FF EE AE F7 B7 DF FF 7D DE DF F5 | T:56198 RPD:1
[CH: 50] LEN: 32 | HEX: 15 51 81 81 81 83 AE A7 6F 6F A7 7F 99 6F F0 D7 EB FF DF 7D FF 7E FF EB 7F 6B DF EF FF 7F FF FF | T:56228 RPD:1
[CH: 50] LEN: 32 | HEX: 15 51 81 81 81 83 AF A7 6E FE 97 4F D9 6F 7F 87 4A FD 55 B4 CA F6 DF 78 2A 32 5B 5D 5A B3 44 AA | T:56258 RPD:1
[CH: 50] LEN: 32 | HEX: 15 51 81 81 81 83 AF A7 6E FE 87 5F D9 6E D2 49 1A FF FF BE FF 7F FE EF 7D FE DB DF FF D7 D7 FF | T:56288 RPD:1
[CH: 50] LEN: 32 | HEX: 15 51 81 81 81 83 AF A7 6F DE 77 AE 99 6F F1 58 6B FD EF 7F DF EF BF DF EF EF F7 FF FD FE FF EF | T:56318 RPD:1
[CH: 50] LEN: 32 | HEX: 15 51 81 81 81 83 AF 27 6F 6E E7 7F B9 6F D4 96 3B FF DE F7 FB 5F BF 76 FF F7 FF FF FD FF DE F7 | T:56348 RPD:1
[CH: 50] LEN: 32 | HEX: 15 51 81 81 81 A3 AF A6 EF 6E D7 0F D9 6F 7B C6 DB DB EA 7F BF 6B 5C 93 3C 49 5D AD DD 5A B5 65 | T:56378 RPD:1
[CH: 50] LEN: 32 | HEX: 15 51 81 81 81 83 AF A7 6E FF C7 DE D9 6F EE 08 8A F7 EF BB FB FF FF FB 7F FB EF F5 FF FF FD FF | T:56408 RPD:1
[CH: 50] LEN: 32 | HEX: 15 51 81 81 81 83 AF 67 6F 6F 37 EF D9 6E BD 67 1B EF DE FF FF FD FF ED 7F E5 AA A8 96 2A 06 C4 | T:56438 RPD:1
[CH: 50] LEN: 32 | HEX: 15 51 81 81 81 83 AF 67 6F AF 17 AE 99 6F EF B9 AB FE BB 27 14 AC 68 BA 8B 56 6A 51 C8 AA 88 A0 | T:56498 RPD:1
[CH: 50] LEN: 32 | HEX: 05 54 60 60 60 60 EB E9 DB FB BD 8B D6 5B FC 36 56 BD FD F7 FD FF FE FF BF AD 7B AF FF FF 76 FF | T:56558 RPD:1
[CH: 50] LEN: 32 | HEX: 05 54 60 60 60 60 EB E9 DB FB B9 8F F6 5B ED 45 C2 BF BE EF F7 76 DE FD FF FB FF FD F7 FF FF FF | T:56588 RPD:1
[CH: 50] LEN: 32 | HEX: 15 51 81 81 81 83 AF 67 6F FE D6 0F 79 6F 76 47 EB FF 6F FB EE 6F BF F7 52 6B 4A 8D 4E 52 D0 9A | T:56618 RPD:1
[CH: 50] LEN: 32 | HEX: 05 54 60 60 60 60 EB C9 DB FB B1 87 D6 5B FD E2 6E F5 FF F7 DF FB FE DF ED 7F F7 6F 7E BF CF D7 | T:56648 RPD:1
[CH: 50] LEN: 32 | HEX: 05 54 60 60 60 60 EB E9 DB DB AD 9B E6 5B AD 39 8A FF EF FF FD FD 6F FB EB DF EF 7E FF 6E FF DF | T:56678 RPD:1
[CH: 50] LEN: 32 | HEX: 05 54 60 60 60 60 EB C9 DB FB A5 93 D6 5B FA 9D 26 FB FF FB FF FF FF EF F7 FE DF 7F 7D EF 75 FF | T:56738 RPD:1
[CH: 50] LEN: 32 | HEX: 05 54 60 60 60 60 FB C9 DB FB A1 97 F6 5B EC ED B2 FF FB FE F5 FD FB EF 7F 7E BE FF FF FF AB FD | T:56768 RPD:1
[CH: 50] LEN: 32 | HEX: 05 54 60 60 60 60 EB C9 DB EB 9D AB F6 5B DD 29 EE BB FF 6D FF FF D7 EF 7F FF FF FA FE FE FF FF | T:56798 RPD:1
[CH: 50] LEN: 32 | HEX: 01 55 18 18 18 18 3A FA 76 FE E3 6E FD 96 FF 09 8C B6 BE DF 7F FF DE FF EF FD 5D 7A A9 A9 72 D4 | T:56918 RPD:1
[CH: 50] LEN: 32 | HEX: F4 CA C2 D3 6A 39 D6 D5 A6 56 D3 6E 98 59 6A BB 69 7B F5 19 55 4A 08 A5 75 B4 AB 43 25 AD 0A A9 | T:56978 RPD:1
[CH: 50] LEN: 32 | HEX: 05 54 60 60 60 60 EB E9 DB DB D9 CF 76 5B EE BA 36 FB FE FF FF FF FF DE EB FF FF FD FB DF EB FF | T:57068 RPD:1
[CH: 50] LEN: 32 | HEX: 6D 45 9A 56 E5 50 D6 90 A5 F1 56 A4 22 AC AD 55 50 A9 26 A8 0A AA 28 62 8D 5A 2B 18 12 2D 4A AF | T:57079 RPD:1
[CH: 50] LEN: 32 | HEX: 05 54 60 60 60 60 EB C9 DB FB CD DB E6 5B ED 46 7E BF FF EF FD 45 59 6E B6 AA A5 12 0A AA C1 97 | T:57105 RPD:1
[CH: 50] LEN: 32 | HEX: 01 55 18 18 18 18 3A FA 76 FE F0 75 FD 96 FF 24 91 BA FF B0 4A 08 09 58 82 4A 55 8D 52 64 C6 4A | T:57194 RPD:1
[CH: 50] LEN: 32 | HEX: 79 69 A5 8E C9 3A B3 56 77 56 B7 54 A6 32 A6 62 64 B7 75 76 5A DA 25 72 96 ED EF 77 BB AB 5B DA | T:57224 RPD:1
[CH: 50] LEN: 32 | HEX: 01 55 18 18 18 18 3A FA 76 FE F5 78 FD 96 FF 3C 6D BD 7F FF FF 7B DF FD F7 7D FF DF 5F FF FF FF | T:57284 RPD:1
[CH: 50] LEN: 32 | HEX: 01 55 18 18 18 18 3A FA 76 F4 E4 79 ED 96 FF 90 88 AF 5F 77 FF F5 F7 D5 77 7E DB 7F BB F7 BF F7 | T:57314 RPD:1
[CH: 50] LEN: 32 | HEX: 01 55 18 18 18 18 3A FA 76 FE F3 7E FD 96 FF F6 71 BF BF FE FF 7F 7F FF FF FF FF 5F FF DF 7F F7 | T:57344 RPD:1
[CH: 50] LEN: 32 | HEX: 01 55 18 18 18 18 3A FA 76 FE F2 7F F5 96 FF 0A 94 BF FD FF EB FA FE 12 94 94 A4 1A 85 92 C9 2A | T:57374 RPD:1
[CH: 50] LEN: 32 | HEX: 05 54 60 60 60 60 EB D9 EF F6 02 07 D6 5B FD 0F F2 DF F6 DB 7F DF FF FF FB BB FE EE DB 7F BF ED | T:57590 RPD:1
[CH: 50] LEN: 32 | HEX: 05 54 60 60 60 60 EB E5 DF EB DB D9 C2 5B D8 8C B2 FF DF EC BF FF FF FF EF F7 FB 5F FB 77 FF 6E | T:57621 RPD:1
[CH: 50] LEN: 32 | HEX: AA 4C D4 95 26 23 2B 2A 0E 9A C8 85 2A D6 94 D7 35 8A D5 66 69 B1 0B 46 96 94 12 28 AB 5A 56 96 | T:57632 RPD:1
[CH: 50] LEN: 32 | HEX: 05 54 60 60 60 60 EB C5 DF EB EB F9 C2 5B E8 8C B2 FF DF FA 3A 95 2A A4 57 2A B4 AB 54 49 7D B3 | T:57645 RPD:1
[CH: 50] LEN: 32 | HEX: 05 54 60 60 60 60 EB E5 DF D3 DB D9 C2 5B EC 8C B2 B7 D7 D7 F7 BF FF FF FF DF 7F DF FF FA 56 D5 | T:57663 RPD:1
[CH: 50] LEN: 32 | HEX: 35 56 2A 51 24 5C D6 6A 58 92 65 55 56 D3 2A B4 E3 55 55 56 D2 52 DA 68 55 53 15 55 4A AB DA 8A | T:57674 RPD:1
[CH: 50] LEN: 32 | HEX: 05 54 60 60 60 60 EB C5 DF F7 D3 F9 C2 5B DC 8C B2 BD FF FB FD FD BF DF FF 7F DF FF FF FF BF FF | T:57687 RPD:1
[CH: 50] LEN: 32 | HEX: 50 0A A0 00 00 AA 8C 0C 0C 0C 1D 74 BB DF 7E EF 39 CB 7D CA 57 5F D7 FF FF 95 25 B4 55 4D 6A CD | T:57698 RPD:1
[CH: 50] LEN: 32 | HEX: 05 54 60 60 60 60 EB E5 DF F7 EB E9 C2 5B FE 8C B2 FF FE DF FB 7F DF FE B7 5F EE DE FD 5F FE 5F | T:57711 RPD:1
[CH: 50] LEN: 32 | HEX: 15 51 81 81 81 83 AE 97 77 6F DD D7 39 6F F9 4A EB 7D FF EB FF DF F6 FE BD FF EF DE EF FF FF 4F | T:57726 RPD:1
[CH: 50] LEN: 32 | HEX: 42 55 49 25 08 53 DB 77 37 6F 5F FD FD BB FE BF BE DE D3 66 A9 5D AB 4C 59 35 50 A9 FA C2 D6 A8 | T:57737 RPD:1
[CH: 50] LEN: 32 | HEX: 4A CB 51 15 48 46 CD 75 54 65 55 F3 B5 DA 5F AD EE C7 6D 2B 57 AA 2F 4F DA 5E 76 BA D3 54 20 2A | T:57758 RPD:1
[CH: 50] LEN: 32 | HEX: AA 8C 0C 0C 0C 1D 7A BB DE FF 7F 38 4B 7F 91 96 57 DD DB BF FE 19 35 D6 AF FD 2E 57 5A AC 1D 52 | T:57770 RPD:1
[CH: 50] LEN: 32 | HEX: 15 51 81 81 81 83 AF 57 77 AE CF 67 09 6E F2 32 CB 7B DF DF FF FE FF FF AB 52 A5 29 25 51 CA AD | T:57783 RPD:1
[CH: 50] LEN: 32 | HEX: 15 51 81 81 A1 83 AF 17 7F EE DF C7 39 6F B9 4A EA FF EB EF FF EF FF DF FD F7 FF DE FF FF DF FF | T:57798 RPD:1
[CH: 50] LEN: 32 | HEX: 15 51 81 81 81 83 AF 97 7B EF EF F7 09 6F EA 32 CB 7F FD FF FF FF 53 55 55 A4 DC EA 21 56 49 25 | T:57813 RPD:1
[CH: 50] LEN: 32 | HEX: 2D 5B 36 54 DA CB 37 23 6A 58 54 78 DA C9 75 56 8D E5 35 57 FA AA 57 61 B5 14 AA C4 50 AA A8 35 | T:57824 RPD:1
[CH: 50] LEN: 32 | HEX: 15 51 81 81 81 83 AF 97 7F 6E DF E7 09 6E F2 32 CB FB BF EF 6D DF 7F 6B DF EF F5 BF 77 DB D5 77 | T:57843 RPD:1
[CH: 50] LEN: 32 | HEX: 05 54 60 60 60 60 EB E5 DF EB F7 F9 C2 5B DC 8C B2 FF FD DD 7F AD BE FF FF FF FE EF FE BF FE 99 | T:57861 RPD:1
[CH: 50] LEN: 32 | HEX: 8A 5B 55 5B 2B 5A AA 5B 83 6E 26 AB 50 8A 82 EE BE 59 12 17 14 AF AA 71 03 AA 89 4C AA 99 55 00 | T:57872 RPD:1
[CH: 50] LEN: 32 | HEX: 15 51 81 81 81 83 AF 17 77 6E EE E7 09 6F 72 32 CA FD FF BB F6 FF DD FF FF FF BF 7F FF F6 FF BF | T:57885 RPD:1
[CH: 50] LEN: 32 | HEX: 15 51 81 81 81 83 AF 97 7E AF DE E7 39 6F F5 4A EB FD B7 FF DF 7F FF FB F5 FB FF 7F FD ED EF F7 | T:57899 RPD:1
[CH: 50] LEN: 32 | HEX: 15 51 81 81 81 83 AF 57 7F 6F 6F A7 09 6F F2 32 CA FF DE FF FB FB F7 5E FA 7D F5 FF 7F F7 7B EF | T:57914 RPD:1
[CH: 50] LEN: 32 | HEX: 15 51 81 81 81 83 AF 97 7E EE CE E7 09 6F EA 32 CB FF EA 7A D6 EB 4B B5 1A B7 B5 57 77 71 6A BF | T:57932 RPD:1
[CH: 50] LEN: 32 | HEX: 05 54 60 60 60 60 EB D5 DF DB F7 79 CE 5B BE 52 BA FF 7D 5F D6 BD 7F EF FF DF EA FF 7E BF 7F FB | T:57947 RPD:1
[CH: 50] LEN: 32 | HEX: 6E BB BC EA AA A6 BB 74 2D 2A 64 AA C9 56 69 D7 BD 77 76 F5 55 BF AA B6 78 EA 57 A4 95 51 55 54 | T:57959 RPD:1
[CH: 50] LEN: 32 | HEX: 05 54 60 60 60 60 EB D5 DF EB F7 F5 CE 5B DC 52 BA FF 6B 7D FF EE F6 F7 FF FF FD 7F F7 EB EF FF | T:57971 RPD:1
[CH: 50] LEN: 32 | HEX: 15 51 81 81 81 83 AF 97 77 EF 5F 57 39 6E E9 4A EB FF 7E FB FF FF 7D FF 7E DA FF B7 DF F7 FF 3D | T:57989 RPD:1
[CH: 50] LEN: 32 | HEX: 05 54 60 60 60 60 EB A5 DF EB F7 F9 C2 5B AC 8C B2 F6 FF FB F7 FF F7 FB FB FF DF DF EF F7 FB F5 | T:58004 RPD:1
[CH: 50] LEN: 32 | HEX: 05 54 60 60 60 60 EB E5 DE EB F7 E9 CE 5B FC 52 BA FF FF DE FF BF BF FF 42 A1 01 80 B5 55 69 48 | T:58019 RPD:1
[CH: 50] LEN: 32 | HEX: 05 54 60 60 60 60 EB E5 DD DB FB D9 C2 5B DC 8C B2 FB FB FA FB BF 7E FF EF EF FB 7F FA FF F7 FF | T:58034 RPD:1
[CH: 50] LEN: 32 | HEX: 05 54 60 60 60 60 EB E5 DE EB F7 F9 CE 5B DE 52 BA FF BF FE DF BE FD BF F7 BD 7F 77 F6 FE FF BD | T:58049 RPD:1
[CH: 50] LEN: 32 | HEX: 05 54 60 60 60 60 EB D5 DE D3 FB D9 C2 5B EC 8C B2 BF FF FF ED 7F FF BB FF FF FF FF FF FF FF DD | T:58064 RPD:1
[CH: 50] LEN: 32 | HEX: 05 54 60 60 60 60 EB A5 DF DB F7 F1 CE 5B BC 52 BA EB DF FA EF EF FF FF FD EF FD DE FB BD AF FF | T:58079 RPD:1
[CH: 50] LEN: 32 | HEX: 05 54 60 60 68 60 EB D5 DD EB FB B5 C2 5B FA 8C B2 F7 77 DE FD FE DD 7C AC DB D5 B6 94 A5 55 C8 | T:58094 RPD:1
[CH: 50] LEN: 32 | HEX: 23 03 14 44 54 54 2C FF 97 DC AF 7F AA A2 20 03 3B FF ED DB EE E4 B7 BA AE D6 F3 BF FA DB 5D 7F | T:58106 RPD:1
[CH: 50] LEN: 32 | HEX: 05 54 60 60 60 60 EB C5 DF EB FB B9 C2 5B D9 8C B2 FB FB F3 BE DF FD BE BD 7F FF FE FE DF 7F FE | T:58118 RPD:1
[CH: 50] LEN: 32 | HEX: 05 54 60 60 60 60 EB E5 DF 6B F7 F5 CE 5B DE 52 BA EF DB EF EC 6A 96 55 4E 89 55 55 65 BD 57 6B | T:58133 RPD:1
[CH: 50] LEN: 32 | HEX: 05 54 60 60 60 60 EB C5 DE DB DB D9 C2 5B DC 8C B2 BF FB 7B FF ED FF F7 FF 5D 7E FB DF FF FF DF | T:58148 RPD:1
[CH: 50] LEN: 32 | HEX: 15 51 81 81 81 83 AF 97 77 AE DD E7 3D 6F E9 4A EB FB BF F7 EB FB DF 7B FF B6 FA FB EE D7 FF FB | T:58163 RPD:1
[CH: 50] LEN: 32 | HEX: 05 54 60 60 60 60 EB A5 DD DB B3 B1 C2 5B DC 8C B2 9F 50 AB 64 B5 A6 AA 92 2A 25 56 E6 46 49 A6 | T:58178 RPD:1
[CH: 50] LEN: 32 | HEX: 05 54 60 60 60 60 EB E5 DD DB F7 71 CE 5B DA 52 BA B7 FF FF AF FB FF EF BF EE FD D5 FF 7F FF F7 | T:58193 RPD:1
[CH: 50] LEN: 32 | HEX: 05 54 60 60 60 60 EB D5 DF DB F7 7D CE 5B FA 52 BA BF 37 A9 5E C1 DE AE 8D 5D 56 A4 E8 D4 6A 59 | T:58211 RPD:1
[CH: 50] LEN: 32 | HEX: 05 54 60 60 60 60 EB D5 DF AB DB BD C2 5B FA 8C B2 BF FF DF 6F FF FF FF 88 BA 8D 6A C6 A7 44 04 | T:58226 RPD:1
[CH: 50] LEN: 32 | HEX: 52 A1 00 55 02 00 86 57 CF B7 D7 F6 FF FF BF F7 6A AB CB 9D D5 AD AE DB A5 7A E2 8F 6F 05 D5 B5 | T:58238 RPD:1
[CH: 50] LEN: 32 | HEX: 05 54 60 60 60 60 EB E5 DD FB B7 F5 CE 5B BE 52 BA BF F7 FE ED FF EF FF 6E FD F7 BF 77 AF BF DE | T:58252 RPD:1
[CH: 50] LEN: 32 | HEX: 05 54 60 60 60 60 EB A5 DD BC 00 01 C6 5B FA 71 56 FF FE DF EF F5 FF DF FF FF 7F B6 DF BF FF D7 | T:58287 RPD:1
[CH: 50] LEN: 32 | HEX: 05 54 60 60 60 60 EB D1 B7 7C 03 FB F6 5B DD B2 7E FF 6F DB F7 EF DB 7F FE FF FF 6F FE B7 FF ED | T:58317 RPD:1
[CH: 50] LEN: 32 | HEX: 05 54 60 60 60 60 EB E5 DD EC 00 01 C6 5B FA 71 56 F7 7B FF 57 BE B5 B7 7F BF E9 D7 4E B1 9F 2E | T:58586 RPD:1
[CH: 50] LEN: 32 | HEX: 05 54 60 60 60 60 EB D1 B7 78 03 D3 F6 5B BD B2 7E B7 FB FF FF BF F5 FF DD D7 FF EF 7F FF FF FF | T:58617 RPD:1
[CH: 50] LEN: 32 | HEX: 05 54 60 60 60 60 EB D5 DE FC 00 01 C6 5B FC 71 56 FF EF FF EF F7 6F EA D7 FE FF B5 BF FF FF FF | T:58887 RPD:1
[CH: 50] LEN: 32 | HEX: 05 54 60 60 60 60 EB E1 B7 F4 03 FB D6 5B FD B2 7E D7 F5 7F 77 91 94 B2 B0 28 84 14 A0 88 96 21 | T:58917 RPD:1
[CH: 50] LEN: 32 | HEX: 15 51 A1 81 81 83 AE 97 7F 70 00 06 19 6E F9 C5 5A FB 7F FF B7 7D F6 BF FF 5E DF F7 ED 5F FD 72 | T:59186 RPD:1
[CH: 50] LEN: 32 | HEX: 15 51 81 81 81 83 AF 46 DF E0 0F 6F 59 6F 7E C9 F3 FD FF FF 7E FD FF EE FE FF FD 9D F5 F7 EE BF | T:59216 RPD:1
[CH: 50] LEN: 32 | HEX: 05 54 60 60 60 60 EB D9 DB DA 02 33 F6 5B FE C1 C2 BF FF F7 7D FF FD FD FF 7F DF FF FF BE DE FD | T:59340 RPD:1
[CH: 50] LEN: 32 | HEX: 05 54 60 60 60 60 CB A9 DB DB BD CF D6 5B DB 3A 36 FB FF EB 5E EF BD 7D BF FE BD F3 F5 FF 5F DE | T:59371 RPD:1
[CH: 50] LEN: 32 | HEX: 05 54 60 60 60 60 EB E9 DB FB E9 DE D6 5B DE 35 EA FD D5 5D C9 2A 95 6E 81 09 8A CB 42 BB B7 5C | T:59438 RPD:1
[CH: 50] LEN: 32 | HEX: 05 54 60 60 60 60 EB D9 DB F7 D5 D3 D6 5B BD E1 D2 F6 ED AF DF B6 FF FB 6D EE EF D7 D6 EE FF DD | T:59468 RPD:1
[CH: 50] LEN: 32 | HEX: 15 51 81 81 81 83 AF 67 6F DF 77 2F 59 6E F9 58 6A FF BF 7A FD F6 BB 7F DD DB AD FB EF 7F 77 EF | T:59528 RPD:1
[CH: 50] LEN: 32 | HEX: 05 54 60 60 60 60 EB D9 DB FF D9 EF 76 5B FB 25 8E FF FF FD 57 5F DB ED D5 BF 3F 56 FE EF FF BF | T:59558 RPD:1
[CH: 50] LEN: 32 | HEX: 05 54 60 60 60 60 EB E9 DB FF D5 E3 B6 5B FA E9 B6 FA EF FF BD FF FE EF BB F7 FF FF FF FF 7E FB | T:59588 RPD:1
[CH: 50] LEN: 32 | HEX: 05 54 60 60 60 60 EB D9 DB FB D1 D7 6E 5B DB 82 22 BB FF FD B7 FD 7D 7F D7 77 B7 ED B7 EF DA 7F | T:59618 RPD:1
[CH: 50] LEN: 32 | HEX: 05 54 60 60 60 60 EB D9 DB D3 C5 D3 F6 5B DD EC 6A FD FD 5E DF 75 F7 FF EB AF 56 6B BF FA ED 7E | T:59707 RPD:1
[CH: 50] LEN: 32 | HEX: 15 51 81 A1 81 83 AF A7 6F CE 07 5E D9 6E D2 37 F6 FF FF F4 98 2C 22 22 B1 95 51 52 0A DC B1 52 | T:59738 RPD:1
[CH: 50] LEN: 32 | HEX: 15 51 81 81 81 83 AE A7 6E EE F6 2F 99 6E F0 D9 5B FF FF FF FB BF 7F 7B F7 FF D9 44 21 4D 48 B0 | T:59768 RPD:1
[CH: 50] LEN: 32 | HEX: 31 24 B5 50 9A 0C 4D 15 51 2A 12 A2 85 58 B2 8A 2A A2 A7 05 55 29 35 C9 95 52 52 85 48 01 54 00 | T:59797 RPD:1
[CH: 50] LEN: 32 | HEX: 15 51 81 81 81 83 AF A7 6F EE D6 0F D9 6F BE 47 6B FF ED FF FB FF DF 7B FF AF FB BF FF 6F DE FF | T:59828 RPD:1
[CH: 50] LEN: 32 | HEX: 15 51 81 81 81 83 AF 67 6F DE C6 1F B9 6F 57 09 BA BE F5 B5 FF FF F7 F7 FE FF BD FF FF FF FD EF | T:59858 RPD:1
[CH: 50] LEN: 32 | HEX: 15 51 81 81 81 83 AF 67 6F FE A6 7F 59 6F F1 28 7B FF DE FF FF FD FF 7F F5 FB FF EF EF FA BB FD | T:59918 RPD:1
[CH: 50] LEN: 32 | HEX: 05 54 60 60 60 60 EB D9 DB FB 9D AB D6 5B DD 29 EE FE DD FB DD 55 52 89 42 AB AA AD 50 16 19 12 | T:60007 RPD:1
[CH: 50] LEN: 32 | HEX: 05 54 60 60 60 60 EB C9 DB FB 99 AF 76 5B FD 5A 7A FF BF EF FE AF AE EF 6E FF 75 6F B7 F7 FF EF | T:60037 RPD:1
[CH: 50] LEN: 32 | HEX: 05 54 60 60 60 60 EB D9 DB FB 95 A3 F6 5B F8 8E 42 D7 FF BD F7 FF EE EF FF FD F7 5B 9B FF FF AE | T:60067 RPD:1
[CH: 50] LEN: 32 | HEX: 05 54 60 60 60 60 EB A9 DB DB 91 A7 F6 5B FD 7D D6 FF FD F7 FF DF F7 DD 6F 7F DF DF FF F7 F7 FE | T:60097 RPD:1
[CH: 50] LEN: 32 | HEX: 05 54 60 60 60 60 EB A9 FB FB 8D BB F6 5B FE A6 32 DB BF FF 5A FE FE FF 77 FF FF DF FD BB FC FF | T:60127 RPD:1
[CH: 50] LEN: 32 | HEX: 05 54 60 60 60 60 EB C9 DB FB 85 B3 F6 5B FD 81 9E BD DF FF 7B ED FE FF FE FB F5 25 21 AA 2B 15 | T:60187 RPD:1
[CH: 50] LEN: 32 | HEX: 05 54 60 60 60 60 EB C9 DB FB 81 B7 F6 5B FE F2 0A FB FB BF EF FB FF 7F BF D6 EF F5 AB 7F FD FF | T:60217 RPD:1
[CH: 50] LEN: 32 | HEX: 05 54 60 60 60 60 EB E9 DB FB 79 4B F6 5B F8 B6 4A BF FF FF D3 21 B2 D5 2C 3D 21 D2 A4 5A 95 AA | T:60247 RPD:1
[CH: 50] LEN: 32 | HEX: 05 54 60 60 60 60 EB E9 DB EB D9 CF D6 5B FF BA 36 FF ED 7F EB A9 54 FE 95 77 67 14 55 4E AF 77 | T:60277 RPD:1
[CH: 50] LEN: 32 | HEX: 05 54 60 60 60 60 EB C9 DB FB ED DB F6 5B FD 46 7D AF FF 77 AB FD ED FF FD FF 7F FF FB FE BF D7 | T:60315 RPD:1
[CH: 50] LEN: 32 | HEX: 05 54 60 60 60 60 EB E9 DB FB C9 DE FE 5B FD 35 EA DF BF DF F6 EF EF FF FA F7 7E FF F5 EF FB ED | T:60345 RPD:1
[CH: 50] LEN: 32 | HEX: 05 54 60 60 60 60 EB E9 DB FB D5 D3 F6 5B DD 61 D2 FE FF FF FF 7D EF BF FF BE DF FC A8 36 4A 24 | T:60375 RPD:1
[CH: 50] LEN: 32 | HEX: 05 54 60 60 60 60 EB E9 DB FB E1 D7 FE 5B DC 92 46 FF DF AF 7E EE FF B5 FD 29 D5 7B BD EA EF 2C | T:60405 RPD:1
[CH: 50] LEN: 32 | HEX: 05 54 60 60 60 60 EB E9 DB EB DD EB F6 5B FF 56 1A EF 7F DF FD 76 DB BD 5F 7E FB FD FF 5D 5F F7 | T:60435 RPD:1
[CH: 50] LEN: 32 | HEX: 05 54 60 60 60 60 EB E9 DB FB D9 EF B6 5B DD 25 8E ED 7E F7 FF BB FF BF FE BB FB 5F FE B7 FB FF | T:60465 RPD:1
[CH: 50] LEN: 32 | HEX: 05 54 60 60 60 60 EB E9 DB EB D5 E3 F6 5B DC F1 B6 FB BD FF FF 76 7F 7B DB B4 B5 5D BC F2 68 94 | T:60495 RPD:1
[CH: 50] LEN: 32 | HEX: 05 54 60 60 60 60 EB E9 EF 78 02 07 F6 5B FD 0F 62 FE FE EF FB 7A FF BE EC BF EB 6F 7D 57 A1 45 | T:60730 RPD:1
[CH: 50] LEN: 32 | HEX: 15 51 81 81 81 83 AF 17 7F CF CF 67 09 6E EA 32 CB EA EB B7 BF ED FE FF DF AF 7D DD D5 6E D3 6A | T:60761 RPD:1
[CH: 50] LEN: 32 | HEX: 05 54 60 60 60 60 EB E5 DF FB B7 79 EE 5B DD 52 BA DF FF EF DF FD FF EF 76 BF F7 FA FF 79 55 E3 | T:60776 RPD:1
[CH: 50] LEN: 32 | HEX: 89 4D 75 52 D1 84 35 BB C9 52 D7 29 2B 58 B8 A1 B5 31 72 D5 43 DA 48 05 51 41 0A 33 AA 2E 94 6F | T:60788 RPD:1
[CH: 50] LEN: 32 | HEX: 15 51 81 81 81 83 AF 97 7B EF EF 67 09 6F F2 32 CB BF 75 A4 AD AF 54 6C 49 B4 AB 61 56 66 E9 F9 | T:60803 RPD:1
[CH: 50] LEN: 32 | HEX: AE F9 AB 6A A2 D2 89 56 AA ED 56 BB BA F1 5B 56 EE 96 2B 6B 50 94 CD 6A B5 EA D3 AA BA D6 B3 B5 | T:60815 RPD:1
[CH: 50] LEN: 32 | HEX: 15 51 81 81 81 83 AF 17 7D AF 5F D7 39 6F B9 4A EA F7 FD DF FE EF D6 DD BF FF DF FF FF BB EE FF | T:60830 RPD:1
[CH: 50] LEN: 32 | HEX: 15 51 81 81 81 83 AF 97 7B CF EF 67 09 6F 6A 32 CB 7F FF EF FF FD D6 AF 5D 12 7B EA DA 56 D9 B5 | T:60845 RPD:1
[CH: 50] LEN: 32 | HEX: F6 3E 82 86 E6 9B 69 9D B5 62 B3 54 56 AE 9B 55 2A D2 CA B6 6A F6 8F 3D 54 55 2A B6 AE 1A 6F F0 | T:60857 RPD:1
[CH: 50] LEN: 32 | HEX: 15 51 81 81 81 83 AF 57 7F CF EF 67 09 6F 7A 32 CA FF FF FB FD EF DF FB FF F7 FF FF DF FF FF FB | T:60869 RPD:1
[CH: 50] LEN: 32 | HEX: A9 D7 FB D6 AD 49 94 9A FA 14 A6 AE AC 96 26 2C 9E BA A5 5E C8 81 A5 2A B8 B5 2E 92 B6 ED AA A5 | T:60881 RPD:1
[CH: 50] LEN: 32 | HEX: 15 51 81 81 81 83 AF 17 7B AF EE E7 09 6F E2 32 CB F7 FF 7F FF B7 BF FF 6F D7 7F F7 BE FF FF FF | T:60893 RPD:1
[CH: 50] LEN: 32 | HEX: 5B 55 32 AB 53 18 AF 56 96 AA 9A D3 26 95 0A 56 2E A8 00 D5 C8 AD 28 D5 D4 30 CB 60 4A 24 99 00 | T:60908 RPD:1
[CH: 50] LEN: 32 | HEX: 05 54 60 60 60 60 EB B5 DF F3 A7 7D CE 5B EC 52 BA FF BF BF 5F 56 F7 FF 2F B4 54 23 2A 2C EF 17 | T:60919 RPD:1
[CH: 50] LEN: 32 | HEX: 05 54 60 60 60 60 EB E5 DF DB F7 F1 CE 5B FA 52 BA FF EF DF FE FD FF BF FB FF 7E F7 DF F7 FD 7F | T:60932 RPD:1
[CH: 50] LEN: 32 | HEX: 15 51 81 81 81 83 AF 57 7F 4F 5D F7 39 6F 69 4A EB 75 FE FF 5F 77 7E F7 EF F5 FF FD AF F7 FF FE | T:60950 RPD:1
[CH: 50] LEN: 32 | HEX: 05 54 60 60 60 60 EB C5 DF FB DB A9 C2 5B F4 8C B2 FE FF F7 FF FF F7 FF DE FF 7B FF A5 55 9D 55 | T:60965 RPD:1
[CH: 50] LEN: 32 | HEX: 29 09 14 AC A9 52 F2 AE AB 58 A2 95 21 CB 56 E9 BB 67 45 AD A3 59 9D 82 2A 96 5E A8 84 94 B1 21 | T:60976 RPD:1
[CH: 50] LEN: 32 | HEX: 05 54 60 60 60 60 EB E5 DD DB DB FD C2 5B FA 8C B2 EF BE DE FF D0 2A 2A A5 42 AA 65 15 AF 55 A9 | T:60989 RPD:1
[CH: 50] LEN: 32 | HEX: 5D 24 F3 5A DA 36 79 B6 AA 93 06 AB 6A 59 AB F9 D4 A9 0D A9 78 8D 5C 56 A8 B5 EA 8A D5 8E AA 6E | T:61000 RPD:1
[CH: 50] LEN: 32 | HEX: 00 00 15 51 81 81 81 83 AF 57 7F 6E EF 47 09 6E F2 32 CA AD FF B7 EB F6 F7 F7 F7 FB 6F FE DE FB | T:61013 RPD:1
[CH: 50] LEN: 32 | HEX: 00 00 15 51 81 81 81 83 AF 97 7F EE EE A7 09 6F 52 32 CB BF E2 B6 EA 60 28 55 95 B0 09 A8 9B 10 | T:61031 RPD:1
[CH: 50] LEN: 32 | HEX: 55 AA B7 B5 4A B7 57 AD 7E B2 CE 99 DD 55 44 F4 91 98 D6 9A 94 B4 C3 D7 6C 14 2A 89 B6 55 42 8A | T:61046 RPD:1
[CH: 50] LEN: 32 | HEX: 05 54 60 60 60 60 EB A5 DF D3 F7 F5 CE 5B FD 52 BA FF B7 BE FD FF EB B6 EF BF FD 6F F7 FD FA DF | T:61058 RPD:1
[CH: 50] LEN: 32 | HEX: 15 51 81 81 81 83 AF 57 7E EF DF E7 89 6F 6A 32 CA DF FB FD FD 7E C9 65 43 34 AC A8 D4 16 E6 C9 | T:61073 RPD:1
[CH: 50] LEN: 32 | HEX: 05 54 60 60 60 60 EB E5 DE DB EB D9 C2 5B DA 8C B2 BF 7F 7F FF FF F7 6E FF 7F FE ED 7F FF FF BF | T:61091 RPD:1
[CH: 50] LEN: 32 | HEX: 15 51 81 81 81 83 AE 97 77 6F DF B7 39 6F 79 4A EB EF BD FF ED FE FF DF F7 FB DB BE EF 26 A1 AB | T:61106 RPD:1
[CH: 50] LEN: 32 | HEX: 5D D8 71 55 94 96 92 88 58 96 6A 4F 96 2B A2 52 15 49 41 57 6E 2A 6A 83 15 2A 35 02 24 8A C8 BB | T:61117 RPD:1
[CH: 50] LEN: 32 | HEX: 05 54 60 60 60 60 EB A5 DD FB F7 75 CE 5B F4 52 BA FF EF 7B F7 AE BF FE DF BB DD FF FF DF D4 B0 | T:61130 RPD:1
[CH: 50] LEN: 32 | HEX: 05 54 60 60 60 60 EB E5 DD D3 BB B9 C2 5B BA 8C B2 BF 76 7F FD 7B FE F7 FB 92 72 D1 49 2A B0 D1 | T:61145 RPD:1
[CH: 50] LEN: 32 | HEX: 05 54 60 60 60 70 EB C5 DE FB D7 E9 CE 5B BC 52 BA FF BF BF FF FF FF EF FF FF FF FF BF 7D FF ED | T:61160 RPD:1
[CH: 50] LEN: 32 | HEX: 97 55 5E ED 26 E9 4B E6 55 54 D7 4D 6D DA 52 2D 6D 17 69 A9 AA D6 A9 AD 4B 49 E3 55 AA CD A4 59 | T:61171 RPD:1
[CH: 50] LEN: 32 | HEX: 05 54 60 60 60 60 EB C5 DF AB FB F9 C2 5B DA 8C B2 BA FD 7D 7D FF DE FF 6D BF 57 F5 F7 57 BB ED | T:61187 RPD:1
[CH: 50] LEN: 32 | HEX: 05 54 60 60 60 60 EB D5 DE F3 F7 B1 CE 5B FB 52 BA FB FB FF EE FF 7F B7 FF FF EE DF EB FF FB FF | T:61202 RPD:1
[CH: 50] LEN: 32 | HEX: 05 54 60 60 60 60 EB E5 DE FC 00 01 C6 5B DC 71 56 FB 75 A7 B7 77 BF BF BF 7E DB FF DF 6F 57 6B | T:61248 RPD:1
[CH: 50] LEN: 32 | HEX: 15 51 81 81 81 83 AF 86 DD E0 0F 6F D9 6E B6 C9 DA FB EB FF FE EF 7F EA FF FF FF 9F 7F BF BF 5F | T:61279 RPD:1
[CH: 50] LEN: 32 | HEX: 05 54 60 60 60 60 EB E5 DF DC 00 01 C6 5B DF 71 56 FC F5 BB F6 BF FF DF 5F FE FD FA FD 15 10 4A | T:61548 RPD:1
[CH: 50] LEN: 32 | HEX: 05 54 60 60 60 60 EB E1 B7 BC 03 BB F6 5B DD B2 7A EB F7 7F 77 EF 6B BF FD FF BB FF F7 7D DF FF | T:61579 RPD:1
[CH: 50] LEN: 32 | HEX: 05 54 60 60 60 60 EB C5 DF DC 00 01 C6 5B BC 71 56 FA EF FD FD F6 FF 7A F6 94 DA 90 B5 6A AA B6 | T:61848 RPD:1
[CH: 50] LEN: 32 | HEX: 05 54 60 60 60 60 EB E1 B7 6C 03 B3 F6 5B BB B2 76 FB FF 5A 2A F5 15 AB 74 C7 5B 50 AA B2 AC A2 | T:61878 RPD:1
[CH: 50] LEN: 32 | HEX: 05 54 60 60 60 60 EB A5 DF DC 00 01 C6 5B BA 71 56 FF FF 5F F7 EF FD FB DD EF FF FF EB A8 A4 AB | T:62148 RPD:1
[CH: 50] LEN: 32 | HEX: 05 54 60 60 60 60 EB F1 B7 B8 03 DB B6 5B FF B2 7A F7 BD DB DD DB FF 7F BF DA BF EB 53 2A C6 54 | T:62178 RPD:1
[CH: 50] LEN: 32 | HEX: 05 54 60 60 60 60 EB E9 DB BA 02 33 F6 5B FA C1 C2 ED FB FF 75 75 AB 55 29 95 2C 14 CD CF 54 A0 | T:62362 RPD:1
[CH: 50] LEN: 32 | HEX: 05 54 60 60 60 60 EB D9 DB FB E9 CF 6E 5B FE 3A 36 AB 7F 77 B5 53 42 95 5D 22 AB AB CB 54 AA AA | T:62393 RPD:1
[CH: 50] LEN: 32 | HEX: 05 54 60 60 60 60 EB A9 DB B7 AD DB D6 5B FF 46 7E FF BF FF FF FF FF FD FF FF BD FF 57 FF F6 FF | T:62430 RPD:1
[CH: 50] LEN: 32 | HEX: 15 51 81 81 81 83 AF A7 6F DF 97 4F 59 6F F7 87 4A FF EF FF FF FE FE FE BF FF FF D7 FF 7F FD EF | T:62490 RPD:1
[CH: 50] LEN: 32 | HEX: 15 51 81 81 81 83 AF A7 6F 5F 07 5F D9 6F 72 49 1B F7 FF FF 7B EF FF FF EF FF FF 7F 7E FD FF FF | T:62520 RPD:1
[CH: 50] LEN: 32 | HEX: 15 51 81 81 81 83 AE A7 6F EF 77 6F B9 6F E9 58 6B FE EF FF 7F FF FB AF FF FA 24 25 29 2A 25 9A | T:62550 RPD:1
[CH: 50] LEN: 32 | HEX: 15 51 81 81 81 83 AF 67 6F 4F 57 4F 59 6F 73 C6 DB FB FF FA FF F7 FF FF F7 DA D5 8F B4 16 CA F5 | T:62610 RPD:1
[CH: 50] LEN: 32 | HEX: 15 51 81 81 81 83 AE A7 6F 6E 47 5F D9 6F FE 08 8B D7 7F 5D 7F FF FE 6E AF 7F F7 B7 FF EF FF FF | T:62640 RPD:1
[CH: 50] LEN: 32 | HEX: 15 51 81 81 81 83 AF A7 6F DF 37 EF 59 6F 79 67 1B FF BF EF 5F AB F6 DD EB 7D FF BB FF DF CF DF | T:62670 RPD:1
[CH: 50] LEN: 32 | HEX: 15 51 81 81 81 83 AF A7 6E FF 07 DF F9 6F 7A 37 5F BF F7 FF F7 FE FF FF DF 7F FD EF 75 57 FF EB | T:62760 RPD:1
[CH: 50] LEN: 32 | HEX: 15 51 81 81 81 83 AE A7 6F EE EE 2F 59 6E F0 D9 5A EF F6 EF FD FF FE FE BF FE EF FE FD FF EB ED | T:62790 RPD:1
[CH: 50] LEN: 32 | HEX: 05 54 60 60 60 60 EB F9 DB FB B1 87 F6 5B FF E2 6E FB EA FE FB FF EF FF 7B FC 2D 41 1A AD AF 55 | T:62880 RPD:1
[CH: 50] LEN: 32 | HEX: 05 54 60 60 60 60 EB C9 DB FB AD 9B DE 5B FD 39 8A FD FD EF F7 C6 B7 6A 55 22 A8 AA 21 04 52 55 | T:62910 RPD:1
[CH: 50] LEN: 32 | HEX: 05 54 60 60 60 60 EB D9 DB FB A5 93 F6 5B F5 9E 26 FF DA DF F7 FE B0 96 76 21 69 15 56 9A AE A4 | T:62970 RPD:1
[CH: 50] LEN: 32 | HEX: 05 54 60 60 60 60 EB E9 DB DB A1 97 A6 5B FE ED B2 BE BB FD 7F D7 6E F7 DC F7 DD 3F FF FF F1 FE | T:63000 RPD:1
[CH: 50] LEN: 32 | HEX: 05 54 60 60 60 60 EB C9 DB F3 9D AB EE 5B FD 29 EE EB FF FF FD FF FB 7F E6 D1 B5 58 45 9D DA D4 | T:63030 RPD:1
[CH: 50] LEN: 32 | HEX: 05 54 60 60 60 60 EB F9 DB DB 95 A3 EE 5B DA 8E 42 BD FD FF EB DF F7 35 FE FF FF FA B5 B7 2B BF | T:63090 RPD:1
[CH: 50] LEN: 32 | HEX: 05 54 60 60 60 60 EB E9 DB FB 91 A7 F6 5B FA F9 D6 FF F7 EB FF FF 6F BB DF F6 BF FF 77 BF F5 BD | T:63120 RPD:1
[CH: 50] LEN: 32 | HEX: 05 54 60 60 60 60 EB C9 DB FB 89 BF FE 5B FC 55 A6 FE BE FF FF 77 BF 7B FD FD FF FF D5 BA FE 8C | T:63180 RPD:1
[CH: 50] LEN: 32 | HEX: 05 54 60 60 60 60 EB C9 DB DB 79 4B D6 5B BC B6 4A FF F7 FF F7 FF FB DF BF D6 DD F7 FF FF F7 FF | T:63270 RPD:1
[CH: 50] LEN: 32 | HEX: 05 54 60 60 60 60 EB E9 DB D3 ED C3 F6 5B EF EE 0E FF FF FB 7D F7 BF BF F7 EF F5 FB 6E DF BF FF | T:63330 RPD:1
[CH: 50] LEN: 32 | HEX: 40 62 8C EA 8F E5 52 F2 55 51 2A 51 50 A4 88 67 FE FB 7F FE 55 FA EF 62 AA 93 5B 96 45 56 A4 FD | T:63341 RPD:1
[CH: 50] LEN: 32 | HEX: 05 54 60 60 60 60 EB E9 DB FB CD DB F6 5B FB 46 7E BF EF FF EF BB 7D BF FF 7F 7D FF FB FD 7B FB | T:63364 RPD:1
[CH: 50] LEN: 32 | HEX: 05 54 60 60 60 60 EB C9 DB BB E9 DF E6 5B DA 35 CA FE BF FE FD F5 EF F7 EF FF BF EF FE FE FA FF | T:63394 RPD:1
[CH: 50] LEN: 32 | HEX: 05 54 60 60 60 60 EB D9 DB FB E5 D3 D6 5B FD E1 D2 D5 F7 7F EF BD BB 7F FF 7B EA FF 6D FF FB FF | T:63424 RPD:1
[CH: 50] LEN: 32 | HEX: 05 54 60 60 60 60 EB C9 DB FB A1 D7 F6 5B BC 92 46 B7 DF FF FF F7 BF FF EF FE FE BE ED FA FF FF | T:63454 RPD:1
[CH: 50] LEN: 32 | HEX: 48 4B 56 D2 AA 56 AE 59 05 2A 95 90 0A B4 35 55 69 A5 AB A6 5A 12 1A EA BA F5 D5 3D 5B B7 65 DC | T:63483 RPD:1
[CH: 50] LEN: 32 | HEX: 05 54 60 60 60 60 EB C9 DB FB D5 E3 F6 5B FC F9 B6 F5 FF 7B F7 6B EF FF FE FF FE EB FB FF 5F DB | T:63543 RPD:1
[CH: 50] LEN: 32 | HEX: 05 54 60 60 60 60 EB E9 DB FB D1 E7 B6 5B FD 02 22 B6 F7 BF FE 77 FF 7F FE FF FF FE EF 7D D5 FD | T:63573 RPD:1
[CH: 50] LEN: 32 | HEX: 05 54 60 60 60 60 EB E9 EF F4 02 07 A6 5B FE 8F EA FF BF FF EA 25 45 54 05 B5 B0 25 9B 52 DB BA | T:63821 RPD:1
[CH: 50] LEN: 32 | HEX: 15 51 81 81 81 83 AF 57 7F AF FF C7 09 6E B2 32 CB FA AF DF F7 EF FB FD BD EE FB DA ED BE DF EF | T:63853 RPD:1
[CH: 50] LEN: 32 | HEX: B6 AD 4A B9 29 2A 16 29 28 A1 49 6A A9 98 6A 48 53 4D 29 55 49 32 24 15 60 A1 A8 CD 2A 52 80 9C | T:63864 RPD:1
[CH: 50] LEN: 32 | HEX: 05 54 60 60 60 60 EB A5 DF F7 FF B9 CE 5B FD 52 BA FF 7D EB F7 FA B6 FF F7 FF FD FF BF DF F3 FF | T:63880 RPD:1
[CH: 50] LEN: 32 | HEX: 05 54 60 60 60 60 EB D5 DD CB F3 F9 C2 5B FC 8C B2 FF EF FF DF 77 7F BB 5A FC 53 08 8A 53 0A 67 | T:63895 RPD:1
[CH: 50] LEN: 32 | HEX: 15 51 81 81 81 83 AE 97 7F AF 5D E7 39 6F F5 4A EB F7 FB FA DF CE AD 5F AF DF DF FB ED B7 FF FE | T:63910 RPD:1
[CH: 50] LEN: 32 | HEX: 15 51 81 81 81 83 AF 17 7F 6F EE E7 09 6F DA 32 CB F6 FF EF FB FE FB DF EE AE 54 DC A9 6E A2 9D | T:63925 RPD:1
[CH: 50] LEN: 32 | HEX: 25 95 2A 50 19 60 5D BD 34 A8 D1 45 EC 2B A9 8A AB 4B 59 3C 14 AC 6B 48 B5 DD 24 BA DC 74 95 74 | T:63936 RPD:1
[CH: 50] LEN: 32 | HEX: 05 54 60 60 60 60 EB E5 DF 7B FB F9 C2 5B FC 8C B2 FF DE EF 7F 7F EF FB FB FF FF FD FD EE FF EB | T:63949 RPD:1
[CH: 50] LEN: 32 | HEX: 19 EB 7F 6E AD ED F7 DF 7D FB E7 6D FF 75 DF BE DE 57 9D 7B FF 6B FD D7 BC FD 75 75 F6 B9 BD 7E | T:63960 RPD:1
[CH: 50] LEN: 32 | HEX: 15 51 81 81 81 83 2F 97 77 6E EF E7 09 6D 6A 32 CB FF F5 FF 7F FE A4 DD 51 49 27 45 29 5A 94 10 | T:63973 RPD:1
[CH: 50] LEN: 32 | HEX: 05 54 60 60 60 60 EB E5 DF EF B7 71 CE 5B D6 52 BA DB EE DB DF FF CD 5F 6F F3 EA E9 47 65 32 4E | T:63988 RPD:1
[CH: 50] LEN: 32 | HEX: 94 9B AA AD FA B5 5F 33 2A ED 52 D6 B2 99 A7 93 0D FA B2 F6 55 CE AD 52 AA D2 BD BA B5 92 D6 96 | T:63999 RPD:1
[CH: 50] LEN: 32 | HEX: 05 54 60 60 60 60 EB C5 9D DB B7 79 CE 5B FD 52 BE FE EF DF FB 42 DD A2 CB 63 A5 D5 51 29 55 54 | T:64012 RPD:1
[CH: 50] LEN: 32 | HEX: 22 69 4A D5 5A 4A 80 94 45 A4 8A 08 4C 55 4D 88 00 01 18 10 A2 22 A3 B9 77 FE F9 F5 78 FF FF AA | T:64023 RPD:1
[CH: 50] LEN: 32 | HEX: 05 54 60 60 60 60 EB C5 DD EB F7 79 CE 5B DD 52 BA FF FF BF FF FF D6 FF FF FF BF FB 75 24 EA 90 | T:64036 RPD:1
[CH: 50] LEN: 32 | HEX: 05 54 60 60 60 60 EB E5 DF D3 DB F9 C2 5B FC 8C B2 FD FF F7 B7 EE FF 9A BD 7B FD FD BF FF 7F 6F | T:64051 RPD:1
[CH: 50] LEN: 32 | HEX: 29 6A D4 A1 51 5A B5 A9 96 DA C0 91 2A 91 50 80 A8 00 00 2A A3 03 03 03 07 5F 2E FB 5F BE CE 72 | T:64062 RPD:1
[CH: 50] LEN: 32 | HEX: 15 51 81 81 A1 83 AF 17 7D BF 6F E7 09 6F FA 32 CA FD EF FB FE FF F5 BF FF 6B FB FF 7B FE AE FF | T:64075 RPD:1
[CH: 50] LEN: 32 | HEX: 05 54 60 60 60 60 EB F5 FF 7F D3 ED C2 5B DC 8C B2 DD EE DF BB AA 5C 8A A4 D6 96 A8 8E AA EA 55 | T:64093 RPD:1
[CH: 50] LEN: 32 | HEX: 15 51 81 81 81 83 AE 97 7F 4F 5D E7 39 6F E9 4A EB FF FD DF FF 77 EE DD FF FF DF B7 FD F7 77 FE | T:64104 RPD:1
[CH: 50] LEN: 32 | HEX: 15 51 81 81 81 83 AF 97 7B EF 4F D7 09 6F 52 32 CB FF BF FF DF DF FB BB BF 55 D5 66 A9 49 61 DC | T:64117 RPD:1
[CH: 50] LEN: 32 | HEX: 15 51 81 81 81 83 AF 97 7F FF DE A7 39 6F 79 4A EB FE FD FF DF FF B3 F7 DD FE EF 94 68 4A 8C 56 | T:64132 RPD:1
[CH: 50] LEN: 32 | HEX: 15 51 81 81 81 83 AF 97 7D CF EF 67 09 6F EA 32 CB 7F FB FF 6B FD B7 FB FA F7 FF EF EE FF 77 FB | T:64147 RPD:1
[CH: 50] LEN: 32 | HEX: B5 6E B6 F4 B9 57 5A BB BB AA EF 74 ED 75 53 14 AC 46 26 B8 B6 53 A9 BA 11 57 D6 B3 5C F5 67 93 | T:64158 RPD:1
[CH: 50] LEN: 32 | HEX: 05 54 60 60 60 60 EB C5 DE FB FB D9 C2 5B FC 8C B2 EF 77 EA 74 A4 85 29 84 12 45 2D 54 61 61 A5 | T:64171 RPD:1
[CH: 50] LEN: 32 | HEX: 6A CB F8 AA 29 6F F6 AE CA C6 FE AD D6 7D 7A F7 EB F6 B4 F7 AD D5 A6 6A 6F 76 1D A5 73 6E B9 DB | T:64182 RPD:1
[CH: 50] LEN: 32 | HEX: 15 51 81 81 A1 83 AF 17 77 4F EE A7 09 6E BA 32 CB FF FB FF B7 FC A5 71 55 72 A0 95 BD 0A B6 52 | T:64195 RPD:1
[CH: 50] LEN: 32 | HEX: 00 00 15 51 81 81 81 83 AF 57 7B EF 7F E7 39 6F 69 4A EB F7 F5 F5 FF FF FF FE EE DE FF DF 7A F7 | T:64206 RPD:1
[CH: 50] LEN: 32 | HEX: 15 51 81 81 81 83 AE D7 75 AF EF A7 09 6E FA 32 CB FB F5 FE FF EB 5E FF 7F DF FE BE BF FF D7 BF | T:64219 RPD:1
[CH: 50] LEN: 32 | HEX: 05 54 60 60 60 60 EB A5 DD DB F7 79 CE 5B DE 52 BA FF 7F FF BF 76 CD DB ED FD FF FF F5 FF EF 7F | T:64234 RPD:1
[CH: 50] LEN: 32 | HEX: 05 54 60 60 60 60 EB E5 DF 7B F7 7D CE 5B FE 52 BA FF F7 FF FF BF FB EF FF EF FE FF 5E DE DF FF | T:64258 RPD:1
[CH: 50] LEN: 32 | HEX: D5 D5 54 9A E7 D5 75 A9 2B 49 5A 93 AA AA 93 63 53 8A F5 95 AA D2 56 B7 76 D5 BA 95 66 D6 BA F7 | T:64269 RPD:1
[CH: 50] LEN: 32 | HEX: 05 54 60 60 60 60 EB C5 DD D3 FB F9 C2 5B FC 8C B2 FB 5B FF 7F F3 DC 3D A2 D9 BD 6B 4B CA 5A 79 | T:64284 RPD:1
[CH: 50] LEN: 32 | HEX: 05 54 60 60 60 60 EB A5 DF E3 F7 F9 C2 5B DC 8C B2 F7 EF FB FB FF 6F CB FF 7F DD FF FF FD DF EF | T:64307 RPD:1
[CH: 50] LEN: 32 | HEX: 05 54 60 60 60 60 EB D5 DE BB F7 F5 CE 5B FB 52 BA FF 6B FF 55 B7 FE FE FF 7A 08 12 A5 14 AB 2B | T:64322 RPD:1
[CH: 50] LEN: 32 | HEX: 05 54 60 60 60 60 EB C5 DF 6B F7 D9 C2 5B FC 8C B2 D7 BD FD 50 AA 82 4A 4A 95 96 4E A9 10 A2 BB | T:64342 RPD:1
[CH: 50] LEN: 32 | HEX: 05 54 60 60 60 60 EB E5 DF D3 AB F9 C2 5B DC 8C B2 F7 7F FE DE F6 AA ED 7A BD EA D7 4E 93 ED 5E | T:64365 RPD:1
[CH: 50] LEN: 32 | HEX: 15 51 81 81 81 83 AF 57 75 AF DF E7 39 6E F1 4A EB 7F D6 FB FD F7 FF 77 BF EB B6 DF BF EF B7 FF | T:64379 RPD:1
[CH: 50] LEN: 32 | HEX: 53 56 34 54 61 2E CD 42 0A 4A 70 28 02 D4 C1 35 A2 D0 4B 4B CB 56 B5 51 40 8A 6B 5C 59 48 5A 8B | T:64391 RPD:1
[CH: 50] LEN: 32 | HEX: 05 54 60 60 60 60 EB A5 DD DB DB D9 C2 5B FA 8C B2 F7 FF AF BB DF F6 FE FF 6F FF F7 3D F1 22 4B | T:64406 RPD:1
[CH: 50] LEN: 32 | HEX: 15 51 81 81 81 83 AF 97 7F A0 00 07 19 6F 7D C5 5B F7 77 BF EF BA DF DD BD FB F5 7F FE FE FF FF | T:64443 RPD:1
[CH: 50] LEN: 32 | HEX: 15 51 81 81 81 83 AF 46 DE F0 0F EF D9 6F E6 C9 FA EF EF FD 7F BF DF FD F7 FF FF FF 77 FF 7F D7 | T:64473 RPD:1
[CH: 50] LEN: 32 | HEX: 05 54 60 60 60 60 EB E5 DD DC 00 01 C6 5B FD 71 56 BF BF 5E EF FF FD FD F6 D5 72 BB 77 DD 00 E0 | T:64743 RPD:1
[CH: 50] LEN: 32 | HEX: 05 54 60 60 60 60 EB D1 B7 F4 03 AB D6 5B DF B2 7E F7 BF D6 AB 2D B6 BA 35 CA 5B 1D 65 69 63 2B | T:64773 RPD:1
[CH: 50] LEN: 32 | HEX: 15 51 81 81 81 83 AF 57 77 F0 00 07 19 6F D1 C5 5B FF FF FE FD DE FF 7F FD EF AF FE FF D7 FA FF | T:65043 RPD:1
[CH: 50] LEN: 32 | HEX: 15 51 81 81 81 83 AE 86 DD F0 0F EF 59 6D EE C9 DA FF FF BF EF FF FE FF EF FF BE F7 AF DF BE D5 | T:65073 RPD:1
[CH: 50] LEN: 32 | HEX: 15 51 81 81 81 83 AF 57 7E B0 00 07 19 6F F5 C5 5B DD FD FD 7D DE A0 82 09 22 8B 0D 89 A4 8D 05 | T:65342 RPD:1
[CH: 50] LEN: 32 | HEX: 15 51 81 81 81 83 AE 86 DF 70 0F 6F D9 6F D6 C9 EA FF FF FA 9E D3 3E CA D6 69 54 B9 2F 92 94 B2 | T:65373 RPD:1
[CH: 50] LEN: 32 | HEX: 15 51 81 81 81 83 AF A7 6F 70 08 CF D9 6F 73 07 0B B5 FF AF B7 DE FB FF FD FF 7F FB DF B7 BB FF | T:65517 RPD:1
[CH: 50] LEN: 32 | HEX: 15 51 81 81 81 83 AF A7 6F 6F A7 3D D9 6F F8 E8 DB BF FB F6 B7 FD FD F6 FD ED FD FF 7F ED 6B FE | T:65548 RPD:1
[CH: 50] LEN: 32 | HEX: 45 91 52 2B EA E5 2F D2 44 52 10 15 00 6A 45 12 D5 15 09 29 15 2B 6C 0C 6E 8C AC 51 2B 51 54 35 | T:65559 RPD:1
[CH: 50] LEN: 32 | HEX: 15 51 81 81 81 83 2F A7 6E EF B7 6F D9 6E F5 19 DB DE A9 DA B7 4B D7 D7 3A C8 DA AA 4D F9 5D B3 | T:65585 RPD:1
[CH: 50] LEN: 32 | HEX: 15 51 81 81 81 83 AE 67 6F EF A7 7F 59 6F B4 D7 2B FD DF FF F7 FD AD EA DB FF FB FF FF ED 7B FA | T:65615 RPD:1
[CH: 50] LEN: 32 | HEX: 15 51 81 81 81 A3 AF A7 6F 6F 47 5F D9 6F 7A 49 1A FD FF DD 7D DB E7 5E BD FF BF EB EF F7 77 57 | T:65675 RPD:1
[CH: 50] LEN: 32 | HEX: 15 51 81 81 81 83 AF 67 6F 6F 77 AF D9 6F E9 58 6A F5 6A DD AD 56 AF A8 53 CF CF C0 AB A9 D1 D3 | T:65705 RPD:1
[CH: 50] LEN: 32 | HEX: 15 51 81 81 81 83 AE A7 6F EF 67 BD B9 6E F4 96 3A F7 EA AA 0B 61 35 55 62 A6 41 42 99 12 CB 6B | T:65735 RPD:1
[CH: 50] LEN: 32 | HEX: 15 51 81 81 81 83 2E A7 EF EF 47 9D B9 6E EE 08 8B DD 7B EF FF FF CF FF BF FF 7B FF FF FD FE FD | T:65795 RPD:1
[CH: 50] LEN: 32 | HEX: 15 51 81 81 81 83 AF A7 6E EE B7 EF D9 6E ED 67 1B FF FF DF FB 6E FF E5 12 23 52 12 A9 59 45 27 | T:65825 RPD:1
[CH: 50] LEN: 32 | HEX: 15 51 81 81 81 A3 AF E7 6F DF A7 FF F9 6E F0 A9 4B FF FF FF FB DA BA 82 EC 8A CA D2 95 65 53 25 | T:65855 RPD:1
[CH: 50] LEN: 32 | HEX: 15 51 81 81 81 83 AF 67 6F 6F 17 CF D9 6F 77 FD AB FE EF 5B FF FF FF BE BF ED BE EE FF FF F7 FB | T:65885 RPD:1
[CH: 50] LEN: 32 | HEX: 15 51 81 81 81 83 AF 67 EE AE 87 5F B9 6E FA 3F 7A BB EF DE FF EB EE AF 6F F7 FF FB D7 D5 BE D4 | T:65915 RPD:1
[CH: 50] LEN: 32 | HEX: 15 51 81 81 81 83 AF 67 6F FE F6 2F D9 6F 60 D9 5B 77 57 FF B7 BF BF F7 AF FF FE BE F5 FF F7 7F | T:65945 RPD:1
[CH: 50] LEN: 32 | HEX: 15 51 81 81 81 83 AF 27 6F 6E E6 3B B9 6E F5 17 0A FF BF BF EB D7 B7 56 2E DB DB BE 48 A1 B3 35 | T:65975 RPD:1
[CH: 50] LEN: 32 | HEX: A5 6D 2A 2B 5B 5E 2A AB 35 29 AB AF B3 35 66 5B 2A E3 2E B7 3B 4C 53 51 5D BD EA AA 55 55 00 00 | T:66035 RPD:1
[CH: 50] LEN: 32 | HEX: 15 51 81 81 81 83 AF A7 6F 6E B6 6F B9 6F 6C E6 2A FB 7F 7E FD FD BD BD EF 6F FE FD DF 7F FD D7 | T:66065 RPD:1
[CH: 50] LEN: 32 | HEX: 15 51 81 81 81 83 AF A7 6F 7E 96 4F D9 6E FE 70 9B BF DF F7 FB F6 FD FF FB FF FF FF 7F EF FB 7F | T:66125 RPD:1
[CH: 50] LEN: 32 | HEX: 15 51 81 81 81 83 AF 67 6F EE 86 5D 59 6F 6B B6 CB FD FF AF B7 7F 7D FF FD 6B EF EB FD AB F4 95 | T:66155 RPD:1
[CH: 50] LEN: 32 | HEX: 15 51 81 81 81 83 AF A7 6F 6E 76 AF D9 6F E8 A7 3B DE B9 EB 64 B7 4D 9A B6 F6 AE B2 55 6A 89 75 | T:66185 RPD:1
[CH: 50] LEN: 32 | HEX: 15 51 81 81 81 83 AE A7 6E EE 56 8F D9 6F 72 39 0B D7 FF DF F7 77 FF A7 AD EE EB 4D AD F6 42 B2 | T:66245 RPD:1
[CH: 50] LEN: 32 | HEX: 15 51 81 81 81 83 AF 67 6F 5E 46 9F D9 6F EB F7 5B FB BE EF BD DF DB EF DF BF FF F7 FF FB CF FB | T:66275 RPD:1
[CH: 50] LEN: 32 | HEX: 05 54 60 60 60 60 EB E9 DB DB 8D BB D6 5B DA 26 32 FF FB FE FF EB FF FF BF 7F FF BB FD 7E EF D5 | T:66305 RPD:1
[CH: 50] LEN: 32 | HEX: 05 54 60 60 60 60 EB D9 DB DB 89 BF DE 5B AC 55 A6 FF FF FE F7 FA 7F EF 76 B5 EB AD 17 21 79 A3 | T:66335 RPD:1
[CH: 50] LEN: 32 | HEX: 05 54 60 60 60 60 EB A9 DB FB 85 B3 B6 5B DD 81 9C BE FD F5 7B FF FE F7 F5 BF BF EF EF DB F5 DF | T:66365 RPD:1
[CH: 50] LEN: 32 | HEX: 05 54 60 60 60 60 EB A9 DB FB 7D 4B D6 5B FC B6 4A FA FF F5 E6 FF 7D 6F FF 77 D6 EB 6F FF 7E FB | T:66425 RPD:1
[CH: 50] LEN: 32 | HEX: 05 54 60 60 60 60 EB C9 DB DB F9 CF AE 5B FE 7A 36 BF 6B FD BF FF DF BF FF 77 FF 7E EF BE A2 A2 | T:66455 RPD:1
[CH: 50] LEN: 32 | HEX: 50 62 8C EA 8F 65 D3 53 AB 51 04 55 54 41 04 22 DF BF 7B BF BF 2E BA 42 94 92 A5 29 D2 91 41 54 | T:66466 RPD:1
[CH: 50] LEN: 32 | HEX: 05 54 60 60 60 60 EB C9 DB FB ED DB F6 5B E9 46 7B AB 23 2D 5A 6B 21 CB 57 B7 A6 B7 5A 95 4A 92 | T:66492 RPD:1
[CH: 50] LEN: 32 | HEX: 05 54 60 68 60 60 EB C9 DB FB D9 DF F6 5B FF 35 EA F7 FD FA F7 FE FD FE FF 7D DF DF FF DB BE FF | T:66522 RPD:1
[CH: 50] LEN: 32 | HEX: 15 51 81 81 81 83 AF A7 6F 4F 87 5F D9 6F B2 49 1A FF FB FB FF 7F FF F7 FF EF FF BF F7 AF DD AB | T:66581 RPD:1
[CH: 50] LEN: 32 | HEX: 05 54 60 60 60 60 EB E9 DB FB DD EB E6 5B EE 56 1A FB EB FF FF 5F FF 7F FF 6F 56 FF 7F EF DF B7 | T:66611 RPD:1
[CH: 50] LEN: 32 | HEX: 05 54 60 60 60 60 EB E9 DB FB D9 EF 7E 5B FD 25 8E EF BD 7F FF F6 FA EF FF FD B5 D1 67 D8 D5 10 | T:66641 RPD:1
[CH: 50] LEN: 32 | HEX: 05 54 60 60 60 60 EB E9 DB FB D1 E7 F6 5B DD 42 22 AF DD FF BD FF 7F 7F FE FA AF FF B7 FF BB FF | T:66701 RPD:1
[CH: 50] LEN: 32 | HEX: 05 54 60 60 60 60 EB C9 DB FB CD DB F6 5B FD D9 C6 B7 DD FE BF 5F 77 F7 BF D5 FD 7F FF BF FF DB | T:66731 RPD:1
[CH: 50] LEN: 32 | HEX: 4A 9E BD A8 6F 6B A6 74 95 4A B7 69 D6 AF 6E 66 CA D4 B2 F6 DA 5F D9 56 A5 ED BC 19 62 20 AA 00 | T:66761 RPD:1
[CH: 50] LEN: 32 | HEX: 05 54 60 60 60 60 EB E9 DB FF C5 F3 F6 5B FD FB 6A FF F5 FB D7 5E D6 C1 54 93 B6 E7 77 A9 F6 AD | T:66791 RPD:1
[CH: 50] LEN: 32 | HEX: 05 54 60 60 60 60 EB C9 DB D7 C1 E7 F6 5B FD 8D D4 F6 FD 6F BB 72 8B 95 B6 D2 A5 AB 7A CA 5E 4F | T:66821 RPD:1
[CH: 50] LEN: 32 | HEX: 05 54 60 60 60 60 EB C9 EF F4 02 07 B6 5B F5 8F 6A FF FF FF FF FF 77 D5 5F FB 7D 95 A7 49 FE 62 | T:67036 RPD:1
[CH: 50] LEN: 32 | HEX: 05 54 60 60 60 60 EB C5 DF EB BB D5 C2 5B FC 8C B2 FB FB EF BF D6 FF BA B5 EF DB FF B5 EB FF FF | T:67068 RPD:1
[CH: 50] LEN: 32 | HEX: B2 6D 6B 4A BD 58 80 00 30 31 44 55 45 42 9D 56 46 45 3B 5F 57 11 00 19 DF A5 22 62 E5 51 15 08 | T:67079 RPD:1
[CH: 50] LEN: 32 | HEX: 05 54 60 60 60 60 EB E5 DF 5B FB D1 C2 5B DA 8C B2 BA AE FF FF F7 FE FF FF FE BF FF FF F3 DF F7 | T:67092 RPD:1
[CH: 50] LEN: 32 | HEX: 0C D7 6F FE EE ED DE AF 75 F7 ED FF D5 BF FF ED 7E EA 94 C9 52 A4 11 35 96 A8 A6 6A AD 2A 96 ED | T:67103 RPD:1
[CH: 50] LEN: 32 | HEX: 05 54 60 60 60 60 EB C5 DE EB D3 F9 C2 5B DC 8C B2 FF FF BB FB FF FF BF FD 5A 4D 57 5E AE 35 44 | T:67116 RPD:1
[CH: 50] LEN: 32 | HEX: 05 54 60 60 60 60 EB C5 DF D3 F7 B5 CE 5B BF 52 BA FF FF FF EF FB FF FF FF FD FA F7 FF FD F4 65 | T:67136 RPD:1
[CH: 50] LEN: 32 | HEX: 40 0A E4 6A 74 89 7D 35 6A 8D EB AE AD 99 BE 76 DA B5 D5 53 DF 35 DF D2 B9 5F AA EA 6E A5 33 5D | T:67147 RPD:1
[CH: 50] LEN: 32 | HEX: 05 54 60 60 60 60 EB E5 DF EB F7 F9 CE 5B FE 52 BA F7 FF FF 7F BF FF BF FF EF F5 FF FF 7F DE FB | T:67160 RPD:1
[CH: 50] LEN: 32 | HEX: 51 B2 CA 5A 99 2A 56 6A 96 AC D2 D2 55 4A A8 AA 34 47 66 A4 D4 28 C9 32 F4 A6 5A D4 A8 AB 6C EA | T:67171 RPD:1
[CH: 50] LEN: 32 | HEX: 05 54 60 60 60 60 EB D5 DF 77 D7 B9 CE 5B DE 52 BA FF 7D F7 AE FE 7F FA DA E6 BF FB EF F7 BF F7 | T:67184 RPD:1
[CH: 50] LEN: 32 | HEX: 05 54 60 60 60 60 EB E5 DF 7B FB F9 C2 5B EC 8C B2 BF FF 7F DF FF 6E EF 6B D6 FF FF BF FF BE 7F | T:67199 RPD:1
[CH: 50] LEN: 32 | HEX: 28 CA 74 B0 56 AC 5A B5 52 90 A9 2A 55 09 13 54 8A A3 08 69 32 92 0B 21 4D 0A 90 82 03 21 08 4A | T:67210 RPD:1
[CH: 50] LEN: 32 | HEX: 05 54 60 60 60 60 EB C5 DF F7 FB F9 C2 5B DC 8C B2 FF F7 FB FD FF B6 F7 BF BF EF FF FF F7 77 FB | T:67223 RPD:1
[CH: 50] LEN: 32 | HEX: 05 54 60 60 60 60 EB E5 DF F7 FB E9 C2 5B DC 8C B2 BB BF BF EF 5B EF 77 FE FB FE FF FF FE BB FF | T:67241 RPD:1
[CH: 50] LEN: 32 | HEX: 05 54 60 60 60 60 EB C5 DD DB D7 B9 CE 5B FF 52 BA F7 FF 5A AA 4A 9A 9A E5 D3 9B AB 6F 65 95 76 | T:67256 RPD:1
[CH: 50] LEN: 32 | HEX: 05 54 60 60 60 60 EB E5 DF EF FB D9 C2 5B FE 8C B2 FE DF FB 7B B7 5B FD 7F FB FF FB D5 6B 4D 76 | T:67271 RPD:1
[CH: 50] LEN: 32 | HEX: 05 54 60 60 60 60 EB C5 DE EB DB F9 C2 5B FC 8C B2 DF FE FB FF F5 FF FF FE BF FE FF 7F 6B EE B5 | T:67300 RPD:1
[CH: 50] LEN: 32 | HEX: 05 54 60 60 60 60 EB E5 DF EF F7 F9 CE 5B DD 52 BA FB FB FF B7 BF BF BF EB 7D FF FD BF FF 7D 76 | T:67315 RPD:1
[CH: 50] LEN: 32 | HEX: D5 2A C2 2B 7E 45 CD 52 CA 5E 6D 90 52 10 20 A4 AA 5A 95 64 2C 68 82 4A AB 45 2A 81 23 4A 52 65 | T:67326 RPD:1
[CH: 50] LEN: 32 | HEX: 05 54 60 60 60 60 EB E5 DF EB D7 B9 CF 5B DB 52 BA FF EF FD BB FF DE FF F6 FD FF FF EB 5F DF FF | T:67339 RPD:1
[CH: 50] LEN: 32 | HEX: 05 54 60 60 60 60 EB E5 DE FB FB D1 C2 5B FC 8C B2 FA F7 7D BF FF 5B 7F FB BF FF BF DF 6F FF FD | T:67354 RPD:1
[CH: 50] LEN: 32 | HEX: 05 54 60 60 60 60 EB E5 DE FB F7 F9 CE 5B DD 52 BA F5 6F FF BB E2 5C 70 B6 B6 4B 6F 76 95 34 6B | T:67369 RPD:1
[CH: 50] LEN: 32 | HEX: 05 54 60 60 60 60 EB C5 DE EB D3 F9 C2 5B DC 8C B2 FF 95 7D 71 47 2D AA 98 A5 AD 36 94 25 4A 9B | T:67384 RPD:1
[CH: 50] LEN: 32 | HEX: 05 54 60 60 60 60 EB E5 DF D7 DB D9 C2 5B FA 8C B2 FF FF FF B4 26 2A 91 61 24 14 85 29 2B 24 99 | T:67402 RPD:1
[CH: 50] LEN: 32 | HEX: 05 54 60 60 60 60 EB C5 DF 77 EF 79 CE 5B FF 52 BA FF DF BB F5 FE EA EE FE FD 7D B7 EF DF FF FF | T:67423 RPD:1
[CH: 50] LEN: 32 | HEX: 79 2B 7A 5E 5B 59 76 96 B5 EB AB D7 5A AE A5 B3 B4 B6 D7 B5 93 94 8E D5 2E 9B AC AB D4 A9 28 0A | T:67434 RPD:1
[CH: 50] LEN: 32 | HEX: 05 54 60 60 60 60 EB C5 DF AB F7 F9 CE 5B FB 52 BA ED FF 7F DF F6 FE FF FF DF F9 6A 96 86 84 5E | T:67446 RPD:1
[CH: 50] LEN: 32 | HEX: 05 54 60 60 60 60 EB C5 DE F7 EF F1 CE 5B FD 52 BA FD 7D FF F9 4C E0 AE 54 A6 AB 02 F5 56 A9 0A | T:67464 RPD:1
[CH: 50] LEN: 32 | HEX: 05 54 60 60 60 60 EB E5 DD 57 F3 D9 C2 5B D4 8C B2 FE DE FF FF FF FF FF FC 64 53 54 D3 54 25 54 | T:67480 RPD:1
[CH: 50] LEN: 32 | HEX: 05 54 60 60 60 60 EB E5 DF 57 E7 FD CE 5B FC 52 BA FD 7F FF FB EB 5E F7 B7 FF FB FA DD 7D 2F FA | T:67494 RPD:1
[CH: 50] LEN: 32 | HEX: D2 95 2D 58 A6 86 E9 B6 EA 26 D7 1A D1 F2 C3 DA 98 A0 5A 97 56 B7 4D B5 C6 59 B6 D9 D4 B7 7A 54 | T:67506 RPD:1
[CH: 50] LEN: 32 | HEX: 05 54 60 60 60 60 EB E5 DF F3 F7 F9 CE 5B DA 52 BA FF FF 7F F7 7E BF DF FD 7B F7 FF FF DD FF BF | T:67518 RPD:1
[CH: 50] LEN: 32 | HEX: 05 54 60 60 60 60 EB D5 DF 6B FB E9 C2 5B EC 8C B2 AC F5 DE FF 7F FF EF B7 FF BB FE DF D5 FE AA | T:67533 RPD:1
[CH: 50] LEN: 32 | HEX: 05 54 60 60 60 60 EB E5 DD 7B F7 F9 CE 5B DD 52 BA FF F5 FD FE FD FE A6 9D 56 D9 B7 52 6D 55 71 | T:67548 RPD:1
[CH: 50] LEN: 32 | HEX: 05 54 60 60 60 60 EB E5 DF D3 F7 F5 CE 5B FA 52 BA FF FF FF FF BF 77 97 FF BD 6F FF F7 EF F7 F7 | T:67566 RPD:1
[CH: 50] LEN: 32 | HEX: C5 75 6D 66 76 D2 65 6D 96 5C AD 46 95 A5 19 D5 35 3A E4 B6 D7 6D 94 B9 55 9B 22 AA B2 EB B5 4E | T:67578 RPD:1
[CH: 50] LEN: 32 | HEX: 05 54 60 60 60 60 EB D5 DD DB FB D9 C2 5B DC 8C B2 AF FF FF EA F7 B7 FF FC B7 5B BA DD 6E 94 2A | T:67593 RPD:1
[CH: 50] LEN: 32 | HEX: 15 51 81 81 81 83 AE 97 77 EF DE C7 39 6F E9 4A EB FF 7F FF EB DF FE DF EB 7F F7 BF DF FF F7 BF | T:67608 RPD:1
[CH: 50] LEN: 32 | HEX: 15 51 81 81 81 83 AF D7 7B 4F 5F D7 39 6F F5 4A EB DF BF FF FB B7 B7 FF ED DB F7 FE FF B7 FA DF | T:67626 RPD:1
[CH: 50] LEN: 32 | HEX: 05 54 60 60 60 60 EB E5 DD FB D6 B9 CE 5B DA 52 BA FF F7 BF 77 FF F7 FF DB FD FF FE FF ED FF FB | T:67644 RPD:1
[CH: 50] LEN: 32 | HEX: 05 54 60 60 60 60 EB E5 DD FC 00 01 C6 5B FA 71 56 95 B7 E7 6F FE EB EA EA FB EA F5 FF B5 6F BF | T:67685 RPD:1
[CH: 50] LEN: 32 | HEX: 05 54 60 60 60 60 EB D1 B7 F8 03 FB F6 5B FD B2 7E BF D5 FB F7 7F FF FF FF D7 DF FF EF BF FB F7 | T:67715 RPD:1
[CH: 50] LEN: 32 | HEX: 05 54 60 60 60 60 EB E5 FE BC 00 01 C6 5B FA 71 56 BF FF FF DF FE B7 FF EF F7 FF 77 FA DF FF FF | T:67985 RPD:1
[CH: 50] LEN: 32 | HEX: 05 54 60 60 60 60 EB D1 B7 F4 03 BF F6 5B ED B2 7E BF F3 9A D2 D3 56 AA BE D4 EA 9B 65 4D D3 DD | T:68016 RPD:1
[CH: 50] LEN: 32 | HEX: 05 54 60 60 60 60 EB C5 DE DC 00 01 C6 5B DA 71 56 BF FF D2 AB 55 05 A2 AA 9C 1A 95 01 25 49 54 | T:68284 RPD:1
[CH: 50] LEN: 32 | HEX: 05 54 60 60 60 60 EB D1 B7 E8 03 FB D6 5B BD B2 7E FF 7D FF BF FD FD FF FF FE DB BF BF FF 7F 7F | T:68315 RPD:1
[CH: 50] LEN: 32 | HEX: 05 54 60 60 60 60 EB E5 DF AC 00 01 C6 5B DE 71 56 F7 75 BF AF FF FE FF 6E FF FF FF FF FB DF FF | T:68584 RPD:1
[CH: 50] LEN: 32 | HEX: 05 54 60 60 60 60 EB C1 B7 F4 03 F7 D6 5B FB B2 7E FF FB FD 7F DF B7 7E FF 7F BE EF BA 86 B3 B6 | T:68615 RPD:1
[CH: 50] LEN: 32 | HEX: 05 54 60 60 60 60 EB A5 DD 7C 00 01 C6 5B BC 71 56 B7 DB 7F BF FF EF BF 6D D7 F5 9D FE BF FF E3 | T:68885 RPD:1
[CH: 50] LEN: 32 | HEX: AD 94 91 51 29 6B 65 55 13 71 17 89 6B 16 FC D7 B7 AB 54 BA BB EB F2 4D 15 3F 56 42 90 01 00 2A | T:68914 RPD:1
[CH: 50] LEN: 32 | HEX: 15 51 81 81 81 83 AF 67 6F D0 08 CF D9 6F 73 07 0A BF FF DB EA B9 65 E9 95 4E 6B 96 6A 95 CD 2D | T:69009 RPD:1
[CH: 50] LEN: 32 | HEX: 05 54 60 60 60 60 EB D9 DB B7 B9 CF EE 5B FB 3A 36 FF EF E6 FF DD FF FF FE BF AB 7E FF DF FF ED | T:69039 RPD:1
[CH: 50] LEN: 32 | HEX: 15 51 81 81 81 83 AF 67 6F DE B7 6F 59 6E F5 1B FB FF FF FD 7B DE FB 7F F7 5F 5F FF FB FF C8 54 | T:69077 RPD:1
[CH: 50] LEN: 32 | HEX: 15 51 81 81 81 83 AF 67 6F EF 87 5F D9 6F B2 49 1B DD BA DF AD FF EF 7E FF FF F7 FD FF FD 82 A7 | T:69167 RPD:1
[CH: 50] LEN: 32 | HEX: 15 51 81 81 81 83 AF A7 6F EF 77 2F D9 6F D9 58 6B FE 7F FF FD D8 A9 AC A5 42 28 0A A2 61 44 94 | T:69197 RPD:1
[CH: 50] LEN: 32 | HEX: 15 51 81 81 81 83 AE A7 6F EF 47 1D D9 7F DE 08 8B FF D7 FE FD ED 35 BF FF BF FB BE F7 FF BF D6 | T:69287 RPD:1
[CH: 50] LEN: 32 | HEX: 15 51 81 81 81 83 AF A7 6F EE B7 AF D9 6E BD 67 1B FF 7F F5 5C A4 6E BB 5B 06 55 FE D0 55 8C 24 | T:69317 RPD:1
[CH: 50] LEN: 32 | HEX: 15 51 81 81 81 83 AF A7 6F CF 17 4F D9 6F EF A9 AB FF FA EF 7F FF FF DB EF FF B7 FF FF FB FF FF | T:69377 RPD:1
[CH: 50] LEN: 32 | HEX: 15 51 81 81 81 83 AF 67 6F AF 07 7F D9 6F F2 37 FB FF EB FB FB FB FF BF 7F BB AE 25 19 55 45 12 | T:69407 RPD:1
[CH: 50] LEN: 32 | HEX: 05 54 60 60 60 60 EB E9 DB FB BD 8B F6 5B FA 36 56 FF FF FD 7F FF 7F 7F DF FF FF BF AF 7F DF 7D | T:69437 RPD:1
[CH: 50] LEN: 32 | HEX: 15 51 81 81 81 83 AF 67 6F AE E6 3D D9 6F 75 17 0B FD 7F EF 7D ED D4 D5 29 D3 92 D2 47 5D AA 56 | T:69467 RPD:1
[CH: 50] LEN: 32 | HEX: 05 54 60 60 60 60 EB E9 DB FB B5 83 F6 5B FC 91 DA DF F6 FD 7F 7B FD F7 F5 FB 7D FF F7 FB FF FF | T:69497 RPD:1
[CH: 50] LEN: 32 | HEX: 05 54 60 60 60 60 EB C9 DB EB B1 87 E6 5B FD E2 6E F9 FB EE D5 FD EF 6D FB F7 FF F7 7F 5F 7D FD | T:69527 RPD:1
[CH: 50] LEN: 32 | HEX: 05 54 60 60 60 60 EB E9 DB FB AD 9B F6 5B D9 39 8A FF FF FD 7F FD F5 7F FF 7C FF 77 7F BD FB 7F | T:69557 RPD:1
[CH: 50] LEN: 32 | HEX: 05 54 60 60 60 60 EB E9 DB D7 A9 9F D6 5B D5 4A 1E F7 DE FF FF 7F AF FB EB D5 D2 A5 76 67 EE D5 | T:69587 RPD:1
[CH: 50] LEN: 32 | HEX: 05 54 60 60 60 60 EB C9 DB DB A1 97 76 5B FA ED B2 BF BF EF FB 5F AF 7F B6 F7 AF FF 7C BF 3F EF | T:69647 RPD:1
[CH: 50] LEN: 32 | HEX: 05 54 60 60 60 60 EB D9 DB D3 9D AB E6 5B DC 29 EE FF BF F5 7F B7 EF A4 92 C6 55 49 94 B5 AA 59 | T:69677 RPD:1
[CH: 50] LEN: 32 | HEX: 05 54 60 68 60 60 EB B9 DB BB 99 AE EE 5B F9 5A 72 DB FF DF FD 7F FB FD FF 7F B7 FF F9 FB B7 FF | T:69707 RPD:1
[CH: 50] LEN: 32 | HEX: 05 54 60 60 60 60 EB E9 DB F3 95 A3 56 5B A8 8E 42 FF DF FF B5 E7 AB 7A FE BF 7D AB DF F7 DE E4 | T:69737 RPD:1
[CH: 50] LEN: 32 | HEX: 05 54 60 60 60 60 EB C9 DB DB 91 A7 F6 5B DF F5 D6 FE FF FE EF F7 FF BF FF FE F7 5F EF DF BB FE | T:69767 RPD:1
[CH: 50] LEN: 32 | HEX: 05 54 60 60 60 60 EB C9 DB FB 8D BB F6 5B FF A6 32 FD FF FD DB FE FF FF 7B FA EF 7B BB 7F FE B5 | T:69797 RPD:1
[CH: 50] LEN: 32 | HEX: 05 54 60 60 60 60 EB A9 DB FB 89 BD EE 5B F8 55 A6 BF 57 BB 7F 56 56 50 AA 60 CB 24 54 B6 6C AE | T:69827 RPD:1
[CH: 50] LEN: 32 | HEX: 05 54 60 60 60 60 EB C9 DB DB 85 B3 F6 5B DD 81 9E EF FE F7 EF B5 FF FD 7B FE FF 6A FF AF BF BF | T:69857 RPD:1
[CH: 50] LEN: 32 | HEX: 05 54 60 60 40 60 EB E9 92 AB 81 B7 CE 5B E5 F2 0A B7 DF FF BD 5E B2 6D 5B 36 9B D7 DD 59 D5 F6 | T:69887 RPD:1
[CH: 50] LEN: 32 | HEX: 05 54 60 60 60 60 EB C9 DB DB 79 4B D6 5B FC B6 4A B7 F7 F5 FD 3F 5F DA BF BD FF FF FB FC FF 37 | T:69917 RPD:1
[CH: 50] LEN: 32 | HEX: 05 54 60 60 60 60 EB C9 DB FB D9 CF 76 5B D7 BA 36 F7 FB 7D 6B F7 FF FD FF F6 DD BF DF 77 FC BB | T:69947 RPD:1
[CH: 50] LEN: 32 | HEX: 05 54 60 60 60 60 EB C9 DB FB DD DB F6 5B BD 46 7D FF 7F F7 AB D9 6F AD AD 2D 52 AD E9 37 AA AD | T:69984 RPD:1
[CH: 50] LEN: 32 | HEX: 05 54 60 60 60 60 EB C9 DB FB D9 DF F6 5B DD 35 EA FF DF F5 7F FF FE FB FF FD DE C7 77 7F BF FF | T:70014 RPD:1
[CH: 50] LEN: 32 | HEX: 05 54 60 60 60 60 EB A9 EF F4 02 07 E6 5B DF 8F F2 F7 5F BF FF FF FF EC AB 36 37 53 26 3A AF 0D | T:70218 RPD:1
[CH: 50] LEN: 32 | HEX: 05 54 60 60 60 60 EB E5 DF EB FB F9 C2 5B D8 8C B2 FF BB DA BF DF BF FF 5B ED D7 EF FB FF FD EF | T:70249 RPD:1
[CH: 50] LEN: 32 | HEX: AB A8 E3 5A 27 56 2A AC AA 52 97 A9 11 6A 55 09 69 B0 3A A9 4A 3B B4 C8 AC 4A AA 7B 1C BA 7C A5 | T:70260 RPD:1
[CH: 50] LEN: 32 | HEX: 15 51 81 81 81 83 AF 97 7F EF 9F E7 39 6F B9 4A EB BF FF FF F7 D6 FF FF BF FE FF FD 6F F7 F7 BF | T:70276 RPD:1
[CH: 50] LEN: 32 | HEX: EB 6A B9 5B 55 DE ED 95 B4 92 69 DA 95 4D AD B4 14 AE D5 BA AB 55 A6 55 4A 96 D6 35 1B 65 19 A4 | T:70287 RPD:1
[CH: 50] LEN: 32 | HEX: 15 51 81 81 81 83 AF 97 7A AE BF 67 39 6F 75 4A EB F7 DD EF FB FF DD EF B7 AA 95 59 65 2B A4 E4 | T:70300 RPD:1
[CH: 50] LEN: 32 | HEX: 00 00 15 51 81 81 81 83 AE 97 7B EF CF E7 09 6F 62 32 CB FF BF FF 7F FF FF FF 6F FF FE DF DE FF | T:70311 RPD:1
[CH: 50] LEN: 32 | HEX: 15 51 81 81 81 83 AF 97 7F AF EF E7 09 6F EA 32 CB 7F FE EF FD FF FF BF EF DF 5F FF FF 7F DF FF | T:70327 RPD:1
[CH: 50] LEN: 32 | HEX: 28 B6 14 09 24 AA AD A0 A0 20 69 25 00 A5 4B 24 B2 A9 2A 90 6C D5 01 4A A8 25 A0 D9 1D 76 AB 56 | T:70338 RPD:1
[CH: 50] LEN: 32 | HEX: 05 54 60 60 60 60 EB E5 FF 6B FB F9 C2 5B DC 8C B2 FF 6F 7F F5 FE BD F7 F7 FD BE EE BF FF FF FD | T:70351 RPD:1
[CH: 50] LEN: 32 | HEX: 55 B7 E5 9B 7A B5 6A EA F5 91 81 76 4B 44 84 2C 93 52 46 66 19 B3 5A D6 4A 81 A5 3C 0A AB 55 52 | T:70362 RPD:1
[CH: 50] LEN: 32 | HEX: 15 51 81 81 81 83 AF 17 7F DF 6F A7 09 6F F2 32 CB DF FF FF BD FF 77 DF FF FF BF 6F BF FF FB FD | T:70375 RPD:1
[CH: 50] LEN: 32 | HEX: 05 54 60 60 60 60 EB C5 DD 7B F7 B9 CE 5B FD 52 BA FF FF FF FF FE F7 77 EF AF 35 96 55 4B 2A BE | T:70390 RPD:1
[CH: 50] LEN: 32 | HEX: EF DD DF DB B4 E8 44 AB 97 12 53 FD B0 AB 83 14 A9 15 95 54 89 54 A5 78 EB 14 DD 25 22 54 AA A2 | T:70401 RPD:1
[CH: 50] LEN: 32 | HEX: 05 54 60 60 60 60 EB D5 DF D3 F7 E9 CE 5B AE 52 BA BF FF FE FF 95 65 02 AA DA C8 B5 69 45 68 B6 | T:70414 RPD:1
[CH: 50] LEN: 32 | HEX: 5A 9D EB 68 AA 95 5A 7C 78 A2 AE A1 2A A9 52 29 BB B6 B2 94 14 FD BD EB A7 DF DD 5A F5 DF 6B C4 | T:70425 RPD:1
[CH: 50] LEN: 32 | HEX: 05 54 60 60 60 60 EB E5 DF EB E7 F9 CE 5B FE 52 BA D5 EF FE F5 BF 77 FD DE ED F6 FF BF FB DF FF | T:70438 RPD:1
[CH: 50] LEN: 32 | HEX: 22 AF 50 95 54 EB ED D8 CB 23 D6 2D B3 B7 7F EA A5 BF A6 B8 DB 7E BA D3 92 DD 7B 7B 7D AD 56 D3 | T:70450 RPD:1
[CH: 50] LEN: 32 | HEX: 05 54 60 60 60 60 EB D5 DE EB DF E9 CE 5B EA 52 BA FD FF F7 FF FF FE F3 DE FA 6F B5 DF D7 BB BF | T:70462 RPD:1
[CH: 50] LEN: 32 | HEX: 43 6A AE B2 AA 51 49 BB 59 5B F5 56 7D D2 75 3F C9 B7 3E ED BA AB DB 57 BB C9 2B 4A A5 3A 95 6D | T:70473 RPD:1
[CH: 50] LEN: 32 | HEX: 05 54 60 60 60 60 EB E5 DD 63 F7 F9 CE 5B DA 52 BA DF 7F FF BF FF FD 7A BD ED EF DF 77 74 F9 B3 | T:70486 RPD:1
[CH: 50] LEN: 32 | HEX: 05 54 60 60 60 60 EB E5 DF 6B D3 E9 C2 5B DA 8C B2 DF EB DB 54 12 B0 2B AA 56 A9 75 DA 24 D9 24 | T:70501 RPD:1
[CH: 50] LEN: 32 | HEX: 15 51 81 81 81 83 AF 97 7D DE 9D 77 39 6F 51 4A EB D9 FE FB FF F7 F7 DF 5A 4D A1 4E B2 C5 2A 8B | T:70516 RPD:1
[CH: 50] LEN: 32 | HEX: 05 54 60 60 60 60 EB E5 DE EB D3 F9 C2 5B FA 8C B2 DF AF FD BE 6E DD FF 6F FF DF FB FF D7 FF FD | T:70531 RPD:1
[CH: 50] LEN: 32 | HEX: 15 51 81 81 81 83 AF 97 7F 6F DF 67 39 6F FD 4A EB F5 EB FF 9B 42 4A D9 C8 08 8A B0 94 44 8A 4E | T:70546 RPD:1
[CH: 50] LEN: 32 | HEX: 15 51 81 81 81 83 AE 97 7F 6E CF 67 09 6F EA 32 CB FF FF DF DF E8 35 4D 2D EC DF 93 4C A3 2B 47 | T:70561 RPD:1
[CH: 50] LEN: 32 | HEX: 15 51 81 81 81 83 AF 57 7F AF DF E7 39 6E E9 4A EB FF 5F FF D7 FB FF 77 FF DF 6E FE ED FB FF FB | T:70576 RPD:1
[CH: 50] LEN: 32 | HEX: 05 54 60 60 60 60 EB F5 DD D3 FB F9 C2 5B DC 8C B2 FF FF 6B FA EB 5A B5 D4 AA CD AA A9 5A 19 A8 | T:70591 RPD:1
[CH: 50] LEN: 32 | HEX: 6A A2 B6 41 13 99 20 B5 34 AB 85 64 D7 29 49 AA A8 D7 69 A2 D2 95 6B 2D 25 21 0A 69 54 AA CA 9A | T:70602 RPD:1
[CH: 50] LEN: 32 | HEX: 05 54 60 60 60 60 EB E5 DD 7B DB F1 C2 5B FC 8C B2 FF F7 FF FB F7 DB DF EE DF EF FB DF FD 7F FB | T:70615 RPD:1
[CH: 50] LEN: 32 | HEX: 05 54 60 60 60 60 EB D5 DD 53 B7 F1 CE 5B DB 52 BA DB BF FD FD FF EF BE FF FE FD D7 BD DE B6 EF | T:70630 RPD:1
[CH: 50] LEN: 32 | HEX: 05 54 60 60 60 60 EB E5 DF EB DB D9 C2 5B FA 8C B2 FB FF FE F7 FD FF FF FF F7 FF FF F7 FF FF B7 | T:70645 RPD:1
[CH: 50] LEN: 32 | HEX: 00 00 15 51 81 81 81 83 AE 97 75 EF DD C7 39 6F 75 4A FB FF F7 FB FF FF FD FE BF FE FF 7F FF FE | T:70656 RPD:1
[CH: 50] LEN: 32 | HEX: 05 54 60 60 60 60 EB E5 DF 53 BB E9 C2 5B D8 8C B2 ED FB F7 FE FF EF DD AF FF DF BF 7F 7F BF FF | T:70669 RPD:1
[CH: 50] LEN: 32 | HEX: 05 54 60 60 60 60 EB B5 DF FB D7 75 CE 5B EE 52 BA FF FD FA FF F7 FB FF EF D5 FB 7F FF FF FF FE | T:70684 RPD:1
[CH: 50] LEN: 32 | HEX: 05 54 60 60 60 60 EB C5 DE B7 D3 E1 C2 5B D4 8C B2 F7 FF BF EF FB D7 FF DF FF 55 A9 44 AA 4A 5A | T:70699 RPD:1
[CH: 50] LEN: 32 | HEX: 9A 35 F3 76 43 7C 56 A9 D4 A0 AA A9 4A 16 A5 3C 9A AA 75 55 16 59 72 A4 89 35 2D 54 49 14 51 54 | T:70710 RPD:1
[CH: 50] LEN: 32 | HEX: 15 51 81 81 81 83 AF 97 7D EE DF E7 39 6F FD 4A EB FF BF FE 05 72 34 55 D2 AA D5 D2 A8 4B 51 10 | T:70726 RPD:1
[CH: 50] LEN: 32 | HEX: 05 54 60 60 60 60 EB C5 DF F7 EB F9 C2 5B FC 8C B2 FE FA FB F7 FB DF FF 7D 5F FE FF FF DF DB DE | T:70741 RPD:1
[CH: 50] LEN: 32 | HEX: 05 54 60 60 60 60 EB D5 DF 77 D7 B5 CE 5B ED 52 BA F7 BD FB FF FE DD F5 DF FF 35 7F FF BA 8A B1 | T:70752 RPD:1
[CH: 50] LEN: 32 | HEX: 15 51 81 81 81 83 AF 97 7B 50 00 07 19 6E F1 C5 5B EE DD FA F6 FF FE FF EE A6 D5 2A F4 A2 55 28 | T:70784 RPD:1
[CH: 50] LEN: 32 | HEX: 15 51 81 81 81 83 AF 86 DF E8 0F 6F D9 6F F6 C9 F7 FF FF FF DF DF FD EF F7 7D DD A5 2D D6 C2 AE | T:70815 RPD:1
[CH: 50] LEN: 32 | HEX: 05 54 60 60 60 60 EB D5 DF D4 00 01 C6 5B FD 71 56 DB FF BA D5 D5 B5 3A 56 9D 6B 57 D9 D5 FB FD | T:71084 RPD:1
[CH: 50] LEN: 32 | HEX: 05 54 60 60 60 60 EB E1 B7 BA 03 EB F6 5B F5 B2 7E FD BF D5 96 B3 AB FE B9 4D 7A F4 F6 ED EA F6 | T:71114 RPD:1
[CH: 50] LEN: 32 | HEX: 05 54 60 60 60 60 EB D5 DF DC 00 01 C6 DB DD 71 56 FB F5 72 B9 56 AA B5 3B 6A 95 32 29 6B 36 BE | T:71384 RPD:1
[CH: 50] LEN: 32 | HEX: 05 54 60 60 60 60 EB D1 B7 F4 03 F7 F6 5B FD B2 7A FF 5F FF FF FD EF B7 E4 B2 8B 4A 55 9A EC 56 | T:71414 RPD:1
[CH: 50] LEN: 32 | HEX: 15 51 81 C1 81 83 AF 17 7B F0 00 07 19 6E F9 C5 5B EA FD EE FF BC DE ED EF 7B 7B 6F EA FF 97 FF | T:71683 RPD:1
[CH: 50] LEN: 32 | HEX: 15 51 81 81 81 83 AF 06 DF D0 0F EF B9 6E F6 C9 FA EE FF FF DB FF BF FF 6E BF FF EF BF FF 7B FB | T:71715 RPD:1
[CH: 50] LEN: 32 | HEX: 05 54 60 60 60 60 EB A9 DB F8 02 33 F6 5B BA C1 C2 BF FF 8A 25 9C B2 CD ED 77 96 A9 B4 E4 75 8A | T:71878 RPD:1
[CH: 50] LEN: 32 | HEX: 15 51 81 81 81 83 AE A7 6E EF D7 0F D9 6F 53 B8 3B FE FD 77 F5 DF FF BE FF 7F BF FF FE EB F7 FD | T:71912 RPD:1
[CH: 50] LEN: 32 | HEX: 05 54 60 60 60 60 EB D9 DB DF CD DB D6 5B AD 46 74 BE FF DF ED FD FE FF EF CB AA 5B 55 50 C7 8A | T:71945 RPD:1
[CH: 50] LEN: 32 | HEX: 15 51 81 81 81 A3 AF 67 6F EF A7 77 59 6F E8 D7 2A FF EB FF FB 7F 77 DF DE A5 54 AA 14 A9 68 6B | T:71975 RPD:1
[CH: 50] LEN: 32 | HEX: 15 51 81 81 81 83 AF A7 6F 6F 87 5F D9 6F B2 49 1B FF DD 77 DF 7D BF FF B5 7B FE D7 D5 4A B5 5A | T:72035 RPD:1
[CH: 50] LEN: 32 | HEX: 05 54 60 60 60 60 EB A9 DB F3 DD EB D6 5B DE 56 1A EF D7 2C E2 B4 18 69 20 11 24 05 06 D8 04 10 | T:72065 RPD:1
[CH: 50] LEN: 32 | HEX: 05 54 60 60 60 60 CB D9 DB DB B9 EE AE 5B DD 25 AE FF FC DB 36 CA AC A2 8A C7 66 EB 44 54 C4 B4 | T:72095 RPD:1
[CH: 50] LEN: 32 | HEX: 15 51 81 81 81 83 AE A7 EE FE B7 EE D9 6F 7D 67 1B FF DD FE DF EF FB FF FF D7 F7 BD BF EB 7B FD | T:72185 RPD:1
[CH: 50] LEN: 32 | HEX: 15 51 81 81 81 83 AF 27 6E FF 97 CF 59 6F D7 E9 AA FE DF FF 5F FB DB FF DF FF 6B 7F 77 B7 7F B7 | T:72245 RPD:1
[CH: 50] LEN: 32 | HEX: 15 51 81 81 81 83 AE A7 6E CF 07 BD D9 6E BA 37 F6 DB AD FD D7 F7 EA FF FF EF BF EF ED DF FF FD | T:72275 RPD:1
[CH: 50] LEN: 32 | HEX: 15 51 81 81 81 83 AF 67 6F 6E F6 2E D9 6F D0 D9 5B DF BF FF FB BF FF EF F6 FB DF FF B5 5B 65 4D | T:72305 RPD:1
[CH: 50] LEN: 32 | HEX: 05 54 60 60 60 60 EB A9 DB FB B9 8F 6E 5B FB 45 C2 FD 52 52 D4 34 A5 B6 AA 99 16 55 4A D0 A9 AA | T:72335 RPD:1
[CH: 50] LEN: 32 | HEX: 15 51 81 81 81 83 AF 27 6F EE D6 0F D9 6F 7A 47 EA DF FF DF EF FB BD D7 DF FF FF F5 A2 CA AC D1 | T:72365 RPD:1
[CH: 50] LEN: 32 | HEX: 05 54 60 60 60 60 EB E9 DB FB B1 87 B6 5B FD D2 6E FF D7 FF F7 7F BF FF AA BC EE F6 DD D4 6A CF | T:72395 RPD:1
[CH: 50] LEN: 32 | HEX: 05 54 60 60 60 60 EB C9 DB DB AD 9B B6 5B FB 39 8A BF BB FB DE B2 FF 7F F5 FD AB FF DF ED 7F AB | T:72425 RPD:1
[CH: 50] LEN: 32 | HEX: 05 54 60 60 60 60 EB E9 DB FB A9 9F 76 5B D6 4A 1E FD 7F 6D FF 7F FF B7 F7 F5 FB EF FE FF 77 5F | T:72455 RPD:1
[CH: 50] LEN: 32 | HEX: 05 54 60 60 60 60 EB E9 DB F7 A5 93 F6 5B DD 1E 26 BF FE BF AF EB 6F 7B FF FD DF FD AB 5F FF EF | T:72485 RPD:1
[CH: 50] LEN: 32 | HEX: 05 54 60 60 60 60 EB E9 DB FB 9D AB F6 5B FD 29 EE FD FE FD 7D ED F7 DF DF FF FF BF FF BB F6 EF | T:72545 RPD:1
[CH: 50] LEN: 32 | HEX: 05 54 60 60 60 60 EB C9 DB D7 95 A3 F6 5B AC 8E 42 DF FF 4D BF DF EF BF 7B ED F6 BE BF DB FD FD | T:72605 RPD:1
[CH: 50] LEN: 32 | HEX: 05 54 60 60 60 60 EB D9 DB D3 91 A7 B6 5B D7 FD D6 BF FF BC FF F5 F5 FE FE FD 7F DA E7 BF DD BE | T:72635 RPD:1
[CH: 50] LEN: 32 | HEX: 05 54 60 60 60 60 EB E9 DB FB 8D BB F6 5B AE A6 32 FD DB BF D7 F5 BF EE FB FD ED 0A CA 99 ED 74 | T:72665 RPD:1
[CH: 50] LEN: 32 | HEX: 05 54 60 60 60 60 EB C9 DB FB 89 BF EE 5B D4 55 A6 FF 7F FE BF 6F 6B FF BF FF FD FF 77 EF FD FF | T:72695 RPD:1
[CH: 50] LEN: 32 | HEX: 05 54 60 60 60 60 EB C9 DB FB 85 B3 F6 5B DD 81 9E FF FF FF EF ED BF F7 FF FF DF 5C D1 5A 15 36 | T:72725 RPD:1
[CH: 50] LEN: 32 | HEX: 05 54 60 60 60 60 EB C9 DB EB 81 B7 F6 5B FD E2 0A FF 5B EB 7F FD FF DD FF FF FF BF ED DA FF FE | T:72755 RPD:1
[CH: 50] LEN: 32 | HEX: 05 54 60 60 60 60 EB C9 DB FB 79 4B F6 5B DA B6 4A FF FF FF BF BF DF FB FF DF F5 FF AD EB FB DA | T:72785 RPD:1
[CH: 50] LEN: 32 | HEX: 05 54 60 60 60 60 EB E9 DB FB ED C3 D6 5B EE EE 0E FD 57 FF FF DF FF 7A F7 EF 7F DF DE BF DF FB | T:72818 RPD:1
[CH: 50] LEN: 32 | HEX: 05 54 60 60 60 60 EB E9 DB DB ED DB F6 5B FD 46 7E FD FF FF EF FE F8 DC 27 AD B2 95 40 D2 88 AA | T:72851 RPD:1
[CH: 50] LEN: 32 | HEX: 05 54 60 60 60 60 EB E9 EF FA 02 07 B6 5B EE 8F F2 FF FB BF F7 FE FF BD FD FD CF 57 6B 5D BE CC | T:73068 RPD:1
[CH: 50] LEN: 32 | HEX: 05 54 60 60 60 60 EB E5 DF F3 F3 F9 C2 5B FC 8C B2 DF F7 D7 F5 F7 ED FE DF FF 6D FB FD F7 DF EB | T:73098 RPD:1
[CH: 50] LEN: 32 | HEX: 05 54 60 60 60 60 EB E5 DF D3 DB D9 C2 5B FA 8C B2 FD FB FF BD EF B7 F7 6F 7F 7B FF FD FF FF EB | T:73116 RPD:1
[CH: 50] LEN: 32 | HEX: 54 56 E5 4E D6 BB B5 AD 98 55 B3 9F FD B2 96 FA B1 5B BA 15 54 A6 D5 6B 58 AD 25 68 D6 E5 6C AA | T:73127 RPD:1
[CH: 50] LEN: 32 | HEX: 05 54 60 60 60 60 EB E5 DD FB F7 D9 C2 5B FA 8C B2 BD ED FF FF FE FE EB F7 DA F7 FF FF F7 4D 2A | T:73140 RPD:1
[CH: 50] LEN: 32 | HEX: 05 54 60 60 60 60 EB E5 DE FB DB F9 C2 5B DE 8C B2 FF FD BD BF DF BF EF F2 F6 DD 7F FE BD DF 7F | T:73158 RPD:1
[CH: 50] LEN: 32 | HEX: 05 54 60 60 60 60 EB C5 DF EB F7 BD CE 5B DC 52 BA BF FF FE FF FE FF FB FF FE FF 7F ED DB 6F FD | T:73173 RPD:1
[CH: 50] LEN: 32 | HEX: 2D 29 55 93 4D 15 59 45 57 62 A3 55 6A 84 A2 66 B5 56 C9 58 B4 85 92 9A 55 6A A9 15 69 0D 55 45 | T:73184 RPD:1
[CH: 50] LEN: 32 | HEX: 15 51 81 81 81 83 AF 97 7B 4F 5D 57 39 6E D1 4A EB FF FB 5E BC 05 56 02 A9 5C 26 A3 6A 8D 08 69 | T:73197 RPD:1
[CH: 50] LEN: 32 | HEX: 1C 9A 62 D4 B2 5A B1 56 6B BA A7 B5 B4 2D C9 53 5D D7 72 E5 BA 4A AA E9 B5 F7 5A B7 BB 96 6A BA | T:73208 RPD:1
[CH: 50] LEN: 32 | HEX: 05 54 60 60 60 60 EB E5 DF EB F7 F5 CE 5B FA 52 BA FE AD AD F7 FF EE FD EF EF 56 D7 B6 1F 5D 9F | T:73221 RPD:1
[CH: 50] LEN: 32 | HEX: 05 54 60 60 60 60 EB C5 DE EB FB D9 C2 5B FA 8C B2 ED FF FB 7F FB DA BF 6F BF FB FD 7F FF ED BF | T:73236 RPD:1
[CH: 50] LEN: 32 | HEX: 05 54 60 60 60 60 EB E5 DF DB F7 F5 CE 5B DD 52 BA FF 7F FB CE 9A 28 55 16 84 50 05 A0 6A CD 1A | T:73251 RPD:1
[CH: 50] LEN: 32 | HEX: 05 54 60 60 60 60 EB E5 DE FB FB F9 C2 5B D8 8C B2 FD F7 FE FF 7E AF FF FF FB FF FF FD 7A B7 FF | T:73266 RPD:1
[CH: 50] LEN: 32 | HEX: 05 54 60 60 60 60 EB A5 DF DB F7 F5 CE 5B FA 52 BA BB FB F2 A4 69 2C 61 28 61 0E 25 2B 22 A8 4A | T:73281 RPD:1
[CH: 50] LEN: 32 | HEX: 1D 8A 97 D5 E2 95 12 42 75 A5 4A 52 A2 9B 9F 74 76 B6 EA 7A 4B A9 55 AD DA 57 AE FB C9 57 FD 42 | T:73292 RPD:1
[CH: 50] LEN: 32 | HEX: 05 54 60 60 60 60 EB E5 DE FB F7 F5 CE 5B DD 52 BA EB DE FE FA FF 7B FF DF EF EF FB FF FB F5 DD | T:73305 RPD:1
[CH: 50] LEN: 32 | HEX: 05 54 60 60 60 60 EB D5 DF EB BB D9 C2 5B AC 8C B2 BE BF F7 FF BF FE FA FD D5 65 BB 57 57 45 75 | T:73320 RPD:1
[CH: 50] LEN: 32 | HEX: 05 54 60 60 60 60 EB E5 DF D3 F7 B9 CE 5B FE 52 BA FF ED 7F FB 7F F4 43 1C B2 25 24 11 60 A2 2A | T:73335 RPD:1
[CH: 50] LEN: 32 | HEX: 05 54 60 60 60 60 EB F5 DE BB DB D9 C2 5B DA 8C B2 FF FF DF F7 FF FD FF EF FF FF FD F5 FF FF FF | T:73350 RPD:1
[CH: 50] LEN: 32 | HEX: 60 42 88 8A 8F E5 DF FB FB D5 6D 54 04 44 00 64 ED 3F E6 E5 FD F7 EF BD D7 AB 6E E9 FD DF EF DE | T:73361 RPD:1
[CH: 50] LEN: 32 | HEX: 05 54 60 60 60 60 EB B5 DD FB DB F9 C2 5B FC 8C B2 FF FD BD B7 FD 7B FF E9 B4 C2 9A C8 26 AC A9 | T:73374 RPD:1
[CH: 50] LEN: 32 | HEX: 05 54 60 60 60 60 EB D5 DF D3 D7 F9 CE 5B FA 52 BA FF DF F7 7F EB FD FF 7E F7 FF F7 B7 AF DF DB | T:73389 RPD:1
[CH: 50] LEN: 32 | HEX: 0C 08 51 9D 51 A4 A6 A8 42 A2 AA 6B 6D 56 2E 0A EA FB 6B B6 15 AA D0 0C 92 0A 12 41 16 20 55 AC | T:73400 RPD:1
[CH: 50] LEN: 32 | HEX: 05 54 60 60 60 60 EB E5 DF EB F7 F9 CE 5B BC 52 BA F7 B6 F5 11 91 2A D5 46 A5 58 B4 25 54 A5 22 | T:73418 RPD:1
[CH: 50] LEN: 32 | HEX: AB 98 37 13 AA AB 2A 95 2B 4B E6 65 54 CD C2 94 D2 CA DE 64 E5 5E 35 2A D9 58 3A 8D A4 50 86 94 | T:73429 RPD:1
[CH: 50] LEN: 32 | HEX: 05 54 60 60 60 60 EB E5 DF DB F7 F5 CE 5B FA 52 BA BF CF FF FF 6F FF FF 5D FB FF FF FF FF FF E0 | T:73442 RPD:1
[CH: 50] LEN: 32 | HEX: 05 54 60 60 60 60 EB E5 DE EB F7 F5 CE 5B DA 52 BA AF BB FF 5E BF FB FB 6F FF EE AF AE FF FA FF | T:73464 RPD:1
[CH: 50] LEN: 32 | HEX: 05 54 60 60 60 60 EB E5 DF DB F7 59 CE 5B DE 52 BA FF F7 AD 6D 77 35 2A C5 F3 5B 55 45 9F B6 EE | T:73504 RPD:1
[CH: 50] LEN: 32 | HEX: 05 54 60 60 60 60 EB C5 DE FB F7 E9 C2 5B FA 8C B2 FF FA A4 65 28 81 2D D6 B5 AD 51 72 5A DD 94 | T:73519 RPD:1
[CH: 50] LEN: 32 | HEX: AB 6B 16 AC 6A 9A B5 AB 6D 54 AA 9A E5 AC D8 A9 96 EA 67 50 E8 85 40 0A A1 2A 12 B4 05 AC 15 2C | T:73531 RPD:1
[CH: 50] LEN: 32 | HEX: 05 54 60 60 60 60 EB C5 DD FB FB F5 C2 5B FA 8C B2 FE FF AF ED 5F D7 7D EF EC BF 7B 5B DF FF DF | T:73543 RPD:1
[CH: 50] LEN: 32 | HEX: 05 54 60 60 60 60 EB B5 DD FB F7 75 CE 5B FA 52 BA BF FB DF 7F FF FF BD 5D DE FF D5 6A AA D5 CE | T:73558 RPD:1
[CH: 50] LEN: 32 | HEX: 05 54 60 60 60 60 EB E5 DF EB D7 FD CE 5B FD 52 BA BE F7 FD FF 7D FA F6 FE EB B2 01 D4 1D 75 2A | T:73582 RPD:1
[CH: 50] LEN: 32 | HEX: 05 54 60 60 60 60 EB C5 DF D3 DB D9 C2 5B FC 8C B2 FF 6F FF 7B BF BD F7 AD F5 A9 7A 5F 5E 4F F7 | T:73594 RPD:1
[CH: 50] LEN: 32 | HEX: 05 54 60 60 60 60 EB E5 DF D3 EF FD CE 5B FA 52 BA EF FE F5 DA 6F FB AD FF 7D FE FB FF FA FA DB | T:73606 RPD:1
[CH: 50] LEN: 32 | HEX: 63 71 D5 49 51 CA EA 96 92 A2 A5 AA 8E 62 CD 0A 2E EE D9 95 35 29 92 D4 5B 5C B5 A6 61 2A AB 53 | T:73618 RPD:1
[CH: 50] LEN: 32 | HEX: 05 54 60 60 60 60 EB D5 DE D4 00 01 C6 5B FF 71 56 BF FF 7F FF FF FF FD FA C5 54 D5 69 A6 0B 6A | T:73647 RPD:1
[CH: 50] LEN: 32 | HEX: 05 54 60 60 60 60 EB E1 B7 F8 03 DB D6 5B DD B2 7D BF FD 7E FF F7 AF F5 FF EF BB FF FF FF FF FF | T:73677 RPD:1
[CH: 50] LEN: 32 | HEX: 05 54 60 60 60 60 EB D5 DF D4 00 01 C6 5B FD 71 56 FD DE DE FD F6 DD E5 2D B9 FF FF 6A 6A 21 71 | T:73947 RPD:1
[CH: 50] LEN: 32 | HEX: 05 54 60 60 60 60 EB A1 B7 78 03 B3 B6 5B DB B2 74 9F BB FF F7 FF F7 95 0A 50 B6 40 61 16 8A 64 | T:73977 RPD:1
[CH: 50] LEN: 32 | HEX: 05 54 60 60 60 60 EB D5 DE BC 00 01 C6 5B DC 71 56 FD FF F7 FF FD EF F5 FB FE EF 7F F6 EF BF FF | T:74246 RPD:1
[CH: 50] LEN: 32 | HEX: 05 54 60 60 60 60 EB E1 B7 F4 03 DB E6 5B DD B2 76 BF FB FF FF BB FF 5D FF BF 7F FF EF EF 7E CD | T:74277 RPD:1
[CH: 50] LEN: 32 | HEX: 05 54 60 60 60 60 EB E5 DF FC 00 01 C6 5B FA 71 56 FF FF 76 F7 BF FF D7 BF FD F6 FB 95 54 D6 B2 | T:74546 RPD:1
[CH: 50] LEN: 32 | HEX: 05 54 60 60 60 60 EB E1 B7 EC 03 FB D6 5B FD B2 7E FB EF FE FF FF 5F D5 FE BB BD EF F5 EF EA DF | T:74577 RPD:1
[CH: 50] LEN: 32 | HEX: 05 54 60 60 60 60 EB D9 DB BE 02 33 F6 5B DA C1 C2 FF BF AF BF FD 5E FD DE ED FF FB FB EF ED EB | T:74621 RPD:1
[CH: 50] LEN: 32 | HEX: 05 54 60 60 60 60 EB F9 DB DB F9 CF EE 5B DE 3A 36 DF FF FE F7 EF 7F 7F FF BF FF 56 35 54 8A D5 | T:74651 RPD:1
[CH: 50] LEN: 32 | HEX: 05 54 60 60 60 60 EB C9 DB BB F1 C7 EE 5B FB 9D 9A FB CD 5A AE 25 AA 93 4A AC B4 95 38 B4 B5 65 | T:74685 RPD:1
[CH: 50] LEN: 32 | HEX: 05 54 60 60 60 60 EB E9 DB FB FD DB F6 5B D5 46 7E F5 7F AB FB BF DE FF F5 7E BD BB FE F7 7A DF | T:74715 RPD:1
[CH: 50] LEN: 32 | HEX: 05 54 60 60 60 60 EB E9 DB DF A9 DE E6 5B FA 35 DA FF 7B 7F DB FF 7F FF EF FE F7 FE FF FD EF FF | T:74745 RPD:1
[CH: 50] LEN: 32 | HEX: 05 54 60 60 60 60 EB E9 DB BB C5 D3 E6 5B FD E1 D2 F3 DF 77 FF 34 94 84 84 13 2A 85 3B 69 DB B2 | T:74775 RPD:1
[CH: 50] LEN: 32 | HEX: 05 54 60 60 60 60 EB D9 DB F3 D1 D7 F6 5B BE 92 46 FF FF 7B ED D5 FF 96 E7 EA F5 DF FB FD AF FD | T:74805 RPD:1
[CH: 50] LEN: 32 | HEX: 05 54 60 60 60 60 EB A9 DB AB DD EB A6 5B DE 56 1A DF FD 88 33 07 26 86 0A B1 90 AC 52 88 65 53 | T:74835 RPD:1
[CH: 50] LEN: 32 | HEX: 05 54 60 60 60 60 EB A9 DB FB D1 E7 F6 5B FD 02 22 FE FF EB FF FF FF FF EE F7 FD FF DF FF FF FF | T:74925 RPD:1
[CH: 50] LEN: 32 | HEX: 05 54 60 60 60 60 EB E9 DB FB A9 FE F6 5B FC 2A 52 FE 88 72 51 AA 75 7D 79 AD 56 D0 12 62 2A 84 | T:74985 RPD:1
[CH: 50] LEN: 32 | HEX: 05 54 60 60 60 60 EB C9 DB DB C1 F7 F6 5B FC 8D FE EF FF D7 FF F7 7D FD DB 9B FC FB EF FF BF FF | T:75045 RPD:1
[CH: 50] LEN: 32 | HEX: 01 55 18 18 18 18 3E F2 76 FE EE 63 FD 96 FF F1 70 BF EF BF FB 7F BF FD EF E8 50 32 C9 49 14 1A | T:75105 RPD:1
[CH: 50] LEN: 32 | HEX: 05 54 60 60 60 60 EB E9 DB FB B1 87 B6 5B D9 E2 6E EF EB FF FF EF AB FF DD DC BF F7 7D FA BF EE | T:75165 RPD:1
[CH: 50] LEN: 32 | HEX: 05 54 60 60 60 60 EB E9 DB FB A9 9E EE 5B EC 4A 1E BF FF DE FF FF FF FF FF 77 F7 FF FF 6F EE FE | T:75225 RPD:1
[CH: 50] LEN: 32 | HEX: 05 54 60 60 60 60 EB C9 DB EB A1 97 F6 5B F8 ED B2 FF B7 BE F7 FB FF BF 6F F7 6F F7 FF 67 DF 76 | T:75285 RPD:1
[CH: 50] LEN: 32 | HEX: 05 54 60 60 60 60 EB C9 DB FB 9D AB D6 5B FF 29 CE FF DB D7 6B B6 FD 6F AD 76 69 3E B6 54 F5 9D | T:75314 RPD:1
[CH: 50] LEN: 32 | HEX: 01 55 18 18 18 18 3A FA 76 FA E6 6B AB 96 FF D6 9E BB FF DB ED B7 FD 4F F7 BF F7 EF FD EF BD B7 | T:75344 RPD:1
[CH: 50] LEN: 32 | HEX: 6B 94 5E 39 6A D2 6B 4D 75 58 A9 5C 83 6B 99 4B 54 D5 92 F7 55 52 6D 74 66 B8 B2 EA A2 01 54 00 | T:75374 RPD:1
[CH: 50] LEN: 32 | HEX: 05 54 60 60 60 60 EB E9 DB FB 91 A7 D6 5B FE BD D6 FD F7 DB DB 6F FF BB 5B 6A 9D 76 CA B7 DF 5A | T:75404 RPD:1
[CH: 50] LEN: 32 | HEX: 05 54 60 60 60 60 EB E9 DB FB 89 BF EE 5B DC 55 A6 B7 DF F5 BF F7 F2 BD EB 77 ED BF FF FF DF DF | T:75464 RPD:1
[CH: 50] LEN: 32 | HEX: 05 54 60 60 60 60 EB C9 DB FB 85 B3 D6 5B FD 81 9C BF BE FF 7F F6 FF BF FF EF FF FD FF BD 7F FF | T:75494 RPD:1
[CH: 50] LEN: 32 | HEX: 05 54 60 60 60 60 EB C9 DB FB 81 B7 AE 5B FF F2 0A FF FD DD FF FF FF F7 5F FE BF FB DF BB 5F FF | T:75524 RPD:1
[CH: 50] LEN: 32 | HEX: 05 54 60 60 60 60 EB D9 DB DB F9 CF 6E 5B FD 3A 36 F7 DD FF FB FF FF FA 97 5B 2D D9 B7 A7 E1 5B | T:75584 RPD:1
[CH: 50] LEN: 32 | HEX: 01 55 18 18 18 18 3A F2 76 FE FB 76 FD 96 FF 51 9F B7 DF 7D BF 7F FF FE FF EA F7 FD F7 8F 7F FF | T:75648 RPD:1
[CH: 50] LEN: 32 | HEX: 15 51 81 81 81 83 AF A7 6F 4F 17 4F 59 6F BA 87 4B FF FF FF DE FD EB FE FF DF FB F7 FE FF EE FF | T:75708 RPD:1
[CH: 50] LEN: 32 | HEX: 05 54 60 60 60 60 EB C9 DB DB C1 D7 F6 5B FC 92 46 B5 DB FF F6 FF FD 77 FF EF BA 76 A1 16 91 83 | T:75738 RPD:1
[CH: 50] LEN: 32 | HEX: 05 54 60 60 60 60 EB A9 DB FB 9D EB F6 5B DC 56 1A FF FD DF FF FF FF 76 FF BF FF FE FF FF FF FE | T:75768 RPD:1
[CH: 50] LEN: 32 | HEX: 05 54 60 60 60 60 EB E9 DB AB D9 CE B6 5B FD 25 8E FF FF EF EF F7 F5 FF B7 FF F7 FF B7 FF F7 EE | T:75798 RPD:1
[CH: 50] LEN: 32 | HEX: 05 54 60 60 60 60 EB E9 EF F4 02 07 F6 5B EF 8E A2 FF 7F DB FF FF EF DD BB FE DE AA DA A5 45 32 | T:76000 RPD:1
[CH: 50] LEN: 32 | HEX: 15 51 81 81 81 83 AF 97 7F 4F AF E7 09 6F F2 32 CB BF F6 E5 4E 88 36 6F 25 45 8A 2A F4 89 22 56 | T:76036 RPD:1
[CH: 50] LEN: 32 | HEX: 7B EB 55 56 6A 5A D9 3D 58 AB 6D EE E5 D7 6B CA B2 9A 96 BD 4F F7 65 53 AB A5 6F CC AF 74 AE AD | T:76048 RPD:1
[CH: 50] LEN: 32 | HEX: 05 54 60 60 60 60 EB D5 DF DB F7 D1 CE 5B FC 52 BA FE FF FB AD EF FB FF 52 9A 94 4E A4 D0 2A 9A | T:76069 RPD:1
[CH: 50] LEN: 32 | HEX: 05 54 60 60 60 60 EB E5 DF EB FB F9 C2 5B FA 8C B2 FF DF FD DF 7F DF 7F F7 FF 5F F7 F7 FE FF FF | T:76084 RPD:1
[CH: 50] LEN: 32 | HEX: 05 54 60 60 60 60 EB F5 DF D3 F7 B5 CE 5B DA 52 BA FF 7F DF F1 BA AA 8A C9 BB 72 F9 64 D1 4B 6B | T:76099 RPD:1
[CH: 50] LEN: 32 | HEX: 05 54 68 60 60 60 EB A5 DF FB B7 B5 CE 5B DE 52 BA FF BB 56 FF FF 57 FE FF FF D7 FF 5A EA A2 54 | T:76128 RPD:1
[CH: 50] LEN: 32 | HEX: 05 54 60 68 60 60 EB D5 DD DB D7 79 CE 5B FD 52 BA BD EF FF FB FF FB EB FF FF FF DF F7 F7 9F BD | T:76151 RPD:1
[CH: 50] LEN: 32 | HEX: 05 54 60 60 60 60 EB D5 DF D3 FB FD C2 5B D4 8C B2 FE AF FF BD BF ED 7E DF FF 7B DF FA FF 6F DF | T:76166 RPD:1
[CH: 50] LEN: 32 | HEX: 05 54 60 60 60 60 EB E5 DF EB F7 B9 CE 5B F4 52 BA BB FF FD FB 7A DF 73 F3 FD FB FA A5 4F 51 75 | T:76181 RPD:1
[CH: 50] LEN: 32 | HEX: 05 54 60 60 60 60 EB A5 DF FB BB F9 C2 5B DA 8C B2 BF FF FE BA FB FA BF 5A B7 D4 6F 95 6F B5 AE | T:76196 RPD:1
[CH: 50] LEN: 32 | HEX: 05 54 60 60 60 60 EB D5 DF DB F3 F9 C2 5B FA 8C B2 FB FE F7 DF 6F F7 EF BF AF DB FD 7B BF FF FD | T:76214 RPD:1
[CH: 50] LEN: 32 | HEX: 6D DA AC AD 95 B5 5B 70 BB 54 F5 52 11 B9 A6 35 35 5B 79 5A D7 6B E5 6E D3 9F B4 AE A7 D3 65 95 | T:76226 RPD:1
[CH: 50] LEN: 32 | HEX: 05 54 60 60 60 60 EB C5 DF DB DB F5 C2 5B FC 8C B2 BB BF AE FF DF 7C DF EF BF FF AD 6C 9A 95 BA | T:76238 RPD:1
[CH: 50] LEN: 32 | HEX: 49 D2 D0 AD 21 94 AE FA D5 48 B8 B5 68 D0 A9 26 28 55 62 AA E4 2B 5A D5 E6 95 52 52 D2 24 97 22 | T:76250 RPD:1
[CH: 50] LEN: 32 | HEX: 05 54 60 60 60 68 EB C5 DF EB FB F9 C2 5B DE 8C B2 DB FD DF 7B FF EF FF FF DF 7D BE DF B7 FB FF | T:76262 RPD:1
[CH: 50] LEN: 32 | HEX: 05 54 60 60 60 60 EB D5 DD FB F7 F1 CE 5B FA 52 BA DD FF BD FF DB 6B FD 5A B4 FB 6B 55 5A A5 5A | T:76277 RPD:1
[CH: 50] LEN: 32 | HEX: 05 54 60 60 60 60 EB D5 DF F3 FB F5 C2 5B FA 8C B2 BF EE ED F6 D5 FB F7 DA FE DD FF FD FF DA 97 | T:76292 RPD:1
[CH: 50] LEN: 32 | HEX: 05 54 60 60 60 60 EB D5 DD FB BB F9 C2 5B FA 8C B2 B5 5A D6 F5 EE EB FF FB D6 DF F7 9D 49 81 29 | T:76310 RPD:1
[CH: 50] LEN: 32 | HEX: 05 54 60 60 60 60 EB E5 DF DB F7 F5 CE 5B FC 52 BA FA DB FF DF EE BE FD FF FF FF 46 2D 2A 17 28 | T:76325 RPD:1
[CH: 50] LEN: 32 | HEX: 05 54 60 60 60 60 EB E5 DE EB FB F5 C2 5B D8 8C B2 BB DF FD FF 7F F7 BF FE BF FD FD D6 FF FF 2F | T:76340 RPD:1
[CH: 50] LEN: 32 | HEX: 6E 9B CD D1 DE 91 55 51 52 AA A8 B4 20 C9 89 29 51 09 4A 6A 28 45 4B 04 01 38 41 55 12 D7 11 34 | T:76351 RPD:1
[CH: 50] LEN: 32 | HEX: 05 54 60 60 60 60 EB E5 DE FB FB F9 C2 5B EC 8C B2 EF FE FF BD DF F5 F7 FD 7F DE DB F7 FE FE D7 | T:76364 RPD:1
[CH: 50] LEN: 32 | HEX: 05 54 60 60 60 60 EB C5 DE EB D7 F5 CE 5B B9 52 BA FF FD EF FF FF DB EF FB FE FF FF FB DD FF FF | T:76379 RPD:1
[CH: 50] LEN: 32 | HEX: 05 54 60 60 60 60 EB D5 DF D3 FB D1 C2 5B FA 8C BA F5 FE FF DF 77 FF FD 5E AA D2 14 0E A1 5A 3A | T:76399 RPD:1
[CH: 50] LEN: 32 | HEX: 05 54 60 60 60 60 EB E5 DF F3 FB F9 C2 5B DA 8C B2 FD FD BE 88 24 29 29 6D 2A 41 51 22 62 44 B0 | T:76422 RPD:1
[CH: 50] LEN: 32 | HEX: 05 54 60 60 60 60 EB D5 DE F3 FF F9 C2 5B FA 8C B2 BF FD FF 7B FD F7 7F FF 2D 57 E9 6A 49 52 A5 | T:76445 RPD:1
[CH: 50] LEN: 32 | HEX: 05 54 60 60 60 60 EB E5 DE DB FB F9 C2 5B DC 8C B2 F5 DF F7 7E F7 FF F6 BF DF BE DF BF 3D EF 7B | T:76474 RPD:1
[CH: 50] LEN: 32 | HEX: 05 54 60 60 60 60 EB E5 DF EB F7 F5 CE 5B FA 52 BE AF FB 6B EF DE FB D7 7F FF DD 7D FF BE FD 7E | T:76489 RPD:1
[CH: 50] LEN: 32 | HEX: 05 54 60 60 60 60 EB E5 DE FB F7 D9 CE 5B B4 52 BA BF FB FE DF BF DD F7 E9 D7 75 55 A9 5A AE EA | T:76518 RPD:1
[CH: 50] LEN: 32 | HEX: 06 89 14 CA 2A 93 AD 1A 11 00 08 93 4A A6 36 97 12 94 8C 49 8D 25 55 55 1A B1 6B 85 54 55 AA 40 | T:76530 RPD:1
[CH: 50] LEN: 32 | HEX: 05 54 60 60 60 60 EB D5 DE D3 F7 F1 C2 5B DA 8C B2 EF FD EF EB FD F7 FF DF DF DF DB 7F FF FF FD | T:76550 RPD:1
[CH: 50] LEN: 32 | HEX: 28 24 94 A2 8C B4 AA 73 A5 5D 1B 29 52 AA 17 72 45 50 9A 4A A4 52 AA AB B9 49 42 CA 50 52 AA AA | T:76561 RPD:1
[CH: 50] LEN: 32 | HEX: 05 54 60 60 60 60 EB D5 DE EC 00 01 C6 5B DA 71 56 F7 EE BD AB FD BA CF D5 F1 B0 0C F5 28 EB D3 | T:76605 RPD:1
[CH: 50] LEN: 32 | HEX: 05 54 60 60 60 60 EB E1 B7 F4 03 FB D6 5B FB B2 76 BE FF AF DD FD FF F7 76 FF AE CB 6F BB DD 77 | T:76636 RPD:1
[CH: 50] LEN: 32 | HEX: 05 54 60 60 60 60 EB F5 DE FC 00 01 C6 DB D6 71 56 FF FD BF EF D7 FD EB 7B F7 7F BF DF BF F7 FF | T:76905 RPD:1
[CH: 50] LEN: 32 | HEX: 05 54 68 60 60 60 EB D1 B7 F4 03 F7 D6 5B DF B2 7E FF FF FF BF F7 FF FF DF FF EE EF F7 BF FF 55 | T:76936 RPD:1
[CH: 50] LEN: 32 | HEX: 05 54 60 60 60 60 EB D5 DE BC 00 01 C6 5B F4 71 56 DF F7 BF EF FF BF FE FF FE BD A5 09 54 64 B3 | T:77205 RPD:1
[CH: 50] LEN: 32 | HEX: 05 54 60 60 60 60 EB C1 B7 B8 03 D7 D6 5B FB B2 7A B7 53 7E D5 D5 56 EF 5D AA 52 D4 2A 4D 8F 64 | T:77235 RPD:1
[CH: 50] LEN: 32 | HEX: 05 54 60 60 60 60 EB E9 DB FC 02 33 F6 5B FA C1 C2 BB FF BF 7F 75 7E FF FF FF DF BF BF FD BF 7E | T:77509 RPD:1
[CH: 50] LEN: 32 | HEX: 05 54 60 60 60 60 EB D9 DB BB F1 CF D6 5B DB 3A 36 FF FF FD 6F 58 ED 52 D7 54 F7 55 A9 55 55 D3 | T:77540 RPD:1
[CH: 50] LEN: 32 | HEX: 05 54 60 60 60 60 EB C9 DB AB B5 C3 A6 5B FA EE 0E FF FA DF 75 48 A1 22 34 12 CB 19 45 52 3A AA | T:77570 RPD:1
[CH: 50] LEN: 32 | HEX: 05 54 60 60 60 60 EB E9 DB BB E9 DF E6 5B DD 35 EA F7 FF FF FF FB DF FF FE FE FF FD 7F FF FF FF | T:77635 RPD:1
[CH: 50] LEN: 32 | HEX: 05 54 60 60 60 60 EB E9 DB DB A5 D3 E6 5B F5 E1 D2 FF DF DB FF EE DE F7 FF FD BE BE FF FF 6B BC | T:77665 RPD:1
[CH: 50] LEN: 32 | HEX: 05 54 60 60 60 60 EB F9 DB EB A1 D7 F6 5B DC 92 46 FF AF FE DF FD FD DB DD FE F7 FE DD FB FB 4A | T:77694 RPD:1
[CH: 50] LEN: 32 | HEX: 05 54 60 60 60 60 EB E9 DB FB D9 EE F6 5B BD 25 8E BB FF FD 7F FB FD F7 6F EF BB FF AD ED FF DF | T:77754 RPD:1
[CH: 50] LEN: 32 | HEX: 05 54 60 60 60 60 EB A9 DB DB B1 D7 B6 5B FB 82 22 FB BB 4A AB C9 51 9B 56 CB 4B 46 15 4A D4 65 | T:77815 RPD:1
[CH: 50] LEN: 32 | HEX: 05 54 60 60 60 60 EB D9 DB BF 8D F3 F6 5B DB 59 C6 FD D7 DD FF DF F6 AC B5 EA FD 26 A3 1F 4C 57 | T:77844 RPD:1
[CH: 50] LEN: 32 | HEX: 05 54 60 60 70 60 EB D9 DB BB C9 FD F6 5B DC 2A 52 BB C8 B5 D3 93 B3 D6 EB DA 06 84 09 A1 45 01 | T:77874 RPD:1
[CH: 50] LEN: 32 | HEX: 05 54 60 60 60 60 EB D9 DB FB C5 F3 E6 5B DB EE 6A AF 7B EF EF 3E F5 BB EF 75 D7 EF 5F F7 FC FD | T:77904 RPD:1
[CH: 50] LEN: 32 | HEX: 05 54 60 60 60 60 EB E9 DB FB E1 D7 F6 5B FD 8D DD BF EF EF DD 76 B6 DA 48 B5 6D A6 09 53 D5 4F | T:77934 RPD:1
[CH: 50] LEN: 32 | HEX: 05 54 60 60 60 60 EB A9 DB DB BD 8B F6 5B DC 36 56 FF EF FF FD BF F7 FB 0C 23 54 65 28 2B 64 A1 | T:77964 RPD:1
[CH: 50] LEN: 32 | HEX: 05 54 60 60 60 60 EB E9 DB EB B9 8F EE 5B DF 45 C2 F7 FA 42 11 04 91 21 04 00 50 28 2A 4A A3 FB | T:77994 RPD:1
[CH: 50] LEN: 32 | HEX: 15 51 81 81 81 83 AF 27 6F EE D6 0F 59 6F FA 47 EB 7B FF BE DF FF FE FF FF AE AF FB FF FF D7 FD | T:78024 RPD:1
[CH: 50] LEN: 32 | HEX: 05 54 60 60 60 60 EB E9 FB DB B1 87 F6 5B DB C2 6E ED DF BF F7 EF F5 7E EF FF BF FB 7F BF FF 7F | T:78054 RPD:1
[CH: 50] LEN: 32 | HEX: 05 54 60 60 60 60 EB C9 DB F7 AD 9B F6 5B FD 39 8A B7 FF FE EF EF AF BF FF 6F DF FE E9 6D 6A 8A | T:78084 RPD:1
[CH: 50] LEN: 32 | HEX: 05 54 60 60 60 60 EB E9 DB FB A5 93 FE 5B DB 9E 26 B7 6F FF EF FF 7F FF EF DF EF F7 FF FF EF 77 | T:78144 RPD:1
[CH: 50] LEN: 32 | HEX: 05 54 60 60 60 60 EB E9 DB EB 9D AB A6 5B AA 29 CC BD FB 75 DB A6 E6 77 FD 7E BF DA EF F6 DF DF | T:78204 RPD:1
[CH: 50] LEN: 32 | HEX: 05 54 60 60 60 60 EB C9 DB DB 99 AF 66 5B DD 5A 7A AF FE FB F5 52 9A A1 52 5A 6A AF 52 D5 22 D3 | T:78234 RPD:1
[CH: 50] LEN: 32 | HEX: 05 54 60 60 60 60 EB E9 DB FB 95 A3 56 5B D8 8E 42 AB AF 5B FE F7 DD BE F4 EF BB 5F D7 FD F7 BF | T:78264 RPD:1
[CH: 50] LEN: 32 | HEX: 05 54 60 60 60 60 EB C9 DB FB 91 A7 F6 5B DD 7D D6 FF EF FB FE DF 7D 7F FF FF DF AB FB FE FF DB | T:78294 RPD:1
[CH: 50] LEN: 32 | HEX: 05 54 60 60 60 60 EB B9 DB DB 8D BB D6 5B AF 26 32 DD DF BF FF BE FE EF FD 7F FF AF DB F7 FF 5F | T:78324 RPD:1
[CH: 50] LEN: 32 | HEX: 05 54 60 60 60 60 EB B9 DB EB 89 BB E6 5B F8 55 A6 FF BF FF FF FB EF FD FF FB DF FD FF FB FF F5 | T:78354 RPD:1
[CH: 50] LEN: 32 | HEX: 05 54 60 60 60 60 EB C9 DB DB 85 B3 F6 5B FF 81 9E FF FD FF 7F F7 FB 7D 5F BF BF FF FF FD FF FF | T:78384 RPD:1
[CH: 50] LEN: 32 | HEX: 05 54 60 60 60 60 EB E9 DB FB 7D 4B F6 5B FC B6 4A BF FD FF EA 6F EA AA D6 61 9E CD D2 FF 7A 9D | T:78444 RPD:1
[CH: 50] LEN: 32 | HEX: 05 54 60 60 60 60 EB E9 DB BB F5 CF EE 5B DA BA 36 FF FF FF 95 FD FE FF FB BE FF 7F EF 7F FF FA | T:78474 RPD:1
[CH: 50] LEN: 32 | HEX: 40 42 8C EA 8E A5 52 AA AA 29 04 2A 49 51 04 27 DA FF FF 6D 7F FF FB B5 FF F7 EB 75 32 B5 2C 14 | T:78485 RPD:1
[CH: 50] LEN: 32 | HEX: 05 54 60 60 60 60 EB E9 DB FB D9 DD D6 5B FC 35 EA AF EF F7 EA FF F5 F5 FF D2 54 8A A6 9A 6B 36 | T:78568 RPD:1
[CH: 50] LEN: 32 | HEX: 05 54 60 60 60 60 EB E9 DB EB E5 D3 D6 5B EB 41 D2 FD FD F7 FB BA DF FF DB F7 76 F7 EF EB D7 BF | T:78598 RPD:1
[CH: 50] LEN: 32 | HEX: 05 54 60 60 60 60 EB E9 DB FB C1 D7 F6 5B DC 92 46 FF AF FF FB FE FF FF 5B BC EC 8D 5E FC 6E 55 | T:78628 RPD:1
[CH: 50] LEN: 32 | HEX: 05 54 60 60 60 60 EB E9 EF BE 02 07 F6 5B FD 0F E2 FE 7F FF A9 25 B4 DA A5 57 88 D4 EA D5 42 05 | T:78879 RPD:1
[CH: 50] LEN: 32 | HEX: 05 54 60 60 60 60 EB C5 DF F3 F7 F9 CF 5B FE 52 BA FF FF 77 FF FB DF BB BF FB BB FF F7 EF 7E FE | T:78912 RPD:1
[CH: 50] LEN: 32 | HEX: 05 54 60 60 60 60 EB E5 DE EB F7 F5 CE 5B DE 52 BA F5 BA FF DF 5B BF FF FF EF F6 FF FF FE BF AD | T:78930 RPD:1
[CH: 50] LEN: 32 | HEX: 05 54 60 60 60 60 EB C5 DE FB B7 D1 C2 5B BE 8C B2 BA BF FF FB FB 4A 55 AA 09 69 42 94 B9 AD 54 | T:78945 RPD:1
[CH: 50] LEN: 32 | HEX: 25 25 54 91 55 45 40 42 25 6F E7 FF BF FF FB 56 BB 7D 3B AF 7B EE 76 BE AB F7 FF FE AE AB 6B 9B | T:78956 RPD:1
[CH: 50] LEN: 32 | HEX: 05 54 60 60 60 60 EB C5 DF EB FB F1 C2 5B FC 8C B2 FF FF 7B FF BF 7D F7 FF DF FF F6 DF FF D2 49 | T:78969 RPD:1
[CH: 50] LEN: 32 | HEX: 15 51 81 81 81 83 AF 57 7D CF 5E F7 39 6F F9 4A EB FF FF 7F FF FF DF DA F5 56 85 76 56 E9 55 5F | T:78984 RPD:1
[CH: 50] LEN: 32 | HEX: 82 54 AA 69 12 49 25 42 94 80 D4 B4 67 16 95 11 52 A5 AA C5 55 A3 49 52 49 26 24 8A AB 6C 94 82 | T:78995 RPD:1
[CH: 50] LEN: 32 | HEX: 05 54 60 60 60 60 EB D5 DE EB FB F9 C2 5B FE 8C B2 BF FD 7E FF D5 FD 7F DF D6 FE F7 FF DE DF DF | T:79011 RPD:1
[CH: 50] LEN: 32 | HEX: 05 54 60 60 60 60 EB E5 DE EB AB D9 C2 5B FC 8C B2 FF FF FD FF DF DF F8 E9 29 77 55 5A 55 49 55 | T:79029 RPD:1
[CH: 50] LEN: 32 | HEX: 05 54 60 60 60 60 EB D5 DD FB EF F5 CE 5B DA 52 BA FF F7 FB BF F7 DD DB FF ED EB FD FF FF 7F 7E | T:79044 RPD:1
[CH: 50] LEN: 32 | HEX: 05 54 60 60 60 68 EB E5 DE FB EB D9 C2 5B FC 8C B2 BE EF FF DF 7F FF B5 F7 FD FE BF DB FE FF F6 | T:79059 RPD:1
[CH: 50] LEN: 32 | HEX: 05 54 60 60 60 60 EB A5 DE D3 DB FD C2 5B FC 8C B2 FF FD DD A9 57 52 A5 D5 55 7A 54 B5 4A 95 56 | T:79077 RPD:1
[CH: 50] LEN: 32 | HEX: 05 54 60 60 60 60 EB D5 DF DB F7 B9 CE 5B FA 52 BA BF FB BF FF FF BF FE FF ED D7 CB ED FF F6 BE | T:79092 RPD:1
[CH: 50] LEN: 32 | HEX: 05 54 60 60 60 60 EB E5 DD D3 DB D9 C2 5B EC 8C B2 FF FB BF DF DF FF EF FD EF 77 BB EF F5 55 56 | T:79107 RPD:1
[CH: 50] LEN: 32 | HEX: 2C 21 44 80 01 44 40 42 3B FF FF DB 7F 7E FF BE BE B7 BF E6 EF 5A D5 75 50 B5 5D 55 55 E7 5E 9B | T:79118 RPD:1
[CH: 50] LEN: 32 | HEX: 05 54 60 60 60 60 EB A5 DF 67 FB F9 C2 5B BC 8C B2 FE F5 7F 7E EB EF AF FF FF FF DF 7B F7 FF 7E | T:79142 RPD:1
[CH: 50] LEN: 32 | HEX: 05 54 60 60 60 60 EB E5 DF EB F7 F5 CE 5B FD 52 BA EF FA FD 7B FB BF FF FA FD D7 FF 7B CB 77 D6 | T:79157 RPD:1
[CH: 50] LEN: 32 | HEX: 05 54 60 60 60 60 EB E5 DD FB B7 F5 CE 5B AE 52 BA F7 FF F7 FF DF FF BF AB FF 54 7C 50 E6 B2 14 | T:79186 RPD:1
[CH: 50] LEN: 32 | HEX: 88 A0 85 19 D5 1B CB AA A6 AA AB 05 2A A9 42 02 47 FF F6 F7 37 F5 7B FF 56 FD 6B 5D DA EB F7 EF | T:79197 RPD:1
[CH: 50] LEN: 32 | HEX: 05 54 60 60 60 60 EB E5 DF EB A7 F5 CE 5B FE 52 BA FF 7F F7 77 EF FF DF F7 FB F7 FF B5 AB DF FF | T:79210 RPD:1
[CH: 50] LEN: 32 | HEX: 86 95 5A D5 2A 96 BF EA 5D 5E FC 4C 11 42 6A 56 BA 0D 44 B0 22 A4 30 69 33 A8 41 54 44 4A 95 41 | T:79221 RPD:1
[CH: 50] LEN: 32 | HEX: 05 54 60 60 60 60 EB A5 DE FB F7 F5 CE 5B FC 52 BA BF FD 7F F5 BD 7F FF FE FF DF 7F BF FB FB FF | T:79234 RPD:1
[CH: 50] LEN: 32 | HEX: 48 5C ED AE F6 0A 95 05 22 69 92 AA 44 D4 75 3A 05 6D 91 52 00 04 60 62 88 8A 89 55 15 56 A5 35 | T:79245 RPD:1
[CH: 50] LEN: 32 | HEX: 05 54 60 60 60 60 EB D5 DF DB F7 F5 CE 5B FC 52 BA EE AF FA FF EF DE FF F7 FF F6 FF EF DF 7F DD | T:79258 RPD:1
[CH: 50] LEN: 32 | HEX: 05 54 60 60 60 60 EB B5 DF D3 F7 FD CE 5B EE 52 BA FF FE FE FF BF BA A6 92 A8 C5 4A A5 69 14 14 | T:79293 RPD:1
[CH: 50] LEN: 32 | HEX: 05 54 60 60 60 60 EB C5 DE F7 F7 79 CE 5B FD 52 BA 9F FF F7 ED 7E BD EF FA F7 DF 9F EF DB FB FF | T:79311 RPD:1
[CH: 50] LEN: 32 | HEX: 05 54 60 60 60 60 EB D5 DF DB FB F9 C2 5B FE 8C B2 F7 FF EA ED 6A DD 2F 4A AD 6A D1 54 47 AB 5E | T:79326 RPD:1
[CH: 50] LEN: 32 | HEX: 05 54 60 60 60 60 EB D5 DE FB FB F9 C2 5B FC 8C B2 BB DE FB E9 78 39 B3 1D 84 D9 BB A7 16 06 AA | T:79344 RPD:1
[CH: 50] LEN: 32 | HEX: 05 54 60 60 60 60 EB D5 DF DB D7 75 CE 5B FC 52 BA EF FF FF A2 A9 5A CF 10 A5 45 95 D2 89 46 2D | T:79359 RPD:1
[CH: 50] LEN: 32 | HEX: 05 54 60 60 60 60 EB A5 DF DB D3 D9 C2 5B FC 8C B2 BF FD FF D7 FF FB F7 FE FB FB FF FF DB BF BE | T:79391 RPD:1
[CH: 50] LEN: 32 | HEX: 05 54 60 60 60 60 EB C5 DF 6C 00 01 C6 5B FA 71 56 FF BF FF FF F7 6F FD DB DF F9 F6 F7 7F EF BF | T:79434 RPD:1
[CH: 50] LEN: 32 | HEX: 05 54 60 60 60 60 EB D1 B7 F4 03 DB F6 5B DD B2 7E FF FF FF B7 BF ED AA 91 A7 51 55 91 3A 84 29 | T:79465 RPD:1
[CH: 50] LEN: 32 | HEX: 05 54 60 60 60 60 EB E5 DF E8 00 01 C6 5B FA 71 56 AE BA EF FE DB 6B 9E 37 F7 6D FB BD BF E7 BA | T:79735 RPD:1
[CH: 50] LEN: 32 | HEX: 05 54 60 60 60 60 EB E1 B7 DA 03 FB D6 5B FB B2 7A BF DF EA EF BE EA 94 75 44 DA AA D5 2A A9 12 | T:79765 RPD:1
[CH: 50] LEN: 32 | HEX: 05 54 60 60 60 60 EB A5 DE FC 00 01 C6 5B FD 71 56 FF FB AF BB AE 65 F5 B7 AD 57 5E FF AD A4 EC | T:80034 RPD:1
[CH: 50] LEN: 32 | HEX: 05 54 60 60 60 60 EB D1 B7 74 03 BB D6 5B DB B2 76 BD 6F EF A0 21 40 4A 4A 00 48 01 00 45 21 42 | T:80064 RPD:1
[CH: 50] LEN: 32 | HEX: 05 54 60 60 60 60 EB C9 DB EC 02 33 D6 5B DC C1 C2 FF B5 55 75 25 B6 BA B5 4D 54 D2 D5 53 63 42 | T:80268 RPD:1
[CH: 50] LEN: 32 | HEX: 05 54 60 60 60 60 EB E9 DB D3 F9 CE EE 5B DD 3A 36 BF B6 92 E8 9D 7A 96 A9 85 55 4C 24 1A E4 8A | T:80299 RPD:1
[CH: 50] LEN: 32 | HEX: 05 54 60 60 60 60 EB E9 DB EB CD DB F6 5B BB 46 7E BF FF FB 7D FD 7F 7F F7 D7 FF EF FA FB EF FF | T:80337 RPD:1
[CH: 50] LEN: 32 | HEX: 05 54 60 60 60 60 EB D9 DB FB D9 DF 76 5B EE 35 EA EA DF F7 F7 FF DF 7B FD F7 DD 6D 3F F7 FF FF | T:80367 RPD:1
[CH: 50] LEN: 32 | HEX: 05 54 60 60 60 60 EB D9 DB FB C5 D3 D6 5B FD E1 D2 BF 75 FF EF 7F EF DB EF 7F BE D1 B7 BF FE DF | T:80397 RPD:1
[CH: 50] LEN: 32 | HEX: 05 54 60 60 60 60 EB D9 DB BB 9D EB F6 5B FD 56 1A FD FF FD FF F7 FF BE F7 6E FE F7 FD BA FF 7F | T:80457 RPD:1
[CH: 50] LEN: 32 | HEX: 05 54 60 60 60 60 EB D9 DB BB D5 E3 F6 5B FC E1 B6 FD FF FD FF FF FF FF BF ED FE FE BF FF FB 6B | T:80517 RPD:1
[CH: 50] LEN: 32 | HEX: 05 54 60 60 60 60 EB E9 DB FB D1 C7 B6 5B D7 02 22 F5 FF 7F 6F DF FF EF DD 7F BF F5 C8 15 8D 52 | T:80547 RPD:1
[CH: 50] LEN: 32 | HEX: 05 54 60 60 60 60 EB B9 DB FB C9 EF 56 5B D4 2A 52 FF FD EF FF 7D AF BF FC FF 7D F3 BF B7 BA EF | T:80607 RPD:1
[CH: 50] LEN: 32 | HEX: 05 54 60 60 60 60 EB C9 DB FB C1 EF F6 5B FD 8D FE BF EB EF F7 D3 81 2A D4 A6 92 4A 55 D6 AA AA | T:80667 RPD:1
[CH: 50] LEN: 32 | HEX: 05 54 60 60 60 60 EB C9 DB FB B9 8B F6 5B FA 36 56 BF 7F BF D5 52 E5 21 54 E8 AD 68 BA 55 4A 29 | T:80697 RPD:1
[CH: 50] LEN: 32 | HEX: 05 54 60 60 60 60 EB D9 DB F3 B9 8F 6E 5B BD 45 C2 BF F7 FE F5 F7 BB BF FD B7 FF 7B FF FF BB FF | T:80727 RPD:1
[CH: 50] LEN: 32 | HEX: 05 54 60 60 60 60 EB E9 DB FB B5 83 F6 5B FD 91 FA DA FB FB FF FF FF F7 EF FA B7 FF FF EB ED B7 | T:80757 RPD:1
[CH: 50] LEN: 32 | HEX: 05 54 60 60 60 60 EB A9 DB B3 B1 87 F6 5B DD E2 6E BF DB FE FF FB FF 6B 5F FF F7 7A BB B7 F7 DF | T:80787 RPD:1
[CH: 50] LEN: 32 | HEX: 05 54 60 60 60 60 EB C9 DB BB AD 9B D6 5B FD 39 8A DF F7 FF FF BF BF FF FE FF EF EF FD FD DF FF | T:80817 RPD:1
[CH: 50] LEN: 32 | HEX: 05 54 60 60 60 60 EB D9 DB D7 A9 9E F6 5B DF 4A 1E DE FE EF 7F DF FF FF DB BF FF FF BF DB FF 7F | T:80847 RPD:1
[CH: 50] LEN: 32 | HEX: 05 54 60 60 60 60 EB D9 DB FB A5 93 F6 5B FB 9E 26 BF FF FF FE DB AA BF FF FF FF FF FF FF 7B FD | T:80877 RPD:1
[CH: 50] LEN: 32 | HEX: 05 54 60 60 60 60 EB D9 DB FB A1 97 D6 5B DE ED B2 BC FF F7 B6 FF FF DD ED FF 7F FA BF 7F EF FD | T:80907 RPD:1
[CH: 50] LEN: 32 | HEX: 05 54 60 60 60 60 EB C9 DB DB 95 A3 F6 5B FE 8E 42 FD 7D FD BA FE DF FD D6 42 2A 8A 66 B9 4C CA | T:80996 RPD:1
[CH: 50] LEN: 32 | HEX: 05 54 60 60 60 60 EB E9 DB FB 91 A7 DE 5B FE BD D6 FF BF BF FF FF BF F7 EF 7E FF FB FD FF FF FB | T:81026 RPD:1
[CH: 50] LEN: 32 | HEX: 05 54 60 60 60 60 EB E9 DB FB 8D BB F6 5B DE 26 32 EF BD 6F DB FB 66 FF FD F7 5C BF FD F7 F7 F3 | T:81056 RPD:1
[CH: 50] LEN: 32 | HEX: 05 54 60 60 60 60 EB C9 DB FB 85 B3 EE 5B DD 81 9E BE F6 FE EF FE FF F5 FB FF BE FF DE FB D7 D7 | T:81116 RPD:1
[CH: 50] LEN: 32 | HEX: 05 54 60 60 60 60 EB C9 DB DB D9 CF F6 5B DF 3A 36 FF DF BF FE FF F5 BF FA FF FF FF F2 A9 2B C6 | T:81206 RPD:1
[CH: 50] LEN: 32 | HEX: 1A 69 E5 29 44 D5 7E E6 B1 0C 35 3E AE 52 35 0B 0B 55 3D 55 95 2E AA F2 2E D6 59 64 86 69 76 2D | T:81218 RPD:1
[CH: 50] LEN: 32 | HEX: 05 54 60 60 60 60 EB E9 DB DB AD DB F6 5B FD 46 7E FF FF D6 57 5A D9 32 F2 D2 A4 96 A9 40 CA 09 | T:81243 RPD:1
[CH: 50] LEN: 32 | HEX: 05 54 60 60 60 60 EB E9 DB B3 C5 D3 F6 5B DF E1 D2 FF FF BF FF FA DD F7 DE FF BE EF DC D5 E5 16 | T:81303 RPD:1
[CH: 50] LEN: 32 | HEX: 05 54 60 60 60 60 EB C9 DB FB E1 D7 AE 5B FA 92 46 BD F7 FD FD 2E 54 34 2A 10 2A AF D5 59 6D 5D | T:81333 RPD:1
[CH: 50] LEN: 32 | HEX: 05 54 60 60 60 60 EB C9 DB FB DD EB F6 5B FE 56 1A FF EF F6 FB EF FF FE FF 7F FF FD FE FB FF D7 | T:81363 RPD:1
[CH: 50] LEN: 32 | HEX: 05 54 60 60 60 60 EB D9 DB DB D5 E3 F6 5B FA F1 B6 E8 FF B5 FF DD DB BE FB BD FF FF FF DE CB DF | T:81423 RPD:1
[CH: 50] LEN: 32 | HEX: 05 54 60 60 60 60 EB E9 DB FB D1 E7 F6 5B DE 82 22 BE FF FF 7F BF FF EB FF AF FB FE FF DF D7 7E | T:81453 RPD:1
[CH: 50] LEN: 32 | HEX: 05 54 60 60 60 60 EB C9 EF F2 02 07 F6 5B BF 8F F2 BF FF FF 7F FD BF FD EF FF FF DD FB B6 F7 FD | T:81659 RPD:1
[CH: 50] LEN: 32 | HEX: 05 54 60 60 60 60 EB E5 DF EB DB F9 C2 5B D8 8C B2 BB FF BF FB 77 D7 F7 BD FF B5 FF EE B7 FE DF | T:81696 RPD:1
[CH: 50] LEN: 32 | HEX: 29 25 44 80 01 24 40 42 3D D7 BF 5F 6B FA 55 19 4C EA CC B4 9D A4 C4 D3 29 4A 95 23 45 AE FE A3 | T:81707 RPD:1
[CH: 50] LEN: 32 | HEX: 55 4B 72 89 55 25 6C A4 5D AD 2A 5A 79 24 AD 6A 89 AB 6A 9D AD DF AA F1 DB 53 B4 B4 32 AB 56 2A | T:81722 RPD:1
[CH: 50] LEN: 32 | HEX: 05 54 60 60 60 60 EB D5 DE EB F7 75 CE 5B F4 52 BA 9F FF F5 FF BF F5 FE D2 81 22 AA 92 11 59 D3 | T:81735 RPD:1
[CH: 50] LEN: 32 | HEX: 42 A0 47 37 EB FF 6A F5 FD ED DD 5D BF FB DA BD 74 22 6E 27 29 42 DF 56 A1 2A D5 76 94 D1 D9 74 | T:81746 RPD:1
[CH: 50] LEN: 32 | HEX: 05 54 60 60 60 60 EB C5 DD FB F7 F5 CE 5B DE 52 BA FD FF FF DE FF DF 7F FF DF 7F DE EF FF FF FE | T:81759 RPD:1
[CH: 50] LEN: 32 | HEX: 05 54 60 60 60 60 EB F5 DF D3 FB D9 C2 5B FA 8C B2 F7 5F FD AE A6 AD 46 B5 A4 66 52 2D 64 B5 E8 | T:81780 RPD:1
[CH: 50] LEN: 32 | HEX: D5 57 7D 91 51 56 91 A2 B7 73 44 18 A9 53 24 55 24 6A E3 2F 41 55 0A 2A 93 C9 2D 46 04 5A 52 B5 | T:81791 RPD:1
[CH: 50] LEN: 32 | HEX: 05 54 60 60 60 60 EB E5 DE F3 EB F9 C2 5B FA 8C B2 DF FF FB EF FF FF FB FF FA FA B7 F7 FB FE FF | T:81804 RPD:1
[CH: 50] LEN: 32 | HEX: 05 54 60 60 60 60 EB D5 DD DB D7 F9 CE 5B DE 52 BA FF DF FF DF FB BD 7F FB D9 5B 79 5B A7 56 77 | T:81818 RPD:1
[CH: 50] LEN: 32 | HEX: 05 54 60 60 60 60 EB D5 DE F3 FB F9 E2 5B FA 8C B2 FF BF FA FD F7 EF 77 FF FD FE F7 FF FF F7 FE | T:81834 RPD:1
[CH: 50] LEN: 32 | HEX: 05 54 60 60 60 60 EB A5 DD 7B F7 B5 CE 5B BE 52 BA FD DF F7 7E FA E5 75 B1 5A 6B B4 DC D3 46 6A | T:81848 RPD:1
[CH: 50] LEN: 32 | HEX: 05 54 60 60 60 60 EB A5 DE DB BB F9 C2 5B FA 8C B2 B7 FF FF FF FF FD DF FF ED FF D5 B2 91 4D 09 | T:81863 RPD:1
[CH: 50] LEN: 32 | HEX: BE 27 EF 42 AD D6 F8 E9 A4 B2 5A F1 05 BA 24 55 29 41 67 A5 11 55 25 A5 24 B5 4A 29 93 55 45 55 | T:81878 RPD:1
[CH: 50] LEN: 32 | HEX: 05 54 60 60 60 60 EB D5 DF DB F7 E9 CE 5B FD 52 BA FF FF 5C 92 53 13 2A 8A B5 AB 95 05 55 76 94 | T:81890 RPD:1
[CH: 50] LEN: 32 | HEX: B1 29 D2 A9 45 40 A5 95 D5 52 8A DF A5 68 AE AB 7E F6 A7 58 69 2D 8B 65 CE 79 B9 20 F3 AF 5B 15 | T:81902 RPD:1
[CH: 50] LEN: 32 | HEX: 05 54 60 60 60 60 EB A5 DD FB F7 F9 C2 5B F4 8C BA FF FD EF FF DF BE F7 FF FF FE FE DF FF EF EB | T:81917 RPD:1
[CH: 50] LEN: 32 | HEX: 60 42 8A 8A 8F E5 DF FB EA 95 EF 8A A8 44 00 27 7B BE FA AB 67 D2 AD 56 7D 8D 6A E8 B4 EA B5 52 | T:81929 RPD:1
[CH: 50] LEN: 32 | HEX: 05 54 60 60 60 60 EB C5 DF DB FB F9 C2 5B FA 8C B2 FF DD FE FE FB EA AF FF BF F7 EB 7F FF FA F5 | T:81941 RPD:1
[CH: 50] LEN: 32 | HEX: 05 54 60 60 60 60 EB D5 DD EB F7 F5 CE 5B FA 52 BA BF BF F5 77 FB EF FF EB EF DF FF F7 9F BB EE | T:81956 RPD:1
[CH: 50] LEN: 32 | HEX: 05 54 60 60 60 60 EB E5 DF 73 DB F9 C2 5B DC 8C B2 BD FB DD FE FB FB DD F7 76 FF DA F5 35 6A A1 | T:81968 RPD:1
[CH: 50] LEN: 32 | HEX: 05 54 60 60 68 60 EB D5 DE EB F7 F1 CE 5B BE 52 BA BE EB FF FB AF F7 DB FF FF FD BA EE F7 5F DB | T:81980 RPD:1
[CH: 50] LEN: 32 | HEX: 05 54 60 60 60 60 EB F5 DD FB DB B9 C2 5B DA 8C B2 FD FE F5 AF FB FB BB B7 7F FF BF 5F FB FF DF | T:81995 RPD:1
[CH: 50] LEN: 32 | HEX: B6 B2 46 D9 6F 53 AF 73 76 5B 6A B4 CA 5E CE AC AA EC AA B5 72 D6 5B 41 6A AB 20 93 45 0A 24 E5 | T:82007 RPD:1
[CH: 50] LEN: 32 | HEX: 05 54 60 60 60 60 EB A5 DD EB BB B1 C2 5B DC 8C B2 BF F6 FB DF BF FB FF FE ED FF FF F5 FF 7F F7 | T:82019 RPD:1
[CH: 50] LEN: 32 | HEX: 05 54 60 60 60 60 EB F5 DF F3 F7 BD CE 5B EA 52 BA F5 FF 56 AB 94 A4 BE 94 BA 55 35 BB AC 8B 92 | T:82034 RPD:1
[CH: 50] LEN: 32 | HEX: 05 54 60 60 60 60 EB E5 DE FB D3 F9 C2 5B DC 8C B2 FD FF FE FF FE D7 7F EE DF FF 7D 5B F6 BF BE | T:82049 RPD:1
[CH: 50] LEN: 32 | HEX: 05 54 60 60 60 60 EB E5 DF EB F7 F5 CE 5B DE 52 BA FF BB 7F F9 FE EF FE 98 85 44 94 65 BA 2A 92 | T:82070 RPD:1
[CH: 50] LEN: 32 | HEX: 15 51 81 81 81 83 AF 57 7F 6E CE E7 09 6F 72 32 CB FD FF F7 6D FF DE FF AE FF 6F FD EB FD FB FF | T:82085 RPD:1
[CH: 50] LEN: 32 | HEX: 05 54 60 60 60 60 EB E5 DE EB F7 F5 CE 5B FD 52 BA BF DF BF F7 FF FB 77 FB BF FD BF FA EF BF FF | T:82100 RPD:1
[CH: 50] LEN: 32 | HEX: 50 90 1A BE B3 65 7B 7A FA F3 FB 75 FF FD DA BF AA AF 8F 15 D6 94 88 20 C5 7A 5B 28 45 2D 4A 14 | T:82112 RPD:1
[CH: 50] LEN: 32 | HEX: 05 54 60 60 60 60 EB D5 DF EB BB D9 C2 5B FA 8C B2 BB FF D5 BF 4F FE BF 55 6B 55 23 4C AE E9 4B | T:82127 RPD:1
[CH: 50] LEN: 32 | HEX: 05 54 60 60 60 60 EB E5 DF FC 00 01 C6 5B BE 71 56 FF DF FE AF DB D6 DD 7F BF 7E DD FF EE FF BB | T:82165 RPD:1
[CH: 50] LEN: 32 | HEX: 05 54 60 60 60 60 EB E1 B7 F4 03 F7 D6 5B DD B2 7A BD FF ED 53 5A 9B AA EA B6 A9 D7 E7 CD DF C2 | T:82195 RPD:1
[CH: 50] LEN: 32 | HEX: 15 51 81 81 81 83 AF 57 7F 70 00 07 19 6F 71 C5 5B BF FA EF 79 F7 BF FB 7E FE EF EF 57 FF FD EF | T:82465 RPD:1
[CH: 50] LEN: 32 | HEX: 15 51 81 81 81 83 AF 86 DE D0 0F EF 59 6F 76 C9 DB DF FF FF D6 54 2A A1 2E C0 D5 5A 13 62 92 37 | T:82496 RPD:1
[CH: 50] LEN: 32 | HEX: 05 54 60 60 60 60 EB D5 DE FC 00 01 C6 5B DE 71 56 DF EE FF F7 75 DF 7F 7F DF AA BF FD 74 15 75 | T:82764 RPD:1
[CH: 50] LEN: 32 | HEX: 05 54 60 60 60 60 EB D1 B7 BC 03 FB B6 5B FD B2 76 BF FF FB EF 6D FF FB 7D FB FE F7 F7 7F BD F5 | T:82795 RPD:1
[CH: 50] LEN: 32 | HEX: 15 51 81 81 81 83 AF 57 7F D0 00 07 19 6F 71 C5 5B D7 F7 BF FB BE FF 7E F7 FF ED FA FD FD FA B4 | T:83064 RPD:1
[CH: 50] LEN: 32 | HEX: 15 51 81 81 81 83 AF 86 DF B0 0E AF D9 6F 7E C9 DA AD 6F 6F BE FF 7E FB D7 FB AF 7D ED DB DD BD | T:83096 RPD:1
[CH: 50] LEN: 32 | HEX: 15 51 81 81 81 83 AF 67 6F 78 08 CF D9 6F 73 07 0B FE FF FF FF BD FF B7 FF FF BF FF 7F FF DF FF | T:83269 RPD:1
[CH: 50] LEN: 32 | HEX: 2E E5 5A A9 32 1D 4D AA 8E 52 15 55 6E 54 15 76 93 55 3A 98 56 A9 71 AA A5 62 2C A6 DE 13 4A 14 | T:83299 RPD:1
[CH: 50] LEN: 32 | HEX: 15 51 81 81 81 83 AE A7 6F 6F D7 3B D9 6E EC E8 DB F7 AF F5 34 56 D4 A6 97 56 AA 3A 91 75 6A EA | T:83311 RPD:1
[CH: 50] LEN: 32 | HEX: 05 54 60 60 60 60 EB A9 DB F3 E9 DE F6 5B BE 35 DA BF 7B 76 DF 6A FD FD F6 7E BF F7 7D BB FC 81 | T:83366 RPD:1
[CH: 50] LEN: 32 | HEX: 05 54 60 60 68 60 EB D9 DB FB E5 D3 B6 5B DB E1 D2 FB D7 25 B2 9B 6B D6 A8 D7 95 EB 55 55 9A F3 | T:83396 RPD:1
[CH: 50] LEN: 32 | HEX: 05 54 60 60 60 60 EB A9 DB DB E1 D7 B6 5B FE 92 46 BF FB 76 FF BF F5 B7 5F FF DF BE FF 7F FD FF | T:83426 RPD:1
[CH: 50] LEN: 32 | HEX: 15 51 81 81 81 83 AF A7 6F 6E F7 6F D9 6F 69 58 6B DF FB F7 FF FE 7F BE B5 74 AB 4A AB 55 54 B5 | T:83456 RPD:1
[CH: 50] LEN: 32 | HEX: 15 51 81 81 81 83 AF A7 6F 4F 67 7F B9 6F 74 96 3B FF F5 5F BF FF 7F F7 FF FF D7 EF D7 EE FF FE | T:83486 RPD:1
[CH: 50] LEN: 32 | HEX: 05 54 60 60 60 60 EB F9 DB FB D5 E3 EE 5B EC F1 B6 BF FD 5D BF F7 FB FD FA EF FE FF FB 5F FE 96 | T:83516 RPD:1
[CH: 50] LEN: 32 | HEX: 05 54 60 60 60 60 EB E9 DB FB 91 C7 F6 5B FA 82 22 FF FF FF F7 7B 76 F5 D6 BC D2 B2 D9 7D ED BD | T:83546 RPD:1
[CH: 50] LEN: 32 | HEX: 05 54 60 60 60 68 EB A9 DB DB CD DB D6 5B FD 59 C6 BF FF FF FB EA FF F7 7B FF DF 7F DF FF FF 5F | T:83576 RPD:1
[CH: 50] LEN: 32 | HEX: 05 54 60 60 60 60 EB E9 DB F3 C9 FE F6 5B FA 2A 52 AE DB 5F 7D DD 7B D7 FD 5B E7 DF 6D FD 7F EF | T:83606 RPD:1
[CH: 50] LEN: 32 | HEX: 15 51 81 81 81 83 AF A7 6F 6F 17 AF D9 6F 77 B9 AA FF 7F FF FF FD BE FF FB BB EE FF FF BD FB ED | T:83636 RPD:1
[CH: 50] LEN: 32 | HEX: 05 54 60 60 60 60 EB D9 DB FB B9 8B D6 5B F4 36 56 FD F6 FD 7F FF FB FD B7 FF EF FF FF FF DF FA | T:83696 RPD:1
[CH: 50] LEN: 32 | HEX: 15 51 81 81 81 83 AF 67 EE AE D6 0E D9 6E FA 47 AA FF FF DF EA E0 95 57 0D 28 35 AD 44 25 15 CC | T:83756 RPD:1
[CH: 50] LEN: 32 | HEX: 05 54 60 60 60 60 EB E9 DB FB B1 87 F6 5B FB C2 6E BB BF FF FF DB 5F 7F F7 EF 7F 7F 7F BF BF FF | T:83786 RPD:1
[CH: 50] LEN: 32 | HEX: 05 54 60 60 60 60 EB D9 DB FB AD 9B D6 5B BD 39 8A F7 FF FF FF DE FF FF FA FF 7E 9D 7F FB FF D7 | T:83816 RPD:1
[CH: 50] LEN: 32 | HEX: 05 54 60 60 60 60 EB A9 DB DB A9 9E F6 5B FA 4A 1E BF FB BF BF EF FF FD AB BF FF AD 6D 69 2A D6 | T:83846 RPD:1
[CH: 50] LEN: 32 | HEX: 05 54 60 60 60 60 EB A9 DB F7 A5 93 F6 5B DF 9E 26 B7 FD 6F FF FF 7E FF FF FC 64 80 CD EA 14 26 | T:83876 RPD:1
[CH: 50] LEN: 32 | HEX: 05 54 60 60 60 60 EB D9 DB DB A1 97 B6 5B DA ED B2 BD FF FB 6D FB FD 7F FF FB BF FF EF FB EF 5E | T:83906 RPD:1
[CH: 50] LEN: 32 | HEX: 05 54 60 60 60 60 FB E9 DB F7 95 A3 F6 5B FC 8E 42 BD 7F FE B2 CA 6D A9 AD 75 54 15 42 B5 5A 9A | T:83996 RPD:1
[CH: 50] LEN: 32 | HEX: 15 51 81 81 81 83 AF 67 6F EE 36 EF D9 6F 74 98 CB DA FD FD DA FF BF FB FE DD DB 5F 7F FE AD EE | T:84056 RPD:1
[CH: 50] LEN: 32 | HEX: 05 54 60 60 60 60 EB D9 DB FB 89 BF B6 5B EC 55 A6 EE D7 FD FD 77 DD 7F FF 5F F6 BD 6A 28 EA B5 | T:84086 RPD:1
[CH: 50] LEN: 32 | HEX: 05 54 60 60 60 60 EB E9 DB FB 85 B3 D6 5B FB 81 9C EB 7F FD FF FB BF FF FF FB EE FF FF FF 7D 7F | T:84116 RPD:1
[CH: 50] LEN: 32 | HEX: A8 A6 B6 CD 2A 5A A5 27 5F 15 FE AD CA B3 D2 DA AD F4 B7 76 F7 DA CE FE 94 FA 95 57 6D FF AB D2 | T:84145 RPD:1
[CH: 50] LEN: 32 | HEX: 05 54 60 60 60 60 EB D9 DB F3 D9 CF 76 5B FD 3A 36 FF FF FF DF EB FF FF 57 FD DF FF FE EF 7F FF | T:84206 RPD:1
[CH: 50] LEN: 32 | HEX: 05 54 60 60 60 60 EB A9 DB FB DD DB D6 5B DD 46 7E BE BF F5 45 55 24 E7 52 2A 94 45 02 ED 5B AD | T:84243 RPD:1
[CH: 50] LEN: 32 | HEX: 15 51 81 81 81 83 AE E7 EF 6F A7 7B 99 6F B8 D7 2B FF F7 B7 FD FF BF 7F B7 DF 5F FF AD 50 5F AB | T:84273 RPD:1
[CH: 50] LEN: 32 | HEX: 15 51 81 81 81 83 AF 67 6F DF 97 4E D9 6F F7 87 4B DF 7F D7 DF 7B E7 AA EA D4 56 A6 B4 AB 6D 5D | T:84303 RPD:1
[CH: 50] LEN: 32 | HEX: 05 54 60 60 60 60 EB E9 DB EB DD EB F6 5B FD 56 1A B7 7B 5D BE FF FF EF BE 7D FF BB DE FB FB 77 | T:84363 RPD:1
[CH: 50] LEN: 32 | HEX: 15 51 81 81 81 83 AF A7 6F 6F 67 BF B9 6F F4 96 3B FF FF 75 FE EF BA AC A8 2A 92 A6 BD 5D 5B 57 | T:84393 RPD:1
[CH: 50] LEN: 32 | HEX: 05 54 60 60 60 60 EB D9 DB FB D5 E3 EE 5B FC F1 B6 FB EA FF FD BF 5F D7 FD BF DF FF DA FF AF EA | T:84423 RPD:1
[CH: 50] LEN: 32 | HEX: 05 54 60 60 60 60 EB C9 FB FB CD D7 F6 5B DD 59 C6 EF FD 58 37 2D 91 59 54 BE 51 A5 6D 59 4E 46 | T:84483 RPD:1
[CH: 50] LEN: 32 | HEX: 05 54 60 60 60 60 FB E9 DB DB 89 FD 76 5B F8 2A 52 FD 7D FD DD DF AF 6B 77 BD FB 77 BF D7 95 F7 | T:84513 RPD:1
[CH: 50] LEN: 32 | HEX: 05 54 60 60 60 60 EB E9 DB DB BD 8B F6 5B FC 36 56 FE FE E9 62 AA 2B 6A AA 5A A9 55 49 4A B5 25 | T:84603 RPD:1
[CH: 50] LEN: 32 | HEX: 05 54 60 60 60 60 EB E9 DB FB B9 8F F6 5B FE 45 C2 FF F6 FB FF F5 AD FD FF FF B7 7D FD 7D 37 DF | T:84633 RPD:1
[CH: 50] LEN: 32 | HEX: 05 54 60 60 60 60 EB C9 DB DB B5 83 F6 5B BC 91 FA F7 FF FF FF FF FF FC ED 9B 26 D9 4E 76 AD EA | T:84663 RPD:1
[CH: 50] LEN: 32 | HEX: 05 54 60 60 60 60 EB E9 DB FB AD 9B D6 5B ED 39 8A FF BF FF DF 76 FF EF BF F7 FD 6B FE BF FF BF | T:84723 RPD:1
[CH: 50] LEN: 32 | HEX: 15 51 81 81 81 83 AF A7 6F CE 96 4F D9 6E BA 70 9B BF DB FF FB BF 7F FE FF FF 7A BF BF FD 2A CF | T:84783 RPD:1
[CH: 50] LEN: 32 | HEX: 05 54 60 60 60 60 EB E9 DB DB A1 97 F6 5B FC ED B6 DB AF 5F FF F7 FD F5 E8 A2 41 43 5A D7 26 52 | T:84813 RPD:1
[CH: 50] LEN: 32 | HEX: 05 54 60 60 60 60 EB C9 DB DB 9D AB B6 5B D6 29 EE FB DB FE D0 89 29 04 00 08 A1 00 A3 43 02 01 | T:84843 RPD:1
[CH: 50] LEN: 32 | HEX: 05 54 60 60 60 60 EB E9 DB DB 99 AF F6 5B FD 5A 72 FB FD FD FD F5 EF EF FF FF DF 7B FF FA FD F5 | T:84873 RPD:1
[CH: 50] LEN: 32 | HEX: 05 54 60 60 60 60 EB E9 DB DB 91 A7 F6 5B BF FD D6 EF FF BF FF FF F5 73 55 12 95 1D 56 1E B9 4C | T:84933 RPD:1
[CH: 50] LEN: 32 | HEX: 05 54 60 60 60 60 EB C9 DB B3 89 BB F6 5B FA 55 A6 F7 D7 EA D7 ED FB 7F FD F7 FB B6 FF FF D7 BE | T:84993 RPD:1
[CH: 50] LEN: 32 | HEX: 05 54 60 60 60 60 EB C9 CF E8 02 07 F6 5B DB 8F E2 EF FB DF B7 EF DF FF BE AD EF 7D 7F FF FF F5 | T:85198 RPD:1
[CH: 50] LEN: 32 | HEX: 05 54 60 60 60 60 EB D5 DD DB FB D5 C2 5B FC 8C B2 BB FF FF FF F7 E7 F7 CE FF D6 B7 FE DD F6 FF | T:85229 RPD:1
[CH: 50] LEN: 32 | HEX: 05 54 60 60 60 60 EB C5 DD F3 D7 F9 CE 5B FB 52 BA FF BF FF AF BF FF D6 FE EF BF 7F FF B9 FD FE | T:85244 RPD:1
[CH: 50] LEN: 32 | HEX: 15 51 81 81 81 83 AF 57 7B EF EF E7 09 6F F2 32 CB FF FD 9A 55 49 01 15 12 52 95 68 52 B6 D5 2C | T:85259 RPD:1
[CH: 50] LEN: 32 | HEX: 15 51 81 81 81 83 AF 97 7F DF DF D7 39 6F B5 4A EB BF FE FD FF B7 D7 5F 6F DF FF EF FF FF FB 5E | T:85274 RPD:1
[CH: 50] LEN: 32 | HEX: AA 20 31 46 75 44 F2 89 5C 40 02 88 14 00 92 90 39 95 D7 57 DB BB FB B2 C9 AD 35 2B 52 EA D6 95 | T:85286 RPD:1
[CH: 50] LEN: 32 | HEX: 15 51 81 81 81 83 AF 57 7F AF 5F D7 39 6E F5 4A EB F6 FB FF FF FD DB FF FF FF BF DF ED 4A 68 AD | T:85298 RPD:1
[CH: 50] LEN: 32 | HEX: 15 51 81 81 81 83 AF 57 FF 4F EF C7 09 6F F2 32 CB FF FB FF FF FF DF EF FF FF BF FF B7 F5 FF FF | T:85313 RPD:1
[CH: 50] LEN: 32 | HEX: B7 56 AD 25 44 53 B5 5B 4A BD 34 42 CB C2 65 4A 15 14 B2 45 1D 93 EC AE 22 55 05 5A 65 59 55 C8 | T:85325 RPD:1
[CH: 50] LEN: 32 | HEX: 15 51 81 81 81 83 AF 57 7F AF DF D7 39 6F 79 4A EA FF FF 7F AD 6A A8 A0 41 6F 2D 5B D7 7B 7B F6 | T:85340 RPD:1
[CH: 50] LEN: 32 | HEX: A1 00 25 FD 6D AF AD 42 32 8E AD 6A 82 23 49 22 21 25 68 54 28 50 88 D4 96 85 A9 61 13 B9 00 28 | T:85352 RPD:1
[CH: 50] LEN: 32 | HEX: 15 51 81 81 81 83 AF 97 7B EF DE D7 39 6F E9 4A EB FE BE FF D5 EF FF FF FB DB F7 FD 5F FF FF FB | T:85364 RPD:1
[CH: 50] LEN: 32 | HEX: 15 51 81 81 81 83 AF D7 7B EF EE E7 09 6F 7A 32 CB 7E FF FF FF EF FF 6F FF FF FF DF FF FF FB 7F | T:85379 RPD:1
[CH: 50] LEN: 32 | HEX: 00 00 15 51 81 81 81 83 AF 57 7F 6E DE F7 39 6F E9 4A EB DA FB EF 52 A1 11 70 82 31 14 9A A3 14 | T:85391 RPD:1
[CH: 50] LEN: 32 | HEX: FF 7A F7 FB 9C 7F FB 7A D7 BF 7E C4 0A A8 00 00 AA 8C 0C 0C 0C 1D 7C BB FB 77 7B 38 4B 7F D1 96 | T:85402 RPD:1
[CH: 50] LEN: 32 | HEX: 15 51 81 81 81 83 AF 17 7B DF DF C7 39 6F F1 4A EB F7 FF 7F FD FF FF FF FF FF FF FF F7 6F BF FE | T:85418 RPD:1
[CH: 50] LEN: 32 | HEX: 15 51 81 81 81 83 AF 57 7F 6E AF C7 09 6F FA 32 CA EE DF FF FB FB 7B DF FD FB 6F CD 5D 1B 69 7A | T:85433 RPD:1
[CH: 50] LEN: 32 | HEX: 60 62 88 8A 8A C5 DF 51 51 55 04 00 14 45 00 25 F9 DC D9 ED F6 FE 9D AA DB 7A BF F7 CF FF FB 3B | T:85445 RPD:1
[CH: 50] LEN: 32 | HEX: 15 51 81 81 81 83 AF 57 76 AF 6F F7 09 6F EA 32 CA B5 DF FF BD 7E FF D6 AF BB FF FF 6F FE B6 D7 | T:85457 RPD:1
[CH: 50] LEN: 32 | HEX: 77 AA D3 4A EA 4B 4A AA D5 55 2B 6A A5 9A A6 EA 55 64 33 A5 12 89 55 13 29 EB 55 A5 3B 1A A4 AA | T:85469 RPD:1
[CH: 50] LEN: 32 | HEX: 15 51 81 81 81 83 AF 57 7B AF 5D D7 39 6F 79 4A EB FF FB BF BD F7 7E B5 FF FF FF FB BD D9 DA 75 | T:85490 RPD:1
[CH: 50] LEN: 32 | HEX: 09 4E 8C 8A A8 94 32 D1 56 A9 4C AC A3 07 41 A2 06 6A 29 B9 21 57 29 95 DB F4 3A A9 A9 55 78 95 | T:85502 RPD:1
[CH: 50] LEN: 32 | HEX: 05 54 60 60 60 60 EB E5 DD EB F7 79 CE 5B DA 52 BA EF FD AA B0 95 4A AA 91 12 5B C6 07 58 AD DD | T:85514 RPD:1
[CH: 50] LEN: 32 | HEX: 15 51 81 81 81 83 AE 97 7B AF EF 67 09 6F EA 32 CB EB FD BB 7B 7F EA FF FA FF BF FF 7F 77 BA BF | T:85535 RPD:1
[CH: 50] LEN: 32 | HEX: 45 D7 72 BA 6C AA 91 C4 2D 4A 00 02 08 AA A3 72 C2 01 0C 92 F8 60 50 0E 98 0A 11 40 2B 55 22 21 | T:85547 RPD:1
[CH: 50] LEN: 32 | HEX: 15 51 81 81 81 83 AF 97 7F EF 6F D7 09 6F 72 32 CB DB BF FD 5D FF B7 F5 DF FF EE 7F FF FF FF FF | T:85559 RPD:1
[CH: 50] LEN: 32 | HEX: 15 51 81 81 81 83 AF 97 7B EE DF F7 39 6F E9 4A EB FF FF BF 3F A8 5C 52 B8 A9 AD 87 0A 75 81 55 | T:85571 RPD:1
[CH: 50] LEN: 32 | HEX: 15 51 81 81 81 83 AF 97 77 6F DF 67 09 6E F2 32 CB 7B F6 BF EF BF EF 77 BD 6F 77 FD FD ED FE FD | T:85583 RPD:1
[CH: 50] LEN: 32 | HEX: 15 51 81 81 81 83 AE 97 77 EF DE D7 39 6F 69 4A EA BF F5 FB FF FF FE FD FB FB F7 5D FD 57 AD 54 | T:85598 RPD:1
[CH: 50] LEN: 32 | HEX: 44 4E D5 95 0D 9F 55 69 35 55 59 D5 E9 AD 5A 39 92 E9 26 E4 DB B7 6E 97 B5 55 4A A9 29 6D A4 4E | T:85613 RPD:1
[CH: 50] LEN: 32 | HEX: 15 51 81 81 81 A3 AF 57 7F AF EF E7 09 6E F2 32 CB BF EF FB BE FF FB 7E FF F5 EB E3 FD F7 DB E8 | T:85625 RPD:1
[CH: 50] LEN: 32 | HEX: D5 6F 7A BB DB BA F6 D4 F5 B5 DA 5D F5 DD AA DE 7B 59 7D DF 95 75 BB 3F FF 24 A1 16 0E 55 42 14 | T:85637 RPD:1
[CH: 50] LEN: 32 | HEX: 15 51 81 81 81 83 AF 57 7F 6F FE E7 09 6F D2 32 CB BF FE FF B7 F7 FD 68 11 09 0A 08 91 04 4A 14 | T:85649 RPD:1
[CH: 50] LEN: 32 | HEX: 15 51 81 81 81 83 AF 97 7F 4F DF D7 39 6F 75 4A EB AD FE DF 6F FD FB FF 57 FF EB FB FF BF DE 9E | T:85664 RPD:1
[CH: 50] LEN: 32 | HEX: 15 51 81 81 81 83 AF 57 7D AF EF E7 09 6F 72 32 CB FB BD 7F FF FE FD EF FF FA DB BE B7 DC D7 77 | T:85679 RPD:1
[CH: 50] LEN: 32 | HEX: 2D C8 BA B6 85 A9 6C AA B2 6D 2D 93 94 4B 4D AA BA 95 54 9A BB 44 83 4A 91 51 2E 88 44 96 88 54 | T:85690 RPD:1
[CH: 50] LEN: 32 | HEX: 15 51 81 81 81 83 AF 57 7F 6F EF E7 09 6F F2 32 CB FE F5 AF FB F5 7F EB FB 7F AF B6 FA BF BA BE | T:85703 RPD:1
[CH: 50] LEN: 32 | HEX: 15 51 81 81 81 83 AF 57 77 EE DD C7 39 6F 79 4A EB FF FF 6F FF 7A FD FB FB D7 BB AF FB F7 B5 DF | T:85718 RPD:1
[CH: 50] LEN: 32 | HEX: 5A EA 97 56 AC 22 F2 D4 54 6D 4B 2A 9B 55 15 B4 D6 96 E1 56 AA AA DA AD 99 A5 4B DD 55 AB 41 88 | T:85729 RPD:1
[CH: 50] LEN: 32 | HEX: 15 51 81 81 81 83 AF 97 77 6F 5D A7 39 6F E9 4A EB EB 7B 77 EE D4 D4 AA 15 55 05 55 8D 56 C8 95 | T:85742 RPD:1
[CH: 50] LEN: 32 | HEX: 15 51 81 81 81 83 AF 57 7F CF FF E7 09 6F 72 32 CB FD 7E DF 49 60 57 62 9A 54 C6 A5 53 4D 65 1A | T:85757 RPD:1
[CH: 50] LEN: 32 | HEX: 15 51 81 81 81 83 AF 57 7F 6E EF E7 09 6F EA 32 CB F6 FF EF FD 7E FD EF F7 F6 F5 FF FE B6 09 17 | T:85775 RPD:1
[CH: 50] LEN: 32 | HEX: 50 00 01 9E BF F7 FB DE AF 97 D6 FD 7E FF 5B BD ED 7D 7F EB B7 DA 5A BD 52 AD 6B 38 D1 6A 0D 55 | T:85786 RPD:1
[CH: 50] LEN: 32 | HEX: 15 51 81 81 81 83 AF 17 7F AF EE E7 09 6F FA 32 CA FD D7 FE B5 FF BF FF F5 AF 5B EC AA 94 25 64 | T:85799 RPD:1
[CH: 50] LEN: 32 | HEX: AF 4A 73 5D 55 A4 5A AD 11 95 D4 D6 BA 72 DB 5D 66 D5 55 34 FA B4 AA BB 59 76 EA A3 54 95 50 AA | T:85814 RPD:1
[CH: 50] LEN: 32 | HEX: 15 51 81 81 81 83 AF 17 7F AF 5F D7 39 6E F9 4A EB FF 76 FF FD FF AF FD F7 F7 FF FF FF DB FF EF | T:85825 RPD:1
[CH: 50] LEN: 32 | HEX: 15 51 81 81 81 83 AF 57 77 AF 5D D7 39 6F F5 4A EA BB FE DF FF FF F7 FF FF F7 FF FA D7 BB BF FF | T:85838 RPD:1
[CH: 50] LEN: 32 | HEX: 15 51 81 81 81 83 AF 57 7F 6F 5E E7 39 6F B9 4A EB FF 6F FB FF FF 7F 7D 6D EF 97 4D F5 6F FD 5D | T:85856 RPD:1
[CH: 50] LEN: 32 | HEX: 15 51 81 81 81 83 AF 97 7B 6F EF 67 09 6F 72 32 CB FD EF DF D5 FB FE AF FB BB F7 AE FF BF FF F5 | T:85871 RPD:1
[CH: 50] LEN: 32 | HEX: 15 51 81 81 81 83 AF 57 7B EE EF 67 09 6F EA 32 CA DB BF EF 7F FF FE EB 51 54 CD 34 A9 5B 2D 4E | T:85889 RPD:1
[CH: 50] LEN: 32 | HEX: 15 51 81 81 81 83 AE 97 7F AF 9D E7 31 6E D1 4A EB FB FB AF 6B FC FF FE FF FE F7 D7 7F BF FD 7B | T:85904 RPD:1
[CH: 50] LEN: 32 | HEX: 15 51 81 81 81 83 EF 97 7E B0 00 07 19 6E E9 C5 5A BB 7F FF FB AA AE D5 B5 55 3E A9 B7 7A DD 44 | T:85938 RPD:1
[CH: 50] LEN: 32 | HEX: 15 51 81 81 81 83 AF 46 DF D0 0F DF 99 6F D6 C9 FB D7 FF DF FF FF F6 9F DE FF FF FE FD FF D5 3B | T:85969 RPD:1
[CH: 50] LEN: 32 | HEX: 15 51 81 81 81 83 AF 57 7F 70 00 07 19 6F 69 C5 5B FF D7 FF FF FF BF F5 FF F7 5F E9 FF DF FF F5 | T:86238 RPD:1
[CH: 50] LEN: 32 | HEX: 15 51 81 81 81 83 AF 86 DD F0 0F CF 59 6F 76 C9 FA FF DF FB FF BF FD FF F5 ED FF 7D 96 A2 4D 23 | T:86269 RPD:1
[CH: 50] LEN: 32 | HEX: 15 51 81 81 81 83 AF 97 77 F0 00 07 19 6F E9 C5 5B 7F FD FB FF BF FF 7F FE 0A 10 92 71 55 56 C2 | T:86538 RPD:1
[CH: 50] LEN: 32 | HEX: 15 51 81 81 81 83 AF 86 DE D0 0E EF D9 6E FE C9 FA FF ED F7 7F BB 6F FF FD FF EF F7 BF EF FD FD | T:86569 RPD:1
[CH: 50] LEN: 32 | HEX: 92 24 D9 67 2B 10 25 6E C8 A4 AE CA 92 A2 AA A8 A4 B6 68 95 88 0A A0 00 02 AA 30 30 30 30 75 D2 | T:86837 RPD:1
[CH: 50] LEN: 32 | HEX: 15 51 81 81 81 83 AF 86 DF E0 0F EF 59 6F EE C9 F3 6D FF F7 F7 DF FF FB E4 28 D2 E1 D0 5A 54 5B | T:86868 RPD:1
[CH: 50] LEN: 32 | HEX: 05 54 60 60 60 60 EB C5 DF D4 00 01 C6 5B FD 71 56 BE EF ED FF FF FD 49 AE 94 85 4A A2 94 A5 64 | T:87137 RPD:1
[CH: 50] LEN: 32 | HEX: 15 51 81 81 81 83 AE C6 DE E0 0E EF D9 6E F6 C9 EB DF AF FF FF A9 4A C9 75 2A D4 53 4A 98 15 61 | T:87169 RPD:1
[CH: 50] LEN: 32 | HEX: 15 51 81 81 81 83 AF 97 7F B0 00 07 19 6E F9 C5 5B FE FF FF B5 FF FF DF FC AA 8B 62 35 4D 2C 92 | T:87437 RPD:1
[CH: 50] LEN: 32 | HEX: 15 51 81 81 81 83 AE 86 DD F0 0E DF D9 6E F6 C9 FB FD FF FE FF FF BF DF FD FF FF DF FF D6 FD EF | T:87468 RPD:1
[CH: 50] LEN: 32 | HEX: 15 51 81 81 81 83 AE 97 7E B0 00 07 19 6F 69 C5 5B AD FF FF F9 0C 56 A2 7B 21 27 B2 D7 12 AA 88 | T:87737 RPD:1
[CH: 50] LEN: 32 | HEX: 15 51 81 81 81 83 AF 46 DF E8 0F EF B9 6F FE C9 FB B4 F7 7E BA EA FF F3 FF F7 BB 3F DF 7D FE EE | T:87768 RPD:1
[CH: 50] LEN: 32 | HEX: 15 51 81 81 81 83 AE A7 6E B0 08 CF D9 6F EB 07 0A BE FF F6 FF FF BF 5D EF D5 EF AF 5B EA AC DD | T:87981 RPD:1
[CH: 50] LEN: 32 | HEX: 15 51 81 81 81 83 AF A7 6F FE D7 0F D9 6F 7B B8 3B BF F7 F7 FB FD FF EB E7 8C ED B5 55 26 B9 6E | T:88015 RPD:1
[CH: 50] LEN: 32 | HEX: 15 51 81 81 81 83 2F A7 6F 6F B7 6F 59 6D D5 19 DB DB FE 97 A2 A8 65 B6 AD 55 52 0A C9 74 D5 5D | T:88049 RPD:1
[CH: 50] LEN: 32 | HEX: 05 54 60 60 60 60 EB E9 DB EB E5 D3 F6 5B FB E1 D2 BC FF FB DE FD FF 75 BE FF F3 FF 7E FF DE DF | T:88109 RPD:1
[CH: 50] LEN: 32 | HEX: 15 51 81 81 81 83 AF 67 6F EF 47 5D D9 6F EA 49 1B F7 FA B6 D7 FF EF FF BF 5E EB 6A B5 92 AB 6D | T:88138 RPD:1
[CH: 50] LEN: 32 | HEX: 15 51 81 81 81 83 AE A6 6D EF 77 2F D9 6D 79 58 6A AE BA DF B7 EA 6F FC EF BE FB AB 21 AD 7F A5 | T:88168 RPD:1
[CH: 50] LEN: 32 | HEX: 05 54 60 60 60 60 EB A9 DB BB B9 DF 76 5B FB 25 8E F7 7F BE FF ED FF 7F FE FF D7 FB 6F 53 B6 DE | T:88198 RPD:1
[CH: 50] LEN: 32 | HEX: 15 51 81 81 81 83 AE A7 6E DF 47 9E D9 6F DE 08 8B F7 FF DF 77 5E DB BE BF 7B F7 FF EE FF F1 5C | T:88258 RPD:1
[CH: 50] LEN: 32 | HEX: 05 54 60 60 60 60 EB A9 DB F7 8D FB F6 5B F5 59 C7 B7 FF ED 7F FF 7A FB EE FF FE FF FF DC FB FD | T:88288 RPD:1
[CH: 50] LEN: 32 | HEX: 15 51 81 81 81 83 AF 67 6F EE 27 B7 D9 6F 68 A9 4B FF FD EF FF FA BF F7 B7 FF FF BE FA BB BF 7B | T:88318 RPD:1
[CH: 50] LEN: 32 | HEX: 15 51 81 81 81 83 AE A7 6E EF 17 CF D9 6F F7 B5 AB 7F FB EF BF DF FF F7 FF B7 BA FE DB FF DF BF | T:88348 RPD:1
[CH: 50] LEN: 32 | HEX: 15 51 81 81 81 83 AF 27 6F 4E E6 3B B9 6E ED 17 0B FF FF DE DF FF DF FF 77 FE C4 BA 8C F5 96 5F | T:88438 RPD:1
[CH: 50] LEN: 32 | HEX: 15 51 81 81 81 83 AF A7 6F 7E D6 0F D9 6F DA 47 EB FF DF EE FF FF DE FD DF F7 FE F7 BF FF EF BF | T:88468 RPD:1
[CH: 50] LEN: 32 | HEX: 15 51 81 81 81 83 AF A7 6F EE B6 6F D9 6F 74 E6 2A FE BA 61 26 08 6D 82 04 A8 E5 94 50 95 55 62 | T:88528 RPD:1
[CH: 50] LEN: 32 | HEX: 15 51 81 81 81 83 AE A7 6E EE 96 4F 59 6F BE 78 9B 7F FF FF D7 FF EF BF EB EF FF FF FF FF FF F7 | T:88588 RPD:1
[CH: 50] LEN: 32 | HEX: 15 51 81 81 81 83 AF A7 6F EE 86 5F D9 6F 53 B6 CA FD FD FB DF 7F 7F 57 BB FB FD 4E E9 4C 6A 3E | T:88618 RPD:1
[CH: 50] LEN: 32 | HEX: 15 51 81 81 A1 83 AE A7 6E 6E 76 AE D9 6E E8 A7 3A FF 55 AA CB 53 93 55 55 FF DD E5 AE 5B A7 B4 | T:88648 RPD:1
[CH: 50] LEN: 32 | HEX: 15 51 81 81 81 83 AE A7 6F 4E 66 BF 99 6F D5 69 CB F7 7E FB 7A FE DB FF EB FF FB DD 7A FB 7D DF | T:88678 RPD:1
[CH: 50] LEN: 32 | HEX: 15 51 81 81 81 83 AE A7 6F CC 56 8F 59 6F F2 39 0B EF DF 7F FF EF AF FF F5 30 88 5B 55 15 54 A1 | T:88708 RPD:1
[CH: 50] LEN: 32 | HEX: 05 54 60 60 60 60 EB D9 DB DB 91 A7 B6 5B DD F5 D6 F6 FF FF BF DF BE EF F7 F7 FF FF F3 BF FF FE | T:88738 RPD:1
[CH: 50] LEN: 32 | HEX: 05 54 60 60 60 60 EB D9 DB FB 8D BB F6 5B FA 26 32 FB FE FB FB FF DD DF FB DF FD BF F5 FF FF FF | T:88768 RPD:1
[CH: 50] LEN: 32 | HEX: 15 51 81 81 81 83 AF 27 6E DE 26 FE 99 6F E9 56 9A F7 BB 6F FF 7F 7D 79 EA F7 7D FD 5F 77 ED FE | T:88798 RPD:1
[CH: 50] LEN: 32 | HEX: 05 54 60 60 60 60 EB A9 DB FB 85 B3 F6 5B FB 81 9E F7 BF F7 31 06 FA 8D E9 55 34 53 6C 95 60 CA | T:88828 RPD:1
[CH: 50] LEN: 32 | HEX: 05 54 60 60 60 60 EB C9 DB FB 81 B7 F6 5B ED F2 0A FB 7F D7 7F FF 7D AE FB 5B EB FF DB FF 7E DB | T:88858 RPD:1
[CH: 50] LEN: 32 | HEX: 05 54 60 60 60 60 EB A9 DB B3 7D 4B F6 5B FC B6 4A FF FB 7F F7 EF FF ED FF BD FF FE DD DD DF FF | T:88888 RPD:1
[CH: 50] LEN: 32 | HEX: 05 54 60 60 60 60 EB C9 DB FB F9 CF F6 5B DD 3A 36 EE FF FF F7 FF FB FF BF FF FF 76 F5 F7 FF FF | T:88918 RPD:1
[CH: 50] LEN: 32 | HEX: 05 54 60 60 60 60 EB C9 DB D7 CD DB EE 5B D9 46 75 DF FF FD FF F7 BC ED 3A 6F 6F FF F7 BF DE AD | T:88956 RPD:1
[CH: 50] LEN: 32 | HEX: 05 54 60 60 60 60 EB E9 DB FA A9 DF EE 5B BD 35 EA FA BE FF 6F E7 D6 FB BB 6D EB DD FE FD FF 7F | T:88986 RPD:1
[CH: 50] LEN: 32 | HEX: 05 54 60 60 60 60 EB E9 DB DB E5 D3 F6 5B FD E1 D2 F7 DE FB F6 BE FD FF EE FB DF FF EF AE D6 B2 | T:89016 RPD:1
[CH: 50] LEN: 32 | HEX: 05 54 60 60 60 60 EB D9 DB FB D1 D7 F6 5B EC 92 46 FF EF FC EE FE BD FF FF B7 EB FE BB FF FF BE | T:89046 RPD:1
[CH: 50] LEN: 32 | HEX: 05 54 60 60 60 60 EB A9 DB DB 9D CB DE 5B FD 56 1A FD E9 B0 95 2A AD 25 69 25 A2 29 50 ED B6 02 | T:89076 RPD:1
[CH: 50] LEN: 32 | HEX: 05 54 60 60 60 60 EB D9 DB DB D9 EF FE 5B FD 25 8E FB FD B7 FF 7F 7F FF 7F FD BF FF FF FE F4 DB | T:89106 RPD:1
[CH: 50] LEN: 32 | HEX: 15 51 81 81 81 83 AF A7 6F EF 57 8F 59 6F 63 86 DB FB F7 DD 76 FB FE F5 BD EF FB FF EB 6F 7F B7 | T:89136 RPD:1
[CH: 50] LEN: 32 | HEX: 05 54 60 60 60 60 EB E9 FB AB D1 E7 AE 5B DE 82 22 FF 7F FF FD B7 6D B6 BF F6 BF 7D FD FF FD FE | T:89166 RPD:1
[CH: 50] LEN: 32 | HEX: 05 54 60 60 60 60 EB E9 DB FB 8D EB B6 5B DA 59 C6 EF BF FE B7 FD 5F 6F 7F D7 FB FF FF 7F 7B 5D | T:89196 RPD:1
[CH: 50] LEN: 32 | HEX: 12 EC 2B 32 AC 31 12 A7 5C B4 89 37 B4 95 9E 12 CB 34 A9 A8 AD EA 54 55 D6 58 E2 CA A0 2A 86 8A | T:89225 RPD:1
[CH: 50] LEN: 32 | HEX: 05 54 60 60 60 60 EB D9 DB FB C5 E3 D6 5B ED FD 6A FF 7F FF DF 9F 7F FF FD 57 54 96 EB 52 4C D6 | T:89256 RPD:1
[CH: 50] LEN: 32 | HEX: 05 54 60 60 60 60 EB C9 DB EB C1 D7 D6 5B DD 8D DD DA FF FF DF FF FF ED FF FE FE DF EF EA DD FF | T:89286 RPD:1
[CH: 50] LEN: 32 | HEX: 05 54 60 60 60 60 EB D9 DB FB BD 8B F6 5B DC 36 56 FF EE FF FD ED ED ED 9F FF E1 1F 05 50 8C 48 | T:89316 RPD:1
[CH: 50] LEN: 32 | HEX: 05 54 60 60 60 60 EB D9 EF F4 02 07 A6 5B FA 8F E2 ED FB EF 5F BB EB FD DE 83 4E 14 41 CD 2E 95 | T:89521 RPD:1
[CH: 50] LEN: 32 | HEX: 05 54 60 60 60 60 EB F5 DD EB DB F9 C2 5B DC 8C B2 FF FE BF 7F FE DD E7 ED FA B7 FD EF D7 ED BB | T:89552 RPD:1
[CH: 50] LEN: 32 | HEX: 05 54 60 60 60 60 EB D5 DF EB F7 F5 CE 5B DE 52 BA FF F7 B7 FF FF D5 FF F7 FE FF FB EF F7 6F FE | T:89567 RPD:1
[CH: 50] LEN: 32 | HEX: 91 9D 52 42 42 8D 53 A4 88 57 8A 11 69 AC 41 47 33 C0 4A 52 AA 83 4A D5 58 DD AB 55 42 AA 10 55 | T:89582 RPD:1
[CH: 50] LEN: 32 | HEX: 05 54 60 60 60 60 EB A5 DE FB B7 D1 C2 5B DC 8C B2 FB EE FE DF DD 6A D7 A9 0A B7 5B AA 35 6E 8D | T:89594 RPD:1
[CH: 50] LEN: 32 | HEX: 05 54 60 60 60 60 EB E5 DF FB EF F9 CE 5B FD 52 BA FD FF EF F7 FF B7 ED FD BF FF FE FF 7F BF F5 | T:89609 RPD:1
[CH: 50] LEN: 32 | HEX: 05 54 60 60 60 60 EB D5 DE DB BB B9 C2 5B F8 8C B2 FF FF 7D FE FF B6 FF FF 7F FF FE FD FF BF EA | T:89624 RPD:1
[CH: 50] LEN: 32 | HEX: 15 51 81 81 81 83 AF 57 7B EF DF D7 39 6E E9 4A EB FF FF 77 DF FF EF BB FF FF AD DF 5E BF DF AF | T:89639 RPD:1
[CH: 50] LEN: 32 | HEX: 15 51 81 81 81 83 AF 97 7B AF 6F E7 09 6F DA 32 CB EF FE FF FF 7F BB DB F5 FA BF 75 65 31 06 A2 | T:89654 RPD:1
[CH: 50] LEN: 32 | HEX: 15 51 81 81 81 83 AE 97 7F 4F DF D7 39 6F E9 4A CB FF FF DE BF F7 BF 7D DD ED DB FF EF BF F7 7F | T:89669 RPD:1
[CH: 50] LEN: 32 | HEX: 15 51 81 81 81 83 AF 57 7E AF 6F 67 09 6F 72 32 CB F7 EB EF B9 FF ED FD FF DF FF FD FF 77 7F FB | T:89684 RPD:1
[CH: 50] LEN: 32 | HEX: 15 51 81 81 81 83 AF 97 7F 6E 9F D7 39 6F E9 4A EB 7F FE FF FB F3 FF FD DE BF BD 7F D7 C7 FB FF | T:89699 RPD:1
[CH: 50] LEN: 32 | HEX: 15 51 81 81 81 83 AE 97 77 AF 6F 67 09 6F 6A 32 CB FE FF 7F DB FF F6 F7 FF FF F7 BF FF FF FB DF | T:89714 RPD:1
[CH: 50] LEN: 32 | HEX: 15 51 81 A1 81 83 AF 97 7B AF 5F F7 39 6E B9 4A EB F7 BF EF DF FF 7E 7F DF DF 7B 5F EB BF ED BF | T:89729 RPD:1
[CH: 50] LEN: 32 | HEX: 15 51 81 81 81 83 AF 97 7F 6F DF A7 09 6F F2 32 CA FE FF FB EF AA 94 B6 9A DE 3C A5 54 55 5C 99 | T:89744 RPD:1
[CH: 50] LEN: 32 | HEX: C9 49 4E BD 5D 5A 56 97 0B 75 54 B6 96 4A AC A9 E7 6A D2 95 4A DB 3A AA AA D6 7D AD 56 56 51 24 | T:89755 RPD:1
[CH: 50] LEN: 32 | HEX: 05 54 60 60 60 60 EB E5 DD DB BB F9 C2 5B FA 8C B2 FF FF FF FF FE F7 77 6F 6D B6 EF EF AF FF FF | T:89768 RPD:1
[CH: 50] LEN: 32 | HEX: 15 51 81 81 81 83 AF 17 7F 4F DF D7 39 6F E9 4A EB FF FF FF F7 FD B7 EF FF BD EF FF 7B FF FF FB | T:89783 RPD:1
[CH: 50] LEN: 32 | HEX: A9 7D 9C 5B 55 52 A5 69 2D BA A3 42 52 52 8B 34 14 54 A8 0A EA 2D 85 62 A2 AE 61 76 11 52 61 5A | T:89794 RPD:1
[CH: 50] LEN: 32 | HEX: 15 51 81 81 81 83 AF 97 7F 6F DF E7 39 6F D1 4A FA FF FF FF FB BF AF FF 7F BF FF BD BD DF FE FF | T:89807 RPD:1
[CH: 50] LEN: 32 | HEX: 15 51 81 81 81 83 AF 97 7A AF EF E7 09 6F EA 32 CB 6E FB D7 BB FF EF FB FF BF DF DF 9E D7 DF FD | T:89822 RPD:1
[CH: 50] LEN: 32 | HEX: 15 51 81 81 81 83 AF 57 7F 6F EF 67 09 6F EA 32 CB DF FE FF BF FE FF FF DA DB 77 FF FE FD BF FD | T:89840 RPD:1
[CH: 50] LEN: 32 | HEX: 15 51 81 81 81 83 AF 17 7E AF DF D7 39 6F 7D 4A EB DF EF FE F7 FF EF FB D3 EB BF DD EB FF FF FF | T:89855 RPD:1
[CH: 50] LEN: 32 | HEX: 15 51 81 81 81 83 AF 57 77 6F 7F E7 09 6F F2 32 CB FB FF FF FF EF FD FF F7 BB FF BF FF FB 7F FF | T:89870 RPD:1
[CH: 50] LEN: 32 | HEX: 24 85 0A 55 43 18 15 11 14 A6 85 25 04 BC 55 26 1A 4B 22 CA 11 44 5A 61 14 AB 15 7E D2 AF 15 52 | T:89881 RPD:1
[CH: 50] LEN: 32 | HEX: 15 51 81 81 81 83 AF 57 7B EF 5D F7 39 6F 79 4A EA BF FA FF F7 EF 7F BF BF E7 D7 EF 52 AD 5A 3D | T:89897 RPD:1
[CH: 50] LEN: 32 | HEX: 05 54 60 60 60 60 EB D5 DF DB FB F9 C2 5B DA 8C B2 FD F6 FF F7 FD F6 FF FB EF FF 7F AE FA 96 A9 | T:89912 RPD:1
[CH: 50] LEN: 32 | HEX: 15 51 81 81 81 83 AE 97 7F 4F 5F C7 39 6E E9 4A EB FE DE FB DB B7 DF FF F7 F7 57 AF D6 FD DF D7 | T:89927 RPD:1
[CH: 50] LEN: 32 | HEX: 47 08 92 40 89 44 11 50 91 54 A8 43 24 21 56 C9 22 4A A6 81 26 18 05 6A DA B3 77 FD BE EC D5 88 | T:89941 RPD:1
[CH: 50] LEN: 32 | HEX: 15 51 81 81 81 83 AF 97 77 EE EF 57 09 6F 6A 32 CB DB FF FF FF 7D 7D FD EF FF BB 5F FE EF DE BF | T:89954 RPD:1
[CH: 50] LEN: 32 | HEX: 15 51 81 81 81 83 AF 57 7F 6F DD 67 39 6F D9 4A EB 7B FF FF BF FF EE FF D7 F7 B5 FF BD 5D 54 4C | T:89969 RPD:1
[CH: 50] LEN: 32 | HEX: 15 51 81 81 81 83 AF 17 7F 6F EF E7 09 6F 72 32 CA ED 7F 7F ED FF DF 7E EE FF FF EB FF FB FF ED | T:89984 RPD:1
[CH: 50] LEN: 32 | HEX: 15 51 81 81 81 83 AE 97 77 EF DD C7 39 6F 79 4A EB FF F5 7F FB 6F D7 A5 7A 2A B1 15 5B 58 54 62 | T:89999 RPD:1
[CH: 50] LEN: 32 | HEX: 05 54 60 60 60 60 EB E5 DF D4 00 01 C6 5B F6 71 56 FF AA D7 55 D5 77 4E 35 B2 AB B5 64 E4 95 65 | T:90039 RPD:1
[CH: 50] LEN: 32 | HEX: 15 51 81 81 81 83 AE 86 DE E8 0E DF D9 6F 7E C9 FA FD DF FE D7 EF BF FF 5F EF 7F DF B6 EA 96 6D | T:90070 RPD:1
[CH: 50] LEN: 32 | HEX: 05 54 60 60 60 60 EB A5 DD FC 00 01 C6 5B DD 71 56 F6 BF FF FF FF FF 7B DF EF FF FA A4 B4 65 AA | T:90339 RPD:1
[CH: 50] LEN: 32 | HEX: 05 54 60 60 60 60 EB E1 B7 E8 03 AB A7 5B BB B2 7E FE D9 8B AA A3 48 AB BF FD FF 7B FF B3 71 53 | T:90369 RPD:1
[CH: 50] LEN: 32 | HEX: 15 51 81 81 81 83 AF 17 7E F0 00 07 19 6F E9 C5 5A EF DF DE EF 3D F7 BF BF 7F 6F FB FF EF 69 EF | T:90639 RPD:1
[CH: 50] LEN: 32 | HEX: 15 51 81 81 81 83 AF 86 DF E0 0F DF B9 6F 6E C9 FA DB DF 7E FE EF B7 FF FF F7 FF 7F 6B F7 FD 6E | T:90669 RPD:1
[CH: 50] LEN: 32 | HEX: 15 51 81 81 81 83 AE 17 7F 70 00 07 19 6E F1 C5 5B FB 56 8A 61 D0 81 56 98 32 6A 22 6E 95 5F B1 | T:90938 RPD:1
[CH: 50] LEN: 32 | HEX: 15 51 81 81 81 83 AF 46 DE D0 0E FF 59 6F EE C9 EB 7D DF DF FF FF FB EB FB DF FF FF 7E ED FF FA | T:90969 RPD:1
[CH: 50] LEN: 32 | HEX: 05 54 60 60 60 60 EB D5 DF FC 00 01 C6 5B EC 71 56 FF DE F5 DE FF F7 FB FF FF FF ED 6F FF F6 FF | T:91238 RPD:1
[CH: 50] LEN: 32 | HEX: 15 51 81 81 81 83 AF A7 6E D0 08 CF D9 6E EB 07 0B DF AF FF F7 BF FF 7F B7 7F ED FF AD BF BA FD | T:91373 RPD:1
[CH: 50] LEN: 32 | HEX: 15 51 81 81 81 83 AF 67 6F EF 57 0F D9 6F F7 B8 3A FD FB EF FF EF F6 FF FF FE FD FD FE FE BC A6 | T:91407 RPD:1
[CH: 50] LEN: 32 | HEX: 15 51 81 81 81 83 AD A7 6F DF 57 4E 99 6F EF 87 4A EF FF AE F9 F7 EA 5B D5 FB 36 DF 77 5E DF FB | T:91501 RPD:1
[CH: 50] LEN: 32 | HEX: 15 51 81 81 81 83 AF E7 6F EF 47 5F D9 6F EA 49 1B FD FB FF FE EB FB BF F7 DB FF 7F DF DE BF EE | T:91531 RPD:1
[CH: 50] LEN: 32 | HEX: 15 51 81 81 81 83 AE A7 6F EF F7 EF D9 6F 69 58 6B EB D7 EF DF DE DF FF 9A 50 6B CA 15 48 66 B4 | T:91561 RPD:1
[CH: 50] LEN: 32 | HEX: 15 51 81 81 81 83 AF E7 6F CF 67 BD B9 6F EC 96 3B BE F7 DB FF FA FF FF FE 4F FF FF 7E DE DF B5 | T:91591 RPD:1
[CH: 50] LEN: 32 | HEX: 15 51 81 81 81 83 AD A7 6F DE C7 9F B9 6E FE 08 8B FB BF FF FF BF 95 55 0B 56 56 A5 94 54 AA 14 | T:91651 RPD:1
[CH: 50] LEN: 32 | HEX: 15 51 81 81 81 83 AF 27 6F 6F 27 BB D9 6F B0 A9 4A B7 B6 AB AD DB 5D 5F DB D5 04 93 4A 44 0E 95 | T:91711 RPD:1
[CH: 50] LEN: 32 | HEX: 05 54 60 60 60 60 EB A9 DB FB C1 F7 F6 5B DD 8D EA BF FD FF FB 7B FF FF EF F7 BD 7F DF FF FE EF | T:91771 RPD:1
[CH: 50] LEN: 32 | HEX: 05 54 60 60 60 60 EB C9 DB D3 BD 8B EE 5B D4 36 56 B7 FB DE FF F7 FF FF FF AF 77 FF FF F5 D7 F5 | T:91801 RPD:1
[CH: 50] LEN: 32 | HEX: 15 51 81 81 81 83 AF E7 6F EE D6 0F D9 6F 6A 47 EB F3 FB FF DF FD FF FF FD BF EF FB 7F EF FF FF | T:91861 RPD:1
[CH: 50] LEN: 32 | HEX: 05 54 60 60 60 60 EB E9 DB FB B1 87 F6 5B DD E2 6E F7 FF FF E8 D6 4D 49 2F AE D5 EA AD 73 AB 66 | T:91891 RPD:1
[CH: 50] LEN: 32 | HEX: 05 54 60 60 60 60 EB E9 DB DB AD 9B B6 5B DD 39 8A FF BB F7 FE E6 FF FB DF EB BF EE F4 CA 5F 75 | T:91921 RPD:1
[CH: 50] LEN: 32 | HEX: 9D A6 36 D6 AE B6 FD EB 15 53 ED 75 3E EB AF 15 A5 DA A9 55 AB AA 58 66 AB 2D 56 80 98 BA 10 08 | T:91950 RPD:1
[CH: 50] LEN: 32 | HEX: 05 54 60 60 60 60 EB C9 DB FB A1 97 F6 5B BE ED B2 BF F7 FD FE FF 75 DF FF FF FF ED FE B7 FE FF | T:92011 RPD:1
[CH: 50] LEN: 32 | HEX: 05 54 60 60 60 60 EB C9 DB FB 9D AB A6 5B AA 29 CA AD AA A6 6A D7 97 56 F4 DA A8 F5 51 AB 94 95 | T:92041 RPD:1
[CH: 50] LEN: 32 | HEX: 15 51 81 81 81 83 AF 27 6F 4E 66 BA D9 6F ED 69 EA FD FF F5 7A EF 7D ED FF EF 6F D0 5A B6 49 21 | T:92071 RPD:1
[CH: 50] LEN: 32 | HEX: 05 54 60 60 60 60 EB A9 DB B3 95 A3 B6 5B DC 8E 42 EF BF FF BB FF EE FD FD BD FF FA FF FF EF FE | T:92101 RPD:1
[CH: 50] LEN: 32 | HEX: 05 54 60 60 60 60 EB A9 DB DB 8D BB F6 5B FD 26 32 FF DF FF F4 00 B2 24 21 5D 31 00 94 45 2D 10 | T:92161 RPD:1
[CH: 50] LEN: 32 | HEX: 05 54 60 60 60 60 EB F9 DB DB 89 BF A6 5B DC 55 A6 F7 FA DF FF 77 B6 FF FD EE F5 7D FF 7F 55 FF | T:92191 RPD:1
[CH: 50] LEN: 32 | HEX: 05 54 60 60 60 60 EB E9 DB EB 85 B3 D6 5B FB 81 9E BF DF FD DF DD BF 7F FF FD DF AE FF BD 5D FD | T:92221 RPD:1
[CH: 50] LEN: 32 | HEX: 05 54 60 60 60 60 EB E9 DB DB F9 CF 76 5B FD 3A 36 D7 FF FF DE F2 A9 22 A9 24 8F 49 A8 52 AE 85 | T:92310 RPD:1
[CH: 50] LEN: 32 | HEX: 55 DA 4C 1A 54 EA 75 AA 52 AA AD BB 1D 57 AA E9 65 65 25 24 9B 09 CB 51 25 B2 AD 48 AA CD 2A AD | T:92322 RPD:1
[CH: 50] LEN: 32 | HEX: 05 54 60 60 60 60 EB E9 DB FB E9 DD F6 5B BE 35 EA BB FF FE EF FF DF FF FF EF FF FD 7F 86 44 85 | T:92378 RPD:1
[CH: 50] LEN: 32 | HEX: 05 54 60 60 60 60 EB A9 DB BB A5 D3 76 5B FA E1 D2 B7 F7 AB 7F F7 7D FF FF FF ED 7D FB DB FF 5F | T:92408 RPD:1
[CH: 50] LEN: 32 | HEX: 55 D9 76 85 6A 5A 6D 60 B2 10 C8 DA CA 2A B2 8E AE A3 75 5D 6D AA 88 29 9A AE CA AD 29 AD 10 51 | T:92438 RPD:1
[CH: 50] LEN: 32 | HEX: 2A 8B 40 B5 46 89 55 69 29 54 C8 A5 6B 4D 15 05 72 45 25 04 51 C2 49 6A AA AA 11 42 0A A0 00 00 | T:92468 RPD:1
[CH: 50] LEN: 32 | HEX: 15 51 81 81 81 83 AF A7 6F EF 67 BD D9 6E EC 96 3A F4 5D 5C D9 EA B6 48 98 55 4B 62 1A 2A 51 2D | T:92498 RPD:1
[CH: 50] LEN: 32 | HEX: 05 54 60 60 60 60 EB E9 DB FA 95 C3 D6 5B 54 D1 B6 F5 FA FB F5 D6 EE F5 FB EA B7 D7 FB DE FB FD | T:92528 RPD:1
[CH: 50] LEN: 32 | HEX: 05 54 60 60 60 60 EB A9 DB EB 91 D7 66 5B FD 82 22 BF FF FD FF 7F FF 7F D3 FA 54 95 50 D6 51 55 | T:92558 RPD:1
[CH: 50] LEN: 32 | HEX: 05 54 60 60 60 60 EB D9 DB FB 8D FB F6 5B DD 59 C6 FF BF FB FF F7 FF FD 3E DD FF FE DF 5F 7D 7E | T:92588 RPD:1
[CH: 50] LEN: 32 | HEX: 05 54 60 60 60 60 FB C9 DB AB C9 EF 56 5B FC 2A 52 FD DF 5E FB E7 F6 CF BB 6F FB FA FF EF 7F F7 | T:92618 RPD:1
[CH: 50] LEN: 32 | HEX: 05 54 60 60 60 60 EB C9 DB FB C5 E3 F6 5B FD EA 6A EF FF 7F DF FB EF FE F6 FE F7 EF EF FF 7D FE | T:92648 RPD:1
[CH: 50] LEN: 32 | HEX: 05 54 60 60 60 60 EB E9 DB FB 81 E7 B6 5B FD 8D F6 FF EF FF FF FF FF DF F7 FE FA FE FF BE EB DF | T:92678 RPD:1
[CH: 50] LEN: 32 | HEX: 05 54 60 60 60 60 EB E9 DB FB BD 8B D6 5B FC 36 56 DF DF FF ED FF BF FF FF FF FF BF FF FF FF D5 | T:92708 RPD:1
[CH: 50] LEN: 32 | HEX: 05 54 60 60 60 60 EB F9 DB BB B9 8E EE 5B DE 45 C2 BF FE EA AB A9 5A 9A 92 28 A4 BA B2 A0 E5 54 | T:92738 RPD:1
[CH: 50] LEN: 32 | HEX: 05 54 60 60 60 60 EB E9 CF E8 02 07 B6 5B DD 8F F2 FF DF ED FF 7D 7D FF 7B DF F5 EB F7 F5 AB EF | T:92942 RPD:1
[CH: 50] LEN: 32 | HEX: 15 51 81 81 81 83 AF 97 7F 6F 6F E7 09 6F 6A 32 CA FF FF 95 45 BD 5E 5F 55 B9 62 E4 AD B5 DC A9 | T:92973 RPD:1
[CH: 50] LEN: 32 | HEX: 4D 79 5A B0 6B 76 36 A2 B6 BB 56 D5 56 DA D1 2A 95 28 6A A5 AB 29 5A ED 29 56 53 6A A8 9B 6B B5 | T:92985 RPD:1
[CH: 50] LEN: 32 | HEX: 15 51 81 81 81 83 AE 97 7F 6F 6E E7 09 6E F2 32 CB FF FF FF 7B FF 7F FF FF FF FF F7 7F FF FD 56 | T:93003 RPD:1
[CH: 50] LEN: 32 | HEX: 05 54 60 60 60 60 EB F5 DD FB F7 B5 CE 5B FE 52 BA FF FB 7F FE FF FF B7 BE FF F7 FE DF FE FD F4 | T:93018 RPD:1
[CH: 50] LEN: 32 | HEX: 35 DB 53 95 6B CB 7A E5 55 6C 57 6E AB 54 84 55 A9 AE 59 B8 D0 A9 A5 A4 B0 DB 32 81 F5 5E D5 DA | T:93030 RPD:1
[CH: 50] LEN: 32 | HEX: 15 51 81 81 81 83 AF 97 7F AE DF D7 39 6F F1 4A EB 7F FF 7F DF FD ED F7 CE 5A 59 57 75 C3 4D 76 | T:93042 RPD:1
[CH: 50] LEN: 32 | HEX: 7A CA 60 55 55 2A 20 25 AD D4 AC 4D A8 AA A6 C6 4A A9 8A ED 55 CA 28 CA CA 11 6A A6 4B C5 14 84 | T:93054 RPD:1
[CH: 50] LEN: 32 | HEX: 15 51 81 81 81 83 AF D7 7E AF EE D7 09 6F 72 32 CA FB FF FF 7F EF FF FB FF FF FF FE EF FF FF FF | T:93069 RPD:1
[CH: 50] LEN: 32 | HEX: 15 51 81 81 81 83 AF 57 7F 4F CF D7 09 6F 7A 32 CA BF B7 B7 BF EF DF FF 7F BF 5F FD FB 7F DF FF | T:93087 RPD:1
[CH: 50] LEN: 32 | HEX: 15 51 81 81 81 83 AF 97 76 AF 6F E7 09 6E E2 32 CB D7 6F FB 7F AE AF EF BE FC 88 BA BA 40 D2 90 | T:93105 RPD:1
[CH: 50] LEN: 32 | HEX: 45 14 FD 6A CB 79 2A 35 5E AE B5 4D 0A 4A A3 49 57 B5 A5 AF 6A 45 62 15 2A 8A 94 2B 2D 56 5B 24 | T:93120 RPD:1
[CH: 50] LEN: 32 | HEX: 15 51 81 81 81 83 AF 57 7F 4F DD C7 39 6F 79 4A EB 7F FB FF ED 7F 6F 7E FF FD 7F FB BE BF 7F BE | T:93131 RPD:1
[CH: 50] LEN: 32 | HEX: 3C C5 AC 94 5B 5D 69 66 D7 5A F3 EB 74 65 A7 55 CD 52 AA 05 69 BE 4A 84 55 7B 49 25 29 0A 84 05 | T:93150 RPD:1
[CH: 50] LEN: 32 | HEX: 15 51 81 81 81 83 AF 97 7F EF 5F D7 39 6F 75 4A EA FF DE FE 45 14 A8 29 0C 94 A1 D1 2B A5 55 25 | T:93161 RPD:1
[CH: 50] LEN: 32 | HEX: 05 54 60 60 60 60 EB C5 DF AB D7 B1 CE 5B DA 52 BA FF DD 2A EE 81 55 AA 41 C4 D6 AD 16 AA 66 46 | T:93174 RPD:1
[CH: 50] LEN: 32 | HEX: 15 51 81 81 81 83 AF 57 7F 6F DF 67 09 6E E2 32 CB 7F FF 7F F7 D7 FD FF BB 5E FD F5 FB DB 7F F6 | T:93189 RPD:1
[CH: 50] LEN: 32 | HEX: 15 51 81 81 81 83 AF 97 7F AF 5F E7 39 6F 69 4A EB DF BF EE FF FD FF F5 BF BF FE DD FB EF FF FF | T:93204 RPD:1
[CH: 50] LEN: 32 | HEX: 15 51 81 81 81 83 AF 57 7F 6F CF 67 09 6F E2 32 CB EF AF FD DF EF FF 6F D7 FF BD F7 FD 7D FF FF | T:93219 RPD:1
[CH: 50] LEN: 32 | HEX: 2B 29 14 94 41 45 40 42 35 77 5B BF 6B AA A9 6A C8 54 53 55 2A B4 DA 99 15 19 B5 64 4D 5A 90 99 | T:93231 RPD:1
[CH: 50] LEN: 32 | HEX: 15 51 81 81 81 83 AF D7 7F 6F 6F D7 09 6F F2 32 DA FE FF DF 94 22 95 AA A2 85 6A 92 A5 4A 56 D5 | T:93243 RPD:1
[CH: 50] LEN: 32 | HEX: 05 54 60 60 60 60 EB F5 DF DB F7 F5 CE 5B FA 52 BA FF FF BF DE FD FB FF FF FF FE FF FF F7 F6 F7 | T:93258 RPD:1
[CH: 50] LEN: 32 | HEX: 05 54 60 60 60 68 EB E5 DD FB DB F9 C2 5B DC 8C B2 FF DE FE FB FE FF FD FB FF DF D7 FF BB AF F6 | T:93273 RPD:1
[CH: 50] LEN: 32 | HEX: 15 51 81 81 81 83 AF 57 7A AF 5F E7 39 6F 69 4A EB FF FB DF EB FF FC 7D 4A A9 5A 94 55 55 5A A5 | T:93288 RPD:1
[CH: 50] LEN: 32 | HEX: 15 51 81 81 81 83 AF 97 7F AF DF A7 09 6E EA 32 CB 7D FA DE FF DF DE FD FC B0 48 BD 71 BF B6 55 | T:93303 RPD:1
[CH: 50] LEN: 32 | HEX: 15 51 81 81 81 83 AF 97 77 EE DD C7 39 6F 71 4A EA AA ED 54 44 96 4A A4 F5 08 B8 58 B5 21 0A 8A | T:93318 RPD:1
[CH: 50] LEN: 32 | HEX: 46 AA 55 B8 D6 B4 A5 AA BB 72 4D 45 55 41 53 2A 36 AD 5D 6A D9 AB A2 A9 D2 AD 75 27 AB 2A AA 94 | T:93330 RPD:1
[CH: 50] LEN: 32 | HEX: 15 51 81 81 81 83 AF 97 7F 6F EF E7 09 6F F2 32 CA FE FF AF FF EF BF FF 5B FF 7F DF FD FF F6 FD | T:93345 RPD:1
[CH: 50] LEN: 32 | HEX: 15 51 81 81 81 83 AE 96 7F 4D 5E D7 39 6F 71 4A EB FF FF BF FB EF FB BF F7 AF ED B4 D6 EA B5 96 | T:93360 RPD:1
[CH: 50] LEN: 32 | HEX: 15 51 81 81 81 83 AE 97 7E AE DD D7 39 6F E9 4A EB F5 DB F5 F7 FB EF FF FF FB BF BF FF FD 14 4A | T:93378 RPD:1
[CH: 50] LEN: 32 | HEX: 15 51 81 81 81 83 AF 57 77 EE EF E7 09 6F EA 32 CA EB F7 BA DF D7 F7 EF 7F 57 FF B5 7A BF DA EE | T:93393 RPD:1
[CH: 50] LEN: 32 | HEX: 65 25 54 46 6A A9 5C 4A 3A AC 4A 84 21 53 94 16 C4 4D 52 61 BA AA A5 29 5A A5 11 4A 44 A0 16 28 | T:93436 RPD:1
[CH: 50] LEN: 32 | HEX: 15 51 81 81 81 83 AF 86 DF F0 0E DF D9 6F 6E C9 FB FF 6F 54 8A D2 B6 94 B3 28 AB A9 5D 42 6B 4B | T:93467 RPD:1
[CH: 50] LEN: 32 | HEX: 15 51 81 81 81 83 AF 17 7F B0 00 07 19 6F 79 C5 5A DB B6 D5 FD F3 FB EF 7D BB FD EE F7 FE EA 5A | T:93736 RPD:1
[CH: 50] LEN: 32 | HEX: 05 54 60 60 60 60 EB D1 B7 B8 03 BB D6 5B AD B2 7E FD F7 3A FF FF 7F A6 A4 63 58 B3 24 59 71 26 | T:93767 RPD:1
[CH: 50] LEN: 32 | HEX: 05 54 60 60 60 60 EB D5 DF F4 00 01 C6 5B DC 71 56 FE FF FE FF FD F5 BF F7 FE F7 FD DA FE EF DF | T:94036 RPD:1
[CH: 50] LEN: 32 | HEX: 15 51 81 81 81 83 AF 86 DF 70 0F EE D9 6E EE C9 FB ED F7 7F 5F EB FF FF FF FB FF DB FB FF FB AE | T:94067 RPD:1
[CH: 50] LEN: 32 | HEX: 05 54 60 60 60 60 EB A5 DF DC 00 01 C6 5B DE 71 56 FF DE FE BF EF DB 77 DE EF 6A ED FF 6D 7F F5 | T:94336 RPD:1
[CH: 50] LEN: 32 | HEX: 05 54 60 60 60 60 EB D1 B7 B4 03 D3 B6 5B FD B2 7E EE FF FB F7 FF FB 7F FB FF FD FF FF DF FE FE | T:94367 RPD:1
[CH: 50] LEN: 32 | HEX: 05 54 60 60 60 60 EB E9 DB DA 02 33 D6 5B F4 C1 C2 BF FF D5 FF DE FB EB D6 CD 7B CF 4A 49 3F 5A | T:94571 RPD:1
[CH: 50] LEN: 32 | HEX: 05 54 60 60 60 60 EB E9 DB DB F9 CF 7E 5B DF 3A 36 BF FF ED FF 6F FB FD FD 5F E1 6B A3 D4 8E D0 | T:94602 RPD:1
[CH: 50] LEN: 32 | HEX: 15 51 81 81 81 83 AF A7 6F EF B7 6F 59 6F ED 19 DB F7 FF F7 FF FF 9F FE DF DF F7 FB BF DF F9 7F | T:94639 RPD:1
[CH: 50] LEN: 32 | HEX: 05 54 60 60 60 60 EB A9 DB DB E9 DE D6 5B F6 35 EA B7 BF F7 FF D6 F9 FC DF FF FF FB 4F DF EC BF | T:94669 RPD:1
[CH: 50] LEN: 32 | HEX: 15 51 81 81 81 83 AF A7 6E EF 57 4F D9 6F DF 87 4B 6F BB BB FF D2 22 32 AB 29 76 CE 7A 94 D6 55 | T:94699 RPD:1
[CH: 50] LEN: 32 | HEX: 15 51 81 81 81 83 AF 67 6F 6F 47 5E D9 6F FA 49 1B EE F7 FD BF F7 FF FF FE F4 FB FF FF B7 FB FF | T:94729 RPD:1
[CH: 50] LEN: 32 | HEX: 15 51 81 81 81 83 AE A7 6E FF F7 AF D9 6F E9 58 6A F7 FF BF 7F 6D FF FE FF EF FF FD DE FF FF 77 | T:94759 RPD:1
[CH: 50] LEN: 32 | HEX: 55 46 06 06 86 0E BC 9D BF FD 5F 3F 65 BE CE 9B 6D F7 BF FF FF FF FF EF FF BF FF FE B5 5E AB AC | T:94819 RPD:1
[CH: 50] LEN: 32 | HEX: 15 51 81 81 81 83 AE A7 6F 6F 47 9F D9 6E EE 08 8A FE F7 FF D5 11 2A 55 14 10 1A 42 15 AB A4 09 | T:94849 RPD:1
[CH: 50] LEN: 32 | HEX: 15 51 81 81 81 83 AF 67 6F EE B7 6F D9 6F D5 67 1A FF FF DF FF 77 DE AF ED 6F 7B DF FF FB FF FF | T:94879 RPD:1
[CH: 50] LEN: 32 | HEX: 15 51 81 81 81 83 AF 67 6F DE 27 F5 D9 6F 78 A9 4A AD FF FF 6F 7F 6F DF FF DF FE FF FC FD FD FE | T:94909 RPD:1
[CH: 50] LEN: 32 | HEX: 15 51 81 81 81 83 AF A7 6F 5F 17 CF D9 6F 7F F9 AB FF FF FF ED 92 A2 C8 57 B6 D5 15 0A 3F 75 12 | T:94939 RPD:1
[CH: 50] LEN: 32 | HEX: 05 54 60 60 60 60 EB E9 DB FB E1 F7 F6 5B FA 8D FE B6 DF DF FF ED FB EF FB F7 FF FF 9F DF FD FE | T:94969 RPD:1
[CH: 50] LEN: 32 | HEX: 05 54 60 60 60 60 EB E9 DB FB BD 8B AE 5B F8 36 56 BD FD FB FF EF 7F FF F7 DF FF FF DE FE 24 E5 | T:94999 RPD:1
[CH: 50] LEN: 32 | HEX: 05 54 60 60 60 60 EB C9 DB BB B9 8E EE 5B FB 45 C2 D5 7F 0F 8E 2A 8A 98 4D 52 28 9E 12 8D 68 6B | T:95029 RPD:1
[CH: 50] LEN: 32 | HEX: 05 54 60 60 60 60 EB E9 DB FB B5 83 F6 5B AE 91 EE BF FE EE FD BF BF B7 D7 5A 8B 6C D6 A3 94 FB | T:95059 RPD:1
[CH: 50] LEN: 32 | HEX: 05 54 60 60 60 60 EB D9 DB BB B1 87 76 5B DD E2 6E EF FE FF 7B DF FF D7 FF FE 4A 8E 59 5B 96 26 | T:95089 RPD:1
[CH: 50] LEN: 32 | HEX: 05 54 60 60 60 60 EB A9 DB BB AD 9B D6 5B F9 39 8A FF FF EE DF DF F2 DE DF AD 5A DC AA 31 A9 40 | T:95119 RPD:1
[CH: 50] LEN: 32 | HEX: 2A A1 54 44 35 14 45 44 96 19 66 53 2C B4 8D 26 90 AA 94 85 0E 04 95 24 CC 95 38 21 88 40 20 AA | T:95148 RPD:1
[CH: 50] LEN: 32 | HEX: 05 54 60 60 60 60 EB E9 DB FB A5 93 F6 5B DF 9E 26 BD BF FE FF FA 0B A5 5A 62 04 4A 4D 18 C8 C0 | T:95179 RPD:1
[CH: 50] LEN: 32 | HEX: 05 54 60 60 60 60 EB D9 DB DB A1 97 F6 DB D4 ED B2 EF FF FD FF 57 F7 7F 5F BF FF FE FF FF BF FB | T:95209 RPD:1
[CH: 50] LEN: 32 | HEX: 48 90 22 0A 53 8A 57 4A CD 5E 4A 8B 6D 54 14 69 2E BE AA 57 B5 F6 28 AD 7C 59 50 D2 CA B6 A8 41 | T:95238 RPD:1
[CH: 50] LEN: 32 | HEX: 15 51 81 81 81 83 AF 67 6F 6E 66 BE D9 6F 75 69 EA F7 FF FF FF ED 6F 7D 7F FD FF FF DD DF AC 0A | T:95269 RPD:1
[CH: 50] LEN: 32 | HEX: 15 51 81 81 81 83 AF 27 6F CE 46 9F 59 6F 7B FF 5B FF 7F 5F DF 7B FF DA 7F DF FD FB FF FD BD DF | T:95329 RPD:1
[CH: 50] LEN: 32 | HEX: 05 54 60 60 60 60 EB A9 DB EB 8D BB F6 5B FA 26 32 ED FF FF F6 FB 7F BD DF DF DF 6E FB FF BF F7 | T:95359 RPD:1
[CH: 50] LEN: 32 | HEX: 05 54 60 60 60 60 EB E9 DB DB 89 BE D6 5B FC 55 A6 FB DF 5F 75 BF 7A F7 DF EB AB BF 3F F7 54 BB | T:95389 RPD:1
[CH: 50] LEN: 32 | HEX: 05 54 60 60 60 60 EB E9 DB D3 85 B3 D6 5B FB 81 9C F7 BB FF FD 7F D7 FD FF EE FF FE FF F9 7B D7 | T:95419 RPD:1
[CH: 50] LEN: 32 | HEX: 05 54 60 60 60 60 EB E9 DB BB 81 B7 F6 5B FD E2 0A FF FF BE FF FF FE FD FF BF F7 ED 7F D6 FF E7 | T:95449 RPD:1
[CH: 50] LEN: 32 | HEX: 05 54 60 60 60 60 EB C9 DB D3 F9 CE F6 5B DB 3A 36 F7 FB DF F7 B6 EF EF DF FF FF BF D6 EA 96 AA | T:95509 RPD:1
[CH: 50] LEN: 32 | HEX: 05 54 60 60 60 60 EB D9 DB DB ED DB F6 5B FF 46 7E FD D5 6A AC 2A C5 4A 12 92 C1 65 D7 DE AF AC | T:95546 RPD:1
[CH: 50] LEN: 32 | HEX: 05 54 60 60 60 60 EB B9 DB DB C9 DF DE 5B BE 35 EA ED FD D7 F7 FF FD FF 5F F6 B7 FF BE F7 77 7B | T:95576 RPD:1
[CH: 50] LEN: 32 | HEX: 05 54 60 60 60 60 EB D9 DB BB D5 D3 EE 5B DD E1 D2 BD FF 5F AB 7F FD DD FA FD DF FD 7F FE FF FD | T:95606 RPD:1
[CH: 50] LEN: 32 | HEX: 15 51 81 81 81 83 AF 27 6F EF 77 AF 59 6F F5 58 6A FE FE FF EB FB FF FF 7F BA BF FF EF FD FF 7B | T:95666 RPD:1
[CH: 50] LEN: 32 | HEX: 15 51 81 81 81 83 AF A7 6E EE 67 BB 99 6F 54 96 3B AE FF BF FB AF FD AF B6 BF FE DF BD FE EE B5 | T:95696 RPD:1
[CH: 50] LEN: 32 | HEX: 05 54 60 60 60 60 EB C9 DB DB D5 E3 D6 5B DA E1 B6 FF EF AE A7 55 2B 39 72 D3 3E EA D2 B4 BD 9B | T:95726 RPD:1
[CH: 50] LEN: 32 | HEX: 05 54 60 60 60 60 EB A9 DB BB 91 C7 B6 5B BD 82 22 F7 B5 FB BF BF D6 FD DF EA AB 54 B0 50 64 85 | T:95756 RPD:1
[CH: 50] LEN: 32 | HEX: 05 54 60 60 60 60 EB D9 DB DB CD FB F6 5B FD 59 C6 FF BB EE B7 FE DE F7 FF 7D FF FE FF DE D4 6B | T:95786 RPD:1
[CH: 50] LEN: 32 | HEX: 05 54 60 60 60 60 EB E9 DB F7 C9 EF F6 5B F4 2A 52 FD 67 D6 EB 7D 6F E7 52 D6 6A DA D5 49 CD 53 | T:95816 RPD:1
[CH: 50] LEN: 32 | HEX: 05 54 60 60 60 60 EB E9 DB FB 85 DB EE 5B FF FD 6A FD BE FF 7F BF FA B5 A5 6D 5A B4 AB 6E BC AD | T:95846 RPD:1
[CH: 50] LEN: 32 | HEX: 05 54 60 60 60 60 EB E9 DB FB C1 D7 76 5B FD 8D F6 FF FB EF BF FD FF FF FF FF FF 77 7F FF 6F AF | T:95876 RPD:1
[CH: 50] LEN: 32 | HEX: 05 54 60 60 60 60 EB B9 DB FB BD 8B D6 5B DC 36 56 ED BB FF BF FA FF FF AD F7 F7 BF 7F FD D3 4A | T:95906 RPD:1
[CH: 50] LEN: 32 | HEX: 05 54 60 60 60 70 EB E9 DB DB B9 8F EE 5B ED 45 C2 BF EF 77 FD FB DF DF FF F6 EF 7E 5F A4 45 24 | T:95936 RPD:1
[CH: 50] LEN: 32 | HEX: 05 54 60 60 60 60 EB E9 DB FB B5 83 F6 5B DE 91 FA B7 D6 FF EF BF FF FE FF FF FD FF DF FF FF FF | T:95966 RPD:1
[CH: 50] LEN: 32 | HEX: 05 54 60 60 60 60 EB E9 DB FB B1 87 F6 5B D9 E2 6E FF F7 BF F7 F7 6F 6F A9 D2 33 54 A5 6B 48 13 | T:95996 RPD:1
[CH: 50] LEN: 32 | HEX: 05 54 60 60 60 60 EB C9 DB DB AD 9B E6 5B DD 39 8A B5 EF FF FF F7 FF FE FF BE 92 B9 72 92 0B 5A | T:96026 RPD:1
[CH: 50] LEN: 32 | HEX: 05 54 60 60 60 60 EB C9 DB EB A9 9E F6 5B F6 4A 1E BE FA FF AE C0 54 10 94 99 58 24 46 BA BB AF | T:96056 RPD:1
[CH: 50] LEN: 32 | HEX: 05 54 60 60 60 60 EB C9 CE F4 02 07 56 5B DB 8F 6A BF EF FA F5 55 4B 5A 96 B7 4D 55 AD AD 55 5B | T:96270 RPD:1
[CH: 50] LEN: 32 | HEX: 15 51 81 81 81 83 AF 97 7B EF 6E E7 09 6F B2 32 CA AF EE BF DB BF FA FB FD FA AF F7 DE B6 FD F7 | T:96301 RPD:1
[CH: 50] LEN: 32 | HEX: 15 51 81 81 81 83 AF 57 7F AE DD F7 39 6F 59 4A EA FF FD F7 DF FF FF EB AF FE FF FF FE FF FF FF | T:96316 RPD:1
[CH: 50] LEN: 32 | HEX: 5A 8A AD 8A EA 55 AB 6A D2 DA B4 AC 6B FA D5 2D 4D 2B 9B 6C D3 4D 93 4F AC F4 AF C9 AB 85 52 25 | T:96328 RPD:1
[CH: 50] LEN: 32 | HEX: 05 54 60 60 60 60 EB E5 DF D3 A7 B9 CE 5B FD 52 BA BD F7 FF DE F6 EB BF EF 6F EF FD EF DF FA B2 | T:96340 RPD:1
[CH: 50] LEN: 32 | HEX: 05 54 60 60 60 60 EB C5 DE FB DB E9 C2 5B DC 8C B2 BF FF D5 EE FF FD AB FB DF EF EE FF B7 CA 54 | T:96355 RPD:1
[CH: 50] LEN: 32 | HEX: 05 54 60 60 60 60 EB A5 DF DB D7 F5 CE 5B BD 52 BA BD 7F FF FA A8 99 48 A6 B6 55 2B 52 14 44 11 | T:96370 RPD:1
[CH: 50] LEN: 32 | HEX: 15 51 81 81 81 83 AF 97 7F 6F DF 57 39 6F 71 4A EB BB DF 6E B7 2B 19 B1 61 55 7A B1 AB 9D 59 A5 | T:96388 RPD:1
[CH: 50] LEN: 32 | HEX: 15 51 81 81 81 83 AF 17 77 AE CF E7 09 6E F2 32 CA EE FF EF FF FF FF FF 7D FD EB FF F7 75 5F FF | T:96403 RPD:1
[CH: 50] LEN: 32 | HEX: D6 F5 EC AA CA 6A A7 2A 99 2A 49 D1 15 72 AB 33 B6 CA AF 12 AC 2B B6 B7 A5 55 43 54 A5 AC 8B 64 | T:96415 RPD:1
[CH: 50] LEN: 32 | HEX: 15 51 81 81 81 83 AF 57 7B AF DF A7 09 6F EA 32 CA FE FE FF FD 55 A8 0A A2 55 55 25 D2 96 D2 69 | T:96427 RPD:1
[CH: 50] LEN: 32 | HEX: B5 17 26 AA 2A 2A 54 45 3A 40 8C B2 01 6A A1 2A 8A 14 B6 4A 6B 4B 19 24 C0 8A 43 6B 35 8B 2B 68 | T:96439 RPD:1
[CH: 50] LEN: 32 | HEX: 05 54 60 60 60 60 EB D5 DF DB B7 D9 C2 5B DA 8C B2 BF FF EB AF FF FF BB FB 57 DF FB BD 7F FF FD | T:96451 RPD:1
[CH: 50] LEN: 32 | HEX: 15 51 81 81 81 83 AF 57 77 EF DD D7 39 6F 79 4A EB BF FF FF FF D7 F7 F1 5A 66 49 41 22 9D A5 2B | T:96466 RPD:1
[CH: 50] LEN: 32 | HEX: 15 51 81 81 81 83 AF 57 7F 4F DE E7 09 6F 72 32 CA DD FF B7 F7 AF 7F BF F7 FC FF ED FF F7 ED FB | T:96487 RPD:1
[CH: 50] LEN: 32 | HEX: 55 31 26 55 59 AD C5 5A 95 54 AA 11 87 05 89 B2 6D 55 19 69 14 28 55 A5 55 9B D1 9B 6A A9 EA 52 | T:96499 RPD:1
[CH: 50] LEN: 32 | HEX: 15 51 81 81 81 83 AF 57 7F AF CF D7 09 6E FA 32 CB FF FE FF EA DF BE B7 F7 DD EE BF F6 D5 FF FF | T:96511 RPD:1
[CH: 50] LEN: 32 | HEX: 55 B5 DA DD 55 65 2A B5 25 C5 12 DD 45 55 2D 59 94 A3 45 EB 2B 3A 99 6D B6 B2 B6 9D 45 77 6A 99 | T:96523 RPD:1
[CH: 50] LEN: 32 | HEX: 05 54 60 60 60 60 EB E5 DF EB F7 69 CE 5B DC 52 BA EB FB FF 7D FB 9A 7E 7D EF 7F EF FF 9E AA AB | T:96538 RPD:1
[CH: 50] LEN: 32 | HEX: 05 54 60 60 60 60 EB A5 DD DB F7 F1 C2 5B 74 8C B2 FF FE FB F7 F7 3F FF F7 F7 7F F7 6F F5 8F 41 | T:96553 RPD:1
[CH: 50] LEN: 32 | HEX: 05 54 60 60 60 60 EB E5 DF DB F7 BD CE 5B FA 52 BA BF E9 29 55 43 A5 04 52 A4 84 61 4B E9 05 6A | T:96568 RPD:1
[CH: 50] LEN: 32 | HEX: 15 51 81 81 81 83 AF 97 7F 6E EF D7 09 6E D2 32 CA FF DB 7D AD FF FE FF FF FF 7A A7 50 19 77 AD | T:96583 RPD:1
[CH: 50] LEN: 32 | HEX: 15 51 81 81 81 83 AE 97 77 AF DF D7 39 6F 71 4A EB EF EE FE FD FD FA DF FF EE FF F7 EF FF F7 DE | T:96598 RPD:1
[CH: 50] LEN: 32 | HEX: 15 51 81 81 81 83 AF 97 7F 6E EF A7 09 6F 72 32 CA FF EB FD F7 5E 7D FB F6 F7 FD 77 F6 BB FF D7 | T:96613 RPD:1
[CH: 50] LEN: 32 | HEX: 26 55 6F AD 5A 35 51 19 51 12 8C 34 AF 2A E0 03 C9 44 76 80 99 55 25 52 E6 66 EB 55 32 82 60 31 | T:96625 RPD:1
[CH: 50] LEN: 32 | HEX: 15 51 81 81 81 83 AF 97 77 6F EE D7 09 6E F2 32 CB FB B7 B7 FF 7D FD 7F BF DF 6F FF FD 7E FF FB | T:96637 RPD:1
[CH: 50] LEN: 32 | HEX: 05 54 60 60 60 60 EB C5 DD DB DB B9 C2 5B FA 8C B2 FD FF EF FF FB BB FF FF FF FD FB FB 7B 5D DF | T:96655 RPD:1
[CH: 50] LEN: 32 | HEX: 15 51 81 81 81 83 AF 57 7F AF DE E7 39 6F 7D 4A EB FC B6 6D 27 0A 9C B4 41 9A 09 A5 5B 34 DE A5 | T:96670 RPD:1
[CH: 50] LEN: 32 | HEX: 7A A5 32 26 25 35 96 B2 2A AB 49 59 4E 95 A7 62 95 8D 69 56 65 17 46 77 D9 53 52 B1 02 A8 00 00 | T:96685 RPD:1
[CH: 50] LEN: 32 | HEX: 05 54 60 60 60 60 EB C5 DD FB F3 F5 C2 5B D4 8C B2 B7 56 F7 3D FB AF DD 77 EF AF D7 ED DF EA FB | T:96697 RPD:1
[CH: 50] LEN: 32 | HEX: 05 54 60 60 60 60 EB C5 DE FB F7 69 CE 5B BC 52 BA F5 FB FF FD F7 FD 7B FF FB FF DA FF FD EF FF | T:96712 RPD:1
[CH: 50] LEN: 32 | HEX: 05 54 60 60 60 60 EB D5 DF DB BB F9 C2 5B AC 8C B2 DB DF BF FF 6F BD 7F DB AE EF CD FE EB FD D5 | T:96727 RPD:1
[CH: 50] LEN: 32 | HEX: 60 62 88 AA 8A 85 12 A8 A4 21 10 8A AA 00 00 33 B7 B5 C9 08 47 A9 52 15 16 B1 2A 92 A5 AA A6 54 | T:96739 RPD:1
[CH: 50] LEN: 32 | HEX: 05 54 60 60 60 60 EB E5 DF EB DB FD C2 5B FA 8C B2 FF DF 7F 7F 7F 7B 7F DB FD FF FE FB FB FF FF | T:96751 RPD:1
[CH: 50] LEN: 32 | HEX: A9 2A AC 4A 75 55 41 D5 13 15 4D 48 25 50 5A 40 2A 8C 0C 51 91 51 28 A2 A8 00 84 39 FE 55 84 01 | T:96762 RPD:1
[CH: 50] LEN: 32 | HEX: 15 51 81 81 81 83 AF 17 7B 6F 6E E7 09 6F E2 32 CB FF F5 FF FF 7F BF 7E D6 FF EB 77 FF 5D 2E EF | T:96775 RPD:1
[CH: 50] LEN: 32 | HEX: AB D4 6D 24 BE 56 95 AE EB 3A BB 95 B5 3D 6D 56 8D 6B 55 AF 5B A9 6E E4 B5 B5 2D 7A ED B2 AE 8C | T:96786 RPD:1
[CH: 50] LEN: 32 | HEX: 05 54 60 60 60 60 EB C5 DE FB D7 F5 CE 5B FA 52 BA F7 FF DF 7F 7F FF FF DA EF F7 AF FE DF FF BF | T:96802 RPD:1
[CH: 50] LEN: 32 | HEX: A8 80 C5 19 D5 1A 8A 2A A5 08 6A 86 DA A9 02 20 67 BD 7F FD F5 BF AF BF FF EF 6D ED AE F4 3F 4D | T:96813 RPD:1
[CH: 50] LEN: 32 | HEX: 15 51 81 81 81 83 AF 57 7F AF DF D7 39 6F 7D 4A EB FB FF EF DF AF FF FF 7F 7F DF DF BF BE FF EF | T:96826 RPD:1
[CH: 50] LEN: 32 | HEX: 05 54 60 60 60 60 EB C5 DD EB BF F5 C2 5B FA 8C B2 BF 84 15 14 B4 04 24 42 AA 08 29 A6 53 92 AA | T:96841 RPD:1
[CH: 50] LEN: 32 | HEX: 05 54 60 60 70 60 EB E5 DF FB F7 E9 CE 5B FC 52 BA FF FB FF EF FB F7 FF DF FF DB 7F 77 EF BB EF | T:96856 RPD:1
[CH: 50] LEN: 32 | HEX: 05 54 60 60 60 60 EB E5 DE EB FF F9 C2 5B FE 8C B2 FF A8 1B 6A CE A4 D5 C9 39 B4 AB 54 0B EB 41 | T:96871 RPD:1
[CH: 50] LEN: 32 | HEX: A3 03 14 44 54 54 2A DB 55 54 AB 7F FE A2 20 03 3D EB 7F 7E EF 8F D7 D6 4E 91 2A BD A5 6D 4A AB | T:96882 RPD:1
[CH: 50] LEN: 32 | HEX: 05 54 60 60 60 60 EB D5 DF EB FB F9 C2 5B FC 8C B2 FB AD 56 DD 53 4D 4A 10 AB 75 6D 5C AA 9E A2 | T:96895 RPD:1
[CH: 50] LEN: 32 | HEX: 05 54 60 60 60 60 EB D5 DD DB D7 F5 CE 5B FE 52 BA FF FD FF FF FF EF FF FB 7E BD 56 15 75 59 35 | T:96910 RPD:1
[CH: 50] LEN: 32 | HEX: 05 54 60 60 60 60 EB A5 DE EB F7 B5 CE 5B DC 52 BA EF 7F EF 5A DF EF FA FF FF EF DF FF F7 DF DF | T:96933 RPD:1
[CH: 50] LEN: 32 | HEX: 05 54 60 60 60 60 EB E5 DF DB FB D9 C2 5B F8 8C B2 EB FF F3 7B 6E DF FE F7 F7 7F FD EF DF F6 54 | T:96948 RPD:1
[CH: 50] LEN: 32 | HEX: 05 54 60 60 60 60 EB D5 DE EB F7 F9 C2 5B FA 8D B2 FD EF EE DF DB 67 77 2F E7 35 EB BA AD 6B FE | T:96971 RPD:1
[CH: 50] LEN: 32 | HEX: 15 51 81 81 81 83 AF 97 7B CF 5D E7 39 6F 71 4A EA FF FB 7F F5 FF 7F FF 7F EF 5F 7D FF BF FD BF | T:96992 RPD:1
[CH: 50] LEN: 32 | HEX: 05 54 60 60 60 60 EB C5 DD DB DB B9 C2 5B DA 8C B2 FB F7 FF FF FF FF FB FB FF 20 AA B6 D0 E2 05 | T:97007 RPD:1
[CH: 50] LEN: 32 | HEX: 05 54 60 60 60 60 EB E5 DE D3 D7 FD CE 5B FA 52 BA ED FF 7E FF F8 58 94 55 22 94 92 94 4A 44 A4 | T:97022 RPD:1
[CH: 50] LEN: 32 | HEX: 15 51 81 81 81 83 AF D7 77 EF DD C7 39 6F E9 4A EB FE FF 7F FF FF FB 7F FF 7F BF D7 FF FF FE FF | T:97040 RPD:1
[CH: 50] LEN: 32 | HEX: D5 BA 61 65 A2 65 2E 96 9A 55 54 A9 59 D1 1D 76 AD 55 AA A9 6C 95 89 44 A6 A4 24 DD 45 05 51 27 | T:97051 RPD:1
[CH: 50] LEN: 32 | HEX: 15 51 81 81 81 83 AF 97 7B AE 9E E7 39 6F E9 4A EB 75 F7 FF EF FF FE FA FF DB 7B FF FE DF EF FB | T:97064 RPD:1
[CH: 50] LEN: 32 | HEX: 5A 04 D7 27 2C 65 55 2E 9A AD D5 82 50 E9 14 20 2A 8C 0C 51 11 51 68 B3 BE 7C E2 BC 7F FF D7 3E | T:97075 RPD:1
[CH: 50] LEN: 32 | HEX: 05 54 60 60 60 60 EB D5 DF D3 EB F9 C2 5B F8 8C B2 FB FF BD BF DD F5 1B AB D3 63 32 D2 A9 B4 AB | T:97096 RPD:1
[CH: 50] LEN: 32 | HEX: 15 51 81 81 81 83 2F D7 77 6E DD D7 39 6F D9 4A EB FE D5 52 6A A6 D9 95 55 44 16 45 87 84 B4 5A | T:97111 RPD:1
[CH: 50] LEN: 32 | HEX: 15 51 81 81 81 83 AF 97 7B EF DE E7 09 6F 52 32 CB FF BF FF FE FF FB F2 53 62 08 34 52 95 B9 4A | T:97126 RPD:1
[CH: 50] LEN: 32 | HEX: 05 54 60 60 60 60 EB E5 DE B7 F7 F5 CE 5B BA 52 BA FF FF BF FE BF EF 6F DF EF F7 FB FF FF CE 81 | T:97141 RPD:1
[CH: 50] LEN: 32 | HEX: 05 54 60 60 60 60 EB E5 DD FC 00 01 C6 5B FA 71 56 AF FB FF F7 6D B2 45 54 D1 9B 17 75 0E 5F 56 | T:97176 RPD:1
[CH: 50] LEN: 32 | HEX: 05 54 60 60 60 60 EB C1 B7 FC 03 DF F6 5B DD B2 7E FF 6B FF FF FE AA AA 95 14 42 74 0A 42 A0 85 | T:97206 RPD:1
[CH: 50] LEN: 32 | HEX: 05 54 60 60 60 60 EB D5 DF DC 00 01 C6 5B DC 71 56 BF 55 BF 7F FF EB 75 A9 6A 95 03 4E C6 45 77 | T:97476 RPD:1
[CH: 50] LEN: 32 | HEX: 05 54 60 60 60 60 EB E1 B7 78 03 FF B6 5B FB B2 7E BA F6 BA D5 A9 68 AD DB 56 AD B1 A2 6A EC 4D | T:97506 RPD:1
[CH: 50] LEN: 32 | HEX: 05 54 60 60 60 60 EB F5 DE DC 00 01 C6 5B DE 71 56 AF BF 5B FF FF 51 76 75 27 A8 55 54 54 AB 97 | T:97775 RPD:1
[CH: 50] LEN: 32 | HEX: 05 54 60 60 60 60 EB E1 B7 F4 03 DB A6 5B ED B2 7E FE DB DE EF 7F FF FF EE FB 7F 5D F7 FD 9F F7 | T:97805 RPD:1
[CH: 50] LEN: 32 | HEX: 05 54 60 60 60 60 EB E5 DF 7C 00 01 C6 5B FC 71 56 F7 D7 FE EB FD 7D FD BE FE FF D1 E4 A2 55 62 | T:98075 RPD:1
[CH: 50] LEN: 32 | HEX: 05 54 60 60 60 60 EB E1 B7 FA 03 FB D6 5B DB B2 7E FF 7E FF BF BF FF FF AF FD B9 44 AB 82 B4 CA | T:98105 RPD:1
[CH: 50] LEN: 32 | HEX: 15 51 81 81 81 83 AF A7 6F D0 08 CF 59 6F DB 07 0B FF DF EF FF FD FA B8 C5 4B 94 A8 96 B6 95 55 | T:98269 RPD:1
[CH: 50] LEN: 32 | HEX: 15 51 81 81 81 83 AF A7 6F AF E7 3B 99 6E DC E8 DB EB AA 29 8D 39 8B 51 63 26 AA 73 2B 23 4A 35 | T:98300 RPD:1
[CH: 50] LEN: 32 | HEX: 05 54 60 60 60 60 EB D9 DB FB AD DB EE 5B DD 46 7A AF FF 37 C0 AA F5 36 C9 56 53 C6 ED C9 B9 E2 | T:98337 RPD:1
[CH: 50] LEN: 32 | HEX: B5 2B AD 64 39 6A AE 56 D4 C7 85 9B B7 6A 55 25 73 36 A6 4A 85 A4 55 4A 1B 28 BD 56 2A 81 9B 81 | T:98397 RPD:1
[CH: 50] LEN: 32 | HEX: 05 54 60 60 60 60 EB E9 DB DF E1 D7 B6 5B DA 92 46 FF BF 6F 7F FF FE FB FF 7D EF 7F 7F FD FF FF | T:98427 RPD:1
[CH: 50] LEN: 32 | HEX: 15 51 81 81 81 83 AF 27 6F 6F F7 AF D9 6E B9 58 6B FF F7 BB BF FF DF F7 F7 DF 7F FF BF BE F6 FF | T:98457 RPD:1
[CH: 50] LEN: 32 | HEX: 05 54 60 60 60 60 EB E9 DB FB 99 EF EE 5B F9 25 8E FF FF BB FA A6 AA B8 2A AF 55 52 C7 A7 7E AB | T:98487 RPD:1
[CH: 50] LEN: 32 | HEX: 15 51 81 81 81 83 AF A7 6F CF 57 4E D9 6F 73 A6 DB BF B6 FF EB DF FF DF 7B FF 7F FF FD BD BE FF | T:98517 RPD:1
[CH: 50] LEN: 32 | HEX: 15 51 81 81 81 83 AE A7 6F EE 47 1F D9 6F EE 08 8B DB 7F FF 7D DF 7E FF 31 AD AF 5C DB 6F 2E 8E | T:98547 RPD:1
[CH: 50] LEN: 32 | HEX: 15 51 81 81 81 83 AF 67 6F 6E 37 AE D9 6F DD 67 1B FF BD FE FF BF FF FF FF BF 7F 77 F6 5A A4 55 | T:98577 RPD:1
[CH: 50] LEN: 32 | HEX: 15 51 81 81 81 83 AF A7 6F 6F 17 CF D9 6F EF FD AB 6E DF FF FD F7 B7 9D FF 9A ED 4D 75 9F E9 E5 | T:98637 RPD:1
[CH: 50] LEN: 32 | HEX: 15 51 81 81 81 83 AF 27 6E EE 07 DF 59 6F EA 37 7B FD FF FF EE FF DF DE 93 77 51 43 A9 64 21 25 | T:98667 RPD:1
[CH: 50] LEN: 32 | HEX: 15 51 81 81 81 83 AE A7 6F EE EE 2E 99 6E E8 D9 5A F7 BF F4 1C 66 B5 D0 D5 9C 50 A4 A9 71 69 55 | T:98697 RPD:1
[CH: 50] LEN: 32 | HEX: 15 51 81 C1 81 83 AE A7 6F EE E6 3B 59 6E FD 17 0B BD ED 7F F5 F7 EF FD 7D FF F7 EB FF EF FA AA | T:98727 RPD:1
[CH: 50] LEN: 32 | HEX: 15 51 81 81 81 83 AE A7 6F 4E D6 0F D9 6E BA 47 AB DF DF FD EB FF 7F FF FB DD EF FF F7 D7 51 4D | T:98757 RPD:1
[CH: 50] LEN: 32 | HEX: 05 54 60 60 60 60 EB D9 DB FB B1 87 B6 5B DD E2 6E FD 7D FD BD DD EB 57 FF 7F F7 DC F7 FD 7E DA | T:98787 RPD:1
[CH: 50] LEN: 32 | HEX: 15 51 81 81 81 83 AF 67 6F 4E B6 6F B9 6F 6C E6 2B E9 FE FF BF BD FF FB FF FF 77 AF FF DF FF DB | T:98817 RPD:1
[CH: 50] LEN: 32 | HEX: 05 54 60 60 60 60 EB A9 DB FB A9 9F 76 5B DD 4A 1E FE EF FF 77 FF 3F AD 7B FF FF F6 FF ED DD FA | T:98847 RPD:1
[CH: 50] LEN: 32 | HEX: 05 54 60 60 60 60 EB F9 DB FF 9D AB F6 5B DF 29 EE FF BE BB ED FF FF FC C5 53 F6 50 36 93 62 AB | T:98937 RPD:1
[CH: 50] LEN: 32 | HEX: 15 51 81 81 81 83 AF A7 6F 6E 66 BD D9 6F D5 69 EB DF F5 FF FF FF 57 FF 9A AA A4 B5 55 D6 A6 52 | T:98967 RPD:1
[CH: 50] LEN: 32 | HEX: 15 51 81 81 81 83 AF E7 6F EE D6 0E D9 6E FA 47 EB DD FE B7 FF EF 7E BD FF FD FE BD 6F DF AB FF | T:99664 RPD:1
[CH: 50] LEN: 32 | HEX: 15 51 81 81 81 83 AF A7 6F EE C6 1F D9 6F 67 89 BB 4F FD EF EF CB 5D AB BF FD 5F FE FF 3D 75 DF | T:99694 RPD:1
[CH: 50] LEN: 32 | HEX: 15 51 81 81 81 83 2E A7 6F 6E B6 6D D9 6F AC E6 2B FE FE F7 BD FA FF FF FF FE F5 EF EF FE FF BB | T:99724 RPD:1
[CH: 50] LEN: 32 | HEX: 15 51 81 81 81 83 AE A7 6F EE A6 7F 99 6E F9 28 77 FF 7F F7 52 92 0A 14 F2 05 56 15 CB A5 61 A2 | T:99754 RPD:1
[CH: 50] LEN: 32 | HEX: 15 51 81 81 81 83 AF A7 6F 6E 96 4F D9 6F FC 78 9B 6D FF FF DF FF BE BF EE BB FE EA AE AC A5 B5 | T:99784 RPD:1
[CH: 50] LEN: 32 | HEX: 05 54 60 60 60 60 EB E9 DB DB A1 97 F6 5B BE ED B2 F6 FF EF BF DF FB FD AF F6 EB B7 D6 EF F7 DE | T:99814 RPD:1
[CH: 50] LEN: 32 | HEX: 15 51 81 81 81 83 AE A7 6F 4E 76 AF 59 6F 70 A7 BB FF DF DF FF FF DF DF FF EF BB FF FF EF BB FD | T:99844 RPD:1
[CH: 50] LEN: 32 | HEX: 15 51 81 81 81 83 AF A7 6F DE 66 BF D9 6F 75 69 EB FF BE F7 75 FF FE FF ED FF DF EB FF DA FB 7D | T:99874 RPD:1
[CH: 50] LEN: 32 | HEX: 15 51 81 81 81 83 AF A7 6F EE 56 8F 59 6E B2 39 0B 9F FF FF FF FF DF FD FF DB FF BF 7F FA DE F7 | T:99904 RPD:1
[CH: 50] LEN: 32 | HEX: 15 51 81 81 81 83 AF 67 6F FE 36 EF 59 6F 7C 98 CB DF FE F7 7E EF F7 FB FF BF FD BF FE BF FE FF | T:99964 RPD:1
[CH: 50] LEN: 32 | HEX: 15 51 81 81 81 83 AF A7 6F 5E 26 FF 99 6E F1 56 9B DD FF FE FD DF EB FF FF 55 79 FB 55 AD B4 5A | T:99994 RPD:1
[CH: 50] LEN: 32 | HEX: 15 51 81 81 81 83 6E A7 6E DE 06 DF D9 6F 6B C8 2B FA FF DF FF EE FB FD FF BB EF D6 9F FF BF F5 | T:100054 RPD:1
[CH: 50] LEN: 32 | HEX: 15 51 81 81 81 83 AD 27 6E DD E5 2F D9 6F 7A D9 2B FF FF FF FF BD FB FE FF DF F5 FD DF FF FF FF | T:100084 RPD:1
[CH: 50] LEN: 32 | HEX: 15 51 81 81 81 83 AF 67 6E AF E7 3F 99 6F EC E8 DB 75 7F AF ED FF FF FF ED FE FF FF FF F7 FF 7D | T:100114 RPD:1
[CH: 50] LEN: 32 | HEX: 15 51 81 81 81 83 AE A7 6F 6F B7 6F D9 6F 75 19 DB 7F DF FF 7B 5F FF 7F 77 FF AF DF 7F EF FB F7 | T:100151 RPD:1
[CH: 50] LEN: 32 | HEX: 15 51 81 81 81 83 AF A7 6F AF 97 4F D9 6F F7 87 4B FF EE EF F2 A3 B5 6D 43 56 D6 5D D2 4A F4 A0 | T:100211 RPD:1
[CH: 50] LEN: 32 | HEX: 15 51 81 81 81 83 AF 67 6F AF 87 5F D9 6F F2 49 1B 7F F7 7F 5D FB F7 FF FF FF FF DF FE EA DB 92 | T:100241 RPD:1
[CH: 50] LEN: 32 | HEX: 15 51 81 81 81 83 AF 67 6E EF 77 AE D9 6F F1 58 6B FF FF FF EB F7 BA FF FF 7F FF FF FF DB FF FF | T:100271 RPD:1
stopped. 29341 packets seen, 1523 of them on real signal.
