# TM102 live session port=/dev/cu.usbserial-0001 started=20260826-161522
[CH: 50] LEN: 12 | HEX: FA 76 FE E3 7D F8 93 BF 42 74 BF FE | T:1199506 RPD:1
[CH: 50] LEN: 12 | HEX: F2 76 FE F2 7F D0 93 D5 1E 91 AF FF | T:1199536 RPD:1
[CH: 50] LEN: 12 | HEX: F2 76 FE F1 7C F8 93 FF EB 9F BF CB | T:1199566 RPD:1
[CH: 50] LEN: 12 | HEX: EA 76 FE F0 7D E8 93 DE B7 7A BF FD | T:1199596 RPD:1
[CH: 50] LEN: 12 | HEX: F2 76 FE EF 62 F8 93 DE 99 90 BF FD | T:1199626 RPD:1
[CH: 50] LEN: 12 | HEX: F2 76 FA EE 63 D8 93 D5 45 75 BD AF | T:1199656 RPD:1
[CH: 50] LEN: 12 | HEX: FA 76 FE ED 60 F8 93 FD 70 7B BD DB | T:1199686 RPD:1
[CH: 50] LEN: 12 | HEX: FA 76 EE EC 61 E8 93 FD EC 9E B7 6B | T:1199716 RPD:1
[CH: 50] LEN: 12 | HEX: FA 76 F6 EB 66 F8 93 FC DA 67 3F FE | T:1199746 RPD:1
[CH: 50] LEN: 12 | HEX: EE 76 FE EA 67 F8 93 FE C6 82 BF FF | T:1199776 RPD:1
[CH: 50] LEN: 12 | HEX: FA 76 F5 E9 64 F0 93 DD F3 8C BF FA | T:1199806 RPD:1
[CH: 50] LEN: 12 | HEX: F6 76 F4 E8 65 D0 93 FE AF 69 B7 75 | T:1199836 RPD:1
[CH: 50] LEN: 12 | HEX: FA 76 EA E7 6A E8 93 AF 9E 7E BF F9 | T:1199866 RPD:1
[CH: 5
0] LEN: 12 | HEX: EA 76 FA E6 6B D0 93 DE C2 9B BE FF | T:1199896 RPD:1
[CH: 50] LEN: 12 | HEX: FA 76 FE E5 68 FC 93 FF 37 95 BE FD | T:1199926 RPD:1
[CH: 50] LEN: 12 | HEX: FA 76 F4 E4 69 D8 93 FF EB 70 BF BF | T:1199956 RPD:1
[CH: 50] LEN: 12 | HEX: F2 76 FE E3 6E F8 93 FD 5D 89 BF 7F | T:1199986 RPD:1
[CH: 50] LEN: 12 | HEX: FA 76 FB E1 6C F8 93 F5 74 62 AD FF | T:1200046 RPD:1
[CH: 50] LEN: 12 | HEX: EE 76 FE E0 6D D0 93 D7 A8 87 3F DF | T:1200076 RPD:1
[CH: 50] LEN: 12 | HEX: FA 76 FD DF 52 F8 93 FE B9 97 BB DE | T:1200106 RPD:1
--- radio registers ---
  CONFIG   0x77   CRC off (good), PWR_UP yes, PRIM_RX yes
  EN_AA    0x00   auto-ack disabled (good)
  SETUP_AW 0x03   address width 5 bytes — addressed mode (good)
  RF_CH    0x32   2450 MHz
  RF_SETUP 0x01   rate 1 Mbps (good)
  bait address: 00 00
-----------------------

============================================================
  SELF-TEST: PASS
  The radio is configured and listening correctly.

  Channel is already known: RF_CH 50 (2450 MHz).
  Address is known: 18 18 18 18 3A, CRC off.

  DO THIS NEXT:  type  n  — addressed capture.
  Or just run  python3 tools/live.py  which does it for you.

  ('f' re-hunts the channel, only if F4 changes.
   'k' and 'd' are the older promiscuous path.)
============================================================
[CH: 50] LEN: 12 | HEX: FA 76 FE F6 7B D4 93 FF DA 88 B7 BE | T:1200177 RPD:1
[CH: 50] LEN: 12 | HEX: F2 76 FE FD 70 F8 93 FF 6F 86 BB EF | T:1200188 RPD:1
[CH: 50] LEN: 12 | HEX: FA 76 FE FA 71 E8 93 FE F3 63 BF EF | T:1200188 RPD:1
[CH: 50] LEN: 12 | HEX: FA 76 EE F1 74 F0 93 FD 6C 71 BB AC | T:1200199 RPD:1
[CH: 50] LEN: 12 | HEX: FA 76 FA F6 7B F8 93 FE 5D 66 B3 DA | T:1200200 RPD:1
[CH: 50] LEN: 12 | HEX: F2 76 FA F5 78 EC 93 DD A8 68 BF 5E | T:1200222 RPD:1
[CH: 50] LEN: 12 | HEX: FA 76 FB F4 79 A8 93 FD 74 8D BD FF | T:1200252 RPD:1
[CH: 50] LEN: 12 | HEX: FA 76 F6 F3 7C F8 93 FE 82 74 BE F4 | T:1200282 RPD:1
[CH: 50] LEN: 12 | HEX: FA 76 FE EA 7F A8 93 BA 9E 91 BE FF | T:1200312 RPD:1
[CH: 50] LEN: 12 | HEX: F2 76 F4 F1 78 F0 93 DD 6B 9E B7 7E | T:1200342 RPD:1
[CH: 50] LEN: 12 | HEX: F2 76 FE F0 7D F8 93 BA B7 7A BF FF | T:1200372 RPD:1
[CH: 50] LEN: 12 | HEX: FA 76 FD EF E2 F8 93 F6 99 90 AA AD | T:1200402 RPD:1
[CH: 50] LEN: 12 | HEX: FA 76 FE EE 63 F8 93 FF A5 75 AD F5 | T:1200432 RPD:1
[CH: 50] LEN: 12 | HEX: F2 76 EA ED 60 E8 93 AD B0 7B BF FF | T:1200462 RPD:1
[CH: 50] LEN: 12 | HEX: F2 76 FE EC 61 F4 93 FD 6C 9E BE FF | T:1200492 RPD:1
[CH: 50] LEN: 12 | HEX: FA 76 FE EB 66 F8 93 EB 5A 67 BA EF | T:1200522 RPD:1
[CH: 50] LEN: 12 | HEX: FA 76 EE EA 67 B0 93 FF C6 82 BF 6F | T:1200552 RPD:1
[CH: 50] LEN: 12 | HEX: F2 76 FE F9 64 F0 93 AF F3 8C BF BF | T:1200582 RPD:1
[CH: 50] LEN: 12 | HEX: FA 76 F6 E8 65 FC 93 FF AF 69 BA AF | T:1200612 RPD:1
[CH: 50] LEN: 12 | HEX: FA 76 FA E7 6A E8 93 DF 5C 7C BC D9 | T:1200642 RPD:1
[CH: 50] LEN: 12 | HEX: FA 76 F5 E6 6B F4 93 AF 42 9B BF EA | T:1200672 RPD:1
[CH: 50] LEN: 12 | HEX: FA 76 FE E5 68 F8 93 FD 37 15 BE FF | T:1200702 RPD:1
[CH: 50] LEN: 12 | HEX: FA 76 FE E4 69 D4 93 EB EB 70 BF FF | T:1200732 RPD:1
[CH: 50] LEN: 12 | HEX: F2 76 FE E3 6E F8 93 F7 BD 89 BF 6D | T:1200762 RPD:1
[CH: 50] LEN: 12 | HEX: EE 76 FE E2 6F 58 93 FD 01 6C BF ED | T:1200792 RPD:1
[CH: 50] LEN: 12 | HEX: FA 76 F4 E1 6C EC 93 FF FC 62 BF ED | T:1200822 RPD:1
[CH: 50] LEN: 12 | HEX: F2 76 FA E0 6D F8 93 DF A8 87 BF EF | T:1200852 RPD:1
[CH: 50] LEN: 12 | HEX: FA 76 F6 F4 73 EC 93 FF DA 88 B7 7F | T:1200912 RPD:1
[CH: 50] LEN: 12 | HEX: EA 76 F6 F5 70 F4 93 FA AF 06 BF ED | T:1200916 RPD:1
[CH: 50] LEN: 12 | HEX: F6 76 F6 F6 71 F4 93 FE 73 63 B7 75 | T:1200919 RPD:1
[CH: 50] LEN: 12 | HEX: FA 76 FE FB 76 F8 93 FE C5 9A BD BF | T:1200930 RPD:1
[CH: 50] LEN: 12 | HEX: F2 76 FE F2 7F A8 93 EF 1D 75 3F ED | T:1200930 RPD:1
[CH: 50] LEN: 12 | HEX: F2 76 FE F9 74 F0 93 AA EC 71 BD DF | T:1200941 RPD:1
[CH: 50] LEN: 12 | HEX: F2 76 FC F4 75 F8 93 FD 30 94 BF BF | T:1200942 RPD:0
[CH: 50] LEN: 12 | HEX: F2 76 F6 F7 FA F4 93 FD 41 83 BF FF | T:1200953 RPD:1
[CH: 50] LEN: 12 | HEX: FA 76 FF F6 77 F8 93 DE DD 66 BB FE | T:1200964 RPD:1
[CH: 50] LEN: 12 | HEX: FA 76 FE F5 78 F8 93 FF A8 68 BF AD | T:1200973 RPD:1
[CH: 50] LEN: 12 | HEX: F2 76 FE E4 79 F8 93 FA B4 8D BE D6 | T:1201003 RPD:1
[CH: 50] LEN: 12 | HEX: EA 76 FE E3 7E F8 93 AA C2 74 BF 7A | T:1201033 RPD:1
[CH: 50] LEN: 12 | HEX: EA 76 FE E2 7B F8 93 ED 1C 91 BF 7F | T:1201063 RPD:1
[CH: 50] LEN: 12 | HEX: FA 76 EA E1 7C F0 93 FE EB 9F BB FF | T:1201093 RPD:1
[CH: 50] LEN: 12 | HEX: F2 76 EE E0 75 F8 93 BB B7 72 BD D7 | T:1201123 RPD:1
[CH: 50] LEN: 12 | HEX: F2 76 FE EE 62 F4 93 DE 99 90 BD F7 | T:1201153 RPD:1
[CH: 50] LEN: 12 | HEX: FA 76 FD EE 63 F8 93 FD 45 75 BB FF | T:1201183 RPD:1
[CH: 50] LEN: 12 | HEX: EA 76 FE EC 61 F8 93 F6 6C 9C BF FF | T:1201243 RPD:1
[CH: 50] LEN: 12 | HEX: FA 76 F6 EB 66 F0 93 FD 5A 67 BE BF | T:1201273 RPD:1
[CH: 50] LEN: 12 | HEX: F2 76 EE EA 67 F8 93 BF 86 82 BF BF | T:1201303 RPD:1
locked RF_CH 50 (2450 MHz)
[CH: 50] LEN: 12 | HEX: F6 76 FE E9 64 F4 93 FD 73 8C BF BF | T:1201333 RPD:1
[CH: 50] LEN: 12 | HEX: F2 76 F4 E8 65 EC 93 FE AF 69 BF CD | T:1201363 RPD:1
[CH: 50] LEN: 12 | HEX: F6 76 FE E7 6A F0 93 A9 9C 74 BF 4F | T:1201393 RPD:1
[CH: 50] LEN: 12 | HEX: FA 76 F4 E6 6B E8 93 FD 42 9B BE FF | T:1201423 RPD:1
[CH: 50] LEN: 12 | HEX: F2 6E FF E5 68 E8 93 FC B7 55 BF DF | T:1201453 RPD:1
[CH: 50] LEN: 12 | HEX: FA 76 FE E4 69 F4 93 BD 6B 70 BF F5 | T:1201483 RPD:1
[CH: 50] LEN: 12 | HEX: FA 76 FE E3 6E F0 93 FE 9D 89 BF F7 | T:1201513 RPD:1
[CH: 50] LEN: 12 | HEX: FA 76 F6 E2 6F F0 93 AD 81 6C BE FE | T:1201543 RPD:1
[CH: 50] LEN: 12 | HEX: FA 76 F4 E1 6C F0 93 D5 40 00 3F EE | T:1201573 RPD:1
[CH: 50] LEN: 12 | HEX: F2 76 FA E0 6D F8 93 F5 A8 87 3B D6 | T:1201603 RPD:1
[CH: 50] LEN: 12 | HEX: F2 76 FE DE 52 EC 93 AF 39 B7 BF DF | T:1201632 RPD:1
[CH: 50] LEN: 12 | HEX: F6 76 FE FF 73 E8 93 FF 5A 88 BF F6 | T:1201662 RPD:1
[CH: 50] LEN: 12 | HEX: FA 76 FE FD 70 F4 93 FF 6F 86 BA FB | T:1201666 RPD:1
[CH: 50] LEN: 12 | HEX: FA 76 FE FC 71 F0 93 FE F3 63 BF FF | T:1201669 RPD:1
[CH: 50] LEN: 12 | HEX: FA 76 FE FB 76 F8 93 D7 45 9A BF EF | T:1201680 RPD:1
[CH: 50] LEN: 12 | HEX: F2 76 FE F2 77 70 93 D7 D9 7F BC DF | T:1201681 RPD:1
[CH: 50] LEN: 12 | HEX: FA 76 EC E9 74 F8 93 F7 4C 71 BF DF | T:1201692 RPD:1
[CH: 50] LEN: 12 | HEX: EA 76 F4 F8 75 F8 93 DE 30 94 BD DE | T:1201692 RPD:1
[CH: 50] LEN: 12 | HEX: FA 76 F6 F6 7B F8 93 FA 5D 66 BB FE | T:1201704 RPD:1

Addressed capture: 5-byte address 18 18 18 18 3A, CRC off.
Every line below matched all 40 address bits in hardware.
Byte 0 is payload p0. Press x to stop.

[CH: 50] LEN: 12 | HEX: FA 76 FE F5 78 F8 93 FD 28 68 BD AF | T:1201730 RPD:1
[CH: 50] LEN: 12 | HEX: FA 76 FE F4 79 F8 93 FF E4 8D BD AD | T:1201752 RPD:1
[CH: 50] LEN: 12 | HEX: F2 76 FE F3 7A F0 93 DD 42 74 BF BF | T:1201782 RPD:1
[CH: 50] LEN: 12 | HEX: F2 76 FE F2 7A B8 93 BA 1E 91 AB FF | T:1201812 RPD:1
[CH: 50] LEN: 12 | HEX: FA 76 FD E1 7A F8 93 FE 6B 9F BF FB | T:1201842 RPD:1
[CH: 50] LEN: 12 | HEX: F2 76 FA E0 77 D4 93 EE B7 7A BF FF | T:1201872 RPD:1
[CH: 50] LEN: 12 | HEX: FA 76 FB EF 62 F8 93 EF 99 90 BF FD | T:1201902 RPD:1
[CH: 50] LEN: 12 | HEX: F2 76 EE EE 63 D8 93 FD 45 75 FF F7 | T:1201932 RPD:1
[CH: 50] LEN: 12 | HEX: FA 76 FA ED 60 F0 93 FD B0 7B AF FF | T:1201962 RPD:1
[CH: 50] LEN: 12 | HEX: F2 76 F4 EC 61 D8 93 FD 6C 9C BE 9A | T:1201992 RPD:1
[CH: 50] LEN: 12 | HEX: FA 76 F5 EB 66 F8 93 FA 5A 67 3F FF | T:1202022 RPD:1
[CH: 50] LEN: 12 | HEX: FA 76 FE E9 64 F0 93 FA B3 8C BB EB | T:1202082 RPD:1
[CH: 50] LEN: 12 | HEX: F6 76 FD E7 6A F4 93 EF 9E 7C BB F7 | T:1202142 RPD:1
[CH: 50] LEN: 12 | HEX: F2 7E EE E5 68 F0 93 EB 37 95 B5 F7 | T:1202202 RPD:1
[CH: 50] LEN: 12 | HEX: FA 76 FE E4 69 F8 93 FF EB 70 BF FF | T:1202232 RPD:1
[CH: 50] LEN: 12 | HEX: FA 76 FE E3 6E F0 93 DD 5D 89 B7 DF | T:1202262 RPD:1
[CH: 50] LEN: 12 | HEX: FA 76 F4 E2 6F 68 93 EE 81 6C BB FD | T:1202292 RPD:1
[CH: 50] LEN: 12 | HEX: F2 76 FE E1 6C F0 93 D7 74 62 BF FE | T:1202322 RPD:1
[CH: 50] LEN: 12 | HEX: FA 76 FE E0 6D F0 93 BA A8 87 B7 5F | T:1202352 RPD:1
[CH: 50] LEN: 12 | HEX: FA 76 F6 DE D2 F4 93 D6 B9 97 AF DB | T:1202382 RPD:1
[CH: 50] LEN: 12 | HEX: FA 76 FE FE 73 F8 93 FE 9A 88 BA FF | T:1202412 RPD:1
[CH: 50] LEN: 12 | HEX: FA 76 FE F9 70 F8 93 DD 2F 06 AF FB | T:1202416 RPD:1
[CH: 50] LEN: 12 | HEX: F2 76 FA F4 71 F8 93 FE F3 63 BF DD | T:1202419 RPD:1
[CH: 50] LEN: 12 | HEX: FA 76 FE F3 76 F0 93 FD 45 9A BF FF | T:1202430 RPD:1
[CH: 50] LEN: 12 | HEX: FA 76 FA FA 77 FC 93 FE 99 7F BF B7 | T:1202430 RPD:1
[CH: 50] LEN: 12 | HEX: F6 76 FE ED 74 F8 93 DD EC 71 AF EF | T:1202442 RPD:1
[CH: 50] LEN: 12 | HEX: FA 76 FD F8 75 F8 93 FF B0 94 BB FF | T:1202442 RPD:0
[CH: 50] LEN: 12 | HEX: FA 76 F5 F7 7A F8 93 FF 41 83 BD BF | T:1202453 RPD:0
[CH: 50] LEN: 12 | HEX: F2 76 FE F6 7B E8 93 FF DD 66 AA FD | T:1202469 RPD:1
[CH: 50] LEN: 12 | HEX: FA 76 FE F5 78 E8 93 D5 28 68 AF 67 | T:1202499 RPD:1
[CH: 50] LEN: 12 | HEX: EA 76 FE F4 79 E8 93 D7 74 8D BE FF | T:1202529 RPD:1
[CH: 50] LEN: 12 | HEX: FA 76 FE F3 7C F8 93 FF C2 74 B6 FF | T:1202559 RPD:1
[CH: 50] LEN: 12 | HEX: F2 76 FC F2 7A A8 93 D7 1E 91 BD FF | T:1202589 RPD:1
[CH: 50] LEN: 12 | HEX: F2 76 FC E1 7C F8 93 FF 6B 9F BF FA | T:1202619 RPD:1
[CH: 50] LEN: 12 | HEX: F2 76 FE F0 7D E8 93 FF B7 7A BB F6 | T:1202649 RPD:1
[CH: 50] LEN: 12 | HEX: FA 76 F6 EF 62 F8 93 FE 99 90 BF FF | T:1202679 RPD:1
[CH: 50] LEN: 12 | HEX: F2 76 FE EE 63 F8 93 DD 45 75 B7 FF | T:1202709 RPD:1
[CH: 50] LEN: 12 | HEX: F2 76 F5 ED 60 E8 93 DD 70 7B BF 7F | T:1202739 RPD:1
[CH: 50] LEN: 12 | HEX: FA 76 FE EC 61 EC 93 FD 6C 9E BD DF | T:1202769 RPD:1
[CH: 50] LEN: 12 | HEX: FA 76 FE EB 66 F8 93 DD 5A 67 BF FF | T:1202799 RPD:1
[CH: 50] LEN: 12 | HEX: F2 76 FB EA 67 F8 93 F7 46 82 AB FE | T:1202829 RPD:1
[CH: 50] LEN: 12 | HEX: F2 76 FC E9 64 F8 93 BD 73 8C B7 EF | T:1202859 RPD:1
[CH: 50] LEN: 12 | HEX: FA 76 FE E8 65 F8 93 FF AF 69 BF FD | T:1202889 RPD:1
[CH: 50] LEN: 12 | HEX: F2 76 FE E7 6A F0 93 AA 9C 74 BD B5 | T:1202919 RPD:1
[CH: 50] LEN: 12 | HEX: FA 76 FE E6 6B E8 93 FF C2 9B BE BD | T:1202949 RPD:1
[CH: 50] LEN: 12 | HEX: F2 76 F6 E5 68 F0 93 F7 37 15 BF FF | T:1202979 RPD:1
[CH: 50] LEN: 12 | HEX: F2 76 FE E4 69 F8 93 EF EB 70 BF FB | T:1203009 RPD:1
[CH: 50] LEN: 12 | HEX: F2 76 FE E3 6E F0 93 FE BD 89 BE EF | T:1203039 RPD:1
[CH: 50] LEN: 12 | HEX: FA 76 FE E2 6F FC 93 DD 01 6C BF FB | T:1203069 RPD:1
[CH: 50] LEN: 12 | HEX: FA 76 FA E1 6C F8 93 FF F4 62 BA BF | T:1203099 RPD:1
[CH: 50] LEN: 12 | HEX: FA 76 FE E0 6D E8 93 D5 A8 87 3F ED | T:1203129 RPD:1
[CH: 50] LEN: 12 | HEX: F2 76 FE DF 52 F8 93 FD 39 97 BF FF | T:1203159 RPD:1
[CH: 50] LEN: 12 | HEX: F2 76 F5 F4 73 F8 93 AD DA 88 BF BA | T:1203189 RPD:1
[CH: 50] LEN: 12 | HEX: FA 76 FE F5 70 F0 93 FF 6F 86 BF F7 | T:1203193 RPD:1
[CH: 50] LEN: 12 | HEX: F2 76 FA FC 71 F8 93 FD 73 63 BF 7A | T:1203197 RPD:1
[CH: 50] LEN: 12 | HEX: FA 76 FA F3 76 F8 93 FE C5 9A BB FF | T:1203208 RPD:1
[CH: 50] LEN: 12 | HEX: FA 76 FE F2 77 B8 93 DE 59 7B BF EF | T:1203208 RPD:0
[CH: 50] LEN: 12 | HEX: F2 76 F5 F1 74 F8 93 BF CC 71 BF FF | T:1203219 RPD:1
[CH: 50] LEN: 12 | HEX: F2 76 FE F8 75 F0 93 FF B0 94 BF BF | T:1203220 RPD:0
[CH: 50] LEN: 12 | HEX: FA 76 FE F7 7A F8 93 EF 01 83 AF FD | T:1203231 RPD:0
[CH: 50] LEN: 12 | HEX: FA 76 FA F5 78 F8 93 FC A8 68 AE FB | T:1203248 RPD:1
[CH: 50] LEN: 12 | HEX: FA 76 FA F4 79 D8 93 FA F4 8D BF 97 | T:1203278 RPD:1
[CH: 50] LEN: 12 | HEX: FA 76 FE F3 7E F8 93 BE 82 74 BF F5 | T:1203308 RPD:1
[CH: 50] LEN: 12 | HEX: FA 76 F4 F2 7B D8 93 FE 9E 91 BD EF | T:1203338 RPD:1
[CH: 50] LEN: 12 | HEX: F6 76 F6 F1 7C F4 93 DD 6B 9F B7 FF | T:1203368 RPD:1
[CH: 50] LEN: 12 | HEX: FA 76 FE F0 79 F8 93 DF B7 7A AA FF | T:1203398 RPD:1
[CH: 50] LEN: 12 | HEX: EA 76 FE EF 62 E8 93 DE 99 90 BE DF | T:1203428 RPD:1
[CH: 50] LEN: 12 | HEX: FA 76 FB EE 63 D8 93 FD C5 75 B7 BF | T:1203458 RPD:1
[CH: 50] LEN: 12 | HEX: FA 76 FE ED 60 F4 93 DF B0 73 BD FB | T:1203488 RPD:0
[CH: 50] LEN: 12 | HEX: FA 76 FC EC 61 E8 93 FD 6C 9E BD FF | T:1203518 RPD:0
[CH: 50] LEN: 12 | HEX: F2 76 F4 EB 66 F8 93 D6 5A 67 BF F5 | T:1203548 RPD:1
[CH: 50] LEN: 12 | HEX: FA 76 FE EA 67 F0 93 DF C6 82 BF FF | T:1203578 RPD:1
[CH: 50] LEN: 12 | HEX: FA 76 F6 E9 64 F8 93 FF 73 8C BF 7F | T:1203608 RPD:1
[CH: 50] LEN: 12 | HEX: FA 76 FC E8 65 F8 93 D6 2F 69 B7 FF | T:1203638 RPD:1
[CH: 50] LEN: 12 | HEX: F2 76 FE F6 6B F8 93 FE C2 9B B7 FE | T:1203698 RPD:1
[CH: 50] LEN: 12 | HEX: F2 76 F6 E4 69 F8 93 B7 EB 70 BE D7 | T:1203758 RPD:1
[CH: 50] LEN: 12 | HEX: FE 76 F6 E3 6E F0 93 BB DD 89 B6 FB | T:1203788 RPD:1
[CH: 50] LEN: 12 | HEX: F2 76 EA E2 6F 7C 93 FD 01 6C BF FF | T:1203818 RPD:1
[CH: 50] LEN: 12 | HEX: EA 76 FE E1 6C E8 93 FD 74 62 BF BF | T:1203848 RPD:1
[CH: 50] LEN: 12 | HEX: F6 76 F6 E0 6D D0 93 FD A8 87 3F 7F | T:1203878 RPD:0
[CH: 50] LEN: 12 | HEX: EE 76 FE DD 52 F8 93 FA 39 97 BA AA | T:1203908 RPD:0
[CH: 50] LEN: 12 | HEX: F6 76 ED FE 73 D8 93 FA DA 88 BF FF | T:1203938 RPD:0
[CH: 50] LEN: 12 | HEX: FA 76 FE F5 70 F0 93 FB AF 46 AB FD | T:1203941 RPD:0
[CH: 50] LEN: 12 | HEX: FA 76 FF E8 71 D4 93 FA 73 63 AB F5 | T:1203945 RPD:0
[CH: 50] LEN: 12 | HEX: F6 76 FE EF 76 F8 93 EB 45 9A BF DF | T:1203956 RPD:0
[CH: 50] LEN: 12 | HEX: FA 76 FE FA 77 F8 93 D5 19 7F 7B FF | T:1203957 RPD:0
[CH: 50] LEN: 12 | HEX: FA 76 FE F9 74 F4 93 B5 EC 71 B7 FF | T:1203968 RPD:0
[CH: 50] LEN: 12 | HEX: EA 76 FE F8 75 D0 93 FE B0 94 BB 5D | T:1203968 RPD:0
[CH: 50] LEN: 12 | HEX: FE 76 FC F7 7A FC 93 DE 81 83 B7 DF | T:1203980 RPD:0
[CH: 50] LEN: 12 | HEX: F6 76 EE F3 76 E8 93 DF C2 74 BE D7 | T:1204056 RPD:0
[CH: 50] LEN: 12 | HEX: FA 76 EA E2 77 B8 93 DF 1E 91 BF FF | T:1204086 RPD:0
[CH: 50] LEN: 12 | HEX: EE 76 EE F1 74 F8 93 FB 6B 9D B5 B7 | T:1204116 RPD:1
[CH: 50] LEN: 12 | HEX: F6 76 F4 F0 75 F8 93 FB B7 7A BD DF | T:1204146 RPD:1
[CH: 50] LEN: 12 | HEX: F2 76 FD EF 62 F4 93 DF 19 90 BF FF | T:1204176 RPD:1
[CH: 50] LEN: 12 | HEX: F6 76 F6 EE 63 D8 93 FA C5 75 B5 77 | T:1204206 RPD:1
[CH: 50] LEN: 12 | HEX: FA 76 ED EB 60 E8 93 FF B0 77 BF FE | T:1204236 RPD:1
[CH: 50] LEN: 12 | HEX: EA 76 F7 EC 61 D8 93 BF 6C 9D B5 B7 | T:1204266 RPD:1
[CH: 50] LEN: 12 | HEX: EA 76 EE EA 67 74 93 DF 86 82 AF EF | T:1204326 RPD:1
[CH: 50] LEN: 12 | HEX: FA 76 FF F9 64 E8 93 F7 B3 0C BF FD | T:1204356 RPD:1
[CH: 50] LEN: 12 | HEX: FA 76 FE E8 65 F8 93 FF 2E E9 BA D7 | T:1204386 RPD:1
[CH: 50] LEN: 12 | HEX: FA 76 F6 E7 6A F8 93 FB 9E 7E BE FF | T:1204416 RPD:1
[CH: 50] LEN: 12 | HEX: F6 76 FE E6 6B E8 93 FB 42 9B BE EE | T:1204446 RPD:1
[CH: 50] LEN: 12 | HEX: F2 7E EE E5 68 E8 93 BF 37 D5 B7 FA | T:1204476 RPD:1
[CH: 50] LEN: 12 | HEX: FE 76 F6 E4 69 D8 93 FB EB 70 BB FB | T:1204506 RPD:1
[CH: 50] LEN: 12 | HEX: EA 7E EE E3 6E F8 93 BF FD 89 BF D6 | T:1204536 RPD:1
[CH: 50] LEN: 12 | HEX: DA 76 FD E2 6E F8 93 FB 01 6C B7 DF | T:1204566 RPD:1
[CH: 50] LEN: 12 | HEX: EA 76 F6 E1 6C E8 93 FF 74 62 B7 DA | T:1204596 RPD:1
[CH: 50] LEN: 12 | HEX: F2 76 FD E0 6D D8 93 BF E8 87 FF FF | T:1204626 RPD:1
[CH: 50] LEN: 12 | HEX: FA 76 EE F6 73 B8 93 BF FA 88 BF FF | T:1204686 RPD:1
[CH: 50] LEN: 12 | HEX: EA 76 EF EC 71 F8 93 F7 73 63 BD FF | T:1204694 RPD:1
[CH: 50] LEN: 12 | HEX: FA 7E FD F1 7C F8 93 F7 AC 71 BF FF | T:1204704 RPD:1
[CH: 50] LEN: 12 | HEX: FA 76 FD F4 7D F8 93 FB 30 94 BD F7 | T:1204708 RPD:1
[CH: 50] LEN: 12 | HEX: FA 7E EE FF 7A E8 93 BF C1 83 AF FF | T:1204711 RPD:1
[CH: 50] LEN: 12 | HEX: FA 6E EE F4 79 D8 93 BF 54 8D AB FF | T:1204774 RPD:1
[CH: 50] LEN: 12 | HEX: EA 7E EE EA 77 F8 93 FF 5E 91 BF F7 | T:1204834 RPD:1
[CH: 50] LEN: 12 | HEX: DA 7E FC EF 62 F8 93 B7 19 90 BE F7 | T:1204924 RPD:1
[CH: 50] LEN: 12 | HEX: EA 7E FE EE 63 F8 93 F7 85 75 BE FF | T:1204954 RPD:1
[CH: 50] LEN: 12 | HEX: EA 76 F6 E6 6B F4 93 BF 42 9B BF F6 | T:1205194 RPD:1
[CH: 50] LEN: 12 | HEX: FA 76 EE E5 68 F4 93 B7 37 55 BF DD | T:1205224 RPD:1
[CH: 50] LEN: 12 | HEX: FA 76 FE E4 69 E8 93 BF EB 70 BE FF | T:1205254 RPD:1
[CH: 50] LEN: 12 | HEX: F6 76 FD E3 6E F4 93 BF DD 89 BF EF | T:1205284 RPD:1
[CH: 50] LEN: 12 | HEX: FA 76 FD E2 6E F8 93 F7 01 6C BF DD | T:1205314 RPD:1
[CH: 50] LEN: 12 | HEX: F6 76 FE E1 6C E8 93 DD 74 62 BF DF | T:1205344 RPD:1
[CH: 50] LEN: 12 | HEX: FA 76 FF E0 6D D8 93 BF A8 87 7E FD | T:1205374 RPD:1
[CH: 50] LEN: 12 | HEX: F6 76 F6 DE D2 FC 93 FF 39 97 7B 6C | T:1205404 RPD:1
[CH: 50] LEN: 12 | HEX: EA 76 FE F6 73 B8 93 B5 DA 88 BF 7F | T:1205434 RPD:1
[CH: 50] LEN: 12 | HEX: FA 76 FA FB 70 F0 93 DF AF 46 BB FD | T:1205437 RPD:1
[CH: 50] LEN: 12 | HEX: F6 76 FE F4 71 F8 93 FD 73 63 BF FB | T:1205441 RPD:1
[CH: 50] LEN: 12 | HEX: EE 76 FE F7 76 EC 93 FB 45 9A BD FD | T:1205453 RPD:1
[CH: 50] LEN: 12 | HEX: F6 76 FE F5 74 F8 93 FB EC 71 BF FF | T:1205453 RPD:1
[CH: 50] LEN: 12 | HEX: F6 76 FD E8 75 E8 93 D5 30 94 B7 F5 | T:1205465 RPD:1
[CH: 50] LEN: 12 | HEX: F6 76 FA F7 7A F4 93 FB 81 83 BF BA | T:1205465 RPD:1
[CH: 50] LEN: 12 | HEX: F6 76 F6 EE 73 D8 93 F5 5D 66 BD FF | T:1205476 RPD:1
[CH: 50] LEN: 12 | HEX: EA 76 F6 F5 78 F0 93 BF 28 68 BF FF | T:1205496 RPD:1
[CH: 50] LEN: 12 | HEX: FA 76 FF EC 71 F8 93 BD F4 8D AF 5D | T:1205526 RPD:1
[CH: 50] LEN: 12 | HEX: FA 76 FD E3 76 F8 93 FD C2 74 BF FF | T:1205556 RPD:1
[CH: 50] LEN: 12 | HEX: FA 76 F6 F2 7F 78 93 DF 1F 91 BF FF | T:1205586 RPD:1
[CH: 50] LEN: 12 | HEX: F6 76 EE F1 74 F0 93 DF 6B 9D BB 7F | T:1205616 RPD:1
[CH: 50] LEN: 12 | HEX: FA 76 ED F0 7B E8 93 D5 B7 7A B7 FE | T:1205646 RPD:1
[CH: 50] LEN: 12 | HEX: FA 76 F6 EE 63 F4 93 B7 C5 75 B7 7E | T:1205705 RPD:1
[CH: 50] LEN: 12 | HEX: F6 76 FE ED 60 F8 93 FB B0 77 BB FF | T:1205735 RPD:1
[CH: 50] LEN: 12 | HEX: FA 76 F6 EC 61 D8 93 BB 6C 9C BF B9 | T:1205765 RPD:1
[CH: 50] LEN: 12 | HEX: EA 76 F6 EB 66 EC 93 AD 5A 67 BE FE | T:1205795 RPD:1
[CH: 50] LEN: 12 | HEX: F6 76 FA EA 67 F8 93 FF 86 82 BF 7E | T:1205825 RPD:1
[CH: 50] LEN: 12 | HEX: F6 7E EE E9 64 F8 93 BF FB 8C BE FB | T:1205855 RPD:1
[CH: 50] LEN: 12 | HEX: EA 76 F6 E7 6A FC 93 FD 9E 7A AF 7E | T:1205915 RPD:1
[CH: 50] LEN: 12 | HEX: F6 76 FE E6 6B F8 93 BF 42 9B BD 7F | T:1205945 RPD:1
[CH: 50] LEN: 12 | HEX: F6 76 FC E5 68 F4 93 FA 37 95 BF DF | T:1205975 RPD:1
[CH: 50] LEN: 12 | HEX: EA 76 FA C4 69 F0 93 77 EB 70 BF FE | T:1206005 RPD:1
[CH: 50] LEN: 12 | HEX: EA 76 F6 E3 EE F8 93 FB DD 89 AF FF | T:1206035 RPD:1
[CH: 50] LEN: 12 | HEX: F2 76 EE E1 6C F8 93 DD 74 62 BB FF | T:1206095 RPD:1
[CH: 50] LEN: 12 | HEX: F2 76 FE DF 52 F4 93 FD 39 97 BF DF | T:1206155 RPD:1
[CH: 50] LEN: 12 | HEX: F6 76 FE FE 73 F8 93 FB DA 88 BE FB | T:1206185 RPD:1
[CH: 50] LEN: 12 | HEX: EA 76 F6 EB 70 EC 93 AF AE 86 BF DB | T:1206189 RPD:1
[CH: 50] LEN: 12 | HEX: FA 76 F4 E8 71 F8 93 D6 73 63 BF FE | T:1206193 RPD:1
[CH: 50] LEN: 12 | HEX: FA 76 FD EB 76 F4 93 FD 45 9A BF FA | T:1206204 RPD:1
[CH: 50] LEN: 12 | HEX: EA 76 FD FA 77 F8 93 FA 99 7F BD EF | T:1206204 RPD:0
[CH: 50] LEN: 12 | HEX: EA 76 F6 ED 74 E8 93 FE EC 71 AF 7F | T:1206216 RPD:1
[CH: 50] LEN: 12 | HEX: F6 76 ED EC 75 E8 93 DF 30 94 B6 FF | T:1206216 RPD:0
[CH: 50] LEN: 12 | HEX: FE 76 F6 E7 72 F8 93 FD 81 83 BF BF | T:1206227 RPD:0
[CH: 50] LEN: 12 | HEX: F2 76 FD F5 78 F4 93 FA 28 68 B6 BF | T:1206245 RPD:1
[CH: 50] LEN: 12 | HEX: F6 76 FE F4 79 F8 93 FD F4 8D B5 F7 | T:1206275 RPD:1
[CH: 50] LEN: 12 | HEX: F6 76 F6 E3 7A F8 93 5F C2 74 BF BF | T:1206305 RPD:1
[CH: 50] LEN: 12 | HEX: EA 76 FE EA 77 78 93 B7 1C 91 B7 B7 | T:1206335 RPD:1
[CH: 50] LEN: 12 | HEX: FA 76 FE F1 74 E8 93 7B 6B 9D BF E5 | T:1206365 RPD:1
[CH: 50] LEN: 12 | HEX: FA 76 FC E0 75 D0 93 BD B7 7A AF FF | T:1206395 RPD:1
[CH: 50] LEN: 12 | HEX: FA 76 EC EF 62 E8 93 FB 19 90 BF FE | T:1206425 RPD:1
[CH: 50] LEN: 12 | HEX: FA 76 FE EE 63 F8 93 FD C5 75 BE FD | T:1206455 RPD:1
[CH: 50] LEN: 12 | HEX: FA 76 F6 ED 60 F8 93 AF B0 73 BF F7 | T:1206485 RPD:1
[CH: 50] LEN: 12 | HEX: F6 76 F6 EC 61 F8 93 FB 6C 9E BF FB | T:1206515 RPD:1
[CH: 50] LEN: 12 | HEX: F2 76 FA EB 66 F4 93 BB 5A 67 3F FF | T:1206545 RPD:1
[CH: 50] LEN: 12 | HEX: FA 76 EE EA 67 78 93 DD 86 82 BE FF | T:1206575 RPD:1
[CH: 50] LEN: 12 | HEX: F6 76 FE E9 64 F0 93 DA FB 8C BE FF | T:1206605 RPD:1
[CH: 50] LEN: 12 | HEX: FA 76 EA E8 65 D8 93 FF 2F 69 BF DE | T:1206635 RPD:1
[CH: 50] LEN: 12 | HEX: FA 76 FD E7 6A F4 93 FE 9D 7E BB 7F | T:1206665 RPD:1
[CH: 50] LEN: 12 | HEX: FA 76 F6 E6 6B B8 93 BF 42 9B AB DF | T:1206695 RPD:1
[CH: 50] LEN: 12 | HEX: F6 76 EE E5 68 F0 93 B5 37 15 BB F6 | T:1206725 RPD:1
[CH: 50] LEN: 12 | HEX: FA 76 FF E4 69 F8 93 DB EB 70 BF F7 | T:1206755 RPD:1
[CH: 50] LEN: 12 | HEX: FA 76 FE E3 6E F4 93 B5 DD 89 BF FE | T:1206785 RPD:1
[CH: 50] LEN: 12 | HEX: FA 76 FE E2 6F 74 93 DD 01 6C B7 FF | T:1206815 RPD:1
[CH: 50] LEN: 12 | HEX: F2 76 F6 E1 6C F8 93 FF 74 6A AB F7 | T:1206845 RPD:1
[CH: 50] LEN: 12 | HEX: F6 76 FE DF D2 F8 93 FD 39 97 B5 FF | T:1206905 RPD:1
[CH: 50] LEN: 12 | HEX: FA 76 F4 FD 70 F8 93 FF AF 86 BF FA | T:1206938 RPD:1
[CH: 50] LEN: 12 | HEX: FA 76 FE FC 71 E8 93 D7 73 63 BE FF | T:1206968 RPD:1
[CH: 50] LEN: 12 | HEX: EA 76 F6 F3 76 F4 93 DB 45 9A BB DF | T:1206972 RPD:1
[CH: 50] LEN: 12 | HEX: EA 6E F5 FA 77 F8 93 FD 99 7E B7 F7 | T:1206976 RPD:1
[CH: 50] LEN: 12 | HEX: F6 76 ED F9 74 E8 93 BD EC 71 FD DD | T:1206987 RPD:1
[CH: 50] LEN: 12 | HEX: F6 76 FE F7 7A F8 93 BA 81 83 BF FE | T:1206988 RPD:1
[CH: 50] LEN: 12 | HEX: F6 76 F6 F6 77 E8 93 DF 5D 66 B5 FF | T:1206999 RPD:1
[CH: 50] LEN: 12 | HEX: FA 76 EE F5 78 F8 93 BF 28 68 BF DF | T:1207022 RPD:1
[CH: 50] LEN: 12 | HEX: F2 76 F4 EC 71 E8 93 FB F4 8D B3 DF | T:1207052 RPD:1
[CH: 50] LEN: 12 | HEX: F2 76 FE F3 7E F4 93 FA C2 74 AF 7F | T:1207082 RPD:1
[CH: 50] LEN: 12 | HEX: EA 76 FE F2 77 F8 93 BA 1E 91 FF 77 | T:1207112 RPD:1
[CH: 50] LEN: 12 | HEX: F2 76 F6 F1 7A F0 93 DB 6B 9F BF FF | T:1207142 RPD:1
[CH: 50] LEN: 12 | HEX: F6 76 FA F0 7B F8 93 DD B7 7A BF FF | T:1207172 RPD:1
[CH: 50] LEN: 12 | HEX: F6 76 F6 EF 62 F4 93 DF 19 90 BA FF | T:1207202 RPD:1
[CH: 50] LEN: 12 | HEX: F2 76 FF EE 63 B0 93 DF C5 75 AA DF | T:1207232 RPD:1
[CH: 50] LEN: 12 | HEX: F6 76 FE ED 60 E8 93 FF B0 77 BF 6F | T:1207262 RPD:1
[CH: 50] LEN: 12 | HEX: F2 76 FD EC 61 F4 93 BB 6C 9E BE B5 | T:1207292 RPD:1
[CH: 50] LEN: 12 | HEX: FA 76 F4 EA 67 B0 93 DF 86 82 BD 7E | T:1207352 RPD:1
[CH: 50] LEN: 12 | HEX: EA 76 F6 E9 64 E8 93 BF F3 8C BF FF | T:1207382 RPD:1
[CH: 50] LEN: 12 | HEX: F6 76 F6 E8 65 D0 93 FA 2F 69 BF FF | T:1207412 RPD:1
[CH: 50] LEN: 12 | HEX: EA 7E FE E7 6A E8 93 DF 9E 7A BF FF | T:1207442 RPD:1
[CH: 50] LEN: 12 | HEX: F6 76 FE E6 6B E8 93 AD 42 9B BF FA | T:1207472 RPD:1
[CH: 50] LEN: 12 | HEX: F6 76 FE E5 68 F4 93 FD 37 D5 BF BF | T:1207502 RPD:1
[CH: 50] LEN: 12 | HEX: F2 76 F4 E4 69 F8 93 FF EB 70 BF FE | T:1207532 RPD:1
[CH: 50] LEN: 12 | HEX: F6 76 FD F3 6E F4 93 FB DD 89 B7 FF | T:1207562 RPD:1
[CH: 50] LEN: 12 | HEX: EA 76 FE E2 6E E8 93 D7 01 6C AF FF | T:1207592 RPD:1
[CH: 50] LEN: 12 | HEX: EA 76 EA E1 6C E8 93 AF 74 62 BF FE | T:1207622 RPD:1
[CH: 50] LEN: 12 | HEX: FA 76 F6 E0 6D F8 93 FB A8 87 BF 7F | T:1207652 RPD:1
[CH: 50] LEN: 12 | HEX: FA 76 FF DE D2 F4 93 FF 39 D7 AF FF | T:1207682 RPD:1
[CH: 50] LEN: 12 | HEX: F2 76 F6 FE 73 F8 93 D7 DA 88 BB FA | T:1207712 RPD:1
[CH: 50] LEN: 12 | HEX: FA 76 FA FC 71 F8 93 FF 73 63 B7 FF | T:1207720 RPD:1
[CH: 50] LEN: 12 | HEX: F2 76 F6 EB 76 FC 93 FD 45 9A BB DF | T:1207724 RPD:1
[CH: 50] LEN: 12 | HEX: F2 76 F6 F6 77 E8 93 DF 99 7F 7F FD | T:1207728 RPD:1
[CH: 50] LEN: 12 | HEX: FA 76 FE D9 74 F8 93 DD EC 71 BD FF | T:1207739 RPD:1
[CH: 50] LEN: 12 | HEX: FA 76 F6 E7 7A F8 93 DA 81 83 BD FF | T:1207740 RPD:1
[CH: 50] LEN: 12 | HEX: FA 76 F4 E6 77 F8 93 DD 5D 66 BF FF | T:1207751 RPD:1
[CH: 50] LEN: 12 | HEX: FA 76 FE F5 74 F8 93 DF 28 68 BF FF | T:1207774 RPD:1
[CH: 50] LEN: 12 | HEX: F6 76 F6 F4 79 E8 93 DD FC 8D BF 7F | T:1207804 RPD:1
[CH: 50] LEN: 12 | HEX: F6 76 FE F3 7A E8 93 AF C2 74 BF EF | T:1207834 RPD:1
[CH: 50] LEN: 12 | HEX: F6 76 FC EA 77 78 93 FB 1D 91 BA 9E | T:1207864 RPD:1
[CH: 50] LEN: 12 | HEX: F2 76 F6 F1 76 F4 93 BF 6B 9D BF BF | T:1207894 RPD:1
[CH: 50] LEN: 12 | HEX: F6 76 F6 E0 7B D8 93 BB B7 7A BF FE | T:1207924 RPD:1
[CH: 50] LEN: 12 | HEX: FA 76 FC EF 62 F0 93 DB 19 90 BE FF | T:1207954 RPD:1
[CH: 50] LEN: 12 | HEX: F2 76 EE EE 63 F8 93 F7 C5 75 B7 F5 | T:1207984 RPD:1
[CH: 50] LEN: 12 | HEX: F2 76 FD ED 60 E8 93 BF B0 73 BF ED | T:1208014 RPD:1
[CH: 50] LEN: 12 | HEX: FE 76 F6 EB 66 F0 93 FD 5A 67 BF 6A | T:1208074 RPD:1
[CH: 50] LEN: 12 | HEX: EA 76 EE EA 67 F8 93 BF 86 82 BA BD | T:1208104 RPD:1
[CH: 50] LEN: 12 | HEX: EE 76 FE E9 64 F4 93 BF FB 8C BF FF | T:1208134 RPD:1
[CH: 50] LEN: 12 | HEX: F2 76 FE E8 65 F8 93 FD 2F 69 BF FF | T:1208164 RPD:1
[CH: 50] LEN: 12 | HEX: FA 76 F4 E7 6A F4 93 FB 9E 7C BD EF | T:1208194 RPD:1
[CH: 50] LEN: 12 | HEX: FA 76 FE E6 6B F4 93 B7 42 9B BF BB | T:1208224 RPD:1
[CH: 50] LEN: 12 | HEX: F6 76 FE E5 68 F4 93 FD 37 95 BC EF | T:1208254 RPD:1
[CH: 50] LEN: 12 | HEX: EA 76 F4 E4 69 E8 93 BB EB 70 BD 6B | T:1208284 RPD:1
[CH: 50] LEN: 12 | HEX: F6 76 F6 E3 6E F8 93 FF DD 89 BF FF | T:1208314 RPD:1
[CH: 50] LEN: 12 | HEX: F2 76 EE E2 6F 78 93 BF 01 6C BF EF | T:1208344 RPD:1
[CH: 50] LEN: 12 | HEX: FE 76 FE E1 6C F8 93 FA 74 62 B7 EF | T:1208373 RPD:1
[CH: 50] LEN: 12 | HEX: F6 76 F6 E0 6D D4 93 F5 A8 87 B6 97 | T:1208404 RPD:1
[CH: 50] LEN: 12 | HEX: E6 76 F6 DE D2 F8 93 DA B9 97 7E DF | T:1208433 RPD:1
[CH: 50] LEN: 12 | HEX: FA 76 FE F5 70 F8 93 DB AF 46 BB 7A | T:1208467 RPD:1
[CH: 50] LEN: 12 | HEX: EA 76 EA F4 71 F8 93 FA 73 63 BF 7F | T:1208470 RPD:1
[CH: 50] LEN: 12 | HEX: F6 76 F6 EF 76 FC 93 FE 45 9A BF FF | T:1208473 RPD:1
[CH: 50] LEN: 12 | HEX: F6 76 FE FA 77 F8 93 AD 99 7F EF F7 | T:1208484 RPD:1
[CH: 50] LEN: 12 | HEX: FA 76 FE E9 74 E8 93 FF EC 71 B7 FA | T:1208485 RPD:1
[CH: 50] LEN: 12 | HEX: FA 76 FE E8 75 E8 93 FB 30 94 BD DD | T:1208496 RPD:1
[CH: 50] LEN: 12 | HEX: F6 76 FE EE 77 F8 93 BF 5D 66 BD BF | T:1208507 RPD:1
[CH: 50] LEN: 12 | HEX: FA 76 FD FD 7C F8 93 BB 28 68 BE FF | T:1208523 RPD:1
[CH: 50] LEN: 12 | HEX: F6 76 FF F4 79 E8 93 EF FC 8D BF BB | T:1208553 RPD:1
[CH: 50] LEN: 12 | HEX: F2 76 F4 EB 7A F8 93 D5 C2 74 BA DB | T:1208583 RPD:1
[CH: 50] LEN: 12 | HEX: F2 76 F4 FA 7F B8 93 FD 1E 91 BF FF | T:1208613 RPD:1
[CH: 50] LEN: 12 | HEX: FA 76 EE F1 78 F0 93 FB 6B 9F BF BB | T:1208643 RPD:1
[CH: 50] LEN: 12 | HEX: EA 76 F6 F0 77 E8 93 B7 B7 7A BF EF | T:1208673 RPD:1
[CH: 50] LEN: 12 | HEX: FA 76 FC EF 62 F8 93 FD 19 90 AB 77 | T:1208703 RPD:1
[CH: 50] LEN: 12 | HEX: FE 76 FA EE 63 BC 93 EF C5 75 BB 77 | T:1208733 RPD:1
[CH: 50] LEN: 12 | HEX: F6 76 F6 ED 60 F8 93 AF B0 7B BF 6F | T:1208763 RPD:1
[CH: 50] LEN: 12 | HEX: FA 76 F4 EC 61 F0 93 B7 6C 9D BD EF | T:1208793 RPD:1
[CH: 50] LEN: 12 | HEX: F2 76 F6 EB 66 F8 93 FB 5A 67 3B FF | T:1208823 RPD:1
[CH: 50] LEN: 12 | HEX: FA 76 F6 E9 64 F8 93 FF EB 8C BB FF | T:1208883 RPD:1
[CH: 50] LEN: 12 | HEX: EA 76 ED E8 65 F8 93 BF 2F 69 BF 57 | T:1208913 RPD:1
[CH: 50] LEN: 12 | HEX: F6 76 F6 E6 6B F8 93 DF 42 9B BF FF | T:1208973 RPD:1
[CH: 50] LEN: 12 | HEX: F6 76 FD E5 68 F4 93 ED 37 15 BF 9A | T:1209003 RPD:1
[CH: 50] LEN: 12 | HEX: F2 76 EE E4 69 D8 93 EF EB 70 AB FB | T:1209033 RPD:1
[CH: 50] LEN: 12 | HEX: FA 76 EE E3 6E E8 93 F7 DD 89 BF FF | T:1209063 RPD:1
[CH: 50] LEN: 12 | HEX: FA 76 F6 E2 6F F8 93 DD 01 6C BF FB | T:1209093 RPD:1
[CH: 50] LEN: 12 | HEX: EA 76 F6 E0 6D D8 93 DB A8 87 BF FF | T:1209153 RPD:1
[CH: 50] LEN: 12 | HEX: FA 76 FC DF 52 F8 93 FB 39 97 BF 7F | T:1209183 RPD:1
[CH: 50] LEN: 12 | HEX: F2 76 FE FE 73 F8 93 FD DA 88 BF FD | T:1209213 RPD:1
[CH: 50] LEN: 12 | HEX: EA 7E F6 FD 70 F4 93 DF AE 86 AF EA | T:1209217 RPD:1
[CH: 50] LEN: 12 | HEX: F6 76 F6 F4 71 D8 93 FD 73 63 BF FD | T:1209247 RPD:1
[CH: 50] LEN: 12 | HEX: FA 76 F6 FB 76 E8 93 FA 45 9A BF FE | T:1209251 RPD:1
[CH: 50] LEN: 12 | HEX: FA 76 F6 EA 7F F8 93 FB 99 77 FF BF | T:1209255 RPD:1
[CH: 50] LEN: 12 | HEX: FA 76 EF F4 6D E8 93 BF 30 94 BD F5 | T:1209266 RPD:1
[CH: 50] LEN: 12 | HEX: EA 76 FD EF 7A F4 93 FF 81 83 BF ED | T:1209267 RPD:1
[CH: 50] LEN: 12 | HEX: FA 76 FE E6 7B B8 93 DF 5D 66 BF BF | T:1209278 RPD:1
[CH: 50] LEN: 12 | HEX: EA 76 FE F5 74 F8 93 DE 28 68 BF F7 | T:1209301 RPD:1
[CH: 50] LEN: 12 | HEX: F2 76 FE F4 75 E8 93 FF EC 8D BB F5 | T:1209331 RPD:1
[CH: 50] LEN: 12 | HEX: F2 76 EE F3 7A E8 93 BD C2 74 BB 7B | T:1209361 RPD:1
[CH: 50] LEN: 12 | HEX: EE 76 FE F2 77 78 93 DF 1E 91 BB FF | T:1209391 RPD:1
[CH: 50] LEN: 12 | HEX: EE 76 EA E1 78 F8 93 BF 6B 9D B6 FF | T:1209421 RPD:1
[CH: 50] LEN: 12 | HEX: FA 76 FD F0 75 F8 93 B5 B7 7A BF FD | T:1209451 RPD:1
[CH: 50] LEN: 12 | HEX: EA 7E FE EF 62 F8 93 DB 19 90 BE BB | T:1209481 RPD:1
[CH: 50] LEN: 12 | HEX: FA 76 F6 EE 63 D8 93 EB C5 75 BD ED | T:1209511 RPD:1
[CH: 50] LEN: 12 | HEX: FA 76 FE ED 60 E8 93 DF B0 7B EF FF | T:1209541 RPD:1
[CH: 50] LEN: 12 | HEX: FA 6E FF EC 61 E8 93 F5 6C 9C AF EA | T:1209571 RPD:1
[CH: 50] LEN: 12 | HEX: F2 76 F6 E8 65 F8 93 FB 2F 69 BF BF | T:1209691 RPD:1
[CH: 50] LEN: 12 | HEX: F2 76 F6 E7 6A F8 93 FD 9E 7E BE FF | T:1209721 RPD:1
[CH: 50] LEN: 12 | HEX: FA 76 FE E6 6B B8 93 FB 42 9B BF DF | T:1209751 RPD:1
[CH: 50] LEN: 12 | HEX: F6 76 F6 E5 68 F8 93 FF 37 95 B7 FF | T:1209781 RPD:1
[CH: 50] LEN: 12 | HEX: F6 7E F6 E4 69 F8 93 BF FB 70 BB DF | T:1209811 RPD:1
[CH: 50] LEN: 12 | HEX: FA 76 FA E3 6E F0 93 DD DD 89 BF EF | T:1209841 RPD:1
[CH: 50] LEN: 12 | HEX: EA 76 EE E2 6E E8 93 D7 01 6C B7 FD | T:1209871 RPD:1
[CH: 50] LEN: 12 | HEX: F6 76 EE E1 6C F0 93 DD 74 62 BF 55 | T:1209901 RPD:1
[CH: 50] LEN: 12 | HEX: FA 76 FE E0 6D F8 93 FD A8 87 AF EE | T:1209931 RPD:1
[CH: 50] LEN: 12 | HEX: D2 76 ED DD 52 E8 93 F7 39 97 7F FF | T:1209961 RPD:1
[CH: 50] LEN: 12 | HEX: FA 76 FE F6 73 F4 93 B7 DA 88 BE FD | T:1209991 RPD:1
[CH: 50] LEN: 12 | HEX: EA 76 FD FF 70 F8 93 FB AF 86 B7 5D | T:1210020 RPD:1
[CH: 50] LEN: 12 | HEX: EA 76 F6 F4 71 F8 93 B7 7B 63 BF ED | T:1210024 RPD:1
[CH: 50] LEN: 12 | HEX: EA 7E EF EB 76 F4 93 F5 45 9A BF FD | T:1210027 RPD:1
[CH: 50] LEN: 12 | HEX: FA 76 F6 EA 77 78 93 DB 99 76 B6 EB | T:1210039 RPD:1
[CH: 50] LEN: 12 | HEX: FA 76 FD F8 75 D0 93 BB 30 94 BE B7 | T:1210039 RPD:1
[CH: 50] LEN: 12 | HEX: FA 76 ED EF F6 E8 93 F7 81 83 FD F7 | T:1210051 RPD:1
[CH: 50] LEN: 12 | HEX: FA 76 ED ED 74 F0 93 B7 28 68 BB 7E | T:1210078 RPD:1
[CH: 50] LEN: 12 | HEX: FA 76 EE EC 79 F8 93 F7 F4 8D AF BF | T:1210108 RPD:1
[CH: 50] LEN: 12 | HEX: EA 76 EE ED 62 E8 93 FF 19 90 BF FE | T:1210258 RPD:1
[CH: 50] LEN: 12 | HEX: F2 7E EE EE 63 B0 97 FF 85 7D BD FF | T:1210287 RPD:1
[CH: 50] LEN: 12 | HEX: EA 76 FD EB 66 F0 93 FF 5A 67 F7 FB | T:1210377 RPD:1
[CH: 50] LEN: 12 | HEX: D2 6E FD EA 67 78 93 F7 C6 82 BA DB | T:1210407 RPD:1
[CH: 50] LEN: 12 | HEX: FA 7E EE E9 64 F0 93 F7 F3 8C BD FD | T:1210437 RPD:1
[CH: 50] LEN: 12 | HEX: FA 76 EE F8 65 E8 93 F7 2E E9 BF FD | T:1210467 RPD:1
[CH: 50] LEN: 12 | HEX: EA 7E FD E7 EA F8 93 7F DD 7E BD 7D | T:1210497 RPD:1
[CH: 50] LEN: 12 | HEX: FA 6E FC C6 6B BC 93 B7 42 9B B5 7E | T:1210527 RPD:1
[CH: 50] LEN: 12 | HEX: EA 76 FD E4 69 E8 93 F7 EB 70 BE FF | T:1210587 RPD:1
[CH: 50] LEN: 12 | HEX: EA 76 F6 E3 6E F0 93 F5 DD 89 BF F5 | T:1210617 RPD:1
[CH: 50] LEN: 12 | HEX: EA 76 FA E0 6D D0 93 B7 A8 87 BF FF | T:1210707 RPD:1
[CH: 50] LEN: 12 | HEX: F2 76 FF DF D2 F8 93 FF 39 97 BF F7 | T:1210737 RPD:1
[CH: 50] LEN: 12 | HEX: FA 76 FD ED 78 F8 93 FB AF 86 BF DF | T:1210771 RPD:1
[CH: 50] LEN: 12 | HEX: EA 7E FE FC 71 D8 93 FB 73 63 BF FF | T:1210774 RPD:1
[CH: 50] LEN: 12 | HEX: FA 76 FE EB 7E F8 93 BF 45 9A BB ED | T:1210778 RPD:1
[CH: 50] LEN: 12 | HEX: EA 76 FE E9 74 E8 93 F7 DC 71 BF DF | T:1210789 RPD:1
[CH: 50] LEN: 12 | HEX: FA 7E FF E8 7D F0 93 BF 30 94 BF BB | T:1210816 RPD:1
[CH: 50] LEN: 12 | HEX: F6 76 F6 F6 7B FC 93 B7 5D 66 BD F6 | T:1210824 RPD:1
[CH: 50] LEN: 12 | HEX: EA 76 EE F5 78 F8 93 B7 28 68 BB FF | T:1210854 RPD:1
[CH: 50] LEN: 12 | HEX: FA 76 ED E3 76 E8 93 FF C2 74 BE FB | T:1210914 RPD:1
[CH: 50] LEN: 12 | HEX: FA 76 F7 EA 76 B8 93 BF 1E 91 BF D5 | T:1210944 RPD:1
[CH: 50] LEN: 12 | HEX: F6 76 FE E1 7C E8 93 F7 6B 9F 3F F7 | T:1210974 RPD:1
[CH: 50] LEN: 12 | HEX: FA 76 FE E8 75 F8 93 F7 B7 7A AE EF | T:1211004 RPD:1
[CH: 50] LEN: 12 | HEX: F6 76 EF EF 62 E8 93 F5 19 90 BF AD | T:1211034 RPD:1
[CH: 50] LEN: 12 | HEX: F2 66 FA DD 60 D8 93 BB B0 77 36 EF | T:1211094 RPD:1
[CH: 50] LEN: 12 | HEX: F6 66 EE EC 61 B8 93 F7 6C 9E BF 5F | T:1211124 RPD:1
[CH: 50] LEN: 12 | HEX: F6 76 FE EB 66 F8 93 DD 5A 67 FD FD | T:1211154 RPD:1
[CH: 50] LEN: 12 | HEX: FA 76 EE EA 67 B4 93 BB 86 82 B6 FE | T:1211184 RPD:1
[CH: 50] LEN: 12 | HEX: EA 6E FE E9 64 F8 93 BF D3 8C BF F7 | T:1211214 RPD:1
[CH: 50] LEN: 12 | HEX: FA 7E FE E8 65 D0 93 EF 2F 69 BB BF | T:1211244 RPD:1
[CH: 50] LEN: 12 | HEX: FA 76 EA E7 6A F0 93 F7 9E 7A BF FE | T:1211274 RPD:1
[CH: 50] LEN: 12 | HEX: FA 76 ED E5 68 F4 93 FF 37 95 BE DF | T:1211334 RPD:1
[CH: 50] LEN: 12 | HEX: EA 76 EA E4 69 F8 93 F7 EB 70 BD DF | T:1211364 RPD:1
[CH: 50] LEN: 12 | HEX: EA 76 EC E3 6E F8 93 BB DD 89 AF FE | T:1211394 RPD:1
[CH: 50] LEN: 12 | HEX: FA 76 FA E2 6F E8 93 B7 01 6C BB FD | T:1211424 RPD:1
[CH: 50] LEN: 12 | HEX: FA 76 F6 E1 6C F0 93 FB 74 62 BF FF | T:1211454 RPD:1
[CH: 50] LEN: 12 | HEX: FA 76 EF E0 6D D8 93 DF A8 87 7F FE | T:1211484 RPD:1
[CH: 50] LEN: 12 | HEX: FA 7E F6 DE 52 F8 93 DE 39 97 BF FF | T:1211514 RPD:1
[CH: 50] LEN: 12 | HEX: FA 76 FE EA 73 F8 93 F5 DA 88 BF FF | T:1211544 RPD:1
[CH: 50] LEN: 12 | HEX: EA 76 EF FD 70 F8 93 F7 AE 86 BF BF | T:1211547 RPD:1
[CH: 50] LEN: 12 | HEX: FA 76 FD F4 71 E8 93 FF 73 63 FE F7 | T:1211551 RPD:1
[CH: 50] LEN: 12 | HEX: EA 76 FF F3 76 E8 93 FF 45 9A BF F7 | T:1211563 RPD:1
[CH: 50] LEN: 12 | HEX: EA 76 EE F6 77 B8 93 EB 99 77 2B DF | T:1211563 RPD:1
[CH: 50] LEN: 12 | HEX: EA 76 EE F8 75 E8 93 EB 30 94 BD FB | T:1211593 RPD:1
[CH: 50] LEN: 12 | HEX: EA 76 F5 F7 7A F0 93 B7 81 83 BB 7F | T:1211597 RPD:1
[CH: 50] LEN: 12 | HEX: EA 76 DE F6 6B A8 93 D5 5D 66 BF FF | T:1211601 RPD:1
[CH: 50] LEN: 12 | HEX: EA 76 FE F5 74 F8 93 F7 28 68 BF FF | T:1211632 RPD:1
[CH: 50] LEN: 12 | HEX: FA 76 F6 FC 79 F8 93 F5 EC 8D BE FF | T:1211662 RPD:1
[CH: 50] LEN: 12 | HEX: FA 76 FD EB 7E F0 93 DF C2 6C BF FF | T:1211692 RPD:1
[CH: 50] LEN: 12 | HEX: FA 76 EE E2 77 78 93 FF 1E 91 AE 91 | T:1211722 RPD:1
[CH: 50] LEN: 12 | HEX: F6 76 FD F1 6C F4 93 F7 6B 9D BF FF | T:1211752 RPD:1
[CH: 50] LEN: 12 | HEX: F6 66 EE E0 75 D0 93 F7 B7 76 BD FF | T:1211782 RPD:1
[CH: 50] LEN: 12 | HEX: FA 76 FD EE 63 F8 93 BD C5 75 AB BD | T:1211842 RPD:1
[CH: 50] LEN: 12 | HEX: FA 76 FF ED 60 E8 93 EE B0 77 BA EA | T:1211872 RPD:1
[CH: 50] LEN: 12 | HEX: FE 7E F7 EC 61 D8 93 AB 6C 9E BB BF | T:1211902 RPD:1
[CH: 50] LEN: 12 | HEX: FA 76 FE EB 66 F4 93 EF 5A 67 BF D5 | T:1211932 RPD:1
[CH: 50] LEN: 12 | HEX: FA 76 F7 EA 67 F0 93 BF 86 82 BF 7F | T:1211962 RPD:1
[CH: 50] LEN: 12 | HEX: EA 76 F7 E9 64 F4 93 BF FB 8C BB FF | T:1211992 RPD:1
[CH: 50] LEN: 12 | HEX: EA 76 F7 E8 65 D8 93 DF 2F 69 B7 FF | T:1212022 RPD:1
[CH: 50] LEN: 12 | HEX: FA 76 FE E7 EA F8 93 F5 9E 76 BB BF | T:1212052 RPD:1
[CH: 50] LEN: 12 | HEX: EA 76 FA E6 6B F8 93 FB 42 9B AB 77 | T:1212082 RPD:1
[CH: 50] LEN: 12 | HEX: EA 76 EF E5 68 F4 93 BD 37 55 B9 FF | T:1212111 RPD:1
[CH: 50] LEN: 12 | HEX: FA 7E F6 E3 6E F0 93 F7 DD 89 BF FB | T:1212171 RPD:1
[CH: 50] LEN: 12 | HEX: F2 76 FD E2 6F D8 93 F5 01 6C BD 7F | T:1212201 RPD:1
[CH: 50] LEN: 12 | HEX: F6 76 FE E1 6C F4 93 DB 74 62 BF B7 | T:1212231 RPD:1
[CH: 50] LEN: 12 | HEX: EA 76 F6 E0 6D D8 93 F7 A8 87 AB FF | T:1212261 RPD:1
[CH: 50] LEN: 12 | HEX: F2 76 EE DF 52 E8 93 BB 39 97 BB FF | T:1212291 RPD:1
[CH: 50] LEN: 12 | HEX: EA 76 EE FD 73 B8 93 FB DA 88 BD FF | T:1212321 RPD:1
[CH: 50] LEN: 12 | HEX: FA 76 EE FD 70 F4 93 EF AE 86 BE BF | T:1212325 RPD:1
[CH: 50] LEN: 12 | HEX: F6 76 F6 FA 7F F8 93 DF 99 7F BD EF | T:1212336 RPD:1
[CH: 50] LEN: 12 | HEX: FA 76 EA F5 74 E8 93 FB EC 71 BF BF | T:1212340 RPD:1
[CH: 50] LEN: 12 | HEX: FA 76 FE F8 75 F8 93 AF 30 94 BD 52 | T:1212344 RPD:1
[CH: 50] LEN: 12 | HEX: EA 7E FF EF 7E F8 93 DF 81 83 BD 55 | T:1212355 RPD:1
[CH: 50] LEN: 12 | HEX: EA 76 EA EE 77 D8 93 F5 5D 66 BB 6F | T:1212356 RPD:1
[CH: 50] LEN: 12 | HEX: FA 76 FD ED 7C F4 93 BF 28 68 BF BB | T:1212382 RPD:1
[CH: 50] LEN: 12 | HEX: EA 76 EE EC 79 F8 93 FB F4 8D BE FE | T:1212412 RPD:1
[CH: 50] LEN: 12 | HEX: FA 76 F7 E9 74 E8 93 F7 6B 9F BB 77 | T:1212502 RPD:1
[CH: 50] LEN: 12 | HEX: F2 76 EA E0 7D D8 93 F7 B7 76 BF DE | T:1212532 RPD:1
[CH: 50] LEN: 12 | HEX: EA 76 FE EF 62 F4 93 FF 19 90 BF 7F | T:1212562 RPD:1
[CH: 50] LEN: 12 | HEX: EA 76 F6 DD 60 F4 93 F5 B0 77 BF E5 | T:1212622 RPD:1
[CH: 50] LEN: 12 | HEX: FA 7E FE EC 61 D8 93 F7 6C 9C BF FE | T:1212652 RPD:1
[CH: 50] LEN: 12 | HEX: FA 7E EE EB 66 E8 93 DF 5A 67 7B FF | T:1212682 RPD:1
[CH: 50] LEN: 12 | HEX: FE 76 FD EA 67 F0 93 FB 86 82 AF DF | T:1212712 RPD:1
[CH: 50] LEN: 12 | HEX: FA 76 F6 E9 64 F8 93 BD EB 8C BF FF | T:1212742 RPD:1
[CH: 50] LEN: 12 | HEX: F6 6E FF E8 65 F8 93 BF 2F 69 BF D9 | T:1212772 RPD:1
[CH: 50] LEN: 12 | HEX: F2 76 EE F7 6A F8 93 7F 9D 7D BF FF | T:1212802 RPD:1
[CH: 50] LEN: 12 | HEX: F2 76 FD E6 6B F8 93 BF 42 9B BE FF | T:1212832 RPD:1
[CH: 50] LEN: 12 | HEX: FA 76 FC E5 68 E8 93 F5 37 55 BB FE | T:1212862 RPD:1
[CH: 50] LEN: 12 | HEX: FA 75 EE 00 8F D8 93 FA 67 2B BC DF | T:1213053 RPD:1
[CH: 50] LEN: 12 | HEX: F2 6D DF 00 8F F8 93 F7 67 AB BF FF | T:1213054 RPD:1
[CH: 50] LEN: 12 | HEX: F6 75 FD 00 8F E8 93 FF 67 2B B6 DF | T:1216001 RPD:1
[CH: 50] LEN: 12 | HEX: EA 75 EE 00 8F 78 93 BB 67 AB BF FF | T:1216002 RPD:1
[CH: 50] LEN: 12 | HEX: FA 74 FD 78 7A F4 93 DF ED FE BF FF | T:1216034 RPD:1
[CH: 50] LEN: 12 | HEX: EA 74 FE BC 72 E8 93 B7 CD EC BE DE | T:1216035 RPD:1
[CH: 50] LEN: 12 | HEX: F2 6E EF 00 95 F0 93 DB D0 12 BE EF | T:1216046 RPD:1
[CH: 50] LEN: 12 | HEX: EA 74 FF DC 7A E8 93 DB ED B8 BF DB | T:1218982 RPD:1
[CH: 50] LEN: 12 | HEX: EA 74 EF F4 72 F8 93 F7 ED FE BF FF | T:1218983 RPD:1
[CH: 50] LEN: 12 | HEX: EA 6E FF 80 95 D8 93 AB B0 12 AF BB | T:1218994 RPD:1
[CH: 50] LEN: 12 | HEX: F2 74 EA DC 72 F4 93 DD CD FC AA A3 | T:1221931 RPD:1
[CH: 50] LEN: 12 | HEX: F2 74 F7 5C 7A F8 93 DF 4D FC AD FB | T:1221931 RPD:1
[CH: 50] LEN: 12 | HEX: FA 6F 7A 00 95 F8 93 D7 50 12 BD 6D | T:1221943 RPD:1
[CH: 50] LEN: 12 | HEX: EE 6F FA 00 95 F4 93 FF 70 12 B7 9F | T:1221943 RPD:1
[CH: 50] LEN: 12 | HEX: EA 6C EF EC 72 F8 93 AF ED D4 AF FF | T:1224880 RPD:1
[CH: 50] LEN: 12 | HEX: FA 6F DE 80 95 F8 93 FF F0 12 BF 7D | T:1224884 RPD:1
[CH: 50] LEN: 12 | HEX: FA 7C FD EC 72 F8 93 EF AD F8 B7 7F | T:1227829 RPD:1
[CH: 50] LEN: 12 | HEX: FA 6E FE 00 95 FC 93 FB F0 12 BB FF | T:1227833 RPD:1
[CH: 50] LEN: 12 | HEX: EA 7E EF 00 8C F8 93 EF 24 6D BF D7 | T:1228323 RPD:1
[CH: 50] LEN: 12 | HEX: FE 6E FC DD 74 F8 93 BF 6F 86 BF F7 | T:1228357 RPD:1
[CH: 50] LEN: 12 | HEX: EA 76 ED F3 7E F8 93 BF 45 9A B7 F9 | T:1228365 RPD:1
[CH: 50] LEN: 12 | HEX: FA 7E FC F7 F2 E8 93 FF C1 83 F7 FD | T:1228379 RPD:1
[CH: 50] LEN: 12 | HEX: EA 7E FE E0 75 FC 93 F7 77 F2 AE D7 | T:1228563 RPD:1
[CH: 50] LEN: 12 | HEX: FA 7E ED FF 63 B4 93 F7 A5 7D BB EB | T:1228623 RPD:1
[CH: 50] LEN: 12 | HEX: FA 76 EE F9 64 F8 93 F7 F3 CC B7 FF | T:1228773 RPD:1
[CH: 50] LEN: 12 | HEX: FA 76 EE E8 65 FC 93 FF AE E9 BE FF | T:1228803 RPD:1
[CH: 50] LEN: 12 | HEX: FA 76 EE F2 6F 78 93 BF 81 6C BF FF | T:1228983 RPD:1
[CH: 50] LEN: 12 | HEX: EA 7E ED F0 6D FC 93 BF E8 87 FB 7E | T:1229043 RPD:1
[CH: 50] LEN: 12 | HEX: EA 7E EE DF D2 E8 93 FF BD 97 BF FD | T:1229073 RPD:1
[CH: 50] LEN: 12 | HEX: FA 7E FE FC 73 F8 93 FF BA 88 BF ED | T:1229103 RPD:1
[CH: 50] LEN: 12 | HEX: FA 7E FE FE 79 F8 93 FF 7B 63 BD FF | T:1229110 RPD:1
[CH: 50] LEN: 12 | HEX: F2 76 FD FB 7E F8 93 FF C5 9A AB 7E | T:1229114 RPD:1
[CH: 50] LEN: 12 | HEX: DA 6E EE E7 F6 F8 93 7F 81 83 6B FD | T:1229130 RPD:1
[CH: 50] LEN: 12 | HEX: FA 76 FE EE 7B F8 93 BF DD 66 BF 5E | T:1229134 RPD:1
[CH: 50] LEN: 12 | HEX: EA 76 EE F5 74 E8 93 F7 28 68 BF FE | T:1229164 RPD:1
[CH: 50] LEN: 12 | HEX: EA 7E FD FC 79 FC 93 FF F4 8D BF BF | T:1229194 RPD:1
[CH: 50] LEN: 12 | HEX: EA 7E EC E1 7C F0 93 F7 6B DD BF BF | T:1229284 RPD:1
[CH: 50] LEN: 12 | HEX: FA 76 EC EF 62 F8 93 F7 19 90 BF FF | T:1229344 RPD:1
[CH: 50] LEN: 12 | HEX: FA 6E DE FD 60 F8 93 F7 B0 73 FF FF | T:1229404 RPD:1
[CH: 50] LEN: 12 | HEX: F2 7E EE FA 67 70 93 F7 C6 82 BB FF | T:1229494 RPD:1
[CH: 50] LEN: 12 | HEX: FA 76 DE E7 6A E8 93 BF 9D 76 BF EF | T:1229584 RPD:1
[CH: 50] LEN: 12 | HEX: EA 76 FD F3 6F E8 93 FF FD 89 AD DE | T:1229704 RPD:1
[CH: 50] LEN: 12 | HEX: FA 7E FC E2 6F F8 93 FF 81 6C BE FD | T:1229734 RPD:1
[CH: 50] LEN: 12 | HEX: FA 76 FE F0 6D BC 93 FF 68 87 7F FF | T:1229794 RPD:1
[CH: 50] LEN: 12 | HEX: EA 7E DE EA 77 78 93 77 D9 77 BF 7F | T:1229868 RPD:1
[CH: 50] LEN: 12 | HEX: FA 7E FA F1 7C F8 93 BF EB 9E EF EF | T:1230034 RPD:1
[CH: 50] LEN: 12 | HEX: EA 7E EE ED 60 E8 93 BF 70 73 F7 F8 | T:1230154 RPD:1
[CH: 50] LEN: 12 | HEX: FA 76 EE FC 61 F8 93 F7 6C 9E BE F5 | T:1230184 RPD:1
[CH: 50] LEN: 12 | HEX: EA 6E FC F9 64 E8 93 FF 73 8C BF FD | T:1230274 RPD:1
[CH: 50] LEN: 12 | HEX: FA 7E EE E7 6A F8 93 B7 DC 76 BA BD | T:1230334 RPD:1
[CH: 50] LEN: 12 | HEX: FA 7E FD E2 6E D8 93 DF 01 6C BF FF | T:1230484 RPD:1
[CH: 50] LEN: 12 | HEX: D2 7E DC DD 52 F8 93 7F BD 97 AF FF | T:1230574 RPD:1
[CH: 50] LEN: 12 | HEX: FA 6E EE EF 78 E8 93 F7 AE 86 BF F6 | T:1230607 RPD:1
[CH: 50] LEN: 12 | HEX: FA 6E DC EF 7E F8 93 BF C1 83 FB F7 | T:1230629 RPD:1
[CH: 50] LEN: 12 | HEX: EA 6E FE E4 69 F4 93 FF B4 8D BF F7 | T:1230694 RPD:1
[CH: 50] LEN: 12 | HEX: EA 7E FD F2 7F F4 93 FB 1A 91 BF FF | T:1230754 RPD:1
[CH: 50] LEN: 12 | HEX: EA 6E DE E9 74 D8 93 B7 EB DF BA FE | T:1230784 RPD:1
[CH: 50] LEN: 12 | HEX: EA 76 FE E0 7D FC 93 F7 F7 FA BD BB | T:1230813 RPD:1
[CH: 50] LEN: 12 | HEX: FA 7E EE EE 63 DC 93 FF E5 7D BD 7F | T:1230873 RPD:1
[CH: 50] LEN: 12 | HEX: FA 76 EE FC 61 D8 93 BF 6C 9D BE FF | T:1230933 RPD:1
[CH: 50] LEN: 12 | HEX: FA 76 EA DB 66 E8 93 F7 5A 67 BF FF | T:1230963 RPD:1
[CH: 50] LEN: 12 | HEX: FA 7E EA D6 6B F4 93 B7 42 9B 3F FF | T:1231113 RPD:1
[CH: 50] LEN: 12 | HEX: FA 76 EE ED 68 F8 93 F7 37 95 BB FA | T:1231143 RPD:1
[CH: 50] LEN: 12 | HEX: EA 7E FE E2 6F F8 93 FF 01 6C BB FF | T:1231233 RPD:1
[CH: 50] LEN: 12 | HEX: FA 7E EE EC 71 E8 93 FF 73 63 BF FB | T:1231361 RPD:1
[CH: 50] LEN: 12 | HEX: FA 7E EE FB 76 F8 93 7F 45 9A BE BE | T:1231365 RPD:1
[CH: 50] LEN: 12 | HEX: EA 7E FD F2 77 F8 93 FF 99 7E BF EF | T:1231368 RPD:1
[CH: 50] LEN: 12 | HEX: FA 7E FE F9 6C E8 93 FF AC 79 BF DE | T:1231379 RPD:1
[CH: 50] LEN: 12 | HEX: FA 7E FA F7 7A F8 93 DF C1 83 BF EE | T:1231379 RPD:1
[CH: 50] LEN: 12 | HEX: EA 7E F6 F6 7F B0 93 F7 5D 66 BF 77 | T:1231391 RPD:1
[CH: 50] LEN: 12 | HEX: FA 76 FE EC 71 DC 93 F7 B4 8D BF 7F | T:1231442 RPD:1
[CH: 50] LEN: 12 | HEX: FA 76 EE E2 75 E8 93 BF 9E 91 BF FF | T:1231502 RPD:1
[CH: 50] LEN: 12 | HEX: FA 76 EE E0 75 F8 93 F7 F7 72 BB F5 | T:1231562 RPD:1
[CH: 50] LEN: 12 | HEX: EA 76 FE EF 62 F8 93 B7 19 90 BF FF | T:1231592 RPD:1
[CH: 50] LEN: 12 | HEX: FA 6E EE DD 60 E8 93 F7 B0 7B BF DF | T:1231652 RPD:1
[CH: 50] LEN: 12 | HEX: EA 76 FA FC 61 F8 93 FF EC 9C BF DB | T:1231682 RPD:1
[CH: 50] LEN: 12 | HEX: F2 76 DE D3 6E F8 93 BF BD 89 BB 7D | T:1231952 RPD:1
[CH: 50] LEN: 12 | HEX: EA 76 FA FE 79 F8 93 FB 73 63 FE DD | T:1232109 RPD:1
[CH: 50] LEN: 12 | HEX: FA 76 EC FB 7E F8 93 F7 45 9A BF FF | T:1232112 RPD:1
[CH: 50] LEN: 12 | HEX: F6 76 F6 FA 77 F0 93 F7 99 75 3E FF | T:1232116 RPD:1
[CH: 50] LEN: 12 | HEX: FA 76 FE EF FE F0 93 FF 81 83 BF FF | T:1232128 RPD:1
[CH: 50] LEN: 12 | HEX: EA 76 EE F4 75 F8 93 7F D4 8D BD 7F | T:1232192 RPD:1
[CH: 50] LEN: 12 | HEX: F2 76 FD F2 77 FC 93 FF 1D 91 B7 EF | T:1232252 RPD:1
[CH: 50] LEN: 12 | HEX: FA 76 ED E9 7C F8 93 FF 6B 9D AF B9 | T:1232282 RPD:1
[CH: 50] LEN: 12 | HEX: FA 76 ED EF 62 F8 93 F7 19 90 BB F9 | T:1232342 RPD:1
[CH: 50] LEN: 12 | HEX: F2 7E FE EC 61 FC 93 FB 6C 9F BF F7 | T:1232432 RPD:1
[CH: 50] LEN: 12 | HEX: EA 76 FC EA 67 F8 93 BF 86 82 B7 F7 | T:1232492 RPD:1
[CH: 50] LEN: 12 | HEX: EA 76 FC E6 6B F8 93 F7 42 9B BF DF | T:1232612 RPD:1
[CH: 50] LEN: 12 | HEX: FA 76 EE E5 68 F8 93 BD 37 95 AF EE | T:1232642 RPD:1
[CH: 50] LEN: 12 | HEX: FA 6E FF E4 69 D8 93 BB DB 70 AE EF | T:1232672 RPD:1
[CH: 50] LEN: 12 | HEX: FE 76 FE E3 6E F8 93 FB DD 89 B5 FB | T:1232702 RPD:1
[CH: 50] LEN: 12 | HEX: FA 76 FE E2 6F F0 93 DF 01 6C BF FE | T:1232732 RPD:1
[CH: 50] LEN: 12 | HEX: F6 76 F6 E1 6C F0 93 BF 74 62 B5 BE | T:1232761 RPD:1
[CH: 50] LEN: 12 | HEX: F2 76 EA E0 6D D8 93 BD A8 87 3F FF | T:1232791 RPD:1
[CH: 50] LEN: 12 | HEX: FA 76 EE DE D2 E8 93 BF 39 D7 37 75 | T:1232821 RPD:1
[CH: 50] LEN: 12 | HEX: F6 76 FE FF 73 FC 93 D7 DA 88 BF FE | T:1232851 RPD:1
[CH: 50] LEN: 12 | HEX: FA 76 F4 F5 70 E8 93 FB AE 86 AB 5B | T:1232855 RPD:1
[CH: 50] LEN: 12 | HEX: FA 76 FE F4 71 D8 93 BB 73 63 BB FE | T:1232885 RPD:1
[CH: 50] LEN: 12 | HEX: EA 76 FE FB 76 E8 93 FB 45 9A AD FF | T:1232889 RPD:1
[CH: 50] LEN: 12 | HEX: FA 76 F6 FA 77 B4 93 FB 99 7E B6 FF | T:1232893 RPD:1
[CH: 50] LEN: 12 | HEX: FA 76 FE F9 74 F8 93 B5 EC 71 AF DF | T:1232904 RPD:1
[CH: 50] LEN: 12 | HEX: FE 76 F4 F8 75 F8 93 7F 30 94 AE DF | T:1232905 RPD:0
[CH: 50] LEN: 12 | HEX: F2 76 FD FF 72 E8 93 FB 81 83 BF DD | T:1232916 RPD:1
[CH: 50] LEN: 12 | HEX: F2 76 F6 EE 73 D8 93 B5 5D 66 BD F7 | T:1232916 RPD:1
[CH: 50] LEN: 12 | HEX: F6 76 FE F5 78 E8 93 BB 28 68 BB 7E | T:1232938 RPD:1
[CH: 50] LEN: 12 | HEX: FA 76 F6 F4 7D D8 93 DD FC 8D AF 75 | T:1232968 RPD:1
[CH: 50] LEN: 12 | HEX: FA 76 FE F3 7E F8 93 FA C2 74 BF BF | T:1232998 RPD:1
[CH: 50] LEN: 12 | HEX: EA 76 ED FA 6F F8 93 FB 1D 91 BD FF | T:1233028 RPD:1
[CH: 50] LEN: 12 | HEX: F6 76 F6 F1 78 F4 93 BF 6B 9E BF FE | T:1233058 RPD:1
[CH: 50] LEN: 12 | HEX: F6 76 F6 F0 7F D0 93 FD B7 7A BF BF | T:1233088 RPD:1
[CH: 50] LEN: 12 | HEX: FA 76 FE EF 62 F4 93 DA 19 90 AB FD | T:1233118 RPD:1
[CH: 50] LEN: 12 | HEX: FA 76 F6 EE 63 B4 93 FD 45 75 AF F7 | T:1233148 RPD:1
[CH: 50] LEN: 12 | HEX: F2 76 F6 ED 60 EC 93 FD B0 7B BB FB | T:1233178 RPD:1
[CH: 50] LEN: 12 | HEX: FA 76 FE EC 61 F8 93 EE EC 9E B7 FF | T:1233208 RPD:1
[CH: 50] LEN: 12 | HEX: F6 76 F6 EA 67 50 93 F7 86 82 AF FF | T:1233268 RPD:1
[CH: 50] LEN: 12 | HEX: FA 76 FD E9 64 F8 93 FB EB 8C B7 76 | T:1233298 RPD:1
[CH: 50] LEN: 12 | HEX: FA 7E F6 F8 65 F8 93 BF 2E 69 BD FF | T:1233328 RPD:1
[CH: 50] LEN: 12 | HEX: F2 76 EE F7 EA F0 93 BF 9C 7E B7 FF | T:1233358 RPD:1
[CH: 50] LEN: 12 | HEX: EA 76 EF E6 6B F8 93 BF 42 9B AB DF | T:1233388 RPD:1
[CH: 50] LEN: 12 | HEX: FA 76 FD D3 6E E8 93 5F BD 89 BB FD | T:1233478 RPD:1
[CH: 50] LEN: 12 | HEX: FA 76 EF E1 6C F8 93 B7 74 62 BF FF | T:1233538 RPD:1
[CH: 50] LEN: 12 | HEX: F6 76 F6 E0 6D E8 93 DB A8 87 7F FE | T:1233568 RPD:1
[CH: 50] LEN: 12 | HEX: EA 76 EE DE D2 F8 93 BD 39 97 7F 75 | T:1233598 RPD:1
[CH: 50] LEN: 12 | HEX: F6 76 FD F5 70 F8 93 DD 2E 86 AF DF | T:1233632 RPD:1
[CH: 50] LEN: 12 | HEX: FA 77 EE FC 71 F8 93 BD 73 63 BF 7E | T:1233635 RPD:1
[CH: 50] LEN: 12 | HEX: F6 76 FF F7 76 FC 93 FB 45 9A BF FD | T:1233639 RPD:1
[CH: 50] LEN: 12 | HEX: FE 76 F6 FA 77 F4 93 DD 99 7F AF FF | T:1233650 RPD:1
[CH: 50] LEN: 12 | HEX: F2 76 FD F9 74 F8 93 DF EC 71 BD FF | T:1233650 RPD:1
[CH: 50] LEN: 12 | HEX: FA 75 EE 00 8E F8 93 FF 67 2B AF FF | T:1233837 RPD:1
[CH: 50] LEN: 12 | HEX: FA 75 FB 00 8F E8 93 BF 67 2B BD FF | T:1233838 RPD:1
[CH: 50] LEN: 12 | HEX: EA 75 FE 00 8F E8 93 DB 67 2B BF BB | T:1236786 RPD:1
[CH: 50] LEN: 12 | HEX: EA 75 FF 00 8F E8 93 F5 67 2B BB 56 | T:1236787 RPD:1
[CH: 50] LEN: 12 | HEX: F6 74 EE FC 76 E8 93 DF 8E 0B BF FB | T:1237028 RPD:1
[CH: 50] LEN: 12 | HEX: EA 74 EA F4 76 F4 93 FB 8E 0B BD FA | T:1237029 RPD:1
[CH: 50] LEN: 12 | HEX: F6 6F 7F 00 95 F8 93 FB D0 12 BF BB | T:1237040 RPD:1
[CH: 50] LEN: 12 | HEX: F6 74 F7 F8 6E F8 93 B7 8E 0B BE F5 | T:1239976 RPD:0
[CH: 50] LEN: 12 | HEX: FA 64 FF F8 76 F8 93 BF 8E 0B BF FF | T:1239977 RPD:0
[CH: 50] LEN: 12 | HEX: F6 6F FF 00 95 D8 93 FB D0 12 B6 FB | T:1239988 RPD:0
[CH: 50] LEN: 12 | HEX: FA 6E EF 00 95 D8 93 FF F0 12 BB AD | T:1239989 RPD:0
[CH: 50] LEN: 12 | HEX: EA 74 EF F8 7E E8 93 FF CE 0B BF FF | T:1242925 RPD:1
[CH: 50] LEN: 12 | HEX: EA 7E F6 EA 73 F8 93 FF BA 88 AF FE | T:1244629 RPD:1
[CH: 50] LEN: 12 | HEX: EA 76 FE EE 71 E8 93 B7 73 63 FF 7B | T:1244636 RPD:1
[CH: 50] LEN: 12 | HEX: EA 6E FC FB 7E D8 93 FF C5 9A B6 ED | T:1244640 RPD:1
[CH: 50] LEN: 12 | HEX: FA 7E FD FA 77 78 93 FB D9 7D BA FF | T:1244643 RPD:1
[CH: 50] LEN: 12 | HEX: EA 76 F4 F9 7C E8 93 FF 6C 79 BB BF | T:1244654 RPD:1
[CH: 50] LEN: 12 | HEX: EA 6E FA E5 70 E8 93 EF A8 68 BF F5 | T:1244688 RPD:1
[CH: 50] LEN: 12 | HEX: FA 7E F7 E9 7C F8 93 BF EB DF BE FF | T:1244808 RPD:1
[CH: 50] LEN: 12 | HEX: EA 76 EE EF 62 E8 93 BF 19 90 BD FF | T:1244868 RPD:1
[CH: 50] LEN: 12 | HEX: EA 76 FA FE 63 B8 93 7F 45 75 BF AF | T:1244898 RPD:1
[CH: 50] LEN: 12 | HEX: EA 7E FD FB 66 F8 93 FF 5A 67 6F FF | T:1244988 RPD:1
[CH: 50] LEN: 12 | HEX: FA 7E EE E7 6A E8 93 FF 1E 7E BF FF | T:1245108 RPD:1
[CH: 50] LEN: 12 | HEX: FA 76 EE E6 6B F0 93 BF C2 9B AF FF | T:1245138 RPD:1
[CH: 50] LEN: 12 | HEX: FA 7E EE E5 68 F8 93 F7 3F 95 B7 F7 | T:1245168 RPD:1
[CH: 50] LEN: 12 | HEX: FA 7E FC DF 52 E8 93 F7 3D 97 EF FF | T:1245348 RPD:1
[CH: 50] LEN: 12 | HEX: EA 76 FE FD 73 F8 93 FF BA 88 BF FF | T:1245378 RPD:1
[CH: 50] LEN: 12 | HEX: EA 7E EE FE 79 FA 93 F7 73 63 BF EF | T:1245385 RPD:1
[CH: 50] LEN: 12 | HEX: FA 76 FA F1 74 F8 93 BF AC 69 AD EF | T:1245396 RPD:1
[CH: 50] LEN: 12 | HEX: EA 7E EE EF F6 E8 93 FF 41 83 EE FF | T:1245404 RPD:1
[CH: 50] LEN: 12 | HEX: FA 76 EE EB 77 E8 93 F7 82 74 BF FF | T:1245498 RPD:1
[CH: 50] LEN: 12 | HEX: FA 6E FE ED 60 F8 93 B7 B0 77 BD 7F | T:1245678 RPD:1
[CH: 50] LEN: 12 | HEX: EA 76 EC F8 65 F8 93 FF 2F 69 BF FF | T:1245828 RPD:1
[CH: 50] LEN: 12 | HEX: FA 7E FE E6 6B F0 93 7F 42 9B FF FE | T:1245888 RPD:1
[CH: 50] LEN: 12 | HEX: FA 7E F5 F2 6F D8 93 BF 01 6C B6 EE | T:1246008 RPD:1
[CH: 50] LEN: 12 | HEX: FA 76 EE F0 6D F8 93 FF E8 87 B7 DF | T:1246068 RPD:1
[CH: 50] LEN: 12 | HEX: EA 76 FE EC 7B F4 93 BF BA 88 BF DF | T:1246128 RPD:1
[CH: 50] LEN: 12 | HEX: EA 7E FE EC 71 F8 93 BF 7B 63 F7 FF | T:1246136 RPD:1
[CH: 50] LEN: 12 | HEX: EA 7E FE F3 76 F8 93 F7 45 9A BF 7F | T:1246140 RPD:1
[CH: 50] LEN: 12 | HEX: FA 76 FC EA 7F D8 93 BF D9 77 BF FD | T:1246143 RPD:1
[CH: 50] LEN: 12 | HEX: FA 76 FD E8 6D FC 93 FF B0 94 BF FF | T:1246154 RPD:1
[CH: 50] LEN: 12 | HEX: FA 7E DE EE 77 A8 93 FF 5D 66 BE BB | T:1246157 RPD:1
[CH: 50] LEN: 12 | HEX: FA 76 DE E5 74 F8 93 FF 28 68 BF DF | T:1246187 RPD:1
[CH: 50] LEN: 12 | HEX: FA 7E FC EF E2 F8 93 DF 19 90 B6 5C | T:1246367 RPD:1
[CH: 50] LEN: 12 | HEX: FA 76 EE FD 63 B8 93 77 A5 7D BF DE | T:1246397 RPD:1
[CH: 50] LEN: 12 | HEX: FA 76 FE EC 61 F4 93 BF EC 9E BB D9 | T:1246457 RPD:1
[CH: 50] LEN: 12 | HEX: DA 76 EC EA 67 F8 93 F7 C6 82 BF FF | T:1246517 RPD:1
[CH: 50] LEN: 12 | HEX: EA 7E FE D8 65 F8 93 DF 2E E9 AB BF | T:1246577 RPD:1
[CH: 50] LEN: 12 | HEX: EA 7E FC E7 6A F8 93 FB DE 77 B7 76 | T:1246607 RPD:1
[CH: 50] LEN: 12 | HEX: EA 76 EE E6 6B B8 93 FF 42 9B BF 7D | T:1246637 RPD:1
[CH: 50] LEN: 12 | HEX: FA 76 EC E4 69 FC 93 BF CB 70 BD FF | T:1246697 RPD:1
[CH: 50] LEN: 12 | HEX: FA 7E EE E0 6D D8 93 BF E8 87 6F FF | T:1246817 RPD:1
[CH: 50] LEN: 12 | HEX: EA 6E EE DF 52 F8 93 EB 35 97 AD FF | T:1246847 RPD:1
[CH: 50] LEN: 12 | HEX: FA 76 EE ED 70 F8 93 FB AE 86 AF BB | T:1246881 RPD:1
[CH: 50] LEN: 12 | HEX: FA 76 EE EA 71 F8 93 FF 73 63 EF FF | T:1246885 RPD:1
[CH: 50] LEN: 12 | HEX: FA 6E ED FA 77 68 93 BF D9 7D 3F EF | T:1246893 RPD:1
[CH: 50] LEN: 12 | HEX: FA 7E EE E8 7D D8 93 F7 30 94 BF FF | T:1246901 RPD:1
[CH: 50] LEN: 12 | HEX: FA 7E F6 EF FE E8 93 F7 81 83 BF FE | T:1246905 RPD:1
[CH: 50] LEN: 12 | HEX: F2 76 EE ED 74 F8 93 FF 28 68 BA D7 | T:1246939 RPD:1
[CH: 50] LEN: 12 | HEX: F6 76 FA D3 76 F8 93 DF C2 74 B7 56 | T:1246999 RPD:1
[CH: 50] LEN: 12 | HEX: FA 7E FC E9 74 F8 93 BB 6B DD BE BE | T:1247059 RPD:1
[CH: 50] LEN: 12 | HEX: FA 6E EF ED 60 E8 93 F7 B0 6B AF FD | T:1247179 RPD:1
[CH: 50] LEN: 12 | HEX: EA 76 ED FC 61 FC 93 FF 6C 9E BF FD | T:1247209 RPD:1
[CH: 50] LEN: 12 | HEX: FA 6E FE EB 66 E8 93 F7 5A 67 6F F7 | T:1247239 RPD:1
[CH: 50] LEN: 12 | HEX: FA 7E FC E9 64 F0 93 F7 F3 4C AF FD | T:1247299 RPD:1
[CH: 50] LEN: 12 | HEX: F6 7E EE E8 65 F8 93 B7 2F 69 BF FF | T:1247329 RPD:1
[CH: 50] LEN: 12 | HEX: FA 7E EE D7 6A E8 93 77 9D 76 BB 75 | T:1247359 RPD:1
[CH: 50] LEN: 12 | HEX: EA 6E FC F4 69 E8 93 FF AB 70 B7 EF | T:1247449 RPD:1
[CH: 50] LEN: 12 | HEX: EA 76 DE E2 6E D8 93 F7 01 6C BD EA | T:1247509 RPD:1
[CH: 50] LEN: 12 | HEX: EA 6E FC E1 6C E8 93 FF 6C 62 AF FF | T:1247539 RPD:1
[CH: 50] LEN: 12 | HEX: FA 6E EE DE 52 F8 93 F7 39 B7 BE FF | T:1247598 RPD:1
[CH: 50] LEN: 12 | HEX: EA 7E EE FD 70 F8 93 BF 6E 86 BD FD | T:1247632 RPD:1
[CH: 50] LEN: 12 | HEX: EA 76 EE FE 71 F8 93 B7 73 63 FE FE | T:1247635 RPD:1
[CH: 50] LEN: 12 | HEX: EA 76 EE EA 7F B8 93 BF D9 77 B7 BF | T:1247642 RPD:1
[CH: 50] LEN: 12 | HEX: EA 76 FE F8 75 D4 93 BF 30 94 AF 7B | T:1247649 RPD:1
[CH: 50] LEN: 12 | HEX: EA 76 FD E5 74 F8 93 AF 28 68 AF ED | T:1247687 RPD:1
[CH: 50] LEN: 12 | HEX: FA 7E EE EB 7F F0 93 FF A2 74 BF AF | T:1247747 RPD:1
[CH: 50] LEN: 12 | HEX: FA 76 DE E2 7E F8 93 7F 1D 91 BF FF | T:1247777 RPD:1
[CH: 50] LEN: 12 | HEX: EA 76 EE F9 7C F8 93 DF 6B 9E BE FF | T:1247807 RPD:1
[CH: 50] LEN: 12 | HEX: F6 76 FE EE E2 F8 93 FF 19 90 AF 7B | T:1247867 RPD:1
[CH: 50] LEN: 12 | HEX: FA 76 FF ED 60 E8 93 F7 B0 77 BF DE | T:1247927 RPD:1
[CH: 50] LEN: 12 | HEX: FA 76 FE EC 61 F8 93 77 6C 9D AF FD | T:1247957 RPD:1
[CH: 50] LEN: 12 | HEX: EA 76 EF EB 66 F8 93 B7 5A 67 BF DF | T:1247987 RPD:1
[CH: 50] LEN: 12 | HEX: FA 76 FD EA 67 F4 93 BF 86 82 AF F7 | T:1248017 RPD:1
[CH: 50] LEN: 12 | HEX: FA 76 EF E9 64 F8 93 BF D3 8C BF 6F | T:1248047 RPD:1
[CH: 50] LEN: 12 | HEX: F6 7E F6 E8 65 F8 93 FF 2F E9 B7 FD | T:1248077 RPD:1
[CH: 50] LEN: 12 | HEX: FA 76 EE E6 6B D4 93 FF 42 9B BF F7 | T:1248137 RPD:1
[CH: 50] LEN: 12 | HEX: FA 76 EF E5 68 F4 93 FB 37 95 B7 FF | T:1248167 RPD:1
[CH: 50] LEN: 12 | HEX: FA 76 EE E4 69 D8 93 F5 EB 70 BF DF | T:1248197 RPD:1
[CH: 50] LEN: 12 | HEX: F2 76 FD E3 6E F8 93 FF DD 89 BD BB | T:1248227 RPD:1
[CH: 50] LEN: 12 | HEX: F6 76 FF E2 6F E8 93 FB 01 6C AF EF | T:1248257 RPD:1
[CH: 50] LEN: 12 | HEX: F6 76 FF E1 6D F4 93 DD 74 62 BF FF | T:1248287 RPD:1
[CH: 50] LEN: 12 | HEX: F6 76 EA E0 6D D0 93 F7 A8 87 AF FF | T:1248317 RPD:1
[CH: 50] LEN: 12 | HEX: F6 76 DD FF 73 B4 93 BB DA 88 A5 55 | T:1248377 RPD:1
[CH: 50] LEN: 12 | HEX: FA 7E FF FD 70 F8 93 FB AF 46 AD FE | T:1248381 RPD:1
[CH: 50] LEN: 12 | HEX: FA 76 EE F4 71 F8 93 BF 73 63 BE F7 | T:1248385 RPD:1
[CH: 50] LEN: 12 | HEX: EA 76 EF EB 76 FC 93 FF 45 9A BF FF | T:1248396 RPD:1
[CH: 50] LEN: 12 | HEX: EA 76 EF FA 77 74 93 BF 99 77 BB FD | T:1248396 RPD:0
[CH: 50] LEN: 12 | HEX: FA 76 EE F9 74 F8 93 BB DC 71 BE DF | T:1248407 RPD:1
[CH: 50] LEN: 12 | HEX: FA 76 FC E8 75 D0 93 B7 30 94 BD FF | T:1248408 RPD:0
[CH: 50] LEN: 12 | HEX: FA 76 F6 FF 76 F8 93 BB 81 83 BD DF | T:1248419 RPD:0
[CH: 50] LEN: 12 | HEX: EA 6E F6 ED 74 F8 93 B7 28 68 AF EE | T:1248438 RPD:1
[CH: 50] LEN: 12 | HEX: EA 7E EF FC 79 D8 93 BF EC 8D BA ED | T:1248468 RPD:1
[CH: 50] LEN: 12 | HEX: FA 76 EE EB 7E F4 93 BF C2 74 BF F5 | T:1248498 RPD:1
[CH: 50] LEN: 12 | HEX: F6 77 EF EA 7F B8 93 DD 1E 91 AF DF | T:1248528 RPD:1
[CH: 50] LEN: 12 | HEX: FA 7E FD F9 78 F8 93 BB 6B 9F B3 77 | T:1248558 RPD:1
[CH: 50] LEN: 12 | HEX: F2 7E EA F0 75 F8 93 DB B7 7A AB BB | T:1248588 RPD:1
[CH: 50] LEN: 12 | HEX: FA 76 FE EE E2 F8 93 DB 19 90 BF AF | T:1248618 RPD:1
[CH: 50] LEN: 12 | HEX: F2 77 FF EE 63 F4 93 BF C5 7D FF FD | T:1248648 RPD:1
[CH: 50] LEN: 12 | HEX: FA 76 FE EB 66 F4 93 FB 5A 67 7F BB | T:1248738 RPD:1
[CH: 50] LEN: 12 | HEX: FA 76 FE EA 67 78 93 FB 86 82 AF FF | T:1248768 RPD:1
[CH: 50] LEN: 12 | HEX: EA 76 FE E9 64 F4 93 AF EB 8C AF ED | T:1248798 RPD:1
[CH: 50] LEN: 12 | HEX: FA 76 FE E8 65 D8 93 DF 2F 69 BD 7D | T:1248828 RPD:1
[CH: 50] LEN: 12 | HEX: F6 76 FE E7 6A F8 93 BD 9E 7E BB FF | T:1248858 RPD:1
[CH: 50] LEN: 12 | HEX: FA 76 FD E5 68 F8 93 BF 37 95 BF BB | T:1248918 RPD:1
[CH: 50] LEN: 12 | HEX: F6 76 FE E4 69 E8 93 DD EB 70 BE DD | T:1248948 RPD:1
[CH: 50] LEN: 12 | HEX: F6 76 FE E3 6E F4 93 DB DD 89 B5 BF | T:1248978 RPD:1
[CH: 50] LEN: 12 | HEX: FA 76 ED E2 6F 78 93 FB 01 6C BE FF | T:1249008 RPD:1
[CH: 50] LEN: 12 | HEX: FA 76 F6 E1 6C F4 93 BD 74 62 BF F7 | T:1249038 RPD:1
[CH: 50] LEN: 12 | HEX: FA 76 F6 E0 6D D8 93 BF A8 87 7F FF | T:1249068 RPD:1
[CH: 50] LEN: 12 | HEX: EA 76 ED DE D2 F0 93 F7 39 97 7E DF | T:1249098 RPD:1
[CH: 50] LEN: 12 | HEX: FA 76 F6 FD 70 F0 93 DB AF 86 A7 F7 | T:1249131 RPD:1
[CH: 50] LEN: 12 | HEX: F6 76 FD F4 71 F8 93 FB 73 63 AE DF | T:1249134 RPD:1
[CH: 50] LEN: 12 | HEX: FA 76 EE FB 76 E8 93 FB 45 9A BE DF | T:1249138 RPD:1
[CH: 50] LEN: 12 | HEX: FA 76 ED FA 7F 70 93 FB 99 7F 3E C1 | T:1249150 RPD:1
[CH: 50] LEN: 12 | HEX: FA 76 F4 F9 74 E8 93 DF EC 71 FF EF | T:1249150 RPD:0
[CH: 50] LEN: 12 | HEX: F6 76 EE F0 75 F8 93 D5 30 94 BF FD | T:1249161 RPD:1
[CH: 50] LEN: 12 | HEX: FA 76 FD EF 76 F8 93 FF 81 83 BF FF | T:1249161 RPD:0
[CH: 50] LEN: 12 | HEX: EA 76 F6 E6 7B B8 93 FB 5D 66 BF 7F | T:1249173 RPD:0
[CH: 50] LEN: 12 | HEX: FA 76 EF ED 74 D8 93 FB 28 68 BB EF | T:1249185 RPD:1
[CH: 50] LEN: 12 | HEX: FA 76 FE F4 79 D8 93 FB FC 8D AF F7 | T:1249216 RPD:1
[CH: 50] LEN: 12 | HEX: FA 76 F6 FB 7E F8 93 DD C2 74 AF FF | T:1249246 RPD:1
[CH: 50] LEN: 12 | HEX: EE 76 FD F2 77 F8 93 F7 1E 91 AF FD | T:1249276 RPD:1
[CH: 50] LEN: 12 | HEX: EA 76 F6 E9 7C F4 93 BF 6B 9F BF FF | T:1249306 RPD:1
[CH: 50] LEN: 12 | HEX: FA 76 F6 F0 7B F8 93 BF B7 76 BF FF | T:1249336 RPD:1
[CH: 50] LEN: 12 | HEX: FA 76 EC EF 62 F8 93 BF 19 90 AF F7 | T:1249365 RPD:1
[CH: 50] LEN: 12 | HEX: F6 76 EF EE 63 A8 93 BF C5 75 AF BF | T:1249395 RPD:1
[CH: 50] LEN: 12 | HEX: FA 7E FD ED 60 F8 93 DF B0 7F BF DF | T:1249425 RPD:1
[CH: 50] LEN: 12 | HEX: F2 76 FD EC 61 F8 93 B5 6C 9E AF FF | T:1249455 RPD:1
[CH: 50] LEN: 12 | HEX: EA 76 FE EB 66 F0 93 FB 5A 67 BB 7B | T:1249485 RPD:1
[CH: 50] LEN: 12 | HEX: F6 76 F6 EA 67 F4 93 BF 86 82 BF FF | T:1249515 RPD:1
[CH: 50] LEN: 12 | HEX: F2 75 EF E9 64 F8 93 7F E3 8C BF FD | T:1249545 RPD:1
[CH: 50] LEN: 12 | HEX: EA 66 FF E8 65 F8 93 B7 2F 69 BB FF | T:1249575 RPD:1
[CH: 50] LEN: 12 | HEX: EE 76 FE E7 6A F0 93 FB 9E 76 BF DF | T:1249605 RPD:1
[CH: 50] LEN: 12 | HEX: EA 76 EE E6 6B FA 93 B5 42 9B AE FF | T:1249635 RPD:1
[CH: 50] LEN: 12 | HEX: FA 76 FE E5 68 F0 93 DD 37 15 B7 BF | T:1249665 RPD:1
[CH: 50] LEN: 12 | HEX: EA 76 FD E4 69 E8 93 FB EB 70 AB FE | T:1249695 RPD:1
[CH: 50] LEN: 12 | HEX: F2 76 F6 E3 6E F8 93 AF DD 89 AF ED | T:1249725 RPD:1
[CH: 50] LEN: 12 | HEX: FA 75 EE 80 8F E8 93 F5 67 2B AF FF | T:1249913 RPD:1
[CH: 50] LEN: 12 | HEX: F6 75 DF 00 8F F0 93 DF 67 AB FF 7F | T:1252861 RPD:1
[CH: 50] LEN: 12 | HEX: F2 74 FE FA 74 F8 93 F7 27 E0 BF FD | T:1253903 RPD:1
[CH: 50] LEN: 12 | HEX: FA 74 F7 FA 74 E8 93 FD 27 60 B7 C8 | T:1253904 RPD:1
[CH: 50] LEN: 12 | HEX: EA 6F BB 00 95 D8 93 BB F0 12 BF FF | T:1253915 RPD:1
[CH: 50] LEN: 12 | HEX: FA 6F EF 00 95 D8 93 F5 D0 12 BD FD | T:1253915 RPD:1
[CH: 50] LEN: 12 | HEX: F6 7C F6 FA 74 E8 93 DD 27 E0 BD F4 | T:1256851 RPD:1
[CH: 50] LEN: 12 | HEX: EA 74 F7 7A 74 F0 93 DD 27 A0 AF FF | T:1256852 RPD:1
[CH: 50] LEN: 12 | HEX: EA 6F 6F 00 95 F8 93 F5 D0 12 BF FB | T:1256863 RPD:1
[CH: 50] LEN: 12 | HEX: FA 6F 6F 00 95 D8 93 BB D0 12 AE FF | T:1256863 RPD:1
[CH: 50] LEN: 12 | HEX: FA 6E FA EC 71 D8 93 AF 73 63 FF FF | T:1258511 RPD:1
[CH: 50] LEN: 12 | HEX: F2 7E DE EB 76 D8 93 FB 45 9A AF BF | T:1258515 RPD:1
[CH: 50] LEN: 12 | HEX: EA 76 EE E9 74 F8 93 F7 EC 79 B5 77 | T:1258522 RPD:1
[CH: 50] LEN: 12 | HEX: EA 7E FD F4 71 F4 93 FF B4 8D AB DE | T:1258592 RPD:1
[CH: 50] LEN: 12 | HEX: FA 7E EE E2 6D F0 93 FF 1D 91 BF EB | T:1258652 RPD:1
[CH: 50] LEN: 12 | HEX: EA 7E EE E9 7A F8 93 BF 6B 9F F7 D7 | T:1258682 RPD:1
[CH: 50] LEN: 12 | HEX: FA 7E FD DF 62 F8 93 DF 19 90 BF AF | T:1258742 RPD:1
[CH: 50] LEN: 12 | HEX: FA 76 EE EE 63 B8 93 F7 C5 75 BF FF | T:1258772 RPD:1
[CH: 50] LEN: 12 | HEX: FA 76 FD ED 60 F8 93 BB B0 7F BF F7 | T:1258802 RPD:1
[CH: 50] LEN: 12 | HEX: FA 7E FF EC 61 D8 93 EF 6C 9E BE FD | T:1258832 RPD:1
[CH: 50] LEN: 12 | HEX: EA 76 FC EB 66 F0 93 FB 5A 67 7F BE | T:1258862 RPD:1
[CH: 50] LEN: 12 | HEX: F2 76 EC E9 64 E8 93 BB E3 8C BD FE | T:1258922 RPD:1
[CH: 50] LEN: 12 | HEX: EA 76 FE E6 EA F8 93 BF 9C 7E AF EF | T:1258982 RPD:1
[CH: 50] LEN: 12 | HEX: EA 76 FD E6 6B F4 93 DF 42 9B BF FB | T:1259012 RPD:1
[CH: 50] LEN: 12 | HEX: EA 6E FE E4 69 FC 93 F7 EB 70 AE F7 | T:1259072 RPD:1
[CH: 50] LEN: 12 | HEX: FA 7E FD E2 6F 78 93 FB 01 6C AB FE | T:1259132 RPD:1
[CH: 50] LEN: 12 | HEX: FA 76 ED E1 6C F8 93 7F 74 62 AD FF | T:1259162 RPD:1
[CH: 50] LEN: 12 | HEX: FA 76 FC EE F3 B8 93 FF FA 88 BB FD | T:1259252 RPD:1
[CH: 50] LEN: 12 | HEX: FA 76 EE ED 78 E8 93 F7 EE 86 BF FE | T:1259256 RPD:1
[CH: 50] LEN: 12 | HEX: FA 76 ED EB 76 F8 93 BF 45 9A AF FE | T:1259263 RPD:1
[CH: 50] LEN: 12 | HEX: EA 76 EE EA 77 78 93 FD 99 7E B5 3B | T:1259266 RPD:1
[CH: 50] LEN: 12 | HEX: FA 76 FD F1 74 E8 93 FF AC 71 BA B5 | T:1259277 RPD:1
[CH: 50] LEN: 12 | HEX: EA 76 EE F0 75 F8 93 F7 30 94 AF FF | T:1259277 RPD:1
[CH: 50] LEN: 12 | HEX: EA 76 EF F6 77 B8 93 FB 5F 66 AF BF | T:1259308 RPD:1
[CH: 50] LEN: 12 | HEX: FA 76 FE EC 7B F8 93 FB F4 8D AB 7E | T:1259368 RPD:1
[CH: 50] LEN: 12 | HEX: FA 76 F6 FB 7E E8 93 F7 C2 74 AF FE | T:1259398 RPD:1
[CH: 50] LEN: 12 | HEX: EA 76 F6 EA 7E F8 93 B7 1E 91 AB BE | T:1259428 RPD:1
[CH: 50] LEN: 12 | HEX: EA 76 F7 F0 7D D8 93 F7 B7 7A BF DD | T:1259488 RPD:1
[CH: 50] LEN: 12 | HEX: EA 76 EE EE 63 F0 93 7F 85 75 AF FF | T:1259548 RPD:1
[CH: 50] LEN: 12 | HEX: EA 77 F6 ED 60 F8 93 F7 B0 77 EE FD | T:1259578 RPD:1
[CH: 50] LEN: 12 | HEX: EA 76 EF EC 61 E8 93 F7 6C 9D B5 FF | T:1259608 RPD:1
[CH: 50] LEN: 12 | HEX: EA 76 FD EB 66 E8 93 BF 5A 67 AF BF | T:1259638 RPD:1
[CH: 50] LEN: 12 | HEX: EA 76 EE EA 67 F0 93 B7 86 82 BF FF | T:1259668 RPD:1
[CH: 50] LEN: 12 | HEX: EA 76 FD E9 64 F8 93 DF FB 8C BD F7 | T:1259698 RPD:1
[CH: 50] LEN: 12 | HEX: EA 76 FE E8 65 D8 93 FF 2F 69 AF FF | T:1259728 RPD:1
[CH: 50] LEN: 12 | HEX: FA 76 F6 E7 6A F8 93 FB 9D 76 BB FD | T:1259758 RPD:1
[CH: 50] LEN: 12 | HEX: FA 76 EF E6 6B D8 93 DF 42 9B BE FF | T:1259788 RPD:1
[CH: 50] LEN: 12 | HEX: EE 76 FD E4 69 D8 93 FD EB 70 AF 7D | T:1259848 RPD:1
[CH: 50] LEN: 12 | HEX: F2 76 FC E3 6E E8 93 DF DD 89 BF BD | T:1259878 RPD:1
[CH: 50] LEN: 12 | HEX: FA 76 EE E2 6F E8 93 BB 01 6C AE E5 | T:1259908 RPD:1
[CH: 50] LEN: 12 | HEX: FE 76 EE E1 6C F4 93 FD 74 62 AF FF | T:1259938 RPD:1
[CH: 50] LEN: 12 | HEX: EA 76 EF E0 6D F8 93 BF A8 87 AB EF | T:1259968 RPD:1
[CH: 50] LEN: 12 | HEX: F6 76 FD DE 52 E8 93 B7 39 97 7D 7E | T:1259998 RPD:1
[CH: 50] LEN: 12 | HEX: FA 76 FE F6 73 FA 93 B7 DA 88 BF BD | T:1260028 RPD:1
[CH: 50] LEN: 12 | HEX: FA 76 FC FD 70 E8 93 FB AF 46 BF FF | T:1260031 RPD:1
[CH: 50] LEN: 12 | HEX: EA 7E EE F7 76 E8 93 FF 45 9A AF EF | T:1260065 RPD:1
[CH: 50] LEN: 12 | HEX: FA 76 FD EA 77 A8 93 BF 99 77 AB FF | T:1260069 RPD:1
[CH: 50] LEN: 12 | HEX: EA 76 F5 F1 74 F8 93 F5 EC 71 BF BD | T:1260073 RPD:1
[CH: 50] LEN: 12 | HEX: EA 76 ED E8 75 F8 93 FB 30 94 AB 6F | T:1260085 RPD:1
[CH: 50] LEN: 12 | HEX: FA 76 EE EF 7E F8 93 FF 81 83 BD BF | T:1260085 RPD:0
[CH: 50] LEN: 12 | HEX: FA 7E EE F6 77 F4 93 FB 5D 66 BF BB | T:1260096 RPD:0
[CH: 50] LEN: 12 | HEX: F2 7E FE ED 70 F0 93 BD 28 68 AA DE | T:1260115 RPD:1
[CH: 50] LEN: 12 | HEX: EA 76 FF EC 79 F0 93 FB F4 8D BB BF | T:1260145 RPD:1
[CH: 50] LEN: 12 | HEX: F2 76 FE EA 7F B8 93 FF 1C 91 BF AC | T:1260205 RPD:1
[CH: 50] LEN: 12 | HEX: F2 76 EE E9 74 E8 93 F5 6B 9F 2F 7D | T:1260235 RPD:1
[CH: 50] LEN: 12 | HEX: EA 77 F6 E8 7D D8 93 F7 B7 76 AF 7F | T:1260265 RPD:1
[CH: 50] LEN: 12 | HEX: EA 76 FA EF E2 F0 93 F7 19 90 AF FF | T:1260295 RPD:1
[CH: 50] LEN: 12 | HEX: F6 76 EE EE 6B F4 93 F5 D5 75 BF FF | T:1260325 RPD:1
[CH: 50] LEN: 12 | HEX: EA 76 FC ED 60 E8 93 FB B0 73 BF FF | T:1260355 RPD:1
[CH: 50] LEN: 12 | HEX: F2 76 FC EC 61 F8 93 F7 6C 9C BF ED | T:1260385 RPD:1
[CH: 50] LEN: 12 | HEX: EA 76 FE EB 66 F8 93 FB 5A 67 3E F7 | T:1260415 RPD:1
[CH: 50] LEN: 12 | HEX: FA 76 F6 EA 67 F4 93 DD 86 82 AE BD | T:1260445 RPD:1
[CH: 50] LEN: 12 | HEX: F6 76 FA E9 64 F4 93 F5 E3 8C AF 6E | T:1260475 RPD:1
[CH: 50] LEN: 12 | HEX: FA 76 EE E8 65 D8 93 F5 2E 69 BF FF | T:1260504 RPD:1
[CH: 50] LEN: 12 | HEX: F2 76 FE E7 6A E8 93 AA 9A 76 AF 5B | T:1260534 RPD:1
[CH: 50] LEN: 12 | HEX: FA 76 F6 E6 6B F4 93 DF 42 9B AB AA | T:1260564 RPD:1
[CH: 50] LEN: 12 | HEX: F6 76 FE E4 69 F8 93 DF EB 70 AE BD | T:1260624 RPD:1
[CH: 50] LEN: 12 | HEX: FA 76 EE E3 6E F4 93 DD DD 89 BF FD | T:1260654 RPD:1
[CH: 50] LEN: 12 | HEX: F6 76 EF E2 6F 68 93 DB 01 6C AF AB | T:1260684 RPD:1
[CH: 50] LEN: 12 | HEX: F6 76 FC E1 6C F4 93 FB 74 62 BF FF | T:1260714 RPD:1
[CH: 50] LEN: 12 | HEX: EA 76 FE E0 6D F8 93 FD A8 87 6F DF | T:1260744 RPD:1
[CH: 50] LEN: 12 | HEX: FA 76 F6 DD 52 F0 93 FD 39 97 AF F7 | T:1260774 RPD:1
[CH: 50] LEN: 12 | HEX: FA 76 FE FE 73 F8 93 F5 DA 88 BE FE | T:1260804 RPD:1
[CH: 50] LEN: 12 | HEX: FA 76 FF FD 70 F8 93 FA AF 46 AB FF | T:1260808 RPD:1
[CH: 50] LEN: 12 | HEX: FE 76 F6 FC 71 D0 93 F5 73 63 BD EA | T:1260812 RPD:1
[CH: 50] LEN: 12 | HEX: FA 76 F6 F3 76 F8 93 FB 45 9A BF BF | T:1260823 RPD:1
[CH: 50] LEN: 12 | HEX: F2 76 F6 F6 77 68 93 F5 99 77 BD 3F | T:1260823 RPD:1
[CH: 50] LEN: 12 | HEX: F6 7E FC F5 74 F8 93 AF EC 71 AF FE | T:1260835 RPD:1
[CH: 50] LEN: 12 | HEX: F2 76 F4 E7 76 F4 93 FD 81 83 BF CD | T:1260835 RPD:0
[CH: 50] LEN: 12 | HEX: EA 76 FD FE 7F B8 93 BB 5D 66 AF FF | T:1260846 RPD:0
[CH: 50] LEN: 12 | HEX: FA 76 EE F5 78 F0 93 FA 28 68 AD F7 | T:1260864 RPD:1
[CH: 50] LEN: 12 | HEX: FA 76 FC E4 71 E8 93 FD F4 8D BF EB | T:1260894 RPD:1
[CH: 50] LEN: 12 | HEX: F6 76 FD F3 7A F8 93 FD C2 74 AF FF | T:1260924 RPD:1
[CH: 50] LEN: 12 | HEX: F6 76 FC F2 7F 78 93 FB 1E 91 BF FF | T:1260954 RPD:1
[CH: 50] LEN: 12 | HEX: FE 76 FE F1 7C F4 93 BF 6B 9D AE AA | T:1260984 RPD:1
[CH: 50] LEN: 12 | HEX: EA 76 F6 E8 75 D8 93 FB B7 7A AF FF | T:1261014 RPD:1
[CH: 50] LEN: 12 | HEX: F6 76 FD EF 62 FC 93 F5 19 90 BF FE | T:1261044 RPD:1
[CH: 50] LEN: 12 | HEX: F6 76 FD EE 63 B4 93 F7 C5 75 BF 7E | T:1261074 RPD:1
[CH: 50] LEN: 12 | HEX: EA 76 ED ED 60 F8 93 DB B0 77 BA FF | T:1261104 RPD:1
[CH: 50] LEN: 12 | HEX: F6 76 EE EC 61 D8 93 FB 6C 9D AD DF | T:1261134 RPD:1
[CH: 50] LEN: 12 | HEX: F6 76 FE EB 66 F8 93 BD 5A 67 AD BD | T:1261164 RPD:1
[CH: 50] LEN: 12 | HEX: F6 76 F6 EA 67 E8 93 F7 86 82 AF 6F | T:1261194 RPD:1
[CH: 50] LEN: 12 | HEX: EA 76 FE E9 64 F8 93 FF EB 8C BB FA | T:1261224 RPD:1
[CH: 50] LEN: 12 | HEX: F6 76 F6 E8 65 F8 93 FA 2F 69 AF DE | T:1261254 RPD:1
[CH: 50] LEN: 12 | HEX: F6 76 F6 E7 6A F8 93 FF 9E 7E AE FF | T:1261284 RPD:1
[CH: 50] LEN: 12 | HEX: F2 76 F6 E6 6B D8 93 FB 42 9B BE FF | T:1261314 RPD:1
[CH: 50] LEN: 12 | HEX: FA 76 F6 E5 68 E8 93 DB 37 B5 AF DD | T:1261344 RPD:1
[CH: 50] LEN: 12 | HEX: FE 76 F6 E4 69 F8 93 BB DB 70 AF FF | T:1261374 RPD:1
[CH: 50] LEN: 12 | HEX: FA 76 F6 E2 6F 70 93 FD 01 6C B5 6F | T:1261434 RPD:1
[CH: 50] LEN: 12 | HEX: EA 76 FE E1 6C F4 93 B7 74 62 BB DF | T:1261464 RPD:1
[CH: 50] LEN: 12 | HEX: F2 7E F6 DE D2 F4 93 BD 39 97 7F FF | T:1261524 RPD:1
[CH: 50] LEN: 12 | HEX: FA 76 FE FF 7B B4 93 BF BA 88 BF F7 | T:1261554 RPD:1
[CH: 50] LEN: 12 | HEX: EA 76 FD ED 70 F4 93 BB AE 86 BF FF | T:1261558 RPD:1
[CH: 50] LEN: 12 | HEX: FA 76 FD F4 71 D8 93 BD 7B 63 AF FE | T:1261562 RPD:1
[CH: 50] LEN: 12 | HEX: EA 76 ED EB 76 F8 93 BF 45 9A AF 7B | T:1261573 RPD:1
[CH: 50] LEN: 12 | HEX: FA 76 FF EA 77 68 93 AF 99 7F AF 74 | T:1261573 RPD:1
[CH: 50] LEN: 12 | HEX: FE 76 EE E9 74 E8 93 FB EC 71 BE FB | T:1261584 RPD:1
[CH: 50] LEN: 12 | HEX: FA 7E FF F8 75 D8 93 FB 30 94 AA FF | T:1261585 RPD:0
[CH: 50] LEN: 12 | HEX: FA 76 FD EF 7E F4 93 FB 81 83 BF BF | T:1261596 RPD:1
[CH: 50] LEN: 12 | HEX: FA 7E F7 EE 7B FC 93 FB 5D 66 AA 6B | T:1261607 RPD:1
[CH: 50] LEN: 12 | HEX: FA 76 ED F5 74 F0 93 FB 28 68 BD FF | T:1261616 RPD:1
[CH: 50] LEN: 12 | HEX: EA 76 F5 E4 75 F8 93 F7 D4 8D BF FF | T:1261646 RPD:1
[CH: 50] LEN: 12 | HEX: F6 76 EE F3 76 F8 93 F7 C2 7C A7 FF | T:1261676 RPD:1
[CH: 50] LEN: 12 | HEX: F2 76 FD FA 7F 78 93 FB 1E 91 BF FB | T:1261706 RPD:1
[CH: 50] LEN: 12 | HEX: FA 76 FD E8 7D F8 93 BF B7 7E AB F7 | T:1261766 RPD:1
[CH: 50] LEN: 12 | HEX: F6 76 EE EF 62 F8 93 FB 19 90 AF 6F | T:1261796 RPD:1
[CH: 50] LEN: 12 | HEX: FA 76 FE EE 63 B4 93 DB E5 75 BF FF | T:1261826 RPD:1
[CH: 50] LEN: 12 | HEX: EA 76 FF ED 60 F8 93 FB B0 7B AF FF | T:1261856 RPD:1
[CH: 50] LEN: 12 | HEX: EA 76 EE EC 61 D8 93 BD 6C 9A AE FA | T:1261886 RPD:1
[CH: 50] LEN: 12 | HEX: F6 76 FF EA 67 F8 93 B7 86 82 AD FD | T:1261946 RPD:1
[CH: 50] LEN: 12 | HEX: EA 76 EE E9 64 F8 93 B5 EB 8C BF FD | T:1261976 RPD:1
[CH: 50] LEN: 12 | HEX: FA 76 FD E8 65 E8 93 BF 2F 69 AF FF | T:1262006 RPD:1
[CH: 50] LEN: 12 | HEX: EA 76 ED E7 6A F8 93 F7 9D 76 AF DD | T:1262036 RPD:1
[CH: 50] LEN: 12 | HEX: FA 76 F6 E6 6B D8 93 FB 42 9B AF F6 | T:1262066 RPD:1
[CH: 50] LEN: 12 | HEX: FE 76 FE E5 68 F0 93 FD 37 95 BE DF | T:1262096 RPD:1
[CH: 50] LEN: 12 | HEX: F6 76 F6 E4 69 E8 93 FF EB 70 AF DD | T:1262126 RPD:1
[CH: 50] LEN: 12 | HEX: FA 76 FD E3 6E F8 93 F7 DD 89 BF FE | T:1262156 RPD:1
[CH: 50] LEN: 12 | HEX: F6 76 FD E2 6F E8 93 DD 01 6C BF DB | T:1262186 RPD:1
[CH: 50] LEN: 12 | HEX: F6 76 EE E1 6C E8 93 FB 74 62 BF F7 | T:1262216 RPD:1
[CH: 50] LEN: 12 | HEX: FA 76 EE E0 6D F8 93 DD A8 87 6F FF | T:1262246 RPD:1
[CH: 50] LEN: 12 | HEX: FA 76 F6 DF 52 F4 93 DF 39 97 3E FF | T:1262275 RPD:1
[CH: 50] LEN: 12 | HEX: FA 76 FE F5 70 F4 93 B7 AF 86 BF DF | T:1262309 RPD:1
[CH: 50] LEN: 12 | HEX: EA 66 EE FC 71 D8 93 FB 73 63 BF 7F | T:1262313 RPD:1
[CH: 50] LEN: 12 | HEX: F2 76 ED F7 76 E8 93 DB 45 9A AF FF | T:1262317 RPD:1
[CH: 50] LEN: 12 | HEX: EA 76 FA F6 77 E8 93 F7 99 7F 7F FD | T:1262328 RPD:1
[CH: 50] LEN: 12 | HEX: EA 76 EA E9 74 E8 93 DF FC 71 BF F5 | T:1262329 RPD:0
[CH: 50] LEN: 12 | HEX: FA 76 FF F4 75 D8 93 DF 30 94 BF FE | T:1262340 RPD:1
[CH: 50] LEN: 12 | HEX: F2 76 EE F7 72 F4 93 B5 81 83 BF FF | T:1262340 RPD:0
[CH: 50] LEN: 12 | HEX: FE 76 F6 E6 73 BC 93 BB 5D 66 BE FF | T:1262352 RPD:0
[CH: 50] LEN: 12 | HEX: EA 76 F6 ED 70 F4 93 FD 28 68 BF BD | T:1262365 RPD:1
[CH: 50] LEN: 12 | HEX: FA 76 EC FC 75 E8 93 BA F4 8D AE FF | T:1262395 RPD:1
[CH: 50] LEN: 12 | HEX: F6 75 DE 00 8F E8 93 BF 67 2B BD EF | T:1262589 RPD:1
[CH: 50] LEN: 12 | HEX: EA 75 FF 00 8F D8 93 F5 67 2B BB DF | T:1265537 RPD:1
[CH: 50] LEN: 12 | HEX: FA 75 DE 00 8F 68 93 BD 67 AB BB FF | T:1265537 RPD:1
[CH: 50] LEN: 12 | HEX: FA 74 F6 FD 73 D8 93 FB 11 19 AB 97 | T:1266629 RPD:1
[CH: 50] LEN: 12 | HEX: F6 74 FE FB 73 F4 93 FD 11 19 AB 7B | T:1266630 RPD:1
[CH: 50] LEN: 12 | HEX: FA 6F 5F 00 95 F8 93 DB D0 12 AF F7 | T:1266641 RPD:1
[CH: 50] LEN: 12 | HEX: FA 6F EF 00 95 F8 93 FA D0 12 B5 58 | T:1266641 RPD:1
[CH: 50] LEN: 12 | HEX: F6 74 FF 7F 73 B8 93 BF 11 19 BF F5 | T:1269577 RPD:1
[CH: 50] LEN: 12 | HEX: FE 74 F7 FD 73 D8 93 DB 11 19 BF ED | T:1269578 RPD:1
[CH: 50] LEN: 12 | HEX: EA 6D FF 00 95 F8 93 BF D0 12 B7 FF | T:1269589 RPD:1
[CH: 50] LEN: 12 | HEX: FA 6F EB 00 95 F8 93 FA D0 12 BF 7D | T:1269590 RPD:1
[CH: 50] LEN: 12 | HEX: EA 74 FE F5 73 F4 93 F7 11 19 AB FF | T:1272526 RPD:1
[CH: 50] LEN: 12 | HEX: FA 74 FF DD 73 B8 93 FF 11 19 AE BF | T:1272526 RPD:1
[CH: 50] LEN: 12 | HEX: EA 6E FE 80 95 D8 93 F7 B0 12 BB FF | T:1272538 RPD:1
[CH: 50] LEN: 12 | HEX: EA 6E FF 80 95 E8 93 FF F0 12 BB FD | T:1272538 RPD:1
[CH: 50] LEN: 12 | HEX: EA 76 ED 00 8C E8 93 BF 24 75 BF FF | T:1273010 RPD:1
[CH: 50] LEN: 12 | HEX: FA 7E FD FD 73 F4 93 F7 FA 88 BF F7 | T:1273040 RPD:1
[CH: 50] LEN: 12 | HEX: FE 76 EE FD 70 F8 93 FB AF 86 AD FB | T:1273043 RPD:1
[CH: 50] LEN: 12 | HEX: FA 76 D6 FC 79 F8 93 FF 73 63 7F B5 | T:1273047 RPD:1
[CH: 50] LEN: 12 | HEX: EA 76 F6 FB 76 E8 93 F7 45 9A AF FF | T:1273059 RPD:1
[CH: 50] LEN: 12 | HEX: EA 76 F4 EA 6F F8 93 FB 99 7E BB A5 | T:1273059 RPD:0
[CH: 50] LEN: 12 | HEX: EA 76 EE F1 74 E8 93 F5 CC 71 BF B7 | T:1273070 RPD:1
[CH: 50] LEN: 12 | HEX: EA 76 ED EF 76 E8 93 F7 81 83 AF FF | T:1273071 RPD:1
[CH: 50] LEN: 12 | HEX: EA 7E DD EE 73 B4 93 B7 5D 66 AF 77 | T:1273082 RPD:1
[CH: 50] LEN: 12 | HEX: FA 76 ED ED 74 E8 93 FF 28 68 AD 7E | T:1273101 RPD:1
[CH: 50] LEN: 12 | HEX: EA 76 F6 EC 79 E8 93 FB FC 8D BF FE | T:1273131 RPD:1
[CH: 50] LEN: 12 | HEX: EA 76 EF F2 7E B8 93 BF 1D 91 BD BE | T:1273191 RPD:1
[CH: 50] LEN: 12 | HEX: DA 76 F6 E9 74 F8 93 BF 6B 9D EF F5 | T:1273221 RPD:1
[CH: 50] LEN: 12 | HEX: F2 76 DE E8 7D F4 93 FB B7 76 AF EF | T:1273251 RPD:1
[CH: 50] LEN: 12 | HEX: FA 76 FD EF E2 E8 93 F5 19 90 AF AF | T:1273281 RPD:1
[CH: 50] LEN: 12 | HEX: FA 76 FD FE E3 D8 93 F7 C5 75 AB F6 | T:1273311 RPD:1
[CH: 50] LEN: 12 | HEX: FA 76 ED ED 60 E8 93 BB B0 77 AF EF | T:1273341 RPD:1
[CH: 50] LEN: 12 | HEX: FA 76 FD FC 61 F8 93 B7 6C 9C BE FF | T:1273371 RPD:1
[CH: 50] LEN: 12 | HEX: EA 76 ED EB 66 E8 93 FB 5A 67 BF FF | T:1273401 RPD:1
[CH: 50] LEN: 12 | HEX: FA 76 FD EA 67 F0 93 BF 86 82 AF BF | T:1273431 RPD:1
[CH: 50] LEN: 12 | HEX: FA 76 FD E9 64 F8 93 DF E3 8C BF F7 | T:1273461 RPD:1
[CH: 50] LEN: 12 | HEX: EA 76 EE E8 65 D8 93 B7 2E E9 AF FF | T:1273491 RPD:1
[CH: 50] LEN: 12 | HEX: EA 76 FF E6 6B FC 93 DF 42 9B AF FF | T:1273550 RPD:1
[CH: 50] LEN: 12 | HEX: F6 76 FF F5 68 F0 93 F7 37 55 AD FF | T:1273580 RPD:1
[CH: 50] LEN: 12 | HEX: EA 76 FE E4 69 D8 93 FB EB 70 BF FF | T:1273610 RPD:1
[CH: 50] LEN: 12 | HEX: FE 76 FC E3 6E E8 93 FB DD 89 BF F7 | T:1273640 RPD:1
[CH: 50] LEN: 12 | HEX: FA 76 FE E2 6F 78 93 DD 01 6C BF D4 | T:1273670 RPD:1
[CH: 50] LEN: 12 | HEX: EA 76 FD E1 6D F4 93 FB 74 62 BF FB | T:1273700 RPD:1
[CH: 50] LEN: 12 | HEX: EA 7E FE E0 6D F8 93 DF A8 87 FF EF | T:1273730 RPD:1
[CH: 50] LEN: 12 | HEX: FA 76 EE DD 52 E8 93 B7 39 97 7F BF | T:1273760 RPD:1
[CH: 50] LEN: 12 | HEX: FA 76 ED EE 73 B0 93 7B DA 88 AF FF | T:1273790 RPD:1
[CH: 50] LEN: 12 | HEX: EA 7E F6 FD 70 E8 93 DA AE 86 BF FF | T:1273794 RPD:1
[CH: 50] LEN: 12 | HEX: EA 7E EF F4 71 E8 93 BF 73 63 AF FE | T:1273798 RPD:1
[CH: 50] LEN: 12 | HEX: EA 76 ED EB 76 F8 93 DF 45 9A BD FF | T:1273809 RPD:1
[CH: 50] LEN: 12 | HEX: FA 76 EE FA 77 B4 93 B5 99 77 BF CD | T:1273810 RPD:1
[CH: 50] LEN: 12 | HEX: EA 76 F6 F4 75 D8 93 F7 30 94 BF BF | T:1273821 RPD:1
[CH: 50] LEN: 12 | HEX: F2 76 EE E7 7A F0 93 BF 81 83 AF EA | T:1273821 RPD:0
[CH: 50] LEN: 12 | HEX: F2 76 F6 FE 77 F8 93 DF 5D 66 AB FB | T:1273832 RPD:0
[CH: 50] LEN: 12 | HEX: F6 76 F5 FD 78 F4 93 BB 28 68 BF AF | T:1273849 RPD:1
[CH: 50] LEN: 12 | HEX: F6 76 F6 FC 75 D8 93 FF F4 8D AE FF | T:1273879 RPD:1
[CH: 50] LEN: 12 | HEX: EE 76 FF F3 7E F8 93 FD C2 74 B7 FF | T:1273909 RPD:1
[CH: 50] LEN: 12 | HEX: F6 76 FD F2 7B B8 93 FA 1D 91 AD F7 | T:1273939 RPD:1
[CH: 50] LEN: 12 | HEX: EE 76 EE E9 74 E8 93 BF 6B 9F BF FF | T:1273969 RPD:1
[CH: 50] LEN: 12 | HEX: EA 77 FE E8 7B E8 93 AD B7 76 BF FB | T:1273999 RPD:1
[CH: 50] LEN: 12 | HEX: FA 76 FE EF E2 F4 93 FB 19 90 AB B7 | T:1274029 RPD:1
[CH: 50] LEN: 12 | HEX: EA 76 FA EE 63 F4 93 DB C5 75 B7 FE | T:1274059 RPD:1
[CH: 50] LEN: 12 | HEX: F6 7E ED EC 61 F8 93 FB 6C 9E AF 77 | T:1274119 RPD:1
[CH: 50] LEN: 12 | HEX: EA 76 FF EB 66 F8 93 F7 5A 67 2B BF | T:1274149 RPD:1
[CH: 50] LEN: 12 | HEX: D2 76 EE E9 64 F4 93 F5 F3 8C AB DE | T:1274209 RPD:1
[CH: 50] LEN: 12 | HEX: FA 76 EE E8 65 D8 93 FD 2E E9 AF 7F | T:1274239 RPD:1
[CH: 50] LEN: 12 | HEX: FE 76 FE E6 6B F8 93 BD 42 9B AD FF | T:1274299 RPD:1
[CH: 50] LEN: 12 | HEX: EA 76 F6 E5 68 F4 93 FB 37 95 AF 7F | T:1274329 RPD:1
[CH: 50] LEN: 12 | HEX: FA 76 F6 E4 69 F8 93 BF EB 70 AF 2F | T:1274359 RPD:1
[CH: 50] LEN: 12 | HEX: EA 76 EE E3 6E E8 93 FB DD 89 FE F6 | T:1274389 RPD:1
[CH: 50] LEN: 12 | HEX: FA 76 FC E2 6F 78 93 FB 01 6C BF FE | T:1274419 RPD:1
[CH: 50] LEN: 12 | HEX: EA 76 EF E1 6C F4 93 DF 74 62 AD FD | T:1274449 RPD:1
[CH: 50] LEN: 12 | HEX: FA 76 F6 E0 6D F4 93 BB A8 87 AF FF | T:1274479 RPD:1
[CH: 50] LEN: 12 | HEX: F6 76 F6 DF 52 E8 93 DF 39 97 6E EB | T:1274509 RPD:1
[CH: 50] LEN: 12 | HEX: EA 76 EC FE 73 F8 93 FD DA 88 BF BF | T:1274539 RPD:1
[CH: 50] LEN: 12 | HEX: F6 76 F6 F9 70 F4 93 FD AF 86 AE BF | T:1274543 RPD:1
[CH: 50] LEN: 12 | HEX: EA 76 F6 EC 71 F8 93 F5 73 63 BF DB | T:1274547 RPD:1
[CH: 50] LEN: 12 | HEX: F6 76 F6 FB 76 F4 93 DA 45 9A AF FF | T:1274558 RPD:1
[CH: 50] LEN: 12 | HEX: F6 76 FE FE 77 F4 93 DD 99 7F 6D DF | T:1274558 RPD:1
[CH: 50] LEN: 12 | HEX: F2 76 FE F9 74 E8 93 BF EC 71 BE FF | T:1274569 RPD:1
[CH: 50] LEN: 12 | HEX: F6 76 FD F0 75 F8 93 FB 30 94 BF 7E | T:1274570 RPD:0
[CH: 50] LEN: 12 | HEX: F2 76 F6 F7 76 F4 93 DF 81 83 BB FF | T:1274581 RPD:0
[CH: 50] LEN: 12 | HEX: F6 76 F6 F5 7C F4 93 FB 28 68 AF FB | T:1274600 RPD:1
[CH: 50] LEN: 12 | HEX: F2 66 EE F4 79 F8 93 BF EC 8D AF FF | T:1274630 RPD:1
[CH: 50] LEN: 12 | HEX: FA 76 ED F3 7A F4 93 FB C2 74 AF FF | T:1274660 RPD:1
[CH: 50] LEN: 12 | HEX: EA 76 EF F1 7C F4 93 DF 6B 9E AF 77 | T:1274720 RPD:1
[CH: 50] LEN: 12 | HEX: EA 76 FF F8 7B F0 93 DB B7 7A AB EF | T:1274750 RPD:1
[CH: 50] LEN: 12 | HEX: EA 76 F6 EF 62 E8 93 BB 19 90 BF FF | T:1274780 RPD:1
[CH: 50] LEN: 12 | HEX: FA 76 FE EE 63 DC 93 FB C5 75 AE BD | T:1274810 RPD:1
[CH: 50] LEN: 12 | HEX: FA 7E EE ED 60 E8 93 FB B0 77 BF FF | T:1274840 RPD:1
[CH: 50] LEN: 12 | HEX: EA 76 FE EC 61 F8 93 FD 6C 9E BF ED | T:1274870 RPD:1
[CH: 50] LEN: 12 | HEX: F6 76 F6 EB 66 F4 93 BB 5A 67 AF FB | T:1274900 RPD:1
[CH: 50] LEN: 12 | HEX: EA 76 FD EA 67 F4 93 FA 86 82 AF FF | T:1274930 RPD:1
[CH: 50] LEN: 12 | HEX: F2 76 ED E9 64 E8 93 FF EB 8C AF 77 | T:1274960 RPD:1
[CH: 50] LEN: 12 | HEX: F6 76 EF E8 65 D8 93 FD 2E E9 AE FF | T:1274990 RPD:1
[CH: 50] LEN: 12 | HEX: F6 76 EE E7 6A E8 93 DB 9D 76 BB EF | T:1275020 RPD:1
[CH: 50] LEN: 12 | HEX: F6 76 FE E6 6B F4 93 AF 42 9B AF 56 | T:1275050 RPD:1
[CH: 50] LEN: 12 | HEX: EA 76 EE E4 69 F8 93 BF DB 70 BE F5 | T:1275110 RPD:1
[CH: 50] LEN: 12 | HEX: EA 75 FD 00 8F D0 93 F5 67 2B BF FD | T:1275325 RPD:1
[CH: 50] LEN: 12 | HEX: F6 75 FD 00 8F E8 93 FB 67 2B AE FF | T:1275326 RPD:1
[CH: 50] LEN: 12 | HEX: F6 75 FF 00 8F 78 93 BB 67 2B BF F7 | T:1278273 RPD:1
[CH: 50] LEN: 12 | HEX: EA 75 FD 00 8F 70 93 BD 67 2B BD 3A | T:1278274 RPD:1
[CH: 50] LEN: 12 | HEX: F6 74 EE FC 76 F4 93 FA 8E 0B BF FF | T:1279666 RPD:1
[CH: 50] LEN: 12 | HEX: F6 6F 77 00 95 E8 93 DD D0 12 AF 57 | T:1279669 RPD:1
[CH: 50] LEN: 12 | HEX: EA 6E F7 00 95 E8 93 F5 D0 12 AF FF | T:1279670 RPD:1
[CH: 50] LEN: 12 | HEX: FA 74 F7 FC 76 F4 93 FF 8E 0B BA D7 | T:1282614 RPD:1
[CH: 50] LEN: 12 | HEX: FA 6F 7F 00 95 F4 93 FB D0 12 BE FF | T:1282617 RPD:1
[CH: 50] LEN: 12 | HEX: EA 74 F6 F8 76 F8 93 BB 8E 0B BF DF | T:1285562 RPD:1
[CH: 50] LEN: 12 | HEX: F6 74 EF F8 76 E8 93 F7 8E 0B BF D6 | T:1285563 RPD:1
[CH: 50] LEN: 12 | HEX: F6 6F EF 00 95 F8 93 FF D0 12 BD FD | T:1285574 RPD:1
[CH: 50] LEN: 12 | HEX: F6 6F 77 00 95 F8 93 DF D0 12 BF BF | T:1285574 RPD:1
[CH: 50] LEN: 12 | HEX: FA 76 ED 00 8C E8 93 D7 24 7D BD FF | T:1286766 RPD:1
[CH: 50] LEN: 12 | HEX: FA 7E FD FE 7B D8 93 BF FA 88 BF DF | T:1286796 RPD:1
[CH: 50] LEN: 12 | HEX: FA 76 ED FE 75 D8 93 FB 73 63 FD FF | T:1286802 RPD:1
[CH: 50] LEN: 12 | HEX: FA 7E FD F5 74 E8 93 DF DC 71 BF C3 | T:1286814 RPD:1
[CH: 50] LEN: 12 | HEX: EA 76 FE F8 75 D4 93 FF 30 94 AB DF | T:1286818 RPD:1
[CH: 50] LEN: 12 | HEX: F2 7E FE F5 78 F8 93 BF 28 68 BB FF | T:1286883 RPD:1
[CH: 50] LEN: 12 | HEX: FA 7E EE EA 7F E8 93 BF 1A 91 AA 9A | T:1286973 RPD:1
[CH: 50] LEN: 12 | HEX: EA 76 EE E9 74 F8 93 BF EB 9F 6F FD | T:1287003 RPD:1
[CH: 50] LEN: 12 | HEX: EA 76 EE EF 62 F8 93 B7 19 90 BF BF | T:1287063 RPD:1
[CH: 50] LEN: 12 | HEX: EA 7E FE FE 63 F4 93 F7 A5 7D BF D6 | T:1287093 RPD:1
[CH: 50] LEN: 12 | HEX: F2 7E EE FC 61 F8 93 B7 7C 9D BF F7 | T:1287153 RPD:1
[CH: 50] LEN: 12 | HEX: F2 7E FC F8 65 D8 93 BF 2E 69 BB FF | T:1287273 RPD:1
[CH: 50] LEN: 12 | HEX: EA 7E F6 E7 6A F0 93 FF DE 76 B7 FF | T:1287303 RPD:1
[CH: 50] LEN: 12 | HEX: EA 7E DE E6 6B B4 93 BB 42 9B FF FC | T:1287333 RPD:1
[CH: 50] LEN: 12 | HEX: FA 7E FD E4 69 F8 93 F7 EB 70 BF DF | T:1287392 RPD:1
[CH: 50] LEN: 12 | HEX: F6 76 FF F1 6C F8 93 B7 74 62 BF 7F | T:1287482 RPD:1
[CH: 50] LEN: 12 | HEX: EA 76 F7 E0 6D F4 93 B7 A8 87 3F FF | T:1287512 RPD:1
[CH: 50] LEN: 12 | HEX: EA 76 FD DD 52 F8 93 BB 39 97 6F F5 | T:1287542 RPD:1
[CH: 50] LEN: 12 | HEX: F2 76 F6 FD 70 F8 93 DB AF 86 AB 55 | T:1287576 RPD:1
[CH: 50] LEN: 12 | HEX: EA 76 EE EB 66 E8 93 B7 45 9A BB DF | T:1287583 RPD:1
[CH: 50] LEN: 12 | HEX: F6 7E FD FA 76 FC 93 FB D9 7F 3F FD | T:1287586 RPD:1
[CH: 50] LEN: 12 | HEX: F2 76 F4 F0 7D D8 93 FF 30 94 BF BB | T:1287593 RPD:1
[CH: 50] LEN: 12 | HEX: F2 76 EE F7 7A F8 93 B5 81 83 BB FF | T:1287597 RPD:1
[CH: 50] LEN: 12 | HEX: EA 76 FD EE 77 F4 93 BF 5B 66 BF FF | T:1287608 RPD:1
[CH: 50] LEN: 12 | HEX: F2 76 FE ED 7C E8 93 FF 28 68 A5 7F | T:1287630 RPD:1
[CH: 50] LEN: 12 | HEX: EA 7E F6 F4 75 F8 93 B5 F4 8D BB F5 | T:1287660 RPD:1
[CH: 50] LEN: 12 | HEX: FA 76 FC EB 76 E8 93 5F A2 7C BF 3F | T:1287690 RPD:1
[CH: 50] LEN: 12 | HEX: FA 6E FD E2 7E F8 93 FF 1D 91 BE FE | T:1287720 RPD:1
[CH: 50] LEN: 12 | HEX: F6 76 EE E1 7A F4 93 DD 6B 9F BF F7 | T:1287750 RPD:1
[CH: 50] LEN: 12 | HEX: F6 76 F6 F8 75 E8 93 BB B7 7A BA BD | T:1287780 RPD:1
[CH: 50] LEN: 12 | HEX: EE 76 EF EE 62 F8 93 F7 19 90 BF FF | T:1287810 RPD:1
[CH: 50] LEN: 12 | HEX: F6 76 FA ED 60 F8 93 DB B0 73 BF FF | T:1287870 RPD:1
[CH: 50] LEN: 12 | HEX: FA 76 F5 EC 61 E8 93 BD 6C 9D BF FD | T:1287900 RPD:1
[CH: 50] LEN: 12 | HEX: F6 76 FA EA 67 70 93 FB 86 82 BD FF | T:1287960 RPD:1
[CH: 50] LEN: 12 | HEX: FA 76 FE E9 64 F4 93 DF FB 8C BF 7F | T:1287990 RPD:1
[CH: 50] LEN: 12 | HEX: FA 76 FD E8 65 D8 93 BF 2F 69 BF FF | T:1288020 RPD:1
[CH: 50] LEN: 12 | HEX: F6 76 EA E6 6B D4 93 FB 42 9B BF FE | T:1288080 RPD:1
[CH: 50] LEN: 12 | HEX: FA 76 FE E5 68 F8 93 DB 37 D5 AF DF | T:1288110 RPD:1
[CH: 50] LEN: 12 | HEX: FA 76 FE E4 69 F8 93 DF EB 70 BF DF | T:1288140 RPD:1
[CH: 50] LEN: 12 | HEX: EA 76 EF E2 6F E8 93 BF 01 6C BE BE | T:1288200 RPD:1
[CH: 50] LEN: 12 | HEX: F6 76 FE E1 6C F8 93 DB 74 62 AF FF | T:1288230 RPD:1
[CH: 50] LEN: 12 | HEX: FA 76 FE E0 6D E8 93 D7 A8 87 7F 7D | T:1288260 RPD:1
[CH: 50] LEN: 12 | HEX: F6 76 F6 DD 52 F4 93 DB 39 97 BD 5D | T:1288290 RPD:1
[CH: 50] LEN: 12 | HEX: F6 76 F6 EE 73 D8 93 F7 DA 88 BF FD | T:1288320 RPD:1
[CH: 50] LEN: 12 | HEX: EA 6E ED F5 70 F4 93 BA AF 86 BF FD | T:1288324 RPD:1
[CH: 50] LEN: 12 | HEX: FA 76 FE F4 71 F8 93 DF 73 63 BF DF | T:1288328 RPD:1
[CH: 50] LEN: 12 | HEX: FA 76 EE EA 77 F0 93 FD 99 7B 3F FE | T:1288339 RPD:1
[CH: 50] LEN: 12 | HEX: F6 76 FC FD 74 E8 93 EF FC 71 BF FF | T:1288339 RPD:1
[CH: 50] LEN: 12 | HEX: FA 76 ED F4 75 E8 93 DF 30 94 BD FF | T:1288351 RPD:1
[CH: 50] LEN: 12 | HEX: F6 76 F4 FF 76 F8 93 FB 81 83 BF 7F | T:1288351 RPD:1
[CH: 50] LEN: 12 | HEX: FA 76 FA FD 78 FC 93 DE 28 68 BF BF | T:1288377 RPD:1
[CH: 50] LEN: 12 | HEX: EA 76 FF EC 71 F8 93 FA FC 8D BF FE | T:1288407 RPD:1
[CH: 50] LEN: 12 | HEX: F6 76 EF EB 7E F8 93 BB C2 74 BB FE | T:1288437 RPD:1
[CH: 50] LEN: 12 | HEX: FA 76 F6 F2 77 78 93 DB 1D 91 AB FF | T:1288467 RPD:1
[CH: 50] LEN: 12 | HEX: FA 7E ED F1 7A FC 93 FF 6B 9F BF FD | T:1288497 RPD:1
[CH: 50] LEN: 12 | HEX: F6 76 FE F8 7F F8 93 DF B7 7A BE DA | T:1288527 RPD:1
[CH: 50] LEN: 12 | HEX: EA 76 EA EE E2 E8 93 DD 19 90 B7 DF | T:1288557 RPD:1
[CH: 50] LEN: 12 | HEX: F6 76 F6 EE 63 FC 93 BB C5 75 FB 77 | T:1288587 RPD:1
[CH: 50] LEN: 12 | HEX: F6 76 F5 ED 60 F4 93 DD B0 7B AF FF | T:1288617 RPD:1
[CH: 50] LEN: 12 | HEX: F6 76 F6 FC 61 F8 93 BF 6C 9D BF FF | T:1288647 RPD:1
[CH: 50] LEN: 12 | HEX: F6 76 ED EB 66 E8 93 FD 5A 67 FD FB | T:1288677 RPD:1
[CH: 50] LEN: 12 | HEX: EA 76 FE EA 67 F0 93 FB 86 82 BF FB | T:1288707 RPD:1
[CH: 50] LEN: 12 | HEX: EA 76 EE E9 64 F8 93 B5 EB AC BA EF | T:1288737 RPD:1
[CH: 50] LEN: 12 | HEX: EA 76 EF E8 65 D8 93 BF 2E E9 BF FF | T:1288767 RPD:1
[CH: 50] LEN: 12 | HEX: DA 76 EA E7 6A F4 93 BF 9F 76 BE F5 | T:1288797 RPD:1
[CH: 50] LEN: 12 | HEX: FA 7E F7 F6 6B 74 93 F7 42 9B BF FD | T:1288827 RPD:1
[CH: 50] LEN: 12 | HEX: F6 76 F6 E5 68 F0 93 BB 37 55 BF EF | T:1288857 RPD:1
[CH: 50] LEN: 12 | HEX: EA 76 F6 E3 6E E8 93 FB DD 89 BE EF | T:1288917 RPD:1
[CH: 50] LEN: 12 | HEX: FA 76 F6 E2 6E F8 93 FF 01 6C BF EE | T:1288947 RPD:1
[CH: 50] LEN: 12 | HEX: F2 76 FE D1 6C E8 93 BF 74 62 BF FE | T:1288977 RPD:1
[CH: 50] LEN: 12 | HEX: F2 76 EE DE 52 F8 93 BF 39 97 AB FF | T:1289037 RPD:1
[CH: 50] LEN: 12 | HEX: EA 66 F6 F6 73 B8 93 BF FA 88 BF FF | T:1289067 RPD:1
[CH: 50] LEN: 12 | HEX: EA 76 FD EC 71 D8 93 BF 73 63 BD FF | T:1289073 RPD:1
[CH: 50] LEN: 12 | HEX: FA 76 ED F7 76 F0 93 BF 45 9A BF FF | T:1289077 RPD:1
[CH: 50] LEN: 12 | HEX: F2 66 FE D9 74 E8 93 FF DC 71 BF 77 | T:1289084 RPD:1
[CH: 50] LEN: 12 | HEX: FA 76 FF E8 7D D4 93 FB 30 94 BF 7F | T:1289087 RPD:1
[CH: 50] LEN: 12 | HEX: F6 76 FE F7 7E F8 93 DF 81 83 BF FB | T:1289098 RPD:1
[CH: 50] LEN: 12 | HEX: FA 76 FF F6 7F F8 93 DF 5D 66 AF FF | T:1289099 RPD:1
[CH: 50] LEN: 12 | HEX: FA 76 EE ED 74 E8 93 DB 28 68 BF FB | T:1289124 RPD:1
[CH: 50] LEN: 12 | HEX: FA 76 FF EC 75 D8 93 BF E4 8D BF FF | T:1289155 RPD:1
[CH: 50] LEN: 12 | HEX: FA 76 EC EB 7E E8 93 F7 C2 7C B7 FE | T:1289185 RPD:1
[CH: 50] LEN: 12 | HEX: EA 76 EE E2 7F F8 93 FF 1C 91 BB BF | T:1289215 RPD:1
[CH: 50] LEN: 12 | HEX: FA 76 FE E9 7C F8 93 FB 6B 9F BF FF | T:1289245 RPD:1
[CH: 50] LEN: 12 | HEX: FA 76 F6 E8 75 D8 93 F7 B7 F6 BD EF | T:1289275 RPD:1
[CH: 50] LEN: 12 | HEX: FA 76 FE FF 62 F8 93 FF 19 90 BF BF | T:1289304 RPD:1
[CH: 50] LEN: 12 | HEX: FA 76 EE EE 63 F4 93 FF E5 75 BF FF | T:1289334 RPD:1
[CH: 50] LEN: 12 | HEX: FA 76 EE ED 60 F0 93 F7 B0 7B BF FF | T:1289364 RPD:1
[CH: 50] LEN: 12 | HEX: FA 6E EF EC 61 F0 93 BF 6C 9E BD FA | T:1289394 RPD:1
[CH: 50] LEN: 12 | HEX: EA 76 EE EB 66 E8 93 DF 5A 67 7F FE | T:1289424 RPD:1
[CH: 50] LEN: 12 | HEX: FA 76 EE FA 67 78 93 BF 86 82 BF DF | T:1289454 RPD:1
[CH: 50] LEN: 12 | HEX: F6 76 EE E9 64 D0 93 DF EB 8C BF FF | T:1289484 RPD:1
[CH: 50] LEN: 12 | HEX: FE 76 FD E8 65 D0 93 FB 2F E9 AB DF | T:1289514 RPD:1
[CH: 50] LEN: 12 | HEX: EA 76 ED E7 6A F8 93 BD 9D 76 BF BF | T:1289544 RPD:1
[CH: 50] LEN: 12 | HEX: EE 76 EA E6 6B D0 93 BF 42 9B BF 7F | T:1289574 RPD:1
[CH: 50] LEN: 12 | HEX: FA 76 FD C5 68 F0 93 DF 37 95 BD FF | T:1289604 RPD:1
[CH: 50] LEN: 12 | HEX: FA 76 F6 E4 69 D0 93 DF FB 70 AF FF | T:1289634 RPD:1
[CH: 50] LEN: 12 | HEX: FA 76 EE E3 6E F4 93 BF DD 89 BF FF | T:1289664 RPD:1
[CH: 50] LEN: 12 | HEX: FA 76 FD E2 6E D0 93 DB 01 6C BF FF | T:1289694 RPD:1
[CH: 50] LEN: 12 | HEX: EA 76 F4 E1 6C E8 93 BF 74 62 BF 7F | T:1289724 RPD:1
[CH: 50] LEN: 12 | HEX: F6 76 ED E0 6D E8 93 BB A8 87 BE FF | T:1289754 RPD:1
[CH: 50] LEN: 12 | HEX: FA 76 FE DF D2 FC 93 FD 39 97 7F FF | T:1289784 RPD:1
[CH: 50] LEN: 12 | HEX: EA 7E EE ED 70 E8 93 BB AF 86 BF FF | T:1289818 RPD:1
[CH: 50] LEN: 12 | HEX: FA 76 F6 EC 71 F8 93 FB 73 63 BF FF | T:1289821 RPD:1
[CH: 50] LEN: 12 | HEX: FA 76 FD FF 76 F0 93 FD 45 9A BF FF | T:1289825 RPD:1
[CH: 50] LEN: 12 | HEX: EA 76 FE EA 77 74 93 FB 99 77 BB DF | T:1289836 RPD:1
[CH: 50] LEN: 12 | HEX: EA 76 F6 E9 74 F8 93 BF FC 71 BF FF | T:1289836 RPD:1
[CH: 50] LEN: 12 | HEX: EA 76 FE F8 75 F8 93 FD 30 94 BF FF | T:1289848 RPD:1
[CH: 50] LEN: 12 | HEX: EA 76 EF F7 7E F4 93 FD 01 83 B7 7F | T:1289848 RPD:0
[CH: 50] LEN: 12 | HEX: EA 76 FD F6 77 B4 93 F7 5D 66 AD BB | T:1289859 RPD:0
[CH: 50] LEN: 12 | HEX: EA 76 ED ED 74 F4 93 F7 28 68 BD 4A | T:1289875 RPD:1
[CH: 50] LEN: 12 | HEX: F6 76 ED F4 75 FC 93 BB EC 8D AD FE | T:1289905 RPD:1
[CH: 50] LEN: 12 | HEX: F6 76 EE F3 7A E8 93 BF C2 74 BB FB | T:1289935 RPD:1
[CH: 50] LEN: 12 | HEX: FA 76 ED EA 77 78 93 BB 1E 91 B7 EF | T:1289965 RPD:1
[CH: 50] LEN: 12 | HEX: FA 7E EE D1 7C E8 93 BB 6B 9B BF BE | T:1289995 RPD:1
[CH: 50] LEN: 12 | HEX: F2 76 FF E8 7D F8 93 FB B7 7A BE FF | T:1290025 RPD:1
[CH: 50] LEN: 12 | HEX: EA 66 ED EE E2 F8 93 F7 19 90 AF BD | T:1290055 RPD:1
[CH: 50] LEN: 12 | HEX: FA 7E FE EE 63 F4 93 FF C5 75 BF FF | T:1290085 RPD:1
[CH: 50] LEN: 12 | HEX: EA 76 F5 ED 60 F8 93 DB B0 77 BE AA | T:1290115 RPD:1
[CH: 50] LEN: 12 | HEX: F2 76 FF FB 66 E8 93 BF 5A 67 FF FF | T:1290175 RPD:1
[CH: 50] LEN: 12 | HEX: EA 7E EC EA 67 78 93 FF C6 82 BF 6F | T:1290205 RPD:1
[CH: 50] LEN: 12 | HEX: F2 7E EE F8 65 D8 93 EF AE E9 BF DB | T:1290265 RPD:1
[CH: 50] LEN: 12 | HEX: FA 6E FE F7 EA E8 93 DF DD 7A B6 FE | T:1290295 RPD:1
[CH: 50] LEN: 12 | HEX: EA 76 FB E6 6B F8 93 B7 42 9B BE FD | T:1290325 RPD:1
[CH: 50] LEN: 12 | HEX: FA 76 FC D5 68 E8 93 F7 36 95 AB 7F | T:1290355 RPD:1
[CH: 50] LEN: 12 | HEX: FA 76 ED E0 6D DC 93 77 A8 87 7F DF | T:1290505 RPD:1
[CH: 50] LEN: 12 | HEX: EA 6E FD DB 52 F8 93 BF 3D 97 77 BF | T:1290535 RPD:1
[CH: 50] LEN: 12 | HEX: FA 76 EE ED 70 E8 93 BF AE 86 BF FF | T:1290568 RPD:1
[CH: 50] LEN: 12 | HEX: FA 7E EA FC 71 FC 93 BF F3 63 FF FF | T:1290572 RPD:1
[CH: 50] LEN: 12 | HEX: EA 7E EE FA 7F 70 93 B7 99 7E AF FF | T:1290580 RPD:1
[CH: 50] LEN: 12 | HEX: FA 7E FE FC 75 EC 93 FF D4 8D B7 5E | T:1290654 RPD:1
[CH: 50] LEN: 12 | HEX: EA 76 FD EB 7E F8 93 FF E2 74 BF EE | T:1290684 RPD:1
[CH: 50] LEN: 12 | HEX: F2 7E EE EA 7F 7C 93 DF 1F 91 BF FD | T:1290714 RPD:1
[CH: 50] LEN: 12 | HEX: DA 76 ED E9 7C D8 93 B7 6B 9F B6 FB | T:1290744 RPD:1
[CH: 50] LEN: 12 | HEX: EA 76 FE F0 7D FC 93 F7 B7 76 AF 7F | T:1290774 RPD:1
[CH: 50] LEN: 12 | HEX: EA 7E EE EE 62 E8 93 7B 19 90 BF FB | T:1290804 RPD:1
[CH: 50] LEN: 12 | HEX: EA 76 FE EE 63 F8 93 F5 C5 75 BF FF | T:1290834 RPD:1
[CH: 50] LEN: 12 | HEX: D2 76 ED ED 60 F8 93 B7 B0 7B AF FF | T:1290864 RPD:1
[CH: 50] LEN: 12 | HEX: FA 76 F7 EC 61 D8 93 B7 6C 9E BF FD | T:1290894 RPD:1
[CH: 50] LEN: 12 | HEX: F6 76 FE EB 66 F4 93 F5 5A 67 6F FA | T:1290924 RPD:1
[CH: 50] LEN: 12 | HEX: F6 76 F6 EA 67 F4 93 FD 86 82 BE BF | T:1290954 RPD:1
[CH: 50] LEN: 12 | HEX: F2 76 EE E9 64 F8 93 EF F3 8C AD BE | T:1290984 RPD:1
[CH: 50] LEN: 12 | HEX: FA 76 F6 E8 65 F8 93 FD 2F 69 AD FF | T:1291014 RPD:1
[CH: 50] LEN: 12 | HEX: FA 76 F6 E7 6A F4 93 DE 9E 7E BF FF | T:1291044 RPD:1
[CH: 50] LEN: 12 | HEX: F2 76 FE E6 6B D8 93 BB 42 9B AD 7F | T:1291074 RPD:1
[CH: 50] LEN: 12 | HEX: EA 76 F6 E5 68 EC 93 FD 37 55 BB AB | T:1291104 RPD:1
[CH: 50] LEN: 12 | HEX: F2 76 FE E4 69 E8 93 F5 EB 70 BF FE | T:1291134 RPD:1
[CH: 50] LEN: 12 | HEX: FA 76 ED E3 6E E8 93 D5 DF 89 BF 7F | T:1291164 RPD:1
[CH: 50] LEN: 12 | HEX: EA 76 FD E2 6F 78 93 F7 01 6C AF F5 | T:1291194 RPD:1
[CH: 50] LEN: 12 | HEX: FA 76 EE E1 6C E8 93 BF 74 62 BE FF | T:1291223 RPD:1
[CH: 50] LEN: 12 | HEX: FA 7E F6 E0 6D D8 93 FB A8 87 2B F7 | T:1291254 RPD:1
[CH: 50] LEN: 12 | HEX: F6 76 FE DF 52 F8 93 FA 39 97 BE D7 | T:1291283 RPD:1
[CH: 50] LEN: 12 | HEX: FA 76 EC FE 73 F8 93 FD DA 88 BF FF | T:1291314 RPD:1
[CH: 50] LEN: 12 | HEX: F2 76 F6 E9 70 F4 93 FD AF 86 BF EA | T:1291317 RPD:1
[CH: 50] LEN: 12 | HEX: F6 76 FE FC 71 F8 93 FB 73 63 BF FF | T:1291320 RPD:1
[CH: 50] LEN: 12 | HEX: F6 76 DD F1 74 F4 93 FD EC 71 AA E3 | T:1291331 RPD:1
[CH: 50] LEN: 12 | HEX: F6 76 FA F8 75 F8 93 FA 30 94 B7 D5 | T:1291335 RPD:1
[CH: 50] LEN: 12 | HEX: EA 76 F6 F7 7A F8 93 FB 81 83 AA DF | T:1291346 RPD:1
[CH: 50] LEN: 12 | HEX: EA 76 F5 F6 73 F8 93 DF 5D 66 BF 7B | T:1291368 RPD:1
[CH: 50] LEN: 12 | HEX: EE 76 EE F5 78 E8 93 FA 28 68 AF FF | T:1291398 RPD:1
[CH: 50] LEN: 12 | HEX: F2 76 FE F4 79 F8 93 FA F4 8D A7 DF | T:1291428 RPD:1
[CH: 50] LEN: 12 | HEX: F2 76 F6 F3 7E F8 93 FD 42 74 BF 7F | T:1291458 RPD:1
[CH: 50] LEN: 12 | HEX: F6 76 F6 F2 7F 58 93 FD 1E 91 BF FE | T:1291488 RPD:1
[CH: 50] LEN: 12 | HEX: FA 76 F4 F1 74 F8 93 FB 6B 9F BF F7 | T:1291518 RPD:1
[CH: 50] LEN: 12 | HEX: F6 76 FE E0 75 E8 93 DE B7 72 BB DF | T:1291548 RPD:1
[CH: 50] LEN: 12 | HEX: EA 76 F6 EE 63 D8 93 FB C5 75 BF EB | T:1291608 RPD:1
[CH: 50] LEN: 12 | HEX: FA 76 FE ED 60 F8 93 DF B0 77 BF FE | T:1291638 RPD:1
[CH: 50] LEN: 12 | HEX: FA 76 FE EC 61 D8 93 DD 6C 9D BF F7 | T:1291668 RPD:1
[CH: 50] LEN: 12 | HEX: F6 76 F6 EB 66 F4 93 FD 5A 67 7F FF | T:1291698 RPD:1
[CH: 50] LEN: 12 | HEX: EA 76 F5 EA 67 B4 93 F5 86 82 BF 5F | T:1291728 RPD:1
[CH: 50] LEN: 12 | HEX: EA 76 FA E9 64 E8 93 5F E3 8C BF FF | T:1291758 RPD:1
[CH: 50] LEN: 12 | HEX: F6 76 FD E8 65 F8 93 DF 2F 69 BF FD | T:1291788 RPD:1
[CH: 50] LEN: 12 | HEX: F6 76 FE E7 6A F8 93 FB 9E 7E BB 5B | T:1291818 RPD:1
[CH: 50] LEN: 12 | HEX: F6 76 F4 E6 6B B8 93 B5 42 9B BF BD | T:1291848 RPD:1
[CH: 50] LEN: 12 | HEX: FA 7E FA E5 68 F8 93 FB 37 95 AF FF | T:1291878 RPD:1
[CH: 50] LEN: 12 | HEX: F6 76 F6 E4 69 F8 93 FD EB 70 BB EF | T:1291908 RPD:1
[CH: 50] LEN: 12 | HEX: F6 76 F4 E3 6E E8 93 BB DD 89 BF A5 | T:1291938 RPD:1
[CH: 50] LEN: 12 | HEX: FA 76 FD E2 6E F0 93 BD 01 6C BF F0 | T:1291968 RPD:1
[CH: 50] LEN: 12 | HEX: EA 76 F6 E1 6C F8 93 FF 74 62 BB FA | T:1291998 RPD:1
[CH: 50] LEN: 12 | HEX: EA 76 FF E0 6D F4 93 BD A8 87 BD B7 | T:1292028 RPD:1
[CH: 50] LEN: 12 | HEX: F2 76 F6 DF 52 E8 93 DF 39 97 2F FF | T:1292058 RPD:1
[CH: 50] LEN: 12 | HEX: FA 77 EA EC 73 BC 93 DD DA 88 BF 77 | T:1292088 RPD:1
[CH: 50] LEN: 12 | HEX: F6 76 F6 E9 70 F8 93 FA AF 86 BB DD | T:1292092 RPD:1
[CH: 50] LEN: 12 | HEX: F2 66 FC EC 71 F0 93 FE 73 63 BF BF | T:1292096 RPD:1
[CH: 50] LEN: 12 | HEX: FA 76 FE FB 76 F4 93 FA 45 9A BF DF | T:1292107 RPD:1
[CH: 50] LEN: 12 | HEX: EA 76 F6 F6 77 F8 93 FB 99 77 7F FF | T:1292107 RPD:1
[CH: 50] LEN: 12 | HEX: FE 76 FE E9 74 E8 93 DD 6C 71 AF DF | T:1292119 RPD:1
[CH: 50] LEN: 12 | HEX: FA 76 FE E8 75 D8 93 FB 30 94 BF DB | T:1292119 RPD:1
[CH: 50] LEN: 12 | HEX: FA 76 EA F6 73 D8 93 FB 5D 66 B7 7F | T:1292146 RPD:1
[CH: 50] LEN: 12 | HEX: F6 75 FE 80 8F E8 93 DD 67 2B BB AF | T:1292340 RPD:1
[CH: 50] LEN: 12 | HEX: FA 75 DD 00 8F EC 93 BF 67 2B BF BF | T:1292340 RPD:1
[CH: 50] LEN: 12 | HEX: F2 75 DE 80 8F E8 93 F5 67 2B BF FF | T:1295287 RPD:1
[CH: 50] LEN: 12 | HEX: EE 75 FA 00 8F 74 93 BE 67 2B BB BD | T:1295288 RPD:1
[CH: 50] LEN: 12 | HEX: FA 74 EF FD 77 78 93 FD 52 EE BF DF | T:1297439 RPD:1
[CH: 50] LEN: 12 | HEX: FA 74 EF FD 77 68 93 AF 52 EE AD FF | T:1297440 RPD:1
[CH: 50] LEN: 12 | HEX: F2 6F F7 00 95 D8 93 F7 D0 12 BE FF | T:1297451 RPD:1
[CH: 50] LEN: 12 | HEX: FA 6F D7 00 95 F8 93 DF D0 12 B7 6A | T:1297452 RPD:1
[CH: 50] LEN: 12 | HEX: F2 74 FF 79 77 B8 93 FD 52 CE AD 7F | T:1300387 RPD:1
[CH: 50] LEN: 12 | HEX: FE 74 FF 79 77 B8 93 D7 52 EE BF BF | T:1300388 RPD:1
[CH: 50] LEN: 12 | HEX: F2 7F 57 00 95 E8 93 BD D0 12 BD FD | T:1300400 RPD:1
[CH: 50] LEN: 12 | HEX: EA 6F EB 00 95 EC 93 DD D0 12 BF DF | T:1300400 RPD:1
[CH: 50] LEN: 12 | HEX: F2 6E EE 00 8C E8 93 BF 24 75 BE FF | T:1301841 RPD:1
[CH: 50] LEN: 12 | HEX: FA 76 FF EF 73 F4 93 BF DA 88 AB DF | T:1301872 RPD:1
[CH: 50] LEN: 12 | HEX: EA 76 ED EC 71 F0 93 FF 73 63 BB FD | T:1301878 RPD:1
[CH: 50] LEN: 12 | HEX: FA 76 FD EB 76 D8 93 FF 45 9A B6 DF | T:1301882 RPD:1
[CH: 50] LEN: 12 | HEX: EA 6E DA EA 77 70 93 FB 99 76 AB FD | T:1301886 RPD:1
[CH: 50] LEN: 12 | HEX: EA 76 EE E9 74 D8 93 BB EC 71 AF FF | T:1301897 RPD:1
[CH: 50] LEN: 12 | HEX: EA 76 ED EF 76 F8 93 77 81 83 BB 7B | T:1301898 RPD:1
[CH: 50] LEN: 12 | HEX: F2 76 EE E6 77 F4 93 F7 5D 66 BF FB | T:1301928 RPD:1
[CH: 50] LEN: 12 | HEX: FA 76 FD ED 78 F8 93 EB 28 68 AF 7F | T:1301958 RPD:1
[CH: 50] LEN: 12 | HEX: F2 76 FD EC 75 D8 93 DF E4 8D BF B2 | T:1301988 RPD:1
[CH: 50] LEN: 12 | HEX: EA 76 ED E3 74 F8 93 B7 E2 74 BB DF | T:1302018 RPD:1
[CH: 50] LEN: 12 | HEX: EA 7E FD E2 77 F4 93 BF 1C 91 AE ED | T:1302048 RPD:1
[CH: 50] LEN: 12 | HEX: F6 7E FD EE E2 F8 93 BF 19 90 BF B7 | T:1302138 RPD:1
[CH: 50] LEN: 12 | HEX: EA 76 FD EE 63 D8 93 FB E5 75 AF 7F | T:1302168 RPD:1
[CH: 50] LEN: 12 | HEX: FA 76 EE ED 60 E8 93 F7 B0 7B FD 7F | T:1302198 RPD:1
[CH: 50] LEN: 12 | HEX: EA 76 F6 EC 61 D8 93 DF 6C 9D B7 DF | T:1302228 RPD:1
[CH: 50] LEN: 12 | HEX: EA 76 EE EB 66 E8 93 F7 5A 67 BE FD | T:1302258 RPD:1
[CH: 50] LEN: 12 | HEX: FA 7E ED EA 67 F4 93 BB 86 82 BE EF | T:1302288 RPD:1
[CH: 50] LEN: 12 | HEX: F2 7E FE E9 64 F4 93 BD EB 8C AF FF | T:1302318 RPD:1
[CH: 50] LEN: 12 | HEX: F2 76 FF E8 65 E8 93 F7 2F 69 BF FE | T:1302348 RPD:1
[CH: 50] LEN: 12 | HEX: EA 76 EE E7 6A F8 93 D5 9E 7E B6 DD | T:1302378 RPD:1
[CH: 50] LEN: 12 | HEX: EA 76 EF E6 6B B4 93 BF 42 9B BD ED | T:1302408 RPD:1
[CH: 50] LEN: 12 | HEX: F6 76 FD 85 48 90 92 6F 24 95 55 F7 | T:1302438 RPD:1
[CH: 50] LEN: 12 | HEX: EA 76 EB E4 69 D8 93 DF EB 70 BF FE | T:1302468 RPD:1
[CH: 50] LEN: 12 | HEX: FA 76 FE E3 6E F4 93 FB DD 89 BF BF | T:1302498 RPD:1
[CH: 50] LEN: 12 | HEX: F6 76 ED E2 6E B8 93 BF 01 6C AB DB | T:1302528 RPD:1
[CH: 50] LEN: 12 | HEX: EA 76 EE E1 6C F8 93 FB 74 62 BF FF | T:1302558 RPD:1
[CH: 50] LEN: 12 | HEX: FA 76 FA E0 6D D8 93 DF A8 87 77 FF | T:1302588 RPD:1
[CH: 50] LEN: 12 | HEX: FA 76 FE DE D2 F4 93 DF 39 97 FF DE | T:1302618 RPD:1
[CH: 50] LEN: 12 | HEX: EA 76 F6 ED 73 B4 93 F7 DA 88 AF EE | T:1302648 RPD:1
[CH: 50] LEN: 12 | HEX: EA 76 FE FD 70 E8 93 DF AE 86 AE B2 | T:1302651 RPD:1
[CH: 50] LEN: 12 | HEX: EA 76 FE F8 71 D8 93 FB 73 63 BF FF | T:1302682 RPD:1
[CH: 50] LEN: 12 | HEX: FA 76 F6 FB 76 F8 93 BF 45 9A B7 BE | T:1302685 RPD:1
[CH: 50] LEN: 12 | HEX: EA 76 EE F6 77 78 93 DF 99 7F FB EF | T:1302689 RPD:1
[CH: 50] LEN: 12 | HEX: FA 76 FE F4 75 F8 93 FD 30 94 AD FF | T:1302701 RPD:1
[CH: 50] LEN: 12 | HEX: EA 76 EE FE 73 B8 93 DB 5D 66 BF FE | T:1302704 RPD:1
[CH: 50] LEN: 12 | HEX: F6 76 FE E5 74 F4 93 BF 28 68 BF FF | T:1302735 RPD:1
[CH: 50] LEN: 12 | HEX: EA 76 D6 EC 75 F8 93 BF D4 8F B7 BF | T:1302765 RPD:1
[CH: 50] LEN: 12 | HEX: FA 76 ED F3 74 F8 93 BF C2 74 B5 77 | T:1302795 RPD:1
[CH: 50] LEN: 12 | HEX: FA 76 DE FA 7B F8 93 D5 1D 91 A7 EF | T:1302825 RPD:1
[CH: 50] LEN: 12 | HEX: EA 76 EF E1 78 E8 93 BB 6B 9F BF BE | T:1302855 RPD:1
[CH: 50] LEN: 12 | HEX: FA 76 FA F0 7D F8 93 FB B7 7E BD F7 | T:1302885 RPD:1
[CH: 50] LEN: 12 | HEX: EA 76 EE EF 62 F8 93 DB 19 90 BD 7D | T:1302915 RPD:1
[CH: 50] LEN: 12 | HEX: EA 76 ED EE 63 B4 93 FB C5 75 BF FD | T:1302945 RPD:1
[CH: 50] LEN: 12 | HEX: EA 76 FA ED 60 F8 93 FF B0 7B B7 AF | T:1302975 RPD:1
[CH: 50] LEN: 12 | HEX: EA 76 FF EC 61 D8 93 F5 6C 9E BB EE | T:1303005 RPD:1
[CH: 50] LEN: 12 | HEX: EA 76 ED CB 66 F8 93 FB 5A 67 F7 FB | T:1303035 RPD:1
[CH: 50] LEN: 12 | HEX: F6 76 FE E9 64 F8 93 DB EB 8C BB EF | T:1303095 RPD:1
[CH: 50] LEN: 12 | HEX: FA 7E EF E8 65 F8 93 BB 2F 69 B4 FE | T:1303125 RPD:1
[CH: 50] LEN: 12 | HEX: F6 76 FE E7 6A E8 93 BB 9E 76 BF FF | T:1303155 RPD:1
[CH: 50] LEN: 12 | HEX: FA 76 F6 E6 6B D8 93 DD 42 9B B7 FD | T:1303185 RPD:1
[CH: 50] LEN: 12 | HEX: F6 76 FE E5 68 F4 93 DD 37 15 AF F7 | T:1303215 RPD:1
[CH: 50] LEN: 12 | HEX: EA 76 EC E4 69 D8 93 FD EB 70 BE FF | T:1303245 RPD:1
[CH: 50] LEN: 12 | HEX: EA 76 EE E3 6E F0 93 BF DD 89 BE FD | T:1303275 RPD:1
[CH: 50] LEN: 12 | HEX: F6 76 F5 E1 6C F4 93 FA 74 62 BF F8 | T:1303335 RPD:1
[CH: 50] LEN: 12 | HEX: F2 76 EA E0 6D F8 93 FD A8 87 BF 77 | T:1303365 RPD:1
[CH: 50] LEN: 12 | HEX: FA 76 F6 DD 52 F0 93 F5 39 97 2D F7 | T:1303395 RPD:1
[CH: 50] LEN: 12 | HEX: F2 76 FE F6 73 D0 93 FB DA 88 BA FB | T:1303425 RPD:1
[CH: 50] LEN: 12 | HEX: FA 76 F6 FD 70 F8 93 D7 AF 86 BF EF | T:1303428 RPD:1
[CH: 50] LEN: 12 | HEX: EE 76 FE FC 71 F8 93 FA 73 63 AF FF | T:1303458 RPD:1
[CH: 50] LEN: 12 | HEX: F6 76 EE F7 76 F4 93 FD 45 9A BF FF | T:1303462 RPD:1
[CH: 50] LEN: 12 | HEX: F2 76 F6 EA 77 BC 93 FF 99 77 FB DF | T:1303466 RPD:1
[CH: 50] LEN: 12 | HEX: EA 76 EE F4 75 E8 93 DF 30 94 BF DF | T:1303500 RPD:1
[CH: 50] LEN: 12 | HEX: F6 76 FE E7 7E F8 93 DF 81 83 BF FD | T:1303504 RPD:1
[CH: 50] LEN: 12 | HEX: F2 76 EE F6 73 B4 93 BB 5D 66 AF FE | T:1303534 RPD:1
[CH: 50] LEN: 12 | HEX: EA 76 F6 F5 78 E8 93 F7 28 68 BE F6 | T:1303564 RPD:1
[CH: 50] LEN: 12 | HEX: F2 76 F4 F4 71 F4 93 FF EC 8D BB F5 | T:1303594 RPD:1
[CH: 50] LEN: 12 | HEX: F6 76 FE F3 76 F8 93 FD C2 74 BF F5 | T:1303624 RPD:1
[CH: 50] LEN: 12 | HEX: F6 76 F6 E2 7D F0 93 FA 1E 91 BF F5 | T:1303654 RPD:1
[CH: 50] LEN: 12 | HEX: F6 76 FE E9 74 F8 93 FD 6B 9F AB FF | T:1303684 RPD:1
[CH: 50] LEN: 12 | HEX: F6 76 F6 E8 79 D0 93 BF B7 72 B7 BC | T:1303714 RPD:1
[CH: 50] LEN: 12 | HEX: FA 76 FE EF E2 F8 93 FB 19 90 BE F7 | T:1303744 RPD:1
[CH: 50] LEN: 12 | HEX: FA 76 FE EE 63 F8 93 FD C5 75 BF EF | T:1303774 RPD:1
[CH: 50] LEN: 12 | HEX: F6 76 EE ED 60 F4 93 FA B0 7B BE DC | T:1303804 RPD:1
[CH: 50] LEN: 12 | HEX: F6 76 FE EC 61 F8 93 DB 6C 9C BF FF | T:1303834 RPD:1
[CH: 50] LEN: 12 | HEX: EE 76 F6 EB 66 F0 93 EE 5A 67 2F 7B | T:1303864 RPD:1
[CH: 50] LEN: 12 | HEX: FA 76 F6 EA 67 E8 93 BB 86 82 AF FF | T:1303894 RPD:1
[CH: 50] LEN: 12 | HEX: F6 76 FE E9 64 FC 93 FD F3 8C AB FE | T:1303924 RPD:1
[CH: 50] LEN: 12 | HEX: EA 76 F6 E8 65 D8 93 FD 2F 69 BF FD | T:1303954 RPD:1
[CH: 50] LEN: 12 | HEX: FA 76 F6 E7 6A F4 93 DD 9E 7E BE FB | T:1303984 RPD:1
[CH: 50] LEN: 12 | HEX: F6 76 F6 E6 6B D0 93 DA 42 9B BB 9B | T:1304014 RPD:1
[CH: 50] LEN: 12 | HEX: F2 76 F6 E5 68 F4 93 DE 37 95 BB 3D | T:1304044 RPD:1
[CH: 50] LEN: 12 | HEX: EA 76 FE E4 69 D8 93 FE EB 70 AE FF | T:1304074 RPD:1
[CH: 50] LEN: 12 | HEX: FE 76 EC E2 6F 78 93 FA 01 6C BF DF | T:1304134 RPD:1
[CH: 50] LEN: 12 | HEX: EA 76 FA E1 6C F4 93 FB 74 62 BF FB | T:1304164 RPD:1
[CH: 50] LEN: 12 | HEX: F2 76 F5 E0 6D D8 93 BB A8 87 AF EF | T:1304194 RPD:1
[CH: 50] LEN: 12 | HEX: EA 76 EE DE 52 F8 93 BB 39 97 B9 EE | T:1304224 RPD:1
[CH: 50] LEN: 12 | HEX: F6 76 F4 FE 73 F8 93 DB DA 88 AF FB | T:1304254 RPD:1
[CH: 50] LEN: 12 | HEX: F6 76 F6 F5 70 F0 93 DF AF 46 BB 7E | T:1304258 RPD:1
[CH: 50] LEN: 12 | HEX: F2 76 FE FC 71 E8 93 FD 73 63 B7 DA | T:1304261 RPD:1
[CH: 50] LEN: 12 | HEX: F6 76 FE EA 77 B0 93 DD 99 7B B6 FA | T:1304272 RPD:1
[CH: 50] LEN: 12 | HEX: F6 76 F6 E9 74 F4 93 D7 EC 71 BE EF | T:1304273 RPD:1
[CH: 50] LEN: 12 | HEX: FA 76 F6 E8 75 F0 93 BF 30 94 BF FB | T:1304284 RPD:1
[CH: 50] LEN: 12 | HEX: FE 76 EE E7 7A F4 93 DF 81 83 BF F7 | T:1304284 RPD:0
[CH: 50] LEN: 12 | HEX: F6 76 FA F6 7B FC 93 DD 5D 66 BF FF | T:1304296 RPD:0
[CH: 50] LEN: 12 | HEX: F2 76 FF F5 78 F4 93 FE 28 68 AF FB | T:1304314 RPD:1
[CH: 50] LEN: 12 | HEX: FA 76 FF EC 75 F8 93 BD EC 8D BF FF | T:1304344 RPD:1
[CH: 50] LEN: 12 | HEX: FA 76 FE EB 7E F4 93 FD C2 74 BF EF | T:1304374 RPD:1
[CH: 50] LEN: 12 | HEX: F6 76 FE F2 77 F8 93 DA 1E 91 BF FF | T:1304404 RPD:1
[CH: 50] LEN: 12 | HEX: F6 76 FA E1 74 F8 93 F5 6B 9D 2F FF | T:1304434 RPD:1
[CH: 50] LEN: 12 | HEX: FA 76 FD E8 7D D8 93 FB B7 7E BF FF | T:1304464 RPD:1
[CH: 50] LEN: 12 | HEX: F6 76 FE EF 62 F0 93 BF 19 90 BE FB | T:1304494 RPD:1
[CH: 50] LEN: 12 | HEX: F6 76 EE EE 63 B8 93 FB C5 75 BA FE | T:1304524 RPD:1
[CH: 50] LEN: 12 | HEX: F6 76 FE ED 60 F4 93 FE B0 7B AF DF | T:1304554 RPD:1
[CH: 50] LEN: 12 | HEX: EA 76 FE EC 61 E8 93 FE 6C 9E BA EB | T:1304584 RPD:1
[CH: 50] LEN: 12 | HEX: F6 76 F6 EB 66 F4 93 BF 5A 67 AE FD | T:1304614 RPD:1
[CH: 50] LEN: 12 | HEX: F6 76 F6 EA 67 FC 93 B5 86 82 BF BE | T:1304644 RPD:1
[CH: 50] LEN: 12 | HEX: FE 76 FE F9 64 F4 93 FB F3 8C AF FF | T:1304674 RPD:1
[CH: 50] LEN: 12 | HEX: EA 76 F6 E8 65 F8 93 BB 2F 69 BF EF | T:1304704 RPD:1
[CH: 50] LEN: 12 | HEX: EE 76 F4 E7 6A E8 93 BD 9C 7A BF FF | T:1304734 RPD:1
[CH: 50] LEN: 12 | HEX: EA 76 F4 E6 6B F0 93 DE 42 9B FF FF | T:1304764 RPD:1
[CH: 50] LEN: 12 | HEX: F2 76 FE E5 68 E8 93 FD 37 15 AD FE | T:1304794 RPD:1
[CH: 50] LEN: 12 | HEX: F6 76 FE E4 69 D8 93 D7 EB 70 BF 9A | T:1304824 RPD:1
[CH: 50] LEN: 12 | HEX: F2 76 FE E3 6E F4 93 FD DD 89 BF FA | T:1304854 RPD:1
[CH: 50] LEN: 12 | HEX: F6 76 FE E2 6F F4 93 DA 01 6C AF CC | T:1304884 RPD:1
[CH: 50] LEN: 12 | HEX: FA 76 EF E0 6D E8 93 BB 28 87 AF FB | T:1304944 RPD:1
[CH: 50] LEN: 12 | HEX: EA 76 EE DF 52 F4 93 FD 39 97 BF DF | T:1304974 RPD:1
[CH: 50] LEN: 12 | HEX: F6 76 FD EE 73 BC 93 BF DA 88 BD FB | T:1305004 RPD:1
[CH: 50] LEN: 12 | HEX: EA 76 FE F5 70 F4 93 B7 AF 06 BF 7D | T:1305008 RPD:1
[CH: 50] LEN: 12 | HEX: FA 76 FE FC 71 E8 93 FB 73 63 BB 7E | T:1305011 RPD:1
[CH: 50] LEN: 12 | HEX: F6 76 F6 F7 76 F0 93 FB 45 9A AF BE | T:1305022 RPD:1
[CH: 50] LEN: 12 | HEX: EA 76 F6 FA 77 F4 93 DB 99 75 BF FB | T:1305022 RPD:0
[CH: 50] LEN: 12 | HEX: F6 76 FD F9 74 E8 93 FB FC 71 BF FB | T:1305033 RPD:1
[CH: 50] LEN: 12 | HEX: FA 7E FA E8 75 F8 93 DF 30 94 AF FF | T:1305034 RPD:0
[CH: 50] LEN: 12 | HEX: EE 76 FE EF 76 E8 93 B5 81 83 AD FF | T:1305045 RPD:0
[CH: 50] LEN: 12 | HEX: EA 76 EF F5 70 E8 93 FA 28 68 AB FB | T:1305062 RPD:1
[CH: 50] LEN: 12 | HEX: FA 76 F6 EC 79 D8 93 FF E4 8D BF EF | T:1305092 RPD:1
[CH: 50] LEN: 12 | HEX: F2 76 F6 FB 7E F8 93 BB C2 74 BB FE | T:1305122 RPD:1
[CH: 50] LEN: 12 | HEX: FA 76 EF F2 7F 78 93 F5 1E 91 BF FF | T:1305152 RPD:1
[CH: 50] LEN: 12 | HEX: FA 76 ED E9 74 F8 93 DF 6B 9D AF DA | T:1305182 RPD:1
[CH: 50] LEN: 12 | HEX: FA 66 EE EF E2 F8 93 FB 19 90 AF 7F | T:1305242 RPD:1
[CH: 50] LEN: 12 | HEX: EA 76 EE EF 63 FC 93 F5 C5 75 BB EA | T:1305272 RPD:1
[CH: 50] LEN: 12 | HEX: FA 7E FF ED 60 F8 93 F7 B0 7F AF EF | T:1305302 RPD:1
[CH: 50] LEN: 12 | HEX: FA 76 FD EC 61 D8 93 B7 6C 9D BF FF | T:1305332 RPD:1
[CH: 50] LEN: 12 | HEX: F2 76 F6 E9 64 E8 93 FB D3 8C BF FF | T:1305422 RPD:1
[CH: 50] LEN: 12 | HEX: EA 7E FE E8 65 D8 93 FF 2F 69 BE FF | T:1305452 RPD:1
[CH: 50] LEN: 12 | HEX: F2 76 ED E7 6A F0 93 EB 9F 7F AF 5F | T:1305482 RPD:1
[CH: 50] LEN: 12 | HEX: FA 76 ED E6 6B B8 93 BB 42 9B BB FE | T:1305512 RPD:1
[CH: 50] LEN: 12 | HEX: EA 76 DC E5 68 E8 93 F7 37 55 AF FF | T:1305542 RPD:1
[CH: 50] LEN: 12 | HEX: F6 76 EF E4 69 F8 93 DF DB 70 AF FD | T:1305572 RPD:1
[CH: 50] LEN: 12 | HEX: EA 76 EE E3 6E E8 93 BB DD 89 BD EE | T:1305602 RPD:1
[CH: 50] LEN: 12 | HEX: FA 76 EF E2 6E F8 93 AB 01 6C AF FF | T:1305632 RPD:1
[CH: 50] LEN: 12 | HEX: FA 76 FD E1 6C F8 93 FB 74 62 AF BF | T:1305662 RPD:1
[CH: 50] LEN: 12 | HEX: FA 76 ED E0 6D E8 93 FF A8 87 AF D7 | T:1305692 RPD:1
[CH: 50] LEN: 12 | HEX: F2 76 ED DD 52 E8 93 FB 39 97 3F EB | T:1305722 RPD:1
[CH: 50] LEN: 12 | HEX: FA 76 FE FD 73 F4 93 FB DA 88 AE F6 | T:1305752 RPD:1
[CH: 50] LEN: 12 | HEX: EA 76 FD ED 70 E8 93 F7 AE 86 B6 F7 | T:1305755 RPD:1
[CH: 50] LEN: 12 | HEX: EA 76 EE EC 71 F8 93 D7 73 63 AB 7B | T:1305785 RPD:1
[CH: 50] LEN: 12 | HEX: EA 76 EE FB 76 F8 93 FF 45 9A B5 BF | T:1305789 RPD:1
[CH: 50] LEN: 12 | HEX: F2 76 F7 FA 77 F4 93 FB 99 7F 2E EF | T:1305793 RPD:1
[CH: 50] LEN: 12 | HEX: FA 76 FE F9 74 E8 93 F7 DC 71 A7 DB | T:1305805 RPD:1
[CH: 50] LEN: 12 | HEX: EA 76 EF EF 76 E8 93 BB 81 83 B7 CD | T:1305805 RPD:1
[CH: 50] LEN: 12 | HEX: EE 76 EE E6 77 F4 93 BF 5D 6E AF FD | T:1305816 RPD:1
[CH: 50] LEN: 12 | HEX: FA 76 FB F5 78 F0 93 F7 28 68 AB F7 | T:1305838 RPD:1
[CH: 50] LEN: 12 | HEX: FA 76 F6 EC 79 D8 93 DF E4 8D BF A7 | T:1305869 RPD:1
[CH: 50] LEN: 12 | HEX: EA 76 EE EB 7E F8 93 FF C2 74 AD DF | T:1305898 RPD:1
[CH: 50] LEN: 12 | HEX: EA 76 FF F2 7E B8 93 F5 1E 91 BF FE | T:1305928 RPD:1
[CH: 50] LEN: 12 | HEX: FA 76 F6 E1 74 E8 93 FB 6B 9D BD BF | T:1305958 RPD:1
[CH: 50] LEN: 12 | HEX: EA 76 EE E8 7D F8 93 F7 B7 7A B7 6D | T:1305988 RPD:1
[CH: 50] LEN: 12 | HEX: FA 76 FD EF 62 F0 93 FD 19 90 BD F7 | T:1306018 RPD:1
[CH: 50] LEN: 12 | HEX: FA 76 EA EE 63 FC 93 F7 C5 75 AF 5B | T:1306048 RPD:1
[CH: 50] LEN: 12 | HEX: FA 7E ED ED 60 E8 93 BB B0 77 AF FF | T:1306078 RPD:1
[CH: 50] LEN: 12 | HEX: EA 76 F6 EC 61 D8 93 F7 6C 9D BA FF | T:1306108 RPD:1
[CH: 50] LEN: 12 | HEX: F2 76 F6 EB 66 E8 93 D5 5A 67 77 BB | T:1306138 RPD:1
[CH: 50] LEN: 12 | HEX: FA 76 FF FA 67 E8 93 BF 86 82 AF DF | T:1306168 RPD:1
[CH: 50] LEN: 12 | HEX: EA 76 EE E9 64 E8 93 B7 D3 8C AA EE | T:1306198 RPD:1
[CH: 50] LEN: 12 | HEX: F2 76 FD D8 65 D8 93 DF 2E E9 AB FB | T:1306228 RPD:1
[CH: 50] LEN: 12 | HEX: FA 76 F6 E7 6A F4 93 BB 9E 7E BD 6F | T:1306258 RPD:1
[CH: 50] LEN: 12 | HEX: FA 76 EA E6 6B D8 93 BF 42 9B AD FF | T:1306288 RPD:1
[CH: 50] LEN: 12 | HEX: FA 7E FF E5 68 E8 93 DB 37 95 BB DE | T:1306318 RPD:1
[CH: 50] LEN: 12 | HEX: EA 76 F6 E4 69 F8 93 F5 EB 70 BF EF | T:1306348 RPD:1
[CH: 50] LEN: 12 | HEX: EA 76 EE E3 6E F0 93 BF DF 89 BF F7 | T:1306378 RPD:1
[CH: 50] LEN: 12 | HEX: FA 76 F7 E1 6C E8 93 DF 74 62 BD BB | T:1306438 RPD:1
[CH: 50] LEN: 12 | HEX: EA 76 EE DE 52 F0 93 DD 39 97 7B ED | T:1306498 RPD:1
[CH: 50] LEN: 12 | HEX: F2 75 FB 00 8F E8 93 FB 67 AB BD 6D | T:1306695 RPD:1
[CH: 50] LEN: 12 | HEX: FA 75 DF 00 8E D8 93 FB 67 2B BB 7B | T:1306696 RPD:1
[CH: 50] LEN: 12 | HEX: EA 75 FB 00 8F E8 93 BB 67 2B AF FF | T:1309642 RPD:1
[CH: 50] LEN: 12 | HEX: EA 75 FD 00 8F D8 93 FB 67 2B BE F7 | T:1309643 RPD:1
[CH: 50] LEN: 12 | HEX: FA 74 DF EA 74 E8 93 B7 27 60 B7 FF | T:1310065 RPD:1
[CH: 50] LEN: 12 | HEX: FA 74 EF FE 74 F8 93 DF 27 E0 BE FF | T:1310066 RPD:1
[CH: 50] LEN: 12 | HEX: F2 6F 5F 00 95 D8 93 BF F0 12 BE BE | T:1310077 RPD:1
[CH: 50] LEN: 12 | HEX: FA 6F EF 00 95 F8 93 DE D0 12 AE FF | T:1310078 RPD:1
[CH: 50] LEN: 12 | HEX: EA 74 FB FA 74 E8 93 F7 26 E0 BE FE | T:1313013 RPD:1
[CH: 50] LEN: 12 | HEX: FA 7E DE DC 71 F8 93 77 7B 63 FD B7 | T:1313691 RPD:1
[CH: 50] LEN: 12 | HEX: F2 7E FE EB 76 F8 93 FF 45 9A BF F6 | T:1313695 RPD:1
[CH: 50] LEN: 12 | HEX: FA 7E ED FA 77 68 93 BF D9 7E AF F6 | T:1313725 RPD:1
[CH: 50] LEN: 12 | HEX: EA 76 FC FE 77 F4 93 FF 5D 66 BF FF | T:1313740 RPD:1
[CH: 50] LEN: 12 | HEX: EA 77 FD E8 7D E8 93 DF F7 76 BF FD | T:1313920 RPD:1
[CH: 50] LEN: 12 | HEX: F2 76 EE EE 63 B4 93 F7 C5 75 AF FF | T:1313980 RPD:1
[CH: 50] LEN: 12 | HEX: EA 76 F6 ED 60 F4 93 BF B0 77 BE BD | T:1314010 RPD:1
[CH: 50] LEN: 12 | HEX: EA 6E EE EC 61 D8 93 BF 6C 9E BB CE | T:1314040 RPD:1
[CH: 50] LEN: 12 | HEX: FA 76 FE EB 66 F4 93 FB 5A 67 3F FF | T:1314070 RPD:1
[CH: 50] LEN: 12 | HEX: FA 76 F6 EA 67 F4 93 FB 86 82 AD DF | T:1314100 RPD:1
[CH: 50] LEN: 12 | HEX: FA 76 F6 E9 64 FC 93 FB FB 8C AF FF | T:1314130 RPD:1
[CH: 50] LEN: 12 | HEX: F6 76 EE E8 65 D0 93 DD 2F 69 AB DB | T:1314160 RPD:1
[CH: 50] LEN: 12 | HEX: FA 76 F4 E7 6A F0 93 A9 9A 74 BC FA | T:1314190 RPD:1
[CH: 50] LEN: 12 | HEX: F6 76 FD E5 68 F0 93 F7 37 95 AF D7 | T:1314250 RPD:1
[CH: 50] LEN: 12 | HEX: F6 76 FE E4 69 F0 93 FD 6B 70 AD BF | T:1314280 RPD:1
[CH: 50] LEN: 12 | HEX: EE 76 FE E3 6E F0 93 DA DD 89 B5 AF | T:1314310 RPD:1
[CH: 50] LEN: 12 | HEX: FE 76 FE E2 6F 5C 93 FD 01 6C AD FF | T:1314340 RPD:1
[CH: 50] LEN: 12 | HEX: F6 76 FD E1 6C F4 93 F5 74 62 AA D7 | T:1314370 RPD:1
[CH: 50] LEN: 12 | HEX: FA 76 F6 E0 6D F8 93 FE A8 87 AF 76 | T:1314400 RPD:1
[CH: 50] LEN: 12 | HEX: FA 76 F6 DE 52 F0 93 FF 39 97 2D FF | T:1314430 RPD:1
[CH: 50] LEN: 12 | HEX: FA 76 F6 F4 73 B0 93 FD DA 88 AF BF | T:1314460 RPD:1
[CH: 50] LEN: 12 | HEX: F2 76 EA F5 70 F4 93 DA AF 46 AF F7 | T:1314463 RPD:1
[CH: 50] LEN: 12 | HEX: EA 76 EC FC 71 D8 93 ED 73 63 B7 BF | T:1314466 RPD:1
[CH: 50] LEN: 12 | HEX: EA 76 FC FB 76 F8 93 DD 45 9A AF 75 | T:1314478 RPD:1
[CH: 50] LEN: 12 | HEX: F2 76 EC FA 77 F8 93 FD 99 7F 7D BF | T:1314478 RPD:1
[CH: 50] LEN: 12 | HEX: F2 76 FE ED 74 F0 93 AF EC 71 AF FF | T:1314489 RPD:1
[CH: 50] LEN: 12 | HEX: FA 76 FE F0 75 FA 93 FE 30 94 BE FD | T:1314490 RPD:0
[CH: 50] LEN: 12 | HEX: EA 76 F6 E7 72 F8 93 BD 81 83 AB FF | T:1314501 RPD:0
[CH: 50] LEN: 12 | HEX: EA 76 FE F5 78 F4 93 FA 28 68 AF EF | T:1314519 RPD:1
[CH: 50] LEN: 12 | HEX: FA 76 FE F4 79 F8 93 FD 74 8D BF F7 | T:1314549 RPD:1
[CH: 50] LEN: 12 | HEX: F2 76 FB F3 7F F0 93 FD 42 74 AF DF | T:1314579 RPD:1
[CH: 50] LEN: 12 | HEX: F2 76 FE F2 7B F8 93 FD 9E 91 BF D7 | T:1314609 RPD:1
[CH: 50] LEN: 12 | HEX: F2 76 F6 E1 7C F8 93 DD 6B 9E AA BE | T:1314639 RPD:1
[CH: 50] LEN: 12 | HEX: FA 76 FE F0 7B F8 93 FF B7 7A AF 95 | T:1314669 RPD:1
[CH: 50] LEN: 12 | HEX: F6 76 FE EF 62 E8 93 BD 19 90 AF FE | T:1314699 RPD:1
[CH: 50] LEN: 12 | HEX: EA 76 FE EE 63 F8 93 DB C5 75 AF FF | T:1314729 RPD:1
[CH: 50] LEN: 12 | HEX: FA 76 FE ED 60 F4 93 FE B0 7B BF ED | T:1314759 RPD:1
[CH: 50] LEN: 12 | HEX: FA 76 F6 EC 61 D8 93 FD 6C 9E AF FA | T:1314789 RPD:1
[CH: 50] LEN: 12 | HEX: EA 76 EC EB 66 E8 93 EF DA 67 2B FB | T:1314819 RPD:1
[CH: 50] LEN: 12 | HEX: F6 76 FE EA 67 78 93 FD 06 82 AF 6F | T:1314849 RPD:1
[CH: 50] LEN: 12 | HEX: FA 76 FF E9 64 E8 93 FB F3 8C BB BF | T:1314879 RPD:1
[CH: 50] LEN: 12 | HEX: F6 76 FE E8 65 F4 93 FD 2F 69 AF FF | T:1314908 RPD:1
[CH: 50] LEN: 12 | HEX: F2 76 FE E7 6A F8 93 FD 9E 7D AB AF | T:1314938 RPD:1
[CH: 50] LEN: 12 | HEX: EA 76 FE E6 6B B8 93 FE 42 9B B7 F7 | T:1314968 RPD:1
[CH: 50] LEN: 12 | HEX: EA 76 FE E5 68 F4 93 DA 37 95 BB 7B | T:1314998 RPD:1
[CH: 50] LEN: 12 | HEX: FE 76 FC E4 69 F8 93 FD EB 70 AF F6 | T:1315028 RPD:1
[CH: 50] LEN: 12 | HEX: F6 76 EE E3 6E E8 93 FB DF 89 AF FF | T:1315058 RPD:1
[CH: 50] LEN: 12 | HEX: F6 76 F6 E2 6F B8 93 DD 01 6C BF FF | T:1315088 RPD:1
[CH: 50] LEN: 12 | HEX: F6 76 FE E1 6C E8 93 DF 74 62 BF DF | T:1315118 RPD:1
[CH: 50] LEN: 12 | HEX: F6 76 F6 E0 6D D0 93 FA A8 87 77 FB | T:1315148 RPD:1
[CH: 50] LEN: 12 | HEX: FA 76 EC DE 52 F8 93 DD 39 97 3D FB | T:1315178 RPD:1
[CH: 50] LEN: 12 | HEX: FE 76 FE FE 73 F8 93 FA DA 88 AB FD | T:1315208 RPD:1
[CH: 50] LEN: 12 | HEX: EA 76 F6 F5 70 E8 93 FB AE 86 A9 FF | T:1315212 RPD:1
[CH: 50] LEN: 12 | HEX: F6 76 EE FC 71 E8 93 DF 73 63 AF FD | T:1315242 RPD:1
[CH: 50] LEN: 12 | HEX: F6 76 F6 EA 77 7C 93 FB 99 77 7F DF | T:1315250 RPD:1
[CH: 50] LEN: 12 | HEX: FA 76 EE F9 74 F8 93 AB EC 71 AF DD | T:1315254 RPD:1
[CH: 50] LEN: 12 | HEX: F6 76 F6 F8 75 F4 93 DD 30 94 BE FD | T:1315257 RPD:1
[CH: 50] LEN: 12 | HEX: F6 76 FE F7 7A F4 93 DD 81 83 BF FF | T:1315268 RPD:1
[CH: 50] LEN: 12 | HEX: F6 76 FC E6 7B F8 93 FB 5D 66 BD DD | T:1315269 RPD:1
[CH: 50] LEN: 12 | HEX: EA 76 EE F5 78 F8 93 FD 28 68 BF DF | T:1315294 RPD:1
[CH: 50] LEN: 12 | HEX: F2 76 FA EC 75 F8 93 DD FC 8D AF FA | T:1315324 RPD:1
[CH: 50] LEN: 12 | HEX: F6 76 FD F3 7A EC 93 FB C2 74 AA FE | T:1315354 RPD:1
[CH: 50] LEN: 12 | HEX: F6 76 FE EA 77 F8 93 DB 1E 91 B9 3F | T:1315384 RPD:1
[CH: 50] LEN: 12 | HEX: EE 76 FC F1 7C E8 93 FF 6B 9D AF FF | T:1315414 RPD:1
[CH: 50] LEN: 12 | HEX: FA 76 FC E0 75 E8 93 DF BF 72 BE FE | T:1315444 RPD:1
[CH: 50] LEN: 12 | HEX: EA 76 EE EE 62 E8 93 F7 19 90 AF 77 | T:1315474 RPD:1
[CH: 50] LEN: 12 | HEX: EA 76 FA EE 63 D0 93 BF E5 75 FF FF | T:1315504 RPD:1
[CH: 50] LEN: 12 | HEX: FA 6E DE ED 60 F0 93 77 B0 7B AB FD | T:1315534 RPD:1
[CH: 50] LEN: 12 | HEX: F2 76 F6 EC 61 D8 93 DB 6C 9D BB F7 | T:1315564 RPD:1
[CH: 50] LEN: 12 | HEX: FA 7E FD EB 66 F8 93 BF 5A 67 FD F7 | T:1315594 RPD:1
[CH: 50] LEN: 12 | HEX: EA 76 EE EA 67 A8 93 FB 86 82 AF FF | T:1315624 RPD:1
[CH: 50] LEN: 12 | HEX: FA 76 FA E8 65 F8 93 F7 2E E9 BE FF | T:1315684 RPD:1
[CH: 50] LEN: 12 | HEX: D2 76 FE E7 6A F8 93 BF 9E 7C AF EF | T:1315714 RPD:1
[CH: 50] LEN: 12 | HEX: EA 76 FF E5 68 E8 93 B7 37 55 BF BF | T:1315774 RPD:1
[CH: 50] LEN: 12 | HEX: FA 76 FE E4 69 FC 93 FB EB 70 AF FD | T:1315804 RPD:1
[CH: 50] LEN: 12 | HEX: FA 76 F6 E3 6E E8 93 FB DD 89 BF FE | T:1315834 RPD:1
[CH: 50] LEN: 12 | HEX: EA 76 DE E2 6F 78 93 F5 01 6C BF FF | T:1315864 RPD:1
[CH: 50] LEN: 12 | HEX: F6 76 F6 E0 6D F8 93 FD A8 87 7E FE | T:1315924 RPD:1
[CH: 50] LEN: 12 | HEX: EA 76 EE DD 52 F8 93 DB 39 97 7F DB | T:1315954 RPD:1
[CH: 50] LEN: 12 | HEX: EA 76 ED F6 73 F4 93 FD DA 88 BF FF | T:1315984 RPD:1
[CH: 50] LEN: 12 | HEX: EA 76 F6 EC 71 D8 93 BF 73 63 AD FA | T:1315991 RPD:1
[CH: 50] LEN: 12 | HEX: EA 76 FE EB 76 E8 93 BB 45 9A BB FD | T:1315994 RPD:1
[CH: 50] LEN: 12 | HEX: EA 76 FE F6 77 5C 93 FB 99 76 BF EF | T:1315997 RPD:1
[CH: 50] LEN: 12 | HEX: EA 76 F7 F5 74 F8 93 F5 EC 71 AF DF | T:1316008 RPD:1
[CH: 50] LEN: 12 | HEX: FA 76 FE F8 75 D8 93 BB 30 94 AE FA | T:1316008 RPD:0
[CH: 50] LEN: 12 | HEX: FA 76 FE F7 7A E8 93 FB 81 83 BF FE | T:1316019 RPD:1
[CH: 50] LEN: 12 | HEX: F6 76 FD F6 7B D8 93 BB 5D 66 AF BF | T:1316031 RPD:1
[CH: 50] LEN: 12 | HEX: FA 76 FE F5 78 F4 93 F7 28 68 BF FE | T:1316041 RPD:1
[CH: 50] LEN: 12 | HEX: F2 76 F6 F3 76 F8 93 FB E2 74 BF FF | T:1316101 RPD:1
[CH: 50] LEN: 12 | HEX: FA 7E ED F1 7A F8 93 FB 6B DF AE A0 | T:1316161 RPD:1
[CH: 50] LEN: 12 | HEX: EA 76 FE F0 7D D8 93 B5 B7 7A BB 72 | T:1316191 RPD:1
[CH: 50] LEN: 12 | HEX: EA 76 EE EE E2 F8 93 BB 19 90 B7 D5 | T:1316221 RPD:1
[CH: 50] LEN: 12 | HEX: EA 7E EE EE 63 F4 93 BB C5 75 AF FF | T:1316251 RPD:1
[CH: 50] LEN: 12 | HEX: FE 76 EF ED 60 F8 93 DB B0 7B AF DF | T:1316281 RPD:1
[CH: 50] LEN: 12 | HEX: EA 76 FF EC 61 F8 93 F5 6C 9D BF BF | T:1316311 RPD:1
[CH: 50] LEN: 12 | HEX: FA 76 EE EB 66 F0 93 FB 5A 67 EF DE | T:1316341 RPD:1
[CH: 50] LEN: 12 | HEX: FA 76 FE EA 67 F4 93 FD 86 82 AF F7 | T:1316371 RPD:1
[CH: 50] LEN: 12 | HEX: EA 7E EF E9 64 F8 93 F7 F3 8C AF 77 | T:1316401 RPD:1
[CH: 50] LEN: 12 | HEX: FA 76 FD E8 65 D8 93 FD 2E 69 BE FF | T:1316431 RPD:1
[CH: 50] LEN: 12 | HEX: EA 76 F7 E7 6A F8 93 F5 9D 7A BF FF | T:1316461 RPD:1
[CH: 50] LEN: 12 | HEX: F6 75 EE 00 8F E8 93 FB 67 2B BF FF | T:1316673 RPD:1
[CH: 50] LEN: 12 | HEX: FA 75 FD 00 8E F8 93 BF 67 2B AF FF | T:1319620 RPD:1
[CH: 50] LEN: 12 | HEX: EA 75 DF 00 8E B8 93 F7 67 2B AF 7F | T:1319620 RPD:1
[CH: 50] LEN: 12 | HEX: F6 7C FE F8 76 E8 93 BF 8E 0B BD DB | T:1320063 RPD:1
[CH: 50] LEN: 12 | HEX: EA 74 FD F8 76 E8 93 D7 8C 0B BF F7 | T:1320063 RPD:1
[CH: 50] LEN: 12 | HEX: FA 6E EF 00 95 D8 93 F5 D0 12 BD FD | T:1320075 RPD:1
[CH: 50] LEN: 12 | HEX: FA 6F EF 00 95 D8 93 DB D0 12 AA EB | T:1320075 RPD:1
[CH: 50] LEN: 12 | HEX: F6 74 FE FC 76 E8 93 DF 8E 0B BF BF | T:1323010 RPD:1
[CH: 50] LEN: 12 | HEX: F6 74 EB F8 76 F8 93 B7 8E 0B BF FF | T:1323011 RPD:1
[CH: 50] LEN: 12 | HEX: FA 6F 7F 00 95 F8 93 BB D0 12 BF 5E | T:1323022 RPD:1
[CH: 50] LEN: 12 | HEX: F6 6F 7F 00 95 F8 93 BF D0 12 AF FF | T:1323022 RPD:1
[CH: 50] LEN: 12 | HEX: FA 76 ED FA 76 F8 93 7F 99 77 AE AC | T:1324039 RPD:1
[CH: 50] LEN: 12 | HEX: EA 76 ED F9 74 E8 93 EF CC 71 B7 5E | T:1324043 RPD:1
[CH: 50] LEN: 12 | HEX: EA 7E FD E8 75 D8 93 F7 30 94 BF FC | T:1324047 RPD:1
[CH: 50] LEN: 12 | HEX: FA 7E FC EF F6 F8 93 BF 81 83 EF FD | T:1324058 RPD:1
[CH: 50] LEN: 12 | HEX: FA 76 EE ED 68 E8 93 B7 28 68 AA FB | T:1324085 RPD:1
[CH: 50] LEN: 12 | HEX: FA 76 FE EB 7E F8 93 F7 E2 74 AF DF | T:1324145 RPD:1
[CH: 50] LEN: 12 | HEX: FE 76 EF FA 7F FC 93 DD 1F 91 AF FF | T:1324175 RPD:1
[CH: 50] LEN: 12 | HEX: FA 76 FD F1 7C F8 93 BF 6B 9E AF 75 | T:1324205 RPD:1
[CH: 50] LEN: 12 | HEX: FA 76 EE F0 75 E8 93 FB B7 F6 AF 7F | T:1324235 RPD:1
[CH: 50] LEN: 12 | HEX: FA 6E FF FD 60 F8 93 BF B0 7B AF FF | T:1324325 RPD:1
[CH: 50] LEN: 12 | HEX: EA 76 EF EC 61 D8 93 F5 6C 9E BB FE | T:1324355 RPD:1
[CH: 50] LEN: 12 | HEX: EA 7E FD FA 67 E8 93 BB 86 82 BF F7 | T:1324415 RPD:1
[CH: 50] LEN: 12 | HEX: FA 76 EE E9 64 F8 93 BF D3 8C BF FF | T:1324445 RPD:1
[CH: 50] LEN: 12 | HEX: FA 76 DE E8 65 DC 93 F7 2E E9 B7 FF | T:1324475 RPD:1
[CH: 50] LEN: 12 | HEX: DA 76 FE E0 6D B8 93 75 A8 86 FD 5D | T:1324715 RPD:0
[CH: 50] LEN: 12 | HEX: F2 76 FE F6 73 F8 93 FF FA 88 BD FF | T:1324775 RPD:1
[CH: 50] LEN: 12 | HEX: FA 76 F6 FD 70 F4 93 B7 AF 86 B6 DF | T:1324778 RPD:1
[CH: 50] LEN: 12 | HEX: FE 76 ED EB 7E F8 93 BF 45 9A BF EF | T:1324786 RPD:1
[CH: 50] LEN: 12 | HEX: FA 7E FE F6 7F 58 93 FF 99 77 BF 5F | T:1324790 RPD:1
[CH: 50] LEN: 12 | HEX: EA 7E F6 F5 74 F0 93 DF FC 71 BF FB | T:1324801 RPD:1
[CH: 50] LEN: 12 | HEX: FA 76 EE E8 75 B8 93 F7 30 94 AF FC | T:1324802 RPD:0
[CH: 50] LEN: 12 | HEX: F2 76 F7 E7 76 E8 93 FB 81 83 7F DF | T:1324813 RPD:1
[CH: 50] LEN: 12 | HEX: F2 76 FF EE 73 F8 93 FF 5D 66 BF 7D | T:1324813 RPD:1
[CH: 50] LEN: 12 | HEX: EA 76 FD ED 78 F0 93 BF 28 68 BF FE | T:1324835 RPD:1
[CH: 50] LEN: 12 | HEX: EA 76 EF F4 71 D8 93 FF FC 8D BD FB | T:1324866 RPD:1
[CH: 50] LEN: 12 | HEX: F2 76 FE F3 7D F4 93 DE 82 74 BD F7 | T:1324895 RPD:1
[CH: 50] LEN: 12 | HEX: F2 76 FA F2 7F D0 93 FD 1E 91 AF DD | T:1324925 RPD:1
[CH: 50] LEN: 12 | HEX: FA 76 FE F1 7C F0 93 FB 6B 9F BE BF | T:1324955 RPD:1
[CH: 50] LEN: 12 | HEX: FA 76 F6 F0 79 F8 93 FE F7 7A BD BD | T:1324985 RPD:1
[CH: 50] LEN: 12 | HEX: F2 76 FE EF 62 F0 93 FF 19 90 BF FF | T:1325015 RPD:1
[CH: 50] LEN: 12 | HEX: FA 76 FE EE 63 D8 93 EA E5 75 BF 7F | T:1325045 RPD:1
[CH: 50] LEN: 12 | HEX: F2 76 FE ED 60 F8 93 7D 30 7B AF 7F | T:1325075 RPD:1
[CH: 50] LEN: 12 | HEX: F6 76 F2 EC 61 E8 93 7F 6C 9E BF DF | T:1325105 RPD:1
[CH: 50] LEN: 12 | HEX: FA 76 FE E9 64 F8 93 DD 73 8C AF E2 | T:1325195 RPD:1
[CH: 50] LEN: 12 | HEX: FA 76 FE E8 65 F8 93 FE AF 69 AE B7 | T:1325225 RPD:1
[CH: 50] LEN: 12 | HEX: FA 76 F6 E7 6A F8 93 BA 9E 7E AE FF | T:1325255 RPD:1
[CH: 50] LEN: 12 | HEX: FA 76 FE E6 6B F8 93 DF 42 9B AB D5 | T:1325285 RPD:1
[CH: 50] LEN: 12 | HEX: F2 76 FE E5 48 D0 93 55 25 15 B5 F6 | T:1325315 RPD:1
[CH: 50] LEN: 12 | HEX: FA 76 FE E4 69 F8 93 FA EB 70 AF ED | T:1325345 RPD:1
[CH: 50] LEN: 12 | HEX: FA 76 FE E3 6E F0 93 FD 5D 89 AF FB | T:1325375 RPD:1
[CH: 50] LEN: 12 | HEX: F2 76 FE E2 6F F4 93 DE 81 6C BF 7F | T:1325405 RPD:1
[CH: 50] LEN: 12 | HEX: F2 76 FE E1 6C F0 93 EE 74 62 AD FF | T:1325435 RPD:1
[CH: 50] LEN: 12 | HEX: FA 76 EE E0 6D F8 93 BA A8 87 BF FF | T:1325465 RPD:1
[CH: 50] LEN: 12 | HEX: FA 76 FE DF 52 F8 93 F7 39 97 3F FF | T:1325495 RPD:1
[CH: 50] LEN: 12 | HEX: FA 76 FE FE 73 F8 93 FF 5A 88 AB EF | T:1325525 RPD:1
[CH: 50] LEN: 12 | HEX: FA 76 FE FD 70 F4 93 FF 2F 86 BF F7 | T:1325529 RPD:1
[CH: 50] LEN: 12 | HEX: FA 76 FE FC 71 F8 93 FF 73 63 AF FF | T:1325533 RPD:1
[CH: 50] LEN: 12 | HEX: FA 76 FE FB 76 F8 93 FE C5 9A AF EF | T:1325544 RPD:1
[CH: 50] LEN: 12 | HEX: FA 76 FA FA 77 F8 93 DF 59 7F 7A FF | T:1325544 RPD:0
[CH: 50] LEN: 12 | HEX: FA 76 F5 F9 74 E8 93 FE AC 71 B4 F7 | T:1325556 RPD:1
[CH: 50] LEN: 12 | HEX: FA 76 FE F8 75 F8 93 FE B0 94 BF FF | T:1325556 RPD:0
[CH: 50] LEN: 12 | HEX: F6 76 FE F7 7A F8 93 FD 01 83 BA DF | T:1325567 RPD:0
[CH: 50] LEN: 12 | HEX: FA 76 FE F5 78 F8 93 FF 28 68 BB FF | T:1325584 RPD:1
[CH: 50] LEN: 12 | HEX: F2 76 FE F4 79 F8 93 FF A4 8D BD 7F | T:1325614 RPD:1
[CH: 50] LEN: 12 | HEX: F2 76 FE F3 7A F8 93 FE A2 74 AF BE | T:1325644 RPD:1
[CH: 50] LEN: 12 | HEX: F2 76 F6 F2 7F F4 93 FF 1E 91 AF FF | T:1325674 RPD:1
[CH: 50] LEN: 12 | HEX: F2 76 FE F1 7C F8 93 FF EB 9F 2F FE | T:1325704 RPD:1
[CH: 50] LEN: 12 | HEX: FA 76 FE F0 7D F8 93 FD 77 7A AD F7 | T:1325734 RPD:1
[CH: 50] LEN: 12 | HEX: FA 76 FE EF 62 F0 93 D6 19 90 B7 7F | T:1325764 RPD:1
[CH: 50] LEN: 12 | HEX: FA 76 FE EE 63 F8 93 FF 45 75 AF FF | T:1325794 RPD:1
[CH: 50] LEN: 12 | HEX: F2 76 FA ED 60 F0 93 FD 70 7B FD D7 | T:1325824 RPD:1
[CH: 50] LEN: 12 | HEX: F2 76 FE EC 61 E8 93 FD EC 9C BF FB | T:1325854 RPD:1
[CH: 50] LEN: 12 | HEX: FA 76 FA EB 66 F8 93 DD 5A 67 2E B5 | T:1325884 RPD:1
[CH: 50] LEN: 12 | HEX: F2 76 FE EA 67 F8 93 FE 46 82 BA A5 | T:1325914 RPD:1
[CH: 50] LEN: 12 | HEX: FA 76 FE E9 64 E8 93 FE B3 8C AB 7F | T:1325944 RPD:1
[CH: 50] LEN: 12 | HEX: FA 76 FE E8 65 F8 93 FF 2F 69 BF FB | T:1325974 RPD:1
[CH: 50] LEN: 12 | HEX: FA 76 FE E7 6A F8 93 DE 9E 7E AD BF | T:1326004 RPD:1
[CH: 50] LEN: 12 | HEX: FA 76 FE E6 6B F8 93 FF 42 9B AF FA | T:1326034 RPD:1
[CH: 50] LEN: 12 | HEX: EA 76 FE E5 68 F8 93 FF 37 95 BB 64 | T:1326064 RPD:1
[CH: 50] LEN: 12 | HEX: FA 76 FE E4 69 E8 93 FE AB 70 BF FF | T:1326094 RPD:1
[CH: 50] LEN: 12 | HEX: F2 76 FE E3 6E F8 93 FA DD 89 BF FF | T:1326124 RPD:1
[CH: 50] LEN: 12 | HEX: FA 76 FE E2 6F F8 93 FE 01 6C BF DF | T:1326154 RPD:1
[CH: 50] LEN: 12 | HEX: FA 76 FA E1 6C F8 93 FA F4 62 AE FB | T:1326184 RPD:1
[CH: 50] LEN: 12 | HEX: F2 76 FE E0 6D F8 93 FD 28 87 EF FF | T:1326214 RPD:1
[CH: 50] LEN: 12 | HEX: F2 76 FE DE 52 F8 93 DD 39 97 AE DD | T:1326244 RPD:1
[CH: 50] LEN: 12 | HEX: FA 76 F4 F6 73 F0 93 FA DA 88 AF F5 | T:1326274 RPD:1
[CH: 50] LEN: 12 | HEX: F2 76 FE F5 70 F8 93 FD 2F 86 AF FF | T:1326277 RPD:1
[CH: 50] LEN: 12 | HEX: EA 76 EE FC 71 F0 93 F5 73 63 BF FD | T:1326281 RPD:1
[CH: 50] LEN: 12 | HEX: FA 76 FD FB 76 F0 93 FE C5 9A AF 7F | T:1326293 RPD:1
[CH: 50] LEN: 12 | HEX: FA 76 FE FA 77 F8 93 FE D9 7F AB 6F | T:1326293 RPD:0
[CH: 50] LEN: 12 | HEX: F2 76 FE E9 74 F0 93 AD EC 71 AE FF | T:1326304 RPD:1
[CH: 50] LEN: 12 | HEX: FA 76 FE F8 75 F8 93 FF 30 94 AA AB | T:1326304 RPD:0
[CH: 50] LEN: 12 | HEX: F2 76 FE F7 72 F8 93 BE 81 83 BA B6 | T:1326316 RPD:0
[CH: 50] LEN: 12 | HEX: FA 76 FE F5 78 F0 93 FE A8 68 AF F7 | T:1326332 RPD:1
[CH: 50] LEN: 12 | HEX: F2 76 FC E4 79 F0 93 FE A4 8D BB FF | T:1326362 RPD:1
[CH: 50] LEN: 12 | HEX: FA 76 FE F3 7E F8 93 EF C2 74 AF FF | T:1326392 RPD:1
[CH: 50] LEN: 12 | HEX: F2 76 FE F2 7F F8 93 FF 1E 91 AB BD | T:1326422 RPD:1
[CH: 50] LEN: 12 | HEX: FA 76 FE F1 7C F0 93 FE EB 9F BF FF | T:1326452 RPD:1
[CH: 50] LEN: 12 | HEX: FA 76 FE F0 7D F8 93 FF 37 7A AF EF | T:1326482 RPD:1
[CH: 50] LEN: 12 | HEX: FA 76 FE EF 62 F0 93 FF 19 90 BF 6F | T:1326512 RPD:1
[CH: 50] LEN: 12 | HEX: EA 76 FE EE 63 F8 93 FE 85 75 BB FF | T:1326542 RPD:1
[CH: 50] LEN: 12 | HEX: FA 76 FA ED 60 F0 93 FF 70 7B AF FF | T:1326572 RPD:1
[CH: 50] LEN: 12 | HEX: FA 76 FA EC 61 F8 93 FF 6C 9E AB B5 | T:1326602 RPD:1
[CH: 50] LEN: 12 | HEX: F2 76 FE EA 66 E8 93 DE DA 67 AF F7 | T:1326632 RPD:1
[CH: 50] LEN: 12 | HEX: FA 76 FE EA 67 F8 93 FD 46 82 BE FF | T:1326662 RPD:1
[CH: 50] LEN: 12 | HEX: F2 76 FE E9 64 F0 93 FF AB 8C AD FE | T:1326691 RPD:1
[CH: 50] LEN: 12 | HEX: FA 76 FE E8 65 F8 93 F5 2F 69 BF FF | T:1326721 RPD:1
[CH: 50] LEN: 12 | HEX: F2 76 FC E7 6A D0 93 54 5C 74 AD DF | T:1326751 RPD:1
[CH: 50] LEN: 12 | HEX: FA 76 FE E6 6B F8 93 FA C2 9B BD AF | T:1326781 RPD:1
[CH: 50] LEN: 12 | HEX: FA 76 FE E5 48 E8 93 AA B7 15 BD 7A | T:1326811 RPD:1
[CH: 50] LEN: 12 | HEX: F2 76 F4 E4 69 F0 93 F6 AB 70 BF D5 | T:1326841 RPD:1
[CH: 50] LEN: 12 | HEX: FA 76 FE E3 6E F0 93 FD 5D 89 BF EF | T:1326871 RPD:1
[CH: 50] LEN: 12 | HEX: F2 76 FE E2 6F F8 93 FF 01 6C BF D7 | T:1326901 RPD:1
[CH: 50] LEN: 12 | HEX: F2 76 FC E1 6C F8 93 FA F4 62 BF EF | T:1326931 RPD:1
[CH: 50] LEN: 12 | HEX: F2 76 FE E0 6D F8 93 FA A8 87 A7 FF | T:1326961 RPD:1
[CH: 50] LEN: 12 | HEX: FA 76 FE DF 52 F8 93 FE B9 97 AF FF | T:1326991 RPD:1
[CH: 50] LEN: 12 | HEX: FA 76 FA FD 70 F4 93 FF 6F 86 AF BD | T:1327025 RPD:1
[CH: 50] LEN: 12 | HEX: FA 76 FE FC 71 F8 93 FF 73 63 AF FD | T:1327029 RPD:1
[CH: 50] LEN: 12 | HEX: FA 76 FE FB 76 F8 93 FF 45 9A BF DF | T:1327032 RPD:1
[CH: 50] LEN: 12 | HEX: FA 76 FE FA 77 F8 93 FF 59 7F AF DF | T:1327043 RPD:1
[CH: 50] LEN: 12 | HEX: FA 76 FE F1 74 F0 93 FE AC 71 BF DF | T:1327044 RPD:0
[CH: 50] LEN: 12 | HEX: FA 76 FE F8 75 F8 93 FF 30 94 BF FF | T:1327055 RPD:1
[CH: 50] LEN: 12 | HEX: F2 76 FE F7 7A F0 93 FD 01 83 AF BF | T:1327055 RPD:0
[CH: 50] LEN: 12 | HEX: FA 76 FE E6 7B B8 93 DE DD 66 AD F6 | T:1327066 RPD:0
[CH: 50] LEN: 12 | HEX: EA 76 FE F5 78 F8 93 FA 28 68 AF FF | T:1327081 RPD:1
[CH: 50] LEN: 12 | HEX: FA 76 FE F4 79 F8 93 FF 44 8D BF EF | T:1327111 RPD:1
[CH: 50] LEN: 12 | HEX: FA 76 FE F3 7E F8 93 FF 22 74 BD EF | T:1327141 RPD:1
[CH: 50] LEN: 12 | HEX: FA 76 FE F2 7F A0 93 FC 9E 91 AB DF | T:1327171 RPD:1
[CH: 50] LEN: 12 | HEX: F2 76 FE F1 7C F8 93 FA EB 9F AF 7F | T:1327201 RPD:1
[CH: 50] LEN: 12 | HEX: FA 76 FE F0 7D F0 93 FE 77 7A AF 4B | T:1327231 RPD:1
[CH: 50] LEN: 12 | HEX: FA 76 F4 EF 62 F8 93 DE 19 90 B7 F7 | T:1327261 RPD:1
# MARK T:1218983 3
# MARK T:1237029 7
# MARK T:1253904 5
# MARK T:1269578 2
# MARK T:1282614 7
# MARK T:1300400 6
# MARK T:1310066 5
# MARK T:1323011 7
