# TM102 live session port=/dev/cu.usbserial-0001 started=20260826-160451
 EF C9 81 BA FF | T:568810 RPD:0
[CH: 50] LEN: 12 | HEX: FA 76 F6 F5 70 FA 91 FF 20 6A BB FB | T:568828 RPD:0
[CH: 50] LEN: 12 | HEX: FA 76 F4 F4 79 FA 91 FF DD 8F BF FF | T:568858 RPD:0
[CH: 50] LEN: 12 | HEX: FA 76 FE F3 7E FA 91 F5 CA 76 BF FF | T:568888 RPD:1
[CH: 50] LEN: 12 | HEX: FA 76 F6 F2 7F DA 91 FF 14 93 B6 F7 | T:568918 RPD:1
[CH: 50] LEN: 12 | HEX: FE 76 FE F1 7C FA 91 FF E3 9F BE EA | T:568948 RPD:1
[CH: 50] LEN: 12 | HEX: FA 76 F4 F0 7B FE 91 FF FF 78 BE FF | T:568978 RPD:0
[CH: 50] LEN: 12 | HEX: FA 76 FE EE E2 FA 91 EE 91 92 BA FB | T:569008 RPD:1
[CH: 50] LEN: 12 | HEX: FA 76 FE EE 63 FA 91 FF AD 7F FF FD | T:569038 RPD:0
[CH: 50] LEN: 12 | HEX: FA 76 FE ED 60 FA 91 F7 78 79 BE FB | T:569068 RPD:1
[CH: 50] LEN: 12 | HEX: FA 76 FE EC 61 F2 91 FF 64 9C BD BE | T:569098 RPD:1
[CH: 50] LEN: 12 | HEX: FA 76 FE EB 66 FA 91 FF 52 65 AF FF | T:569128 RPD:1
[CH: 50] LEN: 12 | HEX: FA 76 EA EA 67 FA 91 EA 8F 80 AF FF | T:569158 RPD:1
[CH: 50] LEN: 12 | HEX: F2 76 F6 E9 64 F2 91 EE BB 8E B6 FE | T
:569188 RPD:1
[CH: 50] LEN: 12 | HEX: FA 76 FB E8 65 FA 91 F5 27 6B BF 6F | T:569218 RPD:1
[CH: 50] LEN: 12 | HEX: FA 76 FE F7 6A FA 91 FE 96 78 AF 65 | T:569248 RPD:1
[CH: 50] LEN: 12 | HEX: F2 76 EE E5 68 FA 91 EF 3F 57 BF BF | T:569308 RPD:0
[CH: 50] LEN: 12 | HEX: FA 76 F8 E4 69 FA 91 DD 63 72 AF FF | T:569338 RPD:0
[CH: 50] LEN: 12 | HEX: F2 76 EA E3 6E EA 91 FD 55 8B BB DD | T:569368 RPD:1
[CH: 50] LEN: 12 | HEX: FA 76 F6 E2 6F 72 91 FF 89 6E BB 77 | T:569398 RPD:1
[CH: 50] LEN: 12 | HEX: F2 76 FA E1 6C FA 91 F7 7C 60 BF DF | T:569428 RPD:1
--- radio registers ---
  CONFIG   0x77   CRC off (good), PWR_UP yes, PRIM_RX yes
  EN_AA    0x00   auto-ack disabled (good)
  SETUP_AW 0x03   address width 5 bytes — addressed mode (good)
  RF_CH    0x32   2450 MHz
  RF_SETUP 0x01   rate 1 Mbps (good)
  bait address: 00 00
-----------------------

============================================================
  SELF-TEST: PASS
  The radio is configured and listening correctly.

  Channel is already known: RF_CH 50 (2450 MHz).
  Address is known: 18 18 18 18 3A, CRC off.

  DO THIS NEXT:  type  n  — addressed capture.
  Or just run  python3 tools/live.py  which does it for you.

  ('f' re-hunts the channel, only if F4 changes.
   'k' and 'd' are the older promiscuous path.)
============================================================
[CH: 50] LEN: 12 | HEX: FA 76 FA E0 6D F6 91 FE A0 85 BF FF | T:569503 RPD:1
[CH: 50] LEN: 12 | HEX: FA 76 F4 DF 52 F6 91 FF B1 95 BF FF | T:569503 RPD:1
[CH: 50] LEN: 12 | HEX: FA 76 F6 FE 73 BA 91 D5 52 8A BA EE | T:569518 RPD:1
[CH: 50] LEN: 12 | HEX: F2 76 FA F5 70 F2 91 FF 67 84 AF DF | T:569521 RPD:1
[CH: 50] LEN: 12 | HEX: F2 76 EF EC 71 EA 91 EE 7B 61 B6 DF | T:569532 RPD:1
[CH: 50] LEN: 12 | HEX: F2 76 EA FB 76 FA 91 F7 4D 98 BF 5F | T:569533 RPD:0
[CH: 50] LEN: 12 | HEX: F6 76 FE F6 77 BA 91 FE 91 7D BF FF | T:569544 RPD:1
[CH: 50] LEN: 12 | HEX: FA 76 FE F1 74 F2 91 EF E4 73 AD FF | T:569544 RPD:0
[CH: 50] LEN: 12 | HEX: FA 76 FA F0 75 F2 91 FF 38 96 BD CA | T:569556 RPD:1
[CH: 50] LEN: 12 | HEX: F2 76 FF F6 73 EA 91 EF 55 64 BF FF | T:569556 RPD:1
[CH: 50] LEN: 12 | HEX: FA 76 FD F5 74 F6 91 DD 20 6A BF BF | T:569577 RPD:1
[CH: 50] LEN: 12 | HEX: FA 76 F4 F4 79 F6 91 EB FC 8F 7B FA | T:569607 RPD:1
[CH: 50] LEN: 12 | HEX: F2 76 F6 F3 7E FA 91 FF 4A 76 BE F5 | T:569637 RPD:1
[CH: 50] LEN: 12 | HEX: FA 76 F6 F2 7A AA 91 EB 16 93 B7 FF | T:569667 RPD:1
[CH: 50] LEN: 12 | HEX: FA 76 F4 F1 7C EA 91 EF 63 9D BE FD | T:569697 RPD:1
[CH: 50] LEN: 12 | HEX: FA 76 FE F0 79 F2 91 D7 7F 78 BF DF | T:569727 RPD:1
[CH: 50] LEN: 12 | HEX: F2 76 FE EE 63 DA 91 FF ED 7F EF B7 | T:569787 RPD:1
[CH: 50] LEN: 12 | HEX: FA 76 F6 ED 60 F2 91 DF 78 79 B6 BF | T:569817 RPD:1
[CH: 50] LEN: 12 | HEX: F6 76 F6 EC 61 EE 91 DE E4 9C AF 7F | T:569847 RPD:1
[CH: 50] LEN: 12 | HEX: F2 76 F5 EB 66 F2 91 FF 52 65 BA FF | T:569877 RPD:1
[CH: 50] LEN: 12 | HEX: FA 76 FE EA 67 FA 91 FF 4E 80 B7 FB | T:569907 RPD:1
[CH: 50] LEN: 12 | HEX: F2 76 FE E9 64 F2 91 FF AB 8F BF DF | T:569937 RPD:1
[CH: 50] LEN: 12 | HEX: FA 76 FB E8 65 EE 91 FF 27 6B AF AF | T:569967 RPD:1
[CH: 50] LEN: 12 | HEX: FA 76 FA E7 6A F6 91 D5 16 74 B7 EE | T:569997 RPD:1
[CH: 50] LEN: 12 | HEX: FA 76 FE E6 6B EA 91 EA CA 99 BF 5E | T:570027 RPD:1
[CH: 50] LEN: 12 | HEX: F2 76 F6 F5 68 EA 91 AA BD 17 7E FF | T:570057 RPD:1
[CH: 50] LEN: 12 | HEX: FA 76 FE E4 69 FA 91 FF D3 72 BD DE | T:570087 RPD:1
[CH: 50] LEN: 12 | HEX: F2 76 FE E3 6E FA 91 FF 55 8B BF BA | T:570117 RPD:1
[CH: 50] LEN: 12 | HEX: FA 76 FC E2 6F 5A 91 FA 09 6E BF EF | T:570147 RPD:1
[CH: 50] LEN: 12 | HEX: FA 76 FA E1 6C FA 91 F5 7C 60 BF EE | T:570177 RPD:1
[CH: 50] LEN: 12 | HEX: F2 76 FE E0 6D F2 91 FF E0 85 BE FF | T:570207 RPD:1
[CH: 50] LEN: 12 | HEX: F2 76 FE DE 52 FA 91 EE B1 95 BF 6F | T:570237 RPD:1
[CH: 50] LEN: 12 | HEX: FA 76 FE F4 73 FA 91 F7 52 8A BD FA | T:570267 RPD:1
[CH: 50] LEN: 12 | HEX: F6 76 FE ED 70 FA 91 DA A7 84 AF EF | T:570271 RPD:1
[CH: 50] LEN: 12 | HEX: FA 76 F6 FC 71 FA 91 FF 7B 61 BF FF | T:570275 RPD:1
[CH: 50] LEN: 12 | HEX: F2 76 F6 FB 76 FA 91 F6 4D 98 BF FF | T:570286 RPD:1
[CH: 50] LEN: 12 | HEX: FA 76 FB FA 77 BA 91 ED 51 7D BF DF | T:570286 RPD:1
[CH: 50] LEN: 12 | HEX: F2 76 FE F1 74 EA 91 F5 C4 73 FF FF | T:570298 RPD:1
[CH: 50] LEN: 12 | HEX: FA 76 EA F0 75 FA 91 F7 38 96 BF 7F | T:570298 RPD:0
[CH: 50] LEN: 12 | HEX: F6 76 FA F7 72 EA 91 FF 89 81 BF AF | T:570309 RPD:1
[CH: 50] LEN: 12 | HEX: F2 76 F5 F6 7B DA 91 F7 55 64 BA EE | T:570309 RPD:1
[CH: 50] LEN: 12 | HEX: FA 76 FE F5 78 FA 91 FF 20 6A BD DA | T:570329 RPD:1
[CH: 50] LEN: 12 | HEX: FA 76 F6 F4 79 FA 91 ED 5C 8F 3D FD | T:570359 RPD:1
[CH: 50] LEN: 12 | HEX: FA 76 FE F3 7A FA 91 FB CA 76 BF 7E | T:570389 RPD:1
[CH: 50] LEN: 12 | HEX: FA 76 FA F2 7F 52 91 D6 16 93 BF 7D | T:570419 RPD:1
[CH: 50] LEN: 12 | HEX: FA 76 F5 F1 7C EA 91 EE E3 9D BF EF | T:570449 RPD:1
[CH: 50] LEN: 12 | HEX: F2 76 F6 F0 7D EA 91 FF BF 78 BF FF | T:570479 RPD:1
[CH: 50] LEN: 12 | HEX: F2 76 EA EF 62 FA 91 EE 11 92 BE FF | T:570509 RPD:1
[CH: 50] LEN: 12 | HEX: FA 76 FE EE 63 F2 91 EF 4D 77 BF FF | T:570539 RPD:1
[CH: 50] LEN: 12 | HEX: FA 76 FE ED 60 FA 91 F5 B8 79 BF FF | T:570569 RPD:1
[CH: 50] LEN: 12 | HEX: F2 76 FE EC 61 EA 91 EE 64 9C BF FB | T:570599 RPD:1
[CH: 50] LEN: 12 | HEX: F2 76 F6 EB 66 FA 91 F6 52 65 BB FF | T:570629 RPD:1
locked RF_CH 50 (2450 MHz)
[CH: 50] LEN: 12 | HEX: FA 76 FE EA 67 FA 91 FF 8E 80 AF 7E | T:570659 RPD:1
[CH: 50] LEN: 12 | HEX: F2 76 FA E9 64 F2 91 FF 5B 8E BD FF | T:570689 RPD:1
[CH: 50] LEN: 12 | HEX: FA 76 FE E8 65 FA 91 FB 27 6B BF FF | T:570719 RPD:1
[CH: 50] LEN: 12 | HEX: FA 76 F6 E7 6A F2 91 D7 16 74 BF EB | T:570749 RPD:1
[CH: 50] LEN: 12 | HEX: F6 76 FC E6 6B FA 91 FE CA 99 BF BD | T:570779 RPD:1
[CH: 50] LEN: 12 | HEX: EA 76 F4 E5 68 F6 91 57 2A 95 2E D7 | T:570809 RPD:1
[CH: 50] LEN: 12 | HEX: FA 76 FE E4 69 F6 91 FE A3 72 B7 FE | T:570839 RPD:1
[CH: 50] LEN: 12 | HEX: FA 76 F6 E3 6E FA 91 FF B5 8B FF FF | T:570869 RPD:1
[CH: 50] LEN: 12 | HEX: F2 76 FF E2 6F BA 91 EE 89 6E BF FF | T:570899 RPD:1
[CH: 50] LEN: 12 | HEX: EA 76 EE E1 6C FA 91 DF F4 60 B7 F7 | T:570929 RPD:1
[CH: 50] LEN: 12 | HEX: F2 76 F4 E0 6D DE 91 FF A0 85 B7 FE | T:570959 RPD:1
[CH: 50] LEN: 12 | HEX: FA 76 FE DF 52 FA 91 F5 31 95 BF FD | T:570989 RPD:1
[CH: 50] LEN: 12 | HEX: F2 76 FA F6 73 D6 91 EE 92 8A BF BF | T:571019 RPD:1
[CH: 50] LEN: 12 | HEX: FA 76 F2 FD 70 EE 91 EF 67 84 BD EE | T:571022 RPD:1
[CH: 50] LEN: 12 | HEX: FA 76 FE FC 71 FA 91 F7 7B 61 B7 FF | T:571026 RPD:1
[CH: 50] LEN: 12 | HEX: FA 76 FE F3 76 F6 91 F5 4D 98 AF FB | T:571038 RPD:1
[CH: 50] LEN: 12 | HEX: F2 76 EA EA 77 F6 91 EE D1 7D AF FF | T:571038 RPD:0
[CH: 50] LEN: 12 | HEX: F2 76 F4 F9 74 F2 91 FF A4 73 FB EF | T:571049 RPD:1
[CH: 50] LEN: 12 | HEX: F2 76 FE F0 75 FA 91 EB 38 96 BF F6 | T:571049 RPD:0
[CH: 50] LEN: 12 | HEX: F2 76 F4 F7 7A FA 91 FB 49 81 BE FE | T:571061 RPD:0

Addressed capture: 5-byte address 18 18 18 18 3A, CRC off.
Every line below matched all 40 address bits in hardware.
Byte 0 is payload p0. Press x to stop.

[CH: 50] LEN: 12 | HEX: FA 76 FE F5 78 F6 91 FF 20 6A BE DF | T:571084 RPD:1
[CH: 50] LEN: 12 | HEX: FA 76 F6 F4 79 EA 91 FF FE 8F BF 7F | T:571110 RPD:1
[CH: 50] LEN: 12 | HEX: FA 76 F5 F3 7E F2 91 FF DA 76 BD EF | T:571140 RPD:1
[CH: 50] LEN: 12 | HEX: F2 76 FE F2 7D FA 91 E9 16 93 BD EF | T:571170 RPD:1
[CH: 50] LEN: 12 | HEX: FA 76 FE F1 7C FA 91 FD 63 9D BF EF | T:571200 RPD:1
[CH: 50] LEN: 12 | HEX: FA 76 FE F0 7D FA 91 EB BD F8 AF E7 | T:571230 RPD:1
[CH: 50] LEN: 12 | HEX: FA 76 FE EF 62 FA 91 FB 11 92 BF FE | T:571260 RPD:1
[CH: 50] LEN: 12 | HEX: F2 76 FE ED 60 F2 91 AF B8 79 BE FF | T:571319 RPD:1
[CH: 50] LEN: 12 | HEX: F2 76 F4 EC 61 EA 91 FF 6C 9E BF FF | T:571349 RPD:1
[CH: 50] LEN: 12 | HEX: FA 76 FE EB 66 FA 91 FF 52 65 BF FF | T:571379 RPD:1
[CH: 50] LEN: 12 | HEX: FA 76 F6 EA 67 DA 91 F7 8E 80 BF FF | T:571409 RPD:1
[CH: 50] LEN: 12 | HEX: F2 76 FE E9 64 F2 91 D7 FB 8E AF FB | T:571439 RPD:1
[CH: 50] LEN: 12 | HEX: F2 76 EE E8 65 EA 91 EE 27 6B FF 7F | T:571469 RPD:1
[CH: 50] LEN: 12 | HEX: F2 76 EA E7 6A F2 91 EF 96 7C BF FB | T:571499 RPD:1
[CH: 50] LEN: 12 | HEX: FA 76 FE E6 6B FA 91 D6 CA 99 BB FD | T:571529 RPD:1
[CH: 50] LEN: 12 | HEX: EA 76 F5 E5 68 F2 91 D5 3F 97 3B FF | T:571559 RPD:1
[CH: 50] LEN: 12 | HEX: FA 76 FE E4 69 FA 91 EF 43 72 BF DF | T:571589 RPD:1
[CH: 50] LEN: 12 | HEX: FA 76 FA E3 6E FA 91 FF 95 8B BF F7 | T:571619 RPD:1
[CH: 50] LEN: 12 | HEX: FA 76 F6 E2 6E EA 91 ED 09 6E AF FF | T:571649 RPD:1
[CH: 50] LEN: 12 | HEX: FA 76 FE E1 6C F6 91 EB 7C 60 BF FD | T:571679 RPD:1
[CH: 50] LEN: 12 | HEX: F2 76 F7 E0 6D F6 91 FF 60 85 BF FF | T:571709 RPD:1
[CH: 50] LEN: 12 | HEX: FA 76 EA DF 52 FA 91 EA 31 95 B5 FF | T:571739 RPD:1
[CH: 50] LEN: 12 | HEX: FA 76 FA F5 73 FA 91 F5 D2 8A BE FF | T:571769 RPD:1
[CH: 50] LEN: 12 | HEX: FA 76 EC FD 70 FA 91 FF 67 84 BF FF | T:571773 RPD:1
[CH: 50] LEN: 12 | HEX: F6 76 FA FC 71 FA 91 EE 7B 61 AF FF | T:571776 RPD:1
[CH: 50] LEN: 12 | HEX: FA 76 FA F3 76 FA 91 FF CD 98 B6 DF | T:571787 RPD:1
[CH: 50] LEN: 12 | HEX: FA 76 F4 FA 77 FE 91 EF 51 7B BF FF | T:571787 RPD:0
[CH: 50] LEN: 12 | HEX: F2 76 FE F9 74 FA 91 DE A4 73 BF FB | T:571799 RPD:1
[CH: 50] LEN: 12 | HEX: FA 76 FE F8 75 EE 91 FF 38 96 BD BE | T:571799 RPD:0
[CH: 50] LEN: 12 | HEX: F2 76 FE F7 7A FA 91 FE 89 81 BD 7B | T:571810 RPD:0
[CH: 50] LEN: 12 | HEX: F2 76 F5 F5 70 EA 91 F6 20 6A BB 7E | T:571826 RPD:1
[CH: 50] LEN: 12 | HEX: FA 76 F4 F4 79 FA 91 FF 7C 8F 3F EF | T:571856 RPD:1
[CH: 50] LEN: 12 | HEX: EE 76 FA F3 74 D6 91 EF CA 76 BB FB | T:571886 RPD:1
[CH: 50] LEN: 12 | HEX: FA 76 FC F2 7F 7A 91 FF 16 93 BF 7F | T:571916 RPD:1
[CH: 50] LEN: 12 | HEX: F2 76 FA E0 7D FA 91 EB 7E F8 B6 B5 | T:571976 RPD:1
[CH: 50] LEN: 12 | HEX: F2 76 FA EE 62 FA 91 FF 11 92 BF FF | T:572006 RPD:1
[CH: 50] LEN: 12 | HEX: FA 76 F4 EE 63 EE 91 EB 8D 77 3D ED | T:572036 RPD:1
[CH: 50] LEN: 12 | HEX: FA 76 FE ED 60 F6 91 EF B8 79 BF 77 | T:572066 RPD:1
[CH: 50] LEN: 12 | HEX: FA 76 F6 EC 61 EA 91 FF 64 9C BF FF | T:572096 RPD:1
[CH: 50] LEN: 12 | HEX: FA 76 F6 EB 66 F2 91 EF 52 65 BD FF | T:572126 RPD:1
[CH: 50] LEN: 12 | HEX: FA 76 F6 EA 67 FA 91 F7 0E 80 BF FA | T:572156 RPD:1
[CH: 50] LEN: 12 | HEX: FA 76 FE E9 64 FA 91 FE FB 8E AF FE | T:572186 RPD:1
[CH: 50] LEN: 12 | HEX: F2 76 FA E8 65 F6 91 FF 27 6B BF 7F | T:572216 RPD:1
[CH: 50] LEN: 12 | HEX: FA 76 FA E7 6A F2 91 FF 96 78 B6 EF | T:572246 RPD:1
[CH: 50] LEN: 12 | HEX: F6 76 FE E6 6B FA 91 FF CA 99 BC F7 | T:572276 RPD:1
[CH: 50] LEN: 12 | HEX: F2 76 FA E5 68 FA 91 EF 3F 97 BF FF | T:572306 RPD:1
[CH: 50] LEN: 12 | HEX: FA 76 F4 E4 69 FA 91 F7 E3 72 BF FD | T:572336 RPD:1
[CH: 50] LEN: 12 | HEX: F2 76 FC E3 6E FA 91 EF D5 8B FD DF | T:572366 RPD:1
[CH: 50] LEN: 12 | HEX: F2 76 FB E2 6F D6 91 F7 09 6E BF F5 | T:572396 RPD:1
[CH: 50] LEN: 12 | HEX: F2 76 EA E1 6C FA 91 FF 7C 60 BF DB | T:572426 RPD:1
[CH: 50] LEN: 12 | HEX: FA 76 EA E0 6D DA 91 F5 20 85 BF FF | T:572456 RPD:1
[CH: 50] LEN: 12 | HEX: FA 76 FE DE 52 FA 91 EE 31 95 BF DF | T:572486 RPD:1
[CH: 50] LEN: 12 | HEX: F2 76 FE FE 73 FA 91 EF D2 8A BF FE | T:572516 RPD:1
[CH: 50] LEN: 12 | HEX: FA 76 FE FD 70 EA 91 FF E7 84 BF FB | T:572519 RPD:1
[CH: 50] LEN: 12 | HEX: FA 76 FE FC 71 F6 91 FF 7B 61 BF 7E | T:572523 RPD:1
[CH: 50] LEN: 12 | HEX: FA 76 F5 FB 76 EE 91 FF CD 9C BF FF | T:572535 RPD:1
[CH: 50] LEN: 12 | HEX: FA 76 F6 EA 77 F6 91 F5 11 7B BF FF | T:572535 RPD:0
[CH: 50] LEN: 12 | HEX: F2 76 FE E1 74 EA 91 D6 A4 73 BE BB | T:572546 RPD:1
[CH: 50] LEN: 12 | HEX: FA 76 F6 F0 75 FA 91 F5 38 96 BD 7B | T:572546 RPD:0
[CH: 50] LEN: 12 | HEX: F2 76 FF E7 7A F6 91 FE 89 81 BD F7 | T:572558 RPD:0
[CH: 50] LEN: 12 | HEX: F2 76 FE F5 78 F2 91 DE A0 6A B5 D9 | T:572573 RPD:1
[CH: 50] LEN: 12 | HEX: FA 76 FE F4 79 D6 91 F6 BC 8F 3F BA | T:572603 RPD:1
[CH: 50] LEN: 12 | HEX: FA 76 FA F3 7B FA 91 FF 4A 76 BB EF | T:572633 RPD:1
[CH: 50] LEN: 12 | HEX: FA 76 FE F2 7F F2 91 FE 16 93 BF EB | T:572663 RPD:1
[CH: 50] LEN: 12 | HEX: FA 76 FA F1 7A F6 91 FD 63 9D AB FB | T:572693 RPD:1
[CH: 50] LEN: 12 | HEX: FA 76 FA F0 7D FA 91 FE 7F 78 BF EE | T:572723 RPD:1
[CH: 50] LEN: 12 | HEX: FA 76 FE EF 62 F6 91 F7 11 92 BF B7 | T:572753 RPD:1
[CH: 50] LEN: 12 | HEX: FA 76 FD EE 63 FA 91 FD 4D 77 BF EC | T:572783 RPD:1
[CH: 50] LEN: 12 | HEX: F2 76 FE ED 60 FA 91 FD 78 79 BF D7 | T:572813 RPD:1
[CH: 50] LEN: 12 | HEX: FA 76 FE EC 61 FA 91 EE E4 9C AF DE | T:572843 RPD:1
[CH: 50] LEN: 12 | HEX: FA 76 FE EA 67 7A 91 FD 8E 80 BF F7 | T:572903 RPD:1
[CH: 50] LEN: 12 | HEX: F2 76 FE E9 64 F2 91 EF 9B 8F B7 EB | T:572933 RPD:1
[CH: 50] LEN: 12 | HEX: FA 76 F6 E8 65 FA 91 F6 A7 6B BE FF | T:572963 RPD:1
[CH: 50] LEN: 12 | HEX: F2 76 FA E7 6A F2 91 FE 96 7C BB FF | T:572993 RPD:1
[CH: 50] LEN: 12 | HEX: F6 76 FE E6 6B FA 91 FE CA 99 B7 B7 | T:573023 RPD:1
[CH: 50] LEN: 12 | HEX: FA 76 FC E5 68 FA 91 FF 3F 97 BD F7 | T:573053 RPD:1
[CH: 50] LEN: 12 | HEX: F2 76 FE E4 69 FA 91 EF A3 72 B7 D5 | T:573083 RPD:1
[CH: 50] LEN: 12 | HEX: F2 76 FA E3 6E FA 91 EB 95 8B BA FB | T:573113 RPD:1
[CH: 50] LEN: 12 | HEX: F2 76 F6 E2 6F F6 91 EB 09 6E BF FB | T:573143 RPD:1
[CH: 50] LEN: 12 | HEX: F2 76 FE E1 6C FA 91 FE 7C 60 B7 FB | T:573173 RPD:1
[CH: 50] LEN: 12 | HEX: FA 76 F4 E0 6D EA 91 FE A0 85 BE BB | T:573203 RPD:1
[CH: 50] LEN: 12 | HEX: F2 76 F6 DF 52 EA 91 FF 31 95 BE B7 | T:573233 RPD:1
[CH: 50] LEN: 12 | HEX: F2 76 FE FE 73 AA 91 FA 92 8A BD FF | T:573263 RPD:1
[CH: 50] LEN: 12 | HEX: F2 76 FE FC 71 FA 91 EF 7B 61 BF FD | T:573270 RPD:1
[CH: 50] LEN: 12 | HEX: F2 76 FE FB 76 F6 91 D7 4D 98 BF FF | T:573274 RPD:1
[CH: 50] LEN: 12 | HEX: F6 76 F6 FA 77 F2 91 F7 91 7B B7 7F | T:573278 RPD:1
[CH: 50] LEN: 12 | HEX: FA 76 FE F9 74 FA 91 FF E4 73 BF D6 | T:573289 RPD:1
[CH: 50] LEN: 12 | HEX: E6 76 EE F0 75 DA 91 FD 3C 96 BF FF | T:573289 RPD:0
[CH: 50] LEN: 12 | HEX: FA 76 FD F7 7A FA 91 FF C9 81 BB 7D | T:573301 RPD:0
[CH: 50] LEN: 12 | HEX: FA 76 FD F6 7B FA 91 EE D5 64 BD 7F | T:573319 RPD:1
[CH: 50] LEN: 12 | HEX: F2 76 EA F5 78 FA 91 FF A0 6A BF 7D | T:573349 RPD:1
[CH: 50] LEN: 12 | HEX: F2 76 FE F4 79 FA 91 FF FC 8F 7F DF | T:573379 RPD:1
[CH: 50] LEN: 12 | HEX: F2 76 F4 F3 7E FA 91 FD 4A 76 BF FF | T:573409 RPD:1
[CH: 50] LEN: 12 | HEX: FA 76 F5 F2 7A AA 91 D6 16 93 BF EB | T:573439 RPD:1
[CH: 50] LEN: 12 | HEX: F2 76 EE E1 7C FA 91 FE E3 9D BF FB | T:573469 RPD:1
[CH: 50] LEN: 12 | HEX: F6 76 F5 F0 75 EA 91 FD 7F 78 B7 FF | T:573499 RPD:1
[CH: 50] LEN: 12 | HEX: FA 76 F6 EF 62 F2 91 F5 11 92 BF FF | T:573529 RPD:1
[CH: 50] LEN: 12 | HEX: F6 76 F5 EE 63 BA 91 FD 4D 77 3F DF | T:573559 RPD:1
[CH: 50] LEN: 12 | HEX: FA 76 FE ED 60 F2 91 FD B8 79 BF DD | T:573589 RPD:1
[CH: 50] LEN: 12 | HEX: F6 76 FE EC 61 DA 91 DF 64 9C BF D3 | T:573619 RPD:1
[CH: 50] LEN: 12 | HEX: FA 76 FE EB 66 FA 91 FF D2 65 BB FD | T:573649 RPD:1
[CH: 50] LEN: 12 | HEX: EA 76 FE EA 67 BA 91 EA 4E 80 BB 7F | T:573679 RPD:1
[CH: 50] LEN: 12 | HEX: F2 76 FE E9 64 FA 91 D7 7B 8E BB EE | T:573709 RPD:1
[CH: 50] LEN: 12 | HEX: FA 76 FE E8 65 FA 91 FE 27 6B BF 7B | T:573739 RPD:1
[CH: 50] LEN: 12 | HEX: F6 76 EE E7 6A EA 91 FE 16 7C BF FB | T:573769 RPD:1
[CH: 50] LEN: 12 | HEX: FA 76 F4 E6 6B FA 91 D5 4A 99 BF FD | T:573799 RPD:1
[CH: 50] LEN: 12 | HEX: FA 76 EA E5 68 F6 91 F7 3F 97 AF DE | T:573829 RPD:1
[CH: 50] LEN: 12 | HEX: FA 76 F6 E4 69 FA 91 FF A3 72 BF FF | T:573859 RPD:1
[CH: 50] LEN: 12 | HEX: F6 76 F6 E3 6E FA 91 D7 D5 8B B7 9F | T:573889 RPD:1
[CH: 50] LEN: 12 | HEX: F2 76 FE E2 6F FA 91 FE 89 6E BE FE | T:573919 RPD:0
[CH: 50] LEN: 12 | HEX: FA 76 F6 E1 6C DA 91 FF 7C 60 BA FD | T:573949 RPD:0
[CH: 50] LEN: 12 | HEX: F2 76 F5 E0 6D EE 91 FB A0 85 AF DD | T:573979 RPD:0
[CH: 50] LEN: 12 | HEX: FA 7E FE DF 52 EE 91 FF 31 95 BF FF | T:574009 RPD:0
[CH: 50] LEN: 12 | HEX: FA 76 FC FE 73 D6 91 FF D2 8A BF EF | T:574039 RPD:0
[CH: 50] LEN: 12 | HEX: FA 76 F6 FC 71 FA 91 FF FB 61 B7 FE | T:574073 RPD:0
[CH: 50] LEN: 12 | HEX: FA 76 FE FB 76 FA 91 FB 4D 98 BF EF | T:574076 RPD:0
[CH: 50] LEN: 12 | HEX: FA 76 FE FA 77 F2 91 FF 51 7D BD FD | T:574079 RPD:0
[CH: 50] LEN: 12 | HEX: FA 76 F4 EC 75 EA 91 F5 38 96 BF E9 | T:574091 RPD:0
[CH: 50] LEN: 12 | HEX: FA 76 F7 F6 73 D2 91 EE D5 64 BA FF | T:574093 RPD:0
[CH: 50] LEN: 12 | HEX: F2 76 F6 ED 74 DA 91 DA A0 6A BD BD | T:574123 RPD:0
[CH: 50] LEN: 12 | HEX: EA 76 F5 F4 79 F6 91 EE FC 8F BF FF | T:574153 RPD:0
[CH: 50] LEN: 12 | HEX: F6 76 F4 F3 7E DA 91 F7 CA 76 BD DE | T:574184 RPD:0
[CH: 50] LEN: 12 | HEX: EA 76 FA F2 7F E2 91 FF 16 93 BF FF | T:574214 RPD:0
[CH: 50] LEN: 12 | HEX: E6 76 FE F1 78 FA 91 FF 63 9D AE FA | T:574244 RPD:0
[CH: 50] LEN: 12 | HEX: FA 76 FE F0 7D F2 91 EB 7E 78 BF FF | T:574274 RPD:1
[CH: 50] LEN: 12 | HEX: FA 76 FE EE 63 DA 91 F7 ED 77 BD 6F | T:574334 RPD:1
[CH: 50] LEN: 12 | HEX: FA 76 FE ED 60 FA 91 FF B8 79 BF F3 | T:574364 RPD:1
[CH: 50] LEN: 12 | HEX: FA 76 EA EC 61 FA 91 DF 64 9C BF 7B | T:574394 RPD:1
[CH: 50] LEN: 12 | HEX: FA 76 FE EB 66 F2 91 FF 52 65 BF FE | T:574424 RPD:1
[CH: 50] LEN: 12 | HEX: F2 76 FE EA 67 FA 91 FF 8E 80 BF 77 | T:574454 RPD:1
[CH: 50] LEN: 12 | HEX: FE 76 FE E9 64 F2 91 FF FB 8E B7 F3 | T:574484 RPD:1
[CH: 50] LEN: 12 | HEX: FA 76 FE E8 65 FA 91 FF 27 6B B6 DF | T:574514 RPD:1
[CH: 50] LEN: 12 | HEX: FA 76 FE E7 6A FA 91 FF 96 7C BF FF | T:574544 RPD:1
[CH: 50] LEN: 12 | HEX: FA 76 F4 E6 6B EA 91 EF 4A 99 BF 7E | T:574573 RPD:1
[CH: 50] LEN: 12 | HEX: FA 76 FE E5 68 F2 91 FF 3F 97 BD FF | T:574603 RPD:1
[CH: 50] LEN: 12 | HEX: F2 76 FC E4 69 F2 91 F7 A3 72 BF F7 | T:574633 RPD:1
[CH: 50] LEN: 12 | HEX: FA 76 FE E3 6E FA 91 FF D5 8B B6 FA | T:574663 RPD:1
[CH: 50] LEN: 12 | HEX: FA 76 FE E2 6F DA 91 5F 09 6A BB 6E | T:574693 RPD:1
[CH: 50] LEN: 12 | HEX: FA 76 F4 E1 6C F2 91 FF 7C 60 BD B6 | T:574723 RPD:1
[CH: 50] LEN: 12 | HEX: FA 76 FE E0 6D F6 91 FE E0 85 BF BD | T:574753 RPD:1
[CH: 50] LEN: 12 | HEX: F2 76 F6 DF 52 FA 91 EB 31 95 BD FF | T:574783 RPD:1
[CH: 50] LEN: 12 | HEX: F2 76 FE FC 73 D6 91 F5 D2 8A BF FE | T:574813 RPD:1
[CH: 50] LEN: 12 | HEX: FA 7E FE FD 70 EA 91 FA A7 84 BF FF | T:574817 RPD:1
[CH: 50] LEN: 12 | HEX: FA 76 FE F8 71 F2 91 FF FB 61 BF F5 | T:574821 RPD:1
[CH: 50] LEN: 12 | HEX: FA 76 F6 FB 76 F2 91 FF 4D 98 BE FF | T:574832 RPD:1
[CH: 50] LEN: 12 | HEX: FA 76 FE F9 74 F2 91 FF E4 73 BE FF | T:574833 RPD:1
[CH: 50] LEN: 12 | HEX: FA 76 FC F8 75 FA 91 FA 38 96 BF EB | T:574844 RPD:1
[CH: 50] LEN: 12 | HEX: FA 76 FE F7 7A FA 91 EA 89 81 AA FD | T:574844 RPD:0
[CH: 50] LEN: 12 | HEX: FA 76 FE F6 7B FA 91 F7 55 64 B7 ED | T:574855 RPD:0
[CH: 50] LEN: 12 | HEX: FA 76 FE F5 78 FA 91 EF 20 6A BD B5 | T:574871 RPD:1
[CH: 50] LEN: 12 | HEX: FA 76 F5 F4 79 FA 91 FF FC 8F BF F8 | T:574901 RPD:1
[CH: 50] LEN: 12 | HEX: FA 76 FA F3 7C FA 91 EF CA 76 BA E9 | T:574931 RPD:1
[CH: 50] LEN: 12 | HEX: FA 76 FC F2 7F EA 91 7F 16 93 7B DF | T:574961 RPD:1
[CH: 50] LEN: 12 | HEX: FA 76 FE F1 78 FA 91 FE 63 9D AD 7E | T:574991 RPD:1
[CH: 50] LEN: 12 | HEX: FA 76 F6 F0 7D FA 91 FF FF 7C BE F7 | T:575021 RPD:1
[CH: 50] LEN: 12 | HEX: FA 76 F4 EF 62 F2 91 FD 11 92 BF FF | T:575051 RPD:1
[CH: 50] LEN: 12 | HEX: F2 76 FA EE 63 D2 91 FF 6D 77 B7 FE | T:575081 RPD:1
[CH: 50] LEN: 12 | HEX: FA 76 FE ED 60 FA 91 F5 38 79 BF F4 | T:575111 RPD:1
[CH: 50] LEN: 12 | HEX: FA 76 F6 EC 61 EA 91 FF 64 9C BF DF | T:575141 RPD:1
[CH: 50] LEN: 12 | HEX: EA 76 FA EB 66 FA 91 FF 52 65 BD 77 | T:575171 RPD:1
[CH: 50] LEN: 12 | HEX: F2 76 FE EA 67 EE 91 FF 8E 80 B7 FF | T:575201 RPD:1
[CH: 50] LEN: 12 | HEX: FA 76 FA E9 64 EA 91 F7 FB 8E BF 7F | T:575231 RPD:1
[CH: 50] LEN: 12 | HEX: FA 76 FC E8 65 D6 91 FE A7 6B BF FD | T:575261 RPD:1
[CH: 50] LEN: 12 | HEX: FA 76 FE E7 6A FA 91 FF 96 78 BE FB | T:575291 RPD:1
[CH: 50] LEN: 12 | HEX: F2 76 FE E6 6B DA 91 FF 4A 99 BE FF | T:575321 RPD:1
[CH: 50] LEN: 12 | HEX: F2 76 F5 E5 68 FA 91 FF 3F 97 BF BF | T:575351 RPD:1
[CH: 50] LEN: 12 | HEX: F2 76 F4 E4 69 F2 91 FB 43 72 BF FF | T:575381 RPD:1
[CH: 50] LEN: 12 | HEX: F2 76 FE E3 6E FA 91 FF D5 8B AF BF | T:575411 RPD:1
[CH: 50] LEN: 12 | HEX: F2 76 FA E2 6F FA 91 FF 09 6E BF 7B | T:575441 RPD:1
[CH: 50] LEN: 12 | HEX: FA 76 FE E1 6C FA 91 EE 7C 60 BC FF | T:575471 RPD:1
[CH: 50] LEN: 12 | HEX: FA 76 FE E0 6D FA 91 F7 20 85 BE FF | T:575501 RPD:1
[CH: 50] LEN: 12 | HEX: FA 76 FE DE 52 FA 91 FF 31 95 AD FF | T:575531 RPD:1
[CH: 50] LEN: 12 | HEX: FA 76 FA FA 73 EA 91 F7 D2 8A B7 F6 | T:575561 RPD:1
[CH: 50] LEN: 12 | HEX: FA 76 FB FD 70 FA 91 FD 67 84 BE FF | T:575565 RPD:1
[CH: 50] LEN: 12 | HEX: FA 76 FC F8 71 FA 91 F7 7B 61 BD FF | T:575568 RPD:1
[CH: 50] LEN: 12 | HEX: FA 76 FE FB 76 FA 91 FF 4D 98 BF 7F | T:575579 RPD:1
[CH: 50] LEN: 12 | HEX: F2 76 FE FA 77 FA 91 FF 51 7D BE EF | T:575579 RPD:0
[CH: 50] LEN: 12 | HEX: FA 76 FE F1 74 F2 91 F7 A4 73 BF BF | T:575591 RPD:1
[CH: 50] LEN: 12 | HEX: FA 76 F5 F8 75 FA 91 FF 38 96 BF CF | T:575591 RPD:0
[CH: 50] LEN: 12 | HEX: FA 76 F4 E7 7A FA 91 FF 89 81 BF FF | T:575602 RPD:0
[CH: 50] LEN: 12 | HEX: FA 76 FC F5 78 EA 91 F2 20 6A BF A6 | T:575621 RPD:1
[CH: 50] LEN: 12 | HEX: FA 76 FE F4 79 F2 91 D6 A8 8F BF FF | T:575651 RPD:1
[CH: 50] LEN: 12 | HEX: FA 76 FE F3 7C FE 91 FE AA 76 BD ED | T:575681 RPD:1
[CH: 50] LEN: 12 | HEX: FA 76 FD F2 75 AA 91 D5 16 93 AA D7 | T:575711 RPD:1
[CH: 50] LEN: 12 | HEX: FA 7E FE F1 78 FA 91 FF 63 9D BD FF | T:575741 RPD:1
[CH: 50] LEN: 12 | HEX: FA 76 FE F0 79 FA 91 EA FD 78 BF EA | T:575771 RPD:1
[CH: 50] LEN: 12 | HEX: F2 76 FE EF 62 F2 91 F6 91 92 BE EF | T:575801 RPD:1
[CH: 50] LEN: 12 | HEX: FA 76 F4 EE 63 FA 91 FB CD 77 3D D6 | T:575831 RPD:1
[CH: 50] LEN: 12 | HEX: FA 76 FE ED 60 F2 91 FB B8 79 BF FE | T:575861 RPD:1
[CH: 50] LEN: 12 | HEX: FA 76 FC EC 61 F2 91 FF 64 9C BF FD | T:575891 RPD:1
[CH: 50] LEN: 12 | HEX: F2 76 FC EB 66 FA 91 FF 52 65 B6 EF | T:575921 RPD:1
[CH: 50] LEN: 12 | HEX: FA 76 FE EA 67 FA 91 EE 8E 80 B6 FF | T:575951 RPD:1
[CH: 50] LEN: 12 | HEX: EA 76 FE E9 64 F2 91 FF AB 8E BD 27 | T:575981 RPD:1
[CH: 50] LEN: 12 | HEX: F2 76 FE E8 65 D2 91 FF 27 6B BF 7F | T:576011 RPD:1
[CH: 50] LEN: 12 | HEX: FE 76 FE E7 6A FA 91 FF 96 7C B5 DC | T:576041 RPD:1
[CH: 50] LEN: 12 | HEX: FA 76 FC E6 6B FA 91 FF 4A 99 B9 FF | T:576071 RPD:1
[CH: 50] LEN: 12 | HEX: FA 76 FB E5 68 FA 91 DF 3F 97 BE B6 | T:576101 RPD:1
[CH: 50] LEN: 12 | HEX: FA 76 EE E4 69 FA 91 FF A3 72 B7 DA | T:576131 RPD:1
[CH: 50] LEN: 12 | HEX: FA 76 FE E3 6E FA 91 F5 B5 8B BF FF | T:576161 RPD:1
[CH: 50] LEN: 12 | HEX: FA 76 FE E1 6C FA 91 FF 7C 60 BF 7D | T:576221 RPD:1
[CH: 50] LEN: 12 | HEX: FA 76 FA E0 6D FA 91 FF 60 85 AF AD | T:576251 RPD:1
[CH: 50] LEN: 12 | HEX: FA 76 EA DF 52 FA 91 EB 31 95 BF 77 | T:576281 RPD:1
[CH: 50] LEN: 12 | HEX: FA 76 FE FE 73 D2 91 FF D2 8A BF FD | T:576311 RPD:1
[CH: 50] LEN: 12 | HEX: FA 76 FE FD 70 FA 91 FF A7 84 B7 DD | T:576314 RPD:1
[CH: 50] LEN: 12 | HEX: FA 76 FC FC 71 F2 91 FF 7B 61 B6 FD | T:576318 RPD:1
[CH: 50] LEN: 12 | HEX: FA 76 FE FB 76 FA 91 FF 4D 98 BB FF | T:576330 RPD:0
[CH: 50] LEN: 12 | HEX: FA 76 FE FA 77 AA 91 FE 91 7D BB 5D | T:576330 RPD:0
[CH: 50] LEN: 12 | HEX: F2 76 FA FD 74 FA 91 EB 44 73 BF BF | T:576341 RPD:0
[CH: 50] LEN: 12 | HEX: FA 76 FC F8 75 EA 91 F7 38 96 B7 FB | T:576342 RPD:0
[CH: 50] LEN: 12 | HEX: FA 76 F4 F7 7A FA 91 FF 89 81 BF DA | T:576353 RPD:0
[CH: 50] LEN: 12 | HEX: EA 76 FC F5 70 FA 91 FF 20 6A BE F7 | T:576370 RPD:0
[CH: 50] LEN: 12 | HEX: FA 76 FB FC 79 FA 91 D5 5C 8F BB EF | T:576400 RPD:0
[CH: 50] LEN: 12 | HEX: EA 76 95 F2 7F DA 91 69 16 93 75 FC | T:576460 RPD:0
[CH: 50] LEN: 12 | HEX: FE 76 EE FF 62 F6 91 FF 11 92 FB FF | T:576550 RPD:0
[CH: 50] LEN: 12 | HEX: FA 76 FE FD 60 FA 91 FF B8 75 BB FE | T:576610 RPD:0
[CH: 50] LEN: 12 | HEX: D2 66 FE EC 61 AA 91 BF 64 98 BF FE | T:576639 RPD:0
[CH: 50] LEN: 12 | HEX: F2 76 FA EB 66 FA 91 FD D2 65 BB 69 | T:576670 RPD:0
[CH: 50] LEN: 12 | HEX: F2 76 FE EA 67 FA 91 D7 0F 80 BF 7F | T:576700 RPD:0
[CH: 50] LEN: 12 | HEX: F2 76 EA E9 64 FA 91 EA D3 8E BB FF | T:576730 RPD:0
[CH: 50] LEN: 12 | HEX: F2 76 EE E8 65 EA 91 EF 27 6B BF FF | T:576760 RPD:0
[CH: 50] LEN: 12 | HEX: FA 76 FC E7 6A FA 91 FF 96 7C BF F7 | T:576790 RPD:1
[CH: 50] LEN: 12 | HEX: FA 76 FE E6 6B FA 91 FF 4A 99 BD B7 | T:576820 RPD:1
[CH: 50] LEN: 12 | HEX: FA 76 FE E5 68 F2 91 F7 3F 97 BF FF | T:576850 RPD:1
[CH: 50] LEN: 12 | HEX: F2 74 A6 E4 69 EA 91 FF E3 72 BA FE | T:576880 RPD:1
[CH: 50] LEN: 12 | HEX: FA 76 FA E3 6E FA 91 FB D5 8B B7 FF | T:576909 RPD:1
[CH: 50] LEN: 12 | HEX: EA 76 FE E2 6F 7A 91 FF 09 6E BB BB | T:576939 RPD:1
[CH: 50] LEN: 12 | HEX: FA 76 FE F1 6C FA 91 FF FC 60 BD BB | T:576969 RPD:1
[CH: 50] LEN: 12 | HEX: FA 76 FE E0 6D FA 91 FF A0 85 BF DF | T:576999 RPD:1
[CH: 50] LEN: 12 | HEX: FA 76 FE DF D2 F2 91 EE 31 95 BF EF | T:577029 RPD:1
[CH: 50] LEN: 12 | HEX: FA 76 FE FE 73 FA 91 FF D2 8A BF 7F | T:577059 RPD:1
[CH: 50] LEN: 12 | HEX: FA 76 FE FD 70 FA 91 FF A7 84 BF 5F | T:577063 RPD:1
[CH: 50] LEN: 12 | HEX: FA 76 FA F4 71 FA 91 FF 7B 61 BB 7F | T:577067 RPD:1
[CH: 50] LEN: 12 | HEX: FA 76 FE FB 76 F2 91 FF 4D 98 B7 DF | T:577078 RPD:1
[CH: 50] LEN: 12 | HEX: EA 76 F4 FA 77 FA 91 FF 91 79 BD 7B | T:577079 RPD:0
[CH: 50] LEN: 12 | HEX: FA 76 FE F9 74 FA 91 EF A4 73 BE BE | T:577090 RPD:1
[CH: 50] LEN: 12 | HEX: FA 76 FC F8 75 FA 91 FF 3C 96 BF EB | T:577090 RPD:0
[CH: 50] LEN: 12 | HEX: F2 76 FE F7 7A FA 91 EF 49 81 B7 FF | T:577101 RPD:0
[CH: 50] LEN: 12 | HEX: FA 76 FE F5 78 F2 91 FF 20 6A B2 BF | T:577119 RPD:1
[CH: 50] LEN: 12 | HEX: FA 76 FE F4 79 FA 91 D7 D4 8F B9 CF | T:577149 RPD:1
[CH: 50] LEN: 12 | HEX: FA 76 FE F3 7C FA 91 FF 6A 76 AE AD | T:577179 RPD:1
[CH: 50] LEN: 12 | HEX: FA 76 FE F2 7F AA 91 EE 96 93 BE FF | T:577209 RPD:1
[CH: 50] LEN: 12 | HEX: FA 76 FE F1 7C F2 91 FF 63 BD BE DF | T:577239 RPD:1
[CH: 50] LEN: 12 | HEX: FA 76 F4 F0 7D FA 91 FF 7F 78 BF DF | T:577269 RPD:1
[CH: 50] LEN: 12 | HEX: FA 76 FE EF 62 FA 91 FF 11 92 BE FF | T:577299 RPD:1
[CH: 50] LEN: 12 | HEX: FA 76 FE EE 63 FA 91 FF CD 77 BA DD | T:577329 RPD:1
[CH: 50] LEN: 12 | HEX: FA 76 FE ED 60 FA 91 DF 78 79 AD BF | T:577359 RPD:1
[CH: 50] LEN: 12 | HEX: FA 76 FE EC 61 F2 91 FF 64 9C BF 57 | T:577389 RPD:1
[CH: 50] LEN: 12 | HEX: FA 76 F6 EB 66 FA 91 F6 D2 65 BF FF | T:577419 RPD:1
[CH: 50] LEN: 12 | HEX: F2 73 D5 00 81 FA 91 FF AF FB AF AE | T:577642 RPD:1
[CH: 50] LEN: 12 | HEX: F2 7B FF 00 81 D6 91 FF D6 BB AA BE | T:577643 RPD:1
[CH: 50] LEN: 12 | HEX: F9 77 FE FE EA 70 91 FF BA BB FB BD | T:577672 RPD:1
[CH: 50] LEN: 12 | HEX: F9 77 FE FD FE 73 91 FF 0D 39 BF BA | T:577675 RPD:1
[CH: 50] LEN: 12 | HEX: F9 77 FE F4 FE 72 91 FF D0 58 B7 75 | T:577678 RPD:1
[CH: 50] LEN: 12 | HEX: F9 77 EA FB EA 75 91 FE 72 1C BF FF | T:577690 RPD:1
[CH: 50] LEN: 12 | HEX: F9 77 ED FA FE 74 91 FF DF 7D BF AA | T:577690 RPD:0
[CH: 50] LEN: 12 | HEX: F9 77 7B F9 FA 77 91 FF 58 FF BF BF | T:577701 RPD:1
[CH: 50] LEN: 12 | HEX: F9 77 FA F8 FE 76 91 FF 45 9E AE FF | T:577702 RPD:0
[CH: 50] LEN: 12 | HEX: F9 77 DA F7 DE 79 91 FF 8C 56 BF F6 | T:577713 RPD:0
[CH: 50] LEN: 12 | HEX: F1 77 FD FC FE 72 91 F7 90 58 BF FE | T:577724 RPD:1
[CH: 50] LEN: 12 | HEX: F9 77 D4 FB FE 75 91 D5 72 1E BE FB | T:577724 RPD:1
[CH: 50] LEN: 12 | HEX: F9 77 FC FA FE 74 91 EF 5F 7D BF BB | T:577736 RPD:1
[CH: 50] LEN: 12 | HEX: F9 77 FE F9 FA 77 91 FF 58 FF BB FF | T:577736 RPD:1
[CH: 50] LEN: 12 | HEX: F9 77 BC F8 FE 76 91 FF C5 9E BD FD | T:577748 RPD:1
[CH: 50] LEN: 12 | HEX: F9 77 DE F7 FE 79 91 FF CC 56 BF EB | T:577751 RPD:1
[CH: 50] LEN: 12 | HEX: F9 77 FE FE FE 70 91 FF BA BB BB F7 | T:577763 RPD:1
[CH: 50] LEN: 12 | HEX: F9 77 FB FD EE 73 91 FF 0D 39 BF B7 | T:577763 RPD:1
[CH: 50] LEN: 12 | HEX: F9 77 FC F4 FE 72 91 D7 50 58 BB FF | T:577777 RPD:1
[CH: 50] LEN: 12 | HEX: F9 77 FE FB EE 75 91 FF 72 1C BF B5 | T:577780 RPD:1
[CH: 50] LEN: 12 | HEX: F9 77 AD FA F4 74 91 FF 4F 7D BB FF | T:577792 RPD:1
[CH: 50] LEN: 12 | HEX: F9 77 FE F9 FE 77 91 F7 58 FF BF DF | T:577792 RPD:0
[CH: 50] LEN: 12 | HEX: F9 77 FE F8 FE 7E 91 DF 25 9E BB 7A | T:577803 RPD:1
[CH: 50] LEN: 12 | HEX: F9 77 DE F7 FC 79 91 FF 8C 56 B7 BF | T:577804 RPD:0
[CH: 50] LEN: 12 | HEX: F9 77 DC FE F6 70 91 F7 BA BB AC E6 | T:577815 RPD:1
[CH: 50] LEN: 12 | HEX: F9 77 FE FB FE 75 91 FE 72 1C BF FF | T:577815 RPD:0
[CH: 50] LEN: 12 | HEX: F9 77 FE F2 FE 74 91 F7 BF 7D AF FF | T:577826 RPD:0
[CH: 50] LEN: 12 | HEX: F9 77 FD F8 FE 76 91 FF E5 9F BF F7 | T:577838 RPD:1
[CH: 50] LEN: 12 | HEX: F1 77 BC F7 AD 79 91 FF 8C 56 BF 5F | T:577838 RPD:0
[CH: 50] LEN: 12 | HEX: F9 77 FC F6 FE 70 91 FF 7A BB FF FD | T:577849 RPD:1
[CH: 50] LEN: 12 | HEX: F9 77 FD FD FE 73 91 FF 0D 39 BF FE | T:577850 RPD:1
[CH: 50] LEN: 12 | HEX: F9 77 FD FC FE 72 91 D5 10 58 BE AD | T:577861 RPD:1
[CH: 50] LEN: 12 | HEX: F1 77 FE FB EE 75 91 FF 72 1C B7 FF | T:577862 RPD:1
[CH: 50] LEN: 12 | HEX: F9 77 EC FA FE 74 91 EF BF 7D B7 D5 | T:577874 RPD:1
[CH: 50] LEN: 12 | HEX: F9 77 FB F1 F6 77 11 F6 D8 FE BF FB | T:577885 RPD:1
[CH: 50] LEN: 12 | HEX: F9 77 FE F8 F6 76 91 FF 05 9E BF FF | T:577885 RPD:0
[CH: 50] LEN: 12 | HEX: F9 77 F5 F7 FE 79 91 FF 8C 56 B7 EF | T:577896 RPD:1
[CH: 50] LEN: 12 | HEX: F9 77 DD FB FE 75 91 FF 72 1C BB DB | T:577897 RPD:1
[CH: 50] LEN: 12 | HEX: F9 77 FD FA FE 74 91 FF EF 7D BF 6D | T:577908 RPD:1
[CH: 50] LEN: 12 | HEX: F9 77 D6 F9 FE 77 91 F7 58 FF BD 6E | T:577909 RPD:1
[CH: 50] LEN: 12 | HEX: F1 77 FE F8 FB 76 91 FF 45 9E BF F7 | T:577929 RPD:1
[CH: 50] LEN: 12 | HEX: F9 77 BA F7 D4 79 91 FF 0C 56 BF FF | T:577932 RPD:1
[CH: 50] LEN: 12 | HEX: F1 77 FB FE FA 70 91 FF FA BB BB 5D | T:577935 RPD:1
[CH: 50] LEN: 12 | HEX: F1 77 FF F9 F5 73 91 FE 0D 39 AB 7D | T:577947 RPD:1
[CH: 50] LEN: 12 | HEX: E9 77 FE FC FC 7A 91 FF 90 58 BE FD | T:577947 RPD:0
[CH: 50] LEN: 12 | HEX: F5 77 FD F3 D6 75 91 FE F2 1C BF FF | T:577958 RPD:0
[CH: 50] LEN: 12 | HEX: F1 77 AC EA FA 74 91 EA CF 7B BF F4 | T:577964 RPD:1
[CH: 50] LEN: 12 | HEX: F9 77 FD F9 DC 77 91 FE D8 FF 3F BF | T:577976 RPD:1
[CH: 50] LEN: 12 | HEX: F1 77 FE F0 FA 76 91 FF 25 9E BB EB | T:577976 RPD:0
[CH: 50] LEN: 12 | HEX: F9 77 DC F7 FA 71 91 F5 0C 56 BB B6 | T:577987 RPD:1
[CH: 50] LEN: 12 | HEX: F9 77 DC FA FE 70 91 F5 BA BB BF F5 | T:577987 RPD:0
[CH: 50] LEN: 12 | HEX: F9 77 FF FB FE 73 91 FB 0D 39 BF FB | T:577999 RPD:1
[CH: 50] LEN: 12 | HEX: F1 77 B4 F2 FA 74 91 EB CF 7D BF FF | T:577999 RPD:0
[CH: 50] LEN: 12 | HEX: F9 77 7A F9 F4 77 91 FF 58 FE FF EF | T:578010 RPD:1
[CH: 50] LEN: 12 | HEX: F9 77 AE F9 FE 73 91 F7 0D 39 A5 6D | T:578022 RPD:1
[CH: 50] LEN: 12 | HEX: F1 77 F4 EC F4 72 91 FE 90 58 BE FD | T:578022 RPD:0
[CH: 50] LEN: 12 | HEX: F1 77 7A F6 FE 74 91 DD EF 7D BF FD | T:578033 RPD:1
[CH: 50] LEN: 12 | HEX: F9 77 B6 FA F5 70 91 FF FA BB BB AF | T:578033 RPD:0
[CH: 50] LEN: 12 | HEX: F9 77 BD F5 FE 73 91 FD 8D 39 AB FD | T:578045 RPD:0
[CH: 50] LEN: 12 | HEX: F9 77 FC EA F6 72 91 FF 50 58 BF BF | T:578047 RPD:1
[CH: 50] LEN: 12 | HEX: F9 77 EA F3 EE 75 91 FF 72 1C BB FF | T:578059 RPD:1
[CH: 50] LEN: 12 | HEX: F1 77 DC FA EE 74 91 FF 4F 79 AB FB | T:578059 RPD:0
[CH: 50] LEN: 12 | HEX: F1 77 B4 E9 F6 77 91 FE 58 F7 AF BB | T:578070 RPD:1
[CH: 50] LEN: 12 | HEX: F9 77 D6 F8 FE 76 91 FF 85 9E BF FF | T:578081 RPD:1
[CH: 50] LEN: 12 | HEX: F9 77 74 F7 BD 79 91 DD 0C 57 BF FD | T:578082 RPD:0
[CH: 50] LEN: 12 | HEX: F1 77 6D F4 F6 72 91 FE 50 58 BB 7B | T:578093 RPD:1
[CH: 50] LEN: 12 | HEX: F1 77 BE F0 FE 76 91 FE 85 9E BF FF | T:578093 RPD:0
[CH: 50] LEN: 12 | HEX: F1 77 DE F7 FA 79 91 FE CC 56 B7 FF | T:578105 RPD:1
[CH: 50] LEN: 12 | HEX: F9 77 B4 FA EE 72 91 EE 10 58 B5 4B | T:578105 RPD:0
[CH: 50] LEN: 12 | HEX: F9 77 AD FA F6 74 91 FF 4F 7B BF EF | T:578116 RPD:1
[CH: 50] LEN: 12 | HEX: F9 77 FD F8 FE 76 91 FF C5 9E BF EF | T:578127 RPD:0
[CH: 50] LEN: 12 | HEX: F9 77 D6 E7 BE 71 91 FD 0C 56 AF F7 | T:578128 RPD:0
[CH: 50] LEN: 12 | HEX: F9 77 B5 EC F6 70 91 FD 3A BB BF FE | T:578139 RPD:1
[CH: 50] LEN: 12 | HEX: F9 77 FE F5 EA 73 91 FF 0D 39 AF F7 | T:578139 RPD:0
[CH: 50] LEN: 12 | HEX: F9 77 FD FC F6 72 91 FF 50 58 AD FD | T:578151 RPD:1
[CH: 50] LEN: 12 | HEX: F9 77 FF FA FE 74 91 FA DF 7D BE FA | T:578162 RPD:1
[CH: 50] LEN: 12 | HEX: F9 77 AC F1 FE 77 11 FE 58 F6 BF DD | T:578162 RPD:0
[CH: 50] LEN: 12 | HEX: F9 77 FD F7 FD 79 91 FE 8C 56 BF F7 | T:578173 RPD:1
[CH: 50] LEN: 12 | HEX: F9 77 DB FB DC 75 91 FF 72 1C BF FF | T:578174 RPD:0
[CH: 50] LEN: 12 | HEX: F1 77 BD FA FB 74 91 F7 AF 7D AA 85 | T:578185 RPD:1
[CH: 50] LEN: 12 | HEX: F9 77 EF F7 EE 79 91 FF 8C 56 BE 9C | T:578185 RPD:0
[CH: 50] LEN: 12 | HEX: F9 77 D6 FC FC 70 91 EF 7A BB AE FF | T:578196 RPD:1
[CH: 50] LEN: 12 | HEX: F9 77 BB FB FE 75 91 F7 72 1C BE FD | T:578208 RPD:1
[CH: 50] LEN: 12 | HEX: F5 77 BD FA FE 74 91 EE AE 77 BD DE | T:578208 RPD:0
[CH: 50] LEN: 12 | HEX: F9 77 FE F7 FF 79 91 F5 4C 56 BE BF | T:578219 RPD:0
[CH: 50] LEN: 12 | HEX: F9 77 FE FC FE 72 91 FF 90 58 BF 7D | T:578225 RPD:1
[CH: 50] LEN: 12 | HEX: F9 77 FB FB FF 75 91 F6 F2 1C B7 DF | T:578228 RPD:1
[CH: 50] LEN: 12 | HEX: F9 77 FE F2 F6 74 91 FF AF 7D BE FF | T:578239 RPD:1
[CH: 50] LEN: 12 | HEX: F9 77 EA F9 FE 77 91 FF 58 FA BE EF | T:578240 RPD:0
[CH: 50] LEN: 12 | HEX: F9 77 AA F8 FE 76 91 EE A5 9E BB 7A | T:578251 RPD:1
[CH: 50] LEN: 12 | HEX: F9 77 FE F7 DD 79 91 FD 4C 56 B7 F5 | T:578251 RPD:0
[CH: 50] LEN: 12 | HEX: F1 77 AA FA FA 70 91 DF 3A BB FE FD | T:578263 RPD:1
[CH: 50] LEN: 12 | HEX: F9 77 FD F3 D6 75 91 FA F2 1C BF D6 | T:578274 RPD:1
[CH: 50] LEN: 12 | HEX: F1 77 FE F2 FD 74 91 F5 5F 7D BF D7 | T:578274 RPD:0
[CH: 50] LEN: 12 | HEX: F9 77 ED F7 D4 79 91 FF 8C 56 BB 76 | T:578285 RPD:1
[CH: 50] LEN: 12 | HEX: F9 77 AA F3 FE 75 91 FF 72 1C BA FF | T:578286 RPD:0
[CH: 50] LEN: 12 | HEX: F1 77 FE F2 FC 74 91 F7 9F 7D BF FF | T:578297 RPD:1
[CH: 50] LEN: 12 | HEX: F9 77 FE FF EE 79 91 FF 4C 56 AF FD | T:578297 RPD:0
[CH: 50] LEN: 12 | HEX: F9 77 AE FE FE 70 91 FF BA BB BB BF | T:578309 RPD:1
[CH: 50] LEN: 12 | HEX: F9 77 EA F3 F6 75 91 FF 72 1C BF DF | T:578320 RPD:1
[CH: 50] LEN: 12 | HEX: FD 77 FC FA FE 74 91 FF EE 79 B7 FF | T:578320 RPD:0
[CH: 50] LEN: 12 | HEX: F9 77 FE F0 FA 76 91 F5 45 9E BF B7 | T:578331 RPD:0
[CH: 50] LEN: 12 | HEX: F1 77 FE FC FE 70 91 FA BA BB BF DD | T:578332 RPD:1
[CH: 50] LEN: 12 | HEX: E9 77 FD F5 FE 73 D1 F5 0D 3D B2 EE | T:578343 RPD:1
[CH: 50] LEN: 12 | HEX: F9 77 EC F3 EA 75 91 FF 72 1C BE DB | T:578344 RPD:1
[CH: 50] LEN: 12 | HEX: F9 77 FE FA FE 74 91 FF 5F 7D BD FF | T:578355 RPD:1
[CH: 50] LEN: 12 | HEX: F9 77 FE F9 FE 7F 91 FF 58 FD 7D BF | T:578366 RPD:1
[CH: 50] LEN: 12 | HEX: E9 77 FC F0 F4 76 91 FF C5 9E AF DF | T:578367 RPD:1
[CH: 50] LEN: 12 | HEX: E9 77 FE F7 BB 79 91 FF 8C 56 B7 FF | T:578378 RPD:1
[CH: 50] LEN: 12 | HEX: F9 77 D6 FE FE 70 91 FB BA BB BA BF | T:578379 RPD:0
[CH: 50] LEN: 12 | HEX: F1 77 FE F9 FC 73 91 FF 0D 39 BF FF | T:578390 RPD:1
[CH: 50] LEN: 12 | HEX: F9 77 5E FC FC 72 91 EF 50 58 AF F7 | T:578390 RPD:0
[CH: 50] LEN: 12 | HEX: F1 77 FE F3 DD 75 91 FF 72 1C AF FE | T:578401 RPD:1
[CH: 50] LEN: 12 | HEX: F9 77 BA F8 EA 76 91 FF C5 9E B7 DF | T:578413 RPD:1
[CH: 50] LEN: 12 | HEX: F9 77 F4 F7 FC 79 91 F7 8C 56 B6 FF | T:578413 RPD:0
[CH: 50] LEN: 12 | HEX: F9 77 EB FC F4 72 91 D5 10 58 BF A7 | T:578424 RPD:1
[CH: 50] LEN: 12 | HEX: F9 77 FE F8 FE 76 91 FF C5 9E BB F5 | T:578425 RPD:1
[CH: 50] LEN: 12 | HEX: F9 77 FE F7 FE 79 91 F7 8C 56 BD BF | T:578436 RPD:1
[CH: 50] LEN: 12 | HEX: F9 77 FE FE FE 70 91 FE 7A BB BD 7F | T:578455 RPD:1
[CH: 50] LEN: 12 | HEX: F1 77 FE F7 FE 73 91 FD 0D 39 AF F7 | T:578459 RPD:1
[CH: 50] LEN: 12 | HEX: F9 77 BD F6 FC 72 91 EB 50 58 BF FD | T:578462 RPD:1
[CH: 50] LEN: 12 | HEX: F1 77 BE FB DC 75 91 FF 72 1C BF DF | T:578473 RPD:1
[CH: 50] LEN: 12 | HEX: F1 77 FF FA FA 74 91 FF EF 7D BF FB | T:578474 RPD:0
[CH: 50] LEN: 12 | HEX: F9 77 AE F9 EA 77 91 EE 58 FF FE DA | T:578485 RPD:1
[CH: 50] LEN: 12 | HEX: F1 77 BD F0 F4 76 91 EB C5 9C AF FD | T:578485 RPD:0
[CH: 50] LEN: 12 | HEX: F9 77 DC F7 FE 79 91 EF 8C 56 BD 76 | T:578496 RPD:1
[CH: 50] LEN: 12 | HEX: F1 77 D4 F8 F5 72 91 FE D0 58 BF FF | T:578508 RPD:1
[CH: 50] LEN: 12 | HEX: F9 77 FE F3 EE 75 91 EE 72 1C BF 7F | T:578508 RPD:0
[CH: 50] LEN: 12 | HEX: F9 77 EE F8 FE 76 91 FF C5 9E BE FF | T:578519 RPD:1
[CH: 50] LEN: 12 | HEX: F9 77 D6 FC FA 72 91 D7 50 58 B7 DF | T:578520 RPD:0
[CH: 50] LEN: 12 | HEX: F9 77 FE FB BC 75 91 B7 72 1C BF AD | T:578531 RPD:0
[CH: 50] LEN: 12 | HEX: F9 77 FA F4 EA 76 91 FD 45 9E B5 D6 | T:578539 RPD:0
[CH: 50] LEN: 12 | HEX: F5 77 ED F7 AE 79 91 FA 8C 56 A9 F7 | T:578542 RPD:0
[CH: 50] LEN: 12 | HEX: F1 77 FB FA FE 70 91 FF AE BB BE F7 | T:578553 RPD:0
[CH: 50] LEN: 12 | HEX: F1 77 D6 ED D6 73 91 EF 0D 39 B5 D7 | T:578554 RPD:0
[CH: 50] LEN: 12 | HEX: F9 77 FE FC FC 72 91 FE D0 58 BF BD | T:578565 RPD:0
[CH: 50] LEN: 12 | HEX: F9 6F EE FB F6 75 91 AF 72 1C B1 AD | T:578565 RPD:0
[CH: 50] LEN: 12 | HEX: F1 77 BB FA FE 74 91 EA CF 79 BE BF | T:578576 RPD:0
[CH: 50] LEN: 12 | HEX: F9 77 D6 F9 FC 70 91 DF BA BF BD FF | T:578588 RPD:0
[CH: 50] LEN: 12 | HEX: F9 77 FA F9 FE 73 91 D7 0D 39 AF FB | T:578588 RPD:0
[CH: 50] LEN: 12 | HEX: F9 77 FB F3 55 75 91 F7 F2 1C BD FD | T:578599 RPD:0
[CH: 50] LEN: 12 | HEX: F9 77 FB F7 BD 79 91 FA 8C 56 BF 7B | T:578599 RPD:0
[CH: 50] LEN: 12 | HEX: F9 77 D6 FE FA 70 91 FF FA BB BF FB | T:578611 RPD:0
[CH: 50] LEN: 12 | HEX: D9 77 7A DB FE 75 91 FE F2 1C BB 5B | T:578611 RPD:0
[CH: 50] LEN: 12 | HEX: F9 75 65 D2 AA 54 91 54 4A 6D 3D EF | T:578622 RPD:0
[CH: 50] LEN: 12 | HEX: F9 77 FB F7 D6 79 91 FB CC 56 BF FA | T:578634 RPD:0
[CH: 50] LEN: 12 | HEX: F9 77 FD FE EC 70 91 EF FA BB B7 AF | T:578634 RPD:0
[CH: 50] LEN: 12 | HEX: F9 77 FC FD DE 73 91 D7 0D 39 BF FF | T:578645 RPD:0
[CH: 50] LEN: 12 | HEX: E9 77 FE F4 EA 72 91 FF D0 58 BD FE | T:578645 RPD:0
[CH: 50] LEN: 12 | HEX: E9 77 DD F1 FE 77 91 EB 58 FF FD FB | T:578657 RPD:0
[CH: 50] LEN: 12 | HEX: F9 77 AD F8 FE 76 91 FF 25 9D BF BF | T:578668 RPD:0
[CH: 50] LEN: 12 | HEX: F9 77 FA F7 FE 79 B1 FD 4C 56 A5 DF | T:578668 RPD:0
[CH: 50] LEN: 12 | HEX: F1 77 DB FB FE 73 91 FF 0D 39 BB DE | T:578680 RPD:0
[CH: 50] LEN: 12 | HEX: FD 77 DA F9 F5 77 91 FE D8 FD BD F3 | T:578680 RPD:0
[CH: 50] LEN: 12 | HEX: E9 77 D5 F8 FE 76 91 DE 85 9E B7 FF | T:578691 RPD:0
[CH: 50] LEN: 12 | HEX: F1 77 FB FC FE 72 91 FF 10 58 B7 DB | T:578691 RPD:0
[CH: 50] LEN: 12 | HEX: F9 6F FE F2 F6 74 91 EB CF 79 BB FF | T:578703 RPD:0
[CH: 50] LEN: 12 | HEX: E9 77 AE D1 FE 77 51 AE D8 EB AF FC | T:578714 RPD:0
[CH: 50] LEN: 12 | HEX: F1 77 FD F8 F9 76 91 FF A5 9E BB EF | T:578714 RPD:0
[CH: 50] LEN: 12 | HEX: F9 77 DE FE FE 70 91 EA BA BB BB AF | T:578726 RPD:0
[CH: 50] LEN: 12 | HEX: F9 77 FE F3 FE 75 91 FF 72 1C BF FE | T:578726 RPD:0
[CH: 50] LEN: 12 | HEX: F9 77 FA FA F6 74 91 EF CF 79 AE BD | T:578737 RPD:0
[CH: 50] LEN: 12 | HEX: F1 76 FB F7 D6 79 91 FF 8C 56 BB FF | T:578744 RPD:0
[CH: 50] LEN: 12 | HEX: ED 77 7B F7 FE 75 91 ED 72 1C A7 FA | T:578773 RPD:0
[CH: 50] LEN: 12 | HEX: F5 77 5E F2 FD 74 91 DF 4F 7D 2B DE | T:578793 RPD:0
[CH: 50] LEN: 12 | HEX: F1 77 FD F0 FE 76 91 F7 A5 9E BF EB | T:578799 RPD:0
[CH: 50] LEN: 12 | HEX: E9 77 FC E7 DC 79 91 D7 0C 56 BF FF | T:578802 RPD:0
[CH: 50] LEN: 12 | HEX: F9 77 FE FE FE 70 91 FF BA AB AB FB | T:578805 RPD:0
[CH: 50] LEN: 12 | HEX: F9 77 FE FD FE 73 91 FF 0D 39 B7 EF | T:578816 RPD:0
[CH: 50] LEN: 12 | HEX: F1 77 FE F4 FE 72 91 BF 50 58 BF FD | T:578816 RPD:0
[CH: 50] LEN: 12 | HEX: F1 77 FD FB FE 75 91 FB 6A 1C BB DF | T:578828 RPD:0
[CH: 50] LEN: 12 | HEX: B9 77 B9 FA F6 74 91 EB 8F 7D BD DD | T:578839 RPD:0
[CH: 50] LEN: 12 | HEX: F1 77 E4 E9 EE 77 11 FF 58 EE FF FF | T:578839 RPD:0
[CH: 50] LEN: 12 | HEX: F9 77 AB F4 F5 76 91 F5 C5 DE BF FF | T:578850 RPD:0
[CH: 50] LEN: 12 | HEX: F9 77 FF F7 F5 79 91 FE CC 56 BF C8 | T:578860 RPD:0
[CH: 50] LEN: 12 | HEX: F9 77 EE FE FA 70 91 FF BA BB BE DF | T:578863 RPD:0
[CH: 50] LEN: 12 | HEX: E9 77 FE ED FE 73 91 FC 8D 3D BA F5 | T:578866 RPD:0
[CH: 50] LEN: 12 | HEX: F9 77 FE F8 FC 72 91 FF 90 58 BD 7F | T:578877 RPD:0
[CH: 50] LEN: 12 | HEX: F9 77 FE FB FE 75 91 FF 72 1C BF DF | T:578877 RPD:0
[CH: 50] LEN: 12 | HEX: F9 77 FD FA FE 74 91 FF EF 7D BB BF | T:578889 RPD:0
[CH: 50] LEN: 12 | HEX: F5 77 FE F9 EE 77 91 FF 58 FF F7 F6 | T:578889 RPD:0
[CH: 50] LEN: 12 | HEX: F9 77 BD F8 FE 76 91 FF 65 9E BE DD | T:578900 RPD:0
[CH: 50] LEN: 12 | HEX: E9 77 EA FD EA 73 91 FF 0D 39 BC EB | T:578911 RPD:0
[CH: 50] LEN: 12 | HEX: F9 77 D5 F4 FE 72 91 DE 90 58 BE B5 | T:578912 RPD:0
[CH: 50] LEN: 12 | HEX: F9 77 FF F9 FE 77 D1 FF 58 FF AF FA | T:578923 RPD:0
[CH: 50] LEN: 12 | HEX: F9 77 AE FD EA 73 91 DF 0D 39 AD FB | T:578923 RPD:0
[CH: 50] LEN: 12 | HEX: F9 77 FE F4 FE 72 91 AE D0 58 AE B2 | T:578935 RPD:0
[CH: 50] LEN: 12 | HEX: F9 77 D4 F1 FE 77 91 EE D8 FB 36 FF | T:578946 RPD:0
[CH: 50] LEN: 12 | HEX: F1 77 DC F0 FA 76 91 FF 65 9E BF FE | T:578946 RPD:0
[CH: 50] LEN: 12 | HEX: F9 77 EA F7 F6 79 91 FF 8C 56 BF BF | T:578957 RPD:0
[CH: 50] LEN: 12 | HEX: F1 75 BE F4 CA 70 91 DF 3A AB AD BD | T:578958 RPD:0
[CH: 50] LEN: 12 | HEX: E9 77 DE F9 FE 73 91 D5 0D 39 BA FF | T:578969 RPD:0
[CH: 50] LEN: 12 | HEX: F9 77 FA FA FE 74 91 FF AF 7D BF 7F | T:578969 RPD:0
[CH: 50] LEN: 12 | HEX: D9 77 EE FD D4 77 91 EA 58 FB 7F FF | T:578981 RPD:0
[CH: 50] LEN: 12 | HEX: F1 77 FE F8 FE 76 91 F2 C5 9E BE FF | T:578992 RPD:0
[CH: 50] LEN: 12 | HEX: F9 77 EA F7 FE 79 91 FF 4C 56 BE F7 | T:578992 RPD:0
[CH: 50] LEN: 12 | HEX: F9 77 FE FC FE 72 91 FF 90 58 BF 6F | T:579003 RPD:0
[CH: 50] LEN: 12 | HEX: F9 77 FD F8 FE 76 91 FF 25 9E BF FF | T:579004 RPD:0
[CH: 50] LEN: 12 | HEX: F1 77 EA F6 FE 70 91 FF BA BB BF FF | T:579015 RPD:0
[CH: 50] LEN: 12 | HEX: F5 77 FE F4 FC 72 91 FF 90 58 BD DF | T:579015 RPD:0
[CH: 50] LEN: 12 | HEX: F9 77 FE F3 FD 75 91 FF 72 1C BF EB | T:579027 RPD:0
[CH: 50] LEN: 12 | HEX: F9 77 FC F0 F5 76 91 EF 45 9E BF FD | T:579038 RPD:0
[CH: 50] LEN: 12 | HEX: F9 77 BD F7 ED 79 91 FF 8C 56 BE FF | T:579038 RPD:0
[CH: 50] LEN: 12 | HEX: F9 77 FF FC F5 72 91 FF D0 58 AF EF | T:579049 RPD:0
[CH: 50] LEN: 12 | HEX: F9 77 FF F8 FB 76 91 FF A5 9E BF D4 | T:579050 RPD:0
[CH: 50] LEN: 12 | HEX: F9 77 AE F7 7B 79 91 FF 8C 56 BF EB | T:579061 RPD:0
[CH: 50] LEN: 12 | HEX: F9 77 AD E9 F6 73 91 EA 0D 39 BF FF | T:579072 RPD:0
[CH: 50] LEN: 12 | HEX: F9 77 BD FC FE 72 91 F5 90 58 BF F5 | T:579072 RPD:0
[CH: 50] LEN: 12 | HEX: F9 77 EE F9 FE 77 91 F5 58 FA FF DF | T:579084 RPD:0
[CH: 50] LEN: 12 | HEX: F9 77 FE FB F4 41 00 BA 00 10 7F B3 | T:579084 RPD:0
[CH: 50] LEN: 12 | HEX: E9 77 BA FC FE 72 91 FF 50 58 B7 FF | T:579095 RPD:0
[CH: 50] LEN: 12 | HEX: F1 77 DA F9 FE 77 91 DF 58 FF 7D FF | T:579096 RPD:0
[CH: 50] LEN: 12 | HEX: F9 77 EC F8 EA 76 91 FD 45 9E BB DF | T:579107 RPD:0
[CH: 50] LEN: 12 | HEX: F9 77 FA FD FE 73 91 FE 0D 39 BB 5F | T:579118 RPD:0
[CH: 50] LEN: 12 | HEX: F9 77 DB FC F6 72 91 FD 50 58 BF EF | T:579118 RPD:0
[CH: 50] LEN: 12 | HEX: F9 77 FE FA FE 74 91 FF EF 7D BF DD | T:579130 RPD:0
[CH: 50] LEN: 12 | HEX: F9 77 BA FE EA 70 91 EF 3A BB BF EF | T:579130 RPD:0
[CH: 50] LEN: 12 | HEX: F1 77 FA FD FC 73 91 FF 8D 39 BB DF | T:579141 RPD:0
[CH: 50] LEN: 12 | HEX: F9 77 DB D2 FE 74 91 FF BF 75 BF EE | T:579142 RPD:0
[CH: 50] LEN: 12 | HEX: F1 77 7D D1 F6 77 91 FF 58 FB B7 7F | T:579153 RPD:0
[CH: 50] LEN: 12 | HEX: F9 77 5E F0 FE 76 91 FF 25 9E BE E9 | T:579164 RPD:0
[CH: 50] LEN: 12 | HEX: F9 77 FD 00 00 71 97 EF AF 64 BF FF | T:579501 RPD:0
[CH: 50] LEN: 12 | HEX: F1 77 5D 80 00 71 97 FE EF 64 BF FB | T:579501 RPD:0
[CH: 50] LEN: 12 | HEX: E8 6D FF 00 FE FC 97 FE 68 9C AF 5E | T:579532 RPD:1
[CH: 50] LEN: 12 | HEX: F1 77 BD 00 00 71 97 FA AF 64 AE FF | T:579801 RPD:1
[CH: 50] LEN: 12 | HEX: F1 77 DE 80 00 71 97 FA AF 64 BF FF | T:579801 RPD:1
[CH: 50] LEN: 12 | HEX: F8 6D FF 00 EE FA 97 FE E8 9E BD FF | T:579831 RPD:1
[CH: 50] LEN: 12 | HEX: E8 6D FF 00 FE FC 97 FE E8 9E BF FE | T:579832 RPD:1
[CH: 50] LEN: 12 | HEX: F1 77 FD 00 00 71 97 DD AF 64 AF FF | T:580100 RPD:1
[CH: 50] LEN: 12 | HEX: F1 77 D6 00 00 71 97 BA AF 64 AF DF | T:580101 RPD:1
[CH: 50] LEN: 12 | HEX: E8 6D FE 80 EE E8 97 FD 68 9C BF FF | T:580131 RPD:1
[CH: 50] LEN: 12 | HEX: F8 6D FE 80 FA F8 97 F7 68 9E BE DB | T:580132 RPD:1
[CH: 50] LEN: 12 | HEX: F9 77 B5 00 00 71 97 BF AF 64 BF DB | T:580400 RPD:1
[CH: 50] LEN: 12 | HEX: F9 77 FD 80 00 75 97 DE AF 64 BF FF | T:580401 RPD:1
[CH: 50] LEN: 12 | HEX: F8 6D F7 00 FE F4 97 BA E8 9E B7 CB | T:580431 RPD:1
[CH: 50] LEN: 12 | HEX: F8 6D EE 00 FE FC 97 FE E8 9E BB FF | T:580431 RPD:1
[CH: 50] LEN: 12 | HEX: F1 77 FD 00 00 71 97 FD AF 64 BF FF | T:580700 RPD:1
[CH: 50] LEN: 12 | HEX: F9 77 D7 80 00 71 97 FD 2E 64 BF EF | T:580701 RPD:1
[CH: 50] LEN: 12 | HEX: F0 6D EF 00 EA F4 97 7A 68 9F BD FF | T:580731 RPD:1
[CH: 50] LEN: 12 | HEX: F8 6D FF 00 F6 FC 97 FE E8 9E B7 FF | T:580731 RPD:1
[CH: 50] LEN: 12 | HEX: F9 77 FA 00 00 71 97 DD AF 64 BB FD | T:581000 RPD:1
[CH: 50] LEN: 12 | HEX: F1 77 BD 00 00 71 97 DA AF 64 BF F7 | T:581001 RPD:1
[CH: 50] LEN: 12 | HEX: F8 6D EB 00 FE F8 97 DD 68 9E BF ED | T:581030 RPD:1
[CH: 50] LEN: 12 | HEX: F0 6D EE 00 FE F4 97 BA 68 9E BF EF | T:581031 RPD:1
[CH: 50] LEN: 12 | HEX: F1 77 FD 00 00 71 97 BA AF 64 BF FE | T:581300 RPD:1
[CH: 50] LEN: 12 | HEX: F1 77 BD 00 00 71 97 BB AF 64 AF 65 | T:581300 RPD:1
[CH: 50] LEN: 12 | HEX: F8 6D EF 00 FE FA 97 AA F8 9C BE F7 | T:581330 RPD:1
[CH: 50] LEN: 12 | HEX: F0 6D EA 00 FE DC 97 5D 68 9E AB 77 | T:581331 RPD:1
[CH: 50] LEN: 12 | HEX: F1 77 FD 00 00 71 97 BF AF 64 AD 7F | T:581599 RPD:1
[CH: 50] LEN: 12 | HEX: F9 77 5F 00 00 71 97 BF AF 64 BF BB | T:581600 RPD:1
[CH: 50] LEN: 12 | HEX: F0 6D EE 00 FE F4 97 FA 68 9E BF BF | T:581630 RPD:1
[CH: 50] LEN: 12 | HEX: F0 6D EE 00 FC FC 97 7A E8 9C BF FF | T:581631 RPD:1
[CH: 50] LEN: 12 | HEX: F9 77 75 00 00 71 97 FD AF 64 BB FE | T:581899 RPD:1
[CH: 50] LEN: 12 | HEX: F5 77 5B 00 00 71 97 FD AE 64 B7 EB | T:581900 RPD:1
[CH: 50] LEN: 12 | HEX: F0 6D ED 00 F6 FA 97 EE E8 9E BE FC | T:581930 RPD:1
[CH: 50] LEN: 12 | HEX: F0 6D EE 00 F6 F6 97 5D 68 9E BF 7F | T:581931 RPD:1
[CH: 50] LEN: 12 | HEX: E9 77 AD 00 00 71 97 FE AF 64 BF FF | T:582199 RPD:1
[CH: 50] LEN: 12 | HEX: F1 77 FE 80 00 71 97 FD 6F 64 B6 FF | T:582200 RPD:1
[CH: 50] LEN: 12 | HEX: F8 6D F5 00 F6 EA 97 BB 68 9E AF 7F | T:582230 RPD:1
[CH: 50] LEN: 12 | HEX: F0 6D D5 80 F6 FC 97 FD 68 9E BF DF | T:582230 RPD:1
[CH: 50] LEN: 12 | HEX: FA 78 F7 5C 7A FC 97 DE 80 A1 AF 7B | T:582371 RPD:1
[CH: 50] LEN: 12 | HEX: EE 78 FF AC 7E FA 97 FD 40 A1 BE FB | T:582372 RPD:1
[CH: 50] LEN: 12 | HEX: F2 7B AD 00 81 E8 97 FF 47 FD BE F7 | T:582383 RPD:1
[CH: 50] LEN: 12 | HEX: FA 7B AF 00 81 DC 97 FE E7 BB BF FF | T:582383 RPD:1
[CH: 50] LEN: 12 | HEX: F9 77 FE FE FE 70 97 FA 10 1D BD 53 | T:582406 RPD:1
[CH: 50] LEN: 12 | HEX: F9 77 7D FD FE 73 97 FE E7 9F BD 7F | T:582409 RPD:1
[CH: 50] LEN: 12 | HEX: F9 77 FB FB DE 75 97 DD 58 BA AF 5F | T:582429 RPD:1
[CH: 50] LEN: 12 | HEX: F9 77 FF FA FE 74 97 FF C5 DB BF FD | T:582432 RPD:1
[CH: 50] LEN: 12 | HEX: F9 77 AD E9 ED 77 97 5F F2 59 BF FF | T:582435 RPD:1
[CH: 50] LEN: 12 | HEX: F9 77 AE F8 FE 76 97 AD EE 38 BF DF | T:582446 RPD:1
[CH: 50] LEN: 12 | HEX: F1 7F FD E7 5B 79 97 AE 26 E0 BE FF | T:582446 RPD:0
[CH: 50] LEN: 12 | HEX: F9 77 BB F5 F6 70 97 FA 90 1D BF 7F | T:582457 RPD:1
[CH: 50] LEN: 12 | HEX: F1 77 FD FD F6 73 97 BA A7 9F BB FF | T:582458 RPD:0
[CH: 50] LEN: 12 | HEX: F9 77 D6 F2 FA 74 97 AE 45 DB AD EF | T:582469 RPD:1
[CH: 50] LEN: 12 | HEX: F9 77 DD F8 FE 76 97 EF 6F 38 BD BF | T:582480 RPD:1
[CH: 50] LEN: 12 | HEX: F1 77 AA F7 FF 79 97 AD 26 F0 BD 7F | T:582480 RPD:0
[CH: 50] LEN: 12 | HEX: F9 77 DF FB FC 75 97 DE 98 BA BF CF | T:582492 RPD:1
[CH: 50] LEN: 12 | HEX: ED 77 FE F7 FE 79 97 D6 A6 F0 BF DE | T:582492 RPD:0
[CH: 50] LEN: 12 | HEX: F9 77 EA FC FE 70 97 FE 10 1D BF FD | T:582503 RPD:1
[CH: 50] LEN: 12 | HEX: F1 77 FD F2 FC 74 97 FE 45 DB BF FF | T:582515 RPD:1
[CH: 50] LEN: 12 | HEX: F9 77 FD F1 DC 77 97 DE A2 59 BF FF | T:582515 RPD:0
[CH: 50] LEN: 12 | HEX: F9 77 AC FE FE 70 97 D7 10 1D BD FD | T:582526 RPD:0
[CH: 50] LEN: 12 | HEX: F9 77 E4 FA FC 74 97 FD C5 DB BE FB | T:582532 RPD:1
[CH: 50] LEN: 12 | HEX: F9 77 F4 F9 FE 77 97 FF 52 59 BB FE | T:582535 RPD:1
[CH: 50] LEN: 12 | HEX: F9 77 D6 F8 FC 76 97 D7 6F 38 BF 55 | T:582547 RPD:1
[CH: 50] LEN: 12 | HEX: F1 77 75 F7 AE 79 97 AE A6 F0 BF DE | T:582547 RPD:0
[CH: 50] LEN: 12 | HEX: F9 77 DD F6 FE 70 97 FE 90 1D BF FE | T:582558 RPD:1
[CH: 50] LEN: 12 | HEX: F9 77 FC F5 F6 73 97 7F 67 9F BF DF | T:582559 RPD:0
[CH: 50] LEN: 12 | HEX: F9 77 FE FB EA 75 97 FE B8 BA BE FF | T:582570 RPD:1
[CH: 50] LEN: 12 | HEX: F9 77 FE F8 FE 76 97 ED 6F 38 BF FF | T:582581 RPD:1
[CH: 50] LEN: 12 | HEX: F9 77 D6 F7 BB 79 97 DE A6 F0 BF DF | T:582581 RPD:0
[CH: 50] LEN: 12 | HEX: F9 77 FD FB DD 75 97 FF 58 BA BD FF | T:582593 RPD:1
[CH: 50] LEN: 12 | HEX: F1 77 FC F7 7D 79 97 AE 26 F0 B7 FE | T:582593 RPD:0
[CH: 50] LEN: 12 | HEX: F1 77 FD FD FE 73 97 FD 27 9E BE DE | T:582604 RPD:1
[CH: 50] LEN: 12 | HEX: F9 77 FE FA FC 74 97 FF 45 DB BF BA | T:582605 RPD:0
[CH: 50] LEN: 12 | HEX: F1 77 BA F1 FE 77 97 BA F2 59 BF D5 | T:582616 RPD:1
[CH: 50] LEN: 12 | HEX: F9 77 FE FE FE 70 97 FE 10 1D BF FF | T:582627 RPD:0
[CH: 50] LEN: 12 | HEX: F9 77 FE F5 FE 73 97 FE E7 9F 3F FF | T:582627 RPD:0
[CH: 50] LEN: 12 | HEX: F9 77 EE FB F4 75 97 BA 98 BA BF FF | T:582639 RPD:1
[CH: 50] LEN: 12 | HEX: F9 77 FD FA FB 74 97 FE C5 DB BF FD | T:582639 RPD:0
[CH: 50] LEN: 12 | HEX: F9 77 D6 F1 EA 77 97 FE A2 59 B7 FF | T:582650 RPD:1
[CH: 50] LEN: 12 | HEX: F9 77 FE F8 FE 76 97 FF 6F 38 BB BB | T:582651 RPD:0
[CH: 50] LEN: 12 | HEX: F9 77 FE F7 BE 79 97 BE 26 F0 AF BE | T:582662 RPD:1
[CH: 50] LEN: 12 | HEX: F9 77 FD FB DC 75 97 EB B8 BA BE FB | T:582673 RPD:1
[CH: 50] LEN: 12 | HEX: F1 77 FE FA FE 74 97 FE 45 DB BF FF | T:582673 RPD:0
[CH: 50] LEN: 12 | HEX: F9 77 7E F7 AC 79 97 FF 26 F0 BE DA | T:582685 RPD:1
[CH: 50] LEN: 12 | HEX: F9 77 FE EA FE 74 97 BD 45 DB FE FF | T:582685 RPD:0
[CH: 50] LEN: 12 | HEX: F1 77 AC F9 F6 77 97 D7 52 59 BF BF | T:582696 RPD:1
[CH: 50] LEN: 12 | HEX: F9 77 DC FA FE 70 97 ED 90 1D BF DF | T:582708 RPD:1
[CH: 50] LEN: 12 | HEX: F9 77 BC FD FC 73 97 D5 A7 9E FF FE | T:582708 RPD:0
[CH: 50] LEN: 12 | HEX: F9 77 FE F9 FE 77 97 DF 42 59 BF AF | T:582719 RPD:1
[CH: 50] LEN: 12 | HEX: F9 77 FE FE F6 70 97 AD 10 1D BF F3 | T:582719 RPD:0
[CH: 50] LEN: 12 | HEX: F1 77 AE FB FF 73 97 D7 A7 9F BF FE | T:582731 RPD:0
[CH: 50] LEN: 12 | HEX: F9 77 DC F3 FB 75 97 DD 58 BA BF FD | T:582731 RPD:1
[CH: 50] LEN: 12 | HEX: F9 77 FE FA FC 74 97 FF 45 DB BD BF | T:582743 RPD:1
[CH: 50] LEN: 12 | HEX: F1 77 DD F9 FC 77 97 BA F2 59 BF F7 | T:582754 RPD:1
[CH: 50] LEN: 12 | HEX: F9 7F FC E8 FE 76 97 FE EF 38 B7 EF | T:582754 RPD:0
[CH: 50] LEN: 12 | HEX: F9 77 DC F7 FE 79 97 FD 26 F0 BF FE | T:582765 RPD:1
[CH: 50] LEN: 12 | HEX: F9 77 FA FA FA 74 97 DE C5 DB BB FB | T:582766 RPD:0
[CH: 50] LEN: 12 | HEX: F9 77 FF F9 EA 77 97 DA B2 59 BD FF | T:582777 RPD:1
[CH: 50] LEN: 12 | HEX: F1 77 FD F6 FD 70 97 FD 10 1D BF F7 | T:582777 RPD:0
[CH: 50] LEN: 12 | HEX: F9 77 5C F5 F6 73 97 FE E7 9E BF BF | T:582789 RPD:1
[CH: 50] LEN: 12 | HEX: F9 77 DE F9 EE 77 97 5F F2 59 B7 D7 | T:582800 RPD:1
[CH: 50] LEN: 12 | HEX: F1 77 EE F8 F4 76 97 DF 6F 38 BD FF | T:582800 RPD:1
[CH: 50] LEN: 12 | HEX: F1 77 FE FB FE 73 97 FA A7 9F BF FA | T:582811 RPD:1
[CH: 50] LEN: 12 | HEX: F1 77 FD F1 FE 77 97 DD 72 59 B7 5E | T:582812 RPD:0
[CH: 50] LEN: 12 | HEX: F9 77 AE F8 FE 76 97 AA EE 38 BF FF | T:582823 RPD:0
[CH: 50] LEN: 12 | HEX: F9 77 FE F3 FE 75 97 FD 58 BA BF BF | T:582832 RPD:1
[CH: 50] LEN: 12 | HEX: F1 77 FC FA FA 74 97 FE C5 DB BE FD | T:582835 RPD:1
[CH: 50] LEN: 12 | HEX: F9 77 DE F9 FE 77 97 DD 72 59 BB DF | T:582847 RPD:1
[CH: 50] LEN: 12 | HEX: F1 77 BA F8 FE 76 97 7B 6F 38 BF BF | T:582847 RPD:0
[CH: 50] LEN: 12 | HEX: F9 77 AA F7 ED 79 97 B5 26 E0 BA B5 | T:582858 RPD:1
[CH: 50] LEN: 12 | HEX: F1 77 BD FE F6 70 97 DA 10 1D AE FB | T:582858 RPD:0
[CH: 50] LEN: 12 | HEX: F5 77 FD FD EE 73 97 FA A7 9F 7F EF | T:582870 RPD:1
[CH: 50] LEN: 12 | HEX: F1 77 F9 F9 FE 77 97 DE F2 59 B7 FF | T:582870 RPD:0
[CH: 50] LEN: 12 | HEX: F9 77 FD F0 F4 76 97 FA 6E 38 AB FB | T:582881 RPD:1
[CH: 50] LEN: 12 | HEX: F1 77 FA FD FD 73 97 BF A7 9F BF EF | T:582893 RPD:1
[CH: 50] LEN: 12 | HEX: F9 77 AE F3 EE 75 97 F5 D8 BA BB FF | T:582893 RPD:0
[CH: 50] LEN: 12 | HEX: F9 77 D6 F8 FE 76 97 FA EF 38 AB EE | T:582904 RPD:1
[CH: 50] LEN: 12 | HEX: F9 77 FB FB EE 75 97 DF 58 BA BE FF | T:582904 RPD:0
[CH: 50] LEN: 12 | HEX: F5 77 DE FA FE 74 97 FD 45 DB BF AD | T:582916 RPD:1
[CH: 50] LEN: 12 | HEX: F9 77 FE F7 BD 7D 97 BD A6 F0 BF FF | T:582916 RPD:0
[CH: 50] LEN: 12 | HEX: F1 77 DD FE FE 70 97 FE 90 1D BB DF | T:582927 RPD:1
[CH: 50] LEN: 12 | HEX: F9 77 FF FB DE 75 97 FD D8 BA B7 ED | T:582939 RPD:0
[CH: 50] LEN: 12 | HEX: F1 77 BD EE FE 74 97 B5 45 DB AB FF | T:582939 RPD:0
[CH: 50] LEN: 12 | HEX: F9 77 DE F8 FE 76 97 75 6F 38 BF 7F | T:582950 RPD:1
[CH: 50] LEN: 12 | HEX: F1 77 FF F7 DA 79 97 5F 26 F0 AD EF | T:582950 RPD:0
[CH: 50] LEN: 12 | HEX: F9 77 79 FE FE 70 97 FC 90 1D BF F5 | T:582962 RPD:1
[CH: 50] LEN: 12 | HEX: F9 77 FD FB EC 73 97 FD 27 9E EF BE | T:582973 RPD:1
[CH: 50] LEN: 12 | HEX: F9 77 DE FB BB 75 97 DD 58 BA BB DF | T:582973 RPD:0
[CH: 50] LEN: 12 | HEX: F9 77 FD F0 F6 7E 97 BD 6F 38 BF EF | T:582985 RPD:1
[CH: 50] LEN: 12 | HEX: F9 77 FF FB FD 75 97 FA D8 BA AF FD | T:582985 RPD:0
[CH: 50] LEN: 12 | HEX: F9 77 BE EA FE 74 97 FE C5 DB BB FB | T:582996 RPD:1
[CH: 50] LEN: 12 | HEX: F9 77 DF F7 DE 79 97 FD A6 F0 BF 6F | T:582996 RPD:0
[CH: 50] LEN: 12 | HEX: F9 77 FB FE FE 78 97 FE 90 1D BF FF | T:583008 RPD:1
[CH: 50] LEN: 12 | HEX: F1 77 FD FA FE 74 97 FD 45 DB BD BF | T:583019 RPD:1
[CH: 50] LEN: 12 | HEX: F1 77 DB F1 FF 77 17 D7 F2 59 BF D6 | T:583019 RPD:0
[CH: 50] LEN: 12 | HEX: F9 77 BE F7 FA 79 97 AD 26 F0 BE FF | T:583031 RPD:1
[CH: 50] LEN: 12 | HEX: F9 77 FB FA FE 74 97 FD C5 DB AF FF | T:583031 RPD:0
[CH: 50] LEN: 12 | HEX: F9 77 FC F9 FE 77 17 6A F2 59 BF FF | T:583042 RPD:0
[CH: 50] LEN: 12 | HEX: F1 77 DB F0 FA 76 97 FA 6F 38 BD FF | T:583043 RPD:1
[CH: 50] LEN: 12 | HEX: F1 77 BE F7 EE 79 97 BE A6 F0 BF FD | T:583054 RPD:1
[CH: 50] LEN: 12 | HEX: F1 77 FE FE FE 70 97 FA 10 1D BF DF | T:583066 RPD:1
[CH: 50] LEN: 12 | HEX: F9 77 DF FD FE 73 97 FE E7 9F 3B FB | T:583066 RPD:0
[CH: 50] LEN: 12 | HEX: F9 77 FD F3 FE 75 97 FF 58 BA BB FD | T:583077 RPD:1
[CH: 50] LEN: 12 | HEX: F9 77 DD F7 FC 79 97 BD 26 F0 BF FD | T:583078 RPD:0
[CH: 50] LEN: 12 | HEX: F1 77 EE FF FA 70 97 DA 10 1D BF DE | T:583089 RPD:1
[CH: 50] LEN: 12 | HEX: F1 77 DE F2 F6 74 97 FA 45 DB BF FF | T:583089 RPD:0
[CH: 50] LEN: 12 | HEX: F9 77 FF F9 F6 77 97 FE B2 59 BF 6F | T:583100 RPD:1
[CH: 50] LEN: 12 | HEX: F9 77 FD FE FE 70 97 DD 10 1D BF FF | T:583112 RPD:1
[CH: 50] LEN: 12 | HEX: F9 77 DD FD FE 73 97 FD 67 DF 3F DF | T:583112 RPD:1
[CH: 50] LEN: 12 | HEX: F1 77 DB F9 FE 77 97 FF 72 59 BF 7E | T:583123 RPD:1
[CH: 50] LEN: 12 | HEX: F1 77 FE FE F6 78 97 FD 90 1D BF FF | T:583124 RPD:0
[CH: 50] LEN: 12 | HEX: F1 77 FC F5 DD 73 97 FA A7 1F BB EB | T:583135 RPD:1
[CH: 50] LEN: 12 | HEX: F9 77 FE F9 F6 77 97 FF 52 59 BF BF | T:583135 RPD:1
[CH: 50] LEN: 12 | HEX: F9 77 FE F8 FE 76 97 FA 6F 38 BF FF | T:583146 RPD:1
[CH: 50] LEN: 12 | HEX: F9 77 FF F7 FF 79 97 FD 26 F0 B7 FF | T:583158 RPD:1
[CH: 50] LEN: 12 | HEX: F9 77 FD FE FE 70 97 DF 10 1D BF 6F | T:583158 RPD:0
[CH: 50] LEN: 12 | HEX: F9 77 DE FD FE 73 97 FF 67 9F BF FB | T:583169 RPD:1
[CH: 50] LEN: 12 | HEX: F9 77 FA F2 FE 74 97 BB 45 DB BF 3F | T:583169 RPD:0
[CH: 50] LEN: 12 | HEX: F9 77 FB F1 FE 77 97 EF F2 59 BF FF | T:583181 RPD:1
[CH: 50] LEN: 12 | HEX: F1 77 FE FE FE 70 97 BA 10 1D BE F7 | T:583192 RPD:1
[CH: 50] LEN: 12 | HEX: F9 77 DE FD FE 73 97 FD 27 9E BB FF | T:583192 RPD:0
[CH: 50] LEN: 12 | HEX: F9 77 FA F9 F6 77 97 FA F2 59 AF 6D | T:583204 RPD:1
[CH: 50] LEN: 12 | HEX: F1 77 F4 F9 D6 73 97 BD 27 9E BF FB | T:583204 RPD:1
[CH: 50] LEN: 12 | HEX: F1 77 BA F3 FE 75 97 BA D8 BA BF FB | T:583215 RPD:1
[CH: 50] LEN: 12 | HEX: F9 77 FF F1 FE 77 97 FE F2 59 AF FF | T:583215 RPD:0
[CH: 50] LEN: 12 | HEX: F9 77 FA F8 FE 76 97 DA 6F 38 BF ED | T:583227 RPD:1
[CH: 50] LEN: 12 | HEX: F9 77 FA FF FE 73 97 D7 67 9E EA FB | T:583238 RPD:0
[CH: 50] LEN: 12 | HEX: F1 77 FC FB FE 75 97 FF B8 BA BA FF | T:583238 RPD:0
[CH: 50] LEN: 12 | HEX: F9 77 FE F8 FE 76 97 FA EF 38 AF FF | T:583250 RPD:1
[CH: 50] LEN: 12 | HEX: F9 77 AA F7 7D 79 97 FE A6 F0 BF AD | T:583250 RPD:1
[CH: 50] LEN: 12 | HEX: F9 77 FE FE FE 70 97 FC 90 1D BE DB | T:583261 RPD:1
[CH: 50] LEN: 12 | HEX: F9 77 BA F5 FE 73 97 FD 67 9E EF ED | T:583261 RPD:0
[CH: 50] LEN: 12 | HEX: F9 77 EE F3 FE 75 97 FE 98 BA BF F7 | T:583273 RPD:1
[CH: 50] LEN: 12 | HEX: F1 77 FB F9 FE 77 97 FA B2 59 BF BF | T:583284 RPD:1
[CH: 50] LEN: 12 | HEX: F9 77 FE F8 FE 76 97 DE EF 38 BF FF | T:583284 RPD:0
[CH: 50] LEN: 12 | HEX: F9 77 FD FD FE 73 97 FF A7 9F 3E DF | T:583296 RPD:1
[CH: 50] LEN: 12 | HEX: F9 77 FD F8 FE 76 97 FD 6F 38 BF FF | T:583296 RPD:1
[CH: 50] LEN: 12 | HEX: E9 77 2A E7 AA 71 97 54 26 E0 BD BF | T:583307 RPD:1
[CH: 50] LEN: 12 | HEX: F1 77 EE F9 EE 73 97 FE E7 9F AF FF | T:583318 RPD:1
[CH: 50] LEN: 12 | HEX: F1 77 DE EB FE 75 97 EF 98 BA BB ED | T:583319 RPD:0
[CH: 50] LEN: 12 | HEX: F9 77 BD F8 FE 76 97 DD 6F 38 AF F7 | T:583330 RPD:1
[CH: 50] LEN: 12 | HEX: F9 77 FB FB FE 75 97 DD 58 BA AB FB | T:583330 RPD:0
[CH: 50] LEN: 12 | HEX: F9 77 FE FA FC 74 97 FE C5 DB BF BF | T:583342 RPD:0
[CH: 50] LEN: 12 | HEX: F1 77 FA F8 FA 76 97 EF 6F 38 BF 7E | T:583346 RPD:1
[CH: 50] LEN: 12 | HEX: F1 77 DE F7 FE 71 97 DD A6 F0 AD 6A | T:583357 RPD:1
[CH: 50] LEN: 12 | HEX: F9 77 FE FE F6 70 97 FA 10 1F BF FE | T:583358 RPD:0
[CH: 50] LEN: 12 | HEX: F9 7F BC FD FE 73 97 FE A7 9D 6A C6 | T:583369 RPD:1
[CH: 50] LEN: 12 | HEX: F9 77 FE FB DC 75 97 FA D8 BA BD FA | T:583369 RPD:0
[CH: 50] LEN: 12 | HEX: F1 77 D6 FA FC 74 97 FE C5 DB BF FD | T:583380 RPD:1
[CH: 50] LEN: 12 | HEX: F9 77 DB F7 5B 79 97 AE 26 F0 AF FF | T:583392 RPD:1
[CH: 50] LEN: 12 | HEX: F1 77 FD EE FE 70 97 BA 90 1D AF F7 | T:583392 RPD:0
[CH: 50] LEN: 12 | HEX: F9 77 FE FA FD 74 97 FC C5 DB AF FD | T:583403 RPD:1
[CH: 50] LEN: 12 | HEX: F1 77 5E FE FE 70 97 AD 90 1D BF FF | T:583403 RPD:0
[CH: 50] LEN: 12 | HEX: F9 77 FE FD F5 73 97 BA A7 1F AD FF | T:583415 RPD:1
[CH: 50] LEN: 12 | HEX: F1 77 5E F1 FE 77 97 B7 4A 59 BF EF | T:583415 RPD:0
[CH: 50] LEN: 12 | HEX: F1 77 FA F0 FE 7E 97 BA 6E 38 BA FF | T:583426 RPD:1
[CH: 50] LEN: 12 | HEX: F9 77 FF FD FE 73 97 FE A7 9F 3A FF | T:583438 RPD:1
[CH: 50] LEN: 12 | HEX: F9 77 BE FB FE 75 97 FE 98 BA BD FD | T:583438 RPD:0
[CH: 50] LEN: 12 | HEX: F9 77 DD F9 F6 77 97 FE B2 59 BF EE | T:583449 RPD:1
[CH: 50] LEN: 12 | HEX: F1 77 FD F0 FE 76 97 5F 6E 38 BF DF | T:583449 RPD:1
[CH: 50] LEN: 12 | HEX: F1 77 AE F7 BA 79 97 BA 26 F0 B7 FF | T:583461 RPD:1
[CH: 50] LEN: 12 | HEX: F1 77 7A FA F4 70 97 FE 90 1D BB FF | T:583461 RPD:0
[CH: 50] LEN: 12 | HEX: F9 77 BD F9 EE 73 97 D7 67 9F BF 7A | T:583472 RPD:1
[CH: 50] LEN: 12 | HEX: F9 77 DE FA F6 74 97 AF 45 DB FF FA | T:583484 RPD:1
[CH: 50] LEN: 12 | HEX: F9 77 BA F9 EA 77 97 DD 52 59 AF FF | T:583484 RPD:0
[CH: 50] LEN: 12 | HEX: F9 77 FC FD F4 70 97 FF 10 1D BD FB | T:583495 RPD:1
[CH: 50] LEN: 12 | HEX: F9 77 FE F9 F6 77 97 DF F2 59 BE BE | T:583495 RPD:0
[CH: 50] LEN: 12 | HEX: F9 77 FE F0 FE 76 97 FF EF 38 AD FB | T:583507 RPD:1
[CH: 50] LEN: 12 | HEX: F9 77 FE FB FE 73 97 FA A7 9F 3F EE | T:583507 RPD:0
[CH: 50] LEN: 12 | HEX: F1 77 AE F3 DD 75 97 DE 98 BA AD FA | T:583518 RPD:1
[CH: 50] LEN: 12 | HEX: F9 77 DD F8 FE 76 97 FE EF 38 BE EF | T:583530 RPD:1
[CH: 50] LEN: 12 | HEX: F1 77 FD F7 FB 7D 97 FD 26 F8 AF FF | T:583530 RPD:0
[CH: 50] LEN: 12 | HEX: F9 77 FE FD FE 73 97 FD 27 9F BE FD | T:583541 RPD:1
[CH: 50] LEN: 12 | HEX: F1 77 DE F0 FA 76 97 FE EF 38 BF F6 | T:583541 RPD:0
[CH: 50] LEN: 12 | HEX: F9 77 DE F7 FD 79 97 DF 26 F0 AF FD | T:583553 RPD:1
[CH: 50] LEN: 12 | HEX: F1 77 FF FB FF 75 97 FD 58 BA AB FF | T:583564 RPD:1
[CH: 50] LEN: 12 | HEX: F9 77 FE FA FA 74 97 DD 45 DB BD BF | T:583564 RPD:0
[CH: 50] LEN: 12 | HEX: F9 77 FD F7 FF 79 97 FB 26 F0 BE FF | T:583576 RPD:1
[CH: 50] LEN: 12 | HEX: F9 77 DC FA FE 74 97 FE C5 DB BE BF | T:583576 RPD:0
[CH: 50] LEN: 12 | HEX: F9 77 DC F1 FE 77 97 DE B2 59 BF FF | T:583587 RPD:1
[CH: 50] LEN: 12 | HEX: F9 77 FE FE FE 70 97 EF 10 1D AF EF | T:583587 RPD:0
[CH: 50] LEN: 12 | HEX: F9 77 FC FD FE 73 97 FD 27 9F BF FF | T:583599 RPD:1
[CH: 50] LEN: 12 | HEX: F9 77 DE FA FE 74 97 F5 45 DB BF FF | T:583610 RPD:1
[CH: 50] LEN: 12 | HEX: F9 77 FD F9 FE 77 97 FD 72 59 AF DE | T:583610 RPD:0
[CH: 50] LEN: 12 | HEX: F1 77 FE FC FC 70 97 FD 10 1D BB FE | T:583621 RPD:1
[CH: 50] LEN: 12 | HEX: F9 77 FD F9 FE 77 97 FD 72 59 BF BF | T:583622 RPD:0
[CH: 50] LEN: 12 | HEX: F1 77 BB EC FE 76 97 DA 6E 3C BF F7 | T:583633 RPD:1
[CH: 50] LEN: 12 | HEX: ED 77 FE FD FE 73 97 BD A7 9E BB FE | T:583633 RPD:0
[CH: 50] LEN: 12 | HEX: E9 77 FC F3 FE 75 97 BD 58 BA AF DB | T:583645 RPD:0
[CH: 50] LEN: 12 | HEX: F9 77 DC F8 FE 76 97 BD 6F 38 BF D7 | T:583656 RPD:1
[CH: 50] LEN: 12 | HEX: F1 77 FD F7 BA 79 97 AA 26 F0 AD 75 | T:583656 RPD:1
[CH: 50] LEN: 12 | HEX: F1 77 FC FE F6 70 97 FF 10 1D BF FD | T:583667 RPD:1
[CH: 50] LEN: 12 | HEX: F1 77 FF FD FE 73 97 D5 67 9F BD 6F | T:583668 RPD:0
[CH: 50] LEN: 12 | HEX: F9 77 FD EB F5 75 97 FD 18 BA BE FD | T:583679 RPD:1
[CH: 50] LEN: 12 | HEX: F5 77 DE F9 F6 77 97 BE B2 59 BF FF | T:583690 RPD:1
[CH: 50] LEN: 12 | HEX: F9 77 DD F8 FE 76 97 FD 6F 38 AA 5B | T:583691 RPD:0
[CH: 50] LEN: 12 | HEX: F1 77 FE F5 FE 73 97 BD 67 1E EF FF | T:583702 RPD:1
[CH: 50] LEN: 12 | HEX: F1 77 FD F9 FE 77 17 F5 52 59 BE BB | T:583702 RPD:0
[CH: 50] LEN: 12 | HEX: F1 77 FF F0 F4 76 97 5A 6F 38 BF FF | T:583713 RPD:1
[CH: 50] LEN: 12 | HEX: F9 77 FF FD EE 73 97 FA A7 9E FF 7F | T:583714 RPD:0
[CH: 50] LEN: 12 | HEX: F1 77 DD F3 FE 75 97 DA D8 BA BF 77 | T:583725 RPD:1
[CH: 50] LEN: 12 | HEX: F9 77 BC F8 FE 76 97 BD 6F 38 BF BF | T:583736 RPD:1
[CH: 50] LEN: 12 | HEX: F9 77 D6 F7 55 79 97 FD 26 F0 BD 7F | T:583737 RPD:0
[CH: 50] LEN: 12 | HEX: F1 77 FD F3 DE 75 97 FD 58 BA BF DF | T:583748 RPD:0
[CH: 50] LEN: 12 | HEX: F9 77 DA F4 FD 76 97 DD 6F 38 BF BF | T:583754 RPD:1
[CH: 50] LEN: 12 | HEX: F1 77 DE F7 FF 79 97 FF 26 F0 AF DE | T:583757 RPD:1
[CH: 50] LEN: 12 | HEX: F9 77 B6 FE FE 70 97 FD 90 1D AF F6 | T:583768 RPD:1
[CH: 50] LEN: 12 | HEX: F9 77 FE FD FE 73 97 FF 27 9F BB EE | T:583768 RPD:0
[CH: 50] LEN: 12 | HEX: F1 77 FB FB EE 75 97 FD 58 BA B7 FD | T:583780 RPD:1
[CH: 50] LEN: 12 | HEX: F9 77 DE F2 FE 74 97 DE C5 DB BF FB | T:583780 RPD:0
[CH: 50] LEN: 12 | HEX: F1 77 ED F9 EE 77 97 FA F2 59 BF B7 | T:583791 RPD:1
[CH: 50] LEN: 12 | HEX: F1 77 5E F6 EE 70 97 B4 90 1D BF FE | T:583802 RPD:1
[CH: 50] LEN: 12 | HEX: F9 77 FE FD FE 73 97 FD 27 9F B6 F7 | T:583803 RPD:0
[CH: 50] LEN: 12 | HEX: E9 77 BA F1 DD 77 97 FD 72 59 BE F7 | T:583814 RPD:1
[CH: 50] LEN: 12 | HEX: F9 77 FE FD F6 73 97 FE 27 9F BB 7E | T:583814 RPD:0
[CH: 50] LEN: 12 | HEX: F1 77 FE F3 FE 75 97 BA D8 BA BF EB | T:583826 RPD:1
[CH: 50] LEN: 12 | HEX: F9 77 D6 F8 FE 76 97 DD EF 38 AF 7F | T:583826 RPD:0
[CH: 50] LEN: 12 | HEX: F1 77 BD F7 FF 79 97 DD 26 F0 B7 F7 | T:583837 RPD:1
[CH: 50] LEN: 12 | HEX: F9 77 FE F3 FC 75 97 FD 58 BA BF DB | T:583848 RPD:1
[CH: 50] LEN: 12 | HEX: F1 77 FF F2 FE 74 97 FA C5 DB BB 77 | T:583849 RPD:0
[CH: 50] LEN: 12 | HEX: F5 77 DE F0 F6 76 97 7A 6F 38 AF FF | T:583860 RPD:1
[CH: 50] LEN: 12 | HEX: F1 77 FB F7 FA 79 97 DE A6 F0 BF F7 | T:583860 RPD:1
[CH: 50] LEN: 12 | HEX: F9 77 BD FE FE 70 97 DF 10 1D BD DF | T:583872 RPD:1
[CH: 50] LEN: 12 | HEX: F5 7F D6 FD EE 73 97 FD 27 9F 2F F4 | T:583883 RPD:1
[CH: 50] LEN: 12 | HEX: F3 77 F7 FB EE 75 97 FD D8 BA BF BF | T:583883 RPD:0
[CH: 50] LEN: 12 | HEX: F1 77 BA F9 FD 77 97 DD F2 59 BF EF | T:583894 RPD:1
[CH: 50] LEN: 12 | HEX: F1 77 B4 EB F6 73 97 7D 27 1F 2F 7E | T:583895 RPD:0
[CH: 50] LEN: 12 | HEX: F1 77 FF F7 DD 75 97 FE 98 BA BF ED | T:583906 RPD:1
[CH: 50] LEN: 12 | HEX: F9 77 FE F0 FE 76 97 BD 6F 38 BB FF | T:583906 RPD:0
[CH: 50] LEN: 12 | HEX: F9 77 DD F7 DC 79 97 FD 26 F0 BB 7F | T:583917 RPD:1
[CH: 50] LEN: 12 | HEX: F9 77 7B F3 D6 75 97 FA D8 BA BB FF | T:583929 RPD:1
[CH: 50] LEN: 12 | HEX: F9 77 FD F2 FE 74 97 FA 45 DB BD FB | T:583929 RPD:0
[CH: 50] LEN: 12 | HEX: F1 77 D6 E7 5E 71 97 FA 26 F0 AB FB | T:583940 RPD:1
[CH: 50] LEN: 12 | HEX: F1 77 D6 F3 FE 75 97 55 D8 BA BF BB | T:583941 RPD:0
[CH: 50] LEN: 12 | HEX: F1 77 DA F2 FE 74 97 D6 45 DB BF FF | T:583952 RPD:0
[CH: 50] LEN: 12 | HEX: F9 77 BD FF D6 79 97 DE A6 E0 AF 5D | T:583959 RPD:1
[CH: 50] LEN: 12 | HEX: F9 77 FF FA FE 70 97 DF 90 1D BF FF | T:583962 RPD:1
[CH: 50] LEN: 12 | HEX: F9 77 DD FD D6 73 97 F5 A7 9F B7 BF | T:583973 RPD:1
[CH: 50] LEN: 12 | HEX: F9 77 DD FB EA 75 97 FD D8 BA BB 7D | T:583973 RPD:0
[CH: 50] LEN: 12 | HEX: E9 77 FB EA FE 74 97 EA 45 DB BF BE | T:583984 RPD:1
[CH: 50] LEN: 12 | HEX: F1 77 FA F1 D6 77 17 BD F2 59 BE FF | T:583996 RPD:1
[CH: 50] LEN: 12 | HEX: F1 77 DC F8 FE 76 97 BA EF 38 BB F6 | T:583996 RPD:0
[CH: 50] LEN: 12 | HEX: F1 77 DB FD FE 73 97 FD 27 9F BF AF | T:584007 RPD:1
[CH: 50] LEN: 12 | HEX: F9 77 FD F8 FE 76 97 DA EF 38 BF FF | T:584008 RPD:0
[CH: 50] LEN: 12 | HEX: F5 77 D4 F7 D4 79 97 7A 26 F0 BD 7D | T:584019 RPD:1
[CH: 50] LEN: 12 | HEX: F9 77 AE FB FD 7D 97 FA D8 BA BF 6A | T:584019 RPD:0
[CH: 50] LEN: 12 | HEX: F1 77 5E FA FE 74 97 FD 45 DB BF FF | T:584030 RPD:1
[CH: 50] LEN: 12 | HEX: F1 77 D4 F7 54 79 97 BA 26 F0 BF F7 | T:584042 RPD:1
[CH: 50] LEN: 12 | HEX: F9 77 FC EA FE 70 97 FD 10 1D BB FF | T:584042 RPD:0
[CH: 50] LEN: 12 | HEX: F9 77 BD F9 FE 77 97 DD 72 59 BF DF | T:584053 RPD:1
[CH: 50] LEN: 12 | HEX: F1 77 FD F7 FE 79 97 FE A6 F0 BF EB | T:584054 RPD:1
[CH: 50] LEN: 12 | HEX: F9 77 DC FE F6 70 97 FA 10 1D BD FE | T:584065 RPD:1
[CH: 50] LEN: 12 | HEX: F9 77 EA F5 F6 73 97 FA A7 9E BF BF | T:584065 RPD:1
[CH: 50] LEN: 12 | HEX: F1 77 BB F3 DD 75 97 AD 58 BA BF FD | T:584077 RPD:1
[CH: 50] LEN: 12 | HEX: F9 77 BB FA F4 74 97 FD 45 DB BF F7 | T:584088 RPD:1
[CH: 50] LEN: 12 | HEX: F9 77 FD F9 FE 77 97 DF 52 59 BD FF | T:584088 RPD:0
[CH: 50] LEN: 12 | HEX: F9 77 FC F8 EA 76 97 FD EE 38 BF F2 | T:584100 RPD:1
[CH: 50] LEN: 12 | HEX: F1 77 DB EB FD 75 97 FE 98 BA BF F7 | T:584100 RPD:0
[CH: 50] LEN: 12 | HEX: F9 77 FF FA FE 74 97 D7 45 DB AF 7A | T:584111 RPD:1
[CH: 50] LEN: 12 | HEX: F9 77 FB F7 7A 79 97 AD 26 F0 BF DF | T:584111 RPD:0
[CH: 50] LEN: 12 | HEX: F9 77 DE FE FE 70 97 FA 10 1D BF FF | T:584123 RPD:1
[CH: 50] LEN: 12 | HEX: F1 77 7A EA FE 74 97 FD 45 DB BB 7F | T:584134 RPD:1
[CH: 50] LEN: 12 | HEX: F1 77 FE F1 DE 77 17 5A F2 59 BF ED | T:584134 RPD:1
[CH: 50] LEN: 12 | HEX: F9 77 AD FA FA 70 97 EB 10 1D AD FD | T:584146 RPD:1
[CH: 50] LEN: 12 | HEX: F9 77 DD FA BC 74 97 BD 45 DB BF FF | T:584146 RPD:0
[CH: 50] LEN: 12 | HEX: F1 77 BC F1 FC 77 97 AA F2 59 B7 FF | T:584157 RPD:1
[CH: 50] LEN: 12 | HEX: F9 77 BD FD FE 73 97 FA A7 9F AF DF | T:584168 RPD:1
[CH: 50] LEN: 12 | HEX: F1 77 BA FB FD 75 97 FD 58 BA BF 7F | T:584169 RPD:1
[CH: 50] LEN: 12 | HEX: F1 77 FB FA F6 74 97 D6 C5 DB BF D7 | T:584181 RPD:1
[CH: 50] LEN: 12 | HEX: F9 77 AC F9 FE 77 97 FD 72 59 BF F7 | T:584181 RPD:0
[CH: 50] LEN: 12 | HEX: F9 77 FF F8 F5 76 97 FE EF 38 BF FF | T:584192 RPD:1
[CH: 50] LEN: 12 | HEX: F1 77 FE F7 FB 79 97 FF A6 F0 BF FF | T:584193 RPD:0
[CH: 50] LEN: 12 | HEX: F9 77 FD FE F6 70 97 BE 10 1D BF BF | T:584204 RPD:1
[CH: 50] LEN: 12 | HEX: F9 77 FE F2 FE 74 97 FE C5 DB BF FE | T:584215 RPD:1
[CH: 50] LEN: 12 | HEX: F9 77 D5 F9 FA 77 97 DD 72 59 BB EA | T:584215 RPD:0
[CH: 50] LEN: 12 | HEX: F1 77 EE FE FE 70 97 BA 10 1D B7 FF | T:584227 RPD:1
[CH: 50] LEN: 12 | HEX: F1 77 AE F9 FE 77 97 DD 72 59 BF DF | T:584227 RPD:0
[CH: 50] LEN: 12 | HEX: F9 77 EE F8 FC 76 97 DF 6F 38 BF DF | T:584238 RPD:1
[CH: 50] LEN: 12 | HEX: F9 77 FA F9 FE 73 97 DD A7 9F BB FF | T:584239 RPD:0
[CH: 50] LEN: 12 | HEX: F1 77 F9 FB FE 75 97 FE 98 BA B5 FF | T:584250 RPD:1
[CH: 50] LEN: 12 | HEX: F1 77 FD F8 FE 76 97 DD 6F 38 BD FF | T:584261 RPD:1
[CH: 50] LEN: 12 | HEX: F9 77 DE F7 D4 79 97 ED A6 F0 BF DD | T:584261 RPD:0
[CH: 50] LEN: 12 | HEX: F1 77 BD FD FE 73 97 DF A7 9F 3B FF | T:584273 RPD:1
[CH: 50] LEN: 12 | HEX: F9 7F FE FB D6 75 97 AD 58 BA BE FF | T:584273 RPD:1
[CH: 50] LEN: 12 | HEX: F5 77 FE FA FE 74 97 FF C5 DB BE BB | T:584284 RPD:1
[CH: 50] LEN: 12 | HEX: F9 77 F4 F1 FA 77 97 AF E2 59 BF FD | T:584284 RPD:0
[CH: 50] LEN: 12 | HEX: F1 77 BD F8 FA 76 97 D5 6F 38 BB FF | T:584296 RPD:1
[CH: 50] LEN: 12 | HEX: F1 77 FC FE F4 70 97 FF 90 1D AF FA | T:584307 RPD:1
[CH: 50] LEN: 12 | HEX: F1 77 BD F9 EA 7B D7 BB A7 1E FF BF | T:584307 RPD:0
[CH: 50] LEN: 12 | HEX: F9 77 FE F1 FE 77 97 BE B2 59 BF B5 | T:584319 RPD:1
[CH: 50] LEN: 12 | HEX: F9 77 FE F9 DE 73 97 EE A7 9F BF FF | T:584319 RPD:0
[CH: 50] LEN: 12 | HEX: F1 77 BC FB AE 75 97 BD 58 BA B7 DF | T:584330 RPD:1
[CH: 50] LEN: 12 | HEX: F1 77 BB F4 FD 76 97 FD 6F 38 BF DF | T:584330 RPD:0
[CH: 50] LEN: 12 | HEX: F9 77 AE F7 FD 79 97 5F 26 F0 BF F6 | T:584342 RPD:1
[CH: 50] LEN: 12 | HEX: F5 77 FE FB D6 75 97 FA 98 BA BF BF | T:584353 RPD:1
[CH: 50] LEN: 12 | HEX: F9 77 EC FA FA 74 97 DD 45 DB BF EF | T:584353 RPD:0
[CH: 50] LEN: 12 | HEX: F9 77 FD F8 FA 76 97 AF 6F 38 BF EF | T:584365 RPD:0
[CH: 50] LEN: 12 | HEX: F1 77 FD FB FE 75 97 DA 98 BA AD F7 | T:584371 RPD:1
[CH: 50] LEN: 12 | HEX: F9 77 F5 F2 FA 74 97 AF 45 DB F7 FD | T:584374 RPD:1
[CH: 50] LEN: 12 | HEX: F1 77 AF F1 DE 77 97 FF F2 59 BD ED | T:584386 RPD:1
[CH: 50] LEN: 12 | HEX: F1 77 FD F8 FE 76 97 AF 6E 38 BB EB | T:584386 RPD:0
[CH: 50] LEN: 12 | HEX: F9 77 FE F7 FE 79 97 BA 26 F0 B7 FF | T:584397 RPD:1
[CH: 50] LEN: 12 | HEX: F9 77 DC F6 F6 70 97 FE 90 1D AF DF | T:584397 RPD:0
[CH: 50] LEN: 12 | HEX: F9 77 EA FD FD 73 97 FE A7 9F BA FE | T:584409 RPD:0
[CH: 50] LEN: 12 | HEX: F9 77 FB FB D4 75 97 AA D8 BA BF BE | T:584420 RPD:1
[CH: 50] LEN: 12 | HEX: F9 77 DE F2 FE 74 97 FF 45 DB B7 FD | T:584420 RPD:0
[CH: 50] LEN: 12 | HEX: F1 77 FD F1 FE 77 97 FD F2 59 BF FF | T:584432 RPD:1
[CH: 50] LEN: 12 | HEX: F1 77 DE F7 AA 79 97 FE A6 F0 AF FF | T:584432 RPD:1
[CH: 50] LEN: 12 | HEX: F9 77 FD FC FC 70 97 DE 10 1D BF FF | T:584443 RPD:1
[CH: 50] LEN: 12 | HEX: F1 77 DE FD FE 73 97 DA 67 9D 36 FF | T:584444 RPD:1
[CH: 50] LEN: 12 | HEX: F9 77 FE F7 FF 75 97 AD 58 BA BF 7F | T:584464 RPD:1
[CH: 50] LEN: 12 | HEX: E9 77 DC F9 D6 77 97 AD 72 59 BD F2 | T:584470 RPD:1
[CH: 50] LEN: 12 | HEX: F1 77 AC F8 F6 76 97 FD 6F 38 BF 76 | T:584490 RPD:1
[CH: 50] LEN: 12 | HEX: F9 77 F6 F7 AD 79 97 FF 26 F8 B7 5B | T:584493 RPD:1
[CH: 50] LEN: 12 | HEX: F5 77 FD F6 FE 70 97 FE 90 1D BD 76 | T:584496 RPD:1
[CH: 50] LEN: 12 | HEX: F9 77 AE FD FE 73 97 AF A7 9E BF FF | T:584508 RPD:1
[CH: 50] LEN: 12 | HEX: F1 77 FD FB F6 75 97 FD 58 BA BF EB | T:584508 RPD:0
[CH: 50] LEN: 12 | HEX: F9 77 FD F2 FC 74 97 FE C5 DB B6 BD | T:584519 RPD:1
[CH: 50] LEN: 12 | HEX: F9 77 BD F9 FE 77 97 D7 F2 59 BF B7 | T:584519 RPD:0
[CH: 50] LEN: 12 | HEX: F9 77 FD F8 FA 76 97 D7 6F 38 BE FE | T:584531 RPD:1
[CH: 50] LEN: 12 | HEX: F1 77 AC E9 F5 73 97 DD 27 9F 37 D5 | T:584542 RPD:1
[CH: 50] LEN: 12 | HEX: F1 77 D4 FB DD 75 97 75 D8 BA BF FF | T:584542 RPD:0
[CH: 50] LEN: 12 | HEX: F1 77 FD F0 F6 76 97 97 EF 38 B7 F7 | T:584553 RPD:1
[CH: 50] LEN: 12 | HEX: F1 77 AE FB FE 75 97 BA D8 BA B7 F7 | T:584554 RPD:0
[CH: 50] LEN: 12 | HEX: F1 77 FE F2 FA 74 97 FD 45 DB BF 6E | T:584565 RPD:1
[CH: 50] LEN: 12 | HEX: F9 77 BE F7 D5 71 97 D7 26 F0 BF F6 | T:584576 RPD:1
[CH: 50] LEN: 12 | HEX: F9 77 D6 F6 FC 70 97 FF 10 1D BF 57 | T:584577 RPD:1
[CH: 50] LEN: 12 | HEX: F5 77 EA FB EA 73 97 75 A7 9E BD B2 | T:584588 RPD:1
[CH: 50] LEN: 12 | HEX: F9 77 FE FB FB 75 97 FE 98 BA BF BF | T:584588 RPD:0
[CH: 50] LEN: 12 | HEX: F9 77 FD FA F6 74 97 FE C5 DB BB 6E | T:584599 RPD:1
[CH: 50] LEN: 12 | HEX: F1 77 FB F8 FE 76 97 FD 6F 78 AE AF | T:584600 RPD:0
[CH: 50] LEN: 12 | HEX: F1 77 FE F7 FF 79 97 FE 26 F0 B6 AF | T:584611 RPD:1
[CH: 50] LEN: 12 | HEX: F9 77 BB FD FE 73 97 FE E7 9E B7 DA | T:584622 RPD:1
[CH: 50] LEN: 12 | HEX: E9 77 AD FB BD 75 97 FA D8 BA BD FF | T:584623 RPD:0
[CH: 50] LEN: 12 | HEX: F9 77 FD F8 FA 76 97 FF EF 38 AF 5F | T:584634 RPD:1
[CH: 50] LEN: 12 | HEX: F9 77 D4 F3 FE 75 97 AF 98 BA BF FA | T:584634 RPD:0
[CH: 50] LEN: 12 | HEX: F9 77 DA EA EA 74 97 EE C5 DB BB F7 | T:584645 RPD:1
[CH: 50] LEN: 12 | HEX: F9 77 FB F7 DE 79 97 DE A6 F0 BF FF | T:584646 RPD:0
[CH: 50] LEN: 12 | HEX: F9 77 FD F6 FE 70 97 F7 10 1D BE F7 | T:584657 RPD:1
[CH: 50] LEN: 12 | HEX: F9 77 FD FA FE 74 97 FD 45 DB B7 77 | T:584668 RPD:0
[CH: 50] LEN: 12 | HEX: F9 77 74 F1 FE 77 17 BD 72 59 BA B5 | T:584669 RPD:0
[CH: 50] LEN: 12 | HEX: F9 77 AE FE FE 70 97 AF 10 1D BE FD | T:584680 RPD:1
[CH: 50] LEN: 12 | HEX: F1 77 FE F5 F6 73 97 BE A7 1E BE EB | T:584680 RPD:1
[CH: 50] LEN: 12 | HEX: F9 77 FB FB FA 75 97 FD 58 BA B5 FB | T:584691 RPD:1
[CH: 50] LEN: 12 | HEX: F1 77 D6 F6 F6 74 97 DE 45 DB BD BA | T:584703 RPD:1
[CH: 50] LEN: 12 | HEX: F9 77 AC ED EA 77 97 BA F2 59 BF FD | T:584703 RPD:0
[CH: 50] LEN: 12 | HEX: F9 77 D6 F0 FC 76 97 D6 6F 38 BD FB | T:584714 RPD:1
[CH: 50] LEN: 12 | HEX: F5 77 FE FB EA 75 97 DE B8 BA B7 DD | T:584715 RPD:0
[CH: 50] LEN: 12 | HEX: F9 77 D4 FA FE 74 97 AB 45 DB BF 7F | T:584726 RPD:1
[CH: 50] LEN: 12 | HEX: F9 77 EA F7 B5 79 97 FD 26 F0 BB FF | T:584726 RPD:0
[CH: 50] LEN: 12 | HEX: F1 77 FD FE FE 70 97 FF 10 1D B7 B7 | T:584737 RPD:1
[CH: 50] LEN: 12 | HEX: F5 77 DD FA FD 74 97 BA 45 DB B7 FF | T:584749 RPD:0
[CH: 50] LEN: 12 | HEX: F5 77 DB F5 EA 77 97 AD 72 59 BF FF | T:584749 RPD:0
[CH: 50] LEN: 12 | HEX: F9 77 FF F8 FA 76 97 FD 6F 38 AF 7F | T:584760 RPD:1
[CH: 50] LEN: 12 | HEX: F9 77 FE F7 FD 79 97 DD A6 F0 BF F7 | T:584761 RPD:0
[CH: 50] LEN: 12 | HEX: F9 77 EE EE FE 70 97 FC 90 1D BF 7F | T:584772 RPD:0
[CH: 50] LEN: 12 | HEX: F1 77 FE FB FE 75 97 BA D8 BA BE FF | T:584780 RPD:1
[CH: 50] LEN: 12 | HEX: F1 77 BA FA FE 74 97 AF 45 DB BB EF | T:584783 RPD:1
[CH: 50] LEN: 12 | HEX: F1 77 FD F1 F5 77 97 FF AA 59 BF FB | T:584794 RPD:1
[CH: 50] LEN: 12 | HEX: F9 77 FE F8 F6 76 97 AD 6F 38 BF 7B | T:584806 RPD:1
[CH: 50] LEN: 12 | HEX: F9 7F FD F7 FE 79 97 FD A6 F0 B7 FB | T:584826 RPD:1
[CH: 50] LEN: 12 | HEX: F9 77 AD FE FE 70 97 DA 10 1D BF B6 | T:584829 RPD:1
[CH: 50] LEN: 12 | HEX: F9 77 FD F7 FE 73 97 7F A7 1D BF DD | T:584832 RPD:1
[CH: 50] LEN: 12 | HEX: F9 77 DD FB FC 75 97 DD 58 BA BB EB | T:584843 RPD:1
[CH: 50] LEN: 12 | HEX: F5 77 DE F2 FE 74 97 EF 45 DB BF DD | T:584844 RPD:0
[CH: 50] LEN: 12 | HEX: F9 77 FA F9 DD 77 97 DF F2 59 BF 75 | T:584855 RPD:1
[CH: 50] LEN: 12 | HEX: F1 77 FD F8 FB 76 97 FD 6F 38 BD FF | T:584855 RPD:0
[CH: 50] LEN: 12 | HEX: F1 77 BE FA FE 70 97 DC 90 1D BF FD | T:584866 RPD:1
[CH: 50] LEN: 12 | HEX: F9 77 FE FB FC 75 97 EB 58 BA BF E0 | T:584878 RPD:0
[CH: 50] LEN: 12 | HEX: F9 77 DC FA FA 74 97 FD 45 DB BF D7 | T:584878 RPD:0
[CH: 50] LEN: 12 | HEX: F9 77 FE F8 FA 76 97 ED 6E 38 BD BF | T:584889 RPD:1
[CH: 50] LEN: 12 | HEX: F9 77 FE F7 EE 79 97 DC 26 F0 BF FF | T:584890 RPD:0
[CH: 50] LEN: 12 | HEX: F1 77 DD FE F6 70 97 BA 10 1D BB EF | T:584901 RPD:1
[CH: 50] LEN: 12 | HEX: F1 77 AC FD FE 73 97 B5 27 1D 37 F6 | T:584912 RPD:1
[CH: 50] LEN: 12 | HEX: F1 77 DD F3 FF 75 97 DD 58 BA BF 6F | T:584912 RPD:0
[CH: 50] LEN: 12 | HEX: F9 77 FA F7 F4 79 97 BD 26 F0 AF FF | T:584924 RPD:1
[CH: 50] LEN: 12 | HEX: F9 77 DC F3 FD 75 97 DD 58 BA BF F7 | T:584924 RPD:0
[CH: 50] LEN: 12 | HEX: F9 77 DA FA F6 74 97 FA 45 DB BF 7F | T:584935 RPD:0
[CH: 50] LEN: 12 | HEX: F9 77 F8 F8 EA 76 97 FE EF 38 BF 57 | T:584941 RPD:1
[CH: 50] LEN: 12 | HEX: F9 77 F5 F7 BA 71 97 BD 26 E0 BB EF | T:584952 RPD:1
[CH: 50] LEN: 12 | HEX: F9 77 EE FE F6 78 97 DD 10 1D BB FB | T:584952 RPD:0
[CH: 50] LEN: 12 | HEX: F9 77 FA F9 EA 73 97 FA A7 9E AF EF | T:584964 RPD:1
[CH: 50] LEN: 12 | HEX: F1 77 AA FB EA 75 97 FD 58 BA BB B5 | T:584964 RPD:0
[CH: 50] LEN: 12 | HEX: F9 77 DA F9 FC 77 17 FD 72 59 BF FD | T:584975 RPD:1
[CH: 50] LEN: 12 | HEX: F1 77 FD F7 B5 79 97 FD 26 F0 BE EF | T:584976 RPD:1
[CH: 50] LEN: 12 | HEX: F9 77 FA FA FE 70 97 EF 10 1D BF 7D | T:584987 RPD:1
[CH: 50] LEN: 12 | HEX: F9 77 FE F7 EA 73 97 BD 27 9D BD FB | T:584998 RPD:1
[CH: 50] LEN: 12 | HEX: F1 77 EE F3 FE 75 97 FE 98 BA BD 3E | T:584998 RPD:0
[CH: 50] LEN: 12 | HEX: F1 77 FA F2 FE 74 97 AF 45 DB BE D3 | T:585010 RPD:1
[CH: 50] LEN: 12 | HEX: F9 77 F4 F0 F6 76 97 FD 6F 38 BF FF | T:585010 RPD:0
[CH: 50] LEN: 12 | HEX: F1 77 FA F7 FD 79 97 FD 26 F0 BF AD | T:585021 RPD:1
[CH: 50] LEN: 12 | HEX: F9 77 BD FB FD 75 97 DD 58 BA BF FD | T:585022 RPD:0
[CH: 50] LEN: 12 | HEX: E9 77 FC F6 F6 74 97 FE C5 DB BE FB | T:585033 RPD:1
[CH: 50] LEN: 12 | HEX: E9 77 EE F7 BD 79 97 FD 26 F0 BD C2 | T:585044 RPD:0
[CH: 50] LEN: 12 | HEX: F1 77 F5 FE EA 70 97 7C 90 1D BF 75 | T:585044 RPD:0
[CH: 50] LEN: 12 | HEX: F1 77 D4 EA FE 74 97 BA C5 DB BF F7 | T:585056 RPD:1
[CH: 50] LEN: 12 | HEX: F1 77 FF F1 F5 7F 97 BF F2 59 BF AB | T:585056 RPD:1
[CH: 50] LEN: 12 | HEX: F1 77 AB F0 FE 76 97 BD 6F 38 BF EB | T:585067 RPD:1
[CH: 50] LEN: 12 | HEX: F1 77 AA F7 F9 79 97 FD A6 F0 AF BF | T:585068 RPD:0
[CH: 50] LEN: 12 | HEX: E9 77 F6 EA FE 78 97 7A 10 1D BF FF | T:585079 RPD:1
[CH: 50] LEN: 12 | HEX: F9 77 FF FD F4 73 97 DF 27 9F BF F1 | T:585090 RPD:0
[CH: 50] LEN: 12 | HEX: F9 77 FD FB EC 75 97 FA D8 BA BD FB | T:585090 RPD:0
[CH: 50] LEN: 12 | HEX: F1 77 FD F2 FA 74 97 7A 45 DB BF EF | T:585102 RPD:1
[CH: 50] LEN: 12 | HEX: F9 77 BB F9 EE 77 97 FE F2 59 BF BD | T:585102 RPD:0
[CH: 50] LEN: 12 | HEX: F9 77 FF F8 F4 76 97 FA EE 38 BE FF | T:585113 RPD:1
[CH: 50] LEN: 12 | HEX: F1 77 AD FE FA 70 97 DD 10 1D BE F5 | T:585125 RPD:1
[CH: 50] LEN: 12 | HEX: F1 77 DE F9 FE 73 97 FF E7 9E BF FB | T:585125 RPD:0
[CH: 50] LEN: 12 | HEX: F1 77 DC F1 FE 77 97 BF F2 59 AF 5C | T:585136 RPD:1
[CH: 50] LEN: 12 | HEX: F9 77 FF FD FE 73 97 FD 27 9F BE FF | T:585136 RPD:0
[CH: 50] LEN: 12 | HEX: F9 77 FA F3 FE 75 97 BA D8 BA BF EF | T:585148 RPD:1
[CH: 50] LEN: 12 | HEX: F9 77 FF F8 FE 76 97 D6 EF 38 BD DB | T:585148 RPD:0
[CH: 50] LEN: 12 | HEX: F1 77 BA F7 7A 79 97 F6 26 F0 BF FF | T:585159 RPD:1
[CH: 50] LEN: 12 | HEX: F1 77 EC FB D6 75 97 D5 58 BA BF FF | T:585171 RPD:1
[CH: 50] LEN: 12 | HEX: F1 77 7E FA FA 74 97 AF 45 DB EE 6D | T:585171 RPD:0
[CH: 50] LEN: 12 | HEX: F9 77 FC F4 FC 76 97 FE EF 38 BE FF | T:585182 RPD:0
[CH: 50] LEN: 12 | HEX: F9 77 DD FB EA 75 97 FE 98 BA BF 75 | T:585189 RPD:1
[CH: 50] LEN: 12 | HEX: F9 77 D4 FA FE 74 97 F7 45 DB B5 BF | T:585192 RPD:1
[CH: 50] LEN: 12 | HEX: F9 7F F8 F1 F4 77 97 B7 F2 59 BF DA | T:585203 RPD:1
[CH: 50] LEN: 12 | HEX: F1 77 BA E8 F5 76 97 DD 6F 38 BD FF | T:585203 RPD:0
[CH: 50] LEN: 12 | HEX: F9 77 FD F7 DD 79 97 FF 26 F0 BB FF | T:585215 RPD:1
[CH: 50] LEN: 12 | HEX: F1 77 DE FC FB 70 97 DA 10 1D BF F7 | T:585215 RPD:0
[CH: 50] LEN: 12 | HEX: F1 77 54 FD FE 73 97 FD 27 9D 7F 7F | T:585226 RPD:0
[CH: 50] LEN: 12 | HEX: F1 77 BE F9 FE 77 97 DD 72 59 BF FF | T:585237 RPD:0
[CH: 50] LEN: 12 | HEX: F9 77 BD F8 FA 76 97 D6 EF 38 BF EF | T:585238 RPD:0
[CH: 50] LEN: 12 | HEX: F1 77 AE F5 EA 73 97 AF A7 9F BE FF | T:585249 RPD:1
[CH: 50] LEN: 12 | HEX: F1 77 AD F8 FE 76 97 75 6F 38 BD FB | T:585249 RPD:0
[CH: 50] LEN: 12 | HEX: E9 77 FE E7 7C 79 97 FE A6 F0 BE F7 | T:585261 RPD:0
[CH: 50] LEN: 12 | HEX: F9 77 D6 FB EC 75 97 D6 98 BA BF 77 | T:585261 RPD:0
[CH: 50] LEN: 12 | HEX: F9 77 55 EA F4 74 97 D5 45 DB BF FF | T:585272 RPD:0
[CH: 50] LEN: 12 | HEX: F9 77 FC F4 F4 70 97 DD 90 1D BA EF | T:585283 RPD:0
[CH: 50] LEN: 12 | HEX: F9 77 D6 FD FC 73 97 FD A7 9E BF FB | T:585284 RPD:0
[CH: 50] LEN: 12 | HEX: F9 6F FE FB FE 75 97 DD 58 BA BB F6 | T:585295 RPD:0
[CH: 50] LEN: 12 | HEX: F9 77 DF FA FA 74 97 DD 45 DB BF F7 | T:585295 RPD:0
[CH: 50] LEN: 12 | HEX: F1 77 54 F9 FE 77 97 FF F2 59 BB FF | T:585307 RPD:0
[CH: 50] LEN: 12 | HEX: F9 77 D6 F8 FE 76 97 FF 6F 38 B7 FD | T:585307 RPD:0
[CH: 50] LEN: 12 | HEX: F1 77 5A E7 F5 79 97 FA A6 F8 BD FF | T:585318 RPD:0
[CH: 50] LEN: 12 | HEX: F9 77 EC FD F6 73 97 FF 67 9D FF DF | T:585329 RPD:0
[CH: 50] LEN: 12 | HEX: F9 77 FD FB EE 75 97 FF 78 BA BE F7 | T:585330 RPD:0
[CH: 50] LEN: 12 | HEX: F9 77 BE F0 FE 76 97 AD 6F 38 BF AE | T:585341 RPD:0
[CH: 50] LEN: 12 | HEX: F9 77 F5 F3 FE 75 97 BD 58 BA BD F6 | T:585341 RPD:0
[CH: 50] LEN: 12 | HEX: F1 77 FA F2 FC 74 97 AB 45 DB BF FB | T:585352 RPD:0
[CH: 50] LEN: 12 | HEX: F1 77 FD F7 FD 79 97 FA 26 F0 BE FF | T:585364 RPD:0
[CH: 50] LEN: 12 | HEX: F9 77 B5 FE FE 70 97 F5 10 1D B6 FF | T:585364 RPD:0
[CH: 50] LEN: 12 | HEX: F1 77 FC F2 FE 74 97 FF 45 DB BE FF | T:585375 RPD:0
[CH: 50] LEN: 12 | HEX: F9 77 FD F7 BD 79 97 AD 26 F0 AF FD | T:585376 RPD:0
[CH: 50] LEN: 12 | HEX: F1 7F FD F6 FE 70 97 FA 90 1D BF FF | T:585387 RPD:0
[CH: 50] LEN: 12 | HEX: F1 77 5C F1 DE 77 96 B7 F2 59 BE BF | T:585397 RPD:1
[CH: 50] LEN: 12 | HEX: F9 77 FD F8 FE 76 97 FA 6F 38 AB FB | T:585400 RPD:1
[CH: 50] LEN: 12 | HEX: F9 77 FA E7 7E 71 97 7A 26 E0 BF FF | T:585403 RPD:1
[CH: 50] LEN: 12 | HEX: F1 77 BD FE F6 70 97 D7 10 1D BF F6 | T:585414 RPD:1
[CH: 50] LEN: 12 | HEX: F1 77 BB F7 FF 75 97 57 D8 BA BF FB | T:585414 RPD:1
[CH: 50] LEN: 12 | HEX: F9 77 FE F2 FE 74 97 FE C5 DB FF FF | T:585425 RPD:1
[CH: 50] LEN: 12 | HEX: F9 77 D6 F1 FA 77 97 5E F2 59 BF EF | T:585437 RPD:1
[CH: 50] LEN: 12 | HEX: F9 77 FD E8 FA 76 97 F5 6F 38 AE FF | T:585437 RPD:0
[CH: 50] LEN: 12 | HEX: F9 77 DD FF FC 70 97 FD 10 1D B7 FF | T:585448 RPD:1
[CH: 50] LEN: 12 | HEX: F9 77 FF F9 FE 77 97 DE F2 59 AF F6 | T:585449 RPD:0
[CH: 50] LEN: 12 | HEX: F1 77 FF F8 F6 76 97 B4 6F 38 BF F6 | T:585460 RPD:1
[CH: 50] LEN: 12 | HEX: F9 77 FF FD DE 73 97 BD 27 9F BB 3F | T:585460 RPD:0
[CH: 50] LEN: 12 | HEX: F1 77 FD FB FF 75 97 FB D8 BA AC EB | T:585471 RPD:0
[CH: 50] LEN: 12 | HEX: F9 77 FF F9 F6 77 97 D6 F2 59 B7 F7 | T:585483 RPD:1
[CH: 50] LEN: 12 | HEX: F9 77 FD F8 F4 76 97 7A EF 38 B7 C6 | T:585483 RPD:1
[CH: 50] LEN: 12 | HEX: F5 77 FC FD FE 70 97 DD 10 1D B5 FF | T:585503 RPD:1
[CH: 50] LEN: 12 | HEX: F3 77 F4 FD FA 73 97 FF 67 9F 3B 7B | T:585506 RPD:1
[CH: 50] LEN: 12 | HEX: E9 77 FD FB FA 75 97 BA D8 BA BB FF | T:585509 RPD:1
[CH: 50] LEN: 12 | HEX: F9 77 B4 FA FC 74 97 BA 45 DB B7 FF | T:585520 RPD:1
[CH: 50] LEN: 12 | HEX: F9 77 FD F9 F5 77 97 BF 52 59 AB BF | T:585520 RPD:0
[CH: 50] LEN: 12 | HEX: F1 77 F6 F8 EE 76 97 FD 6E 38 BB BD | T:585531 RPD:1
[CH: 50] LEN: 12 | HEX: FD 77 BB F7 FD 79 97 EB 26 F0 BF D7 | T:585532 RPD:1
[CH: 50] LEN: 12 | HEX: F9 77 DC FA FE 70 97 F5 10 1D BF 7B | T:585543 RPD:1
[CH: 50] LEN: 12 | HEX: F1 77 FE FD F6 73 97 D7 A7 9E BF FF | T:585554 RPD:1
[CH: 50] LEN: 12 | HEX: F9 77 D4 FB FE 75 97 FF 78 BA B7 FF | T:585555 RPD:0
[CH: 50] LEN: 12 | HEX: F9 77 FF FA FE 74 97 F7 45 FB BF BB | T:585566 RPD:1
[CH: 50] LEN: 12 | HEX: F1 77 FA F8 FE 76 97 FA 6F 38 BF ED | T:585566 RPD:0
[CH: 50] LEN: 12 | HEX: F5 77 EE F7 FD 79 97 DF 26 F0 BB FE | T:585577 RPD:0
[CH: 50] LEN: 12 | HEX: F1 77 DE FB FE 75 97 D6 98 BA BF E7 | T:585589 RPD:1
[CH: 50] LEN: 12 | HEX: F9 77 DD F2 FE 74 97 FA C5 DB FF 7D | T:585589 RPD:1
[CH: 50] LEN: 12 | HEX: F9 77 FC F9 FE 77 97 D7 F2 59 BD 6F | T:585600 RPD:1
[CH: 50] LEN: 12 | HEX: F9 77 FE F0 EC 76 97 FA 6F 38 BF DF | T:585611 RPD:1
[CH: 50] LEN: 12 | HEX: F9 77 FF F7 DE 79 97 FD 26 F0 B7 DF | T:585614 RPD:0
[CH: 50] LEN: 12 | HEX: F1 77 FE FB FE 73 97 DF A7 9F 37 7F | T:585620 RPD:1
[CH: 50] LEN: 12 | HEX: F1 77 FA F3 FD 75 97 FD D8 BA BE FF | T:585623 RPD:1
[CH: 50] LEN: 12 | HEX: F5 77 B6 FA FE 74 97 FD 45 DB BE DF | T:585634 RPD:1
[CH: 50] LEN: 12 | HEX: F1 57 FD F9 D4 77 97 BD 72 59 BF FF | T:585646 RPD:1
[CH: 50] LEN: 12 | HEX: F9 77 D6 F8 FE 76 97 DD 6F 38 BB 7F | T:585649 RPD:1
[CH: 50] LEN: 12 | HEX: F9 77 DF F7 FF 79 97 FF A6 F0 AD FF | T:585652 RPD:1
[CH: 50] LEN: 12 | HEX: F9 77 D6 FE FE 70 97 FF 10 1D BF FF | T:585672 RPD:1
[CH: 50] LEN: 12 | HEX: F9 77 BA FD FE 73 97 DF A7 9F AF FF | T:585675 RPD:1
[CH: 50] LEN: 12 | HEX: E9 77 7A FB F9 75 97 BD D8 BA AF 6F | T:585695 RPD:1
[CH: 50] LEN: 12 | HEX: F9 77 EC EA FE 74 97 FA 45 DB BE BF | T:585714 RPD:1
[CH: 50] LEN: 12 | HEX: F1 77 F5 E9 FE 77 97 5F F2 59 B6 FF | T:585717 RPD:1
[CH: 50] LEN: 12 | HEX: F5 77 DD F7 FD 79 97 BD 26 F0 BF 7D | T:585723 RPD:1
[CH: 50] LEN: 12 | HEX: F9 77 BD FA FE 70 97 FF 10 1D B5 FF | T:585727 RPD:1
[CH: 50] LEN: 12 | HEX: F9 77 AE F9 FD 73 97 FB A7 9F B9 BE | T:585738 RPD:1
[CH: 50] LEN: 12 | HEX: F9 77 FA F3 FE 75 97 FE 98 BA BB FF | T:585749 RPD:1
[CH: 50] LEN: 12 | HEX: F9 77 AD FA FE 74 97 FF 45 DB B7 D5 | T:585752 RPD:1
[CH: 50] LEN: 12 | HEX: F9 77 74 F9 FE 77 97 5D 72 59 BD FD | T:585772 RPD:1
[CH: 50] LEN: 12 | HEX: F9 77 BD F0 FE 76 97 FB 6F 38 BF F7 | T:585775 RPD:1
[CH: 50] LEN: 12 | HEX: F9 77 AF F7 BE 79 97 FE A6 F0 BF 95 | T:585778 RPD:1
[CH: 50] LEN: 12 | HEX: F1 77 AE FE FE 70 97 D7 10 1D AF FF | T:585798 RPD:1
[CH: 50] LEN: 12 | HEX: F9 77 FD FD FE 73 97 FE A7 9F BF FF | T:585801 RPD:1
[CH: 50] LEN: 12 | HEX: F1 77 F6 FB FE 75 97 D6 98 BA BF FB | T:585804 RPD:1
[CH: 50] LEN: 12 | HEX: F9 77 FE FA FE 74 97 FC 45 DB BD F7 | T:585824 RPD:1
[CH: 50] LEN: 12 | HEX: E9 77 B5 F1 FE 77 97 5D 52 59 AE FF | T:585827 RPD:1
[CH: 50] LEN: 12 | HEX: F1 77 6A F0 FE 76 97 DE EE 38 BF FF | T:585847 RPD:1
[CH: 50] LEN: 12 | HEX: F9 77 FD F7 DD 79 97 DA A6 E0 BF EE | T:585850 RPD:1
[CH: 50] LEN: 12 | HEX: F9 77 D6 FC F9 70 97 FE 90 1D BE FF | T:585853 RPD:1
[CH: 50] LEN: 12 | HEX: F9 77 FE FD FE 73 97 F6 E7 9E FF EF | T:585865 RPD:1
[CH: 50] LEN: 12 | HEX: F5 77 BF FB FE 75 97 FE D8 BA BA 5C | T:585865 RPD:0
[CH: 50] LEN: 12 | HEX: F9 77 DD FA FE 74 97 D5 C5 DB B7 6E | T:585876 RPD:1
[CH: 50] LEN: 12 | HEX: F9 77 D6 F1 FE 77 97 FE B2 59 BF FF | T:585877 RPD:0
[CH: 50] LEN: 12 | HEX: F9 77 DA F8 FE 76 97 AB 6F 38 B6 FE | T:585888 RPD:1
[CH: 50] LEN: 12 | HEX: F9 77 BC FB FC 7B 97 FA A7 9F 35 B6 | T:585899 RPD:1
[CH: 50] LEN: 12 | HEX: F1 77 FE F3 D6 75 97 AA 98 BA BA FB | T:585899 RPD:0
[CH: 50] LEN: 12 | HEX: F1 77 FD F0 FE 76 97 AD EF 38 BF ED | T:585911 RPD:1
[CH: 50] LEN: 12 | HEX: F9 77 FE F7 FD 71 97 FD 26 F0 BD F7 | T:585911 RPD:1
[CH: 50] LEN: 12 | HEX: F9 77 BC EC FC 70 97 DA 10 1D BE DB | T:585922 RPD:1
[CH: 50] LEN: 12 | HEX: F9 77 F4 FB EE 73 97 DF A7 DF B7 BF | T:585934 RPD:1
[CH: 50] LEN: 12 | HEX: F9 77 DD FB BD 75 97 AB D8 BA BD FF | T:585934 RPD:0
[CH: 50] LEN: 12 | HEX: F1 77 5E E9 DC 77 97 5A F2 59 B5 6B | T:585945 RPD:1
[CH: 50] LEN: 12 | HEX: F9 77 FC FD F6 73 97 AE A7 9D B7 FF | T:585945 RPD:0
[CH: 50] LEN: 12 | HEX: F1 77 F9 F3 FA 75 97 6B D8 BA BB FF | T:585957 RPD:1
[CH: 50] LEN: 12 | HEX: F9 77 FD F0 FC 76 97 BE EE B8 AD AF | T:585957 RPD:0
[CH: 50] LEN: 12 | HEX: F5 77 FE F7 FE 79 97 FD 26 F0 AB DF | T:585968 RPD:1
[CH: 50] LEN: 12 | HEX: F9 77 FD FB EE 73 97 BA A7 9F B7 FD | T:585979 RPD:1
[CH: 50] LEN: 12 | HEX: F9 77 F4 FB D6 75 97 FD 58 BA BE DF | T:585980 RPD:0
[CH: 50] LEN: 12 | HEX: F9 77 EC F8 F4 76 97 FD 6F 38 BF F7 | T:585991 RPD:1
[CH: 50] LEN: 12 | HEX: F9 77 FD FB FE 75 97 BF D8 BA BB B1 | T:585991 RPD:0
[CH: 50] LEN: 12 | HEX: F9 77 FE F2 FE 74 97 FF 45 DB BD FD | T:586003 RPD:0
[CH: 50] LEN: 12 | HEX: F9 77 55 F0 FE 76 97 FA 6F 38 BB D5 | T:586007 RPD:1
[CH: 50] LEN: 12 | HEX: F9 77 B5 F7 FD 71 97 FF 26 F0 B6 F7 | T:586019 RPD:1
[CH: 50] LEN: 12 | HEX: F9 77 AA FA FC 70 97 DD 90 1D BF DF | T:586019 RPD:0
[CH: 50] LEN: 12 | HEX: F9 77 DB FD FC 73 97 FD 67 9E BF DB | T:586030 RPD:1
[CH: 50] LEN: 12 | HEX: F9 77 BB FB EA 75 97 D5 58 BA BB DD | T:586030 RPD:0
[CH: 50] LEN: 12 | HEX: F9 77 BE F9 EE 77 97 FD 72 59 AF 7F | T:586042 RPD:1
[CH: 50] LEN: 12 | HEX: F1 77 FB F7 D4 79 97 B5 A6 F0 BF DE | T:586053 RPD:1
[CH: 50] LEN: 12 | HEX: F5 77 DE F9 D6 73 97 B5 A7 9E BF FF | T:586053 RPD:0
[CH: 50] LEN: 12 | HEX: F9 77 F9 EA F4 74 97 FA 45 DB F7 FF | T:586065 RPD:1
[CH: 50] LEN: 12 | HEX: F9 77 DE FE FE 70 97 AD 10 1D BF EF | T:586065 RPD:0
[CH: 50] LEN: 12 | HEX: F9 77 7A F3 F4 73 97 BF A7 9F 3F FD | T:586076 RPD:1
[CH: 50] LEN: 12 | HEX: F9 77 AE F9 FE 77 97 AE B2 59 BF FF | T:586076 RPD:0
[CH: 50] LEN: 12 | HEX: F1 77 FD F0 FE 76 97 75 6F 38 BD DF | T:586088 RPD:1
[CH: 50] LEN: 12 | HEX: F1 77 FF FD EE 73 97 BF A7 9E BB FF | T:586099 RPD:1
[CH: 50] LEN: 12 | HEX: F1 77 D4 FB FD 75 97 FE D8 BA BD FF | T:586099 RPD:0
[CH: 50] LEN: 12 | HEX: F1 77 DE F9 F6 77 97 5B F2 59 BF EF | T:586111 RPD:0
[CH: 50] LEN: 12 | HEX: F1 77 FF F7 B5 79 97 FB 26 F0 B7 F7 | T:586111 RPD:1
[CH: 50] LEN: 12 | HEX: F9 77 FE F5 FE 70 97 FF 10 1D BE FF | T:586122 RPD:1
[CH: 50] LEN: 12 | HEX: F9 77 F4 FD D6 73 97 FE E7 9F 3E DB | T:586123 RPD:0
[CH: 50] LEN: 12 | HEX: F9 77 DE FB FE 75 97 DE 58 BA BF FF | T:586134 RPD:1
[CH: 50] LEN: 12 | HEX: F9 77 BD FA FE 74 97 DD 45 DB BF F7 | T:586145 RPD:1
[CH: 50] LEN: 12 | HEX: F9 77 D4 F9 EE 77 97 7B F2 59 FF BF | T:586146 RPD:0
[CH: 50] LEN: 12 | HEX: F9 77 AE F4 FA 70 97 BD 10 1D BF FD | T:586157 RPD:1
[CH: 50] LEN: 12 | HEX: F9 77 F4 E9 FE 77 97 55 F2 59 BE BD | T:586157 RPD:0
[CH: 50] LEN: 12 | HEX: F1 77 F9 F0 F6 76 97 BD EE B8 BB AD | T:586168 RPD:1
[CH: 50] LEN: 12 | HEX: F9 77 D6 FD EA 73 97 AA A7 9F BF 7B | T:586169 RPD:0
[CH: 50] LEN: 12 | HEX: F9 77 FE FB FE 75 97 FD 58 BA BF BD | T:586180 RPD:1
[CH: 50] LEN: 12 | HEX: F9 77 FC F8 FC 76 97 DD 6E 38 BE BE | T:586191 RPD:1
[CH: 50] LEN: 12 | HEX: F9 77 FE F7 BB 79 97 FA A6 F0 AF AF | T:586192 RPD:1
[CH: 50] LEN: 12 | HEX: FA 78 FF 5C 7C 79 97 EA 10 0B B7 7F | T:586211 RPD:1
[CH: 50] LEN: 12 | HEX: FA 78 FE FC 7E 79 97 AE 90 0B BF 77 | T:586212 RPD:1
[CH: 50] LEN: 12 | HEX: F9 77 D6 F4 F6 70 97 6B 10 1D BE FE | T:586223 RPD:1
[CH: 50] LEN: 12 | HEX: F9 77 FD FD F4 73 97 FF 67 9F BE FE | T:586223 RPD:1
[CH: 50] LEN: 12 | HEX: F9 77 ED FB FD 75 97 FD 58 BA AB BF | T:586238 RPD:1
[CH: 50] LEN: 12 | HEX: F1 77 5E F2 FE 74 97 F5 45 DB BE DE | T:586258 RPD:1
[CH: 50] LEN: 12 | HEX: F1 77 FC F1 FE 77 97 FD 52 59 BF EF | T:586261 RPD:1
[CH: 50] LEN: 12 | HEX: F9 77 EA F8 F6 76 97 EF 6F 38 BF B7 | T:586264 RPD:1
[CH: 50] LEN: 12 | HEX: F1 77 FA F7 BE 79 97 AF 26 F0 BD F7 | T:586275 RPD:1
[CH: 50] LEN: 12 | HEX: F9 77 FE F6 FE 70 97 FA 10 1D AA FD | T:586276 RPD:0
[CH: 50] LEN: 12 | HEX: F9 77 AF EB FE 73 97 BD 27 1F BF BB | T:586287 RPD:1
[CH: 50] LEN: 12 | HEX: F1 77 5C F3 FC 75 97 F6 B8 BA BB DE | T:586287 RPD:0
[CH: 50] LEN: 12 | HEX: F1 77 BD FA FA F4 97 FE C5 DB BD FE | T:586299 RPD:1
[CH: 50] LEN: 12 | HEX: F9 77 ED F7 D6 79 97 D6 26 F0 AF FB | T:586310 RPD:0
[CH: 50] LEN: 12 | HEX: F1 77 F5 F6 FC 70 97 F5 10 1D BF FF | T:586310 RPD:0
[CH: 50] LEN: 12 | HEX: F9 77 FD F7 EE 75 97 FA D8 BA BE FF | T:586321 RPD:1
[CH: 50] LEN: 12 | HEX: F1 77 BC FA FE 74 97 FA 45 DB BE FB | T:586322 RPD:0
[CH: 50] LEN: 12 | HEX: F1 77 D6 F9 FE 77 97 FA F2 59 BD FD | T:586333 RPD:1
[CH: 50] LEN: 12 | HEX: F9 77 FE F7 DE 71 97 F5 26 F0 AF 5F | T:586344 RPD:1
[CH: 50] LEN: 12 | HEX: F9 77 FE F6 FE 70 97 DC 90 1D B7 F7 | T:586345 RPD:0
[CH: 50] LEN: 12 | HEX: F5 77 D6 FB FC 75 97 BF D8 BA BF FA | T:586356 RPD:1
[CH: 50] LEN: 12 | HEX: F1 77 D6 F7 BD 79 97 DE A6 F0 BF FF | T:586356 RPD:0
[CH: 50] LEN: 12 | HEX: F9 77 DC FA FE 70 97 FA 90 1D BF FE | T:586367 RPD:1
[CH: 50] LEN: 12 | HEX: F1 77 AE F2 F6 74 97 B5 45 DB BF FF | T:586368 RPD:0
[CH: 50] LEN: 12 | HEX: F9 77 BE F9 FA 77 97 FA F2 59 B7 FA | T:586379 RPD:1
[CH: 50] LEN: 12 | HEX: F9 77 BA F7 BD 79 97 FA 26 E0 B7 FF | T:586390 RPD:1
[CH: 50] LEN: 12 | HEX: F9 77 BD F5 F5 70 97 AE 90 1D BF F5 | T:586390 RPD:0
[CH: 50] LEN: 12 | HEX: F1 77 BD EA FE 74 97 DE 45 DB BB F5 | T:586402 RPD:1
[CH: 50] LEN: 12 | HEX: F1 77 FD FD FE 70 97 FE 90 1D BF FF | T:586402 RPD:0
[CH: 50] LEN: 12 | HEX: F9 77 FD FB FE 73 97 DD 27 9F 2F FF | T:586413 RPD:0
[CH: 50] LEN: 12 | HEX: F9 77 D6 F2 FA 74 97 5E 45 DB BE F6 | T:586418 RPD:1
[CH: 50] LEN: 12 | HEX: F1 77 F5 F1 EA 77 97 DD F2 59 BD FB | T:586429 RPD:1
[CH: 50] LEN: 12 | HEX: F9 77 D6 F0 FE 76 97 AD 6F 38 B5 FB | T:586430 RPD:0
[CH: 50] LEN: 12 | HEX: F1 77 FE F7 DD 79 97 FF 26 F0 BF D4 | T:586441 RPD:0
[CH: 50] LEN: 12 | HEX: F9 77 FE F5 FE 70 97 FE 90 1D B7 EF | T:586447 RPD:1
[CH: 50] LEN: 12 | HEX: F1 77 FE FD F4 73 97 D7 A7 9E EF D6 | T:586450 RPD:1
[CH: 50] LEN: 12 | HEX: F9 77 FC FB FD 75 97 5F D8 BA AD BD | T:586461 RPD:1
[CH: 50] LEN: 12 | HEX: F1 77 DC FA FE 74 97 FD C5 DB EE F6 | T:586462 RPD:0
[CH: 50] LEN: 12 | HEX: F9 77 FE F9 EE 77 D7 AF F2 59 BF 5F | T:586473 RPD:1
[CH: 50] LEN: 12 | HEX: F1 77 AC F8 F5 76 97 5F 6F 3C BF EA | T:586473 RPD:0
[CH: 50] LEN: 12 | HEX: F1 77 F4 F7 B4 79 97 BC A6 F0 BF 6B | T:586484 RPD:0
[CH: 50] LEN: 12 | HEX: F9 77 FF FB EA 75 97 EE 98 BA BF FB | T:586496 RPD:1
[CH: 50] LEN: 12 | HEX: F9 77 DC FA F6 74 97 FD C5 DB BF FF | T:586496 RPD:1
[CH: 50] LEN: 12 | HEX: F9 77 FE F9 F7 77 D7 F6 A2 59 BD B5 | T:586507 RPD:1
[CH: 50] LEN: 12 | HEX: F1 77 FE F0 F4 76 97 D5 6F 38 B6 BE | T:586508 RPD:1
[CH: 50] LEN: 12 | HEX: F1 77 FE F7 DE 79 97 BD A6 F0 BF 7F | T:586520 RPD:1
[CH: 50] LEN: 12 | HEX: FA 78 F7 5C 7E 79 97 FD 10 0B BD FF | T:586540 RPD:1
[CH: 50] LEN: 12 | HEX: EA 78 FF D4 7C 79 97 FF 10 0B FE EF | T:586541 RPD:1
[CH: 50] LEN: 12 | HEX: F1 77 FB FD F4 70 97 5A 10 1D BF 76 | T:586552 RPD:1
[CH: 50] LEN: 12 | HEX: F9 77 FC FD FE 73 97 FF A7 9F BD EF | T:586552 RPD:0
[CH: 50] LEN: 12 | HEX: F1 77 7D F3 FE 75 97 BA 98 BA B5 EE | T:586564 RPD:1
[CH: 50] LEN: 12 | HEX: F1 77 AC FA FE 74 97 FF 45 DB BE DD | T:586564 RPD:0
[CH: 50] LEN: 12 | HEX: F9 77 FC F9 FE 77 97 FF 72 59 B6 DF | T:586575 RPD:1
[CH: 50] LEN: 12 | HEX: F9 77 FC FE FD 70 97 F6 90 1D BE FF | T:586586 RPD:1
[CH: 50] LEN: 12 | HEX: F1 77 FD F7 FE 73 97 DF A7 9F BE FD | T:586587 RPD:0
[CH: 50] LEN: 12 | HEX: F1 77 FE F9 FE 77 97 FA F2 59 BA 77 | T:586598 RPD:1
[CH: 50] LEN: 12 | HEX: F1 77 FD FF EA 73 97 FE A7 9E FF FE | T:586598 RPD:0
[CH: 50] LEN: 12 | HEX: F1 77 FE FB FE 75 97 FF 58 BA AD 9F | T:586610 RPD:1
[CH: 50] LEN: 12 | HEX: F9 77 FD F8 FE 76 97 FD EE 38 BF E5 | T:586610 RPD:1
[CH: 50] LEN: 12 | HEX: F9 77 FE F7 FE 79 97 EF A6 F0 BA DF | T:586621 RPD:1
[CH: 50] LEN: 12 | HEX: F9 77 FA F4 F6 70 97 FA 10 1D BF FF | T:586632 RPD:1
[CH: 50] LEN: 12 | HEX: F9 77 FE FD FE 73 97 FE A7 9F 3D DB | T:586633 RPD:1
[CH: 50] LEN: 12 | HEX: F9 77 DE FB FE 75 97 FD 58 BA BF BD | T:586644 RPD:1
[CH: 50] LEN: 12 | HEX: F9 77 BD FA FE 74 97 FF 45 DB BF FB | T:586644 RPD:0
[CH: 50] LEN: 12 | HEX: F9 77 76 F1 ED 77 97 5D F2 59 AB F6 | T:586656 RPD:1
[CH: 50] LEN: 12 | HEX: F1 77 BD FE FE 70 97 FE 90 1D AF FF | T:586656 RPD:0
[CH: 50] LEN: 12 | HEX: F9 77 FB F5 DE 73 97 FD 27 9F BF FF | T:586667 RPD:1
[CH: 50] LEN: 12 | HEX: F9 77 DE F9 FD 77 97 FE B2 59 BF F3 | T:586678 RPD:1
[CH: 50] LEN: 12 | HEX: F1 77 FE F0 FE 76 97 FD 6F 38 BD ED | T:586679 RPD:0
[CH: 50] LEN: 12 | HEX: F9 77 DB FD FE 73 D7 FF 27 9F BF FF | T:586690 RPD:1
[CH: 50] LEN: 12 | HEX: F1 77 EE F8 FE 76 97 EF 6F 38 AD 74 | T:586690 RPD:0
[CH: 50] LEN: 12 | HEX: F9 77 D4 F7 FE 79 97 FE A6 F0 BF FF | T:586702 RPD:1
[CH: 50] LEN: 12 | HEX: F9 77 DC FB DD 75 97 FE B8 BA BF F5 | T:586702 RPD:1
[CH: 50] LEN: 12 | HEX: F9 77 DE F2 F4 74 97 BE 45 DB BB 6F | T:586713 RPD:1
[CH: 50] LEN: 12 | HEX: F9 77 FE F7 BC 79 97 FD 26 F0 BF BF | T:586724 RPD:1
[CH: 50] LEN: 12 | HEX: F1 77 BD FA FE 70 97 BF 10 1D BF FF | T:586725 RPD:1
[CH: 50] LEN: 12 | HEX: F9 77 DA F9 FE 73 97 55 27 9E FF EE | T:586736 RPD:1
[CH: 50] LEN: 12 | HEX: F9 77 BF FB FC 75 97 BD 58 BA B7 77 | T:586737 RPD:0
[CH: 50] LEN: 12 | HEX: F9 77 FD F2 F5 74 97 FD 45 DB BF EB | T:586748 RPD:1
[CH: 50] LEN: 12 | HEX: F1 77 DC F9 FE 77 97 DE B2 59 BB FF | T:586759 RPD:1
[CH: 50] LEN: 12 | HEX: F1 77 B9 F8 FA 76 97 FF 6F 38 BF FF | T:586759 RPD:0
[CH: 50] LEN: 12 | HEX: F9 7F DC F5 FE 73 97 BC A7 9F BB FF | T:586771 RPD:1
[CH: 50] LEN: 12 | HEX: F9 77 D4 F8 EA 76 97 DE EF 38 BF FF | T:586771 RPD:0
[CH: 50] LEN: 12 | HEX: F9 77 DE F7 D6 79 97 FD A6 F0 BB FD | T:586782 RPD:1
[CH: 50] LEN: 12 | HEX: F5 77 FE F3 FE 75 97 FD 58 BA BE FF | T:586782 RPD:0
[CH: 50] LEN: 12 | HEX: F1 77 AE F2 FE 74 97 FE C5 DB BE BB | T:586794 RPD:1
[CH: 50] LEN: 12 | HEX: F9 77 FE F7 DD 79 97 FD A6 F0 BF 7F | T:586805 RPD:1
[CH: 50] LEN: 12 | HEX: F9 77 EE F4 FE 70 97 DD 90 1D BF 77 | T:586805 RPD:0
[CH: 50] LEN: 12 | HEX: F1 77 FE FA FE 74 97 AF 45 FB BB FE | T:586817 RPD:1
[CH: 50] LEN: 12 | HEX: F1 77 5E E7 5C 79 97 BC A6 E0 AF F7 | T:586817 RPD:1
[CH: 50] LEN: 12 | HEX: F9 77 F5 FE F6 70 97 DD 90 1D B7 7F | T:586828 RPD:1
[CH: 50] LEN: 12 | HEX: F9 77 FE F9 FE 73 97 B7 A7 9F 3B D6 | T:586829 RPD:1
[CH: 50] LEN: 12 | HEX: F1 77 DD FB FF 75 97 AF 58 BA BB FE | T:586849 RPD:1
[CH: 50] LEN: 12 | HEX: F9 77 BF FA F6 74 97 FE C5 DB FF EB | T:586852 RPD:1
[CH: 50] LEN: 12 | HEX: F9 77 FE F9 F4 77 17 FE B2 59 B7 5F | T:586855 RPD:1
[CH: 50] LEN: 12 | HEX: F9 77 DC F8 FA 76 97 AC EF 38 BF DF | T:586866 RPD:1
[CH: 50] LEN: 12 | HEX: F9 77 D6 F7 DE 79 97 FE A6 F0 BF FE | T:586866 RPD:0
[CH: 50] LEN: 12 | HEX: F9 77 B4 F5 FC 70 97 BD 90 1D B7 DB | T:586878 RPD:1
[CH: 50] LEN: 12 | HEX: F1 77 FB FD FE 73 97 FD 67 9E BD 7E | T:586878 RPD:0
[CH: 50] LEN: 12 | HEX: F9 77 D6 F3 FE 75 97 FD 58 BA BE F6 | T:586889 RPD:0
[CH: 50] LEN: 12 | HEX: F1 77 FD F2 FE 74 97 FE C5 DB BF B7 | T:586901 RPD:1
[CH: 50] LEN: 12 | HEX: F9 77 FE F1 FE 77 97 FD 72 59 BF FF | T:586901 RPD:0
[CH: 50] LEN: 12 | HEX: F9 77 D6 F8 FA 76 97 FF 6F 38 BF F1 | T:586912 RPD:1
[CH: 50] LEN: 12 | HEX: F9 77 FE F5 FC 70 97 FA 10 1D BB AF | T:586912 RPD:0
[CH: 50] LEN: 12 | HEX: F9 77 DE FD FE 73 97 FF 67 9F 3F 6B | T:586924 RPD:1
[CH: 50] LEN: 12 | HEX: F9 77 EE F1 FE 77 97 FD 72 59 BF DD | T:586935 RPD:1
[CH: 50] LEN: 12 | HEX: F1 77 DD F8 F4 76 97 FD 6F 38 B7 BF | T:586935 RPD:1
[CH: 50] LEN: 12 | HEX: F9 77 FE F7 FE 79 97 FF 26 F0 BA FF | T:586954 RPD:1
[CH: 50] LEN: 12 | HEX: F9 77 7A F4 F5 70 97 AD 90 1D BE B7 | T:586957 RPD:1
[CH: 50] LEN: 12 | HEX: F9 77 FB F9 FE 73 97 FA A7 9F BF FF | T:586960 RPD:1
[CH: 50] LEN: 12 | HEX: F9 77 AE F3 AD 75 97 D7 D8 BA B7 7B | T:586971 RPD:1
[CH: 50] LEN: 12 | HEX: F9 77 BC FA FA 74 97 75 45 DB FF FF | T:586971 RPD:0
[CH: 50] LEN: 12 | HEX: F9 77 DE F1 FE 77 17 EF B2 59 BF FB | T:586983 RPD:1
[CH: 50] LEN: 12 | HEX: F9 77 EE F8 FC 76 97 FD EF 38 B5 FB | T:586983 RPD:0
[CH: 50] LEN: 12 | HEX: F9 77 FA F7 FC 79 97 75 26 F0 BF 7E | T:586994 RPD:0
[CH: 50] LEN: 12 | HEX: F1 77 58 EF D4 75 96 F5 58 BA BF EF | T:587006 RPD:1
[CH: 50] LEN: 12 | HEX: F9 77 D5 F2 F4 74 97 FE C5 DB BD 7F | T:587006 RPD:1
[CH: 50] LEN: 12 | HEX: F1 77 BA F1 FC 77 97 5F F2 59 BA FF | T:587017 RPD:1
[CH: 50] LEN: 12 | HEX: F1 77 FE F0 F5 76 97 AD 6F 38 AF EF | T:587027 RPD:1
[CH: 50] LEN: 12 | HEX: F9 77 D4 F7 D4 79 97 FD A6 F0 BA FF | T:587030 RPD:1
[CH: 50] LEN: 12 | HEX: F1 77 5B F5 EB 70 97 F9 90 1D BF FF | T:587033 RPD:1
[CH: 50] LEN: 12 | HEX: F1 77 D4 FD FE 73 97 B5 27 9E BF F7 | T:587044 RPD:1
[CH: 50] LEN: 12 | HEX: E9 77 DD F3 FE 75 97 FF 78 BA BF FD | T:587056 RPD:1
[CH: 50] LEN: 12 | HEX: F9 77 FE F2 FE 74 97 FD 45 DB B6 FB | T:587076 RPD:1
[CH: 50] LEN: 12 | HEX: F9 77 EE F9 FE 77 97 FE A2 59 BF DE | T:587079 RPD:1
[CH: 50] LEN: 12 | HEX: F9 77 FF F8 FA 76 97 FD 6F 38 BE E7 | T:587099 RPD:1
[CH: 50] LEN: 12 | HEX: F9 77 FF F7 DE 71 97 FD 26 F0 BF EF | T:587102 RPD:1
[CH: 50] LEN: 12 | HEX: F5 77 D9 FB FE 70 97 FE 90 1D BD BF | T:587105 RPD:1
[CH: 50] LEN: 12 | HEX: F1 77 FB F5 FA 73 97 FA A7 9F 3E FF | T:587116 RPD:1
[CH: 50] LEN: 12 | HEX: F9 77 F5 FB F4 75 97 FA D8 BA BD FF | T:587116 RPD:0
[CH: 50] LEN: 12 | HEX: F9 77 DE FA F5 74 97 FA 45 DB FF FF | T:587128 RPD:1
[CH: 50] LEN: 12 | HEX: F1 77 D6 E9 DC 77 17 FD 72 59 BA BF | T:587128 RPD:0
[CH: 50] LEN: 12 | HEX: F9 77 AA F8 FE 7E 97 FE EF 38 BF FA | T:587139 RPD:0
[CH: 50] LEN: 12 | HEX: F5 77 FE F7 AE 79 97 AA A6 F0 BE FF | T:587150 RPD:1
[CH: 50] LEN: 12 | HEX: FA 78 FE F4 7D 79 97 AD 10 0B BF 7B | T:587160 RPD:1
[CH: 50] LEN: 12 | HEX: FA 78 F5 A8 7E 79 97 5E 10 0B BF B7 | T:587160 RPD:1
[CH: 50] LEN: 12 | HEX: F1 77 AE FA F4 70 97 FE 90 1D BD FF | T:587172 RPD:1
[CH: 50] LEN: 12 | HEX: F1 77 DC FD DC 73 97 7D 27 9E BD 6F | T:587172 RPD:1
[CH: 50] LEN: 12 | HEX: F1 77 DE FB D6 75 97 BA 98 BA AF FF | T:587187 RPD:1
[CH: 50] LEN: 12 | HEX: F1 77 DF FA FC 74 97 FD 45 DB BD DB | T:587190 RPD:1
[CH: 50] LEN: 12 | HEX: F9 77 EC F1 FA 77 17 6B F2 59 B7 FE | T:587193 RPD:1
[CH: 50] LEN: 12 | HEX: F9 77 FE F8 EA 76 97 FE EF 38 BF FF | T:587204 RPD:1
[CH: 50] LEN: 12 | HEX: F1 77 FE F7 FD 7B 97 BD A6 F0 AF DD | T:587204 RPD:0
[CH: 50] LEN: 12 | HEX: F9 77 DA EA FE 70 97 5D 10 1D B6 BF | T:587215 RPD:1
[CH: 50] LEN: 12 | HEX: F9 77 FA FD FE 73 97 FF 27 9F B6 FF | T:587216 RPD:0
[CH: 50] LEN: 12 | HEX: F9 77 EA FB EA 75 97 FE B8 BA BD AF | T:587227 RPD:1
[CH: 50] LEN: 12 | HEX: F1 77 DC F8 FA 76 97 D5 6F 38 BF FF | T:587238 RPD:1
[CH: 50] LEN: 12 | HEX: F1 77 FD F7 FE 79 97 D6 A6 F0 AD F7 | T:587239 RPD:1
[CH: 50] LEN: 12 | HEX: F1 77 FD FE F6 70 97 5D 10 1D BB FA | T:587250 RPD:1
[CH: 50] LEN: 12 | HEX: F9 77 AE FB FE 73 97 FD 27 9F BF FF | T:587250 RPD:0
[CH: 50] LEN: 12 | HEX: F9 77 FE FB FE 75 97 FD 58 BA BF FF | T:587261 RPD:1
[CH: 50] LEN: 12 | HEX: F9 77 FD F1 FE 77 97 FD 72 59 BF DF | T:587273 RPD:1
[CH: 50] LEN: 12 | HEX: F1 77 AD F0 F6 76 97 BA 6F 38 B7 FF | T:587273 RPD:0
[CH: 50] LEN: 12 | HEX: F9 77 AE F9 F6 73 97 FD 27 9F BF 7B | T:587284 RPD:1
[CH: 50] LEN: 12 | HEX: F9 77 FE F8 FE 76 97 AD EF 38 BF F7 | T:587285 RPD:1
[CH: 50] LEN: 12 | HEX: F9 77 DC E7 54 79 97 FA 26 F0 BF FF | T:587296 RPD:1
[CH: 50] LEN: 12 | HEX: F1 77 DD F3 FE 75 97 FD D8 BA BB BA | T:587296 RPD:0
[CH: 50] LEN: 12 | HEX: F9 77 DE FA FE 74 97 EA C5 DB BE B6 | T:587307 RPD:1
[CH: 50] LEN: 12 | HEX: F1 77 FB F8 FA 76 97 BA EF 38 B5 DF | T:587319 RPD:1
[CH: 50] LEN: 12 | HEX: F9 77 FC F7 FE 79 97 EA A6 F0 AF BF | T:587319 RPD:0
[CH: 50] LEN: 12 | HEX: F9 77 FE F2 EE 74 97 AF 45 DB BF D6 | T:587330 RPD:0
[CH: 50] LEN: 12 | HEX: F9 77 D4 F7 F6 79 97 FD 26 F0 BF FF | T:587338 RPD:1
[CH: 50] LEN: 12 | HEX: F9 77 FE FE F4 70 97 FD 10 1D BF F6 | T:587341 RPD:1
[CH: 50] LEN: 12 | HEX: F9 77 F9 FD FE 73 97 FE A7 9E BF FB | T:587352 RPD:1
[CH: 50] LEN: 12 | HEX: F9 77 BB F3 D6 75 97 BA D8 BA BB FA | T:587352 RPD:0
[CH: 50] LEN: 12 | HEX: F9 77 5E EA FB 74 97 D5 45 DB BF FF | T:587363 RPD:1
[CH: 50] LEN: 12 | HEX: F9 77 AF F9 FE 77 97 D5 72 59 BE DB | T:587364 RPD:0
[CH: 50] LEN: 12 | HEX: F9 77 B5 F8 FE 76 97 FD 6F 38 BD FB | T:587375 RPD:1
[CH: 50] LEN: 12 | HEX: F9 77 D5 F9 FF 73 97 FA A7 9E EB 77 | T:587375 RPD:0
[CH: 50] LEN: 12 | HEX: E9 77 D4 F3 F4 75 97 FE B8 BA B6 DF | T:587387 RPD:1
[CH: 50] LEN: 12 | HEX: F9 77 7E F8 F6 76 97 BA 6F 38 BE FF | T:587398 RPD:1
[CH: 50] LEN: 12 | HEX: F9 7F F5 F7 AE 71 97 D6 26 E0 BF FF | T:587398 RPD:0
[CH: 50] LEN: 12 | HEX: ED 77 F5 F3 DD 75 97 F5 58 BA AF F7 | T:587409 RPD:1
[CH: 50] LEN: 12 | HEX: F1 77 AE F7 F4 79 97 FA 26 F0 BF FE | T:587410 RPD:0
[CH: 50] LEN: 12 | HEX: F9 77 EA F6 F4 70 97 B5 10 1D BF AF | T:587421 RPD:1
[CH: 50] LEN: 12 | HEX: F9 77 FE FA FE 74 97 AE C5 DB FF FF | T:587432 RPD:1
[CH: 50] LEN: 12 | HEX: F1 77 FD F9 EA 77 97 EF 52 59 BF DB | T:587433 RPD:0
[CH: 50] LEN: 12 | HEX: F9 77 FE E7 FC 79 97 F5 26 F0 BF FF | T:587444 RPD:1
[CH: 50] LEN: 12 | HEX: F9 77 EA EA FE 70 97 BD 90 1D BF FF | T:587444 RPD:1
[CH: 50] LEN: 12 | HEX: F9 77 BA F7 F5 73 97 DF A7 9F 7E BF | T:587455 RPD:1
[CH: 50] LEN: 12 | HEX: F9 77 FF FB F4 75 97 7A 98 BA BF FF | T:587456 RPD:0
[CH: 50] LEN: 12 | HEX: F9 77 7D F1 FE 77 57 FD 72 59 BF FE | T:587467 RPD:1
[CH: 50] LEN: 12 | HEX: F9 77 AE F0 FC 76 97 EF 6F 38 BE BB | T:587478 RPD:0
[CH: 50] LEN: 12 | HEX: F9 77 D4 F7 FE 79 97 FF 26 F0 BF DF | T:587479 RPD:0
[CH: 50] LEN: 12 | HEX: F9 77 FD FB FC 70 97 EE 90 1D AF DF | T:587490 RPD:1
[CH: 50] LEN: 12 | HEX: F1 77 FE FB FB 73 97 DF A7 9F BF FF | T:587490 RPD:1
[CH: 50] LEN: 12 | HEX: F9 77 EC F3 D6 75 97 DD 58 BA BB FF | T:587502 RPD:1
[CH: 50] LEN: 12 | HEX: F9 77 DE FA FC 74 97 F7 45 DB BF 7E | T:587505 RPD:1
[CH: 50] LEN: 12 | HEX: F9 77 D6 F9 F4 77 17 EA F2 59 BB FF | T:587517 RPD:1
[CH: 50] LEN: 12 | HEX: F1 77 FD F8 F4 76 97 BD 6F 38 BF 7E | T:587517 RPD:0
[CH: 50] LEN: 12 | HEX: F9 77 F6 F7 EA 79 97 BE A6 F0 BD BF | T:587528 RPD:1
[CH: 50] LEN: 12 | HEX: F9 77 FE FE FC 70 97 FF 10 1D BF DA | T:587529 RPD:0
[CH: 50] LEN: 12 | HEX: F1 77 DD FD EE 73 B7 FD 27 9F BF BE | T:587540 RPD:0
[CH: 50] LEN: 12 | HEX: F9 77 FE FA FE 74 97 F6 C5 DB BF FF | T:587551 RPD:1
[CH: 50] LEN: 12 | HEX: F1 77 FE F1 FA 77 97 FF 52 59 B5 EF | T:587551 RPD:1
[CH: 50] LEN: 12 | HEX: F9 77 DC F8 FE 76 97 ED EF 38 BD AE | T:587566 RPD:1
[CH: 50] LEN: 12 | HEX: F9 77 56 F7 D6 71 97 FA 26 F0 BF 76 | T:587569 RPD:1
[CH: 50] LEN: 12 | HEX: F9 77 DF FE F4 70 97 5D 10 1D BB FA | T:587573 RPD:1
[CH: 50] LEN: 12 | HEX: F1 77 D6 F9 FA 73 97 AB 67 9D 3F BD | T:587584 RPD:1
[CH: 50] LEN: 12 | HEX: F1 77 FB F3 DC 75 97 D7 58 BA A5 F4 | T:587584 RPD:0
[CH: 50] LEN: 12 | HEX: F1 77 DD F2 F4 74 97 D5 45 DB BF DB | T:587595 RPD:1
[CH: 50] LEN: 12 | HEX: F9 77 FE F9 FE 77 97 BA F2 59 BD AD | T:587596 RPD:0
[CH: 50] LEN: 12 | HEX: F1 77 5E F8 FE 76 97 FE EF 38 BF FF | T:587607 RPD:1
[CH: 50] LEN: 12 | HEX: F9 77 DD F7 FA 73 97 FE A7 9F BD 7F | T:587618 RPD:1
[CH: 50] LEN: 12 | HEX: F9 77 D4 FB EE 75 97 FE B8 BA BF 7C | T:587618 RPD:0
[CH: 50] LEN: 12 | HEX: F1 77 AD F0 F6 76 97 55 EF 38 BF BF | T:587630 RPD:1
[CH: 50] LEN: 12 | HEX: F9 77 F4 FB F5 75 97 FE 98 BA BF 7F | T:587630 RPD:0
[CH: 50] LEN: 12 | HEX: F9 77 EE F9 F6 77 97 FE B2 59 BB BF | T:587641 RPD:0
[CH: 50] LEN: 12 | HEX: F9 77 BD F8 FE 76 97 DA EF 38 BE EA | T:587653 RPD:1
[CH: 50] LEN: 12 | HEX: F9 77 D4 F7 FB 79 97 FD A6 F0 AF 7D | T:587653 RPD:0
[CH: 50] LEN: 12 | HEX: F9 77 D6 FE FE 70 97 EF 10 1D BF BF | T:587664 RPD:1
[CH: 50] LEN: 12 | HEX: F9 77 DE FD F4 73 97 FE A7 9F B7 FF | T:587664 RPD:0
[CH: 50] LEN: 12 | HEX: F9 77 AC FB FE 75 97 DA 98 BA AB EE | T:587676 RPD:1
[CH: 50] LEN: 12 | HEX: F1 77 FD F0 FE 76 97 AD 6F 38 BF 6D | T:587676 RPD:0
[CH: 50] LEN: 12 | HEX: F9 77 DC F7 FD 79 97 BE 26 F0 BF DF | T:587687 RPD:1
[CH: 50] LEN: 12 | HEX: F9 77 DD F9 FE 73 97 DD 27 9F BF EF | T:587699 RPD:1
[CH: 50] LEN: 12 | HEX: F1 77 B8 FB FE 75 97 AD 58 BA BF FF | T:587699 RPD:0
[CH: 50] LEN: 12 | HEX: F1 77 BB F8 FA 76 97 AF 6F 38 BF DF | T:587710 RPD:1
[CH: 50] LEN: 12 | HEX: F1 77 BC FB D4 75 97 75 D8 BA BB FF | T:587710 RPD:0
[CH: 50] LEN: 12 | HEX: F1 77 FE FA FE 74 97 FE C5 DB B7 FD | T:587722 RPD:1
[CH: 50] LEN: 12 | HEX: F9 77 FD FA FE 70 97 FF 10 1D BF FF | T:587722 RPD:0
[CH: 50] LEN: 12 | HEX: F9 77 BD FD F6 73 97 BA A7 9F BB EE | T:587733 RPD:1
[CH: 50] LEN: 12 | HEX: F9 77 FD FA F5 74 97 7A 45 DB BB F7 | T:587745 RPD:0
[CH: 50] LEN: 12 | HEX: F9 77 DD F9 FE 77 97 FC A2 59 BF FF | T:587745 RPD:0
[CH: 50] LEN: 12 | HEX: F9 77 FF F8 FE 76 97 BE EF 38 BB FF | T:587756 RPD:1
[CH: 50] LEN: 12 | HEX: F9 77 AE F7 FF 79 97 FA 26 F0 BF FD | T:587767 RPD:1
[CH: 50] LEN: 12 | HEX: FA 78 FF DC 7E 79 97 FE 10 0B AB DF | T:587787 RPD:1
[CH: 50] LEN: 12 | HEX: FA 78 F7 BC 7A 79 97 FD 10 0B BD FD | T:587788 RPD:1
[CH: 50] LEN: 12 | HEX: F1 77 FD FC FA 70 97 AF 10 1D AD FF | T:587799 RPD:1
[CH: 50] LEN: 12 | HEX: F9 77 DC F5 FE 73 97 FA A7 9E AB 7F | T:587800 RPD:0
[CH: 50] LEN: 12 | HEX: F9 7F DE FB F6 75 97 AA 58 BA BD EF | T:587811 RPD:1
[CH: 50] LEN: 12 | HEX: F9 77 BD FA FC 74 97 FA 45 DB B7 AF | T:587811 RPD:0
[CH: 50] LEN: 12 | HEX: F9 77 FD F9 ED 77 97 DD 72 59 BF 5B | T:587822 RPD:0
[CH: 50] LEN: 12 | HEX: F9 77 F4 FE FB 70 97 FD 90 1D BE EF | T:587834 RPD:1
[CH: 50] LEN: 12 | HEX: F1 77 BC FD F4 73 97 FD 67 9F B7 FF | T:587834 RPD:1
[CH: 50] LEN: 12 | HEX: E9 77 BD F3 FE 75 97 BE 98 BA BD D6 | T:587852 RPD:1
[CH: 50] LEN: 12 | HEX: E9 77 BD FA EA 74 97 BA 45 DB BD FF | T:587872 RPD:1
[CH: 50] LEN: 12 | HEX: F9 77 FE F9 FE 77 97 FD 72 59 BF DF | T:587875 RPD:1
[CH: 50] LEN: 12 | HEX: F9 77 FA F8 FE 76 97 FE EF 38 AA F7 | T:587878 RPD:1
[CH: 50] LEN: 12 | HEX: F1 77 FE F7 FD 79 97 FD A6 F0 AD BF | T:587890 RPD:1
[CH: 50] LEN: 12 | HEX: F9 77 FD FE FA 70 97 BF 10 1D BE 94 | T:587890 RPD:0
[CH: 50] LEN: 12 | HEX: F9 77 D4 FB EC 73 97 BD 27 9E BF 6B | T:587901 RPD:1
[CH: 50] LEN: 12 | HEX: F1 77 DE FB FE 75 97 F5 58 BA AF BF | T:587901 RPD:0
[CH: 50] LEN: 12 | HEX: F9 77 FE FA FE 74 97 FE C5 DB B7 B5 | T:587913 RPD:1
[CH: 50] LEN: 12 | HEX: F1 77 FF F7 FD 79 97 FF A6 F0 B7 77 | T:587924 RPD:1
[CH: 50] LEN: 12 | HEX: F9 77 FD F6 F6 70 97 FA 10 1D BB FD | T:587924 RPD:0
[CH: 50] LEN: 12 | HEX: F1 77 FC F2 F6 74 97 FA 45 DB B6 AA | T:587936 RPD:1
[CH: 50] LEN: 12 | HEX: F1 77 FE FE F6 70 97 FD 90 1D B7 FD | T:587936 RPD:0
[CH: 50] LEN: 12 | HEX: F9 77 B5 FB FE 73 97 FB A7 9F BF BB | T:587947 RPD:0
[CH: 50] LEN: 12 | HEX: F9 77 FD F2 FE 74 97 BF 45 DB BD FF | T:587958 RPD:1
[CH: 50] LEN: 12 | HEX: F9 77 BE F9 EA 77 97 BD 72 59 BF FF | T:587959 RPD:0
[CH: 50] LEN: 12 | HEX: F9 77 FA F8 FE 76 97 7A 6F 38 BF E4 | T:587970 RPD:1
[CH: 50] LEN: 12 | HEX: F9 77 BD F7 F6 79 97 FA 26 F0 AE FD | T:587970 RPD:0
[CH: 50] LEN: 12 | HEX: F1 77 BA F6 FA 70 97 BD 10 1D BD FD | T:587982 RPD:1
[CH: 50] LEN: 12 | HEX: F1 77 FE FA FE 74 97 FA 45 DB BF DD | T:587982 RPD:0
[CH: 50] LEN: 12 | HEX: F9 77 BB F9 FE 77 97 7A F2 59 AE CE | T:587993 RPD:1
[CH: 50] LEN: 12 | HEX: F1 77 AD F7 B5 71 97 FE A6 F0 B6 BE | T:588004 RPD:1
[CH: 50] LEN: 12 | HEX: F9 77 DC FF FE 70 97 FD 90 1D AB BB | T:588005 RPD:0
[CH: 50] LEN: 12 | HEX: F9 77 FC FA FA 74 97 5D 45 DB BB DF | T:588016 RPD:1
[CH: 50] LEN: 12 | HEX: F1 77 B5 FA FE 70 97 F5 10 1D BE FF | T:588016 RPD:0
[CH: 50] LEN: 12 | HEX: F9 77 D4 F5 FE 73 97 D6 A7 1F 3F FF | T:588027 RPD:1
[CH: 50] LEN: 12 | HEX: F9 77 FE F5 FE 77 97 FF AA 59 AF DE | T:588028 RPD:0
[CH: 50] LEN: 12 | HEX: ED 77 DD F8 FE 76 97 AE 6F 38 BD FF | T:588039 RPD:1
[CH: 50] LEN: 12 | HEX: F9 77 FD F5 FE 73 97 FA A7 9F BF BF | T:588050 RPD:0
[CH: 50] LEN: 12 | HEX: F9 77 AD F3 D6 75 97 BD D8 BA BF FB | T:588051 RPD:0
[CH: 50] LEN: 12 | HEX: F9 77 B5 F4 EA 76 97 BF 6F 38 BF FF | T:588062 RPD:1
[CH: 50] LEN: 12 | HEX: F1 77 7C F7 FA 79 97 B6 A6 F0 BF B7 | T:588062 RPD:1
[CH: 50] LEN: 12 | HEX: F1 77 AD F5 FE 70 97 FD 10 1D BF DB | T:588073 RPD:1
[CH: 50] LEN: 12 | HEX: F1 77 5E F7 F6 73 97 B5 A7 9D 3F ED | T:588085 RPD:1
[CH: 50] LEN: 12 | HEX: F1 77 AE F3 FE 75 97 FE 98 BA AF FF | T:588085 RPD:0
[CH: 50] LEN: 12 | HEX: F9 77 FF FA FD 74 97 FA 45 DB BF FF | T:588096 RPD:1
[CH: 50] LEN: 12 | HEX: F1 77 BA EA ED 70 97 AA 10 1D BB FF | T:588097 RPD:0
[CH: 50] LEN: 12 | HEX: F1 77 FD F7 F6 73 97 FD 27 9F BB FF | T:588108 RPD:1
[CH: 50] LEN: 12 | HEX: F1 77 FC F1 EA 77 97 FE F2 59 BD FF | T:588108 RPD:0
[CH: 50] LEN: 12 | HEX: F9 77 D6 F8 FE 76 97 AB 6F 38 B7 FD | T:588119 RPD:1
[CH: 50] LEN: 12 | HEX: F9 77 BC FD F4 73 97 AA A7 9F BF DF | T:588131 RPD:1
[CH: 50] LEN: 12 | HEX: F1 77 DE FB FE 75 97 FD 58 BA BF 7D | T:588131 RPD:1
[CH: 50] LEN: 12 | HEX: F1 77 AC F8 FA 76 97 DE EF 38 BF FF | T:588142 RPD:1
[CH: 50] LEN: 12 | HEX: F1 77 FE FD F2 73 97 FF A7 9F AD 75 | T:588143 RPD:0
[CH: 50] LEN: 12 | HEX: F9 77 DC FB DA 75 97 FD 58 BA B7 7F | T:588154 RPD:0
[CH: 50] LEN: 12 | HEX: F1 77 D4 F8 FA 76 97 FA 6F B8 BC EB | T:588160 RPD:0
[CH: 50] LEN: 12 | HEX: F1 77 AE F7 FC 79 97 75 26 F0 BD AB | T:588163 RPD:1
[CH: 50] LEN: 12 | HEX: F1 77 FD FE FE 70 97 F6 90 1D BD 7F | T:588174 RPD:1
[CH: 50] LEN: 12 | HEX: F1 77 FE F5 F5 73 97 FD 67 1E BD EF | T:588175 RPD:0
[CH: 50] LEN: 12 | HEX: F1 77 FD EB AE 75 97 AF D8 BA AF FD | T:588186 RPD:1
[CH: 50] LEN: 12 | HEX: F1 77 FA EA F5 74 97 D6 45 DB BB D7 | T:588197 RPD:1
[CH: 50] LEN: 12 | HEX: F9 77 FD F9 FE 77 97 ED 72 59 BE FB | T:588197 RPD:0
[CH: 50] LEN: 12 | HEX: F1 77 FA FE F5 70 97 FE 90 1D BF FF | T:588209 RPD:1
[CH: 50] LEN: 12 | HEX: E9 77 7A F1 EE 77 17 6A F2 59 B7 DF | T:588209 RPD:0
[CH: 50] LEN: 12 | HEX: F5 77 AE F7 FA 79 97 B7 26 F0 BF FF | T:588220 RPD:1
[CH: 50] LEN: 12 | HEX: F5 77 F4 F9 F6 73 97 BD A7 9F B5 FF | T:588221 RPD:0
[CH: 50] LEN: 12 | HEX: F1 77 AA FB FE 75 97 AF D8 BA BF FF | T:588232 RPD:1
[CH: 50] LEN: 12 | HEX: F9 77 FA F8 FE 76 97 FA 6F 38 BB BF | T:588243 RPD:0
[CH: 50] LEN: 12 | HEX: F9 77 D6 E7 BD 79 97 DF 26 F0 BF EF | T:588243 RPD:0
[CH: 50] LEN: 12 | HEX: F9 77 B4 F3 FD 75 97 F5 D8 BA BF 3E | T:588255 RPD:0
[CH: 50] LEN: 12 | HEX: F5 77 FE F2 FE 74 97 7F 45 DB BE D5 | T:588272 RPD:0
[CH: 50] LEN: 12 | HEX: F9 77 AE F8 EE 76 97 7B 6F 38 BB 5F | T:588295 RPD:0
[CH: 50] LEN: 12 | HEX: F5 77 FA D7 79 71 97 BD A6 F0 BF 67 | T:588298 RPD:0
[CH: 50] LEN: 12 | HEX: F9 77 FD F4 FE 70 97 FE 90 1D AF FE | T:588318 RPD:0
[CH: 50] LEN: 12 | HEX: F9 77 5E F5 FE 73 97 FD 27 9F B7 ED | T:588321 RPD:0
[CH: 50] LEN: 12 | HEX: F9 77 BB FB EA 75 97 FA D8 BA A9 BA | T:588324 RPD:0
[CH: 50] LEN: 12 | HEX: F9 77 FA FA FA 74 97 FD 45 DB B3 F5 | T:588335 RPD:0
[CH: 50] LEN: 12 | HEX: F1 77 FE F9 FD 77 97 77 FA 59 BF DF | T:588336 RPD:0
[CH: 50] LEN: 12 | HEX: E9 77 DA E7 DB 71 97 FA 26 F0 BF FB | T:588347 RPD:0
[CH: 50] LEN: 12 | HEX: F5 77 DE EA F5 70 97 6D 10 1D B5 BA | T:588347 RPD:0
[CH: 50] LEN: 12 | HEX: F9 77 FE F5 EA 7B 97 5F A7 9D 35 EF | T:588358 RPD:0
[CH: 50] LEN: 12 | HEX: E9 77 7C EA FE 74 97 FD 45 DB BF 7A | T:588370 RPD:0
[CH: 50] LEN: 12 | HEX: F9 77 FD F1 F4 77 97 BD 72 59 B7 FF | T:588370 RPD:0
[CH: 50] LEN: 12 | HEX: F9 77 FE F8 F6 76 97 FD 6F 38 BF FD | T:588381 RPD:0
[CH: 50] LEN: 12 | HEX: F9 77 FD F7 FD 79 97 EF 26 E0 B7 75 | T:588391 RPD:0
[CH: 50] LEN: 12 | HEX: F9 77 EE EA EE 70 97 FC 90 1D BD FF | T:588394 RPD:0
[CH: 50] LEN: 12 | HEX: F9 77 FE FB D6 75 97 BA 98 BA B7 FE | T:588400 RPD:0
[CH: 50] LEN: 12 | HEX: F9 77 FE FA FE 74 97 F7 45 DB BD FF | T:588420 RPD:0
[CH: 50] LEN: 12 | HEX: F9 77 FC F1 EC 77 97 DD B2 59 BF D3 | T:588423 RPD:0
[CH: 50] LEN: 12 | HEX: ED 77 FC F8 FA 76 97 FF 6F 38 AD EB | T:588426 RPD:0
[CH: 50] LEN: 12 | HEX: E9 77 FC E7 FC 71 97 7D 26 F0 BF F5 | T:588437 RPD:0
[CH: 50] LEN: 12 | HEX: D9 77 EE F6 FE 70 97 7A 10 1D BF 77 | T:588437 RPD:0
[CH: 50] LEN: 12 | HEX: F9 77 FE FD FE 73 97 DD 27 9F FB BA | T:588449 RPD:0
[CH: 50] LEN: 12 | HEX: F1 77 FE FB D6 75 97 DD 38 BA B5 6A | T:588449 RPD:0
[CH: 50] LEN: 12 | HEX: F9 77 BE FA EE 74 97 FA C5 DB A7 AF | T:588460 RPD:0
[CH: 50] LEN: 12 | HEX: F9 77 DE F0 FE 76 97 FF EF 38 BF FE | T:588472 RPD:0
[CH: 50] LEN: 12 | HEX: F9 77 FD F7 FC 79 97 FF 26 F0 BE EF | T:588472 RPD:0
[CH: 50] LEN: 12 | HEX: F9 77 DB F5 F4 70 97 DD 90 1D B6 B7 | T:588483 RPD:0
[CH: 50] LEN: 12 | HEX: F9 77 AC FD FE 73 97 F7 A7 9F BF FB | T:588483 RPD:0
[CH: 50] LEN: 12 | HEX: F1 77 5F F3 FB 75 97 FD 58 BA BF 7F | T:588495 RPD:1
[CH: 50] LEN: 12 | HEX: F9 77 FE F8 FE 76 97 BD EF 38 AF FF | T:588506 RPD:0
[CH: 50] LEN: 12 | HEX: F9 77 FE F7 FC 79 97 FD 26 F0 BF 7F | T:588506 RPD:0
[CH: 50] LEN: 12 | HEX: E9 77 7E F5 FE 73 97 FE 67 1F AE ED | T:588518 RPD:0
[CH: 50] LEN: 12 | HEX: F1 67 5A F3 FE 75 97 FE 98 BA BF DF | T:588518 RPD:0
[CH: 50] LEN: 12 | HEX: F1 77 75 F2 FE 74 97 FF 45 DB BD D7 | T:588529 RPD:0
[CH: 50] LEN: 12 | HEX: F9 77 7D F1 FE 77 97 FE B2 59 BF FF | T:588529 RPD:0
[CH: 50] LEN: 12 | HEX: F9 77 FE F8 FE 76 97 7A 6F 38 B7 6D | T:588541 RPD:0
[CH: 50] LEN: 12 | HEX: F5 77 AD F7 7A 79 97 AD A6 F0 BF FB | T:588552 RPD:0
[CH: 50] LEN: 12 | HEX: F9 77 56 FC FA 70 97 FE 10 1D BE BF | T:588552 RPD:0
[CH: 50] LEN: 12 | HEX: F9 77 FE F5 ED 73 97 BF 67 1F BE F5 | T:588564 RPD:0
[CH: 50] LEN: 12 | HEX: F9 77 FE FA FA 74 97 EF C5 DB BF FD | T:588564 RPD:0
[CH: 50] LEN: 12 | HEX: F9 77 EE F9 F5 77 97 EE B2 59 BF FF | T:588575 RPD:0
[CH: 50] LEN: 12 | HEX: F1 77 FF FE FE 70 97 ED 90 1D BF FF | T:588575 RPD:0
[CH: 50] LEN: 12 | HEX: F9 77 74 F3 FE 75 97 FD 18 BA BD 75 | T:588590 RPD:0
[CH: 50] LEN: 12 | HEX: F9 77 FE F9 FE 77 97 FF 5A 59 AE FB | T:588596 RPD:1
[CH: 50] LEN: 12 | HEX: F9 77 DA F8 FE 76 97 FF EF 38 AF 5B | T:588599 RPD:1
[CH: 50] LEN: 12 | HEX: F9 77 5A EF FE 79 97 DE A6 F0 B5 DF | T:588610 RPD:0
[CH: 50] LEN: 12 | HEX: F9 77 BA FC FE 70 97 DC 90 1D AE BB | T:588610 RPD:0
[CH: 50] LEN: 12 | HEX: F1 77 AB FD FE 73 97 AA A7 1F B5 EF | T:588625 RPD:0
[CH: 50] LEN: 12 | HEX: F9 77 FE FB BC 75 97 FF 78 BA BF FB | T:588628 RPD:0
[CH: 50] LEN: 12 | HEX: F9 77 FE FA FE 7C 97 FF 45 DB AF 7D | T:588639 RPD:0
[CH: 50] LEN: 12 | HEX: E9 77 5E F8 EA 76 97 6F 6F 38 BF F7 | T:588639 RPD:0
[CH: 50] LEN: 12 | HEX: F9 77 75 F7 AA 79 97 D5 26 E0 BF FF | T:588651 RPD:0
[CH: 50] LEN: 12 | HEX: F9 77 DE FE FA 70 97 BF 90 1D BF BF | T:588651 RPD:0
[CH: 50] LEN: 12 | HEX: F1 77 75 F5 FE 73 97 FD 27 1F BF 79 | T:588662 RPD:0
[CH: 50] LEN: 12 | HEX: F9 77 FE F9 FE 77 97 B7 52 59 BF FF | T:588662 RPD:0
[CH: 50] LEN: 12 | HEX: E9 77 FD F0 FE 76 97 55 6F 38 BF EF | T:588675 RPD:1
[CH: 50] LEN: 12 | HEX: F9 77 FE F7 AE 79 97 B5 26 F0 BE EA | T:588678 RPD:0
[CH: 50] LEN: 12 | HEX: F9 77 5A F4 FE 70 97 FE 90 1D BF B5 | T:588689 RPD:0
[CH: 50] LEN: 12 | HEX: F9 77 5A FD FC 73 97 D7 27 DF B7 D7 | T:588689 RPD:0
[CH: 50] LEN: 12 | HEX: F1 77 7A F3 FC 75 97 FE B8 BA BF DF | T:588701 RPD:0
[CH: 50] LEN: 12 | HEX: F9 77 7D F2 EA 74 97 B5 45 DB BF DD | T:588712 RPD:0
[CH: 50] LEN: 12 | HEX: F1 77 5A E9 FE 77 97 FE B2 59 AF 6D | T:588712 RPD:0
[CH: 50] LEN: 12 | HEX: F9 77 EE FC FE 70 97 EA 10 1D BD DE | T:588723 RPD:0
[CH: 50] LEN: 12 | HEX: F9 77 5E F1 D5 77 97 F5 F2 59 BF 7B | T:588724 RPD:0
[CH: 50] LEN: 12 | HEX: F9 77 5D F0 FE 76 97 DE EF 38 BF BD | T:588735 RPD:0
[CH: 50] LEN: 12 | HEX: F9 77 FE FE FE 70 97 FF 90 1D BF FF | T:588740 RPD:0
[CH: 50] LEN: 12 | HEX: F9 77 7D F5 EE 73 97 FE E7 9F BF FF | T:588751 RPD:1
[CH: 50] LEN: 12 | HEX: F1 77 FA F3 FE 75 97 FD 58 BA BF FD | T:588751 RPD:0
[CH: 50] LEN: 12 | HEX: F5 77 D6 F2 FE 74 97 D7 45 DB BE FF | T:588763 RPD:0
[CH: 50] LEN: 12 | HEX: F9 77 F6 F9 F6 77 97 FA F2 59 BF FF | T:588763 RPD:0
[CH: 50] LEN: 12 | HEX: F9 77 EA F8 FE 76 97 DE 6F 38 BF FD | T:588774 RPD:0
[CH: 50] LEN: 12 | HEX: F9 77 DC F7 FF 79 97 FF 26 F0 BF EB | T:588775 RPD:0
[CH: 50] LEN: 12 | HEX: F1 77 DE FC FA 70 97 FF 10 1D BD FF | T:588786 RPD:0
[CH: 50] LEN: 12 | HEX: F1 77 DB F9 FE 73 97 FD 27 9D 3D EF | T:588797 RPD:1
[CH: 50] LEN: 12 | HEX: F9 77 EA FB FE 75 97 DF B8 BA B6 FB | T:588798 RPD:0
[CH: 50] LEN: 12 | HEX: F1 77 EC FA F4 74 97 FE C5 DB BF 7F | T:588809 RPD:1
[CH: 50] LEN: 12 | HEX: F1 77 FE FC FE 70 97 FF 10 1D A7 B7 | T:588809 RPD:0
[CH: 50] LEN: 12 | HEX: F9 77 EA F5 EE 7B 97 FE 67 9D 7B FF | T:588820 RPD:0
[CH: 50] LEN: 12 | HEX: F9 77 FA F9 FE 77 17 FD 72 59 BF F5 | T:588832 RPD:1
[CH: 50] LEN: 12 | HEX: F9 77 FE F0 FE 76 97 EF 6F 38 BB FF | T:588832 RPD:0
[CH: 50] LEN: 12 | HEX: F9 77 EE FD FC 73 97 FF 67 9F BF 75 | T:588843 RPD:0
[CH: 50] LEN: 12 | HEX: F1 77 FE F7 BE 79 97 FF 26 F0 BF FF | T:588844 RPD:0
[CH: 50] LEN: 12 | HEX: F9 77 FE FE FE 70 97 FE 90 1D BF DF | T:588855 RPD:1
[CH: 50] LEN: 12 | HEX: F9 77 FC FB FE 75 97 FE B8 BA BF F7 | T:588855 RPD:0
[CH: 50] LEN: 12 | HEX: F9 77 FD F2 FE 74 97 FA C5 DB AE D7 | T:588866 RPD:0
[CH: 50] LEN: 12 | HEX: F9 77 DE F8 FA 76 97 FE 6F B8 BE F5 | T:588878 RPD:1
[CH: 50] LEN: 12 | HEX: F9 77 DA F7 BD 79 97 FE A6 F0 BF DA | T:588878 RPD:0
[CH: 50] LEN: 12 | HEX: F9 77 FD FB FE 75 97 FF B8 BA AD 5F | T:588889 RPD:1
[CH: 50] LEN: 12 | HEX: F1 77 D6 F7 FD 71 97 FF 26 F0 BF AA | T:588889 RPD:0
[CH: 50] LEN: 12 | HEX: F9 77 FF F9 FE 73 97 FA 67 9E BF FF | T:588901 RPD:1
[CH: 50] LEN: 12 | HEX: F9 77 FE FA FE 74 97 FE C5 DB B7 DF | T:588901 RPD:0
[CH: 50] LEN: 12 | HEX: F9 77 EF F9 FE 77 97 FF D2 59 BF F5 | T:588912 RPD:1
[CH: 50] LEN: 12 | HEX: F9 77 6D F4 FC 70 97 FF 10 1D BF AF | T:588924 RPD:1
[CH: 50] LEN: 12 | HEX: F9 77 FD F5 FE 73 97 FF 67 9D BF 7F | T:588924 RPD:0
[CH: 50] LEN: 12 | HEX: F9 77 FE F9 FE 77 D7 DF F2 59 BF 5F | T:588935 RPD:1
[CH: 50] LEN: 12 | HEX: F9 77 EE F5 F5 73 97 FF A7 9F BF EE | T:588935 RPD:0
[CH: 50] LEN: 12 | HEX: F9 77 FE F3 FE 75 97 FF B8 BA BF F7 | T:588947 RPD:1
[CH: 50] LEN: 12 | HEX: F9 77 FE F9 FE 77 97 AB F2 59 BF 75 | T:588947 RPD:1
[CH: 50] LEN: 12 | HEX: F9 77 7E F7 D4 79 97 EF A6 F0 B7 77 | T:588960 RPD:1
[CH: 50] LEN: 12 | HEX: F9 77 AD FE FE 70 97 D7 10 1D AF FF | T:588971 RPD:1
[CH: 50] LEN: 12 | HEX: F9 77 FE FD FC 73 B7 FD 67 9F BF FD | T:588971 RPD:1
[CH: 50] LEN: 12 | HEX: F9 77 FE F9 FE 77 97 FF 52 59 BF DF | T:588982 RPD:1
[CH: 50] LEN: 12 | HEX: F9 77 FB F8 FE 76 97 FF 6E B8 BF DF | T:588994 RPD:1
[CH: 50] LEN: 12 | HEX: F1 77 DE E7 7B 79 97 D6 26 E8 BF BA | T:588997 RPD:1
[CH: 50] LEN: 12 | HEX: F9 77 7D FE FE 70 97 FF 10 1D BD FF | T:589001 RPD:1
[CH: 50] LEN: 12 | HEX: F9 77 FE F9 FA 73 97 FF A7 9D B7 AF | T:589012 RPD:0
[CH: 50] LEN: 12 | HEX: F9 77 FD FB D6 75 97 D5 58 BA BB BF | T:589012 RPD:0
[CH: 50] LEN: 12 | HEX: F9 77 FF FA FE 74 97 FF 45 DB BF F5 | T:589023 RPD:1
[CH: 50] LEN: 12 | HEX: F9 77 FD F9 FE 77 97 FF 52 59 B7 FF | T:589024 RPD:1
[CH: 50] LEN: 12 | HEX: F9 77 FE F8 FE 76 97 FD 6F 34 BF F5 | T:589035 RPD:1
[CH: 50] LEN: 12 | HEX: E9 77 FD F7 DA 79 97 AE A6 F0 BF 7F | T:589046 RPD:0
[CH: 50] LEN: 12 | HEX: E9 77 FE FE F4 70 97 FE 90 1D BD F6 | T:589046 RPD:0
[CH: 50] LEN: 12 | HEX: F9 77 75 F5 FE 73 97 AD 67 1F BF FB | T:589058 RPD:1
[CH: 50] LEN: 12 | HEX: E9 77 EE FA FC 74 97 FF 45 DB F5 FF | T:589058 RPD:0
[CH: 50] LEN: 12 | HEX: F9 77 FE F9 F6 77 97 D6 A2 59 BB D5 | T:589069 RPD:1
[CH: 50] LEN: 12 | HEX: F9 77 EC F6 FE 70 97 FC 90 1D BD FF | T:589081 RPD:0
[CH: 50] LEN: 12 | HEX: F9 77 FE FD EA 73 97 FE E7 9F BF DF | T:589081 RPD:0
[CH: 50] LEN: 12 | HEX: F9 77 DD F9 EE 77 97 75 72 59 BE BE | T:589092 RPD:0
[CH: 50] LEN: 12 | HEX: F9 77 AF FD FE 73 97 AF 67 9F BF FF | T:589092 RPD:0
[CH: 50] LEN: 12 | HEX: F9 77 DE F3 F5 75 97 FF 38 BA BF FF | T:589104 RPD:0
[CH: 50] LEN: 12 | HEX: F9 77 EA F8 F6 76 97 E5 6F 38 BD FF | T:589112 RPD:0
[CH: 50] LEN: 12 | HEX: F9 77 FE F7 FE 71 97 DA A6 F0 BE FE | T:589115 RPD:0
[CH: 50] LEN: 12 | HEX: F1 77 D6 FC FE 70 97 D5 10 1D BF FF | T:589127 RPD:0
[CH: 50] LEN: 12 | HEX: F9 77 FA FD FE 73 97 FF 67 9F BF FB | T:589127 RPD:0
[CH: 50] LEN: 12 | HEX: F9 77 FE FB FE 75 97 FF 58 BA BF 7F | T:589138 RPD:1
[CH: 50] LEN: 12 | HEX: F1 77 FE F2 FC 74 97 BA 45 DB B7 DD | T:589138 RPD:0
[CH: 50] LEN: 12 | HEX: F9 77 D6 F1 FE 77 97 B5 F2 59 BF EF | T:589150 RPD:0
[CH: 50] LEN: 12 | HEX: F9 77 FE FD FA 73 97 FD 67 9E BE BF | T:589150 RPD:0
[CH: 50] LEN: 12 | HEX: F9 77 EA FB EA 75 97 FE 98 BA BF 7F | T:589161 RPD:0
[CH: 50] LEN: 12 | HEX: F9 77 FB F9 F5 77 97 FE B2 59 B7 FF | T:589173 RPD:0
[CH: 50] LEN: 12 | HEX: F9 77 FD F8 FC 76 97 55 EF 38 AA FF | T:589173 RPD:0
[CH: 50] LEN: 12 | HEX: F9 77 FC F7 AB 79 97 F7 26 F0 B7 FF | T:589191 RPD:0
[CH: 50] LEN: 12 | HEX: FA 78 FF B8 7E 75 97 F5 10 0B FF FB | T:589211 RPD:0
[CH: 50] LEN: 12 | HEX: FA 70 FB EA 7A 79 97 FE 90 0B BF BF | T:589212 RPD:0
[CH: 50] LEN: 12 | HEX: F9 77 FE FE FE 70 97 FD 90 1D B5 FB | T:589223 RPD:0
[CH: 50] LEN: 12 | HEX: F1 77 74 FD FE 73 97 FF A7 9F BF FB | T:589224 RPD:0
[CH: 50] LEN: 12 | HEX: F9 77 BD F3 F4 75 97 FF B8 BA BF C9 | T:589235 RPD:0
[CH: 50] LEN: 12 | HEX: E9 77 5A F2 FE 74 97 FA C5 DB B7 FF | T:589235 RPD:0
[CH: 50] LEN: 12 | HEX: E9 77 5E F1 FE 77 97 BA F2 59 BF FF | T:589246 RPD:0
[CH: 50] LEN: 12 | HEX: FD 77 DE FE F4 70 97 DE 10 1D BE EF | T:589258 RPD:0
[CH: 50] LEN: 12 | HEX: F9 77 EA FD F6 73 97 F7 27 9F 3F FF | T:589258 RPD:0
[CH: 50] LEN: 12 | HEX: F1 77 BE F9 DC 77 97 FF 52 59 BF DF | T:589269 RPD:0
[CH: 50] LEN: 12 | HEX: F9 77 FE F8 FE 76 97 DE EF 38 B7 FE | T:589270 RPD:0
[CH: 50] LEN: 12 | HEX: F9 77 FE F7 EA 79 97 FE A6 F0 B5 FF | T:589281 RPD:0
[CH: 50] LEN: 12 | HEX: F9 77 FD FE FE 70 97 BA 90 1D B7 DD | T:589291 RPD:0
[CH: 50] LEN: 12 | HEX: D5 6F BC D5 EE 73 97 5A 27 9D BD BF | T:589294 RPD:0
[CH: 50] LEN: 12 | HEX: F1 77 AF FB DE 75 97 FD 58 BA BB FF | T:589297 RPD:0
[CH: 50] LEN: 12 | HEX: F9 77 54 FA FC 74 97 FE 45 BB FF 6F | T:589317 RPD:0
[CH: 50] LEN: 12 | HEX: F9 77 FC F1 FE 77 97 DE B2 59 BE F7 | T:589320 RPD:0
[CH: 50] LEN: 12 | HEX: F9 77 BC F0 EE 76 97 FD 6F 38 B7 EB | T:589323 RPD:0
[CH: 50] LEN: 12 | HEX: F9 77 DA F7 5E 79 97 BD 26 F0 B6 BF | T:589334 RPD:0
[CH: 50] LEN: 12 | HEX: F9 77 FE FC FE 70 97 FF 10 1D BF 7B | T:589335 RPD:0
[CH: 50] LEN: 12 | HEX: F9 77 7E F5 DD 73 97 B5 27 9D BD FD | T:589346 RPD:0
[CH: 50] LEN: 12 | HEX: E9 77 5E FB DC 75 97 7B D8 BA B5 FF | T:589346 RPD:0
[CH: 50] LEN: 12 | HEX: F9 77 DA FA FC 74 97 FD 45 DB BF EF | T:589358 RPD:0
[CH: 50] LEN: 12 | HEX: F9 6F BD F7 BD 71 97 FD A6 F0 BD FF | T:589369 RPD:0
[CH: 50] LEN: 12 | HEX: F5 77 FC FE FE 70 97 7A 10 1D BD BF | T:589369 RPD:0
[CH: 50] LEN: 12 | HEX: F9 77 FC FA FE 74 97 EE C5 DB B7 FF | T:589380 RPD:0
[CH: 50] LEN: 12 | HEX: F1 77 FD FE FE 70 97 B5 10 1D BF D7 | T:589388 RPD:0
[CH: 50] LEN: 12 | HEX: F9 77 D6 E9 FA 73 97 FD 27 9F BD DB | T:589391 RPD:0
[CH: 50] LEN: 12 | HEX: F5 76 EE F7 D5 75 97 AE 98 BA AF DE | T:589402 RPD:0
[CH: 50] LEN: 12 | HEX: F1 77 FD F8 FE 76 97 AA 6F 38 BF BF | T:589403 RPD:0
[CH: 50] LEN: 12 | HEX: F9 77 FD F7 FF 79 97 FE A6 F0 BF 7D | T:589414 RPD:0
[CH: 50] LEN: 12 | HEX: F1 77 D4 FD EE 73 97 FD 27 9E 7F ED | T:589415 RPD:0
[CH: 50] LEN: 12 | HEX: F9 77 DD FB FD 75 97 FF 18 BA BF F7 | T:589426 RPD:0
[CH: 50] LEN: 12 | HEX: F9 77 FE FA FE 74 97 FA 45 DB B6 FD | T:589426 RPD:0
[CH: 50] LEN: 12 | HEX: F1 77 BD F9 FA 77 97 FA D2 59 BF FF | T:589437 RPD:0
[CH: 50] LEN: 12 | HEX: F9 77 FC F7 D4 79 97 FD 26 E0 BF FE | T:589449 RPD:0
[CH: 50] LEN: 12 | HEX: F5 77 BA FE F6 70 97 AF 10 1D BA FE | T:589449 RPD:0
[CH: 50] LEN: 12 | HEX: AD 77 BE F5 FE 7F 97 BF 62 59 BF FF | T:589460 RPD:0
[CH: 50] LEN: 12 | HEX: F9 57 FE F2 D6 7C 97 FB 45 DB FE DF | T:589511 RPD:0
[CH: 50] LEN: 12 | HEX: F9 55 7E D6 BE 79 96 75 26 E0 B2 DF | T:589520 RPD:0
[CH: 50] LEN: 12 | HEX: F9 7F FF D4 F5 68 97 F7 10 1D BF DF | T:589523 RPD:0
[CH: 50] LEN: 12 | HEX: F9 57 B6 FD FA 73 97 7F A6 9E FA F7 | T:589526 RPD:0
[CH: 50] LEN: 12 | HEX: F9 77 74 F7 FC 75 97 55 50 B6 BF AF | T:589537 RPD:0
[CH: 50] LEN: 12 | HEX: F1 77 FA FE F4 74 97 BA 45 DB BB 7F | T:589538 RPD:0
[CH: 50] LEN: 12 | HEX: F9 7F FA F1 ED 67 57 5F FA 59 BF 7F | T:589549 RPD:0
[CH: 50] LEN: 12 | HEX: F9 77 FA FC F6 76 97 BF 6F 38 BB FE | T:589555 RPD:0
[CH: 50] LEN: 12 | HEX: F5 77 B4 F7 B4 79 97 D7 26 F0 BF AD | T:589566 RPD:0
[CH: 50] LEN: 12 | HEX: F9 77 DE F5 F4 73 97 EB A7 9E AF D7 | T:589567 RPD:0
[CH: 50] LEN: 12 | HEX: F9 77 FD F3 BA 75 97 6B D8 BA BF EF | T:589578 RPD:0
[CH: 50] LEN: 12 | HEX: F1 77 74 FA FE 74 97 FA C5 DB BF FB | T:589578 RPD:0
[CH: 50] LEN: 12 | HEX: F5 77 ED ED FE 77 97 B5 F2 59 BF FF | T:589589 RPD:0
[CH: 50] LEN: 12 | HEX: F5 77 FD F4 FE 76 97 EB 6F 38 AD FF | T:589593 RPD:0
[CH: 50] LEN: 12 | HEX: F9 77 FA F7 BE 79 97 B5 26 F0 BD F7 | T:589613 RPD:1
[CH: 50] LEN: 12 | HEX: F5 77 74 FA F4 70 97 D7 10 1D B6 BD | T:589616 RPD:1
[CH: 50] LEN: 12 | HEX: E9 77 FE FB FF 75 97 FD D8 BA BF EF | T:589622 RPD:1
[CH: 50] LEN: 12 | HEX: F9 77 FA F2 F6 74 97 ED C5 DB BF BF | T:589642 RPD:1
[CH: 50] LEN: 12 | HEX: F1 77 AC F5 DA 77 97 FD D2 59 BE F6 | T:589645 RPD:1
[CH: 50] LEN: 12 | HEX: F5 77 FA E8 EE 76 97 75 6F 38 BF FA | T:589648 RPD:1
[CH: 50] LEN: 12 | HEX: F9 77 D6 F7 AD 79 97 5E 26 F0 BB 5E | T:589659 RPD:1
[CH: 50] LEN: 12 | HEX: F1 77 AE FB FE 70 97 BF 10 1D BE FF | T:589659 RPD:0
[CH: 50] LEN: 12 | HEX: F9 77 BE F5 EA 73 97 AD A7 9F BA BD | T:589671 RPD:1
[CH: 50] LEN: 12 | HEX: ED 77 5E F7 FD 65 97 F5 D8 BA BF FF | T:589671 RPD:0
[CH: 50] LEN: 12 | HEX: E9 77 AE FA EA 74 97 75 45 DB FF FF | T:589682 RPD:1
[CH: 50] LEN: 12 | HEX: F1 77 FD F7 FE 7D 97 DD A6 F0 BF FF | T:589694 RPD:0
[CH: 50] LEN: 12 | HEX: E9 77 FA FA FA 70 97 DF 10 1D BB FF | T:589694 RPD:0
[CH: 50] LEN: 12 | HEX: E9 77 AD FB FC 75 97 BF B8 BA AF B7 | T:589705 RPD:1
[CH: 50] LEN: 12 | HEX: F5 77 F4 F2 FA 74 97 5F 45 DB B7 7B | T:589705 RPD:0
[CH: 50] LEN: 12 | HEX: F5 77 FF F1 FD 77 97 DA F2 59 BF BD | T:589717 RPD:1
[CH: 50] LEN: 12 | HEX: F9 77 DC F8 FE 76 97 AA EF 38 B7 FF | T:589728 RPD:1
[CH: 50] LEN: 12 | HEX: F1 77 FD F7 FB 79 97 F6 A6 F0 B5 AE | T:589728 RPD:0
[CH: 50] LEN: 12 | HEX: F1 77 FB FB EC 75 97 BF D8 BA BF DF | T:589740 RPD:1
[CH: 50] LEN: 12 | HEX: F9 77 FD E7 FE 79 97 FE A6 F0 BF 5F | T:589740 RPD:0
[CH: 50] LEN: 12 | HEX: F1 77 BE FE FE 70 97 FA 10 1D BB FF | T:589751 RPD:1
[CH: 50] LEN: 12 | HEX: FD 77 FA FA FE 74 97 FA 45 DB B5 EF | T:589751 RPD:0
[CH: 50] LEN: 12 | HEX: F1 77 AC F9 EA 77 97 AD 72 59 BF EE | T:589763 RPD:1
[CH: 50] LEN: 12 | HEX: F9 77 DD F7 BE 79 97 F5 26 F0 BF FB | T:589774 RPD:1
[CH: 50] LEN: 12 | HEX: F5 77 BE FF F6 70 97 BD 10 1D BF FF | T:589774 RPD:0
[CH: 50] LEN: 12 | HEX: F1 77 AE FA F6 74 97 BA 45 DB AE EB | T:589786 RPD:1
[CH: 50] LEN: 12 | HEX: F9 77 FA FD F6 70 97 FA 10 1D AD BD | T:589786 RPD:0
[CH: 50] LEN: 12 | HEX: F9 77 FF FB FE 73 97 FD A7 9F BF FF | T:589797 RPD:1
[CH: 50] LEN: 12 | HEX: E9 77 AE F9 FE 77 97 BD F2 59 BF F7 | T:589797 RPD:0
[CH: 50] LEN: 12 | HEX: F9 77 BB F8 FE 76 97 FE EE 38 AF D7 | T:589809 RPD:1
[CH: 50] LEN: 12 | HEX: F1 77 FA F5 DE 73 97 F5 27 9F 3F FF | T:589820 RPD:1
[CH: 50] LEN: 12 | HEX: F1 77 BE F3 D6 75 97 B6 98 BA BF EE | T:589820 RPD:0
[CH: 50] LEN: 12 | HEX: F1 77 FD F8 F5 76 97 FA 6F 38 BF DE | T:589831 RPD:1
[CH: 50] LEN: 12 | HEX: F9 77 FB E9 EC 73 97 FE E7 1F 3D 5B | T:589832 RPD:0
[CH: 50] LEN: 12 | HEX: F1 77 FC FB FD 75 97 FB D8 BA BA 73 | T:589843 RPD:1
[CH: 50] LEN: 12 | HEX: F9 77 D6 F8 FE 76 97 D5 6F 38 BB F7 | T:589854 RPD:1
[CH: 50] LEN: 12 | HEX: F9 77 FF E7 6A 71 97 AF 26 F0 B5 F5 | T:589855 RPD:0
[CH: 50] LEN: 12 | HEX: F9 77 FE FB EE 75 97 FD 58 BA BD BF | T:589866 RPD:1
[CH: 50] LEN: 12 | HEX: F1 77 FA F7 F5 71 97 FB 26 F0 BD 5F | T:589866 RPD:0
[CH: 50] LEN: 12 | HEX: F9 77 F4 FA F5 70 97 F5 10 1D BB F7 | T:589877 RPD:1
[CH: 50] LEN: 12 | HEX: F1 77 AE F2 F6 74 97 DE 45 DB BF 7F | T:589878 RPD:0
[CH: 50] LEN: 12 | HEX: F9 77 FF F9 F6 77 97 FA F2 59 BB FE | T:589889 RPD:1
[CH: 50] LEN: 12 | HEX: F9 77 F4 FD FE 73 97 FD 27 9F BF FF | T:589900 RPD:1
[CH: 50] LEN: 12 | HEX: F1 77 FA F3 FD 75 97 FA D8 BA BF EF | T:589901 RPD:0
[CH: 50] LEN: 12 | HEX: F5 77 7E FA FE 74 97 FA C5 DB B7 DC | T:589912 RPD:1
[CH: 50] LEN: 12 | HEX: F5 77 BD FE FE 70 97 DA 10 1D B7 FD | T:589912 RPD:0
[CH: 50] LEN: 12 | HEX: F9 77 FD FB EC 73 97 FD A7 1F BF F5 | T:589923 RPD:1
[CH: 50] LEN: 12 | HEX: F1 77 D6 F9 FD 77 97 DA F2 59 B6 BD | T:589924 RPD:0
[CH: 50] LEN: 12 | HEX: F1 77 FE FC FB 76 97 D5 6F 38 BD 6D | T:589935 RPD:1
[CH: 50] LEN: 12 | HEX: F1 77 FF FD FE 73 97 FD 27 9E AD D5 | T:589946 RPD:1
[CH: 50] LEN: 12 | HEX: FD 77 FD FB DA 75 97 FD 58 BA BF FE | T:589947 RPD:1
[CH: 50] LEN: 12 | HEX: ED 77 FA F8 FE 76 97 FA 6F 38 AD FD | T:589958 RPD:1
[CH: 50] LEN: 12 | HEX: F9 77 5A F5 FE 73 97 5F A7 9F BF BB | T:589958 RPD:0
[CH: 50] LEN: 12 | HEX: F1 77 BE F3 EC 75 97 FB D8 BA BE AB | T:589969 RPD:1
[CH: 50] LEN: 12 | HEX: F9 77 FD F8 FE 76 97 D6 EE 38 BF DA | T:589981 RPD:1
[CH: 50] LEN: 12 | HEX: F1 77 FA F7 BD 79 97 DD 26 F0 BE EF | T:589981 RPD:0
[CH: 50] LEN: 12 | HEX: F9 77 74 FB DB 75 97 FB D8 BA BD B9 | T:589992 RPD:1
[CH: 50] LEN: 12 | HEX: F9 77 AD F7 B4 79 97 FF 26 F0 BF EE | T:589993 RPD:0
[CH: 50] LEN: 12 | HEX: F9 77 FA EA FE 70 97 FA 10 1D BF 5D | T:590004 RPD:1
[CH: 50] LEN: 12 | HEX: F9 77 FD FA FE 74 97 FD 45 DB BB FF | T:590004 RPD:0
[CH: 50] LEN: 12 | HEX: F9 77 FD F1 FE 77 97 FA F2 59 BF FB | T:590015 RPD:1
[CH: 50] LEN: 12 | HEX: F9 77 FA FE F6 70 97 D5 90 1D BF FF | T:590027 RPD:1
[CH: 50] LEN: 12 | HEX: F9 77 FC EB FE 73 97 FA A7 9E FE DF | T:590027 RPD:0
[CH: 50] LEN: 12 | HEX: F5 77 FD F1 FE 77 97 FA F2 5B BD CF | T:590038 RPD:1
[CH: 50] LEN: 12 | HEX: F9 77 5C FA FE 70 97 FD 10 1D BE FF | T:590038 RPD:0
[CH: 50] LEN: 12 | HEX: F1 77 7E F3 DE 75 97 BA D8 BA BE B6 | T:590050 RPD:1
[CH: 50] LEN: 12 | HEX: F9 77 AE F9 F4 77 97 FF F2 59 BB FF | T:590050 RPD:0
[CH: 50] LEN: 12 | HEX: F9 77 BD F8 ED 76 97 F5 6F 38 AF DF | T:590061 RPD:1
[CH: 50] LEN: 12 | HEX: F9 77 FC FD FE 73 97 FD A7 9E BE F7 | T:590073 RPD:1
[CH: 50] LEN: 12 | HEX: F5 77 5E F3 DC 75 B7 DF D8 BA AD 5E | T:590073 RPD:0
[CH: 50] LEN: 12 | HEX: F1 77 FB F0 F5 76 97 FA 6E 38 BA FE | T:590084 RPD:1
[CH: 50] LEN: 12 | HEX: F1 77 FD FA FE 74 97 BA 45 DB BD FB | T:590084 RPD:1
[CH: 50] LEN: 12 | HEX: F9 77 FD F1 FE 77 97 BD 72 59 BF FF | T:590096 RPD:1
[CH: 50] LEN: 12 | HEX: F9 77 FD F8 FB 76 97 DA 6F 38 BF AF | T:590096 RPD:1
[CH: 50] LEN: 12 | HEX: F1 77 F5 F7 FC 79 97 EB 26 F0 BF DF | T:590107 RPD:1
[CH: 50] LEN: 12 | HEX: F9 77 FD FF FE 70 97 F9 10 1D BF F7 | T:590119 RPD:1
[CH: 50] LEN: 12 | HEX: ED 77 DF E9 FD 73 97 BF A7 5E BF ED | T:590119 RPD:0
[CH: 50] LEN: 12 | HEX: F1 77 BE FB DC 75 97 7F D8 BA BF 6E | T:590130 RPD:1
[CH: 50] LEN: 12 | HEX: F5 77 BC F9 FD 77 97 BF FA 59 BF FF | T:590130 RPD:0
[CH: 50] LEN: 12 | HEX: F1 77 76 F8 FE 76 97 BE EF 38 BF EB | T:590142 RPD:1
[CH: 50] LEN: 12 | HEX: F9 77 D6 FD EC 73 97 FA A7 9D 3F F7 | T:590153 RPD:1
[CH: 50] LEN: 12 | HEX: FD 77 DC FB D6 75 97 F7 D8 BA BE BD | T:590153 RPD:0
[CH: 50] LEN: 12 | HEX: F9 77 FA F8 F5 76 97 FA 6F 38 B7 DD | T:590165 RPD:1
[CH: 50] LEN: 12 | HEX: F1 77 EA F3 FC 75 97 BB D8 BA BF FD | T:590165 RPD:0
[CH: 50] LEN: 12 | HEX: F9 77 BE FA F6 74 97 DE 45 DB AF F7 | T:590176 RPD:0
[CH: 50] LEN: 12 | HEX: F9 77 FA F7 FD 71 97 75 26 E8 BF FF | T:590185 RPD:1
[CH: 50] LEN: 12 | HEX: FA 78 FD EA 7D 79 97 DF 10 0B BF DF | T:590205 RPD:1
[CH: 50] LEN: 12 | HEX: EE 78 FF 7C 7A 79 97 FD 10 0B BF F2 | T:590205 RPD:1
[CH: 50] LEN: 12 | HEX: F1 77 FA FE FE 70 97 FA 10 1D BD EF | T:590217 RPD:1
[CH: 50] LEN: 12 | HEX: F9 77 B6 ED EC 73 97 BF A7 1E AE ED | T:590217 RPD:0
[CH: 50] LEN: 12 | HEX: F5 77 FC FF FD 75 97 5B D8 BA BF BF | T:590228 RPD:1
[CH: 50] LEN: 12 | HEX: F5 77 BE EA FE 74 97 FA 45 DB BF 7F | T:590228 RPD:0
[CH: 50] LEN: 12 | HEX: F9 77 FA F5 EC 77 97 BA F2 59 BB FF | T:590240 RPD:1
[CH: 50] LEN: 12 | HEX: F9 77 BE FA FE 70 97 BB 10 1D AE FF | T:590251 RPD:1
[CH: 50] LEN: 12 | HEX: F9 77 FE FD D5 73 97 B5 A7 9E B7 6D | T:590251 RPD:0
[CH: 50] LEN: 12 | HEX: FD 77 F4 F9 FD 77 97 DF F2 5D BB FD | T:590263 RPD:1
[CH: 50] LEN: 12 | HEX: F5 77 76 F8 FE 76 97 F7 6E 38 BF DF | T:590263 RPD:1
[CH: 50] LEN: 12 | HEX: F5 77 DF F7 BA 71 97 BF 26 E0 BF FF | T:590274 RPD:1
[CH: 50] LEN: 12 | HEX: F1 77 F4 F4 EC 70 97 7B 10 1D BB EF | T:590285 RPD:1
[CH: 50] LEN: 12 | HEX: F9 77 7E FD EE 73 97 BF A7 9D BF FA | T:590287 RPD:1
[CH: 50] LEN: 12 | HEX: F9 77 DB FB FE 75 97 FB D8 BA AB DD | T:590290 RPD:1
[CH: 50] LEN: 12 | HEX: F9 77 FD F6 FE 74 97 FA 45 DB BF EF | T:590302 RPD:1
[CH: 50] LEN: 12 | HEX: E9 77 FA F9 DB 77 97 FF F2 59 BB 5D | T:590302 RPD:1
[CH: 50] LEN: 12 | HEX: F9 77 54 F8 FE 76 97 EB 6F 38 BF EF | T:590316 RPD:1
[CH: 50] LEN: 12 | HEX: F1 77 FC F7 FB 79 97 AF 26 F0 BE D7 | T:590336 RPD:1
[CH: 50] LEN: 12 | HEX: F2 78 FF 7C 7E 79 97 FD 10 0B BE BD | T:590356 RPD:1
[CH: 50] LEN: 12 | HEX: F6 78 FE BC 7D 79 97 EB 10 0B AF FF | T:590357 RPD:1
[CH: 50] LEN: 12 | HEX: F5 77 F4 EE F6 70 97 7F 10 1D BF FE | T:590368 RPD:1
[CH: 50] LEN: 12 | HEX: F1 77 7A F7 FE 73 97 5D A7 9F 37 5F | T:590369 RPD:0
[CH: 50] LEN: 12 | HEX: F5 77 FE FF FD 75 97 FB D8 BA BF BB | T:590380 RPD:1
[CH: 50] LEN: 12 | HEX: F9 77 BE F6 FE 74 97 FF 45 DB BF BD | T:590380 RPD:0
[CH: 50] LEN: 12 | HEX: F9 77 54 E9 EE 77 17 F5 F2 59 BB FA | T:590392 RPD:1
[CH: 50] LEN: 12 | HEX: E9 77 BE FE FE 70 97 B5 10 1D BF EF | T:590403 RPD:1
[CH: 50] LEN: 12 | HEX: F1 77 BE F3 FD 75 97 6B D8 BA BF F7 | T:590403 RPD:0
[CH: 50] LEN: 12 | HEX: F1 77 74 F9 F4 77 97 FD 72 59 BF FB | T:590414 RPD:1
[CH: 50] LEN: 12 | HEX: F1 77 7E FD FE 73 97 FF A7 1F BF FA | T:590415 RPD:0
[CH: 50] LEN: 12 | HEX: F9 77 DE FB FC 75 97 FD D8 BE AE BF | T:590426 RPD:1
[CH: 50] LEN: 12 | HEX: E9 77 7E F4 FE 77 97 FD 6E B8 BF EF | T:590426 RPD:1
[CH: 50] LEN: 12 | HEX: F9 77 FD E7 5E 71 97 D5 26 F0 BF FD | T:590437 RPD:1
[CH: 50] LEN: 12 | HEX: E9 77 FD FD F6 73 97 BF A7 1F AD 75 | T:590449 RPD:1
[CH: 50] LEN: 12 | HEX: F9 77 FC FB EE 75 97 FA D8 BA BB FF | T:590449 RPD:0
[CH: 50] LEN: 12 | HEX: F9 77 DE F0 EA 76 97 BA 6F 38 B7 AA | T:590460 RPD:1
[CH: 50] LEN: 12 | HEX: F9 77 FD F7 F4 79 97 DA 26 F0 BF ED | T:590461 RPD:1
[CH: 50] LEN: 12 | HEX: FA 78 F7 DC 7A 71 97 FA 90 0B BF BF | T:590478 RPD:1
[CH: 50] LEN: 12 | HEX: FA 78 EB FC 74 79 97 F5 10 0B AF BA | T:590479 RPD:1
[CH: 50] LEN: 12 | HEX: E9 77 AD FC F6 70 97 6B 10 1D B5 7B | T:590490 RPD:1
[CH: 50] LEN: 12 | HEX: F9 77 AE FB FE 73 97 FD A7 9F BF FF | T:590491 RPD:0
[CH: 50] LEN: 12 | HEX: E9 77 FE F3 F6 75 97 FE 98 BA BB 76 | T:590502 RPD:1
[CH: 50] LEN: 12 | HEX: F9 77 FE EA F6 74 97 FD 45 DB BF 6F | T:590502 RPD:0
[CH: 50] LEN: 12 | HEX: F1 77 BE E9 FD 77 97 75 F2 59 BF F0 | T:590513 RPD:0
[CH: 50] LEN: 12 | HEX: F9 77 BE FE FC 70 97 FD 10 1D AF D7 | T:590525 RPD:1
[CH: 50] LEN: 12 | HEX: F9 77 FD F9 FE 73 97 FF 67 9E BF FF | T:590525 RPD:1
[CH: 50] LEN: 12 | HEX: F9 77 FD F7 DC 75 97 FD 58 BA BF FF | T:590543 RPD:1
[CH: 50] LEN: 12 | HEX: F9 77 D4 FA F4 74 97 FE C5 DB BF EF | T:590563 RPD:1
[CH: 50] LEN: 12 | HEX: F9 77 AC E9 EA 77 97 54 F2 59 AF B7 | T:590566 RPD:1
[CH: 50] LEN: 12 | HEX: E9 77 BC F8 EE 76 97 5D 6F 38 AF F7 | T:590569 RPD:1
[CH: 50] LEN: 12 | HEX: F9 77 D4 E7 FA 79 97 BA 26 F0 B7 F5 | T:590580 RPD:1
[CH: 50] LEN: 12 | HEX: F9 77 BD F6 FE 70 97 FE 90 1D BD AF | T:590581 RPD:1
[CH: 50] LEN: 12 | HEX: F9 77 DC FB EE 75 97 DA D8 BA BD FB | T:590592 RPD:1
[CH: 50] LEN: 12 | HEX: F9 77 DD FA FE 74 97 BD 45 DB AF B7 | T:590592 RPD:0
[CH: 50] LEN: 12 | HEX: F9 77 BE F1 FE 77 97 D7 F2 59 AB 57 | T:590604 RPD:1
[CH: 50] LEN: 12 | HEX: F9 77 FE F7 7E 79 97 56 26 F0 BF ED | T:590615 RPD:1
[CH: 50] LEN: 12 | HEX: F9 77 AE FC EE 70 97 7C 90 1D B7 F5 | T:590615 RPD:0
[CH: 50] LEN: 12 | HEX: F9 77 BE F2 F6 74 97 57 45 DB BD D7 | T:590626 RPD:0
[CH: 50] LEN: 12 | HEX: F1 77 DD F8 FC 76 97 BE EF 38 BF 77 | T:590628 RPD:1
[CH: 50] LEN: 12 | HEX: F9 77 FC F7 AD 79 97 BD 26 F0 B9 FF | T:590639 RPD:1
[CH: 50] LEN: 12 | HEX: F1 77 EE F6 FE 70 97 FE 10 1D BD BE | T:590640 RPD:1
[CH: 50] LEN: 12 | HEX: F9 77 D6 EF FE 75 97 DA D8 BA B7 FF | T:590651 RPD:0
[CH: 50] LEN: 12 | HEX: F9 77 FE FA F4 74 97 AF 45 DB BF FB | T:590662 RPD:0
[CH: 50] LEN: 12 | HEX: F9 77 D6 F5 EE 77 97 BB F2 59 BF EE | T:590663 RPD:0
[CH: 50] LEN: 12 | HEX: F9 77 D7 E7 DE 79 97 D5 26 F0 BB 7E | T:590674 RPD:0
[CH: 50] LEN: 12 | HEX: F1 77 BE F5 EE 77 97 EA F2 59 B7 FB | T:590674 RPD:0
[CH: 50] LEN: 12 | HEX: F1 77 FC F8 F6 76 97 EE EF 38 BD FF | T:590685 RPD:0
[CH: 50] LEN: 12 | HEX: F1 77 FA FE FE 70 97 5F 10 1D BF BA | T:590686 RPD:0
[CH: 50] LEN: 12 | HEX: F9 77 AD FD F6 73 97 FD A7 9E FE F8 | T:590697 RPD:1
[CH: 50] LEN: 12 | HEX: F1 77 F4 F1 FE 77 17 BA F2 59 BB DF | T:590708 RPD:1
[CH: 50] LEN: 12 | HEX: F1 77 AE F4 FF 76 97 DA EE 38 BF FE | T:590709 RPD:0
[CH: 50] LEN: 12 | HEX: F9 77 FD E9 FE 73 97 F5 A7 9F BF FE | T:590720 RPD:0
[CH: 50] LEN: 12 | HEX: F9 77 FB F3 D6 75 97 FE 98 BA AB 53 | T:590720 RPD:1
[CH: 50] LEN: 12 | HEX: F9 77 AD FA F6 74 97 FD 45 DB BE E5 | T:590731 RPD:1
[CH: 50] LEN: 12 | HEX: F5 77 FE F9 EC 77 97 DD 52 59 BE FD | T:590732 RPD:0
[CH: 50] LEN: 12 | HEX: F1 77 BA F0 EC 76 97 FA 6F 38 B7 FF | T:590743 RPD:1
[CH: 50] LEN: 12 | HEX: F1 77 AE F7 ED 79 97 FE A6 E0 BF FE | T:590754 RPD:1
[CH: 50] LEN: 12 | HEX: F9 77 FB FB FE 70 97 AE 90 1D BF FF | T:590755 RPD:0
[CH: 50] LEN: 12 | HEX: F9 77 FF FE FE 74 97 FA 45 DB BF EB | T:590766 RPD:1
[CH: 50] LEN: 12 | HEX: E5 77 76 FE FE 70 97 B7 10 1D AD F5 | T:590766 RPD:0
[CH: 50] LEN: 12 | HEX: F9 77 B5 F9 F5 73 97 D7 A7 9F B7 FF | T:590777 RPD:1
[CH: 50] LEN: 12 | HEX: F1 77 DC F1 FE 77 97 FD 72 59 BF F7 | T:590789 RPD:1
[CH: 50] LEN: 12 | HEX: F9 77 FD F7 EC 79 97 FD 26 F0 BF EF | T:590789 RPD:0
[CH: 50] LEN: 12 | HEX: F9 77 FA F9 EA 73 97 5D A7 9E AB FB | T:590800 RPD:0
[CH: 50] LEN: 12 | HEX: F9 77 FE FA FE 74 97 FD 45 DB BD EE | T:590803 RPD:1
[CH: 50] LEN: 12 | HEX: F9 7F BD F1 EA 77 97 FB F2 59 B7 B5 | T:590814 RPD:1
[CH: 50] LEN: 12 | HEX: F1 77 FC F8 EE 76 97 FE EF 38 BF B7 | T:590815 RPD:0
[CH: 50] LEN: 12 | HEX: F1 77 AE E7 BA 79 97 FE A6 F0 B7 F7 | T:590826 RPD:0
[CH: 50] LEN: 12 | HEX: F1 77 B4 F6 FE 70 97 7F 10 1D BB FF | T:590832 RPD:1
[CH: 50] LEN: 12 | HEX: F1 77 EE ED FE 73 97 ED 27 9E B6 EB | T:590835 RPD:1
[CH: 50] LEN: 12 | HEX: F9 77 DD FA FE 74 97 FD 45 DB AF 7F | T:590846 RPD:1
[CH: 50] LEN: 12 | HEX: F9 77 FF F1 FE 77 97 FD F2 59 B7 E9 | T:590847 RPD:1
[CH: 50] LEN: 12 | HEX: F5 77 FF F8 FA 76 97 FA 6F 3C BF BF | T:590864 RPD:1
[CH: 50] LEN: 12 | HEX: F9 77 D4 E7 74 79 97 FA 26 F0 BF F5 | T:590867 RPD:1
[CH: 50] LEN: 12 | HEX: F1 77 FD FA FE 70 97 DA 90 1D BF DF | T:590870 RPD:1
[CH: 50] LEN: 12 | HEX: F9 77 FD FD F6 73 97 DD A7 9F BF BB | T:590881 RPD:1
[CH: 50] LEN: 12 | HEX: F1 77 AA EB FE 75 97 75 D8 BA AA FF | T:590882 RPD:0
[CH: 50] LEN: 12 | HEX: F9 77 DF FA F5 74 97 FD 45 DB BF BF | T:590893 RPD:1
[CH: 50] LEN: 12 | HEX: F9 77 AD F9 EE 77 97 FD F2 59 AF FB | T:590893 RPD:0
[CH: 50] LEN: 12 | HEX: F1 77 FF F0 F5 76 97 75 6F 38 BE BF | T:590904 RPD:1
[CH: 50] LEN: 12 | HEX: F1 77 FC F9 FE 73 97 5F A7 9F B7 FF | T:590916 RPD:1
[CH: 50] LEN: 12 | HEX: F9 77 D4 FB DF 75 97 DF D8 BA BF 7F | T:590916 RPD:0
[CH: 50] LEN: 12 | HEX: F9 77 5C E8 FE 76 97 FD EF 38 BF 56 | T:590927 RPD:1
[CH: 50] LEN: 12 | HEX: F1 77 FE F7 FD 79 97 FA 26 F0 BF FF | T:590928 RPD:1
[CH: 50] LEN: 12 | HEX: F1 77 DB EA F4 70 97 77 10 1D B7 EF | T:590939 RPD:1
[CH: 50] LEN: 12 | HEX: F9 77 DC F9 FC 73 97 7A A7 DD BD FF | T:590950 RPD:0
[CH: 50] LEN: 12 | HEX: F9 77 FD F3 FE 75 97 5A D8 BA AF FF | T:590950 RPD:0
[CH: 50] LEN: 12 | HEX: F9 77 FC F6 FE 74 97 DA C5 DB BF FF | T:590962 RPD:1
[CH: 50] LEN: 12 | HEX: F9 77 FE F9 F6 77 97 5F F2 59 B7 FE | T:590962 RPD:0
[CH: 50] LEN: 12 | HEX: F9 77 FD F8 FC 76 97 FD EF 38 BB FF | T:590973 RPD:1
[CH: 50] LEN: 12 | HEX: F1 77 DD F7 FD 79 97 77 26 E0 B7 7D | T:590974 RPD:0
[CH: 50] LEN: 12 | HEX: F1 77 FD FE FE 70 97 FC 90 1D B7 FE | T:590985 RPD:1
[CH: 50] LEN: 12 | HEX: F9 77 FE F9 FE 77 97 FA F2 59 BE AF | T:590996 RPD:1
[CH: 50] LEN: 12 | HEX: F9 77 FE F8 FE 76 97 FE EF 38 B7 BE | T:590996 RPD:0
[CH: 50] LEN: 12 | HEX: F9 77 FD FE FE 70 97 AF 10 1D AF EE | T:591008 RPD:1
[CH: 50] LEN: 12 | HEX: F5 77 AE F2 EA 74 97 FA 45 DB BF FD | T:591008 RPD:0
[CH: 50] LEN: 12 | HEX: F1 77 FC F9 FE 77 97 FD 72 59 BF BE | T:591019 RPD:0
[CH: 50] LEN: 12 | HEX: F9 77 FB FA FC 70 97 FE 90 1D BF EF | T:591026 RPD:1
[CH: 50] LEN: 12 | HEX: F1 77 DE FD FB 73 97 DA A7 9F BF BF | T:591029 RPD:1
[CH: 50] LEN: 12 | HEX: F9 77 EE FB DD 75 97 D5 D8 BA B7 EB | T:591040 RPD:1
[CH: 50] LEN: 12 | HEX: F9 77 FD F2 FE 74 97 FA C5 DB BB FF | T:591040 RPD:0
[CH: 50] LEN: 12 | HEX: F9 77 EA E9 FE 77 97 FD 72 59 BD BF | T:591052 RPD:1
[CH: 50] LEN: 12 | HEX: F9 77 DD F4 FE 76 97 55 6D 30 BE FF | T:591063 RPD:1
[CH: 50] LEN: 12 | HEX: F1 77 BE F7 AE 79 97 FE A6 F0 BF F7 | T:591063 RPD:0
[CH: 50] LEN: 12 | HEX: F9 77 F9 FB FE 75 97 FF D8 BA BD D7 | T:591075 RPD:1
[CH: 50] LEN: 12 | HEX: F9 77 BC F7 AE 79 97 FF A6 F0 BF EF | T:591075 RPD:0
[CH: 50] LEN: 12 | HEX: F1 77 EA F6 FE 70 97 FA 10 19 B6 FE | T:591086 RPD:1
[CH: 50] LEN: 12 | HEX: F9 77 FA FA F6 74 97 BD 45 DB B5 FF | T:591086 RPD:0
[CH: 50] LEN: 12 | HEX: F1 77 BD F1 EE 77 97 FE B2 59 BD F7 | T:591098 RPD:1
[CH: 50] LEN: 12 | HEX: F9 77 FD FC F6 70 97 FD 10 1D BF BF | T:591109 RPD:1
[CH: 50] LEN: 12 | HEX: F9 77 FE F5 FE 73 97 FE A7 9F BF FF | T:591109 RPD:0
[CH: 50] LEN: 12 | HEX: F9 77 DD F9 FE 77 97 FD F2 59 BF FE | T:591121 RPD:0
[CH: 50] LEN: 12 | HEX: F9 77 FB FE FE 70 97 FA 10 1D BF DF | T:591127 RPD:1
[CH: 50] LEN: 12 | HEX: F5 77 FC F9 FA 73 97 5F A7 1F 7F 7F | T:591130 RPD:1
[CH: 50] LEN: 12 | HEX: F1 77 FE FB FF 75 97 FD 58 BA BB DE | T:591141 RPD:1
[CH: 50] LEN: 12 | HEX: F9 77 B4 F2 FE 74 97 AB 45 DB BF E6 | T:591141 RPD:0
[CH: 50] LEN: 12 | HEX: F9 77 DE F9 FE 77 97 BD 72 59 BF B5 | T:591153 RPD:1
[CH: 50] LEN: 12 | HEX: F1 77 FD F8 F6 76 97 D7 6F 38 BF AE | T:591153 RPD:0
[CH: 50] LEN: 12 | HEX: F9 77 DC F7 FF 79 97 DE A6 F0 BB FF | T:591164 RPD:1
[CH: 50] LEN: 12 | HEX: F9 77 BE FB DC 75 97 EE 98 BA B6 FE | T:591175 RPD:1
[CH: 50] LEN: 12 | HEX: F5 77 EA FA FE 74 97 5F 45 DB BF FB | T:591176 RPD:0
[CH: 50] LEN: 12 | HEX: F1 77 FA F7 DC 71 97 BD 26 F0 AA FF | T:591187 RPD:1
[CH: 50] LEN: 12 | HEX: F9 7F BF FA EA 74 97 DD 45 DB BF BB | T:591187 RPD:0
[CH: 50] LEN: 12 | HEX: F1 77 BE F1 F6 77 97 FA F2 59 BE FA | T:591199 RPD:1
[CH: 50] LEN: 12 | HEX: F9 77 FD FE FE 70 97 FA 10 1D AF F7 | T:591199 RPD:0
[CH: 50] LEN: 12 | HEX: F9 77 EC FD F6 73 97 FF A7 9F 3F FE | T:591210 RPD:1
[CH: 50] LEN: 12 | HEX: F9 77 BA F9 FE 77 97 D7 D2 59 AF FF | T:591221 RPD:1
[CH: 50] LEN: 12 | HEX: F1 77 AE F8 F6 76 97 FE EF 38 BD FF | T:591222 RPD:0
[CH: 50] LEN: 12 | HEX: F9 77 DC FE FE 70 97 FA 10 1D BE FF | T:591233 RPD:1
[CH: 50] LEN: 12 | HEX: F9 77 AF F9 FC 77 97 BF F2 59 BB FB | T:591233 RPD:0
[CH: 50] LEN: 12 | HEX: F5 77 FD F7 7A 71 97 FB A6 F0 BF 7E | T:591245 RPD:1
[CH: 50] LEN: 12 | HEX: F1 77 FB F9 F6 73 97 FA A7 9F 3A F7 | T:591256 RPD:1
[CH: 50] LEN: 12 | HEX: F1 77 FA FB FF 75 97 FE 58 BA AF FE | T:591256 RPD:0
[CH: 50] LEN: 12 | HEX: F9 77 BA F0 F6 76 97 B5 6F 38 AF FF | T:591267 RPD:1
[CH: 50] LEN: 12 | HEX: F1 77 AC EB BB 75 97 FD 58 BA BF FB | T:591268 RPD:0
[CH: 50] LEN: 12 | HEX: F9 77 B4 EA FA 74 97 BA 45 DB BD D9 | T:591279 RPD:1
[CH: 50] LEN: 12 | HEX: F1 77 FD F7 5C 79 97 5F 26 E0 BF FA | T:591279 RPD:0
[CH: 50] LEN: 12 | HEX: F9 77 AE FA FE 70 97 FA 10 1D BF FB | T:591291 RPD:1
[CH: 50] LEN: 12 | HEX: F9 77 BE F3 FE 75 97 5D D8 BA BF FF | T:591302 RPD:1
[CH: 50] LEN: 12 | HEX: F9 77 BC F2 FE 74 97 AA 45 DB BF FE | T:591302 RPD:0
[CH: 50] LEN: 12 | HEX: F1 77 D6 F7 FD 79 97 DE A6 F0 BF 7B | T:591313 RPD:1
[CH: 50] LEN: 12 | HEX: F1 77 FA FA FE 74 97 FE C5 DB BB F7 | T:591314 RPD:0
[CH: 50] LEN: 12 | HEX: F1 77 FE F9 EE 77 97 FD 72 59 BD FD | T:591325 RPD:1
[CH: 50] LEN: 12 | HEX: F1 77 FE EE FE 70 97 7D 10 1D AD DF | T:591325 RPD:0
[CH: 50] LEN: 12 | HEX: F1 77 BA F9 FE 73 97 7A A7 9F AF FC | T:591336 RPD:0
[CH: 50] LEN: 12 | HEX: FA 78 FF 7C 7E 74 97 DF 52 5A BA FD | T:591364 RPD:1
[CH: 50] LEN: 12 | HEX: FA 70 F7 DC 7D 74 97 AD 52 5A BE FB | T:591364 RPD:1
[CH: 50] LEN: 12 | HEX: F9 77 FD 00 00 71 97 DD AF 64 BD EB | T:591376 RPD:1
[CH: 50] LEN: 12 | HEX: F1 77 DE 00 00 71 97 DD AF 64 AF FE | T:591376 RPD:1
[CH: 50] LEN: 12 | HEX: F0 6D FF 00 F6 F6 91 FE 70 98 AF BF | T:591398 RPD:1
[CH: 50] LEN: 12 | HEX: F0 6D F7 00 FA F2 91 FF 70 98 BF FF | T:591398 RPD:1
[CH: 50] LEN: 12 | HEX: FA 78 FF 5C 7E FA 91 FF 78 A7 B7 FF | T:591662 RPD:1
[CH: 50] LEN: 12 | HEX: FA 70 EF 50 7C FA 91 FF 58 A7 BF EF | T:591663 RPD:1
[CH: 50] LEN: 12 | HEX: F5 77 FE 80 00 71 91 FE 05 C2 BF AE | T:591674 RPD:1
[CH: 50] LEN: 12 | HEX: F1 77 FA 80 00 71 91 FE 85 C2 BE FF | T:591675 RPD:1
[CH: 50] LEN: 12 | HEX: F8 6D FF 00 F5 FA 91 FF 70 98 BF FF | T:591696 RPD:1
[CH: 50] LEN: 12 | HEX: F8 6D FE 80 F4 F2 91 FE 70 98 BB 6F | T:591697 RPD:1
[CH: 50] LEN: 12 | HEX: F2 78 F7 FC 7C F2 91 FF 58 A7 BD FF | T:591962 RPD:1
[CH: 50] LEN: 12 | HEX: F9 77 FE 80 00 71 91 F7 05 C2 AF FF | T:591966 RPD:1
[CH: 50] LEN: 12 | HEX: F9 77 FA 80 00 71 91 EA 85 C2 BF F7 | T:591966 RPD:1
[CH: 50] LEN: 12 | HEX: F8 6D FF 00 FE FA 91 FF 70 98 BE EF | T:591996 RPD:1
[CH: 50] LEN: 12 | HEX: F8 6D FF 00 F5 FA 91 EB 70 98 A9 72 | T:591997 RPD:1
[CH: 50] LEN: 12 | HEX: FA 78 F7 5C 7B FA 91 F7 B8 A7 B7 F5 | T:592262 RPD:1
[CH: 50] LEN: 12 | HEX: F2 70 FB 5C 7C FA 91 FE B8 A7 BF FF | T:592263 RPD:1
[CH: 50] LEN: 12 | HEX: F9 77 BA 80 00 71 91 FF 05 C2 AB EF | T:592274 RPD:1
[CH: 50] LEN: 12 | HEX: F9 77 FA 80 00 71 91 F7 05 C2 BF B7 | T:592274 RPD:1
[CH: 50] LEN: 12 | HEX: F8 6D FF 00 F5 FA 91 ED 70 98 BF 7F | T:592296 RPD:1
[CH: 50] LEN: 12 | HEX: E8 6D EE 00 FE FA 91 FF 70 98 BF EF | T:592297 RPD:1
[CH: 50] LEN: 12 | HEX: FA 78 F7 5C 7E FA 91 EF B8 A7 BB FB | T:592562 RPD:1
[CH: 50] LEN: 12 | HEX: F2 78 FF 5C 7C F2 91 EB 78 A7 BB BF | T:592562 RPD:1
[CH: 50] LEN: 12 | HEX: F1 77 BE 80 00 71 91 F6 85 C2 BB EF | T:592574 RPD:1
[CH: 50] LEN: 12 | HEX: F9 77 FE 80 00 71 91 EF 05 C2 AE FF | T:592574 RPD:1
[CH: 50] LEN: 12 | HEX: F8 6D FF 00 EA F2 91 DE 70 98 BF FA | T:592596 RPD:1
[CH: 50] LEN: 12 | HEX: F2 70 F5 4C 7D FA 91 F7 B8 A7 BD EF | T:592861 RPD:1
[CH: 50] LEN: 12 | HEX: F2 78 FF D4 7C FA 91 DE B8 A7 BF 7F | T:592862 RPD:1
[CH: 50] LEN: 12 | HEX: F9 77 FD 80 00 71 91 FF 05 C2 BF FF | T:592873 RPD:1
[CH: 50] LEN: 12 | HEX: F1 77 BE 00 00 71 D1 FF 05 C2 B5 F7 | T:592874 RPD:1
[CH: 50] LEN: 12 | HEX: F0 6D FF 00 FA F2 91 FF 70 98 BD D7 | T:592895 RPD:1
[CH: 50] LEN: 12 | HEX: F0 6D FF 00 F4 F2 91 DE F0 98 BD FD | T:592896 RPD:1
[CH: 50] LEN: 12 | HEX: FA 78 FF D4 7E FA 91 FF B8 A7 BF D7 | T:593161 RPD:1
[CH: 50] LEN: 12 | HEX: FA 78 FF A8 7E FA 91 FF 58 A7 BE FA | T:593162 RPD:1
[CH: 50] LEN: 12 | HEX: F9 77 EB 00 00 71 91 ED 05 C2 B7 DF | T:593173 RPD:1
[CH: 50] LEN: 12 | HEX: F9 77 FD 00 00 71 91 EA 05 C2 BB DE | T:593174 RPD:1
[CH: 50] LEN: 12 | HEX: F8 6D F7 00 F5 F2 91 FB 70 98 BF DF | T:593195 RPD:1
[CH: 50] LEN: 12 | HEX: F8 6D F7 00 FE EA 91 FF 70 98 BF DE | T:593196 RPD:1
[CH: 50] LEN: 12 | HEX: F2 78 FF 5C 7E F2 91 DE 98 A7 BF FE | T:593461 RPD:1
[CH: 50] LEN: 12 | HEX: FA 78 FB E8 75 F2 91 FD D8 A7 FF FE | T:593462 RPD:1
[CH: 50] LEN: 12 | HEX: F9 77 D6 80 00 71 91 FF 05 C2 BF FF | T:593473 RPD:1
[CH: 50] LEN: 12 | HEX: F9 77 FE 80 00 71 91 FF 05 C2 AF 7F | T:593473 RPD:1
[CH: 50] LEN: 12 | HEX: F8 6D F5 00 FA FA 91 FF 70 98 BF FF | T:593495 RPD:1
[CH: 50] LEN: 12 | HEX: F8 6D FF 00 FE F2 91 FF 70 98 BB FF | T:593496 RPD:1
[CH: 50] LEN: 12 | HEX: FA 78 EB 5C 7E EA 91 EE 98 A7 BB FA | T:593761 RPD:1
[CH: 50] LEN: 12 | HEX: F2 78 FF D4 7E FA 91 D5 58 A7 3E FD | T:593761 RPD:1
[CH: 50] LEN: 12 | HEX: F9 77 FA 00 00 71 91 EB 05 C2 AF FF | T:593773 RPD:1
[CH: 50] LEN: 12 | HEX: F9 77 FE 00 00 71 91 FE 05 C2 BD FF | T:593773 RPD:1
[CH: 50] LEN: 12 | HEX: F8 6D F6 00 F5 F2 91 FF 70 98 BB BE | T:593795 RPD:1
[CH: 50] LEN: 12 | HEX: F8 6D FE 00 F6 F2 91 FF F0 98 BF FF | T:593795 RPD:1
[CH: 50] LEN: 12 | HEX: F2 78 F5 D4 7E FA 91 DD 38 A7 BF 5A | T:594060 RPD:1
[CH: 50] LEN: 12 | HEX: FA 7C FF 5C 76 FA 91 EA B8 A7 3B FF | T:594061 RPD:1
[CH: 50] LEN: 12 | HEX: F9 77 BA 00 00 71 91 EF 05 C2 AB DB | T:594072 RPD:1
[CH: 50] LEN: 12 | HEX: F9 77 FA 00 00 71 91 FF 05 C2 BF FF | T:594073 RPD:1
[CH: 50] LEN: 12 | HEX: F8 6D D7 00 FE F2 91 D7 70 98 BD FE | T:594094 RPD:1
[CH: 50] LEN: 12 | HEX: F8 6D FD 00 F4 F2 91 FF F0 98 BF FD | T:594095 RPD:1
[CH: 50] LEN: 12 | HEX: F2 78 FF D4 7B FA 91 EB D8 A7 BB 7B | T:594360 RPD:1
[CH: 50] LEN: 12 | HEX: F2 70 FF AC 75 F2 91 FB 78 A7 BF FF | T:594361 RPD:1
[CH: 50] LEN: 12 | HEX: F9 77 DE 80 00 71 91 F7 05 C2 AF BF | T:594372 RPD:1
[CH: 50] LEN: 12 | HEX: F9 77 FD 00 00 71 91 F7 05 C2 BF BF | T:594373 RPD:1
[CH: 50] LEN: 12 | HEX: F8 6D EF 80 FE FA 91 EE F0 98 BF FF | T:594394 RPD:1
[CH: 50] LEN: 12 | HEX: F8 6D FF 80 FE FA 91 FF 70 98 BF BF | T:594395 RPD:1
[CH: 50] LEN: 12 | HEX: F2 78 FF D4 7C F2 91 FF 58 A7 AE FF | T:594660 RPD:1
[CH: 50] LEN: 12 | HEX: FA 78 EF FC 7E FA 91 FF 58 A7 BF DF | T:594661 RPD:1
[CH: 50] LEN: 12 | HEX: F1 77 DD 80 00 71 91 EE 05 C2 BF FF | T:594672 RPD:1
[CH: 50] LEN: 12 | HEX: F9 77 DE 00 00 71 91 FE 05 C2 BF FB | T:594672 RPD:1
[CH: 50] LEN: 12 | HEX: F0 6D FE 80 FE FA 91 FE F0 98 BF FE | T:594694 RPD:1
[CH: 50] LEN: 12 | HEX: F8 6D FF 00 EC FA 91 EE F0 98 BF D5 | T:594695 RPD:1
[CH: 50] LEN: 12 | HEX: FA 78 FD A8 7A FA 91 FE D8 A7 AE F7 | T:594960 RPD:1
[CH: 50] LEN: 12 | HEX: FA 78 FA B8 7C F2 91 EB D8 A7 AF 7A | T:594961 RPD:1
[CH: 50] LEN: 12 | HEX: F9 77 BF 00 00 71 91 DE 85 C2 BF BF | T:594972 RPD:1
[CH: 50] LEN: 12 | HEX: F1 77 DC 00 00 71 91 FE 85 C2 BE EF | T:594972 RPD:1
[CH: 50] LEN: 12 | HEX: F0 6D F6 00 FE FA 91 F5 70 98 BF E8 | T:594994 RPD:1
[CH: 50] LEN: 12 | HEX: F0 6D FF 00 FE F2 91 FF F0 98 BB 7F | T:594995 RPD:1
[CH: 50] LEN: 12 | HEX: F6 78 F7 BC 7A F2 91 FF D8 A7 AE EE | T:595260 RPD:1
[CH: 50] LEN: 12 | HEX: FA 78 FF D4 7C FA 91 FF F8 A7 BF FF | T:595261 RPD:1
[CH: 50] LEN: 12 | HEX: F1 77 5F 00 00 71 91 EE 85 C2 BF F7 | T:595272 RPD:1
[CH: 50] LEN: 12 | HEX: F1 77 FD 00 00 71 91 DD 85 C2 B5 FF | T:595272 RPD:1
[CH: 50] LEN: 12 | HEX: F8 6D FE 80 EE FA 91 FF 58 98 BE AF | T:595294 RPD:1
[CH: 50] LEN: 12 | HEX: F0 6D EB 00 F6 F2 91 FE F0 98 BF 4D | T:595295 RPD:1
[CH: 50] LEN: 12 | HEX: F2 7C EB FC 7A FA 91 EF D8 A7 AE FE | T:595560 RPD:1
[CH: 50] LEN: 12 | HEX: FA 78 F5 D4 7E F2 91 FF F8 A7 BF FF | T:595560 RPD:1
[CH: 50] LEN: 12 | HEX: F1 77 BD 00 00 71 91 D7 05 C2 BF FE | T:595572 RPD:1
[CH: 50] LEN: 12 | HEX: F9 77 AE 00 00 71 91 FF 05 C2 AE FB | T:595572 RPD:1
[CH: 50] LEN: 12 | HEX: F0 6D FF 80 F4 FA 91 FF 70 98 AF FF | T:595594 RPD:1
[CH: 50] LEN: 12 | HEX: F8 6D FF 80 FE FA 91 FF F0 98 BF BB | T:595594 RPD:1
[CH: 50] LEN: 12 | HEX: FA 70 FF DC 7E F2 91 EE 98 A7 BF DF | T:595859 RPD:1
[CH: 50] LEN: 12 | HEX: F2 78 FB D4 7E FA 91 FF 78 A7 AE FF | T:595860 RPD:1
[CH: 50] LEN: 12 | HEX: F1 77 DF 00 00 71 91 FE 85 C2 AE BF | T:595871 RPD:1
[CH: 50] LEN: 12 | HEX: F1 77 FA 00 00 71 91 F5 05 C2 BF F5 | T:595872 RPD:1
[CH: 50] LEN: 12 | HEX: F0 6D EF 00 FE F2 91 D6 70 98 BD 7F | T:595893 RPD:1
[CH: 50] LEN: 12 | HEX: F8 6D DE 80 EA EE 91 D7 70 98 BF FF | T:595894 RPD:1
[CH: 50] LEN: 12 | HEX: FA 78 F6 A4 7D FA 91 EB D8 A7 BD DD | T:596159 RPD:1
[CH: 50] LEN: 12 | HEX: FA 78 FF 54 7C F2 91 FF 78 A7 BF 7F | T:596160 RPD:1
[CH: 50] LEN: 12 | HEX: F9 77 FC 80 00 71 91 FE 05 C2 AF FF | T:596171 RPD:1
[CH: 50] LEN: 12 | HEX: F9 77 FE 80 00 71 91 FF 05 C2 BF 7F | T:596172 RPD:1
[CH: 50] LEN: 12 | HEX: F8 6D D7 00 FE F2 91 FF 70 98 BB BF | T:596213 RPD:1
[CH: 50] LEN: 12 | HEX: EC 6D FE 80 F6 FA 91 FF 70 98 BE ED | T:596214 RPD:1
[CH: 50] LEN: 12 | HEX: FA 76 FF 00 8C F2 91 FF 2C 77 B7 DB | T:596244 RPD:1
[CH: 50] LEN: 12 | HEX: FA 76 FF 00 8C FA 91 FF 2C 77 BF FD | T:596245 RPD:1
[CH: 50] LEN: 12 | HEX: F2 76 FE FE 73 F2 91 F7 B2 8A BE FB | T:596275 RPD:1
[CH: 50] LEN: 12 | HEX: FA 76 FE FD 70 FA 91 EB A7 A4 AD FE | T:596278 RPD:1
[CH: 50] LEN: 12 | HEX: F2 76 FE F8 71 FA 91 F7 7B 61 AD FF | T:596282 RPD:1
[CH: 50] LEN: 12 | HEX: F2 76 EA F3 76 FA 91 FE CD 98 B7 FB | T:596294 RPD:1
[CH: 50] LEN: 12 | HEX: FA 76 FE FA 77 F2 91 FF 51 7D BF FF | T:596294 RPD:0
[CH: 50] LEN: 12 | HEX: FA 76 F6 F9 74 FA 91 DF E4 73 BF FB | T:596305 RPD:1
[CH: 50] LEN: 12 | HEX: FA 76 F4 F0 75 EE 91 FE B8 96 BB FD | T:596305 RPD:0
[CH: 50] LEN: 12 | HEX: FA 76 FE F7 7A F2 91 FF 49 81 B5 FE | T:596317 RPD:0
[CH: 50] LEN: 12 | HEX: F2 76 EE F5 78 F2 91 FF 20 6A B6 EF | T:596335 RPD:1
[CH: 50] LEN: 12 | HEX: FA 76 FE F4 79 EA 91 FF 5C 8F B5 DA | T:596365 RPD:1
[CH: 50] LEN: 12 | HEX: FA 76 F6 F3 7C F6 91 D6 CA 76 BB FF | T:596395 RPD:1
[CH: 50] LEN: 12 | HEX: FA 76 F6 F2 7F DA 91 FA 16 93 AF F7 | T:596425 RPD:1
[CH: 50] LEN: 12 | HEX: F2 76 FE F1 74 FA 91 DD E3 9D BE F7 | T:596455 RPD:1
[CH: 50] LEN: 12 | HEX: FA 76 FE F0 75 FA 91 FD 3E 78 BF AF | T:596485 RPD:1
[CH: 50] LEN: 12 | HEX: F2 76 F6 EF 62 F2 91 EF 11 92 BF FF | T:596515 RPD:1
[CH: 50] LEN: 12 | HEX: FA 76 FE EE 63 BA 91 DE 8D 77 BB FF | T:596545 RPD:1
[CH: 50] LEN: 12 | HEX: FA 76 FE EC 61 FE 91 FF E4 9C BF FB | T:596605 RPD:1
[CH: 50] LEN: 12 | HEX: FA 76 FA EB 66 F6 91 D6 D2 65 BD BB | T:596635 RPD:1
[CH: 50] LEN: 12 | HEX: FA 76 FE EA 67 FA 91 EE CE 80 BF F6 | T:596665 RPD:1
[CH: 50] LEN: 12 | HEX: FA 76 F6 E9 64 FA 91 FF DB 8E BF FF | T:596695 RPD:1
[CH: 50] LEN: 12 | HEX: EE 76 F6 E8 65 EA 91 FF 27 6B FE B6 | T:596725 RPD:0
[CH: 50] LEN: 12 | HEX: EA 76 FE E7 6A F6 91 F7 96 74 BF EF | T:596755 RPD:0
[CH: 50] LEN: 12 | HEX: F6 76 FE ED 68 F6 91 FF 3E 97 AE 93 | T:596815 RPD:0
[CH: 50] LEN: 12 | HEX: FA 76 EE E4 69 FA 91 EA B3 72 BF DD | T:596845 RPD:0
[CH: 50] LEN: 12 | HEX: FA 76 F6 E3 6E F2 91 EF D5 8B BF F7 | T:596875 RPD:1
[CH: 50] LEN: 12 | HEX: FA 76 FE E2 6F BA 91 FF 09 6E BD DB | T:596905 RPD:1
[CH: 50] LEN: 12 | HEX: FA 76 F6 E1 6C F2 91 FF 7C 60 BF 7F | T:596935 RPD:1
[CH: 50] LEN: 12 | HEX: F2 76 FE E0 6D F2 91 FF A0 85 B7 7D | T:596965 RPD:1
[CH: 50] LEN: 12 | HEX: FA 76 FE DF 52 FA 91 FF 31 95 BB EF | T:596995 RPD:1
[CH: 50] LEN: 12 | HEX: FA 76 FA FE 73 FA 91 FF B2 8A BF FF | T:597025 RPD:1
[CH: 50] LEN: 12 | HEX: F2 76 FE FD 70 FA 91 FF A7 84 BC ED | T:597029 RPD:1
[CH: 50] LEN: 12 | HEX: FA 76 FE F3 76 FA 91 EF 4D 98 BE DF | T:597037 RPD:1
[CH: 50] LEN: 12 | HEX: FA 76 FE FA 77 FA 91 FF 91 7D AF FF | T:597041 RPD:1
[CH: 50] LEN: 12 | HEX: FA 76 FE F9 74 FA 91 FF D4 73 BF FF | T:597045 RPD:1
[CH: 50] LEN: 12 | HEX: FA 76 FC F8 75 FA 91 FF 38 96 AF FF | T:597056 RPD:1
[CH: 50] LEN: 12 | HEX: FA 76 FA F6 7B FA 91 FF 55 44 AD D7 | T:597083 RPD:1
[CH: 50] LEN: 12 | HEX: FA 74 FE F5 78 EA 91 D6 20 6A AF BE | T:597113 RPD:1
[CH: 50] LEN: 12 | HEX: FA 76 FE F3 7E FA 91 FF CA 76 AF FE | T:597173 RPD:1
[CH: 50] LEN: 12 | HEX: F2 76 F6 F2 7F F2 91 FF 16 93 FF FF | T:597203 RPD:1
[CH: 50] LEN: 12 | HEX: FA 76 FE F1 7C F2 91 F7 63 9D AF DB | T:597233 RPD:1
[CH: 50] LEN: 12 | HEX: F2 76 FC F0 7D EA 91 D6 BF 78 AD FE | T:597263 RPD:1
[CH: 50] LEN: 12 | HEX: F2 76 FE FF 62 F2 91 FF 11 92 AF 6F | T:597293 RPD:1
[CH: 50] LEN: 12 | HEX: FA 76 FE EE 63 EA 91 FF CD 77 BF FF | T:597323 RPD:1
[CH: 50] LEN: 12 | HEX: FA 76 F4 ED 60 F2 91 DF 38 79 B7 FF | T:597353 RPD:1
[CH: 50] LEN: 12 | HEX: F2 76 FE EC 61 EA 91 F5 64 9C BF FF | T:597383 RPD:1
[CH: 50] LEN: 12 | HEX: F2 76 FE EB 66 FA 91 FF 52 65 BF FD | T:597413 RPD:1
[CH: 50] LEN: 12 | HEX: FA 76 FE EA 67 FA 91 FF 4E 80 B6 FF | T:597443 RPD:1
[CH: 50] LEN: 12 | HEX: FA 76 FE E9 64 FA 91 D6 BB 8E BF FE | T:597473 RPD:1
[CH: 50] LEN: 12 | HEX: FA 76 FE E8 65 FA 91 FF A7 6B BF FF | T:597503 RPD:1
[CH: 50] LEN: 12 | HEX: FA 76 FE E7 6A EA 91 AA 56 74 B6 D7 | T:597533 RPD:1
[CH: 50] LEN: 12 | HEX: FA 76 FE E6 6B FA 91 FF 4A 99 BF FF | T:597563 RPD:1
[CH: 50] LEN: 12 | HEX: FA 76 FE E5 68 FA 91 EE BF 17 B7 BF | T:597593 RPD:1
[CH: 50] LEN: 12 | HEX: FA 76 EE E4 69 F6 91 DA E3 72 BF FF | T:597623 RPD:1
[CH: 50] LEN: 12 | HEX: FA 76 F6 E3 6E F2 91 FF D5 8B BF F7 | T:597653 RPD:1
[CH: 50] LEN: 12 | HEX: F2 76 FE E1 6C F2 91 ED 7C 60 BE F7 | T:597713 RPD:1
[CH: 50] LEN: 12 | HEX: F2 76 F6 E0 6D FA 91 FF 20 85 BF FB | T:597743 RPD:1
[CH: 50] LEN: 12 | HEX: FA 76 FE DF 52 F6 91 F7 B1 95 BB 57 | T:597773 RPD:1
[CH: 50] LEN: 12 | HEX: F2 76 FE FC 77 E6 91 FD 52 8A AF ED | T:597803 RPD:1
[CH: 50] LEN: 12 | HEX: FA 76 FE FD 70 F2 91 FF 67 84 BF F7 | T:597806 RPD:1
[CH: 50] LEN: 12 | HEX: F2 76 FE EC 71 D2 91 FE 73 61 BF BD | T:597810 RPD:1
[CH: 50] LEN: 12 | HEX: FA 76 FE F3 76 F2 91 F6 CD 98 B7 BF | T:597822 RPD:1
[CH: 50] LEN: 12 | HEX: F2 76 F6 FA 77 7A 91 EE 91 7D BF FF | T:597822 RPD:0
[CH: 50] LEN: 12 | HEX: FA 76 F7 F9 7C F2 91 DE A4 73 BE BD | T:597833 RPD:1
[CH: 50] LEN: 12 | HEX: FA 7E EA F0 75 EA 91 D7 38 96 BF FF | T:597833 RPD:0
[CH: 50] LEN: 12 | HEX: FA 76 FA F7 7A FA 91 F7 09 81 BF FF | T:597845 RPD:0
[CH: 50] LEN: 12 | HEX: FA 76 FE F5 78 FA 91 EE 20 6A BE EF | T:597862 RPD:1
[CH: 50] LEN: 12 | HEX: F2 76 FC F4 71 EA 91 FF 54 8F BF 5E | T:597892 RPD:1
[CH: 50] LEN: 12 | HEX: F2 76 FE F3 7A FA 91 F7 4A 76 AE FE | T:597922 RPD:1
[CH: 50] LEN: 12 | HEX: FA 76 F4 E2 7B CA 91 F6 16 93 BF FF | T:597952 RPD:1
[CH: 50] LEN: 12 | HEX: FA 76 F4 F1 7C F6 91 FF 63 9D B7 FF | T:597982 RPD:1
[CH: 50] LEN: 12 | HEX: FA 76 F4 F0 7D FA 91 EF 3E 70 BA AD | T:598012 RPD:1
[CH: 50] LEN: 12 | HEX: F2 76 FE EF 62 F6 91 FE 11 92 BE FD | T:598042 RPD:1
[CH: 50] LEN: 12 | HEX: FA 76 F4 EE 63 FA 91 FF 4D 77 BF EE | T:598072 RPD:1
[CH: 50] LEN: 12 | HEX: FA 76 F6 ED 60 FA 91 FB B8 79 AF FA | T:598102 RPD:1
[CH: 50] LEN: 12 | HEX: F2 76 EE EC 61 D2 91 FA E4 9C BB FF | T:598132 RPD:1
[CH: 50] LEN: 12 | HEX: FA 76 EA EB 66 FA 91 F5 52 65 BB FD | T:598162 RPD:1
[CH: 50] LEN: 12 | HEX: EE 76 F6 EA 67 7A 91 EB 4E 80 AA D5 | T:598192 RPD:1
[CH: 50] LEN: 12 | HEX: F2 76 F6 E9 64 FA 91 FE BB 8E BF FE | T:598222 RPD:1
[CH: 50] LEN: 12 | HEX: FA 76 FB E8 65 FA 91 FF 27 6B AF EF | T:598252 RPD:1
[CH: 50] LEN: 12 | HEX: F2 76 F4 E6 6B FA 91 FF CA 99 B5 56 | T:598312 RPD:1
[CH: 50] LEN: 12 | HEX: FA 76 FA E5 68 F6 91 FF BE 97 BF DE | T:598342 RPD:1
[CH: 50] LEN: 12 | HEX: F2 76 F4 E4 69 D6 91 EF 63 72 BB FF | T:598372 RPD:1
[CH: 50] LEN: 12 | HEX: FA 76 FE E3 6E FA 91 FE B5 8B 6B 7B | T:598402 RPD:1
[CH: 50] LEN: 12 | HEX: F2 76 F6 E2 6F FE 91 FF 89 6F BB DF | T:598432 RPD:1
[CH: 50] LEN: 12 | HEX: FA 76 FE E1 6C FA 91 F6 78 60 BD BD | T:598462 RPD:1
[CH: 50] LEN: 12 | HEX: F2 76 FE E0 6D FA 91 FD 20 85 2F 6F | T:598492 RPD:1
[CH: 50] LEN: 12 | HEX: F2 76 FE DE 52 EA 91 F7 31 95 B7 76 | T:598522 RPD:1
[CH: 50] LEN: 12 | HEX: FA 76 FF FE 73 FA 91 FF B2 8A B7 FB | T:598552 RPD:1
[CH: 50] LEN: 12 | HEX: F2 76 FE FD 70 FA 91 FF 67 04 BF FF | T:598556 RPD:1
[CH: 50] LEN: 12 | HEX: FA 76 F4 FC 71 D2 91 EA 7B 61 BF FF | T:598586 RPD:1
[CH: 50] LEN: 12 | HEX: FA 76 FC FB 76 FA 91 EE 4D 98 AF F7 | T:598590 RPD:1
[CH: 50] LEN: 12 | HEX: F2 76 FE FA 77 EA 91 FE 91 7D BF FF | T:598594 RPD:1
[CH: 50] LEN: 12 | HEX: FA 76 F6 F1 74 FA 91 EF 64 73 BE F2 | T:598605 RPD:1
[CH: 50] LEN: 12 | HEX: F2 76 FE F0 75 FA 91 FF B8 96 BE FF | T:598605 RPD:1
[CH: 50] LEN: 12 | HEX: FA 76 FA F7 7A F2 91 F5 09 81 AF FF | T:598617 RPD:1
[CH: 50] LEN: 12 | HEX: FA 76 FE F5 78 FA 91 FF A0 6A BD D7 | T:598640 RPD:1
[CH: 50] LEN: 12 | HEX: FA 76 FE F4 79 F2 91 FF FC 8F BD FF | T:598670 RPD:1
[CH: 50] LEN: 12 | HEX: F2 76 F6 E3 7E F2 91 FE 8A 76 BD F7 | T:598700 RPD:1
[CH: 50] LEN: 12 | HEX: F2 76 FE F2 7D D6 91 FF 16 93 B7 FF | T:598730 RPD:1
[CH: 50] LEN: 12 | HEX: F2 76 FC F1 76 F2 91 F5 63 9D BF F7 | T:598760 RPD:1
[CH: 50] LEN: 12 | HEX: F2 76 FE F0 79 EA 91 F7 7E 78 BB FE | T:598790 RPD:1
[CH: 50] LEN: 12 | HEX: FA 76 EA EF 62 F2 91 F5 11 92 BD BF | T:598820 RPD:1
[CH: 50] LEN: 12 | HEX: FA 76 FE EE 63 FA 91 FF ED 77 BF FB | T:598850 RPD:1
[CH: 50] LEN: 12 | HEX: FA 76 FE ED 60 FA 91 EB 78 79 BF FD | T:598880 RPD:1
[CH: 50] LEN: 12 | HEX: FA 76 FE EC 61 FA 91 FF 64 9C BD EF | T:598910 RPD:1
[CH: 50] LEN: 12 | HEX: F2 76 FE EB 66 F2 91 FF D2 65 BF F6 | T:598940 RPD:1
[CH: 50] LEN: 12 | HEX: F6 76 F4 EA 67 AA 91 FE CE 80 BE DD | T:598970 RPD:1
[CH: 50] LEN: 12 | HEX: FA 76 FE E9 64 F2 91 ED 7B 8E BB FB | T:599000 RPD:1
[CH: 50] LEN: 12 | HEX: FA 76 FA E8 65 EA 91 FF A7 6B EF DF | T:599030 RPD:1
[CH: 50] LEN: 12 | HEX: F2 76 FA E7 6A F2 91 FE D6 78 AF 7F | T:599060 RPD:1
[CH: 50] LEN: 12 | HEX: F2 76 F6 E6 6B FA 91 EE 4A 99 BF FF | T:599089 RPD:1
[CH: 50] LEN: 12 | HEX: F2 76 F5 E5 68 F2 91 EE BD 17 B7 FF | T:599120 RPD:1
[CH: 50] LEN: 12 | HEX: F2 76 FC E4 69 EA 91 DD 63 72 BF CB | T:599150 RPD:1
[CH: 50] LEN: 12 | HEX: FA 76 EA E3 6E F2 91 FF 55 8B BF FF | T:599180 RPD:1
[CH: 50] LEN: 12 | HEX: F2 76 FE E2 6F F6 91 FE 09 6E BF FE | T:599210 RPD:1
[CH: 50] LEN: 12 | HEX: F6 76 EA E1 6C F2 91 DC F8 60 BF F5 | T:599240 RPD:1
[CH: 50] LEN: 12 | HEX: FA 76 F4 E0 6D EE 91 DA 60 85 AD FE | T:599270 RPD:1
[CH: 50] LEN: 12 | HEX: FA 76 E8 DF 52 F2 91 F7 B1 95 BF FF | T:599300 RPD:1
[CH: 50] LEN: 12 | HEX: F2 76 FE FE 73 F2 91 FF 52 8A BB DF | T:599330 RPD:1
[CH: 50] LEN: 12 | HEX: FA 76 FE FD 70 F2 91 FF A7 84 BF EB | T:599333 RPD:1
[CH: 50] LEN: 12 | HEX: F2 76 F4 FC 71 FA 91 FE FB 61 BF F4 | T:599337 RPD:1
[CH: 50] LEN: 12 | HEX: F2 76 EA FB 76 F2 91 FD 4D 98 BF 77 | T:599348 RPD:1
[CH: 50] LEN: 12 | HEX: FA 76 FE FA 77 FA 91 FF 51 7D BF FD | T:599349 RPD:0
[CH: 50] LEN: 12 | HEX: FA 76 F6 F1 74 F6 91 FE A4 73 BD FD | T:599360 RPD:1
[CH: 50] LEN: 12 | HEX: FA 76 F4 F0 75 FA 91 FE 38 96 BF F5 | T:599360 RPD:0
[CH: 50] LEN: 12 | HEX: FA 76 FE F7 7A F2 91 FF 49 81 A9 FF | T:599372 RPD:0
[CH: 50] LEN: 12 | HEX: FA 76 F4 E5 7C FA 91 F7 20 6A BF 5D | T:599390 RPD:1
[CH: 50] LEN: 12 | HEX: FA 76 FE F4 71 FA 91 F7 BC 8F 3F FF | T:599420 RPD:1
[CH: 50] LEN: 12 | HEX: F2 76 FA F3 7E FA 91 FF EA 76 BF FE | T:599450 RPD:1
[CH: 50] LEN: 12 | HEX: FA 7E EC F2 7B AA 91 FF 96 93 BB FF | T:599480 RPD:1
[CH: 50] LEN: 12 | HEX: F2 76 FC F1 7C FA 91 FD E3 9D B7 DF | T:599510 RPD:1
[CH: 50] LEN: 12 | HEX: F2 76 FE F0 7D F2 91 FF 7E 70 BF D7 | T:599540 RPD:1
[CH: 50] LEN: 12 | HEX: FA 76 F6 EF 62 EE 91 FF 91 92 AF FF | T:599570 RPD:1
[CH: 50] LEN: 12 | HEX: FA 76 EC EE 63 BA 91 FE 8D 77 BA F7 | T:599600 RPD:1
[CH: 50] LEN: 12 | HEX: F2 76 F4 ED 60 FA 91 FF 3C 79 BE EB | T:599630 RPD:1
[CH: 50] LEN: 12 | HEX: F2 76 FE EC 61 FA 91 FF E4 9C BF D0 | T:599660 RPD:1
[CH: 50] LEN: 12 | HEX: FA 76 FE EB 66 FA 91 FF D2 65 BF 7F | T:599690 RPD:1
[CH: 50] LEN: 12 | HEX: F2 76 F6 EA 67 5A 91 EB 0E 80 BF 7B | T:599720 RPD:1
[CH: 50] LEN: 12 | HEX: FA 76 FA E9 64 FA 91 FF AB 8E BF B5 | T:599750 RPD:1
[CH: 50] LEN: 12 | HEX: F2 76 F4 E8 65 FA 91 FB 27 6B BF EF | T:599780 RPD:1
[CH: 50] LEN: 12 | HEX: FA 76 FE E7 6A F2 91 D7 96 78 BF F7 | T:599810 RPD:1
[CH: 50] LEN: 12 | HEX: F6 76 FA E6 6B DA 91 FE CA 99 BF FF | T:599840 RPD:1
[CH: 50] LEN: 12 | HEX: F2 76 FE E5 68 F2 91 FF 3E 97 BF EF | T:599870 RPD:1
[CH: 50] LEN: 12 | HEX: F2 76 FE E4 69 F2 91 EB E3 72 B7 76 | T:599900 RPD:1
[CH: 50] LEN: 12 | HEX: F2 76 FB E3 6E FA 91 FF B5 8B AF F7 | T:599930 RPD:1
[CH: 50] LEN: 12 | HEX: F2 76 FE E2 6F 72 91 DF 09 6E BF DF | T:599960 RPD:1
[CH: 50] LEN: 12 | HEX: F2 76 EE E1 6C F2 91 EE F8 60 BF 76 | T:599990 RPD:1
[CH: 50] LEN: 12 | HEX: F2 76 F4 E0 6D FA 91 FF 60 85 BE FF | T:600020 RPD:1
[CH: 50] LEN: 12 | HEX: FA 76 FA DF 52 F2 91 DD B1 95 AB BF | T:600050 RPD:1
[CH: 50] LEN: 12 | HEX: FA 76 EE FE 73 FA 91 FF F2 8A BF FE | T:600080 RPD:1
[CH: 50] LEN: 12 | HEX: FA 76 EA F5 70 F2 91 F6 A7 84 AE FD | T:600084 RPD:1
[CH: 50] LEN: 12 | HEX: FA 76 FE F8 71 EA 91 F7 7B 61 BF BB | T:600114 RPD:1
[CH: 50] LEN: 12 | HEX: F2 76 FE FB 76 FA 91 FF 4D 98 B6 FE | T:600118 RPD:1
[CH: 50] LEN: 12 | HEX: F2 76 FA EE 77 F2 91 FF 51 75 BF 55 | T:600122 RPD:1
[CH: 50] LEN: 12 | HEX: FA 76 FE F9 74 F2 91 FF A4 73 AF FF | T:600133 RPD:1
[CH: 50] LEN: 12 | HEX: FA 76 FE F0 75 FA 91 F7 38 96 BE BE | T:600133 RPD:0
[CH: 50] LEN: 12 | HEX: FA 76 F6 F7 7A FA 91 FF 09 81 BE FF | T:600145 RPD:1
[CH: 50] LEN: 12 | HEX: FA 76 FE F6 7B EA 91 FE D5 64 AF DD | T:600145 RPD:1
[CH: 50] LEN: 12 | HEX: FA 76 FE F5 78 FA 91 FF 20 6A BF ED | T:600166 RPD:1
[CH: 50] LEN: 12 | HEX: FA 76 F4 F4 79 EA 91 D5 5C 8D 5F A9 | T:600196 RPD:1
[CH: 50] LEN: 12 | HEX: EA 76 FA F3 7E F2 91 FE 8A 76 B6 FF | T:600226 RPD:1
[CH: 50] LEN: 12 | HEX: F2 76 FE F2 7A BA 91 FF 16 93 BF DB | T:600256 RPD:1
[CH: 50] LEN: 12 | HEX: F2 76 FE F1 7C FA 91 FF 63 9D B7 7F | T:600286 RPD:1
[CH: 50] LEN: 12 | HEX: FA 7E F4 F0 7D F2 91 EB BD 7C BD 7F | T:600316 RPD:1
[CH: 50] LEN: 12 | HEX: F2 76 FE EF 62 FA 91 FF 11 92 BB FF | T:600346 RPD:1
[CH: 50] LEN: 12 | HEX: FA 76 FC EE 63 FA 91 FF 4D 77 BF DD | T:600376 RPD:1
[CH: 50] LEN: 12 | HEX: FA 76 F4 ED 60 FA 91 FF B8 79 BE F7 | T:600406 RPD:1
[CH: 50] LEN: 12 | HEX: FA 76 FE EC 61 FE 91 ED 64 9C BF DF | T:600436 RPD:1
[CH: 50] LEN: 12 | HEX: F2 76 EA EB 66 F2 91 FD 52 65 BF 7F | T:600466 RPD:1
[CH: 50] LEN: 12 | HEX: FA 76 FC EA 67 DA 91 FE 8E 80 AF 76 | T:600496 RPD:1
[CH: 50] LEN: 12 | HEX: FA 76 EC E9 64 F2 91 D7 5B 8E B7 FD | T:600526 RPD:1
[CH: 50] LEN: 12 | HEX: FA 76 FE E8 65 F2 91 FF A7 EB B7 FD | T:600556 RPD:1
[CH: 50] LEN: 12 | HEX: FA 76 FE E7 6A FA 91 EF 96 7C AF EF | T:600586 RPD:1
[CH: 50] LEN: 12 | HEX: F2 76 FE E6 6B EA 91 FE 4A 99 BF FD | T:600616 RPD:1
[CH: 50] LEN: 12 | HEX: F2 76 FE E5 68 F6 91 FF 3E 97 AC 75 | T:600646 RPD:1
[CH: 50] LEN: 12 | HEX: F2 76 FA E4 69 FA 91 FF C3 72 BF DD | T:600676 RPD:1
[CH: 50] LEN: 12 | HEX: F6 76 FA E3 6E F2 91 F5 55 8B BE F7 | T:600706 RPD:1
[CH: 50] LEN: 12 | HEX: FA 76 FE E2 6F AA 91 FF 09 6E BE FC | T:600736 RPD:1
[CH: 50] LEN: 12 | HEX: F2 76 FE E1 6C F2 91 DD 7C 60 BF FF | T:600766 RPD:1
[CH: 50] LEN: 12 | HEX: F2 76 F6 E0 6D FA 91 F5 A0 85 BF F7 | T:600796 RPD:1
[CH: 50] LEN: 12 | HEX: F2 76 FE DF 52 F2 91 F7 31 95 BF 7A | T:600826 RPD:1
[CH: 50] LEN: 12 | HEX: FA 76 FA FE 73 D6 91 FE B2 8A BF DF | T:600856 RPD:1
[CH: 50] LEN: 12 | HEX: FA 76 F6 FD 70 F2 91 EF 27 84 BF FE | T:600859 RPD:1
[CH: 50] LEN: 12 | HEX: FA 76 FE FC 71 FA 91 F5 7B 61 BB DF | T:600862 RPD:1
[CH: 50] LEN: 12 | HEX: FA 76 FC F3 76 F2 91 F6 4D 98 BF EF | T:600874 RPD:1
[CH: 50] LEN: 12 | HEX: F2 76 FE FA 77 FA 91 FE 91 7D BF BE | T:600874 RPD:1
[CH: 50] LEN: 12 | HEX: FA 76 FA F1 74 FA 91 FF 64 73 BD F6 | T:600885 RPD:1
[CH: 50] LEN: 12 | HEX: FA 76 ED F0 75 F2 91 FE B8 96 BF AA | T:600885 RPD:0
[CH: 50] LEN: 12 | HEX: FA 76 FE F7 7A F2 91 FF 49 81 BF FF | T:600897 RPD:0
[CH: 50] LEN: 12 | HEX: F6 76 FE FD 78 F2 91 EF 20 6A BF D5 | T:600914 RPD:1
[CH: 50] LEN: 12 | HEX: FA 76 F7 F4 79 FA 91 EE BC 8F BF 7F | T:600944 RPD:1
[CH: 50] LEN: 12 | HEX: F2 76 FE F3 7C FA 91 F5 CA 76 BA FF | T:600974 RPD:1
[CH: 50] LEN: 12 | HEX: F2 76 FE F2 7F D2 91 FD 16 93 FF EE | T:601004 RPD:1
[CH: 50] LEN: 12 | HEX: F2 76 FE F1 7A FA 91 FB 63 9D BD DF | T:601034 RPD:1
[CH: 50] LEN: 12 | HEX: F2 76 FE F0 7D F6 91 DE FF 78 BF EF | T:601064 RPD:1
[CH: 50] LEN: 12 | HEX: F2 7E FE EF 62 FA 91 EE 91 92 BF 7F | T:601094 RPD:1
[CH: 50] LEN: 12 | HEX: FA 76 EE EE 63 DA 91 DD 4D 77 BE FF | T:601124 RPD:1
[CH: 50] LEN: 12 | HEX: EA 76 FE ED 60 FA 91 DE B8 79 AF FF | T:601154 RPD:1
[CH: 50] LEN: 12 | HEX: FA 76 FA EC 61 FA 91 FF 64 9C BF FE | T:601184 RPD:1
[CH: 50] LEN: 12 | HEX: FA 76 FE EB 66 F2 91 F7 52 65 BF FF | T:601214 RPD:1
[CH: 50] LEN: 12 | HEX: FA 76 EA EA 67 B2 91 DD 0E 80 BD 7E | T:601244 RPD:1
[CH: 50] LEN: 12 | HEX: FA 76 FE E9 64 F2 91 FE BB 8E AF FD | T:601274 RPD:1
[CH: 50] LEN: 12 | HEX: FA 76 F6 E8 65 EA 91 D5 A7 6B BF 6D | T:601304 RPD:1
[CH: 50] LEN: 12 | HEX: EA 76 F4 E7 6A F6 91 F7 96 7A B7 EE | T:601334 RPD:1
[CH: 50] LEN: 12 | HEX: FA 76 F6 E6 6B EA 91 EE CA 99 BF DE | T:601364 RPD:1
[CH: 50] LEN: 12 | HEX: EA 76 FE E5 68 F2 91 FF 3F 97 BF DF | T:601394 RPD:1
[CH: 50] LEN: 12 | HEX: FA 76 F6 E4 69 FA 91 FA E3 72 BE EF | T:601424 RPD:1
[CH: 50] LEN: 12 | HEX: FA 76 FE E3 6E FA 91 FF 55 8B FD FF | T:601454 RPD:1
[CH: 50] LEN: 12 | HEX: F2 76 FF E2 6F BA 91 EE 89 6E BF FB | T:601484 RPD:1
[CH: 50] LEN: 12 | HEX: F2 76 FC E1 6C FA 91 FF 7C 60 AF F7 | T:601514 RPD:1
[CH: 50] LEN: 12 | HEX: FA 76 FB E0 6D EA 91 D6 A0 85 B5 BF | T:601544 RPD:1
[CH: 50] LEN: 12 | HEX: F2 76 F5 DE 52 F2 91 FF 31 95 BE DF | T:601574 RPD:1
[CH: 50] LEN: 12 | HEX: FA 76 FE FF 73 FA 91 FF 52 8A BD D7 | T:601604 RPD:1
[CH: 50] LEN: 12 | HEX: F2 76 FE ED 70 FA 91 EF A7 84 BF FE | T:601608 RPD:1
[CH: 50] LEN: 12 | HEX: FA 76 FC FC 71 FA 91 FF 7B 61 BD ED | T:601612 RPD:1
[CH: 50] LEN: 12 | HEX: FA 76 EA F3 76 F2 91 FE CD 98 B5 FF | T:601623 RPD:1
[CH: 50] LEN: 12 | HEX: F2 76 FA FA 77 D6 91 DD 51 7D FA BF | T:601623 RPD:1
[CH: 50] LEN: 12 | HEX: EA 76 F6 E9 74 F2 91 FF 44 73 BF 55 | T:601635 RPD:1
[CH: 50] LEN: 12 | HEX: FA 76 EC F8 75 DA 91 FF 38 96 BB FE | T:601635 RPD:0
[CH: 50] LEN: 12 | HEX: FA 76 FA F7 7A FA 91 FF 89 81 BD BF | T:601646 RPD:0
[CH: 50] LEN: 12 | HEX: FA 76 FE F5 78 FA 91 FF 20 6A AB EE | T:601664 RPD:1
[CH: 50] LEN: 12 | HEX: FA 76 FE F4 79 EE 91 FF FC 8F BF FF | T:601694 RPD:1
[CH: 50] LEN: 12 | HEX: F2 76 FA E3 7C FA 91 A5 4A 76 BB EE | T:601724 RPD:1
[CH: 50] LEN: 12 | HEX: F2 76 FE E2 7F EA 91 F7 16 93 BF DF | T:601754 RPD:1
[CH: 50] LEN: 12 | HEX: FA 76 FA F1 7C F6 91 EA 63 9D BB F7 | T:601784 RPD:1
[CH: 50] LEN: 12 | HEX: F2 76 FA EE 62 F2 91 EF 11 92 BF FB | T:601844 RPD:1
[CH: 50] LEN: 12 | HEX: FA 76 F5 EE 63 FA 91 FE 8D 77 BF FF | T:601874 RPD:1
[CH: 50] LEN: 12 | HEX: F6 76 FA ED 60 FA 91 FF 78 79 BB 74 | T:601904 RPD:1
[CH: 50] LEN: 12 | HEX: F2 76 FE EC 61 EE 91 DD 64 9C BB DF | T:601934 RPD:1
[CH: 50] LEN: 12 | HEX: FA 76 EA EB 66 F2 91 F5 52 65 B6 FB | T:601964 RPD:1
[CH: 50] LEN: 12 | HEX: F2 76 FA EA 67 FA 91 EE 8E 80 BF DE | T:601994 RPD:1
[CH: 50] LEN: 12 | HEX: FA 76 F5 E9 64 FA 91 FF 5B 8E BF F7 | T:602024 RPD:1
[CH: 50] LEN: 12 | HEX: EA 76 FE E8 65 FA 91 FD 27 6B AE F7 | T:602054 RPD:1
[CH: 50] LEN: 12 | HEX: FA 76 F6 E7 6A FA 91 FF D6 7C BF FF | T:602084 RPD:1
[CH: 50] LEN: 12 | HEX: F2 76 ED E6 6B FA 91 F5 CA 99 B5 6C | T:602114 RPD:1
[CH: 50] LEN: 12 | HEX: FA 76 FC E5 68 FA 91 EB 3F 97 3B FB | T:602144 RPD:1
[CH: 50] LEN: 12 | HEX: F2 76 FE E4 69 EA 91 EF E3 72 B7 BF | T:602174 RPD:1
[CH: 50] LEN: 12 | HEX: FA 76 FE E3 6E EA 91 FF B5 8B BF FB | T:602204 RPD:1
[CH: 50] LEN: 12 | HEX: FA 76 FE E2 6F F6 91 DE 89 6E BB F5 | T:602233 RPD:1
[CH: 50] LEN: 12 | HEX: FA 76 F4 E1 6C FA 91 FF 7C 60 BF DD | T:602263 RPD:1
[CH: 50] LEN: 12 | HEX: FA 76 FA E0 6D FA 91 ED 20 85 B7 7F | T:602293 RPD:1
[CH: 50] LEN: 12 | HEX: FA 76 FE DF 52 FA 91 F7 31 95 BF F7 | T:602323 RPD:1
[CH: 50] LEN: 12 | HEX: F2 76 F4 F6 73 FA 91 F7 52 8A BE DE | T:602353 RPD:1
[CH: 50] LEN: 12 | HEX: FA 76 FA FD 70 FA 91 EA A7 84 AF B6 | T:602357 RPD:1
[CH: 50] LEN: 12 | HEX: F2 76 FE F8 71 FA 91 FE FB 61 AB FD | T:602360 RPD:1
[CH: 50] LEN: 12 | HEX: FA 76 FE FB 76 FA 91 EB 4D 98 BF 7F | T:602372 RPD:1
[CH: 50] LEN: 12 | HEX: F2 76 FE F2 77 FA 91 FF 91 7D BF AF | T:602372 RPD:0
[CH: 50] LEN: 12 | HEX: FA 76 FE F9 74 F2 91 EF E4 7B B7 F7 | T:602383 RPD:1
[CH: 50] LEN: 12 | HEX: FA 76 F6 F8 75 FA 91 FE BC 96 BE FD | T:602383 RPD:0
[CH: 50] LEN: 12 | HEX: FA 76 F6 F7 7A F2 91 FF 09 81 AD B5 | T:602395 RPD:0
[CH: 50] LEN: 12 | HEX: F2 76 FE E6 7B FA 91 EF 55 64 BE BF | T:602408 RPD:1
[CH: 50] LEN: 12 | HEX: F2 76 FC F5 78 F2 91 F5 20 6A BB E7 | T:602438 RPD:1
[CH: 50] LEN: 12 | HEX: FA 76 FA E4 79 F2 91 D7 7C 8F 7F FE | T:602468 RPD:1
[CH: 50] LEN: 12 | HEX: FA 76 FE F3 7C FA 91 FE AA 76 BF FF | T:602498 RPD:1
[CH: 50] LEN: 12 | HEX: FA 76 FE E2 7A FA 91 F5 16 93 BA DF | T:602528 RPD:1
[CH: 50] LEN: 12 | HEX: FA 76 FE F1 74 EA 91 ED 63 9D BF 7E | T:602558 RPD:1
[CH: 50] LEN: 12 | HEX: F2 76 EE F0 79 FA 91 EF 7A F0 BF BF | T:602588 RPD:1
[CH: 50] LEN: 12 | HEX: EA 76 F5 EF 62 F2 91 ED 91 92 BE F7 | T:602618 RPD:1
[CH: 50] LEN: 12 | HEX: FA 76 EA EE 63 FA 91 EA CD 77 B5 6E | T:602648 RPD:1
[CH: 50] LEN: 12 | HEX: F2 76 FE ED 60 FA 91 FF B8 79 BD EF | T:602678 RPD:1
[CH: 50] LEN: 12 | HEX: FA 76 FE EC 61 FA 91 D5 64 9C BD AD | T:602708 RPD:1
[CH: 50] LEN: 12 | HEX: F2 76 FE EA 67 FA 91 FF 4E 80 BF BF | T:602768 RPD:1
[CH: 50] LEN: 12 | HEX: F2 76 FE E9 64 EA 91 D7 FB 8E BF EF | T:602798 RPD:1
[CH: 50] LEN: 12 | HEX: F2 76 FE E8 65 F2 91 F5 27 6B B7 FE | T:602828 RPD:1
[CH: 50] LEN: 12 | HEX: FA 76 F6 E7 6A F2 91 F5 96 7E BE BF | T:602858 RPD:1
[CH: 50] LEN: 12 | HEX: FA 76 FE E6 6B FA 91 FE CA 99 BF FB | T:602888 RPD:1
[CH: 50] LEN: 12 | HEX: F2 76 FE E5 68 FE 91 EE BF 57 BF BF | T:602918 RPD:1
[CH: 50] LEN: 12 | HEX: FA 7E FA E4 69 EA 91 FF E3 72 BD F6 | T:602948 RPD:1
[CH: 50] LEN: 12 | HEX: F2 76 FA E3 6E FA 91 FD D5 8B BB EE | T:602978 RPD:1
[CH: 50] LEN: 12 | HEX: F6 76 FE E2 6F FA 91 EF 89 6E AB FB | T:603008 RPD:1
[CH: 50] LEN: 12 | HEX: FA 76 FE E1 6C EE 91 EE 7C 60 BE EE | T:603038 RPD:1
[CH: 50] LEN: 12 | HEX: FA 76 FE E0 6D D2 91 F6 E0 85 B6 AD | T:603068 RPD:1
[CH: 50] LEN: 12 | HEX: FA 76 EA F6 73 FA 91 D7 D2 8A BF F6 | T:603128 RPD:1
[CH: 50] LEN: 12 | HEX: FA 76 F6 EB 70 F2 91 EE A7 84 BA AF | T:603132 RPD:1
[CH: 50] LEN: 12 | HEX: F2 76 FE FA 71 FA 91 FB 7B 61 BF FF | T:603136 RPD:1
[CH: 50] LEN: 12 | HEX: FA 76 FA FB 76 FA 91 F7 4D 98 BF DF | T:603147 RPD:1
[CH: 50] LEN: 12 | HEX: FA 76 F6 F2 77 DA 91 FF 51 7D BD BD | T:603147 RPD:0
[CH: 50] LEN: 12 | HEX: FA 76 FE F9 74 FA 91 EF 64 73 BF AF | T:603159 RPD:1
[CH: 50] LEN: 12 | HEX: F2 76 EA F0 75 F2 91 D5 38 96 B7 FF | T:603159 RPD:0
[CH: 50] LEN: 12 | HEX: FA 7E FA F7 7A F2 91 F7 49 81 BF F2 | T:603170 RPD:0
[CH: 50] LEN: 12 | HEX: FA 76 FE F5 70 F2 91 FA A0 6A BF 7F | T:603187 RPD:1
[CH: 50] LEN: 12 | HEX: FA 76 FE F4 79 F2 91 FF BC 8F BF F7 | T:603217 RPD:1
[CH: 50] LEN: 12 | HEX: FA 76 FC F3 7E FA 91 FF CA 7E BB DF | T:603247 RPD:1
[CH: 50] LEN: 12 | HEX: FA 76 FE F2 7F AA 91 FE 96 93 BE FD | T:603277 RPD:1
[CH: 50] LEN: 12 | HEX: FA 76 EE F1 7C FA 91 EF 63 9D FF FB | T:603307 RPD:1
