# TM102 live session port=/dev/cu.usbserial-0001 started=20260826-153939
0] LEN: 12 | HEX: EA 76 F6 E0 6D E8 93 FD 28 87 BF BD | T:8379832 RPD:1
[CH: 50] LEN: 12 | HEX: FA 76 FE DE D2 F0 93 BD 39 97 BF DF | T:8379862 RPD:1
[CH: 50] LEN: 12 | HEX: F2 76 FE F6 73 F8 93 FA DA 88 BF FF | T:8379892 RPD:1
[CH: 50] LEN: 12 | HEX: FA 76 F6 FD 70 F8 93 EE AF 06 BF FD | T:8379896 RPD:1
[CH: 50] LEN: 12 | HEX: EA 76 F4 E8 71 F8 93 FA 73 63 B5 FF | T:8379900 RPD:1
[CH: 50] LEN: 12 | HEX: F2 76 F6 F3 76 F0 93 EF 45 9A BB 7D | T:8379911 RPD:1
[CH: 50] LEN: 12 | HEX: FA 76 FE F2 77 F4 93 FA 99 7B BD FF | T:8379911 RPD:1
[CH: 50] LEN: 12 | HEX: F2 76 F4 F9 74 F8 93 ED EC 71 BD FB | T:8379922 RPD:1
[CH: 50] LEN: 12 | HEX: FA 76 FE F8 75 F4 93 DA 30 94 BF D7 | T:8379923 RPD:0
[CH: 50] LEN: 12 | HEX: F2 76 FB F7 7A F4 93 FE 81 83 AE BA | T:8379934 RPD:1
[CH: 50] LEN: 12 | HEX: FA 76 F6 F6 7B F8 93 BD 5D 66 BF F8 | T:8379945 RPD:1
[CH: 50] LEN: 12 | HEX: EA 76 F6 F5 78 F4 93 FA 28 68 AF FF | T:8379954 RPD:1
[CH: 50] LEN: 12 | HEX: FA 77 FB F4 71 DC 93 FA F4 8D BF FF | T:8379984 RPD:1
[CH: 50] LEN: 12 | HEX: FA 76 F6 F3 7A F4 93 FE C2 7C AF EE | T:8380014 RPD:1
[CH: 50] LEN: 12 | HEX: FA 76 FD F2 7D F8 93 FB 1E 91 BF FA | T:8380044 RPD:1
[CH: 50] LEN: 12 | HEX: EA 76 F6 F1 7A F0 93 BA 6B 9F BF 7F | T:8380074 RPD:1
[CH: 50] LEN: 12 | HEX: FA 76 FD F0 7D F4 93 DD B7 7A BF FF | T:8380104 RPD:1
[CH: 50] LEN: 12 | HEX: F6 76 FE EF 62 F8 93 FA 19 90 BE DF | T:8380134 RPD:1
[CH: 50] LEN: 12 | HEX: EE 76 F4 EE 63 D8 93 FB C5 75 BF 77 | T:8380164 RPD:1
[CH: 50] LEN: 12 | HEX: F2 76 F6 ED 60 F8 93 FA B0 7B BF EF | T:8380194 RPD:1
[CH: 50] LEN: 12 | HEX: FA 76 F6 EC 61 F8 93 DE EC 9E AB F5 | T:8380224 RPD:1
[CH: 50] LEN: 12 | HEX: FA 76 FE EB 66 F8 93 FA 5A 67 AF FF | T:8380253 RPD:1
[CH: 50] LEN: 12 | HEX: EA 76 FE EA 67 F4 93 FD 86 82 BF FB | T:8380283 RPD:1
[CH: 50] LEN: 12 | HEX: F2 76 FE E9 64 F0 93 ED F3 8C BF FF | T:8380313 RPD:1
[CH: 50] LEN: 12 | HEX: F2 76 FE E8 65 F8 93 FE AF 69 BF BF | T:8380343 RPD:1
[CH: 50] LEN: 12 | HEX: EE 76 FE E7 6A E8 93 AA 1C 75 AB 5B | T:8380373 RPD:1
[CH: 50] LEN: 12 | HEX: F6 76 F6 E6 6B D0 93 DA 42 9B BB FF | T:8380403 RPD:1
[CH: 50] LEN: 12 | HEX: EA 76 FE E4 69 F0 93 FD EB 70 BF BB | T:8380463 RPD:1
[CH: 50] LEN: 12 | HEX: FA 76 FA E3 6E F8 93 FD DD 89 BF BF | T:8380493 RPD:1
[CH: 50] LEN: 12 | HEX: FA 76 FE E2 6F F8 93 DE 81 6C BF FD | T:8380523 RPD:1
[CH: 50] LEN: 12 | HEX: F2 76 F6 E1 6C F8 93 DE 74 62 AF FF | T:8380553 RPD:1
[CH: 50] LEN: 12 | HEX: FA 76 FA E0 6D F8 93 FE A8 87 BF EE | T:8380583 RPD:1
[CH: 50] LEN: 12 | HEX: EE 76 FE DE D2 F0 93 DF 39 97 BE FF | T:8380613 RPD:1
[CH: 50] LEN: 12 | HEX: F2 76 F5 F6 73 F8 93 AD 5A 88 BE FB | T:8380643 RPD:1
[CH: 50] LEN: 12 | HEX: FA 76 F6 F9 70 F0 93 BB AE C6 BF FF | T:8380647 RPD:1
[CH: 50] LEN: 12 | HEX: FA 76 FA FC 71 F8 93 DD F3 63 BB DF | T:8380651 RPD:1
[CH: 50] LEN: 12 | HEX: F2 76 FA FB 76 EC 93 DF 45 9A BF 7D | T:8380662 RPD:1
[CH: 50] LEN: 12 | HEX: FA 76 FE FA 77 FC 93 EA 99 7F AF FD | T:8380662 RPD:1
[CH: 50] LEN: 12 | HEX: F2 76 F6 F1 74 F8 93 DF EC 71 BB FE | T:8380674 RPD:1
[CH: 50] LEN: 12 | HEX: F2 76 FE F8 75 F8 93 FD 30 94 BF FF | T:8380674 RPD:0
[CH: 50] LEN: 12 | HEX: FA 76 F6 F7 7A F8 93 FF 41 83 BF FF | T:8380685 RPD:0
[CH: 50] LEN: 12 | HEX: FA 76 FE F5 78 F8 93 FE A8 68 BD BB | T:8380704 RPD:1
[CH: 50] LEN: 12 | HEX: FA 76 F6 E4 79 F8 93 FA F4 8D BD 77 | T:8380734 RPD:1
[CH: 50] LEN: 12 | HEX: FA 76 F6 F3 7E F8 93 FD C2 74 BB FF | T:8380764 RPD:1
[CH: 50] LEN: 12 | HEX: F6 76 EE F2 7F D8 93 FD 1C 91 B7 FF | T:8380794 RPD:1
[CH: 50] LEN: 12 | HEX: F2 76 EE E1 78 F8 93 FD 6B 9F 7F F5 | T:8380824 RPD:1
[CH: 50] LEN: 12 | HEX: FA 76 FE F0 7B E8 93 DD 37 7A AF FD | T:8380854 RPD:1
[CH: 50] LEN: 12 | HEX: FA 76 FE EF 62 F0 93 FE 19 90 BF FF | T:8380884 RPD:1
[CH: 50] LEN: 12 | HEX: F2 76 FE EE 63 F8 93 FA C5 75 B7 FB | T:8380914 RPD:1
[CH: 50] LEN: 12 | HEX: F2 76 F5 ED 60 F0 93 BD 30 7B BF FF | T:8380944 RPD:1
[CH: 50] LEN: 12 | HEX: F2 76 F6 EC 61 F0 93 FD 6C 9E BF FF | T:8380974 RPD:1
[CH: 50] LEN: 12 | HEX: FA 76 F4 EB 66 F0 93 FD 5A 67 BF FB | T:8381004 RPD:1
[CH: 50] LEN: 12 | HEX: F2 76 FE EA 67 F8 93 EF 86 82 BE DF | T:8381034 RPD:1
[CH: 50] LEN: 12 | HEX: F2 76 FC E9 64 F0 93 B5 F3 8C BF FA | T:8381064 RPD:1
[CH: 50] LEN: 12 | HEX: F2 76 FE E8 65 F8 93 DD 2F 69 BF B7 | T:8381094 RPD:1
[CH: 50] LEN: 12 | HEX: FA 76 FE E7 6A F0 93 DF 5E 7E AD FF | T:8381124 RPD:1
[CH: 50] LEN: 12 | HEX: F2 76 FE E6 6B F8 93 FE C2 9B BF FF | T:8381154 RPD:1
[CH: 50] LEN: 12 | HEX: FA 76 FE E5 68 F0 93 FD B7 95 AF 7F | T:8381184 RPD:1
[CH: 50] LEN: 12 | HEX: FA 76 FE E4 69 F4 93 DD 6B 70 AE FD | T:8381214 RPD:1
[CH: 50] LEN: 12 | HEX: FA 76 F6 E3 6E F0 93 DE DD 89 AF 57 | T:8381244 RPD:1
[CH: 50] LEN: 12 | HEX: EA 76 FD E2 6F 74 93 FE 81 6C BE F7 | T:8381274 RPD:1
[CH: 50] LEN: 12 | HEX: FA 76 FE E1 6C F8 93 EF 74 62 BF BA | T:8381304 RPD:1
[CH: 50] LEN: 12 | HEX: FA 76 FE E0 6D F0 93 FD A8 87 ED FF | T:8381334 RPD:1
[CH: 50] LEN: 12 | HEX: F2 76 FE DE 52 F8 93 FF B9 97 AF 5F | T:8381364 RPD:1
[CH: 50] LEN: 12 | HEX: F6 76 F6 FA 73 F8 93 DB DA 88 BF BF | T:8381394 RPD:1
[CH: 50] LEN: 12 | HEX: F6 76 FE FB 78 F8 93 D6 AF 86 BF 75 | T:8381397 RPD:1
[CH: 50] LEN: 12 | HEX: FA 76 FE FC 71 F8 93 FD 73 63 AF FD | T:8381401 RPD:1
[CH: 50] LEN: 12 | HEX: F2 76 F6 FB 76 F8 93 FA 45 9A BF FF | T:8381413 RPD:1
[CH: 50] LEN: 12 | HEX: F2 76 F4 FA 77 F8 93 FD 19 7F AF 5F | T:8381413 RPD:0
[CH: 50] LEN: 12 | HEX: FA 76 F6 F5 74 F8 93 FD EC 71 BF FF | T:8381424 RPD:1
[CH: 50] LEN: 12 | HEX: F2 76 FE F0 75 F8 93 FD 30 94 AF BE | T:8381424 RPD:0
[CH: 50] LEN: 12 | HEX: F2 76 FE E7 7A F0 93 DF 81 83 AF FF | T:8381436 RPD:0
[CH: 50] LEN: 12 | HEX: F2 76 FE F5 78 E8 93 5A 28 68 AB DE | T:8381453 RPD:1
[CH: 50] LEN: 12 | HEX: FA 76 FA F4 79 F8 93 FE B4 8D BF DB | T:8381483 RPD:1
[CH: 50] LEN: 12 | HEX: FA 76 FA E3 7E F8 93 FE 82 74 BB 7F | T:8381513 RPD:1
[CH: 50] LEN: 12 | HEX: F2 76 F6 F2 7B B8 93 FE 9E 91 BF F7 | T:8381543 RPD:1
[CH: 50] LEN: 12 | HEX: EA 76 F6 F1 78 F8 93 FD 6B 9F FF FF | T:8381573 RPD:1
[CH: 50] LEN: 12 | HEX: FA 76 FE F0 79 E8 93 FD 77 7A BF FF | T:8381603 RPD:1
[CH: 50] LEN: 12 | HEX: F2 76 FE EF 62 F8 93 FE 19 90 AA D6 | T:8381633 RPD:1
[CH: 50] LEN: 12 | HEX: F6 76 FE EE 63 D8 93 FD C5 75 AB BF | T:8381663 RPD:1
[CH: 50] LEN: 12 | HEX: FA 76 EE ED 60 F8 93 FD 30 7B BF FE | T:8381692 RPD:1
[CH: 50] LEN: 12 | HEX: EA 76 FE EC 61 F8 93 FE EC 9E BF DA | T:8381722 RPD:1
[CH: 50] LEN: 12 | HEX: FA 76 FE EB 66 F8 93 FE DA 67 BE FF | T:8381752 RPD:1
[CH: 50] LEN: 12 | HEX: F2 76 FE EA 67 F8 93 AF 86 82 AF 75 | T:8381782 RPD:1
[CH: 50] LEN: 12 | HEX: EA 76 F4 E9 64 F8 93 FD 73 8C BF 7D | T:8381812 RPD:1
[CH: 50] LEN: 12 | HEX: F6 76 FE E8 65 F8 93 FD 2F 69 AF FF | T:8381842 RPD:1
[CH: 50] LEN: 12 | HEX: F6 76 F6 E7 6A F4 93 BF 9C 7E AB 7F | T:8381872 RPD:1
[CH: 50] LEN: 12 | HEX: F2 76 FE E6 6B D0 93 DF 42 9B B7 FF | T:8381902 RPD:1
[CH: 50] LEN: 12 | HEX: F2 76 FD E5 68 F0 93 BD 37 55 B7 FF | T:8381932 RPD:1
locked RF_CH 50 (2450 MHz)
[CH: 50] LEN: 12 | HEX: FA 76 FE E4 69 E8 93 EF EB 70 BD DD | T:8381962 RPD:1
[CH: 50] LEN: 12 | HEX: EE 76 FA E3 6E F8 93 DD 5D 89 AB F6 | T:8381992 RPD:1
[CH: 50] LEN: 12 | HEX: F2 76 F5 E2 6F F8 93 FD 81 6C BF 55 | T:8382022 RPD:1
[CH: 50] LEN: 12 | HEX: F2 76 FE E1 6C F8 93 FE F4 62 B7 FF | T:8382052 RPD:1
[CH: 50] LEN: 12 | HEX: FA 76 FD E0 6D F8 93 FE E8 87 BF FD | T:8382082 RPD:1
[CH: 50] LEN: 12 | HEX: FA 76 EF DF 52 F0 93 AE 39 97 AF FF | T:8382112 RPD:1
[CH: 50] LEN: 12 | HEX: FA 76 FE FE 73 F8 93 FD 5A 88 BB 7B | T:8382142 RPD:1
[CH: 50] LEN: 12 | HEX: FA 76 FE FD 70 F8 93 FF 6F 06 BF BF | T:8382146 RPD:1
[CH: 50] LEN: 12 | HEX: F2 76 F6 F4 71 EC 93 FA F3 63 FF EE | T:8382150 RPD:1
[CH: 50] LEN: 12 | HEX: F2 76 F5 F3 76 F8 93 FD 45 9A AE BE | T:8382161 RPD:1
[CH: 50] LEN: 12 | HEX: FA 76 FE F9 74 F8 93 FF 4C 71 B7 EF | T:8382162 RPD:1
[CH: 50] LEN: 12 | HEX: F2 76 F6 F8 75 F0 93 FE B0 94 BF DD | T:8382173 RPD:1
[CH: 50] LEN: 12 | HEX: FA 76 FE F7 FA F8 93 D6 C1 83 BF EB | T:8382173 RPD:1
[CH: 50] LEN: 12 | HEX: FA 76 F6 F6 7B D8 93 BD 5D 66 BF F5 | T:8382185 RPD:1
[CH: 50] LEN: 12 | HEX: FA 76 F5 F5 78 F8 93 EF 28 68 AF FF | T:8382204 RPD:1
[CH: 50] LEN: 12 | HEX: FA 76 FE F4 79 F8 93 FF D4 8D BF FD | T:8382234 RPD:1
[CH: 50] LEN: 12 | HEX: FA 76 FE F3 7E F8 93 FF A2 74 AE DF | T:8382264 RPD:1
[CH: 50] LEN: 12 | HEX: FA 76 F4 F2 7F F8 93 F5 1E 91 BD FF | T:8382294 RPD:1
[CH: 50] LEN: 12 | HEX: FA 76 F6 F1 78 F8 93 DE EB 9F BF 6D | T:8382324 RPD:1

Addressed capture: 5-byte address 18 18 18 18 3A, CRC off.
Every line below matched all 40 address bits in hardware.
Byte 0 is payload p0. Press x to stop.

[CH: 50] LEN: 12 | HEX: FA 76 FE F0 79 F8 93 FE B7 7A BD FF | T:8382359 RPD:1
[CH: 50] LEN: 12 | HEX: F2 76 FD EF 62 F0 93 DE 99 90 BE BF | T:8382384 RPD:1
[CH: 50] LEN: 12 | HEX: FA 76 FE EE 63 F8 93 EB C5 75 BE FE | T:8382414 RPD:1
[CH: 50] LEN: 12 | HEX: FA 76 FE ED 60 F0 93 EF 70 73 BF AD | T:8382444 RPD:1
[CH: 50] LEN: 12 | HEX: FA 76 FE EC 61 F8 93 FF 6C 9E BE FF | T:8382474 RPD:1
[CH: 50] LEN: 12 | HEX: FA 76 FE EB 66 F0 93 D6 5A 67 AD D8 | T:8382504 RPD:1
[CH: 50] LEN: 12 | HEX: FA 76 FE EA 67 F8 93 FF 46 82 AE 5F | T:8382534 RPD:1
[CH: 50] LEN: 12 | HEX: FA 76 FE E9 64 F0 93 FF 53 8C BD D5 | T:8382564 RPD:1
[CH: 50] LEN: 12 | HEX: F2 76 F6 E8 65 F0 93 FF 2F 69 BE F2 | T:8382594 RPD:1
[CH: 50] LEN: 12 | HEX: FA 76 FE E7 6A F8 93 FE 9E 7C BF BA | T:8382624 RPD:1
[CH: 50] LEN: 12 | HEX: FA 76 FE E6 6B F8 93 FD 42 9B BE FF | T:8382654 RPD:1
[CH: 50] LEN: 12 | HEX: FA 76 FE E5 68 F8 93 DE 37 15 BF 7D | T:8382684 RPD:1
[CH: 50] LEN: 12 | HEX: F2 76 FE E4 69 E8 93 FA EB 70 AD FE | T:8382714 RPD:1
[CH: 50] LEN: 12 | HEX: F2 76 FE E3 6E F4 93 FA DD 89 BF FB | T:8382744 RPD:1
[CH: 50] LEN: 12 | HEX: F2 76 FA E2 6F B8 93 D7 01 6C BE F5 | T:8382774 RPD:1
[CH: 50] LEN: 12 | HEX: FA 76 FE E1 6C F8 93 EE 74 62 BF FF | T:8382804 RPD:1
[CH: 50] LEN: 12 | HEX: FA 76 FE E0 6D F8 93 FF A8 87 FF F7 | T:8382834 RPD:1
[CH: 50] LEN: 12 | HEX: FA 76 FE DF 52 F8 93 FE B9 97 FD BF | T:8382864 RPD:1
[CH: 50] LEN: 12 | HEX: F2 76 FC F4 73 A8 93 D6 DA 88 BB FD | T:8382893 RPD:1
[CH: 50] LEN: 12 | HEX: F2 76 FA FD 70 F0 93 DD 2F 86 AF 7F | T:8382897 RPD:1
[CH: 50] LEN: 12 | HEX: FA 76 FE FC 71 F8 93 FF 73 63 BF B7 | T:8382900 RPD:1
[CH: 50] LEN: 12 | HEX: FA 76 FE FB 76 F8 93 FE C5 9A BF BD | T:8382911 RPD:1
[CH: 50] LEN: 12 | HEX: FA 76 F6 FA 77 D8 93 DE 59 7F BF 7D | T:8382912 RPD:1
[CH: 50] LEN: 12 | HEX: FA 76 FA F5 74 F8 93 FF 4C 71 BF FE | T:8382923 RPD:1
[CH: 50] LEN: 12 | HEX: FA 76 FA F0 75 F8 93 DF 30 94 BF EA | T:8382923 RPD:0
[CH: 50] LEN: 12 | HEX: FA 76 FE F7 7A F8 93 EE C1 83 7F FF | T:8382935 RPD:0
[CH: 50] LEN: 12 | HEX: FA 76 FE ED 78 FC 93 F6 28 68 BF FF | T:8382952 RPD:0
[CH: 50] LEN: 12 | HEX: FA 76 FA F4 79 F8 93 FD AC 8D BF FF | T:8382982 RPD:0
[CH: 50] LEN: 12 | HEX: FA 76 F6 EB 76 F0 93 DF C2 6C BF DF | T:8383012 RPD:0
[CH: 50] LEN: 12 | HEX: FA 76 FE F1 7A F4 93 FF 6B 9F 7F FF | T:8383072 RPD:0
[CH: 50] LEN: 12 | HEX: EA 73 FB 00 81 F8 93 F7 D7 B1 BB 5F | T:8383300 RPD:1
[CH: 50] LEN: 12 | HEX: F9 77 7E EE FC 70 93 D7 DC D9 BF FF | T:8383331 RPD:1
[CH: 50] LEN: 12 | HEX: F5 77 76 ED DC 73 93 BF 6B 5B BF EF | T:8383334 RPD:1
[CH: 50] LEN: 12 | HEX: F9 7F FA F4 FA 72 93 FF EE 3A AB FF | T:8383337 RPD:1
[CH: 50] LEN: 12 | HEX: D1 77 EE EB FE 65 93 DD 14 7E BF EF | T:8383348 RPD:1
[CH: 50] LEN: 12 | HEX: E9 7F 7E F6 ED 74 93 FD 89 1D BF 3B | T:8383348 RPD:1
[CH: 50] LEN: 12 | HEX: E9 77 7E F8 FF 76 93 B7 A3 B8 BF F2 | T:8383360 RPD:0
[CH: 50] LEN: 12 | HEX: F9 77 6E EF EE 79 93 FF FA 34 AD FE | T:8383371 RPD:0
[CH: 50] LEN: 12 | HEX: E9 77 5A F6 EE 70 93 AF DC D9 BF FF | T:8383371 RPD:0
[CH: 50] LEN: 12 | HEX: E9 7F 76 FC FE 72 93 F7 EE 3A BF FB | T:8383382 RPD:0
[CH: 50] LEN: 12 | HEX: F9 77 5E EF FE 79 93 FF FA 34 BB 6F | T:8383383 RPD:0
[CH: 50] LEN: 12 | HEX: E9 77 7A FE FA 70 93 F7 DC D9 BB EF | T:8383394 RPD:0
[CH: 50] LEN: 12 | HEX: F5 77 BC EC FD 72 93 FB EE 3A BF FF | T:8383394 RPD:0
[CH: 50] LEN: 12 | HEX: F9 77 76 F7 BE 7D 93 DF 14 7E BA FA | T:8383406 RPD:0
[CH: 50] LEN: 12 | HEX: F1 77 B6 F8 FE 76 93 DF A3 B8 B7 EF | T:8383417 RPD:0
[CH: 50] LEN: 12 | HEX: F1 77 FE ED F6 70 93 BF DC D9 B6 FF | T:8383417 RPD:0
[CH: 50] LEN: 12 | HEX: F9 77 7E FC EC 72 93 B7 EE 3A BF DF | T:8383428 RPD:0
[CH: 50] LEN: 12 | HEX: F9 7F BE F9 FE 77 93 F7 3E 9D BB BF | T:8383429 RPD:0
[CH: 50] LEN: 12 | HEX: F9 77 B6 FF DE 79 93 DF FA 34 B7 7F | T:8383440 RPD:0
[CH: 50] LEN: 12 | HEX: F9 77 BE FA F6 72 93 BF B6 3A B7 FF | T:8383451 RPD:0
[CH: 50] LEN: 12 | HEX: FD 77 F6 FB FA 75 93 DF 14 7E AB B5 | T:8383452 RPD:0
[CH: 50] LEN: 12 | HEX: F9 77 F6 F9 DD 77 53 BF 3D 9D BE FE | T:8383463 RPD:1
[CH: 50] LEN: 12 | HEX: F9 77 FE FD EC 73 93 FD 6B 5B BF FF | T:8383463 RPD:0
[CH: 50] LEN: 12 | HEX: E9 77 BE FC FA 72 93 FF D6 3A BF B7 | T:8383474 RPD:1
[CH: 50] LEN: 12 | HEX: FD 77 BE F5 DE 77 53 FB 3A 9D BB DF | T:8383475 RPD:0
[CH: 50] LEN: 12 | HEX: E9 77 F6 F0 DD 76 93 DB A3 BA AA DF | T:8383486 RPD:1
[CH: 50] LEN: 12 | HEX: FD 77 7E FD ED 73 93 FD 6B 5B AD DF | T:8383497 RPD:1
[CH: 50] LEN: 12 | HEX: F9 77 76 F8 FD 72 93 BB D6 3A BF FF | T:8383497 RPD:0
[CH: 50] LEN: 12 | HEX: E9 77 74 FA F6 74 93 BB 89 1D AF FD | T:8383509 RPD:1
[CH: 50] LEN: 12 | HEX: E9 77 76 FE FC 70 93 BB DC D9 BF BF | T:8383509 RPD:0
[CH: 50] LEN: 12 | HEX: F1 67 EE D5 FA 73 93 FB 6B 5B BF FF | T:8383520 RPD:1
[CH: 50] LEN: 12 | HEX: F1 77 7E EA FF 74 93 D7 89 1F BE F6 | T:8383532 RPD:1
[CH: 50] LEN: 12 | HEX: F9 77 EE E9 EC 77 93 BB 3A 9D BF 6F | T:8383532 RPD:0
[CH: 50] LEN: 12 | HEX: F9 77 BE FD EF 70 93 DF FC D9 BF FF | T:8383543 RPD:1
[CH: 50] LEN: 12 | HEX: E9 77 FE EA FD 74 93 FF 89 1B BB FF | T:8383543 RPD:1
[CH: 50] LEN: 12 | HEX: E9 77 74 F5 DE 77 93 FB 3E 9D B7 BE | T:8383555 RPD:1
[CH: 50] LEN: 12 | HEX: D9 77 EE EE EE 60 93 77 D8 D9 BF FF | T:8383566 RPD:1
[CH: 50] LEN: 12 | HEX: F9 77 B6 ED FC 73 93 FB 6B 5B AB 6F | T:8383566 RPD:0
[CH: 50] LEN: 12 | HEX: E9 77 BE FB FE 75 93 BF 14 76 BB F6 | T:8383578 RPD:1
[CH: 50] LEN: 12 | HEX: F9 7F F6 F7 76 71 93 FF DA 34 BF FF | T:8383578 RPD:0
[CH: 50] LEN: 12 | HEX: E9 67 FE FD EE 70 93 FB DE D9 BF BF | T:8383589 RPD:1
[CH: 50] LEN: 12 | HEX: F9 77 BE FB B6 75 93 FB 14 7E B7 FF | T:8383589 RPD:0
[CH: 50] LEN: 12 | HEX: F9 77 EE EA F7 74 93 BB 89 1D BF DF | T:8383601 RPD:1
[CH: 50] LEN: 12 | HEX: F1 77 F4 EF F6 79 93 B7 DA 34 B7 FF | T:8383612 RPD:1
[CH: 50] LEN: 12 | HEX: F5 77 7E FD ED 70 93 F7 DC D9 BA FA | T:8383612 RPD:1
[CH: 50] LEN: 12 | HEX: F9 77 FE EB FE 75 93 DF 14 7E AF FF | T:8383624 RPD:1
[CH: 50] LEN: 12 | HEX: E9 77 B6 F8 FF 7E 93 BF A3 DA BF FF | T:8383624 RPD:0
[CH: 50] LEN: 12 | HEX: E9 77 7E EF 76 75 93 F7 AA 34 BF FA | T:8383635 RPD:1
[CH: 50] LEN: 12 | HEX: E9 77 EE EC FF 72 93 BF D6 3A BA FE | T:8383646 RPD:1
[CH: 50] LEN: 12 | HEX: F9 77 F6 EA FF 74 93 7F 89 1F B7 FF | T:8383647 RPD:0
[CH: 50] LEN: 12 | HEX: F9 77 BE F4 EF 76 93 FB A3 F4 BF DF | T:8383658 RPD:1
[CH: 50] LEN: 12 | HEX: F9 77 F6 FC F6 72 93 BB E6 3A B7 FD | T:8383658 RPD:0
[CH: 50] LEN: 12 | HEX: E9 77 6E FB F6 75 93 F7 14 7E BF CB | T:8383670 RPD:1
[CH: 50] LEN: 12 | HEX: F1 77 6E F8 FF 76 93 F5 A3 D8 AB BF | T:8383670 RPD:0
[CH: 50] LEN: 12 | HEX: D1 77 FE FD FA 70 93 B7 DC D9 BF FF | T:8383681 RPD:1
[CH: 50] LEN: 12 | HEX: F9 77 B6 EC ED 72 93 FF EE 3A BF FF | T:8383692 RPD:1
[CH: 50] LEN: 12 | HEX: F9 77 F6 EB F6 75 93 BB 14 76 BE FF | T:8383693 RPD:0
[CH: 50] LEN: 12 | HEX: D9 77 76 EF FE 71 93 DF DA 34 AF BF | T:8383704 RPD:1
[CH: 50] LEN: 12 | HEX: F9 77 7A EC EE 6A 93 B7 EE 3E B7 DF | T:8383704 RPD:0
[CH: 50] LEN: 12 | HEX: F9 77 F6 F7 F4 75 93 FF 14 76 BF FF | T:8383716 RPD:1
[CH: 50] LEN: 12 | HEX: F5 77 7E E9 DE 7F 13 DB 3A 9D BF FF | T:8383727 RPD:1
[CH: 50] LEN: 12 | HEX: E9 77 F6 F0 FD 76 93 F7 A3 BC BB FF | T:8383727 RPD:0
[CH: 50] LEN: 12 | HEX: F5 77 DE FB DA 75 93 FD 14 7E BF FA | T:8383738 RPD:1
[CH: 50] LEN: 12 | HEX: E9 77 FE E7 EE 75 93 DF EA 34 BF 7B | T:8383739 RPD:0
[CH: 50] LEN: 12 | HEX: F9 77 EA F6 FD 78 93 DD DC D9 AD ED | T:8383750 RPD:1
[CH: 50] LEN: 12 | HEX: F5 77 F6 FD FC 7B 93 FB 6B 5B BF D7 | T:8383761 RPD:0
[CH: 50] LEN: 12 | HEX: E9 77 F6 F4 FE 72 93 FB FE 36 B7 FE | T:8383761 RPD:0
[CH: 50] LEN: 12 | HEX: F9 77 B6 FD FE 70 93 F7 DC D9 BB 7F | T:8383773 RPD:1
[CH: 50] LEN: 12 | HEX: F5 77 F6 ED DF 73 93 FB 6B 5B BF 7F | T:8383773 RPD:0
[CH: 50] LEN: 12 | HEX: F9 77 FA FB BE 75 93 DD 14 7E BF BB | T:8383784 RPD:0
[CH: 50] LEN: 12 | HEX: F1 77 FE F9 D7 77 53 DD 3E 9D BF DF | T:8383785 RPD:0
[CH: 50] LEN: 12 | HEX: E9 77 BE E8 ED 76 93 BF A3 F8 BF EE | T:8383796 RPD:0
[CH: 50] LEN: 12 | HEX: F5 77 FA FE FD 70 93 BF DC D9 BF ED | T:8383807 RPD:0
[CH: 50] LEN: 12 | HEX: F5 77 7E FD DE 73 D3 55 6B 5B BF 7E | T:8383807 RPD:0
[CH: 50] LEN: 12 | HEX: F9 77 FE FA FD 74 93 DF 89 1D BD EF | T:8383819 RPD:1
[CH: 50] LEN: 12 | HEX: F9 77 F6 FE EE 70 93 7F FC D9 BF FF | T:8383819 RPD:0
[CH: 50] LEN: 12 | HEX: F9 77 FE F5 DD 73 93 DF 6B 5B BF EE | T:8383830 RPD:1
[CH: 50] LEN: 12 | HEX: F5 77 EE F1 DC 77 D3 FB 3A 9D BB FD | T:8383842 RPD:1
[CH: 50] LEN: 12 | HEX: FD 77 76 E8 FE 76 93 AF A3 FC AF FF | T:8383842 RPD:1
[CH: 50] LEN: 12 | HEX: E9 77 B6 EF F6 75 93 DF FA 34 BF BF | T:8383853 RPD:1
[CH: 50] LEN: 12 | HEX: ED 77 F6 EB BE 75 93 FB 14 7E BF F7 | T:8383853 RPD:0
[CH: 50] LEN: 12 | HEX: F9 7F FE FA FF 74 93 FF 89 1F FB F7 | T:8383865 RPD:1
[CH: 50] LEN: 12 | HEX: F5 77 BE F7 FE 75 93 FD EA 34 B7 BF | T:8383865 RPD:0
[CH: 50] LEN: 12 | HEX: F9 77 FE FD EE 70 93 AF DC D9 BE DF | T:8383876 RPD:1
[CH: 50] LEN: 12 | HEX: E9 77 F6 FB BA 75 93 BF 14 74 BF 7F | T:8383888 RPD:1
[CH: 50] LEN: 12 | HEX: FD 77 BA FA FD 74 93 FF 89 1F 7D F7 | T:8383888 RPD:0
[CH: 50] LEN: 12 | HEX: E9 77 BC F7 F6 75 B3 B7 FA 34 BA FF | T:8383899 RPD:1
[CH: 50] LEN: 12 | HEX: F9 77 7A FC FF 72 93 FB EE 3A B7 FF | T:8383899 RPD:0
[CH: 50] LEN: 12 | HEX: F9 77 BE EB BA 75 93 FB 14 7E BF FE | T:8383911 RPD:1
[CH: 50] LEN: 12 | HEX: F9 77 F6 E8 F6 76 93 ED A3 DA BB F1 | T:8383922 RPD:1
[CH: 50] LEN: 12 | HEX: F5 77 F6 EF EE 75 93 DB EA 34 B7 FF | T:8383922 RPD:0
[CH: 50] LEN: 12 | HEX: FD 77 F6 EC FE 72 93 F5 F6 3A BF FF | T:8383934 RPD:1
[CH: 50] LEN: 12 | HEX: F5 77 7A F4 FE 76 93 BF A3 FA BF FD | T:8383934 RPD:0
[CH: 50] LEN: 12 | HEX: F9 77 6A EF 76 71 93 EB EA 34 BB 5D | T:8383945 RPD:1
[CH: 50] LEN: 12 | HEX: FD 77 FA FC FE 72 93 AB D6 32 BD DE | T:8383956 RPD:1
[CH: 50] LEN: 12 | HEX: F9 77 7E FB FA 75 93 FD 14 7C AF F6 | T:8383957 RPD:0
[CH: 50] LEN: 12 | HEX: FD 77 BC F8 FE 76 93 FB A3 D4 B7 EF | T:8383968 RPD:1
[CH: 50] LEN: 12 | HEX: F5 77 7E FD EE 73 93 FD 6B 5B AB DF | T:8383968 RPD:0
[CH: 50] LEN: 12 | HEX: F9 77 F6 F6 FC 72 93 FB F6 3A BF BF | T:8383979 RPD:1
[CH: 50] LEN: 12 | HEX: F1 77 EA F9 FD 77 93 FA 3A 9D AF FF | T:8383980 RPD:0
[CH: 50] LEN: 12 | HEX: F1 77 F6 E8 FC 76 93 AF A3 B8 BD FF | T:8383991 RPD:1
[CH: 50] LEN: 12 | HEX: ED 77 74 FD FE 73 93 FD 6B 5B BF FF | T:8384002 RPD:1
[CH: 50] LEN: 12 | HEX: F5 77 76 FC FE 72 93 DF FE 3A BF FF | T:8384003 RPD:0
[CH: 50] LEN: 12 | HEX: F5 77 7E F9 FD 77 13 F7 3D 9D BF FF | T:8384014 RPD:1
[CH: 50] LEN: 12 | HEX: E9 77 F6 F5 FD 73 93 DD 6B 5B BB ED | T:8384014 RPD:0
[CH: 50] LEN: 12 | HEX: F9 77 BC F4 FE 72 93 EF F6 3A BF FF | T:8384025 RPD:1
[CH: 50] LEN: 12 | HEX: F5 77 FC F9 FE 77 93 FA 3D 9D BB 75 | T:8384037 RPD:1
[CH: 50] LEN: 12 | HEX: F1 77 EE F4 FA 76 93 FD A3 FA BB FF | T:8384037 RPD:0
[CH: 50] LEN: 12 | HEX: F9 7F EA FF F6 70 93 FB DC D9 BD DF | T:8384048 RPD:1
[CH: 50] LEN: 12 | HEX: F9 77 DA FA F6 74 93 BB 89 1D 3E BB | T:8384049 RPD:0
[CH: 50] LEN: 12 | HEX: F9 77 7A F1 ED 77 93 DA 3E 9D AD FF | T:8384060 RPD:1
[CH: 50] LEN: 12 | HEX: F1 77 FC F6 FC 70 93 DE DC DB BF FD | T:8384060 RPD:0
[CH: 50] LEN: 12 | HEX: F1 77 F6 FD DD 73 93 B7 6B 5B B7 EF | T:8384071 RPD:1
[CH: 50] LEN: 12 | HEX: F5 77 F4 FE FE 74 93 FD 89 1E BF FF | T:8384083 RPD:0
[CH: 50] LEN: 12 | HEX: F5 77 F6 F9 FD 77 93 DB 3D 9D BF DF | T:8384083 RPD:0
[CH: 50] LEN: 12 | HEX: ED 77 F6 FE EE 70 93 7F DC D9 AF FF | T:8384094 RPD:1
[CH: 50] LEN: 12 | HEX: F9 77 BE FC FE 72 93 FB FF 3A BD FF | T:8384097 RPD:1
[CH: 50] LEN: 12 | HEX: F9 77 BE F7 B4 75 93 FB 14 7E BF BF | T:8384108 RPD:1
[CH: 50] LEN: 12 | HEX: E9 77 FA F6 FF 74 93 FF 89 1F BF D7 | T:8384109 RPD:1
[CH: 50] LEN: 12 | HEX: FD 77 FA F4 FE 76 93 DE A3 FA B7 F9 | T:8384120 RPD:1
[CH: 50] LEN: 12 | HEX: F5 77 BA EF F6 7D 93 DF EA 34 AF FF | T:8384131 RPD:1
[CH: 50] LEN: 12 | HEX: F5 77 F4 F6 FE 70 93 FB DC D9 BF EF | T:8384132 RPD:0
[CH: 50] LEN: 12 | HEX: F9 77 76 FC ED 72 93 BD F6 3A AE DE | T:8384143 RPD:1
[CH: 50] LEN: 12 | HEX: F5 77 F4 F4 F6 76 93 F5 A3 FA BF FF | T:8384143 RPD:0
[CH: 50] LEN: 12 | HEX: F5 77 F6 E7 F4 71 93 FB EA 34 AF ED | T:8384154 RPD:1
[CH: 50] LEN: 12 | HEX: F1 77 BE FC F6 72 93 FE F6 3A BF FF | T:8384155 RPD:0
[CH: 50] LEN: 12 | HEX: F9 77 B4 EB D6 75 93 ED 14 74 BF EF | T:8384166 RPD:1
[CH: 50] LEN: 12 | HEX: F5 77 FA F4 EF 76 93 FB A3 FA BF 7E | T:8384177 RPD:1
[CH: 50] LEN: 12 | HEX: F9 77 FA EE FC 70 93 77 DC D9 AF F4 | T:8384178 RPD:0
[CH: 50] LEN: 12 | HEX: ED 77 BE FC FE 72 93 FD F6 3A BB FF | T:8384189 RPD:1
[CH: 50] LEN: 12 | HEX: ED 77 BC E9 DD 77 D3 FA 3E 9D BF FF | T:8384189 RPD:0
[CH: 50] LEN: 12 | HEX: F9 77 7E F0 EE 76 93 B7 A3 DA BF FB | T:8384200 RPD:1
[CH: 50] LEN: 12 | HEX: F9 77 F6 FD FD 73 93 FF 6B 5B BA BD | T:8384212 RPD:1
[CH: 50] LEN: 12 | HEX: F1 77 5E FC FE 72 93 DE F6 3A BF FF | T:8384212 RPD:0
[CH: 50] LEN: 12 | HEX: F1 77 EA F5 DF 77 D3 BF 3D 9D BF FF | T:8384223 RPD:1
[CH: 50] LEN: 12 | HEX: F5 77 FE FD FA 73 93 DD 6B 5B BE FF | T:8384224 RPD:0
[CH: 50] LEN: 12 | HEX: E9 77 B6 F4 F6 72 93 FB FE 3A A7 BF | T:8384235 RPD:1
[CH: 50] LEN: 12 | HEX: F9 77 FC F9 EC 77 93 FB 3A 9D BE FF | T:8384235 RPD:1
[CH: 50] LEN: 12 | HEX: E9 77 74 E8 EE 76 93 DD A3 BC BF FD | T:8384246 RPD:1
[CH: 50] LEN: 12 | HEX: F9 77 F4 FD F6 73 93 EE 6B 5B BF FF | T:8384258 RPD:1
[CH: 50] LEN: 12 | HEX: F5 77 5E E8 EE 72 93 FD 76 3A AF FB | T:8384258 RPD:0
[CH: 50] LEN: 12 | HEX: F9 77 FA FA FA 74 93 FD 09 1F BF FD | T:8384269 RPD:1
[CH: 50] LEN: 12 | HEX: F9 77 BA F5 FB 70 93 BD 5C D9 BF FE | T:8384269 RPD:0
[CH: 50] LEN: 12 | HEX: F1 77 7A FD EE 73 93 FD 6B 5B BF 5F | T:8384281 RPD:1
[CH: 50] LEN: 12 | HEX: F9 77 FE F2 FE 74 93 F7 89 1F 7F FD | T:8384292 RPD:0
[CH: 50] LEN: 12 | HEX: F9 77 FA F9 FE 77 93 D6 3E 9D AF BF | T:8384292 RPD:0
[CH: 50] LEN: 12 | HEX: F9 77 FA EE F6 70 93 FD 5C D9 BB D7 | T:8384304 RPD:1
[CH: 50] LEN: 12 | HEX: F9 77 FA FB FE 73 93 FF EB 5B AF FE | T:8384304 RPD:1
[CH: 50] LEN: 12 | HEX: F1 77 BC E8 EC 72 93 D5 76 3A BF FD | T:8384315 RPD:1
[CH: 50] LEN: 12 | HEX: E9 77 BA EB BD 75 93 BD 14 74 AD FB | T:8384326 RPD:1
[CH: 50] LEN: 12 | HEX: F9 77 B4 F6 FE 74 93 F6 89 1F 7F BF | T:8384327 RPD:0
[CH: 50] LEN: 12 | HEX: E9 77 76 EC EE 76 93 DA A3 FA AF FF | T:8384338 RPD:1
[CH: 50] LEN: 12 | HEX: F1 77 56 F5 FE 73 93 FA EB 5B BD FD | T:8384338 RPD:0
[CH: 50] LEN: 12 | HEX: F9 77 5A FC FE 72 93 DD F6 3A BE FF | T:8384350 RPD:1
[CH: 50] LEN: 12 | HEX: F9 77 DD F9 FE 77 93 AD 3E 9D BF FD | T:8384350 RPD:0
[CH: 50] LEN: 12 | HEX: F1 77 5E F0 FE 76 93 FD A3 DC BF FD | T:8384361 RPD:1
[CH: 50] LEN: 12 | HEX: F1 77 F4 FD FC 73 93 DA EB 5B BF F7 | T:8384372 RPD:1
[CH: 50] LEN: 12 | HEX: F5 77 5E E8 EA 72 93 DF F6 3A AB 6D | T:8384373 RPD:0
[CH: 50] LEN: 12 | HEX: F1 77 BA F9 F6 77 93 EA 3E 9D BB FF | T:8384384 RPD:1
[CH: 50] LEN: 12 | HEX: F5 77 F8 F5 FE 73 93 FE EB 5B BF FF | T:8384384 RPD:1
[CH: 50] LEN: 12 | HEX: F9 77 FD FC FE 72 93 FD F6 3A BB F7 | T:8384396 RPD:1
[CH: 50] LEN: 12 | HEX: F9 77 FB FB FD 75 93 FE 94 7E BF DF | T:8384407 RPD:1
[CH: 50] LEN: 12 | HEX: F1 7F F5 FA FE 74 93 FD 49 1F 3F DF | T:8384407 RPD:0
[CH: 50] LEN: 12 | HEX: F1 77 DE F5 FD 77 93 BD 3C 9D AE B7 | T:8384418 RPD:1
[CH: 50] LEN: 12 | HEX: E9 77 74 F7 BA 79 93 DF EA 34 AF FF | T:8384419 RPD:0
[CH: 50] LEN: 12 | HEX: F1 77 7D FB F4 70 93 FD 5C D9 BD EF | T:8384430 RPD:0
[CH: 50] LEN: 12 | HEX: F1 77 FA F8 FE 72 93 DD F6 3A BF FF | T:8384436 RPD:1
[CH: 50] LEN: 12 | HEX: F5 77 7E FB FF 75 93 FE 94 7A BF 7E | T:8384447 RPD:1
[CH: 50] LEN: 12 | HEX: F1 77 6A FA FA 74 93 FD 89 1F 2F 6F | T:8384447 RPD:1
[CH: 50] LEN: 12 | HEX: F9 77 FD F1 FE 77 93 FD 3E 9D BF FF | T:8384462 RPD:1
[CH: 50] LEN: 12 | HEX: F9 77 FC F8 FA 76 93 FD 23 FE AF EF | T:8384465 RPD:1
[CH: 50] LEN: 12 | HEX: F5 77 FD F7 DA 79 93 FD 6A 34 AF BB | T:8384468 RPD:1
[CH: 50] LEN: 12 | HEX: F1 77 54 F6 FE 70 93 FB 5C D9 BE FE | T:8384479 RPD:1
[CH: 50] LEN: 12 | HEX: F9 7F FA FD FE 73 93 AE 6B 5B BE FF | T:8384480 RPD:0
[CH: 50] LEN: 12 | HEX: F1 77 F4 F4 EE 72 93 AF F6 3A BF FF | T:8384491 RPD:1
[CH: 50] LEN: 12 | HEX: F9 77 FA FB FD 75 93 FE 14 7A BF FF | T:8384502 RPD:1
[CH: 50] LEN: 12 | HEX: FD 77 5E F6 FE 74 93 FD 89 1E AE FF | T:8384502 RPD:0
[CH: 50] LEN: 12 | HEX: F9 77 FA F7 EF 79 93 FD 6A 34 BF BF | T:8384514 RPD:1
[CH: 50] LEN: 12 | HEX: F9 77 FA FB DF 75 93 BE 14 7E AB EB | T:8384514 RPD:0
[CH: 50] LEN: 12 | HEX: F9 77 FA FA FE 74 93 FE 89 1D AF 7A | T:8384525 RPD:1
[CH: 50] LEN: 12 | HEX: E9 77 DE F7 FA 79 93 FB EA 34 BF DF | T:8384526 RPD:0
[CH: 50] LEN: 12 | HEX: F9 77 FA FE EC 70 93 AF DC D9 AF AE | T:8384537 RPD:1
[CH: 50] LEN: 12 | HEX: F9 77 FA FB FA 75 93 FA 14 7E BF FF | T:8384548 RPD:1
[CH: 50] LEN: 12 | HEX: F1 77 F6 FA FE 74 93 BB 89 1F BF 7A | T:8384548 RPD:0
[CH: 50] LEN: 12 | HEX: F9 77 F4 F7 BA 79 93 EA EA 34 AD FD | T:8384560 RPD:1
[CH: 50] LEN: 12 | HEX: F1 77 5A FC EE 72 93 FF F6 3A BD DA | T:8384560 RPD:0
[CH: 50] LEN: 12 | HEX: F1 77 FA FB FD 75 93 FA 14 7E BF FE | T:8384571 RPD:1
[CH: 50] LEN: 12 | HEX: F9 77 BE F4 FE 76 93 FA A3 EC AB FD | T:8384583 RPD:1
[CH: 50] LEN: 12 | HEX: E9 77 7A F7 7E 71 93 FB EA 34 B7 EF | T:8384583 RPD:0
[CH: 50] LEN: 12 | HEX: F5 77 7E FC FE 72 93 AA F6 3A BF 77 | T:8384594 RPD:1
[CH: 50] LEN: 12 | HEX: F9 77 7E F4 FE 76 93 BD A3 DC BD FD | T:8384594 RPD:0
[CH: 50] LEN: 12 | HEX: E9 77 7A FC FD 78 93 F5 DC D9 BA FF | T:8384606 RPD:1
[CH: 50] LEN: 12 | HEX: F9 77 74 FC F6 72 93 FD FE 3A BF BF | T:8384606 RPD:0
[CH: 50] LEN: 12 | HEX: F5 77 F6 FB FC 75 93 DD 14 7E BF F7 | T:8384617 RPD:1
[CH: 50] LEN: 12 | HEX: F5 77 76 F8 FD 76 93 FD A3 BA BD EF | T:8384628 RPD:1
[CH: 50] LEN: 12 | HEX: F5 77 FA E7 7E 71 93 DB EA 34 AE FB | T:8384629 RPD:0
[CH: 50] LEN: 12 | HEX: F5 77 BA F5 DE 73 93 DB 6B 5B BF DD | T:8384640 RPD:1
[CH: 50] LEN: 12 | HEX: F5 77 F6 F9 DD 77 13 FB 3A 9D BB FF | T:8384640 RPD:1
[CH: 50] LEN: 12 | HEX: E9 77 6E F0 EE 76 93 FF A3 F4 AB FF | T:8384652 RPD:1
[CH: 50] LEN: 12 | HEX: F9 77 BA F7 F4 79 93 FB EA 34 AE FF | T:8384663 RPD:1
[CH: 50] LEN: 12 | HEX: F5 77 F6 FF ED 70 93 DB DC D9 BF B5 | T:8384663 RPD:0
[CH: 50] LEN: 12 | HEX: F9 77 F6 ED ED 73 93 FB 6B 5B BF F7 | T:8384674 RPD:1
[CH: 50] LEN: 12 | HEX: F9 77 FA FB FA 75 93 DD 14 7E AF DF | T:8384675 RPD:0
[CH: 50] LEN: 12 | HEX: E9 77 EE EA FE 74 93 DA 89 1D BF FF | T:8384686 RPD:1
[CH: 50] LEN: 12 | HEX: F5 77 7E F7 F6 71 93 DB EA 34 BB D5 | T:8384697 RPD:1
[CH: 50] LEN: 12 | HEX: F9 77 76 F6 F6 70 93 DF DC D9 AD F7 | T:8384698 RPD:1
[CH: 50] LEN: 12 | HEX: F9 77 F4 F7 BA 75 93 BB 14 76 BF BF | T:8384709 RPD:1
[CH: 50] LEN: 12 | HEX: F9 77 B6 F8 F5 76 93 DB A3 EC BA DF | T:8384709 RPD:0
[CH: 50] LEN: 12 | HEX: F9 77 7A F7 F4 79 93 DA EA 34 BF FF | T:8384720 RPD:1
[CH: 50] LEN: 12 | HEX: F5 77 F6 FC F6 72 93 AA E6 3A AB 7F | T:8384721 RPD:0
[CH: 50] LEN: 12 | HEX: F5 77 FA FF DA 75 93 DD 14 7E BB FB | T:8384732 RPD:1
[CH: 50] LEN: 12 | HEX: F5 77 BE F8 F6 76 93 FB A3 FA BF 7B | T:8384743 RPD:1
[CH: 50] LEN: 12 | HEX: F9 77 EA F7 FA 79 93 FD EA 34 BD FD | T:8384744 RPD:0
[CH: 50] LEN: 12 | HEX: F5 77 BA F4 F4 72 93 DF F6 3A BF F7 | T:8384755 RPD:1
[CH: 50] LEN: 12 | HEX: F5 77 F4 F4 FE 76 93 AB A3 DC BD FF | T:8384755 RPD:0
[CH: 50] LEN: 12 | HEX: F5 77 FA F7 AE 71 93 FD EA 34 BB FF | T:8384766 RPD:1
[CH: 50] LEN: 12 | HEX: F9 77 7E F4 FE 72 93 FA F6 3A AF D7 | T:8384778 RPD:1
[CH: 50] LEN: 12 | HEX: F5 77 5E FB BA 75 93 DD 14 7D BB FF | T:8384778 RPD:0
[CH: 50] LEN: 12 | HEX: F5 77 F4 F8 FE 76 93 BA A3 FA BF FB | T:8384789 RPD:1
[CH: 50] LEN: 12 | HEX: F5 77 FA FD EE 73 93 FD 6B 5B BD DF | T:8384790 RPD:0
[CH: 50] LEN: 12 | HEX: E9 77 F4 FC EA 72 93 DD F6 3A B7 7F | T:8384801 RPD:1
[CH: 50] LEN: 12 | HEX: F5 77 AE F9 EE 77 93 FD 3E 9D BF DF | T:8384801 RPD:0
[CH: 50] LEN: 12 | HEX: F5 77 B4 FA F6 70 93 FD DC D9 B7 EF | T:8384812 RPD:1
[CH: 50] LEN: 12 | HEX: E9 77 AE E9 EE 73 93 F5 6B 5B BF 5F | T:8384824 RPD:1
[CH: 50] LEN: 12 | HEX: E9 77 F6 E8 DA 72 93 BD E6 3A BF FE | T:8384824 RPD:0
[CH: 50] LEN: 12 | HEX: E9 77 7E F1 ED 77 53 BF 3E 9D BE FF | T:8384835 RPD:1
[CH: 50] LEN: 12 | HEX: F1 77 BA F5 FD 73 93 FD 6B 5B AE DF | T:8384835 RPD:1
[CH: 50] LEN: 12 | HEX: F5 77 B4 FC F6 72 93 FD F6 3A AF D6 | T:8384847 RPD:1
[CH: 50] LEN: 12 | HEX: F9 77 7A FA FE 74 93 FD 89 1F B7 FF | T:8384858 RPD:1
[CH: 50] LEN: 12 | HEX: E9 77 7C F1 DB 77 13 BD 3D 9D BF FF | T:8384858 RPD:0
[CH: 50] LEN: 12 | HEX: F1 77 BE FA EE 70 93 BF DC D9 BB FB | T:8384870 RPD:1
[CH: 50] LEN: 12 | HEX: F1 77 74 EA FE 74 93 FD 09 1F BF EF | T:8384870 RPD:0
[CH: 50] LEN: 12 | HEX: ED 77 F4 F1 DC 77 13 D7 3B 9D BF DF | T:8384881 RPD:1
[CH: 50] LEN: 12 | HEX: F9 77 DA FD FE 70 93 D5 5C D9 AF FF | T:8384892 RPD:1
[CH: 50] LEN: 12 | HEX: ED 77 D6 F5 FE 73 93 FD 6B 5B BF D7 | T:8384893 RPD:0
[CH: 50] LEN: 12 | HEX: F1 77 D6 F2 FE 74 93 FA 89 1F BF FF | T:8384904 RPD:1
[CH: 50] LEN: 12 | HEX: F9 77 FE F4 FA 70 93 BA DC D9 BF 7D | T:8384904 RPD:0
[CH: 50] LEN: 12 | HEX: F5 77 DD FD FA 73 93 DD 6B 5B BF DF | T:8384916 RPD:1
[CH: 50] LEN: 12 | HEX: FD 77 BE FB FE F5 93 FD 14 7E BB 7D | T:8384916 RPD:0
[CH: 50] LEN: 12 | HEX: F1 77 EC FA FC 74 93 FE 89 1D 3B FF | T:8384927 RPD:1
[CH: 50] LEN: 12 | HEX: E9 77 BA F7 B4 79 93 AE EA 34 AF 6F | T:8384938 RPD:1
[CH: 50] LEN: 12 | HEX: ED 77 5E FE EA 70 93 BF DC D9 BF 7F | T:8384939 RPD:0
[CH: 50] LEN: 12 | HEX: F9 77 FB FB FD 75 93 F7 14 7A AF EF | T:8384950 RPD:1
[CH: 50] LEN: 12 | HEX: F1 77 5A F7 FB 79 93 FD EA 34 BF FF | T:8384950 RPD:0
[CH: 50] LEN: 12 | HEX: E9 77 AE EA F6 70 93 F5 DC D9 BB FB | T:8384962 RPD:1
[CH: 50] LEN: 12 | HEX: F5 77 FC FB FD 75 93 FD 14 7D BB FB | T:8384973 RPD:1
[CH: 50] LEN: 12 | HEX: F9 77 FA FA FE 74 93 D5 49 1F 3D FE | T:8384973 RPD:0
[CH: 50] LEN: 12 | HEX: E9 77 7E F7 BE 75 93 FE EA 34 BD FB | T:8384984 RPD:1
[CH: 50] LEN: 12 | HEX: F9 77 FD FC FE 72 93 FE B6 3A BF FE | T:8384985 RPD:0
[CH: 50] LEN: 12 | HEX: F9 77 FC F7 FF 75 93 FD 14 7D BF EB | T:8384996 RPD:1
[CH: 50] LEN: 12 | HEX: F1 77 7E F0 FE 7E 93 FD 23 EC B7 B7 | T:8384996 RPD:0
[CH: 50] LEN: 12 | HEX: F1 77 7A E7 BA 79 B3 DA EA 34 B5 FF | T:8385008 RPD:1
[CH: 50] LEN: 12 | HEX: F9 77 FD F4 FE 72 93 FB F6 3A BE FE | T:8385019 RPD:1
[CH: 50] LEN: 12 | HEX: F9 77 FB F3 DE F5 93 FD 14 7A BF FD | T:8385019 RPD:0
[CH: 50] LEN: 12 | HEX: F1 77 BE F8 F4 76 93 D7 A3 FA BD 5D | T:8385030 RPD:1
[CH: 50] LEN: 12 | HEX: F9 77 FB FA F6 72 93 FE B6 3A BF FB | T:8385031 RPD:0
[CH: 50] LEN: 12 | HEX: E9 77 FD F3 FC 75 93 FE 94 7E BF FF | T:8385042 RPD:1
[CH: 50] LEN: 12 | HEX: F9 77 DB F8 FE 76 93 FD A3 DC BB FF | T:8385053 RPD:1
[CH: 50] LEN: 12 | HEX: F9 77 7A F7 76 71 93 F5 EA 34 B5 F5 | T:8385054 RPD:0
[CH: 50] LEN: 12 | HEX: E9 77 BA F5 DC 73 93 FD EB 5B BF FF | T:8385065 RPD:1
[CH: 50] LEN: 12 | HEX: F9 77 DF F9 D4 77 93 FA 3E 9D BD F5 | T:8385065 RPD:0
[CH: 50] LEN: 12 | HEX: E9 77 F4 F8 FE 76 93 DD 23 FC BF EF | T:8385076 RPD:1
[CH: 50] LEN: 12 | HEX: F9 77 D6 F5 FF 73 93 FE EB 5B BD FF | T:8385088 RPD:1
[CH: 50] LEN: 12 | HEX: F9 77 74 F4 FE 72 93 EE B6 3A AB EF | T:8385088 RPD:0
[CH: 50] LEN: 12 | HEX: F9 77 FA F5 FF 77 93 FD 3E 9D BF 7B | T:8385099 RPD:1
[CH: 50] LEN: 12 | HEX: F9 77 FE FA FE 72 93 FE A6 3A AF FF | T:8385099 RPD:0
[CH: 50] LEN: 12 | HEX: F9 77 FD FB FD 75 93 AE 14 7E BF FD | T:8385111 RPD:1
[CH: 50] LEN: 12 | HEX: F9 77 FA F9 EE 77 93 FD 3C 9D AB B5 | T:8385111 RPD:0
[CH: 50] LEN: 12 | HEX: F9 77 FC F8 FC 76 93 FD A3 DC BF FB | T:8385122 RPD:1
[CH: 50] LEN: 12 | HEX: F9 77 BC FE FE 70 93 DF DC D9 BB FF | T:8385134 RPD:1
[CH: 50] LEN: 12 | HEX: D1 77 F4 F5 DD 73 93 EF 7B 5B BF 7F | T:8385134 RPD:0
[CH: 50] LEN: 12 | HEX: F9 77 DE FA FE 74 93 DD 09 1E BD EF | T:8385145 RPD:1
[CH: 50] LEN: 12 | HEX: F9 77 FB F6 F5 70 93 DA DC D9 BF DF | T:8385145 RPD:0
[CH: 50] LEN: 12 | HEX: E9 77 FC FD FE 73 93 DD 6B 5B BF FF | T:8385157 RPD:1
[CH: 50] LEN: 12 | HEX: F9 77 BA F2 F6 74 93 DF 89 1F 7F EF | T:8385168 RPD:1
[CH: 50] LEN: 12 | HEX: F9 77 BE F1 ED 77 93 FE BA 9D AF FF | T:8385168 RPD:0
[CH: 50] LEN: 12 | HEX: F9 77 74 FE FE 70 93 BA DC D9 AF DF | T:8385180 RPD:1
[CH: 50] LEN: 12 | HEX: F9 77 DA FA F6 74 93 FD 09 1F BB FB | T:8385180 RPD:0
[CH: 50] LEN: 12 | HEX: F5 77 FC F9 EE 77 93 FD 3E 9D BF E0 | T:8385191 RPD:1
[CH: 50] LEN: 12 | HEX: F9 77 FA F7 5A 79 93 FA EA 34 BF DF | T:8385191 RPD:0
[CH: 50] LEN: 12 | HEX: F9 77 F4 EC F5 70 93 F5 DC D9 BF FF | T:8385203 RPD:1
[CH: 50] LEN: 12 | HEX: E9 77 BA F7 FA 75 93 FD 14 7A BD E0 | T:8385214 RPD:1
[CH: 50] LEN: 12 | HEX: F1 77 FD F2 F6 74 93 DE 89 1E FD FB | T:8385214 RPD:0
[CH: 50] LEN: 12 | HEX: F9 77 BA F7 FD 71 93 FA EA 34 B5 F6 | T:8385226 RPD:1
[CH: 50] LEN: 12 | HEX: E9 77 5D FB FE 75 93 FE 94 7A BF F7 | T:8385226 RPD:0
[CH: 50] LEN: 12 | HEX: F9 77 F4 F6 F5 74 93 FD 09 1F 3F FF | T:8385237 RPD:1
[CH: 50] LEN: 12 | HEX: F9 77 F4 F7 FC 79 93 FE EA 34 B7 DB | T:8385248 RPD:1
[CH: 50] LEN: 12 | HEX: F9 77 FA F6 F6 70 93 FE 9C D9 AB FD | T:8385249 RPD:0
[CH: 50] LEN: 12 | HEX: F9 77 FA F3 DD 75 93 FD 14 7B BF FF | T:8385260 RPD:1
[CH: 50] LEN: 12 | HEX: E9 77 B4 F4 EC 76 93 DD A3 F4 BF F5 | T:8385260 RPD:0
[CH: 50] LEN: 12 | HEX: F9 77 F4 EF FD 79 93 FD 6A 34 B6 DF | T:8385272 RPD:1
[CH: 50] LEN: 12 | HEX: F9 77 DE F4 FE 72 93 EF 76 3A BF FF | T:8385283 RPD:1
[CH: 50] LEN: 12 | HEX: F9 77 BE F7 FD 75 93 DE 14 7D BF FB | T:8385283 RPD:0
[CH: 50] LEN: 12 | HEX: F1 77 BE F8 F6 76 93 DB A3 FA AF B7 | T:8385294 RPD:1
[CH: 50] LEN: 12 | HEX: F5 77 B4 F8 FE 72 93 DD 76 3A BF 7B | T:8385295 RPD:0
[CH: 50] LEN: 12 | HEX: F9 77 74 F7 AC 75 93 BF 14 7A BD FF | T:8385306 RPD:1
[CH: 50] LEN: 12 | HEX: E9 77 BC E7 BC 71 93 FD EA 34 BD DF | T:8385306 RPD:0
[CH: 50] LEN: 12 | HEX: F5 77 7A FE FE 70 93 FD DC D9 BF DF | T:8385318 RPD:1
[CH: 50] LEN: 12 | HEX: F9 77 FE FC FE 72 93 BB EE 3A BF B7 | T:8385329 RPD:1
[CH: 50] LEN: 12 | HEX: F1 77 74 FB FD 75 93 DA 14 7E AF FD | T:8385329 RPD:0
[CH: 50] LEN: 12 | HEX: F9 77 BE F9 FF 77 53 F5 3E 9D BE FB | T:8385340 RPD:1
[CH: 50] LEN: 12 | HEX: F5 77 6A FD DB 73 93 BF 6B 5B BF 7F | T:8385341 RPD:0
[CH: 50] LEN: 12 | HEX: F1 77 FC F4 FE 72 93 DF FE 3A BF FA | T:8385352 RPD:1
[CH: 50] LEN: 12 | HEX: F9 77 5E FD DF 77 93 DF 3E 9D AB 7B | T:8385363 RPD:1
[CH: 50] LEN: 12 | HEX: F1 77 7A F8 EE 76 93 DB A3 FA BF FF | T:8385363 RPD:0
[CH: 50] LEN: 12 | HEX: F5 77 B4 E9 FF 73 93 DD 6B 5B BF F7 | T:8385375 RPD:1
[CH: 50] LEN: 12 | HEX: F1 77 F4 F9 FE 77 93 DA 3D 9D BF DF | T:8385375 RPD:1
[CH: 50] LEN: 12 | HEX: F1 77 76 FC F6 76 93 DD A3 FA BD 7F | T:8385386 RPD:1
[CH: 50] LEN: 12 | HEX: F9 77 FD F4 FE 70 93 FD DC D9 BE DB | T:8385387 RPD:0
[CH: 50] LEN: 12 | HEX: F1 77 FC FD F5 73 93 DF 6B 5B BF EF | T:8385398 RPD:1
[CH: 50] LEN: 12 | HEX: E9 77 FB FA EE 74 93 FD 89 1E A5 D7 | T:8385409 RPD:0
[CH: 50] LEN: 12 | HEX: F9 77 DC F1 FD 77 93 FE BE 9D BB D7 | T:8385409 RPD:0
[CH: 50] LEN: 12 | HEX: F1 77 BE F0 FC 76 93 FF A3 BC BF FB | T:8385421 RPD:1
[CH: 50] LEN: 12 | HEX: F9 77 74 F7 FA 71 93 D7 EA 34 BE BE | T:8385421 RPD:0
[CH: 50] LEN: 12 | HEX: E9 77 BC FE EF 70 93 FF DC D9 BF DF | T:8385432 RPD:1
[CH: 50] LEN: 12 | HEX: F1 77 DA F4 FE 72 93 FD 76 3A AF DF | T:8385444 RPD:1
[CH: 50] LEN: 12 | HEX: F1 77 FD F3 FD 75 93 FE 94 76 AF BF | T:8385444 RPD:0
[CH: 50] LEN: 12 | HEX: F9 77 B4 F0 FE 76 93 DD 23 EC BF F2 | T:8385455 RPD:1
[CH: 50] LEN: 12 | HEX: F1 77 FA F4 FC 72 93 FE F6 3A AF EF | T:8385455 RPD:0
[CH: 50] LEN: 12 | HEX: F1 77 FD FF FD 75 93 FD 14 7C BF FE | T:8385467 RPD:1
[CH: 50] LEN: 12 | HEX: F5 77 FD F0 FE 76 93 FB A3 FC BF AF | T:8385478 RPD:1
[CH: 50] LEN: 12 | HEX: F5 77 F4 F7 F4 79 93 FD EA 34 BB 7F | T:8385478 RPD:0
[CH: 50] LEN: 12 | HEX: F1 77 7A FB FD 73 93 FD 6B 5B BF FF | T:8385490 RPD:1
[CH: 50] LEN: 12 | HEX: F5 77 F6 E9 FC 77 93 FB 3E 9D BF BD | T:8385490 RPD:0
[CH: 50] LEN: 12 | HEX: F1 77 DD F0 FE 76 93 BD A3 FA AA FB | T:8385501 RPD:1
[CH: 50] LEN: 12 | HEX: F9 77 BE E9 FE 73 93 AF 6B 5B AF BB | T:8385501 RPD:0
[CH: 50] LEN: 12 | HEX: F9 77 B4 FC EE 72 93 BA F6 3A BF 7B | T:8385513 RPD:1
[CH: 50] LEN: 12 | HEX: E9 77 FA F9 FE 77 93 FD 3E 9D BF FD | T:8385524 RPD:1
[CH: 50] LEN: 12 | HEX: F1 77 BA E8 F6 76 93 DF 23 B6 BD 7D | T:8385524 RPD:0
[CH: 50] LEN: 12 | HEX: F9 77 BA FC F6 72 93 DA F6 3A BD FB | T:8385536 RPD:1
[CH: 50] LEN: 12 | HEX: F9 77 76 F9 FE 77 13 FA 3D 9D BF FF | T:8385536 RPD:0
[CH: 50] LEN: 12 | HEX: F5 77 FE F0 FE 76 93 FD A3 DC BF FF | T:8385547 RPD:1
[CH: 50] LEN: 12 | HEX: F5 77 FE F5 FF 73 93 FD 6B 5B BF FD | T:8385558 RPD:1
[CH: 50] LEN: 12 | HEX: F5 77 FA FC EE 72 93 DE F6 3A BF FB | T:8385559 RPD:0
[CH: 50] LEN: 12 | HEX: F1 77 BA FA FA 74 93 DD 89 1F 6B DE | T:8385570 RPD:1
[CH: 50] LEN: 12 | HEX: F5 77 74 FE FE 70 93 DF DC D9 BF FF | T:8385570 RPD:0
[CH: 50] LEN: 12 | HEX: F5 77 FA FD FD 73 93 BD 6B 5B AF FF | T:8385581 RPD:1
[CH: 50] LEN: 12 | HEX: F9 77 B4 FA FE 74 93 DB 89 1E BF FA | T:8385582 RPD:0
[CH: 50] LEN: 12 | HEX: E9 77 FD F9 ED 77 93 DB 3A 9D AD FF | T:8385593 RPD:1
[CH: 50] LEN: 12 | HEX: F9 77 FA FC F6 70 93 EE 9C D9 BF DF | T:8385604 RPD:1
[CH: 50] LEN: 12 | HEX: F1 77 FA FD FE 73 93 DE EB 5B BF FF | T:8385605 RPD:0
[CH: 50] LEN: 12 | HEX: F9 77 FA F2 FE 74 93 BD 89 1D FD FF | T:8385616 RPD:1
[CH: 50] LEN: 12 | HEX: FD 77 FA F7 FA 79 93 FA EA 34 BF FF | T:8385616 RPD:0
[CH: 50] LEN: 12 | HEX: F9 77 FA FA F6 70 93 AD DC D9 BD FD | T:8385627 RPD:1
[CH: 50] LEN: 12 | HEX: F1 77 BA FB DD 75 93 FD 14 7D BF FF | T:8385639 RPD:1
[CH: 50] LEN: 12 | HEX: F9 77 BA FA F6 74 93 FA 89 1D BF FF | T:8385639 RPD:0
[CH: 50] LEN: 12 | HEX: F9 77 74 F7 DD 79 93 DD EA 34 BF FE | T:8385650 RPD:1
[CH: 50] LEN: 12 | HEX: E9 77 78 F3 FD 75 93 FE 94 7E BF BF | T:8385651 RPD:0
[CH: 50] LEN: 12 | HEX: E9 77 FA FA F6 74 93 FA 89 1E AF BF | T:8385662 RPD:1
[CH: 50] LEN: 12 | HEX: F9 77 FA F7 F4 71 93 ED 6A 34 B7 FF | T:8385673 RPD:1
[CH: 50] LEN: 12 | HEX: F9 77 B4 FE FF 70 93 FE DC D9 B7 FF | T:8385673 RPD:0
[CH: 50] LEN: 12 | HEX: F9 77 FA EB FA 75 93 ED 14 7E AB FE | T:8385685 RPD:1
[CH: 50] LEN: 12 | HEX: E9 77 F5 F0 FE 76 93 AD A3 FC BF FD | T:8385685 RPD:0
[CH: 50] LEN: 12 | HEX: F5 77 5A E7 F4 71 93 B5 EA 34 BD FF | T:8385696 RPD:1
[CH: 50] LEN: 12 | HEX: F9 77 FA FE FE 72 93 55 76 32 BF B7 | T:8385697 RPD:0
[CH: 50] LEN: 12 | HEX: F1 77 F4 FB BC 75 93 BA 14 7A AB FE | T:8385708 RPD:1
[CH: 50] LEN: 12 | HEX: F1 77 DA F0 FE 76 93 B5 A3 FC BB FE | T:8385719 RPD:1
[CH: 50] LEN: 12 | HEX: F1 77 74 E7 75 7D 93 BD EA 34 BF FE | T:8385719 RPD:0
[CH: 50] LEN: 12 | HEX: F9 77 74 F6 FE 72 93 DF F6 3A BF EB | T:8385731 RPD:1
[CH: 50] LEN: 12 | HEX: F1 77 FA E8 F5 76 93 ED A3 FC AF FB | T:8385731 RPD:0
[CH: 50] LEN: 12 | HEX: F1 77 FA F7 FA 79 93 DF EA 34 BF EF | T:8385742 RPD:1
[CH: 50] LEN: 12 | HEX: F9 77 DC FC F4 72 93 FD 76 3A AF FF | T:8385754 RPD:1
[CH: 50] LEN: 12 | HEX: F1 77 FD F3 AE 75 93 FA 94 7E BB F7 | T:8385754 RPD:0
[CH: 50] LEN: 12 | HEX: F1 77 FA F1 F4 77 93 FD 3C 9D AF DD | T:8385765 RPD:1
[CH: 50] LEN: 12 | HEX: F5 77 F4 FB FE 73 93 FE 6B 5B BF FD | T:8385765 RPD:0
[CH: 50] LEN: 12 | HEX: F1 77 DA FC FE 76 93 FD F6 3A BF 7D | T:8385777 RPD:1
[CH: 50] LEN: 12 | HEX: F9 77 FA F5 FE 77 93 FE BE 9D BF FF | T:8385777 RPD:0
[CH: 50] LEN: 12 | HEX: F1 77 DE F4 FE 76 93 FE A3 FC BF FF | T:8385788 RPD:1
[CH: 50] LEN: 12 | HEX: F9 77 FA F5 EC 73 93 FE EB 5B AF F7 | T:8385800 RPD:1
[CH: 50] LEN: 12 | HEX: F9 77 D5 FC FE 72 93 DA F6 3A BF 6D | T:8385800 RPD:0
[CH: 50] LEN: 12 | HEX: F9 77 DD F9 FE 77 93 FE 3E 9D BF FF | T:8385811 RPD:1
[CH: 50] LEN: 12 | HEX: F5 77 DC FD EE 73 93 D7 6B 5B AF FF | T:8385811 RPD:0
[CH: 50] LEN: 12 | HEX: F9 77 FE FC F6 72 93 FD F6 3A BF FE | T:8385823 RPD:1
[CH: 50] LEN: 12 | HEX: F9 77 FA F2 FE 74 93 FD 89 1D B7 F7 | T:8385834 RPD:1
[CH: 50] LEN: 12 | HEX: F9 77 EA F5 FE 77 93 FD 3C 9D AE EF | T:8385834 RPD:0
[CH: 50] LEN: 12 | HEX: F9 7F DD FE FA 70 93 DE 9C D9 AB FE | T:8385845 RPD:1
[CH: 50] LEN: 12 | HEX: F9 77 74 F2 FE 74 93 FA 89 1E AF FD | T:8385846 RPD:0
[CH: 50] LEN: 12 | HEX: F9 77 DE F1 FE 77 93 F6 BE 9D B7 FF | T:8385857 RPD:1
[CH: 50] LEN: 12 | HEX: F9 77 FA F6 FE 70 93 FD 5C D9 BF CC | T:8385868 RPD:1
[CH: 50] LEN: 12 | HEX: F9 77 DA FD FE 73 93 FD 6B 5B BF FF | T:8385869 RPD:1
[CH: 50] LEN: 12 | HEX: F9 77 BB F2 F6 74 93 FD 09 1E BF FE | T:8385880 RPD:1
[CH: 50] LEN: 12 | HEX: F1 77 DD F7 BE 79 93 DE EA 34 BB BF | T:8385880 RPD:0
[CH: 50] LEN: 12 | HEX: F5 77 FB FA FE 70 93 FD DC D9 AE FF | T:8385891 RPD:1
[CH: 50] LEN: 12 | HEX: F9 77 FC F3 DE 75 93 FD 14 7D BE FD | T:8385892 RPD:0
[CH: 50] LEN: 12 | HEX: E9 77 7A EA FC 74 93 BF 89 1D 3F EB | T:8385903 RPD:1
[CH: 50] LEN: 12 | HEX: F5 77 F4 F7 FA 71 93 FD EA 34 BF 7F | T:8385914 RPD:1
[CH: 50] LEN: 12 | HEX: F1 77 DD FE FE 70 93 FD 5C D9 AB F7 | T:8385915 RPD:0
[CH: 50] LEN: 12 | HEX: F5 77 FA FB FD 75 93 FD 14 7E BF 77 | T:8385926 RPD:1
[CH: 50] LEN: 12 | HEX: F5 77 FC F7 DD 79 93 FF AA 34 AF 7A | T:8385926 RPD:0
[CH: 50] LEN: 12 | HEX: F5 77 F5 FE F6 70 93 DB DC D9 BF FB | T:8385937 RPD:1
[CH: 50] LEN: 12 | HEX: F5 77 DE EF F9 75 93 ED 14 7A BF DF | T:8385949 RPD:1
[CH: 50] LEN: 12 | HEX: F9 77 7A EA F6 74 93 DF 89 1F AB DF | T:8385949 RPD:0
[CH: 50] LEN: 12 | HEX: FD 77 5C F7 FD 79 93 FE AA 34 BF FF | T:8385960 RPD:1
[CH: 50] LEN: 12 | HEX: F1 77 DA F4 F4 72 93 EF 76 3A BF D6 | T:8385961 RPD:0
[CH: 50] LEN: 12 | HEX: F5 77 B4 EB FD 75 93 FB 14 7E AF A5 | T:8385972 RPD:1
[CH: 50] LEN: 12 | HEX: ED 77 FA F4 FE 76 93 DD A3 DC BF FF | T:8385972 RPD:0
[CH: 50] LEN: 12 | HEX: F5 77 DD F7 DE 79 93 FE EA 34 AF FF | T:8385983 RPD:1
[CH: 50] LEN: 12 | HEX: F9 77 F4 FC FE 72 93 BE F6 3A BA FF | T:8385995 RPD:1
[CH: 50] LEN: 12 | HEX: F5 77 FE FB FA 75 93 FD 14 7E BB 7B | T:8385995 RPD:0
[CH: 50] LEN: 12 | HEX: F9 77 BE EC F6 76 93 FA A3 FC AA FF | T:8386006 RPD:1
[CH: 50] LEN: 12 | HEX: F1 77 BD FC F4 72 93 FD F6 3A AD FA | T:8386007 RPD:1
[CH: 50] LEN: 12 | HEX: F9 77 DE FB EE 75 93 F6 94 7A BF FF | T:8386018 RPD:1
[CH: 50] LEN: 12 | HEX: F1 77 BA E7 F4 79 93 DF 6A 34 AF F5 | T:8386029 RPD:1
[CH: 50] LEN: 12 | HEX: F5 77 BA FA FE 70 93 D6 9C D9 BF AF | T:8386029 RPD:0
[CH: 50] LEN: 12 | HEX: F1 77 F4 F4 F6 72 93 FA F6 3A BF FF | T:8386041 RPD:1
[CH: 50] LEN: 12 | HEX: F1 77 FA F5 FE 77 53 EE BC 9D B7 ED | T:8386041 RPD:0
[CH: 50] LEN: 12 | HEX: F1 77 F4 F0 FE 76 93 FD A3 FC AD FF | T:8386052 RPD:1
[CH: 50] LEN: 12 | HEX: E9 77 F4 F9 EC 73 93 DD 6B 5B BF FF | T:8386064 RPD:1
[CH: 50] LEN: 12 | HEX: F1 77 BC F8 F6 72 93 FD 76 3A BE FF | T:8386064 RPD:0
[CH: 50] LEN: 12 | HEX: E9 77 7A F9 FD 77 13 FD 3A 9D AF FC | T:8386075 RPD:1
[CH: 50] LEN: 12 | HEX: F9 77 F4 FB F6 73 93 FD 6B 5B AE DF | T:8386075 RPD:0
[CH: 50] LEN: 12 | HEX: F1 77 F4 EC F6 72 93 F7 F6 3A AE FB | T:8386087 RPD:1
[CH: 50] LEN: 12 | HEX: F9 77 B4 F6 FE 74 93 FE C9 1E AF FF | T:8386087 RPD:0
[CH: 50] LEN: 12 | HEX: F5 77 74 F1 FE 77 93 DF 3A 9D BF EF | T:8386098 RPD:1
[CH: 50] LEN: 12 | HEX: E9 77 F4 F6 F6 70 93 AF DC D9 BD FA | T:8386109 RPD:0
[CH: 50] LEN: 12 | HEX: F9 77 F4 FB DC 73 93 BB 6B 5B B7 FF | T:8386110 RPD:0
[CH: 50] LEN: 12 | HEX: E9 77 F6 F4 EA 72 93 FA F6 3A BF BF | T:8386121 RPD:1
[CH: 50] LEN: 12 | HEX: FD 77 FE FA FA 74 93 FE 09 1E B5 FD | T:8386150 RPD:1
[CH: 50] LEN: 12 | HEX: F5 77 F4 E9 DB 77 13 BD 3A 9D BD 5B | T:8386153 RPD:1
[CH: 50] LEN: 12 | HEX: FD 77 B4 F0 F6 76 93 AA A3 FA BE BD | T:8386156 RPD:1
[CH: 50] LEN: 12 | HEX: FD 77 DB FE FA 70 93 FD 5C D9 BD EE | T:8386168 RPD:1
[CH: 50] LEN: 12 | HEX: FD 77 BE EA FE 72 93 FE F6 3A BE F7 | T:8386168 RPD:1
[CH: 50] LEN: 12 | HEX: F1 77 B5 F3 FC 75 93 FD 14 75 BF B5 | T:8386180 RPD:1
[CH: 50] LEN: 12 | HEX: F9 77 DA F6 F6 74 93 FE 89 1F BF FF | T:8386180 RPD:0
[CH: 50] LEN: 12 | HEX: F9 77 D6 F1 ED 77 93 DD 3C 9D BF EF | T:8386191 RPD:1
[CH: 50] LEN: 12 | HEX: F1 77 FA F0 F6 76 93 BA A3 D8 BF E7 | T:8386203 RPD:1
[CH: 50] LEN: 12 | HEX: F1 77 BE E7 DD 79 93 FA EA 34 BF DF | T:8386203 RPD:0
[CH: 50] LEN: 12 | HEX: F1 77 FA FC FE 72 93 D7 F6 3A AF EF | T:8386214 RPD:1
[CH: 50] LEN: 12 | HEX: F1 77 AE EC FE 76 93 FF 63 D4 BB FF | T:8386214 RPD:0
[CH: 50] LEN: 12 | HEX: E9 77 BA F7 BC 79 93 DE EA 34 BF FF | T:8386226 RPD:1
[CH: 50] LEN: 12 | HEX: E9 77 FE FC F6 72 93 D5 56 3A B5 5F | T:8386237 RPD:1
[CH: 50] LEN: 12 | HEX: F1 77 DC F3 FE 75 93 FE 14 7D BB FF | T:8386237 RPD:1
[CH: 50] LEN: 12 | HEX: F1 77 FC F8 F6 76 93 F6 A3 FC AF FE | T:8386249 RPD:1
[CH: 50] LEN: 12 | HEX: F5 77 FD FD FD 73 93 FD 6B 5B AF F7 | T:8386249 RPD:0
[CH: 50] LEN: 12 | HEX: F1 77 BA FC FA 72 93 BA F6 3A BB 7F | T:8386260 RPD:1
[CH: 50] LEN: 12 | HEX: F9 77 F5 F1 D4 77 93 FA 3A 9D AF FC | T:8386271 RPD:1
[CH: 50] LEN: 12 | HEX: F1 77 FA F0 FE 76 93 FE A3 FC BB FD | T:8386272 RPD:0
[CH: 50] LEN: 12 | HEX: E9 77 FE F5 DF 73 93 FF EB 5B BE DA | T:8386283 RPD:1
[CH: 50] LEN: 12 | HEX: F9 77 FD F9 FE 77 93 FE BB 9D B5 FF | T:8386283 RPD:0
[CH: 50] LEN: 12 | HEX: F9 77 DF F4 FE 76 93 FD A3 FC BF FF | T:8386295 RPD:1
[CH: 50] LEN: 12 | HEX: F9 77 FD F5 FE 73 93 FD 6B 5B BB 77 | T:8386295 RPD:0
[CH: 50] LEN: 12 | HEX: F9 77 FD F8 F6 72 93 DD 76 3A BF EE | T:8386306 RPD:1
[CH: 50] LEN: 12 | HEX: F1 77 FA F1 EE 77 93 DA 3C 9D BE BF | T:8386317 RPD:1
[CH: 50] LEN: 12 | HEX: F9 77 FA F4 FE 76 93 FA A3 BC BF EF | T:8386318 RPD:0
[CH: 50] LEN: 12 | HEX: F9 77 FE F9 FD 73 93 FA 6B 5B AE FF | T:8386329 RPD:1
[CH: 50] LEN: 12 | HEX: F9 77 76 FA F6 74 93 FD 09 1E BE FF | T:8386329 RPD:0
[CH: 50] LEN: 12 | HEX: F5 77 FD F5 F6 77 93 DD 3C 9D BF FF | T:8386341 RPD:1
[CH: 50] LEN: 12 | HEX: F1 77 FA EC F4 70 93 FD DC D9 BB FF | T:8386352 RPD:1
[CH: 50] LEN: 12 | HEX: F9 77 DE FD FD 73 93 EE EB 5B BE FF | T:8386352 RPD:0
[CH: 50] LEN: 12 | HEX: F9 77 DA FA FA 74 93 FD 89 1F BF EE | T:8386363 RPD:1
[CH: 50] LEN: 12 | HEX: F9 77 DA F6 F4 70 93 DF DC D9 AF FE | T:8386364 RPD:0
[CH: 50] LEN: 12 | HEX: F9 77 5E E9 EC 73 93 DD 6B 5B BF FF | T:8386375 RPD:0
[CH: 50] LEN: 12 | HEX: F9 77 FF FB FA 75 93 DB 14 7D BF FF | T:8386380 RPD:1
[CH: 50] LEN: 12 | HEX: F1 77 5E EE EE 74 93 FB 89 1E BF FF | T:8386392 RPD:1
[CH: 50] LEN: 12 | HEX: F9 77 BA F1 FF 77 93 FD 3D 9D BF BD | T:8386403 RPD:1
[CH: 50] LEN: 12 | HEX: F9 77 FC FC FE 76 93 FD 23 FA BF FF | T:8386406 RPD:1
[CH: 50] LEN: 12 | HEX: F1 77 F4 F7 FA 79 93 DA EA 34 AD F7 | T:8386409 RPD:1
[CH: 50] LEN: 12 | HEX: F1 77 DE F6 F6 70 93 FD DC D9 BF 7F | T:8386421 RPD:1
[CH: 50] LEN: 12 | HEX: E9 77 BC EB FC 73 93 BA 6B 5B 2F BD | T:8386421 RPD:0
[CH: 50] LEN: 12 | HEX: F9 77 F6 F4 F4 72 93 FD 76 3A BF FF | T:8386432 RPD:1
[CH: 50] LEN: 12 | HEX: F9 77 FC FB AE 75 93 DF 14 76 BF FF | T:8386443 RPD:1
[CH: 50] LEN: 12 | HEX: F9 77 BA F2 F6 74 93 FD 09 1E ED EB | T:8386444 RPD:0
[CH: 50] LEN: 12 | HEX: F1 77 DA F7 FA 79 93 FD EA 34 BD D7 | T:8386455 RPD:1
[CH: 50] LEN: 12 | HEX: F1 77 DC FB FA 75 93 DD 14 7E BE FD | T:8386455 RPD:0
[CH: 50] LEN: 12 | HEX: F9 77 F6 F6 FE 74 93 FB 89 1D 3A FF | T:8386466 RPD:1
[CH: 50] LEN: 12 | HEX: F9 77 B7 F7 FD 71 93 ED EA 34 BF FD | T:8386467 RPD:0
[CH: 50] LEN: 12 | HEX: F5 77 BD ED FF 73 93 FD 6B 5B AF DF | T:8386478 RPD:1
[CH: 50] LEN: 12 | HEX: F9 77 FA FB FD 75 93 F7 94 75 BF F7 | T:8386489 RPD:1
[CH: 50] LEN: 12 | HEX: FD 77 FA FA FE 74 93 DF 89 1E AE EF | T:8386490 RPD:0
[CH: 50] LEN: 12 | HEX: F5 77 FA F7 DE 79 93 FE EA 34 AA DB | T:8386501 RPD:0
[CH: 50] LEN: 12 | HEX: F9 77 FA 00 00 71 93 FD 63 A0 BF BF | T:8386519 RPD:1
[CH: 50] LEN: 12 | HEX: F8 6D FF 80 FA FE 95 EE 60 9C AB FF | T:8386549 RPD:1
[CH: 50] LEN: 12 | HEX: F8 6D FE 80 FE F6 95 FF 60 9C BD FB | T:8386550 RPD:1
[CH: 50] LEN: 12 | HEX: E9 77 77 00 00 71 95 DD C9 06 AF 5F | T:8386818 RPD:1
[CH: 50] LEN: 12 | HEX: E9 77 B7 00 00 71 95 FB C9 06 AB F4 | T:8386819 RPD:1
[CH: 50] LEN: 12 | HEX: F8 6D FD 00 F7 FF 95 FD 60 9E BF F7 | T:8386849 RPD:1
[CH: 50] LEN: 12 | HEX: F0 6D FF 00 FD EE 95 FA 60 9C AE D2 | T:8386850 RPD:1
[CH: 50] LEN: 12 | HEX: F9 77 F7 00 00 71 95 FD C9 06 AF FF | T:8387118 RPD:1
[CH: 50] LEN: 12 | HEX: F9 77 77 00 00 71 95 DE C9 06 BF FF | T:8387119 RPD:1
[CH: 50] LEN: 12 | HEX: E8 6D FB 00 FF FE 95 FD 60 9C AF 6F | T:8387149 RPD:1
[CH: 50] LEN: 12 | HEX: D8 6D DB 00 ED ED 95 FD 60 9C BD 7F | T:8387150 RPD:1
[CH: 50] LEN: 12 | HEX: F9 77 7F 00 00 71 95 DF C9 06 BD 74 | T:8387418 RPD:1
[CH: 50] LEN: 12 | HEX: FD 77 5F 00 00 71 95 FD 49 06 BF FB | T:8387419 RPD:1
[CH: 50] LEN: 12 | HEX: E8 6D DF 00 EC FE 95 EF 60 9C AF A8 | T:8387449 RPD:1
[CH: 50] LEN: 12 | HEX: F4 6D DD 00 ED F6 95 DE 60 9C AA EB | T:8387449 RPD:1
[CH: 50] LEN: 12 | HEX: F1 77 FF 00 00 71 95 FD 49 06 BD FF | T:8387719 RPD:1
[CH: 50] LEN: 12 | HEX: F4 6D DF 00 FD EF 95 FD 60 9C B5 FF | T:8387749 RPD:1
[CH: 50] LEN: 12 | HEX: F1 77 DF 00 00 71 95 D5 C9 06 BF D7 | T:8388018 RPD:1
[CH: 50] LEN: 12 | HEX: F9 77 BB 00 00 71 95 DE C9 06 BB FF | T:8388018 RPD:1
[CH: 50] LEN: 12 | HEX: F0 6D EE 00 F6 FE 95 DF 60 9C AB 5D | T:8388048 RPD:1
[CH: 50] LEN: 12 | HEX: F4 6D FE 80 EE FE 95 F6 E0 9C BF F7 | T:8388049 RPD:1
[CH: 50] LEN: 12 | HEX: E9 77 EB 00 00 71 95 FA C9 06 AD EF | T:8388318 RPD:1
[CH: 50] LEN: 12 | HEX: F9 77 F5 00 00 71 95 FD 49 06 BF 77 | T:8388318 RPD:1
[CH: 50] LEN: 12 | HEX: E8 6D D7 00 F6 F6 95 EF 60 9C AF BF | T:8388348 RPD:1
[CH: 50] LEN: 12 | HEX: F0 6D EF 00 F6 F6 95 EF 60 9C AF DF | T:8388349 RPD:1
[CH: 50] LEN: 12 | HEX: F5 77 BF 00 00 71 95 D5 49 06 A9 F6 | T:8388617 RPD:1
[CH: 50] LEN: 12 | HEX: E8 6D D7 00 ED EF 95 FA 60 9C BF BF | T:8388648 RPD:1
[CH: 50] LEN: 12 | HEX: F4 6D FD 00 F6 F6 95 DD 60 9C AF 7F | T:8388649 RPD:1
[CH: 50] LEN: 12 | HEX: FA 76 FE 00 8C FE 95 EF 3A 73 BF EF | T:8388702 RPD:1
[CH: 50] LEN: 12 | HEX: F6 76 FD 00 8C EF 95 FD 3A 73 AF AF | T:8388703 RPD:1
[CH: 50] LEN: 12 | HEX: F6 76 EF F6 73 BA 95 EE C2 8E AF FF | T:8388733 RPD:1
[CH: 50] LEN: 12 | HEX: FA 76 FF FD 70 EF 95 FD B7 40 AB FF | T:8388736 RPD:1
[CH: 50] LEN: 12 | HEX: F6 76 FA F4 71 EE 95 FD 6B 65 BF 7F | T:8388740 RPD:1
[CH: 50] LEN: 12 | HEX: EA 76 EE EB 76 FD 95 DF 5D 9C AF F7 | T:8388751 RPD:1
[CH: 50] LEN: 12 | HEX: FA 76 FE F6 77 FE 95 FD 81 79 BF FB | T:8388752 RPD:1
[CH: 50] LEN: 12 | HEX: FA 76 F6 F9 74 FF 95 FE F4 77 6F FF | T:8388763 RPD:1
[CH: 50] LEN: 12 | HEX: EA 76 ED E8 75 FD 95 DF 28 92 AF 76 | T:8388763 RPD:0
[CH: 50] LEN: 12 | HEX: FA 7E ED E7 7A F7 95 FD 99 85 BF FF | T:8388774 RPD:1
[CH: 50] LEN: 12 | HEX: EA 76 F6 F6 7B FA 95 FA 45 60 BD FF | T:8388786 RPD:1
[CH: 50] LEN: 12 | HEX: EA 76 EE EC 79 DF 95 FD EC 8B BF FE | T:8388824 RPD:1
[CH: 50] LEN: 12 | HEX: EA 76 ED EB 7A EE 95 DD DA 72 BF FF | T:8388854 RPD:1
[CH: 50] LEN: 12 | HEX: FA 76 FE F2 7F 7F 95 DF 06 97 AD FF | T:8388884 RPD:1
[CH: 50] LEN: 12 | HEX: F6 76 EA E9 76 FC 95 FD 73 99 B7 FF | T:8388914 RPD:1
[CH: 50] LEN: 12 | HEX: EA 76 EF EE E2 EE 95 FD 01 96 BF FB | T:8388974 RPD:1
[CH: 50] LEN: 12 | HEX: F6 76 FD EE 63 BC 95 FE DD 73 AF FB | T:8389004 RPD:1
[CH: 50] LEN: 12 | HEX: FA 76 FD ED 60 EE 95 DF A8 7B AF 7F | T:8389034 RPD:1
[CH: 50] LEN: 12 | HEX: EA 77 F6 EC 61 DE 95 EE 74 98 AF FA | T:8389064 RPD:1
[CH: 50] LEN: 12 | HEX: FA 76 FF EB 66 F6 95 FD 42 61 AF D7 | T:8389094 RPD:1
[CH: 50] LEN: 12 | HEX: EA 76 F6 EA 67 7A 95 FA 9E 84 BD 5B | T:8389124 RPD:1
[CH: 50] LEN: 12 | HEX: FA 76 FE E9 64 FE 95 FD EB 8A BD F9 | T:8389154 RPD:1
[CH: 50] LEN: 12 | HEX: FA 76 FE E8 65 ED 95 DD 37 6E AD EF | T:8389184 RPD:1
[CH: 50] LEN: 12 | HEX: FA 76 FE E7 6A EE 95 FD 86 78 BD BE | T:8389214 RPD:1
[CH: 50] LEN: 12 | HEX: F6 76 FE E6 6B DA 95 FA 5A 9D AF FD | T:8389244 RPD:1
[CH: 50] LEN: 12 | HEX: FA 76 F6 E5 68 FD 95 DD 2F 53 BE BE | T:8389274 RPD:1
[CH: 50] LEN: 12 | HEX: FA 76 FC E3 6E FE 95 FD C5 8E AF 72 | T:8389334 RPD:1
[CH: 50] LEN: 12 | HEX: FA 76 FE E2 6F EE 95 DA 19 6A BE DB | T:8389364 RPD:1
[CH: 50] LEN: 12 | HEX: FA 76 F6 E1 6C FD 95 FD 6C 64 AF FF | T:8389394 RPD:1
[CH: 50] LEN: 12 | HEX: FA 76 FE E0 6D EE 95 EF 30 81 BF FF | T:8389424 RPD:1
[CH: 50] LEN: 12 | HEX: FA 76 F6 DF 52 FE 95 FD 21 91 BF FF | T:8389454 RPD:1
[CH: 50] LEN: 12 | HEX: F6 76 EE FF 73 D4 95 EF C2 8E AF FF | T:8389484 RPD:1
[CH: 50] LEN: 12 | HEX: FA 76 FE FD 70 ED 95 FD B7 80 AF DF | T:8389488 RPD:1
[CH: 50] LEN: 12 | HEX: F6 76 FE F4 71 FA 95 DF 6B 65 BF DB | T:8389492 RPD:1
[CH: 50] LEN: 12 | HEX: FA 76 F6 FF 76 FC 95 DA 5D 9C AD DB | T:8389503 RPD:1
[CH: 50] LEN: 12 | HEX: FA 76 FF EA 77 BE 95 FD 81 79 AF FB | T:8389503 RPD:1
[CH: 50] LEN: 12 | HEX: FA 76 F6 ED 74 FD 95 FE F4 77 7F 6F | T:8389514 RPD:1
[CH: 50] LEN: 12 | HEX: F6 76 FE F4 75 DD 95 D5 28 92 BF EB | T:8389515 RPD:0
[CH: 50] LEN: 12 | HEX: FE 76 F6 EF 76 F6 95 FD 99 85 AF FD | T:8389526 RPD:0
[CH: 50] LEN: 12 | HEX: EA 76 F6 E5 70 FD 95 DF 30 6E BE FF | T:8389545 RPD:1
[CH: 50] LEN: 12 | HEX: F6 76 F6 E4 75 DE 95 FD EC 8B BF FD | T:8389575 RPD:1
[CH: 50] LEN: 12 | HEX: EA 76 F6 EB 76 FE 95 EF 5A 72 B7 5F | T:8389605 RPD:1
[CH: 50] LEN: 12 | HEX: F6 76 EE E2 77 7D 95 DD 06 97 7F DE | T:8389635 RPD:1
[CH: 50] LEN: 12 | HEX: FA 66 EE F9 7C FC 95 FD 73 99 BF 7E | T:8389665 RPD:1
[CH: 50] LEN: 12 | HEX: F6 76 F6 F0 79 ED 95 FD 2F FC AF FB | T:8389695 RPD:1
[CH: 50] LEN: 12 | HEX: E6 76 F6 EE 62 F6 95 FE 01 96 BF FF | T:8389725 RPD:1
[CH: 50] LEN: 12 | HEX: F6 76 FC EE 63 DC 95 DF DD 73 BF EF | T:8389755 RPD:1
[CH: 50] LEN: 12 | HEX: F6 76 F6 ED 60 FE 95 DF A8 75 BF BF | T:8389785 RPD:1
[CH: 50] LEN: 12 | HEX: F6 76 FE EB 66 FE 95 DD 42 61 BE BF | T:8389845 RPD:1
[CH: 50] LEN: 12 | HEX: FA 76 F6 EA 67 D6 95 DE 9E 84 BD FF | T:8389875 RPD:1
[CH: 50] LEN: 12 | HEX: F2 76 EE E9 64 ED 95 FD EB 8A AF FE | T:8389904 RPD:1
[CH: 50] LEN: 12 | HEX: FA 76 EE E8 65 ED 95 DD 37 6F 6F FB | T:8389934 RPD:1
[CH: 50] LEN: 12 | HEX: F6 76 EC E7 6A EE 95 EE 86 78 AF EE | T:8389964 RPD:1
[CH: 50] LEN: 12 | HEX: EA 76 EE E6 6B FE 95 ED 5A 9D BB EF | T:8389994 RPD:1
[CH: 50] LEN: 12 | HEX: F6 76 FE E5 68 FE 95 FD 2F 93 AF FF | T:8390024 RPD:1
[CH: 50] LEN: 12 | HEX: F2 76 FE E4 69 FD 95 FD 73 76 B5 FF | T:8390054 RPD:1
[CH: 50] LEN: 12 | HEX: F2 76 FE E3 6E FE 95 EF C5 8E BF 7D | T:8390084 RPD:1
[CH: 50] LEN: 12 | HEX: FA 76 F6 E2 6F 6E 95 DF 19 6A AF DD | T:8390114 RPD:1
[CH: 50] LEN: 12 | HEX: F6 76 FE E1 6C FE 95 FD 6C 64 A7 7B | T:8390144 RPD:1
[CH: 50] LEN: 12 | HEX: F6 76 FF E0 6D FC 95 FE B0 81 BB FD | T:8390174 RPD:1
[CH: 50] LEN: 12 | HEX: F6 76 F6 DE D2 F6 95 EE A1 91 AE FD | T:8390204 RPD:1
[CH: 50] LEN: 12 | HEX: F6 76 EE EE 73 FA 95 DD C2 8E BF 7F | T:8390234 RPD:1
[CH: 50] LEN: 12 | HEX: F6 76 FA FD 70 FE 95 DE B7 80 AC DF | T:8390238 RPD:1
[CH: 50] LEN: 12 | HEX: F6 76 F6 EC 71 ED 95 D6 EB 65 AF FF | T:8390242 RPD:1
[CH: 50] LEN: 12 | HEX: F6 76 EE EB 76 FE 95 FF 5D 9C AD FF | T:8390253 RPD:1
[CH: 50] LEN: 12 | HEX: FA 76 FE EA 77 B4 95 FD 81 75 AF FF | T:8390253 RPD:1
[CH: 50] LEN: 12 | HEX: FA 76 EE F9 74 F6 95 FD F4 77 2F EA | T:8390265 RPD:1
[CH: 50] LEN: 12 | HEX: FA 76 EE E8 75 DD 95 DE 28 92 BF BF | T:8390265 RPD:0
[CH: 50] LEN: 12 | HEX: F6 76 FF F7 7A FF 95 FD 19 85 AF FF | T:8390276 RPD:1
[CH: 50] LEN: 12 | HEX: FA 76 F6 EE 7B B6 95 DF 45 60 BF BF | T:8390288 RPD:1
[CH: 50] LEN: 12 | HEX: FA 76 FD F5 74 ED 95 ED 30 6E BF 7F | T:8390296 RPD:1
[CH: 50] LEN: 12 | HEX: F6 76 FE E4 79 FC 95 DF EC 8B BD FF | T:8390326 RPD:1
[CH: 50] LEN: 12 | HEX: FA 76 FC F3 76 F6 95 DD DA 72 BE FF | T:8390356 RPD:1
[CH: 50] LEN: 12 | HEX: F6 76 FC F2 7B 7D 95 EE 06 97 2E FF | T:8390386 RPD:1
[CH: 50] LEN: 12 | HEX: FA 76 FD F1 74 EE 95 DF 73 99 AF D5 | T:8390416 RPD:1
[CH: 50] LEN: 12 | HEX: EA 76 EE E0 7B DF 95 EF AF 7C BF F7 | T:8390446 RPD:1
[CH: 50] LEN: 12 | HEX: F6 76 FE EE 62 FD 95 FD 01 96 AF FF | T:8390476 RPD:1
[CH: 50] LEN: 12 | HEX: EA 76 EE EE 63 F6 95 DE D9 73 3F FF | T:8390506 RPD:1
[CH: 50] LEN: 12 | HEX: FA 76 EC ED 60 FC 95 FF A8 7D AB FF | T:8390536 RPD:1
[CH: 50] LEN: 12 | HEX: F6 76 EE EC 61 FD 95 FE 74 98 AF FF | T:8390566 RPD:1
[CH: 50] LEN: 12 | HEX: F6 76 FD EB 66 F6 95 DB 42 61 AF BF | T:8390596 RPD:1
[CH: 50] LEN: 12 | HEX: F6 76 F6 EA 67 F6 95 DF 9D 84 AF FD | T:8390626 RPD:1
[CH: 50] LEN: 12 | HEX: F6 76 F6 E9 64 F6 95 EF EB 8A AA FD | T:8390656 RPD:1
[CH: 50] LEN: 12 | HEX: F6 76 FE E8 65 FE 95 EE B7 6F 3F F7 | T:8390686 RPD:1
[CH: 50] LEN: 12 | HEX: FA 76 FC E7 6A F6 95 FD 06 78 BB BD | T:8390716 RPD:1
[CH: 50] LEN: 12 | HEX: EA 76 FE E6 6B BA 95 FD 5A 9D AF AF | T:8390746 RPD:1
[CH: 50] LEN: 12 | HEX: F6 76 FA E5 68 F6 95 FE 2F 53 B7 EF | T:8390776 RPD:1
[CH: 50] LEN: 12 | HEX: F6 76 FE E4 69 DE 95 FF F3 76 BF FF | T:8390806 RPD:1
[CH: 50] LEN: 12 | HEX: EA 76 FA E3 6E FC 95 EF 45 8F BF EF | T:8390836 RPD:1
[CH: 50] LEN: 12 | HEX: F2 76 FE E2 6F EE 95 EF 99 6A B7 EF | T:8390866 RPD:1
[CH: 50] LEN: 12 | HEX: EA 76 EA E1 6C FC 95 DF 6C 64 BD EB | T:8390896 RPD:1
[CH: 50] LEN: 12 | HEX: F6 76 FE E0 6D DE 95 DE B0 81 BF F6 | T:8390926 RPD:1
[CH: 50] LEN: 12 | HEX: EA 76 FE DD 52 F6 95 EF 21 91 BF 7D | T:8390956 RPD:1
[CH: 50] LEN: 12 | HEX: F2 76 EE FE 73 FA 95 F7 C2 8E B7 FF | T:8390986 RPD:1
[CH: 50] LEN: 12 | HEX: F6 76 FE F5 70 FC 95 EF B7 80 BD FF | T:8390989 RPD:1
[CH: 50] LEN: 12 | HEX: F2 76 FE FC 71 FD 95 FE 6B 65 FF FD | T:8390993 RPD:1
[CH: 50] LEN: 12 | HEX: F6 76 F6 EB 76 FE 95 FE DD 9C BF DF | T:8391005 RPD:1
[CH: 50] LEN: 12 | HEX: F2 76 FE F2 77 DA 95 F7 41 79 BF FD | T:8391005 RPD:1
[CH: 50] LEN: 12 | HEX: EA 76 FC F8 75 DD 95 FB 28 92 BF EB | T:8391016 RPD:1
[CH: 50] LEN: 12 | HEX: EA 66 FE F7 72 F4 95 EF 99 85 BF FF | T:8391016 RPD:1
[CH: 50] LEN: 12 | HEX: EE 76 EE EE 6F F4 95 F9 45 60 BF FF | T:8391028 RPD:1
[CH: 50] LEN: 12 | HEX: FA 76 FE ED 78 F4 95 EF 30 6E BF FF | T:8391048 RPD:1
[CH: 50] LEN: 12 | HEX: FA 76 FE E4 79 EE 95 FF 6C 8B BF FF | T:8391078 RPD:1
[CH: 50] LEN: 12 | HEX: FA 76 F4 F3 7A F6 95 D7 5A 62 BF FD | T:8391108 RPD:1
[CH: 50] LEN: 12 | HEX: EA 76 F6 F2 7F BE 95 FD 06 97 BD FF | T:8391138 RPD:1
[CH: 50] LEN: 12 | HEX: F2 76 FE F1 7C F4 95 F7 73 99 BD FF | T:8391168 RPD:1
[CH: 50] LEN: 12 | HEX: FA 76 FE F0 79 FE 95 EF 6F 78 BF 77 | T:8391198 RPD:1
[CH: 50] LEN: 12 | HEX: F2 76 EA EF 62 EE 95 D4 01 96 B7 FF | T:8391228 RPD:1
[CH: 50] LEN: 12 | HEX: FA 76 FE EE 63 BE 95 FE DD 73 BF FE | T:8391258 RPD:0
[CH: 50] LEN: 12 | HEX: F2 76 EE ED 60 FE 95 FF E8 77 BF F7 | T:8391287 RPD:0
[CH: 50] LEN: 12 | HEX: F2 76 FC EB 66 FE 95 FE C2 61 AF BF | T:8391347 RPD:0
[CH: 50] LEN: 12 | HEX: EA 76 F4 E9 64 FE 95 BF EB 8A BF FE | T:8391407 RPD:0
[CH: 50] LEN: 12 | HEX: FA 76 E6 E2 6A AA 95 FF 19 6A AF D7 | T:8391617 RPD:0
[CH: 50] LEN: 12 | HEX: EA 56 FA C1 6C DD 95 F7 6C 64 BF 7B | T:8391647 RPD:0
[CH: 50] LEN: 12 | HEX: FA 76 FE C0 7D 5E 95 FF 70 81 BF DD | T:8391677 RPD:0
[CH: 50] LEN: 12 | HEX: FA 76 D4 DF 52 EA 95 FA 21 91 AE EF | T:8391707 RPD:0
[CH: 50] LEN: 12 | HEX: FA 76 FE FD 73 FE 95 F7 C2 8E B5 BF | T:8391737 RPD:0
[CH: 50] LEN: 12 | HEX: EA 6E FE FD 68 D6 95 DA B7 00 B7 D3 | T:8391741 RPD:0
[CH: 50] LEN: 12 | HEX: EA 76 FA E8 71 F9 95 E5 6B 65 BF EE | T:8391745 RPD:0
[CH: 50] LEN: 12 | HEX: FA 76 FE FB 76 FE 95 D7 5D 9C BF DD | T:8391756 RPD:0
[CH: 50] LEN: 12 | HEX: D2 76 FE F8 65 FE 95 DF 28 92 AB 5F | T:8391761 RPD:0
[CH: 50] LEN: 12 | HEX: F2 76 FE F7 7A FE 95 FD 19 85 BF 57 | T:8391765 RPD:0
[CH: 50] LEN: 12 | HEX: FA 76 FE F5 70 FE 95 FD 30 6E BF FF | T:8391798 RPD:0
[CH: 50] LEN: 12 | HEX: F2 76 FA F4 79 EE 95 F5 AC 8B B7 DF | T:8391828 RPD:0
[CH: 50] LEN: 12 | HEX: FA 76 F5 F2 7D EE 95 FE 86 97 BF FF | T:8391888 RPD:0
[CH: 50] LEN: 12 | HEX: FA 76 F5 A1 68 CA 95 56 63 19 5F FB | T:8391918 RPD:0
[CH: 50] LEN: 12 | HEX: E6 66 FE F0 77 FE 95 FD 2F FC BF BB | T:8391948 RPD:0
[CH: 50] LEN: 12 | HEX: F6 76 F5 EE 62 F6 95 DA 01 96 AF BB | T:8391978 RPD:0
[CH: 50] LEN: 12 | HEX: FA 76 F4 EE 63 DD 95 FE 9D 73 BD FF | T:8392008 RPD:0
[CH: 50] LEN: 12 | HEX: FA 76 EA ED 60 FE 95 FF 28 7D BB FF | T:8392038 RPD:0
[CH: 50] LEN: 12 | HEX: EA 6E FE EC 61 ED 95 FF 74 98 BF 7B | T:8392068 RPD:0
[CH: 50] LEN: 12 | HEX: FA 7E EA EB 66 F6 95 FE C2 61 BB BE | T:8392098 RPD:0
[CH: 50] LEN: 12 | HEX: F6 76 F4 FA 67 D7 95 FD 1E 84 BF F5 | T:8392128 RPD:0
[CH: 50] LEN: 12 | HEX: FA 76 FF E8 65 FE 95 D7 37 6F BF 7D | T:8392188 RPD:0
[CH: 50] LEN: 12 | HEX: FA 76 EE E7 6A EE 95 F7 46 70 BB FE | T:8392218 RPD:0
[CH: 50] LEN: 12 | HEX: FA 76 F6 E6 6B F6 95 EB 5A 9D BF FF | T:8392248 RPD:0
[CH: 50] LEN: 12 | HEX: FA 7E FE E4 69 F4 82 FF E4 64 5D FF | T:8392308 RPD:0
[CH: 50] LEN: 12 | HEX: FA 76 FD E3 6E F5 95 FE 45 8E BF 7F | T:8392338 RPD:0
[CH: 50] LEN: 12 | HEX: FA 76 ED C2 6F E4 95 D5 99 6A AB 57 | T:8392368 RPD:0
[CH: 50] LEN: 12 | HEX: F6 76 EC E1 6C FE 95 FE EC 64 BA 9D | T:8392398 RPD:0
[CH: 50] LEN: 12 | HEX: FA 76 FC DE 52 FE 95 F6 21 91 BF FF | T:8392457 RPD:0
[CH: 50] LEN: 12 | HEX: EA 66 FE F6 73 EE 95 FF 42 8E BF FB | T:8392487 RPD:0
[CH: 50] LEN: 12 | HEX: F2 76 F5 FD 70 FE 95 FE F7 80 BD FF | T:8392491 RPD:0
[CH: 50] LEN: 12 | HEX: FA 76 FD FE 71 EA 95 EE EB 65 BC FF | T:8392495 RPD:0
[CH: 50] LEN: 12 | HEX: FA 7E F6 FA 77 5A 95 EF 81 79 BD FB | T:8392506 RPD:0
[CH: 50] LEN: 12 | HEX: FA 76 FE F9 74 FE 95 DF F4 77 BB BF | T:8392507 RPD:0
[CH: 50] LEN: 12 | HEX: EA 76 F6 F8 75 DD 95 DC 28 92 BF FB | T:8392518 RPD:0
[CH: 50] LEN: 12 | HEX: FA 76 FE F7 7A FE 95 DF 19 85 AF FF | T:8392519 RPD:0
[CH: 50] LEN: 12 | HEX: FA 76 EA F6 7B FF 95 EF C5 60 AB FF | T:8392530 RPD:0
[CH: 50] LEN: 12 | HEX: BA 76 FE F4 79 EB 95 FE EC 8B AB FF | T:8392577 RPD:0
[CH: 50] LEN: 12 | HEX: FA 76 FE F3 7E FE 95 FF 5A 72 BF FB | T:8392607 RPD:0
[CH: 50] LEN: 12 | HEX: FA 76 EA F0 7D FD 95 EE AE 7C BD FF | T:8392697 RPD:0
[CH: 50] LEN: 12 | HEX: FA 76 FE EF 62 FE 95 F5 01 96 BF BE | T:8392727 RPD:0
[CH: 50] LEN: 12 | HEX: FA 74 FE EC 61 DA 95 F7 74 98 BF FD | T:8392817 RPD:0
[CH: 50] LEN: 12 | HEX: FA 7E D2 EB 66 F5 95 BA 42 61 BF F7 | T:8392847 RPD:0
[CH: 50] LEN: 12 | HEX: FA 76 FE DA 67 FE 95 F6 9E 84 BF FF | T:8392877 RPD:0
[CH: 50] LEN: 12 | HEX: FA 76 FE E9 64 FA 95 F5 AB 8A BD BF | T:8392907 RPD:0
[CH: 50] LEN: 12 | HEX: EA 76 F7 E8 65 FE 95 EE B7 6F 3F FB | T:8392937 RPD:0
[CH: 50] LEN: 12 | HEX: FA 7E FE E7 6A DE 95 EE C6 78 AF 77 | T:8392967 RPD:0
[CH: 50] LEN: 12 | HEX: FA 76 F4 E4 79 DD 95 DD F3 76 BF 7F | T:8393057 RPD:0
[CH: 50] LEN: 12 | HEX: F2 76 F4 E2 6E DE 95 D7 99 6A B5 FD | T:8393117 RPD:0
[CH: 50] LEN: 12 | HEX: FA 77 EE B3 F6 CA 95 AA 53 1C AF 56 | T:8393248 RPD:0
[CH: 50] LEN: 12 | HEX: EA F6 FE F4 79 D6 95 AE 48 8B B5 EF | T:8393327 RPD:0
[CH: 50] LEN: 12 | HEX: F2 74 EA EB 7A FF 95 FF DA 62 BF 7F | T:8393357 RPD:0
[CH: 50] LEN: 12 | HEX: FA 76 FE F2 7F FE 95 EF 06 97 BF EE | T:8393387 RPD:0
[CH: 50] LEN: 12 | HEX: EA 76 FE E8 69 FF 95 DD AD 7A BF FF | T:8393447 RPD:0
[CH: 50] LEN: 12 | HEX: F6 76 FE EF 62 FE 95 EF 01 96 BF FE | T:8393477 RPD:0
[CH: 50] LEN: 12 | HEX: EE 76 FA EE 63 EA 95 AF DD 73 B5 FF | T:8393507 RPD:0
[CH: 50] LEN: 12 | HEX: FA 76 FE ED 60 FA 95 FA A8 7D BD 7B | T:8393537 RPD:0
[CH: 50] LEN: 12 | HEX: F2 76 EA EC 61 EE 95 ED 74 98 B7 FF | T:8393567 RPD:0
[CH: 50] LEN: 12 | HEX: EA 76 F4 EB 66 F6 95 EF C2 61 BB 57 | T:8393597 RPD:0
[CH: 50] LEN: 12 | HEX: FA 76 F6 EA 67 D6 95 DF 9E 84 BF FF | T:8393627 RPD:1
[CH: 50] LEN: 12 | HEX: F2 76 F6 E9 64 F5 95 DF EB 8A BF FB | T:8393657 RPD:1
[CH: 50] LEN: 12 | HEX: F2 76 FD E8 65 F6 95 EF B7 6F B7 F6 | T:8393687 RPD:1
[CH: 50] LEN: 12 | HEX: FA 76 FE E7 6A FC 95 FD 06 78 BF F7 | T:8393717 RPD:1
[CH: 50] LEN: 12 | HEX: F2 76 FA E6 6B DA 95 ED 5A 9D BB DE | T:8393747 RPD:0
[CH: 50] LEN: 12 | HEX: FA 66 BF 65 68 F4 95 EF AE 53 BB FF | T:8393777 RPD:0
[CH: 50] LEN: 12 | HEX: F2 76 FF E4 69 FF 95 DD 73 76 BE D7 | T:8393806 RPD:1
[CH: 50] LEN: 12 | HEX: FA 76 F4 E3 6E F6 95 FD C5 8F 3F FF | T:8393836 RPD:1
[CH: 50] LEN: 12 | HEX: F2 76 F6 E2 6E BE 95 DF 19 6A AE BF | T:8393866 RPD:1
[CH: 50] LEN: 12 | HEX: FA 76 F6 E1 6C FE 95 DE EC 64 BF FD | T:8393896 RPD:1
[CH: 50] LEN: 12 | HEX: EA 76 FD E0 6D F4 95 EF 30 81 BF B6 | T:8393926 RPD:1
[CH: 50] LEN: 12 | HEX: F6 76 ED DF 52 F4 95 EE A1 B1 B5 FF | T:8393956 RPD:1
[CH: 50] LEN: 12 | HEX: FA 76 EE F6 73 AD 95 FD 42 8E B6 FF | T:8393986 RPD:1
[CH: 50] LEN: 12 | HEX: F6 76 F4 FD 78 FE 95 FE B7 80 BF EF | T:8393990 RPD:1
[CH: 50] LEN: 12 | HEX: FA 76 FE FC 71 DE 95 FE EB 65 BB 7D | T:8393994 RPD:1
[CH: 50] LEN: 12 | HEX: F6 76 FE F3 76 EC 95 FD 5D 9C BB DF | T:8394005 RPD:1
[CH: 50] LEN: 12 | HEX: EA 76 FE FA 77 74 95 D6 81 71 BD EF | T:8394006 RPD:0
[CH: 50] LEN: 12 | HEX: EA 76 EE F9 74 FE 95 D6 F4 77 B7 D4 | T:8394017 RPD:1
[CH: 50] LEN: 12 | HEX: EA 76 FC F8 75 FC 95 EE A8 92 BF DF | T:8394017 RPD:0
[CH: 50] LEN: 12 | HEX: F2 76 FC F7 72 FE 95 DD 99 85 BF BF | T:8394028 RPD:0
[CH: 50] LEN: 12 | HEX: F6 76 F6 F5 78 EE 95 DD 30 6E BF 77 | T:8394046 RPD:1
[CH: 50] LEN: 12 | HEX: F6 76 FC F4 79 F6 95 AB EC 8B B6 FF | T:8394076 RPD:1
[CH: 50] LEN: 12 | HEX: FA 76 F6 F3 76 EA 95 FD DA 72 BF FF | T:8394106 RPD:1
[CH: 50] LEN: 12 | HEX: FA 76 ED E9 7C FD 95 FA 73 99 BB D7 | T:8394166 RPD:1
[CH: 50] LEN: 12 | HEX: FA 76 EA F0 77 EA 95 FD 2F 74 AF FF | T:8394196 RPD:1
[CH: 50] LEN: 12 | HEX: F6 76 EA EF 62 FE 95 DD 01 96 BE FF | T:8394226 RPD:1
[CH: 50] LEN: 12 | HEX: FA 76 F6 EE 63 FA 95 EF DD 73 BE BF | T:8394256 RPD:1
[CH: 50] LEN: 12 | HEX: FA 76 EE ED 60 FE 95 FE A8 7B BF FF | T:8394286 RPD:1
[CH: 50] LEN: 12 | HEX: F2 76 EE EC 61 ED 95 DD 74 98 BF FB | T:8394316 RPD:1
[CH: 50] LEN: 12 | HEX: FE 76 FE EB 66 FE 95 EF C2 61 BF FF | T:8394346 RPD:1
[CH: 50] LEN: 12 | HEX: FA 7E EC EA 67 FA 95 FD 1D 84 BB B5 | T:8394376 RPD:1
[CH: 50] LEN: 12 | HEX: EA 76 FE E9 64 FE 95 DE AB 8A BD FF | T:8394406 RPD:1
[CH: 50] LEN: 12 | HEX: D2 76 F4 E8 65 DA 95 FD 37 6F 7F F2 | T:8394436 RPD:1
[CH: 50] LEN: 12 | HEX: F6 76 FE E7 6A FE 95 EE 86 78 AF FB | T:8394466 RPD:1
[CH: 50] LEN: 12 | HEX: EE 76 EA E6 6B BD 95 ED 5A 9D AF FF | T:8394496 RPD:1
[CH: 50] LEN: 12 | HEX: FA 76 FC E5 68 FE 95 DA 2F 93 BB BF | T:8394526 RPD:1
[CH: 50] LEN: 12 | HEX: EA 76 EF E4 69 EE 95 FD 73 76 BF FF | T:8394556 RPD:1
[CH: 50] LEN: 12 | HEX: EA 76 FD E3 6E EF 95 FD 45 8E AB FF | T:8394586 RPD:1
[CH: 50] LEN: 12 | HEX: EA 76 FA E2 6F 6A 95 EF 19 6A BF EF | T:8394616 RPD:1
[CH: 50] LEN: 12 | HEX: FA 76 FE E1 6C FE 95 FD 6C 64 BF FF | T:8394646 RPD:1
[CH: 50] LEN: 12 | HEX: EA 76 EC E0 6D EE 95 FD 30 81 AE FF | T:8394676 RPD:1
[CH: 50] LEN: 12 | HEX: FA 76 FE FE 73 B4 95 EE C2 8E BF 6F | T:8394736 RPD:1
[CH: 50] LEN: 12 | HEX: F6 76 FE E9 70 F6 95 EE B7 40 BB DF | T:8394739 RPD:1
[CH: 50] LEN: 12 | HEX: FA 76 F6 F4 71 FD 95 DC 6B 65 BF BF | T:8394742 RPD:1
[CH: 50] LEN: 12 | HEX: F2 76 F6 F7 76 EC 95 DA DD 9C BF FB | T:8394754 RPD:1
[CH: 50] LEN: 12 | HEX: F6 76 FD F9 74 FC 95 ED F4 77 AF FF | T:8394754 RPD:1
[CH: 50] LEN: 12 | HEX: F2 76 FD F4 75 FD 95 EE 28 92 AF EB | T:8394766 RPD:1
[CH: 50] LEN: 12 | HEX: F6 76 FE F7 7A FE 95 FD 19 85 AB BF | T:8394766 RPD:1
[CH: 50] LEN: 12 | HEX: FA 76 FC E6 73 DE 95 DD 45 60 AF FF | T:8394777 RPD:1
[CH: 50] LEN: 12 | HEX: FA 76 F6 F4 79 DD 95 DE EC 8B AF 7F | T:8394827 RPD:1
[CH: 50] LEN: 12 | HEX: EA 76 FE F3 7A EE 95 DD DA 72 BB 77 | T:8394857 RPD:1
[CH: 50] LEN: 12 | HEX: EA 76 F6 E2 7B FE 95 DF 06 97 3F BB | T:8394887 RPD:1
[CH: 50] LEN: 12 | HEX: FE 76 FF F1 7C EE 95 EF 73 99 AF 5F | T:8394917 RPD:1
[CH: 50] LEN: 12 | HEX: F2 76 F6 F0 75 FD 95 FD AF 78 B7 FE | T:8394947 RPD:1
[CH: 50] LEN: 12 | HEX: FA 76 FE EE E2 F6 95 FD 01 96 BD FF | T:8394976 RPD:1
[CH: 50] LEN: 12 | HEX: FA 76 FA EE 63 DC 95 DD DD 73 BF BD | T:8395006 RPD:1
[CH: 50] LEN: 12 | HEX: FA 76 EE ED 60 F6 95 DE A8 7B BF F5 | T:8395036 RPD:1
[CH: 50] LEN: 12 | HEX: F2 76 FA EC 61 FC 95 F7 74 98 BF FB | T:8395066 RPD:1
[CH: 50] LEN: 12 | HEX: FA 76 FA EB 66 F6 95 FD 42 61 BB B7 | T:8395096 RPD:1
[CH: 50] LEN: 12 | HEX: EE 76 FE EA 67 7E 95 FE 9E 84 BF FE | T:8395126 RPD:1
[CH: 50] LEN: 12 | HEX: FA 76 EC E9 64 ED 95 EE EB 8A AF FE | T:8395156 RPD:1
[CH: 50] LEN: 12 | HEX: F6 76 FA E8 65 EE 95 EE B7 6F 2F F7 | T:8395186 RPD:1
[CH: 50] LEN: 12 | HEX: F6 76 FD E7 6A EE 95 DD 86 74 B7 FB | T:8395216 RPD:1
[CH: 50] LEN: 12 | HEX: EA 76 FA E6 6B DC 95 FD 5A 9D AF D7 | T:8395246 RPD:1
[CH: 50] LEN: 12 | HEX: EA 76 F6 E5 68 FE 95 DE 2F 53 AF FE | T:8395276 RPD:1
[CH: 50] LEN: 12 | HEX: F6 76 EA E4 69 ED 95 EF 73 76 BB CD | T:8395306 RPD:1
[CH: 50] LEN: 12 | HEX: FA 76 EE E3 6E FE 95 ED C5 8F BD EF | T:8395336 RPD:1
[CH: 50] LEN: 12 | HEX: EA 76 FE E2 6F 7E 95 FD 19 6A BE DB | T:8395366 RPD:1
[CH: 50] LEN: 12 | HEX: F6 76 EE E1 6C EF 95 EF 6C 64 BF FF | T:8395396 RPD:1
[CH: 50] LEN: 12 | HEX: F6 76 FE E0 6D DD 95 DF B0 81 BA FF | T:8395426 RPD:1
[CH: 50] LEN: 12 | HEX: FA 76 F6 DD 52 EA 95 F7 A1 91 BF 7B | T:8395456 RPD:1
[CH: 50] LEN: 12 | HEX: EA 76 FE FE 73 BA 95 FD C2 8E AF FF | T:8395486 RPD:1
[CH: 50] LEN: 12 | HEX: F2 76 FE FD 70 F6 95 EE B7 00 BB FE | T:8395490 RPD:1
[CH: 50] LEN: 12 | HEX: F6 76 FE FC 71 DD 95 EE 6B 65 BE F7 | T:8395493 RPD:1
[CH: 50] LEN: 12 | HEX: F6 76 FC F3 76 FD 95 FE DD 9C BD 6D | T:8395504 RPD:1
[CH: 50] LEN: 12 | HEX: EA 76 F6 F6 77 FC 95 EF 81 79 AF FF | T:8395504 RPD:0
[CH: 50] LEN: 12 | HEX: F2 76 F4 E9 74 EC 95 DD F4 77 3E BF | T:8395516 RPD:1
[CH: 50] LEN: 12 | HEX: EE 76 EA F8 75 EC 95 FE 28 92 BD F7 | T:8395516 RPD:0
[CH: 50] LEN: 12 | HEX: F2 76 F6 F7 7A EE 95 EF 19 85 BE FF | T:8395527 RPD:0
[CH: 50] LEN: 12 | HEX: FA 76 FE E5 70 F6 95 FE B0 6E BF AA | T:8395546 RPD:1
[CH: 50] LEN: 12 | HEX: F6 76 F4 EC 79 DE 95 FE EC 8B BF 71 | T:8395576 RPD:1
[CH: 50] LEN: 12 | HEX: F2 76 F6 F3 7A F6 95 EE DA 72 BF DF | T:8395606 RPD:1
[CH: 50] LEN: 12 | HEX: F6 76 F6 E2 7F BE 95 EF 06 97 B6 EF | T:8395636 RPD:1
[CH: 50] LEN: 12 | HEX: F2 76 EE F1 7C F5 95 EF 77 99 BD FF | T:8395666 RPD:1
[CH: 50] LEN: 12 | HEX: F6 76 FE F0 7D FD 95 FF 6F 74 AF FE | T:8395696 RPD:1
[CH: 50] LEN: 12 | HEX: F2 76 FE EE 62 EE 95 FE 01 96 B7 7F | T:8395726 RPD:1
[CH: 50] LEN: 12 | HEX: EE 76 FE FE 63 BC 95 FD 5D 73 BD 6F | T:8395756 RPD:1
[CH: 50] LEN: 12 | HEX: F2 76 FF ED 60 FE 95 EF A8 7B BF DF | T:8395786 RPD:1
[CH: 50] LEN: 12 | HEX: EA 76 F6 EC 61 EC 95 FD 74 98 BF DF | T:8395816 RPD:1
[CH: 50] LEN: 12 | HEX: EA 76 FF EB 66 F7 95 FF C2 61 BA FF | T:8395846 RPD:0
[CH: 50] LEN: 12 | HEX: F2 76 FE EA 67 5A 95 FE 9E 84 BF FF | T:8395876 RPD:1
[CH: 50] LEN: 12 | HEX: F2 76 F6 E9 64 FE 95 FE 4B 8A BF FF | T:8395906 RPD:1
[CH: 50] LEN: 12 | HEX: FA 76 FE E8 65 FE 95 F6 B7 6F 6E BF | T:8395936 RPD:1
[CH: 50] LEN: 12 | HEX: F2 76 FE E7 6A FE 95 FD 06 78 BF FF | T:8395966 RPD:1
[CH: 50] LEN: 12 | HEX: F2 76 FE E6 6B DD 95 DD 5A 9D BF FD | T:8395996 RPD:1
[CH: 50] LEN: 12 | HEX: EA 76 F6 E5 68 FE 95 DE 2F 93 AF F7 | T:8396026 RPD:1
[CH: 50] LEN: 12 | HEX: F2 76 FE E4 69 F6 95 FF F3 76 BF FF | T:8396056 RPD:1
[CH: 50] LEN: 12 | HEX: F2 76 FE E3 6E F6 95 FD 45 8F 7A F7 | T:8396086 RPD:1
[CH: 50] LEN: 12 | HEX: FA 76 FE E2 6F F6 95 FD 19 6A BF F5 | T:8396115 RPD:1
[CH: 50] LEN: 12 | HEX: FA 76 F4 E1 6C FE 95 EE EC 64 BF BF | T:8396145 RPD:1
[CH: 50] LEN: 12 | HEX: FA 76 F5 E0 6D F6 95 D7 B0 81 B7 DB | T:8396175 RPD:1
[CH: 50] LEN: 12 | HEX: EA 76 FE FE D2 FC 95 F7 21 91 BF FF | T:8396205 RPD:1
[CH: 50] LEN: 12 | HEX: FA 76 FC EE 73 BB 95 EE 82 8E BE FD | T:8396235 RPD:1
[CH: 50] LEN: 12 | HEX: FA 76 F6 FB 70 F6 95 FF 37 00 BD EB | T:8396239 RPD:1
[CH: 50] LEN: 12 | HEX: FA 76 EE E8 71 FF 95 FD 6B 65 BF FF | T:8396242 RPD:1
[CH: 50] LEN: 12 | HEX: F2 76 F6 F7 76 F6 95 FE DD 9C BF FF | T:8396253 RPD:1
[CH: 50] LEN: 12 | HEX: F2 76 F6 FA 77 7A 95 DD 01 71 BD FB | T:8396254 RPD:1
[CH: 50] LEN: 12 | HEX: FA 76 EE F5 74 FC 95 DF 74 77 6F 7D | T:8396265 RPD:1
[CH: 50] LEN: 12 | HEX: F2 76 FE F8 75 F5 95 EE A8 92 AF FF | T:8396265 RPD:0
[CH: 50] LEN: 12 | HEX: F6 76 F6 F7 7A F6 95 FD 19 85 BD 6F | T:8396276 RPD:0
[CH: 50] LEN: 12 | HEX: F6 76 EE E5 70 AA 95 AB 30 6A BF B7 | T:8396294 RPD:1
[CH: 50] LEN: 12 | HEX: F2 76 EE E4 79 FD 95 EE EC 8B AF FE | T:8396324 RPD:1
[CH: 50] LEN: 12 | HEX: FA 76 EE F3 76 FD 95 FD 5A 72 BA EF | T:8396354 RPD:1
[CH: 50] LEN: 12 | HEX: F6 76 FE E2 7A BF 95 FD 06 97 6F F7 | T:8396384 RPD:1
[CH: 50] LEN: 12 | HEX: FA 76 FE E9 78 F6 95 FC 73 99 AF FF | T:8396414 RPD:1
[CH: 50] LEN: 12 | HEX: FA 76 FE F0 7B ED 95 DD 2F 78 BF FF | T:8396444 RPD:1
[CH: 50] LEN: 12 | HEX: EA 76 F6 EF 62 FD 95 FD 01 96 B6 FE | T:8396474 RPD:1
[CH: 50] LEN: 12 | HEX: F2 76 FE EE 63 FE 95 F7 DD 73 BF FF | T:8396504 RPD:1
[CH: 50] LEN: 12 | HEX: EE 76 EE ED 60 FE 95 EF A8 75 BF FE | T:8396534 RPD:1
[CH: 50] LEN: 12 | HEX: EA 76 F4 EC 61 BE 95 DE 74 98 BF FF | T:8396564 RPD:1
[CH: 50] LEN: 12 | HEX: FA 76 F6 EB 66 F4 95 FD 42 61 BF BF | T:8396594 RPD:1
[CH: 50] LEN: 12 | HEX: F6 76 EE EA 67 7A 95 D5 5D 84 BF BF | T:8396624 RPD:0
[CH: 50] LEN: 12 | HEX: FE 76 FE F9 64 EE 95 ED EB 8A BF F7 | T:8396654 RPD:1
[CH: 50] LEN: 12 | HEX: F6 76 FC E8 65 FD 95 FF 37 6F 7D FF | T:8396684 RPD:1
[CH: 50] LEN: 12 | HEX: EA 76 F6 E7 6A EA 95 AA 46 78 AE FF | T:8396714 RPD:1
[CH: 50] LEN: 12 | HEX: F2 76 FE E5 68 F4 95 FF 2E 93 BF EF | T:8396774 RPD:1
[CH: 50] LEN: 12 | HEX: FA 76 FA E4 69 EE 95 FF 73 76 BF 5D | T:8396804 RPD:1
[CH: 50] LEN: 12 | HEX: FA 7E FE E3 6E EA 95 FD C5 8F 3B EF | T:8396834 RPD:0
[CH: 50] LEN: 12 | HEX: FA 76 FE E1 6C FE 95 ED EC 64 AB 75 | T:8396894 RPD:0
[CH: 50] LEN: 12 | HEX: EA 76 FE E0 6D EA 95 FF 30 81 BD FF | T:8396924 RPD:0
[CH: 50] LEN: 12 | HEX: F6 76 DA DB 52 FE 95 FF 21 D1 BF FF | T:8396954 RPD:0
[CH: 50] LEN: 12 | HEX: EE 66 F6 FD 73 EA 95 55 C2 8C B7 AF | T:8396984 RPD:0
[CH: 50] LEN: 12 | HEX: EE 76 FA FC 71 BE 95 FF 6B 65 B7 EF | T:8396991 RPD:0
[CH: 50] LEN: 12 | HEX: FE 76 FA FB 76 FE 95 FF 5D 9C BB FF | T:8396995 RPD:0
[CH: 50] LEN: 12 | HEX: EA 76 F5 E9 74 D6 95 DF D4 77 BF 55 | T:8397003 RPD:0
[CH: 50] LEN: 12 | HEX: FA 76 FE F8 75 FD 95 FE A8 92 BF BE | T:8397006 RPD:0
[CH: 50] LEN: 12 | HEX: FA 76 FC F7 7A FE 95 FD 19 85 BF ED | T:8397018 RPD:0
[CH: 50] LEN: 12 | HEX: FA 76 FE F6 7B FD 95 F6 C5 60 BF BF | T:8397018 RPD:0
[CH: 50] LEN: 12 | HEX: FA 76 F6 E5 78 EE 95 DC 30 6E BF FF | T:8397043 RPD:0
[CH: 50] LEN: 12 | HEX: DA 7E B6 E3 6A 9C 95 B7 12 52 BF EF | T:8397104 RPD:0
[CH: 50] LEN: 12 | HEX: FA 76 FF F2 7F BE 95 F6 86 97 AF 7B | T:8397133 RPD:0
[CH: 50] LEN: 12 | HEX: FA 6E FA EF 62 F4 95 FE 81 96 BF 37 | T:8397223 RPD:0
[CH: 50] LEN: 12 | HEX: F2 76 FA ED 60 FB 95 EF A8 6D BF 7D | T:8397283 RPD:0
[CH: 50] LEN: 12 | HEX: EE 76 FA EC 61 D6 95 DD 74 98 B5 DE | T:8397313 RPD:0
[CH: 50] LEN: 12 | HEX: EA 76 CE EA 67 F6 95 CB 9E 84 BB FF | T:8397373 RPD:0
[CH: 50] LEN: 12 | HEX: F6 76 FC E9 64 FE 95 FD 6B 8A BF FE | T:8397403 RPD:0
[CH: 50] LEN: 12 | HEX: FA 76 FE E8 65 F5 95 D7 37 6F AE F7 | T:8397433 RPD:0
[CH: 50] LEN: 12 | HEX: FA 76 FE E5 68 F4 95 ED AE 93 BF FF | T:8397523 RPD:0
[CH: 50] LEN: 12 | HEX: FA 76 FA E4 69 EE 95 FF 53 76 BF FD | T:8397553 RPD:0
[CH: 50] LEN: 12 | HEX: FA 76 FA E3 6E FA 95 FF 65 8F BB BF | T:8397583 RPD:0
[CH: 50] LEN: 12 | HEX: F2 76 FE E2 6F 5B 95 FF 19 6A B7 B7 | T:8397613 RPD:1
[CH: 50] LEN: 12 | HEX: FA 76 FE E0 6D FF 95 FB 70 81 FF FE | T:8397673 RPD:1
[CH: 50] LEN: 12 | HEX: F6 76 FE DF 52 F4 95 FB 21 91 BF FE | T:8397703 RPD:0
[CH: 50] LEN: 12 | HEX: F6 76 F5 FE 73 DF 95 FF 82 8E BF FF | T:8397733 RPD:0
[CH: 50] LEN: 12 | HEX: B2 76 F4 E9 70 FF 95 F5 37 80 BF FF | T:8397737 RPD:0
[CH: 50] LEN: 12 | HEX: FA 76 FD FC 71 FE 95 FF 6B 65 B7 5C | T:8397740 RPD:0
[CH: 50] LEN: 12 | HEX: FA 76 FE FB 76 FE 95 D5 DD 9C BB FF | T:8397751 RPD:0
[CH: 50] LEN: 12 | HEX: FA 76 FA F6 77 DD 95 D5 01 79 AF DF | T:8397751 RPD:0
[CH: 50] LEN: 12 | HEX: FA 76 FE F9 74 FB 95 EB A4 77 BF FF | T:8397762 RPD:0
[CH: 50] LEN: 12 | HEX: F6 76 FE F0 75 FE 95 F5 28 92 BF FE | T:8397763 RPD:0
[CH: 50] LEN: 12 | HEX: FA 76 FE F7 7A FE 95 F7 D9 85 BA FF | T:8397774 RPD:0
[CH: 50] LEN: 12 | HEX: FA 76 FB F5 78 FA 95 D7 30 6E B6 DF | T:8397793 RPD:0
[CH: 50] LEN: 12 | HEX: FA 76 F6 F4 79 FE 95 F6 AC 8B B5 FF | T:8397823 RPD:0
[CH: 50] LEN: 12 | HEX: FA 76 FE F3 7E F5 95 ED 5A 72 BF FB | T:8397853 RPD:0
[CH: 50] LEN: 12 | HEX: FA 76 F4 F2 7F AE 95 D6 86 97 BF FF | T:8397883 RPD:0
[CH: 50] LEN: 12 | HEX: EA 76 F4 F1 78 F4 95 FE F3 99 AF FF | T:8397913 RPD:0
[CH: 50] LEN: 12 | HEX: EA 76 EE E0 75 EE 95 D5 6E 74 AF D7 | T:8397943 RPD:0
[CH: 50] LEN: 12 | HEX: EA 76 FC EF 62 F6 95 ED 01 96 BB FF | T:8397973 RPD:0
[CH: 50] LEN: 12 | HEX: FE 77 FB EE 63 FA 95 ED D9 7B 7F FD | T:8398003 RPD:0
[CH: 50] LEN: 12 | HEX: F2 76 EE ED 60 FE 95 FD 68 7D BB FF | T:8398033 RPD:0
[CH: 50] LEN: 12 | HEX: F6 76 FE EC 61 FE 95 FF 74 98 BF FF | T:8398063 RPD:0
[CH: 50] LEN: 12 | HEX: FA 76 FF EB 66 FF 95 FE C2 61 BF FF | T:8398093 RPD:0
[CH: 50] LEN: 12 | HEX: BA 7E FE EA 77 FE 95 DD 9A 84 BF FF | T:8398123 RPD:0
[CH: 50] LEN: 12 | HEX: FA 76 EE E9 64 FE 95 FE EB 8A BF BF | T:8398152 RPD:0
[CH: 50] LEN: 12 | HEX: FA 76 FD E8 65 EE 95 FD 37 6F AF 7F | T:8398182 RPD:0
[CH: 50] LEN: 12 | HEX: F6 76 FE E7 6A EE 95 DD 06 74 AA EA | T:8398212 RPD:0
[CH: 50] LEN: 12 | HEX: EE 76 FE E6 6B FE 95 FE DA 9D BF FF | T:8398242 RPD:0
[CH: 50] LEN: 12 | HEX: F2 76 FE E4 59 D5 95 DD 63 76 B7 7E | T:8398302 RPD:0
[CH: 50] LEN: 12 | HEX: FA 76 FE E3 6E FE 95 FB 85 8E BF 6F | T:8398332 RPD:0
[CH: 50] LEN: 12 | HEX: F2 76 FE DF 52 FA 95 EA A1 91 BF BF | T:8398452 RPD:0
[CH: 50] LEN: 12 | HEX: CA 6B AD 00 81 FE 95 BF CE AA BF FF | T:8398675 RPD:0
[CH: 50] LEN: 12 | HEX: E9 77 5E F4 FE 70 95 EF F6 7F FD FE | T:8398705 RPD:0
[CH: 50] LEN: 12 | HEX: F9 77 F4 FD FE 73 95 D7 C1 DD BE EF | T:8398708 RPD:0
[CH: 50] LEN: 12 | HEX: F9 77 FD FC FA 7A 95 ED DC 98 BE FF | T:8398711 RPD:0
[CH: 50] LEN: 12 | HEX: E9 7F F6 FB 76 75 95 D5 BD D8 B7 FB | T:8398723 RPD:0
[CH: 50] LEN: 12 | HEX: E9 7F EE EA F4 74 95 DF 23 B9 DE D7 | T:8398723 RPD:0
[CH: 50] LEN: 12 | HEX: ED 6A DD DE F6 72 95 FB 5C 98 BF BB | T:8398752 RPD:0
[CH: 50] LEN: 12 | HEX: F9 77 BE FB FC 75 95 FE BA D8 BE DF | T:8398820 RPD:0
[CH: 50] LEN: 12 | HEX: F9 75 EA DA ED 74 95 FE A3 B9 BD FF | T:8398823 RPD:0
[CH: 50] LEN: 12 | HEX: F1 77 5A F5 FE 77 95 FF 94 3B BF DF | T:8398826 RPD:0
[CH: 50] LEN: 12 | HEX: F9 77 FE E8 FD 76 95 FF 89 5A BF FE | T:8398838 RPD:0
[CH: 50] LEN: 12 | HEX: F5 77 DE FA FD 70 95 FD 76 77 7F FB | T:8398838 RPD:0
[CH: 50] LEN: 12 | HEX: F9 77 EA FB DE 75 95 ED 36 D8 BF FF | T:8398861 RPD:0
[CH: 50] LEN: 12 | HEX: F9 7F FC E9 EC 75 9D FA 94 2A 9E BE | T:8398867 RPD:0
[CH: 50] LEN: 12 | HEX: F9 77 BE F8 FE 76 95 DF 09 5A BF BB | T:8398870 RPD:0
[CH: 50] LEN: 12 | HEX: ED 77 F4 FA FE 70 95 DF 76 7B 3F AE | T:8398882 RPD:0
[CH: 50] LEN: 12 | HEX: E9 77 F6 FA FE 74 95 FD 23 B9 BE BF | T:8398939 RPD:0
[CH: 50] LEN: 12 | HEX: E9 77 76 F9 FE 6F 95 FF 54 3B BB AF | T:8398942 RPD:0
[CH: 50] LEN: 12 | HEX: F1 77 AE E7 7E 79 95 FB 40 92 BF F7 | T:8399023 RPD:0
[CH: 50] LEN: 12 | HEX: F9 77 FD FA F4 70 95 FF 76 7F BF FF | T:8399026 RPD:0
[CH: 50] LEN: 12 | HEX: FD 77 F4 FD FE 73 95 FE 81 D5 BF FF | T:8399029 RPD:0
[CH: 50] LEN: 12 | HEX: E9 77 DE FC F4 72 95 FE DC 9C BF FD | T:8399040 RPD:0
[CH: 50] LEN: 12 | HEX: E9 77 FA F7 7A 75 95 AF BA D8 BD FE | T:8399041 RPD:0
[CH: 50] LEN: 12 | HEX: F9 77 FF F2 EC 74 95 F5 23 B9 BF DB | T:8399052 RPD:0
[CH: 50] LEN: 12 | HEX: F9 77 DE F5 FE 77 95 FF D4 3B BD FF | T:8399063 RPD:0
[CH: 50] LEN: 12 | HEX: F9 77 FA E8 FA 76 95 EB 09 5A BF FF | T:8399064 RPD:0
[CH: 50] LEN: 12 | HEX: F9 77 FA FD FD 73 95 FB C1 FD BE FF | T:8399075 RPD:0
[CH: 50] LEN: 12 | HEX: F9 77 EA F9 BD 77 95 FF 14 3B FF FE | T:8399075 RPD:0
[CH: 50] LEN: 12 | HEX: E9 77 FA F7 B6 75 95 FE C0 92 BF FF | T:8399086 RPD:0
[CH: 50] LEN: 12 | HEX: F9 77 7E F4 F6 7A 95 FB 5C 9C BD FF | T:8399097 RPD:0
[CH: 50] LEN: 12 | HEX: F1 76 B6 FA FC 44 95 29 22 21 3A FB | T:8399120 RPD:0
[CH: 50] LEN: 12 | HEX: F9 7F DA E9 AE F7 95 FD 94 3B BA EB | T:8399123 RPD:0
[CH: 50] LEN: 12 | HEX: D1 77 76 F8 F6 76 95 FF 09 5A BF FF | T:8399126 RPD:0
[CH: 50] LEN: 12 | HEX: F9 77 FA F7 FA 79 95 EE C0 92 BE BF | T:8399137 RPD:0
[CH: 50] LEN: 12 | HEX: F9 77 74 F4 FE 70 95 FF F6 7B BE ED | T:8399138 RPD:0
[CH: 50] LEN: 12 | HEX: E9 67 FA FD FE 73 95 EB C1 E9 BF 7E | T:8399149 RPD:0
[CH: 50] LEN: 12 | HEX: F5 77 7E F4 FD 72 95 ED DC 9C BF FD | T:8399160 RPD:0
[CH: 50] LEN: 12 | HEX: F1 77 FA F7 D5 75 95 EE BE D8 BF FD | T:8399160 RPD:0
[CH: 50] LEN: 12 | HEX: F9 77 54 F8 FE 76 95 FD 09 5A AF FF | T:8399172 RPD:0
[CH: 50] LEN: 12 | HEX: F9 77 AD FC FE 72 95 FF 5C 9C BE FF | T:8399172 RPD:0
[CH: 50] LEN: 12 | HEX: F1 77 BA FB DD 75 95 DF 3C D8 BF F2 | T:8399183 RPD:0
[CH: 50] LEN: 12 | HEX: F5 77 F4 F4 FA 76 95 FE 89 5A B7 7E | T:8399184 RPD:0
[CH: 50] LEN: 12 | HEX: F9 77 F8 F7 DE 79 95 DF 40 92 BB 55 | T:8399195 RPD:0
[CH: 50] LEN: 12 | HEX: F9 77 DE FB EE 75 95 FE BE D8 BD 7F | T:8399223 RPD:0
[CH: 50] LEN: 12 | HEX: F9 77 54 FA EE 74 95 F5 23 B9 BF FE | T:8399226 RPD:0
[CH: 50] LEN: 12 | HEX: F9 77 AE F9 FF 77 D5 EE 54 3B BF FF | T:8399229 RPD:0
[CH: 50] LEN: 12 | HEX: E9 65 6A D8 AE 54 95 58 89 5A BF DF | T:8399240 RPD:0
[CH: 50] LEN: 12 | HEX: F9 77 B5 F7 EE 79 95 4A C0 92 BF D6 | T:8399240 RPD:0
[CH: 50] LEN: 12 | HEX: F5 77 FD FE FE 70 95 FF 76 7F 7F BB | T:8399252 RPD:0
[CH: 50] LEN: 12 | HEX: F9 77 F5 F9 FE 73 95 EE 81 ED B6 FF | T:8399263 RPD:0
[CH: 50] LEN: 12 | HEX: F9 77 EA E8 EE 72 95 FE DC 9C BE BF | T:8399263 RPD:0
[CH: 50] LEN: 12 | HEX: F1 77 FD F1 EC 77 95 F7 54 3B B7 FF | T:8399275 RPD:0
[CH: 50] LEN: 12 | HEX: F9 77 BA ED FE 73 95 EE 81 FD BE BD | T:8399275 RPD:0
[CH: 50] LEN: 12 | HEX: F1 77 DE FC FE 72 95 EF 5C 9C BF 7F | T:8399286 RPD:0
[CH: 50] LEN: 12 | HEX: F1 77 75 E9 EE 77 95 DD 94 3B BF FF | T:8399286 RPD:0
[CH: 50] LEN: 12 | HEX: F9 77 AE E8 FF 76 95 EB 09 5A B7 AA | T:8399298 RPD:0
[CH: 50] LEN: 12 | HEX: E9 77 FD FD FE 63 D5 FD 41 FD BD FF | T:8399309 RPD:0
[CH: 50] LEN: 12 | HEX: E9 77 BA FC FE 72 95 EF 5C 9C BE FB | T:8399309 RPD:0
[CH: 50] LEN: 12 | HEX: ED 77 FE F7 7A 79 15 FE 40 92 BD FF | T:8399324 RPD:0
[CH: 50] LEN: 12 | HEX: F9 77 7A FC DE 52 95 FF 5E 9C B5 BF | T:8399333 RPD:0
[CH: 50] LEN: 12 | HEX: E9 77 7C F2 FD 74 95 DF 23 B9 BF FF | T:8399339 RPD:0
[CH: 50] LEN: 12 | HEX: E9 67 BE F9 BD 5F 15 D7 94 2B BD 7B | T:8399342 RPD:0
[CH: 50] LEN: 12 | HEX: F5 76 DE F4 FE 76 95 DD 09 5A BE FF | T:8399353 RPD:0
[CH: 50] LEN: 12 | HEX: F9 77 FE D7 6A 71 95 EA C0 92 AF ED | T:8399365 RPD:0
[CH: 50] LEN: 12 | HEX: F9 77 FE EE FF 70 95 EE FE 7F BF FF | T:8399368 RPD:0
[CH: 50] LEN: 12 | HEX: E9 77 FE ED FD 73 95 FE C1 E9 BF FF | T:8399371 RPD:0
[CH: 50] LEN: 12 | HEX: F1 77 FD F4 FE 72 95 F5 5C 9C BF FF | T:8399382 RPD:0
[CH: 50] LEN: 12 | HEX: F5 77 55 F3 BE 75 95 FD 7E 98 B7 FF | T:8399382 RPD:0
[CH: 50] LEN: 12 | HEX: F9 D7 EE F5 FE 7B 9D F6 C9 FD FF FF | T:8399480 RPD:0
[CH: 50] LEN: 12 | HEX: F5 77 FA FE E6 72 95 DE 58 9C BB 7F | T:8399483 RPD:0
[CH: 50] LEN: 12 | HEX: E9 57 E9 FB F4 7D D5 EB 3E 98 BF B5 | T:8399486 RPD:0
[CH: 50] LEN: 12 | HEX: E1 77 BD E2 FD 74 95 FA 23 B9 BF FF | T:8399497 RPD:0
[CH: 50] LEN: 12 | HEX: F9 77 B6 E9 FD 77 95 EB 94 33 AD FF | T:8399497 RPD:0
[CH: 50] LEN: 12 | HEX: F9 77 FA FD DE 73 95 FD C1 F5 BF FE | T:8399630 RPD:0
[CH: 50] LEN: 12 | HEX: E9 77 DE EB BA 75 95 FB 3D D8 BF DF | T:8399636 RPD:0
[CH: 50] LEN: 12 | HEX: ED 77 FE EA FA 74 95 EB 23 B9 BE FD | T:8399656 RPD:0
[CH: 50] LEN: 12 | HEX: F1 77 BA F9 ED 77 15 DD 54 3B BF FF | T:8399659 RPD:0
[CH: 50] LEN: 12 | HEX: F5 77 6A E8 EA 76 95 DE 89 5A BF BD | T:8399662 RPD:0
[CH: 50] LEN: 12 | HEX: F5 77 B4 F7 AD 71 95 FE 40 92 B7 FA | T:8399673 RPD:0
[CH: 50] LEN: 12 | HEX: F5 77 B9 FC FE 70 95 F5 76 7A BA FF | T:8399673 RPD:0
[CH: 50] LEN: 12 | HEX: F9 77 FD FD DE 73 95 FF A1 F5 BF FF | T:8399684 RPD:0
[CH: 50] LEN: 12 | HEX: F9 77 F6 F4 EE 72 95 FF DC 9C BF F7 | T:8399696 RPD:0
[CH: 50] LEN: 12 | HEX: E9 77 5E F3 B5 75 95 AD 3E D8 BD BF | T:8399696 RPD:0
[CH: 50] LEN: 12 | HEX: E9 77 AD EA FE 74 95 D5 23 B9 BF EE | T:8399707 RPD:0
[CH: 50] LEN: 12 | HEX: F9 77 FA F9 EE 77 95 EB 94 3B BB F7 | T:8399708 RPD:0
[CH: 50] LEN: 12 | HEX: E9 7F FD F7 FF 79 95 FB 40 92 B7 F7 | T:8399723 RPD:0
[CH: 50] LEN: 12 | HEX: F1 77 54 F6 FE 70 95 EA F7 7F 7F FF | T:8399726 RPD:0
[CH: 50] LEN: 12 | HEX: F9 77 FF F4 F6 76 95 DF 09 DA BF FF | T:8399795 RPD:0
[CH: 50] LEN: 12 | HEX: F9 6F DE ED FA 77 95 FF 94 3B BA DF | T:8399941 RPD:0
[CH: 50] LEN: 12 | HEX: F9 6D 7E B5 ED 70 95 D6 6F 7E 2E BF | T:8399967 RPD:0
[CH: 50] LEN: 12 | HEX: F9 77 5C FE EA 74 95 FF A3 B9 AD F7 | T:8400047 RPD:0
[CH: 50] LEN: 12 | HEX: E9 76 BE F5 FE 77 55 EA 94 3B B7 BF | T:8400050 RPD:0
[CH: 50] LEN: 12 | HEX: F9 77 54 F8 F4 76 95 DD 89 5A B6 FB | T:8400070 RPD:0
[CH: 50] LEN: 12 | HEX: F9 7F DE EF 7E 75 95 FF C0 92 BD F7 | T:8400073 RPD:0
[CH: 50] LEN: 12 | HEX: F9 77 EA FE FE 70 95 EB 76 7D B5 FF | T:8400076 RPD:0
[CH: 50] LEN: 12 | HEX: E9 77 6A FB FA 75 D5 FE BD D8 BF F7 | T:8400102 RPD:0
[CH: 50] LEN: 12 | HEX: E9 77 7E FA EA 74 95 D6 A3 B9 BD BF | T:8400105 RPD:0
[CH: 50] LEN: 12 | HEX: F9 77 FA F1 FD 77 95 EF 14 3E BF FF | T:8400108 RPD:0
[CH: 50] LEN: 12 | HEX: F9 77 F6 E8 F6 72 95 F7 5C 9C BF BA | T:8400233 RPD:0
[CH: 50] LEN: 12 | HEX: F9 77 7A F5 EC 77 95 FF 54 3B BF DF | T:8400334 RPD:0
[CH: 50] LEN: 12 | HEX: ED 77 FE F8 D6 76 95 FF 09 5A AE FF | T:8400354 RPD:0
[CH: 50] LEN: 12 | HEX: E9 75 F6 FE F6 70 95 EF F6 6E BF DF | T:8400360 RPD:0
[CH: 50] LEN: 12 | HEX: F5 77 7A FD EE 73 95 DD 41 D9 BF F7 | T:8400363 RPD:0
[CH: 50] LEN: 12 | HEX: F9 77 BA FC DD 7A 95 FD 5C 9C B7 7D | T:8400374 RPD:0
[CH: 50] LEN: 12 | HEX: F9 77 FA FB FE 75 95 FF BA DC BF FF | T:8400375 RPD:0
[CH: 50] LEN: 12 | HEX: D1 77 EE EA FE 74 95 F5 23 B9 AF EE | T:8400386 RPD:0
[CH: 50] LEN: 12 | HEX: E9 77 F4 E9 FD 77 95 F6 94 3B BE FF | T:8400386 RPD:0
[CH: 50] LEN: 12 | HEX: E9 76 BE E7 FB 79 D5 FD 40 92 AF FF | T:8400397 RPD:0
[CH: 50] LEN: 12 | HEX: F5 77 EA F5 FF 73 95 FE 81 ED BD 5F | T:8400398 RPD:0
[CH: 50] LEN: 12 | HEX: E9 77 ED FC F6 72 95 C5 5C 9C BB BF | T:8400409 RPD:0
[CH: 50] LEN: 12 | HEX: F5 77 FD F7 F6 75 95 F7 7A D8 BF FF | T:8400420 RPD:0
[CH: 50] LEN: 12 | HEX: F5 77 DA FA FF 74 95 F7 23 B9 AF A5 | T:8400421 RPD:0
[CH: 50] LEN: 12 | HEX: F1 7F FA DD 5A 53 55 AE 41 DD B7 7F | T:8400493 RPD:0
[CH: 50] LEN: 12 | HEX: F9 77 3F F4 F4 72 95 EB 5A 98 AF D4 | T:8400496 RPD:0
[CH: 50] LEN: 12 | HEX: F9 77 CA E3 FE 6D 95 FF 3E D8 B5 ED | T:8400499 RPD:0
[CH: 50] LEN: 12 | HEX: F1 77 7E F2 DE 64 95 F5 23 B9 BF FA | T:8400510 RPD:0
[CH: 50] LEN: 12 | HEX: F1 77 F6 FF B6 75 95 AF BA D8 FD BF | T:8400605 RPD:0
[CH: 50] LEN: 12 | HEX: F9 77 7F DA FE 74 95 EF 23 F9 BB FF | T:8400608 RPD:0
[CH: 50] LEN: 12 | HEX: F9 76 AE D9 EA 55 15 FF 54 3B 37 77 | T:8400669 RPD:0
[CH: 50] LEN: 12 | HEX: FD 77 F4 EA FE 70 95 F9 7E 7B B5 AE | T:8400678 RPD:0
[CH: 50] LEN: 12 | HEX: D5 6F 7E FB 6E 65 95 FB B4 D8 BF FF | T:8400687 RPD:0
[CH: 50] LEN: 12 | HEX: D1 7E 7C F2 FB 74 95 FF 23 F9 BF DE | T:8400690 RPD:0
[CH: 50] LEN: 12 | HEX: F9 77 FA FF FD 75 95 ED BE D8 BF DB | T:8400711 RPD:0
[CH: 50] LEN: 12 | HEX: F9 6F FE F9 FC 77 95 EF 94 3F FF F4 | T:8400717 RPD:0
[CH: 50] LEN: 12 | HEX: E9 77 1E BD F6 68 95 EB 6E 7F BA FE | T:8400760 RPD:0
[CH: 50] LEN: 12 | HEX: F9 77 F6 FD DE 73 95 FF C1 FB BB FF | T:8400764 RPD:0
[CH: 50] LEN: 12 | HEX: F5 76 FE F6 FF 72 95 FE 5C 98 AB EF | T:8400784 RPD:0
[CH: 50] LEN: 12 | HEX: F5 77 5F 00 00 71 95 F9 C9 06 BF E7 | T:8400859 RPD:0
[CH: 50] LEN: 12 | HEX: ED 77 FF 00 00 79 91 FF 85 C2 BF FE | T:8401159 RPD:0
[CH: 50] LEN: 12 | HEX: FC 6D FD 00 FD FE 91 FC F0 98 BF BF | T:8401488 RPD:0
[CH: 50] LEN: 12 | HEX: E9 75 7E 00 00 71 91 FF 05 C2 AF FF | T:8401757 RPD:0
[CH: 50] LEN: 12 | HEX: F9 6F DF 00 00 71 B1 EB 05 A2 BD 7F | T:8401758 RPD:0
[CH: 50] LEN: 12 | HEX: F8 6D D6 80 FD EA 91 7B 70 9C BB 6D | T:8401788 RPD:0
[CH: 50] LEN: 12 | HEX: F9 7F FF 80 00 71 91 FF 05 E2 BF F5 | T:8402057 RPD:0
[CH: 50] LEN: 12 | HEX: F9 7F BF 00 00 71 91 F7 05 C2 BF 5F | T:8402058 RPD:0
[CH: 50] LEN: 12 | HEX: D0 6D 7A 80 AA D2 91 AE 58 98 AD 6F | T:8402987 RPD:0
[CH: 50] LEN: 12 | HEX: F0 6D EB 00 FF F2 91 EE 78 98 AF FF | T:8403287 RPD:0
[CH: 50] LEN: 12 | HEX: F1 7F BF 00 00 71 D1 FF 85 C2 B7 FA | T:8404756 RPD:0
[CH: 50] LEN: 12 | HEX: D9 57 BF 00 00 69 91 FF 05 C2 BE FF | T:8405055 RPD:0
[CH: 50] LEN: 12 | HEX: F8 7D FD 00 FE EA 91 FF 78 98 B7 FF | T:8405085 RPD:0
[CH: 50] LEN: 12 | HEX: E8 6D BF 00 EC F6 91 FB 70 98 BF FF | T:8405086 RPD:0
[CH: 50] LEN: 12 | HEX: F8 6D EF 00 EA FA 91 FF 70 98 BB DF | T:8405685 RPD:0
[CH: 50] LEN: 12 | HEX: F8 6D EE 00 EE FE 91 DD 70 98 BF FA | T:8405985 RPD:0
[CH: 50] LEN: 12 | HEX: D0 6D EF 00 FE EA 91 DD 68 98 BF BF | T:8405986 RPD:0
[CH: 50] LEN: 12 | HEX: E9 77 7F 00 00 71 91 DF 05 E2 BB B5 | T:8406554 RPD:0
[CH: 50] LEN: 12 | HEX: F9 7F 6F 00 00 71 91 EE 05 C2 BD FF | T:8406554 RPD:0
[CH: 50] LEN: 12 | HEX: E8 6D EA 00 DE EA 91 FB 68 98 BF E2 | T:8406585 RPD:0
[CH: 50] LEN: 12 | HEX: E9 77 B7 00 00 71 51 7B 05 C2 BE DF | T:8406853 RPD:0
[CH: 50] LEN: 12 | HEX: F5 77 5D 00 00 51 11 76 85 42 B7 7A | T:8406854 RPD:0
[CH: 50] LEN: 12 | HEX: F1 76 DD 00 00 71 99 ED 05 C2 BF 7F | T:8407454 RPD:0
[CH: 50] LEN: 12 | HEX: E9 7F DE 00 00 71 91 FF 05 E2 BD EF | T:8407753 RPD:0
[CH: 50] LEN: 12 | HEX: D9 7F 7F 80 00 79 D1 FF 05 C2 BF EF | T:8407753 RPD:0
[CH: 50] LEN: 12 | HEX: E9 77 BF 00 00 71 91 DF 05 C2 BF F7 | T:8408053 RPD:0
[CH: 50] LEN: 12 | HEX: FD 7B 7F 00 00 61 91 AB 05 E2 AB FA | T:8408353 RPD:0
[CH: 50] LEN: 12 | HEX: F8 6D 77 00 DE F6 91 FF 78 98 BB AA | T:8409582 RPD:0
[CH: 50] LEN: 12 | HEX: F0 7D F7 40 FC EA 91 DA 78 98 B7 FF | T:8409582 RPD:0
[CH: 50] LEN: 12 | HEX: FA 7E DF 00 8C BA 91 FF 2C 66 BF FB | T:8409736 RPD:0
[CH: 50] LEN: 12 | HEX: FA 76 EA EC 79 FE 91 EF 73 61 BB B7 | T:8409774 RPD:0
[CH: 50] LEN: 12 | HEX: FA 7E EE E5 6C EA 91 AF E4 73 BF FF | T:8409785 RPD:0
[CH: 50] LEN: 12 | HEX: EA 56 EE E7 77 72 91 7F 55 64 BA FA | T:8409796 RPD:0
[CH: 50] LEN: 12 | HEX: EA 6E FD EB 66 F2 91 FE D2 65 BF 6F | T:8410126 RPD:0
[CH: 50] LEN: 12 | HEX: F6 76 D6 DA 67 EA 91 FE 8E 80 BF FF | T:8410156 RPD:0
[CH: 50] LEN: 12 | HEX: EA 76 ED E4 69 E6 91 FF D3 72 BF F7 | T:8410336 RPD:0
[CH: 50] LEN: 12 | HEX: F6 5E FD A1 6D FA 91 FF 7C 60 BF BF | T:8410426 RPD:0
[CH: 50] LEN: 12 | HEX: EA 76 EE E0 6D EA 91 FF A0 85 BF 6B | T:8410456 RPD:0
[CH: 50] LEN: 12 | HEX: DA 76 FF DF 52 FA 91 EA 31 95 BF DF | T:8410486 RPD:0
[CH: 50] LEN: 12 | HEX: FD 57 EE BA FF 70 91 AA BE BB F7 FD | T:8410727 RPD:0
[CH: 50] LEN: 12 | HEX: ED 77 FA D3 DD 75 91 FD 72 1C BB F7 | T:8410753 RPD:0
[CH: 50] LEN: 12 | HEX: F1 77 BA FD FF 77 D1 EF 58 EF BF EF | T:8410759 RPD:0
[CH: 50] LEN: 12 | HEX: F9 77 BB D0 FA 76 91 FF 45 9E BF FF | T:8410762 RPD:0
[CH: 50] LEN: 12 | HEX: F9 77 FE EA EC 74 91 EF EF 79 BF 5B | T:8410797 RPD:0
[CH: 50] LEN: 12 | HEX: F9 F7 FD FD BE 7B 99 FE 8D 39 FF FF | T:8410829 RPD:0
[CH: 50] LEN: 12 | HEX: F9 77 5A FB FE 75 91 EE F2 14 BF FF | T:8410835 RPD:0
[CH: 50] LEN: 12 | HEX: E9 77 FD EA EA 7C 91 FF EF 7D AF FE | T:8410838 RPD:0
[CH: 50] LEN: 12 | HEX: F5 77 FF F0 FE 76 91 FF 45 9E BD F7 | T:8410849 RPD:0
[CH: 50] LEN: 12 | HEX: D9 77 BE ED FD 73 D1 EE 0D 39 BF EF | T:8410870 RPD:0
[CH: 50] LEN: 12 | HEX: F9 77 F8 F8 FA 76 91 FF C5 9E BF BF | T:8410902 RPD:0
[CH: 50] LEN: 12 | HEX: F9 77 EE FD DE 70 91 FF BA B7 BD FF | T:8410925 RPD:0
[CH: 50] LEN: 12 | HEX: E9 76 BE DD DA 53 91 DF 0D 3D BF F7 | T:8410928 RPD:0
[CH: 50] LEN: 12 | HEX: F9 77 6E F8 EE 72 91 EA 90 58 BF DF | T:8410931 RPD:0
[CH: 50] LEN: 12 | HEX: E9 77 FA FB EE 75 91 EF 72 1C BF 7B | T:8410942 RPD:0
[CH: 50] LEN: 12 | HEX: F5 77 BE D6 EA 74 91 EE EA FD F7 7F | T:8410942 RPD:0
[CH: 50] LEN: 12 | HEX: E9 6E DF F1 9E 77 11 D5 58 EA D4 DD | T:8410953 RPD:0
[CH: 50] LEN: 12 | HEX: F5 77 BE BC F4 76 91 DF C5 9E BE FF | T:8410965 RPD:0
[CH: 50] LEN: 12 | HEX: F1 77 FE FA DC 70 91 FF BA BB BE DF | T:8410965 RPD:0
[CH: 50] LEN: 12 | HEX: D9 77 7E F4 FE 72 91 DF 90 58 BD 77 | T:8410976 RPD:0
[CH: 50] LEN: 12 | HEX: ED 77 76 FC EA 70 91 DB BA BB B7 BF | T:8410990 RPD:0
[CH: 50] LEN: 12 | HEX: F9 77 FE FB FE 73 D1 DD 0D 39 BF D7 | T:8410993 RPD:0
[CH: 50] LEN: 12 | HEX: E9 77 7C FC F6 72 91 FA 90 58 BF 7D | T:8410996 RPD:0
[CH: 50] LEN: 12 | HEX: F9 57 BE D7 F5 75 91 DB 6A 1C BF BF | T:8411007 RPD:0
[CH: 50] LEN: 12 | HEX: F1 7F 5E F2 FF 74 91 FD 6F 75 BD FF | T:8411007 RPD:0
[CH: 50] LEN: 12 | HEX: F1 77 FE F9 FE 77 91 BD 58 D5 37 7F | T:8411018 RPD:0
[CH: 50] LEN: 12 | HEX: D1 6F FC EF DD 79 91 FD 8C 56 BF A5 | T:8411030 RPD:0
[CH: 50] LEN: 12 | HEX: E9 77 7E FD EF 70 91 FB 7A BF B7 ED | T:8411030 RPD:0
[CH: 50] LEN: 12 | HEX: F9 77 7E EB FA 7D 91 FD 72 1E B7 EF | T:8411041 RPD:0
[CH: 50] LEN: 12 | HEX: F1 7F F4 F6 EB 64 91 FE EF 77 BF F7 | T:8411042 RPD:0
[CH: 50] LEN: 12 | HEX: F9 77 FA F5 ED 7F 91 FD 58 EF BE DF | T:8411054 RPD:0
[CH: 50] LEN: 12 | HEX: F9 77 FE F7 FA 79 91 EF 0C 56 BE FF | T:8411054 RPD:0
[CH: 50] LEN: 12 | HEX: E9 7F 76 FE EE 70 91 DE BE BB B7 FF | T:8411065 RPD:0
[CH: 50] LEN: 12 | HEX: F5 77 EB ED F6 73 91 FF 0D 39 B7 FF | T:8411077 RPD:0
[CH: 50] LEN: 12 | HEX: E9 77 7E D3 BE 75 91 F5 72 1C BF 51 | T:8411077 RPD:0
[CH: 50] LEN: 12 | HEX: F9 77 7E F7 DE 79 51 D7 8C 56 AF FF | T:8411088 RPD:0
[CH: 50] LEN: 12 | HEX: F9 77 5C EB F4 68 91 FE BA BF BF 7F | T:8411088 RPD:0
[CH: 50] LEN: 12 | HEX: F1 77 DF FA EB 74 91 DD 6E F5 FF DF | T:8411107 RPD:0
[CH: 50] LEN: 12 | HEX: F9 77 DE F9 FD 77 91 FF 58 FD 7F D6 | T:8411110 RPD:0
[CH: 50] LEN: 12 | HEX: F9 76 AE F4 FB 76 91 FF 45 9F BB FF | T:8411113 RPD:0
[CH: 50] LEN: 12 | HEX: C9 77 DF EC EE 70 91 FA BA BB BF DE | T:8411125 RPD:0
[CH: 50] LEN: 12 | HEX: F5 77 7A FB 5E 75 91 D5 72 1C BF 7F | T:8411128 RPD:0
[CH: 50] LEN: 12 | HEX: FD 77 BF E9 FE 7F 91 FE DC FD BE FD | T:8411175 RPD:0
[CH: 50] LEN: 12 | HEX: F9 6F BE F0 EE 76 91 FF 45 9D B7 EF | T:8411178 RPD:0
[CH: 50] LEN: 12 | HEX: D1 77 BF A7 FE 79 91 FF CC 56 AF EF | T:8411239 RPD:0
[CH: 50] LEN: 12 | HEX: F1 77 EE DB FF 73 91 DF 0D 39 BE B7 | T:8411262 RPD:0
[CH: 50] LEN: 12 | HEX: E9 77 BE F9 FA 67 11 EB 58 D7 EF E5 | T:8411291 RPD:0
[CH: 50] LEN: 12 | HEX: D9 6F BE FE F6 78 91 FF BA BB BF FB | T:8411317 RPD:0
[CH: 50] LEN: 12 | HEX: F9 77 EE FC EA 72 91 D5 90 58 B7 EE | T:8411323 RPD:0
[CH: 50] LEN: 12 | HEX: E9 7F 7E F4 FE 7E 91 FF C5 9E AE AF | T:8411335 RPD:0
[CH: 50] LEN: 12 | HEX: E9 6F 54 DE FA 74 91 F7 FF FD BE FF | T:8411353 RPD:0
[CH: 50] LEN: 12 | HEX: F5 76 FE C9 FE 77 D1 BE D8 DF BF BF | T:8411356 RPD:0
[CH: 50] LEN: 12 | HEX: F5 77 EE F6 FA 74 91 FF BF 7D BF FF | T:8411377 RPD:0
[CH: 50] LEN: 12 | HEX: F1 77 7A F5 FF 75 11 DF D8 FB B7 EF | T:8411380 RPD:0
[CH: 50] LEN: 12 | HEX: F9 77 EE D2 EE 64 91 FB EF 75 BF FF | T:8411518 RPD:0
[CH: 50] LEN: 12 | HEX: E9 77 7C EB DE 6D D1 EB 72 1C BF FF | T:8411701 RPD:0
[CH: 50] LEN: 12 | HEX: E9 76 FF EE EC 78 99 ED BE BF BE AF | T:8411767 RPD:0
[CH: 50] LEN: 12 | HEX: D9 77 F4 F9 EC 73 11 FF 0D 39 BF A9 | T:8411771 RPD:0
[CH: 50] LEN: 12 | HEX: E9 7F FE FB 7E 75 91 FF 7A 14 BF 7B | T:8411777 RPD:0
[CH: 50] LEN: 12 | HEX: F9 76 FC FC EE 70 91 F6 BE B3 AB BF | T:8411826 RPD:0
[CH: 50] LEN: 12 | HEX: ED 7F F4 FA D6 74 91 FF AF 7D BB FD | T:8411873 RPD:0
[CH: 50] LEN: 12 | HEX: F9 76 FC F6 EE 50 91 EF B6 AF FB D7 | T:8412088 RPD:0
[CH: 50] LEN: 12 | HEX: D9 76 BE B9 F6 76 91 5E D4 FC BF 6F | T:8412103 RPD:0
[CH: 50] LEN: 12 | HEX: E9 6F 64 D5 74 75 91 BA 8C 56 B7 BD | T:8412126 RPD:0
[CH: 50] LEN: 12 | HEX: FD 65 7F EA EA 74 91 FD EF 7D BD FB | T:8412158 RPD:0
[CH: 50] LEN: 12 | HEX: F9 77 EE FE D4 7A 91 DF 10 5C BF FF | T:8412233 RPD:0
[CH: 50] LEN: 12 | HEX: D9 67 7E EF FE 70 91 F6 BA B7 7E FD | T:8412252 RPD:0
[CH: 50] LEN: 12 | HEX: FD 77 FC DA FB 74 91 FF EF 7F FD 6F | T:8412263 RPD:0
[CH: 50] LEN: 12 | HEX: F9 7F 7D F8 F2 7E 91 F5 85 9E BF FF | T:8412269 RPD:0
[CH: 50] LEN: 12 | HEX: F9 76 AE F6 FE 79 91 EF 0C 56 AD EF | T:8412272 RPD:0
[CH: 50] LEN: 12 | HEX: D9 6E FE E9 FE 67 51 D7 58 FE B7 FF | T:8412290 RPD:0
[CH: 50] LEN: 12 | HEX: E9 6F 7E FF DE 7B 51 BB 0D 3D BF F7 | T:8412302 RPD:0
[CH: 50] LEN: 12 | HEX: F5 77 EE FC EE 72 91 FF 90 58 BF EF | T:8412305 RPD:0
[CH: 50] LEN: 12 | HEX: FD 75 BE BE FD 74 91 DF AE 75 BB FA | T:8412328 RPD:0
[CH: 50] LEN: 12 | HEX: F9 77 DE E8 D6 66 91 FB C5 9E AF 7F | T:8412358 RPD:0
[CH: 50] LEN: 12 | HEX: F9 6E BD FD F4 73 51 DD 0F 31 FF FF | T:8412367 RPD:0
[CH: 50] LEN: 12 | HEX: E9 77 F6 EA FC 74 91 DF EF FD BD 7F | T:8412376 RPD:0
[CH: 50] LEN: 12 | HEX: F1 76 F6 FF FA 60 91 5F FA BB FA BF | T:8412388 RPD:0
[CH: 50] LEN: 12 | HEX: D9 7F FD FE FD 70 91 FF BA BB BE DF | T:8412429 RPD:0
[CH: 50] LEN: 12 | HEX: D9 77 7E DE ED 7A 95 59 90 58 BF DE | T:8412494 RPD:0
[CH: 50] LEN: 12 | HEX: F1 77 F7 FA EE 74 91 FF AF 79 FB AE | T:8412500 RPD:0
[CH: 50] LEN: 12 | HEX: FD 6F D6 FB FE 75 91 EF 72 1C BF AF | T:8412573 RPD:0
[CH: 50] LEN: 12 | HEX: FD 67 F6 FD FF 73 D1 FF 0D 3D BE BF | T:8412632 RPD:0
[CH: 50] LEN: 12 | HEX: F9 77 F6 F7 BC 79 91 F7 0A 56 BF FF | T:8412835 RPD:0
[CH: 50] LEN: 12 | HEX: D5 76 BE DE FE 70 91 F7 BA BB FE FF | T:8412948 RPD:0
[CH: 50] LEN: 12 | HEX: FD 76 FA E8 F6 76 91 DE 85 9E BE FE | T:8412983 RPD:0
[CH: 50] LEN: 12 | HEX: F9 6D F6 EB FE 75 91 FF F2 1C B7 FF | T:8412998 RPD:0
[CH: 50] LEN: 12 | HEX: F5 77 EC FA DE 7C 91 FB FF 75 BB FF | T:8413001 RPD:0
[CH: 50] LEN: 12 | HEX: F9 77 AE F8 FC 7A 91 F7 C5 9E BF FF | T:8413007 RPD:0
[CH: 50] LEN: 12 | HEX: F9 76 FE F7 7C 79 95 AF 0C 56 BF F7 | T:8413109 RPD:0
[CH: 50] LEN: 12 | HEX: FD 6F 7D EF F6 70 91 FB 3E BB B6 F7 | T:8413112 RPD:0
[CH: 50] LEN: 12 | HEX: A9 56 BA D9 D4 47 91 FA D8 EB B7 7E | T:8413127 RPD:0
[CH: 50] LEN: 12 | HEX: D9 7F 56 EC FF 76 91 FF C5 DE BF DF | T:8413424 RPD:0
[CH: 50] LEN: 12 | HEX: D9 7F FC D7 FE 79 51 EF 8C 56 B7 DD | T:8413502 RPD:0
[CH: 50] LEN: 12 | HEX: F9 7F FE F7 7E 69 91 FD 8C 56 BF EB | T:8413560 RPD:0
[CH: 50] LEN: 12 | HEX: F9 75 FE DE FE 70 91 FF BE BF AD DD | T:8413563 RPD:0
[CH: 50] LEN: 12 | HEX: E9 F7 AE F9 BC 75 D9 B7 FC F7 DB DF | T:8413578 RPD:0
[CH: 50] LEN: 12 | HEX: D9 77 DF F5 EE 73 D1 BE 8D 39 BD BB | T:8413607 RPD:0
[CH: 50] LEN: 12 | HEX: D1 77 D6 FA FE 74 91 FF EC 7D BF FF | T:8413616 RPD:0
[CH: 50] LEN: 12 | HEX: FD 77 FA FA F5 64 91 AE EE 69 AD FF | T:8413681 RPD:0
[CH: 50] LEN: 12 | HEX: F9 7F 5A 8A D8 45 91 7D 42 10 AD 75 | T:8413702 RPD:0
[CH: 50] LEN: 12 | HEX: F1 6F F7 00 00 71 91 FD 05 C2 BF DE | T:8414963 RPD:0
[CH: 50] LEN: 12 | HEX: FD 57 7F 00 00 71 D1 FA 05 C2 B7 EF | T:8414963 RPD:0
[CH: 50] LEN: 12 | HEX: F8 6D DF 00 FB F6 91 DD 70 D8 AE FF | T:8415294 RPD:0
[CH: 50] LEN: 12 | HEX: B9 77 F6 80 00 71 91 9D 05 C2 BB FF | T:8415562 RPD:0
[CH: 50] LEN: 12 | HEX: FD ED FF 7A FB FF F5 FF 73 32 FF FF | T:8415892 RPD:0
[CH: 50] LEN: 12 | HEX: F8 5D FC 80 EF F6 91 FF 68 9C BE DF | T:8416192 RPD:0
[CH: 50] LEN: 12 | HEX: F8 6D F7 00 EE DA 91 FE 70 98 B6 BF | T:8416193 RPD:0
[CH: 50] LEN: 12 | HEX: F9 7F FE 00 00 71 D1 D6 05 C2 BF DF | T:8417360 RPD:0
[CH: 50] LEN: 12 | HEX: F8 6F AF 00 FD DA 91 FF 70 98 BF F5 | T:8417392 RPD:0
[CH: 50] LEN: 12 | HEX: E9 77 F7 00 00 61 91 FB 05 C2 BF FF | T:8417960 RPD:0
[CH: 50] LEN: 12 | HEX: F9 77 FF 00 00 71 91 DF 05 C2 BD DB | T:8417961 RPD:0
[CH: 50] LEN: 12 | HEX: F8 6D AF 00 EA EA 91 FD 78 98 BD FD | T:8417990 RPD:0
[CH: 50] LEN: 12 | HEX: E8 6D BE 80 DE FA 91 FF 78 94 B7 FF | T:8417991 RPD:0
[CH: 50] LEN: 12 | HEX: F8 6D DF 00 FF F6 91 EF 70 98 BE FF | T:8418890 RPD:0
[CH: 50] LEN: 12 | HEX: E9 77 EF 00 00 71 91 FB 05 C2 B7 BF | T:8420658 RPD:0
[CH: 50] LEN: 12 | HEX: F9 77 FF 00 00 71 91 DF 05 C2 BF FF | T:8420658 RPD:0
[CH: 50] LEN: 12 | HEX: E8 6D FF 00 F6 FA 91 5F 70 94 BF FF | T:8420689 RPD:0
[CH: 50] LEN: 12 | HEX: D4 6D E9 00 EE FA 91 ED 70 98 AF BF | T:8421888 RPD:0
[CH: 50] LEN: 12 | HEX: F8 6D EF 00 FC DA 91 FB 60 98 B7 7F | T:8422187 RPD:0
[CH: 50] LEN: 12 | HEX: F8 7D B7 00 FE EE 91 EF 70 98 BF FF | T:8422187 RPD:0
[CH: 50] LEN: 12 | HEX: F9 7F 7E 80 00 71 91 DE 05 E2 BD 75 | T:8422456 RPD:0
[CH: 50] LEN: 12 | HEX: F8 6D EF 00 EE F2 91 BF 78 98 BF FB | T:8422487 RPD:0
[CH: 50] LEN: 12 | HEX: FA 76 EE FD 78 FA 91 DB 20 6A BF D5 | T:8423350 RPD:0
[CH: 50] LEN: 12 | HEX: FA 7E F6 F6 7B DA 91 DF 4A 99 BF 5F | T:8423800 RPD:0
[CH: 50] LEN: 12 | HEX: F6 76 FA E3 6E EA 91 DA D5 8B FF FB | T:8423890 RPD:0
[CH: 50] LEN: 12 | HEX: FA 7E E6 EE 73 F6 91 D5 F2 8A BF F7 | T:8424040 RPD:0
[CH: 50] LEN: 12 | HEX: F6 76 FE DD 68 DA 91 FF A6 84 BF FF | T:8424043 RPD:0
[CH: 50] LEN: 12 | HEX: F6 76 FE D0 75 FA 91 FF 38 96 BF B7 | T:8424062 RPD:0
[CH: 50] LEN: 12 | HEX: EA 76 EE D2 6F FA 91 D7 16 93 3F FF | T:8424189 RPD:0
[CH: 50] LEN: 12 | HEX: FE 76 FE E7 6A FA 91 FF 96 7C BF F7 | T:8424519 RPD:0
[CH: 50] LEN: 12 | HEX: F2 76 FE FF 7E FA 91 FF CF 98 BF 77 | T:8424800 RPD:0
[CH: 50] LEN: 12 | HEX: FA 76 FF F9 74 EA 91 F9 E4 73 BF EB | T:8424834 RPD:0
[CH: 50] LEN: 12 | HEX: EA 76 DE F0 7D DA 91 FD 3C 96 BF FF | T:8424838 RPD:0
[CH: 50] LEN: 12 | HEX: FA 76 FE EE 77 BA 91 FF 55 64 BF BF | T:8424846 RPD:0
[CH: 50] LEN: 12 | HEX: FE 6E EE EE 73 FA 91 F7 CD 66 B7 FF | T:8425086 RPD:0
[CH: 50] LEN: 12 | HEX: FA 76 EE EC 61 EA 91 FF 64 9C AE BF | T:8425146 RPD:0
[CH: 50] LEN: 12 | HEX: EA 76 FE E8 65 FA 91 DF 27 7B BF FE | T:8425265 RPD:0
[CH: 50] LEN: 12 | HEX: EA 6E DF D5 68 DA 91 FA 37 97 3B FD | T:8425355 RPD:0
[CH: 50] LEN: 12 | HEX: EA 7E FD F4 69 FA 91 FF F3 72 AF FE | T:8425385 RPD:0
[CH: 50] LEN: 12 | HEX: EA 6E F6 F2 6F FA 91 DD 09 6E BD FF | T:8425445 RPD:0
[CH: 50] LEN: 12 | HEX: EA 76 D6 E0 6D DA 91 FE A0 85 BB F7 | T:8425505 RPD:0
[CH: 50] LEN: 12 | HEX: FA 76 EE DF 52 EA 91 D7 31 95 AF FE | T:8425535 RPD:0
[CH: 50] LEN: 12 | HEX: FA 76 EE D5 70 FA 91 ED A7 44 B7 FF | T:8425569 RPD:0
[CH: 50] LEN: 12 | HEX: FA 76 F6 EC 71 FE 91 DF 77 61 BF 7F | T:8425573 RPD:0
[CH: 50] LEN: 12 | HEX: F6 76 EE EA 77 7A 91 BF 91 75 BF FF | T:8425581 RPD:0
[CH: 50] LEN: 12 | HEX: FA 76 FC F7 7A EA 91 FB 89 81 BB DF | T:8425592 RPD:0
[CH: 50] LEN: 12 | HEX: FA 7E FA FE 7B FA 91 DF 55 64 BD DA | T:8425596 RPD:0
[CH: 50] LEN: 12 | HEX: EA 76 F6 F4 79 FA 91 FF DC 8E BF EB | T:8425656 RPD:0
[CH: 50] LEN: 12 | HEX: EA 7E FD F9 7C EA 91 FD 63 9D B5 7F | T:8425746 RPD:0
[CH: 50] LEN: 12 | HEX: EA 7E EC E8 79 FA 91 FF BE 7C BF DF | T:8425776 RPD:0
[CH: 50] LEN: 12 | HEX: FA 76 FA EF 62 EA 91 D5 11 92 B6 BB | T:8425806 RPD:0
[CH: 50] LEN: 12 | HEX: FE 6E FE EE 61 FA 91 FF 64 9E B7 FF | T:8425896 RPD:0
[CH: 50] LEN: 12 | HEX: FA 76 F4 EB 66 EA 91 FF 52 65 BF 47 | T:8425926 RPD:0
[CH: 50] LEN: 12 | HEX: FA 76 F6 EA 67 5A 91 FA 8F 80 BF 7F | T:8425956 RPD:0
[CH: 50] LEN: 12 | HEX: FA 76 F5 E7 EA EA 91 FE 96 7C BB FF | T:8426046 RPD:0
[CH: 50] LEN: 12 | HEX: FA 76 FE E6 6B F6 91 FF CA 99 B7 ED | T:8426076 RPD:0
[CH: 50] LEN: 12 | HEX: F2 76 FE E5 68 EA 91 D7 3A 97 7D FF | T:8426106 RPD:0
[CH: 50] LEN: 12 | HEX: FA 76 F6 E3 6E FE 91 EF D5 CB B7 7A | T:8426166 RPD:0
[CH: 50] LEN: 12 | HEX: FA 6E DA C2 6F 7A 91 EF 09 6C BE FA | T:8426195 RPD:0
[CH: 50] LEN: 12 | HEX: F2 76 FA E1 6C FE 91 D7 7A 60 BB FF | T:8426225 RPD:0
[CH: 50] LEN: 12 | HEX: F2 76 EA E0 6D FA 91 7F E0 85 7F FE | T:8426255 RPD:0
[CH: 50] LEN: 12 | HEX: EA 7E FE DE D2 FE 91 DF 39 55 B7 FF | T:8426285 RPD:0
[CH: 50] LEN: 12 | HEX: FA 66 FE E9 74 FE 91 F3 64 73 F7 FF | T:8426361 RPD:0
[CH: 50] LEN: 12 | HEX: EA 76 FA EE 7B FA 91 DF 55 64 BF F9 | T:8426372 RPD:0
[CH: 50] LEN: 12 | HEX: F2 66 F6 ED 78 DA 91 7D 20 6A B7 EA | T:8426402 RPD:0
[CH: 50] LEN: 12 | HEX: F6 76 FE F3 76 DA 91 DB CA 7E BF DB | T:8426462 RPD:0
[CH: 50] LEN: 12 | HEX: EA 7E FD F2 7F EA 91 5C 16 93 5E FD | T:8426492 RPD:0
[CH: 50] LEN: 12 | HEX: EA 7E FD E9 7C F2 91 BA 63 DD BF FE | T:8426522 RPD:0
[CH: 50] LEN: 12 | HEX: EA 76 FE FF 62 EA 91 DF 91 92 BF 7F | T:8426582 RPD:0
[CH: 50] LEN: 12 | HEX: FA 76 F4 E9 64 FA 91 BE AB 8E BB FF | T:8426762 RPD:0
[CH: 50] LEN: 12 | HEX: EA 76 EE F8 65 FA 91 FB 27 6B FD 7B | T:8426792 RPD:0
[CH: 50] LEN: 12 | HEX: F2 76 FE D7 6A EA 91 95 96 68 B5 D5 | T:8426822 RPD:0
[CH: 50] LEN: 12 | HEX: EA 66 FE E5 68 EE 91 DF 3A 97 B7 FD | T:8426882 RPD:0
[CH: 50] LEN: 12 | HEX: FA 76 FE E0 6D DA 91 BF 60 85 BF FF | T:8427032 RPD:0
[CH: 50] LEN: 12 | HEX: FA 76 FF F6 73 FE 91 DF 92 8A BF FB | T:8427092 RPD:0
[CH: 50] LEN: 12 | HEX: EA 76 FC FD 70 DA 91 FF 27 44 B7 D3 | T:8427121 RPD:0
[CH: 50] LEN: 12 | HEX: FA 76 FF F6 77 D2 91 FE 91 7D BF EF | T:8427133 RPD:0
[CH: 50] LEN: 12 | HEX: FA 76 FF F9 74 FA 91 FD 64 73 BF 7B | T:8427137 RPD:0
[CH: 50] LEN: 12 | HEX: F6 76 F6 F8 75 F6 91 DC B8 96 B7 BF | T:8427140 RPD:0
[CH: 50] LEN: 12 | HEX: EA 76 F4 F7 7A CA 91 DF 89 81 B7 EE | T:8427151 RPD:0
[CH: 50] LEN: 12 | HEX: F6 76 FE ED 74 F2 91 D5 20 6A BF FF | T:8427177 RPD:0
[CH: 50] LEN: 12 | HEX: FA 76 F4 EC 79 FA 91 FD 7E 8F B7 FF | T:8427207 RPD:0
[CH: 50] LEN: 12 | HEX: EE 76 EE E3 F5 FA 91 EA CA 76 BF F7 | T:8427237 RPD:0
[CH: 50] LEN: 12 | HEX: F2 76 F4 F1 7C F6 91 F6 63 9D B5 FF | T:8427297 RPD:0
[CH: 50] LEN: 12 | HEX: FA 7E FD F0 79 FA 91 ED BD 78 B7 FB | T:8427327 RPD:0
[CH: 50] LEN: 12 | HEX: FA 76 FE EE E2 FA 91 FE 91 92 BB FF | T:8427357 RPD:0
[CH: 50] LEN: 12 | HEX: FA 76 FE EE 63 DA 91 FD 4D 77 BF BB | T:8427387 RPD:0
[CH: 50] LEN: 12 | HEX: F6 76 FE ED 60 FA 91 FD 78 79 BD FD | T:8427417 RPD:0
[CH: 50] LEN: 12 | HEX: FA 7E EA EC 61 5A 91 FF E4 9C BF FD | T:8427447 RPD:0
[CH: 50] LEN: 12 | HEX: F2 77 D6 E5 68 FA 91 FF BD 97 AF FB | T:8427657 RPD:0
[CH: 50] LEN: 12 | HEX: FE 76 FE E3 6E FE 91 EA D5 8B BF 5F | T:8427717 RPD:0
[CH: 50] LEN: 12 | HEX: F2 76 EE E2 6F DA 91 FF 09 6E BD FF | T:8427747 RPD:0
[CH: 50] LEN: 12 | HEX: FA 76 FC FD 70 FE 91 FF A7 84 BE FB | T:8427896 RPD:0
[CH: 50] LEN: 12 | HEX: FA 76 FA EC 71 EA 91 FE FB 61 BF ED | T:8427900 RPD:0
[CH: 50] LEN: 12 | HEX: FA 76 EE F9 74 FE 91 F6 E4 73 FF 7F | T:8427912 RPD:0
[CH: 50] LEN: 12 | HEX: FA 76 F6 F0 75 BA 91 FE 38 96 BF ED | T:8427916 RPD:0
[CH: 50] LEN: 12 | HEX: FA 77 F4 F7 7A FA 91 EF 89 81 BD FF | T:8427920 RPD:0
[CH: 50] LEN: 12 | HEX: F6 66 FE F6 7B BA 91 BF 55 64 AF F5 | T:8427932 RPD:0
[CH: 50] LEN: 12 | HEX: EA 76 EA E1 7C F6 91 FF E3 DF B7 FD | T:8428075 RPD:0
[CH: 50] LEN: 12 | HEX: FA 76 FA F8 75 EA 91 EF BB 78 BF F5 | T:8428105 RPD:0
[CH: 50] LEN: 12 | HEX: FA 76 FE EF 62 FA 91 FF 11 92 BF FE | T:8428134 RPD:0
[CH: 50] LEN: 12 | HEX: FA 76 EA EE 63 BA 91 FD 4D 77 BF DF | T:8428164 RPD:0
[CH: 50] LEN: 12 | HEX: F6 76 FA ED 60 FA 91 F7 B8 79 AF DF | T:8428194 RPD:0
[CH: 50] LEN: 12 | HEX: FA 76 FE EB 66 EA 91 FF 52 65 BD FF | T:8428254 RPD:0
[CH: 50] LEN: 12 | HEX: F2 76 FE E9 64 FA 91 EF F7 8E BB ED | T:8428314 RPD:0
[CH: 50] LEN: 12 | HEX: FA 76 FE E8 65 FA 91 DD 27 6B BF DF | T:8428344 RPD:0
[CH: 50] LEN: 12 | HEX: EE 76 F7 E7 6A F2 91 DF 96 76 BB 7F | T:8428374 RPD:0
[CH: 50] LEN: 12 | HEX: FA 76 FA E6 6B FA 91 FE CA 99 AB 7E | T:8428404 RPD:0
[CH: 50] LEN: 12 | HEX: D6 76 FE E5 68 EA 91 EF 3F 17 B7 EA | T:8428434 RPD:0
[CH: 50] LEN: 12 | HEX: FA 76 FA E4 69 EA 91 FB A3 72 BF FF | T:8428464 RPD:0
[CH: 50] LEN: 12 | HEX: FA 76 FA E2 6E FE 91 F7 09 6E BF BD | T:8428524 RPD:0
[CH: 50] LEN: 12 | HEX: D2 F6 EE B6 7F B3 91 DE F5 64 B5 ED | T:8428674 RPD:0
[CH: 50] LEN: 12 | HEX: F6 75 E8 F5 70 F6 91 DA 20 6A BF BF | T:8428704 RPD:0
[CH: 50] LEN: 12 | HEX: FA 76 EE F4 79 D2 91 FF FC 8F 6D FF | T:8428734 RPD:0
[CH: 50] LEN: 12 | HEX: FA 76 FE F3 7E FA 91 FD CA 76 BF FF | T:8428764 RPD:0
[CH: 50] LEN: 12 | HEX: F6 76 FC F2 7A D6 91 D5 16 93 BF 67 | T:8428794 RPD:0
[CH: 50] LEN: 12 | HEX: DA 76 F6 F1 7C FA 91 DF F3 9D BF FF | T:8428824 RPD:0
[CH: 50] LEN: 12 | HEX: FA 76 EA EE 73 B2 91 DF CD 77 FF FF | T:8428914 RPD:0
[CH: 50] LEN: 12 | HEX: FA 66 F4 AC 61 BA 91 AE E4 9C B7 FE | T:8428974 RPD:0
[CH: 50] LEN: 12 | HEX: F6 76 F7 EB 66 F6 91 FE D2 65 BF AF | T:8429004 RPD:0
[CH: 50] LEN: 12 | HEX: F2 76 F6 EA 67 FA 91 D5 4E 80 BF FD | T:8429034 RPD:0
[CH: 50] LEN: 12 | HEX: FA 76 EA E9 64 F6 91 F5 FB 8E AF FF | T:8429064 RPD:0
[CH: 50] LEN: 12 | HEX: EA 76 FE E8 65 FA 91 EF A7 6B FD FE | T:8429094 RPD:0
[CH: 50] LEN: 12 | HEX: FA 76 AA E7 6A EA 91 EB 56 70 BB 7E | T:8429124 RPD:0
[CH: 50] LEN: 12 | HEX: FA 76 FD E6 6B FA 91 FF 4A 99 BE DD | T:8429154 RPD:0
[CH: 50] LEN: 12 | HEX: F6 76 FE E5 68 EA 91 EE 3F 57 BF FF | T:8429183 RPD:0
[CH: 50] LEN: 12 | HEX: FA 76 F5 E4 69 FA 91 DE E3 72 AB 5A | T:8429213 RPD:0
[CH: 50] LEN: 12 | HEX: F2 76 F6 E3 6E EA 91 FF B5 CB BF 7F | T:8429243 RPD:0
[CH: 50] LEN: 12 | HEX: FA 76 FE E2 6E FA 91 F7 09 6E BF BF | T:8429273 RPD:0
[CH: 50] LEN: 12 | HEX: FA 76 FE E1 6C FA 91 EB 7C 60 BF AF | T:8429303 RPD:0
[CH: 50] LEN: 12 | HEX: F2 76 FE E0 6D FA 91 EB 60 85 B7 77 | T:8429333 RPD:0
[CH: 50] LEN: 12 | HEX: FA 76 F6 DF 52 FA 91 FF B1 95 BF DB | T:8429363 RPD:0
[CH: 50] LEN: 12 | HEX: F2 76 FE F5 70 FA 91 EF 27 84 BB 5F | T:8429397 RPD:0
[CH: 50] LEN: 12 | HEX: F2 76 EA FC 71 D2 91 FF 73 61 BF 77 | T:8429401 RPD:0
[CH: 50] LEN: 12 | HEX: F2 76 FE DB 76 F6 91 F6 CD 98 BD DF | T:8429405 RPD:0
[CH: 50] LEN: 12 | HEX: F2 76 FE FA 77 DA 91 FE D1 7D AB 6F | T:8429416 RPD:0
[CH: 50] LEN: 12 | HEX: F2 76 EA F0 75 FA 91 FF BC 96 BF BF | T:8429442 RPD:0
[CH: 50] LEN: 12 | HEX: F2 76 FA F7 7A EE 91 F5 09 81 B7 FF | T:8429446 RPD:0
[CH: 50] LEN: 12 | HEX: FA 76 FE F6 73 FA 91 FE D5 64 B5 EF | T:8429449 RPD:0
[CH: 50] LEN: 12 | HEX: FA 76 FE F5 78 F2 91 F5 20 6A BF FD | T:8429479 RPD:0
[CH: 50] LEN: 12 | HEX: FA 76 FE F4 71 FA 91 EF FC 8E BA FF | T:8429509 RPD:0
[CH: 50] LEN: 12 | HEX: F6 76 FE F3 7F FA 91 FF 4A 76 B7 ED | T:8429539 RPD:0
[CH: 50] LEN: 12 | HEX: F2 76 FE F2 7E EA 91 D5 16 93 2B AB | T:8429569 RPD:0
[CH: 50] LEN: 12 | HEX: FA 76 F7 F1 74 EA 91 EF 63 9D BF FF | T:8429599 RPD:0
[CH: 50] LEN: 12 | HEX: FA 76 F6 F0 7D FA 91 FB FD 78 BF AF | T:8429629 RPD:0
[CH: 50] LEN: 12 | HEX: FA 76 FA EF 62 FA 91 F5 11 92 BF FB | T:8429659 RPD:1
[CH: 50] LEN: 12 | HEX: F2 76 EA EE 63 D6 91 DF CD 77 3F D5 | T:8429689 RPD:1
[CH: 50] LEN: 12 | HEX: FA 76 FE ED 60 FA 91 FF 78 79 BF FF | T:8429719 RPD:0
[CH: 50] LEN: 12 | HEX: F6 76 EE EC 61 F2 91 FD E4 9C BD EA | T:8429749 RPD:0
[CH: 50] LEN: 12 | HEX: FA 76 FE EB 66 F2 91 FD 52 65 BF 7E | T:8429779 RPD:0
[CH: 50] LEN: 12 | HEX: FE 76 FD EA 67 D2 91 FF 0E 80 BE FD | T:8429809 RPD:0
[CH: 50] LEN: 12 | HEX: FA 76 F6 E9 64 F2 91 FE BB 8E AE FB | T:8429839 RPD:0
[CH: 50] LEN: 12 | HEX: F2 76 FE E8 65 FA 91 FF 27 6B BF FE | T:8429869 RPD:0
[CH: 50] LEN: 12 | HEX: FE 76 F6 E6 6A EA 91 F7 16 74 BF FF | T:8429899 RPD:0
[CH: 50] LEN: 12 | HEX: FA 76 F4 E5 68 EE 91 DD 3F 17 BB 7F | T:8429959 RPD:0
[CH: 50] LEN: 12 | HEX: FA 76 FE E4 69 FA 91 FD E3 72 BF EF | T:8429989 RPD:0
[CH: 50] LEN: 12 | HEX: FA 76 EA F3 6E FA 91 F7 55 8B B5 AE | T:8430019 RPD:0
[CH: 50] LEN: 12 | HEX: EE 76 F6 E2 6F EE 91 FA 89 6E BD FB | T:8430049 RPD:0
[CH: 50] LEN: 12 | HEX: FA 76 FE E1 6E F6 91 D5 78 60 BF FD | T:8430079 RPD:0
[CH: 50] LEN: 12 | HEX: F2 76 FE E0 6D FA 91 ED A0 85 BB DE | T:8430109 RPD:0
[CH: 50] LEN: 12 | HEX: EA 76 FE DD 52 FA 91 FD B1 95 FD 5F | T:8430139 RPD:0
[CH: 50] LEN: 12 | HEX: FA 76 FA EA 73 FA 91 EF D2 8A BF FB | T:8430169 RPD:0
[CH: 50] LEN: 12 | HEX: E6 76 FE FD 70 EA 91 DA A7 84 BF 7F | T:8430172 RPD:0
[CH: 50] LEN: 12 | HEX: F6 76 F4 FC 71 FA 91 FC 7B 61 AF BF | T:8430175 RPD:0
[CH: 50] LEN: 12 | HEX: FA 76 EA FF 76 F6 91 FE CF 9C BE FE | T:8430186 RPD:0
[CH: 50] LEN: 12 | HEX: FA 76 FE FA 77 D6 91 FF 11 7D FA FA | T:8430209 RPD:0
[CH: 50] LEN: 12 | HEX: EA 76 EA F9 74 F2 91 EF E4 73 B7 FF | T:8430213 RPD:0
[CH: 50] LEN: 12 | HEX: FE 76 DB F6 7B FA 91 FD 55 74 BF BF | T:8430224 RPD:0
[CH: 50] LEN: 12 | HEX: FA 76 F4 FD 78 F6 91 FA A0 6A BE BF | T:8430254 RPD:0
[CH: 50] LEN: 12 | HEX: FA 66 FE F4 79 F6 91 DD F4 8F BE FF | T:8430284 RPD:0
[CH: 50] LEN: 12 | HEX: FA 76 EE F3 75 FA 91 FE CA 76 BA EF | T:8430314 RPD:0
[CH: 50] LEN: 12 | HEX: F2 76 FE F2 7F DA 91 FE 16 93 BD 77 | T:8430344 RPD:0
[CH: 50] LEN: 12 | HEX: FA 66 FE E1 7C DA 91 FD E3 99 BB 7F | T:8430374 RPD:0
[CH: 50] LEN: 12 | HEX: FA 76 EA E8 7D F2 91 FF BF 78 AF FE | T:8430404 RPD:0
[CH: 50] LEN: 12 | HEX: F2 76 FE EC 61 F6 91 FC 64 9C BF FF | T:8430524 RPD:0
[CH: 50] LEN: 12 | HEX: FA 76 FA E6 6B BA 91 FF CA 99 BE BA | T:8430704 RPD:0
[CH: 50] LEN: 12 | HEX: FA 76 FE E5 68 FA 91 FE BF 97 BF DF | T:8430734 RPD:0
[CH: 50] LEN: 12 | HEX: FA 76 F6 E4 69 FA 91 F7 E3 72 BB FE | T:8430764 RPD:0
[CH: 50] LEN: 12 | HEX: EA 56 F4 E3 6E FA 91 F8 95 8B BF E4 | T:8430794 RPD:0
[CH: 50] LEN: 12 | HEX: FA 76 FA F1 6C F2 91 FD 7C 60 BD D7 | T:8430854 RPD:0
[CH: 50] LEN: 12 | HEX: FA 76 FE E0 6D F2 91 ED 20 85 BE BF | T:8430884 RPD:0
[CH: 50] LEN: 12 | HEX: FA 76 FD DF 52 FA 91 D4 B1 95 BE B7 | T:8430914 RPD:0
[CH: 50] LEN: 12 | HEX: FA 76 F4 FE 73 DA 91 EE D2 8A BB F6 | T:8430944 RPD:0
[CH: 50] LEN: 12 | HEX: FA 76 FA F5 70 FA 91 FE A7 84 BE FF | T:8430947 RPD:0
[CH: 50] LEN: 12 | HEX: FE 76 FE D4 71 FE 91 EE 4B 61 BF FF | T:8430951 RPD:0
[CH: 50] LEN: 12 | HEX: F6 76 EE DD 74 FA 91 FF E4 7B B7 4B | T:8431015 RPD:0
[CH: 50] LEN: 12 | HEX: F2 76 FE F0 75 DA 91 FF 38 96 B7 FE | T:8431045 RPD:0
[CH: 50] LEN: 12 | HEX: F2 76 FD F4 79 F6 91 FF 58 8E BE EF | T:8431140 RPD:0
[CH: 50] LEN: 12 | HEX: FA 76 FE F2 6B FA 91 DF 16 93 BF F7 | T:8431200 RPD:0
[CH: 50] LEN: 12 | HEX: DA 74 F6 D1 68 EA 91 DF 63 95 BF FF | T:8431229 RPD:0
[CH: 50] LEN: 12 | HEX: FA 76 FE F0 7D DA 91 F7 3F 70 AE FF | T:8431259 RPD:0
[CH: 50] LEN: 12 | HEX: EE 76 FE EF 62 FA 91 AF 11 92 BF BF | T:8431289 RPD:0
[CH: 50] LEN: 12 | HEX: EE 6E FE EE 63 BA 91 DF CD 77 7D EE | T:8431319 RPD:0
[CH: 50] LEN: 12 | HEX: FA 76 DC CC 71 BA 91 AF 64 9C BF F9 | T:8431379 RPD:0
[CH: 50] LEN: 12 | HEX: FA 7E EF EA 67 F6 91 FF 8F 80 BF DF | T:8431439 RPD:0
[CH: 50] LEN: 12 | HEX: F2 7E FD F9 64 FA 91 EF EB 8E B7 DE | T:8431469 RPD:0
[CH: 50] LEN: 12 | HEX: D6 76 FD E7 6A EE 91 EF 96 7A BF FD | T:8431529 RPD:0
[CH: 50] LEN: 12 | HEX: F6 66 EA E6 6B B2 91 FD 4A 99 BB FA | T:8431559 RPD:0
[CH: 50] LEN: 12 | HEX: F2 76 FE E5 68 EE 91 FB 3D 17 BF FF | T:8431589 RPD:0
[CH: 50] LEN: 12 | HEX: EA 76 FE E4 69 F2 91 DF 63 72 B7 B5 | T:8431619 RPD:0
[CH: 50] LEN: 12 | HEX: D6 76 EA E3 6E F6 91 F7 55 8B BD FD | T:8431649 RPD:0
[CH: 50] LEN: 12 | HEX: F2 6E EC E2 6E BA 91 FD 09 6E BF 9B | T:8431679 RPD:0
[CH: 50] LEN: 12 | HEX: FA 76 FE E1 6C DA 91 DA FC 60 BF FB | T:8431709 RPD:0
[CH: 50] LEN: 12 | HEX: D6 76 DE 9C 52 92 91 D6 31 15 BF FE | T:8431769 RPD:0
[CH: 50] LEN: 12 | HEX: FA 7F FD F6 7B FE 91 EF D2 8A B7 DF | T:8431799 RPD:0
[CH: 50] LEN: 12 | HEX: FA 76 FC FD 70 F6 91 DF A7 C4 BF BB | T:8431829 RPD:0
[CH: 50] LEN: 12 | HEX: F6 76 FE F7 76 FA 91 FE CD DC BF D5 | T:8431837 RPD:0
[CH: 50] LEN: 12 | HEX: FA 76 FA F8 65 DA 91 A9 38 96 AF BB | T:8431849 RPD:0
[CH: 50] LEN: 12 | HEX: FA 56 EE F5 7B AA 91 BD 55 64 AF FD | T:8431857 RPD:0
[CH: 50] LEN: 12 | HEX: F6 76 FE F4 7D DA 91 FF DC 8F 7F FE | T:8431917 RPD:0
[CH: 50] LEN: 12 | HEX: FA 76 FE F3 7B FA 91 FE CA 76 BD BF | T:8431947 RPD:0
[CH: 50] LEN: 12 | HEX: FA 76 FE F2 7D D6 91 FF 16 93 BF FF | T:8431977 RPD:0
[CH: 50] LEN: 12 | HEX: FA 76 FE F1 7C FA 91 ED 63 9D BD FE | T:8432007 RPD:0
[CH: 50] LEN: 12 | HEX: FA 77 FE FE E2 FA 91 FF 91 92 BF FF | T:8432067 RPD:0
[CH: 50] LEN: 12 | HEX: DA 76 FA EF 40 D6 91 EB B8 75 BF FF | T:8432127 RPD:0
[CH: 50] LEN: 12 | HEX: FA 76 FE EB 66 F2 91 FF D2 65 BF EF | T:8432187 RPD:0
[CH: 50] LEN: 12 | HEX: F6 7B BB 00 81 EA 91 EF FB FB BF FF | T:8432421 RPD:0
[CH: 50] LEN: 12 | HEX: EA 7B AF 00 81 DA 91 FD 7F DB BB B7 | T:8432422 RPD:0
[CH: 50] LEN: 12 | HEX: F5 77 7E F4 FC 70 91 DD 3A BB B7 FE | T:8432453 RPD:0
[CH: 50] LEN: 12 | HEX: D1 77 7E EB FE 75 91 E7 72 1C BD FF | T:8432479 RPD:0
[CH: 50] LEN: 12 | HEX: F9 7F FA DD F6 6F 91 FD 5C FE BD BB | T:8432485 RPD:0
[CH: 50] LEN: 12 | HEX: F9 77 EE F8 EE 76 91 DA C5 9E BF FD | T:8432505 RPD:0
[CH: 50] LEN: 12 | HEX: E9 77 F6 EF FA 7D 91 FD 8C 56 BB F5 | T:8432508 RPD:0
[CH: 50] LEN: 12 | HEX: E9 77 BA EA F5 70 91 FA FA BB BF FF | T:8432511 RPD:0
[CH: 50] LEN: 12 | HEX: F9 77 F6 F5 ED 73 91 FD 0D 39 BF FF | T:8432522 RPD:0
[CH: 50] LEN: 12 | HEX: F5 77 7E F8 FE 72 91 FF 90 5C BF FF | T:8432522 RPD:0
[CH: 50] LEN: 12 | HEX: F5 77 FA FB BC 75 91 EF 72 1C BE F5 | T:8432534 RPD:0
[CH: 50] LEN: 12 | HEX: F9 77 76 FA FE 74 91 EB EF 7B BF 7D | T:8432545 RPD:0
[CH: 50] LEN: 12 | HEX: FD 7F F4 F9 DE 77 91 DD 58 FF B5 FD | T:8432545 RPD:0
[CH: 50] LEN: 12 | HEX: E9 77 BE F6 FC 70 91 FF BA BB BD FE | T:8432557 RPD:0
[CH: 50] LEN: 12 | HEX: E9 67 6E EA ED 74 91 FF EE F5 BF FD | T:8432557 RPD:0
[CH: 50] LEN: 12 | HEX: F9 77 FA F5 FE 77 91 ED 58 FF AF F7 | T:8432568 RPD:0
[CH: 50] LEN: 12 | HEX: F9 77 F4 EF FE 78 91 DB BA BB BF FF | T:8432568 RPD:0
[CH: 50] LEN: 12 | HEX: F9 77 BC FD FE 73 91 DF 0D 39 BF 77 | T:8432580 RPD:0
[CH: 50] LEN: 12 | HEX: F5 77 AA F9 FE 77 91 DB 58 FD 7F FF | T:8432608 RPD:0
[CH: 50] LEN: 12 | HEX: F9 67 F6 E8 EE 76 91 DF C5 9E B7 F6 | T:8432611 RPD:0
[CH: 50] LEN: 12 | HEX: E9 77 FA F7 F6 79 91 FD 8C 56 BF F5 | T:8432614 RPD:0
[CH: 50] LEN: 12 | HEX: F5 7F 76 ED ED 78 91 ED BA BB AB FF | T:8432625 RPD:0
[CH: 50] LEN: 12 | HEX: F9 77 7E F5 FC 73 91 FE 0D 39 BB 3F | T:8432637 RPD:0
[CH: 50] LEN: 12 | HEX: F9 77 B6 EB DE 75 91 DD 7A 1C BF FD | T:8432660 RPD:0
[CH: 50] LEN: 12 | HEX: E9 77 AE F6 FE 74 91 FF FF F9 BF FF | T:8432663 RPD:0
[CH: 50] LEN: 12 | HEX: F9 77 6E E9 FE 77 51 DF 58 FD BF FB | T:8432666 RPD:0
[CH: 50] LEN: 12 | HEX: F9 6F DE F8 FE 76 91 F5 C5 9E BD FF | T:8432677 RPD:0
[CH: 50] LEN: 12 | HEX: F1 77 FE EF EE 79 91 EF 4C 56 AF FA | T:8432677 RPD:0
[CH: 50] LEN: 12 | HEX: F9 77 BE EE FF 70 91 FF BE BB B6 FF | T:8432689 RPD:0
[CH: 50] LEN: 12 | HEX: E9 77 B4 F9 ED 73 91 EE 0D 39 BD FB | T:8432700 RPD:0
[CH: 50] LEN: 12 | HEX: F9 77 EE F4 ED 7A 91 FF 90 58 BF BD | T:8432700 RPD:0
[CH: 50] LEN: 12 | HEX: E9 77 EA FF 7E 79 91 FD 8C 56 BF 7D | T:8432711 RPD:0
[CH: 50] LEN: 12 | HEX: D9 75 DE FC FF 5A 91 FF 90 5C FF FF | T:8432722 RPD:0
[CH: 50] LEN: 12 | HEX: F9 77 FA D8 ED 77 91 DF A5 BD BB FF | T:8432751 RPD:0
[CH: 50] LEN: 12 | HEX: F9 7F F6 D2 F6 74 91 BF DF F7 BF 9A | T:8432803 RPD:0
[CH: 50] LEN: 12 | HEX: F9 FF FF ED FE 73 99 FF 8F B9 7F FF | T:8432834 RPD:0
[CH: 50] LEN: 12 | HEX: E9 6F EE F4 FD 72 91 ED 10 58 B5 5D | T:8432837 RPD:0
[CH: 50] LEN: 12 | HEX: F9 77 76 F6 FE 74 91 FA EE F5 BB ED | T:8432877 RPD:0
[CH: 50] LEN: 12 | HEX: F9 77 EE F1 FA 67 51 DF 58 EE AF FB | T:8432880 RPD:0
[CH: 50] LEN: 12 | HEX: F5 77 7E F8 FF 76 91 F7 C5 9F BF FD | T:8432883 RPD:0
[CH: 50] LEN: 12 | HEX: E9 77 76 F7 76 79 91 EF 8C 56 BB EF | T:8432895 RPD:0
[CH: 50] LEN: 12 | HEX: F1 77 BA ED EF 73 91 DD 0D 39 AF 5D | T:8432895 RPD:0
[CH: 50] LEN: 12 | HEX: E9 77 7E FB DA 75 91 FE F2 1C BF FF | T:8432915 RPD:0
[CH: 50] LEN: 12 | HEX: F9 77 BE F9 FA 77 91 FF 58 F7 AF FF | T:8432921 RPD:0
[CH: 50] LEN: 12 | HEX: F9 77 AE F0 FE 76 91 EE 85 9E BD FF | T:8432924 RPD:0
[CH: 50] LEN: 12 | HEX: F5 77 FA EF FA 75 91 DD 8C 56 B7 FF | T:8432936 RPD:0
[CH: 50] LEN: 12 | HEX: F9 77 D6 FE FE 70 91 DB BA BB BF FF | T:8432936 RPD:0
[CH: 50] LEN: 12 | HEX: F5 77 FA FD DE 73 91 FD 0D 39 BF 7B | T:8432947 RPD:0
[CH: 50] LEN: 12 | HEX: FD 7F F6 FC FE 72 91 F5 10 58 AE FE | T:8432947 RPD:0
[CH: 50] LEN: 12 | HEX: D9 77 6E FA ED 74 91 FD EE 75 BB DF | T:8432959 RPD:0
[CH: 50] LEN: 12 | HEX: F9 77 BE F9 FD 77 91 FB 58 EF BF D7 | T:8432962 RPD:0
[CH: 50] LEN: 12 | HEX: D1 77 DC F8 FE 76 91 DF C5 9C AE FF | T:8432974 RPD:0
[CH: 50] LEN: 12 | HEX: F9 76 AE D6 EE 68 91 DB BA BB BF DB | T:8432974 RPD:0
[CH: 50] LEN: 12 | HEX: F1 77 F6 FD FE 73 91 D7 0D 39 BF DE | T:8432985 RPD:0
[CH: 50] LEN: 12 | HEX: D9 7F 7E EC FE 72 91 EF 90 58 BB FF | T:8432985 RPD:0
[CH: 50] LEN: 12 | HEX: F9 77 EA F5 DA 77 51 D7 58 ED 3F 7F | T:8432997 RPD:0
[CH: 50] LEN: 12 | HEX: F9 77 FA F8 FE 76 91 ED C5 9D BE FE | T:8433008 RPD:0
[CH: 50] LEN: 12 | HEX: F5 77 FE EF F6 79 91 FE 8C 56 BF 7F | T:8433008 RPD:0
[CH: 50] LEN: 12 | HEX: E9 77 F4 ED ED 73 91 DF 0D 39 BD FF | T:8433020 RPD:0
[CH: 50] LEN: 12 | HEX: D9 77 AE FC EE 72 91 DA 90 58 BF FF | T:8433020 RPD:0
[CH: 50] LEN: 12 | HEX: F9 77 7E FB F4 75 91 DF 72 1C B7 EF | T:8433031 RPD:0
[CH: 50] LEN: 12 | HEX: F5 77 F6 FA FC 74 91 FD EF 77 BF EF | T:8433042 RPD:0
[CH: 50] LEN: 12 | HEX: E9 77 FE F5 FC 77 91 DF 58 EB AE F7 | T:8433043 RPD:0
[CH: 50] LEN: 12 | HEX: F1 77 F6 F7 B6 7D 91 DB 8C 56 BB EF | T:8433054 RPD:0
[CH: 50] LEN: 12 | HEX: F9 77 FE F6 FE 70 91 FF BA BB FF FD | T:8433054 RPD:0
[CH: 50] LEN: 12 | HEX: F9 7F F6 ED DD 73 91 DE 8D 39 BF 6B | T:8433066 RPD:0
[CH: 50] LEN: 12 | HEX: F9 77 FC FB FC 75 91 DD 72 1C BB BF | T:8433077 RPD:0
[CH: 50] LEN: 12 | HEX: F9 77 BA FA EF 74 91 FD 6E FD BF BE | T:8433077 RPD:0
[CH: 50] LEN: 12 | HEX: F5 77 BA F9 DA 77 91 FF 58 FF 2E FF | T:8433088 RPD:0
[CH: 50] LEN: 12 | HEX: F9 77 AA FD FF 70 91 FB BA BB BE FE | T:8433089 RPD:0
[CH: 50] LEN: 12 | HEX: F5 77 6E ED DA 73 91 DF 0D 39 BE FE | T:8433100 RPD:0
[CH: 50] LEN: 12 | HEX: F9 77 EA FE FD 74 91 EF 6F F5 BE FF | T:8433100 RPD:0
[CH: 50] LEN: 12 | HEX: F9 77 BE F1 FA 77 91 F7 5A FF 3F 7F | T:8433112 RPD:0
[CH: 50] LEN: 12 | HEX: F5 77 76 F7 F6 7D 91 FD 8C 56 BE FB | T:8433123 RPD:0
[CH: 50] LEN: 12 | HEX: F5 77 F6 F5 FD 70 91 FB BA BB BF 5F | T:8433123 RPD:0
[CH: 50] LEN: 12 | HEX: FD 77 F6 F5 FD 6B 91 DD 0D 39 BF FF | T:8433134 RPD:0
[CH: 50] LEN: 12 | HEX: E9 77 BE EC EF 72 91 FD 10 58 B5 6E | T:8433141 RPD:0
[CH: 50] LEN: 12 | HEX: F9 77 F6 FB EE 75 91 EF 72 1C AE AF | T:8433144 RPD:0
[CH: 50] LEN: 12 | HEX: F5 77 DE F2 F6 74 91 DD EE F9 B7 9F | T:8433155 RPD:0
[CH: 50] LEN: 12 | HEX: F9 77 F6 E9 FA 77 51 EE 58 FE BF AE | T:8433156 RPD:0
[CH: 50] LEN: 12 | HEX: F9 77 F6 F4 FA 7E 91 FF C5 9F BE FF | T:8433167 RPD:0
[CH: 50] LEN: 12 | HEX: F9 77 6E ED FC 70 91 FE BA BB BD BF | T:8433167 RPD:0
[CH: 50] LEN: 12 | HEX: F9 77 F6 ED DC 73 91 FE 8D 39 BF F7 | T:8433178 RPD:0
[CH: 50] LEN: 12 | HEX: F9 77 5E FB FA 75 91 DE 72 1C BB EF | T:8433190 RPD:0
[CH: 50] LEN: 12 | HEX: E9 7F FA F5 F5 77 91 EF 58 EE B5 EF | T:8433190 RPD:0
[CH: 50] LEN: 12 | HEX: F9 77 BE EF B4 7D 91 FB 8C 56 BB 7F | T:8433201 RPD:0
[CH: 50] LEN: 12 | HEX: E9 77 AE F7 FE 75 91 FD 72 1C BD F7 | T:8433202 RPD:0
[CH: 50] LEN: 12 | HEX: F1 77 BE F6 FE 74 91 FF EF FD BD 7F | T:8433213 RPD:0
[CH: 50] LEN: 12 | HEX: F9 77 EE EB FA 73 91 DF 0D 3D BD 7F | T:8433244 RPD:0
[CH: 50] LEN: 12 | HEX: F5 77 EA FC F6 72 91 EF 90 58 BF FD | T:8433264 RPD:0
[CH: 50] LEN: 12 | HEX: F9 77 F6 FB BA 75 91 EF 72 1C B7 FF | T:8433267 RPD:0
[CH: 50] LEN: 12 | HEX: F1 77 B6 F6 ED 74 91 FD EF 75 BF FB | T:8433270 RPD:0
[CH: 50] LEN: 12 | HEX: F1 77 7E ED FE 77 91 EF 58 EE BE 9A | T:8433281 RPD:0
[CH: 50] LEN: 12 | HEX: D1 77 6E E8 EE 76 91 D7 C5 9E BF F7 | T:8433293 RPD:0
[CH: 50] LEN: 12 | HEX: F1 77 EE F7 6A 79 91 FE 8C 56 BF EF | T:8433296 RPD:0
[CH: 50] LEN: 12 | HEX: FD 7F F6 F6 FE 70 91 FD BA BB BF DD | T:8433299 RPD:0
[CH: 50] LEN: 12 | HEX: F9 77 BE FC FE 72 91 EB 10 58 AF FD | T:8433322 RPD:0
[CH: 50] LEN: 12 | HEX: F1 77 BA EB F6 7D 91 DB 72 1A BF 7F | T:8433325 RPD:0
[CH: 50] LEN: 12 | HEX: ED 77 7A FA F6 74 91 FB EF 7D BF 7F | T:8433328 RPD:0
[CH: 50] LEN: 12 | HEX: F9 77 F6 F5 FD 77 11 DB 58 EF BE FF | T:8433339 RPD:0
[CH: 50] LEN: 12 | HEX: E9 77 76 F8 EE 76 91 EE C5 9C BB DE | T:8433340 RPD:0
[CH: 50] LEN: 12 | HEX: E9 77 76 EF 76 75 91 FE 8C 56 BF DF | T:8433351 RPD:1
[CH: 50] LEN: 12 | HEX: E9 77 F4 F7 F6 70 91 FE BA BB AD EF | T:8433362 RPD:1
[CH: 50] LEN: 12 | HEX: F5 77 F6 FD FE 73 91 DF 0D 39 BD D7 | T:8433362 RPD:0
[CH: 50] LEN: 12 | HEX: F5 77 5E F6 F4 74 91 FD EF FB BE F7 | T:8433374 RPD:1
[CH: 50] LEN: 12 | HEX: F5 77 76 ED FD 73 91 DD 0D 39 BF F7 | T:8433374 RPD:0
[CH: 50] LEN: 12 | HEX: F9 77 FE FC FF 72 91 FA 90 58 BF FF | T:8433385 RPD:1
[CH: 50] LEN: 12 | HEX: F1 77 DA F9 ED 77 91 FD 58 FF BF FF | T:8433385 RPD:0
[CH: 50] LEN: 12 | HEX: FD 77 FE EF 76 75 91 EF 8C 56 BA FF | T:8433397 RPD:1
[CH: 50] LEN: 12 | HEX: F9 77 B4 FD F6 70 91 ED BA BB BB F6 | T:8433408 RPD:0
[CH: 50] LEN: 12 | HEX: F5 77 FE FD FE 73 91 EE 0D 39 BF EF | T:8433408 RPD:0
[CH: 50] LEN: 12 | HEX: F9 77 EE F8 FE 76 91 DE C5 9F BD FF | T:8433423 RPD:1
[CH: 50] LEN: 12 | HEX: E9 77 FA F7 F6 75 91 EF 8C 56 BF 7F | T:8433426 RPD:1
[CH: 50] LEN: 12 | HEX: F9 77 7A F6 FF 70 91 FA BA BB BF 5F | T:8433429 RPD:1
[CH: 50] LEN: 12 | HEX: E9 77 76 F9 DE 73 91 ED 0D 3D BE FD | T:8433440 RPD:0
[CH: 50] LEN: 12 | HEX: F9 77 EE FC ED 72 91 FE 90 58 BF 7F | T:8433452 RPD:1
[CH: 50] LEN: 12 | HEX: F1 77 F6 FB FA 75 91 DD 72 1E BF FF | T:8433455 RPD:1
[CH: 50] LEN: 12 | HEX: F5 77 FA F5 DE 77 11 ED 58 FE BD FF | T:8433461 RPD:1
[CH: 50] LEN: 12 | HEX: E9 77 76 D0 EE 6E 91 AF C5 9D BD EE | T:8433464 RPD:1
[CH: 50] LEN: 12 | HEX: E9 77 FE EF BA 79 91 DB 8C 56 BE BE | T:8433475 RPD:1
[CH: 50] LEN: 12 | HEX: E9 77 7E ED DE 73 91 FE 0D 3D BD FF | T:8433475 RPD:1
[CH: 50] LEN: 12 | HEX: F5 7F F6 EC FC 72 91 FD 90 58 BF 7D | T:8433493 RPD:1
[CH: 50] LEN: 12 | HEX: E9 77 F6 F6 EE 74 91 FA EF 79 BF FF | T:8433499 RPD:1
[CH: 50] LEN: 12 | HEX: F9 77 EE F1 FE 77 51 DF 58 FE BD FF | T:8433502 RPD:1
[CH: 50] LEN: 12 | HEX: F9 77 F4 F4 FD 76 91 FA C5 9E BD 7B | T:8433513 RPD:1
[CH: 50] LEN: 12 | HEX: F9 77 DA F7 F6 75 91 DD 8C 56 BF FF | T:8433513 RPD:1
[CH: 50] LEN: 12 | HEX: E9 77 6E FF F6 70 91 ED 3A BB BB FF | T:8433528 RPD:1
[CH: 50] LEN: 12 | HEX: F9 77 EE FD FA 73 91 FD 0D 39 BE FF | T:8433548 RPD:1
[CH: 50] LEN: 12 | HEX: E9 77 FE EC FD 72 91 FD 90 58 BB BF | T:8433568 RPD:1
[CH: 50] LEN: 12 | HEX: F9 77 7E EA FE 74 91 DD EE F5 B7 FF | T:8433591 RPD:1
[CH: 50] LEN: 12 | HEX: F9 77 7E F9 DE 77 91 FD 58 ED 3F F7 | T:8433594 RPD:1
[CH: 50] LEN: 12 | HEX: F5 77 7E F8 FA 76 91 FD C5 9D BE FF | T:8433597 RPD:1
[CH: 50] LEN: 12 | HEX: F5 7F 76 EF FA 7D 91 FD 8C 56 BF FF | T:8433608 RPD:1
[CH: 50] LEN: 12 | HEX: E9 77 FE FE F6 70 91 EF FA BB BF F7 | T:8433608 RPD:0
[CH: 50] LEN: 12 | HEX: F5 77 BA ED FA 73 D1 FF 0D 39 BF 7F | T:8433620 RPD:1
[CH: 50] LEN: 12 | HEX: E9 77 FE F4 FF 76 91 FB 90 58 BF FF | T:8433631 RPD:1
[CH: 50] LEN: 12 | HEX: F9 77 AA F8 F6 76 91 DF C5 9E BE FF | T:8433655 RPD:1
[CH: 50] LEN: 12 | HEX: F9 77 7E FF EE 79 91 ED 8C 56 B5 72 | T:8433658 RPD:1
[CH: 50] LEN: 12 | HEX: F9 77 F6 FD FF 70 91 F7 BA BF B7 FE | T:8433661 RPD:1
[CH: 50] LEN: 12 | HEX: F1 77 F6 F5 DE 73 91 FD 0D 39 BF DF | T:8433681 RPD:1
[CH: 50] LEN: 12 | HEX: F5 77 6A FC FF 72 91 FD 90 58 AF DF | T:8433701 RPD:1
[CH: 50] LEN: 12 | HEX: F5 77 F4 DB FE 65 91 FD 7A 18 BF FE | T:8433704 RPD:1
[CH: 50] LEN: 12 | HEX: F5 77 7E FA FD 64 91 EF EF F5 BB BE | T:8433707 RPD:1
[CH: 50] LEN: 12 | HEX: F5 77 F6 F9 FC 77 D1 FD 58 EE AF FF | T:8433718 RPD:1
[CH: 50] LEN: 12 | HEX: F1 77 7E F8 EE 66 91 FF C5 9D BE FF | T:8433730 RPD:1
[CH: 50] LEN: 12 | HEX: F5 77 BE FF EE 7D 91 FF 8C 56 BF EF | T:8433733 RPD:1
[CH: 50] LEN: 12 | HEX: F9 77 DE FD FE 70 91 EF 7A B3 77 F7 | T:8433736 RPD:1
[CH: 50] LEN: 12 | HEX: E9 77 F6 F5 EF 7B 91 EF 0D 39 B7 FF | T:8433747 RPD:1
[CH: 50] LEN: 12 | HEX: E9 77 5E EF 5E 75 91 DF 8C 56 BF FF | T:8433757 RPD:1
[CH: 50] LEN: 12 | HEX: E9 7F 7E FD FD 70 91 ED BA BB BF FF | T:8433760 RPD:1
[CH: 50] LEN: 12 | HEX: F9 77 7E EC EF 72 91 FF 90 5C BF FF | T:8433766 RPD:1
[CH: 50] LEN: 12 | HEX: E9 77 EE F7 FA 75 91 DD 72 1C BF EF | T:8433777 RPD:1
[CH: 50] LEN: 12 | HEX: F5 77 76 F9 ED 77 D1 FB 58 DF BF FD | T:8433777 RPD:1
[CH: 50] LEN: 12 | HEX: F9 77 7E E8 FE 76 91 DF C5 9D BE DF | T:8433788 RPD:1
[CH: 50] LEN: 12 | HEX: F9 77 EE EF B6 7D 91 FD 8C 56 BE ED | T:8433789 RPD:0
[CH: 50] LEN: 12 | HEX: F9 77 7E FE FF 70 91 FD BA B3 BE AE | T:8433800 RPD:1
[CH: 50] LEN: 12 | HEX: E9 77 EE FB DA 7D 91 DF 72 18 AB F7 | T:8433800 RPD:0
[CH: 50] LEN: 12 | HEX: F9 77 7E E9 DA 77 91 FB 58 FF BE FF | T:8433812 RPD:1
[CH: 50] LEN: 12 | HEX: F5 77 76 E8 FE 76 91 FD 45 9D BE EF | T:8433823 RPD:1
[CH: 50] LEN: 12 | HEX: F5 76 EE EF EE 79 91 DF 8C 56 BF FF | T:8433823 RPD:0
[CH: 50] LEN: 12 | HEX: FD 77 FE F4 FD 7A 91 ED 90 58 BF BF | T:8433834 RPD:0
[CH: 50] LEN: 12 | HEX: F1 77 6E E8 FE 76 91 FE C5 9D BF 6F | T:8433835 RPD:0
[CH: 50] LEN: 12 | HEX: FD 77 76 FF 76 79 91 DF 8C 56 B7 F6 | T:8433846 RPD:1
[CH: 50] LEN: 12 | HEX: FD 77 76 F3 DA 75 91 FA 72 1E BF FF | T:8433857 RPD:1
[CH: 50] LEN: 12 | HEX: F9 77 FE EA FE 74 91 FD EF FD AF F6 | T:8433858 RPD:0
[CH: 50] LEN: 12 | HEX: F9 77 7A E9 EA 77 51 FD 58 EE BF 77 | T:8433869 RPD:0
[CH: 50] LEN: 12 | HEX: F9 77 F4 F5 FD 7B 91 F7 0D 39 BF F7 | T:8433869 RPD:0
[CH: 50] LEN: 12 | HEX: E9 77 5E FC FC 72 91 DF 90 58 AE EF | T:8433880 RPD:0
[CH: 50] LEN: 12 | HEX: E9 77 6E E8 ED 76 91 FD C5 9E BB FB | T:8433881 RPD:0
[CH: 50] LEN: 12 | HEX: F9 77 B6 FF BE 7D 91 ED 8C 56 AB FF | T:8433892 RPD:0
[CH: 50] LEN: 12 | HEX: F5 77 7E ED DE 73 51 DF 0D 39 BF FF | T:8433903 RPD:0
[CH: 50] LEN: 12 | HEX: F9 77 76 EC EE 72 91 FF 90 5C BF BF | T:8433903 RPD:0
[CH: 50] LEN: 12 | HEX: F5 77 FE FD FC 77 91 FB 58 EF BF FD | T:8433915 RPD:0
[CH: 50] LEN: 12 | HEX: F9 77 EA FD DE 73 91 DF 0D 39 BE AF | T:8433915 RPD:0
[CH: 50] LEN: 12 | HEX: E9 77 7E FC FD 72 91 FF 90 5C BF FF | T:8433926 RPD:0
[CH: 50] LEN: 12 | HEX: F9 77 7A FA F6 74 91 FF EF FF BF FF | T:8433938 RPD:0
[CH: 50] LEN: 12 | HEX: F5 77 FA F5 FD 77 91 D5 58 FB BD FD | T:8433938 RPD:0
[CH: 50] LEN: 12 | HEX: E9 77 7E F5 DA 73 91 BD 0D 39 BF BB | T:8433949 RPD:0
[CH: 50] LEN: 12 | HEX: F1 77 BE EA EE 74 91 ED FF 7B BF 5C | T:8433949 RPD:0
[CH: 50] LEN: 12 | HEX: F9 77 5E F5 DE 77 91 F5 58 EF BD FB | T:8433961 RPD:0
[CH: 50] LEN: 12 | HEX: F9 7F BE EC FF 72 91 FF 90 58 BF 7F | T:8433972 RPD:0
[CH: 50] LEN: 12 | HEX: E9 77 F6 D3 FE 75 91 FA 72 1E B6 BB | T:8433972 RPD:0
[CH: 50] LEN: 12 | HEX: F5 77 FA FA FD 74 91 FD EE FD BE EE | T:8433984 RPD:0
[CH: 50] LEN: 12 | HEX: F9 77 6E F7 56 79 91 F7 8C 56 BF FF | T:8433984 RPD:0
[CH: 50] LEN: 12 | HEX: F5 7F FA FF EE 70 91 FD BA BB BF FC | T:8433995 RPD:0
[CH: 50] LEN: 12 | HEX: F5 7F F4 FB FE 75 91 ED 72 1C BE FD | T:8433995 RPD:0
[CH: 50] LEN: 12 | HEX: D9 77 FA F6 F6 74 91 FD EF FF B7 7D | T:8434007 RPD:0
[CH: 50] LEN: 12 | HEX: F9 77 EE F7 EE 71 91 AF 8C 56 BF F7 | T:8434018 RPD:0
[CH: 50] LEN: 12 | HEX: E9 77 F4 FD FD 78 91 DE BA BB BF FF | T:8434018 RPD:0
[CH: 50] LEN: 12 | HEX: F9 6F FD EB DE 75 91 FF 72 1C BF DF | T:8434030 RPD:0
[CH: 50] LEN: 12 | HEX: F9 77 7A FA FD 78 91 FF BA BF BD FF | T:8434040 RPD:0
[CH: 50] LEN: 12 | HEX: F9 7F FE FB F6 75 91 DF 7A 1E B6 FF | T:8434066 RPD:0
[CH: 50] LEN: 12 | HEX: F1 77 CE FE FE 74 91 EF FF FD BF FD | T:8434069 RPD:0
[CH: 50] LEN: 12 | HEX: F9 77 FE F9 FF 7F 91 DF 58 FD 3D FE | T:8434072 RPD:0
[CH: 50] LEN: 12 | HEX: D1 7F 7E FD FD 70 91 FB FA BB B7 DB | T:8434084 RPD:0
[CH: 50] LEN: 12 | HEX: F9 77 7E D0 EE 76 91 FF C5 DE BF FF | T:8434116 RPD:0
[CH: 50] LEN: 12 | HEX: E9 77 D6 EF 7E 79 91 AE 8C 56 AF FE | T:8434119 RPD:0
[CH: 50] LEN: 12 | HEX: F9 77 EA FE EE 78 91 DD BA BB BD A9 | T:8434122 RPD:0
[CH: 50] LEN: 12 | HEX: F5 77 D6 F9 FD 73 91 FD 0D 3D BB FF | T:8434134 RPD:0
[CH: 50] LEN: 12 | HEX: F9 77 FE E2 EA 74 91 BD 4E 55 B7 EB | T:8434151 RPD:0
[CH: 50] LEN: 12 | HEX: F9 76 FF 75 FC 56 D1 EE DC EF BF FF | T:8434154 RPD:0
[CH: 50] LEN: 12 | HEX: F9 77 7E F4 EA 70 91 EF BA BF BF FB | T:8434180 RPD:0
[CH: 50] LEN: 12 | HEX: E9 77 BE F5 FE 73 91 DF 0D 39 B7 7F | T:8434183 RPD:0
[CH: 50] LEN: 12 | HEX: E9 76 D4 ED EF 77 51 DF 58 DF B7 AF | T:8434212 RPD:0
[CH: 50] LEN: 12 | HEX: E9 67 BE F4 EF 76 91 DF E5 9D B7 FB | T:8434232 RPD:0
[CH: 50] LEN: 12 | HEX: F5 77 FE D7 EE 75 91 FB 8C 56 BF FF | T:8434235 RPD:0
[CH: 50] LEN: 12 | HEX: F9 77 EE FC ED 70 91 FB BA BB AB 56 | T:8434238 RPD:0
[CH: 50] LEN: 12 | HEX: E9 77 F4 ED FD 73 91 FB 0D 3D BD BF | T:8434250 RPD:0
[CH: 50] LEN: 12 | HEX: E9 77 F6 FC FE 72 91 DD 90 58 BF 5D | T:8434250 RPD:0
[CH: 50] LEN: 12 | HEX: E9 77 77 00 00 71 91 EF 05 C2 B7 EE | T:8434285 RPD:0
[CH: 50] LEN: 12 | HEX: F9 7F BF 00 00 71 91 FD 05 82 BF FE | T:8434285 RPD:0
[CH: 50] LEN: 12 | HEX: F4 6D FD 00 EE EA 91 BD 68 98 BF DF | T:8434315 RPD:0
[CH: 50] LEN: 12 | HEX: F8 6D DE 00 F5 EA 91 DF 60 98 AF FF | T:8434316 RPD:0
[CH: 50] LEN: 12 | HEX: E8 6D DE 80 FE FA 91 DF 70 98 BB 6F | T:8434915 RPD:0
[CH: 50] LEN: 12 | HEX: F4 6D DE 00 F6 FA 91 ED 70 98 BD 7A | T:8434915 RPD:0
[CH: 50] LEN: 12 | HEX: F5 77 B7 00 00 71 91 DF 05 82 BF FF | T:8435184 RPD:0
[CH: 50] LEN: 12 | HEX: F9 77 FD 00 00 71 91 FF 05 C2 BF FF | T:8435185 RPD:0
[CH: 50] LEN: 12 | HEX: F8 6D DF 00 FD F2 91 FB 70 98 BD DF | T:8435214 RPD:0
[CH: 50] LEN: 12 | HEX: F8 6D FD 00 EF FA 91 FF 70 98 BF FF | T:8435215 RPD:0
[CH: 50] LEN: 12 | HEX: E9 77 BF 00 00 71 91 FF 05 C2 BF FF | T:8435484 RPD:0
[CH: 50] LEN: 12 | HEX: E9 77 77 00 00 71 91 DB 05 C2 BB 7A | T:8435484 RPD:0
[CH: 50] LEN: 12 | HEX: E9 77 B7 00 00 71 91 FF 05 C2 BE FF | T:8435783 RPD:0
[CH: 50] LEN: 12 | HEX: E9 77 BB 00 00 71 91 DF 05 C2 BF 7F | T:8435784 RPD:0
[CH: 50] LEN: 12 | HEX: E9 77 7F 00 00 71 91 FF 05 C2 BF AD | T:8436084 RPD:0
[CH: 50] LEN: 12 | HEX: FC 6D DD 00 F6 EA 91 FF 70 98 BF ED | T:8436114 RPD:0
[CH: 50] LEN: 12 | HEX: F8 6D FA 80 FC EA 91 EE 70 98 B7 DF | T:8436114 RPD:0
[CH: 50] LEN: 12 | HEX: D9 6F 7A 80 00 71 91 EF 05 A2 BF FB | T:8436383 RPD:0
[CH: 50] LEN: 12 | HEX: E9 77 5F 80 00 69 91 D7 05 C2 AE FD | T:8436384 RPD:0
[CH: 50] LEN: 12 | HEX: F8 6D FB 00 EE FA 91 DF 70 98 BF DF | T:8436414 RPD:0
[CH: 50] LEN: 12 | HEX: F8 6D DF 00 FD EA 91 FB 70 98 BF DE | T:8436414 RPD:0
[CH: 50] LEN: 12 | HEX: E9 77 FF 00 00 79 91 FD 05 C2 BF EF | T:8436983 RPD:0
[CH: 50] LEN: 12 | HEX: F8 6D FD 00 FD F2 91 FF 70 98 BF 6B | T:8437013 RPD:0
[CH: 50] LEN: 12 | HEX: E8 6D EF 00 EC F6 91 FF 70 98 BF FB | T:8437014 RPD:0
[CH: 50] LEN: 12 | HEX: FD 77 B7 00 00 71 91 FA 05 C2 BB BA | T:8437282 RPD:0
[CH: 50] LEN: 12 | HEX: E9 77 EF 00 00 71 91 DF 05 E2 BD F7 | T:8437283 RPD:0
[CH: 50] LEN: 12 | HEX: F4 6D FD 00 FE FA 91 FD 70 98 BB FF | T:8437318 RPD:0
[CH: 50] LEN: 12 | HEX: D2 76 FA 00 8C EA 91 DE 2C 77 7F FF | T:8437348 RPD:0
[CH: 50] LEN: 12 | HEX: EA 76 FD 00 8C EA 91 DF 2C 77 7F FD | T:8437349 RPD:0
[CH: 50] LEN: 12 | HEX: FA 76 FE ED 7B B6 91 F7 D2 8A B7 AF | T:8437379 RPD:0
[CH: 50] LEN: 12 | HEX: FA 76 EE EC 71 FA 91 DF 7B E1 FF F7 | T:8437386 RPD:0
[CH: 50] LEN: 12 | HEX: FA 76 FE FB 76 FA 91 FF 4D 98 AF 7F | T:8437389 RPD:0
[CH: 50] LEN: 12 | HEX: FA 76 FD FA 6F 7A 91 FF 91 7D BB B5 | T:8437393 RPD:0
[CH: 50] LEN: 12 | HEX: EA 76 F6 F7 7E F2 91 FD 89 81 AB F7 | T:8437431 RPD:0
[CH: 50] LEN: 12 | HEX: FA 76 FD F6 77 FE 91 AA 55 64 B7 EB | T:8437435 RPD:0
[CH: 50] LEN: 12 | HEX: FA 7E FE EC 79 FE 91 FF F4 8E AA F3 | T:8437495 RPD:0
[CH: 50] LEN: 12 | HEX: EA 7E ED FB 76 F6 91 DF CA 76 BF EF | T:8437525 RPD:0
[CH: 50] LEN: 12 | HEX: FA 76 F6 E2 7A BA 91 D7 16 93 BD B7 | T:8437555 RPD:0
[CH: 50] LEN: 12 | HEX: EA 76 EE E9 7A F6 91 EF 63 9D BB BB | T:8437585 RPD:0
[CH: 50] LEN: 12 | HEX: FE 76 EC F0 7D DA 91 FF B5 74 BF FF | T:8437615 RPD:0
[CH: 50] LEN: 12 | HEX: EA 76 EE EE E2 EA 91 FF 11 92 B6 FE | T:8437645 RPD:0
[CH: 50] LEN: 12 | HEX: FA 7E FE EE 63 DA 91 FD CD 77 FF FE | T:8437675 RPD:0
[CH: 50] LEN: 12 | HEX: EA 76 F6 EC 61 EA 91 FB 64 9C B7 FF | T:8437735 RPD:0
[CH: 50] LEN: 12 | HEX: F6 76 FD EA 67 D6 91 BF 8E 80 B6 FB | T:8437795 RPD:0
[CH: 50] LEN: 12 | HEX: EA 7E F6 E9 64 FA 91 EF EB 8E BA FA | T:8437825 RPD:0
[CH: 50] LEN: 12 | HEX: FA 76 F6 E8 65 FA 91 ED 27 6B BF 7B | T:8437855 RPD:0
[CH: 50] LEN: 12 | HEX: FA 76 EA E7 6A F6 91 DD 96 7C BE FF | T:8437885 RPD:0
[CH: 50] LEN: 12 | HEX: FA 67 FF E6 7B DA 91 FB 4A 99 BD FF | T:8437915 RPD:0
[CH: 50] LEN: 12 | HEX: F6 6E FD E5 68 EA 91 DB 3D 97 77 F6 | T:8437945 RPD:0
[CH: 50] LEN: 12 | HEX: FA 76 FA E4 69 DA 91 D7 F3 72 B7 FF | T:8437975 RPD:0
[CH: 50] LEN: 12 | HEX: FA 76 FE F3 6E F6 91 D5 D5 8B BD BF | T:8438005 RPD:0
[CH: 50] LEN: 12 | HEX: EA 76 F6 E2 6E EA 91 A5 09 6C BF 57 | T:8438035 RPD:0
[CH: 50] LEN: 12 | HEX: EA 76 FE E0 6D EA 91 FD A0 85 B7 6F | T:8438095 RPD:0
[CH: 50] LEN: 12 | HEX: EA 76 F6 DE D2 F2 91 EF 31 95 BF FF | T:8438125 RPD:0
[CH: 50] LEN: 12 | HEX: FA 7E F6 FD 73 BA 91 ED D2 8A BF FE | T:8438155 RPD:0
[CH: 50] LEN: 12 | HEX: FA 76 EF FD 70 FA 91 EF A7 44 B7 77 | T:8438159 RPD:0
[CH: 50] LEN: 12 | HEX: FA 76 EE EC 71 DA 91 FF 77 61 B7 D6 | T:8438162 RPD:0
[CH: 50] LEN: 12 | HEX: EA 76 DD EB 76 FA 91 FF 4F D8 BF FF | T:8438173 RPD:0
[CH: 50] LEN: 12 | HEX: F6 76 ED FA 77 FA 91 FD 91 75 FF BF | T:8438173 RPD:0
[CH: 50] LEN: 12 | HEX: EA 76 F6 E9 74 FA 91 DD E4 73 BF F7 | T:8438184 RPD:0
[CH: 50] LEN: 12 | HEX: EA 76 EE F6 76 FA 91 FF 89 81 BF FF | T:8438185 RPD:0
[CH: 50] LEN: 12 | HEX: EA 76 FE F5 78 F2 91 DD 20 6A BF FF | T:8438215 RPD:0
[CH: 50] LEN: 12 | HEX: FA 7E FC E4 75 DA 91 F7 F8 8E BF F7 | T:8438245 RPD:0
[CH: 50] LEN: 12 | HEX: FA 77 EE F3 76 FA 91 FF CA 7E AF FF | T:8438275 RPD:0
[CH: 50] LEN: 12 | HEX: EA 7E FF F2 7E BA 91 FF 16 93 BF FF | T:8438305 RPD:0
[CH: 50] LEN: 12 | HEX: EA 7E FE F9 74 FA 91 FE 63 9D BE F7 | T:8438335 RPD:0
[CH: 50] LEN: 12 | HEX: FA 76 EE F0 7D FA 91 FF BB 7C BF F7 | T:8438365 RPD:0
[CH: 50] LEN: 12 | HEX: FE 76 FC EF 62 F6 91 FF 11 92 BF BF | T:8438395 RPD:0
[CH: 50] LEN: 12 | HEX: FA 76 FE EE 63 F6 91 ED CD 77 FF FF | T:8438425 RPD:0
[CH: 50] LEN: 12 | HEX: FA 76 EF FC 61 B2 91 DF 64 9C AB FD | T:8438485 RPD:0
[CH: 50] LEN: 12 | HEX: EA 76 FF EB 66 F6 91 DF 52 65 BF FF | T:8438515 RPD:0
[CH: 50] LEN: 12 | HEX: EA 76 EE EA 67 FE 91 FB 8F 80 BF FF | T:8438545 RPD:0
[CH: 50] LEN: 12 | HEX: EA 76 FA E9 64 FA 91 DF F7 8E BF B7 | T:8438575 RPD:0
[CH: 50] LEN: 12 | HEX: EA 76 ED F8 65 DA 91 FD 27 6B B7 DF | T:8438605 RPD:0
[CH: 50] LEN: 12 | HEX: EA 76 F6 E7 6A F2 91 FE 97 7C BF FD | T:8438635 RPD:0
[CH: 50] LEN: 12 | HEX: FA 76 F6 E6 6B B6 91 FF 4A 99 BE FF | T:8438665 RPD:0
[CH: 50] LEN: 12 | HEX: EA 76 F6 E3 6E EA 91 EE D5 8B BF FE | T:8438754 RPD:0
[CH: 50] LEN: 12 | HEX: FA 76 F6 E1 6C F2 91 D7 78 60 BB 7B | T:8438814 RPD:0
[CH: 50] LEN: 12 | HEX: FA 76 FE E0 6D EA 91 D7 20 85 BF FB | T:8438844 RPD:0
[CH: 50] LEN: 12 | HEX: FA 76 EE DD D2 F2 91 E5 31 95 BB DE | T:8438874 RPD:0
[CH: 50] LEN: 12 | HEX: F6 76 FE EB 70 F6 91 D6 A7 84 BF FE | T:8438908 RPD:0
[CH: 50] LEN: 12 | HEX: FE 76 F6 FB 76 F6 91 DD 4D 98 BD FF | T:8438916 RPD:0
[CH: 50] LEN: 12 | HEX: F6 76 F4 FA 77 7A 91 FF 91 7D BF EF | T:8438920 RPD:0
[CH: 50] LEN: 12 | HEX: F2 76 F7 F9 74 FA 91 ED 64 73 BE FE | T:8438923 RPD:0
[CH: 50] LEN: 12 | HEX: EA 76 F4 F4 75 BA 91 FF 38 96 BF F7 | T:8438934 RPD:0
[CH: 50] LEN: 12 | HEX: FE 76 FC F7 7A F6 91 EE 89 81 BF FF | T:8438935 RPD:0
[CH: 50] LEN: 12 | HEX: FA 76 FE E5 70 FA 91 FF 20 6A BE FF | T:8438965 RPD:0
[CH: 50] LEN: 12 | HEX: F2 76 FE F4 75 FA 91 D7 FA 8F 3F FD | T:8438995 RPD:0
[CH: 50] LEN: 12 | HEX: FA 76 F6 F3 7E F2 91 ED CA 76 B5 F5 | T:8439025 RPD:0
[CH: 50] LEN: 12 | HEX: FA 76 FE F2 7D 5A 91 DB 16 93 BF DD | T:8439055 RPD:0
[CH: 50] LEN: 12 | HEX: EA 76 FE F1 7A FA 91 FE 63 9D FF FD | T:8439085 RPD:0
[CH: 50] LEN: 12 | HEX: EA 76 EA F0 7D F2 91 F7 BF 78 AF FF | T:8439115 RPD:0
[CH: 50] LEN: 12 | HEX: FA 6E DF EE 62 FA 91 FB 11 92 BF FF | T:8439145 RPD:0
[CH: 50] LEN: 12 | HEX: F2 76 FE EB 66 FA 91 FF 52 65 BF BF | T:8439265 RPD:0
[CH: 50] LEN: 12 | HEX: FA 76 FE E9 64 EA 91 FE B3 8E BF FF | T:8439325 RPD:0
[CH: 50] LEN: 12 | HEX: EA 76 FE E7 6A F2 91 A2 96 78 B7 B7 | T:8439385 RPD:0
[CH: 50] LEN: 12 | HEX: FA 76 EA E6 6B D6 91 FF CA 99 BF F7 | T:8439415 RPD:0
[CH: 50] LEN: 12 | HEX: D2 75 EE E5 68 FA 91 FF 3B 97 FF FF | T:8439445 RPD:0
[CH: 50] LEN: 12 | HEX: FA 76 F5 E4 69 FA 91 FF A3 7A BF FF | T:8439475 RPD:0
[CH: 50] LEN: 12 | HEX: FA 7B FE 80 81 FA 91 F7 57 FB BD FD | T:8439696 RPD:0
[CH: 50] LEN: 12 | HEX: FA 7B DF 00 81 FA 91 EF 57 FB BA FF | T:8439696 RPD:0
[CH: 50] LEN: 12 | HEX: F1 77 BE F5 FE 70 91 DD 3A BB BE FF | T:8439727 RPD:0
[CH: 50] LEN: 12 | HEX: F5 77 FE FD FE 73 91 FF 0D 39 AE DE | T:8439730 RPD:0
[CH: 50] LEN: 12 | HEX: F1 77 FD FC FA 72 91 FF D0 58 B7 FB | T:8439733 RPD:0
[CH: 50] LEN: 12 | HEX: F9 77 FD FB B6 75 91 FF 72 1C BF F6 | T:8439744 RPD:0
[CH: 50] LEN: 12 | HEX: F9 77 7A F2 FA 74 91 FF DF 75 BD FB | T:8439745 RPD:0
[CH: 50] LEN: 12 | HEX: E9 77 DD F9 FE 77 91 EF 58 FF 3F BA | T:8439756 RPD:0
[CH: 50] LEN: 12 | HEX: F1 77 FD F8 FE 76 91 EE A5 9E BF FF | T:8439767 RPD:0
[CH: 50] LEN: 12 | HEX: F1 77 DD F7 FB 79 91 EB 4C 56 BF EF | T:8439768 RPD:0
[CH: 50] LEN: 12 | HEX: F9 77 D4 FB D4 75 91 FD 72 1C BE EB | T:8439779 RPD:0
[CH: 50] LEN: 12 | HEX: F9 77 BB FA F5 74 91 D6 AF 7D BF DF | T:8439780 RPD:0
[CH: 50] LEN: 12 | HEX: F9 77 FE F9 FE 77 B1 FF D8 F5 BF EF | T:8439791 RPD:0
[CH: 50] LEN: 12 | HEX: E9 77 D4 E8 FE 76 91 F7 C5 9E BE F7 | T:8439792 RPD:0
[CH: 50] LEN: 12 | HEX: F1 77 FE FE FE 70 91 F7 7A BB BE BF | T:8439803 RPD:0
[CH: 50] LEN: 12 | HEX: F5 77 EE F5 EE 73 91 FD 8D 39 BF EF | T:8439814 RPD:0
[CH: 50] LEN: 12 | HEX: F9 77 BE FC FA 72 91 F5 10 58 BE FF | T:8439814 RPD:0
[CH: 50] LEN: 12 | HEX: E9 77 D6 F2 FA 74 91 FE 8F 79 BF F7 | T:8439826 RPD:0
[CH: 50] LEN: 12 | HEX: F9 77 AE FA FE 70 91 F7 BA BB BB FE | T:8439826 RPD:0
[CH: 50] LEN: 12 | HEX: F9 77 FC F5 FB 73 91 F6 0D 39 BF 77 | T:8439837 RPD:0
[CH: 50] LEN: 12 | HEX: F1 77 FC FA FE 74 91 FF 4F 7D BD DD | T:8439838 RPD:0
[CH: 50] LEN: 12 | HEX: E9 77 FE F9 EC 77 91 FF 58 FF 7F DF | T:8439849 RPD:0
[CH: 50] LEN: 12 | HEX: F1 77 FE FE FE 70 91 DE FA BB BA EF | T:8439860 RPD:0
[CH: 50] LEN: 12 | HEX: F1 77 F4 FD FE 73 91 FA 0D 39 B7 FF | T:8439860 RPD:0
[CH: 50] LEN: 12 | HEX: F9 77 BB F8 F4 76 91 DE 85 9F BF FA | T:8439875 RPD:0
[CH: 50] LEN: 12 | HEX: E9 77 FE F7 B4 71 91 D7 4C 56 AA FE | T:8439878 RPD:0
[CH: 50] LEN: 12 | HEX: F9 77 FE FD FE 73 91 FE 8D 39 BD EF | T:8439884 RPD:0
[CH: 50] LEN: 12 | HEX: F9 77 FF FA FE 72 91 EF 10 58 BB FF | T:8439895 RPD:0
[CH: 50] LEN: 12 | HEX: F1 77 FE FB EE 75 91 F6 72 1C B7 DF | T:8439896 RPD:0
[CH: 50] LEN: 12 | HEX: F9 77 B4 FA F4 74 91 D6 8F 75 BF 7E | T:8439907 RPD:0
[CH: 50] LEN: 12 | HEX: F9 77 DD F9 F6 77 91 FF 58 FF B7 EF | T:8439907 RPD:0
[CH: 50] LEN: 12 | HEX: F9 77 FB F8 EE 76 91 FE 85 9E BB FF | T:8439918 RPD:0
[CH: 50] LEN: 12 | HEX: F9 77 D4 FB FE 73 91 FF 0D 39 BD 77 | T:8439919 RPD:0
[CH: 50] LEN: 12 | HEX: F9 77 FF FC FE 72 91 FF 90 58 B7 7F | T:8439930 RPD:0
[CH: 50] LEN: 12 | HEX: F9 77 7E F9 F6 77 91 FE 58 FB 25 F7 | T:8439941 RPD:0
[CH: 50] LEN: 12 | HEX: F9 77 AE F8 FC 76 91 FA A5 9E BF EF | T:8439941 RPD:0
[CH: 50] LEN: 12 | HEX: F9 77 BD F9 FE 73 91 D7 0D 39 FF F7 | T:8439953 RPD:0
[CH: 50] LEN: 12 | HEX: F9 77 FE F9 FE 77 91 FE D8 FF B5 ED | T:8439953 RPD:0
[CH: 50] LEN: 12 | HEX: F1 77 FF F0 F4 76 91 FF 65 9E B7 FE | T:8439964 RPD:0
[CH: 50] LEN: 12 | HEX: F1 77 FF F7 D4 73 91 FF 0D 39 BF AE | T:8439976 RPD:0
[CH: 50] LEN: 12 | HEX: F1 77 DE FC FE 72 91 F7 50 58 BF EB | T:8439976 RPD:0
[CH: 50] LEN: 12 | HEX: F1 77 FC F7 F5 75 91 FF 72 1C BD FE | T:8439987 RPD:0
[CH: 50] LEN: 12 | HEX: ED 77 FE EA FC 74 91 D7 4F 7D BF FF | T:8439987 RPD:0
[CH: 50] LEN: 12 | HEX: F1 77 BD F0 FE 76 91 FF E5 9C BF 7D | T:8439999 RPD:0
[CH: 50] LEN: 12 | HEX: F9 77 FD F7 FC F9 91 FF 8C 56 BF BF | T:8439999 RPD:0
[CH: 50] LEN: 12 | HEX: E9 77 FC FE FE 70 91 FF 7A BB BB FE | T:8440010 RPD:0
[CH: 50] LEN: 12 | HEX: F1 77 FA FC F5 72 91 FF 90 58 BA FF | T:8440022 RPD:0
[CH: 50] LEN: 12 | HEX: F9 77 AC FB FE 75 91 F6 F2 1C BF FC | T:8440022 RPD:0
[CH: 50] LEN: 12 | HEX: F9 77 D6 F8 F5 76 91 FF 45 9E B7 DB | T:8440033 RPD:0
[CH: 50] LEN: 12 | HEX: F1 77 D6 F8 FE 72 91 FF 50 58 BF FF | T:8440033 RPD:0
[CH: 50] LEN: 12 | HEX: F9 77 75 FB FE 75 91 FE F2 1C BF BF | T:8440045 RPD:0
[CH: 50] LEN: 12 | HEX: F9 77 5A F8 FC 76 91 FF 65 9E BF BB | T:8440056 RPD:0
[CH: 50] LEN: 12 | HEX: F9 77 FD E7 DE 79 91 FE 8C 56 BD FF | T:8440056 RPD:0
[CH: 50] LEN: 12 | HEX: F1 77 FD FC F5 72 91 FE 90 58 BF FB | T:8440068 RPD:0
[CH: 50] LEN: 12 | HEX: F9 77 F4 F1 FE 77 91 EA 58 FB BF F5 | T:8440068 RPD:0
[CH: 50] LEN: 12 | HEX: F9 77 FB F7 DD 79 91 EB 4C 56 BF FF | T:8440080 RPD:0
[CH: 50] LEN: 12 | HEX: F9 77 F5 FE FB 70 91 FF BA BB BD DF | T:8440083 RPD:0
[CH: 50] LEN: 12 | HEX: F1 77 AD FB FA 73 91 FF 0D 39 BF DA | T:8440094 RPD:0
[CH: 50] LEN: 12 | HEX: F1 77 B5 E8 D4 42 91 56 90 50 BD BF | T:8440094 RPD:0
[CH: 50] LEN: 12 | HEX: F1 77 FE F3 FA 75 91 FF 72 1C BF DF | T:8440106 RPD:0
[CH: 50] LEN: 12 | HEX: F9 77 DE FA F4 74 91 EB CF 79 BF BF | T:8440117 RPD:0
[CH: 50] LEN: 12 | HEX: F9 77 F5 F8 FE 76 91 FF C5 9E BF BF | T:8440117 RPD:0
[CH: 50] LEN: 12 | HEX: F9 77 BD FE FE 70 91 F7 BA BB AF B6 | T:8440128 RPD:0
[CH: 50] LEN: 12 | HEX: F1 77 FF F2 FA 74 91 FF BF 7D BB FF | T:8440129 RPD:0
[CH: 50] LEN: 12 | HEX: F9 77 FE F9 ED 77 91 EA 58 F7 3E FB | T:8440140 RPD:0
[CH: 50] LEN: 12 | HEX: F1 77 F4 F5 F4 70 91 FE FE BB BE FF | T:8440140 RPD:0
[CH: 50] LEN: 12 | HEX: F9 77 FA F9 F6 73 91 FE 8D 39 BF FE | T:8440152 RPD:0
[CH: 50] LEN: 12 | HEX: F9 77 AC FA FE 74 91 FF 4F 7D BF FF | T:8440163 RPD:0
[CH: 50] LEN: 12 | HEX: F9 77 DE F9 FE 77 91 FF 58 FF 7F 5D | T:8440163 RPD:0
[CH: 50] LEN: 12 | HEX: F9 77 AE FA FB 70 91 FE FA BB 3F FB | T:8440174 RPD:0
[CH: 50] LEN: 12 | HEX: F9 77 FE F7 BF 75 91 BF 72 18 BF FF | T:8440175 RPD:0
[CH: 50] LEN: 12 | HEX: E9 77 EA F2 FE 74 91 FF EF 79 FF FF | T:8440186 RPD:0
[CH: 50] LEN: 12 | HEX: F9 77 FD F7 FD 79 91 FF CC 56 BD F7 | T:8440197 RPD:0
[CH: 50] LEN: 12 | HEX: F9 77 EA FE FA 70 91 F5 7A BB AE DD | T:8440198 RPD:0
[CH: 50] LEN: 12 | HEX: F9 77 DD EB FE 75 91 EA 7A 1C BF 5D | T:8440209 RPD:0
[CH: 50] LEN: 12 | HEX: F1 77 D6 F7 FE 79 91 FF 0C 56 BF 7F | T:8440209 RPD:0
[CH: 50] LEN: 12 | HEX: F9 77 F4 FE FE 70 91 D6 BA BF AF FF | T:8440220 RPD:0
[CH: 50] LEN: 12 | HEX: F9 77 DD EB F4 75 91 FF 72 1C BD FF | T:8440232 RPD:0
[CH: 50] LEN: 12 | HEX: F1 77 FB F1 FD 77 91 DE D8 EF 6F BB | T:8440232 RPD:0
[CH: 50] LEN: 12 | HEX: F5 77 D4 F7 B4 79 91 EE 8C 56 BE EF | T:8440243 RPD:0
[CH: 50] LEN: 12 | HEX: F9 77 FC FC F4 72 91 FF 50 58 BF F6 | T:8440244 RPD:0
[CH: 50] LEN: 12 | HEX: F9 77 FF FB FD 75 91 F7 72 1C BF FF | T:8440255 RPD:0
[CH: 50] LEN: 12 | HEX: F1 77 FE F8 FA 76 91 FF C5 9E B5 DF | T:8440255 RPD:0
[CH: 50] LEN: 12 | HEX: F9 77 AE F7 D6 79 91 FF 4C 56 BE F7 | T:8440266 RPD:0
[CH: 50] LEN: 12 | HEX: F1 77 FC F4 FC 72 91 FD 50 58 BF DF | T:8440278 RPD:0
[CH: 50] LEN: 12 | HEX: F9 77 FE FB FE 75 91 FF 72 1C BF FF | T:8440278 RPD:0
[CH: 50] LEN: 12 | HEX: F9 77 FB F8 FB 76 91 FE C5 9E BF 7F | T:8440289 RPD:0
[CH: 50] LEN: 12 | HEX: F9 77 FC F7 FC F9 91 FE 8C 56 BF 5F | T:8440289 RPD:0
[CH: 50] LEN: 12 | HEX: F9 77 FB FE FD 70 91 F6 BA BB AD 5F | T:8440301 RPD:0
[CH: 50] LEN: 12 | HEX: F9 77 FB F9 EA 73 91 DE 0D 39 BF 7F | T:8440312 RPD:0
[CH: 50] LEN: 12 | HEX: F9 77 FD F4 FE 72 91 FF D0 58 AF FF | T:8440312 RPD:0
[CH: 50] LEN: 12 | HEX: F9 77 B9 FA FC 7C 91 D7 5D 7D BB FF | T:8440324 RPD:0
[CH: 50] LEN: 12 | HEX: F1 77 FE F7 FA 79 91 FF 0C 56 B7 BF | T:8440324 RPD:0
[CH: 50] LEN: 12 | HEX: F9 77 AC FE FC 70 91 F5 3A BB BF DF | T:8440335 RPD:0
[CH: 50] LEN: 12 | HEX: F9 77 B9 FB FD 75 91 FF 72 1C BF 5D | T:8440335 RPD:0
[CH: 50] LEN: 12 | HEX: F1 77 D6 FA F6 74 91 DF 4F 7D BE D7 | T:8440347 RPD:0
[CH: 50] LEN: 12 | HEX: F9 77 D6 F7 B4 79 91 FF CC 56 BF AF | T:8440358 RPD:0
[CH: 50] LEN: 12 | HEX: F9 77 AB F8 F5 72 91 FF 10 58 BD FD | T:8440358 RPD:0
[CH: 50] LEN: 12 | HEX: F1 77 FD FB FD 75 91 FF F2 1C BF BD | T:8440370 RPD:0
[CH: 50] LEN: 12 | HEX: F9 77 BD F7 FF 79 91 FD 4C 56 BD FF | T:8440370 RPD:0
[CH: 50] LEN: 12 | HEX: F1 77 BF FE F4 70 91 EF 7A BB BE FE | T:8440381 RPD:0
[CH: 50] LEN: 12 | HEX: F9 77 FF FC FD 72 91 D7 50 58 BE FE | T:8440392 RPD:0
[CH: 50] LEN: 12 | HEX: F1 77 ED FB FE 75 91 FF 72 1C BB FF | T:8440393 RPD:0
[CH: 50] LEN: 12 | HEX: F9 77 FD FA FE 74 91 DE CF 7B BF BD | T:8440404 RPD:0
[CH: 50] LEN: 12 | HEX: F9 77 F4 F9 FE 77 91 EF 58 F6 B7 F7 | T:8440404 RPD:0
[CH: 50] LEN: 12 | HEX: F9 77 AD F8 F4 76 91 EE A5 9E BF EF | T:8440416 RPD:0
[CH: 50] LEN: 12 | HEX: F9 77 BA FE FE 70 91 DD 7A BB B7 7F | T:8440427 RPD:0
[CH: 50] LEN: 12 | HEX: F5 77 D6 FD DD 73 91 FE 8D 39 AD EF | T:8440427 RPD:0
[CH: 50] LEN: 12 | HEX: FD 77 EC FA FA 74 91 FF AF 7B BB FB | T:8440438 RPD:0
[CH: 50] LEN: 12 | HEX: F9 77 B5 FE F6 70 91 FE FA BB BF B7 | T:8440439 RPD:0
[CH: 50] LEN: 12 | HEX: E9 77 FD FD FE 73 91 F7 0D 39 BE F7 | T:8440450 RPD:0
[CH: 50] LEN: 12 | HEX: F1 77 EE FA FE 74 91 FE AF 7D B6 FF | T:8440450 RPD:0
[CH: 50] LEN: 12 | HEX: F1 77 F5 F9 F6 77 11 F5 58 FA B7 BF | T:8440462 RPD:0
[CH: 50] LEN: 12 | HEX: F1 77 FF FE F5 70 91 D6 BA BB BF 6D | T:8440473 RPD:0
[CH: 50] LEN: 12 | HEX: F9 77 FE FD FD 73 91 FF 0D 39 BF FF | T:8440473 RPD:0
[CH: 50] LEN: 12 | HEX: F9 77 6D F9 FC 77 91 F6 D8 F7 37 FF | T:8440484 RPD:0
[CH: 50] LEN: 12 | HEX: F9 77 EE F0 F6 76 91 F7 85 9E AE BF | T:8440487 RPD:0
[CH: 50] LEN: 12 | HEX: F1 77 FD F7 DA 79 91 FF 4C 56 BD BB | T:8440499 RPD:0
[CH: 50] LEN: 12 | HEX: F9 77 EE FE F4 70 91 FF 7A BB BF 7F | T:8440499 RPD:0
[CH: 50] LEN: 12 | HEX: F9 77 FD FD FE 73 91 F7 0D 39 BD DE | T:8440510 RPD:0
[CH: 50] LEN: 12 | HEX: F1 77 AD FC F6 72 91 F7 10 58 BF FF | T:8440511 RPD:0
[CH: 50] LEN: 12 | HEX: F9 77 AE F3 AA 75 91 FD 72 1C BF DF | T:8440522 RPD:0
[CH: 50] LEN: 12 | HEX: F9 77 EA F8 FF 76 91 FF 65 9E BB DA | T:8440533 RPD:0
[CH: 50] LEN: 12 | HEX: F1 77 FB F7 FD 79 91 FF CC 56 BB 7F | T:8440533 RPD:0
[CH: 50] LEN: 12 | HEX: F9 77 5E F6 F4 72 91 EE 50 58 BF FF | T:8440545 RPD:0
[CH: 50] LEN: 12 | HEX: F5 77 BA F4 F5 76 91 FF 85 9E BF FB | T:8440545 RPD:0
[CH: 50] LEN: 12 | HEX: F1 77 F4 F7 5A 79 91 FD 0C 56 AF FF | T:8440556 RPD:0
[CH: 50] LEN: 12 | HEX: F1 77 FF F8 FE 72 91 F5 90 58 BE FE | T:8440568 RPD:0
[CH: 50] LEN: 12 | HEX: F9 77 BA F3 FE 75 91 D6 F2 1C B7 F7 | T:8440568 RPD:0
[CH: 50] LEN: 12 | HEX: F1 77 BB F8 FE 76 91 FF C5 9C BF EF | T:8440579 RPD:0
[CH: 50] LEN: 12 | HEX: F9 77 FA F5 FF 77 91 EE 8D 39 BF FE | T:8440579 RPD:0
[CH: 50] LEN: 12 | HEX: F1 77 D5 FC FA 72 91 DF 90 58 BF FF | T:8440591 RPD:0
[CH: 50] LEN: 12 | HEX: ED 77 FC FB EA 75 91 FF 72 1C BF DF | T:8440591 RPD:0
[CH: 50] LEN: 12 | HEX: F1 77 5A F2 FE 74 91 F7 4F F9 BF FF | T:8440603 RPD:0
[CH: 50] LEN: 12 | HEX: F9 77 FA F1 DD 77 11 FD D8 FF 7D FE | T:8440614 RPD:0
[CH: 50] LEN: 12 | HEX: F9 77 FA F0 F4 76 91 FE 85 9C BE FF | T:8440614 RPD:0
[CH: 50] LEN: 12 | HEX: F5 77 EB F7 AA 79 91 ED 0C 56 B7 F7 | T:8440625 RPD:0
[CH: 50] LEN: 12 | HEX: F9 77 D6 FB FC 75 91 FF 72 1C BF DF | T:8440626 RPD:0
[CH: 50] LEN: 12 | HEX: E9 77 D6 FA FE 74 91 FF DF 7D FD FF | T:8440637 RPD:0
[CH: 50] LEN: 12 | HEX: F1 77 7B F7 7C 71 91 D5 8C 56 BF FE | T:8440648 RPD:0
[CH: 50] LEN: 12 | HEX: ED 77 BD FC FC 70 91 FF BA BB BF FE | T:8440649 RPD:0
[CH: 50] LEN: 12 | HEX: F9 77 FC EB CA 75 91 F5 72 1C BF F7 | T:8440660 RPD:0
[CH: 50] LEN: 12 | HEX: F9 77 FA F7 DD 75 91 F6 8C 56 BF FB | T:8440660 RPD:0
[CH: 50] LEN: 12 | HEX: F9 77 D6 FA FE 70 91 EF 3A BB 75 EB | T:8440671 RPD:0
[CH: 50] LEN: 12 | HEX: F9 77 5E FC FC 72 91 EF 50 58 AE F9 | T:8440672 RPD:0
[CH: 50] LEN: 12 | HEX: F1 77 F4 F3 DA 75 91 DE F2 1E AD F7 | T:8440683 RPD:0
[CH: 50] LEN: 12 | HEX: F1 77 FD FC EA 76 91 DA 85 9E BB FF | T:8440694 RPD:0
[CH: 50] LEN: 12 | HEX: D1 77 FE F7 FE 71 91 FF 8C 56 BF FF | T:8440695 RPD:0
[CH: 50] LEN: 12 | HEX: E9 77 F4 E9 FD 73 91 D6 8D 39 BF E7 | T:8440706 RPD:0
[CH: 50] LEN: 12 | HEX: F9 77 FE FC FE 72 91 F7 10 58 BF BF | T:8440706 RPD:0
[CH: 50] LEN: 12 | HEX: F9 77 5A F3 DC 75 91 FB 72 1C B7 F7 | T:8440717 RPD:0
[CH: 50] LEN: 12 | HEX: F5 77 EA FA F4 74 91 FE AF 79 AD F7 | T:8440729 RPD:0
[CH: 50] LEN: 12 | HEX: F1 77 FD F9 FD 77 91 EF 58 FF BF F9 | T:8440729 RPD:0
[CH: 50] LEN: 12 | HEX: F9 77 F5 FA EA 70 91 D7 FA BB BB 7C | T:8440740 RPD:0
[CH: 50] LEN: 12 | HEX: FD 77 DB FA FA 74 91 FF AF 7D BF FE | T:8440741 RPD:0
[CH: 50] LEN: 12 | HEX: F5 77 BE F9 EE 77 51 EE D8 FF 2F FE | T:8440752 RPD:0
[CH: 50] LEN: 12 | HEX: F1 77 FA FE FA 70 91 EA BA BB BF DB | T:8440763 RPD:0
[CH: 50] LEN: 12 | HEX: ED 77 FF FD FE 73 91 FD 0D 39 B5 FA | T:8440763 RPD:0
[CH: 50] LEN: 12 | HEX: F9 77 DF FA EA 74 91 FF 6F 7D BF FF | T:8440775 RPD:0
[CH: 50] LEN: 12 | HEX: F1 77 5E F7 AE 79 91 FD 0C 56 B7 BF | T:8440775 RPD:0
[CH: 50] LEN: 12 | HEX: F1 77 FC FE FE 70 91 ED 7A BB FF BF | T:8440786 RPD:0
[CH: 50] LEN: 12 | HEX: F1 77 FC F2 F6 74 91 D7 EF 79 BF B5 | T:8440796 RPD:0
[CH: 50] LEN: 12 | HEX: F9 77 DD F1 EC 77 91 EB 58 FF 7F F7 | T:8440799 RPD:0
[CH: 50] LEN: 12 | HEX: F9 77 DD F8 FE 76 91 F6 85 BE BF A9 | T:8440810 RPD:0
[CH: 50] LEN: 12 | HEX: F1 77 BB F7 FD 79 91 FF 4C 56 BF 7B | T:8440811 RPD:0
[CH: 50] LEN: 12 | HEX: F9 77 BA FE FE 70 91 FF FA BB BF FE | T:8440822 RPD:0
[CH: 50] LEN: 12 | HEX: F1 77 59 FC F4 72 91 EE 90 58 BF FF | T:8440822 RPD:0
[CH: 50] LEN: 12 | HEX: E9 77 F4 F3 FE 75 91 FE F2 1C B6 FB | T:8440833 RPD:0
[CH: 50] LEN: 12 | HEX: F9 77 FA F1 F4 77 11 EE 58 FA BF FE | T:8440834 RPD:0
[CH: 50] LEN: 12 | HEX: E9 77 74 F0 F5 76 91 FF A5 9E B7 7F | T:8440845 RPD:0
[CH: 50] LEN: 12 | HEX: F1 77 BE FD F4 73 91 FF 8D 39 BF FF | T:8440856 RPD:0
[CH: 50] LEN: 12 | HEX: E9 77 FA FC F6 72 91 FE 90 58 BF DF | T:8440857 RPD:0
[CH: 50] LEN: 12 | HEX: E9 77 76 F1 EE 77 11 FF 58 FF FE FF | T:8440868 RPD:0
[CH: 50] LEN: 12 | HEX: F9 77 5C F7 EE 73 91 D7 0D 39 B7 FF | T:8440868 RPD:0
[CH: 50] LEN: 12 | HEX: F9 77 F6 FB D5 75 91 FE F2 1C BF FC | T:8440879 RPD:0
[CH: 50] LEN: 12 | HEX: F9 77 B4 F9 FF 77 91 FD 58 FF 7F BF | T:8440891 RPD:0
[CH: 50] LEN: 12 | HEX: FD 77 FA F4 FE 76 91 EE 85 9E BB 7A | T:8440891 RPD:0
[CH: 50] LEN: 12 | HEX: F9 77 7C F6 F5 70 91 CB BA BB FF FF | T:8440902 RPD:0
[CH: 50] LEN: 12 | HEX: E9 77 DE F0 FD 72 91 EB 90 58 BF FA | T:8440903 RPD:0
[CH: 50] LEN: 12 | HEX: F9 77 FE F3 FD 75 91 F7 72 1C BF FF | T:8440914 RPD:0
[CH: 50] LEN: 12 | HEX: F9 77 DD F9 F6 77 91 D7 58 F5 BF DB | T:8440915 RPD:0
[CH: 50] LEN: 12 | HEX: F9 77 FD F8 FE 76 91 F7 C5 9E BE FE | T:8440926 RPD:0
[CH: 50] LEN: 12 | HEX: F9 77 FC F7 DE 79 91 FF CC 56 BF D7 | T:8440937 RPD:0
[CH: 50] LEN: 12 | HEX: F9 77 FD FA FA 70 91 FA BA BB BD EF | T:8440937 RPD:0
[CH: 50] LEN: 12 | HEX: F9 77 AD F6 FE 72 91 EE 90 58 BF BF | T:8440949 RPD:0
[CH: 50] LEN: 12 | HEX: F9 77 FB F8 FE 76 91 FE 85 9E B7 FF | T:8440949 RPD:0
[CH: 50] LEN: 12 | HEX: F5 77 7C E7 7E 79 91 EF 8C 56 B7 FF | T:8440960 RPD:0
[CH: 50] LEN: 12 | HEX: F1 77 DA FC FE 72 91 EE 90 58 BD CF | T:8440972 RPD:0
[CH: 50] LEN: 12 | HEX: ED 77 7A FB FE 75 91 DF 72 1C BB D7 | T:8440972 RPD:0
[CH: 50] LEN: 12 | HEX: F9 77 BA E8 FE 76 91 FF C5 9E B6 FF | T:8440983 RPD:0
[CH: 50] LEN: 12 | HEX: F9 77 F8 F5 EE 73 91 FE 8D 39 BF F7 | T:8440983 RPD:0
[CH: 50] LEN: 12 | HEX: F9 77 DD FC FE 72 91 FF 50 58 B7 DB | T:8440995 RPD:0
[CH: 50] LEN: 12 | HEX: F9 77 DE E8 FD 76 91 FD 45 9E BB FF | T:8441004 RPD:0
[CH: 50] LEN: 12 | HEX: F9 77 BA F7 BA 79 91 FE 8C 56 BF BE | T:8441007 RPD:0
[CH: 50] LEN: 12 | HEX: F1 77 FD F5 FE 78 91 FD 3A BB FD FF | T:8441018 RPD:0
[CH: 50] LEN: 12 | HEX: F9 77 AE F7 EA 73 91 EF 0D 39 BF FE | T:8441019 RPD:0
[CH: 50] LEN: 12 | HEX: F1 77 FB FC FC 72 91 EE 90 58 B7 BF | T:8441030 RPD:0
[CH: 50] LEN: 12 | HEX: E9 77 5A FB F6 75 91 D5 72 1C BD FF | T:8441030 RPD:0
[CH: 50] LEN: 12 | HEX: F5 77 FA FA EE 74 91 FF CF 7D AF FF | T:8441041 RPD:0
[CH: 50] LEN: 12 | HEX: F9 77 74 F7 FA 79 91 DD 8C 56 BF EF | T:8441053 RPD:0
[CH: 50] LEN: 12 | HEX: F9 77 FA F4 F6 70 91 FD BA BB BD FB | T:8441053 RPD:0
[CH: 50] LEN: 12 | HEX: F9 77 5C F3 FD 75 91 FF F2 1C BE BF | T:8441064 RPD:0
[CH: 50] LEN: 12 | HEX: F1 77 FA F7 FD 79 91 FE 8C 56 B7 FD | T:8441064 RPD:0
[CH: 50] LEN: 12 | HEX: F9 77 FC FE EE 70 91 FE BA BF BF DF | T:8441076 RPD:0
[CH: 50] LEN: 12 | HEX: F9 77 D6 F7 AE 75 91 EF 72 1C BD ED | T:8441076 RPD:0
[CH: 50] LEN: 12 | HEX: FD 77 FA FA FA 74 91 EF 6F 7D BF 5E | T:8441087 RPD:0
[CH: 50] LEN: 12 | HEX: E9 77 7E E7 BD 71 91 D7 8C 56 BF FF | T:8441099 RPD:0
[CH: 50] LEN: 12 | HEX: F9 77 FE F4 FE 70 91 EE FA BB BF BD | T:8441099 RPD:0
[CH: 50] LEN: 12 | HEX: E9 77 EA F7 BD 75 91 FE F2 1C BD 7B | T:8441110 RPD:0
[CH: 50] LEN: 12 | HEX: F9 77 DD FA F6 74 91 FE EF 7B BF BB | T:8441111 RPD:0
[CH: 50] LEN: 12 | HEX: F5 77 FD ED FE 77 11 EE 58 EF BF FF | T:8441122 RPD:0
[CH: 50] LEN: 12 | HEX: F5 77 BA F8 F6 76 91 FF E5 9E BF FE | T:8441133 RPD:0
[CH: 50] LEN: 12 | HEX: E9 77 FC F7 FD 71 91 ED 0C 56 BF F6 | T:8441134 RPD:0
[CH: 50] LEN: 12 | HEX: F9 77 FC FE FE 70 91 FE BA BB BB FE | T:8441145 RPD:0
[CH: 50] LEN: 12 | HEX: F1 77 F6 F6 EE 74 91 DD 6F FD BF FF | T:8441145 RPD:0
[CH: 50] LEN: 12 | HEX: F9 77 FC F5 DD 77 11 FE D8 F6 B7 7E | T:8441157 RPD:0
[CH: 50] LEN: 12 | HEX: ED 77 FE FE EE 70 91 DD BA BB BB DE | T:8441157 RPD:0
[CH: 50] LEN: 12 | HEX: F5 77 B6 FC FE 72 91 FF 10 58 AF FA | T:8441168 RPD:0
[CH: 50] LEN: 12 | HEX: F9 77 6A F2 FE 74 91 FD EF 7B BF DF | T:8441179 RPD:0
[CH: 50] LEN: 12 | HEX: E1 77 BA F1 ED 77 D1 FA 58 F7 AF A4 | T:8441180 RPD:0
[CH: 50] LEN: 12 | HEX: E9 77 6E FE FE 70 91 FE BA BB BF FE | T:8441191 RPD:0
[CH: 50] LEN: 12 | HEX: E9 77 BE FB FD 75 91 FE F2 1A BF D5 | T:8441191 RPD:0
[CH: 50] LEN: 12 | HEX: D1 77 F6 FA FC 74 91 DA EE F5 BF FF | T:8441203 RPD:0
[CH: 50] LEN: 12 | HEX: E9 77 FC FC FE 76 91 FB C5 9E B5 FF | T:8441214 RPD:0
[CH: 50] LEN: 12 | HEX: E9 77 F6 F7 EE 79 91 EF 8C 56 BF F7 | T:8441214 RPD:0
[CH: 50] LEN: 12 | HEX: E9 77 74 F4 FE 70 91 DD 3A BB BF 77 | T:8441225 RPD:0
[CH: 50] LEN: 12 | HEX: E9 77 DE F5 FE 73 91 FD 0D 39 BF FF | T:8441226 RPD:0
[CH: 50] LEN: 12 | HEX: F5 77 EE FC F6 72 91 FD 10 58 BE FD | T:8441237 RPD:0
[CH: 50] LEN: 12 | HEX: F5 77 FA F9 FD 77 51 DD 58 FF 3D FB | T:8441237 RPD:0
[CH: 50] LEN: 12 | HEX: F5 77 BE F7 F6 71 91 AF 8C 56 BE BB | T:8441248 RPD:0
[CH: 50] LEN: 12 | HEX: F1 77 BE FD FD 73 91 DF 0D 39 BF 7F | T:8441260 RPD:0
[CH: 50] LEN: 12 | HEX: E9 77 F6 FC FE 72 91 BF 90 58 BD FF | T:8441260 RPD:0
[CH: 50] LEN: 12 | HEX: F9 77 F6 EC FE 76 91 D7 C5 9C B7 FF | T:8441271 RPD:0
[CH: 50] LEN: 12 | HEX: F9 77 DE FD DD 73 91 FE 0D 39 BF DF | T:8441272 RPD:0
[CH: 50] LEN: 12 | HEX: F9 77 74 F4 EE 72 91 EA 90 58 BB FD | T:8441283 RPD:0
[CH: 50] LEN: 12 | HEX: F5 77 7E F6 EE 74 91 DD EF 7B AF F9 | T:8441294 RPD:0
[CH: 50] LEN: 12 | HEX: F5 77 FD FD EF 77 91 FD 58 ED BF BB | T:8441294 RPD:0
[CH: 50] LEN: 12 | HEX: FD 77 F4 FC F6 72 91 FD 90 58 BB D6 | T:8441307 RPD:0
[CH: 50] LEN: 12 | HEX: F9 77 7A FB DE 75 91 EB 72 1C BB FE | T:8441310 RPD:0
[CH: 50] LEN: 12 | HEX: F9 77 FE F6 FC 74 91 F5 EE 7B BF FB | T:8441321 RPD:0
[CH: 50] LEN: 12 | HEX: FD 77 DE F9 FF 77 91 FE DC F7 3F FB | T:8441321 RPD:0
[CH: 50] LEN: 12 | HEX: D9 77 F6 E8 EE 76 91 FE C5 9F AB B7 | T:8441332 RPD:0
[CH: 50] LEN: 12 | HEX: F9 77 FA F7 F6 7D 91 DA 8C 56 AF EF | T:8441333 RPD:0
[CH: 50] LEN: 12 | HEX: E9 77 BA FF FE 70 91 DF BA BB B7 DD | T:8441344 RPD:0
[CH: 50] LEN: 12 | HEX: ED 77 EE F2 FA 74 91 FD EF FD BE FD | T:8441355 RPD:0
[CH: 50] LEN: 12 | HEX: F5 77 F4 F9 FF 77 91 FD 58 FF B7 BD | T:8441356 RPD:0
[CH: 50] LEN: 12 | HEX: F5 77 76 F7 BE 79 91 ED 0C 56 B7 FF | T:8441367 RPD:0
[CH: 50] LEN: 12 | HEX: F1 77 BA F7 FA 75 91 EE F2 1C B7 DF | T:8441367 RPD:0
[CH: 50] LEN: 12 | HEX: F9 77 F4 F9 FE 77 91 FE D8 FE BF FE | T:8441378 RPD:0
[CH: 50] LEN: 12 | HEX: F1 77 6E E7 76 75 91 FD 8C 56 BE FB | T:8441379 RPD:0
[CH: 50] LEN: 12 | HEX: F9 77 FA FE FE 70 91 EF BA BB BF 7F | T:8441390 RPD:0
[CH: 50] LEN: 12 | HEX: F9 77 F5 F7 FA 75 91 DD 72 1C B7 EF | T:8441401 RPD:0
[CH: 50] LEN: 12 | HEX: F5 77 7E F2 FE 74 91 EF EE 77 BF FD | T:8441402 RPD:0
[CH: 50] LEN: 12 | HEX: F9 77 76 F7 76 73 91 EA 8C 56 BD FB | T:8441413 RPD:0
[CH: 50] LEN: 12 | HEX: F9 77 B4 FF FE 70 91 D7 BA BB BF BE | T:8441414 RPD:0
[CH: 50] LEN: 12 | HEX: F9 77 FA FD FE F3 91 DF 0D 39 BD DF | T:8441425 RPD:0
[CH: 50] LEN: 12 | HEX: F9 77 F4 FC F6 72 91 FF 90 58 BD FF | T:8441436 RPD:0
[CH: 50] LEN: 12 | HEX: F1 77 7E EB DE 75 91 EF 72 1C B5 FF | T:8441436 RPD:0
[CH: 50] LEN: 12 | HEX: F9 77 7A F0 FD 76 91 FD 45 BE BD FF | T:8441448 RPD:0
[CH: 50] LEN: 12 | HEX: F5 77 F6 FE EF 70 91 FD 3A BB BF BD | T:8441448 RPD:0
[CH: 50] LEN: 12 | HEX: F9 77 EA FD F4 73 91 DD 0D 39 BF BD | T:8441459 RPD:0
[CH: 50] LEN: 12 | HEX: F1 77 7E F6 EE 74 91 DF EF 7D BF 5F | T:8441460 RPD:0
[CH: 50] LEN: 12 | HEX: F5 77 76 F1 FD 77 91 ED D8 EB 7F EF | T:8441471 RPD:1
[CH: 50] LEN: 12 | HEX: F5 77 7A F6 EE 70 91 FD BA BB AD 7B | T:8441482 RPD:1
[CH: 50] LEN: 12 | HEX: F9 77 F6 FC FE 72 91 FF 90 58 BF B7 | T:8441482 RPD:1
[CH: 50] LEN: 12 | HEX: F9 77 5E FA EC 74 91 AF EE FD BF FF | T:8441494 RPD:1
[CH: 50] LEN: 12 | HEX: F9 77 FA F7 F6 79 91 FF 0C 56 BF FF | T:8441494 RPD:0
[CH: 50] LEN: 12 | HEX: F1 77 7A FD DE 73 91 EF 0D 39 BF DF | T:8441505 RPD:1
[CH: 50] LEN: 12 | HEX: D1 7F BE F7 FD 75 91 EF 72 1C BF FF | T:8441517 RPD:0
[CH: 50] LEN: 12 | HEX: E9 77 FE DA EE 74 91 FE EF 7B BF BF | T:8441517 RPD:0
[CH: 50] LEN: 12 | HEX: F1 77 FA F7 F6 7D 91 FD 0C 56 BF EE | T:8441528 RPD:1
[CH: 50] LEN: 12 | HEX: F9 7F FE EE EE 70 91 EB BA BB B7 5F | T:8441528 RPD:1
[CH: 50] LEN: 12 | HEX: F9 77 7E ED DC 73 91 DD 0D 39 BF 5F | T:8441546 RPD:1
[CH: 50] LEN: 12 | HEX: F9 77 FA E8 EE 72 91 FF D0 58 BF FF | T:8441566 RPD:0
[CH: 50] LEN: 12 | HEX: F9 77 DE F7 F4 75 91 DD F2 1C BF 7D | T:8441586 RPD:0
[CH: 50] LEN: 12 | HEX: F9 77 7E F6 EF 74 91 FD 6E 75 A7 77 | T:8441589 RPD:0
[CH: 50] LEN: 12 | HEX: F9 77 F4 F9 EE 77 51 EB 58 FD BB FF | T:8441592 RPD:0
[CH: 50] LEN: 12 | HEX: F5 77 FA F8 EE 76 91 FF C5 9C BF 7B | T:8441604 RPD:0
[CH: 50] LEN: 12 | HEX: F9 77 FC F7 DE 79 91 FF 0C 56 BF FF | T:8441604 RPD:0
[CH: 50] LEN: 12 | HEX: F5 77 BE ED F6 70 91 FA BA BB B7 EF | T:8441615 RPD:0
[CH: 50] LEN: 12 | HEX: F1 77 7E ED DE 73 91 DD 0D 39 BF FF | T:8441627 RPD:1
[CH: 50] LEN: 12 | HEX: F5 77 BE E8 FA 72 91 EF 90 58 AB BF | T:8441627 RPD:1
[CH: 50] LEN: 12 | HEX: F5 77 6A F7 BC 75 91 FD 72 1C BF FD | T:8441638 RPD:1
[CH: 50] LEN: 12 | HEX: E9 77 EE F6 F6 74 91 FD EF 7D BF F5 | T:8441638 RPD:0
[CH: 50] LEN: 12 | HEX: ED 77 7A E9 D4 77 91 DA D8 EA AF F7 | T:8441650 RPD:0
[CH: 50] LEN: 12 | HEX: E9 77 FE E8 FC 76 91 FF 45 9E BF BF | T:8441653 RPD:1
[CH: 50] LEN: 12 | HEX: F9 77 BE F7 FA 7D 91 FD 8D 56 BD FF | T:8441673 RPD:0
[CH: 50] LEN: 12 | HEX: F1 77 FE FF F6 70 91 FE BA BB BD F5 | T:8441676 RPD:0
[CH: 50] LEN: 12 | HEX: E9 77 7E ED EF 6B 11 EF 0D 39 BE FF | T:8441679 RPD:0
[CH: 50] LEN: 12 | HEX: F5 77 BE F4 FF 72 91 ED 90 58 BF FE | T:8441691 RPD:0
[CH: 50] LEN: 12 | HEX: F9 77 FA FE F6 74 91 DB EF 7D B7 FF | T:8441722 RPD:0
[CH: 50] LEN: 12 | HEX: E9 77 B6 E9 FE 77 91 FD 58 FD 3F F7 | T:8441725 RPD:0
[CH: 50] LEN: 12 | HEX: E9 77 76 F8 EE 76 91 FE C5 9E BF FF | T:8441728 RPD:0
[CH: 50] LEN: 12 | HEX: F9 77 F6 D7 DE 75 91 DB 8C 56 BF EF | T:8441740 RPD:0
[CH: 50] LEN: 12 | HEX: E9 77 BA FD FE 63 91 FF 0D 39 AB FB | T:8441740 RPD:0
[CH: 50] LEN: 12 | HEX: F5 77 B6 FC FD 72 91 FF 90 58 AF FF | T:8441751 RPD:0
[CH: 50] LEN: 12 | HEX: F5 77 F4 FB F6 75 91 DD 72 1C BE BF | T:8441762 RPD:0
[CH: 50] LEN: 12 | HEX: E9 77 F6 F2 FD 74 91 EF EE FF BF FB | T:8441763 RPD:0
[CH: 50] LEN: 12 | HEX: E9 77 BC F8 FE F6 91 EF C5 9F A4 EF | T:8441774 RPD:0
[CH: 50] LEN: 12 | HEX: E9 77 BE FC FF 72 91 ED 90 58 AD DB | T:8441774 RPD:0
[CH: 50] LEN: 12 | HEX: F5 77 FE F3 FA 75 91 DB 72 1C BF F8 | T:8441786 RPD:0
[CH: 50] LEN: 12 | HEX: F9 7F EE EF 7E 7D 91 EF 8C 56 BB DF | T:8441786 RPD:0
[CH: 50] LEN: 12 | HEX: F9 77 F6 F6 EB 70 91 FF BA BF BF DD | T:8441797 RPD:0
[CH: 50] LEN: 12 | HEX: F9 77 F5 EB FE 75 91 DF 72 1C BF FE | T:8441808 RPD:0
[CH: 50] LEN: 12 | HEX: F9 7F 7E F6 EA 7C 91 ED EE F9 BB FD | T:8441811 RPD:0
[CH: 50] LEN: 12 | HEX: F5 77 FE F8 FF 76 91 FF E5 DF BB 7F | T:8441822 RPD:0
[CH: 50] LEN: 12 | HEX: D9 77 7E F7 7E 75 91 BF 8C 56 BF 6F | T:8441823 RPD:0
[CH: 50] LEN: 12 | HEX: D9 77 6E EE FD 70 91 FF BA BB 3B FF | T:8441834 RPD:0
[CH: 50] LEN: 12 | HEX: E9 77 DC FD DC 73 91 BF 0D 39 BF BD | T:8441834 RPD:0
[CH: 50] LEN: 12 | HEX: E9 77 7E FC FE 72 91 FF 90 5C B7 FF | T:8441846 RPD:0
[CH: 50] LEN: 12 | HEX: E9 77 BE F8 FF 76 91 DD C5 9F BD FF | T:8441857 RPD:0
[CH: 50] LEN: 12 | HEX: F9 77 7A FD FD 78 91 FF BA BB BF EF | T:8441857 RPD:0
[CH: 50] LEN: 12 | HEX: E9 77 B6 FD EE 73 91 DF 0D 39 AF FF | T:8441868 RPD:0
[CH: 50] LEN: 12 | HEX: E9 77 5E FA FA 74 91 F7 FF F9 A6 BD | T:8441869 RPD:0
[CH: 50] LEN: 12 | HEX: E9 77 7E F0 EF 76 91 DF C5 9E BF E5 | T:8441880 RPD:0
[CH: 50] LEN: 12 | HEX: F1 77 7E FD FC 73 91 DF 0D 39 BF EF | T:8441880 RPD:0
[CH: 50] LEN: 12 | HEX: F1 77 7E DE DD 72 91 FF 90 58 BF FF | T:8441892 RPD:0
[CH: 50] LEN: 12 | HEX: E9 77 B6 FA FC 74 91 DF FE FB BD EF | T:8441903 RPD:0
[CH: 50] LEN: 12 | HEX: F1 77 EA FD FA 77 91 DD 58 FF BC FF | T:8441903 RPD:0
[CH: 50] LEN: 12 | HEX: F9 7F EE FF F6 79 91 DF 8C 56 BF DF | T:8441914 RPD:0
[CH: 50] LEN: 12 | HEX: F5 77 FE EB BE 75 91 DF 72 1E BF F7 | T:8441921 RPD:0
[CH: 50] LEN: 12 | HEX: F1 77 EE FA FD 74 91 DE EF 7D BB BF | T:8441924 RPD:0
[CH: 50] LEN: 12 | HEX: E9 77 EA E9 EE 77 51 DF 58 F7 2B FF | T:8441935 RPD:0
[CH: 50] LEN: 12 | HEX: F9 77 7E B8 FE 76 91 DF E5 9E BF 7B | T:8441936 RPD:0
[CH: 50] LEN: 12 | HEX: F9 77 7E F7 F6 79 91 D7 8C 56 B7 FF | T:8441947 RPD:0
[CH: 50] LEN: 12 | HEX: F9 77 F6 FE F6 68 91 DF BE BB B6 FE | T:8441947 RPD:0
[CH: 50] LEN: 12 | HEX: F1 77 FE FD EE 6B 91 DF 0D 39 AB DB | T:8441958 RPD:0
[CH: 50] LEN: 12 | HEX: F1 77 F6 FA FE 74 91 DE EF 7D BE DF | T:8441970 RPD:0
[CH: 50] LEN: 12 | HEX: E9 77 76 F9 AE 76 91 FE 58 DF BF FF | T:8441970 RPD:0
[CH: 50] LEN: 12 | HEX: F5 67 EE EC EE 72 91 FF 90 58 BF FF | T:8441981 RPD:0
[CH: 50] LEN: 12 | HEX: F9 77 BE FA F7 74 91 DF EF F9 BD FB | T:8441982 RPD:0
[CH: 50] LEN: 12 | HEX: F1 77 6E F9 FA 77 51 FD 58 EF B5 FF | T:8441993 RPD:0
[CH: 50] LEN: 12 | HEX: F9 77 FE FC FF 72 91 FD 90 58 BF FF | T:8442004 RPD:0
[CH: 50] LEN: 12 | HEX: F9 7F F6 EA FC 7C 91 DD FF 7D BF DE | T:8442004 RPD:0
[CH: 50] LEN: 12 | HEX: E9 67 7E E9 EE 77 91 FF 58 DF BF DB | T:8442016 RPD:0
[CH: 50] LEN: 12 | HEX: E1 77 30 D7 6A 69 91 DB 8E 55 BF FF | T:8442016 RPD:0
[CH: 50] LEN: 12 | HEX: E9 77 BE EB F6 75 91 FA 72 1E BF FF | T:8442034 RPD:0
[CH: 50] LEN: 12 | HEX: D9 77 7E F9 D6 77 51 FF 58 DD BF FF | T:8442040 RPD:0
[CH: 50] LEN: 12 | HEX: E9 77 BE F8 FC 76 91 DF E5 9E BF FF | T:8442043 RPD:0
[CH: 50] LEN: 12 | HEX: F9 77 EE EF EE 75 91 DF 8C 56 AF DF | T:8442054 RPD:0
[CH: 50] LEN: 12 | HEX: F9 77 7E FF ED 70 95 FD BA BB BE FF | T:8442055 RPD:0
[CH: 50] LEN: 12 | HEX: E9 77 EE EA FC 74 91 DF EE F5 BF FE | T:8442066 RPD:0
[CH: 50] LEN: 12 | HEX: F1 7F EF 00 00 79 91 FB 05 C2 BE DF | T:8442096 RPD:0
[CH: 50] LEN: 12 | HEX: E8 6D EF 00 F7 FA 91 EF 70 98 BD FF | T:8442426 RPD:0
[CH: 50] LEN: 12 | HEX: E9 77 F7 00 00 71 91 EF 05 C2 BF FE | T:8442695 RPD:0
[CH: 50] LEN: 12 | HEX: F9 77 BB 00 00 71 91 DF 05 C2 BF FF | T:8442696 RPD:0
[CH: 50] LEN: 12 | HEX: D8 6D DB 00 EA FA 91 B5 70 98 BF FF | T:8442726 RPD:0
[CH: 50] LEN: 12 | HEX: FC 6D FF 00 F7 EA 91 D5 70 98 B7 DF | T:8443025 RPD:0
[CH: 50] LEN: 12 | HEX: F8 6D FB 00 EE EA 91 FF 70 98 BF 86 | T:8443026 RPD:0
[CH: 50] LEN: 12 | HEX: F8 6D FB 00 FC EA 91 EF 70 98 B7 FF | T:8443325 RPD:0
[CH: 50] LEN: 12 | HEX: FD 6F 7F 00 00 51 91 DE 85 C2 BF FF | T:8443594 RPD:0
[CH: 50] LEN: 12 | HEX: F9 77 77 00 00 71 91 DF 05 C2 BF FF | T:8443595 RPD:0
[CH: 50] LEN: 12 | HEX: F8 6D EF 00 FD FA 91 FF 78 98 BF FF | T:8443625 RPD:0
[CH: 50] LEN: 12 | HEX: F5 77 AF 00 00 79 91 DF 05 C2 BF FF | T:8443894 RPD:0
[CH: 50] LEN: 12 | HEX: F1 77 B7 00 00 79 91 FD 05 C2 BD 7F | T:8443895 RPD:0
[CH: 50] LEN: 12 | HEX: E8 6D FD 00 FD EA 91 F5 70 98 B7 EF | T:8443925 RPD:0
[CH: 50] LEN: 12 | HEX: F8 6D FD 00 FD EA 91 D5 70 98 BF 5B | T:8444224 RPD:0
[CH: 50] LEN: 12 | HEX: F9 77 B7 00 00 71 91 DB 05 C2 BF EE | T:8444493 RPD:0
[CH: 50] LEN: 12 | HEX: E9 77 7F 00 00 79 91 DF 05 82 BF DF | T:8444494 RPD:0
[CH: 50] LEN: 12 | HEX: F8 6D DF 00 FD F2 91 DF 70 98 B5 DE | T:8444524 RPD:0
[CH: 50] LEN: 12 | HEX: F8 6D FF 00 ED FE 91 FB 70 98 BF FF | T:8444525 RPD:0
[CH: 50] LEN: 12 | HEX: F9 77 B7 00 00 71 91 FF 05 C2 BB FF | T:8444793 RPD:0
[CH: 50] LEN: 12 | HEX: F9 77 77 00 00 71 91 FB 05 C2 AF FE | T:8444794 RPD:0
[CH: 50] LEN: 12 | HEX: E8 6D FB 00 FE EA 91 D5 70 98 BF 7F | T:8444824 RPD:0
[CH: 50] LEN: 12 | HEX: F8 6D FD 00 FE EA 91 EB 70 98 BB FF | T:8444824 RPD:0
[CH: 50] LEN: 12 | HEX: E9 77 FF 00 00 71 91 FF 05 C2 B7 7D | T:8445093 RPD:0
[CH: 50] LEN: 12 | HEX: F9 77 FE 00 00 69 91 FF 05 C2 BE FD | T:8445093 RPD:0
[CH: 50] LEN: 12 | HEX: F8 6D F7 00 FD F6 91 FF 70 98 BF FF | T:8445123 RPD:0
[CH: 50] LEN: 12 | HEX: E8 6D FF 00 EE FA 91 FF 70 9C BF FF | T:8445124 RPD:0
[CH: 50] LEN: 12 | HEX: E9 77 FA 00 00 79 91 FE 85 A2 BE FF | T:8445393 RPD:0
[CH: 50] LEN: 12 | HEX: D9 67 EF 00 00 69 91 DF 05 C2 AF FE | T:8445692 RPD:0
[CH: 50] LEN: 12 | HEX: F9 77 5F 00 00 61 91 EA 05 C2 BF 3F | T:8445693 RPD:0
[CH: 50] LEN: 12 | HEX: F8 6D DB 00 FE FE 91 DB 70 98 BF 7A | T:8445723 RPD:0
[CH: 50] LEN: 12 | HEX: F6 76 EF 00 8C FA 91 DD 2C 77 B7 D5 | T:8445857 RPD:0
[CH: 50] LEN: 12 | HEX: EA 76 FD 00 8C FA 91 EF 2C 77 BA AD | T:8445857 RPD:0
[CH: 50] LEN: 12 | HEX: EE 76 EE F9 70 EA 91 FF A7 44 BF 7E | T:8445891 RPD:0
[CH: 50] LEN: 12 | HEX: F6 76 EE FC 61 DA 91 DD 77 61 BB 7B | T:8445921 RPD:0
[CH: 50] LEN: 12 | HEX: F6 7E FC FA 77 72 91 F5 91 75 BE AB | T:8445928 RPD:0
[CH: 50] LEN: 12 | HEX: FE 76 FD F8 75 FA 91 FF 3C 96 BF FB | T:8445936 RPD:0
[CH: 50] LEN: 12 | HEX: FA 76 FE EF 76 EA 91 FD 89 81 BA FD | T:8445966 RPD:0
[CH: 50] LEN: 12 | HEX: EA 76 EE FE 7B BE 91 D5 55 64 BF 7E | T:8445970 RPD:0
[CH: 50] LEN: 12 | HEX: FA 6E F6 E5 74 EA 91 77 A0 6A BF FF | T:8446000 RPD:0
[CH: 50] LEN: 12 | HEX: EA 7E EE FB 76 EA 91 FF EA 7E BF F7 | T:8446060 RPD:0
[CH: 50] LEN: 12 | HEX: F6 6E F6 FA 6B FE 91 FF 16 93 ED 7F | T:8446090 RPD:0
[CH: 50] LEN: 12 | HEX: EA 76 ED F1 7C EA 91 FF 73 9D FF 7D | T:8446120 RPD:0
[CH: 50] LEN: 12 | HEX: FA 76 DE E8 7D FA 91 D7 BD 74 BD FD | T:8446150 RPD:0
[CH: 50] LEN: 12 | HEX: EA 7E FE EE 63 BA 91 DF AD 6F 7F FF | T:8446210 RPD:0
[CH: 50] LEN: 12 | HEX: FA 76 F7 ED 60 FA 91 EF B8 75 AE FF | T:8446240 RPD:0
[CH: 50] LEN: 12 | HEX: F2 76 F5 EB 66 EA 91 DF 52 65 B7 FE | T:8446300 RPD:0
[CH: 50] LEN: 12 | HEX: F2 76 EF F9 64 FA 91 D7 D3 8E BF D6 | T:8446360 RPD:0
[CH: 50] LEN: 12 | HEX: F2 76 FD E8 65 DA 91 DF 27 6B B7 FB | T:8446390 RPD:0
[CH: 50] LEN: 12 | HEX: F2 76 F6 F7 6A FE 91 FB 96 78 AB BB | T:8446420 RPD:0
[CH: 50] LEN: 12 | HEX: EA 7E EE F6 6B F6 91 DB 4A 99 AF D7 | T:8446450 RPD:0
[CH: 50] LEN: 12 | HEX: EA 76 DC E5 68 EA 91 FF 3F 97 FD FF | T:8446480 RPD:0
[CH: 50] LEN: 12 | HEX: EA 76 FA E4 69 FA 91 EF F3 72 B7 FF | T:8446510 RPD:0
[CH: 50] LEN: 12 | HEX: EA 76 EE E2 6D FA 91 FB 09 6E BE F6 | T:8446569 RPD:0
[CH: 50] LEN: 12 | HEX: EA 76 ED C1 6C EA 91 FB 7C 60 BD FF | T:8446599 RPD:0
[CH: 50] LEN: 12 | HEX: F6 76 FE F0 6D EA 91 FD A0 85 FB FF | T:8446629 RPD:0
[CH: 50] LEN: 12 | HEX: FA 76 FF DE D2 F2 91 EF 31 95 BF FF | T:8446659 RPD:0
[CH: 50] LEN: 12 | HEX: FA 76 EE FF 73 FA 91 FF D2 8A BE FF | T:8446689 RPD:0
[CH: 50] LEN: 12 | HEX: FA 76 EE FD 70 EA 91 FB A7 44 B7 F7 | T:8446693 RPD:0
[CH: 50] LEN: 12 | HEX: D2 76 F6 FA 77 DA 91 BF 91 79 BF FF | T:8446731 RPD:0
[CH: 50] LEN: 12 | HEX: F6 76 FD F9 74 FA 91 FB E4 73 B7 FF | T:8446735 RPD:0
[CH: 50] LEN: 12 | HEX: EA 76 EE E8 75 EA 91 EF 38 96 BD 73 | T:8446739 RPD:0
[CH: 50] LEN: 12 | HEX: F6 76 F6 FF 76 FA 91 F6 89 81 B7 E7 | T:8446769 RPD:0
[CH: 50] LEN: 12 | HEX: FA 76 EC EE 77 F6 91 D7 55 64 B5 BF | T:8446773 RPD:0
[CH: 50] LEN: 12 | HEX: EA 76 EF FB 7E F6 91 FF 4A 77 BF FF | T:8446863 RPD:0
[CH: 50] LEN: 12 | HEX: EA 76 FF E9 7A FA 91 ED 63 9D BD FE | T:8446923 RPD:0
[CH: 50] LEN: 12 | HEX: FA 76 F4 EF 62 F2 91 EB 91 92 BF FF | T:8446983 RPD:0
[CH: 50] LEN: 12 | HEX: FE 76 FE ED 60 EA 91 FD 38 75 BF EF | T:8447043 RPD:0
[CH: 50] LEN: 12 | HEX: EA 76 FD EB 66 F6 91 FB 52 65 BB 77 | T:8447103 RPD:0
[CH: 50] LEN: 12 | HEX: EA 76 FE E9 64 F2 91 DD F7 8E BD EB | T:8447163 RPD:0
[CH: 50] LEN: 12 | HEX: EA 76 FE E7 6A EA 91 FF 96 7C BF EF | T:8447223 RPD:0
[CH: 50] LEN: 12 | HEX: FA 76 FE E6 6B FA 91 FF 4A 99 AE F7 | T:8447253 RPD:0
[CH: 50] LEN: 12 | HEX: F6 76 FE E5 68 F6 91 FE 3F D7 AF FF | T:8447283 RPD:1
[CH: 50] LEN: 12 | HEX: F6 76 FE E4 69 FA 91 FA E3 72 BD 7B | T:8447313 RPD:1
[CH: 50] LEN: 12 | HEX: FA 76 FE E3 6E FA 91 D7 95 8B BB FD | T:8447343 RPD:1
[CH: 50] LEN: 12 | HEX: F2 76 FE E2 6F F6 91 DD 09 6E B7 ED | T:8447373 RPD:0
[CH: 50] LEN: 12 | HEX: FA 76 FA E1 6C EA 91 FB 7C 70 BF FF | T:8447403 RPD:1
[CH: 50] LEN: 12 | HEX: FA 76 EE E0 6D FA 91 EF A0 85 BF FF | T:8447433 RPD:0
[CH: 50] LEN: 12 | HEX: FA 76 FE DF 52 FA 91 EF 31 95 AA D7 | T:8447463 RPD:1
[CH: 50] LEN: 12 | HEX: FA 76 FE FE 73 DA 91 FE 92 8A BF FD | T:8447493 RPD:1
[CH: 50] LEN: 12 | HEX: EA 76 F4 F5 70 F6 91 EF A7 04 BD 7F | T:8447496 RPD:1
[CH: 50] LEN: 12 | HEX: FA 76 FE FC 71 FA 91 EE 7B 61 BB FB | T:8447500 RPD:1
[CH: 50] LEN: 12 | HEX: EE 76 FE F3 76 EA 91 EE CD 98 BD 57 | T:8447511 RPD:1
[CH: 50] LEN: 12 | HEX: FA 76 FD FA 77 FA 91 FE 91 7D BF FF | T:8447512 RPD:0
[CH: 50] LEN: 12 | HEX: FA 76 FA F1 64 EE 91 FE E4 73 BF F7 | T:8447523 RPD:1
[CH: 50] LEN: 12 | HEX: F6 76 FE F4 75 FA 91 FF BC 96 BD FD | T:8447523 RPD:0
[CH: 50] LEN: 12 | HEX: FA 76 FE E7 72 F2 91 FE 89 81 BF FD | T:8447535 RPD:0
[CH: 50] LEN: 12 | HEX: FA 76 EF F5 78 D6 91 F5 20 6A BE FF | T:8447551 RPD:1
[CH: 50] LEN: 12 | HEX: FE 76 FE F4 79 FA 91 FF 54 8F 7F FF | T:8447582 RPD:1
[CH: 50] LEN: 12 | HEX: FA 76 FE F3 7E FA 91 DD 4A 76 BB 7B | T:8447611 RPD:1
[CH: 50] LEN: 12 | HEX: FA 76 F6 F2 7F AA 91 FF 56 93 AE FF | T:8447641 RPD:1
[CH: 50] LEN: 12 | HEX: FA 76 EE F1 7C F6 91 FB 63 9D BE FC | T:8447671 RPD:1
[CH: 50] LEN: 12 | HEX: F6 76 EE E0 7D DA 91 DE BD 70 BF FF | T:8447701 RPD:0
[CH: 50] LEN: 12 | HEX: F2 76 FE EE E2 FA 91 FF 91 92 AF F7 | T:8447731 RPD:0
[CH: 50] LEN: 12 | HEX: F2 76 FE EE 63 FA 91 DD CD 77 BF 7E | T:8447761 RPD:1
[CH: 50] LEN: 12 | HEX: FA 76 FA EC 61 DA 91 FF E4 9C BF EF | T:8447821 RPD:1
[CH: 50] LEN: 12 | HEX: F2 76 FC EB 66 FA 91 D5 D2 65 BF FF | T:8447851 RPD:0
[CH: 50] LEN: 12 | HEX: F6 76 FE EA 67 76 91 FE 8E 80 BF FA | T:8447881 RPD:0
[CH: 50] LEN: 12 | HEX: F2 76 F5 E9 64 F6 91 D5 7B 8E B6 DF | T:8447911 RPD:0
[CH: 50] LEN: 12 | HEX: F6 76 FE E8 65 F6 91 F6 A7 6B BE FB | T:8447941 RPD:0
[CH: 50] LEN: 12 | HEX: F6 76 FE E7 6A FA 91 EB 96 7C BF F5 | T:8447971 RPD:0
[CH: 50] LEN: 12 | HEX: FA 76 EE E6 6B FA 91 EA CA 99 BF FF | T:8448001 RPD:1
[CH: 50] LEN: 12 | HEX: F2 76 FF E5 68 FA 91 FA BF 97 7D E7 | T:8448031 RPD:0
[CH: 50] LEN: 12 | HEX: FA 76 EA E4 69 FA 91 F6 A3 F2 BF EF | T:8448061 RPD:1
[CH: 50] LEN: 12 | HEX: F6 76 FA E3 6E EA 91 EE D5 8B BF FF | T:8448091 RPD:0
[CH: 50] LEN: 12 | HEX: EA 76 FC F2 6F FA 91 AF 09 6E BD FF | T:8448121 RPD:1
[CH: 50] LEN: 12 | HEX: FE 7E FF F0 7F F2 91 FF A0 85 FF FF | T:8448181 RPD:0
[CH: 50] LEN: 12 | HEX: F6 76 FA DD 52 F6 91 FA 31 95 BF BB | T:8448211 RPD:0
[CH: 50] LEN: 12 | HEX: DA 76 EC F6 73 BA 91 D6 D2 8A BD BF | T:8448241 RPD:0
[CH: 50] LEN: 12 | HEX: EA 76 DA FF 68 FA 91 EF A7 84 BF 7E | T:8448245 RPD:0
[CH: 50] LEN: 12 | HEX: FA 76 F6 F8 75 F2 91 FF B8 96 BF FB | T:8448265 RPD:0
[CH: 50] LEN: 12 | HEX: FA 76 FD EF 7A FA 91 DF 89 81 AF FF | T:8448269 RPD:0
[CH: 50] LEN: 12 | HEX: EA 76 FC EE 73 F6 91 FF 55 64 BD FF | T:8448273 RPD:0
[CH: 50] LEN: 12 | HEX: F2 6E FD E5 74 FA 91 FF 20 6A AB F5 | T:8448303 RPD:1
[CH: 50] LEN: 12 | HEX: FA 76 F4 F3 7E FA 91 FD CA 76 B7 BD | T:8448363 RPD:0
[CH: 50] LEN: 12 | HEX: FA 76 EE F2 7B FA 91 FF 16 93 BF FF | T:8448393 RPD:0
[CH: 50] LEN: 12 | HEX: EA 76 F6 F8 7F FA 91 FF BA 7C BF FF | T:8448453 RPD:0
[CH: 50] LEN: 12 | HEX: EA 7E F6 ED 60 F2 91 DF B8 75 BF F7 | T:8448543 RPD:0
[CH: 50] LEN: 12 | HEX: FA 76 FF EB 66 FA 91 DF 52 65 AB EF | T:8448603 RPD:0
[CH: 50] LEN: 12 | HEX: F2 76 FA EA 67 DA 91 FD 8E 80 BF FF | T:8448633 RPD:0
[CH: 50] LEN: 12 | HEX: F6 76 EE E7 6A FA 91 FF 96 7C BF 6F | T:8448723 RPD:0
[CH: 50] LEN: 12 | HEX: EA 76 EE D6 7B FA 91 FF 4A 99 BF DF | T:8448753 RPD:0
[CH: 50] LEN: 12 | HEX: FA 76 F6 E5 68 FA 91 FF 3F 97 FF F6 | T:8448783 RPD:0
[CH: 50] LEN: 12 | HEX: EA 76 EE E4 69 FA 91 DD D3 7A BF AF | T:8448812 RPD:0
[CH: 50] LEN: 12 | HEX: FA 76 FE E1 6C EE 91 FF FC 60 BF FF | T:8448902 RPD:0
[CH: 50] LEN: 12 | HEX: FA 76 F4 E0 6D FA 91 FF A0 85 B7 FD | T:8448932 RPD:0
[CH: 50] LEN: 12 | HEX: EA 76 FD DE D2 FA 91 FD 31 95 B9 F7 | T:8448962 RPD:0
[CH: 50] LEN: 12 | HEX: F6 76 F5 F6 73 EA 91 EA D2 8A BE FF | T:8448992 RPD:0
[CH: 50] LEN: 12 | HEX: FA 76 F6 FD 70 EA 91 DF A7 C4 BF FF | T:8448996 RPD:0
[CH: 50] LEN: 12 | HEX: FA 76 FD FC 71 DA 91 FD 73 61 BF FF | T:8448999 RPD:0
[CH: 50] LEN: 12 | HEX: EA 76 EE EB 76 F6 91 FD 4D 9C BD FF | T:8449010 RPD:0
[CH: 50] LEN: 12 | HEX: F6 76 F4 FE 77 6A 91 FF 91 7D BF FF | T:8449011 RPD:0
[CH: 50] LEN: 12 | HEX: EA 76 F6 E8 75 F2 91 FD 38 96 BF F5 | T:8449022 RPD:0
[CH: 50] LEN: 12 | HEX: FA 76 FA F7 7E FA 91 FF 89 81 BF FF | T:8449022 RPD:0
[CH: 50] LEN: 12 | HEX: FA 76 F4 EE 7B D2 91 DE 55 64 BA BB | T:8449033 RPD:0
[CH: 50] LEN: 12 | HEX: FA 76 FE F5 78 FA 91 FA 20 6A BE DF | T:8449050 RPD:0
[CH: 50] LEN: 12 | HEX: FA 76 F4 FC 79 DA 91 FE BC 8F 77 D7 | T:8449080 RPD:0
[CH: 50] LEN: 12 | HEX: FA 76 FD FB 7E FA 91 FB CA 76 BE AE | T:8449110 RPD:0
[CH: 50] LEN: 12 | HEX: F2 76 ED E2 7B BA 91 FB 16 93 BF DF | T:8449140 RPD:0
[CH: 50] LEN: 12 | HEX: F6 76 F6 F1 7A FA 91 EB 63 9D AA DF | T:8449170 RPD:0
[CH: 50] LEN: 12 | HEX: FA 76 EC E8 77 EA 91 FB BD 74 AF FF | T:8449200 RPD:0
[CH: 50] LEN: 12 | HEX: F2 76 EE EF 62 EA 91 FE 91 92 B7 EF | T:8449230 RPD:0
[CH: 50] LEN: 12 | HEX: FE 76 ED EE 63 FA 91 DA CD 77 3F EE | T:8449260 RPD:0
[CH: 50] LEN: 12 | HEX: FA 76 F6 ED 60 F6 91 FF 78 75 BF BB | T:8449290 RPD:0
[CH: 50] LEN: 12 | HEX: EA 66 FE EC 61 DA 91 FD 64 9C BF FF | T:8449320 RPD:0
[CH: 50] LEN: 12 | HEX: EA 76 FE EB 66 F2 91 FF 52 75 BF DF | T:8449350 RPD:0
[CH: 50] LEN: 12 | HEX: EA 76 EE E9 64 EA 91 DB F7 8E BF DB | T:8449410 RPD:0
[CH: 50] LEN: 12 | HEX: F6 76 FD E8 65 DA 91 FF 27 EB FF FF | T:8449440 RPD:0
[CH: 50] LEN: 12 | HEX: FA 76 FE E6 EA FA 91 DF 96 7C BF FF | T:8449470 RPD:0
[CH: 50] LEN: 12 | HEX: F6 76 FE E6 6B DA 91 FD 4A 99 BE FF | T:8449500 RPD:0
[CH: 50] LEN: 12 | HEX: F6 76 FE E5 68 FA 91 EF BB 97 3D FD | T:8449530 RPD:0
[CH: 50] LEN: 12 | HEX: F6 76 F4 E4 69 FA 91 EB E3 72 BF FF | T:8449560 RPD:0
[CH: 50] LEN: 12 | HEX: FA 76 F6 E2 6F F6 91 DF 09 6E BF BF | T:8449620 RPD:0
[CH: 50] LEN: 12 | HEX: FA 76 F6 E1 6C F6 91 EB 7A 60 BF EA | T:8449650 RPD:0
[CH: 50] LEN: 12 | HEX: FA 76 F6 E0 6D EA 91 FA A0 85 BD BF | T:8449680 RPD:0
[CH: 50] LEN: 12 | HEX: EA 76 FA F6 73 DA 91 EA D2 8A BF DE | T:8449740 RPD:0
[CH: 50] LEN: 12 | HEX: EA 76 FF FD 70 F6 91 FA A7 04 BA 5F | T:8449744 RPD:0
[CH: 50] LEN: 12 | HEX: EA 76 F6 E8 71 DA 91 FD 73 61 BF DF | T:8449747 RPD:0
[CH: 50] LEN: 12 | HEX: F6 76 FE E9 74 FA 91 EF E4 73 BF FF | T:8449759 RPD:0
[CH: 50] LEN: 12 | HEX: FA 76 F6 F4 75 EA 91 DE 38 96 BE FF | T:8449762 RPD:0
[CH: 50] LEN: 12 | HEX: F6 6E FE F7 7E FA 91 FF 89 81 BF B4 | T:8449773 RPD:0
[CH: 50] LEN: 12 | HEX: FA 76 EE EE 7F DA 91 FD 55 64 B5 EF | T:8449773 RPD:0
[CH: 50] LEN: 12 | HEX: EA 76 EA F4 79 F2 91 DF F4 8E BB FF | T:8449830 RPD:0
[CH: 50] LEN: 12 | HEX: EA 76 FD F3 7C EA 91 EF CA 76 BF 7F | T:8449860 RPD:0
[CH: 50] LEN: 12 | HEX: FE 76 FE F1 7C F6 91 FB 63 9D BB FF | T:8449920 RPD:0
[CH: 50] LEN: 12 | HEX: EA 76 EE E0 7D DA 91 FE BB 74 BD F7 | T:8449950 RPD:0
[CH: 50] LEN: 12 | HEX: F6 76 F4 EF 62 EA 91 EA 11 92 AF EB | T:8449980 RPD:0
[CH: 50] LEN: 12 | HEX: FA 76 F6 EE 63 FA 91 FD 4D 77 BF FD | T:8450010 RPD:0
[CH: 50] LEN: 12 | HEX: FA 76 EF ED 60 F6 91 EF B8 71 BB F5 | T:8450040 RPD:0
[CH: 50] LEN: 12 | HEX: F6 76 FE EC 61 DA 91 FE 64 9C BF FD | T:8450070 RPD:0
[CH: 50] LEN: 12 | HEX: EA 76 FE EB 66 FA 91 F8 52 65 2D BB | T:8450100 RPD:0
[CH: 50] LEN: 12 | HEX: F6 76 FC E9 64 FA 91 FE FB 8E BF 7F | T:8450160 RPD:0
[CH: 50] LEN: 12 | HEX: FA 76 FA E8 65 DA 91 FD 27 6B BD FE | T:8450190 RPD:0
[CH: 50] LEN: 12 | HEX: F6 76 FA E7 6A FA 91 F5 96 7D BF FF | T:8450220 RPD:0
[CH: 50] LEN: 12 | HEX: FA 76 F6 E6 6B FA 91 EE 4A 99 BF FF | T:8450250 RPD:0
[CH: 50] LEN: 12 | HEX: F2 76 FD E5 68 EA 91 F5 3B 96 BF EB | T:8450280 RPD:1
[CH: 50] LEN: 12 | HEX: FA 76 EC E4 69 D2 91 FF E3 F2 BF FF | T:8450310 RPD:1
[CH: 50] LEN: 12 | HEX: FA 76 F4 E3 6E FA 91 DD D5 8B BF BD | T:8450340 RPD:0
[CH: 50] LEN: 12 | HEX: FA 76 F6 E2 6E FA 91 DF 09 6E BE FF | T:8450370 RPD:0
[CH: 50] LEN: 12 | HEX: FA 76 EE E1 6C F6 91 DA 74 60 AF A6 | T:8450400 RPD:0
[CH: 50] LEN: 12 | HEX: F6 76 FC E0 6D F6 91 DF A0 85 BF FF | T:8450430 RPD:0
[CH: 50] LEN: 12 | HEX: FA 76 F4 DE 52 F2 91 D5 31 95 B5 D5 | T:8450459 RPD:0
[CH: 50] LEN: 12 | HEX: FA 76 EF F5 70 D2 91 EE A7 84 BF D5 | T:8450493 RPD:0
[CH: 50] LEN: 12 | HEX: FA 76 FA FC 71 D6 91 DF 7F E1 BF EF | T:8450523 RPD:0
[CH: 50] LEN: 12 | HEX: F2 76 F6 FB 76 EA 91 FF CD 98 BE EE | T:8450527 RPD:0
[CH: 50] LEN: 12 | HEX: F6 76 FE FA 77 D2 91 AA 91 69 B4 FA | T:8450531 RPD:0
[CH: 50] LEN: 12 | HEX: FA 76 F6 F4 75 F6 91 FE 38 96 BF AE | T:8450565 RPD:0
[CH: 50] LEN: 12 | HEX: F6 76 F4 E7 76 F6 91 FE 89 81 FF 7F | T:8450569 RPD:0
[CH: 50] LEN: 12 | HEX: F6 76 F4 FE 7F FA 91 DF 55 64 B6 EF | T:8450573 RPD:0
[CH: 50] LEN: 12 | HEX: FA 76 F5 ED 78 FA 91 EF 20 6A BF DE | T:8450603 RPD:0
[CH: 50] LEN: 12 | HEX: EE 76 F4 EC 79 EA 91 EF 7C 8F BF FF | T:8450633 RPD:0
[CH: 50] LEN: 12 | HEX: FA 76 F6 EB 74 EE 91 FD CA 76 BB FB | T:8450663 RPD:1
[CH: 50] LEN: 12 | HEX: FA 76 FF F0 79 FA 91 FF BF 78 BF BF | T:8450753 RPD:0
[CH: 50] LEN: 12 | HEX: EA 76 EE EE E2 FA 91 FE 11 92 BD FD | T:8450783 RPD:0
[CH: 50] LEN: 12 | HEX: F2 76 FA EE 63 E6 91 E9 CD 77 BF AA | T:8450813 RPD:0
[CH: 50] LEN: 12 | HEX: FA 76 FE ED 70 FE 91 FF B8 79 EF FE | T:8450843 RPD:0
[CH: 50] LEN: 12 | HEX: EA 76 F4 EC 61 FA 91 DF 64 9C B7 FF | T:8450873 RPD:0
[CH: 50] LEN: 12 | HEX: FA 76 EE E8 65 F2 91 EF 27 6B BF FB | T:8450993 RPD:0
[CH: 50] LEN: 12 | HEX: FA 66 FF E5 68 FA 91 DB 3D 57 7F 7F | T:8451083 RPD:0
[CH: 50] LEN: 12 | HEX: F2 76 EB E4 69 D2 91 D5 E3 72 BF FF | T:8451113 RPD:0
[CH: 50] LEN: 12 | HEX: F6 76 F5 E3 6E EA 91 DF D5 8B BE BF | T:8451143 RPD:0
[CH: 50] LEN: 12 | HEX: EA 76 EE E2 6F FA 91 A8 09 4E BE ED | T:8451173 RPD:0
[CH: 50] LEN: 12 | HEX: FA 76 ED E1 6C EA 91 FE F4 60 B7 BD | T:8451203 RPD:0
[CH: 50] LEN: 12 | HEX: EA 76 ED E0 6D FA 91 BB A0 85 B7 DC | T:8451233 RPD:0
[CH: 50] LEN: 12 | HEX: EA 76 FA DE D2 EA 91 FD 31 95 BF FD | T:8451263 RPD:0
[CH: 50] LEN: 12 | HEX: F6 76 FE FF 73 DA 91 EF D2 8A BB FD | T:8451293 RPD:0
[CH: 50] LEN: 12 | HEX: FA 76 FE EB 7E EA 91 FB 4D 98 BF 7F | T:8451305 RPD:0
[CH: 50] LEN: 12 | HEX: DA 76 FE EA 7F 5E 91 DB 91 7D BD FF | T:8451309 RPD:0
[CH: 50] LEN: 12 | HEX: FA 76 F6 E9 74 EA 91 FD D4 73 AF EF | T:8451313 RPD:0
[CH: 50] LEN: 12 | HEX: FA 76 EE F8 75 EA 91 ED 38 96 AF FB | T:8451324 RPD:0
[CH: 50] LEN: 12 | HEX: F6 76 FE EF 7E FA 91 FA 89 81 B7 FF | T:8451324 RPD:0
[CH: 50] LEN: 12 | HEX: EA 76 F4 ED 70 F6 91 FE 20 6A BE DF | T:8451355 RPD:0
[CH: 50] LEN: 12 | HEX: FA 76 EA F4 71 D2 91 FF FC 8F FF BB | T:8451385 RPD:0
[CH: 50] LEN: 12 | HEX: F6 76 F6 ED 60 EA 91 FB B8 79 BF DF | T:8451595 RPD:0
[CH: 50] LEN: 12 | HEX: FA 76 FA EC 61 DA 91 FF 64 9C BE F7 | T:8451625 RPD:0
[CH: 50] LEN: 12 | HEX: EA 76 F6 EB 66 FE 91 FD 52 65 BF FF | T:8451655 RPD:0
[CH: 50] LEN: 12 | HEX: EA 76 FC EA 67 FA 91 ED 0E 80 B7 BF | T:8451685 RPD:0
[CH: 50] LEN: 12 | HEX: FA 7E EB E9 64 FA 91 FF FB 8E BD DF | T:8451715 RPD:0
[CH: 50] LEN: 12 | HEX: FA 6E FE D8 65 DA 91 BF 27 6B B6 FF | T:8451745 RPD:0
[CH: 50] LEN: 12 | HEX: F2 76 FE E4 69 F6 91 FB E3 72 BE FA | T:8451864 RPD:0
[CH: 50] LEN: 12 | HEX: EA 76 DE E2 6E EA 91 AD 09 6E BF A8 | T:8451924 RPD:0
[CH: 50] LEN: 12 | HEX: F6 76 ED E0 6D DA 91 DB A0 85 BD DD | T:8451984 RPD:0
[CH: 50] LEN: 12 | HEX: FA 76 FF FF 70 F6 91 FF A7 84 BF FE | T:8452074 RPD:0
[CH: 50] LEN: 12 | HEX: EE 76 FE F4 71 D2 91 4E 75 61 BB 77 | T:8452078 RPD:0
[CH: 50] LEN: 12 | HEX: FA 76 EE EB 76 F2 91 BD 4D 98 BB F7 | T:8452082 RPD:0
[CH: 50] LEN: 12 | HEX: FA 76 F6 FA 77 F6 91 FF 11 69 BF FF | T:8452093 RPD:0
[CH: 50] LEN: 12 | HEX: FA 66 F6 E9 74 EA 91 EB E4 73 BE BF | T:8452093 RPD:0
[CH: 50] LEN: 12 | HEX: FA 76 FE F8 75 FA 91 FE B8 96 B6 ED | T:8452105 RPD:0
[CH: 50] LEN: 12 | HEX: F6 76 EB F7 F6 F6 91 FF 89 81 BF 7F | T:8452105 RPD:0
[CH: 50] LEN: 12 | HEX: FA 76 EB F6 77 FA 91 F5 55 64 BF FF | T:8452116 RPD:0
[CH: 50] LEN: 12 | HEX: FA 6E ED FD 78 F2 91 AA 20 6A AF 35 | T:8452132 RPD:0
[CH: 50] LEN: 12 | HEX: FA 76 F4 F4 75 DA 91 D7 F6 8E BF FF | T:8452162 RPD:0
[CH: 50] LEN: 12 | HEX: F2 6F B6 F2 7D EA 91 F7 96 93 BF EF | T:8452222 RPD:0
[CH: 50] LEN: 12 | HEX: DA 76 ED EB 66 FA 91 F7 D2 65 BB FF | T:8452432 RPD:0
[CH: 50] LEN: 12 | HEX: EA 56 DD DA 67 FA 91 D7 8A 80 BE EF | T:8452462 RPD:0
[CH: 50] LEN: 12 | HEX: EA 76 F7 74 5D D2 91 7D 3C 96 BE BF | T:8452845 RPD:0
[CH: 50] LEN: 12 | HEX: FA 74 FF 70 7A FA 91 EA BE 7C BF 5B | T:8453059 RPD:0
[CH: 50] LEN: 12 | HEX: FA 76 FE EF E2 FA 91 FE 11 92 BD FF | T:8453089 RPD:0
[CH: 50] LEN: 12 | HEX: EA 76 F6 EE 63 FA 91 FA CD 77 3B F7 | T:8453119 RPD:0
[CH: 50] LEN: 12 | HEX: F2 7E FC E9 64 FA 91 D6 FB 8E BF F7 | T:8453269 RPD:0
[CH: 50] LEN: 12 | HEX: FA 76 FE F8 65 FA 91 FD 27 6B BF F6 | T:8453299 RPD:0
[CH: 50] LEN: 12 | HEX: EA 76 F6 F7 6A F2 91 AE 96 74 B6 DD | T:8453329 RPD:0
[CH: 50] LEN: 12 | HEX: EA 67 FD D3 6A EA 91 AB B5 8B BA BE | T:8453449 RPD:0
[CH: 50] LEN: 12 | HEX: EA 76 FA E1 6C D2 91 FD 74 60 B5 BF | T:8453509 RPD:0
[CH: 50] LEN: 12 | HEX: F6 6F F6 FF 7F F3 91 EE 55 48 BE FF | T:8453629 RPD:0
[CH: 50] LEN: 12 | HEX: FB 6E AD D1 7C B2 91 FE 53 9D BF BB | T:8453780 RPD:0
[CH: 50] LEN: 12 | HEX: F2 76 F6 EF 43 DA 91 FF CB 77 FF F9 | T:8453870 RPD:0
[CH: 50] LEN: 12 | HEX: F6 7E FE E5 68 DA 91 FF 3F 97 EF FF | T:8454139 RPD:0
[CH: 50] LEN: 12 | HEX: FA 76 EE E4 69 EA 91 FF F3 72 BE 7F | T:8454169 RPD:0
[CH: 50] LEN: 12 | HEX: FA 76 EE E3 6F FA 91 FD D5 8B AD EF | T:8454199 RPD:0
[CH: 50] LEN: 12 | HEX: FA 76 EE E2 6E EA 91 FF 09 6F B6 DE | T:8454229 RPD:0
[CH: 50] LEN: 12 | HEX: EA 76 FD E1 6C F2 91 D5 74 60 B6 F7 | T:8454259 RPD:0
[CH: 50] LEN: 12 | HEX: F6 76 FC E0 6D FA 91 D7 A0 85 BE FF | T:8454289 RPD:0
[CH: 50] LEN: 12 | HEX: F2 76 FE FA 73 BA 91 FF D2 8A BF FF | T:8454349 RPD:0
[CH: 50] LEN: 12 | HEX: F6 76 FF FE 79 FA 91 FD 7F 61 BF 77 | T:8454409 RPD:0
[CH: 50] LEN: 12 | HEX: FA 7E FD EB 76 FE 91 FB 4D 98 B7 F7 | T:8454413 RPD:0
[CH: 50] LEN: 12 | HEX: EA 76 EE E9 74 FE 91 EF E4 73 BF FF | T:8454447 RPD:0
[CH: 50] LEN: 12 | HEX: FA 76 EE D7 7A EA 91 FD 89 81 BF FF | T:8454507 RPD:0
[CH: 50] LEN: 12 | HEX: FA 76 EE F6 7B FE 91 FB 55 64 BE BB | T:8454537 RPD:0
[CH: 50] LEN: 12 | HEX: FA 6E EA F5 7C FA 91 FF 20 6A BD F7 | T:8454567 RPD:0
[CH: 50] LEN: 12 | HEX: FA 76 F6 F4 75 F2 91 D7 F4 8F 7F 6F | T:8454597 RPD:0
[CH: 50] LEN: 12 | HEX: FE 76 EE F3 76 FA 91 EF CA 76 BF EE | T:8454627 RPD:0
[CH: 50] LEN: 12 | HEX: EA 76 FE F9 74 FA 91 DE 73 DF BD FE | T:8454687 RPD:0
[CH: 50] LEN: 12 | HEX: FA 76 F6 E0 79 B6 91 FF BF F8 BF 7F | T:8454717 RPD:0
[CH: 50] LEN: 12 | HEX: FE 76 FD 6F 63 F6 91 AF 49 7F BD FF | T:8454777 RPD:0
[CH: 50] LEN: 12 | HEX: FA 76 DE FA 66 A2 91 D5 0D 80 AE EF | T:8454897 RPD:0
[CH: 50] LEN: 12 | HEX: FA 77 FA F8 75 D6 91 FF 38 96 BB BD | T:8455357 RPD:0
[CH: 50] LEN: 12 | HEX: FA 76 FE EF 6A FA 91 FF 89 81 FF FF | T:8455361 RPD:0
[CH: 50] LEN: 12 | HEX: FA 76 DE D0 7D FA 91 5F BF F8 BD EF | T:8455571 RPD:0
[CH: 50] LEN: 12 | HEX: FA 76 FE EF E2 F6 91 FB 15 92 BE FF | T:8455601 RPD:0
[CH: 50] LEN: 12 | HEX: FA 7E EA E8 65 FA 91 FE 26 6B 7D DB | T:8455811 RPD:0
[CH: 50] LEN: 12 | HEX: FE 76 FA E0 6F F2 91 F7 A8 85 AF FD | T:8456051 RPD:0
[CH: 50] LEN: 12 | HEX: A1 75 2A EE DE 52 B1 AA BA EB D9 77 | T:8461494 RPD:0
[CH: 50] LEN: 12 | HEX: 99 76 F6 E8 D6 7D 91 BC C5 5C BD 6F | T:8462358 RPD:0
[CH: 50] LEN: 12 | HEX: B9 56 FE FB FA 4D 91 FB 72 1C DA FF | T:8463040 RPD:0
[CH: 50] LEN: 12 | HEX: F9 7F F8 D6 FC 75 91 F4 88 54 AF FF | T:8463149 RPD:0
[CH: 50] LEN: 12 | HEX: E1 B3 FF 68 56 3B 10 75 41 94 37 EE | T:8463167 RPD:0
[CH: 50] LEN: 12 | HEX: F5 77 D4 E8 FD 5E 91 EF E5 9E B7 53 | T:8463814 RPD:0
[CH: 50] LEN: 12 | HEX: FD 77 EB FD F8 52 91 38 0D 39 CE EF | T:8464148 RPD:0
[CH: 50] LEN: 12 | HEX: F1 77 EA F2 FD 74 91 EA EA F9 7D FF | T:8464289 RPD:0
[CH: 50] LEN: 12 | HEX: F1 7F FF F0 EE 7E 91 AF C5 D4 AB 7B | T:8464295 RPD:0
[CH: 50] LEN: 12 | HEX: B9 77 D5 F7 6A 75 91 FF 0C 56 BA F7 | T:8464391 RPD:0
[CH: 50] LEN: 12 | HEX: A9 67 2E ED 6A 4B 11 DF 0B 35 BF 6E | T:8464659 RPD:0
[CH: 50] LEN: 12 | HEX: FD 77 FE BE F4 70 91 BF FA B7 3D DE | T:8464677 RPD:0
[CH: 50] LEN: 12 | HEX: FD 77 EE F0 F6 76 91 ED E5 9E BF FF | T:8464692 RPD:0
[CH: 50] LEN: 12 | HEX: E1 6F FD F7 5E 75 91 F7 0C 56 BE EC | T:8464695 RPD:0
[CH: 50] LEN: 12 | HEX: F5 77 BB F6 FD 68 91 FF BA BB AD FF | T:8464698 RPD:0
[CH: 50] LEN: 12 | HEX: E5 77 EE D5 FE 73 11 D6 8D 39 3F FF | T:8464718 RPD:0
[CH: 50] LEN: 12 | HEX: A9 76 F4 F2 FA 6C 91 AE CA 55 B7 FF | T:8464741 RPD:0
[CH: 50] LEN: 12 | HEX: D5 76 5E F1 D6 77 91 FA D8 DF FB FF | T:8464761 RPD:0
[CH: 50] LEN: 12 | HEX: F5 77 5A D8 EE 76 91 FF E5 DF BD FB | T:8464764 RPD:0
[CH: 50] LEN: 12 | HEX: F9 77 72 D7 FE 79 91 FB 4C 56 BF FF | T:8464767 RPD:0
[CH: 50] LEN: 12 | HEX: F9 77 DF FD ED 6B 91 D6 8D 39 B6 FF | T:8464778 RPD:0
[CH: 50] LEN: 12 | HEX: E1 56 B6 E2 CA 55 11 4A D2 1C B7 BF | T:8464779 RPD:0
[CH: 50] LEN: 12 | HEX: F5 77 DC D2 EE 74 91 FB 7E 77 AF EF | T:8464790 RPD:0
[CH: 50] LEN: 12 | HEX: F1 56 2C A9 5C 55 51 5B 58 AE BF EF | T:8464801 RPD:0
[CH: 50] LEN: 12 | HEX: F9 77 B6 F0 BE 7E 91 FE C5 9E BF FF | T:8464801 RPD:0
[CH: 50] LEN: 12 | HEX: F9 6F FE DA FC 78 91 ED BE BB B5 FF | T:8464813 RPD:0
[CH: 50] LEN: 12 | HEX: F9 77 BE DD 7E 73 91 EB 0D 39 BF FD | T:8464813 RPD:0
[CH: 50] LEN: 12 | HEX: F9 67 AE FE EB 78 91 7D 3A BB BD BF | T:8465054 RPD:0
[CH: 50] LEN: 12 | HEX: F1 77 7E FB EC 75 91 F5 7A 1C AF DE | T:8465078 RPD:0
[CH: 50] LEN: 12 | HEX: E9 77 F4 FE FE 70 91 FA B2 BB BF EF | T:8465127 RPD:0
[CH: 50] LEN: 12 | HEX: F9 77 DC FF FE 73 91 D7 0D 39 BF FF | T:8465130 RPD:0
[CH: 50] LEN: 12 | HEX: F5 77 FC F3 FE 75 91 EC 72 1C B7 FF | T:8465133 RPD:0
[CH: 50] LEN: 12 | HEX: F9 77 FB FA FE 74 91 FF 6F 73 BF FF | T:8465144 RPD:0
[CH: 50] LEN: 12 | HEX: D5 77 FE F0 ED 76 91 BF E5 9E AE FF | T:8465159 RPD:0
[CH: 50] LEN: 12 | HEX: F9 77 5B F7 5E 75 D1 FB 72 1C BF AD | T:8465268 RPD:0
[CH: 50] LEN: 12 | HEX: F9 76 BF F6 FA 74 91 ED 4E 7F BF FB | T:8465271 RPD:0
[CH: 50] LEN: 12 | HEX: F9 6F BA F0 EA 76 91 EF C5 9E BF F7 | T:8465277 RPD:0
[CH: 50] LEN: 12 | HEX: E9 67 BC EE 96 71 91 F7 0C 56 AF F7 | T:8465288 RPD:0
[CH: 50] LEN: 12 | HEX: F9 77 7C FD FB 73 91 EA 0D 39 BE BF | T:8465288 RPD:0
[CH: 50] LEN: 12 | HEX: F9 77 FA EB 74 75 91 DA 42 18 BF FA | T:8465299 RPD:0
[CH: 50] LEN: 12 | HEX: E9 76 AA FA EA 74 91 FF CF 7D BF FF | T:8465300 RPD:0
[CH: 50] LEN: 12 | HEX: F1 7E FE E5 FF 77 91 DF 58 FF BB BF | T:8465311 RPD:0
[CH: 50] LEN: 12 | HEX: D9 77 DF EF FE 75 D1 75 4C 56 AF DB | T:8465311 RPD:0
[CH: 50] LEN: 12 | HEX: F9 7D F4 EB BE 75 91 EF 72 1C AF DF | T:8465327 RPD:0
[CH: 50] LEN: 12 | HEX: F9 77 D4 AA FE 74 91 BA AF 79 FF FF | T:8465330 RPD:0
[CH: 50] LEN: 12 | HEX: F9 77 5D AE AA 75 91 BD 8C 56 BF FF | T:8465341 RPD:0
[CH: 50] LEN: 12 | HEX: D9 77 F5 FF FE 70 91 E6 BA BB BB AA | T:8465342 RPD:0
[CH: 50] LEN: 12 | HEX: F9 77 FE F3 FA 75 91 F8 F2 1C BF FF | T:8465353 RPD:0
[CH: 50] LEN: 12 | HEX: F9 77 BC F9 FC 77 91 FE 58 FF BD DF | T:8465371 RPD:0
[CH: 50] LEN: 12 | HEX: E9 77 AE F8 FA 7E 91 FE C5 9A BE F3 | T:8465374 RPD:0
[CH: 50] LEN: 12 | HEX: FD 67 7E F7 FD 79 91 DA 8C 56 BF 7A | T:8465377 RPD:0
[CH: 50] LEN: 12 | HEX: F9 77 F5 FE D4 70 91 FF BA BB BD FF | T:8465388 RPD:0
[CH: 50] LEN: 12 | HEX: F9 77 7D F7 D6 75 91 DF 72 1C B6 FB | T:8465388 RPD:0
[CH: 50] LEN: 12 | HEX: F9 77 D6 F9 DB 77 91 FF 5C D7 BB 7F | T:8465399 RPD:0
[CH: 50] LEN: 12 | HEX: F9 77 FA E6 AC 49 11 79 08 54 B6 DD | T:8465411 RPD:0
[CH: 50] LEN: 12 | HEX: B9 77 FD EA F1 6C 91 DD AF 69 BF BF | T:8465503 RPD:0
[CH: 50] LEN: 12 | HEX: D9 F7 1C DD 5D 6A 91 F7 89 29 0E F6 | T:8465518 RPD:0
[CH: 50] LEN: 12 | HEX: F1 77 FF EA F4 54 91 DF CD 7D BF FF | T:8465600 RPD:0
[CH: 50] LEN: 12 | HEX: F1 7E BE FE EF 78 91 F7 BA BB BB F7 | T:8465717 RPD:0
[CH: 50] LEN: 12 | HEX: E9 77 BA FB D6 73 91 FF 0D 31 BF BF | T:8465737 RPD:0
[CH: 50] LEN: 12 | HEX: E9 4F EE EA FE 6C 91 FF DF 6D BD F7 | T:8465760 RPD:0
[CH: 50] LEN: 12 | HEX: FD 77 FE F4 FF 76 91 FF C5 9E BE FF | T:8465783 RPD:0
[CH: 50] LEN: 12 | HEX: D5 67 BB F9 AA 72 91 FF 0D 39 BE B7 | T:8465792 RPD:0
[CH: 50] LEN: 12 | HEX: D9 77 FB D3 EA 7D 91 DF 72 1C BF FF | T:8465795 RPD:0
[CH: 50] LEN: 12 | HEX: F5 77 7E F6 F6 70 91 FE BA BF AE FD | T:8465810 RPD:0
[CH: 50] LEN: 12 | HEX: D9 77 EC FD FF 73 91 EB 0B 39 AF FF | T:8465813 RPD:0
[CH: 50] LEN: 12 | HEX: F9 77 F4 FA FE 74 91 FF 6F 7D BD F7 | T:8465819 RPD:0
[CH: 50] LEN: 12 | HEX: F9 77 F6 F1 FE 77 91 FF 58 FF 57 7A | T:8465831 RPD:0
[CH: 50] LEN: 12 | HEX: F1 77 54 E7 FE 79 91 FA 8C 56 BF F7 | T:8465831 RPD:0
[CH: 50] LEN: 12 | HEX: F9 77 FE F6 ED 70 91 FA BA BB BF F9 | T:8465842 RPD:0
[CH: 50] LEN: 12 | HEX: F5 77 FE F9 D6 73 91 FC 0D 39 B5 DB | T:8465851 RPD:0
[CH: 50] LEN: 12 | HEX: FD 77 BE FE FA 74 91 FF EE FB BD D4 | T:8465891 RPD:0
[CH: 50] LEN: 12 | HEX: F9 65 F4 A0 FE 65 91 BF C5 1C BE DD | T:8465897 RPD:0
[CH: 50] LEN: 12 | HEX: F9 6F DF ED FE 73 91 FE 8D 39 BB AF | T:8465957 RPD:0
[CH: 50] LEN: 12 | HEX: F9 77 DD EB FE 75 91 F6 F2 1C B7 FA | T:8465960 RPD:0
[CH: 50] LEN: 12 | HEX: F1 77 DD F0 DF 76 91 EB C5 9E BB FF | T:8465986 RPD:0
[CH: 50] LEN: 12 | HEX: F5 77 EE FE FE 70 91 FF 7A BB BF EF | T:8466009 RPD:0
[CH: 50] LEN: 12 | HEX: E9 77 BE EB FC 75 91 F6 72 1C BB FE | T:8466049 RPD:0
[CH: 50] LEN: 12 | HEX: F9 77 F6 F8 FF 76 91 FE 85 9D BA FE | T:8466092 RPD:0
[CH: 50] LEN: 12 | HEX: F9 77 F6 F4 F6 70 91 FF 7A BB B7 FF | T:8466133 RPD:0
[CH: 50] LEN: 12 | HEX: F9 77 FF F5 FE 73 91 FE 0D 39 BF FF | T:8466152 RPD:0
[CH: 50] LEN: 12 | HEX: F9 77 7A D2 FA 74 91 FF 6F 7D BB 7F | T:8466175 RPD:0
[CH: 50] LEN: 12 | HEX: F9 77 EA E9 DE 77 11 FA 58 EA BF 7F | T:8466195 RPD:0
[CH: 50] LEN: 12 | HEX: E9 77 AE F8 FD 76 91 F7 C5 9E BE FE | T:8466198 RPD:0
[CH: 50] LEN: 12 | HEX: F5 77 7C EE FD 70 91 D7 BA AB FF AF | T:8466239 RPD:0
[CH: 50] LEN: 12 | HEX: F9 77 FE FE F4 78 91 B7 EF F9 BA FD | T:8466298 RPD:0
[CH: 50] LEN: 12 | HEX: F5 66 FE F9 FD 77 91 FF D8 DD 3E BF | T:8466301 RPD:0
[CH: 50] LEN: 12 | HEX: E9 77 7E F8 F6 76 91 D7 E5 9D AF FF | T:8466304 RPD:0
[CH: 50] LEN: 12 | HEX: ED 77 F6 D7 B6 79 91 DF 8C 57 AB EF | T:8466324 RPD:0
[CH: 50] LEN: 12 | HEX: E5 77 AE F7 F4 75 91 D5 72 1C BF DA | T:8466333 RPD:0
[CH: 50] LEN: 12 | HEX: E9 77 FE FA FE 74 99 FF EF 7D AF FF | T:8466336 RPD:0
[CH: 50] LEN: 12 | HEX: D9 6F BE E1 BA 67 91 EB 58 F7 BF F7 | T:8466339 RPD:0
[CH: 50] LEN: 12 | HEX: F9 7E F4 D7 DE 7D 91 FE 8C 56 AF EA | T:8466350 RPD:0
[CH: 50] LEN: 12 | HEX: E9 77 BE FB EC 60 91 7D 3A BB BF FD | T:8466351 RPD:0
[CH: 50] LEN: 12 | HEX: E9 77 FD F5 DA 53 D1 EE 0D 29 BB 7F | T:8466362 RPD:0
[CH: 50] LEN: 12 | HEX: F9 77 5E F3 FB 75 91 FF 6A 1C BF AB | T:8466373 RPD:0
[CH: 50] LEN: 12 | HEX: F9 77 D6 FA FE 74 91 FF A8 45 3A FD | T:8466374 RPD:0
[CH: 50] LEN: 12 | HEX: ED 77 FE F7 69 69 91 DD 8C 56 AF FE | T:8466385 RPD:0
[CH: 50] LEN: 12 | HEX: A9 75 56 FB FE 75 91 FF 72 1A B7 EF | T:8466468 RPD:0
[CH: 50] LEN: 12 | HEX: FD 77 FD F2 DC 74 91 D5 DF 7D BD DE | T:8466488 RPD:0
[CH: 50] LEN: 12 | HEX: F1 77 BF E9 FF 77 11 B5 58 FB DF DD | T:8466491 RPD:0
[CH: 50] LEN: 12 | HEX: F5 57 75 F7 EA 79 91 DF 8C 56 BF FB | T:8466497 RPD:0
[CH: 50] LEN: 12 | HEX: F1 77 DE FE FF 70 91 FE BE BB BF FF | T:8466508 RPD:0
[CH: 50] LEN: 12 | HEX: F5 77 FC FD FA 73 51 FD 8D 39 B7 92 | T:8466509 RPD:0
[CH: 50] LEN: 12 | HEX: F9 77 D6 FB DE 75 91 FF 72 1C AF 7B | T:8466520 RPD:0
[CH: 50] LEN: 12 | HEX: F5 77 F4 FA FE 74 91 FE AF 7D BF FE | T:8466520 RPD:0
[CH: 50] LEN: 12 | HEX: F1 77 FF F9 FE 77 91 EA 58 DF BF F7 | T:8466531 RPD:0
[CH: 50] LEN: 12 | HEX: F9 77 F6 FE FE 70 91 EF 3A BB B7 FB | T:8466532 RPD:0
[CH: 50] LEN: 12 | HEX: F9 77 EE FA FE 74 91 FD 5F FF BF FE | T:8466564 RPD:0
[CH: 50] LEN: 12 | HEX: D5 77 BA F9 FD 77 11 EE D8 D7 7E FB | T:8466567 RPD:0
[CH: 50] LEN: 12 | HEX: F1 77 E8 F8 F5 76 91 FF C5 9D AE FB | T:8466570 RPD:0
[CH: 50] LEN: 12 | HEX: FD 77 F6 AE AD 59 91 EE 8C 56 BD EF | T:8466590 RPD:0
[CH: 50] LEN: 12 | HEX: F9 77 FA F9 DE 77 91 DF 58 D7 BF 5F | T:8466605 RPD:0
[CH: 50] LEN: 12 | HEX: E1 76 FC FE FD 70 91 FE BA BB BE FF | T:8466631 RPD:0
[CH: 50] LEN: 12 | HEX: D9 75 76 F6 BC 74 91 D5 43 BE B7 EF | T:8466674 RPD:0
[CH: 50] LEN: 12 | HEX: F5 77 AA FD EA 73 91 FE 8D 39 BF BF | T:8466741 RPD:0
[CH: 50] LEN: 12 | HEX: F9 77 BA FB F5 75 91 FD 72 1C BF FF | T:8466744 RPD:0
[CH: 50] LEN: 12 | HEX: F9 77 7D EA FE 74 91 DA EF 7D BE B5 | T:8466747 RPD:0
[CH: 50] LEN: 12 | HEX: F9 77 FA F9 FE 77 91 EF 58 FF B7 FF | T:8466758 RPD:0
[CH: 50] LEN: 12 | HEX: F9 77 74 F0 FE 76 91 FA C5 9E BD FD | T:8466758 RPD:0
[CH: 50] LEN: 12 | HEX: F1 77 FC F7 FF 71 91 FE 8C 56 BE F7 | T:8466770 RPD:0
[CH: 50] LEN: 12 | HEX: F9 77 AE EE FE 70 91 FD 3A BB B5 DB | T:8466781 RPD:0
[CH: 50] LEN: 12 | HEX: F9 7D FE FD F5 73 91 ED 0D 39 BF FD | T:8466781 RPD:0
[CH: 50] LEN: 12 | HEX: E9 77 5E F9 DE 77 11 D5 58 F5 BF FB | T:8466793 RPD:0
[CH: 50] LEN: 12 | HEX: F9 77 D6 FD FE 73 91 F5 0D 39 BD BE | T:8466793 RPD:0
[CH: 50] LEN: 12 | HEX: F1 77 E9 F9 DE 77 91 FE D8 F7 FD 7F | T:8466809 RPD:0
[CH: 50] LEN: 12 | HEX: F1 77 B6 F0 FE 66 91 EF A5 9C BF 7B | T:8466829 RPD:0
[CH: 50] LEN: 12 | HEX: F1 77 AD F7 DD 79 91 FA 8C 56 BB DF | T:8466832 RPD:0
[CH: 50] LEN: 12 | HEX: F9 77 BB FE FA 70 91 F7 7A BB BD FF | T:8466852 RPD:0
[CH: 50] LEN: 12 | HEX: F9 77 DE FD DC 73 91 EE 8D 39 BD FF | T:8466855 RPD:0
[CH: 50] LEN: 12 | HEX: F9 77 BD FB FE 75 91 FD 72 1C BB BF | T:8466858 RPD:0
[CH: 50] LEN: 12 | HEX: F9 77 BD EE FE 74 91 F7 DF 7D B6 EF | T:8466869 RPD:0
[CH: 50] LEN: 12 | HEX: F5 77 D5 F9 FE 77 91 DD 58 F7 B5 76 | T:8466869 RPD:0
[CH: 50] LEN: 12 | HEX: E9 77 6A F0 F6 76 91 DF C5 9E BE F5 | T:8466881 RPD:0
[CH: 50] LEN: 12 | HEX: F9 77 EE F7 B4 79 91 FE 8C 56 BF 77 | T:8466892 RPD:0
[CH: 50] LEN: 12 | HEX: F9 77 D6 F9 FE 70 91 F5 FA BB BB FF | T:8466892 RPD:0
[CH: 50] LEN: 12 | HEX: F9 77 EE F2 F6 74 91 F6 AF 7D BE A9 | T:8466904 RPD:0
[CH: 50] LEN: 12 | HEX: F1 77 FD F7 D4 7D 91 F5 0C 56 BF BD | T:8466908 RPD:0
[CH: 50] LEN: 12 | HEX: F9 77 FE FA FB 70 91 DE BA BB BF FE | T:8466919 RPD:0
[CH: 50] LEN: 12 | HEX: F9 77 D4 F9 FE 73 91 EF 0D 39 BF FF | T:8466919 RPD:0
[CH: 50] LEN: 12 | HEX: F9 77 FA FA FE 74 91 FF 5F 79 BF FF | T:8466937 RPD:0
[CH: 50] LEN: 12 | HEX: F9 5F EE ED EE 77 91 FD 58 FF 5E EA | T:8466940 RPD:0
[CH: 50] LEN: 12 | HEX: F1 77 FC F8 F6 76 91 EB C5 9E B7 FF | T:8466960 RPD:0
[CH: 50] LEN: 12 | HEX: F9 77 FF F7 DA 79 91 FF 8C 56 BF EF | T:8466963 RPD:0
[CH: 50] LEN: 12 | HEX: F9 77 DE F5 F6 70 91 F6 BA BB BF 7E | T:8466983 RPD:0
[CH: 50] LEN: 12 | HEX: F1 77 FD F5 EE 73 91 FD 0D 39 BF FF | T:8466986 RPD:0
[CH: 50] LEN: 12 | HEX: F9 77 BB FB DD 75 91 FE 72 1C BF DF | T:8466989 RPD:0
[CH: 50] LEN: 12 | HEX: F9 77 FC FA FA 74 91 FD 6F 7D B7 BF | T:8467009 RPD:0
[CH: 50] LEN: 12 | HEX: F1 77 F5 F1 FD 77 91 F5 5A F6 FE FB | T:8467012 RPD:0
[CH: 50] LEN: 12 | HEX: F5 77 FE F8 FE 76 91 FF A5 9E BF FE | T:8467015 RPD:0
[CH: 50] LEN: 12 | HEX: F5 77 FF F7 D4 71 91 EF 0C 56 BF FF | T:8467026 RPD:0
[CH: 50] LEN: 12 | HEX: F9 77 DE FE FD 70 91 FF 7A BF BB 5F | T:8467026 RPD:0
[CH: 50] LEN: 12 | HEX: F9 77 6E FB FE 73 91 EA 8D 39 B7 D7 | T:8467038 RPD:0
[CH: 50] LEN: 12 | HEX: F9 77 AE FB D6 75 91 FF 72 1C BF 76 | T:8467049 RPD:0
[CH: 50] LEN: 12 | HEX: F9 77 F5 FA F6 74 91 FF DF 7B BD BF | T:8467049 RPD:0
[CH: 50] LEN: 12 | HEX: F1 77 FD F4 EE 7E 91 FF 45 9E BF BF | T:8467061 RPD:0
[CH: 50] LEN: 12 | HEX: F9 77 FD F7 FB 79 91 FA 8C 56 BF EB | T:8467061 RPD:0
[CH: 50] LEN: 12 | HEX: F1 77 FE FE FE 70 91 F7 BA AB BD BF | T:8467072 RPD:0
[CH: 50] LEN: 12 | HEX: F9 77 BD E9 F5 73 91 FF 0D 39 BF FF | T:8467072 RPD:0
[CH: 50] LEN: 12 | HEX: D1 77 7D FB FD 75 91 D6 F2 18 BA FD | T:8467084 RPD:0
[CH: 50] LEN: 12 | HEX: F5 77 FD E8 F9 56 91 FB C5 9D BD EF | T:8467095 RPD:0
[CH: 50] LEN: 12 | HEX: E9 57 B9 F7 EE 79 91 AF 8C 56 AE DF | T:8467111 RPD:0
[CH: 50] LEN: 12 | HEX: B9 77 FE EB DB 75 D1 FE 72 1C B7 FD | T:8467120 RPD:0
[CH: 50] LEN: 12 | HEX: F5 7F DC FB FC 74 91 BF EF 7D FF FD | T:8467123 RPD:0
[CH: 50] LEN: 12 | HEX: F9 77 74 EA EA 70 91 AD B2 BB BD EF | T:8467186 RPD:0
[CH: 50] LEN: 12 | HEX: F9 77 F5 F9 EE 73 91 FD 0D 39 AB FF | T:8467206 RPD:0
[CH: 50] LEN: 12 | HEX: F9 77 F4 FA FE 74 91 DA AF 7D BF F7 | T:8467246 RPD:0
[CH: 50] LEN: 12 | HEX: F9 67 9A F0 F6 76 91 FF C5 9E BF FF | T:8467269 RPD:0
[CH: 50] LEN: 12 | HEX: F1 77 5B F7 F6 71 91 FF 8C 56 BE FB | T:8467289 RPD:0
[CH: 50] LEN: 12 | HEX: F9 6F B8 FE FE 70 91 FF BA B7 FF BD | T:8467292 RPD:0
[CH: 50] LEN: 12 | HEX: E9 77 AE F9 DB 73 91 ED 0D 39 BA DF | T:8467295 RPD:0
[CH: 50] LEN: 12 | HEX: F9 77 BE F9 DC 77 91 FD D8 FE BD EB | T:8467338 RPD:0
[CH: 50] LEN: 12 | HEX: E9 77 54 D0 F6 76 91 EA 25 9E BB FF | T:8467341 RPD:0
[CH: 50] LEN: 12 | HEX: F9 76 BE EF FC 79 91 FF 0C 56 AF FF | T:8467344 RPD:0
[CH: 50] LEN: 12 | HEX: F9 77 FE FE FE 70 91 EB BA BB AB FD | T:8467355 RPD:0
[CH: 50] LEN: 12 | HEX: F5 77 EA ED F6 73 91 EA 0D 39 BD DF | T:8467355 RPD:0
[CH: 50] LEN: 12 | HEX: F1 77 AE F3 76 75 91 FF 72 1C AF D7 | T:8467370 RPD:0
[CH: 50] LEN: 12 | HEX: F5 6E DE FA F4 74 91 9F EF 7F 4F EF | T:8467373 RPD:0
[CH: 50] LEN: 12 | HEX: F1 77 FF E9 D4 77 51 EF 58 EF AE EF | T:8467384 RPD:0
[CH: 50] LEN: 12 | HEX: F9 77 FD F8 FE 76 91 FF 65 9E BF EE | T:8467384 RPD:0
[CH: 50] LEN: 12 | HEX: F9 77 B4 F7 F5 79 91 D5 8E 56 BB FF | T:8467399 RPD:0
[CH: 50] LEN: 12 | HEX: F1 76 EC EA F4 74 91 FF EF 7D AF FF | T:8467479 RPD:0
[CH: 50] LEN: 12 | HEX: ED 6F 56 F1 F6 77 91 F4 D8 FE BE BF | T:8467482 RPD:0
[CH: 50] LEN: 12 | HEX: E1 7D AA F8 FC 7D 91 B7 C5 5E BD FF | T:8467502 RPD:0
[CH: 50] LEN: 12 | HEX: F9 77 74 FB BD 75 91 EF F2 1C BF BF | T:8467581 RPD:0
[CH: 50] LEN: 12 | HEX: F9 77 FC F2 FE 74 91 F6 AD FD DF F6 | T:8467584 RPD:0
[CH: 50] LEN: 12 | HEX: E9 72 EC A8 A8 54 11 57 C5 14 AB B9 | T:8467607 RPD:0
[CH: 50] LEN: 12 | HEX: F9 77 7E EF FE 51 D1 D5 48 55 BF 7E | T:8468089 RPD:0
[CH: 50] LEN: 12 | HEX: F9 77 5C A7 EE 79 91 FD 8C 56 BB FD | T:8468178 RPD:0
[CH: 50] LEN: 12 | HEX: F5 77 EE EA EE 70 91 FB B6 BB BD D6 | T:8468181 RPD:0
[CH: 50] LEN: 12 | HEX: E9 77 72 FA FE 74 91 F6 8F 73 BF FF | T:8468190 RPD:0
[CH: 50] LEN: 12 | HEX: D9 77 BE F9 D6 6F 91 DF 58 F6 B5 FF | T:8468193 RPD:0
[CH: 50] LEN: 12 | HEX: F9 77 FD F4 FE 76 91 EF C5 9F B7 7D | T:8468204 RPD:0
[CH: 50] LEN: 12 | HEX: E9 77 EE E7 FA 79 91 EF 8C 56 BF FF | T:8468205 RPD:0
[CH: 50] LEN: 12 | HEX: FD 77 F6 FE FE 70 91 FD BA BB BF EF | T:8468216 RPD:0
[CH: 50] LEN: 12 | HEX: F5 77 B6 F5 EA 63 91 D5 0D 39 AD FF | T:8468216 RPD:0
[CH: 50] LEN: 12 | HEX: F9 7F DE FB AE 75 91 DD 72 18 BF DF | T:8468228 RPD:0
[CH: 50] LEN: 12 | HEX: F9 77 FC F0 EA 66 91 FF 85 9A BB EF | T:8468228 RPD:0
[CH: 50] LEN: 12 | HEX: F9 77 F6 FF DC 79 91 F7 8C 56 B7 F7 | T:8468239 RPD:0
[CH: 50] LEN: 12 | HEX: F5 77 F4 FF 5C 65 91 FB 72 1C BF FF | T:8468250 RPD:0
[CH: 50] LEN: 12 | HEX: F9 76 D6 F1 FD 77 91 FD D8 FF BF FF | T:8468252 RPD:0
[CH: 50] LEN: 12 | HEX: F5 77 FE FE FE 70 91 FF B6 F7 BF A6 | T:8468303 RPD:0
[CH: 50] LEN: 12 | HEX: F9 F7 FD BE FE 70 91 7E AE BA B7 FF | T:8470629 RPD:0
[CH: 50] LEN: 12 | HEX: E9 77 FD F9 FA 56 91 F7 58 FB BF FF | T:8472392 RPD:0
[CH: 50] LEN: 12 | HEX: F1 77 BE FC FE 76 B9 DF A5 5E BF FF | T:8472678 RPD:0
[CH: 50] LEN: 12 | HEX: E8 52 A4 B4 82 68 91 6D CB 55 1D F6 | T:8474783 RPD:0
[CH: 50] LEN: 12 | HEX: F9 75 FE FF F6 79 59 EF 8C 5C BF FD | T:8475722 RPD:0
[CH: 50] LEN: 12 | HEX: D5 77 FF E9 BE 75 99 DF 58 E6 BF FF | T:8475927 RPD:0
[CH: 50] LEN: 12 | HEX: F9 77 FE FB 76 7D D1 FF 73 1C BF FF | T:8475942 RPD:0
[CH: 50] LEN: 12 | HEX: B9 77 BA FE AE 71 91 3E 4E 56 BA A7 | T:8476030 RPD:0
[CH: 50] LEN: 12 | HEX: F9 FF FD DA BE 74 91 EA EF 5D DF FF | T:8476042 RPD:0
[CH: 50] LEN: 12 | HEX: D1 67 FE FE BE D0 99 FF BA AA B7 7B | T:8476306 RPD:0
[CH: 50] LEN: 12 | HEX: FD 7F FF F9 FF 77 D9 DF D8 FF BF FF | T:8476986 RPD:0
[CH: 50] LEN: 12 | HEX: F5 77 66 F7 BF 79 91 FD 8C 56 BF FF | T:8477081 RPD:0
[CH: 50] LEN: 12 | HEX: DD 77 FE F8 FF 76 D1 FF C7 9D BF FF | T:8477099 RPD:0
[CH: 50] LEN: 12 | HEX: E9 77 FF E9 FF 73 91 FB 0D 39 BF 5F | T:8478963 RPD:0
[CH: 50] LEN: 12 | HEX: F1 5F FA F1 EA 7E D1 FA 58 FD BC FF | T:8478972 RPD:0
[CH: 50] LEN: 12 | HEX: F9 57 D4 F7 BE 79 D1 A9 0C 56 BF FF | T:8478995 RPD:0
[CH: 50] LEN: 12 | HEX: FD 7F DE FF FE 7B 91 FF 0F 3D BD FD | T:8479018 RPD:0
[CH: 50] LEN: 12 | HEX: D5 67 AA EA F6 74 91 BB EB 7D BF FF | T:8479041 RPD:0
[CH: 50] LEN: 12 | HEX: E9 77 B5 FE EA 74 91 FA ED FD BF DD | T:8479236 RPD:0
[CH: 50] LEN: 12 | HEX: F5 77 EE FD EB 70 91 FA BE BB AF BB | T:8479248 RPD:0
[CH: 50] LEN: 12 | HEX: F1 77 FA D5 F6 73 91 EB 0D 39 BD FB | T:8479268 RPD:0
[CH: 50] LEN: 12 | HEX: F9 6F FC F4 EA 56 91 EF C5 9E B3 FF | T:8479314 RPD:0
[CH: 50] LEN: 12 | HEX: D1 77 5A DA EA 64 91 57 AF 7B FD F7 | T:8479426 RPD:0
[CH: 50] LEN: 12 | HEX: E9 7F FA F2 DC 74 91 FB DF 7D FF B7 | T:8479667 RPD:0
[CH: 50] LEN: 12 | HEX: F9 7F BE D9 FA 77 91 EF D8 F7 B7 F5 | T:8479669 RPD:0
[CH: 50] LEN: 12 | HEX: D5 56 FA F7 EC 71 99 7F 8C 56 BE BF | T:8479992 RPD:0
[CH: 50] LEN: 12 | HEX: F9 77 7A EA FE 7C 91 AA EF 5D BE F7 | T:8480128 RPD:0
[CH: 50] LEN: 12 | HEX: F5 75 FE D9 DC 6E 91 BF D8 D3 6E EE | T:8480220 RPD:0
[CH: 50] LEN: 12 | HEX: E9 7F F4 FF F5 70 91 DF 3A BB BB DF | T:8480513 RPD:0
[CH: 50] LEN: 12 | HEX: F9 7E BE FC F6 76 91 F5 C5 9E B7 9A | T:8480545 RPD:0
[CH: 50] LEN: 12 | HEX: F9 77 FE F7 BA 79 91 EF 8C 56 AF 7D | T:8480548 RPD:0
[CH: 50] LEN: 12 | HEX: F9 76 BF FD FF 73 91 F5 0D 39 BD BE | T:8480554 RPD:0
[CH: 50] LEN: 12 | HEX: F9 77 5E DA F4 74 91 FD EF FD BF 7E | T:8480666 RPD:0
[CH: 50] LEN: 12 | HEX: F9 6F B4 F2 EE 74 91 DE DF FD BE D7 | T:8480738 RPD:0
[CH: 50] LEN: 12 | HEX: F5 7F DF FA EE 74 91 D7 FF F9 BF FB | T:8480797 RPD:0
[CH: 50] LEN: 12 | HEX: F5 7F EE E8 FE 76 91 FC C5 9D BF FF | T:8480803 RPD:0
[CH: 50] LEN: 12 | HEX: E9 77 7E F7 FA 79 91 EF 8C 56 BE EF | T:8480806 RPD:0
[CH: 50] LEN: 12 | HEX: F5 77 FE FB BE 75 91 FF F2 1C BB FF | T:8480832 RPD:0
[CH: 50] LEN: 12 | HEX: F9 77 EE F4 EA 76 91 F5 85 96 B7 FF | T:8481019 RPD:0
[CH: 50] LEN: 12 | HEX: D1 6F 7E F5 FF 73 91 DF 0D 39 BF FD | T:8481045 RPD:0
[CH: 50] LEN: 12 | HEX: F9 77 FD EB F6 7D 51 FE 72 1C DF FF | T:8481048 RPD:0
[CH: 50] LEN: 12 | HEX: F1 77 7E DE EE 70 91 F7 BA BB BA DF | T:8481152 RPD:0
[CH: 50] LEN: 12 | HEX: F9 7F F4 F5 FD 73 91 DF 0D 39 BB 7F | T:8481155 RPD:0
[CH: 50] LEN: 12 | HEX: F9 77 FE F2 EE 74 91 EF EE F5 BF FD | T:8481178 RPD:0
[CH: 50] LEN: 12 | HEX: F5 77 FA F9 FD 76 91 FA 58 EF BF FF | T:8481181 RPD:0
[CH: 50] LEN: 12 | HEX: F9 77 5E EF 7E 75 91 BF 8C 56 BF FE | T:8481187 RPD:0
[CH: 50] LEN: 12 | HEX: E9 77 EA EE EF 70 91 EF 3A BB FF FB | T:8481198 RPD:0
[CH: 50] LEN: 12 | HEX: F5 77 BE FB FF 75 91 FD 72 1C BF BB | T:8481199 RPD:0
[CH: 50] LEN: 12 | HEX: F6 76 FE F4 71 79 91 D5 19 6B BD 7F | T:8481289 RPD:0
[CH: 50] LEN: 12 | HEX: FA 6E EA E9 74 79 91 FA 86 79 BF 77 | T:8481353 RPD:0
[CH: 50] LEN: 12 | HEX: FA 76 FE EB 76 79 91 FF A8 7C BF ED | T:8481507 RPD:0
[CH: 50] LEN: 12 | HEX: F6 76 FE EC 61 71 91 EF 06 96 BB BF | T:8481716 RPD:0
[CH: 50] LEN: 12 | HEX: FA 76 FE DB 76 69 91 D7 28 6F 7E DD | T:8481746 RPD:0
[CH: 50] LEN: 12 | HEX: F2 76 EF EA 67 6D 91 97 EC 8A BF 77 | T:8481776 RPD:0
[CH: 50] LEN: 12 | HEX: FA 76 FE E7 7A 79 91 FB 64 76 BF FF | T:8481866 RPD:0
[CH: 50] LEN: 12 | HEX: EE 67 DF D6 6B 65 91 FE A8 93 BF FB | T:8481896 RPD:0
[CH: 50] LEN: 12 | HEX: F6 7E EE A2 6F 7D 91 FD 6B 74 AF F7 | T:8482016 RPD:0
[CH: 50] LEN: 12 | HEX: FA 76 EE FC 71 79 91 FF 19 6B F7 EE | T:8482143 RPD:0
[CH: 50] LEN: 12 | HEX: F6 76 F6 F5 78 79 91 EE C2 60 BD 7F | T:8482301 RPD:0
[CH: 50] LEN: 12 | HEX: F6 76 FE D0 75 75 91 FF 5D 72 BF AF | T:8482451 RPD:0
[CH: 50] LEN: 12 | HEX: FA 76 D7 EE 62 75 91 DE 7B 18 BF FF | T:8482481 RPD:0
[CH: 50] LEN: 12 | HEX: EA 76 FD EE 63 79 91 DF AD FD BE F5 | T:8482511 RPD:0
[CH: 50] LEN: 12 | HEX: F2 76 EE EC 61 75 91 FB 06 96 BB FF | T:8482571 RPD:0
[CH: 50] LEN: 12 | HEX: DA 76 FE EB 66 75 91 DD 30 6F BF 7F | T:8482601 RPD:0
[CH: 50] LEN: 12 | HEX: F2 76 F6 EA 67 79 91 F5 EC 8A BE BF | T:8482631 RPD:0
[CH: 50] LEN: 12 | HEX: EB 5F EF E8 75 79 D9 FF C5 71 DF FF | T:8482690 RPD:0
[CH: 50] LEN: 12 | HEX: FE 76 EE E7 6A 79 91 FF F4 76 B7 FE | T:8482720 RPD:0
[CH: 50] LEN: 12 | HEX: EA 76 FF C0 6D 79 91 DD C2 8F BF D7 | T:8482930 RPD:0
[CH: 50] LEN: 12 | HEX: EA 6E FE DF 52 79 91 ED 53 99 3F FF | T:8482960 RPD:0
[CH: 50] LEN: 12 | HEX: F2 7E FE FA 76 D1 91 FD E3 77 3E FF | T:8483005 RPD:0
[CH: 50] LEN: 12 | HEX: EA 76 EE ED 70 79 91 FB 42 60 BF FE | T:8483102 RPD:0
[CH: 50] LEN: 12 | HEX: EE 76 F4 E4 79 71 91 F5 9F 85 BF FE | T:8483132 RPD:0
[CH: 50] LEN: 12 | HEX: F6 76 EF EB 7A 79 91 DD A8 7C BB FF | T:8483162 RPD:0
[CH: 50] LEN: 12 | HEX: F2 76 F6 EA 7E F9 91 FD 74 99 BF 7F | T:8483192 RPD:0
[CH: 50] LEN: 12 | HEX: F6 76 FE F0 7D 7D 91 FA DD 72 BB FD | T:8483252 RPD:0
[CH: 50] LEN: 12 | HEX: EA 76 F4 EC 63 79 91 AA AE F5 BE BF | T:8483312 RPD:0
[CH: 50] LEN: 12 | HEX: FA 6E EE ED 60 71 91 DD DE 7B BB FF | T:8483342 RPD:0
[CH: 50] LEN: 12 | HEX: FA 7E FC EC 61 71 91 DE 86 96 BD DD | T:8483372 RPD:0
[CH: 50] LEN: 12 | HEX: FA 7E FD EB 66 79 91 FF 30 6F BD FF | T:8483402 RPD:0
[CH: 50] LEN: 12 | HEX: F6 76 FE EA 67 79 91 F5 EC 8A B7 EF | T:8483432 RPD:0
[CH: 50] LEN: 12 | HEX: FA 76 EA E9 64 79 91 FF D9 84 BF FE | T:8483462 RPD:0
[CH: 50] LEN: 12 | HEX: FA 76 ED E6 EA 79 91 FE F4 6E BF FF | T:8483522 RPD:0
[CH: 50] LEN: 12 | HEX: EA 76 EE E6 6B 71 91 EE A8 93 BF F7 | T:8483552 RPD:0
[CH: 50] LEN: 12 | HEX: FA 7E FA E5 68 7D D1 F7 5D 9F BF FF | T:8483582 RPD:0
[CH: 50] LEN: 12 | HEX: F2 76 F4 E4 69 79 91 DB 01 78 BF AA | T:8483612 RPD:1
[CH: 50] LEN: 12 | HEX: FA 76 FE E3 6E 79 91 FF 77 81 BB B7 | T:8483642 RPD:0
[CH: 50] LEN: 12 | HEX: F2 76 FE E2 6E F9 91 FD 6B 64 BF FF | T:8483672 RPD:0
[CH: 50] LEN: 12 | HEX: FA 76 FE E1 6C 79 91 D7 1F 6A AD FF | T:8483702 RPD:0
[CH: 50] LEN: 12 | HEX: FA 76 FE E0 6D 79 91 FD C2 8F FF FB | T:8483732 RPD:0
[CH: 50] LEN: 12 | HEX: EA 76 F6 DD D2 7D 91 EE D3 9E BF BB | T:8483761 RPD:0
[CH: 50] LEN: 12 | HEX: FA 76 F6 FB 70 79 91 FF 45 8E BF BD | T:8483795 RPD:0
[CH: 50] LEN: 12 | HEX: EA 76 FE FC 71 79 91 DA 99 6B BB 7D | T:8483799 RPD:0
[CH: 50] LEN: 12 | HEX: FA 76 F6 F3 76 79 91 EF 2F 12 BF EE | T:8483803 RPD:0
[CH: 50] LEN: 12 | HEX: FA 76 FD FA 77 79 91 FE F3 77 AB EA | T:8483814 RPD:0
[CH: 50] LEN: 12 | HEX: FA 76 FE F5 74 79 91 F6 46 79 B7 7F | T:8483815 RPD:0
[CH: 50] LEN: 12 | HEX: EA 76 ED E7 72 69 91 D7 EB 8B BB FB | T:8483826 RPD:0
[CH: 50] LEN: 12 | HEX: FA 76 FD F6 7B 79 91 FE 2F 6E BF 7F | T:8483826 RPD:0
[CH: 50] LEN: 12 | HEX: FA 76 FE F5 70 79 91 FF 42 60 BB 6E | T:8483852 RPD:0
[CH: 50] LEN: 12 | HEX: FA 7E FE FC 79 7D 91 F7 5E 85 BF EF | T:8483882 RPD:0
[CH: 50] LEN: 12 | HEX: FA 76 FE F3 7E 79 91 EE A8 7C B7 FF | T:8483912 RPD:0
[CH: 50] LEN: 12 | HEX: FA 76 FE EA 7F 79 91 F5 74 99 BD 58 | T:8483942 RPD:0
[CH: 50] LEN: 12 | HEX: EA 76 FC F1 74 71 91 FE 81 97 3F FF | T:8483972 RPD:0
[CH: 50] LEN: 12 | HEX: FA 76 FA E8 75 71 91 D7 5D 72 B7 FF | T:8484002 RPD:1
[CH: 50] LEN: 12 | HEX: EA 76 FE EF 62 79 91 D6 F3 98 BF F5 | T:8484032 RPD:0
[CH: 50] LEN: 12 | HEX: FA 76 EA EE 63 71 91 FD 6F FD BD FF | T:8484062 RPD:0
[CH: 50] LEN: 12 | HEX: F2 76 DD ED 60 71 91 F5 56 6B BF FF | T:8484092 RPD:0
[CH: 50] LEN: 12 | HEX: FA 76 FB EC 61 79 91 FF 06 96 BF F5 | T:8484122 RPD:0
[CH: 50] LEN: 12 | HEX: FA 76 FE EB 66 71 91 FF B0 6F 3F FF | T:8484152 RPD:0
[CH: 50] LEN: 12 | HEX: F2 76 F6 EA 67 79 91 FF AC 8A AB ED | T:8484182 RPD:0
[CH: 50] LEN: 12 | HEX: F2 76 FE E9 64 71 91 FF D9 84 BF FE | T:8484212 RPD:0
[CH: 50] LEN: 12 | HEX: FA 76 EE E8 65 79 91 FF 45 61 B7 FF | T:8484242 RPD:0
[CH: 50] LEN: 12 | HEX: FA 76 F5 E7 6A 79 91 EA A4 76 B7 FF | T:8484272 RPD:1
[CH: 50] LEN: 12 | HEX: F2 66 FE E6 6B 79 91 EA A8 93 BF FC | T:8484302 RPD:1
[CH: 50] LEN: 12 | HEX: FA 76 FA E5 68 79 91 EF 5D 9D B7 FF | T:8484332 RPD:1
[CH: 50] LEN: 12 | HEX: EA 76 FE E3 6E 79 91 FE B7 01 BF FF | T:8484392 RPD:0
[CH: 50] LEN: 12 | HEX: EA 76 FE E2 6E 79 91 ED 6B 64 B7 5F | T:8484422 RPD:0
[CH: 50] LEN: 12 | HEX: F2 76 FE E1 6C 79 91 D7 1E 6A B4 FE | T:8484452 RPD:0
[CH: 50] LEN: 12 | HEX: FA 76 EA E0 6D 79 91 DD 42 8F 7D F7 | T:8484482 RPD:0
[CH: 50] LEN: 12 | HEX: F2 76 F6 DE D2 51 11 AA 52 17 3F FF | T:8484512 RPD:0
[CH: 50] LEN: 12 | HEX: FA 76 FE FD 70 79 91 D7 C5 8E BF FF | T:8484545 RPD:0
[CH: 50] LEN: 12 | HEX: FA 76 FE FC 79 79 91 FF 99 6B BF FF | T:8484549 RPD:0
[CH: 50] LEN: 12 | HEX: F2 76 FE F7 76 79 91 FD 2F 52 BB DF | T:8484553 RPD:0
[CH: 50] LEN: 12 | HEX: F6 76 F5 F8 75 79 91 FF 5A 9C BF DF | T:8484564 RPD:0
[CH: 50] LEN: 12 | HEX: FA 76 FD F7 7A 79 91 FB EB 8B BF DF | T:8484566 RPD:0
[CH: 50] LEN: 12 | HEX: FA 76 EA F6 6F 79 91 EF 37 6E BF FE | T:8484578 RPD:0
[CH: 50] LEN: 12 | HEX: EA 76 F6 F5 74 79 91 DE C2 60 BD FD | T:8484600 RPD:0
[CH: 50] LEN: 12 | HEX: F6 76 F7 F4 79 79 91 F7 5E 85 B7 FB | T:8484630 RPD:0
[CH: 50] LEN: 12 | HEX: FA 76 FE F3 7E 75 91 FD A8 7E BF 7E | T:8484660 RPD:0
[CH: 50] LEN: 12 | HEX: FA 76 EE F2 7F F9 91 FD 74 99 BF FF | T:8484690 RPD:1
[CH: 50] LEN: 12 | HEX: F6 76 F4 F1 7C 71 91 FF 01 97 BF DE | T:8484720 RPD:1
[CH: 50] LEN: 12 | HEX: FA 76 EC F0 7D 75 91 EF DD 72 BF B7 | T:8484750 RPD:1
[CH: 50] LEN: 12 | HEX: F6 66 F6 FC 61 79 91 FD 06 96 B7 FF | T:8484870 RPD:1
[CH: 50] LEN: 12 | HEX: F2 76 FE EB 66 75 91 DD 30 6F FF FD | T:8484900 RPD:1
[CH: 50] LEN: 12 | HEX: FA 76 FF FA 67 79 91 FD EC 8A BF F5 | T:8484930 RPD:1
[CH: 50] LEN: 12 | HEX: FA 76 FE E9 64 79 91 FA 99 84 BD EE | T:8484960 RPD:1
[CH: 50] LEN: 12 | HEX: F2 76 F6 D7 EA 79 91 DB E4 76 BF FF | T:8485019 RPD:0
[CH: 50] LEN: 12 | HEX: F6 76 FA E6 6B 79 91 FE A8 93 BE D7 | T:8485049 RPD:0
[CH: 50] LEN: 12 | HEX: F2 76 FA E5 68 71 91 EA 5D 99 AB 2F | T:8485079 RPD:1
[CH: 50] LEN: 12 | HEX: FA 76 F4 E4 69 71 91 F6 81 78 BF 7F | T:8485109 RPD:1
[CH: 50] LEN: 12 | HEX: EA 76 FE E3 6E 79 91 EB B7 01 BE BF | T:8485139 RPD:1
[CH: 50] LEN: 12 | HEX: FA 76 F5 E2 6F 79 91 DD 6B 64 BF FD | T:8485169 RPD:0
[CH: 50] LEN: 12 | HEX: F2 76 F5 E1 6C 79 91 FE 9C 6A AF F7 | T:8485199 RPD:0
[CH: 50] LEN: 12 | HEX: FA 76 EA E0 6D 71 91 D5 C2 8F 7F FF | T:8485229 RPD:0
[CH: 50] LEN: 12 | HEX: FA 76 FE FF 73 75 91 EA B0 80 BE FC | T:8485289 RPD:1
[CH: 50] LEN: 12 | HEX: F2 7E EE F5 70 75 91 FB C5 8E BF D7 | T:8485293 RPD:1
[CH: 50] LEN: 12 | HEX: FA 76 FE EC 71 79 91 EF 19 6B BE FF | T:8485296 RPD:1
[CH: 50] LEN: 12 | HEX: F6 76 EE FB 76 71 91 FD 2E 92 B7 F7 | T:8485307 RPD:1
[CH: 50] LEN: 12 | HEX: F2 7E EE F2 77 79 91 DB F3 77 BF DF | T:8485307 RPD:0
[CH: 50] LEN: 12 | HEX: FA 76 EA F5 74 75 91 FE 86 71 BF DF | T:8485319 RPD:1
[CH: 50] LEN: 12 | HEX: FA 76 FA F8 75 79 91 FB 5A 9C BF BD | T:8485319 RPD:0
[CH: 50] LEN: 12 | HEX: F2 76 FC F7 F2 71 91 FA EB 8B BF FD | T:8485330 RPD:0
[CH: 50] LEN: 12 | HEX: EA 76 FE E5 70 71 91 F5 42 60 BF B7 | T:8485347 RPD:1
[CH: 50] LEN: 12 | HEX: F2 76 F6 E4 79 79 91 DD 9D 85 BF FA | T:8485377 RPD:1
[CH: 50] LEN: 12 | HEX: FA 76 F6 E3 7A 75 91 FD A8 74 B5 CB | T:8485407 RPD:0
[CH: 50] LEN: 12 | HEX: FA 76 FD EA 7B 75 91 FF 74 99 BF ED | T:8485437 RPD:0
[CH: 50] LEN: 12 | HEX: F6 76 FD F1 7E 79 91 FA 01 97 7D AF | T:8485467 RPD:0
[CH: 50] LEN: 12 | HEX: FA 76 FC F0 79 79 91 DA DD 72 BF FF | T:8485497 RPD:0
[CH: 50] LEN: 12 | HEX: FA 76 EA DF E2 71 91 FD 6B 98 BF FF | T:8485527 RPD:0
[CH: 50] LEN: 12 | HEX: F2 76 EE EE 63 75 91 FE AF 7D AB 6F | T:8485557 RPD:0
[CH: 50] LEN: 12 | HEX: EA 76 FE ED 60 75 91 ED 5A 73 BF BD | T:8485587 RPD:1
[CH: 50] LEN: 12 | HEX: F6 76 EE EC 61 79 91 FD 06 96 BF 7E | T:8485617 RPD:1
[CH: 50] LEN: 12 | HEX: F6 76 F4 EB 66 79 91 DE 30 6E BF FF | T:8485647 RPD:1
[CH: 50] LEN: 12 | HEX: F6 76 F6 EA 67 75 91 FE EC 8A AE FF | T:8485677 RPD:1
[CH: 50] LEN: 12 | HEX: F6 76 FF E9 64 71 91 EF 99 84 BF F7 | T:8485707 RPD:1
[CH: 50] LEN: 12 | HEX: FA 76 F4 E8 65 79 91 DF 45 61 BB EF | T:8485737 RPD:1
[CH: 50] LEN: 12 | HEX: F6 76 FD E7 6A 79 91 FF FC 76 BD FF | T:8485767 RPD:1
[CH: 50] LEN: 12 | HEX: FA 76 FE E6 6B 75 91 FD 28 93 BF BF | T:8485797 RPD:1
[CH: 50] LEN: 12 | HEX: FA 76 FE E5 68 79 91 FE DD 9D BE FE | T:8485827 RPD:0
[CH: 50] LEN: 12 | HEX: FA 76 FE E4 69 75 91 FF 81 74 BD FD | T:8485857 RPD:0
[CH: 50] LEN: 12 | HEX: F6 76 FE E3 6E 71 91 DD B7 81 BF FD | T:8485887 RPD:1
[CH: 50] LEN: 12 | HEX: FA 76 FE E2 6E 79 91 DB 6B 64 AD FB | T:8485917 RPD:1
[CH: 50] LEN: 12 | HEX: FA 6E FE C1 6C 75 91 AF 1E 6A BF EF | T:8485947 RPD:1
[CH: 50] LEN: 12 | HEX: FA 76 F6 E0 6D 71 91 DF C2 8F 3D DF | T:8485977 RPD:1
[CH: 50] LEN: 12 | HEX: F6 76 F4 DE 52 75 91 FD 53 9D BB FF | T:8486007 RPD:1
[CH: 50] LEN: 12 | HEX: F2 76 FD FF 73 7D 91 FD B0 80 BF FD | T:8486037 RPD:1
[CH: 50] LEN: 12 | HEX: EA 76 EF ED 70 75 91 DE C5 8E AF DE | T:8486040 RPD:1
[CH: 50] LEN: 12 | HEX: FA 76 EE FC 71 7D 91 ED 19 6B BF FF | T:8486044 RPD:1
[CH: 50] LEN: 12 | HEX: EA 76 F6 FB 76 79 91 D5 2F 92 AF E5 | T:8486056 RPD:1
[CH: 50] LEN: 12 | HEX: F2 76 F6 EA 6F 79 91 DF EB 77 7F 7F | T:8486056 RPD:1
[CH: 50] LEN: 12 | HEX: FA 76 FF E9 74 75 91 FF 86 79 BD DE | T:8486067 RPD:1
[CH: 50] LEN: 12 | HEX: DA 76 FF E8 75 7D 91 FD 5A 9C BD DF | T:8486067 RPD:0
[CH: 50] LEN: 12 | HEX: FA 76 ED EF 76 75 91 FD EB 4B AF D6 | T:8486079 RPD:0
[CH: 50] LEN: 12 | HEX: EA 76 FD FD 74 79 91 FD 42 60 BF B7 | T:8486097 RPD:1
[CH: 50] LEN: 12 | HEX: FA 76 EF FC 75 79 91 ED 9F 85 AF FA | T:8486127 RPD:1
[CH: 50] LEN: 12 | HEX: F6 76 F6 F3 7E 79 91 FE A8 7C BD EF | T:8486157 RPD:1
[CH: 50] LEN: 12 | HEX: FA 76 F4 F2 77 75 91 FE 74 99 BF FE | T:8486187 RPD:1
[CH: 50] LEN: 12 | HEX: F6 76 FC E8 79 79 91 ED DD 72 BF FF | T:8486246 RPD:1
[CH: 50] LEN: 12 | HEX: FA 76 FE EF 62 71 91 ED 73 98 BD ED | T:8486276 RPD:1
[CH: 50] LEN: 12 | HEX: FE 76 FA EE 63 79 91 FF 2F 7D BF FB | T:8486306 RPD:1
[CH: 50] LEN: 12 | HEX: FA 76 F6 ED 60 79 91 FD 5A 73 BF FB | T:8486336 RPD:1
[CH: 50] LEN: 12 | HEX: FA 76 F6 EC 61 79 91 FE 86 96 AF BE | T:8486366 RPD:1
[CH: 50] LEN: 12 | HEX: FA 76 FE EA 67 79 91 DF EC 8A AF FD | T:8486426 RPD:1
[CH: 50] LEN: 12 | HEX: FA 76 FE E9 64 79 91 FF 99 84 AE FE | T:8486456 RPD:1
[CH: 50] LEN: 12 | HEX: FA 76 FE E8 65 79 91 FF 45 61 BD 7F | T:8486486 RPD:1
[CH: 50] LEN: 12 | HEX: FA 76 FA E7 6A 79 91 F5 AC 76 BD FE | T:8486516 RPD:1
[CH: 50] LEN: 12 | HEX: FA 76 FC E6 6B 79 91 FF 28 93 BE FD | T:8486546 RPD:1
[CH: 50] LEN: 12 | HEX: FA 76 FE E5 68 79 91 D7 5D 9D BD FB | T:8486576 RPD:1
[CH: 50] LEN: 12 | HEX: FA 76 FE E4 69 79 91 FF 81 78 AF DB | T:8486606 RPD:1
[CH: 50] LEN: 12 | HEX: F6 76 FC E3 6E 79 91 FF B7 81 BE FF | T:8486636 RPD:1
[CH: 50] LEN: 12 | HEX: F6 76 FC E2 6F 79 91 EB 6B 64 BA BB | T:8486666 RPD:1
[CH: 50] LEN: 12 | HEX: FE 76 FE E1 6C 79 91 FF 1E 6A BA B7 | T:8486696 RPD:1
[CH: 50] LEN: 12 | HEX: FA 76 FE E0 6D 71 91 FF C2 8F BD F7 | T:8486726 RPD:1
[CH: 50] LEN: 12 | HEX: FA 76 FE DF 52 79 91 FF 53 9F 3F FF | T:8486756 RPD:1
[CH: 50] LEN: 12 | HEX: FA 76 FE F4 73 79 91 FF B0 80 BF 7F | T:8486786 RPD:1
[CH: 50] LEN: 12 | HEX: FA 76 FE F5 70 79 91 FF C5 8E AD F5 | T:8486790 RPD:1
[CH: 50] LEN: 12 | HEX: FA 76 FE FC 71 79 91 FF 19 6B BF FE | T:8486794 RPD:1
[CH: 50] LEN: 12 | HEX: FA 76 FE FA 76 79 91 F7 2F 92 AD FD | T:8486805 RPD:1
[CH: 50] LEN: 12 | HEX: FA 76 FE FA 77 79 91 FA F3 77 BF FF | T:8486805 RPD:1
[CH: 50] LEN: 12 | HEX: FA 76 FE F9 74 79 91 FF 86 7D BF FF | T:8486816 RPD:1
[CH: 50] LEN: 12 | HEX: F2 76 FE F8 75 79 91 FF 5A 9C BD FF | T:8486817 RPD:0
[CH: 50] LEN: 12 | HEX: FA 76 FE F7 7A 79 91 FF CB 8B BF AF | T:8486828 RPD:0
[CH: 50] LEN: 12 | HEX: FA 76 FC F5 78 79 91 F5 42 60 BD EF | T:8486846 RPD:1
[CH: 50] LEN: 12 | HEX: FA 76 FE F4 79 79 91 FF 9E 85 BA FF | T:8486876 RPD:1
[CH: 50] LEN: 12 | HEX: F2 76 FC F3 7E 79 91 FF A8 7C BD FD | T:8486906 RPD:1
[CH: 50] LEN: 12 | HEX: F2 76 FE F2 7F 79 91 FF 74 99 BF 7F | T:8486936 RPD:1
[CH: 50] LEN: 12 | HEX: F2 76 FC F1 7C 79 91 EA 01 97 BE FF | T:8486966 RPD:1
[CH: 50] LEN: 12 | HEX: FA 76 FE F0 79 79 91 FF 9D 72 BD AE | T:8486996 RPD:1
[CH: 50] LEN: 12 | HEX: FA 76 FA EF 62 75 91 FE F3 98 BF EA | T:8487026 RPD:1
[CH: 50] LEN: 12 | HEX: F2 76 F6 EE 63 79 91 FF 6F 7D B7 FF | T:8487056 RPD:1
[CH: 50] LEN: 12 | HEX: F2 76 EE ED 60 79 91 FF 5A 73 BF DF | T:8487086 RPD:1
[CH: 50] LEN: 12 | HEX: F2 76 FE EC 61 71 91 F5 86 96 BF FF | T:8487116 RPD:1
[CH: 50] LEN: 12 | HEX: FA 76 EE EB 66 79 91 EF 30 6F 3E EC | T:8487146 RPD:1
[CH: 50] LEN: 12 | HEX: FA 76 FE EA 67 79 91 FF 5C 8A AF 76 | T:8487176 RPD:1
[CH: 50] LEN: 12 | HEX: FA 76 FA E9 64 79 91 FF D9 84 BB FE | T:8487206 RPD:1
[CH: 50] LEN: 12 | HEX: F2 76 FD E8 65 79 91 FE C5 61 BB FF | T:8487236 RPD:1
[CH: 50] LEN: 12 | HEX: FA 76 FE E7 6A 79 91 FE B4 76 AF F5 | T:8487266 RPD:1
[CH: 50] LEN: 12 | HEX: FA 76 FF E6 6B 79 91 EE A8 93 BF FF | T:8487296 RPD:1
[CH: 50] LEN: 12 | HEX: FA 76 FE E5 68 79 91 FE DD 9D AF FF | T:8487326 RPD:1
[CH: 50] LEN: 12 | HEX: F6 76 FE E4 69 79 91 FD 41 78 BF F7 | T:8487356 RPD:1
[CH: 50] LEN: 12 | HEX: F2 76 FE E3 6E 79 91 EB B7 81 AF 7F | T:8487385 RPD:1
[CH: 50] LEN: 12 | HEX: F2 76 FA E2 6F 79 91 EE EB 64 BE FB | T:8487415 RPD:1
[CH: 50] LEN: 12 | HEX: F2 76 FE E1 6C 79 91 FE 1E 6A AD FD | T:8487445 RPD:1
[CH: 50] LEN: 12 | HEX: FA 76 FE E0 6D 71 91 DF C2 8F BF DF | T:8487475 RPD:1
[CH: 50] LEN: 12 | HEX: FA 76 FE DE 52 71 91 FE D3 9D BF FF | T:8487505 RPD:1
[CH: 50] LEN: 12 | HEX: FA 76 FA FE 73 79 91 F5 B0 80 BB BF | T:8487535 RPD:1
[CH: 50] LEN: 12 | HEX: FA 76 F6 FD 70 79 91 FE 85 8E BF 6F | T:8487539 RPD:1
[CH: 50] LEN: 12 | HEX: FA 76 FE F4 71 79 91 FE 99 6B AF FF | T:8487542 RPD:1
[CH: 50] LEN: 12 | HEX: F2 76 FB EF 76 71 91 FE AF 12 BF 57 | T:8487553 RPD:1
[CH: 50] LEN: 12 | HEX: FA 76 FE FA 77 79 91 FE F3 77 BF 7D | T:8487554 RPD:1
[CH: 50] LEN: 12 | HEX: FA 76 FE E9 74 71 91 FE 86 79 BF EB | T:8487565 RPD:1
[CH: 50] LEN: 12 | HEX: FA 76 FE F0 75 79 91 FF 5A 9C BF F7 | T:8487565 RPD:0
[CH: 50] LEN: 12 | HEX: F2 76 F6 E7 7A 71 91 EE AB 8B FF FE | T:8487576 RPD:0
[CH: 50] LEN: 12 | HEX: F2 76 FE F5 70 79 91 F7 42 60 BF F6 | T:8487595 RPD:1
[CH: 50] LEN: 12 | HEX: FA 76 F6 F4 79 79 91 FF 5E 85 BF BF | T:8487625 RPD:1
[CH: 50] LEN: 12 | HEX: F2 76 FE F3 7E 79 91 FF A8 7C BD 7E | T:8487655 RPD:1
[CH: 50] LEN: 12 | HEX: FA 76 FE F2 7B 79 91 F6 F4 99 B6 BF | T:8487685 RPD:1
[CH: 50] LEN: 12 | HEX: F2 76 FC F1 78 79 91 FE 81 97 AF EE | T:8487715 RPD:1
[CH: 50] LEN: 12 | HEX: EA 76 FC E0 75 79 91 EF DD 72 AB FA | T:8487745 RPD:1
[CH: 50] LEN: 12 | HEX: F2 76 F4 EF 62 79 91 FE F3 98 AF EF | T:8487775 RPD:1
[CH: 50] LEN: 12 | HEX: F2 76 F6 EE 63 79 91 FF 6F 7D BF 6B | T:8487805 RPD:1
[CH: 50] LEN: 12 | HEX: F2 76 FA ED 60 79 91 EB BA 73 AF 5D | T:8487835 RPD:1
[CH: 50] LEN: 12 | HEX: F2 76 FE EC 61 79 91 D7 06 96 AF FD | T:8487865 RPD:1
[CH: 50] LEN: 12 | HEX: FA 76 FE EB 66 79 91 FF 30 6F 3F FF | T:8487895 RPD:1
[CH: 50] LEN: 12 | HEX: FA 76 FE EA 67 71 91 FE EC 8A B5 7F | T:8487925 RPD:1
[CH: 50] LEN: 12 | HEX: FA 76 FE E9 64 79 91 FE 99 84 AF B7 | T:8487955 RPD:1
[CH: 50] LEN: 12 | HEX: FA 76 FE E8 65 79 91 FE C5 61 BF FF | T:8487985 RPD:1
[CH: 50] LEN: 12 | HEX: FA 76 F6 E7 6A 79 91 EF F4 76 BF FF | T:8488015 RPD:1
[CH: 50] LEN: 12 | HEX: FA 76 F6 E6 6B 71 91 EF 28 93 AF DF | T:8488045 RPD:1
[CH: 50] LEN: 12 | HEX: FA 76 FE E5 68 79 91 FF 5D 9D BF F7 | T:8488075 RPD:1
[CH: 50] LEN: 12 | HEX: F6 76 FE E4 69 71 91 EF 01 70 AE FD | T:8488105 RPD:1
[CH: 50] LEN: 12 | HEX: FA 76 FC E3 6E 79 91 EB 77 81 AF FF | T:8488135 RPD:1
[CH: 50] LEN: 12 | HEX: FA 76 FE E2 6F 79 91 FF 6B 64 AF 7F | T:8488165 RPD:1
[CH: 50] LEN: 12 | HEX: F2 76 F6 E1 6C 79 91 EE 9E 6A AB B7 | T:8488195 RPD:1
[CH: 50] LEN: 12 | HEX: FA 76 FE E0 6D 79 91 FF 42 8F AF FF | T:8488225 RPD:1
[CH: 50] LEN: 12 | HEX: FA 76 FE DE 52 79 91 FE D3 9E AB FF | T:8488255 RPD:1
[CH: 50] LEN: 12 | HEX: F2 76 FE FE 73 71 91 FE B0 80 AF DE | T:8488285 RPD:1
[CH: 50] LEN: 12 | HEX: FA 76 FC F9 70 79 91 EF 85 8E BF F7 | T:8488288 RPD:1
[CH: 50] LEN: 12 | HEX: FA 76 FE F4 71 79 91 F6 99 6B BE D9 | T:8488291 RPD:1
[CH: 50] LEN: 12 | HEX: F2 76 FE F3 76 79 91 FF 2F 12 B5 FF | T:8488303 RPD:1
[CH: 50] LEN: 12 | HEX: FA 76 EB F2 77 71 91 ED 73 77 AF FF | T:8488303 RPD:0
[CH: 50] LEN: 12 | HEX: F2 76 FE F9 74 79 91 EF 06 79 BF FF | T:8488314 RPD:1
[CH: 50] LEN: 12 | HEX: FA 76 FE F8 75 79 91 EB 5A 9C BF 7F | T:8488315 RPD:0
[CH: 50] LEN: 12 | HEX: F2 76 F6 F7 7A 79 91 FE AB 8B B7 EB | T:8488326 RPD:0
[CH: 50] LEN: 12 | HEX: FA 76 F6 F5 78 71 91 AA C2 60 BB DF | T:8488343 RPD:1
[CH: 50] LEN: 12 | HEX: FA 76 FE E4 79 79 91 DE 9E 85 BA F7 | T:8488373 RPD:1
