# TM102 live session port=/dev/cu.usbserial-0001 started=20260826-142007
1
3174112 RPD:1
3174112 RPD:1
3174112 RPD:1
3174112 RPD:1
3174112 RPD:1
3174112 RPD:1
3174112 RPD:1
3174112 RPD:1
3174112 RPD:1
3174112 RPD:1
3174112 RPD:1
3174112 RPD:1
3174112 RPD:1
3174112 RPD:1
3174112 RPD:1
3174112 RPD:1
3174112 RPD:1
3174112 RPD:1
3174112 RPD:1
3174112 RPD:1
3174112 RPD:1
3174112 RPD:1
3174112 RPD:1
3174112 RPD:1
3174112 RPD:1
3174112 RPD:1
3174112 RPD:1
3174112 RPD:1
3174112 RPD:1
3174112 RPD:1
3174112 RPD:1
3174112 RPD:1
3174112 RPD:1
3174112 RPD:1
3174112 RPD:1
3174112 RPD:1
3174112 RPD:1
3174112 RPD:1
3174112 RPD:1
3174112 RPD:1
3174112 RPD:1
3174112 RPD:1
3174112 RPD:1
3174112 RPD:1
3174112 RPD:1
3174112 RPD:1
3174112 RPD:1
3174112 RPD:1
3174112 RPD:1
3174112 RPD:1
3174112 RPD:1
3174112 RPD:1
3174112 RPD:1
3174112 RPD:1
3174112 RPD:1
3174112 RPD:1
3174112 RPD:1
3174112 RPD:1
3174112 RPD:1
3174112 RPD:1
3174112 RPD:1
3174112 RPD:1
3174112 RPD:1
3174112 RPD:1
3174112 RPD:1
3174112 RPD:1
3174112 RPD:1
3174112 RPD:1
3174112 RPD:1
3174112 RPD:1
3174112 RPD:1
3174112 RPD:1
3174112 RPD:1
3174112 RPD:1
3174112 RPD:1
3174112 RPD:1
3174112 RPD:1
3174112 RPD:1
3174112 RPD:1
3174112 RPD:1
3174112 RPD:1
3174112 RPD:1
3174112 RPD:1
3174112 RPD:1
3174112 RPD:1
3174112 RPD:1
3174112 RPD:1
3174112 RPD:1
3174112 RPD:1
3174112 RPD:1
3174112 RPD:1
3174112 RPD:1
3174112 RPD:1
3174112 RPD:1
3174112 RPD:1
3174112 RPD:1
3174112 RPD:1
3174112 RPD:1
3174112 RPD:1
3174112 RPD:1
3174112 RPD:1
3174112 RPD:1
3174112 RPD:1
3174112 RPD:1
3174112 RPD:1
3174112 RPD:1
3174112 RPD:1
3174112 RPD:1
3174112 RPD:1
3174112 RPD:1
3174112 RPD:1
3174112 RPD:1
3174112 RPD:1
3174112 RPD:1
3174112 RPD:1
3174112 RPD:1
3174112 RPD:1
3174112 RPD:1
3174112 RPD:1
3174112 RPD:1
3174112 RPD:1
3174112 RPD:1
3174112 RPD:1
3174112 RPD:1
3174112 RPD:1
3174112 RPD:1
3174112 RPD:1
3174112 RPD:1
3174112 RPD:1
3174112 RPD:1
3174112 RPD:1
3174112 RPD:1
3174112 RPD:1
3174112 RPD:1
3174112 RPD:1
3174112 RPD:1
3174112 RPD:1
3174112 RPD:1
3174112 RPD:1
3174112 RPD:1
3174112 RPD:1
3174112 RPD:1
3174112 RPD:1
3174112 RPD:1
3174112 RPD:1
3174112 RPD:1
3174112 RPD:1
3174112 RPD:1
3174112 RPD:1
3174112 RPD:1
3174112 RPD:1
3174112 RPD:1
3174112 RPD:1
3174112 RPD:1
3174112 RPD:1
3174112 RPD:1
3174112 RPD:1
3174112 RPD:1
3174112 RPD:1
3174112 RPD:1
3174112 RPD:1
3174112 RPD:1
3174112 RPD:1
3174112 RPD:1
3174112 RPD:1
3174112 RPD:1
3174112 RPD:1
3174112 RPD:1
3174112 RPD:1
3174112 RPD:1
3174112 RPD:1
3174112 RPD:1
3174112 RPD:1
3174112 RPD:1
3174112 RPD:1
3174112 RPD:1
3174112 RPD:1
3174112 RPD:1
3174112 RPD:1
3174112 RPD:1
3174112 RPD:1
3174112 RPD:1
3174112 RPD:1
3174112 RPD:1
3174112 RPD:1
3174112 RPD:1
3174112 RPD:1
3174112 RPD:1
3174112 RPD:1
3174112 RPD:1
3174112 RPD:1
3174112 RPD:1
3174112 RPD:1
3174112 RPD:1
3174112 RPD:1
3174112 RPD:1
3174112 RPD:1
3174112 RPD:1
3174112 RPD:1
3174112 RPD:1
3174112 RPD:1
3174112 RPD:1
3174112 RPD:1
3174112 RPD:1
3174112 RPD:1
3174112 RPD:1
3174112 RPD:1
3174112 RPD:1
3174112 RPD:1
3174112 RPD:1
3174112 RPD:1
3174112 RPD:1
3174112 RPD:1
3174112 RPD:1
3174112 RPD:1
3174112 RPD:1
3174112 RPD:1
3174112 RPD:1
3174112 RPD:1
3174112 RPD:1
3174112 RPD:1
3174112 RPD:1
3174112 RPD:1
3174112 RPD:1
3174112 RPD:1
3174112 RPD:1
3174112 RPD:1
3174112 RPD:1
3174112 RPD:1
3174112 RPD:1
3174112 RPD:1
3174112 RPD:1
3174112 RPD:1
3174112 RPD:1
3174112 RPD:1
3174112 RPD:1
3174112 RPD:1
3174112 RPD:1
3174112 RPD:1
3174112 RPD:1
3174112 RPD:1
3174112 RPD:1
3174112 RPD:1
3174112 RPD:1
3174112 RPD:1
3174112 RPD:1
3174112 RPD:1
3174112 RPD:1
3174112 RPD:1
3174112 RPD:1
3174112 RPD:1
3174112 RPD:1
3174112 RPD:1
3174112 RPD:1
3174112 RPD:1
3174112 RPD:1
3174112 RPD:1
3174112 RPD:1
3174112 RPD:1
3174112 RPD:1
3174112 RPD:1
3174112 RPD:1
3174112 RPD:1
3174112 RPD:1
3174112 RPD:1
3174112 RPD:1
3174112 RPD:1
3174112 RPD:1
3174112 RPD:1
3174112 RPD:1
3174112 RPD:1
3174112 RPD:1
3174112 RPD:1
3174112 RPD:1
3174112 RPD:1
3174112 RPD:1
3174112 RPD:1
3174112 RPD:1
3174112 RPD:1
3174112 RPD:1
3174112 RPD:1
3174112 RPD:1
3174112 RPD:1
3174112 RPD:1
3174112 RPD:1
3174112 RPD:1
3174112 RPD:1
3174112 RPD:1
3174112 RPD:1
3174112 RPD:1
3174112 RPD:1
3174112 RPD:1
3174112 RPD:1
3174112 RPD:1
3174112 RPD:1
3174112 RPD:1
3174112 RPD:1
3174112 RPD:1
3174112 RPD:1
3174112 RPD:1
3174112 RPD:1
3174112 RPD:1
3174112 RPD:1
3174112 RPD:1
3174112 RPD:1
3174112 RPD:1
3174112 RPD:1
3174112 RPD:1
3174112 RPD:1
3174112 RPD:1
3174112 RPD:1
3174112 RPD:1
3174112 RPD:1
3174112 RPD:1
3174112 RPD:1
3174112 RPD:1
3174112 RPD:1
3174112 RPD:1
3174112 RPD:1
3174112 RPD:1
3174112 RPD:1
3174112 RPD:1
3174112 RPD:1
3174112 RPD:1
3174112 RPD:1
3174112 RPD:1
3174112 RPD:1
3174112 RPD:1
3174112 RPD:1
3174112 RPD:1
3174112 RPD:1
3174112 RPD:1
3174112 RPD:1
3174112 RPD:1
3174112 RPD:1
3174112 RPD:1
3174112 RPD:1
3174112 RPD:1
3174112 RPD:1
3174112 RPD:1
3174112 RPD:1
3174112 RPD:1
3174112 RPD:1
3174112 RPD:1
3174112 RPD:1
3174112 RPD:1
3174112 RPD:1
3174112 RPD:1
3174112 RPD:1
3174112 RPD:1
3174112 RPD:1
3174112 RPD:1
3174112 RPD:1
3174112 RPD:1
3174112 RPD:1
3174112 RPD:1
3174112 RPD:1
3174112 RPD:1
3174112 RPD:1
3174112 RPD:1
3174112 RPD:1
3174112 RPD:1
3174112 RPD:1
3174112 RPD:1
3174112 RPD:1
3174112 RPD:1
3174112 RPD:1
3174112 RPD:1
3174112 RPD:1
3174112 RPD:1
3174112 RPD:1
3174112 RPD:1
3174112 RPD:1
3174112 RPD:1
3174112 RPD:1
3174112 RPD:1
3174112 RPD:1
3174112 RPD:1
3174112 RPD:1
3174112 RPD:1
3174112 RPD:1
3174112 RPD:1
3174112 RPD:1
3174112 RPD:1
3174112 RPD:1
3174112 RPD:1
3174112 RPD:1
3174112 RPD:1
3174112 RPD:1
3174112 RPD:1
3174112 RPD:1
3174112 RPD:1
3174112 RPD:1
3174112 RPD:1
3174112 RPD:1
3174112 RPD:1
3174112 RPD:1
3174112 RPD:1
3174112 RPD:1
3174112 RPD:1
3174112 RPD:1
3174112 RPD:1
3174112 RPD:1
3174112 RPD:1
3174112 RPD:1
3174112 RPD:1
3174112 RPD:1
3174112 RPD:1
3174112 RPD:1
3174112 RPD:1
3174112 RPD:1
3174112 RPD:1
3174112 RPD:1
3174112 RPD:1
3174112 RPD:1
3174112 RPD:1
3174112 RPD:1
3174112 RPD:1
3174112 RPD:1
3174112 RPD:1
3174112 RPD:1
3174112 RPD:1
3174112 RPD:1
3174112 RPD:1
3174112 RPD:1
3174112 RPD:1
3174112 RPD:1
3174112 RPD:1
3174112 RPD:1
3174112 RPD:1
3174112 RPD:1
3174112 RPD:1
3174112 RPD:1
3174112 RPD:1
3174112 RPD:1
3174112 RPD:1
3174112 RPD:1
3174112 RPD:1
3174112 RPD:1
3174112 RPD:1
3174112 RPD:1
3174112 RPD:1
3174112 RPD:1
3174112 RPD:1
3174112 RPD:1
3174112 RPD:1
3174112 RPD:1
3174112 RPD:1
3174112 RPD:1
3174112 RPD:1
3174112 RPD:1
3174112 RPD:1
3174112 RPD:1
3174112 RPD:1
3174112 RPD:1
3174112 RPD:1
3174112 RPD:1
3174112 RPD:1
3174112 RPD:1
3174112 RPD:1
3174112 RPD:1
3174112 RPD:1
3174112 RPD:1
3174112 RPD:1
3174112 RPD:1
3174112 RPD:1
3174112 RPD:1
3174112 RPD:1
3174112 RPD:1
3174112 RPD:1
3174112 RPD:1
3174112 RPD:1
3174112 RPD:1
3174112 RPD:1
3174112 RPD:1
3174112 RPD:1
3174112 RPD:1
3174112 RPD:1
3174112 RPD:1
3174112 RPD:1
3174112 RPD:1
3174112 RPD:1
3174112 RPD:1
3174112 RPD:1
3174112 RPD:1
3174112 RPD:1
3174112 RPD:1
3174112 RPD:1
3174112 RPD:1
3174112 RPD:1
3174112 RPD:1
3174112 RPD:1
3174112 RPD:1
3174112 RPD:1
3174112 RPD:1
3174112 RPD:1
3174112 RPD:1
3174112 RPD:1
3174112 RPD:1
3174112 RPD:1
3174112 RPD:1
3174112 RPD:1
3174112 RPD:1
3174112 RPD:1
3174112 RPD:1
3174112 RPD:1
3174112 RPD:1
3174112 RPD:1
3174112 RPD:1
3174112 RPD:1
3174112 RPD:1
3174112 RPD:1
3174112 RPD:1
3174112 RPD:1
3174112 RPD:1
3174112 RPD:1
3174112 RPD:1
3174112 RPD:1
3174112 RPD:1
3174112 RPD:1
3174112 RPD:1
3174112 RPD:1
3174112 RPD:1
3174112 RPD:1
3174112 RPD:1
3174112 RPD:1
3174112 RPD:1
3174112 RPD:1
3174112 RPD:1
3174112 RPD:1
3174112 RPD:1
3174112 RPD:1
3174112 RPD:1
3174112 RPD:1
3174112 RPD:1
3174112 RPD:1
3174112 RPD:1
3174112 RPD:1
3174112 RPD:1
3174112 RPD:1
3174112 RPD:1
3174112 RPD:1
3174112 RPD:1
3174112 RPD:1
3174112 RPD:1
3174112 RPD:1
3174112 RPD:1
3174112 RPD:1
3174112 RPD:1
3174112 RPD:1
3174112 RPD:1
3174112 RPD:1
3174112 RPD:1
3174112 RPD:1
3174112 RPD:1
3174112 RPD:1
3174112 RPD:1
3174112 RPD:1
3174112 RPD:1
3174112 RPD:1
3174112 RPD:1
3174112 RPD:1
3174112 RPD:1
3174112 RPD:1
3174112 RPD:1
3174112 RPD:1
3174112 RPD:1
3174112 RPD:1
3174112 RPD:1
3174112 RPD:1
3174112 RPD:1
3174112 RPD:1
3174112 RPD:1
3174112 RPD:1
3174112 RPD:1
3174112 RPD:1
3174112 RPD:1
3174112 RPD:1
3174112 RPD:1
3174112 RPD:1
3174112 RPD:1
3174112 RPD:1
3174112 RPD:1
3174112 RPD:1
3174112 RPD:1
3174112 RPD:1
3174112 RPD:1
3174112 RPD:1
3174112 RPD:1
3174112 RPD:1
3174112 RPD:1
3174112 RPD:1
3174112 RPD:1
3174112 RPD:1
3174112 RPD:1
3174112 RPD:1
3174112 RPD:1
3174112 RPD:1
3174112 RPD:1
3174112 RPD:1
3174112 RPD:1
3174112 RPD:1
3174112 RPD:1
3174112 RPD:1
3174112 RPD:1
3174112 RPD:1
3174112 RPD:1
3174112 RPD:1
3174112 RPD:1
3174112 RPD:1
3174112 RPD:1
3174112 RPD:1
3174112 RPD:1
3174112 RPD:1
3174112 RPD:1
3174112 RPD:1
3174112 RPD:1
3174112 RPD:1
3174112 RPD:1
3174112 RPD:1
3174112 RPD:1
3174112 RPD:1
3174112 RPD:1
3174112 RPD:1
3174112 RPD:1
3174112 RPD:1
3174112 RPD:1
3174112 RPD:1
3174112 RPD:1
3174112 RPD:1
3174112 RPD:1
3174112 RPD:1
3174112 RPD:1
3174112 RPD:1
3174112 RPD:1
3174112 RPD:1
3174112 RPD:1
3174112 RPD:1
3174112 RPD:1
3174112 RPD:1
3174112 RPD:1
3174112 RPD:1
3174112 RPD:1
3174112 RPD:1
3174112 RPD:1
3174112 RPD:1
3174112 RPD:1
3174112 RPD:1
3174112 RPD:1
3174112 RPD:1
3174112 RPD:1
3174112 RPD:1
3174112 RPD:1
3174112 RPD:1
3174112 RPD:1
3174112 RPD:1
3174112 RPD:1
3174112 RPD:1
3174112 RPD:1
3174112 RPD:1
3174112 RPD:1
3174112 RPD:1
3174112 RPD:1
3174112 RPD:1
3174112 RPD:1
3174112 RPD:1
3174112 RPD:1
3174112 RPD:1
3174112 RPD:1
3174112 RPD:1
3174112 RPD:1
3174112 RPD:1
3174112 RPD:1
3174112 RPD:1
3174112 RPD:1
3174112 RPD:1
3174112 RPD:1
3174112 RPD:1
3174112 RPD:1
3174112 RPD:1
3174112 RPD:1
3174112 RPD:1
3174112 RPD:1
3174112 RPD:1
3174112 RPD:1
3174112 RPD:1
3174112 RPD:1
3174112 RPD:1
3174112 RPD:1
3174112 RPD:1
3174112 RPD:1
3174112 RPD:1
3174112 RPD:1
3174112 RPD:1
3174112 RPD:1
3174112 RPD:1
3174112 RPD:1
3174112 RPD:1
3174112 RPD:1
3174112 RPD:1
3174112 RPD:1
3174112 RPD:1
3174112 RPD:1
3174112 RPD:1
3174112 RPD:1
3174112 RPD:1
3174112 RPD:1
3174112 RPD:1
3174112 RPD:1
3174112 RPD:1
3174112 RPD:1
3174112 RPD:1
3174112 RPD:1
3174112 RPD:1
3174112 RPD:1
3174112 RPD:1
3174112 RPD:1
3174112 RPD:1
3174112 RPD:1
3174112 RPD:1
3174112 RPD:1
3174112 RPD:1
3174112 RPD:1
3174112 RPD:1
3174112 RPD:1
3174112 RPD:1
3174112 RPD:1
3174112 RPD:1
3174112 RPD:1
3174112 RPD:1
3174112 RPD:1
3174112 RPD:1
3174112 RPD:1
3174112 RPD:1
3174112 RPD:1
3174112 RPD:1
3174112 RPD:1
3174112 RPD:1
3174112 RPD:1
3174112 RPD:1
3174112 RPD:1
3174112 RPD:1
3174112 RPD:1
3174112 RPD:1
3174112 RPD:1
3174112 RPD:1
3174112 RPD:1
3174112 RPD:1
3174112 RPD:1
3174112 RPD:1
3174112 RPD:1
3174112 RPD:1
3174112 RPD:1
3174112 RPD:1
3174112 RPD:1
3174112 RPD:1
3174112 RPD:1
3174112 RPD:1
3174112 RPD:1
3174112 RPD:1
3174112 RPD:1
3174112 RPD:1
3174112 RPD:1
3174112 RPD:1
3174112 RPD:1
3174112 RPD:1
3174112 RPD:1
3174112 RPD:1
3174112 RPD:1
3174112 RPD:1
3174112 RPD:1
3174112 RPD:1
3174112 RPD:1
3174112 RPD:1
3174112 RPD:1
3174112 RPD:1
3174112 RPD:1
3174112 RPD:1
3174112 RPD:1
3174112 RPD:1
3174112 RPD:1
3174112 RPD:1
3174112 RPD:1
3174112 RPD:1
3174112 RPD:1
3174112 RPD:1
3174112 RPD:1
3174112 RPD:1
3174112 RPD:1
3174112 RPD:1
3174112 RPD:1
3174112 RPD:1
3174112 RPD:1
3174112 RPD:1
3174112 RPD:1
3174112 RPD:1
3174112 RPD:1
3174112 RPD:1
3174112 RPD:1
3174112 RPD:1
3174112 RPD:1
3174112 RPD:1
3174112 RPD:1
3174112 RPD:1
3174112 RPD:1
3174112 RPD:1
3174112 RPD:1
3174112 RPD:1
3174112 RPD:1
3174112 RPD:1
3174112 RPD:1
3174112 RPD:1
3174112 RPD:1
3174112 RPD:1
3174112 RPD:1
3174112 RPD:1
3174112 RPD:1
3174112 RPD:1
3174112 RPD:1
3174112 RPD:1
3174112 RPD:1
3174112 RPD:1
3174112 RPD:1
3174112 RPD:1
3174112 RPD:1
3174112 RPD:1
3174112 RPD:1
3174112 RPD:1
3174112 RPD:1
3174112 RPD:1
3174112 RPD:1
3174112 RPD:1
3174112 RPD:1
3174112 RPD:1
3174112 RPD:1
3174112 RPD:1
3174112 RPD:1
3174112 RPD:1
3174112 RPD:1
3174112 RPD:1
3174112 RPD:1
3174112 RPD:1
3174112 RPD:1
3174112 RPD:1
3174112 RPD:1
3174112 RPD:1
3174112 RPD:1
3174112 RPD:1
3174112 RPD:1
3174112 RPD:1
3174112 RPD:1
3174112 RPD:1
3174112 RPD:1
3174112 RPD:1
3174112 RPD:1
3174112 RPD:1
3174112 RPD:1
3174112 RPD:1
3174112 RPD:1
3174112 RPD:1
3174112 RPD:1
3174112 RPD:1
3174112 RPD:1
3174112 RPD:1
3174112 RPD:1
3174112 RPD:1
3174112 RPD:1
3174112 RPD:1
3174112 RPD:1
3174112 RPD:1
3174112 RPD:1
3174112 RPD:1
3174112 RPD:1
3174112 RPD:1
3174112 RPD:1
3174112 RPD:1
3174112 RPD:1
3174112 RPD:1
3174112 RPD:1
3174112 RPD:1
3174112 RPD:1
3174112 RPD:1
3174112 RPD:1
3174112 RPD:1
3174112 RPD:1
3174112 RPD:1
3174112 RPD:1
3174112 RPD:1
3174112 RPD:1
3174112 RPD:1
3174112 RPD:1
3174112 RPD:1
3174112 RPD:1
3174112 RPD:1
3174112 RPD:1
3174112 RPD:1
3174112 RPD:1
3174112 RPD:1
3174112 RPD:1
3174112 RPD:1
3174112 RPD:1
3174112 RPD:1
3174112 RPD:1
3174112 RPD:1
3174112 RPD:1
3174112 RPD:1
3174112 RPD:1
3174112 RPD:1
3174112 RPD:1
3174112 RPD:1
3174112 RPD:1
3174112 RPD:1
3174112 RPD:1
3174112 RPD:1
3174112 RPD:1
3174112 RPD:1
3174112 RPD:1
3174112 RPD:1
3174112 RPD:1
3174112 RPD:1
3174112 RPD:1
3174112 RPD:1
3174112 RPD:1
3174112 RPD:1
3174112 RPD:1
3174112 RPD:1
3174112 RPD:1
3174112 RPD:1
3174112 RPD:1
3174112 RPD:1
3174112 RPD:1
3174112 RPD:1
3174112 RPD:1
3174112 RPD:1
3174112 RPD:1
3174112 RPD:1
3174112 RPD:1
3174112 RPD:1
3174112 RPD:1
3174112 RPD:1
3174112 RPD:1
3174112 RPD:1
3174112 RPD:1
3174112 RPD:1
3174112 RPD:1
3174112 RPD:1
3174112 RPD:1
3174112 RPD:1
3174112 RPD:1
3174112 RPD:1
3174112 RPD:1
3174112 RPD:1
3174112 RPD:1
3174112 RPD:1
3174112 RPD:1
3174112 RPD:1
3174112 RPD:1
3174112 RPD:1
3174112 RPD:1
3174112 RPD:1
3174112 RPD:1
3174112 RPD:1
3174112 RPD:1
3174112 RPD:1
3174112 RPD:1
3174112 RPD:1
3174112 RPD:1
3174112 RPD:1
3174112 RPD:1
3174112 RPD:1
3174112 RPD:1
3174112 RPD:1
3174112 RPD:1
3174112 RPD:1
3174112 RPD:1
3174112 RPD:1
3174112 RPD:1
3174112 RPD:1
3174112 RPD:1
3174112 RPD:1
3174112 RPD:1
3174112 RPD:1
3174112 RPD:1
3174112 RPD:1
3174112 RPD:1
3174112 RPD:1
3174112 RPD:1
3174112 RPD:1
3174112 RPD:1
3174112 RPD:1
3174112 RPD:1
3174112 RPD:1
3174112 RPD:1
3174112 RPD:1
3174112 RPD:1
3174112 RPD:1
3174112 RPD:1
3174112 RPD:1
3174112 RPD:1
3174112 RPD:1
3174112 RPD:1
3174112 RPD:1
3174112 RPD:1
3174112 RPD:1
3174112 RPD:1
3174112 RPD:1
3174112 RPD:1
3174112 RPD:1
3174112 RPD:1
3174112 RPD:1
3174112 RPD:1
3174112 RPD:1
3174112 RPD:1
3174112 RPD:1
3174112 RPD:1
3174112 RPD:1
3174112 RPD:1
3174112 RPD:1
3174112 RPD:1
3174112 RPD:1
3174112 RPD:1
3174112 RPD:1
3174112 RPD:1
3174112 RPD:1
3174112 RPD:1
3174112 RPD:1
3174112 RPD:1
3174112 RPD:1
3174112 RPD:1
3174112 RPD:1
3174112 RPD:1
3174112 RPD:1
3174112 RPD:1
3174112 RPD:1
3174112 RPD:1
3174112 RPD:1
3174112 RPD:1
3174112 RPD:1
3174112 RPD:1
3174112 RPD:1
3174112 RPD:1
3174112 RPD:1
3174112 RPD:1
3174112 RPD:1
3174112 RPD:1
3174112 RPD:1
3174112 RPD:1
3174112 RPD:1
3174112 RPD:1
3174112 RPD:1
3174112 RPD:1
3174112 RPD:1
3174112 RPD:1
3174112 RPD:1
3174112 RPD:1
3174112 RPD:1
3174112 RPD:1
3174112 RPD:1
3174112 RPD:1
3174112 RPD:1
3174112 RPD:1
3174112 RPD:1
3174112 RPD:1
3174112 RPD:1
3174112 RPD:1
3174112 RPD:1
3174112 RPD:1
3174112 RPD:1
3174112 RPD:1
3174112 RPD:1
3174112 RPD:1
3174112 RPD:1
3174112 RPD:1
3174112 RPD:1
3174112 RPD:1
3174112 RPD:1
3174112 RPD:1
3174112 RPD:1
3174112 RPD:1
3174112 RPD:1
3174112 RPD:1
3174112 RPD:1
3174112 RPD:1
3174112 RPD:1
3174112 RPD:1
3174112 RPD:1
3174112 RPD:1
3174112 RPD:1
3174112 RPD:1
3174112 RPD:1
3174112 RPD:1
3174112 RPD:1
3174112 RPD:1
3174112 RPD:1
3174112 RPD:1
3174112 RPD:1
3174112 RPD:1
3174112 RPD:1
3174112 RPD:1
3174112 RPD:1
3174112 RPD:1
3174112 RPD:1
3174112 RPD:1
3174112 RPD:1
3174112 RPD:1
3174112 RPD:1
3174112 RPD:1
3174112 RPD:1
3174112 RPD:1
3174112 RPD:1
3174112 RPD:1
3174112 RPD:1
3174112 RPD:1
3174112 RPD:1
3174112 RPD:1
3174112 RPD:1
3174112 RPD:1
3174112 RPD:1
3174112 RPD:1
3174112 RPD:1
3174112 RPD:1
3174112 RPD:1
3174112 RPD:1
3174112 RPD:1
3174112 RPD:1
3174112 RPD:1
3174112 RPD:1
3174112 RPD:1
3174112 RPD:1
3174112 RPD:1
3174112 RPD:1
3174112 RPD:1
3174112 RPD:1
3174112 RPD:1
3174112 RPD:1
3174112 RPD:1
3174112 RPD:1
3174112 RPD:1
3174112 RPD:1
3174112 RPD:1
3174112 RPD:1
3174112 RPD:1
3174112 RPD:1
3174112 RPD:1
3174112 RPD:1
3174112 RPD:1
3174112 RPD:1
3174112 RPD:1
3174112 RPD:1
3174112 RPD:1
3174112 RPD:1
3174112 RPD:1
3174112 RPD:1
3174112 RPD:1
3174112 RPD:1
3174112 RPD:1
3174112 RPD:1
3174112 RPD:1
3174112 RPD:1
3174112 RPD:1
3174112 RPD:1
3174112 RPD:1
3174112 RPD:1
3174112 RPD:1
3174112 RPD:1
3174112 RPD:1
ress bits in hardware.
Byte 0 is payload p0. Press x to stop.




































































































































































































































































































































































































































































































































































































































































































































































































































































































































































































































































































































































































































































































































































































































































































































































































































































































































































































































































































































































































































































































































































































































































































































































































































































































































































































































































































































































































































































































































































































































































































































































































































































































































































































































































































































































































































































































































































































































































































































































































































































































































































































































































































































































































































































































































































































































































































































































































































































































































































































































































































































































































































































































































































































































































































































































































































































































































































































































































































































































































































































































































































































































































































































































































































































































































































































































































































































































































































































































































































































































































































































































































































































































































































































































































































































































































































































































































































































































































































































































































































































































































































































































































































































































































































































































































































































































































































































































































































































































































































































































































































































































































































































































































































































































































































































































































































































































































































































































































































































































































































































































































































































































































































































































































































































































































































































































































































































































































































































































































































































































































































































































































































































































































































































































































































































































































































































































































































































































































































































































































































































































































































































































































































































































































































































































































































































































































































































































































































































































































































































































































































































































































































































































































































































































































































































































































































































































































































































































































































































































































































































































































































































































































































































































































































































































































































































































































































































































































































































































































































































































































































































































































































































































































































































































































































































































































































































































































































































































































































































































































































































































































































































































































































































































































































































































































































































































































































































































































































































































































































































































































































































































































































































































































































































































































































































































































































































































































































































































































































































































































































































































































































































































































































































































































































































































































































































































































































































































































































































































































































































































































































































































































































































































































































































































































































































































































































































































































































































































































































































































































































































































































































































































































































































































































































































































































































































































































































































































































































































































































































































































































































































































































































































































































































































































































































































































































































































































































































































































































































































































































































































































































































































































































































































































































































































































































































































































































































































































































































































































































































































































































































































































































































































































































































































































































































































































































































































































































































































































































































































































































































































































































































































































































































































































































































































































































































































































































































































































































































































































































































































































































































































































































































































































































































































































































































































































































































































































































































































































































































































































































































































































































































































































































































































































































































































































































































































































































































































































































































































































































































































































































































































































































































































































































































































































































































































































































































































































































































































































































































































































































































































































































































































































































































































































































































































































































































































































































































































































































































































































































































































































































































































































































































































































































































































































































































































































































































































































































































































































































































































































































































































































































































































































































































































































































































































































































































































































































































































































































































































































































































































































































































































































































































































































































































































































































































































































































































































































































































































































































































































































































































































































































































































































































































































































































































































































































































































































































































































































































































































































































































































































































































































































































































































































































































































































































































































































































































































































































































































































































































































































































































































































































































































































































































































































































































































































































































































































































































































































































































































































































































































































































































































































































































































































































































































































































































































































































































































































































































































































































































































































































































































































































































































































































































































































































































































































































































































































































































































































































































































































































































































































































































































































































































































































































































































































































































































































































































































































































































































































































































































































































































































































































































































































































































































































































































































































































































































































































































































































































































































































































































































































































































































































































































































































































































































































































































































































































































































































































































































































































































































































































































































































































































































































































































































































































































































































































































































































































































































































































































































































































































































































































































































































































































































































































































































































































































































































































































































































































































































































































































































































































































































































































































































































































































































































































































































































































































































































































































































































































































































































































































































































































































































































































































































































































































































































































































































































































































































































































































































































































































































































































































































































































































































































































































































































































































































































































































































































































































































































































































































































































































































































































































































































































































































































































































































































































































































































































































































































































































































































































































































































































































































































































































































































































































































































































































































































































































































































































































































































































































































































































































































































































































































































































































































































































































































































































































































































































































































































































































































































































































































































































































































































































































































































































































































































































































































































































































































































































































































































































































































































































































































































































































































































































































































































































































































































































































































































































































































































































































































































































































































































































































































































































































































































































































































































































































































































































































































































































































































































































































































































































































































































































































































































































































































































































































































































































































































































































































































































































































































































































































































































































































































































































































































































































































































































































































































































































































































































































































































































































































































































































































































































































































































































































































































































































































































































































































































































































































































































































































































































































































































































































































































































































































































































































































































































































































































































































































































































































































































































































































































































































































































































































































































































































































































































































































































































































































































































































































































































































































































































































































































































































































































































































































































































































































































































































































































































































































































































































































































































































































































































































































































































































































































































































































































































































































































































































































































































































































































































































































































































































































































































































































































































































































































































































































































































































































































































































































































































































































































































































































































































































































































































































































































































































































































































































































































































































































































































































































































































































































































































































































































































































































































































































































































































































































































































































































































































































































































































































































































































































































































































































































































































































































































































































































































































































































































































































































































































































































































































































































































































































































































































































































































































































































































































































































































































































































































































































































































































































































































































































































































































































































































































































































































































































































































































































































































































































































































































































































[CH: 50] LEN: 12 | HEX: F2 76 FF 00 8C EB FF 57 EE A2 AB BF | T:3616351 RPD:1
[CH: 50] LEN: 12 | HEX: F2 76 FE 80 8C EA DF AD EF 22 AD F7 | T:3616352 RPD:1
[CH: 50] LEN: 12 | HEX: FA 7E FE FE 73 BD FB FF 91 5E BF FF | T:3616650 RPD:1
[CH: 50] LEN: 12 | HEX: F2 76 EC FD 70 FF 7E F7 64 51 BF 6F | T:3616681 RPD:1
[CH: 50] LEN: 12 | HEX: F6 76 F6 FC 71 FD F7 FE B8 B4 BF F7 | T:3616711 RPD:1
[CH: 50] LEN: 12 | HEX: FA 76 FE FB 76 EE FD FF 4E 4D AF DF | T:3616741 RPD:1
[CH: 50] LEN: 12 | HEX: F6 76 FC EE 77 FB F7 FD 52 A8 BF 5A | T:3616771 RPD:1
[CH: 50] LEN: 12 | HEX: F2 76 F6 E9 74 FE FD FF 27 26 AF DB | T:3616801 RPD:1
[CH: 50] LEN: 12 | HEX: F2 76 F6 F0 75 DD FF DF BB 43 BF FF | T:3616831 RPD:1
[CH: 50] LEN: 12 | HEX: F2 76 FE E7 72 F7 7D FF 4A 54 AF FF | T:3616861 RPD:1
[CH: 50] LEN: 12 | HEX: F2 76 EE E6 73 D7 EF FD 96 B1 BD FE | T:3616891 RPD:1
[CH: 50] LEN: 12 | HEX: F6 76 FE F5 78 EE FD FF C3 BF AF FF | T:3616921 RPD:1
[CH: 50] LEN: 12 | HEX: FA 76 FE E4 79 FE FF D7 3F 5A AB F7 | T:3616951 RPD:1
[CH: 50] LEN: 12 | HEX: F2 76 EE F3 7C FF 7D 7F 09 A3 AF FB | T:3616981 RPD:1
[CH: 50] LEN: 12 | HEX: F2 76 F6 E2 7F AF DF F5 D5 46 AF EF | T:3617011 RPD:1
[CH: 50] LEN: 12 | HEX: FA 76 EC F1 7C F7 FE FF A0 48 BF FF | T:3617040 RPD:1
[CH: 50] LEN: 12 | HEX: F2 76 FE F0 79 FE BE AB 78 AD BF 7F | T:3617070 RPD:1
[CH: 50] LEN: 12 | HEX: FA 76 FE EF 62 FF 5F F5 D2 47 AE F7 | T:3617100 RPD:1
[CH: 50] LEN: 12 | HEX: FA 76 F5 EE 63 AF FD DF 0E A2 BF EA | T:3617130 RPD:1
[CH: 50] LEN: 12 | HEX: FA 76 F6 ED 60 FF AF FD 7B AC AF ED | T:3617160 RPD:1
[CH: 50] LEN: 12 | HEX: F2 76 FE EC 61 EE BE FF A7 49 BF BF | T:3617190 RPD:1
[CH: 50] LEN: 12 | HEX: FA 76 FE EB 66 FE BF 5F 91 B0 BF FF | T:3617220 RPD:1
[CH: 50] LEN: 12 | HEX: FA 6E FC EA 67 F5 FF D7 4D 55 AA EF | T:3617250 RPD:1
[CH: 50] LEN: 12 | HEX: F2 76 FE E9 64 FE BF F5 38 5B BF BF | T:3617280 RPD:1
[CH: 50] LEN: 12 | HEX: FA 76 FE E8 65 FF FE B7 E4 BC AF BF | T:3617310 RPD:1
[CH: 50] LEN: 12 | HEX: FA 76 FE E7 6A FF AF FA 55 A9 BF EF | T:3617340 RPD:1
[CH: 50] LEN: 12 | HEX: FA 76 FE E6 6B FD 7F EF 89 4C BF FE | T:3617370 RPD:1
[CH: 50] LEN: 12 | HEX: FA 76 FE E5 68 FF 5F F5 F4 42 BF FB | T:3617400 RPD:1
[CH: 50] LEN: 12 | HEX: F2 76 FE E4 69 D6 FE FF 20 A7 3E FE | T:3617430 RPD:1
[CH: 50] LEN: 12 | HEX: EA 76 FE E3 6E FE FF EB 16 5C AF FD | T:3617460 RPD:1
[CH: 50] LEN: 12 | HEX: F2 76 F6 E2 6F EF DD F5 CA BB AF F7 | T:3617490 RPD:1
[CH: 50] LEN: 12 | HEX: FA 76 FE E1 6C FD 7D FE BF B5 AD AF | T:3617520 RPD:1
[CH: 50] LEN: 12 | HEX: F2 76 F6 E0 6D FE F5 FF E3 50 AF FE | T:3617550 RPD:1
[CH: 50] LEN: 12 | HEX: F2 76 EE EC 73 BB EF FA 11 5D BF BF | T:3617631 RPD:1
[CH: 50] LEN: 12 | HEX: F2 76 EE FB 70 FF 7D FF 64 51 AF FF | T:3617661 RPD:1
[CH: 50] LEN: 12 | HEX: FA 76 F6 F8 71 ED 7A FF B8 B4 AE EF | T:3617691 RPD:1
[CH: 50] LEN: 12 | HEX: F2 76 FE F3 76 FE BE FF 8E 4D BF FF | T:3617721 RPD:1
[CH: 50] LEN: 12 | HEX: F6 76 EE F2 77 F5 F7 7E 52 A8 AF ED | T:3617751 RPD:1
[CH: 50] LEN: 12 | HEX: EA 76 FE F9 74 F5 5F B5 27 26 AE DF | T:3617781 RPD:1
[CH: 50] LEN: 12 | HEX: FA 76 FE F8 75 FF 7F EB FB 43 BF E0 | T:3617811 RPD:1
[CH: 50] LEN: 12 | HEX: F6 76 FE F6 73 DD FB FF 56 B1 BF 5E | T:3617871 RPD:1
[CH: 50] LEN: 12 | HEX: F2 76 F6 F5 78 FF BF EB E3 BE ED F7 | T:3617901 RPD:1
[CH: 50] LEN: 12 | HEX: F2 76 FE F4 79 EE FF F9 3D 5A BF BF | T:3617931 RPD:1
[CH: 50] LEN: 12 | HEX: F2 76 F4 E3 7E FF 7F FD 09 A3 AD FF | T:3617961 RPD:1
[CH: 50] LEN: 12 | HEX: FA 76 FE F2 7D FF AF F5 D5 46 AF FB | T:3617991 RPD:1
[CH: 50] LEN: 12 | HEX: FA 76 FE F1 7C F7 FD 5B A0 48 AF F7 | T:3618021 RPD:1
[CH: 50] LEN: 12 | HEX: F2 76 FE F0 79 F6 BF FB 78 AD BF EF | T:3618051 RPD:1
[CH: 50] LEN: 12 | HEX: FA 76 F6 EF 62 FF EB FF 32 47 BF FF | T:3618081 RPD:1
[CH: 50] LEN: 12 | HEX: F2 76 FE EE 63 FF 5F F5 0E A2 AF ED | T:3618111 RPD:1
[CH: 50] LEN: 12 | HEX: F2 76 FC ED 60 F7 DF BB 7B AC AD BD | T:3618141 RPD:1
[CH: 50] LEN: 12 | HEX: F2 76 FE EC 61 FE BF 7F A7 49 BF 5F | T:3618170 RPD:1
[CH: 50] LEN: 12 | HEX: F2 76 EE EB 66 FF 5F FD 51 B0 BF 7F | T:3618200 RPD:1
[CH: 50] LEN: 12 | HEX: F2 76 FE EA 67 DF FA FF 4D 55 AF AF | T:3618230 RPD:1
[CH: 50] LEN: 12 | HEX: F2 76 F6 E9 64 FE BF FB 38 5B BF FB | T:3618260 RPD:1
[CH: 50] LEN: 12 | HEX: FA 76 FE E8 65 FE BE AB E4 BC BF EF | T:3618290 RPD:1
[CH: 50] LEN: 12 | HEX: EE 76 F5 E7 6A F7 5F FB 55 A9 AF FB | T:3618320 RPD:1
[CH: 50] LEN: 12 | HEX: F2 76 FD E6 6B FD FA FF 89 4C BF BA | T:3618350 RPD:1
[CH: 50] LEN: 12 | HEX: F2 76 FE E5 68 F7 5E BF F2 42 AD FF | T:3618380 RPD:1
[CH: 50] LEN: 12 | HEX: F2 76 F6 E4 69 FD 7F AB 20 A7 BE FE | T:3618410 RPD:1
[CH: 50] LEN: 12 | HEX: EE 76 FE E3 6E FF 7F D7 16 5E BE FF | T:3618440 RPD:1
[CH: 50] LEN: 12 | HEX: EE 76 FE E2 6F 7B F7 FE AA B7 2F BF | T:3618470 RPD:1
[CH: 50] LEN: 12 | HEX: FA 76 FE E1 6C FF 7D FF BD 35 BE EB | T:3618500 RPD:1
[CH: 50] LEN: 12 | HEX: F2 76 F6 E0 6D FD 5E AF 63 50 BF FF | T:3618530 RPD:1
[CH: 50] LEN: 12 | HEX: FA 76 F4 DE 52 FF 5F FA F2 40 BB FE | T:3618560 RPD:1
[CH: 50] LEN: 12 | HEX: FA 76 F6 FE 73 FD 7D 77 11 5D 3F BF | T:3618611 RPD:1
[CH: 50] LEN: 12 | HEX: FA 76 EE F9 78 FF AF FA 64 51 BF F7 | T:3618641 RPD:1
[CH: 50] LEN: 12 | HEX: FA 76 FE F4 71 EE FD FF B8 B4 AF DF | T:3618671 RPD:1
[CH: 50] LEN: 12 | HEX: EA 76 FE F2 77 BF F5 FD 52 A8 BF 7B | T:3618731 RPD:1
[CH: 50] LEN: 12 | HEX: FA 76 FA F9 74 F7 FF 5F 27 26 AF FF | T:3618761 RPD:1
[CH: 50] LEN: 12 | HEX: F2 76 FE F8 75 FD 7F AF BB 43 BF 77 | T:3618791 RPD:1
[CH: 50] LEN: 12 | HEX: FA 76 EE E7 7A FE BF FF 4A 54 AF FF | T:3618821 RPD:1
[CH: 50] LEN: 12 | HEX: FA 76 EC F6 7B B5 FD AF 96 B1 BD 6F | T:3618851 RPD:1
[CH: 50] LEN: 12 | HEX: FA 76 EE F5 70 EF FD 7F D3 BB AF 7F | T:3618881 RPD:1
[CH: 50] LEN: 12 | HEX: FA 76 FE F4 79 FE BE EB 3F 5A BF FE | T:3618911 RPD:1
[CH: 50] LEN: 12 | HEX: F2 76 FE F3 7A F7 7F 7A 09 A3 BD EF | T:3618941 RPD:1
[CH: 50] LEN: 12 | HEX: FA 76 FE E2 7F 5F FB FB F5 46 BF FF | T:3618971 RPD:1
[CH: 50] LEN: 12 | HEX: FA 76 FE F1 7C F7 BF 7F A0 48 AF FE | T:3619001 RPD:1
[CH: 50] LEN: 12 | HEX: FA 76 FE F0 79 EF FD FF 7C AD BE DF | T:3619031 RPD:1
[CH: 50] LEN: 12 | HEX: EA 76 FE EF 62 EF FF 5F D2 47 AB FF | T:3619061 RPD:1
[CH: 50] LEN: 12 | HEX: FA 76 F6 EE 63 FD 7A FF 0E A2 AF FD | T:3619091 RPD:1
[CH: 50] LEN: 12 | HEX: FA 76 FE ED 60 FF 5F 7F 7B AC AF 7F | T:3619121 RPD:1
[CH: 50] LEN: 12 | HEX: FA 76 F6 EC 61 FE FE FF A7 49 BB EF | T:3619150 RPD:1
[CH: 50] LEN: 12 | HEX: F2 76 FA EB 66 F7 7E D7 91 B0 AD 6E | T:3619180 RPD:1
[CH: 50] LEN: 12 | HEX: F6 76 F6 EA 67 F5 FD FF CD 55 BD EF | T:3619210 RPD:1
[CH: 50] LEN: 12 | HEX: FA 76 FE E9 64 FF 7E FF 38 5B AF FE | T:3619240 RPD:1
[CH: 50] LEN: 12 | HEX: FA 76 EA E8 65 ED 7D 7F D4 BC BF FE | T:3619270 RPD:1
[CH: 50] LEN: 12 | HEX: F2 76 FE E7 6A FF 5F FD 55 A9 AF FB | T:3619300 RPD:1
[CH: 50] LEN: 12 | HEX: FA 76 FA E6 6B FD FF AF 89 4C AF FD | T:3619330 RPD:1
[CH: 50] LEN: 12 | HEX: FA 76 FE E5 68 EF BF FD 7C 42 BB AF | T:3619360 RPD:1
[CH: 50] LEN: 12 | HEX: FA 76 EE F4 69 D6 BE BF 20 A7 2F FF | T:3619390 RPD:1
[CH: 50] LEN: 12 | HEX: F2 76 FE E3 6E FF BF 7D 16 5E BF FF | T:3619420 RPD:1
[CH: 50] LEN: 12 | HEX: F2 76 EA EA 6E FF F5 FF 2A BB FF BA | T:3619450 RPD:1
[CH: 50] LEN: 12 | HEX: EA 76 F6 E1 6C FF 5F 77 BF B5 AF DF | T:3619480 RPD:1
[CH: 50] LEN: 12 | HEX: EA 76 EE E0 6D DD FA FF 63 50 AD DF | T:3619510 RPD:1
[CH: 50] LEN: 12 | HEX: F6 76 FA DF 52 FE BD EF D2 40 A7 FF | T:3619540 RPD:1
[CH: 50] LEN: 12 | HEX: EA 76 EE F4 73 FD 7A FF 11 5D BD FF | T:3619591 RPD:1
[CH: 50] LEN: 12 | HEX: F2 76 F6 FD 70 FF FC FF 64 51 BE DF | T:3619621 RPD:1
[CH: 50] LEN: 12 | HEX: F2 76 EE F4 71 DF F5 FE B8 B4 AD DB | T:3619651 RPD:1
[CH: 50] LEN: 12 | HEX: F2 76 EC EB 76 F6 FA DF 8E 4D AD EF | T:3619681 RPD:1
[CH: 50] LEN: 12 | HEX: FA 76 FE F2 77 7F EF FD 52 A8 BF DF | T:3619711 RPD:1
[CH: 50] LEN: 12 | HEX: F2 76 FE F9 74 FF BF 77 27 A6 AD FF | T:3619741 RPD:1
[CH: 50] LEN: 12 | HEX: FA 76 FC F7 72 F5 FE BF 4A 54 AF BF | T:3619801 RPD:1
[CH: 50] LEN: 12 | HEX: FA 76 FA F6 7B FE BF F7 96 B1 AF DF | T:3619831 RPD:1
[CH: 50] LEN: 12 | HEX: EA 76 F4 E5 78 FE FD DF 63 BD AF FF | T:3619861 RPD:1
[CH: 50] LEN: 12 | HEX: FA 76 F6 E4 71 EF FD FF 37 5A B5 FB | T:3619891 RPD:1
[CH: 50] LEN: 12 | HEX: FA 76 FE F3 7E FF 5F FD 09 A3 FB F5 | T:3619921 RPD:1
[CH: 50] LEN: 12 | HEX: FA 76 F6 F2 7F D7 DF FA D5 46 AE FF | T:3619951 RPD:1
[CH: 50] LEN: 12 | HEX: FA 76 F6 F1 78 FE BF EB A0 48 BD EF | T:3619981 RPD:1
[CH: 50] LEN: 12 | HEX: F2 76 FE EF 62 FF 5F 57 D2 47 AD 5A | T:3620041 RPD:1
[CH: 50] LEN: 12 | HEX: F2 76 F6 EE 63 FE BF EB 0E A2 BF FF | T:3620071 RPD:1
[CH: 50] LEN: 12 | HEX: F2 76 FE ED 60 F7 7E BF 7B AC BF FF | T:3620100 RPD:1
[CH: 50] LEN: 12 | HEX: FA 76 FE EC 61 FE BF 7F A7 49 AE FD | T:3620130 RPD:1
[CH: 50] LEN: 12 | HEX: FA 76 FE EB 66 FF BF B5 91 B0 BF FB | T:3620160 RPD:1
[CH: 50] LEN: 12 | HEX: EA 76 FD EA 67 BF F5 FF 4D 55 AD BD | T:3620190 RPD:1
[CH: 50] LEN: 12 | HEX: F2 76 EC E9 64 FF 7E FF 38 5B AE EF | T:3620220 RPD:1
[CH: 50] LEN: 12 | HEX: EE 76 EC E8 65 F5 FE BF 64 BE B4 DE | T:3620250 RPD:1
[CH: 50] LEN: 12 | HEX: EA 76 F4 E7 6A F7 FF 7F 55 A9 AD AB | T:3620280 RPD:1
[CH: 50] LEN: 12 | HEX: FA 76 FE E6 6B ED 7F DF 89 4C AF FB | T:3620310 RPD:1
[CH: 50] LEN: 12 | HEX: FA 76 F4 E5 68 FF 7F EB DC 42 BF BF | T:3620340 RPD:1
[CH: 50] LEN: 12 | HEX: FA 76 EE E4 69 FD FB FE A0 A7 2F 7D | T:3620370 RPD:1
[CH: 50] LEN: 12 | HEX: EA 76 FE E3 6E F7 BF AE 16 5E AF 7B | T:3620400 RPD:1
[CH: 50] LEN: 12 | HEX: EA 76 FC E2 6F 7F DF FD CA BB BF FF | T:3620430 RPD:1
[CH: 50] LEN: 12 | HEX: FA 76 FE E1 6C FF 5F B7 BF B5 AD FD | T:3620460 RPD:1
[CH: 50] LEN: 12 | HEX: FA 76 FE E0 6D FE BF EF 63 50 AF FF | T:3620490 RPD:1
[CH: 50] LEN: 12 | HEX: FA 76 F4 DD 52 F7 FE FF E2 40 BF FF | T:3620520 RPD:1
[CH: 50] LEN: 12 | HEX: FA 76 FE FE 73 BF FA F7 11 5F AA FF | T:3620571 RPD:1
[CH: 50] LEN: 12 | HEX: F2 76 F6 FD 70 FF DF BB 64 51 AF FE | T:3620574 RPD:1
[CH: 50] LEN: 12 | HEX: F6 76 FD FC 71 DD FB FF B8 B4 BE FF | T:3620604 RPD:1
[CH: 50] LEN: 12 | HEX: F6 76 FA FB 76 F7 7E FF 8E 4D AF EB | T:3620634 RPD:1
[CH: 50] LEN: 12 | HEX: EA 76 FF FA 77 DA FF AF 52 A8 AF FB | T:3620664 RPD:1
[CH: 50] LEN: 12 | HEX: FA 76 FE F9 74 FF 5F 5D 27 A6 AF F7 | T:3620694 RPD:1
[CH: 50] LEN: 12 | HEX: FA 76 FE F0 75 DD 7D 7F EB 43 BD EF | T:3620724 RPD:1
[CH: 50] LEN: 12 | HEX: F2 76 FE F7 7A FE BE B7 4A 54 BD FF | T:3620754 RPD:1
[CH: 50] LEN: 12 | HEX: FA 76 FE F6 7B DA FF D7 96 B1 BD EB | T:3620784 RPD:1
[CH: 50] LEN: 12 | HEX: F6 76 FE F5 78 EF FD 7F 93 BD AF 7F | T:3620814 RPD:1
[CH: 50] LEN: 12 | HEX: EE 76 FC F4 75 EE FE FF 3D 5A AF EA | T:3620844 RPD:1
[CH: 50] LEN: 12 | HEX: FA 76 FA E3 76 FF 7E FF 09 A3 FB FE | T:3620874 RPD:1
[CH: 50] LEN: 12 | HEX: EA 76 F6 E2 7F FE FF BF D5 46 AF FF | T:3620904 RPD:1
[CH: 50] LEN: 12 | HEX: F6 76 FE F1 78 FE BE FF E0 48 B7 DF | T:3620934 RPD:1
[CH: 50] LEN: 12 | HEX: FA 76 FA E0 79 FD 7D FF 7C AD AF FD | T:3620964 RPD:1
[CH: 50] LEN: 12 | HEX: F2 76 EC EF 62 EB BE FF D2 47 BF 7E | T:3620994 RPD:1
[CH: 50] LEN: 12 | HEX: F2 76 FE EE 63 FD FD DF 0E A2 BF FF | T:3621024 RPD:1
[CH: 50] LEN: 12 | HEX: EA 76 F5 ED 60 F7 FE FF 73 AC BD FF | T:3621054 RPD:1
[CH: 50] LEN: 12 | HEX: EA 76 FE EC 61 FD 7D DF A7 49 FF BF | T:3621084 RPD:1
[CH: 50] LEN: 12 | HEX: F6 76 F4 EB 66 FF 7E BF 91 B0 AB FB | T:3621113 RPD:1
[CH: 50] LEN: 12 | HEX: F2 76 EE EA 67 FA F7 BF 4D 55 AE FF | T:3621143 RPD:1
[CH: 50] LEN: 12 | HEX: FA 76 F6 E9 64 FF 7D 7F 38 5B FB 9D | T:3621173 RPD:1
[CH: 50] LEN: 12 | HEX: FA 76 FE E8 65 FD FD BF A4 BC B7 7F | T:3621203 RPD:1
[CH: 50] LEN: 12 | HEX: EA 76 FE E7 6A FE BF FF 55 A9 BB FA | T:3621233 RPD:1
[CH: 50] LEN: 12 | HEX: FA 76 F4 E6 6B AD FD EB 89 4C AF 7F | T:3621263 RPD:1
[CH: 50] LEN: 12 | HEX: FA 76 EA E5 68 FD 7F F5 F4 42 BF FF | T:3621293 RPD:1
[CH: 50] LEN: 12 | HEX: F2 76 F4 F4 69 EE BF EF 20 A7 BF FF | T:3621323 RPD:1
[CH: 50] LEN: 12 | HEX: EA 76 FE E3 6E F7 BF 5F 16 5E AF 5A | T:3621353 RPD:1
[CH: 50] LEN: 12 | HEX: EA 76 FE E2 6E FF EE BE 8A BB AB FE | T:3621383 RPD:1
[CH: 50] LEN: 12 | HEX: FA 76 F5 E1 6C FF 5F 5F BB B5 BE FF | T:3621413 RPD:1
[CH: 50] LEN: 12 | HEX: FA 76 FD E0 6D DD 7E FF 63 50 BF FF | T:3621443 RPD:1
[CH: 50] LEN: 12 | HEX: FA 76 FA DF 52 FF 7E F7 EA 40 BF FF | T:3621473 RPD:1
[CH: 50] LEN: 12 | HEX: F2 76 F6 FE 73 DE BE EF 11 5F AB FF | T:3621503 RPD:1
[CH: 50] LEN: 12 | HEX: F6 76 FE F5 70 F7 FF DF 64 51 AF FB | T:3621507 RPD:1
[CH: 50] LEN: 12 | HEX: FA 76 F4 FA 71 EE BF EB B8 B4 AF BF | T:3621537 RPD:1
[CH: 50] LEN: 12 | HEX: EA 76 F5 FB 76 F7 FE AD 8E 4D AF FD | T:3621567 RPD:1
[CH: 50] LEN: 12 | HEX: FA 76 F5 EA 7F DF F5 FE 52 A8 AF FE | T:3621597 RPD:1
[CH: 50] LEN: 12 | HEX: F2 76 FC E9 74 F6 FA FF 27 A6 AF DF | T:3621627 RPD:1
[CH: 50] LEN: 12 | HEX: FA 76 FC F0 75 DF 7D FF AB 43 BF FF | T:3621657 RPD:1
[CH: 50] LEN: 12 | HEX: F6 76 EE E7 7A F7 FE FF 4A 54 BD 7F | T:3621687 RPD:1
[CH: 50] LEN: 12 | HEX: EA 76 FE F6 77 FC FD FF 56 B1 BB BF | T:3621717 RPD:1
[CH: 50] LEN: 12 | HEX: FA 76 F6 F5 70 FE FE FF D3 BF AF DF | T:3621747 RPD:1
[CH: 50] LEN: 12 | HEX: F2 76 FA E4 71 FD 7F F7 3A DA BF FD | T:3621777 RPD:1
[CH: 50] LEN: 12 | HEX: FA 76 F4 E3 7E FF 5F 75 09 A3 AF EF | T:3621807 RPD:1
[CH: 50] LEN: 12 | HEX: EA 76 F6 F2 75 FE FF D7 D5 46 BF BC | T:3621837 RPD:1
[CH: 50] LEN: 12 | HEX: F6 76 FA F1 7C FF 7E DF E0 48 AF FD | T:3621867 RPD:1
[CH: 50] LEN: 12 | HEX: FA 76 F6 F0 7D FD FB FE F8 AD BF FF | T:3621897 RPD:1
[CH: 50] LEN: 12 | HEX: FA 76 EE EE 62 F7 FE FF B2 47 3F D7 | T:3621927 RPD:1
[CH: 50] LEN: 12 | HEX: FA 76 FE EE 63 EB FF BE 8E A2 B7 EA | T:3621957 RPD:1
[CH: 50] LEN: 12 | HEX: F2 76 EE ED 60 EB FD 7F 73 AC AF F6 | T:3621987 RPD:1
[CH: 50] LEN: 12 | HEX: FA 76 F6 EC 61 DE FE D7 A7 49 BF BF | T:3622016 RPD:1
[CH: 50] LEN: 12 | HEX: F2 76 F6 EB 66 F7 7E BF 91 B0 AE FF | T:3622046 RPD:1
[CH: 50] LEN: 12 | HEX: F2 76 F4 EA 67 F5 F5 BF 4D 55 AB DF | T:3622076 RPD:1
[CH: 50] LEN: 12 | HEX: FE 76 F6 E9 64 EE FE D7 38 5B AF FB | T:3622106 RPD:1
[CH: 50] LEN: 12 | HEX: F2 76 F6 E8 65 DF FB FE E4 BE AE FA | T:3622136 RPD:1
[CH: 50] LEN: 12 | HEX: F6 76 FE E7 6A EA BD 5B 55 A9 AF EB | T:3622166 RPD:1
[CH: 50] LEN: 12 | HEX: FA 76 F6 E6 6B AF FD FF C9 4C AF EF | T:3622196 RPD:1
[CH: 50] LEN: 12 | HEX: F2 76 F6 E5 68 EF DE FF DC 42 BE FF | T:3622226 RPD:1
[CH: 50] LEN: 12 | HEX: F2 76 F4 E4 69 F6 BF F7 20 A7 BB BF | T:3622256 RPD:1
[CH: 50] LEN: 12 | HEX: F2 76 FA E3 6E FF BF F7 16 5E AA FF | T:3622286 RPD:1
[CH: 50] LEN: 12 | HEX: FA 76 FE E2 6F F5 F7 5F CA BB B5 C8 | T:3622316 RPD:1
[CH: 50] LEN: 12 | HEX: FA 76 FE E1 6C F7 BF BF BD B5 AA FD | T:3622346 RPD:1
[CH: 50] LEN: 12 | HEX: FA 76 FE E0 6D DD 7D D7 63 50 BD 6B | T:3622376 RPD:1
[CH: 50] LEN: 12 | HEX: EA 76 F4 DF 52 FE BF FA B2 40 BD FE | T:3622406 RPD:1
[CH: 50] LEN: 12 | HEX: FA 76 FD FE 73 FD 7D 7F 11 5F 2F 6E | T:3622436 RPD:1
[CH: 50] LEN: 12 | HEX: FA 76 FE FD 70 F7 7D 7F 64 51 AE BE | T:3622440 RPD:1
[CH: 50] LEN: 12 | HEX: FA 76 EE FC 71 FD 7F FF B8 B4 AF BF | T:3622444 RPD:1
[CH: 50] LEN: 12 | HEX: FA 76 FE F3 76 F7 FE BF 8E 4D B7 FF | T:3622474 RPD:1
[CH: 50] LEN: 12 | HEX: FA 76 F4 F2 77 5A FB FF 52 A8 BF DB | T:3622504 RPD:1
[CH: 50] LEN: 12 | HEX: F2 76 F4 F1 74 FF 5F BF 27 A6 AE 5F | T:3622534 RPD:1
[CH: 50] LEN: 12 | HEX: FA 76 F6 F8 75 FE FD FF AB 43 AC EA | T:3622564 RPD:1
[CH: 50] LEN: 12 | HEX: FA 76 FE F7 7A FF 7F 7F 4A 54 BD EF | T:3622594 RPD:1
[CH: 50] LEN: 12 | HEX: EA 76 FE F6 73 FA FD AF 56 B1 BF FE | T:3622624 RPD:1
[CH: 50] LEN: 12 | HEX: FA 76 EC F5 78 FF 5E EB E3 BB B7 9F | T:3622654 RPD:1
[CH: 50] LEN: 12 | HEX: FA 76 FD F4 71 FE FD DF 3F 5A BF D4 | T:3622684 RPD:1
[CH: 50] LEN: 12 | HEX: FA 76 F5 F3 7E F7 5F FA 09 A3 BF DF | T:3622714 RPD:1
[CH: 50] LEN: 12 | HEX: F2 76 FD F2 7F 5F F5 FF B5 46 AD FF | T:3622744 RPD:1
[CH: 50] LEN: 12 | HEX: FA 76 FE F1 7C FF 5F 7F A0 48 AF BD | T:3622774 RPD:1
[CH: 50] LEN: 12 | HEX: FA 76 FE F0 7D FF 5F FD 7C AD BF F7 | T:3622804 RPD:1
[CH: 50] LEN: 12 | HEX: F2 76 FF EE 63 FA FF BF 8E A2 AB FD | T:3622864 RPD:1
[CH: 50] LEN: 12 | HEX: FA 76 F4 ED 60 FF 5F F5 73 AC BA BF | T:3622894 RPD:1
[CH: 50] LEN: 12 | HEX: F6 76 F6 EC 61 F6 FD FF 67 49 AB D7 | T:3622924 RPD:1
[CH: 50] LEN: 12 | HEX: EA 76 FC EB 66 FE FF 6B 91 B0 AF EF | T:3622954 RPD:1
[CH: 50] LEN: 12 | HEX: EA 76 EE EA 67 FA FB AF 4D 55 BF ED | T:3622984 RPD:1
[CH: 50] LEN: 12 | HEX: FA 76 FE E9 64 FF 5F BF 38 5B AF FF | T:3623014 RPD:1
[CH: 50] LEN: 12 | HEX: FA 76 FE E8 65 FE BF 7F E4 BC BF F7 | T:3623043 RPD:1
[CH: 50] LEN: 12 | HEX: FA 76 FE E7 6A FF 7E B7 55 29 BB DD | T:3623073 RPD:1
[CH: 50] LEN: 12 | HEX: FA 76 F4 E6 6B BD F5 7F 09 4C BF FF | T:3623103 RPD:1
[CH: 50] LEN: 12 | HEX: FA 76 FE E5 68 FF AF F5 FE 42 BF F7 | T:3623133 RPD:1
[CH: 50] LEN: 12 | HEX: F2 76 FE E4 69 FD 7F EB 20 A7 BF B7 | T:3623163 RPD:1
[CH: 50] LEN: 12 | HEX: EA 76 FE E3 6E FB 5F F7 16 5E AB DF | T:3623193 RPD:1
[CH: 50] LEN: 12 | HEX: F6 76 FE E2 6E EF D7 FD CA BB AF FF | T:3623223 RPD:1
[CH: 50] LEN: 12 | HEX: F2 76 FE E1 6C F7 FE FF BA B5 BF BF | T:3623253 RPD:1
[CH: 50] LEN: 12 | HEX: F2 76 FE E0 6D DE FD EF 63 50 BF FF | T:3623283 RPD:1
[CH: 50] LEN: 12 | HEX: FA 76 FE FE 73 DE FB FF 91 5F 6F FF | T:3623343 RPD:1
[CH: 50] LEN: 12 | HEX: FA 76 FE FD 70 F5 FF 7F 64 51 AD 7F | T:3623347 RPD:1
[CH: 50] LEN: 12 | HEX: F6 76 FE F4 71 DD FB DF F8 B4 BF FF | T:3623351 RPD:1
[CH: 50] LEN: 12 | HEX: FA 76 EC F3 76 FF FE FF 8E 4D A6 FF | T:3623381 RPD:1
[CH: 50] LEN: 12 | HEX: FA 76 FE F6 77 7B F7 FD 52 A8 AB EB | T:3623411 RPD:1
[CH: 50] LEN: 12 | HEX: FA 76 F6 F9 74 FF 7E BF 27 26 BF 7F | T:3623441 RPD:1
[CH: 50] LEN: 12 | HEX: F2 76 FE E7 7A FE FF FF 4A 54 BF 77 | T:3623501 RPD:1
[CH: 50] LEN: 12 | HEX: F6 76 F6 E5 78 F7 7F 7B F3 BB AE ED | T:3623561 RPD:1
[CH: 50] LEN: 12 | HEX: F2 76 F6 F4 71 ED FB BE BF 5A BF FF | T:3623591 RPD:1
[CH: 50] LEN: 12 | HEX: F6 76 FA F3 7E FF 7F EF 09 A3 AF FF | T:3623621 RPD:1
[CH: 50] LEN: 12 | HEX: FA 76 FA F2 7B DF 5F EB D5 46 BE FF | T:3623651 RPD:1
[CH: 50] LEN: 12 | HEX: FA 76 F6 F1 7E F7 FD FF E0 48 AB FF | T:3623681 RPD:1
[CH: 50] LEN: 12 | HEX: F6 76 FE E0 77 DE FF DF 7A AD AD FB | T:3623711 RPD:1
[CH: 50] LEN: 12 | HEX: F6 76 FC EE 62 F7 FE FF D2 47 3F F7 | T:3623741 RPD:1
[CH: 50] LEN: 12 | HEX: F2 76 FE EE 63 DD F7 FD 0E A2 BF AF | T:3623771 RPD:1
[CH: 50] LEN: 12 | HEX: EA 7E FE ED 60 F7 7D AF 7B AC BF EC | T:3623801 RPD:1
[CH: 50] LEN: 12 | HEX: F6 76 F6 EC 69 FD 7D FF 27 49 BF FD | T:3623831 RPD:1
[CH: 50] LEN: 12 | HEX: F2 76 F6 EB 66 FE BF EF 91 B0 BF F7 | T:3623861 RPD:1
[CH: 50] LEN: 12 | HEX: F6 77 EA EA 67 BB FF 5F 4D 55 AF EF | T:3623891 RPD:1
[CH: 50] LEN: 12 | HEX: FA 76 FE E9 64 FE FD FF 38 5B AF FF | T:3623921 RPD:1
[CH: 50] LEN: 12 | HEX: F6 76 FA E8 65 DF FD EF D4 BC BF FF | T:3623951 RPD:1
[CH: 50] LEN: 12 | HEX: F6 76 F6 E7 6A FE BD EF 55 A9 AF AF | T:3623981 RPD:1
[CH: 50] LEN: 12 | HEX: F6 76 F6 E6 6B BD F7 FE 89 4C BB FA | T:3624011 RPD:1
[CH: 50] LEN: 12 | HEX: EE 76 FE E5 68 F7 FE FF AC 42 BB B7 | T:3624041 RPD:1
[CH: 50] LEN: 12 | HEX: EA 76 FE E4 69 FD FF BF 20 A7 2F FD | T:3624071 RPD:1
[CH: 50] LEN: 12 | HEX: F6 76 FE E3 6E F7 7D 7F 16 5E BF 7B | T:3624101 RPD:1
[CH: 50] LEN: 12 | HEX: F2 76 F6 E2 6F 7F DF EB CA BB 36 DA | T:3624131 RPD:1
[CH: 50] LEN: 12 | HEX: FA 76 EE E1 6C EF 7D 7F BB B5 BF DD | T:3624160 RPD:1
[CH: 50] LEN: 12 | HEX: FA 76 FA E0 6D DE BF F5 63 50 AA FE | T:3624190 RPD:1
[CH: 50] LEN: 12 | HEX: F2 76 FE DF 52 FF D7 BF 52 40 B7 FF | T:3624220 RPD:1
[CH: 50] LEN: 12 | HEX: FA 76 FE F6 73 FD 5F F5 11 5F AF 5B | T:3624250 RPD:1
[CH: 50] LEN: 12 | HEX: F2 76 FC ED 70 F5 DF D7 64 51 BD FE | T:3624254 RPD:1
[CH: 50] LEN: 12 | HEX: F6 76 FE F4 71 FD 7F 77 B8 B4 AB FF | T:3624257 RPD:1
[CH: 50] LEN: 12 | HEX: FA 76 FE FB 76 F5 FF DF 0E 4D AB E6 | T:3624269 RPD:1
[CH: 50] LEN: 12 | HEX: FA 76 FE FA 77 BD 7B FF 52 A8 AE BF | T:3624290 RPD:1
[CH: 50] LEN: 12 | HEX: FA 76 EE F1 74 EF 7E FF 27 A6 AF FB | T:3624320 RPD:1
[CH: 50] LEN: 12 | HEX: FA 76 FE F0 75 FF 7F EF BB 43 BF FD | T:3624350 RPD:1
[CH: 50] LEN: 12 | HEX: EA 76 F5 F7 7E FF FD 7F 4A 54 BE FE | T:3624380 RPD:1
[CH: 50] LEN: 12 | HEX: FA 76 F6 F6 7B FA FD 6F 96 B1 A9 FF | T:3624410 RPD:1
[CH: 50] LEN: 12 | HEX: F2 76 F5 F5 78 F7 FD 7D E3 BF 7F 5B | T:3624440 RPD:1
[CH: 50] LEN: 12 | HEX: F2 76 FE F4 79 F7 5F F5 3F 5A AD AE | T:3624470 RPD:1
[CH: 50] LEN: 12 | HEX: F2 76 EE F3 7A FF 5F FA 89 A3 BD EB | T:3624500 RPD:1
[CH: 50] LEN: 12 | HEX: FA 76 FE F2 7F 5F F7 EF D5 46 AF FF | T:3624530 RPD:1
[CH: 50] LEN: 12 | HEX: FA 76 FE E1 74 FF 7F 7F A0 48 B5 FF | T:3624560 RPD:1
[CH: 50] LEN: 12 | HEX: FA 76 F6 E0 79 FE BE B7 78 AD A7 FF | T:3624590 RPD:1
[CH: 50] LEN: 12 | HEX: FA 76 FE EF 62 F6 BE BF D2 47 BF BF | T:3624620 RPD:1
[CH: 50] LEN: 12 | HEX: F2 76 F4 EE 63 FF FA FE 0E A2 BB FD | T:3624650 RPD:1
[CH: 50] LEN: 12 | HEX: F2 76 FE ED 60 FB 7F 7F 7B AC BF FF | T:3624680 RPD:1
[CH: 50] LEN: 12 | HEX: F2 76 FE EB 66 FB 5F 7F 91 B0 AF FD | T:3624740 RPD:1
[CH: 50] LEN: 12 | HEX: F2 76 FE EA 67 DA FA FF 4D 55 BF 6F | T:3624770 RPD:1
[CH: 50] LEN: 12 | HEX: F2 76 F4 E9 64 FF 7F 7F 38 5B AB FB | T:3624800 RPD:1
[CH: 50] LEN: 12 | HEX: FA 76 FE E8 65 DE FA FF 44 BE BE DF | T:3624830 RPD:1
[CH: 50] LEN: 12 | HEX: EA 76 F6 E7 6A FE BF 7F 55 A9 B7 2F | T:3624860 RPD:1
[CH: 50] LEN: 12 | HEX: F2 76 FE E6 6B FD F5 7F 09 4C BE FE | T:3624890 RPD:1
[CH: 50] LEN: 12 | HEX: FA 76 FE E5 68 FF 5F 7F D4 42 AF 7F | T:3624920 RPD:1
[CH: 50] LEN: 12 | HEX: FA 76 FE E4 69 F6 FA FF 20 A7 AF DF | T:3624950 RPD:1
[CH: 50] LEN: 12 | HEX: EA 76 EE E3 6E FE BF 55 16 5E BF FF | T:3624980 RPD:1
[CH: 50] LEN: 12 | HEX: F6 76 FE E2 6F EB FF AF 8A BB AB EF | T:3625010 RPD:1
[CH: 50] LEN: 12 | HEX: FA 76 F5 E1 6C FE BF BB BB B5 BF DF | T:3625040 RPD:1
[CH: 50] LEN: 12 | HEX: EA 76 F6 E0 6D ED 7D 7F 63 50 B7 EF | T:3625070 RPD:1
[CH: 50] LEN: 12 | HEX: EA 76 EC DE 52 EE BF BF F2 40 BF FB | T:3625100 RPD:1
[CH: 50] LEN: 12 | HEX: EA 76 FD FE 73 FD 7E EB 11 5F BF FD | T:3625130 RPD:1
[CH: 50] LEN: 12 | HEX: FA 76 EC F7 70 FD 7F 77 64 51 BF FF | T:3625133 RPD:1
[CH: 50] LEN: 12 | HEX: F2 76 FE F8 71 FD 7F F5 B8 B4 B5 FF | T:3625137 RPD:1
[CH: 50] LEN: 12 | HEX: FA 76 FE FB 76 FF BF 75 8E 4D AF AA | T:3625149 RPD:1
[CH: 50] LEN: 12 | HEX: FA 76 F6 FA 77 FB FB D7 52 A8 BE FB | T:3625171 RPD:1
[CH: 50] LEN: 12 | HEX: FA 76 FA F9 74 FF 5F 7F 27 A6 BD FF | T:3625201 RPD:1
[CH: 50] LEN: 12 | HEX: FA 76 FE F8 75 FE FA FF 7B 43 BF BF | T:3625231 RPD:1
[CH: 50] LEN: 12 | HEX: F2 76 EE E7 72 FF 5F FA 4A 54 BF F7 | T:3625261 RPD:1
[CH: 50] LEN: 12 | HEX: F2 76 FD F6 7B DF FD 7F 96 B1 BF FF | T:3625291 RPD:1
[CH: 50] LEN: 12 | HEX: F2 76 F5 E5 78 F7 7F B5 E3 BF BA FF | T:3625320 RPD:1
[CH: 50] LEN: 12 | HEX: F2 76 F6 F2 7D FF AF FD 55 46 AF DF | T:3625410 RPD:1
[CH: 50] LEN: 12 | HEX: F2 76 FE F1 7C FE BE BF A0 48 AF FD | T:3625440 RPD:1
[CH: 50] LEN: 12 | HEX: F2 76 EE F0 7D FE FD FF 7C AD AF DF | T:3625470 RPD:1
[CH: 50] LEN: 12 | HEX: EA 76 FE EF 62 F6 BF BD D2 47 2F FB | T:3625500 RPD:1
[CH: 50] LEN: 12 | HEX: FA 76 FA ED 60 FF 7F BF 73 AC AD FD | T:3625560 RPD:1
[CH: 50] LEN: 12 | HEX: FA 76 FE EC 61 FF AF FD 27 49 BB FF | T:3625590 RPD:1
[CH: 50] LEN: 12 | HEX: FA 76 EA EB 66 ED 7D EF 91 B0 BF BF | T:3625620 RPD:1
[CH: 50] LEN: 12 | HEX: F2 76 FE EA 67 DF FB FF 4D 55 BF FF | T:3625650 RPD:1
[CH: 50] LEN: 12 | HEX: FA 76 F6 E9 64 FE BE FF 38 5B BB DF | T:3625680 RPD:1
[CH: 50] LEN: 12 | HEX: FA 76 FD E8 65 FE BF 7D E4 BC AD FF | T:3625710 RPD:1
[CH: 50] LEN: 12 | HEX: EA 76 FE E7 6A F6 BE FF 55 A9 AF 7F | T:3625740 RPD:1
[CH: 50] LEN: 12 | HEX: FA 76 F4 E6 6B FD 7F D5 89 4C AE EF | T:3625770 RPD:1
[CH: 50] LEN: 12 | HEX: FA 76 FE E5 68 FB FF 7F D4 42 AA ED | T:3625800 RPD:1
[CH: 50] LEN: 12 | HEX: EA 76 F4 E4 69 EB 7F F5 20 A7 AF FB | T:3625830 RPD:1
[CH: 50] LEN: 12 | HEX: F2 76 FE E3 6E F7 5F FF 16 5C BD FF | T:3625860 RPD:1
[CH: 50] LEN: 12 | HEX: FA 76 FE E2 6E EB EF FE 8A BB AF F7 | T:3625890 RPD:1
[CH: 50] LEN: 12 | HEX: FA 76 FE E1 6C FB 5F FD 3D 75 AF FB | T:3625920 RPD:1
[CH: 50] LEN: 12 | HEX: EA 76 EE E0 6D 7A FB 5F 63 50 AF FD | T:3625950 RPD:1
[CH: 50] LEN: 12 | HEX: F2 76 FA DF 52 F7 FF 5F F2 40 AD 5F | T:3625980 RPD:1
[CH: 50] LEN: 12 | HEX: FA 76 FE EE 73 FA FF F5 11 5F BB FD | T:3626010 RPD:1
[CH: 50] LEN: 12 | HEX: FA 76 F4 ED 70 FF 7E BF 64 51 BB FF | T:3626014 RPD:1
[CH: 50] LEN: 12 | HEX: FA 76 F4 F4 71 FF FD 7F B8 B4 AF FE | T:3626017 RPD:1
[CH: 50] LEN: 12 | HEX: F2 76 FE FB 76 FF BF D6 8E 4D BF FB | T:3626028 RPD:1
[CH: 50] LEN: 12 | HEX: F2 76 FE FA 77 BF F5 FE D2 A8 BF FF | T:3626051 RPD:1
[CH: 50] LEN: 12 | HEX: FA 76 FE F8 75 FF BF FA FB 43 BD FD | T:3626111 RPD:1
[CH: 50] LEN: 12 | HEX: F2 76 FA A7 7A FF 5F FA 4A 54 AF FE | T:3626141 RPD:1
[CH: 50] LEN: 12 | HEX: F2 76 F6 F6 7B DF FB FE 56 B1 AD 7E | T:3626171 RPD:1
[CH: 50] LEN: 12 | HEX: EA 76 F6 E5 70 EF FF 5F 43 BF B6 FF | T:3626201 RPD:1
[CH: 50] LEN: 12 | HEX: FA 76 FE F4 69 FE BF FF 3B 5A AD EF | T:3626231 RPD:1
[CH: 50] LEN: 12 | HEX: FA 76 FE F3 7D FF 5F 6B 09 A3 BD 57 | T:3626261 RPD:1
[CH: 50] LEN: 12 | HEX: FA 76 FE E2 7E BF BF FA D5 46 BF ED | T:3626291 RPD:1
[CH: 50] LEN: 12 | HEX: EA 76 F6 E1 74 F7 5F FA A0 48 BF B7 | T:3626321 RPD:1
[CH: 50] LEN: 12 | HEX: F2 76 FE F0 79 EF FE BD 74 AD BB DD | T:3626351 RPD:1
[CH: 50] LEN: 12 | HEX: EA 76 F4 EF 62 F7 5F FD D2 47 AF FD | T:3626381 RPD:1
[CH: 50] LEN: 12 | HEX: FA 76 F6 EE 63 FD 7F F5 0E A2 BD 6F | T:3626411 RPD:1
[CH: 50] LEN: 12 | HEX: F6 76 FA ED 60 FF FE FF 7B AC AF DF | T:3626441 RPD:1
[CH: 50] LEN: 12 | HEX: FA 76 F4 EC 61 FD FB EF A7 49 AF FD | T:3626471 RPD:1
[CH: 50] LEN: 12 | HEX: FA 76 FE EB 66 FF 7E BF 91 B0 AF E7 | T:3626501 RPD:1
[CH: 50] LEN: 12 | HEX: FA 76 FA EA 67 FA FB FF 4D 55 AF FF | T:3626531 RPD:1
[CH: 50] LEN: 12 | HEX: F2 76 EA E9 64 FE BE EB 3C 5B BF FF | T:3626560 RPD:1
[CH: 50] LEN: 12 | HEX: FA 76 ED E8 65 FA FD DF A4 BD BF FF | T:3626590 RPD:1
[CH: 50] LEN: 12 | HEX: EA 76 EC E7 6A F7 7E BF 55 A9 A9 DF | T:3626620 RPD:1
[CH: 50] LEN: 12 | HEX: F2 76 FE E6 6B FA FF 9F 89 4C BF FD | T:3626650 RPD:1
[CH: 50] LEN: 12 | HEX: FA 76 FE E5 68 FE BE BF F4 42 BB FF | T:3626680 RPD:1
[CH: 50] LEN: 12 | HEX: F2 76 FE E4 69 F7 7E FF 20 A7 2F FF | T:3626710 RPD:1
[CH: 50] LEN: 12 | HEX: FA 76 F5 E3 6E FE BF EB 16 5E BB BB | T:3626740 RPD:1
[CH: 50] LEN: 12 | HEX: FA 76 FE E2 6F F5 FF FD 4A BB AF FF | T:3626770 RPD:1
[CH: 50] LEN: 12 | HEX: FA 76 FE E1 6C FF 5F 7F BF B5 AF FF | T:3626800 RPD:1
[CH: 50] LEN: 12 | HEX: FA 76 FE E0 6D FE BF FA 63 50 BF DF | T:3626830 RPD:1
[CH: 50] LEN: 12 | HEX: FA 76 EE DF 52 FF 7F EF D2 40 BE DD | T:3626860 RPD:1
[CH: 50] LEN: 12 | HEX: FA 76 EE FE 73 FA FA DF 11 5F AF F7 | T:3626890 RPD:1
[CH: 50] LEN: 12 | HEX: F6 76 FE ED 70 F7 AF BF 64 51 AF F5 | T:3626894 RPD:1
[CH: 50] LEN: 12 | HEX: F2 76 F6 FC 71 ED FF B7 B8 B4 BF 7F | T:3626897 RPD:1
[CH: 50] LEN: 12 | HEX: FA 76 FE FB 76 FF AF BB 8E 4D BF 7F | T:3626908 RPD:1
[CH: 50] LEN: 12 | HEX: EA 76 EC EA 77 7F EF FD 52 A8 BF EF | T:3626931 RPD:1
[CH: 50] LEN: 12 | HEX: F2 76 F6 F9 74 FF 5F 75 27 A6 BF FE | T:3626961 RPD:1
[CH: 50] LEN: 12 | HEX: F6 76 EC F0 75 DD 7B DE BB 43 AF 77 | T:3626991 RPD:1
[CH: 50] LEN: 12 | HEX: F2 76 F6 F7 72 FF BF BF 4A 54 BD FB | T:3627021 RPD:1
[CH: 50] LEN: 12 | HEX: FA 76 F6 F6 7B FD FB 5F 16 B1 BF FF | T:3627051 RPD:1
[CH: 50] LEN: 12 | HEX: F2 76 FE F5 78 FF AF FB E3 BD BF FB | T:3627081 RPD:1
[CH: 50] LEN: 12 | HEX: FA 76 F4 F4 71 FF 7E FD 3D 5A AF F5 | T:3627111 RPD:1
[CH: 50] LEN: 12 | HEX: FA 76 FE F3 7E FF AF FB 09 A3 BF DF | T:3627141 RPD:1
[CH: 50] LEN: 12 | HEX: F2 76 F4 E2 7B AF FE BF D5 46 AF FF | T:3627171 RPD:1
[CH: 50] LEN: 12 | HEX: F2 76 FD F1 7C F5 BF 7B A0 48 AD AB | T:3627201 RPD:1
[CH: 50] LEN: 12 | HEX: FA 76 FE F0 79 FF 7F 77 74 AD BF BE | T:3627231 RPD:1
[CH: 50] LEN: 12 | HEX: F2 76 FE EF 62 F7 BE BF D2 47 AB 7F | T:3627261 RPD:1
[CH: 50] LEN: 12 | HEX: F2 76 FA EE 63 FD FD FF 0E A2 BF D9 | T:3627291 RPD:1
[CH: 50] LEN: 12 | HEX: F2 76 FE ED 60 F7 FE BF 7B AC AF FF | T:3627321 RPD:1
[CH: 50] LEN: 12 | HEX: FA 76 FE EC 61 FE BD 7F A7 49 AF 7B | T:3627351 RPD:1
[CH: 50] LEN: 12 | HEX: FA 76 F5 EB 66 F7 FE BF 91 B0 BF 7F | T:3627381 RPD:1
[CH: 50] LEN: 12 | HEX: FA 7E FE EA 67 F5 FF FF 4D 55 BE DF | T:3627411 RPD:1
[CH: 50] LEN: 12 | HEX: FA 76 FE E9 64 F7 FF AF 38 5B BF FB | T:3627441 RPD:1
[CH: 50] LEN: 12 | HEX: FA 76 FE E8 65 DF FA FF 44 BE BF DF | T:3627471 RPD:1
[CH: 50] LEN: 12 | HEX: FA 76 F4 E7 6A F7 7E FF 55 A9 AB BB | T:3627501 RPD:1
[CH: 50] LEN: 12 | HEX: FA 76 F4 E6 6B BD 7D FF 89 4C AF EE | T:3627531 RPD:1
[CH: 50] LEN: 12 | HEX: EA 76 FD E5 68 EF 7F 7F F8 42 AF B5 | T:3627561 RPD:1
[CH: 50] LEN: 12 | HEX: F2 76 FE E4 69 FF 5F EB 20 A7 3E FE | T:3627591 RPD:1
[CH: 50] LEN: 12 | HEX: FA 76 F4 E3 6E F7 FF D7 16 5E BE DE | T:3627620 RPD:1
[CH: 50] LEN: 12 | HEX: EA 76 FE E2 6F F5 F7 FD 4A B3 BF FD | T:3627650 RPD:1
[CH: 50] LEN: 12 | HEX: EA 76 FE E1 6C FF 7E FF BD B5 BF FF | T:3627680 RPD:1
[CH: 50] LEN: 12 | HEX: FA 76 FE E0 6D EA BD 7F 63 50 AF DE | T:3627710 RPD:1
[CH: 50] LEN: 12 | HEX: FA 76 FC DE 52 EF 7E FF DA 40 BD FF | T:3627740 RPD:1
[CH: 50] LEN: 12 | HEX: F2 76 FB FE 73 BB F5 FE 91 5F 6F DF | T:3627770 RPD:1
[CH: 50] LEN: 12 | HEX: F2 76 EE FD 70 F7 BE BF 64 51 AA DF | T:3627774 RPD:1
[CH: 50] LEN: 12 | HEX: F2 76 FE FC 71 F7 5E BF BC B4 BB FF | T:3627778 RPD:1
[CH: 50] LEN: 12 | HEX: FA 76 FA F3 76 F7 FF 7F 8E 4D AD FF | T:3627789 RPD:1
[CH: 50] LEN: 12 | HEX: FA 76 FE F2 77 BD FB FF 52 A8 AF FF | T:3627812 RPD:1
[CH: 50] LEN: 12 | HEX: F2 76 EA F1 74 FD BF AF 27 A6 AF FF | T:3627842 RPD:1
[CH: 50] LEN: 12 | HEX: FA 76 FE F8 75 FD 7E F7 D3 43 BF 5F | T:3627872 RPD:1
[CH: 50] LEN: 12 | HEX: EA 76 FE F7 7A FF 7E BF 4A 54 BD FB | T:3627902 RPD:1
[CH: 50] LEN: 12 | HEX: FA 76 FA F6 7B FD FF BF 56 B1 BD ED | T:3627932 RPD:1
[CH: 50] LEN: 12 | HEX: F2 76 FE F5 78 F6 BF FD E3 BD AF 77 | T:3627962 RPD:1
[CH: 50] LEN: 12 | HEX: F2 76 FE E4 79 FE BE FF 3F 5A BF FF | T:3627992 RPD:1
[CH: 50] LEN: 12 | HEX: F6 76 FA F3 7E F7 FF 7F 09 A3 EB BF | T:3628022 RPD:1
[CH: 50] LEN: 12 | HEX: F2 76 EE F2 7F 5F DA FE 95 46 BE FF | T:3628052 RPD:1
[CH: 50] LEN: 12 | HEX: F2 76 F6 F1 7C FB 5F F7 A0 48 AF FF | T:3628082 RPD:1
[CH: 50] LEN: 12 | HEX: F2 76 F6 F0 7D FE BF F5 78 AD BF BE | T:3628112 RPD:1
[CH: 50] LEN: 12 | HEX: F2 76 EA EE 62 FF FE FE D2 47 2D BF | T:3628142 RPD:1
[CH: 50] LEN: 12 | HEX: F2 76 FD EF 63 D7 FD F7 0E A2 AB EF | T:3628172 RPD:1
[CH: 50] LEN: 12 | HEX: F2 76 FD ED 60 FE BE AB 7B AC BD 7F | T:3628202 RPD:1
[CH: 50] LEN: 12 | HEX: F2 76 FE EC 61 EE BF FB A7 49 BF EB | T:3628232 RPD:1
[CH: 50] LEN: 12 | HEX: F2 76 FE EB 66 FF DF F5 91 B0 AF FF | T:3628262 RPD:1
[CH: 50] LEN: 12 | HEX: FA 76 FE EA 67 FB FF 7E CD 55 BE FF | T:3628292 RPD:1
[CH: 50] LEN: 12 | HEX: F2 76 EC E9 64 FF 5F FB 38 5B BF FF | T:3628322 RPD:1
[CH: 50] LEN: 12 | HEX: F2 76 F6 E8 65 DE FF EF E4 BC BF F7 | T:3628352 RPD:1
[CH: 50] LEN: 12 | HEX: FA 76 F6 E7 6A FF BF BD 55 A9 AF FF | T:3628382 RPD:1
[CH: 50] LEN: 12 | HEX: F2 76 ED E6 6B EF FB FF 49 4C AD B7 | T:3628412 RPD:1
[CH: 50] LEN: 12 | HEX: FA 76 FE E5 68 FE BE FF DC 42 AF FF | T:3628442 RPD:1
[CH: 50] LEN: 12 | HEX: F2 76 F5 F4 69 FD 7F 75 20 A7 AE FD | T:3628472 RPD:1
[CH: 50] LEN: 12 | HEX: FA 76 FE E3 6E F5 5F FA 16 5E BF 7F | T:3628502 RPD:1
[CH: 50] LEN: 12 | HEX: FA 76 F6 E2 6F EB D7 7E CA BB BF EB | T:3628532 RPD:1
[CH: 50] LEN: 12 | HEX: F2 76 F6 E1 6C FF 5E BF BE B5 BF DF | T:3628562 RPD:1
[CH: 50] LEN: 12 | HEX: FA 76 F6 E0 6D FE FE EB 63 50 AE FF | T:3628592 RPD:1
[CH: 50] LEN: 12 | HEX: FA 76 FE DE 52 FB 57 FD 72 40 AF 7F | T:3628622 RPD:1
[CH: 50] LEN: 12 | HEX: FA 76 FE FA 73 FE BF EB 11 5F BD DF | T:3628652 RPD:1
[CH: 50] LEN: 12 | HEX: F2 76 EA F5 70 F7 FF 7F 64 51 BF FF | T:3628655 RPD:1
[CH: 50] LEN: 12 | HEX: F2 76 FE FC 71 EE BE BF BC B4 BF AB | T:3628659 RPD:1
[CH: 50] LEN: 12 | HEX: FA 76 FE F3 76 F7 7E FF 8E 4D BF 9E | T:3628670 RPD:1
[CH: 50] LEN: 12 | HEX: F2 76 FC F2 77 77 EF FE D2 A8 AF FF | T:3628693 RPD:1
[CH: 50] LEN: 12 | HEX: F6 76 FA F1 74 EB 7D DF 27 26 AE EF | T:3628723 RPD:1
[CH: 50] LEN: 12 | HEX: EE 76 FE F0 75 FF 5F F5 F3 43 AF 7A | T:3628753 RPD:1
[CH: 50] LEN: 12 | HEX: FA 76 FE F7 7A F5 5F DA 4A 54 BF CA | T:3628783 RPD:1
[CH: 50] LEN: 12 | HEX: F2 76 F6 F6 7B FB FB FF 96 B1 BF FF | T:3628813 RPD:1
[CH: 50] LEN: 12 | HEX: FA 76 FE F5 78 F7 BF 5F E3 BF AF B7 | T:3628843 RPD:1
[CH: 50] LEN: 12 | HEX: F6 76 F4 F4 79 EF FD 7F 3F 5A AF FD | T:3628873 RPD:1
[CH: 50] LEN: 12 | HEX: FA 76 F4 F3 7E F5 FF 5F 09 A3 BF F9 | T:3628903 RPD:1
[CH: 50] LEN: 12 | HEX: FA 76 FE F2 75 5F 7F EB D5 46 AD DF | T:3628933 RPD:1
[CH: 50] LEN: 12 | HEX: F2 76 FE F1 7C FF 5F FD 20 48 AF F7 | T:3628963 RPD:1
[CH: 50] LEN: 12 | HEX: FA 76 FE F0 7D FF 5F FD 7C AD AF 6D | T:3628993 RPD:1
[CH: 50] LEN: 12 | HEX: EE 76 FE EF 62 FF BF F5 D2 47 AB DB | T:3629023 RPD:1
[CH: 50] LEN: 12 | HEX: FA 76 FA EE 63 FA FD FF 0E A2 BF 7F | T:3629053 RPD:1
[CH: 50] LEN: 12 | HEX: EE 76 F4 ED 60 FF AF FB 7B AC BF FE | T:3629083 RPD:1
[CH: 50] LEN: 12 | HEX: F2 76 FE EC 61 FE BE BF A7 49 B7 EA | T:3629113 RPD:1
[CH: 50] LEN: 12 | HEX: FA 76 F6 EB 66 FF 5F FE 91 B0 BF BF | T:3629143 RPD:1
[CH: 50] LEN: 12 | HEX: F2 76 FE EA 67 BD FD FF 4D 55 AD ED | T:3629173 RPD:1
[CH: 50] LEN: 12 | HEX: EA 76 FE E9 64 FF 7F 7B 38 5B AF FF | T:3629203 RPD:1
[CH: 50] LEN: 12 | HEX: FA 76 F4 E8 65 FE BF EB E4 BE BF FF | T:3629233 RPD:1
[CH: 50] LEN: 12 | HEX: FA 76 FE E7 6A FF 5F BF 55 A9 AF DD | T:3629263 RPD:1
[CH: 50] LEN: 12 | HEX: F2 76 FE E6 6B DF FD 7F 89 4C AD EF | T:3629293 RPD:1
[CH: 50] LEN: 12 | HEX: FA 76 FA E5 68 F7 5F 75 FA 42 AF D7 | T:3629323 RPD:1
[CH: 50] LEN: 12 | HEX: FA 76 FE E4 69 FE FD EF 20 A7 AE BF | T:3629353 RPD:1
[CH: 50] LEN: 12 | HEX: FA 76 EE E3 6E F7 FF 7F 16 5E BE BB | T:3629383 RPD:1
[CH: 50] LEN: 12 | HEX: F2 76 F6 E2 6F F7 FB BF 8A B7 BD 5F | T:3629413 RPD:1
[CH: 50] LEN: 12 | HEX: FA 76 FE E1 6C FF DF FD 3F B5 BF AA | T:3629443 RPD:1
[CH: 50] LEN: 12 | HEX: EA 76 FC E0 6D DA BF 7F 63 50 BF ED | T:3629473 RPD:1
[CH: 50] LEN: 12 | HEX: FA 76 F4 DF 52 FF B7 AE F2 40 BF 7B | T:3629503 RPD:1
[CH: 50] LEN: 12 | HEX: EA 76 FE F6 73 FB F7 BF 11 5E FB FD | T:3629533 RPD:1
[CH: 50] LEN: 12 | HEX: F6 76 FE ED 70 FF 5F F7 64 51 AE DD | T:3629536 RPD:1
[CH: 50] LEN: 12 | HEX: FA 76 F4 F4 71 ED FF FF B8 B4 AF FF | T:3629540 RPD:1
[CH: 50] LEN: 12 | HEX: F2 76 EC F3 76 FB FF 7F 8E 4D AF F7 | T:3629552 RPD:1
[CH: 50] LEN: 12 | HEX: FA 76 FC F2 77 FD 7F AF 52 A8 B6 FE | T:3629574 RPD:1
[CH: 50] LEN: 12 | HEX: FA 76 FE F1 74 FE BF 7F 27 A6 B5 F7 | T:3629604 RPD:1
[CH: 50] LEN: 12 | HEX: FA 76 FE F0 75 DE FE EB F3 43 BF 7F | T:3629634 RPD:1
[CH: 50] LEN: 12 | HEX: FA 76 F4 F7 7A F7 BE BF 4A 54 AF BE | T:3629664 RPD:1
[CH: 50] LEN: 12 | HEX: FA 76 FA F6 7B DF FB FF 96 B1 BF FF | T:3629693 RPD:1
[CH: 50] LEN: 12 | HEX: FA 76 F6 F5 78 F7 7F F7 D3 BF AF F7 | T:3629723 RPD:1
[CH: 50] LEN: 12 | HEX: F2 76 FE F4 79 EE BF 77 3E DA AE D5 | T:3629754 RPD:1
[CH: 50] LEN: 12 | HEX: FA 76 F6 F3 7E FF 5F 77 09 A3 BF FF | T:3629783 RPD:1
[CH: 50] LEN: 12 | HEX: FA 76 FE F2 7F DF FF F7 D5 46 BE DE | T:3629813 RPD:1
[CH: 50] LEN: 12 | HEX: FA 76 EE E1 74 FF 5F BB A0 48 BF EE | T:3629843 RPD:1
[CH: 50] LEN: 12 | HEX: FA 76 F6 F0 79 EF 7F 7E 7C AD AF FE | T:3629873 RPD:1
[CH: 50] LEN: 12 | HEX: EA 76 FE EE 62 F7 AF BF D2 47 3D BF | T:3629903 RPD:1
[CH: 50] LEN: 12 | HEX: FA 76 F5 EE 63 BA FA FF 0E A2 B5 5F | T:3629933 RPD:1
[CH: 50] LEN: 12 | HEX: EA 76 FE ED 60 FF 7E BF 7B AC AF FF | T:3629963 RPD:1
[CH: 50] LEN: 12 | HEX: EA 76 FE EC 61 FD 7D AF A7 49 AF F7 | T:3629993 RPD:1
[CH: 50] LEN: 12 | HEX: FA 76 F6 EB 66 F5 BF AF 91 B0 BF FE | T:3630023 RPD:1
[CH: 50] LEN: 12 | HEX: EA 76 FE EA 67 B9 FD 7F 4D 55 AF AF | T:3630053 RPD:1
[CH: 50] LEN: 12 | HEX: FA 76 FE E9 64 F7 BF 5F 38 5B BB F7 | T:3630083 RPD:1
[CH: 50] LEN: 12 | HEX: EA 76 FB E8 65 FF BF 7B E4 BC AD FE | T:3630113 RPD:1
[CH: 50] LEN: 12 | HEX: FA 76 F6 E7 6A F7 FE BF 55 A9 AF 7F | T:3630143 RPD:1
[CH: 50] LEN: 12 | HEX: F2 76 F4 E6 6B FD 7D FF 09 4C AF D7 | T:3630173 RPD:1
[CH: 50] LEN: 12 | HEX: FA 76 FE E5 68 FF 7F FB F4 42 BF BF | T:3630203 RPD:1
[CH: 50] LEN: 12 | HEX: F2 76 EE E4 69 DD 7D 7F 20 A7 AF F5 | T:3630233 RPD:1
[CH: 50] LEN: 12 | HEX: F2 76 FE E2 6F F5 F5 AF CA BB BF FF | T:3630293 RPD:1
[CH: 50] LEN: 12 | HEX: F2 76 F4 E1 6C EE BF 77 BF B5 AD FF | T:3630323 RPD:1
[CH: 50] LEN: 12 | HEX: F6 76 FE DE 52 EF FE BF E2 40 AE F7 | T:3630383 RPD:1
[CH: 50] LEN: 12 | HEX: F6 76 FE FE 73 ED 7D DF 11 5F AF FF | T:3630413 RPD:1
[CH: 50] LEN: 12 | HEX: FA 76 FE F5 70 FF BF BB 64 51 BF BF | T:3630417 RPD:1
[CH: 50] LEN: 12 | HEX: F2 76 FE FC 71 FE FF DF F8 B4 BF FF | T:3630420 RPD:1
[CH: 50] LEN: 12 | HEX: F6 76 FE F7 76 FB FF 5F 8E 4D AD FF | T:3630431 RPD:1
[CH: 50] LEN: 12 | HEX: F6 76 FE F1 74 FE FE FF 27 66 AF FE | T:3630483 RPD:1
[CH: 50] LEN: 12 | HEX: FA 76 FE F8 75 EE BF EB FB 43 AD FD | T:3630513 RPD:1
[CH: 50] LEN: 12 | HEX: F6 76 FE F7 7A FF 7D 7F 4A 54 AB FB | T:3630543 RPD:1
[CH: 50] LEN: 12 | HEX: FA 76 FE F6 7B BA F7 FF 16 B1 AE BF | T:3630573 RPD:1
[CH: 50] LEN: 12 | HEX: FA 76 FE F5 78 FF 7E EF C3 BF AF FF | T:3630603 RPD:1
[CH: 50] LEN: 12 | HEX: FA 76 FE E4 79 FF FD FF 3F 5A AA FE | T:3630633 RPD:1
[CH: 50] LEN: 12 | HEX: FA 76 FE F3 7E FF 7E FF 09 A3 AE ED | T:3630663 RPD:1
[CH: 50] LEN: 12 | HEX: F6 76 EA F2 7D EF AB F5 D5 46 BB FD | T:3630693 RPD:1
[CH: 50] LEN: 12 | HEX: FA 76 FE F1 7A EF 7E FF A0 48 AF FF | T:3630723 RPD:1
[CH: 50] LEN: 12 | HEX: FA 76 FE F0 7F FE BF F7 76 AD BF FF | T:3630753 RPD:1
[CH: 50] LEN: 12 | HEX: FA 76 FE EF 62 FF 5F BF D2 47 B7 AF | T:3630783 RPD:1
[CH: 50] LEN: 12 | HEX: FA 76 FE EE 63 EE FB FF 8E A2 AF FE | T:3630813 RPD:1
[CH: 50] LEN: 12 | HEX: FA 76 EE ED 60 EB FE FD 7B AC AF F4 | T:3630843 RPD:1
[CH: 50] LEN: 12 | HEX: F6 76 FA EC 61 FF 7D 7F A7 49 BF FD | T:3630873 RPD:1
[CH: 50] LEN: 12 | HEX: FA 76 FD EB 66 EE BD 7F 91 B0 BB 7F | T:3630903 RPD:1
[CH: 50] LEN: 12 | HEX: EA 76 FA E9 64 EF FD 7F 38 5B BF FF | T:3630962 RPD:1
[CH: 50] LEN: 12 | HEX: FA 76 F6 E8 65 DE FE DF A4 BA AD BF | T:3630992 RPD:1
[CH: 50] LEN: 12 | HEX: FA 76 EA E7 6A FB DE BF 55 A9 BF B7 | T:3631022 RPD:1
[CH: 50] LEN: 12 | HEX: FA 76 FE E6 6B FD 7D EB 89 4C BE FF | T:3631052 RPD:1
[CH: 50] LEN: 12 | HEX: F2 76 FA E5 68 FF 7E BB EC 42 BF 76 | T:3631082 RPD:1
[CH: 50] LEN: 12 | HEX: FA 76 F6 E4 69 DF FB FF 20 A7 2E FE | T:3631112 RPD:1
[CH: 50] LEN: 12 | HEX: EA 76 FA E3 6E EE FE FF 16 5E BF FF | T:3631142 RPD:1
[CH: 50] LEN: 12 | HEX: EE 76 EE E2 6F F5 FF DF CA BB 7F EF | T:3631172 RPD:1
[CH: 50] LEN: 12 | HEX: FA 76 EE E1 6C FE FE D7 BD B5 B5 FF | T:3631202 RPD:1
[CH: 50] LEN: 12 | HEX: FA 76 FE E0 6D D7 FF 5F 63 50 BD FF | T:3631232 RPD:1
[CH: 50] LEN: 12 | HEX: FA 76 FE DE 52 FF 5F 77 F2 40 BB FF | T:3631262 RPD:1
[CH: 50] LEN: 12 | HEX: FA 76 F4 FD 73 FA FF EB 11 5F BF EF | T:3631292 RPD:1
[CH: 50] LEN: 12 | HEX: FA 76 FA FB 70 F7 BE BE 64 51 AF FF | T:3631296 RPD:1
[CH: 50] LEN: 12 | HEX: FA 76 FE FC 71 FF 7F F5 B8 B4 BF FC | T:3631300 RPD:1
[CH: 50] LEN: 12 | HEX: F2 76 FE EF 76 F5 AF BF 8E 4D AF ED | T:3631311 RPD:1
[CH: 50] LEN: 12 | HEX: EA 76 EE F2 77 F5 7F AF 52 A8 AF FF | T:3631334 RPD:1
[CH: 50] LEN: 12 | HEX: F2 76 EC F1 74 F7 7F B7 27 26 BF FF | T:3631364 RPD:1
[CH: 50] LEN: 12 | HEX: F6 76 F6 F0 75 DD 7D FF BB 43 AF FF | T:3631394 RPD:1
[CH: 50] LEN: 12 | HEX: FA 76 FE F7 7A F7 FF BF 4A 54 AF FF | T:3631424 RPD:1
[CH: 50] LEN: 12 | HEX: FA 76 FE F6 7B ED FD FF 96 B1 BF 7F | T:3631454 RPD:1
[CH: 50] LEN: 12 | HEX: EA 76 FE F5 78 EE FD 7F B3 BE BF FB | T:3631484 RPD:1
[CH: 50] LEN: 12 | HEX: F2 76 FE F4 79 FF 7D 7F 3E DA AE FB | T:3631514 RPD:1
[CH: 50] LEN: 12 | HEX: FA 76 F5 F3 7D FF 7E FF 09 A3 BF AF | T:3631544 RPD:1
[CH: 50] LEN: 12 | HEX: FA 76 FE F2 7F D7 FF FD D5 46 AE F7 | T:3631574 RPD:1
[CH: 50] LEN: 12 | HEX: F6 76 FE F1 7C F7 DF 5F A0 48 AE BF | T:3631604 RPD:1
[CH: 50] LEN: 12 | HEX: FA 76 FE F0 7D F6 AF FA 7C AD BD DF | T:3631634 RPD:1
[CH: 50] LEN: 12 | HEX: F2 76 F4 EF 62 FD DF B5 D2 47 BF FB | T:3631664 RPD:1
[CH: 50] LEN: 12 | HEX: FA 76 FA ED 60 FF D7 FF FB AC BD FE | T:3631724 RPD:1
[CH: 50] LEN: 12 | HEX: F2 76 FE EC 61 DE BF FD 27 49 AB FB | T:3631754 RPD:1
[CH: 50] LEN: 12 | HEX: FA 76 EE EB 66 F7 7F BA 91 B0 BE 7F | T:3631784 RPD:1
[CH: 50] LEN: 12 | HEX: F2 76 FA EA 67 BE BF F5 4D 55 AF AF | T:3631814 RPD:1
[CH: 50] LEN: 12 | HEX: FA 7B BD 00 81 D7 FE FD 3C 2E AF FF | T:3632031 RPD:1
[CH: 50] LEN: 12 | HEX: F2 7B FF 00 81 FE FF F5 38 2E AF A6 | T:3632031 RPD:1
[CH: 50] LEN: 12 | HEX: F1 77 FE FA FE 70 FF AF 92 9E BF FF | T:3632062 RPD:1
[CH: 50] LEN: 12 | HEX: F9 77 AB F4 FE 72 FF AF B8 75 AF 5E | T:3632068 RPD:1
[CH: 50] LEN: 12 | HEX: F1 77 AC FE F5 70 F7 AB 92 9E AF FF | T:3632071 RPD:1
[CH: 50] LEN: 12 | HEX: F9 77 FE FB FE 73 FF 77 25 1C BE FF | T:3632074 RPD:1
[CH: 50] LEN: 12 | HEX: F9 77 FF FC F4 72 FF B7 B8 7D AF FE | T:3632085 RPD:1
[CH: 50] LEN: 12 | HEX: F1 77 FF FC F5 70 FB D7 92 9E BF FE | T:3632086 RPD:0
[CH: 50] LEN: 12 | HEX: E9 7F BA FD FE 73 DF FF A5 1C B7 F5 | T:3632097 RPD:1
[CH: 50] LEN: 12 | HEX: F9 77 BB F4 FE 72 EF 5F B8 79 BF FF | T:3632108 RPD:1
[CH: 50] LEN: 12 | HEX: F9 77 FF FE FD 70 FB 5F 92 9E BF FD | T:3632108 RPD:0
[CH: 50] LEN: 12 | HEX: F1 77 DD FE FC 70 F7 5F 12 9E AB FE | T:3632120 RPD:1
[CH: 50] LEN: 12 | HEX: F9 77 D6 F5 FE 73 FE BF 25 1C AF FF | T:3632120 RPD:0
[CH: 50] LEN: 12 | HEX: F1 77 B4 F8 FA 72 FF AF B8 7D BE FD | T:3632131 RPD:1
[CH: 50] LEN: 12 | HEX: F9 77 FC F4 F6 72 EE AF B8 7D AF EA | T:3632143 RPD:1
[CH: 50] LEN: 12 | HEX: F1 77 BA F5 EA 70 F7 5F 92 9E BF 7F | T:3632143 RPD:1
[CH: 50] LEN: 12 | HEX: F1 77 FC FE FE 70 FE BF 12 9E AF DF | T:3632154 RPD:1
[CH: 50] LEN: 12 | HEX: F9 77 5D FE FE 70 DE FE D2 9C AB FE | T:3632154 RPD:0
[CH: 50] LEN: 12 | HEX: F9 77 74 F5 FC 77 DF FE 25 1C AF F7 | T:3632166 RPD:1
[CH: 50] LEN: 12 | HEX: F1 77 DD FD FE 73 DF FA 25 1C BF FD | T:3632166 RPD:0
[CH: 50] LEN: 12 | HEX: F1 77 BE E8 EA 72 FE BE B8 79 AF F7 | T:3632177 RPD:1
[CH: 50] LEN: 12 | HEX: F5 77 BC F4 F6 72 FF 5F B8 79 BF 7F | T:3632189 RPD:1
[CH: 50] LEN: 12 | HEX: F1 77 7A F6 F5 70 FF 5F 92 9E BF EA | T:3632189 RPD:0
[CH: 50] LEN: 12 | HEX: F9 77 DE FD FE 73 FF 7F 25 1C BF F7 | T:3632200 RPD:1
[CH: 50] LEN: 12 | HEX: F1 77 6C FD FE 73 FD 7F 25 1E AF DF | T:3632200 RPD:0
[CH: 50] LEN: 12 | HEX: F1 77 BD F4 F6 72 F7 7F 78 79 BF 4A | T:3632212 RPD:1
[CH: 50] LEN: 12 | HEX: F9 77 FD F8 F4 72 FB 5F 38 7D B7 FF | T:3632223 RPD:1
[CH: 50] LEN: 12 | HEX: F9 77 AC FE F6 70 FF D7 92 9E BF FD | T:3632223 RPD:0
[CH: 50] LEN: 12 | HEX: F1 77 FE FE FE 70 FF BF 92 9E AE FF | T:3632235 RPD:1
[CH: 50] LEN: 12 | HEX: F9 77 FE FE F5 70 FF AF 92 9E BF EF | T:3632235 RPD:0
[CH: 50] LEN: 12 | HEX: F5 77 F5 FD EE 73 FE BF 25 1C AF FF | T:3632246 RPD:1
[CH: 50] LEN: 12 | HEX: F1 77 AC F7 FE 73 DF FA 25 1E BF EE | T:3632246 RPD:0
[CH: 50] LEN: 12 | HEX: F1 77 BD FC F5 72 FF 5F B8 75 AB B7 | T:3632258 RPD:1
[CH: 50] LEN: 12 | HEX: F9 77 D6 FC FE 72 FF DF B8 7D BD FD | T:3632269 RPD:1
[CH: 50] LEN: 12 | HEX: F9 77 FD ED FE 70 F7 5F 92 9C BF 7F | T:3632269 RPD:0
[CH: 50] LEN: 12 | HEX: F9 77 7D FD EB 7B FD 7F 25 1C BF FF | T:3632280 RPD:1
[CH: 50] LEN: 12 | HEX: F1 77 FE F9 FE 73 FE AF 25 1C BF DB | T:3632281 RPD:1
[CH: 50] LEN: 12 | HEX: F9 77 FA F8 FE 72 FF AF B8 7D BF FF | T:3632292 RPD:1
[CH: 50] LEN: 12 | HEX: F1 77 AC FD FE 73 EF 5F 25 1C B7 BE | T:3632303 RPD:1
[CH: 50] LEN: 12 | HEX: F9 77 FF FC FE 72 FF D7 B8 7D AB 7F | T:3632304 RPD:0
[CH: 50] LEN: 12 | HEX: F1 77 BB FC F6 72 FF AF B8 79 BF DF | T:3632315 RPD:1
[CH: 50] LEN: 12 | HEX: F9 7F BC F4 FE 70 F7 AF 92 9E BF FB | T:3632315 RPD:0
[CH: 50] LEN: 12 | HEX: F9 77 FB F5 FE 73 FE BF 25 1C BF FF | T:3632326 RPD:1
[CH: 50] LEN: 12 | HEX: F9 77 FF FD FE 73 DE AF 25 1C B7 EF | T:3632338 RPD:1
[CH: 50] LEN: 12 | HEX: F9 77 BE F4 FA 72 FF FF B8 7D BF FF | T:3632338 RPD:0
[CH: 50] LEN: 12 | HEX: F9 77 BB E8 EE 72 E9 47 B8 79 AD FF | T:3632349 RPD:1
[CH: 50] LEN: 12 | HEX: F9 77 DB FA FE 70 FF D7 92 9E B6 FD | T:3632350 RPD:0
[CH: 50] LEN: 12 | HEX: F9 77 FD FD FE 73 FD 5F 25 1C AD FD | T:3632361 RPD:1
[CH: 50] LEN: 12 | HEX: F9 77 FD FE FA 70 FF AB 92 9E BF FF | T:3632361 RPD:0
[CH: 50] LEN: 12 | HEX: F9 77 DE FD FE 73 FE BF 25 1C BD B6 | T:3632372 RPD:1
[CH: 50] LEN: 12 | HEX: F9 77 FE FD F6 73 FF AF 25 1C BF FE | T:3632384 RPD:1
[CH: 50] LEN: 12 | HEX: F9 77 DD FA FE 70 FB 7F 92 9E BF F6 | T:3632384 RPD:0
[CH: 50] LEN: 12 | HEX: F9 77 DE FC FE 72 FF FB B8 7D AF E9 | T:3632395 RPD:1
[CH: 50] LEN: 12 | HEX: F1 77 DC EA EC 70 FF 5F D2 9E BD DF | T:3632396 RPD:0
[CH: 50] LEN: 12 | HEX: F9 77 D4 FC FE 72 FF D7 B8 7D BF FF | T:3632407 RPD:1
[CH: 50] LEN: 12 | HEX: F9 77 FF FD FE 73 FE BB 25 1C AB FD | T:3632418 RPD:1
[CH: 50] LEN: 12 | HEX: F1 77 FE F8 FC 72 FF D7 78 7D BD FF | T:3632418 RPD:0
[CH: 50] LEN: 12 | HEX: F9 77 FE FC FE 72 FF D7 B8 7D BB FD | T:3632430 RPD:1
[CH: 50] LEN: 12 | HEX: F1 77 FB FC F6 7A FE BF B8 79 BF FF | T:3632430 RPD:0
[CH: 50] LEN: 12 | HEX: F1 77 BC EE FE 70 FF D7 92 9E AF DF | T:3632441 RPD:1
[CH: 50] LEN: 12 | HEX: F9 77 EA FC FA 70 FB D7 92 9E BE F7 | T:3632442 RPD:0
[CH: 50] LEN: 12 | HEX: F1 77 DC FD FE 73 FE BF 25 1C BF D6 | T:3632453 RPD:1
[CH: 50] LEN: 12 | HEX: F9 77 FE FD FE 73 FF AD A5 1C BF F6 | T:3632464 RPD:1
[CH: 50] LEN: 12 | HEX: F1 77 FE FE FE 70 FF DA D2 9E BF BF | T:3632464 RPD:0
[CH: 50] LEN: 12 | HEX: F9 77 FD FC FC 72 F7 BF B8 7D AF FF | T:3632476 RPD:1
[CH: 50] LEN: 12 | HEX: F9 77 D6 FE F6 70 FF D7 92 9E B7 7D | T:3632476 RPD:0
[CH: 50] LEN: 12 | HEX: F9 77 DC F5 FE 73 FF 5F 25 1C AD BF | T:3632487 RPD:1
[CH: 50] LEN: 12 | HEX: F9 77 FE FD FE 73 FF EA A5 1C AA FD | T:3632499 RPD:1
[CH: 50] LEN: 12 | HEX: F9 77 FF FC FE 72 FF D7 B8 7D AF F7 | T:3632499 RPD:0
[CH: 50] LEN: 12 | HEX: F9 77 FE F5 F4 73 FF 5F 25 1C AF EF | T:3632510 RPD:1
[CH: 50] LEN: 12 | HEX: F9 77 FF FC FC 72 F7 5F B8 7D BF FB | T:3632510 RPD:0
[CH: 50] LEN: 12 | HEX: F1 77 B6 FE FE 70 FF BF 92 9E BD FF | T:3632522 RPD:1
[CH: 50] LEN: 12 | HEX: F9 77 FD FE FA 70 FF D7 52 9E BA AA | T:3632533 RPD:0
[CH: 50] LEN: 12 | HEX: F9 77 FB FD FE 73 DD BE 25 1C AD FE | T:3632533 RPD:0
[CH: 50] LEN: 12 | HEX: F9 77 DE FE FE 70 FF AF 92 9E BF FF | T:3632544 RPD:1
[CH: 50] LEN: 12 | HEX: F9 77 BC F9 FE 73 DF AF 25 1C BD D7 | T:3632545 RPD:0
[CH: 50] LEN: 12 | HEX: F9 77 DC FC FE 72 FA D7 B8 79 BF DA | T:3632556 RPD:1
[CH: 50] LEN: 12 | HEX: F9 77 FE FC FE 70 FF EB 92 9E AF 7E | T:3632556 RPD:0
[CH: 50] LEN: 12 | HEX: F9 77 FE F4 FE 72 FB D7 B8 7D AF BF | T:3632568 RPD:1
[CH: 50] LEN: 12 | HEX: F9 77 FE FD FE 73 FF AE A5 1C BF FF | T:3632579 RPD:1
[CH: 50] LEN: 12 | HEX: F1 77 FE FC FE 72 FF D7 78 7D BF BB | T:3632579 RPD:0
[CH: 50] LEN: 12 | HEX: F9 77 FE FC F6 72 FF D7 B8 7D AF BF | T:3632590 RPD:1
[CH: 50] LEN: 12 | HEX: F9 77 DC FC F6 72 FF 5F B8 7D BF DB | T:3632591 RPD:0
[CH: 50] LEN: 12 | HEX: F9 77 EE FE FE 70 FF EA 92 9E BB 7F | T:3632602 RPD:1
[CH: 50] LEN: 12 | HEX: F9 77 FE FE F6 70 FF FF 92 9E BF 75 | T:3632613 RPD:1
[CH: 50] LEN: 12 | HEX: F9 77 FE FD FE 73 FF 5F 25 1C BB AD | T:3632614 RPD:0
[CH: 50] LEN: 12 | HEX: F9 77 DE FD FE 73 FF 5A 25 1C BF FF | T:3632625 RPD:1
[CH: 50] LEN: 12 | HEX: F1 77 BD FC FC 72 FF F7 78 7D AF FF | T:3632625 RPD:0
[CH: 50] LEN: 12 | HEX: F9 77 FD F4 FA 70 FF FB 92 9E AF EF | T:3632636 RPD:1
[CH: 50] LEN: 12 | HEX: F9 77 FE FA FE 70 FF EB 92 9E AB F7 | T:3632637 RPD:0
[CH: 50] LEN: 12 | HEX: F1 77 FE FD FE 73 BE FF 25 1C AB 7A | T:3632648 RPD:1
[CH: 50] LEN: 12 | HEX: F9 77 FB FD F6 73 FD 7F 25 1C AF 5F | T:3632659 RPD:1
[CH: 50] LEN: 12 | HEX: F9 77 AD F8 FA 72 F7 57 B8 79 BF FF | T:3632660 RPD:0
[CH: 50] LEN: 12 | HEX: F1 77 BC FF FE 73 FE BF 25 1C AF DF | T:3632671 RPD:1
[CH: 50] LEN: 12 | HEX: F1 77 DE FA FE 72 FF BF B8 79 AF FF | T:3632671 RPD:1
[CH: 50] LEN: 12 | HEX: F1 77 F4 FD FE 73 FF 7F 25 1C BF FF | T:3632682 RPD:1
[CH: 50] LEN: 12 | HEX: F1 77 BD FF FE 70 FF EF 92 9E BF FE | T:3632694 RPD:1
[CH: 50] LEN: 12 | HEX: F1 77 FD ED FE 73 FD 2F 25 1C BE EB | T:3632694 RPD:0
[CH: 50] LEN: 12 | HEX: F1 77 FD F9 EE 73 AE BF 25 1C BF FF | T:3632705 RPD:1
[CH: 50] LEN: 12 | HEX: F9 77 FA F8 FE 72 FB DF B8 7D B5 7B | T:3632706 RPD:0
[CH: 50] LEN: 12 | HEX: F9 77 FF FA FC 78 FF BF 92 9E BF BF | T:3632717 RPD:1
[CH: 50] LEN: 12 | HEX: F9 77 FD FE FE 70 FB 5F 92 9C BF FC | T:3632728 RPD:1
[CH: 50] LEN: 12 | HEX: F1 77 FB F9 EC 73 BA FF 25 1C BF FF | T:3632728 RPD:0
[CH: 50] LEN: 12 | HEX: F1 77 EE F5 EA 73 FF 5F 25 1C BF F5 | T:3632740 RPD:1
[CH: 50] LEN: 12 | HEX: F1 77 FC FD EC 73 DD 7E A5 1C B7 FE | T:3632740 RPD:0
[CH: 50] LEN: 12 | HEX: F1 77 BA F4 FE 72 F7 FE B8 79 BF F5 | T:3632751 RPD:1
[CH: 50] LEN: 12 | HEX: F9 77 EE F4 F4 72 FF D7 B8 79 AF DF | T:3632751 RPD:0
[CH: 50] LEN: 12 | HEX: F1 77 FD FE FE 70 FD D7 92 9E AF FF | T:3632763 RPD:1
[CH: 50] LEN: 12 | HEX: F9 77 FB F4 FE 70 EF FD 12 9E AB FF | T:3632774 RPD:1
[CH: 50] LEN: 12 | HEX: F1 77 FD F5 FE 73 AD 7D A5 1C BE FF | T:3632774 RPD:1
[CH: 50] LEN: 12 | HEX: F1 77 FE FD FE 73 DA FF 25 1C BF 6E | T:3632786 RPD:1
[CH: 50] LEN: 12 | HEX: F1 77 DD F5 FE 73 FD FA A5 1C AF FF | T:3632786 RPD:0
[CH: 50] LEN: 12 | HEX: F1 77 7B FC F6 72 F7 FF B8 79 AF F7 | T:3632797 RPD:1
[CH: 50] LEN: 12 | HEX: ED 77 FA E8 FD 72 F7 5F 38 75 BF FD | T:3632808 RPD:1
[CH: 50] LEN: 12 | HEX: F9 77 74 FE F6 70 FE BF 12 9E AF FE | T:3632809 RPD:0
[CH: 50] LEN: 12 | HEX: F1 77 FA FE FE 70 EB 7E 92 9E BF EF | T:3632820 RPD:1
[CH: 50] LEN: 12 | HEX: F9 77 DE ED FE 73 FA FD 25 1E BF FF | T:3632820 RPD:0
[CH: 50] LEN: 12 | HEX: F9 77 FA FC FA 72 FF 7F B8 7D BB FF | T:3632832 RPD:1
[CH: 50] LEN: 12 | HEX: F9 77 FD FC FF 72 FF 5F B8 7D AE FD | T:3632832 RPD:0
[CH: 50] LEN: 12 | HEX: F1 77 FA FE FE 70 FF EB 92 9E BF EA | T:3632843 RPD:1
[CH: 50] LEN: 12 | HEX: F1 77 B9 FE FA 70 F7 BF 92 9E BB FD | T:3632854 RPD:1
[CH: 50] LEN: 12 | HEX: F9 77 FD FD F5 73 FD 7F 25 1C BF FD | T:3632855 RPD:0
[CH: 50] LEN: 12 | HEX: F9 77 F9 FD EC 7B FF FE 25 1C AF F7 | T:3632866 RPD:1
[CH: 50] LEN: 12 | HEX: F9 77 FF F9 FE 73 FE BF 25 1C BF FD | T:3632866 RPD:0
[CH: 50] LEN: 12 | HEX: F1 77 BD F4 FE 72 F5 5F B8 77 BE FF | T:3632878 RPD:1
[CH: 50] LEN: 12 | HEX: F1 77 B9 FC F6 72 F7 5F B8 7D BE FD | T:3632889 RPD:1
[CH: 50] LEN: 12 | HEX: F9 77 BD FE FE 70 FE AF 92 9E AB FF | T:3632889 RPD:0
[CH: 50] LEN: 12 | HEX: F1 77 BB FA F4 70 FF AF 92 9C AF FF | T:3632900 RPD:1
[CH: 50] LEN: 12 | HEX: F9 77 FA FD EE 73 FF 5F 25 1C B7 DF | T:3632901 RPD:0
[CH: 50] LEN: 12 | HEX: F9 77 FE FC FE 72 FF D7 B8 7B BF FF | T:3632912 RPD:1
[CH: 50] LEN: 12 | HEX: F9 77 DE F4 FE 72 FF AE B8 7D AD 5F | T:3632923 RPD:1
[CH: 50] LEN: 12 | HEX: F9 7F FD FE F6 70 FB FF 92 9C BF FB | T:3632924 RPD:0
[CH: 50] LEN: 12 | HEX: D1 77 AC E8 EA 72 FF AF B0 75 BB FF | T:3632935 RPD:1
[CH: 50] LEN: 12 | HEX: F9 77 DD FE FE 70 FF AF 92 9E AF FF | T:3632935 RPD:0
[CH: 50] LEN: 12 | HEX: F1 77 FB FD FE 73 FD 7E 25 1C BF 7F | T:3632946 RPD:1
[CH: 50] LEN: 12 | HEX: F9 77 FC F5 DD 73 FD 7D 25 1E BF FF | T:3632947 RPD:0
[CH: 50] LEN: 12 | HEX: F9 77 FA F4 FC 72 FF 55 B8 7D AF FF | T:3632958 RPD:1
[CH: 50] LEN: 12 | HEX: F1 77 B9 EA EA 72 FF 5F 3C 79 BF F5 | T:3632969 RPD:1
[CH: 50] LEN: 12 | HEX: F9 77 BC FE FE 70 FE BF 92 9E AF DE | T:3632969 RPD:0
[CH: 50] LEN: 12 | HEX: F9 77 FA FE F6 70 FF AF 92 9E AF FF | T:3632981 RPD:1
[CH: 50] LEN: 12 | HEX: F9 77 7D FD FE 73 BA FF 25 1C BF FF | T:3632981 RPD:0
[CH: 50] LEN: 12 | HEX: F1 77 FA F4 F6 72 FB EB B8 79 BE FF | T:3632992 RPD:1
[CH: 50] LEN: 12 | HEX: F9 77 FF FD F6 73 DE BE 25 1C AF 5D | T:3633004 RPD:1
[CH: 50] LEN: 12 | HEX: F9 77 BD FC FA 7A FF AF B8 75 AF FF | T:3633004 RPD:0
[CH: 50] LEN: 12 | HEX: F1 77 FA FC EE 72 F7 5F B8 75 BF FF | T:3633015 RPD:1
[CH: 50] LEN: 12 | HEX: F1 77 FD FE FE 70 FF AF 92 9E BD FD | T:3633015 RPD:0
[CH: 50] LEN: 12 | HEX: F1 77 B5 F9 FE 73 DF FD 25 1C BF FF | T:3633027 RPD:1
[CH: 50] LEN: 12 | HEX: F9 77 FE ED FE 73 FE BF 25 1E AF F6 | T:3633027 RPD:0
[CH: 50] LEN: 12 | HEX: F1 77 FD F8 FA 72 FF AF B8 7D BF BF | T:3633038 RPD:1
[CH: 50] LEN: 12 | HEX: F9 77 FD FA FE 72 FB BF B8 79 BF D7 | T:3633050 RPD:1
[CH: 50] LEN: 12 | HEX: F1 77 FE F4 FA 70 FF D7 92 9E AB BB | T:3633050 RPD:0
[CH: 50] LEN: 12 | HEX: F9 77 FD FE FE 70 FF AB 92 9E AA FF | T:3633061 RPD:1
[CH: 50] LEN: 12 | HEX: F9 77 FC FA FE 70 F7 D7 92 9E BF FF | T:3633061 RPD:0
[CH: 50] LEN: 12 | HEX: F9 77 DC FD FE 73 FF 7E 25 1C AF FF | T:3633073 RPD:1
[CH: 50] LEN: 12 | HEX: F9 77 FF F9 F6 73 FF 5F 25 1C BF FF | T:3633084 RPD:1
[CH: 50] LEN: 12 | HEX: F1 77 DC FC F6 72 FF 5F 38 7D AF 7F | T:3633084 RPD:0
[CH: 50] LEN: 12 | HEX: F1 77 FD F4 FE 72 FF AF B8 7D BF F5 | T:3633096 RPD:1
[CH: 50] LEN: 12 | HEX: F1 77 FE FE FE 70 FF D7 92 9E BD FF | T:3633096 RPD:0
[CH: 50] LEN: 12 | HEX: F1 77 BE FD FA 73 DF 5F 25 1C AE FA | T:3633107 RPD:1
[CH: 50] LEN: 12 | HEX: F9 77 FE F5 F6 73 FF 7F 25 1C BE 7F | T:3633118 RPD:1
[CH: 50] LEN: 12 | HEX: F9 77 FD EA FE 7A EF BF 38 7D AE DE | T:3633119 RPD:0
[CH: 50] LEN: 12 | HEX: F1 77 D6 FC F4 72 FF 5F B8 79 BF FE | T:3633130 RPD:1
[CH: 50] LEN: 12 | HEX: F9 77 FA F8 F6 72 FA FF B8 79 BF 6F | T:3633130 RPD:0
[CH: 50] LEN: 12 | HEX: F1 77 BC FE FE 70 FF BF 12 9C BF BF | T:3633142 RPD:1
[CH: 50] LEN: 12 | HEX: E9 77 BD FE FE 70 FF AF 92 9F BD 5F | T:3633142 RPD:0
[CH: 50] LEN: 12 | HEX: F9 77 DD F9 FC 73 FD 7F 25 1C AE FF | T:3633153 RPD:1
[CH: 50] LEN: 12 | HEX: F9 77 FD F5 FC 73 FF 7D A5 1E BF FF | T:3633164 RPD:1
[CH: 50] LEN: 12 | HEX: F1 77 F5 FC FE 72 FF 5F 78 7D B7 D6 | T:3633165 RPD:0
[CH: 50] LEN: 12 | HEX: F1 77 DD FC FE 72 FF D7 B8 79 BF FF | T:3633176 RPD:1
[CH: 50] LEN: 12 | HEX: F1 77 7A FE FE 70 FF 5F 92 9E BE FF | T:3633176 RPD:0
[CH: 50] LEN: 12 | HEX: F1 77 BC F5 FD 73 AE FD 25 1C BF FF | T:3633187 RPD:1
[CH: 50] LEN: 12 | HEX: F1 77 FD FD F6 73 FD 7E 25 1C BF FF | T:3633199 RPD:1
[CH: 50] LEN: 12 | HEX: ED 77 AB F8 FE 72 FB FF 78 7B BF F7 | T:3633199 RPD:0
[CH: 50] LEN: 12 | HEX: F9 7F 7C FD F4 73 FF BF 25 1C AF DE | T:3633210 RPD:1
[CH: 50] LEN: 12 | HEX: F9 77 F4 F8 FA 72 FF BA B8 7D BF FF | T:3633211 RPD:0
[CH: 50] LEN: 12 | HEX: F9 77 FE F6 F6 70 EF FE D2 9E AF FA | T:3633222 RPD:1
[CH: 50] LEN: 12 | HEX: F9 77 FD F6 FC 70 FF D7 92 9E BB B7 | T:3633222 RPD:0
[CH: 50] LEN: 12 | HEX: F1 7F B9 F4 FE 72 FA AF B8 7D AF FF | T:3633233 RPD:1
[CH: 50] LEN: 12 | HEX: F5 77 DE F7 FE 7B D6 FF 25 1C BE FD | T:3633245 RPD:1
[CH: 50] LEN: 12 | HEX: F9 77 FD FC FE 72 FF 5F B8 7D AF DF | T:3633245 RPD:0
[CH: 50] LEN: 12 | HEX: F9 77 D6 FC FE 72 F5 AF B8 7D BE FF | T:3633256 RPD:1
[CH: 50] LEN: 12 | HEX: F9 77 EC FE F6 70 FF 7F 12 9E AF DF | T:3633257 RPD:0
[CH: 50] LEN: 12 | HEX: F9 77 FE EB FE 73 AF FE A5 1C AE AA | T:3633268 RPD:1
[CH: 50] LEN: 12 | HEX: F1 77 FB FE FE 70 F7 AF 92 9E BB FF | T:3633279 RPD:1
[CH: 50] LEN: 12 | HEX: F1 77 DD FB FC 73 FD 7F 25 1C BF DB | T:3633279 RPD:0
[CH: 50] LEN: 12 | HEX: F1 77 BD FD F6 73 FF 5F 25 1C AB EF | T:3633291 RPD:1
[CH: 50] LEN: 12 | HEX: F9 77 FB EA EA 72 FD BF BC 7D AB FF | T:3633291 RPD:0
[CH: 50] LEN: 12 | HEX: F9 77 BC FC FE 70 FF D6 D2 9E BE FF | T:3633302 RPD:1
[CH: 50] LEN: 12 | HEX: F1 77 FD FE FE 70 F6 BF D2 9E BE AF | T:3633314 RPD:1
[CH: 50] LEN: 12 | HEX: F9 77 FE FD FE 73 FE BF 25 1C AF FF | T:3633314 RPD:1
[CH: 50] LEN: 12 | HEX: F1 77 DB FD FE 73 D5 FF 25 1C AE FF | T:3633325 RPD:1
[CH: 50] LEN: 12 | HEX: F9 77 FE FC FE 72 FF AF B8 7D BF FF | T:3633325 RPD:0
[CH: 50] LEN: 12 | HEX: F9 77 DF FE FE 70 F7 AF 92 9E AF FF | T:3633337 RPD:1
[CH: 50] LEN: 12 | HEX: F9 77 FE FA FE 72 FF AB B8 79 AF DF | T:3633337 RPD:0
[CH: 50] LEN: 12 | HEX: F9 77 FA FE EA 70 FF AF 92 9E BB FD | T:3633348 RPD:1
[CH: 50] LEN: 12 | HEX: F1 77 BF F4 FE 70 FF 5F 92 9C AD FF | T:3633360 RPD:1
[CH: 50] LEN: 12 | HEX: F9 77 FB FD DC 73 FD 7F 25 1C BD FF | T:3633360 RPD:0
[CH: 50] LEN: 12 | HEX: F9 77 FC FD FE 73 DE BE 25 1C AF BE | T:3633371 RPD:1
[CH: 50] LEN: 12 | HEX: F9 77 DE FC F6 72 FF D7 38 7D AF FF | T:3633371 RPD:0
[CH: 50] LEN: 12 | HEX: F9 77 BB F6 FE 78 EF 57 12 9E BE BB | T:3633383 RPD:1
[CH: 50] LEN: 12 | HEX: F1 77 FE FE FE 70 FF D7 92 9E AF 6F | T:3633394 RPD:1
[CH: 50] LEN: 12 | HEX: F9 77 FE FD EA 73 DF 5A 25 1C BF FF | T:3633394 RPD:0
[CH: 50] LEN: 12 | HEX: F9 77 F6 F5 FA 73 FE BF 25 1C BF DE | T:3633406 RPD:1
[CH: 50] LEN: 12 | HEX: F9 77 FA F9 DE 73 DD 7E 25 1C AF EF | T:3633406 RPD:0
[CH: 50] LEN: 12 | HEX: F9 77 FE FC EE 72 FF F5 B8 7D B7 FB | T:3633417 RPD:1
[CH: 50] LEN: 12 | HEX: F1 77 FD FC EE 72 FF AF B8 7D BE FD | T:3633417 RPD:0
[CH: 50] LEN: 12 | HEX: F9 77 FB F4 FE 78 FF AF 92 9E BF FF | T:3633429 RPD:1
[CH: 50] LEN: 12 | HEX: F9 77 FF FE FE 70 FF EB 12 9E BF FF | T:3633440 RPD:1
[CH: 50] LEN: 12 | HEX: F9 77 AC F5 DE 73 FE BF 25 1E BF FF | T:3633440 RPD:0
[CH: 50] LEN: 12 | HEX: F9 77 D4 F5 FE 73 FF 7F 25 1C BD 6F | T:3633451 RPD:1
[CH: 50] LEN: 12 | HEX: F9 77 D6 FC FA 72 F7 BF B8 79 BB FF | T:3633452 RPD:1
[CH: 50] LEN: 12 | HEX: E9 77 FB FE FE 70 F7 55 52 9E AF FF | T:3633463 RPD:1
[CH: 50] LEN: 12 | HEX: F1 77 FE FD FA 70 FA D7 92 9E AF FD | T:3633474 RPD:1
[CH: 50] LEN: 12 | HEX: F1 77 FF F9 FE 73 FF BF 25 1C BF FE | T:3633475 RPD:0
[CH: 50] LEN: 12 | HEX: F9 77 DE FD FA 70 FF FE 92 9E BF FF | T:3633486 RPD:1
[CH: 50] LEN: 12 | HEX: F9 77 FB E8 FC 72 FF AF B8 7D BD EE | T:3633486 RPD:0
[CH: 50] LEN: 12 | HEX: F9 7F DD FE FE 70 FF D7 92 9E BF DF | T:3633497 RPD:1
[CH: 50] LEN: 12 | HEX: F9 77 FF FC FE 72 FF AF B8 7D BF EF | T:3633509 RPD:1
[CH: 50] LEN: 12 | HEX: F9 77 FF FE F6 78 FF BF 12 9E BF FF | T:3633509 RPD:0
[CH: 50] LEN: 12 | HEX: F1 77 FD FE FC 70 FF D5 92 9E BE FB | T:3633520 RPD:1
[CH: 50] LEN: 12 | HEX: F5 77 FA ED FE 73 FD 7F A5 1E BF FF | T:3633521 RPD:1
[CH: 50] LEN: 12 | HEX: F9 77 FF FC F6 72 FF D7 B8 7D AF FF | T:3633532 RPD:1
[CH: 50] LEN: 12 | HEX: F1 77 FD F4 F4 72 FF EB 38 7D BB FF | T:3633532 RPD:0
[CH: 50] LEN: 12 | HEX: F1 77 DC FE FE 70 FF D7 92 9E AF FD | T:3633543 RPD:1
[CH: 50] LEN: 12 | HEX: F9 77 EE FC F5 72 FF AF B8 79 BF FE | T:3633555 RPD:1
[CH: 50] LEN: 12 | HEX: F9 77 FC FD F6 73 BE FD 25 1C AF BB | T:3633555 RPD:0
[CH: 50] LEN: 12 | HEX: F9 77 DD FC F6 70 FF D7 92 9E AB 7B | T:3633566 RPD:1
[CH: 50] LEN: 12 | HEX: F9 77 BD F5 FC 73 FF 5F 25 1C BF 7F | T:3633567 RPD:0
[CH: 50] LEN: 12 | HEX: F9 77 FD FC FE 72 FF AB B8 7D AA FF | T:3633578 RPD:1
[CH: 50] LEN: 12 | HEX: F9 77 FD E8 FE 72 FB DB B8 7D BF FF | T:3633589 RPD:1
[CH: 50] LEN: 12 | HEX: F9 77 FE FE FA 70 FF D7 92 9E BF FF | T:3633589 RPD:0
[CH: 50] LEN: 12 | HEX: F1 77 FE FE FE 70 FF FB 12 9E BF FE | T:3633601 RPD:1
[CH: 50] LEN: 12 | HEX: F1 77 FD F5 FA 70 FF D7 92 9E AF BF | T:3633601 RPD:0
[CH: 50] LEN: 12 | HEX: F9 77 FE F9 FE 73 FF 5F 25 1C BF FD | T:3633612 RPD:1
[CH: 50] LEN: 12 | HEX: F9 77 FE ED EE 73 FF 5F 25 1C AF FB | T:3633613 RPD:0
[CH: 50] LEN: 12 | HEX: F9 77 FE F8 FE 72 FB D7 B8 7D AF 7E | T:3633624 RPD:1
[CH: 50] LEN: 12 | HEX: F9 75 FA FC FE 72 FB 57 B8 7D BE FF | T:3633635 RPD:1
[CH: 50] LEN: 12 | HEX: F9 77 FE FE FE 70 FF AB 92 9E BF AE | T:3633635 RPD:0
[CH: 50] LEN: 12 | HEX: F9 77 DE FE FE 70 FF AB 92 9E AF FF | T:3633647 RPD:1
[CH: 50] LEN: 12 | HEX: F1 77 7E FD EE 73 FD 7F 25 1C BE FF | T:3633647 RPD:0
[CH: 50] LEN: 12 | HEX: F9 77 FE EA FE 72 FF D5 B8 7D B7 5B | T:3633658 RPD:1
[CH: 50] LEN: 12 | HEX: F9 77 FD FC FE 72 FF D7 B8 79 B7 FF | T:3633670 RPD:1
[CH: 50] LEN: 12 | HEX: F9 77 FB F6 FE 70 FF AF 92 9E AD BF | T:3633670 RPD:0
[CH: 50] LEN: 12 | HEX: F9 77 EA FC FA 72 FF EF 38 7D AF FF | T:3633681 RPD:1
[CH: 50] LEN: 12 | HEX: F9 77 FE FE FC 70 FF EB D2 9E AF FD | T:3633681 RPD:0
[CH: 50] LEN: 12 | HEX: F9 77 FE FD EE 73 FF AD A5 1C BF FD | T:3633693 RPD:1
[CH: 50] LEN: 12 | HEX: F9 77 EE F9 F4 73 FF 57 25 1C BB DF | T:3633704 RPD:1
[CH: 50] LEN: 12 | HEX: F9 77 FB FC FE 72 FF 57 B8 7D AF BF | T:3633704 RPD:0
[CH: 50] LEN: 12 | HEX: F9 77 DD FC FE 72 FF 57 38 7D BF FF | T:3633715 RPD:1
[CH: 50] LEN: 12 | HEX: F9 77 FE FE FE 70 FF DF 92 9E BF FF | T:3633716 RPD:0
[CH: 50] LEN: 12 | HEX: F9 77 FE FD F6 73 FF AB 25 1C BF FF | T:3633727 RPD:1
[CH: 50] LEN: 12 | HEX: F9 77 FE FD FE 73 FF D5 25 1C BF FF | T:3633727 RPD:0
[CH: 50] LEN: 12 | HEX: F1 77 B8 FC FE 72 FB D5 BC 7D BF AA | T:3633739 RPD:1
[CH: 50] LEN: 12 | HEX: F9 77 FE FD EE 73 FF D7 25 1C BF FF | T:3633750 RPD:1
[CH: 50] LEN: 12 | HEX: F9 77 FD FC FE 72 FF EB B8 7D B7 FD | T:3633750 RPD:0
[CH: 50] LEN: 12 | HEX: F9 77 EE FC FE 72 FF EB B8 7D AE FD | T:3633761 RPD:1
[CH: 50] LEN: 12 | HEX: F9 77 FE F6 FE 70 F6 BF 92 9E BB FF | T:3633762 RPD:0
[CH: 50] LEN: 12 | HEX: F1 77 FE F5 FE 73 FF AD A5 1C BF 77 | T:3633773 RPD:1
[CH: 50] LEN: 12 | HEX: F1 77 FE FD FE 73 F7 F5 25 1C AF AD | T:3633784 RPD:1
[CH: 50] LEN: 12 | HEX: FD 77 DE FC FE 72 FF D5 B8 7D AF FE | T:3633785 RPD:0
[CH: 50] LEN: 12 | HEX: F9 77 DE FC FE 72 FF D7 B8 7D AF FF | T:3633796 RPD:1
[CH: 50] LEN: 12 | HEX: F9 77 FA FE FE 70 FF EB 92 9E AD BF | T:3633796 RPD:0
[CH: 50] LEN: 12 | HEX: F1 77 FC F5 FE 73 FF 5F 25 1C AD 7E | T:3633807 RPD:1
[CH: 50] LEN: 12 | HEX: F9 77 FE F6 FA 70 FF EB 12 9E BF FF | T:3633808 RPD:0
[CH: 50] LEN: 12 | HEX: F9 77 FE F5 FE 73 FF 57 25 1C BE BF | T:3633819 RPD:1
[CH: 50] LEN: 12 | HEX: F9 77 FE FD FE 73 ED 7F 25 1C BB BB | T:3633830 RPD:1
[CH: 50] LEN: 12 | HEX: F1 77 FE FC FE 72 FF F7 B8 7D AF F7 | T:3633831 RPD:0
[CH: 50] LEN: 12 | HEX: F9 77 FE FC FE 72 FF D7 B8 7D BF FF | T:3633842 RPD:1
[CH: 50] LEN: 12 | HEX: F9 77 FE F6 FE 70 FF EE D2 9E AB 7D | T:3633842 RPD:0
[CH: 50] LEN: 12 | HEX: F1 77 DE FD FE 73 FF D7 25 1C AF FB | T:3633853 RPD:1
[CH: 50] LEN: 12 | HEX: F9 77 FE FD EE 73 FF 5F 25 1E BE FB | T:3633865 RPD:1
[CH: 50] LEN: 12 | HEX: F9 77 FF FC F6 72 FF AB B8 7D AF F7 | T:3633865 RPD:0
[CH: 50] LEN: 12 | HEX: F5 77 5A FC FE 72 FF EB B8 7D BD FF | T:3633876 RPD:1
[CH: 50] LEN: 12 | HEX: F9 77 FE F8 F4 72 FF FE B8 7D AF FD | T:3633877 RPD:0
[CH: 50] LEN: 12 | HEX: F1 77 FE FE F4 70 FF F5 12 9E BC BF | T:3633888 RPD:1
[CH: 50] LEN: 12 | HEX: F1 77 FC FE FE 70 FF 5F 92 9E BF 7F | T:3633899 RPD:1
[CH: 50] LEN: 12 | HEX: F9 77 FE F5 FE 73 FE AF 25 1C BB FF | T:3633899 RPD:0
[CH: 50] LEN: 12 | HEX: F1 77 FE FD FE 73 FF 56 A5 1C AF FA | T:3633911 RPD:1
[CH: 50] LEN: 12 | HEX: F9 77 FC FC FE 72 FA AB B8 7B BF EF | T:3633911 RPD:0
[CH: 50] LEN: 12 | HEX: F9 77 FB F6 F6 70 F5 FF 92 9C BF EF | T:3633922 RPD:1
[CH: 50] LEN: 12 | HEX: FD 77 DE FE FE 70 FF D7 12 9E AF FF | T:3633922 RPD:0
[CH: 50] LEN: 12 | HEX: F9 77 FE F9 FE 73 FF F6 A5 1C BD FF | T:3633934 RPD:1
[CH: 50] LEN: 12 | HEX: F5 77 FE FD FA 73 FE BF 25 1C BF FB | T:3633945 RPD:1
[CH: 50] LEN: 12 | HEX: F9 77 FD FC FC 72 FF EB 38 7D AF BB | T:3633945 RPD:0
[CH: 50] LEN: 12 | HEX: F9 77 FE F9 FE 73 F7 2A 25 1C BE F9 | T:3633957 RPD:1
[CH: 50] LEN: 12 | HEX: F9 77 FC FC FE 72 FD FA B8 7D BF FB | T:3633957 RPD:0
[CH: 50] LEN: 12 | HEX: F9 77 FD FE EE 70 FF AB 92 9E AB FF | T:3633968 RPD:1
[CH: 50] LEN: 12 | HEX: F9 77 FE FE FE 70 FF D7 92 9E BF 77 | T:3633979 RPD:1
[CH: 50] LEN: 12 | HEX: F9 77 FE FD FE 73 FF FA 25 1C BF DF | T:3633980 RPD:0
[CH: 50] LEN: 12 | HEX: F9 77 FE F9 FE 73 FF 5F 25 1C BF FE | T:3633991 RPD:1
[CH: 50] LEN: 12 | HEX: F1 77 FF FC FC 72 FF AB B8 7D BD BB | T:3633991 RPD:0
[CH: 50] LEN: 12 | HEX: F9 7F FE FE F4 70 FD F5 92 9E BF DE | T:3634003 RPD:1
[CH: 50] LEN: 12 | HEX: F9 77 FE FC FE 70 FF FD 12 9E BF EF | T:3634003 RPD:0
[CH: 50] LEN: 12 | HEX: F9 77 FE FD FE 73 FF D5 25 1C BF FF | T:3634014 RPD:1
[CH: 50] LEN: 12 | HEX: E9 77 55 F4 EA 70 EA 8F 92 9C AD 7B | T:3634025 RPD:1
[CH: 50] LEN: 12 | HEX: F9 77 FE F9 FC 73 FF EF 25 1C AF 75 | T:3634026 RPD:0
[CH: 50] LEN: 12 | HEX: F1 77 DE FD FE 73 FF B7 25 1C BF AF | T:3634037 RPD:1
[CH: 50] LEN: 12 | HEX: F9 77 FE F4 FA 72 FF EB 38 7D BF FF | T:3634037 RPD:0
[CH: 50] LEN: 12 | HEX: F1 77 FE FE F4 70 EF EA 92 9E BD FF | T:3634049 RPD:1
[CH: 50] LEN: 12 | HEX: F5 77 FE FE FE 70 F7 AF 92 9E BF FF | T:3634060 RPD:1
[CH: 50] LEN: 12 | HEX: F9 77 FD F5 FE 73 FE AD 25 1C AF BD | T:3634060 RPD:1
[CH: 50] LEN: 12 | HEX: F9 77 FE FD FE 73 FF AE 25 1C BF 7F | T:3634071 RPD:1
[CH: 50] LEN: 12 | HEX: F1 77 FE FD FE 73 FF D7 25 1C BF F7 | T:3634072 RPD:0
[CH: 50] LEN: 12 | HEX: F9 77 FC FC F6 72 FF AB B8 7D AF 5F | T:3634083 RPD:1
[CH: 50] LEN: 12 | HEX: F9 77 DC FC FE 72 FF D7 B8 7D AF FF | T:3634094 RPD:1
[CH: 50] LEN: 12 | HEX: F1 77 AE EA F6 70 FF F5 52 9E AF FF | T:3634095 RPD:0
[CH: 50] LEN: 12 | HEX: F9 77 5A F6 FE 70 FF D7 92 9E AB FF | T:3634106 RPD:1
[CH: 50] LEN: 12 | HEX: F9 77 FA FD FE 73 F7 5F 25 1C BF EB | T:3634106 RPD:0
[CH: 50] LEN: 12 | HEX: F9 77 5C F4 F4 72 F5 41 38 79 AF FB | T:3634117 RPD:1
[CH: 50] LEN: 12 | HEX: F9 77 FE F4 FE 72 FF D5 B8 7D BF F7 | T:3634118 RPD:0
[CH: 50] LEN: 12 | HEX: F9 77 FE FE FE 70 FF F5 52 9E AE EF | T:3634129 RPD:1
[CH: 50] LEN: 12 | HEX: F9 77 FE FE FE 70 FF EB 92 9E AE F7 | T:3634140 RPD:1
[CH: 50] LEN: 12 | HEX: E9 77 FC FD FE 73 AF FE A5 1C BB FB | T:3634140 RPD:0
[CH: 50] LEN: 12 | HEX: F9 77 FE FD EE 73 FF DE A5 1C BF BF | T:3634152 RPD:1
[CH: 50] LEN: 12 | HEX: F9 77 FA FD F6 73 FF EE 25 1C BF BF | T:3634152 RPD:0
[CH: 50] LEN: 12 | HEX: F9 77 DC F4 FE 72 FF AB B8 7D BF FF | T:3634163 RPD:1
[CH: 50] LEN: 12 | HEX: F9 77 FD F4 F4 72 FF AB 38 7D BE DF | T:3634175 RPD:1
[CH: 50] LEN: 12 | HEX: F9 77 FF FA FE 70 FF EF 92 9E BF FF | T:3634175 RPD:0
[CH: 50] LEN: 12 | HEX: F9 77 FD F6 FE 70 FF AB 92 9E AF FD | T:3634186 RPD:1
[CH: 50] LEN: 12 | HEX: F9 77 FE FD FE 73 DF 56 25 1C BF FF | T:3634186 RPD:0
[CH: 50] LEN: 12 | HEX: F1 77 FE FC FA 72 FF EB 38 7D BD EF | T:3634198 RPD:1
[CH: 50] LEN: 12 | HEX: F5 77 FE FC FE 72 F7 D7 38 7D BF FE | T:3634198 RPD:1
[CH: 50] LEN: 12 | HEX: F9 77 FE FE FE 70 FF AF 92 9E B5 4B | T:3634209 RPD:1
[CH: 50] LEN: 12 | HEX: F1 77 FD F8 FE 72 F7 D7 B8 79 AF FF | T:3634221 RPD:1
[CH: 50] LEN: 12 | HEX: F1 77 FE FA FE 70 FF D7 92 9E BF EF | T:3634221 RPD:0
[CH: 50] LEN: 12 | HEX: F9 77 FE FE F6 70 FF D5 92 9E AB FE | T:3634232 RPD:1
[CH: 50] LEN: 12 | HEX: F9 77 FD FD FE 73 FF AB 25 1C BF F7 | T:3634232 RPD:0
[CH: 50] LEN: 12 | HEX: F1 77 DC FC FE 72 FF EB 78 7D AE FF | T:3634244 RPD:1
[CH: 50] LEN: 12 | HEX: F9 77 FE FC FA 72 FF F5 38 7D BF DF | T:3634255 RPD:1
[CH: 50] LEN: 12 | HEX: F9 77 FD FA FE 70 FF FA 92 9E AF 5F | T:3634255 RPD:0
[CH: 50] LEN: 12 | HEX: F9 77 DE FA FE 70 FF 5F 92 9E BA FF | T:3634267 RPD:1
[CH: 50] LEN: 12 | HEX: F9 77 FE FD FE 73 FE 97 25 1C BF FB | T:3634267 RPD:0
[CH: 50] LEN: 12 | HEX: F9 77 FE FC FE 72 FF EA B8 7D BD FE | T:3634278 RPD:1
[CH: 50] LEN: 12 | HEX: F9 77 FE FD FE 73 FF DB 25 1C AF FF | T:3634289 RPD:1
[CH: 50] LEN: 12 | HEX: F9 77 FE F8 FE 72 FF 57 B8 7D BB DF | T:3634290 RPD:0
[CH: 50] LEN: 12 | HEX: F9 77 FE FC FE 72 FF D5 B8 7D AF FB | T:3634301 RPD:1
[CH: 50] LEN: 12 | HEX: F1 77 FE FE FE 70 FF EB 92 9E AF FF | T:3634301 RPD:0
[CH: 50] LEN: 12 | HEX: F9 77 BD FD F6 73 FF 56 A5 1C AB 7E | T:3634313 RPD:1
[CH: 50] LEN: 12 | HEX: F9 7F FC F9 FE 73 FE AE 25 1C BF FF | T:3634313 RPD:0
[CH: 50] LEN: 12 | HEX: F9 77 FF FC F6 72 FF EA B8 7D AF 7E | T:3634324 RPD:1
[CH: 50] LEN: 12 | HEX: F9 77 FE FC FE 72 F5 EB B8 7D BF FF | T:3634335 RPD:1
[CH: 50] LEN: 12 | HEX: F9 77 FE FE FE 70 FF D5 12 9E AB AF | T:3634336 RPD:0
[CH: 50] LEN: 12 | HEX: F9 77 EE FE FE 70 F7 FF 92 9E BF FF | T:3634347 RPD:1
[CH: 50] LEN: 12 | HEX: F9 77 FE FE FE 70 FF D5 12 9E AA BE | T:3634347 RPD:0
[CH: 50] LEN: 12 | HEX: F9 77 FE FD FE 73 FF B7 25 1C BF EF | T:3634358 RPD:1
[CH: 50] LEN: 12 | HEX: F9 77 DD FD FE 73 FF 5F 25 1E BF 7F | T:3634370 RPD:1
[CH: 50] LEN: 12 | HEX: E9 77 FE FC FE 72 FF A5 B8 7D BF DB | T:3634370 RPD:0
[CH: 50] LEN: 12 | HEX: F9 77 FE F8 FE 72 FF FB B8 7D BB 6B | T:3634381 RPD:1
[CH: 50] LEN: 12 | HEX: F9 77 FE FE F5 70 FF FF 92 9E BF AA | T:3634382 RPD:0
[CH: 50] LEN: 12 | HEX: F9 77 DE FD FE 73 FF 6A 25 1C AF 7F | T:3634393 RPD:1
[CH: 50] LEN: 12 | HEX: F9 77 FE FD FE 73 FF AE 25 1C BB 7D | T:3634393 RPD:0
[CH: 50] LEN: 12 | HEX: FD 77 BD FC FE 72 FF FA B8 7D BF FF | T:3634404 RPD:1
[CH: 50] LEN: 12 | HEX: F5 77 BE F4 FE 72 FB D5 B8 7D BF EF | T:3634416 RPD:1
[CH: 50] LEN: 12 | HEX: F9 77 FE FE FE 70 FF D7 92 9E BF 7D | T:3634416 RPD:0
[CH: 50] LEN: 12 | HEX: F9 77 FE FC FE 72 FF D5 38 7D BE CB | T:3634427 RPD:1
[CH: 50] LEN: 12 | HEX: F9 77 7C FE FE 70 FF EE 92 9E BD FB | T:3634428 RPD:0
[CH: 50] LEN: 12 | HEX: F1 77 FE FD FD 73 FE AF 25 1C BF F7 | T:3634439 RPD:1
[CH: 50] LEN: 12 | HEX: F9 77 FE FD FE 73 FF DF 25 1C BE FF | T:3634450 RPD:1
[CH: 50] LEN: 12 | HEX: F9 77 DC FC FE 72 FF EB BC 7D AF DF | T:3634450 RPD:0
[CH: 50] LEN: 12 | HEX: F9 77 FE F4 FE 72 FF 5F B8 7D BF FF | T:3634462 RPD:1
[CH: 50] LEN: 12 | HEX: F9 77 FE FE FE 70 FF EB 92 9E BD 7B | T:3634462 RPD:0
[CH: 50] LEN: 12 | HEX: F9 77 BE FD FE 73 BD 3F 25 1C AB FB | T:3634473 RPD:1
[CH: 50] LEN: 12 | HEX: F9 77 FC FD F6 73 FF AE A5 1C AF F7 | T:3634485 RPD:1
[CH: 50] LEN: 12 | HEX: F9 77 FE FC FE 72 FF D5 38 7D BF 7F | T:3634485 RPD:0
[CH: 50] LEN: 12 | HEX: E9 77 FE F5 F6 73 D7 97 25 1C BF F7 | T:3634496 RPD:1
[CH: 50] LEN: 12 | HEX: F9 77 FE FC FE 72 FF D2 B8 79 BF F7 | T:3634496 RPD:1
[CH: 50] LEN: 12 | HEX: F1 77 FE FE FE 78 FF D5 92 9E BF AF | T:3634508 RPD:1
[CH: 50] LEN: 12 | HEX: F9 77 FC FC F6 70 F7 D7 92 9E BF F7 | T:3634508 RPD:0
[CH: 50] LEN: 12 | HEX: F9 77 FD FD FE 73 FF AA 25 1C BD EF | T:3634519 RPD:1
[CH: 50] LEN: 12 | HEX: F9 77 FE FD FE 73 DD 5F 25 1C BF FF | T:3634531 RPD:1
[CH: 50] LEN: 12 | HEX: F9 77 DE FC FE 72 FF D5 B8 7D AF EF | T:3634531 RPD:0
[CH: 50] LEN: 12 | HEX: F1 77 BE F8 FE 72 FF EA B8 7D BF DF | T:3634542 RPD:1
[CH: 50] LEN: 12 | HEX: F9 77 FE FE FE 70 F7 FF 92 9E B7 FD | T:3634542 RPD:0
[CH: 50] LEN: 12 | HEX: F9 77 FE F5 FC 73 EE AF 25 1C A7 EF | T:3634554 RPD:1
[CH: 50] LEN: 12 | HEX: F9 77 FC FE FE 70 FB AF 92 9F BD BF | T:3634565 RPD:1
[CH: 50] LEN: 12 | HEX: F9 77 FE FD EE 73 FF 56 25 1C AF FF | T:3634565 RPD:0
[CH: 50] LEN: 12 | HEX: F9 77 FE FD FE 73 FF AA 25 1C BB FA | T:3634576 RPD:1
[CH: 50] LEN: 12 | HEX: F9 77 FE FC FE 72 FD EA 78 7D AF 7F | T:3634577 RPD:0
[CH: 50] LEN: 12 | HEX: F9 77 FE F6 FE 70 F7 AA 92 9E AE FF | T:3634588 RPD:1
[CH: 50] LEN: 12 | HEX: F9 77 FE FE FE 70 FF D5 92 9E AB FF | T:3634588 RPD:0
[CH: 50] LEN: 12 | HEX: F9 77 FF FD F6 73 FF DF 25 1C AE FF | T:3634600 RPD:1
[CH: 50] LEN: 12 | HEX: F9 77 BE F9 FA 73 FF AF 25 1C BA FF | T:3634611 RPD:1
[CH: 50] LEN: 12 | HEX: F9 77 EE FC F6 72 FF EB B8 79 BF DF | T:3634611 RPD:0
[CH: 50] LEN: 12 | HEX: F9 77 DE FC FE 72 FF D7 B8 7D AF FB | T:3634622 RPD:1
[CH: 50] LEN: 12 | HEX: F9 77 FE F8 FE 72 FF AB B8 7D BF FF | T:3634623 RPD:0
[CH: 50] LEN: 12 | HEX: F1 77 FE FE FE 70 FD 57 92 9E BF DF | T:3634634 RPD:1
[CH: 50] LEN: 12 | HEX: F9 77 AE FE FE 70 FF D6 92 9E AF 7E | T:3634645 RPD:1
[CH: 50] LEN: 12 | HEX: F9 77 AC FD FE 73 ED 5B A5 1C BF 5D | T:3634646 RPD:0
[CH: 50] LEN: 12 | HEX: F1 77 FE FD F6 73 FE BF 25 1C AF FF | T:3634657 RPD:1
[CH: 50] LEN: 12 | HEX: F1 77 7C FC EE 72 FF D5 38 79 BF FE | T:3634657 RPD:0
[CH: 50] LEN: 12 | HEX: F9 77 FD FE F5 70 FF D5 92 9E AF FF | T:3634668 RPD:1
[CH: 50] LEN: 12 | HEX: F9 77 FC FE FE 70 FF F5 12 9E BF FF | T:3634680 RPD:1
[CH: 50] LEN: 12 | HEX: F9 77 FE F9 EC 73 FF F5 25 1C BF BB | T:3634680 RPD:0
[CH: 50] LEN: 12 | HEX: F5 77 7C F5 DE 73 FD 7F 25 1C BF EF | T:3634691 RPD:1
[CH: 50] LEN: 12 | HEX: F9 77 FE FD FE 73 FF D7 25 1C B7 EB | T:3634692 RPD:0
[CH: 50] LEN: 12 | HEX: F9 77 DC FC FE 72 FF EB 38 7D AF FF | T:3634703 RPD:1
[CH: 50] LEN: 12 | HEX: F9 77 FD FC FE 72 FF D7 B8 7D BF DF | T:3634703 RPD:0
[CH: 50] LEN: 12 | HEX: F9 77 FE FA F4 70 FF F5 92 9E AB 7D | T:3634714 RPD:1
[CH: 50] LEN: 12 | HEX: F9 77 FE EE FE 70 FF D5 92 9E AF BE | T:3634726 RPD:1
[CH: 50] LEN: 12 | HEX: F9 77 FE F5 FE 73 FF 56 A5 1C BD FF | T:3634726 RPD:0
[CH: 50] LEN: 12 | HEX: F9 77 FE F9 F6 73 EF 57 25 1C BF 7F | T:3634737 RPD:1
[CH: 50] LEN: 12 | HEX: FD 77 EE FC FE 72 FF F5 B8 7D BF B7 | T:3634738 RPD:1
[CH: 50] LEN: 12 | HEX: F9 77 BD FE FE 70 F7 EA 92 9E BD FF | T:3634749 RPD:1
[CH: 50] LEN: 12 | HEX: F9 77 FC FE FE 70 EA E5 12 9E BF EB | T:3634760 RPD:1
[CH: 50] LEN: 12 | HEX: F9 77 BE FD FE 73 DF 57 25 1C BF FF | T:3634760 RPD:0
[CH: 50] LEN: 12 | HEX: F9 77 FE FE FE 70 FF F5 92 9E BD FF | T:3634772 RPD:1
[CH: 50] LEN: 12 | HEX: F9 77 DE FD ED 73 FD 5F 25 1C BF FB | T:3634772 RPD:0
[CH: 50] LEN: 12 | HEX: F9 77 FE FC FE 72 FF F5 B8 7D AF FF | T:3634783 RPD:1
[CH: 50] LEN: 12 | HEX: F9 77 FE FC FE 72 F6 BF B8 79 AE 9F | T:3634783 RPD:0
[CH: 50] LEN: 12 | HEX: F9 77 FD FE FA 70 FF 5F 52 9E BB BF | T:3634795 RPD:1
[CH: 50] LEN: 12 | HEX: F9 77 FE FE FE 70 FB FF 92 9E AF DF | T:3634806 RPD:0
[CH: 50] LEN: 12 | HEX: F1 77 DC FC FE 72 FF D5 38 79 AF EF | T:3634806 RPD:0
[CH: 50] LEN: 12 | HEX: E9 77 BA 80 00 71 FF 5E AD C7 3F FA | T:3634826 RPD:1
[CH: 50] LEN: 12 | HEX: F9 77 FF 00 00 71 FF 5F 2D E7 AB FE | T:3634827 RPD:1
[CH: 50] LEN: 12 | HEX: F8 6D FF 00 FE FC 97 FF 68 9F AF FB | T:3634856 RPD:1
[CH: 50] LEN: 12 | HEX: F8 6D FF 00 FE FC 97 FF 68 9E BD FD | T:3634857 RPD:1
[CH: 50] LEN: 12 | HEX: F9 77 FA 00 00 71 97 AA AF 64 AF FF | T:3635126 RPD:1
[CH: 50] LEN: 12 | HEX: F9 77 FC 80 00 71 97 BD 2F 64 AD 5F | T:3635126 RPD:1
[CH: 50] LEN: 12 | HEX: F8 6D FE 00 FE F8 97 FD E8 9E AF F6 | T:3635156 RPD:1
[CH: 50] LEN: 12 | HEX: F8 6D FF 00 FE FC 97 FE E8 9E BB BF | T:3635157 RPD:1
[CH: 50] LEN: 12 | HEX: F9 77 FA 80 00 71 97 FE EF 64 BF FF | T:3635425 RPD:1
[CH: 50] LEN: 12 | HEX: F9 77 FF 80 00 71 97 BD 6F 64 BF FB | T:3635426 RPD:1
[CH: 50] LEN: 12 | HEX: F8 6D FF 00 F6 FC 97 FD 68 9E BF AA | T:3635456 RPD:1
[CH: 50] LEN: 12 | HEX: F0 6D DF 00 EE F4 97 FE E8 9E B6 FF | T:3635457 RPD:1
[CH: 50] LEN: 12 | HEX: F1 77 FF 00 00 71 97 7A AF 64 BE AE | T:3635726 RPD:1
[CH: 50] LEN: 12 | HEX: F0 6D F7 00 FE E8 97 DA 68 9D BF EF | T:3635756 RPD:1
[CH: 50] LEN: 12 | HEX: F8 6D FF 00 FE FC 97 FF E8 9E AA FF | T:3635756 RPD:1
[CH: 50] LEN: 12 | HEX: F1 77 DE 80 00 71 97 79 AF 64 AD FF | T:3636025 RPD:1
[CH: 50] LEN: 12 | HEX: F9 77 FE 80 00 71 97 FD 6F 64 AB FB | T:3636025 RPD:1
[CH: 50] LEN: 12 | HEX: F0 6D FE 80 EA F4 97 D6 68 9C AD FF | T:3636055 RPD:1
[CH: 50] LEN: 12 | HEX: F8 6D FF 00 FE F8 97 FF 68 9E AF BF | T:3636056 RPD:1
[CH: 50] LEN: 12 | HEX: F1 77 FA 00 00 71 97 FD 2F 64 BF F7 | T:3636324 RPD:1
[CH: 50] LEN: 12 | HEX: E9 77 FA 80 00 71 97 FF 6F 64 BF AD | T:3636325 RPD:1
[CH: 50] LEN: 12 | HEX: F0 6D FF 00 F6 F8 97 BA 68 9E BF FF | T:3636355 RPD:1
[CH: 50] LEN: 12 | HEX: F8 6D D5 00 FE FC 97 BA E8 9C BF EF | T:3636356 RPD:1
[CH: 50] LEN: 12 | HEX: F9 77 FF 00 00 71 97 EF 6F 64 AE DF | T:3636624 RPD:1
[CH: 50] LEN: 12 | HEX: F9 77 FA 80 00 71 97 DD 2F 64 AF FF | T:3636625 RPD:1
[CH: 50] LEN: 12 | HEX: F8 6D FA 80 EE FC 97 FC 68 9E BE EF | T:3636655 RPD:1
[CH: 50] LEN: 12 | HEX: F0 6D FF 00 FA FC 97 BD E8 9E BE FF | T:3636655 RPD:1
[CH: 50] LEN: 12 | HEX: F1 77 FD 00 00 71 97 FD 2F 64 B7 FF | T:3636924 RPD:1
[CH: 50] LEN: 12 | HEX: F9 77 DE 00 00 71 97 FD 2F 64 BE FF | T:3636925 RPD:1
[CH: 50] LEN: 12 | HEX: F8 6D FE 00 FA FA 97 AF 68 9F BF FE | T:3636954 RPD:1
[CH: 50] LEN: 12 | HEX: F8 6D EF 00 FE FC 97 BE E8 9D BF FF | T:3636955 RPD:1
[CH: 50] LEN: 12 | HEX: F9 77 FF 40 00 71 97 FF 6F 64 BF F7 | T:3637224 RPD:1
[CH: 50] LEN: 12 | HEX: F9 77 DD 00 00 71 97 FA AF 64 AF AF | T:3637224 RPD:1
[CH: 50] LEN: 12 | HEX: F0 6D FF 00 EA FC 97 DE 68 9E BF FE | T:3637254 RPD:1
[CH: 50] LEN: 12 | HEX: F8 6D FF 00 FE FC 97 FE 68 9E AF FF | T:3637255 RPD:1
[CH: 50] LEN: 12 | HEX: F1 77 FC 80 00 71 97 FD 2E 64 B5 FA | T:3637523 RPD:1
[CH: 50] LEN: 12 | HEX: F9 77 FD 80 00 71 97 BD AF 64 AD FF | T:3637524 RPD:1
[CH: 50] LEN: 12 | HEX: F0 6D FE 80 FE F4 97 7A 68 9C B7 DD | T:3637555 RPD:1
[CH: 50] LEN: 12 | HEX: F5 77 FE 80 00 71 97 FE AF 64 BF FB | T:3637823 RPD:1
[CH: 50] LEN: 12 | HEX: F9 77 DE 80 00 71 97 DA AF 64 BF FF | T:3637824 RPD:1
[CH: 50] LEN: 12 | HEX: F8 6D EF 00 FE FC 97 BA 68 9E AF FF | T:3637854 RPD:1
[CH: 50] LEN: 12 | HEX: F8 6D FF 00 FC FC 97 FE E8 9E AD FF | T:3637854 RPD:1
[CH: 50] LEN: 12 | HEX: F1 77 FA 00 00 71 97 FE AF 64 BE DF | T:3638123 RPD:1
[CH: 50] LEN: 12 | HEX: F9 77 FE 80 00 71 97 FF AF 64 BF DF | T:3638124 RPD:1
[CH: 50] LEN: 12 | HEX: F0 6D FF 00 F5 F8 97 7C E8 9C BD DF | T:3638153 RPD:1
[CH: 50] LEN: 12 | HEX: F8 6D FE 00 FE FC 97 F5 68 9E AF F7 | T:3638154 RPD:1
[CH: 50] LEN: 12 | HEX: E9 77 F7 00 00 71 97 BD 2F 64 AF FE | T:3638423 RPD:1
[CH: 50] LEN: 12 | HEX: F1 77 FE 80 00 71 97 D7 AF 64 B7 FF | T:3638423 RPD:1
[CH: 50] LEN: 12 | HEX: F8 6D FF 00 FE FC 97 FD 68 9E AF DD | T:3638453 RPD:1
[CH: 50] LEN: 12 | HEX: F8 6D FF 00 FE FC 97 FE 68 9E BD 7F | T:3638454 RPD:1
[CH: 50] LEN: 12 | HEX: F1 77 AE 00 00 71 97 FD 2F 64 BF 5D | T:3638722 RPD:1
[CH: 50] LEN: 12 | HEX: F9 77 AE 00 00 79 97 AD 2F 64 BF FF | T:3638723 RPD:1
[CH: 50] LEN: 12 | HEX: F8 6D FF 00 FE FC 97 FF E8 9E BD FD | T:3638753 RPD:1
[CH: 50] LEN: 12 | HEX: F8 6D DE 80 FA EC 97 FA 68 9C BD 5F | T:3638754 RPD:1
[CH: 50] LEN: 12 | HEX: F1 77 BD 00 00 71 97 BF 6E 64 BE BF | T:3639022 RPD:1
[CH: 50] LEN: 12 | HEX: F1 77 FD 80 00 71 97 FE 6F 64 AF FF | T:3639023 RPD:1
[CH: 50] LEN: 12 | HEX: F8 6D FF 00 FE F4 97 FF 68 9E AF 7F | T:3639053 RPD:1
[CH: 50] LEN: 12 | HEX: F8 6D FF 00 FE F4 97 DD E8 9E BD 74 | T:3639053 RPD:1
[CH: 50] LEN: 12 | HEX: F9 77 FF 00 00 71 97 FE EF 64 AB BD | T:3639322 RPD:1
[CH: 50] LEN: 12 | HEX: F9 77 FF 00 00 71 97 FF AF 64 AE DF | T:3639322 RPD:1
[CH: 50] LEN: 12 | HEX: F8 6D FE 80 FE FC 97 FA 68 9E BF F7 | T:3639352 RPD:1
[CH: 50] LEN: 12 | HEX: F8 6D FF 00 FA EC 97 74 E8 9E B7 FF | T:3639353 RPD:1
[CH: 50] LEN: 12 | HEX: F9 77 FE 80 00 71 97 DD 2E 64 BF FF | T:3639621 RPD:1
[CH: 50] LEN: 12 | HEX: F9 77 DA 80 00 71 97 FD 2F 64 AF 7F | T:3639622 RPD:1
[CH: 50] LEN: 12 | HEX: F0 6D FF 80 FE FC 97 FA 68 9E BF 7B | T:3639652 RPD:1
[CH: 50] LEN: 12 | HEX: E8 6D FF 00 F6 FC 97 FE E8 9E BF 7E | T:3639653 RPD:1
[CH: 50] LEN: 12 | HEX: F1 77 B4 80 00 71 97 5D 2F 64 AF FF | T:3639921 RPD:1
[CH: 50] LEN: 12 | HEX: F9 77 D6 00 00 71 97 BD 2F 64 AF BF | T:3639922 RPD:1
[CH: 50] LEN: 12 | HEX: E8 6D EA 00 F6 E8 97 54 68 9C BF DF | T:3639952 RPD:1
[CH: 50] LEN: 12 | HEX: F1 77 7F 00 00 71 97 FA AF 64 B7 B7 | T:3640221 RPD:1
[CH: 50] LEN: 12 | HEX: F1 77 DF 80 00 71 97 FD 2E 64 AF FB | T:3640222 RPD:1
[CH: 50] LEN: 12 | HEX: F0 6D F7 00 F4 F4 97 FE E8 9E BF BB | T:3640251 RPD:1
[CH: 50] LEN: 12 | HEX: F8 6D F7 00 F4 F8 97 5D 68 9E BF 7E | T:3640252 RPD:1
[CH: 50] LEN: 12 | HEX: F9 77 BD 00 00 71 97 FF 6F 64 AD F5 | T:3640520 RPD:1
[CH: 50] LEN: 12 | HEX: F9 77 FF 00 00 71 97 FF AF 64 BF FD | T:3640521 RPD:1
[CH: 50] LEN: 12 | HEX: F8 6D FF 00 FE F8 97 FC E8 9E BF FF | T:3640551 RPD:1
[CH: 50] LEN: 12 | HEX: F0 6D F7 00 FD FC 97 FE 68 9E AB BB | T:3640552 RPD:1
[CH: 50] LEN: 12 | HEX: F9 77 FC 80 00 71 97 BD 6F 64 AD FF | T:3640820 RPD:1
[CH: 50] LEN: 12 | HEX: F9 77 FD 00 00 71 97 7D AF 64 BB F7 | T:3640821 RPD:1
[CH: 50] LEN: 12 | HEX: F8 6D FE 00 F4 FA 97 FE E8 9E BF FF | T:3640851 RPD:1
[CH: 50] LEN: 12 | HEX: F8 6D DE 80 F6 FC 97 BD E8 9E BF BF | T:3640851 RPD:1
[CH: 50] LEN: 12 | HEX: F1 77 DE 80 00 71 97 BD 6F 64 BF 7F | T:3641120 RPD:1
[CH: 50] LEN: 12 | HEX: F9 77 7D 80 00 71 97 AD 6F 64 BF FF | T:3641121 RPD:1
[CH: 50] LEN: 12 | HEX: F4 6D EE 00 FE FC 97 FA 68 9E B5 FD | T:3641150 RPD:1
[CH: 50] LEN: 12 | HEX: F8 6D FF 00 FE FC 97 FD 68 9E AF F7 | T:3641151 RPD:1
[CH: 50] LEN: 12 | HEX: F1 77 FE 80 00 71 97 BA AF 64 AE FF | T:3641420 RPD:1
[CH: 50] LEN: 12 | HEX: F9 77 FD 80 00 71 97 FD 2F 64 AD 7F | T:3641420 RPD:1
[CH: 50] LEN: 12 | HEX: F8 6D F7 00 FE FC 97 FD 68 9E BF FB | T:3641450 RPD:1
[CH: 50] LEN: 12 | HEX: F8 6D FF 00 FE F4 97 FA 68 9C BF FF | T:3641451 RPD:1
[CH: 50] LEN: 12 | HEX: F9 7F FE 80 00 71 97 DB AF 64 BF FB | T:3641719 RPD:1
[CH: 50] LEN: 12 | HEX: F1 77 FE 80 00 71 97 FE 6F 64 BF FD | T:3641720 RPD:1
[CH: 50] LEN: 12 | HEX: F8 6D F7 00 FA FC 97 FF E8 9E BE F7 | T:3641750 RPD:1
[CH: 50] LEN: 12 | HEX: F1 77 DF 00 00 71 97 7D AF 64 BF FD | T:3642019 RPD:1
[CH: 50] LEN: 12 | HEX: F9 77 D7 00 00 71 97 FA AF 64 BD FF | T:3642020 RPD:1
[CH: 50] LEN: 12 | HEX: F8 6D D5 00 EE FC 97 FD 68 9C BF F7 | T:3642050 RPD:1
[CH: 50] LEN: 12 | HEX: F8 6D FF 00 FE FC 97 FE E8 9E AF FF | T:3642051 RPD:1
[CH: 50] LEN: 12 | HEX: F9 77 FF 80 00 71 97 BA 2F 64 AF EF | T:3642319 RPD:1
[CH: 50] LEN: 12 | HEX: F1 77 DD 00 00 71 97 FF EE 64 AF AF | T:3642320 RPD:1
[CH: 50] LEN: 12 | HEX: F0 6D EF 00 FC FC 97 FD E8 9E AD 6F | T:3642350 RPD:1
[CH: 50] LEN: 12 | HEX: F8 6D FF 00 ED FC 97 AD E8 9E BF ED | T:3642350 RPD:1
[CH: 50] LEN: 12 | HEX: F1 77 FD 00 00 71 97 FD 6F 64 BF DF | T:3642619 RPD:1
[CH: 50] LEN: 12 | HEX: F9 77 FF 80 00 71 97 FD 2F 64 AF FE | T:3642620 RPD:1
[CH: 50] LEN: 12 | HEX: F8 6D FF 00 FE FC 97 DD 68 9E AF FD | T:3642649 RPD:1
[CH: 50] LEN: 12 | HEX: F8 6D EA 00 FE F4 97 FE E8 9E AD F7 | T:3642650 RPD:1
[CH: 50] LEN: 12 | HEX: F9 77 D6 80 00 71 97 FD 2F 64 BF EF | T:3642919 RPD:1
[CH: 50] LEN: 12 | HEX: F1 7F BA 80 00 71 97 BA AF 64 AE FB | T:3642919 RPD:1
[CH: 50] LEN: 12 | HEX: F8 6D FF 00 FE FC 97 FE E8 9E AF FB | T:3642949 RPD:1
[CH: 50] LEN: 12 | HEX: F0 6D FF 00 FC FC 97 DE E8 9E BF BF | T:3642950 RPD:1
[CH: 50] LEN: 12 | HEX: F9 77 ED 80 00 71 97 FE AF 64 AF F7 | T:3643218 RPD:1
[CH: 50] LEN: 12 | HEX: E9 77 BC 80 00 71 97 AD 2F 64 AF FF | T:3643219 RPD:1
[CH: 50] LEN: 12 | HEX: F8 6D F7 00 FC FC 97 FD E8 9E AF FF | T:3643249 RPD:1
[CH: 50] LEN: 12 | HEX: F1 77 FF 80 00 71 97 FD AF 64 BF 6B | T:3643518 RPD:1
[CH: 50] LEN: 12 | HEX: F9 77 DD 00 00 71 97 B5 2F 64 BB BF | T:3643519 RPD:1
[CH: 50] LEN: 12 | HEX: F8 6D FE 00 FE FC 97 7A E8 9C AB 55 | T:3643549 RPD:1
[CH: 50] LEN: 12 | HEX: F0 6D FE 80 F6 F8 97 BE E8 9E BB FD | T:3643549 RPD:1
[CH: 50] LEN: 12 | HEX: F9 77 D6 80 00 71 97 FD 2F 64 AF FF | T:3643818 RPD:1
[CH: 50] LEN: 12 | HEX: E9 77 AA 80 00 71 97 BD AE E4 BF FF | T:3643819 RPD:1
[CH: 50] LEN: 12 | HEX: F8 6D FF 00 FE FC 97 F7 68 9E AB F7 | T:3643848 RPD:1
[CH: 50] LEN: 12 | HEX: E8 6D D5 80 FE F8 97 B5 68 9E BF AF | T:3643849 RPD:1
[CH: 50] LEN: 12 | HEX: F9 77 FF 80 00 71 97 ED 6F 64 BF FB | T:3644117 RPD:1
[CH: 50] LEN: 12 | HEX: F9 77 EF 00 00 71 97 FD 2F 64 BF 7F | T:3644118 RPD:1
[CH: 50] LEN: 12 | HEX: F8 6D F7 00 FE F4 97 FF E8 9E BE FF | T:3644148 RPD:1
[CH: 50] LEN: 12 | HEX: F0 6D F7 00 F6 FC 97 FE E8 9E B7 D7 | T:3644149 RPD:1
[CH: 50] LEN: 12 | HEX: F9 77 FC 80 00 71 97 FF 6F 64 BB FF | T:3644417 RPD:1
[CH: 50] LEN: 12 | HEX: F9 77 FA 00 00 71 97 BA AF 64 BB FF | T:3644418 RPD:1
[CH: 50] LEN: 12 | HEX: F8 6D F7 00 FE FC 97 5F 68 9C BF FF | T:3644448 RPD:1
[CH: 50] LEN: 12 | HEX: F0 6D FE 80 FE FC 97 FE E8 9E BF F4 | T:3644448 RPD:1
[CH: 50] LEN: 12 | HEX: F9 77 FD 00 00 71 97 B6 AF 64 BF FA | T:3644717 RPD:1
[CH: 50] LEN: 12 | HEX: F9 77 F6 80 00 71 97 FD 2F 64 BB 57 | T:3644718 RPD:1
[CH: 50] LEN: 12 | HEX: F8 6D FF 00 FE FC 97 FF 68 9E B5 FD | T:3644747 RPD:1
[CH: 50] LEN: 12 | HEX: F8 6D FF 00 F5 F8 97 BE E8 9E BE EA | T:3644748 RPD:1
[CH: 50] LEN: 12 | HEX: F9 77 5A 80 00 71 97 FD 2E 64 BF EF | T:3645017 RPD:1
[CH: 50] LEN: 12 | HEX: F9 77 FE 80 00 71 97 FD AF E4 BD FF | T:3645017 RPD:1
[CH: 50] LEN: 12 | HEX: F8 6D FF 00 FA FC 97 BD 68 9E BB AB | T:3645047 RPD:1
[CH: 50] LEN: 12 | HEX: F0 6D EE 80 EE FC 97 F6 68 9E AF D2 | T:3645048 RPD:1
[CH: 50] LEN: 12 | HEX: F1 77 BA 00 00 71 97 7A AF 64 A6 EF | T:3645316 RPD:1
[CH: 50] LEN: 12 | HEX: F1 77 5F 00 00 71 97 DF AF 64 AF FA | T:3645317 RPD:1
[CH: 50] LEN: 12 | HEX: F0 6D F7 00 EA FC 97 FA 68 9E B5 FC | T:3645347 RPD:1
[CH: 50] LEN: 12 | HEX: F8 6D FF 00 FE F4 97 DE E8 9E AF FF | T:3645348 RPD:1
[CH: 50] LEN: 12 | HEX: F9 77 DF 00 00 71 97 DD 6F 64 BA FF | T:3645616 RPD:1
[CH: 50] LEN: 12 | HEX: F9 77 FE 80 00 71 97 EF 2F 64 BF FF | T:3645617 RPD:1
[CH: 50] LEN: 12 | HEX: F8 6D FF 00 FE FC 97 FE 68 9E AF EF | T:3645646 RPD:1
[CH: 50] LEN: 12 | HEX: F8 6D FF 00 F6 FC 97 FD 68 9E BF FF | T:3645647 RPD:1
[CH: 50] LEN: 12 | HEX: F2 76 FF 00 8C FC 97 FF B4 71 AF FF | T:3645880 RPD:1
[CH: 50] LEN: 12 | HEX: FA 76 FF 00 8C FC 97 FC 34 71 BF FF | T:3645881 RPD:1
[CH: 50] LEN: 12 | HEX: FA 7E F4 FE 73 D4 97 BE AA 8C B7 FF | T:3645911 RPD:1
[CH: 50] LEN: 12 | HEX: FA 76 FA FD 70 F8 97 FE FF 82 BF FF | T:3645914 RPD:1
[CH: 50] LEN: 12 | HEX: FA 76 EE F4 71 FC 97 FD E3 67 BF 6F | T:3645918 RPD:1
[CH: 50] LEN: 12 | HEX: F2 76 FE FB 76 FC 97 DD 55 9E BF FF | T:3645930 RPD:1
[CH: 50] LEN: 12 | HEX: FA 7E FE FA 77 FC 97 FD 09 7B BF F7 | T:3645953 RPD:1
[CH: 50] LEN: 12 | HEX: FA 76 FE F9 74 EC 97 FD FC 75 BD FF | T:3645983 RPD:1
[CH: 50] LEN: 12 | HEX: F2 76 FE F8 75 F4 97 FF 20 90 BF 7B | T:3646013 RPD:1
[CH: 50] LEN: 12 | HEX: FA 76 F6 F7 7A FC 97 AE 91 87 BF FB | T:3646043 RPD:1
[CH: 50] LEN: 12 | HEX: FA 76 FE F6 7B EC 97 FD 4D 62 AF FF | T:3646072 RPD:1
[CH: 50] LEN: 12 | HEX: F2 76 F6 F5 78 F4 97 FA B8 6C AB BE | T:3646102 RPD:1
[CH: 50] LEN: 12 | HEX: FA 76 FE F4 79 D4 97 BE E4 89 BF F7 | T:3646133 RPD:1
[CH: 50] LEN: 12 | HEX: FA 76 FC F3 7E F4 97 FD 52 78 AE FF | T:3646162 RPD:1
[CH: 50] LEN: 12 | HEX: F2 76 F6 E2 7F EC 97 AD 0E 95 AF DF | T:3646192 RPD:1
[CH: 50] LEN: 12 | HEX: FA 76 FE F1 7C F6 97 DE FB 9B AF FD | T:3646222 RPD:1
[CH: 50] LEN: 12 | HEX: F6 76 FE F0 7D FC 97 FB A7 7D BF FE | T:3646252 RPD:1
[CH: 50] LEN: 12 | HEX: FA 76 FE EE 62 FC 97 BA 09 94 AF FD | T:3646282 RPD:1
[CH: 50] LEN: 12 | HEX: FA 76 FB EE 63 FC 97 FD 55 71 BD ED | T:3646312 RPD:1
[CH: 50] LEN: 12 | HEX: FA 76 F6 ED 60 FC 97 BE A0 7F AF F2 | T:3646342 RPD:1
[CH: 50] LEN: 12 | HEX: F2 76 EE EC 61 F4 97 BF 7C 9A BB FD | T:3646372 RPD:1
[CH: 50] LEN: 12 | HEX: FA 76 FE EA 67 D4 97 FE 96 86 BF F7 | T:3646432 RPD:1
[CH: 50] LEN: 12 | HEX: F2 76 FE E9 64 FC 97 55 63 88 BF 77 | T:3646462 RPD:1
[CH: 50] LEN: 12 | HEX: FA 76 EA E8 65 EA 97 BF 3D 6D AF AA | T:3646492 RPD:1
[CH: 50] LEN: 12 | HEX: FA 76 F6 E7 6A FC 97 BA 8E 72 BD FD | T:3646522 RPD:1
[CH: 50] LEN: 12 | HEX: FA 76 FE E6 6B FC 97 D7 52 9F BF EF | T:3646552 RPD:1
[CH: 50] LEN: 12 | HEX: EA 76 FA E5 68 FC 97 BD 27 91 BF FE | T:3646582 RPD:1
[CH: 50] LEN: 12 | HEX: F2 76 EA E4 69 FC 97 AF FB 74 BF EF | T:3646612 RPD:1
[CH: 50] LEN: 12 | HEX: FA 76 FE E3 6E F8 97 FB CD 8D AF FF | T:3646642 RPD:1
[CH: 50] LEN: 12 | HEX: FA 76 FE E1 6C FC 97 BE E4 66 AC FE | T:3646702 RPD:1
[CH: 50] LEN: 12 | HEX: FA 76 FE E0 6D F6 97 DA B8 83 BF FB | T:3646732 RPD:1
[CH: 50] LEN: 12 | HEX: FA 76 FE DF 52 F8 97 FD 29 93 AF FA | T:3646762 RPD:1
[CH: 50] LEN: 12 | HEX: F2 76 FE FE 73 DC 97 FD 0A 8C AF ED | T:3646792 RPD:1
[CH: 50] LEN: 12 | HEX: FA 76 FE FD 70 FC 97 D5 BD 82 BF FB | T:3646796 RPD:1
[CH: 50] LEN: 12 | HEX: FA 76 FB FC 71 FC 97 DA 63 67 BF FF | T:3646800 RPD:1
[CH: 50] LEN: 12 | HEX: FA 76 FE FB 76 FC 97 DA D5 9C AB DF | T:3646811 RPD:1
[CH: 50] LEN: 12 | HEX: FA 76 F4 F2 77 B8 97 FE C9 7B BF FF | T:3646834 RPD:1
[CH: 50] LEN: 12 | HEX: FA 76 FE F9 74 FC 97 FD 7C 75 BF DF | T:3646864 RPD:1
[CH: 50] LEN: 12 | HEX: FA 76 FE F8 75 FC 97 FF 20 90 BF EF | T:3646894 RPD:1
[CH: 50] LEN: 12 | HEX: F2 76 FE F7 7A F8 97 EA D1 87 BE FB | T:3646924 RPD:1
[CH: 50] LEN: 12 | HEX: F2 76 FE F6 7B FC 97 DA CD 62 BF FF | T:3646954 RPD:1
[CH: 50] LEN: 12 | HEX: F2 76 F5 F5 78 F4 97 5C B8 6C AF FF | T:3646984 RPD:1
[CH: 50] LEN: 12 | HEX: FA 76 FE F4 79 FC 97 FD 64 89 AD FA | T:3647014 RPD:1
[CH: 50] LEN: 12 | HEX: FA 76 FE F3 7E F8 97 DD 52 70 AE FF | T:3647044 RPD:1
[CH: 50] LEN: 12 | HEX: FA 76 FD F2 7F E8 97 FA 0E 95 BF FD | T:3647074 RPD:1
[CH: 50] LEN: 12 | HEX: FA 76 EE F1 7C F4 97 DD 7B DB FF FA | T:3647104 RPD:1
[CH: 50] LEN: 12 | HEX: F2 76 FE F0 79 EC 97 BD 27 7E BF BF | T:3647133 RPD:1
[CH: 50] LEN: 12 | HEX: F2 76 FE EF 62 F6 97 BD 89 94 AF FF | T:3647163 RPD:1
[CH: 50] LEN: 12 | HEX: F2 76 FE EE 63 FC 97 DA 95 71 AF 5F | T:3647193 RPD:1
[CH: 50] LEN: 12 | HEX: FA 76 F4 ED 60 F4 97 BD 20 7F 7D FD | T:3647223 RPD:1
[CH: 50] LEN: 12 | HEX: F2 76 FE EC 61 EC 97 FE FC 9A BF FE | T:3647253 RPD:1
[CH: 50] LEN: 12 | HEX: FA 76 FC EB 66 FC 97 DF 4A 63 AE FF | T:3647283 RPD:1
[CH: 50] LEN: 12 | HEX: FA 76 F4 EA 67 7E 97 B5 96 86 BA FF | T:3647313 RPD:1
[CH: 50] LEN: 12 | HEX: FA 76 FE E9 64 FC 97 DF E3 88 BF FD | T:3647343 RPD:1
[CH: 50] LEN: 12 | HEX: FA 76 FE E8 65 FC 97 FA BF 6D BD BF | T:3647373 RPD:1
[CH: 50] LEN: 12 | HEX: FA 76 F5 E7 6A FC 97 BE 8E 7A AF FE | T:3647403 RPD:1
[CH: 50] LEN: 12 | HEX: F2 76 FA E6 6B DC 97 BA 52 9E AF FF | T:3647433 RPD:1
[CH: 50] LEN: 12 | HEX: F2 76 F5 E5 68 F4 97 7D 27 91 AF ED | T:3647463 RPD:1
[CH: 50] LEN: 12 | HEX: FA 76 EE E4 69 FC 97 DE BB 74 BB FF | T:3647493 RPD:1
[CH: 50] LEN: 12 | HEX: FA 76 FE E3 6E F8 97 FD 0D 8D BF FA | T:3647523 RPD:1
[CH: 50] LEN: 12 | HEX: F2 76 FC E1 6C FC 97 AE E4 66 AF 53 | T:3647583 RPD:1
[CH: 50] LEN: 12 | HEX: FA 76 FE E0 6D D4 97 FE B8 83 BF FE | T:3647613 RPD:1
[CH: 50] LEN: 12 | HEX: FA 76 FE DE 52 F8 97 DD A9 93 BB FF | T:3647643 RPD:1
[CH: 50] LEN: 12 | HEX: FA 76 FE FE 73 DC 97 FD 4A 8C BF FF | T:3647673 RPD:1
[CH: 50] LEN: 12 | HEX: F2 76 FA FB 70 FC 97 FD 3F 82 AA 37 | T:3647677 RPD:1
[CH: 50] LEN: 12 | HEX: FA 76 FA F4 71 FC 97 FD 63 67 BF EF | T:3647681 RPD:1
[CH: 50] LEN: 12 | HEX: FA 76 FE FB 76 F8 97 DD 55 9E B5 FF | T:3647692 RPD:1
[CH: 50] LEN: 12 | HEX: FA 76 FC FA 77 FC 97 F5 89 7B BF FF | T:3647715 RPD:1
[CH: 50] LEN: 12 | HEX: FA 76 F6 F9 74 F4 97 FE BC 75 BF BF | T:3647745 RPD:1
[CH: 50] LEN: 12 | HEX: FA 76 FE F8 75 F4 97 FF A0 90 BE EF | T:3647775 RPD:1
[CH: 50] LEN: 12 | HEX: F2 76 FE F7 7A F8 97 FA 91 87 BF FE | T:3647805 RPD:1
[CH: 50] LEN: 12 | HEX: FA 76 FC F6 7B DC 97 AD CD 62 BE BF | T:3647835 RPD:1
[CH: 50] LEN: 12 | HEX: FA 76 F6 F5 78 FC 97 DE B8 6C AF FF | T:3647865 RPD:1
[CH: 50] LEN: 12 | HEX: FA 76 FE F4 79 FC 97 FD 64 89 BF FE | T:3647895 RPD:1
[CH: 50] LEN: 12 | HEX: F2 76 F4 F3 7E F4 97 FF 92 70 BF FE | T:3647925 RPD:1
[CH: 50] LEN: 12 | HEX: F2 76 F6 F2 7F D4 97 FA 0E 95 BA FF | T:3647955 RPD:1
[CH: 50] LEN: 12 | HEX: F2 76 FE F1 7A FC 97 FF 7B 9B AF F7 | T:3647985 RPD:1
[CH: 50] LEN: 12 | HEX: EA 76 FE F0 7D DC 97 6F E7 76 AF FB | T:3648015 RPD:1
[CH: 50] LEN: 12 | HEX: F2 76 FE EF 62 FC 97 B7 09 94 B5 5D | T:3648045 RPD:1
[CH: 50] LEN: 12 | HEX: FA 76 FE EE 63 FC 97 FF D5 71 AB F7 | T:3648075 RPD:1
[CH: 50] LEN: 12 | HEX: F2 76 FE ED 60 EC 97 D6 E0 7F AF FF | T:3648105 RPD:1
[CH: 50] LEN: 12 | HEX: F2 76 FE EC 61 F4 97 FF FC 9A AB FB | T:3648135 RPD:1
[CH: 50] LEN: 12 | HEX: FA 76 EE EB 66 FC 97 FF CA 63 AF AA | T:3648164 RPD:1
[CH: 50] LEN: 12 | HEX: FA 76 FD EA 67 FC 97 FF 56 86 BF BF | T:3648194 RPD:1
[CH: 50] LEN: 12 | HEX: FA 76 FE E9 64 FC 97 FE A3 88 BF FF | T:3648224 RPD:1
[CH: 50] LEN: 12 | HEX: FA 76 FB E8 65 FC 97 FA BF 6D AF FF | T:3648254 RPD:1
[CH: 50] LEN: 12 | HEX: FA 76 F6 E6 6B DC 97 FD 52 9E B7 77 | T:3648314 RPD:1
[CH: 50] LEN: 12 | HEX: F2 76 FE E5 68 E8 97 5A A6 91 BE DB | T:3648344 RPD:1
[CH: 50] LEN: 12 | HEX: FA 76 FE E4 69 FC 97 FF 5B 74 AF FF | T:3648374 RPD:1
[CH: 50] LEN: 12 | HEX: F2 76 FA E3 6E FA 97 DE CD 8D AD 7F | T:3648404 RPD:1
[CH: 50] LEN: 12 | HEX: F2 76 EA E2 6F FA 97 FE 91 68 AF FF | T:3648434 RPD:1
[CH: 50] LEN: 12 | HEX: F2 76 FE E1 6C F4 97 FD E4 66 BB DB | T:3648464 RPD:1
[CH: 50] LEN: 12 | HEX: FA 76 FE E0 6D FC 97 FD 38 83 FF 57 | T:3648494 RPD:1
[CH: 50] LEN: 12 | HEX: FA 76 FC DF 52 FC 97 FF A9 93 BD DD | T:3648524 RPD:1
[CH: 50] LEN: 12 | HEX: FA 76 FA FA 73 FC 97 ED 4A 8C BD AE | T:3648554 RPD:1
[CH: 50] LEN: 12 | HEX: F2 76 F6 FD 70 FC 97 7A BD 82 AF D7 | T:3648558 RPD:1
[CH: 50] LEN: 12 | HEX: FA 76 FE F4 71 E8 97 BF 63 67 3F 77 | T:3648562 RPD:1
[CH: 50] LEN: 12 | HEX: FA 76 FA F3 76 FC 97 FD D5 9C AF BE | T:3648573 RPD:1
[CH: 50] LEN: 12 | HEX: FA 76 FE FA 77 AC 97 FD 09 7B BF BA | T:3648595 RPD:1
[CH: 50] LEN: 12 | HEX: FA 76 FE F9 74 F4 97 D5 EC 75 AA FF | T:3648625 RPD:1
[CH: 50] LEN: 12 | HEX: FA 76 FE F8 75 FC 97 FE A0 90 BF FF | T:3648655 RPD:1
[CH: 50] LEN: 12 | HEX: F2 7E F6 F7 7A EA 97 F5 91 87 AF ED | T:3648685 RPD:1
[CH: 50] LEN: 12 | HEX: FA 76 FE F6 7B FC 97 DE CD 62 BB EF | T:3648715 RPD:1
[CH: 50] LEN: 12 | HEX: FA 76 FE F5 78 FC 97 FD 38 6C AF FF | T:3648745 RPD:1
[CH: 50] LEN: 12 | HEX: FA 7E FC F4 79 FC 97 7A E4 89 BF FF | T:3648775 RPD:1
[CH: 50] LEN: 12 | HEX: FA 76 FE F3 7E FC 97 FE 92 70 BF FF | T:3648805 RPD:1
[CH: 50] LEN: 12 | HEX: FA 76 F6 F1 78 F6 97 FE FB 9B AD F9 | T:3648865 RPD:1
[CH: 50] LEN: 12 | HEX: F2 76 FC F0 79 FC 97 BD 67 7A AD 7F | T:3648895 RPD:1
[CH: 50] LEN: 12 | HEX: FA 76 FE EF 62 FC 97 BE 89 94 BF FF | T:3648925 RPD:1
[CH: 50] LEN: 12 | HEX: FA 76 FA EE 63 FC 97 DF 55 71 AD F7 | T:3648955 RPD:1
[CH: 50] LEN: 12 | HEX: FA 76 FE ED 60 FC 97 FE E0 7A BF FF | T:3648985 RPD:1
[CH: 50] LEN: 12 | HEX: FA 76 FE EC 61 E8 97 FA 76 9A BE FF | T:3649015 RPD:1
[CH: 50] LEN: 12 | HEX: FA 76 FE EB 66 FC 97 FA CA 63 AD EF | T:3649045 RPD:1
[CH: 50] LEN: 12 | HEX: FA 76 FE EA 67 FC 97 DD 16 86 BD FF | T:3649075 RPD:1
[CH: 50] LEN: 12 | HEX: FA 76 F4 E9 64 F4 97 DF 43 88 AF FF | T:3649105 RPD:1
[CH: 50] LEN: 12 | HEX: FA 76 F4 F8 65 E8 97 DA BF 6D AF FF | T:3649135 RPD:1
[CH: 50] LEN: 12 | HEX: F2 76 FE E7 6A FC 97 FA 8E 7A BA FF | T:3649165 RPD:1
[CH: 50] LEN: 12 | HEX: FA 76 FE E6 6B DC 97 7A D2 9F 6F FE | T:3649195 RPD:1
[CH: 50] LEN: 12 | HEX: FA 76 FE E5 68 F4 97 FE A7 91 AF FF | T:3649225 RPD:1
[CH: 50] LEN: 12 | HEX: FA 7E FE E4 69 EC 97 FE FB 74 AF BF | T:3649254 RPD:1
[CH: 50] LEN: 12 | HEX: F6 76 F6 E3 6E F4 97 FF 0D 8D BD 7D | T:3649284 RPD:1
[CH: 50] LEN: 12 | HEX: FA 7E FA E2 6F FC 97 FA 11 68 BF D5 | T:3649314 RPD:1
[CH: 50] LEN: 12 | HEX: FA 76 FE E1 6C FC 97 FC E4 66 AE FF | T:3649344 RPD:1
[CH: 50] LEN: 12 | HEX: F6 76 FE E0 6D FC 97 FD B8 83 BF 7F | T:3649374 RPD:1
[CH: 50] LEN: 12 | HEX: F2 76 FD DF 52 FC 97 FD A9 93 BB BF | T:3649404 RPD:1
[CH: 50] LEN: 12 | HEX: F2 76 FE F4 73 DC 97 F5 4A 8C A5 C8 | T:3649434 RPD:1
[CH: 50] LEN: 12 | HEX: F2 76 FC E9 70 FC 97 FA BD 42 AF ED | T:3649438 RPD:1
[CH: 50] LEN: 12 | HEX: FA 76 FE FC 71 FC 97 FE E3 67 AF DD | T:3649441 RPD:1
[CH: 50] LEN: 12 | HEX: FA 7E FE F3 76 FC 97 AD 55 9E AD AB | T:3649452 RPD:1
[CH: 50] LEN: 12 | HEX: FA 76 FC F2 77 D4 97 DD 09 7B FF BD | T:3649475 RPD:1
[CH: 50] LEN: 12 | HEX: F2 76 FE F9 74 FA 97 BD 7C 75 BF FF | T:3649505 RPD:1
[CH: 50] LEN: 12 | HEX: F2 76 F4 F0 75 FC 97 FD 20 90 AE DF | T:3649535 RPD:1
[CH: 50] LEN: 12 | HEX: FA 76 FE F7 7A F4 97 FE D1 87 2F FD | T:3649565 RPD:1
[CH: 50] LEN: 12 | HEX: FA 76 F5 F6 7B FC 97 FA CD 62 B7 FE | T:3649595 RPD:1
[CH: 50] LEN: 12 | HEX: F2 76 FE F5 78 FC 97 FA 38 6C AD FF | T:3649625 RPD:1
[CH: 50] LEN: 12 | HEX: FA 76 FE F4 79 F4 97 FD 24 89 BF AF | T:3649655 RPD:1
[CH: 50] LEN: 12 | HEX: FA 76 FE F3 7E FC 97 FF 52 70 AF BF | T:3649685 RPD:1
[CH: 50] LEN: 12 | HEX: FA 76 FE EA 7F F4 97 BF 0E 95 BF 7F | T:3649715 RPD:1
[CH: 50] LEN: 12 | HEX: FA 76 FE F1 7C F4 97 FE FB 9B AB BF | T:3649745 RPD:1
[CH: 50] LEN: 12 | HEX: F2 76 F4 F0 7D FC 97 FE A7 7C AB ED | T:3649775 RPD:1
[CH: 50] LEN: 12 | HEX: FA 76 FA EF 62 FA 97 BA 09 94 B7 FF | T:3649805 RPD:1
[CH: 50] LEN: 12 | HEX: F2 76 FE EE 63 FC 97 FD 55 71 AD EE | T:3649835 RPD:1
[CH: 50] LEN: 12 | HEX: FA 76 FD ED 60 FC 97 BD 20 7F BF FF | T:3649865 RPD:1
[CH: 50] LEN: 12 | HEX: FA 76 EE EC 61 EE 97 BA F8 9A AD DB | T:3649895 RPD:1
[CH: 50] LEN: 12 | HEX: FA 76 FE EB 66 FC 97 FA 4A 63 BF FF | T:3649925 RPD:1
[CH: 50] LEN: 12 | HEX: FA 76 FE EA 67 FE 97 FD 16 86 AF FF | T:3649955 RPD:1
[CH: 50] LEN: 12 | HEX: FA 76 FD E9 64 FC 97 FF 63 88 BF 7F | T:3649985 RPD:1
[CH: 50] LEN: 12 | HEX: FA 76 FA E7 6A EA 97 54 8E 72 BF 5F | T:3650045 RPD:1
[CH: 50] LEN: 12 | HEX: FA 76 FB E6 6B FC 97 FE 52 9F BF BF | T:3650075 RPD:1
[CH: 50] LEN: 12 | HEX: F2 76 FA E5 68 D4 96 B4 26 91 BF BA | T:3650105 RPD:1
[CH: 50] LEN: 12 | HEX: FA 76 EA E4 69 FC 97 FF 5B 74 AF FE | T:3650135 RPD:1
[CH: 50] LEN: 12 | HEX: FA 76 FE E3 6E F6 97 DE AD 8D AB AA | T:3650165 RPD:1
[CH: 50] LEN: 12 | HEX: FA 76 FE E2 6F F6 97 D5 11 68 AD FE | T:3650195 RPD:1
[CH: 50] LEN: 12 | HEX: FA 76 FD E1 6C FC 97 D6 E4 66 BF FF | T:3650225 RPD:1
[CH: 50] LEN: 12 | HEX: FA 76 FE E0 6D EC 97 DE F8 83 BE F7 | T:3650255 RPD:1
[CH: 50] LEN: 12 | HEX: FA 76 FB DF 52 F8 97 5A 29 93 AD D7 | T:3650284 RPD:1
[CH: 50] LEN: 12 | HEX: F2 76 F5 FA 73 DC 97 FE 8A 8C BF F5 | T:3650314 RPD:1
[CH: 50] LEN: 12 | HEX: F2 76 FE FD 70 FC 97 FF 7F 82 AF FF | T:3650318 RPD:1
[CH: 50] LEN: 12 | HEX: FA 76 FE F4 71 F4 97 FA E3 67 2F EF | T:3650321 RPD:1
[CH: 50] LEN: 12 | HEX: FA 76 FE FB 76 FC 97 EE D5 9E BF 5A | T:3650333 RPD:1
[CH: 50] LEN: 12 | HEX: FA 76 F6 F2 77 BA 97 DA 89 73 AD EF | T:3650355 RPD:1
[CH: 50] LEN: 12 | HEX: FA 76 FE F9 74 FC 97 FA FC 75 AF BF | T:3650385 RPD:1
[CH: 50] LEN: 12 | HEX: FA 76 FA F8 75 FC 97 DD A0 90 BF FE | T:3650415 RPD:1
[CH: 50] LEN: 12 | HEX: EA 76 F6 F7 7A FC 97 BA 91 87 B6 DE | T:3650445 RPD:1
[CH: 50] LEN: 12 | HEX: FA 76 FD F6 7B D8 97 FE 4D 62 BF FD | T:3650475 RPD:1
[CH: 50] LEN: 12 | HEX: FA 76 FF F5 70 FC 97 FE B8 6C BF FF | T:3650505 RPD:1
[CH: 50] LEN: 12 | HEX: F2 76 FE F4 79 F4 97 FD 64 89 BE AF | T:3650535 RPD:1
[CH: 50] LEN: 12 | HEX: FA 76 FE F3 7C FA 97 EB 72 70 AB 45 | T:3650565 RPD:1
[CH: 50] LEN: 12 | HEX: F2 76 FE E2 75 D4 97 BA 0F 95 BF D6 | T:3650595 RPD:1
[CH: 50] LEN: 12 | HEX: FA 76 FE F1 7C FC 97 FE F3 9B BD DE | T:3650625 RPD:1
[CH: 50] LEN: 12 | HEX: FA 76 FC F0 7D F4 97 FF 67 7E AF FF | T:3650655 RPD:1
[CH: 50] LEN: 12 | HEX: FA 76 F4 EF 62 F4 97 FD 09 94 B7 FF | T:3650685 RPD:1
[CH: 50] LEN: 12 | HEX: F2 76 FE EE 63 D4 97 6E 95 71 BD 6B | T:3650715 RPD:1
[CH: 50] LEN: 12 | HEX: FA 76 FE ED 60 FC 97 FE A0 7D AB FA | T:3650745 RPD:1
[CH: 50] LEN: 12 | HEX: FA 76 FE EC 61 FC 97 DD FC 9A BF FF | T:3650775 RPD:1
[CH: 50] LEN: 12 | HEX: FA 76 EA EB 66 FC 97 FD CA 63 FF EE | T:3650805 RPD:1
[CH: 50] LEN: 12 | HEX: F2 76 FE EA 67 FC 97 FF 56 86 AF EF | T:3650835 RPD:1
[CH: 50] LEN: 12 | HEX: FA 76 FE E9 64 EA 97 FA A3 88 AF BB | T:3650865 RPD:1
[CH: 50] LEN: 12 | HEX: FA 76 F6 E8 65 F4 97 DD BF 6D BF 5F | T:3650895 RPD:1
[CH: 50] LEN: 12 | HEX: FA 76 EA E7 6A F4 97 5D 0E 72 BB F6 | T:3650925 RPD:1
[CH: 50] LEN: 12 | HEX: FA 76 FE E6 6B DC 97 BD 52 9F 2F EF | T:3650955 RPD:1
[CH: 50] LEN: 12 | HEX: FA 76 F6 E5 68 EC 97 54 27 11 AF CD | T:3650985 RPD:1
[CH: 50] LEN: 12 | HEX: F2 76 F6 E4 69 D4 97 FE BB 74 BF EF | T:3651015 RPD:1
[CH: 50] LEN: 12 | HEX: F2 76 FE E3 6E F8 97 FF 4D 8D BB F7 | T:3651045 RPD:1
[CH: 50] LEN: 12 | HEX: FA 76 F6 E2 6F 5C 97 FC 91 68 AF FF | T:3651075 RPD:1
[CH: 50] LEN: 12 | HEX: FA 76 F4 E1 6C F8 97 FC 64 66 BF F5 | T:3651105 RPD:1
[CH: 50] LEN: 12 | HEX: F2 76 FE E0 6D F4 97 B5 38 83 AF F7 | T:3651135 RPD:1
[CH: 50] LEN: 12 | HEX: FA 76 FE DF 52 FC 97 FD 29 93 AF FF | T:3651165 RPD:1
[CH: 50] LEN: 12 | HEX: F2 76 FE F6 73 FC 97 FB CA 8C AF 7F | T:3651195 RPD:1
[CH: 50] LEN: 12 | HEX: F6 76 FE FD 78 FC 97 FD 3F 82 BF FF | T:3651198 RPD:1
[CH: 50] LEN: 12 | HEX: FA 76 F4 FC 71 F6 97 BE E3 67 BF FF | T:3651201 RPD:1
[CH: 50] LEN: 12 | HEX: F2 76 FE FB 76 F6 97 FD 55 9E AB 5F | T:3651213 RPD:1
[CH: 50] LEN: 12 | HEX: FA 76 FE FA 77 DC 97 DF 89 7B BE DB | T:3651235 RPD:1
[CH: 50] LEN: 12 | HEX: F2 76 FE F9 74 EC 97 FD F8 75 BE BF | T:3651265 RPD:1
[CH: 50] LEN: 12 | HEX: FA 76 FA F8 75 FC 97 FE A0 90 AF FE | T:3651294 RPD:1
[CH: 50] LEN: 12 | HEX: FA 76 FE F7 7A F2 97 FA 91 87 BD FB | T:3651324 RPD:1
[CH: 50] LEN: 12 | HEX: FA 76 F4 FE 73 EC 97 FD CD 62 BF FC | T:3651354 RPD:1
[CH: 50] LEN: 12 | HEX: FA 76 FE F5 70 D4 97 AB 38 6C B7 EF | T:3651384 RPD:1
[CH: 50] LEN: 12 | HEX: FA 76 FE F4 71 F4 97 EF A4 89 BF 7D | T:3651414 RPD:1
[CH: 50] LEN: 12 | HEX: FA 76 FE F3 7E F4 97 DD D2 70 AD FD | T:3651444 RPD:1
[CH: 50] LEN: 12 | HEX: FA 76 FE F2 7F F4 97 FF 0E 95 BE FB | T:3651474 RPD:1
[CH: 50] LEN: 12 | HEX: FA 76 F6 F1 78 F4 97 FD FB 9B BD FA | T:3651504 RPD:1
[CH: 50] LEN: 12 | HEX: FA 76 FE F0 7D FC 97 FE A7 7E BD FD | T:3651534 RPD:1
[CH: 50] LEN: 12 | HEX: FA 76 FE EF 62 FC 97 FF 89 94 AB BE | T:3651564 RPD:1
[CH: 50] LEN: 12 | HEX: FA 76 FE EE 63 FC 97 DD 55 71 AF F6 | T:3651594 RPD:1
[CH: 50] LEN: 12 | HEX: FA 76 FE ED 60 FC 97 7A 60 7F BA EE | T:3651624 RPD:1
[CH: 50] LEN: 12 | HEX: FA 76 FE EC 61 FC 97 FF FC 9A AD DF | T:3651654 RPD:1
[CH: 50] LEN: 12 | HEX: F2 76 F6 EB 66 F4 97 FA CA 63 AF AF | T:3651684 RPD:1
[CH: 50] LEN: 12 | HEX: F6 76 FE EA 67 B8 97 F7 96 86 BF FB | T:3651714 RPD:1
[CH: 50] LEN: 12 | HEX: FA 76 FA E9 64 FC 97 F5 E3 88 BF FE | T:3651744 RPD:1
[CH: 50] LEN: 12 | HEX: FA 76 FA E8 65 FC 97 DA 3F 6D AF FF | T:3651774 RPD:1
[CH: 50] LEN: 12 | HEX: F2 76 F6 E7 6A F6 97 DA 8E 72 AF DE | T:3651804 RPD:1
[CH: 50] LEN: 12 | HEX: FA 76 FE E6 6B FC 97 DA D2 9E BE EF | T:3651834 RPD:1
[CH: 50] LEN: 12 | HEX: FA 76 FE E5 68 F4 97 DE A7 91 BD DF | T:3651864 RPD:1
[CH: 50] LEN: 12 | HEX: F2 76 FE E4 69 FC 97 FE FB 74 BF FD | T:3651894 RPD:1
[CH: 50] LEN: 12 | HEX: F2 76 FE E3 6E FC 97 DD 4D 8D AF EC | T:3651924 RPD:1
[CH: 50] LEN: 12 | HEX: FA 76 FC E2 6F 7C 97 FD 91 68 BB FB | T:3651954 RPD:1
[CH: 50] LEN: 12 | HEX: FA 76 FE E1 6C F8 97 FF 64 66 B6 FF | T:3651984 RPD:1
[CH: 50] LEN: 12 | HEX: FA 76 FE E0 6D FC 97 FE BC 83 AF E8 | T:3652014 RPD:1
[CH: 50] LEN: 12 | HEX: FA 76 FE DE 52 F4 97 FC A9 93 BD FF | T:3652044 RPD:1
[CH: 50] LEN: 12 | HEX: FA 76 F5 FE 73 DC 97 5E CA 8C BF DD | T:3652074 RPD:1
[CH: 50] LEN: 12 | HEX: FA 76 F4 F9 70 F8 97 FD 3D 82 BE DF | T:3652078 RPD:1
[CH: 50] LEN: 12 | HEX: FA 76 FE FC 71 FC 97 FF 63 67 BB FF | T:3652082 RPD:1
[CH: 50] LEN: 12 | HEX: FA 76 FE FB 76 FC 97 FE D5 9C AB F6 | T:3652093 RPD:1
[CH: 50] LEN: 12 | HEX: F2 76 FA F2 77 FC 97 5F 89 73 FF FF | T:3652116 RPD:1
[CH: 50] LEN: 12 | HEX: FA 76 EE F1 74 F4 97 BD 7C 75 BF AE | T:3652146 RPD:1
[CH: 50] LEN: 12 | HEX: FA 76 EE F8 75 FC 97 D5 20 90 AD FF | T:3652176 RPD:1
[CH: 50] LEN: 12 | HEX: EE 76 FE F7 7A FC 97 F5 91 87 BF DF | T:3652206 RPD:1
[CH: 50] LEN: 12 | HEX: F2 76 FA F5 78 F4 97 FD 38 6C BF EF | T:3652266 RPD:1
[CH: 50] LEN: 12 | HEX: F2 76 FE F4 79 FC 97 FA A4 89 BF FB | T:3652296 RPD:1
[CH: 50] LEN: 12 | HEX: FA 76 F5 F3 7E FC 97 5A D2 70 BD F5 | T:3652326 RPD:1
[CH: 50] LEN: 12 | HEX: FA 76 F4 F2 7B F2 97 FF 8E 95 BA FF | T:3652356 RPD:1
[CH: 50] LEN: 12 | HEX: FA 76 FB F1 7C FC 97 5F 7B 9B BF FF | T:3652386 RPD:1
[CH: 50] LEN: 12 | HEX: FA 76 F6 F0 75 DC 97 DA A7 7C BE B7 | T:3652416 RPD:1
[CH: 50] LEN: 12 | HEX: FA 76 FE EF 62 FC 97 FD 89 94 AF BF | T:3652446 RPD:1
[CH: 50] LEN: 12 | HEX: FA 76 FE EE 63 EC 97 FF 55 71 AB F4 | T:3652476 RPD:1
[CH: 50] LEN: 12 | HEX: F2 76 F6 ED 60 F8 97 FD 60 7B 2F ED | T:3652506 RPD:1
[CH: 50] LEN: 12 | HEX: F2 76 F6 EC 61 FC 97 FD FC 9A BF DD | T:3652536 RPD:1
[CH: 50] LEN: 12 | HEX: FA 76 FE EB 66 FC 97 BA CA 63 BF FF | T:3652566 RPD:1
[CH: 50] LEN: 12 | HEX: F2 76 FA EA 67 FC 97 FA 96 86 AF DF | T:3652596 RPD:1
[CH: 50] LEN: 12 | HEX: FA 76 FE E9 64 F4 97 DE A3 88 AD BF | T:3652625 RPD:1
[CH: 50] LEN: 12 | HEX: FA 76 FC E8 65 FC 97 FF 3F 6D BF F7 | T:3652655 RPD:1
[CH: 50] LEN: 12 | HEX: F2 76 FC E7 6A F8 97 AF 0E 72 BF B2 | T:3652685 RPD:1
[CH: 50] LEN: 12 | HEX: FA 76 F4 EE 6B FC 97 FD 52 9F AB FF | T:3652715 RPD:1
[CH: 50] LEN: 12 | HEX: FA 76 FE E5 68 F4 97 51 27 91 BD FA | T:3652745 RPD:1
[CH: 50] LEN: 12 | HEX: FA 76 FE E4 69 FC 97 FD 7B 74 BE FF | T:3652775 RPD:1
[CH: 50] LEN: 12 | HEX: F2 76 FE E3 6E F4 97 FD 4D 8D BF DF | T:3652805 RPD:1
[CH: 50] LEN: 12 | HEX: FA 76 FA E2 6F AA 97 6E 91 68 AF F6 | T:3652835 RPD:1
[CH: 50] LEN: 12 | HEX: FA 76 FE E1 6C FC 97 FF 64 66 B5 DF | T:3652865 RPD:1
[CH: 50] LEN: 12 | HEX: FA 76 F6 E0 6D FC 97 DD 38 83 AF F5 | T:3652895 RPD:1
[CH: 50] LEN: 12 | HEX: FA 76 FE DE 52 FD 97 BA 29 93 ED F7 | T:3652925 RPD:1
[CH: 50] LEN: 12 | HEX: F2 76 FE FE 73 BC 97 FF 4A 8C BE FF | T:3652955 RPD:1
[CH: 50] LEN: 12 | HEX: FA 76 EE F9 70 FC 97 FA BF 82 AF AF | T:3652959 RPD:1
[CH: 50] LEN: 12 | HEX: F2 76 FE FC 71 FC 97 FD 63 67 EF FF | T:3652963 RPD:1
[CH: 50] LEN: 12 | HEX: FA 76 EA FB 76 F8 97 FE D5 9E AF EE | T:3652974 RPD:1
[CH: 50] LEN: 12 | HEX: F2 76 FE FA 77 FC 97 DF 09 7B BF 3F | T:3652997 RPD:1
[CH: 50] LEN: 12 | HEX: FA 76 EA F1 74 F4 97 FD 7C 75 BA FD | T:3653027 RPD:1
[CH: 50] LEN: 12 | HEX: F2 76 FE F0 75 FC 97 BF 20 90 BF BB | T:3653057 RPD:1
[CH: 50] LEN: 12 | HEX: FA 76 FE F7 7A FC 97 FE D1 87 B7 DF | T:3653087 RPD:1
[CH: 50] LEN: 12 | HEX: F2 76 FE F6 7B BC 97 FD 4D 62 BB FF | T:3653117 RPD:1
[CH: 50] LEN: 12 | HEX: F2 76 FA E5 78 F8 97 FF 38 6C AB FF | T:3653147 RPD:1
[CH: 50] LEN: 12 | HEX: FA 76 FE F4 79 FC 97 FE A4 89 BB FF | T:3653177 RPD:1
[CH: 50] LEN: 12 | HEX: FA 76 FE F3 76 EC 97 BE B2 70 BF FD | T:3653207 RPD:1
[CH: 50] LEN: 12 | HEX: FA 76 FE F2 7F E8 97 BA 0E 95 BF F6 | T:3653237 RPD:1
[CH: 50] LEN: 12 | HEX: FA 76 FE F1 7C FC 97 AD 7B 9B BF B7 | T:3653267 RPD:1
[CH: 50] LEN: 12 | HEX: FA 76 FE F0 7D FA 97 D5 27 7D AD BF | T:3653297 RPD:1
[CH: 50] LEN: 12 | HEX: EA 76 FE EF 62 F8 97 BB 09 94 AF EF | T:3653327 RPD:1
[CH: 50] LEN: 12 | HEX: FA 76 FE EE 63 FC 97 FF 55 71 AD EB | T:3653357 RPD:1
[CH: 50] LEN: 12 | HEX: FA 76 FE ED 60 EA 97 FD 20 7F BE ED | T:3653387 RPD:1
[CH: 50] LEN: 12 | HEX: FA 76 FE EC 61 EC 97 AF FA 9A BB FF | T:3653417 RPD:1
[CH: 50] LEN: 12 | HEX: FA 76 F5 EB 66 FC 97 FD CA 63 AF 6B | T:3653447 RPD:1
[CH: 50] LEN: 12 | HEX: FA 76 FA EA 67 BA 97 FF 56 86 B5 FD | T:3653477 RPD:1
[CH: 50] LEN: 12 | HEX: F2 76 F4 E9 64 F4 97 BD E3 88 AF FB | T:3653507 RPD:1
[CH: 50] LEN: 12 | HEX: FA 76 FE E8 65 EC 97 B9 3F 6D AE FB | T:3653537 RPD:1
[CH: 50] LEN: 12 | HEX: FA 76 FA E7 6A EC 97 FE 8E 7A BA FB | T:3653567 RPD:1
[CH: 50] LEN: 12 | HEX: FA 76 F6 E6 6B DC 97 FD 52 9F AE D7 | T:3653597 RPD:1
[CH: 50] LEN: 12 | HEX: FA 76 EE F5 68 F6 97 FA 27 91 BF FF | T:3653627 RPD:1
[CH: 50] LEN: 12 | HEX: F2 76 FE E4 69 FC 97 FF 7B 74 BF FF | T:3653657 RPD:1
[CH: 50] LEN: 12 | HEX: EA 76 F6 E2 6E BA 97 75 11 68 B9 FF | T:3653716 RPD:1
[CH: 50] LEN: 12 | HEX: FA 76 FA E1 6C F6 97 FD 64 66 AF FF | T:3653746 RPD:1
[CH: 50] LEN: 12 | HEX: FA 76 F6 E0 6D FE 97 BF 38 83 AF FF | T:3653776 RPD:1
[CH: 50] LEN: 12 | HEX: F2 76 F6 DE 52 F8 97 7F 29 93 BF BF | T:3653806 RPD:1
[CH: 50] LEN: 12 | HEX: FA 76 FE FE 73 E8 97 BF CA 8C BF BD | T:3653836 RPD:1
[CH: 50] LEN: 12 | HEX: FA 76 FE F5 70 FC 97 DF BD 02 BD 7F | T:3653840 RPD:1
[CH: 50] LEN: 12 | HEX: F2 76 FE F4 71 F4 97 FE E3 67 AF F7 | T:3653844 RPD:1
[CH: 50] LEN: 12 | HEX: FA 76 F5 EB 76 FC 97 D5 55 9E AD 77 | T:3653855 RPD:1
[CH: 50] LEN: 12 | HEX: FA 76 FE FA 77 FC 97 FD 09 7B EF FF | T:3653878 RPD:1
[CH: 50] LEN: 12 | HEX: FA 76 FA F1 74 F4 97 5E BA 75 AA AE | T:3653908 RPD:1
[CH: 50] LEN: 12 | HEX: FA 76 FE F8 75 E8 97 BD A0 90 AF FF | T:3653938 RPD:1
[CH: 50] LEN: 12 | HEX: FA 76 FE F7 7A FC 97 DD 11 87 AF EA | T:3653968 RPD:1
[CH: 50] LEN: 12 | HEX: F2 76 FE F6 7B FC 97 FD 4D 62 BD F5 | T:3653998 RPD:1
[CH: 50] LEN: 12 | HEX: FA 76 FE F5 78 FC 97 FE B8 6C BF ED | T:3654028 RPD:1
[CH: 50] LEN: 12 | HEX: F2 76 FE E4 79 FC 97 DA E4 89 AD FE | T:3654058 RPD:1
[CH: 50] LEN: 12 | HEX: FA 76 FE F3 75 FC 97 DA 92 78 BE BD | T:3654088 RPD:1
[CH: 50] LEN: 12 | HEX: F2 76 FE F2 7F D4 97 FE 8E 95 AD FF | T:3654118 RPD:1
[CH: 50] LEN: 12 | HEX: FA 76 FE F1 7C FC 97 DF FB 9B B7 F7 | T:3654148 RPD:1
[CH: 50] LEN: 12 | HEX: F2 76 FE F0 79 D4 97 FD A7 75 BD FF | T:3654178 RPD:1
[CH: 50] LEN: 12 | HEX: FA 76 F4 EF 62 FC 97 BE 09 94 AF 7F | T:3654208 RPD:1
[CH: 50] LEN: 12 | HEX: FA 76 EA EE 63 F8 97 F5 D5 71 AF DF | T:3654238 RPD:1
[CH: 50] LEN: 12 | HEX: FA 76 FA ED 60 FC 97 DF 20 7B AF FF | T:3654268 RPD:1
[CH: 50] LEN: 12 | HEX: F2 76 FE EC 61 E8 97 FD F8 9A BF F6 | T:3654298 RPD:1
[CH: 50] LEN: 12 | HEX: F6 76 FE EB 66 F8 97 DE CA 63 AF F6 | T:3654328 RPD:1
[CH: 50] LEN: 12 | HEX: FA 76 FE EA 67 FE 97 DF 96 86 AF FA | T:3654358 RPD:1
[CH: 50] LEN: 12 | HEX: F2 7E FE E9 64 FC 97 DF E3 88 AD E6 | T:3654388 RPD:1
[CH: 50] LEN: 12 | HEX: FA 76 F4 E8 65 EA 97 FD BD 6D BF FB | T:3654418 RPD:1
[CH: 50] LEN: 12 | HEX: F2 76 FE E7 6A F4 97 6E 8E 7A BF 7F | T:3654448 RPD:1
[CH: 50] LEN: 12 | HEX: FA 76 FE E6 6B EC 97 DA 52 9D 2E BE | T:3654478 RPD:1
[CH: 50] LEN: 12 | HEX: F2 76 F4 E5 68 FC 97 AE 27 11 BF 55 | T:3654508 RPD:1
[CH: 50] LEN: 12 | HEX: FA 76 FE E4 69 F4 97 FE BB 74 A7 FB | T:3654538 RPD:1
[CH: 50] LEN: 12 | HEX: FA 76 EC E3 6E FC 97 FE 8D 8D AF FF | T:3654568 RPD:1
[CH: 50] LEN: 12 | HEX: F2 76 FE E2 6F FC 97 FE 91 68 BF FE | T:3654598 RPD:1
[CH: 50] LEN: 12 | HEX: FA 76 FE E1 6C FC 97 FD E4 66 BD EF | T:3654628 RPD:1
[CH: 50] LEN: 12 | HEX: F2 76 FE E0 6D DC 97 AF 78 83 BF 6F | T:3654657 RPD:1
[CH: 50] LEN: 12 | HEX: FA 76 F4 DF 52 FC 97 FE A9 93 BF FB | T:3654687 RPD:1
[CH: 50] LEN: 12 | HEX: FA 76 FE F6 73 FC 97 F5 CA 8C BD FF | T:3654717 RPD:1
[CH: 50] LEN: 12 | HEX: FA 76 FE F9 70 FC 97 FD 3F 82 BF FE | T:3654721 RPD:1
[CH: 50] LEN: 12 | HEX: FA 76 FE F4 71 FC 97 B5 63 67 AF FF | T:3654724 RPD:1
[CH: 50] LEN: 12 | HEX: FA 76 F4 F3 76 FC 97 FF D5 9A BD EF | T:3654735 RPD:1
[CH: 50] LEN: 12 | HEX: F2 76 FE FA 77 FC 97 BE 09 7B AF F7 | T:3654758 RPD:1
[CH: 50] LEN: 12 | HEX: FA 76 FC F9 74 FC 97 FD 7C 75 BF FB | T:3654788 RPD:1
[CH: 50] LEN: 12 | HEX: F2 76 FE F0 75 FC 97 FA A0 90 B2 BF | T:3654818 RPD:1
[CH: 50] LEN: 12 | HEX: FA 76 F6 F7 7A F8 97 AA 91 87 BF FF | T:3654848 RPD:1
[CH: 50] LEN: 12 | HEX: EA 76 EE F6 73 A8 97 FC 4D 62 BD FF | T:3654878 RPD:1
[CH: 50] LEN: 12 | HEX: F2 76 FE F5 70 E8 97 AA B8 6C AD 6D | T:3654908 RPD:1
[CH: 50] LEN: 12 | HEX: FA 76 FE F4 79 F4 97 DD 64 89 AF DF | T:3654938 RPD:1
[CH: 50] LEN: 12 | HEX: FA 76 FE F3 7C EC 97 FE 92 70 BA FF | T:3654968 RPD:1
[CH: 50] LEN: 12 | HEX: F2 76 FE F2 7F D4 97 D7 0E 95 BF BF | T:3654998 RPD:1
[CH: 50] LEN: 12 | HEX: FA 76 FE F1 7C FC 97 FF 7B 9B AF FF | T:3655028 RPD:1
[CH: 50] LEN: 12 | HEX: FA 76 FA F0 7D D4 97 BF 67 7E BD EB | T:3655058 RPD:1
[CH: 50] LEN: 12 | HEX: FA 76 FE EF 62 FC 97 D5 09 94 B7 BF | T:3655088 RPD:1
[CH: 50] LEN: 12 | HEX: FA 76 F5 EE 63 FC 97 FF 55 71 AD 7D | T:3655118 RPD:1
[CH: 50] LEN: 12 | HEX: FA 76 EA ED 60 FC 97 BA A0 7B AF FD | T:3655148 RPD:1
[CH: 50] LEN: 12 | HEX: F2 76 FE EC 61 FC 97 AF 78 9A BF FB | T:3655178 RPD:1
[CH: 50] LEN: 12 | HEX: FA 76 F6 EB 66 FC 97 FE CA 63 BF FF | T:3655208 RPD:1
[CH: 50] LEN: 12 | HEX: FA 76 FE EA 67 DC 97 FD 56 86 AB 7F | T:3655238 RPD:1
[CH: 50] LEN: 12 | HEX: F2 76 FA E9 64 FC 97 FD 43 88 BF DF | T:3655268 RPD:1
[CH: 50] LEN: 12 | HEX: FA 76 FE E8 65 FC 97 FE 3E ED BB 5A | T:3655298 RPD:1
[CH: 50] LEN: 12 | HEX: FA 76 FE E7 6A FC 97 EF 4E 7A BF 7F | T:3655328 RPD:1
[CH: 50] LEN: 12 | HEX: FA 76 FE E6 6B F6 97 FE 52 9F BF F7 | T:3655358 RPD:1
[CH: 50] LEN: 12 | HEX: FA 76 FE E5 68 F6 97 5A 27 91 BB FF | T:3655388 RPD:1
[CH: 50] LEN: 12 | HEX: FA 76 FE E4 69 F4 97 FE BB 74 AF 7F | T:3655418 RPD:1
[CH: 50] LEN: 12 | HEX: FA 76 FE E3 6E FC 97 FD 4D 8D BF BF | T:3655448 RPD:1
[CH: 50] LEN: 12 | HEX: FA 76 FE E2 6F FA 97 FD 11 68 BF FF | T:3655478 RPD:1
[CH: 50] LEN: 12 | HEX: F2 76 FE E1 6C F4 97 FE 64 66 BF FF | T:3655508 RPD:1
[CH: 50] LEN: 12 | HEX: FA 76 F5 E0 6D FC 97 FD 38 83 BF FF | T:3655538 RPD:1
[CH: 50] LEN: 12 | HEX: FA 76 FE DF 52 F4 97 BD 29 93 BF FF | T:3655568 RPD:1
[CH: 50] LEN: 12 | HEX: FA 76 F6 FE 73 FC 97 FD 4A 8C AB FF | T:3655598 RPD:1
[CH: 50] LEN: 12 | HEX: FA 76 FA ED 70 FC 97 FD 7F 82 BF FF | T:3655601 RPD:1
[CH: 50] LEN: 12 | HEX: FA 76 F6 F8 71 F4 97 FA E3 67 BB FF | T:3655604 RPD:1
[CH: 50] LEN: 12 | HEX: FA 76 FE FB 76 FC 97 FA 55 9E AF FF | T:3655616 RPD:1
[CH: 50] LEN: 12 | HEX: FA 76 FE FA 77 F8 97 FE 89 7B BB FD | T:3655638 RPD:1
[CH: 50] LEN: 12 | HEX: F2 76 FE F9 74 FC 97 FE BC 75 BF BD | T:3655668 RPD:1
[CH: 50] LEN: 12 | HEX: FA 76 EC F0 75 DC 97 FC A0 90 BF FF | T:3655698 RPD:1
[CH: 50] LEN: 12 | HEX: FA 76 F6 F7 7A F4 97 FE 11 87 BF FF | T:3655728 RPD:1
[CH: 50] LEN: 12 | HEX: FA 7E FE F6 7B F4 97 FF 4D 62 AF DF | T:3655758 RPD:1
[CH: 50] LEN: 12 | HEX: FA 76 EE F5 78 FC 97 FF 38 6C BF BD | T:3655788 RPD:1
[CH: 50] LEN: 12 | HEX: FA 76 F6 F4 79 FC 97 FE A4 89 B7 FF | T:3655818 RPD:1
[CH: 50] LEN: 12 | HEX: FA 76 FE F3 7C FC 97 FE 92 70 AB FF | T:3655848 RPD:1
[CH: 50] LEN: 12 | HEX: FA 76 EA F2 7A D4 97 FA 0E 95 AF DF | T:3655878 RPD:1
[CH: 50] LEN: 12 | HEX: FA 76 FE F1 7C EA 97 FC FB 9B FF DE | T:3655908 RPD:1
[CH: 50] LEN: 12 | HEX: FA 76 FE EF 62 FC 97 BD 09 94 BF BB | T:3655968 RPD:1
[CH: 50] LEN: 12 | HEX: FA 76 F4 EE 63 FC 97 7A D5 71 AE F5 | T:3655998 RPD:1
[CH: 50] LEN: 12 | HEX: FA 76 FC ED 60 EC 97 FE 60 7D B5 FF | T:3656028 RPD:1
[CH: 50] LEN: 12 | HEX: FA 76 EC EC 61 EC 97 DE FC 9A BF FF | T:3656058 RPD:1
[CH: 50] LEN: 12 | HEX: FA 76 EA EB 66 FC 97 FD 4A 63 BF FF | T:3656088 RPD:1
[CH: 50] LEN: 12 | HEX: F2 76 FE EA 67 FC 97 FD 16 86 BD DE | T:3656118 RPD:1
[CH: 50] LEN: 12 | HEX: FA 76 FA E9 64 FC 97 FE A3 88 AE FE | T:3656148 RPD:1
[CH: 50] LEN: 12 | HEX: FA 76 FE E8 65 FC 97 FA 3E ED AD BE | T:3656178 RPD:1
[CH: 50] LEN: 12 | HEX: FA 76 F4 E7 6A E8 97 5A 8C 72 BF F5 | T:3656208 RPD:1
[CH: 50] LEN: 12 | HEX: F2 76 FE E6 6B FC 97 FA 52 9F 2F FB | T:3656238 RPD:1
[CH: 50] LEN: 12 | HEX: FA 76 FE E5 68 F4 97 FA 27 91 AF FF | T:3656268 RPD:1
[CH: 50] LEN: 12 | HEX: FA 76 FE E4 69 EC 97 F5 FB 74 AF FF | T:3656298 RPD:1
[CH: 50] LEN: 12 | HEX: FA 76 FA E3 6E FA 97 FD CD 8D AF FF | T:3656328 RPD:1
[CH: 50] LEN: 12 | HEX: FA 76 FE EA 6F FA 97 FE 91 68 BF EF | T:3656358 RPD:1
[CH: 50] LEN: 12 | HEX: F2 76 FB E1 6C F4 97 FE E4 66 BB FF | T:3656388 RPD:1
[CH: 50] LEN: 12 | HEX: F2 76 FE E0 6D F4 97 FA B8 83 BB FD | T:3656418 RPD:1
[CH: 50] LEN: 12 | HEX: FA 76 FE DE 52 FC 97 FE A9 93 BF EF | T:3656448 RPD:1
[CH: 50] LEN: 12 | HEX: F2 76 EE FE 73 FC 97 FA CA 8C AF F7 | T:3656478 RPD:1
[CH: 50] LEN: 12 | HEX: FA 76 EE FD 70 F4 97 75 BD 02 AF FD | T:3656482 RPD:1
[CH: 50] LEN: 12 | HEX: FA 76 FA F4 71 EC 97 FE E3 67 BD BF | T:3656485 RPD:1
[CH: 50] LEN: 12 | HEX: F2 76 F4 F3 76 FC 97 7C D5 9E AE FF | T:3656497 RPD:1
[CH: 50] LEN: 12 | HEX: FA 76 F4 F2 77 B8 97 7A 89 7B BF BF | T:3656520 RPD:1
[CH: 50] LEN: 12 | HEX: F2 76 EA F1 74 F4 97 FB F4 75 BF FF | T:3656550 RPD:1
[CH: 50] LEN: 12 | HEX: FA 76 FA F8 75 DC 97 BA A0 90 BF FF | T:3656580 RPD:1
[CH: 50] LEN: 12 | HEX: FA 76 FE F7 7A FC 97 FD 91 87 BF FF | T:3656610 RPD:1
[CH: 50] LEN: 12 | HEX: FA 76 FE F6 7B FC 97 5F 4D 62 AF BF | T:3656640 RPD:1
[CH: 50] LEN: 12 | HEX: FA 76 FD F5 78 FC 97 FD B8 6C BD FE | T:3656669 RPD:1
[CH: 50] LEN: 12 | HEX: FA 76 FE F4 79 FC 97 FE E4 89 BD 3F | T:3656700 RPD:1
[CH: 50] LEN: 12 | HEX: F2 76 FE F3 7E FC 97 BD 52 70 BD FF | T:3656730 RPD:1
[CH: 50] LEN: 12 | HEX: F6 76 EA F2 7B DC 97 5F 0E 95 B7 AF | T:3656759 RPD:1
[CH: 50] LEN: 12 | HEX: F2 76 FC F1 78 F4 97 FA 73 9B AF FF | T:3656789 RPD:1
[CH: 50] LEN: 12 | HEX: FA 76 FE F0 7D FC 97 FE A7 7C AE EF | T:3656819 RPD:1
[CH: 50] LEN: 12 | HEX: FA 76 FE EF 62 FC 97 FA 89 94 BF FF | T:3656849 RPD:1
[CH: 50] LEN: 12 | HEX: F2 76 F6 EE 63 FC 97 FE 95 71 BE B7 | T:3656879 RPD:1
[CH: 50] LEN: 12 | HEX: F2 76 F6 ED 60 FA 97 DD 20 7F AF FA | T:3656909 RPD:1
[CH: 50] LEN: 12 | HEX: FA 76 FE EC 61 EC 97 BA FC 9A AF F7 | T:3656939 RPD:1
[CH: 50] LEN: 12 | HEX: EA 76 EE FB 66 FC 97 BA CA 63 FF AF | T:3656969 RPD:1
[CH: 50] LEN: 12 | HEX: FA 76 FE EA 67 D4 97 FE 96 86 AB FB | T:3656999 RPD:1
[CH: 50] LEN: 12 | HEX: FA 76 F6 E9 64 FC 97 FF 63 88 BF BF | T:3657029 RPD:1
[CH: 50] LEN: 12 | HEX: F2 76 FE E8 65 FC 97 EA BE ED BF FF | T:3657059 RPD:1
[CH: 50] LEN: 12 | HEX: FA 76 EE E7 6A EA 97 5A 0D 6A BE DF | T:3657089 RPD:1
[CH: 50] LEN: 12 | HEX: F2 76 FD F6 6B EC 97 FE D2 9F BF FF | T:3657119 RPD:1
[CH: 50] LEN: 12 | HEX: F2 76 FE E4 69 FE 97 FD 7B 74 BF EF | T:3657179 RPD:1
[CH: 50] LEN: 12 | HEX: FA 76 FE E3 6E FC 97 D5 CD 8D BF FF | T:3657209 RPD:1
[CH: 50] LEN: 12 | HEX: FA 76 FE E2 6F 76 97 FD 11 68 AF FF | T:3657239 RPD:1
[CH: 50] LEN: 12 | HEX: F2 76 FE E1 6C FC 97 FA 64 66 BF 7F | T:3657269 RPD:1
[CH: 50] LEN: 12 | HEX: FA 76 FE E0 6D F4 97 FD 38 83 AB BA | T:3657299 RPD:1
[CH: 50] LEN: 12 | HEX: FA 76 FA DF 52 F6 97 FE A9 93 BF FF | T:3657329 RPD:1
[CH: 50] LEN: 12 | HEX: FA 76 FE FF 73 D4 97 FD 4A 8C BF BD | T:3657359 RPD:1
[CH: 50] LEN: 12 | HEX: FA 76 FE FD 70 F4 97 FD 3F 82 B7 DD | T:3657363 RPD:1
[CH: 50] LEN: 12 | HEX: FA 76 FE FC 71 FC 97 FD 63 67 BF DF | T:3657367 RPD:1
[CH: 50] LEN: 12 | HEX: FA 76 EA F3 76 FC 97 FE D5 9E AF FF | T:3657378 RPD:1
[CH: 50] LEN: 12 | HEX: F2 76 FE FA 7F B8 97 FD 09 73 AF FF | T:3657401 RPD:1
[CH: 50] LEN: 12 | HEX: FA 76 FE F9 74 FC 97 FD 7C 75 BF FF | T:3657431 RPD:1
[CH: 50] LEN: 12 | HEX: FA 76 FC F8 75 EC 97 FA A0 90 AD EB | T:3657461 RPD:1
[CH: 50] LEN: 12 | HEX: FA 76 FE F7 7A FC 97 FF 51 87 AF FF | T:3657491 RPD:1
[CH: 50] LEN: 12 | HEX: FA 76 FE F6 7B F8 97 FE CD 62 BF FF | T:3657521 RPD:1
[CH: 50] LEN: 12 | HEX: FA 76 FE F5 78 FC 97 DB 38 6C AF B7 | T:3657551 RPD:1
[CH: 50] LEN: 12 | HEX: F2 76 FE F4 79 F4 97 FA E4 89 BF FB | T:3657581 RPD:1
[CH: 50] LEN: 12 | HEX: FA 76 FC FB 7E F8 97 FD 52 60 BE BF | T:3657611 RPD:1
[CH: 50] LEN: 12 | HEX: F2 76 FE F2 7F F4 97 FE 8E 95 B7 BF | T:3657641 RPD:1
[CH: 50] LEN: 12 | HEX: FA 76 FE F0 7D DC 97 DD 67 7E BB FF | T:3657701 RPD:1
[CH: 50] LEN: 12 | HEX: FA 76 EA EF 62 FC 97 DF 09 94 AB A7 | T:3657731 RPD:1
[CH: 50] LEN: 12 | HEX: F2 76 FE EE 63 FC 97 DD D5 71 BF FB | T:3657761 RPD:1
[CH: 50] LEN: 12 | HEX: F2 76 FE ED 60 F8 97 FA A0 7F FB DF | T:3657791 RPD:1
[CH: 50] LEN: 12 | HEX: F2 76 EE EC 61 EC 97 FA 74 9A AF DF | T:3657821 RPD:1
[CH: 50] LEN: 12 | HEX: FA 76 FE EB 66 F4 97 FF 4A 63 AF FF | T:3657851 RPD:1
[CH: 50] LEN: 12 | HEX: F2 76 FE EA 67 DA 97 FF 96 86 BD F7 | T:3657881 RPD:1
[CH: 50] LEN: 12 | HEX: F2 7E FD E9 64 F4 97 DF E3 88 AA FF | T:3657911 RPD:1
[CH: 50] LEN: 12 | HEX: F2 76 FE E8 65 E8 97 AD BF 6D BF B6 | T:3657941 RPD:1
[CH: 50] LEN: 12 | HEX: FA 76 FE F7 6A FC 97 FF 4E 7A AB FF | T:3657971 RPD:1
[CH: 50] LEN: 12 | HEX: FA 76 FE E6 6B FC 97 FE D2 9F BF EF | T:3658001 RPD:1
[CH: 50] LEN: 12 | HEX: FA 76 FE E5 68 FC 97 FF A7 91 AD AD | T:3658031 RPD:1
[CH: 50] LEN: 12 | HEX: FA 76 FA E4 69 F4 97 FD 7B 74 BF AF | T:3658061 RPD:1
[CH: 50] LEN: 12 | HEX: FA 76 FA E3 6E F8 97 7A 4D 8D BF 7B | T:3658091 RPD:1
[CH: 50] LEN: 12 | HEX: F2 76 FB E2 6F F6 97 B5 11 68 A7 BF | T:3658121 RPD:1
[CH: 50] LEN: 12 | HEX: F2 76 FC E0 6D F4 97 DA B8 83 FF FF | T:3658181 RPD:1
[CH: 50] LEN: 12 | HEX: FA 76 FE DF 52 FC 97 BA 29 93 BF FB | T:3658210 RPD:1
[CH: 50] LEN: 12 | HEX: F2 76 FE FC 73 FC 97 FF 8A 8C BF EF | T:3658240 RPD:1
[CH: 50] LEN: 12 | HEX: FA 76 FE FD 70 FC 97 FD 3F 82 BF FF | T:3658244 RPD:1
[CH: 50] LEN: 12 | HEX: FA 76 FE FC 71 FC 97 BD 63 67 BF AB | T:3658248 RPD:1
[CH: 50] LEN: 12 | HEX: FA 76 FF FB 76 FC 97 FD D5 9C AF BF | T:3658259 RPD:1
[CH: 50] LEN: 12 | HEX: FA 76 F6 FA 77 AC 97 FF 89 73 B5 EF | T:3658281 RPD:1
[CH: 50] LEN: 12 | HEX: FA 76 FE F1 74 F8 97 FE A8 75 BF FF | T:3658311 RPD:1
[CH: 50] LEN: 12 | HEX: FA 76 FE F8 75 FC 97 FE 20 90 BF 7F | T:3658341 RPD:1
[CH: 50] LEN: 12 | HEX: FA 76 FC F7 7A F8 97 FE 91 87 BF BF | T:3658371 RPD:1
[CH: 50] LEN: 12 | HEX: FA 7B D6 80 81 FC 97 FA A7 FD AF EF | T:3658579 RPD:1
[CH: 50] LEN: 12 | HEX: F2 7B FF 00 81 F4 97 DE 47 FD AD FF | T:3658580 RPD:1
[CH: 50] LEN: 12 | HEX: F9 77 FD FE FC 78 97 FF 10 1D AB FF | T:3658610 RPD:1
[CH: 50] LEN: 12 | HEX: F9 77 FE FD F4 73 97 FF 67 9F AF FB | T:3658613 RPD:1
[CH: 50] LEN: 12 | HEX: F9 77 FE FC FE 72 97 AD 3A FE B9 BE | T:3658616 RPD:1
[CH: 50] LEN: 12 | HEX: F9 77 FE FE FE 70 97 FF 10 1D BF FF | T:3658627 RPD:1
[CH: 50] LEN: 12 | HEX: F9 77 FE FD EE 73 97 FF A7 9F BE FF | T:3658627 RPD:0
[CH: 50] LEN: 12 | HEX: F1 77 FE F8 FE 72 97 DA BA EC AF FF | T:3658639 RPD:1
[CH: 50] LEN: 12 | HEX: F9 77 FE FA FE 70 97 FF 10 1D BF BF | T:3658650 RPD:1
[CH: 50] LEN: 12 | HEX: F1 77 EE F9 EE 73 97 FE E7 9F AF F7 | T:3658650 RPD:0
[CH: 50] LEN: 12 | HEX: F9 77 FE FD FE 73 97 FF A7 9E B6 ED | T:3658661 RPD:1
[CH: 50] LEN: 12 | HEX: F1 77 BB FC FE 72 97 AB 3A FE BF BF | T:3658662 RPD:0
[CH: 50] LEN: 12 | HEX: F9 77 FE FE FE 70 97 FD 10 1D BD BF | T:3658673 RPD:1
[CH: 50] LEN: 12 | HEX: F9 77 EE FE FE 78 97 FF 10 1D BF FB | T:3658673 RPD:0
[CH: 50] LEN: 12 | HEX: F9 77 D6 FD FC 73 97 EB 27 9F BB EF | T:3658685 RPD:1
[CH: 50] LEN: 12 | HEX: F9 77 FE ED F5 73 97 FF A7 9F 7F FF | T:3658696 RPD:1
[CH: 50] LEN: 12 | HEX: F9 77 FE EE FE 70 97 FF 90 1D B7 FB | T:3658696 RPD:0
[CH: 50] LEN: 12 | HEX: F9 77 FF FC FA 72 97 FF BA FE BD FF | T:3658707 RPD:1
[CH: 50] LEN: 12 | HEX: F9 77 AA F8 FE 72 97 AE 3A FC BF FF | T:3658708 RPD:0
[CH: 50] LEN: 12 | HEX: F1 77 F5 FA F6 70 97 FB 10 1D B7 DF | T:3658719 RPD:1
[CH: 50] LEN: 12 | HEX: E9 77 7E F6 F6 70 97 FA 10 1D BB FF | T:3658730 RPD:1
[CH: 50] LEN: 12 | HEX: F9 77 DB FD FE 73 97 FD 27 9F BD FB | T:3658731 RPD:0
[CH: 50] LEN: 12 | HEX: F9 77 FA FD FE 73 97 FB A7 9F AF FE | T:3658742 RPD:1
[CH: 50] LEN: 12 | HEX: F5 77 FC F4 F6 72 97 BD 3A FE BF F7 | T:3658742 RPD:0
[CH: 50] LEN: 12 | HEX: F1 77 BA F4 FE 70 97 DB 10 1D AF AB | T:3658753 RPD:1
[CH: 50] LEN: 12 | HEX: F1 77 FD FE F6 70 97 DF 10 1D AF DF | T:3658754 RPD:0
[CH: 50] LEN: 12 | HEX: F1 77 74 F7 FE 73 97 BF A7 9F AF EB | T:3658765 RPD:1
[CH: 50] LEN: 12 | HEX: F9 77 AE FD FE 73 97 FE A7 9E AA EE | T:3658776 RPD:1
[CH: 50] LEN: 12 | HEX: F9 77 BD FC EE 72 97 FA 3E FE BF 7F | T:3658777 RPD:0
[CH: 50] LEN: 12 | HEX: F9 77 FB FD FE 73 97 BF A7 1F AF FF | T:3658788 RPD:1
[CH: 50] LEN: 12 | HEX: F9 77 DE EA FE 72 97 FE BA FE BF AF | T:3658788 RPD:0
[CH: 50] LEN: 12 | HEX: F9 77 FE F4 FE 70 97 FD 90 1D BF B7 | T:3658799 RPD:1
[CH: 50] LEN: 12 | HEX: F1 77 FE EE FE 70 97 FE 90 1D BE B2 | T:3658811 RPD:1
[CH: 50] LEN: 12 | HEX: F1 77 FA FD FE 73 97 FA A7 9F AF FF | T:3658811 RPD:0
[CH: 50] LEN: 12 | HEX: E9 76 FE F5 FE 73 97 FE 67 9F 3F 7F | T:3658822 RPD:1
[CH: 50] LEN: 12 | HEX: F9 77 FF FC FE 72 97 FE BA FA AF DF | T:3658823 RPD:0
[CH: 50] LEN: 12 | HEX: F9 77 FD F9 F6 73 97 DF A7 9F AF EF | T:3658834 RPD:1
[CH: 50] LEN: 12 | HEX: F9 77 FE FE FE 70 97 FF 90 1D BF FF | T:3658845 RPD:1
[CH: 50] LEN: 12 | HEX: F9 77 FE FD F6 73 97 FD 27 9F 3F D8 | T:3658845 RPD:0
[CH: 50] LEN: 12 | HEX: F9 77 FE FE EC 70 97 FE 90 1D BF FF | T:3658857 RPD:1
[CH: 50] LEN: 12 | HEX: F9 77 DD FD FE 7B 97 DF A7 9F 37 FF | T:3658857 RPD:0
[CH: 50] LEN: 12 | HEX: F1 77 DE FC FE 72 97 FF 3A FE BF BF | T:3658868 RPD:1
[CH: 50] LEN: 12 | HEX: F9 77 FE F8 FE 72 97 FF 3A FE B7 DF | T:3658868 RPD:0
[CH: 50] LEN: 12 | HEX: F9 77 EE FE FE 70 97 FE 90 1D BF F6 | T:3658880 RPD:1
[CH: 50] LEN: 12 | HEX: F1 77 DE FE FE 70 97 D6 10 1D AD FD | T:3658891 RPD:1
[CH: 50] LEN: 12 | HEX: F9 77 FE FD FE 73 97 FF A7 9F 2F FF | T:3658891 RPD:1
[CH: 50] LEN: 12 | HEX: F9 77 B5 F9 EE 73 97 FE A7 1F 2E ED | T:3658903 RPD:1
[CH: 50] LEN: 12 | HEX: F9 77 FD F9 FE 73 97 FF A7 9E AF 5A | T:3658903 RPD:0
[CH: 50] LEN: 12 | HEX: F1 77 BD FC FE 7A 97 FC BA EA BF BF | T:3658914 RPD:1
[CH: 50] LEN: 12 | HEX: F9 77 DE FC F4 72 97 FA 3A FE AF DF | T:3658925 RPD:1
[CH: 50] LEN: 12 | HEX: F9 77 F6 FE FE 70 97 FF 10 1D BF 6F | T:3658926 RPD:0
[CH: 50] LEN: 12 | HEX: F9 77 ED FE FC 70 97 FF 10 1D BF BF | T:3658937 RPD:1
[CH: 50] LEN: 12 | HEX: F9 7F BE FD FE 73 97 FF 67 9F AF FF | T:3658937 RPD:0
[CH: 50] LEN: 12 | HEX: F1 77 FE F8 FE 72 97 FF 3A FC BF FB | T:3658949 RPD:1
[CH: 50] LEN: 12 | HEX: F9 77 FE F8 FE 72 97 F5 3A FE BF EF | T:3658949 RPD:0
[CH: 50] LEN: 12 | HEX: F1 77 7A FE FE 70 97 FA 10 1D B7 FF | T:3658960 RPD:1
[CH: 50] LEN: 12 | HEX: F9 77 EE FE F6 70 97 FE 90 1D BF 7F | T:3658971 RPD:1
[CH: 50] LEN: 12 | HEX: E9 77 FE FD F6 73 97 FD 67 9F BF BF | T:3658972 RPD:0
[CH: 50] LEN: 12 | HEX: F9 77 BC FD F6 73 97 FD 67 9F BF F7 | T:3658983 RPD:1
[CH: 50] LEN: 12 | HEX: F9 77 F4 FD EE 73 97 AA 67 9F BF FB | T:3658983 RPD:0
[CH: 50] LEN: 12 | HEX: F9 77 FE FC FB 72 97 FF 3A FE BB FF | T:3658995 RPD:1
[CH: 50] LEN: 12 | HEX: F9 77 FD FC FA 72 97 FF 3A FE AB BF | T:3659006 RPD:1
[CH: 50] LEN: 12 | HEX: F9 77 FD FE FE 70 97 FF 10 1D BE EF | T:3659006 RPD:0
[CH: 50] LEN: 12 | HEX: F9 77 FD FE FE 70 97 FF 10 1D BD 7F | T:3659017 RPD:1
[CH: 50] LEN: 12 | HEX: F9 77 FC FD FE 73 97 FD 67 9F 2D 7B | T:3659018 RPD:0
[CH: 50] LEN: 12 | HEX: F1 77 FD FC FA 72 97 BA 3A FE AF FF | T:3659029 RPD:1
[CH: 50] LEN: 12 | HEX: F9 77 FE F8 FE 72 97 FF 3A FC BF FB | T:3659040 RPD:1
[CH: 50] LEN: 12 | HEX: F9 77 AE FE FE 70 97 FD 10 1D BD FF | T:3659041 RPD:0
[CH: 50] LEN: 12 | HEX: F9 77 FE FE FE 70 97 FF 10 1D BE FF | T:3659052 RPD:1
[CH: 50] LEN: 12 | HEX: F9 77 BE FA FE 70 97 FF 10 1D BF 7F | T:3659052 RPD:0
[CH: 50] LEN: 12 | HEX: F9 77 FD FD FE 73 97 FF 67 9F 2D FA | T:3659063 RPD:1
[CH: 50] LEN: 12 | HEX: F9 77 DE FD FE 73 97 FA A7 9F BF 6D | T:3659064 RPD:0
[CH: 50] LEN: 12 | HEX: F9 77 FE FC FE 72 97 DD BA F5 B5 FF | T:3659075 RPD:1
[CH: 50] LEN: 12 | HEX: F9 77 AE FC F6 72 97 FA BA FA BE EA | T:3659086 RPD:1
[CH: 50] LEN: 12 | HEX: F9 77 FE FE FE 70 97 FE 90 1D BD 7F | T:3659087 RPD:0
[CH: 50] LEN: 12 | HEX: F9 77 F5 F6 FA 70 97 FD 10 1D BF FF | T:3659098 RPD:1
[CH: 50] LEN: 12 | HEX: F9 77 FD FD F4 73 97 FD 27 9F BE FF | T:3659098 RPD:1
[CH: 50] LEN: 12 | HEX: F9 7F FD FC FE 72 97 FD BE F4 AF DB | T:3659109 RPD:1
[CH: 50] LEN: 12 | HEX: F9 77 FD FD FE 73 97 FD A7 9F 3F DE | T:3659121 RPD:1
[CH: 50] LEN: 12 | HEX: F9 77 FA FC F6 72 97 FD 3A FE BF FF | T:3659121 RPD:0
[CH: 50] LEN: 12 | HEX: F9 77 DC FC FE 72 97 54 3A EA AD 7E | T:3659132 RPD:1
[CH: 50] LEN: 12 | HEX: F9 77 FF FE FE 70 97 FD 10 1D BF FB | T:3659132 RPD:0
[CH: 50] LEN: 12 | HEX: F9 77 BE F5 FE 73 97 EF 67 9F BF F6 | T:3659144 RPD:1
[CH: 50] LEN: 12 | HEX: F1 77 BB FD F5 73 97 DE A7 9F BF 7F | T:3659144 RPD:0
[CH: 50] LEN: 12 | HEX: F9 77 BB F8 FC 72 97 54 3A EA AB F7 | T:3659155 RPD:1
[CH: 50] LEN: 12 | HEX: F9 77 FF FC F6 72 97 FD 3A F6 BF AF | T:3659167 RPD:1
[CH: 50] LEN: 12 | HEX: F9 77 FE FE F4 70 97 DF 90 1D AF DF | T:3659167 RPD:0
[CH: 50] LEN: 12 | HEX: F9 77 FE F5 FE 70 97 FD 10 1D BF 7F | T:3659178 RPD:1
[CH: 50] LEN: 12 | HEX: F9 77 F9 FC FE 70 97 7D 10 1D BF BB | T:3659178 RPD:0
[CH: 50] LEN: 12 | HEX: F9 77 FE FD FE 73 97 FD 27 9E AA D7 | T:3659190 RPD:1
[CH: 50] LEN: 12 | HEX: F9 77 DB F9 FE 73 97 DE A7 9E BF FF | T:3659201 RPD:1
[CH: 50] LEN: 12 | HEX: F9 77 FB F8 FE 72 97 FD 3A FE AF 7B | T:3659201 RPD:0
[CH: 50] LEN: 12 | HEX: F9 77 FD FC F6 72 97 FA BA FE AF FF | T:3659213 RPD:1
[CH: 50] LEN: 12 | HEX: F1 77 DE FE FE 70 97 FE 90 1D AF BE | T:3659213 RPD:0
[CH: 50] LEN: 12 | HEX: F9 77 FF F9 F5 73 97 FF 27 DE BF AD | T:3659224 RPD:1
[CH: 50] LEN: 12 | HEX: F9 77 BD F9 FE 73 97 FD 27 9F 6B FB | T:3659235 RPD:1
[CH: 50] LEN: 12 | HEX: F1 77 B5 F4 FE 72 97 FD 3A FE AF FF | T:3659236 RPD:0
[CH: 50] LEN: 12 | HEX: F9 77 FE FA FE 72 97 FA 3A FE B7 FD | T:3659247 RPD:1
[CH: 50] LEN: 12 | HEX: F9 77 FD FC FE 72 97 FF BA FE AD FF | T:3659247 RPD:0
[CH: 50] LEN: 12 | HEX: F9 77 FD FD FE 70 97 FA 90 1D AF FF | T:3659259 RPD:1
[CH: 50] LEN: 12 | HEX: F9 77 FE FE FE 70 97 AD 10 1D BF B7 | T:3659259 RPD:0
[CH: 50] LEN: 12 | HEX: F9 77 FE F7 FE 73 97 BA A7 9F BF FD | T:3659270 RPD:1
[CH: 50] LEN: 12 | HEX: F9 77 FA FD FE 73 97 DA A7 9F BA BF | T:3659281 RPD:1
[CH: 50] LEN: 12 | HEX: F9 77 FD FC FE 72 97 FF BA F6 BF AF | T:3659282 RPD:0
[CH: 50] LEN: 12 | HEX: F1 77 FF FA FE 72 97 FF 3A FE BB FD | T:3659293 RPD:1
[CH: 50] LEN: 12 | HEX: F1 77 FE F5 FE 70 97 F5 10 1F BF FF | T:3659293 RPD:0
[CH: 50] LEN: 12 | HEX: F9 57 FC FD FE 73 97 FD 27 9F AF FF | T:3659305 RPD:1
[CH: 50] LEN: 12 | HEX: F9 77 FE FD D6 73 97 FD 67 9E BA FF | T:3659316 RPD:1
[CH: 50] LEN: 12 | HEX: F1 77 DC FC F6 72 97 DF 3A FE AF F5 | T:3659316 RPD:0
[CH: 50] LEN: 12 | HEX: F9 77 FD FD EC 73 97 FE E7 1F EF FE | T:3659327 RPD:1
[CH: 50] LEN: 12 | HEX: F9 77 BD F8 FE 72 97 FE BA F4 BB D7 | T:3659328 RPD:0
[CH: 50] LEN: 12 | HEX: F9 77 FD EA FE 70 97 F5 10 1D BF FF | T:3659339 RPD:1
[CH: 50] LEN: 12 | HEX: F5 77 DE FE FE 70 97 FF 10 1D B7 F9 | T:3659339 RPD:0
[CH: 50] LEN: 12 | HEX: F1 77 FE FD F6 73 97 FA A7 9F BF DD | T:3659350 RPD:1
[CH: 50] LEN: 12 | HEX: F9 77 FF FD FE 73 97 FE A7 9F BD FF | T:3659362 RPD:1
[CH: 50] LEN: 12 | HEX: F9 77 DE FA FE 72 97 BF 3A FE BF FF | T:3659362 RPD:0
[CH: 50] LEN: 12 | HEX: F1 77 F4 FC F4 72 97 FF 3E FE BF BF | T:3659373 RPD:1
[CH: 50] LEN: 12 | HEX: F9 77 DE FC FE 70 97 FE 90 1D AB 7F | T:3659374 RPD:0
[CH: 50] LEN: 12 | HEX: F1 77 FD F5 FE 73 97 ED 27 9F BF 7F | T:3659385 RPD:1
[CH: 50] LEN: 12 | HEX: F9 77 BE FE FE 70 97 BD 10 1D BF BF | T:3659396 RPD:1
[CH: 50] LEN: 12 | HEX: F1 77 FD FB FE 73 97 FD 27 9F BF FF | T:3659396 RPD:0
[CH: 50] LEN: 12 | HEX: F9 77 FE FD FE 73 97 FE A7 9F BF FF | T:3659408 RPD:1
[CH: 50] LEN: 12 | HEX: F9 77 FE F4 FA 72 97 FD 3A FE B7 BF | T:3659408 RPD:0
[CH: 50] LEN: 12 | HEX: F9 77 BC FE F4 70 97 FF 90 1D AF DF | T:3659419 RPD:1
[CH: 50] LEN: 12 | HEX: F9 77 FD FE EE 70 97 FD 10 1D AB FE | T:3659431 RPD:1
[CH: 50] LEN: 12 | HEX: F9 77 FD F9 ED 73 97 AA A7 1F BF EF | T:3659431 RPD:0
[CH: 50] LEN: 12 | HEX: F9 77 FF FD EE 73 97 FD 27 1F BF DB | T:3659442 RPD:1
[CH: 50] LEN: 12 | HEX: F9 77 FD FC FE 72 97 FD 3A F6 BF FE | T:3659442 RPD:0
[CH: 50] LEN: 12 | HEX: F1 77 D4 FA FE 70 97 FD 10 1D BF 7F | T:3659454 RPD:1
[CH: 50] LEN: 12 | HEX: F1 77 FA F4 FE 72 97 DE BA EE BF FF | T:3659454 RPD:0
[CH: 50] LEN: 12 | HEX: F1 77 DC FE FA 70 97 AD 10 1D AF FE | T:3659465 RPD:1
[CH: 50] LEN: 12 | HEX: F5 7F 7E F6 FE 70 97 BD 10 1D BD 77 | T:3659477 RPD:1
[CH: 50] LEN: 12 | HEX: F9 77 FA FD EE 73 97 FD 27 9D 6D BB | T:3659477 RPD:0
[CH: 50] LEN: 12 | HEX: F9 77 F6 E9 FE 73 97 DD 27 9F BF BF | T:3659488 RPD:1
[CH: 50] LEN: 12 | HEX: F9 77 7A F4 FE 72 97 B5 3A EE BE F7 | T:3659488 RPD:0
[CH: 50] LEN: 12 | HEX: F1 77 BB FE FE 70 97 FD 10 1D BF FF | T:3659500 RPD:1
[CH: 50] LEN: 12 | HEX: F1 77 FE FE F4 70 97 BD 10 1D BF FB | T:3659511 RPD:1
[CH: 50] LEN: 12 | HEX: F9 77 FD FD FE 73 97 FD 67 9F 3F 7D | T:3659511 RPD:0
[CH: 50] LEN: 12 | HEX: F9 77 FD FD F4 73 97 FF 67 9F BF BB | T:3659523 RPD:1
[CH: 50] LEN: 12 | HEX: F1 77 AB FD F4 73 97 EF A7 9F BE DE | T:3659523 RPD:0
[CH: 50] LEN: 12 | HEX: F9 77 BB F8 FD 72 97 FD 3A FE B9 FF | T:3659534 RPD:1
[CH: 50] LEN: 12 | HEX: F9 77 FF FA FA 70 97 FA 10 1D BF DF | T:3659534 RPD:0
[CH: 50] LEN: 12 | HEX: F9 77 FB FD EE 73 97 BD A7 9E BF FF | T:3659546 RPD:1
[CH: 50] LEN: 12 | HEX: F1 77 BC FE EE 70 97 F5 10 1D AF FF | T:3659557 RPD:1
[CH: 50] LEN: 12 | HEX: F9 77 FE FD FE 73 97 FA A7 9F 2F BF | T:3659557 RPD:0
[CH: 50] LEN: 12 | HEX: F9 77 ED F9 EC 73 97 FA A7 9E AF FB | T:3659569 RPD:1
[CH: 50] LEN: 12 | HEX: F9 77 D6 FC F6 72 97 BC 3A EE BF 7F | T:3659569 RPD:0
[CH: 50] LEN: 12 | HEX: F9 77 FD FE FD 70 97 FA 10 1D BF AD | T:3659580 RPD:1
[CH: 50] LEN: 12 | HEX: F1 77 FB FF FE 70 97 75 10 1D BD F7 | T:3659591 RPD:1
[CH: 50] LEN: 12 | HEX: F1 77 FA FD FC 73 97 BB A7 9E BB BF | T:3659592 RPD:0
[CH: 50] LEN: 12 | HEX: F1 77 D6 FA F6 70 97 D4 90 1D BD 6F | T:3659603 RPD:1
[CH: 50] LEN: 12 | HEX: F1 77 BF FB F4 73 97 FB A7 9F BE FF | T:3659603 RPD:0
[CH: 50] LEN: 12 | HEX: F1 77 DD FC FE 72 97 FD 3A FE AF 7E | T:3659614 RPD:1
[CH: 50] LEN: 12 | HEX: F9 77 D4 FC F6 72 97 FD 3A FE BF A7 | T:3659626 RPD:1
[CH: 50] LEN: 12 | HEX: F1 77 74 F6 FE 70 97 7B 10 1D B7 FF | T:3659626 RPD:0
[CH: 50] LEN: 12 | HEX: F9 77 FB FE FE 70 97 7C 90 1D AF EB | T:3659637 RPD:1
[CH: 50] LEN: 12 | HEX: F9 77 DA F7 EE 73 97 FA 27 9F 3F FF | T:3659638 RPD:1
[CH: 50] LEN: 12 | HEX: F9 77 FD FC FE 72 97 FD 3A F6 BF FE | T:3659649 RPD:1
[CH: 50] LEN: 12 | HEX: F9 77 FF F9 FE 73 97 BE E7 9F AF 7F | T:3659649 RPD:0
[CH: 50] LEN: 12 | HEX: F9 77 DC FC FE 72 97 55 3A EA BB B7 | T:3659660 RPD:1
[CH: 50] LEN: 12 | HEX: F1 77 FE FA FA 72 97 FA 3A EA BF EB | T:3659672 RPD:1
[CH: 50] LEN: 12 | HEX: F9 77 FF FE FD 70 97 FE 90 1D BF 5F | T:3659672 RPD:0
[CH: 50] LEN: 12 | HEX: F1 77 FB FE FE 70 97 FE 90 1D AB AF | T:3659683 RPD:1
[CH: 50] LEN: 12 | HEX: ED 77 FA F5 F4 73 97 FD 27 9F BF F6 | T:3659684 RPD:0
[CH: 50] LEN: 12 | HEX: F9 77 BD FC F6 72 97 FD 3A F4 AF FD | T:3659695 RPD:1
[CH: 50] LEN: 12 | HEX: F9 77 FA FC FE 72 97 BD BA F4 AF FE | T:3659706 RPD:1
[CH: 50] LEN: 12 | HEX: F1 77 FF FE F6 70 97 FE 90 1D AF FB | T:3659706 RPD:0
[CH: 50] LEN: 12 | HEX: F9 77 FD FE FE 70 97 F5 10 1D BF BF | T:3659718 RPD:1
[CH: 50] LEN: 12 | HEX: F9 77 BB FB FA 70 97 FE 90 1D AE DF | T:3659718 RPD:0
[CH: 50] LEN: 12 | HEX: F1 77 FD FD FE 73 97 FD 27 9F BB FF | T:3659729 RPD:1
[CH: 50] LEN: 12 | HEX: F9 77 D4 F9 FE 73 97 75 A7 9F 6F DF | T:3659730 RPD:0
[CH: 50] LEN: 12 | HEX: E9 77 DA FC F6 72 97 FD 3A EA BF F5 | T:3659741 RPD:1
[CH: 50] LEN: 12 | HEX: F1 77 7D F4 F6 72 97 5A 3A FE AD DF | T:3659752 RPD:1
[CH: 50] LEN: 12 | HEX: F1 77 FE FE FE 70 97 DA 90 1D BF F7 | T:3659752 RPD:0
[CH: 50] LEN: 12 | HEX: F9 77 DD F6 F5 70 97 FD 10 1D BF FF | T:3659764 RPD:1
[CH: 50] LEN: 12 | HEX: F9 77 FD FD FE 73 97 FF 67 9D 7F FF | T:3659764 RPD:0
[CH: 50] LEN: 12 | HEX: F9 77 AD FC FA 72 97 DA BA FE B7 FF | T:3659775 RPD:1
[CH: 50] LEN: 12 | HEX: F1 77 AA FC F4 72 97 BE BA FE BF 7F | T:3659787 RPD:1
[CH: 50] LEN: 12 | HEX: F9 77 FD FE FE 70 97 FE 90 1D AE DF | T:3659787 RPD:0
[CH: 50] LEN: 12 | HEX: F9 77 FE FC FE 72 97 DD BA FE BD BD | T:3659798 RPD:1
[CH: 50] LEN: 12 | HEX: F9 77 FD F6 FE 70 97 DD 90 1D AF DF | T:3659798 RPD:0
[CH: 50] LEN: 12 | HEX: F9 77 FE FD FE 73 97 D7 67 9F AE FF | T:3659810 RPD:1
[CH: 50] LEN: 12 | HEX: F9 77 FE FD F6 73 97 EE A7 9F AF FF | T:3659821 RPD:1
[CH: 50] LEN: 12 | HEX: F9 77 FE F8 F6 72 97 FD 3A FC B7 EF | T:3659821 RPD:0
[CH: 50] LEN: 12 | HEX: F9 77 FF F8 FE 72 97 DE BA FE AD F7 | T:3659832 RPD:1
[CH: 50] LEN: 12 | HEX: F9 77 FE FC FE 70 97 FF 10 1D BF FF | T:3659833 RPD:0
[CH: 50] LEN: 12 | HEX: F9 77 FD FD F6 73 97 FE 67 9F AF AD | T:3659844 RPD:1
[CH: 50] LEN: 12 | HEX: F1 77 FE F5 EC 73 97 FD 27 9F 2F 7F | T:3659844 RPD:0
[CH: 50] LEN: 12 | HEX: F9 77 BC F4 FE 72 97 DE BA F4 BF 7F | T:3659856 RPD:1
[CH: 50] LEN: 12 | HEX: F9 77 DE FD FE 73 B7 FF 67 9F BE FD | T:3659867 RPD:1
[CH: 50] LEN: 12 | HEX: F1 77 FE F8 F4 72 97 FF 3A F4 AF B7 | T:3659867 RPD:0
[CH: 50] LEN: 12 | HEX: F9 57 55 D4 D6 72 96 BF 3A AA B5 AE | T:3659878 RPD:1
[CH: 50] LEN: 12 | HEX: F9 77 D5 FE FE 70 97 FD 90 1D BD BF | T:3659879 RPD:0
[CH: 50] LEN: 12 | HEX: F1 77 FE FD FE 73 97 FD 67 9F BF 5B | T:3659890 RPD:1
[CH: 50] LEN: 12 | HEX: F9 77 FF FD EA 73 97 FE E7 9F 3B FF | T:3659901 RPD:1
[CH: 50] LEN: 12 | HEX: F9 77 FE FC FE 72 97 FF 3A FC BF FF | T:3659902 RPD:0
[CH: 50] LEN: 12 | HEX: F9 77 FC F8 FE 72 97 FF 3A FE AF DF | T:3659913 RPD:1
[CH: 50] LEN: 12 | HEX: F9 77 FE FE FE 70 97 BE 90 1D BE FD | T:3659913 RPD:0
[CH: 50] LEN: 12 | HEX: F1 77 FC FD F6 73 97 FD 67 9F BF 7F | T:3659924 RPD:1
[CH: 50] LEN: 12 | HEX: F9 77 FE FE FC 70 97 DE 10 1D AF DD | T:3659925 RPD:0
[CH: 50] LEN: 12 | HEX: F9 77 FE FD FE 73 97 FF A7 9F BF FF | T:3659936 RPD:1
[CH: 50] LEN: 12 | HEX: F9 77 EC FD FE 73 97 FF 27 9F AB BD | T:3659947 RPD:1
[CH: 50] LEN: 12 | HEX: F9 77 FE FC FE 72 97 FF 3A FE BF BB | T:3659948 RPD:0
[CH: 50] LEN: 12 | HEX: F9 77 FE FC FE 72 97 FF 3A FC BF FF | T:3659959 RPD:1
[CH: 50] LEN: 12 | HEX: F9 77 BE FE FA 70 97 DF 10 1D BF FF | T:3659959 RPD:0
[CH: 50] LEN: 12 | HEX: F9 77 FE FD FE 73 97 FF 67 9F BD FF | T:3659970 RPD:1
[CH: 50] LEN: 12 | HEX: F9 77 F6 F9 FE 73 97 FF 27 9E BF FF | T:3659982 RPD:1
[CH: 50] LEN: 12 | HEX: F9 77 D6 FC FE 72 97 BF 3A FA AF FE | T:3659982 RPD:0
[CH: 50] LEN: 12 | HEX: F9 77 FE F8 FE 72 97 DD 3A FE AF EF | T:3659993 RPD:1
[CH: 50] LEN: 12 | HEX: F9 77 FE FA FE 72 97 FF 3A FE BF DF | T:3659994 RPD:0
[CH: 50] LEN: 12 | HEX: F1 77 FE FE FE 70 97 FF 10 1D BE FF | T:3660005 RPD:1
[CH: 50] LEN: 12 | HEX: F9 77 FE FE FE 70 97 FF 10 1D AF 77 | T:3660016 RPD:1
[CH: 50] LEN: 12 | HEX: F9 77 BD FD F6 73 97 FD 67 9F B5 7F | T:3660016 RPD:0
[CH: 50] LEN: 12 | HEX: F9 77 FE FD FE 63 97 FF A7 9F BE EB | T:3660028 RPD:1
[CH: 50] LEN: 12 | HEX: F9 77 FD F8 FE 72 97 FE BA FE AF ED | T:3660028 RPD:0
[CH: 50] LEN: 12 | HEX: F9 77 FE FA F6 70 97 FF 10 1D BF FF | T:3660039 RPD:1
[CH: 50] LEN: 12 | HEX: F9 77 FE FE FE 70 97 BF 90 1D AB FD | T:3660039 RPD:0
[CH: 50] LEN: 12 | HEX: F9 77 FB FD F4 73 97 FF 67 9F BD FF | T:3660051 RPD:1
[CH: 50] LEN: 12 | HEX: F9 77 FE FD FE 73 97 FF A7 9F AF EF | T:3660062 RPD:1
[CH: 50] LEN: 12 | HEX: FD 77 DF FC FE 72 97 AA BA FE BF EE | T:3660062 RPD:0
[CH: 50] LEN: 12 | HEX: F9 77 FE FD FE 73 97 FF A7 9F BF F7 | T:3660074 RPD:1
[CH: 50] LEN: 12 | HEX: F9 77 FE FC FE 72 97 FF 3A FA BF 7F | T:3660074 RPD:0
[CH: 50] LEN: 12 | HEX: F9 77 FE FE FE 70 97 FF 10 1D BF BB | T:3660085 RPD:1
[CH: 50] LEN: 12 | HEX: F9 77 FE FE FE 70 97 EF 90 1D AF F7 | T:3660096 RPD:1
[CH: 50] LEN: 12 | HEX: F9 77 FE F9 FE 73 97 FF A7 9F BF FF | T:3660097 RPD:0
[CH: 50] LEN: 12 | HEX: F1 77 FE FD FE 73 97 FF 67 9F 6F FF | T:3660108 RPD:1
[CH: 50] LEN: 12 | HEX: F9 77 DC FC FE 72 97 FF 3A FE AF FA | T:3660108 RPD:0
[CH: 50] LEN: 12 | HEX: F1 77 FE F4 FE 70 97 F5 90 1D BF FD | T:3660120 RPD:1
[CH: 50] LEN: 12 | HEX: F9 77 FE FE FA 70 97 FF 90 1D B9 BF | T:3660120 RPD:0
[CH: 50] LEN: 12 | HEX: F9 77 FE FD FE 73 97 FF 67 9E AA 7F | T:3660131 RPD:1
[CH: 50] LEN: 12 | HEX: F9 77 FE FE FE 70 97 FF 10 1D BF EA | T:3660142 RPD:1
[CH: 50] LEN: 12 | HEX: F9 77 EA F9 FE 73 97 FF E7 9F BF EE | T:3660143 RPD:0
[CH: 50] LEN: 12 | HEX: F9 77 EE F9 EE 73 D7 DE A7 9E BF FF | T:3660154 RPD:1
[CH: 50] LEN: 12 | HEX: F9 77 FD FC FE 72 97 FE BA FE BD F2 | T:3660154 RPD:0
[CH: 50] LEN: 12 | HEX: F9 77 FE FE FE 70 97 FE 90 1D AF FB | T:3660166 RPD:1
[CH: 50] LEN: 12 | HEX: F9 77 FD FE FE 70 97 FE 90 1D BF FF | T:3660177 RPD:1
[CH: 50] LEN: 12 | HEX: F9 77 FE FD FE 73 97 FE E7 9F BF FB | T:3660177 RPD:1
[CH: 50] LEN: 12 | HEX: F9 77 D4 F5 FE 73 97 FA A7 9D 3F FF | T:3660188 RPD:1
[CH: 50] LEN: 12 | HEX: F9 77 FF FD F6 73 97 FD 27 9E BF 7D | T:3660189 RPD:0
[CH: 50] LEN: 12 | HEX: F9 77 FC FC FE 72 97 FF 3A FE BD FA | T:3660200 RPD:1
[CH: 50] LEN: 12 | HEX: F9 7F FE FC FE 72 97 FF 3A FE BF FF | T:3660211 RPD:1
[CH: 50] LEN: 12 | HEX: F9 77 7B FE FE 70 97 EF 10 1D BB FB | T:3660212 RPD:0
[CH: 50] LEN: 12 | HEX: F9 77 FE FE FE 70 97 FD 10 1D B5 FB | T:3660223 RPD:1
[CH: 50] LEN: 12 | HEX: F9 77 FE FD FE 73 97 AF A7 9F B7 FF | T:3660223 RPD:0
[CH: 50] LEN: 12 | HEX: F9 77 FF FC FA 72 97 FD 3A F6 BF EF | T:3660234 RPD:1
[CH: 50] LEN: 12 | HEX: F9 77 DE F8 FE 72 97 DF 3A FE BF FD | T:3660235 RPD:0
[CH: 50] LEN: 12 | HEX: F9 77 DD FD FE 70 97 FD 10 1D AF 4D | T:3660246 RPD:1
[CH: 50] LEN: 12 | HEX: F9 77 FE FE FE 70 97 FE 90 1D BF FF | T:3660257 RPD:1
[CH: 50] LEN: 12 | HEX: F9 77 FD FB FE 73 97 BF A7 9F BF 7F | T:3660257 RPD:0
[CH: 50] LEN: 12 | HEX: F1 77 DC FD FE 73 97 FD 27 9F BD FB | T:3660269 RPD:1
[CH: 50] LEN: 12 | HEX: F9 77 FD FD FE 73 97 FE A7 9F AE AA | T:3660269 RPD:0
[CH: 50] LEN: 12 | HEX: F9 77 DE FC FE 72 97 FD BA FE B7 FD | T:3660280 RPD:1
[CH: 50] LEN: 12 | HEX: F9 7F FE FC FE 72 97 FF BA FE BF AB | T:3660292 RPD:1
[CH: 50] LEN: 12 | HEX: F9 77 FE FA FE 70 97 FD 10 1D AB FD | T:3660292 RPD:0
[CH: 50] LEN: 12 | HEX: F1 77 FE FE FE 70 97 BE 90 1D BF FE | T:3660303 RPD:1
[CH: 50] LEN: 12 | HEX: F1 77 FD F9 FE 73 97 FF 27 9F 3F FF | T:3660303 RPD:0
[CH: 50] LEN: 12 | HEX: F1 77 DE F4 FE 72 97 FD 3A FE AD 39 | T:3660315 RPD:1
[CH: 50] LEN: 12 | HEX: F1 77 5A FC FC 72 97 AA 36 EA BD 75 | T:3660315 RPD:1
[CH: 50] LEN: 12 | HEX: F9 77 D5 FE F6 70 97 FF 10 1D AF EF | T:3660326 RPD:1
[CH: 50] LEN: 12 | HEX: F9 77 DA F8 F6 72 97 FF 3A FE B9 FF | T:3660338 RPD:1
[CH: 50] LEN: 12 | HEX: F9 77 F5 FE FE 70 97 FF 10 1D B7 FD | T:3660338 RPD:0
[CH: 50] LEN: 12 | HEX: F9 77 F9 FE FE 70 97 FD 90 1D BF FE | T:3660349 RPD:1
[CH: 50] LEN: 12 | HEX: F9 77 FE F5 FE 73 97 EE A7 1F BF F7 | T:3660349 RPD:0
[CH: 50] LEN: 12 | HEX: F9 77 FE FC FE 72 97 FD BA FE BF DF | T:3660361 RPD:1
[CH: 50] LEN: 12 | HEX: F9 77 FC FC FE 76 97 FF 3A FE AF B7 | T:3660372 RPD:1
[CH: 50] LEN: 12 | HEX: F9 77 EA FE FE 70 97 FA 10 1D AF FD | T:3660372 RPD:0
[CH: 50] LEN: 12 | HEX: F1 77 AA FE FA 70 97 FE 90 1D BF F7 | T:3660384 RPD:1
[CH: 50] LEN: 12 | HEX: F9 77 7B FD EE 73 97 FD 67 9F AF EF | T:3660384 RPD:0
[CH: 50] LEN: 12 | HEX: F9 77 FB FC FA 72 97 5A BA EA AE DC | T:3660395 RPD:1
[CH: 50] LEN: 12 | HEX: F9 77 FE FD FE 73 97 ED 27 9F BF BF | T:3660406 RPD:1
[CH: 50] LEN: 12 | HEX: F9 77 FE FC F5 72 97 FF 3A EA BD FF | T:3660407 RPD:0
[CH: 50] LEN: 12 | HEX: F9 77 FE FC FE 72 97 AD BA F6 BF FD | T:3660418 RPD:1
[CH: 50] LEN: 12 | HEX: F9 77 FE FE FE 70 97 FE 90 1D AF 5F | T:3660418 RPD:0
[CH: 50] LEN: 12 | HEX: F9 77 BD FD FF 73 97 BF 27 9F AF F7 | T:3660430 RPD:1
[CH: 50] LEN: 12 | HEX: F9 77 FD FD FE 73 97 FE A7 9F BF BD | T:3660430 RPD:0
[CH: 50] LEN: 12 | HEX: F9 77 DA FC F6 72 97 59 3A EA AF F7 | T:3660441 RPD:1
[CH: 50] LEN: 12 | HEX: F9 77 FD FC F6 72 97 FE BA FE BF FF | T:3660452 RPD:1
[CH: 50] LEN: 12 | HEX: F9 77 D6 FD FA 70 97 ED 10 1D AF FF | T:3660453 RPD:0
[CH: 50] LEN: 12 | HEX: F9 77 FE FE F6 70 97 FE 90 1D AB 6F | T:3660464 RPD:1
[CH: 50] LEN: 12 | HEX: F1 77 5D FE FB 70 97 FE 90 1D BF FF | T:3660464 RPD:0
[CH: 50] LEN: 12 | HEX: F9 77 FE FD FE 73 97 FF 67 9F BF D7 | T:3660475 RPD:1
[CH: 50] LEN: 12 | HEX: F9 77 BB FD F6 73 97 FD 27 9F AE F7 | T:3660487 RPD:1
[CH: 50] LEN: 12 | HEX: F1 77 DE FC FA 72 97 BD BA EE AD 6F | T:3660487 RPD:0
[CH: 50] LEN: 12 | HEX: F9 77 FE FA FA 72 97 FA BA FE BD FD | T:3660498 RPD:1
[CH: 50] LEN: 12 | HEX: F9 77 DD FE FE 70 97 DD 10 1D BF FD | T:3660499 RPD:0
[CH: 50] LEN: 12 | HEX: F9 77 DB FD EE 73 97 FD 27 9F AF AF | T:3660510 RPD:1
[CH: 50] LEN: 12 | HEX: F9 77 FE FD F4 73 97 FF 67 9F AB F7 | T:3660510 RPD:0
[CH: 50] LEN: 12 | HEX: F9 77 FC F8 FE 72 97 5C BA EE BF FF | T:3660521 RPD:1
[CH: 50] LEN: 12 | HEX: F1 77 FA FC ED 72 97 7D 3A FE B5 AE | T:3660533 RPD:1
[CH: 50] LEN: 12 | HEX: F9 77 FD FE FC 70 97 FF 90 1D AD FB | T:3660533 RPD:0
[CH: 50] LEN: 12 | HEX: F9 77 FA FC FE 72 97 AC BA F6 AF 7F | T:3660544 RPD:1
[CH: 50] LEN: 12 | HEX: F9 77 DE FE FE 70 97 FF 10 1D BF FD | T:3660545 RPD:0
[CH: 50] LEN: 12 | HEX: F9 77 DE F5 DE 73 97 FA A7 DF 3F EF | T:3660556 RPD:1
[CH: 50] LEN: 12 | HEX: F1 77 FB ED FE 7B 97 FA A7 9F 3F E5 | T:3660567 RPD:1
[CH: 50] LEN: 12 | HEX: F9 77 DE F8 F6 72 97 7D 3A FE AE FF | T:3660567 RPD:0
[CH: 50] LEN: 12 | HEX: F9 77 FF FC FE 72 97 FF BA FE BD FF | T:3660579 RPD:1
[CH: 50] LEN: 12 | HEX: F9 77 FA FE FE 70 97 FF 90 1D AF FF | T:3660579 RPD:0
[CH: 50] LEN: 12 | HEX: F9 77 FE F5 FE 73 97 D7 67 9F AF FF | T:3660590 RPD:1
[CH: 50] LEN: 12 | HEX: F9 77 FE FD FE 73 97 FE A7 9F BF E7 | T:3660602 RPD:1
[CH: 50] LEN: 12 | HEX: F1 77 FA FC FE 72 97 FD 3A FE BE FF | T:3660602 RPD:0
[CH: 50] LEN: 12 | HEX: F9 77 EE FD EE 73 97 FF 67 5E BD FA | T:3660613 RPD:1
[CH: 50] LEN: 12 | HEX: F9 77 FE F4 F5 72 97 FF 3A EC BF FE | T:3660613 RPD:0
[CH: 50] LEN: 12 | HEX: F9 77 DC F5 FC 70 97 BD 90 1D BF FF | T:3660625 RPD:1
[CH: 50] LEN: 12 | HEX: F9 77 AD FE FA 70 97 FD 10 1D AD FE | T:3660625 RPD:0
[CH: 50] LEN: 12 | HEX: F1 77 BA F5 FE 73 97 DE 27 9D 6D AF | T:3660636 RPD:1
[CH: 50] LEN: 12 | HEX: F9 77 DD FD FE 73 97 DA A7 9E AF 6B | T:3660648 RPD:1
[CH: 50] LEN: 12 | HEX: F1 77 FE F4 F6 72 97 BE 3A F4 AE DD | T:3660648 RPD:0
[CH: 50] LEN: 12 | HEX: F9 77 FE E6 FE 72 97 FE BA FE BF FE | T:3660659 RPD:1
[CH: 50] LEN: 12 | HEX: F9 77 FD FE FA 70 97 DE 10 1D B7 BF | T:3660659 RPD:0
[CH: 50] LEN: 12 | HEX: F9 77 FE F5 DD 73 97 BA A7 9F BD 7B | T:3660671 RPD:1
[CH: 50] LEN: 12 | HEX: F1 77 DD FA FE 70 97 DA 90 1D BF FD | T:3660682 RPD:1
[CH: 50] LEN: 12 | HEX: F9 77 FD FD F7 73 97 BA A7 9F 2F DE | T:3660682 RPD:0
[CH: 50] LEN: 12 | HEX: F9 77 FA FD FE 73 97 FE 67 9F 77 FA | T:3660694 RPD:1
[CH: 50] LEN: 12 | HEX: F1 77 DA F6 ED 72 97 76 3A FE A7 DF | T:3660694 RPD:0
[CH: 50] LEN: 12 | HEX: F1 77 FE FC FA 70 97 B4 10 1D BE FF | T:3660705 RPD:1
[CH: 50] LEN: 12 | HEX: F9 77 FD F6 FE 70 97 FE 90 1D AE FD | T:3660705 RPD:0
[CH: 50] LEN: 12 | HEX: F9 77 AE FD EE 73 97 FE A7 9F AB 7F | T:3660717 RPD:1
[CH: 50] LEN: 12 | HEX: F9 77 FC FD FE 73 97 FD 27 9F BF FB | T:3660728 RPD:1
[CH: 50] LEN: 12 | HEX: F9 77 FD FC FE 72 97 FE BA FE AD 7F | T:3660728 RPD:0
[CH: 50] LEN: 12 | HEX: F9 77 FE E8 FA 72 97 FA 3A FE BF FF | T:3660739 RPD:1
[CH: 50] LEN: 12 | HEX: F9 77 DA FC FE 72 97 FD 3A FE BF EF | T:3660740 RPD:0
[CH: 50] LEN: 12 | HEX: F9 77 F5 FE F6 70 97 FE 90 1D BF FF | T:3660751 RPD:1
[CH: 50] LEN: 12 | HEX: F9 77 FF FE FE 70 97 FF 90 1D AF FB | T:3660762 RPD:1
[CH: 50] LEN: 12 | HEX: F9 77 FB ED FA 73 97 FD 27 9F BD FF | T:3660763 RPD:0
[CH: 50] LEN: 12 | HEX: F9 77 FE FD FE 73 97 FE 27 9F BF D7 | T:3660774 RPD:1
[CH: 50] LEN: 12 | HEX: F9 77 DD FC FE 72 97 DF 3A FC AE FF | T:3660774 RPD:0
[CH: 50] LEN: 12 | HEX: F9 77 FE FC F5 70 97 5D 10 1D B7 FF | T:3660785 RPD:1
[CH: 50] LEN: 12 | HEX: F1 77 54 FE FE 70 97 BD 90 1F BF 6F | T:3660797 RPD:1
[CH: 50] LEN: 12 | HEX: F9 77 DE FD FE 73 97 FE 67 9F AF FF | T:3660797 RPD:0
[CH: 50] LEN: 12 | HEX: F9 77 FC FB FE 73 97 AA A7 9F BD FF | T:3660808 RPD:1
[CH: 50] LEN: 12 | HEX: F9 77 FA E9 EE 73 97 7F A7 9F BF DE | T:3660809 RPD:0
[CH: 50] LEN: 12 | HEX: F1 77 FE FC F6 72 97 FF BA FE AF DF | T:3660820 RPD:1
[CH: 50] LEN: 12 | HEX: F1 77 BD FC FE 72 97 FD BA FA BF 7D | T:3660820 RPD:0
[CH: 50] LEN: 12 | HEX: F9 77 DA F6 FE 70 97 7A 90 1D BB FD | T:3660831 RPD:1
[CH: 50] LEN: 12 | HEX: F9 77 DD FE EE 70 97 FD 10 1D BF BF | T:3660843 RPD:1
[CH: 50] LEN: 12 | HEX: E9 77 D4 ED F6 73 97 AF A7 9D 36 DF | T:3660843 RPD:0
[CH: 50] LEN: 12 | HEX: F9 77 FE FD FE 73 97 FE 67 9F AF EF | T:3660854 RPD:1
[CH: 50] LEN: 12 | HEX: F9 77 FD F8 FE 72 97 FF 3A FE AF AE | T:3660855 RPD:1
[CH: 50] LEN: 12 | HEX: F9 77 AD F6 FE 70 97 F5 10 1D BB 7F | T:3660866 RPD:0
[CH: 50] LEN: 12 | HEX: F5 7F FF 00 00 71 97 FF AF 64 AF FF | T:3660889 RPD:1
[CH: 50] LEN: 12 | HEX: F9 77 FF 00 00 71 97 FE EF 64 BE ED | T:3660890 RPD:1
[CH: 50] LEN: 12 | HEX: F8 6D FF 00 FE EC 97 FF 68 9E BF F7 | T:3660920 RPD:1
[CH: 50] LEN: 12 | HEX: F8 6D FF 00 EE F8 97 D6 E8 9E BF FF | T:3660920 RPD:1
[CH: 50] LEN: 12 | HEX: F9 77 FE 80 00 71 97 FF 6F 64 BF FF | T:3661189 RPD:1
[CH: 50] LEN: 12 | HEX: F9 77 FA 80 00 71 97 FD 2F 64 AF FD | T:3661189 RPD:1
[CH: 50] LEN: 12 | HEX: F8 6D FF 00 FB FC 97 FE E8 9E AF DF | T:3661219 RPD:1
[CH: 50] LEN: 12 | HEX: F8 6D FF 00 FE EC 97 FE 68 9E AF BF | T:3661220 RPD:1
[CH: 50] LEN: 12 | HEX: F9 77 DA 80 00 71 97 BA AF 64 AE FF | T:3661488 RPD:1
[CH: 50] LEN: 12 | HEX: F9 77 FD 80 00 71 97 BF AF 64 AF FE | T:3661489 RPD:1
[CH: 50] LEN: 12 | HEX: F0 6D FF 00 F6 F4 97 F7 68 9E AD FB | T:3661520 RPD:1
[CH: 50] LEN: 12 | HEX: F1 77 FF 80 00 71 97 BD 2F 64 AF FA | T:3661788 RPD:1
[CH: 50] LEN: 12 | HEX: F9 77 DE 80 00 71 97 FE AF 64 AE EF | T:3661789 RPD:1
[CH: 50] LEN: 12 | HEX: F8 6D FF 80 FE F8 97 FE E8 9E AB 75 | T:3661819 RPD:1
[CH: 50] LEN: 12 | HEX: F8 6D FF 00 FE FC 97 FF E8 9E BB FE | T:3661819 RPD:1
[CH: 50] LEN: 12 | HEX: F1 77 FD 00 00 71 97 FA AF 64 BB FF | T:3662088 RPD:1
[CH: 50] LEN: 12 | HEX: F1 77 BE 00 00 71 97 BF AF 64 BB FF | T:3662089 RPD:1
[CH: 50] LEN: 12 | HEX: F8 6D FF 00 FE FA 97 FE E8 9E BE FF | T:3662118 RPD:1
[CH: 50] LEN: 12 | HEX: F8 6D F5 00 BE FC 97 B4 E8 9E BB EF | T:3662119 RPD:1
[CH: 50] LEN: 12 | HEX: F9 77 FD 80 00 71 97 FD 2F 64 BF BF | T:3662388 RPD:1
[CH: 50] LEN: 12 | HEX: F1 77 D6 80 00 71 97 B7 6F 64 AA FF | T:3662388 RPD:1
[CH: 50] LEN: 12 | HEX: E8 6D FE 80 F4 FC 97 BD 68 9E BF EF | T:3662418 RPD:1
[CH: 50] LEN: 12 | HEX: F0 6D DF 00 FE F4 97 FE E8 9E AF 4F | T:3662419 RPD:1
[CH: 50] LEN: 12 | HEX: F9 77 75 00 00 71 97 FB AF 64 BF AD | T:3662687 RPD:1
[CH: 50] LEN: 12 | HEX: F1 77 FD 00 00 71 97 FA AF 64 BD FF | T:3662688 RPD:1
[CH: 50] LEN: 12 | HEX: F8 6D FD 00 FE FC 97 FD 68 9E AE D7 | T:3662718 RPD:1
[CH: 50] LEN: 12 | HEX: F4 6D F5 00 FE FC 97 FC E8 9E BB FF | T:3662719 RPD:1
[CH: 50] LEN: 12 | HEX: F9 77 DD 00 00 71 97 FF 6F 64 BE F6 | T:3662987 RPD:1
[CH: 50] LEN: 12 | HEX: F9 77 FA 00 00 71 97 BF 6F 64 AB 7F | T:3662988 RPD:1
[CH: 50] LEN: 12 | HEX: F0 6D F6 80 FE F8 97 FF E8 9E AD FF | T:3663018 RPD:1
[CH: 50] LEN: 12 | HEX: F8 6D EA 80 FE FC 97 FF 68 9E AF DF | T:3663018 RPD:1
[CH: 50] LEN: 12 | HEX: F1 77 FE 80 00 71 97 FD 6E 64 BF FF | T:3663287 RPD:1
[CH: 50] LEN: 12 | HEX: F0 6D FF 00 EA F4 97 FF 68 9E AF BF | T:3663317 RPD:1
[CH: 50] LEN: 12 | HEX: F8 6D FF 80 FE F5 97 DE 68 9E BF FF | T:3663318 RPD:1
[CH: 50] LEN: 12 | HEX: F9 77 7B 00 00 71 97 FA AF 64 BF 7F | T:3663587 RPD:1
[CH: 50] LEN: 12 | HEX: F9 77 FD 00 00 71 97 FA AF 64 AF FF | T:3663587 RPD:1
[CH: 50] LEN: 12 | HEX: F8 6D FF 00 FE F4 97 FB 68 9E BE AD | T:3663617 RPD:1
[CH: 50] LEN: 12 | HEX: F8 6D F7 00 FE F4 97 DE E8 9E AF EF | T:3663618 RPD:1
[CH: 50] LEN: 12 | HEX: F9 77 5D 00 00 71 97 FA AF 64 AD FF | T:3663886 RPD:1
[CH: 50] LEN: 12 | HEX: F9 77 AF 00 00 71 97 FD 2F 64 AF B5 | T:3663887 RPD:1
[CH: 50] LEN: 12 | HEX: F8 6D EA 00 FE FC 97 FD 68 9E BF DF | T:3663917 RPD:1
[CH: 50] LEN: 12 | HEX: F8 6D FE 80 FE FC 97 FF 68 9E AF FF | T:3663918 RPD:1
[CH: 50] LEN: 12 | HEX: F1 77 BA 80 00 71 97 FA AE 64 BB F1 | T:3664186 RPD:1
[CH: 50] LEN: 12 | HEX: F9 77 DA 80 00 71 97 7D 2F 64 AF F7 | T:3664187 RPD:1
[CH: 50] LEN: 12 | HEX: F0 6D FE 80 FE FC 97 AA 68 9C B7 EF | T:3664217 RPD:1
[CH: 50] LEN: 12 | HEX: F8 6D F7 00 FE FC 97 FD 68 9E AF 7F | T:3664217 RPD:1
[CH: 50] LEN: 12 | HEX: F9 77 BD 00 00 71 97 FA AF 64 AF 77 | T:3664486 RPD:1
[CH: 50] LEN: 12 | HEX: F1 77 FE 80 00 71 97 BA AF 64 BF FF | T:3664487 RPD:1
[CH: 50] LEN: 12 | HEX: F0 6D FE 80 F4 F8 97 ED 78 9E BF FE | T:3664516 RPD:1
[CH: 50] LEN: 12 | HEX: F0 6D DD 00 EA EC 97 7A 68 9E AD 7F | T:3664517 RPD:1
[CH: 50] LEN: 12 | HEX: E9 77 FB 00 00 71 97 FD AF 64 AB FF | T:3664786 RPD:1
[CH: 50] LEN: 12 | HEX: F1 77 FA 00 00 71 97 FA AF 64 AE FF | T:3664786 RPD:1
[CH: 50] LEN: 12 | HEX: F0 6D FF 80 FE FC 97 DF 68 9E AF F7 | T:3664816 RPD:1
[CH: 50] LEN: 12 | HEX: E8 6D EA 80 FE FC 97 BF 78 9E AB FF | T:3664817 RPD:1
[CH: 50] LEN: 12 | HEX: F9 77 FD 00 00 71 97 FD 2F 64 BF FF | T:3665085 RPD:1
[CH: 50] LEN: 12 | HEX: F9 77 FD 00 00 71 97 FB AF 64 AD 57 | T:3665086 RPD:1
[CH: 50] LEN: 12 | HEX: F0 6D FF 00 FE FC 97 FA 68 9E BF FF | T:3665116 RPD:1
[CH: 50] LEN: 12 | HEX: F0 6D F7 00 F4 FC 97 DA 68 9E BF FF | T:3665117 RPD:1
[CH: 50] LEN: 12 | HEX: F9 77 FE 00 00 71 97 FD 6F 64 AD DF | T:3665385 RPD:1
[CH: 50] LEN: 12 | HEX: F1 77 AE 80 00 71 97 F5 AF 64 BF DD | T:3665386 RPD:1
[CH: 50] LEN: 12 | HEX: F8 6D FF 00 FE F4 97 FA E8 9E AF BF | T:3665430 RPD:1
[CH: 50] LEN: 12 | HEX: F8 6D EA 80 F4 FC 97 EB 68 9E AA EE | T:3665431 RPD:1
[CH: 50] LEN: 12 | HEX: FA 76 F7 00 8C FA 97 BB 34 71 AD FA | T:3665461 RPD:1
[CH: 50] LEN: 12 | HEX: F2 76 FF 00 8C FC 97 FA 34 71 BD DB | T:3665461 RPD:1
[CH: 50] LEN: 12 | HEX: F2 76 F6 FE 73 FC 97 BE 8A 8C AF EC | T:3665492 RPD:1
[CH: 50] LEN: 12 | HEX: FA 76 EE ED 68 EA 97 FA BF 82 BD EF | T:3665495 RPD:1
[CH: 50] LEN: 12 | HEX: FA 76 F4 FC 71 EC 97 D6 E3 67 BF F7 | T:3665499 RPD:1
[CH: 50] LEN: 12 | HEX: FA 76 F4 FB 76 F8 97 FF D5 9E BB DB | T:3665510 RPD:1
[CH: 50] LEN: 12 | HEX: FA 76 FE FA 77 F4 97 FE 89 7B BB FF | T:3665533 RPD:1
[CH: 50] LEN: 12 | HEX: F2 76 F6 F9 74 E8 97 FA FC 75 AF 7F | T:3665563 RPD:1
[CH: 50] LEN: 12 | HEX: FA 76 FA F8 75 D4 97 BE 20 90 AF F7 | T:3665593 RPD:1
[CH: 50] LEN: 12 | HEX: FA 76 FE F7 7A FC 97 FD 11 87 AF FF | T:3665623 RPD:1
[CH: 50] LEN: 12 | HEX: FA 76 F6 F6 7B F4 97 FE CD 62 BF FE | T:3665653 RPD:1
[CH: 50] LEN: 12 | HEX: FA 76 FE F5 78 FC 97 BA 38 6C AF ED | T:3665683 RPD:1
[CH: 50] LEN: 12 | HEX: FA 76 F4 F4 71 EC 97 F4 E4 89 BF 7F | T:3665713 RPD:1
[CH: 50] LEN: 12 | HEX: FA 76 FE F3 7E F8 97 BF D2 70 AE E7 | T:3665743 RPD:1
[CH: 50] LEN: 12 | HEX: FA 76 F6 F2 7F AC 97 FE 8E 95 BF FF | T:3665773 RPD:1
[CH: 50] LEN: 12 | HEX: FA 76 FE F1 7C F4 97 FA 7B 9B AF FF | T:3665803 RPD:1
[CH: 50] LEN: 12 | HEX: FA 76 FA F0 7D FC 97 DF E7 7E AF FF | T:3665833 RPD:1
[CH: 50] LEN: 12 | HEX: F6 76 F6 EF 62 F4 97 FF 89 94 BF DF | T:3665863 RPD:1
[CH: 50] LEN: 12 | HEX: F2 76 EA EE 63 EC 97 B5 55 71 AF 16 | T:3665893 RPD:1
[CH: 50] LEN: 12 | HEX: FA 76 FC ED 60 F8 97 B5 20 7F AF 7E | T:3665923 RPD:1
[CH: 50] LEN: 12 | HEX: FA 76 F5 EC 61 FC 97 FD 74 9A BF FF | T:3665953 RPD:1
[CH: 50] LEN: 12 | HEX: FA 76 FE EB 66 F4 97 BD 4A 63 BB D6 | T:3665983 RPD:1
[CH: 50] LEN: 12 | HEX: FA 76 F4 EA 67 FA 97 F5 96 86 AF BF | T:3666013 RPD:1
[CH: 50] LEN: 12 | HEX: FA 76 FE E9 64 FC 97 FF B3 88 AF 6E | T:3666043 RPD:1
[CH: 50] LEN: 12 | HEX: FA 76 FE E8 65 F4 97 BE BF 6D BF F6 | T:3666073 RPD:1
[CH: 50] LEN: 12 | HEX: F2 76 F6 E7 6A E8 97 FE 4F 7A BF FF | T:3666103 RPD:1
[CH: 50] LEN: 12 | HEX: FA 76 FA E6 6B FC 97 DA D2 9F AA FD | T:3666133 RPD:1
[CH: 50] LEN: 12 | HEX: FA 76 FE E5 68 E8 97 AD 27 91 BF FD | T:3666163 RPD:1
[CH: 50] LEN: 12 | HEX: FA 76 F6 F4 69 EC 97 BD 7B 74 AF FE | T:3666193 RPD:1
[CH: 50] LEN: 12 | HEX: FA 76 FA E3 6E FC 97 FF 4D 8D BF ED | T:3666223 RPD:1
[CH: 50] LEN: 12 | HEX: FA 76 FE E2 6F F4 97 B7 11 68 BF FE | T:3666253 RPD:1
[CH: 50] LEN: 12 | HEX: F2 76 EE E1 6C FC 97 FA 64 66 BE FF | T:3666283 RPD:1
[CH: 50] LEN: 12 | HEX: FA 76 FE E0 6D FC 97 FF B8 83 BE F7 | T:3666313 RPD:1
[CH: 50] LEN: 12 | HEX: FA 76 EE DF 52 FC 97 F5 29 93 BF FF | T:3666343 RPD:1
[CH: 50] LEN: 12 | HEX: FA 76 FE FA 73 FC 97 FE CA 8C AB FD | T:3666373 RPD:1
[CH: 50] LEN: 12 | HEX: FA 76 FA F5 70 F4 97 DF BF 82 AF BD | T:3666376 RPD:1
[CH: 50] LEN: 12 | HEX: FA 76 EE F4 71 FC 97 FA 63 67 BF DB | T:3666380 RPD:1
[CH: 50] LEN: 12 | HEX: F2 76 FE F3 76 F4 97 FE D5 9E AF FF | T:3666392 RPD:1
[CH: 50] LEN: 12 | HEX: FA 76 EA FA 77 B6 97 DE 89 7B AF FB | T:3666414 RPD:1
[CH: 50] LEN: 12 | HEX: FA 76 F6 F9 74 FA 97 FF 7C 75 BE FD | T:3666444 RPD:1
[CH: 50] LEN: 12 | HEX: F2 76 FE F8 75 FC 97 DE 20 90 BF DF | T:3666474 RPD:1
[CH: 50] LEN: 12 | HEX: F2 76 FE F7 FA F8 97 DA 91 87 3F FE | T:3666504 RPD:1
[CH: 50] LEN: 12 | HEX: FA 76 FE F6 7B F4 97 AE CD 62 AF FF | T:3666534 RPD:1
[CH: 50] LEN: 12 | HEX: F2 76 F6 F5 78 E8 97 AA B8 6C AF F6 | T:3666564 RPD:1
[CH: 50] LEN: 12 | HEX: FA 76 FE F4 79 FC 97 D6 E4 89 AB FB | T:3666594 RPD:1
[CH: 50] LEN: 12 | HEX: EA 76 EE F3 7E F4 97 5D D2 78 BF FF | T:3666624 RPD:1
[CH: 50] LEN: 12 | HEX: F2 76 FE F2 7F AC 97 DF 0E 95 BF BF | T:3666654 RPD:1
[CH: 50] LEN: 12 | HEX: FA 76 F4 F1 78 FC 97 B5 7B 9B AF F7 | T:3666684 RPD:1
[CH: 50] LEN: 12 | HEX: FA 76 FC F0 7D FC 97 BA A7 7E AF FE | T:3666714 RPD:1
[CH: 50] LEN: 12 | HEX: FA 76 FE EF 62 FC 97 FA 09 94 AD FF | T:3666744 RPD:1
[CH: 50] LEN: 12 | HEX: FA 76 FE EE 63 EC 97 FF D5 71 AA FD | T:3666774 RPD:1
[CH: 50] LEN: 12 | HEX: F2 76 FE ED 60 FC 97 7F A0 7F 7F FF | T:3666804 RPD:1
[CH: 50] LEN: 12 | HEX: F2 76 FE EC 61 FC 97 BA 78 9A BF 7F | T:3666834 RPD:1
[CH: 50] LEN: 12 | HEX: F2 76 F6 EB 66 FC 97 FD CA 63 BF FD | T:3666864 RPD:1
[CH: 50] LEN: 12 | HEX: F2 76 FE EA 67 BC 97 FA 96 86 BF FF | T:3666894 RPD:1
[CH: 50] LEN: 12 | HEX: FA 76 FE E9 64 FC 97 FD E3 88 AF DE | T:3666924 RPD:1
[CH: 50] LEN: 12 | HEX: FA 76 F6 E8 65 F6 97 DD 3F 6D AF BF | T:3666954 RPD:1
[CH: 50] LEN: 12 | HEX: F2 76 FE E7 6A F4 97 FA 8E 7A AF FF | T:3666984 RPD:1
[CH: 50] LEN: 12 | HEX: F2 76 FE E6 6B FC 97 DD 52 9F BF 7F | T:3667014 RPD:1
[CH: 50] LEN: 12 | HEX: F2 76 FD E5 68 FA 97 FA 27 91 AF FF | T:3667044 RPD:1
[CH: 50] LEN: 12 | HEX: F6 76 FE E4 69 FC 97 BD 7B 74 AD F7 | T:3667074 RPD:1
[CH: 50] LEN: 12 | HEX: F2 76 FE E3 6E F4 97 FD 4D 8D AF 5F | T:3667104 RPD:1
[CH: 50] LEN: 12 | HEX: F2 76 F6 E2 6F 74 97 FD 11 68 BF DD | T:3667134 RPD:1
[CH: 50] LEN: 12 | HEX: FA 76 FE E1 6C FC 97 5F 64 66 AF FD | T:3667164 RPD:1
[CH: 50] LEN: 12 | HEX: F2 76 FE E0 6D EA 97 BF B8 83 F7 7E | T:3667194 RPD:1
[CH: 50] LEN: 12 | HEX: FA 76 FE DE 52 FC 97 5B 29 93 AB FF | T:3667224 RPD:1
[CH: 50] LEN: 12 | HEX: FA 76 FE F5 73 FC 97 5E CA 8C BF FB | T:3667254 RPD:1
[CH: 50] LEN: 12 | HEX: F2 76 FE FD 70 F4 97 5E BF 82 AF DB | T:3667258 RPD:1
[CH: 50] LEN: 12 | HEX: FA 76 FE FC 71 FC 97 DD E3 67 FF FD | T:3667261 RPD:1
[CH: 50] LEN: 12 | HEX: FA 76 FE FB 76 FC 97 DE 55 9A BD FD | T:3667272 RPD:1
[CH: 50] LEN: 12 | HEX: F2 76 F6 F2 77 B6 97 BF 89 7B BF DB | T:3667295 RPD:1
[CH: 50] LEN: 12 | HEX: FA 76 FA F1 74 F8 97 5F F8 75 BF FE | T:3667325 RPD:1
[CH: 50] LEN: 12 | HEX: F2 76 FB F8 75 FC 97 FD 20 90 AF FF | T:3667355 RPD:1
[CH: 50] LEN: 12 | HEX: FA 7E EA F7 7A FC 97 FD 11 87 AF A9 | T:3667385 RPD:1
[CH: 50] LEN: 12 | HEX: FA 76 FE F6 7B F8 97 FE CD 62 BF BD | T:3667415 RPD:1
[CH: 50] LEN: 12 | HEX: FA 76 F6 F4 71 F4 97 F7 94 89 BD FB | T:3667475 RPD:1
[CH: 50] LEN: 12 | HEX: FA 76 FE F3 7E F4 97 FE D2 70 AD 7F | T:3667505 RPD:1
[CH: 50] LEN: 12 | HEX: F2 7E FE F2 7F AC 97 FA 0E 95 AF FE | T:3667535 RPD:1
[CH: 50] LEN: 12 | HEX: FA 76 FE F1 7C F4 97 FE FB 9B AE FF | T:3667565 RPD:1
[CH: 50] LEN: 12 | HEX: F2 7E F6 F0 7D FC 97 D5 27 7E BF EF | T:3667595 RPD:1
[CH: 50] LEN: 12 | HEX: FA 76 F6 EF 62 FC 97 FE 89 94 AF AF | T:3667625 RPD:1
[CH: 50] LEN: 12 | HEX: FA 76 FA EE 63 FC 97 DA D5 71 B6 FD | T:3667655 RPD:1
[CH: 50] LEN: 12 | HEX: FA 76 F6 ED 60 FC 97 FD 20 7F EF BF | T:3667684 RPD:1
[CH: 50] LEN: 12 | HEX: FA 76 F4 EC 61 EC 97 DE 7A 9A BD F7 | T:3667714 RPD:1
[CH: 50] LEN: 12 | HEX: FA 76 FE EB 66 FC 97 FA 4A 63 AB 5F | T:3667744 RPD:1
[CH: 50] LEN: 12 | HEX: FA 76 FA EA 67 BC 97 BA 96 86 BA FF | T:3667774 RPD:1
[CH: 50] LEN: 12 | HEX: FA 76 FE E9 64 FC 97 B5 E3 88 BF 5B | T:3667804 RPD:1
[CH: 50] LEN: 12 | HEX: F2 76 FE E8 65 EC 97 BA 3E ED BD FF | T:3667834 RPD:1
[CH: 50] LEN: 12 | HEX: FA 76 FE F7 6A F4 97 54 0E 7A AF 75 | T:3667864 RPD:1
[CH: 50] LEN: 12 | HEX: FA 76 FE E5 68 F8 97 FD 27 91 BF FB | T:3667924 RPD:1
[CH: 50] LEN: 12 | HEX: F2 76 FE E4 69 FC 97 DE FB 74 AB FF | T:3667954 RPD:1
[CH: 50] LEN: 12 | HEX: FA 76 FE E3 6E F6 97 BD 4D 8D AB FF | T:3667984 RPD:1
[CH: 50] LEN: 12 | HEX: FA 76 FA E2 6F FE 97 FD 91 68 AF DB | T:3668014 RPD:1
[CH: 50] LEN: 12 | HEX: F2 76 F6 E1 6C FA 97 FC 64 66 AF F7 | T:3668044 RPD:1
[CH: 50] LEN: 12 | HEX: FA 76 FE E0 6D FC 97 FE 78 83 BD FB | T:3668074 RPD:1
[CH: 50] LEN: 12 | HEX: FA 76 FE DF 52 FC 97 FD 29 93 BE FB | T:3668104 RPD:1
[CH: 50] LEN: 12 | HEX: F2 76 FE FD 73 FC 97 FA CA 8C BF DF | T:3668134 RPD:1
[CH: 50] LEN: 12 | HEX: F6 76 FE F9 70 FA 97 FE BF 82 BF F7 | T:3668138 RPD:1
[CH: 50] LEN: 12 | HEX: FA 76 F6 FC 71 EC 97 DD 63 67 AA FF | T:3668141 RPD:1
[CH: 50] LEN: 12 | HEX: F2 7E FA EF 76 FC 97 FD D5 9E AF FD | T:3668152 RPD:1
[CH: 50] LEN: 12 | HEX: F2 76 F6 FA 77 6A 97 FA 89 7B AE F7 | T:3668175 RPD:1
[CH: 50] LEN: 12 | HEX: F2 7E F6 F9 74 FC 97 DB 7C 75 AF 7F | T:3668205 RPD:1
[CH: 50] LEN: 12 | HEX: FA 76 F6 F8 7D FC 97 F7 20 90 BD DF | T:3668235 RPD:1
[CH: 50] LEN: 12 | HEX: FA 76 EA F7 7A F4 97 DF 91 87 AD FE | T:3668265 RPD:1
[CH: 50] LEN: 12 | HEX: FA 76 F6 F6 7B FC 97 FE CD 62 BB 7F | T:3668295 RPD:1
[CH: 50] LEN: 12 | HEX: FA 76 FA F5 78 FC 97 FA B8 6C AF AF | T:3668325 RPD:1
[CH: 50] LEN: 12 | HEX: FA 76 FA F4 79 DC 97 FA E4 89 BE AF | T:3668355 RPD:1
[CH: 50] LEN: 12 | HEX: F2 76 EA F3 7E F4 97 B5 D2 70 BF 6F | T:3668385 RPD:1
[CH: 50] LEN: 12 | HEX: F2 76 F6 F2 7F F4 97 DF 0E 95 BD FF | T:3668415 RPD:1
[CH: 50] LEN: 12 | HEX: FA 76 FF F1 7C FC 97 DD 7B 9B AF DD | T:3668445 RPD:1
[CH: 50] LEN: 12 | HEX: FA 76 FE F0 7D FC 97 FD A7 7E AF FF | T:3668475 RPD:1
[CH: 50] LEN: 12 | HEX: FA 76 FB EF 62 FC 97 BE 89 94 AF B7 | T:3668505 RPD:1
[CH: 50] LEN: 12 | HEX: F2 76 FE EE 63 DC 97 FA D5 71 AE BB | T:3668535 RPD:1
[CH: 50] LEN: 12 | HEX: F2 76 FE ED 60 F4 97 BF A0 7F FF FD | T:3668565 RPD:1
[CH: 50] LEN: 12 | HEX: F6 76 F6 EC 61 DC 97 FA 78 9A BF FF | T:3668595 RPD:1
[CH: 50] LEN: 12 | HEX: F6 76 FE EB 66 F4 97 DE CA 63 BE F7 | T:3668625 RPD:1
[CH: 50] LEN: 12 | HEX: FA 76 FE EA 67 AC 97 FE D6 86 AD 77 | T:3668655 RPD:1
[CH: 50] LEN: 12 | HEX: FA 76 FE E9 64 F4 97 DE A3 88 AF 77 | T:3668685 RPD:1
[CH: 50] LEN: 12 | HEX: FA 76 FE E8 65 FC 97 BF 3F 6D BD FD | T:3668715 RPD:1
[CH: 50] LEN: 12 | HEX: FA 76 FA E7 6A F4 97 BA 8E 7A AF F7 | T:3668745 RPD:1
[CH: 50] LEN: 12 | HEX: F2 7E FE E6 6B FC 97 BA D2 9F 2F DF | T:3668775 RPD:1
[CH: 50] LEN: 12 | HEX: FA 76 FE E5 68 FA 97 BF 27 91 AB DB | T:3668805 RPD:1
[CH: 50] LEN: 12 | HEX: FA 76 FA E4 69 EC 97 FA FB 74 AF FF | T:3668835 RPD:1
[CH: 50] LEN: 12 | HEX: FA 76 FE E3 6F F8 97 DF 4D 8D AE FF | T:3668865 RPD:1
[CH: 50] LEN: 12 | HEX: FA 76 EE E2 6F 7A 97 FE 91 68 BB F7 | T:3668895 RPD:1
[CH: 50] LEN: 12 | HEX: FA 76 FE E1 6C EC 97 FA 64 66 BF FF | T:3668925 RPD:1
[CH: 50] LEN: 12 | HEX: F2 76 F6 E0 6D FC 97 FE B8 83 AF FF | T:3668954 RPD:1
[CH: 50] LEN: 12 | HEX: F6 76 FE DF 52 F4 97 FF A9 93 BF DF | T:3668984 RPD:1
[CH: 50] LEN: 12 | HEX: F2 76 F4 FE 73 DC 97 FD CA 8C AF FD | T:3669014 RPD:1
[CH: 50] LEN: 12 | HEX: F2 76 F6 F9 70 EA 97 7A BB 02 AA F7 | T:3669018 RPD:1
[CH: 50] LEN: 12 | HEX: FA 76 FE FC 71 EC 97 FF E3 67 BF FF | T:3669022 RPD:1
[CH: 50] LEN: 12 | HEX: F2 76 FE FB 76 F4 97 DF 55 9E AD FD | T:3669033 RPD:1
[CH: 50] LEN: 12 | HEX: FA 76 FE FA 77 FC 97 DA 89 7B AF FF | T:3669056 RPD:1
[CH: 50] LEN: 12 | HEX: F2 76 FE F9 74 FC 97 FD 7C 75 AF EE | T:3669086 RPD:1
[CH: 50] LEN: 12 | HEX: FA 76 EC F8 75 FC 97 FF A0 90 BF FF | T:3669116 RPD:1
[CH: 50] LEN: 12 | HEX: FA 76 FE F7 7A F4 97 FE 91 87 AD FF | T:3669146 RPD:1
[CH: 50] LEN: 12 | HEX: FA 76 FA F6 7B FC 97 FF CD 62 B7 FF | T:3669176 RPD:1
[CH: 50] LEN: 12 | HEX: F2 76 FE F5 78 FC 97 FD 3C 6C B7 FD | T:3669206 RPD:1
[CH: 50] LEN: 12 | HEX: F2 76 FD F4 79 FC 97 FF E4 89 BF FE | T:3669236 RPD:1
[CH: 50] LEN: 12 | HEX: F6 76 FE F3 7E FC 97 FE 92 70 AF FC | T:3669266 RPD:1
[CH: 50] LEN: 12 | HEX: FA 76 FE F2 7F DC 97 FD 0E 95 AF FD | T:3669296 RPD:1
[CH: 50] LEN: 12 | HEX: FA 76 FE F1 74 F8 97 B5 7B 9B AB 7F | T:3669326 RPD:1
[CH: 50] LEN: 12 | HEX: F2 76 FA F0 79 FC 97 FE E7 77 BF F7 | T:3669356 RPD:1
[CH: 50] LEN: 12 | HEX: FA 76 FC EE 62 FC 97 FD 89 94 AB 7A | T:3669386 RPD:1
[CH: 50] LEN: 12 | HEX: FA 76 FE EE 63 D4 97 FD 55 71 BD FE | T:3669416 RPD:1
[CH: 50] LEN: 12 | HEX: FA 76 FE ED 60 FC 97 BF A0 7D BF 75 | T:3669446 RPD:1
[CH: 50] LEN: 12 | HEX: F2 76 FE EC 61 DC 97 7A 78 9A AF FF | T:3669476 RPD:1
[CH: 50] LEN: 12 | HEX: FA 7E FA EB 66 FC 97 FF CA 63 EE FD | T:3669506 RPD:1
[CH: 50] LEN: 12 | HEX: EA 76 EA EA 67 B4 97 FA 96 86 BF FB | T:3669536 RPD:1
[CH: 50] LEN: 12 | HEX: F2 76 F5 E9 64 FC 97 BE E3 88 BB FF | T:3669566 RPD:1
[CH: 50] LEN: 12 | HEX: FA 76 FE E8 65 FC 97 FE BF 6D A7 FF | T:3669596 RPD:1
[CH: 50] LEN: 12 | HEX: F2 76 FD E7 6A FC 97 FE 8E 7A BF 7F | T:3669626 RPD:1
[CH: 50] LEN: 12 | HEX: FA 76 F4 E6 6B FC 97 FA 52 9F BF FD | T:3669656 RPD:1
[CH: 50] LEN: 12 | HEX: FA 76 FE E4 69 FC 97 FE BB 74 AF DB | T:3669716 RPD:1
[CH: 50] LEN: 12 | HEX: FA 76 FE E3 6E FC 97 EF CD 8D BF FF | T:3669746 RPD:1
[CH: 50] LEN: 12 | HEX: F2 76 FE E2 6F F6 97 FE 11 68 AE FF | T:3669776 RPD:1
[CH: 50] LEN: 12 | HEX: EA 76 FE F1 6C F4 97 FE 64 66 AF FB | T:3669806 RPD:1
[CH: 50] LEN: 12 | HEX: FA 76 FE E0 6D FC 97 DD 78 83 FF FF | T:3669836 RPD:1
[CH: 50] LEN: 12 | HEX: FA 76 FE DE 52 FC 97 BD 29 93 AF 35 | T:3669866 RPD:1
[CH: 50] LEN: 12 | HEX: FA 76 FE FE 73 FC 97 FF 8A 8C B7 FF | T:3669896 RPD:1
[CH: 50] LEN: 12 | HEX: FA 76 F6 F9 70 F4 97 FD BD 82 AF FF | T:3669900 RPD:1
[CH: 50] LEN: 12 | HEX: FA 76 F6 FC 71 FC 97 FE E3 67 BF FF | T:3669903 RPD:1
[CH: 50] LEN: 12 | HEX: FA 76 F5 FB 76 F4 97 BA 55 9C BF BB | T:3669915 RPD:1
[CH: 50] LEN: 12 | HEX: FA 76 EE FA 77 FE 97 FA 89 7B BF F5 | T:3669938 RPD:1
[CH: 50] LEN: 12 | HEX: F2 76 FE F1 74 F4 97 FD 7C 75 AF FD | T:3669968 RPD:1
[CH: 50] LEN: 12 | HEX: F2 76 FA F8 75 EC 97 FE A0 90 AE AB | T:3669998 RPD:1
[CH: 50] LEN: 12 | HEX: FA 76 FE F7 7A EA 97 FE 91 87 2F FD | T:3670028 RPD:1
[CH: 50] LEN: 12 | HEX: FA 76 FB F6 7B DC 97 FD 4D 62 BF DF | T:3670058 RPD:1
[CH: 50] LEN: 12 | HEX: F2 76 F6 E5 78 EC 97 75 38 6C AF FD | T:3670088 RPD:1
[CH: 50] LEN: 12 | HEX: FA 76 FA F4 79 FC 97 FF 44 89 BD DF | T:3670118 RPD:1
[CH: 50] LEN: 12 | HEX: FA 76 FE F3 7D FC 97 FD 52 70 AF DF | T:3670148 RPD:1
[CH: 50] LEN: 12 | HEX: F6 76 FE F2 7B D4 97 FD 0E 95 BF FF | T:3670177 RPD:1
[CH: 50] LEN: 12 | HEX: FA 76 FE F0 7D FC 97 FA A7 7C BF FF | T:3670237 RPD:1
[CH: 50] LEN: 12 | HEX: FA 76 FE EF 62 F4 97 FD 89 94 AD AE | T:3670267 RPD:1
[CH: 50] LEN: 12 | HEX: FA 76 FE EE 63 FC 97 FD 55 71 AF 7F | T:3670297 RPD:1
[CH: 50] LEN: 12 | HEX: FA 76 FE ED 60 FC 97 FA A0 7F AF FF | T:3670327 RPD:1
[CH: 50] LEN: 12 | HEX: F2 76 ED EC 61 FC 97 FA FC 9A AF FA | T:3670357 RPD:1
[CH: 50] LEN: 12 | HEX: F2 76 F5 EB 66 EA 97 FA 4A 63 BF FB | T:3670387 RPD:1
[CH: 50] LEN: 12 | HEX: F2 76 FE EA 67 FC 97 FB 96 86 BF EF | T:3670417 RPD:1
[CH: 50] LEN: 12 | HEX: F2 76 FE E9 64 EC 97 DE A3 88 BD BF | T:3670447 RPD:1
[CH: 50] LEN: 12 | HEX: FA 76 FE E8 65 EC 97 FD 3D ED AF FE | T:3670477 RPD:1
[CH: 50] LEN: 12 | HEX: F2 76 FE E7 6A F4 97 54 0E 72 AF BF | T:3670507 RPD:1
[CH: 50] LEN: 12 | HEX: FA 7E FC E6 6B FC 97 DA 52 9D 6F AF | T:3670537 RPD:1
[CH: 50] LEN: 12 | HEX: FA 76 FA E5 68 FC 97 FD 27 91 AF FE | T:3670567 RPD:1
[CH: 50] LEN: 12 | HEX: FA 76 EA E4 69 E8 97 BF FB 74 BF 7F | T:3670597 RPD:1
[CH: 50] LEN: 12 | HEX: FA 76 FE E3 6E F4 97 FD 4D 8D AF 6F | T:3670627 RPD:1
[CH: 50] LEN: 12 | HEX: FA 76 F6 E2 6F B8 97 FF 91 68 AF FB | T:3670657 RPD:1
[CH: 50] LEN: 12 | HEX: FA 76 FC E1 6C FC 97 BC E4 66 BF FF | T:3670687 RPD:1
[CH: 50] LEN: 12 | HEX: FA 76 FE E0 6D EA 97 FE B8 83 BF F7 | T:3670717 RPD:1
[CH: 50] LEN: 12 | HEX: F6 76 FE DF 52 FC 97 FE A9 93 BF FF | T:3670747 RPD:1
[CH: 50] LEN: 12 | HEX: FA 76 FE FE 73 FC 97 FF 4A 8C AB FB | T:3670777 RPD:1
[CH: 50] LEN: 12 | HEX: F2 76 FA FD 70 FE 97 F5 BF 82 AF B6 | T:3670781 RPD:1
[CH: 50] LEN: 12 | HEX: F2 76 FE F4 71 FC 97 DA 63 67 BF FF | T:3670785 RPD:1
[CH: 50] LEN: 12 | HEX: F2 76 EB F3 76 FA 97 F5 55 9E BF FD | T:3670796 RPD:1
[CH: 50] LEN: 12 | HEX: FA 76 FE EA 77 BC 97 BA 89 73 BF FF | T:3670819 RPD:1
[CH: 50] LEN: 12 | HEX: F2 76 FE F9 74 FC 97 FF 5C 75 AF EB | T:3670849 RPD:1
[CH: 50] LEN: 12 | HEX: FA 76 F6 F8 75 FC 97 DE 20 90 AF FB | T:3670879 RPD:1
[CH: 50] LEN: 12 | HEX: F2 76 FE F7 7A FC 97 AA 91 87 BF 7F | T:3670909 RPD:1
[CH: 50] LEN: 12 | HEX: F2 76 FE F6 7B FC 97 FD 4D 62 AF FF | T:3670939 RPD:1
[CH: 50] LEN: 12 | HEX: F2 76 EE F5 78 FC 97 B5 B8 6C BF BF | T:3670969 RPD:1
[CH: 50] LEN: 12 | HEX: FA 76 FE F4 79 EC 97 DF A4 89 BF FF | T:3670999 RPD:1
[CH: 50] LEN: 12 | HEX: FA 76 FE F3 7E FC 97 FD 52 70 AF FF | T:3671029 RPD:1
[CH: 50] LEN: 12 | HEX: FA 76 FE F2 7D D4 97 DE 8E 95 AF FD | T:3671059 RPD:1
[CH: 50] LEN: 12 | HEX: FA 76 FE F1 7C FC 97 EE FB 9B BB 77 | T:3671089 RPD:1
[CH: 50] LEN: 12 | HEX: FA 76 FD F0 7D FC 97 FE A7 7B AF AF | T:3671119 RPD:1
[CH: 50] LEN: 12 | HEX: FA 76 FD EF 62 FC 97 FC 89 94 AF FF | T:3671148 RPD:1
[CH: 50] LEN: 12 | HEX: FA 76 FE ED 60 F4 97 B6 A0 7F BF FE | T:3671208 RPD:1
[CH: 50] LEN: 12 | HEX: FA 76 F5 EB 66 FC 97 DF 4A 63 BF FF | T:3671268 RPD:1
[CH: 50] LEN: 12 | HEX: FA 76 FE EA 67 FE 97 DD 96 86 BF FF | T:3671298 RPD:1
[CH: 50] LEN: 12 | HEX: FA 76 FE E9 64 FC 97 FE A3 88 B7 FF | T:3671328 RPD:1
[CH: 50] LEN: 12 | HEX: FA 76 EA E8 65 EC 97 BD 3F 6D B5 FE | T:3671358 RPD:1
[CH: 50] LEN: 12 | HEX: FA 76 F6 E7 6A FC 97 76 8E 7A AF FF | T:3671388 RPD:1
[CH: 50] LEN: 12 | HEX: F2 76 EE E6 6B B8 97 BA D2 9E BF FB | T:3671418 RPD:1
[CH: 50] LEN: 12 | HEX: F2 76 FA E5 68 EC 96 AA 26 91 BF BF | T:3671448 RPD:1
[CH: 50] LEN: 12 | HEX: FA 76 EE E4 69 FC 97 FD 7B 74 BF FE | T:3671478 RPD:1
[CH: 50] LEN: 12 | HEX: F2 76 FA E3 6E FC 97 FA CD 8D AB FF | T:3671508 RPD:1
[CH: 50] LEN: 12 | HEX: F6 76 FA E2 6F FC 97 7F 11 68 AF FF | T:3671538 RPD:1
[CH: 50] LEN: 12 | HEX: F2 76 EE E1 6C F8 97 FD 64 66 BF FE | T:3671568 RPD:1
[CH: 50] LEN: 12 | HEX: F2 76 F6 E0 6D E8 97 DD 38 83 BB FD | T:3671598 RPD:1
[CH: 50] LEN: 12 | HEX: F2 76 FE DF 52 F4 97 DA A9 93 EF FF | T:3671628 RPD:1
[CH: 50] LEN: 12 | HEX: EA 76 FE FE 73 FC 97 FA 8A 8C BB FF | T:3671658 RPD:1
[CH: 50] LEN: 12 | HEX: FA 76 FB FD 70 F4 97 DD 3E 82 BF ED | T:3671662 RPD:1
[CH: 50] LEN: 12 | HEX: FA 76 FE FC 71 FC 97 BE 63 67 BD FE | T:3671666 RPD:1
[CH: 50] LEN: 12 | HEX: FA 76 FE F3 76 FC 97 DE D5 9C AF FD | T:3671677 RPD:1
[CH: 50] LEN: 12 | HEX: FA 76 FE F8 75 FC 97 AC A0 90 BE FF | T:3671759 RPD:1
[CH: 50] LEN: 12 | HEX: F2 76 FE F7 7A F8 97 FA 11 87 AD BF | T:3671789 RPD:1
[CH: 50] LEN: 12 | HEX: FA 76 EA F6 7B D4 97 FD 4D 62 BF FF | T:3671819 RPD:1
[CH: 50] LEN: 12 | HEX: F6 76 FE F5 78 FA 97 FD 38 6C BF FF | T:3671849 RPD:1
[CH: 50] LEN: 12 | HEX: FA 76 F6 F4 79 E8 97 FD E4 89 AF 5C | T:3671879 RPD:1
[CH: 50] LEN: 12 | HEX: F2 76 FA F3 7E F4 97 FA D2 70 BF FB | T:3671909 RPD:1
[CH: 50] LEN: 12 | HEX: FA 76 FE F2 7F BC 97 FA 0E 95 AB 5E | T:3671939 RPD:1
[CH: 50] LEN: 12 | HEX: FA 76 FE F1 7C FC 97 BA 7B 9B FF D7 | T:3671969 RPD:1
[CH: 50] LEN: 12 | HEX: F2 76 FE EF 62 FC 97 FE 89 94 AD FF | T:3672029 RPD:1
[CH: 50] LEN: 12 | HEX: FA 76 F4 EE 63 FC 97 BA D5 71 AD DE | T:3672059 RPD:1
[CH: 50] LEN: 12 | HEX: FA 76 FE ED 60 FC 97 FF E0 7D BD BF | T:3672089 RPD:1
[CH: 50] LEN: 12 | HEX: FA 76 FE EC 61 FC 97 FC FC 9A AE AB | T:3672118 RPD:1
[CH: 50] LEN: 12 | HEX: F2 76 FE EB 66 FC 97 DD 4A 63 EF DF | T:3672148 RPD:1
[CH: 50] LEN: 12 | HEX: F2 76 F6 EA 67 BC 97 FF 96 86 BE FF | T:3672178 RPD:1
[CH: 50] LEN: 12 | HEX: FA 76 FE E9 64 F4 97 FD 63 A8 BF 7B | T:3672208 RPD:1
[CH: 50] LEN: 12 | HEX: FA 76 F6 E8 65 EC 97 FE BD 6D AF FF | T:3672238 RPD:1
[CH: 50] LEN: 12 | HEX: FA 76 FA E7 6A F4 97 FD 4E 7A AD DB | T:3672268 RPD:1
[CH: 50] LEN: 12 | HEX: F2 76 FE E6 6B FC 97 FF 52 9D 2F EB | T:3672298 RPD:1
[CH: 50] LEN: 12 | HEX: F2 7E EA F5 68 FC 97 FA A7 11 BF FF | T:3672328 RPD:1
[CH: 50] LEN: 12 | HEX: F2 76 FC E4 69 FC 97 FF 7B 74 AF FF | T:3672358 RPD:1
[CH: 50] LEN: 12 | HEX: FA 76 F9 E3 6E FC 97 DE 8D 8D BF FF | T:3672388 RPD:1
[CH: 50] LEN: 12 | HEX: FA 76 F6 E2 6F FC 97 FB 11 68 AB FB | T:3672418 RPD:1
[CH: 50] LEN: 12 | HEX: F2 76 F5 E1 6C FC 97 FD 64 66 AF EB | T:3672448 RPD:1
[CH: 50] LEN: 12 | HEX: F2 76 EA E0 6D E8 97 FD B8 83 BF FF | T:3672478 RPD:1
[CH: 50] LEN: 12 | HEX: FA 76 FE DF 52 FC 97 FE A9 93 AF 7F | T:3672508 RPD:1
[CH: 50] LEN: 12 | HEX: FA 76 FE FE 73 DC 97 FE 8A 8C AF FE | T:3672538 RPD:1
[CH: 50] LEN: 12 | HEX: F6 76 FE ED 70 FC 97 BF BF 82 BF FF | T:3672542 RPD:1
[CH: 50] LEN: 12 | HEX: F2 76 FE F4 71 FC 97 FD 63 67 BE FE | T:3672546 RPD:1
[CH: 50] LEN: 12 | HEX: FA 76 EE F3 76 F4 97 5A 55 9C AF 5D | T:3672557 RPD:1
[CH: 50] LEN: 12 | HEX: F6 76 FE F2 77 D8 97 FE 89 7B BD EF | T:3672580 RPD:1
[CH: 50] LEN: 12 | HEX: F2 76 EA F9 74 FC 97 FE B8 75 BF AF | T:3672610 RPD:1
[CH: 50] LEN: 12 | HEX: F2 76 FE F4 75 FC 97 FF A0 90 BB EF | T:3672640 RPD:1
[CH: 50] LEN: 12 | HEX: F2 76 FE F7 FA FC 97 B5 91 87 BF F7 | T:3672670 RPD:1
[CH: 50] LEN: 12 | HEX: FA 76 FB F6 73 FC 97 FF 4D 62 AB FF | T:3672700 RPD:1
[CH: 50] LEN: 12 | HEX: FA 76 F6 F5 78 F4 97 FD 38 6C BA F7 | T:3672730 RPD:1
[CH: 50] LEN: 12 | HEX: FA 76 FE F4 79 FC 97 BA E4 89 AE BD | T:3672760 RPD:1
[CH: 50] LEN: 12 | HEX: FA 76 F4 F3 7E FC 97 BE 92 70 AB FF | T:3672790 RPD:1
[CH: 50] LEN: 12 | HEX: F2 76 FE F2 7B FC 97 FD 0E 95 BE FF | T:3672820 RPD:1
[CH: 50] LEN: 12 | HEX: FA 76 FE F1 7A FC 97 B5 FB 9B AD F7 | T:3672850 RPD:1
[CH: 50] LEN: 12 | HEX: FA 7E EE F0 7D FA 97 FF 67 7A BF AF | T:3672880 RPD:1
[CH: 50] LEN: 12 | HEX: FA 76 FA EF 62 FA 97 DF 09 94 AD DF | T:3672910 RPD:1
[CH: 50] LEN: 12 | HEX: F6 76 FE EE 63 FC 97 DD 55 71 AF FF | T:3672940 RPD:1
[CH: 50] LEN: 12 | HEX: FA 76 FF EC 61 F4 97 FA 7C 9A AD FF | T:3673000 RPD:1
[CH: 50] LEN: 12 | HEX: FA 76 FE EB 66 FC 97 DD 4A 63 BA FF | T:3673030 RPD:1
[CH: 50] LEN: 12 | HEX: FA 76 FE EA 67 DC 97 DF 96 86 BF F7 | T:3673060 RPD:1
[CH: 50] LEN: 12 | HEX: F6 76 F4 E9 64 FC 97 FD 43 88 AD FF | T:3673090 RPD:1
[CH: 50] LEN: 12 | HEX: FA 76 EA E6 6B FC 97 DA D2 9D 2D C9 | T:3673179 RPD:1
[CH: 50] LEN: 12 | HEX: FA 76 FE E5 68 FA 97 DF 27 11 AD FF | T:3673209 RPD:1
[CH: 50] LEN: 12 | HEX: FA 7E FC E4 69 FC 97 FE FB 74 AF EE | T:3673239 RPD:1
[CH: 50] LEN: 12 | HEX: EA 7E EA E3 6E EC 97 DE 8D 8D AF F7 | T:3673269 RPD:1
[CH: 50] LEN: 12 | HEX: F2 76 FE E2 6F F6 97 FD 11 68 AF FF | T:3673299 RPD:1
[CH: 50] LEN: 12 | HEX: FA 76 FE E1 6C FC 97 FF E4 66 AD FF | T:3673329 RPD:1
[CH: 50] LEN: 12 | HEX: FA 76 FE E0 6D FC 97 FE B8 83 EF FF | T:3673359 RPD:1
[CH: 50] LEN: 12 | HEX: FA 76 F4 FE 73 FC 97 FE AA 8C BF FF | T:3673419 RPD:1
[CH: 50] LEN: 12 | HEX: FA 76 FD F9 70 FC 97 ED 3F 82 AF FD | T:3673423 RPD:1
[CH: 50] LEN: 12 | HEX: FA 76 FA F4 71 FC 97 FA E3 67 BB F7 | T:3673426 RPD:1
[CH: 50] LEN: 12 | HEX: F2 76 FE FA 77 F8 97 BD 09 7B BF FF | T:3673460 RPD:1
[CH: 50] LEN: 12 | HEX: FA 76 FE F9 74 FC 97 FD 7C 7D B7 FF | T:3673490 RPD:1
[CH: 50] LEN: 12 | HEX: FA 76 FE F0 75 FC 97 FF A0 90 AF AF | T:3673520 RPD:1
[CH: 50] LEN: 12 | HEX: FA 76 FE F7 7A FC 97 FD 11 87 AF 7F | T:3673550 RPD:1
[CH: 50] LEN: 12 | HEX: F2 76 FE F6 7B FC 97 FD 4D 62 AD FF | T:3673580 RPD:1
[CH: 50] LEN: 12 | HEX: FA 76 FE F5 78 FC 97 FA 38 6C BF FE | T:3673610 RPD:1
[CH: 50] LEN: 12 | HEX: F2 76 FE F4 79 EC 97 FE A4 89 BD FF | T:3673640 RPD:1
[CH: 50] LEN: 12 | HEX: FA 76 F5 F3 7E F8 97 FE 92 70 AF FF | T:3673670 RPD:1
[CH: 50] LEN: 12 | HEX: F2 76 F6 F2 7F A8 97 AF 0E 95 AF FF | T:3673700 RPD:1
[CH: 50] LEN: 12 | HEX: FA 76 FE F1 78 FC 97 FD 73 9B FE FF | T:3673730 RPD:1
[CH: 50] LEN: 12 | HEX: FA 76 FE F0 7D EC 97 FE A7 7E AD 7D | T:3673760 RPD:1
[CH: 50] LEN: 12 | HEX: F2 76 FA EF 62 FA 97 FE 89 94 AD BF | T:3673790 RPD:1
[CH: 50] LEN: 12 | HEX: FA 76 FE EE 63 D4 97 FF B5 69 B6 FB | T:3673820 RPD:1
[CH: 50] LEN: 12 | HEX: FA 76 FE ED 60 FA 97 FD 60 7A BF FD | T:3673850 RPD:1
[CH: 50] LEN: 12 | HEX: F2 76 FE EC 61 DA 97 FA 78 9A BD FF | T:3673880 RPD:1
[CH: 50] LEN: 12 | HEX: FA 76 FC EB 66 FC 97 FD 4A 63 EF FF | T:3673910 RPD:1
[CH: 50] LEN: 12 | HEX: FA 76 FE EA 67 FC 97 FE 96 86 AF FF | T:3673940 RPD:1
[CH: 50] LEN: 12 | HEX: FA 76 FA E9 64 FC 97 AF E3 88 AF DD | T:3673970 RPD:1
[CH: 50] LEN: 12 | HEX: F2 76 FE E8 65 FC 97 DD 3F 6D BF F5 | T:3674000 RPD:1
[CH: 50] LEN: 12 | HEX: F2 76 FE E7 6A E8 97 5A 0E 72 BB EF | T:3674030 RPD:1
[CH: 50] LEN: 12 | HEX: FA 76 FE D6 6B F4 97 5D 52 9F AF BF | T:3674060 RPD:1
[CH: 50] LEN: 12 | HEX: F2 76 EE E5 68 FC 97 FA A7 91 BF FA | T:3674090 RPD:1
[CH: 50] LEN: 12 | HEX: FA 76 FA E4 69 FC 97 FA FB 74 BA FF | T:3674120 RPD:1
[CH: 50] LEN: 12 | HEX: FA 76 FE E3 6E FC 97 FD CD 8D BF FF | T:3674149 RPD:1
[CH: 50] LEN: 12 | HEX: FA 76 FE E2 6F FC 97 FE 91 68 AF 7B | T:3674179 RPD:1
[CH: 50] LEN: 12 | HEX: FA 76 F5 E1 6C FC 97 BD 64 66 AF FF | T:3674209 RPD:1
[CH: 50] LEN: 12 | HEX: F2 76 FC E0 6D FC 97 FE B8 83 AF AB | T:3674239 RPD:1
[CH: 50] LEN: 12 | HEX: F2 76 F4 DF 52 FC 97 FE A9 93 AF FE | T:3674269 RPD:1
[CH: 50] LEN: 12 | HEX: FA 76 EE FB 73 BC 97 FD 4A 8C BF FE | T:3674299 RPD:1
[CH: 50] LEN: 12 | HEX: F6 76 FA FD 70 F4 97 FE BF 02 BF 7F | T:3674303 RPD:1
[CH: 50] LEN: 12 | HEX: FA 76 FE FC 71 EC 97 AD E3 67 AF FF | T:3674307 RPD:1
[CH: 50] LEN: 12 | HEX: FA 76 FE FB 76 FC 97 FE D5 9A AD FC | T:3674318 RPD:1
[CH: 50] LEN: 12 | HEX: FA 76 F4 FA 77 FC 97 BD 49 7B AF FF | T:3674319 RPD:1
[CH: 50] LEN: 12 | HEX: FA 76 FE F9 74 F4 97 DD FC 75 BD FF | T:3674345 RPD:1
[CH: 50] LEN: 12 | HEX: FA 76 FE F8 75 FC 97 FF A0 90 AA FF | T:3674375 RPD:1
[CH: 50] LEN: 12 | HEX: FA 76 FE F5 7A FC 97 FF 51 87 BF EF | T:3674405 RPD:1
[CH: 50] LEN: 12 | HEX: F2 76 FE F6 7B FC 97 DA CD 62 B7 FB | T:3674435 RPD:1
[CH: 50] LEN: 12 | HEX: FA 76 FE F4 79 FE 97 BA E4 89 AF FF | T:3674495 RPD:1
[CH: 50] LEN: 12 | HEX: F2 76 F4 F3 7E FC 97 FF B2 70 AE D5 | T:3674525 RPD:1
[CH: 50] LEN: 12 | HEX: FA 76 FE F2 7D D4 97 BD 8E 95 BF DD | T:3674555 RPD:1
[CH: 50] LEN: 12 | HEX: FA 76 F4 F1 7C FC 97 B5 7B 9B BD 7F | T:3674585 RPD:1
[CH: 50] LEN: 12 | HEX: F2 76 F6 F0 7D EC 97 FA A7 7E AF FE | T:3674615 RPD:1
[CH: 50] LEN: 12 | HEX: FA 76 FF EF 62 F4 97 FF 89 94 BF DF | T:3674645 RPD:1
[CH: 50] LEN: 12 | HEX: FA 76 FE EE 63 FC 97 FD 55 71 AF F9 | T:3674675 RPD:1
[CH: 50] LEN: 12 | HEX: FA 7E FE ED 60 F4 97 BA A0 7B 3F FF | T:3674705 RPD:1
[CH: 50] LEN: 12 | HEX: F2 76 FE FC 61 FC 97 FE FC 9A AB FD | T:3674735 RPD:1
[CH: 50] LEN: 12 | HEX: FA 76 FA EB 66 FC 97 FE CA 63 AF FF | T:3674765 RPD:1
[CH: 50] LEN: 12 | HEX: EA 76 EE EA 67 BC 97 FF 96 86 AF EE | T:3674795 RPD:1
[CH: 50] LEN: 12 | HEX: F6 76 FE E9 64 FA 97 FE A3 88 AF FF | T:3674825 RPD:1
[CH: 50] LEN: 12 | HEX: F2 76 FE E8 65 F4 97 54 3F 6D AF FF | T:3674855 RPD:1
[CH: 50] LEN: 12 | HEX: FA 76 FE E7 6A F4 97 DA 8E 7A AD FF | T:3674885 RPD:1
[CH: 50] LEN: 12 | HEX: FA 76 FA E6 6B FC 97 DA D2 9F AF FF | T:3674915 RPD:1
[CH: 50] LEN: 12 | HEX: FA 76 FE E5 68 FC 97 BA 27 91 BF FF | T:3674945 RPD:1
[CH: 50] LEN: 12 | HEX: FA 76 FE E4 69 FC 97 FD 7B 74 BB F7 | T:3674975 RPD:1
[CH: 50] LEN: 12 | HEX: FA 76 FA E3 6F FC 97 DD 4D 8D BB AF | T:3675005 RPD:1
[CH: 50] LEN: 12 | HEX: FA 76 F4 E2 6F 74 97 FD 11 68 AF FF | T:3675035 RPD:1
[CH: 50] LEN: 12 | HEX: F2 76 FA E1 6C FC 97 FD 64 66 AF DF | T:3675065 RPD:1
[CH: 50] LEN: 12 | HEX: FA 76 FE E0 6D FC 97 FE B8 83 BD 6F | T:3675095 RPD:1
[CH: 50] LEN: 12 | HEX: FE 7B FF 80 81 FC 97 FD 67 FD AF FF | T:3675322 RPD:1
[CH: 50] LEN: 12 | HEX: F6 7B FF 00 81 FC 97 D6 E7 BB BF FF | T:3675322 RPD:1
[CH: 50] LEN: 12 | HEX: F9 77 FD F6 F4 70 97 FD 10 1D BF FF | T:3675353 RPD:1
[CH: 50] LEN: 12 | HEX: F1 77 FF FB DD 73 97 FA A7 9E ED B6 | T:3675356 RPD:1
[CH: 50] LEN: 12 | HEX: F9 77 BD FC FE 72 97 DD 3A F7 BF F7 | T:3675359 RPD:1
[CH: 50] LEN: 12 | HEX: F1 77 FE FB DD 75 97 FD 58 BA AF FE | T:3675370 RPD:1
[CH: 50] LEN: 12 | HEX: F1 77 BC FA F5 70 97 FE 90 1D AD DF | T:3675371 RPD:0
[CH: 50] LEN: 12 | HEX: F9 77 FE FD FE 73 97 F6 A7 9F AF FE | T:3675382 RPD:1
[CH: 50] LEN: 12 | HEX: F9 77 FF FC FE 72 97 54 3A EA AE 6B | T:3675393 RPD:1
[CH: 50] LEN: 12 | HEX: F9 77 5A FB DC 75 97 BD 58 BA B6 FD | T:3675393 RPD:0
[CH: 50] LEN: 12 | HEX: F9 77 FE FC FD 72 97 FA 3A FA AF FF | T:3675405 RPD:1
[CH: 50] LEN: 12 | HEX: F9 77 DC FC FE 72 97 FA 3A FE BF FF | T:3675405 RPD:0
[CH: 50] LEN: 12 | HEX: F9 77 BD FB FE 75 97 FF D8 BA BF DF | T:3675416 RPD:1
[CH: 50] LEN: 12 | HEX: F1 77 FE F8 FE 72 97 7A BA FE BF FF | T:3675417 RPD:0
[CH: 50] LEN: 12 | HEX: F9 77 F9 FB FE 75 97 FD 58 BA AB D6 | T:3675428 RPD:1
[CH: 50] LEN: 12 | HEX: F9 77 FD FC FE 72 97 FE BA FD AA FF | T:3675439 RPD:1
[CH: 50] LEN: 12 | HEX: F9 77 D4 FB F6 75 97 FF D8 BA AD FF | T:3675439 RPD:0
[CH: 50] LEN: 12 | HEX: F9 77 FD FC FC 72 97 FE BA FE BF FD | T:3675451 RPD:1
[CH: 50] LEN: 12 | HEX: F9 77 FD FD F6 73 97 FD 67 1F 3F FD | T:3675451 RPD:0
[CH: 50] LEN: 12 | HEX: F9 77 DA FC FE 72 97 FA BA FE AF F6 | T:3675462 RPD:1
[CH: 50] LEN: 12 | HEX: F9 77 DC F5 FE 73 97 FD 67 9F B7 FE | T:3675474 RPD:1
[CH: 50] LEN: 12 | HEX: F9 77 AE FC FE 72 97 FE BA F6 AD BF | T:3675474 RPD:0
[CH: 50] LEN: 12 | HEX: F9 77 FF FD FE 73 97 FE A7 9F BF FF | T:3675485 RPD:1
[CH: 50] LEN: 12 | HEX: F1 77 FD F9 FE 73 97 BE A7 9F AF F7 | T:3675485 RPD:0
[CH: 50] LEN: 12 | HEX: F1 77 D4 F4 FE 72 97 AA BA F6 AF FB | T:3675497 RPD:1
[CH: 50] LEN: 12 | HEX: F9 77 FD F5 FE 73 97 FD 27 1D 7F FD | T:3675497 RPD:0
[CH: 50] LEN: 12 | HEX: F9 77 FA F8 FE 72 97 5A 3A FE BF EF | T:3675508 RPD:1
[CH: 50] LEN: 12 | HEX: F9 77 FB FD FE 73 97 F5 A7 9F B7 EA | T:3675519 RPD:1
[CH: 50] LEN: 12 | HEX: F9 77 FD FC FE 72 97 FC BA FE AF FF | T:3675520 RPD:0
[CH: 50] LEN: 12 | HEX: F9 77 B9 FE F6 70 97 BE 10 1D BF FF | T:3675531 RPD:1
[CH: 50] LEN: 12 | HEX: F1 77 BD FE FE 70 97 DE 10 1D BF F7 | T:3675531 RPD:0
[CH: 50] LEN: 12 | HEX: F9 77 FE FB FE 73 97 FE E7 9F 3F FF | T:3675543 RPD:1
[CH: 50] LEN: 12 | HEX: F1 77 5B FE F4 70 97 BD 10 1D AF FF | T:3675554 RPD:1
[CH: 50] LEN: 12 | HEX: F9 77 EE FB FE 73 97 DF A7 9F AF 7B | T:3675554 RPD:0
[CH: 50] LEN: 12 | HEX: F1 77 FE F6 FA 70 97 FA 10 1D AB EE | T:3675565 RPD:1
[CH: 50] LEN: 12 | HEX: F1 77 BE FE FE 70 97 BF 10 1D BE FF | T:3675566 RPD:0
[CH: 50] LEN: 12 | HEX: F9 77 BD FD FE 73 97 FF A7 9F 7F FF | T:3675577 RPD:1
[CH: 50] LEN: 12 | HEX: F9 77 FE FE FE 70 97 DA 90 1D BB FE | T:3675588 RPD:1
[CH: 50] LEN: 12 | HEX: F9 77 DD FD FE 73 97 DD 27 9F BF FF | T:3675589 RPD:0
[CH: 50] LEN: 12 | HEX: F9 77 FE FB FE 75 97 DA 98 BA AF D6 | T:3675600 RPD:1
[CH: 50] LEN: 12 | HEX: F1 77 FB FB FE 75 97 DE D8 BA A5 FB | T:3675600 RPD:0
[CH: 50] LEN: 12 | HEX: F1 77 B4 F6 FE 70 97 BF 10 1D BF FB | T:3675611 RPD:1
[CH: 50] LEN: 12 | HEX: F9 77 FD F3 EE 75 97 FE B8 BA AE FD | T:3675612 RPD:0
[CH: 50] LEN: 12 | HEX: F9 77 FD FE FE 70 97 FE 90 1D BB DD | T:3675623 RPD:1
[CH: 50] LEN: 12 | HEX: F1 77 FE FB FE 75 97 EE 98 BA BF FD | T:3675634 RPD:1
[CH: 50] LEN: 12 | HEX: F9 77 FA FE FE 70 97 FE 10 1D BF FF | T:3675635 RPD:1
[CH: 50] LEN: 12 | HEX: F9 77 FD FB FD 75 97 BD 58 BA AD 7E | T:3675646 RPD:1
[CH: 50] LEN: 12 | HEX: F9 77 FE FC FE 72 97 DF BA FE AE BD | T:3675646 RPD:0
[CH: 50] LEN: 12 | HEX: F9 77 F6 FB FE 75 97 BF D8 BA BF BE | T:3675657 RPD:1
[CH: 50] LEN: 12 | HEX: F9 77 FD FC FE 72 97 54 3A EA AF BF | T:3675669 RPD:1
[CH: 50] LEN: 12 | HEX: F1 77 DC EB FE 75 97 75 D8 BA AD 6D | T:3675669 RPD:0
[CH: 50] LEN: 12 | HEX: F9 77 DE FC FC 72 97 FE BA FC AF FD | T:3675680 RPD:1
[CH: 50] LEN: 12 | HEX: F9 77 DC F4 EE 7A 97 AD BA EE BF B7 | T:3675681 RPD:0
[CH: 50] LEN: 12 | HEX: F9 77 DE FB DA 75 97 D5 38 BA BF FF | T:3675692 RPD:1
[CH: 50] LEN: 12 | HEX: F9 77 DA F4 FE 72 97 FD 3A FE BF FB | T:3675692 RPD:0
[CH: 50] LEN: 12 | HEX: F1 77 DD FB DE 75 97 7A D8 BA AF FD | T:3675703 RPD:1
[CH: 50] LEN: 12 | HEX: F9 77 FD FA FE 72 97 FA 3A F6 BD FE | T:3675715 RPD:1
[CH: 50] LEN: 12 | HEX: F9 77 FC FB FE 75 97 FE 98 BA AF BD | T:3675715 RPD:0
[CH: 50] LEN: 12 | HEX: F9 77 DE FC FE 72 97 DD 3A FE AE FF | T:3675726 RPD:1
[CH: 50] LEN: 12 | HEX: ED 7F FE FD EE 73 97 BA A7 DE AF FB | T:3675727 RPD:0
[CH: 50] LEN: 12 | HEX: F9 77 D6 F8 F4 72 97 FE BA FE AC B7 | T:3675738 RPD:1
[CH: 50] LEN: 12 | HEX: F9 77 DB EB F6 73 97 5F A7 9E BE DF | T:3675749 RPD:1
[CH: 50] LEN: 12 | HEX: F9 77 DC FC F4 72 97 FA 3A FE AD FF | T:3675749 RPD:0
[CH: 50] LEN: 12 | HEX: F9 77 FE EB FD 73 97 FD 27 DF BE FF | T:3675761 RPD:1
[CH: 50] LEN: 12 | HEX: F9 77 F8 FD FE 73 97 FE 67 9F B7 FF | T:3675761 RPD:0
[CH: 50] LEN: 12 | HEX: F9 77 FE F6 FE 72 97 FE BA F5 B7 F7 | T:3675772 RPD:1
[CH: 50] LEN: 12 | HEX: F9 77 FF FD FE 73 D7 FD 67 9E BE EF | T:3675784 RPD:1
[CH: 50] LEN: 12 | HEX: F1 77 DE FC F4 72 97 54 3A EA A5 F6 | T:3675784 RPD:0
[CH: 50] LEN: 12 | HEX: F9 77 FD FE FE 70 97 FE 90 1D AF AF | T:3675795 RPD:1
[CH: 50] LEN: 12 | HEX: F1 77 FE FE F5 70 97 AE 10 1D BE DA | T:3675795 RPD:0
[CH: 50] LEN: 12 | HEX: F1 77 FD FD D6 73 97 FA 27 9E BF F5 | T:3675807 RPD:1
[CH: 50] LEN: 12 | HEX: F9 77 FD EA FE 70 97 FA 10 1D AF FF | T:3675807 RPD:0
[CH: 50] LEN: 12 | HEX: F9 77 BB F9 FE 73 97 FE 67 9E AF EF | T:3675818 RPD:1
[CH: 50] LEN: 12 | HEX: F9 77 FE F4 FE 70 97 FE 90 1D AE FF | T:3675829 RPD:1
[CH: 50] LEN: 12 | HEX: F9 77 FF FD FE 73 97 D5 27 9F AE DF | T:3675830 RPD:0
[CH: 50] LEN: 12 | HEX: F9 77 DD FE FE 70 97 FF 10 1D BD FB | T:3675841 RPD:1
[CH: 50] LEN: 12 | HEX: F9 77 DA F6 FE 70 97 DF 10 1D BF 5F | T:3675841 RPD:0
[CH: 50] LEN: 12 | HEX: F9 77 D6 FD FE 73 97 5D 27 9F 3F B7 | T:3675853 RPD:1
[CH: 50] LEN: 12 | HEX: F9 77 FF FB FE 75 97 FE D8 BA AF FE | T:3675864 RPD:1
[CH: 50] LEN: 12 | HEX: F9 77 FE FE FE 70 97 FF 10 1D BB F6 | T:3675864 RPD:0
[CH: 50] LEN: 12 | HEX: F1 77 D6 FB DE 75 97 FD 58 BA AA FF | T:3675875 RPD:1
[CH: 50] LEN: 12 | HEX: F1 77 FD F3 DD 75 97 FD 58 BA BF EA | T:3675876 RPD:0
[CH: 50] LEN: 12 | HEX: F9 77 F6 F4 F6 70 97 FE 90 1D BA BA | T:3675887 RPD:1
[CH: 50] LEN: 12 | HEX: F1 7F FD F3 FE 75 97 BF D8 BA AF 7F | T:3675887 RPD:0
[CH: 50] LEN: 12 | HEX: F9 77 BE FE FE 70 97 FE 10 1D BF FF | T:3675899 RPD:1
[CH: 50] LEN: 12 | HEX: F9 77 FB FB FE 75 97 FA D8 BA BF DF | T:3675910 RPD:1
[CH: 50] LEN: 12 | HEX: F9 77 FD FE F4 70 97 AF 10 1D BD FF | T:3675910 RPD:0
[CH: 50] LEN: 12 | HEX: F1 77 FC FB FF 75 97 DD 58 BA BF 7F | T:3675921 RPD:1
[CH: 50] LEN: 12 | HEX: F9 77 DE FC FE 72 97 DD BA F6 AF DE | T:3675922 RPD:0
[CH: 50] LEN: 12 | HEX: F9 77 FD F3 FE 75 97 FF B8 BA BB B7 | T:3675933 RPD:1
[CH: 50] LEN: 12 | HEX: F9 77 DD FC FE 72 97 FD 3A FB BF 5F | T:3675944 RPD:1
[CH: 50] LEN: 12 | HEX: F9 77 FD FB FE 75 97 BA D8 BA BD FF | T:3675945 RPD:0
[CH: 50] LEN: 12 | HEX: E9 77 D4 EA EC 72 97 55 3A EA BF ED | T:3675956 RPD:1
[CH: 50] LEN: 12 | HEX: F1 77 BB FC FE 72 97 BE 3A FE BF EE | T:3675956 RPD:0
[CH: 50] LEN: 12 | HEX: F1 77 BE FB DC 75 97 FD D8 BA AB DD | T:3675967 RPD:1
[CH: 50] LEN: 12 | HEX: F9 77 B8 E8 FE 7A 97 BA 3A FA BF FF | T:3675979 RPD:1
[CH: 50] LEN: 12 | HEX: F9 77 FE F3 FE 75 97 FD 58 BA AE B7 | T:3675979 RPD:0
[CH: 50] LEN: 12 | HEX: F9 77 FE FC FE 72 97 FF BA FE BB BB | T:3675990 RPD:1
[CH: 50] LEN: 12 | HEX: F9 77 FB FD FE 73 97 DF 67 9F AE BF | T:3675991 RPD:0
[CH: 50] LEN: 12 | HEX: F9 77 FF FC FA 72 97 FE BA F6 AF BF | T:3676002 RPD:1
[CH: 50] LEN: 12 | HEX: F1 77 FE F5 FE 73 97 FD 27 9F AF FB | T:3676002 RPD:0
[CH: 50] LEN: 12 | HEX: F9 77 BB FC FA 72 97 FE BA FE AB FF | T:3676013 RPD:1
[CH: 50] LEN: 12 | HEX: F1 77 FE FD FD 73 97 FE A7 9F AD BF | T:3676025 RPD:1
[CH: 50] LEN: 12 | HEX: F9 77 AD F4 EE 72 97 DF 3A FE AF FE | T:3676025 RPD:0
[CH: 50] LEN: 12 | HEX: F5 77 FF FD FE 73 97 DD 27 9F AF FF | T:3676036 RPD:1
[CH: 50] LEN: 12 | HEX: F9 77 DC F5 FE 73 97 FE E7 9F AF BF | T:3676036 RPD:0
[CH: 50] LEN: 12 | HEX: F1 77 BA F4 ED 72 97 FA 3A EE B5 EF | T:3676048 RPD:1
[CH: 50] LEN: 12 | HEX: F9 77 FE F5 FC 73 97 FD 67 1D 37 FF | T:3676059 RPD:1
[CH: 50] LEN: 12 | HEX: F9 77 FE FC FE 72 97 FD 3A FE BB FF | T:3676059 RPD:0
[CH: 50] LEN: 12 | HEX: F9 77 BC FE FE 70 97 BD 10 1D BF FB | T:3676071 RPD:1
[CH: 50] LEN: 12 | HEX: F1 77 D4 FE FE 70 97 FA 90 1D AA FE | T:3676071 RPD:0
[CH: 50] LEN: 12 | HEX: F1 77 FD FB FA 73 97 5F A7 9F AF DD | T:3676082 RPD:1
[CH: 50] LEN: 12 | HEX: F9 77 DC F6 F4 70 97 75 10 1F BD FE | T:3676082 RPD:0
[CH: 50] LEN: 12 | HEX: F9 77 FE FD F4 73 D7 DF A7 9F AF FF | T:3676094 RPD:1
[CH: 50] LEN: 12 | HEX: F9 77 FF FE FE 70 97 7A 10 1D AF FB | T:3676105 RPD:1
[CH: 50] LEN: 12 | HEX: F9 77 FB FD FE 73 97 FF 67 9F BE FF | T:3676105 RPD:0
[CH: 50] LEN: 12 | HEX: F9 77 FE FA FE 70 97 FE 90 1D BF EF | T:3676117 RPD:1
[CH: 50] LEN: 12 | HEX: F1 77 BE FA F6 70 97 7A 10 1D BF FF | T:3676117 RPD:0
[CH: 50] LEN: 12 | HEX: F1 77 BE F9 FE 73 97 FF 67 9F BF FF | T:3676128 RPD:1
[CH: 50] LEN: 12 | HEX: F1 77 FD F3 FE 75 97 BD D8 BA BF FF | T:3676139 RPD:1
[CH: 50] LEN: 12 | HEX: F9 77 D6 F5 FA 78 97 DD 90 1D BD 7F | T:3676140 RPD:1
[CH: 50] LEN: 12 | HEX: F9 77 BC F3 EE 75 97 FA D8 BA AF 7C | T:3676151 RPD:1
[CH: 50] LEN: 12 | HEX: F9 77 DD FB FE 75 97 FD 58 BA BF FF | T:3676151 RPD:0
[CH: 50] LEN: 12 | HEX: F9 77 DE FE FE 70 97 BD 10 1D BF EB | T:3676163 RPD:1
[CH: 50] LEN: 12 | HEX: F1 77 B5 FB D6 75 97 FA D8 BA AF F9 | T:3676174 RPD:1
[CH: 50] LEN: 12 | HEX: F9 77 FD FA F6 70 97 FF 10 1D AF FF | T:3676174 RPD:1
[CH: 50] LEN: 12 | HEX: F1 77 FE F3 EE 75 97 75 D8 BA BF 7F | T:3676185 RPD:1
[CH: 50] LEN: 12 | HEX: F9 77 F6 F3 FE 75 97 EE B8 BA BF D5 | T:3676186 RPD:0
[CH: 50] LEN: 12 | HEX: F9 77 FE FA F4 70 97 FA 10 1D BE DE | T:3676197 RPD:1
[CH: 50] LEN: 12 | HEX: F9 77 EC FC FC 72 97 7D 3A FE BF BF | T:3676197 RPD:0
[CH: 50] LEN: 12 | HEX: F9 77 FC EB FA 75 97 FE B8 BE BF 6F | T:3676209 RPD:1
[CH: 50] LEN: 12 | HEX: F1 77 DE FA FA 72 97 5F 3A FE BD FD | T:3676220 RPD:1
[CH: 50] LEN: 12 | HEX: E9 77 DC F3 DA 75 97 BD D8 BA AB FE | T:3676220 RPD:0
[CH: 50] LEN: 12 | HEX: F9 77 FE FC FE 72 97 DE BA FE B6 FF | T:3676231 RPD:1
[CH: 50] LEN: 12 | HEX: F1 77 DE FC FE 72 97 FD BA FE AD B3 | T:3676232 RPD:0
[CH: 50] LEN: 12 | HEX: F9 77 F4 FB DE 75 97 75 D8 BA A7 ED | T:3676243 RPD:1
[CH: 50] LEN: 12 | HEX: F9 77 FD F8 FE 72 97 FA BA F6 BD FE | T:3676254 RPD:1
[CH: 50] LEN: 12 | HEX: F1 77 F4 FB FE 75 97 FA D8 BA BD F7 | T:3676254 RPD:0
[CH: 50] LEN: 12 | HEX: F1 77 FE EA F6 72 97 FE BA F4 AF D4 | T:3676266 RPD:1
[CH: 50] LEN: 12 | HEX: F1 77 FD FB FE 73 B7 FD 27 9F BB AF | T:3676266 RPD:0
[CH: 50] LEN: 12 | HEX: F1 77 FD F4 FE 72 97 55 3A EA BE AB | T:3676277 RPD:1
[CH: 50] LEN: 12 | HEX: F9 77 FF FD FA 73 97 FD 27 9F AD FD | T:3676278 RPD:0
[CH: 50] LEN: 12 | HEX: F9 77 FD FC FE 72 97 BA 3A EA AF FF | T:3676289 RPD:1
[CH: 50] LEN: 12 | HEX: F9 77 FE F5 FA 73 D7 FE A7 9F B7 BF | T:3676300 RPD:1
[CH: 50] LEN: 12 | HEX: F9 77 BC FA F6 72 97 FA BA FA BF EE | T:3676300 RPD:0
[CH: 50] LEN: 12 | HEX: F9 77 FD F5 FC 73 97 FE 67 9F 2F 7D | T:3676312 RPD:1
[CH: 50] LEN: 12 | HEX: F1 77 FF FD FE 73 97 EF 27 9F AF DF | T:3676312 RPD:1
[CH: 50] LEN: 12 | HEX: F9 77 AC FC F6 72 97 54 3A EA AA B7 | T:3676323 RPD:1
[CH: 50] LEN: 12 | HEX: ED 77 FD FD F6 73 97 FD 27 1F BF BF | T:3676335 RPD:1
[CH: 50] LEN: 12 | HEX: F9 77 DE FC FE 72 97 FE BA F6 AF FF | T:3676335 RPD:0
[CH: 50] LEN: 12 | HEX: F9 77 FE FE FE 70 97 FD 90 1D BD B7 | T:3676346 RPD:1
[CH: 50] LEN: 12 | HEX: F1 77 BD EE FE 70 97 DF 10 1D BF F7 | T:3676346 RPD:0
[CH: 50] LEN: 12 | HEX: F9 77 FD F5 FE 73 97 FA A7 9E AB 7F | T:3676358 RPD:1
[CH: 50] LEN: 12 | HEX: F9 77 5A F5 FA 70 97 AF 10 1D BF FD | T:3676369 RPD:1
[CH: 50] LEN: 12 | HEX: F9 77 DD FD FE 73 97 DF 67 9F 2E FF | T:3676369 RPD:0
[CH: 50] LEN: 12 | HEX: F1 77 BD FE FE 70 97 FF 10 1D BF FF | T:3676381 RPD:1
[CH: 50] LEN: 12 | HEX: F9 77 FC FE F6 70 97 BD 10 1D AE DF | T:3676381 RPD:1
[CH: 50] LEN: 12 | HEX: F1 77 BB F5 FA 73 97 BF A7 9D BF FB | T:3676392 RPD:1
[CH: 50] LEN: 12 | HEX: F9 77 FF FB FE 75 97 FE 98 BA AE F7 | T:3676392 RPD:0
[CH: 50] LEN: 12 | HEX: F1 77 FE FA FE 70 97 FF 10 1D AD FD | T:3676404 RPD:1
[CH: 50] LEN: 12 | HEX: F1 77 DA F3 EE 75 97 AA 58 BA BB FF | T:3676415 RPD:1
[CH: 50] LEN: 12 | HEX: F1 77 FE FE FE 70 97 DF 10 1D BF 7B | T:3676415 RPD:0
[CH: 50] LEN: 12 | HEX: F9 77 FD FB F4 75 97 FD 58 BA AE EF | T:3676427 RPD:1
[CH: 50] LEN: 12 | HEX: F9 77 FE FB FE 75 97 FF F8 BA BF EF | T:3676427 RPD:0
[CH: 50] LEN: 12 | HEX: F9 77 FD FE F4 70 97 FD 90 1F BE DF | T:3676438 RPD:1
[CH: 50] LEN: 12 | HEX: F1 77 FE FB FC 7D 97 FE 98 BA BD FB | T:3676449 RPD:1
[CH: 50] LEN: 12 | HEX: F9 77 DA FA FE 70 97 DD 10 1D AE FD | T:3676450 RPD:0
[CH: 50] LEN: 12 | HEX: F9 77 DC FB FE 75 97 FE 98 BA BF EF | T:3676461 RPD:1
[CH: 50] LEN: 12 | HEX: F9 77 DD EC F6 72 97 FA BA EC BF FF | T:3676461 RPD:0
[CH: 50] LEN: 12 | HEX: F1 77 F6 FB FE 75 97 AD 58 BA B7 EF | T:3676473 RPD:1
[CH: 50] LEN: 12 | HEX: F9 77 7D FC FE 72 97 FA BA FE B5 FA | T:3676473 RPD:0
[CH: 50] LEN: 12 | HEX: F9 77 FD F3 DF 75 97 FD 58 BA AD FE | T:3676484 RPD:1
[CH: 50] LEN: 12 | HEX: F9 77 D6 F4 F4 72 97 FA 3A FA BF FF | T:3676495 RPD:1
[CH: 50] LEN: 12 | HEX: F9 77 FE FB FE 75 97 FD 58 BA BB B9 | T:3676496 RPD:0
[CH: 50] LEN: 12 | HEX: F1 77 FD F4 FE 72 97 FE BA FE BF FB | T:3676507 RPD:1
[CH: 50] LEN: 12 | HEX: F9 77 FB FC F5 72 97 FE BA F4 BD 6B | T:3676507 RPD:0
[CH: 50] LEN: 12 | HEX: F9 77 FD F3 FE 75 97 FD 58 BA AE F6 | T:3676518 RPD:1
[CH: 50] LEN: 12 | HEX: F1 77 FD FC FE 72 97 FF 3A FE AF FF | T:3676530 RPD:1
[CH: 50] LEN: 12 | HEX: F9 77 FE F3 FE 75 97 DF B8 BA BD 7D | T:3676530 RPD:0
[CH: 50] LEN: 12 | HEX: F9 77 BD FD FE 73 97 FA A7 9E AF 5D | T:3676541 RPD:1
[CH: 50] LEN: 12 | HEX: F9 77 FF FD FE 73 97 7F A7 9F AF B9 | T:3676542 RPD:0
[CH: 50] LEN: 12 | HEX: F9 77 FE FC FE 72 97 BE BA FE BF D0 | T:3676553 RPD:1
[CH: 50] LEN: 12 | HEX: F1 77 5F F9 FE 7B 97 BF 67 DF 37 FF | T:3676564 RPD:1
[CH: 50] LEN: 12 | HEX: F9 77 BB FA FE 72 97 FE BA FD AF FF | T:3676564 RPD:0
[CH: 50] LEN: 12 | HEX: F1 77 FD FD F6 73 97 FA A7 9E AD 6F | T:3676576 RPD:1
[CH: 50] LEN: 12 | HEX: F1 77 B5 F5 EA 73 97 55 27 9E AF 79 | T:3676576 RPD:0
[CH: 50] LEN: 12 | HEX: F9 77 DC FC FE 72 97 FD 3A FB AF EB | T:3676587 RPD:1
[CH: 50] LEN: 12 | HEX: F9 77 D5 FD FE 73 97 FA A7 9F AF DF | T:3676588 RPD:0
[CH: 50] LEN: 12 | HEX: F9 77 BC FC F6 72 97 BA BA F5 AE 7F | T:3676599 RPD:1
[CH: 50] LEN: 12 | HEX: F9 77 BD F4 FE 70 97 FF 10 1D BF 7F | T:3676610 RPD:1
[CH: 50] LEN: 12 | HEX: F5 77 FF F5 FE 73 97 BD 27 9D 7E FD | T:3676610 RPD:0
[CH: 50] LEN: 12 | HEX: F9 77 D6 FA FE 70 97 F5 10 1D BF DF | T:3676622 RPD:1
[CH: 50] LEN: 12 | HEX: F9 77 FB FC FE 70 97 FE 90 1D B6 FD | T:3676622 RPD:0
[CH: 50] LEN: 12 | HEX: F9 77 FD ED DC 73 97 FA A7 9D 6F AA | T:3676633 RPD:1
[CH: 50] LEN: 12 | HEX: F9 77 FA EA FE 70 97 FA 10 1D AF FB | T:3676645 RPD:1
[CH: 50] LEN: 12 | HEX: F9 77 FE FD FE 73 97 FD 27 9F AF 7F | T:3676645 RPD:0
[CH: 50] LEN: 12 | HEX: F9 77 FE FE FA 78 97 FD 10 1D AE AD | T:3676656 RPD:1
[CH: 50] LEN: 12 | HEX: F9 77 FF FE FA 70 97 FC 90 1D AF FF | T:3676656 RPD:0
[CH: 50] LEN: 12 | HEX: F1 77 7D FD FE 73 97 FD 67 9D BB EF | T:3676668 RPD:1
[CH: 50] LEN: 12 | HEX: F1 77 DE F3 F4 75 97 FE 98 BA AB 7E | T:3676668 RPD:0
[CH: 50] LEN: 12 | HEX: F9 77 BB FB FE 70 97 DA 10 1D AE DF | T:3676679 RPD:1
[CH: 50] LEN: 12 | HEX: F9 7F FD F3 FD 75 97 FD 18 BA BF FE | T:3676691 RPD:1
[CH: 50] LEN: 12 | HEX: F9 77 FF F5 F5 70 97 FB 10 1D BF FE | T:3676691 RPD:0
[CH: 50] LEN: 12 | HEX: F1 77 FD EB AE 7D 97 75 58 BE BB BF | T:3676702 RPD:1
[CH: 50] LEN: 12 | HEX: F9 77 FE F3 EE 75 97 FD 58 BA AF 75 | T:3676702 RPD:0
[CH: 50] LEN: 12 | HEX: F9 77 FE F5 FC 70 97 B5 10 1D AE F7 | T:3676714 RPD:1
[CH: 50] LEN: 12 | HEX: F9 77 FE F3 FC 75 97 FD 58 BA BF FE | T:3676725 RPD:1
[CH: 50] LEN: 12 | HEX: E9 77 DE FE FE 70 97 FA 10 1D BF BD | T:3676725 RPD:0
[CH: 50] LEN: 12 | HEX: F9 77 FC FB FD 75 97 DE 58 BA BF FF | T:3676736 RPD:1
[CH: 50] LEN: 12 | HEX: F9 77 FD F4 FE 72 97 FD BA FA BD BA | T:3676737 RPD:0
[CH: 50] LEN: 12 | HEX: F9 77 FD F3 FE 75 97 FE B8 BA AF FF | T:3676748 RPD:1
[CH: 50] LEN: 12 | HEX: F9 77 FD FC FE 72 97 AA 3A AA AB BA | T:3676759 RPD:1
[CH: 50] LEN: 12 | HEX: F9 77 FD F3 FE 75 97 FD 58 BA BF FF | T:3676760 RPD:0
[CH: 50] LEN: 12 | HEX: F1 77 BB FC FE 72 97 FA BA EE BB FF | T:3676771 RPD:1
[CH: 50] LEN: 12 | HEX: F1 77 FE FC EA 72 97 5E BA EA AB 7D | T:3676771 RPD:0
[CH: 50] LEN: 12 | HEX: F9 77 FE F3 FE 75 97 FF D8 BA BF BA | T:3676782 RPD:1
[CH: 50] LEN: 12 | HEX: F9 77 FE F3 FE 75 97 FD 58 BA AA FB | T:3676783 RPD:0
[CH: 50] LEN: 12 | HEX: F9 77 DC FE FE 78 97 FE 90 1D AF FF | T:3676794 RPD:1
[CH: 50] LEN: 12 | HEX: F9 77 DE FC FE 72 97 B5 3A FE BF 7D | T:3676805 RPD:1
[CH: 50] LEN: 12 | HEX: F9 77 BD FB FE 75 97 DA D8 BA AD AB | T:3676806 RPD:0
[CH: 50] LEN: 12 | HEX: F9 77 FE FD FA 73 97 BD 27 9F 2F 7D | T:3676817 RPD:1
[CH: 50] LEN: 12 | HEX: F1 77 FD FB F4 73 97 DD 27 9E AF EF | T:3676817 RPD:0
[CH: 50] LEN: 12 | HEX: F1 77 FB F8 F4 72 97 DF 3A FE AF FF | T:3676828 RPD:1
[CH: 50] LEN: 12 | HEX: F1 77 DD F9 FE 73 97 DD 27 1E EF EF | T:3676840 RPD:1
[CH: 50] LEN: 12 | HEX: F9 77 FE FC FE 72 97 AA BA EA BF 75 | T:3676840 RPD:0
[CH: 50] LEN: 12 | HEX: F9 77 BB FB FE 73 97 FD 27 9F 6F DF | T:3676851 RPD:1
[CH: 50] LEN: 12 | HEX: F9 77 FB F5 EB 73 97 FD 27 9F 2F EF | T:3676852 RPD:0
[CH: 50] LEN: 12 | HEX: F1 77 FE F4 FE 72 97 54 32 EE BE FF | T:3676863 RPD:1
[CH: 50] LEN: 12 | HEX: F1 77 FD FD FE 73 97 FA A7 9E AB FF | T:3676863 RPD:0
[CH: 50] LEN: 12 | HEX: F9 77 D6 FC F6 72 97 FE BA FE AF FF | T:3676874 RPD:1
[CH: 50] LEN: 12 | HEX: F9 77 D6 F5 FE 70 97 FE 90 1D AD 7F | T:3676886 RPD:1
[CH: 50] LEN: 12 | HEX: F9 77 DD FD FE 73 97 78 67 1A BF DD | T:3676886 RPD:0
[CH: 50] LEN: 12 | HEX: F9 77 DD FE FE 70 97 DD 90 1D BE FF | T:3676897 RPD:1
[CH: 50] LEN: 12 | HEX: F1 77 DE FE FE 70 97 FF 10 1F BF EF | T:3676898 RPD:0
[CH: 50] LEN: 12 | HEX: F1 77 FD FD FE 73 97 FD 67 9D 3B FF | T:3676909 RPD:1
[CH: 50] LEN: 12 | HEX: F1 77 FD FE FE 70 97 DE 10 1D BF F7 | T:3676920 RPD:0
[CH: 50] LEN: 12 | HEX: F9 77 FA FD FE 73 97 5A A7 9E BB FB | T:3676920 RPD:0
[CH: 50] LEN: 12 | HEX: F9 77 FF FB EE 75 97 BA D8 BA AF FF | T:3676932 RPD:1
[CH: 50] LEN: 12 | HEX: F9 77 DE FE FE 70 97 FF 10 1D BF 7F | T:3676932 RPD:0
[CH: 50] LEN: 12 | HEX: F9 77 DD F5 FE 73 97 FA A7 9F BF F9 | T:3676943 RPD:1
[CH: 50] LEN: 12 | HEX: F9 77 FD F4 FE 72 97 55 3A EA BD A6 | T:3676955 RPD:1
[CH: 50] LEN: 12 | HEX: E9 77 BB F3 DE 65 97 58 D8 BA AF F9 | T:3676955 RPD:0
[CH: 50] LEN: 12 | HEX: F9 77 DC FC FE 72 97 BE 3A FA BF FD | T:3676966 RPD:1
[CH: 50] LEN: 12 | HEX: F9 77 D6 FD FE 73 97 BD 27 9F AA E9 | T:3676966 RPD:0
[CH: 50] LEN: 12 | HEX: F9 77 FD FC FA 72 97 FF 3A FE AF FE | T:3676978 RPD:1
[CH: 50] LEN: 12 | HEX: F9 77 FB EB FE 73 97 75 A7 9D B7 FF | T:3676978 RPD:0
[CH: 50] LEN: 12 | HEX: F9 77 FF FC FA 72 97 54 3A AA AB BB | T:3676989 RPD:1
[CH: 50] LEN: 12 | HEX: F9 77 FA FD FE 73 97 FE E7 9F BF EF | T:3677000 RPD:0
[CH: 50] LEN: 12 | HEX: F9 77 FF FC FE 72 97 FD 3A F6 AF DF | T:3677001 RPD:0
[CH: 50] LEN: 12 | HEX: F9 77 FA EB D4 75 97 D7 58 BA BF FE | T:3677012 RPD:1
[CH: 50] LEN: 12 | HEX: F9 77 FE FE FE 70 97 FE 90 1D AB DF | T:3677012 RPD:0
[CH: 50] LEN: 12 | HEX: E9 77 DE FD FE 73 97 FD 27 9F BF 7F | T:3677024 RPD:1
[CH: 50] LEN: 12 | HEX: F9 77 FD F3 DC 75 97 DA D8 BA AD FE | T:3677035 RPD:1
[CH: 50] LEN: 12 | HEX: F9 77 FA F6 FE 78 97 FE 90 1D AD DD | T:3677035 RPD:1
[CH: 50] LEN: 12 | HEX: F1 77 FE FB FE 75 97 AF D8 BA AA EF | T:3677046 RPD:1
[CH: 50] LEN: 12 | HEX: F1 77 5C F8 EE 72 97 FE BA F4 BB DF | T:3677047 RPD:0
[CH: 50] LEN: 12 | HEX: F9 77 FD F3 FD 75 97 FD 58 BA B6 FF | T:3677058 RPD:1
[CH: 50] LEN: 12 | HEX: F1 77 FE FC FE 72 97 FE BA FE AF 7F | T:3677058 RPD:0
[CH: 50] LEN: 12 | HEX: E9 77 FB EB FE 75 97 7F D8 BA BF 77 | T:3677070 RPD:1
[CH: 50] LEN: 12 | HEX: F1 77 FE F4 FE 72 97 BA BA FE BF BB | T:3677081 RPD:1
[CH: 50] LEN: 12 | HEX: F9 77 FE FB FE 75 97 FD D8 BA AF BD | T:3677081 RPD:0
[CH: 50] LEN: 12 | HEX: F9 77 FB FC F5 72 97 DD 3A FE AF FF | T:3677092 RPD:1
[CH: 50] LEN: 12 | HEX: F5 77 DD FC FE 72 97 FA BA FE AD FF | T:3677093 RPD:0
[CH: 50] LEN: 12 | HEX: F1 77 FD F3 DE 75 97 FD 58 BA BF FF | T:3677104 RPD:1
[CH: 50] LEN: 12 | HEX: F1 77 DC F8 FE 72 97 FD BA FE BF FE | T:3677115 RPD:1
[CH: 50] LEN: 12 | HEX: F9 77 FF FB FE 75 97 FF 58 BA B7 F5 | T:3677116 RPD:0
[CH: 50] LEN: 12 | HEX: F9 77 FB FA FE 72 97 FE BA FA BD FB | T:3677127 RPD:1
[CH: 50] LEN: 12 | HEX: F9 77 FB FD EA 73 97 DD 27 9F AF 7B | T:3677127 RPD:0
[CH: 50] LEN: 12 | HEX: F9 77 BB FC FE 72 97 FD BA FE AF BA | T:3677138 RPD:1
[CH: 50] LEN: 12 | HEX: F9 77 FB FD FE 73 97 FD 27 9E AF DF | T:3677150 RPD:1
[CH: 50] LEN: 12 | HEX: F9 77 DC F4 F6 72 97 BF 3A FE BF FF | T:3677150 RPD:0
[CH: 50] LEN: 12 | HEX: F9 77 FE FD F4 73 97 F5 A7 9F 6D DF | T:3677161 RPD:1
[CH: 50] LEN: 12 | HEX: F1 77 75 FD D6 73 97 DB A7 9F FF FE | T:3677161 RPD:0
[CH: 50] LEN: 12 | HEX: F1 77 AB F8 FE 72 97 FE BA FB BF FE | T:3677173 RPD:1
[CH: 50] LEN: 12 | HEX: F9 77 FF F9 F6 73 97 EB 67 9E AF FE | T:3677173 RPD:1
[CH: 50] LEN: 12 | HEX: F1 77 BB F8 FE 72 97 BA BA FE AB FD | T:3677184 RPD:1
[CH: 50] LEN: 12 | HEX: F1 77 AF FE FA 70 97 FA 10 1D BF 7F | T:3677196 RPD:1
[CH: 50] LEN: 12 | HEX: F1 77 FB FD FC 73 97 FD 27 9F 3D F6 | T:3677196 RPD:0
[CH: 50] LEN: 12 | HEX: F9 77 FA FE FE 70 97 FD 10 1D BF BF | T:3677207 RPD:1
[CH: 50] LEN: 12 | HEX: F1 77 DA FE F6 70 97 FD 90 1D BF FF | T:3677207 RPD:0
[CH: 50] LEN: 12 | HEX: F1 77 FD FD FE 73 97 FA A7 9E ED FF | T:3677219 RPD:1
[CH: 50] LEN: 12 | HEX: E9 77 5C FE EE 70 97 FD 10 1D AF F6 | T:3677230 RPD:1
[CH: 50] LEN: 12 | HEX: F1 77 DE F5 FE 73 97 FE E7 9E AF AF | T:3677230 RPD:0
[CH: 50] LEN: 12 | HEX: F1 77 BA FD FA 70 97 EA 10 1D BF F7 | T:3677242 RPD:1
[CH: 50] LEN: 12 | HEX: F1 77 FD FE FE 70 97 FD 10 1D BF F7 | T:3677242 RPD:0
[CH: 50] LEN: 12 | HEX: F9 77 BE FB FE 73 97 BA A7 9F BF FF | T:3677253 RPD:1
[CH: 50] LEN: 12 | HEX: F9 77 FD FB FE 75 97 BA D8 BA AF 7F | T:3677253 RPD:0
[CH: 50] LEN: 12 | HEX: F9 77 BE FE FE 70 97 FF 90 1D B7 FD | T:3677265 RPD:1
[CH: 50] LEN: 12 | HEX: F9 77 FB FB FE 75 97 FD 58 BA BF FD | T:3677276 RPD:1
[CH: 50] LEN: 12 | HEX: F1 77 DE FE FE 70 97 FD 10 1D AE FF | T:3677276 RPD:0
[CH: 50] LEN: 12 | HEX: F9 77 DF FB FC 75 97 EE 58 BA BF D9 | T:3677288 RPD:1
[CH: 50] LEN: 12 | HEX: F9 77 7A F3 D5 75 97 AA 58 BA B6 D6 | T:3677288 RPD:0
[CH: 50] LEN: 12 | HEX: F1 77 D6 F6 FE 70 97 D5 10 1D BF EF | T:3677299 RPD:1
[CH: 50] LEN: 12 | HEX: F9 77 BA EC FE 70 97 DA 10 1D AE FF | T:3677310 RPD:1
[CH: 50] LEN: 12 | HEX: F9 77 FE FD FE 73 97 FA A7 9F BF 79 | T:3677311 RPD:0
[CH: 50] LEN: 12 | HEX: F1 77 DC FB FE 75 97 FE B8 BA BB FF | T:3677322 RPD:1
[CH: 50] LEN: 12 | HEX: F9 77 EE FC FA 72 97 FE BA FE BB 5F | T:3677322 RPD:0
[CH: 50] LEN: 12 | HEX: F1 77 F9 FB FC 75 97 DA D8 BA BF 6F | T:3677334 RPD:1
[CH: 50] LEN: 12 | HEX: F9 77 DC FC FE 72 97 FA 3A FE AF BA | T:3677345 RPD:1
[CH: 50] LEN: 12 | HEX: F5 77 FE FB FE 75 97 FD 58 BA AF DF | T:3677345 RPD:0
[CH: 50] LEN: 12 | HEX: F9 77 BE F8 F6 72 97 FE BA FA BF F7 | T:3677356 RPD:1
[CH: 50] LEN: 12 | HEX: F9 77 D6 FC FA 72 97 DF 3A FE A7 FF | T:3677357 RPD:0
[CH: 50] LEN: 12 | HEX: F9 77 DE FB FE 75 97 FF 18 BA AF EF | T:3677368 RPD:1
[CH: 50] LEN: 12 | HEX: F1 77 BD EC EA 72 97 FA BA F6 BE FA | T:3677368 RPD:0
[CH: 50] LEN: 12 | HEX: F1 77 75 FB DE 75 97 FA D8 BA AF F5 | T:3677380 RPD:1
[CH: 50] LEN: 12 | HEX: F1 77 BE FC FE 72 97 DD 3A F6 BF FF | T:3677391 RPD:1
[CH: 50] LEN: 12 | HEX: F9 77 FC FB FE 75 97 BD D8 BA BF 6A | T:3677391 RPD:0
[CH: 50] LEN: 12 | HEX: F1 77 FF FD FE 73 97 FD 27 9F 3F EF | T:3677402 RPD:1
[CH: 50] LEN: 12 | HEX: F9 7F DE FD F6 73 97 FA A7 9F 6F EB | T:3677403 RPD:0
[CH: 50] LEN: 12 | HEX: F1 77 FE FC FA 72 97 FF 3A FE BF F7 | T:3677414 RPD:1
[CH: 50] LEN: 12 | HEX: F1 77 BD FD DE 73 97 5A A7 9F BF FF | T:3677425 RPD:1
[CH: 50] LEN: 12 | HEX: F9 77 FD FC FE 72 97 FD 3A FC B7 DF | T:3677425 RPD:0
[CH: 50] LEN: 12 | HEX: F9 77 FD FD F4 73 97 FA A7 9F AE BF | T:3677437 RPD:1
[CH: 50] LEN: 12 | HEX: F1 77 FA FD FE 73 97 FA A7 9F BF FF | T:3677437 RPD:0
[CH: 50] LEN: 12 | HEX: F9 77 FE F4 FE 72 97 DD BA FE AF DF | T:3677448 RPD:1
[CH: 50] LEN: 12 | HEX: F9 77 FE FD FE 73 97 FD 27 9F FF B7 | T:3677449 RPD:0
[CH: 50] LEN: 12 | HEX: F9 77 FD FA FA 72 97 FA BA FE AF FF | T:3677460 RPD:1
[CH: 50] LEN: 12 | HEX: F9 7F F9 F4 FE 70 97 F5 10 1D BF 7F | T:3677471 RPD:1
[CH: 50] LEN: 12 | HEX: F9 77 FD FD F4 73 97 FA A7 9D 7F FF | T:3677471 RPD:0
[CH: 50] LEN: 12 | HEX: F9 77 AD FE F6 70 97 FE 90 1D BF FF | T:3677483 RPD:1
[CH: 50] LEN: 12 | HEX: F9 77 DD FE F6 70 97 DF 10 1D B7 77 | T:3677483 RPD:0
[CH: 50] LEN: 12 | HEX: F9 77 FE FD FE 73 97 FF A7 9F AF 7E | T:3677494 RPD:1
[CH: 50] LEN: 12 | HEX: F9 77 DD F6 FA 70 97 FC 90 1D BE FE | T:3677506 RPD:1
[CH: 50] LEN: 12 | HEX: F9 77 D6 F9 FE 73 97 5F A7 9F AB 7F | T:3677506 RPD:0
[CH: 50] LEN: 12 | HEX: F1 77 B4 FE EE 70 97 DF 10 1D BF FF | T:3677517 RPD:1
[CH: 50] LEN: 12 | HEX: F1 77 FD FE FE 70 97 DE 90 1D AF D6 | T:3677517 RPD:0
[CH: 50] LEN: 12 | HEX: F9 77 FB F5 FA 73 97 FD 27 9F 3F FD | T:3677529 RPD:1
[CH: 50] LEN: 12 | HEX: F9 77 FA F3 FF 75 97 FE D8 BA AF 6E | T:3677540 RPD:1
[CH: 50] LEN: 12 | HEX: F1 77 BE FE FE 70 97 FA 10 1D AF 7F | T:3677540 RPD:0
[CH: 50] LEN: 12 | HEX: F9 77 FE FB FD 7D 97 FD 58 BA BB EF | T:3677552 RPD:1
[CH: 50] LEN: 12 | HEX: F9 77 FC F3 EE 75 97 5D D8 BA AF 77 | T:3677552 RPD:0
[CH: 50] LEN: 12 | HEX: F1 77 EC FE FE 70 97 FE 90 1D BF D5 | T:3677563 RPD:1
[CH: 50] LEN: 12 | HEX: F1 77 FE F3 DA 75 97 FD 58 BA AB F6 | T:3677563 RPD:0
[CH: 50] LEN: 12 | HEX: F9 77 FE FE FE 70 97 D5 10 1D BD FF | T:3677575 RPD:1
[CH: 50] LEN: 12 | HEX: F9 77 DD FB FE 75 97 FD 58 BA AF 7E | T:3677586 RPD:1
[CH: 50] LEN: 12 | HEX: F1 77 DE FE FE 70 97 D6 90 1D AF DB | T:3677586 RPD:0
[CH: 50] LEN: 12 | HEX: F1 77 FE EB BD 75 97 FE 98 BA AF EF | T:3677598 RPD:1
[CH: 50] LEN: 12 | HEX: F9 77 FD F4 FE 72 97 BF 3A FA BF 7F | T:3677598 RPD:0
[CH: 50] LEN: 12 | HEX: F1 77 F4 FB EE 75 97 FA D8 BA AF 7B | T:3677609 RPD:1
[CH: 50] LEN: 12 | HEX: F9 77 DF FC FE 72 97 7F 3A FA BF FB | T:3677620 RPD:1
[CH: 50] LEN: 12 | HEX: F9 77 DB EF DE 75 97 7B D8 BA BE FB | T:3677621 RPD:0
[CH: 50] LEN: 12 | HEX: E9 77 DD FC F6 72 97 DA BA FE BE F7 | T:3677632 RPD:0
[CH: 50] LEN: 12 | HEX: F9 77 ED 80 00 79 97 BA AF 64 AB DD | T:3677648 RPD:1
[CH: 50] LEN: 12 | HEX: E9 77 AF 00 00 71 97 DF AE 64 BF FF | T:3677649 RPD:1
[CH: 50] LEN: 12 | HEX: F0 6D FE 00 FE FB 90 F7 74 99 AF FD | T:3677679 RPD:1
[CH: 50] LEN: 12 | HEX: F8 6D FE 80 F6 F3 90 FF 74 99 BB FF | T:3677679 RPD:1
[CH: 50] LEN: 12 | HEX: F9 77 FE 80 00 71 90 F7 36 F3 BB BF | T:3677948 RPD:1
[CH: 50] LEN: 12 | HEX: F9 77 FE 80 00 71 90 FF 36 F3 AF BF | T:3677949 RPD:1
[CH: 50] LEN: 12 | HEX: F8 6D F7 00 F4 FB 90 FF 74 99 BF FD | T:3677978 RPD:1
[CH: 50] LEN: 12 | HEX: E8 6D FF 80 EE F3 D0 FF 74 99 BF EF | T:3677979 RPD:1
[CH: 50] LEN: 12 | HEX: F9 7F FE 80 00 71 90 EE B6 F3 BF 7F | T:3678248 RPD:1
[CH: 50] LEN: 12 | HEX: F9 77 F7 00 00 71 90 FF 36 F3 AE AE | T:3678248 RPD:1
[CH: 50] LEN: 12 | HEX: F8 6D FF 00 FE FB 90 FB F4 99 BF FF | T:3678278 RPD:1
[CH: 50] LEN: 12 | HEX: F8 6D FF 80 EC F3 90 FF 74 99 AF F7 | T:3678279 RPD:1
[CH: 50] LEN: 12 | HEX: F9 77 DD 80 00 71 90 FF 36 F3 BF FF | T:3678547 RPD:1
[CH: 50] LEN: 12 | HEX: F1 77 EB 00 00 71 90 F7 36 F3 BB 7F | T:3678548 RPD:1
[CH: 50] LEN: 12 | HEX: E8 6D F7 00 EC FB 90 EB 74 99 BF F5 | T:3678578 RPD:1
[CH: 50] LEN: 12 | HEX: E8 6D FF 00 FE F3 90 FF 74 99 B7 DF | T:3678579 RPD:1
[CH: 50] LEN: 12 | HEX: F9 77 DA 00 00 71 90 FF 36 F3 AD D7 | T:3678847 RPD:1
[CH: 50] LEN: 12 | HEX: F0 6D FE 00 F5 FB 90 FF 74 99 AF FF | T:3678878 RPD:1
[CH: 50] LEN: 12 | HEX: F8 6D FF 00 FE FB 90 FD 74 99 BD 7F | T:3678878 RPD:1
[CH: 50] LEN: 12 | HEX: F1 77 FA 80 00 71 90 FF 36 E3 EF FD | T:3679147 RPD:1
[CH: 50] LEN: 12 | HEX: F9 77 DE 80 00 71 90 FB 3E F3 AD B7 | T:3679148 RPD:1
[CH: 50] LEN: 12 | HEX: F8 6D F7 00 FE EB 90 F7 74 99 BF 7F | T:3679177 RPD:1
[CH: 50] LEN: 12 | HEX: F8 6D FF 80 FE FB 90 FF 74 99 AF FF | T:3679178 RPD:1
[CH: 50] LEN: 12 | HEX: F9 77 FF 80 00 71 90 FF B6 F3 BE FF | T:3679446 RPD:1
[CH: 50] LEN: 12 | HEX: F1 77 FD 00 00 71 90 FB 36 F3 BE B7 | T:3679447 RPD:1
[CH: 50] LEN: 12 | HEX: F8 6D FE 80 F9 F3 90 FF 74 99 BF FD | T:3679477 RPD:1
[CH: 50] LEN: 12 | HEX: F8 6D FF 00 FE F3 90 F7 74 99 B7 FF | T:3679478 RPD:1
[CH: 50] LEN: 12 | HEX: F5 77 ED 00 00 71 90 FF 36 E3 A6 FF | T:3679746 RPD:1
[CH: 50] LEN: 12 | HEX: F9 77 FD 00 00 71 90 FF 36 E3 AF FF | T:3679747 RPD:1
[CH: 50] LEN: 12 | HEX: F0 6D FF 00 EE FB 90 FF 74 99 BB BE | T:3679777 RPD:1
[CH: 50] LEN: 12 | HEX: F8 6D FB 00 EC F3 90 EF 74 99 BA EA | T:3679777 RPD:1
[CH: 50] LEN: 12 | HEX: F9 77 5A 80 00 71 90 FF 36 F3 BF AD | T:3680046 RPD:1
[CH: 50] LEN: 12 | HEX: F9 77 FF 00 00 75 90 FF 36 F3 BF DF | T:3680047 RPD:1
[CH: 50] LEN: 12 | HEX: F8 6D FB 00 FE FB 90 FF 74 99 BB F7 | T:3680076 RPD:1
[CH: 50] LEN: 12 | HEX: F8 6D FD 80 FE F3 D0 FE 74 99 BE FF | T:3680077 RPD:1
[CH: 50] LEN: 12 | HEX: F1 77 DE 00 00 71 90 FF 36 F3 BB EB | T:3680346 RPD:1
[CH: 50] LEN: 12 | HEX: F9 77 FF 80 00 71 90 FF 36 E3 BD BF | T:3680346 RPD:1
[CH: 50] LEN: 12 | HEX: F8 6D FF 00 FE FB 90 FF 74 99 AF DF | T:3680376 RPD:1
[CH: 50] LEN: 12 | HEX: F8 6D FE 00 F6 F7 90 F6 F4 99 AF 6F | T:3680377 RPD:1
[CH: 50] LEN: 12 | HEX: F1 77 FE 80 00 71 90 F7 36 F3 BB FF | T:3680645 RPD:1
[CH: 50] LEN: 12 | HEX: F9 77 FF 00 00 71 90 FF 36 F3 BC 6E | T:3680646 RPD:1
[CH: 50] LEN: 12 | HEX: F8 6D FF 00 FE FB 90 FF 74 99 BF FD | T:3680677 RPD:1
[CH: 50] LEN: 12 | HEX: ED 77 FE 80 00 71 90 FF 36 F3 BF FF | T:3680945 RPD:1
[CH: 50] LEN: 12 | HEX: F9 77 B4 80 00 71 90 FF 36 F3 BF F4 | T:3680946 RPD:1
[CH: 50] LEN: 12 | HEX: F8 6D FF 00 F6 FB 90 FF 74 99 BF FF | T:3680976 RPD:1
[CH: 50] LEN: 12 | HEX: F8 6D F5 00 FE F3 90 FF 74 99 BF DF | T:3680976 RPD:1
[CH: 50] LEN: 12 | HEX: F1 77 FE 80 00 71 90 FF 36 F3 BD FF | T:3681245 RPD:1
[CH: 50] LEN: 12 | HEX: F0 6D FE 80 FE FB 90 FF 74 99 AF AF | T:3681275 RPD:1
[CH: 50] LEN: 12 | HEX: F8 6D FF 00 FE FB 90 FF 74 99 BB BB | T:3681276 RPD:1
[CH: 50] LEN: 12 | HEX: F9 77 DE 80 00 71 90 FF 36 F3 AF FB | T:3681544 RPD:1
[CH: 50] LEN: 12 | HEX: F1 7F DA 00 00 71 90 FF 36 EB AF EF | T:3681545 RPD:1
[CH: 50] LEN: 12 | HEX: F0 6D EF 00 FE FB 90 EF 74 99 AF BF | T:3681575 RPD:1
[CH: 50] LEN: 12 | HEX: F8 6D FE 80 FD FB 90 FB 74 99 BF FB | T:3681576 RPD:1
[CH: 50] LEN: 12 | HEX: F1 77 AA 80 00 71 90 FF 36 F3 BF FF | T:3681844 RPD:1
[CH: 50] LEN: 12 | HEX: F9 77 DD 00 00 71 90 FD B6 E3 AF BB | T:3681845 RPD:1
[CH: 50] LEN: 12 | HEX: F0 6D FF 80 FE F3 90 FF 74 99 B7 FF | T:3681875 RPD:1
[CH: 50] LEN: 12 | HEX: F0 6D FF 00 FE F7 B0 F7 74 99 AF FF | T:3681875 RPD:1
[CH: 50] LEN: 12 | HEX: F1 77 FD 00 00 71 90 F5 36 F3 BF 7B | T:3682144 RPD:1
[CH: 50] LEN: 12 | HEX: F9 77 FE 80 00 71 90 FF 36 E3 BF 7D | T:3682145 RPD:1
[CH: 50] LEN: 12 | HEX: F0 6D FF 00 EE FB D0 FF 74 99 BB BA | T:3682174 RPD:1
[CH: 50] LEN: 12 | HEX: F8 6D F6 00 FE FB 90 FF 74 99 AF FF | T:3682175 RPD:1
[CH: 50] LEN: 12 | HEX: F9 77 FD 80 00 71 90 F5 36 F3 AF FF | T:3682444 RPD:1
[CH: 50] LEN: 12 | HEX: F9 77 FD 00 00 71 90 FF 36 F3 B7 FF | T:3682444 RPD:1
[CH: 50] LEN: 12 | HEX: F8 6D FF 80 FE FB 90 FF 74 99 BB FB | T:3682474 RPD:1
[CH: 50] LEN: 12 | HEX: F8 6D FF 00 F4 FB 90 FF 74 99 BE FE | T:3682475 RPD:1
[CH: 50] LEN: 12 | HEX: F9 77 DD 00 00 71 90 FF 36 F3 BF FA | T:3682743 RPD:1
[CH: 50] LEN: 12 | HEX: F1 77 FA 00 00 71 90 FB 36 F3 BB B7 | T:3682744 RPD:1
[CH: 50] LEN: 12 | HEX: F0 6D FE 80 FE FB 90 FF 74 99 AF BB | T:3682774 RPD:1
[CH: 50] LEN: 12 | HEX: F8 6D FF 00 F5 F3 90 FB 74 99 AF FF | T:3682775 RPD:1
[CH: 50] LEN: 12 | HEX: F1 77 AE 80 00 71 90 EA 36 F3 F5 7F | T:3683043 RPD:1
[CH: 50] LEN: 12 | HEX: E9 77 BD 00 00 71 90 FF 36 F3 AF FB | T:3683044 RPD:1
[CH: 50] LEN: 12 | HEX: F0 6D EF 00 F6 FB 90 F5 74 99 AF FF | T:3683074 RPD:1
[CH: 50] LEN: 12 | HEX: F0 6D DD 00 FE EB 90 F7 74 99 BF FF | T:3683074 RPD:1
[CH: 50] LEN: 12 | HEX: F1 77 BE 80 00 71 90 EE 36 E3 BF E8 | T:3683343 RPD:1
[CH: 50] LEN: 12 | HEX: F1 77 FA 00 00 71 90 F7 36 F3 AB BF | T:3683344 RPD:1
[CH: 50] LEN: 12 | HEX: F8 6D FE 80 FE FB 90 FB 74 99 BD F5 | T:3683373 RPD:1
[CH: 50] LEN: 12 | HEX: E8 6D FF 00 EE F3 90 FF 74 99 AE FB | T:3683374 RPD:1
[CH: 50] LEN: 12 | HEX: F9 77 AF 00 00 71 90 FF 36 F3 BF FF | T:3683643 RPD:1
[CH: 50] LEN: 12 | HEX: F9 77 BD 80 00 79 90 FF 36 F3 B7 D5 | T:3683643 RPD:1
[CH: 50] LEN: 12 | HEX: F8 6D F7 80 F4 EB 90 FF 74 99 BF FF | T:3683673 RPD:1
[CH: 50] LEN: 12 | HEX: F8 6D FF 00 FC FB 90 FF 74 99 AF 5F | T:3683674 RPD:1
[CH: 50] LEN: 12 | HEX: FA 76 EE 00 8C FB 90 F7 28 76 BF F7 | T:3683827 RPD:1
[CH: 50] LEN: 12 | HEX: FA 76 FF 00 8C FB 90 FF 28 76 AF FF | T:3683828 RPD:1
[CH: 50] LEN: 12 | HEX: F6 76 FE F6 73 FB 90 FF F6 8B AD 7F | T:3683858 RPD:1
[CH: 50] LEN: 12 | HEX: FA 76 FE FD 70 FB 90 FB A3 85 AF AF | T:3683861 RPD:1
[CH: 50] LEN: 12 | HEX: FA 76 FE FC 71 F3 90 F6 7D 60 AE DB | T:3683865 RPD:1
[CH: 50] LEN: 12 | HEX: FA 76 FE FB 76 F3 90 FF 49 99 BF BF | T:3683877 RPD:1
[CH: 50] LEN: 12 | HEX: FA 76 FA FA 77 B3 90 FD 95 74 AF F5 | T:3683877 RPD:1
[CH: 50] LEN: 12 | HEX: FA 76 FA F9 74 FB 90 FF F0 72 BF FF | T:3683903 RPD:1
[CH: 50] LEN: 12 | HEX: F2 76 FE F8 75 FB 90 FF 3C 97 AF EF | T:3683933 RPD:1
[CH: 50] LEN: 12 | HEX: F2 76 FE F7 7A FB D0 F7 8D 80 BF FD | T:3683963 RPD:1
[CH: 50] LEN: 12 | HEX: FA 76 FD F6 7B DB 90 F7 51 65 AF FF | T:3683993 RPD:1
[CH: 50] LEN: 12 | HEX: F2 76 FC F5 78 FB 90 FF 24 6B FB BB | T:3684023 RPD:1
[CH: 50] LEN: 12 | HEX: F2 76 FA F4 79 FB 90 EB 50 8E BF FF | T:3684053 RPD:1
[CH: 50] LEN: 12 | HEX: F2 76 FA F3 7A FB 90 FF AE 77 BE EF | T:3684083 RPD:1
[CH: 50] LEN: 12 | HEX: FA 76 F6 F2 7F F7 90 FF 12 92 B6 FB | T:3684113 RPD:1
[CH: 50] LEN: 12 | HEX: FA 76 FE F1 78 F3 90 FF 67 9C BD DF | T:3684143 RPD:1
[CH: 50] LEN: 12 | HEX: FA 76 FA F0 7D F3 90 FB BB 79 AD BD | T:3684173 RPD:1
[CH: 50] LEN: 12 | HEX: F2 76 FA EF 62 FB D0 FE 15 93 BF FA | T:3684203 RPD:1
[CH: 50] LEN: 12 | HEX: FA 76 FA EE 63 FB 90 FF 49 76 AF DF | T:3684233 RPD:1
[CH: 50] LEN: 12 | HEX: FA 76 FE ED 60 FB 90 FF BC 78 BF FF | T:3684263 RPD:1
[CH: 50] LEN: 12 | HEX: FA 76 FC EC 61 FB 90 FB 60 9D BF FF | T:3684293 RPD:1
[CH: 50] LEN: 12 | HEX: F2 76 F6 EB 66 F3 90 FF 56 64 BB FF | T:3684323 RPD:1
[CH: 50] LEN: 12 | HEX: FA 76 FE EA 67 FB 90 FB 4A 81 BF 7E | T:3684353 RPD:1
[CH: 50] LEN: 12 | HEX: F2 76 FE E9 64 F3 90 FF D7 8F 3F FF | T:3684383 RPD:1
[CH: 50] LEN: 12 | HEX: FA 76 FE E8 65 EB 90 F7 23 6A BF 7D | T:3684413 RPD:1
[CH: 50] LEN: 12 | HEX: FA 76 FE E7 6A F3 90 FF 92 7D BF F5 | T:3684443 RPD:1
[CH: 50] LEN: 12 | HEX: FA 76 F4 E6 6B FB 90 FF 4E 98 BF FE | T:3684473 RPD:1
[CH: 50] LEN: 12 | HEX: F2 76 FE E5 68 FB 90 FF 3B 96 BF FE | T:3684503 RPD:1
[CH: 50] LEN: 12 | HEX: F2 76 F5 E4 69 F3 90 F7 57 73 BF EF | T:3684533 RPD:1
[CH: 50] LEN: 12 | HEX: F2 76 FE E3 6E FB 90 FF D1 8A AF A7 | T:3684563 RPD:1
[CH: 50] LEN: 12 | HEX: F2 76 F4 E2 6F F7 90 F7 0D 6F AF FF | T:3684593 RPD:1
[CH: 50] LEN: 12 | HEX: FA 76 FE E1 6C FB 90 F7 78 61 BF 6B | T:3684623 RPD:1
[CH: 50] LEN: 12 | HEX: F2 76 FC E0 6D F3 90 F6 A4 84 AF BF | T:3684653 RPD:1
[CH: 50] LEN: 12 | HEX: F2 76 FE DF 52 FB 90 FF 35 94 BD FF | T:3684683 RPD:1
[CH: 50] LEN: 12 | HEX: FA 76 FE FE 73 FB 90 FF B6 8B BF D7 | T:3684713 RPD:1
[CH: 50] LEN: 12 | HEX: F2 76 FE FD 70 FB 90 F6 E3 85 BF DD | T:3684716 RPD:1
[CH: 50] LEN: 12 | HEX: F2 76 FE FC 71 F3 90 FF 7F 60 B7 FE | T:3684720 RPD:1
[CH: 50] LEN: 12 | HEX: FA 76 FE F7 76 FB 90 FF 49 99 BE BE | T:3684732 RPD:1
[CH: 50] LEN: 12 | HEX: FA 76 EE F2 77 FB 90 FF 95 78 B7 ED | T:3684732 RPD:1
[CH: 50] LEN: 12 | HEX: FA 76 F6 F1 74 F3 90 FF B0 72 BD FE | T:3684759 RPD:1
[CH: 50] LEN: 12 | HEX: FA 76 FE F0 7D F3 90 F5 3C 97 BF FF | T:3684789 RPD:1
[CH: 50] LEN: 12 | HEX: F2 76 FE F7 7A FB 90 FF 8D 80 AB FF | T:3684819 RPD:1
[CH: 50] LEN: 12 | HEX: FA 76 FE F6 7B FB 90 FF 51 65 BF FF | T:3684848 RPD:1
[CH: 50] LEN: 12 | HEX: F2 76 EE F5 70 EB 90 EF 24 6B 2F F9 | T:3684878 RPD:1
[CH: 50] LEN: 12 | HEX: FA 76 F6 F4 71 FB 90 FF 58 8E BB FF | T:3684908 RPD:1
[CH: 50] LEN: 12 | HEX: F2 76 FE F3 7E FB 90 F7 8E 77 BF FF | T:3684938 RPD:1
[CH: 50] LEN: 12 | HEX: FA 76 FE F2 7D D3 90 FF 12 92 BA FE | T:3684968 RPD:1
[CH: 50] LEN: 12 | HEX: F2 76 F4 F1 78 F3 90 FF 67 9C AF ED | T:3684998 RPD:1
[CH: 50] LEN: 12 | HEX: FA 76 FE F0 7D EB 90 FF BB 79 BF FF | T:3685028 RPD:1
[CH: 50] LEN: 12 | HEX: FA 76 FE EF 62 FB 90 FF 15 93 BF BF | T:3685058 RPD:1
[CH: 50] LEN: 12 | HEX: F2 76 FC EE 63 FB 90 FB A9 7E BF FF | T:3685088 RPD:1
[CH: 50] LEN: 12 | HEX: FA 76 F4 ED 60 F3 90 FB 3C 78 AF BE | T:3685118 RPD:1
[CH: 50] LEN: 12 | HEX: FA 76 FE EC 61 F3 90 FF 60 9D BF FE | T:3685148 RPD:1
[CH: 50] LEN: 12 | HEX: FA 76 F4 EB 66 FB 90 FF 56 64 BF BF | T:3685178 RPD:1
[CH: 50] LEN: 12 | HEX: F2 76 FE EA 67 AB 90 FB 4A 81 B7 F7 | T:3685208 RPD:1
[CH: 50] LEN: 12 | HEX: FA 76 FC E9 64 FB 90 FF D5 0F AD 7F | T:3685238 RPD:1
[CH: 50] LEN: 12 | HEX: F2 76 FE E8 65 FB 90 FF 23 6A AD FF | T:3685268 RPD:1
[CH: 50] LEN: 12 | HEX: EA 76 F4 E7 6A F3 90 EA 92 79 BB 7A | T:3685298 RPD:1
[CH: 50] LEN: 12 | HEX: FA 76 F4 E6 6B DB 90 FE 4E 98 AF FD | T:3685328 RPD:1
[CH: 50] LEN: 12 | HEX: FA 76 FA E5 68 FB 90 FA BB 96 BF FF | T:3685358 RPD:1
[CH: 50] LEN: 12 | HEX: F2 76 F4 E4 69 F3 90 FB B7 73 BF FF | T:3685388 RPD:1
[CH: 50] LEN: 12 | HEX: FA 76 F4 E3 6E FB 90 FF 91 8A AF EE | T:3685418 RPD:1
[CH: 50] LEN: 12 | HEX: FA 7E F4 E2 6F F3 90 FF 0D 6F 3F FB | T:3685448 RPD:1
[CH: 50] LEN: 12 | HEX: FA 76 FA E1 6C F3 90 FF 78 61 AB F5 | T:3685478 RPD:1
[CH: 50] LEN: 12 | HEX: FA 76 FE E0 6D F3 90 FF 24 84 AF FF | T:3685508 RPD:1
[CH: 50] LEN: 12 | HEX: FA 76 FE DF 52 FB 90 F7 35 94 BB DF | T:3685538 RPD:1
[CH: 50] LEN: 12 | HEX: F2 76 FE FE 73 DB 90 FF B6 8B BF FE | T:3685568 RPD:1
[CH: 50] LEN: 12 | HEX: FA 76 FE F5 70 F3 90 F7 A3 85 B7 FF | T:3685572 RPD:1
[CH: 50] LEN: 12 | HEX: FA 76 FE F6 71 EF 90 F6 7D E0 AB FE | T:3685576 RPD:1
[CH: 50] LEN: 12 | HEX: FA 76 FA FB 76 FB 90 FF 49 99 AF DF | T:3685587 RPD:1
[CH: 50] LEN: 12 | HEX: FA 76 F6 EA 77 FB 90 EF 15 78 BF FF | T:3685587 RPD:1
[CH: 50] LEN: 12 | HEX: FA 76 FC F9 74 FB D0 FF D0 72 AD FA | T:3685614 RPD:1
[CH: 50] LEN: 12 | HEX: FA 76 FE F8 75 F3 90 FF 3C 97 A7 EF | T:3685644 RPD:1
[CH: 50] LEN: 12 | HEX: FA 76 EE F7 7A F3 90 FB 0D 80 BF A5 | T:3685674 RPD:1
[CH: 50] LEN: 12 | HEX: FA 76 F6 F6 7B B3 90 FF 51 65 BF FF | T:3685704 RPD:1
[CH: 50] LEN: 12 | HEX: FA 76 FE F5 78 EB 90 EA 24 4B AD D5 | T:3685734 RPD:1
[CH: 50] LEN: 12 | HEX: FA 76 FE F4 79 FB 90 FF E8 8E AD 7D | T:3685764 RPD:1
[CH: 50] LEN: 12 | HEX: FA 76 FE F3 7E F3 90 EE 8E 77 ED F7 | T:3685794 RPD:1
[CH: 50] LEN: 12 | HEX: FA 76 EE F2 7B AB 90 FF 12 92 BF 2F | T:3685824 RPD:1
[CH: 50] LEN: 12 | HEX: FA 76 FE F1 78 FB 90 FF 67 9C BF FF | T:3685854 RPD:1
[CH: 50] LEN: 12 | HEX: FA 76 FE F0 7B F3 90 FF BB 79 BF 7D | T:3685884 RPD:1
[CH: 50] LEN: 12 | HEX: F2 76 FE EF 62 FB 90 FF 15 93 AF B6 | T:3685914 RPD:1
[CH: 50] LEN: 12 | HEX: F2 76 FE EE 63 EB 90 F7 89 76 BF BF | T:3685944 RPD:1
[CH: 50] LEN: 12 | HEX: FA 76 F4 ED 60 FB 90 FF BC 78 B7 FF | T:3685974 RPD:1
[CH: 50] LEN: 12 | HEX: FA 76 FE EC 61 F3 90 F6 60 9D AF DF | T:3686004 RPD:1
[CH: 50] LEN: 12 | HEX: F6 76 FA EB 66 FB 90 FF 56 64 BF D7 | T:3686034 RPD:1
[CH: 50] LEN: 12 | HEX: F2 76 F6 EA 67 DB 90 FF 4A 81 BF AF | T:3686064 RPD:1
[CH: 50] LEN: 12 | HEX: FA 76 EA E9 64 F3 90 F7 5F 8F 2D FF | T:3686093 RPD:1
[CH: 50] LEN: 12 | HEX: FA 76 FE E8 65 FB 90 FF 23 6A AD 7D | T:3686123 RPD:1
[CH: 50] LEN: 12 | HEX: F2 76 FE E7 6A FB 90 FB 92 7D AB D9 | T:3686153 RPD:1
[CH: 50] LEN: 12 | HEX: FA 76 FE E6 6B FB B0 FF 4E 98 BF FB | T:3686183 RPD:1
[CH: 50] LEN: 12 | HEX: FA 76 FE E5 68 FB 90 FB 3B 96 AB EB | T:3686213 RPD:1
[CH: 50] LEN: 12 | HEX: FA 76 F5 E4 69 F3 90 FF E7 73 AF FF | T:3686243 RPD:1
[CH: 50] LEN: 12 | HEX: EA 76 F4 E3 6E FB 90 EB 71 8A AA AB | T:3686273 RPD:1
[CH: 50] LEN: 12 | HEX: FA 76 FE E2 6F FB 90 F7 0D 6F 2F FA | T:3686303 RPD:1
[CH: 50] LEN: 12 | HEX: F2 76 FE E1 6C F3 90 FF 78 61 BF FF | T:3686333 RPD:1
[CH: 50] LEN: 12 | HEX: FA 76 FE DF 52 FB 90 FF 35 94 AB FF | T:3686393 RPD:1
[CH: 50] LEN: 12 | HEX: FA 76 FE FA 73 DB 90 FD D6 8B FF DF | T:3686423 RPD:1
[CH: 50] LEN: 12 | HEX: F2 76 FE F9 70 F3 90 F5 A3 85 BF DF | T:3686427 RPD:1
[CH: 50] LEN: 12 | HEX: FA 76 FE FC 79 FB 90 FB 7F 60 BF FF | T:3686431 RPD:1
[CH: 50] LEN: 12 | HEX: FA 76 FE FB 76 FB 90 FF 49 99 AF F7 | T:3686442 RPD:1
[CH: 50] LEN: 12 | HEX: F6 76 F5 FA 77 FB 90 F7 15 74 BE B7 | T:3686443 RPD:1
[CH: 50] LEN: 12 | HEX: FA 76 FE F9 74 FB 90 FF B0 72 AF 7F | T:3686469 RPD:1
[CH: 50] LEN: 12 | HEX: FA 76 FE F8 75 FB 90 FF 3C 97 BF EF | T:3686499 RPD:1
[CH: 50] LEN: 12 | HEX: FA 76 FE E7 7A FB 90 FF 8D 80 BB F7 | T:3686529 RPD:1
[CH: 50] LEN: 12 | HEX: F2 76 FC F6 73 FB 90 F7 51 65 BE FF | T:3686559 RPD:1
[CH: 50] LEN: 12 | HEX: FA 76 FE F5 78 EB 90 F5 24 6B B7 5D | T:3686589 RPD:1
[CH: 50] LEN: 12 | HEX: FA 76 F4 F4 79 EB 90 F7 B8 8E BB 7F | T:3686619 RPD:1
[CH: 50] LEN: 12 | HEX: F2 7E FE F3 7E FB 90 FF EE 77 AB 7F | T:3686649 RPD:1
[CH: 50] LEN: 12 | HEX: F2 76 FE F2 7F EB 90 FF 12 92 AD FF | T:3686679 RPD:1
[CH: 50] LEN: 12 | HEX: FA 76 FE F1 7C FB 90 FF 67 9C AA FB | T:3686709 RPD:1
[CH: 50] LEN: 12 | HEX: FA 76 FD F0 7D FB 90 FF 7B 79 BD 7E | T:3686739 RPD:1
[CH: 50] LEN: 12 | HEX: FA 76 FE EF 62 FB 90 FF 15 93 AF FF | T:3686769 RPD:1
[CH: 50] LEN: 12 | HEX: FA 76 EE EE 63 BB 90 F7 49 76 AE FF | T:3686799 RPD:1
[CH: 50] LEN: 12 | HEX: FA 76 FE ED 60 F3 B0 FF FC 78 AD F7 | T:3686829 RPD:1
[CH: 50] LEN: 12 | HEX: FA 76 FE EC 61 FB 90 F5 60 9D AF 7D | T:3686859 RPD:1
[CH: 50] LEN: 12 | HEX: FE 76 FA EB 66 FB 90 FF 56 64 AE FE | T:3686889 RPD:1
[CH: 50] LEN: 12 | HEX: FA 76 EE EA 67 BB 90 F7 8A 81 BB EF | T:3686919 RPD:1
[CH: 50] LEN: 12 | HEX: FA 76 FB E9 64 F3 90 FF AF 8F AF FF | T:3686949 RPD:1
[CH: 50] LEN: 12 | HEX: FA 76 FE E8 65 FB 90 FE 23 6A AF FF | T:3686979 RPD:1
[CH: 50] LEN: 12 | HEX: FA 76 FD E7 6A F3 90 FF 92 75 AF FD | T:3687009 RPD:1
[CH: 50] LEN: 12 | HEX: FA 76 FE E6 6B FB 90 FF 4E 98 BF FF | T:3687039 RPD:1
[CH: 50] LEN: 12 | HEX: FA 76 FE E5 68 FB 90 F5 3B 96 BF F6 | T:3687069 RPD:1
[CH: 50] LEN: 12 | HEX: F6 76 EE E4 69 F3 90 FF B7 73 AF FE | T:3687099 RPD:1
[CH: 50] LEN: 12 | HEX: FA 76 FE E3 6E F3 90 FF B1 8A AF DF | T:3687129 RPD:1
[CH: 50] LEN: 12 | HEX: FA 76 FE E2 6F FB 90 EE 0D 6F BF ED | T:3687159 RPD:1
[CH: 50] LEN: 12 | HEX: FA 76 F5 E1 6C F3 90 FB 78 61 AF FB | T:3687189 RPD:1
[CH: 50] LEN: 12 | HEX: F2 76 FD E0 6D FB 90 FB A4 84 AF BF | T:3687219 RPD:1
[CH: 50] LEN: 12 | HEX: FA 76 FE DE D2 FB 90 FF 35 94 AB FE | T:3687249 RPD:1
[CH: 50] LEN: 12 | HEX: FA 76 FE FE 73 D7 90 FF 96 8B B7 FF | T:3687279 RPD:1
[CH: 50] LEN: 12 | HEX: FA 76 FE FD 78 FB 90 FF 23 85 BF FF | T:3687282 RPD:1
[CH: 50] LEN: 12 | HEX: FA 76 F6 F4 71 FB 90 FF 7F 60 AF FA | T:3687286 RPD:1
[CH: 50] LEN: 12 | HEX: FA 76 FE FB 76 FB 90 EB 49 99 AF EF | T:3687298 RPD:1
[CH: 50] LEN: 12 | HEX: F2 76 FE FA 77 FB 90 FF D5 74 BD 5E | T:3687298 RPD:1
[CH: 50] LEN: 12 | HEX: FA 76 FE F9 74 FB 90 FF D0 72 BD FB | T:3687323 RPD:1
[CH: 50] LEN: 12 | HEX: FA 76 FE F4 75 FB 90 FE 3C 97 BF FF | T:3687353 RPD:1
[CH: 50] LEN: 12 | HEX: FA 76 FE F7 72 FB 90 FA 8D 80 BF FF | T:3687383 RPD:1
[CH: 50] LEN: 12 | HEX: FA 76 FE F6 7B FB 90 F5 51 65 AD BE | T:3687413 RPD:1
[CH: 50] LEN: 12 | HEX: FA 76 FE F5 70 EB 50 ED 24 6B BE FE | T:3687442 RPD:1
[CH: 50] LEN: 12 | HEX: F2 76 FE F4 79 FB 90 FF A8 8E AF BF | T:3687473 RPD:1
[CH: 50] LEN: 12 | HEX: F2 76 FE F3 7C F3 90 F7 6E 77 BF DE | T:3687503 RPD:1
[CH: 50] LEN: 12 | HEX: F2 76 F4 F2 75 AB D0 F7 12 92 AF FB | T:3687533 RPD:1
[CH: 50] LEN: 12 | HEX: FA 76 F5 F1 7C FB 90 FF 67 9C BD FC | T:3687562 RPD:1
[CH: 50] LEN: 12 | HEX: FA 76 F6 F0 79 FB 90 F7 FB 79 BF 7F | T:3687592 RPD:1
[CH: 50] LEN: 12 | HEX: FA 76 F6 EF 62 F3 90 FE 95 93 FB FB | T:3687622 RPD:1
[CH: 50] LEN: 12 | HEX: FA 76 FD EE 63 FB 90 FF A9 76 BD FD | T:3687652 RPD:1
[CH: 50] LEN: 12 | HEX: F2 7E EC ED 60 FB 90 F7 7C 78 AB FB | T:3687682 RPD:1
[CH: 50] LEN: 12 | HEX: FA 76 FF EC 61 FB 90 FF 60 9D AF FB | T:3687712 RPD:1
[CH: 50] LEN: 12 | HEX: FE 76 FE EB 66 FB 90 FD 56 64 BF FB | T:3687742 RPD:1
[CH: 50] LEN: 12 | HEX: FA 76 FC EA 67 5B 90 F5 0A 81 AF EA | T:3687772 RPD:1
[CH: 50] LEN: 12 | HEX: F2 76 FC E9 64 FB 90 FB DF 8F 3F EF | T:3687802 RPD:1
[CH: 50] LEN: 12 | HEX: F6 76 FE E8 65 FB 90 FF 23 6A AF FB | T:3687832 RPD:1
[CH: 50] LEN: 12 | HEX: F2 76 FE E7 6A FB 90 F5 12 7D BF BF | T:3687862 RPD:1
[CH: 50] LEN: 12 | HEX: FA 76 FE E6 6B FB 90 FF 4E 98 BF F7 | T:3687892 RPD:1
[CH: 50] LEN: 12 | HEX: F2 76 F6 E5 68 F3 90 FF 3B 96 AA FD | T:3687922 RPD:1
[CH: 50] LEN: 12 | HEX: FA 76 FA E4 69 FB 90 FF 47 73 BF 37 | T:3687952 RPD:1
[CH: 50] LEN: 12 | HEX: FA 76 F6 E3 6E FB 90 FB 51 8A BB AB | T:3687982 RPD:1
[CH: 50] LEN: 12 | HEX: FA 76 FE E2 6F B3 90 FF 0D 6F BF FB | T:3688012 RPD:1
[CH: 50] LEN: 12 | HEX: FA 76 FE E1 6C FB D0 FF 70 61 BA F7 | T:3688042 RPD:1
[CH: 50] LEN: 12 | HEX: F2 76 EE E0 6D D3 90 F7 64 84 BF ED | T:3688072 RPD:1
[CH: 50] LEN: 12 | HEX: FA 76 FE DE 52 FB 90 FF 35 94 AF FB | T:3688102 RPD:1
[CH: 50] LEN: 12 | HEX: F2 76 F6 F6 73 FB 90 FF 76 8B FE FD | T:3688132 RPD:1
[CH: 50] LEN: 12 | HEX: F2 76 F6 F9 70 F3 90 F7 23 85 BF FF | T:3688136 RPD:1
[CH: 50] LEN: 12 | HEX: F2 76 F4 F8 71 DB 90 FF 7F 60 AF F7 | T:3688139 RPD:1
[CH: 50] LEN: 12 | HEX: FA 76 FE FB 76 FB 90 EA 49 99 AF ED | T:3688150 RPD:1
[CH: 50] LEN: 12 | HEX: F2 76 FE F2 77 73 90 FF 95 74 AF FF | T:3688150 RPD:1
[CH: 50] LEN: 12 | HEX: FA 76 FE F1 74 F3 90 FF 40 72 B7 57 | T:3688177 RPD:1
[CH: 50] LEN: 12 | HEX: FA 76 FC F8 75 FB 90 FB 3C 97 AF FF | T:3688207 RPD:1
[CH: 50] LEN: 12 | HEX: FA 76 F6 F7 7A FB 90 F7 4D 80 AE EF | T:3688237 RPD:1
[CH: 50] LEN: 12 | HEX: FA 76 FE F6 7B FB 90 FF 51 65 AD FF | T:3688267 RPD:1
[CH: 50] LEN: 12 | HEX: F2 76 FA F5 78 F3 90 FF 24 6B BF FF | T:3688297 RPD:1
[CH: 50] LEN: 12 | HEX: FA 76 FE F4 79 FB 90 FF 58 8F BD BF | T:3688327 RPD:1
[CH: 50] LEN: 12 | HEX: FA 76 EA F3 7E F3 90 FF 4E 77 AB F7 | T:3688357 RPD:1
[CH: 50] LEN: 12 | HEX: F2 76 FE F2 7F E7 90 FF 12 92 BD FF | T:3688387 RPD:1
[CH: 50] LEN: 12 | HEX: FA 76 FC F1 7C F3 90 F7 67 9C BA FF | T:3688417 RPD:1
[CH: 50] LEN: 12 | HEX: F2 76 FE F0 79 EB 90 FF BB 79 AE FF | T:3688447 RPD:1
[CH: 50] LEN: 12 | HEX: FA 76 FE EF 62 F3 B0 FB 15 93 BB FB | T:3688477 RPD:1
[CH: 50] LEN: 12 | HEX: FA 76 FA EE 63 BB 90 FF A9 76 BC B7 | T:3688507 RPD:1
[CH: 50] LEN: 12 | HEX: FA 76 FE ED 60 FB 90 FB 3C 78 BA FA | T:3688537 RPD:1
[CH: 50] LEN: 12 | HEX: FA 76 FE EC 61 FB 90 EE 60 9D AF DA | T:3688567 RPD:1
[CH: 50] LEN: 12 | HEX: FA 76 F4 EB 66 FB 90 FF 56 64 AB FB | T:3688597 RPD:1
[CH: 50] LEN: 12 | HEX: FA 76 F4 EA 67 FB 90 EF 4A 81 AD FD | T:3688627 RPD:1
[CH: 50] LEN: 12 | HEX: FA 76 FE E9 64 FB 90 FF D7 8F BF 7F | T:3688657 RPD:1
[CH: 50] LEN: 12 | HEX: FA 76 FE E8 65 F3 90 FE 23 6A AB DF | T:3688687 RPD:1
[CH: 50] LEN: 12 | HEX: FA 76 FE E7 6A FB 90 FF 92 7D BF B7 | T:3688717 RPD:1
[CH: 50] LEN: 12 | HEX: FA 76 FE E6 6B FB 90 FB 4E 98 BF D6 | T:3688747 RPD:1
[CH: 50] LEN: 12 | HEX: FA 76 FC E5 68 F3 D0 F7 3B 96 BF 7F | T:3688777 RPD:1
[CH: 50] LEN: 12 | HEX: FA 76 F5 E4 69 F3 90 FF 47 73 BF FE | T:3688807 RPD:1
[CH: 50] LEN: 12 | HEX: FA 76 FE E3 6E FB 90 EB B1 8A AD 7F | T:3688837 RPD:1
[CH: 50] LEN: 12 | HEX: FA 76 FA E2 6F AB 90 FE 8D 6F 2F F9 | T:3688867 RPD:1
[CH: 50] LEN: 12 | HEX: FA 76 F6 E1 6C F3 D0 FE 78 61 BE FB | T:3688897 RPD:1
[CH: 50] LEN: 12 | HEX: EE 76 F6 E0 6D FB D0 EB A4 84 AE B6 | T:3688927 RPD:1
[CH: 50] LEN: 12 | HEX: FA 76 FE DF 52 FB 90 FF 35 94 BE FF | T:3688957 RPD:1
[CH: 50] LEN: 12 | HEX: FA 76 FE FE 73 FB 90 FF D6 8B BF FF | T:3688987 RPD:1
[CH: 50] LEN: 12 | HEX: F2 76 F9 F5 70 FB 90 FF A3 85 BF 7D | T:3688990 RPD:1
[CH: 50] LEN: 12 | HEX: FA 76 FE F4 71 FB 90 FF 75 60 BF FF | T:3688994 RPD:1
[CH: 50] LEN: 12 | HEX: F2 76 F4 F3 76 FB 90 FB 49 99 BB FD | T:3689006 RPD:1
[CH: 50] LEN: 12 | HEX: FA 76 FA FA 77 DB 90 FF 95 6A AE BA | T:3689006 RPD:1
[CH: 50] LEN: 12 | HEX: FA 76 FE F9 74 F3 90 FB E0 72 AE FF | T:3689032 RPD:1
[CH: 50] LEN: 12 | HEX: FA 76 FE F8 75 D7 90 F5 3C 97 BF FF | T:3689062 RPD:1
[CH: 50] LEN: 12 | HEX: FA 76 FE F7 7A FB 90 FB 8D 80 AF FF | T:3689092 RPD:1
[CH: 50] LEN: 12 | HEX: FA 76 FE F6 7B DB 90 FF 51 65 BF FF | T:3689122 RPD:1
[CH: 50] LEN: 12 | HEX: FA 76 FA F5 78 FB 90 FF 24 6B AF FF | T:3689152 RPD:1
[CH: 50] LEN: 12 | HEX: FA 76 FA E4 71 EB 90 F7 E8 8E AF BF | T:3689182 RPD:1
[CH: 50] LEN: 12 | HEX: FA 76 F4 F3 7E F3 D0 FF 4E 77 BF FF | T:3689212 RPD:1
[CH: 50] LEN: 12 | HEX: FA 76 EA F2 7F AB 90 F6 12 92 BF EF | T:3689242 RPD:1
[CH: 50] LEN: 12 | HEX: FA 76 FE F1 7C FB 90 FB 67 9C AF 6F | T:3689272 RPD:1
[CH: 50] LEN: 12 | HEX: FA 76 FE F0 79 EF 90 FB BB 71 BB FF | T:3689302 RPD:1
[CH: 50] LEN: 12 | HEX: F2 76 FE EF 62 FB 90 EA 15 93 FF EF | T:3689332 RPD:1
[CH: 50] LEN: 12 | HEX: F2 76 FC EE 63 FB 90 FF C9 76 AF FF | T:3689362 RPD:1
[CH: 50] LEN: 12 | HEX: FA 76 FE ED 60 FB 90 FF BC 78 BF EF | T:3689392 RPD:1
[CH: 50] LEN: 12 | HEX: FA 76 F6 EC 61 F3 90 FF 60 9D AF FF | T:3689422 RPD:1
[CH: 50] LEN: 12 | HEX: FA 76 FE EB 66 F3 90 F7 56 64 BB FF | T:3689452 RPD:1
[CH: 50] LEN: 12 | HEX: FA 76 FE EA 67 FB 90 FF 8A 81 BF BF | T:3689482 RPD:1
[CH: 50] LEN: 12 | HEX: FA 76 FE E9 64 FB 90 FF FA 8F AF BF | T:3689512 RPD:1
[CH: 50] LEN: 12 | HEX: F2 76 EA E8 65 FB 90 FF 23 6A AF EB | T:3689542 RPD:1
[CH: 50] LEN: 12 | HEX: EA 76 FE E7 6A F3 90 F5 12 75 BA D5 | T:3689572 RPD:1
[CH: 50] LEN: 12 | HEX: FA 76 F5 E6 6B FB 90 FF 4E 98 BB 7F | T:3689602 RPD:1
[CH: 50] LEN: 12 | HEX: FA 76 FE E5 68 EB 90 EA 3B 96 AF AF | T:3689632 RPD:1
[CH: 50] LEN: 12 | HEX: FA 76 FE E4 69 F3 90 FF E7 73 BE F7 | T:3689662 RPD:1
[CH: 50] LEN: 12 | HEX: F2 76 FE E3 6E F3 90 FF 71 8A BF DA | T:3689692 RPD:1
[CH: 50] LEN: 12 | HEX: FA 76 F6 E2 6F F7 90 FF 0D 6F 3F FA | T:3689722 RPD:1
[CH: 50] LEN: 12 | HEX: FA 76 FE E1 6C FB 90 FF 78 61 A7 FF | T:3689752 RPD:1
[CH: 50] LEN: 12 | HEX: FA 76 FE E0 6D F3 90 FF A4 84 AF FE | T:3689782 RPD:1
[CH: 50] LEN: 12 | HEX: FA 76 FE DF 52 FB 90 EB 35 94 AF DF | T:3689812 RPD:1
[CH: 50] LEN: 12 | HEX: F2 76 FE FE 73 DB 90 FE B6 8B FF F7 | T:3689842 RPD:1
[CH: 50] LEN: 12 | HEX: FA 76 FA F9 70 F3 90 FF 23 85 AF C1 | T:3689846 RPD:1
[CH: 50] LEN: 12 | HEX: FA 76 FE FA 71 F3 90 FF 7D 60 BE FB | T:3689849 RPD:1
[CH: 50] LEN: 12 | HEX: FA 76 FE FB 76 FB 90 FF 49 99 BD F6 | T:3689860 RPD:1
[CH: 50] LEN: 12 | HEX: FA 76 FE FA 77 FB 90 FF 95 74 AA DF | T:3689860 RPD:1
[CH: 50] LEN: 12 | HEX: FA 76 F6 F9 74 F3 90 F5 20 72 BF FF | T:3689887 RPD:1
[CH: 50] LEN: 12 | HEX: FA 76 FE F8 75 FB 90 FF 3C 97 AF FF | T:3689917 RPD:1
[CH: 50] LEN: 12 | HEX: FA 76 F6 F7 7A F3 90 FB 0D 80 A7 FB | T:3689947 RPD:1
[CH: 50] LEN: 12 | HEX: FA 76 FE F6 73 DB 90 FF 51 65 AF 7F | T:3689977 RPD:1
[CH: 50] LEN: 12 | HEX: F2 76 F5 F5 78 FB 90 FF 24 6B AD FF | T:3690007 RPD:1
[CH: 50] LEN: 12 | HEX: FA 76 FA F4 79 F7 90 F7 F8 8E B7 FF | T:3690037 RPD:1
[CH: 50] LEN: 12 | HEX: F2 76 FE F3 7C FB 90 FF 6E 77 BD FF | T:3690067 RPD:1
[CH: 50] LEN: 12 | HEX: F2 76 FE E2 7D AB 90 FF 12 92 BE FF | T:3690097 RPD:1
[CH: 50] LEN: 12 | HEX: FA 76 FE F1 7C FB 90 FF 67 9C BF FF | T:3690127 RPD:1
[CH: 50] LEN: 12 | HEX: F2 76 FE F0 7D DB 90 FF BB 79 BD DD | T:3690157 RPD:1
[CH: 50] LEN: 12 | HEX: FA 76 FE EF 62 F7 90 FF 15 93 BD DF | T:3690187 RPD:1
[CH: 50] LEN: 12 | HEX: FA 76 FE EE 63 EB 90 F7 69 76 BB FF | T:3690217 RPD:1
[CH: 50] LEN: 12 | HEX: FA 76 FE ED 60 F3 90 EE B8 78 BF FF | T:3690247 RPD:1
[CH: 50] LEN: 12 | HEX: FA 76 FA EC 61 FB 90 FF 60 9D BB EF | T:3690277 RPD:1
[CH: 50] LEN: 12 | HEX: FA 76 FE EB 66 F3 90 FE 56 64 BB AB | T:3690307 RPD:1
[CH: 50] LEN: 12 | HEX: F6 76 FE E9 64 FB 90 FF AF 8F 37 F5 | T:3690367 RPD:1
[CH: 50] LEN: 12 | HEX: FA 76 F4 E8 65 F3 90 FF 23 6A AA FD | T:3690397 RPD:1
[CH: 50] LEN: 12 | HEX: FA 76 F6 E7 6A FB 90 FF 92 7D AF 7D | T:3690427 RPD:1
[CH: 50] LEN: 12 | HEX: FA 76 FE E6 6B FB 90 FF 4E 98 BF D4 | T:3690456 RPD:1
[CH: 50] LEN: 12 | HEX: FA 76 FE E5 68 FB 90 FF 3B 96 AE ED | T:3690486 RPD:1
[CH: 50] LEN: 12 | HEX: FA 76 FE E4 69 FB 90 F7 57 73 AF EF | T:3690516 RPD:1
[CH: 50] LEN: 12 | HEX: FA 7E FE E3 6E FB 90 FF D1 8A BC DD | T:3690546 RPD:1
[CH: 50] LEN: 12 | HEX: F2 76 FE E2 6F FB 90 FF 0D 6F BF FF | T:3690576 RPD:1
[CH: 50] LEN: 12 | HEX: FA 76 FE E1 6C FB 90 F7 7C 61 AB DF | T:3690606 RPD:1
[CH: 50] LEN: 12 | HEX: FA 76 F4 E0 6D FB 90 FF E4 84 AF DF | T:3690636 RPD:1
[CH: 50] LEN: 12 | HEX: FA 76 FC DE 52 FB 90 FF 35 94 B7 FC | T:3690666 RPD:1
[CH: 50] LEN: 12 | HEX: FA 76 FE FE 73 FB 90 F7 B6 8B AF 7B | T:3690696 RPD:1
[CH: 50] LEN: 12 | HEX: FA 76 FA F9 70 F3 90 FF 23 85 AF BA | T:3690700 RPD:1
[CH: 50] LEN: 12 | HEX: F2 76 FE F4 71 EB 90 FF 7F 60 BF D7 | T:3690704 RPD:1
[CH: 50] LEN: 12 | HEX: F2 76 FE FB 76 F3 90 FF 49 99 BD DF | T:3690715 RPD:1
[CH: 50] LEN: 12 | HEX: FA 76 F6 FA 77 D3 90 FF 55 74 AB F7 | T:3690716 RPD:1
[CH: 50] LEN: 12 | HEX: FA 76 FE F1 74 F3 90 EF 50 72 AF 99 | T:3690742 RPD:1
[CH: 50] LEN: 12 | HEX: FA 76 FE F0 75 FB 90 F5 3C 97 BF DF | T:3690772 RPD:1
[CH: 50] LEN: 12 | HEX: F2 76 F6 F7 72 FB 90 FF CD 80 BA FF | T:3690802 RPD:1
[CH: 50] LEN: 12 | HEX: FA 76 FE F6 7B FB 90 FF 51 65 B7 BF | T:3690832 RPD:1
[CH: 50] LEN: 12 | HEX: FA 76 FE F5 78 EB 90 EF 24 6B BA FB | T:3690862 RPD:1
[CH: 50] LEN: 12 | HEX: FA 76 FC F4 79 FB 90 FA F8 8E AF E9 | T:3690892 RPD:1
[CH: 50] LEN: 12 | HEX: F2 76 FE F3 7B FB 90 FF AE 77 AF BF | T:3690922 RPD:1
[CH: 50] LEN: 12 | HEX: FA 7E FE F2 7B EB 90 FE 12 92 BD FF | T:3690952 RPD:1
[CH: 50] LEN: 12 | HEX: FA 76 FE F1 7C F3 90 F7 67 9C BB DF | T:3690982 RPD:1
[CH: 50] LEN: 12 | HEX: EE 76 FE F0 79 FB 90 FF BB 79 BE FE | T:3691012 RPD:1
[CH: 50] LEN: 12 | HEX: FA 76 FE EF 62 F3 90 FA 95 93 BF BF | T:3691042 RPD:1
[CH: 50] LEN: 12 | HEX: FA 76 FE EE 63 FB 90 FD C9 76 AB ED | T:3691072 RPD:1
[CH: 50] LEN: 12 | HEX: FA 76 FE ED 60 FB 90 FF BC 78 BF BF | T:3691102 RPD:1
[CH: 50] LEN: 12 | HEX: F2 76 FE EC 61 DB 90 EA 60 9D BF F6 | T:3691132 RPD:1
[CH: 50] LEN: 12 | HEX: F2 76 FE EB 66 F3 90 F7 56 64 BF FF | T:3691162 RPD:1
[CH: 50] LEN: 12 | HEX: FA 76 FA EA 67 BB 90 EF 4A 81 BD FE | T:3691192 RPD:1
[CH: 50] LEN: 12 | HEX: FA 76 FE E9 64 FB 90 FF AB 8F AF ED | T:3691222 RPD:1
[CH: 50] LEN: 12 | HEX: FA 76 F6 E8 65 FB 90 FF 23 6A BE BF | T:3691252 RPD:1
[CH: 50] LEN: 12 | HEX: F2 76 FE E7 6A F3 90 FB 92 7D BF FF | T:3691282 RPD:1
[CH: 50] LEN: 12 | HEX: F2 76 F5 E6 6B BB 90 FF 4E 98 BF AF | T:3691312 RPD:1
[CH: 50] LEN: 12 | HEX: FA 76 FC E5 68 FB 90 FF 3B 96 BD FF | T:3691342 RPD:1
[CH: 50] LEN: 12 | HEX: FA 76 FE E4 69 EB 90 F4 E7 F3 BF F7 | T:3691372 RPD:1
[CH: 50] LEN: 12 | HEX: FA 76 FE E3 6F FB 90 FD 91 8A AF FF | T:3691402 RPD:1
[CH: 50] LEN: 12 | HEX: FA 76 FB E2 6F F7 90 F7 0D 6E BF FF | T:3691432 RPD:1
[CH: 50] LEN: 12 | HEX: FA 76 FA E1 6C FB 90 FB 78 61 BF FE | T:3691462 RPD:1
[CH: 50] LEN: 12 | HEX: F2 7E F6 E0 6D FB 90 FF E4 84 BF FF | T:3691492 RPD:1
[CH: 50] LEN: 12 | HEX: FA 76 FE DF 52 FB 90 FF 35 94 BB FF | T:3691522 RPD:1
[CH: 50] LEN: 12 | HEX: FA 76 FE FE 73 FB 90 FF B6 8B AB 7F | T:3691552 RPD:1
[CH: 50] LEN: 12 | HEX: FA 76 F4 F5 70 FB 90 F7 23 85 BF 7E | T:3691555 RPD:1
[CH: 50] LEN: 12 | HEX: F2 76 FC FC 71 F3 90 FF 7F 60 AB FF | T:3691559 RPD:1
[CH: 50] LEN: 12 | HEX: F2 76 FE FA 77 5B 90 FF 55 7A BF F7 | T:3691571 RPD:1
[CH: 50] LEN: 12 | HEX: FA 76 F6 F9 74 FB 90 FF D0 72 AF FF | T:3691597 RPD:1
[CH: 50] LEN: 12 | HEX: FA 76 FE F8 75 F7 90 FF 3C 97 BD FD | T:3691627 RPD:1
[CH: 50] LEN: 12 | HEX: FA 76 FE F7 7A FB 90 FB 0D 80 AF DF | T:3691657 RPD:1
[CH: 50] LEN: 12 | HEX: F2 76 FE F6 7B FB 90 FF 51 65 BF DB | T:3691687 RPD:1
[CH: 50] LEN: 12 | HEX: FA 76 F6 F5 78 F3 90 FF 24 6B FF E1 | T:3691717 RPD:1
[CH: 50] LEN: 12 | HEX: FA 76 FA E4 71 FB 90 FF D4 8E BF EF | T:3691747 RPD:1
[CH: 50] LEN: 12 | HEX: FA 76 FE F3 7D FB B0 FF AE 77 BB FB | T:3691777 RPD:1
[CH: 50] LEN: 12 | HEX: FA 76 FE F2 7F D3 90 FF 12 92 AF FF | T:3691807 RPD:1
[CH: 50] LEN: 12 | HEX: F2 76 FA F1 7C F3 90 F7 67 1C AE FF | T:3691837 RPD:1
[CH: 50] LEN: 12 | HEX: FA 76 FE F0 79 FB 90 FF BB 79 AF FF | T:3691866 RPD:1
[CH: 50] LEN: 12 | HEX: FA 76 FE EF 62 FB 90 FF 15 93 BF FF | T:3691896 RPD:1
[CH: 50] LEN: 12 | HEX: FA 76 F4 EE 63 FB 90 FF 49 76 BC FB | T:3691926 RPD:1
[CH: 50] LEN: 12 | HEX: FA 76 FE ED 60 FB 90 FB BC 78 BB FF | T:3691956 RPD:1
[CH: 50] LEN: 12 | HEX: FA 76 FC EC 61 FB 90 FF 60 9D BB FF | T:3691986 RPD:1
[CH: 50] LEN: 12 | HEX: F2 76 F6 EB 66 FB 90 FF 56 64 BB FD | T:3692016 RPD:1
[CH: 50] LEN: 12 | HEX: FA 76 FE EA 67 BB 90 F7 4A 81 AF FF | T:3692046 RPD:1
[CH: 50] LEN: 12 | HEX: F2 76 F6 E9 64 EB 90 FF 5F 8F EB BE | T:3692076 RPD:1
[CH: 50] LEN: 12 | HEX: FA 76 FE E8 65 F3 90 F7 23 6A BF F7 | T:3692106 RPD:1
[CH: 50] LEN: 12 | HEX: FA 76 F6 E7 6A FB 90 FF 92 7D BF B7 | T:3692136 RPD:1
[CH: 50] LEN: 12 | HEX: FA 76 FE E6 6B EB 90 F7 4F 98 BF FB | T:3692166 RPD:1
[CH: 50] LEN: 12 | HEX: FA 76 F6 E5 68 F3 90 FA 3B 96 BD DF | T:3692196 RPD:1
[CH: 50] LEN: 12 | HEX: FA 76 FA E4 69 FB 90 FF A7 73 BB FD | T:3692226 RPD:1
[CH: 50] LEN: 12 | HEX: FA 7E FE E3 6E FB 90 FF D1 8A AF FF | T:3692256 RPD:1
[CH: 50] LEN: 12 | HEX: FA 76 FE E2 6F F7 90 F7 0D 6F BF EF | T:3692286 RPD:1
[CH: 50] LEN: 12 | HEX: F2 76 FE E1 6C FB 90 F5 78 61 BF F7 | T:3692316 RPD:1
[CH: 50] LEN: 12 | HEX: FA 76 FE E0 6D FB 90 FF A4 84 BF EB | T:3692346 RPD:1
[CH: 50] LEN: 12 | HEX: FA 76 FA DD 52 EB 90 FF B5 94 AF FD | T:3692376 RPD:1
[CH: 50] LEN: 12 | HEX: FA 76 FE FE 73 DB 90 FF B6 8B FE FF | T:3692406 RPD:1
[CH: 50] LEN: 12 | HEX: F2 76 FE ED 70 FB 90 F7 A3 85 AE FF | T:3692410 RPD:1
[CH: 50] LEN: 12 | HEX: EA 76 EE E8 71 DA 90 F5 77 60 AF EF | T:3692413 RPD:1
[CH: 50] LEN: 12 | HEX: FA 76 FA F3 76 FB 90 FF 49 99 BF F7 | T:3692424 RPD:1
[CH: 50] LEN: 12 | HEX: FA 76 FE F2 77 FB 90 FF 95 7C BF FF | T:3692424 RPD:1
[CH: 50] LEN: 12 | HEX: FA 76 FE F9 74 FB 90 FB 50 72 BA FF | T:3692450 RPD:1
[CH: 50] LEN: 12 | HEX: F2 76 FC F0 7D D3 90 EB 3C 97 2B E9 | T:3692480 RPD:1
[CH: 50] LEN: 12 | HEX: FA 76 EA F7 7A F3 90 FF 4D 80 BD FB | T:3692510 RPD:1
[CH: 50] LEN: 12 | HEX: F2 76 FD F6 7B DB 90 FF 51 65 AE E7 | T:3692540 RPD:1
[CH: 50] LEN: 12 | HEX: F2 76 F6 F5 78 F3 90 FF 24 6B BF FF | T:3692570 RPD:1
[CH: 50] LEN: 12 | HEX: FA 76 F5 F4 79 FB 90 FF 58 8E BF DF | T:3692600 RPD:1
[CH: 50] LEN: 12 | HEX: FA 76 FA F3 7C F3 90 FF CE 77 7F FF | T:3692630 RPD:1
[CH: 50] LEN: 12 | HEX: FA 76 F6 F2 7D AB 90 FE 92 92 BF F3 | T:3692660 RPD:1
[CH: 50] LEN: 12 | HEX: F2 76 FC F1 7C F3 90 FF 67 5C BF BF | T:3692690 RPD:1
[CH: 50] LEN: 12 | HEX: FA 66 FE F0 79 F3 90 FB 3B 79 AD FF | T:3692720 RPD:1
[CH: 50] LEN: 12 | HEX: FA 76 FE EF 62 FB 90 FF 15 93 AF FF | T:3692750 RPD:1
[CH: 50] LEN: 12 | HEX: FA 76 FA EE 63 D3 90 FF C9 76 BD DF | T:3692780 RPD:1
[CH: 50] LEN: 12 | HEX: FA 76 FE ED 60 FB 90 F7 BC 78 AF FD | T:3692810 RPD:1
[CH: 50] LEN: 12 | HEX: F2 76 FE EC 61 EB 90 EF 60 9D BD FF | T:3692840 RPD:1
[CH: 50] LEN: 12 | HEX: FA 76 F6 EB 66 FB 90 FF 56 64 BF FF | T:3692870 RPD:1
[CH: 50] LEN: 12 | HEX: FA 76 FE EA 67 FB B0 FB 0A 81 BF F7 | T:3692899 RPD:1
[CH: 50] LEN: 12 | HEX: FA 76 FE E9 64 FB 90 FF 2F 8F 3D EB | T:3692929 RPD:1
[CH: 50] LEN: 12 | HEX: FA 76 FE E8 65 FB 90 FF 23 6A AB F7 | T:3692959 RPD:1
[CH: 50] LEN: 12 | HEX: FA 76 FA E7 6A F3 90 FF 92 79 AB 5D | T:3692989 RPD:1
[CH: 50] LEN: 12 | HEX: FA 76 FE E6 6B FB 90 FF 4E 98 BF 6D | T:3693019 RPD:1
[CH: 50] LEN: 12 | HEX: FA 76 FE E4 69 FB 90 FF E7 73 BF FB | T:3693079 RPD:1
[CH: 50] LEN: 12 | HEX: FA 76 FE E3 6E F3 90 F7 71 8A AF EF | T:3693109 RPD:1
[CH: 50] LEN: 12 | HEX: FA 76 FE E2 6F FB 90 FF 0D 6F BF FF | T:3693139 RPD:1
[CH: 50] LEN: 12 | HEX: FA 76 FE E1 6C F3 90 FB 78 61 B7 FF | T:3693169 RPD:1
[CH: 50] LEN: 12 | HEX: FA 76 FE E0 6D FB 90 FF A4 84 AD FF | T:3693199 RPD:1
[CH: 50] LEN: 12 | HEX: FA 76 FE DF 52 EB 90 F5 35 94 AD 7F | T:3693229 RPD:1
[CH: 50] LEN: 12 | HEX: F2 76 F5 FE 73 FB 90 F7 56 8B FF FF | T:3693259 RPD:1
[CH: 50] LEN: 12 | HEX: F2 76 F6 FD 70 F3 90 FF A3 85 BE FF | T:3693263 RPD:1
[CH: 50] LEN: 12 | HEX: F2 76 FE F4 71 EF 90 F6 FF 60 BF BF | T:3693266 RPD:1
[CH: 50] LEN: 12 | HEX: F2 76 FE FB 76 FB 90 FF 49 99 BF BF | T:3693277 RPD:1
[CH: 50] LEN: 12 | HEX: FA 76 FE FA 77 FB 90 FB 55 74 AF DF | T:3693277 RPD:1
[CH: 50] LEN: 12 | HEX: FA 76 FE F9 74 FB B0 FF F0 72 AB 5D | T:3693304 RPD:1
[CH: 50] LEN: 12 | HEX: FA 76 FA F0 75 FB 90 F7 3C 97 AF FD | T:3693334 RPD:1
[CH: 50] LEN: 12 | HEX: F2 76 FE F7 72 FB 90 EE CD 80 BF FF | T:3693364 RPD:1
[CH: 50] LEN: 12 | HEX: FA 76 FA F6 7B DB 90 FF 51 65 BD FB | T:3693394 RPD:1
[CH: 50] LEN: 12 | HEX: F2 76 FE F5 78 E7 90 EA A4 6B AF 7F | T:3693424 RPD:1
[CH: 50] LEN: 12 | HEX: FA 76 FD F4 79 FB 90 FF A8 8E AF FF | T:3693454 RPD:1
[CH: 50] LEN: 12 | HEX: FA 76 FE F3 7B FB 90 FF 2E 77 BB FF | T:3693484 RPD:1
[CH: 50] LEN: 12 | HEX: FA 76 FA F2 7B EB 90 FF 12 92 BF D5 | T:3693514 RPD:1
[CH: 50] LEN: 12 | HEX: FA 76 FB F1 78 FB 90 FF 67 9C B7 FF | T:3693544 RPD:1
[CH: 50] LEN: 12 | HEX: FA 76 FE F0 7D FB 90 FF 3B 79 AB FF | T:3693574 RPD:1
[CH: 50] LEN: 12 | HEX: FA 76 FE EF 62 F3 90 EE 95 93 BF FF | T:3693604 RPD:1
[CH: 50] LEN: 12 | HEX: FA 76 FE ED 60 F3 90 FF BC 70 BF FB | T:3693664 RPD:1
[CH: 50] LEN: 12 | HEX: FA 76 FA EC 61 FB 90 FF 60 9F BD FB | T:3693694 RPD:1
[CH: 50] LEN: 12 | HEX: F2 7E FE EB 66 FB 90 F6 56 64 BD 6F | T:3693724 RPD:1
[CH: 50] LEN: 12 | HEX: FA 76 FE EA 67 AB 90 FD 8A 81 AD FF | T:3693754 RPD:1
[CH: 50] LEN: 12 | HEX: FA 76 FE E9 64 FB 90 FF AF 8F 3D BF | T:3693784 RPD:1
[CH: 50] LEN: 12 | HEX: F2 76 EA E8 65 F7 90 FF 23 6A BA FF | T:3693814 RPD:1
[CH: 50] LEN: 12 | HEX: F2 76 FE E7 6A F3 90 FF 92 79 BD FB | T:3693844 RPD:1
[CH: 50] LEN: 12 | HEX: FA 76 FE E6 6B FB 90 FF 4E 98 BF FD | T:3693874 RPD:1
[CH: 50] LEN: 12 | HEX: FA 76 F6 E5 68 F3 90 FB 3B 96 B7 75 | T:3693904 RPD:1
[CH: 50] LEN: 12 | HEX: FA 7E EE E4 69 EB 90 FF A7 73 BF FF | T:3693934 RPD:1
[CH: 50] LEN: 12 | HEX: F6 76 F6 E3 6E FB 90 FF 51 8A AD FF | T:3693964 RPD:1
[CH: 50] LEN: 12 | HEX: FA 76 FE E2 6F EB 90 FE 8D 6F BF EC | T:3693993 RPD:1
[CH: 50] LEN: 12 | HEX: F2 76 FE E1 6C FB 90 FF 78 61 AD FF | T:3694023 RPD:1
[CH: 50] LEN: 12 | HEX: EA 76 F5 E0 6D FB 90 EF 64 84 BB F7 | T:3694053 RPD:1
[CH: 50] LEN: 12 | HEX: F6 76 FE DE D2 FB 90 FF 35 94 AF F5 | T:3694083 RPD:1
[CH: 50] LEN: 12 | HEX: FA 76 EE FE 73 DB 90 F7 D6 8B EF FF | T:3694113 RPD:1
[CH: 50] LEN: 12 | HEX: FA 76 FE F9 70 F3 90 FF A3 85 BE ED | T:3694117 RPD:1
[CH: 50] LEN: 12 | HEX: F2 76 FA F4 71 FB 90 F7 7F 60 AF FF | T:3694121 RPD:1
[CH: 50] LEN: 12 | HEX: FA 76 FC FB 76 FB 90 FF 49 99 AF FF | T:3694132 RPD:1
[CH: 50] LEN: 12 | HEX: FA 76 FE FA 77 FB 90 FF 15 68 BD A7 | T:3694133 RPD:1
[CH: 50] LEN: 12 | HEX: F2 76 FA F9 74 FB 90 FF D0 72 AB FD | T:3694159 RPD:1
[CH: 50] LEN: 12 | HEX: F2 76 F6 F8 75 FB 90 F7 3C 97 BF 7F | T:3694189 RPD:1
[CH: 50] LEN: 12 | HEX: F6 76 F4 F7 72 FB 90 EF 8D 80 BB FF | T:3694219 RPD:1
[CH: 50] LEN: 12 | HEX: FA 76 F6 F6 7B FB 90 F7 D1 65 BF F7 | T:3694249 RPD:1
[CH: 50] LEN: 12 | HEX: FA 76 FE F5 78 FB 90 FF 24 6B BD EB | T:3694279 RPD:1
[CH: 50] LEN: 12 | HEX: F2 76 FE F4 79 F3 90 FF B8 8E BF F7 | T:3694309 RPD:1
[CH: 50] LEN: 12 | HEX: FA 76 FC F3 7C FB 90 FF CE 77 3D FF | T:3694339 RPD:1
[CH: 50] LEN: 12 | HEX: F6 76 FE F2 7F F3 90 F6 12 92 BB 7F | T:3694369 RPD:1
[CH: 50] LEN: 12 | HEX: FA 76 FE F1 78 FB 90 FF 67 9C BF AF | T:3694399 RPD:1
[CH: 50] LEN: 12 | HEX: FA 76 FE F0 7D FB 90 FF BB 79 AE FF | T:3694429 RPD:1
[CH: 50] LEN: 12 | HEX: FA 76 FE EF 62 FB 90 FF 15 93 AF BD | T:3694459 RPD:1
[CH: 50] LEN: 12 | HEX: F2 76 FE ED 60 F3 90 EF BC 78 BD 9F | T:3694519 RPD:1
[CH: 50] LEN: 12 | HEX: F2 7B D7 00 81 FB 90 F7 AB DA BA FF | T:3694749 RPD:1
[CH: 50] LEN: 12 | HEX: FA 7B BF 00 81 FB 90 EF 5B FA BF BE | T:3694750 RPD:1
[CH: 50] LEN: 12 | HEX: F9 77 DE FE FE 70 90 F7 89 8A BF BF | T:3694780 RPD:1
[CH: 50] LEN: 12 | HEX: F9 77 DB FD EE 73 90 FF 3A 08 BF FF | T:3694783 RPD:1
[CH: 50] LEN: 12 | HEX: E9 77 94 E8 EE 62 90 FF E3 69 BF FF | T:3694786 RPD:1
[CH: 50] LEN: 12 | HEX: F9 77 AE F3 FE 75 90 FF 41 2D AF DA | T:3694798 RPD:1
[CH: 50] LEN: 12 | HEX: F9 77 BC FC FE 70 90 FF 89 8A A7 F7 | T:3694798 RPD:0
[CH: 50] LEN: 12 | HEX: F9 77 DC F5 EA 73 90 FF 3E 08 AF FF | T:3694809 RPD:1
[CH: 50] LEN: 12 | HEX: F1 77 FD F4 FE 72 90 FF E3 69 BF FF | T:3694820 RPD:1
[CH: 50] LEN: 12 | HEX: F9 77 DC FB FE 75 90 EF 41 2D BB FE | T:3694821 RPD:0
[CH: 50] LEN: 12 | HEX: F1 77 BD FC F4 72 90 FF 63 69 BF FF | T:3694832 RPD:1
[CH: 50] LEN: 12 | HEX: F9 77 FB F8 EE 72 90 FF A3 69 BF FF | T:3694832 RPD:0
[CH: 50] LEN: 12 | HEX: F1 77 FE FB FE 75 90 FF 41 2D BF FF | T:3694844 RPD:1
[CH: 50] LEN: 12 | HEX: F9 77 FD F8 FE 72 90 FF A3 69 BF BD | T:3694844 RPD:0
[CH: 50] LEN: 12 | HEX: F9 77 FA F3 FE 75 90 FE C1 2D BF FF | T:3694855 RPD:1
[CH: 50] LEN: 12 | HEX: F9 77 DD F8 FE 72 90 FF A3 69 BD EF | T:3694866 RPD:1
[CH: 50] LEN: 12 | HEX: F9 77 FB F3 DE 75 90 F5 41 2D AF FF | T:3694867 RPD:0
[CH: 50] LEN: 12 | HEX: F9 77 DE F4 F5 7A 90 FF A3 69 AF FF | T:3694878 RPD:1
[CH: 50] LEN: 12 | HEX: F9 77 FE FD FE 73 90 FF 3C 08 AF FF | T:3694878 RPD:0
[CH: 50] LEN: 12 | HEX: F9 77 FD FC EE 76 90 F7 A3 69 BF 7F | T:3694890 RPD:1
[CH: 50] LEN: 12 | HEX: F9 77 BF F9 FE 73 90 FF 3C 08 BE BD | T:3694901 RPD:1
[CH: 50] LEN: 12 | HEX: F9 77 FE FC FA 72 90 EB A3 69 B6 EB | T:3694901 RPD:0
[CH: 50] LEN: 12 | HEX: F9 77 FE FD FE 73 90 FF 3E 08 BE EB | T:3694912 RPD:1
[CH: 50] LEN: 12 | HEX: F1 77 FE F9 FE 73 90 F5 3E 08 BF 7A | T:3694913 RPD:0
[CH: 50] LEN: 12 | HEX: F1 77 FF FC F4 72 90 FF A3 69 AF 7D | T:3694924 RPD:1
[CH: 50] LEN: 12 | HEX: F9 77 DC FD FE 7B 90 FF 3E 08 AF FD | T:3694924 RPD:0
[CH: 50] LEN: 12 | HEX: F1 77 FD FC F6 72 90 FF E3 69 BF F7 | T:3694936 RPD:1
[CH: 50] LEN: 12 | HEX: F9 77 FA FD FE 73 90 FE 3E 08 AD F9 | T:3694947 RPD:1
[CH: 50] LEN: 12 | HEX: F1 77 FA FC F6 72 90 FF A3 69 AE BF | T:3694947 RPD:0
[CH: 50] LEN: 12 | HEX: F9 77 FE FE FE 70 90 FF 49 8A AF FC | T:3694958 RPD:1
[CH: 50] LEN: 12 | HEX: F1 77 FE FE FE 70 90 FF 89 8A AE ED | T:3694959 RPD:0
[CH: 50] LEN: 12 | HEX: F9 77 FB F5 F6 73 90 FF 3E 08 AF 7B | T:3694970 RPD:1
[CH: 50] LEN: 12 | HEX: F1 77 BA EE F6 70 90 EF 09 8A AF ED | T:3694981 RPD:1
[CH: 50] LEN: 12 | HEX: F9 77 FE F5 FE 73 90 FF 3E 08 BF EF | T:3694982 RPD:0
[CH: 50] LEN: 12 | HEX: F9 77 FE FE FE 70 90 FB 89 8A AB AF | T:3694993 RPD:1
[CH: 50] LEN: 12 | HEX: F9 77 FA FE FE 70 90 FF 09 8A AF BA | T:3694993 RPD:1
[CH: 50] LEN: 12 | HEX: F9 77 BC FD FE 73 90 FF 3E 08 BB EF | T:3695004 RPD:1
[CH: 50] LEN: 12 | HEX: F9 77 AE FD FE 70 90 F5 89 8A BE DB | T:3695016 RPD:1
[CH: 50] LEN: 12 | HEX: F9 77 FE FD FE 73 90 FF 3C 08 BD EF | T:3695016 RPD:0
[CH: 50] LEN: 12 | HEX: F1 77 FB FB FE 75 90 EE 41 2D B7 FF | T:3695027 RPD:1
[CH: 50] LEN: 12 | HEX: F9 77 FE FB EE 75 90 FB 41 2D AE FF | T:3695027 RPD:0
[CH: 50] LEN: 12 | HEX: F9 77 FE FE FE 70 90 FF 89 8A BB FA | T:3695039 RPD:1
[CH: 50] LEN: 12 | HEX: F9 77 7C EB DE 75 90 EB 41 2D BE FF | T:3695039 RPD:0
[CH: 50] LEN: 12 | HEX: F1 77 BA EE EE 70 90 FF 09 8A AF F6 | T:3695050 RPD:1
[CH: 50] LEN: 12 | HEX: F9 77 AE FB DE 75 90 FF 41 2D AF FF | T:3695062 RPD:1
[CH: 50] LEN: 12 | HEX: F1 7F AE FE FE 70 90 FF 89 8A AD D7 | T:3695062 RPD:1
[CH: 50] LEN: 12 | HEX: F1 77 FD FB FE 75 90 FE 41 2D AF BF | T:3695073 RPD:1
[CH: 50] LEN: 12 | HEX: F9 77 FE FC FE F6 90 FF A3 69 BF FF | T:3695073 RPD:0
[CH: 50] LEN: 12 | HEX: F9 77 DE FB FE 75 90 FB 41 2D BF FF | T:3695085 RPD:1
[CH: 50] LEN: 12 | HEX: F1 77 FE FC FE 72 90 F7 A3 69 BB F7 | T:3695096 RPD:1
[CH: 50] LEN: 12 | HEX: F9 7F DE FB FE 75 90 F5 41 2D BF FF | T:3695096 RPD:0
[CH: 50] LEN: 12 | HEX: F1 77 DE FC FE 72 90 F5 A3 69 AD DE | T:3695108 RPD:1
[CH: 50] LEN: 12 | HEX: F9 77 DC FC FE 72 90 FF A3 69 BF FF | T:3695108 RPD:0
[CH: 50] LEN: 12 | HEX: F9 77 EE FB FE 75 90 FB 41 2D AF AF | T:3695119 RPD:1
[CH: 50] LEN: 12 | HEX: F1 77 FE F4 FE 72 90 FF A3 69 AF 7F | T:3695119 RPD:0
[CH: 50] LEN: 12 | HEX: F9 77 FE EF DD 75 90 FE 41 2D AF FF | T:3695131 RPD:1
[CH: 50] LEN: 12 | HEX: F1 77 FD F8 EA 72 90 FF A3 69 AF FF | T:3695142 RPD:1
[CH: 50] LEN: 12 | HEX: F9 77 DE FB FE 75 90 FF 41 2D B7 FF | T:3695142 RPD:0
[CH: 50] LEN: 12 | HEX: F9 77 FE FC FE 72 90 FF E3 69 AF ED | T:3695154 RPD:1
[CH: 50] LEN: 12 | HEX: F1 77 FE FD FE 73 90 F6 3E 08 AF FD | T:3695154 RPD:0
[CH: 50] LEN: 12 | HEX: F9 77 AE FA FE 7A 90 FF A3 69 AF FD | T:3695165 RPD:1
[CH: 50] LEN: 12 | HEX: F9 77 F6 FD FE 73 90 FF 3C 08 BE BF | T:3695176 RPD:1
[CH: 50] LEN: 12 | HEX: F9 77 FE FC F6 72 90 FF A3 69 BF FF | T:3695177 RPD:0
[CH: 50] LEN: 12 | HEX: F9 77 BE F9 FE 73 90 FD 3C 08 AF FF | T:3695188 RPD:1
[CH: 50] LEN: 12 | HEX: F1 77 DE FD FF 73 90 FF 3E 08 AF FF | T:3695188 RPD:0
[CH: 50] LEN: 12 | HEX: F1 77 D6 FC FA 72 90 FF A3 69 AF FB | T:3695200 RPD:1
[CH: 50] LEN: 12 | HEX: F9 77 FC FD FE 73 90 FF 3E 08 BE FE | T:3695211 RPD:1
[CH: 50] LEN: 12 | HEX: F1 77 DF FC FE 72 90 FF 63 69 BF FF | T:3695211 RPD:0
[CH: 50] LEN: 12 | HEX: F1 77 BC F5 FE 70 90 FF 89 8A BF 7F | T:3695222 RPD:1
[CH: 50] LEN: 12 | HEX: F9 77 FE FD FE 70 90 FF 89 8A BB F7 | T:3695223 RPD:0
[CH: 50] LEN: 12 | HEX: F9 77 FE FD FE 73 90 F6 3E 08 BB FA | T:3695234 RPD:1
[CH: 50] LEN: 12 | HEX: F9 77 FE FE FA 70 90 FF 89 8A BE F7 | T:3695234 RPD:0
[CH: 50] LEN: 12 | HEX: F9 77 FF FD EE 73 90 FF 3E 08 B5 FF | T:3695246 RPD:1
[CH: 50] LEN: 12 | HEX: F9 77 DD FE ED 70 90 FF 89 8A AF FB | T:3695257 RPD:1
[CH: 50] LEN: 12 | HEX: F1 77 BA F5 FE 73 90 FF 3E 08 BF BD | T:3695257 RPD:0
[CH: 50] LEN: 12 | HEX: F9 77 FF FE FE 70 90 FF 89 8A BE FF | T:3695268 RPD:1
[CH: 50] LEN: 12 | HEX: F5 77 BD FE EA 70 90 F5 49 8A AF FF | T:3695269 RPD:0
[CH: 50] LEN: 12 | HEX: F1 77 BB F5 F6 73 90 FB 3E 08 AB FE | T:3695280 RPD:1
[CH: 50] LEN: 12 | HEX: F9 77 FD F3 FE 75 90 FF 41 2D AF FE | T:3695291 RPD:1
[CH: 50] LEN: 12 | HEX: F1 77 B5 FA FE 70 90 FF 89 8A BF FF | T:3695292 RPD:0
[CH: 50] LEN: 12 | HEX: F5 77 F6 F3 FA 7D 90 F7 41 2D AF FF | T:3695303 RPD:1
[CH: 50] LEN: 12 | HEX: F9 77 BD F3 FE 75 90 FF 41 2D AD BD | T:3695303 RPD:0
[CH: 50] LEN: 12 | HEX: F9 77 FC FC FE 70 90 FF 89 8A AD FB | T:3695314 RPD:1
[CH: 50] LEN: 12 | HEX: F9 77 BF FB DE 75 90 F5 41 2D BF BD | T:3695315 RPD:0
[CH: 50] LEN: 12 | HEX: F1 77 FD FE FE 70 90 F7 89 8A BE FF | T:3695326 RPD:1
[CH: 50] LEN: 12 | HEX: F9 77 BD F3 DC 75 90 ED 41 2D BF DF | T:3695337 RPD:1
[CH: 50] LEN: 12 | HEX: F9 77 B6 FE FE 70 90 FF 89 8A BE EF | T:3695337 RPD:0
[CH: 50] LEN: 12 | HEX: ED 77 FC EB FC 75 90 FF 41 2D B7 BF | T:3695349 RPD:1
[CH: 50] LEN: 12 | HEX: F9 77 FA FC F4 72 90 FF 63 69 AF FF | T:3695349 RPD:0
[CH: 50] LEN: 12 | HEX: F9 77 DC F3 FE 75 90 FF 41 2D BF FF | T:3695360 RPD:1
[CH: 50] LEN: 12 | HEX: F9 77 DD FC FE 72 90 F7 A3 69 AF EF | T:3695372 RPD:1
[CH: 50] LEN: 12 | HEX: F9 77 DD FB FC 75 90 FF 41 2D AB 7F | T:3695372 RPD:0
[CH: 50] LEN: 12 | HEX: F1 77 FD FC FE 72 90 FF A3 69 BD EB | T:3695383 RPD:1
[CH: 50] LEN: 12 | HEX: F1 77 DF FC F6 72 90 F6 A3 69 B7 F5 | T:3695383 RPD:0
[CH: 50] LEN: 12 | HEX: F9 77 FE F3 FE 75 90 FF 41 2D BF FF | T:3695395 RPD:1
[CH: 50] LEN: 12 | HEX: F9 77 DE F4 FE 72 90 FF A3 69 BE FF | T:3695406 RPD:1
[CH: 50] LEN: 12 | HEX: F1 77 FD FB FE 75 90 F5 41 2D AF FF | T:3695406 RPD:0
[CH: 50] LEN: 12 | HEX: F9 77 FC F4 FE 72 90 FD A3 69 AF F7 | T:3695418 RPD:1
[CH: 50] LEN: 12 | HEX: F9 77 FA FD FE 73 90 FF 3C 08 BE FF | T:3695418 RPD:0
[CH: 50] LEN: 12 | HEX: F9 77 FB FC EA 72 90 EE E3 69 BF DF | T:3695429 RPD:1
[CH: 50] LEN: 12 | HEX: F1 77 FE FD ED 73 90 F7 3E 08 AF 9D | T:3695429 RPD:0
[CH: 50] LEN: 12 | HEX: F1 77 FE FC EE 72 90 EA A3 69 AA FE | T:3695441 RPD:1
[CH: 50] LEN: 12 | HEX: F9 77 FA FD EC 73 90 FF 3C 08 AF BE | T:3695452 RPD:1
[CH: 50] LEN: 12 | HEX: F9 77 FE FC FE 72 90 FF A3 69 AF FF | T:3695452 RPD:0
[CH: 50] LEN: 12 | HEX: F9 77 DB FD FE 73 90 FF 3C 08 AF FB | T:3695464 RPD:1
[CH: 50] LEN: 12 | HEX: F9 77 FF FD FE 73 90 F7 3C 08 AF FD | T:3695464 RPD:0
[CH: 50] LEN: 12 | HEX: F9 77 BC FC FE 72 90 F7 A3 69 BF FF | T:3695475 RPD:1
[CH: 50] LEN: 12 | HEX: F9 77 DE FD FE 73 90 FF 3E 08 AF 5B | T:3695486 RPD:1
[CH: 50] LEN: 12 | HEX: E9 77 BC FC FE 72 90 F7 A3 69 BB EF | T:3695487 RPD:0
[CH: 50] LEN: 12 | HEX: F9 77 DB FE FE 70 90 FF C9 8A AE FB | T:3695498 RPD:1
[CH: 50] LEN: 12 | HEX: F9 77 DB FD FD 70 90 FF 89 8A BF D7 | T:3695498 RPD:0
[CH: 50] LEN: 12 | HEX: F9 77 DC FD FE 73 90 FA 3E 08 BF 7F | T:3695510 RPD:1
[CH: 50] LEN: 12 | HEX: F9 77 FD F4 FE 70 90 FB 89 8A AF FB | T:3695510 RPD:0
[CH: 50] LEN: 12 | HEX: F9 77 FD FD FE 73 90 FF 3E 08 AF 7E | T:3695521 RPD:1
[CH: 50] LEN: 12 | HEX: F1 77 DA FE FE 70 90 F7 89 8A AD FF | T:3695532 RPD:1
[CH: 50] LEN: 12 | HEX: F9 77 AC F9 FE 73 90 FF 3A 08 BF FF | T:3695533 RPD:0
[CH: 50] LEN: 12 | HEX: F9 77 FB FE FE 70 90 F7 49 8A AE FE | T:3695544 RPD:1
[CH: 50] LEN: 12 | HEX: E9 77 FD F5 F5 78 90 FF 89 8A BF 5E | T:3695544 RPD:0
[CH: 50] LEN: 12 | HEX: F9 77 7B F5 FE 73 90 FF 3C 08 BF 7F | T:3695555 RPD:1
[CH: 50] LEN: 12 | HEX: F1 77 7A F3 FE 75 90 FF 41 2D B7 FF | T:3695567 RPD:1
[CH: 50] LEN: 12 | HEX: F9 77 FD F4 FE 70 90 F7 09 8A BD D6 | T:3695567 RPD:0
[CH: 50] LEN: 12 | HEX: F1 77 FB FB FE 75 90 FF 41 2D BD 77 | T:3695578 RPD:1
[CH: 50] LEN: 12 | HEX: F1 77 DE FB FE 75 90 F7 41 2D BF FF | T:3695579 RPD:0
[CH: 50] LEN: 12 | HEX: F1 77 FF FE FA 78 90 FF 89 8A BF 7F | T:3695590 RPD:1
[CH: 50] LEN: 12 | HEX: F1 7F FD FB DD 75 90 FF 41 2D BB FA | T:3695601 RPD:1
[CH: 50] LEN: 12 | HEX: F9 77 FE FE FA 70 90 FF 89 8A AF 7B | T:3695601 RPD:1
[CH: 50] LEN: 12 | HEX: F1 77 FC F3 FC 75 90 F7 41 2D BB 7B | T:3695613 RPD:1
[CH: 50] LEN: 12 | HEX: F9 77 FB F4 FE 72 90 FE A3 69 AF FF | T:3695613 RPD:0
[CH: 50] LEN: 12 | HEX: F9 77 FA FB FE 75 90 FF 41 2D B7 FF | T:3695624 RPD:1
[CH: 50] LEN: 12 | HEX: F9 77 D6 F8 FE 72 90 FF A3 69 B7 FF | T:3695625 RPD:0
[CH: 50] LEN: 12 | HEX: F9 77 FF FB F6 75 90 FF 41 2D AD FF | T:3695636 RPD:1
[CH: 50] LEN: 12 | HEX: F9 77 F5 F8 FB 72 90 FF A3 69 AF 7F | T:3695647 RPD:1
[CH: 50] LEN: 12 | HEX: F9 77 FE FB FE 7D 90 FF 41 2D BF DA | T:3695647 RPD:0
[CH: 50] LEN: 12 | HEX: F3 77 FE FC F6 72 90 F5 A3 69 BF FF | T:3695659 RPD:1
[CH: 50] LEN: 12 | HEX: F9 77 DC FA FE 72 90 FF A3 69 BF BE | T:3695659 RPD:0
[CH: 50] LEN: 12 | HEX: F9 77 FE FB FE 75 90 FF 41 2D AE BF | T:3695670 RPD:1
[CH: 50] LEN: 12 | HEX: F9 77 FD FC FE 72 90 FF A3 69 AF 5E | T:3695682 RPD:1
[CH: 50] LEN: 12 | HEX: F9 77 FA FB F4 75 90 F5 41 2D AE BF | T:3695682 RPD:0
[CH: 50] LEN: 12 | HEX: F9 77 BE F4 FE 72 90 F7 23 69 BF FF | T:3695693 RPD:1
[CH: 50] LEN: 12 | HEX: F9 77 FF FD FE 73 90 F7 3E 08 AF F7 | T:3695693 RPD:0
[CH: 50] LEN: 12 | HEX: F9 77 FB F4 F6 72 90 FF A3 69 BB FF | T:3695705 RPD:1
[CH: 50] LEN: 12 | HEX: F9 77 DD FD FC 63 90 FF 3C 08 BF FF | T:3695705 RPD:0
[CH: 50] LEN: 12 | HEX: F9 77 FF F8 FB 72 90 FF E3 69 BF BF | T:3695716 RPD:1
[CH: 50] LEN: 12 | HEX: F9 77 DD FD EA 73 90 F5 3C 08 BF DD | T:3695728 RPD:1
[CH: 50] LEN: 12 | HEX: F9 77 F5 F4 FE 72 90 F5 A3 69 BF F5 | T:3695728 RPD:0
[CH: 50] LEN: 12 | HEX: F9 77 ED F9 FE 73 90 F7 3E 08 BB 7F | T:3695739 RPD:1
[CH: 50] LEN: 12 | HEX: F9 77 DE FD FE 73 90 FF 3C 08 AF DD | T:3695739 RPD:1
[CH: 50] LEN: 12 | HEX: F1 77 FE F8 F6 72 90 F7 63 69 AE FF | T:3695751 RPD:1
[CH: 50] LEN: 12 | HEX: F9 77 FE FE FE 70 90 FF 89 8A AF EE | T:3695762 RPD:1
[CH: 50] LEN: 12 | HEX: E9 77 FD F5 FE 73 90 FF 3E 08 BD DF | T:3695762 RPD:0
[CH: 50] LEN: 12 | HEX: F9 77 DE F6 FE 70 90 FF 89 8A AF FB | T:3695774 RPD:1
[CH: 50] LEN: 12 | HEX: F1 77 DF FE FE 70 90 FF 49 8A A5 75 | T:3695774 RPD:0
[CH: 50] LEN: 12 | HEX: F1 77 F6 FC FE 72 90 FF A3 69 AF FB | T:3695785 RPD:1
[CH: 50] LEN: 12 | HEX: F1 7F DD FD FE 70 90 FF 89 8A AB FA | T:3695796 RPD:1
[CH: 50] LEN: 12 | HEX: F9 77 FD FD FE 73 90 FF 3C 08 AE FD | T:3695797 RPD:0
[CH: 50] LEN: 12 | HEX: F9 77 FE FE FE 70 90 F7 89 8A BB FD | T:3695808 RPD:1
[CH: 50] LEN: 12 | HEX: F1 77 FE F6 EA 70 90 FF 89 8A AB 5B | T:3695808 RPD:0
[CH: 50] LEN: 12 | HEX: F9 77 DC F5 FE 73 90 FF 3E 08 BF F7 | T:3695819 RPD:1
[CH: 50] LEN: 12 | HEX: F9 77 DD FB DC 75 90 FF 41 2D BB F7 | T:3695820 RPD:0
[CH: 50] LEN: 12 | HEX: F9 77 FB FE FE 70 90 F7 49 8A AF 77 | T:3695831 RPD:1
[CH: 50] LEN: 12 | HEX: F9 77 D4 FB EE 75 90 F6 41 2D AF F7 | T:3695842 RPD:1
[CH: 50] LEN: 12 | HEX: F9 77 DE FE FE 70 90 FF 89 8A BF ED | T:3695843 RPD:0
[CH: 50] LEN: 12 | HEX: F1 77 FE FC FE 70 90 FF 89 8A BD AF | T:3695854 RPD:1
[CH: 50] LEN: 12 | HEX: F1 77 BD FB FE 75 90 FF 41 2D AD F4 | T:3695854 RPD:0
[CH: 50] LEN: 12 | HEX: F9 77 FA FE FC 70 90 FF 89 8A B7 F7 | T:3695865 RPD:1
[CH: 50] LEN: 12 | HEX: F9 77 BB FB FE 75 90 FF 41 2D AB FF | T:3695877 RPD:1
[CH: 50] LEN: 12 | HEX: F1 77 FD F6 FE 70 90 FF 09 8A BD BF | T:3695877 RPD:0
[CH: 50] LEN: 12 | HEX: F9 77 FB FB FE 75 90 FB 41 2D AF FE | T:3695888 RPD:1
[CH: 50] LEN: 12 | HEX: F9 77 DE FC FE 72 90 FF A3 69 AF EF | T:3695889 RPD:0
[CH: 50] LEN: 12 | HEX: F9 77 BB F3 DE 75 90 F7 41 2D BF 86 | T:3695900 RPD:1
[CH: 50] LEN: 12 | HEX: F9 77 5B F3 EE 75 90 FF C1 2D B7 FF | T:3695900 RPD:0
[CH: 50] LEN: 12 | HEX: F9 77 5B F6 FE 70 90 F7 49 8A BB EF | T:3695911 RPD:1
[CH: 50] LEN: 12 | HEX: F9 77 FD FC FE 72 90 FF E3 69 AF FB | T:3695923 RPD:1
[CH: 50] LEN: 12 | HEX: F1 77 FE FE FE 70 90 F7 09 8A AF B7 | T:3695923 RPD:0
[CH: 50] LEN: 12 | HEX: F9 77 FE FC FE 72 90 FF A3 69 BF BF | T:3695934 RPD:1
[CH: 50] LEN: 12 | HEX: F9 77 FE FC FE 72 90 F5 A3 69 AF 7C | T:3695935 RPD:0
[CH: 50] LEN: 12 | HEX: F9 77 FB FB FE 75 90 FF 41 2D BE F7 | T:3695946 RPD:1
[CH: 50] LEN: 12 | HEX: F1 77 DD FC EA 72 90 FF A3 69 BF 7F | T:3695957 RPD:1
[CH: 50] LEN: 12 | HEX: F9 77 DB FB FE 75 90 F5 41 2D BE BB | T:3695957 RPD:0
[CH: 50] LEN: 12 | HEX: F1 77 FE FD FA 73 90 FF 3C 08 BB FD | T:3695969 RPD:1
[CH: 50] LEN: 12 | HEX: F9 77 FD F5 D6 73 90 FF 3E 08 BD FD | T:3695969 RPD:0
[CH: 50] LEN: 12 | HEX: F9 77 F6 E8 FE 72 90 FE A3 69 AF FE | T:3695980 RPD:1
[CH: 50] LEN: 12 | HEX: F9 77 DD FD FE 73 90 FF 3C 08 BF EE | T:3695992 RPD:1
[CH: 50] LEN: 12 | HEX: F9 77 DA FB DD 75 90 F7 41 2D AF EF | T:3695992 RPD:0
[CH: 50] LEN: 12 | HEX: F9 77 DE FD EA 73 90 FB 3E 08 BF FF | T:3696003 RPD:1
[CH: 50] LEN: 12 | HEX: F9 77 D4 FD FE 73 90 FF 3E 08 BF F7 | T:3696003 RPD:0
[CH: 50] LEN: 12 | HEX: F9 77 FA F8 FE 72 90 EB 23 69 BE DD | T:3696015 RPD:1
[CH: 50] LEN: 12 | HEX: F9 77 FC FD EE 73 90 FF 3C 08 BB F7 | T:3696015 RPD:0
[CH: 50] LEN: 12 | HEX: F9 77 EC F4 FE 72 90 FB A3 69 BF BF | T:3696026 RPD:1
[CH: 50] LEN: 12 | HEX: F9 77 FE FE FE 70 90 F5 89 8A AB 7C | T:3696037 RPD:1
[CH: 50] LEN: 12 | HEX: F1 77 FD FD F6 73 90 F6 3C 08 AF DF | T:3696038 RPD:0
[CH: 50] LEN: 12 | HEX: F9 77 FD FE FE 70 90 F7 C9 8A AF FF | T:3696049 RPD:1
[CH: 50] LEN: 12 | HEX: F9 77 FD FE FE 70 90 FF 89 8A AF FB | T:3696049 RPD:0
[CH: 50] LEN: 12 | HEX: F9 77 DE FD FE 73 90 FF 3E 08 BF EF | T:3696061 RPD:1
[CH: 50] LEN: 12 | HEX: F1 77 AA F5 FE 70 90 F7 C9 8A AF AE | T:3696072 RPD:1
[CH: 50] LEN: 12 | HEX: F9 7F FC FD FE 73 90 FE BE 08 BF FF | T:3696072 RPD:1
[CH: 50] LEN: 12 | HEX: F9 77 DD FC EA 70 90 FF 89 8A AF AE | T:3696083 RPD:1
[CH: 50] LEN: 12 | HEX: F9 77 FB FE FE 70 90 FF 89 8A AD BF | T:3696084 RPD:0
[CH: 50] LEN: 12 | HEX: F9 77 FA F9 F6 73 90 FF 3E 08 AE EF | T:3696095 RPD:1
[CH: 50] LEN: 12 | HEX: F1 77 D5 EB DE 75 90 FF 41 2D AF D5 | T:3696095 RPD:0
[CH: 50] LEN: 12 | HEX: F9 77 FE FE FE 70 90 FF C9 8A AF B2 | T:3696107 RPD:1
[CH: 50] LEN: 12 | HEX: F9 77 DE FB FE 75 90 FF 41 2D BF 6D | T:3696118 RPD:1
[CH: 50] LEN: 12 | HEX: F9 77 FE FE FE 70 90 FF 89 8A BF F7 | T:3696118 RPD:0
[CH: 50] LEN: 12 | HEX: F9 77 FD FB FE 75 90 FF 41 2D AE F7 | T:3696129 RPD:1
[CH: 50] LEN: 12 | HEX: F9 77 BD FB FE 75 90 FF 41 2D AA DB | T:3696130 RPD:0
[CH: 50] LEN: 12 | HEX: F9 77 FD FE FE 70 90 FF 89 8A AF FE | T:3696141 RPD:1
[CH: 50] LEN: 12 | HEX: F1 77 FE FB FF 75 90 FF 41 2D BF 76 | T:3696152 RPD:1
[CH: 50] LEN: 12 | HEX: F1 77 F5 EE FE 70 90 FF C9 8A BD BB | T:3696153 RPD:0
[CH: 50] LEN: 12 | HEX: F9 77 BD F3 FC 75 90 F5 41 2D BF FF | T:3696164 RPD:1
[CH: 50] LEN: 12 | HEX: F9 77 FC F4 FE 72 90 FF E3 69 BF FF | T:3696164 RPD:0
[CH: 50] LEN: 12 | HEX: F9 77 DE FB EE 75 90 FD 41 2D BB AE | T:3696175 RPD:1
[CH: 50] LEN: 12 | HEX: F9 77 FE F8 F6 72 90 EF 63 69 BE FB | T:3696187 RPD:1
[CH: 50] LEN: 12 | HEX: F9 77 FE FB FE 75 90 FF 41 2D BF FF | T:3696187 RPD:0
[CH: 50] LEN: 12 | HEX: E9 77 FD FC FE 72 90 FF A3 69 BF FF | T:3696198 RPD:1
[CH: 50] LEN: 12 | HEX: F9 77 DA FC FF 72 90 FF A3 69 AF BE | T:3696198 RPD:0
[CH: 50] LEN: 12 | HEX: F9 77 DB FB FE 75 90 FA 41 2D B7 FF | T:3696210 RPD:1
[CH: 50] LEN: 12 | HEX: F1 77 B5 FC FA 72 90 F7 23 69 AF F5 | T:3696210 RPD:0
[CH: 50] LEN: 12 | HEX: F9 77 DE FB FE 75 90 FF 41 2D BF BA | T:3696221 RPD:1
[CH: 50] LEN: 12 | HEX: F1 77 FA EC FE 72 90 FF A3 69 BB FB | T:3696233 RPD:0
[CH: 50] LEN: 12 | HEX: F1 77 FD FB FC 75 90 FF 41 2D BF FF | T:3696233 RPD:0
[CH: 50] LEN: 12 | HEX: F1 77 DA 80 00 79 90 F7 36 F3 EF FF | T:3696250 RPD:1
[CH: 50] LEN: 12 | HEX: F9 77 FE 80 00 71 90 EF 36 F3 BD FB | T:3696251 RPD:1
[CH: 50] LEN: 12 | HEX: F0 6D FF 00 FE F3 90 FF 74 99 AF BB | T:3696281 RPD:1
[CH: 50] LEN: 12 | HEX: F8 6D F6 00 FE FB 90 F7 74 99 AA FF | T:3696282 RPD:1
[CH: 50] LEN: 12 | HEX: F9 77 DD 00 00 71 90 F7 36 F3 AF 7F | T:3696550 RPD:1
[CH: 50] LEN: 12 | HEX: F9 77 FD 00 00 71 90 FF 36 F3 BF FF | T:3696551 RPD:1
[CH: 50] LEN: 12 | HEX: F8 6D FF 80 FE F3 90 FF 74 99 BD 7F | T:3696581 RPD:1
[CH: 50] LEN: 12 | HEX: F0 6D F6 00 FE F3 90 FF 74 99 B5 F7 | T:3696581 RPD:1
[CH: 50] LEN: 12 | HEX: F1 77 FD 80 00 71 90 FF 36 F3 BF 7B | T:3696850 RPD:1
[CH: 50] LEN: 12 | HEX: F9 77 D6 80 00 71 90 EE 36 E3 FF EF | T:3696851 RPD:1
[CH: 50] LEN: 12 | HEX: F0 6D FF 00 FF FB 90 FB 74 99 B7 EF | T:3696881 RPD:1
[CH: 50] LEN: 12 | HEX: F8 6D FF 00 FE FB 90 FF 74 99 AF FE | T:3696881 RPD:1
[CH: 50] LEN: 12 | HEX: F9 77 BA 00 00 71 90 FF 36 F3 B7 FF | T:3697150 RPD:1
[CH: 50] LEN: 12 | HEX: F1 77 BD 00 00 71 90 F6 36 F3 BF EF | T:3697150 RPD:1
[CH: 50] LEN: 12 | HEX: F0 6D D7 00 FE FB 90 F5 74 99 BF D5 | T:3697180 RPD:1
[CH: 50] LEN: 12 | HEX: F8 6D EE 00 FE F3 90 F5 74 99 AE EB | T:3697181 RPD:1
[CH: 50] LEN: 12 | HEX: F9 77 5D 00 00 71 90 FF 36 F3 BF FF | T:3697449 RPD:1
[CH: 50] LEN: 12 | HEX: F1 77 FD 00 00 71 90 F7 36 F3 AD FF | T:3697450 RPD:1
[CH: 50] LEN: 12 | HEX: F8 6D EE 00 FE FB 90 FB 7C 99 BF FF | T:3697480 RPD:1
[CH: 50] LEN: 12 | HEX: F8 6D FE 80 FA FB 90 EF 74 99 BF FF | T:3697481 RPD:1
[CH: 50] LEN: 12 | HEX: F9 77 EE 00 00 71 90 F6 36 F3 BD BB | T:3697749 RPD:1
[CH: 50] LEN: 12 | HEX: F1 77 FF 00 00 71 90 F7 36 F3 AB FF | T:3697750 RPD:1
[CH: 50] LEN: 12 | HEX: F0 6D FF 00 F6 FB 90 FF 74 99 BF BF | T:3697780 RPD:1
[CH: 50] LEN: 12 | HEX: F0 6D FF 00 F6 FB 90 FF 74 99 BA FF | T:3697780 RPD:1
[CH: 50] LEN: 12 | HEX: F9 77 FD 00 00 71 90 FF 36 F3 BF FE | T:3698049 RPD:1
[CH: 50] LEN: 12 | HEX: F9 77 FA 00 00 71 90 FE B6 F3 BE DA | T:3698050 RPD:1
[CH: 50] LEN: 12 | HEX: F8 6D FE 00 FE FB 90 FF 74 99 BF F7 | T:3698079 RPD:1
[CH: 50] LEN: 12 | HEX: F0 6D FE 00 F4 F3 90 FF 74 99 BF 77 | T:3698080 RPD:1
[CH: 50] LEN: 12 | HEX: F1 77 BF 00 00 71 90 FF 36 F3 AF FB | T:3698349 RPD:1
[CH: 50] LEN: 12 | HEX: F5 77 BA 00 00 71 90 FE 36 F3 AB FF | T:3698349 RPD:1
[CH: 50] LEN: 12 | HEX: F8 6D F6 00 F5 FB 90 EA F4 99 BD FF | T:3698379 RPD:1
[CH: 50] LEN: 12 | HEX: F8 6D EB 00 FC FB 90 FF 74 99 AF FB | T:3698380 RPD:1
[CH: 50] LEN: 12 | HEX: F9 77 DD 00 00 71 90 FF 36 F3 BF FF | T:3698648 RPD:1
[CH: 50] LEN: 12 | HEX: F1 77 FD 00 00 71 90 FA 36 F3 BF 75 | T:3698649 RPD:1
[CH: 50] LEN: 12 | HEX: F0 6D EB 00 FE F3 90 F7 74 99 AE F6 | T:3698679 RPD:1
[CH: 50] LEN: 12 | HEX: F8 6D FF 00 FA F3 90 FF 74 99 BF F7 | T:3698680 RPD:1
[CH: 50] LEN: 12 | HEX: F9 77 FF 80 00 71 90 FF 36 F3 B6 FF | T:3698948 RPD:1
[CH: 50] LEN: 12 | HEX: E9 77 D7 00 00 75 90 FF 36 F3 AF F7 | T:3698949 RPD:1
[CH: 50] LEN: 12 | HEX: F8 6D FF 00 FE FB 90 FF 74 99 AF FF | T:3698979 RPD:1
[CH: 50] LEN: 12 | HEX: F8 6D FF 00 FE FB 90 FF 74 99 AF FF | T:3698979 RPD:1
[CH: 50] LEN: 12 | HEX: F9 77 AD 00 00 71 90 FF 36 F3 BF 7F | T:3699248 RPD:1
[CH: 50] LEN: 12 | HEX: F9 77 DC 00 00 71 90 FB 36 E3 BF BF | T:3699249 RPD:1
[CH: 50] LEN: 12 | HEX: F0 6D FF 00 F4 F3 90 FA F4 99 BF 7A | T:3699278 RPD:1
[CH: 50] LEN: 12 | HEX: F8 6D DF 00 FE F3 90 F5 74 99 AF ED | T:3699279 RPD:1
[CH: 50] LEN: 12 | HEX: F9 77 FD 00 00 71 90 FA B6 F3 BF FB | T:3699548 RPD:1
[CH: 50] LEN: 12 | HEX: E9 77 F4 80 00 71 90 F6 36 F3 AE EF | T:3699548 RPD:1
[CH: 50] LEN: 12 | HEX: E8 6D F6 00 F6 F3 90 FF 74 99 BA DF | T:3699578 RPD:1
[CH: 50] LEN: 12 | HEX: F0 6D EA 00 FE FB 90 FF 74 99 BF FE | T:3699579 RPD:1
[CH: 50] LEN: 12 | HEX: F9 77 FE 80 00 71 90 FF 36 F3 AF EB | T:3699847 RPD:1
[CH: 50] LEN: 12 | HEX: F9 77 F7 00 00 71 90 FF 36 F3 AF F6 | T:3699848 RPD:1
[CH: 50] LEN: 12 | HEX: F8 6D FF 00 FA F3 90 FF 74 99 BF FF | T:3699878 RPD:1
[CH: 50] LEN: 12 | HEX: F8 6D FD 00 FE FB 90 FF 74 99 BF EB | T:3699879 RPD:1
[CH: 50] LEN: 12 | HEX: F1 77 BA 80 00 71 90 F7 36 F3 AB F6 | T:3700147 RPD:1
[CH: 50] LEN: 12 | HEX: F1 77 BE 80 00 71 90 FF 36 F3 AF F7 | T:3700148 RPD:1
[CH: 50] LEN: 12 | HEX: F8 6D FF 00 FA FB 90 FF 74 99 BD EA | T:3700178 RPD:1
[CH: 50] LEN: 12 | HEX: F4 6D FF 00 FE FB 90 FF 74 99 AB FD | T:3700178 RPD:1
[CH: 50] LEN: 12 | HEX: F1 77 BD 00 00 71 90 EA B6 FB BF FF | T:3700447 RPD:1
[CH: 50] LEN: 12 | HEX: F1 77 EF 00 00 71 90 FF 36 F3 BE E8 | T:3700448 RPD:1
[CH: 50] LEN: 12 | HEX: F0 6D ED 80 F4 F3 90 FF 74 99 AE BF | T:3700477 RPD:1
[CH: 50] LEN: 12 | HEX: F8 6D FF 00 F4 FB 90 FF 74 99 BD 5A | T:3700478 RPD:1
[CH: 50] LEN: 12 | HEX: F1 77 FA 00 00 71 90 FE B6 EB FB 55 | T:3700747 RPD:1
[CH: 50] LEN: 12 | HEX: F9 77 DD 00 00 71 90 F7 36 F3 AF DF | T:3700747 RPD:1
[CH: 50] LEN: 12 | HEX: F0 6D FF 00 FE FB 90 FF 74 99 BF DF | T:3700777 RPD:1
[CH: 50] LEN: 12 | HEX: F0 6D FF 00 F4 FB 90 FB 74 99 AF FF | T:3700778 RPD:1
[CH: 50] LEN: 12 | HEX: FA 76 F7 00 8C FB 90 EB 28 76 BF FB | T:3700891 RPD:1
[CH: 50] LEN: 12 | HEX: F2 76 F6 00 8C FB 90 EF 28 76 AF FF | T:3700892 RPD:1
[CH: 50] LEN: 12 | HEX: FA 76 FA FA 7B FB 90 FF 56 8B A9 FF | T:3700922 RPD:1
[CH: 50] LEN: 12 | HEX: F2 76 FE FD 70 FB 90 FF E3 85 AF 7B | T:3700925 RPD:1
[CH: 50] LEN: 12 | HEX: FA 76 FC FC 71 FB 90 F6 7F 60 BE FF | T:3700929 RPD:1
[CH: 50] LEN: 12 | HEX: FA 76 FE F3 76 FB 90 FF 49 99 AF B6 | T:3700941 RPD:1
[CH: 50] LEN: 12 | HEX: FA 76 FE FA 77 FB 90 FF 95 78 BF BE | T:3700941 RPD:1
[CH: 50] LEN: 12 | HEX: FA 76 FE F9 74 F3 90 FF B0 72 BF FF | T:3700968 RPD:1
[CH: 50] LEN: 12 | HEX: F2 76 FC E8 75 F3 D0 FB 3C 97 BB FF | T:3700997 RPD:1
[CH: 50] LEN: 12 | HEX: EA 76 F6 F7 72 FB 90 FF 4D 80 AE BF | T:3701027 RPD:1
[CH: 50] LEN: 12 | HEX: FA 76 EE FE 73 DB 90 F7 51 65 BF BE | T:3701057 RPD:1
[CH: 50] LEN: 12 | HEX: F2 76 FE F5 78 F3 90 EA 24 6B EF FD | T:3701087 RPD:1
[CH: 50] LEN: 12 | HEX: F2 76 FC F4 71 FB 90 F7 58 8E AA D6 | T:3701117 RPD:1
[CH: 50] LEN: 12 | HEX: FA 76 FE F3 7C F3 90 F7 AE 77 AF F7 | T:3701147 RPD:1
[CH: 50] LEN: 12 | HEX: FA 76 FC F2 7F D7 90 FF 12 92 AB FF | T:3701177 RPD:1
[CH: 50] LEN: 12 | HEX: FA 76 FE F1 7C FB 90 FF 67 9C BF DA | T:3701207 RPD:1
[CH: 50] LEN: 12 | HEX: FA 76 FA F0 79 FB 90 FF BB 79 AF DF | T:3701237 RPD:1
[CH: 50] LEN: 12 | HEX: F2 76 FE EF 62 FB 90 FF 15 93 AF FF | T:3701267 RPD:1
[CH: 50] LEN: 12 | HEX: FA 76 FA EE 63 DB 90 EF 49 76 BD FF | T:3701297 RPD:1
[CH: 50] LEN: 12 | HEX: F2 7E FE ED 60 FB 90 F7 B8 74 BF EF | T:3701327 RPD:1
[CH: 50] LEN: 12 | HEX: F2 76 FE EC 61 FB 90 FF 60 9D BF FF | T:3701357 RPD:1
[CH: 50] LEN: 12 | HEX: FA 76 FE EB 66 FB 90 FF 56 64 BE FB | T:3701387 RPD:1
[CH: 50] LEN: 12 | HEX: FA 76 FE EA 67 FB 90 F7 4A 81 BF EF | T:3701417 RPD:1
[CH: 50] LEN: 12 | HEX: F2 76 FE E9 64 FB 90 F5 EF 8F BF BF | T:3701447 RPD:1
[CH: 50] LEN: 12 | HEX: FA 76 FE E8 65 DB 90 FF 23 6A AF FF | T:3701477 RPD:1
[CH: 50] LEN: 12 | HEX: F2 76 FA EF 6A FB 90 FD 92 7D BF 5F | T:3701507 RPD:1
[CH: 50] LEN: 12 | HEX: FA 76 FE F6 6B BB 90 F6 4E 98 AD FE | T:3701537 RPD:1
[CH: 50] LEN: 12 | HEX: FA 76 FE E5 68 F3 90 F5 3B 96 BF F7 | T:3701567 RPD:1
[CH: 50] LEN: 12 | HEX: F6 76 FE E4 69 FB 90 FF 47 73 FF FF | T:3701597 RPD:1
[CH: 50] LEN: 12 | HEX: FA 76 FE E3 6E F3 90 F7 B1 8A AA AA | T:3701627 RPD:1
[CH: 50] LEN: 12 | HEX: FA 76 FA E2 6F 6B 90 FF 0D 6F 3D FD | T:3701657 RPD:1
[CH: 50] LEN: 12 | HEX: EE 76 FE E1 6C EB 90 F7 78 61 BF FF | T:3701687 RPD:1
[CH: 50] LEN: 12 | HEX: F2 76 FA E0 6D FB 90 FF A4 84 BD BB | T:3701717 RPD:1
[CH: 50] LEN: 12 | HEX: EE 76 FE FE 73 FB 90 FF D6 8B BF DF | T:3701777 RPD:1
[CH: 50] LEN: 12 | HEX: FA 76 FE F5 70 F7 90 FB A3 85 AF 6F | T:3701781 RPD:1
[CH: 50] LEN: 12 | HEX: FA 76 FE FC 71 FB 90 FF 7F 60 AF DF | T:3701785 RPD:1
[CH: 50] LEN: 12 | HEX: FA 76 FE FB 76 FB 90 FF 49 99 BF FB | T:3701796 RPD:1
[CH: 50] LEN: 12 | HEX: F2 76 FE F2 77 DB 90 FF 55 78 AE FF | T:3701796 RPD:1
[CH: 50] LEN: 12 | HEX: FA 76 FE F9 74 FB 90 FF A0 72 AF B7 | T:3701823 RPD:1
[CH: 50] LEN: 12 | HEX: FA 7E F6 F8 75 D3 90 F6 BC 97 3F B6 | T:3701853 RPD:1
[CH: 50] LEN: 12 | HEX: FA 76 FE F7 7A FB 90 FF 8D 80 BF FB | T:3701883 RPD:1
[CH: 50] LEN: 12 | HEX: FA 76 FE F6 7B DB 90 FE 51 65 BF BF | T:3701913 RPD:1
[CH: 50] LEN: 12 | HEX: F2 76 FE F5 78 F3 90 EE A4 6B BF FF | T:3701943 RPD:1
[CH: 50] LEN: 12 | HEX: F6 76 F6 F4 79 F3 90 FF A8 8E BF F5 | T:3701973 RPD:1
[CH: 50] LEN: 12 | HEX: F2 76 FE F3 7E FB 90 F7 AE 77 B7 B6 | T:3702003 RPD:1
[CH: 50] LEN: 12 | HEX: FA 76 EC F2 7F FB 90 FF 12 92 AD FF | T:3702033 RPD:1
[CH: 50] LEN: 12 | HEX: FA 76 F5 F1 7C F3 90 FF 67 9C AF F7 | T:3702063 RPD:1
[CH: 50] LEN: 12 | HEX: F2 76 F4 F0 79 FB 90 EF 7B 79 BF FE | T:3702093 RPD:1
[CH: 50] LEN: 12 | HEX: FA 76 FD EF 62 FB 90 FE 15 93 B7 FE | T:3702123 RPD:1
[CH: 50] LEN: 12 | HEX: FA 76 F4 EE 63 DB 90 FB C9 76 AB FF | T:3702153 RPD:1
[CH: 50] LEN: 12 | HEX: FA 76 EA ED 60 FB 90 FF 3C 78 BF EF | T:3702183 RPD:1
[CH: 50] LEN: 12 | HEX: FA 76 FC FC 61 EB 90 EA 60 9F BB FD | T:3702213 RPD:1
[CH: 50] LEN: 12 | HEX: FA 76 FE EB 66 FB 90 FF 56 64 AF DF | T:3702243 RPD:1
[CH: 50] LEN: 12 | HEX: FA 76 FE EA 67 DB 90 FF CA 81 AF DF | T:3702273 RPD:1
[CH: 50] LEN: 12 | HEX: FA 76 FE E9 64 FB 90 FF D7 8F 3F FA | T:3702303 RPD:1
[CH: 50] LEN: 12 | HEX: F2 76 F6 E8 65 FB 90 F7 23 6A BB FD | T:3702333 RPD:1
[CH: 50] LEN: 12 | HEX: FA 76 FE E7 6A EB 90 EA 92 75 BE FD | T:3702363 RPD:1
[CH: 50] LEN: 12 | HEX: FA 76 EE E6 6B FF 90 FF 4E 98 AF D7 | T:3702393 RPD:1
[CH: 50] LEN: 12 | HEX: F2 76 FE E5 68 FB 90 FF 3B 96 BD BF | T:3702423 RPD:1
[CH: 50] LEN: 12 | HEX: FA 76 FE E4 69 FB 90 FB A7 73 B7 F7 | T:3702453 RPD:1
[CH: 50] LEN: 12 | HEX: F6 76 FE E3 6E FB 90 FF B1 8A BF DF | T:3702483 RPD:1
[CH: 50] LEN: 12 | HEX: F2 76 EA E2 6F F3 90 FF 0D 6F 2F 6F | T:3702513 RPD:1
[CH: 50] LEN: 12 | HEX: FA 76 F4 E1 6C EB 90 F7 78 61 AF FB | T:3702543 RPD:1
[CH: 50] LEN: 12 | HEX: FA 76 FA E0 6D F3 90 FB A4 84 BF FF | T:3702573 RPD:1
[CH: 50] LEN: 12 | HEX: F2 76 FA DE 52 FB 90 FF 35 94 B7 C3 | T:3702603 RPD:1
[CH: 50] LEN: 12 | HEX: FA 76 F5 F4 73 FB 90 FF 76 8B AF FD | T:3702633 RPD:1
[CH: 50] LEN: 12 | HEX: FA 76 FE FD 70 FB 90 F7 A3 85 AF FF | T:3702636 RPD:1
[CH: 50] LEN: 12 | HEX: FA 76 FE FC 71 FB 90 FF 7F 60 BF BF | T:3702639 RPD:1
[CH: 50] LEN: 12 | HEX: FA 76 FE F3 76 F3 90 FE 49 99 BB FF | T:3702651 RPD:1
[CH: 50] LEN: 12 | HEX: FA 76 FE FA 77 FB 90 F7 95 74 BD BD | T:3702651 RPD:1
[CH: 50] LEN: 12 | HEX: FA 76 FE F1 74 F3 90 FF 40 72 BF FF | T:3702677 RPD:1
[CH: 50] LEN: 12 | HEX: FA 76 FE F8 75 EB 90 FD 3C 97 BE FB | T:3702707 RPD:1
[CH: 50] LEN: 12 | HEX: FA 76 F6 F7 7A FB 90 FB 8D 80 AF 7F | T:3702737 RPD:1
[CH: 50] LEN: 12 | HEX: FA 76 EA F6 7B FB 90 FF 51 65 BF FF | T:3702767 RPD:1
[CH: 50] LEN: 12 | HEX: FA 76 FE F5 78 EB 90 EA A4 6B BF 5F | T:3702797 RPD:1
[CH: 50] LEN: 12 | HEX: F2 76 F4 F4 71 FB 90 FF A8 8E BF BF | T:3702827 RPD:1
[CH: 50] LEN: 12 | HEX: FA 76 FE F3 74 FB 90 FF 4E 77 AA DF | T:3702857 RPD:1
[CH: 50] LEN: 12 | HEX: FA 76 FA F2 7F AB 90 FF 12 92 AF EF | T:3702887 RPD:1
[CH: 50] LEN: 12 | HEX: FA 76 FE F1 7C FB 90 F7 67 9C BE FE | T:3702917 RPD:1
[CH: 50] LEN: 12 | HEX: FA 76 EA F0 7D FB 90 FB BB 79 AF FF | T:3702947 RPD:1
[CH: 50] LEN: 12 | HEX: FA 76 FE EF 62 FB 90 FD 15 93 AD BF | T:3702977 RPD:1
[CH: 50] LEN: 12 | HEX: F2 76 FE EE 63 FB 90 F7 49 76 BF 7D | T:3703007 RPD:1
[CH: 50] LEN: 12 | HEX: F2 76 FA ED 60 FB 90 F7 BC 78 BE FE | T:3703037 RPD:1
[CH: 50] LEN: 12 | HEX: FA 76 F6 EC 61 D7 90 FF 60 9D BF FF | T:3703067 RPD:1
[CH: 50] LEN: 12 | HEX: FA 76 FE EB 66 FB 90 FF 56 64 B7 EF | T:3703097 RPD:1
[CH: 50] LEN: 12 | HEX: FA 76 FA EA 67 FB 90 FF 8A 81 BF FF | T:3703127 RPD:1
[CH: 50] LEN: 12 | HEX: F2 76 FE E9 64 FB 90 FF D6 8F AD 5F | T:3703157 RPD:1
[CH: 50] LEN: 12 | HEX: FA 76 FD E8 65 FB 90 FF 23 6A AA FF | T:3703187 RPD:1
[CH: 50] LEN: 12 | HEX: FA 76 FE E7 6A EB 90 EF 12 7D BF F7 | T:3703217 RPD:1
[CH: 50] LEN: 12 | HEX: FA 76 FA E6 6B FB 90 F7 4E 98 BF 7F | T:3703247 RPD:1
[CH: 50] LEN: 12 | HEX: FA 76 FE E5 68 FB 90 FA 3B 96 BF FF | T:3703277 RPD:1
[CH: 50] LEN: 12 | HEX: F2 76 FE E4 69 EB 90 F7 A7 73 B7 FF | T:3703307 RPD:1
[CH: 50] LEN: 12 | HEX: FA 76 F6 E3 6E FB 90 FF B1 8A AF EB | T:3703337 RPD:1
[CH: 50] LEN: 12 | HEX: F2 76 FE E2 6F 7B 90 FF 0D 6F 3F FF | T:3703367 RPD:1
[CH: 50] LEN: 12 | HEX: F2 76 FE E1 6C FB 90 FF 78 61 AF 9E | T:3703397 RPD:1
[CH: 50] LEN: 12 | HEX: FA 76 FC E0 6D FB 90 FF A4 84 AE EF | T:3703427 RPD:1
[CH: 50] LEN: 12 | HEX: FA 76 FE DF 52 FB 90 FF 35 94 BB FF | T:3703457 RPD:1
[CH: 50] LEN: 12 | HEX: FA 76 FE FA 73 DB 90 EF 56 8B BF DF | T:3703487 RPD:1
[CH: 50] LEN: 12 | HEX: FA 76 FE FD 70 F3 90 FF A3 85 BF DF | T:3703491 RPD:1
[CH: 50] LEN: 12 | HEX: F2 76 FE FC 79 EB B0 F5 75 60 BF FF | T:3703494 RPD:1
[CH: 50] LEN: 12 | HEX: FA 76 FE FB 76 F3 90 FF 49 99 BF FF | T:3703505 RPD:1
[CH: 50] LEN: 12 | HEX: FA 76 FE F2 77 AB 90 F7 95 7C BF EF | T:3703505 RPD:1
[CH: 50] LEN: 12 | HEX: FA 76 FD F9 74 F3 90 FF F0 72 AA FD | T:3703530 RPD:1
[CH: 50] LEN: 12 | HEX: FA 76 F5 F8 75 FB 90 FA 3E 97 BF EB | T:3703560 RPD:1
[CH: 50] LEN: 12 | HEX: F6 76 FE F7 7A FB 90 F5 8D 80 BF FF | T:3703590 RPD:1
[CH: 50] LEN: 12 | HEX: FA 76 F6 F6 73 EB 90 FE 51 65 AF FF | T:3703620 RPD:1
[CH: 50] LEN: 12 | HEX: FA 76 FE F5 70 F3 90 FF 24 6B AF FF | T:3703650 RPD:1
[CH: 50] LEN: 12 | HEX: F2 76 F6 F4 79 F3 90 F5 A8 8E BB EE | T:3703680 RPD:1
[CH: 50] LEN: 12 | HEX: FA 76 FE F3 7E FB 90 F7 4E 77 AF FB | T:3703710 RPD:1
[CH: 50] LEN: 12 | HEX: FA 76 FE F2 77 D7 90 FF 12 92 BE FF | T:3703740 RPD:1
[CH: 50] LEN: 12 | HEX: F2 76 F4 F1 78 F7 90 FE 67 9C AB FF | T:3703770 RPD:1
[CH: 50] LEN: 12 | HEX: F2 76 EE F0 7D F3 90 FF BB 79 BB EF | T:3703800 RPD:1
[CH: 50] LEN: 12 | HEX: FA 76 FE EE 62 FB 90 FA 15 93 BF FB | T:3703830 RPD:1
[CH: 50] LEN: 12 | HEX: FA 76 F4 EE 63 FB 90 EE 89 76 AF FF | T:3703860 RPD:1
[CH: 50] LEN: 12 | HEX: FA 76 F5 ED 60 FB 90 F7 BC 78 BE D7 | T:3703890 RPD:1
[CH: 50] LEN: 12 | HEX: FA 76 F6 EC 61 F3 90 FF 60 9D BF FF | T:3703920 RPD:1
[CH: 50] LEN: 12 | HEX: FA 76 FA EB 66 FB 90 FF D6 64 AE BF | T:3703950 RPD:1
[CH: 50] LEN: 12 | HEX: F2 76 EE EA 67 FB 90 FF 4A 81 AF FF | T:3703980 RPD:1
[CH: 50] LEN: 12 | HEX: F6 7E FE E9 64 FB 90 FF AF 8F 3D 7E | T:3704010 RPD:1
[CH: 50] LEN: 12 | HEX: FA 76 FA E8 65 F3 90 FF 23 6A AF B6 | T:3704040 RPD:1
[CH: 50] LEN: 12 | HEX: FA 76 FE E7 6A FB 90 FF 92 7D BF B7 | T:3704070 RPD:1
[CH: 50] LEN: 12 | HEX: FA 76 FE E6 6B FB 90 F7 4E 98 AF EF | T:3704099 RPD:1
[CH: 50] LEN: 12 | HEX: FA 76 FE E5 68 D3 10 EA BB 96 BE FF | T:3704129 RPD:1
[CH: 50] LEN: 12 | HEX: EE 76 FE E4 69 FB 90 F7 E7 73 BF FD | T:3704159 RPD:1
[CH: 50] LEN: 12 | HEX: F2 76 FE E3 6E FB 90 FA D1 8A BF BE | T:3704189 RPD:1
[CH: 50] LEN: 12 | HEX: FA 76 FE E2 6F FB 90 F5 0D 6F BF FE | T:3704219 RPD:1
[CH: 50] LEN: 12 | HEX: FA 76 F6 E1 6C FB 90 F7 78 61 BF DF | T:3704249 RPD:1
[CH: 50] LEN: 12 | HEX: FA 76 FE E0 6D F7 90 FF A4 84 BB EF | T:3704279 RPD:1
[CH: 50] LEN: 12 | HEX: FA 76 FD DF 52 FB 90 FF 35 94 AF FE | T:3704309 RPD:1
[CH: 50] LEN: 12 | HEX: FA 76 FA FE 73 FB 90 FD D6 8B BF B7 | T:3704339 RPD:1
[CH: 50] LEN: 12 | HEX: F2 76 FE FD 70 FB 90 F7 23 85 BE FD | T:3704343 RPD:1
[CH: 50] LEN: 12 | HEX: FA 76 FA F4 71 FB 90 FF 7F 60 BF FB | T:3704347 RPD:1
[CH: 50] LEN: 12 | HEX: F2 76 FA F3 76 F3 90 FB 49 99 AF F7 | T:3704358 RPD:1
[CH: 50] LEN: 12 | HEX: FA 76 F6 F2 77 FB 90 FF 55 74 AF DF | T:3704359 RPD:1
[CH: 50] LEN: 12 | HEX: F2 76 FE F1 74 FB 90 FB C0 72 BD 7D | T:3704384 RPD:1
[CH: 50] LEN: 12 | HEX: F2 76 FE F8 75 FB 90 FD 3C 97 B7 F7 | T:3704414 RPD:1
[CH: 50] LEN: 12 | HEX: FA 76 FD F7 7A FB 90 F7 8D 80 AF FF | T:3704444 RPD:1
[CH: 50] LEN: 12 | HEX: FA 76 FE F6 73 EF 90 EE D1 65 AF FF | T:3704474 RPD:1
[CH: 50] LEN: 12 | HEX: FA 76 FE F5 78 F7 90 FF 24 6B A7 EF | T:3704504 RPD:1
[CH: 50] LEN: 12 | HEX: FA 76 FA E4 79 FB 90 FF EC 8E AF DF | T:3704534 RPD:1
[CH: 50] LEN: 12 | HEX: FA 76 FE F2 7F D3 90 F7 12 92 BF FF | T:3704594 RPD:1
[CH: 50] LEN: 12 | HEX: FA 76 FE F1 7C FB 90 FF 67 9C BF FF | T:3704624 RPD:1
[CH: 50] LEN: 12 | HEX: FA 76 F5 F0 7D FB 90 FF 3B 79 AD FB | T:3704654 RPD:1
[CH: 50] LEN: 12 | HEX: FA 76 FE EF 62 FB 90 FF 15 93 BF 55 | T:3704684 RPD:1
[CH: 50] LEN: 12 | HEX: F2 76 F6 EE 63 FB 90 F7 89 76 BD FE | T:3704714 RPD:1
[CH: 50] LEN: 12 | HEX: FA 76 FE ED 60 FB 90 F7 BC 78 AF FF | T:3704744 RPD:1
[CH: 50] LEN: 12 | HEX: FA 76 F6 EC 61 FB D0 FF 60 9D AF FE | T:3704774 RPD:1
[CH: 50] LEN: 12 | HEX: F2 76 EE EB 66 FB 90 F6 56 64 BF BE | T:3704804 RPD:1
[CH: 50] LEN: 12 | HEX: F2 76 FE EA 67 BB 90 F7 8A 81 BF FF | T:3704834 RPD:1
[CH: 50] LEN: 12 | HEX: FA 76 F6 E9 64 FB 90 FF 5F 8F 37 FF | T:3704864 RPD:1
[CH: 50] LEN: 12 | HEX: FA 76 FE F8 65 EB 90 F7 23 6A AB EB | T:3704894 RPD:1
[CH: 50] LEN: 12 | HEX: FA 76 FE E7 6A F3 90 FF 52 75 BF FF | T:3704924 RPD:1
[CH: 50] LEN: 12 | HEX: F2 76 EE E6 6B DB 90 FF 4E 98 B7 FF | T:3704954 RPD:1
[CH: 50] LEN: 12 | HEX: F2 76 FE E5 68 F3 90 FF 3B 96 BB FF | T:3704984 RPD:1
[CH: 50] LEN: 12 | HEX: FA 76 FE E4 69 EF 90 FF A7 73 AF EF | T:3705014 RPD:1
[CH: 50] LEN: 12 | HEX: FA 76 FE E3 6E FB 90 FB F1 8A AF FF | T:3705044 RPD:1
[CH: 50] LEN: 12 | HEX: FA 76 FE E2 6F 73 90 FF 0D 6F AF 7A | T:3705074 RPD:1
[CH: 50] LEN: 12 | HEX: FA 76 FE E1 6C F7 90 FF 78 61 BF 7E | T:3705104 RPD:1
[CH: 50] LEN: 12 | HEX: FA 76 EA F0 6D F3 90 FF 24 84 BE EF | T:3705134 RPD:1
[CH: 50] LEN: 12 | HEX: FA 76 FE DF 52 FB 90 FF 35 94 BF FF | T:3705164 RPD:1
[CH: 50] LEN: 12 | HEX: FA 76 FA F5 73 FA 90 F5 B6 8B BF FB | T:3705194 RPD:1
[CH: 50] LEN: 12 | HEX: F6 76 FE FD 70 EB 90 F7 23 85 B7 FF | T:3705198 RPD:1
[CH: 50] LEN: 12 | HEX: FA 76 FE FC 71 F3 90 FF 7E 60 AF FF | T:3705201 RPD:1
[CH: 50] LEN: 12 | HEX: F2 76 FA FB 76 F3 90 FF 49 99 AE FF | T:3705213 RPD:1
[CH: 50] LEN: 12 | HEX: FA 76 F4 FA 77 BB 90 FB 95 74 B7 FF | T:3705213 RPD:1
[CH: 50] LEN: 12 | HEX: FA 76 FA F1 74 FB 90 FF A0 72 AF EB | T:3705240 RPD:1
[CH: 50] LEN: 12 | HEX: F2 76 FE F8 75 FB 90 FF 3C 97 BF E9 | T:3705270 RPD:1
[CH: 50] LEN: 12 | HEX: FA 76 FE F7 7A F3 90 FF CD 80 B7 7F | T:3705300 RPD:1
[CH: 50] LEN: 12 | HEX: FA 76 F4 F6 7B FB D0 FF 51 65 AA FA | T:3705330 RPD:1
[CH: 50] LEN: 12 | HEX: FA 76 FE F5 78 FB 90 F7 24 6B AE FF | T:3705360 RPD:1
[CH: 50] LEN: 12 | HEX: FA 76 FE F4 71 FB 90 FF 58 8E BF FE | T:3705390 RPD:1
[CH: 50] LEN: 12 | HEX: F2 76 FE F3 74 F3 90 FB 4E 77 BF FF | T:3705420 RPD:1
[CH: 50] LEN: 12 | HEX: FA 76 FE F2 7F 5B 90 FB 12 92 AE FD | T:3705450 RPD:1
[CH: 50] LEN: 12 | HEX: FA 76 FE F1 7C F3 90 FF 67 9C BF FD | T:3705480 RPD:1
[CH: 50] LEN: 12 | HEX: F2 76 F4 E0 79 EB 90 F6 BB 71 BF BF | T:3705510 RPD:1
[CH: 50] LEN: 12 | HEX: FA 76 FE EE 62 FB 90 FF 15 93 AE FE | T:3705540 RPD:1
[CH: 50] LEN: 12 | HEX: FA 76 FE EE 63 FB 90 FB 69 76 AF 7D | T:3705570 RPD:1
[CH: 50] LEN: 12 | HEX: FA 76 FE ED 60 F3 90 FE BC 78 BB FF | T:3705599 RPD:1
[CH: 50] LEN: 12 | HEX: FA 76 FE EC 61 FB 90 FF 60 9D AE D6 | T:3705629 RPD:1
[CH: 50] LEN: 12 | HEX: FA 76 FE EB 66 FB 90 FB 56 64 BF DF | T:3705659 RPD:1
[CH: 50] LEN: 12 | HEX: FA 76 EE EA 67 FB 90 F7 8A 81 BF BF | T:3705689 RPD:1
[CH: 50] LEN: 12 | HEX: FA 76 F6 E9 64 FB 90 FF F7 0F 37 7F | T:3705719 RPD:1
[CH: 50] LEN: 12 | HEX: FA 76 FD E8 65 F3 90 F6 23 6A BB AB | T:3705749 RPD:1
[CH: 50] LEN: 12 | HEX: F2 76 FE E7 6A EB 90 D5 52 75 AB FD | T:3705779 RPD:1
[CH: 50] LEN: 12 | HEX: FA 76 FE E6 6B FB 90 F7 4E 98 AF 7F | T:3705809 RPD:1
[CH: 50] LEN: 12 | HEX: FA 76 FD E5 68 FB 90 FF 3B 96 BF EF | T:3705839 RPD:1
[CH: 50] LEN: 12 | HEX: FA 76 FE B4 69 EB 90 F5 A7 73 BF FF | T:3705869 RPD:1
[CH: 50] LEN: 12 | HEX: FA 76 FA E3 6E F3 90 F7 91 8A AB FB | T:3705899 RPD:1
[CH: 50] LEN: 12 | HEX: FA 76 FE E2 6F 73 90 FB 0D 6F AF BD | T:3705929 RPD:1
[CH: 50] LEN: 12 | HEX: F2 76 FE E1 6C FB 90 FF 78 61 AF 4F | T:3705959 RPD:1
[CH: 50] LEN: 12 | HEX: F2 76 FE E0 6D F7 90 FF 64 84 BF BB | T:3705989 RPD:1
[CH: 50] LEN: 12 | HEX: FA 76 FE DF 52 F3 90 F5 35 94 AF 7F | T:3706019 RPD:1
[CH: 50] LEN: 12 | HEX: FA 76 FE F6 73 FB 90 FF 56 8B AF FB | T:3706049 RPD:1
[CH: 50] LEN: 12 | HEX: F2 76 F4 F5 70 F3 90 F7 23 85 AF FF | T:3706053 RPD:1
[CH: 50] LEN: 12 | HEX: FA 76 FE FC 71 FB 90 FF 7F 60 BF FD | T:3706057 RPD:1
[CH: 50] LEN: 12 | HEX: F2 76 F4 FB 76 F3 90 FF 49 99 AD FF | T:3706068 RPD:1
[CH: 50] LEN: 12 | HEX: F2 76 FE FA 77 DB 90 FB 15 68 BB BE | T:3706069 RPD:1
[CH: 50] LEN: 12 | HEX: F2 76 FE F1 74 FB 90 FF C0 72 A5 FD | T:3706094 RPD:1
[CH: 50] LEN: 12 | HEX: F2 76 FE F8 75 F3 90 FE B8 97 BF FF | T:3706124 RPD:1
[CH: 50] LEN: 12 | HEX: F2 76 FE E7 7A FB 90 FF 8D 80 BE 9F | T:3706154 RPD:1
[CH: 50] LEN: 12 | HEX: F2 76 FA F6 7B FB 90 FE 51 65 BB DF | T:3706184 RPD:1
[CH: 50] LEN: 12 | HEX: FA 76 FE F5 78 FB 90 FF 24 6B AB FD | T:3706214 RPD:1
[CH: 50] LEN: 12 | HEX: FA 76 F6 F4 79 FB 90 FF A8 8E BF FF | T:3706244 RPD:1
[CH: 50] LEN: 12 | HEX: FA 76 FA F3 7E F3 90 FF CE 77 AD FD | T:3706274 RPD:1
[CH: 50] LEN: 12 | HEX: F2 76 FE F2 7F D3 90 FF 12 92 AB FF | T:3706304 RPD:1
[CH: 50] LEN: 12 | HEX: FA 76 F6 F1 78 EF 90 FF 67 9C BA FE | T:3706334 RPD:1
[CH: 50] LEN: 12 | HEX: FA 76 FA F0 7D FB 90 FF BB 79 BF 7F | T:3706364 RPD:1
[CH: 50] LEN: 12 | HEX: F2 76 FA EF 62 FB 90 F5 15 93 BF FF | T:3706394 RPD:1
[CH: 50] LEN: 12 | HEX: FA 76 FE EE 63 FB 90 F7 69 76 AD AD | T:3706424 RPD:1
[CH: 50] LEN: 12 | HEX: F2 7E F4 ED 60 F3 90 FF BC 78 AF FD | T:3706454 RPD:1
[CH: 50] LEN: 12 | HEX: FA 76 FE EC 61 D3 90 FF 60 9D AD FB | T:3706484 RPD:1
[CH: 50] LEN: 12 | HEX: FA 76 FD EB 66 FB 90 FF 56 64 AF FF | T:3706514 RPD:1
[CH: 50] LEN: 12 | HEX: F2 76 F6 EA 67 BB 90 F7 8A 81 AD EF | T:3706544 RPD:1
[CH: 50] LEN: 12 | HEX: FA 76 FE E9 64 FB 90 FF 5F 8F BB EF | T:3706574 RPD:1
[CH: 50] LEN: 12 | HEX: FA 76 FE E5 6A FB 90 FF 92 7D BF FB | T:3706634 RPD:1
[CH: 50] LEN: 12 | HEX: FA 76 FE E6 6B FB 90 F6 4E 98 BF BF | T:3706664 RPD:1
[CH: 50] LEN: 12 | HEX: F2 76 F6 E5 68 EF 90 FF 3B 96 BE BD | T:3706694 RPD:1
[CH: 50] LEN: 12 | HEX: F2 76 FE E4 69 F3 90 FE 87 73 FF BF | T:3706724 RPD:1
[CH: 50] LEN: 12 | HEX: FA 76 FE E3 6F FB D0 FF 51 8A BD BF | T:3706754 RPD:1
[CH: 50] LEN: 12 | HEX: FA 76 F4 F2 6F 5B 90 FF 0D 6F 2F EF | T:3706784 RPD:1
[CH: 50] LEN: 12 | HEX: FA 76 FA E1 6C FB 90 FF 78 61 AF FD | T:3706814 RPD:1
[CH: 50] LEN: 12 | HEX: FA 76 F6 E0 6D DB D0 FF A4 84 BF FD | T:3706843 RPD:1
[CH: 50] LEN: 12 | HEX: F2 76 FE DF 52 F3 90 FF 35 94 BF FF | T:3706873 RPD:1
[CH: 50] LEN: 12 | HEX: FA 76 F5 F5 73 FB 90 FF B6 8B BF FE | T:3706903 RPD:1
[CH: 50] LEN: 12 | HEX: F2 76 FE FD 70 FB 90 FF A3 85 AF F7 | T:3706907 RPD:1
[CH: 50] LEN: 12 | HEX: FA 76 FE F4 71 FB 90 F6 FB 60 BF AE | T:3706911 RPD:1
[CH: 50] LEN: 12 | HEX: FA 76 FE F3 76 FB 90 FB 49 99 BF DF | T:3706922 RPD:1
[CH: 50] LEN: 12 | HEX: F2 76 FA F2 77 EB 90 FF 95 78 BF 7E | T:3706923 RPD:1
[CH: 50] LEN: 12 | HEX: FA 76 FA F1 74 FB 90 FF F0 72 BB 7F | T:3706949 RPD:1
[CH: 50] LEN: 12 | HEX: F2 76 FE F8 75 EB 90 FF 3C 97 FF FF | T:3706979 RPD:1
[CH: 50] LEN: 12 | HEX: F6 76 FE F7 7A FB D0 FD 8D 80 BF 9D | T:3707009 RPD:1
[CH: 50] LEN: 12 | HEX: FA 76 FC F6 7B FB 90 FF 51 65 BD BF | T:3707039 RPD:1
[CH: 50] LEN: 12 | HEX: FA 76 FE F5 78 FB 90 EB 24 6B BF BF | T:3707069 RPD:1
[CH: 50] LEN: 12 | HEX: FA 76 EE F4 79 F7 90 FF 78 8E BE FF | T:3707099 RPD:1
[CH: 50] LEN: 12 | HEX: FA 76 FE F3 7E FB 90 F6 8E 77 3E FF | T:3707129 RPD:1
[CH: 50] LEN: 12 | HEX: FA 76 EA E2 7A DB 90 FF 12 92 B7 FE | T:3707159 RPD:1
[CH: 50] LEN: 12 | HEX: FA 76 FE E1 7C FB 90 FF 67 9C BF BF | T:3707189 RPD:1
[CH: 50] LEN: 12 | HEX: FA 76 FE F0 7D F3 90 F7 3B 79 AF F7 | T:3707219 RPD:1
[CH: 50] LEN: 12 | HEX: F2 76 FE EF 62 FB 90 FF 15 93 AF F7 | T:3707249 RPD:1
[CH: 50] LEN: 12 | HEX: FA 76 FE EE 63 D7 90 FF A9 76 BF FF | T:3707279 RPD:1
[CH: 50] LEN: 12 | HEX: F6 76 F6 ED 60 F7 90 FF BC 78 AF FF | T:3707309 RPD:1
[CH: 50] LEN: 12 | HEX: FA 76 FA EC 61 F3 90 FB 60 9D BF BF | T:3707339 RPD:1
[CH: 50] LEN: 12 | HEX: FA 76 F5 EB 66 FB 90 FF 56 64 AF FF | T:3707369 RPD:1
[CH: 50] LEN: 12 | HEX: FA 7E FF EA 67 FB D0 FF 8A 81 BD FF | T:3707399 RPD:1
[CH: 50] LEN: 12 | HEX: F2 76 FE E9 64 FB 90 FF AF 8F 3F FA | T:3707429 RPD:1
[CH: 50] LEN: 12 | HEX: FA 76 FA E8 65 FB 90 FF 23 6A BF F7 | T:3707459 RPD:1
[CH: 50] LEN: 12 | HEX: FA 76 FE E7 6A FB 90 F7 52 7D BD FF | T:3707489 RPD:1
[CH: 50] LEN: 12 | HEX: FA 76 FE E6 6B F7 90 FE 4E 98 BA FF | T:3707519 RPD:1
[CH: 50] LEN: 12 | HEX: F2 76 FE F5 68 EB 90 EA 3B 96 AE ED | T:3707549 RPD:1
[CH: 50] LEN: 12 | HEX: FA 76 FE E4 69 DB 90 FF E7 73 BF F7 | T:3707579 RPD:1
[CH: 50] LEN: 12 | HEX: F2 76 FE E3 6E F3 90 F7 D1 8A AF BF | T:3707609 RPD:1
[CH: 50] LEN: 12 | HEX: F2 76 FE E2 6F BB 90 FD 0D 6F BF FE | T:3707639 RPD:1
[CH: 50] LEN: 12 | HEX: F2 76 F6 E1 6C FB 90 F7 78 61 AF BE | T:3707669 RPD:1
[CH: 50] LEN: 12 | HEX: FA 76 EE DF 52 EB 90 F7 35 94 BF FF | T:3707729 RPD:1
[CH: 50] LEN: 12 | HEX: FA 76 FE FE 73 FB 90 FF D6 8B BF FF | T:3707759 RPD:1
[CH: 50] LEN: 12 | HEX: FA 76 FA FD 70 EB 90 FB A3 85 AD E8 | T:3707763 RPD:1
[CH: 50] LEN: 12 | HEX: FA 76 FE FC 71 FB 90 FF 7F 60 BF 7E | T:3707767 RPD:1
[CH: 50] LEN: 12 | HEX: FA 7E F4 FB 76 F3 90 FF 49 99 AF FF | T:3707778 RPD:1
[CH: 50] LEN: 12 | HEX: FA 76 FE F2 77 DB 90 FF 95 74 AB DE | T:3707778 RPD:1
[CH: 50] LEN: 12 | HEX: F2 76 F6 F9 74 FB 90 FF A0 72 AE B7 | T:3707805 RPD:1
[CH: 50] LEN: 12 | HEX: F2 76 F4 F8 75 FB 90 FF 3C 97 BF F3 | T:3707835 RPD:1
[CH: 50] LEN: 12 | HEX: F2 7E FE F7 72 F3 90 F7 4D 80 BF BF | T:3707865 RPD:1
[CH: 50] LEN: 12 | HEX: F2 76 FE F6 7B FB 90 FF 51 65 AF FF | T:3707895 RPD:1
[CH: 50] LEN: 12 | HEX: FA 76 FE F5 78 FB 90 FF 24 6B BF FE | T:3707925 RPD:1
[CH: 50] LEN: 12 | HEX: F2 76 FE F4 71 EF 90 FF A8 8E BF EF | T:3707955 RPD:1
[CH: 50] LEN: 12 | HEX: F2 76 FC FB 75 F3 90 F7 6E 77 AB EB | T:3707985 RPD:1
[CH: 50] LEN: 12 | HEX: FA 76 F6 FA 7F F7 90 FF 12 92 AF BF | T:3708015 RPD:1
[CH: 50] LEN: 12 | HEX: FA 76 FE F1 7C FB 90 FF 67 9C BF FF | T:3708045 RPD:1
[CH: 50] LEN: 12 | HEX: F2 76 FE F0 7D EB 90 FF 3B 79 AD FF | T:3708074 RPD:1
[CH: 50] LEN: 12 | HEX: F2 76 F6 EF 62 F3 90 FF 15 93 B7 FF | T:3708104 RPD:1
[CH: 50] LEN: 12 | HEX: FA 7E FE EE 63 FB 90 FF A9 76 BD F5 | T:3708134 RPD:1
[CH: 50] LEN: 12 | HEX: F2 76 FE ED 60 F7 B0 FF BC 78 BE 7F | T:3708164 RPD:1
[CH: 50] LEN: 12 | HEX: FA 76 F4 EC 61 F3 90 FA 60 9D B7 FF | T:3708194 RPD:1
[CH: 50] LEN: 12 | HEX: F2 76 FA EB 66 FB 90 FF 56 64 BF 7D | T:3708224 RPD:1
[CH: 50] LEN: 12 | HEX: FA 76 FE EA 67 FB 90 FF 8A 81 AB FF | T:3708254 RPD:1
[CH: 50] LEN: 12 | HEX: FA 76 FE E9 64 F3 90 F6 D7 8F AF DF | T:3708284 RPD:1
[CH: 50] LEN: 12 | HEX: F2 76 F6 E8 65 FB 90 FF 23 6A BB 5F | T:3708314 RPD:1
[CH: 50] LEN: 12 | HEX: FA 76 FA E7 6A FB 90 FF 52 7D BF EF | T:3708344 RPD:1
[CH: 50] LEN: 12 | HEX: FA 76 FE E6 6B FB 90 FF 4E 98 BF A3 | T:3708374 RPD:1
[CH: 50] LEN: 12 | HEX: FA 76 FD E5 68 EB 90 EF 3B 96 AD BF | T:3708404 RPD:1
[CH: 50] LEN: 12 | HEX: FA 76 FE E4 69 FB 90 FF F7 73 FF FF | T:3708434 RPD:1
[CH: 50] LEN: 12 | HEX: FA 76 FA E3 6E F3 90 F7 D1 8A BF FF | T:3708464 RPD:1
[CH: 50] LEN: 12 | HEX: FA 76 FE E2 6F B7 90 FF 0D 6F BF EB | T:3708494 RPD:1
[CH: 50] LEN: 12 | HEX: FA 76 FE E1 6C F3 90 FF 78 61 AF EE | T:3708524 RPD:1
[CH: 50] LEN: 12 | HEX: FA 76 FE E0 6D FB 90 FF A4 84 AC FF | T:3708554 RPD:1
[CH: 50] LEN: 12 | HEX: F2 76 FC DF 52 FB 90 FE 35 94 AD BB | T:3708584 RPD:1
[CH: 50] LEN: 12 | HEX: FA 76 FA FE 73 FB 90 F7 B6 8B B7 FB | T:3708614 RPD:1
[CH: 50] LEN: 12 | HEX: FA 76 FE FD 70 FB 90 EF 63 85 BD FB | T:3708618 RPD:1
[CH: 50] LEN: 12 | HEX: FA 76 FE F4 71 FB 90 FD 7F 60 AF FF | T:3708621 RPD:1
[CH: 50] LEN: 12 | HEX: FA 76 F5 F3 76 FB 90 FF 49 99 AF F7 | T:3708632 RPD:1
[CH: 50] LEN: 12 | HEX: FA 76 FE FA 77 DB 90 FF 95 74 AF DF | T:3708632 RPD:1
[CH: 50] LEN: 12 | HEX: EA 76 F6 E9 74 F3 90 FF A0 72 BF FD | T:3708659 RPD:1
[CH: 50] LEN: 12 | HEX: F2 76 FE F0 75 FB 90 F7 3C 97 BF BF | T:3708689 RPD:1
[CH: 50] LEN: 12 | HEX: FA 76 F6 F7 7A FB 90 FF 8D 80 AD FE | T:3708719 RPD:1
[CH: 50] LEN: 12 | HEX: F2 76 FE F6 7B EB 90 FF 51 65 BF FF | T:3708749 RPD:1
[CH: 50] LEN: 12 | HEX: FA 76 FE E5 74 EB 90 EF 24 6B BA FD | T:3708779 RPD:1
[CH: 50] LEN: 12 | HEX: FA 76 FE F4 79 FB 90 FF F8 8E BD EF | T:3708809 RPD:1
[CH: 50] LEN: 12 | HEX: FA 76 FE F3 7A FB 90 FE 8E 77 BF 7E | T:3708839 RPD:1
[CH: 50] LEN: 12 | HEX: F2 76 FE F2 7F EB 90 FF 12 92 AE ED | T:3708869 RPD:1
[CH: 50] LEN: 12 | HEX: F2 76 FE F1 7C F3 90 FE 67 9C AD FF | T:3708899 RPD:1
[CH: 50] LEN: 12 | HEX: FA 76 FE F0 79 FB 90 F7 7B 79 AF BF | T:3708929 RPD:1
[CH: 50] LEN: 12 | HEX: F2 76 FE EF 62 EB D0 EE 15 93 BF FE | T:3708959 RPD:1
[CH: 50] LEN: 12 | HEX: FA 76 F6 EE 63 FB 90 FF C9 76 BF B2 | T:3708989 RPD:1
[CH: 50] LEN: 12 | HEX: FA 76 FE ED 60 FB 90 FF BC 78 BF BF | T:3709019 RPD:1
[CH: 50] LEN: 12 | HEX: FA 76 FA EB 66 F3 90 FF 56 64 AF F7 | T:3709079 RPD:1
[CH: 50] LEN: 12 | HEX: FA 76 FA EA 67 FB 90 FF 8A 81 AE B7 | T:3709109 RPD:1
[CH: 50] LEN: 12 | HEX: F2 76 FE E9 64 FB 90 FF AF 8F BF FF | T:3709139 RPD:1
[CH: 50] LEN: 12 | HEX: FA 76 FE E8 65 EB 90 FF 23 6A BF 77 | T:3709169 RPD:1
[CH: 50] LEN: 12 | HEX: FA 76 F4 E7 6A FB 90 FF 92 7D BD FF | T:3709199 RPD:1
[CH: 50] LEN: 12 | HEX: FA 76 FE E6 6B FB 90 FF 4E 98 AB 6F | T:3709229 RPD:1
[CH: 50] LEN: 12 | HEX: FA 76 FA E5 68 EB 90 FF 3B 96 BF DF | T:3709259 RPD:1
[CH: 50] LEN: 12 | HEX: F2 76 FE E4 69 FB 90 FF A7 73 BF FF | T:3709289 RPD:1
[CH: 50] LEN: 12 | HEX: FA 76 F6 E3 6E F3 90 F7 51 8A AB EF | T:3709318 RPD:1
[CH: 50] LEN: 12 | HEX: F2 76 F6 E2 6F 77 90 FF 0D 6F 2F FF | T:3709348 RPD:1
[CH: 50] LEN: 12 | HEX: FA 76 FE E1 6C F7 90 FE F8 61 AD FF | T:3709378 RPD:1
[CH: 50] LEN: 12 | HEX: EA 76 EC F0 6D FB 90 FF 64 84 BF BF | T:3709408 RPD:1
[CH: 50] LEN: 12 | HEX: FA 76 FE DE 52 F3 90 F7 35 94 BE DB | T:3709438 RPD:1
[CH: 50] LEN: 12 | HEX: FA 76 FE FE 77 F3 90 F7 B6 8B BF FF | T:3709468 RPD:1
[CH: 50] LEN: 12 | HEX: FA 76 FE FD 70 FB 90 FF 63 85 AF 09 | T:3709472 RPD:1
[CH: 50] LEN: 12 | HEX: F2 76 FE F4 71 FB D0 FE FA 60 BF FF | T:3709475 RPD:1
[CH: 50] LEN: 12 | HEX: FA 76 FE FB 76 FB 90 FB 49 99 AF FD | T:3709486 RPD:1
[CH: 50] LEN: 12 | HEX: FA 76 FA FA 77 FB 90 FF 95 74 AB FF | T:3709487 RPD:1
[CH: 50] LEN: 12 | HEX: F2 76 FE F9 74 EB 90 EF 20 72 BF DF | T:3709513 RPD:1
[CH: 50] LEN: 12 | HEX: FA 76 FE F8 75 FB 90 FF 3C 97 BF DD | T:3709543 RPD:1
[CH: 50] LEN: 12 | HEX: FA 76 FC F7 7A FB 90 FF 8D 80 AF CD | T:3709573 RPD:1
[CH: 50] LEN: 12 | HEX: FA 76 FE F6 7B FB 90 FF 51 65 B7 FF | T:3709603 RPD:1
[CH: 50] LEN: 12 | HEX: FA 76 FE F5 78 F3 90 FF 24 6B BD FF | T:3709633 RPD:1
[CH: 50] LEN: 12 | HEX: FA 76 FE F4 71 F3 90 FF F8 8E BF C2 | T:3709663 RPD:1
[CH: 50] LEN: 12 | HEX: FA 76 F5 F3 7A F3 D0 FF 4E 77 BD FF | T:3709693 RPD:1
[CH: 50] LEN: 12 | HEX: FA 76 FE F2 75 A3 90 FD 12 92 BE DF | T:3709723 RPD:1
[CH: 50] LEN: 12 | HEX: F2 76 FE F9 78 FB 90 FF 67 9C BF FF | T:3709753 RPD:1
[CH: 50] LEN: 12 | HEX: FA 76 FC F0 7D FB 90 FB BB 79 AF FF | T:3709783 RPD:1
[CH: 50] LEN: 12 | HEX: F2 76 FE EE 62 F3 90 FE 95 93 BF FF | T:3709813 RPD:1
[CH: 50] LEN: 12 | HEX: FA 76 FD EE 63 D3 90 F7 49 76 AF BB | T:3709843 RPD:1
[CH: 50] LEN: 12 | HEX: FA 76 FE ED 60 F3 90 FF BC 78 AF FF | T:3709873 RPD:1
[CH: 50] LEN: 12 | HEX: FA 76 FE EC 61 FB 90 FF 60 9D BD FF | T:3709903 RPD:1
[CH: 50] LEN: 12 | HEX: F2 76 FA EB 66 F3 90 FF 56 64 BE DB | T:3709933 RPD:1
[CH: 50] LEN: 12 | HEX: FA 76 FA EA 67 D3 90 FB 8A 81 AB DF | T:3709963 RPD:1
[CH: 50] LEN: 12 | HEX: FA 76 FE E9 64 FB B0 FF D7 8F 2B AA | T:3709993 RPD:1
[CH: 50] LEN: 12 | HEX: FA 76 F4 E8 65 F3 90 FF 23 6A BF F7 | T:3710023 RPD:1
[CH: 50] LEN: 12 | HEX: FA 76 F4 E7 6A F7 90 F7 92 7D AB FF | T:3710053 RPD:1
[CH: 50] LEN: 12 | HEX: FA 76 FE E6 6B FB 90 FB 4E 98 BD F5 | T:3710083 RPD:1
[CH: 50] LEN: 12 | HEX: FA 76 F4 E5 68 F3 90 FA 3B 96 BF FA | T:3710113 RPD:1
[CH: 50] LEN: 12 | HEX: F2 76 FE E4 69 FB 90 FF A7 73 BF DF | T:3710143 RPD:1
[CH: 50] LEN: 12 | HEX: FA 76 F6 E3 6F FB 90 F7 71 8A AF FF | T:3710173 RPD:1
[CH: 50] LEN: 12 | HEX: FA 76 F5 E2 6F FB 90 FF 0D 6F AF FF | T:3710203 RPD:1
[CH: 50] LEN: 12 | HEX: F2 76 FA E1 6C F3 90 FF 78 61 BF FF | T:3710233 RPD:1
[CH: 50] LEN: 12 | HEX: FA 76 FE E0 6D FB 90 FF A4 84 AB 7E | T:3710263 RPD:1
[CH: 50] LEN: 12 | HEX: F2 7E FE DF 52 F3 90 FF 35 94 BF FD | T:3710293 RPD:1
[CH: 50] LEN: 12 | HEX: FA 76 FD EE 73 FB 90 FF B6 8B AF FF | T:3710323 RPD:1
[CH: 50] LEN: 12 | HEX: FA 76 FE F5 70 FB 90 FE A3 85 BF F7 | T:3710326 RPD:1
[CH: 50] LEN: 12 | HEX: F2 76 FC FA 79 EB 90 FF 7D 60 BF DD | T:3710329 RPD:1
[CH: 50] LEN: 12 | HEX: FA 76 FE FB 76 F3 90 FB 49 99 BF FF | T:3710341 RPD:1
[CH: 50] LEN: 12 | HEX: FA 76 FE FA 77 DB 90 FF 95 78 B7 7D | T:3710341 RPD:1
[CH: 50] LEN: 12 | HEX: F2 76 FC F9 74 F3 90 FF 50 72 AB FF | T:3710366 RPD:1
[CH: 50] LEN: 12 | HEX: FA 76 FB F8 75 FB 90 FF 3C 97 2B BF | T:3710396 RPD:1
[CH: 50] LEN: 12 | HEX: FA 76 FE F7 7A FB 90 FF CD 80 BF FF | T:3710426 RPD:1
[CH: 50] LEN: 12 | HEX: FA 76 FE F6 73 D3 90 FF 51 65 BF FF | T:3710456 RPD:1
[CH: 50] LEN: 12 | HEX: FA 76 F5 F5 78 EB 90 EA 24 6B AF AB | T:3710486 RPD:1
[CH: 50] LEN: 12 | HEX: EA 76 FE F4 71 EB 90 F7 50 8E B6 F7 | T:3710516 RPD:1
[CH: 50] LEN: 12 | HEX: FA 76 F6 E3 7A EB 90 FF AF 77 BF FA | T:3710546 RPD:1
[CH: 50] LEN: 12 | HEX: FA 76 FE EA 77 D3 B0 FF 12 92 AF D7 | T:3710576 RPD:1
[CH: 50] LEN: 12 | HEX: F2 76 FC F1 7C FB 90 FF 67 9C AF FD | T:3710606 RPD:1
[CH: 50] LEN: 12 | HEX: FA 76 F4 F0 7D F3 90 FF BB 79 AB ED | T:3710636 RPD:1
[CH: 50] LEN: 12 | HEX: FA 76 FE EF 62 FB 90 F7 15 93 AF FF | T:3710666 RPD:1
[CH: 50] LEN: 12 | HEX: FA 76 F6 EE 63 FB 90 FF C9 76 AF BD | T:3710696 RPD:1
[CH: 50] LEN: 12 | HEX: F2 76 FE ED 60 EF 90 FF BC 70 BB EF | T:3710726 RPD:1
[CH: 50] LEN: 12 | HEX: FA 76 FE EC 61 EB 90 FF 60 9D BF FD | T:3710756 RPD:1
[CH: 50] LEN: 12 | HEX: F2 76 FE EB 66 FB 90 F7 56 64 AF FB | T:3710786 RPD:1
[CH: 50] LEN: 12 | HEX: F2 76 FE EA 67 DB 90 FF 8A 81 AB FF | T:3710816 RPD:1
[CH: 50] LEN: 12 | HEX: F2 76 F5 E9 64 FB D0 FF DF 8F 3F FF | T:3710846 RPD:1
[CH: 50] LEN: 12 | HEX: FA 76 FE E8 65 FB 90 F6 23 6A BE EF | T:3710876 RPD:1
[CH: 50] LEN: 12 | HEX: FA 76 EA E7 6A FB D0 F7 92 7D BF FF | T:3710906 RPD:1
[CH: 50] LEN: 12 | HEX: FA 76 F4 E6 6B FB 90 FF 4E 98 AB AF | T:3710936 RPD:1
[CH: 50] LEN: 12 | HEX: FA 76 FA E5 68 F3 90 FF 3B 96 BE FF | T:3710966 RPD:1
[CH: 50] LEN: 12 | HEX: FA 76 FE E4 69 F3 90 FF D7 73 BE FD | T:3710996 RPD:1
[CH: 50] LEN: 12 | HEX: F2 76 FE E3 6E F3 90 F7 D1 8A AB 84 | T:3711026 RPD:1
[CH: 50] LEN: 12 | HEX: FA 76 F6 E2 6F 7B 90 F7 0D 6F BF 7E | T:3711056 RPD:1
[CH: 50] LEN: 12 | HEX: FA 76 FE E1 6C F3 90 FB 78 61 AF FF | T:3711086 RPD:1
[CH: 50] LEN: 12 | HEX: FA 76 FE E0 6D FB 90 FF A4 84 BF 77 | T:3711116 RPD:1
[CH: 50] LEN: 12 | HEX: F2 76 FE DE 52 EB 90 FF 35 94 AF FF | T:3711146 RPD:1
[CH: 50] LEN: 12 | HEX: FA 76 FE F5 73 FB 90 FF 96 8B AF F7 | T:3711176 RPD:1
[CH: 50] LEN: 12 | HEX: FA 76 FE F5 70 FB 90 FF 63 85 BD 7F | T:3711180 RPD:1
[CH: 50] LEN: 12 | HEX: F2 76 FE FC 71 EB 90 F6 7F 60 BF 77 | T:3711183 RPD:1
[CH: 50] LEN: 12 | HEX: FA 76 FE FA 77 D7 90 FB 95 7C AF EF | T:3711194 RPD:1
[CH: 50] LEN: 12 | HEX: FA 76 EA F1 74 EB 90 F7 A0 72 B7 6E | T:3711221 RPD:1
[CH: 50] LEN: 12 | HEX: FA 76 FC F8 75 FB 90 F7 38 97 BB BD | T:3711251 RPD:1
[CH: 50] LEN: 12 | HEX: F2 76 FE F7 7A FB 90 FF CD 80 BF FF | T:3711281 RPD:1
[CH: 50] LEN: 12 | HEX: FA 76 FE F6 73 FB 90 FE 51 65 BE EB | T:3711311 RPD:1
[CH: 50] LEN: 12 | HEX: F6 76 FE F5 78 F7 90 FF 24 6B BF FF | T:3711341 RPD:1
[CH: 50] LEN: 12 | HEX: FA 76 F4 F4 79 EB 90 FF 58 8E BF FE | T:3711371 RPD:1
[CH: 50] LEN: 12 | HEX: FA 76 FE F3 7C F3 90 F7 AE 77 B6 BF | T:3711401 RPD:1
[CH: 50] LEN: 12 | HEX: FA 76 FE F2 7F EB 90 FF 12 92 AE BA | T:3711431 RPD:1
[CH: 50] LEN: 12 | HEX: F2 76 FB F1 7C FB 90 FF 67 9C AB FF | T:3711461 RPD:1
[CH: 50] LEN: 12 | HEX: F2 76 FA F0 79 D3 90 F7 3B 79 B5 FE | T:3711491 RPD:1
[CH: 50] LEN: 12 | HEX: FA 76 F4 EF 62 FB 90 FF 15 93 AF F6 | T:3711521 RPD:1
[CH: 50] LEN: 12 | HEX: FA 76 FE EE 63 DB 90 FB 49 76 BD FF | T:3711551 RPD:1
[CH: 50] LEN: 12 | HEX: F2 76 F4 ED 60 FB 90 FF BC 78 AF 7F | T:3711581 RPD:1
[CH: 50] LEN: 12 | HEX: FA 76 FE EC 61 F3 90 FD 60 9D BB FD | T:3711611 RPD:1
[CH: 50] LEN: 12 | HEX: F2 76 FE EB 66 FB 90 FF 56 64 AF FB | T:3711640 RPD:1
[CH: 50] LEN: 12 | HEX: FA 76 FE EA 67 DB 90 F7 4A 81 AF F7 | T:3711670 RPD:1
[CH: 50] LEN: 12 | HEX: FA 76 F5 F9 64 FB 90 FF AF 8F BB AF | T:3711700 RPD:1
[CH: 50] LEN: 12 | HEX: FA 76 FE E8 65 F3 90 F5 23 6A AF 5F | T:3711730 RPD:1
[CH: 50] LEN: 12 | HEX: F2 76 FE E7 6A F3 B0 EB 12 7D AE F7 | T:3711760 RPD:1
[CH: 50] LEN: 12 | HEX: EA 76 FE E6 6B FB 90 FF 4E 98 AF 7B | T:3711790 RPD:1
[CH: 50] LEN: 12 | HEX: FA 76 FE E5 68 EB 90 D5 3B 96 BB EF | T:3711820 RPD:1
[CH: 50] LEN: 12 | HEX: FA 76 FE E4 69 FB 90 FD C7 73 AE AA | T:3711850 RPD:1
[CH: 50] LEN: 12 | HEX: FA 76 FA E3 6E FB 90 FF B1 8A AF FD | T:3711880 RPD:1
[CH: 50] LEN: 12 | HEX: F2 76 FE E2 6F FB 90 FF 0D 6F 2E FF | T:3711910 RPD:1
[CH: 50] LEN: 12 | HEX: FA 76 FA E1 6C F3 90 FA F8 61 BF EA | T:3711940 RPD:1
[CH: 50] LEN: 12 | HEX: F2 76 FE E0 6D FB 90 FF 64 84 AF FB | T:3711970 RPD:1
[CH: 50] LEN: 12 | HEX: F2 7E F4 DE 52 F3 D0 FF 35 94 AB EF | T:3712000 RPD:1
[CH: 50] LEN: 12 | HEX: FA 76 F4 FC 73 FB 90 FF D6 8B AF FF | T:3712030 RPD:1
[CH: 50] LEN: 12 | HEX: FA 76 FA F5 70 F3 90 F7 A3 85 BB FF | T:3712034 RPD:1
[CH: 50] LEN: 12 | HEX: FA 76 F6 FC 71 F3 90 FF 7D 60 AF FE | T:3712038 RPD:1
[CH: 50] LEN: 12 | HEX: FA 76 FE FB 76 FB 90 FF 49 99 AF AE | T:3712049 RPD:1
[CH: 50] LEN: 12 | HEX: FA 76 F5 FA 77 FB 90 FF 95 78 BF EF | T:3712049 RPD:0
[CH: 50] LEN: 12 | HEX: F2 76 FE F9 74 EB 90 F5 F0 72 B5 F7 | T:3712061 RPD:0
[CH: 50] LEN: 12 | HEX: FA 76 FE F0 75 FB 90 FF 38 97 AF FE | T:3712079 RPD:1
[CH: 50] LEN: 12 | HEX: F2 76 FE F7 7A FB 90 FF 8D 80 AA EB | T:3712109 RPD:1
[CH: 50] LEN: 12 | HEX: F2 76 FD F6 7B FB 90 FE D1 65 BF 7F | T:3712139 RPD:1
[CH: 50] LEN: 12 | HEX: FA 76 FA F5 78 FB 90 F7 24 6B BF FE | T:3712169 RPD:1
[CH: 50] LEN: 12 | HEX: FA 76 FE F4 79 EB 90 FF D8 8E AE FF | T:3712199 RPD:1
[CH: 50] LEN: 12 | HEX: FA 76 FE F3 7C FB 90 FA AE 77 BE EF | T:3712229 RPD:1
[CH: 50] LEN: 12 | HEX: FA 76 FE F2 7F D3 90 F5 92 92 BF DF | T:3712259 RPD:1
[CH: 50] LEN: 12 | HEX: FA 76 FE F1 74 FB 90 FF 67 9C BF BF | T:3712289 RPD:1
[CH: 50] LEN: 12 | HEX: F2 76 FE F0 7D FB 90 FF BB 79 BE DE | T:3712319 RPD:1
[CH: 50] LEN: 12 | HEX: FA 76 EF EF 62 FB 90 FB 15 93 AF 5F | T:3712349 RPD:1
[CH: 50] LEN: 12 | HEX: FA 76 FE EE 63 FB 90 FF 89 76 AF FD | T:3712379 RPD:1
[CH: 50] LEN: 12 | HEX: FA 76 FD ED 60 FB D0 FF BC 78 AF FF | T:3712409 RPD:1
[CH: 50] LEN: 12 | HEX: FA 76 FC EC 61 FB 90 FF 60 9D AF AA | T:3712439 RPD:1
[CH: 50] LEN: 12 | HEX: F2 76 FE EB 66 FB 90 FF 56 64 AF FF | T:3712469 RPD:1
[CH: 50] LEN: 12 | HEX: FA 76 FE EA 67 FB 90 FF 8A 81 BF B7 | T:3712499 RPD:1
[CH: 50] LEN: 12 | HEX: F2 76 F6 F9 64 EB 90 F7 AF CF 2E FF | T:3712529 RPD:1
[CH: 50] LEN: 12 | HEX: FA 76 FE E8 65 FB 90 FF 23 6A AF FF | T:3712559 RPD:1
[CH: 50] LEN: 12 | HEX: FA 76 FE E7 6A F3 90 EB 92 77 BB EE | T:3712589 RPD:1
[CH: 50] LEN: 12 | HEX: F2 76 F6 E6 6B BB 90 FF 4E 98 AF FF | T:3712619 RPD:1
[CH: 50] LEN: 12 | HEX: FA 76 FE E5 68 FB 90 EB 3B 96 AF FD | T:3712649 RPD:1
[CH: 50] LEN: 12 | HEX: FA 76 FA E4 69 F3 90 FF 47 73 BF EF | T:3712679 RPD:1
[CH: 50] LEN: 12 | HEX: F2 76 FE E3 6E FB 90 FF D1 8A AF FD | T:3712709 RPD:1
[CH: 50] LEN: 12 | HEX: F2 76 FE E2 6F 73 90 FF 0D 6F 3F BF | T:3712738 RPD:1
[CH: 50] LEN: 12 | HEX: FA 76 FD E1 6C FB 90 FF 78 61 AB FF | T:3712768 RPD:1
[CH: 50] LEN: 12 | HEX: FA 76 FE E0 6D FB 90 FF A4 84 BF AE | T:3712798 RPD:1
[CH: 50] LEN: 12 | HEX: F2 76 F4 DE 52 FB 90 FE 35 94 BF F7 | T:3712828 RPD:1
[CH: 50] LEN: 12 | HEX: FA 76 EE FE 73 BB 90 F7 B6 8B AB FF | T:3712858 RPD:1
[CH: 50] LEN: 12 | HEX: FA 76 FE FD 70 FB 90 FF A3 85 BD FF | T:3712862 RPD:1
[CH: 50] LEN: 12 | HEX: F2 76 FE FC 71 D3 90 EE 7B 60 AF 7E | T:3712865 RPD:1
[CH: 50] LEN: 12 | HEX: F2 76 FE FB 76 F3 90 FF 49 99 BF FE | T:3712876 RPD:1
[CH: 50] LEN: 12 | HEX: FA 76 F6 FA 77 FB 90 FB 95 74 AD FD | T:3712877 RPD:1
[CH: 50] LEN: 12 | HEX: EA 76 FE F9 74 F3 90 FE A0 72 AF FF | T:3712888 RPD:1
[CH: 50] LEN: 12 | HEX: FA 76 FE F8 75 FB 90 FF 3C 97 ED 7B | T:3712907 RPD:1
[CH: 50] LEN: 12 | HEX: FA 76 FE F7 7A F3 90 F7 8D 80 AF FB | T:3712937 RPD:1
[CH: 50] LEN: 12 | HEX: FA 76 FE F6 7B FB 90 FF 51 65 AF 77 | T:3712967 RPD:1
[CH: 50] LEN: 12 | HEX: FA 76 F6 F5 78 FB 90 FF 24 6B BF FF | T:3712997 RPD:1
[CH: 50] LEN: 12 | HEX: FA 76 FE F4 79 FB 90 F5 50 8E AD AD | T:3713027 RPD:1
[CH: 50] LEN: 12 | HEX: EA 7B BE 80 81 FB 90 FF 5B FA AA DF | T:3713252 RPD:1
[CH: 50] LEN: 12 | HEX: FA 7B DF 00 81 FB 90 FF 5B FA BF FF | T:3713253 RPD:1
[CH: 50] LEN: 12 | HEX: F1 77 FC FA FE 70 90 F7 49 8A AF D7 | T:3713284 RPD:1
[CH: 50] LEN: 12 | HEX: F9 77 FE F5 FE 73 90 F7 3C 08 BF FF | T:3713287 RPD:1
[CH: 50] LEN: 12 | HEX: F9 77 FC FC FE 72 90 FB A3 69 BF FB | T:3713290 RPD:1
[CH: 50] LEN: 12 | HEX: F1 77 BD FB BB 75 90 F7 41 2D BF DD | T:3713301 RPD:1
[CH: 50] LEN: 12 | HEX: F9 77 FD F2 FE 74 90 FF BC 4C AF 6D | T:3713301 RPD:0
[CH: 50] LEN: 12 | HEX: F9 77 FC F5 FE 70 90 FF 89 8A AF BB | T:3713312 RPD:1
[CH: 50] LEN: 12 | HEX: F9 77 BD FD F6 73 90 FB 3C 08 AF FF | T:3713324 RPD:1
[CH: 50] LEN: 12 | HEX: F9 77 FE FC FD 72 90 F7 A3 69 BF FF | T:3713324 RPD:0
[CH: 50] LEN: 12 | HEX: F9 77 DD FD FE 73 90 FF 3C 08 AF DF | T:3713335 RPD:1
[CH: 50] LEN: 12 | HEX: F9 77 DD FA FE 74 90 FF 5C 4C BF FF | T:3713336 RPD:0
[CH: 50] LEN: 12 | HEX: F1 77 FE FE FE 70 90 FF 49 8A AB FF | T:3713347 RPD:1
[CH: 50] LEN: 12 | HEX: F1 77 FB EB DD 75 90 F6 41 2D BF FD | T:3713347 RPD:0
[CH: 50] LEN: 12 | HEX: F1 77 DC FA FD 74 90 F5 BC 4C AA FF | T:3713358 RPD:1
[CH: 50] LEN: 12 | HEX: F1 77 BB FC FE 72 90 FF A3 69 AF FD | T:3713370 RPD:1
[CH: 50] LEN: 12 | HEX: F9 77 FA FB FE 75 90 F5 41 2D AF FE | T:3713370 RPD:0
[CH: 50] LEN: 12 | HEX: F1 77 FD FD DA 73 90 FF 3E 08 AD DF | T:3713381 RPD:1
[CH: 50] LEN: 12 | HEX: F9 77 DD FA F5 74 90 FF 7C 4C AF AF | T:3713382 RPD:0
[CH: 50] LEN: 12 | HEX: F1 77 AE FE FE 70 90 F5 49 8A BB F5 | T:3713393 RPD:1
[CH: 50] LEN: 12 | HEX: F1 77 FA FB DE 75 90 FF 41 2D BF DF | T:3713404 RPD:1
[CH: 50] LEN: 12 | HEX: F9 77 FF F2 EE 74 90 EF 5C 4C BD FF | T:3713404 RPD:0
[CH: 50] LEN: 12 | HEX: F9 77 FB FC FE 72 90 F7 63 69 AF FF | T:3713416 RPD:1
[CH: 50] LEN: 12 | HEX: F1 77 FD F5 FE 73 90 F7 3E 08 AF FF | T:3713416 RPD:0
[CH: 50] LEN: 12 | HEX: F9 77 FE FA FE 7A 90 FF E3 69 BF EB | T:3713427 RPD:1
[CH: 50] LEN: 12 | HEX: F9 77 FE FE FA 70 90 FF 89 8A BF DB | T:3713427 RPD:0
[CH: 50] LEN: 12 | HEX: F1 77 DF F7 FE 73 90 EB 3C 08 BF 7D | T:3713439 RPD:1
[CH: 50] LEN: 12 | HEX: F9 77 ED FA FE 74 90 F6 9C 4C AE FD | T:3713450 RPD:1
[CH: 50] LEN: 12 | HEX: F9 77 FD FE FC 70 90 FF 89 8A BF D5 | T:3713450 RPD:0
[CH: 50] LEN: 12 | HEX: F9 77 FD F8 F5 72 90 FF A3 69 AD FF | T:3713462 RPD:1
[CH: 50] LEN: 12 | HEX: F9 77 BE F9 FE 73 90 FF 3E 08 BF DE | T:3713462 RPD:0
[CH: 50] LEN: 12 | HEX: F9 77 DB FC EE 72 90 FF E3 69 BF BF | T:3713473 RPD:1
[CH: 50] LEN: 12 | HEX: F9 77 FD FF FE 70 90 FF 89 8A AF 7A | T:3713484 RPD:1
[CH: 50] LEN: 12 | HEX: F9 77 FD FD FE 73 90 FF 3E 08 AF DD | T:3713485 RPD:0
[CH: 50] LEN: 12 | HEX: F9 77 FF F2 F4 74 90 FF BC 4C BF FF | T:3713496 RPD:1
[CH: 50] LEN: 12 | HEX: F9 77 BE F3 FA 75 90 F5 41 2D AF 7E | T:3713496 RPD:1
[CH: 50] LEN: 12 | HEX: F9 77 BD FA FE 74 90 F7 BC 4C AF FF | T:3713508 RPD:1
[CH: 50] LEN: 12 | HEX: E9 77 BC FC FF 72 90 F7 23 69 BF FF | T:3713519 RPD:1
[CH: 50] LEN: 12 | HEX: F1 77 FF FB DC 75 90 FF 41 2D BF 7E | T:3713519 RPD:0
[CH: 50] LEN: 12 | HEX: F1 77 FE FD F6 73 90 FF 3E 08 AF B7 | T:3713530 RPD:1
[CH: 50] LEN: 12 | HEX: F9 77 D6 F2 FE 74 90 F7 7C 4C BF 7E | T:3713531 RPD:0
[CH: 50] LEN: 12 | HEX: F1 77 BC FE FE 70 90 FF 89 8A AD FE | T:3713542 RPD:1
[CH: 50] LEN: 12 | HEX: F9 77 74 FB BD 75 90 FF 41 2D B7 DE | T:3713542 RPD:0
[CH: 50] LEN: 12 | HEX: F1 77 FA F2 FA 74 90 FF 5C 4C BF FB | T:3713554 RPD:1
[CH: 50] LEN: 12 | HEX: F9 77 FB FC F6 72 90 FF A3 69 AF FD | T:3713565 RPD:1
[CH: 50] LEN: 12 | HEX: F9 77 DD FB FE 75 90 FF 41 2D AF 55 | T:3713565 RPD:1
[CH: 50] LEN: 12 | HEX: F9 77 FE FD D6 73 90 FF 3E 08 AF EF | T:3713576 RPD:1
[CH: 50] LEN: 12 | HEX: F9 77 FA F2 FE 74 90 FF FC 4C AD F7 | T:3713577 RPD:0
[CH: 50] LEN: 12 | HEX: F9 77 DE FE FE 70 90 FF 49 8A BF FF | T:3713588 RPD:1
[CH: 50] LEN: 12 | HEX: F1 77 FF FB DE 75 90 FF 41 2D BD F7 | T:3713599 RPD:1
[CH: 50] LEN: 12 | HEX: F9 77 DE EA F6 74 90 FF DC 4C BF F7 | T:3713600 RPD:0
[CH: 50] LEN: 12 | HEX: F9 77 FD F8 FA 72 90 FF E3 69 AF FF | T:3713611 RPD:1
[CH: 50] LEN: 12 | HEX: F9 77 FE FD FE 73 90 FF BE 08 BD 7F | T:3713611 RPD:0
[CH: 50] LEN: 12 | HEX: F1 77 FF FA FE 72 90 FF A3 69 AE BF | T:3713622 RPD:1
[CH: 50] LEN: 12 | HEX: F9 77 FD F5 FA 70 90 FF 89 8A AF FD | T:3713623 RPD:0
[CH: 50] LEN: 12 | HEX: F9 77 FD FD FE 73 90 FB 3E 08 AF BE | T:3713634 RPD:1
[CH: 50] LEN: 12 | HEX: F1 77 FE FA FE 74 90 F7 5C 4C BA AA | T:3713645 RPD:1
[CH: 50] LEN: 12 | HEX: F9 77 9E FA FE 70 90 FF C9 8A AF F5 | T:3713646 RPD:0
[CH: 50] LEN: 12 | HEX: F9 77 54 F3 FE 75 90 FF 41 2D BF FF | T:3713657 RPD:1
[CH: 50] LEN: 12 | HEX: F9 77 FE FD FE 73 90 F7 3E 08 BF DF | T:3713657 RPD:0
[CH: 50] LEN: 12 | HEX: F9 77 FD FC FE 72 90 FF A3 69 AF BF | T:3713668 RPD:1
[CH: 50] LEN: 12 | HEX: F1 77 D6 FE FE 70 90 FF 89 8A AF FA | T:3713680 RPD:1
[CH: 50] LEN: 12 | HEX: F9 77 FE FD FE 73 90 FF 3E 08 BD B7 | T:3713680 RPD:0
[CH: 50] LEN: 12 | HEX: F9 77 FF FA FE 74 90 F5 7C 4C AF EF | T:3713691 RPD:1
[CH: 50] LEN: 12 | HEX: F1 77 FD FB FE 75 90 FF 41 2D AF F7 | T:3713692 RPD:0
[CH: 50] LEN: 12 | HEX: F9 77 F4 FA F4 74 90 FF DC 4C AB FA | T:3713703 RPD:1
[CH: 50] LEN: 12 | HEX: F9 77 FA F4 FE 72 90 FB 63 69 AF FE | T:3713714 RPD:1
[CH: 50] LEN: 12 | HEX: F1 77 FF FB FC 75 90 FF 41 2D BF FF | T:3713714 RPD:0
[CH: 50] LEN: 12 | HEX: F9 77 FD FA FE 70 90 F7 09 8A AF FF | T:3713726 RPD:1
[CH: 50] LEN: 12 | HEX: F9 77 FD F2 FA 74 90 FF BC 4C AE F7 | T:3713726 RPD:0
[CH: 50] LEN: 12 | HEX: F5 77 FE F7 FE 70 90 FF 89 8A B6 BD | T:3713737 RPD:1
[CH: 50] LEN: 12 | HEX: F9 77 FF F3 D4 75 90 FF 41 2D AF FD | T:3713737 RPD:0
[CH: 50] LEN: 12 | HEX: F9 77 FC FA FB 74 90 FF BC 4C AF FD | T:3713749 RPD:1
[CH: 50] LEN: 12 | HEX: F9 77 BD FC FE 72 90 FF 23 69 B7 FD | T:3713760 RPD:1
[CH: 50] LEN: 12 | HEX: F9 77 FC EB DA 75 90 F6 C1 2D AF FF | T:3713760 RPD:0
[CH: 50] LEN: 12 | HEX: F1 77 FE FD EE 73 90 FF 3A 08 BF FF | T:3713772 RPD:1
[CH: 50] LEN: 12 | HEX: F9 77 FD FE FE 70 90 F7 89 8A AB 5F | T:3713772 RPD:0
[CH: 50] LEN: 12 | HEX: F1 77 FF F9 FE 73 90 FF 3C 08 BF FE | T:3713783 RPD:1
[CH: 50] LEN: 12 | HEX: F9 77 FA F3 FE 75 90 F6 41 2D BD 7F | T:3713794 RPD:1
[CH: 50] LEN: 12 | HEX: F1 77 FD FA FC 74 90 F7 BC 4C BF BB | T:3713795 RPD:0
[CH: 50] LEN: 12 | HEX: F1 77 FE F4 FE 72 90 FF A3 69 AF EB | T:3713806 RPD:1
[CH: 50] LEN: 12 | HEX: F9 77 FD FD F4 73 90 F7 3E 08 AF 7F | T:3713806 RPD:0
[CH: 50] LEN: 12 | HEX: F9 77 FE FE FA 72 90 F7 63 69 AF BF | T:3713818 RPD:1
[CH: 50] LEN: 12 | HEX: F1 77 BF FE FE 70 90 EF 89 8A AF DB | T:3713818 RPD:0
[CH: 50] LEN: 12 | HEX: F1 77 FC F5 FE 73 90 FF 3E 08 BF FF | T:3713829 RPD:1
[CH: 50] LEN: 12 | HEX: F1 77 AD FA F5 74 90 FF BC 4C BF DB | T:3713840 RPD:1
[CH: 50] LEN: 12 | HEX: F9 77 FD FA F6 70 90 FF 89 8A AF B7 | T:3713841 RPD:0
[CH: 50] LEN: 12 | HEX: F9 77 FE FB FE 75 90 FF 41 2D BF F5 | T:3713852 RPD:1
[CH: 50] LEN: 12 | HEX: F9 77 F4 EB EA 73 90 F5 3C 08 BF FB | T:3713852 RPD:0
[CH: 50] LEN: 12 | HEX: F9 77 FD FC F6 72 90 FF A3 69 AF 6D | T:3713864 RPD:1
[CH: 50] LEN: 12 | HEX: F1 77 BC FE FE 70 90 FF C9 8A AF FF | T:3713875 RPD:1
[CH: 50] LEN: 12 | HEX: F9 77 FB FD FC 73 90 F5 3C 08 BF BF | T:3713875 RPD:0
[CH: 50] LEN: 12 | HEX: F9 77 FA F2 FE 74 90 FF DC 4C AF 7F | T:3713886 RPD:1
[CH: 50] LEN: 12 | HEX: F9 77 AD FB FE 75 90 FF 41 2D BF FF | T:3713887 RPD:0
[CH: 50] LEN: 12 | HEX: F1 77 FE FA FE 74 90 FF FC 4C BF FB | T:3713898 RPD:1
[CH: 50] LEN: 12 | HEX: F1 77 FE F4 F4 7A 90 FF E3 69 BF FF | T:3713909 RPD:1
[CH: 50] LEN: 12 | HEX: F9 77 BD F3 D5 75 90 EF 41 2D BF F7 | T:3713910 RPD:0
[CH: 50] LEN: 12 | HEX: F9 77 FC F5 D6 73 90 FE BE 08 AE EE | T:3713921 RPD:1
[CH: 50] LEN: 12 | HEX: F9 77 FD FA FE 74 90 FF DC 4C BF FB | T:3713921 RPD:0
[CH: 50] LEN: 12 | HEX: F9 77 FE FE FE 70 90 FF 89 8A AE FE | T:3713932 RPD:1
[CH: 50] LEN: 12 | HEX: E9 77 FD F3 FE 75 90 FA 41 2D AF BF | T:3713933 RPD:0
[CH: 50] LEN: 12 | HEX: F9 77 DD FA FD 74 90 F5 7C 4C BE FA | T:3713944 RPD:1
[CH: 50] LEN: 12 | HEX: F9 77 FF FC F4 72 90 FB A3 69 BF DD | T:3713955 RPD:1
[CH: 50] LEN: 12 | HEX: F1 77 FE FB FE 75 90 F5 41 2D B5 FD | T:3713955 RPD:0
[CH: 50] LEN: 12 | HEX: F9 77 FD FD EC 73 90 F7 3E 08 BB DF | T:3713967 RPD:1
[CH: 50] LEN: 12 | HEX: F9 77 FF FE FE 70 90 FD 89 8A BF FF | T:3713967 RPD:0
[CH: 50] LEN: 12 | HEX: F9 77 FE FD FE 73 90 FE 3E 08 BF FF | T:3713978 RPD:1
[CH: 50] LEN: 12 | HEX: F1 77 BA FE F6 70 90 FB 89 8A AF FF | T:3713990 RPD:1
[CH: 50] LEN: 12 | HEX: F9 77 EC FC FA 72 90 FF 23 69 AB FE | T:3713990 RPD:0
[CH: 50] LEN: 12 | HEX: F9 77 FD F3 FD 75 90 F7 41 2D BF FF | T:3714001 RPD:1
[CH: 50] LEN: 12 | HEX: F1 77 BD F9 D4 73 90 FE 3C 08 AE FF | T:3714001 RPD:0
[CH: 50] LEN: 12 | HEX: F1 77 BA FC FE 72 90 F7 A3 69 BD EF | T:3714013 RPD:1
[CH: 50] LEN: 12 | HEX: F9 77 FD FE FE 70 90 FF 89 8A BE DF | T:3714013 RPD:0
[CH: 50] LEN: 12 | HEX: F9 77 FB FD FE 73 90 FF 3E 08 BF FF | T:3714024 RPD:1
[CH: 50] LEN: 12 | HEX: F9 77 FC F2 FE 74 90 FF DC 4C BD FF | T:3714036 RPD:1
[CH: 50] LEN: 12 | HEX: F9 77 7C FC FE 78 90 EF 09 8A AD FB | T:3714036 RPD:0
[CH: 50] LEN: 12 | HEX: F9 77 DD FB EE 75 90 FF 41 2D BF 7F | T:3714047 RPD:1
[CH: 50] LEN: 12 | HEX: F9 77 BE FC F6 72 90 FF E3 69 B7 FF | T:3714047 RPD:0
[CH: 50] LEN: 12 | HEX: F9 77 DE F3 DE 75 90 F7 41 2D AF FF | T:3714059 RPD:1
[CH: 50] LEN: 12 | HEX: F9 77 DC FE EB 70 90 FF 89 8A AF FD | T:3714070 RPD:1
[CH: 50] LEN: 12 | HEX: F9 77 FE FD FA 73 90 FF 3E 08 AF 6F | T:3714070 RPD:0
[CH: 50] LEN: 12 | HEX: F9 7F DE FA FC 74 90 F7 DC 4C AF F7 | T:3714082 RPD:1
[CH: 50] LEN: 12 | HEX: F9 77 DE FB D6 75 90 F5 41 2D AE FF | T:3714082 RPD:0
[CH: 50] LEN: 12 | HEX: F9 77 FA F2 FE 74 90 FF 3C 4C BF FF | T:3714093 RPD:1
[CH: 50] LEN: 12 | HEX: F9 77 FD F4 F4 72 90 FF 63 69 BF EF | T:3714104 RPD:1
[CH: 50] LEN: 12 | HEX: F9 77 FE FB FF 75 90 FF 41 2D AF 7B | T:3714105 RPD:1
[CH: 50] LEN: 12 | HEX: F1 77 DD FD FE 73 90 F5 3C 08 B7 7F | T:3714116 RPD:1
[CH: 50] LEN: 12 | HEX: F9 77 FE FA FE 74 90 FF DC 4C BF ED | T:3714116 RPD:0
[CH: 50] LEN: 12 | HEX: F9 77 DE FC FE 70 90 FF 89 8A BF FE | T:3714128 RPD:1
[CH: 50] LEN: 12 | HEX: F1 77 FF FB FE 75 90 FD 41 2D BF DF | T:3714128 RPD:0
[CH: 50] LEN: 12 | HEX: F9 77 FB FA F7 74 90 FF DC 4C BE 7F | T:3714139 RPD:1
[CH: 50] LEN: 12 | HEX: F9 77 FE FC FD 72 90 F7 A3 69 AF 5F | T:3714150 RPD:1
[CH: 50] LEN: 12 | HEX: F9 77 FE FB F6 75 90 FF 41 2D BF 6F | T:3714151 RPD:0
[CH: 50] LEN: 12 | HEX: F9 77 D6 FD FE 73 90 FF 3E 08 BF FF | T:3714162 RPD:1
[CH: 50] LEN: 12 | HEX: F9 77 DE FD FE 73 90 F7 3E 08 BD AF | T:3714162 RPD:0
[CH: 50] LEN: 12 | HEX: F9 77 FD F8 FE 72 90 ED 63 69 BD FA | T:3714174 RPD:1
[CH: 50] LEN: 12 | HEX: F9 77 FA FA FA 74 90 FB DC 4C BF FE | T:3714185 RPD:1
[CH: 50] LEN: 12 | HEX: F9 77 FD FE FE 70 90 FF 89 8A AB 6E | T:3714185 RPD:0
[CH: 50] LEN: 12 | HEX: F9 77 FF FB DE 75 90 FF 41 2D BE DD | T:3714196 RPD:1
[CH: 50] LEN: 12 | HEX: F9 77 FC FD FE 73 90 FF 3C 08 BF F6 | T:3714197 RPD:0
[CH: 50] LEN: 12 | HEX: F9 77 FE FC F5 72 90 FF A3 69 BF F7 | T:3714208 RPD:1
[CH: 50] LEN: 12 | HEX: F1 77 5E FE FE 70 90 FB 89 8A BF FF | T:3714208 RPD:0
[CH: 50] LEN: 12 | HEX: F9 77 FD F9 F6 73 D0 F5 3E 08 AF F7 | T:3714219 RPD:1
[CH: 50] LEN: 12 | HEX: F9 77 BD FA FE 74 90 FB 9C 4C BF D7 | T:3714231 RPD:1
[CH: 50] LEN: 12 | HEX: F9 77 FD F6 FE 70 90 FF 89 8A BB FF | T:3714231 RPD:0
[CH: 50] LEN: 12 | HEX: F9 77 BA F3 FE 75 90 FF 41 2D AD FF | T:3714242 RPD:1
[CH: 50] LEN: 12 | HEX: F9 7F FD FC F6 72 90 F7 A3 69 AF AE | T:3714243 RPD:1
[CH: 50] LEN: 12 | HEX: F1 77 FF FB DC 75 90 FF 41 2D AF FD | T:3714254 RPD:1
[CH: 50] LEN: 12 | HEX: E9 77 DE FE FE 70 90 F7 89 8A BD FB | T:3714265 RPD:1
[CH: 50] LEN: 12 | HEX: F9 77 FB FD FC 73 90 F5 3D 08 AE FE | T:3714265 RPD:0
[CH: 50] LEN: 12 | HEX: F9 77 D6 FA F5 74 90 FA DC 4C AF F7 | T:3714277 RPD:1
[CH: 50] LEN: 12 | HEX: F1 77 FB FB FC 75 90 FF 41 2D BF F7 | T:3714277 RPD:0
[CH: 50] LEN: 12 | HEX: F9 77 FE F2 FE 74 90 FF DC 4C AF BF | T:3714288 RPD:1
[CH: 50] LEN: 12 | HEX: F9 77 DC FC EA 72 90 FE E3 69 BD EF | T:3714300 RPD:1
[CH: 50] LEN: 12 | HEX: F9 77 EC F3 FE 75 90 F7 41 2D BA FD | T:3714300 RPD:0
[CH: 50] LEN: 12 | HEX: F1 77 FE FD FE 73 90 FF 3E 08 BF FF | T:3714311 RPD:1
[CH: 50] LEN: 12 | HEX: F9 77 FC FE FE 70 90 FB 89 8A AF 5B | T:3714311 RPD:0
[CH: 50] LEN: 12 | HEX: F9 77 DE FD FE 73 90 FF 3E 08 BF FF | T:3714323 RPD:1
[CH: 50] LEN: 12 | HEX: F9 77 FE FB EE 75 90 FB 41 2D AF FF | T:3714323 RPD:0
[CH: 50] LEN: 12 | HEX: F9 77 D6 F2 FD 74 90 FF BC 4C AF CC | T:3714334 RPD:1
[CH: 50] LEN: 12 | HEX: F1 77 FD F4 FE 7A 90 F5 63 69 BD CE | T:3714346 RPD:1
[CH: 50] LEN: 12 | HEX: F9 77 DA F3 FE 75 90 FB 41 2D BB F7 | T:3714346 RPD:0
[CH: 50] LEN: 12 | HEX: F9 77 DD FD FE 73 90 FF 3E 08 AF 6E | T:3714357 RPD:1
[CH: 50] LEN: 12 | HEX: F9 77 FD FE FE 70 90 FF 89 8A AF EF | T:3714357 RPD:0
[CH: 50] LEN: 12 | HEX: F1 77 FF FD FE 73 90 FF 3E 08 BD FF | T:3714369 RPD:1
[CH: 50] LEN: 12 | HEX: F1 77 DD F2 FE 74 90 FF DD 4C BD DE | T:3714380 RPD:1
[CH: 50] LEN: 12 | HEX: F9 77 DE FE FE 70 90 FF 89 8A BF AB | T:3714380 RPD:0
[CH: 50] LEN: 12 | HEX: F9 77 DD FB DC 75 90 FF 41 2D BF FC | T:3714392 RPD:1
[CH: 50] LEN: 12 | HEX: F9 77 DB FD EA 73 90 FF 3E 08 AE FF | T:3714392 RPD:0
[CH: 50] LEN: 12 | HEX: F9 77 FE FC FE 72 90 FF A3 69 B7 FD | T:3714403 RPD:1
[CH: 50] LEN: 12 | HEX: F9 77 DC FE EE 70 90 FF 09 8A AF BA | T:3714403 RPD:0
[CH: 50] LEN: 12 | HEX: F9 77 DC F7 FE 73 90 FF 3E 08 BF ED | T:3714415 RPD:1
[CH: 50] LEN: 12 | HEX: F1 77 FB FA FC 74 90 FB DC 4C BB EF | T:3714426 RPD:1
[CH: 50] LEN: 12 | HEX: F9 77 DE F9 EE 73 90 FF 3E 08 BF 5F | T:3714426 RPD:0
[CH: 50] LEN: 12 | HEX: F5 77 FF FB FE 75 90 FF 41 2D BB AD | T:3714437 RPD:1
[CH: 50] LEN: 12 | HEX: F9 77 DE F4 FE 72 90 FF 63 69 BE DB | T:3714438 RPD:0
[CH: 50] LEN: 12 | HEX: F9 77 EA FB FE 75 90 F7 41 2D AF EF | T:3714449 RPD:1
[CH: 50] LEN: 12 | HEX: F9 77 FC FC FE 72 90 F5 22 69 AD EE | T:3714460 RPD:1
[CH: 50] LEN: 12 | HEX: F9 77 FD FB FE 75 90 F6 41 2D BF EF | T:3714461 RPD:0
[CH: 50] LEN: 12 | HEX: F9 77 DD FA FE 74 90 FF BC 4C BF FF | T:3714472 RPD:1
[CH: 50] LEN: 12 | HEX: F1 77 FD F3 FE 75 90 FF 41 2D AA DF | T:3714472 RPD:0
[CH: 50] LEN: 12 | HEX: F9 77 FE FA FE 74 90 FF BC 4C AF FF | T:3714483 RPD:1
[CH: 50] LEN: 12 | HEX: F9 77 DD FC F4 72 90 FF A3 69 AF FF | T:3714495 RPD:1
[CH: 50] LEN: 12 | HEX: F9 77 FC FB FE 75 90 F5 41 2D BF FF | T:3714495 RPD:0
[CH: 50] LEN: 12 | HEX: F1 77 FB F5 FE 73 90 FF 3E 08 AF FF | T:3714506 RPD:1
[CH: 50] LEN: 12 | HEX: F9 77 DE FE FE 70 90 EF 49 8A AF FB | T:3714507 RPD:0
[CH: 50] LEN: 12 | HEX: F9 77 DE F9 FE 73 90 F5 3E 08 AF DF | T:3714518 RPD:1
[CH: 50] LEN: 12 | HEX: F9 77 FD F2 FA 74 90 F5 DC 4C BD DF | T:3714518 RPD:1
[CH: 50] LEN: 12 | HEX: F9 77 DB F6 FE 70 90 FF 89 8A AD FF | T:3714529 RPD:1
[CH: 50] LEN: 12 | HEX: F1 77 AE F9 EE 73 90 FF 3E 08 B7 7F | T:3714541 RPD:1
[CH: 50] LEN: 12 | HEX: F9 77 FE FC EE 72 90 FF A3 69 BB FF | T:3714541 RPD:0
[CH: 50] LEN: 12 | HEX: F1 77 FE FB D6 75 90 FF 41 2D BE FF | T:3714552 RPD:1
[CH: 50] LEN: 12 | HEX: F9 7F 5E FA FE 74 90 FF BC 4C BF BF | T:3714553 RPD:1
[CH: 50] LEN: 12 | HEX: F9 7F FE FE FE 70 90 FB 89 8A AF F6 | T:3714564 RPD:1
[CH: 50] LEN: 12 | HEX: F9 77 FE FD FE 73 90 FF 3C 08 BB FE | T:3714575 RPD:1
[CH: 50] LEN: 12 | HEX: F1 77 FE FC F6 72 90 FF 63 69 BF EF | T:3714575 RPD:0
[CH: 50] LEN: 12 | HEX: F1 77 FD FA FE 74 90 EF 3C 4C BF BE | T:3714587 RPD:0
[CH: 50] LEN: 12 | HEX: F1 77 FE 80 00 71 90 FF 36 F3 AE F7 | T:3714608 RPD:1
[CH: 50] LEN: 12 | HEX: F9 77 F5 00 00 71 90 FA 36 F3 BF FF | T:3714608 RPD:1
[CH: 50] LEN: 12 | HEX: F8 6D FF 00 FE EA 91 FF 78 98 BF DF | T:3714638 RPD:1
[CH: 50] LEN: 12 | HEX: F0 6D FF 00 FE F2 91 FF 70 98 BB 6F | T:3714639 RPD:1
[CH: 50] LEN: 12 | HEX: E9 77 FE 80 00 71 91 F7 05 C2 AF FF | T:3714908 RPD:1
[CH: 50] LEN: 12 | HEX: F1 67 FD 80 00 71 91 EE 85 C2 BF DF | T:3714908 RPD:1
[CH: 50] LEN: 12 | HEX: F8 6D FF 00 FE FA 91 F7 70 98 BE FF | T:3714938 RPD:1
[CH: 50] LEN: 12 | HEX: F0 6D FF 00 FE F2 91 FE F0 98 BB 7F | T:3714939 RPD:1
[CH: 50] LEN: 12 | HEX: F9 77 DD 00 00 71 91 FF 05 E2 AD 7F | T:3715207 RPD:1
[CH: 50] LEN: 12 | HEX: F9 77 FF 00 00 71 91 FE 05 C2 BE EF | T:3715208 RPD:1
[CH: 50] LEN: 12 | HEX: F8 6D F6 00 F6 F2 91 FF F8 98 AE FB | T:3715238 RPD:1
[CH: 50] LEN: 12 | HEX: F8 6D FF 00 FE FA 91 FD F0 98 B7 FF | T:3715238 RPD:1
[CH: 50] LEN: 12 | HEX: F9 77 BA 00 00 71 91 EE 05 C2 BF 57 | T:3715507 RPD:1
[CH: 50] LEN: 12 | HEX: F1 77 B4 00 00 71 91 FE 85 C2 B7 FF | T:3715508 RPD:1
[CH: 50] LEN: 12 | HEX: F8 6D FE 00 F6 F2 91 FF F0 98 BF FF | T:3715537 RPD:1
[CH: 50] LEN: 12 | HEX: F8 6D F7 00 FE FA 91 FF 70 98 BB 6F | T:3715538 RPD:1
[CH: 50] LEN: 12 | HEX: F1 77 FF 00 00 71 91 FF 05 C2 BE FF | T:3715807 RPD:1
[CH: 50] LEN: 12 | HEX: F9 77 DE 80 00 71 91 FE 85 C2 BF FF | T:3715807 RPD:1
[CH: 50] LEN: 12 | HEX: F8 6D FF 00 FC F2 91 FF 70 98 AF 7F | T:3715837 RPD:1
[CH: 50] LEN: 12 | HEX: F0 6D FF 00 FE FA 91 EF 78 98 AF EB | T:3715838 RPD:1
[CH: 50] LEN: 12 | HEX: F1 77 FD 80 00 75 91 FF 05 C2 BF FE | T:3716106 RPD:1
[CH: 50] LEN: 12 | HEX: F9 77 FD 00 00 71 91 FF 05 C2 AE FF | T:3716107 RPD:1
[CH: 50] LEN: 12 | HEX: F0 6D FD 80 FE F2 91 F7 70 98 BF A5 | T:3716137 RPD:1
[CH: 50] LEN: 12 | HEX: F8 6D FF 00 F4 FA 91 EF 70 98 BF BF | T:3716138 RPD:1
[CH: 50] LEN: 12 | HEX: F9 77 AD 00 00 71 91 FF 05 C2 AB D7 | T:3716406 RPD:1
[CH: 50] LEN: 12 | HEX: F9 77 FA 00 00 71 91 FF 85 C2 AD AE | T:3716407 RPD:1
[CH: 50] LEN: 12 | HEX: F0 6D FF 00 F6 F6 91 EA 70 98 BE DE | T:3716437 RPD:1
[CH: 50] LEN: 12 | HEX: F4 6D F5 00 FE FA 91 DA 70 98 BA DE | T:3716437 RPD:1
[CH: 50] LEN: 12 | HEX: F9 77 FD 80 00 71 91 FF 05 C2 AF FF | T:3716706 RPD:1
[CH: 50] LEN: 12 | HEX: F9 77 BE 00 00 71 91 FE 05 C2 BF F4 | T:3716707 RPD:1
[CH: 50] LEN: 12 | HEX: FC 6D FE 80 FE F2 91 FE F0 98 BF ED | T:3716736 RPD:1
[CH: 50] LEN: 12 | HEX: F8 6D EA 00 FE F2 91 EE 70 98 BD 7F | T:3716737 RPD:1
[CH: 50] LEN: 12 | HEX: F1 77 DF 00 00 71 91 FE 85 C2 AF F7 | T:3717006 RPD:1
[CH: 50] LEN: 12 | HEX: F0 6D FF 00 FE FA 91 EF 70 98 BE FF | T:3717036 RPD:1
[CH: 50] LEN: 12 | HEX: F8 6D FE 80 F6 FA 91 FF 70 98 BF FD | T:3717037 RPD:1
[CH: 50] LEN: 12 | HEX: F9 77 5D 00 00 71 91 FF 05 C2 BB EF | T:3717306 RPD:1
[CH: 50] LEN: 12 | HEX: F1 77 DF 00 00 71 91 EE 05 C2 AF FF | T:3717306 RPD:1
[CH: 50] LEN: 12 | HEX: F8 6D FE 80 FE FA 91 EF 70 98 BF FF | T:3717336 RPD:1
[CH: 50] LEN: 12 | HEX: F0 6D FE 00 FA FA 91 FF 70 98 AF FF | T:3717337 RPD:1
[CH: 50] LEN: 12 | HEX: F9 77 FF 00 00 71 91 FF 05 E2 BB FD | T:3717605 RPD:1
[CH: 50] LEN: 12 | HEX: F9 77 FF 00 00 71 91 DE 85 C2 AF 7F | T:3717606 RPD:1
[CH: 50] LEN: 12 | HEX: F8 6D FF 00 FE FA 91 FF 70 98 BF FF | T:3717636 RPD:1
[CH: 50] LEN: 12 | HEX: F8 6D FE 00 FE F2 91 FF 70 98 AF BF | T:3717637 RPD:1
[CH: 50] LEN: 12 | HEX: F9 77 FA 00 00 71 91 DB 05 C2 BF FF | T:3717905 RPD:1
[CH: 50] LEN: 12 | HEX: F9 77 FF 00 00 71 91 FE 05 C2 BA AD | T:3717906 RPD:1
[CH: 50] LEN: 12 | HEX: F0 6D FE 00 EE FA 91 D5 70 98 AD FE | T:3717936 RPD:1
[CH: 50] LEN: 12 | HEX: F0 6D FE 80 EE F2 91 FF 70 98 AF FF | T:3717936 RPD:1
[CH: 50] LEN: 12 | HEX: F9 77 AA 00 00 71 91 FE 05 C2 BD FF | T:3718205 RPD:1
[CH: 50] LEN: 12 | HEX: F9 77 7B 00 00 71 91 DE 85 C2 BF EF | T:3718206 RPD:1
[CH: 50] LEN: 12 | HEX: F8 6D FF 00 FE FA 91 FF 78 98 AB F7 | T:3718236 RPD:1
[CH: 50] LEN: 12 | HEX: F8 6D FF 00 FE FA 91 FE F0 98 AD DB | T:3718236 RPD:1
[CH: 50] LEN: 12 | HEX: E9 77 FF 00 00 71 91 F7 05 C2 BF 7F | T:3718505 RPD:1
[CH: 50] LEN: 12 | HEX: F5 77 AD 00 00 71 91 D7 45 C2 AF FF | T:3718506 RPD:1
[CH: 50] LEN: 12 | HEX: F8 6D FF 00 FA FA 91 FE F0 98 AF EE | T:3718535 RPD:1
[CH: 50] LEN: 12 | HEX: F8 6D EB 00 F6 F2 91 F6 F0 98 AF AF | T:3718536 RPD:1
[CH: 50] LEN: 12 | HEX: F1 77 FE 80 00 71 91 EF 05 E2 BF 76 | T:3718805 RPD:1
[CH: 50] LEN: 12 | HEX: F9 77 BA 00 00 71 91 ED 85 C2 AF FF | T:3718805 RPD:1
[CH: 50] LEN: 12 | HEX: F0 6D F7 00 EA F2 91 FF 70 98 AF FF | T:3718835 RPD:1
[CH: 50] LEN: 12 | HEX: F8 6D E5 80 FE F2 91 FF F0 98 BF DF | T:3718836 RPD:1
[CH: 50] LEN: 12 | HEX: F9 77 FE 80 00 71 91 FF 05 C2 BB FF | T:3719104 RPD:1
[CH: 50] LEN: 12 | HEX: F9 77 DA 00 00 71 91 FF 05 C2 BE BF | T:3719105 RPD:1
[CH: 50] LEN: 12 | HEX: F8 6D FF 00 FE FA 91 EF 70 98 AF 77 | T:3719135 RPD:1
[CH: 50] LEN: 12 | HEX: F8 6D F6 00 FE FA 91 F5 70 98 BF FF | T:3719136 RPD:1
[CH: 50] LEN: 12 | HEX: F9 77 FE 80 00 71 91 FF 05 C2 AE FF | T:3719404 RPD:1
[CH: 50] LEN: 12 | HEX: F9 77 FD 00 00 71 91 FE 85 C2 AF FF | T:3719405 RPD:1
[CH: 50] LEN: 12 | HEX: F0 6D FF 00 EE EA 91 FF 70 98 AF DF | T:3719435 RPD:1
[CH: 50] LEN: 12 | HEX: F8 6D FF 00 FE FA 91 F7 70 98 BF AB | T:3719435 RPD:1
[CH: 50] LEN: 12 | HEX: F9 77 F5 00 00 71 91 DE 05 C2 BE FE | T:3719704 RPD:1
[CH: 50] LEN: 12 | HEX: F9 77 FF 00 00 71 91 FE 85 C2 BF 9E | T:3719705 RPD:1
[CH: 50] LEN: 12 | HEX: F2 6D F5 00 FA FA 91 FE F0 98 AF FB | T:3719734 RPD:1
[CH: 50] LEN: 12 | HEX: F0 6D F6 00 FE FA 91 FF 70 98 AD F6 | T:3719735 RPD:1
[CH: 50] LEN: 12 | HEX: FA 76 FF 00 8C EA 91 EF 2C 77 AF FF | T:3719949 RPD:1
[CH: 50] LEN: 12 | HEX: FA 76 FE FA 73 FA 91 EB B2 8A AF 6F | T:3719979 RPD:1
[CH: 50] LEN: 12 | HEX: FA 76 F6 F9 70 FA 91 FF 67 84 AF ED | T:3719982 RPD:1
[CH: 50] LEN: 12 | HEX: F2 76 FE FA 71 FA 91 FF FB 61 BF 7F | T:3719986 RPD:1
[CH: 50] LEN: 12 | HEX: FA 76 FE FB 76 FA 91 EF CD 98 BB FF | T:3719998 RPD:1
[CH: 50] LEN: 12 | HEX: F2 76 FE FA 77 FA 91 FE D1 7D BF EF | T:3719998 RPD:0
[CH: 50] LEN: 12 | HEX: FA 76 FE F9 74 FA 91 FF D4 73 ED BF | T:3720009 RPD:0
[CH: 50] LEN: 12 | HEX: FA 76 FE F0 75 EA 91 D5 B8 96 BE DD | T:3720028 RPD:1
[CH: 50] LEN: 12 | HEX: F2 76 F4 F7 7A F2 91 FD 09 81 BF FF | T:3720057 RPD:1
[CH: 50] LEN: 12 | HEX: F2 76 FE F6 7B AA 91 FE 55 64 AE DF | T:3720087 RPD:1
[CH: 50] LEN: 12 | HEX: FA 76 EA F5 78 F2 91 FF A0 6A BF FB | T:3720117 RPD:1
[CH: 50] LEN: 12 | HEX: FA 76 FE F4 79 FA 91 EF 5C 8F BF FF | T:3720148 RPD:1
[CH: 50] LEN: 12 | HEX: FA 76 FE F3 7E FA 91 FF 6A 76 AB FF | T:3720177 RPD:1
[CH: 50] LEN: 12 | HEX: FA 76 FE F2 7F BA 91 FF 16 93 BB FA | T:3720207 RPD:1
[CH: 50] LEN: 12 | HEX: FA 76 FE F1 7C EA 91 FF 63 9D BF FB | T:3720237 RPD:1
[CH: 50] LEN: 12 | HEX: FA 76 FC F0 79 EE 91 D5 3F 78 AB FF | T:3720267 RPD:1
[CH: 50] LEN: 12 | HEX: FA 76 FE EF 62 F2 91 FF 11 92 BB FF | T:3720297 RPD:1
[CH: 50] LEN: 12 | HEX: F2 76 FE EE 63 BA 91 EF 8D 77 BA FD | T:3720327 RPD:1
[CH: 50] LEN: 12 | HEX: F2 76 FE ED 60 FA 91 FF B8 79 BF 4A | T:3720357 RPD:1
[CH: 50] LEN: 12 | HEX: FA 76 FA EC 61 F2 91 FE 64 9C BF BD | T:3720387 RPD:1
[CH: 50] LEN: 12 | HEX: FA 76 F5 EB 66 FA 91 EF 52 65 AE FF | T:3720417 RPD:1
[CH: 50] LEN: 12 | HEX: FA 76 F6 EA 67 FA 91 FF 8F 80 AF FF | T:3720447 RPD:1
[CH: 50] LEN: 12 | HEX: F2 76 EE E9 64 F2 91 FF D3 8E AF FF | T:3720477 RPD:1
[CH: 50] LEN: 12 | HEX: FA 76 FC E8 65 FA 91 F7 27 EB BF FD | T:3720507 RPD:1
[CH: 50] LEN: 12 | HEX: FA 76 FA E7 6A FA 91 F7 96 7C AD 7F | T:3720537 RPD:1
[CH: 50] LEN: 12 | HEX: EA 76 FC E6 6B FA 91 FF 4A 99 BE DB | T:3720567 RPD:1
[CH: 50] LEN: 12 | HEX: FA 76 FE E5 68 F2 91 FF BF 97 BF AE | T:3720597 RPD:1
[CH: 50] LEN: 12 | HEX: FA 76 FE E4 69 F2 91 FF D3 7A BF FF | T:3720627 RPD:1
[CH: 50] LEN: 12 | HEX: FA 76 FE E3 6E F2 91 DE 95 8B AE FB | T:3720657 RPD:1
[CH: 50] LEN: 12 | HEX: F2 76 FE E2 6F FA 91 DE 09 6E BF 7E | T:3720687 RPD:1
[CH: 50] LEN: 12 | HEX: FA 76 FE E1 6C FA 91 EE 78 60 BF FF | T:3720717 RPD:1
[CH: 50] LEN: 12 | HEX: FA 76 EE E0 6D DA 91 DE E0 85 BF FD | T:3720747 RPD:1
[CH: 50] LEN: 12 | HEX: FA 76 FE DF 52 FA 91 FF B1 95 AF FF | T:3720777 RPD:1
[CH: 50] LEN: 12 | HEX: FA 76 FC FC 73 DA 91 D6 92 8A AB 7F | T:3720807 RPD:1
[CH: 50] LEN: 12 | HEX: FA 76 FE F5 70 F2 91 FF E7 84 AD EB | T:3720811 RPD:1
[CH: 50] LEN: 12 | HEX: FA 76 FE FB 76 FA 91 F5 4D 98 BD 5B | T:3720818 RPD:1
[CH: 50] LEN: 12 | HEX: FA 76 FE F2 77 FA 91 FF 91 75 BF FF | T:3720822 RPD:1
[CH: 50] LEN: 12 | HEX: F2 76 FA F1 74 FA 91 EF A4 73 AF 7F | T:3720833 RPD:1
[CH: 50] LEN: 12 | HEX: F2 76 FE F0 75 FA 91 EE 38 96 BB 91 | T:3720855 RPD:1
[CH: 50] LEN: 12 | HEX: FA 76 F5 F7 7A FA 91 EA 89 81 AB BF | T:3720885 RPD:1
[CH: 50] LEN: 12 | HEX: FA 76 F4 F6 7B D6 91 FF 55 64 AF ED | T:3720915 RPD:1
[CH: 50] LEN: 12 | HEX: FA 76 FA F5 78 FA 91 EE 20 6A AB F9 | T:3720945 RPD:1
[CH: 50] LEN: 12 | HEX: F2 76 EE F4 79 F2 91 EE BC 8F 3F EA | T:3720975 RPD:1
[CH: 50] LEN: 12 | HEX: FA 76 FD F3 7E FA 91 FF AA 7E BF DD | T:3721005 RPD:1
[CH: 50] LEN: 12 | HEX: FA 76 D6 E2 75 EA 91 ED 96 93 BF BF | T:3721035 RPD:1
[CH: 50] LEN: 12 | HEX: FA 76 FE F1 7C FA 91 FF 63 9D BF F7 | T:3721065 RPD:1
[CH: 50] LEN: 12 | HEX: FA 76 FE F0 79 F2 91 FE BF 78 BF DF | T:3721095 RPD:1
[CH: 50] LEN: 12 | HEX: F2 76 FE EF 62 FA 91 FD 11 92 AE FF | T:3721125 RPD:1
[CH: 50] LEN: 12 | HEX: F2 76 FE EE 63 FA 91 F7 2D 77 BD FF | T:3721155 RPD:1
[CH: 50] LEN: 12 | HEX: F2 76 FD ED 60 F2 91 D7 F8 79 BF BF | T:3721185 RPD:1
[CH: 50] LEN: 12 | HEX: F2 76 F6 EC 61 F6 91 FE E4 9C AF BB | T:3721215 RPD:1
[CH: 50] LEN: 12 | HEX: FA 76 FC EB 66 FA 91 FF 52 65 AD AF | T:3721245 RPD:1
[CH: 50] LEN: 12 | HEX: FA 76 EA EA 67 FA 91 FE CE 80 BD FF | T:3721275 RPD:1
[CH: 50] LEN: 12 | HEX: FA 76 F6 E9 64 F6 91 FF FB CE BF F7 | T:3721305 RPD:1
[CH: 50] LEN: 12 | HEX: F2 76 F6 E8 65 EA 91 FF 67 6B AF F7 | T:3721335 RPD:1
[CH: 50] LEN: 12 | HEX: EA 76 FE E7 6A FA 91 D7 56 78 BF 7B | T:3721364 RPD:1
[CH: 50] LEN: 12 | HEX: F2 76 FE E6 6B FA 91 FE CA 99 BF FB | T:3721394 RPD:1
[CH: 50] LEN: 12 | HEX: FA 76 FE E5 68 EA 91 AE 3A 97 2F DF | T:3721424 RPD:1
[CH: 50] LEN: 12 | HEX: FA 76 EC E4 69 F6 91 FF E3 7A BF 6F | T:3721454 RPD:1
[CH: 50] LEN: 12 | HEX: FA 76 FE E3 6E FA 91 D6 95 8B AE DA | T:3721484 RPD:1
[CH: 50] LEN: 12 | HEX: FA 76 ED E2 6F FA 91 EF 09 6E AF FF | T:3721514 RPD:1
[CH: 50] LEN: 12 | HEX: FA 76 FE E1 6C FA 91 F6 7C 60 AF FD | T:3721544 RPD:1
[CH: 50] LEN: 12 | HEX: FA 76 FE E0 6D FA 91 FF 60 85 BE EE | T:3721574 RPD:1
[CH: 50] LEN: 12 | HEX: F2 76 F4 DE 52 FA 91 FF 31 95 AF FF | T:3721604 RPD:1
[CH: 50] LEN: 12 | HEX: FA 76 FE FE 73 F6 91 FF 52 8A BD AD | T:3721634 RPD:1
[CH: 50] LEN: 12 | HEX: F2 76 FE FD 70 FA 91 FE E7 84 BB DF | T:3721638 RPD:1
[CH: 50] LEN: 12 | HEX: FA 76 FE FC 71 FA 91 FF 7B 61 AD B7 | T:3721641 RPD:1
[CH: 50] LEN: 12 | HEX: FA 7E FE FB 76 FA 91 FF 4D 98 BE 77 | T:3721652 RPD:1
[CH: 50] LEN: 12 | HEX: F2 76 FE FA 77 7A 91 FF 91 7D BF DD | T:3721653 RPD:0
[CH: 50] LEN: 12 | HEX: FA 76 FE F9 74 EA 91 FE A4 73 BE FF | T:3721664 RPD:0
[CH: 50] LEN: 12 | HEX: FA 76 FE F8 75 FA 91 F7 38 96 BF FE | T:3721682 RPD:1
[CH: 50] LEN: 12 | HEX: F6 76 F6 F7 7A FA 91 FD 09 81 AA F7 | T:3721712 RPD:1
[CH: 50] LEN: 12 | HEX: FA 76 F6 F6 7B DE 91 FE 55 64 BF DF | T:3721742 RPD:1
[CH: 50] LEN: 12 | HEX: F2 76 FA F5 78 F2 91 E9 20 6A AE FF | T:3721772 RPD:1
[CH: 50] LEN: 12 | HEX: FA 76 FE F4 79 FA 91 FF BC 8F BF FF | T:3721802 RPD:1
[CH: 50] LEN: 12 | HEX: FA 76 FE F3 7E FA 91 F5 CA 76 AF BD | T:3721832 RPD:1
[CH: 50] LEN: 12 | HEX: F2 76 EE F2 77 AA 91 D4 96 93 AF 7E | T:3721862 RPD:1
[CH: 50] LEN: 12 | HEX: F2 76 FE F1 7A FA 91 FF 63 9D AF BF | T:3721892 RPD:1
[CH: 50] LEN: 12 | HEX: F2 76 FE F0 7D EA 91 F7 7F 78 AB FD | T:3721922 RPD:1
[CH: 50] LEN: 12 | HEX: F2 76 FE EF 62 FA 91 FF 11 92 BF FF | T:3721952 RPD:1
[CH: 50] LEN: 12 | HEX: FA 76 FE EE 63 FA 91 FF 4D 77 2F F7 | T:3721982 RPD:1
[CH: 50] LEN: 12 | HEX: FA 76 F5 ED 60 F6 91 FF FC 79 EF FF | T:3722012 RPD:1
[CH: 50] LEN: 12 | HEX: FA 76 FE EC 61 FA 91 FE 64 9C BF 6F | T:3722042 RPD:1
[CH: 50] LEN: 12 | HEX: FA 76 F5 EB 66 F2 91 D7 52 65 AF F3 | T:3722072 RPD:1
[CH: 50] LEN: 12 | HEX: F2 76 F4 EA 67 FA 91 FF CE 80 AA FD | T:3722102 RPD:1
[CH: 50] LEN: 12 | HEX: F2 76 FA E9 64 FA 91 FD 7B CE AF FF | T:3722132 RPD:1
[CH: 50] LEN: 12 | HEX: F2 76 FE E8 65 FA 91 FE 27 6B AE F7 | T:3722162 RPD:1
[CH: 50] LEN: 12 | HEX: FA 76 FA E7 6A F2 91 D5 16 7C BF F6 | T:3722192 RPD:1
[CH: 50] LEN: 12 | HEX: F2 76 EE E6 6B D2 91 FE CA 99 AF BF | T:3722222 RPD:1
[CH: 50] LEN: 12 | HEX: F2 76 FE E5 68 F2 91 FE BB 97 AD F6 | T:3722252 RPD:1
[CH: 50] LEN: 12 | HEX: F2 76 FE E4 69 EA 91 FF 43 72 B7 FF | T:3722282 RPD:1
[CH: 50] LEN: 12 | HEX: FA 76 F6 E3 6E FA 91 EE 95 8B BF F7 | T:3722312 RPD:1
[CH: 50] LEN: 12 | HEX: FA 76 FE E1 6C FA 91 FF 7C 60 AF C4 | T:3722372 RPD:1
[CH: 50] LEN: 12 | HEX: F2 76 EA F0 6D FA 91 FE E0 85 BF DF | T:3722402 RPD:1
[CH: 50] LEN: 12 | HEX: FA 76 FE DF 52 F2 91 FF 31 95 AF E6 | T:3722432 RPD:1
[CH: 50] LEN: 12 | HEX: FA 76 FE FE 73 FA 91 FF B2 8A BF FF | T:3722462 RPD:1
[CH: 50] LEN: 12 | HEX: F2 76 FA F9 70 FA 91 FF 67 04 AF FF | T:3722465 RPD:1
[CH: 50] LEN: 12 | HEX: F2 76 FE F4 71 FA 91 F6 FB 61 AD FF | T:3722469 RPD:1
[CH: 50] LEN: 12 | HEX: FA 76 FE F3 76 F2 91 FF 4D 98 BD 56 | T:3722481 RPD:1
[CH: 50] LEN: 12 | HEX: EA 76 EE FA 77 FA 91 FE 91 7D BF BF | T:3722481 RPD:0
[CH: 50] LEN: 12 | HEX: FA 76 FE F5 74 FA 91 FF E4 73 FF AF | T:3722492 RPD:0
[CH: 50] LEN: 12 | HEX: F2 76 FE F0 75 EA 91 FF 38 96 BF FD | T:3722510 RPD:1
[CH: 50] LEN: 12 | HEX: FA 76 F6 F7 7A F2 91 F7 49 81 AF F7 | T:3722540 RPD:1
[CH: 50] LEN: 12 | HEX: FA 76 FE F6 7B FA 91 F6 D5 64 AF 6F | T:3722570 RPD:1
[CH: 50] LEN: 12 | HEX: FA 76 FE F5 78 FA 91 F6 A0 6A AF FA | T:3722600 RPD:1
[CH: 50] LEN: 12 | HEX: F2 76 FE F4 71 EA 91 FF 5C 8F BE FF | T:3722630 RPD:1
[CH: 50] LEN: 12 | HEX: FA 76 FE F3 7D F2 91 FF 4A 76 BF FF | T:3722660 RPD:1
[CH: 50] LEN: 12 | HEX: FA 76 FC F2 7E FA 91 FF 16 93 BD 77 | T:3722690 RPD:1
[CH: 50] LEN: 12 | HEX: FA 76 FE F1 7C F2 91 FE E3 9D BB FE | T:3722720 RPD:1
[CH: 50] LEN: 12 | HEX: FA 76 FE F0 7D D2 91 EE BD 78 AB FA | T:3722750 RPD:1
[CH: 50] LEN: 12 | HEX: F2 76 FA EF 62 FA 91 EE 91 92 B7 7F | T:3722780 RPD:1
[CH: 50] LEN: 12 | HEX: FA 76 FE EE 63 FA 91 FE AD 77 BF FF | T:3722810 RPD:1
[CH: 50] LEN: 12 | HEX: F2 76 F6 ED 60 FA 91 EF 38 79 BF FF | T:3722840 RPD:1
[CH: 50] LEN: 12 | HEX: F2 76 F6 EC 61 F6 91 FF E4 9E BF FF | T:3722870 RPD:1
[CH: 50] LEN: 12 | HEX: F2 76 F6 EB 66 FA 91 DE D2 65 AB FD | T:3722900 RPD:1
[CH: 50] LEN: 12 | HEX: F2 76 F6 EA 67 AA 91 FF 8E 80 B5 7F | T:3722930 RPD:1
[CH: 50] LEN: 12 | HEX: FA 76 F4 E9 64 FA 91 ED 7B 8E AF FF | T:3722960 RPD:1
[CH: 50] LEN: 12 | HEX: F2 76 FE E8 65 FA 91 FF 27 6B EB FD | T:3722990 RPD:1
[CH: 50] LEN: 12 | HEX: FA 76 FA E7 6A D2 91 AA 96 74 BD F7 | T:3723020 RPD:1
[CH: 50] LEN: 12 | HEX: F2 76 FE E6 6B D6 91 FF 4A 99 BE FF | T:3723050 RPD:1
[CH: 50] LEN: 12 | HEX: F2 76 F6 E5 68 F2 91 FF 3D 97 AF FE | T:3723080 RPD:1
[CH: 50] LEN: 12 | HEX: FA 76 FC E4 69 DA 91 ED 43 72 AF BA | T:3723110 RPD:1
[CH: 50] LEN: 12 | HEX: FA 7E FE F3 6E FA 91 F5 75 8B FB 75 | T:3723140 RPD:1
[CH: 50] LEN: 12 | HEX: FA 76 FE E2 6F FA 91 FF 09 6E AF BF | T:3723170 RPD:1
[CH: 50] LEN: 12 | HEX: FA 76 FC E1 6C FA 91 FF 7C 60 BF DD | T:3723200 RPD:1
[CH: 50] LEN: 12 | HEX: F2 76 FE E0 6D FA 91 FF A0 85 BF FF | T:3723230 RPD:1
[CH: 50] LEN: 12 | HEX: FA 76 FC DE 52 FA 91 FF 31 95 B7 FF | T:3723260 RPD:1
[CH: 50] LEN: 12 | HEX: FA 76 FE FE 73 F2 91 ED 52 8A AE FF | T:3723290 RPD:1
[CH: 50] LEN: 12 | HEX: FA 76 FE F9 70 FA 91 FE A7 84 B7 FF | T:3723294 RPD:1
[CH: 50] LEN: 12 | HEX: FA 76 FC F4 71 F2 91 FE 7B 61 BD 7B | T:3723297 RPD:1
[CH: 50] LEN: 12 | HEX: FA 76 FC F3 76 FA 91 FF 4D 98 AE D6 | T:3723308 RPD:1
[CH: 50] LEN: 12 | HEX: EA 76 FE F9 74 FA 91 EF E4 73 BE FF | T:3723308 RPD:1
[CH: 50] LEN: 12 | HEX: FA 76 FE F8 75 FA 91 FF 38 96 BF 7F | T:3723337 RPD:1
[CH: 50] LEN: 12 | HEX: FA 76 FE F7 7A FA 91 FF 89 81 BB FE | T:3723367 RPD:1
[CH: 50] LEN: 12 | HEX: FA 76 F4 F6 73 FA 91 FF 55 64 BF FD | T:3723397 RPD:1
[CH: 50] LEN: 12 | HEX: F6 76 FE F5 70 D2 91 EF 20 6A AD 6B | T:3723427 RPD:1
[CH: 50] LEN: 12 | HEX: FA 76 F4 F4 79 F2 91 FF D4 8F AE BF | T:3723457 RPD:1
[CH: 50] LEN: 12 | HEX: FA 76 FE F3 7E F2 91 FF CA 76 AA FF | T:3723487 RPD:1
[CH: 50] LEN: 12 | HEX: F2 76 FE F2 7F D6 91 FF 16 93 AB FD | T:3723517 RPD:1
[CH: 50] LEN: 12 | HEX: F2 76 FE F1 7C F2 91 FF 63 9D BF EF | T:3723547 RPD:1
[CH: 50] LEN: 12 | HEX: F2 7B FE 80 81 FA 91 EF 7F B7 AF F6 | T:3723756 RPD:1
[CH: 50] LEN: 12 | HEX: EA 7B DD 80 81 FA 91 FD 7D B7 EF FE | T:3723756 RPD:1
[CH: 50] LEN: 12 | HEX: F9 77 FE FE FE 70 91 FF 3A BB BF FA | T:3723787 RPD:1
[CH: 50] LEN: 12 | HEX: F9 7F FD F5 FE 73 91 FF 0D 39 BE FF | T:3723790 RPD:1
[CH: 50] LEN: 12 | HEX: F9 77 FD FC FE 72 91 D5 50 50 AF 5F | T:3723793 RPD:1
[CH: 50] LEN: 12 | HEX: F1 77 FE FB FE 75 91 FF 7A 1C BF FF | T:3723804 RPD:1
[CH: 50] LEN: 12 | HEX: F9 77 DA FA EA 74 91 FB 9F 79 AF 75 | T:3723805 RPD:0
[CH: 50] LEN: 12 | HEX: F9 77 EE FE FE 70 91 FF 7A BB AE BB | T:3723816 RPD:1
[CH: 50] LEN: 12 | HEX: F1 77 FF FB FE 73 91 FE 0D 39 BF FF | T:3723827 RPD:1
[CH: 50] LEN: 12 | HEX: F9 77 FD FC FC 72 91 DE D0 58 AB FB | T:3723828 RPD:0
[CH: 50] LEN: 12 | HEX: F9 77 FD FE FE 70 91 FF BA BB BF F7 | T:3723839 RPD:1
[CH: 50] LEN: 12 | HEX: F9 77 FA F2 FE 74 91 FF 4F 79 AE FF | T:3723839 RPD:0
[CH: 50] LEN: 12 | HEX: F1 77 FA FA FC 70 91 FF 7A BB BF B7 | T:3723850 RPD:1
[CH: 50] LEN: 12 | HEX: F1 77 BD EB FC 75 91 FF 72 1C BD EF | T:3723851 RPD:0
[CH: 50] LEN: 12 | HEX: F1 77 BC FA FA 74 91 F5 4F 75 BF F6 | T:3723862 RPD:1
[CH: 50] LEN: 12 | HEX: F9 77 FF F8 FE 72 91 FF 90 58 BB F7 | T:3723873 RPD:1
[CH: 50] LEN: 12 | HEX: F9 77 DB FA F5 74 91 FE AF 7D BA BF | T:3723873 RPD:0
[CH: 50] LEN: 12 | HEX: F9 77 DD F5 FE 73 91 FF 8D 39 AF FF | T:3723885 RPD:1
[CH: 50] LEN: 12 | HEX: F9 77 AE FA FE 74 91 F7 EF 7D BF 5A | T:3723885 RPD:0
[CH: 50] LEN: 12 | HEX: F9 77 FA FE FE 70 91 FE BA BB AF EF | T:3723896 RPD:1
[CH: 50] LEN: 12 | HEX: F9 77 FB FB DC 75 91 EF 72 1C BE FF | T:3723908 RPD:1
[CH: 50] LEN: 12 | HEX: F9 77 FD FA FE 74 91 FE AF 7D BB EF | T:3723908 RPD:0
[CH: 50] LEN: 12 | HEX: F9 77 FD F4 FE 72 91 FF 50 58 B5 BF | T:3723919 RPD:1
[CH: 50] LEN: 12 | HEX: F1 77 FE FD F4 73 91 FF 0D 39 AD 7B | T:3723919 RPD:0
[CH: 50] LEN: 12 | HEX: F9 77 FD FC FE 72 91 DE 50 58 AF EF | T:3723931 RPD:1
[CH: 50] LEN: 12 | HEX: F9 77 DC FE FE 70 91 FF 7A BB AB 7E | T:3723931 RPD:0
[CH: 50] LEN: 12 | HEX: F1 77 DE FD FE 73 91 EF 0D 39 AD 54 | T:3723942 RPD:1
[CH: 50] LEN: 12 | HEX: F9 77 FC FA FE 74 91 FF 5F 7D AF FB | T:3723954 RPD:1
[CH: 50] LEN: 12 | HEX: F1 77 FD FE FA 70 91 FB 3A BB BF EB | T:3723954 RPD:0
[CH: 50] LEN: 12 | HEX: F9 77 FD FC FA 72 91 FF 50 58 A3 DA | T:3723965 RPD:1
[CH: 50] LEN: 12 | HEX: F9 77 B5 F5 EF 7B 91 DF 0D 39 BF F7 | T:3723965 RPD:0
[CH: 50] LEN: 12 | HEX: F1 77 FE FC FE 72 91 FF 10 58 AD 6F | T:3723977 RPD:1
[CH: 50] LEN: 12 | HEX: F9 77 FD FA F6 70 91 FE BA BB BB FB | T:3723988 RPD:1
[CH: 50] LEN: 12 | HEX: F9 77 BD F9 FE 73 91 FB 0D 39 BF BA | T:3723988 RPD:0
[CH: 50] LEN: 12 | HEX: F9 77 FD FA FE 74 91 D7 EF 7D BD FB | T:3724000 RPD:1
[CH: 50] LEN: 12 | HEX: F1 77 DD FB FC 75 91 FE 72 1C B7 F7 | T:3724000 RPD:1
[CH: 50] LEN: 12 | HEX: F9 77 FE F2 FE 74 91 FF 4F 7D AF FF | T:3724011 RPD:1
[CH: 50] LEN: 12 | HEX: F9 77 DE FD F6 73 91 FF 0D 39 BB DA | T:3724022 RPD:1
[CH: 50] LEN: 12 | HEX: F1 77 FE FC FE 72 91 EF 90 58 BF F2 | T:3724023 RPD:0
[CH: 50] LEN: 12 | HEX: F1 77 FE FA FE 70 91 FE BA BB BF FB | T:3724034 RPD:1
[CH: 50] LEN: 12 | HEX: F1 77 FF FA FE 74 91 FF DF 79 AF 7D | T:3724034 RPD:0
[CH: 50] LEN: 12 | HEX: F1 77 AD FE FE 70 91 ED 3A BB AF EB | T:3724046 RPD:1
[CH: 50] LEN: 12 | HEX: F9 77 FB FB FF 75 91 FF 72 1C AE FD | T:3724046 RPD:0
[CH: 50] LEN: 12 | HEX: F9 77 BD F2 FA 74 91 FE AF 79 AF FB | T:3724057 RPD:1
[CH: 50] LEN: 12 | HEX: F9 77 DD FC FA 72 91 FF D0 58 BB 6F | T:3724068 RPD:1
[CH: 50] LEN: 12 | HEX: F1 77 FA F3 FE 75 91 FE F2 1C B7 FD | T:3724069 RPD:0
[CH: 50] LEN: 12 | HEX: F9 77 FE FD FE 73 91 FF 0D 39 AB 7D | T:3724080 RPD:1
[CH: 50] LEN: 12 | HEX: F9 77 FF FA F9 74 91 F6 AF 7D AF 7D | T:3724080 RPD:0
[CH: 50] LEN: 12 | HEX: F9 77 FD FE FA 70 91 FF 7A BB AF F7 | T:3724092 RPD:1
[CH: 50] LEN: 12 | HEX: F1 77 BB FB FE 75 91 FF 72 1C BF F7 | T:3724103 RPD:1
[CH: 50] LEN: 12 | HEX: F1 77 DE FA FE 74 91 FF 5F 7D BF FF | T:3724103 RPD:0
[CH: 50] LEN: 12 | HEX: F1 77 BA FC FA 72 91 D7 90 58 BD FF | T:3724114 RPD:1
[CH: 50] LEN: 12 | HEX: F1 77 DE FD FE 73 91 FF 0D 39 AF EF | T:3724115 RPD:0
[CH: 50] LEN: 12 | HEX: F9 77 EE F4 FC 72 91 FB 90 58 AA EF | T:3724126 RPD:1
[CH: 50] LEN: 12 | HEX: F9 77 DE FE FE 70 91 FF FA BB EF B7 | T:3724126 RPD:0
[CH: 50] LEN: 12 | HEX: F9 77 5E FD FD 73 D1 FF 0D 39 BD D7 | T:3724137 RPD:1
[CH: 50] LEN: 12 | HEX: F9 77 DD FA FE 74 91 FF BF 7D BF FF | T:3724149 RPD:1
[CH: 50] LEN: 12 | HEX: F9 77 DE FE FE 70 91 FE FA BB EF FF | T:3724149 RPD:0
[CH: 50] LEN: 12 | HEX: F9 77 FF FE FF 72 91 FF D0 58 BF DD | T:3724160 RPD:1
[CH: 50] LEN: 12 | HEX: F1 77 BA F9 FE 73 91 FE 0D 39 AB EF | T:3724161 RPD:0
[CH: 50] LEN: 12 | HEX: F9 77 BC F4 FE 72 91 FF D0 58 B7 FD | T:3724172 RPD:1
[CH: 50] LEN: 12 | HEX: F1 77 FE FE FE 70 91 FE FA BB AF EF | T:3724183 RPD:1
[CH: 50] LEN: 12 | HEX: F9 77 FA FD FE 73 91 FE 8D 39 AF DF | T:3724183 RPD:0
[CH: 50] LEN: 12 | HEX: F1 77 FD FA FA 74 91 FF AF 79 AF FF | T:3724195 RPD:1
[CH: 50] LEN: 12 | HEX: F9 77 DB F3 DC 75 91 EF 72 1C AA FB | T:3724195 RPD:0
[CH: 50] LEN: 12 | HEX: F9 77 FE FA FE 74 91 EF 4F 7D AB FD | T:3724206 RPD:1
[CH: 50] LEN: 12 | HEX: F9 77 FA F6 FE 72 91 D6 D0 58 AF 7F | T:3724218 RPD:1
[CH: 50] LEN: 12 | HEX: F9 77 BD FB FE 75 91 FF 72 1C BF 7F | T:3724218 RPD:0
[CH: 50] LEN: 12 | HEX: F9 77 B5 FA F6 70 91 F7 3A BB BF FF | T:3724229 RPD:1
[CH: 50] LEN: 12 | HEX: F9 77 BE FA F6 74 91 EF EF 79 BF FD | T:3724229 RPD:0
[CH: 50] LEN: 12 | HEX: F9 77 BD F4 FA 70 91 DE BA BB B7 FB | T:3724241 RPD:1
[CH: 50] LEN: 12 | HEX: F1 77 FF FB FE 75 91 D6 72 1C AD 7F | T:3724241 RPD:0
[CH: 50] LEN: 12 | HEX: F1 77 BD FA FE 74 91 EB 6F 79 BF EB | T:3724252 RPD:1
[CH: 50] LEN: 12 | HEX: F9 77 FF FA FE 72 91 FE 50 58 AD FE | T:3724264 RPD:1
[CH: 50] LEN: 12 | HEX: F1 77 BA EB FD 75 91 FF 72 1E B7 FD | T:3724264 RPD:0
[CH: 50] LEN: 12 | HEX: F9 77 FC F5 FE 7B 91 FF 0D 39 BF EF | T:3724275 RPD:1
[CH: 50] LEN: 12 | HEX: F9 77 F6 F4 FE 70 91 FF 7A BB AD FB | T:3724275 RPD:0
[CH: 50] LEN: 12 | HEX: F1 77 FD E9 F6 73 91 EE 0D 39 BF FF | T:3724287 RPD:1
[CH: 50] LEN: 12 | HEX: F1 77 BC F3 DE 75 91 EE 72 1C AF DF | T:3724298 RPD:1
[CH: 50] LEN: 12 | HEX: F9 77 FC F2 FE 74 91 FE AF 7D AF EF | T:3724298 RPD:0
[CH: 50] LEN: 12 | HEX: F9 77 F5 FC FE 72 91 D5 10 58 AF AA | T:3724310 RPD:1
[CH: 50] LEN: 12 | HEX: F9 77 FE FD FE 73 91 FF 0D 39 AF 7F | T:3724310 RPD:0
[CH: 50] LEN: 12 | HEX: F9 77 F9 FC F5 72 91 FF 10 58 AF 7F | T:3724321 RPD:1
[CH: 50] LEN: 12 | HEX: F9 77 BF FE F7 70 91 EF BA BB AF EF | T:3724321 RPD:0
[CH: 50] LEN: 12 | HEX: F9 77 FF FD F6 73 91 FF 0D 39 AD D7 | T:3724333 RPD:1
[CH: 50] LEN: 12 | HEX: F9 77 FD FA FE 74 91 EF 6F 7D BF DB | T:3724344 RPD:1
[CH: 50] LEN: 12 | HEX: F9 77 FD F6 FE 70 91 FF BA BB F7 FF | T:3724344 RPD:0
[CH: 50] LEN: 12 | HEX: F9 77 DE FB FE 75 91 EE 72 1C BF 72 | T:3724356 RPD:1
[CH: 50] LEN: 12 | HEX: F9 77 D6 FD F6 73 91 FE 8D 39 AF FB | T:3724356 RPD:0
[CH: 50] LEN: 12 | HEX: F9 77 FE E8 EA 7A 91 FD 50 58 AB DF | T:3724367 RPD:1
[CH: 50] LEN: 12 | HEX: F1 7F FE FE FE 70 91 FF 7A BB BE FB | T:3724378 RPD:1
[CH: 50] LEN: 12 | HEX: F9 77 FD FF FE 73 91 FF 8D 39 AF FF | T:3724379 RPD:0
[CH: 50] LEN: 12 | HEX: F9 77 FD FA FA 74 91 FE AF 7D AF EB | T:3724390 RPD:1
[CH: 50] LEN: 12 | HEX: F9 77 FE FB DE 75 91 FB 72 1C AF BE | T:3724390 RPD:0
[CH: 50] LEN: 12 | HEX: F9 77 F9 F2 FE 74 91 FF EF 7D BF EF | T:3724402 RPD:1
[CH: 50] LEN: 12 | HEX: F9 77 FA F6 FE 72 91 DD 10 58 BF F7 | T:3724413 RPD:1
[CH: 50] LEN: 12 | HEX: F1 77 FA FB FD 75 91 F7 72 1C AE FF | T:3724413 RPD:0
[CH: 50] LEN: 12 | HEX: F1 77 BD F5 FE 73 91 F6 0D 39 BF FF | T:3724424 RPD:1
[CH: 50] LEN: 12 | HEX: F9 77 AB F2 FA 74 91 FF 5E 7D AD 7D | T:3724425 RPD:0
[CH: 50] LEN: 12 | HEX: F9 77 EE FE F6 70 91 EE FA BB EB DF | T:3724436 RPD:1
[CH: 50] LEN: 12 | HEX: F9 77 FC FB FE 75 91 D7 72 1C BF FD | T:3724436 RPD:0
[CH: 50] LEN: 12 | HEX: F1 77 FD F2 FE 74 91 FE AF 7D AF FF | T:3724447 RPD:1
[CH: 50] LEN: 12 | HEX: F9 77 FA FC FE 72 91 FE 90 58 BF 7D | T:3724459 RPD:1
[CH: 50] LEN: 12 | HEX: F1 77 F5 FB AA 75 91 FE 72 1C B7 FF | T:3724459 RPD:0
[CH: 50] LEN: 12 | HEX: F1 77 D6 FD FC 73 91 DE 8D 39 B7 FF | T:3724470 RPD:1
[CH: 50] LEN: 12 | HEX: F1 77 FA FA F6 70 91 FE FA BB BF 6E | T:3724471 RPD:1
[CH: 50] LEN: 12 | HEX: F1 77 DE E9 FE 73 91 FF 0D 39 BB FF | T:3724482 RPD:1
[CH: 50] LEN: 12 | HEX: F9 77 DA FA F4 74 91 FE AF 79 AF FF | T:3724493 RPD:1
[CH: 50] LEN: 12 | HEX: F9 77 FC F6 EE 70 91 FF 7A BB BF FF | T:3724493 RPD:0
[CH: 50] LEN: 12 | HEX: F9 77 FB F4 EE 72 91 D7 90 58 BF BB | T:3724505 RPD:1
[CH: 50] LEN: 12 | HEX: F9 77 FE FD FE 73 91 FF 0D 39 AF BB | T:3724505 RPD:0
[CH: 50] LEN: 12 | HEX: F1 77 FD FA FE 72 91 F5 90 58 AF FB | T:3724516 RPD:1
[CH: 50] LEN: 12 | HEX: F9 77 FD F5 FE 70 91 F7 BA BB FB DF | T:3724517 RPD:0
[CH: 50] LEN: 12 | HEX: F9 77 FD FD DA 73 91 FE 8D 39 AD FB | T:3724528 RPD:1
[CH: 50] LEN: 12 | HEX: F9 77 FD FA FA 74 91 FF 4F 7D AF EF | T:3724539 RPD:1
[CH: 50] LEN: 12 | HEX: F9 77 D6 FE FA 70 91 FE BA BB AD FF | T:3724539 RPD:1
[CH: 50] LEN: 12 | HEX: F9 77 FD FB FE 75 91 FB 72 1C AB FE | T:3724551 RPD:1
[CH: 50] LEN: 12 | HEX: F1 77 DE F9 FE 73 91 FF 0D 39 BF FB | T:3724551 RPD:0
[CH: 50] LEN: 12 | HEX: F9 77 FE FC FE 72 91 FF 50 58 BF EE | T:3724562 RPD:1
[CH: 50] LEN: 12 | HEX: F9 77 FD FE FE 70 91 DD BA BB AF FB | T:3724574 RPD:1
[CH: 50] LEN: 12 | HEX: F9 77 DD F5 F6 73 91 FE 0D 39 BE FF | T:3724574 RPD:0
[CH: 50] LEN: 12 | HEX: F9 77 FE EA FE 74 91 DD 4F 79 BF BE | T:3724585 RPD:1
[CH: 50] LEN: 12 | HEX: F1 77 BC F3 FE 75 91 FD F2 1C B7 FF | T:3724585 RPD:0
[CH: 50] LEN: 12 | HEX: F9 77 FE F2 FA 7C 91 FE AF F9 AF FD | T:3724597 RPD:1
[CH: 50] LEN: 12 | HEX: F9 77 DE FC F6 72 91 FF 90 58 AF 5F | T:3724608 RPD:1
[CH: 50] LEN: 12 | HEX: F1 77 FF FB FD 75 91 FF 72 1C BF FF | T:3724608 RPD:0
[CH: 50] LEN: 12 | HEX: F9 77 FD FD FE 73 91 EF 0D 39 AF FE | T:3724620 RPD:1
[CH: 50] LEN: 12 | HEX: F9 77 DF FA FE 74 91 EF EF 7D BF FF | T:3724620 RPD:0
[CH: 50] LEN: 12 | HEX: F1 77 F4 F4 F4 70 91 DD BA BB BF FF | T:3724631 RPD:1
[CH: 50] LEN: 12 | HEX: F9 77 DC EB EE 75 91 EA 72 1C BF FD | T:3724631 RPD:0
[CH: 50] LEN: 12 | HEX: F1 77 75 FA EA 74 91 FE AF 79 BF FF | T:3724643 RPD:1
[CH: 50] LEN: 12 | HEX: F1 77 BF F8 F4 72 91 FF D0 58 BF FD | T:3724654 RPD:1
[CH: 50] LEN: 12 | HEX: F9 77 FE F3 FE 75 91 EF 72 1C BF 55 | T:3724654 RPD:0
[CH: 50] LEN: 12 | HEX: F9 77 B5 FD F6 73 91 D7 0D 39 BF FD | T:3724665 RPD:1
[CH: 50] LEN: 12 | HEX: F9 77 DE FE FE 70 91 FF BA BB BF FD | T:3724666 RPD:0
[CH: 50] LEN: 12 | HEX: F9 77 F4 F9 FE 73 91 FF 0D 39 B7 FF | T:3724677 RPD:1
[CH: 50] LEN: 12 | HEX: F9 77 FC F2 FE 74 91 ED 4F 79 BF FF | T:3724688 RPD:1
[CH: 50] LEN: 12 | HEX: F9 77 FC F4 FE 70 91 FF 7A BB AE FF | T:3724689 RPD:0
[CH: 50] LEN: 12 | HEX: F9 77 FD F8 FE 72 91 FF 90 58 AF BF | T:3724700 RPD:1
[CH: 50] LEN: 12 | HEX: F9 77 FD F5 FE 73 91 FF 0D 39 AE FF | T:3724700 RPD:0
[CH: 50] LEN: 12 | HEX: F1 77 BF FC FE 72 91 FF D0 58 AF FD | T:3724711 RPD:1
[CH: 50] LEN: 12 | HEX: F9 77 FA FE FE 70 91 F7 7A BB FF 7F | T:3724712 RPD:0
[CH: 50] LEN: 12 | HEX: F9 77 FF FD FE 73 91 FF 0D 39 BF 6B | T:3724723 RPD:1
[CH: 50] LEN: 12 | HEX: F9 77 FD FA FA 74 91 FE AF 7D BF FF | T:3724734 RPD:1
[CH: 50] LEN: 12 | HEX: F9 77 BA EE F5 70 91 FF 3A BB AF FF | T:3724735 RPD:0
[CH: 50] LEN: 12 | HEX: F9 7F FD FB EE 75 91 FE F2 1E BF 76 | T:3724746 RPD:1
[CH: 50] LEN: 12 | HEX: F9 77 FA FC FE 72 91 F7 50 58 AD FF | T:3724746 RPD:0
[CH: 50] LEN: 12 | HEX: F1 77 EC F3 DF 75 91 FF 72 1C AE FB | T:3724757 RPD:1
[CH: 50] LEN: 12 | HEX: F1 77 AC FE FE 70 91 FE FA BB AF FF | T:3724769 RPD:1
[CH: 50] LEN: 12 | HEX: F9 77 DD FD FE 73 91 FF 0D 39 AF DF | T:3724769 RPD:0
[CH: 50] LEN: 12 | HEX: F9 77 FC FA FE 74 91 FF DE 7D AB FF | T:3724780 RPD:1
[CH: 50] LEN: 12 | HEX: F9 77 D6 FB FE 75 91 F7 72 1C BF FF | T:3724781 RPD:0
[CH: 50] LEN: 12 | HEX: F9 77 F6 FA FE 74 91 FF 4F 7D AF FF | T:3724792 RPD:1
[CH: 50] LEN: 12 | HEX: F1 77 BD FC FE 72 91 FF 90 58 BE FE | T:3724803 RPD:1
[CH: 50] LEN: 12 | HEX: F1 77 FE F3 FD 75 91 EE 72 1C AF FA | T:3724803 RPD:0
[CH: 50] LEN: 12 | HEX: F9 77 DA F5 EA 73 91 EE 0D 39 BF FF | T:3724815 RPD:1
[CH: 50] LEN: 12 | HEX: F9 77 EE FE FE 70 91 FF 3A BB AF FB | T:3724815 RPD:0
[CH: 50] LEN: 12 | HEX: F9 77 AE FD FE 73 91 FF 0D 39 BD 2F | T:3724826 RPD:1
[CH: 50] LEN: 12 | HEX: F9 77 D6 FB EC 75 91 FF 72 1C BF FF | T:3724826 RPD:0
[CH: 50] LEN: 12 | HEX: F1 77 FD FA FE 74 91 FE EF 7D AE BF | T:3724838 RPD:1
[CH: 50] LEN: 12 | HEX: F9 77 F4 EE FA 72 91 D5 50 58 BF FE | T:3724849 RPD:1
[CH: 50] LEN: 12 | HEX: F9 77 DD FB FB 75 91 DE 72 1C AF FF | T:3724849 RPD:0
[CH: 50] LEN: 12 | HEX: F9 77 BB F5 FE 73 91 EF 0D 39 BF EF | T:3724861 RPD:1
[CH: 50] LEN: 12 | HEX: F9 77 BE FA FE 70 91 DF 3A BB BF ED | T:3724861 RPD:0
[CH: 50] LEN: 12 | HEX: F9 77 FA F5 FE 73 91 EF 0D 39 BE FF | T:3724872 RPD:1
[CH: 50] LEN: 12 | HEX: F1 77 BA F2 FE 74 91 EE AF 7D BB FF | T:3724883 RPD:1
[CH: 50] LEN: 12 | HEX: F1 77 DF FE FD 70 91 F6 BA BB FF EF | T:3724884 RPD:0
[CH: 50] LEN: 12 | HEX: F9 77 FB FB AC 75 91 EF 72 1C AF FF | T:3724895 RPD:1
[CH: 50] LEN: 12 | HEX: F9 77 FE FD FE 73 91 FE 8D 39 BF FF | T:3724895 RPD:0
[CH: 50] LEN: 12 | HEX: F9 77 F5 FC EA 72 91 FF D0 58 BD FF | T:3724907 RPD:1
[CH: 50] LEN: 12 | HEX: F1 77 FB FE FE 70 91 FE BA BB AF FD | T:3724907 RPD:0
[CH: 50] LEN: 12 | HEX: F9 77 DC FD FE 73 91 FE 8D 39 BA FB | T:3724918 RPD:1
[CH: 50] LEN: 12 | HEX: F9 77 FF F6 FE 74 91 FF 4F 7D AD 9F | T:3724929 RPD:1
[CH: 50] LEN: 12 | HEX: F9 77 DD EA FE 70 91 FF 7A BB BF 7F | T:3724930 RPD:0
[CH: 50] LEN: 12 | HEX: F1 77 FB F3 FD 75 91 FC F2 1C BE DF | T:3724941 RPD:1
[CH: 50] LEN: 12 | HEX: F1 77 FA F8 F6 72 91 DD 10 58 BF EF | T:3724941 RPD:1
[CH: 50] LEN: 12 | HEX: F9 77 DE F3 FC 75 91 F6 F2 1C BF D5 | T:3724953 RPD:1
[CH: 50] LEN: 12 | HEX: F9 77 FF FE FC 70 91 FE BA BB BD BF | T:3724964 RPD:1
[CH: 50] LEN: 12 | HEX: F9 77 FA FD FE 73 91 FF 0D 39 AF FF | T:3724964 RPD:0
[CH: 50] LEN: 12 | HEX: F9 77 AD FA FA 74 91 FF 4F 79 BF FF | T:3724975 RPD:1
[CH: 50] LEN: 12 | HEX: F9 77 FE FB FF 75 91 FF 72 1C BB FF | T:3724976 RPD:0
[CH: 50] LEN: 12 | HEX: F9 77 FD FA EE 74 91 D6 AE 79 BB DF | T:3724987 RPD:1
[CH: 50] LEN: 12 | HEX: F9 77 FE FA FE 72 91 F6 D0 58 AF FD | T:3724998 RPD:1
[CH: 50] LEN: 12 | HEX: F1 77 FD FB FD 75 91 FF 72 1C AF 6B | T:3724999 RPD:0
[CH: 50] LEN: 12 | HEX: F1 77 FE FD FE 73 91 FF 0D 39 AB FF | T:3725010 RPD:1
[CH: 50] LEN: 12 | HEX: F9 77 FB FA FE 70 91 FF 7A BB BE DF | T:3725010 RPD:0
[CH: 50] LEN: 12 | HEX: F1 77 BD F9 F6 73 91 F7 0D 39 AF BF | T:3725021 RPD:1
[CH: 50] LEN: 12 | HEX: F9 77 AE FB FE 7D 91 FF 72 1C AF BF | T:3725022 RPD:0
[CH: 50] LEN: 12 | HEX: F9 77 DE FA FE 74 91 FB BF 79 AF DB | T:3725033 RPD:1
[CH: 50] LEN: 12 | HEX: F9 77 FC FC FE 72 91 FF 90 58 AD FF | T:3725044 RPD:1
[CH: 50] LEN: 12 | HEX: F1 77 AC F3 FE 75 91 FB 72 1C BE FF | T:3725045 RPD:0
[CH: 50] LEN: 12 | HEX: F1 77 BD FD FC 73 91 FE 8D 39 AB FE | T:3725056 RPD:1
[CH: 50] LEN: 12 | HEX: F9 77 D4 EE F4 70 91 FE BA BB AF FF | T:3725056 RPD:0
[CH: 50] LEN: 12 | HEX: F9 77 DD FB D4 73 91 FD 8D 39 AF FF | T:3725067 RPD:1
[CH: 50] LEN: 12 | HEX: F1 77 FC F2 F6 74 91 D7 6F 7D BF FD | T:3725079 RPD:1
[CH: 50] LEN: 12 | HEX: F1 77 BF FB FE 73 91 EF 0D 39 BF 7F | T:3725079 RPD:0
[CH: 50] LEN: 12 | HEX: F1 77 FE F3 FE 75 91 F7 72 1C AF FF | T:3725090 RPD:1
[CH: 50] LEN: 12 | HEX: F5 77 FF F9 FE 73 91 FF 0D 39 BF 4F | T:3725090 RPD:0
[CH: 50] LEN: 12 | HEX: F1 77 74 EA FE 72 91 FF D0 58 AF BF | T:3725102 RPD:1
[CH: 50] LEN: 12 | HEX: F9 77 FA FE FE 70 91 FF 7A BB AF F7 | T:3725102 RPD:0
[CH: 50] LEN: 12 | HEX: F1 77 BA FD FE 73 91 D6 8D 39 BF F7 | T:3725113 RPD:1
[CH: 50] LEN: 12 | HEX: F9 77 B4 FA FE 74 91 D7 EF 79 BD 6A | T:3725125 RPD:1
[CH: 50] LEN: 12 | HEX: F1 77 DE FC FE 70 91 FF 7A BB BA CF | T:3725125 RPD:0
[CH: 50] LEN: 12 | HEX: F9 77 FE F3 FC 75 91 FF 72 1C BF EA | T:3725136 RPD:1
[CH: 50] LEN: 12 | HEX: F9 77 DD F3 FE 75 91 FD 72 1C BF FD | T:3725136 RPD:0
[CH: 50] LEN: 12 | HEX: F9 77 FD F2 FA 74 91 FF 4F 79 AF FF | T:3725148 RPD:1
[CH: 50] LEN: 12 | HEX: F9 77 FE F5 FE 73 91 FF 0D 39 BF DF | T:3725159 RPD:1
[CH: 50] LEN: 12 | HEX: F9 77 FA F4 FA 72 91 EE D0 58 BF FF | T:3725159 RPD:0
[CH: 50] LEN: 12 | HEX: F9 77 F6 FA FE 74 91 EF EF 7D AB F7 | T:3725171 RPD:1
[CH: 50] LEN: 12 | HEX: F1 77 FE F7 FE 75 91 EE F2 1C BF FF | T:3725171 RPD:0
[CH: 50] LEN: 12 | HEX: F9 77 FE FE FE 70 91 FB BA BB BF 7F | T:3725182 RPD:1
[CH: 50] LEN: 12 | HEX: F9 77 FD FC FE 72 91 FE 90 58 BF FF | T:3725193 RPD:1
[CH: 50] LEN: 12 | HEX: F1 77 B5 EF FE 75 91 EE F2 1C BD FF | T:3725194 RPD:0
[CH: 50] LEN: 12 | HEX: F9 77 BB F5 FE 73 91 FF 0D 39 BE FE | T:3725205 RPD:1
[CH: 50] LEN: 12 | HEX: F9 77 FD FE FE 70 91 FF 7A BB AB 36 | T:3725205 RPD:0
[CH: 50] LEN: 12 | HEX: F1 77 FF F5 DB 73 91 FF 0D 39 AB FE | T:3725217 RPD:1
[CH: 50] LEN: 12 | HEX: F9 77 F4 FA FA 74 91 F7 CF 7D AF 7F | T:3725217 RPD:0
[CH: 50] LEN: 12 | HEX: F1 77 BC EE F6 70 91 FF 7A BB FE FD | T:3725228 RPD:1
[CH: 50] LEN: 12 | HEX: F9 77 FF FC FE 72 91 FF 50 58 BF FF | T:3725239 RPD:1
[CH: 50] LEN: 12 | HEX: F9 77 AF F3 FE 75 91 EF 7A 1C BF F5 | T:3725240 RPD:0
[CH: 50] LEN: 12 | HEX: F1 77 BD FD EE 73 91 EF 8D 39 AD 6D | T:3725251 RPD:1
[CH: 50] LEN: 12 | HEX: F9 77 DE FE FE 70 91 EB BA BB BF FD | T:3725251 RPD:0
[CH: 50] LEN: 12 | HEX: F9 77 FD F9 FE 73 91 FF 0D 39 BF FF | T:3725263 RPD:1
[CH: 50] LEN: 12 | HEX: F9 77 AE FA FE 74 91 FF 4F 7D AF FD | T:3725274 RPD:1
[CH: 50] LEN: 12 | HEX: F9 77 BD FE FE 70 91 EE FA BB FF FF | T:3725274 RPD:1
[CH: 50] LEN: 12 | HEX: F1 77 D6 FB EC 75 91 FF 76 1C BB EE | T:3725285 RPD:1
[CH: 50] LEN: 12 | HEX: F1 77 BD FC FE 72 91 EF 50 58 BF DF | T:3725286 RPD:0
[CH: 50] LEN: 12 | HEX: F9 77 EE FB EE 75 91 FF 72 1C BE FF | T:3725297 RPD:1
[CH: 50] LEN: 12 | HEX: F1 77 FD FE FE 70 91 DF 7A BB EF D7 | T:3725297 RPD:0
[CH: 50] LEN: 12 | HEX: F1 77 FC F5 F6 73 91 FF 0D 39 BB 6F | T:3725308 RPD:1
[CH: 50] LEN: 12 | HEX: F9 77 D4 FA FC 74 91 FF 4F 7D AA FF | T:3725320 RPD:1
[CH: 50] LEN: 12 | HEX: F9 77 FB FD FE 73 91 FE 8D 39 BF AF | T:3725320 RPD:0
[CH: 50] LEN: 12 | HEX: F9 77 BD FB EC 75 91 EE F2 1C BD FD | T:3725331 RPD:1
[CH: 50] LEN: 12 | HEX: F9 77 AD F8 FE 72 91 FD 10 58 BF FF | T:3725332 RPD:0
[CH: 50] LEN: 12 | HEX: F1 77 FD F3 BD 75 91 FF 72 1C BB 9F | T:3725343 RPD:1
[CH: 50] LEN: 12 | HEX: F9 7F F8 FD F6 73 91 FF 0D 39 AE FF | T:3725354 RPD:1
[CH: 50] LEN: 12 | HEX: F9 77 FD FC FC 72 91 F7 10 58 B7 FD | T:3725354 RPD:0
[CH: 50] LEN: 12 | HEX: F1 77 FD FA F4 70 91 FF BA BB BF ED | T:3725366 RPD:1
[CH: 50] LEN: 12 | HEX: F1 77 FD FB FE 75 91 FE F2 1C BE DD | T:3725366 RPD:0
[CH: 50] LEN: 12 | HEX: F1 77 FD F2 FE 74 91 FE AE 79 AB F7 | T:3725377 RPD:1
[CH: 50] LEN: 12 | HEX: F9 77 BB E8 EA 72 91 DE D0 58 AD AD | T:3725389 RPD:1
[CH: 50] LEN: 12 | HEX: F9 77 FF FB FE 75 91 FF 72 1C AF FF | T:3725389 RPD:0
[CH: 50] LEN: 12 | HEX: F9 77 FD F5 FA 73 91 FC 8D 39 AF FF | T:3725400 RPD:1
[CH: 50] LEN: 12 | HEX: F9 77 FD FE FA 70 91 F7 7A BB BF B6 | T:3725400 RPD:0
[CH: 50] LEN: 12 | HEX: F9 77 FD FD FD 73 91 EF 0D 39 BD 7F | T:3725412 RPD:1
[CH: 50] LEN: 12 | HEX: F1 77 FE EA FA 74 91 F7 9F 79 BF FF | T:3725412 RPD:1
[CH: 50] LEN: 12 | HEX: F9 77 FD FE F6 70 91 EF BA BB AF FF | T:3725423 RPD:1
[CH: 50] LEN: 12 | HEX: F9 77 74 F4 EA 72 91 ED 10 58 BF FF | T:3725435 RPD:1
[CH: 50] LEN: 12 | HEX: F9 77 FD F3 F6 75 91 F7 72 1C BF FF | T:3725435 RPD:0
[CH: 50] LEN: 12 | HEX: F1 77 DA F5 FE 73 91 FF 0D 39 AF DB | T:3725446 RPD:1
[CH: 50] LEN: 12 | HEX: F1 77 FD FE F6 70 91 FE BA BB ED 5B | T:3725446 RPD:0
[CH: 50] LEN: 12 | HEX: F9 77 FD FD F6 73 91 F5 0D 39 AF F7 | T:3725458 RPD:1
[CH: 50] LEN: 12 | HEX: F1 77 DE FA FE 74 91 FF 4E 75 AE FD | T:3725469 RPD:1
[CH: 50] LEN: 12 | HEX: F1 77 BF F4 F6 70 91 FE BA BB BF FF | T:3725469 RPD:0
[CH: 50] LEN: 12 | HEX: F9 77 FE FB FF 75 91 FF 72 1C A5 FB | T:3725481 RPD:1
[CH: 50] LEN: 12 | HEX: F9 77 FE FC FA 72 91 ED 50 58 BF FF | T:3725481 RPD:0
[CH: 50] LEN: 12 | HEX: F1 77 FD FB FE 75 91 FE 72 1C BF FF | T:3725492 RPD:1
[CH: 50] LEN: 12 | HEX: F1 7F DE FE FE 70 91 FF BA BB BF DB | T:3725492 RPD:0
[CH: 50] LEN: 12 | HEX: F1 77 DE F9 FE 73 91 FF 0D 39 BF DF | T:3725504 RPD:1
[CH: 50] LEN: 12 | HEX: F1 77 F4 FA FE 74 91 FE AF 7D BF 6B | T:3725515 RPD:1
[CH: 50] LEN: 12 | HEX: F9 77 B4 FE FE 70 91 FE BA BB AF 5F | T:3725515 RPD:0
[CH: 50] LEN: 12 | HEX: F9 77 FE F3 DE 75 91 FF F2 1C AF 7B | T:3725527 RPD:1
[CH: 50] LEN: 12 | HEX: F1 77 FE EA F4 72 91 FF D0 58 BF FA | T:3725527 RPD:0
[CH: 50] LEN: 12 | HEX: F1 77 FD FB DC 75 91 FE F2 1C B9 BD | T:3725538 RPD:1
[CH: 50] LEN: 12 | HEX: F9 77 FA FD F4 73 91 F6 0D 39 AF ED | T:3725549 RPD:1
[CH: 50] LEN: 12 | HEX: F5 77 AC FC FE 72 91 FF 50 58 BD 7E | T:3725550 RPD:0
[CH: 50] LEN: 12 | HEX: F9 77 FD F6 F6 70 91 EF BA BB AE AF | T:3725561 RPD:1
[CH: 50] LEN: 12 | HEX: F9 77 FA F2 FE 74 91 FF 4F 79 BE FD | T:3725561 RPD:0
[CH: 50] LEN: 12 | HEX: F9 77 FD FE FE 70 91 F6 BA BB BF FB | T:3725572 RPD:1
[CH: 50] LEN: 12 | HEX: F9 77 FA F8 FE 72 91 F6 90 58 AF FB | T:3725584 RPD:1
[CH: 50] LEN: 12 | HEX: F1 77 BE FB DD 75 91 EF 72 1C AF 7F | T:3725584 RPD:0
[CH: 50] LEN: 12 | HEX: F1 77 FD F5 EE 73 91 D7 0D 39 BF D5 | T:3725595 RPD:1
[CH: 50] LEN: 12 | HEX: F9 77 FD FA FE 70 91 FF 7A BB BB F7 | T:3725596 RPD:0
[CH: 50] LEN: 12 | HEX: F9 77 AC E9 C4 52 51 14 09 21 B5 DF | T:3725607 RPD:1
[CH: 50] LEN: 12 | HEX: F9 77 DB FA FE 74 91 FF 4F 79 BD FF | T:3725607 RPD:0
[CH: 50] LEN: 12 | HEX: F1 77 EE FE FE 70 91 FF BA BB AF FF | T:3725618 RPD:1
[CH: 50] LEN: 12 | HEX: F9 77 FB FB D4 75 91 EF 72 1C B5 FF | T:3725630 RPD:1
[CH: 50] LEN: 12 | HEX: F1 77 FE FA FA 74 91 D7 6F 7D BF 7F | T:3725630 RPD:0
[CH: 50] LEN: 12 | HEX: F9 77 DD FD FE 73 91 EF 8D 39 AF 7E | T:3725641 RPD:1
[CH: 50] LEN: 12 | HEX: F9 77 FF FE FE 70 91 FE FA BB EF DF | T:3725642 RPD:0
[CH: 50] LEN: 12 | HEX: F9 77 FF FD FE 73 91 FB 0D 39 AF 7F | T:3725653 RPD:1
[CH: 50] LEN: 12 | HEX: F9 77 FE F2 FE 74 91 FE EF 7D BF FF | T:3725664 RPD:1
[CH: 50] LEN: 12 | HEX: F9 77 FC FA FE 70 91 FE BA BB AE DF | T:3725664 RPD:0
[CH: 50] LEN: 12 | HEX: F1 77 BD FB D6 75 91 FF F2 1C BB FF | T:3725676 RPD:1
[CH: 50] LEN: 12 | HEX: F1 77 BD FC FA 72 91 FF 50 58 BF FE | T:3725676 RPD:0
[CH: 50] LEN: 12 | HEX: F9 77 FF F3 FE 75 91 FF 72 1C BF EF | T:3725687 RPD:1
[CH: 50] LEN: 12 | HEX: F1 77 FD FD F4 73 91 ED 0D 39 BF FB | T:3725688 RPD:0
[CH: 50] LEN: 12 | HEX: F9 77 FE FC FE 72 91 FE 90 58 BF F5 | T:3725699 RPD:1
[CH: 50] LEN: 12 | HEX: F9 77 FF FA FE 74 91 F7 EF 79 BF EF | T:3725710 RPD:1
[CH: 50] LEN: 12 | HEX: F9 77 7E F4 FA 70 91 FF 7A BB BE CD | T:3725710 RPD:0
[CH: 50] LEN: 12 | HEX: F9 77 EE EB BD 75 91 F7 72 1C BF FF | T:3725722 RPD:1
[CH: 50] LEN: 12 | HEX: F9 77 FD FC FE 72 91 FD 90 58 AF 5F | T:3725722 RPD:0
[CH: 50] LEN: 12 | HEX: F9 77 FB FB EE 75 91 FF 72 1C BF FE | T:3725733 RPD:1
[CH: 50] LEN: 12 | HEX: F9 77 FB FD FE 73 91 FE 8D 39 BF 7E | T:3725745 RPD:1
[CH: 50] LEN: 12 | HEX: F9 77 FB F4 EC 72 91 FF D0 58 AF FF | T:3725745 RPD:1
[CH: 50] LEN: 12 | HEX: F9 77 FC D6 EA 70 91 D6 BA BB AD FB | T:3725756 RPD:1
[CH: 50] LEN: 12 | HEX: F9 77 BE FA FE 74 91 FF 4F 7D BF FF | T:3725756 RPD:0
[CH: 50] LEN: 12 | HEX: F1 77 F6 FE FE 70 91 DD 3A BB BD 5F | T:3725768 RPD:1
[CH: 50] LEN: 12 | HEX: F9 77 F5 FC FE 72 91 FF 50 58 AE DD | T:3725779 RPD:1
[CH: 50] LEN: 12 | HEX: F1 77 FE F3 FE 7D 91 FE 72 1C BF 7D | T:3725779 RPD:0
[CH: 50] LEN: 12 | HEX: F1 7F AE FD EC 73 91 FE 8D 39 BD FF | T:3725790 RPD:1
[CH: 50] LEN: 12 | HEX: F9 77 FF FE FA 70 91 FE BA BB AF D7 | T:3725791 RPD:0
[CH: 50] LEN: 12 | HEX: F9 77 FD F7 FE 73 91 EA 0D 39 BE FF | T:3725802 RPD:1
[CH: 50] LEN: 12 | HEX: F1 77 FE FA FA 74 91 FF 5F 79 AF ED | T:3725802 RPD:0
[CH: 50] LEN: 12 | HEX: F1 77 DE FE F6 70 91 F5 3E BB FD 76 | T:3725814 RPD:1
[CH: 50] LEN: 12 | HEX: F9 77 FD F7 FE 75 91 FF 72 1C AD 7B | T:3725825 RPD:1
[CH: 50] LEN: 12 | HEX: F1 77 FF F2 F4 74 91 FE AF 79 BF F4 | T:3725825 RPD:0
[CH: 50] LEN: 12 | HEX: F9 77 FE F4 FA 72 91 ED 10 58 AB FB | T:3725836 RPD:1
[CH: 50] LEN: 12 | HEX: F9 77 DD FE F6 70 91 FE BA BB AF FF | T:3725837 RPD:0
[CH: 50] LEN: 12 | HEX: F1 77 BD FD EE 73 91 FF 0D 39 BF FF | T:3725848 RPD:1
[CH: 50] LEN: 12 | HEX: F1 77 AE FA FA 74 91 FE AF 7D AF 77 | T:3725859 RPD:1
[CH: 50] LEN: 12 | HEX: F1 77 FC F6 FE 70 91 F6 BA BB BD B6 | T:3725860 RPD:0
[CH: 50] LEN: 12 | HEX: F9 77 DB F3 EE 75 91 FE 72 1C AF EF | T:3725871 RPD:1
[CH: 50] LEN: 12 | HEX: F9 77 DA FC FE 72 91 FA D0 58 AB B5 | T:3725871 RPD:0
[CH: 50] LEN: 12 | HEX: F9 77 FD FB FD 75 91 FF 72 1C AE BD | T:3725882 RPD:0
[CH: 50] LEN: 12 | HEX: F1 77 FE F5 FE 73 91 F6 0D 39 BD FF | T:3725891 RPD:1
[CH: 50] LEN: 12 | HEX: F9 77 5A FC F4 72 91 FF 50 58 BE FF | T:3725894 RPD:1
[CH: 50] LEN: 12 | HEX: F1 77 BE EA FE 74 91 FE AF 75 BF FF | T:3725905 RPD:1
[CH: 50] LEN: 12 | HEX: F1 77 BE FE F5 70 91 FE FA BB FF FF | T:3725905 RPD:1
[CH: 50] LEN: 12 | HEX: ED 77 FF FD FE 73 91 FF 0D 39 AD BF | T:3725917 RPD:1
[CH: 50] LEN: 12 | HEX: F9 77 BE EA EC 72 91 ED 50 58 BE AB | T:3725917 RPD:0
[CH: 50] LEN: 12 | HEX: F9 77 FD F3 FD 75 91 FF 72 1C AB FF | T:3725928 RPD:1
[CH: 50] LEN: 12 | HEX: F1 77 FA FE FE 70 91 FF 7A BB BF FB | T:3725940 RPD:1
[CH: 50] LEN: 12 | HEX: F9 77 FD FD DE 73 91 EF 0D 39 AF 7B | T:3725940 RPD:0
[CH: 50] LEN: 12 | HEX: F1 77 AE F2 EE 74 91 DD 6F 7D BF FF | T:3725951 RPD:1
[CH: 50] LEN: 12 | HEX: F9 77 FD FB FA 75 91 F7 72 1C AE DF | T:3725951 RPD:0
[CH: 50] LEN: 12 | HEX: F1 77 BE F2 FE 74 91 FE AF 79 AF FE | T:3725963 RPD:1
[CH: 50] LEN: 12 | HEX: F9 77 FD F6 F5 72 91 EB 10 58 AD BD | T:3725974 RPD:1
[CH: 50] LEN: 12 | HEX: F9 77 FE F3 FE 75 91 FF 72 1C AE AD | T:3725974 RPD:0
[CH: 50] LEN: 12 | HEX: F9 77 FE FD FE 73 91 FF 0D 39 BF D5 | T:3725985 RPD:1
[CH: 50] LEN: 12 | HEX: F9 77 BD FA FE 74 91 FE EF 79 AF F7 | T:3725986 RPD:0
[CH: 50] LEN: 12 | HEX: F9 77 FD FA F4 70 91 FF FA BB BF DF | T:3725997 RPD:1
[CH: 50] LEN: 12 | HEX: F1 77 FD FB DC 75 91 FF 72 1C BF FF | T:3725997 RPD:0
[CH: 50] LEN: 12 | HEX: F1 77 54 F2 EE 74 91 FF 9F 79 AB F6 | T:3726009 RPD:1
[CH: 50] LEN: 12 | HEX: F9 77 DA FC EE 72 91 FE D0 58 BF 7F | T:3726020 RPD:1
[CH: 50] LEN: 12 | HEX: F9 77 DE FB FE 75 91 FE F2 1C AF DE | T:3726020 RPD:0
[CH: 50] LEN: 12 | HEX: F9 77 FF FD FE 73 91 FF 0D 39 BD FF | T:3726031 RPD:1
[CH: 50] LEN: 12 | HEX: F1 77 FC FE FE 70 91 FE BA BB 2F FF | T:3726032 RPD:0
[CH: 50] LEN: 12 | HEX: F9 77 D6 FD FE 73 91 FE 0D 39 AB FE | T:3726043 RPD:1
[CH: 50] LEN: 12 | HEX: F1 77 EE FA FA 74 91 FF BF 79 BB 7F | T:3726054 RPD:1
[CH: 50] LEN: 12 | HEX: F9 77 DE F5 F6 70 91 EF BE BB BF BD | T:3726055 RPD:0
[CH: 50] LEN: 12 | HEX: F9 77 BF FC FE 72 91 FF 50 58 BD DB | T:3726066 RPD:1
[CH: 50] LEN: 12 | HEX: F9 77 DD FD FE 73 91 D6 8D 39 B7 FF | T:3726066 RPD:0
[CH: 50] LEN: 12 | HEX: F9 77 D6 FC FE 72 91 FF D0 58 AD FD | T:3726077 RPD:1
[CH: 50] LEN: 12 | HEX: F9 77 F6 FE FE 70 91 FF 7A BB 2D BF | T:3726078 RPD:0
[CH: 50] LEN: 12 | HEX: F9 77 FE FD FD 73 91 FF 0D 39 BB FF | T:3726089 RPD:1
[CH: 50] LEN: 12 | HEX: F9 77 DB FA FE 74 91 F7 5F 7D AE ED | T:3726100 RPD:1
[CH: 50] LEN: 12 | HEX: F9 77 FF FC FE 70 91 FF FA BB BC BA | T:3726101 RPD:1
[CH: 50] LEN: 12 | HEX: F9 77 BB FB EE 75 91 EE F2 1C BF FF | T:3726112 RPD:1
[CH: 50] LEN: 12 | HEX: F9 77 FD FB FE 73 91 FE 8D 39 BE DF | T:3726112 RPD:0
[CH: 50] LEN: 12 | HEX: F9 77 FE FC F4 72 91 FF B0 58 BF F7 | T:3726123 RPD:1
[CH: 50] LEN: 12 | HEX: F1 77 7E F6 F6 70 91 D7 7A BB FF EF | T:3726135 RPD:1
[CH: 50] LEN: 12 | HEX: F9 77 FC FD F6 73 91 FE 8D 3D BF 7F | T:3726135 RPD:0
[CH: 50] LEN: 12 | HEX: F9 77 FD FA FE 74 91 FF 8F 79 BF FA | T:3726146 RPD:1
[CH: 50] LEN: 12 | HEX: F1 77 AA FB DC 75 91 FE 72 1C AF BF | T:3726147 RPD:0
[CH: 50] LEN: 12 | HEX: F9 77 F5 F2 F4 74 91 EE AF 75 AD 7F | T:3726158 RPD:1
[CH: 50] LEN: 12 | HEX: F1 77 FD FA FA 72 91 FF 50 58 AF FF | T:3726169 RPD:1
[CH: 50] LEN: 12 | HEX: F9 77 FC FB FE 75 91 F5 72 1C BF FF | T:3726169 RPD:0
[CH: 50] LEN: 12 | HEX: F9 77 FE FD FE 73 91 EF 0D 39 AF FF | T:3726181 RPD:1
[CH: 50] LEN: 12 | HEX: F9 77 DD FA FE 74 91 FE AF 7D BF FF | T:3726181 RPD:0
[CH: 50] LEN: 12 | HEX: F9 77 FD FA FE 70 91 F7 3A BB AE D5 | T:3726192 RPD:1
[CH: 50] LEN: 12 | HEX: F9 77 FD FB FD 75 91 FF 72 1C AF 4F | T:3726193 RPD:0
[CH: 50] LEN: 12 | HEX: F1 77 FB FA FE 74 91 D7 EF 7D BF DF | T:3726204 RPD:1
[CH: 50] LEN: 12 | HEX: F9 77 B5 F4 FE 72 91 F5 90 58 BB FF | T:3726215 RPD:1
[CH: 50] LEN: 12 | HEX: F9 77 FE FB DE 75 91 FF 72 1C BF 6F | T:3726215 RPD:0
[CH: 50] LEN: 12 | HEX: F1 77 D5 FD FE 73 91 EE 8D 39 AF EF | T:3726227 RPD:1
[CH: 50] LEN: 12 | HEX: F9 77 FD FE FE 70 91 FF FA BB BF D5 | T:3726227 RPD:0
[CH: 50] LEN: 12 | HEX: F1 77 B4 F5 FE 73 91 FE 8D 39 AF FF | T:3726238 RPD:1
[CH: 50] LEN: 12 | HEX: F1 77 B4 FA FA 74 91 FD 6F 79 BF B7 | T:3726250 RPD:1
[CH: 50] LEN: 12 | HEX: F9 77 FE FE F6 70 91 DF 7A BB BF FE | T:3726250 RPD:0
[CH: 50] LEN: 12 | HEX: F9 77 FE FA FD 72 91 FF D0 58 AB 7F | T:3726261 RPD:1
[CH: 50] LEN: 12 | HEX: F9 77 DC F9 FE 73 91 EE 8D 39 AF EF | T:3726261 RPD:0
[CH: 50] LEN: 12 | HEX: F9 77 DC FC F4 72 91 FF D0 58 BD 55 | T:3726273 RPD:1
[CH: 50] LEN: 12 | HEX: F9 77 FD FE FF 70 91 FE BA BB BB FF | T:3726273 RPD:0
[CH: 50] LEN: 12 | HEX: F9 77 FF FD EE 73 91 D5 0D 39 B7 FF | T:3726284 RPD:1
[CH: 50] LEN: 12 | HEX: F9 77 DC FA FE 74 91 FF BF 7D BF FF | T:3726295 RPD:1
[CH: 50] LEN: 12 | HEX: F9 77 FD FE FE 70 91 F7 7A BB BA BF | T:3726296 RPD:0
[CH: 50] LEN: 12 | HEX: F1 77 BA FB D6 75 91 FF 72 1C AE FF | T:3726307 RPD:1
[CH: 50] LEN: 12 | HEX: F9 77 FB FC FE 72 91 FE 50 58 AF FF | T:3726307 RPD:0
[CH: 50] LEN: 12 | HEX: F9 77 FD FB DE 75 91 FD F2 1C BF 77 | T:3726319 RPD:1
[CH: 50] LEN: 12 | HEX: F1 77 FF FE FE 70 91 EF 7A BB BF 7F | T:3726330 RPD:1
[CH: 50] LEN: 12 | HEX: F1 77 DA FD EA 73 91 FF 0D 3D BD FF | T:3726330 RPD:0
[CH: 50] LEN: 12 | HEX: F1 77 BD F2 DE 74 91 DD 6F 7D BB FF | T:3726341 RPD:1
[CH: 50] LEN: 12 | HEX: F9 77 DE FB FE 75 91 EE F2 1C BD FF | T:3726342 RPD:0
[CH: 50] LEN: 12 | HEX: F9 77 FD FA FE 74 91 FF BF 7D AB FB | T:3726353 RPD:0
[CH: 50] LEN: 12 | HEX: F9 77 FE 80 00 71 91 F7 05 C2 BF FD | T:3726369 RPD:1
[CH: 50] LEN: 12 | HEX: F9 77 BA 00 00 71 91 DE 05 C2 BE DA | T:3726370 RPD:1
[CH: 50] LEN: 12 | HEX: F8 6D FF 00 FE F2 91 FB 74 98 BE BB | T:3726400 RPD:1
[CH: 50] LEN: 12 | HEX: F0 6D EE 80 FE F2 91 F7 70 98 BE FB | T:3726400 RPD:1
[CH: 50] LEN: 12 | HEX: E9 77 BD 00 00 71 91 DF 05 C2 BE ED | T:3726669 RPD:1
[CH: 50] LEN: 12 | HEX: F1 77 FF 00 00 71 91 FE 85 C2 AF F6 | T:3726670 RPD:1
[CH: 50] LEN: 12 | HEX: F8 6D FF 00 FE FA 91 FE 70 98 AB AF | T:3726699 RPD:1
[CH: 50] LEN: 12 | HEX: F8 6D FF 00 FA F2 91 FF 70 98 BF BF | T:3726700 RPD:1
[CH: 50] LEN: 12 | HEX: F9 77 FA 00 00 71 91 FF 05 C2 BF A2 | T:3726969 RPD:1
[CH: 50] LEN: 12 | HEX: F9 77 FA 00 00 71 91 EF 05 C2 AB FF | T:3726969 RPD:1
[CH: 50] LEN: 12 | HEX: F8 6D FE 80 F6 F2 91 EE 70 98 AF F7 | T:3726999 RPD:1
[CH: 50] LEN: 12 | HEX: F8 6D FF 80 F5 FA 91 FE 70 98 BF FF | T:3727000 RPD:1
[CH: 50] LEN: 12 | HEX: F9 77 DE 80 00 71 91 FE 05 C2 BF FE | T:3727268 RPD:1
[CH: 50] LEN: 12 | HEX: F1 77 FD 00 00 71 91 FD 85 C2 BD DD | T:3727269 RPD:1
[CH: 50] LEN: 12 | HEX: F8 6D FF 00 FE F2 91 FF 70 98 BF FB | T:3727299 RPD:1
[CH: 50] LEN: 12 | HEX: F8 6D EF 00 FE FA 91 F5 70 98 AF BF | T:3727300 RPD:1
[CH: 50] LEN: 12 | HEX: E9 77 BA 80 00 71 91 F7 05 C2 AE 7F | T:3727568 RPD:1
[CH: 50] LEN: 12 | HEX: F9 77 DA 80 00 71 91 DD 85 C2 BF FB | T:3727569 RPD:1
[CH: 50] LEN: 12 | HEX: F8 6D F7 00 FE FA 91 FE 70 98 AF FF | T:3727599 RPD:1
[CH: 50] LEN: 12 | HEX: F8 6D FE 00 FE FA 91 FF 70 98 AF FF | T:3727600 RPD:1
[CH: 50] LEN: 12 | HEX: F9 77 DE 80 00 71 91 FE 05 C2 AF FF | T:3727868 RPD:1
[CH: 50] LEN: 12 | HEX: F9 77 DF 80 00 71 91 FE 85 C2 BF FE | T:3727869 RPD:1
[CH: 50] LEN: 12 | HEX: F0 6D FE 80 F6 F2 91 EE 70 98 BF E8 | T:3727899 RPD:1
[CH: 50] LEN: 12 | HEX: F8 6D FD 80 FE FA 91 FF 70 98 AF FF | T:3727899 RPD:1
[CH: 50] LEN: 12 | HEX: F9 77 AD 00 00 71 91 EA 05 C2 BE FF | T:3728168 RPD:1
[CH: 50] LEN: 12 | HEX: F9 77 F5 00 00 71 91 FD 05 C2 BF EF | T:3728169 RPD:1
[CH: 50] LEN: 12 | HEX: F0 6D ED 80 FE FA 91 FF 70 98 BD 7F | T:3728198 RPD:1
[CH: 50] LEN: 12 | HEX: F0 6D FE 00 F6 F2 91 FF 70 98 AF F7 | T:3728199 RPD:1
[CH: 50] LEN: 12 | HEX: F9 77 FD 00 00 71 91 DE 05 C2 BF DF | T:3728468 RPD:1
[CH: 50] LEN: 12 | HEX: F9 77 AD 80 00 71 91 EA 05 C2 AA F6 | T:3728468 RPD:1
[CH: 50] LEN: 12 | HEX: F0 6D FF 00 FE EA 91 EA 70 98 B7 DB | T:3728498 RPD:1
[CH: 50] LEN: 12 | HEX: F8 6D FF 00 FE F2 91 FF 70 98 AF FE | T:3728499 RPD:1
[CH: 50] LEN: 12 | HEX: F9 77 FE 80 00 71 91 FE 85 C2 AF FF | T:3728767 RPD:1
[CH: 50] LEN: 12 | HEX: F9 77 DE 80 00 71 91 FF 05 C2 BE FF | T:3728768 RPD:1
[CH: 50] LEN: 12 | HEX: F8 6D FF 00 F6 FA 91 FE 70 98 AF FD | T:3728798 RPD:1
[CH: 50] LEN: 12 | HEX: F0 6D FE 80 FE F2 91 DE F0 98 BD FF | T:3728799 RPD:1
[CH: 50] LEN: 12 | HEX: F1 77 F5 00 00 71 91 FF 05 C2 AF F5 | T:3729067 RPD:1
[CH: 50] LEN: 12 | HEX: F9 77 DD 00 00 71 91 FF 05 C2 BB F5 | T:3729068 RPD:1
[CH: 50] LEN: 12 | HEX: F8 6D EE 00 F4 F2 91 EE 70 98 BE FB | T:3729098 RPD:1
[CH: 50] LEN: 12 | HEX: F8 6D FD 00 FE FA 91 FB 70 98 AF ED | T:3729098 RPD:1
[CH: 50] LEN: 12 | HEX: F1 77 B5 00 00 71 91 FF 05 C2 AB FF | T:3729367 RPD:1
[CH: 50] LEN: 12 | HEX: F5 77 FA 00 00 71 91 EE 85 C2 AE FF | T:3729367 RPD:1
[CH: 50] LEN: 12 | HEX: F8 6D FF 00 FA FA 91 EE 70 98 AF C6 | T:3729397 RPD:1
[CH: 50] LEN: 12 | HEX: F0 6D EF 00 FE FA 91 FE F0 98 BF FF | T:3729398 RPD:1
[CH: 50] LEN: 12 | HEX: F1 77 BD 00 00 71 91 F5 85 C2 B7 FF | T:3729666 RPD:1
[CH: 50] LEN: 12 | HEX: F1 77 FD 80 00 71 91 D6 85 C2 BF BF | T:3729667 RPD:1
[CH: 50] LEN: 12 | HEX: F8 6D F6 80 F6 F2 91 FF 78 98 BF FF | T:3729697 RPD:1
[CH: 50] LEN: 12 | HEX: F8 6D FF 00 FE F2 91 FF 78 98 BF FF | T:3729698 RPD:1
[CH: 50] LEN: 12 | HEX: F1 77 5A 00 00 71 91 EE 05 C2 BF AF | T:3729966 RPD:1
[CH: 50] LEN: 12 | HEX: F9 77 BE 80 00 71 91 FF 85 C2 BF 7F | T:3729967 RPD:1
[CH: 50] LEN: 12 | HEX: F8 6D EB 00 F6 F2 91 F6 F0 98 BF FD | T:3729997 RPD:1
[CH: 50] LEN: 12 | HEX: F8 6D FF 00 FE FA 91 F5 70 98 AE FF | T:3729997 RPD:1
[CH: 50] LEN: 12 | HEX: F9 77 FF 80 00 71 91 FE 05 C2 AF FF | T:3730266 RPD:1
[CH: 50] LEN: 12 | HEX: F1 77 FE 80 00 71 91 F7 05 C2 BA FF | T:3730267 RPD:1
[CH: 50] LEN: 12 | HEX: F0 6D FF 00 FB F6 91 FF 78 98 BF DF | T:3730297 RPD:1
[CH: 50] LEN: 12 | HEX: F1 77 DE 80 00 71 91 EE 05 C2 BF F9 | T:3730566 RPD:1
[CH: 50] LEN: 12 | HEX: F9 77 FE 80 00 71 91 FF 05 C2 BF 77 | T:3730566 RPD:1
[CH: 50] LEN: 12 | HEX: F8 6D F7 00 FE FA 91 EB 70 98 BF FF | T:3730596 RPD:1
[CH: 50] LEN: 12 | HEX: F0 6D F7 80 EA F2 91 FF 70 98 BF FF | T:3730597 RPD:1
[CH: 50] LEN: 12 | HEX: FA 76 F7 00 8C FA 91 F6 AC 77 BE DE | T:3730870 RPD:1
[CH: 50] LEN: 12 | HEX: FA 76 F5 00 8C FA 91 FF 2C 77 BF FD | T:3730871 RPD:1
[CH: 50] LEN: 12 | HEX: FA 76 F6 F6 73 FA 91 FF D2 8A BF BF | T:3730901 RPD:1
[CH: 50] LEN: 12 | HEX: F6 76 EE EB 70 FA 91 FF 67 44 BF FB | T:3730904 RPD:1
[CH: 50] LEN: 12 | HEX: FA 76 FE FC 71 F6 91 EE FB 61 AB FF | T:3730908 RPD:1
[CH: 50] LEN: 12 | HEX: F2 76 EE F3 76 F2 91 FA CD 98 BD FF | T:3730919 RPD:1
[CH: 50] LEN: 12 | HEX: F2 76 F4 FA 77 FA 91 FE 91 79 BF D3 | T:3730920 RPD:0
[CH: 50] LEN: 12 | HEX: F2 76 EE F1 74 FA 91 EF A4 73 FF EF | T:3730931 RPD:0
[CH: 50] LEN: 12 | HEX: FA 76 F4 F8 75 EE 91 D6 B8 96 AF EF | T:3730949 RPD:1
[CH: 50] LEN: 12 | HEX: F2 76 FC F7 7A FA 91 DF 89 81 AB FF | T:3730979 RPD:1
[CH: 50] LEN: 12 | HEX: FA 76 FE F6 7B DA 91 FF 55 64 B7 BF | T:3731009 RPD:1
[CH: 50] LEN: 12 | HEX: FA 76 FE F5 78 F6 91 FD 20 6A B7 5F | T:3731039 RPD:1
[CH: 50] LEN: 12 | HEX: FA 76 FA F4 79 EA 91 FF DC 8F BD FF | T:3731069 RPD:1
[CH: 50] LEN: 12 | HEX: F2 76 F6 F3 7E F2 91 FF 4A 76 AD FF | T:3731099 RPD:1
[CH: 50] LEN: 12 | HEX: F2 76 FE F2 7F EE 91 FE 96 93 AB DD | T:3731129 RPD:1
[CH: 50] LEN: 12 | HEX: F2 76 FE F1 78 F2 91 FF 63 DD BF FF | T:3731159 RPD:1
[CH: 50] LEN: 12 | HEX: FA 76 FE E0 7D D2 91 FF FB 78 AF BF | T:3731189 RPD:1
[CH: 50] LEN: 12 | HEX: F2 76 FE EF 62 F6 91 EF 11 92 BF EF | T:3731219 RPD:1
[CH: 50] LEN: 12 | HEX: FA 76 F6 EE 63 FA 91 FF 4D 77 AB BE | T:3731249 RPD:1
[CH: 50] LEN: 12 | HEX: FA 76 FE ED 60 FA 91 FF 7C 79 BF 7D | T:3731279 RPD:1
[CH: 50] LEN: 12 | HEX: F2 76 FE EC 61 F2 91 FF 64 9E AF FF | T:3731309 RPD:1
[CH: 50] LEN: 12 | HEX: F6 76 FE EB 66 FA 91 FF 52 65 BF 7F | T:3731339 RPD:1
[CH: 50] LEN: 12 | HEX: F2 76 FA EA 67 FA 91 FF CF 80 AF FF | T:3731369 RPD:1
[CH: 50] LEN: 12 | HEX: F2 76 FE E9 64 FA 91 FE BB 8E AF F7 | T:3731399 RPD:1
[CH: 50] LEN: 12 | HEX: EE 76 FE E8 65 F2 91 FF A7 6B EE FA | T:3731429 RPD:1
[CH: 50] LEN: 12 | HEX: F2 7E F6 E7 6A F2 91 FE 96 78 B7 FF | T:3731459 RPD:1
[CH: 50] LEN: 12 | HEX: F2 76 FA E6 6B FA 91 FE CA 99 AD 7F | T:3731489 RPD:1
[CH: 50] LEN: 12 | HEX: F2 76 F6 E5 68 F2 91 FF 3F 17 AF FF | T:3731519 RPD:1
[CH: 50] LEN: 12 | HEX: EA 76 FE E4 69 FA 91 F7 63 72 BF FF | T:3731549 RPD:1
[CH: 50] LEN: 12 | HEX: F2 76 FE E3 6E FA 91 FF D5 8B AF FB | T:3731579 RPD:1
[CH: 50] LEN: 12 | HEX: F2 76 FE E2 6F 7A 91 FE 09 6E BF FF | T:3731609 RPD:1
[CH: 50] LEN: 12 | HEX: F6 76 F6 E1 6C F2 91 FE FC 60 BD 5F | T:3731639 RPD:1
[CH: 50] LEN: 12 | HEX: EA 76 FE E0 6D F6 91 DF A0 85 B7 6F | T:3731669 RPD:1
[CH: 50] LEN: 12 | HEX: FA 76 FE DF 52 FA 91 FF B1 95 BF EF | T:3731699 RPD:1
[CH: 50] LEN: 12 | HEX: EA 76 FE F5 73 BA 91 FE 92 8A AF AF | T:3731729 RPD:1
[CH: 50] LEN: 12 | HEX: EA 76 FE FD 70 FA 91 ED 27 84 AE FF | T:3731733 RPD:1
[CH: 50] LEN: 12 | HEX: FA 76 FE FB 76 FA 91 EF 4D 98 AF DF | T:3731739 RPD:1
[CH: 50] LEN: 12 | HEX: FA 76 FA FA 77 FA 91 F7 91 7D BF BF | T:3731743 RPD:1
[CH: 50] LEN: 12 | HEX: F6 76 EE F9 74 F2 91 FF A4 73 AB FD | T:3731754 RPD:1
[CH: 50] LEN: 12 | HEX: FA 76 F6 E8 75 EA 91 FE 38 96 BF AF | T:3731776 RPD:1
[CH: 50] LEN: 12 | HEX: FA 76 FE F7 7A F6 91 FE 89 81 BE FF | T:3731806 RPD:1
[CH: 50] LEN: 12 | HEX: EA 76 FE F5 78 FA 91 EA 20 6A BD FE | T:3731866 RPD:1
[CH: 50] LEN: 12 | HEX: FA 76 F6 F4 79 D2 91 EE BC 8F AF FF | T:3731896 RPD:1
[CH: 50] LEN: 12 | HEX: F2 76 FE F3 7D F6 91 FF 4A 76 AF FA | T:3731926 RPD:1
[CH: 50] LEN: 12 | HEX: F2 76 FE E2 7F AA 91 FE 96 93 BF 7D | T:3731956 RPD:1
[CH: 50] LEN: 12 | HEX: FA 76 FA F1 7A FA 91 FF 63 DD BF F5 | T:3731986 RPD:1
[CH: 50] LEN: 12 | HEX: FA 76 FD F0 7B FA 91 FF 7D 78 AF FD | T:3732016 RPD:1
[CH: 50] LEN: 12 | HEX: FA 76 F4 EF 62 FA 91 DE 91 92 AF 5D | T:3732046 RPD:1
[CH: 50] LEN: 12 | HEX: F2 7E FE EE 63 FA 91 F7 CD 77 BF FF | T:3732075 RPD:1
[CH: 50] LEN: 12 | HEX: F2 76 FE ED 60 FA 91 EA B8 71 AF FD | T:3732105 RPD:1
[CH: 50] LEN: 12 | HEX: F2 76 FE EC 61 EE 91 FF 64 9C BF FF | T:3732135 RPD:1
[CH: 50] LEN: 12 | HEX: F2 76 FE EB 66 FA 91 F7 52 65 BE EF | T:3732165 RPD:1
[CH: 50] LEN: 12 | HEX: F2 76 F6 EA 67 FA 91 FD 0E 80 BB FF | T:3732195 RPD:1
[CH: 50] LEN: 12 | HEX: F2 76 FE E9 64 F2 91 EE FF 8E A7 DB | T:3732225 RPD:1
[CH: 50] LEN: 12 | HEX: EA 76 F6 E8 65 F2 91 F6 A7 6B BF BF | T:3732255 RPD:1
[CH: 50] LEN: 12 | HEX: F2 76 FE E7 6A FA 91 FE D6 7C A7 FF | T:3732285 RPD:1
[CH: 50] LEN: 12 | HEX: FA 76 F6 E6 6B FA 91 FF 4A 99 B7 7D | T:3732315 RPD:1
[CH: 50] LEN: 12 | HEX: F2 76 FE E5 68 FA 91 FF 3F 97 BD E6 | T:3732345 RPD:1
[CH: 50] LEN: 12 | HEX: F2 76 FE E4 69 FA 91 D5 63 72 AB FF | T:3732375 RPD:1
[CH: 50] LEN: 12 | HEX: FA 76 FE E3 6E FA 91 FE 95 8B BF F7 | T:3732405 RPD:1
[CH: 50] LEN: 12 | HEX: EA 76 F6 E2 6F 7A 91 FE 89 6E BF FF | T:3732435 RPD:1
[CH: 50] LEN: 12 | HEX: F2 76 FE E1 6C F6 91 FF 7C 60 AF FF | T:3732465 RPD:1
[CH: 50] LEN: 12 | HEX: FA 76 F6 E0 6D EA 91 EF 60 85 BE BE | T:3732495 RPD:1
[CH: 50] LEN: 12 | HEX: F2 76 FE DF 52 EA 91 FE B1 95 AF 5E | T:3732525 RPD:1
[CH: 50] LEN: 12 | HEX: F2 76 FA FE 73 D2 91 EE 92 8A AF EA | T:3732555 RPD:1
[CH: 50] LEN: 12 | HEX: F2 76 FE F5 70 FA 91 ED 67 84 BD 7D | T:3732559 RPD:1
[CH: 50] LEN: 12 | HEX: F2 76 FE FC 71 EA 91 EF 7B 61 BD FF | T:3732563 RPD:1
[CH: 50] LEN: 12 | HEX: FA 76 FE EF 76 FA 91 FE CD 98 AF F7 | T:3732574 RPD:1
[CH: 50] LEN: 12 | HEX: FA 76 FE FA 77 FA 91 FE 91 7D BF FF | T:3732574 RPD:1
[CH: 50] LEN: 12 | HEX: F2 76 FE F5 74 FA 91 DA A4 73 AB 7F | T:3732586 RPD:1
[CH: 50] LEN: 12 | HEX: FA 76 FE F8 75 FE 91 FF B8 96 BF FF | T:3732605 RPD:1
[CH: 50] LEN: 12 | HEX: F2 76 FE F7 7A FA 91 F7 09 81 AA BF | T:3732635 RPD:1
[CH: 50] LEN: 12 | HEX: FA 76 FE F6 7B FA 91 F7 55 64 AE BF | T:3732665 RPD:1
[CH: 50] LEN: 12 | HEX: FA 76 FE F5 78 FA 91 EF 20 6A AE DB | T:3732695 RPD:1
[CH: 50] LEN: 12 | HEX: F2 76 FE F4 79 FA 91 EF FC 8F 7F FA | T:3732725 RPD:1
[CH: 50] LEN: 12 | HEX: F2 76 FE F3 7E FA 91 FF AA 76 BD 6B | T:3732755 RPD:1
[CH: 50] LEN: 12 | HEX: F2 76 F6 F2 7F AA 91 D5 16 93 AB AD | T:3732785 RPD:1
[CH: 50] LEN: 12 | HEX: F2 76 F6 F1 78 FA 91 FF E3 9D AA FF | T:3732815 RPD:1
[CH: 50] LEN: 12 | HEX: FA 76 FA E8 77 EA 91 FF 7E F8 B7 FF | T:3732845 RPD:1
[CH: 50] LEN: 12 | HEX: FA 76 FE EF 62 F2 91 FE 91 92 AF FF | T:3732875 RPD:1
[CH: 50] LEN: 12 | HEX: FA 76 FE EE 63 FA 91 FF ED 7F FD FF | T:3732905 RPD:1
[CH: 50] LEN: 12 | HEX: F2 76 FA ED 60 FA 91 FF 78 79 AF FF | T:3732935 RPD:1
[CH: 50] LEN: 12 | HEX: FA 76 FE EC 61 F2 91 FF 64 9C BF DF | T:3732965 RPD:1
[CH: 50] LEN: 12 | HEX: FA 76 FC EB 66 FA 91 FE D2 65 AE EF | T:3732995 RPD:1
[CH: 50] LEN: 12 | HEX: EA 76 FE EA 67 76 91 EB 4E 80 AF FB | T:3733025 RPD:1
[CH: 50] LEN: 12 | HEX: FA 76 F4 E9 64 EE 91 FF 5B 8E BF FF | T:3733055 RPD:1
[CH: 50] LEN: 12 | HEX: FA 76 FE E8 65 FA 91 F6 A7 6B BB EB | T:3733085 RPD:1
[CH: 50] LEN: 12 | HEX: F2 76 FF E7 6A F2 91 FF 56 7C AE FB | T:3733115 RPD:1
[CH: 50] LEN: 12 | HEX: FA 76 F5 E6 6B F6 91 D5 4A 99 B7 FE | T:3733145 RPD:1
[CH: 50] LEN: 12 | HEX: FA 76 FE E5 68 F2 91 FF 3F 97 BF 5D | T:3733174 RPD:1
[CH: 50] LEN: 12 | HEX: F2 76 FE E4 69 FA 91 D6 A3 72 BF B6 | T:3733204 RPD:1
[CH: 50] LEN: 12 | HEX: FA 76 FE E3 6E F2 91 FF B5 8B B7 D7 | T:3733234 RPD:1
[CH: 50] LEN: 12 | HEX: F2 76 FE E2 6F 56 91 FE 09 6E BD FF | T:3733264 RPD:1
[CH: 50] LEN: 12 | HEX: F2 76 F6 E1 6C F2 91 FF FC 60 AF AA | T:3733294 RPD:1
[CH: 50] LEN: 12 | HEX: FA 76 FE E0 6D FA 91 EF A0 85 BE F7 | T:3733324 RPD:1
[CH: 50] LEN: 12 | HEX: F2 76 FE DE 52 F2 91 EF 31 95 BB F7 | T:3733354 RPD:1
[CH: 50] LEN: 12 | HEX: FA 76 FA FE 73 FA 91 FE 92 8A BB 5F | T:3733384 RPD:1
[CH: 50] LEN: 12 | HEX: FA 76 F4 FD 70 EA 91 DD 67 84 AF DD | T:3733388 RPD:1
[CH: 50] LEN: 12 | HEX: FA 76 FE FC 71 F2 91 EF 7F 61 BF FD | T:3733391 RPD:1
[CH: 50] LEN: 12 | HEX: FA 76 F6 F3 76 F2 91 FF CD 98 BF FB | T:3733402 RPD:1
[CH: 50] LEN: 12 | HEX: F2 76 FE F2 77 FE 91 FF 51 7D BF FF | T:3733403 RPD:1
[CH: 50] LEN: 12 | HEX: F2 76 F6 F1 74 FA 91 D6 E4 73 BF FF | T:3733414 RPD:1
[CH: 50] LEN: 12 | HEX: FA 76 F5 E8 75 FA 91 EE B8 96 AF FF | T:3733433 RPD:1
[CH: 50] LEN: 12 | HEX: F2 76 FE F7 7A F2 91 FF C9 81 AB FF | T:3733463 RPD:1
[CH: 50] LEN: 12 | HEX: F6 76 EE F6 73 DA 91 FE 55 64 BF 7E | T:3733493 RPD:1
[CH: 50] LEN: 12 | HEX: F2 76 FA E5 78 F6 91 EE A0 6A AF DF | T:3733523 RPD:1
[CH: 50] LEN: 12 | HEX: FA 76 FE F4 79 EA 91 FF FC 8F BF FF | T:3733553 RPD:1
[CH: 50] LEN: 12 | HEX: F6 76 F6 F3 76 F2 91 FE 8A 76 BF FD | T:3733583 RPD:1
[CH: 50] LEN: 12 | HEX: F2 76 F6 E2 7B A2 91 FF 96 93 FF FF | T:3733613 RPD:1
[CH: 50] LEN: 12 | HEX: FA 76 FD F1 7C FA 91 F7 63 9D AE FF | T:3733643 RPD:1
[CH: 50] LEN: 12 | HEX: F2 76 EE F0 79 F2 91 FF 7A F8 BF DD | T:3733673 RPD:1
[CH: 50] LEN: 12 | HEX: FA 76 F6 EF 62 FA 91 FE 91 92 AF FD | T:3733703 RPD:1
[CH: 50] LEN: 12 | HEX: FA 76 FE EE 63 FA 91 FF 4D 77 BD 94 | T:3733733 RPD:1
[CH: 50] LEN: 12 | HEX: EA 76 FE ED 60 FA 91 FE B8 79 AF EF | T:3733763 RPD:1
[CH: 50] LEN: 12 | HEX: FA 76 FA EC 61 FA 91 FF 64 9C AF BF | T:3733793 RPD:1
[CH: 50] LEN: 12 | HEX: F2 76 FE EB 66 F2 91 FF 52 65 AF BA | T:3733823 RPD:1
[CH: 50] LEN: 12 | HEX: F2 76 FE EA 67 DA 91 DE 8E 80 BD FF | T:3733853 RPD:1
[CH: 50] LEN: 12 | HEX: F6 76 F6 E9 64 FA 91 FF FB 8E AF FF | T:3733883 RPD:1
[CH: 50] LEN: 12 | HEX: FA 76 FD E8 65 D2 91 DD 27 6B AF DE | T:3733913 RPD:1
[CH: 50] LEN: 12 | HEX: F2 76 F6 E7 6A FA 91 EA 56 7C AE DE | T:3733943 RPD:1
[CH: 50] LEN: 12 | HEX: FA 76 FA E6 6B FA 91 FF CA 99 BB F6 | T:3733973 RPD:1
[CH: 50] LEN: 12 | HEX: FA 76 FE E5 68 FA 91 FF BF D7 AF 7F | T:3734003 RPD:1
[CH: 50] LEN: 12 | HEX: FA 76 F6 E4 69 FA 91 FE A3 72 BE FF | T:3734033 RPD:1
[CH: 50] LEN: 12 | HEX: F2 76 FA E3 6E FA 91 FF 55 8B 6F B7 | T:3734063 RPD:1
[CH: 50] LEN: 12 | HEX: F2 76 FE E2 6F 52 91 EB 09 6E B7 EB | T:3734093 RPD:1
[CH: 50] LEN: 12 | HEX: F2 76 FE E1 6C F2 91 EF 78 60 AF FE | T:3734123 RPD:1
[CH: 50] LEN: 12 | HEX: FA 76 FE E0 6D EA 91 FF A0 85 BD FF | T:3734153 RPD:1
[CH: 50] LEN: 12 | HEX: F2 76 FE DF 52 F2 91 F7 31 95 BF FF | T:3734183 RPD:1
[CH: 50] LEN: 12 | HEX: F2 76 FE FE 73 BA 91 FE 92 8A AF 7F | T:3734213 RPD:1
[CH: 50] LEN: 12 | HEX: FA 76 FE F5 70 EA 91 F5 A7 84 BF EF | T:3734216 RPD:1
[CH: 50] LEN: 12 | HEX: EA 76 EE F4 71 F2 91 EE FB 61 BF 7B | T:3734219 RPD:1
[CH: 50] LEN: 12 | HEX: F2 76 F5 F3 76 FA 91 F7 4D 98 BB F5 | T:3734231 RPD:1
[CH: 50] LEN: 12 | HEX: FA 76 FE FA 77 FA 91 FF 51 7D AE FB | T:3734231 RPD:1
[CH: 50] LEN: 12 | HEX: F2 76 FE F1 74 EA 91 DF E4 73 AF DF | T:3734242 RPD:1
[CH: 50] LEN: 12 | HEX: FA 76 F6 F8 75 FA 91 FF B8 96 BE FF | T:3734262 RPD:1
[CH: 50] LEN: 12 | HEX: FA 76 FE FF 72 F2 91 FF 89 81 BF DB | T:3734292 RPD:1
[CH: 50] LEN: 12 | HEX: F2 76 F6 F6 7B FA 91 FE 55 64 AB DB | T:3734322 RPD:1
[CH: 50] LEN: 12 | HEX: FA 76 FE F5 78 FA 91 FE 20 6A AB FF | T:3734352 RPD:1
[CH: 50] LEN: 12 | HEX: FA 76 FE E1 7C F2 91 EB 63 9D BF FF | T:3734472 RPD:1
[CH: 50] LEN: 12 | HEX: F2 76 FE E0 79 F2 91 FF BF 78 AF FF | T:3734501 RPD:1
[CH: 50] LEN: 12 | HEX: FA 76 F4 EF 62 EA 91 FE 91 92 BE DB | T:3734531 RPD:1
[CH: 50] LEN: 12 | HEX: FA 76 F6 EE 63 FA 91 FE 8D 77 AF FB | T:3734561 RPD:1
[CH: 50] LEN: 12 | HEX: FA 76 EA ED 60 F2 91 EE F8 71 BB FF | T:3734591 RPD:1
[CH: 50] LEN: 12 | HEX: FA 76 FE EC 61 FA 91 EF 64 9C BF DF | T:3734621 RPD:1
[CH: 50] LEN: 12 | HEX: F2 76 FE EB 66 FA 91 FE D2 65 BF DF | T:3734651 RPD:1
[CH: 50] LEN: 12 | HEX: F2 76 EA EA 67 BA 91 FA 8E 80 AD BF | T:3734681 RPD:1
[CH: 50] LEN: 12 | HEX: FA 76 FA E9 64 F2 91 FF BB 8E BD F7 | T:3734711 RPD:1
[CH: 50] LEN: 12 | HEX: FA 76 FE E8 65 FA 91 F7 27 6B EE FF | T:3734741 RPD:1
[CH: 50] LEN: 12 | HEX: FA 76 F6 E7 6A F2 91 FF 96 7C AF FF | T:3734771 RPD:1
[CH: 50] LEN: 12 | HEX: FA 76 FA E6 6B DA 91 EF 4A 99 AF FF | T:3734801 RPD:1
[CH: 50] LEN: 12 | HEX: F2 76 FE E4 69 EA 91 F7 43 72 BA FF | T:3734861 RPD:1
[CH: 50] LEN: 12 | HEX: FA 76 FA E3 6E FA 91 EE B5 8B B7 BB | T:3734891 RPD:1
[CH: 50] LEN: 12 | HEX: FA 76 FE E2 6F 6A 91 EE 09 6E BB DF | T:3734921 RPD:1
[CH: 50] LEN: 12 | HEX: FA 76 FE E1 6C FA 91 FF 7C 60 AD BB | T:3734951 RPD:1
[CH: 50] LEN: 12 | HEX: F2 76 FE F0 6D FA 91 EE A0 85 AB AB | T:3734981 RPD:1
[CH: 50] LEN: 12 | HEX: FA 76 FE DF 52 FA 91 FF 31 95 BD AF | T:3735011 RPD:1
[CH: 50] LEN: 12 | HEX: FA 76 FE FA 73 EA 91 FF B2 8A AF EF | T:3735041 RPD:1
[CH: 50] LEN: 12 | HEX: F2 76 F4 F5 70 F2 91 EE A7 84 AF FB | T:3735045 RPD:1
[CH: 50] LEN: 12 | HEX: FA 76 FE FC 71 FA 91 FF 7B 61 AF FA | T:3735049 RPD:1
[CH: 50] LEN: 12 | HEX: FA 76 FA FB 76 FA 91 FF 4D 98 BE FF | T:3735060 RPD:1
[CH: 50] LEN: 12 | HEX: F2 76 FE F2 77 FA 91 EB 51 75 BF F5 | T:3735060 RPD:0
[CH: 50] LEN: 12 | HEX: FA 76 F5 F9 74 F2 91 EF E4 73 B5 DF | T:3735072 RPD:0
[CH: 50] LEN: 12 | HEX: FA 7E FE F8 75 EA 91 EF B8 96 BF FD | T:3735090 RPD:1
[CH: 50] LEN: 12 | HEX: FA 76 FE F7 7A FA 91 F7 49 81 AF FF | T:3735120 RPD:1
[CH: 50] LEN: 12 | HEX: FA 76 FE F6 7B FA 91 EE D5 64 AD BB | T:3735150 RPD:1
[CH: 50] LEN: 12 | HEX: F2 76 F4 E5 78 EA 91 FD A0 6A AB 7B | T:3735180 RPD:1
[CH: 50] LEN: 12 | HEX: FA 76 FE F4 79 FA 91 D5 5C 8F 3F FF | T:3735210 RPD:1
[CH: 50] LEN: 12 | HEX: F2 76 FE F3 7C FA 91 FF CA 76 BF EA | T:3735240 RPD:1
[CH: 50] LEN: 12 | HEX: FA 76 FA F2 7D FA 91 FF 96 93 AB FF | T:3735270 RPD:1
[CH: 50] LEN: 12 | HEX: F2 76 FE F1 7C FA 91 F5 63 9D AF FE | T:3735300 RPD:1
[CH: 50] LEN: 12 | HEX: F2 76 FE F0 7D FA 91 EB 7F 78 AE FD | T:3735330 RPD:1
[CH: 50] LEN: 12 | HEX: F2 76 F6 EF 62 FA 91 ED 11 92 BE DF | T:3735360 RPD:1
[CH: 50] LEN: 12 | HEX: FA 76 FE EE 63 EA 91 FE 8D 77 7D EF | T:3735390 RPD:1
[CH: 50] LEN: 12 | HEX: FA 76 FE ED 60 FA 91 FE B8 71 AF DF | T:3735420 RPD:1
[CH: 50] LEN: 12 | HEX: FA 76 F6 EC 61 FA 91 FF E4 9C BF FF | T:3735450 RPD:1
[CH: 50] LEN: 12 | HEX: EA 76 FE EB 66 FA 91 D6 D2 65 BF FE | T:3735480 RPD:1
[CH: 50] LEN: 12 | HEX: FA 76 F4 EA 67 F2 91 EF 8E 80 AF DF | T:3735510 RPD:1
[CH: 50] LEN: 12 | HEX: F2 76 FE E9 64 FA 91 FF 7B 8E BF FD | T:3735540 RPD:1
[CH: 50] LEN: 12 | HEX: EE 76 FE E8 65 F2 91 FE 27 6B FE FF | T:3735570 RPD:1
[CH: 50] LEN: 12 | HEX: F2 76 FE E7 6A F2 91 D7 56 78 BF EF | T:3735600 RPD:1
[CH: 50] LEN: 12 | HEX: F6 76 FE F6 6B FA 91 FD CA 99 BF 7E | T:3735630 RPD:1
[CH: 50] LEN: 12 | HEX: FA 76 FA E5 68 F2 91 FF 3F 97 BF EF | T:3735660 RPD:1
[CH: 50] LEN: 12 | HEX: F2 76 FE E4 69 FA 91 FF 63 72 AF FF | T:3735690 RPD:1
[CH: 50] LEN: 12 | HEX: FA 76 FE E2 6F FA 91 FF 09 6E AF FF | T:3735750 RPD:1
[CH: 50] LEN: 12 | HEX: F2 76 F6 E1 6C F2 91 EB 7C 68 AF F7 | T:3735780 RPD:1
[CH: 50] LEN: 12 | HEX: F2 76 FE DF 52 F2 91 FF 31 95 AF FE | T:3735840 RPD:1
[CH: 50] LEN: 12 | HEX: FA 76 F6 FE 73 FA 91 EB 72 8A AB FD | T:3735870 RPD:1
[CH: 50] LEN: 12 | HEX: F2 76 F6 FD 70 F6 91 FF E7 84 BF FF | T:3735873 RPD:1
[CH: 50] LEN: 12 | HEX: F2 76 F6 FC 71 FA 91 FE FB 61 BB F7 | T:3735877 RPD:1
[CH: 50] LEN: 12 | HEX: F6 76 F6 F3 76 EE 91 FF 4D 98 B7 DF | T:3735889 RPD:1
[CH: 50] LEN: 12 | HEX: FA 76 FE FA 77 FA 91 FF 51 7D AE FF | T:3735889 RPD:1
[CH: 50] LEN: 12 | HEX: EE 76 F6 F9 74 FA 91 EF 64 73 BF DF | T:3735900 RPD:1
[CH: 50] LEN: 12 | HEX: FA 76 FF F8 75 FA 91 EA B8 96 AA BF | T:3735919 RPD:1
[CH: 50] LEN: 12 | HEX: F2 76 FE E7 7A FA 91 EF 89 81 AE FF | T:3735949 RPD:1
[CH: 50] LEN: 12 | HEX: F2 76 FE E6 73 DA 91 FE D5 64 BD DD | T:3735979 RPD:1
[CH: 50] LEN: 12 | HEX: FA 76 FE E5 78 FA 91 FE 20 6A AF BF | T:3736009 RPD:1
[CH: 50] LEN: 12 | HEX: F2 76 FE F4 79 EA 91 FF DC 8F BF FE | T:3736039 RPD:1
[CH: 50] LEN: 12 | HEX: FA 76 FA F3 7E FA 91 FF 4A 76 BF AF | T:3736069 RPD:1
[CH: 50] LEN: 12 | HEX: FA 76 FE F2 75 FA 91 FE 96 93 BF 5F | T:3736099 RPD:1
[CH: 50] LEN: 12 | HEX: FA 76 FE F1 78 F6 91 FF 63 9D BF FF | T:3736129 RPD:1
[CH: 50] LEN: 12 | HEX: F2 76 FA E0 7D DA 91 F6 BF 78 AE EF | T:3736159 RPD:1
[CH: 50] LEN: 12 | HEX: FA 76 F6 EE 63 FA 91 FF 4D 77 BF 7A | T:3736219 RPD:1
[CH: 50] LEN: 12 | HEX: F2 76 FE ED 60 F2 91 FF F8 79 AF FE | T:3736249 RPD:1
[CH: 50] LEN: 12 | HEX: FA 76 FE EC 61 FA 91 FF 64 9C AF DF | T:3736279 RPD:1
[CH: 50] LEN: 12 | HEX: FA 76 FE EB 66 FA 91 FE D2 65 BD 7E | T:3736309 RPD:1
[CH: 50] LEN: 12 | HEX: F2 76 FF EA 67 FA 91 FF CE 80 AF FF | T:3736339 RPD:1
[CH: 50] LEN: 12 | HEX: FA 76 FE E9 64 FA 91 FF 7B 8E AF FF | T:3736369 RPD:1
[CH: 50] LEN: 12 | HEX: FA 76 F6 E8 65 FA 91 FE A7 6B AF FD | T:3736399 RPD:1
[CH: 50] LEN: 12 | HEX: F2 76 FE EF 6A FA 91 FF 16 7C BF DF | T:3736429 RPD:1
[CH: 50] LEN: 12 | HEX: FA 76 FD E6 6B D6 91 DE CA 99 BF 77 | T:3736459 RPD:1
[CH: 50] LEN: 12 | HEX: FA 76 FA E5 68 FA 91 FF 3F 57 AF 7F | T:3736489 RPD:1
[CH: 50] LEN: 12 | HEX: FA 76 FE E4 69 FA 91 EE A3 72 BF FF | T:3736519 RPD:1
[CH: 50] LEN: 12 | HEX: F2 76 FE E3 6E F2 91 FE 95 8B BF BF | T:3736549 RPD:1
[CH: 50] LEN: 12 | HEX: FA 76 F5 E2 6F 76 91 F6 89 6E AD EF | T:3736579 RPD:1
[CH: 50] LEN: 12 | HEX: F2 76 FE E1 6C F2 91 EE F8 60 AF DF | T:3736609 RPD:1
[CH: 50] LEN: 12 | HEX: FA 76 FE E0 6D EA 91 FF 60 85 BF F3 | T:3736639 RPD:1
[CH: 50] LEN: 12 | HEX: F2 76 FE DF 52 F2 91 FF 31 95 AF F7 | T:3736669 RPD:1
[CH: 50] LEN: 12 | HEX: EE 76 FA FE 73 EA 91 EF D2 8A AB FF | T:3736699 RPD:1
[CH: 50] LEN: 12 | HEX: FA 76 FE FD 70 FA 91 FF A7 84 BF FF | T:3736703 RPD:1
[CH: 50] LEN: 12 | HEX: EE 7E FE F4 71 FA 91 ED 7B 61 BF 7F | T:3736706 RPD:1
[CH: 50] LEN: 12 | HEX: F2 76 FE EF 76 EA 91 FE 4D 98 BB FF | T:3736717 RPD:1
[CH: 50] LEN: 12 | HEX: F2 76 FA FA 77 7A 91 FF 51 7B AF FF | T:3736717 RPD:0
[CH: 50] LEN: 12 | HEX: FA 76 FE F1 74 EA 91 FF A4 73 EB EF | T:3736729 RPD:0
[CH: 50] LEN: 12 | HEX: FA 76 FE F8 75 EA 91 FE 38 96 BB 7F | T:3736747 RPD:1
[CH: 50] LEN: 12 | HEX: FA 76 F4 F7 7A F2 91 DA 89 81 AF FF | T:3736777 RPD:1
[CH: 50] LEN: 12 | HEX: F2 76 F6 F6 7B FA 91 F7 55 64 AB BE | T:3736807 RPD:1
[CH: 50] LEN: 12 | HEX: FA 76 FE F5 78 FA 91 FF 20 6A AF 5F | T:3736837 RPD:1
[CH: 50] LEN: 12 | HEX: FA 76 FB F4 79 FA 91 FE BC 8F BE F7 | T:3736867 RPD:1
[CH: 50] LEN: 12 | HEX: EA 76 FE F3 7E FA 91 FD 4A 76 BF FB | T:3736897 RPD:1
[CH: 50] LEN: 12 | HEX: FA 76 F6 F2 7B FA 91 FE 96 93 BF DD | T:3736927 RPD:1
[CH: 50] LEN: 12 | HEX: FA 76 FE E1 7C FA 91 FD 63 9D AA DB | T:3736957 RPD:1
[CH: 50] LEN: 12 | HEX: F2 76 FA F0 7D F6 91 F7 BD 78 BA FE | T:3736987 RPD:1
[CH: 50] LEN: 12 | HEX: FA 76 EE EF 62 FA 91 FF 91 92 AF DF | T:3737017 RPD:1
[CH: 50] LEN: 12 | HEX: F2 76 FE EE 63 D2 91 ED CD 77 BF DF | T:3737047 RPD:1
[CH: 50] LEN: 12 | HEX: EA 76 F6 ED 60 F2 91 EE BC 79 AF FF | T:3737077 RPD:1
[CH: 50] LEN: 12 | HEX: FA 76 FA EC 61 EE 91 FF 64 9C AB 7F | T:3737107 RPD:1
[CH: 50] LEN: 12 | HEX: FA 76 FE EB 66 FA 91 FD D2 65 AF FF | T:3737137 RPD:1
[CH: 50] LEN: 12 | HEX: F2 76 FE EA 67 F2 91 FF 8E 80 BB EF | T:3737167 RPD:1
[CH: 50] LEN: 12 | HEX: F2 76 F6 E9 64 FA 91 EE BB 8E AD FE | T:3737197 RPD:1
[CH: 50] LEN: 12 | HEX: F2 76 FE E8 65 FA 91 FF 27 6B AE DD | T:3737227 RPD:1
[CH: 50] LEN: 12 | HEX: F2 76 FE E7 6A F2 91 FF 96 7C BF FE | T:3737257 RPD:1
[CH: 50] LEN: 12 | HEX: F2 76 FE E6 6B D6 91 FF 4A 99 BB FF | T:3737287 RPD:1
[CH: 50] LEN: 12 | HEX: FA 76 FE E5 68 FA 91 FF BD 97 B7 F7 | T:3737317 RPD:1
[CH: 50] LEN: 12 | HEX: FA 76 FE E4 69 F2 91 EF A3 72 AD FF | T:3737347 RPD:1
[CH: 50] LEN: 12 | HEX: FA 76 F6 E3 6E FA 91 FF 55 8B AF FD | T:3737377 RPD:1
[CH: 50] LEN: 12 | HEX: FA 76 F6 E2 6F 6A 91 FE 89 6E BF FF | T:3737406 RPD:1
[CH: 50] LEN: 12 | HEX: F2 76 F6 F1 6C FA 91 FF 7C 60 BE FE | T:3737436 RPD:1
[CH: 50] LEN: 12 | HEX: F2 76 FE E0 6D FA 91 F7 60 85 AB FE | T:3737466 RPD:1
[CH: 50] LEN: 12 | HEX: FA 76 FE DF 52 FA 91 EF 31 95 AF FF | T:3737496 RPD:1
[CH: 50] LEN: 12 | HEX: FA 76 FA F6 73 FA 91 EE 92 8A AE B5 | T:3737526 RPD:1
[CH: 50] LEN: 12 | HEX: FA 76 FE FB 70 FA 91 FF 27 84 BF EF | T:3737530 RPD:1
[CH: 50] LEN: 12 | HEX: FA 76 FA F4 71 DA 91 EF 7B 61 BF FA | T:3737534 RPD:1
[CH: 50] LEN: 12 | HEX: FA 76 FE F3 76 FA 91 F7 4D 98 AB DF | T:3737545 RPD:1
[CH: 50] LEN: 12 | HEX: FA 76 FE FA 77 FA 91 FD 11 7D BD FD | T:3737546 RPD:1
[CH: 50] LEN: 12 | HEX: FA 76 F6 E9 74 EE 91 FF E4 7B BF FF | T:3737557 RPD:1
[CH: 50] LEN: 12 | HEX: FA 76 FE F8 75 FA 91 EF 38 96 AB 7F | T:3737576 RPD:1
[CH: 50] LEN: 12 | HEX: F2 76 FE F7 72 EA 91 EF 89 81 BF FF | T:3737606 RPD:1
[CH: 50] LEN: 12 | HEX: F2 76 FE F6 7B AA 91 FF D5 64 AD FF | T:3737636 RPD:1
[CH: 50] LEN: 12 | HEX: FA 76 FE F5 78 F6 91 FD 20 6A AD D7 | T:3737666 RPD:1
[CH: 50] LEN: 12 | HEX: FA 76 F6 F4 79 EA 91 EB 7C 8F BE DD | T:3737696 RPD:1
[CH: 50] LEN: 12 | HEX: FA 76 FE F3 7E FA 91 F7 4A 76 AB FF | T:3737726 RPD:1
[CH: 50] LEN: 12 | HEX: F2 76 FE F2 7F 5A 91 EE 96 93 BF FF | T:3737756 RPD:1
[CH: 50] LEN: 12 | HEX: FA 76 F6 F1 7C F2 91 EE 63 9D BF FB | T:3737786 RPD:1
[CH: 50] LEN: 12 | HEX: F2 76 F6 F0 7D EE 91 FF 3F 74 BB FF | T:3737816 RPD:1
[CH: 50] LEN: 12 | HEX: FA 76 F6 EF 62 FA 91 FE 11 92 AF 4A | T:3737846 RPD:1
[CH: 50] LEN: 12 | HEX: FA 76 FC EE 63 FA 91 FE AD 77 3D DF | T:3737876 RPD:1
[CH: 50] LEN: 12 | HEX: FA 76 FE ED 60 F6 91 FE B8 7D AF FF | T:3737906 RPD:1
[CH: 50] LEN: 12 | HEX: F2 76 FE EC 61 F6 91 FE 64 9C BF FD | T:3737936 RPD:1
[CH: 50] LEN: 12 | HEX: F2 76 FE EB 66 FA 91 FF 52 65 BF FF | T:3737966 RPD:1
[CH: 50] LEN: 12 | HEX: FA 76 F4 EA 67 FA 91 F7 8E 80 AF FE | T:3737996 RPD:1
[CH: 50] LEN: 12 | HEX: FA 76 F6 E9 64 FA 91 DF 2B 8E BB EF | T:3738026 RPD:1
[CH: 50] LEN: 12 | HEX: F2 76 FE E8 65 FA 91 FF A7 6B AF 7F | T:3738056 RPD:1
[CH: 50] LEN: 12 | HEX: FA 76 FE E7 6A FA 91 EF D6 7A BF F9 | T:3738086 RPD:1
[CH: 50] LEN: 12 | HEX: FA 76 FE E6 6B FA 91 FF CA 99 AD FF | T:3738116 RPD:1
[CH: 50] LEN: 12 | HEX: FA 76 FE E5 68 F2 91 FF 3D 97 B5 FB | T:3738146 RPD:1
[CH: 50] LEN: 12 | HEX: FA 76 FE E4 69 FA 91 EF E3 72 AF B3 | T:3738176 RPD:1
[CH: 50] LEN: 12 | HEX: F2 76 FE E2 6F AA 91 EE 89 6E AF FF | T:3738236 RPD:1
[CH: 50] LEN: 12 | HEX: FA 76 EA E1 6C FA 91 EF 78 60 BF FF | T:3738266 RPD:1
[CH: 50] LEN: 12 | HEX: F2 76 FE E0 6D F2 91 F6 A0 85 BF FF | T:3738296 RPD:1
[CH: 50] LEN: 12 | HEX: F2 76 FA DF 52 FA 91 EE B1 95 BF F7 | T:3738326 RPD:1
[CH: 50] LEN: 12 | HEX: FA 76 FE FC 73 DA 91 FE 92 8A BE DD | T:3738356 RPD:1
[CH: 50] LEN: 12 | HEX: F2 76 FE FD 70 F2 91 FF 67 84 AF 7F | T:3738360 RPD:1
[CH: 50] LEN: 12 | HEX: F2 76 FE E8 71 FA 91 FF FB 61 BF FF | T:3738364 RPD:1
[CH: 50] LEN: 12 | HEX: F2 76 FE F3 76 F2 91 FE CD 98 BB DF | T:3738375 RPD:1
[CH: 50] LEN: 12 | HEX: F2 76 FE FA 77 FA 91 D7 91 79 B7 EF | T:3738375 RPD:1
[CH: 50] LEN: 12 | HEX: F2 76 F6 E9 74 F2 91 DF E4 73 B7 BF | T:3738386 RPD:1
[CH: 50] LEN: 12 | HEX: FA 76 FA F8 75 FA 91 FE B8 96 BF AB | T:3738406 RPD:1
[CH: 50] LEN: 12 | HEX: F2 76 F4 E7 7A F2 91 FE 89 81 BF 5D | T:3738436 RPD:1
[CH: 50] LEN: 12 | HEX: F6 76 FE F6 7B D2 91 F6 55 64 AF FB | T:3738466 RPD:1
[CH: 50] LEN: 12 | HEX: F2 76 EA E5 78 FA 91 EF 20 6A BF EF | T:3738496 RPD:1
[CH: 50] LEN: 12 | HEX: F2 76 F6 F4 79 EA 91 FF 5C 8F BF BF | T:3738526 RPD:1
[CH: 50] LEN: 12 | HEX: F2 76 FE F3 7D F2 91 EB 4A 76 AF FF | T:3738556 RPD:1
[CH: 50] LEN: 12 | HEX: EA 76 FE F2 7F AA 91 EE 16 93 BF FF | T:3738586 RPD:1
[CH: 50] LEN: 12 | HEX: F2 76 F6 E1 78 FA 91 FF 63 DF AF FF | T:3738616 RPD:1
[CH: 50] LEN: 12 | HEX: EA 76 FE E0 75 FA 91 FF FE 78 AD FF | T:3738646 RPD:1
[CH: 50] LEN: 12 | HEX: FA 76 F6 EF 62 F2 91 FE 11 92 BF FE | T:3738676 RPD:1
[CH: 50] LEN: 12 | HEX: F2 76 FE EE 63 FA 91 FF 4D 77 2F FF | T:3738706 RPD:1
[CH: 50] LEN: 12 | HEX: FA 76 F6 ED 60 F2 91 FF 78 79 BE EB | T:3738736 RPD:1
[CH: 50] LEN: 12 | HEX: F2 76 EA EC 61 FA 91 FE E4 9C AF FF | T:3738766 RPD:1
[CH: 50] LEN: 12 | HEX: FA 76 FE EB 66 FA 91 FF 52 65 BF FA | T:3738796 RPD:1
[CH: 50] LEN: 12 | HEX: F2 76 FE EA 67 DA 91 FF 8F 80 BF DF | T:3738825 RPD:1
[CH: 50] LEN: 12 | HEX: F2 76 FE E9 64 FA 91 FF FB CE AF FF | T:3738855 RPD:1
[CH: 50] LEN: 12 | HEX: F2 76 FE E8 65 FA 91 F6 27 6B BF BE | T:3738885 RPD:1
[CH: 50] LEN: 12 | HEX: FA 76 FE E7 6A EA 91 FF 56 7C AF F5 | T:3738915 RPD:1
[CH: 50] LEN: 12 | HEX: FA 76 FE E6 6B D6 91 F7 4A 99 AB FD | T:3738945 RPD:1
[CH: 50] LEN: 12 | HEX: FA 76 FE E5 68 D6 91 AA 35 97 2F FB | T:3738975 RPD:1
[CH: 50] LEN: 12 | HEX: F6 76 FE E4 69 EA 91 FE A3 72 BD EF | T:3739005 RPD:1
[CH: 50] LEN: 12 | HEX: F2 76 FE E3 6E EA 91 FE 95 8B BF FB | T:3739035 RPD:1
[CH: 50] LEN: 12 | HEX: F6 76 FA E2 6F FE 91 ED 09 6E BF FB | T:3739065 RPD:1
[CH: 50] LEN: 12 | HEX: EE 76 F5 E1 6C F6 91 FE F8 60 BB FF | T:3739095 RPD:1
[CH: 50] LEN: 12 | HEX: F2 76 FA E0 6D F2 91 FD 60 85 AF F7 | T:3739125 RPD:1
[CH: 50] LEN: 12 | HEX: F2 76 FE DE D2 FA 91 FF B1 95 A7 5F | T:3739155 RPD:1
[CH: 50] LEN: 12 | HEX: FA 76 FE FC 73 EA 91 D5 52 8A AF FB | T:3739185 RPD:1
[CH: 50] LEN: 12 | HEX: F2 76 F6 EB 70 F2 91 EF A7 84 BF FF | T:3739189 RPD:1
[CH: 50] LEN: 12 | HEX: F2 76 FE F4 71 FA 91 EF 7B 61 AF FF | T:3739193 RPD:1
[CH: 50] LEN: 12 | HEX: F2 76 F6 F3 76 FA 91 FF 4D 98 BF 77 | T:3739204 RPD:1
[CH: 50] LEN: 12 | HEX: EA 76 F6 EA 77 DA 91 ED 51 79 BF EF | T:3739205 RPD:1
[CH: 50] LEN: 12 | HEX: EA 76 FE F1 74 FA 91 FE A4 73 BD FF | T:3739216 RPD:1
[CH: 50] LEN: 12 | HEX: F2 76 FE F8 75 D2 91 EB 38 96 AA EA | T:3739235 RPD:1
[CH: 50] LEN: 12 | HEX: F2 76 FE F7 72 F2 91 FE C9 81 AB FF | T:3739265 RPD:1
[CH: 50] LEN: 12 | HEX: FA 76 FE F6 7B FA 91 FE 55 64 BD F6 | T:3739295 RPD:1
[CH: 50] LEN: 12 | HEX: FA 76 FE F5 78 FA 91 FF 20 6A AF B5 | T:3739325 RPD:1
[CH: 50] LEN: 12 | HEX: FA 76 FE F4 79 FA 91 FE BC 8F BF FF | T:3739355 RPD:1
[CH: 50] LEN: 12 | HEX: F2 76 F6 F3 7E FA 91 EF 4A 76 BD 7D | T:3739385 RPD:1
[CH: 50] LEN: 12 | HEX: FA 76 F6 F2 7F AA 91 EF 16 93 AB BB | T:3739415 RPD:1
[CH: 50] LEN: 12 | HEX: F2 7E FE F0 75 DA 91 FF 7D 78 AB 5A | T:3739475 RPD:1
[CH: 50] LEN: 12 | HEX: FA 76 FA EF 62 FA 91 FF 11 92 AB 5D | T:3739505 RPD:1
[CH: 50] LEN: 12 | HEX: FA 76 FE EE 63 FA 91 F6 AD 77 BF DF | T:3739535 RPD:1
[CH: 50] LEN: 12 | HEX: F2 76 F5 ED 60 FA 91 FF 78 79 B7 EF | T:3739565 RPD:1
[CH: 50] LEN: 12 | HEX: FA 76 FE EC 61 EA 91 FF 64 9C AF FF | T:3739595 RPD:1
[CH: 50] LEN: 12 | HEX: FA 76 F6 EB 66 FA 91 FF 52 65 BF FF | T:3739625 RPD:1
[CH: 50] LEN: 12 | HEX: FA 76 FE EA 67 FA 91 FF CE 80 AF BF | T:3739655 RPD:1
[CH: 50] LEN: 12 | HEX: F2 76 EA E9 64 FA 91 EE BB 8E BB FF | T:3739685 RPD:1
[CH: 50] LEN: 12 | HEX: FA 76 FE F8 65 EA 91 FF 27 6B BE FB | T:3739715 RPD:1
[CH: 50] LEN: 12 | HEX: FA 76 FA E7 6A F2 91 AE 56 68 AD 21 | T:3739745 RPD:1
[CH: 50] LEN: 12 | HEX: F2 76 FE E6 6B EA 91 FE CA 99 AE FF | T:3739775 RPD:1
[CH: 50] LEN: 12 | HEX: F2 76 FE E5 68 EA 91 FF BF 97 BF FE | T:3739805 RPD:1
[CH: 50] LEN: 12 | HEX: FA 76 FF E4 69 FA 91 FF 43 72 AE FB | T:3739835 RPD:1
[CH: 50] LEN: 12 | HEX: FA 76 FE E3 6E F6 91 EB B5 8B BF DF | T:3739865 RPD:1
[CH: 50] LEN: 12 | HEX: FA 76 FE E2 6F 6E 91 FE 89 6E BE DD | T:3739895 RPD:1
[CH: 50] LEN: 12 | HEX: FA 76 FE E1 6C FA 91 FF 7C 60 BE FF | T:3739925 RPD:1
[CH: 50] LEN: 12 | HEX: F2 76 FE E0 6D D2 91 EF A0 85 AF DF | T:3739955 RPD:1
[CH: 50] LEN: 12 | HEX: F2 76 F4 DE 52 FA 91 EF 31 95 AB F7 | T:3739985 RPD:1
[CH: 50] LEN: 12 | HEX: FA 76 F6 FE 73 FA 91 DF D2 8A AF BF | T:3740015 RPD:1
[CH: 50] LEN: 12 | HEX: FA 76 FE FD 70 F2 91 FF 67 84 BD FD | T:3740018 RPD:1
[CH: 50] LEN: 12 | HEX: FA 76 FE F8 71 FA 91 EE 7B 61 AE BF | T:3740021 RPD:1
[CH: 50] LEN: 12 | HEX: FA 76 FE F7 76 F2 91 EE 4D 9A AF 7B | T:3740033 RPD:1
[CH: 50] LEN: 12 | HEX: FA 76 F6 F6 77 FA 91 FF 51 79 BF EF | T:3740033 RPD:0
[CH: 50] LEN: 12 | HEX: F2 76 F6 E9 74 FA 91 EA A4 73 AF FF | T:3740044 RPD:0
[CH: 50] LEN: 12 | HEX: FA 76 FE F8 75 FA 91 F6 38 96 AF FF | T:3740063 RPD:1
[CH: 50] LEN: 12 | HEX: FA 76 F6 F7 7A FA 91 FF 49 81 B7 FF | T:3740093 RPD:1
[CH: 50] LEN: 12 | HEX: FA 76 FE F6 73 FA 91 FE D5 64 AB 7B | T:3740123 RPD:1
[CH: 50] LEN: 12 | HEX: F2 76 FE F5 74 FA 91 FE 20 6A B3 FB | T:3740153 RPD:1
[CH: 50] LEN: 12 | HEX: FA 76 FE F4 71 D2 91 FF 7E 8F BF FF | T:3740183 RPD:1
[CH: 50] LEN: 12 | HEX: FA 76 FF F3 7E F6 91 EB CA 76 BE FE | T:3740213 RPD:1
[CH: 50] LEN: 12 | HEX: F2 76 FE F2 7F AA 91 FF 16 93 BF F5 | T:3740243 RPD:1
[CH: 50] LEN: 12 | HEX: F2 76 F6 F1 74 F2 91 DD E3 9D BF AF | T:3740273 RPD:1
[CH: 50] LEN: 12 | HEX: F2 76 FA F0 7D FA 91 FF FE 78 AF DD | T:3740302 RPD:1
[CH: 50] LEN: 12 | HEX: FA 76 FE EF 62 FA 91 EE 91 92 BF DE | T:3740332 RPD:1
[CH: 50] LEN: 12 | HEX: FA 76 F6 EE 63 FA 91 FF AD 77 AB DD | T:3740362 RPD:1
[CH: 50] LEN: 12 | HEX: F6 76 F6 ED 60 FA 91 FF 78 79 BD DD | T:3740392 RPD:1
[CH: 50] LEN: 12 | HEX: EE 76 FE EC 61 F2 91 F7 64 9C AF FD | T:3740422 RPD:1
[CH: 50] LEN: 12 | HEX: FA 76 FE EB 66 F6 91 FE 52 65 AE DB | T:3740452 RPD:1
[CH: 50] LEN: 12 | HEX: F2 76 FE EA 67 FA 91 EA CE 80 BE FF | T:3740482 RPD:1
[CH: 50] LEN: 12 | HEX: F6 76 FA E9 64 F2 91 FF 5B 8E AF ED | T:3740512 RPD:1
[CH: 50] LEN: 12 | HEX: EA 76 FE E8 65 D2 91 FE 27 6B FF FF | T:3740542 RPD:1
[CH: 50] LEN: 12 | HEX: F2 76 F4 E7 6A F2 91 EE 56 7C BF FF | T:3740572 RPD:1
[CH: 50] LEN: 12 | HEX: FA 76 FE E6 6B FA 91 EE CA 99 AB DD | T:3740602 RPD:1
[CH: 50] LEN: 12 | HEX: F2 76 FE E5 68 D2 91 FF 3F 97 AF FF | T:3740632 RPD:1
[CH: 50] LEN: 12 | HEX: FA 76 FE E4 69 FA 91 EE E3 72 AF DF | T:3740662 RPD:1
[CH: 50] LEN: 12 | HEX: F2 76 FE E3 6E FA 91 FF 55 8B BF DF | T:3740692 RPD:1
[CH: 50] LEN: 12 | HEX: FA 76 FE E2 6F FE 91 EE 89 6E BF DF | T:3740722 RPD:1
[CH: 50] LEN: 12 | HEX: F2 76 FE E1 6C FA 91 FF 7C 60 AF FF | T:3740752 RPD:1
[CH: 50] LEN: 12 | HEX: FA 76 FE E0 6D FA 91 FE A0 85 BD DA | T:3740782 RPD:1
[CH: 50] LEN: 12 | HEX: FA 76 FE F4 73 FA 91 FE D2 8A BD FF | T:3740842 RPD:1
[CH: 50] LEN: 12 | HEX: F2 76 EB F5 70 FA 91 DD 27 84 B5 DF | T:3740846 RPD:1
[CH: 50] LEN: 12 | HEX: F2 76 FE F4 71 FA 91 EE 73 61 BB 7E | T:3740850 RPD:1
[CH: 50] LEN: 12 | HEX: FA 76 FE FB 76 FA 91 FF 4D 98 AE FF | T:3740861 RPD:1
[CH: 50] LEN: 12 | HEX: FA 76 F6 F2 77 AA 91 FE 91 7D BF FB | T:3740861 RPD:0
[CH: 50] LEN: 12 | HEX: F2 76 FA F1 74 F2 91 FE A4 73 EF FF | T:3740873 RPD:0
[CH: 50] LEN: 12 | HEX: F2 76 F6 E8 75 FA 91 EE B8 96 AB 7F | T:3740889 RPD:1
[CH: 50] LEN: 12 | HEX: FA 76 FE F7 7A FA 91 F7 89 81 AF DD | T:3740919 RPD:1
[CH: 50] LEN: 12 | HEX: F2 76 FE F6 7B EA 91 FF 55 64 B5 7F | T:3740949 RPD:1
[CH: 50] LEN: 12 | HEX: F2 76 F4 F5 70 E2 91 BA A0 6A AB FD | T:3740979 RPD:1
[CH: 50] LEN: 12 | HEX: FA 76 FE F4 79 FA 91 FF 7C 8F BF DB | T:3741009 RPD:1
[CH: 50] LEN: 12 | HEX: F2 76 EE F3 7E F2 91 FE 8A 76 BF BF | T:3741039 RPD:1
[CH: 50] LEN: 12 | HEX: F2 76 FA F2 7A AA 91 D5 16 93 AF FF | T:3741069 RPD:1
[CH: 50] LEN: 12 | HEX: F2 76 FE E1 78 F2 91 FF E3 9D BF DF | T:3741099 RPD:1
[CH: 50] LEN: 12 | HEX: FA 76 FE F0 79 FA 91 FF FF 78 AF FF | T:3741129 RPD:1
[CH: 50] LEN: 12 | HEX: F2 76 FE EE 62 F2 91 FE 11 92 BF FE | T:3741159 RPD:1
[CH: 50] LEN: 12 | HEX: FA 76 FA EE 63 FA 91 FF 8D 77 BF FD | T:3741189 RPD:1
[CH: 50] LEN: 12 | HEX: FA 76 F6 ED 60 FA 91 EE B8 79 B6 DD | T:3741219 RPD:1
[CH: 50] LEN: 12 | HEX: FA 76 F6 EC 61 FA 91 FF 64 9C BF FF | T:3741249 RPD:1
[CH: 50] LEN: 12 | HEX: FA 76 F6 EA 67 FA 91 EB 8E 80 BF FF | T:3741309 RPD:1
[CH: 50] LEN: 12 | HEX: F2 76 FA E9 64 F2 91 FF BB CE BF FF | T:3741339 RPD:1
[CH: 50] LEN: 12 | HEX: F2 76 FE E8 65 F6 91 FA A7 6B AD DE | T:3741369 RPD:1
[CH: 50] LEN: 12 | HEX: F2 76 FA E7 6A FA 91 FF 56 78 AB FF | T:3741399 RPD:1
[CH: 50] LEN: 12 | HEX: FA 76 FE E6 6B FA 91 FF CA 99 BE EF | T:3741429 RPD:1
[CH: 50] LEN: 12 | HEX: FA 76 FE E5 68 FA 91 EF 3D 97 AE 7D | T:3741459 RPD:1
[CH: 50] LEN: 12 | HEX: F2 76 FE E4 69 F2 91 FE A3 72 BF FE | T:3741489 RPD:1
[CH: 50] LEN: 12 | HEX: FA 76 F6 E3 6E F2 91 F7 55 8B AF EB | T:3741519 RPD:1
[CH: 50] LEN: 12 | HEX: FA 76 FD E2 6F 72 91 FF 09 6E BF FF | T:3741549 RPD:1
[CH: 50] LEN: 12 | HEX: FA 76 FE E1 6C F2 91 F7 7C 60 AF FF | T:3741579 RPD:1
[CH: 50] LEN: 12 | HEX: FA 76 FE E0 6D FA 91 FF E0 85 BF FF | T:3741609 RPD:1
[CH: 50] LEN: 12 | HEX: F2 76 FE DF 52 FA 91 FF B1 95 BF FF | T:3741639 RPD:1
[CH: 50] LEN: 12 | HEX: F2 76 FE FE 73 AA 91 FD 52 8A AF BD | T:3741669 RPD:1
[CH: 50] LEN: 12 | HEX: F2 76 FA EF 70 F2 91 FD 67 84 AF DE | T:3741672 RPD:1
[CH: 50] LEN: 12 | HEX: FA 76 FE FC 71 EA 91 FE FB 61 B5 FE | T:3741676 RPD:1
[CH: 50] LEN: 12 | HEX: FA 76 FE F3 76 FA 91 EE 4D 98 BF AD | T:3741687 RPD:1
[CH: 50] LEN: 12 | HEX: FA 76 FE FA 77 BA 91 EE 91 79 AB FF | T:3741688 RPD:1
[CH: 50] LEN: 12 | HEX: F6 76 FB F9 74 F2 91 FF C4 73 FF FE | T:3741699 RPD:1
[CH: 50] LEN: 12 | HEX: FA 76 F6 F0 75 F2 91 FE B8 96 BF DF | T:3741699 RPD:1
[CH: 50] LEN: 12 | HEX: F2 76 FE F7 7A FA 91 F6 C9 81 BF DF | T:3741721 RPD:1
[CH: 50] LEN: 12 | HEX: FA 76 FE F6 7B FA 91 FE 55 64 AF FD | T:3741751 RPD:1
[CH: 50] LEN: 12 | HEX: FA 76 F6 F5 78 F2 91 EF 20 6A BE FD | T:3741781 RPD:1
[CH: 50] LEN: 12 | HEX: FA 76 FE F4 79 FA 91 F7 5C 8F AF F7 | T:3741811 RPD:1
[CH: 50] LEN: 12 | HEX: FE 76 EE F3 7D F2 91 FF 4A 76 BF F7 | T:3741841 RPD:1
[CH: 50] LEN: 12 | HEX: FA 76 FA F2 7B 72 91 F5 16 93 AF E9 | T:3741871 RPD:1
[CH: 50] LEN: 12 | HEX: F2 76 FE F1 7C F2 91 FF 63 9D B7 7F | T:3741901 RPD:1
[CH: 50] LEN: 12 | HEX: FA 7E FE F0 79 FA 91 DF 3F 78 BF FD | T:3741931 RPD:1
[CH: 50] LEN: 12 | HEX: F2 76 FE EF 62 FA 91 EF 11 92 AF BF | T:3741961 RPD:1
[CH: 50] LEN: 12 | HEX: FA 76 FA EE 63 EA 91 FF 4D 77 EF FF | T:3741991 RPD:1
[CH: 50] LEN: 12 | HEX: FA 76 FE ED 60 FA 91 FF B8 79 AE BF | T:3742021 RPD:1
[CH: 50] LEN: 12 | HEX: F2 76 FA EC 61 F2 91 F7 64 9C AB D7 | T:3742051 RPD:1
[CH: 50] LEN: 12 | HEX: F2 76 F6 EB 66 FA 91 FF D2 65 AF 7B | T:3742081 RPD:1
[CH: 50] LEN: 12 | HEX: F2 76 FE EA 67 FA 91 FF 4F 80 AF DF | T:3742111 RPD:1
[CH: 50] LEN: 12 | HEX: FA 76 FA E9 64 FA 91 FF 5B 8E BF FF | T:3742141 RPD:1
[CH: 50] LEN: 12 | HEX: F2 76 F4 E8 65 F2 91 EB 27 6B BB FE | T:3742171 RPD:1
[CH: 50] LEN: 12 | HEX: F2 76 FE E7 6A FA 91 FD 16 78 BF FF | T:3742201 RPD:1
[CH: 50] LEN: 12 | HEX: FA 76 FE E6 6B FA 91 EF 4A 99 BF FF | T:3742231 RPD:1
[CH: 50] LEN: 12 | HEX: FA 76 FE E5 68 FA 91 F5 3F 97 BD 6D | T:3742261 RPD:1
[CH: 50] LEN: 12 | HEX: FA 76 F5 E4 69 F2 91 F7 E3 72 AD CE | T:3742291 RPD:1
[CH: 50] LEN: 12 | HEX: FA 76 FE E3 6E F2 91 FE D5 8B BA FD | T:3742321 RPD:1
[CH: 50] LEN: 12 | HEX: F6 76 FE E2 6F FA 91 FF 89 6E BF BF | T:3742351 RPD:1
[CH: 50] LEN: 12 | HEX: F2 76 F6 E1 6C F6 91 EF 7C 60 BF FE | T:3742381 RPD:1
[CH: 50] LEN: 12 | HEX: FA 76 FE E0 6D FA 91 EE A0 85 AF FF | T:3742411 RPD:1
[CH: 50] LEN: 12 | HEX: EA 76 FE DF 52 FA 91 EF 31 95 AF EF | T:3742441 RPD:1
[CH: 50] LEN: 12 | HEX: FA 76 FC F5 70 F2 91 FE E7 84 BF FF | T:3742475 RPD:1
[CH: 50] LEN: 12 | HEX: FA 76 FE FC 71 FA 91 FF FB 61 BF F7 | T:3742479 RPD:1
[CH: 50] LEN: 12 | HEX: EA 76 F6 F7 76 EA 91 FF CD 98 AF FE | T:3742483 RPD:1
[CH: 50] LEN: 12 | HEX: FA 76 F6 F2 77 D2 91 FE 91 7D BB FF | T:3742494 RPD:1
[CH: 50] LEN: 12 | HEX: FA 76 FB F9 74 FA 91 FF E4 73 BF FE | T:3742494 RPD:0
[CH: 50] LEN: 12 | HEX: FA 76 FE F0 75 FA 91 FF 38 96 AF 6D | T:3742505 RPD:0
[CH: 50] LEN: 12 | HEX: FA 76 FE F7 7A F2 91 DF 89 81 BF F7 | T:3742524 RPD:1
[CH: 50] LEN: 12 | HEX: FA 76 FA F6 7B DA 91 F7 55 64 AD BC | T:3742554 RPD:1
[CH: 50] LEN: 12 | HEX: FA 76 FE F5 78 FA 91 FE A0 6A AF EF | T:3742584 RPD:1
[CH: 50] LEN: 12 | HEX: EA 76 FE F4 79 FA 91 FE BC 8F 7F F7 | T:3742614 RPD:1
[CH: 50] LEN: 12 | HEX: F6 76 FE F3 7E FA 91 FF AA 76 AF FE | T:3742644 RPD:1
[CH: 50] LEN: 12 | HEX: F2 76 FE F2 7F AA 91 FE 96 93 BF FF | T:3742674 RPD:1
[CH: 50] LEN: 12 | HEX: FA 76 FF F1 74 FA 91 FD 63 9D AD FD | T:3742704 RPD:1
[CH: 50] LEN: 12 | HEX: FA 76 FE F0 7D DA 91 FF BF 78 AF F7 | T:3742734 RPD:1
[CH: 50] LEN: 12 | HEX: F2 76 FE EF 62 FA 91 FE 91 92 AE BF | T:3742764 RPD:1
[CH: 50] LEN: 12 | HEX: F2 7E FE EE 63 FA 91 FF AD 77 ED EB | T:3742793 RPD:1
[CH: 50] LEN: 12 | HEX: FA 76 FC ED 60 F6 91 F7 B8 79 AF FD | T:3742823 RPD:1
[CH: 50] LEN: 12 | HEX: FA 76 FE EC 61 FA 91 FF 64 9D AD FF | T:3742853 RPD:1
[CH: 50] LEN: 12 | HEX: FA 76 FE EB 66 FA 91 FF 52 65 B7 FF | T:3742883 RPD:1
[CH: 50] LEN: 12 | HEX: FA 76 F6 EA 67 FA 91 FF 0E 80 BF EE | T:3742913 RPD:1
[CH: 50] LEN: 12 | HEX: FA 76 F5 E9 64 F2 91 FF AB 8E BF F7 | T:3742943 RPD:1
[CH: 50] LEN: 12 | HEX: EA 76 FE E8 65 FA 91 FF 27 6B AF FF | T:3742973 RPD:1
[CH: 50] LEN: 12 | HEX: FA 76 FE E7 6A F2 91 FF 96 7C BF FF | T:3743003 RPD:1
[CH: 50] LEN: 12 | HEX: FA 76 FE E6 6B FA 91 FF 4A 99 AF 6A | T:3743033 RPD:1
[CH: 50] LEN: 12 | HEX: F2 76 FA E5 68 F2 91 ED 3D 17 37 AF | T:3743063 RPD:1
[CH: 50] LEN: 12 | HEX: FA 7B FD 80 81 F6 91 FF FE FB AF F7 | T:3743281 RPD:1
[CH: 50] LEN: 12 | HEX: FA 7B AF 00 81 FA 91 EF D7 FB BF 7F | T:3743282 RPD:1
[CH: 50] LEN: 12 | HEX: F1 77 BE FD FE 73 91 FE 0D 39 BF 7F | T:3743316 RPD:1
[CH: 50] LEN: 12 | HEX: F9 77 BE FA F4 72 91 EE D0 58 BF FF | T:3743319 RPD:1
[CH: 50] LEN: 12 | HEX: F9 77 FD F3 FE 75 91 EE 72 1C BF 7B | T:3743322 RPD:1
[CH: 50] LEN: 12 | HEX: F9 77 7E F6 F6 74 91 FF 4F 7D AF EF | T:3743333 RPD:1
[CH: 50] LEN: 12 | HEX: F1 77 74 F5 FE 77 91 FF 58 FF DE FF | T:3743333 RPD:0
[CH: 50] LEN: 12 | HEX: F9 77 FD FB FA 70 91 FF 7A BB AB FE | T:3743344 RPD:1
[CH: 50] LEN: 12 | HEX: F5 77 DD FD F6 73 91 FE 0D 39 BF ED | T:3743356 RPD:1
[CH: 50] LEN: 12 | HEX: F9 77 BD F6 F6 72 91 EA 90 58 AF 7D | T:3743356 RPD:0
[CH: 50] LEN: 12 | HEX: FD 77 FA F9 FE 77 91 EF D8 FF 7F AE | T:3743367 RPD:1
[CH: 50] LEN: 12 | HEX: F1 77 BD F3 DC 75 91 FE F2 1C BF F7 | T:3743368 RPD:0
[CH: 50] LEN: 12 | HEX: F9 77 FD FA FE 74 91 FF 4F 7D AF FF | T:3743379 RPD:1
[CH: 50] LEN: 12 | HEX: F9 77 F5 FB FE 73 91 F7 0D 39 BF FF | T:3743379 RPD:0
[CH: 50] LEN: 12 | HEX: F9 77 F9 F7 FE 75 91 F5 72 1C AF AF | T:3743390 RPD:1
[CH: 50] LEN: 12 | HEX: F9 77 F4 F9 FC 77 11 FE D8 EE BB 77 | T:3743402 RPD:1
[CH: 50] LEN: 12 | HEX: F1 77 FA FC EE 70 91 FF 7A BB AF BF | T:3743402 RPD:0
[CH: 50] LEN: 12 | HEX: F9 77 FD F3 DE 75 91 FF 72 1C AE FF | T:3743413 RPD:1
[CH: 50] LEN: 12 | HEX: F1 77 FC FA FE 70 91 EE BA BB AE FB | T:3743414 RPD:0
[CH: 50] LEN: 12 | HEX: F1 77 DD FB EE 73 91 D5 0D 39 BF FF | T:3743425 RPD:1
[CH: 50] LEN: 12 | HEX: F9 77 AC EA FE 74 91 EF 4F 79 BF FF | T:3743436 RPD:1
[CH: 50] LEN: 12 | HEX: F9 77 F4 F1 FE 77 91 FF 58 EF 6F FF | T:3743436 RPD:0
[CH: 50] LEN: 12 | HEX: F1 77 DD F8 FE 72 91 FF D0 58 BD DB | T:3743448 RPD:1
[CH: 50] LEN: 12 | HEX: F1 77 74 FE F6 70 91 EB 7A BB BF B7 | T:3743448 RPD:0
[CH: 50] LEN: 12 | HEX: F1 77 D6 F9 FE 73 91 FE 8D 39 BD 7E | T:3743459 RPD:1
[CH: 50] LEN: 12 | HEX: F9 77 FD FA FA 74 91 FE EF 7D BA FD | T:3743460 RPD:0
[CH: 50] LEN: 12 | HEX: F9 77 FF F9 FE 7F 91 F7 58 FF BF FD | T:3743471 RPD:1
[CH: 50] LEN: 12 | HEX: F1 77 BD FC FE 7A 91 FE 90 58 BF FE | T:3743482 RPD:1
[CH: 50] LEN: 12 | HEX: F9 77 D5 FA FE 74 91 FF 5F 7D BF AB | T:3743482 RPD:0
[CH: 50] LEN: 12 | HEX: F9 77 BE F9 FE 77 91 EB 58 FF EF DE | T:3743494 RPD:1
[CH: 50] LEN: 12 | HEX: F9 77 FD FB D6 75 91 FF 72 1C AE FF | T:3743494 RPD:0
[CH: 50] LEN: 12 | HEX: F1 77 DC FA FE 74 91 EF EF 7D AF 77 | T:3743505 RPD:1
[CH: 50] LEN: 12 | HEX: F9 77 FF FD FE 73 91 F7 0D 39 B6 EB | T:3743517 RPD:1
[CH: 50] LEN: 12 | HEX: F9 77 D6 FA FE 72 91 FE 90 58 AF FF | T:3743517 RPD:0
[CH: 50] LEN: 12 | HEX: F1 77 BB F1 EA 77 91 FF D8 FF FE DF | T:3743528 RPD:1
[CH: 50] LEN: 12 | HEX: ED 77 FD F3 EA 75 91 EF 72 1C AB BF | T:3743528 RPD:1
[CH: 50] LEN: 12 | HEX: F1 77 FD FA FE 74 91 FF 5F 7D AB 9D | T:3743540 RPD:1
[CH: 50] LEN: 12 | HEX: F9 77 FD EB FE 73 91 FE 0D 39 AE FF | T:3743551 RPD:1
[CH: 50] LEN: 12 | HEX: F1 77 FD FC F5 72 91 EF 90 58 AB FF | T:3743551 RPD:0
[CH: 50] LEN: 12 | HEX: F9 77 FD F6 FE 74 91 FF 4F 7D BF AF | T:3743562 RPD:1
[CH: 50] LEN: 12 | HEX: F9 77 F4 F4 FE 72 91 F7 10 58 AE BF | T:3743563 RPD:0
[CH: 50] LEN: 12 | HEX: F9 77 FF FB FC 75 91 F7 72 1C BF FF | T:3743574 RPD:1
[CH: 50] LEN: 12 | HEX: F9 7F FE FE F5 70 91 F7 BA BB B7 6F | T:3743574 RPD:0
[CH: 50] LEN: 12 | HEX: F1 77 BB F9 FE 73 91 FD 0D 39 AF BF | T:3743586 RPD:1
[CH: 50] LEN: 12 | HEX: F9 77 FD FA FE 74 91 EB EF 7D BB EF | T:3743597 RPD:0
[CH: 50] LEN: 12 | HEX: F1 77 AE F1 FD 77 91 FF 58 F5 B5 FF | T:3743597 RPD:0
[CH: 50] LEN: 12 | HEX: F9 77 BD FE FE 70 91 EE BA BB AE BD | T:3743608 RPD:1
[CH: 50] LEN: 12 | HEX: F9 77 FD FD FE 73 91 FE 8D 39 BD FF | T:3743609 RPD:0
[CH: 50] LEN: 12 | HEX: F1 77 FA F4 F6 72 91 FF D0 58 BF FF | T:3743620 RPD:1
[CH: 50] LEN: 12 | HEX: F9 77 FD F2 FE 74 91 FF 4F 79 BF D5 | T:3743631 RPD:1
[CH: 50] LEN: 12 | HEX: F1 77 FD E9 FE 77 91 D6 D8 FF 76 5E | T:3743632 RPD:0
[CH: 50] LEN: 12 | HEX: F9 77 DD F8 FE 72 91 AA 50 58 AF EF | T:3743643 RPD:1
[CH: 50] LEN: 12 | HEX: F9 77 B5 F9 EC 77 91 FE 58 FF 3F BF | T:3743643 RPD:0
[CH: 50] LEN: 12 | HEX: F1 77 DE FD FE 70 91 FE FA BB AD 7F | T:3743654 RPD:1
[CH: 50] LEN: 12 | HEX: F9 77 FA FB FE 75 91 F5 72 1C BB F5 | T:3743655 RPD:0
[CH: 50] LEN: 12 | HEX: F1 77 7E FA FE 74 91 FF 6F 79 BB FE | T:3743666 RPD:1
[CH: 50] LEN: 12 | HEX: F9 77 B5 FE FE 70 91 FE FA BB AF 9A | T:3743677 RPD:1
[CH: 50] LEN: 12 | HEX: F1 77 AD F5 FC 73 91 FD 0D 39 AE EB | T:3743678 RPD:0
[CH: 50] LEN: 12 | HEX: F9 77 EE F2 FE 74 91 F5 4F 7D BF DF | T:3743689 RPD:1
[CH: 50] LEN: 12 | HEX: F5 77 FE FC FE 72 91 FE 90 58 BA EF | T:3743689 RPD:1
[CH: 50] LEN: 12 | HEX: F9 77 AD FB FE 75 91 FF F2 1C BF EF | T:3743700 RPD:1
[CH: 50] LEN: 12 | HEX: F1 77 FF F1 D6 77 91 FE 58 F7 3D FF | T:3743712 RPD:1
[CH: 50] LEN: 12 | HEX: F1 77 FC FA FE 70 91 EB 3A BB AF F7 | T:3743712 RPD:0
[CH: 50] LEN: 12 | HEX: F1 77 7D FB FE 75 91 FF 72 1C AF BB | T:3743723 RPD:1
[CH: 50] LEN: 12 | HEX: F9 77 DD FD FE 73 91 EE 8D 39 BF FD | T:3743724 RPD:0
[CH: 50] LEN: 12 | HEX: F9 77 FE F4 FE 72 91 FF D0 58 BE FF | T:3743735 RPD:1
[CH: 50] LEN: 12 | HEX: F9 77 FD F9 EE 77 91 FF D8 F7 B7 FF | T:3743746 RPD:1
[CH: 50] LEN: 12 | HEX: F1 77 F4 FA F6 70 91 EE BA BB B6 FF | T:3743746 RPD:0
[CH: 50] LEN: 12 | HEX: E9 77 BD EB FE 75 91 EE 72 1C BF FD | T:3743758 RPD:1
[CH: 50] LEN: 12 | HEX: F9 77 FD FD FE 73 91 D6 8D 39 BF FF | T:3743758 RPD:0
[CH: 50] LEN: 12 | HEX: F9 77 FD FC FE 72 91 FF 50 58 BD BF | T:3743769 RPD:1
[CH: 50] LEN: 12 | HEX: F9 77 FE FA F4 74 91 FE AF 7D AF DF | T:3743769 RPD:0
[CH: 50] LEN: 12 | HEX: F1 77 FA F9 F6 77 91 FF 58 FF 26 FF | T:3743781 RPD:1
[CH: 50] LEN: 12 | HEX: F9 77 BD FC FE 72 91 FF 50 58 AF EF | T:3743792 RPD:1
[CH: 50] LEN: 12 | HEX: F1 77 FF FB FC 75 91 EB 72 1C BF AA | T:3743792 RPD:0
[CH: 50] LEN: 12 | HEX: F1 77 BE FE FE 70 91 FF 7E BB AF FF | T:3743804 RPD:1
[CH: 50] LEN: 12 | HEX: F9 77 FD F2 F4 74 91 FE EF 79 BF BF | T:3743804 RPD:0
[CH: 50] LEN: 12 | HEX: F9 77 AE F1 FE 77 91 FE 58 FF AF FB | T:3743815 RPD:1
[CH: 50] LEN: 12 | HEX: F9 77 DF FC EE 7A 91 EB 90 58 B5 FF | T:3743826 RPD:1
[CH: 50] LEN: 12 | HEX: F1 77 DE F3 FE 75 91 EF 72 1C AE DF | T:3743827 RPD:0
[CH: 50] LEN: 12 | HEX: F9 77 FE F6 FE 70 91 F7 BA BB AF 5F | T:3743838 RPD:1
[CH: 50] LEN: 12 | HEX: F1 77 BC F3 BD 75 91 FD 72 1C AF FF | T:3743838 RPD:0
[CH: 50] LEN: 12 | HEX: F9 77 FD F9 FE 77 91 FE D8 FF 3F FB | T:3743850 RPD:1
[CH: 50] LEN: 12 | HEX: F1 77 ED F9 F4 73 91 EF 8D 39 AE F5 | T:3743850 RPD:0
[CH: 50] LEN: 12 | HEX: F1 77 FA F4 F4 72 91 FE 90 58 BF EF | T:3743861 RPD:1
[CH: 50] LEN: 12 | HEX: F1 77 BA F1 EE 77 91 FE 58 FF 7E FF | T:3743872 RPD:1
[CH: 50] LEN: 12 | HEX: F1 77 BA FE FE 70 91 FF BA BB BF 7F | T:3743873 RPD:0
[CH: 50] LEN: 12 | HEX: F9 77 FF F3 FE 75 91 FE F2 1C BF 77 | T:3743884 RPD:1
[CH: 50] LEN: 12 | HEX: F1 77 B5 FD DE 73 91 FE 8D 39 AB BF | T:3743884 RPD:0
[CH: 50] LEN: 12 | HEX: F1 77 BD FC FE 72 91 F7 90 58 BF 7B | T:3743896 RPD:1
[CH: 50] LEN: 12 | HEX: F1 77 AD F1 F6 77 91 FE D8 FF AF BF | T:3743907 RPD:1
[CH: 50] LEN: 12 | HEX: F9 77 DF FE FD 70 91 EF 7A BB AF B7 | T:3743907 RPD:0
[CH: 50] LEN: 12 | HEX: F1 77 BE F4 F6 72 91 FF D0 58 BF DF | T:3743918 RPD:1
[CH: 50] LEN: 12 | HEX: F9 77 FA F6 FE 70 91 FF BA BB AF 77 | T:3743919 RPD:0
[CH: 50] LEN: 12 | HEX: F1 77 D6 FB FE 73 91 FF 8D 39 AD 7B | T:3743930 RPD:1
[CH: 50] LEN: 12 | HEX: F1 77 B5 EA FE 74 91 FE EF 7D BF FF | T:3743941 RPD:1
[CH: 50] LEN: 12 | HEX: F9 77 DD F9 FE 77 91 FE D8 FF 6D FB | T:3743942 RPD:0
[CH: 50] LEN: 12 | HEX: F9 77 FF FC FE 72 91 D5 10 58 AD 75 | T:3743953 RPD:1
[CH: 50] LEN: 12 | HEX: F9 77 BD FE FD 70 91 F6 FA BB BF F5 | T:3743953 RPD:0
[CH: 50] LEN: 12 | HEX: F1 77 FD FD F6 73 D1 F7 0D 39 AB DD | T:3743964 RPD:1
[CH: 50] LEN: 12 | HEX: F9 77 D4 FA FE 74 91 FF DF 7D AF FF | T:3743965 RPD:0
[CH: 50] LEN: 12 | HEX: F1 77 FD F9 F6 77 91 FF 58 FF 7F DF | T:3743976 RPD:1
[CH: 50] LEN: 12 | HEX: F5 77 FD F5 D6 73 91 FE 8D 39 AD F7 | T:3743987 RPD:1
[CH: 50] LEN: 12 | HEX: F9 77 DD FC FE 72 91 FE 90 58 BF BF | T:3743988 RPD:0
[CH: 50] LEN: 12 | HEX: F1 77 BC F9 FE 77 91 FF 58 F7 7F AF | T:3743999 RPD:1
[CH: 50] LEN: 12 | HEX: F1 77 FD FB FE 75 91 F7 72 1C AB F7 | T:3743999 RPD:0
[CH: 50] LEN: 12 | HEX: F9 77 FD FA FD 74 91 FE AF 79 AF 5E | T:3744010 RPD:1
[CH: 50] LEN: 12 | HEX: F5 77 AD FD FC 73 91 ED 8D 39 BF FF | T:3744022 RPD:1
[CH: 50] LEN: 12 | HEX: F9 77 DE FC F5 72 91 FF D0 58 B7 FE | T:3744022 RPD:0
[CH: 50] LEN: 12 | HEX: F9 77 FD F9 EE 77 91 FF 58 FF DF FF | T:3744033 RPD:1
[CH: 50] LEN: 12 | HEX: F1 77 FD FB BB 75 91 F7 72 1C AF ED | T:3744033 RPD:0
[CH: 50] LEN: 12 | HEX: F9 77 BD FA F4 74 91 FF 4F 7D BD FF | T:3744045 RPD:1
[CH: 50] LEN: 12 | HEX: E9 77 FF FE FE 70 91 FF 7A BB AB FE | T:3744045 RPD:0
[CH: 50] LEN: 12 | HEX: F9 77 BD FD F6 73 91 FE 8D 39 BF 5E | T:3744056 RPD:1
[CH: 50] LEN: 12 | HEX: F9 77 BD FA FE 74 91 EF EF 75 AF FF | T:3744068 RPD:1
[CH: 50] LEN: 12 | HEX: F9 77 D5 F1 DE 77 91 FF 58 FF BF DF | T:3744068 RPD:0
[CH: 50] LEN: 12 | HEX: F1 77 EC F9 FE 72 91 D7 50 58 AE FF | T:3744079 RPD:0
[CH: 50] LEN: 12 | HEX: F1 77 FD FE F6 70 91 FF 7A BB BF FF | T:3744087 RPD:1
[CH: 50] LEN: 12 | HEX: F9 7F FB FD FE 73 91 F6 8D 39 BF 6F | T:3744090 RPD:1
[CH: 50] LEN: 12 | HEX: F1 77 FA F4 FE 72 91 FF 50 58 B7 FF | T:3744101 RPD:1
[CH: 50] LEN: 12 | HEX: F9 77 FE FB FD 75 91 EE F2 1C AF FD | T:3744101 RPD:0
[CH: 50] LEN: 12 | HEX: F1 77 FE FA FE 74 91 F7 4F 7D BE F7 | T:3744113 RPD:1
[CH: 50] LEN: 12 | HEX: F9 77 BD F1 FE 77 91 F6 D8 FF 7B ED | T:3744113 RPD:0
[CH: 50] LEN: 12 | HEX: F9 77 FA FE FE 70 91 F5 7A BB AE FF | T:3744124 RPD:1
[CH: 50] LEN: 12 | HEX: F9 77 FD FB FE 75 91 EF F2 1C BF FE | T:3744136 RPD:1
[CH: 50] LEN: 12 | HEX: F1 77 FC F2 FE 74 91 F7 AE 79 BF E8 | T:3744136 RPD:0
[CH: 50] LEN: 12 | HEX: F9 77 EE FD F6 73 91 FF 0D 39 AF EF | T:3744147 RPD:1
[CH: 50] LEN: 12 | HEX: F9 77 DC F1 FE 77 91 FF 58 FF 3B F7 | T:3744147 RPD:0
[CH: 50] LEN: 12 | HEX: F1 77 FD EE FE 70 91 FD FA BB BF FF | T:3744159 RPD:1
[CH: 50] LEN: 12 | HEX: F5 77 BA EB FC 75 91 D5 72 1C AB FE | T:3744170 RPD:0
[CH: 50] LEN: 12 | HEX: F9 77 BA FA FE 74 91 FE AF 7D AE FF | T:3744170 RPD:0
[CH: 50] LEN: 12 | HEX: F1 77 BA FE FD 70 91 FF FA BB BF FF | T:3744182 RPD:1
[CH: 50] LEN: 12 | HEX: F9 77 FD FD FA 73 91 FF 0D 39 AD B7 | T:3744182 RPD:1
[CH: 50] LEN: 12 | HEX: F9 77 FD FA FE 72 91 EA 90 58 BE FF | T:3744193 RPD:1
[CH: 50] LEN: 12 | HEX: F9 77 EA FB FD 75 91 FF F2 1C BB FF | T:3744193 RPD:0
[CH: 50] LEN: 12 | HEX: F9 77 FA FA FE 74 91 FF AF 7D AF FF | T:3744205 RPD:1
[CH: 50] LEN: 12 | HEX: E9 77 AC F4 F5 70 91 EA BA BB AF FF | T:3744216 RPD:1
[CH: 50] LEN: 12 | HEX: F9 77 FE F9 EA 73 91 F6 0D 39 BF FF | T:3744216 RPD:0
[CH: 50] LEN: 12 | HEX: F9 77 F9 FA EE 74 91 DE AF 77 BF DF | T:3744228 RPD:1
[CH: 50] LEN: 12 | HEX: F9 77 FA FC FA 72 91 FF 50 58 BF 7F | T:3744228 RPD:0
[CH: 50] LEN: 12 | HEX: F1 77 D6 FB BA F5 91 FE F2 1C AF FF | T:3744239 RPD:1
[CH: 50] LEN: 12 | HEX: F9 77 FD FA FE 70 91 F7 7A BB BF FF | T:3744250 RPD:1
[CH: 50] LEN: 12 | HEX: F1 77 FD F9 D6 73 91 DE 0D 39 AF FF | T:3744251 RPD:1
[CH: 50] LEN: 12 | HEX: F1 77 DE F2 FE 74 91 FF 4F 7D AF FD | T:3744262 RPD:1
[CH: 50] LEN: 12 | HEX: F9 77 FB E9 FA 73 91 FE 8D 39 AF DD | T:3744262 RPD:0
[CH: 50] LEN: 12 | HEX: F9 77 BD FC F5 72 91 FE 90 58 AF EF | T:3744274 RPD:1
[CH: 50] LEN: 12 | HEX: F9 77 FC E9 FE 77 91 D7 58 FF 2F FF | T:3744274 RPD:1
[CH: 50] LEN: 12 | HEX: F9 77 FB FA F5 70 91 F7 3A BB AB FF | T:3744285 RPD:1
[CH: 50] LEN: 12 | HEX: F1 77 FD FD FE 73 91 F7 0D 39 AF EF | T:3744296 RPD:1
[CH: 50] LEN: 12 | HEX: F1 77 7E FB DD 75 91 FF 72 1C AF DF | T:3744297 RPD:0
[CH: 50] LEN: 12 | HEX: F1 77 FE FA FE 74 91 FE AE 7D BF FF | T:3744308 RPD:1
[CH: 50] LEN: 12 | HEX: F9 77 FE F9 FF 77 91 F6 58 F6 EF FD | T:3744308 RPD:0
[CH: 50] LEN: 12 | HEX: F9 77 7A FA F6 70 91 FF 3A BB BF FF | T:3744319 RPD:1
[CH: 50] LEN: 12 | HEX: F1 77 BF FB D4 75 91 F6 72 1C BF 7F | T:3744331 RPD:1
[CH: 50] LEN: 12 | HEX: F1 77 FF F2 FE 74 91 F7 6F 7D BF BF | T:3744331 RPD:0
[CH: 50] LEN: 12 | HEX: F9 77 FD FD FE 73 91 FE 8D 39 BE FE | T:3744342 RPD:1
[CH: 50] LEN: 12 | HEX: F1 77 FD FA F6 70 91 EF 7A BB FF FF | T:3744343 RPD:1
[CH: 50] LEN: 12 | HEX: F9 77 BC F9 FE 73 91 FF 8D 39 AA BE | T:3744354 RPD:1
[CH: 50] LEN: 12 | HEX: F1 77 FD F7 EC 75 91 FE F2 1C AE EB | T:3744365 RPD:1
[CH: 50] LEN: 12 | HEX: F9 77 FD F2 FE 74 91 EF 9F 7D AF FF | T:3744365 RPD:0
[CH: 50] LEN: 12 | HEX: F9 77 FD FE FE 70 91 FE BA BB BF 7F | T:3744377 RPD:1
[CH: 50] LEN: 12 | HEX: F9 77 7A FA FE 74 91 DD 5F 7D BF FF | T:3744377 RPD:0
[CH: 50] LEN: 12 | HEX: F1 77 BE F1 FE 77 91 F6 58 FF BF EF | T:3744388 RPD:1
[CH: 50] LEN: 12 | HEX: F9 77 FA FC FE 72 91 FF 50 58 BE FD | T:3744389 RPD:0
[CH: 50] LEN: 12 | HEX: ED 77 FB FB BD 75 91 EE 72 1C AF BF | T:3744400 RPD:1
[CH: 50] LEN: 12 | HEX: F1 77 56 FE F4 70 91 FF 7A BB FE BF | T:3744411 RPD:1
[CH: 50] LEN: 12 | HEX: F1 77 FC F5 FE 73 91 FF 8D 39 AD DB | T:3744411 RPD:1
[CH: 50] LEN: 12 | HEX: F1 77 FB FA FE 74 91 FE AF 7D B7 F7 | T:3744423 RPD:1
[CH: 50] LEN: 12 | HEX: F9 77 FB FD EE 73 91 FF 8D 39 BF DF | T:3744423 RPD:0
[CH: 50] LEN: 12 | HEX: F9 77 FD F8 FA 72 91 FF 50 58 BF FF | T:3744434 RPD:1
[CH: 50] LEN: 12 | HEX: F9 77 FF F1 FE 77 91 FE D8 FF 7B FF | T:3744446 RPD:1
[CH: 50] LEN: 12 | HEX: F1 77 F9 F6 EE 78 91 EF FA BF AF FB | T:3744446 RPD:0
[CH: 50] LEN: 12 | HEX: F9 77 FD FB FE 75 91 DE F2 1C BF D7 | T:3744457 RPD:1
[CH: 50] LEN: 12 | HEX: F1 77 FD FD EE 73 91 FF 0D 39 AF FB | T:3744457 RPD:0
[CH: 50] LEN: 12 | HEX: E9 77 AE F8 EA 72 91 DD 10 58 AB FB | T:3744469 RPD:1
[CH: 50] LEN: 12 | HEX: F1 77 BE F9 EE 77 91 FB 58 FF AF FF | T:3744469 RPD:0
[CH: 50] LEN: 12 | HEX: F9 77 FD FA F4 70 91 FF 7A BB AA FF | T:3744480 RPD:1
[CH: 50] LEN: 12 | HEX: F9 77 FD FB FE 75 91 FF F2 1C BF EF | T:3744492 RPD:1
[CH: 50] LEN: 12 | HEX: F1 77 EB FA FE 74 91 F7 AF 7D AF DF | T:3744492 RPD:0
[CH: 50] LEN: 12 | HEX: F9 77 FF F9 FE 73 91 FE 8D 39 BF FF | T:3744503 RPD:1
[CH: 50] LEN: 12 | HEX: F1 77 FC FA FE 74 91 FE AE 79 BF FF | T:3744503 RPD:0
[CH: 50] LEN: 12 | HEX: F9 77 FD F9 FF 77 91 FE D8 FF 6F E7 | T:3744515 RPD:1
[CH: 50] LEN: 12 | HEX: F1 77 FD F8 FE 72 91 FF 10 58 BF 6E | T:3744526 RPD:1
[CH: 50] LEN: 12 | HEX: F1 77 DE FB FD 75 91 F5 72 1C BB FE | T:3744526 RPD:0
[CH: 50] LEN: 12 | HEX: F9 77 B9 FE FE 70 91 FE BA BB FF FD | T:3744537 RPD:1
[CH: 50] LEN: 12 | HEX: F5 77 FA FA FE 74 91 FF 4F 7D AF AF | T:3744538 RPD:0
[CH: 50] LEN: 12 | HEX: F9 77 FD F9 F6 77 91 FD D8 FF 7F DF | T:3744549 RPD:1
[CH: 50] LEN: 12 | HEX: F1 77 AE F8 FE 72 91 FE 90 58 BB EB | T:3744560 RPD:1
[CH: 50] LEN: 12 | HEX: F1 77 FE FB FD 75 91 FE 72 1C BD 7B | T:3744561 RPD:0
[CH: 50] LEN: 12 | HEX: F9 77 FD F9 FE 77 91 FF 58 FB AB FF | T:3744572 RPD:1
[CH: 50] LEN: 12 | HEX: F9 7F BD F7 FD 75 91 F6 72 1C AE FF | T:3744572 RPD:0
[CH: 50] LEN: 12 | HEX: F9 77 FD FA F6 74 91 FD 6F 79 BF BD | T:3744583 RPD:1
[CH: 50] LEN: 12 | HEX: ED 77 6E FD DC 73 91 ED 8D 39 AD FF | T:3744584 RPD:0
[CH: 50] LEN: 12 | HEX: F9 77 FD F4 F6 72 91 D5 10 58 AF 6B | T:3744595 RPD:1
[CH: 50] LEN: 12 | HEX: F9 77 ED F9 EE 77 91 FF 58 FF 6F EB | T:3744606 RPD:1
[CH: 50] LEN: 12 | HEX: F1 77 BB FE F6 70 91 D7 BA BB AF BA | T:3744607 RPD:0
[CH: 50] LEN: 12 | HEX: F5 77 FD FB FE 75 91 EF 72 1C AF FF | T:3744618 RPD:1
[CH: 50] LEN: 12 | HEX: F1 77 FB F9 FE 73 91 EB 0D 39 AF F7 | T:3744618 RPD:0
[CH: 50] LEN: 12 | HEX: F9 77 BD FC F4 72 91 FF 50 58 AF BC | T:3744629 RPD:1
[CH: 50] LEN: 12 | HEX: F9 77 FE FA FE 74 91 F7 4F 79 AD 7F | T:3744641 RPD:1
[CH: 50] LEN: 12 | HEX: F1 77 FD F1 F4 77 91 FF 58 FF 3F FF | T:3744641 RPD:0
[CH: 50] LEN: 12 | HEX: F9 77 FD FC F6 72 91 FF 50 58 BF 7F | T:3744652 RPD:1
[CH: 50] LEN: 12 | HEX: F1 77 FA FE F6 70 91 FF 3A BB 2A FD | T:3744653 RPD:0
[CH: 50] LEN: 12 | HEX: F1 77 BC FB FE 73 91 FF 8D 39 BF FB | T:3744664 RPD:1
[CH: 50] LEN: 12 | HEX: F9 77 FA F2 F6 74 91 FD 6E 75 BF FF | T:3744664 RPD:0
[CH: 50] LEN: 12 | HEX: F9 77 FF F9 EE 77 91 FE 58 FF AE FF | T:3744675 RPD:1
[CH: 50] LEN: 12 | HEX: F1 77 FA FC FE 72 91 EE D0 58 AF FA | T:3744687 RPD:1
[CH: 50] LEN: 12 | HEX: F1 77 BA FA FE 74 91 FE AF 79 BF B7 | T:3744687 RPD:0
[CH: 50] LEN: 12 | HEX: F9 77 FD FE FE 70 91 FE BA BB BD FD | T:3744698 RPD:1
[CH: 50] LEN: 12 | HEX: F9 77 FF F7 FE 75 91 FF 72 1C AF FF | T:3744699 RPD:0
[CH: 50] LEN: 12 | HEX: F1 77 FC FA FE 74 91 FE AF 7D B7 F5 | T:3744710 RPD:1
[CH: 50] LEN: 12 | HEX: F1 77 B4 F5 FE 73 91 FD 0D 39 BF 68 | T:3744721 RPD:1
[CH: 50] LEN: 12 | HEX: F9 77 FE FC EA 72 91 FE 90 58 BB FF | T:3744721 RPD:0
[CH: 50] LEN: 12 | HEX: F1 77 AD F9 DE 77 91 FE 58 FF 3F FB | T:3744733 RPD:1
[CH: 50] LEN: 12 | HEX: ED 77 FD FB FD 75 91 EF 72 1C AB FD | T:3744733 RPD:0
[CH: 50] LEN: 12 | HEX: F9 77 FD FE FE 70 91 FE BA BF BF FB | T:3744744 RPD:1
[CH: 50] LEN: 12 | HEX: F1 77 BC FB FE 73 91 DF 0D 39 BD FF | T:3744756 RPD:1
[CH: 50] LEN: 12 | HEX: F9 77 FF FC FE 72 91 FA D0 58 AD FF | T:3744756 RPD:0
[CH: 50] LEN: 12 | HEX: F1 77 FA F1 EE 77 91 EE 58 F7 3F EF | T:3744767 RPD:1
[CH: 50] LEN: 12 | HEX: E9 77 BD F4 FE 72 91 EF 90 58 BF DD | T:3744767 RPD:0
[CH: 50] LEN: 12 | HEX: F9 77 FB FB FB 75 91 EF F2 1C AF 7D | T:3744779 RPD:1
[CH: 50] LEN: 12 | HEX: F9 77 DE FE FE 70 91 FE BA BB BF BF | T:3744779 RPD:0
[CH: 50] LEN: 12 | HEX: F1 77 FD FD F6 73 91 EE 0D 39 AF DB | T:3744790 RPD:1
[CH: 50] LEN: 12 | HEX: F9 77 FD FA FE 74 91 FF 4F 79 AF FF | T:3744801 RPD:1
[CH: 50] LEN: 12 | HEX: F9 77 FD F9 FE 77 91 FF D8 FF 3B EF | T:3744802 RPD:0
[CH: 50] LEN: 12 | HEX: F9 77 FD F8 FE 72 91 FF D0 58 AD FF | T:3744813 RPD:1
[CH: 50] LEN: 12 | HEX: F1 77 B6 FE FE 70 91 EF 7A BB AB FF | T:3744813 RPD:0
[CH: 50] LEN: 12 | HEX: F1 7F BE FD FE 73 91 FD 8D 39 BF FF | T:3744825 RPD:1
[CH: 50] LEN: 12 | HEX: F9 77 FE EA FE 74 91 FE AF 79 AE EF | T:3744836 RPD:1
[CH: 50] LEN: 12 | HEX: F9 77 DD F9 FE 77 91 FE 58 FF 3F 7F | T:3744836 RPD:0
[CH: 50] LEN: 12 | HEX: F1 77 FC F5 DC 73 91 EF 0D 39 AF BF | T:3744847 RPD:1
[CH: 50] LEN: 12 | HEX: F9 77 BA F1 DE 77 91 FE D8 FF BF 77 | T:3744848 RPD:0
[CH: 50] LEN: 12 | HEX: F1 77 FD FE FE 70 91 EE 7A BB BD FC | T:3744859 RPD:1
[CH: 50] LEN: 12 | HEX: F9 77 FC FB DC 75 91 FF F2 1C AE FF | T:3744859 RPD:0
[CH: 50] LEN: 12 | HEX: F1 77 BE FA FE 74 91 EF EF 7D AF 7E | T:3744871 RPD:1
[CH: 50] LEN: 12 | HEX: F1 77 FA F9 F6 73 91 FF 8D 39 AF FF | T:3744882 RPD:1
[CH: 50] LEN: 12 | HEX: F9 77 FD FC FE 72 91 FE D0 58 BB FF | T:3744882 RPD:1
[CH: 50] LEN: 12 | HEX: F1 77 FD F9 F6 77 91 FF 58 FF 6D FF | T:3744893 RPD:1
[CH: 50] LEN: 12 | HEX: F9 77 5D EC EA 72 91 DF 90 58 BB BF | T:3744894 RPD:0
[CH: 50] LEN: 12 | HEX: F9 77 FF FB D6 75 91 F7 72 1C BB FF | T:3744905 RPD:1
[CH: 50] LEN: 12 | HEX: F9 77 FE FE FE 70 91 FF 7A BB AF 7D | T:3744916 RPD:1
[CH: 50] LEN: 12 | HEX: F1 77 74 F7 FE 73 91 FE 8D 39 BF FF | T:3744917 RPD:0
[CH: 50] LEN: 12 | HEX: F9 77 FD FA F6 74 91 F7 EF 7D AF FF | T:3744928 RPD:1
[CH: 50] LEN: 12 | HEX: F1 77 FE FC FE 72 91 FE 50 58 B6 F7 | T:3744928 RPD:0
[CH: 50] LEN: 12 | HEX: F9 77 FD FB FD 75 91 FE F2 1C BF 7D | T:3744939 RPD:1
[CH: 50] LEN: 12 | HEX: F9 77 5D FE F4 70 91 F7 3A BB AD 97 | T:3744951 RPD:1
[CH: 50] LEN: 12 | HEX: F9 77 FD FD FE 73 91 FE 8D 39 AF DF | T:3744951 RPD:0
[CH: 50] LEN: 12 | HEX: F9 77 FA FA FA 74 91 FE AF 7D BE EE | T:3744962 RPD:1
[CH: 50] LEN: 12 | HEX: F1 77 F5 FD EE 73 91 FE 8D 39 BF 5A | T:3744962 RPD:0
[CH: 50] LEN: 12 | HEX: F9 77 FD EC FE 7A 91 FF 10 58 BF 76 | T:3744974 RPD:1
[CH: 50] LEN: 12 | HEX: F9 77 FE F9 F6 77 91 F6 58 FE FE EF | T:3744974 RPD:0
[CH: 50] LEN: 12 | HEX: F1 77 BC F6 EE 70 91 F7 7A BB BF DF | T:3744985 RPD:1
[CH: 50] LEN: 12 | HEX: F9 77 AC F3 DE 75 91 EF 72 1C AF FF | T:3744997 RPD:1
[CH: 50] LEN: 12 | HEX: F9 77 FA EE FF 74 91 FF 4F 7D BF EF | T:3744997 RPD:0
[CH: 50] LEN: 12 | HEX: F9 77 FD FD EC 73 91 EF 0D 39 AD FD | T:3745008 RPD:1
[CH: 50] LEN: 12 | HEX: F1 77 FD F9 FE 77 91 FF 58 FB 2F BF | T:3745008 RPD:0
[CH: 50] LEN: 12 | HEX: F1 77 B4 FE FE 78 91 FD 7A BB FF BF | T:3745020 RPD:1
[CH: 50] LEN: 12 | HEX: F1 77 BD EB BD 75 91 ED 72 1C B7 7F | T:3745031 RPD:1
[CH: 50] LEN: 12 | HEX: F1 77 B4 F2 FE 74 91 FF DF 7D AF DE | T:3745031 RPD:0
[CH: 50] LEN: 12 | HEX: E9 77 FE FE FE 70 91 FF BA BB AF F5 | T:3745043 RPD:1
[CH: 50] LEN: 12 | HEX: F9 77 FD F2 FE 74 91 FF 6F 7D AF FF | T:3745043 RPD:0
[CH: 50] LEN: 12 | HEX: F9 77 FE F9 EA 77 91 FF 58 FF BE FF | T:3745054 RPD:1
[CH: 50] LEN: 12 | HEX: F9 77 F5 FC FE 72 91 FF 50 58 B7 7B | T:3745054 RPD:0
[CH: 50] LEN: 12 | HEX: F9 77 FD F7 FE 75 91 FE F2 1C AF FF | T:3745066 RPD:1
[CH: 50] LEN: 12 | HEX: F9 77 DD FF FE 70 91 FE BA BB AF EF | T:3745077 RPD:1
[CH: 50] LEN: 12 | HEX: F9 77 BD FD FE 73 91 FF 8D 39 AF DF | T:3745077 RPD:0
[CH: 50] LEN: 12 | HEX: F1 77 FD FA FE 74 91 FF 4F 79 AF 7F | T:3745089 RPD:1
[CH: 50] LEN: 12 | HEX: E9 77 BD F8 FE 72 91 F6 90 58 AF DF | T:3745089 RPD:0
[CH: 50] LEN: 12 | HEX: F1 77 BA F3 FE 75 91 D6 72 1C BF 6F | T:3745100 RPD:1
[CH: 50] LEN: 12 | HEX: F1 77 FD F9 EA 77 91 FF 58 F7 BF FF | T:3745111 RPD:1
[CH: 50] LEN: 12 | HEX: F1 77 FB F9 FC 70 91 ED 3A BB AB FD | T:3745112 RPD:0
[CH: 50] LEN: 12 | HEX: F1 77 74 FB DD 75 91 FB 72 1C AD F7 | T:3745123 RPD:1
[CH: 50] LEN: 12 | HEX: F1 77 FC FD FE 73 91 EF 0D 39 AF DF | T:3745123 RPD:0
[CH: 50] LEN: 12 | HEX: F1 77 FA FA F6 72 91 FE 90 58 BF 77 | T:3745135 RPD:1
[CH: 50] LEN: 12 | HEX: F9 77 FD F5 FE 77 91 F7 58 FE BF EF | T:3745146 RPD:1
[CH: 50] LEN: 12 | HEX: F1 77 BA FA F6 70 91 EF 7A BB EF FF | T:3745146 RPD:0
[CH: 50] LEN: 12 | HEX: F9 77 FD FB FC 75 91 FE F6 1C AF DA | T:3745157 RPD:1
[CH: 50] LEN: 12 | HEX: F1 77 BF F9 FE 73 91 FE 0D 39 BF 7D | T:3745158 RPD:0
[CH: 50] LEN: 12 | HEX: F9 77 BE FB DD 75 91 FD F2 1C B7 BF | T:3745169 RPD:1
[CH: 50] LEN: 12 | HEX: F9 77 FA FA FE 74 91 FF 4F 7D AB FF | T:3745169 RPD:0
[CH: 50] LEN: 12 | HEX: F9 77 FE F9 FC 77 91 FE 58 F7 2F BD | T:3745180 RPD:1
[CH: 50] LEN: 12 | HEX: F1 77 F9 FC F5 72 91 FD 50 58 B7 6A | T:3745192 RPD:1
[CH: 50] LEN: 12 | HEX: F9 77 FA FB FC 75 91 FE F2 1C AF EF | T:3745192 RPD:0
[CH: 50] LEN: 12 | HEX: F1 77 FA FE FE 70 91 EE BA BB BF FF | T:3745203 RPD:1
[CH: 50] LEN: 12 | HEX: F1 77 FD FA FB 74 91 EA AF 7D AB F6 | T:3745204 RPD:0
[CH: 50] LEN: 12 | HEX: F9 77 BD F1 FC 7F 91 DD D8 D6 AE B7 | T:3745215 RPD:1
[CH: 50] LEN: 12 | HEX: F9 77 BB FC FE 72 91 FF D0 58 AB FE | T:3745226 RPD:1
[CH: 50] LEN: 12 | HEX: F9 77 FD FB FE 75 91 EE 72 1C BA DF | T:3745226 RPD:0
[CH: 50] LEN: 12 | HEX: F9 77 FA FE FE 70 91 FE BA BB BB FA | T:3745238 RPD:1
[CH: 50] LEN: 12 | HEX: F9 77 FD FA FA 74 91 FF 6F 7D AE FF | T:3745238 RPD:0
[CH: 50] LEN: 12 | HEX: F1 77 FD F5 FE 77 91 FF 58 FF ED FF | T:3745249 RPD:1
[CH: 50] LEN: 12 | HEX: F1 77 BD FD EE 73 91 FF 0D 39 AB FE | T:3745250 RPD:0
[CH: 50] LEN: 12 | HEX: F9 77 BD FC FE 72 91 D5 10 58 B6 EB | T:3745261 RPD:1
[CH: 50] LEN: 12 | HEX: F1 77 FA F1 FE 77 91 FE 58 FF BE FD | T:3745272 RPD:1
[CH: 50] LEN: 12 | HEX: F1 7F 5D FE FE 70 91 FE BA BB BF FF | T:3745272 RPD:0
[CH: 50] LEN: 12 | HEX: F9 77 FF FB EE 75 91 FF 72 1C BF 6F | T:3745284 RPD:1
[CH: 50] LEN: 12 | HEX: F9 77 BE E9 FE 73 91 F6 0D 39 AD FF | T:3745284 RPD:0
[CH: 50] LEN: 12 | HEX: F9 77 BB FC FE 72 91 DF 50 58 BB AF | T:3745295 RPD:1
[CH: 50] LEN: 12 | HEX: F9 77 BA F9 EF 77 91 FF D8 FF 2D 6F | T:3745307 RPD:1
[CH: 50] LEN: 12 | HEX: F1 77 FD FE FA 70 91 FE BA BB FF 7D | T:3745307 RPD:0
[CH: 50] LEN: 12 | HEX: F1 77 BD FC EE 72 91 FF 50 58 AF 77 | T:3745318 RPD:1
[CH: 50] LEN: 12 | HEX: F9 77 BB F6 F4 70 91 F7 BA BB BF FE | T:3745318 RPD:0
[CH: 50] LEN: 12 | HEX: F9 77 FB F9 FE 73 91 FF 8D 39 BB 7B | T:3745330 RPD:1
[CH: 50] LEN: 12 | HEX: F9 77 FE FA FE 74 91 FF 4F 7D AF FB | T:3745341 RPD:1
[CH: 50] LEN: 12 | HEX: F9 77 FF F9 FE 77 91 FF 58 ED 6F BF | T:3745341 RPD:0
[CH: 50] LEN: 12 | HEX: F9 77 FE F4 EA 72 91 EA D0 58 AF DF | T:3745353 RPD:1
[CH: 50] LEN: 12 | HEX: F1 77 FE FA FE 70 91 F5 3A BB FF EB | T:3745353 RPD:1
[CH: 50] LEN: 12 | HEX: F9 77 FC FD FC 73 91 FE 8D 39 BB FF | T:3745364 RPD:1
[CH: 50] LEN: 12 | HEX: F1 77 FE FA FE 74 91 F5 EF 7D AB EA | T:3745364 RPD:0
[CH: 50] LEN: 12 | HEX: F1 77 FD FE FE 70 91 FF FA BB BF FF | T:3745376 RPD:1
[CH: 50] LEN: 12 | HEX: F1 77 FB FD FE 73 91 FF 0D 39 BF FF | T:3745387 RPD:1
[CH: 50] LEN: 12 | HEX: F1 77 FA FA FA 72 91 EE 90 58 AF FF | T:3745387 RPD:0
[CH: 50] LEN: 12 | HEX: F1 77 FD F9 DE 77 91 FF 58 FB AF FB | T:3745399 RPD:1
[CH: 50] LEN: 12 | HEX: F1 77 FD FB DD 75 91 FF F2 1C BF FA | T:3745399 RPD:0
[CH: 50] LEN: 12 | HEX: F9 77 BD FA FA 74 91 FE AF 7D AD EB | T:3745410 RPD:1
[CH: 50] LEN: 12 | HEX: F1 77 FD FD FF 73 91 FF 0D 39 BF BF | T:3745421 RPD:1
[CH: 50] LEN: 12 | HEX: F1 77 FD F8 FE 72 91 FE 90 58 BF FF | T:3745422 RPD:1
[CH: 50] LEN: 12 | HEX: F9 77 DD F9 FE 77 91 FF 58 F7 7B FF | T:3745433 RPD:1
[CH: 50] LEN: 12 | HEX: E9 77 FA FC FE 72 91 FF D0 58 BF B7 | T:3745433 RPD:0
[CH: 50] LEN: 12 | HEX: F1 77 FD F3 EE 75 91 FE 72 1C AF FF | T:3745444 RPD:1
[CH: 50] LEN: 12 | HEX: F9 77 FD F4 FE 70 91 FF 7A BB BB 7F | T:3745445 RPD:0
[CH: 50] LEN: 12 | HEX: F1 7F D5 FD F4 73 91 FF 0D 39 BF DF | T:3745456 RPD:1
[CH: 50] LEN: 12 | HEX: F9 77 FA FA FA 74 91 FF 4F 7D AF 7F | T:3745467 RPD:1
[CH: 50] LEN: 12 | HEX: F9 77 DD F9 EE 77 91 FF 58 FF DD FF | T:3745468 RPD:0
[CH: 50] LEN: 12 | HEX: F1 77 FE FC FE 72 91 FE 90 58 BF EF | T:3745479 RPD:1
[CH: 50] LEN: 12 | HEX: F9 77 DD FE F6 70 91 DF BA BB AB 5F | T:3745479 RPD:0
[CH: 50] LEN: 12 | HEX: F9 77 ED FD FE 73 91 DE 0D 39 BF FF | T:3745490 RPD:1
[CH: 50] LEN: 12 | HEX: F9 77 FD FA FA 74 91 FF 2F 7D AF FF | T:3745502 RPD:1
[CH: 50] LEN: 12 | HEX: F1 77 EC F1 FE 77 91 EE D8 F6 FB FE | T:3745502 RPD:0
[CH: 50] LEN: 12 | HEX: F1 77 FE FA FD 72 91 FF 50 58 BB EF | T:3745513 RPD:1
[CH: 50] LEN: 12 | HEX: F9 77 FA F9 F6 77 91 FF D8 FF AF FB | T:3745514 RPD:0
[CH: 50] LEN: 12 | HEX: F1 77 F9 EA FE 70 91 FE FA BB BF FF | T:3745525 RPD:1
[CH: 50] LEN: 12 | HEX: F1 77 D6 EB FD 75 91 FE 72 1C AF DF | T:3745536 RPD:1
[CH: 50] LEN: 12 | HEX: F9 77 FE F2 EE 74 91 FF 4F 79 BD F7 | T:3745536 RPD:0
[CH: 50] LEN: 12 | HEX: F9 77 FD F7 FC 73 91 DD 0D 39 AF FE | T:3745548 RPD:1
[CH: 50] LEN: 12 | HEX: F9 77 FD F9 FE 77 91 FF 58 FF 7F FF | T:3745548 RPD:0
[CH: 50] LEN: 12 | HEX: F9 77 FD FE FE 70 91 FE BA BB AF F7 | T:3745559 RPD:1
[CH: 50] LEN: 12 | HEX: F9 77 FD F3 DC 75 91 FD 72 1C AF FD | T:3745560 RPD:0
[CH: 50] LEN: 12 | HEX: F1 77 FE FA FD 74 91 FF 4F 7D BF DF | T:3745571 RPD:1
[CH: 50] LEN: 12 | HEX: F9 77 BD FE FE 70 91 FF FA BB AF F7 | T:3745582 RPD:1
[CH: 50] LEN: 12 | HEX: F9 77 FD F9 F7 73 91 DE 8D 39 BD 7F | T:3745582 RPD:0
[CH: 50] LEN: 12 | HEX: F9 77 FF FA FE 74 91 F7 4F 7D BF 7B | T:3745594 RPD:0
[CH: 50] LEN: 12 | HEX: F9 77 BB 00 00 71 91 EE 85 C2 BF 6F | T:3745609 RPD:1
[CH: 50] LEN: 12 | HEX: F1 77 FA 00 00 71 91 EB 05 C2 BF DF | T:3745610 RPD:1
[CH: 50] LEN: 12 | HEX: F0 6D EE 80 FE F9 92 FF 7C 9B AE FE | T:3745640 RPD:1
[CH: 50] LEN: 12 | HEX: F0 6D EB 00 EE F1 92 FF 7A 9B BB F5 | T:3745640 RPD:1
[CH: 50] LEN: 12 | HEX: F1 77 B5 00 00 71 92 F7 50 91 AE FF | T:3745909 RPD:1
[CH: 50] LEN: 12 | HEX: F9 77 BA 00 00 71 92 F6 50 91 BE CD | T:3745910 RPD:1
[CH: 50] LEN: 12 | HEX: F0 6D F7 00 FE F1 92 EB 7C 9B EB F7 | T:3745939 RPD:1
[CH: 50] LEN: 12 | HEX: F0 6D FF 00 FE F9 92 FF 7C 9B BF D5 | T:3745940 RPD:1
[CH: 50] LEN: 12 | HEX: F9 77 FA 00 00 71 92 F7 50 91 BD DC | T:3746209 RPD:1
[CH: 50] LEN: 12 | HEX: F9 77 FD 80 00 71 92 FF 50 91 AD FF | T:3746209 RPD:1
[CH: 50] LEN: 12 | HEX: F8 6D FE 00 FE F9 92 FE 7C 9B EF 7F | T:3746239 RPD:1
[CH: 50] LEN: 12 | HEX: F0 6D FF 00 FE F9 92 F7 78 9B FF FD | T:3746240 RPD:1
[CH: 50] LEN: 12 | HEX: F9 77 BC 00 00 71 92 FF 50 91 BF FF | T:3746508 RPD:1
[CH: 50] LEN: 12 | HEX: F9 77 AD 00 00 71 92 FB 50 91 B7 FB | T:3746509 RPD:1
[CH: 50] LEN: 12 | HEX: F8 6D FF 40 FD F9 92 FF 7C 9B BE FB | T:3746539 RPD:1
[CH: 50] LEN: 12 | HEX: F8 6D FE 80 FC F1 92 F6 78 9B BF 77 | T:3746540 RPD:1
[CH: 50] LEN: 12 | HEX: F9 77 DC 80 00 79 92 EB 50 91 BF FF | T:3746808 RPD:1
[CH: 50] LEN: 12 | HEX: F9 77 FD 00 00 71 92 F5 50 91 BF DE | T:3746809 RPD:1
[CH: 50] LEN: 12 | HEX: F0 6D EE 00 FE F1 92 F6 7C 9B BD FF | T:3746839 RPD:1
[CH: 50] LEN: 12 | HEX: F0 6D FF 00 FE F9 92 FA 7C 9B BF EF | T:3746839 RPD:1
[CH: 50] LEN: 12 | HEX: F9 77 FB 00 00 71 92 FF 50 91 AF FF | T:3747108 RPD:1
[CH: 50] LEN: 12 | HEX: F1 77 77 00 00 71 92 F6 50 91 BD FF | T:3747109 RPD:1
[CH: 50] LEN: 12 | HEX: F8 6D FF 80 FE F9 92 FF 7C 9B AF EF | T:3747138 RPD:1
[CH: 50] LEN: 12 | HEX: F8 6D EB 00 EA F9 92 FF 78 9B BD FE | T:3747139 RPD:1
[CH: 50] LEN: 12 | HEX: F5 77 FD 00 00 71 92 FF 50 91 BF F7 | T:3747408 RPD:1
[CH: 50] LEN: 12 | HEX: F1 77 FE 80 00 71 92 FE D0 91 BF EF | T:3747409 RPD:1
[CH: 50] LEN: 12 | HEX: F0 6D FF 00 FE F9 92 FF 7C 9B AF FE | T:3747438 RPD:1
[CH: 50] LEN: 12 | HEX: F8 6D ED 80 FA F1 92 FE 7C 9B B7 FF | T:3747439 RPD:1
[CH: 50] LEN: 12 | HEX: F1 77 DB 00 00 71 92 FF 50 91 AB EF | T:3747708 RPD:1
[CH: 50] LEN: 12 | HEX: F0 6D FF 00 F6 F9 92 F7 7C 9B AE FB | T:3747738 RPD:1
[CH: 50] LEN: 12 | HEX: F8 6D FF 00 FE F1 92 FF 7C 9B BE FD | T:3747739 RPD:1
[CH: 50] LEN: 12 | HEX: F9 77 5F 00 00 71 92 FF 50 91 BF FF | T:3748007 RPD:1
[CH: 50] LEN: 12 | HEX: F9 77 ED 00 00 71 92 FE 50 91 BF FF | T:3748008 RPD:1
[CH: 50] LEN: 12 | HEX: F0 6D EF 00 FE F9 92 F7 78 9B FF FF | T:3748038 RPD:1
[CH: 50] LEN: 12 | HEX: F4 6D EE 80 FE F9 92 FE FC 9B AF FD | T:3748039 RPD:1
[CH: 50] LEN: 12 | HEX: F1 77 FD 00 00 71 92 F7 50 91 BF FF | T:3748307 RPD:1
[CH: 50] LEN: 12 | HEX: F9 77 BB 00 00 71 92 F7 50 91 B7 FF | T:3748308 RPD:1
[CH: 50] LEN: 12 | HEX: F0 6D ED 00 FE F9 92 F6 7C 9B AF F6 | T:3748338 RPD:1
[CH: 50] LEN: 12 | HEX: F8 6D FE 00 FE F9 92 F7 74 9B BD BF | T:3748338 RPD:1
[CH: 50] LEN: 12 | HEX: F1 77 5F 00 00 71 92 FE D0 91 AF EF | T:3748607 RPD:1
[CH: 50] LEN: 12 | HEX: F9 77 BD 00 00 71 92 F6 D0 91 AB FF | T:3748608 RPD:1
[CH: 50] LEN: 12 | HEX: F8 6D FE 80 F4 F1 92 F7 78 9B BF 7F | T:3748637 RPD:1
[CH: 50] LEN: 12 | HEX: F4 6D FF 00 FE F9 92 FF F8 9B AE F7 | T:3748638 RPD:1
[CH: 50] LEN: 12 | HEX: FA 76 F7 00 8C F1 92 FE 20 74 AD FD | T:3748791 RPD:1
[CH: 50] LEN: 12 | HEX: F2 76 F7 00 8C F9 92 FF 20 74 BF 9F | T:3748792 RPD:1
[CH: 50] LEN: 12 | HEX: FA 76 FE FE 73 F9 92 FF 5E 89 AF FF | T:3748822 RPD:1
[CH: 50] LEN: 12 | HEX: F2 76 FE FC 71 F9 92 FE 77 62 AD FF | T:3748829 RPD:1
[CH: 50] LEN: 12 | HEX: F6 76 EC F3 76 F1 92 FB 41 9B AF EE | T:3748833 RPD:1
[CH: 50] LEN: 12 | HEX: EA 76 FE F2 77 79 92 FE 9D 7E AF FF | T:3748836 RPD:1
[CH: 50] LEN: 12 | HEX: EE 76 FE F9 74 F1 92 F6 E8 70 AF FF | T:3748847 RPD:1
[CH: 50] LEN: 12 | HEX: EA 76 F6 F0 75 F9 92 F6 34 95 BF 6A | T:3748847 RPD:1
[CH: 50] LEN: 12 | HEX: FA 76 FE F6 7B F9 92 FF 59 67 AD FF | T:3748903 RPD:1
[CH: 50] LEN: 12 | HEX: FA 76 F5 F5 78 F9 92 FF 2C 69 BD FF | T:3748933 RPD:1
[CH: 50] LEN: 12 | HEX: F2 76 FE F4 79 E9 92 FF 50 8C B5 DF | T:3748963 RPD:1
[CH: 50] LEN: 12 | HEX: F2 76 FE F3 77 E9 92 FF 66 75 AB DF | T:3748993 RPD:1
[CH: 50] LEN: 12 | HEX: F2 76 F6 E2 7F D9 92 FB 1A 90 BF CA | T:3749023 RPD:1
[CH: 50] LEN: 12 | HEX: F6 76 F6 E1 78 F1 92 F6 EF 9E B7 ED | T:3749053 RPD:1
[CH: 50] LEN: 12 | HEX: FA 76 FE F0 79 F9 92 FF 73 73 BF AA | T:3749083 RPD:1
[CH: 50] LEN: 12 | HEX: F2 76 F6 EF 62 F9 92 EF 1D 91 BE FF | T:3749113 RPD:1
[CH: 50] LEN: 12 | HEX: FA 76 F6 EE 63 F9 92 FF 41 74 BF EE | T:3749143 RPD:1
[CH: 50] LEN: 12 | HEX: F2 76 FE ED 60 F1 92 FF 74 7A AB FB | T:3749173 RPD:1
[CH: 50] LEN: 12 | HEX: FA 76 F4 EC 61 E9 92 F7 68 9E EF FF | T:3749203 RPD:1
[CH: 50] LEN: 12 | HEX: FA 76 F6 EB 66 F9 92 FF 5E 66 AF EF | T:3749233 RPD:1
[CH: 50] LEN: 12 | HEX: FA 76 FE EA 67 D1 92 FF C2 83 BF BD | T:3749263 RPD:1
[CH: 50] LEN: 12 | HEX: FA 76 FE E9 64 F9 92 F7 57 8D BF FF | T:3749293 RPD:1
[CH: 50] LEN: 12 | HEX: EA 76 F6 E8 65 F5 92 FE 2B 68 AF DF | T:3749323 RPD:1
[CH: 50] LEN: 12 | HEX: F2 76 FE E7 6A F9 92 FB 1A 7F AF 9A | T:3749352 RPD:1
[CH: 50] LEN: 12 | HEX: FA 76 F6 E6 6B E9 92 FB 46 9A BE FD | T:3749382 RPD:1
[CH: 50] LEN: 12 | HEX: F2 76 FE E5 68 F1 92 FF 33 94 B7 F7 | T:3749412 RPD:1
[CH: 50] LEN: 12 | HEX: FA 76 FE E4 69 F9 92 FF AF 71 AF 7E | T:3749442 RPD:1
[CH: 50] LEN: 12 | HEX: FA 76 FF E3 6E F9 92 FF F9 88 AF FF | T:3749472 RPD:1
[CH: 50] LEN: 12 | HEX: F6 76 FD E2 6F 71 92 FB 05 6D BF CD | T:3749502 RPD:1
[CH: 50] LEN: 12 | HEX: EA 76 FE E1 6C F9 92 EE F0 63 AB FB | T:3749532 RPD:1
[CH: 50] LEN: 12 | HEX: F2 76 F6 E0 6D F9 92 EB 6C 86 AF EF | T:3749562 RPD:1
[CH: 50] LEN: 12 | HEX: FA 76 F6 FB 70 F9 92 F5 2B C7 BF FF | T:3749626 RPD:1
[CH: 50] LEN: 12 | HEX: F2 76 FE FC 71 F9 92 FF 77 62 BF FF | T:3749629 RPD:1
[CH: 50] LEN: 12 | HEX: FA 76 FA F3 76 F9 92 EF 41 9B AF BD | T:3749633 RPD:1
[CH: 50] LEN: 12 | HEX: F2 76 EE EE 77 F9 92 FF 5D 7E AF FF | T:3749644 RPD:1
[CH: 50] LEN: 12 | HEX: F2 76 FE F1 74 F1 92 EE A8 70 BF FF | T:3749645 RPD:0
[CH: 50] LEN: 12 | HEX: F2 76 FE F0 75 F9 92 FF 34 95 BD F5 | T:3749656 RPD:0
[CH: 50] LEN: 12 | HEX: F6 76 FE F7 7A F9 92 F7 85 82 BF EF | T:3749674 RPD:1
[CH: 50] LEN: 12 | HEX: FA 7E FE F6 7B B9 92 FF 59 67 BE BF | T:3749704 RPD:1
[CH: 50] LEN: 12 | HEX: EA 76 F6 E5 78 F1 92 EF 2C 69 AD 7F | T:3749734 RPD:1
[CH: 50] LEN: 12 | HEX: F2 76 F4 E4 79 E9 92 FF 50 8C AF FD | T:3749764 RPD:1
[CH: 50] LEN: 12 | HEX: F2 76 F4 F3 7C F1 92 FF 66 75 AF 7F | T:3749794 RPD:1
[CH: 50] LEN: 12 | HEX: FA 76 FE F2 7F D1 92 F7 1A 90 AF FE | T:3749824 RPD:1
[CH: 50] LEN: 12 | HEX: FA 76 FE F1 7A F1 92 F7 6F 1E A9 BE | T:3749854 RPD:1
[CH: 50] LEN: 12 | HEX: FA 76 F6 E0 79 F9 92 FE B3 7B B9 FF | T:3749884 RPD:1
[CH: 50] LEN: 12 | HEX: FA 76 FA EF 62 F9 92 FF 1D 91 AF FF | T:3749914 RPD:1
[CH: 50] LEN: 12 | HEX: FA 76 F4 EE 63 F9 92 F5 81 74 BF DA | T:3749944 RPD:1
[CH: 50] LEN: 12 | HEX: F6 76 F6 ED 60 F1 92 FE B4 7A BF FE | T:3749974 RPD:1
[CH: 50] LEN: 12 | HEX: FA 76 F6 EC 61 F9 92 FF 68 9F BF DF | T:3750004 RPD:1
[CH: 50] LEN: 12 | HEX: FA 76 FE EB 66 F9 92 FF 5E 66 BF D6 | T:3750034 RPD:1
[CH: 50] LEN: 12 | HEX: F2 76 FE EA 67 75 92 FF 02 83 FB FF | T:3750064 RPD:1
[CH: 50] LEN: 12 | HEX: F2 76 FE E9 64 F9 92 F7 A7 8D AF BF | T:3750094 RPD:1
[CH: 50] LEN: 12 | HEX: F2 76 F6 E8 65 ED 92 F7 2B 68 BF FF | T:3750124 RPD:1
[CH: 50] LEN: 12 | HEX: FA 76 F6 E7 6A F9 92 F7 1A 7F AB FF | T:3750154 RPD:1
[CH: 50] LEN: 12 | HEX: F2 76 FE E6 6B B9 92 EE 46 9A AF DB | T:3750184 RPD:1
[CH: 50] LEN: 12 | HEX: EE 76 FE E5 68 F9 92 FF 33 94 AF BF | T:3750214 RPD:1
[CH: 50] LEN: 12 | HEX: FA 76 FE E4 69 F9 92 FF BF 71 AF EF | T:3750244 RPD:1
[CH: 50] LEN: 12 | HEX: FA 76 FE E3 6E F9 92 F7 39 88 BB BF | T:3750274 RPD:1
[CH: 50] LEN: 12 | HEX: FA 76 FE E1 6C F9 92 FF 70 63 AF FB | T:3750334 RPD:1
[CH: 50] LEN: 12 | HEX: FA 76 F6 E0 6D F9 92 FB 6C 86 AF F4 | T:3750364 RPD:1
[CH: 50] LEN: 12 | HEX: F2 76 FA DE 52 F1 92 F7 3D 96 AD F5 | T:3750394 RPD:1
[CH: 50] LEN: 12 | HEX: EA 76 F6 FD 73 F9 92 F7 5E 89 AF ED | T:3750424 RPD:1
[CH: 50] LEN: 12 | HEX: FA 76 F4 FD 70 F1 92 FF 6B 87 BF F7 | T:3750427 RPD:1
[CH: 50] LEN: 12 | HEX: F2 76 FE FC 71 F9 92 FF 77 62 BF FF | T:3750430 RPD:1
[CH: 50] LEN: 12 | HEX: F6 76 FC FB 76 F1 92 EF 41 9B BF EE | T:3750442 RPD:1
[CH: 50] LEN: 12 | HEX: FA 76 FE F2 77 B1 92 FF 9D 7A BF 7F | T:3750442 RPD:1
[CH: 50] LEN: 12 | HEX: F2 76 FE F9 74 F1 92 FF 48 70 AF FF | T:3750453 RPD:1
[CH: 50] LEN: 12 | HEX: FA 76 FE F8 75 F9 92 FF 34 95 BE BF | T:3750454 RPD:1
[CH: 50] LEN: 12 | HEX: F2 76 FE F7 72 F9 92 F7 45 82 BF FF | T:3750476 RPD:1
[CH: 50] LEN: 12 | HEX: FA 76 EE EE 7B F9 92 FF 59 67 BD BF | T:3750506 RPD:1
[CH: 50] LEN: 12 | HEX: FA 76 FE F5 78 F9 92 F6 2C 69 BF FF | T:3750536 RPD:1
[CH: 50] LEN: 12 | HEX: FA 76 FE E4 79 F9 92 FF B0 8C AF FF | T:3750566 RPD:1
[CH: 50] LEN: 12 | HEX: F2 76 FE F3 74 F9 92 FE A6 75 BF 7B | T:3750596 RPD:1
[CH: 50] LEN: 12 | HEX: FA 76 FE F2 7F A9 92 F7 1A 90 BF FF | T:3750626 RPD:1
[CH: 50] LEN: 12 | HEX: FA 76 FE F1 7C F1 92 F7 6F 9E AD FB | T:3750656 RPD:1
[CH: 50] LEN: 12 | HEX: FA 76 FE F0 79 F9 92 FF 73 7B AF FA | T:3750686 RPD:1
[CH: 50] LEN: 12 | HEX: F6 76 FE EF 62 F1 92 FE 9D 91 BF EF | T:3750715 RPD:1
[CH: 50] LEN: 12 | HEX: F2 74 FE EE 63 E9 92 FE A1 74 AB AD | T:3750745 RPD:1
[CH: 50] LEN: 12 | HEX: FA 76 FE ED 60 F1 92 FD 34 7A BF FF | T:3750775 RPD:1
[CH: 50] LEN: 12 | HEX: EA 76 EE EC 61 D5 92 EE 68 9D BF DF | T:3750805 RPD:1
[CH: 50] LEN: 12 | HEX: F2 76 FD EB 66 F1 92 FF 5E 66 BF D7 | T:3750835 RPD:1
[CH: 50] LEN: 12 | HEX: FA 76 FD EA 67 F9 92 FF 02 83 AF FB | T:3750865 RPD:1
[CH: 50] LEN: 12 | HEX: FA 76 FE E9 64 F1 92 FF 57 8D BF 75 | T:3750895 RPD:1
[CH: 50] LEN: 12 | HEX: F2 76 FE E8 65 D5 92 FB 2B 68 BF EF | T:3750925 RPD:1
[CH: 50] LEN: 12 | HEX: FA 76 FE E7 6A F9 92 FF 9A 7B BF F7 | T:3750955 RPD:1
[CH: 50] LEN: 12 | HEX: FA 76 FE E6 6B F9 92 FF 46 9A AB DF | T:3750985 RPD:1
[CH: 50] LEN: 12 | HEX: F2 76 FE E5 68 F9 92 FF 33 94 AF F7 | T:3751015 RPD:1
[CH: 50] LEN: 12 | HEX: FA 76 F4 E4 69 F9 92 F5 EF 71 AF FF | T:3751045 RPD:1
[CH: 50] LEN: 12 | HEX: FA 76 FA E3 6E F1 92 FF 59 88 BF FF | T:3751075 RPD:1
[CH: 50] LEN: 12 | HEX: FA 76 F6 E2 6F F5 92 FE 85 6D BF 7F | T:3751105 RPD:1
[CH: 50] LEN: 12 | HEX: FA 76 FE E1 6C F9 92 FF 70 63 BF FB | T:3751135 RPD:1
[CH: 50] LEN: 12 | HEX: F2 76 F6 E0 6D F9 92 FF 6C 86 AB FF | T:3751165 RPD:1
[CH: 50] LEN: 12 | HEX: FA 76 FE DF 52 F9 92 FF 3D 96 AF 6F | T:3751195 RPD:1
[CH: 50] LEN: 12 | HEX: F2 76 F6 FC 73 F9 92 FF 7E 89 AD FF | T:3751225 RPD:1
[CH: 50] LEN: 12 | HEX: FA 76 FA FD 70 F1 92 FF EB 87 3F EE | T:3751229 RPD:1
[CH: 50] LEN: 12 | HEX: FA 76 F5 FC 71 F9 92 EB 77 62 AF EF | T:3751233 RPD:1
[CH: 50] LEN: 12 | HEX: FA 76 F6 FB 76 F9 92 F7 41 9B BA FF | T:3751244 RPD:1
[CH: 50] LEN: 12 | HEX: F2 76 F6 FA 77 F9 92 F7 9D 7E BF 6F | T:3751244 RPD:1
[CH: 50] LEN: 12 | HEX: F6 76 EE F1 7C F9 92 FB 48 70 BF FF | T:3751256 RPD:1
[CH: 50] LEN: 12 | HEX: F2 76 FB F8 75 F9 92 FE 34 95 AF 7F | T:3751256 RPD:1
[CH: 50] LEN: 12 | HEX: EE 76 F6 F7 7A F1 92 FF 45 82 BF FF | T:3751278 RPD:1
[CH: 50] LEN: 12 | HEX: FA 76 FE F6 7B F1 92 FF 59 67 BF FF | T:3751308 RPD:1
[CH: 50] LEN: 12 | HEX: FA 76 FE F5 70 E9 92 EA 2C 69 AD AF | T:3751338 RPD:1
[CH: 50] LEN: 12 | HEX: F2 76 F5 F4 79 F5 92 FF 48 8C BE FF | T:3751368 RPD:1
[CH: 50] LEN: 12 | HEX: FA 76 F6 F3 7E F9 92 FF 86 75 BF FF | T:3751398 RPD:1
[CH: 50] LEN: 12 | HEX: F2 76 F6 F2 7F F9 92 FF 1A 90 BD FF | T:3751428 RPD:1
[CH: 50] LEN: 12 | HEX: F2 76 F6 F0 7D F9 92 FF B3 7B AF AF | T:3751488 RPD:1
[CH: 50] LEN: 12 | HEX: FA 76 FE EF 62 F1 92 EB 1D 91 AE FF | T:3751518 RPD:1
[CH: 50] LEN: 12 | HEX: FA 76 F6 EE 63 D9 92 EF 61 74 BF 7F | T:3751548 RPD:1
[CH: 50] LEN: 12 | HEX: FA 76 FE ED 60 F9 92 FF B4 7A BF EF | T:3751578 RPD:1
[CH: 50] LEN: 12 | HEX: FA 76 FE EC 61 F9 92 F7 68 9F A7 FE | T:3751608 RPD:1
[CH: 50] LEN: 12 | HEX: FA 76 FC EB 66 F9 92 FD 5E 66 BD FF | T:3751638 RPD:1
[CH: 50] LEN: 12 | HEX: FA 76 FA EA 67 71 92 FE C2 83 B6 AE | T:3751668 RPD:1
[CH: 50] LEN: 12 | HEX: F2 76 F6 E9 64 F9 92 FD E7 8D BF F7 | T:3751698 RPD:1
[CH: 50] LEN: 12 | HEX: FA 76 FE E8 65 E9 92 FF 2B 68 BA FE | T:3751728 RPD:1
[CH: 50] LEN: 12 | HEX: F2 76 EE E7 6A F9 92 FF 1A 75 2F 76 | T:3751758 RPD:1
[CH: 50] LEN: 12 | HEX: FA 76 FE E6 6B F9 92 FF 46 9A BF AF | T:3751788 RPD:1
[CH: 50] LEN: 12 | HEX: F2 76 FE E5 68 F1 92 FF 33 94 AF FF | T:3751818 RPD:1
[CH: 50] LEN: 12 | HEX: FA 76 F4 E4 69 F9 92 FE 8E 71 BF EF | T:3751848 RPD:1
[CH: 50] LEN: 12 | HEX: F2 76 FE EB 6E F9 92 FF B9 88 AF FF | T:3751878 RPD:1
[CH: 50] LEN: 12 | HEX: FA 76 FE E2 6F F9 92 F7 05 6D BF 7F | T:3751908 RPD:1
[CH: 50] LEN: 12 | HEX: FA 7B FF 00 81 F9 92 F7 F3 F8 BF FF | T:3752120 RPD:1
[CH: 50] LEN: 12 | HEX: FA 7B DD 80 81 F1 92 FF 53 F8 BF BE | T:3752120 RPD:1
[CH: 50] LEN: 12 | HEX: F1 77 BB FE FA 70 92 FF 4F E8 B7 FF | T:3752151 RPD:1
[CH: 50] LEN: 12 | HEX: F1 77 FD F5 FC 73 92 FF 58 6A AF 6B | T:3752154 RPD:1
[CH: 50] LEN: 12 | HEX: F1 77 FB FC FE 72 92 FF A5 0B FF FF | T:3752157 RPD:1
[CH: 50] LEN: 12 | HEX: F9 77 FD FB FA 75 92 FF 27 4F 2F FF | T:3752168 RPD:1
[CH: 50] LEN: 12 | HEX: F9 77 FC F2 FE 74 92 F7 BA 2E AB 7B | T:3752169 RPD:0
[CH: 50] LEN: 12 | HEX: F1 77 FA F1 EE 77 92 FB 0D AC BE BE | T:3752180 RPD:1
[CH: 50] LEN: 12 | HEX: F1 77 BC F4 FE 70 92 FE AF 68 BF FF | T:3752191 RPD:1
[CH: 50] LEN: 12 | HEX: F9 77 DE FD EA 73 92 FB 58 6A BF 6D | T:3752191 RPD:0
[CH: 50] LEN: 12 | HEX: F9 77 BA FA FE 74 92 FF 7A 2E A7 7D | T:3752203 RPD:1
[CH: 50] LEN: 12 | HEX: F1 77 FF FC FE 72 92 FF C5 0B AF FD | T:3752203 RPD:0
[CH: 50] LEN: 12 | HEX: F9 77 F4 FB EE 75 92 FF 27 4F 2E FB | T:3752214 RPD:1
[CH: 50] LEN: 12 | HEX: F1 77 BC F6 FC 70 92 F7 DF E8 AF FF | T:3752215 RPD:0
[CH: 50] LEN: 12 | HEX: F9 77 FD FD F6 73 92 FF 58 6A BF FF | T:3752226 RPD:1
[CH: 50] LEN: 12 | HEX: F9 77 FE FA FE 74 92 FF 7A 2E AF FF | T:3752237 RPD:1
[CH: 50] LEN: 12 | HEX: F1 77 FA F9 EC 77 92 EF 0D AC BE DE | T:3752237 RPD:0
[CH: 50] LEN: 12 | HEX: F1 77 FC FC FE 72 92 EF 45 0B FD 7D | T:3752249 RPD:1
[CH: 50] LEN: 12 | HEX: F1 77 FD F9 DE 77 92 FF 0D AC AE AA | T:3752249 RPD:0
[CH: 50] LEN: 12 | HEX: F1 77 AD FE FE 70 92 EE AF 68 BF FE | T:3752260 RPD:1
[CH: 50] LEN: 12 | HEX: F1 77 B5 FB EE 75 92 FF 27 4F BF DE | T:3752272 RPD:1
[CH: 50] LEN: 12 | HEX: F9 77 FD FA FE 74 92 FB 3A 2E AF FB | T:3752272 RPD:0
[CH: 50] LEN: 12 | HEX: F1 7F BC FD FE 73 92 FF 58 6A AD FD | T:3752283 RPD:1
[CH: 50] LEN: 12 | HEX: F1 77 DE F9 EF 77 92 FB 0D AC BF D7 | T:3752283 RPD:0
[CH: 50] LEN: 12 | HEX: F1 7F FE FE FE 70 92 FF AF E8 BF BE | T:3752295 RPD:1
[CH: 50] LEN: 12 | HEX: F1 77 FC F7 AF 75 92 F5 27 4F 2F F7 | T:3752295 RPD:0
[CH: 50] LEN: 12 | HEX: F1 77 FA FA FE 74 92 FF BA 2E AF F7 | T:3752306 RPD:1
[CH: 50] LEN: 12 | HEX: F1 77 FC FD FE 73 92 F7 58 6A AF FF | T:3752317 RPD:1
[CH: 50] LEN: 12 | HEX: F9 77 BD FC EA 72 92 FF E5 0B BF FB | T:3752318 RPD:0
[CH: 50] LEN: 12 | HEX: F9 77 BA FA FE 74 92 FF BA 2E BF 7F | T:3752329 RPD:1
[CH: 50] LEN: 12 | HEX: F1 77 7E F4 F6 72 92 FF A5 0B FF EB | T:3752329 RPD:0
[CH: 50] LEN: 12 | HEX: F1 77 AC FB FD 75 92 FF 27 4F BF 5F | T:3752341 RPD:1
[CH: 50] LEN: 12 | HEX: F9 77 DC FE F6 70 92 F7 4F 68 AF FF | T:3752352 RPD:1
[CH: 50] LEN: 12 | HEX: F9 77 FA F5 F4 73 92 FF 58 6A BF FF | T:3752352 RPD:0
[CH: 50] LEN: 12 | HEX: F9 77 F5 FA FE 74 92 FF BA 2E AD FF | T:3752363 RPD:1
[CH: 50] LEN: 12 | HEX: F1 77 FA EC F6 72 92 F7 A5 0B AF FD | T:3752364 RPD:1
[CH: 50] LEN: 12 | HEX: F9 77 FB EB FB 75 92 FF A7 4F AF B7 | T:3752375 RPD:1
[CH: 50] LEN: 12 | HEX: F1 77 FF FE FA 70 92 FF AF F8 AF BF | T:3752386 RPD:1
[CH: 50] LEN: 12 | HEX: F9 77 BA FD FE 73 92 FE 58 6A AF DF | T:3752387 RPD:0
[CH: 50] LEN: 12 | HEX: F9 77 FF FB FE 75 92 FF 27 4F BF 7D | T:3752398 RPD:1
[CH: 50] LEN: 12 | HEX: F1 77 EE FD FE 73 92 FF 58 6A AD 3D | T:3752398 RPD:0
[CH: 50] LEN: 12 | HEX: F1 77 FB F4 FE 72 92 FF 45 0B B7 FF | T:3752409 RPD:1
[CH: 50] LEN: 12 | HEX: F9 77 BA F9 DE 77 92 F5 0D AC AB 7F | T:3752410 RPD:0
[CH: 50] LEN: 12 | HEX: F1 77 BA FE FE 70 92 F7 4F E8 AF BF | T:3752421 RPD:1
[CH: 50] LEN: 12 | HEX: F9 77 BE F7 F6 75 92 FF 27 4E AF B7 | T:3752432 RPD:1
[CH: 50] LEN: 12 | HEX: F9 77 FE FA FA 74 92 FF BA 2E BF 5D | T:3752433 RPD:0
[CH: 50] LEN: 12 | HEX: F9 77 FA FD F4 73 92 F7 58 6A AD 5A | T:3752444 RPD:1
[CH: 50] LEN: 12 | HEX: F9 77 EE FA FE 74 92 FF BA 2E BF B3 | T:3752444 RPD:0
[CH: 50] LEN: 12 | HEX: F1 77 FE F1 EE 77 92 FF 0D AC AD FA | T:3752455 RPD:1
[CH: 50] LEN: 12 | HEX: F1 77 FD FC F4 72 92 F7 45 0B BF DB | T:3752467 RPD:1
[CH: 50] LEN: 12 | HEX: F9 77 BC F3 FD 75 92 FA 27 4F BF 7F | T:3752467 RPD:0
[CH: 50] LEN: 12 | HEX: F1 77 FD FA FE 70 92 FF DF E8 BF FF | T:3752478 RPD:1
[CH: 50] LEN: 12 | HEX: F9 77 FD FA FE 74 92 F7 BA 2E BE FD | T:3752479 RPD:0
[CH: 50] LEN: 12 | HEX: F9 77 FF F1 FC 77 92 FB 0D AC BF 7F | T:3752490 RPD:1
[CH: 50] LEN: 12 | HEX: F9 77 5D F4 FE 72 92 F5 25 0B BF FD | T:3752490 RPD:0
[CH: 50] LEN: 12 | HEX: F1 77 FD FB EE 75 92 FF 27 4F AD DF | T:3752501 RPD:1
[CH: 50] LEN: 12 | HEX: F9 77 F9 FE FE 70 92 FF AF E8 BF FD | T:3752513 RPD:1
[CH: 50] LEN: 12 | HEX: F9 77 FE FD FE 73 92 FF 58 6A AF EE | T:3752513 RPD:0
[CH: 50] LEN: 12 | HEX: F9 77 FB F2 EF 74 92 FF 3A 2E AD F7 | T:3752524 RPD:1
[CH: 50] LEN: 12 | HEX: F9 77 FA FD EA 73 D2 EE D8 6A AF FF | T:3752525 RPD:0
[CH: 50] LEN: 12 | HEX: F9 77 FD FA FE 72 92 FF A5 0B AD FF | T:3752536 RPD:1
[CH: 50] LEN: 12 | HEX: F9 77 BE E9 EE 77 92 F6 0D AC BB FB | T:3752547 RPD:1
[CH: 50] LEN: 12 | HEX: F9 77 FD FE FE 70 92 FE AF 68 AF 77 | T:3752547 RPD:0
[CH: 50] LEN: 12 | HEX: F1 77 FB FB FD 75 92 F7 27 CF AF EF | T:3752559 RPD:1
[CH: 50] LEN: 12 | HEX: F1 77 FD FD FE 73 92 FF 58 6A BF BD | T:3752559 RPD:0
[CH: 50] LEN: 12 | HEX: F1 77 FA FC F6 72 92 EF C5 0B BD FF | T:3752570 RPD:1
[CH: 50] LEN: 12 | HEX: F1 77 FF ED FE 77 92 FA 0D AC A5 FF | T:3752582 RPD:1
[CH: 50] LEN: 12 | HEX: F9 77 AC F6 FE 70 92 FF AF C8 BF F7 | T:3752582 RPD:0
[CH: 50] LEN: 12 | HEX: F1 77 BE F6 F4 72 92 FF A5 0B AE E5 | T:3752593 RPD:1
[CH: 50] LEN: 12 | HEX: F1 77 FD FE F6 70 92 FF BF E8 BF BE | T:3752593 RPD:0
[CH: 50] LEN: 12 | HEX: F9 77 DE F9 FE 73 92 FF 58 6A AF AB | T:3752605 RPD:1
[CH: 50] LEN: 12 | HEX: F1 77 FF FA FE 74 92 FF FA 2E AD FF | T:3752605 RPD:0
[CH: 50] LEN: 12 | HEX: F9 77 ED F1 EE 77 92 F7 0D AC AF BF | T:3752616 RPD:1
[CH: 50] LEN: 12 | HEX: F9 77 FD F8 FA 72 92 FF A5 0B AE 8F | T:3752627 RPD:1
[CH: 50] LEN: 12 | HEX: F1 77 BD F3 FC 75 92 F7 27 4F 3B DF | T:3752628 RPD:0
[CH: 50] LEN: 12 | HEX: F1 77 AD FD FE 70 92 EB AF E8 BF FB | T:3752639 RPD:1
[CH: 50] LEN: 12 | HEX: F9 77 EA FA FE 74 92 FF 3A 2E AF 7F | T:3752639 RPD:0
[CH: 50] LEN: 12 | HEX: F9 77 FD F1 EE 77 92 F7 0D AC AF F5 | T:3752651 RPD:1
[CH: 50] LEN: 12 | HEX: F5 77 DC FB FE 73 92 F7 58 6A AF FD | T:3752662 RPD:1
[CH: 50] LEN: 12 | HEX: F1 77 B5 FC FE 72 92 FF C5 0B EF 7F | T:3752662 RPD:0
[CH: 50] LEN: 12 | HEX: F9 77 EC F9 FE 77 92 FF 0D AC B7 BF | T:3752673 RPD:1
[CH: 50] LEN: 12 | HEX: F1 77 B9 F7 FE 75 92 FF 27 4F 2F F7 | T:3752674 RPD:0
[CH: 50] LEN: 12 | HEX: F9 77 FB F9 FE 77 92 FB 0D AC BF F6 | T:3752685 RPD:1
[CH: 50] LEN: 12 | HEX: F1 77 FD FD FE 73 92 FF 58 6A AF D7 | T:3752685 RPD:0
[CH: 50] LEN: 12 | HEX: F9 77 FD FC F6 72 92 FF 85 0B BF BF | T:3752697 RPD:1
[CH: 50] LEN: 12 | HEX: F1 77 FF F9 FE 77 92 FF 0D AC AF FF | T:3752708 RPD:1
[CH: 50] LEN: 12 | HEX: F9 77 FD FA FE 70 92 FA DF E8 AD 5F | T:3752708 RPD:0
[CH: 50] LEN: 12 | HEX: F9 77 FE EB DC 75 92 F7 27 4F AF D1 | T:3752719 RPD:1
[CH: 50] LEN: 12 | HEX: F9 77 FC FE FE 70 92 FF 4F D8 AF DF | T:3752720 RPD:0
[CH: 50] LEN: 12 | HEX: F1 77 DE F5 FE 73 92 F7 58 6A AE FB | T:3752731 RPD:1
[CH: 50] LEN: 12 | HEX: F9 77 FA EA FD 74 92 FE FA 2E BF FF | T:3752742 RPD:1
[CH: 50] LEN: 12 | HEX: F1 77 FB F1 FE 77 92 F5 0D AC B5 AF | T:3752743 RPD:0
[CH: 50] LEN: 12 | HEX: F1 77 DC FC FE 72 92 EA 85 0B AF EB | T:3752754 RPD:1
[CH: 50] LEN: 12 | HEX: F1 77 DA FE FE 70 92 FF DF 58 AF DF | T:3752754 RPD:0
[CH: 50] LEN: 12 | HEX: F9 77 54 E9 D4 6B 92 EF 58 6A AE FF | T:3752765 RPD:1
[CH: 50] LEN: 12 | HEX: F1 77 FA FA FA 74 92 FF 7A 2E AF 7A | T:3752777 RPD:1
[CH: 50] LEN: 12 | HEX: F1 77 FD F9 FA 77 92 FB 0D AC BD FD | T:3752777 RPD:0
[CH: 50] LEN: 12 | HEX: F9 77 FD FC FA 72 92 FB C5 0B AF FD | T:3752788 RPD:1
[CH: 50] LEN: 12 | HEX: F9 77 FD F1 FE 77 92 F6 0D AC BF BF | T:3752789 RPD:0
[CH: 50] LEN: 12 | HEX: F1 77 BD FC F5 70 92 FF BF E8 BF 7F | T:3752800 RPD:1
[CH: 50] LEN: 12 | HEX: F9 77 FA FB FF 75 92 FF 27 4F AF FA | T:3752800 RPD:0
[CH: 50] LEN: 12 | HEX: F1 77 5C FA EA 74 92 F7 BA 2E BE FF | T:3752811 RPD:1
[CH: 50] LEN: 12 | HEX: F9 77 DE FD DD 73 92 F6 58 6A AD FF | T:3752823 RPD:1
[CH: 50] LEN: 12 | HEX: F1 77 FE FC FD 72 92 FF 65 0B BF 5F | T:3752823 RPD:0
[CH: 50] LEN: 12 | HEX: F9 77 F6 F9 FE 77 92 FF 0D AC BF 5E | T:3752834 RPD:1
[CH: 50] LEN: 12 | HEX: F9 77 FF FB D6 75 92 FF 27 4F 2D FF | T:3752834 RPD:0
[CH: 50] LEN: 12 | HEX: F9 77 FD F1 F6 77 92 FD 0D AC AF FF | T:3752846 RPD:1
[CH: 50] LEN: 12 | HEX: E9 77 5C FD DC 73 92 FF 58 6A AE F7 | T:3752857 RPD:1
[CH: 50] LEN: 12 | HEX: F1 77 B6 E8 FE 72 92 FB 85 0B BF FF | T:3752857 RPD:0
[CH: 50] LEN: 12 | HEX: F1 77 ED FA FE 74 92 F7 7A 2E AE F9 | T:3752869 RPD:1
[CH: 50] LEN: 12 | HEX: F9 77 FF F4 FE 72 92 FF 65 0B BF DF | T:3752869 RPD:0
[CH: 50] LEN: 12 | HEX: F9 77 FB FB F6 75 92 FF 27 4F AF FF | T:3752880 RPD:1
[CH: 50] LEN: 12 | HEX: F9 77 B4 FE FE 70 92 FF DF E8 AF FF | T:3752880 RPD:0
[CH: 50] LEN: 12 | HEX: F1 77 BA F9 FE 73 92 FF 58 6A AF FF | T:3752892 RPD:1
[CH: 50] LEN: 12 | HEX: F9 77 FD F2 FE 74 92 F7 BA 2E AA B7 | T:3752903 RPD:1
[CH: 50] LEN: 12 | HEX: F1 77 FB F9 F6 77 92 FF 0D AC BF FF | T:3752903 RPD:1
[CH: 50] LEN: 12 | HEX: F9 77 BA FC FB 72 92 FF 45 0B BF FE | T:3752915 RPD:1
[CH: 50] LEN: 12 | HEX: F9 77 D6 F1 F6 77 92 FF 0D AC BF DF | T:3752915 RPD:0
[CH: 50] LEN: 12 | HEX: F9 77 DC FC FA 70 92 FF 4F E8 AD 7F | T:3752926 RPD:1
[CH: 50] LEN: 12 | HEX: F9 77 FD FB FE 75 92 FF 27 4F 3D 75 | T:3752937 RPD:1
[CH: 50] LEN: 12 | HEX: F1 77 AD FA FE 74 92 F7 3A 2E BF EB | T:3752938 RPD:0
[CH: 50] LEN: 12 | HEX: F9 7F FD FD F6 73 92 FF 58 6A BF FD | T:3752949 RPD:1
[CH: 50] LEN: 12 | HEX: F1 77 FE F9 EE 77 92 FF 0D AC AF FF | T:3752949 RPD:0
[CH: 50] LEN: 12 | HEX: F9 77 BD F6 FE 70 92 F7 AF E8 B7 DF | T:3752961 RPD:1
[CH: 50] LEN: 12 | HEX: F1 77 FD F3 FE 75 92 FF 27 4F 2D DF | T:3752972 RPD:1
[CH: 50] LEN: 12 | HEX: F9 77 DD F2 FE 74 92 F7 BA 2E AF FF | T:3752972 RPD:0
[CH: 50] LEN: 12 | HEX: F1 77 BB FD ED 73 92 FF 58 6A BB 6F | T:3752983 RPD:1
[CH: 50] LEN: 12 | HEX: F9 77 FC F2 FE 74 92 F7 BA 2E B7 D7 | T:3752984 RPD:0
[CH: 50] LEN: 12 | HEX: F9 77 AB F9 EA 77 92 FE 0D AC BF EF | T:3752995 RPD:1
[CH: 50] LEN: 12 | HEX: F9 77 FB FC FE 72 92 F7 A5 0B BE DF | T:3752995 RPD:0
[CH: 50] LEN: 12 | HEX: F9 77 AE F3 FD 75 92 FE A7 4E BF FF | T:3753007 RPD:1
[CH: 50] LEN: 12 | HEX: F9 77 FF FE FE 70 92 FF BF A8 AF DF | T:3753018 RPD:1
[CH: 50] LEN: 12 | HEX: F9 77 FD F7 FE 73 92 FF 58 6A AF FF | T:3753018 RPD:0
[CH: 50] LEN: 12 | HEX: F9 77 FB F2 F6 74 92 F7 BA 2E BE FF | T:3753029 RPD:1
[CH: 50] LEN: 12 | HEX: F1 77 6D F4 FE 72 92 F7 65 0B EF FF | T:3753030 RPD:0
[CH: 50] LEN: 12 | HEX: F1 77 F9 F3 D6 75 92 FF 27 4F 2F EF | T:3753041 RPD:1
[CH: 50] LEN: 12 | HEX: E9 77 BA FE FE 70 92 F7 5F E8 BF BD | T:3753052 RPD:1
[CH: 50] LEN: 12 | HEX: F9 77 FD FD F6 73 92 FA 58 6A AA FF | T:3753052 RPD:0
[CH: 50] LEN: 12 | HEX: F9 77 DC FB FE 75 92 FB 27 4F 3D 7F | T:3753064 RPD:1
[CH: 50] LEN: 12 | HEX: F1 77 FC F9 FE 73 92 FF 58 6A AE FD | T:3753064 RPD:0
[CH: 50] LEN: 12 | HEX: F1 77 FD F4 FE 72 92 F7 65 0B AF ED | T:3753075 RPD:1
[CH: 50] LEN: 12 | HEX: F9 77 FD F5 FE 77 92 FF 0D AC AF EB | T:3753076 RPD:0
[CH: 50] LEN: 12 | HEX: F1 77 AA FE FC 70 92 FF BF E8 BA BF | T:3753087 RPD:1
[CH: 50] LEN: 12 | HEX: F1 77 FD FB FE 75 92 FF 27 4F 2F FE | T:3753098 RPD:1
[CH: 50] LEN: 12 | HEX: F1 77 FD FA FA 74 92 FF BA 2E AD FF | T:3753098 RPD:0
[CH: 50] LEN: 12 | HEX: F1 77 FC F5 ED 73 92 FF 58 6A AE EE | T:3753110 RPD:1
[CH: 50] LEN: 12 | HEX: F9 77 FD F1 EC 77 92 FF 0D AC AF 7F | T:3753110 RPD:0
[CH: 50] LEN: 12 | HEX: F9 77 FC FE F7 70 92 F7 6F D8 BD FF | T:3753121 RPD:1
[CH: 50] LEN: 12 | HEX: F1 77 FD F8 FE 72 92 FF 45 0B BF F7 | T:3753133 RPD:1
[CH: 50] LEN: 12 | HEX: F1 77 D7 FB FE 75 92 FF 27 4F AF DE | T:3753133 RPD:0
[CH: 50] LEN: 12 | HEX: B9 77 BB F5 FB 70 92 FF DF E8 BF BD | T:3753144 RPD:1
[CH: 50] LEN: 12 | HEX: F9 77 DD FA FA 74 92 FF FA 2E BB FF | T:3753144 RPD:0
[CH: 50] LEN: 12 | HEX: F9 77 FE F9 FE 77 92 FF 0D AC AF F7 | T:3753156 RPD:1
[CH: 50] LEN: 12 | HEX: F1 77 F4 FC F6 72 92 FB A5 0B BE FF | T:3753167 RPD:1
[CH: 50] LEN: 12 | HEX: F1 77 FA FB ED 75 92 FF 27 4F AE F7 | T:3753167 RPD:0
[CH: 50] LEN: 12 | HEX: F1 77 BD F6 FE 70 92 FB DF E8 AF FB | T:3753179 RPD:1
[CH: 50] LEN: 12 | HEX: F1 77 BE F2 FE 74 92 FF BA 2E AF FD | T:3753179 RPD:0
[CH: 50] LEN: 12 | HEX: F9 77 FD F9 FE 77 52 FF 8D AC AF DB | T:3753190 RPD:1
[CH: 50] LEN: 12 | HEX: F1 77 ED F5 FE 73 92 FF 58 6A AF DE | T:3753190 RPD:0
[CH: 50] LEN: 12 | HEX: F1 77 FE FC FE 72 92 FF 45 0B BF BB | T:3753202 RPD:1
[CH: 50] LEN: 12 | HEX: F9 77 FD F9 F6 77 92 FF 0D AC AE F5 | T:3753213 RPD:1
[CH: 50] LEN: 12 | HEX: F9 77 FA FE F4 70 92 FF 4F E8 AF DF | T:3753213 RPD:0
[CH: 50] LEN: 12 | HEX: F1 77 BD F3 FC 75 92 FE A7 4F AB D7 | T:3753225 RPD:1
[CH: 50] LEN: 12 | HEX: F9 77 FE F9 FE 73 92 EA 58 6A AD EE | T:3753225 RPD:0
[CH: 50] LEN: 12 | HEX: F1 77 FD F4 FE 72 92 FF A5 0B BE FE | T:3753236 RPD:1
[CH: 50] LEN: 12 | HEX: F1 77 FD F1 FE 77 92 FF 0D AC AE DF | T:3753247 RPD:1
[CH: 50] LEN: 12 | HEX: F1 77 FC F6 FA 70 92 FF DF 48 AB FF | T:3753248 RPD:0
[CH: 50] LEN: 12 | HEX: F5 77 BD FB EE 75 92 F5 27 4F 3F DF | T:3753259 RPD:1
[CH: 50] LEN: 12 | HEX: F1 77 FC FA FB 70 92 FF DF E8 BF FD | T:3753259 RPD:0
[CH: 50] LEN: 12 | HEX: F1 77 DE FD DC 73 92 FA D8 6A AB FB | T:3753270 RPD:1
[CH: 50] LEN: 12 | HEX: F9 77 FD FA FE 74 92 FF BA 2E AF DA | T:3753271 RPD:0
[CH: 50] LEN: 12 | HEX: F1 77 FD F9 EC 77 92 FF 0D AC AB 75 | T:3753282 RPD:1
[CH: 50] LEN: 12 | HEX: F9 77 FD FC FE 72 92 FF 45 0B BF DF | T:3753293 RPD:1
[CH: 50] LEN: 12 | HEX: F9 77 FF FB D6 75 92 FF 27 4F BF F6 | T:3753294 RPD:0
[CH: 50] LEN: 12 | HEX: F1 77 BD FE FE 70 92 FB DF 58 BD 7B | T:3753305 RPD:1
[CH: 50] LEN: 12 | HEX: F9 77 FA FA FA 7C 92 F6 FA 2E BD BF | T:3753305 RPD:0
[CH: 50] LEN: 12 | HEX: F9 77 BD F9 F6 77 92 FA 0D AC AF D2 | T:3753316 RPD:1
[CH: 50] LEN: 12 | HEX: F1 77 DD FC FE 7A 92 FF A5 0B FD 7D | T:3753328 RPD:1
[CH: 50] LEN: 12 | HEX: F9 77 BD F3 DD 75 92 FF 27 4F 6F ED | T:3753328 RPD:0
[CH: 50] LEN: 12 | HEX: F1 77 FA F9 FE 77 92 FF 0D AC AD FF | T:3753339 RPD:1
[CH: 50] LEN: 12 | HEX: E9 77 7A EB FA 75 92 FE A7 4F BF FF | T:3753340 RPD:0
[CH: 50] LEN: 12 | HEX: F9 77 FF FA FA 74 92 FF BA 2E AF 7D | T:3753351 RPD:1
[CH: 50] LEN: 12 | HEX: F9 77 FD FD FE 73 92 FF 58 6A AD F7 | T:3753362 RPD:1
[CH: 50] LEN: 12 | HEX: F1 77 DD FC FE 72 92 F7 A5 0B AF FF | T:3753362 RPD:0
[CH: 50] LEN: 12 | HEX: F9 77 FB ED FE 77 92 EE 0D AC AF F7 | T:3753374 RPD:1
[CH: 50] LEN: 12 | HEX: F1 77 BD F3 FD 75 92 FF 27 4F AF FD | T:3753374 RPD:1
[CH: 50] LEN: 12 | HEX: F9 77 F5 F2 F4 74 92 FF 3A 2E AF FF | T:3753385 RPD:1
[CH: 50] LEN: 12 | HEX: F9 77 AE FB FC 73 92 F7 58 6A AF BB | T:3753386 RPD:0
[CH: 50] LEN: 12 | HEX: F1 77 AD F4 FE 72 92 FF 45 0B AF FF | T:3753397 RPD:1
[CH: 50] LEN: 12 | HEX: F9 77 FD FA FE 74 92 FF 7A 2E BD A7 | T:3753408 RPD:1
[CH: 50] LEN: 12 | HEX: F9 77 FA F1 FE 77 92 F7 0D AC AF FF | T:3753408 RPD:0
[CH: 50] LEN: 12 | HEX: F9 77 D6 F8 FE 72 92 F5 C5 0B AE EE | T:3753420 RPD:1
[CH: 50] LEN: 12 | HEX: F9 77 FF FA FE 70 92 FF FF E8 AF FA | T:3753420 RPD:0
[CH: 50] LEN: 12 | HEX: F9 77 FD FD FA 73 92 F7 58 6A A9 FF | T:3753431 RPD:1
[CH: 50] LEN: 12 | HEX: F1 77 F9 FA FE 74 92 FF 7A 2E AB FF | T:3753443 RPD:1
[CH: 50] LEN: 12 | HEX: F1 77 FA F9 FE 77 92 F7 0D AC BD FF | T:3753443 RPD:1
[CH: 50] LEN: 12 | HEX: F9 77 FB FC FA 72 92 FF A5 0B AF FF | T:3753454 RPD:1
[CH: 50] LEN: 12 | HEX: F9 77 FD F1 D5 77 92 FF 0D AC BB EF | T:3753454 RPD:0
[CH: 50] LEN: 12 | HEX: F9 77 DE FE FE 70 92 FF EF E8 AE F7 | T:3753466 RPD:1
[CH: 50] LEN: 12 | HEX: F1 77 FC EB FD 75 92 EF 27 4F 3F EF | T:3753466 RPD:0
[CH: 50] LEN: 12 | HEX: F9 77 BC FA FE 74 92 FF BA 2E AD FF | T:3753477 RPD:1
[CH: 50] LEN: 12 | HEX: F9 77 FA F9 FE 73 92 FF 58 6A BE FD | T:3753489 RPD:1
[CH: 50] LEN: 12 | HEX: F9 77 EC FC FE 72 92 FF C5 0B AB FF | T:3753489 RPD:0
[CH: 50] LEN: 12 | HEX: F9 77 FD F1 FE 77 92 F7 0D AC AF FD | T:3753500 RPD:1
[CH: 50] LEN: 12 | HEX: F1 77 FD F3 BC 75 92 FB 27 4F AF FF | T:3753500 RPD:0
[CH: 50] LEN: 12 | HEX: F1 77 BA FA FE 74 92 FF BA 2E BA FF | T:3753512 RPD:1
[CH: 50] LEN: 12 | HEX: F9 77 FD FD EC 73 92 F7 58 6A AF B7 | T:3753523 RPD:1
[CH: 50] LEN: 12 | HEX: F9 77 FE FC FE 72 92 FF C5 0B AF FA | T:3753523 RPD:0
[CH: 50] LEN: 12 | HEX: F9 77 FD F9 FE 77 92 FF 0D AC AD FF | T:3753534 RPD:1
[CH: 50] LEN: 12 | HEX: F9 77 B9 F4 FD 72 92 FF 45 0B BD FF | T:3753535 RPD:0
[CH: 50] LEN: 12 | HEX: F9 77 FC FB EE 75 92 F5 27 4F AF F7 | T:3753546 RPD:1
[CH: 50] LEN: 12 | HEX: F1 77 DC F6 FE 70 92 FB EF D8 B7 FF | T:3753557 RPD:1
[CH: 50] LEN: 12 | HEX: F9 77 FA FD FF 73 92 FB 58 6A AF EF | T:3753558 RPD:0
[CH: 50] LEN: 12 | HEX: F1 77 FC F2 FE 74 92 FF BA 2E BF FF | T:3753569 RPD:1
[CH: 50] LEN: 12 | HEX: F1 77 FF F8 FE 72 92 FF A5 0B BD BF | T:3753569 RPD:0
[CH: 50] LEN: 12 | HEX: F9 77 FE FB DC 75 92 FF 27 4F 3F FF | T:3753580 RPD:1
[CH: 50] LEN: 12 | HEX: F1 77 FD FE FB 70 92 FF DF 48 BF DF | T:3753581 RPD:1
[CH: 50] LEN: 12 | HEX: F9 77 FC F9 FE 73 92 FF 58 6A AB 9D | T:3753592 RPD:1
[CH: 50] LEN: 12 | HEX: F9 77 FD F7 FD 75 92 FF 27 4F 2D FF | T:3753603 RPD:1
[CH: 50] LEN: 12 | HEX: F9 77 FA FA FE 74 92 FF BE 2E AD C4 | T:3753604 RPD:0
[CH: 50] LEN: 12 | HEX: F1 77 FC F5 FE 73 92 FB 58 6A B7 FB | T:3753615 RPD:1
[CH: 50] LEN: 12 | HEX: F1 77 7A F1 FE 77 92 FB 0D AC BF DF | T:3753615 RPD:0
[CH: 50] LEN: 12 | HEX: F9 77 FD FE FE 70 92 FF AF E8 A7 FF | T:3753626 RPD:1
[CH: 50] LEN: 12 | HEX: F9 77 75 F3 EE 75 92 FF 27 4F BF FF | T:3753638 RPD:1
[CH: 50] LEN: 12 | HEX: F9 77 FD F2 FE 74 92 FF 7A 2E AE FF | T:3753638 RPD:0
[CH: 50] LEN: 12 | HEX: F1 77 FF F5 FE 73 92 EF 58 6A AE EF | T:3753649 RPD:1
[CH: 50] LEN: 12 | HEX: F1 77 BD F9 FE 77 92 FF 0D AC BE FF | T:3753650 RPD:0
[CH: 50] LEN: 12 | HEX: F9 77 FE F6 FE 70 92 FF 8F E8 BF DE | T:3753661 RPD:1
[CH: 50] LEN: 12 | HEX: F9 77 FA EA FE 72 92 F5 65 0B AB EF | T:3753661 RPD:0
[CH: 50] LEN: 12 | HEX: F1 77 FE FB FE 75 92 FF 27 4F AB FF | T:3753672 RPD:1
[CH: 50] LEN: 12 | HEX: F9 77 FA F5 F6 70 92 FF AF E8 AF FF | T:3753684 RPD:1
[CH: 50] LEN: 12 | HEX: F9 77 FA F5 FE 73 92 FF 58 6A AA 9F | T:3753684 RPD:0
[CH: 50] LEN: 12 | HEX: F1 77 FD FA FC 74 92 FF 7A 2E AD EF | T:3753695 RPD:1
[CH: 50] LEN: 12 | HEX: F9 77 B4 F8 FE 72 92 FF A5 0B AD FF | T:3753696 RPD:0
[CH: 50] LEN: 12 | HEX: F9 77 F5 EB FD 75 92 F7 27 4F 2F 77 | T:3753707 RPD:1
[CH: 50] LEN: 12 | HEX: F1 77 BF FA FE 70 92 FF 9F E8 BF FF | T:3753718 RPD:1
[CH: 50] LEN: 12 | HEX: F9 77 DD F7 FE 73 92 F7 D8 6A AB 77 | T:3753718 RPD:0
[CH: 50] LEN: 12 | HEX: F9 77 DD F2 FE 74 92 FF BA 2E AF BB | T:3753730 RPD:1
[CH: 50] LEN: 12 | HEX: F9 77 FB FD F6 73 92 F7 58 6A AB 7D | T:3753730 RPD:0
[CH: 50] LEN: 12 | HEX: F9 77 FB FC F6 72 92 FF A5 0B BF FF | T:3753741 RPD:1
[CH: 50] LEN: 12 | HEX: F1 77 FF F9 FE 77 92 FF 0D AC B7 FF | T:3753753 RPD:1
[CH: 50] LEN: 12 | HEX: F9 77 FD FE FE 70 92 FF 5F E8 BF 59 | T:3753753 RPD:0
[CH: 50] LEN: 12 | HEX: F1 77 FE F3 D6 75 92 FF 27 4F 3B 37 | T:3753764 RPD:1
[CH: 50] LEN: 12 | HEX: F9 77 FD F9 FE 73 92 FF 58 6A AD DB | T:3753764 RPD:0
[CH: 50] LEN: 12 | HEX: F9 77 FE FC FE 72 92 F5 45 0B BE EF | T:3753776 RPD:1
[CH: 50] LEN: 12 | HEX: F9 77 BF F1 F4 77 92 F6 0D AC BA FD | T:3753776 RPD:0
[CH: 50] LEN: 12 | HEX: F9 77 BD FE F4 70 92 F7 AF D8 BF FB | T:3753787 RPD:1
[CH: 50] LEN: 12 | HEX: F9 77 D6 F3 FC 75 92 FE 27 4F BF 7F | T:3753798 RPD:1
[CH: 50] LEN: 12 | HEX: F1 77 F4 F9 F4 77 92 FF 0D AC BF 5F | T:3753799 RPD:0
[CH: 50] LEN: 12 | HEX: F1 77 FD FE F6 70 92 FF 4F 48 AF BF | T:3753810 RPD:1
[CH: 50] LEN: 12 | HEX: F1 77 F6 FA FE 74 92 FA BA 2E AD FF | T:3753810 RPD:0
[CH: 50] LEN: 12 | HEX: F1 77 DC F1 FE 77 92 FF 0D AC BF F7 | T:3753822 RPD:1
[CH: 50] LEN: 12 | HEX: F1 77 BA F8 F6 72 92 FF E5 0B BF FB | T:3753833 RPD:1
[CH: 50] LEN: 12 | HEX: F9 77 BD F3 FE 75 92 FB A7 4F 7F BF | T:3753833 RPD:0
[CH: 50] LEN: 12 | HEX: F9 77 FA FE FE 70 92 FF 4F E8 AF EF | T:3753844 RPD:1
[CH: 50] LEN: 12 | HEX: F9 77 B5 FA FA 74 92 F5 7A 2E AF FE | T:3753845 RPD:0
[CH: 50] LEN: 12 | HEX: F9 77 FB F9 FE 77 92 FF 0D AC AF FD | T:3753856 RPD:1
[CH: 50] LEN: 12 | HEX: F1 77 FA FC FE 72 92 FF C5 0B FF FF | T:3753856 RPD:0
[CH: 50] LEN: 12 | HEX: F1 77 DE FB FE 75 92 FF 27 4F AF FB | T:3753868 RPD:1
[CH: 50] LEN: 12 | HEX: F9 77 FD F9 FE 77 92 FA 0D AC BF FF | T:3753879 RPD:1
[CH: 50] LEN: 12 | HEX: F1 77 DC FE FE 70 92 F7 AF D8 AF FF | T:3753879 RPD:0
[CH: 50] LEN: 12 | HEX: F9 77 DE FB FE 75 92 FF 27 4F BE DD | T:3753890 RPD:1
[CH: 50] LEN: 12 | HEX: F9 77 FD F9 F5 73 92 FF 58 6A AB B7 | T:3753891 RPD:0
[CH: 50] LEN: 12 | HEX: F1 77 BA F4 FE 72 92 FF 45 0B BF 5A | T:3753902 RPD:1
[CH: 50] LEN: 12 | HEX: F1 77 FE F9 FE 77 92 FF 0D AC BF D7 | T:3753913 RPD:1
[CH: 50] LEN: 12 | HEX: F1 77 EA FE F4 70 92 FB DF A8 AF FD | T:3753914 RPD:0
[CH: 50] LEN: 12 | HEX: F9 77 DF FB DE 75 92 FA A7 4F 3F AA | T:3753925 RPD:1
[CH: 50] LEN: 12 | HEX: F9 77 F4 FD F6 73 92 FF 58 6A AB 5B | T:3753925 RPD:0
[CH: 50] LEN: 12 | HEX: F9 77 FD F4 FE 72 92 FF 85 0B AB F5 | T:3753936 RPD:1
[CH: 50] LEN: 12 | HEX: F1 77 DC FA FA 74 92 FF BA 2E BF FF | T:3753948 RPD:1
[CH: 50] LEN: 12 | HEX: F1 77 BE F1 DE 77 92 F7 0D AC AF FB | T:3753948 RPD:1
[CH: 50] LEN: 12 | HEX: F1 77 FB F8 FD 72 92 FF 45 0B BE FF | T:3753959 RPD:1
[CH: 50] LEN: 12 | HEX: F1 77 FD FC FE 70 92 FF BF E8 AE DF | T:3753959 RPD:0
[CH: 50] LEN: 12 | HEX: F9 77 B5 FD EE 73 92 F6 58 6A AE EF | T:3753971 RPD:1
[CH: 50] LEN: 12 | HEX: F1 77 FD F2 FA 74 92 FF 3A 2E BF FF | T:3753971 RPD:0
[CH: 50] LEN: 12 | HEX: F1 77 FB F9 FE 77 92 FF 0D AC BF BF | T:3753982 RPD:1
[CH: 50] LEN: 12 | HEX: FD 77 FF FC FE 72 92 EA A5 0B AF FF | T:3753994 RPD:1
[CH: 50] LEN: 12 | HEX: F5 77 BA F7 FD 75 92 FF 27 4F AF FF | T:3753994 RPD:0
[CH: 50] LEN: 12 | HEX: F9 77 BA FE FE 70 92 F7 4F 68 AF F7 | T:3754005 RPD:1
[CH: 50] LEN: 12 | HEX: F9 77 BD EB FE 75 92 FF 27 4F 3F FD | T:3754005 RPD:0
[CH: 50] LEN: 12 | HEX: F9 77 FA FA FC 74 92 FF 7A 2E AF FF | T:3754017 RPD:1
[CH: 50] LEN: 12 | HEX: F1 77 F9 FD FC 73 92 F7 58 6A AF FF | T:3754028 RPD:1
[CH: 50] LEN: 12 | HEX: F5 77 D4 FC FA 72 92 EA A5 0B AF FB | T:3754028 RPD:0
[CH: 50] LEN: 12 | HEX: F1 77 7C F1 FF 77 92 FE 0D AC AF BF | T:3754040 RPD:1
[CH: 50] LEN: 12 | HEX: E9 77 FA F3 DA 75 92 FE A7 4F 3F FF | T:3754040 RPD:0
[CH: 50] LEN: 12 | HEX: F1 77 5B FA F6 74 92 FF 7A 2E AF FF | T:3754051 RPD:1
[CH: 50] LEN: 12 | HEX: F9 77 DE F9 FE 73 92 FF 58 6A AF F7 | T:3754051 RPD:0
[CH: 50] LEN: 12 | HEX: F1 77 FD FA FA 72 92 F7 A5 0B AF FF | T:3754063 RPD:1
[CH: 50] LEN: 12 | HEX: F9 77 FF F9 FE 77 92 FB 0D AC AF FB | T:3754074 RPD:1
[CH: 50] LEN: 12 | HEX: F9 77 7E FA FE 70 92 FF CF E8 BD F7 | T:3754074 RPD:0
[CH: 50] LEN: 12 | HEX: F9 77 FD FC FE 72 92 FF C5 0B AF BF | T:3754086 RPD:1
[CH: 50] LEN: 12 | HEX: F1 77 AD F4 EE 70 92 FE AF C8 BF D7 | T:3754086 RPD:0
[CH: 50] LEN: 12 | HEX: F9 77 AD F9 F6 73 92 FF 58 6A AF FF | T:3754097 RPD:1
[CH: 50] LEN: 12 | HEX: F1 77 FD F2 FE 74 92 FF BA 2E BF FF | T:3754108 RPD:1
[CH: 50] LEN: 12 | HEX: E9 77 5D F1 D6 77 92 FF 0D AC BF FD | T:3754109 RPD:0
[CH: 50] LEN: 12 | HEX: F9 77 BC F8 FA 72 92 F7 A5 0B B5 EF | T:3754120 RPD:1
[CH: 50] LEN: 12 | HEX: F9 77 BA FE FE 70 92 FF CF E8 BE DF | T:3754120 RPD:0
[CH: 50] LEN: 12 | HEX: E9 77 F5 F5 FE 73 92 FF 58 6A AF DE | T:3754132 RPD:1
[CH: 50] LEN: 12 | HEX: F9 77 BB FA FE 74 92 FF BA 2E AF 77 | T:3754143 RPD:1
[CH: 50] LEN: 12 | HEX: F5 77 EE F1 FE 77 92 FF 0D AC AF FE | T:3754143 RPD:0
[CH: 50] LEN: 12 | HEX: F1 77 AC FB FE 73 92 F6 58 6A AF 6F | T:3754154 RPD:1
[CH: 50] LEN: 12 | HEX: F1 77 FE F9 FE 77 92 FB 0D AC BA AB | T:3754155 RPD:0
[CH: 50] LEN: 12 | HEX: F1 77 BE FA FE 70 92 FF DF E8 AB FF | T:3754166 RPD:1
[CH: 50] LEN: 12 | HEX: F9 77 FE FB FE 75 92 F6 27 CF BF F6 | T:3754166 RPD:0
[CH: 50] LEN: 12 | HEX: F1 77 FD FA FE 74 92 FF 7A 2E BF FF | T:3754177 RPD:1
[CH: 50] LEN: 12 | HEX: F1 77 BC F9 FE 73 92 F5 58 6A AF F7 | T:3754189 RPD:1
[CH: 50] LEN: 12 | HEX: F9 77 FE FA FE 72 92 FB A5 0B BF F6 | T:3754189 RPD:1
[CH: 50] LEN: 12 | HEX: F9 77 FC F9 FE 77 92 FE 0D AC BF FB | T:3754200 RPD:1
[CH: 50] LEN: 12 | HEX: F9 77 F5 FC EA 72 92 FA C5 0B AE EF | T:3754201 RPD:0
[CH: 50] LEN: 12 | HEX: F1 77 F9 F3 FD 75 92 F7 27 4F AB FE | T:3754212 RPD:1
[CH: 50] LEN: 12 | HEX: F9 77 D4 FC FA 70 92 FF AF E8 AF 7D | T:3754223 RPD:1
[CH: 50] LEN: 12 | HEX: F9 77 F9 FD FC 73 92 FF 58 6A AF EB | T:3754223 RPD:0
[CH: 50] LEN: 12 | HEX: F1 77 DD FA FE 74 92 FF 3A 2E BF 56 | T:3754235 RPD:0
[CH: 50] LEN: 12 | HEX: F1 77 BD 00 00 71 92 FF 50 91 AE FB | T:3754251 RPD:1
[CH: 50] LEN: 12 | HEX: F8 6D F7 00 FA F9 92 FF 7A 9B AD F3 | T:3754281 RPD:1
[CH: 50] LEN: 12 | HEX: E8 6D EF 00 EB F1 92 FE F4 9B BE AE | T:3754282 RPD:1
[CH: 50] LEN: 12 | HEX: F9 77 FD 00 00 71 92 FF 50 91 BF FF | T:3754550 RPD:1
[CH: 50] LEN: 12 | HEX: F9 77 FA 00 00 71 92 FF D0 91 B7 AF | T:3754551 RPD:1
[CH: 50] LEN: 12 | HEX: F8 6D FF 00 FE F9 92 FF 7C 9B AF BE | T:3754581 RPD:1
[CH: 50] LEN: 12 | HEX: F8 6D FF 80 FE F9 92 FF 7C 9B BF 7F | T:3754582 RPD:1
[CH: 50] LEN: 12 | HEX: F9 77 FA 00 00 71 92 FF 50 91 B7 DF | T:3754850 RPD:1
[CH: 50] LEN: 12 | HEX: F1 77 BF 00 00 71 92 F7 50 91 AB 7F | T:3754851 RPD:1
[CH: 50] LEN: 12 | HEX: F4 6D FF 00 FE F9 92 FE 7C 9B BB BE | T:3754881 RPD:1
[CH: 50] LEN: 12 | HEX: F8 6D EB 00 FE F9 92 FF 7C 9B BB FF | T:3754881 RPD:1
[CH: 50] LEN: 12 | HEX: F9 7F FD 00 00 71 92 FE 50 91 BF FE | T:3755151 RPD:1
[CH: 50] LEN: 12 | HEX: F8 6D EB 00 FE F1 92 FF 74 9B AB FE | T:3755181 RPD:1
[CH: 50] LEN: 12 | HEX: F8 6D FF 00 FE F9 92 FF 7C 9B AF F7 | T:3755181 RPD:1
[CH: 50] LEN: 12 | HEX: F1 77 BD 00 00 71 92 F6 50 91 BF BF | T:3755450 RPD:1
[CH: 50] LEN: 12 | HEX: F1 77 FD 80 00 71 92 FF 50 91 BF FF | T:3755451 RPD:1
[CH: 50] LEN: 12 | HEX: F0 6D FE 00 F6 F9 92 F5 7C 9B BD FF | T:3755480 RPD:1
[CH: 50] LEN: 12 | HEX: F4 6D FF 00 FE F9 92 FF 7C 9B BE FD | T:3755481 RPD:1
[CH: 50] LEN: 12 | HEX: F1 77 FA 80 00 71 92 F7 50 91 AF F7 | T:3755750 RPD:1
[CH: 50] LEN: 12 | HEX: F9 77 FE 00 00 71 92 F7 50 91 AF DB | T:3755750 RPD:1
[CH: 50] LEN: 12 | HEX: F8 6D EF 00 FE F9 92 F7 7C 9B BF FD | T:3755780 RPD:1
[CH: 50] LEN: 12 | HEX: F0 6D EF 00 F6 F1 92 F5 7C 9B AF DA | T:3755781 RPD:1
[CH: 50] LEN: 12 | HEX: F5 77 FD 80 00 71 92 FF 50 91 AB EF | T:3756049 RPD:1
[CH: 50] LEN: 12 | HEX: F1 77 BD 00 00 71 92 FF 50 91 BF F5 | T:3756050 RPD:1
[CH: 50] LEN: 12 | HEX: F0 6D FF 00 FE E9 92 FF 7C 9B BF BD | T:3756080 RPD:1
[CH: 50] LEN: 12 | HEX: F0 6D FF 00 F6 F5 92 FB 7C 9B BF DD | T:3756081 RPD:1
[CH: 50] LEN: 12 | HEX: F9 77 F5 00 00 71 92 EA 50 91 BA EE | T:3756349 RPD:1
[CH: 50] LEN: 12 | HEX: F5 77 FD 00 00 71 92 FF 50 91 AF 7F | T:3756350 RPD:1
[CH: 50] LEN: 12 | HEX: F8 6D F6 80 FE F9 92 F7 7C 9B BF AD | T:3756380 RPD:1
[CH: 50] LEN: 12 | HEX: F0 6D FF 00 EE F9 92 FA 7C 9B BD F7 | T:3756380 RPD:1
[CH: 50] LEN: 12 | HEX: E9 77 DD 00 00 71 92 FB 50 91 BF BD | T:3756649 RPD:1
[CH: 50] LEN: 12 | HEX: F9 77 AE 00 00 71 92 FB 50 91 BF FF | T:3756650 RPD:1
[CH: 50] LEN: 12 | HEX: F8 6D DF 00 FE F9 92 FF 7C 9B BE FF | T:3756679 RPD:1
[CH: 50] LEN: 12 | HEX: F0 6D EE 00 F6 F1 92 F7 FC 9B BF FF | T:3756680 RPD:1
[CH: 50] LEN: 12 | HEX: F5 77 FE 80 00 71 92 F7 50 91 AD FD | T:3756949 RPD:1
[CH: 50] LEN: 12 | HEX: F9 77 7F 00 00 71 92 F5 50 91 BF EF | T:3756949 RPD:1
[CH: 50] LEN: 12 | HEX: F8 6D EF 00 FE F9 92 FF 7C 9B BF FF | T:3756980 RPD:1
[CH: 50] LEN: 12 | HEX: F9 77 FA 80 00 71 92 FF 50 91 BA FF | T:3757248 RPD:1
[CH: 50] LEN: 12 | HEX: F1 77 FD 00 00 79 92 FE 50 91 AF F7 | T:3757249 RPD:1
[CH: 50] LEN: 12 | HEX: F0 6D EE 00 FE F9 92 FF 7C 9B FF 7D | T:3757279 RPD:1
[CH: 50] LEN: 12 | HEX: F0 6D F7 00 FF F9 92 FF 7A 9B AF DB | T:3757280 RPD:1
[CH: 50] LEN: 12 | HEX: FA 76 FE 00 8C F9 92 F7 20 74 BF ED | T:3757483 RPD:1
[CH: 50] LEN: 12 | HEX: F2 76 FF 00 8C F5 92 FF 20 74 BF 7F | T:3757484 RPD:1
[CH: 50] LEN: 12 | HEX: F2 76 FE F6 73 F9 92 EE 9E 89 BF FF | T:3757514 RPD:1
[CH: 50] LEN: 12 | HEX: FA 76 FE FB 70 F9 92 FF EB 87 AF FB | T:3757517 RPD:1
[CH: 50] LEN: 12 | HEX: F2 76 FE FC 71 F9 92 FF 77 62 BF 77 | T:3757521 RPD:1
[CH: 50] LEN: 12 | HEX: EA 76 F6 FB 76 ED 92 FF 41 9B AF FF | T:3757532 RPD:1
[CH: 50] LEN: 12 | HEX: FA 76 FA F2 77 F9 92 FD 9D 7E BF FF | T:3757532 RPD:1
[CH: 50] LEN: 12 | HEX: FA 76 FE F1 74 E9 92 FF A8 70 AB 53 | T:3757544 RPD:1
[CH: 50] LEN: 12 | HEX: FA 76 FE F8 75 E9 92 FF 34 95 BF F7 | T:3757544 RPD:1
[CH: 50] LEN: 12 | HEX: F2 76 FE F7 7A F9 92 F7 05 82 BD EB | T:3757566 RPD:1
[CH: 50] LEN: 12 | HEX: FA 76 FE F6 7B E9 92 FB 59 67 BF FB | T:3757596 RPD:1
[CH: 50] LEN: 12 | HEX: FA 76 FE F5 78 F9 92 FF 2C 69 BF FF | T:3757626 RPD:1
[CH: 50] LEN: 12 | HEX: FA 76 FE F4 79 F9 92 FD D0 8C AF FB | T:3757656 RPD:1
[CH: 50] LEN: 12 | HEX: FA 76 F5 F3 7E F1 92 F7 A6 75 AF 6F | T:3757686 RPD:1
[CH: 50] LEN: 12 | HEX: FA 76 FA F2 7F A9 92 FF 1A 90 BF ED | T:3757716 RPD:1
[CH: 50] LEN: 12 | HEX: F2 76 FE F1 7C E9 92 FF 6F 9E BB FF | T:3757746 RPD:1
[CH: 50] LEN: 12 | HEX: FA 76 FE F0 79 E9 92 FF 33 7B BF AF | T:3757776 RPD:1
[CH: 50] LEN: 12 | HEX: FA 76 FE EF 62 F9 92 FE 9D 91 AF FB | T:3757806 RPD:1
[CH: 50] LEN: 12 | HEX: F2 76 FE EE 63 E9 92 FF C1 74 AF FF | T:3757836 RPD:1
[CH: 50] LEN: 12 | HEX: FA 76 FE ED 60 F9 92 FB B4 7A B7 BF | T:3757866 RPD:1
[CH: 50] LEN: 12 | HEX: FA 76 F5 EC 61 F9 92 FE E8 9E BF FE | T:3757896 RPD:1
[CH: 50] LEN: 12 | HEX: F6 76 FE EB 66 F9 92 FB 5E 66 AF DF | T:3757926 RPD:1
[CH: 50] LEN: 12 | HEX: FA 76 FD EA 67 B9 92 FF 42 83 BE FF | T:3757956 RPD:1
[CH: 50] LEN: 12 | HEX: F6 76 F5 E9 64 F1 92 FF 77 8D AF FD | T:3757986 RPD:1
[CH: 50] LEN: 12 | HEX: F2 76 FE E8 65 F9 92 FF 2B 68 AF FD | T:3758016 RPD:1
[CH: 50] LEN: 12 | HEX: F2 76 F4 E7 6A F1 92 FF DA 7F 6F B7 | T:3758046 RPD:1
[CH: 50] LEN: 12 | HEX: F2 76 FE E6 6B F9 92 FD 46 9A AD 5F | T:3758076 RPD:1
[CH: 50] LEN: 12 | HEX: FA 76 F5 E5 68 F9 92 FB 33 94 BF FD | T:3758106 RPD:1
[CH: 50] LEN: 12 | HEX: F6 76 FA E4 69 F9 92 FF 4F 71 AF FF | T:3758136 RPD:1
[CH: 50] LEN: 12 | HEX: FA 76 FE E3 6E F5 92 FF 59 88 BE FD | T:3758166 RPD:1
[CH: 50] LEN: 12 | HEX: FA 76 F6 E2 6F F9 92 EF 05 6D BF FD | T:3758196 RPD:1
[CH: 50] LEN: 12 | HEX: FA 76 FE E1 6C F9 92 FF 70 63 AF AE | T:3758226 RPD:1
[CH: 50] LEN: 12 | HEX: F2 76 FE E0 6D F9 92 FF AC 86 AF FF | T:3758256 RPD:1
[CH: 50] LEN: 12 | HEX: FA 76 F4 DE 52 F1 92 FF 39 96 BF D7 | T:3758286 RPD:1
[CH: 50] LEN: 12 | HEX: FA 76 FE F4 73 F9 92 F7 BE 89 BF F9 | T:3758316 RPD:1
[CH: 50] LEN: 12 | HEX: FA 76 FE FD 70 F9 92 FF AB 87 7F FD | T:3758319 RPD:1
[CH: 50] LEN: 12 | HEX: F2 76 FE FC 71 D9 92 FF 77 62 AF FE | T:3758323 RPD:1
[CH: 50] LEN: 12 | HEX: FA 76 FE FB 76 F9 92 FB 41 9B EF FF | T:3758334 RPD:1
[CH: 50] LEN: 12 | HEX: F2 76 FE FA 77 71 92 FF 9D 7D BF DF | T:3758335 RPD:1
[CH: 50] LEN: 12 | HEX: FA 76 FE F9 74 F1 92 FF 48 70 AB FF | T:3758346 RPD:1
[CH: 50] LEN: 12 | HEX: FA 76 FE F8 75 F5 92 FD B4 95 AF DB | T:3758346 RPD:1
[CH: 50] LEN: 12 | HEX: F2 76 FA F7 7A F1 92 FD 85 82 BF FF | T:3758369 RPD:1
[CH: 50] LEN: 12 | HEX: FA 76 FE F6 7B F9 92 F7 59 67 AF FD | T:3758399 RPD:1
[CH: 50] LEN: 12 | HEX: EA 76 FE ED 78 E9 92 EF 2C 69 BB DF | T:3758429 RPD:1
[CH: 50] LEN: 12 | HEX: FA 76 FD F4 79 D1 92 FF A0 8C AB 5D | T:3758459 RPD:1
[CH: 50] LEN: 12 | HEX: FA 76 FE F3 7E F9 92 F7 A6 75 AD 7E | T:3758489 RPD:1
[CH: 50] LEN: 12 | HEX: FA 76 FE F2 75 F9 92 FA 1A 90 AF BA | T:3758519 RPD:1
[CH: 50] LEN: 12 | HEX: FA 76 FA F1 7C F5 92 FB 6E 9E BB DF | T:3758549 RPD:1
[CH: 50] LEN: 12 | HEX: FA 76 FC F0 79 D9 92 FF 73 7B AF 75 | T:3758579 RPD:1
[CH: 50] LEN: 12 | HEX: F2 76 FE EF 62 ED 92 F7 1D 91 AF 6F | T:3758609 RPD:1
[CH: 50] LEN: 12 | HEX: FA 76 F4 EE 63 F9 92 FF A1 74 BE FC | T:3758639 RPD:1
[CH: 50] LEN: 12 | HEX: FA 76 FE ED 60 F1 92 FB 34 7A AF 7B | T:3758669 RPD:1
[CH: 50] LEN: 12 | HEX: F2 76 FE EC 61 E9 92 FF 68 9E AD FD | T:3758699 RPD:1
[CH: 50] LEN: 12 | HEX: F2 76 FE EB 66 F9 92 FF 5E 66 BD BF | T:3758729 RPD:1
[CH: 50] LEN: 12 | HEX: FA 76 F6 EA 67 F9 92 FF 82 83 FF FF | T:3758759 RPD:1
[CH: 50] LEN: 12 | HEX: F2 76 FE E8 65 D5 92 F6 2B 68 BF FB | T:3758819 RPD:1
[CH: 50] LEN: 12 | HEX: FA 76 FE E7 6A F9 92 F7 5A 7F 3F FB | T:3758849 RPD:1
[CH: 50] LEN: 12 | HEX: F2 76 FE E6 6B F9 92 FE 46 9A AE DE | T:3758879 RPD:1
[CH: 50] LEN: 12 | HEX: FA 76 FE E5 68 E9 92 EE B3 94 A5 AC | T:3758909 RPD:1
[CH: 50] LEN: 12 | HEX: F2 76 FE E4 69 FD 92 FF 4F 71 BE BD | T:3758939 RPD:1
[CH: 50] LEN: 12 | HEX: FA 76 F4 E3 6E F1 92 FF B9 88 AE EF | T:3758969 RPD:1
[CH: 50] LEN: 12 | HEX: FA 76 FE E2 6F B9 92 FF 05 6D BE BF | T:3758999 RPD:1
[CH: 50] LEN: 12 | HEX: EA 76 FE E1 6C F9 92 FE 70 63 FA AF | T:3759029 RPD:1
[CH: 50] LEN: 12 | HEX: FA 76 F6 E0 6D E9 92 FF 6C 86 BA FB | T:3759059 RPD:1
[CH: 50] LEN: 12 | HEX: FA 76 FE DE 52 F9 92 FF 3D 96 BD FB | T:3759089 RPD:1
[CH: 50] LEN: 12 | HEX: F2 76 FE F5 73 E9 92 F7 3E 89 BF 7F | T:3759119 RPD:1
[CH: 50] LEN: 12 | HEX: FA 76 FE F5 70 F1 92 FF AB 87 AF FF | T:3759123 RPD:1
[CH: 50] LEN: 12 | HEX: F2 76 F6 FC 71 F9 92 FD 77 62 AB 7F | T:3759126 RPD:1
[CH: 50] LEN: 12 | HEX: FA 76 FE FB 76 E9 92 FD 41 9B BF A5 | T:3759137 RPD:1
[CH: 50] LEN: 12 | HEX: F2 76 FE FA 77 75 92 FF 5D 7E BB F6 | T:3759137 RPD:1
[CH: 50] LEN: 12 | HEX: FA 76 F6 F1 74 F9 92 FF 48 70 BF FD | T:3759148 RPD:1
[CH: 50] LEN: 12 | HEX: F2 76 FA F8 75 F9 92 FF 34 95 AE DD | T:3759149 RPD:1
[CH: 50] LEN: 12 | HEX: FA 76 FE F7 7A F9 92 FF 45 82 AB FF | T:3759172 RPD:1
[CH: 50] LEN: 12 | HEX: EE 76 F6 F6 7B D5 92 EA 59 67 3B FB | T:3759202 RPD:1
[CH: 50] LEN: 12 | HEX: FA 76 FE F5 70 F1 92 EE AC 69 AF FF | T:3759232 RPD:1
[CH: 50] LEN: 12 | HEX: F2 76 FE F4 79 E9 92 FB 50 8C AD FF | T:3759262 RPD:1
[CH: 50] LEN: 12 | HEX: F2 76 EA F3 7E F9 92 F5 C6 75 AF BF | T:3759292 RPD:1
[CH: 50] LEN: 12 | HEX: F2 76 F6 F2 7F A9 92 FF 1A 90 BD FD | T:3759322 RPD:1
[CH: 50] LEN: 12 | HEX: FA 76 F4 E1 78 F9 92 EF 6F 1C AF FB | T:3759352 RPD:1
[CH: 50] LEN: 12 | HEX: F2 76 F4 F0 7D F9 92 F7 B3 73 FE FF | T:3759382 RPD:1
[CH: 50] LEN: 12 | HEX: F2 76 F6 EF 62 F9 92 F5 1D 91 AB FE | T:3759412 RPD:1
[CH: 50] LEN: 12 | HEX: FA 76 EA EE 63 F9 B2 FF A1 74 AD FD | T:3759442 RPD:1
[CH: 50] LEN: 12 | HEX: F2 76 F6 ED 60 F1 92 FF 74 7A BF FF | T:3759472 RPD:1
[CH: 50] LEN: 12 | HEX: EA 76 F6 EB 66 F5 92 F7 5E 66 A7 FF | T:3759532 RPD:1
[CH: 50] LEN: 12 | HEX: FA 76 FE EA 67 F9 92 FF 82 83 AF 7E | T:3759562 RPD:1
[CH: 50] LEN: 12 | HEX: FA 76 FE E9 64 F9 92 EF 77 8D BF BF | T:3759592 RPD:1
[CH: 50] LEN: 12 | HEX: F2 76 FE E8 65 F9 92 FF 2B 68 BD D7 | T:3759622 RPD:1
[CH: 50] LEN: 12 | HEX: F2 76 FA E7 6A F1 92 FF 3A 7F AE F6 | T:3759652 RPD:1
[CH: 50] LEN: 12 | HEX: FA 76 FE E5 68 F1 92 FF 33 D4 AF EF | T:3759712 RPD:1
[CH: 50] LEN: 12 | HEX: F2 76 FA E4 69 F9 92 FF DF 71 AF EE | T:3759742 RPD:1
[CH: 50] LEN: 12 | HEX: F2 76 FE E3 6E F1 92 FF D9 88 BF BF | T:3759772 RPD:1
[CH: 50] LEN: 12 | HEX: F2 76 FE E2 6F B9 92 FF 05 6D AF BE | T:3759801 RPD:1
[CH: 50] LEN: 12 | HEX: FA 76 FE E1 6C ED 92 FF 70 63 BF B5 | T:3759831 RPD:1
[CH: 50] LEN: 12 | HEX: F2 76 FE E0 6D F9 92 FF AC 86 BF FF | T:3759861 RPD:1
[CH: 50] LEN: 12 | HEX: FA 76 FE DF 52 F1 92 FB 3D 96 AF EF | T:3759891 RPD:1
[CH: 50] LEN: 12 | HEX: F2 76 FE EE 73 DD 92 FF 9E 89 B6 FF | T:3759921 RPD:1
[CH: 50] LEN: 12 | HEX: FA 76 F6 F5 70 F9 92 FF AB 87 AE FC | T:3759925 RPD:1
[CH: 50] LEN: 12 | HEX: FA 76 FE FA 71 F1 92 FF 77 62 BF B7 | T:3759929 RPD:1
[CH: 50] LEN: 12 | HEX: FA 76 FD FB 7E F9 92 FF 41 9B FE EF | T:3759940 RPD:1
[CH: 50] LEN: 12 | HEX: F2 76 F6 F2 77 F9 92 F7 1D 7C AD DF | T:3759941 RPD:0
[CH: 50] LEN: 12 | HEX: FA 76 FE F1 74 ED 92 FF A8 70 B5 BF | T:3759952 RPD:1
[CH: 50] LEN: 12 | HEX: FA 76 FE F0 75 F9 92 FF 34 95 AE FB | T:3759952 RPD:1
[CH: 50] LEN: 12 | HEX: FA 76 F6 F7 7A F1 92 FE C5 82 BF DD | T:3759974 RPD:1
[CH: 50] LEN: 12 | HEX: FA 76 FC F6 7B F9 92 F7 59 67 BF FF | T:3760004 RPD:1
[CH: 50] LEN: 12 | HEX: FA 76 F6 E5 78 F9 92 FF 2C 69 BE FF | T:3760034 RPD:1
[CH: 50] LEN: 12 | HEX: FA 76 FE F4 79 F1 92 FF A0 8C BF 77 | T:3760064 RPD:1
[CH: 50] LEN: 12 | HEX: F2 76 F6 F2 7D E9 92 FF 1A 90 AF FF | T:3760124 RPD:1
[CH: 50] LEN: 12 | HEX: FA 76 FE F1 7A F9 92 FB 6F 1E AF FF | T:3760154 RPD:1
[CH: 50] LEN: 12 | HEX: F2 76 F6 F0 7D F9 92 FF F3 7B AF EF | T:3760184 RPD:1
[CH: 50] LEN: 12 | HEX: FA 76 FE EF 62 F9 92 FF 1D 91 BF EE | T:3760214 RPD:1
[CH: 50] LEN: 12 | HEX: F2 76 FE EE 63 E9 92 FF C1 74 AF 75 | T:3760244 RPD:1
[CH: 50] LEN: 12 | HEX: FA 76 F6 ED 60 F1 92 FF B4 7A BF FB | T:3760274 RPD:1
[CH: 50] LEN: 12 | HEX: FA 76 F6 EC 61 F9 92 FF 68 9F AE BF | T:3760304 RPD:1
[CH: 50] LEN: 12 | HEX: FA 76 F6 EB 66 F9 92 F7 5E 66 BD FF | T:3760334 RPD:1
[CH: 50] LEN: 12 | HEX: F2 76 FA EA 67 79 92 FF 82 83 BD FF | T:3760364 RPD:1
[CH: 50] LEN: 12 | HEX: F2 76 FE E9 64 F5 92 FF 57 8D AF FF | T:3760394 RPD:1
[CH: 50] LEN: 12 | HEX: FA 76 FE E8 65 F9 92 FF 2B 68 AF FF | T:3760424 RPD:1
[CH: 50] LEN: 12 | HEX: F2 76 F6 E7 EA F1 92 FF 9A 7B BE FF | T:3760454 RPD:1
[CH: 50] LEN: 12 | HEX: F2 76 F4 E6 6B F1 92 FF 46 9A BF BB | T:3760484 RPD:1
[CH: 50] LEN: 12 | HEX: F2 76 F6 E5 68 E9 92 EA B3 94 BF FF | T:3760514 RPD:1
[CH: 50] LEN: 12 | HEX: FA 76 FE E4 69 F9 92 FF 4F 71 BF FE | T:3760544 RPD:1
[CH: 50] LEN: 12 | HEX: FA 76 FE E3 6E F9 92 FF B9 88 AF 7B | T:3760574 RPD:1
[CH: 50] LEN: 12 | HEX: F2 76 FE E2 6F 79 92 FF 05 6D BD FF | T:3760604 RPD:1
[CH: 50] LEN: 12 | HEX: F2 76 F5 E1 6C F9 92 FF 70 63 FB DF | T:3760634 RPD:1
[CH: 50] LEN: 12 | HEX: F2 76 FE F0 6D F9 92 FB 6C 86 BF ED | T:3760664 RPD:1
[CH: 50] LEN: 12 | HEX: F2 76 FE DF 52 F9 92 F6 3D 96 AF EF | T:3760694 RPD:1
[CH: 50] LEN: 12 | HEX: F6 76 FE FE 73 E9 92 FB DE 89 AF FF | T:3760724 RPD:1
[CH: 50] LEN: 12 | HEX: FA 76 FE FD 70 F1 92 FE EB 87 AF FF | T:3760728 RPD:1
[CH: 50] LEN: 12 | HEX: F2 76 FE FC 71 F9 92 FF 77 62 AB FF | T:3760732 RPD:1
[CH: 50] LEN: 12 | HEX: F6 76 EE FB 76 F9 92 FF 41 9B FF 7D | T:3760743 RPD:1
[CH: 50] LEN: 12 | HEX: FA 76 FA FA 77 D9 92 FF DD 7C BD FF | T:3760743 RPD:0
[CH: 50] LEN: 12 | HEX: FA 76 F4 F9 74 E9 92 FF 98 70 BF 7D | T:3760755 RPD:1
[CH: 50] LEN: 12 | HEX: F2 76 FE F8 75 F9 92 FF B4 95 BF 7F | T:3760755 RPD:1
[CH: 50] LEN: 12 | HEX: F2 76 FE F7 7A F1 92 F7 05 82 BD FD | T:3760777 RPD:1
[CH: 50] LEN: 12 | HEX: FA 76 F6 F6 7B F9 92 FF 59 67 AF B7 | T:3760807 RPD:1
[CH: 50] LEN: 12 | HEX: FA 76 FE F5 78 F9 92 FF 2C 69 AF FF | T:3760837 RPD:1
[CH: 50] LEN: 12 | HEX: F6 76 FA F4 79 E9 92 FF 50 8C BF FF | T:3760867 RPD:1
[CH: 50] LEN: 12 | HEX: FA 76 F6 F3 7E F9 92 FB 46 75 BE FB | T:3760897 RPD:1
[CH: 50] LEN: 12 | HEX: F2 76 FE F2 7D A9 92 F7 1A 90 BF FD | T:3760927 RPD:1
[CH: 50] LEN: 12 | HEX: FA 76 FA F1 7C F9 92 FF 6F 9E BD DB | T:3760957 RPD:1
[CH: 50] LEN: 12 | HEX: FA 76 F6 F0 79 F9 92 FF 33 7B AB DF | T:3760987 RPD:1
[CH: 50] LEN: 12 | HEX: FA 76 FA EF 62 F1 92 FB 1D 91 BF FF | T:3761017 RPD:1
[CH: 50] LEN: 12 | HEX: FA 76 FE EE 63 D9 92 F7 A1 74 BF BF | T:3761047 RPD:1
[CH: 50] LEN: 12 | HEX: F2 76 FA ED 60 F1 92 FF B4 7A BF DF | T:3761077 RPD:1
[CH: 50] LEN: 12 | HEX: FA 76 FE EC 61 F5 92 FB 68 9F BB FF | T:3761107 RPD:1
[CH: 50] LEN: 12 | HEX: FA 76 FE EB 66 F9 92 FF 5E 66 AB B1 | T:3761137 RPD:1
[CH: 50] LEN: 12 | HEX: F2 76 FE EA 67 F9 92 EF 42 83 BA EF | T:3761167 RPD:1
[CH: 50] LEN: 12 | HEX: F2 76 FA E8 65 F9 92 FA 2B 68 AE BF | T:3761227 RPD:1
[CH: 50] LEN: 12 | HEX: FA 76 FE E7 6A F9 92 FE DA 7F AF FD | T:3761257 RPD:1
[CH: 50] LEN: 12 | HEX: F2 76 FE E6 6B F9 92 FF 46 9A AF BD | T:3761287 RPD:1
[CH: 50] LEN: 12 | HEX: F2 76 F4 E5 68 E9 92 FF 33 94 AD 5F | T:3761317 RPD:1
[CH: 50] LEN: 12 | HEX: F2 76 F6 E4 69 E9 92 FB 4F 71 AD FF | T:3761347 RPD:1
[CH: 50] LEN: 12 | HEX: F2 76 FE E3 6E F9 92 FF B9 88 BE FF | T:3761377 RPD:1
[CH: 50] LEN: 12 | HEX: F2 76 FE E2 6F F9 92 F7 05 6D AF FE | T:3761407 RPD:1
[CH: 50] LEN: 12 | HEX: EA 76 FE E1 6C F1 92 F7 70 63 FF F7 | T:3761437 RPD:1
[CH: 50] LEN: 12 | HEX: F2 76 FE DF 52 F9 92 FD 3D 96 AD DF | T:3761496 RPD:1
[CH: 50] LEN: 12 | HEX: F2 76 F6 ED 73 F9 92 F7 3E 89 BD EF | T:3761526 RPD:1
[CH: 50] LEN: 12 | HEX: FA 76 FE ED 70 F1 92 EB 6B 87 AF DF | T:3761530 RPD:1
[CH: 50] LEN: 12 | HEX: F2 76 FE FC 71 F9 92 F6 F7 62 BD 7B | T:3761533 RPD:1
[CH: 50] LEN: 12 | HEX: FA 76 FA F3 76 F1 92 FF C1 9B AE FF | T:3761544 RPD:1
[CH: 50] LEN: 12 | HEX: F2 76 F6 FA 77 F9 92 FF 5D 7C BB FB | T:3761545 RPD:0
[CH: 50] LEN: 12 | HEX: FA 76 FE ED 74 E9 92 F7 48 70 BF FB | T:3761556 RPD:1
[CH: 50] LEN: 12 | HEX: FA 76 FE F4 75 F9 92 F7 34 95 B7 BF | T:3761556 RPD:1
[CH: 50] LEN: 12 | HEX: F2 76 FE F7 7A F1 92 FF 85 82 BB 76 | T:3761577 RPD:1
[CH: 50] LEN: 12 | HEX: FA 76 FE F6 7B F9 92 FF 59 67 BB FD | T:3761607 RPD:1
[CH: 50] LEN: 12 | HEX: F2 76 F6 F5 70 E9 92 FF 2C 69 AF DB | T:3761637 RPD:1
[CH: 50] LEN: 12 | HEX: FA 76 FE F4 71 F9 92 FF A0 8C AF FF | T:3761667 RPD:1
[CH: 50] LEN: 12 | HEX: FA 76 F4 F3 7D F9 92 FD 86 75 AF FF | T:3761697 RPD:1
[CH: 50] LEN: 12 | HEX: FA 76 FE F2 7B 59 92 FF 1A 90 BF FF | T:3761727 RPD:1
[CH: 50] LEN: 12 | HEX: F2 76 FE F1 7A F9 92 FB 6F 9E AF FF | T:3761757 RPD:1
[CH: 50] LEN: 12 | HEX: FA 76 FF F0 7D F5 92 FF B7 7B BF F7 | T:3761787 RPD:1
[CH: 50] LEN: 12 | HEX: FA 76 FE EF 62 F5 92 FF 1D 91 AF FF | T:3761817 RPD:1
[CH: 50] LEN: 12 | HEX: F2 76 F4 EE 63 F9 92 F7 21 74 BF FB | T:3761847 RPD:1
[CH: 50] LEN: 12 | HEX: FA 76 F6 ED 60 F1 92 EF 74 7A AF FF | T:3761877 RPD:1
[CH: 50] LEN: 12 | HEX: F2 76 FA EC 61 E9 92 FF 68 9F BE BB | T:3761907 RPD:1
[CH: 50] LEN: 12 | HEX: FA 76 F6 EB 66 F9 92 FF 5C 66 BF 7B | T:3761937 RPD:1
[CH: 50] LEN: 12 | HEX: FA 76 FE EA 67 F9 92 FF 42 83 AF BF | T:3761967 RPD:1
[CH: 50] LEN: 12 | HEX: F2 76 FE E9 64 F9 92 FF 57 8D BF BE | T:3761997 RPD:1
[CH: 50] LEN: 12 | HEX: F2 76 FE E8 65 F1 92 FF 2B 68 AD FF | T:3762027 RPD:1
[CH: 50] LEN: 12 | HEX: FA 76 FE E6 6B ED 92 FF 46 9A BF AF | T:3762087 RPD:1
[CH: 50] LEN: 12 | HEX: F2 76 FE E5 68 F1 92 F7 33 94 BE FD | T:3762117 RPD:1
[CH: 50] LEN: 12 | HEX: F2 76 F4 E4 69 F9 92 FF AE 71 AC DF | T:3762147 RPD:1
[CH: 50] LEN: 12 | HEX: FA 76 FE E3 6E F9 92 FF F9 88 BF FD | T:3762177 RPD:1
[CH: 50] LEN: 12 | HEX: FA 76 FE E2 6F E9 92 FE 05 6D BB DF | T:3762207 RPD:1
[CH: 50] LEN: 12 | HEX: FA 76 FE E1 6C F9 92 FE 70 63 BE F7 | T:3762237 RPD:1
[CH: 50] LEN: 12 | HEX: FA 76 FE E0 6D F9 92 FF AC 86 AF FB | T:3762267 RPD:1
[CH: 50] LEN: 12 | HEX: F6 76 FD DE 52 F9 92 FD 3D 96 AF F7 | T:3762297 RPD:1
[CH: 50] LEN: 12 | HEX: F6 76 FE F6 73 F9 92 FF 5E 89 BF FE | T:3762327 RPD:1
[CH: 50] LEN: 12 | HEX: EE 76 FE FD 70 E9 92 ED 6B 87 2F BD | T:3762331 RPD:1
[CH: 50] LEN: 12 | HEX: FA 76 F6 F3 76 F9 92 FF 41 9B FF FF | T:3762338 RPD:1
[CH: 50] LEN: 12 | HEX: FA 76 F6 F1 74 F9 92 FB 48 70 BF F7 | T:3762346 RPD:1
[CH: 50] LEN: 12 | HEX: F2 76 FE F8 75 F9 92 F7 34 95 AB FF | T:3762349 RPD:1
[CH: 50] LEN: 12 | HEX: F2 76 F4 F7 7A F9 92 FF 85 82 AF FF | T:3762379 RPD:1
[CH: 50] LEN: 12 | HEX: FA 76 F6 F6 7B F9 92 FF 59 67 AF ED | T:3762409 RPD:1
[CH: 50] LEN: 12 | HEX: FA 76 F6 F5 70 F9 92 FE 2C 69 BD DF | T:3762439 RPD:1
[CH: 50] LEN: 12 | HEX: FA 76 FA F4 79 E9 92 FF B0 8C BF FD | T:3762469 RPD:1
[CH: 50] LEN: 12 | HEX: F2 76 EA F3 75 F1 92 FB C6 75 AE B7 | T:3762499 RPD:1
[CH: 50] LEN: 12 | HEX: FA 76 F4 F2 7B D9 92 FF 1A 90 BB B7 | T:3762529 RPD:1
[CH: 50] LEN: 12 | HEX: FA 76 F6 F1 7C F9 92 F7 6F 9E AF FB | T:3762559 RPD:1
[CH: 50] LEN: 12 | HEX: F2 76 FA F0 7D F9 92 FF B3 7B AF DF | T:3762589 RPD:1
[CH: 50] LEN: 12 | HEX: FA 76 FE EF 62 F9 92 FF 1D 91 AF BD | T:3762619 RPD:1
[CH: 50] LEN: 12 | HEX: FA 76 F6 EE 63 D1 92 F7 A1 74 AF 72 | T:3762649 RPD:1
[CH: 50] LEN: 12 | HEX: FA 76 FA ED 60 F9 92 F7 34 7A AF D7 | T:3762679 RPD:1
[CH: 50] LEN: 12 | HEX: FA 76 F6 EC 61 D9 92 FB 68 9F BF DF | T:3762709 RPD:1
[CH: 50] LEN: 12 | HEX: FA 76 F6 EB 66 D5 92 FF 5E 66 BE FE | T:3762739 RPD:1
[CH: 50] LEN: 12 | HEX: F2 76 EA EA 67 D1 92 FF C2 83 AD EF | T:3762769 RPD:1
[CH: 50] LEN: 12 | HEX: FA 76 FE E9 64 F9 92 F7 A7 8D AD AF | T:3762799 RPD:1
[CH: 50] LEN: 12 | HEX: FA 76 FA E8 65 F9 92 EF 2B 68 BF DF | T:3762829 RPD:1
[CH: 50] LEN: 12 | HEX: F2 76 FE E7 6A F9 92 FF DA 7F AE FF | T:3762859 RPD:1
[CH: 50] LEN: 12 | HEX: FA 76 F4 E6 6B F9 92 FE 46 9A BF FE | T:3762889 RPD:1
[CH: 50] LEN: 12 | HEX: FA 76 FA E5 68 E9 92 EF 33 94 AF FF | T:3762919 RPD:1
[CH: 50] LEN: 12 | HEX: FA 76 FE E4 69 F1 92 FF 4F 71 BF FD | T:3762949 RPD:1
[CH: 50] LEN: 12 | HEX: F2 76 FE E3 6E F9 92 FE 99 88 AF BF | T:3762979 RPD:1
[CH: 50] LEN: 12 | HEX: F2 76 FE E2 6F FD 92 F7 05 6D AF DF | T:3763009 RPD:1
[CH: 50] LEN: 12 | HEX: FA 76 FE E1 6C E9 92 F7 70 63 BF FF | T:3763039 RPD:1
[CH: 50] LEN: 12 | HEX: F2 76 FE E0 6D F9 92 FF AC 86 BF FE | T:3763068 RPD:1
[CH: 50] LEN: 12 | HEX: F6 76 F6 DF 52 F9 92 FF 3D 96 BD F7 | T:3763098 RPD:1
[CH: 50] LEN: 12 | HEX: FA 76 F6 FE 73 D9 92 FF BE 89 BD F5 | T:3763128 RPD:1
[CH: 50] LEN: 12 | HEX: F2 76 F6 F5 70 E9 92 EE 2B 06 2F D6 | T:3763132 RPD:1
[CH: 50] LEN: 12 | HEX: F2 76 F5 FE 71 F9 92 FF 77 62 AF FF | T:3763136 RPD:1
[CH: 50] LEN: 12 | HEX: F2 76 F6 FB 76 F1 92 FF 41 9B B7 FB | T:3763148 RPD:1
[CH: 50] LEN: 12 | HEX: F6 76 FA FA 77 B9 92 FE 9D 7A BF FF | T:3763148 RPD:1
[CH: 50] LEN: 12 | HEX: F2 76 FA F9 74 F1 92 F7 A8 70 BF 77 | T:3763159 RPD:1
[CH: 50] LEN: 12 | HEX: F2 76 FE F0 75 F9 92 FF 34 95 BF FB | T:3763159 RPD:1
[CH: 50] LEN: 12 | HEX: FA 76 FE F7 7A F9 92 F7 05 82 AB FF | T:3763182 RPD:1
[CH: 50] LEN: 12 | HEX: FA 76 FE F6 7B F9 92 EF 59 67 B7 FF | T:3763212 RPD:1
[CH: 50] LEN: 12 | HEX: FA 76 FE F5 78 E9 92 F7 2C 69 BF 5A | T:3763242 RPD:1
[CH: 50] LEN: 12 | HEX: FA 76 FC F4 79 D9 92 EB 70 8C BF F7 | T:3763272 RPD:1
[CH: 50] LEN: 12 | HEX: EA 76 F6 F3 7A F9 92 FF A6 75 BF FF | T:3763302 RPD:1
[CH: 50] LEN: 12 | HEX: FA 76 FE F2 7F E9 92 FD 1A 90 AF FF | T:3763332 RPD:1
[CH: 50] LEN: 12 | HEX: F2 76 EE F1 78 ED 92 FF 6F 1E AF FF | T:3763362 RPD:1
[CH: 50] LEN: 12 | HEX: F2 76 FE F0 79 F9 92 FF B3 7B AD F6 | T:3763392 RPD:1
[CH: 50] LEN: 12 | HEX: F2 76 FE EF 62 F9 92 FF 1D 91 BF 56 | T:3763422 RPD:1
[CH: 50] LEN: 12 | HEX: FA 76 F4 EE 63 F9 92 F7 A1 74 AD AE | T:3763452 RPD:1
[CH: 50] LEN: 12 | HEX: F2 76 FA ED 60 F9 92 FF 34 7A B7 D6 | T:3763482 RPD:1
[CH: 50] LEN: 12 | HEX: FA 76 F4 EC 61 F9 92 EF 68 9E BA FD | T:3763512 RPD:1
[CH: 50] LEN: 12 | HEX: F6 76 FD EB 66 F9 92 FF 5E 66 BD FB | T:3763542 RPD:1
[CH: 50] LEN: 12 | HEX: EA 76 FA EA 67 F9 92 FF 02 83 BC EE | T:3763572 RPD:1
[CH: 50] LEN: 12 | HEX: F2 76 FE E9 64 F1 92 FF A7 8D BF FF | T:3763602 RPD:1
[CH: 50] LEN: 12 | HEX: FA 76 FE E8 65 F9 92 F5 2B 68 BE F7 | T:3763632 RPD:1
[CH: 50] LEN: 12 | HEX: FA 76 FF E7 6A E9 92 E9 1A 75 3F EE | T:3763662 RPD:1
[CH: 50] LEN: 12 | HEX: F2 76 FE E6 6B D5 92 EF 46 9A B7 ED | T:3763692 RPD:1
[CH: 50] LEN: 12 | HEX: F2 76 FA E5 68 F1 92 FF 33 94 AF FF | T:3763722 RPD:1
[CH: 50] LEN: 12 | HEX: F2 76 FA E4 69 F9 92 FF 6F 71 AF FF | T:3763752 RPD:1
[CH: 50] LEN: 12 | HEX: FA 76 FE E3 6E F9 92 F6 99 88 BE EF | T:3763782 RPD:1
[CH: 50] LEN: 12 | HEX: FA 76 FE E2 6F F9 92 F7 05 6D AF F5 | T:3763812 RPD:1
[CH: 50] LEN: 12 | HEX: F2 76 FE E1 6C F1 92 FF 70 63 BD EB | T:3763842 RPD:1
[CH: 50] LEN: 12 | HEX: F6 76 F6 E0 6D F9 92 FE AC 86 BB B7 | T:3763872 RPD:1
[CH: 50] LEN: 12 | HEX: FA 76 F6 DF 52 F1 92 FF 3D 96 AF F7 | T:3763902 RPD:1
[CH: 50] LEN: 12 | HEX: FA 76 FE FE 73 D9 92 FE DE 89 AF FB | T:3763932 RPD:1
[CH: 50] LEN: 12 | HEX: F2 76 F6 F5 70 F9 92 FB AB 87 3F F6 | T:3763936 RPD:1
[CH: 50] LEN: 12 | HEX: F2 76 FE F4 71 E9 92 ED 77 62 BD FF | T:3763940 RPD:1
[CH: 50] LEN: 12 | HEX: FA 76 FE F3 76 F9 92 FB 41 9B AA DE | T:3763951 RPD:1
[CH: 50] LEN: 12 | HEX: F2 76 F6 F2 77 F9 92 FF DD 7B AF EF | T:3763951 RPD:1
[CH: 50] LEN: 12 | HEX: F2 76 FE F9 74 F1 92 EB 48 70 BF FE | T:3763962 RPD:1
[CH: 50] LEN: 12 | HEX: FA 76 FA F8 75 F9 92 F7 34 95 BE EB | T:3763963 RPD:1
[CH: 50] LEN: 12 | HEX: FA 76 FE F7 7A F9 92 FF 05 82 AF 55 | T:3763986 RPD:1
[CH: 50] LEN: 12 | HEX: FA 76 FE F6 7B F9 92 F5 59 67 B7 DF | T:3764016 RPD:1
[CH: 50] LEN: 12 | HEX: F2 76 F4 F5 78 F5 92 F5 2C 69 AF AF | T:3764046 RPD:1
[CH: 50] LEN: 12 | HEX: FA 76 F6 F4 79 F9 92 EF F0 8C AF 7F | T:3764076 RPD:1
[CH: 50] LEN: 12 | HEX: FA 76 FE F3 7D F9 92 FF A6 75 AE BB | T:3764106 RPD:1
[CH: 50] LEN: 12 | HEX: F2 76 F6 F2 7F A9 92 F7 1A 90 AF FF | T:3764136 RPD:1
[CH: 50] LEN: 12 | HEX: F2 76 FE F1 7C F9 92 F6 EF 1E BF BF | T:3764166 RPD:1
[CH: 50] LEN: 12 | HEX: F2 76 FE F0 79 E9 92 F7 33 7B BF 7F | T:3764196 RPD:1
[CH: 50] LEN: 12 | HEX: F2 76 F4 EF 62 F1 92 F7 1D 91 BD FB | T:3764226 RPD:1
[CH: 50] LEN: 12 | HEX: F2 76 F6 EE 63 B1 92 F7 41 74 BD DB | T:3764256 RPD:1
[CH: 50] LEN: 12 | HEX: FA 76 F6 ED 60 F9 92 FB B4 7A B7 FF | T:3764286 RPD:1
[CH: 50] LEN: 12 | HEX: FA 76 F6 EC 61 FD 92 FE E8 9F 77 FF | T:3764316 RPD:1
[CH: 50] LEN: 12 | HEX: F2 7E FE EB 66 F9 92 FB 5E 66 AF FF | T:3764346 RPD:1
[CH: 50] LEN: 12 | HEX: FA 76 F6 EA 67 79 92 FF 42 83 AF FE | T:3764376 RPD:1
[CH: 50] LEN: 12 | HEX: FA 76 FE E9 64 F9 92 FB DF 8D BF FF | T:3764406 RPD:1
[CH: 50] LEN: 12 | HEX: FA 76 FE E8 65 F9 92 FF 2B 68 AF FF | T:3764435 RPD:1
[CH: 50] LEN: 12 | HEX: FA 76 FE E7 6A F9 92 FE 9A 75 AF F7 | T:3764465 RPD:1
[CH: 50] LEN: 12 | HEX: F2 76 EE E6 6B A9 92 FA 46 9A BD 77 | T:3764495 RPD:1
[CH: 50] LEN: 12 | HEX: FA 76 FE E5 68 F5 92 FB 33 94 BF FB | T:3764525 RPD:1
[CH: 50] LEN: 12 | HEX: FA 76 FE E4 69 F9 92 FF 6F 71 BF FF | T:3764555 RPD:1
[CH: 50] LEN: 12 | HEX: FA 76 F6 E3 6E F9 92 F5 B9 88 B5 FB | T:3764585 RPD:1
[CH: 50] LEN: 12 | HEX: FA 76 F6 E2 6F 79 92 FF 05 6D BF FF | T:3764615 RPD:1
[CH: 50] LEN: 12 | HEX: F2 76 F4 E1 6C F9 92 FF 70 63 AF FF | T:3764645 RPD:1
[CH: 50] LEN: 12 | HEX: FA 76 FE E0 6D F9 92 FF AC 86 AF F7 | T:3764675 RPD:1
[CH: 50] LEN: 12 | HEX: F2 76 FE DE 52 F1 92 F7 3D 96 BF F8 | T:3764705 RPD:1
[CH: 50] LEN: 12 | HEX: FA 76 FA FC 73 F9 92 FA DC 89 BF BB | T:3764735 RPD:1
[CH: 50] LEN: 12 | HEX: FA 76 FE FD 70 F9 92 FF AB 87 3D BB | T:3764739 RPD:1
[CH: 50] LEN: 12 | HEX: F2 76 F4 F8 71 D9 92 EF 77 62 BD FB | T:3764743 RPD:1
[CH: 50] LEN: 12 | HEX: FA 76 FE F3 76 F1 92 FF 41 9B BB FF | T:3764754 RPD:1
[CH: 50] LEN: 12 | HEX: EA 76 FE F2 77 B9 92 FF 9D 7E AF DF | T:3764754 RPD:0
[CH: 50] LEN: 12 | HEX: F2 76 FA F1 74 F1 92 FF 58 70 BF FF | T:3764766 RPD:1
[CH: 50] LEN: 12 | HEX: F2 76 F6 F8 75 D1 92 FE 34 95 AE F5 | T:3764766 RPD:1
[CH: 50] LEN: 12 | HEX: FA 76 FE F7 7A F1 92 FF 85 82 AF 7E | T:3764787 RPD:1
[CH: 50] LEN: 12 | HEX: F2 76 F4 F6 73 E9 92 F5 59 67 AF FF | T:3764817 RPD:1
[CH: 50] LEN: 12 | HEX: F2 76 FE F5 78 F9 92 F7 2C 69 BD FF | T:3764847 RPD:1
[CH: 50] LEN: 12 | HEX: FA 76 FB F4 79 F5 92 FB F0 8C BF 7A | T:3764877 RPD:1
[CH: 50] LEN: 12 | HEX: FA 76 FA F3 7A F1 92 FF A6 75 AF FF | T:3764907 RPD:1
[CH: 50] LEN: 12 | HEX: FA 76 FE F2 7F E9 92 F5 1A 90 B7 7F | T:3764937 RPD:1
[CH: 50] LEN: 12 | HEX: FA 76 FE F1 7C F9 92 F7 6F 9E BF DF | T:3764967 RPD:1
[CH: 50] LEN: 12 | HEX: F2 76 FE F0 7D ED 92 FF 33 7B FF FF | T:3764997 RPD:1
[CH: 50] LEN: 12 | HEX: FA 76 FE EF 62 F9 92 FF 1D 91 BF FD | T:3765027 RPD:1
[CH: 50] LEN: 12 | HEX: F2 76 FE EE 63 D9 92 FD C1 74 AF FF | T:3765057 RPD:1
[CH: 50] LEN: 12 | HEX: FA 76 F6 ED 60 F9 92 FF B4 7A BF FF | T:3765087 RPD:1
[CH: 50] LEN: 12 | HEX: FA 76 F5 EC 61 D5 92 EF 68 9F 3F FF | T:3765117 RPD:1
[CH: 50] LEN: 12 | HEX: F6 76 FA EB 66 F9 92 FF 5E 66 BF E7 | T:3765147 RPD:1
[CH: 50] LEN: 12 | HEX: FA 76 FE EA 67 F9 92 FF 42 83 AF FF | T:3765177 RPD:1
[CH: 50] LEN: 12 | HEX: F2 76 FE E9 64 F1 92 EB E7 8D B7 FF | T:3765207 RPD:1
[CH: 50] LEN: 12 | HEX: FA 76 FE E8 65 E9 92 FF 2B 68 AF FD | T:3765237 RPD:1
[CH: 50] LEN: 12 | HEX: FA 76 FC E7 6A F1 92 EA 9A 7A AB 7F | T:3765267 RPD:1
[CH: 50] LEN: 12 | HEX: FA 76 FE E6 6B E9 92 FF 46 9A BE EF | T:3765297 RPD:1
[CH: 50] LEN: 12 | HEX: F6 76 F6 E5 68 F9 92 FF 33 94 BF FF | T:3765327 RPD:1
[CH: 50] LEN: 12 | HEX: FA 7E FE E4 69 F5 92 EE AF 71 BF F7 | T:3765357 RPD:1
[CH: 50] LEN: 12 | HEX: F2 76 FE E3 6E F9 92 FB 59 88 AF 6F | T:3765387 RPD:1
[CH: 50] LEN: 12 | HEX: F2 76 FE E2 6F 71 B2 F7 05 6D AB FF | T:3765417 RPD:1
[CH: 50] LEN: 12 | HEX: FA 76 F6 E1 6C F1 92 FF 70 63 BF 6D | T:3765447 RPD:1
[CH: 50] LEN: 12 | HEX: FA 76 FE E0 6D E9 92 FF AC 86 BF 7D | T:3765477 RPD:1
[CH: 50] LEN: 12 | HEX: F2 76 FA DD 52 F1 92 EE B9 96 BF EF | T:3765507 RPD:1
[CH: 50] LEN: 12 | HEX: F2 76 FE FE 7B D5 92 F7 7E 89 BB DF | T:3765537 RPD:1
[CH: 50] LEN: 12 | HEX: FA 76 F6 F5 70 F1 92 FB AB C7 BF 7F | T:3765540 RPD:1
[CH: 50] LEN: 12 | HEX: FA 76 FE FC 71 F9 92 F7 77 62 AF AA | T:3765544 RPD:1
[CH: 50] LEN: 12 | HEX: F2 76 FA F3 76 F9 92 FF 41 9B EB FF | T:3765556 RPD:1
[CH: 50] LEN: 12 | HEX: F2 76 FE F2 77 F9 92 F5 9D 7E BF 9F | T:3765556 RPD:0
[CH: 50] LEN: 12 | HEX: F2 76 FE F9 74 F9 92 FF E8 70 AF 6F | T:3765567 RPD:1
[CH: 50] LEN: 12 | HEX: F2 76 F4 F8 75 F9 92 FF 34 95 B6 B3 | T:3765567 RPD:1
[CH: 50] LEN: 12 | HEX: F2 76 EE F7 72 F1 92 FF 45 82 BF FF | T:3765588 RPD:1
[CH: 50] LEN: 12 | HEX: F2 76 FA F6 7B F9 92 FF 59 67 BF 7B | T:3765618 RPD:1
[CH: 50] LEN: 12 | HEX: F2 76 F6 F5 70 F9 92 EF 2C 69 AE FF | T:3765648 RPD:1
[CH: 50] LEN: 12 | HEX: F2 76 FE F4 79 F5 92 FF A0 8C BF FF | T:3765678 RPD:1
[CH: 50] LEN: 12 | HEX: F2 76 F6 F3 7E F1 92 FB C6 75 AB FF | T:3765708 RPD:1
[CH: 50] LEN: 12 | HEX: FA 76 FE F2 7F D1 92 FF 1A 90 AE FF | T:3765738 RPD:1
[CH: 50] LEN: 12 | HEX: F2 76 FE F1 7C F9 92 FD 6F 9C AF FF | T:3765768 RPD:1
[CH: 50] LEN: 12 | HEX: F6 76 FA F0 7D E9 92 FA B3 7B AF BD | T:3765798 RPD:1
[CH: 50] LEN: 12 | HEX: F2 76 FE EE 63 F9 92 FF A1 74 AB 57 | T:3765858 RPD:1
[CH: 50] LEN: 12 | HEX: FA 76 FE EC 61 F5 92 FA 68 9F BB FF | T:3765917 RPD:1
[CH: 50] LEN: 12 | HEX: FA 76 FE EB 66 F5 92 FF 5E 66 AB DE | T:3765947 RPD:1
[CH: 50] LEN: 12 | HEX: FA 76 FE EA 67 F9 92 FF 82 83 AF EA | T:3765977 RPD:1
[CH: 50] LEN: 12 | HEX: F2 76 FE E9 64 E9 92 FB EF 8D AF 3F | T:3766007 RPD:1
[CH: 50] LEN: 12 | HEX: F2 76 FE E8 65 F9 92 FB 2B 68 AD DF | T:3766037 RPD:1
[CH: 50] LEN: 12 | HEX: F2 76 FE E7 6A F1 92 ED 5A 75 5F D9 | T:3766067 RPD:1
[CH: 50] LEN: 12 | HEX: F2 76 FE E6 6B D9 92 F6 46 9A BF BF | T:3766097 RPD:1
[CH: 50] LEN: 12 | HEX: FA 76 F4 E5 68 F9 92 FF 33 94 BE F7 | T:3766127 RPD:1
[CH: 50] LEN: 12 | HEX: FA 76 F4 E4 69 F1 92 F7 DF 71 AF EF | T:3766157 RPD:1
[CH: 50] LEN: 12 | HEX: EA 76 F6 E3 6E F1 92 EB D9 88 BB F7 | T:3766187 RPD:1
[CH: 50] LEN: 12 | HEX: FA 76 FE E2 6F F9 92 FF 05 6D AE FF | T:3766217 RPD:1
[CH: 50] LEN: 12 | HEX: FA 76 FE E1 6C F9 92 FE 70 63 BB FF | T:3766247 RPD:1
[CH: 50] LEN: 12 | HEX: F2 76 FE DF 52 F1 92 FF 3D 96 AF B5 | T:3766307 RPD:1
[CH: 50] LEN: 12 | HEX: FA 76 EA F6 73 D9 92 FB BE 89 BB FE | T:3766337 RPD:1
[CH: 50] LEN: 12 | HEX: F2 76 F6 F5 70 F5 92 FF EB C7 AB EF | T:3766341 RPD:1
[CH: 50] LEN: 12 | HEX: FA 76 FA FC 71 F9 92 FF 77 62 AF FF | T:3766344 RPD:1
[CH: 50] LEN: 12 | HEX: FA 76 F6 FB 76 F1 92 FD 41 9B BF FB | T:3766355 RPD:1
[CH: 50] LEN: 12 | HEX: FA 76 FE F6 77 F9 92 FF 9D 7E BB FF | T:3766355 RPD:1
[CH: 50] LEN: 12 | HEX: FA 76 FE F9 74 F9 92 FF A8 70 BF FF | T:3766367 RPD:1
[CH: 50] LEN: 12 | HEX: F2 76 F6 E8 75 D1 92 FE 34 95 BD BF | T:3766367 RPD:0
[CH: 50] LEN: 12 | HEX: FA 76 FA F7 7A F9 92 FF 45 82 BD 6F | T:3766378 RPD:0
[CH: 50] LEN: 12 | HEX: F2 76 FA F6 7B F9 92 FF 59 67 AC AF | T:3766394 RPD:1
[CH: 50] LEN: 12 | HEX: FA 76 FA F5 78 F5 92 FD 2C 69 BF BF | T:3766424 RPD:1
[CH: 50] LEN: 12 | HEX: F6 76 FE F4 79 F1 92 FF A0 8C BB BB | T:3766454 RPD:1
[CH: 50] LEN: 12 | HEX: F2 76 FE F3 7E F1 92 FF C6 75 AF FF | T:3766484 RPD:1
[CH: 50] LEN: 12 | HEX: F2 76 F6 F2 7F D1 92 FF 1A 90 AF F5 | T:3766514 RPD:1
[CH: 50] LEN: 12 | HEX: F2 76 FE F1 78 F9 92 FE 6F 9E AB FE | T:3766544 RPD:1
[CH: 50] LEN: 12 | HEX: FA 76 FE F0 75 E9 92 FF 73 7B AE FE | T:3766574 RPD:1
[CH: 50] LEN: 12 | HEX: FA 76 F6 EF 62 F9 92 FF 1D 91 AF EF | T:3766604 RPD:1
[CH: 50] LEN: 12 | HEX: F2 76 FE EE 63 F9 92 FF 61 74 AF FA | T:3766634 RPD:1
[CH: 50] LEN: 12 | HEX: FA 76 FE ED 60 F1 92 FF B4 7A AB BD | T:3766664 RPD:1
[CH: 50] LEN: 12 | HEX: FA 76 FA EC 61 E9 92 FF E8 9F BF FD | T:3766694 RPD:1
[CH: 50] LEN: 12 | HEX: FA 76 FE EB 66 F9 92 FB 5E 66 BF F7 | T:3766724 RPD:1
[CH: 50] LEN: 12 | HEX: F2 76 FE EA 67 F9 92 F7 42 83 AF BB | T:3766754 RPD:1
[CH: 50] LEN: 12 | HEX: F6 76 FE E9 64 F9 92 FF 57 8D AE DF | T:3766784 RPD:1
[CH: 50] LEN: 12 | HEX: FA 76 FF E8 65 F9 92 F7 2B 68 BF F5 | T:3766814 RPD:1
[CH: 50] LEN: 12 | HEX: FA 76 F6 E7 6A F9 92 EA 9A 7F BF FE | T:3766844 RPD:1
[CH: 50] LEN: 12 | HEX: F2 76 EE E6 6B F9 92 FE 46 9A BF F7 | T:3766874 RPD:1
[CH: 50] LEN: 12 | HEX: EA 76 F6 E5 68 F9 92 F6 33 94 B7 F7 | T:3766904 RPD:1
[CH: 50] LEN: 12 | HEX: FA 76 FE E4 69 E9 92 F7 CF 71 BF 77 | T:3766934 RPD:1
[CH: 50] LEN: 12 | HEX: F2 76 FE E3 6E ED 92 FF 59 88 BF FB | T:3766963 RPD:1
[CH: 50] LEN: 12 | HEX: FA 76 FE E2 6F 7D 92 F7 05 6D BF 7F | T:3766993 RPD:1
[CH: 50] LEN: 12 | HEX: FA 76 F6 E1 6C F1 92 F5 70 63 AF F7 | T:3767023 RPD:1
[CH: 50] LEN: 12 | HEX: FA 76 FE E0 6D F9 92 FD AC 86 BF 7D | T:3767053 RPD:1
[CH: 50] LEN: 12 | HEX: F2 76 EA DD 52 F1 92 F6 39 96 BB EF | T:3767083 RPD:1
[CH: 50] LEN: 12 | HEX: FA 76 FE FE 73 B9 92 F5 5C 89 AF FF | T:3767113 RPD:1
[CH: 50] LEN: 12 | HEX: FA 76 FE FD 70 F9 92 FF AB 87 BF FF | T:3767117 RPD:1
[CH: 50] LEN: 12 | HEX: FA 76 FA FB 76 F9 92 FF 41 9B BF EF | T:3767125 RPD:1
[CH: 50] LEN: 12 | HEX: FA 76 FE FA 77 F9 92 FF DD 7C AF EF | T:3767129 RPD:1
[CH: 50] LEN: 12 | HEX: F2 76 EA F9 74 F9 92 EF E8 70 BF FF | T:3767140 RPD:1
[CH: 50] LEN: 12 | HEX: FA 76 F6 F0 75 E9 92 FF 34 95 AF FF | T:3767141 RPD:1
[CH: 50] LEN: 12 | HEX: FA 76 F5 F7 7A F9 92 FF 85 82 BF FF | T:3767152 RPD:1
[CH: 50] LEN: 12 | HEX: FA 76 FC F6 7B F9 92 F7 59 67 AD FB | T:3767171 RPD:1
[CH: 50] LEN: 12 | HEX: F6 76 FE F5 74 E9 92 EB 2C 69 BF BD | T:3767201 RPD:1
[CH: 50] LEN: 12 | HEX: F2 76 FE E4 75 D5 92 EE F0 8C BF FF | T:3767231 RPD:1
[CH: 50] LEN: 12 | HEX: FA 76 FE F3 7A F9 92 F7 C6 75 AF FF | T:3767261 RPD:1
[CH: 50] LEN: 12 | HEX: FA 76 FE F2 7F A9 92 FF 1A 90 AF 7F | T:3767291 RPD:1
[CH: 50] LEN: 12 | HEX: FA 76 EA F1 7C F9 92 FF 6F 1E BF FF | T:3767321 RPD:1
[CH: 50] LEN: 12 | HEX: FA 76 FE F0 7D F1 92 FA B3 7B AB 77 | T:3767351 RPD:1
[CH: 50] LEN: 12 | HEX: F2 76 FE EF 62 F9 92 FF 1D 91 AA DF | T:3767381 RPD:1
[CH: 50] LEN: 12 | HEX: F2 76 FE EE 63 F9 92 FF C1 74 BE FF | T:3767411 RPD:1
[CH: 50] LEN: 12 | HEX: FA 76 E9 ED 60 F1 92 FF 34 7A AB FD | T:3767441 RPD:1
[CH: 50] LEN: 12 | HEX: F2 76 FE EC 61 F9 92 FB 68 9E BB FF | T:3767471 RPD:1
[CH: 50] LEN: 12 | HEX: FA 76 F4 EB 66 F1 92 FF 5E 66 BF F7 | T:3767501 RPD:1
[CH: 50] LEN: 12 | HEX: FA 76 FE EA 67 F9 92 F5 02 83 BF FF | T:3767531 RPD:1
[CH: 50] LEN: 12 | HEX: FA 76 FE E9 64 F1 92 FF EE CD AF 5D | T:3767561 RPD:1
[CH: 50] LEN: 12 | HEX: F2 76 FE E8 65 F1 92 EB 2B 68 AF FF | T:3767591 RPD:1
[CH: 50] LEN: 12 | HEX: FA 76 FE E7 6A F1 92 F5 5A 75 2A F5 | T:3767621 RPD:1
[CH: 50] LEN: 12 | HEX: F2 7B FD 00 81 F9 92 FF D3 D0 BE BE | T:3767846 RPD:1
[CH: 50] LEN: 12 | HEX: FA 7B FF 00 81 F9 92 FF D3 F8 BF FB | T:3767847 RPD:1
[CH: 50] LEN: 12 | HEX: F1 77 BB F5 FA 70 92 FF AF E8 BB FF | T:3767877 RPD:1
[CH: 50] LEN: 12 | HEX: F9 77 DC F5 FE 73 92 F7 58 6A AF FF | T:3767880 RPD:1
[CH: 50] LEN: 12 | HEX: F1 77 BA F6 FE 72 92 FF A5 0B AF DB | T:3767883 RPD:1
[CH: 50] LEN: 12 | HEX: F9 77 FD F3 FE 75 92 FF 27 4F 3F EB | T:3767894 RPD:1
[CH: 50] LEN: 12 | HEX: F1 77 EC FA F6 74 92 F7 7A 2E BE DF | T:3767895 RPD:0
[CH: 50] LEN: 12 | HEX: F1 77 BA F1 EA 7F 92 FF 0D AC BE FF | T:3767906 RPD:1
[CH: 50] LEN: 12 | HEX: F1 77 BA F8 FE 76 92 FF 90 CD AF DF | T:3767917 RPD:1
[CH: 50] LEN: 12 | HEX: F9 77 DE FA FE 70 92 FF AF E8 AF EE | T:3767918 RPD:0
[CH: 50] LEN: 12 | HEX: F1 77 FE FB FD 75 92 FF 27 4F 3D B7 | T:3767929 RPD:1
[CH: 50] LEN: 12 | HEX: F9 77 DE F6 FE 70 92 FF 4F E8 BD FF | T:3767929 RPD:0
[CH: 50] LEN: 12 | HEX: F1 77 FE F9 EE 73 92 FF 58 6A B9 FE | T:3767940 RPD:1
[CH: 50] LEN: 12 | HEX: F9 77 BA FA FE 74 92 FB 7A 2F BD BF | T:3767941 RPD:0
[CH: 50] LEN: 12 | HEX: F9 77 BC F9 FA 77 92 FA 0D AC BF DB | T:3767952 RPD:1
[CH: 50] LEN: 12 | HEX: F1 77 B5 FB EA 73 92 F7 58 6A AD EF | T:3767963 RPD:1
[CH: 50] LEN: 12 | HEX: F1 77 D6 FC FA 72 92 FF A5 0B BF F5 | T:3767964 RPD:0
[CH: 50] LEN: 12 | HEX: F9 77 DC F9 F4 77 92 FF 0D AC AF BF | T:3767975 RPD:1
[CH: 50] LEN: 12 | HEX: F9 77 DE FD FD 73 92 F5 58 6A AB F5 | T:3767975 RPD:0
[CH: 50] LEN: 12 | HEX: F1 77 FE F4 F6 72 92 EB 65 0B B5 53 | T:3767986 RPD:1
[CH: 50] LEN: 12 | HEX: F1 77 FD F9 FE 77 92 FE 8D AC AD 7F | T:3767998 RPD:1
[CH: 50] LEN: 12 | HEX: F1 77 BD F8 FE 76 92 FF 90 CD AF FD | T:3767998 RPD:0
[CH: 50] LEN: 12 | HEX: F1 77 D6 F4 FE 72 92 FF 45 0B BF BF | T:3768009 RPD:1
[CH: 50] LEN: 12 | HEX: F9 77 FD F8 FE 76 92 FF 90 CD BA F6 | T:3768010 RPD:0
[CH: 50] LEN: 12 | HEX: F9 77 F6 FA F5 70 92 FF BF E8 BF DF | T:3768021 RPD:1
[CH: 50] LEN: 12 | HEX: F1 77 FF F3 FD 75 92 F6 27 CF BD D5 | T:3768021 RPD:0
[CH: 50] LEN: 12 | HEX: F1 77 FD F2 FE 74 92 F7 BA 2E BF FF | T:3768032 RPD:1
[CH: 50] LEN: 12 | HEX: F1 77 FD F6 F6 78 92 F7 5F 48 BF BB | T:3768044 RPD:1
[CH: 50] LEN: 12 | HEX: F9 77 BD FD EC 73 92 FF 58 6A BF FF | T:3768044 RPD:0
[CH: 50] LEN: 12 | HEX: F9 77 DD FB FE 75 92 FF 27 4F 2F FF | T:3768055 RPD:1
[CH: 50] LEN: 12 | HEX: F9 77 FA FE FE 70 92 F7 AF 58 AF F7 | T:3768055 RPD:0
[CH: 50] LEN: 12 | HEX: F1 77 B4 F9 ED 73 92 F6 58 6A B5 EB | T:3768067 RPD:1
[CH: 50] LEN: 12 | HEX: F9 77 EE EA FE 74 92 FF BA 2E AF DE | T:3768078 RPD:1
[CH: 50] LEN: 12 | HEX: F1 77 FE F9 FE 77 92 FF 0D AC BE DF | T:3768078 RPD:0
[CH: 50] LEN: 12 | HEX: F9 77 FE FD EE 73 92 FF 58 6A AF BF | T:3768090 RPD:1
[CH: 50] LEN: 12 | HEX: F9 77 FD F9 FE 77 92 FF 0D AC AD 7F | T:3768090 RPD:1
[CH: 50] LEN: 12 | HEX: F9 77 FC F8 F6 76 92 FF 50 CD AF BF | T:3768101 RPD:1
[CH: 50] LEN: 12 | HEX: F1 77 BE F4 EE 72 92 F7 45 0B BF FF | T:3768112 RPD:1
[CH: 50] LEN: 12 | HEX: F9 77 DD F3 EC 75 92 F7 27 4F 3F FD | T:3768113 RPD:0
[CH: 50] LEN: 12 | HEX: F9 77 FE F1 FE 77 92 FF 0D AC AD BF | T:3768124 RPD:1
[CH: 50] LEN: 12 | HEX: F9 77 FF FC FE 72 92 FB 45 0B BF FF | T:3768124 RPD:0
[CH: 50] LEN: 12 | HEX: F1 77 DD FB EE 75 92 F7 27 4F BD FF | T:3768136 RPD:1
[CH: 50] LEN: 12 | HEX: F9 77 FE F8 FF 76 92 FD 90 CD BF D7 | T:3768136 RPD:0
[CH: 50] LEN: 12 | HEX: F1 77 BE F6 FA 70 92 EF EF E8 BF BE | T:3768147 RPD:1
[CH: 50] LEN: 12 | HEX: F1 77 D6 F3 EC 75 92 FF 27 4F 3D FF | T:3768158 RPD:1
[CH: 50] LEN: 12 | HEX: F1 77 AF FA FE 74 92 FF BA 2E AB FB | T:3768159 RPD:1
[CH: 50] LEN: 12 | HEX: F1 77 7A FA FC 70 92 F6 AF E8 AE F7 | T:3768170 RPD:1
[CH: 50] LEN: 12 | HEX: F9 77 FE F3 FC 75 92 FF 27 4F 2F FB | T:3768170 RPD:0
[CH: 50] LEN: 12 | HEX: F9 77 FD F2 FA 74 92 FF 7A 2E BD DF | T:3768182 RPD:1
[CH: 50] LEN: 12 | HEX: F9 77 FF FA FE 70 92 FF DF A8 BF FF | T:3768193 RPD:1
[CH: 50] LEN: 12 | HEX: F9 77 FE FD FE 73 92 FD 58 6A AF EF | T:3768193 RPD:0
[CH: 50] LEN: 12 | HEX: F9 77 DD EA EA 74 92 FE BA 2E BB FA | T:3768204 RPD:1
[CH: 50] LEN: 12 | HEX: F9 77 FD FB DE 73 92 F5 58 6A BE F5 | T:3768205 RPD:0
[CH: 50] LEN: 12 | HEX: F1 77 FD F8 F6 72 92 F5 45 0B AF 7D | T:3768216 RPD:1
[CH: 50] LEN: 12 | HEX: F9 77 FC E9 FE 77 92 FF 0D AC BB FF | T:3768216 RPD:0
[CH: 50] LEN: 12 | HEX: F9 77 FD F8 FE 76 92 F7 10 CD B7 FF | T:3768228 RPD:1
[CH: 50] LEN: 12 | HEX: F9 77 DA F9 FE 73 92 F7 58 6A AF FB | T:3768239 RPD:1
[CH: 50] LEN: 12 | HEX: F9 77 FE FC F5 72 92 FF 45 0B BE AF | T:3768239 RPD:0
[CH: 50] LEN: 12 | HEX: F9 77 FD F9 EA 77 92 FF 0D AC BE BF | T:3768250 RPD:1
[CH: 50] LEN: 12 | HEX: F9 77 FD F7 FE 73 92 FF 58 6A AE FF | T:3768251 RPD:0
[CH: 50] LEN: 12 | HEX: F1 77 F9 FC FE 72 92 FF 65 0B BF F7 | T:3768262 RPD:1
[CH: 50] LEN: 12 | HEX: F1 77 BE F1 F6 77 92 FF 0D AC BD FF | T:3768273 RPD:1
[CH: 50] LEN: 12 | HEX: F1 77 AC F8 F4 76 92 FF 90 CD AF FF | T:3768274 RPD:0
[CH: 50] LEN: 12 | HEX: F9 77 FD FA FA 72 92 FF A5 0B EF DF | T:3768285 RPD:1
[CH: 50] LEN: 12 | HEX: F1 77 BB F0 FE 76 92 F7 10 CD BF EF | T:3768285 RPD:0
[CH: 50] LEN: 12 | HEX: F1 77 BD FE FA 70 92 FF AE E8 AD FE | T:3768296 RPD:1
[CH: 50] LEN: 12 | HEX: F1 77 AE FB BA 75 92 FB 27 CF 3D FF | T:3768308 RPD:1
[CH: 50] LEN: 12 | HEX: F1 77 FD F1 F4 77 92 FB 0D AC BF FF | T:3768308 RPD:0
[CH: 50] LEN: 12 | HEX: F9 77 FE F8 F6 76 92 FF 10 CD BF FF | T:3768319 RPD:1
[CH: 50] LEN: 12 | HEX: F9 77 FA FB DC 75 92 FF 67 4F BF FB | T:3768320 RPD:0
[CH: 50] LEN: 12 | HEX: F9 77 FD FA FE 74 92 FF 7A 2E AD FF | T:3768331 RPD:1
[CH: 50] LEN: 12 | HEX: F9 77 FD FE FE 70 92 FF DF E8 AF AE | T:3768331 RPD:0
[CH: 50] LEN: 12 | HEX: F9 77 FD F9 FE 73 92 FF 58 6A BD FD | T:3768342 RPD:1
[CH: 50] LEN: 12 | HEX: F9 77 BC FA FA 74 92 FF BA 2E BB FF | T:3768354 RPD:1
[CH: 50] LEN: 12 | HEX: F9 77 FB F1 FE 77 92 FF 0D AC AF ED | T:3768354 RPD:0
[CH: 50] LEN: 12 | HEX: F9 77 FE FD EE 73 92 F6 58 6A AE D6 | T:3768365 RPD:1
[CH: 50] LEN: 12 | HEX: F9 77 FD F5 F5 77 92 F7 0D AC AD FD | T:3768365 RPD:0
[CH: 50] LEN: 12 | HEX: F9 77 DD F4 FE 76 92 FF 90 CD AF BF | T:3768377 RPD:1
[CH: 50] LEN: 12 | HEX: F1 77 BE FD FE F3 92 FF 58 6A AF BD | T:3768388 RPD:1
[CH: 50] LEN: 12 | HEX: F9 77 DC FC FE 72 92 EA C5 0B AE 7D | T:3768388 RPD:0
[CH: 50] LEN: 12 | HEX: F1 77 FD F9 FE 77 92 F7 0D AC AF BF | T:3768400 RPD:1
[CH: 50] LEN: 12 | HEX: F9 77 FB FC FD 72 92 EA A5 0B AF DF | T:3768400 RPD:0
[CH: 50] LEN: 12 | HEX: F9 7F DE F3 EE 75 92 FF 27 4F AF F7 | T:3768411 RPD:1
[CH: 50] LEN: 12 | HEX: F9 77 BE F0 FE 76 92 F7 50 CD AF EF | T:3768411 RPD:0
[CH: 50] LEN: 12 | HEX: F9 77 FA FE EC 78 92 FF 4F E8 AF FB | T:3768423 RPD:1
[CH: 50] LEN: 12 | HEX: F1 77 B4 F3 FE 75 92 FF 27 4F 2D FE | T:3768434 RPD:1
[CH: 50] LEN: 12 | HEX: F9 77 FD FA FE 74 92 FF BA 2E BF FE | T:3768434 RPD:0
[CH: 50] LEN: 12 | HEX: F1 77 FB FE FE 70 92 F6 AF 58 AF E7 | T:3768446 RPD:1
[CH: 50] LEN: 12 | HEX: F9 77 FA FB FD 75 92 FF 27 4F BF FE | T:3768446 RPD:0
[CH: 50] LEN: 12 | HEX: F1 77 F4 FA FE 74 92 F7 BA 2E BF FF | T:3768457 RPD:1
[CH: 50] LEN: 12 | HEX: F9 77 DC FE F6 70 92 FE AF E8 B5 F5 | T:3768468 RPD:1
[CH: 50] LEN: 12 | HEX: F9 77 FD E9 FE 73 92 EF 58 6A AF DF | T:3768469 RPD:0
[CH: 50] LEN: 12 | HEX: F1 77 DD FA F6 74 92 FF BA 2E BE FF | T:3768480 RPD:1
[CH: 50] LEN: 12 | HEX: F1 77 FE FB FE 73 92 F5 58 6A AF FA | T:3768480 RPD:0
[CH: 50] LEN: 12 | HEX: F1 77 DD FC FA 72 92 FB 45 0B BF DF | T:3768492 RPD:1
[CH: 50] LEN: 12 | HEX: F1 77 FD F9 FE 77 92 FF 0D AC AF 7E | T:3768503 RPD:1
[CH: 50] LEN: 12 | HEX: F1 77 FD F8 F4 76 92 FF 90 CD AF FF | T:3768503 RPD:0
[CH: 50] LEN: 12 | HEX: F1 77 BC FC FA 72 92 F7 45 0B AD 7E | T:3768514 RPD:1
[CH: 50] LEN: 12 | HEX: F9 77 FD F1 FE 77 92 FF 0D AC AF 7F | T:3768515 RPD:0
[CH: 50] LEN: 12 | HEX: F1 77 EE F8 FA 76 92 FF 90 CD AE E7 | T:3768526 RPD:1
[CH: 50] LEN: 12 | HEX: F9 77 AE FC EA 72 92 F7 A5 0B AF FF | T:3768526 RPD:0
[CH: 50] LEN: 12 | HEX: F9 77 DC F6 FE 74 92 FF BA 2E B5 FF | T:3768538 RPD:1
[CH: 50] LEN: 12 | HEX: F9 77 FD F0 FE 76 92 FF D0 CD BF FF | T:3768549 RPD:1
[CH: 50] LEN: 12 | HEX: F1 77 FE FE EE 70 92 F5 CF E8 BA FD | T:3768549 RPD:0
[CH: 50] LEN: 12 | HEX: F9 77 DC F3 FB 75 92 FB 27 4F 27 BB | T:3768560 RPD:1
[CH: 50] LEN: 12 | HEX: F9 77 FF FE FA 70 92 FF AF 68 AF BF | T:3768561 RPD:0
[CH: 50] LEN: 12 | HEX: F9 77 FF FD FE 73 92 FF 58 6A AF FF | T:3768572 RPD:1
[CH: 50] LEN: 12 | HEX: F5 77 B4 F2 FE 74 92 F7 BA 2E BE FE | T:3768583 RPD:1
[CH: 50] LEN: 12 | HEX: F9 77 FD F9 FE 77 92 FF 0D AC BF 5D | T:3768583 RPD:0
[CH: 50] LEN: 12 | HEX: F1 7F FD FE FE 70 92 FF AF E8 AB FD | T:3768595 RPD:1
[CH: 50] LEN: 12 | HEX: F1 77 FF FA FE 74 92 FF 3A 2E BA DF | T:3768595 RPD:0
[CH: 50] LEN: 12 | HEX: F9 77 FD F1 EA 77 92 F7 0D AC AF FF | T:3768606 RPD:1
[CH: 50] LEN: 12 | HEX: F9 77 5C FD FE 73 92 F5 58 6A AF EB | T:3768607 RPD:0
[CH: 50] LEN: 12 | HEX: F1 77 BD F4 FE 7A 92 FF E5 0B BD F7 | T:3768618 RPD:1
[CH: 50] LEN: 12 | HEX: F9 77 BD F5 FE 77 92 F7 0D AC BF FA | T:3768629 RPD:1
[CH: 50] LEN: 12 | HEX: F1 77 DD F4 FE 76 92 FF 90 CD BF FF | T:3768629 RPD:0
[CH: 50] LEN: 12 | HEX: F1 77 FA F6 FE 72 92 FF 85 0B FD 6A | T:3768641 RPD:1
[CH: 50] LEN: 12 | HEX: F1 77 D6 F0 F5 76 92 F5 90 CD BF FF | T:3768641 RPD:0
[CH: 50] LEN: 12 | HEX: F9 7F FD FE F4 70 92 F7 4F 48 BD FE | T:3768652 RPD:1
[CH: 50] LEN: 12 | HEX: F9 77 DB F8 EA 72 92 EA 85 0B AF FF | T:3768664 RPD:1
[CH: 50] LEN: 12 | HEX: E9 77 BD FB BF 75 92 F5 27 4F 7F FF | T:3768664 RPD:0
[CH: 50] LEN: 12 | HEX: F1 77 FD F4 FE 76 92 FF 90 CD AB FF | T:3768675 RPD:1
[CH: 50] LEN: 12 | HEX: F1 77 BB EB B9 75 92 F7 27 4E B5 FF | T:3768675 RPD:0
[CH: 50] LEN: 12 | HEX: F1 77 FE F2 FE 74 92 FF BA 2E BF FF | T:3768687 RPD:1
[CH: 50] LEN: 12 | HEX: F9 77 DE F6 FE 70 92 F7 CF 68 AF FF | T:3768698 RPD:1
[CH: 50] LEN: 12 | HEX: E9 77 FD FD FE 7B 92 FF 58 6A AB DF | T:3768698 RPD:1
[CH: 50] LEN: 12 | HEX: F1 77 B5 FA FE 74 92 FF BA 2E AD EF | T:3768710 RPD:1
[CH: 50] LEN: 12 | HEX: F1 77 FD F4 F5 70 92 FF 5F E8 BF DF | T:3768710 RPD:0
[CH: 50] LEN: 12 | HEX: F9 77 BE F5 FF 73 92 EF 58 6A AA FE | T:3768721 RPD:1
[CH: 50] LEN: 12 | HEX: F5 77 FA F2 EA 7C 92 FB BA 2E BD F7 | T:3768721 RPD:0
[CH: 50] LEN: 12 | HEX: F1 77 BB F1 FE 77 92 F7 0D AC AF FF | T:3768733 RPD:1
[CH: 50] LEN: 12 | HEX: F9 77 FD FD FE 73 92 FF 58 6A BB 6E | T:3768744 RPD:1
[CH: 50] LEN: 12 | HEX: F5 77 FD F4 FE 72 92 EA 85 0B BB BF | T:3768744 RPD:0
[CH: 50] LEN: 12 | HEX: F9 77 FC F9 FE 77 92 FF 0D AC AD D5 | T:3768756 RPD:1
[CH: 50] LEN: 12 | HEX: F9 77 AD F8 FE 72 92 FF C5 0B AF FE | T:3768756 RPD:0
[CH: 50] LEN: 12 | HEX: F9 77 FD F7 FC 75 92 FF A7 CF AB F7 | T:3768767 RPD:1
[CH: 50] LEN: 12 | HEX: F1 77 AE F0 FE 76 92 F5 90 CD BB EA | T:3768778 RPD:1
[CH: 50] LEN: 12 | HEX: F9 77 DE FE FE 70 92 FF DF A8 AF FE | T:3768779 RPD:0
[CH: 50] LEN: 12 | HEX: F9 77 DE F7 FD 75 92 FB 27 4F AE EE | T:3768790 RPD:1
[CH: 50] LEN: 12 | HEX: F1 77 BD F0 FC 76 92 FF 90 CD BF DF | T:3768790 RPD:0
[CH: 50] LEN: 12 | HEX: F1 7F 7D FE FE 70 92 F7 4F 68 BF F5 | T:3768802 RPD:1
[CH: 50] LEN: 12 | HEX: F9 77 BD F3 FD 75 92 F6 27 4E BF FF | T:3768802 RPD:0
[CH: 50] LEN: 12 | HEX: F9 77 FD FA FE 74 92 F7 7A 2E BF EE | T:3768813 RPD:1
[CH: 50] LEN: 12 | HEX: F9 77 BD FE EA 70 92 FF 4F 68 AE FF | T:3768824 RPD:1
[CH: 50] LEN: 12 | HEX: F1 77 AE F9 FE 73 D2 FE 58 6A BE BB | T:3768825 RPD:0
[CH: 50] LEN: 12 | HEX: F1 77 FD F9 FE 77 92 FB 0D AC BE AE | T:3768836 RPD:1
[CH: 50] LEN: 12 | HEX: F1 77 FD FD F6 73 92 FF 58 6A AD 57 | T:3768836 RPD:1
[CH: 50] LEN: 12 | HEX: F1 77 BE F4 EE 72 92 F7 C5 0B AB FF | T:3768847 RPD:1
[CH: 50] LEN: 12 | HEX: F1 77 FE FA FE 74 92 EF 3A 2E AE FB | T:3768859 RPD:1
[CH: 50] LEN: 12 | HEX: F1 77 FE F1 EE 77 92 F5 0D AC AF FF | T:3768859 RPD:0
[CH: 50] LEN: 12 | HEX: F1 77 D6 F9 F6 73 92 F7 58 6A BB 77 | T:3768870 RPD:1
[CH: 50] LEN: 12 | HEX: F1 77 DD F9 F6 77 92 F7 0D AC BB F6 | T:3768871 RPD:0
[CH: 50] LEN: 12 | HEX: F1 77 7A F0 F4 76 92 F7 90 CD B7 7D | T:3768882 RPD:1
[CH: 50] LEN: 12 | HEX: F1 77 FD F8 FA 72 92 FE C5 0B AF 6F | T:3768893 RPD:1
[CH: 50] LEN: 12 | HEX: F5 77 ED FB FD 75 92 FF 27 4F AF F5 | T:3768893 RPD:0
[CH: 50] LEN: 12 | HEX: F9 77 DD F0 FE 76 92 FF 50 CD AF FE | T:3768905 RPD:1
[CH: 50] LEN: 12 | HEX: F9 77 FD F3 FE 75 92 EF 27 4E BE BE | T:3768905 RPD:0
[CH: 50] LEN: 12 | HEX: ED 77 FA F2 FE 74 92 FF 7A 2E AE FD | T:3768916 RPD:1
[CH: 50] LEN: 12 | HEX: F5 77 FA F8 FB 76 92 FF 50 CD BF FE | T:3768917 RPD:0
[CH: 50] LEN: 12 | HEX: F9 77 FA F6 FE 70 92 FB AF A8 AD DF | T:3768928 RPD:1
[CH: 50] LEN: 12 | HEX: F9 77 DD FB FE 75 92 FB 27 4F BE FF | T:3768939 RPD:1
[CH: 50] LEN: 12 | HEX: F1 77 FD F2 F6 74 92 F7 7A 2E AB DF | T:3768939 RPD:0
[CH: 50] LEN: 12 | HEX: F9 77 FA FA FE 70 92 FF DF E8 BF CD | T:3768951 RPD:1
[CH: 50] LEN: 12 | HEX: F1 77 BB F2 FE 74 92 F6 FA 2E AB F7 | T:3768951 RPD:0
[CH: 50] LEN: 12 | HEX: F9 77 FE F1 F6 77 92 FF 0D AC AF F7 | T:3768962 RPD:1
[CH: 50] LEN: 12 | HEX: F1 77 FF FD FE 73 92 FF 58 6A AF FF | T:3768974 RPD:1
[CH: 50] LEN: 12 | HEX: F1 77 B4 F8 FE 72 92 FB 45 0B BF EF | T:3768974 RPD:0
[CH: 50] LEN: 12 | HEX: F1 77 FD F1 FE 77 92 F7 0D AC A7 FF | T:3768985 RPD:1
[CH: 50] LEN: 12 | HEX: F9 77 DD FD FE 73 D2 FF 58 6A BB 6E | T:3768985 RPD:0
[CH: 50] LEN: 12 | HEX: F9 77 D6 EA EE 72 92 F7 85 0B B7 FF | T:3768997 RPD:1
[CH: 50] LEN: 12 | HEX: F9 77 F4 F9 FE 77 92 FF 0D AC AD FD | T:3768997 RPD:0
[CH: 50] LEN: 12 | HEX: F9 77 FC E8 FE 76 92 F7 90 CD AF F7 | T:3769008 RPD:1
[CH: 50] LEN: 12 | HEX: F1 77 DE F8 FE 72 92 F5 85 0B BB FF | T:3769020 RPD:1
[CH: 50] LEN: 12 | HEX: F1 77 AE F3 FE 75 92 FB 27 4F 3E F7 | T:3769020 RPD:0
[CH: 50] LEN: 12 | HEX: F9 77 EC F0 FE 76 92 FF 90 CD AF BF | T:3769031 RPD:1
[CH: 50] LEN: 12 | HEX: F9 77 FF FB FE 75 92 FF 27 4F 3B BF | T:3769031 RPD:0
[CH: 50] LEN: 12 | HEX: F1 77 FD FA FE F4 92 FF 3A 2E AF FF | T:3769043 RPD:1
[CH: 50] LEN: 12 | HEX: F9 77 BD FA FE 70 92 FF AF 68 AF FB | T:3769054 RPD:1
[CH: 50] LEN: 12 | HEX: F9 77 BA FD FE 73 92 FF 58 6A AD FB | T:3769054 RPD:0
[CH: 50] LEN: 12 | HEX: F9 77 BE F3 BC 75 92 F7 27 4F 6F DE | T:3769065 RPD:1
[CH: 50] LEN: 12 | HEX: F1 77 BD FA FE 70 92 F7 EF 48 AF DF | T:3769066 RPD:0
[CH: 50] LEN: 12 | HEX: F9 77 FA F5 D5 73 92 FF 58 6A BE BF | T:3769077 RPD:1
[CH: 50] LEN: 12 | HEX: F9 77 BD EA EA 74 92 F7 7A 2E AB FF | T:3769088 RPD:1
[CH: 50] LEN: 12 | HEX: F1 77 FA F9 FE 77 92 F7 0D AC AE AC | T:3769089 RPD:0
[CH: 50] LEN: 12 | HEX: F9 77 FA FF EE 73 92 F7 58 6A AF D7 | T:3769100 RPD:1
[CH: 50] LEN: 12 | HEX: F1 77 DD F9 F6 77 92 FF 0D AC BE F3 | T:3769100 RPD:0
[CH: 50] LEN: 12 | HEX: F9 77 EC F4 EE 76 92 FF 10 CD AF FF | T:3769111 RPD:1
[CH: 50] LEN: 12 | HEX: F1 77 FB F4 F6 72 92 FF 25 0B BF FF | T:3769112 RPD:0
[CH: 50] LEN: 12 | HEX: F1 77 BC FB FC 75 92 F7 27 4F 2B FF | T:3769123 RPD:1
[CH: 50] LEN: 12 | HEX: F1 77 BD F9 FE 77 92 F7 0D AC AF FF | T:3769134 RPD:1
[CH: 50] LEN: 12 | HEX: F9 77 AD F4 FE 76 92 F7 50 CD AD 6F | T:3769135 RPD:0
[CH: 50] LEN: 12 | HEX: F9 7F BB E8 FE 72 92 EB 45 0B AA AF | T:3769146 RPD:1
[CH: 50] LEN: 12 | HEX: F9 77 BD F8 FE 76 92 FF 90 CD BF EF | T:3769146 RPD:0
[CH: 50] LEN: 12 | HEX: F1 77 BB FE F4 70 92 FF 5F E8 BF EF | T:3769157 RPD:1
[CH: 50] LEN: 12 | HEX: F1 77 FD F3 BF 75 92 F7 27 CF 3F FB | T:3769169 RPD:1
[CH: 50] LEN: 12 | HEX: F1 77 BD FA FE 74 92 F7 BA 2E BB D5 | T:3769169 RPD:1
[CH: 50] LEN: 12 | HEX: F5 77 FC FB FC 70 92 F7 5F E8 AB 5E | T:3769180 RPD:1
[CH: 50] LEN: 12 | HEX: F1 77 BE F3 DE 75 92 FB 27 4F AF DD | T:3769181 RPD:0
[CH: 50] LEN: 12 | HEX: F9 77 FC FA FE 74 92 FB BA 2E AF 7F | T:3769192 RPD:1
[CH: 50] LEN: 12 | HEX: F9 77 DC F6 FA 70 92 FF DF E8 BB EB | T:3769192 RPD:0
[CH: 50] LEN: 12 | HEX: F9 77 FD FD FE 73 92 FF 58 6A AD 9D | T:3769203 RPD:1
[CH: 50] LEN: 12 | HEX: F1 77 A9 F2 FE 74 92 FF FA 2E BD FE | T:3769215 RPD:1
[CH: 50] LEN: 12 | HEX: F9 77 AE F1 FE 77 92 F5 0D AC BD FF | T:3769215 RPD:0
[CH: 50] LEN: 12 | HEX: F9 77 FD F7 FF 73 92 FF 58 6A AF FF | T:3769226 RPD:1
[CH: 50] LEN: 12 | HEX: F1 77 BD F9 FE 7F 92 FF 0D AC AF FD | T:3769227 RPD:0
[CH: 50] LEN: 12 | HEX: F1 77 AD F8 F4 76 92 F7 90 CD BF 7F | T:3769238 RPD:1
[CH: 50] LEN: 12 | HEX: F1 77 BB F4 FA 72 92 EE 85 0B BE FE | T:3769249 RPD:1
[CH: 50] LEN: 12 | HEX: F1 77 BE F3 BD 75 92 F7 27 4F AF EF | T:3769249 RPD:0
[CH: 50] LEN: 12 | HEX: F1 77 BD F8 FC 76 92 FF 90 CD AF FF | T:3769261 RPD:1
[CH: 50] LEN: 12 | HEX: F1 77 BE D4 FE 72 92 F6 A5 0B AD FF | T:3769261 RPD:0
[CH: 50] LEN: 12 | HEX: F9 77 EE FB EE 75 92 F7 27 4F AF FF | T:3769272 RPD:1
[CH: 50] LEN: 12 | HEX: F9 77 FE F8 F4 76 92 F6 90 CD BF FF | T:3769284 RPD:1
[CH: 50] LEN: 12 | HEX: F9 77 FF FE FE 70 92 FB CF E8 AD FF | T:3769284 RPD:0
[CH: 50] LEN: 12 | HEX: F9 77 FA FB DE 75 92 FD 27 4F AF FF | T:3769295 RPD:1
[CH: 50] LEN: 12 | HEX: F9 77 FD FE FE 70 92 FF 4F E8 AF EF | T:3769295 RPD:0
[CH: 50] LEN: 12 | HEX: F1 77 BD FD FE 73 92 FF 58 6A AD FF | T:3769307 RPD:1
[CH: 50] LEN: 12 | HEX: F9 77 BD FA FE 74 92 FF FA 2E AF DF | T:3769307 RPD:1
[CH: 50] LEN: 12 | HEX: B9 77 BE F1 F5 77 92 FF 8D AC AF FF | T:3769318 RPD:1
[CH: 50] LEN: 12 | HEX: F1 77 FC F4 F4 70 92 FF AF 48 AF FF | T:3769329 RPD:1
[CH: 50] LEN: 12 | HEX: F1 77 FA F9 EC 73 92 F5 58 6A AF EF | T:3769330 RPD:0
[CH: 50] LEN: 12 | HEX: F9 77 FA FA FE 74 92 FF BE 2E BD 7E | T:3769341 RPD:1
[CH: 50] LEN: 12 | HEX: F9 77 FB FD ED 73 92 FF D8 6A BD F9 | T:3769341 RPD:0
[CH: 50] LEN: 12 | HEX: F1 77 FD EA EE 72 92 FB 65 0B F7 DF | T:3769353 RPD:1
[CH: 50] LEN: 12 | HEX: F9 77 BB F9 FF 77 92 FF 0D AC BF 7F | T:3769364 RPD:1
[CH: 50] LEN: 12 | HEX: F9 77 BA F0 FE 76 92 F7 50 CD AF 7A | T:3769364 RPD:0
[CH: 50] LEN: 12 | HEX: F9 77 AE FC FE 72 92 F5 C5 0B BF F7 | T:3769375 RPD:1
[CH: 50] LEN: 12 | HEX: F9 77 AD F8 FE 76 92 F7 90 CD BF ED | T:3769376 RPD:0
[CH: 50] LEN: 12 | HEX: F1 77 B9 EE F4 70 92 FB 4E A8 AF FF | T:3769387 RPD:1
[CH: 50] LEN: 12 | HEX: F9 77 FE F6 F6 72 92 EA 85 0B AF FE | T:3769387 RPD:0
[CH: 50] LEN: 12 | HEX: F9 77 FE FB D6 75 92 FF 27 CF AF BF | T:3769399 RPD:1
[CH: 50] LEN: 12 | HEX: F1 77 FD FE F6 70 92 FF AF 68 BF EE | T:3769410 RPD:1
[CH: 50] LEN: 12 | HEX: F9 77 FD F9 FC 73 92 FF 58 6A AE FE | T:3769410 RPD:0
[CH: 50] LEN: 12 | HEX: F1 77 BA EB FC 75 92 F7 27 4F 3F FF | T:3769421 RPD:0
[CH: 50] LEN: 12 | HEX: F9 77 FA 00 00 71 92 FF 50 91 AD F7 | T:3769443 RPD:1
[CH: 50] LEN: 12 | HEX: E9 77 DF 00 00 71 92 FF 50 91 AF FB | T:3769444 RPD:1
[CH: 50] LEN: 12 | HEX: F8 6D F7 00 FE F8 93 FF 78 9A AB FF | T:3769474 RPD:1
[CH: 50] LEN: 12 | HEX: F0 6D EF 00 FC F0 93 DE F8 9A AF 5F | T:3769475 RPD:1
[CH: 50] LEN: 12 | HEX: F1 77 FD 80 00 71 93 FE E3 A0 BF B6 | T:3769743 RPD:1
[CH: 50] LEN: 12 | HEX: F1 77 BD 00 00 71 93 FD 63 A0 AE FF | T:3769744 RPD:1
[CH: 50] LEN: 12 | HEX: F0 6D FE 80 F5 F0 93 FF F0 9A AD EF | T:3769774 RPD:1
[CH: 50] LEN: 12 | HEX: F0 6D FF 00 FE F8 93 FE F4 9A AF DD | T:3769774 RPD:1
[CH: 50] LEN: 12 | HEX: E9 77 DD 00 00 71 93 DE 63 A0 BD FF | T:3770043 RPD:1
[CH: 50] LEN: 12 | HEX: F1 77 AE 80 00 71 93 EF 63 A0 BB DE | T:3770044 RPD:1
[CH: 50] LEN: 12 | HEX: F8 6D F7 00 F6 F8 93 DE F8 9A BF FF | T:3770073 RPD:1
[CH: 50] LEN: 12 | HEX: F8 6D FF 00 FE F8 93 FF 78 9A BF FF | T:3770074 RPD:1
[CH: 50] LEN: 12 | HEX: F1 77 BD 00 00 71 93 FD 63 A0 AF FA | T:3770343 RPD:1
[CH: 50] LEN: 12 | HEX: F9 77 FD 00 00 71 93 FC E3 A0 BE D5 | T:3770343 RPD:1
[CH: 50] LEN: 12 | HEX: F8 6D EE 00 FC F8 93 FD 78 9A BF FF | T:3770373 RPD:1
[CH: 50] LEN: 12 | HEX: F8 6D FF 00 F6 F0 93 DE F0 9A AF FF | T:3770374 RPD:1
[CH: 50] LEN: 12 | HEX: F9 77 FB 00 00 71 93 FD 63 A0 BF DF | T:3770642 RPD:1
[CH: 50] LEN: 12 | HEX: F9 77 5E 00 00 71 93 FD E3 A0 AF 5F | T:3770643 RPD:1
[CH: 50] LEN: 12 | HEX: F8 6D FF 00 FE F0 93 FE F8 9A BF FF | T:3770673 RPD:1
[CH: 50] LEN: 12 | HEX: F0 6D F6 00 FE F8 93 DB 78 9A AE FF | T:3770674 RPD:1
[CH: 50] LEN: 12 | HEX: F9 77 F5 00 00 71 93 FD E3 A0 BF FF | T:3770942 RPD:1
[CH: 50] LEN: 12 | HEX: D1 77 FC 00 00 79 93 DD E3 A0 AF F7 | T:3770943 RPD:1
[CH: 50] LEN: 12 | HEX: F8 6D FF 80 FA F8 93 EA F8 9A AF DF | T:3770973 RPD:1
[CH: 50] LEN: 12 | HEX: F1 77 BD 00 00 71 93 FD E3 A0 BF FF | T:3771242 RPD:1
[CH: 50] LEN: 12 | HEX: F1 77 BA 00 00 71 93 DD 63 A0 BD 77 | T:3771243 RPD:1
[CH: 50] LEN: 12 | HEX: F8 6D F7 00 FA F0 93 F7 78 9A AB FF | T:3771272 RPD:1
[CH: 50] LEN: 12 | HEX: F0 6D FE 00 FE F0 93 BE 78 9A BB DF | T:3771273 RPD:1
[CH: 50] LEN: 12 | HEX: F5 77 FA 00 00 71 93 ED 63 A0 BF DF | T:3771542 RPD:1
[CH: 50] LEN: 12 | HEX: F9 77 ED 00 00 71 93 FE E3 A0 BF F6 | T:3771542 RPD:1
[CH: 50] LEN: 12 | HEX: F4 6D FE 80 FE F0 93 FE F8 9A AF BF | T:3771572 RPD:1
[CH: 50] LEN: 12 | HEX: F8 6D F7 00 FE F8 93 FE F8 9A BF F7 | T:3771573 RPD:1
[CH: 50] LEN: 12 | HEX: F1 77 BD 00 00 71 93 FB 63 E0 AF 7D | T:3771841 RPD:1
[CH: 50] LEN: 12 | HEX: F1 77 DF 00 00 71 93 FE E3 A0 AE FD | T:3771842 RPD:1
[CH: 50] LEN: 12 | HEX: F8 6D FF 00 FA F8 93 FF 78 9A BF 6E | T:3771872 RPD:1
[CH: 50] LEN: 12 | HEX: F8 6D D7 00 FE F0 93 BD FC 9A BE FE | T:3771873 RPD:1
[CH: 50] LEN: 12 | HEX: F1 77 FD 00 00 71 93 FD E3 A0 BB FB | T:3772141 RPD:1
[CH: 50] LEN: 12 | HEX: E9 77 BA 00 00 71 93 DF 63 A0 BF FF | T:3772142 RPD:1
[CH: 50] LEN: 12 | HEX: F8 6D FE 80 FE FC 93 DF 78 9A AC FE | T:3772172 RPD:1
[CH: 50] LEN: 12 | HEX: F0 6D FE 80 FA E8 93 D7 78 9A AE FB | T:3772172 RPD:1
[CH: 50] LEN: 12 | HEX: FA 76 FF 00 8C F8 93 FD 24 75 AF FA | T:3772286 RPD:1
[CH: 50] LEN: 12 | HEX: FA 76 EE 00 8C F8 93 EE 24 75 AF FF | T:3772286 RPD:1
[CH: 50] LEN: 12 | HEX: FA 76 F6 FD 70 F4 93 BA AF 06 BB FF | T:3772320 RPD:1
[CH: 50] LEN: 12 | HEX: F2 76 FE FC 71 E8 93 EF 73 63 BE BF | T:3772324 RPD:1
[CH: 50] LEN: 12 | HEX: FA 76 FE FB 7E F0 93 DE C5 9A BF AF | T:3772328 RPD:1
[CH: 50] LEN: 12 | HEX: F2 76 FE FA 77 F8 93 DD 19 7B BF FF | T:3772339 RPD:1
[CH: 50] LEN: 12 | HEX: FA 76 FE F9 74 F8 93 FD 6C 71 BF 7F | T:3772339 RPD:0
[CH: 50] LEN: 12 | HEX: F2 76 FE F8 75 F0 93 DF 30 94 BB ED | T:3772351 RPD:1
[CH: 50] LEN: 12 | HEX: F2 76 F6 F7 7A F8 93 DE 81 83 FF EB | T:3772351 RPD:1
[CH: 50] LEN: 12 | HEX: F2 76 F6 F6 73 F8 93 DE 5D 66 BF FF | T:3772371 RPD:1
[CH: 50] LEN: 12 | HEX: EA 76 FE F5 78 F0 93 FD 28 68 AF FF | T:3772401 RPD:1
[CH: 50] LEN: 12 | HEX: EE 76 F6 F4 79 D8 93 DE B4 8D AD FB | T:3772431 RPD:1
[CH: 50] LEN: 12 | HEX: F2 76 FE F3 7C F0 93 DD 42 74 AF BE | T:3772461 RPD:1
[CH: 50] LEN: 12 | HEX: F2 76 FE F2 76 A8 93 BA 1E 91 AF F7 | T:3772491 RPD:1
[CH: 50] LEN: 12 | HEX: FA 76 FE F1 7C F0 93 FD 6B BD 77 FF | T:3772521 RPD:1
[CH: 50] LEN: 12 | HEX: EA 76 FC F0 75 F8 93 DD 37 7A AF F7 | T:3772551 RPD:1
[CH: 50] LEN: 12 | HEX: FA 76 FE EF 62 F8 93 EF 19 90 AE DF | T:3772581 RPD:1
[CH: 50] LEN: 12 | HEX: FA 76 FE EE 63 F8 93 FE C5 75 BF 77 | T:3772611 RPD:1
[CH: 50] LEN: 12 | HEX: F6 76 EA ED 60 F0 93 FB B0 7B AE BF | T:3772641 RPD:1
[CH: 50] LEN: 12 | HEX: F2 76 FB EC 61 D0 93 FE EC 9E BE FF | T:3772671 RPD:1
[CH: 50] LEN: 12 | HEX: EA 76 FA EB 66 EC 93 FE DA 67 AF FF | T:3772701 RPD:1
[CH: 50] LEN: 12 | HEX: FA 76 FE EA 67 F4 93 FD 06 82 BD FF | T:3772731 RPD:1
[CH: 50] LEN: 12 | HEX: F2 76 FE E9 64 F0 93 FD 73 8C AF FF | T:3772761 RPD:1
[CH: 50] LEN: 12 | HEX: FA 76 F6 E8 65 E8 93 DA AF 69 BF FF | T:3772791 RPD:1
[CH: 50] LEN: 12 | HEX: F2 76 FE E7 6A E8 93 A8 1C 76 AD F7 | T:3772821 RPD:1
[CH: 50] LEN: 12 | HEX: FA 76 FE E6 6B F8 93 FE C2 9B EE DC | T:3772850 RPD:1
[CH: 50] LEN: 12 | HEX: EE 76 F6 E5 68 F0 93 FE B7 15 BF 77 | T:3772880 RPD:1
[CH: 50] LEN: 12 | HEX: F2 76 FE E4 69 F8 93 DA EB 70 BF FF | T:3772910 RPD:1
[CH: 50] LEN: 12 | HEX: FA 76 FA E3 6E F0 93 FD 5D 89 BD 7D | T:3772940 RPD:1
[CH: 50] LEN: 12 | HEX: F2 76 FE E2 6F F4 93 DF 81 6C AF D5 | T:3772970 RPD:1
[CH: 50] LEN: 12 | HEX: FA 76 FE E1 6C F8 93 FE F4 62 BF FD | T:3773000 RPD:1
[CH: 50] LEN: 12 | HEX: F2 76 FE E0 6D F8 93 F7 28 87 BB FF | T:3773030 RPD:1
[CH: 50] LEN: 12 | HEX: F2 76 FD DE 52 F8 93 9F B9 97 AF D7 | T:3773060 RPD:1
[CH: 50] LEN: 12 | HEX: EA 76 FE EE 73 D8 93 FE 9A 88 BF DF | T:3773090 RPD:1
[CH: 50] LEN: 12 | HEX: FA 76 FE FD 70 E8 93 FA AE 86 AF EF | T:3773094 RPD:1
[CH: 50] LEN: 12 | HEX: FA 76 FE FC 71 F8 93 FE F3 63 BF EF | T:3773098 RPD:1
[CH: 50] LEN: 12 | HEX: FA 76 FE EF 76 F8 93 FA 45 9A AF FF | T:3773109 RPD:1
[CH: 50] LEN: 12 | HEX: F2 76 F6 F2 77 A8 93 D5 19 7F AF FF | T:3773109 RPD:0
[CH: 50] LEN: 12 | HEX: F2 76 FE F9 74 F0 93 DF EC 71 AF FE | T:3773121 RPD:1
[CH: 50] LEN: 12 | HEX: FA 76 F5 F8 75 F0 93 AF 30 94 BF FF | T:3773121 RPD:0
[CH: 50] LEN: 12 | HEX: FA 76 F6 F7 7A F8 93 D7 81 83 AF FF | T:3773132 RPD:0
[CH: 50] LEN: 12 | HEX: F2 76 FA F6 7B D8 93 FE DD 66 AF FF | T:3773147 RPD:1
[CH: 50] LEN: 12 | HEX: F2 76 FE F5 78 F8 93 FE A8 68 BF ED | T:3773177 RPD:1
[CH: 50] LEN: 12 | HEX: FA 76 FE F4 79 F8 93 FD F4 8D BF FB | T:3773207 RPD:1
[CH: 50] LEN: 12 | HEX: FA 76 FE F3 7E F8 93 FE 82 74 BF FF | T:3773237 RPD:1
[CH: 50] LEN: 12 | HEX: F2 76 F6 E2 7B 58 93 FD 9E 91 AF F6 | T:3773267 RPD:1
[CH: 50] LEN: 12 | HEX: FA 76 F6 F1 7C F8 93 FE EB 9E BF BF | T:3773297 RPD:1
[CH: 50] LEN: 12 | HEX: EA 7E F6 E0 79 F8 93 AE 77 7A AF DD | T:3773327 RPD:1
[CH: 50] LEN: 12 | HEX: FA 76 FA EE 63 F8 93 FA C5 75 BF DF | T:3773387 RPD:1
[CH: 50] LEN: 12 | HEX: FA 76 FE ED 60 F8 93 FD 30 7B AF 76 | T:3773417 RPD:1
[CH: 50] LEN: 12 | HEX: FA 76 FE EC 61 D4 93 FD 6C 9E AF FF | T:3773447 RPD:1
[CH: 50] LEN: 12 | HEX: F2 76 FA EB 66 F4 93 FF DA 67 AF FF | T:3773477 RPD:1
[CH: 50] LEN: 12 | HEX: EA 76 FE EA 67 70 93 D5 86 82 AF FB | T:3773507 RPD:1
[CH: 50] LEN: 12 | HEX: FA 76 FE E9 64 F0 93 FD 73 8C B7 D6 | T:3773537 RPD:1
[CH: 50] LEN: 12 | HEX: FA 76 FE E8 65 E8 93 FA 2F 69 B7 FF | T:3773567 RPD:1
[CH: 50] LEN: 12 | HEX: FA 76 FA E7 6A F8 93 DE 9E 7E BF FF | T:3773597 RPD:1
[CH: 50] LEN: 12 | HEX: F2 76 F6 E6 6B F8 93 FE C2 9B AF FB | T:3773627 RPD:1
[CH: 50] LEN: 12 | HEX: F2 76 F6 E5 68 E8 93 FA B7 15 B7 FF | T:3773657 RPD:1
[CH: 50] LEN: 12 | HEX: FA 76 FE E4 69 F8 93 DF EB 70 BF BF | T:3773687 RPD:1
[CH: 50] LEN: 12 | HEX: FA 76 FA E3 6E F8 93 FD 5D 89 AF DF | T:3773717 RPD:1
[CH: 50] LEN: 12 | HEX: FA 76 FE E2 6F FC 93 FE 81 6C BF EB | T:3773747 RPD:1
[CH: 50] LEN: 12 | HEX: F2 76 F6 E1 6C F4 93 DD 74 62 AF AA | T:3773776 RPD:1
[CH: 50] LEN: 12 | HEX: EA 76 FA E0 6D E8 93 BA A8 87 BF FF | T:3773806 RPD:1
[CH: 50] LEN: 12 | HEX: F2 76 FE FE 73 E8 93 FE DA 88 A7 F7 | T:3773866 RPD:1
[CH: 50] LEN: 12 | HEX: F2 76 F5 F5 70 F8 93 FE AF 06 BB 7F | T:3773870 RPD:1
[CH: 50] LEN: 12 | HEX: FA 76 FE F6 71 F8 93 BF 73 63 AF DB | T:3773874 RPD:1
[CH: 50] LEN: 12 | HEX: FA 76 F6 FB 76 F8 93 FD 45 9A AE FF | T:3773885 RPD:1
[CH: 50] LEN: 12 | HEX: F2 76 FD EE 77 F8 93 ED 19 7F BF FF | T:3773886 RPD:1
[CH: 50] LEN: 12 | HEX: FA 76 FE F1 74 F8 93 FF 2C 71 BE EE | T:3773897 RPD:1
[CH: 50] LEN: 12 | HEX: F2 76 F6 F0 75 E8 93 DF 30 94 AF FF | T:3773897 RPD:0
[CH: 50] LEN: 12 | HEX: FA 76 FE F7 7A F8 93 DF 81 83 BF FF | T:3773908 RPD:0
[CH: 50] LEN: 12 | HEX: F2 76 F6 F6 7B F8 93 DE 5D 66 BD FF | T:3773922 RPD:1
[CH: 50] LEN: 12 | HEX: FA 76 FE F5 78 E8 93 BF 28 68 BF FD | T:3773952 RPD:1
[CH: 50] LEN: 12 | HEX: F2 76 FE E4 79 F8 93 BD F4 8D AF EF | T:3773982 RPD:1
[CH: 50] LEN: 12 | HEX: F2 76 FE F3 7A F8 93 EE 82 74 B7 FF | T:3774012 RPD:1
[CH: 50] LEN: 12 | HEX: FA 76 FE F2 7F D0 93 FF 9E 91 BF FF | T:3774042 RPD:1
[CH: 50] LEN: 12 | HEX: F2 76 FE F1 7C F8 93 EF 6B 9F BF FF | T:3774072 RPD:1
[CH: 50] LEN: 12 | HEX: FA 76 FE F0 7D F8 93 FF B7 7A BF BF | T:3774102 RPD:1
[CH: 50] LEN: 12 | HEX: FA 76 FA EF 62 F0 93 DE 99 90 AD FB | T:3774132 RPD:1
[CH: 50] LEN: 12 | HEX: F2 76 FE EE 63 F8 93 FD 45 75 BF DB | T:3774162 RPD:1
[CH: 50] LEN: 12 | HEX: F2 76 F7 ED 60 F0 93 FD 30 77 AF 7B | T:3774192 RPD:1
[CH: 50] LEN: 12 | HEX: F2 76 F4 EC 61 F0 93 AC EC 9E AB FF | T:3774222 RPD:1
[CH: 50] LEN: 12 | HEX: F2 76 F6 EB 66 F8 93 AD DA 67 3F 7E | T:3774252 RPD:1
[CH: 50] LEN: 12 | HEX: FA 76 FA EA 67 D8 93 FF 86 82 AF FF | T:3774282 RPD:1
[CH: 50] LEN: 12 | HEX: FA 76 EE E9 64 E8 93 FD 73 8C AF 7B | T:3774312 RPD:1
[CH: 50] LEN: 12 | HEX: F2 76 EE E8 65 D0 93 DD AF 69 BF F7 | T:3774342 RPD:1
[CH: 50] LEN: 12 | HEX: FA 76 FA E6 6B F8 93 FD 42 9B AB FB | T:3774402 RPD:1
[CH: 50] LEN: 12 | HEX: F2 76 F6 E4 69 F8 93 EE EB 70 AF FF | T:3774462 RPD:1
[CH: 50] LEN: 12 | HEX: F2 76 EA E3 6C F8 93 AF 9D 89 AE FF | T:3774492 RPD:1
[CH: 50] LEN: 12 | HEX: FA 76 F6 E2 6F 68 93 D7 01 6C BF FF | T:3774522 RPD:1
[CH: 50] LEN: 12 | HEX: FA 76 F6 E1 6C F8 93 EE F4 62 AF FF | T:3774552 RPD:1
[CH: 50] LEN: 12 | HEX: F2 76 F6 E0 6D F0 93 FE A8 87 2F FE | T:3774582 RPD:1
[CH: 50] LEN: 12 | HEX: FA 76 FE DE 52 F8 93 FF B9 97 BE E9 | T:3774612 RPD:1
[CH: 50] LEN: 12 | HEX: FA 76 FA FD 73 F8 93 DF DA 88 BF FF | T:3774642 RPD:1
[CH: 50] LEN: 12 | HEX: F2 76 FE FD 70 F8 93 FD 2F 06 AF BF | T:3774645 RPD:1
[CH: 50] LEN: 12 | HEX: F2 76 FE FC 71 F8 93 FD 73 63 AF AF | T:3774648 RPD:1
[CH: 50] LEN: 12 | HEX: FA 76 FE F3 76 F8 93 DD 45 9A AB 7F | T:3774660 RPD:1
[CH: 50] LEN: 12 | HEX: FA 76 EE FA 77 FC 93 DE 99 7D 3B FF | T:3774660 RPD:0
[CH: 50] LEN: 12 | HEX: F2 76 FF F1 74 E8 93 BD 6C 71 AD FE | T:3774671 RPD:1
[CH: 50] LEN: 12 | HEX: FA 76 F6 F8 75 F8 93 FD 30 94 AF FA | T:3774672 RPD:0
[CH: 50] LEN: 12 | HEX: FA 76 FE F7 7A F4 93 FD 01 83 BF FF | T:3774683 RPD:0
[CH: 50] LEN: 12 | HEX: F2 76 F5 E6 7B F8 93 D6 DD 66 BF BF | T:3774696 RPD:1
[CH: 50] LEN: 12 | HEX: FA 76 FA F5 78 F8 93 DD A8 68 AD EF | T:3774726 RPD:1
[CH: 50] LEN: 12 | HEX: FA 76 FE F4 79 D0 93 DD F4 8D AA FF | T:3774756 RPD:1
[CH: 50] LEN: 12 | HEX: F2 76 F6 F3 7A F8 93 FA C2 74 AB FF | T:3774786 RPD:1
[CH: 50] LEN: 12 | HEX: FA 76 F4 F2 7B B8 93 DD 1E 91 AE F6 | T:3774816 RPD:1
[CH: 50] LEN: 12 | HEX: F2 76 FA E1 78 F8 93 FD 6B 9F 3F 7F | T:3774846 RPD:1
[CH: 50] LEN: 12 | HEX: F2 76 FE F0 7D E8 93 EB B7 7A AE DF | T:3774876 RPD:1
[CH: 50] LEN: 12 | HEX: FA 76 F6 EF 62 F8 93 DA 99 90 BF FF | T:3774906 RPD:1
[CH: 50] LEN: 12 | HEX: FA 76 FE EE 63 F8 93 FD 45 75 BF 7F | T:3774936 RPD:1
[CH: 50] LEN: 12 | HEX: F2 76 FE ED 60 F8 93 B7 B0 7B AF FF | T:3774966 RPD:1
[CH: 50] LEN: 12 | HEX: FA 76 FE EC 61 F8 93 FD 6C 9E AF EB | T:3774996 RPD:1
[CH: 50] LEN: 12 | HEX: F6 76 FE FB 66 F8 93 DD 5A 67 BF FF | T:3775026 RPD:1
[CH: 50] LEN: 12 | HEX: F6 76 FE EA 67 F8 93 DD 06 82 AF 75 | T:3775055 RPD:1
[CH: 50] LEN: 12 | HEX: F2 76 F4 E9 64 F4 93 BF 73 8C BD FE | T:3775085 RPD:1
[CH: 50] LEN: 12 | HEX: FA 76 FA E8 65 E8 93 DE AF 69 AF FF | T:3775115 RPD:1
[CH: 50] LEN: 12 | HEX: F6 76 EC E6 6B F0 93 FE C2 9B BF FF | T:3775175 RPD:1
[CH: 50] LEN: 12 | HEX: FA 76 FE E5 68 E8 93 FD B7 15 BF EF | T:3775205 RPD:1
[CH: 50] LEN: 12 | HEX: FA 76 F6 E4 69 F8 93 FE AB 70 BB FF | T:3775235 RPD:1
[CH: 50] LEN: 12 | HEX: F2 76 FE E3 6E F0 93 FF FD 89 BF 77 | T:3775265 RPD:1
[CH: 50] LEN: 12 | HEX: F2 76 FE E2 6F E8 93 EE 81 6C BF FB | T:3775295 RPD:1
[CH: 50] LEN: 12 | HEX: F2 76 EA E1 6C F8 93 FF 74 62 BF FE | T:3775325 RPD:1
[CH: 50] LEN: 12 | HEX: F2 76 FE E0 6D F0 93 FE E8 87 2F 6F | T:3775355 RPD:1
[CH: 50] LEN: 12 | HEX: FA 76 FE DF 52 F8 93 FE 39 97 AF FF | T:3775385 RPD:1
[CH: 50] LEN: 12 | HEX: FA 76 FE FE 73 F8 93 FE 9A 88 BF FF | T:3775415 RPD:1
[CH: 50] LEN: 12 | HEX: EA 76 FE FD 70 F0 93 EB AE 86 AF FB | T:3775419 RPD:1
[CH: 50] LEN: 12 | HEX: F2 76 FE FC 71 F0 93 AF 73 63 BA DB | T:3775422 RPD:1
[CH: 50] LEN: 12 | HEX: FA 76 F7 FB 76 F8 93 FF 45 9A AF DF | T:3775433 RPD:1
[CH: 50] LEN: 12 | HEX: F2 76 F4 F2 77 F8 93 FE 99 7B 72 FD | T:3775433 RPD:0
[CH: 50] LEN: 12 | HEX: FA 76 FE F1 74 F8 93 DD 6C 71 BF EF | T:3775445 RPD:1
[CH: 50] LEN: 12 | HEX: FA 76 FE F8 75 F8 93 FE B0 94 BF AF | T:3775445 RPD:0
[CH: 50] LEN: 12 | HEX: F2 76 F4 F7 7A F0 93 FE 01 83 EF FF | T:3775456 RPD:0
[CH: 50] LEN: 12 | HEX: FA 76 FE F6 7B F8 93 DD DD 66 AF FD | T:3775471 RPD:1
[CH: 50] LEN: 12 | HEX: FA 76 FE F5 78 E8 93 BD 28 68 AD 7F | T:3775501 RPD:1
[CH: 50] LEN: 12 | HEX: FA 76 FE F3 7E E8 93 FF 42 74 BF FF | T:3775561 RPD:1
[CH: 50] LEN: 12 | HEX: F6 76 FE F2 77 A8 93 FE 9C 91 AF FF | T:3775591 RPD:1
[CH: 50] LEN: 12 | HEX: FA 76 FE F1 7A F8 93 EE EB 9E A7 FE | T:3775621 RPD:1
[CH: 50] LEN: 12 | HEX: FA 76 FE F0 7D F8 93 FE B7 7A BF FA | T:3775651 RPD:1
[CH: 50] LEN: 12 | HEX: FA 76 FF EF 62 F8 93 FD 19 90 BF FD | T:3775681 RPD:1
[CH: 50] LEN: 12 | HEX: FA 76 FE EE 63 F8 93 ED 45 75 AF BF | T:3775711 RPD:1
[CH: 50] LEN: 12 | HEX: FA 76 FA ED 60 F8 93 FD 30 7B FE FE | T:3775741 RPD:1
[CH: 50] LEN: 12 | HEX: F2 76 F6 EC 61 F8 93 FE EC 9E BF FF | T:3775771 RPD:1
[CH: 50] LEN: 12 | HEX: F2 76 FE EB 66 F4 93 FF 5A 67 BF BF | T:3775801 RPD:1
[CH: 50] LEN: 12 | HEX: FA 76 FD EA 67 F8 93 FF 46 82 BF FB | T:3775831 RPD:1
[CH: 50] LEN: 12 | HEX: FA 76 FE E9 64 F8 93 DD 73 8C BD EF | T:3775861 RPD:1
[CH: 50] LEN: 12 | HEX: FA 76 FE E8 65 F8 93 FF 2F 69 BD BF | T:3775891 RPD:1
[CH: 50] LEN: 12 | HEX: FA 76 F6 E7 6A F8 93 DE DE 76 BF FA | T:3775921 RPD:1
[CH: 50] LEN: 12 | HEX: FA 7B DE 00 81 F8 93 DF F7 B9 AF BF | T:3776133 RPD:1
[CH: 50] LEN: 12 | HEX: FA 7B FF 00 81 F8 93 FD 77 B9 BB 7E | T:3776133 RPD:1
[CH: 50] LEN: 12 | HEX: F1 77 FA F4 FD 70 93 FE 9C D9 BE FD | T:3776164 RPD:1
[CH: 50] LEN: 12 | HEX: F9 77 EC F5 FE 73 93 FE EB 5B AF FF | T:3776167 RPD:1
[CH: 50] LEN: 12 | HEX: F1 77 FD F4 FE 72 93 EF 56 3A AF FF | T:3776170 RPD:1
[CH: 50] LEN: 12 | HEX: F9 77 ED FB FD 75 93 DE 94 7A BF FF | T:3776181 RPD:1
[CH: 50] LEN: 12 | HEX: F9 77 BD FA F6 74 93 FD 09 1F BF FF | T:3776182 RPD:0
[CH: 50] LEN: 12 | HEX: F9 77 FD F9 F6 77 93 EE BE 9D AB 5F | T:3776193 RPD:1
[CH: 50] LEN: 12 | HEX: F9 77 FD F8 FE 7E 93 FD 23 FC BE FF | T:3776204 RPD:1
[CH: 50] LEN: 12 | HEX: F1 77 FD FE FE 70 93 FF 7C D9 AF 7B | T:3776205 RPD:0
[CH: 50] LEN: 12 | HEX: E9 77 DE FB FD 75 93 BA 14 7E B7 FF | T:3776216 RPD:1
[CH: 50] LEN: 12 | HEX: F1 77 F6 FE FE 70 93 FD 5C D9 BE D7 | T:3776216 RPD:0
[CH: 50] LEN: 12 | HEX: F1 77 FB FD EA 73 93 D6 6B 5B AF FF | T:3776227 RPD:1
[CH: 50] LEN: 12 | HEX: F9 77 DE FA FE 74 93 FE 89 1F BF FF | T:3776228 RPD:0
[CH: 50] LEN: 12 | HEX: F1 77 FB F9 EA 77 93 FE BC 9D BF FF | T:3776239 RPD:1
[CH: 50] LEN: 12 | HEX: F9 77 DE F9 FE 73 93 DE 6B 5B BF 7B | T:3776250 RPD:1
[CH: 50] LEN: 12 | HEX: F1 77 FE F4 F6 72 93 FA B6 3A AE FF | T:3776251 RPD:0
[CH: 50] LEN: 12 | HEX: F9 77 FB F1 EA 77 93 EE BD 9D B7 7D | T:3776262 RPD:1
[CH: 50] LEN: 12 | HEX: F9 77 FD FD FE 73 93 FD 6B 5B AF D6 | T:3776262 RPD:0
[CH: 50] LEN: 12 | HEX: F1 77 EE F3 FE 75 93 DF 14 7E BF FF | T:3776273 RPD:1
[CH: 50] LEN: 12 | HEX: F9 77 FF F9 FE 77 93 DF 3C 9D AE F7 | T:3776285 RPD:1
[CH: 50] LEN: 12 | HEX: E9 77 7E F0 FE 76 93 DD A3 FC BF F9 | T:3776285 RPD:0
[CH: 50] LEN: 12 | HEX: F9 77 FA FA FB 72 93 DD 76 3A BF FF | T:3776296 RPD:1
[CH: 50] LEN: 12 | HEX: F9 77 DD F8 FC 76 93 EB 63 FC AF F7 | T:3776296 RPD:0
[CH: 50] LEN: 12 | HEX: F9 77 F9 F6 F6 78 93 DD DC D9 BF FF | T:3776308 RPD:1
[CH: 50] LEN: 12 | HEX: F1 77 FD FF D4 75 93 D7 94 7E AE FF | T:3776308 RPD:0
[CH: 50] LEN: 12 | HEX: F5 77 FA EA EE 74 93 FD 09 1E AD EF | T:3776319 RPD:1
[CH: 50] LEN: 12 | HEX: F1 77 FC FE EC 70 93 DE DC D9 AF FD | T:3776331 RPD:1
[CH: 50] LEN: 12 | HEX: F9 77 FE FD FA 73 93 FE EB 5B BF EF | T:3776331 RPD:0
[CH: 50] LEN: 12 | HEX: F1 77 DE F3 FD 75 93 FE 14 7C BF FF | T:3776342 RPD:1
[CH: 50] LEN: 12 | HEX: F1 77 5C FE FE 70 93 F7 5C D9 BF BF | T:3776342 RPD:0
[CH: 50] LEN: 12 | HEX: F5 77 5E FD FC 73 93 FD 6B 5B B7 5E | T:3776354 RPD:1
[CH: 50] LEN: 12 | HEX: F1 77 FD FA FE 74 93 FB 09 1F BF 7E | T:3776365 RPD:1
[CH: 50] LEN: 12 | HEX: F9 7F BD F1 FD 77 13 BF 3A 9D BB 77 | T:3776365 RPD:0
[CH: 50] LEN: 12 | HEX: F9 77 DC FB DC 73 93 FD EB 5B FE FF | T:3776377 RPD:1
[CH: 50] LEN: 12 | HEX: F1 77 7A F1 FE 77 13 BF 3C 9D BF FF | T:3776377 RPD:1
[CH: 50] LEN: 12 | HEX: E9 77 FB F0 EE 76 93 FD A3 F8 B7 F3 | T:3776388 RPD:1
[CH: 50] LEN: 12 | HEX: F1 77 BA F9 F4 73 93 FD 6B 5B FF FF | T:3776399 RPD:1
[CH: 50] LEN: 12 | HEX: F9 77 5E FC FE 72 93 EF F6 3A B5 F7 | T:3776400 RPD:0
[CH: 50] LEN: 12 | HEX: F1 77 FD F1 FE 77 93 FD 3E 9D AF 6F | T:3776411 RPD:1
[CH: 50] LEN: 12 | HEX: F9 77 7D FC F4 72 93 BD F6 3A AE EF | T:3776411 RPD:0
[CH: 50] LEN: 12 | HEX: F1 77 FA F3 EE 75 93 FD 14 7E AF 75 | T:3776423 RPD:1
[CH: 50] LEN: 12 | HEX: F9 77 BE F0 F6 76 93 BB A3 FC BF FD | T:3776423 RPD:0
[CH: 50] LEN: 12 | HEX: F9 77 FA FA FE 70 93 FF 5C D9 AF ED | T:3776434 RPD:1
[CH: 50] LEN: 12 | HEX: F9 77 FA F7 EE 75 93 FE 94 7E AF BF | T:3776445 RPD:1
[CH: 50] LEN: 12 | HEX: F1 77 AE F2 FE 74 93 EF 89 1F 2F BE | T:3776446 RPD:0
[CH: 50] LEN: 12 | HEX: ED 77 FE FE FE 70 93 FF DC D9 BF FD | T:3776457 RPD:1
[CH: 50] LEN: 12 | HEX: F1 77 AD F3 FE 75 93 FD 14 7A BD DD | T:3776457 RPD:0
[CH: 50] LEN: 12 | HEX: F9 77 BB FA FE 74 93 DD 09 1F 2F FF | T:3776469 RPD:1
[CH: 50] LEN: 12 | HEX: F1 77 FE FD FE 73 93 FD EB 5B BD FD | T:3776480 RPD:1
[CH: 50] LEN: 12 | HEX: F1 77 F9 F3 BD 75 93 DD 94 7A AA FF | T:3776480 RPD:0
[CH: 50] LEN: 12 | HEX: F5 77 FA FA FA 74 93 DD 09 1F 7F FE | T:3776491 RPD:1
[CH: 50] LEN: 12 | HEX: F9 77 DE FD EE 73 93 FE EB 5B AF 76 | T:3776492 RPD:0
[CH: 50] LEN: 12 | HEX: F1 77 FD FA EE 72 93 FE B6 3A BF EE | T:3776503 RPD:1
[CH: 50] LEN: 12 | HEX: F9 77 5A F9 FE 77 93 DA 3D 9D BD EB | T:3776503 RPD:0
[CH: 50] LEN: 12 | HEX: F9 77 FD F8 FE 76 93 FF 63 FC BB D7 | T:3776515 RPD:1
[CH: 50] LEN: 12 | HEX: F9 77 BA F4 F6 72 93 FA B6 3A BB FF | T:3776526 RPD:1
[CH: 50] LEN: 12 | HEX: F9 77 F4 FB EC 75 93 FC 94 75 B7 D7 | T:3776526 RPD:0
[CH: 50] LEN: 12 | HEX: F9 77 FD F9 FC 77 93 DD 3C 9D BD EF | T:3776537 RPD:1
[CH: 50] LEN: 12 | HEX: F5 77 FF FC FE 72 93 D5 56 3A AF 5A | T:3776538 RPD:0
[CH: 50] LEN: 12 | HEX: F1 77 BD FB DE 75 93 FE 94 7E BF EF | T:3776549 RPD:1
[CH: 50] LEN: 12 | HEX: E1 77 D6 F0 FE 76 93 D5 63 DC BE DA | T:3776560 RPD:1
[CH: 50] LEN: 12 | HEX: F9 77 B5 FE F6 70 93 FD 5C D9 BD 7F | T:3776561 RPD:0
[CH: 50] LEN: 12 | HEX: F9 77 FC F3 FD 75 93 EE 94 7C AD FD | T:3776572 RPD:1
[CH: 50] LEN: 12 | HEX: F9 77 FE FE F6 70 93 FE DC D9 BB FB | T:3776572 RPD:0
[CH: 50] LEN: 12 | HEX: F9 77 BA FD FE 73 93 FD EB 5B AD 6F | T:3776583 RPD:1
[CH: 50] LEN: 12 | HEX: F1 77 AE FA FE 74 93 FF 89 1F BF 7F | T:3776595 RPD:1
[CH: 50] LEN: 12 | HEX: F5 77 FD F1 FE F7 13 FF BE 9D BE FE | T:3776595 RPD:0
[CH: 50] LEN: 12 | HEX: F9 77 BD FE FE 70 93 DF 5C D9 AB ED | T:3776606 RPD:1
[CH: 50] LEN: 12 | HEX: F9 77 DE F2 EA 74 93 FD 49 1E BD FE | T:3776606 RPD:0
[CH: 50] LEN: 12 | HEX: F1 77 FD F1 FE 77 13 D6 BC 9D BF FE | T:3776618 RPD:1
[CH: 50] LEN: 12 | HEX: E9 77 FE F5 FE 73 93 DF 6B 5B AF FF | T:3776618 RPD:0
[CH: 50] LEN: 12 | HEX: F9 77 BC FC F6 72 93 DF F6 3A BF FB | T:3776629 RPD:1
[CH: 50] LEN: 12 | HEX: F1 77 BD F1 EE 77 93 DE BE 9D BF DE | T:3776641 RPD:1
[CH: 50] LEN: 12 | HEX: F1 77 FD F4 FE 76 93 FD 23 FC AF AF | T:3776641 RPD:0
[CH: 50] LEN: 12 | HEX: ED 77 FD FC FE 72 93 FE B6 3A AF 7B | T:3776652 RPD:1
[CH: 50] LEN: 12 | HEX: F9 77 FA F8 FE 76 93 FF A3 FC AF FF | T:3776652 RPD:0
[CH: 50] LEN: 12 | HEX: F1 77 5A EE FE 70 93 BD 5C D9 BF FB | T:3776664 RPD:1
[CH: 50] LEN: 12 | HEX: F9 77 BA F4 FE 72 93 FE B6 3A BE DF | T:3776675 RPD:1
[CH: 50] LEN: 12 | HEX: F1 77 7A F3 EC 75 93 FD 14 7C AF FF | T:3776675 RPD:0
[CH: 50] LEN: 12 | HEX: F9 77 F4 F0 EA 76 93 FD 23 BA BD FB | T:3776687 RPD:1
[CH: 50] LEN: 12 | HEX: F9 77 FE FB FE 75 93 FE 94 7E AF FF | T:3776687 RPD:0
[CH: 50] LEN: 12 | HEX: F9 77 EB FA FA 74 93 FF 49 1F BE EF | T:3776698 RPD:1
[CH: 50] LEN: 12 | HEX: F9 77 DA FE FE 70 93 FD 5C D9 AD FF | T:3776698 RPD:0
[CH: 50] LEN: 12 | HEX: F1 77 BD F9 FE 73 93 DE EB 5B BA F7 | T:3776710 RPD:1
[CH: 50] LEN: 12 | HEX: F9 77 FD FA FE 74 93 FF 49 1F 6F ED | T:3776721 RPD:1
[CH: 50] LEN: 12 | HEX: F9 77 FA FD FE 77 93 FE BC 9D AE DB | T:3776721 RPD:0
[CH: 50] LEN: 12 | HEX: F9 77 FD FC FE 72 93 FE F6 3A AF FD | T:3776733 RPD:1
[CH: 50] LEN: 12 | HEX: F9 77 F4 FA EE 74 93 FD 89 1F FF FF | T:3776733 RPD:0
[CH: 50] LEN: 12 | HEX: E9 77 FE E9 DC 77 13 BF 3D 9D BF DF | T:3776744 RPD:1
[CH: 50] LEN: 12 | HEX: F1 77 FE FD FE 73 93 FE EB 5B BF FF | T:3776755 RPD:1
[CH: 50] LEN: 12 | HEX: F9 77 FA F6 FC 72 93 DD 76 3A BD EE | T:3776756 RPD:0
[CH: 50] LEN: 12 | HEX: F1 77 FD F9 EE 77 93 FE 3E 9D BB EF | T:3776767 RPD:1
[CH: 50] LEN: 12 | HEX: F9 77 BC F4 EE 72 93 FD 76 3A AF BB | T:3776767 RPD:0
[CH: 50] LEN: 12 | HEX: F1 77 FB FB FD 75 93 DE 94 7E AF FF | T:3776779 RPD:1
[CH: 50] LEN: 12 | HEX: F1 77 FB F0 EE 76 93 DF A3 FA AF FF | T:3776790 RPD:1
[CH: 50] LEN: 12 | HEX: F9 77 FD FE FE 70 93 FD 5C D9 AF EA | T:3776790 RPD:0
[CH: 50] LEN: 12 | HEX: F1 77 FD F7 F6 75 93 DF 14 7D AF 7F | T:3776801 RPD:1
[CH: 50] LEN: 12 | HEX: F9 77 FD FC F4 76 93 FD 23 F8 AF FF | T:3776802 RPD:0
[CH: 50] LEN: 12 | HEX: F1 77 DA FE F6 70 93 FD 5C D9 AD BF | T:3776813 RPD:1
[CH: 50] LEN: 12 | HEX: F5 77 BC FB FE 75 93 FE 94 76 BB BB | T:3776813 RPD:0
[CH: 50] LEN: 12 | HEX: ED 77 BD F2 FA 74 93 FD 89 1D 7E DF | T:3776824 RPD:1
[CH: 50] LEN: 12 | HEX: F1 77 5A FD FE 70 93 FD 5C D9 BF FF | T:3776836 RPD:1
[CH: 50] LEN: 12 | HEX: F9 77 ED FD D6 73 93 FD 6B 5B FD FD | T:3776836 RPD:0
[CH: 50] LEN: 12 | HEX: F1 77 BE F2 FE 74 93 FF 49 1F 3E FF | T:3776847 RPD:1
[CH: 50] LEN: 12 | HEX: F1 77 FB FD EE 73 93 FD EB 5B AD EF | T:3776848 RPD:1
[CH: 50] LEN: 12 | HEX: F1 77 BA F4 FE 72 93 AA B6 3A AB DE | T:3776859 RPD:1
[CH: 50] LEN: 12 | HEX: F1 77 7A F1 FE 77 13 DF 3E 9D BB FF | T:3776870 RPD:1
[CH: 50] LEN: 12 | HEX: F1 77 BA FE FE 70 93 FF 5C D9 AF FF | T:3776870 RPD:0
[CH: 50] LEN: 12 | HEX: F9 77 FD FD DC 73 93 AD 6B 5B BF AE | T:3776882 RPD:1
[CH: 50] LEN: 12 | HEX: F9 77 FC F1 DC 77 93 DD BE 99 AF F7 | T:3776882 RPD:0
[CH: 50] LEN: 12 | HEX: F1 77 FA F0 FE 76 93 FD 23 FC BE F7 | T:3776893 RPD:1
[CH: 50] LEN: 12 | HEX: F9 77 BC FA FE 72 93 FD 76 3A BF FF | T:3776894 RPD:0
[CH: 50] LEN: 12 | HEX: F1 77 FC F3 FC 75 93 FE 14 7C AF F5 | T:3776905 RPD:1
[CH: 50] LEN: 12 | HEX: F9 77 FE F8 FE 76 93 EE A3 FC AD FF | T:3776916 RPD:1
[CH: 50] LEN: 12 | HEX: F1 77 FC FE FC 70 93 D5 DC D9 AF BF | T:3776916 RPD:0
[CH: 50] LEN: 12 | HEX: F1 77 FB FB ED 75 93 DE 94 7E BF FF | T:3776928 RPD:1
[CH: 50] LEN: 12 | HEX: F9 77 FE F8 FE 76 93 FE E3 BC B7 FF | T:3776928 RPD:0
[CH: 50] LEN: 12 | HEX: F1 77 FA FE FE 70 93 D7 DC D9 BF FF | T:3776939 RPD:1
[CH: 50] LEN: 12 | HEX: F9 77 FD FB FD 75 93 BA 14 7E AF BF | T:3776951 RPD:1
[CH: 50] LEN: 12 | HEX: F9 77 BA FA EC 74 93 FF 49 1F BB 5F | T:3776951 RPD:0
[CH: 50] LEN: 12 | HEX: F1 77 BC FE F6 70 93 DD 5C D9 BE FF | T:3776962 RPD:1
[CH: 50] LEN: 12 | HEX: F9 77 FD F2 FE 74 93 FF 49 1F BD FF | T:3776962 RPD:0
[CH: 50] LEN: 12 | HEX: E9 77 FF F1 FD 77 93 FD 3E 9D AE FF | T:3776974 RPD:1
[CH: 50] LEN: 12 | HEX: F1 77 F4 FD FE 73 93 FF 6B 5B BB FF | T:3776985 RPD:1
[CH: 50] LEN: 12 | HEX: F1 77 FD F6 FE 72 93 BA F6 3A AE EF | T:3776985 RPD:0
[CH: 50] LEN: 12 | HEX: F1 77 BB F1 FE 77 93 FD 3C 9D BF BF | T:3776997 RPD:1
[CH: 50] LEN: 12 | HEX: F1 77 BE F5 EE 73 93 FF EB 5B AF BF | T:3776997 RPD:0
[CH: 50] LEN: 12 | HEX: F9 77 FE F8 FE 7A 93 AA F6 3A AE F7 | T:3777008 RPD:1
[CH: 50] LEN: 12 | HEX: E9 77 FC F9 FC 77 93 D7 3E 9D B4 FF | T:3777008 RPD:0
[CH: 50] LEN: 12 | HEX: F9 77 AD F4 FA 76 93 DD 23 D4 BF FE | T:3777020 RPD:1
[CH: 50] LEN: 12 | HEX: F1 77 FA F8 F6 72 93 FE F6 3A BF BF | T:3777031 RPD:1
[CH: 50] LEN: 12 | HEX: F1 77 FF FB FE 75 93 FF 94 7A BF BF | T:3777031 RPD:0
[CH: 50] LEN: 12 | HEX: E9 77 F4 F0 FE 76 93 FF A3 EC AF F7 | T:3777043 RPD:1
[CH: 50] LEN: 12 | HEX: F9 77 DD F7 FC 75 93 DE 94 7E B7 FF | T:3777043 RPD:0
[CH: 50] LEN: 12 | HEX: F9 77 BA F2 FE 74 93 FF 89 1F 6F F7 | T:3777054 RPD:1
[CH: 50] LEN: 12 | HEX: F9 77 FA F4 FE 70 93 BD DC D9 BE FF | T:3777065 RPD:1
[CH: 50] LEN: 12 | HEX: F9 77 FB EB FD 73 93 BE EB 5B BF 7F | T:3777066 RPD:0
[CH: 50] LEN: 12 | HEX: F9 77 F9 F6 F6 74 93 FF 49 1F 3E FF | T:3777077 RPD:1
[CH: 50] LEN: 12 | HEX: F9 77 FC F6 FA 70 93 FE DC D9 AF FD | T:3777077 RPD:0
[CH: 50] LEN: 12 | HEX: F9 77 FD FD F6 73 93 DE 6B 5B BF FF | T:3777088 RPD:1
[CH: 50] LEN: 12 | HEX: F1 77 BA FA F6 74 93 FF 89 1F BF FD | T:3777089 RPD:0
[CH: 50] LEN: 12 | HEX: F1 77 FA F1 FE 77 93 FD 3E 9D BD BE | T:3777100 RPD:1
[CH: 50] LEN: 12 | HEX: F1 77 BB F5 FE 73 93 FD 6B 5B BE FF | T:3777111 RPD:1
[CH: 50] LEN: 12 | HEX: ED 77 BE FC FE 72 93 FE B6 3A B7 FF | T:3777112 RPD:0
[CH: 50] LEN: 12 | HEX: F9 77 FD F1 FE 77 93 DD 3C 9D AF EF | T:3777123 RPD:1
[CH: 50] LEN: 12 | HEX: F1 77 BE F4 FE 72 93 FE F6 3A BF FF | T:3777123 RPD:0
[CH: 50] LEN: 12 | HEX: F1 77 BE F3 DD 75 93 DF 14 7A BF D7 | T:3777134 RPD:1
[CH: 50] LEN: 12 | HEX: F1 77 5E F1 FE 77 93 BD 3C 9D BF FB | T:3777146 RPD:1
[CH: 50] LEN: 12 | HEX: F9 77 BD F8 FE 76 93 EF A3 E8 BE FB | T:3777146 RPD:0
[CH: 50] LEN: 12 | HEX: F5 77 BE F4 FE 72 93 DF F6 3A B7 FD | T:3777157 RPD:1
[CH: 50] LEN: 12 | HEX: E9 77 7E F4 EE 76 93 FD 23 DC AF 7F | T:3777158 RPD:0
[CH: 50] LEN: 12 | HEX: F1 77 FD FE FE 70 93 FD 5C D9 B7 FF | T:3777169 RPD:1
[CH: 50] LEN: 12 | HEX: F1 77 BC F7 ED 75 93 DD 14 7E BF DF | T:3777180 RPD:1
[CH: 50] LEN: 12 | HEX: F9 77 FB F2 F6 74 93 DD 89 1E BA F7 | T:3777180 RPD:0
[CH: 50] LEN: 12 | HEX: F1 77 FD EE EC 70 93 FE 9C D9 BF FB | T:3777192 RPD:1
[CH: 50] LEN: 12 | HEX: F9 77 FD FA FD 74 93 FE 89 1E AF DF | T:3777192 RPD:0
[CH: 50] LEN: 12 | HEX: F9 77 74 F9 FE 77 93 F5 3E 9D AB BF | T:3777203 RPD:1
[CH: 50] LEN: 12 | HEX: F9 77 BB FE FE 70 93 FD 5C D9 B7 FF | T:3777204 RPD:0
[CH: 50] LEN: 12 | HEX: F9 77 BC F9 FE 73 93 D7 6B 5B BB DF | T:3777215 RPD:1
[CH: 50] LEN: 12 | HEX: F9 77 EF FA FE 74 93 DB C9 1E FF B7 | T:3777226 RPD:1
[CH: 50] LEN: 12 | HEX: F9 77 7A F9 F6 77 93 DD 3A 9D AF FF | T:3777226 RPD:0
[CH: 50] LEN: 12 | HEX: F1 77 EE F5 DC 73 93 DF 6B 5B AF FF | T:3777238 RPD:1
[CH: 50] LEN: 12 | HEX: F1 77 FA F9 FE 77 93 D6 BE 9D BF DF | T:3777238 RPD:0
[CH: 50] LEN: 12 | HEX: F1 77 FA F4 F6 76 93 DD 63 FC BF EF | T:3777249 RPD:1
[CH: 50] LEN: 12 | HEX: E9 77 FD FC FE 72 93 FE F6 3A AF 77 | T:3777261 RPD:1
[CH: 50] LEN: 12 | HEX: E9 77 F8 F7 FC 7D 93 FA 14 7E BE DF | T:3777261 RPD:0
[CH: 50] LEN: 12 | HEX: F1 77 FE F8 FE 76 93 FD 23 FC BF FF | T:3777272 RPD:1
[CH: 50] LEN: 12 | HEX: F1 77 BD FC FE 72 93 DD 76 3A AF FE | T:3777272 RPD:0
[CH: 50] LEN: 12 | HEX: F1 77 EA F3 AE 75 93 DD 14 75 BF 75 | T:3777284 RPD:1
[CH: 50] LEN: 12 | HEX: F9 77 FA E8 FE 76 93 FB A3 FC AF DF | T:3777284 RPD:0
[CH: 50] LEN: 12 | HEX: F1 77 FA F6 EE 70 93 BF DC D9 BF B7 | T:3777295 RPD:1
[CH: 50] LEN: 12 | HEX: F1 77 FD FB DE 75 93 FD 94 7E B7 FD | T:3777306 RPD:1
[CH: 50] LEN: 12 | HEX: F9 77 FA F2 FE 74 93 FE 89 1F 6F 7F | T:3777307 RPD:0
[CH: 50] LEN: 12 | HEX: F9 77 BA FA FE 70 93 F7 5C D9 AF FB | T:3777318 RPD:1
[CH: 50] LEN: 12 | HEX: E9 77 EA FA EE 74 93 AF 89 1E BF FF | T:3777318 RPD:1
[CH: 50] LEN: 12 | HEX: F9 77 FD F9 F6 77 93 ED 3E 9D AF F6 | T:3777330 RPD:1
[CH: 50] LEN: 12 | HEX: F9 77 7C F5 FE 73 93 BD 6B 5B BF FE | T:3777341 RPD:1
[CH: 50] LEN: 12 | HEX: F9 77 FD F4 FC 72 93 EF F6 3A BF FE | T:3777341 RPD:0
[CH: 50] LEN: 12 | HEX: F9 75 FF FE FA 74 93 FD 09 1E BF FF | T:3777352 RPD:1
[CH: 50] LEN: 12 | HEX: F1 77 BA F5 EE 73 93 FE 6B 5B BF 09 | T:3777353 RPD:0
[CH: 50] LEN: 12 | HEX: F9 77 FD F4 FE 72 93 BD 76 3A BF FF | T:3777364 RPD:1
[CH: 50] LEN: 12 | HEX: F1 77 FE F1 FE 77 93 FD 3C 9D B7 FF | T:3777375 RPD:0
[CH: 50] LEN: 12 | HEX: F1 77 EC F8 FE 76 93 FF 63 FC BB FF | T:3777376 RPD:0
[CH: 50] LEN: 12 | HEX: F1 77 BD 00 00 71 93 AD 63 A0 AF FF | T:3777392 RPD:1
[CH: 50] LEN: 12 | HEX: F1 77 AD 00 00 71 93 B7 63 A0 BD 7F | T:3777392 RPD:1
[CH: 50] LEN: 12 | HEX: F8 6D FB 00 FE F8 93 FE F8 9A BF FF | T:3777422 RPD:1
[CH: 50] LEN: 12 | HEX: F8 6D FF 80 FA F8 93 FD 78 9A AF 7F | T:3777423 RPD:1
[CH: 50] LEN: 12 | HEX: F9 77 FA 00 00 71 93 FE E3 A0 AB FD | T:3777691 RPD:1
[CH: 50] LEN: 12 | HEX: F1 77 F5 00 00 71 93 FE E3 A0 BB EA | T:3777692 RPD:1
[CH: 50] LEN: 12 | HEX: F0 6D EE 80 F4 F0 93 BD 78 9A BF 7B | T:3777722 RPD:1
[CH: 50] LEN: 12 | HEX: F8 6D EF 00 FE F0 93 FC 78 9A BD DF | T:3777723 RPD:1
[CH: 50] LEN: 12 | HEX: F9 77 FD 00 00 71 93 AF 63 A0 BF 5F | T:3777991 RPD:1
[CH: 50] LEN: 12 | HEX: E9 77 FD 00 00 71 93 DF E3 A0 AF D5 | T:3777992 RPD:1
[CH: 50] LEN: 12 | HEX: F0 6D FF 00 FA F8 93 FD F8 9A BF FF | T:3778022 RPD:1
[CH: 50] LEN: 12 | HEX: F8 6D EA 80 FE F8 93 DA 70 9A BB FF | T:3778022 RPD:1
[CH: 50] LEN: 12 | HEX: F9 77 FD 00 00 71 93 FE E3 A0 AF DF | T:3778291 RPD:1
[CH: 50] LEN: 12 | HEX: F1 77 FA 00 00 71 93 AE E3 A0 AF ED | T:3778292 RPD:1
[CH: 50] LEN: 12 | HEX: F0 6D EF 00 FE F8 93 BD 78 9A BF DF | T:3778321 RPD:1
[CH: 50] LEN: 12 | HEX: F8 6D FE 80 FE F8 93 FD 70 9A AF FE | T:3778322 RPD:1
[CH: 50] LEN: 12 | HEX: F1 77 BF 00 00 71 93 DF 63 A0 AB F7 | T:3778591 RPD:1
[CH: 50] LEN: 12 | HEX: F9 77 FA 00 00 71 93 DA 63 A0 B7 FF | T:3778591 RPD:1
[CH: 50] LEN: 12 | HEX: F8 6D FE 80 FA F0 93 FD 70 9A BB F5 | T:3778621 RPD:1
[CH: 50] LEN: 12 | HEX: F8 6D FF 00 FE F8 93 FE F8 9A AD FD | T:3778622 RPD:1
[CH: 50] LEN: 12 | HEX: F5 77 FD 00 00 71 93 FE 63 A0 BF EF | T:3778890 RPD:1
[CH: 50] LEN: 12 | HEX: F9 77 FC 80 00 71 93 DE E3 A0 BF D7 | T:3778891 RPD:1
[CH: 50] LEN: 12 | HEX: F4 6D EF 80 FA F0 93 FE F8 9A AF DB | T:3778921 RPD:1
[CH: 50] LEN: 12 | HEX: F8 6D FE 80 FE F8 93 DF F8 9A BF 7F | T:3778922 RPD:1
[CH: 50] LEN: 12 | HEX: F9 77 BE 00 00 71 93 FD E3 E0 AF FF | T:3779190 RPD:1
[CH: 50] LEN: 12 | HEX: F5 77 FA 00 00 71 93 BF 63 A0 AF 77 | T:3779191 RPD:1
[CH: 50] LEN: 12 | HEX: F8 6D FE 80 F6 F8 93 DE 78 9A BF FD | T:3779221 RPD:1
[CH: 50] LEN: 12 | HEX: F0 6D FF 00 FE F8 93 FF 78 9A AF F5 | T:3779221 RPD:1
[CH: 50] LEN: 12 | HEX: F1 77 DF 00 00 71 93 EB 63 A0 AF F7 | T:3779490 RPD:1
[CH: 50] LEN: 12 | HEX: F1 77 FA 00 00 71 93 FD 63 A0 AD FD | T:3779491 RPD:1
[CH: 50] LEN: 12 | HEX: F0 6D FB 00 FE F8 93 FE F8 9A AF AA | T:3779520 RPD:1
[CH: 50] LEN: 12 | HEX: F0 6D F7 00 FE F0 93 BA 78 9A AF F7 | T:3779521 RPD:1
[CH: 50] LEN: 12 | HEX: F9 77 AF 00 00 71 93 BA 63 A0 BF FF | T:3779790 RPD:1
[CH: 50] LEN: 12 | HEX: F9 77 FA 00 00 71 93 D7 63 A0 BE BD | T:3779790 RPD:1
[CH: 50] LEN: 12 | HEX: F8 6D ED 00 FE F8 93 FD 78 9A AF FF | T:3779820 RPD:1
[CH: 50] LEN: 12 | HEX: EC 6D FF 80 FE F8 93 D5 F8 9A BF FF | T:3779821 RPD:1
[CH: 50] LEN: 12 | HEX: E9 77 BE 80 00 71 93 AF 63 A0 BF DD | T:3780089 RPD:1
[CH: 50] LEN: 12 | HEX: F9 77 FD 00 00 71 93 FE E3 A0 BF DF | T:3780090 RPD:1
[CH: 50] LEN: 12 | HEX: F0 6D EF 00 FE F8 93 BF 78 9A BD FD | T:3780120 RPD:1
[CH: 50] LEN: 12 | HEX: E8 6D DD 80 FE EC 93 FD 70 9A AB FF | T:3780121 RPD:1
[CH: 50] LEN: 12 | HEX: F9 77 D7 00 00 71 93 BD 63 A0 BF FD | T:3780389 RPD:1
[CH: 50] LEN: 12 | HEX: F1 77 FE 80 00 71 93 FD 63 A0 AE EE | T:3780390 RPD:1
[CH: 50] LEN: 12 | HEX: F0 6D FF 00 FE F0 93 BD 78 9A AE BF | T:3780420 RPD:1
[CH: 50] LEN: 12 | HEX: F0 6D EF 00 F6 F8 93 ED 78 9A BD FF | T:3780420 RPD:1
[CH: 50] LEN: 12 | HEX: F1 77 AF 00 00 71 93 D5 63 A0 B7 FD | T:3780689 RPD:1
[CH: 50] LEN: 12 | HEX: F9 77 DB 00 00 71 93 ED 63 A0 BD FF | T:3780690 RPD:1
[CH: 50] LEN: 12 | HEX: F0 6D FE 80 EE E8 93 FD F8 9A BF FB | T:3780719 RPD:1
[CH: 50] LEN: 12 | HEX: F8 6D EE 80 FE F8 93 FD 70 9A B7 5F | T:3780720 RPD:1
[CH: 50] LEN: 12 | HEX: F9 77 FD 00 00 71 93 FF 63 A0 BF FF | T:3780989 RPD:1
[CH: 50] LEN: 12 | HEX: F1 77 BF 00 00 71 93 FC 63 A0 AE BB | T:3780989 RPD:1
[CH: 50] LEN: 12 | HEX: F0 6D FD 00 FE F8 93 FD 78 9A AB FD | T:3781019 RPD:1
[CH: 50] LEN: 12 | HEX: F0 6D EA 00 FE F8 93 FC F8 9A BA F7 | T:3781020 RPD:1
[CH: 50] LEN: 12 | HEX: FA 76 F7 00 8C E8 93 FD 24 75 BF F6 | T:3781173 RPD:1
[CH: 50] LEN: 12 | HEX: FA 76 EE 80 8C F0 93 FA 24 75 BF FD | T:3781174 RPD:1
[CH: 50] LEN: 12 | HEX: F6 76 FE F6 73 D8 93 EB DA 88 BF F5 | T:3781204 RPD:1
[CH: 50] LEN: 12 | HEX: EA 76 FE E9 70 F8 93 DD AE C6 BB FF | T:3781207 RPD:1
[CH: 50] LEN: 12 | HEX: F2 76 F5 F4 71 F4 93 DE F3 63 AF FF | T:3781211 RPD:1
[CH: 50] LEN: 12 | HEX: F2 76 F4 F3 76 F0 93 DD 45 9A BF DF | T:3781223 RPD:1
[CH: 50] LEN: 12 | HEX: FA 76 F6 FA 77 D8 93 FD 19 7F BD FE | T:3781223 RPD:1
[CH: 50] LEN: 12 | HEX: FA 76 FF F1 74 F4 93 FF AC 71 BD FF | T:3781234 RPD:1
[CH: 50] LEN: 12 | HEX: FA 76 FE F8 75 F8 93 FD 30 94 AF FF | T:3781234 RPD:0
[CH: 50] LEN: 12 | HEX: F2 76 F6 F7 7A F0 93 ED 81 83 AF FF | T:3781246 RPD:0
[CH: 50] LEN: 12 | HEX: FA 76 EE F6 73 F8 93 D5 5D 66 BF DF | T:3781259 RPD:1
[CH: 50] LEN: 12 | HEX: FA 76 EA F5 78 F8 93 FA 28 68 BD 7F | T:3781289 RPD:1
[CH: 50] LEN: 12 | HEX: F2 76 F6 F4 79 E8 93 FD 74 8D BB FD | T:3781319 RPD:1
[CH: 50] LEN: 12 | HEX: F2 76 FE F3 7E F0 93 FD C2 74 BF FF | T:3781349 RPD:1
[CH: 50] LEN: 12 | HEX: FA 76 ED F2 75 A8 93 FA 1C 91 AB FD | T:3781379 RPD:1
[CH: 50] LEN: 12 | HEX: FA 76 FE F0 79 F4 93 FA 37 76 AF FF | T:3781439 RPD:1
[CH: 50] LEN: 12 | HEX: F2 76 FE EF 62 F0 93 DE 99 90 AE BF | T:3781469 RPD:1
[CH: 50] LEN: 12 | HEX: FA 76 FE EE 63 F8 93 BE 85 75 BF 7F | T:3781499 RPD:1
[CH: 50] LEN: 12 | HEX: FA 76 EC ED 60 F0 93 FD 30 73 BF BF | T:3781529 RPD:1
[CH: 50] LEN: 12 | HEX: FA 76 FA EC 61 E8 93 BA 6C 9C BD FF | T:3781559 RPD:1
[CH: 50] LEN: 12 | HEX: FA 76 EE EB 66 E8 93 FD 5A 67 AF FF | T:3781589 RPD:1
[CH: 50] LEN: 12 | HEX: FA 76 FE EA 67 F8 93 DE 86 82 AF 5F | T:3781619 RPD:1
[CH: 50] LEN: 12 | HEX: F6 76 FE E9 64 F0 93 DF F3 8C AD F7 | T:3781649 RPD:1
[CH: 50] LEN: 12 | HEX: F2 76 FE E8 65 EC 93 FE AF 69 BF BF | T:3781679 RPD:1
[CH: 50] LEN: 12 | HEX: F2 76 FE E7 6A F8 93 FD 1E 7C AA A9 | T:3781709 RPD:1
[CH: 50] LEN: 12 | HEX: F6 76 FE F6 6B F8 93 FE 42 9B BF FE | T:3781739 RPD:1
[CH: 50] LEN: 12 | HEX: F2 76 F6 E5 68 F0 93 DF 37 15 AF 7F | T:3781769 RPD:1
[CH: 50] LEN: 12 | HEX: F2 76 FE E4 69 F8 93 FD 4B 70 AB 7B | T:3781799 RPD:1
[CH: 50] LEN: 12 | HEX: FA 76 F4 E3 6E F8 93 FE DD 89 BD 7F | T:3781829 RPD:1
[CH: 50] LEN: 12 | HEX: FA 76 F6 E1 6C F8 93 DE F4 62 AF DF | T:3781889 RPD:1
[CH: 50] LEN: 12 | HEX: FA 76 FE E0 6D F8 93 EF A8 87 BF 5F | T:3781919 RPD:1
[CH: 50] LEN: 12 | HEX: F2 76 FE DE 52 F8 93 EE B9 97 AF F7 | T:3781949 RPD:1
[CH: 50] LEN: 12 | HEX: F2 76 FE FA 73 F8 93 FD 5A 88 BF FB | T:3781979 RPD:1
[CH: 50] LEN: 12 | HEX: FA 76 FE FD 70 F0 93 AD 2F 86 BD 6F | T:3781983 RPD:1
[CH: 50] LEN: 12 | HEX: F2 76 F4 F4 71 D0 93 FD 73 63 BF E7 | T:3781987 RPD:1
[CH: 50] LEN: 12 | HEX: F2 76 FA F2 76 F8 93 DF 45 9A BF FF | T:3781998 RPD:1
[CH: 50] LEN: 12 | HEX: FA 76 FE F2 77 D8 93 ED 99 7D 2F 7F | T:3781998 RPD:1
[CH: 50] LEN: 12 | HEX: FA 76 F6 F9 74 F4 93 DF EC 71 AE FF | T:3782009 RPD:1
[CH: 50] LEN: 12 | HEX: F2 76 F6 F0 75 F4 93 D7 30 94 BF FF | T:3782010 RPD:0
[CH: 50] LEN: 12 | HEX: FA 76 F6 E7 7A F8 93 DE 81 83 BB FB | T:3782021 RPD:0
[CH: 50] LEN: 12 | HEX: F2 76 FE F6 73 F8 93 FE DD 66 AB EF | T:3782037 RPD:1
[CH: 50] LEN: 12 | HEX: F2 76 FE F5 70 F8 93 DE A8 68 AF DF | T:3782067 RPD:1
[CH: 50] LEN: 12 | HEX: F2 76 FA F4 79 F8 93 FD 74 8D BD B7 | T:3782097 RPD:1
[CH: 50] LEN: 12 | HEX: FA 76 F5 F3 7F F4 93 FD 42 74 AF FF | T:3782127 RPD:1
[CH: 50] LEN: 12 | HEX: FA 76 FE F2 7D A8 93 FD 1E 91 BF 7F | T:3782157 RPD:1
[CH: 50] LEN: 12 | HEX: F2 76 FE F1 7C F8 93 FE 6B 9F AE DE | T:3782187 RPD:1
[CH: 50] LEN: 12 | HEX: F2 76 F5 F0 7B E8 93 FD B7 7A AD DD | T:3782217 RPD:1
[CH: 50] LEN: 12 | HEX: FA 76 FB EF 62 F8 93 FA 19 90 AD 7B | T:3782247 RPD:1
[CH: 50] LEN: 12 | HEX: F2 76 FB EE 63 F8 93 DF C5 75 AF F7 | T:3782277 RPD:1
[CH: 50] LEN: 12 | HEX: EA 76 F6 ED 60 F4 93 BA 30 73 AF 55 | T:3782307 RPD:1
[CH: 50] LEN: 12 | HEX: F6 76 FE EC 61 E8 93 BF 6C 9E BF FB | T:3782337 RPD:1
[CH: 50] LEN: 12 | HEX: F2 76 F6 EB 66 E8 93 AF 5A 67 BE FD | T:3782367 RPD:1
[CH: 50] LEN: 12 | HEX: F2 76 F6 EA 6F F8 93 FE 86 82 AB FF | T:3782397 RPD:1
[CH: 50] LEN: 12 | HEX: F2 76 FE E9 64 F8 93 D6 F3 8C BD FF | T:3782427 RPD:1
[CH: 50] LEN: 12 | HEX: F2 76 F6 E8 65 F8 93 BF 2E 69 BF 7F | T:3782457 RPD:1
[CH: 50] LEN: 12 | HEX: F2 76 F5 E7 6A E8 93 DD 1E 7A BE F7 | T:3782487 RPD:1
[CH: 50] LEN: 12 | HEX: F2 76 F6 E6 6B E8 93 FA 42 9B B6 DF | T:3782516 RPD:1
[CH: 50] LEN: 12 | HEX: F6 76 F6 E5 68 F0 93 ED 37 95 AF FF | T:3782546 RPD:1
[CH: 50] LEN: 12 | HEX: F2 76 FE E4 69 F8 93 EE AB 70 AF EF | T:3782576 RPD:1
[CH: 50] LEN: 12 | HEX: EA 76 F6 E2 6E EC 93 FD 01 6C BB FF | T:3782636 RPD:1
[CH: 50] LEN: 12 | HEX: F6 76 FE E1 6C F0 93 EA 74 62 AD ED | T:3782666 RPD:1
[CH: 50] LEN: 12 | HEX: F2 76 FE E0 6D F4 93 FD 28 87 AF DF | T:3782696 RPD:1
[CH: 50] LEN: 12 | HEX: F2 76 FE DF 52 F8 93 FD 39 97 AD EF | T:3782726 RPD:1
[CH: 50] LEN: 12 | HEX: FA 76 FE FD 73 D8 93 FE 9A 88 A7 FE | T:3782756 RPD:1
[CH: 50] LEN: 12 | HEX: FA 76 EA EB 70 F8 93 DA AF 06 AF FB | T:3782760 RPD:1
[CH: 50] LEN: 12 | HEX: FA 76 FA F8 71 F8 93 DF 73 63 AF FF | T:3782764 RPD:1
[CH: 50] LEN: 12 | HEX: FA 76 F6 EB 76 F0 93 FD 41 10 5F FB | T:3782775 RPD:1
[CH: 50] LEN: 12 | HEX: F2 7E F6 F2 77 D0 93 FF 59 7F BB B7 | T:3782775 RPD:1
[CH: 50] LEN: 12 | HEX: F6 76 FE F9 74 F0 93 FF 6C 71 BF EB | T:3782787 RPD:1
[CH: 50] LEN: 12 | HEX: F2 76 F6 F8 75 F8 93 FD B0 94 AD FF | T:3782787 RPD:0
[CH: 50] LEN: 12 | HEX: F2 76 FE F7 7A F8 93 FA 81 83 FF FF | T:3782798 RPD:0
[CH: 50] LEN: 12 | HEX: EE 76 FE E6 73 D8 93 FD 5D 66 BF FF | T:3782814 RPD:1
[CH: 50] LEN: 12 | HEX: F2 76 EE E5 78 F8 93 FE A8 68 BF FF | T:3782844 RPD:1
[CH: 50] LEN: 12 | HEX: FA 76 F4 F4 79 F8 93 DE F4 8D BF BB | T:3782874 RPD:1
[CH: 50] LEN: 12 | HEX: FA 76 FA F3 7A F0 93 DB 42 74 B3 FF | T:3782904 RPD:1
[CH: 50] LEN: 12 | HEX: F2 76 F6 E2 7F D0 93 AD 1E 91 BF FB | T:3782934 RPD:1
[CH: 50] LEN: 12 | HEX: FA 76 FE F1 7C F0 93 BF 6B 9F AF E5 | T:3782964 RPD:1
[CH: 50] LEN: 12 | HEX: FA 76 FE F0 7D F8 93 FD 37 7A BF F7 | T:3782994 RPD:1
[CH: 50] LEN: 12 | HEX: FA 76 FE EF 62 F4 93 FE 99 90 BF FF | T:3783024 RPD:1
[CH: 50] LEN: 12 | HEX: FA 76 FE EE 63 F8 93 FA C5 75 BF FF | T:3783054 RPD:1
[CH: 50] LEN: 12 | HEX: F2 7E FC ED 60 F8 93 FA B0 7B BF F5 | T:3783084 RPD:1
[CH: 50] LEN: 12 | HEX: F2 76 FE EC 61 F8 93 FE EC 9E AF FE | T:3783114 RPD:1
[CH: 50] LEN: 12 | HEX: FA 76 F6 EB 66 F8 93 FE DA 67 AD B7 | T:3783144 RPD:1
[CH: 50] LEN: 12 | HEX: F6 76 FE EA 67 F8 93 FD 06 82 AE FF | T:3783174 RPD:1
[CH: 50] LEN: 12 | HEX: F2 76 FE E9 64 E8 93 EF F3 8C AD FF | T:3783204 RPD:1
[CH: 50] LEN: 12 | HEX: F2 76 FE E8 65 E8 93 AF 2F 69 AF FF | T:3783234 RPD:1
[CH: 50] LEN: 12 | HEX: F2 76 FE E7 6A F0 93 DD 9E 7F AB 7F | T:3783264 RPD:1
[CH: 50] LEN: 12 | HEX: FA 76 F4 E6 6B D8 93 FD 42 9B AF FD | T:3783294 RPD:1
[CH: 50] LEN: 12 | HEX: F6 76 FE E5 68 F0 93 B5 37 15 AF 7F | T:3783324 RPD:1
[CH: 50] LEN: 12 | HEX: F2 76 FE E4 69 F4 93 DF EB 70 AF F7 | T:3783354 RPD:1
[CH: 50] LEN: 12 | HEX: FA 76 F4 E3 6E F4 93 D5 DD 89 B7 BF | T:3783384 RPD:1
[CH: 50] LEN: 12 | HEX: FE 76 FE E2 6F F0 93 EF 01 6C BF F7 | T:3783414 RPD:1
[CH: 50] LEN: 12 | HEX: FA 76 F4 E1 6C F8 93 DD 74 62 AA FB | T:3783444 RPD:1
[CH: 50] LEN: 12 | HEX: F2 76 FE E0 6D F8 93 EE A8 87 BD D5 | T:3783474 RPD:1
[CH: 50] LEN: 12 | HEX: F2 76 F6 DF 52 F8 93 BF 39 97 B7 BE | T:3783504 RPD:1
[CH: 50] LEN: 12 | HEX: FA 76 FE F4 73 F8 93 FD DA 88 AF 6D | T:3783534 RPD:1
[CH: 50] LEN: 12 | HEX: F2 76 FE FD 70 E8 93 EF AF 06 AF FF | T:3783537 RPD:1
[CH: 50] LEN: 12 | HEX: FA 76 F5 FC 71 EC 93 BD 73 63 AE DD | T:3783540 RPD:1
[CH: 50] LEN: 12 | HEX: FA 76 F6 FB 76 F0 93 ED 45 9A AF BD | T:3783552 RPD:1
[CH: 50] LEN: 12 | HEX: FA 76 FE F2 77 F8 93 AD 19 7F AF EB | T:3783552 RPD:0
[CH: 50] LEN: 12 | HEX: F2 76 FA F9 74 F8 93 FD 6C 71 BF FF | T:3783563 RPD:1
[CH: 50] LEN: 12 | HEX: F2 76 FE F0 75 F0 93 AE B0 94 AF FF | T:3783564 RPD:0
[CH: 50] LEN: 12 | HEX: F2 76 FE F7 7A F0 93 FE 81 83 AE FE | T:3783575 RPD:0
[CH: 50] LEN: 12 | HEX: F2 76 F6 E6 7B D8 93 FD DD 66 AB BE | T:3783590 RPD:1
[CH: 50] LEN: 12 | HEX: FA 76 FA F5 78 EC 93 FE A8 68 AF BF | T:3783620 RPD:1
[CH: 50] LEN: 12 | HEX: FA 76 FE F4 79 F8 93 EB F4 8D AF BB | T:3783650 RPD:1
[CH: 50] LEN: 12 | HEX: F2 76 FE F3 7E F8 93 FE 82 74 AE F7 | T:3783680 RPD:1
[CH: 50] LEN: 12 | HEX: EA 76 FA F2 7B B8 93 DE 9E 91 BF FD | T:3783710 RPD:1
[CH: 50] LEN: 12 | HEX: F2 76 F6 F1 7C F0 93 DD 6B 9F B7 FF | T:3783740 RPD:1
[CH: 50] LEN: 12 | HEX: FA 76 F5 F0 7D F4 93 FE B7 7A BD AF | T:3783770 RPD:1
[CH: 50] LEN: 12 | HEX: F2 76 FE EF 62 F8 93 EF 19 90 BF B7 | T:3783800 RPD:1
[CH: 50] LEN: 12 | HEX: F6 76 F4 EE 63 F8 93 AE C5 75 AB FF | T:3783829 RPD:1
[CH: 50] LEN: 12 | HEX: FA 76 FE ED 60 F0 93 FE B0 7B BF BF | T:3783859 RPD:1
[CH: 50] LEN: 12 | HEX: EA 76 FE EC 61 F8 93 FE 6C 9D BB FF | T:3783889 RPD:1
[CH: 50] LEN: 12 | HEX: EE 76 F6 EB 66 F8 93 FE DA 67 AF FF | T:3783919 RPD:1
[CH: 50] LEN: 12 | HEX: FA 76 FE EA 67 F8 93 FD 06 82 BF FF | T:3783949 RPD:1
[CH: 50] LEN: 12 | HEX: FA 76 FE E9 64 F8 93 FE F3 8C AF FF | T:3783979 RPD:1
[CH: 50] LEN: 12 | HEX: FA 76 FE E8 65 D4 93 D5 AF 69 BF F7 | T:3784009 RPD:1
[CH: 50] LEN: 12 | HEX: EA 76 F6 E7 6A F0 93 BF 9E 7E BF FF | T:3784039 RPD:1
[CH: 50] LEN: 12 | HEX: F2 76 F6 E6 6B F8 93 FF C2 9B AD 7F | T:3784069 RPD:1
[CH: 50] LEN: 12 | HEX: F2 7E FE E5 68 E8 93 FD 37 15 BD BB | T:3784099 RPD:1
[CH: 50] LEN: 12 | HEX: FA 76 FE E4 69 F8 93 DF EB 70 BE AF | T:3784129 RPD:1
[CH: 50] LEN: 12 | HEX: FA 76 F4 E3 6E F8 93 FA DD 89 AF FE | T:3784159 RPD:1
[CH: 50] LEN: 12 | HEX: FA 76 F4 E2 6F B8 93 FE 81 6C BF EF | T:3784189 RPD:1
[CH: 50] LEN: 12 | HEX: FA 76 FA E1 6C F8 93 FF F4 62 AF FF | T:3784219 RPD:1
[CH: 50] LEN: 12 | HEX: F2 76 F4 E0 6D E8 93 FE A8 87 AF F7 | T:3784249 RPD:1
[CH: 50] LEN: 12 | HEX: FA 76 F5 DF 52 F8 93 DA 39 97 BF EF | T:3784279 RPD:1
[CH: 50] LEN: 12 | HEX: FA 76 F4 EA 73 D8 93 EF 5A 88 AB F7 | T:3784309 RPD:1
[CH: 50] LEN: 12 | HEX: EA 76 FE FD 70 F0 93 DE AF 86 BF 5F | T:3784313 RPD:1
[CH: 50] LEN: 12 | HEX: F2 76 FE FC 71 F8 93 EF 73 63 BF FF | T:3784316 RPD:1
[CH: 50] LEN: 12 | HEX: FA 76 FE F3 76 F8 93 DF 45 9A BF EF | T:3784327 RPD:1
[CH: 50] LEN: 12 | HEX: F2 76 F6 EE 7F D8 93 FD 19 7F BD FF | T:3784327 RPD:0
[CH: 50] LEN: 12 | HEX: FA 76 FE F9 74 F0 93 D7 EC 71 AF 5F | T:3784339 RPD:1
[CH: 50] LEN: 12 | HEX: FA 76 F6 F0 75 F8 93 D7 30 94 AB FF | T:3784339 RPD:0
[CH: 50] LEN: 12 | HEX: FA 76 F6 F7 7A FC 93 FF 41 83 BB 7F | T:3784350 RPD:0
[CH: 50] LEN: 12 | HEX: F6 76 FA F6 7B F8 93 EF DD 66 AF AF | T:3784364 RPD:1
[CH: 50] LEN: 12 | HEX: F2 76 F4 F5 78 F4 93 DD 28 68 AD FD | T:3784394 RPD:1
[CH: 50] LEN: 12 | HEX: F2 76 FA F4 79 F8 93 DD 54 8D AF FF | T:3784424 RPD:1
[CH: 50] LEN: 12 | HEX: FA 76 FA F3 7E F4 93 FD 42 74 BB F7 | T:3784454 RPD:1
[CH: 50] LEN: 12 | HEX: FA 76 F4 F2 7F A8 93 DD 1E 91 BF FE | T:3784484 RPD:1
[CH: 50] LEN: 12 | HEX: F2 76 FE F1 78 F8 93 FD 6B 9F BF ED | T:3784514 RPD:1
[CH: 50] LEN: 12 | HEX: FA 76 F5 F0 77 EC 93 BD B7 7A AF FF | T:3784544 RPD:1
[CH: 50] LEN: 12 | HEX: F2 76 EE EF 62 F0 93 DF 19 90 AF FB | T:3784574 RPD:1
[CH: 50] LEN: 12 | HEX: FA 76 FE EE 63 F8 93 FF 25 75 AE DF | T:3784604 RPD:1
[CH: 50] LEN: 12 | HEX: F2 76 FD ED 60 F0 93 BF B0 73 F7 ED | T:3784634 RPD:1
[CH: 50] LEN: 12 | HEX: F2 76 F6 EC 61 F8 93 DE 6C 9E AF FF | T:3784664 RPD:1
[CH: 50] LEN: 12 | HEX: FA 76 F4 EB 66 F4 93 FF 5A 67 AB FF | T:3784694 RPD:1
[CH: 50] LEN: 12 | HEX: FA 76 FE EA 67 D8 93 FD 06 82 AF D4 | T:3784724 RPD:1
[CH: 50] LEN: 12 | HEX: F2 76 F4 E9 64 E8 93 D7 F3 8C BF D5 | T:3784754 RPD:1
[CH: 50] LEN: 12 | HEX: EA 76 FE E8 65 F4 93 FE AF 69 AA DB | T:3784784 RPD:1
[CH: 50] LEN: 12 | HEX: EA 76 FE E7 6A F0 93 FD 5C 7A BD FF | T:3784814 RPD:1
[CH: 50] LEN: 12 | HEX: F2 76 FE E6 6B F8 93 ED 42 9B AF FF | T:3784844 RPD:1
[CH: 50] LEN: 12 | HEX: FA 76 FE E5 68 F0 93 DD 37 95 AD DF | T:3784874 RPD:1
[CH: 50] LEN: 12 | HEX: F2 76 FE E4 69 F8 93 AD 6B 70 B7 FF | T:3784904 RPD:1
[CH: 50] LEN: 12 | HEX: FA 76 FE E3 6E F0 93 FE DD 89 AF FF | T:3784934 RPD:1
[CH: 50] LEN: 12 | HEX: FA 76 F6 E2 6F FC 93 FD 01 6C AF FB | T:3784964 RPD:1
[CH: 50] LEN: 12 | HEX: F2 76 FC E1 6C E8 93 FD 74 62 BF FE | T:3784993 RPD:1
[CH: 50] LEN: 12 | HEX: F6 76 FE E0 6D D8 93 ED 28 87 BF EF | T:3785023 RPD:1
[CH: 50] LEN: 12 | HEX: F2 76 F6 DF 52 F0 93 B6 39 97 2F BF | T:3785053 RPD:1
[CH: 50] LEN: 12 | HEX: FA 76 FE FA 73 D0 93 FD 5A 88 AE FB | T:3785083 RPD:1
[CH: 50] LEN: 12 | HEX: F2 76 FA FD 70 F8 93 FF 6F 06 BE F7 | T:3785087 RPD:1
[CH: 50] LEN: 12 | HEX: F2 76 F4 F8 71 F4 93 FA F3 63 AF EF | T:3785091 RPD:1
[CH: 50] LEN: 12 | HEX: F2 76 F6 EB 76 F0 93 BD C5 9A AF FD | T:3785102 RPD:1
[CH: 50] LEN: 12 | HEX: F2 76 F6 F2 77 D8 93 FD 99 7F AF FE | T:3785103 RPD:0
[CH: 50] LEN: 12 | HEX: F2 76 FA F1 74 F0 93 FD 6C 71 B7 D7 | T:3785114 RPD:1
[CH: 50] LEN: 12 | HEX: F2 76 FA E8 75 F8 93 DD 30 94 BF DF | T:3785114 RPD:0
[CH: 50] LEN: 12 | HEX: FA 76 F5 F7 72 F0 93 FD 01 83 FF FF | T:3785126 RPD:0
[CH: 50] LEN: 12 | HEX: F2 76 FE F6 7B E8 93 FD 5D 66 AD FB | T:3785139 RPD:1
[CH: 50] LEN: 12 | HEX: F2 76 F6 F5 70 E8 93 FD 28 68 BF BF | T:3785169 RPD:1
[CH: 50] LEN: 12 | HEX: F2 76 F6 F4 79 F4 93 FE B4 8D BF 6F | T:3785199 RPD:1
[CH: 50] LEN: 12 | HEX: FA 76 FE F3 7E F8 93 D7 42 74 AB FF | T:3785229 RPD:1
[CH: 50] LEN: 12 | HEX: F2 76 FE F2 7F D0 93 FE 9E 91 BD FF | T:3785259 RPD:1
[CH: 50] LEN: 12 | HEX: F2 76 FE F1 78 E8 93 ED 6B 9F BF FE | T:3785289 RPD:1
[CH: 50] LEN: 12 | HEX: EE 76 FE E0 7D F8 93 FE B7 7A BF FF | T:3785319 RPD:1
[CH: 50] LEN: 12 | HEX: FA 76 FE EF 62 F8 93 EF 19 90 BF FD | T:3785349 RPD:1
[CH: 50] LEN: 12 | HEX: F2 76 FE EE 63 D8 93 DA C5 75 BF FB | T:3785379 RPD:1
[CH: 50] LEN: 12 | HEX: FA 76 EE ED 60 F8 93 DE B0 7B AD FF | T:3785409 RPD:1
[CH: 50] LEN: 12 | HEX: FA 76 FA EC 61 E8 93 FD 6C 9E BF FF | T:3785439 RPD:1
[CH: 50] LEN: 12 | HEX: F2 76 F6 EB 66 F8 93 DB 5A 67 BE FF | T:3785469 RPD:1
[CH: 50] LEN: 12 | HEX: FA 76 FE EA 67 F4 93 DE 86 82 AF FB | T:3785499 RPD:1
[CH: 50] LEN: 12 | HEX: F2 76 FE E9 64 F8 93 DF F3 8C AF 7F | T:3785529 RPD:1
[CH: 50] LEN: 12 | HEX: F2 76 F6 E8 65 F4 93 FD 2F 69 BF DF | T:3785559 RPD:1
[CH: 50] LEN: 12 | HEX: FA 76 F6 E7 6A F4 93 DF 9E 7E BB 7D | T:3785589 RPD:1
[CH: 50] LEN: 12 | HEX: F6 76 FD E6 6B F8 93 DF 42 9B BF DF | T:3785619 RPD:1
[CH: 50] LEN: 12 | HEX: F2 76 FE E5 68 F8 93 FD 37 D5 AF 9F | T:3785649 RPD:1
[CH: 50] LEN: 12 | HEX: FA 76 FE E4 69 F8 93 FD EB 70 AF FB | T:3785679 RPD:1
[CH: 50] LEN: 12 | HEX: F2 76 FE E3 6F F8 93 FD 5D 89 AF FE | T:3785709 RPD:1
[CH: 50] LEN: 12 | HEX: FA 76 FE E2 6F 78 93 FA 01 6C BF FB | T:3785739 RPD:1
[CH: 50] LEN: 12 | HEX: EA 76 F6 E1 6C F0 93 FA 74 62 BB BD | T:3785769 RPD:1
[CH: 50] LEN: 12 | HEX: F2 76 F6 E0 6D F8 93 FD 28 87 3F BD | T:3785799 RPD:1
[CH: 50] LEN: 12 | HEX: EA 76 F6 DE 52 F0 93 DA 39 97 2F FF | T:3785829 RPD:1
[CH: 50] LEN: 12 | HEX: FA 76 FE FE 73 F8 93 DA DA 88 AB FF | T:3785859 RPD:1
[CH: 50] LEN: 12 | HEX: FA 76 FE FD 70 F8 93 FD 2F 86 AD EA | T:3785862 RPD:1
[CH: 50] LEN: 12 | HEX: FA 76 FE FC 71 F0 93 FF 73 63 BF BE | T:3785866 RPD:1
[CH: 50] LEN: 12 | HEX: F2 76 F6 F3 76 F8 93 FD 45 9A AF 5F | T:3785878 RPD:1
[CH: 50] LEN: 12 | HEX: EA 76 FE F2 77 F8 93 FD 19 7F AD 5E | T:3785878 RPD:0
[CH: 50] LEN: 12 | HEX: EA 76 FE F1 74 F8 93 BF EC 71 BE BF | T:3785889 RPD:1
[CH: 50] LEN: 12 | HEX: FA 76 F4 F8 75 E8 93 FA 30 94 AE F6 | T:3785890 RPD:0
[CH: 50] LEN: 12 | HEX: F2 76 FE F7 72 F8 93 FD 01 83 AF 7E | T:3785901 RPD:0
[CH: 50] LEN: 12 | HEX: FA 76 FE F5 78 F8 93 EF A8 68 BE FD | T:3785918 RPD:1
[CH: 50] LEN: 12 | HEX: F2 76 F6 F3 7E F8 93 FD 42 74 AF F6 | T:3785978 RPD:1
[CH: 50] LEN: 12 | HEX: FA 76 F6 F2 7F B8 93 FD 1E 91 BF DF | T:3786008 RPD:1
[CH: 50] LEN: 12 | HEX: FA 76 FA F1 7C F8 93 FF 6B 9F B7 7F | T:3786038 RPD:1
[CH: 50] LEN: 12 | HEX: F2 76 FE F0 79 D4 93 FD 37 7A A9 DF | T:3786068 RPD:1
[CH: 50] LEN: 12 | HEX: FA 76 F6 EE 62 F8 93 FE 99 90 BF EF | T:3786098 RPD:1
[CH: 50] LEN: 12 | HEX: FA 76 FB EE 63 D8 93 FD 45 75 AD 7D | T:3786128 RPD:1
[CH: 50] LEN: 12 | HEX: F2 76 FE ED 60 E8 93 FE B0 73 FF FF | T:3786158 RPD:1
[CH: 50] LEN: 12 | HEX: F2 76 EA EC 61 E8 93 FD 6C 9C BD F1 | T:3786187 RPD:1
[CH: 50] LEN: 12 | HEX: F6 76 FE EB 66 F8 93 FF DA 67 AF 6E | T:3786217 RPD:1
[CH: 50] LEN: 12 | HEX: EA 76 FA EA 67 A8 93 FD 86 82 BF FF | T:3786247 RPD:1
[CH: 50] LEN: 12 | HEX: FA 76 FE E9 64 F8 93 DB F3 8C AF FF | T:3786277 RPD:1
[CH: 50] LEN: 12 | HEX: F2 76 FE E8 65 F8 93 BF 2F 69 BD FF | T:3786307 RPD:1
[CH: 50] LEN: 12 | HEX: FA 76 FE E7 6A E8 93 A8 1C 6A BB FB | T:3786337 RPD:1
[CH: 50] LEN: 12 | HEX: FA 76 FE E6 6B E8 93 FD C2 9B AE FF | T:3786367 RPD:1
[CH: 50] LEN: 12 | HEX: FA 76 FE F5 68 E8 93 DD B7 15 BD EF | T:3786397 RPD:1
[CH: 50] LEN: 12 | HEX: F2 76 F4 E4 69 F4 93 FE AB 70 BE DB | T:3786427 RPD:1
[CH: 50] LEN: 12 | HEX: F2 76 F4 E3 6E F8 93 FD 5D 89 AD 5F | T:3786457 RPD:1
[CH: 50] LEN: 12 | HEX: FA 76 F6 E2 6F FC 93 FD 01 6C BF FF | T:3786487 RPD:1
[CH: 50] LEN: 12 | HEX: F2 76 FD E1 6C F8 93 FE F4 62 B7 FF | T:3786517 RPD:1
[CH: 50] LEN: 12 | HEX: FA 76 F4 E0 6D F8 93 D6 A8 87 BF FF | T:3786547 RPD:1
[CH: 50] LEN: 12 | HEX: FA 76 FE DF 52 F0 93 DD 39 97 AF DF | T:3786577 RPD:1
[CH: 50] LEN: 12 | HEX: F6 76 FE FE 73 B8 93 FD DA 88 AF FB | T:3786607 RPD:1
[CH: 50] LEN: 12 | HEX: F2 76 FE FD 70 F8 93 FD 2F 86 BF D7 | T:3786611 RPD:1
[CH: 50] LEN: 12 | HEX: FA 76 F4 FC 71 E8 93 FE 73 63 B7 DF | T:3786614 RPD:1
[CH: 50] LEN: 12 | HEX: F2 76 FE FB 76 F0 93 FE C5 9A BD DF | T:3786625 RPD:1
[CH: 50] LEN: 12 | HEX: F2 76 F4 F2 77 B8 93 DF 59 7F 2A DF | T:3786625 RPD:0
[CH: 50] LEN: 12 | HEX: F2 76 F6 F1 74 F0 93 D7 EC 71 BE FF | T:3786637 RPD:1
[CH: 50] LEN: 12 | HEX: F2 76 FE F8 75 F8 93 DD 30 94 BB E6 | T:3786637 RPD:0
[CH: 50] LEN: 12 | HEX: F2 76 FE F7 7A F0 93 FA 81 83 A7 BB | T:3786648 RPD:0
[CH: 50] LEN: 12 | HEX: F2 76 FE F5 78 F8 93 FD 28 68 BF EF | T:3786667 RPD:1
[CH: 50] LEN: 12 | HEX: FA 76 F6 F4 79 EC 93 DD F4 8D AF 6F | T:3786697 RPD:1
[CH: 50] LEN: 12 | HEX: F2 76 FE E3 7A F8 93 FA C2 74 BE FF | T:3786727 RPD:1
[CH: 50] LEN: 12 | HEX: FA 76 FA F2 7D D4 93 FF 1E 91 AF FF | T:3786757 RPD:1
[CH: 50] LEN: 12 | HEX: EA 76 F6 F1 7C F8 93 FF 6B 9D AB 5F | T:3786787 RPD:1
[CH: 50] LEN: 12 | HEX: F2 76 FE E0 79 F8 93 FE F7 7A AD F6 | T:3786817 RPD:1
[CH: 50] LEN: 12 | HEX: F2 76 EE EE 62 F0 93 FC 99 90 AF F7 | T:3786847 RPD:1
[CH: 50] LEN: 12 | HEX: FA 76 FE EE 63 D0 93 FF 65 75 AF FE | T:3786877 RPD:1
[CH: 50] LEN: 12 | HEX: F2 76 FE ED 60 F0 93 F7 70 73 B5 DF | T:3786907 RPD:1
[CH: 50] LEN: 12 | HEX: FA 76 EE EC 61 F0 93 FE 6C 9E B7 7F | T:3786937 RPD:1
[CH: 50] LEN: 12 | HEX: F2 76 FE EB 66 E8 93 FA 5A 67 BB 95 | T:3786967 RPD:1
[CH: 50] LEN: 12 | HEX: FA 76 FE EA 67 D8 93 F7 06 82 AF FF | T:3786997 RPD:1
[CH: 50] LEN: 12 | HEX: EA 76 FE E9 64 F8 93 AD 73 8C B6 FF | T:3787027 RPD:1
[CH: 50] LEN: 12 | HEX: F2 76 F4 E8 65 F8 93 FE 2F 69 BF DD | T:3787057 RPD:1
[CH: 50] LEN: 12 | HEX: FA 76 FE E7 6A E8 93 AA 1C 7A AB 7F | T:3787087 RPD:1
[CH: 50] LEN: 12 | HEX: F6 76 FE E6 6B F8 93 FD 42 9B BE FF | T:3787117 RPD:1
[CH: 50] LEN: 12 | HEX: F2 76 F6 E5 68 F0 93 DD 37 95 AE FD | T:3787147 RPD:1
[CH: 50] LEN: 12 | HEX: F2 76 FE E4 69 F8 93 BD 4B 70 BD 5F | T:3787177 RPD:1
[CH: 50] LEN: 12 | HEX: FA 7B FD 00 81 D8 93 DE B7 A9 AF BF | T:3787398 RPD:1
[CH: 50] LEN: 12 | HEX: FA 7B F7 00 81 F0 93 FE B7 F9 AD FE | T:3787399 RPD:1
[CH: 50] LEN: 12 | HEX: FD 77 FA F4 FE 70 93 FE 9C D9 AA DF | T:3787430 RPD:1
[CH: 50] LEN: 12 | HEX: F1 77 F4 FB FE 73 93 DD EB 5B BB DB | T:3787433 RPD:1
[CH: 50] LEN: 12 | HEX: F9 77 FA F4 FE 72 93 AA F6 3A BE F6 | T:3787436 RPD:1
[CH: 50] LEN: 12 | HEX: F9 77 7A F3 FE 75 93 FA 14 7E AF A7 | T:3787447 RPD:1
[CH: 50] LEN: 12 | HEX: F1 7F BB FA F4 74 93 BD 09 1F 2F DD | T:3787447 RPD:0
[CH: 50] LEN: 12 | HEX: F1 77 BC F9 FE 77 93 FA 3E 9D AF FF | T:3787459 RPD:1
[CH: 50] LEN: 12 | HEX: F1 77 B4 F7 FD 79 93 FD 6A 34 AF FF | T:3787470 RPD:1
[CH: 50] LEN: 12 | HEX: F9 77 FD FA FE 70 93 F7 5C D9 AE DD | T:3787470 RPD:0
[CH: 50] LEN: 12 | HEX: F1 77 FB FC FE 72 93 EF D6 3A BF FD | T:3787482 RPD:1
[CH: 50] LEN: 12 | HEX: F1 77 FD F0 FE 76 93 FE 63 FC AF BF | T:3787482 RPD:0
[CH: 50] LEN: 12 | HEX: F9 77 FA F7 F4 71 93 DF 6A 34 BF B7 | T:3787493 RPD:1
[CH: 50] LEN: 12 | HEX: F9 77 FD F8 FE 7A 93 FF F6 3A BF FF | T:3787493 RPD:0
[CH: 50] LEN: 12 | HEX: F9 77 FD F7 EE 75 93 FE 94 7E AB FF | T:3787505 RPD:1
[CH: 50] LEN: 12 | HEX: F1 77 BE F8 FE 76 93 FD A3 D4 A7 FF | T:3787516 RPD:1
[CH: 50] LEN: 12 | HEX: F9 7F 7E F7 7A 79 93 DA EA 34 BB DF | T:3787516 RPD:0
[CH: 50] LEN: 12 | HEX: F9 77 FA FC FE 72 93 FF 56 3A BF FF | T:3787528 RPD:1
[CH: 50] LEN: 12 | HEX: F1 77 AE F5 F6 77 93 FE BC 9D AE FB | T:3787528 RPD:0
[CH: 50] LEN: 12 | HEX: F1 77 74 F0 ED 76 93 D7 A3 D8 AD FF | T:3787539 RPD:1
[CH: 50] LEN: 12 | HEX: F9 77 DE FD D6 73 93 FE EB 5B AF FF | T:3787550 RPD:1
[CH: 50] LEN: 12 | HEX: F1 77 EC EA F6 72 93 DA F6 3A AB FF | T:3787551 RPD:0
[CH: 50] LEN: 12 | HEX: F9 77 B5 F1 FC 77 93 FE BA 9D AB EF | T:3787562 RPD:1
[CH: 50] LEN: 12 | HEX: F1 77 FB ED F6 73 93 FD 6B 5B AF FB | T:3787562 RPD:0
[CH: 50] LEN: 12 | HEX: F9 77 DE FC FA 72 93 FF 56 3A AF FF | T:3787573 RPD:1
[CH: 50] LEN: 12 | HEX: E9 77 BD F9 D6 77 93 EE 3C 9D BF 5B | T:3787574 RPD:0
[CH: 50] LEN: 12 | HEX: F9 77 B9 F8 F4 76 93 FF 63 FC BF FD | T:3787585 RPD:1
[CH: 50] LEN: 12 | HEX: F9 77 FF FD FE 73 93 DD 6B 5B AF FB | T:3787596 RPD:1
[CH: 50] LEN: 12 | HEX: F9 77 FD F8 FE 72 93 EE B6 3A AF FF | T:3787597 RPD:0
[CH: 50] LEN: 12 | HEX: F9 77 FF FA FE 74 93 FF 49 1F 2F DD | T:3787608 RPD:1
[CH: 50] LEN: 12 | HEX: F1 77 DC FD FE 70 93 DF DC D9 BD AD | T:3787608 RPD:0
[CH: 50] LEN: 12 | HEX: F9 77 BD FD F6 73 93 FD 6B 5B AD FF | T:3787619 RPD:1
[CH: 50] LEN: 12 | HEX: F9 77 5A F2 FE 74 93 DA 89 1F 3F FF | T:3787631 RPD:1
[CH: 50] LEN: 12 | HEX: F1 77 DE F9 F6 77 93 FD 3E 9D AF BF | T:3787631 RPD:0
[CH: 50] LEN: 12 | HEX: F1 77 BD FE FE 70 93 DF DC D9 BF FF | T:3787642 RPD:1
[CH: 50] LEN: 12 | HEX: F1 77 BD F2 FE 74 93 ED 49 1F AF FB | T:3787643 RPD:0
[CH: 50] LEN: 12 | HEX: F1 77 6C F9 DE 77 93 BA 3A 9D BF D5 | T:3787654 RPD:1
[CH: 50] LEN: 12 | HEX: F9 77 BA FE F4 70 93 FE DC D9 BF FD | T:3787665 RPD:1
[CH: 50] LEN: 12 | HEX: F9 77 AE F9 FE 73 93 FD 6B 5B BB FF | T:3787665 RPD:0
[CH: 50] LEN: 12 | HEX: F9 77 DE FB FE 75 93 FE 94 7E BF FF | T:3787677 RPD:1
[CH: 50] LEN: 12 | HEX: F9 77 FA F7 FF 79 93 FF 4A 34 A6 FB | T:3787677 RPD:0
[CH: 50] LEN: 12 | HEX: F9 77 FA FD FE 73 93 FE EB 5B EB FF | T:3787688 RPD:1
[CH: 50] LEN: 12 | HEX: F9 77 F4 FB FD 7D 93 DF 14 7D BD FF | T:3787689 RPD:0
[CH: 50] LEN: 12 | HEX: F1 7F FC EA FE 74 93 FA 89 1F BD 7B | T:3787700 RPD:1
[CH: 50] LEN: 12 | HEX: F9 77 DC F7 DE 79 93 DD 6A 34 BF EF | T:3787711 RPD:1
[CH: 50] LEN: 12 | HEX: F1 77 AE FE EA 70 93 FE 9C D9 BF 77 | T:3787711 RPD:1
[CH: 50] LEN: 12 | HEX: F9 77 DD FB FE 75 93 FF 94 7C AA FF | T:3787723 RPD:1
[CH: 50] LEN: 12 | HEX: F5 77 FA F0 F4 76 93 FB A3 FC BD FF | T:3787723 RPD:0
[CH: 50] LEN: 12 | HEX: F1 77 DD F7 FF 79 93 EB 6A 34 AF FF | T:3787734 RPD:1
[CH: 50] LEN: 12 | HEX: F9 77 BA FC F4 72 93 FF B6 3A BF FF | T:3787746 RPD:1
[CH: 50] LEN: 12 | HEX: F1 77 FE F3 FC 75 93 FD 14 7E BE FF | T:3787746 RPD:0
[CH: 50] LEN: 12 | HEX: F9 77 D4 E8 F6 76 93 EF A3 DC BF FF | T:3787757 RPD:1
[CH: 50] LEN: 12 | HEX: F1 77 F9 F4 FE 72 93 BA F6 3E BB F7 | T:3787757 RPD:0
[CH: 50] LEN: 12 | HEX: F9 77 FE FB FD 75 93 FD 14 7E BF FF | T:3787769 RPD:1
[CH: 50] LEN: 12 | HEX: F9 77 DC F0 F6 76 93 FD 23 FC AF FF | T:3787769 RPD:0
[CH: 50] LEN: 12 | HEX: F9 77 EA F7 FD 79 93 FD 6A 34 B7 F7 | T:3787780 RPD:1
[CH: 50] LEN: 12 | HEX: F1 77 FA FA FE 72 93 FF 76 3A AF BF | T:3787792 RPD:1
[CH: 50] LEN: 12 | HEX: F1 77 BE FB FB 75 93 DF 14 7E BB DE | T:3787792 RPD:0
[CH: 50] LEN: 12 | HEX: F1 77 FC F0 F6 76 93 FD A3 DC BF FF | T:3787803 RPD:1
[CH: 50] LEN: 12 | HEX: F9 77 F4 F5 FE 73 93 FE EB 5B BF F7 | T:3787803 RPD:0
[CH: 50] LEN: 12 | HEX: F9 77 FB FC FE 72 93 AA 56 3A AB FF | T:3787815 RPD:1
[CH: 50] LEN: 12 | HEX: F1 77 FD F1 FE 77 93 FD 3E 9D BF FF | T:3787826 RPD:1
[CH: 50] LEN: 12 | HEX: F1 77 5E F0 EA 76 93 DE A3 FC AE EF | T:3787826 RPD:0
[CH: 50] LEN: 12 | HEX: F1 77 BE F5 FE 73 93 FD 6B 5B AF FF | T:3787837 RPD:1
[CH: 50] LEN: 12 | HEX: F9 77 DD F1 F4 77 93 BD 3C 9D BF FF | T:3787838 RPD:0
[CH: 50] LEN: 12 | HEX: F9 77 FF F8 FE 76 93 DE A3 EC BF D7 | T:3787849 RPD:1
[CH: 50] LEN: 12 | HEX: F1 77 FE FD FE 73 93 FE EB 5B A7 FF | T:3787860 RPD:1
[CH: 50] LEN: 12 | HEX: F1 77 FD FA FE 72 93 FD 76 3A BF CD | T:3787861 RPD:0
[CH: 50] LEN: 12 | HEX: F1 77 BC F9 FE 77 93 FE BC 9D BF FC | T:3787872 RPD:1
[CH: 50] LEN: 12 | HEX: F1 77 BD FA EC 70 93 DA DC D9 BB AA | T:3787872 RPD:0
[CH: 50] LEN: 12 | HEX: F9 77 FD E9 FE 73 93 FE EB 5B BF DF | T:3787883 RPD:1
[CH: 50] LEN: 12 | HEX: F9 77 7E F2 FE 74 93 FD 49 1F BD 7B | T:3787884 RPD:0
[CH: 50] LEN: 12 | HEX: F9 77 FA F9 FE 77 93 FA BC 9D BF DF | T:3787895 RPD:1
[CH: 50] LEN: 12 | HEX: F9 77 FC F6 F4 70 93 FE 9C D9 AF FF | T:3787906 RPD:1
[CH: 50] LEN: 12 | HEX: F1 77 FE FD FC 73 93 AF 6B 5B BF BF | T:3787907 RPD:0
[CH: 50] LEN: 12 | HEX: F1 77 DD FA FE 74 93 D7 89 1F AF FF | T:3787918 RPD:1
[CH: 50] LEN: 12 | HEX: F9 7F DE FE F6 70 93 FE 9C D9 AF DD | T:3787918 RPD:1
[CH: 50] LEN: 12 | HEX: F3 77 FB FD FE 73 93 FE EB 5B AD F5 | T:3787929 RPD:1
[CH: 50] LEN: 12 | HEX: F1 77 BC FB FC 75 93 FE 14 7A BF DF | T:3787941 RPD:1
[CH: 50] LEN: 12 | HEX: F5 77 FD F2 FE 74 93 FE 89 1F AF 5F | T:3787941 RPD:0
[CH: 50] LEN: 12 | HEX: F9 77 FE F7 FD 79 93 ED 6A 34 AF FF | T:3787952 RPD:1
[CH: 50] LEN: 12 | HEX: F9 77 FD FB FE 75 93 FD 14 75 BF FF | T:3787953 RPD:0
[CH: 50] LEN: 12 | HEX: F9 77 FD FA EE 74 93 FF 49 1F 2F B7 | T:3787964 RPD:1
[CH: 50] LEN: 12 | HEX: F1 77 BB F7 DD 79 93 FD 6A 34 BF FF | T:3787964 RPD:0
[CH: 50] LEN: 12 | HEX: F9 77 BD FA F6 70 93 FD 5C D9 AF FF | T:3787975 RPD:0
[CH: 50] LEN: 12 | HEX: F1 77 ED FB FF 75 93 FF 94 7F AF FF | T:3787987 RPD:1
[CH: 50] LEN: 12 | HEX: F5 77 FD FA FE 74 93 EE 49 1F 3F 7F | T:3787987 RPD:1
[CH: 50] LEN: 12 | HEX: F9 77 DA F9 FE 77 93 FF BE 9D B7 7B | T:3787998 RPD:1
[CH: 50] LEN: 12 | HEX: F1 77 FD F0 F6 76 93 FE A3 DC BF FB | T:3787999 RPD:0
[CH: 50] LEN: 12 | HEX: F9 77 D6 F7 FB 79 93 FF 4A 34 BF 7E | T:3788010 RPD:1
[CH: 50] LEN: 12 | HEX: F9 77 FE FD F4 73 93 FE EB 5B AF DE | T:3788021 RPD:1
[CH: 50] LEN: 12 | HEX: F1 77 FD FC F5 72 93 DF F6 3A AF BF | T:3788021 RPD:0
[CH: 50] LEN: 12 | HEX: F9 77 DC FA FE 74 93 FD 49 1F BF F7 | T:3788033 RPD:1
[CH: 50] LEN: 12 | HEX: F9 77 BA FF EA 70 93 DD DC D9 AF FF | T:3788033 RPD:0
[CH: 50] LEN: 12 | HEX: F9 77 FD FD F6 73 93 FE EB 5B AF BB | T:3788044 RPD:1
[CH: 50] LEN: 12 | HEX: F9 77 FD FA FE 74 93 FE 89 1F AF CE | T:3788056 RPD:1
[CH: 50] LEN: 12 | HEX: F9 77 FE F9 FC 77 93 FE BE 9D B6 F5 | T:3788056 RPD:0
[CH: 50] LEN: 12 | HEX: F9 77 FD FA F4 70 93 DF 9C D9 BD EF | T:3788067 RPD:1
[CH: 50] LEN: 12 | HEX: F9 77 FE FA FE 74 93 FD 09 1E EF FF | T:3788067 RPD:0
[CH: 50] LEN: 12 | HEX: F9 77 FC F9 FE 77 93 FF 3E 9D BB FE | T:3788079 RPD:1
[CH: 50] LEN: 12 | HEX: F9 77 FF FC FE 70 93 FE 9C D9 AF EF | T:3788079 RPD:0
[CH: 50] LEN: 12 | HEX: F9 77 BA F9 EE 73 93 DE 6B 5B BF 7F | T:3788090 RPD:1
[CH: 50] LEN: 12 | HEX: F1 77 FD FB D6 75 93 DD 14 7A AF F7 | T:3788101 RPD:1
[CH: 50] LEN: 12 | HEX: F1 77 7A F2 F5 74 93 FA 89 1F BF FE | T:3788102 RPD:0
[CH: 50] LEN: 12 | HEX: F9 77 FE F7 F9 79 93 DD 6A 34 AF F7 | T:3788113 RPD:1
[CH: 50] LEN: 12 | HEX: F9 77 7E F3 FF 75 93 DD 94 7E AF DF | T:3788113 RPD:0
[CH: 50] LEN: 12 | HEX: F9 77 FD F6 FE 74 93 FE 89 1E AB FE | T:3788125 RPD:1
[CH: 50] LEN: 12 | HEX: F9 77 FD F7 FD 79 93 FE 4A 34 AF 7D | T:3788136 RPD:1
[CH: 50] LEN: 12 | HEX: F1 77 DA FA F6 70 93 DF DC D9 AF EB | T:3788136 RPD:0
[CH: 50] LEN: 12 | HEX: F9 77 FD FB FE 75 93 FF 94 7E AD 3D | T:3788147 RPD:1
[CH: 50] LEN: 12 | HEX: F1 77 F5 F7 BB 79 93 FF 4A 34 BB FB | T:3788148 RPD:0
[CH: 50] LEN: 12 | HEX: ED 77 5E EE EE 70 93 D5 5C D9 BF DF | T:3788159 RPD:1
[CH: 50] LEN: 12 | HEX: F1 77 BD E8 FE 72 93 FF 56 3A AF FF | T:3788159 RPD:0
[CH: 50] LEN: 12 | HEX: F1 77 FF F2 FE 74 93 FA 89 1F BF BF | T:3788171 RPD:1
[CH: 50] LEN: 12 | HEX: F1 77 BD F8 EE 76 93 FD A3 FE BF FF | T:3788182 RPD:1
[CH: 50] LEN: 12 | HEX: F9 77 BD F7 EE 79 93 FF 4A 34 BF 5F | T:3788182 RPD:0
[CH: 50] LEN: 12 | HEX: F9 77 FE FC FE 72 93 FF 56 3E BF 7F | T:3788193 RPD:1
[CH: 50] LEN: 12 | HEX: F9 77 FE F0 FE 76 93 DE A3 E8 BF 77 | T:3788194 RPD:0
[CH: 50] LEN: 12 | HEX: F9 77 FA F7 FD 71 93 FE 4A 34 BF FF | T:3788205 RPD:1
[CH: 50] LEN: 12 | HEX: F5 77 FD FA F6 72 93 FF 56 3A AB FB | T:3788216 RPD:1
[CH: 50] LEN: 12 | HEX: F1 77 FA FB FD 75 93 FD 14 7D AE BB | T:3788217 RPD:0
[CH: 50] LEN: 12 | HEX: F9 77 FE F8 FE 76 93 DD A3 FC AF 7F | T:3788228 RPD:1
[CH: 50] LEN: 12 | HEX: F1 77 FD FD FE 73 93 DE 6B 5B AD FE | T:3788228 RPD:0
[CH: 50] LEN: 12 | HEX: F9 77 BD FA FF 72 93 FD F6 3A AF FF | T:3788239 RPD:1
[CH: 50] LEN: 12 | HEX: F1 77 FD F1 EE 77 13 DF 3C 9D BF 54 | T:3788251 RPD:1
[CH: 50] LEN: 12 | HEX: F9 77 FD F7 FF 79 93 FE EA 34 BB FB | T:3788251 RPD:0
[CH: 50] LEN: 12 | HEX: F1 77 BD FD EC 73 93 FA 6B 5B EF FF | T:3788262 RPD:1
[CH: 50] LEN: 12 | HEX: F9 77 FA F1 FC 77 13 DD 3E 9D BB FD | T:3788263 RPD:0
[CH: 50] LEN: 12 | HEX: F9 77 FD F7 FA 79 93 FD 6A 34 AB FE | T:3788274 RPD:1
[CH: 50] LEN: 12 | HEX: F1 77 BC FD F6 73 93 FE EB 5B BF AF | T:3788274 RPD:0
[CH: 50] LEN: 12 | HEX: F1 77 FA F8 FE 72 93 EB F6 3A AF AD | T:3788285 RPD:1
[CH: 50] LEN: 12 | HEX: F9 77 DE F5 FE 77 93 DE 3C 9D AF 5F | T:3788297 RPD:1
[CH: 50] LEN: 12 | HEX: F1 77 BD F8 FE 76 93 FF 63 FE AD FD | T:3788297 RPD:0
[CH: 50] LEN: 12 | HEX: F9 77 DC FE FE 70 93 FA DC D9 AF BF | T:3788308 RPD:1
[CH: 50] LEN: 12 | HEX: F9 77 BE FA F6 74 93 DF 09 1E BF FF | T:3788308 RPD:0
[CH: 50] LEN: 12 | HEX: F1 77 FB F1 DE 77 93 FA 3D 9D AF FF | T:3788320 RPD:1
[CH: 50] LEN: 12 | HEX: F9 77 5F F4 FC 70 93 DB DC D9 BF FF | T:3788331 RPD:1
[CH: 50] LEN: 12 | HEX: F9 77 F9 FD EC 73 93 FD 6B 5B BF FF | T:3788331 RPD:0
[CH: 50] LEN: 12 | HEX: F5 77 BB F2 F6 74 93 D5 09 1E AF FF | T:3788343 RPD:1
[CH: 50] LEN: 12 | HEX: F1 77 B9 AE FE 70 93 AF DC D9 AD 75 | T:3788343 RPD:0
[CH: 50] LEN: 12 | HEX: F9 77 F6 FD F4 73 93 FE EB 5B BF FF | T:3788354 RPD:1
[CH: 50] LEN: 12 | HEX: F1 77 FA FA FE 74 93 FF 49 1F BD B7 | T:3788354 RPD:0
[CH: 50] LEN: 12 | HEX: F9 77 FE F1 DC 77 93 FA BC 9D AB FD | T:3788366 RPD:1
[CH: 50] LEN: 12 | HEX: F9 77 ED F7 EC 79 93 FE AA 34 AD FF | T:3788377 RPD:1
[CH: 50] LEN: 12 | HEX: F9 77 FF FA FA 70 93 DE DC D9 BF FF | T:3788377 RPD:0
[CH: 50] LEN: 12 | HEX: F9 77 FD F7 FC 75 93 FD 14 7E BF FB | T:3788389 RPD:1
[CH: 50] LEN: 12 | HEX: F9 77 BA F7 F4 79 93 DD 6A 34 BD FF | T:3788389 RPD:0
[CH: 50] LEN: 12 | HEX: F9 77 DE F5 FE 70 93 EA DC D9 BF FF | T:3788400 RPD:1
[CH: 50] LEN: 12 | HEX: F1 77 BD FB FB 75 93 FE 94 7E AF FF | T:3788411 RPD:1
[CH: 50] LEN: 12 | HEX: F1 77 FD FA FA 74 93 DD 09 1F BB FF | T:3788412 RPD:1
[CH: 50] LEN: 12 | HEX: F9 77 FC F7 BB 79 93 DA EA 34 BF BE | T:3788423 RPD:1
[CH: 50] LEN: 12 | HEX: F1 77 7E EA F6 72 93 FA B6 3A AD FF | T:3788423 RPD:0
[CH: 50] LEN: 12 | HEX: F9 77 FC FB FE 75 93 DF 14 7E BB FF | T:3788435 RPD:1
[CH: 50] LEN: 12 | HEX: F1 77 FD F8 FE 7E 93 FD 23 B8 AF FF | T:3788446 RPD:1
[CH: 50] LEN: 12 | HEX: F1 77 FD F7 DE 79 93 FD 6A 34 BF EF | T:3788446 RPD:0
[CH: 50] LEN: 12 | HEX: F1 77 FA F8 F6 72 93 FD 56 3A AD FE | T:3788457 RPD:1
[CH: 50] LEN: 12 | HEX: F1 77 FD F8 FE 76 93 FD 63 FC B7 FF | T:3788458 RPD:0
[CH: 50] LEN: 12 | HEX: F9 77 FA F7 FD 79 93 EE AA 34 BE DF | T:3788469 RPD:1
[CH: 50] LEN: 12 | HEX: F1 77 FF FC FA 72 93 B6 B6 3A AD 5B | T:3788469 RPD:0
[CH: 50] LEN: 12 | HEX: F9 77 FE FB FE 75 93 FD 94 74 B7 FF | T:3788481 RPD:1
[CH: 50] LEN: 12 | HEX: F9 77 FE F8 FE 76 93 FE E3 FC BE FB | T:3788492 RPD:1
[CH: 50] LEN: 12 | HEX: F1 77 D6 F7 FD 79 93 FD 6A 34 AB 74 | T:3788492 RPD:0
[CH: 50] LEN: 12 | HEX: F9 77 FD FC FE 72 93 DD F6 3A AF FF | T:3788503 RPD:1
[CH: 50] LEN: 12 | HEX: F9 77 FA F1 D6 77 93 DD BE 9D B7 EF | T:3788504 RPD:0
[CH: 50] LEN: 12 | HEX: F1 77 FD F8 FE 76 93 FE A3 FC BF FF | T:3788515 RPD:1
[CH: 50] LEN: 12 | HEX: F9 77 FD FD EE 73 93 FD 6B 5B BF EF | T:3788526 RPD:1
[CH: 50] LEN: 12 | HEX: F9 77 BD F4 F6 72 93 D5 76 3A AF 7B | T:3788526 RPD:0
[CH: 50] LEN: 12 | HEX: F1 77 FD F1 EE 77 93 FE 3C 9D BE BF | T:3788538 RPD:1
[CH: 50] LEN: 12 | HEX: F1 77 FE F5 EE 73 93 FD EB 5B BF ED | T:3788538 RPD:0
[CH: 50] LEN: 12 | HEX: F1 77 FC F4 EE 72 93 DE F6 3A AF 7F | T:3788549 RPD:1
[CH: 50] LEN: 12 | HEX: F9 77 BC F1 FE 77 93 DF BC 9D BD B7 | T:3788550 RPD:0
[CH: 50] LEN: 12 | HEX: F9 77 DD F8 FE 76 93 DD A3 F8 AE DF | T:3788561 RPD:0
[CH: 50] LEN: 12 | HEX: F9 77 FF 00 00 71 93 EE E3 A0 BF FF | T:3788581 RPD:1
[CH: 50] LEN: 12 | HEX: F1 77 FA 80 00 71 93 BF 63 A0 BF FF | T:3788582 RPD:1
[CH: 50] LEN: 12 | HEX: F0 6D FE 80 F6 F7 9C F7 44 95 AE F7 | T:3788612 RPD:1
[CH: 50] LEN: 12 | HEX: F0 6D FF 00 FE E7 9C F7 44 95 AE EB | T:3788612 RPD:1
[CH: 50] LEN: 12 | HEX: F9 77 FA 80 00 71 9C FB 73 9E AD F6 | T:3788881 RPD:1
[CH: 50] LEN: 12 | HEX: F0 6D FF 80 FE F7 9C FF 44 95 B7 BF | T:3788911 RPD:1
[CH: 50] LEN: 12 | HEX: F0 6D FD 80 FE F7 9C F7 44 95 AF EF | T:3788912 RPD:1
[CH: 50] LEN: 12 | HEX: F9 77 FD 00 00 71 9C FF 73 BE BB FE | T:3789181 RPD:1
[CH: 50] LEN: 12 | HEX: F1 77 FD 00 00 71 9C FF 73 9E AB 7B | T:3789181 RPD:1
[CH: 50] LEN: 12 | HEX: F8 6D FF 00 FE F7 9C FF 44 95 BB FF | T:3789211 RPD:1
[CH: 50] LEN: 12 | HEX: F0 6D FE 00 FE F7 9C FF 44 95 BF F5 | T:3789212 RPD:1
[CH: 50] LEN: 12 | HEX: F5 77 FE 80 00 71 9C FE 73 9E AF 7D | T:3789480 RPD:1
[CH: 50] LEN: 12 | HEX: F9 77 EE 00 00 71 9C FF 73 9E BA FF | T:3789481 RPD:1
[CH: 50] LEN: 12 | HEX: F8 6D EE 00 FE F7 9C F7 44 95 BE FD | T:3789511 RPD:1
[CH: 50] LEN: 12 | HEX: F8 6D EF 00 FE F7 9C FF 44 95 BF FF | T:3789512 RPD:1
[CH: 50] LEN: 12 | HEX: F9 77 AD 00 00 71 9C FF 73 9C AF F7 | T:3789780 RPD:1
[CH: 50] LEN: 12 | HEX: F9 77 BE 80 00 71 9C F7 73 9E AE FE | T:3789781 RPD:1
[CH: 50] LEN: 12 | HEX: F8 6D EE 00 FE F7 9C F6 44 95 AB FF | T:3789811 RPD:1
[CH: 50] LEN: 12 | HEX: F4 6D FF 00 FE F7 9C FF 44 95 BF F7 | T:3789811 RPD:1
[CH: 50] LEN: 12 | HEX: F1 77 FD 80 00 71 9C FF 73 9C AA EF | T:3790080 RPD:1
[CH: 50] LEN: 12 | HEX: F1 77 FA 00 00 71 9C FF 73 9D AD FD | T:3790080 RPD:1
[CH: 50] LEN: 12 | HEX: F0 6D FF 80 EE F7 9C EA 44 95 BB DC | T:3790110 RPD:1
[CH: 50] LEN: 12 | HEX: F0 6D EE 00 FE F7 9C FF 44 95 AE FD | T:3790111 RPD:1
[CH: 50] LEN: 12 | HEX: F5 77 FD 00 00 71 9C FE 73 9E AF FB | T:3790379 RPD:1
[CH: 50] LEN: 12 | HEX: F9 77 EF 00 00 71 9C FE F3 9E AE BF | T:3790380 RPD:1
[CH: 50] LEN: 12 | HEX: F8 6D FE 00 FE F7 9C FB 44 95 AF FF | T:3790410 RPD:1
[CH: 50] LEN: 12 | HEX: F0 6D F7 00 F4 F7 9C FE 44 95 BD BC | T:3790411 RPD:1
[CH: 50] LEN: 12 | HEX: F1 77 FD 00 00 71 9C F5 73 9E AF BE | T:3790679 RPD:1
[CH: 50] LEN: 12 | HEX: F9 77 FF 00 00 71 9C EE 73 9E BF FF | T:3790680 RPD:1
[CH: 50] LEN: 12 | HEX: F0 6D EB 00 EE E7 1C FF 44 95 BD EF | T:3790710 RPD:1
[CH: 50] LEN: 12 | HEX: F0 6D F6 00 FE F7 9C FF 44 95 AF F1 | T:3790710 RPD:1
[CH: 50] LEN: 12 | HEX: F1 77 F5 00 00 71 9C FA 73 9C BB FB | T:3790979 RPD:1
[CH: 50] LEN: 12 | HEX: F9 77 FF 00 00 71 9C FF 77 9E BF EF | T:3790980 RPD:1
[CH: 50] LEN: 12 | HEX: F0 6D FF 00 EE F7 9C FF 44 95 BF FF | T:3791009 RPD:1
[CH: 50] LEN: 12 | HEX: F0 6D FF 80 FE F7 9C FB 44 95 AF FF | T:3791010 RPD:1
[CH: 50] LEN: 12 | HEX: F1 77 BF 00 00 71 9C FF 73 9C AB 7E | T:3791279 RPD:1
[CH: 50] LEN: 12 | HEX: F1 77 DE 00 00 71 9C EB 73 9D AF FF | T:3791279 RPD:1
[CH: 50] LEN: 12 | HEX: F0 6D FE 80 FE F7 9C EE C4 95 AA FF | T:3791309 RPD:1
[CH: 50] LEN: 12 | HEX: F0 6D F7 00 F6 F7 9C F7 44 95 AF FA | T:3791310 RPD:1
[CH: 50] LEN: 12 | HEX: F9 77 FE 80 00 71 9C FF 73 9E AF FE | T:3791578 RPD:1
[CH: 50] LEN: 12 | HEX: F1 77 B5 00 00 71 9C F7 7B 9E BA EF | T:3791579 RPD:1
[CH: 50] LEN: 12 | HEX: F0 6D FB 00 FA F7 1C FF 44 95 AE FD | T:3791609 RPD:1
[CH: 50] LEN: 12 | HEX: F0 6D FF 80 EC F7 9C F5 44 95 BB FB | T:3791610 RPD:1
[CH: 50] LEN: 12 | HEX: F1 77 AD 00 00 71 9C FE F3 9E AD EB | T:3791878 RPD:1
[CH: 50] LEN: 12 | HEX: F1 77 BE 80 00 71 9C EF 73 9E BB 7B | T:3791879 RPD:1
[CH: 50] LEN: 12 | HEX: F8 6D FD 00 F4 F7 9C FF 44 95 AE F7 | T:3791909 RPD:1
[CH: 50] LEN: 12 | HEX: F8 6D FF 00 FE F7 9C F7 44 95 AF BF | T:3791909 RPD:1
[CH: 50] LEN: 12 | HEX: F1 77 EE 80 00 71 9C F5 73 9E AF 5D | T:3792178 RPD:1
[CH: 50] LEN: 12 | HEX: E9 77 DE 80 00 71 9C EA 73 9E BE EF | T:3792179 RPD:1
[CH: 50] LEN: 12 | HEX: F8 6D FB 00 FE F7 9C FF 44 95 BF 77 | T:3792208 RPD:1
[CH: 50] LEN: 12 | HEX: F8 6D F6 00 F6 E7 9C F7 44 95 AE FF | T:3792209 RPD:1
[CH: 50] LEN: 12 | HEX: F1 77 FE 80 00 71 9C F7 73 9E AA FF | T:3792478 RPD:1
[CH: 50] LEN: 12 | HEX: F1 77 F4 80 00 71 9C FF 73 9E BB FF | T:3792478 RPD:1
[CH: 50] LEN: 12 | HEX: F8 6D FF 80 FA F7 9C FF 44 95 BF AA | T:3792508 RPD:1
[CH: 50] LEN: 12 | HEX: F8 6D FF 00 FE F7 9C F6 44 95 AD B7 | T:3792509 RPD:1
[CH: 50] LEN: 12 | HEX: F1 77 DE 00 00 71 9C EA 73 9E AD FF | T:3792777 RPD:1
[CH: 50] LEN: 12 | HEX: F1 77 BF 00 00 71 9C FF 73 9C AF F4 | T:3792778 RPD:1
[CH: 50] LEN: 12 | HEX: F8 6D FF 80 FE F7 9C FF 44 95 AF 6E | T:3792808 RPD:1
[CH: 50] LEN: 12 | HEX: F0 6D FD 80 F5 F7 9C FF 44 95 AD FF | T:3792809 RPD:1
[CH: 50] LEN: 12 | HEX: F1 77 7F 00 00 71 9C FE 73 9E BF ED | T:3793077 RPD:1
[CH: 50] LEN: 12 | HEX: F9 77 B5 00 00 71 9C EB 73 9E AF F5 | T:3793078 RPD:1
[CH: 50] LEN: 12 | HEX: E8 6D F7 00 F6 F7 9C FF 44 95 BF FE | T:3793122 RPD:1
[CH: 50] LEN: 12 | HEX: F0 6D FF 80 FE F7 9C FF 44 95 BF BE | T:3793123 RPD:1
[CH: 50] LEN: 12 | HEX: F2 76 ED 80 8C F7 9C F5 18 7A BD 3D | T:3793153 RPD:1
[CH: 50] LEN: 12 | HEX: FA 76 F5 F5 73 F7 9C F7 E6 87 BF FB | T:3793184 RPD:1
[CH: 50] LEN: 12 | HEX: FA 76 FD FD 70 F7 9C F7 93 89 AF FF | T:3793187 RPD:1
[CH: 50] LEN: 12 | HEX: FA 76 F4 FC 71 F7 9C FF 4F 6C BB EF | T:3793191 RPD:1
[CH: 50] LEN: 12 | HEX: FA 76 F4 F3 76 F7 9C FF 79 95 AE FB | T:3793202 RPD:1
[CH: 50] LEN: 12 | HEX: F2 76 FE F2 77 57 9C FF 65 70 BF FF | T:3793203 RPD:0
[CH: 50] LEN: 12 | HEX: F6 76 F6 F9 74 F7 1C EF 50 7E AB DD | T:3793214 RPD:1
[CH: 50] LEN: 12 | HEX: FA 76 F5 F8 75 F7 9C FF 0C 9B AD FB | T:3793214 RPD:0
[CH: 50] LEN: 12 | HEX: FA 76 FA F7 7A F7 9C FF 3D 8C AF F7 | T:3793225 RPD:0
[CH: 50] LEN: 12 | HEX: FA 76 FE F5 78 E7 9E FA 14 67 BF FD | T:3793244 RPD:1
[CH: 50] LEN: 12 | HEX: F2 76 FE E4 71 F7 1C EE 88 82 BE FB | T:3793274 RPD:1
[CH: 50] LEN: 12 | HEX: FA 76 FE F3 7E F7 9C F7 7E 7B FD DF | T:3793304 RPD:1
[CH: 50] LEN: 12 | HEX: F2 76 FE FA 7F D7 9C F5 22 9E AF FF | T:3793334 RPD:1
[CH: 50] LEN: 12 | HEX: FA 76 FE F1 7C F7 9C FB 57 90 AC FD | T:3793364 RPD:1
[CH: 50] LEN: 12 | HEX: F2 76 FE F0 7D E7 9C FF 8B 75 BF FF | T:3793394 RPD:1
[CH: 50] LEN: 12 | HEX: FA 76 FE EF 62 F7 9C F7 25 9F BF FF | T:3793424 RPD:1
[CH: 50] LEN: 12 | HEX: F2 76 FE EE 63 F7 9C FF D1 7A AD EF | T:3793454 RPD:1
[CH: 50] LEN: 12 | HEX: FA 76 EA ED 60 F7 9C FF 8C 74 AF ED | T:3793484 RPD:1
[CH: 50] LEN: 12 | HEX: FA 76 FE EC 61 E7 9C FE D0 91 AF 7B | T:3793514 RPD:1
[CH: 50] LEN: 12 | HEX: FA 76 FE EB 66 F7 9C FF 66 68 BE FF | T:3793544 RPD:1
[CH: 50] LEN: 12 | HEX: F2 76 FB EA 67 77 1C F7 3A 8D AD 5F | T:3793574 RPD:1
[CH: 50] LEN: 12 | HEX: EE 76 FA E9 64 F7 1C EE 8F 83 AF FD | T:3793604 RPD:1
[CH: 50] LEN: 12 | HEX: FA 76 F4 E8 65 E7 9C FB 13 66 B5 DE | T:3793634 RPD:1
[CH: 50] LEN: 12 | HEX: FA 76 FE E7 6A F7 9C FF A2 71 AF FA | T:3793664 RPD:1
[CH: 50] LEN: 12 | HEX: FA 76 FE E6 6B F7 9C FE 7E 94 AF F7 | T:3793694 RPD:1
[CH: 50] LEN: 12 | HEX: FA 76 FE E5 68 F7 9C F7 0B 9A BF FF | T:3793724 RPD:1
[CH: 50] LEN: 12 | HEX: FA 76 F6 E4 69 F7 9C F7 B7 7F BF BF | T:3793754 RPD:1
[CH: 50] LEN: 12 | HEX: FA 76 F6 E3 6E E7 9C FE A1 86 AF FD | T:3793784 RPD:1
[CH: 50] LEN: 12 | HEX: F2 76 F6 E2 6F E7 5C FF 3D 63 AD FF | T:3793814 RPD:1
[CH: 50] LEN: 12 | HEX: FA 76 F6 E1 6C F7 1C EE 48 6D BF F7 | T:3793844 RPD:1
[CH: 50] LEN: 12 | HEX: F2 76 FE E0 6D F7 9C FF 54 88 BB 57 | T:3793874 RPD:1
[CH: 50] LEN: 12 | HEX: FA 76 FA DF 52 F7 1C F6 05 98 AF BF | T:3793904 RPD:1
[CH: 50] LEN: 12 | HEX: F2 76 FE F4 73 F7 9C FE A6 87 AB FF | T:3793934 RPD:1
[CH: 50] LEN: 12 | HEX: F2 76 FE FF 70 F7 1E EF 93 89 BF FE | T:3793937 RPD:1
[CH: 50] LEN: 12 | HEX: F2 76 FE EC 71 E7 9C FF 4F 6C AF FF | T:3793940 RPD:1
[CH: 50] LEN: 12 | HEX: EE 76 FE FB 76 E7 9C FF 79 95 BB BF | T:3793952 RPD:1
[CH: 50] LEN: 12 | HEX: F2 76 FE FA 77 F7 9C FF A5 70 AD FF | T:3793952 RPD:1
[CH: 50] LEN: 12 | HEX: F2 76 FE F0 75 E7 9C FF 0C 9B AF FF | T:3793963 RPD:1
[CH: 50] LEN: 12 | HEX: FA 76 FE F7 7A F7 9C F7 BD 8C BE FD | T:3793963 RPD:0
[CH: 50] LEN: 12 | HEX: F2 76 FE F6 7B DF 9C F5 61 69 AF FD | T:3793975 RPD:0
[CH: 50] LEN: 12 | HEX: F2 76 FE F5 78 E7 9C F6 14 67 BF DB | T:3793992 RPD:1
[CH: 50] LEN: 12 | HEX: EA 76 FE E4 71 DF 9C F7 A8 82 AF FF | T:3794023 RPD:1
[CH: 50] LEN: 12 | HEX: FA 76 F6 F3 75 F7 9C FF 5E 7B BF FF | T:3794053 RPD:1
[CH: 50] LEN: 12 | HEX: FA 76 FE F2 7B A7 9C F5 22 9E BE DD | T:3794082 RPD:1
[CH: 50] LEN: 12 | HEX: FA 76 FA F1 7C F7 9C FF 57 10 BF FF | T:3794112 RPD:1
[CH: 50] LEN: 12 | HEX: FA 76 FE F0 75 E7 9C FF 8B 75 AF FF | T:3794142 RPD:1
[CH: 50] LEN: 12 | HEX: F2 76 FE EF 62 F7 1C FF 25 9F BB BF | T:3794172 RPD:1
[CH: 50] LEN: 12 | HEX: F2 76 F4 EE 63 F7 9C EF F9 7A BF DE | T:3794202 RPD:1
[CH: 50] LEN: 12 | HEX: F2 76 FE ED 60 F7 9C FF CC 74 AD 6B | T:3794232 RPD:1
[CH: 50] LEN: 12 | HEX: F2 7E FE EC 61 F7 9C FF 50 91 AD BF | T:3794262 RPD:1
[CH: 50] LEN: 12 | HEX: EA 76 FE EB 66 F7 9C FF 66 68 AF F7 | T:3794292 RPD:1
[CH: 50] LEN: 12 | HEX: FA 76 FE EA 67 F7 9C EE BA 8D BD 7F | T:3794322 RPD:1
[CH: 50] LEN: 12 | HEX: F6 76 FE E9 64 F7 9C FB 8F 03 AF DD | T:3794352 RPD:1
[CH: 50] LEN: 12 | HEX: F2 76 FA E8 65 F7 9C FF 13 66 AF DE | T:3794382 RPD:1
[CH: 50] LEN: 12 | HEX: EA 76 FE E7 6A E7 9C FE A2 71 BF DB | T:3794412 RPD:1
[CH: 50] LEN: 12 | HEX: FA 76 FE E6 6B F7 9C FE FC 94 BF BE | T:3794442 RPD:1
[CH: 50] LEN: 12 | HEX: F2 76 F4 E5 68 F7 9C F7 0B 9A AB FE | T:3794472 RPD:1
[CH: 50] LEN: 12 | HEX: EE 76 F6 E4 69 F7 9C FF 57 7F 2F EE | T:3794502 RPD:1
[CH: 50] LEN: 12 | HEX: FA 76 FE E3 6E E7 9C F7 E1 86 AD FF | T:3794532 RPD:1
[CH: 50] LEN: 12 | HEX: F2 76 F6 E2 6F F7 9C F7 3D 63 AF F7 | T:3794562 RPD:1
[CH: 50] LEN: 12 | HEX: F2 76 FE E1 6C E7 9C FE 48 6D BF F6 | T:3794592 RPD:1
[CH: 50] LEN: 12 | HEX: FA 76 F6 E0 6D F7 9C F7 54 88 AB FD | T:3794622 RPD:1
[CH: 50] LEN: 12 | HEX: FA 76 F6 DF 52 F7 1C EE 05 98 BF FF | T:3794652 RPD:1
[CH: 50] LEN: 12 | HEX: F2 76 FE F5 73 E7 9C FF 46 87 BD BD | T:3794682 RPD:1
[CH: 50] LEN: 12 | HEX: F2 76 F6 FD 70 F7 9C FD 53 89 AF FE | T:3794686 RPD:1
[CH: 50] LEN: 12 | HEX: FA 76 FE F8 71 E7 9C FF 4F 6C AB 7F | T:3794690 RPD:1
[CH: 50] LEN: 12 | HEX: F2 76 FE FB 76 F7 9C FB 79 95 BB F7 | T:3794701 RPD:1
[CH: 50] LEN: 12 | HEX: F2 76 FE F2 77 F7 9C EF 65 70 BF DF | T:3794701 RPD:1
[CH: 50] LEN: 12 | HEX: F2 76 F6 F9 74 F7 9C F7 D0 7E BE FF | T:3794712 RPD:1
[CH: 50] LEN: 12 | HEX: F2 76 EC F8 75 F7 1C FE 8C 9B BD B7 | T:3794713 RPD:0
[CH: 50] LEN: 12 | HEX: FA 76 FA F7 7A F7 9C FF BD 8C AF F7 | T:3794724 RPD:0
[CH: 50] LEN: 12 | HEX: F2 76 FE F5 78 E7 1E FF 14 67 2F FF | T:3794743 RPD:1
[CH: 50] LEN: 12 | HEX: FA 76 FE E4 71 E7 9C FF E8 82 AE A9 | T:3794773 RPD:1
[CH: 50] LEN: 12 | HEX: F2 76 FE F3 7E F7 9C FF 7E 77 AF F7 | T:3794803 RPD:1
[CH: 50] LEN: 12 | HEX: F2 76 FE F2 7B D7 1C FE 22 9E AB 7F | T:3794833 RPD:1
[CH: 50] LEN: 12 | HEX: F2 76 F6 F1 7C F7 9C FF 57 90 AF BF | T:3794863 RPD:1
[CH: 50] LEN: 12 | HEX: FA 76 FE F0 7D D7 9C F7 8B 75 A7 BB | T:3794893 RPD:1
[CH: 50] LEN: 12 | HEX: F2 76 FE EF 62 F7 9C FF 25 9F AF EA | T:3794923 RPD:1
[CH: 50] LEN: 12 | HEX: F2 76 FA ED 60 F7 9C F5 8C 74 AF FF | T:3794983 RPD:1
[CH: 50] LEN: 12 | HEX: F2 76 F6 EC 61 E7 9C FF 50 91 BF FF | T:3795013 RPD:1
[CH: 50] LEN: 12 | HEX: FA 76 FE EB 66 E7 9C F7 66 68 BA DF | T:3795043 RPD:1
[CH: 50] LEN: 12 | HEX: F2 76 FE EA 67 F7 9C FF FA 8D BF 9E | T:3795073 RPD:1
[CH: 50] LEN: 12 | HEX: F2 76 FE E9 64 F7 9C FF 4F 83 AF FF | T:3795103 RPD:1
[CH: 50] LEN: 12 | HEX: FA 76 FA E8 65 E7 9C FD 13 66 AF DD | T:3795133 RPD:1
[CH: 50] LEN: 12 | HEX: F2 76 F6 E7 6A F7 9C FF E2 71 AF FF | T:3795163 RPD:1
[CH: 50] LEN: 12 | HEX: FA 76 FE E6 6B DF 1C EF 7E 94 BF FF | T:3795192 RPD:1
[CH: 50] LEN: 12 | HEX: F2 76 FE E5 68 D6 98 EA 0B 5A AE DA | T:3795222 RPD:1
[CH: 50] LEN: 12 | HEX: F2 76 FA E4 69 F7 9C FF D7 7F BF FF | T:3795252 RPD:1
[CH: 50] LEN: 12 | HEX: F2 76 FE E3 6E F7 9C FD A1 86 AF DF | T:3795282 RPD:1
[CH: 50] LEN: 12 | HEX: FA 76 FA E2 6F FF DC FF 39 63 BF FB | T:3795312 RPD:1
[CH: 50] LEN: 12 | HEX: F2 76 F6 E1 6C EF 9C F6 48 6D BF FF | T:3795342 RPD:1
[CH: 50] LEN: 12 | HEX: EE 76 F4 E0 6D E7 9C F7 94 88 BE FF | T:3795372 RPD:1
[CH: 50] LEN: 12 | HEX: FA 76 FE DF 52 F7 9C FF 05 98 AD BF | T:3795402 RPD:1
[CH: 50] LEN: 12 | HEX: FA 76 FE FE 73 F7 5C F7 46 87 BD FF | T:3795432 RPD:1
[CH: 50] LEN: 12 | HEX: F2 76 F5 F5 70 F7 9C FD 13 89 AF F7 | T:3795436 RPD:1
[CH: 50] LEN: 12 | HEX: F2 76 FE F4 71 D7 1C FA CF 6C AE FF | T:3795440 RPD:1
[CH: 50] LEN: 12 | HEX: F2 76 FE FB 76 F7 9C FD 79 95 BF BF | T:3795451 RPD:1
[CH: 50] LEN: 12 | HEX: FA 7E FE FA 77 F7 9C F7 A5 70 BF DA | T:3795451 RPD:1
[CH: 50] LEN: 12 | HEX: FA 76 FE F9 74 F7 9C F7 50 7E BF DF | T:3795463 RPD:1
[CH: 50] LEN: 12 | HEX: FA 76 FE F4 75 E7 9C FE 0C 9B BF 7B | T:3795463 RPD:0
[CH: 50] LEN: 12 | HEX: F2 76 FE F7 7A F7 9C FE FD 8C AF BF | T:3795474 RPD:1
[CH: 50] LEN: 12 | HEX: FA 76 FE F6 73 E7 9C FF 61 69 B5 EB | T:3795486 RPD:1
[CH: 50] LEN: 12 | HEX: FA 76 FE F5 78 F7 9C FF 14 67 BD F6 | T:3795494 RPD:1
[CH: 50] LEN: 12 | HEX: FA 76 FE F4 75 E7 9C FE 88 82 BF EF | T:3795524 RPD:1
[CH: 50] LEN: 12 | HEX: FA 76 FE F3 7E F7 9C FF BE 7B AA FD | T:3795554 RPD:1
[CH: 50] LEN: 12 | HEX: F2 76 FA F2 7F A7 DC FE 22 9E BF FF | T:3795584 RPD:1
[CH: 50] LEN: 12 | HEX: FA 76 FE F1 7C F7 9C FB 57 90 AA A5 | T:3795614 RPD:1
[CH: 50] LEN: 12 | HEX: F2 76 F6 F0 79 E7 9C F7 8B 75 BF FF | T:3795644 RPD:1
[CH: 50] LEN: 12 | HEX: F2 76 EE EE 62 F7 1C FF 25 9E AD FF | T:3795674 RPD:1
[CH: 50] LEN: 12 | HEX: F2 76 F5 EE 63 D7 9C FF A9 7A AB FF | T:3795704 RPD:1
[CH: 50] LEN: 12 | HEX: FA 76 F6 ED 60 E7 5C FF 8C 74 AF BE | T:3795734 RPD:1
[CH: 50] LEN: 12 | HEX: FA 76 FA EC 61 F7 9C FF 50 91 AB BB | T:3795764 RPD:1
[CH: 50] LEN: 12 | HEX: FA 76 FE EB 66 F7 9C FE 66 68 AF 77 | T:3795794 RPD:1
[CH: 50] LEN: 12 | HEX: FA 76 FC EA 67 F7 9C FF BA 8D BD BD | T:3795824 RPD:1
[CH: 50] LEN: 12 | HEX: FA 76 F6 E9 64 F7 9C FF 8F 03 A9 FF | T:3795854 RPD:1
[CH: 50] LEN: 12 | HEX: F2 76 FE E8 65 F7 1C EE 13 66 BF D5 | T:3795884 RPD:1
[CH: 50] LEN: 12 | HEX: FA 76 FE E7 6A E7 1C F5 22 71 AD 66 | T:3795914 RPD:1
[CH: 50] LEN: 12 | HEX: FA 76 FE E6 6B F7 9C FF 7E 94 AF FB | T:3795944 RPD:1
[CH: 50] LEN: 12 | HEX: FA 7B DE 80 81 EF 9C F7 AB F6 BF AF | T:3796150 RPD:1
[CH: 50] LEN: 12 | HEX: F2 7B FE 80 81 F7 9C FB CB F6 BF 57 | T:3796150 RPD:1
[CH: 50] LEN: 12 | HEX: F1 77 AC FC F6 70 9C ED 4C E7 3E BF | T:3796181 RPD:1
[CH: 50] LEN: 12 | HEX: F1 77 BD E9 FE 73 9C FF 7B 65 AF FF | T:3796184 RPD:1
[CH: 50] LEN: 12 | HEX: F1 77 FB F8 EA 72 9C F7 66 04 BF D7 | T:3796187 RPD:1
[CH: 50] LEN: 12 | HEX: F1 77 FD FA F4 74 9C EF 19 21 BF FB | T:3796198 RPD:1
[CH: 50] LEN: 12 | HEX: F1 77 FF F9 FE 77 9C FF 2E A3 AF 7F | T:3796199 RPD:1
[CH: 50] LEN: 12 | HEX: F1 77 BF F8 F6 76 9C FF 33 C2 AF 7F | T:3796210 RPD:1
[CH: 50] LEN: 12 | HEX: F9 77 FE F7 76 79 9C FF 5A 0A BD ED | T:3796221 RPD:1
[CH: 50] LEN: 12 | HEX: F1 77 FA F6 FE 70 9C F7 4C E7 EF B6 | T:3796221 RPD:0
[CH: 50] LEN: 12 | HEX: F9 77 FC F4 FE 72 9C FA E6 04 BF F7 | T:3796233 RPD:1
[CH: 50] LEN: 12 | HEX: F9 77 FA F8 FE 76 9C FF 73 C2 B7 E6 | T:3796233 RPD:0
[CH: 50] LEN: 12 | HEX: F9 77 FA FE FE 70 9C FF AC E7 AF FF | T:3796244 RPD:1
[CH: 50] LEN: 12 | HEX: F1 77 BE EA FE 72 9C EF E6 04 BB FD | T:3796245 RPD:0
[CH: 50] LEN: 12 | HEX: F9 77 BC FB BC 75 9C FF 04 40 AE FB | T:3796256 RPD:1
[CH: 50] LEN: 12 | HEX: F1 77 F4 F8 FE 76 9C F5 B3 C2 B7 FF | T:3796267 RPD:1
[CH: 50] LEN: 12 | HEX: F9 77 BD F7 AC 79 9E FF AA 0A AE FE | T:3796267 RPD:0
[CH: 50] LEN: 12 | HEX: F1 77 F5 FC FA 72 9C FB 46 04 AF FB | T:3796279 RPD:1
[CH: 50] LEN: 12 | HEX: F9 77 BA F9 FE 77 9C EB 2E A3 B7 F7 | T:3796279 RPD:0
[CH: 50] LEN: 12 | HEX: F1 77 FD E8 EC 76 9C FF F3 C2 BF EF | T:3796290 RPD:1
[CH: 50] LEN: 12 | HEX: F1 77 B5 FD FD 73 9C FF 73 65 B7 EE | T:3796302 RPD:1
[CH: 50] LEN: 12 | HEX: F1 77 DD EA EA 72 9C F7 46 04 AF FF | T:3796302 RPD:0
[CH: 50] LEN: 12 | HEX: F9 77 BD F1 FE 77 9C FF 2E A3 AF DF | T:3796313 RPD:1
[CH: 50] LEN: 12 | HEX: F1 77 DE F9 BE 73 9C FF 7B 65 AF D3 | T:3796313 RPD:0
[CH: 50] LEN: 12 | HEX: F9 77 FD FC FE 72 9D FF 46 04 BA FD | T:3796325 RPD:1
[CH: 50] LEN: 12 | HEX: F9 77 FD F9 EE 77 9C FF 2E A3 AF 7F | T:3796325 RPD:0
[CH: 50] LEN: 12 | HEX: F9 77 FF F8 FE 76 9C F6 B3 E2 AE FB | T:3796336 RPD:1
[CH: 50] LEN: 12 | HEX: F9 77 FD FD FE 73 9C FF 7B 65 AE FB | T:3796348 RPD:1
[CH: 50] LEN: 12 | HEX: F9 77 BD FC FE 72 9C FE A6 04 BF FE | T:3796348 RPD:0
[CH: 50] LEN: 12 | HEX: F9 77 AC FA FE 74 9C FF 59 21 BF EF | T:3796359 RPD:1
[CH: 50] LEN: 12 | HEX: F5 77 BC FA F4 70 9C FF 4C E7 AF FF | T:3796359 RPD:0
[CH: 50] LEN: 12 | HEX: F9 77 B4 F9 F7 73 9C FA 7B 65 BF DF | T:3796371 RPD:1
[CH: 50] LEN: 12 | HEX: F1 77 FB FA FD 74 9C F7 59 21 AF EF | T:3796382 RPD:1
[CH: 50] LEN: 12 | HEX: F1 77 FA F8 FE 76 9C FF 33 82 BB AD | T:3796382 RPD:0
[CH: 50] LEN: 12 | HEX: F9 77 AD FE FE 70 9C FF 6C E7 BF FF | T:3796394 RPD:1
[CH: 50] LEN: 12 | HEX: F9 77 DD FA FE 74 9C FB 99 21 AF ED | T:3796394 RPD:0
[CH: 50] LEN: 12 | HEX: F9 77 D6 F1 FE 77 9C FF 2E A3 AF FF | T:3796405 RPD:1
[CH: 50] LEN: 12 | HEX: F1 77 F5 FE FA 70 9C FB CC E7 BD FF | T:3796416 RPD:1
[CH: 50] LEN: 12 | HEX: F1 77 BA F5 FE 73 9C F7 7B 65 AF FF | T:3796417 RPD:0
[CH: 50] LEN: 12 | HEX: F5 77 DE FB EC 75 9C FF 04 40 AF EB | T:3796428 RPD:1
[CH: 50] LEN: 12 | HEX: F1 77 BC F7 DD 79 9C FE BA 0A AD 6F | T:3796428 RPD:0
[CH: 50] LEN: 12 | HEX: F9 77 FF EA FA 70 9E FF AC E7 AB F7 | T:3796439 RPD:1
[CH: 50] LEN: 12 | HEX: F9 77 AF FB FF 75 9C EF 04 40 BF 7F | T:3796440 RPD:0
[CH: 50] LEN: 12 | HEX: F9 77 FC EE EA 74 9C FF D9 21 AF DA | T:3796451 RPD:1
[CH: 50] LEN: 12 | HEX: F1 77 F4 E7 FE 79 9C EF 5A 0A AF FF | T:3796462 RPD:1
[CH: 50] LEN: 12 | HEX: F9 77 BA FE EE 70 9C F5 CC E7 AD FF | T:3796463 RPD:1
[CH: 50] LEN: 12 | HEX: F9 77 FF FB FE 75 9C FF 04 40 BD AF | T:3796474 RPD:1
[CH: 50] LEN: 12 | HEX: F9 77 FE F0 FE 76 9C FF 73 C2 BF FF | T:3796474 RPD:0
[CH: 50] LEN: 12 | HEX: F9 77 FA F7 FA 79 9C FF 7A 0A AF D6 | T:3796485 RPD:1
[CH: 50] LEN: 12 | HEX: F1 77 F4 FC FE 72 9C F5 56 04 AF FA | T:3796497 RPD:1
[CH: 50] LEN: 12 | HEX: F1 77 FE FB DC 75 9C EE 04 40 AE F7 | T:3796497 RPD:0
[CH: 50] LEN: 12 | HEX: F9 77 FE F0 FE 76 9C FF 33 C2 BF BF | T:3796508 RPD:1
[CH: 50] LEN: 12 | HEX: F1 77 BD F4 FE 72 9C FF 46 04 AF DE | T:3796509 RPD:0
[CH: 50] LEN: 12 | HEX: F9 77 F4 F7 FF 75 9C F7 04 40 AF F7 | T:3796520 RPD:1
[CH: 50] LEN: 12 | HEX: F1 77 FF F0 F4 76 9C FF 73 C2 AF 5F | T:3796520 RPD:0
[CH: 50] LEN: 12 | HEX: F1 77 7E F7 7E 79 9C FF 5A 0A AA FF | T:3796531 RPD:1
[CH: 50] LEN: 12 | HEX: F9 77 BE F6 FA 72 9E FB A6 04 AB 6E | T:3796543 RPD:1
[CH: 50] LEN: 12 | HEX: F1 77 AD F3 BD 75 9C FF 04 40 AD FB | T:3796543 RPD:0
[CH: 50] LEN: 12 | HEX: F9 77 FB F8 FE 76 9C FE 73 C2 AF 5F | T:3796554 RPD:1
[CH: 50] LEN: 12 | HEX: F1 77 F6 FD FE 73 9C FF 7B 65 BF F7 | T:3796555 RPD:0
[CH: 50] LEN: 12 | HEX: F1 77 DD FC FE 72 9C FF D6 04 AF FF | T:3796566 RPD:1
[CH: 50] LEN: 12 | HEX: F9 77 BC F9 FE 77 9C F6 2E A3 BB EF | T:3796577 RPD:1
[CH: 50] LEN: 12 | HEX: F1 77 FA F8 FE 76 9C F7 73 C2 BF FF | T:3796577 RPD:0
[CH: 50] LEN: 12 | HEX: F1 77 FD FD FE 73 9C FF 7B 65 BF 7F | T:3796589 RPD:1
[CH: 50] LEN: 12 | HEX: F9 77 F4 F1 EA 77 1C F7 2E A3 BF D7 | T:3796589 RPD:0
[CH: 50] LEN: 12 | HEX: F9 77 BA F0 FE 76 9C FF 73 C2 BF FF | T:3796600 RPD:1
[CH: 50] LEN: 12 | HEX: F9 77 FE F9 FE 73 9C FF 7B 65 BB FF | T:3796612 RPD:1
[CH: 50] LEN: 12 | HEX: F9 77 DD FA EA 72 9C FF 46 04 BF B0 | T:3796612 RPD:0
[CH: 50] LEN: 12 | HEX: F1 77 FA F2 F6 74 9C FF 59 21 BF DA | T:3796623 RPD:1
[CH: 50] LEN: 12 | HEX: F9 77 FF FE FE 70 9C FF 4C E7 B7 F7 | T:3796623 RPD:0
[CH: 50] LEN: 12 | HEX: F1 77 EE FB FE 73 9C FB 7B 65 BD FD | T:3796635 RPD:1
[CH: 50] LEN: 12 | HEX: F9 77 FD FA FA 74 9C F7 59 21 AD FF | T:3796635 RPD:0
[CH: 50] LEN: 12 | HEX: F9 77 FD F9 EE 77 9C F6 2E A3 AF F5 | T:3796646 RPD:1
[CH: 50] LEN: 12 | HEX: F9 7F FC FE F6 70 9C FF 8C E7 AB FD | T:3796658 RPD:1
[CH: 50] LEN: 12 | HEX: F1 77 BB FB FE 73 9C EF FB 65 BF F5 | T:3796658 RPD:0
[CH: 50] LEN: 12 | HEX: F9 77 DD FA FD 74 9C FF 99 21 BF EF | T:3796669 RPD:1
[CH: 50] LEN: 12 | HEX: F1 77 FD FA F4 70 9C FF 4C E7 AF BE | T:3796669 RPD:0
[CH: 50] LEN: 12 | HEX: F9 77 FB F9 FE 73 9C FE 7B 65 BF FF | T:3796681 RPD:1
[CH: 50] LEN: 12 | HEX: F1 77 EB FB EE 75 9C FF 04 40 AE FF | T:3796692 RPD:1
[CH: 50] LEN: 12 | HEX: F1 77 DE FA FA 74 9C F7 59 21 BD EE | T:3796692 RPD:0
[CH: 50] LEN: 12 | HEX: F1 77 FB F7 FE 71 9C F7 FA 0A BB FF | T:3796704 RPD:1
[CH: 50] LEN: 12 | HEX: F9 77 FD FB FD 75 9C FF 04 40 BF EB | T:3796704 RPD:0
[CH: 50] LEN: 12 | HEX: F9 77 FA F2 FA 74 9C EF D9 21 AF FF | T:3796715 RPD:1
[CH: 50] LEN: 12 | HEX: F1 77 DC F7 FB 71 9C FF AA 0A AF FF | T:3796715 RPD:0
[CH: 50] LEN: 12 | HEX: F9 77 FB FE FE 70 9C FD CC E7 AD 7B | T:3796727 RPD:1
[CH: 50] LEN: 12 | HEX: F1 77 BB FB EE 75 9C FF 04 40 AF FF | T:3796738 RPD:1
[CH: 50] LEN: 12 | HEX: F1 77 FB FA F5 74 9C EB 19 21 BF FF | T:3796738 RPD:0
[CH: 50] LEN: 12 | HEX: F1 77 FD F7 DE 79 9C FF AA 0A AD BE | T:3796749 RPD:1
[CH: 50] LEN: 12 | HEX: F9 77 FC FC FE 72 9C FF D6 04 AF BF | T:3796750 RPD:0
[CH: 50] LEN: 12 | HEX: F1 77 FA F3 ED 75 9C F6 04 40 AB FF | T:3796761 RPD:1
[CH: 50] LEN: 12 | HEX: F9 77 BD F8 F6 76 9C FF B3 C2 BF FF | T:3796772 RPD:1
[CH: 50] LEN: 12 | HEX: F9 77 FD F7 FD 75 9C FF 5A 0A AF B7 | T:3796773 RPD:0
[CH: 50] LEN: 12 | HEX: F9 77 FE F8 F7 72 9C FF 56 04 BD C9 | T:3796784 RPD:1
[CH: 50] LEN: 12 | HEX: F9 77 FD F8 F6 76 9C FF B7 C2 BB 5F | T:3796784 RPD:0
[CH: 50] LEN: 12 | HEX: ED 77 5E F7 DC 71 9C FF 5A 0A AF FF | T:3796795 RPD:1
[CH: 50] LEN: 12 | HEX: F9 77 FD FA FE 72 9C F5 B6 04 AD FB | T:3796807 RPD:1
[CH: 50] LEN: 12 | HEX: F1 77 BD FB FD 75 9C F6 04 40 BF EB | T:3796807 RPD:0
[CH: 50] LEN: 12 | HEX: F1 77 BE F8 FE 76 9C F7 B3 C2 AF 9D | T:3796818 RPD:1
[CH: 50] LEN: 12 | HEX: F1 77 FA F4 FA 72 9C FF D6 04 BF 8F | T:3796819 RPD:0
[CH: 50] LEN: 12 | HEX: F9 77 FD FB FC 75 9C FD 84 40 AF FF | T:3796830 RPD:1
[CH: 50] LEN: 12 | HEX: F9 77 7E F1 FE 77 1C FF 2E A3 A7 BD | T:3796830 RPD:0
[CH: 50] LEN: 12 | HEX: F9 77 FE F8 FE 76 9C F7 F3 C2 AB FF | T:3796841 RPD:1
[CH: 50] LEN: 12 | HEX: ED 77 BA FD EE 73 9C F7 73 65 AF 77 | T:3796853 RPD:1
[CH: 50] LEN: 12 | HEX: F1 77 74 FA F6 72 9C FF A6 04 BF DF | T:3796853 RPD:0
[CH: 50] LEN: 12 | HEX: F9 77 F4 F1 FE 77 1C FE AE A3 BF DA | T:3796864 RPD:1
[CH: 50] LEN: 12 | HEX: F1 77 EF FD FE 73 9C F5 7B 65 AF EB | T:3796865 RPD:0
[CH: 50] LEN: 12 | HEX: F9 77 BA F8 FE 72 9C FF A6 04 BF DF | T:3796876 RPD:1
[CH: 50] LEN: 12 | HEX: F9 77 FA F9 F6 77 9C FB 2E A3 AF FF | T:3796887 RPD:1
[CH: 50] LEN: 12 | HEX: F5 77 FE F0 EE 76 9C F7 33 82 AD 5B | T:3796887 RPD:0
[CH: 50] LEN: 12 | HEX: F9 77 D5 FE FE 70 9C F7 4C E7 AF FE | T:3796899 RPD:1
[CH: 50] LEN: 12 | HEX: F9 77 FC EA FE 74 9C FB 99 21 AA FF | T:3796899 RPD:0
[CH: 50] LEN: 12 | HEX: F9 77 FB F9 F4 77 9C FB 2E A3 AF DE | T:3796910 RPD:1
[CH: 50] LEN: 12 | HEX: F1 77 FB FD FD 73 9C FF 73 65 BF BF | T:3796910 RPD:0
[CH: 50] LEN: 12 | HEX: F9 77 BD FC FE 72 9C FF A6 04 AF FF | T:3796922 RPD:1
[CH: 50] LEN: 12 | HEX: F1 77 FA FA FE 7C 9D FF 59 21 BF 7D | T:3796933 RPD:1
[CH: 50] LEN: 12 | HEX: F1 77 DC F9 FF 77 9C F7 2E A3 BF ED | T:3796933 RPD:0
[CH: 50] LEN: 12 | HEX: F9 77 BC FA F6 70 9C FF 4C E7 BF 7F | T:3796945 RPD:1
[CH: 50] LEN: 12 | HEX: F9 77 FD FA FE 74 9C FF 99 21 AF BF | T:3796945 RPD:0
[CH: 50] LEN: 12 | HEX: F9 77 FE F1 FE 77 9C FF 2E A3 BF FF | T:3796956 RPD:1
[CH: 50] LEN: 12 | HEX: F9 77 BE F7 BD 79 9C FF 5A 0A AF DD | T:3796967 RPD:1
[CH: 50] LEN: 12 | HEX: F9 77 DE F9 FE 73 9C FE FB 65 AF FF | T:3796968 RPD:0
[CH: 50] LEN: 12 | HEX: F1 77 DC FB FE 75 9C FF 04 40 BB FD | T:3796979 RPD:1
[CH: 50] LEN: 12 | HEX: F9 77 FA F7 FA 79 9C FF 5A 0A AD 6F | T:3796979 RPD:0
[CH: 50] LEN: 12 | HEX: F1 77 54 F6 FE 70 9C FF AC E7 B7 FF | T:3796991 RPD:1
[CH: 50] LEN: 12 | HEX: F1 77 7D FB BA 75 9C EF 04 40 BF EF | T:3797002 RPD:1
[CH: 50] LEN: 12 | HEX: F1 77 75 F2 FE 74 9C F5 99 21 AF FF | T:3797002 RPD:1
[CH: 50] LEN: 12 | HEX: F9 77 FE F7 DD 79 9C FB AA 0A AF EF | T:3797013 RPD:1
[CH: 50] LEN: 12 | HEX: F1 77 FD FC F4 72 9C EF A6 04 BF DD | T:3797014 RPD:0
[CH: 50] LEN: 12 | HEX: F9 77 FD FB FE 75 9C FF 04 40 AA FE | T:3797025 RPD:1
[CH: 50] LEN: 12 | HEX: F1 77 FC F8 FE 76 9C F5 B3 C2 AF 7E | T:3797025 RPD:0
[CH: 50] LEN: 12 | HEX: F9 77 BE F7 DC 79 9C FF BA 0A B7 7E | T:3797037 RPD:1
[CH: 50] LEN: 12 | HEX: F9 77 DE FC FE 72 9C FF 46 04 BF FF | T:3797048 RPD:1
[CH: 50] LEN: 12 | HEX: F9 77 BA F3 DC 75 9C FA 04 40 BF FF | T:3797048 RPD:0
[CH: 50] LEN: 12 | HEX: F1 77 FA F0 FE 76 9C FF F3 C2 BF FF | T:3797059 RPD:1
[CH: 50] LEN: 12 | HEX: F1 77 FC F6 FE 72 9C EF 46 04 BF FF | T:3797060 RPD:0
[CH: 50] LEN: 12 | HEX: F1 77 FA FB DE 75 9C FE 84 40 BF FF | T:3797071 RPD:1
[CH: 50] LEN: 12 | HEX: F9 77 BA F8 F6 76 9C F7 73 C2 BD 5F | T:3797082 RPD:1
[CH: 50] LEN: 12 | HEX: F9 77 FD F7 FF 79 9C FD FA 0A AE EF | T:3797083 RPD:0
[CH: 50] LEN: 12 | HEX: E9 77 BD FC F6 7A 9C F7 E6 04 AB FF | T:3797094 RPD:1
[CH: 50] LEN: 12 | HEX: F9 7F FD F1 FE 77 9C FF 2E A3 FF FB | T:3797094 RPD:0
[CH: 50] LEN: 12 | HEX: F9 77 FE F0 FE 76 9C F7 73 C2 AF F6 | T:3797105 RPD:1
[CH: 50] LEN: 12 | HEX: F9 77 ED F9 FE 73 9C FD 7B 65 AF FF | T:3797106 RPD:1
[CH: 50] LEN: 12 | HEX: F9 77 FD EA EE 72 9C FB B6 04 AF DE | T:3797117 RPD:1
[CH: 50] LEN: 12 | HEX: F9 77 DE F9 FE 77 9C FF 2E A3 AF FD | T:3797128 RPD:1
[CH: 50] LEN: 12 | HEX: F1 77 DD F0 FE 76 9C FF B3 C2 BF BA | T:3797129 RPD:0
[CH: 50] LEN: 12 | HEX: F9 77 FD F7 DE 73 9C FE 7B 65 BF EF | T:3797140 RPD:1
[CH: 50] LEN: 12 | HEX: F1 77 FD F9 FE 77 9C FF 2E A3 BF EF | T:3797140 RPD:1
[CH: 50] LEN: 12 | HEX: F1 77 BB F8 F5 76 9C FF B3 C2 BE B7 | T:3797151 RPD:1
[CH: 50] LEN: 12 | HEX: F9 77 FD FE FE 70 9C FF CC E7 BF AB | T:3797163 RPD:1
[CH: 50] LEN: 12 | HEX: F9 77 BA FD FD 73 9C EE 7B 65 AF DF | T:3797163 RPD:0
[CH: 50] LEN: 12 | HEX: F9 77 BD FA F5 74 9C FF 59 21 BF FF | T:3797174 RPD:1
[CH: 50] LEN: 12 | HEX: F9 77 FD FE FE 70 9C FF 2C E7 AF 6D | T:3797174 RPD:0
[CH: 50] LEN: 12 | HEX: F1 7F FD F9 FE 73 9C FF 7B 65 BF D7 | T:3797186 RPD:1
[CH: 50] LEN: 12 | HEX: F9 77 FC FA F4 74 9C FF 59 21 AB FF | T:3797197 RPD:1
[CH: 50] LEN: 12 | HEX: F9 77 FF F9 FE 77 9C FF 2E A3 BF EF | T:3797197 RPD:0
[CH: 50] LEN: 12 | HEX: F1 77 FA FE FE 70 9C EF CC F7 BF FE | T:3797209 RPD:1
[CH: 50] LEN: 12 | HEX: F1 77 BB EA FE 74 9C FF 99 21 BE F6 | T:3797209 RPD:0
[CH: 50] LEN: 12 | HEX: F1 77 FB F9 FD 77 9C F7 2E A3 BF FF | T:3797220 RPD:1
[CH: 50] LEN: 12 | HEX: F9 77 FD FE FC 70 9C FF AC E7 2F FF | T:3797220 RPD:0
[CH: 50] LEN: 12 | HEX: F1 77 FD FB FE 73 9C F7 7B 65 BF FD | T:3797232 RPD:1
[CH: 50] LEN: 12 | HEX: F9 77 FA F3 FD 75 9C FB 04 40 BF FD | T:3797243 RPD:1
[CH: 50] LEN: 12 | HEX: F9 77 FA FA F6 74 9C FF 59 21 AB EF | T:3797243 RPD:0
[CH: 50] LEN: 12 | HEX: F1 77 FA F7 FE 79 9C F7 AA 0A BF DE | T:3797255 RPD:1
[CH: 50] LEN: 12 | HEX: F9 77 FA F3 BD 75 9C FB 04 40 BD DF | T:3797255 RPD:0
[CH: 50] LEN: 12 | HEX: F1 77 B5 FA FE 74 9C FF 19 21 BF F7 | T:3797266 RPD:1
[CH: 50] LEN: 12 | HEX: F9 7F F5 E7 FD 79 9C FF 5A 0A AF FF | T:3797277 RPD:1
[CH: 50] LEN: 12 | HEX: F5 77 FF FE FE 70 9C FF CC E7 AF FF | T:3797278 RPD:0
[CH: 50] LEN: 12 | HEX: F9 77 F5 FB DC 75 9C EA 04 40 B7 FF | T:3797289 RPD:1
[CH: 50] LEN: 12 | HEX: F1 77 DE F8 FD 76 9C EB 73 82 BF DE | T:3797289 RPD:0
[CH: 50] LEN: 12 | HEX: F1 77 FA F7 FD 79 9C FF FA 0A AF 7B | T:3797301 RPD:1
[CH: 50] LEN: 12 | HEX: F9 77 BC F8 FE 72 9C EA 86 04 AB 6E | T:3797301 RPD:0
[CH: 50] LEN: 12 | HEX: F9 77 B4 FB FE 75 9C F7 04 40 BB FF | T:3797312 RPD:1
[CH: 50] LEN: 12 | HEX: F1 77 FE F8 FE 76 9C FF B3 C2 AF DE | T:3797323 RPD:1
[CH: 50] LEN: 12 | HEX: E9 77 FE F7 BB 79 9C F7 BA 0A AB 6B | T:3797324 RPD:0
[CH: 50] LEN: 12 | HEX: F9 77 FD FC FE 72 9C FF E6 04 BF FB | T:3797335 RPD:1
[CH: 50] LEN: 12 | HEX: F1 77 FD F8 FA 76 9C F5 B3 82 AB BF | T:3797335 RPD:0
[CH: 50] LEN: 12 | HEX: F1 77 FA F7 BC 71 9C FF AA 0A BF B1 | T:3797347 RPD:1
[CH: 50] LEN: 12 | HEX: F9 77 FA F4 F6 72 9C FB 46 04 BF 6F | T:3797358 RPD:1
[CH: 50] LEN: 12 | HEX: F9 77 BD F3 EE 75 9C F5 04 40 BF DF | T:3797358 RPD:0
[CH: 50] LEN: 12 | HEX: F9 77 BE F1 FE 77 9C FD 2E A3 BF FF | T:3797369 RPD:1
[CH: 50] LEN: 12 | HEX: F1 77 FD FD F6 73 9C FF 73 65 BB 6F | T:3797370 RPD:0
[CH: 50] LEN: 12 | HEX: F9 77 FE FC FE 72 9C FB E6 04 AF FF | T:3797381 RPD:1
[CH: 50] LEN: 12 | HEX: F1 77 BE F9 DE 77 9C FD 2E A3 AF 7F | T:3797392 RPD:1
[CH: 50] LEN: 12 | HEX: F9 77 F9 F8 F4 76 9C FF B3 C2 BF FF | T:3797393 RPD:0
[CH: 50] LEN: 12 | HEX: ED 77 FA F9 EA 73 9C FE 7B 65 AF FF | T:3797404 RPD:1
[CH: 50] LEN: 12 | HEX: F9 77 FE E9 DE 77 9C F5 2E A3 AF BF | T:3797404 RPD:0
[CH: 50] LEN: 12 | HEX: F1 77 FA E8 FE 76 9C F6 B3 82 AF EF | T:3797415 RPD:1
[CH: 50] LEN: 12 | HEX: F9 77 FA FD FD 73 9C F7 7F 65 AF F5 | T:3797416 RPD:0
[CH: 50] LEN: 12 | HEX: F9 77 FD FC FE 72 9C FF 46 04 BF D7 | T:3797427 RPD:1
[CH: 50] LEN: 12 | HEX: F1 77 AE FA FE 74 9C FB 19 21 BD FB | T:3797438 RPD:1
[CH: 50] LEN: 12 | HEX: F1 77 BD F9 FD 77 9C ED 2E A3 BF BF | T:3797438 RPD:0
[CH: 50] LEN: 12 | HEX: F9 77 EE FE FE 70 9C F5 DC E7 BF DF | T:3797450 RPD:1
[CH: 50] LEN: 12 | HEX: F1 77 FB F2 F6 74 9C FF 99 21 B7 62 | T:3797450 RPD:0
[CH: 50] LEN: 12 | HEX: F9 77 BF F1 FE 77 9C FF 2E A3 BF FF | T:3797461 RPD:1
[CH: 50] LEN: 12 | HEX: F9 77 FE FE FE 70 9C FF EC E7 BF EF | T:3797473 RPD:1
[CH: 50] LEN: 12 | HEX: F1 77 DC FD EE 73 9C FE 7B 65 AF EF | T:3797473 RPD:0
[CH: 50] LEN: 12 | HEX: F1 77 DC FA F6 74 9C FF 99 21 BE FF | T:3797484 RPD:1
[CH: 50] LEN: 12 | HEX: E9 77 BC FA F4 70 9C FB CC E7 BF FF | T:3797484 RPD:0
[CH: 50] LEN: 12 | HEX: F9 77 B5 FD FE 73 9C FF 7B 65 BF DF | T:3797496 RPD:1
[CH: 50] LEN: 12 | HEX: F9 77 FE FB FE 75 9C FD 04 40 AF F2 | T:3797496 RPD:0
[CH: 50] LEN: 12 | HEX: F1 77 BC F6 EC 74 9C FF 99 21 BB EF | T:3797507 RPD:0
[CH: 50] LEN: 12 | HEX: F1 77 FA F0 F6 76 9C FF 73 C2 BF DF | T:3797519 RPD:1
[CH: 50] LEN: 12 | HEX: F9 77 D6 F7 BC 79 9C FF AA 0A AF FF | T:3797519 RPD:0
[CH: 50] LEN: 12 | HEX: F1 77 FB FE FE 70 9C FF 6C E7 BF FD | T:3797530 RPD:1
[CH: 50] LEN: 12 | HEX: F9 77 B4 F9 FE 73 9C FF 7B 65 AF DF | T:3797530 RPD:0
[CH: 50] LEN: 12 | HEX: F9 77 FF FC FE 72 9C FD C6 04 AF 6F | T:3797542 RPD:1
[CH: 50] LEN: 12 | HEX: F1 77 B5 F9 FC 77 9C F5 2E A3 BB B7 | T:3797553 RPD:1
[CH: 50] LEN: 12 | HEX: F1 77 FD F8 F6 76 9C FF B3 C2 BB FE | T:3797553 RPD:0
[CH: 50] LEN: 12 | HEX: F9 77 DC F5 FE 73 9C FF 7B 65 BF FB | T:3797565 RPD:1
[CH: 50] LEN: 12 | HEX: F1 77 BD F1 EE 77 9C F7 2E A3 AF FF | T:3797565 RPD:0
[CH: 50] LEN: 12 | HEX: F9 77 FD E8 FE 76 9C FF 73 C2 BD D7 | T:3797576 RPD:1
[CH: 50] LEN: 12 | HEX: F1 77 AE FD F6 73 9C FF 7B 65 AF EE | T:3797587 RPD:1
[CH: 50] LEN: 12 | HEX: F1 77 FD FC FE 72 9C EF E6 04 BF FF | T:3797588 RPD:0
[CH: 50] LEN: 12 | HEX: F1 77 FF FA FE 74 9C FF 19 21 AE FF | T:3797599 RPD:1
[CH: 50] LEN: 12 | HEX: F9 77 FD FD F6 73 9C FF 7B 65 BF DB | T:3797599 RPD:0
[CH: 50] LEN: 12 | HEX: F1 77 FD FC FE 72 9C F7 56 04 BF 15 | T:3797610 RPD:1
[CH: 50] LEN: 12 | HEX: F9 77 BF F2 FE 74 9C FF 59 21 A7 F6 | T:3797611 RPD:0
[CH: 50] LEN: 12 | HEX: F9 77 FF F1 FD 77 9C FB 2E A3 AF F6 | T:3797622 RPD:0
[CH: 50] LEN: 12 | HEX: F1 77 DE 80 00 71 9C F7 73 9E B7 AE | T:3797644 RPD:1
[CH: 50] LEN: 12 | HEX: F1 77 FA 00 00 71 9C FF 73 9E AF BD | T:3797645 RPD:1
[CH: 50] LEN: 12 | HEX: F8 6D FE 80 FA F7 9C FF 44 95 BF FE | T:3797675 RPD:1
[CH: 50] LEN: 12 | HEX: E8 6D FE 80 EA F7 1C FF 44 95 BD FD | T:3797675 RPD:1
[CH: 50] LEN: 12 | HEX: F1 77 FA 00 00 71 9C FB 73 9E AF FF | T:3797944 RPD:1
[CH: 50] LEN: 12 | HEX: F9 77 FA 00 00 71 9C F7 73 9E AB F9 | T:3797945 RPD:1
[CH: 50] LEN: 12 | HEX: F0 6D EF 00 FA F7 9C F7 44 95 AF FF | T:3797974 RPD:1
[CH: 50] LEN: 12 | HEX: F8 6D FF 80 F4 E7 DC FF 44 95 B9 FF | T:3797975 RPD:1
[CH: 50] LEN: 12 | HEX: F1 77 FA 80 00 71 9C FF 73 9E BF FF | T:3798244 RPD:1
[CH: 50] LEN: 12 | HEX: F9 77 FD 00 00 71 9C F7 73 9E AD 7F | T:3798244 RPD:1
[CH: 50] LEN: 12 | HEX: F8 6D FF 00 FA F7 9C FF 44 95 AD DF | T:3798274 RPD:1
[CH: 50] LEN: 12 | HEX: F0 6D FF 00 EC F7 1C FA 44 95 B7 7F | T:3798275 RPD:1
[CH: 50] LEN: 12 | HEX: F1 77 AF 00 00 71 9C FF 73 9E BF 7E | T:3798543 RPD:1
[CH: 50] LEN: 12 | HEX: F9 77 DD 00 00 71 9C FF 73 9E AB BF | T:3798544 RPD:1
[CH: 50] LEN: 12 | HEX: F0 6D FE 00 FE F7 1C FF 44 95 AF FF | T:3798574 RPD:1
[CH: 50] LEN: 12 | HEX: F8 6D EF 00 FE F7 1C FF 44 95 AF FB | T:3798575 RPD:1
[CH: 50] LEN: 12 | HEX: F9 77 75 00 00 71 9C F7 73 9E BF FF | T:3798843 RPD:1
[CH: 50] LEN: 12 | HEX: F9 77 FD 80 00 71 9C F7 73 9E BB BB | T:3798844 RPD:1
[CH: 50] LEN: 12 | HEX: F0 6D EE 80 FE F7 9C F6 44 95 AF FA | T:3798874 RPD:1
[CH: 50] LEN: 12 | HEX: F0 6D EF 00 EE F7 9C EF 44 95 AD DF | T:3798874 RPD:1
[CH: 50] LEN: 12 | HEX: F1 77 BD 00 00 71 9C FF 73 9E BB BF | T:3799143 RPD:1
[CH: 50] LEN: 12 | HEX: F9 77 FD 00 00 71 9C FF 73 9E BF FF | T:3799144 RPD:1
[CH: 50] LEN: 12 | HEX: F8 6D EB 00 FE F7 9C FF 44 95 B7 FF | T:3799173 RPD:1
[CH: 50] LEN: 12 | HEX: F0 6D FF 00 FE F7 9C FF 44 95 AF FA | T:3799174 RPD:1
[CH: 50] LEN: 12 | HEX: F1 77 DD 00 00 71 9C F7 73 9E BF FF | T:3799443 RPD:1
[CH: 50] LEN: 12 | HEX: F8 6D FF 00 FE F7 9C FB 44 95 BF FB | T:3799473 RPD:1
[CH: 50] LEN: 12 | HEX: F8 6D FE 00 FE F7 9C FB 44 95 AB 7B | T:3799474 RPD:1
[CH: 50] LEN: 12 | HEX: E9 77 BD 00 00 71 9C FF 73 9E BF 5F | T:3799743 RPD:1
[CH: 50] LEN: 12 | HEX: F9 77 FA 00 00 71 9C EB 73 9E BF 75 | T:3799743 RPD:1
[CH: 50] LEN: 12 | HEX: F8 6D ED 80 F6 F7 9C F6 44 95 AE BF | T:3799773 RPD:1
[CH: 50] LEN: 12 | HEX: F8 6D EE 00 EA F7 9C FB 44 95 AF D5 | T:3799774 RPD:1
[CH: 50] LEN: 12 | HEX: F9 77 FD 00 00 71 9C FB 73 9E AE CF | T:3800043 RPD:1
[CH: 50] LEN: 12 | HEX: F8 6D FF 00 FE F7 9C FF 44 95 BF FF | T:3800073 RPD:1
[CH: 50] LEN: 12 | HEX: F8 6D FF 00 FE F7 9C FF 44 95 B5 FF | T:3800074 RPD:1
[CH: 50] LEN: 12 | HEX: F9 77 B5 00 00 71 9C F7 73 9E AF FF | T:3800342 RPD:1
[CH: 50] LEN: 12 | HEX: F9 77 BA 00 00 71 9C FF F3 9C BE F7 | T:3800343 RPD:1
[CH: 50] LEN: 12 | HEX: F8 6D FE 80 F6 F7 1C F6 44 95 AD D5 | T:3800373 RPD:1
[CH: 50] LEN: 12 | HEX: F0 6D DA 80 FE F7 9C FA 44 95 AE FF | T:3800373 RPD:1
[CH: 50] LEN: 12 | HEX: F9 77 FE 80 00 71 9C FF 73 9E BF DF | T:3800642 RPD:1
[CH: 50] LEN: 12 | HEX: F1 77 BA 00 00 71 9C F6 73 9E B7 FF | T:3800643 RPD:1
[CH: 50] LEN: 12 | HEX: F0 6D FE 00 FC F7 9C FB 44 95 BE EF | T:3800673 RPD:1
[CH: 50] LEN: 12 | HEX: F0 6D D6 00 FA F7 9C F7 44 95 BF B6 | T:3800673 RPD:1
[CH: 50] LEN: 12 | HEX: FA 76 F7 00 8C E7 9C F5 18 7A BB BF | T:3800727 RPD:1
[CH: 50] LEN: 12 | HEX: FA 76 F7 00 8C F7 9C FD 98 7A BD FB | T:3800727 RPD:1
[CH: 50] LEN: 12 | HEX: FA 76 FE FE 73 D7 9C FF E6 87 AB DF | T:3800758 RPD:1
[CH: 50] LEN: 12 | HEX: EA 76 FC FF 70 F7 9C FF 53 89 AF FB | T:3800761 RPD:1
[CH: 50] LEN: 12 | HEX: FA 76 F6 FC 71 F7 9C FF 4F 6C BF 6F | T:3800765 RPD:1
[CH: 50] LEN: 12 | HEX: F2 76 F4 F3 76 F7 9C F7 79 95 AF BF | T:3800776 RPD:1
[CH: 50] LEN: 12 | HEX: F6 76 FE FA 77 F7 9C FB A5 70 AF FF | T:3800776 RPD:0
[CH: 50] LEN: 12 | HEX: FA 76 FE F9 74 F7 9C FF 50 7A BB 7E | T:3800788 RPD:1
[CH: 50] LEN: 12 | HEX: FA 76 FA F8 75 F7 9C F7 0C 9B AB DF | T:3800788 RPD:0
[CH: 50] LEN: 12 | HEX: FA 76 F6 F7 72 E7 1C F7 39 8C AF F6 | T:3800799 RPD:0
[CH: 50] LEN: 12 | HEX: FA 76 FE E5 78 F7 9C F5 14 67 BF FD | T:3800817 RPD:1
[CH: 50] LEN: 12 | HEX: FA 76 FA F4 79 F7 9C FF 28 82 BF FF | T:3800847 RPD:1
[CH: 50] LEN: 12 | HEX: F2 76 FA F3 7E F7 9C FF D6 7B AF 7E | T:3800877 RPD:1
[CH: 50] LEN: 12 | HEX: EA 76 FE F2 7F 77 1C FF 22 9C BF 7F | T:3800907 RPD:1
[CH: 50] LEN: 12 | HEX: F2 76 FE F1 78 E7 1E F6 D7 10 AF EB | T:3800937 RPD:1
[CH: 50] LEN: 12 | HEX: EA 76 F6 F0 79 F7 9C EF 4B 75 BF FF | T:3800967 RPD:1
[CH: 50] LEN: 12 | HEX: F2 76 FE EF 62 F7 9C F7 25 9F F7 FD | T:3800997 RPD:1
[CH: 50] LEN: 12 | HEX: FA 76 F6 EE 63 F7 9C FD F9 7A AF FB | T:3801027 RPD:1
[CH: 50] LEN: 12 | HEX: F2 76 F6 ED 60 F7 9C F6 CC 74 BF F7 | T:3801057 RPD:1
[CH: 50] LEN: 12 | HEX: F2 76 FE EC 61 D7 1C F7 50 91 BA FE | T:3801087 RPD:1
[CH: 50] LEN: 12 | HEX: F2 76 FE FB 66 F7 9C F7 66 68 BF FD | T:3801117 RPD:1
[CH: 50] LEN: 12 | HEX: FA 76 EB EA 67 77 1C FF BA 8D BF FF | T:3801147 RPD:1
[CH: 50] LEN: 12 | HEX: FA 76 FE E9 64 F7 9C F7 EF 83 BF FF | T:3801177 RPD:1
[CH: 50] LEN: 12 | HEX: F2 76 FE E8 65 F7 9C FB 13 66 B7 FF | T:3801207 RPD:1
[CH: 50] LEN: 12 | HEX: FA 76 FE E7 6A F7 9C FB A2 71 BF FF | T:3801237 RPD:1
[CH: 50] LEN: 12 | HEX: F2 76 FE E6 6B F7 9C FF 7E 94 AB F5 | T:3801267 RPD:1
[CH: 50] LEN: 12 | HEX: F2 76 FE E5 68 D7 18 EA 0B 9A AA D7 | T:3801297 RPD:1
[CH: 50] LEN: 12 | HEX: FA 76 FE E4 69 F7 9C FF 37 7B B5 DD | T:3801327 RPD:1
[CH: 50] LEN: 12 | HEX: EA 7E FE E3 6E F7 9C F7 E1 86 BF FF | T:3801357 RPD:1
[CH: 50] LEN: 12 | HEX: FA 76 F6 E2 6F 77 1C FE 3D 63 AD EF | T:3801387 RPD:1
[CH: 50] LEN: 12 | HEX: FA 76 FE E1 6C F7 9C FF 48 6D AF DF | T:3801417 RPD:1
[CH: 50] LEN: 12 | HEX: F2 7E FE F0 6D E7 9C FF 14 88 BD F5 | T:3801447 RPD:1
[CH: 50] LEN: 12 | HEX: F2 76 FE DF 52 F7 9C FF 05 98 BF FE | T:3801477 RPD:1
[CH: 50] LEN: 12 | HEX: F2 76 FE FB 73 AF 9C EB 46 87 3F DE | T:3801507 RPD:1
[CH: 50] LEN: 12 | HEX: EA 76 FE FD 70 F7 9C F7 93 89 AB 6B | T:3801510 RPD:1
[CH: 50] LEN: 12 | HEX: FA 76 FE FC 71 F7 9C FF 4F 6C BF FF | T:3801514 RPD:1
[CH: 50] LEN: 12 | HEX: F2 76 FE FB 76 F7 9D FD 79 95 AF FD | T:3801526 RPD:1
[CH: 50] LEN: 12 | HEX: F2 76 FE FA 77 F7 9C FF 25 70 BF BF | T:3801526 RPD:1
[CH: 50] LEN: 12 | HEX: FA 76 F6 F9 74 F7 9C F7 50 7E B7 BE | T:3801537 RPD:1
[CH: 50] LEN: 12 | HEX: FA 76 F6 F0 75 F7 1C FE 8C 9B AF ED | T:3801537 RPD:0
[CH: 50] LEN: 12 | HEX: F2 76 FE F7 7A F7 1C FF BD 8C AF FB | T:3801549 RPD:1
[CH: 50] LEN: 12 | HEX: F2 76 FE E6 7B F7 9C FF 61 69 BF 6F | T:3801560 RPD:1
[CH: 50] LEN: 12 | HEX: F2 76 FE F5 78 F7 9C FF 14 67 AB FD | T:3801568 RPD:1
[CH: 50] LEN: 12 | HEX: F2 76 FE F4 71 F7 1C FF 48 82 AB DF | T:3801599 RPD:1
[CH: 50] LEN: 12 | HEX: FA 76 FE F3 7E F7 9C FF BE 7B AF F5 | T:3801629 RPD:1
[CH: 50] LEN: 12 | HEX: FA 76 FE F2 7F AF 9C F7 22 9E BF FE | T:3801658 RPD:1
[CH: 50] LEN: 12 | HEX: F2 76 FF E1 78 F7 9C FF 57 90 AD F5 | T:3801688 RPD:1
[CH: 50] LEN: 12 | HEX: F2 76 FE F0 75 F7 9C EF 0B 75 BF 7F | T:3801718 RPD:1
[CH: 50] LEN: 12 | HEX: F2 76 F6 EF 62 F7 9C FF 25 9F BF 9F | T:3801748 RPD:1
[CH: 50] LEN: 12 | HEX: FA 76 FE EE 63 F7 9C FF 59 7A AF 77 | T:3801778 RPD:1
[CH: 50] LEN: 12 | HEX: F2 76 FE ED 60 F7 9C EB 8C 74 AF FA | T:3801808 RPD:1
[CH: 50] LEN: 12 | HEX: F2 76 FE EC 61 F7 9C FF 50 91 BF 77 | T:3801838 RPD:1
[CH: 50] LEN: 12 | HEX: FA 76 F6 EB 66 F7 9C FF 66 68 AD D7 | T:3801868 RPD:1
[CH: 50] LEN: 12 | HEX: FA 76 EA EA 67 F7 9C F7 3A 8D AF EF | T:3801898 RPD:1
[CH: 50] LEN: 12 | HEX: FA 76 FE E9 64 F7 9C FF AF 83 AF FB | T:3801928 RPD:1
[CH: 50] LEN: 12 | HEX: FA 76 FA E8 65 E7 9C FF 13 66 BE EF | T:3801958 RPD:1
[CH: 50] LEN: 12 | HEX: F2 76 EE E7 6A E7 9C FE A2 71 BF CB | T:3801988 RPD:1
[CH: 50] LEN: 12 | HEX: FA 76 FE E6 6B D7 9C FF 7A 94 BF FE | T:3802018 RPD:1
[CH: 50] LEN: 12 | HEX: F2 76 FE E5 68 D7 1C EF 0B 9A AF DE | T:3802048 RPD:1
[CH: 50] LEN: 12 | HEX: F2 76 F6 E4 69 DF 9C FF 57 7A BD F7 | T:3802078 RPD:1
[CH: 50] LEN: 12 | HEX: EA 76 EE E3 6E F7 9C FF 51 86 AF FE | T:3802108 RPD:1
[CH: 50] LEN: 12 | HEX: FA 76 FE E2 6F 77 9C FF 3D 63 FF BD | T:3802138 RPD:1
[CH: 50] LEN: 12 | HEX: FA 76 FE E1 6C F7 9C FE C8 6D BE FF | T:3802168 RPD:1
[CH: 50] LEN: 12 | HEX: FA 76 FE E0 6D F7 9C FE 94 88 BF F7 | T:3802198 RPD:1
[CH: 50] LEN: 12 | HEX: F2 76 FE DF 52 F7 9C FF 05 98 AF FF | T:3802228 RPD:1
[CH: 50] LEN: 12 | HEX: FA 76 FE FD 70 F7 9C F7 93 89 B7 BF | T:3802262 RPD:1
[CH: 50] LEN: 12 | HEX: FA 76 F6 F8 71 F7 9C FF 4F 6C AA FF | T:3802265 RPD:1
[CH: 50] LEN: 12 | HEX: FA 76 F6 EB 76 F7 9C F7 79 95 BF FF | T:3802269 RPD:1
[CH: 50] LEN: 12 | HEX: F2 76 F6 F2 77 B7 1E FF A5 70 AF FF | T:3802280 RPD:1
[CH: 50] LEN: 12 | HEX: FA 76 FE F0 75 F7 9C FB 0C 9B BF FF | T:3802281 RPD:1
[CH: 50] LEN: 12 | HEX: EA 76 D6 E7 72 E7 1C F6 F9 8C BF B7 | T:3802292 RPD:1
[CH: 50] LEN: 12 | HEX: FA 76 FE F6 7B F7 9C FE 61 69 BD EF | T:3802292 RPD:1
[CH: 50] LEN: 12 | HEX: F2 76 FE F5 70 F7 9C FB 14 67 AF FF | T:3802319 RPD:1
[CH: 50] LEN: 12 | HEX: FA 76 F6 F4 79 F7 9C EF 48 82 AE FF | T:3802349 RPD:1
[CH: 50] LEN: 12 | HEX: FA 76 FA F3 7E F7 9C FF AE 7B BF FF | T:3802379 RPD:1
[CH: 50] LEN: 12 | HEX: FA 76 FE F2 7B B7 1C FF 22 9E BF F7 | T:3802409 RPD:1
[CH: 50] LEN: 12 | HEX: FA 76 FE F1 78 E7 9C F5 57 10 AF 7F | T:3802439 RPD:1
[CH: 50] LEN: 12 | HEX: F2 76 F6 F0 79 EF 9C FD 8B 75 AF EE | T:3802469 RPD:1
[CH: 50] LEN: 12 | HEX: F2 76 FE EF 62 F7 9C F7 25 9F AF 7E | T:3802499 RPD:1
[CH: 50] LEN: 12 | HEX: F2 76 FE EE 63 F7 9C FF 59 7A AD FF | T:3802529 RPD:1
[CH: 50] LEN: 12 | HEX: F2 76 F6 ED 60 F7 9C F5 0C 74 AF 7F | T:3802559 RPD:1
[CH: 50] LEN: 12 | HEX: F2 76 F6 EC 61 F7 9C F7 50 91 AF 57 | T:3802589 RPD:1
[CH: 50] LEN: 12 | HEX: F2 76 FC EB 66 E7 9C EF 66 68 BF FF | T:3802619 RPD:1
[CH: 50] LEN: 12 | HEX: F2 76 F5 EA 67 B7 1C FF 3A 8D AF EF | T:3802649 RPD:1
[CH: 50] LEN: 12 | HEX: F2 76 FE E9 64 F7 9C FF AF 03 AF FE | T:3802679 RPD:1
[CH: 50] LEN: 12 | HEX: FA 76 F4 E8 65 D7 9C FB 13 66 BF FB | T:3802709 RPD:1
[CH: 50] LEN: 12 | HEX: F2 76 FE E7 6A F7 9C FE E2 71 BE 57 | T:3802738 RPD:1
[CH: 50] LEN: 12 | HEX: FA 76 FE F6 6B EF 9C FF 7C 94 BF DF | T:3802768 RPD:1
[CH: 50] LEN: 12 | HEX: FA 76 FE E5 68 F7 1C F7 0B 9A BF FF | T:3802798 RPD:1
[CH: 50] LEN: 12 | HEX: FA 76 F6 E4 69 DF 1C EF D7 7F BF FF | T:3802828 RPD:1
[CH: 50] LEN: 12 | HEX: FA 76 FE E3 6E F7 9C FF A1 86 BF BB | T:3802858 RPD:1
[CH: 50] LEN: 12 | HEX: F2 76 FE E2 6F B7 9C FF 3D 63 BF FF | T:3802888 RPD:1
[CH: 50] LEN: 12 | HEX: F2 76 EE E1 6C F7 1C EE 48 6D AF EB | T:3802918 RPD:1
[CH: 50] LEN: 12 | HEX: FA 76 FE E0 6D F7 9C FE D4 88 BE FB | T:3802948 RPD:1
[CH: 50] LEN: 12 | HEX: FA 76 FA DF 52 F7 9C FF 05 98 AF DD | T:3802978 RPD:1
[CH: 50] LEN: 12 | HEX: F2 76 F6 FD 73 EF 1C F7 E6 87 BF BE | T:3803008 RPD:1
[CH: 50] LEN: 12 | HEX: F2 76 F6 FB 70 E7 9C FF 13 89 AF BF | T:3803012 RPD:1
[CH: 50] LEN: 12 | HEX: F2 76 F6 F4 71 E7 9C FE CF 6C BE FF | T:3803015 RPD:1
[CH: 50] LEN: 12 | HEX: FA 76 FE FB 76 F7 9C EF 79 95 BD 7F | T:3803026 RPD:1
[CH: 50] LEN: 12 | HEX: F2 76 FA F2 77 77 1C FE A5 70 BE EF | T:3803026 RPD:1
[CH: 50] LEN: 12 | HEX: F2 76 FA F9 74 F7 9C FF 50 7A BD FF | T:3803038 RPD:1
[CH: 50] LEN: 12 | HEX: F2 76 FE F0 75 E7 1C FB 0C 9B EF 7F | T:3803038 RPD:0
[CH: 50] LEN: 12 | HEX: F2 76 FE F7 72 F7 9E FF 7D 8C BF FF | T:3803049 RPD:0
[CH: 50] LEN: 12 | HEX: FA 76 FE F5 78 F7 9C FB 14 67 BF EB | T:3803067 RPD:1
[CH: 50] LEN: 12 | HEX: F6 76 F6 F4 79 D7 9C FB C8 82 BF FF | T:3803097 RPD:1
[CH: 50] LEN: 12 | HEX: FA 76 FB F3 7A F7 9C F7 BE 7B BE FE | T:3803127 RPD:1
[CH: 50] LEN: 12 | HEX: FA 76 FE F2 7F 97 9C FF A2 9E AD FE | T:3803157 RPD:1
[CH: 50] LEN: 12 | HEX: F2 76 FE F1 7C F7 9C FE D7 10 AE FF | T:3803187 RPD:1
[CH: 50] LEN: 12 | HEX: FA 76 FE F0 79 F7 9C FF 8B 75 AE DF | T:3803217 RPD:1
[CH: 50] LEN: 12 | HEX: FA 7E FE EF 62 F7 9C F5 25 9F AF FF | T:3803247 RPD:1
[CH: 50] LEN: 12 | HEX: F2 76 FE EE 63 F7 9C F7 59 7A AF FF | T:3803277 RPD:1
[CH: 50] LEN: 12 | HEX: F2 76 F6 ED 60 F7 1C FF 0C 74 AF 5F | T:3803307 RPD:1
[CH: 50] LEN: 12 | HEX: F2 76 FE EC 61 F7 1C FF 50 91 AB F5 | T:3803337 RPD:1
[CH: 50] LEN: 12 | HEX: F2 76 FA EA 67 F7 9C FF BA 8D B7 FF | T:3803397 RPD:1
[CH: 50] LEN: 12 | HEX: FA 76 FE E9 64 F7 9C EF 6F 03 FF EF | T:3803427 RPD:1
[CH: 50] LEN: 12 | HEX: F2 76 F6 E8 65 F7 1C F7 13 66 AB FF | T:3803457 RPD:1
[CH: 50] LEN: 12 | HEX: FA 76 FA E7 6A F7 9C FF 62 71 AA FD | T:3803487 RPD:1
[CH: 50] LEN: 12 | HEX: FA 76 F6 E6 6B F7 9C FF 7E 94 BF FF | T:3803517 RPD:1
[CH: 50] LEN: 12 | HEX: FA 76 FA E5 68 E7 1C EA 0B 9A BF EF | T:3803547 RPD:1
[CH: 50] LEN: 12 | HEX: EE 76 F6 E4 69 D7 1C EF 57 7F BE EB | T:3803577 RPD:1
[CH: 50] LEN: 12 | HEX: F2 76 F6 E3 6E E7 9C FF 41 86 AF FF | T:3803607 RPD:1
[CH: 50] LEN: 12 | HEX: F2 76 FE E2 6F F7 9C FF 3D 63 A3 FF | T:3803637 RPD:1
[CH: 50] LEN: 12 | HEX: FA 76 F4 E1 6C F7 9C F7 48 6D AF BD | T:3803667 RPD:1
