# TM102 capture — label=buzz-1 port=/dev/cu.usbserial-0001 started=20260826-132616
[CH: 50] LEN: 12 | HEX: F2 76 FE E4 69 73 FE AF 6E 9C AF BD | T:376411 RPD:1
[CH: 50] LEN: 12 | HEX: F2 76 FA E3 6E 73 FD 7F 58 65 BF FD | T:376441 RPD:1
[CH: 50] LEN: 12 | HEX: FA 76 FE E2 6F 73 FF AF 04 80 BE DF | T:376471 RPD:1
[CH: 50] LEN: 12 | HEX: F2 76 FE E1 6C 73 FF 3F F1 8E AF DB | T:376501 RPD:1
[CH: 50] LEN: 12 | HEX: F2 76 FE E0 6D 73 FF 5A 2D 6B AF EF | T:376531 RPD:1
[CH: 50] LEN: 12 | HEX: FA 76 FE DE 52 73 FD 5F BC 7B BF EE | T:376561 RPD:1
[CH: 50] LEN: 12 | HEX: F2 76 FC F6 73 73 AD 5F 5F 64 BF 7F | T:376591 RPD:1
[CH: 50] LEN: 12 | HEX: FA 76 FE FD 74 73 FE AF 2A 6A BF EF | T:376595 RPD:1
[CH: 50] LEN: 12 | HEX: FA 76 FE F8 71 73 FD 7F B6 8F 3F EF | T:376598 RPD:1
[CH: 50] LEN: 12 | HEX: F2 76 FA F3 76 73 FE BF C0 76 AF BF | T:376628 RPD:1
[CH: 50] LEN: 12 | HEX: F2 76 FA FA 77 73 DF FA 1C 93 BF 6D | T:376658 RPD:1
[CH: 50] LEN: 12 | HEX: FA 76 FE F9 74 73 FE BE 69 9D BD DF | T:376688 RPD:1
[CH: 50] LEN: 12 | HEX: FA 76 FE F8 75 73 DD 5F B5 74 AF FD | T:376718 RPD:1
[CH: 50] LEN: 12 | HEX: FA 76 FE F7 7A 73 FE BF 04 6F AF FB | T:376748 RPD:1
[CH: 50] LEN: 12 | HEX: FA 76 FE F6 7B 73 FD 5F D8 8A BA FF | T:376778 RPD:1
[CH: 50] LEN: 12 | HEX: F2 76 FE F5 78 73 D5 7D 2D 84 BF 7D | T:376808 RPD:1
[CH: 50] LEN: 12 | HEX: F2 76 FE F4 79 73 FD 7F 71 61 BF F7 | T:376838 RPD:1
[CH: 50] LEN: 12 | HEX: FA 76 F6 E3 7E 77 BA FF 47 98 BB FE | T:376868 RPD:1
[CH: 50] LEN: 12 | HEX: FA 76 FE F2 7D 73 DD 7F 9B 79 AE FD | T:376898 RPD:1
[CH: 50] LEN: 12 | HEX: F2 76 FE F1 7C 73 EE AF DE 73 AF FF | T:376928 RPD:1
[CH: 50] LEN: 12 | HEX: F2 76 FE F0 7D 73 FF FF 32 96 BB 7F | T:376958 RPD:1
[CH: 50] LEN: 12 | HEX: F2 76 F4 EF 62 73 FF 5F 9C 7A BF FB | T:376988 RPD:1
[CH: 50] LEN: 12 | HEX: F2 76 F4 EE 63 73 FE FE C0 99 AE BB | T:377018 RPD:1
[CH: 50] LEN: 12 | HEX: FA 76 FE ED 60 73 FA FF 35 97 3E FB | T:377048 RPD:1
[CH: 50] LEN: 12 | HEX: FA 76 FE EB 66 73 FF 7F DE 8B AE B5 | T:377108 RPD:1
[CH: 50] LEN: 12 | HEX: F2 76 FA EA 67 73 FE BF 03 6E AF 7F | T:377138 RPD:1
[CH: 50] LEN: 12 | HEX: F2 76 F4 E9 64 73 FA BF 76 60 BE FF | T:377168 RPD:1
[CH: 50] LEN: 12 | HEX: F2 76 FC E8 65 73 D5 7F 2A 85 BF FF | T:377198 RPD:1
[CH: 50] LEN: 12 | HEX: FA 76 FE E7 6A 73 FE BF 1B 92 BB DE | T:377228 RPD:1
[CH: 50] LEN: 12 | HEX: FA 76 FA E6 6B 73 FE BF C7 77 AF B7 | T:377258 RPD:1
[CH: 50] LEN: 12 | HEX: D2 76 FE E5 68 73 DE BE B2 79 BB FF | T:377288 RPD:1
[CH: 50] LEN: 12 | HEX: FA 76 FE E4 69 73 FD 7E 6E 9C AE FF | T:377318 RPD:1
[CH: 50] LEN: 12 | HEX: FA 76 FE E3 6E 73 FF AF 58 65 B7 BF | T:377348 RPD:1
[CH: 50] LEN: 12 | HEX: F2 76 EE E2 6F 73 FF 5F 84 80 B7 FF | T:377378 RPD:1
[CH: 50] LEN: 12 | HEX: F2 76 FE E1 6C 73 FD FA F1 8E B7 7F | T:377408 RPD:1
[CH: 50] LEN: 12 | HEX: FA 76 FE E0 6D 73 D7 FD 2D 6B AF FB | T:377438 RPD:1
[CH: 50] LEN: 12 | HEX: FA 76 FE DE 52 7B DE BF 3C 7B BE FF | T:377468 RPD:1
[CH: 50] LEN: 12 | HEX: FA 76 FE FE 73 73 FE BF 5E 64 BD B7 | T:377498 RPD:1
[CH: 50] LEN: 12 | HEX: F6 76 F6 FD 70 73 FE BF 2A 6A BE 7F | T:377501 RPD:1
[CH: 50] LEN: 12 | HEX: FA 76 FE FC 71 73 FD 7F E6 8F BF FF | T:377505 RPD:1
[CH: 50] LEN: 12 | HEX: FA 76 FE FB 76 73 F5 FF E0 76 BF DF | T:377535 RPD:1
[CH: 50] LEN: 12 | HEX: FA 76 FE EA 77 73 BA FD 1C 93 FD FF | T:377565 RPD:1
[CH: 50] LEN: 12 | HEX: F2 76 F6 F9 74 73 D6 BF 69 9D BF 7F | T:377595 RPD:1
[CH: 50] LEN: 12 | HEX: FA 76 FE F8 75 73 FF FD B5 70 AA FD | T:377625 RPD:1
[CH: 50] LEN: 12 | HEX: F2 76 FE F7 7A 73 EE BE 04 6F AF DF | T:377655 RPD:1
[CH: 50] LEN: 12 | HEX: FA 76 F4 E6 7B 73 FF 7F 98 8A AF D7 | T:377685 RPD:1
[CH: 50] LEN: 12 | HEX: F2 76 FE ED 78 73 FF FF 2D 84 BB FF | T:377715 RPD:1
[CH: 50] LEN: 12 | HEX: F2 76 FE F4 79 73 FF AF 71 61 BE FF | T:377745 RPD:1
[CH: 50] LEN: 12 | HEX: F2 76 FE F3 7E 73 EA BF 47 98 BD F5 | T:377775 RPD:1
[CH: 50] LEN: 12 | HEX: FA 76 FE F2 7F 73 FD 7F 9B 7D BF FF | T:377805 RPD:1
[CH: 50] LEN: 12 | HEX: FA 76 FE F1 7C 73 D7 FF 6E 73 FD ED | T:377835 RPD:1
[CH: 50] LEN: 12 | HEX: FA 76 F6 F0 7D 73 DA FB 32 96 BF FF | T:377865 RPD:1
[CH: 50] LEN: 12 | HEX: FA 76 FE EF 62 73 FE BF 9C 7C AF FF | T:377895 RPD:1
[CH: 50] LEN: 12 | HEX: FA 76 FE EE 63 73 FA FD 40 99 AA AF | T:377925 RPD:1
[CH: 50] LEN: 12 | HEX: EA 76 F5 ED 60 73 FD 7D 35 97 37 FF | T:377955 RPD:1
[CH: 50] LEN: 12 | HEX: F2 76 FE EC 61 73 FF EF 69 72 AF BD | T:377985 RPD:1
[CH: 50] LEN: 12 | HEX: F2 76 F6 EB 66 73 DF 7F 9F 8B BE FE | T:378015 RPD:1
[CH: 50] LEN: 12 | HEX: FA 76 F4 EA 67 73 F7 5F 03 6E AF FF | T:378045 RPD:1
[CH: 50] LEN: 12 | HEX: FA 76 FC E9 64 73 FE BF 76 60 BE F5 | T:378075 RPD:1
[CH: 50] LEN: 12 | HEX: F2 76 F6 E8 65 73 FD 7D 2A 85 A7 5F | T:378105 RPD:1
[CH: 50] LEN: 12 | HEX: FA 76 FE E7 6A 73 D6 BF 1B 92 AF FF | T:378135 RPD:1
[CH: 50] LEN: 12 | HEX: FA 76 FE E6 6B 73 FE FD C7 77 BF FF | T:378165 RPD:1
[CH: 50] LEN: 12 | HEX: F2 76 F6 E5 68 73 BA FF B2 71 BB B7 | T:378195 RPD:1
[CH: 50] LEN: 12 | HEX: FA 76 FA E4 69 73 FA FE 6E 9C AE FF | T:378225 RPD:1
[CH: 50] LEN: 12 | HEX: F2 76 EA E3 6E 73 AD FF 58 65 BD FE | T:378255 RPD:1
[CH: 50] LEN: 12 | HEX: FA 76 F6 E2 6F 73 FD 7D 84 80 BF FF | T:378285 RPD:1
[CH: 50] LEN: 12 | HEX: FA 76 FE E1 6C 73 FD 57 F1 8E BF FF | T:378315 RPD:1
[CH: 50] LEN: 12 | HEX: FA 76 FA E0 6D 73 B7 FD 2D 6B BF FF | T:378345 RPD:1
[CH: 50] LEN: 12 | HEX: F2 76 EE DE 52 73 FA FF B8 73 FE 97 | T:378375 RPD:1
[CH: 50] LEN: 12 | HEX: F2 76 FE FE 7B 73 FD 7D 5D 64 AF 7D | T:378405 RPD:1
[CH: 50] LEN: 12 | HEX: F2 76 FA FD 70 73 FD FB 2A 6A AE FB | T:378409 RPD:1
[CH: 50] LEN: 12 | HEX: FA 76 FE FC 71 73 F7 5F F6 8F AF DB | T:378413 RPD:1
[CH: 50] LEN: 12 | HEX: FA 76 FE F3 76 73 FE BF C0 76 BF FF | T:378443 RPD:1
[CH: 50] LEN: 12 | HEX: FA 76 FA F2 77 73 DD 7F 1C 93 AF FB | T:378473 RPD:1
[CH: 50] LEN: 12 | HEX: F6 76 FE F9 74 73 DF FA 69 9D AF FB | T:378503 RPD:1
[CH: 50] LEN: 12 | HEX: F2 76 F4 F8 75 73 FF 7F 75 74 AF F6 | T:378533 RPD:1
[CH: 50] LEN: 12 | HEX: F2 76 F6 F7 72 73 BD 7D 04 6F AA BF | T:378563 RPD:1
[CH: 50] LEN: 12 | HEX: FA 76 FA F6 7B 73 DE AF D8 8A AE FF | T:378593 RPD:1
[CH: 50] LEN: 12 | HEX: F2 76 EE F5 70 73 FD 7F AD 84 BE F7 | T:378623 RPD:1
[CH: 50] LEN: 12 | HEX: F2 76 F6 F4 79 73 FF 5F 71 61 BD EB | T:378653 RPD:1
[CH: 50] LEN: 12 | HEX: F2 76 FE F3 7A 73 FA FC C7 98 BF FF | T:378683 RPD:1
[CH: 50] LEN: 12 | HEX: F2 76 FE E2 7F 73 DE FE DB 7D BB FF | T:378713 RPD:1
[CH: 50] LEN: 12 | HEX: F2 76 FC F1 7C 73 EE AF EE 73 AF 7B | T:378743 RPD:1
[CH: 50] LEN: 12 | HEX: FA 76 F6 E0 7D 73 FF FC B2 96 BD FB | T:378773 RPD:1
[CH: 50] LEN: 12 | HEX: FA 76 FE EF 62 73 ED 5F 9C 7C B5 B7 | T:378803 RPD:1
[CH: 50] LEN: 12 | HEX: EA 76 FE EE 63 73 BA FE 40 99 BB F7 | T:378832 RPD:1
[CH: 50] LEN: 12 | HEX: FA 76 FA ED 60 73 FA FA 35 97 AF E7 | T:378863 RPD:1
[CH: 50] LEN: 12 | HEX: FA 76 FA EC 61 73 FF 7F 49 72 AF FF | T:378893 RPD:1
[CH: 50] LEN: 12 | HEX: FA 76 FE EB 66 73 FF AF DF 8B AA EF | T:378923 RPD:1
[CH: 50] LEN: 12 | HEX: FA 76 EC EA 67 73 FA FB 03 6E AF FF | T:378953 RPD:1
[CH: 50] LEN: 12 | HEX: FA 76 FE E9 64 73 D7 FB 76 60 BF DF | T:378982 RPD:1
[CH: 50] LEN: 12 | HEX: F2 76 FE E8 65 73 FF 5F AA 85 BF FE | T:379012 RPD:1
[CH: 50] LEN: 12 | HEX: F2 76 FE E7 6A 73 FD 7F 1B 92 AF 77 | T:379042 RPD:1
[CH: 50] LEN: 12 | HEX: FA 76 FE E6 6B 73 FB FA C7 77 BF FF | T:379072 RPD:1
[CH: 50] LEN: 12 | HEX: FA 76 FE E4 69 73 FD 7F 6E 9C BF FE | T:379132 RPD:1
[CH: 50] LEN: 12 | HEX: F2 76 FE E3 6E 73 FA FF 58 65 BD FF | T:379162 RPD:1
[CH: 50] LEN: 12 | HEX: FA 76 FE E2 6F 73 EF 5B 84 80 BF FD | T:379192 RPD:1
[CH: 50] LEN: 12 | HEX: FA 76 FE E1 6C 73 FD 7F E1 8E AE FB | T:379222 RPD:1
[CH: 50] LEN: 12 | HEX: FA 76 FA E0 6D 73 FE BF 2D 6B BF 77 | T:379252 RPD:1
[CH: 50] LEN: 12 | HEX: EA 76 FE DE 52 73 AF 5F BC 7B BF F7 | T:379282 RPD:1
[CH: 50] LEN: 12 | HEX: F2 76 FE FE 73 73 DF F5 5D 64 BD EF | T:379312 RPD:1
[CH: 50] LEN: 12 | HEX: F2 76 FE FD 70 73 FE BD 2A 6A AB BF | T:379316 RPD:1
[CH: 50] LEN: 12 | HEX: F2 76 F6 FA 71 73 FD 7D 5E 8E AF FE | T:379320 RPD:1
[CH: 50] LEN: 12 | HEX: FA 76 F4 EB 76 73 B5 FB C0 76 A7 F7 | T:379350 RPD:1
[CH: 50] LEN: 12 | HEX: F2 76 FE FA 77 73 FB FF 1C 93 AF FF | T:379380 RPD:1
[CH: 50] LEN: 12 | HEX: FA 76 FE F9 74 73 EE FD 69 9D AF EF | T:379410 RPD:1
[CH: 50] LEN: 12 | HEX: F2 76 FE F8 75 73 FD 7D B5 70 AF 76 | T:379440 RPD:1
[CH: 50] LEN: 12 | HEX: F2 76 F6 F7 7A 73 DD 7E 84 6F BF FB | T:379470 RPD:1
[CH: 50] LEN: 12 | HEX: FA 76 FE F6 7B 73 FA FB D8 8A BE 7F | T:379500 RPD:1
[CH: 50] LEN: 12 | HEX: FA 76 FE F5 78 73 FA FD 2D 84 BF 7E | T:379530 RPD:1
[CH: 50] LEN: 12 | HEX: EA 76 FD F4 79 73 FA FA 71 61 AB DF | T:379560 RPD:1
[CH: 50] LEN: 12 | HEX: FA 76 FE F3 7C 73 FE FF 47 18 BF 7F | T:379590 RPD:1
[CH: 50] LEN: 12 | HEX: EA 76 FE F2 7F 73 FD 7F 1B 75 BB BA | T:379620 RPD:1
[CH: 50] LEN: 12 | HEX: F2 76 FE F1 7C 73 FD 7F EE 73 EF BF | T:379650 RPD:1
[CH: 50] LEN: 12 | HEX: F2 76 FE F0 79 73 D6 BF 32 96 BF FD | T:379680 RPD:1
[CH: 50] LEN: 12 | HEX: FA 76 FE EF 62 73 FD 7F 1C 78 AE B6 | T:379710 RPD:1
[CH: 50] LEN: 12 | HEX: FA 76 EE EE 63 73 FE BF 40 99 AF 7A | T:379740 RPD:1
[CH: 50] LEN: 12 | HEX: FA 76 FA ED 60 73 FD 7F 35 97 BF F7 | T:379770 RPD:1
[CH: 50] LEN: 12 | HEX: F2 76 FE AC 61 73 FD 7D D9 72 AF DF | T:379800 RPD:1
[CH: 50] LEN: 12 | HEX: FA 76 FE EB 66 73 D6 BE 9D 0B AD F7 | T:379830 RPD:1
[CH: 50] LEN: 12 | HEX: FA 76 EC EA 67 73 DA FA 03 6E AB B7 | T:379860 RPD:1
[CH: 50] LEN: 12 | HEX: FA 76 FA E9 64 73 AE BD 76 60 BF BF | T:379890 RPD:1
[CH: 50] LEN: 12 | HEX: FA 76 FE E8 65 72 A9 74 AA 85 BF F5 | T:379920 RPD:1
[CH: 50] LEN: 12 | HEX: F2 76 EC E7 6A 63 B5 F7 1B 92 BD FF | T:379950 RPD:1
[CH: 50] LEN: 12 | HEX: FA 76 FA E6 6B 73 F5 F7 87 77 3F FF | T:379980 RPD:1
[CH: 50] LEN: 12 | HEX: FA 76 FE E5 68 73 DA BE B2 79 BA DE | T:380010 RPD:1
[CH: 50] LEN: 12 | HEX: FA 76 FE E4 69 73 BD 7F 6E 9C AF DF | T:380040 RPD:1
[CH: 50] LEN: 12 | HEX: FA 76 F6 E3 6E 73 FD 7F 58 65 BF FF | T:380070 RPD:1
[CH: 50] LEN: 12 | HEX: F6 76 F4 E2 6F 73 D7 5F 04 80 B7 5E | T:380100 RPD:1
[CH: 50] LEN: 12 | HEX: F2 76 F6 F1 6C 73 AD 5F F1 8E B7 FF | T:380130 RPD:1
[CH: 50] LEN: 12 | HEX: EA 76 F4 E0 6D 73 DF FD 2D 6B BB BF | T:380160 RPD:1
[CH: 50] LEN: 12 | HEX: F2 76 FE DE 52 73 EF FD 3A 73 EF D7 | T:380190 RPD:1
[CH: 50] LEN: 12 | HEX: FE 76 FE FE 73 73 DE FD 5F 64 AF DF | T:380220 RPD:1
[CH: 50] LEN: 12 | HEX: FE 76 F6 FD 70 73 EE BE AA 6A BB 7E | T:380223 RPD:1
[CH: 50] LEN: 12 | HEX: F6 76 FE FC 71 73 FD FF 56 8F BF BD | T:380227 RPD:1
[CH: 50] LEN: 12 | HEX: F6 76 F6 FB 76 73 FB F6 80 76 BE BA | T:380257 RPD:1
[CH: 50] LEN: 12 | HEX: F2 76 F6 FA 77 73 FD 7F 1C 93 BE FF | T:380287 RPD:1
[CH: 50] LEN: 12 | HEX: F2 76 FE F9 74 73 EF 7E 69 9D AF FF | T:380317 RPD:1
[CH: 50] LEN: 12 | HEX: F2 76 FE F8 75 73 FE BF B5 70 BF AF | T:380347 RPD:1
[CH: 50] LEN: 12 | HEX: EA 76 F4 F7 7A 73 FE FE 84 6F 37 FF | T:380377 RPD:1
[CH: 50] LEN: 12 | HEX: F2 76 FC E6 7B 73 DD 7F 98 8A BE AA | T:380407 RPD:1
[CH: 50] LEN: 12 | HEX: F6 76 FE F5 78 73 BD FB ED 84 AF DF | T:380437 RPD:1
[CH: 50] LEN: 12 | HEX: EA 76 FA FC 79 73 DF F7 71 61 BF EF | T:380467 RPD:1
[CH: 50] LEN: 12 | HEX: F6 76 FE EB 7A 73 FB F7 C7 98 BF FE | T:380497 RPD:1
[CH: 50] LEN: 12 | HEX: EA 76 F6 F2 75 73 FA F7 9B 7D AF FB | T:380527 RPD:1
[CH: 50] LEN: 12 | HEX: FA 76 F6 F1 7A 73 FA F7 AE 73 AD FF | T:380557 RPD:1
[CH: 50] LEN: 12 | HEX: FA 7E EE E8 7D 73 FA FF B2 96 AF DF | T:380587 RPD:1
[CH: 50] LEN: 12 | HEX: EA 76 FE EF 62 73 BF F7 9C 7A AD F7 | T:380617 RPD:1
[CH: 50] LEN: 12 | HEX: FA 76 FE EE 63 73 FB EE 40 99 BA DF | T:380647 RPD:1
[CH: 50] LEN: 12 | HEX: FA 76 EE FD 60 73 F7 DE 35 97 FF 7F | T:380676 RPD:1
[CH: 50] LEN: 12 | HEX: EA 76 FD EC 61 73 BB EF E9 72 BF FE | T:380707 RPD:1
[CH: 50] LEN: 12 | HEX: FA 76 FD EB 66 73 BF EF DF 0B AB 7D | T:380737 RPD:1
[CH: 50] LEN: 12 | HEX: EA 7E F6 EA 67 F3 BF DF 03 6E AF DD | T:380767 RPD:1
[CH: 50] LEN: 12 | HEX: FA 7E ED E8 65 73 F5 FF AA 85 BE FF | T:380827 RPD:1
[CH: 50] LEN: 12 | HEX: EA 76 FD E4 69 73 BF EF 6E 9C BF DE | T:380947 RPD:1
[CH: 50] LEN: 12 | HEX: EA 76 ED E3 6F 73 F7 DD 58 65 AF 6A | T:380977 RPD:1
[CH: 50] LEN: 12 | HEX: FA 6E DC E1 6C 73 BF DF E9 8D AE FF | T:381037 RPD:1
[CH: 50] LEN: 12 | HEX: EA 77 BF 00 81 73 FF EF 72 15 BD FE | T:381259 RPD:1
[CH: 50] LEN: 12 | HEX: FA 77 BF 00 81 73 DB FD 72 15 AF FD | T:381259 RPD:1
[CH: 50] LEN: 12 | HEX: F9 77 7E FD FD 70 FF F7 12 9D B7 7B | T:381290 RPD:1
[CH: 50] LEN: 12 | HEX: F9 77 B6 ED EE 73 FB F7 25 1C BF FE | T:381293 RPD:1
[CH: 50] LEN: 12 | HEX: F1 77 FE FD EF 70 EF F7 92 9D AF F5 | T:381296 RPD:1
[CH: 50] LEN: 12 | HEX: E9 77 EA ED FA 73 6F FA 25 1C AF BF | T:381307 RPD:1
[CH: 50] LEN: 12 | HEX: F5 77 BE FD FA 70 ED FE 92 9C AF AF | T:381308 RPD:0
[CH: 50] LEN: 12 | HEX: F9 7F 7E FD FA 7B B7 ED 25 1C AF FF | T:381319 RPD:1
[CH: 50] LEN: 12 | HEX: E9 77 5E FE EF 70 FE FF 52 9D AA F7 | T:381319 RPD:0
[CH: 50] LEN: 12 | HEX: F9 77 BE FD FD 73 F7 FB 25 1C BF FF | T:381330 RPD:1
[CH: 50] LEN: 12 | HEX: F9 77 7E FE FE 70 FE FB 92 9E BF FF | T:381342 RPD:1
[CH: 50] LEN: 12 | HEX: F1 77 BE ED DC 73 DD EF 25 1C AE FE | T:381342 RPD:0
[CH: 50] LEN: 12 | HEX: E9 77 6E EE EC 70 FF F5 92 9D AF BF | T:381353 RPD:1
[CH: 50] LEN: 12 | HEX: F9 77 F6 FD FD 73 BB DF 25 1C BF 2D | T:381354 RPD:0
[CH: 50] LEN: 12 | HEX: F5 77 F6 FF FE 70 FF 7F 92 9D AF FF | T:381365 RPD:1
[CH: 50] LEN: 12 | HEX: F1 77 76 FD FD 70 EE FB 92 9D AB FF | T:381376 RPD:1
[CH: 50] LEN: 12 | HEX: F9 77 F6 ED DC 73 FB FE 25 1C AF FF | T:381376 RPD:0
[CH: 50] LEN: 12 | HEX: E9 77 F4 F6 F6 70 FE FF D2 9C AF FD | T:381388 RPD:1
[CH: 50] LEN: 12 | HEX: F5 77 6A F9 ED 73 BB EF 25 1C BF DD | T:381388 RPD:0
[CH: 50] LEN: 12 | HEX: ED 77 BC EE F4 70 F6 FD 92 9F BF EE | T:381399 RPD:1
[CH: 50] LEN: 12 | HEX: E9 77 EA FD EE 73 FB EB A5 1C AB FA | T:381400 RPD:0
[CH: 50] LEN: 12 | HEX: F1 77 FE FE FE 70 FE FF 52 9E AF FF | T:381411 RPD:1
[CH: 50] LEN: 12 | HEX: F9 77 6A F5 DD 73 BE F5 25 1C AD FF | T:381422 RPD:1
[CH: 50] LEN: 12 | HEX: F9 77 7A FE F6 70 F5 7D 92 9C AF BF | T:381422 RPD:0
[CH: 50] LEN: 12 | HEX: E9 77 7A FD DE 73 DF DF 25 1C AE FF | T:381434 RPD:1
[CH: 50] LEN: 12 | HEX: E9 77 F6 F5 FD 73 DF F7 25 1C AB FB | T:381434 RPD:0
[CH: 50] LEN: 12 | HEX: F1 77 BE EE EA 70 FD FF 52 9F AF FE | T:381445 RPD:1
[CH: 50] LEN: 12 | HEX: F9 77 EE F5 EE 73 FB FD 25 1C BF FD | T:381445 RPD:0
[CH: 50] LEN: 12 | HEX: F5 77 76 EE EF 70 FD 7A 92 9D AA FB | T:381457 RPD:1
[CH: 50] LEN: 12 | HEX: F1 77 76 FF FE 70 F7 7D 92 9E AD BD | T:381468 RPD:1
[CH: 50] LEN: 12 | HEX: F1 77 7A FD FA 73 F5 EE A5 1C BF DF | T:381468 RPD:0
[CH: 50] LEN: 12 | HEX: E9 77 76 FD F4 70 F7 FB 92 9D AF 7F | T:381480 RPD:1
[CH: 50] LEN: 12 | HEX: F5 77 F4 FE FF 70 F6 BF 92 9E AF EF | T:381480 RPD:0
[CH: 50] LEN: 12 | HEX: F9 77 BA FE EA 70 FE FD 92 9E BD DF | T:381491 RPD:1
[CH: 50] LEN: 12 | HEX: F9 77 7A F6 F6 70 FE FD 92 9C BF FF | T:381502 RPD:1
[CH: 50] LEN: 12 | HEX: F1 77 F6 F5 FD 73 FB ED 25 1C A7 77 | T:381503 RPD:1
[CH: 50] LEN: 12 | HEX: E9 77 FA F6 EE 70 EF FB 92 9C B7 FF | T:381514 RPD:1
[CH: 50] LEN: 12 | HEX: E9 77 F6 ED FA 73 FB EE A5 1C AF FF | T:381514 RPD:0
[CH: 50] LEN: 12 | HEX: F5 77 EA F6 FE 70 F7 FE 92 9E BF FB | T:381526 RPD:1
[CH: 50] LEN: 12 | HEX: F1 77 6A ED FA 73 DB EE 25 1C BB EF | T:381526 RPD:0
[CH: 50] LEN: 12 | HEX: E9 77 EE F6 FE 70 FF F7 92 9E AF FF | T:381537 RPD:1
[CH: 50] LEN: 12 | HEX: E9 77 FA ED DC 77 BF EF 25 1C BF FA | T:381548 RPD:1
[CH: 50] LEN: 12 | HEX: E9 77 7E EE FB 70 FF 7D 92 9D BB 7A | T:381549 RPD:0
[CH: 50] LEN: 12 | HEX: E9 77 F6 F5 FD 73 DB F7 25 1C BF EF | T:381560 RPD:1
[CH: 50] LEN: 12 | HEX: F9 77 5E F5 FF 73 F5 F7 A5 1C AE FF | T:381560 RPD:0
[CH: 50] LEN: 12 | HEX: E9 77 EE D6 EE 70 EF FB 92 9A AF FF | T:381572 RPD:1
[CH: 50] LEN: 12 | HEX: F9 77 7A ED EC 73 FF F7 25 1C B7 BF | T:381572 RPD:1
[CH: 50] LEN: 12 | HEX: F9 77 7E FD FD 73 FB EE A5 1C BF FF | T:381583 RPD:1
[CH: 50] LEN: 12 | HEX: E9 77 FA FD FD 73 FB EE 25 1C AE FF | T:381594 RPD:1
[CH: 50] LEN: 12 | HEX: F5 77 FE FF FF 70 FE FF 52 9E BF 7F | T:381595 RPD:0
[CH: 50] LEN: 12 | HEX: E9 77 F6 DE EE 70 FE F7 52 9D AF FF | T:381606 RPD:1
[CH: 50] LEN: 12 | HEX: F9 7F FE FD ED 70 EE F5 92 9D AA BF | T:381606 RPD:0
[CH: 50] LEN: 12 | HEX: F9 77 EA FD FA 73 BB EF 25 1C AF FF | T:381618 RPD:1
[CH: 50] LEN: 12 | HEX: F1 6F FE ED FD 70 FD FB 52 9E BC F7 | T:381618 RPD:0
[CH: 50] LEN: 12 | HEX: F9 77 76 FE FE 70 FF 7B 52 9D BE F7 | T:381629 RPD:1
[CH: 50] LEN: 12 | HEX: E9 77 F6 FD EE 70 FD 7F 92 9C BE BF | T:381640 RPD:1
[CH: 50] LEN: 12 | HEX: F1 77 7E F7 D4 7B BF BF 25 1C BF AF | T:381641 RPD:1
[CH: 50] LEN: 12 | HEX: FD 77 AE EE F7 78 F7 FB 92 9F BF FF | T:381652 RPD:1
[CH: 50] LEN: 12 | HEX: F5 77 7E ED DE 73 BF AF 25 1E AD 77 | T:381652 RPD:0
[CH: 50] LEN: 12 | HEX: E9 77 BA FD FE 70 FD FF 52 9D AF FB | T:381664 RPD:1
[CH: 50] LEN: 12 | HEX: F5 77 FE FD DE 73 BB F7 25 1C AF F5 | T:381675 RPD:1
[CH: 50] LEN: 12 | HEX: D9 77 6A FE DE 70 FD F7 92 9C BF 7F | T:381675 RPD:0
[CH: 50] LEN: 12 | HEX: F9 77 F6 FD FA 73 DB EE 25 1C BD ED | T:381686 RPD:1
[CH: 50] LEN: 12 | HEX: F5 77 F6 FD FA 73 F5 FD 25 1C AB FF | T:381687 RPD:0
[CH: 50] LEN: 12 | HEX: F5 77 7A FF FD 70 EF FA 92 9E BF FD | T:381698 RPD:1
[CH: 50] LEN: 12 | HEX: F9 77 7E EC F6 70 F7 FD 92 9C B7 F7 | T:381698 RPD:0
[CH: 50] LEN: 12 | HEX: F9 77 76 ED EE 7B FB EF 25 1C BF F7 | T:381709 RPD:1
[CH: 50] LEN: 12 | HEX: FD 77 FD FD FA 73 FB EF 25 1C BF FB | T:381721 RPD:1
[CH: 50] LEN: 12 | HEX: F5 77 76 EE FE 70 FF 7D 92 9C AF FF | T:381721 RPD:0
[CH: 50] LEN: 12 | HEX: F9 77 76 FD F6 70 F7 FD 12 9C AF FF | T:381732 RPD:1
[CH: 50] LEN: 12 | HEX: F1 77 FA FE FE 70 FE BF 12 9E BE AF | T:381733 RPD:0
[CH: 50] LEN: 12 | HEX: F5 77 FE ED EE 73 AF FB 25 1E BF DD | T:381744 RPD:1
[CH: 50] LEN: 12 | HEX: F9 77 F4 FE F4 70 EB 7E 92 9E BF D7 | T:381744 RPD:0
[CH: 50] LEN: 12 | HEX: E9 77 B6 F9 FF 73 FA FB 25 1C BF DD | T:381755 RPD:1
[CH: 50] LEN: 12 | HEX: F9 77 FA FD F6 70 FF 7F 92 9E BF FF | T:381767 RPD:1
[CH: 50] LEN: 12 | HEX: F5 77 B4 FD F6 73 DE FB 25 1C BF FE | T:381767 RPD:0
[CH: 50] LEN: 12 | HEX: F9 77 FE FE FE 70 FD 7D 12 9E BE DF | T:381778 RPD:1
[CH: 50] LEN: 12 | HEX: F9 77 BE FA FE 70 FE FD 12 9C AF FF | T:381779 RPD:0
[CH: 50] LEN: 12 | HEX: F9 77 FA F5 FA 73 DD FA 25 1C BF FF | T:381790 RPD:1
[CH: 50] LEN: 12 | HEX: F9 77 F4 FD FE 73 FE FD 25 1C BF F5 | T:381801 RPD:1
[CH: 50] LEN: 12 | HEX: E9 77 EA F6 F5 70 F7 FD 12 9E AF FF | T:381801 RPD:0
[CH: 50] LEN: 12 | HEX: F9 77 BE FD FF 73 BD F9 25 1C BB FE | T:381813 RPD:1
[CH: 50] LEN: 12 | HEX: F9 77 FA FD EE 73 FA FB 25 1C AF FF | T:381813 RPD:0
[CH: 50] LEN: 12 | HEX: F9 77 FA FE FE 70 FB 5F 92 9E BF 7F | T:381824 RPD:1
[CH: 50] LEN: 12 | HEX: F1 77 74 E9 FE 73 B7 F5 25 1C BB BF | T:381825 RPD:0
[CH: 50] LEN: 12 | HEX: F1 77 D6 FE FE 70 ED 7D 92 9C BF 7B | T:381836 RPD:1
[CH: 50] LEN: 12 | HEX: E9 77 54 F5 EE 73 FB EF A5 1C BF FF | T:381847 RPD:1
[CH: 50] LEN: 12 | HEX: F1 77 F4 EE F6 70 F7 FE 92 9E B5 5F | T:381847 RPD:0
[CH: 50] LEN: 12 | HEX: F1 77 BC F5 EE 73 DD 7F A5 1C AF BF | T:381859 RPD:1
[CH: 50] LEN: 12 | HEX: E9 77 5A F6 F6 70 F7 7E 92 9C B7 FD | T:381859 RPD:0
[CH: 50] LEN: 12 | HEX: FD 77 DE FD FC 73 DE FA 25 1C BF 77 | T:381870 RPD:1
[CH: 50] LEN: 12 | HEX: E9 77 BE F6 F6 70 FF 5F 92 9C BA FD | T:381871 RPD:0
[CH: 50] LEN: 12 | HEX: ED 77 6A FD EC 73 FA F7 25 1C BB FF | T:381882 RPD:1
[CH: 50] LEN: 12 | HEX: F9 77 DE FF FA 70 F6 BD 12 9E BF BB | T:381893 RPD:1
[CH: 50] LEN: 12 | HEX: E9 77 FA F5 D6 73 BB F7 25 1E BF FF | T:381893 RPD:0
[CH: 50] LEN: 12 | HEX: F9 77 B4 FA F6 70 F7 FF 52 9E BF 7D | T:381905 RPD:1
[CH: 50] LEN: 12 | HEX: F5 77 7C EE F6 70 F7 7F 12 9E AF DF | T:381905 RPD:0
[CH: 50] LEN: 12 | HEX: ED 77 DC FB EE 73 FA FE A5 1C BF F7 | T:381916 RPD:1
[CH: 50] LEN: 12 | HEX: F9 77 7A FE EE 70 FF FF 52 9E BF FB | T:381928 RPD:1
[CH: 50] LEN: 12 | HEX: F5 77 FD FD EC 73 DA FD 25 1C A5 FF | T:381928 RPD:0
[CH: 50] LEN: 12 | HEX: F5 77 F4 FD FD 73 BF F7 25 1C BF DF | T:381939 RPD:1
[CH: 50] LEN: 12 | HEX: F1 77 FA FB EE 73 FC FD 25 1C AE AA | T:381939 RPD:0
[CH: 50] LEN: 12 | HEX: F5 77 BE FA F6 70 EB FE 92 9C BF FF | T:381951 RPD:1
[CH: 50] LEN: 12 | HEX: F1 77 BE F5 FE 73 FD FA 25 1C BD BF | T:381951 RPD:0
[CH: 50] LEN: 12 | HEX: F9 77 6A FE FE 70 FE BE 92 9E AF DD | T:381962 RPD:1
[CH: 50] LEN: 12 | HEX: E9 77 AA FB F4 73 DF FF A5 1C BD 7F | T:381974 RPD:1
[CH: 50] LEN: 12 | HEX: F5 7F B4 F6 EE 70 FF 7E 92 9C BF F7 | T:381974 RPD:0
[CH: 50] LEN: 12 | HEX: F5 77 BE FD FB 73 D5 F7 25 1C BF F7 | T:381985 RPD:1
[CH: 50] LEN: 12 | HEX: F5 77 7E FD FF 73 EB FA 25 1C BB 7A | T:381985 RPD:0
[CH: 50] LEN: 12 | HEX: F5 77 FA F5 EC 73 DF FB 25 1C BE FD | T:381997 RPD:1
[CH: 50] LEN: 12 | HEX: E9 77 AE EA FE 70 FA BF 92 9C BF DB | T:381997 RPD:0
[CH: 50] LEN: 12 | HEX: F1 77 EE F5 DD 7B FF FE A5 1C BB FD | T:382008 RPD:1
[CH: 50] LEN: 12 | HEX: F9 77 D4 FE FE 70 FF 7E 92 9E BF FF | T:382019 RPD:1
[CH: 50] LEN: 12 | HEX: E9 77 BE F5 DE 73 BB FB 25 1C BF 41 | T:382020 RPD:0
[CH: 50] LEN: 12 | HEX: E9 77 BE FD FE 70 F7 FE 92 9D AF BF | T:382031 RPD:1
[CH: 50] LEN: 12 | HEX: F1 77 B6 F6 F6 70 FE FF 92 9C BE FF | T:382031 RPD:0
[CH: 50] LEN: 12 | HEX: F5 77 7E FD FE 73 BF F7 25 1C AA FF | T:382043 RPD:1
[CH: 50] LEN: 12 | HEX: F1 77 B4 EE EC 70 FF 7F 92 9E BD 7F | T:382043 RPD:0
[CH: 50] LEN: 12 | HEX: F1 77 F6 ED FE 73 DB F7 25 1C BF AD | T:382054 RPD:1
[CH: 50] LEN: 12 | HEX: ED 77 BC E9 FD 73 FA FF 25 1C BF FF | T:382065 RPD:1
[CH: 50] LEN: 12 | HEX: F9 77 6E EE DD 70 EE FB 92 9C BD FE | T:382066 RPD:0
[CH: 50] LEN: 12 | HEX: F5 77 BA FE FA 70 FE BE 92 9E AB F7 | T:382077 RPD:1
[CH: 50] LEN: 12 | HEX: E9 77 FA F6 FE 70 F6 FD 92 9C BF EF | T:382077 RPD:0
[CH: 50] LEN: 12 | HEX: F9 77 F4 FD FD 73 FB F7 25 1C B7 FF | T:382089 RPD:1
[CH: 50] LEN: 12 | HEX: F9 77 F6 FD D7 73 ED FB 25 1C BF 6F | T:382100 RPD:1
[CH: 50] LEN: 12 | HEX: E5 77 FA F6 F6 70 F7 FE 92 9D BF DF | T:382100 RPD:0
[CH: 50] LEN: 12 | HEX: F9 77 B4 FD ED 73 FD 7D 25 1C BD FB | T:382111 RPD:1
[CH: 50] LEN: 12 | HEX: F5 77 BE ED D6 73 FB FF 25 1C BF 77 | T:382112 RPD:1
[CH: 50] LEN: 12 | HEX: F1 77 BE F6 FE 70 FE BD 92 9C BF FB | T:382123 RPD:1
[CH: 50] LEN: 12 | HEX: F5 77 7E ED FC 73 FF F7 25 1C BA BF | T:382123 RPD:0
[CH: 50] LEN: 12 | HEX: E9 77 FA FD FE 70 EF FA 92 9E BB F7 | T:382135 RPD:1
[CH: 50] LEN: 12 | HEX: F5 77 76 F4 FE 70 FD 7F 92 9E BD FF | T:382146 RPD:1
[CH: 50] LEN: 12 | HEX: E9 77 DE FD D6 73 FB F6 A5 1C BF FF | T:382146 RPD:0
[CH: 50] LEN: 12 | HEX: F5 77 B6 F4 FA 70 F7 FD 92 9E AE FF | T:382157 RPD:1
[CH: 50] LEN: 12 | HEX: FD 77 F6 FE FE 70 FE BE 92 9E BF FF | T:382158 RPD:0
[CH: 50] LEN: 12 | HEX: F9 77 FC FD BE 73 FA FB 25 1C B7 7D | T:382169 RPD:1
[CH: 50] LEN: 12 | HEX: F5 77 F6 FD FD 73 DB F7 25 1C B6 FE | T:382169 RPD:0
[CH: 50] LEN: 12 | HEX: F5 77 FA F6 ED 70 FF BE 92 9C BE D5 | T:382181 RPD:1
[CH: 50] LEN: 12 | HEX: F9 77 F6 FE F6 70 FD 7F 52 9E AF FB | T:382192 RPD:1
[CH: 50] LEN: 12 | HEX: E9 77 F6 FD FD 73 FB F6 A5 1C BF BF | T:382192 RPD:0
[CH: 50] LEN: 12 | HEX: E9 77 6E FD FE 70 ED 7B 52 9E BF FF | T:382203 RPD:1
[CH: 50] LEN: 12 | HEX: F9 77 F6 F5 FE 73 FD F6 A5 1C BF D7 | T:382204 RPD:0
[CH: 50] LEN: 12 | HEX: F9 77 76 FE FF 70 FE F7 92 9F B6 FF | T:382215 RPD:1
[CH: 50] LEN: 12 | HEX: E9 77 FA ED FD 73 FB EF 25 1C AB BF | T:382226 RPD:1
[CH: 50] LEN: 12 | HEX: E9 77 F6 FD EE 60 EF F5 D2 9C BF FF | T:382226 RPD:0
[CH: 50] LEN: 12 | HEX: E9 77 7E ED DC 73 FD FE 25 1C AF DF | T:382238 RPD:1
[CH: 50] LEN: 12 | HEX: FD 77 F4 FD F6 73 FE F5 25 1C BF DF | T:382238 RPD:0
[CH: 50] LEN: 12 | HEX: E9 77 EA FE F6 70 FD FB 92 9D AF FB | T:382249 RPD:1
[CH: 50] LEN: 12 | HEX: F9 77 BA FD FD 73 BF F7 25 1C AF F5 | T:382250 RPD:1
[CH: 50] LEN: 12 | HEX: F5 77 FA F6 F6 70 FE BF 12 9F BF 7B | T:382261 RPD:1
[CH: 50] LEN: 12 | HEX: E9 77 5E FF FA 70 F7 FD 92 9D AF FD | T:382272 RPD:1
[CH: 50] LEN: 12 | HEX: E9 77 7E ED DC 73 BF EF 25 1E B7 FF | T:382272 RPD:0
[CH: 50] LEN: 12 | HEX: F9 77 F6 F6 FE 70 FF FB 92 9F BF F7 | T:382284 RPD:0
[CH: 50] LEN: 12 | HEX: F9 77 F4 FE EE 70 EF F5 92 9D AF FF | T:382285 RPD:1
[CH: 50] LEN: 12 | HEX: F9 77 F6 ED F6 73 DB F5 25 1C AE FE | T:382296 RPD:1
[CH: 50] LEN: 12 | HEX: F9 77 FA F6 EC 70 FE FF 52 9E BE FD | T:382296 RPD:0
[CH: 50] LEN: 12 | HEX: F1 77 F6 F5 FE 73 FA FB 25 1C BF FD | T:382308 RPD:1
[CH: 50] LEN: 12 | HEX: F9 77 7A FE FE 70 FE FD 92 9E AD FB | T:382319 RPD:1
[CH: 50] LEN: 12 | HEX: E9 77 FA F5 DA 73 F5 EE 25 1C BF BF | T:382319 RPD:0
[CH: 50] LEN: 12 | HEX: F5 7F F6 FD FD 73 DB EF 25 1C BF DB | T:382330 RPD:1
[CH: 50] LEN: 12 | HEX: FD 77 FA FE FE 70 FE FF 92 9D B7 DA | T:382331 RPD:0
[CH: 50] LEN: 12 | HEX: FD 77 F6 F5 FD 73 BF F5 25 1C BF B7 | T:382342 RPD:1
[CH: 50] LEN: 12 | HEX: F9 77 F4 FD DA 73 BD F7 25 1C BF FB | T:382342 RPD:0
[CH: 50] LEN: 12 | HEX: E9 77 7E FE EF 78 EF 7D 92 9E BE FF | T:382354 RPD:1
[CH: 50] LEN: 12 | HEX: F5 77 F6 EE EC 70 FF FB 92 9D AE DF | T:382365 RPD:1
[CH: 50] LEN: 12 | HEX: F9 77 7C F6 FA 70 F7 7E 92 9E BF FF | T:382365 RPD:0
[CH: 50] LEN: 12 | HEX: F9 77 7E FE FA 70 EF FD 92 9D BB FF | T:382376 RPD:1
[CH: 50] LEN: 12 | HEX: F9 77 EE FD ED 73 F5 F7 25 1C AD FF | T:382377 RPD:0
[CH: 50] LEN: 12 | HEX: E9 77 EE E9 DA 73 BB EF 25 1C BD FF | T:382388 RPD:1
[CH: 50] LEN: 12 | HEX: F1 77 74 FB ED 73 DF FB 25 1C AF FF | T:382388 RPD:0
[CH: 50] LEN: 12 | HEX: F1 77 B6 F6 EF 70 F7 7D 12 9C BF FF | T:382400 RPD:1
[CH: 50] LEN: 12 | HEX: E9 77 F6 F5 EE 73 B5 FE 25 1C B7 FF | T:382411 RPD:1
[CH: 50] LEN: 12 | HEX: F9 77 B6 F6 F6 70 FF 7E 92 9E BF FF | T:382411 RPD:0
[CH: 50] LEN: 12 | HEX: F5 77 EA FD FD 73 DE FB 25 1C BB B7 | T:382422 RPD:1
[CH: 50] LEN: 12 | HEX: F5 77 FA ED DD 73 DF F5 25 1E BF FF | T:382423 RPD:0
[CH: 50] LEN: 12 | HEX: F1 77 B4 F6 FE 70 FF 7F 92 9E AB FD | T:382434 RPD:1
[CH: 50] LEN: 12 | HEX: F1 77 FA FD FD 73 FA FF 25 1C BF F7 | T:382445 RPD:1
[CH: 50] LEN: 12 | HEX: F9 77 6A F6 FD 70 F6 FD 92 9E AF F7 | T:382445 RPD:0
[CH: 50] LEN: 12 | HEX: E9 77 B6 EE EC 70 FD F7 92 9E BF 7F | T:382457 RPD:1
[CH: 50] LEN: 12 | HEX: F9 77 F6 FE FE 78 FF 7E 92 9E BE BB | T:382457 RPD:0
[CH: 50] LEN: 12 | HEX: F9 77 B4 ED DF 73 FD F7 25 1C BD FE | T:382468 RPD:1
[CH: 50] LEN: 12 | HEX: F5 77 B6 F6 FF 70 EF 7D 92 9E BF FD | T:382469 RPD:0
[CH: 50] LEN: 12 | HEX: F1 77 F6 F5 FF 73 BB FB 25 1C BF BE | T:382480 RPD:1
[CH: 50] LEN: 12 | HEX: F5 77 76 FE FF 70 FE FD 92 9D BF 7F | T:382491 RPD:1
[CH: 50] LEN: 12 | HEX: F1 77 BE FD FD 73 DD EF 25 1C BF EE | T:382491 RPD:1
[CH: 50] LEN: 12 | HEX: F1 77 BA FE F4 70 FE BE 92 9E B7 BB | T:382503 RPD:1
[CH: 50] LEN: 12 | HEX: F5 77 EA F5 EA 70 FD F7 92 9F BF 7B | T:382503 RPD:0
[CH: 50] LEN: 12 | HEX: F5 77 B4 ED FC 73 DD FA 25 1C BF DF | T:382514 RPD:1
[CH: 50] LEN: 12 | HEX: F9 77 BE F5 FD 73 DB FE A5 1C B7 5D | T:382515 RPD:0
[CH: 50] LEN: 12 | HEX: F5 77 7E FE FE 70 F5 FE 92 9E B7 BF | T:382526 RPD:1
[CH: 50] LEN: 12 | HEX: F9 77 FA F5 ED 73 D7 FA 25 1C BF FD | T:382537 RPD:1
[CH: 50] LEN: 12 | HEX: F5 77 FE F6 FE 70 F7 FE 92 9E AE BB | T:382537 RPD:0
[CH: 50] LEN: 12 | HEX: F9 77 F6 FD FE 73 FD FB 25 1C AE FE | T:382549 RPD:1
[CH: 50] LEN: 12 | HEX: F5 77 AE F5 FD 73 FB EE 25 1C AF FF | T:382549 RPD:0
[CH: 50] LEN: 12 | HEX: F9 77 F6 EE FE 70 FF 7B 92 9D BB DF | T:382560 RPD:1
[CH: 50] LEN: 12 | HEX: F9 77 F4 FD EC 73 ED FA 25 1C BF 6B | T:382572 RPD:1
[CH: 50] LEN: 12 | HEX: F1 77 FE FE EF 70 FD FA 92 9E AF FF | T:382572 RPD:0
[CH: 50] LEN: 12 | HEX: F9 77 F6 FD FE 73 FA FB 25 1C BF FB | T:382583 RPD:1
[CH: 50] LEN: 12 | HEX: F5 77 76 FC F6 70 FF 7F 92 9E BF F7 | T:382583 RPD:0
[CH: 50] LEN: 12 | HEX: F9 77 F6 FD D5 73 FF EB 25 1C BF FB | T:382595 RPD:1
[CH: 50] LEN: 12 | HEX: F1 77 7A FF F6 70 FE BF 92 9E BF DF | T:382595 RPD:0
[CH: 50] LEN: 12 | HEX: F5 77 BC F6 F6 70 F7 FE 92 9E BF F5 | T:382606 RPD:1
[CH: 50] LEN: 12 | HEX: E9 77 76 F6 FE 70 F6 FD 12 9E BF FE | T:382618 RPD:1
[CH: 50] LEN: 12 | HEX: F9 77 F4 F5 FA 73 FB FE A5 1C BF FF | T:382618 RPD:0
[CH: 50] LEN: 12 | HEX: E9 77 F4 FF EE 70 F7 7B 92 9C AF F7 | T:382629 RPD:0
[CH: 50] LEN: 12 | HEX: F9 77 F7 00 00 71 FD FB 2D C7 BE FF | T:382649 RPD:1
[CH: 50] LEN: 12 | HEX: F9 7F EB 00 00 71 DD FB 2D D7 7E FD | T:382650 RPD:1
[CH: 50] LEN: 12 | HEX: F4 6D FF 00 FE EE 95 F5 E0 9C BE FF | T:382679 RPD:1
[CH: 50] LEN: 12 | HEX: FA 6D FE 80 FE EA 95 FE E0 9C AF FE | T:382680 RPD:1
[CH: 50] LEN: 12 | HEX: E9 77 BD 00 00 71 95 FD 49 06 BB 77 | T:382949 RPD:1
[CH: 50] LEN: 12 | HEX: F9 77 F7 00 00 71 95 FF C9 06 BF B7 | T:382950 RPD:1
[CH: 50] LEN: 12 | HEX: F4 6D FE 00 EE F6 95 EF 60 9C B7 FE | T:382979 RPD:1
[CH: 50] LEN: 12 | HEX: F4 6D EE 00 FE F6 95 EE 60 9C AE FF | T:382980 RPD:1
[CH: 50] LEN: 12 | HEX: E9 77 7F 00 00 71 95 DD C9 06 AF 6A | T:383249 RPD:1
[CH: 50] LEN: 12 | HEX: F5 77 77 00 00 71 95 D5 C9 06 BA FF | T:383249 RPD:1
[CH: 50] LEN: 12 | HEX: E8 6D FD 00 F6 FE 95 DF 60 9C BF D7 | T:383279 RPD:1
[CH: 50] LEN: 12 | HEX: E8 6D FF 00 FF EE 95 DE 60 9C BE DF | T:383280 RPD:1
[CH: 50] LEN: 12 | HEX: E9 77 FB 00 00 71 95 DD C9 06 AF FF | T:383548 RPD:1
[CH: 50] LEN: 12 | HEX: F1 67 EF 00 00 71 95 D7 C9 06 BF FF | T:383549 RPD:1
[CH: 50] LEN: 12 | HEX: F4 6D FF 00 FC EE 95 FF 60 9C BF AF | T:383579 RPD:1
[CH: 50] LEN: 12 | HEX: F8 6D FD 00 EE EE 95 ED 60 9C AF FB | T:383580 RPD:1
[CH: 50] LEN: 12 | HEX: F9 77 FB 00 00 71 95 FA C9 06 BF FF | T:383848 RPD:1
[CH: 50] LEN: 12 | HEX: F8 6D FD 00 FD FE 95 DD 60 9C BF FB | T:383879 RPD:1
[CH: 50] LEN: 12 | HEX: F8 6D FD 00 FE FE 95 EE 60 9C BF BE | T:383880 RPD:1
[CH: 50] LEN: 12 | HEX: E9 77 7B 00 00 71 95 ED C9 06 BF FF | T:384148 RPD:1
[CH: 50] LEN: 12 | HEX: F9 77 FB 00 00 71 95 D5 C9 06 BB EF | T:384149 RPD:1
[CH: 50] LEN: 12 | HEX: E8 6D DE 00 EF FE 95 DD 60 9C BF F7 | T:384179 RPD:1
[CH: 50] LEN: 12 | HEX: EA 76 FE 00 8C EE 95 EF 3A 73 BF FB | T:384233 RPD:1
[CH: 50] LEN: 12 | HEX: F2 76 F7 00 8C EE 95 FE 3A 73 BF F7 | T:384233 RPD:1
[CH: 50] LEN: 12 | HEX: FA 76 EE EE 73 BC 95 FD 42 8E AF 7F | T:384264 RPD:1
[CH: 50] LEN: 12 | HEX: FA 76 EE FD 70 FE 95 FF 37 00 BF FE | T:384267 RPD:1
[CH: 50] LEN: 12 | HEX: EA 76 FE F4 71 FD 95 ED 6B 65 BF FF | T:384271 RPD:1
[CH: 50] LEN: 12 | HEX: F6 76 F6 EB 76 FE 95 DD 5D 9C BF FF | T:384301 RPD:1
[CH: 50] LEN: 12 | HEX: FA 76 FA FA 77 76 95 FE 81 75 BB FF | T:384331 RPD:1
[CH: 50] LEN: 12 | HEX: F6 76 FC F5 74 FE 95 FE F4 77 B5 FF | T:384361 RPD:1
[CH: 50] LEN: 12 | HEX: F6 76 FE F8 75 FD 95 EE A8 92 BF FF | T:384391 RPD:1
[CH: 50] LEN: 12 | HEX: F6 76 FC F7 76 EE 95 DF 99 85 BF EE | T:384421 RPD:1
[CH: 50] LEN: 12 | HEX: F6 76 FE F6 7B DE 95 FD 45 60 BF DB | T:384451 RPD:1
[CH: 50] LEN: 12 | HEX: FA 76 FD E5 78 FD 95 DF 30 6E BD BE | T:384481 RPD:1
[CH: 50] LEN: 12 | HEX: F6 76 EE F4 75 FD 95 FE EC 8B BF FE | T:384511 RPD:1
[CH: 50] LEN: 12 | HEX: FA 76 FD FB 7E F6 95 FD DA 72 BF FF | T:384541 RPD:1
[CH: 50] LEN: 12 | HEX: FA 76 F6 FA 7B FE 95 DD 06 97 BE FF | T:384571 RPD:1
[CH: 50] LEN: 12 | HEX: FA 76 FA F9 7C FE 95 FD 73 99 B7 F5 | T:384601 RPD:1
[CH: 50] LEN: 12 | HEX: EA 76 FE F0 7D DE 95 FE AF 78 BF EA | T:384631 RPD:1
[CH: 50] LEN: 12 | HEX: F6 76 FE EE 62 F6 95 D7 01 96 BF 75 | T:384661 RPD:1
[CH: 50] LEN: 12 | HEX: F6 76 FF EE 63 FA 95 DD DD 73 AE EF | T:384691 RPD:1
[CH: 50] LEN: 12 | HEX: F6 76 FE ED 60 FE 95 DF A8 75 BF FF | T:384721 RPD:1
[CH: 50] LEN: 12 | HEX: FA 76 EA DC 61 EE 95 ED 74 98 BB F5 | T:384751 RPD:1
[CH: 50] LEN: 12 | HEX: FA 76 FE EB 66 F6 95 EF 42 61 BF FB | T:384781 RPD:1
[CH: 50] LEN: 12 | HEX: F6 76 EF EA 67 EA 95 DA 9D 84 BF 7F | T:384811 RPD:1
[CH: 50] LEN: 12 | HEX: F2 7E FA E9 64 FF 95 FB EB CA AF FF | T:384841 RPD:1
[CH: 50] LEN: 12 | HEX: EA 76 FE E8 65 FE 95 FF 37 6F BB FF | T:384871 RPD:1
[CH: 50] LEN: 12 | HEX: FA 76 DE E7 6A FE 95 D7 86 70 B7 EF | T:384901 RPD:1
[CH: 50] LEN: 12 | HEX: FE 76 FD E6 6B DA 95 DD 5A 9D AF 75 | T:384931 RPD:1
[CH: 50] LEN: 12 | HEX: EA 76 F6 E5 68 ED 95 FA 2D 13 3E FF | T:384961 RPD:1
[CH: 50] LEN: 12 | HEX: FA 6E EE E4 69 DC 95 DF FB 76 BD 7F | T:384991 RPD:1
[CH: 50] LEN: 12 | HEX: EA 76 EE E3 6E EA 95 FD C5 8F 7F FF | T:385021 RPD:1
[CH: 50] LEN: 12 | HEX: FA 76 FC E2 6F 6A 95 ED 19 6A B7 BF | T:385051 RPD:1
[CH: 50] LEN: 12 | HEX: FA 76 F6 E1 6C FC 95 FF 6C 64 BF 7F | T:385081 RPD:1
[CH: 50] LEN: 12 | HEX: FA 76 F5 F0 6D FE 95 FD B0 81 BF EF | T:385111 RPD:1
[CH: 50] LEN: 12 | HEX: FA 76 EA DE 52 FD 95 FB 21 91 BB 77 | T:385141 RPD:1
[CH: 50] LEN: 12 | HEX: EA 76 ED EC 73 BA 95 FD 42 8F BF FF | T:385171 RPD:1
[CH: 50] LEN: 12 | HEX: FE 76 FE FD 70 FF 95 EF B7 40 BB FF | T:385174 RPD:1
[CH: 50] LEN: 12 | HEX: F6 76 FA FC 71 EC 95 DD 6B 65 AF FF | T:385178 RPD:1
[CH: 50] LEN: 12 | HEX: F6 76 F6 EB 76 F6 95 DD 5D 9C BF D7 | T:385208 RPD:1
[CH: 50] LEN: 12 | HEX: F2 76 EE EA 77 5E 95 F6 81 71 BF FF | T:385238 RPD:1
[CH: 50] LEN: 12 | HEX: EA 76 EE F5 74 F6 95 FD F4 77 BF FF | T:385268 RPD:1
[CH: 50] LEN: 12 | HEX: F6 76 FE F0 75 D6 95 ED 28 92 BF AF | T:385298 RPD:1
[CH: 50] LEN: 12 | HEX: EA 76 FE EF 76 FE 95 DE 99 85 BF FF | T:385328 RPD:1
[CH: 50] LEN: 12 | HEX: F6 76 FE F6 7B DD 95 EF 45 60 BB F7 | T:385358 RPD:1
[CH: 50] LEN: 12 | HEX: FA 76 F6 E5 78 EE 95 ED 30 6E BF DF | T:385388 RPD:1
[CH: 50] LEN: 12 | HEX: FA 76 EE F4 79 F6 95 DF EC 8B AF FF | T:385418 RPD:1
[CH: 50] LEN: 12 | HEX: FA 76 F6 E3 7A FE 95 F6 DA 72 BE FF | T:385448 RPD:1
[CH: 50] LEN: 12 | HEX: F6 76 EA E2 7F DE 95 EF 06 97 3F FF | T:385478 RPD:1
[CH: 50] LEN: 12 | HEX: FA 76 EE E1 74 FA 95 DD 73 99 AB FF | T:385508 RPD:1
[CH: 50] LEN: 12 | HEX: F2 76 F5 E0 7D EA 95 DB 6E FC BD FF | T:385538 RPD:1
[CH: 50] LEN: 12 | HEX: FA 76 EE EF 62 F6 95 FD 01 96 BB FF | T:385568 RPD:1
[CH: 50] LEN: 12 | HEX: F6 76 FA EE 63 B4 95 D7 DD 73 BF FF | T:385598 RPD:1
[CH: 50] LEN: 12 | HEX: EE 76 FE ED 60 F6 95 FF 28 7D BF FF | T:385628 RPD:1
[CH: 50] LEN: 12 | HEX: FA 76 FE EC 61 FD 95 F6 F4 98 AF FF | T:385658 RPD:1
[CH: 50] LEN: 12 | HEX: F2 76 FA EB 66 FC 95 DD C2 61 BF FF | T:385688 RPD:1
[CH: 50] LEN: 12 | HEX: F2 76 FC EA 67 BC 95 FE 9E 84 BE DF | T:385718 RPD:1
[CH: 50] LEN: 12 | HEX: F6 76 FE E9 64 FE 95 EE EB 8A BF AF | T:385748 RPD:1
[CH: 50] LEN: 12 | HEX: F2 76 FE E8 65 D6 95 FE B7 6F 7F FD | T:385778 RPD:1
[CH: 50] LEN: 12 | HEX: FA 76 FE E7 6A F6 95 FE 86 70 B7 DD | T:385808 RPD:1
[CH: 50] LEN: 12 | HEX: EA 76 EE E5 68 FE 95 DC 2F 13 B7 FE | T:385868 RPD:1
[CH: 50] LEN: 12 | HEX: FA 76 F6 E4 69 EE 95 DE F7 76 BE FD | T:385898 RPD:1
[CH: 50] LEN: 12 | HEX: FA 76 FE E3 6E FE 95 EE C5 8F 6B BE | T:385928 RPD:1
[CH: 50] LEN: 12 | HEX: EA 76 F4 E2 6F 6E 95 F5 19 6A AF FF | T:385958 RPD:1
[CH: 50] LEN: 12 | HEX: EA 76 EA E1 6C F6 95 EE EC 64 BE EF | T:385988 RPD:1
[CH: 50] LEN: 12 | HEX: F6 76 EE E0 6D FE 95 EF B0 81 BF 7E | T:386018 RPD:1
[CH: 50] LEN: 12 | HEX: F6 76 EE DD 52 F6 95 FE A1 91 AF DF | T:386048 RPD:1
[CH: 50] LEN: 12 | HEX: F6 76 FE EE 73 DF 95 FD C2 8E AF DD | T:386078 RPD:1
[CH: 50] LEN: 12 | HEX: FA 76 FE F5 70 F6 95 FE B7 80 BB FB | T:386082 RPD:1
[CH: 50] LEN: 12 | HEX: F6 76 FC F4 71 EE 95 FF EB 65 AF FF | T:386086 RPD:1
[CH: 50] LEN: 12 | HEX: F2 76 FE F3 76 FE 95 FD 5D 9C BE BF | T:386116 RPD:1
[CH: 50] LEN: 12 | HEX: F2 76 EE FA 77 7E 95 EF 81 79 AD 77 | T:386146 RPD:1
[CH: 50] LEN: 12 | HEX: F2 76 FE F5 74 EE 95 EE F4 77 AD B5 | T:386176 RPD:1
[CH: 50] LEN: 12 | HEX: F2 76 F6 F4 75 FE 95 FE A8 92 AD 6B | T:386206 RPD:1
[CH: 50] LEN: 12 | HEX: EA 76 FE F7 76 FE 95 DF 99 85 EF FF | T:386236 RPD:1
[CH: 50] LEN: 12 | HEX: FA 76 F6 F6 73 FD 95 FF 45 60 BD F7 | T:386266 RPD:1
[CH: 50] LEN: 12 | HEX: F6 76 FE ED 78 F6 95 FE 30 6E BF DF | T:386296 RPD:1
[CH: 50] LEN: 12 | HEX: EA 76 FE E4 71 DD 95 FD EC 8B BF BE | T:386326 RPD:1
[CH: 50] LEN: 12 | HEX: EA 76 FE E3 7A FE 95 FD 5A 72 BF 7F | T:386356 RPD:1
[CH: 50] LEN: 12 | HEX: FA 76 F4 F2 7F AE 95 FF 86 97 B7 EF | T:386386 RPD:1
[CH: 50] LEN: 12 | HEX: F2 76 FE F1 7A FE 95 FD F3 99 BF FF | T:386416 RPD:1
[CH: 50] LEN: 12 | HEX: FA 76 FE F0 7D FE 95 EF 6F 7C BA DE | T:386446 RPD:1
[CH: 50] LEN: 12 | HEX: F2 76 FE EF 62 EE 95 FD 81 96 BB FB | T:386476 RPD:1
[CH: 50] LEN: 12 | HEX: EA 76 F4 EE 63 D5 95 EF BD 73 BD FF | T:386506 RPD:1
[CH: 50] LEN: 12 | HEX: FA 76 FE ED 60 FE 95 FE A8 7D B7 FF | T:386536 RPD:1
[CH: 50] LEN: 12 | HEX: FA 76 FE EC 61 EE 95 FF 74 98 BF F7 | T:386566 RPD:1
[CH: 50] LEN: 12 | HEX: FA 76 FE EB 66 FC 95 FE C2 61 BF BE | T:386596 RPD:1
[CH: 50] LEN: 12 | HEX: FA 76 FA EA 67 F4 95 FF 1E 84 B7 EF | T:386626 RPD:1
[CH: 50] LEN: 12 | HEX: FA 76 FE E9 64 EA 95 FF AB 8A B7 FF | T:386656 RPD:1
[CH: 50] LEN: 12 | HEX: FA 76 FE E8 65 FA 95 EE 37 6F BF DB | T:386686 RPD:1
[CH: 50] LEN: 12 | HEX: F2 76 FE E7 6A EA 95 ED 06 78 BB 7F | T:386716 RPD:1
[CH: 50] LEN: 12 | HEX: FA 76 FE E6 6B FE 95 D7 5A 9B BF 96 | T:386746 RPD:1
[CH: 50] LEN: 12 | HEX: FA 76 FE E4 69 FE 95 F7 A3 76 BE F7 | T:386806 RPD:1
[CH: 50] LEN: 12 | HEX: FA 76 FE E3 6E FE 95 FF 45 8F BF D6 | T:386836 RPD:1
[CH: 50] LEN: 12 | HEX: FA 76 FE E1 6C F9 95 FE EC 64 BB DF | T:386896 RPD:1
[CH: 50] LEN: 12 | HEX: EA 76 F6 E0 6D FE 95 F7 70 81 BB B7 | T:386926 RPD:1
[CH: 50] LEN: 12 | HEX: FA 76 FE DF 52 FE 95 F6 21 91 BF FF | T:386956 RPD:1
[CH: 50] LEN: 12 | HEX: FA 76 F5 FA 73 DE 95 FB C2 8E BF 7D | T:386986 RPD:1
[CH: 50] LEN: 12 | HEX: FA 76 FE D5 70 FC 95 FE B7 00 B7 FF | T:386989 RPD:1
[CH: 50] LEN: 12 | HEX: FA 76 FE FC 71 F4 95 FD 6B 65 BF FF | T:386992 RPD:1
[CH: 50] LEN: 12 | HEX: FA 76 F4 FB 76 F4 95 FE DD 9E BB BF | T:387022 RPD:1
[CH: 50] LEN: 12 | HEX: FA 76 F6 FA 77 FC 95 EB 81 79 BF 6F | T:387052 RPD:1
[CH: 50] LEN: 12 | HEX: FA 7E F4 F1 74 FE 95 FF 54 77 BB FD | T:387082 RPD:1
[CH: 50] LEN: 12 | HEX: EA 76 FA F8 75 F6 95 EA 28 92 AE FE | T:387112 RPD:1
[CH: 50] LEN: 12 | HEX: FA 76 FC F7 7A FA 95 FF 19 85 BB 7F | T:387142 RPD:1
[CH: 50] LEN: 12 | HEX: FA 76 FA F6 7B FE 95 FF 45 60 BF BF | T:387172 RPD:1
[CH: 50] LEN: 12 | HEX: F2 76 FE E5 70 D4 95 D5 30 6E BE BF | T:387202 RPD:1
[CH: 50] LEN: 12 | HEX: FA 76 FA F4 79 FE 95 F5 4C 8B B5 FF | T:387232 RPD:1
[CH: 50] LEN: 12 | HEX: FA 76 FE F3 7E FE 95 EA 9A 72 AF F7 | T:387262 RPD:1
[CH: 50] LEN: 12 | HEX: FA 76 F6 F2 7F EA 95 AA 06 96 BE E5 | T:387292 RPD:1
[CH: 50] LEN: 12 | HEX: FA 76 FE F1 7C FC 95 F7 73 99 BC BF | T:387322 RPD:1
[CH: 50] LEN: 12 | HEX: FA 76 FE F0 7D EE 95 FF AF 7C BF BE | T:387352 RPD:1
[CH: 50] LEN: 12 | HEX: F2 76 F4 EE 62 FE 95 FE 01 96 B9 F5 | T:387382 RPD:1
[CH: 50] LEN: 12 | HEX: FA 76 F6 EE 63 FE 95 FF DD 73 BF 7F | T:387412 RPD:1
[CH: 50] LEN: 12 | HEX: FA 76 F4 ED 60 FC 95 F5 A8 79 B7 EE | T:387442 RPD:1
[CH: 50] LEN: 12 | HEX: FA 76 FE EC 61 FE 95 FF 74 98 BE DF | T:387472 RPD:1
[CH: 50] LEN: 12 | HEX: FA 76 FA EB 66 FE 95 FA 42 61 BD 7E | T:387502 RPD:1
[CH: 50] LEN: 12 | HEX: F2 76 FE EA 67 FE 95 FF 9E 84 BE B7 | T:387532 RPD:1
[CH: 50] LEN: 12 | HEX: F2 76 FE E9 64 F6 95 FF BB 8A BF 7F | T:387562 RPD:1
[CH: 50] LEN: 12 | HEX: FA 76 FE E8 65 FE 95 FD 37 6F BA FF | T:387592 RPD:1
[CH: 50] LEN: 12 | HEX: F2 7B FF 80 81 FE 95 DF 4F B5 BD 6D | T:387821 RPD:1
[CH: 50] LEN: 12 | HEX: FA 7B FE 00 81 F6 95 FF 9F FA 3E FE | T:387822 RPD:1
[CH: 50] LEN: 12 | HEX: F9 77 FE FA FA 70 95 FF 7E 7A B7 FF | T:387853 RPD:1
[CH: 50] LEN: 12 | HEX: F1 77 FD F9 FE 73 D5 D6 A1 D5 BF 7E | T:387856 RPD:1
[CH: 50] LEN: 12 | HEX: F9 77 EE FE EA 70 95 F7 76 7A BF 7F | T:387859 RPD:1
[CH: 50] LEN: 12 | HEX: F9 77 FF F9 FE 73 95 D5 01 E9 AF 76 | T:387870 RPD:1
[CH: 50] LEN: 12 | HEX: F9 77 ED FE FE 70 95 FF 76 7F BF BF | T:387870 RPD:0
[CH: 50] LEN: 12 | HEX: F9 77 FE F5 FE 73 95 DF 41 DD BF F7 | T:387882 RPD:1
[CH: 50] LEN: 12 | HEX: F1 77 D4 F6 FA 70 95 D5 66 75 2C BB | T:387882 RPD:0
[CH: 50] LEN: 12 | HEX: F9 77 FA FD FE 73 95 EF 41 F9 AB 6F | T:387893 RPD:1
[CH: 50] LEN: 12 | HEX: F9 77 FE F5 FE 70 95 FE F6 7F AA FE | T:387904 RPD:1
[CH: 50] LEN: 12 | HEX: F9 77 5E FD F4 73 95 FF E1 FD AF BF | T:387905 RPD:0
[CH: 50] LEN: 12 | HEX: F9 77 DC F6 FC 70 95 FF 76 7F BD FB | T:387916 RPD:1
[CH: 50] LEN: 12 | HEX: F9 77 FD FA FE 70 95 FF 76 7D 2F FF | T:387916 RPD:0
[CH: 50] LEN: 12 | HEX: F9 77 FE FD F4 73 95 FF E1 F9 BF 6F | T:387928 RPD:1
[CH: 50] LEN: 12 | HEX: F1 77 FA EE F6 70 95 D2 76 75 3B BF | T:387939 RPD:1
[CH: 50] LEN: 12 | HEX: F9 77 DC FD EE 73 95 F5 C1 DD BA 9E | T:387939 RPD:0
[CH: 50] LEN: 12 | HEX: F1 77 FE F6 FE 70 95 F7 76 77 3A DF | T:387950 RPD:1
[CH: 50] LEN: 12 | HEX: F9 77 DC FD DC 73 95 F6 81 DD B7 FF | T:387951 RPD:0
[CH: 50] LEN: 12 | HEX: F9 77 DE FE FE 70 95 EA 76 6B BF 7B | T:387962 RPD:1
[CH: 50] LEN: 12 | HEX: F9 77 FA FB FE 73 95 F7 21 FD B7 DF | T:387962 RPD:0
[CH: 50] LEN: 12 | HEX: F1 77 FE FE FE 70 95 FF 76 7F B7 FD | T:387974 RPD:1
[CH: 50] LEN: 12 | HEX: F9 77 FE FD FE 73 95 D7 61 A9 BA F7 | T:387985 RPD:1
[CH: 50] LEN: 12 | HEX: F9 77 6B FE FE 70 95 FF 76 7B BF EF | T:387985 RPD:0
[CH: 50] LEN: 12 | HEX: F1 77 DC F9 EE 73 95 F7 A1 F5 BE EF | T:387996 RPD:1
[CH: 50] LEN: 12 | HEX: F9 77 FE FD EE 73 95 FF 61 E9 BE FF | T:387997 RPD:0
[CH: 50] LEN: 12 | HEX: F1 77 DA FE EE 70 95 FB 76 7B BD FF | T:388008 RPD:1
[CH: 50] LEN: 12 | HEX: F1 77 AA F9 FC 73 95 EA 01 A9 BE EB | T:388008 RPD:0
[CH: 50] LEN: 12 | HEX: F9 77 AE FE FE 70 95 FF 76 7F B7 F2 | T:388019 RPD:1
[CH: 50] LEN: 12 | HEX: F1 77 BA F5 FE 70 95 F7 7E 7F BF FD | T:388031 RPD:1
[CH: 50] LEN: 12 | HEX: F9 77 FE FD FE 73 95 F5 A1 ED AE FF | T:388031 RPD:0
[CH: 50] LEN: 12 | HEX: F1 77 DE FE FE 70 95 EF 76 7F BA FF | T:388042 RPD:1
[CH: 50] LEN: 12 | HEX: E9 77 74 EA FA 70 95 FF 76 7F BF FD | T:388043 RPD:0
[CH: 50] LEN: 12 | HEX: F9 77 FD FD F5 73 95 DF 41 D5 BB F7 | T:388054 RPD:1
[CH: 50] LEN: 12 | HEX: F9 77 DC EE FA 70 95 FE F6 7F BF 5F | T:388065 RPD:1
[CH: 50] LEN: 12 | HEX: F9 77 DA F9 FE 73 95 FF A1 EB BE AD | T:388065 RPD:1
[CH: 50] LEN: 12 | HEX: F1 77 EE EE FE 70 95 FF 76 7F AF FB | T:388077 RPD:1
[CH: 50] LEN: 12 | HEX: F9 77 DD FD DC 73 95 D5 01 DD AF FB | T:388077 RPD:0
[CH: 50] LEN: 12 | HEX: F1 77 FB FE FE 70 95 F6 76 7D BF FF | T:388088 RPD:1
[CH: 50] LEN: 12 | HEX: F1 77 FD F5 FE 73 95 FE 41 FB BE FF | T:388089 RPD:0
[CH: 50] LEN: 12 | HEX: F9 77 D5 FE F6 70 95 FE F6 7F BF FE | T:388100 RPD:1
[CH: 50] LEN: 12 | HEX: F1 77 FD ED FE 73 95 ED 61 FD BF FF | T:388111 RPD:1
[CH: 50] LEN: 12 | HEX: F9 77 FE FE FE 70 95 FF 76 7B BA BF | T:388111 RPD:0
[CH: 50] LEN: 12 | HEX: F1 77 FE FD F4 73 95 D5 21 D5 AB EB | T:388123 RPD:1
[CH: 50] LEN: 12 | HEX: F9 77 FD FD FC 73 95 FE 81 FD AF EE | T:388123 RPD:0
[CH: 50] LEN: 12 | HEX: F9 77 FF FE FE 70 95 D5 76 75 3D 77 | T:388134 RPD:1
[CH: 50] LEN: 12 | HEX: F1 77 BA FB FE 73 95 EE 81 FD AE EF | T:388135 RPD:1
[CH: 50] LEN: 12 | HEX: F9 77 DB FE FE 70 95 EA 76 7F BF FF | T:388146 RPD:1
[CH: 50] LEN: 12 | HEX: F5 77 FD FD FC 73 95 D5 41 D5 B7 EA | T:388157 RPD:1
[CH: 50] LEN: 12 | HEX: F1 77 FE FA FE 70 95 FF 76 7F BF FA | T:388157 RPD:0
[CH: 50] LEN: 12 | HEX: F9 77 BE FA FA 70 95 FF 76 7A BF FF | T:388169 RPD:1
[CH: 50] LEN: 12 | HEX: F9 77 FE F6 FE 70 95 FB 76 7D 2F FF | T:388169 RPD:0
[CH: 50] LEN: 12 | HEX: F9 77 BD FD FC 73 95 EE C1 FD BF 7E | T:388180 RPD:1
[CH: 50] LEN: 12 | HEX: F9 77 D4 FE FE 78 95 FF 76 7F FD BF | T:388181 RPD:0
[CH: 50] LEN: 12 | HEX: F9 77 FC FD EA 73 95 EF 41 ED AE BF | T:388192 RPD:1
[CH: 50] LEN: 12 | HEX: F1 77 D6 FC FE 70 95 D6 76 7B 57 BF | T:388203 RPD:1
[CH: 50] LEN: 12 | HEX: F9 77 DC FD FA 73 95 FF A1 FD AF BF | T:388203 RPD:1
[CH: 50] LEN: 12 | HEX: F9 77 FD FA FE 70 95 FF 76 7B BF FD | T:388215 RPD:1
[CH: 50] LEN: 12 | HEX: F9 7F D5 FD DC 73 95 D5 41 D5 B5 7F | T:388215 RPD:0
[CH: 50] LEN: 12 | HEX: F9 77 FF FE F6 70 95 FF 76 7F BE FD | T:388226 RPD:1
[CH: 50] LEN: 12 | HEX: F1 77 FD FD FE 73 95 EF 41 FD AB BF | T:388238 RPD:1
[CH: 50] LEN: 12 | HEX: F1 77 DD FE FE 70 95 FE F6 7F BF FA | T:388238 RPD:0
[CH: 50] LEN: 12 | HEX: F9 77 FD FD FE 73 95 ED 41 DD BF FF | T:388249 RPD:1
[CH: 50] LEN: 12 | HEX: F1 77 FE FD FE 73 95 F7 A1 F9 BB FF | T:388249 RPD:0
[CH: 50] LEN: 12 | HEX: F9 77 BC FE FE 70 95 F7 76 7F BE DD | T:388261 RPD:1
[CH: 50] LEN: 12 | HEX: F9 77 7B FD EE 73 95 FE 81 FD BF BF | T:388261 RPD:0
[CH: 50] LEN: 12 | HEX: F9 77 EE FE F4 70 95 FA F6 7A B7 D7 | T:388272 RPD:1
[CH: 50] LEN: 12 | HEX: F9 77 AD E9 EE 73 95 D7 21 FD BF FF | T:388283 RPD:1
[CH: 50] LEN: 12 | HEX: F9 77 BA FE F5 70 95 F5 76 7D BF FD | T:388284 RPD:0
[CH: 50] LEN: 12 | HEX: F9 77 FE FD FE 73 95 FF 41 FD BD FE | T:388295 RPD:1
[CH: 50] LEN: 12 | HEX: F9 77 B5 FE F6 70 95 FF 76 7A AF FF | T:388295 RPD:0
[CH: 50] LEN: 12 | HEX: F9 77 FF FD F6 73 95 FF A1 FD AF BF | T:388307 RPD:1
[CH: 50] LEN: 12 | HEX: F9 77 EA F5 FE 70 95 FF 7E 7F AF FF | T:388307 RPD:0
[CH: 50] LEN: 12 | HEX: F9 77 DB F9 FE 73 95 D5 41 D5 BD B3 | T:388318 RPD:1
[CH: 50] LEN: 12 | HEX: F9 77 FE FE FE 70 95 EA 76 7B BB 6A | T:388329 RPD:1
[CH: 50] LEN: 12 | HEX: F1 77 F5 FD FE 73 95 EE 81 DD AF DF | T:388330 RPD:0
[CH: 50] LEN: 12 | HEX: F9 77 FD FE FE 70 95 FF 76 7D BF BD | T:388341 RPD:1
[CH: 50] LEN: 12 | HEX: F9 77 FE F6 FE 70 95 ED 76 75 AF B5 | T:388341 RPD:1
[CH: 50] LEN: 12 | HEX: F9 77 BC FD FE 73 95 EF A1 FD BF FD | T:388353 RPD:1
[CH: 50] LEN: 12 | HEX: E9 77 FC F5 FE 73 95 FF C1 F5 BF DE | T:388364 RPD:1
[CH: 50] LEN: 12 | HEX: F9 77 DB FA FE 70 95 FE F6 7F BF EF | T:388364 RPD:0
[CH: 50] LEN: 12 | HEX: F9 77 DD F9 EE 73 95 FF A1 EB BF DF | T:388375 RPD:1
[CH: 50] LEN: 12 | HEX: F1 77 FD FD FE 73 95 FF A1 D5 BF FD | T:388376 RPD:0
[CH: 50] LEN: 12 | HEX: F9 77 EE F6 FE 70 95 FF 76 7B BD FE | T:388387 RPD:1
[CH: 50] LEN: 12 | HEX: F9 77 FD F5 F6 73 95 D6 81 F9 AF FB | T:388387 RPD:0
[CH: 50] LEN: 12 | HEX: F9 77 BB FE FE 70 95 FF 76 7D BF 7F | T:388399 RPD:1
[CH: 50] LEN: 12 | HEX: F9 77 FA F9 FE 73 95 EE 81 FB BF BF | T:388410 RPD:1
[CH: 50] LEN: 12 | HEX: F9 77 EA FE F4 70 95 FF 76 7F B7 FB | T:388410 RPD:0
[CH: 50] LEN: 12 | HEX: F9 77 FE FD EE 73 95 FF 41 ED BF 7F | T:388421 RPD:1
[CH: 50] LEN: 12 | HEX: F9 77 FC F6 F6 70 95 FE 76 7F BF 77 | T:388422 RPD:0
[CH: 50] LEN: 12 | HEX: F9 77 ED FD FE 73 95 F5 41 D5 AE B7 | T:388433 RPD:1
[CH: 50] LEN: 12 | HEX: F9 77 BE FE F5 70 95 EF 76 7B BA EE | T:388433 RPD:0
[CH: 50] LEN: 12 | HEX: F9 77 FD F5 FE 73 95 FF C1 FD AF FE | T:388445 RPD:1
[CH: 50] LEN: 12 | HEX: F9 77 FE FE FE 70 95 FF F6 7D BF DF | T:388456 RPD:1
[CH: 50] LEN: 12 | HEX: F9 77 FE FD FE 73 95 FF 81 FD BB C5 | T:388456 RPD:0
[CH: 50] LEN: 12 | HEX: F9 77 FF F6 FE 70 95 FE F6 7F B7 BF | T:388467 RPD:1
[CH: 50] LEN: 12 | HEX: F9 77 AF F6 FA 70 95 FE 76 7F BF AD | T:388468 RPD:0
[CH: 50] LEN: 12 | HEX: F9 77 FE F5 FE 73 95 EE A1 FD BF FF | T:388479 RPD:1
[CH: 50] LEN: 12 | HEX: F9 77 BE FE F6 70 95 EF 76 7B AF FA | T:388490 RPD:1
[CH: 50] LEN: 12 | HEX: F9 77 BC E9 FE 73 D5 AA 81 D5 BF FB | T:388491 RPD:0
[CH: 50] LEN: 12 | HEX: F9 77 EC ED F6 73 95 FF 41 ED B7 55 | T:388502 RPD:1
[CH: 50] LEN: 12 | HEX: F9 77 FE FD FE 73 95 FF E1 FD BF DF | T:388502 RPD:0
[CH: 50] LEN: 12 | HEX: F1 77 AC FE FE 70 95 FF 76 7D BB BF | T:388513 RPD:1
[CH: 50] LEN: 12 | HEX: F9 77 FE F5 EA 73 95 FD 21 FD BE FF | T:388514 RPD:0
[CH: 50] LEN: 12 | HEX: E9 77 FD F5 FE 70 95 EE 76 7F AB 7F | T:388525 RPD:1
[CH: 50] LEN: 12 | HEX: F1 77 BA F5 FE 73 95 EB C1 E9 AF FD | T:388536 RPD:1
[CH: 50] LEN: 12 | HEX: F1 7F FE F4 FE 70 95 FE F6 7F BD FF | T:388536 RPD:0
[CH: 50] LEN: 12 | HEX: F9 77 F6 FD FE 73 95 EB A1 F5 BF FF | T:388548 RPD:1
[CH: 50] LEN: 12 | HEX: F9 77 FB E9 FE 73 95 EF 61 F5 BF FD | T:388548 RPD:0
[CH: 50] LEN: 12 | HEX: F9 77 FE F6 FE 70 95 FF F6 7F BF DF | T:388559 RPD:1
[CH: 50] LEN: 12 | HEX: F9 77 EE FB FE 70 95 FF 76 7D BF FF | T:388560 RPD:0
[CH: 50] LEN: 12 | HEX: F9 77 FA F9 F4 73 95 ED 41 FD BF 7F | T:388571 RPD:1
[CH: 50] LEN: 12 | HEX: F1 77 FA FE FE 70 95 FF 76 7D 7F FD | T:388582 RPD:1
[CH: 50] LEN: 12 | HEX: E9 77 DE FD EE 73 95 EE 81 EB BB FF | T:388582 RPD:0
[CH: 50] LEN: 12 | HEX: F1 77 BC FE F4 70 95 FF 76 7F BF DF | T:388594 RPD:1
[CH: 50] LEN: 12 | HEX: F9 77 FE F6 FE 70 95 F7 76 7F BF DE | T:388594 RPD:0
[CH: 50] LEN: 12 | HEX: F9 77 FD FD FE 73 95 FD A1 FD AE EB | T:388605 RPD:1
[CH: 50] LEN: 12 | HEX: F9 77 EC FE FE 70 95 FF 76 7F BF FF | T:388606 RPD:0
[CH: 50] LEN: 12 | HEX: F9 77 F4 FD FE 73 95 FF 41 FD AF DF | T:388617 RPD:1
[CH: 50] LEN: 12 | HEX: F9 77 FE FE FE 70 95 FB 76 7F BF FF | T:388628 RPD:1
[CH: 50] LEN: 12 | HEX: F9 77 D6 F5 EE 77 95 D4 01 A1 BB BB | T:388628 RPD:1
[CH: 50] LEN: 12 | HEX: F9 77 BD FE FE 70 95 EE 76 7F BF F7 | T:388640 RPD:1
[CH: 50] LEN: 12 | HEX: F9 77 DD FD FE 73 95 D7 61 D5 AA DB | T:388640 RPD:0
[CH: 50] LEN: 12 | HEX: F1 77 BD FE FA 70 95 FF FE 7F BF FB | T:388651 RPD:1
[CH: 50] LEN: 12 | HEX: F9 77 FD FD FE 73 95 FF 61 FD BF FF | T:388663 RPD:1
[CH: 50] LEN: 12 | HEX: F1 77 75 F5 FE 70 95 EE 76 7B EF BF | T:388663 RPD:0
[CH: 50] LEN: 12 | HEX: F1 77 DF FD FF 73 95 F6 81 FD BF FF | T:388674 RPD:0
[CH: 50] LEN: 12 | HEX: F5 77 FC F5 FE 73 95 EF C1 FD BF F7 | T:388675 RPD:1
[CH: 50] LEN: 12 | HEX: F9 77 5D FE F6 70 95 D7 76 75 3B FF | T:388687 RPD:1
[CH: 50] LEN: 12 | HEX: F5 77 DC FB FE 73 95 FB C1 F5 B6 BD | T:388687 RPD:0
[CH: 50] LEN: 12 | HEX: F9 77 FD FE FE 70 95 FF 76 7F BF 5B | T:388698 RPD:1
[CH: 50] LEN: 12 | HEX: F9 77 BA E9 F5 73 95 FF C1 D5 AF FB | T:388709 RPD:1
[CH: 50] LEN: 12 | HEX: E9 77 55 FE FA 70 95 DD F6 7F BF D7 | T:388710 RPD:0
[CH: 50] LEN: 12 | HEX: F1 77 FD FB EE 73 95 EE 81 FD AF DF | T:388721 RPD:1
[CH: 50] LEN: 12 | HEX: F9 77 EA FD EB 73 95 FF A1 FD BF B6 | T:388721 RPD:0
[CH: 50] LEN: 12 | HEX: F5 77 FF FD FE 70 95 ED F6 7F BF FD | T:388733 RPD:1
[CH: 50] LEN: 12 | HEX: F9 77 FE FD FE 73 95 EB 41 FD AB AD | T:388733 RPD:0
[CH: 50] LEN: 12 | HEX: F1 77 FD F4 F5 70 95 FF 76 7D FF FF | T:388744 RPD:0
[CH: 50] LEN: 12 | HEX: F9 77 FB FD FE 73 95 55 01 A9 BD BD | T:388755 RPD:1
[CH: 50] LEN: 12 | HEX: F9 77 FE FE FE 70 95 DF 76 75 3E EF | T:388756 RPD:0
[CH: 50] LEN: 12 | HEX: F9 77 D6 F5 FE 73 95 EF E1 FD BF 7F | T:388767 RPD:1
[CH: 50] LEN: 12 | HEX: F9 77 BC E9 F6 73 95 EF C1 FD AF AD | T:388767 RPD:1
[CH: 50] LEN: 12 | HEX: F9 77 BC FE F4 70 95 ED 76 75 3B FD | T:388779 RPD:1
[CH: 50] LEN: 12 | HEX: F9 77 BA FE FE 70 95 FF 76 7F BF DF | T:388779 RPD:0
[CH: 50] LEN: 12 | HEX: F9 77 FE FD FE 73 95 FE 81 FD B6 FE | T:388790 RPD:1
[CH: 50] LEN: 12 | HEX: F9 77 FE FE F4 70 95 FE 76 7F 6F FF | T:388801 RPD:1
[CH: 50] LEN: 12 | HEX: F9 77 BD F5 EC 73 95 EE 81 F5 AF BF | T:388802 RPD:0
[CH: 50] LEN: 12 | HEX: F1 77 FE FE F4 70 95 F6 F6 7F BF FD | T:388813 RPD:1
[CH: 50] LEN: 12 | HEX: F1 77 FD FA FE 70 95 F6 7E 7F BF FB | T:388813 RPD:0
[CH: 50] LEN: 12 | HEX: F1 77 74 F5 FC 73 95 FE 81 D5 BF FF | T:388825 RPD:1
[CH: 50] LEN: 12 | HEX: F1 77 BB FC EE 70 95 D4 76 6B 3F AD | T:388825 RPD:1
[CH: 50] LEN: 12 | HEX: F9 77 FA 00 00 71 95 FE 89 06 BF DF | T:388850 RPD:1
[CH: 50] LEN: 12 | HEX: F9 77 77 00 00 71 95 DF C9 06 BE F7 | T:388850 RPD:1
[CH: 50] LEN: 12 | HEX: F8 6D FF 00 FE FA 95 FF 60 9C BE DF | T:388880 RPD:1
[CH: 50] LEN: 12 | HEX: F8 6D FE 80 F5 F4 95 EF 60 9C B7 C6 | T:388881 RPD:1
[CH: 50] LEN: 12 | HEX: F1 77 DA 00 00 71 95 D5 09 06 BF FF | T:389150 RPD:1
[CH: 50] LEN: 12 | HEX: F9 77 AD 00 00 71 95 FD 49 06 BF FF | T:389150 RPD:1
[CH: 50] LEN: 12 | HEX: F4 6D EE 00 FA FE 95 FD E0 9C AF FD | T:389180 RPD:1
[CH: 50] LEN: 12 | HEX: F8 6D FE 80 FE FE 95 FE E0 9C AD 5F | T:389181 RPD:1
[CH: 50] LEN: 12 | HEX: F1 77 B5 00 00 71 95 FF 49 06 BB FB | T:389450 RPD:1
[CH: 50] LEN: 12 | HEX: F9 7F BD 00 00 71 95 FF 29 06 AE F7 | T:389450 RPD:1
[CH: 50] LEN: 12 | HEX: F8 6D F7 00 FE FE 95 FF 60 9C AE FF | T:389480 RPD:1
[CH: 50] LEN: 12 | HEX: F8 6D F6 80 FE FE 95 D7 60 9C AD B7 | T:389481 RPD:1
[CH: 50] LEN: 12 | HEX: F9 77 DD 00 00 71 95 FD 49 06 AF B6 | T:389749 RPD:1
[CH: 50] LEN: 12 | HEX: F1 77 6B 00 00 71 95 D6 C9 06 BF FE | T:389750 RPD:1
[CH: 50] LEN: 12 | HEX: F4 6D EF 00 F6 FD 95 FD 60 9C BF DD | T:389780 RPD:1
[CH: 50] LEN: 12 | HEX: F4 6D EE 80 FE F6 95 FE 60 9C BF DE | T:389781 RPD:1
[CH: 50] LEN: 12 | HEX: E9 77 6B 00 00 71 95 FD 49 06 BE FB | T:390049 RPD:1
[CH: 50] LEN: 12 | HEX: F5 77 B7 00 00 71 95 DF C9 06 B7 FD | T:390050 RPD:1
[CH: 50] LEN: 12 | HEX: F4 6D F7 80 ED F6 95 ED 60 9C AB FF | T:390080 RPD:1
[CH: 50] LEN: 12 | HEX: E8 6D EE 00 FE FE 95 FA 60 9C BF BB | T:390081 RPD:1
[CH: 50] LEN: 12 | HEX: F5 77 F7 00 00 71 B5 FD C9 06 BF FB | T:390349 RPD:1
[CH: 50] LEN: 12 | HEX: F1 77 7F 00 00 71 95 D5 C9 06 BE FF | T:390350 RPD:1
[CH: 50] LEN: 12 | HEX: F8 6D FD 00 F6 FD 95 FD 60 9C BF FB | T:390380 RPD:1
[CH: 50] LEN: 12 | HEX: F8 6D EF 00 FE FE 95 DE 60 9C BF BF | T:390380 RPD:1
[CH: 50] LEN: 12 | HEX: F6 76 F7 00 8C EF 95 FF 38 73 BF EF | T:390644 RPD:1
[CH: 50] LEN: 12 | HEX: EA 76 FE 00 8C F6 95 FE 3A 73 AF EF | T:390644 RPD:1
[CH: 50] LEN: 12 | HEX: FA 76 FD FF 73 BA 95 FD C2 8E AB EF | T:390674 RPD:1
[CH: 50] LEN: 12 | HEX: FE 76 F6 FD 70 FD 95 FD B7 40 BF CF | T:390678 RPD:1
[CH: 50] LEN: 12 | HEX: EA 76 FD EC 71 FA 95 FD 6B 65 AF 5F | T:390681 RPD:1
[CH: 50] LEN: 12 | HEX: EA 76 F5 EA 77 EE 95 ED 81 75 AB DD | T:390741 RPD:1
[CH: 50] LEN: 12 | HEX: F6 76 EE F5 74 EE 95 FF 74 77 AF FF | T:390771 RPD:1
[CH: 50] LEN: 12 | HEX: FA 76 EC F4 75 FA 95 D5 28 92 BF 77 | T:390801 RPD:1
[CH: 50] LEN: 12 | HEX: F6 76 F6 EF 7E FE 95 DD 9B 85 AF F7 | T:390831 RPD:1
[CH: 50] LEN: 12 | HEX: F6 76 F6 EE 77 F4 95 FE 45 60 BD 5F | T:390861 RPD:1
[CH: 50] LEN: 12 | HEX: FA 76 F6 E5 70 F6 95 DF 30 6E BF FB | T:390891 RPD:1
[CH: 50] LEN: 12 | HEX: F6 76 F6 EC 79 DD 95 FD EC 8B BF FD | T:390921 RPD:1
[CH: 50] LEN: 12 | HEX: F6 7E F6 F3 7E EF 95 FE DA 72 BD FB | T:390951 RPD:1
[CH: 50] LEN: 12 | HEX: EA 76 ED EA 7E FD 95 FB 06 97 2F DF | T:390981 RPD:1
[CH: 50] LEN: 12 | HEX: FE 76 FE F1 7A F6 95 EE 73 99 BF FF | T:391011 RPD:1
[CH: 50] LEN: 12 | HEX: FA 76 FD F0 7D DA 95 EE AF FD BF FB | T:391041 RPD:1
[CH: 50] LEN: 12 | HEX: F6 76 FE EE E2 EE 95 FD 01 96 AF FF | T:391071 RPD:1
[CH: 50] LEN: 12 | HEX: F2 76 F5 EE 63 B4 95 DF DD 73 B6 DF | T:391101 RPD:1
[CH: 50] LEN: 12 | HEX: F6 76 F6 ED 60 FE 95 FD A8 7D BF 77 | T:391131 RPD:1
[CH: 50] LEN: 12 | HEX: F2 76 F6 EC 61 FA 95 ED 74 98 AB FB | T:391161 RPD:1
[CH: 50] LEN: 12 | HEX: F2 76 F6 EB 66 FE 95 FA 42 61 AF FF | T:391191 RPD:1
[CH: 50] LEN: 12 | HEX: F6 76 F6 EA 67 F6 95 FD 9C 84 AF F7 | T:391221 RPD:1
[CH: 50] LEN: 12 | HEX: EA 76 EC E9 64 F6 95 DE EB 8A AF FF | T:391251 RPD:1
[CH: 50] LEN: 12 | HEX: F6 76 EE E8 65 DF 95 DF 37 6F 2F FD | T:391281 RPD:1
[CH: 50] LEN: 12 | HEX: FA 76 F6 E7 6A FE 95 FE 86 78 BF ED | T:391311 RPD:1
[CH: 50] LEN: 12 | HEX: FA 76 F4 E6 6B DD 95 FE DA 9D AB FE | T:391341 RPD:1
[CH: 50] LEN: 12 | HEX: FA 76 FE E5 68 ED 95 D5 2E 93 3F 5B | T:391371 RPD:1
[CH: 50] LEN: 12 | HEX: FA 76 FE E4 69 FE 95 ED 73 76 B7 EF | T:391401 RPD:1
[CH: 50] LEN: 12 | HEX: FA 76 FE E3 6E EE 95 EF C5 8F BF DF | T:391431 RPD:1
[CH: 50] LEN: 12 | HEX: F6 76 FA E2 6F BA 95 EF 19 6A AF EE | T:391461 RPD:1
[CH: 50] LEN: 12 | HEX: F2 76 FE E1 6C FA 95 FF 6C 64 BF FF | T:391491 RPD:1
[CH: 50] LEN: 12 | HEX: FA 76 F6 E0 6D FA 95 FD 30 81 AC DF | T:391521 RPD:1
[CH: 50] LEN: 12 | HEX: FA 76 FC DF 52 F6 95 F7 21 91 BF F7 | T:391551 RPD:1
[CH: 50] LEN: 12 | HEX: FA 76 F6 F6 73 F4 95 FE 82 8E BF EF | T:391581 RPD:1
[CH: 50] LEN: 12 | HEX: FA 76 FC FC 71 F6 95 FF 6B 65 BF FF | T:391587 RPD:1
[CH: 50] LEN: 12 | HEX: F2 76 FB FB 76 FC 95 FE DD 9C BF DF | T:391617 RPD:1
[CH: 50] LEN: 12 | HEX: FA 76 FE FA 77 BA 95 FE 81 79 BF FF | T:391647 RPD:1
[CH: 50] LEN: 12 | HEX: F2 76 F5 F1 74 FE 95 FF 54 77 BF 5F | T:391677 RPD:1
[CH: 50] LEN: 12 | HEX: FA 76 FB E8 75 DE 95 EE 28 92 BB FB | T:391707 RPD:1
[CH: 50] LEN: 12 | HEX: FA 76 FE F7 7A F6 95 FF 99 85 B7 FF | T:391737 RPD:1
[CH: 50] LEN: 12 | HEX: F6 76 FE F6 7B EA 95 FF C5 60 BF EE | T:391767 RPD:1
[CH: 50] LEN: 12 | HEX: FA 76 FE E5 78 EE 95 EE B0 6E BF FE | T:391797 RPD:1
[CH: 50] LEN: 12 | HEX: FA 76 F4 F4 79 EA 95 F7 AC 8B BF ED | T:391827 RPD:1
[CH: 50] LEN: 12 | HEX: EA 76 FE FB 7C EC 95 DF DA 72 BF FF | T:391857 RPD:1
[CH: 50] LEN: 12 | HEX: F2 76 FE F2 7F 7E 95 F6 86 97 37 BF | T:391887 RPD:1
[CH: 50] LEN: 12 | HEX: FA 76 FE F1 7C FE 95 DA 63 19 AD 7E | T:391917 RPD:1
[CH: 50] LEN: 12 | HEX: FA 76 FC F0 7B FD 95 FF 6F 7C BB EF | T:391947 RPD:1
[CH: 50] LEN: 12 | HEX: FA 76 FE EF 62 FE 95 FD 01 96 B7 AF | T:391977 RPD:1
[CH: 50] LEN: 12 | HEX: F6 76 EE EE 63 FD 95 FE 5D 73 BF DF | T:392007 RPD:1
[CH: 50] LEN: 12 | HEX: FA 76 F5 ED 60 FA 95 FF 68 75 BF FF | T:392037 RPD:1
[CH: 50] LEN: 12 | HEX: FA 76 F6 EC 61 F6 95 EF 74 98 B7 EF | T:392067 RPD:1
[CH: 50] LEN: 12 | HEX: FA 76 FE EB 66 FD 95 F6 42 61 BF FF | T:392097 RPD:1
[CH: 50] LEN: 12 | HEX: EA 76 FE EA 67 EA 95 FD 5D 84 BE DF | T:392127 RPD:1
[CH: 50] LEN: 12 | HEX: F2 76 EA E9 64 FA 95 FF AB 8A BF 7F | T:392157 RPD:1
[CH: 50] LEN: 12 | HEX: FA 76 EA E8 65 FE 95 EF 37 6F BA BF | T:392187 RPD:1
[CH: 50] LEN: 12 | HEX: FA 76 EE E7 6A FC 95 DF 86 70 BF FE | T:392217 RPD:1
[CH: 50] LEN: 12 | HEX: F2 76 FE E6 6B FE 95 FB 5A 9D BF F5 | T:392247 RPD:1
[CH: 50] LEN: 12 | HEX: FA 76 FE E5 68 FE 95 FA AF 93 B7 FF | T:392277 RPD:1
[CH: 50] LEN: 12 | HEX: FA 76 FE E4 69 F6 95 EB 6B 76 AA B7 | T:392307 RPD:1
[CH: 50] LEN: 12 | HEX: EA 76 FA E3 6E F4 95 FF C5 8F FF FF | T:392337 RPD:1
[CH: 50] LEN: 12 | HEX: FA 76 FF E2 6F 5E 95 ED 19 6A BE FF | T:392367 RPD:1
[CH: 50] LEN: 12 | HEX: F2 76 F6 E1 6C F5 95 FF 6C 64 BF 7F | T:392397 RPD:1
[CH: 50] LEN: 12 | HEX: FA 76 F4 E0 6D EE 95 ED 30 81 BB 5F | T:392427 RPD:1
[CH: 50] LEN: 12 | HEX: FA 76 F4 DF 52 FE 95 D5 21 91 AF DB | T:392457 RPD:1
[CH: 50] LEN: 12 | HEX: FA 76 F5 F4 73 FE 95 FF C2 8E BB F7 | T:392487 RPD:1
[CH: 50] LEN: 12 | HEX: F2 76 FA FD 70 FE 95 FB B7 80 BD 7F | T:392491 RPD:1
[CH: 50] LEN: 12 | HEX: F2 76 FE F8 71 FE 95 FF 6B 65 BF FF | T:392495 RPD:1
[CH: 50] LEN: 12 | HEX: F2 7B DE 80 81 EE 95 FF 6F 7D 3D DD | T:392713 RPD:1
[CH: 50] LEN: 12 | HEX: EA 7B EB 80 81 F5 95 D7 AF 6B BF FF | T:392713 RPD:1
[CH: 50] LEN: 12 | HEX: F1 77 FE F4 FE 70 95 FE F6 7F AF FF | T:392743 RPD:1
[CH: 50] LEN: 12 | HEX: F9 77 FE FD FE 73 95 EF 41 F9 BE BF | T:392746 RPD:1
[CH: 50] LEN: 12 | HEX: F1 77 FA FE FE 70 95 EE F6 7D AD EF | T:392749 RPD:1
[CH: 50] LEN: 12 | HEX: F1 77 FE FD F6 73 95 F2 C1 FD B7 FF | T:392760 RPD:1
[CH: 50] LEN: 12 | HEX: F9 77 FD F4 FE 70 95 F5 F6 7F B7 EF | T:392761 RPD:0
[CH: 50] LEN: 12 | HEX: F9 77 FD F5 FF 73 95 D6 81 FD BF FF | T:392772 RPD:1
[CH: 50] LEN: 12 | HEX: F1 77 DC FE FE 70 95 FD F6 7D BB FF | T:392772 RPD:0
[CH: 50] LEN: 12 | HEX: F9 77 7D F5 E8 73 95 FF 41 FD AF EA | T:392784 RPD:1
[CH: 50] LEN: 12 | HEX: F9 77 DE FE FE 70 95 FF 76 7F AF FF | T:392795 RPD:1
[CH: 50] LEN: 12 | HEX: F1 77 DE F5 FE 73 95 FF 61 ED BE FF | T:392795 RPD:0
[CH: 50] LEN: 12 | HEX: F9 77 FF FE FE 70 95 FF 76 77 3E EA | T:392806 RPD:1
[CH: 50] LEN: 12 | HEX: F1 77 FF FA FE 70 95 FF 76 7F BB FF | T:392807 RPD:0
[CH: 50] LEN: 12 | HEX: F1 77 FD F5 FE 73 95 EF 41 FD AF DF | T:392818 RPD:1
[CH: 50] LEN: 12 | HEX: F1 77 FD FE FE 74 95 ED F6 7F BF FD | T:392829 RPD:1
[CH: 50] LEN: 12 | HEX: F9 77 FE FD FE 73 95 EF A1 AD BA F3 | T:392830 RPD:0
[CH: 50] LEN: 12 | HEX: F9 77 D5 EA FA 70 95 FE 76 77 3E DF | T:392841 RPD:1
[CH: 50] LEN: 12 | HEX: F1 77 AC F5 EE 73 95 D5 41 E9 B3 FD | T:392841 RPD:0
[CH: 50] LEN: 12 | HEX: F9 77 FD FA FE 70 95 EB 76 7B BB FF | T:392852 RPD:1
[CH: 50] LEN: 12 | HEX: F9 77 DD F9 FE 73 95 FE 81 FD BF DF | T:392853 RPD:0
[CH: 50] LEN: 12 | HEX: F9 77 FD FC FA 70 95 FF 76 7F 37 FE | T:392864 RPD:1
[CH: 50] LEN: 12 | HEX: F9 77 FE FD FE 73 95 FD 41 F5 BF D7 | T:392875 RPD:1
[CH: 50] LEN: 12 | HEX: F1 77 EE F6 FE 70 95 FF F6 77 BF F1 | T:392875 RPD:0
[CH: 50] LEN: 12 | HEX: F9 77 BA F9 F6 73 95 FE A1 FD B7 EF | T:392887 RPD:1
[CH: 50] LEN: 12 | HEX: F9 77 DD F9 D6 73 95 FE A1 FD AB ED | T:392887 RPD:0
[CH: 50] LEN: 12 | HEX: F1 7F DB FE F6 70 95 DF F6 7B B7 ED | T:392898 RPD:1
[CH: 50] LEN: 12 | HEX: F9 77 DE FD F4 73 95 FF 61 F5 BF 5F | T:392899 RPD:0
[CH: 50] LEN: 12 | HEX: F9 77 FA FC FE 70 95 FF 76 7A BD F7 | T:392910 RPD:1
[CH: 50] LEN: 12 | HEX: F9 77 FE FE FE 70 95 F5 76 7F BF FD | T:392921 RPD:1
[CH: 50] LEN: 12 | HEX: F9 77 FC FD F6 73 95 FF 61 FD BD D7 | T:392921 RPD:0
[CH: 50] LEN: 12 | HEX: F9 77 BD F6 FE 70 95 EE 76 7A BF FF | T:392933 RPD:1
[CH: 50] LEN: 12 | HEX: F9 77 BD FE FE 70 95 F7 76 7B BF BF | T:392933 RPD:0
[CH: 50] LEN: 12 | HEX: F9 77 FE FD F6 73 95 D5 01 DD BE FB | T:392944 RPD:1
[CH: 50] LEN: 12 | HEX: F9 77 DE FE FE 70 95 FF 76 7F B6 FF | T:392956 RPD:1
[CH: 50] LEN: 12 | HEX: E9 77 FE F5 FE 73 95 FF 41 F7 BF ED | T:392956 RPD:1
[CH: 50] LEN: 12 | HEX: F1 77 DE EA F6 70 95 FF 76 7B B7 DF | T:392967 RPD:1
[CH: 50] LEN: 12 | HEX: F9 77 FA F6 FE 70 95 FF 76 7F BB F9 | T:392967 RPD:0
[CH: 50] LEN: 12 | HEX: F9 77 BD FD FE 73 95 FF 61 FD BD FB | T:392979 RPD:1
[CH: 50] LEN: 12 | HEX: E9 77 DC F5 EA 73 95 EF 41 FD BF E7 | T:392979 RPD:0
[CH: 50] LEN: 12 | HEX: F9 77 D7 FA FE 70 95 FF 76 7F BF F5 | T:392990 RPD:1
[CH: 50] LEN: 12 | HEX: F9 77 FF F9 EE 73 95 F5 61 FD BF FF | T:393002 RPD:1
[CH: 50] LEN: 12 | HEX: F1 77 BE FA FE 70 95 FF 76 7F B7 DB | T:393002 RPD:0
[CH: 50] LEN: 12 | HEX: F1 77 FD FD D6 73 95 AA 81 A9 BF BF | T:393013 RPD:1
[CH: 50] LEN: 12 | HEX: F1 77 FC F5 FA 73 95 FF E1 FD BD 6F | T:393013 RPD:0
[CH: 50] LEN: 12 | HEX: F9 77 FA F4 F6 70 95 D5 76 75 37 BB | T:393025 RPD:1
[CH: 50] LEN: 12 | HEX: F9 77 FA FD FE 73 95 EA 81 E9 BD 57 | T:393025 RPD:0
[CH: 50] LEN: 12 | HEX: F9 77 FE FE FD 70 95 EE FE 75 BD FF | T:393036 RPD:0
[CH: 50] LEN: 12 | HEX: F9 77 BD F9 EA 73 95 EB 41 F5 BA DF | T:393048 RPD:1
[CH: 50] LEN: 12 | HEX: F1 77 F4 FE FE 70 95 ED 76 76 BF BB | T:393048 RPD:1
[CH: 50] LEN: 12 | HEX: F1 77 FE FD FE 73 95 EA 41 D5 B7 BD | T:393059 RPD:1
[CH: 50] LEN: 12 | HEX: F9 77 BD FE FE 70 95 DE F6 7F AD FF | T:393059 RPD:0
[CH: 50] LEN: 12 | HEX: F1 77 FD F5 FE 73 95 FE C1 F9 AB B6 | T:393071 RPD:1
[CH: 50] LEN: 12 | HEX: F1 77 FD FE FE 70 95 FE 76 7F B7 FB | T:393071 RPD:0
[CH: 50] LEN: 12 | HEX: F9 77 FB F9 D6 73 95 FD 41 FD AF D7 | T:393082 RPD:1
[CH: 50] LEN: 12 | HEX: F1 77 7E EC FE 70 95 FD 76 7F 7F FB | T:393094 RPD:1
[CH: 50] LEN: 12 | HEX: F9 77 FD F5 F4 73 95 FE 81 FD BF DF | T:393094 RPD:0
[CH: 50] LEN: 12 | HEX: F1 77 AD F6 F6 70 95 ED 76 7F AB FB | T:393105 RPD:1
[CH: 50] LEN: 12 | HEX: F9 77 FA FE FE 70 95 FD 76 7F 77 FF | T:393105 RPD:0
[CH: 50] LEN: 12 | HEX: F1 77 F4 F5 DE 73 95 FA C1 ED BF FF | T:393117 RPD:1
[CH: 50] LEN: 12 | HEX: F1 77 FA FE FE 70 95 FE F6 7F BF FF | T:393128 RPD:1
[CH: 50] LEN: 12 | HEX: E9 77 BE FD DD 73 95 EF 41 D9 BB DF | T:393128 RPD:1
[CH: 50] LEN: 12 | HEX: F5 77 FE FE FA 70 95 FD 76 7F 7F 7F | T:393140 RPD:1
[CH: 50] LEN: 12 | HEX: F5 77 EA FD BA 73 95 FD C1 DD BF BF | T:393140 RPD:0
[CH: 50] LEN: 12 | HEX: E9 77 FC FE F6 70 95 FE F6 7F FF FF | T:393151 RPD:1
[CH: 50] LEN: 12 | HEX: E9 77 F6 FE FE 70 95 ED 76 7F 67 FE | T:393151 RPD:0
[CH: 50] LEN: 12 | HEX: F5 77 F4 FE FE 70 95 DE 76 7F 7F DF | T:393163 RPD:1
[CH: 50] LEN: 12 | HEX: F5 77 F6 FD FC 73 95 FD 41 FD AF DF | T:393174 RPD:1
[CH: 50] LEN: 12 | HEX: E9 77 7E FD EC 70 95 EF 76 77 AB F9 | T:393174 RPD:0
[CH: 50] LEN: 12 | HEX: F5 77 F6 FD DE 73 95 FD 41 FD BE FB | T:393186 RPD:1
[CH: 50] LEN: 12 | HEX: F5 77 5E F5 FC 73 95 FD C1 ED AE BF | T:393186 RPD:1
[CH: 50] LEN: 12 | HEX: F9 77 EE ED DD 73 95 FA C1 FB BF FF | T:393199 RPD:1
[CH: 50] LEN: 12 | HEX: F9 77 EA FE F6 70 95 FD 76 77 3F 7F | T:393202 RPD:1
[CH: 50] LEN: 12 | HEX: F1 77 B6 F5 DA 73 95 DB C1 FB AF AF | T:393222 RPD:1
[CH: 50] LEN: 12 | HEX: F5 77 7E FD FD 70 95 FB 76 7E BF FF | T:393225 RPD:1
[CH: 50] LEN: 12 | HEX: F5 77 FA F5 DD 73 95 FB C1 FF AD E7 | T:393228 RPD:1
[CH: 50] LEN: 12 | HEX: F5 77 76 FE FD 70 95 FA 76 7F 3F 6D | T:393239 RPD:1
[CH: 50] LEN: 12 | HEX: F5 77 7E F9 FA 73 95 FB C1 DF AF FB | T:393239 RPD:0
[CH: 50] LEN: 12 | HEX: F9 77 F6 FD FD 70 95 FD 76 7B BF BF | T:393251 RPD:1
[CH: 50] LEN: 12 | HEX: E9 77 F6 F5 FA 73 95 D7 C1 DD BF FF | T:393251 RPD:0
[CH: 50] LEN: 12 | HEX: E9 77 EE EF EE 70 95 DF 76 77 AF 6F | T:393262 RPD:1
[CH: 50] LEN: 12 | HEX: E9 77 EE FF ED 70 95 FF 76 7F 6F FF | T:393273 RPD:0
[CH: 50] LEN: 12 | HEX: F9 77 76 E9 FA 73 95 FF C1 D5 AF 7F | T:393274 RPD:0
[CH: 50] LEN: 12 | HEX: F9 77 BE F6 F6 70 95 ED 76 7A BF FB | T:393285 RPD:1
[CH: 50] LEN: 12 | HEX: F9 77 EE ED ED 73 95 EF C1 DF AB DF | T:393287 RPD:1
[CH: 50] LEN: 12 | HEX: ED 77 6E EE EE 68 95 DF 76 7E BF BF | T:393298 RPD:1
[CH: 50] LEN: 12 | HEX: F9 77 7E F5 FD 73 95 DF C1 EF AE BF | T:393298 RPD:0
[CH: 50] LEN: 12 | HEX: F9 77 7E EE EE 70 95 FB 76 7D 36 FF | T:393310 RPD:1
[CH: 50] LEN: 12 | HEX: E9 77 6E FD FA 73 95 BD C1 DB EE FF | T:393321 RPD:0
[CH: 50] LEN: 12 | HEX: F5 77 EA ED EE 70 95 ED 76 7F 7F 7B | T:393321 RPD:0
[CH: 50] LEN: 12 | HEX: F9 77 7E ED FC 73 95 FF C1 DB AD FB | T:393332 RPD:1
[CH: 50] LEN: 12 | HEX: E9 7F FE EF FD 70 95 FF 76 7E BF FD | T:393333 RPD:1
[CH: 50] LEN: 12 | HEX: F9 77 7E ED DC 73 95 ED C1 F5 BF DF | T:393351 RPD:1
[CH: 50] LEN: 12 | HEX: F9 77 7E FE ED 70 95 FF 76 7F 6E EF | T:393354 RPD:1
[CH: 50] LEN: 12 | HEX: E9 77 EF 00 00 71 95 DD C9 06 AF FF | T:393388 RPD:1
[CH: 50] LEN: 12 | HEX: F9 77 F7 00 00 71 95 FD C9 06 BD FB | T:393389 RPD:1
[CH: 50] LEN: 12 | HEX: F0 6D DF 00 EF F7 95 ED 60 9C BF C4 | T:393419 RPD:1
[CH: 50] LEN: 12 | HEX: F4 6D EF 00 FC F6 95 FD 60 9C BB FB | T:393419 RPD:1
[CH: 50] LEN: 12 | HEX: E9 77 B7 00 00 71 95 EF C9 06 AF FB | T:393688 RPD:1
[CH: 50] LEN: 12 | HEX: ED 77 77 00 00 71 95 DD C9 06 BF DF | T:393689 RPD:1
[CH: 50] LEN: 12 | HEX: F8 6D DF 00 FD FD 95 DF 60 9E BF FF | T:393718 RPD:1
[CH: 50] LEN: 12 | HEX: F1 77 F7 00 00 71 95 FD 49 06 AE BF | T:393988 RPD:1
[CH: 50] LEN: 12 | HEX: F9 77 FB 00 00 71 95 ED C9 06 AF D5 | T:393988 RPD:1
[CH: 50] LEN: 12 | HEX: E8 6D DF 00 FD EF 95 DD 60 9C BF EF | T:394018 RPD:1
[CH: 50] LEN: 12 | HEX: E8 6D ED 00 ED FF 95 DE 60 9C AF FB | T:394019 RPD:1
[CH: 50] LEN: 12 | HEX: F5 77 F7 00 00 71 95 FD C9 06 AF FF | T:394287 RPD:1
[CH: 50] LEN: 12 | HEX: F9 77 7F 00 00 71 95 D7 C9 06 BF FF | T:394288 RPD:1
[CH: 50] LEN: 12 | HEX: E8 6D DF 00 EE EE 95 DF 60 9C BF FF | T:394318 RPD:1
[CH: 50] LEN: 12 | HEX: F4 6D ED 00 FE F6 95 EF 60 9C BE BF | T:394319 RPD:1
[CH: 50] LEN: 12 | HEX: F9 76 F7 00 00 71 95 DD C9 06 AB FD | T:394587 RPD:1
[CH: 50] LEN: 12 | HEX: F9 77 77 00 00 71 95 F7 C9 06 BA FF | T:394588 RPD:1
[CH: 50] LEN: 12 | HEX: F8 6D DD 00 FD FF 95 EF 60 9C BF FF | T:394618 RPD:1
[CH: 50] LEN: 12 | HEX: F8 6D FD 00 F4 FD 95 DD 60 9C BF BB | T:394618 RPD:1
[CH: 50] LEN: 12 | HEX: FA 76 FD 00 8C EE 95 FB 3A 73 BF FF | T:394862 RPD:1
[CH: 50] LEN: 12 | HEX: FA 76 FD ED 73 B4 95 DF C2 8E AF FE | T:394893 RPD:1
[CH: 50] LEN: 12 | HEX: FA 76 FA F5 78 FD 95 FA B7 40 AE EF | T:394896 RPD:1
[CH: 50] LEN: 12 | HEX: F6 76 FD F4 71 DD 95 EE 6B 65 BF FD | T:394900 RPD:1
[CH: 50] LEN: 12 | HEX: F6 7E FE EB 76 D6 95 EE 5D 9C AF FF | T:394930 RPD:1
[CH: 50] LEN: 12 | HEX: F6 76 FE FA 77 FA 95 ED 81 7B AF F7 | T:394960 RPD:1
[CH: 50] LEN: 12 | HEX: EA 76 EF E9 74 ED 95 DD EC 77 7F 6F | T:394990 RPD:1
[CH: 50] LEN: 12 | HEX: FA 76 F7 FC 75 FD 95 ED 28 92 AD EF | T:395020 RPD:1
[CH: 50] LEN: 12 | HEX: FA 76 FD EF 76 FF 95 FD 99 85 AF FF | T:395050 RPD:1
[CH: 50] LEN: 12 | HEX: FA 76 FD F6 77 BE 95 ED 45 60 BD FB | T:395080 RPD:1
[CH: 50] LEN: 12 | HEX: EA 76 FE ED 74 F6 95 DF 30 6E AF F7 | T:395110 RPD:1
[CH: 50] LEN: 12 | HEX: FA 76 F6 FC 79 FA 95 EF 6C 8B BF FB | T:395140 RPD:1
[CH: 50] LEN: 12 | HEX: F6 76 EE EB 7A ED 95 DB DA 72 B7 FF | T:395170 RPD:1
[CH: 50] LEN: 12 | HEX: FE 76 F6 F2 7F 5E 95 EF 06 97 7F FB | T:395200 RPD:1
[CH: 50] LEN: 12 | HEX: FA 76 F4 F1 7C FE 95 FD 73 99 BF DF | T:395230 RPD:1
[CH: 50] LEN: 12 | HEX: F2 76 FE F0 79 FC 95 EF 2F 74 BF FF | T:395260 RPD:1
[CH: 50] LEN: 12 | HEX: F2 76 FE EF 62 FE 95 EF 01 96 AF F7 | T:395290 RPD:1
[CH: 50] LEN: 12 | HEX: FA 76 F6 EE 63 FD 95 FE 9D 73 AF BB | T:395320 RPD:1
[CH: 50] LEN: 12 | HEX: FA 76 FA ED 60 FE 95 FF A8 79 AB EB | T:395350 RPD:1
[CH: 50] LEN: 12 | HEX: F2 76 FE EC 61 FA 95 EF 74 98 AF EF | T:395380 RPD:1
[CH: 50] LEN: 12 | HEX: FA 76 FE EB 66 FE 95 FE C2 61 BF FF | T:395410 RPD:1
[CH: 50] LEN: 12 | HEX: FA 76 FE EA 67 FD 95 FF 5E 84 BD FE | T:395440 RPD:1
[CH: 50] LEN: 12 | HEX: FA 76 EA E9 64 FE 95 FE EB 8A BF FE | T:395470 RPD:1
[CH: 50] LEN: 12 | HEX: FA 76 F6 E8 65 FE 95 FF 37 6F BF BF | T:395500 RPD:1
[CH: 50] LEN: 12 | HEX: FA 76 FC E7 6A FE 95 EF 46 78 B7 EF | T:395530 RPD:1
[CH: 50] LEN: 12 | HEX: FA 76 F5 E6 6B FE 95 EE DA 9D B7 EF | T:395560 RPD:1
[CH: 50] LEN: 12 | HEX: FA 76 EE E5 68 FC 95 FE 2E D3 BD DF | T:395590 RPD:1
[CH: 50] LEN: 12 | HEX: FA 76 FA E4 69 FF 95 FE B3 76 BF BF | T:395620 RPD:1
[CH: 50] LEN: 12 | HEX: FA 76 FE E3 6E FD 95 FB A5 8F BF FF | T:395650 RPD:1
[CH: 50] LEN: 12 | HEX: F2 76 F4 E2 6F BD 95 D7 19 6A AF 5F | T:395680 RPD:1
[CH: 50] LEN: 12 | HEX: F2 76 FE F1 6C FC 95 D6 6C 64 BA B7 | T:395710 RPD:1
[CH: 50] LEN: 12 | HEX: F2 76 F4 E0 6D F4 95 FE B0 81 AD FF | T:395740 RPD:1
[CH: 50] LEN: 12 | HEX: FA 76 FE DF 52 FE 95 FA A1 91 BF FF | T:395770 RPD:1
[CH: 50] LEN: 12 | HEX: F2 76 FC EE 73 DE 95 FF A2 8E AD FF | T:395800 RPD:1
[CH: 50] LEN: 12 | HEX: FA 76 FE F9 70 FA 95 FD B7 80 BF FD | T:395803 RPD:1
[CH: 50] LEN: 12 | HEX: F2 76 FA FC 71 FE 95 FB 6B 65 AF FC | T:395806 RPD:1
[CH: 50] LEN: 12 | HEX: FA 76 FC FB 76 FE 95 FF 5D 9C BF 35 | T:395836 RPD:1
[CH: 50] LEN: 12 | HEX: FA 76 FE F2 77 DD 95 FA 81 79 BF EF | T:395866 RPD:1
[CH: 50] LEN: 12 | HEX: F2 76 FE F9 74 FC 95 EB EC 77 BF 77 | T:395896 RPD:1
[CH: 50] LEN: 12 | HEX: FA 76 FE F0 75 FC 95 FF 28 92 BF 7F | T:395926 RPD:1
[CH: 50] LEN: 12 | HEX: FA 76 FE F7 7A FE 95 FF 59 85 B7 F5 | T:395956 RPD:1
[CH: 50] LEN: 12 | HEX: FA 76 FE F6 7B F6 95 FF 45 60 BF FD | T:395986 RPD:1
[CH: 50] LEN: 12 | HEX: F2 76 FE F5 7C FE 95 D5 30 6E BF 7F | T:396016 RPD:1
[CH: 50] LEN: 12 | HEX: FA 76 EE F4 79 DE 95 DF EC 8B BF EF | T:396046 RPD:1
[CH: 50] LEN: 12 | HEX: F2 76 FE F3 7E F6 95 D7 5A 72 BF BF | T:396076 RPD:1
[CH: 50] LEN: 12 | HEX: FA 76 FC F2 7B AE 95 FF 06 97 B7 FE | T:396106 RPD:1
[CH: 50] LEN: 12 | HEX: EA 76 F4 F1 7C EE 95 F7 73 99 BB FD | T:396136 RPD:1
[CH: 50] LEN: 12 | HEX: F2 76 FE F0 7D FA 95 FF 2F 78 BF EF | T:396166 RPD:1
[CH: 50] LEN: 12 | HEX: FA 76 FE FE E2 FE 95 EF 01 96 BF DF | T:396196 RPD:1
[CH: 50] LEN: 12 | HEX: FA 76 FE EE 63 FE 95 FF DD 73 BF FF | T:396226 RPD:1
[CH: 50] LEN: 12 | HEX: FA 76 FE ED 60 FA 95 FF A8 7D BF FF | T:396256 RPD:1
[CH: 50] LEN: 12 | HEX: FA 76 F6 EC 61 FE 95 FF F4 98 AA FD | T:396286 RPD:1
[CH: 50] LEN: 12 | HEX: FA 76 F5 EB 66 FE 95 FF 42 61 BF FE | T:396316 RPD:1
[CH: 50] LEN: 12 | HEX: FA 76 FE EA 67 D6 95 FE DC 84 BE FF | T:396346 RPD:1
[CH: 50] LEN: 12 | HEX: F2 76 F6 E9 64 FC 95 F5 CB 8A BF DD | T:396376 RPD:1
[CH: 50] LEN: 12 | HEX: FA 76 EC E8 65 FE 95 ED B7 6E BF FF | T:396406 RPD:1
[CH: 50] LEN: 12 | HEX: FA 7B F6 00 81 F5 95 FB EF DF BF EF | T:396621 RPD:1
[CH: 50] LEN: 12 | HEX: F2 7B FD 80 81 F6 95 EA 9F 54 7D 7E | T:396622 RPD:1
[CH: 50] LEN: 12 | HEX: F1 77 F5 F5 F6 70 95 DD F6 7F 77 AE | T:396653 RPD:1
[CH: 50] LEN: 12 | HEX: F9 77 FD F9 D6 73 95 D7 A1 AB B5 B7 | T:396656 RPD:1
[CH: 50] LEN: 12 | HEX: F9 77 FD FA FE 70 95 FF 76 7F BE EF | T:396659 RPD:1
[CH: 50] LEN: 12 | HEX: F1 77 FA F5 EE 73 95 DE 21 D5 BD CA | T:396670 RPD:1
[CH: 50] LEN: 12 | HEX: F1 77 DC FE FE 70 95 F7 76 7F BF FE | T:396670 RPD:0
[CH: 50] LEN: 12 | HEX: F9 77 DD F5 FE 73 95 FF 41 FD BF DF | T:396682 RPD:1
[CH: 50] LEN: 12 | HEX: F9 77 BC FE FE 70 95 EE 76 77 BF FF | T:396682 RPD:0
[CH: 50] LEN: 12 | HEX: F1 77 AC FD D6 73 95 FE 81 DD BF FF | T:396693 RPD:1
[CH: 50] LEN: 12 | HEX: F9 77 F6 F6 FA 70 95 FF 76 7F BE EF | T:396704 RPD:1
[CH: 50] LEN: 12 | HEX: B9 77 FC FD FE 73 95 AB 41 A9 BE ED | T:396705 RPD:0
[CH: 50] LEN: 12 | HEX: F1 77 FB FE FA 70 95 FF 76 7F BF EF | T:396716 RPD:1
[CH: 50] LEN: 12 | HEX: F9 77 BA FA FE 70 95 FF 76 7D AF FB | T:396716 RPD:0
[CH: 50] LEN: 12 | HEX: F1 77 FE FD FE 73 95 DC 01 D5 AD BD | T:396728 RPD:1
[CH: 50] LEN: 12 | HEX: E9 77 BD FE FE 70 95 EB 76 7B 3B DF | T:396739 RPD:1
[CH: 50] LEN: 12 | HEX: F9 77 D6 FD EC 73 95 DE 81 ED BF 7B | T:396739 RPD:0
[CH: 50] LEN: 12 | HEX: F9 77 FE F4 FE 70 95 FD 76 7F BF F7 | T:396750 RPD:1
[CH: 50] LEN: 12 | HEX: F9 77 FD FD FE 73 95 D7 81 D5 AA DD | T:396751 RPD:0
[CH: 50] LEN: 12 | HEX: F9 77 FE FA FE 70 95 FF 76 7F BD 7F | T:396762 RPD:1
[CH: 50] LEN: 12 | HEX: F9 77 FB FD EE 73 95 FF 81 F5 BE BF | T:396762 RPD:0
[CH: 50] LEN: 12 | HEX: F9 77 FD F6 F6 70 95 D5 66 6A BE FE | T:396773 RPD:1
[CH: 50] LEN: 12 | HEX: F5 77 FE F5 FE 73 D5 FF 61 FD BE FF | T:396785 RPD:1
[CH: 50] LEN: 12 | HEX: F9 77 FE FE FE 70 95 FE F6 7F BF FA | T:396785 RPD:0
[CH: 50] LEN: 12 | HEX: F9 77 EC FD FE 73 95 D6 A1 D5 B7 BB | T:396796 RPD:1
[CH: 50] LEN: 12 | HEX: F1 77 BB F5 FE 73 95 EB 41 E9 AF BD | T:396797 RPD:0
[CH: 50] LEN: 12 | HEX: F9 77 FD FA FA 70 95 FF 76 77 3B FD | T:396808 RPD:1
[CH: 50] LEN: 12 | HEX: F1 77 DE F9 DD 73 95 FD 41 FD AF FD | T:396808 RPD:0
[CH: 50] LEN: 12 | HEX: F9 77 BC FE FE 70 95 EA 76 7F BB FF | T:396819 RPD:1
[CH: 50] LEN: 12 | HEX: F9 77 D6 FE F6 70 95 FF 76 7B F7 BF | T:396831 RPD:1
[CH: 50] LEN: 12 | HEX: F9 77 FF F9 FE 73 95 FE 81 FD AE B7 | T:396831 RPD:0
[CH: 50] LEN: 12 | HEX: F9 77 BD F4 FE 70 95 D5 76 6A AF F0 | T:396842 RPD:1
[CH: 50] LEN: 12 | HEX: F9 77 DA FC EE 70 95 EA F6 76 BF DF | T:396843 RPD:0
[CH: 50] LEN: 12 | HEX: F1 7F FD F5 FE 73 95 F7 C1 F5 AF FF | T:396854 RPD:1
[CH: 50] LEN: 12 | HEX: F9 77 FD FE FE 70 95 D5 76 6A BD 7E | T:396865 RPD:1
[CH: 50] LEN: 12 | HEX: F1 77 DE FD F6 73 95 FF 41 F5 B7 FF | T:396865 RPD:1
[CH: 50] LEN: 12 | HEX: E9 77 FE FA FE 70 95 EE F6 7D BF FB | T:396877 RPD:1
[CH: 50] LEN: 12 | HEX: F9 77 AE FD F6 73 95 D5 41 D5 BD BB | T:396877 RPD:0
[CH: 50] LEN: 12 | HEX: F9 77 EE FE FE 70 95 FF 76 7F AF FE | T:396888 RPD:1
[CH: 50] LEN: 12 | HEX: F9 77 DE FB F6 73 95 FF 41 FD BF DE | T:396889 RPD:0
[CH: 50] LEN: 12 | HEX: F9 77 FC FE F6 78 95 FF 76 7F BF FF | T:396900 RPD:1
[CH: 50] LEN: 12 | HEX: F1 77 F5 FD FE 73 95 ED 21 D5 B6 DF | T:396911 RPD:1
[CH: 50] LEN: 12 | HEX: F1 77 D5 FA F6 70 95 D6 76 75 3F EF | T:396911 RPD:0
[CH: 50] LEN: 12 | HEX: F9 77 BA EB FC 73 95 F5 C1 FD AF FE | T:396923 RPD:1
[CH: 50] LEN: 12 | HEX: F9 77 BD F7 EA 73 95 EB 41 FD BE BE | T:396923 RPD:0
[CH: 50] LEN: 12 | HEX: F1 77 FA FA FE 70 95 EA 76 6A EF 7B | T:396934 RPD:1
[CH: 50] LEN: 12 | HEX: F9 77 FB FD D6 73 95 F7 21 F5 AD 7D | T:396935 RPD:1
[CH: 50] LEN: 12 | HEX: F1 77 FA F6 FC 74 95 DE F6 7B 3F 7D | T:396946 RPD:1
[CH: 50] LEN: 12 | HEX: F9 77 DE F7 EA 73 95 FF 21 FD BF FF | T:396957 RPD:1
[CH: 50] LEN: 12 | HEX: F1 77 BF FE FE 70 95 F7 76 7B 3B FF | T:396957 RPD:0
[CH: 50] LEN: 12 | HEX: F9 77 FD F4 FE 70 95 DD 76 7F BF EF | T:396969 RPD:1
[CH: 50] LEN: 12 | HEX: F9 77 FE FA FE 70 95 FF 76 7F BF EF | T:396969 RPD:0
[CH: 50] LEN: 12 | HEX: F1 77 FE ED FE 73 95 EE A1 ED BF D7 | T:396980 RPD:1
[CH: 50] LEN: 12 | HEX: F1 77 FE FE FE 70 95 EF 76 75 3F FD | T:396980 RPD:0
[CH: 50] LEN: 12 | HEX: F9 77 FD FF F6 73 95 D6 81 D5 BA DE | T:396992 RPD:1
[CH: 50] LEN: 12 | HEX: F9 77 FF FE FE F0 95 FD F6 7F B7 FD | T:397003 RPD:1
[CH: 50] LEN: 12 | HEX: F9 77 AA FD FE 73 95 F7 A1 FD AF F3 | T:397003 RPD:1
[CH: 50] LEN: 12 | HEX: F9 77 FE FC FE 70 95 F7 76 7D BF FF | T:397015 RPD:1
[CH: 50] LEN: 12 | HEX: F9 77 FB F9 F4 73 95 F7 41 FB BF F6 | T:397015 RPD:0
[CH: 50] LEN: 12 | HEX: F9 77 FD FE F6 70 95 F6 76 7F BF 6F | T:397026 RPD:1
[CH: 50] LEN: 12 | HEX: F1 77 DA F5 FE 73 95 EF 61 F7 BE FF | T:397037 RPD:1
[CH: 50] LEN: 12 | HEX: F9 77 FE FE FE 70 95 FF 76 7F AE FF | T:397038 RPD:0
[CH: 50] LEN: 12 | HEX: F1 77 FD FB FE 73 95 FD 41 DD B7 7F | T:397049 RPD:1
[CH: 50] LEN: 12 | HEX: F9 77 FF FD FE 73 95 DD 41 D5 BD F7 | T:397049 RPD:0
[CH: 50] LEN: 12 | HEX: F9 77 BE FE F4 70 95 F7 76 7F B7 EE | T:397061 RPD:1
[CH: 50] LEN: 12 | HEX: F9 77 DC FD FE 73 95 FF A1 F9 AF FB | T:397061 RPD:0
[CH: 50] LEN: 12 | HEX: F9 77 FA FE FE 70 95 FE F6 7D BF EF | T:397072 RPD:1
[CH: 50] LEN: 12 | HEX: F9 77 DB F9 FE 73 95 55 01 D5 B7 DF | T:397083 RPD:1
[CH: 50] LEN: 12 | HEX: F1 77 BE FE FE 70 95 FF 76 7F AB FF | T:397084 RPD:0
[CH: 50] LEN: 12 | HEX: E9 77 DE F9 FE 73 95 FA 81 FD B5 AF | T:397095 RPD:1
[CH: 50] LEN: 12 | HEX: F9 77 FF FF FE 70 95 FF 76 7F AF BE | T:397095 RPD:0
[CH: 50] LEN: 12 | HEX: F9 77 FF FD F6 73 95 D5 21 A9 AB 7F | T:397107 RPD:1
[CH: 50] LEN: 12 | HEX: F9 77 D7 FD FE 70 95 FF 76 7F BF FD | T:397107 RPD:0
[CH: 50] LEN: 12 | HEX: E9 77 BA FD DE 73 95 EA 81 D5 BE D5 | T:397118 RPD:1
[CH: 50] LEN: 12 | HEX: F1 77 FD EE EA 70 95 EB 76 7F 2F EF | T:397129 RPD:1
[CH: 50] LEN: 12 | HEX: F9 77 FE FE FE 70 95 FF 7E 7F BB 7F | T:397130 RPD:0
[CH: 50] LEN: 12 | HEX: F1 77 DD F5 F6 70 95 FE F6 7D BF FF | T:397141 RPD:1
[CH: 50] LEN: 12 | HEX: F9 77 AA EE FE 70 95 EE F6 7B B7 DF | T:397141 RPD:1
[CH: 50] LEN: 12 | HEX: F1 77 ED FD F6 73 95 F7 41 FF AF FF | T:397153 RPD:1
[CH: 50] LEN: 12 | HEX: F9 77 AE FD FC 73 95 F6 81 E9 B5 FF | T:397164 RPD:1
[CH: 50] LEN: 12 | HEX: F1 77 DC F6 F6 70 95 FE F6 7F BF FE | T:397164 RPD:0
[CH: 50] LEN: 12 | HEX: F1 77 F4 FD FC 73 95 F6 81 EB BF EB | T:397175 RPD:0
[CH: 50] LEN: 12 | HEX: F1 7F FD FD FE 73 95 D5 01 A5 BE FF | T:397176 RPD:1
[CH: 50] LEN: 12 | HEX: F9 77 BC EE FE 70 95 F5 76 7B BF FF | T:397188 RPD:1
[CH: 50] LEN: 12 | HEX: F9 77 FA FD FD 73 95 FF A1 DD BF BD | T:397188 RPD:0
[CH: 50] LEN: 12 | HEX: F9 77 BC F6 FE 70 95 D5 76 6A 5F FF | T:397199 RPD:1
[CH: 50] LEN: 12 | HEX: F1 77 FD FD F6 73 95 FF 41 FD BD FB | T:397210 RPD:1
[CH: 50] LEN: 12 | HEX: F9 77 FF FE F4 70 95 EE F6 7D AD FF | T:397211 RPD:0
[CH: 50] LEN: 12 | HEX: F9 77 BE FD FC 73 95 FB A1 F5 B7 5B | T:397222 RPD:1
[CH: 50] LEN: 12 | HEX: ED 77 F4 FD FA 73 95 EF 41 F9 AF FF | T:397222 RPD:0
[CH: 50] LEN: 12 | HEX: F5 77 FB FE F6 70 95 FD FE 7F AE EE | T:397234 RPD:0
[CH: 50] LEN: 12 | HEX: F5 77 7F 00 00 71 95 FD 49 06 BB F7 | T:397256 RPD:1
[CH: 50] LEN: 12 | HEX: F5 77 DB 00 00 71 95 FD C9 06 BF F5 | T:397257 RPD:1
[CH: 50] LEN: 12 | HEX: F4 6D FD 00 F6 FE 95 FA 60 9C AD 6B | T:397286 RPD:1
[CH: 50] LEN: 12 | HEX: F8 6D DF 00 FE F6 95 DE E0 9C BF FF | T:397287 RPD:1
[CH: 50] LEN: 12 | HEX: F5 77 6B 00 00 71 95 FD C9 06 AD FD | T:397556 RPD:1
[CH: 50] LEN: 12 | HEX: E8 6D FA 00 EE ED 95 FD 68 9C AF 5F | T:397586 RPD:1
[CH: 50] LEN: 12 | HEX: E8 6D FE 80 EE EE 95 EF 60 9C BD EF | T:397587 RPD:1
[CH: 50] LEN: 12 | HEX: E9 77 6F 00 00 71 95 DB C9 06 BD 5F | T:397855 RPD:1
[CH: 50] LEN: 12 | HEX: F5 77 75 00 00 71 95 FD C9 06 BD FF | T:397856 RPD:1
[CH: 50] LEN: 12 | HEX: F8 6D FE 00 F6 F7 95 FE 60 9C BD DD | T:397886 RPD:1
[CH: 50] LEN: 12 | HEX: F8 6D EB 00 FE FE 95 EE E0 9C AE DF | T:397887 RPD:1
[CH: 50] LEN: 12 | HEX: F5 77 7F 00 00 71 95 FB C9 06 AD FE | T:398155 RPD:1
[CH: 50] LEN: 12 | HEX: F9 77 F5 00 00 71 95 FD C9 06 BE BF | T:398156 RPD:1
[CH: 50] LEN: 12 | HEX: F0 6D FA 00 FE FE 95 ED 60 9C AF EF | T:398186 RPD:1
[CH: 50] LEN: 12 | HEX: F4 6D FE 00 FE FF 95 ED 60 9C AF FB | T:398187 RPD:1
[CH: 50] LEN: 12 | HEX: F9 77 FF 00 00 71 95 DF C9 06 BD BF | T:398456 RPD:1
[CH: 50] LEN: 12 | HEX: F4 6D FD 00 FE FE 95 ED 60 9C AB 6E | T:398486 RPD:1
[CH: 50] LEN: 12 | HEX: F8 6D FD 00 F6 FE 95 FD 60 9C AE FF | T:398486 RPD:1
[CH: 50] LEN: 12 | HEX: FA 76 EF 00 8C EE 95 DD 3C 73 BF ED | T:398560 RPD:1
[CH: 50] LEN: 12 | HEX: EA 76 EF 00 8C FC 95 DD 38 73 AB F7 | T:398560 RPD:1
[CH: 50] LEN: 12 | HEX: F6 76 EE FC 73 FA 95 FD 42 8E BF F5 | T:398591 RPD:1
[CH: 50] LEN: 12 | HEX: F6 76 F6 FD 70 FF 95 FD B7 80 AE FE | T:398594 RPD:1
[CH: 50] LEN: 12 | HEX: F6 76 F6 EC 71 DE 95 EF 6B 65 BF FD | T:398598 RPD:1
[CH: 50] LEN: 12 | HEX: FA 76 FE EB 76 EE 95 DD 5D 9C BE DB | T:398628 RPD:1
[CH: 50] LEN: 12 | HEX: F6 76 EC F6 77 EA 95 FB 81 71 BB FF | T:398658 RPD:1
[CH: 50] LEN: 12 | HEX: EA 76 F6 E9 74 FF 95 DD F4 77 7F FF | T:398688 RPD:1
[CH: 50] LEN: 12 | HEX: EA 76 FE E8 75 FD 95 FD 28 92 AF 7F | T:398718 RPD:1
[CH: 50] LEN: 12 | HEX: FA 76 F6 F7 7A F6 95 EE 99 85 BF FF | T:398748 RPD:1
[CH: 50] LEN: 12 | HEX: F6 76 FD E4 71 DC 95 DD EC 8B AB FB | T:398838 RPD:1
[CH: 50] LEN: 12 | HEX: FA 76 F6 EB 76 EB 95 FB DA 72 BF FB | T:398868 RPD:1
[CH: 50] LEN: 12 | HEX: F6 76 F6 F2 75 7D 95 FD 06 97 7F FF | T:398898 RPD:1
[CH: 50] LEN: 12 | HEX: F6 76 EE E1 7C F5 95 DD 73 99 BE FF | T:398928 RPD:1
[CH: 50] LEN: 12 | HEX: FA 76 FD F0 7D FD 95 FD AF 7C AD 54 | T:398958 RPD:1
[CH: 50] LEN: 12 | HEX: F2 76 FE EF 62 FD 95 FF 01 96 BE BF | T:398988 RPD:1
[CH: 50] LEN: 12 | HEX: EA 76 F6 EE 63 F4 95 DD DD 73 BF DF | T:399018 RPD:1
[CH: 50] LEN: 12 | HEX: FA 76 FC EC 61 FA 95 ED 74 98 AF FD | T:399078 RPD:1
[CH: 50] LEN: 12 | HEX: F2 76 FD EB 66 F4 95 FD 42 61 AF FF | T:399108 RPD:1
[CH: 50] LEN: 12 | HEX: F6 76 EE EA 67 B6 95 ED 9C 84 BB FB | T:399138 RPD:1
[CH: 50] LEN: 12 | HEX: F2 76 FF E9 64 F6 95 FD 6B 8A AF FF | T:399168 RPD:1
[CH: 50] LEN: 12 | HEX: F6 76 EC E8 65 DE 95 FF 37 6F 7E FB | T:399198 RPD:1
[CH: 50] LEN: 12 | HEX: FA 76 F5 E7 6A FD 95 FD 86 70 AF FF | T:399228 RPD:1
[CH: 50] LEN: 12 | HEX: FA 76 F6 E6 6B AE 95 FD 5A 9D BB EF | T:399258 RPD:1
[CH: 50] LEN: 12 | HEX: F6 76 FA E5 68 FE 95 EE AF 53 BF EB | T:399288 RPD:1
[CH: 50] LEN: 12 | HEX: FA 76 F6 E4 69 D6 95 FD F3 76 BB 76 | T:399318 RPD:1
[CH: 50] LEN: 12 | HEX: F6 76 FD E3 6E F6 95 FF C5 8F 6D F7 | T:399348 RPD:1
[CH: 50] LEN: 12 | HEX: FA 76 FE E2 6F 6E 95 D7 19 6A AF F7 | T:399378 RPD:1
[CH: 50] LEN: 12 | HEX: FA 76 FE E1 6C EE 95 DF 6C 64 AB EF | T:399408 RPD:1
[CH: 50] LEN: 12 | HEX: EA 76 FA E0 6D FC 95 FF B0 81 BF EF | T:399438 RPD:1
[CH: 50] LEN: 12 | HEX: F2 76 FA DF 52 F6 95 EF 21 91 AF AE | T:399468 RPD:1
[CH: 50] LEN: 12 | HEX: FA 76 FE FE 73 FD 95 EB A2 8E BF FF | T:399498 RPD:1
[CH: 50] LEN: 12 | HEX: FA 76 F6 FD 70 FA 95 FF B7 80 BF FE | T:399501 RPD:1
[CH: 50] LEN: 12 | HEX: FA 76 FE FC 71 FA 95 FF 6B 65 BF F7 | T:399505 RPD:1
[CH: 50] LEN: 12 | HEX: FA 76 FE FB 76 F4 95 EF 5D 9C BB FF | T:399535 RPD:1
[CH: 50] LEN: 12 | HEX: FA 76 F6 FA 77 D6 95 FA 81 79 BF EF | T:399565 RPD:1
[CH: 50] LEN: 12 | HEX: F2 76 FB F9 74 FD 95 FF 74 77 B6 FC | T:399595 RPD:1
[CH: 50] LEN: 12 | HEX: FA 76 F5 F8 75 FE 95 FF 28 92 BB 75 | T:399625 RPD:1
[CH: 50] LEN: 12 | HEX: FA 76 FE F7 FA FC 95 F7 99 85 BB 7B | T:399655 RPD:1
[CH: 50] LEN: 12 | HEX: FA 76 FE F6 7B DE 95 FF C5 60 BF AF | T:399685 RPD:1
[CH: 50] LEN: 12 | HEX: EA 76 FA F5 70 F6 95 FF 30 6E BF FB | T:399715 RPD:1
[CH: 50] LEN: 12 | HEX: FA 76 F6 F4 79 EA 95 FB BC 8B FD FF | T:399745 RPD:1
[CH: 50] LEN: 12 | HEX: EA 76 F4 F3 7C FE 95 FF DA 72 BF FB | T:399775 RPD:1
[CH: 50] LEN: 12 | HEX: F2 76 EA F2 7D D6 95 FF 86 97 AF FF | T:399805 RPD:1
[CH: 50] LEN: 12 | HEX: FA 76 F6 F1 7C FE 95 EF F3 99 BF FF | T:399835 RPD:1
[CH: 50] LEN: 12 | HEX: F2 76 FE E0 7D FE 95 FF 6F FC BD FB | T:399865 RPD:1
[CH: 50] LEN: 12 | HEX: FA 76 FE EF 62 F6 95 FF 81 96 BB FC | T:399895 RPD:1
[CH: 50] LEN: 12 | HEX: FA 76 FE EE 63 FE 95 D5 9D 73 BF FF | T:399925 RPD:1
[CH: 50] LEN: 12 | HEX: F2 76 F6 ED 60 FA 95 DF 68 79 BF FF | T:399955 RPD:1
[CH: 50] LEN: 12 | HEX: FA 76 F6 EC 61 FE 95 FF 7C 98 BB 6A | T:399985 RPD:1
[CH: 50] LEN: 12 | HEX: F2 76 FE EB 66 FE 95 F5 42 61 BF AF | T:400015 RPD:1
[CH: 50] LEN: 12 | HEX: FA 76 FA EA 67 DE 95 FE 9E 84 BF BD | T:400045 RPD:1
[CH: 50] LEN: 12 | HEX: FA 76 F4 E9 64 FE 95 DE AB 8A AF FF | T:400075 RPD:1
[CH: 50] LEN: 12 | HEX: FA 76 FC E8 65 D4 95 FF 37 6F BF FD | T:400105 RPD:1
[CH: 50] LEN: 12 | HEX: F2 76 FE E7 6A F2 95 D5 06 78 AA D5 | T:400135 RPD:1
[CH: 50] LEN: 12 | HEX: F2 76 FE E6 6B EA 95 FA DA 9D BF FB | T:400165 RPD:1
[CH: 50] LEN: 12 | HEX: F2 76 FE E5 68 EE 95 DD AF 93 BE FF | T:400195 RPD:1
[CH: 50] LEN: 12 | HEX: F2 76 FC E4 69 FE 95 EA A3 76 BF BF | T:400225 RPD:1
[CH: 50] LEN: 12 | HEX: FA 7B FB 00 81 EE 95 FE AF BB BF FE | T:400449 RPD:1
[CH: 50] LEN: 12 | HEX: FA 7B EF 00 81 FE 95 FF BF FD 7F F7 | T:400450 RPD:1
[CH: 50] LEN: 12 | HEX: F9 77 FD FE FE 70 95 D6 76 75 3B 7B | T:400481 RPD:1
[CH: 50] LEN: 12 | HEX: F9 77 FE FD FE 73 95 F5 41 D5 BE FE | T:400484 RPD:1
[CH: 50] LEN: 12 | HEX: F9 77 FD FE FE 70 95 D7 76 7F BF 7D | T:400487 RPD:1
[CH: 50] LEN: 12 | HEX: F9 77 FE FD F6 73 95 FF 61 FD B7 FB | T:400498 RPD:1
[CH: 50] LEN: 12 | HEX: F9 77 DC FE F4 70 95 EE F6 7F B7 FF | T:400498 RPD:0
[CH: 50] LEN: 12 | HEX: E9 77 FC F5 EE 73 95 EF A1 FD B7 5F | T:400509 RPD:1
[CH: 50] LEN: 12 | HEX: F1 77 AE EA F4 70 95 F5 76 7F BF FF | T:400510 RPD:0
[CH: 50] LEN: 12 | HEX: F9 77 FD F9 F6 73 95 D5 01 D5 BF BD | T:400521 RPD:1
[CH: 50] LEN: 12 | HEX: F1 77 BB FE FE 70 95 D7 76 7F AF FB | T:400532 RPD:1
[CH: 50] LEN: 12 | HEX: F9 77 FE FD FE 73 95 FF 41 FD B6 BF | T:400533 RPD:0
[CH: 50] LEN: 12 | HEX: F9 77 EE FE FE 70 95 FF 76 7F BF FF | T:400544 RPD:1
[CH: 50] LEN: 12 | HEX: F1 77 FF FE FA 70 95 F6 F6 7F BB FF | T:400544 RPD:0
[CH: 50] LEN: 12 | HEX: F9 77 EC FD FE 73 B5 FF 41 E9 AF FA | T:400555 RPD:1
[CH: 50] LEN: 12 | HEX: F9 77 FB FE F6 70 95 F7 7E 7F BE BF | T:400567 RPD:1
[CH: 50] LEN: 12 | HEX: F9 77 FD F9 FE 73 95 F7 61 D5 A9 BD | T:400567 RPD:0
[CH: 50] LEN: 12 | HEX: F9 77 BD F4 F4 70 95 FF 76 75 BF F7 | T:400578 RPD:1
[CH: 50] LEN: 12 | HEX: F1 77 BD FD FE 73 95 FF 41 FD AD EB | T:400578 RPD:0
[CH: 50] LEN: 12 | HEX: F1 77 FD FE FE 70 95 ED 76 75 37 BB | T:400590 RPD:1
[CH: 50] LEN: 12 | HEX: F9 77 FA F9 FC 73 95 EA A1 ED BD BF | T:400590 RPD:0
[CH: 50] LEN: 12 | HEX: F9 77 DD FE FE 70 95 FF 76 77 BD 7F | T:400601 RPD:1
[CH: 50] LEN: 12 | HEX: F9 77 F5 FD FE 73 95 D5 21 E9 B5 3F | T:400613 RPD:1
[CH: 50] LEN: 12 | HEX: F9 77 FA F6 F6 70 95 ED 76 75 3F DD | T:400613 RPD:0
[CH: 50] LEN: 12 | HEX: F9 77 FA F5 FE 73 95 DE 81 FD B7 FB | T:400624 RPD:1
[CH: 50] LEN: 12 | HEX: F1 77 AA F5 EC 73 95 EF 41 FD BF DF | T:400624 RPD:0
[CH: 50] LEN: 12 | HEX: F9 77 FA FD FA 70 95 EE F6 7B BF EF | T:400636 RPD:1
[CH: 50] LEN: 12 | HEX: E9 77 6A ED DE 73 95 EF C1 FD AD 76 | T:400636 RPD:0
[CH: 50] LEN: 12 | HEX: F1 77 FF F6 F6 70 95 FE F6 7B BF 7E | T:400647 RPD:1
[CH: 50] LEN: 12 | HEX: E9 77 7A FE F6 70 95 DF 76 7F 6F FF | T:400659 RPD:1
[CH: 50] LEN: 12 | HEX: E9 77 BA FD FD 73 95 EF C1 E9 BF 7E | T:400659 RPD:0
[CH: 50] LEN: 12 | HEX: F9 77 BD FE FE 70 95 FE F6 7B 2D BD | T:400670 RPD:1
[CH: 50] LEN: 12 | HEX: F1 77 F4 EE F6 70 95 FD 76 7F BF BF | T:400670 RPD:0
[CH: 50] LEN: 12 | HEX: F1 77 DA FD FE F3 95 D5 41 A9 BA ED | T:400682 RPD:1
[CH: 50] LEN: 12 | HEX: F9 77 74 FF DE 73 95 FF C1 FD AD DF | T:400693 RPD:1
[CH: 50] LEN: 12 | HEX: F9 77 BA FE FC 70 95 D7 76 7F 3F FF | T:400693 RPD:1
[CH: 50] LEN: 12 | HEX: F9 77 BA FC F6 70 95 FF F6 7F FF EF | T:400705 RPD:1
[CH: 50] LEN: 12 | HEX: F5 77 BE FE FE 70 95 DD 76 7F 6F 6F | T:400705 RPD:0
[CH: 50] LEN: 12 | HEX: F5 77 B4 FE FE 70 95 FE F6 7F BF FF | T:400716 RPD:0
[CH: 50] LEN: 12 | HEX: F9 77 76 FD FD 73 95 FD 41 DD AE BF | T:400722 RPD:1
[CH: 50] LEN: 12 | HEX: F9 77 F6 FD EE 70 95 FD 76 7B 7E FF | T:400725 RPD:1
[CH: 50] LEN: 12 | HEX: F5 77 B6 F5 EF 73 95 FD C1 ED BF FF | T:400737 RPD:1
[CH: 50] LEN: 12 | HEX: F9 77 6A FE FE 70 95 FB 76 7F BD EE | T:400737 RPD:0
[CH: 50] LEN: 12 | HEX: F1 77 F6 FD FC 73 95 DD C1 FD BF 7F | T:400748 RPD:1
[CH: 50] LEN: 12 | HEX: F9 77 B6 FE EA 70 95 FD 76 7E AF FF | T:400760 RPD:1
[CH: 50] LEN: 12 | HEX: F9 77 F4 F5 ED 73 95 ED C1 ED BF EF | T:400760 RPD:0
[CH: 50] LEN: 12 | HEX: F9 77 F6 EE FE 70 95 FE F6 7B BB FD | T:400771 RPD:1
[CH: 50] LEN: 12 | HEX: F5 77 BA FC FE 70 95 FF 76 7F 6F FF | T:400771 RPD:0
[CH: 50] LEN: 12 | HEX: F9 77 BE F5 FD 73 95 FD 41 FD AD FF | T:400783 RPD:1
[CH: 50] LEN: 12 | HEX: F5 77 FA FE ED 70 95 EF 76 75 EE 9D | T:400783 RPD:0
[CH: 50] LEN: 12 | HEX: F1 77 BE FD EF 73 95 FD C1 FD BF FF | T:400794 RPD:1
[CH: 50] LEN: 12 | HEX: F9 77 EE FE EE 70 95 FF 76 7F FB FF | T:400805 RPD:1
[CH: 50] LEN: 12 | HEX: F5 77 F6 FD DC 73 95 FD C1 FD BE EF | T:400806 RPD:0
[CH: 50] LEN: 12 | HEX: F9 77 F6 FE FF 70 95 FB 76 7F 2F D5 | T:400817 RPD:1
[CH: 50] LEN: 12 | HEX: FD 77 FC F5 EF 73 95 FE C1 FD AF FF | T:400817 RPD:0
[CH: 50] LEN: 12 | HEX: F5 77 BC EE EE 70 95 EE 76 7E BB FF | T:400829 RPD:1
[CH: 50] LEN: 12 | HEX: F5 77 7A FD DC 73 95 DF C1 DB B7 FF | T:400829 RPD:0
[CH: 50] LEN: 12 | HEX: F1 77 6E EF EC 70 95 FD 76 7F 6F FF | T:400840 RPD:1
[CH: 50] LEN: 12 | HEX: F1 77 BE FD FD 73 95 FE C1 F9 AF FF | T:400851 RPD:1
[CH: 50] LEN: 12 | HEX: E9 77 FA FD F6 70 95 DE F6 7F 3E FF | T:400852 RPD:0
[CH: 50] LEN: 12 | HEX: F5 77 EA FD FF 73 95 FD 41 DD BB F7 | T:400863 RPD:1
[CH: 50] LEN: 12 | HEX: F5 77 F6 F5 DD 73 95 FD 41 FD BF F5 | T:400863 RPD:0
[CH: 50] LEN: 12 | HEX: F5 77 6E ED FE 70 95 FF 76 7F BE FF | T:400875 RPD:1
[CH: 50] LEN: 12 | HEX: F5 77 F4 FE FE 70 95 DE 76 7F AD FD | T:400875 RPD:0
[CH: 50] LEN: 12 | HEX: F9 77 7E F5 DE 73 95 DF C1 FD BF F7 | T:400886 RPD:1
[CH: 50] LEN: 12 | HEX: E9 77 EE FE FD 70 95 FE 76 76 BB FB | T:400897 RPD:1
[CH: 50] LEN: 12 | HEX: F9 77 EA FD DD 73 95 DB C1 DF AF FF | T:400898 RPD:0
[CH: 50] LEN: 12 | HEX: F1 77 7E F6 FD 70 95 FE 76 7F 6F FD | T:400909 RPD:1
[CH: 50] LEN: 12 | HEX: E9 77 76 F6 FD 70 95 DD 76 7F 7F 7F | T:400909 RPD:0
[CH: 50] LEN: 12 | HEX: E9 77 FE FD FA 73 95 FD C1 DF BE BF | T:400921 RPD:1
[CH: 50] LEN: 12 | HEX: F9 77 FA EA FE 70 95 DF 77 7F BB FF | T:400932 RPD:1
[CH: 50] LEN: 12 | HEX: F1 77 BC ED FA 73 95 D7 C1 D9 AD DF | T:400932 RPD:1
[CH: 50] LEN: 12 | HEX: F9 77 F6 ED EE 70 95 FF 77 7F BF FF | T:400943 RPD:1
[CH: 50] LEN: 12 | HEX: E9 77 5E FB ED 73 95 D7 C1 DD BF 7F | T:400944 RPD:0
[CH: 50] LEN: 12 | HEX: F9 77 F6 EF FF 70 95 FD 76 7F 3F EF | T:400955 RPD:1
[CH: 50] LEN: 12 | HEX: F5 77 7E FD EE 73 95 FD C1 FB BF FD | T:400955 RPD:0
[CH: 50] LEN: 12 | HEX: F5 77 BA ED EE 70 95 FF 76 77 AF 7E | T:400966 RPD:1
[CH: 50] LEN: 12 | HEX: F9 77 7E ED DA 73 95 FD C1 DF BF BF | T:400978 RPD:1
[CH: 50] LEN: 12 | HEX: F9 77 5E FD F6 60 95 FF 76 7B 2E FB | T:400978 RPD:0
[CH: 50] LEN: 12 | HEX: F9 77 7E FD DC 73 95 FA C1 ED BF FF | T:400989 RPD:1
[CH: 50] LEN: 12 | HEX: F9 77 76 F5 DC 73 95 DF C1 FB B7 FD | T:400990 RPD:0
[CH: 50] LEN: 12 | HEX: F1 77 FA FD FE 70 95 FE F6 F5 7F F7 | T:401001 RPD:1
[CH: 50] LEN: 12 | HEX: F9 77 5E FD FE 73 95 DD C1 FB BF B7 | T:401001 RPD:0
[CH: 50] LEN: 12 | HEX: F9 77 FA FF FF 70 95 D5 76 7B 6F FE | T:401012 RPD:1
[CH: 50] LEN: 12 | HEX: F9 77 7A FD FD 73 95 FD C1 DF AF D6 | T:401024 RPD:1
[CH: 50] LEN: 12 | HEX: F9 77 F6 FD F6 70 95 FD 76 76 AD FB | T:401024 RPD:0
[CH: 50] LEN: 12 | HEX: F9 77 6A FD ED 70 95 FF 77 7F 6E FF | T:401035 RPD:1
[CH: 50] LEN: 12 | HEX: FD 77 BE FE FE 70 95 FD 76 77 7F FF | T:401036 RPD:0
[CH: 50] LEN: 12 | HEX: E9 77 B6 FD FC 73 95 DA C1 DB AF FF | T:401047 RPD:1
[CH: 50] LEN: 12 | HEX: F9 77 56 EE F6 70 95 DF 76 7B BF FF | T:401058 RPD:1
[CH: 50] LEN: 12 | HEX: F9 77 7A FD DE 73 95 FD C1 F9 BF BF | T:401058 RPD:0
[CH: 50] LEN: 12 | HEX: E9 77 D6 FD FD 73 95 DD C1 FF AB FF | T:401070 RPD:1
[CH: 50] LEN: 12 | HEX: E9 77 FA F6 FE 70 95 DF 76 77 3D 7E | T:401070 RPD:1
[CH: 50] LEN: 12 | HEX: F9 77 F6 E9 DD 73 95 DD C1 DF BF D7 | T:401081 RPD:1
[CH: 50] LEN: 12 | HEX: F5 77 56 FD F6 F0 95 FE 76 7F BF FF | T:401082 RPD:0
[CH: 50] LEN: 12 | HEX: F1 77 7A FD DD 73 95 DA C1 FD BF FF | T:401093 RPD:1
[CH: 50] LEN: 12 | HEX: ED 77 F6 FD FC 73 95 FD C1 DD BF EF | T:401104 RPD:1
[CH: 50] LEN: 12 | HEX: E9 77 FE FD FE 70 95 FD 76 7E BF FF | T:401104 RPD:0
[CH: 50] LEN: 12 | HEX: E9 77 F6 ED DD 73 95 FE C1 F9 AF FB | T:401116 RPD:1
[CH: 50] LEN: 12 | HEX: F9 77 F6 FD FD 73 95 FD C1 DD BD FF | T:401116 RPD:0
[CH: 50] LEN: 12 | HEX: F9 77 BE FE FE 70 95 FD 76 7B AF FF | T:401127 RPD:1
[CH: 50] LEN: 12 | HEX: F1 77 BA ED FA 73 95 FE C1 FD BE F7 | T:401128 RPD:0
[CH: 50] LEN: 12 | HEX: F5 77 FE EE FD 70 95 FF 77 7F AD DF | T:401139 RPD:1
[CH: 50] LEN: 12 | HEX: F9 77 B6 ED ED 73 95 FE C1 DD BF EA | T:401150 RPD:0
[CH: 50] LEN: 12 | HEX: F9 77 7E FF FF 70 95 DD 76 7F 7B FF | T:401150 RPD:0
[CH: 50] LEN: 12 | HEX: F9 77 7E ED ED 70 95 FD 76 77 2F BE | T:401162 RPD:1
[CH: 50] LEN: 12 | HEX: E9 77 F7 00 00 71 95 EE C9 06 AF EE | T:401197 RPD:1
[CH: 50] LEN: 12 | HEX: F8 6D DD 00 FF FE 95 EE E0 9C BF 76 | T:401227 RPD:1
[CH: 50] LEN: 12 | HEX: F0 6D DE 00 FE FE 95 FD 60 9C BD DF | T:401228 RPD:1
[CH: 50] LEN: 12 | HEX: F5 77 FA 00 00 71 95 FE C9 06 AB FF | T:401496 RPD:1
[CH: 50] LEN: 12 | HEX: F9 77 77 00 00 71 95 DE C9 06 BF FF | T:401497 RPD:1
[CH: 50] LEN: 12 | HEX: F8 6D EF 00 EE F6 95 FA 60 9C AF FF | T:401527 RPD:1
[CH: 50] LEN: 12 | HEX: F8 6D EF 00 FC F6 95 FD 60 9C AB DF | T:401528 RPD:1
[CH: 50] LEN: 12 | HEX: F9 77 77 00 00 71 95 DF C9 06 AF 7B | T:401796 RPD:1
[CH: 50] LEN: 12 | HEX: FC 6D F7 00 EE FC 95 FE E0 9C BF FF | T:401827 RPD:1
[CH: 50] LEN: 12 | HEX: F4 6D DF 00 FE FE 95 ED 60 9C BF B7 | T:401827 RPD:1
[CH: 50] LEN: 12 | HEX: F5 77 B7 00 00 71 95 FD C9 07 BF FB | T:402096 RPD:1
[CH: 50] LEN: 12 | HEX: F9 77 AB 00 00 71 95 FD C9 06 BF 6F | T:402097 RPD:1
[CH: 50] LEN: 12 | HEX: F8 6D ED 00 FD FE 95 DF 60 9C BF FD | T:402126 RPD:1
[CH: 50] LEN: 12 | HEX: F4 6D FD 00 F4 FE 95 EF 60 9C BD DE | T:402127 RPD:1
[CH: 50] LEN: 12 | HEX: FA 76 F7 00 8C FD 95 ED 3C 73 BF FE | T:402320 RPD:1
[CH: 50] LEN: 12 | HEX: F2 76 F6 80 8C F6 95 FE 3C 73 BF FF | T:402321 RPD:1
[CH: 50] LEN: 12 | HEX: FA 76 EF FA 73 DC 95 DD C2 8E BF EF | T:402351 RPD:1
[CH: 50] LEN: 12 | HEX: FA 76 FC FB 70 FD 95 FE B7 00 BF FA | T:402354 RPD:1
[CH: 50] LEN: 12 | HEX: F2 76 EE FC 71 FD 95 DB 6B 65 AD BF | T:402359 RPD:1
[CH: 50] LEN: 12 | HEX: FA 76 FF F7 76 F7 95 DE 5D 9C AE FC | T:402389 RPD:1
[CH: 50] LEN: 12 | HEX: F6 76 FA F6 77 B6 95 FD 01 79 AF BF | T:402419 RPD:1
[CH: 50] LEN: 12 | HEX: F6 76 FE E9 74 F6 95 FA F4 77 3F FE | T:402449 RPD:1
[CH: 50] LEN: 12 | HEX: F2 76 FD E7 76 EE 95 DB 99 85 B7 FF | T:402509 RPD:1
[CH: 50] LEN: 12 | HEX: F6 76 EE F6 77 FC 95 EF 45 60 BB FF | T:402539 RPD:1
[CH: 50] LEN: 12 | HEX: F2 76 FB F5 78 FE 95 EE B0 6E BB FF | T:402569 RPD:1
[CH: 50] LEN: 12 | HEX: F2 76 FE F4 79 F4 95 FF 6C 8B B7 EF | T:402599 RPD:1
[CH: 50] LEN: 12 | HEX: F2 76 FE F3 7B FC 95 FF BA 72 BF FF | T:402629 RPD:1
[CH: 50] LEN: 12 | HEX: FA 76 FA F1 7C FE 95 DF 73 99 B7 FF | T:402689 RPD:1
[CH: 50] LEN: 12 | HEX: F2 76 FE F0 79 D4 95 F7 2F 7C B7 FF | T:402719 RPD:0
[CH: 50] LEN: 12 | HEX: FA 76 FE EF 62 FE 95 F7 01 96 BF 6E | T:402749 RPD:0
[CH: 50] LEN: 12 | HEX: FA 76 FC EE 63 FE 95 EB DD 73 BF AB | T:402778 RPD:0
[CH: 50] LEN: 12 | HEX: F2 76 FE ED 60 F4 95 FE E8 75 BF FF | T:402808 RPD:0
[CH: 50] LEN: 12 | HEX: F2 7E F5 EC 61 F6 95 FF 74 98 BE FF | T:402838 RPD:0
[CH: 50] LEN: 12 | HEX: FA 76 FE EB 66 FE 95 FD 42 61 BF EF | T:402869 RPD:0
[CH: 50] LEN: 12 | HEX: FA 76 FE EA 67 FE 95 FF 9E 84 AF EB | T:402899 RPD:1
[CH: 50] LEN: 12 | HEX: FA 76 EA E9 64 FE 95 FF AB 8A B7 FF | T:402928 RPD:1
[CH: 50] LEN: 12 | HEX: F2 76 FE E8 65 EA 95 F7 37 6F 3A B7 | T:402958 RPD:1
[CH: 50] LEN: 12 | HEX: F2 76 FA E7 6A FE 95 FF 86 70 BB FF | T:402988 RPD:1
[CH: 50] LEN: 12 | HEX: F2 7E FC E6 6B FE 95 EF 5A 9F B7 75 | T:403018 RPD:1
[CH: 50] LEN: 12 | HEX: FA 76 F4 E5 68 FE 95 FF 2F 93 FF FF | T:403048 RPD:1
[CH: 50] LEN: 12 | HEX: FA 7E EE E4 69 ED 95 FF 53 76 BF FF | T:403078 RPD:1
[CH: 50] LEN: 12 | HEX: FA 76 F4 E3 6E FE 95 F7 A5 8F B7 ED | T:403108 RPD:1
[CH: 50] LEN: 12 | HEX: FA 76 FE E2 6F FE 95 FF 19 6A AC FF | T:403138 RPD:1
[CH: 50] LEN: 12 | HEX: FA 76 F4 E1 6C FC 95 EF 6C 64 AE FF | T:403168 RPD:1
[CH: 50] LEN: 12 | HEX: FA 76 FE E0 6D FE 95 FF B0 81 B7 FD | T:403198 RPD:1
[CH: 50] LEN: 12 | HEX: EA 76 F4 DE 52 EE 95 F7 21 91 BF FF | T:403228 RPD:1
[CH: 50] LEN: 12 | HEX: F6 76 FA FC 73 ED 95 F5 C2 8E BF DF | T:403258 RPD:1
[CH: 50] LEN: 12 | HEX: F2 76 FC FD 70 FA 95 FD B7 80 BE FF | T:403262 RPD:1
[CH: 50] LEN: 12 | HEX: FA 76 ED E8 71 FC 95 FF 6B 65 BF FD | T:403292 RPD:1
[CH: 50] LEN: 12 | HEX: FA 76 FA FB 76 FE 95 EB 5D 9C BF 52 | T:403322 RPD:1
[CH: 50] LEN: 12 | HEX: FA 76 FE FA 77 FE 95 FF C1 79 B7 FE | T:403352 RPD:1
[CH: 50] LEN: 12 | HEX: FA 76 FE F1 74 F6 95 EE A4 77 BF 77 | T:403382 RPD:1
[CH: 50] LEN: 12 | HEX: FA 76 FA F8 75 FE 95 FF 28 92 BF 7B | T:403412 RPD:1
[CH: 50] LEN: 12 | HEX: FA 76 F5 F7 7A FC 95 EE D9 85 BF EF | T:403442 RPD:1
[CH: 50] LEN: 12 | HEX: F2 76 FE F6 7B FE 95 FF 45 60 BF EF | T:403472 RPD:1
[CH: 50] LEN: 12 | HEX: FA 76 F5 F5 78 FD 95 FE B0 6E B7 EB | T:403502 RPD:1
[CH: 50] LEN: 12 | HEX: F2 76 FE F4 79 FE 95 ED 6C 8B BF EF | T:403532 RPD:1
[CH: 50] LEN: 12 | HEX: FA 76 FE F3 7E EA 95 EB 5A 72 BF BF | T:403562 RPD:1
[CH: 50] LEN: 12 | HEX: F2 76 FA F2 7D 7E 95 F6 06 97 B5 EF | T:403592 RPD:1
[CH: 50] LEN: 12 | HEX: FA 76 FE F1 78 FE 95 EF 73 99 AF FB | T:403622 RPD:1
[CH: 50] LEN: 12 | HEX: FA 76 FA F8 7D FE 95 F7 AF 7A BE F7 | T:403652 RPD:1
[CH: 50] LEN: 12 | HEX: FA 76 FE EF 62 FE 95 FF 01 96 BF F7 | T:403682 RPD:1
[CH: 50] LEN: 12 | HEX: FA 76 FE EE 63 EA 95 F7 7D 73 BB FF | T:403712 RPD:1
[CH: 50] LEN: 12 | HEX: F6 76 F4 ED 60 FE 95 FB 28 75 BF FF | T:403742 RPD:1
[CH: 50] LEN: 12 | HEX: FA 76 EE EC 61 EA 95 FE 74 98 BF AB | T:403772 RPD:1
[CH: 50] LEN: 12 | HEX: FA 76 FA EB 66 FA 95 F6 C2 61 B7 BE | T:403802 RPD:1
[CH: 50] LEN: 12 | HEX: F2 76 FE EA 67 FE 95 FF 9E 84 AF DF | T:403832 RPD:1
[CH: 50] LEN: 12 | HEX: EA 76 FC E9 64 FA 95 FF CB 8A BB FF | T:403862 RPD:1
[CH: 50] LEN: 12 | HEX: FA 76 FE E8 65 FD 95 DA 37 EF BB FE | T:403892 RPD:1
[CH: 50] LEN: 12 | HEX: F2 76 FC E7 6A F4 95 6F 86 70 BE FF | T:403922 RPD:1
[CH: 50] LEN: 12 | HEX: F2 7B FE 00 81 FE 95 D7 4E B5 B7 BB | T:404140 RPD:1
[CH: 50] LEN: 12 | HEX: EA 7B FF 00 81 FE 95 FF EF AA 7B FD | T:404140 RPD:1
[CH: 50] LEN: 12 | HEX: F9 77 FE EA F6 70 95 FF 76 7D AB 7F | T:404171 RPD:1
[CH: 50] LEN: 12 | HEX: F5 77 FB FD FD 73 95 DA 81 A9 BD ED | T:404174 RPD:1
[CH: 50] LEN: 12 | HEX: F9 77 FD FE FE 78 95 D5 76 7B BF 7F | T:404177 RPD:1
[CH: 50] LEN: 12 | HEX: F9 77 FF F5 FE 73 95 FF A1 FD BF FF | T:404188 RPD:1
[CH: 50] LEN: 12 | HEX: F9 77 FF FE FE 70 95 F7 76 7F BF FF | T:404189 RPD:0
[CH: 50] LEN: 12 | HEX: F9 77 FE FD FA 73 95 FF E1 F7 BD F9 | T:404200 RPD:1
[CH: 50] LEN: 12 | HEX: F9 77 FE FE FE 70 95 FF 76 7B 35 FB | T:404200 RPD:0
[CH: 50] LEN: 12 | HEX: F9 77 FA EB F6 73 95 FF 61 FD BF FF | T:404212 RPD:1
[CH: 50] LEN: 12 | HEX: F9 77 D4 FE FE 70 95 FB 76 7B BF FF | T:404223 RPD:1
[CH: 50] LEN: 12 | HEX: F9 77 FE F5 FE 73 95 D2 81 5D BB FB | T:404223 RPD:0
[CH: 50] LEN: 12 | HEX: F9 77 DE FE FE 70 95 FF 76 7F BF DF | T:404234 RPD:1
[CH: 50] LEN: 12 | HEX: F5 77 FB FA FE 70 95 EB 76 7E BF DF | T:404235 RPD:0
[CH: 50] LEN: 12 | HEX: F1 77 BD FD FE 73 95 F6 81 FD BF D7 | T:404246 RPD:1
[CH: 50] LEN: 12 | HEX: F9 77 D6 F4 FE 70 95 FF 76 7B BF 7D | T:404257 RPD:1
[CH: 50] LEN: 12 | HEX: F9 77 FE FD F6 73 95 FA C1 F5 B6 BE | T:404258 RPD:0
[CH: 50] LEN: 12 | HEX: F9 77 FD FC FC 70 95 FF 76 7F BF BF | T:404269 RPD:1
[CH: 50] LEN: 12 | HEX: F9 77 FD F7 FE 73 95 FF 81 F9 AB F7 | T:404269 RPD:0
[CH: 50] LEN: 12 | HEX: F1 77 FD F4 FE 70 95 FD F6 7D 3F 7F | T:404280 RPD:1
[CH: 50] LEN: 12 | HEX: F1 77 AC E9 FE 73 95 D7 41 EB AF E9 | T:404281 RPD:0
[CH: 50] LEN: 12 | HEX: F9 77 EA FE FE 70 95 F4 F6 75 BE BA | T:404292 RPD:1
[CH: 50] LEN: 12 | HEX: F1 77 FD FD FE 73 95 EE 81 F5 BF BF | T:404303 RPD:1
[CH: 50] LEN: 12 | HEX: F9 77 EE FE FE 70 95 FF 76 7F BE FF | T:404304 RPD:0
[CH: 50] LEN: 12 | HEX: F9 77 BD FD F4 73 95 FF 41 F9 BF F6 | T:404315 RPD:1
[CH: 50] LEN: 12 | HEX: F9 77 FE FD FD 73 95 F5 A1 FD BB BF | T:404315 RPD:0
[CH: 50] LEN: 12 | HEX: F9 77 D4 FA FE 70 95 D5 76 6B 36 FE | T:404326 RPD:1
[CH: 50] LEN: 12 | HEX: F1 77 FE F9 EE 73 95 FF 61 E9 BF AF | T:404327 RPD:0
[CH: 50] LEN: 12 | HEX: F9 77 DB F6 FA 70 95 D5 76 75 37 D7 | T:404338 RPD:1
[CH: 50] LEN: 12 | HEX: F1 77 56 EA F5 70 95 EE 76 7D FF EB | T:404349 RPD:1
[CH: 50] LEN: 12 | HEX: F9 77 DC FD EE 73 95 D5 41 D5 BE F7 | T:404350 RPD:0
[CH: 50] LEN: 12 | HEX: F1 77 FF FA FB 70 95 FF 7E 7D BF FF | T:404361 RPD:1
[CH: 50] LEN: 12 | HEX: F9 77 AF F6 FB 70 95 F7 76 7D BF FE | T:404361 RPD:0
[CH: 50] LEN: 12 | HEX: F9 77 FC FD FE 73 95 D2 81 A9 B7 FD | T:404372 RPD:1
[CH: 50] LEN: 12 | HEX: F9 77 FE FA FE 70 95 FE 76 7F BF BA | T:404384 RPD:1
[CH: 50] LEN: 12 | HEX: F1 77 FE F9 EE 73 95 FB C1 FD AF DF | T:404384 RPD:1
[CH: 50] LEN: 12 | HEX: F9 77 FE FE FE 70 95 D7 76 7B B7 EE | T:404395 RPD:1
[CH: 50] LEN: 12 | HEX: F9 77 FD FD EB 73 95 FF 41 FD BD FF | T:404395 RPD:0
[CH: 50] LEN: 12 | HEX: E9 77 6A F5 F4 70 95 F5 76 75 B6 DD | T:404407 RPD:1
[CH: 50] LEN: 12 | HEX: ED 77 FD F9 F6 73 95 FF E1 F1 BB DB | T:404407 RPD:0
[CH: 50] LEN: 12 | HEX: F9 77 FD FE FE 78 95 EA 76 6A B5 EF | T:404418 RPD:1
[CH: 50] LEN: 12 | HEX: F9 77 EA F9 FE 73 95 FF C1 FD BF FF | T:404430 RPD:1
[CH: 50] LEN: 12 | HEX: F9 77 DB FE F6 70 95 FF 6E 7D BF 5F | T:404430 RPD:0
[CH: 50] LEN: 12 | HEX: F9 77 AA FD FA 73 95 EF E1 FD AF EF | T:404441 RPD:0
[CH: 50] LEN: 12 | HEX: F9 77 D4 FD FE 63 95 FD 41 FD BF FF | T:404441 RPD:0
[CH: 50] LEN: 12 | HEX: F9 77 FE F6 FE 70 95 F6 F6 7F 36 AD | T:404453 RPD:0
[CH: 50] LEN: 12 | HEX: F9 77 FE F6 F6 70 95 DD F6 75 3B 7E | T:404453 RPD:0
[CH: 50] LEN: 12 | HEX: F9 77 FE FD EE 73 95 EB C1 D3 BE BB | T:404464 RPD:0
[CH: 50] LEN: 12 | HEX: F1 77 DE FC FA 70 95 FF 76 7B BF F6 | T:404476 RPD:0
[CH: 50] LEN: 12 | HEX: F9 77 D4 FD FA 73 95 FF C1 FB BF FF | T:404476 RPD:0
[CH: 50] LEN: 12 | HEX: F9 77 FE FE FA 70 95 EB 76 7D AF DF | T:404487 RPD:0
[CH: 50] LEN: 12 | HEX: F1 77 DD FE F6 70 95 F7 76 7B BF FF | T:404487 RPD:0
[CH: 50] LEN: 12 | HEX: F9 77 DC FD FE 73 95 FB C1 FD BF FF | T:404499 RPD:0
[CH: 50] LEN: 12 | HEX: F9 77 5B F6 FA 70 95 FF 76 7A AF FE | T:404499 RPD:0
[CH: 50] LEN: 12 | HEX: F1 77 FD F9 F6 73 95 FF A1 D5 BF DF | T:404510 RPD:0
[CH: 50] LEN: 12 | HEX: F9 77 FE FE FD 70 95 FF 76 7F AB FE | T:404522 RPD:0
[CH: 50] LEN: 12 | HEX: F1 77 B5 F9 F6 73 95 D5 81 55 BF 7E | T:404522 RPD:0
[CH: 50] LEN: 12 | HEX: F1 77 BE EE EA 70 95 D7 66 6A BE D5 | T:404533 RPD:0
[CH: 50] LEN: 12 | HEX: F9 77 FE FD DE 73 95 FB C1 F5 BD BF | T:404533 RPD:0
[CH: 50] LEN: 12 | HEX: F9 77 55 F6 EC 70 95 FF F6 7D FF 7F | T:404545 RPD:0
[CH: 50] LEN: 12 | HEX: F1 77 FD FB FE 73 95 FF A1 D5 B7 FF | T:404556 RPD:0
[CH: 50] LEN: 12 | HEX: F9 77 DD FB FE 70 95 FE F6 7A BF 7E | T:404556 RPD:0
[CH: 50] LEN: 12 | HEX: F9 77 D4 FD EA 73 95 F5 C1 E9 AF 7F | T:404568 RPD:0
[CH: 50] LEN: 12 | HEX: F9 77 EE F7 FE 73 95 EA 81 D5 AE B9 | T:404568 RPD:0
[CH: 50] LEN: 12 | HEX: F1 77 F5 FE FE 70 95 FF F6 7F B7 DF | T:404579 RPD:0
[CH: 50] LEN: 12 | HEX: F9 77 FE FD F6 73 95 FF A1 F9 BF D7 | T:404579 RPD:0
[CH: 50] LEN: 12 | HEX: F1 77 FE F6 F6 70 95 FF 76 7F BF DF | T:404591 RPD:0
[CH: 50] LEN: 12 | HEX: F9 77 DE F5 EA 73 95 FF C1 EB AF FF | T:404602 RPD:0
[CH: 50] LEN: 12 | HEX: F1 77 FD FE FC 70 95 F7 76 77 BF EB | T:404602 RPD:0
[CH: 50] LEN: 12 | HEX: E9 77 FE FD FE 7B 95 FF 61 F9 B7 7A | T:404614 RPD:0
[CH: 50] LEN: 12 | HEX: F1 77 FE F5 FE 70 95 FF 76 75 BF FB | T:404614 RPD:0
[CH: 50] LEN: 12 | HEX: F9 77 FE FD EA 73 95 D7 C1 F1 BF C8 | T:404625 RPD:0
[CH: 50] LEN: 12 | HEX: F9 77 FE FE FE 70 95 FF 76 7F BF 5E | T:404625 RPD:0
[CH: 50] LEN: 12 | HEX: F9 77 FE FD FE 73 95 EB 41 A9 B7 7D | T:404637 RPD:0
[CH: 50] LEN: 12 | HEX: F9 77 FD FE FE 70 95 FF 76 7B 3F 7F | T:404648 RPD:0
[CH: 50] LEN: 12 | HEX: F9 77 FE F5 FD 73 95 FF C1 FD BD BA | T:404648 RPD:0
[CH: 50] LEN: 12 | HEX: E9 77 FA FC EC 70 95 F7 76 7F B6 B7 | T:404660 RPD:0
[CH: 50] LEN: 12 | HEX: F9 77 FE FE FE 70 95 EF 76 7D BF EF | T:404660 RPD:0
[CH: 50] LEN: 12 | HEX: F9 77 A9 E9 EA 73 95 D5 41 F1 B6 D5 | T:404671 RPD:0
[CH: 50] LEN: 12 | HEX: F9 77 FE FA FC 70 95 DF 76 79 35 56 | T:404682 RPD:0
[CH: 50] LEN: 12 | HEX: F9 77 FE F9 FC 73 95 EF 61 FD BE EF | T:404683 RPD:0
[CH: 50] LEN: 12 | HEX: F9 77 FE FD D6 73 95 F7 81 FD BF FF | T:404694 RPD:0
[CH: 50] LEN: 12 | HEX: F9 77 DC FD FE 73 95 FA C1 DD B6 AF | T:404694 RPD:0
[CH: 50] LEN: 12 | HEX: E9 77 AD FE F5 70 95 FF F6 75 AE FB | T:404705 RPD:0
[CH: 50] LEN: 12 | HEX: F9 77 FE F5 FA 73 95 FF 21 F5 BD FF | T:404706 RPD:0
[CH: 50] LEN: 12 | HEX: F9 77 55 FE F6 70 95 FC F6 7B B7 7F | T:404717 RPD:0
[CH: 50] LEN: 12 | HEX: F9 77 BE FD F5 73 95 FF C1 F9 BF 7F | T:404728 RPD:0
[CH: 50] LEN: 12 | HEX: F5 77 FE FE FE 70 95 FF 76 7F BB 7F | T:404729 RPD:0
[CH: 50] LEN: 12 | HEX: E9 77 B4 F5 FC 73 95 FF 81 FB AF 75 | T:404740 RPD:0
[CH: 50] LEN: 12 | HEX: F1 77 F6 FE FE 70 95 FF 76 7A BF FE | T:404740 RPD:0
[CH: 50] LEN: 12 | HEX: F9 77 DC F9 FE 73 95 F7 41 F5 BF FF | T:404751 RPD:0
[CH: 50] LEN: 12 | HEX: F1 77 FF FE FA 70 95 FF F6 7F BE FF | T:404752 RPD:0
[CH: 50] LEN: 12 | HEX: F5 77 FE F9 EA 73 95 FF C1 FD B7 3A | T:404763 RPD:0
[CH: 50] LEN: 12 | HEX: F1 77 FB FE FE 70 95 FF 76 7F BF DF | T:404774 RPD:0
[CH: 50] LEN: 12 | HEX: F9 77 AA FD FC 73 95 FF C1 DD AF DF | T:404775 RPD:0
[CH: 50] LEN: 12 | HEX: F9 77 DE FE FB 70 95 FE F6 7F BF DF | T:404786 RPD:0
[CH: 50] LEN: 12 | HEX: F9 77 5E EB F6 73 95 FE 81 EB BE F7 | T:404786 RPD:0
[CH: 50] LEN: 12 | HEX: F9 77 FE FE FE 70 95 FF 76 7F BE EC | T:404797 RPD:0
[CH: 50] LEN: 12 | HEX: F9 77 FE FC FE 70 95 ED 76 7D AF DF | T:404809 RPD:0
[CH: 50] LEN: 12 | HEX: F9 77 EA F9 FE 73 95 F7 61 FD B7 BF | T:404809 RPD:0
[CH: 50] LEN: 12 | HEX: F9 77 FE FE FE 70 95 FF 76 7D BD F7 | T:404820 RPD:0
[CH: 50] LEN: 12 | HEX: F1 77 FE FD FE 73 95 EE 81 F5 BF EB | T:404821 RPD:0
[CH: 50] LEN: 12 | HEX: F9 77 AA F6 FC 70 95 FE F6 7F BD EF | T:404832 RPD:0
[CH: 50] LEN: 12 | HEX: F1 77 FD F9 FE 73 95 F7 C1 DD BF DF | T:404832 RPD:0
[CH: 50] LEN: 12 | HEX: F1 77 BC FC FC 70 95 FF 76 7F BB F6 | T:404843 RPD:0
[CH: 50] LEN: 12 | HEX: F1 77 5A F5 EA 73 95 FD 41 FD BD 7E | T:404855 RPD:0
[CH: 50] LEN: 12 | HEX: F9 77 FE ED FE 70 95 D5 76 75 36 EE | T:404855 RPD:0
[CH: 50] LEN: 12 | HEX: F1 77 AC FD FE 73 95 EF C1 DD BF F6 | T:404866 RPD:0
[CH: 50] LEN: 12 | HEX: F9 77 DD FD FE 73 95 FF A1 FD AF 57 | T:404867 RPD:0
[CH: 50] LEN: 12 | HEX: F9 77 FC FE FE 70 95 FF 76 7F BF BD | T:404878 RPD:0
[CH: 50] LEN: 12 | HEX: F5 77 FB FE FE 70 95 D6 F6 7E BD B7 | T:404878 RPD:0
[CH: 50] LEN: 12 | HEX: F9 77 FE F9 EA 73 95 DF 81 FD AF D7 | T:404889 RPD:0
[CH: 50] LEN: 12 | HEX: F9 77 FE F5 FB 70 95 FF 76 7D 7D 76 | T:404901 RPD:0
[CH: 50] LEN: 12 | HEX: F9 77 FE FD F6 73 95 F7 E1 FD BF 6F | T:404901 RPD:0
[CH: 50] LEN: 12 | HEX: F9 77 FC FE FE 70 95 D2 E6 6A B7 FE | T:404912 RPD:0
[CH: 50] LEN: 12 | HEX: F9 7F EE FE F5 70 95 FF 76 7F BD F7 | T:404912 RPD:0
[CH: 50] LEN: 12 | HEX: F1 77 FD F9 F6 73 95 EF 61 FD BF DB | T:404924 RPD:0
[CH: 50] LEN: 12 | HEX: F9 77 FE FE FE 70 95 FF 76 7E BF DD | T:404924 RPD:0
[CH: 50] LEN: 12 | HEX: ED 77 FC F5 FE 73 95 FF C1 ED BE AD | T:404935 RPD:0
[CH: 50] LEN: 12 | HEX: F9 77 EE F6 FE 70 95 F5 76 7F B7 FA | T:404947 RPD:0
[CH: 50] LEN: 12 | HEX: F9 77 DD FD F5 73 95 F7 C1 F9 BF FB | T:404947 RPD:0
[CH: 50] LEN: 12 | HEX: F1 77 FC FE FE 70 95 DE 7E 7B BF 7E | T:404958 RPD:0
[CH: 50] LEN: 12 | HEX: F9 77 FE F9 FE 73 D5 AF C1 D9 BF FF | T:404958 RPD:0
[CH: 50] LEN: 12 | HEX: F9 77 EE F6 F4 70 95 D5 76 75 35 2B | T:404970 RPD:0
[CH: 50] LEN: 12 | HEX: F9 77 D5 FC FC 70 95 EB 76 7F BF FF | T:404981 RPD:0
[CH: 50] LEN: 12 | HEX: F1 77 FE FD EE 73 95 FE 81 FD AF FF | T:404981 RPD:0
[CH: 50] LEN: 12 | HEX: F9 77 BE FD F4 73 95 FF C1 FD BF F7 | T:404993 RPD:0
[CH: 50] LEN: 12 | HEX: F9 77 FE FD F4 73 95 FF A1 FD BE EF | T:404993 RPD:0
[CH: 50] LEN: 12 | HEX: F9 77 FE FE FA 70 95 FE F6 7F BB 77 | T:405004 RPD:0
[CH: 50] LEN: 12 | HEX: E9 77 FD FD EE 73 D5 FF C1 FD BF AF | T:405007 RPD:0
[CH: 50] LEN: 12 | HEX: F9 77 FE FE FE 70 95 FE 76 7D B7 DB | T:405018 RPD:0
[CH: 50] LEN: 12 | HEX: ED 77 DE FD F5 73 95 F5 41 D3 BB B9 | T:405018 RPD:0
[CH: 50] LEN: 12 | HEX: F9 77 54 EE F6 70 95 FF 76 7F BF BF | T:405029 RPD:0
[CH: 50] LEN: 12 | HEX: F9 77 EE EB F6 73 95 F7 81 F9 BF DF | T:405041 RPD:0
[CH: 50] LEN: 12 | HEX: F9 77 BC FE EA 70 95 FF 76 7A BE BF | T:405041 RPD:0
[CH: 50] LEN: 12 | HEX: A9 77 FE 00 00 71 95 57 A9 06 BD BF | T:405062 RPD:0
[CH: 50] LEN: 12 | HEX: F9 77 FE 00 00 71 95 AA 09 06 BF DB | T:405063 RPD:0
[CH: 50] LEN: 12 | HEX: F0 6D FF 00 FE FE 95 FE E0 9C B5 EB | T:405093 RPD:0
[CH: 50] LEN: 12 | HEX: E8 6D EB 00 FB FE 95 FF 60 9C BB BB | T:405093 RPD:0
[CH: 50] LEN: 12 | HEX: F1 77 AF 00 00 71 95 EB C9 06 BF CF | T:405362 RPD:1
[CH: 50] LEN: 12 | HEX: ED 77 F7 00 00 71 95 EF C9 06 BF FD | T:405363 RPD:1
[CH: 50] LEN: 12 | HEX: F8 6D D7 00 EF FA 95 EE 60 9C BF FF | T:405392 RPD:1
[CH: 50] LEN: 12 | HEX: F9 77 FB 00 00 71 95 FD C9 06 BF FF | T:405662 RPD:1
[CH: 50] LEN: 12 | HEX: F8 6D F7 00 EE FA 95 EF E0 9D BE E9 | T:405692 RPD:1
[CH: 50] LEN: 12 | HEX: F0 6D ED 00 F6 FE 95 F7 60 9C BF FF | T:405693 RPD:1
[CH: 50] LEN: 12 | HEX: F5 77 FF 00 00 71 95 ED C9 06 BF FE | T:405961 RPD:1
[CH: 50] LEN: 12 | HEX: F5 77 BB 00 00 71 95 B5 C9 04 AB EF | T:405962 RPD:1
[CH: 50] LEN: 12 | HEX: F8 6D ED 00 FE EA 95 FD 60 9C AF FF | T:405992 RPD:1
[CH: 50] LEN: 12 | HEX: F4 6D FF 00 FE FD 95 DD 60 9C BE FF | T:405993 RPD:1
[CH: 50] LEN: 12 | HEX: F5 77 6F 00 00 71 95 FB C9 06 BF BF | T:406261 RPD:1
[CH: 50] LEN: 12 | HEX: F1 77 BB 00 00 71 95 DD C9 06 B3 AF | T:406262 RPD:1
[CH: 50] LEN: 12 | HEX: F4 6D DD 00 EE F4 95 FB 60 9C BF FF | T:406292 RPD:1
[CH: 50] LEN: 12 | HEX: F0 6D EF 00 FA FD 95 D6 60 9C BE EF | T:406293 RPD:1
[CH: 50] LEN: 12 | HEX: E9 77 77 00 00 79 95 DF C9 06 BF DE | T:406561 RPD:1
[CH: 50] LEN: 12 | HEX: F9 77 FB 00 00 71 95 FF C9 06 B7 7D | T:406562 RPD:1
[CH: 50] LEN: 12 | HEX: F4 6D FD 00 F6 F6 95 FF 60 9C BF FF | T:406592 RPD:1
[CH: 50] LEN: 12 | HEX: F0 6D EF 00 EE FE 95 EE 60 9C BF 7F | T:406592 RPD:1
[CH: 50] LEN: 12 | HEX: F6 76 F7 00 8C F6 95 FA 38 73 3F FB | T:406826 RPD:1
[CH: 50] LEN: 12 | HEX: F6 76 FF 00 8C EF 95 DA 3C 73 BF BF | T:406826 RPD:1
[CH: 50] LEN: 12 | HEX: F6 76 F6 FF 73 DE 95 EE C2 8E BD FF | T:406857 RPD:1
[CH: 50] LEN: 12 | HEX: F6 76 EE F5 78 EF 95 EE B7 80 BA F7 | T:406860 RPD:1
[CH: 50] LEN: 12 | HEX: EA 76 EA FC 71 DA 95 DA 6B 65 B7 FB | T:406863 RPD:1
[CH: 50] LEN: 12 | HEX: F6 76 F6 F7 76 EE 95 FE DD 9C BE FF | T:406893 RPD:1
[CH: 50] LEN: 12 | HEX: FA 76 EA FA 77 FE 95 DF 81 79 B7 FC | T:406923 RPD:1
[CH: 50] LEN: 12 | HEX: EA 76 F4 F5 74 FE 95 FE F4 77 AF FF | T:406953 RPD:1
[CH: 50] LEN: 12 | HEX: FA 76 FA E8 75 F6 95 DA 28 92 BD FD | T:406983 RPD:1
[CH: 50] LEN: 12 | HEX: F6 76 FA F7 7E EE 95 FE 99 85 BF FB | T:407013 RPD:1
[CH: 50] LEN: 12 | HEX: EA 76 F4 EE 77 BE 95 FD 45 60 BF FD | T:407043 RPD:1
[CH: 50] LEN: 12 | HEX: F6 76 F4 F4 79 FD 95 FD EC 8B BF FF | T:407103 RPD:1
[CH: 50] LEN: 12 | HEX: FA 76 F4 E3 7D FE 95 DF DA 72 BF BF | T:407133 RPD:1
[CH: 50] LEN: 12 | HEX: F6 76 FE F2 7D F6 95 FA 86 97 BF BB | T:407163 RPD:1
[CH: 50] LEN: 12 | HEX: FA 76 FC F1 7C FB 95 F5 F3 99 BD BF | T:407193 RPD:1
[CH: 50] LEN: 12 | HEX: F2 76 FE F0 7D F4 95 F7 AF 7C BF F7 | T:407223 RPD:1
[CH: 50] LEN: 12 | HEX: FA 76 F6 EF 62 F6 95 EF 01 96 BE FA | T:407253 RPD:1
[CH: 50] LEN: 12 | HEX: FA 76 F6 EE 63 F6 95 FF DD 73 3D BB | T:407283 RPD:1
[CH: 50] LEN: 12 | HEX: FA 76 FE EC 61 EE 95 F7 74 98 B7 FF | T:407343 RPD:1
[CH: 50] LEN: 12 | HEX: F2 76 FC EB 66 FE 95 FF C2 61 AB 7F | T:407373 RPD:1
[CH: 50] LEN: 12 | HEX: F2 76 FE EA 67 BE 95 FA 9E 84 B6 F7 | T:407403 RPD:1
[CH: 50] LEN: 12 | HEX: FA 76 FA E8 65 EE 95 F7 37 6F BB FF | T:407463 RPD:1
[CH: 50] LEN: 12 | HEX: F2 76 FE E7 6A E8 95 EA 86 60 BB DE | T:407493 RPD:1
[CH: 50] LEN: 12 | HEX: FA 76 FE E6 6B EA 95 FB 5A 9D BD FD | T:407523 RPD:1
[CH: 50] LEN: 12 | HEX: EA 76 F5 E5 68 F5 95 FF 2F 13 B7 FB | T:407553 RPD:1
[CH: 50] LEN: 12 | HEX: FA 76 FE E4 69 FE 95 FF FB 76 BF FF | T:407583 RPD:1
[CH: 50] LEN: 12 | HEX: FA 76 FC E3 6E FE 95 FD C5 8F BF F6 | T:407613 RPD:1
[CH: 50] LEN: 12 | HEX: F2 76 FE E2 6F FD 95 FF 19 6A BF F7 | T:407643 RPD:0
[CH: 50] LEN: 12 | HEX: F2 76 EE E1 6C EA 95 F5 6C 64 BF FF | T:407673 RPD:0
[CH: 50] LEN: 12 | HEX: F2 76 FA A0 6D FE 95 EB B0 81 BF DD | T:407703 RPD:0
[CH: 50] LEN: 12 | HEX: FA 76 FE DF 52 FE 95 FD 21 91 B5 FF | T:407733 RPD:0
[CH: 50] LEN: 12 | HEX: FA 7E F4 F6 73 FD 95 F5 62 8E BF 7E | T:407763 RPD:0
[CH: 50] LEN: 12 | HEX: FA 76 F6 F8 71 D4 95 DF 6B 65 B7 FF | T:407770 RPD:0
[CH: 50] LEN: 12 | HEX: EE 76 FB FB 76 FC 95 EB 5D 9C BF 6F | T:407800 RPD:0
[CH: 50] LEN: 12 | HEX: F2 76 EA FA 77 FD 95 F5 01 79 BF DF | T:407830 RPD:0
[CH: 50] LEN: 12 | HEX: F2 76 FE F9 74 FE 95 FF F4 67 BD FF | T:407860 RPD:0
[CH: 50] LEN: 12 | HEX: F2 76 FA F0 75 DE 95 EA 28 92 BB FB | T:407890 RPD:1
[CH: 50] LEN: 12 | HEX: FA 76 FE F7 7A FE 95 EF D9 85 BF FF | T:407920 RPD:0
[CH: 50] LEN: 12 | HEX: FA 76 FE F6 7B FE 95 FF 45 60 B7 BF | T:407950 RPD:0
[CH: 50] LEN: 12 | HEX: F2 76 F7 F5 70 FA 95 F5 30 6E BF BE | T:407980 RPD:0
[CH: 50] LEN: 12 | HEX: FA 76 F5 EC 79 FE 95 55 EC 8B BF DF | T:408010 RPD:0
[CH: 50] LEN: 12 | HEX: F2 76 FA E3 7C F4 95 DE 9A 62 BD 6D | T:408040 RPD:0
[CH: 50] LEN: 12 | HEX: FA 7B DE 00 81 FE 95 F5 4F AD 2E FF | T:408255 RPD:1
[CH: 50] LEN: 12 | HEX: FA 7B BF 80 81 EA 95 F5 EF B5 77 77 | T:408256 RPD:1
[CH: 50] LEN: 12 | HEX: F1 77 DC FE FC 70 95 FF 76 7F BF EF | T:408287 RPD:1
[CH: 50] LEN: 12 | HEX: F1 77 DC FD FE 73 95 FF 41 ED BF 7A | T:408290 RPD:1
[CH: 50] LEN: 12 | HEX: F9 7F EA FE F4 70 95 FD 76 7F BA FF | T:408293 RPD:1
[CH: 50] LEN: 12 | HEX: F1 77 B5 FD EA 73 95 F7 C1 E9 BF BF | T:408304 RPD:1
[CH: 50] LEN: 12 | HEX: FD 77 FE FE FE 70 95 FF 76 7F B7 BF | T:408304 RPD:1
[CH: 50] LEN: 12 | HEX: E9 77 FC F4 F5 70 95 EB 76 7D 2F F7 | T:408316 RPD:1
[CH: 50] LEN: 12 | HEX: F9 77 EE F7 FE 73 95 FF C1 F5 BF FF | T:408316 RPD:0
[CH: 50] LEN: 12 | HEX: F9 77 BE EE FE 70 95 FF 76 7D 37 FF | T:408327 RPD:1
[CH: 50] LEN: 12 | HEX: F9 77 D5 FE FD 70 95 F5 76 7F BD BF | T:408339 RPD:1
[CH: 50] LEN: 12 | HEX: F9 77 FE F5 FE 73 95 D5 21 D5 AD FE | T:408339 RPD:1
[CH: 50] LEN: 12 | HEX: F9 77 DD FA FE 70 95 FF 76 7F 7A FF | T:408350 RPD:1
[CH: 50] LEN: 12 | HEX: F1 77 FE FD FE 73 95 FF C1 FD BF FF | T:408360 RPD:1
[CH: 50] LEN: 12 | HEX: ED 77 DE FE FE 70 95 FB 76 7F BF FF | T:408363 RPD:1
[CH: 50] LEN: 12 | HEX: F1 77 BE F9 FE 73 95 FF C1 F5 AF FF | T:408366 RPD:1
[CH: 50] LEN: 12 | HEX: F1 77 FE FA FE 70 95 FF 76 7F 3F FF | T:408377 RPD:1
[CH: 50] LEN: 12 | HEX: F9 77 DD FB DE 73 95 FB C1 ED BD 7B | T:408377 RPD:0
[CH: 50] LEN: 12 | HEX: F9 77 FE FE FE 70 95 FF 76 7D BF FB | T:408389 RPD:0
[CH: 50] LEN: 12 | HEX: F9 77 FC FD EC 73 95 F7 C1 E3 BD F7 | T:408389 RPD:0
[CH: 50] LEN: 12 | HEX: F9 77 FD FE F6 70 95 EF 76 7F BF FF | T:408400 RPD:1
[CH: 50] LEN: 12 | HEX: F9 77 F4 FD FE 73 95 FF C1 FD BF FF | T:408411 RPD:1
[CH: 50] LEN: 12 | HEX: F9 77 FA FA FE 70 95 FF 76 75 B7 FF | T:408412 RPD:0
[CH: 50] LEN: 12 | HEX: F9 77 EA F5 FA 73 95 FF C1 F9 B5 F7 | T:408423 RPD:1
[CH: 50] LEN: 12 | HEX: F1 77 FC FD FF 73 D5 EF 81 E9 BF FF | T:408423 RPD:0
[CH: 50] LEN: 12 | HEX: F9 77 EA FE FE 70 95 FE F6 77 3B 7E | T:408435 RPD:1
[CH: 50] LEN: 12 | HEX: F9 77 FE F9 FA 73 95 AE 81 D1 B7 FE | T:408446 RPD:1
[CH: 50] LEN: 12 | HEX: F9 77 FE FC FE 70 95 D5 6E 6A BF BA | T:408446 RPD:0
[CH: 50] LEN: 12 | HEX: F9 77 B5 FD FB 73 95 FF 81 F9 BD 7F | T:408457 RPD:1
[CH: 50] LEN: 12 | HEX: F1 77 BB FE F5 70 95 DE 76 7B 7F FF | T:408458 RPD:0
[CH: 50] LEN: 12 | HEX: F9 77 FB FD FE 7B D5 E9 41 D5 BF FE | T:408469 RPD:1
[CH: 50] LEN: 12 | HEX: F9 77 FE F5 F4 70 95 FF 76 7F BD EB | T:408469 RPD:0
[CH: 50] LEN: 12 | HEX: F9 77 AE ED D4 73 95 EF C1 E9 B7 A9 | T:408481 RPD:1
[CH: 50] LEN: 12 | HEX: F1 77 FB F4 FE 70 95 FA 76 7F BB F6 | T:408492 RPD:1
[CH: 50] LEN: 12 | HEX: F9 77 FE F9 FE 73 95 F7 C1 DB BE BF | T:408492 RPD:0
[CH: 50] LEN: 12 | HEX: F9 77 FE EA FE 70 95 FF 76 7D 77 FF | T:408503 RPD:1
[CH: 50] LEN: 12 | HEX: F1 77 FE FE FC 70 95 EE 76 7B BD FD | T:408504 RPD:0
[CH: 50] LEN: 12 | HEX: F9 77 7C FD F6 73 95 FF A1 E9 BF DE | T:408515 RPD:1
[CH: 50] LEN: 12 | HEX: F9 77 FE FA FE 70 95 FF 76 7F B7 FF | T:408515 RPD:0
[CH: 50] LEN: 12 | HEX: F9 77 BC FD FE 73 95 FD A1 FD BE FF | T:408526 RPD:1
[CH: 50] LEN: 12 | HEX: F1 77 BD FD F4 73 95 FF 21 FD BF FF | T:408538 RPD:1
[CH: 50] LEN: 12 | HEX: F9 77 FC F6 F4 70 95 E2 76 6F 7D 6F | T:408538 RPD:0
[CH: 50] LEN: 12 | HEX: F9 77 FD F5 FE 73 95 FF C1 FD AF 77 | T:408549 RPD:1
[CH: 50] LEN: 12 | HEX: F1 77 FE F9 FE 73 95 D5 41 AD BD FB | T:408550 RPD:0
[CH: 50] LEN: 12 | HEX: F9 77 FE FA FE 70 95 FF 76 7A BB FD | T:408561 RPD:1
[CH: 50] LEN: 12 | HEX: F9 77 FA F5 FE 73 95 FF C1 FD BF FF | T:408572 RPD:1
[CH: 50] LEN: 12 | HEX: F9 77 FE FE FE 70 95 FF 76 7D 7F FF | T:408572 RPD:0
[CH: 50] LEN: 12 | HEX: F9 77 BE FD FE 73 95 FF A1 D5 BF BF | T:408584 RPD:1
[CH: 50] LEN: 12 | HEX: F9 77 FE FC FE 70 95 F7 76 7F FF AF | T:408584 RPD:0
[CH: 50] LEN: 12 | HEX: F9 77 FE F9 FE 73 95 F7 81 FD BD FE | T:408595 RPD:1
[CH: 50] LEN: 12 | HEX: F9 77 FD FE FE 70 95 FF 76 7F B5 5B | T:408596 RPD:0
[CH: 50] LEN: 12 | HEX: F9 77 FE FD FE 73 95 FF C1 FD BB FF | T:408607 RPD:0
[CH: 50] LEN: 12 | HEX: F9 77 FC FA FE 70 95 FA F6 7A BF FD | T:408618 RPD:1
[CH: 50] LEN: 12 | HEX: F9 77 D6 F9 FE 73 95 F5 C1 F9 BF DE | T:408618 RPD:0
[CH: 50] LEN: 12 | HEX: F9 77 FE FE FA 70 95 FF 76 7F BE FD | T:408630 RPD:1
[CH: 50] LEN: 12 | HEX: F9 77 FD FE FE 70 95 F7 76 7F BD F3 | T:408630 RPD:0
[CH: 50] LEN: 12 | HEX: F1 77 DE FB FE 73 95 FF C1 E9 B7 F6 | T:408641 RPD:1
[CH: 50] LEN: 12 | HEX: F1 77 FE FE FE 70 95 FF 76 7F BF 7D | T:408642 RPD:0
[CH: 50] LEN: 12 | HEX: F9 77 FA F5 FA 73 95 EF 81 DD BD DB | T:408653 RPD:0
[CH: 50] LEN: 12 | HEX: E9 77 7D FE F6 70 95 EF 76 7F FF FE | T:408664 RPD:1
[CH: 50] LEN: 12 | HEX: F9 77 D4 FD FE 73 95 D5 41 A9 BB 7E | T:408664 RPD:1
[CH: 50] LEN: 12 | HEX: F9 77 FD FC FE 70 95 FF 76 7B BF FF | T:408676 RPD:0
[CH: 50] LEN: 12 | HEX: F9 77 D4 FD FE 73 95 EA 81 AD BF FA | T:408676 RPD:0
[CH: 50] LEN: 12 | HEX: F9 77 EA FE FE 70 95 FF 76 7D BF F7 | T:408687 RPD:0
[CH: 50] LEN: 12 | HEX: F9 77 FE FD FE 73 95 D7 C1 ED BB B5 | T:408699 RPD:0
[CH: 50] LEN: 12 | HEX: F9 77 F6 FE FE 70 95 FF 76 7F BB 7F | T:408699 RPD:0
[CH: 50] LEN: 12 | HEX: F9 77 FF FD FE 73 95 FF C1 EB BF 7F | T:408710 RPD:0
[CH: 50] LEN: 12 | HEX: F9 77 FE FD F6 73 95 FF C1 FD BF FD | T:408712 RPD:0
[CH: 50] LEN: 12 | HEX: F9 77 D6 F5 EA 70 95 F5 76 7F BD DF | T:408723 RPD:0
[CH: 50] LEN: 12 | HEX: F9 77 FE FD F6 73 95 FF 81 E9 BF F7 | T:408735 RPD:0
[CH: 50] LEN: 12 | HEX: F1 77 FE FE FE 70 95 F5 76 7F BF EB | T:408738 RPD:0
[CH: 50] LEN: 12 | HEX: F9 77 FE FD F6 7B 95 FA C1 DD BF DD | T:408741 RPD:0
[CH: 50] LEN: 12 | HEX: F9 77 FE FD FE 73 95 EF 41 F9 B7 FF | T:408764 RPD:0
[CH: 50] LEN: 12 | HEX: E9 77 FE F5 FE 70 95 D7 76 7D B7 6E | T:408767 RPD:0
[CH: 50] LEN: 12 | HEX: F9 77 AE FD F4 73 95 FF C1 FD BD DE | T:408770 RPD:0
[CH: 50] LEN: 12 | HEX: F9 77 FE FE FE 70 95 D5 76 6A BE EF | T:408781 RPD:0
[CH: 50] LEN: 12 | HEX: F9 77 DD F9 FE 73 95 FF C1 ED BB FF | T:408781 RPD:0
[CH: 50] LEN: 12 | HEX: F9 77 D5 FB FD 70 95 F5 76 7E BF FB | T:408792 RPD:0
[CH: 50] LEN: 12 | HEX: F1 7F FE FD FC 7B 95 FF A1 FD AA DF | T:408799 RPD:0
[CH: 50] LEN: 12 | HEX: E9 77 FE F4 F6 70 95 FF 76 7E BF BD | T:408810 RPD:0
[CH: 50] LEN: 12 | HEX: E9 77 D4 ED EA 73 95 E0 41 41 AF AF | T:408810 RPD:0
[CH: 50] LEN: 12 | HEX: F1 77 FD F5 F4 70 95 FF 76 7F BF FB | T:408821 RPD:0
[CH: 50] LEN: 12 | HEX: F9 77 FC EB D6 73 95 F5 81 E9 BF EF | T:408828 RPD:1
[CH: 50] LEN: 12 | HEX: F9 77 AC F5 F4 70 95 FF 76 76 BF FE | T:408831 RPD:0
[CH: 50] LEN: 12 | HEX: F1 77 F4 ED FE 73 95 F4 C1 F5 BC FB | T:408850 RPD:1
[CH: 50] LEN: 12 | HEX: F1 77 FC F4 FB 70 95 FF F6 7F BB EF | T:408854 RPD:1
[CH: 50] LEN: 12 | HEX: F9 77 D4 FD FE 73 95 FF 81 F9 BF B7 | T:408857 RPD:1
[CH: 50] LEN: 12 | HEX: F9 77 FE FC FE 70 95 FF 76 7F B7 7B | T:408868 RPD:1
[CH: 50] LEN: 12 | HEX: F9 77 DE FD F4 73 D5 D2 A1 D5 B7 77 | T:408868 RPD:0
[CH: 50] LEN: 12 | HEX: F9 77 AE FD FD 70 95 D6 66 69 3F FD | T:408879 RPD:1
[CH: 50] LEN: 12 | HEX: F9 77 DE FD FE 73 95 F7 61 F9 3B FF | T:408880 RPD:0
[CH: 50] LEN: 12 | HEX: F1 77 B6 F4 F6 78 95 F7 76 75 BF BF | T:408891 RPD:1
[CH: 50] LEN: 12 | HEX: F9 77 F6 FD EC 73 95 F5 A1 D5 B7 F7 | T:408902 RPD:0
[CH: 50] LEN: 12 | HEX: F9 77 AE FB FC 70 95 F7 76 75 B7 7F | T:408902 RPD:0
[CH: 50] LEN: 12 | HEX: F9 77 BE FD EE 73 95 EF 41 EB BF FF | T:408914 RPD:1
[CH: 50] LEN: 12 | HEX: F1 77 F9 FE F5 70 95 FE F6 7B BD F7 | T:408914 RPD:1
[CH: 50] LEN: 12 | HEX: F9 77 FF FD FA 73 95 F5 81 F9 B7 DF | T:408932 RPD:1
[CH: 50] LEN: 12 | HEX: F9 77 D6 FE F4 70 95 EE 76 7F BF FF | T:408936 RPD:1
[CH: 50] LEN: 12 | HEX: F1 77 B4 FE FD 70 95 EB 76 7F BD 77 | T:408942 RPD:1
[CH: 50] LEN: 12 | HEX: F1 77 FD FD F5 73 95 EA 81 A9 BE B7 | T:408944 RPD:1
[CH: 50] LEN: 12 | HEX: F5 77 7D EC F4 70 95 EA 76 75 3E A4 | T:408956 RPD:1
[CH: 50] LEN: 12 | HEX: F5 77 EA FD FC 73 95 FF 41 FD BD DE | T:408956 RPD:0
[CH: 50] LEN: 12 | HEX: F9 77 AB FE F5 70 95 EE F6 7A FF FF | T:408967 RPD:1
[CH: 50] LEN: 12 | HEX: F9 77 D6 FD D4 73 95 FE 81 DD BF BD | T:408979 RPD:1
[CH: 50] LEN: 12 | HEX: F9 77 7A F6 FE 70 95 F6 F6 77 FF FF | T:408979 RPD:0
[CH: 50] LEN: 12 | HEX: F5 77 BA F7 FE 73 95 FF 41 FD BF F5 | T:408990 RPD:1
[CH: 50] LEN: 12 | HEX: F9 77 FD F5 EA 7B 95 EB 61 D5 AF B2 | T:408990 RPD:0
[CH: 50] LEN: 12 | HEX: F1 77 F5 FE FE 70 95 DE F6 7B AF FF | T:409002 RPD:1
[CH: 50] LEN: 12 | HEX: F1 77 F4 F3 D4 73 95 FF 41 FD BF 7F | T:409002 RPD:0
[CH: 50] LEN: 12 | HEX: F1 77 7A FE FE 70 95 FE F6 7F 7F FF | T:409013 RPD:1
[CH: 50] LEN: 12 | HEX: F1 77 FA F9 FE 73 95 FE 81 FD BF FE | T:409025 RPD:1
[CH: 50] LEN: 12 | HEX: E9 77 54 F6 FE 70 95 FE F6 7D B7 FF | T:409025 RPD:0
[CH: 50] LEN: 12 | HEX: ED 77 DE ED FD 73 95 EB C1 FD BE DF | T:409036 RPD:1
[CH: 50] LEN: 12 | HEX: F9 77 5E F4 F5 78 95 DF 76 7F BF AE | T:409036 RPD:0
[CH: 50] LEN: 12 | HEX: F9 77 76 FD EC 73 95 FE A1 FD BD 56 | T:409048 RPD:1
[CH: 50] LEN: 12 | HEX: F1 77 BA FA F6 70 95 FB 76 7F BF BF | T:409048 RPD:0
[CH: 50] LEN: 12 | HEX: F1 77 EA F5 FE 73 95 F7 C1 FD BF ED | T:409059 RPD:1
[CH: 50] LEN: 12 | HEX: F5 77 FA FE F6 70 95 FE 76 7B BB FF | T:409071 RPD:1
[CH: 50] LEN: 12 | HEX: F1 77 DC FD FE 73 D5 55 41 D5 BF EF | T:409071 RPD:0
[CH: 50] LEN: 12 | HEX: F9 77 BC FE FE 70 95 EB 76 7B 7F 7B | T:409082 RPD:1
[CH: 50] LEN: 12 | HEX: F1 77 7A F6 F6 70 95 F7 76 7F BF EF | T:409082 RPD:0
[CH: 50] LEN: 12 | HEX: F9 77 6A F6 FA 70 95 F6 F6 7A BE FE | T:409094 RPD:1
[CH: 50] LEN: 12 | HEX: E9 77 F4 EE FD 70 95 DD 76 7F 37 DE | T:409105 RPD:1
[CH: 50] LEN: 12 | HEX: E9 77 5E F5 D4 73 95 EB 41 FB BD FF | T:409105 RPD:0
[CH: 50] LEN: 12 | HEX: F9 77 DE F5 FE 73 95 FB 41 FD BE EE | T:409117 RPD:1
[CH: 50] LEN: 12 | HEX: E9 77 B4 F5 FE 73 95 FD 41 DD AB FF | T:409117 RPD:0
[CH: 50] LEN: 12 | HEX: F1 77 FD FD F6 70 95 FD 76 7F BD BF | T:409128 RPD:0
[CH: 50] LEN: 12 | HEX: F9 77 F4 F5 F6 73 95 FD 41 FD AF AF | T:409135 RPD:1
[CH: 50] LEN: 12 | HEX: F1 77 BA F6 FE 70 95 DF 76 77 7B 7F | T:409138 RPD:1
[CH: 50] LEN: 12 | HEX: F5 77 BE F5 EE 73 95 EF C1 E9 BF FF | T:409158 RPD:1
[CH: 50] LEN: 12 | HEX: F5 77 7E FA EE 70 95 FD 76 7F BB BF | T:409179 RPD:1
[CH: 50] LEN: 12 | HEX: F5 77 F4 FD FD 73 95 FE C1 FD ED EF | T:409182 RPD:1
[CH: 50] LEN: 12 | HEX: F5 77 FA FD FE 70 95 FD 76 7B 6F FD | T:409185 RPD:1
[CH: 50] LEN: 12 | HEX: E9 77 D4 F5 FD 73 95 AA 81 55 BF DE | T:409197 RPD:1
[CH: 50] LEN: 12 | HEX: FD 77 BE ED F4 70 95 DD 76 7F 3F FF | T:409197 RPD:0
[CH: 50] LEN: 12 | HEX: F5 77 BA F5 FD 73 95 D5 41 A9 B7 6B | T:409208 RPD:1
[CH: 50] LEN: 12 | HEX: F9 77 FA F4 EA 70 95 F7 76 7D 37 7F | T:409209 RPD:0
[CH: 50] LEN: 12 | HEX: F9 77 DF E9 FE 73 95 FD 41 FD AD FF | T:409220 RPD:1
[CH: 50] LEN: 12 | HEX: F9 77 B4 FE FE 70 95 FD 7E 7F FF FF | T:409231 RPD:1
[CH: 50] LEN: 12 | HEX: F9 77 F4 FD FE 73 95 FF 41 FD BF 7F | T:409231 RPD:0
[CH: 50] LEN: 12 | HEX: F1 77 DE F6 F6 70 95 EB 76 7F BD FF | T:409243 RPD:0
[CH: 50] LEN: 12 | HEX: F5 77 F5 00 00 71 95 DA C9 06 AF 6F | T:409256 RPD:1
[CH: 50] LEN: 12 | HEX: F5 77 DF 00 00 71 95 FD 49 06 BF 7F | T:409256 RPD:1
[CH: 50] LEN: 12 | HEX: E8 6D FE 80 EE FE 95 FD E0 9C BB AE | T:409286 RPD:1
[CH: 50] LEN: 12 | HEX: F4 6D F6 80 FA FE 95 DF 60 9C BB 7B | T:409287 RPD:1
[CH: 50] LEN: 12 | HEX: F5 77 FD 00 00 71 95 55 C9 06 BF 4F | T:409556 RPD:1
[CH: 50] LEN: 12 | HEX: F9 77 DF 00 00 71 95 FD 49 06 BF FF | T:409556 RPD:1
[CH: 50] LEN: 12 | HEX: F0 6D EE 80 FE F5 95 FE E0 9C BF 5F | T:409587 RPD:1
[CH: 50] LEN: 12 | HEX: E9 77 B7 00 00 71 95 EF C9 06 BF DB | T:409856 RPD:1
[CH: 50] LEN: 12 | HEX: ED 77 FF 00 00 71 95 55 C9 06 B7 D7 | T:409856 RPD:1
[CH: 50] LEN: 12 | HEX: F4 6D EF 00 FE F6 95 DD 60 9C BF EF | T:409886 RPD:1
[CH: 50] LEN: 12 | HEX: F8 6D F7 00 EE EA 95 DD 60 9C B7 FF | T:409887 RPD:1
[CH: 50] LEN: 12 | HEX: FD 77 FA 00 00 71 95 FF 49 06 BF FA | T:410155 RPD:1
[CH: 50] LEN: 12 | HEX: E9 77 BB 00 00 71 95 DF C9 06 BB FF | T:410156 RPD:1
[CH: 50] LEN: 12 | HEX: F8 6D EB 00 FE F6 95 FF 60 9C BF FA | T:410186 RPD:1
[CH: 50] LEN: 12 | HEX: FC 6D FD 00 EE F6 95 FE E0 9C BF FE | T:410187 RPD:1
[CH: 50] LEN: 12 | HEX: FA 76 EF 00 8C EE 95 DD 3C 73 3F BE | T:410360 RPD:1
[CH: 50] LEN: 12 | HEX: FA 76 FB 00 8C FD 95 EF 3C 73 BB F5 | T:410361 RPD:1
[CH: 50] LEN: 12 | HEX: EA 76 EE FE 73 FD 95 FF C2 8E BF BF | T:410391 RPD:1
[CH: 50] LEN: 12 | HEX: EA 76 EA FD 70 ED 95 FA B7 40 BF 7D | T:410394 RPD:1
[CH: 50] LEN: 12 | HEX: F6 76 F6 FC 71 FD 95 FE EB 65 BF FF | T:410398 RPD:1
[CH: 50] LEN: 12 | HEX: F2 76 FE FF 76 F6 95 FE DD 9C AB AF | T:410428 RPD:1
[CH: 50] LEN: 12 | HEX: F6 76 F6 EA 77 FA 95 DD 01 7D BE DF | T:410458 RPD:1
[CH: 50] LEN: 12 | HEX: F6 76 FE F5 74 FE 95 EE F4 77 BE BF | T:410488 RPD:1
[CH: 50] LEN: 12 | HEX: FA 76 EE F0 75 ED 95 FF 28 92 BF FF | T:410518 RPD:1
[CH: 50] LEN: 12 | HEX: F2 76 FE F7 7A FE 95 FD 19 85 BF FB | T:410548 RPD:1
[CH: 50] LEN: 12 | HEX: F2 76 FE FE 7B D6 95 FD 45 60 BF EF | T:410578 RPD:1
[CH: 50] LEN: 12 | HEX: FA 76 F6 F5 78 F5 95 D6 B0 6E BF EF | T:410608 RPD:1
[CH: 50] LEN: 12 | HEX: FA 76 EE E4 7D D6 95 DF AC 8B BF F7 | T:410638 RPD:0
[CH: 50] LEN: 12 | HEX: FA 76 FE F3 7E FE 95 D7 5A 72 BB FF | T:410668 RPD:0
[CH: 50] LEN: 12 | HEX: F2 76 FE F2 7F EA 95 F7 06 97 BF FF | T:410698 RPD:0
[CH: 50] LEN: 12 | HEX: FA 76 FE F1 78 FE 95 F5 73 99 BF BA | T:410728 RPD:0
[CH: 50] LEN: 12 | HEX: FA 66 FA E0 79 D4 95 FD 6F 74 BF FF | T:410758 RPD:0
[CH: 50] LEN: 12 | HEX: FA 76 F5 EF 62 FE 95 F7 01 96 AF CE | T:410788 RPD:1
[CH: 50] LEN: 12 | HEX: FA 76 F6 EE 63 D4 95 FD DD 73 BF FD | T:410818 RPD:0
[CH: 50] LEN: 12 | HEX: FA 76 FE ED 60 F6 95 FB 68 79 BF BB | T:410848 RPD:1
[CH: 50] LEN: 12 | HEX: F2 76 EE EC 61 FE 95 FF 74 98 BF 6D | T:410878 RPD:1
[CH: 50] LEN: 12 | HEX: FA 76 FE EB 66 FE 95 F7 42 61 BF FF | T:410908 RPD:1
[CH: 50] LEN: 12 | HEX: F2 76 FE EA 67 DD 95 FF 5E 84 AF 6A | T:410938 RPD:1
[CH: 50] LEN: 12 | HEX: FA 76 FE E9 64 FE 95 FA AB 8A BB FD | T:410968 RPD:0
[CH: 50] LEN: 12 | HEX: FA 76 FE E8 65 F6 95 DA B7 6F 37 EE | T:410998 RPD:1
[CH: 50] LEN: 12 | HEX: FA 76 F6 E7 6A FE 95 D7 86 78 BD FF | T:411028 RPD:0
[CH: 50] LEN: 12 | HEX: FA 76 FE E5 68 EE 95 DE 2F 13 BE BF | T:411088 RPD:0
[CH: 50] LEN: 12 | HEX: FA 76 F5 E4 69 FE 95 5F F3 76 BF FB | T:411118 RPD:0
[CH: 50] LEN: 12 | HEX: F2 76 FE E3 6E FC 95 F7 A5 8F BF FB | T:411148 RPD:0
[CH: 50] LEN: 12 | HEX: EA 76 FE E2 6E BE 95 FE 99 6A BF 7F | T:411178 RPD:0
[CH: 50] LEN: 12 | HEX: F2 76 F6 E1 6C FE 95 FF 6C 64 BF 7F | T:411208 RPD:0
[CH: 50] LEN: 12 | HEX: F2 76 FC E0 6D FE 95 FD 30 81 BF FD | T:411238 RPD:0
[CH: 50] LEN: 12 | HEX: FA 76 FA DF 52 FE 95 FB 21 91 BF F3 | T:411268 RPD:0
[CH: 50] LEN: 12 | HEX: FA 76 FE FE 73 FE 95 EF 42 8E AF EF | T:411298 RPD:0
[CH: 50] LEN: 12 | HEX: FA 76 FA F9 70 F5 95 D2 F6 80 BD 7B | T:411302 RPD:0
[CH: 50] LEN: 12 | HEX: FA 76 FE FC 71 DE 95 F6 6B 65 BF F7 | T:411306 RPD:0
[CH: 50] LEN: 12 | HEX: FA 76 FE FB 76 FA 95 D5 5D 9C AE DF | T:411336 RPD:0
[CH: 50] LEN: 12 | HEX: F2 76 FC FA 77 FE 95 F7 81 79 BF FF | T:411366 RPD:0
[CH: 50] LEN: 12 | HEX: FA 76 FE F9 74 FA 95 FE B4 77 3F FD | T:411396 RPD:0
[CH: 50] LEN: 12 | HEX: FA 56 FE F0 75 F6 95 FF 28 92 BE FB | T:411426 RPD:0
[CH: 50] LEN: 12 | HEX: FA 76 EA F7 7A F9 95 F7 59 85 B7 FE | T:411456 RPD:0
[CH: 50] LEN: 12 | HEX: FA 76 F5 F3 74 EE 95 FE 9A 72 BA CF | T:411576 RPD:0
[CH: 50] LEN: 12 | HEX: EA 76 FE F2 75 FE 95 DD 06 96 B7 DB | T:411606 RPD:0
[CH: 50] LEN: 12 | HEX: FA 76 EA E1 7C FC 95 55 73 99 BE ED | T:411636 RPD:0
[CH: 50] LEN: 12 | HEX: FA 76 EC F0 7D F6 95 FF 2F 7C BD BF | T:411666 RPD:0
[CH: 50] LEN: 12 | HEX: FA 7B EF 00 81 FE 95 FF 4F FD 3D 7F | T:411870 RPD:0
[CH: 50] LEN: 12 | HEX: FA 7B FF 80 81 FE 95 FF EF FA AF FF | T:411871 RPD:1
[CH: 50] LEN: 12 | HEX: F9 77 DE FA FC 70 95 FF 76 7A BF FB | T:411901 RPD:1
[CH: 50] LEN: 12 | HEX: F9 77 FE F9 F4 73 95 FF C1 FB BD FD | T:411904 RPD:0
[CH: 50] LEN: 12 | HEX: F9 77 EE FE EE 70 95 FF 76 7A BF FE | T:411907 RPD:1
[CH: 50] LEN: 12 | HEX: F9 77 7E FD FC 73 95 EE 81 FD BD EE | T:411919 RPD:1
[CH: 50] LEN: 12 | HEX: F1 77 FE F4 FA 70 95 FA F6 7A BF EF | T:411919 RPD:0
[CH: 50] LEN: 12 | HEX: F9 77 DF F9 FE 73 95 F5 A1 FD BF FF | T:411930 RPD:1
[CH: 50] LEN: 12 | HEX: F5 77 7D FD EA 70 95 D5 76 7A BB FE | T:411930 RPD:0
[CH: 50] LEN: 12 | HEX: F9 77 D6 F5 FE 73 95 D7 A1 D5 BF F7 | T:411942 RPD:1
[CH: 50] LEN: 12 | HEX: F9 77 FE FE FC 70 95 EF 76 7E BF BB | T:411953 RPD:1
[CH: 50] LEN: 12 | HEX: F9 77 FE FD FE 73 95 FF C1 F5 BB FB | T:411953 RPD:0
[CH: 50] LEN: 12 | HEX: F1 77 FE FE FE 70 95 EE 76 77 7E FB | T:411965 RPD:1
[CH: 50] LEN: 12 | HEX: F9 77 FA F4 F6 70 95 EF 76 7F 77 DB | T:411965 RPD:0
[CH: 50] LEN: 12 | HEX: F9 77 FE ED FC 73 95 F7 A1 FD BF B7 | T:411976 RPD:1
[CH: 50] LEN: 12 | HEX: F1 77 D6 FE FE 70 95 FE F6 7D B7 FF | T:411987 RPD:1
[CH: 50] LEN: 12 | HEX: F9 77 FE FE FE 70 95 FF 76 7A BB FE | T:411988 RPD:0
[CH: 50] LEN: 12 | HEX: E9 77 FD F4 FE 70 95 FE F6 7F BF F9 | T:411999 RPD:1
[CH: 50] LEN: 12 | HEX: F9 77 ED FB FE 73 95 F7 C1 E9 BF FF | T:411999 RPD:0
[CH: 50] LEN: 12 | HEX: FD 77 BE FE FE 70 95 F5 76 6A DF 7F | T:412011 RPD:1
[CH: 50] LEN: 12 | HEX: F9 77 DE FA F6 70 95 FE F6 7D 77 7D | T:412011 RPD:0
[CH: 50] LEN: 12 | HEX: E9 77 F6 ED EA 73 95 BF C1 FD BF BF | T:412022 RPD:1
[CH: 50] LEN: 12 | HEX: F1 77 DE F5 FF 73 95 FE C1 FD BF B9 | T:412033 RPD:0
[CH: 50] LEN: 12 | HEX: F9 77 FC FE F6 70 95 F7 7E 7B BF DF | T:412034 RPD:0
[CH: 50] LEN: 12 | HEX: E9 77 BE FB FE 73 95 ED 41 E9 BF BF | T:412045 RPD:1
[CH: 50] LEN: 12 | HEX: F9 77 FE FE FC 70 95 D5 76 6A BD F7 | T:412045 RPD:0
[CH: 50] LEN: 12 | HEX: F5 77 F4 FB FD 73 95 EB C1 FD BF FF | T:412057 RPD:1
[CH: 50] LEN: 12 | HEX: E9 77 56 F6 FA 70 95 F5 76 7E FF FF | T:412057 RPD:0
[CH: 50] LEN: 12 | HEX: E9 77 FA F5 FE 73 95 F7 41 F5 BF BF | T:412068 RPD:1
[CH: 50] LEN: 12 | HEX: F1 77 FD EE F4 70 95 DF 76 7B 6F D7 | T:412079 RPD:1
[CH: 50] LEN: 12 | HEX: E9 77 FA FD F4 73 95 EE 81 FD BF 6F | T:412080 RPD:0
[CH: 50] LEN: 12 | HEX: E9 77 7C F4 FE 70 95 EF 76 7F BB FF | T:412091 RPD:1
[CH: 50] LEN: 12 | HEX: E9 77 BD FE EA 70 95 EF F6 7B BF DE | T:412091 RPD:0
[CH: 50] LEN: 12 | HEX: F1 77 F6 F7 FE 73 95 D6 C1 AB AB DB | T:412103 RPD:0
[CH: 50] LEN: 12 | HEX: F9 77 DE F5 FD 73 95 FE C1 FD BF DF | T:412114 RPD:1
[CH: 50] LEN: 12 | HEX: ED 77 BE FD FE 73 95 FF C1 ED BF FF | T:412119 RPD:1
[CH: 50] LEN: 12 | HEX: E9 77 FA FE FC 70 95 DA 76 7F B5 D6 | T:412122 RPD:1
[CH: 50] LEN: 12 | HEX: FD 77 5E F5 FE 7B 95 F7 C1 FD B5 EF | T:412142 RPD:1
[CH: 50] LEN: 12 | HEX: F9 77 FC EA F6 70 95 FE F6 75 BF DF | T:412145 RPD:1
[CH: 50] LEN: 12 | HEX: F9 77 7E ED D4 73 95 AA 81 D5 BD FB | T:412148 RPD:1
[CH: 50] LEN: 12 | HEX: F9 77 76 F6 FE 78 95 EE F6 7B BF FF | T:412159 RPD:1
[CH: 50] LEN: 12 | HEX: E9 77 BD F9 FD 73 95 DE C1 E9 BD F7 | T:412160 RPD:1
[CH: 50] LEN: 12 | HEX: F9 77 FA FD DD 73 95 D5 41 D5 BF BE | T:412177 RPD:1
[CH: 50] LEN: 12 | HEX: ED 77 74 EE FE 70 95 FD 76 7D 3D FB | T:412180 RPD:1
[CH: 50] LEN: 12 | HEX: E9 77 DB FD FD 73 95 EE 81 F9 BF DF | T:412183 RPD:1
[CH: 50] LEN: 12 | HEX: F9 77 FA FA F6 70 95 FF 7E 7F BF FF | T:412194 RPD:1
[CH: 50] LEN: 12 | HEX: E9 77 AE ED FE 73 95 D5 81 D5 AF FF | T:412195 RPD:0
[CH: 50] LEN: 12 | HEX: F9 77 FA FE FE 70 95 DF 76 7B BF DB | T:412206 RPD:1
[CH: 50] LEN: 12 | HEX: F5 77 FA E9 ED 73 95 DE C1 DD BF DB | T:412206 RPD:0
[CH: 50] LEN: 12 | HEX: F9 77 F6 FA F6 70 95 FF 76 77 AA B7 | T:412218 RPD:1
[CH: 50] LEN: 12 | HEX: F9 77 DE E9 FD 73 95 EA C1 F5 BF 7E | T:412229 RPD:1
[CH: 50] LEN: 12 | HEX: F9 77 7A F3 EE 73 95 FE C1 E9 BB FF | T:412229 RPD:0
[CH: 50] LEN: 12 | HEX: F9 77 BC FD FC 73 95 FF 61 FD BF F7 | T:412240 RPD:1
[CH: 50] LEN: 12 | HEX: F9 77 BA FD FD 73 95 D5 41 E9 B7 BD | T:412241 RPD:0
[CH: 50] LEN: 12 | HEX: F1 77 FD F4 FE 70 95 FE F6 7A B7 FF | T:412252 RPD:1
[CH: 50] LEN: 12 | HEX: F9 77 BC F5 FE 73 95 FE C1 FD BF FF | T:412263 RPD:1
[CH: 50] LEN: 12 | HEX: F5 77 FC EE FD 70 95 F7 76 7E BF DE | T:412264 RPD:0
[CH: 50] LEN: 12 | HEX: F9 77 FE F5 DD 73 95 D5 01 A9 BB F5 | T:412275 RPD:1
[CH: 50] LEN: 12 | HEX: F5 77 FC EE F6 70 95 F6 F6 7B 7F 7B | T:412275 RPD:0
[CH: 50] LEN: 12 | HEX: F1 77 FA F5 EE 73 95 EE C1 FD BF FF | T:412286 RPD:1
[CH: 50] LEN: 12 | HEX: E9 77 F6 F6 FE 70 95 F5 76 7B B7 7B | T:412287 RPD:0
[CH: 50] LEN: 12 | HEX: F9 77 AC FD F4 73 95 FE 81 FD BF FD | T:412298 RPD:1
[CH: 50] LEN: 12 | HEX: E9 77 FC FA F6 70 95 FD 76 7B BF FF | T:412309 RPD:1
[CH: 50] LEN: 12 | HEX: F1 77 BA FD EC 73 95 DF C1 F5 BF FD | T:412310 RPD:0
[CH: 50] LEN: 12 | HEX: F1 77 B4 EE F6 70 95 FE F6 7F BB BF | T:412321 RPD:1
[CH: 50] LEN: 12 | HEX: F1 77 F6 F6 FE 70 95 FF F6 7B BB FF | T:412321 RPD:0
[CH: 50] LEN: 12 | HEX: F5 77 74 FD F6 73 95 EA 81 D5 BD BF | T:412332 RPD:1
[CH: 50] LEN: 12 | HEX: E9 77 D6 FA F6 70 95 EE F6 7F 7A EF | T:412333 RPD:0
[CH: 50] LEN: 12 | HEX: F5 77 FD F5 FD 73 95 F7 41 ED BF BB | T:412344 RPD:1
[CH: 50] LEN: 12 | HEX: F9 77 B6 F5 FD 73 95 FE C1 FD BB EE | T:412355 RPD:1
[CH: 50] LEN: 12 | HEX: E9 77 F6 FD F4 73 95 EF C1 FD BF FB | T:412356 RPD:0
[CH: 50] LEN: 12 | HEX: F9 77 FA F5 DA 73 95 FD 41 FD BD FF | T:412367 RPD:1
[CH: 50] LEN: 12 | HEX: E9 77 F4 F5 EE 73 95 FE 81 DD AF FD | T:412367 RPD:0
[CH: 50] LEN: 12 | HEX: F9 77 DC FE FE 70 95 F7 76 7F BF FB | T:412378 RPD:1
[CH: 50] LEN: 12 | HEX: F9 77 EC E9 DD 73 95 FD 41 FD BF FF | T:412390 RPD:1
[CH: 50] LEN: 12 | HEX: F9 77 76 FE EC 70 95 FD 76 7F 3F 57 | T:412390 RPD:1
[CH: 50] LEN: 12 | HEX: F5 77 BE FB FD 73 95 EE C1 ED BE FE | T:412401 RPD:1
[CH: 50] LEN: 12 | HEX: E9 77 F6 EC EE 70 95 DF 76 7B FF DF | T:412401 RPD:0
[CH: 50] LEN: 12 | HEX: F5 77 F4 FD FD 73 95 FD 41 D9 BD FF | T:412413 RPD:1
[CH: 50] LEN: 12 | HEX: F1 77 B4 FE FE 70 95 FE F6 77 AD F7 | T:412413 RPD:0
[CH: 50] LEN: 12 | HEX: E9 77 F4 FB EF 73 95 DF C1 DD BF DF | T:412424 RPD:1
[CH: 50] LEN: 12 | HEX: F9 77 FE FA F6 70 95 D7 76 7F BD FF | T:412436 RPD:1
[CH: 50] LEN: 12 | HEX: F1 77 5A FD FE 73 95 EE C1 E9 BD AF | T:412436 RPD:0
[CH: 50] LEN: 12 | HEX: F5 77 FA F6 F6 70 95 EE F6 7F AE FE | T:412447 RPD:1
[CH: 50] LEN: 12 | HEX: F9 77 F4 FE F6 70 95 FD 66 7F 77 FF | T:412447 RPD:0
[CH: 50] LEN: 12 | HEX: FD 77 F4 FD FD 73 95 FD 41 FD BD DE | T:412459 RPD:1
[CH: 50] LEN: 12 | HEX: E9 77 FA FE FE 70 95 FD 76 7F BD FF | T:412459 RPD:0
[CH: 50] LEN: 12 | HEX: F9 77 76 F9 DF 73 95 FE C1 ED BF DF | T:412470 RPD:1
[CH: 50] LEN: 12 | HEX: F5 77 BE FE FF 70 95 FD 76 77 7F BF | T:412482 RPD:1
[CH: 50] LEN: 12 | HEX: F1 77 F6 F5 ED 73 95 FD C1 F5 BF FF | T:412482 RPD:0
[CH: 50] LEN: 12 | HEX: F5 77 F4 FD EC 73 95 EF C1 FD BF FF | T:412493 RPD:1
[CH: 50] LEN: 12 | HEX: F1 77 DE F5 EE 73 95 AA C1 D5 BD BD | T:412493 RPD:0
[CH: 50] LEN: 12 | HEX: F1 77 B6 FE FC 70 95 D7 76 7A B7 7D | T:412505 RPD:1
[CH: 50] LEN: 12 | HEX: F9 77 DD FB EE 73 95 FD 41 FB B7 FE | T:412505 RPD:0
[CH: 50] LEN: 12 | HEX: E9 77 DA FF F6 70 95 EE 76 7D BF FF | T:412516 RPD:1
[CH: 50] LEN: 12 | HEX: F9 77 5A E9 D6 73 95 EE C1 D5 BF FF | T:412528 RPD:1
[CH: 50] LEN: 12 | HEX: F9 77 FE F6 EC 70 95 FE F6 77 FB F6 | T:412528 RPD:1
[CH: 50] LEN: 12 | HEX: F9 77 76 E9 FB 73 95 EE C1 ED B6 BF | T:412539 RPD:1
[CH: 50] LEN: 12 | HEX: F9 77 FA FE FA 70 95 FE 76 77 F7 F7 | T:412539 RPD:0
[CH: 50] LEN: 12 | HEX: F1 77 FE ED FD 73 95 EE C1 FD BE F7 | T:412551 RPD:1
[CH: 50] LEN: 12 | HEX: F9 77 7E EE FE 70 95 DD 76 7F 7F FF | T:412562 RPD:1
[CH: 50] LEN: 12 | HEX: F5 77 FC F5 FD 73 95 EE C1 FD BB DF | T:412562 RPD:0
[CH: 50] LEN: 12 | HEX: F9 77 F4 F4 FE 70 95 FB 76 7B BB BF | T:412574 RPD:1
[CH: 50] LEN: 12 | HEX: F9 77 DC F6 FE 70 95 DE F6 7F 7F FF | T:412574 RPD:0
[CH: 50] LEN: 12 | HEX: F1 77 F4 F5 EC 73 95 DE C1 FF BB 7F | T:412585 RPD:1
[CH: 50] LEN: 12 | HEX: F5 77 F6 F6 F6 70 95 FD 76 77 EF FF | T:412585 RPD:0
[CH: 50] LEN: 12 | HEX: F9 77 BE F6 FE 70 95 DE 76 7B FF FE | T:412597 RPD:1
[CH: 50] LEN: 12 | HEX: F9 77 76 FE F6 70 95 DD 76 7F 3B 6D | T:412608 RPD:1
[CH: 50] LEN: 12 | HEX: F9 77 BE F5 F6 73 95 DE C1 DD AF FF | T:412608 RPD:0
[CH: 50] LEN: 12 | HEX: F5 77 B4 ED FE 70 95 FD 76 77 7F FF | T:412620 RPD:1
[CH: 50] LEN: 12 | HEX: F5 77 7E FD EC 73 95 FD C1 FD BF FF | T:412620 RPD:0
[CH: 50] LEN: 12 | HEX: F9 77 76 FD FD 70 95 DD 76 77 7B 7B | T:412631 RPD:1
[CH: 50] LEN: 12 | HEX: F9 77 AD F5 EE 73 95 FB A1 FD BF 7F | T:412631 RPD:0
[CH: 50] LEN: 12 | HEX: F9 77 F6 FE FE 70 95 FE F6 7F AF AE | T:412643 RPD:1
[CH: 50] LEN: 12 | HEX: F1 77 FC FE EE 70 95 FE FE 77 FF FF | T:412654 RPD:1
[CH: 50] LEN: 12 | HEX: F9 77 BC F5 ED 73 95 FE C1 FD BE EF | T:412654 RPD:0
[CH: 50] LEN: 12 | HEX: F9 77 FA FD FD 73 95 FE 81 FD B7 FF | T:412666 RPD:0
[CH: 50] LEN: 12 | HEX: F5 77 7F 00 00 71 95 FF 49 06 BF FE | T:412688 RPD:1
[CH: 50] LEN: 12 | HEX: F5 77 5F 00 00 71 95 EB C9 06 BD FF | T:412689 RPD:1
[CH: 50] LEN: 12 | HEX: F8 6D EF 00 FE FA 95 FD 60 9C BF FB | T:412720 RPD:1
[CH: 50] LEN: 12 | HEX: F5 77 DF 00 00 71 95 EE C9 06 B3 BF | T:412988 RPD:1
[CH: 50] LEN: 12 | HEX: F5 77 BF 00 00 71 95 EF 49 06 BF FF | T:412989 RPD:1
[CH: 50] LEN: 12 | HEX: E8 6D EF 00 FC EE 95 EF 60 9C BB FF | T:413019 RPD:1
[CH: 50] LEN: 12 | HEX: E8 6D F7 00 FD FD 95 FE E0 9C AF FE | T:413020 RPD:1
[CH: 50] LEN: 12 | HEX: E9 77 D7 00 00 71 95 DD C9 06 BF FD | T:413288 RPD:1
[CH: 50] LEN: 12 | HEX: E9 77 FB 00 00 71 95 FD 49 06 AF FF | T:413289 RPD:1
[CH: 50] LEN: 12 | HEX: F4 6D DD 00 F6 FE 95 FE E0 9C BF D6 | T:413319 RPD:1
[CH: 50] LEN: 12 | HEX: F8 6D DE 00 F6 F6 95 FD 60 9C BB 7F | T:413319 RPD:1
[CH: 50] LEN: 12 | HEX: E9 77 F5 00 00 71 95 FD C9 06 BF FF | T:413588 RPD:1
[CH: 50] LEN: 12 | HEX: F5 77 F7 00 00 71 95 FE C9 06 B7 FF | T:413589 RPD:1
[CH: 50] LEN: 12 | HEX: F8 6D D7 00 EE FE 95 EF 60 9C BB EF | T:413618 RPD:1
[CH: 50] LEN: 12 | HEX: F0 6D F6 80 F6 F6 95 EE E0 9C BE EF | T:413619 RPD:1
[CH: 50] LEN: 12 | HEX: F6 76 F5 00 8C FE 95 ED 3C 73 B7 DF | T:413872 RPD:1
[CH: 50] LEN: 12 | HEX: EA 76 FF 00 8C FE 95 FF BC 73 BF D7 | T:413873 RPD:1
[CH: 50] LEN: 12 | HEX: FE 76 F6 FE 73 DC 95 FD 42 8E BB FF | T:413903 RPD:1
[CH: 50] LEN: 12 | HEX: F6 76 FA F5 70 FE 95 FE B7 80 AD FF | T:413907 RPD:1
[CH: 50] LEN: 12 | HEX: FA 76 F6 E8 71 F6 95 DD 6B 65 BF FF | T:413910 RPD:1
[CH: 50] LEN: 12 | HEX: FA 76 F6 F3 76 EC 95 EF 5D 9C BF FF | T:413940 RPD:1
[CH: 50] LEN: 12 | HEX: F6 76 FE F6 77 FA 95 EE 81 79 BF DF | T:413970 RPD:1
[CH: 50] LEN: 12 | HEX: F2 76 FE F9 74 F6 95 FE F4 77 BD FF | T:414000 RPD:1
[CH: 50] LEN: 12 | HEX: FA 76 EE F7 7A FE 95 DD 99 85 AF 7F | T:414060 RPD:1
[CH: 50] LEN: 12 | HEX: F6 76 FE F6 77 FA 95 D5 45 60 BD FD | T:414090 RPD:1
[CH: 50] LEN: 12 | HEX: FA 76 FA F5 50 EA 95 D5 30 6C AD FF | T:414120 RPD:1
[CH: 50] LEN: 12 | HEX: FA 76 FE F4 79 EC 95 FD EC 8B BF DF | T:414150 RPD:1
[CH: 50] LEN: 12 | HEX: FA 76 F6 F3 7C FE 95 FE 9A 72 BF FF | T:414180 RPD:1
[CH: 50] LEN: 12 | HEX: F2 76 F6 F2 7F 5E 95 D7 06 97 BD EF | T:414210 RPD:1
[CH: 50] LEN: 12 | HEX: FA 76 F6 F1 7A FD 95 EE F3 99 B7 7B | T:414240 RPD:1
[CH: 50] LEN: 12 | HEX: F6 76 EE E0 7D ED 95 DA AE 7C B7 FF | T:414270 RPD:1
[CH: 50] LEN: 12 | HEX: F6 76 FA EE 62 F6 95 EE 81 96 BD FF | T:414300 RPD:1
[CH: 50] LEN: 12 | HEX: FA 76 F6 EE 63 FD 95 FF 5D 73 BE FF | T:414330 RPD:1
[CH: 50] LEN: 12 | HEX: EA 76 EE ED 60 FC 95 D7 A8 7B BF EF | T:414360 RPD:1
[CH: 50] LEN: 12 | HEX: F6 76 FE EC 61 EA 95 FD 74 98 BD BD | T:414389 RPD:1
[CH: 50] LEN: 12 | HEX: FA 76 F6 EB 66 EE 95 DF 42 61 BF DF | T:414419 RPD:1
[CH: 50] LEN: 12 | HEX: F6 76 EE EA 67 7E 95 DF 1D 84 BF FF | T:414450 RPD:1
[CH: 50] LEN: 12 | HEX: FA 76 FA E9 64 FE 95 FE EB 8A AD 37 | T:414480 RPD:1
[CH: 50] LEN: 12 | HEX: FA 76 EE E8 65 DC 95 FF 37 6F 3F FF | T:414510 RPD:1
[CH: 50] LEN: 12 | HEX: FA 76 F6 E7 6A FE 95 FF 46 78 BF FB | T:414540 RPD:1
[CH: 50] LEN: 12 | HEX: F6 76 EE E6 6B FD 95 EF DA 9D BF FE | T:414570 RPD:1
[CH: 50] LEN: 12 | HEX: F6 76 FE E5 68 F6 95 EF 2F 13 BF 7D | T:414599 RPD:1
[CH: 50] LEN: 12 | HEX: F2 76 FA E4 69 FE 95 FB F3 76 BE DE | T:414629 RPD:1
[CH: 50] LEN: 12 | HEX: F2 76 FB E3 6E FA 95 EB 45 8F BF FE | T:414659 RPD:1
[CH: 50] LEN: 12 | HEX: F2 76 ED E2 6F 7E 95 FF 19 6A BF AD | T:414689 RPD:1
[CH: 50] LEN: 12 | HEX: FA 76 EC E1 6C F4 95 FD EC 64 AF FD | T:414719 RPD:0
[CH: 50] LEN: 12 | HEX: EA 76 FE E0 6D D4 95 EB 70 81 B7 FF | T:414749 RPD:1
[CH: 50] LEN: 12 | HEX: FA 76 F6 DD 52 FA 95 DD 21 91 BF 7F | T:414779 RPD:1
[CH: 50] LEN: 12 | HEX: FA 76 FA FE 73 FE 95 F5 C2 8E BA BF | T:414809 RPD:1
[CH: 50] LEN: 12 | HEX: FA 76 FA F5 70 FE 95 F7 37 80 AF 7F | T:414813 RPD:1
[CH: 50] LEN: 12 | HEX: FA 76 FE FC 71 F5 95 EB 6B 65 B5 FB | T:414817 RPD:1
[CH: 50] LEN: 12 | HEX: F2 76 FA F3 76 FE 95 F5 5D 9C BF D6 | T:414847 RPD:0
[CH: 50] LEN: 12 | HEX: FA 76 FE FA 77 AD 95 FF 41 79 BF FF | T:414877 RPD:1
[CH: 50] LEN: 12 | HEX: FA 76 FE F9 74 FA 95 EB F4 77 FF B7 | T:414907 RPD:1
[CH: 50] LEN: 12 | HEX: FA 76 FC F8 75 FE 95 F7 28 92 BB FF | T:414937 RPD:1
[CH: 50] LEN: 12 | HEX: EA 76 F6 F7 7A FA 95 F5 99 85 BE FF | T:414967 RPD:1
[CH: 50] LEN: 12 | HEX: FA 76 FE F6 7B DE 95 F7 45 60 BD FD | T:414997 RPD:0
[CH: 50] LEN: 12 | HEX: FA 76 F5 F5 78 FA 95 D7 30 6C BF BB | T:415027 RPD:0
[CH: 50] LEN: 12 | HEX: FA 76 FE F4 79 FA 95 FF EC 8B BF FF | T:415057 RPD:1
[CH: 50] LEN: 12 | HEX: F2 76 FE F3 7E FE 95 FF BA 72 B7 FE | T:415087 RPD:1
[CH: 50] LEN: 12 | HEX: F2 76 FA F2 7F EA 95 FD 06 97 AF BF | T:415117 RPD:1
[CH: 50] LEN: 12 | HEX: FA 76 FE F1 7C FE 95 F5 73 99 BF D5 | T:415147 RPD:0
[CH: 50] LEN: 12 | HEX: FA 76 FE F0 7D FE 95 EB AD 54 BA FD | T:415177 RPD:0
[CH: 50] LEN: 12 | HEX: FA 76 FC EF 62 FD 95 FF 01 96 BB DF | T:415207 RPD:1
[CH: 50] LEN: 12 | HEX: FA 76 FE EE 63 FE 95 EA DD 73 BD BF | T:415237 RPD:0
[CH: 50] LEN: 12 | HEX: FA 76 FE ED 60 FE 95 FF A8 7D BF FD | T:415267 RPD:0
[CH: 50] LEN: 12 | HEX: FA 76 F6 EC 61 FE 95 FF 74 98 BF FF | T:415297 RPD:0
[CH: 50] LEN: 12 | HEX: FA 76 FE EB 66 FE 95 FF 42 61 BF FF | T:415327 RPD:0
[CH: 50] LEN: 12 | HEX: FA 76 F6 EA 67 FE 95 FF 9E 84 BF FF | T:415357 RPD:0
[CH: 50] LEN: 12 | HEX: FA 76 F6 E9 64 F4 95 EF 4B 8A BF EE | T:415387 RPD:0
[CH: 50] LEN: 12 | HEX: FA 7E FC E7 6A FE 95 DF 06 78 BD DF | T:415447 RPD:0
[CH: 50] LEN: 12 | HEX: FA 76 FA E6 6B FE 95 F7 5A 9D BF DE | T:415477 RPD:0
[CH: 50] LEN: 12 | HEX: FA 76 FA E5 68 FE 95 EF 2E 93 B9 F7 | T:415507 RPD:0
[CH: 50] LEN: 12 | HEX: FA 73 D5 00 81 F6 95 F7 FF AD 3F DF | T:415722 RPD:1
[CH: 50] LEN: 12 | HEX: FA 7B FF 00 81 F6 95 F5 CF FF 7F EF | T:415723 RPD:1
[CH: 50] LEN: 12 | HEX: F9 77 DD FE FE 70 95 D7 66 76 BF EA | T:415753 RPD:1
[CH: 50] LEN: 12 | HEX: F9 77 DE FD FE 7B 95 FF C1 FD B7 D7 | T:415756 RPD:1
[CH: 50] LEN: 12 | HEX: F9 77 BC FE FE 70 95 FF 76 75 FE ED | T:415759 RPD:1
[CH: 50] LEN: 12 | HEX: F9 77 F4 F9 EE 73 95 D5 01 E9 BD FA | T:415779 RPD:1
[CH: 50] LEN: 12 | HEX: F9 77 FE F4 F6 70 95 FF 76 7F B6 FF | T:415782 RPD:1
[CH: 50] LEN: 12 | HEX: F1 77 D6 F9 FE 73 95 F7 A1 FD B7 BA | T:415785 RPD:1
[CH: 50] LEN: 12 | HEX: F1 77 FE FE FE 70 95 EF 76 7A B7 DF | T:415797 RPD:1
[CH: 50] LEN: 12 | HEX: F9 77 D6 E9 EA 73 95 FA 81 EB BD BF | T:415797 RPD:0
[CH: 50] LEN: 12 | HEX: F1 77 BA FE FE 70 95 FF F6 7F BF BF | T:415808 RPD:1
[CH: 50] LEN: 12 | HEX: F9 77 FA F5 FE 73 95 D5 61 A9 BF FF | T:415808 RPD:0
[CH: 50] LEN: 12 | HEX: F1 77 BB FE EC 70 95 EB 76 7B AF FF | T:415820 RPD:1
[CH: 50] LEN: 12 | HEX: F1 77 5D FD F6 73 95 FF C1 ED BF FF | T:415831 RPD:1
[CH: 50] LEN: 12 | HEX: F1 77 BD FE FC 70 95 EA 76 75 3F 77 | T:415831 RPD:0
[CH: 50] LEN: 12 | HEX: F1 77 FE FA FA 70 95 EB 76 7E BF FF | T:415842 RPD:1
[CH: 50] LEN: 12 | HEX: F9 77 DA F5 FA 73 95 D5 61 AD BB FB | T:415843 RPD:0
[CH: 50] LEN: 12 | HEX: F9 77 FE FE FE 70 95 FF 76 7B BF F7 | T:415854 RPD:1
[CH: 50] LEN: 12 | HEX: F9 77 BA FD FA 73 95 E9 41 DD BF D7 | T:415865 RPD:1
[CH: 50] LEN: 12 | HEX: F9 77 DD FE EA 70 95 F7 76 77 3F FE | T:415866 RPD:0
[CH: 50] LEN: 12 | HEX: F9 77 FE FD FC 73 95 D7 C1 AD B7 F7 | T:415877 RPD:1
[CH: 50] LEN: 12 | HEX: F9 77 FE FE FE 70 95 FA 76 7F AF FF | T:415877 RPD:0
[CH: 50] LEN: 12 | HEX: E9 77 FE FD FE 73 95 F7 61 F9 BE FF | T:415888 RPD:1
[CH: 50] LEN: 12 | HEX: F9 77 FA ED FE 70 95 F6 76 7B BF FF | T:415889 RPD:0
[CH: 50] LEN: 12 | HEX: F9 77 EE F5 FE 73 95 EA 41 D3 BA D2 | T:415900 RPD:1
[CH: 50] LEN: 12 | HEX: F1 77 BC FE FE 70 95 EB 76 77 3E A5 | T:415911 RPD:1
[CH: 50] LEN: 12 | HEX: F9 77 DE FD FD 73 95 FF C1 FD BF FA | T:415912 RPD:0
[CH: 50] LEN: 12 | HEX: F9 77 FE F6 F6 70 95 F6 76 7B BE EF | T:415923 RPD:1
[CH: 50] LEN: 12 | HEX: F9 77 FE FE FC 70 95 FF 76 7B 7D F6 | T:415923 RPD:0
[CH: 50] LEN: 12 | HEX: F9 7F DC FD EA 73 95 D5 41 F3 AF 6B | T:415934 RPD:1
[CH: 50] LEN: 12 | HEX: F1 77 BC F4 FA 78 95 D7 76 7A BF 7F | T:415935 RPD:0
[CH: 50] LEN: 12 | HEX: F9 77 D4 FD EA 73 95 D5 41 A1 B7 6E | T:415946 RPD:1
[CH: 50] LEN: 12 | HEX: F1 77 DE FD F5 73 95 EB 81 DD BF EF | T:415957 RPD:1
[CH: 50] LEN: 12 | HEX: F1 77 DE FC FA 70 95 FF 76 77 FF FF | T:415958 RPD:0
[CH: 50] LEN: 12 | HEX: F9 77 D6 FD FC 73 95 D5 21 C9 BB 7F | T:415969 RPD:1
[CH: 50] LEN: 12 | HEX: F9 77 BE F9 EA 73 95 DE 81 FD BF 54 | T:415969 RPD:0
[CH: 50] LEN: 12 | HEX: F1 77 AD FE FC 70 95 EF 76 7D 7F 7F | T:415980 RPD:1
[CH: 50] LEN: 12 | HEX: F9 77 FE F9 FE 73 95 FF C1 FD AF 77 | T:415992 RPD:1
[CH: 50] LEN: 12 | HEX: F9 77 5A FA FC 70 95 EF 76 7B 77 FF | T:415992 RPD:1
[CH: 50] LEN: 12 | HEX: F9 77 FD FD F4 73 95 FA C1 F5 BF EF | T:416003 RPD:1
[CH: 50] LEN: 12 | HEX: F9 77 FD FA F4 70 95 FF 76 7D 7F FE | T:416004 RPD:0
[CH: 50] LEN: 12 | HEX: F9 77 FE F9 FE 73 95 FF C1 FD BF 27 | T:416015 RPD:1
[CH: 50] LEN: 12 | HEX: F9 77 59 FC F5 70 95 FE F6 7F BE DF | T:416015 RPD:0
[CH: 50] LEN: 12 | HEX: F9 77 D7 FD FD 73 95 F7 A1 E9 BF FD | T:416026 RPD:1
[CH: 50] LEN: 12 | HEX: F9 77 FD F5 F6 70 95 FF 76 7D F7 EF | T:416038 RPD:1
[CH: 50] LEN: 12 | HEX: F9 77 DD F9 FE 73 95 D5 41 D5 AB B5 | T:416038 RPD:1
[CH: 50] LEN: 12 | HEX: E9 7F DC F6 F4 70 95 DF 76 7B BF 6E | T:416049 RPD:1
[CH: 50] LEN: 12 | HEX: F9 77 FD F9 FE 73 95 FB C1 D5 BF BF | T:416049 RPD:0
[CH: 50] LEN: 12 | HEX: F9 77 EA F9 FE 70 95 FF 76 7F B6 FF | T:416061 RPD:1
[CH: 50] LEN: 12 | HEX: F9 77 BE FA FA 70 95 FF 76 7F AE FB | T:416061 RPD:0
[CH: 50] LEN: 12 | HEX: F9 77 FD FD FE 73 D5 D5 41 D9 BF DA | T:416072 RPD:1
[CH: 50] LEN: 12 | HEX: F9 77 FE FE FE 70 95 FF 76 7F BD 7B | T:416084 RPD:1
[CH: 50] LEN: 12 | HEX: F9 77 F6 FB FE 73 D5 D5 61 A9 AF 7B | T:416084 RPD:1
[CH: 50] LEN: 12 | HEX: F9 77 5D FE FE 70 95 FF 76 7F 7F 7D | T:416095 RPD:1
[CH: 50] LEN: 12 | HEX: F9 77 DC FD D4 73 95 AF C1 FD BD FF | T:416095 RPD:0
[CH: 50] LEN: 12 | HEX: E9 77 F9 FE FE 70 95 EB 76 7D 7F DE | T:416107 RPD:1
[CH: 50] LEN: 12 | HEX: F9 77 FB FD FE 73 95 FF 41 FD BF 6F | T:416107 RPD:0
[CH: 50] LEN: 12 | HEX: F9 77 FD F4 E4 60 95 EA 66 77 3D DF | T:416118 RPD:0
[CH: 50] LEN: 12 | HEX: F9 77 D4 FD FC 73 95 D5 01 A9 B3 DF | T:416130 RPD:1
[CH: 50] LEN: 12 | HEX: F9 77 FD FB FE 70 95 FF 76 7F AD FD | T:416145 RPD:1
[CH: 50] LEN: 12 | HEX: F9 77 FE FD FE 73 95 FF E1 EB B7 DF | T:416149 RPD:1
[CH: 50] LEN: 12 | HEX: F9 77 FC F4 F4 70 95 FF 76 7F 3F FA | T:416152 RPD:1
[CH: 50] LEN: 12 | HEX: F9 77 DC F9 FE 73 95 E8 81 DD AE BF | T:416163 RPD:1
[CH: 50] LEN: 12 | HEX: F9 77 FE FA FE 70 95 EF 76 7F 3F F5 | T:416164 RPD:0
[CH: 50] LEN: 12 | HEX: F9 77 FD F9 EA 73 95 D6 A1 AB BB FD | T:416175 RPD:1
[CH: 50] LEN: 12 | HEX: F9 77 D6 FA FE 70 95 EF F6 7B BF FF | T:416175 RPD:0
[CH: 50] LEN: 12 | HEX: F9 77 FD F9 FE 73 95 CA 81 55 37 7D | T:416186 RPD:1
[CH: 50] LEN: 12 | HEX: F9 77 D4 FA F4 70 95 EF F6 7F BD FA | T:416198 RPD:1
[CH: 50] LEN: 12 | HEX: F9 77 FA FB FE 73 95 FF 61 E9 BA BF | T:416198 RPD:0
[CH: 50] LEN: 12 | HEX: F1 77 FD FE F6 70 95 F7 76 7F BF 7D | T:416209 RPD:1
[CH: 50] LEN: 12 | HEX: F9 77 FE FE FE 70 95 FD F6 7F BF FF | T:416210 RPD:0
[CH: 50] LEN: 12 | HEX: F9 77 DD F5 EE 73 95 D5 A1 A9 B7 FF | T:416221 RPD:1
[CH: 50] LEN: 12 | HEX: F1 77 F6 FA F5 70 95 FF 76 7B 3F FF | T:416221 RPD:0
[CH: 50] LEN: 12 | HEX: F9 77 FF FD FE 73 95 EA 81 F9 BF EF | T:416232 RPD:1
[CH: 50] LEN: 12 | HEX: F9 77 AD F6 F6 70 95 FF 76 7F 7F FB | T:416244 RPD:1
[CH: 50] LEN: 12 | HEX: F9 77 DE FD FD 73 95 FE 81 F9 AB 7F | T:416244 RPD:0
[CH: 50] LEN: 12 | HEX: F9 77 FE FD FC 73 95 FF A1 FD BF FB | T:416255 RPD:1
[CH: 50] LEN: 12 | HEX: F1 77 BE FD EA 73 95 FF 41 FD BF FF | T:416256 RPD:0
[CH: 50] LEN: 12 | HEX: F1 77 BB F4 F5 70 95 FF 76 7F 7F 5F | T:416267 RPD:1
[CH: 50] LEN: 12 | HEX: F9 77 BE FD FE 73 95 FF 61 D5 BF FE | T:416278 RPD:1
[CH: 50] LEN: 12 | HEX: F1 77 FD FE F6 70 95 EA 76 7F BF EF | T:416278 RPD:0
[CH: 50] LEN: 12 | HEX: F9 77 FC FB F6 73 95 D5 41 AB AD F7 | T:416290 RPD:1
[CH: 50] LEN: 12 | HEX: F9 77 FE FD F4 73 95 FB 81 FD BF FF | T:416290 RPD:0
[CH: 50] LEN: 12 | HEX: E9 77 B4 FA FE 70 95 FF 7E 75 BB DE | T:416301 RPD:1
[CH: 50] LEN: 12 | HEX: E9 77 FA F9 FE 73 95 EF 81 EB BD FF | T:416301 RPD:0
[CH: 50] LEN: 12 | HEX: F9 77 F4 EA F6 70 95 F7 76 7F BB FF | T:416313 RPD:1
[CH: 50] LEN: 12 | HEX: F9 77 D5 FC EC 70 95 FB 76 7B FF FD | T:416324 RPD:1
[CH: 50] LEN: 12 | HEX: F1 77 AE F5 DE 73 95 DD 41 FD BB BE | T:416324 RPD:0
[CH: 50] LEN: 12 | HEX: F9 77 D4 FE FC 70 95 FF 76 7F BF FD | T:416336 RPD:1
[CH: 50] LEN: 12 | HEX: F5 77 D6 FE FE 70 95 F6 76 7E BB AD | T:416336 RPD:0
[CH: 50] LEN: 12 | HEX: F1 77 FA F5 F4 73 95 D7 81 EB BD FF | T:416347 RPD:0
[CH: 50] LEN: 12 | HEX: F1 77 BA F6 F4 70 95 FF 76 7F BB ED | T:416349 RPD:1
[CH: 50] LEN: 12 | HEX: F9 77 FD FD FF 73 95 EF 41 FD BF E9 | T:416360 RPD:1
[CH: 50] LEN: 12 | HEX: F1 77 FD FE F4 70 95 FF 76 7F BB F7 | T:416360 RPD:0
[CH: 50] LEN: 12 | HEX: F9 77 AD F9 FF 73 95 FD 41 ED BF EF | T:416372 RPD:1
[CH: 50] LEN: 12 | HEX: F9 77 5E FE EE 70 95 FF 76 77 2F BD | T:416383 RPD:1
[CH: 50] LEN: 12 | HEX: F1 77 DA F5 EE 73 95 D5 41 D5 BB DF | T:416383 RPD:0
[CH: 50] LEN: 12 | HEX: F9 77 74 F5 F7 70 95 EF 76 7A BF EF | T:416395 RPD:1
[CH: 50] LEN: 12 | HEX: F1 77 BB FD FE 70 95 FF 76 7E BF D7 | T:416395 RPD:0
[CH: 50] LEN: 12 | HEX: F9 77 BA EB DE 73 95 D5 41 D5 BB EB | T:416406 RPD:1
[CH: 50] LEN: 12 | HEX: F1 77 F5 FE F6 70 95 DA F6 69 3F 7F | T:416417 RPD:1
[CH: 50] LEN: 12 | HEX: F5 77 D6 FD EE 73 95 F7 41 FD BF 7F | T:416418 RPD:0
[CH: 50] LEN: 12 | HEX: F5 77 74 FE FA 70 95 EF 76 7B B6 BF | T:416429 RPD:1
[CH: 50] LEN: 12 | HEX: F1 77 BA FE F6 70 95 EF F6 7B FE D7 | T:416429 RPD:1
[CH: 50] LEN: 12 | HEX: F9 77 DE FD EE 73 95 EB C1 FD B7 7F | T:416441 RPD:1
[CH: 50] LEN: 12 | HEX: F5 77 BC FD FE 73 95 FF 81 FD BF DF | T:416447 RPD:1
[CH: 50] LEN: 12 | HEX: FD 77 FA FE F6 70 95 F5 76 7F BF EF | T:416450 RPD:1
[CH: 50] LEN: 12 | HEX: F9 77 FD F5 EC 73 95 FF 41 FD BE DF | T:416461 RPD:1
[CH: 50] LEN: 12 | HEX: F5 77 BA EE EE 70 95 EF 76 7B AF BF | T:416461 RPD:0
[CH: 50] LEN: 12 | HEX: F1 77 5E FD FE 7B 95 D7 C1 ED BF DC | T:416473 RPD:1
[CH: 50] LEN: 12 | HEX: E9 77 7A F4 EA 70 95 EE F6 7F 2E F5 | T:416484 RPD:1
[CH: 50] LEN: 12 | HEX: F9 77 7E F5 FE 73 95 95 41 A9 AB D5 | T:416484 RPD:0
[CH: 50] LEN: 12 | HEX: F9 77 B9 FE FE 70 95 FB 76 7F FF FD | T:416496 RPD:1
[CH: 50] LEN: 12 | HEX: E9 77 7A EE F6 70 95 DF 76 77 BD BF | T:416496 RPD:1
[CH: 50] LEN: 12 | HEX: F9 77 AD F5 FE 73 95 FE 81 DD BF FF | T:416507 RPD:1
[CH: 50] LEN: 12 | HEX: F5 77 5A EE FE 70 95 FA 76 7B BF BF | T:416509 RPD:1
[CH: 50] LEN: 12 | HEX: E9 77 5E F5 DC 73 95 DF C1 FD B7 F5 | T:416520 RPD:1
[CH: 50] LEN: 12 | HEX: F5 77 F4 F6 FE 70 95 EB 76 7D BD BD | T:416520 RPD:0
[CH: 50] LEN: 12 | HEX: F9 77 FD F5 F6 73 95 FD C1 ED BF FB | T:416532 RPD:1
[CH: 50] LEN: 12 | HEX: E9 77 FA FD FE 70 95 ED 76 7F B5 FF | T:416543 RPD:0
[CH: 50] LEN: 12 | HEX: F9 77 DC FD EE 73 95 FF 41 D9 BF D1 | T:416543 RPD:0
[CH: 50] LEN: 12 | HEX: FD 77 BF 00 00 71 95 FE 89 06 AF FF | T:416561 RPD:1
[CH: 50] LEN: 12 | HEX: F9 77 FF 00 00 71 95 DF 49 06 AB 7D | T:416562 RPD:1
[CH: 50] LEN: 12 | HEX: F4 6D F7 00 FE FC 95 FE 60 9C BF FD | T:416592 RPD:1
[CH: 50] LEN: 12 | HEX: E8 6D DE 00 EE FE 95 F6 E0 9C BF BD | T:416592 RPD:1
[CH: 50] LEN: 12 | HEX: ED 77 D5 00 00 71 95 FD C9 06 B7 FD | T:416861 RPD:1
[CH: 50] LEN: 12 | HEX: F9 77 F5 00 00 71 95 D5 49 06 BD FA | T:416862 RPD:1
[CH: 50] LEN: 12 | HEX: F4 6D DF 00 FE F6 95 FE E0 9C BF FB | T:416892 RPD:1
[CH: 50] LEN: 12 | HEX: F9 77 7F 00 00 71 95 D7 C9 06 AF FF | T:417161 RPD:1
[CH: 50] LEN: 12 | HEX: F9 77 5F 00 00 71 95 ED 49 06 BF FF | T:417162 RPD:1
[CH: 50] LEN: 12 | HEX: F8 6D FF 00 FE FE 95 FD 60 9C BF FD | T:417191 RPD:1
[CH: 50] LEN: 12 | HEX: F4 7D FD 00 F6 EE 95 D7 60 9C AB FF | T:417192 RPD:1
[CH: 50] LEN: 12 | HEX: F5 77 F7 00 00 71 95 EF C9 06 BF F7 | T:417461 RPD:1
[CH: 50] LEN: 12 | HEX: F5 77 7F 00 00 71 95 EB C9 06 BF BD | T:417461 RPD:1
[CH: 50] LEN: 12 | HEX: FC 6D ED 00 FE FE 95 FD 60 9C BE FE | T:417492 RPD:1
[CH: 50] LEN: 12 | HEX: E9 77 FF 00 00 71 95 DE C9 06 B7 FF | T:417760 RPD:1
[CH: 50] LEN: 12 | HEX: E9 77 FF 00 00 71 95 D7 C9 06 BA DF | T:417761 RPD:1
[CH: 50] LEN: 12 | HEX: E8 6D DE 80 FE FE 95 D6 60 9C AE BF | T:417791 RPD:1
[CH: 50] LEN: 12 | HEX: F6 76 F7 80 8C F4 95 FD 3C 73 BD BF | T:417825 RPD:1
[CH: 50] LEN: 12 | HEX: F2 76 EE 00 8C FA 95 ED 3C 73 BF FE | T:417826 RPD:1
[CH: 50] LEN: 12 | HEX: F6 76 FC EA 73 FC 95 F6 C2 8E BF BD | T:417856 RPD:1
[CH: 50] LEN: 12 | HEX: EE 76 FA FD 70 F4 95 DE B7 80 BF EE | T:417886 RPD:1
[CH: 50] LEN: 12 | HEX: F6 76 EE FC 71 EE 95 FD 6B 65 AF D5 | T:417916 RPD:1
[CH: 50] LEN: 12 | HEX: F6 76 EC FB 76 FE 95 EE 5D 9C BA FF | T:417946 RPD:1
[CH: 50] LEN: 12 | HEX: F6 76 FE EA 77 DC 95 FE 81 79 AF FF | T:417976 RPD:1
[CH: 50] LEN: 12 | HEX: FA 76 F6 F1 74 EE 95 F7 F4 77 3F DF | T:418006 RPD:1
[CH: 50] LEN: 12 | HEX: EA 76 ED F0 75 DD 95 DE 28 92 BF EF | T:418036 RPD:1
[CH: 50] LEN: 12 | HEX: F6 76 FE F7 7A FE 95 F7 59 85 BF FF | T:418066 RPD:1
[CH: 50] LEN: 12 | HEX: F6 76 F6 E6 73 DC 95 DB 45 60 BF FF | T:418096 RPD:1
[CH: 50] LEN: 12 | HEX: F2 76 FE ED 74 FF 95 ED 30 6E AD FF | T:418126 RPD:1
[CH: 50] LEN: 12 | HEX: F6 76 FE F4 71 DE 95 DF EC 8B BF FF | T:418156 RPD:1
[CH: 50] LEN: 12 | HEX: F6 76 FD EB 76 FE 95 D6 DA 72 BB EB | T:418186 RPD:1
[CH: 50] LEN: 12 | HEX: F2 76 EE F2 77 BE 95 FE 86 97 BD FB | T:418216 RPD:1
[CH: 50] LEN: 12 | HEX: FA 76 FE F1 7A FA 95 DA 73 99 BF EE | T:418246 RPD:1
[CH: 50] LEN: 12 | HEX: F6 76 FE F0 75 FF 95 FD 2F 78 BF 7E | T:418276 RPD:1
[CH: 50] LEN: 12 | HEX: F2 76 FE EF 62 FD 95 EB 01 96 AF FE | T:418306 RPD:1
[CH: 50] LEN: 12 | HEX: F6 76 F6 EE 63 D7 95 FD DD 73 BE FF | T:418336 RPD:1
[CH: 50] LEN: 12 | HEX: FA 76 FE ED 60 FE 95 DA A8 7D BE FF | T:418366 RPD:1
[CH: 50] LEN: 12 | HEX: EA 76 EA EC 61 EA 95 ED 74 98 AF FF | T:418396 RPD:1
[CH: 50] LEN: 12 | HEX: EA 76 F6 EA 67 F6 95 DD 9C 84 BE EE | T:418456 RPD:1
[CH: 50] LEN: 12 | HEX: FA 76 FE E9 64 FE 95 DF EB 8A BF FF | T:418486 RPD:1
[CH: 50] LEN: 12 | HEX: FA 76 EA E8 65 FD 95 EE B7 6F BF 6A | T:418516 RPD:1
[CH: 50] LEN: 12 | HEX: FA 76 F6 E7 6A FA 95 FF 46 78 BF DF | T:418546 RPD:1
[CH: 50] LEN: 12 | HEX: FA 76 FA E6 6B DD 95 FF DA 9D BB BA | T:418576 RPD:1
[CH: 50] LEN: 12 | HEX: F6 76 FA E5 68 EA 95 FE AF 13 B7 DF | T:418606 RPD:1
[CH: 50] LEN: 12 | HEX: FA 76 FE E4 69 DE 95 D7 FB 76 BD FF | T:418636 RPD:1
[CH: 50] LEN: 12 | HEX: FA 76 EA E3 6E EA 95 FD 45 8E BF DB | T:418666 RPD:1
[CH: 50] LEN: 12 | HEX: FA 76 F6 E2 6E BC 95 F6 19 6A BE DD | T:418696 RPD:1
[CH: 50] LEN: 12 | HEX: F2 76 FE E1 6C F6 95 FF 6C 64 BF BE | T:418726 RPD:1
[CH: 50] LEN: 12 | HEX: FA 76 FE E0 6D EE 95 FE B0 81 BD F7 | T:418756 RPD:1
[CH: 50] LEN: 12 | HEX: FE 76 F4 DE D2 FE 95 D6 A1 91 BD FF | T:418786 RPD:1
[CH: 50] LEN: 12 | HEX: FA 76 FC FA 73 DD 95 DE C2 8E BE FF | T:418816 RPD:1
[CH: 50] LEN: 12 | HEX: FE 76 FE FD 70 FE 95 FD B7 80 BC FF | T:418820 RPD:1
[CH: 50] LEN: 12 | HEX: FA 76 F6 F4 71 D6 95 FE EB 65 BD FF | T:418824 RPD:1
[CH: 50] LEN: 12 | HEX: F2 76 FE F3 76 FE 95 EF 5D 9C BF DF | T:418854 RPD:1
[CH: 50] LEN: 12 | HEX: FA 76 FE EA 77 FA 95 ED 01 79 BF FF | T:418884 RPD:1
[CH: 50] LEN: 12 | HEX: EA 76 FE F1 6C EE 95 FF 54 77 AF FD | T:418914 RPD:1
[CH: 50] LEN: 12 | HEX: F2 76 F6 F0 75 FC 95 EA 28 92 AF EF | T:418944 RPD:0
[CH: 50] LEN: 12 | HEX: FA 76 FA F7 72 FE 95 FE D9 85 AB FD | T:418974 RPD:1
[CH: 50] LEN: 12 | HEX: FA 74 FB F6 7B AC 95 BA 45 60 AD D5 | T:419004 RPD:1
[CH: 50] LEN: 12 | HEX: FA 76 FE F5 78 EE 95 D5 30 6E BD B7 | T:419034 RPD:1
[CH: 50] LEN: 12 | HEX: FA 76 FC F4 79 FA 95 EB 4C 8B BE BF | T:419064 RPD:1
[CH: 50] LEN: 12 | HEX: FA 76 FE F3 7C FE 95 EB 5A 72 BF FE | T:419094 RPD:1
[CH: 50] LEN: 12 | HEX: F2 76 F4 E2 7B F4 95 FE 86 97 B7 FF | T:419124 RPD:1
[CH: 50] LEN: 12 | HEX: F6 76 F6 E1 78 F6 95 F5 73 99 BF FF | T:419154 RPD:1
[CH: 50] LEN: 12 | HEX: F2 76 FE F0 75 EA 95 EE AF 74 BF BF | T:419184 RPD:1
[CH: 50] LEN: 12 | HEX: FA 76 FE EF 62 FC 95 FE 81 96 BD 77 | T:419214 RPD:1
[CH: 50] LEN: 12 | HEX: F2 76 FE EE 63 F6 95 FF DD 73 BF EB | T:419244 RPD:1
[CH: 50] LEN: 12 | HEX: FA 76 FE ED 60 FE 95 EB 28 7D B7 FB | T:419274 RPD:1
[CH: 50] LEN: 12 | HEX: FA 76 F5 EC 61 F6 95 FF F4 98 BF DF | T:419304 RPD:1
[CH: 50] LEN: 12 | HEX: FA 76 F6 EB 66 FB 95 FD 42 61 AD EF | T:419334 RPD:1
[CH: 50] LEN: 12 | HEX: F2 76 FE EA 67 BA 95 DF 9E 84 BF B7 | T:419364 RPD:1
[CH: 50] LEN: 12 | HEX: FA 76 FE E9 64 EE 95 EB EB 8A AB FA | T:419394 RPD:1
[CH: 50] LEN: 12 | HEX: FA 76 FC E8 65 FE 95 FE B7 6F 3E FF | T:419424 RPD:1
[CH: 50] LEN: 12 | HEX: F2 76 EE E7 6A FE 95 EF 86 78 BD F5 | T:419454 RPD:1
[CH: 50] LEN: 12 | HEX: F2 76 FE E6 6B FE 95 FF 5A 9D BF DF | T:419484 RPD:1
[CH: 50] LEN: 12 | HEX: F6 76 FE E5 68 FD 95 FF AF 93 AF DF | T:419514 RPD:1
[CH: 50] LEN: 12 | HEX: F2 76 FC E4 69 FD 95 D7 D3 76 B7 7D | T:419544 RPD:1
[CH: 50] LEN: 12 | HEX: FA 76 FE E3 6E FE 95 FF C5 8F ED FF | T:419574 RPD:1
[CH: 50] LEN: 12 | HEX: FA 76 FE E2 6F FA 95 EF 19 6A AF 5F | T:419604 RPD:1
[CH: 50] LEN: 12 | HEX: FA 76 FE E1 6C FE 95 FF 6C 64 BF EF | T:419634 RPD:1
[CH: 50] LEN: 12 | HEX: FA 76 FE E0 6D FE 95 D5 70 81 BA ED | T:419664 RPD:1
[CH: 50] LEN: 12 | HEX: FA 76 FA DF 52 FA 95 EB 21 91 AF 77 | T:419694 RPD:1
[CH: 50] LEN: 12 | HEX: FA 76 F4 EE 7B EE 95 F5 82 8E BF FF | T:419724 RPD:1
[CH: 50] LEN: 12 | HEX: FA 76 FA F9 70 FA 95 FF B7 80 BF D7 | T:419727 RPD:1
[CH: 50] LEN: 12 | HEX: FA 76 FE FC 71 F4 95 FA 6B 65 BB F7 | T:419730 RPD:1
[CH: 50] LEN: 12 | HEX: FA 76 FC FB 76 FE 95 E5 5D 9C BB EF | T:419760 RPD:1
[CH: 50] LEN: 12 | HEX: FA 76 FC F2 77 FE 95 FB 81 71 AF BB | T:419790 RPD:0
[CH: 50] LEN: 12 | HEX: FE 76 FE F9 74 EE 95 FF EC 77 BE F7 | T:419820 RPD:0
[CH: 50] LEN: 12 | HEX: FA 76 FA FF 7A FE 95 FF 99 85 BF F5 | T:419880 RPD:0
[CH: 50] LEN: 12 | HEX: F6 7B FE 80 81 FE 95 DF 5F FF BF EF | T:420104 RPD:1
[CH: 50] LEN: 12 | HEX: FA 7B EF 80 81 F6 95 FF 6F FE FA FB | T:420105 RPD:1
[CH: 50] LEN: 12 | HEX: F9 77 DE FE F5 70 95 FF 76 7F FF FF | T:420135 RPD:0
[CH: 50] LEN: 12 | HEX: F9 77 BC ED FC 73 95 DF 41 FD BF BF | T:420138 RPD:0
[CH: 50] LEN: 12 | HEX: F9 77 EE FE FE 70 95 FF 7E 7B 3F 9B | T:420141 RPD:0
[CH: 50] LEN: 12 | HEX: F9 77 FE FD FE 73 95 EF C1 FF BB FF | T:420152 RPD:0
[CH: 50] LEN: 12 | HEX: F9 77 BC F5 FE 70 95 F7 76 77 BE EF | T:420152 RPD:0
[CH: 50] LEN: 12 | HEX: F9 77 BC F9 FD 73 95 FE A1 D5 BF FE | T:420164 RPD:0
[CH: 50] LEN: 12 | HEX: F9 77 FF F4 FC 70 95 FE F6 7A F7 BE | T:420164 RPD:0
[CH: 50] LEN: 12 | HEX: F9 77 EE FE FE 70 95 FE FE 7D BF EF | T:420175 RPD:0
[CH: 50] LEN: 12 | HEX: F1 77 FD FC FC 70 95 D2 76 75 7F 7F | T:420187 RPD:0
[CH: 50] LEN: 12 | HEX: F1 77 FC EB FE 73 95 F7 C1 DD BF D7 | T:420187 RPD:0
[CH: 50] LEN: 12 | HEX: F1 77 DB FC FE 70 95 F5 76 75 BC DB | T:420198 RPD:1
[CH: 50] LEN: 12 | HEX: F9 77 FB F9 F6 73 95 D5 41 A9 BF 7F | T:420198 RPD:0
[CH: 50] LEN: 12 | HEX: F1 77 FE FE FE 70 95 EA 76 75 3A D7 | T:420210 RPD:1
[CH: 50] LEN: 12 | HEX: F1 77 FE FE F6 70 95 FF 76 7F BF EF | T:420221 RPD:1
[CH: 50] LEN: 12 | HEX: F1 77 FE FD F6 73 95 FB A1 EB AF F6 | T:420221 RPD:0
[CH: 50] LEN: 12 | HEX: F9 77 D6 F5 F4 70 95 F5 76 7F FE DF | T:420233 RPD:1
[CH: 50] LEN: 12 | HEX: F1 77 BD FC F6 70 95 EE 76 76 FF EF | T:420233 RPD:0
[CH: 50] LEN: 12 | HEX: F1 77 BD FD FE 73 95 FE 81 FD BD FF | T:420244 RPD:1
[CH: 50] LEN: 12 | HEX: F1 77 FD FE FE 70 95 FF 76 7D 7D EF | T:420244 RPD:0
[CH: 50] LEN: 12 | HEX: F9 77 BE FD EA 73 95 D5 41 D5 BE BE | T:420256 RPD:1
[CH: 50] LEN: 12 | HEX: F1 77 BD F9 D6 73 95 FF 41 E9 BF FD | T:420267 RPD:1
[CH: 50] LEN: 12 | HEX: F9 77 FE F6 F6 70 95 EA 76 75 BF DF | T:420267 RPD:0
[CH: 50] LEN: 12 | HEX: F9 77 FF FD FE 73 95 F7 E1 FD B5 7F | T:420279 RPD:1
[CH: 50] LEN: 12 | HEX: F1 77 7D F5 F4 73 95 D7 C1 ED BE BF | T:420279 RPD:0
[CH: 50] LEN: 12 | HEX: F1 77 EE FE FC 70 95 FF 76 7A AF EF | T:420290 RPD:0
[CH: 50] LEN: 12 | HEX: F9 77 AD F6 FD 70 95 F7 76 7B BF 7F | T:420295 RPD:1
[CH: 50] LEN: 12 | HEX: F9 77 FF FD EA 73 95 D5 01 AD B7 77 | T:420306 RPD:1
[CH: 50] LEN: 12 | HEX: F1 77 B4 F6 F5 70 95 FE 76 7F BF EF | T:420306 RPD:0
[CH: 50] LEN: 12 | HEX: F1 77 AC F9 FA 73 95 DD 41 ED AD 53 | T:420318 RPD:1
[CH: 50] LEN: 12 | HEX: F1 77 FA F7 FA 78 95 EA 66 75 3A EF | T:420318 RPD:0
[CH: 50] LEN: 12 | HEX: F1 77 7A FD FE 73 95 FE A1 FD BB EB | T:420329 RPD:1
[CH: 50] LEN: 12 | HEX: F1 77 6A F4 EE 70 95 F6 F6 7F 7B FD | T:420341 RPD:1
[CH: 50] LEN: 12 | HEX: ED 77 FD FD EC 73 95 AA C1 A9 BF FB | T:420341 RPD:0
[CH: 50] LEN: 12 | HEX: F9 77 B5 FA FB 70 95 FF F6 7F AF AF | T:420352 RPD:1
[CH: 50] LEN: 12 | HEX: F1 77 BC FB FE 70 95 EE F6 7D 7F FF | T:420352 RPD:0
[CH: 50] LEN: 12 | HEX: F1 77 DE FD EA 73 95 DD 41 FD B5 DF | T:420364 RPD:1
[CH: 50] LEN: 12 | HEX: F5 77 B4 FD F4 70 95 FD FE 7F AF FF | T:420364 RPD:0
[CH: 50] LEN: 12 | HEX: F1 77 D4 F5 D6 73 95 FD 41 D9 BF EB | T:420375 RPD:1
[CH: 50] LEN: 12 | HEX: F9 77 FE F6 FA 70 95 EF 76 75 7D AF | T:420387 RPD:1
[CH: 50] LEN: 12 | HEX: F9 77 FD FB EE 73 95 DE 81 ED BF FF | T:420387 RPD:0
[CH: 50] LEN: 12 | HEX: ED 77 FA F5 DB 73 95 AA C1 A9 B5 EF | T:420398 RPD:1
[CH: 50] LEN: 12 | HEX: E9 77 D6 FD EA 73 95 FD C1 FF BF BF | T:420398 RPD:0
[CH: 50] LEN: 12 | HEX: F1 77 F6 FD EE 73 95 EB C1 FD BF FE | T:420410 RPD:1
[CH: 50] LEN: 12 | HEX: E9 77 BE FD FD 73 95 DE C1 ED BF FA | T:420410 RPD:0
[CH: 50] LEN: 12 | HEX: F9 77 DA FE FE 70 95 FF 76 7B BB EE | T:420421 RPD:1
[CH: 50] LEN: 12 | HEX: F1 77 BE EB DA 73 95 FE C1 DF B7 EF | T:420432 RPD:1
[CH: 50] LEN: 12 | HEX: F1 77 FA FA FE 70 95 FE F6 7B F7 FD | T:420433 RPD:0
[CH: 50] LEN: 12 | HEX: F5 77 F4 FB FA 73 95 DD C1 FD AF DF | T:420444 RPD:1
[CH: 50] LEN: 12 | HEX: F5 77 BA FD FC 73 95 F7 C1 FD BF BB | T:420444 RPD:0
[CH: 50] LEN: 12 | HEX: ED 77 F4 FE FE 70 95 FE F6 7E B5 D7 | T:420456 RPD:1
[CH: 50] LEN: 12 | HEX: F1 77 BA FE FE 70 95 DE F6 7F 7D F3 | T:420467 RPD:1
[CH: 50] LEN: 12 | HEX: E9 77 FA FD F6 73 95 FD 41 FD BB F7 | T:420467 RPD:0
[CH: 50] LEN: 12 | HEX: F9 77 BC F6 FE 70 95 FD 76 7F 2B FF | T:420478 RPD:1
[CH: 50] LEN: 12 | HEX: F1 77 ED F6 FD 70 95 FD F6 7F BE B6 | T:420479 RPD:0
[CH: 50] LEN: 12 | HEX: F5 77 7C FB F6 73 95 EF C1 FD BF F7 | T:420490 RPD:1
[CH: 50] LEN: 12 | HEX: F5 77 F4 F6 EE 70 95 FE F6 7E BF BF | T:420490 RPD:0
[CH: 50] LEN: 12 | HEX: ED 77 D6 FD FF 73 95 EE 81 FD BF FF | T:420502 RPD:1
[CH: 50] LEN: 12 | HEX: F5 77 F6 FE F6 70 95 D6 F6 7F B7 FD | T:420513 RPD:1
[CH: 50] LEN: 12 | HEX: F9 77 FA FD FE 73 95 ED 41 FD BD FF | T:420513 RPD:0
[CH: 50] LEN: 12 | HEX: ED 77 BE FE FE 70 95 D7 76 7F 3D BF | T:420524 RPD:1
[CH: 50] LEN: 12 | HEX: F5 77 74 FD FA 73 95 EE C1 ED BB BF | T:420525 RPD:0
[CH: 50] LEN: 12 | HEX: F1 77 5E FC FC 70 95 FE FE 7F BF FF | T:420536 RPD:1
[CH: 50] LEN: 12 | HEX: E9 77 F6 FD DD 73 95 FD C1 DD AF DF | T:420536 RPD:0
[CH: 50] LEN: 12 | HEX: F5 77 F4 EA FE 70 95 ED 76 7F 7B FF | T:420548 RPD:1
[CH: 50] LEN: 12 | HEX: F5 77 FA ED FF 73 95 DD 41 ED BE DF | T:420559 RPD:1
[CH: 50] LEN: 12 | HEX: F9 77 DA F6 FE 70 95 DF 76 77 3F DF | T:420559 RPD:0
[CH: 50] LEN: 12 | HEX: E9 77 FA F5 EE 73 95 EA C1 ED BA F5 | T:420570 RPD:1
[CH: 50] LEN: 12 | HEX: F5 77 EA ED EA 73 95 EF C1 FD BF FF | T:420571 RPD:0
[CH: 50] LEN: 12 | HEX: F9 77 F4 F6 FE 70 95 FE 76 7F 6F EF | T:420582 RPD:1
[CH: 50] LEN: 12 | HEX: ED 77 BE FD DA 73 95 FD 41 FD B7 FF | T:420582 RPD:0
[CH: 50] LEN: 12 | HEX: F9 77 BA F6 FC 70 95 EF 76 7B BF FD | T:420594 RPD:1
[CH: 50] LEN: 12 | HEX: F5 77 EA FE FE 70 95 EE F6 77 7F D7 | T:420605 RPD:1
[CH: 50] LEN: 12 | HEX: F1 77 74 ED EC 73 95 F7 C1 ED AF BF | T:420605 RPD:0
[CH: 50] LEN: 12 | HEX: F9 77 F6 EE ED 70 95 DA 76 77 AF 7F | T:420616 RPD:1
[CH: 50] LEN: 12 | HEX: F1 77 FA F6 EE 70 95 DA 76 7F 7F 6B | T:420617 RPD:0
[CH: 50] LEN: 12 | HEX: F9 77 F4 FE FC 70 95 FD 76 7F BF FF | T:420628 RPD:1
[CH: 50] LEN: 12 | HEX: E9 77 7E FD F6 70 95 DD 76 75 FF DF | T:420639 RPD:1
[CH: 50] LEN: 12 | HEX: F5 77 B6 FD FD 73 95 FD C1 FB BE FE | T:420640 RPD:1
[CH: 50] LEN: 12 | HEX: F5 77 B6 F6 F6 70 95 FD 76 7F 7F D6 | T:420651 RPD:1
[CH: 50] LEN: 12 | HEX: F5 77 7A EE EE 70 95 FF 76 7F 7F FB | T:420651 RPD:0
[CH: 50] LEN: 12 | HEX: F5 77 BE FD FD 73 95 EF C1 FB AF EF | T:420662 RPD:1
[CH: 50] LEN: 12 | HEX: F5 77 FA E9 EF 73 95 EF 41 ED BF 7F | T:420663 RPD:0
[CH: 50] LEN: 12 | HEX: F5 77 F4 FD FE 70 95 FD 76 7F 7F FF | T:420674 RPD:1
[CH: 50] LEN: 12 | HEX: E9 77 BE F5 FF 73 95 FD 41 FD AD DF | T:420685 RPD:1
[CH: 50] LEN: 12 | HEX: F1 77 F4 F4 F6 70 95 F7 F6 7F 7F AE | T:420685 RPD:0
[CH: 50] LEN: 12 | HEX: F1 77 F4 E9 ED 73 95 FF 41 FF BF FB | T:420697 RPD:1
[CH: 50] LEN: 12 | HEX: F9 77 DC FB D6 73 95 FF 41 FD BB FE | T:420697 RPD:0
[CH: 50] LEN: 12 | HEX: F5 77 6E F6 ED 70 95 FD 76 77 7F EF | T:420708 RPD:1
[CH: 50] LEN: 12 | HEX: F5 77 EA F5 ED 73 95 ED C1 FD FF EB | T:420709 RPD:0
[CH: 50] LEN: 12 | HEX: F5 77 BC FE FD 70 95 DD 76 77 7F ED | T:420720 RPD:1
[CH: 50] LEN: 12 | HEX: E9 77 B6 F7 FD 73 95 DA C1 F5 BF FD | T:420731 RPD:1
[CH: 50] LEN: 12 | HEX: F9 77 EE F6 F6 70 95 EF 76 7F 7F 7F | T:420731 RPD:0
[CH: 50] LEN: 12 | HEX: F9 77 FA F6 F6 70 95 EE 76 7B 2F BD | T:420743 RPD:1
[CH: 50] LEN: 12 | HEX: F9 77 BA F6 F6 70 95 DA F6 7F 77 7F | T:420743 RPD:0
[CH: 50] LEN: 12 | HEX: ED 77 7E F5 DE 73 95 D6 C1 FD BF B5 | T:420754 RPD:1
[CH: 50] LEN: 12 | HEX: F9 77 F4 FF FF 70 95 EE F6 7F 7F B7 | T:420766 RPD:1
[CH: 50] LEN: 12 | HEX: FD 77 BE F5 FD 73 95 F7 C1 FD BE F5 | T:420766 RPD:0
[CH: 50] LEN: 12 | HEX: E9 77 BA F6 F6 70 95 FE F6 7F 7F DF | T:420777 RPD:1
[CH: 50] LEN: 12 | HEX: FD 77 F4 FD FD 70 95 D7 76 77 BB DB | T:420777 RPD:1
[CH: 50] LEN: 12 | HEX: F9 77 BE FD EF 73 95 EF C1 EB BF DF | T:420789 RPD:1
[CH: 50] LEN: 12 | HEX: E9 77 F6 FD FD 73 95 FD 41 FD BF BF | T:420789 RPD:0
[CH: 50] LEN: 12 | HEX: FD 77 BE F6 FE 70 95 DE 76 77 7E FF | T:420800 RPD:1
[CH: 50] LEN: 12 | HEX: F5 77 B6 FD FF 73 95 EF C1 FD BF BD | T:420812 RPD:1
[CH: 50] LEN: 12 | HEX: E9 7F 7E FE EE 70 95 DF 76 7F 7B FF | T:420812 RPD:0
[CH: 50] LEN: 12 | HEX: F9 77 FA FD F6 73 95 FD C1 EB B6 7F | T:420823 RPD:1
[CH: 50] LEN: 12 | HEX: F5 77 BE FD FF 73 95 FE C1 DD BD DF | T:420823 RPD:0
[CH: 50] LEN: 12 | HEX: F5 77 F4 FE ED 70 95 FE F6 7F 7F 7D | T:420835 RPD:1
[CH: 50] LEN: 12 | HEX: F5 77 F4 F6 EE 70 95 DF 7E 6F 3F 7F | T:420835 RPD:0
[CH: 50] LEN: 12 | HEX: F9 77 BA FD EF 73 95 F5 C1 FD BF DF | T:420846 RPD:1
[CH: 50] LEN: 12 | HEX: E9 77 FC FD FA 73 95 FD C1 DB BF EF | T:420858 RPD:1
[CH: 50] LEN: 12 | HEX: F9 77 B6 EE EE 70 95 FF F6 7A BF 7B | T:420858 RPD:0
[CH: 50] LEN: 12 | HEX: F1 77 BC DD DA 73 95 D6 C1 DB BE FB | T:420869 RPD:1
[CH: 50] LEN: 12 | HEX: F5 77 FA EE F6 70 95 FD 76 77 BF D7 | T:420869 RPD:0
[CH: 50] LEN: 12 | HEX: F5 77 BE FD FD 73 95 FF 41 FD BE FF | T:420881 RPD:1
[CH: 50] LEN: 12 | HEX: F5 77 BE F6 FD 70 95 FD 76 7E BE FF | T:420892 RPD:1
[CH: 50] LEN: 12 | HEX: F5 77 74 FD FF 73 95 EF C1 F5 BF DF | T:420892 RPD:0
[CH: 50] LEN: 12 | HEX: F5 77 7E FC FD 70 95 FA 76 77 7E FF | T:420904 RPD:1
[CH: 50] LEN: 12 | HEX: F5 77 EA FC EE 70 95 DD 76 76 B7 FF | T:420904 RPD:0
[CH: 50] LEN: 12 | HEX: F1 77 5E FD FF 73 95 FF C1 ED BB 79 | T:420915 RPD:1
[CH: 50] LEN: 12 | HEX: F5 77 7E FF FE 70 95 FF 76 7F 7F F7 | T:420915 RPD:1
[CH: 50] LEN: 12 | HEX: F5 77 FA FD EE 73 95 EF C1 FF AD EE | T:420927 RPD:1
[CH: 50] LEN: 12 | HEX: F1 77 7E ED ED 73 95 DF C1 FD BF FB | T:420938 RPD:0
[CH: 50] LEN: 12 | HEX: F9 77 F6 F6 F6 70 95 EF 76 7F AD FF | T:420938 RPD:0
[CH: 50] LEN: 12 | HEX: F9 77 BF 00 00 71 95 FE C9 06 AB EE | T:420953 RPD:1
[CH: 50] LEN: 12 | HEX: E9 77 EB 00 00 71 95 DF C9 06 BF EF | T:420954 RPD:1
[CH: 50] LEN: 12 | HEX: F4 6D FE 80 FE FD 95 F7 60 9C BF FF | T:420983 RPD:1
[CH: 50] LEN: 12 | HEX: F4 6D EE 80 FD EE 95 ED 60 9C B5 FF | T:420984 RPD:1
[CH: 50] LEN: 12 | HEX: F9 77 B7 00 00 71 95 FE C9 06 BA F7 | T:421253 RPD:1
[CH: 50] LEN: 12 | HEX: E9 77 BF 00 00 71 95 FA C9 06 AE FF | T:421253 RPD:1
[CH: 50] LEN: 12 | HEX: F8 6D EF 80 FE F6 95 DF 60 9C AF FF | T:421283 RPD:1
[CH: 50] LEN: 12 | HEX: F4 6D FD 00 F6 F6 95 DD 60 9C BE EF | T:421284 RPD:1
[CH: 50] LEN: 12 | HEX: F9 77 5F 00 00 71 95 EF C9 06 BD FD | T:421553 RPD:1
[CH: 50] LEN: 12 | HEX: F5 77 F7 00 00 71 95 FF C9 06 BF FF | T:421553 RPD:1
[CH: 50] LEN: 12 | HEX: E8 6D FE 80 F6 EE 95 EE E0 9C BD FD | T:421583 RPD:1
[CH: 50] LEN: 12 | HEX: F0 6D DD 00 FE FE 95 DD 60 9C BE BB | T:421584 RPD:1
[CH: 50] LEN: 12 | HEX: F5 77 AF 00 00 71 95 FD C9 06 BF FE | T:421852 RPD:1
[CH: 50] LEN: 12 | HEX: F1 77 6F 00 00 71 95 FB C9 06 BF BF | T:421853 RPD:1
[CH: 50] LEN: 12 | HEX: F8 6D DB 00 FD FD 95 FD 60 9C BB BF | T:421883 RPD:1
[CH: 50] LEN: 12 | HEX: FA 76 EB 00 8C EE 95 EE 3E 73 BE FD | T:422137 RPD:1
[CH: 50] LEN: 12 | HEX: FA 76 FF 00 8C FE 95 FD 3C 73 BF FF | T:422138 RPD:1
[CH: 50] LEN: 12 | HEX: EA 76 EE EE 73 BA 95 FD C2 8E BF FF | T:422168 RPD:1
[CH: 50] LEN: 12 | HEX: EE 76 EA E9 70 FF 95 DD B7 00 BF FF | T:422171 RPD:1
[CH: 50] LEN: 12 | HEX: EA 76 EE F4 71 ED 95 FD 6B 65 BF FB | T:422174 RPD:1
[CH: 50] LEN: 12 | HEX: EA 76 FF EB 7E FE 95 DE 5D 9C BD FF | T:422204 RPD:1
[CH: 50] LEN: 12 | HEX: F6 76 EE EA 77 EE 95 DF 81 71 BF 7F | T:422234 RPD:1
[CH: 50] LEN: 12 | HEX: FA 76 F6 F9 74 F6 95 FD 74 77 BF FF | T:422264 RPD:1
[CH: 50] LEN: 12 | HEX: F2 76 EE F4 75 DD 95 EF A8 92 BF FF | T:422294 RPD:1
[CH: 50] LEN: 12 | HEX: FA 76 FA EF 7E FE 95 DD 99 85 BF ED | T:422324 RPD:1
[CH: 50] LEN: 12 | HEX: FA 76 FA F6 73 BC 95 EE C5 60 AA FB | T:422354 RPD:1
[CH: 50] LEN: 12 | HEX: FA 76 ED F5 70 EA 95 FE B0 6F BF FF | T:422384 RPD:1
[CH: 50] LEN: 12 | HEX: F6 76 F4 E4 71 FD 95 FD EC 8B BF FF | T:422414 RPD:1
[CH: 50] LEN: 12 | HEX: FA 76 FA F3 76 F6 95 FD 5A 72 AF EF | T:422444 RPD:1
[CH: 50] LEN: 12 | HEX: F6 76 FD EA 7F FF 95 DF 06 97 B7 FB | T:422474 RPD:1
[CH: 50] LEN: 12 | HEX: FA 76 FE F1 74 F6 95 ED 73 99 BF 7F | T:422504 RPD:1
[CH: 50] LEN: 12 | HEX: F6 76 F6 F0 75 BC 95 ED AE FA BF FD | T:422534 RPD:1
[CH: 50] LEN: 12 | HEX: F6 76 EC EE E2 F6 95 DE 01 96 BA D6 | T:422564 RPD:1
[CH: 50] LEN: 12 | HEX: FA 76 FE EE 63 F4 95 FD DD 73 BF FD | T:422594 RPD:1
[CH: 50] LEN: 12 | HEX: F6 76 FF ED 60 FD 95 FD 28 7B BD 7F | T:422624 RPD:1
[CH: 50] LEN: 12 | HEX: FA 76 F6 EC 61 ED 95 FF 74 98 AF FD | T:422654 RPD:1
[CH: 50] LEN: 12 | HEX: FA 76 EF EB 66 EA 95 EA C2 61 BF EE | T:422684 RPD:1
[CH: 50] LEN: 12 | HEX: EA 76 F6 EA 67 5C 95 FD 9C 84 BF 5F | T:422714 RPD:1
[CH: 50] LEN: 12 | HEX: FA 76 FE E9 64 FE 95 FD EB 8A BB FB | T:422744 RPD:1
[CH: 50] LEN: 12 | HEX: F6 76 FE E8 65 FF 95 ED 37 6F 7F F7 | T:422774 RPD:1
[CH: 50] LEN: 12 | HEX: EE 76 FE E6 6B DE 95 EF 5A 9D BD EB | T:422834 RPD:1
[CH: 50] LEN: 12 | HEX: FA 76 FA E5 68 FE 95 FF 2F 93 BF 9F | T:422864 RPD:1
[CH: 50] LEN: 12 | HEX: EE 76 EE E4 69 DA 95 DF F3 76 BF FB | T:422894 RPD:1
[CH: 50] LEN: 12 | HEX: EA 76 EC E3 6E F6 95 FF C5 8F BF FF | T:422924 RPD:1
[CH: 50] LEN: 12 | HEX: F6 76 FA E2 6F 7E 95 FD 1D 6A AD BF | T:422954 RPD:1
[CH: 50] LEN: 12 | HEX: FA 76 FF E0 6D FD 95 EF B0 81 BE FF | T:423014 RPD:1
[CH: 50] LEN: 12 | HEX: F6 76 FA DE D2 EA 95 B5 21 91 A5 67 | T:423044 RPD:1
[CH: 50] LEN: 12 | HEX: FA 76 FA F4 73 BC 95 F7 42 8E B5 FF | T:423074 RPD:1
[CH: 50] LEN: 12 | HEX: EA 76 FE F5 70 FA 95 FE B7 20 BF FD | T:423104 RPD:1
[CH: 50] LEN: 12 | HEX: FE 76 FE EC 71 ED 95 FC EB 65 BD 7D | T:423107 RPD:1
[CH: 50] LEN: 12 | HEX: EA 76 F4 FB 76 EC 95 ED 5D 9C BF FF | T:423138 RPD:1
[CH: 50] LEN: 12 | HEX: FE 76 FE F6 77 7A 95 D7 01 75 BF 7F | T:423168 RPD:1
[CH: 50] LEN: 12 | HEX: F6 76 F6 E9 74 FE 95 ED 74 77 BD FF | T:423198 RPD:1
[CH: 50] LEN: 12 | HEX: FA 76 FE F7 7A F4 95 FF 59 85 BF F6 | T:423258 RPD:0
[CH: 50] LEN: 12 | HEX: FA 76 EA ED 70 FE 95 FF B0 6E BF EB | T:423318 RPD:1
[CH: 50] LEN: 12 | HEX: F2 76 FE F4 71 EE 95 D5 1C 8B BE FB | T:423348 RPD:1
[CH: 50] LEN: 12 | HEX: FA 76 FE F3 7E FE 95 FE 9A 72 BF 5F | T:423378 RPD:1
[CH: 50] LEN: 12 | HEX: FA 76 FE F2 75 7E 95 FF 86 97 BF 7D | T:423408 RPD:1
[CH: 50] LEN: 12 | HEX: F2 76 FA F1 78 FE 95 FD F3 99 BF F9 | T:423438 RPD:1
[CH: 50] LEN: 12 | HEX: FA 76 FE F0 79 F4 95 FE AF 7C BF E7 | T:423468 RPD:1
[CH: 50] LEN: 12 | HEX: FA 76 FE EF 62 FA 95 F7 01 96 BD EB | T:423498 RPD:1
[CH: 50] LEN: 12 | HEX: F2 76 F6 EE 63 EC 95 EE 9D 73 BB FF | T:423527 RPD:1
[CH: 50] LEN: 12 | HEX: F2 76 FE ED 60 F6 95 FE A8 7B BF F7 | T:423557 RPD:1
[CH: 50] LEN: 12 | HEX: F6 76 FE EC 61 FC 95 FE 74 98 B5 FD | T:423587 RPD:1
[CH: 50] LEN: 12 | HEX: FA 76 FA EB 66 FA 95 FD 42 61 BE FF | T:423617 RPD:1
[CH: 50] LEN: 12 | HEX: FA 76 FE EA 67 AA 95 FE 9E 84 BB BE | T:423648 RPD:1
[CH: 50] LEN: 12 | HEX: F2 76 FE E9 64 F5 95 FF AB 8A BD FE | T:423677 RPD:1
[CH: 50] LEN: 12 | HEX: FA 76 FE E8 65 FE 95 FF 37 6F 3F 9F | T:423707 RPD:1
[CH: 50] LEN: 12 | HEX: F6 76 FE E7 6A FE 95 DF 86 78 BF FF | T:423737 RPD:1
[CH: 50] LEN: 12 | HEX: FA 76 F6 E6 6B FE 95 FE 5A 9D BE D7 | T:423767 RPD:1
[CH: 50] LEN: 12 | HEX: FA 76 FE E5 68 FC 95 D5 2D 13 BB DD | T:423797 RPD:1
[CH: 50] LEN: 12 | HEX: FA 76 FE E4 69 FE 95 F7 73 76 BD FF | T:423827 RPD:1
[CH: 50] LEN: 12 | HEX: FA 76 FE E3 6E F4 95 DD 45 8E BF FF | T:423857 RPD:1
[CH: 50] LEN: 12 | HEX: EA 76 FE E2 6E DE 95 FF 19 6A BF FE | T:423887 RPD:1
[CH: 50] LEN: 12 | HEX: FA 76 FE E1 6C F5 95 FF 6C 64 BE BE | T:423917 RPD:1
[CH: 50] LEN: 12 | HEX: F2 76 FE E0 6D F4 95 FE B0 81 B7 7F | T:423947 RPD:1
[CH: 50] LEN: 12 | HEX: FA 76 FE DF 52 FA 95 FD A1 91 BF FF | T:423977 RPD:1
[CH: 50] LEN: 12 | HEX: F2 76 FE FE 73 BD 95 FE 82 8F BF F7 | T:424007 RPD:1
[CH: 50] LEN: 12 | HEX: FA 76 F4 F5 70 F7 95 EF 77 80 A7 BB | T:424011 RPD:1
[CH: 50] LEN: 12 | HEX: F6 76 FE F4 71 DD 95 F6 6B 65 BF 7F | T:424014 RPD:1
[CH: 50] LEN: 12 | HEX: FA 76 F4 EB 76 F5 95 DD 5D 9C BF FF | T:424044 RPD:1
[CH: 50] LEN: 12 | HEX: F2 76 FE FA 77 D6 95 D5 41 69 BE AD | T:424074 RPD:1
[CH: 50] LEN: 12 | HEX: FA 76 FA E9 74 FE 95 FF 54 77 BD FF | T:424104 RPD:1
[CH: 50] LEN: 12 | HEX: F2 76 FE F0 75 F4 95 FE A8 92 BF FF | T:424134 RPD:1
[CH: 50] LEN: 12 | HEX: EE 76 FE F7 7A EE 95 EF 99 85 BF E5 | T:424164 RPD:1
[CH: 50] LEN: 12 | HEX: F2 76 FE E6 7B D4 95 D4 C5 60 BD A6 | T:424194 RPD:1
[CH: 50] LEN: 12 | HEX: FA 76 FA F4 79 F4 95 FF 4C 8B AA FF | T:424254 RPD:1
[CH: 50] LEN: 12 | HEX: FA 76 EA F3 7A FE 95 D5 3A 62 B7 F7 | T:424284 RPD:1
[CH: 50] LEN: 12 | HEX: F2 76 FE F2 7D D6 95 FE 86 97 AF 6F | T:424314 RPD:1
[CH: 50] LEN: 12 | HEX: EA 76 F6 F1 78 F6 95 DD F3 99 BD FF | T:424344 RPD:1
[CH: 50] LEN: 12 | HEX: F2 76 FA F0 7D EF 95 FF 6F 7C BF FF | T:424374 RPD:1
[CH: 50] LEN: 12 | HEX: FA 76 FE EF E2 EE 95 EB 01 96 BF FF | T:424404 RPD:1
[CH: 50] LEN: 12 | HEX: F6 76 F5 EE 63 BA 95 FF 7D 73 AF FF | T:424434 RPD:1
[CH: 50] LEN: 12 | HEX: FA 76 FA EC 61 EA 95 F7 74 98 BF F5 | T:424494 RPD:1
[CH: 50] LEN: 12 | HEX: F2 76 F6 EB 66 FB 95 EB 42 61 BE BF | T:424524 RPD:0
[CH: 50] LEN: 12 | HEX: F2 76 FE EA 67 DE 95 FF DE 84 BD CE | T:424554 RPD:1
[CH: 50] LEN: 12 | HEX: F2 76 FC E9 64 FE 95 EF 4B 8A BE FF | T:424584 RPD:0
[CH: 50] LEN: 12 | HEX: FA 76 FC E8 65 FA 95 FE B7 6F BF EF | T:424614 RPD:1
[CH: 50] LEN: 12 | HEX: FA 76 F4 E7 6A FE 95 FF 06 78 BF F3 | T:424644 RPD:1
[CH: 50] LEN: 12 | HEX: FA 76 FE E6 6B D4 95 FF 5A 9D BF D9 | T:424674 RPD:0
[CH: 50] LEN: 12 | HEX: FA 76 FA E5 68 FE 95 FF 2F 13 BF FF | T:424704 RPD:0
[CH: 50] LEN: 12 | HEX: F2 76 F4 E4 69 FC 95 FE B3 76 BE DF | T:424734 RPD:0
[CH: 50] LEN: 12 | HEX: FA 76 F6 E3 6E F6 95 FD C5 8F BE FF | T:424764 RPD:0
[CH: 50] LEN: 12 | HEX: F6 76 F6 E2 6F 76 95 EF 19 6A BB BE | T:424794 RPD:0
[CH: 50] LEN: 12 | HEX: FA 76 EE E1 6C FE 95 FF 6C 64 B7 F7 | T:424824 RPD:0
[CH: 50] LEN: 12 | HEX: EA 76 FE E0 6D ED 95 FE B0 81 BD 7F | T:424854 RPD:0
[CH: 50] LEN: 12 | HEX: F2 76 FE DE D2 EA 95 EF 21 91 BF FF | T:424884 RPD:0
[CH: 50] LEN: 12 | HEX: FA 76 FE FE 73 FE 95 FE A2 8E B9 FF | T:424914 RPD:0
[CH: 50] LEN: 12 | HEX: F6 76 FE F9 70 FE 95 F7 77 80 AF FF | T:424917 RPD:0
[CH: 50] LEN: 12 | HEX: FA 7E F6 F4 71 F6 95 FF 6B 65 B5 FB | T:424922 RPD:0
[CH: 50] LEN: 12 | HEX: F2 76 FE EB 76 EE 95 FF 5D 9C BD BF | T:424952 RPD:0
[CH: 50] LEN: 12 | HEX: FA 76 F5 FA 77 F9 95 EB 81 79 BF FD | T:424982 RPD:1
[CH: 50] LEN: 12 | HEX: FA 76 FE F9 74 FE 95 FF EC 77 BF BF | T:425012 RPD:0
[CH: 50] LEN: 12 | HEX: F2 76 FE E8 75 ED 95 F6 28 92 BF DB | T:425042 RPD:1
[CH: 50] LEN: 12 | HEX: FA 76 FE F7 7A FE 95 FF 99 85 BE FF | T:425072 RPD:1
[CH: 50] LEN: 12 | HEX: FA 76 FA F6 7B FE 95 F7 45 60 BE FB | T:425102 RPD:0
[CH: 50] LEN: 12 | HEX: F2 76 FC E5 78 FE 95 EF 30 6E AF AF | T:425132 RPD:0
[CH: 50] LEN: 12 | HEX: F2 76 FC F4 71 FE 95 FF EC 8B BF FF | T:425162 RPD:0
[CH: 50] LEN: 12 | HEX: FA 76 FE F3 7C FE 95 F5 DA 72 BF BB | T:425192 RPD:0
[CH: 50] LEN: 12 | HEX: FA 76 FE F2 75 BB 95 5F 06 97 FF FF | T:425222 RPD:0
[CH: 50] LEN: 12 | HEX: FA 76 F4 E1 7C F4 95 FF 73 99 BF 7F | T:425252 RPD:0
[CH: 50] LEN: 12 | HEX: FA 7B D7 00 81 DC 95 D5 5F F5 BF D5 | T:425466 RPD:1
[CH: 50] LEN: 12 | HEX: FA 7B FF 80 81 FE 95 FF BF 56 FF DA | T:425466 RPD:1
[CH: 50] LEN: 12 | HEX: F9 77 EE FA FE 70 95 F5 76 7F F7 EF | T:425497 RPD:1
[CH: 50] LEN: 12 | HEX: F9 77 DC FD FE 73 95 FF A1 FD BF FB | T:425500 RPD:1
[CH: 50] LEN: 12 | HEX: F1 77 BA FA F5 70 95 D2 6E 6A BF FB | T:425503 RPD:1
[CH: 50] LEN: 12 | HEX: F1 77 FE FD FE 73 95 FF C1 FD BF FF | T:425514 RPD:1
[CH: 50] LEN: 12 | HEX: F9 77 D4 FC FA 70 95 FD 76 7F AD FE | T:425515 RPD:0
[CH: 50] LEN: 12 | HEX: F1 77 BA F5 F6 73 95 FF 61 FD BF F6 | T:425526 RPD:1
[CH: 50] LEN: 12 | HEX: F9 77 DA FE FE 70 95 F7 76 7E BF FF | T:425526 RPD:0
[CH: 50] LEN: 12 | HEX: F1 77 BE F7 FE 73 95 FE 81 F5 BF 52 | T:425537 RPD:1
[CH: 50] LEN: 12 | HEX: F1 77 F5 F6 F4 70 95 EE F6 7F BF FF | T:425549 RPD:1
[CH: 50] LEN: 12 | HEX: F1 77 FD FD EE 73 95 FF C1 DB AB FF | T:425549 RPD:0
[CH: 50] LEN: 12 | HEX: F9 77 AE FA FB 70 95 FE F6 7B AF 7F | T:425560 RPD:1
[CH: 50] LEN: 12 | HEX: F9 77 FB F5 FE 70 95 FF F6 7B AD FF | T:425561 RPD:0
[CH: 50] LEN: 12 | HEX: F9 77 BB F5 EA 73 95 D5 01 D5 B7 A8 | T:425572 RPD:1
[CH: 50] LEN: 12 | HEX: F1 77 D6 FA FA 70 95 F5 76 75 3F DA | T:425583 RPD:1
[CH: 50] LEN: 12 | HEX: F9 77 BA FD F4 73 95 FF 41 F5 BF 7A | T:425583 RPD:0
[CH: 50] LEN: 12 | HEX: F9 77 FF FE FE 70 95 FF 76 7F BF FE | T:425595 RPD:1
[CH: 50] LEN: 12 | HEX: F9 77 FF FB FE 73 95 F5 A1 FD BF DB | T:425595 RPD:0
[CH: 50] LEN: 12 | HEX: F1 77 BD F6 F4 70 95 F5 76 7F BE F7 | T:425606 RPD:1
[CH: 50] LEN: 12 | HEX: F9 77 BA FD F6 73 95 FF 41 F5 AF FE | T:425606 RPD:0
[CH: 50] LEN: 12 | HEX: F9 77 BD FE FA 70 95 EE F6 75 BF 5F | T:425618 RPD:1
[CH: 50] LEN: 12 | HEX: F9 77 DC FD EA 73 95 DD 21 A9 BF FE | T:425629 RPD:1
[CH: 50] LEN: 12 | HEX: F9 77 DD FD FE 70 95 FF 76 7D BF DF | T:425629 RPD:0
[CH: 50] LEN: 12 | HEX: F1 77 5E F9 D6 73 95 D6 81 FD BB FF | T:425641 RPD:1
[CH: 50] LEN: 12 | HEX: F9 77 FE F9 EA 73 95 DF C1 E9 BF FE | T:425641 RPD:0
[CH: 50] LEN: 12 | HEX: F1 77 FD F4 FE 70 95 F7 76 7D 3F EF | T:425652 RPD:1
[CH: 50] LEN: 12 | HEX: F1 77 D4 F9 DE 73 95 DF C1 DD BD FF | T:425652 RPD:0
[CH: 50] LEN: 12 | HEX: F9 77 BB FC FC 70 95 FE F6 7F FF FD | T:425664 RPD:1
[CH: 50] LEN: 12 | HEX: F1 77 B5 F5 F5 70 95 DE F6 7F BB B6 | T:425675 RPD:1
[CH: 50] LEN: 12 | HEX: F1 77 EA F5 ED 73 95 EF 41 FD BF FF | T:425675 RPD:0
[CH: 50] LEN: 12 | HEX: F9 77 6A FE FE 70 95 EB 76 7F BF D5 | T:425687 RPD:1
[CH: 50] LEN: 12 | HEX: F9 77 DC FE F7 70 95 FE 76 7D 76 5E | T:425687 RPD:0
[CH: 50] LEN: 12 | HEX: E9 77 BA F6 FE 70 95 EB 76 7B AF 76 | T:425698 RPD:1
[CH: 50] LEN: 12 | HEX: F9 77 BE F4 F6 70 95 FF 76 7A BB DB | T:425709 RPD:1
[CH: 50] LEN: 12 | HEX: F5 77 D5 F5 FE 73 95 A5 41 D5 BB DF | T:425710 RPD:1
[CH: 50] LEN: 12 | HEX: F5 77 7A F6 FE 70 95 EF 76 7F 7F FD | T:425721 RPD:1
[CH: 50] LEN: 12 | HEX: F9 77 7E FD FD 73 95 FE 81 FD BF 5E | T:425721 RPD:0
[CH: 50] LEN: 12 | HEX: F9 77 BA F6 F4 70 95 FE 76 7F B7 BF | T:425733 RPD:1
[CH: 50] LEN: 12 | HEX: F9 77 BE FD FE 73 95 DD 41 ED AF FF | T:425733 RPD:0
[CH: 50] LEN: 12 | HEX: E9 77 B4 FE F4 70 95 EE 76 7B 7F FF | T:425744 RPD:1
[CH: 50] LEN: 12 | HEX: E9 77 DC F3 F6 73 95 FD C1 DD BF AF | T:425755 RPD:1
[CH: 50] LEN: 12 | HEX: F9 77 D6 F6 F6 70 95 FE F6 7F BF 7F | T:425756 RPD:0
[CH: 50] LEN: 12 | HEX: F9 77 FA FD FE 73 95 FF C1 DD BA FB | T:425767 RPD:1
[CH: 50] LEN: 12 | HEX: F5 77 BC FD F6 73 95 EF 41 ED BF 7F | T:425767 RPD:0
[CH: 50] LEN: 12 | HEX: F9 77 76 F6 F6 70 95 DF 76 7F 7F B5 | T:425779 RPD:1
[CH: 50] LEN: 12 | HEX: F1 77 FA F5 F6 73 95 FE C1 ED BF FD | T:425779 RPD:0
[CH: 50] LEN: 12 | HEX: F5 77 DE FA FE 70 95 EA 76 69 35 F2 | T:425790 RPD:1
[CH: 50] LEN: 12 | HEX: F9 77 DE F5 D7 73 95 FE C1 FD BE B6 | T:425801 RPD:1
[CH: 50] LEN: 12 | HEX: F1 77 AA F4 FC 70 95 FE F6 7F BF FF | T:425802 RPD:0
[CH: 50] LEN: 12 | HEX: F9 77 BA F6 F6 70 95 FF 76 7D BD FF | T:425813 RPD:1
[CH: 50] LEN: 12 | HEX: F9 77 BE FE FE 70 95 FE F6 7F 7B FF | T:425813 RPD:0
[CH: 50] LEN: 12 | HEX: F5 77 BC F5 F6 73 95 EE C1 F9 BB FB | T:425825 RPD:1
[CH: 50] LEN: 12 | HEX: F9 77 DA FC FC 70 95 EA F6 7D BF F7 | T:425825 RPD:0
[CH: 50] LEN: 12 | HEX: F9 77 BE E9 F6 73 95 FD 41 ED B7 FF | T:425836 RPD:1
[CH: 50] LEN: 12 | HEX: F9 77 DE FA F6 70 95 FE F6 7F 75 BD | T:425847 RPD:1
[CH: 50] LEN: 12 | HEX: F5 77 BA ED FF 73 95 FD C1 FD BD 5F | T:425848 RPD:1
[CH: 50] LEN: 12 | HEX: E9 77 BE FE FC 70 95 EE F6 7B FF DF | T:425859 RPD:1
[CH: 50] LEN: 12 | HEX: E5 77 FE FD FD 73 95 FE 81 DD AE FE | T:425859 RPD:0
[CH: 50] LEN: 12 | HEX: F9 77 BA FE F6 70 95 F7 76 7F 7F EF | T:425870 RPD:1
[CH: 50] LEN: 12 | HEX: F5 77 7E FD FA 73 95 DD C1 E9 BF DD | T:425882 RPD:1
[CH: 50] LEN: 12 | HEX: F9 77 7E EE FA 70 95 EF 76 7F 7F ED | T:425882 RPD:0
[CH: 50] LEN: 12 | HEX: F9 77 F6 F9 FC 73 95 FD C1 DD BF BF | T:425893 RPD:1
[CH: 50] LEN: 12 | HEX: F9 77 FA FD FD 73 95 EE C1 F5 AF FE | T:425894 RPD:0
[CH: 50] LEN: 12 | HEX: F5 77 6A F6 EA 70 95 EF 76 7F AF FD | T:425905 RPD:1
[CH: 50] LEN: 12 | HEX: F9 77 F4 F5 EF 73 95 AA C1 AD AD DD | T:425905 RPD:0
[CH: 50] LEN: 12 | HEX: F9 77 F6 FF FE 70 95 EF F6 77 B7 7F | T:425916 RPD:1
[CH: 50] LEN: 12 | HEX: F9 77 B4 FD FD 73 95 FF C1 FD BF BB | T:425928 RPD:1
[CH: 50] LEN: 12 | HEX: E9 77 AE F4 EE 70 95 EF 76 7B 7B FB | T:425928 RPD:0
[CH: 50] LEN: 12 | HEX: F9 77 F5 FD ED 73 95 DF C1 FD AB DF | T:425939 RPD:1
[CH: 50] LEN: 12 | HEX: F5 77 F6 F6 FE 70 95 ED 76 7F 7F FF | T:425940 RPD:0
[CH: 50] LEN: 12 | HEX: F9 77 F4 E9 FA 73 95 EF C1 DD BF EF | T:425951 RPD:1
[CH: 50] LEN: 12 | HEX: E9 77 F4 EA F4 70 95 DE 76 77 7F FF | T:425951 RPD:0
[CH: 50] LEN: 12 | HEX: F5 77 F6 FD EA 73 95 EF C1 FD B7 BF | T:425962 RPD:1
[CH: 50] LEN: 12 | HEX: E9 77 7A FA FF 70 95 FD 76 7F AB BE | T:425974 RPD:1
[CH: 50] LEN: 12 | HEX: F9 77 F4 FB DE 73 95 FD C1 ED BF FF | T:425974 RPD:0
[CH: 50] LEN: 12 | HEX: F5 77 B6 F6 FE 70 95 EE F6 7F 7F FD | T:425985 RPD:0
[CH: 50] LEN: 12 | HEX: E9 77 F7 00 00 71 95 DB C9 06 BF 7F | T:426011 RPD:1
[CH: 50] LEN: 12 | HEX: F1 77 5F 00 00 71 95 FF 49 06 BE FF | T:426012 RPD:1
[CH: 50] LEN: 12 | HEX: F0 6D D7 00 FE EE 95 ED 60 9C BF FE | T:426042 RPD:1
[CH: 50] LEN: 12 | HEX: FC 6D EF 00 FE FA 95 EF 60 9C BE FF | T:426042 RPD:1
[CH: 50] LEN: 12 | HEX: F5 77 FD 00 00 71 95 FD 49 06 AE FF | T:426311 RPD:1
[CH: 50] LEN: 12 | HEX: F5 77 B7 00 00 71 95 DA C9 06 BF FF | T:426312 RPD:1
[CH: 50] LEN: 12 | HEX: F8 6D EF 80 FF FE 95 DF 60 9C BD 7F | T:426341 RPD:1
[CH: 50] LEN: 12 | HEX: F8 6D FA 00 FD FE 95 FF 60 9C BE FF | T:426342 RPD:1
[CH: 50] LEN: 12 | HEX: E9 77 6F 00 00 71 95 FB C9 06 BF FF | T:426611 RPD:1
[CH: 50] LEN: 12 | HEX: F5 77 5F 00 00 71 95 FA C9 06 BF EE | T:426612 RPD:1
[CH: 50] LEN: 12 | HEX: F8 6D DD 00 F4 FE 95 FF 60 9C BF F7 | T:426641 RPD:1
[CH: 50] LEN: 12 | HEX: F0 6D FD 00 FA F6 95 D7 60 9C BF EF | T:426642 RPD:1
[CH: 50] LEN: 12 | HEX: F5 77 F7 00 00 71 95 FF 49 06 BF FF | T:426911 RPD:1
[CH: 50] LEN: 12 | HEX: F5 7F 77 00 00 71 95 FE C9 06 BB EF | T:426911 RPD:1
[CH: 50] LEN: 12 | HEX: F8 6D FF 80 EC FE 95 F6 E0 9C BF BF | T:426941 RPD:1
[CH: 50] LEN: 12 | HEX: F8 6D F7 00 EF FE 95 FD 60 9C B7 FF | T:426942 RPD:1
[CH: 50] LEN: 12 | HEX: F1 77 77 00 00 71 95 FB C9 06 BF FF | T:427211 RPD:1
[CH: 50] LEN: 12 | HEX: F1 77 6F 00 00 71 95 FD C9 06 B7 F5 | T:427211 RPD:1
[CH: 50] LEN: 12 | HEX: F8 6D FA 00 F6 F6 95 ED 60 9C AB BB | T:427241 RPD:1
[CH: 50] LEN: 12 | HEX: F4 6D FD 00 EE EC 95 DE 60 9C BF FB | T:427242 RPD:1
[CH: 50] LEN: 12 | HEX: FA 76 FF 00 8C DF 95 FD 3C 73 BF FD | T:427456 RPD:1
[CH: 50] LEN: 12 | HEX: FA 76 F6 FE 73 BA 95 FE C2 8E BF F7 | T:427486 RPD:1
[CH: 50] LEN: 12 | HEX: F2 76 F6 FD 70 ED 95 FF B7 80 BD FF | T:427489 RPD:1
[CH: 50] LEN: 12 | HEX: FA 76 FE FC 71 DD 95 FD 6B 65 BF EF | T:427492 RPD:1
[CH: 50] LEN: 12 | HEX: F6 76 F6 FA 77 DA 95 FD 81 79 BE FF | T:427552 RPD:1
[CH: 50] LEN: 12 | HEX: FA 76 F4 F0 75 FD 95 FE 28 92 BF FF | T:427612 RPD:1
[CH: 50] LEN: 12 | HEX: F2 76 FE F7 72 FD 95 EE 99 85 BE FD | T:427642 RPD:0
[CH: 50] LEN: 12 | HEX: FA 76 EA E6 77 BE 95 FA 45 60 BE FF | T:427672 RPD:0
[CH: 50] LEN: 12 | HEX: FA 76 FE EC 79 ED 95 EF EC 8B BB DF | T:427732 RPD:1
[CH: 50] LEN: 12 | HEX: F6 76 F4 F3 7E FE 95 EF DA 72 AF D7 | T:427762 RPD:1
[CH: 50] LEN: 12 | HEX: FA 76 FE F2 7B D6 95 FF 86 97 BF 5D | T:427792 RPD:1
[CH: 50] LEN: 12 | HEX: FA 76 FA F1 78 F5 95 D6 73 99 BF F7 | T:427822 RPD:1
[CH: 50] LEN: 12 | HEX: F2 76 F6 F0 75 FF 95 EB 2E 7A BF FF | T:427852 RPD:1
[CH: 50] LEN: 12 | HEX: F2 7E F6 EF 62 F6 95 FE 81 96 BF 7F | T:427882 RPD:1
[CH: 50] LEN: 12 | HEX: FA 76 FE EE 63 FE 95 FF 5D 73 B5 FB | T:427912 RPD:1
[CH: 50] LEN: 12 | HEX: FA 76 FE ED 60 EE 95 D5 A8 69 BF F7 | T:427942 RPD:1
[CH: 50] LEN: 12 | HEX: FA 76 F4 EC 61 FE 95 D5 74 98 AD 5B | T:427972 RPD:1
[CH: 50] LEN: 12 | HEX: FA 76 FE EB 66 FA 95 FA C2 61 BD DE | T:428002 RPD:1
[CH: 50] LEN: 12 | HEX: F2 76 FE EA 67 FA 95 FE DE 84 BF FF | T:428032 RPD:1
[CH: 50] LEN: 12 | HEX: FA 76 FE E9 64 FC 95 FF 5B 8A BF F6 | T:428062 RPD:1
[CH: 50] LEN: 12 | HEX: F2 76 FE E8 65 FE 95 EE B7 6F AB BF | T:428092 RPD:1
[CH: 50] LEN: 12 | HEX: FA 76 FA E7 6A F5 95 F5 46 78 BD 56 | T:428122 RPD:1
[CH: 50] LEN: 12 | HEX: FA 76 FE E6 6B BC 95 EA 5A 9D B7 FB | T:428152 RPD:1
[CH: 50] LEN: 12 | HEX: F2 76 EE E5 48 F4 95 D5 2F 13 AF 57 | T:428182 RPD:1
[CH: 50] LEN: 12 | HEX: F2 76 FE E4 69 F6 95 FF F3 76 BF BF | T:428212 RPD:1
[CH: 50] LEN: 12 | HEX: FA 76 FE E3 6E FE 95 FF C5 8F 3E FE | T:428242 RPD:1
[CH: 50] LEN: 12 | HEX: FA 76 FE E2 6F F9 95 F5 19 6A BE DF | T:428272 RPD:1
[CH: 50] LEN: 12 | HEX: FA 76 FE E1 6C FE 95 F5 6C 64 BE BA | T:428302 RPD:1
[CH: 50] LEN: 12 | HEX: FA 76 FC E0 6D F5 95 FF 70 81 BF 7B | T:428332 RPD:1
[CH: 50] LEN: 12 | HEX: FA 76 FE DF 52 EA 95 D7 21 91 BF DD | T:428362 RPD:1
[CH: 50] LEN: 12 | HEX: F2 76 EA F6 73 F6 95 FF A2 8E BF FF | T:428392 RPD:1
[CH: 50] LEN: 12 | HEX: F2 76 F4 FD 70 F6 95 DE B7 80 BD BD | T:428396 RPD:1
[CH: 50] LEN: 12 | HEX: FA 76 F4 FC 71 F6 95 F7 6B 65 BD BD | T:428400 RPD:1
[CH: 50] LEN: 12 | HEX: FA 76 FA FB 76 FE 95 EF 5D 9C BF EC | T:428430 RPD:1
[CH: 50] LEN: 12 | HEX: F2 76 FA FA 77 BD 95 EB 81 79 BB FF | T:428460 RPD:1
[CH: 50] LEN: 12 | HEX: FA 76 FE F9 74 FE 95 FF A4 77 BF 7F | T:428490 RPD:1
[CH: 50] LEN: 12 | HEX: FA 76 FD F0 75 FE 95 FF A8 92 B7 EE | T:428520 RPD:1
[CH: 50] LEN: 12 | HEX: FA 76 FE F7 7A FE 95 F5 99 85 BF FC | T:428550 RPD:1
[CH: 50] LEN: 12 | HEX: FA 76 FE F6 7B FE 95 FF 45 60 BF DD | T:428580 RPD:1
[CH: 50] LEN: 12 | HEX: F2 76 FE F5 78 F6 95 FE 30 6E BB 7E | T:428610 RPD:1
[CH: 50] LEN: 12 | HEX: F2 76 FE F4 79 FE 95 F7 DC 8B BF BF | T:428640 RPD:1
[CH: 50] LEN: 12 | HEX: FA 76 F6 F3 7C FC 95 FB BA 72 BF FD | T:428670 RPD:1
[CH: 50] LEN: 12 | HEX: FA 76 FE F2 7D F5 95 F7 06 97 BF B5 | T:428700 RPD:1
[CH: 50] LEN: 12 | HEX: F2 76 FE F1 78 FE 95 FF 73 99 BF 3F | T:428730 RPD:1
[CH: 50] LEN: 12 | HEX: FA 76 F6 F0 7D FA 95 FF AF 78 BF 7E | T:428760 RPD:1
[CH: 50] LEN: 12 | HEX: F2 7B FF 00 81 F6 95 EB EF FB BE FF | T:428975 RPD:1
[CH: 50] LEN: 12 | HEX: F2 7B FF 80 81 ED 95 FE AF B4 BE B5 | T:428976 RPD:1
[CH: 50] LEN: 12 | HEX: E9 77 BE FE FA 70 95 DE F6 7E FE BF | T:429006 RPD:0
[CH: 50] LEN: 12 | HEX: F9 77 FE F9 FC 73 95 F5 A1 F5 BF 7F | T:429009 RPD:0
[CH: 50] LEN: 12 | HEX: F1 77 FE FE F4 70 95 F6 76 77 7B EF | T:429012 RPD:0
[CH: 50] LEN: 12 | HEX: F1 77 FE FD F4 73 95 FF E1 FD BE B5 | T:429024 RPD:0
[CH: 50] LEN: 12 | HEX: F1 77 BE FA FE 70 95 EE F6 75 37 FF | T:429024 RPD:0
[CH: 50] LEN: 12 | HEX: F9 77 B9 FB FE 73 95 EB C1 ED BF FF | T:429035 RPD:0
[CH: 50] LEN: 12 | HEX: F9 77 FC F6 FE 70 95 FF 76 75 BF BF | T:429035 RPD:0
[CH: 50] LEN: 12 | HEX: F9 77 FE FD FE 73 95 FD C1 FD BF FF | T:429047 RPD:0
[CH: 50] LEN: 12 | HEX: F9 77 FE FE FE 70 95 FB 76 7F BF 56 | T:429058 RPD:0
[CH: 50] LEN: 12 | HEX: F9 77 EA FD FE 73 95 F5 A1 F5 BD FF | T:429058 RPD:0
[CH: 50] LEN: 12 | HEX: F9 77 DC FE F4 70 95 FF 76 7F BE EE | T:429070 RPD:1
[CH: 50] LEN: 12 | HEX: F1 77 FE F4 FA 70 95 DE F6 7F AF 7F | T:429070 RPD:0
[CH: 50] LEN: 12 | HEX: F1 77 DE F9 FE 73 95 FF C1 FD B7 ED | T:429081 RPD:1
[CH: 50] LEN: 12 | HEX: F9 7F BC FA FE 70 95 FF FE 7F BF FF | T:429092 RPD:1
[CH: 50] LEN: 12 | HEX: F9 77 FA F5 FE 73 95 FF 41 FB BF EF | T:429093 RPD:0
[CH: 50] LEN: 12 | HEX: F9 77 5E FE FE 70 95 FF 76 7E AF FE | T:429104 RPD:1
[CH: 50] LEN: 12 | HEX: F9 77 BC F9 EE 73 95 F7 21 F5 AF FF | T:429104 RPD:0
[CH: 50] LEN: 12 | HEX: E9 77 FA F4 FE 70 95 F7 76 7F F6 EE | T:429116 RPD:1
[CH: 50] LEN: 12 | HEX: F9 77 AE FD EA 73 95 D7 C1 DD BF F7 | T:429116 RPD:0
[CH: 50] LEN: 12 | HEX: F9 77 D7 FE FE 70 95 FE F6 7B 7D 7F | T:429127 RPD:1
[CH: 50] LEN: 12 | HEX: F1 77 FA F5 F4 73 95 D7 C1 FD BF EE | T:429138 RPD:1
[CH: 50] LEN: 12 | HEX: F1 77 74 FA FE 70 95 FE 76 6B BF 77 | T:429139 RPD:0
[CH: 50] LEN: 12 | HEX: FD 77 F4 ED FD 73 95 EB C1 E9 BE FF | T:429150 RPD:1
[CH: 50] LEN: 12 | HEX: F5 77 AE F5 F6 73 95 F7 C1 F5 BF FE | T:429150 RPD:0
[CH: 50] LEN: 12 | HEX: F5 77 FA F5 FE 70 95 F5 76 7F 7A DF | T:429162 RPD:1
[CH: 50] LEN: 12 | HEX: F1 77 FA F9 FD 73 95 EE 81 FD BF AF | T:429162 RPD:0
[CH: 50] LEN: 12 | HEX: E9 77 F4 EE FA 70 95 D6 F6 76 FE FF | T:429173 RPD:1
[CH: 50] LEN: 12 | HEX: F5 77 B6 FE FE 70 95 D7 76 77 BF FD | T:429184 RPD:1
[CH: 50] LEN: 12 | HEX: F5 77 5C FD DE 73 95 D4 41 A9 BF F5 | T:429185 RPD:1
[CH: 50] LEN: 12 | HEX: F9 77 B4 FE F6 70 95 FD 76 7A BF BF | T:429203 RPD:1
[CH: 50] LEN: 12 | HEX: F9 77 FA FD EF 73 95 F7 41 DD BF FF | T:429206 RPD:1
[CH: 50] LEN: 12 | HEX: E9 77 5E F5 FD 73 95 EA 81 D5 AD 52 | T:429212 RPD:1
[CH: 50] LEN: 12 | HEX: F1 77 B4 FF FE 70 95 EE F6 7F BF FF | T:429215 RPD:1
[CH: 50] LEN: 12 | HEX: F1 77 AE FD FF 73 95 FF 41 F9 BF FF | T:429227 RPD:1
[CH: 50] LEN: 12 | HEX: E9 77 FC FB DD 73 95 DE C1 DD BF EF | T:429241 RPD:1
[CH: 50] LEN: 12 | HEX: F1 77 F4 F6 EE 70 95 DD 76 7F 3D FF | T:429261 RPD:1
[CH: 50] LEN: 12 | HEX: F1 77 BE F5 EE 73 95 F7 C1 EF BF EF | T:429264 RPD:1
[CH: 50] LEN: 12 | HEX: E9 77 BE FE FE 70 95 DF 76 77 BF FB | T:429267 RPD:1
[CH: 50] LEN: 12 | HEX: F9 77 7C F5 FC 73 95 DE C1 D5 BB EF | T:429278 RPD:1
[CH: 50] LEN: 12 | HEX: F9 77 FA F6 EE 70 95 EF F6 7B FF 7F | T:429279 RPD:1
[CH: 50] LEN: 12 | HEX: FD 77 F6 FD F6 70 95 FF 76 77 BB BF | T:429314 RPD:1
[CH: 50] LEN: 12 | HEX: F5 77 BE F5 DE 73 95 EA C1 A9 AF DD | T:429317 RPD:1
[CH: 50] LEN: 12 | HEX: E9 77 FA FA FE 70 95 FD 76 7F 7F FF | T:429320 RPD:1
[CH: 50] LEN: 12 | HEX: E9 77 76 EE EA 70 95 EF F6 7F FF F7 | T:429343 RPD:1
[CH: 50] LEN: 12 | HEX: E9 77 BA FD FC 73 95 FD C1 ED B7 FF | T:429363 RPD:1
[CH: 50] LEN: 12 | HEX: F5 77 F6 FE F6 70 95 FD 76 7B 6F EB | T:429366 RPD:1
[CH: 50] LEN: 12 | HEX: E9 77 BC FD EC 73 95 DD C1 FD BF 7F | T:429369 RPD:1
[CH: 50] LEN: 12 | HEX: F9 77 FC FE FB 70 95 FE F6 7D B6 FB | T:429380 RPD:1
[CH: 50] LEN: 12 | HEX: FD 77 BE F5 FF 73 95 F7 C1 FD BF 7F | T:429381 RPD:1
[CH: 50] LEN: 12 | HEX: F5 77 F4 FE FA 70 95 EF 76 7F BF FB | T:429395 RPD:1
[CH: 50] LEN: 12 | HEX: F5 77 BC FD DE 73 95 D5 41 55 AF ED | T:429398 RPD:1
[CH: 50] LEN: 12 | HEX: F1 77 F6 FE EE 70 95 FE F6 7F FF FF | T:429418 RPD:1
[CH: 50] LEN: 12 | HEX: F9 77 F4 FD FD 73 95 EF C1 FD BD EF | T:429421 RPD:1
[CH: 50] LEN: 12 | HEX: F9 77 7E FE F6 70 95 FD 76 7F 3E FF | T:429424 RPD:1
[CH: 50] LEN: 12 | HEX: E9 7F AC F5 FE 73 95 FE 81 DD BE EF | T:429435 RPD:1
[CH: 50] LEN: 12 | HEX: F5 77 7A FE F6 70 95 FE F6 7F 7E F7 | T:429447 RPD:1
[CH: 50] LEN: 12 | HEX: F1 77 BE F6 FF 70 95 FD 76 77 7F 7E | T:429453 RPD:1
[CH: 50] LEN: 12 | HEX: F1 77 BE FD FF 73 95 DF C1 FD BF DF | T:429456 RPD:1
[CH: 50] LEN: 12 | HEX: F5 77 76 FE FE 70 95 EF 76 7F FD FF | T:429476 RPD:1
[CH: 50] LEN: 12 | HEX: E9 77 6E FD DA 73 95 DF C1 F9 BF BF | T:429479 RPD:1
[CH: 50] LEN: 12 | HEX: E9 77 FA F6 F6 70 95 F7 76 7F EF EF | T:429482 RPD:1
[CH: 50] LEN: 12 | HEX: F9 77 6E ED DD 73 95 D7 C1 ED BF B7 | T:429493 RPD:1
[CH: 50] LEN: 12 | HEX: F9 77 F4 FE FE 70 95 EF 76 7D B6 FF | T:429505 RPD:1
[CH: 50] LEN: 12 | HEX: F9 77 5C FD FD 73 95 DD C1 DD BF FD | T:429508 RPD:1
[CH: 50] LEN: 12 | HEX: ED 77 BE F4 EE 70 95 D7 76 7F FF FD | T:429511 RPD:1
[CH: 50] LEN: 12 | HEX: E9 77 EA FD FD 73 95 DE C1 FD BB 56 | T:429522 RPD:1
[CH: 50] LEN: 12 | HEX: F9 77 7A EE EE 70 95 EB 76 76 BF DE | T:429522 RPD:0
[CH: 50] LEN: 12 | HEX: F9 77 74 FB FD 73 95 FF 41 FD BB 5B | T:429534 RPD:1
[CH: 50] LEN: 12 | HEX: F5 77 F4 FE FE 70 95 F7 F6 75 BF FF | T:429534 RPD:1
[CH: 50] LEN: 12 | HEX: F9 77 FC FD FD 73 95 F7 C1 FD BD FF | T:429545 RPD:1
[CH: 50] LEN: 12 | HEX: F9 77 B4 FA FE 70 95 F6 F6 7B BB BD | T:429563 RPD:1
[CH: 50] LEN: 12 | HEX: F5 77 BE F5 DD 73 95 F7 C1 ED BB FF | T:429583 RPD:1
[CH: 50] LEN: 12 | HEX: F9 77 FA FA EE 70 95 DE 76 7F 7E EE | T:429586 RPD:1
[CH: 50] LEN: 12 | HEX: F9 77 FA 00 00 71 95 D5 C9 06 BF 7F | T:429620 RPD:1
[CH: 50] LEN: 12 | HEX: F5 77 EF 00 00 71 95 FD C9 06 AB FF | T:429621 RPD:1
[CH: 50] LEN: 12 | HEX: F8 6D DE 00 EE FE 95 FF E0 9C B7 FE | T:429651 RPD:1
[CH: 50] LEN: 12 | HEX: F8 6D EE 80 F6 EA 95 F7 60 9C BF FF | T:429652 RPD:1
[CH: 50] LEN: 12 | HEX: FD 77 BF 00 00 71 95 DF C9 06 BF FF | T:429920 RPD:1
[CH: 50] LEN: 12 | HEX: F5 77 FF 00 00 71 95 FD C9 06 AF FF | T:429921 RPD:1
[CH: 50] LEN: 12 | HEX: F8 6D DF 80 F6 EE 95 FD E0 9C BB FD | T:429951 RPD:1
[CH: 50] LEN: 12 | HEX: E8 6D FD 00 EE FC 95 FE E0 9C BE F6 | T:429951 RPD:1
[CH: 50] LEN: 12 | HEX: ED 77 5F 00 00 79 95 EE C9 06 BF B6 | T:430220 RPD:1
[CH: 50] LEN: 12 | HEX: F1 77 B5 00 00 71 95 EE C9 06 BF FF | T:430221 RPD:1
[CH: 50] LEN: 12 | HEX: F4 6D FE 80 FE EE 95 FE 60 9C BF F7 | T:430250 RPD:1
[CH: 50] LEN: 12 | HEX: F0 6D DA 00 EA F7 95 DF 60 9C BF F7 | T:430251 RPD:1
[CH: 50] LEN: 12 | HEX: F5 77 B7 00 00 71 95 FD C9 06 BF FB | T:430520 RPD:1
[CH: 50] LEN: 12 | HEX: E9 77 F7 00 00 71 95 FA C9 06 BF FF | T:430520 RPD:1
[CH: 50] LEN: 12 | HEX: F4 6D F7 80 FE FE 95 FD 60 9C BF DF | T:430550 RPD:1
[CH: 50] LEN: 12 | HEX: FC 6D F7 80 EE F6 95 FD 60 9C BF FF | T:430551 RPD:1
[CH: 50] LEN: 12 | HEX: FA 76 FB 00 8C F6 95 FE BC 73 AF FF | T:430754 RPD:1
[CH: 50] LEN: 12 | HEX: FA 76 FE 80 8C FA 95 DE 3C 73 BD FF | T:430755 RPD:1
[CH: 50] LEN: 12 | HEX: FA 76 FE FA 73 FE 95 FF 42 8E B5 FF | T:430785 RPD:1
[CH: 50] LEN: 12 | HEX: FA 76 FE FD 70 FE 95 FF 37 C0 BF E5 | T:430788 RPD:1
[CH: 50] LEN: 12 | HEX: F6 76 F7 EC 71 FD 95 DD 6B 65 BB FF | T:430791 RPD:1
[CH: 50] LEN: 12 | HEX: F6 76 F6 EB 76 FE 95 FE 5D 9C BB D7 | T:430821 RPD:1
[CH: 50] LEN: 12 | HEX: F6 76 F6 F9 74 FE 95 EF F4 77 7F FF | T:430881 RPD:1
[CH: 50] LEN: 12 | HEX: F2 76 FE F8 75 EC 95 DA 28 92 B7 FF | T:430911 RPD:1
[CH: 50] LEN: 12 | HEX: FA 76 FE F7 7A F6 95 FD 19 85 BB 7F | T:430941 RPD:1
[CH: 50] LEN: 12 | HEX: F6 76 FE F6 7B AE 95 D7 45 60 AD FF | T:430971 RPD:1
[CH: 50] LEN: 12 | HEX: FA 76 FE F5 70 F5 95 FD 30 6F AB FF | T:431001 RPD:1
[CH: 50] LEN: 12 | HEX: FA 76 FE F4 79 FE 95 EA AC 8B 37 EA | T:431031 RPD:1
[CH: 50] LEN: 12 | HEX: EA 76 F6 F2 7F EA 95 FE 06 97 BE D5 | T:431091 RPD:1
[CH: 50] LEN: 12 | HEX: FA 76 FE F1 7C FE 95 FF 73 99 BF 7F | T:431121 RPD:1
[CH: 50] LEN: 12 | HEX: FA 76 F5 F0 75 F6 95 EB AF 78 BF FF | T:431151 RPD:1
[CH: 50] LEN: 12 | HEX: FA 76 F6 EF 62 EE 95 FE 81 96 BB FF | T:431181 RPD:1
[CH: 50] LEN: 12 | HEX: FA 76 FA EE 63 FC 95 FE BD 73 B7 FD | T:431211 RPD:1
[CH: 50] LEN: 12 | HEX: FA 76 F4 ED 60 F4 95 F7 A8 7D BF F7 | T:431241 RPD:1
[CH: 50] LEN: 12 | HEX: F2 76 FE EC 61 FE 95 FB F4 98 BE FF | T:431271 RPD:1
[CH: 50] LEN: 12 | HEX: F2 76 F6 FB 66 FE 95 FF 42 61 AF DF | T:431301 RPD:1
[CH: 50] LEN: 12 | HEX: FA 76 FE EA 67 FE 95 FF 9E 84 B5 F9 | T:431331 RPD:1
[CH: 50] LEN: 12 | HEX: F2 76 F6 E9 64 FE 95 EA 8B 8A AF 75 | T:431361 RPD:1
[CH: 50] LEN: 12 | HEX: F2 76 F4 E8 65 EE 95 FF 37 6F AF 6F | T:431391 RPD:1
[CH: 50] LEN: 12 | HEX: FA 76 FE E7 6A FE 95 FF 86 7C BF FF | T:431421 RPD:1
[CH: 50] LEN: 12 | HEX: EA 76 FC E6 6B FE 95 FF 5A 9D AE FF | T:431451 RPD:1
[CH: 50] LEN: 12 | HEX: FA 76 FE E5 68 FE 95 EA 2D 13 AA 9F | T:431481 RPD:1
[CH: 50] LEN: 12 | HEX: FA 76 FE E4 69 FE 95 EB A3 76 BE FF | T:431511 RPD:1
[CH: 50] LEN: 12 | HEX: F2 76 EA E3 6E F4 95 FF 65 8F BE FF | T:431541 RPD:1
[CH: 50] LEN: 12 | HEX: FA 76 FC E2 6F FE 95 EF 19 6A BB FB | T:431571 RPD:1
[CH: 50] LEN: 12 | HEX: FA 76 FE E1 6C FE 95 FA EC 64 AE F7 | T:431601 RPD:1
[CH: 50] LEN: 12 | HEX: FA 76 F5 E0 6D FE 95 D7 70 81 BF 7E | T:431631 RPD:1
[CH: 50] LEN: 12 | HEX: FA 76 F6 DE D2 F6 95 FF 21 91 BB DF | T:431661 RPD:1
[CH: 50] LEN: 12 | HEX: FA 76 F5 FA 73 FC 95 EF C2 8E BB 7F | T:431691 RPD:1
[CH: 50] LEN: 12 | HEX: FA 76 FE FD 70 FE 95 FF B7 80 BF D7 | T:431695 RPD:1
[CH: 50] LEN: 12 | HEX: F2 76 FE FC 71 EC 95 FE 6B 65 BF FF | T:431699 RPD:1
[CH: 50] LEN: 12 | HEX: FA 76 FE F3 76 FC 95 FF 5D 9C BF 7D | T:431729 RPD:1
[CH: 50] LEN: 12 | HEX: FA 76 F6 FA 77 FE 95 F7 81 79 BF BF | T:431759 RPD:1
[CH: 50] LEN: 12 | HEX: FA 7B EF 00 81 F5 95 EF 4F FD 3B FB | T:431974 RPD:1
[CH: 50] LEN: 12 | HEX: FA 7B FD 00 81 FE 95 D5 CE 85 56 EA | T:431975 RPD:1
[CH: 50] LEN: 12 | HEX: F9 77 FE FE F4 70 95 FD 76 7E BB FF | T:432004 RPD:1
[CH: 50] LEN: 12 | HEX: F1 77 D6 FD FE 73 95 FF C1 E9 BF BF | T:432007 RPD:1
[CH: 50] LEN: 12 | HEX: F9 77 FE FE FE 70 95 FF 76 7F AB EF | T:432011 RPD:1
[CH: 50] LEN: 12 | HEX: F9 77 FC F9 FE 73 95 EA 81 D5 B7 EE | T:432022 RPD:1
[CH: 50] LEN: 12 | HEX: F9 77 AE FE FE 70 95 EA 76 75 BA 7E | T:432022 RPD:0
[CH: 50] LEN: 12 | HEX: F1 77 DC F9 FC 73 95 FF E1 EB BB F4 | T:432033 RPD:1
[CH: 50] LEN: 12 | HEX: F9 77 EE FE FC 70 95 FF 76 7D 3B FF | T:432034 RPD:0
[CH: 50] LEN: 12 | HEX: F9 77 BB F9 FA 73 95 F7 C1 F5 B7 BF | T:432045 RPD:1
[CH: 50] LEN: 12 | HEX: F1 77 FF FE FA 70 95 F7 76 7E EF FF | T:432056 RPD:1
[CH: 50] LEN: 12 | HEX: F9 77 FD F9 FE 73 95 FF A1 E9 AA EF | T:432056 RPD:0
[CH: 50] LEN: 12 | HEX: F1 77 FE FE EA 70 95 F7 F6 7B BE FD | T:432068 RPD:1
[CH: 50] LEN: 12 | HEX: F9 77 FE F4 FA 70 95 FF 76 7D BE FF | T:432068 RPD:0
[CH: 50] LEN: 12 | HEX: F1 77 EA FD FC 73 95 EE A1 FD BF FF | T:432079 RPD:1
[CH: 50] LEN: 12 | HEX: F9 77 FE FC FB 70 95 FF 76 7F BB 5F | T:432091 RPD:1
[CH: 50] LEN: 12 | HEX: F9 77 DA FD FE 73 D5 FB 41 ED BF FF | T:432091 RPD:0
[CH: 50] LEN: 12 | HEX: F9 76 AE FE FE 70 95 FF 76 7E BF FB | T:432102 RPD:1
[CH: 50] LEN: 12 | HEX: F9 77 DE FD F6 73 95 EA 81 D3 BF DD | T:432102 RPD:0
[CH: 50] LEN: 12 | HEX: F9 77 FE FE FE 70 95 FF 76 7D 3F F7 | T:432114 RPD:1
[CH: 50] LEN: 12 | HEX: F9 77 BD FD FE 73 95 F7 C1 F9 BF FD | T:432114 RPD:0
[CH: 50] LEN: 12 | HEX: F1 77 FD FE FC 70 95 FF 76 77 7F FF | T:432125 RPD:1
[CH: 50] LEN: 12 | HEX: F9 77 FE F5 FE 73 95 EE A1 FD BE EF | T:432137 RPD:1
[CH: 50] LEN: 12 | HEX: F9 77 FF FC FE 70 95 D2 76 6A BF ED | T:432137 RPD:0
[CH: 50] LEN: 12 | HEX: F9 77 FA FD FE 73 95 EE A1 F5 BF FF | T:432148 RPD:1
[CH: 50] LEN: 12 | HEX: F9 77 FA FD DC 73 95 EA 81 AB BF BE | T:432148 RPD:0
[CH: 50] LEN: 12 | HEX: F9 77 F6 FE FE 70 95 DF 54 5A B5 F5 | T:432160 RPD:1
[CH: 50] LEN: 12 | HEX: F9 77 EE F9 FE 73 95 F7 C1 F5 BF FF | T:432160 RPD:0
[CH: 50] LEN: 12 | HEX: F9 77 FE FE FC 70 95 FF 76 7F BF BB | T:432171 RPD:1
[CH: 50] LEN: 12 | HEX: F9 77 DA FE FE 70 95 FB 76 7F BD FB | T:432183 RPD:1
[CH: 50] LEN: 12 | HEX: F9 77 DC FD FE 73 95 F7 41 D5 BF FE | T:432183 RPD:0
[CH: 50] LEN: 12 | HEX: F9 77 DC FE FE 70 95 FF 76 7F BE FF | T:432194 RPD:1
[CH: 50] LEN: 12 | HEX: F9 77 FE EA FE 70 95 F6 76 77 EF FF | T:432194 RPD:0
[CH: 50] LEN: 12 | HEX: F9 77 FD FB FC 73 95 EF 41 F5 BA D5 | T:432206 RPD:1
[CH: 50] LEN: 12 | HEX: FD 77 BB FA FE 70 95 D6 F6 7F FF FF | T:432217 RPD:1
[CH: 50] LEN: 12 | HEX: F9 77 F6 F5 FE 73 95 EE 81 FD BF FF | T:432217 RPD:1
[CH: 50] LEN: 12 | HEX: F9 77 5D FE EA 74 95 DF 76 7F BB FF | T:432229 RPD:1
[CH: 50] LEN: 12 | HEX: F1 77 5E FD EA 73 95 FE 81 D5 BF F7 | T:432229 RPD:0
[CH: 50] LEN: 12 | HEX: F9 77 AE F6 FA 70 95 FF 76 7F BF F5 | T:432240 RPD:1
[CH: 50] LEN: 12 | HEX: F9 77 BB FD FE 73 95 D6 A1 A9 BF 7F | T:432240 RPD:0
[CH: 50] LEN: 12 | HEX: F9 77 DE EC FE 70 95 EF 76 77 BF BE | T:432252 RPD:1
[CH: 50] LEN: 12 | HEX: F5 77 B4 FD FE 73 95 EF C1 FF BF DD | T:432263 RPD:1
[CH: 50] LEN: 12 | HEX: F1 77 BE F6 FE 70 95 D7 76 75 B7 7F | T:432263 RPD:0
[CH: 50] LEN: 12 | HEX: F9 77 DA FD FD 73 95 EE C1 FD AF BB | T:432274 RPD:1
[CH: 50] LEN: 12 | HEX: FD 77 5E ED FE 73 95 EF 41 ED BF 7F | T:432275 RPD:0
[CH: 50] LEN: 12 | HEX: F1 77 DE FE F6 70 95 FF FE 7F B7 FF | T:432286 RPD:1
[CH: 50] LEN: 12 | HEX: F9 77 EE F5 EA 73 95 F5 41 FD BD F7 | T:432286 RPD:0
[CH: 50] LEN: 12 | HEX: F5 77 F4 EA EC 70 95 FF FE 7F 3E FB | T:432298 RPD:1
[CH: 50] LEN: 12 | HEX: FD 77 F4 FD FF 73 95 FF 41 FD BF FF | T:432309 RPD:1
[CH: 50] LEN: 12 | HEX: F9 77 BC FE EE 70 95 EE F6 77 BF FF | T:432309 RPD:0
[CH: 50] LEN: 12 | HEX: F1 77 BC FE FE 70 95 EE F6 7B BF FF | T:432320 RPD:1
[CH: 50] LEN: 12 | HEX: D5 77 6E F6 EE 70 95 DD 76 7F 3D FF | T:432321 RPD:0
[CH: 50] LEN: 12 | HEX: F9 77 FE F5 EE 73 95 F5 C1 FD BB B7 | T:432332 RPD:1
[CH: 50] LEN: 12 | HEX: F5 77 BE FA EE 70 95 DD 76 7F 7F FE | T:432332 RPD:0
[CH: 50] LEN: 12 | HEX: F5 77 F4 EB ED 73 95 FE C1 D5 BB FF | T:432344 RPD:1
[CH: 50] LEN: 12 | HEX: F5 77 DA FA FA 70 95 ED 76 7A BF FD | T:432355 RPD:1
[CH: 50] LEN: 12 | HEX: F9 77 FE FD DE 73 95 DF C1 E9 BB FD | T:432355 RPD:1
[CH: 50] LEN: 12 | HEX: F5 76 FE EA FE 70 95 F6 F6 7D BF FF | T:432366 RPD:1
[CH: 50] LEN: 12 | HEX: F5 77 B4 F5 FD 73 95 FD 41 D5 BF DF | T:432367 RPD:0
[CH: 50] LEN: 12 | HEX: F5 77 76 ED ED 73 95 DF C1 FB BD FA | T:432378 RPD:1
[CH: 50] LEN: 12 | HEX: F5 77 BE FD EA 73 95 FD 41 FD BD B5 | T:432389 RPD:1
[CH: 50] LEN: 12 | HEX: F1 77 BE FE FC 70 95 DF 76 75 BD 59 | T:432390 RPD:0
[CH: 50] LEN: 12 | HEX: F5 77 7E FD FE 73 95 EA C1 DF B6 FF | T:432401 RPD:1
[CH: 50] LEN: 12 | HEX: F9 77 5E F6 FE 68 95 DE 77 6B BF FA | T:432401 RPD:0
[CH: 50] LEN: 12 | HEX: F1 77 FC F5 FD 73 95 FE 81 DD BF FD | T:432412 RPD:1
[CH: 50] LEN: 12 | HEX: F5 77 AE E9 FD 73 95 FE 81 DB B7 FF | T:432413 RPD:0
[CH: 50] LEN: 12 | HEX: F1 77 FA FD DD 73 95 DD C1 DD BD 7D | T:432424 RPD:1
[CH: 50] LEN: 12 | HEX: F5 77 F4 FD DE 73 95 EB C1 DD B7 FD | T:432435 RPD:1
[CH: 50] LEN: 12 | HEX: F9 77 7E EA FC 60 95 DE F6 7F BB EF | T:432436 RPD:0
[CH: 50] LEN: 12 | HEX: F9 77 EA FD FE 73 95 FE C1 D9 B7 FE | T:432447 RPD:1
[CH: 50] LEN: 12 | HEX: E9 77 BE FD EE 73 95 EE C1 D9 AE FB | T:432447 RPD:0
[CH: 50] LEN: 12 | HEX: E9 77 DA F6 F6 70 95 EB 76 7B 7F FB | T:432458 RPD:1
[CH: 50] LEN: 12 | HEX: ED 77 B6 F6 EE 70 95 EF 76 75 7F FF | T:432459 RPD:0
[CH: 50] LEN: 12 | HEX: F5 77 F6 FD FD 73 95 ED C1 F9 BF 5F | T:432470 RPD:1
[CH: 50] LEN: 12 | HEX: F5 77 F4 F6 FE 70 95 ED 76 7F 77 FF | T:432481 RPD:1
[CH: 50] LEN: 12 | HEX: F1 77 FE F5 EF 73 95 EF C1 F5 BE BF | T:432482 RPD:0
[CH: 50] LEN: 12 | HEX: F9 77 FC FE EF 70 95 FE 76 7E BF 7F | T:432493 RPD:1
[CH: 50] LEN: 12 | HEX: ED 77 5C FD F6 70 95 EF 76 7F 3A FF | T:432493 RPD:1
[CH: 50] LEN: 12 | HEX: F9 77 FE ED DD 73 95 FE C1 FD BF E9 | T:432504 RPD:1
[CH: 50] LEN: 12 | HEX: F5 77 F6 ED DE 73 95 ED C1 DD BF BF | T:432516 RPD:1
[CH: 50] LEN: 12 | HEX: F5 77 6A EA ED 70 95 DA 76 7F 7F 7F | T:432516 RPD:0
[CH: 50] LEN: 12 | HEX: F9 77 BE FD FE 73 95 FF 41 F5 BF F7 | T:432527 RPD:1
[CH: 50] LEN: 12 | HEX: F1 77 B6 FD EE 73 95 DD C1 D7 B7 FF | T:432527 RPD:0
[CH: 50] LEN: 12 | HEX: F9 77 BE FC FE 70 95 FD 76 7A BF F7 | T:432539 RPD:1
[CH: 50] LEN: 12 | HEX: E9 77 DE F5 DE 73 95 FF 41 ED BB FF | T:432539 RPD:0
[CH: 50] LEN: 12 | HEX: F5 77 EC FC EE 70 95 FD 76 7A BF F5 | T:432550 RPD:1
[CH: 50] LEN: 12 | HEX: F9 77 EA FD ED 73 95 F7 C1 ED BE BF | T:432562 RPD:1
[CH: 50] LEN: 12 | HEX: F1 77 7E EE EE 70 95 FD 76 77 3F FD | T:432562 RPD:0
[CH: 50] LEN: 12 | HEX: F9 77 B4 FD DE 73 95 FD 41 FD BB 77 | T:432573 RPD:1
[CH: 50] LEN: 12 | HEX: F9 77 DE FE F6 70 95 EE F6 7F 77 FF | T:432573 RPD:0
[CH: 50] LEN: 12 | HEX: E9 77 5A F7 FD 73 95 EF 41 FD AF FF | T:432585 RPD:1
[CH: 50] LEN: 12 | HEX: F9 67 5E DD F6 70 95 EF 76 75 F7 FF | T:432585 RPD:0
[CH: 50] LEN: 12 | HEX: F9 77 76 ED FD 73 95 DD 41 DD FF D7 | T:432596 RPD:1
[CH: 50] LEN: 12 | HEX: F9 77 AE FE FE 70 95 EF 7E 7F 36 FF | T:432608 RPD:1
[CH: 50] LEN: 12 | HEX: E9 77 FE F5 F6 73 95 DF C1 FD BF FB | T:432608 RPD:0
[CH: 50] LEN: 12 | HEX: F9 77 F4 FE FE 70 95 ED F6 7F BF DF | T:432619 RPD:1
[CH: 50] LEN: 12 | HEX: F5 77 7E F7 F6 70 95 FF 76 7F 7B 7F | T:432619 RPD:0
[CH: 50] LEN: 12 | HEX: F9 77 BE FD DD 7B 95 DF C1 D9 FD FF | T:432631 RPD:1
[CH: 50] LEN: 12 | HEX: E9 77 B6 FE EE 70 95 DF 76 7F 7F F7 | T:432642 RPD:1
[CH: 50] LEN: 12 | HEX: E9 77 F4 ED FD 73 95 D7 C1 FD BB F7 | T:432642 RPD:0
[CH: 50] LEN: 12 | HEX: E9 77 5E F4 FE 70 95 FE F6 7B 77 F7 | T:432654 RPD:1
[CH: 50] LEN: 12 | HEX: F1 77 74 FD FE 73 95 CA 81 B5 AB FE | T:432654 RPD:0
[CH: 50] LEN: 12 | HEX: F5 77 B6 FD EE 70 95 D7 76 76 BF 6F | T:432665 RPD:1
[CH: 50] LEN: 12 | HEX: F9 77 7E E9 FD 6B 95 EE 81 DD BF FF | T:432665 RPD:0
[CH: 50] LEN: 12 | HEX: F9 67 74 F4 FE 70 95 FD 76 77 BF DF | T:432677 RPD:1
[CH: 50] LEN: 12 | HEX: F5 77 BE FE FE 70 95 FE F6 7F 7D FF | T:432688 RPD:1
[CH: 50] LEN: 12 | HEX: F1 77 FE F5 DD 63 95 FD 41 ED BF FB | T:432688 RPD:0
[CH: 50] LEN: 12 | HEX: F1 77 7E ED DE 73 95 DE C1 E9 BE FE | T:432700 RPD:1
[CH: 50] LEN: 12 | HEX: F9 77 DE FD FE 73 95 DF C1 FD BF 7E | T:432700 RPD:0
[CH: 50] LEN: 12 | HEX: F5 77 FE FE F4 70 95 FE F6 7F EF FF | T:432711 RPD:1
[CH: 50] LEN: 12 | HEX: F9 77 7C F6 F6 70 95 FF F6 7A B7 F5 | T:432711 RPD:0
[CH: 50] LEN: 12 | HEX: F5 77 FE E9 ED 73 95 DE C1 E9 BF DE | T:432723 RPD:0
[CH: 50] LEN: 12 | HEX: F5 77 FA 00 00 71 95 EF C9 06 BD FB | T:432740 RPD:1
[CH: 50] LEN: 12 | HEX: F9 77 5F 00 00 71 95 DF C9 06 B7 FD | T:432741 RPD:1
[CH: 50] LEN: 12 | HEX: F4 6D EE 00 FE F6 95 FD 60 9C B7 FF | T:432771 RPD:1
[CH: 50] LEN: 12 | HEX: F4 6D F7 00 FA FE 95 FD 60 9C BD FD | T:432772 RPD:1
[CH: 50] LEN: 12 | HEX: F9 77 BB 00 00 71 95 D7 C9 06 BF FD | T:433040 RPD:1
[CH: 50] LEN: 12 | HEX: F5 77 7F 00 00 71 95 F6 C9 06 BB DF | T:433041 RPD:1
[CH: 50] LEN: 12 | HEX: F4 6D EF 00 EE EC 95 EE 60 9C BF FF | T:433071 RPD:1
[CH: 50] LEN: 12 | HEX: FC 6D FF 00 EC FA 95 FD 60 9C BF 6D | T:433071 RPD:1
[CH: 50] LEN: 12 | HEX: F5 77 77 00 00 71 95 D6 C9 06 AF FF | T:433340 RPD:1
[CH: 50] LEN: 12 | HEX: F9 77 7D 00 00 71 95 FD C9 06 BF BF | T:433341 RPD:1
[CH: 50] LEN: 12 | HEX: F4 6D FD 00 EE F6 95 ED 60 9C BF AE | T:433370 RPD:1
[CH: 50] LEN: 12 | HEX: F8 6D FD 00 FE FE 95 FF 60 9C BE B5 | T:433371 RPD:1
[CH: 50] LEN: 12 | HEX: F9 77 77 00 00 71 95 FF 49 06 BF FD | T:433640 RPD:1
[CH: 50] LEN: 12 | HEX: F4 6D FA 00 EE F6 95 D5 60 98 BF BF | T:433670 RPD:1
[CH: 50] LEN: 12 | HEX: E8 6D FE 80 EA FC 95 EF 60 9C BF FB | T:433671 RPD:1
[CH: 50] LEN: 12 | HEX: F6 76 F7 00 8C F6 95 DD 3C 73 BD 77 | T:433884 RPD:1
[CH: 50] LEN: 12 | HEX: F6 76 F7 00 8C EF 95 ED 3C 73 BF BE | T:433885 RPD:1
[CH: 50] LEN: 12 | HEX: FE 76 FE F6 73 F4 95 FD 42 8E BF 7B | T:433915 RPD:1
[CH: 50] LEN: 12 | HEX: FA 76 F6 F5 70 F6 95 DE B7 80 BE B9 | T:433918 RPD:1
[CH: 50] LEN: 12 | HEX: F6 76 FA F4 71 F6 95 DE 6B 65 AF 7F | T:433921 RPD:1
[CH: 50] LEN: 12 | HEX: F6 76 FE F8 75 EC 95 FD 28 92 BD 56 | T:434041 RPD:1
[CH: 50] LEN: 12 | HEX: FA 76 F6 FF 72 FE 95 DE 99 85 BF EB | T:434071 RPD:1
[CH: 50] LEN: 12 | HEX: FA 76 F7 F6 7B FA 95 FD 45 60 BF FF | T:434101 RPD:1
[CH: 50] LEN: 12 | HEX: F2 76 FE F5 70 ED 95 FE 30 6E BF 54 | T:434131 RPD:1
[CH: 50] LEN: 12 | HEX: F6 76 FC F3 7C EE 95 D6 DA 72 BF EF | T:434191 RPD:1
[CH: 50] LEN: 12 | HEX: FA 76 FA FA 7F BF 95 FE 06 97 BF FF | T:434221 RPD:1
[CH: 50] LEN: 12 | HEX: F6 66 FE F9 7C F6 95 FA 73 99 BF A4 | T:434251 RPD:0
[CH: 50] LEN: 12 | HEX: FA 76 F6 E8 7F FD 95 FE AF 74 BF B7 | T:434281 RPD:0
[CH: 50] LEN: 12 | HEX: FA 76 F6 EF 62 EE 95 EB 01 96 BF EF | T:434311 RPD:0
[CH: 50] LEN: 12 | HEX: F6 76 F6 EE 63 FD 95 DD DD 73 BF BF | T:434341 RPD:1
[CH: 50] LEN: 12 | HEX: F2 76 F6 ED 60 FE 95 EB 68 6D AF 3F | T:434371 RPD:1
[CH: 50] LEN: 12 | HEX: F2 76 FE EC 61 FE 95 FF 74 98 AD FD | T:434401 RPD:1
[CH: 50] LEN: 12 | HEX: F2 76 FA EB 66 FE 95 D5 42 61 B3 BF | T:434431 RPD:1
[CH: 50] LEN: 12 | HEX: FA 76 FE EA 67 EC 95 DB 9E 84 BF FD | T:434461 RPD:0
[CH: 50] LEN: 12 | HEX: FA 76 FA E9 64 FE 95 DF 4B 8A BB EF | T:434491 RPD:0
[CH: 50] LEN: 12 | HEX: FA 76 FE E7 6A FC 95 F7 06 78 BF 5F | T:434551 RPD:1
[CH: 50] LEN: 12 | HEX: FA 76 FD E6 6B F6 95 F5 5A 9D BF FF | T:434581 RPD:1
[CH: 50] LEN: 12 | HEX: FA 76 FE F5 68 FE 95 FF 2F 93 BE FF | T:434611 RPD:1
[CH: 50] LEN: 12 | HEX: EA 76 EA E4 69 F6 95 FF 53 76 BE FF | T:434641 RPD:1
[CH: 50] LEN: 12 | HEX: FA 76 FE E3 6E FA 95 F5 A5 8F 3F FF | T:434671 RPD:1
[CH: 50] LEN: 12 | HEX: FA 76 FE E2 6F FE 95 EE 99 6A BD FF | T:434701 RPD:1
[CH: 50] LEN: 12 | HEX: FA 76 FC E1 6C FC 95 FD 6C 64 B7 EF | T:434731 RPD:1
[CH: 50] LEN: 12 | HEX: F2 76 FE E0 6D FE 95 E9 30 81 B7 FB | T:434761 RPD:1
[CH: 50] LEN: 12 | HEX: FA 7E FE DF 52 FE 95 F5 21 91 BA BE | T:434791 RPD:0
[CH: 50] LEN: 12 | HEX: FA 76 FE FE 73 F4 95 EA 82 8E BF FE | T:434821 RPD:0
[CH: 50] LEN: 12 | HEX: FA 76 F6 F9 70 FC 95 F5 37 80 BF EF | T:434825 RPD:0
[CH: 50] LEN: 12 | HEX: FA 76 F6 FC 71 EB 95 EB 6B 65 BF 7D | T:434829 RPD:0
[CH: 50] LEN: 12 | HEX: FA 76 F4 FB 76 FE 95 FE DD 9C BF D2 | T:434859 RPD:0
[CH: 50] LEN: 12 | HEX: FA 76 FD FA 77 FE 95 FF 81 79 BF DF | T:434889 RPD:0
[CH: 50] LEN: 12 | HEX: FA 76 FC F9 74 FC 95 FF AC 77 3D FE | T:434919 RPD:0
[CH: 50] LEN: 12 | HEX: EA 76 F6 F8 75 FE 95 FF 28 92 AF BB | T:434949 RPD:0
[CH: 50] LEN: 12 | HEX: F2 73 DD 80 81 D6 95 FF CF 7A BF F7 | T:435154 RPD:0
[CH: 50] LEN: 12 | HEX: FA 7B D5 00 81 F6 95 FF EF BE FA FF | T:435154 RPD:0
[CH: 50] LEN: 12 | HEX: F1 77 BE FE FE 70 95 FF 76 7F BF F7 | T:435184 RPD:0
[CH: 50] LEN: 12 | HEX: F9 77 D6 FD FE 73 95 F7 C1 FD BF FF | T:435187 RPD:0
[CH: 50] LEN: 12 | HEX: F9 77 EE FE F4 70 95 DB F6 7F BB EB | T:435190 RPD:0
[CH: 50] LEN: 12 | HEX: F9 77 FA FD F5 73 95 EF C1 F5 BF FF | T:435202 RPD:0
[CH: 50] LEN: 12 | HEX: F9 77 FE FA FC 70 95 FD 76 7D 3F FB | T:435202 RPD:0
[CH: 50] LEN: 12 | HEX: F9 77 5C FD FE 73 95 FF A1 FD BF DE | T:435213 RPD:0
[CH: 50] LEN: 12 | HEX: F9 77 FE FC FE 70 95 F5 76 7F B7 FD | T:435213 RPD:0
[CH: 50] LEN: 12 | HEX: F9 77 FE FD FE 73 95 FB C1 FD B7 ED | T:435225 RPD:0
[CH: 50] LEN: 12 | HEX: F9 77 FE FE FE 70 95 FE 76 7F BF FF | T:435236 RPD:0
[CH: 50] LEN: 12 | HEX: F9 77 FE F5 FE 73 D5 FF C1 F9 BF 7D | T:435236 RPD:0
[CH: 50] LEN: 12 | HEX: F1 77 DB FE FE 70 95 FF 76 7F AF BE | T:435248 RPD:0
[CH: 50] LEN: 12 | HEX: F9 77 D4 FE FE 78 95 FB 76 7D BE F5 | T:435248 RPD:0
[CH: 50] LEN: 12 | HEX: F9 77 FD FD FF 73 95 FF 21 F9 B7 FF | T:435259 RPD:0
[CH: 50] LEN: 12 | HEX: F9 77 FE F8 FA 70 95 FF 76 75 BE DF | T:435270 RPD:0
[CH: 50] LEN: 12 | HEX: F9 77 DE EB F4 73 95 FF C1 FD BF DF | T:435271 RPD:0
[CH: 50] LEN: 12 | HEX: F9 77 F4 FE F6 70 95 EA 76 75 BE 96 | T:435282 RPD:0
[CH: 50] LEN: 12 | HEX: F5 77 D6 FD FE 73 95 F5 C1 F9 B7 FF | T:435282 RPD:0
[CH: 50] LEN: 12 | HEX: F9 77 DC F4 EA 70 95 EA 76 7B BF EE | T:435294 RPD:0
[CH: 50] LEN: 12 | HEX: F9 77 DA F7 FA 73 95 EF E1 EB BF BF | T:435294 RPD:0
[CH: 50] LEN: 12 | HEX: F9 77 FE FC FE 70 95 FF 76 7D BF 7A | T:435305 RPD:0
[CH: 50] LEN: 12 | HEX: F9 77 D6 FD FE 73 95 CF 81 AD B6 E9 | T:435316 RPD:0
[CH: 50] LEN: 12 | HEX: F9 77 FE FE FE 70 95 F7 76 7F BF DF | T:435317 RPD:0
[CH: 50] LEN: 12 | HEX: F9 77 FD F7 FF 73 95 FF A1 FD BF 5F | T:435328 RPD:1
[CH: 50] LEN: 12 | HEX: F9 77 D4 F9 FE 73 D5 FF C1 F5 BB FF | T:435328 RPD:0
[CH: 50] LEN: 12 | HEX: F9 77 FC FE FA 70 95 FF 76 7F AE D7 | T:435340 RPD:0
[CH: 50] LEN: 12 | HEX: F9 77 BF FD FE 73 95 F5 C1 D5 BA FF | T:435340 RPD:0
[CH: 50] LEN: 12 | HEX: F9 77 D4 FE FE 70 95 FF 76 7F B5 FA | T:435351 RPD:0
[CH: 50] LEN: 12 | HEX: F9 77 D4 FE FE 70 95 FF 76 7F B7 EF | T:435362 RPD:1
[CH: 50] LEN: 12 | HEX: F1 77 DF F9 FC 73 95 D6 A1 A9 BF 7F | T:435363 RPD:0
[CH: 50] LEN: 12 | HEX: F1 77 D6 FC FE 70 95 F7 76 7F BE FE | T:435374 RPD:1
[CH: 50] LEN: 12 | HEX: F9 77 B5 F6 FA 70 95 FB 76 7B 3D FF | T:435374 RPD:0
[CH: 50] LEN: 12 | HEX: F9 77 DF FD FE 73 95 FF A1 FB BF FF | T:435385 RPD:1
[CH: 50] LEN: 12 | HEX: F9 77 FE F6 FE 70 95 ED 76 7F BF 7F | T:435397 RPD:1
[CH: 50] LEN: 12 | HEX: F9 77 D4 F5 FE 73 95 D5 01 5D BF 7C | T:435397 RPD:0
[CH: 50] LEN: 12 | HEX: F9 77 FF FE FA 70 95 EE F6 7F BB F7 | T:435408 RPD:1
[CH: 50] LEN: 12 | HEX: F1 77 5E F6 ED 70 95 EF 76 7A B5 EF | T:435409 RPD:0
[CH: 50] LEN: 12 | HEX: F9 77 F4 F5 DE 73 95 EF C1 DD BF FF | T:435420 RPD:1
[CH: 50] LEN: 12 | HEX: F1 77 76 F5 ED 73 95 FD 41 D9 BB 7A | T:435420 RPD:0
[CH: 50] LEN: 12 | HEX: E9 77 FA EA F4 70 95 EF 76 7B 3F 5F | T:435431 RPD:1
[CH: 50] LEN: 12 | HEX: F9 77 7E F5 DE 73 95 F7 C1 DD BF D4 | T:435443 RPD:1
[CH: 50] LEN: 12 | HEX: F1 77 FB F4 FE 70 95 FD 76 7F 3E FE | T:435443 RPD:0
[CH: 50] LEN: 12 | HEX: E9 77 5E FD FE 73 95 FE 81 D5 BD 77 | T:435454 RPD:1
[CH: 50] LEN: 12 | HEX: F5 77 F6 ED FE 73 95 FE C1 FD BB F7 | T:435455 RPD:0
[CH: 50] LEN: 12 | HEX: F9 77 FA FE FE 70 95 FD 76 7F 7F DF | T:435466 RPD:1
[CH: 50] LEN: 12 | HEX: F5 77 BC FD FC 73 95 F7 41 FB AE BF | T:435466 RPD:0
[CH: 50] LEN: 12 | HEX: E9 77 FD F6 FE 70 95 EE 76 7E BF FE | T:435477 RPD:1
[CH: 50] LEN: 12 | HEX: F9 77 BE F5 F6 73 95 EF C1 ED AF DF | T:435489 RPD:1
[CH: 50] LEN: 12 | HEX: E9 77 BE FE FC 70 95 FB 76 7D BB 7F | T:435489 RPD:0
[CH: 50] LEN: 12 | HEX: F1 77 FA F4 EE 70 95 FE F6 7B 7B EF | T:435500 RPD:1
[CH: 50] LEN: 12 | HEX: F5 77 B6 F6 FD 70 95 FF 76 7B 7F FF | T:435501 RPD:0
[CH: 50] LEN: 12 | HEX: F5 77 BA FD DD 73 95 DF C1 DF BF BE | T:435512 RPD:1
[CH: 50] LEN: 12 | HEX: F1 77 F4 EC EE 70 95 ED 7E 77 FD FF | T:435512 RPD:0
[CH: 50] LEN: 12 | HEX: F1 77 F4 ED FE 73 95 F7 C1 DD B7 DF | T:435523 RPD:1
[CH: 50] LEN: 12 | HEX: F5 77 FA F6 EC 70 95 FF 76 7F FD FD | T:435535 RPD:1
[CH: 50] LEN: 12 | HEX: E9 77 5E F7 F6 73 95 EB C1 FD BF 6A | T:435535 RPD:0
[CH: 50] LEN: 12 | HEX: F5 77 7E FE FE 70 95 FF 76 7B BF FF | T:435546 RPD:1
[CH: 50] LEN: 12 | HEX: E9 77 BA FC F6 70 95 DD 76 7F BD FF | T:435547 RPD:0
[CH: 50] LEN: 12 | HEX: FD 77 DE F5 EE 73 95 FE C1 ED BE FD | T:435558 RPD:1
[CH: 50] LEN: 12 | HEX: F9 77 74 F5 DD 73 95 DD C1 D5 BF FD | T:435569 RPD:1
[CH: 50] LEN: 12 | HEX: F9 77 F6 FD FA 73 95 DF C1 FD B6 BD | T:435569 RPD:0
[CH: 50] LEN: 12 | HEX: ED 77 FA F5 F6 73 95 EE C1 FD BF D6 | T:435581 RPD:0
[CH: 50] LEN: 12 | HEX: F9 77 F4 FE FE 70 95 FF 76 7B 3F 7D | T:435585 RPD:1
[CH: 50] LEN: 12 | HEX: F9 77 76 FD FD 73 95 DD C1 FD BB F5 | T:435588 RPD:1
[CH: 50] LEN: 12 | HEX: F1 77 BE FF FF 70 95 ED 76 7F 6F FF | T:435608 RPD:1
[CH: 50] LEN: 12 | HEX: F5 77 B4 ED ED 73 95 EF C1 DD BE F6 | T:435611 RPD:1
[CH: 50] LEN: 12 | HEX: F9 77 F6 F5 F4 73 95 FD 41 FD BF FF | T:435634 RPD:1
[CH: 50] LEN: 12 | HEX: E9 77 F4 F4 EC F0 95 ED 76 7F 3F DE | T:435637 RPD:1
[CH: 50] LEN: 12 | HEX: FD 77 76 FD DE 73 95 EF C1 FD BE FF | T:435640 RPD:1
[CH: 50] LEN: 12 | HEX: F9 77 FA F6 FE 70 95 FE 76 7D BF FF | T:435651 RPD:1
[CH: 50] LEN: 12 | HEX: F5 77 AE FD F6 73 95 FE 81 DD BF DF | T:435651 RPD:0
[CH: 50] LEN: 12 | HEX: E9 77 BA FC FE 70 95 FE 76 7B BF FF | T:435663 RPD:1
[CH: 50] LEN: 12 | HEX: F1 77 FE FD FF 73 95 FF C1 FF BD 6A | T:435663 RPD:0
[CH: 50] LEN: 12 | HEX: F9 77 BB EE FA 70 95 FD 76 7F 3E 5E | T:435674 RPD:0
[CH: 50] LEN: 12 | HEX: F1 77 FA EE FE 70 95 EE F6 7F BF DF | T:435686 RPD:1
[CH: 50] LEN: 12 | HEX: F9 77 B4 F5 EE 73 95 F5 41 ED B7 FF | T:435686 RPD:1
[CH: 50] LEN: 12 | HEX: ED 77 FE F5 EF 73 95 FD C1 FD BF FF | T:435697 RPD:1
[CH: 50] LEN: 12 | HEX: F9 77 BD FA FE 70 95 FE F6 7F 7B FF | T:435697 RPD:0
[CH: 50] LEN: 12 | HEX: F1 77 FC FD FF 73 95 FD C1 FD BD EF | T:435709 RPD:1
[CH: 50] LEN: 12 | HEX: F9 77 BE F5 EA 73 95 D7 C1 DD BF FF | T:435720 RPD:1
[CH: 50] LEN: 12 | HEX: FD 77 FF FE FE 70 95 FF 76 7F BF FD | T:435720 RPD:1
[CH: 50] LEN: 12 | HEX: F1 77 DE FD DA 73 95 DF C1 D5 BF FF | T:435732 RPD:1
[CH: 50] LEN: 12 | HEX: E9 77 76 EE F6 70 95 EA 76 7A BF FE | T:435732 RPD:0
[CH: 50] LEN: 12 | HEX: F9 77 AC FD EF 73 95 FE C1 FD BF 7E | T:435743 RPD:1
[CH: 50] LEN: 12 | HEX: FD 77 FE FD FE 73 95 F7 C1 FD B7 FF | T:435743 RPD:0
[CH: 50] LEN: 12 | HEX: ED 77 56 FD F6 70 95 EE F6 77 3B DF | T:435755 RPD:0
[CH: 50] LEN: 12 | HEX: F9 77 FA FD F6 73 95 FE 81 FD BF AF | T:435780 RPD:1
[CH: 50] LEN: 12 | HEX: F5 77 BE F6 FE 70 95 F7 76 7F 3F BF | T:435783 RPD:1
[CH: 50] LEN: 12 | HEX: F5 77 DE FD FD 73 95 DF C1 ED BF 6B | T:435786 RPD:1
[CH: 50] LEN: 12 | HEX: F9 77 74 E9 FD 73 95 EF C1 FD BF FF | T:435797 RPD:1
[CH: 50] LEN: 12 | HEX: F1 77 F6 EE F6 70 95 EE F6 77 7F FF | T:435797 RPD:1
[CH: 50] LEN: 12 | HEX: E9 77 BE F9 DE 73 95 ED 41 ED BF AF | T:435809 RPD:1
[CH: 50] LEN: 12 | HEX: F5 77 F6 EE F6 70 95 FD 76 77 77 BD | T:435809 RPD:1
[CH: 50] LEN: 12 | HEX: FD 77 DE FD EF 73 95 EF C1 FD BF FF | T:435821 RPD:1
[CH: 50] LEN: 12 | HEX: F1 77 F6 EE EE 70 95 FE F6 7B B7 B7 | T:435832 RPD:1
[CH: 50] LEN: 12 | HEX: F5 77 F4 ED EA 73 95 FE C1 F9 AE F6 | T:435832 RPD:0
[CH: 50] LEN: 12 | HEX: F9 77 FB FE EA 70 95 FD 7E 7B BF FF | T:435844 RPD:0
[CH: 50] LEN: 12 | HEX: E9 77 FB FD EE 70 95 F7 76 7A BF EF | T:435853 RPD:1
[CH: 50] LEN: 12 | HEX: F5 77 F7 00 00 71 95 FA C9 06 B7 EF | T:435887 RPD:1
[CH: 50] LEN: 12 | HEX: F9 77 EF 00 00 71 95 EF C9 06 BF FF | T:435888 RPD:1
[CH: 50] LEN: 12 | HEX: F4 6D F5 00 FE F6 95 DD 60 9C BF EF | T:435918 RPD:1
[CH: 50] LEN: 12 | HEX: F4 6D EF 80 FC EE 95 DF 60 9C BB EF | T:435918 RPD:1
[CH: 50] LEN: 12 | HEX: F1 77 5F 00 00 71 95 FE C9 06 BF F7 | T:436187 RPD:1
[CH: 50] LEN: 12 | HEX: EC 6D FD 00 EA EE 95 DF 60 9C BF FF | T:436217 RPD:1
[CH: 50] LEN: 12 | HEX: F8 6D EE 80 EC FC 95 EE 60 9C B7 B7 | T:436218 RPD:1
[CH: 50] LEN: 12 | HEX: F5 77 FA 00 00 71 95 FF 49 06 BF FF | T:436487 RPD:1
[CH: 50] LEN: 12 | HEX: E9 77 BF 00 00 71 95 DE C9 06 BF FF | T:436487 RPD:1
[CH: 50] LEN: 12 | HEX: E8 6D DE 00 DD ED 95 FA 60 9C BF FE | T:436517 RPD:1
[CH: 50] LEN: 12 | HEX: F8 6D FE 80 FE F6 95 EB 60 9C AF 9F | T:436518 RPD:1
[CH: 50] LEN: 12 | HEX: F5 77 D5 00 00 71 95 FE 89 06 BF FB | T:436786 RPD:1
[CH: 50] LEN: 12 | HEX: E9 77 77 00 00 71 95 EF C9 06 BA FF | T:436787 RPD:1
[CH: 50] LEN: 12 | HEX: F0 6D F7 00 F4 FE 95 FF 60 9C BF FF | T:436817 RPD:1
[CH: 50] LEN: 12 | HEX: E8 6D FE 80 FE FA 95 D7 60 9C BF FE | T:436818 RPD:1
[CH: 50] LEN: 12 | HEX: F2 76 EF 00 8C EA 95 DE BC 73 BF ED | T:436881 RPD:1
[CH: 50] LEN: 12 | HEX: FA 76 EB 00 8C F4 95 EE B8 73 BF FF | T:436882 RPD:1
[CH: 50] LEN: 12 | HEX: FA 76 FA FE 73 BA 95 EF C2 8E AF BE | T:436912 RPD:1
[CH: 50] LEN: 12 | HEX: EE 7E FC FD 70 F4 95 FE B7 40 BF FE | T:436915 RPD:1
[CH: 50] LEN: 12 | HEX: F6 76 FE E8 71 DA 95 DE 6B 65 BF FD | T:436919 RPD:1
[CH: 50] LEN: 12 | HEX: F2 76 EF EE 7F FA 95 FD 81 75 BF EF | T:436979 RPD:1
[CH: 50] LEN: 12 | HEX: FA 76 EE F1 74 ED 95 ED F4 77 BE FF | T:437009 RPD:1
[CH: 50] LEN: 12 | HEX: F6 76 EE F4 75 FA 95 FD 28 92 AF FB | T:437039 RPD:1
[CH: 50] LEN: 12 | HEX: F6 76 EE E7 7A FA 95 ED 19 85 BF DF | T:437069 RPD:1
[CH: 50] LEN: 12 | HEX: EA 76 FE EE 7B FD 95 FD 45 60 BF BE | T:437099 RPD:1
[CH: 50] LEN: 12 | HEX: EA 76 FA F5 70 EE 95 EE 30 6E BF 6F | T:437129 RPD:1
[CH: 50] LEN: 12 | HEX: FA 76 EC E4 71 FD 95 FE EC 8B BF BE | T:437159 RPD:1
[CH: 50] LEN: 12 | HEX: FA 76 F6 F3 7A F6 95 FE 9A 72 BF FF | T:437189 RPD:1
[CH: 50] LEN: 12 | HEX: F2 76 FE EA 76 BE 95 DD 86 97 3F FF | T:437219 RPD:1
[CH: 50] LEN: 12 | HEX: EA 76 F4 F1 78 F5 95 D7 7B 99 BE B7 | T:437249 RPD:1
[CH: 50] LEN: 12 | HEX: FA 7E FE F0 7D FE 95 FF 6F 7C BF DF | T:437279 RPD:1
[CH: 50] LEN: 12 | HEX: FA 76 FC EF 62 FE 95 FF 01 96 BF 7F | T:437309 RPD:1
[CH: 50] LEN: 12 | HEX: FA 76 FE EE 63 FE 95 AF DD 6B BF EF | T:437339 RPD:1
[CH: 50] LEN: 12 | HEX: FA 76 FE ED 60 FE 95 F7 68 7D BF F7 | T:437369 RPD:1
[CH: 50] LEN: 12 | HEX: FA 76 FC EC 61 FE 95 F7 74 98 BE DB | T:437399 RPD:1
[CH: 50] LEN: 12 | HEX: FA 76 FE EB 66 FE 95 FB 42 61 AF FF | T:437429 RPD:1
[CH: 50] LEN: 12 | HEX: FA 76 FE EA 67 FE 95 EF DE 84 BF C8 | T:437459 RPD:1
[CH: 50] LEN: 12 | HEX: FA 76 EE E9 64 FE 95 FF 4B 8A BE FF | T:437489 RPD:1
[CH: 50] LEN: 12 | HEX: FA 76 FE E8 65 FA 95 FF 37 6F AF FF | T:437519 RPD:1
[CH: 50] LEN: 12 | HEX: FA 76 F5 EF 6A EA 95 D5 06 78 BF E9 | T:437549 RPD:1
[CH: 50] LEN: 12 | HEX: FA 76 FE E6 6B FC 95 FF 5A 9D BF F7 | T:437579 RPD:1
[CH: 50] LEN: 12 | HEX: FA 76 FE E5 68 F4 95 D5 2F 13 BF BF | T:437609 RPD:1
[CH: 50] LEN: 12 | HEX: FA 76 F4 E4 69 F4 95 FF 53 76 BF FF | T:437639 RPD:1
[CH: 50] LEN: 12 | HEX: FA 76 F4 E3 6E FA 95 FF C5 8F BF FF | T:437669 RPD:1
[CH: 50] LEN: 12 | HEX: FA 76 FE E2 6F FE 95 F7 19 6A BD 7B | T:437699 RPD:1
[CH: 50] LEN: 12 | HEX: FA 76 EE E0 6D EA 95 F7 70 81 BB 77 | T:437759 RPD:1
[CH: 50] LEN: 12 | HEX: FA 76 FE DF 52 FE 95 FA 21 91 BF FD | T:437789 RPD:1
[CH: 50] LEN: 12 | HEX: FA 76 F5 FE 73 FE 95 F5 82 8E BF F5 | T:437819 RPD:1
[CH: 50] LEN: 12 | HEX: EA 76 FC FD 70 FE 95 EB 37 80 BF B7 | T:437822 RPD:1
[CH: 50] LEN: 12 | HEX: F6 76 FE FC 71 FC 95 FF 6B 65 B6 FF | T:437826 RPD:1
[CH: 50] LEN: 12 | HEX: EA 76 F6 FB 76 FE 95 DE 5D 9C BE F7 | T:437857 RPD:1
[CH: 50] LEN: 12 | HEX: FA 76 FE FA 77 FE 95 FF 81 79 BF FF | T:437887 RPD:1
[CH: 50] LEN: 12 | HEX: FA 76 FE F1 74 FE 95 FF EC 77 AF FF | T:437917 RPD:1
[CH: 50] LEN: 12 | HEX: FA 76 FE F7 7A FE 95 FF 99 85 AF DF | T:437977 RPD:1
[CH: 50] LEN: 12 | HEX: FA 76 FB F6 7B FE 95 FF C5 60 BF BE | T:438006 RPD:1
[CH: 50] LEN: 12 | HEX: FA 7B EB 00 81 EB 95 F7 4F BD 2F EF | T:438210 RPD:1
[CH: 50] LEN: 12 | HEX: FA 7B FB 00 81 EC 95 FF BF AF 3F FF | T:438211 RPD:1
[CH: 50] LEN: 12 | HEX: F9 77 FF FC FC 70 95 FD 76 7E BF FB | T:438241 RPD:1
[CH: 50] LEN: 12 | HEX: ED 77 BD FD EE 73 95 D5 21 C9 B4 DE | T:438244 RPD:1
[CH: 50] LEN: 12 | HEX: F9 77 DD FC FB 70 95 F7 76 7E BB FF | T:438247 RPD:1
[CH: 50] LEN: 12 | HEX: F9 77 D6 F5 D6 73 95 FE 81 FD BF FF | T:438258 RPD:1
[CH: 50] LEN: 12 | HEX: F9 77 D5 FE FE 70 95 F5 76 7F BE FF | T:438259 RPD:0
[CH: 50] LEN: 12 | HEX: F1 77 BD FB F6 73 95 D7 C1 D5 BB FE | T:438270 RPD:1
[CH: 50] LEN: 12 | HEX: F9 77 D6 FE FA 70 95 DD F6 7F BB BE | T:438270 RPD:0
[CH: 50] LEN: 12 | HEX: F9 77 FE F5 ED 73 95 EB 41 F5 BF DA | T:438281 RPD:1
[CH: 50] LEN: 12 | HEX: F1 77 BD F5 FE 70 95 F5 76 77 BB BB | T:438293 RPD:1
[CH: 50] LEN: 12 | HEX: F1 77 5E F5 EC 73 95 DE 81 D5 B7 DB | T:438293 RPD:0
[CH: 50] LEN: 12 | HEX: F5 77 BF FE FE 70 95 EF 76 7A BB FA | T:438304 RPD:1
[CH: 50] LEN: 12 | HEX: F1 77 FC F4 EA 70 95 FF 76 7F AF 7E | T:438304 RPD:0
[CH: 50] LEN: 12 | HEX: F1 77 BD F5 FE 73 95 EB C1 ED BB FF | T:438316 RPD:1
[CH: 50] LEN: 12 | HEX: F1 77 FE F6 EA 70 95 FD 76 7F 7F F7 | T:438327 RPD:1
[CH: 50] LEN: 12 | HEX: F1 77 FF ED FE 7B 95 FF C1 F9 BA FD | T:438327 RPD:0
[CH: 50] LEN: 12 | HEX: F9 77 DD FA FE 70 95 FF 76 7D BF FB | T:438339 RPD:1
[CH: 50] LEN: 12 | HEX: F9 77 BC FD EE 73 95 FF C1 DD AE FF | T:438339 RPD:0
[CH: 50] LEN: 12 | HEX: F9 77 BA F6 F6 70 95 FD 76 75 BF 7E | T:438350 RPD:1
[CH: 50] LEN: 12 | HEX: F9 77 BC FD DC 73 95 EF A1 F5 BD FF | T:438350 RPD:0
[CH: 50] LEN: 12 | HEX: F1 77 FF F6 FE 70 95 EE 76 FA B7 FD | T:438362 RPD:1
[CH: 50] LEN: 12 | HEX: F9 77 5E FD FE 73 95 D7 41 FD BE D6 | T:438373 RPD:1
[CH: 50] LEN: 12 | HEX: F9 77 7A F6 FD 70 95 ED 76 7B BF FE | T:438373 RPD:0
[CH: 50] LEN: 12 | HEX: F1 77 FA FD FE 7B 95 EF C1 FD BF FF | T:438385 RPD:1
[CH: 50] LEN: 12 | HEX: F1 77 BC FD DE 73 95 EA 81 F5 BD 6F | T:438385 RPD:0
[CH: 50] LEN: 12 | HEX: F9 77 F6 F6 F6 78 95 FF 76 7F 3F F7 | T:438396 RPD:1
[CH: 50] LEN: 12 | HEX: F1 77 BE EE EE 70 95 DD F6 77 BF DA | T:438396 RPD:0
[CH: 50] LEN: 12 | HEX: E9 77 BA F5 D6 73 95 FE C1 D5 AF EE | T:438408 RPD:1
[CH: 50] LEN: 12 | HEX: F9 77 7A F4 ED 60 95 FF 76 7F BF FF | T:438419 RPD:1
[CH: 50] LEN: 12 | HEX: F1 77 F6 F5 FF 73 95 EB C1 DB BF DF | T:438419 RPD:0
[CH: 50] LEN: 12 | HEX: F5 77 B6 FC EE 70 95 DE F6 7F BE F6 | T:438431 RPD:1
[CH: 50] LEN: 12 | HEX: F9 77 DA F5 FE 70 95 F7 76 77 BF FF | T:438431 RPD:0
[CH: 50] LEN: 12 | HEX: F9 77 F6 ED FF 73 95 EF C1 ED BF FF | T:438442 RPD:1
[CH: 50] LEN: 12 | HEX: F5 77 7E FE FE 70 95 DE 76 7F 7F FE | T:438453 RPD:1
[CH: 50] LEN: 12 | HEX: F5 77 B4 F9 F4 73 95 EA 81 A9 BF EF | T:438454 RPD:1
[CH: 50] LEN: 12 | HEX: F5 77 F6 FD DA 73 95 FD C1 FD BA BF | T:438465 RPD:1
[CH: 50] LEN: 12 | HEX: F5 77 7E F6 ED 70 95 FE F7 7B B7 7F | T:438465 RPD:0
[CH: 50] LEN: 12 | HEX: F9 77 F6 FD EE 73 95 FD C1 ED AF FF | T:438477 RPD:1
[CH: 50] LEN: 12 | HEX: E9 77 6A FE FE 70 95 EE 76 75 FF 75 | T:438477 RPD:0
[CH: 50] LEN: 12 | HEX: FD 77 DE FD FD 73 95 FD C1 FD BF EF | T:438488 RPD:1
[CH: 50] LEN: 12 | HEX: E9 77 FA ED FC 73 95 EE C1 F9 BF FA | T:438499 RPD:1
[CH: 50] LEN: 12 | HEX: F5 77 EA F6 ED 70 95 EF F6 7A BF D6 | T:438500 RPD:0
[CH: 50] LEN: 12 | HEX: F9 77 F6 FD EE 73 95 FE C1 FD BF FF | T:438511 RPD:1
[CH: 50] LEN: 12 | HEX: FD 77 BA F9 FD 73 95 D5 41 AB BD AD | T:438511 RPD:0
[CH: 50] LEN: 12 | HEX: E9 77 FA FE EA 70 95 ED 76 7F BF BF | T:438523 RPD:1
[CH: 50] LEN: 12 | HEX: F5 77 F4 FD FA 73 95 ED C1 FF BE DD | T:438523 RPD:0
[CH: 50] LEN: 12 | HEX: F5 77 FA F6 FE 70 95 FF 76 7F B7 DF | T:438534 RPD:1
[CH: 50] LEN: 12 | HEX: F1 77 FE FD FA 73 95 AA C1 A9 BF EF | T:438545 RPD:1
[CH: 50] LEN: 12 | HEX: E9 77 B6 F4 FA 70 95 FD 76 7F 7E BD | T:438546 RPD:0
[CH: 50] LEN: 12 | HEX: F5 77 EE F6 F6 70 95 EF 76 FE BD EF | T:438557 RPD:1
[CH: 50] LEN: 12 | HEX: FD 77 BA FE FE 70 95 FD 76 7F 3B F2 | T:438557 RPD:0
[CH: 50] LEN: 12 | HEX: F1 77 F4 F5 EE 73 95 FF C1 DD BB FB | T:438568 RPD:1
[CH: 50] LEN: 12 | HEX: F5 77 BC F6 EE 70 95 FF 76 7B BF F7 | T:438569 RPD:0
[CH: 50] LEN: 12 | HEX: F1 77 BE FD FD 73 95 FD C1 FD BF BE | T:438580 RPD:1
[CH: 50] LEN: 12 | HEX: F9 77 FD FA F6 70 95 DD 76 75 FF FF | T:438591 RPD:1
[CH: 50] LEN: 12 | HEX: F9 77 76 F5 DC 73 95 EF C1 FD BB FF | T:438592 RPD:1
[CH: 50] LEN: 12 | HEX: F9 77 FA EE F6 70 95 EE F6 7A B7 6F | T:438603 RPD:1
[CH: 50] LEN: 12 | HEX: F5 77 F6 F6 EE 70 95 EF F7 7F 77 FF | T:438603 RPD:0
[CH: 50] LEN: 12 | HEX: F1 77 BE E9 FA 73 95 FE C1 E9 BF DF | T:438614 RPD:1
[CH: 50] LEN: 12 | HEX: F1 77 F4 ED F6 73 95 EF C1 FD BD FF | T:438626 RPD:1
[CH: 50] LEN: 12 | HEX: F1 77 FE FE FE 70 95 EE F6 77 7F F7 | T:438626 RPD:0
[CH: 50] LEN: 12 | HEX: F5 77 EE F5 FF 73 95 DF C1 FD BD AF | T:438637 RPD:1
[CH: 50] LEN: 12 | HEX: F9 77 F6 F9 FD 73 95 FE C1 FD BF BF | T:438638 RPD:0
[CH: 50] LEN: 12 | HEX: F5 77 BE FE EE 70 95 F7 76 7F AF DF | T:438649 RPD:1
[CH: 50] LEN: 12 | HEX: F5 77 FE F5 EC 73 95 F7 C1 FD BA AE | T:438649 RPD:0
[CH: 50] LEN: 12 | HEX: F5 77 BC FE EF 70 95 ED 76 7B FA FF | T:438660 RPD:1
[CH: 50] LEN: 12 | HEX: E9 77 EA F5 DC 73 95 DB C1 DD BF FE | T:438672 RPD:1
[CH: 50] LEN: 12 | HEX: E9 77 BC EC FC 70 95 FD 76 77 FD FF | T:438672 RPD:0
[CH: 50] LEN: 12 | HEX: F1 77 F4 ED FD 73 95 FD 41 FD 3F FF | T:438683 RPD:1
[CH: 50] LEN: 12 | HEX: E9 77 FA F6 FE 70 95 D7 76 75 FF EF | T:438684 RPD:0
[CH: 50] LEN: 12 | HEX: F5 77 B4 ED ED 73 D5 ED C1 ED BF DE | T:438695 RPD:1
[CH: 50] LEN: 12 | HEX: F5 77 AE F6 FE 70 95 F6 76 7F BB F1 | T:438695 RPD:0
[CH: 50] LEN: 12 | HEX: F5 77 B4 F5 FD 73 95 EF C1 FD BD DB | T:438706 RPD:1
[CH: 50] LEN: 12 | HEX: F9 77 DE FE FE 70 95 FE F6 7F F5 BF | T:438718 RPD:1
[CH: 50] LEN: 12 | HEX: F9 77 D6 FD EE 73 95 FF 41 ED BF FB | T:438718 RPD:0
[CH: 50] LEN: 12 | HEX: F1 77 FA EE F6 70 95 EE 76 7F 3D FF | T:438729 RPD:1
[CH: 50] LEN: 12 | HEX: F9 77 FA FE EE 70 95 EF 76 7F 6F 7F | T:438730 RPD:1
[CH: 50] LEN: 12 | HEX: E9 77 BE F5 FF 73 95 FF 41 DD BF FD | T:438741 RPD:1
[CH: 50] LEN: 12 | HEX: F5 77 F6 FE F6 70 95 EF 76 7F 7F FF | T:438752 RPD:1
[CH: 50] LEN: 12 | HEX: F5 77 FA F5 DD 73 95 FE 81 DB AF FD | T:438752 RPD:0
[CH: 50] LEN: 12 | HEX: E9 77 B6 F6 FD 70 95 EE 76 7B AF FF | T:438764 RPD:1
[CH: 50] LEN: 12 | HEX: F9 77 F6 F5 FD 73 95 FD C1 DD B7 FB | T:438764 RPD:0
[CH: 50] LEN: 12 | HEX: F9 77 BC FE F6 70 95 FE F6 7F BB BE | T:438775 RPD:1
[CH: 50] LEN: 12 | HEX: F5 77 B4 EF FE 73 95 FD 41 ED BB FD | T:438776 RPD:0
[CH: 50] LEN: 12 | HEX: F5 77 F4 F6 EC 70 95 FD 76 76 FF FF | T:438787 RPD:1
[CH: 50] LEN: 12 | HEX: E9 77 DA F5 FD 73 95 AA C1 AD B7 76 | T:438798 RPD:1
[CH: 50] LEN: 12 | HEX: F5 77 F4 EA F4 70 95 FD 76 77 37 FF | T:438798 RPD:0
[CH: 50] LEN: 12 | HEX: F5 77 F6 FD EE 73 95 FD 41 FD BF FF | T:438810 RPD:1
[CH: 50] LEN: 12 | HEX: F5 77 F4 FE FE 70 95 EE 76 7E B5 F7 | T:438810 RPD:0
[CH: 50] LEN: 12 | HEX: E9 77 6A F5 FD 73 95 DF C1 DD B7 FF | T:438821 RPD:1
[CH: 50] LEN: 12 | HEX: F5 77 F4 F6 FE 70 95 FD 76 7F 6F FF | T:438821 RPD:0
[CH: 50] LEN: 12 | HEX: F1 77 F6 FD EF 73 95 EF C1 DD AF 7F | T:438833 RPD:1
[CH: 50] LEN: 12 | HEX: F5 77 FA ED EC 70 95 EF 7E 7F FF FF | T:438844 RPD:1
[CH: 50] LEN: 12 | HEX: F9 77 7E FD 5E 73 95 F7 C1 ED AE FF | T:438844 RPD:0
[CH: 50] LEN: 12 | HEX: F5 77 FC FE FA 70 95 FD 76 7F 7F E1 | T:438856 RPD:1
[CH: 50] LEN: 12 | HEX: F9 77 BE F8 FE 70 95 FF F6 7F BB FF | T:438856 RPD:0
[CH: 50] LEN: 12 | HEX: FD 77 BE FD FE 73 95 F6 C1 FD BF 7F | T:438867 RPD:1
[CH: 50] LEN: 12 | HEX: F9 77 B6 FE F4 70 95 ED 76 7F 7F FB | T:438878 RPD:1
[CH: 50] LEN: 12 | HEX: F9 77 F4 F9 FD 73 95 FD C1 DD BF FF | T:438879 RPD:0
[CH: 50] LEN: 12 | HEX: F1 77 FC F6 FE 70 95 EF F6 7B 37 FD | T:438890 RPD:1
[CH: 50] LEN: 12 | HEX: F1 77 FE FD EC 73 95 EE C1 F5 BB FF | T:438890 RPD:0
[CH: 50] LEN: 12 | HEX: F5 77 FA F4 F6 70 95 EF 76 7F 7F D7 | T:438902 RPD:0
[CH: 50] LEN: 12 | HEX: F5 77 DB 00 00 71 95 D7 C9 06 BB FF | T:438923 RPD:1
[CH: 50] LEN: 12 | HEX: E9 77 BD 00 00 71 95 DB C9 06 BF FF | T:438924 RPD:1
[CH: 50] LEN: 12 | HEX: F4 6D FD 00 F6 EE 95 EF 60 9C BB F7 | T:438953 RPD:1
[CH: 50] LEN: 12 | HEX: F4 6D FE 00 F6 FE 95 DE 60 9C B5 77 | T:438954 RPD:1
[CH: 50] LEN: 12 | HEX: F5 77 AB 00 00 71 95 EF C9 06 BF FD | T:439223 RPD:1
[CH: 50] LEN: 12 | HEX: F5 77 7F 00 00 71 95 FD C9 06 AF 7D | T:439223 RPD:1
[CH: 50] LEN: 12 | HEX: E8 6D FE 00 F6 FE 95 FD 60 9C AF FF | T:439253 RPD:1
[CH: 50] LEN: 12 | HEX: F4 6D ED 00 FA FA 95 D6 E0 9C B9 FF | T:439254 RPD:1
[CH: 50] LEN: 12 | HEX: F5 77 7F 00 00 71 95 FF C9 06 AB FF | T:439522 RPD:1
[CH: 50] LEN: 12 | HEX: F5 77 EF 00 00 71 95 DD C9 06 BD DF | T:439523 RPD:1
[CH: 50] LEN: 12 | HEX: F8 6D DA 00 FA FE 95 FD 60 9C AF FF | T:439553 RPD:1
[CH: 50] LEN: 12 | HEX: F8 6D EF 00 EE FF 95 EE E0 9C BD FF | T:439554 RPD:1
[CH: 50] LEN: 12 | HEX: F5 77 5F 00 00 71 95 EE 89 06 B6 FF | T:439822 RPD:1
[CH: 50] LEN: 12 | HEX: F1 77 AD 00 00 71 95 DF C9 06 AB B9 | T:439823 RPD:1
[CH: 50] LEN: 12 | HEX: F8 6D FD 00 FE FF 95 EB 60 9C B7 FF | T:439853 RPD:1
[CH: 50] LEN: 12 | HEX: F4 6D FD 00 EE F6 95 EE 60 9C B6 FF | T:439854 RPD:1
[CH: 50] LEN: 12 | HEX: F2 76 F7 80 8C EE 95 FF 38 63 BF BB | T:439957 RPD:1
[CH: 50] LEN: 12 | HEX: F6 76 EE 80 8C FE 95 FD 3A 73 BF FF | T:439958 RPD:1
[CH: 50] LEN: 12 | HEX: FA 66 EE ED 70 FC 95 EE B7 80 BF FF | T:439991 RPD:1
[CH: 50] LEN: 12 | HEX: F6 76 F6 FC 71 FD 95 FE 6B 65 AF BF | T:439995 RPD:1
[CH: 50] LEN: 12 | HEX: FA 76 F6 FB 76 F4 95 FD 5D 9C BF FB | T:440025 RPD:1
[CH: 50] LEN: 12 | HEX: F6 76 FE FA 77 6A 95 EE 81 75 AD 7F | T:440055 RPD:1
[CH: 50] LEN: 12 | HEX: FA 76 FD E9 74 FD 95 DF F4 77 B6 FD | T:440085 RPD:1
[CH: 50] LEN: 12 | HEX: F2 76 FE F4 75 D6 95 EE A8 92 BB 7B | T:440115 RPD:1
[CH: 50] LEN: 12 | HEX: F6 76 FE EF 7A F6 95 FB 99 85 BF FB | T:440145 RPD:1
[CH: 50] LEN: 12 | HEX: FA 76 FE F6 73 DB 95 EF 45 60 AB DF | T:440175 RPD:1
[CH: 50] LEN: 12 | HEX: F2 76 FE F5 78 FD 95 FD B0 6E BE FF | T:440205 RPD:1
[CH: 50] LEN: 12 | HEX: F6 76 FA F4 79 EC 95 FD 6C 8B BF FE | T:440235 RPD:1
[CH: 50] LEN: 12 | HEX: F2 76 FD EB 7E F6 95 FB DA 72 AD FF | T:440265 RPD:1
[CH: 50] LEN: 12 | HEX: F2 76 FE E2 75 FE 95 FF 06 97 BD DA | T:440295 RPD:1
[CH: 50] LEN: 12 | HEX: FA 76 F5 F1 78 FE 95 DE F3 99 BF FF | T:440325 RPD:1
[CH: 50] LEN: 12 | HEX: F2 76 FA F0 79 EC 95 FF 6F 7C BD DF | T:440355 RPD:1
[CH: 50] LEN: 12 | HEX: FA 76 F6 EF 62 FE 95 EA 01 96 BE D7 | T:440385 RPD:1
[CH: 50] LEN: 12 | HEX: FA 76 FE EE 63 FE 95 EF 5D 73 BD FF | T:440415 RPD:1
[CH: 50] LEN: 12 | HEX: F2 76 FE ED 60 FB 95 FE A8 7D AB 7B | T:440445 RPD:1
[CH: 50] LEN: 12 | HEX: F2 76 F6 EC 61 EA 95 FF 74 98 BB FF | T:440475 RPD:1
[CH: 50] LEN: 12 | HEX: F2 76 F6 EB 66 F5 95 FF C2 61 BF EF | T:440505 RPD:1
[CH: 50] LEN: 12 | HEX: F2 76 F5 EA 67 FE 95 F7 9C 84 BF F7 | T:440535 RPD:1
[CH: 50] LEN: 12 | HEX: FA 76 F6 E9 64 FE 95 FD 5B 8A BB FA | T:440565 RPD:0
[CH: 50] LEN: 12 | HEX: FA 76 FB E7 6A F5 95 F5 86 78 BD F7 | T:440625 RPD:1
[CH: 50] LEN: 12 | HEX: FA 76 F6 F6 6B FE 95 FF 5A 9D BF D7 | T:440655 RPD:1
[CH: 50] LEN: 12 | HEX: F2 76 F4 E5 68 FE 95 EA AE 93 FD FB | T:440685 RPD:1
[CH: 50] LEN: 12 | HEX: FA 76 FE E4 69 F6 95 FB F3 76 BF 7F | T:440715 RPD:1
[CH: 50] LEN: 12 | HEX: FA 76 FE E3 6E FE 95 EA 25 8E 3D 6D | T:440745 RPD:1
[CH: 50] LEN: 12 | HEX: FA 76 FE E2 6F BB 95 FF 19 6A BD FE | T:440775 RPD:1
[CH: 50] LEN: 12 | HEX: F2 76 F5 E1 6C F6 95 D5 EC 64 AD EF | T:440805 RPD:1
[CH: 50] LEN: 12 | HEX: EA 76 F6 E0 6D FE 95 DA F0 81 BD 77 | T:440835 RPD:0
[CH: 50] LEN: 12 | HEX: FA 76 FE DF 52 FE 95 FF 21 91 BF FD | T:440865 RPD:0
[CH: 50] LEN: 12 | HEX: FA 76 FE FE 73 AE 95 FF C2 8E BF AF | T:440895 RPD:0
[CH: 50] LEN: 12 | HEX: FA 76 FE F9 70 FE 95 FF F7 80 BF 77 | T:440898 RPD:0
[CH: 50] LEN: 12 | HEX: FA 76 FA FC 71 FE 95 FF 6B 65 BF 7F | T:440902 RPD:0
[CH: 50] LEN: 12 | HEX: FA 76 FA FB 76 FE 95 FF 5D 98 BF FB | T:440932 RPD:0
[CH: 50] LEN: 12 | HEX: FA 76 FC EA 77 EE 95 FD 01 79 BF FE | T:440962 RPD:0
[CH: 50] LEN: 12 | HEX: FA 76 FE F9 74 FE 95 EB A4 77 BD EB | T:440992 RPD:0
[CH: 50] LEN: 12 | HEX: FA 76 FE F8 75 FE 95 DF 28 92 BF FD | T:441022 RPD:0
[CH: 50] LEN: 12 | HEX: F2 76 FC F7 72 F4 95 D5 19 45 BF 95 | T:441052 RPD:0
[CH: 50] LEN: 12 | HEX: F2 76 FC F6 7B FC 95 FA 45 60 B7 9F | T:441082 RPD:0
[CH: 50] LEN: 12 | HEX: FA 76 FE F5 74 EA 95 D5 30 6C BF FB | T:441112 RPD:0
[CH: 50] LEN: 12 | HEX: F2 76 FD F4 79 D6 95 FF 4C 8B BD FC | T:441142 RPD:0
[CH: 50] LEN: 12 | HEX: FA 7B FF 00 81 F6 95 FD CF FE BF FF | T:441356 RPD:1
[CH: 50] LEN: 12 | HEX: FA 7B D5 00 81 FE 95 F7 BF FD 37 FF | T:441357 RPD:1
[CH: 50] LEN: 12 | HEX: F9 77 AD FE FE 70 95 E8 76 6D 7F F7 | T:441388 RPD:1
[CH: 50] LEN: 12 | HEX: F9 77 AE FD FE 73 95 EE 81 FD BB F7 | T:441391 RPD:1
[CH: 50] LEN: 12 | HEX: F9 77 DB FE FA 70 95 FF 76 7B 3B 7F | T:441394 RPD:1
[CH: 50] LEN: 12 | HEX: F9 77 EE F5 FE 73 95 FF 41 E9 BF DF | T:441405 RPD:1
[CH: 50] LEN: 12 | HEX: F1 77 FE FA FC 60 95 EF 76 7B 3F FE | T:441405 RPD:0
[CH: 50] LEN: 12 | HEX: F9 77 DB FD EC 73 95 F7 C1 EB BF FF | T:441417 RPD:1
[CH: 50] LEN: 12 | HEX: F9 77 BD FA EE 70 95 FE F6 7F 7F D7 | T:441417 RPD:0
[CH: 50] LEN: 12 | HEX: F9 77 D6 F9 FE 73 95 FF A1 FD BB 7F | T:441428 RPD:1
[CH: 50] LEN: 12 | HEX: F9 77 FE FA F6 70 95 F6 76 7B AF BF | T:441440 RPD:1
[CH: 50] LEN: 12 | HEX: F1 77 6D ED EE 73 95 DA C1 FD B7 BF | T:441440 RPD:0
[CH: 50] LEN: 12 | HEX: E9 77 F4 FE FC 70 95 DE F6 7F 3B F6 | T:441451 RPD:0
[CH: 50] LEN: 12 | HEX: F5 77 DD FE FA 70 95 DD 76 75 37 AE | T:441451 RPD:0
[CH: 50] LEN: 12 | HEX: F9 77 B4 FD FE 73 95 FF 41 FD BF FF | T:441463 RPD:0
[CH: 50] LEN: 12 | HEX: F5 77 FD F6 FC 70 95 EF 76 7F B7 FB | T:441474 RPD:1
[CH: 50] LEN: 12 | HEX: F9 77 AE FD FA 73 95 DF C1 EB BF DB | T:441474 RPD:0
[CH: 50] LEN: 12 | HEX: F1 77 5E F4 F6 70 95 EB 76 77 7F EF | T:441486 RPD:1
[CH: 50] LEN: 12 | HEX: F9 77 BE FD FD 73 95 EB C1 ED BA FF | T:441486 RPD:0
[CH: 50] LEN: 12 | HEX: E9 77 3E F4 EA 68 95 D7 76 7F BD FF | T:441497 RPD:1
[CH: 50] LEN: 12 | HEX: F5 77 FC E9 DD 73 95 FF 21 D5 BB FF | T:441497 RPD:0
[CH: 50] LEN: 12 | HEX: F9 77 DC F5 F6 73 95 FF 41 ED BB FF | T:441509 RPD:1
[CH: 50] LEN: 12 | HEX: F9 77 F4 FF F6 73 95 ED 41 F5 BF BD | T:441520 RPD:1
[CH: 50] LEN: 12 | HEX: F9 77 FA FA FA 70 95 FF 76 7F 7F FF | T:441520 RPD:0
[CH: 50] LEN: 12 | HEX: F9 77 BA E9 EC 73 95 EA 81 A9 B5 7B | T:441531 RPD:1
[CH: 50] LEN: 12 | HEX: F1 77 6A FD EE 73 D5 D5 41 A9 BE BD | T:441532 RPD:1
[CH: 50] LEN: 12 | HEX: F5 77 BC FA FE 70 95 FF F6 7F 7E FB | T:441543 RPD:1
[CH: 50] LEN: 12 | HEX: F1 77 FA FD DD 73 95 FD C1 E9 BF FF | T:441546 RPD:1
[CH: 50] LEN: 12 | HEX: E9 77 DA EA EE 70 95 DE F6 75 BF A1 | T:441557 RPD:1
[CH: 50] LEN: 12 | HEX: E9 77 B4 F5 FD 73 95 D7 C1 DD BF BA | T:441557 RPD:1
[CH: 50] LEN: 12 | HEX: F5 77 EA F6 EA 70 95 FD 76 7F 7F FF | T:441572 RPD:1
[CH: 50] LEN: 12 | HEX: F9 77 7E ED DA 73 95 EF C1 DD BF D7 | T:441592 RPD:1
[CH: 50] LEN: 12 | HEX: E9 77 AD FE F6 70 95 EB 76 7F F7 FF | T:441595 RPD:1
[CH: 50] LEN: 12 | HEX: F9 77 B4 FD FF 73 95 FF C1 FD BD EF | T:441598 RPD:1
[CH: 50] LEN: 12 | HEX: F9 77 EA F4 EE 70 95 EB 76 7A AB 7F | T:441609 RPD:1
[CH: 50] LEN: 12 | HEX: F9 77 FF FB FD 73 95 DA C1 FB BF EF | T:441609 RPD:0
[CH: 50] LEN: 12 | HEX: F5 77 BA F6 FE 70 95 EF F6 7F 7F 75 | T:441620 RPD:1
[CH: 50] LEN: 12 | HEX: E9 77 6A F5 FD 73 95 FD 41 EF BF FB | T:441621 RPD:1
[CH: 50] LEN: 12 | HEX: F5 77 DE FA F6 70 95 FD 76 77 7A DD | T:441632 RPD:1
[CH: 50] LEN: 12 | HEX: F5 77 DD FD ED 73 95 FD 41 F7 BE F7 | T:441643 RPD:1
[CH: 50] LEN: 12 | HEX: F1 77 76 FC FE 70 95 DD 76 7F FB FF | T:441644 RPD:0
[CH: 50] LEN: 12 | HEX: F5 77 F4 FB EC 73 95 FE 81 FD BF FF | T:441655 RPD:1
[CH: 50] LEN: 12 | HEX: F9 77 FE FD FD 73 95 D5 41 C9 AB FF | T:441655 RPD:0
[CH: 50] LEN: 12 | HEX: F9 77 FE FE FE 70 95 FF F6 7F 7B FA | T:441666 RPD:1
[CH: 50] LEN: 12 | HEX: F5 77 6A F9 DE 73 95 F7 41 F5 BA FB | T:441678 RPD:1
[CH: 50] LEN: 12 | HEX: F1 77 BE F6 FE 70 95 EF 76 7B AF 7F | T:441678 RPD:0
[CH: 50] LEN: 12 | HEX: F5 77 BA F5 FC 73 95 FD 41 FD B7 FF | T:441689 RPD:1
[CH: 50] LEN: 12 | HEX: F1 77 FE F6 F6 70 95 EF 77 7B AB DF | T:441690 RPD:1
[CH: 50] LEN: 12 | HEX: F9 77 BE FD FD 73 95 FD 41 E9 BF ED | T:441701 RPD:1
[CH: 50] LEN: 12 | HEX: E9 77 BA FE EA 70 95 DD 76 77 F6 FF | T:441701 RPD:0
[CH: 50] LEN: 12 | HEX: F5 77 74 ED F6 73 D5 FF 41 FD BF FF | T:441712 RPD:1
[CH: 50] LEN: 12 | HEX: E9 77 BC ED EE 73 95 FD C1 D9 BF FF | T:441724 RPD:1
[CH: 50] LEN: 12 | HEX: F1 77 FA FE F6 70 95 D6 76 77 7F F7 | T:441724 RPD:0
[CH: 50] LEN: 12 | HEX: FD 77 F4 ED EE 73 95 EB 41 F5 BF FF | T:441735 RPD:1
[CH: 50] LEN: 12 | HEX: F9 77 BC F4 F4 70 95 FA 76 75 3F FF | T:441736 RPD:0
[CH: 50] LEN: 12 | HEX: F9 77 DC FD F6 73 95 FE C1 FD B7 BF | T:441747 RPD:1
[CH: 50] LEN: 12 | HEX: F5 77 BC FE FE 70 95 FD 76 7D BF FF | T:441747 RPD:0
[CH: 50] LEN: 12 | HEX: E9 77 FE FD DD 73 95 EE C1 ED BF F7 | T:441758 RPD:1
[CH: 50] LEN: 12 | HEX: F9 77 BE F5 FE 73 95 FE 81 FD BF BF | T:441770 RPD:1
[CH: 50] LEN: 12 | HEX: F9 77 B4 FE F4 70 95 FE 76 7F 7F FF | T:441770 RPD:0
[CH: 50] LEN: 12 | HEX: E9 77 BA F4 F6 70 95 EA 76 77 7F FF | T:441781 RPD:1
[CH: 50] LEN: 12 | HEX: F9 77 7A F4 FE 70 95 FE 76 7F FF FF | T:441782 RPD:1
[CH: 50] LEN: 12 | HEX: F9 77 BE FD FE 73 95 D7 C1 DD B7 EF | T:441793 RPD:1
[CH: 50] LEN: 12 | HEX: F9 77 74 EE FE 78 95 D6 F6 7A BF BB | T:441804 RPD:1
[CH: 50] LEN: 12 | HEX: F1 77 BC F5 DD 73 95 FD 41 FD BE BF | T:441804 RPD:0
[CH: 50] LEN: 12 | HEX: F9 77 FE FD FD 73 95 FD C1 DD BF FF | T:441816 RPD:0
[CH: 50] LEN: 12 | HEX: F9 77 BE FE FE 70 95 FE F6 7D 37 DE | T:441820 RPD:1
[CH: 50] LEN: 12 | HEX: F5 77 7E E9 EC 73 95 ED C1 D9 BB FF | T:441831 RPD:1
[CH: 50] LEN: 12 | HEX: E9 77 5C F6 EE 70 95 FE F6 7F 7F FF | T:441831 RPD:0
[CH: 50] LEN: 12 | HEX: E9 77 D6 FD EF 73 95 EE C1 FD BE FF | T:441842 RPD:1
[CH: 50] LEN: 12 | HEX: E9 77 5A FE FE 70 95 EE F6 7A BF BD | T:441843 RPD:0
[CH: 50] LEN: 12 | HEX: F9 77 F4 F5 FE 73 95 EE 81 FB BD EF | T:441854 RPD:1
[CH: 50] LEN: 12 | HEX: F5 77 BA FE ED 70 95 ED 76 7F 7F FF | T:441854 RPD:0
[CH: 50] LEN: 12 | HEX: F9 77 DE F9 FD 73 95 D6 C1 FD BD FE | T:441866 RPD:0
[CH: 50] LEN: 12 | HEX: F5 77 F8 EA FE 70 95 EF 76 7D BF DF | T:441877 RPD:1
[CH: 50] LEN: 12 | HEX: F5 77 FA FD FD 73 95 ED C1 FF B7 7D | T:441877 RPD:0
[CH: 50] LEN: 12 | HEX: E9 77 F6 F4 FE 70 95 EE 76 75 BF F7 | T:441888 RPD:1
[CH: 50] LEN: 12 | HEX: F9 77 7E EA F6 78 95 F6 F6 75 BF FF | T:441889 RPD:0
[CH: 50] LEN: 12 | HEX: F9 77 EA F5 EA 73 95 EB C1 F9 BF BF | T:441900 RPD:1
[CH: 50] LEN: 12 | HEX: F9 77 5C FE FE 70 95 ED F6 7F 3F DF | T:441900 RPD:0
[CH: 50] LEN: 12 | HEX: F9 77 5E FD FE 73 95 ED 41 F5 BF BE | T:441911 RPD:0
[CH: 50] LEN: 12 | HEX: F9 77 DE FB D6 73 95 ED 41 F5 BF F6 | T:441923 RPD:1
[CH: 50] LEN: 12 | HEX: F5 77 FA F6 FD 70 95 FF 76 7F EF FF | T:441923 RPD:0
[CH: 50] LEN: 12 | HEX: E9 77 7E F5 FC 73 95 EE C1 DD BF FF | T:441934 RPD:1
[CH: 50] LEN: 12 | HEX: F9 77 DE EE FD 70 95 EF 76 77 7F FF | T:441935 RPD:0
[CH: 50] LEN: 12 | HEX: F5 77 D6 FD D6 73 15 FE 81 FD BF FF | T:441946 RPD:1
[CH: 50] LEN: 12 | HEX: F1 77 F6 FE FC 70 95 FD 76 7D BF F7 | T:441946 RPD:0
[CH: 50] LEN: 12 | HEX: F1 77 FE F5 D6 73 95 FD 41 D9 BF B7 | T:441957 RPD:1
[CH: 50] LEN: 12 | HEX: F5 7F F4 ED ED 73 95 FE C1 ED BF FF | T:441969 RPD:0
[CH: 50] LEN: 12 | HEX: E9 77 BE FE F4 70 95 F7 F6 7F BF FE | T:441969 RPD:0
[CH: 50] LEN: 12 | HEX: F9 77 F5 00 00 71 95 FF C9 06 BD 7F | T:441984 RPD:1
[CH: 50] LEN: 12 | HEX: F1 77 BB 00 00 71 95 B5 49 06 B7 FB | T:441985 RPD:1
[CH: 50] LEN: 12 | HEX: F4 6D F7 00 FE F6 95 DD 60 9C BF FF | T:442014 RPD:1
[CH: 50] LEN: 12 | HEX: E8 6D D6 80 F6 FE 95 DE 60 9C B7 FF | T:442015 RPD:1
[CH: 50] LEN: 12 | HEX: E9 77 DF 00 00 71 95 DE C9 06 BF BF | T:442284 RPD:1
[CH: 50] LEN: 12 | HEX: F9 77 BA 00 00 71 95 ED 49 06 AF FF | T:442284 RPD:1
[CH: 50] LEN: 12 | HEX: FC 6D FE 80 F6 FE 95 FE E0 9C BF EB | T:442314 RPD:1
[CH: 50] LEN: 12 | HEX: E8 6D FE 00 FE FE 95 FD 60 9C BF F5 | T:442315 RPD:1
[CH: 50] LEN: 12 | HEX: F5 77 77 00 00 71 95 FD C9 06 BF FD | T:442583 RPD:1
[CH: 50] LEN: 12 | HEX: F5 77 5F 00 00 71 95 DF 49 06 BF FF | T:442584 RPD:1
[CH: 50] LEN: 12 | HEX: E8 6D EF 00 EE F6 95 EE 60 9C BE FD | T:442614 RPD:1
[CH: 50] LEN: 12 | HEX: F8 6D FD 80 FA FE 95 FD 60 9C AE FD | T:442615 RPD:1
[CH: 50] LEN: 12 | HEX: FD 77 7F 00 00 71 95 EF C9 06 BF F7 | T:442883 RPD:1
[CH: 50] LEN: 12 | HEX: F9 77 F7 00 00 71 95 B5 49 06 B7 DB | T:442884 RPD:1
[CH: 50] LEN: 12 | HEX: F8 6D ED 00 EE ED 95 EF 60 9C BE FF | T:442914 RPD:1
[CH: 50] LEN: 12 | HEX: F4 6D EE 00 F6 FD 95 FF 60 9C BF FF | T:442915 RPD:1
[CH: 50] LEN: 12 | HEX: EA 76 FD 00 8E EE 95 DD 38 73 BF BD | T:443009 RPD:1
[CH: 50] LEN: 12 | HEX: F6 76 FE FE 73 BE 95 EF C2 8E B7 FF | T:443039 RPD:1
[CH: 50] LEN: 12 | HEX: FA 76 FA FD 70 EE 95 EF B7 00 BD F6 | T:443042 RPD:1
[CH: 50] LEN: 12 | HEX: EA 76 EE FC 71 FD 95 EE EB 65 BF 7D | T:443045 RPD:1
[CH: 50] LEN: 12 | HEX: FA 76 F6 EB 76 EE 95 FE 5D 9C AB DF | T:443075 RPD:1
[CH: 50] LEN: 12 | HEX: FA 76 F6 FA 77 BC 95 EB 81 79 AF FB | T:443105 RPD:1
[CH: 50] LEN: 12 | HEX: F6 76 FE F5 74 FD 95 FD F4 77 BF FD | T:443135 RPD:1
[CH: 50] LEN: 12 | HEX: FA 76 FC F8 75 EE 95 DD 28 92 BF DB | T:443165 RPD:1
[CH: 50] LEN: 12 | HEX: EA 76 EE F7 76 F6 95 FD 19 85 BB EF | T:443195 RPD:1
[CH: 50] LEN: 12 | HEX: F2 76 FA F6 73 DA 95 EF 45 60 BD FF | T:443225 RPD:1
[CH: 50] LEN: 12 | HEX: FA 76 EE F5 7C FE 95 DA 30 6E BB FB | T:443255 RPD:1
[CH: 50] LEN: 12 | HEX: F6 76 FE F4 79 EA 95 F5 EC 8B AB 3D | T:443285 RPD:1
[CH: 50] LEN: 12 | HEX: F2 76 FA F3 7A FE 95 FD 5A 72 BF FD | T:443315 RPD:1
[CH: 50] LEN: 12 | HEX: FE 76 FE F2 7F DE 95 EE 06 96 BF 7F | T:443345 RPD:1
[CH: 50] LEN: 12 | HEX: FA 76 F6 F1 7A FA 95 EA 73 99 AB FF | T:443375 RPD:1
[CH: 50] LEN: 12 | HEX: F2 76 F4 F0 75 DE 95 FF EF 7C BB D7 | T:443405 RPD:0
[CH: 50] LEN: 12 | HEX: FA 76 FE EF 62 FA 95 FF 81 96 BF FE | T:443435 RPD:0
[CH: 50] LEN: 12 | HEX: FA 76 FE ED 60 FE 95 D2 A8 79 AF FE | T:443495 RPD:0
[CH: 50] LEN: 12 | HEX: EA 76 F4 EC 61 EA 95 FF 74 98 AA DF | T:443525 RPD:0
[CH: 50] LEN: 12 | HEX: FA 76 EE EB 66 FA 95 DF 42 61 BD FF | T:443555 RPD:0
[CH: 50] LEN: 12 | HEX: FA 76 FE EA 77 D4 95 F5 9E 84 BF B7 | T:443585 RPD:0
[CH: 50] LEN: 12 | HEX: FA 76 FE E9 64 FC 95 EF 5B 8A AF FB | T:443615 RPD:0
[CH: 50] LEN: 12 | HEX: FA 76 FE E8 65 F6 95 FF 37 6F BF EF | T:443645 RPD:0
[CH: 50] LEN: 12 | HEX: FA 76 FE E7 6A F6 95 F5 86 70 BE FA | T:443675 RPD:0
[CH: 50] LEN: 12 | HEX: FA 76 FC E6 6B DE 95 F5 5A 9D AF FF | T:443705 RPD:0
[CH: 50] LEN: 12 | HEX: FA 76 FE E4 69 FC 95 F6 A3 76 BF FF | T:443765 RPD:0
[CH: 50] LEN: 12 | HEX: EA 66 E4 E3 6E EA 95 EA 85 8F 37 EF | T:443795 RPD:1
[CH: 50] LEN: 12 | HEX: FA 76 FE E2 6F FE 95 FE 99 6A BF BB | T:443825 RPD:0
[CH: 50] LEN: 12 | HEX: FA 76 FE E1 6C FE 95 FE EC 64 BB 6A | T:443855 RPD:0
[CH: 50] LEN: 12 | HEX: FA 76 F4 E0 6D FF 95 FF B0 81 BF FF | T:443885 RPD:0
[CH: 50] LEN: 12 | HEX: FA 76 FE DF 52 F4 95 EE 21 91 BF DA | T:443915 RPD:0
[CH: 50] LEN: 12 | HEX: FA 76 FE FE 73 FE 95 FF C2 8E BE FF | T:443945 RPD:0
[CH: 50] LEN: 12 | HEX: FA 76 FA FD 70 FE 95 FF B7 80 BF FF | T:443948 RPD:0
[CH: 50] LEN: 12 | HEX: FA 76 FE FC 71 FD 95 FF 6B 65 BF FF | T:443952 RPD:0
[CH: 50] LEN: 12 | HEX: FA 76 FE FB 76 F5 95 ED 5D 9C B5 7D | T:443983 RPD:0
[CH: 50] LEN: 12 | HEX: FA 76 FE FA 77 D4 95 F6 81 79 B7 EF | T:444013 RPD:0
[CH: 50] LEN: 12 | HEX: FA 76 FE F9 74 FE 95 FF FC 77 BF FE | T:444043 RPD:0
[CH: 50] LEN: 12 | HEX: FA 77 FE F8 75 F4 95 FB 28 92 AB FF | T:444073 RPD:0
[CH: 50] LEN: 12 | HEX: FA 76 FE E7 7A ED 95 D7 59 85 BD F3 | T:444103 RPD:0
[CH: 50] LEN: 12 | HEX: FA 76 DA F6 7B DE 95 FF 45 60 BB FD | T:444133 RPD:0
[CH: 50] LEN: 12 | HEX: FA 76 FE F5 78 FE 95 FF 30 6E BF DB | T:444162 RPD:0
[CH: 50] LEN: 12 | HEX: FE 76 FE F4 71 FE 95 FA AC 8B BD FE | T:444193 RPD:0
[CH: 50] LEN: 12 | HEX: D2 76 FC AB 7E AE 95 D7 9A 52 BF F7 | T:444223 RPD:0
[CH: 50] LEN: 12 | HEX: FA 7B FE 80 81 FE 95 F5 FF 57 BF 7B | T:444577 RPD:1
[CH: 50] LEN: 12 | HEX: FA 7B FF 00 81 EC 95 EB 9F FD 3B FF | T:444578 RPD:1
[CH: 50] LEN: 12 | HEX: F5 77 FB FE FE 70 95 F7 76 7F BF DF | T:444609 RPD:1
[CH: 50] LEN: 12 | HEX: F9 77 FD FD FE 73 95 FF 41 ED BF FB | T:444612 RPD:1
[CH: 50] LEN: 12 | HEX: F9 77 FE FE FE 70 95 F5 76 7E BF BE | T:444615 RPD:1
[CH: 50] LEN: 12 | HEX: F9 77 DE FB F4 73 95 FF 41 F5 B5 DF | T:444626 RPD:1
[CH: 50] LEN: 12 | HEX: F9 77 BA FE F6 70 95 FA 76 7F BF 7F | T:444627 RPD:0
[CH: 50] LEN: 12 | HEX: F9 77 F4 FD EE 73 95 F7 41 F7 BF FD | T:444638 RPD:1
[CH: 50] LEN: 12 | HEX: F1 77 FB EA F7 70 95 F5 76 77 BF FF | T:444638 RPD:0
[CH: 50] LEN: 12 | HEX: F9 77 FC FD F6 73 95 FB 81 FD BB DD | T:444649 RPD:1
[CH: 50] LEN: 12 | HEX: E9 77 BE FE F6 70 95 D7 76 7B 2D D7 | T:444661 RPD:1
[CH: 50] LEN: 12 | HEX: F9 77 AE F5 EA 73 95 EF E1 FD BA E7 | T:444661 RPD:0
[CH: 50] LEN: 12 | HEX: E9 77 FC FC F6 70 95 FE F6 7B 3E FF | T:444672 RPD:1
[CH: 50] LEN: 12 | HEX: F9 77 FA FD F6 70 95 FE F6 7F BF FF | T:444672 RPD:0
[CH: 50] LEN: 12 | HEX: F9 77 FA FD DE 73 95 FF 41 E9 BF DF | T:444684 RPD:1
[CH: 50] LEN: 12 | HEX: F5 77 DB FA FC 70 95 EF 76 7F BF 7F | T:444695 RPD:1
[CH: 50] LEN: 12 | HEX: F9 77 BE FD FC 73 D5 FE C1 DD AF 7F | T:444695 RPD:0
[CH: 50] LEN: 12 | HEX: F1 77 5E FE FA 70 95 DF 76 7F DF FF | T:444707 RPD:1
[CH: 50] LEN: 12 | HEX: F5 77 F6 F9 FD 73 95 ED C1 ED BD F7 | T:444707 RPD:0
[CH: 50] LEN: 12 | HEX: F5 77 BE FE F4 70 95 DD 76 7F 33 FF | T:444718 RPD:1
[CH: 50] LEN: 12 | HEX: F9 77 BC FD FD 73 95 D7 C1 DD BD FE | T:444718 RPD:0
[CH: 50] LEN: 12 | HEX: F5 77 FC FE F6 70 95 FE 76 75 7B 5E | T:444730 RPD:1
[CH: 50] LEN: 12 | HEX: F9 77 76 ED FC 73 95 DF C1 FD BB FF | T:444741 RPD:1
[CH: 50] LEN: 12 | HEX: F1 77 F6 FE F6 70 95 DF 76 7B BF BD | T:444741 RPD:0
[CH: 50] LEN: 12 | HEX: F9 77 DE FD FF 73 95 FD 41 EF BF BF | T:444753 RPD:1
[CH: 50] LEN: 12 | HEX: F9 77 BE E9 FD 73 95 FF 41 ED B5 FF | T:444753 RPD:0
[CH: 50] LEN: 12 | HEX: F1 77 BA F6 F6 70 95 D7 F6 75 7F 7D | T:444764 RPD:1
[CH: 50] LEN: 12 | HEX: F1 77 BA FD FE 73 95 FF C1 FF BD FD | T:444764 RPD:0
[CH: 50] LEN: 12 | HEX: E9 77 FB FE FE 70 95 EE 76 7F 77 BF | T:444776 RPD:1
[CH: 50] LEN: 12 | HEX: F5 77 F5 FA F4 70 95 D5 76 7F 75 BF | T:444787 RPD:1
[CH: 50] LEN: 12 | HEX: F5 77 BE ED F5 73 95 DE C1 DB BD DF | T:444787 RPD:0
[CH: 50] LEN: 12 | HEX: F5 77 F6 FE F6 70 95 DA 76 77 7F BE | T:444799 RPD:1
[CH: 50] LEN: 12 | HEX: F1 77 7A FD EE 70 95 FF 76 77 FF FF | T:444799 RPD:0
[CH: 50] LEN: 12 | HEX: F9 77 76 FD EA 73 95 DD C1 DD BE EF | T:444810 RPD:1
[CH: 50] LEN: 12 | HEX: F5 77 F6 F6 EE 70 95 EF 76 77 BB 3F | T:444821 RPD:1
[CH: 50] LEN: 12 | HEX: F5 77 BE ED DD 73 95 DD C1 D9 BD FF | T:444822 RPD:1
[CH: 50] LEN: 12 | HEX: E9 77 BE EE FD 70 95 FE F6 7E BB FD | T:444833 RPD:1
[CH: 50] LEN: 12 | HEX: E9 77 BE F5 DC 73 95 EF C1 FB AA FF | T:444833 RPD:0
[CH: 50] LEN: 12 | HEX: F5 77 BE FE F6 70 95 EF 76 7B AF F7 | T:444845 RPD:1
[CH: 50] LEN: 12 | HEX: E9 77 BE F5 FD 73 95 FE C1 D5 B7 BF | T:444845 RPD:0
[CH: 50] LEN: 12 | HEX: F5 77 F4 F6 F4 70 95 FD 76 7B 6F FF | T:444856 RPD:1
[CH: 50] LEN: 12 | HEX: F5 77 5E F5 ED 73 95 FE C1 ED BF FD | T:444867 RPD:1
[CH: 50] LEN: 12 | HEX: F5 77 BE EA F6 70 95 DE F6 7F 7F 7F | T:444868 RPD:0
[CH: 50] LEN: 12 | HEX: F5 77 FC E9 EA 73 95 FF C1 FF BD FF | T:444879 RPD:1
[CH: 50] LEN: 12 | HEX: FD 77 BA FD FF 73 95 FD C1 ED BF FF | T:444879 RPD:0
[CH: 50] LEN: 12 | HEX: F9 77 B6 FE F6 70 95 FE 76 7F BE EB | T:444891 RPD:1
[CH: 50] LEN: 12 | HEX: F1 77 BE F5 FD 73 95 FD C1 DD BF DF | T:444891 RPD:0
[CH: 50] LEN: 12 | HEX: F1 77 F6 FE EE 70 95 FD 76 7B FF 5B | T:444902 RPD:1
[CH: 50] LEN: 12 | HEX: F5 77 F6 ED FD 73 95 FD C1 FD AF 7B | T:444913 RPD:1
[CH: 50] LEN: 12 | HEX: F9 77 7A EE EE 70 95 DF 76 77 FE EF | T:444914 RPD:0
[CH: 50] LEN: 12 | HEX: F1 77 BA FD EE 70 95 FD 76 7B BF EA | T:444925 RPD:1
[CH: 50] LEN: 12 | HEX: E9 77 BA ED EE 70 95 DE 76 7E AF B7 | T:444925 RPD:0
[CH: 50] LEN: 12 | HEX: F1 77 F4 FD ED 73 95 FA C1 DD BB BB | T:444936 RPD:1
[CH: 50] LEN: 12 | HEX: F5 77 B6 FF F6 70 95 EF 76 77 BF FF | T:444937 RPD:0
[CH: 50] LEN: 12 | HEX: F9 77 BA FD FC 73 95 ED 41 ED BA 97 | T:444948 RPD:1
[CH: 50] LEN: 12 | HEX: F9 77 BA F6 FE 70 95 EE 76 7B BF EF | T:444959 RPD:1
[CH: 50] LEN: 12 | HEX: F9 77 FA ED FE 73 95 D5 C1 D1 AE AA | T:444960 RPD:1
[CH: 50] LEN: 12 | HEX: F1 77 DD F6 F4 70 95 EF F6 7D AF FF | T:444971 RPD:1
[CH: 50] LEN: 12 | HEX: E9 77 B6 FD DD 73 95 FE 81 ED BD FD | T:444971 RPD:0
[CH: 50] LEN: 12 | HEX: F9 77 5E FA FC F0 95 EE F6 7B FE EF | T:444982 RPD:1
[CH: 50] LEN: 12 | HEX: ED 77 F4 FD ED 73 95 FF 41 F5 BF FF | T:444994 RPD:1
[CH: 50] LEN: 12 | HEX: FD 77 BE F6 FE 70 95 FE 76 7F 3F FF | T:444994 RPD:0
[CH: 50] LEN: 12 | HEX: F5 77 FE DD FE 73 95 DD C1 F5 BA FF | T:445005 RPD:1
[CH: 50] LEN: 12 | HEX: F9 77 BE F5 FE 73 95 FD 41 FB BB FF | T:445006 RPD:0
[CH: 50] LEN: 12 | HEX: F9 77 F5 FE ED 70 95 FE 76 7F 37 FF | T:445017 RPD:1
[CH: 50] LEN: 12 | HEX: E9 77 FA F9 D7 73 95 EF C1 FD BF FF | T:445017 RPD:0
[CH: 50] LEN: 12 | HEX: E9 77 5E EC ED 70 95 FA 76 77 AF B7 | T:445028 RPD:1
[CH: 50] LEN: 12 | HEX: F9 77 FA E9 DD 73 95 FD 41 FD B7 57 | T:445040 RPD:1
[CH: 50] LEN: 12 | HEX: FD 77 FA F6 FE 70 95 FF F6 75 FF FF | T:445040 RPD:0
[CH: 50] LEN: 12 | HEX: E9 77 7E ED D6 73 95 DF C1 D9 BF FF | T:445051 RPD:1
[CH: 50] LEN: 12 | HEX: F5 77 EA EE EE 70 95 FF 76 7E FF 7F | T:445052 RPD:0
[CH: 50] LEN: 12 | HEX: F5 77 FA E9 FD 73 95 FD C1 FD BF FF | T:445063 RPD:1
[CH: 50] LEN: 12 | HEX: F9 77 EA EC FE 70 95 ED 76 76 BE FF | T:445063 RPD:0
[CH: 50] LEN: 12 | HEX: F9 77 7E FD EE 73 95 DA 81 D5 BF FD | T:445074 RPD:1
[CH: 50] LEN: 12 | HEX: F1 77 5E FD FD 70 95 FD 76 7F 3F AD | T:445086 RPD:1
[CH: 50] LEN: 12 | HEX: E9 77 B4 FD DA 63 95 DD C1 DD BD FF | T:445086 RPD:0
[CH: 50] LEN: 12 | HEX: F1 77 DE F6 FF 70 95 FD 76 76 BB FD | T:445097 RPD:1
[CH: 50] LEN: 12 | HEX: EB 77 B4 F9 DD 73 95 DD 41 FD BF B9 | T:445098 RPD:1
[CH: 50] LEN: 12 | HEX: F9 77 7E FE FE 70 95 EF 76 7F 7E AB | T:445109 RPD:1
[CH: 50] LEN: 12 | HEX: F9 77 FE FD FD 73 95 FE C1 FD BB FF | T:445120 RPD:1
[CH: 50] LEN: 12 | HEX: F1 77 BE EE F6 70 95 FE F6 7F 3B FF | T:445120 RPD:0
[CH: 50] LEN: 12 | HEX: E9 77 76 FA F6 60 95 FD 76 77 7F FD | T:445132 RPD:1
[CH: 50] LEN: 12 | HEX: F5 77 EE F5 DD 73 95 B5 41 A9 BD BE | T:445132 RPD:0
[CH: 50] LEN: 12 | HEX: F5 77 BE F5 DD 73 95 DD C1 F9 B7 54 | T:445143 RPD:1
[CH: 50] LEN: 12 | HEX: F1 77 BE F9 FE 73 95 FD 41 F5 BD FF | T:445143 RPD:0
[CH: 50] LEN: 12 | HEX: F5 77 F6 FE EE 70 95 FD 76 7F 7F 7D | T:445155 RPD:1
[CH: 50] LEN: 12 | HEX: F9 77 FA FD DE 7B 95 FD 41 F5 BF ED | T:445166 RPD:0
[CH: 50] LEN: 12 | HEX: E9 77 AE F4 F6 70 95 FF 76 7B 6B FF | T:445166 RPD:0
[CH: 50] LEN: 12 | HEX: F5 77 7B 00 00 71 95 FE C9 06 AF FF | T:445188 RPD:1
[CH: 50] LEN: 12 | HEX: F5 77 BF 00 00 71 95 DF C9 06 AF EF | T:445189 RPD:1
[CH: 50] LEN: 12 | HEX: E8 6D DF 00 EC FE 95 FE E0 9C BF 75 | T:445219 RPD:1
[CH: 50] LEN: 12 | HEX: F4 6D D5 00 EE EE 95 FF E0 9C BF F6 | T:445219 RPD:1
[CH: 50] LEN: 12 | HEX: F9 77 BB 00 00 71 95 DA C9 06 BB FF | T:445488 RPD:1
[CH: 50] LEN: 12 | HEX: E8 6D DD 00 DD F6 95 DD 60 9C BF EB | T:445518 RPD:1
[CH: 50] LEN: 12 | HEX: E8 6D DD 00 EE FD 95 FD 60 9C BF FF | T:445519 RPD:1
[CH: 50] LEN: 12 | HEX: F9 77 B7 00 00 71 95 DE C9 06 BF FD | T:445788 RPD:1
[CH: 50] LEN: 12 | HEX: F9 77 7B 00 00 71 95 DA C9 06 BB EF | T:445788 RPD:1
[CH: 50] LEN: 12 | HEX: F8 6D FA 00 EE EA 95 EF E0 9C BF FE | T:445819 RPD:1
[CH: 50] LEN: 12 | HEX: F5 77 DF 00 00 71 95 D6 C9 06 BF DF | T:446087 RPD:1
[CH: 50] LEN: 12 | HEX: F5 77 7B 00 00 71 95 EF C9 06 BF 7F | T:446088 RPD:1
[CH: 50] LEN: 12 | HEX: F4 6D EF 80 F6 FD 95 F6 60 9C BF 77 | T:446118 RPD:1
[CH: 50] LEN: 12 | HEX: E8 6D DD 00 FE FE 95 DD 60 9C AF F6 | T:446119 RPD:1
[CH: 50] LEN: 12 | HEX: EE 76 F7 00 8C F6 95 EF 3A 73 AF BD | T:446182 RPD:1
[CH: 50] LEN: 12 | HEX: FA 76 EE 80 8C FC 95 FD 38 73 AE BF | T:446183 RPD:1
[CH: 50] LEN: 12 | HEX: FA 76 F6 FD 73 BA 95 D5 42 8E BF FC | T:446213 RPD:1
[CH: 50] LEN: 12 | HEX: FA 76 F4 ED 70 F6 95 FB B7 00 BF FF | T:446216 RPD:1
[CH: 50] LEN: 12 | HEX: FA 76 EE F4 71 FD 95 DE EB 65 BF FD | T:446220 RPD:1
[CH: 50] LEN: 12 | HEX: EA 76 F6 FB 76 FF 95 DE 5D 9C BB FF | T:446250 RPD:1
[CH: 50] LEN: 12 | HEX: FA 76 FE F6 77 F4 95 EF 81 75 BF FA | T:446280 RPD:1
[CH: 50] LEN: 12 | HEX: EE 76 F6 F7 76 FE 95 B5 99 85 BF BF | T:446370 RPD:1
[CH: 50] LEN: 12 | HEX: F6 76 F6 EE 7B FD 95 EF 45 60 AA FF | T:446400 RPD:1
[CH: 50] LEN: 12 | HEX: F2 76 FE F5 74 F6 95 FA 30 6E AB F7 | T:446430 RPD:1
[CH: 50] LEN: 12 | HEX: FA 76 F6 F4 79 FE 95 F5 EC 8B BD BD | T:446460 RPD:1
[CH: 50] LEN: 12 | HEX: EA 76 FE F3 7E FE 95 FE DA 72 BF FF | T:446490 RPD:1
[CH: 50] LEN: 12 | HEX: F2 76 FA F2 7A FE 95 DD 06 97 3E 5E | T:446520 RPD:1
[CH: 50] LEN: 12 | HEX: FA 76 FA F0 7D FE 95 FF 6F 7C AF EE | T:446580 RPD:0
[CH: 50] LEN: 12 | HEX: FA 76 FE EF 62 FE 95 EB 01 96 AD E7 | T:446610 RPD:0
[CH: 50] LEN: 12 | HEX: DA 76 FE EE 63 D6 95 F5 5D 73 B7 BD | T:446640 RPD:0
[CH: 50] LEN: 12 | HEX: FA 76 FE CF 60 FE 95 FF A8 79 BD FF | T:446670 RPD:0
[CH: 50] LEN: 12 | HEX: FA 76 FA EC 61 FC 95 FA 74 98 BF FF | T:446700 RPD:0
[CH: 50] LEN: 12 | HEX: FA 76 FE EB 66 FE 95 FF 42 61 BF FB | T:446730 RPD:0
[CH: 50] LEN: 12 | HEX: F2 76 FC EA 67 D5 95 FF 5C 84 BA FF | T:446760 RPD:1
[CH: 50] LEN: 12 | HEX: F2 76 FE E9 64 FE 95 FF DB 8A BF F7 | T:446790 RPD:1
[CH: 50] LEN: 12 | HEX: FA 76 FE E8 65 FE 95 F5 37 6F BF 77 | T:446820 RPD:1
[CH: 50] LEN: 12 | HEX: F2 76 F4 E7 EA FE 95 FF 46 78 B5 FF | T:446850 RPD:1
[CH: 50] LEN: 12 | HEX: FA 76 FA E6 6B EE 95 FA 5A 9D BF 6D | T:446880 RPD:0
[CH: 50] LEN: 12 | HEX: FA 76 FE E4 69 FE 95 FF A3 76 BF FF | T:446940 RPD:0
[CH: 50] LEN: 12 | HEX: FA 76 FA E3 6E FE 95 F7 E5 8F 2B EB | T:446970 RPD:0
[CH: 50] LEN: 12 | HEX: FA 76 FE E2 6F 5E 95 FF 19 6A BF ED | T:447000 RPD:0
[CH: 50] LEN: 12 | HEX: F2 76 EE E1 6C F5 95 F6 6C 64 BF BD | T:447030 RPD:0
[CH: 50] LEN: 12 | HEX: FA 76 FD E0 6D D6 95 EB 70 81 BF FF | T:447060 RPD:0
[CH: 50] LEN: 12 | HEX: FA 76 FE DF 52 F4 95 F5 21 91 B5 5E | T:447090 RPD:0
[CH: 50] LEN: 12 | HEX: FA 76 FE FC 73 FE 95 EA C2 8C AF B6 | T:447120 RPD:0
[CH: 50] LEN: 12 | HEX: F2 76 FA FD 70 FE 95 FE B7 80 BD 7E | T:447124 RPD:0
[CH: 50] LEN: 12 | HEX: FA 56 FC E8 71 FE 95 FE EB 65 BE EF | T:447128 RPD:0
[CH: 50] LEN: 12 | HEX: FA 76 FE FB 76 EE 95 FF 5F 9C BB FF | T:447158 RPD:0
[CH: 50] LEN: 12 | HEX: FA 76 FD F9 74 F7 95 FE B4 7F BF 7B | T:447218 RPD:0
[CH: 50] LEN: 12 | HEX: FA 76 FA F8 75 EE 95 EE A8 92 BE FF | T:447248 RPD:0
[CH: 50] LEN: 12 | HEX: EA 76 F6 F7 6A F6 95 FD 19 85 AD EF | T:447278 RPD:0
[CH: 50] LEN: 12 | HEX: FA 76 F6 F5 70 FA 95 D5 B0 6E BD B7 | T:447338 RPD:0
[CH: 50] LEN: 12 | HEX: FA 76 F9 F4 79 FE 95 FF EC 8B BF 57 | T:447368 RPD:0
[CH: 50] LEN: 12 | HEX: FA 76 EE F3 7E FE 95 FC 1A 72 BA BF | T:447398 RPD:0
[CH: 50] LEN: 12 | HEX: FA 76 EE F1 7C FE 95 D5 73 99 BF FC | T:447458 RPD:0
[CH: 50] LEN: 12 | HEX: FA 76 F5 F0 79 FE 95 FE AF 7C BF 6F | T:447488 RPD:0
[CH: 50] LEN: 12 | HEX: FA 76 F4 EF 62 FE 95 FF 01 96 BF F7 | T:447518 RPD:0
[CH: 50] LEN: 12 | HEX: FA 7B FD 80 81 FE 95 FF 4F 5A BF FB | T:447722 RPD:0
[CH: 50] LEN: 12 | HEX: F2 7B FF 80 81 FE 95 FF EF B5 2B F7 | T:447722 RPD:0
[CH: 50] LEN: 12 | HEX: F9 77 DD F6 FE 70 95 FF 76 7F BE EF | T:447753 RPD:0
[CH: 50] LEN: 12 | HEX: F9 77 B5 F9 FC 73 95 D5 C1 FD BE B6 | T:447756 RPD:1
[CH: 50] LEN: 12 | HEX: F9 77 DB F4 FE 70 95 F5 76 75 BF DA | T:447759 RPD:1
[CH: 50] LEN: 12 | HEX: F1 77 FF F9 F4 73 95 D7 C1 ED BD FF | T:447770 RPD:1
[CH: 50] LEN: 12 | HEX: F9 77 DD FE FA 70 95 FF 76 7D 3D BF | T:447771 RPD:0
[CH: 50] LEN: 12 | HEX: F9 77 B5 E9 FE 73 95 EB A1 FD BF FF | T:447782 RPD:1
[CH: 50] LEN: 12 | HEX: F1 77 B5 FA FE 70 95 FE F6 7D 7A DF | T:447782 RPD:0
[CH: 50] LEN: 12 | HEX: F9 77 DF F5 FC 73 95 D5 41 A9 B7 F6 | T:447793 RPD:1
[CH: 50] LEN: 12 | HEX: F1 77 ED FE FE 70 95 D7 76 7A BF FB | T:447805 RPD:1
[CH: 50] LEN: 12 | HEX: F9 77 DD F5 FA 73 95 EF 41 EB BF FF | T:447805 RPD:0
[CH: 50] LEN: 12 | HEX: F9 77 FC FE F4 70 95 EA 76 75 2B BA | T:447816 RPD:1
[CH: 50] LEN: 12 | HEX: F5 77 5D FE FE 70 95 D7 F6 7B BF FE | T:447817 RPD:0
[CH: 50] LEN: 12 | HEX: F9 77 F5 FD FA 73 95 D7 C1 FD B6 FB | T:447828 RPD:1
[CH: 50] LEN: 12 | HEX: F9 77 DC F5 FE 73 95 FE 81 FD BD FF | T:447839 RPD:1
[CH: 50] LEN: 12 | HEX: F9 77 56 FE F6 70 95 FF 76 7F BB AA | T:447839 RPD:0
[CH: 50] LEN: 12 | HEX: F9 77 BE F6 F4 70 95 F6 F6 7D BF FB | T:447851 RPD:1
[CH: 50] LEN: 12 | HEX: F1 77 BB F9 EE 73 95 FE 81 FD BF FF | T:447851 RPD:0
[CH: 50] LEN: 12 | HEX: F1 77 DE F6 FE 70 95 EE F6 7F B5 F5 | T:447862 RPD:1
[CH: 50] LEN: 12 | HEX: F9 77 FE E9 EA 73 95 EF 41 FD AD 7E | T:447863 RPD:0
[CH: 50] LEN: 12 | HEX: F9 77 FD FA F6 70 95 FF 76 7F BF FF | T:447874 RPD:1
[CH: 50] LEN: 12 | HEX: F1 77 FD F6 FE 70 95 EF 76 7F 7F FF | T:447885 RPD:1
[CH: 50] LEN: 12 | HEX: F5 77 DD F5 FF 73 95 FE 81 DD BF FB | T:447885 RPD:0
[CH: 50] LEN: 12 | HEX: F5 77 74 E9 FE 73 95 EF C1 DD AD 7F | T:447897 RPD:1
[CH: 50] LEN: 12 | HEX: F5 77 FE FD FD 73 95 DD C1 FD BF F7 | T:447897 RPD:0
[CH: 50] LEN: 12 | HEX: E9 77 F6 FA F5 70 95 FE 76 7E BD FF | T:447908 RPD:1
[CH: 50] LEN: 12 | HEX: F5 77 FA FF FD 73 95 FE C1 FD B7 7D | T:447909 RPD:0
[CH: 50] LEN: 12 | HEX: F5 77 76 FF F6 70 95 DE 76 7E BB FB | T:447920 RPD:1
[CH: 50] LEN: 12 | HEX: E9 77 BE F4 FB 70 95 DB 76 77 FF FF | T:447931 RPD:1
[CH: 50] LEN: 12 | HEX: FD 77 BE ED FD 73 95 EF 81 FD BF F7 | T:447931 RPD:0
[CH: 50] LEN: 12 | HEX: F9 77 FA FE EE 70 95 FE 77 7F FF FF | T:447943 RPD:1
[CH: 50] LEN: 12 | HEX: F9 77 BE F4 F6 70 95 FF 76 7F BF 7F | T:447943 RPD:0
[CH: 50] LEN: 12 | HEX: F5 77 B4 ED EE 73 95 ED C1 F5 BB FB | T:447954 RPD:1
[CH: 50] LEN: 12 | HEX: F1 77 AE F4 FE 70 95 D5 76 6A BB EF | T:447966 RPD:1
[CH: 50] LEN: 12 | HEX: F5 77 F6 F7 F6 73 95 DA C1 DD BF 6D | T:447966 RPD:1
[CH: 50] LEN: 12 | HEX: F1 77 FA FD F4 70 95 FE F6 7D B7 A9 | T:447977 RPD:1
[CH: 50] LEN: 12 | HEX: ED 77 76 ED DD 73 15 DD C1 D9 BF FB | T:447977 RPD:0
[CH: 50] LEN: 12 | HEX: F9 77 76 EC F6 70 95 FF F6 75 BF FF | T:447989 RPD:1
[CH: 50] LEN: 12 | HEX: F9 77 FA F5 FF 73 95 FD C1 FD AB F5 | T:447989 RPD:0
[CH: 50] LEN: 12 | HEX: E9 77 DE F6 F6 70 95 ED 76 7F 37 7F | T:448000 RPD:1
[CH: 50] LEN: 12 | HEX: F1 77 F6 E9 DD 73 95 DF C1 F9 BF 7B | T:448012 RPD:1
[CH: 50] LEN: 12 | HEX: F1 77 B4 FD F7 73 95 EF C1 FD BF FF | T:448012 RPD:0
[CH: 50] LEN: 12 | HEX: ED 77 7E F9 ED 73 95 DA C1 DD BD FD | T:448023 RPD:1
[CH: 50] LEN: 12 | HEX: F9 77 BA ED FD 73 95 EE C1 E9 BA FE | T:448023 RPD:0
[CH: 50] LEN: 12 | HEX: F9 77 DE FE FA 70 95 EF 76 7F 3F FB | T:448035 RPD:1
[CH: 50] LEN: 12 | HEX: F5 77 F6 FD EE 73 95 ED 41 ED BF BB | T:448035 RPD:0
[CH: 50] LEN: 12 | HEX: F9 77 F6 FE ED 70 95 FD 76 77 FF 7F | T:448046 RPD:1
[CH: 50] LEN: 12 | HEX: F9 77 FE FB FD 73 95 F5 41 FD AF 7D | T:448057 RPD:1
[CH: 50] LEN: 12 | HEX: F5 77 BE FE EE 70 95 DA 76 76 BF EB | T:448058 RPD:0
[CH: 50] LEN: 12 | HEX: F5 77 DE FE FE 70 95 FF F6 7A BF EF | T:448069 RPD:1
[CH: 50] LEN: 12 | HEX: F5 77 F6 FC F6 70 95 DF 76 7F BB 7F | T:448069 RPD:1
[CH: 50] LEN: 12 | HEX: E9 77 FA EE F4 70 95 DD F6 7B 3F DC | T:448082 RPD:1
[CH: 50] LEN: 12 | HEX: F5 77 BC F5 DE 73 95 DD C1 DD AF FF | T:448085 RPD:1
[CH: 50] LEN: 12 | HEX: E9 77 F4 F5 F6 73 95 FD 41 FD BB FF | T:448096 RPD:1
[CH: 50] LEN: 12 | HEX: F5 77 F6 EE F4 70 95 FD 76 7F 7E FD | T:448096 RPD:1
[CH: 50] LEN: 12 | HEX: F5 77 BF FD FF 73 95 F5 C1 FD BF FF | T:448108 RPD:1
[CH: 50] LEN: 12 | HEX: F5 77 B6 FE EA 70 95 FB 76 77 B7 EF | T:448108 RPD:0
[CH: 50] LEN: 12 | HEX: F5 77 FA FD EE 73 95 F7 41 FD AF FD | T:448119 RPD:1
[CH: 50] LEN: 12 | HEX: E9 77 FA FD DD 73 95 EE C1 FD B5 EE | T:448131 RPD:1
[CH: 50] LEN: 12 | HEX: F5 77 F6 FD EE 73 95 AA 81 AB BF EA | T:448131 RPD:0
[CH: 50] LEN: 12 | HEX: F5 77 FA F5 EE 73 95 FF C1 ED BD DF | T:448142 RPD:1
[CH: 50] LEN: 12 | HEX: F5 77 D4 FB DD 73 95 FD 41 ED BF EF | T:448142 RPD:0
[CH: 50] LEN: 12 | HEX: F9 77 FA FE F4 70 95 FD 76 7F FF AF | T:448154 RPD:1
[CH: 50] LEN: 12 | HEX: F5 77 BA F5 DF 73 95 EE C1 D5 BF F7 | T:448154 RPD:0
[CH: 50] LEN: 12 | HEX: E9 77 7E EA F4 70 95 DE 76 7F 7F FF | T:448165 RPD:1
[CH: 50] LEN: 12 | HEX: F1 77 BE FD FE 73 95 FF A1 DD BF DD | T:448177 RPD:1
[CH: 50] LEN: 12 | HEX: F5 77 DA FE FE 70 95 EF 76 7F ED DF | T:448177 RPD:0
[CH: 50] LEN: 12 | HEX: ED 77 BE FE FE 70 95 FD 76 7B 3F 79 | T:448188 RPD:1
[CH: 50] LEN: 12 | HEX: F9 77 DA FE EA 70 95 FD F6 75 BD B7 | T:448188 RPD:0
[CH: 50] LEN: 12 | HEX: F1 77 BC FD FE 73 95 FE 81 E9 BF FB | T:448200 RPD:1
[CH: 50] LEN: 12 | HEX: E9 77 F6 F6 EA 70 95 FD 76 7B 7F F6 | T:448211 RPD:1
[CH: 50] LEN: 12 | HEX: F9 77 7E FB DE 73 95 DD C1 DD BB 7F | T:448211 RPD:0
[CH: 50] LEN: 12 | HEX: F1 77 B4 FE EA 70 95 FF 76 7F F7 FF | T:448222 RPD:1
[CH: 50] LEN: 12 | HEX: E9 77 DC FE FF 70 95 DE 76 7B 7F DF | T:448223 RPD:1
[CH: 50] LEN: 12 | HEX: F9 77 76 F5 FE 73 95 EF C1 FD BE FE | T:448234 RPD:1
[CH: 50] LEN: 12 | HEX: F5 77 FA FD EA 73 95 EE C1 E9 BF 57 | T:448234 RPD:0
[CH: 50] LEN: 12 | HEX: F5 77 FA F4 F6 70 95 F7 76 6B 7F 7F | T:448246 RPD:1
[CH: 50] LEN: 12 | HEX: F5 77 F4 ED FD 73 95 DF 41 FD BF FD | T:448257 RPD:1
[CH: 50] LEN: 12 | HEX: FD 7F DE EE F6 70 95 FE F6 77 77 AF | T:448257 RPD:0
[CH: 50] LEN: 12 | HEX: FD 77 FE F5 DD 73 95 D7 C1 DD BF FF | T:448268 RPD:1
[CH: 50] LEN: 12 | HEX: F9 77 B4 FD EE 73 95 FD 41 E9 BF FF | T:448269 RPD:0
[CH: 50] LEN: 12 | HEX: E9 77 F6 FE EE 70 95 FE 76 7F BD FF | T:448280 RPD:1
[CH: 50] LEN: 12 | HEX: F5 77 FA F5 EC 73 95 FD 41 FD BD FF | T:448280 RPD:0
[CH: 50] LEN: 12 | HEX: E9 77 76 EE FE 70 95 EE F6 7F 3F FF | T:448292 RPD:1
[CH: 50] LEN: 12 | HEX: F1 77 EE ED DD 73 95 D7 C1 F9 BF DD | T:448303 RPD:1
[CH: 50] LEN: 12 | HEX: F9 77 FB FC F6 70 95 ED 76 7F 7F FB | T:448303 RPD:0
[CH: 50] LEN: 12 | HEX: F1 77 56 FD FD 73 95 D7 C1 DD AF FF | T:448314 RPD:1
[CH: 50] LEN: 12 | HEX: F5 77 FD FE F6 70 95 FE F6 7D BF DF | T:448315 RPD:0
[CH: 50] LEN: 12 | HEX: ED 77 F6 F5 DF 73 95 DF C1 DD BF 7D | T:448326 RPD:1
[CH: 50] LEN: 12 | HEX: FD 77 BD FC F6 70 95 FD 76 7F 7F FF | T:448337 RPD:1
[CH: 50] LEN: 12 | HEX: F9 77 F4 F5 FD 73 95 D6 C1 FD BF FF | T:448338 RPD:0
[CH: 50] LEN: 12 | HEX: E9 77 BB FE F6 70 95 EF F6 7D BD FF | T:448349 RPD:0
[CH: 50] LEN: 12 | HEX: F9 77 F7 00 00 71 D5 AA C9 06 BA EF | T:448363 RPD:1
[CH: 50] LEN: 12 | HEX: E8 6D FE 80 FE FA 95 FD 60 9C BF FF | T:448393 RPD:1
[CH: 50] LEN: 12 | HEX: F0 6D EE 80 FE EA 95 FD 60 9C AF FF | T:448393 RPD:1
[CH: 50] LEN: 12 | HEX: F1 77 75 00 00 71 95 D6 89 06 BF FA | T:448662 RPD:1
[CH: 50] LEN: 12 | HEX: F5 77 AF 00 00 71 95 FD 49 06 BE FF | T:448663 RPD:1
[CH: 50] LEN: 12 | HEX: F0 6D FE 80 FE EE 95 F7 60 9C BF EF | T:448693 RPD:1
[CH: 50] LEN: 12 | HEX: F8 6D F7 00 F6 FE 95 FE E0 9C BF FF | T:448693 RPD:1
[CH: 50] LEN: 12 | HEX: F9 77 F7 00 00 71 95 DE C9 06 BD DF | T:448962 RPD:1
[CH: 50] LEN: 12 | HEX: F5 77 FB 00 00 71 95 EF C9 06 BF BF | T:448963 RPD:1
[CH: 50] LEN: 12 | HEX: E8 6D F7 00 EC EE 95 FF 60 9C BF CC | T:448992 RPD:1
[CH: 50] LEN: 12 | HEX: E8 6D FF 00 FE FE 95 FE E0 9C BF F7 | T:448993 RPD:1
[CH: 50] LEN: 12 | HEX: F9 77 5F 00 00 71 95 AA C9 06 AD F9 | T:449262 RPD:1
[CH: 50] LEN: 12 | HEX: F9 77 B5 00 00 71 95 E9 49 06 AE F5 | T:449263 RPD:1
[CH: 50] LEN: 12 | HEX: E8 6D FD 00 FA EC 95 D7 60 9C BF EF | T:449292 RPD:1
[CH: 50] LEN: 12 | HEX: F8 6D FD 00 EE EE 95 EE 60 9C BF FD | T:449293 RPD:1
[CH: 50] LEN: 12 | HEX: F6 76 FF 00 8C F6 95 FD BC 73 AB FF | T:449336 RPD:1
[CH: 50] LEN: 12 | HEX: FA 76 F7 80 8C EA 95 EE 38 63 3F EB | T:449337 RPD:1
[CH: 50] LEN: 12 | HEX: F2 76 F6 EE 73 DE 95 DF C2 8E BB FD | T:449367 RPD:1
[CH: 50] LEN: 12 | HEX: F6 76 FE ED 70 FD 95 FE B7 80 BA FF | T:449371 RPD:1
[CH: 50] LEN: 12 | HEX: F6 76 F6 F4 71 DC 95 EE 6B 65 BF FF | T:449375 RPD:1
[CH: 50] LEN: 12 | HEX: EA 76 FE F3 76 F6 95 EA 5D 9C BF EF | T:449405 RPD:1
[CH: 50] LEN: 12 | HEX: FA 76 F6 F2 77 F6 95 FD 01 79 AF 7F | T:449435 RPD:1
[CH: 50] LEN: 12 | HEX: F2 76 F6 E9 74 FF 95 DF F4 77 7B BF | T:449465 RPD:1
[CH: 50] LEN: 12 | HEX: EA 76 FA E8 75 EE 95 DB 28 92 BF 7F | T:449495 RPD:1
[CH: 50] LEN: 12 | HEX: F2 76 F6 F7 76 FF 95 DF 99 85 B7 FD | T:449525 RPD:1
[CH: 50] LEN: 12 | HEX: F2 76 F7 F6 7B AE 95 FD 45 60 BF EF | T:449555 RPD:1
[CH: 50] LEN: 12 | HEX: EA 76 EE E5 78 F6 95 DD 30 6F BF B7 | T:449585 RPD:1
[CH: 50] LEN: 12 | HEX: F6 76 FE F3 76 FC 95 F6 9A 72 BB FF | T:449645 RPD:1
[CH: 50] LEN: 12 | HEX: EA 76 F5 F2 7B AE 95 FA 86 97 37 F7 | T:449675 RPD:1
[CH: 50] LEN: 12 | HEX: F2 76 FE F1 7C FE 95 DE F3 99 BF DF | T:449705 RPD:1
[CH: 50] LEN: 12 | HEX: F2 76 F6 F0 75 EE 95 D7 AE 7C BB AE | T:449735 RPD:1
[CH: 50] LEN: 12 | HEX: FA 76 FA EF 62 EA 95 FA 81 96 BF FF | T:449765 RPD:0
[CH: 50] LEN: 12 | HEX: FA 76 F5 EE 63 AC 95 FF 5D 73 AE DF | T:449795 RPD:0
[CH: 50] LEN: 12 | HEX: FA 76 FA ED 60 FE 95 FF 28 79 B5 FF | T:449825 RPD:0
[CH: 50] LEN: 12 | HEX: EA 76 FC EC 61 F6 95 FF 74 98 B7 F6 | T:449855 RPD:0
[CH: 50] LEN: 12 | HEX: FA 76 FD EB 66 FE 95 FF C2 61 BB FD | T:449885 RPD:0
[CH: 50] LEN: 12 | HEX: FA 76 FE EA 67 FF 95 ED 9E 84 B7 FF | T:449914 RPD:1
[CH: 50] LEN: 12 | HEX: FA 76 F4 E9 64 EE 95 EF AB 8A BD 5F | T:449944 RPD:0
[CH: 50] LEN: 12 | HEX: F2 76 FE E8 65 FE 95 FF 37 6F BF FF | T:449975 RPD:0
[CH: 50] LEN: 12 | HEX: FA 76 FE D7 6A FE 95 FF C6 78 AD EE | T:450005 RPD:0
[CH: 50] LEN: 12 | HEX: FA 76 FC E6 6B FE 95 F5 5A 9D BE FF | T:450035 RPD:1
[CH: 50] LEN: 12 | HEX: FA 76 FE E4 69 FE 95 AF F3 76 B7 D7 | T:450095 RPD:0
[CH: 50] LEN: 12 | HEX: F2 76 FD E3 6E FE 95 DE 85 8F BD FF | T:450125 RPD:0
[CH: 50] LEN: 12 | HEX: FA 76 FA E2 6F 6B 95 EB 19 6A BF 7A | T:450155 RPD:0
[CH: 50] LEN: 12 | HEX: FA 7E FE E1 6C F6 95 FF 6C 64 BD 7F | T:450185 RPD:0
[CH: 50] LEN: 12 | HEX: F2 76 FC E0 6D FE 95 E9 70 81 BD FE | T:450215 RPD:0
[CH: 50] LEN: 12 | HEX: FA 76 FE DF 52 F5 95 EB 21 91 BD FF | T:450244 RPD:0
[CH: 50] LEN: 12 | HEX: F2 77 FC EB 70 FE 95 BF B7 80 BD F6 | T:450278 RPD:0
[CH: 50] LEN: 12 | HEX: AA 76 F6 FC 79 FD 95 D7 4A E5 37 7E | T:450282 RPD:0
[CH: 50] LEN: 12 | HEX: FA 76 F6 FB 76 F6 95 EA 5D 9C BF FD | T:450312 RPD:0
[CH: 50] LEN: 12 | HEX: FA 7E FE F9 74 FE 95 FF F4 77 BF BB | T:450372 RPD:0
[CH: 50] LEN: 12 | HEX: FA 76 AC E8 75 D4 95 DE A8 92 B2 DD | T:450402 RPD:0
[CH: 50] LEN: 12 | HEX: FA 76 FE F6 73 FF 95 FF 45 60 BF EF | T:450462 RPD:0
[CH: 50] LEN: 12 | HEX: FA 76 FE F5 78 F4 95 6A 30 6E BB DB | T:450492 RPD:0
[CH: 50] LEN: 12 | HEX: FA 76 F4 F4 79 D6 95 ED 4C 8B B5 AF | T:450522 RPD:0
[CH: 50] LEN: 12 | HEX: FA 76 FE F3 74 FE 95 D5 DA 72 BF FB | T:450552 RPD:0
[CH: 50] LEN: 12 | HEX: FA 76 FE FA 7F BE 95 EA 06 97 B7 DF | T:450582 RPD:0
[CH: 50] LEN: 12 | HEX: FA 76 FE E9 7C FE 95 FB 73 99 B6 FF | T:450612 RPD:0
[CH: 50] LEN: 12 | HEX: F2 6E FE F0 5B AA 95 BF 2A 6A 97 57 | T:450642 RPD:0
[CH: 50] LEN: 12 | HEX: F2 76 FF CE 62 F6 95 DE 01 96 BF FF | T:450672 RPD:0
[CH: 50] LEN: 12 | HEX: AA 76 EA EE 63 EC 95 FF DD 73 BF FF | T:450702 RPD:0
[CH: 50] LEN: 12 | HEX: FA 7B FD 00 81 FE 95 EF AF FA BD EF | T:450906 RPD:1
[CH: 50] LEN: 12 | HEX: FA 7B BD 00 81 EA 95 DF 4F 7A BE BF | T:450907 RPD:1
[CH: 50] LEN: 12 | HEX: F9 77 FD FE FE 70 95 F5 76 7D 3F 7A | T:450938 RPD:1
[CH: 50] LEN: 12 | HEX: F1 77 FE ED FF 73 95 EB C1 A9 AD EE | T:450940 RPD:1
[CH: 50] LEN: 12 | HEX: E9 77 5E FE FE 70 95 FE 76 77 7F 3F | T:450944 RPD:1
[CH: 50] LEN: 12 | HEX: F9 77 DD F5 EE 73 95 FE 81 E9 BD F7 | T:450955 RPD:1
[CH: 50] LEN: 12 | HEX: F5 77 DD FA FC 70 95 EE F6 7A BF FF | T:450955 RPD:0
[CH: 50] LEN: 12 | HEX: F9 77 DE F5 FB 73 95 FE 81 FD AF FB | T:450966 RPD:1
[CH: 50] LEN: 12 | HEX: F9 77 BA FA FA 70 95 FD 76 77 3F FD | T:450967 RPD:0
[CH: 50] LEN: 12 | HEX: F9 77 FA F5 EA 73 95 AA 81 D3 BE F7 | T:450978 RPD:1
[CH: 50] LEN: 12 | HEX: F9 77 FD FE FA 70 95 EE F6 7D BF AF | T:450989 RPD:1
[CH: 50] LEN: 12 | HEX: F1 77 FD F5 EC 73 95 FF 41 ED B5 FF | T:450990 RPD:0
[CH: 50] LEN: 12 | HEX: F9 77 D6 FE FE 70 95 F5 76 7F BF FF | T:451001 RPD:1
[CH: 50] LEN: 12 | HEX: E9 77 BD F6 FE 70 95 F6 F6 7F BE FF | T:451001 RPD:0
[CH: 50] LEN: 12 | HEX: F1 77 F6 F5 FE 63 95 DD 41 E9 BF FF | T:451012 RPD:1
[CH: 50] LEN: 12 | HEX: F9 77 AD F6 F6 70 95 FE 76 7B 3F FF | T:451024 RPD:1
[CH: 50] LEN: 12 | HEX: F1 77 B5 FD F5 73 95 EB 41 FD FF 5B | T:451024 RPD:0
[CH: 50] LEN: 12 | HEX: FD 77 BA FE FE 70 95 FC F6 7E BF 7B | T:451035 RPD:1
[CH: 50] LEN: 12 | HEX: F1 77 BA F5 D6 73 95 FF C1 FD BF FF | T:451035 RPD:0
[CH: 50] LEN: 12 | HEX: F5 77 BA FE FE 70 95 EB 76 7F BF FF | T:451047 RPD:1
[CH: 50] LEN: 12 | HEX: F9 77 BC EE EE 70 95 FD 76 7D BF 7F | T:451047 RPD:0
[CH: 50] LEN: 12 | HEX: ED 77 FE F9 FD 73 95 D5 01 55 B7 7E | T:451058 RPD:1
[CH: 50] LEN: 12 | HEX: E9 77 B4 E9 AD 73 15 D7 C1 D5 AF FD | T:451070 RPD:1
[CH: 50] LEN: 12 | HEX: F9 77 FA EC FE 70 95 FE F6 75 7B F7 | T:451070 RPD:0
[CH: 50] LEN: 12 | HEX: F9 77 76 ED FF 73 95 FA C1 FD BF 7F | T:451081 RPD:1
[CH: 50] LEN: 12 | HEX: F5 77 7A FD DD 73 95 EF 41 FB BF FF | T:451081 RPD:0
[CH: 50] LEN: 12 | HEX: F5 77 5E EE F5 68 95 DE 76 77 FD B7 | T:451093 RPD:1
[CH: 50] LEN: 12 | HEX: ED 77 7E E9 DD 73 95 ED C1 E9 BF BB | T:451093 RPD:0
[CH: 50] LEN: 12 | HEX: F1 77 AA FF F4 70 95 F7 76 7B BF F5 | T:451104 RPD:1
[CH: 50] LEN: 12 | HEX: F5 77 76 FE EE 70 95 FE FE 7F F6 FF | T:451116 RPD:1
[CH: 50] LEN: 12 | HEX: F9 77 FA FB FC 73 95 FD 41 FD BD 7D | T:451116 RPD:0
[CH: 50] LEN: 12 | HEX: F9 77 FA FE FE 70 95 FF 76 7F FD DD | T:451127 RPD:1
[CH: 50] LEN: 12 | HEX: E9 77 BE EF FE 70 95 DF 76 7F FF DF | T:451127 RPD:0
[CH: 50] LEN: 12 | HEX: F9 77 B6 FD EF 73 95 FD C1 DD BB FF | T:451139 RPD:1
[CH: 50] LEN: 12 | HEX: E9 77 76 EA FE 70 95 FD 76 77 6F F7 | T:451150 RPD:1
[CH: 50] LEN: 12 | HEX: F5 77 7E FD EC 73 D5 D5 41 D5 BB FE | T:451150 RPD:1
[CH: 50] LEN: 12 | HEX: F9 77 AD FE FE 70 95 EF F6 7F FF FF | T:451162 RPD:1
[CH: 50] LEN: 12 | HEX: F5 77 5A FE EA 70 95 D5 76 7E FF EF | T:451162 RPD:0
[CH: 50] LEN: 12 | HEX: F5 77 F6 F5 FF 73 95 ED C1 FD BD FF | T:451173 RPD:1
[CH: 50] LEN: 12 | HEX: F3 77 D6 F5 F4 73 95 EB C1 F9 B7 FA | T:451173 RPD:0
[CH: 50] LEN: 12 | HEX: F5 77 7E EA FE 70 95 FF 7E 7D BF EF | T:451185 RPD:1
[CH: 50] LEN: 12 | HEX: F9 77 5E FB EA 73 95 EF 41 FF BF EF | T:451196 RPD:1
[CH: 50] LEN: 12 | HEX: E9 77 AE ED F6 70 95 FD 76 7B 7F FF | T:451196 RPD:0
[CH: 50] LEN: 12 | HEX: F9 77 FC FD D5 73 95 EE C1 FD BF DF | T:451208 RPD:1
[CH: 50] LEN: 12 | HEX: F9 77 FA FD DD 73 95 ED 41 FD BF F6 | T:451208 RPD:0
[CH: 50] LEN: 12 | HEX: D9 77 F4 EE FC 70 95 FD 76 77 7F DE | T:451219 RPD:1
[CH: 50] LEN: 12 | HEX: F9 77 BC F5 FE 73 95 FE C1 ED BB 9F | T:451219 RPD:0
[CH: 50] LEN: 12 | HEX: F5 76 D4 D5 E4 70 95 AA F6 79 3F 5E | T:451231 RPD:1
[CH: 50] LEN: 12 | HEX: F9 77 B4 FD FE 73 95 EF C1 F9 BE FF | T:451242 RPD:1
[CH: 50] LEN: 12 | HEX: F9 77 BE FF F6 70 95 EE 76 7F 77 FF | T:451242 RPD:0
[CH: 50] LEN: 12 | HEX: E9 77 F6 FD EE 73 95 FD C1 FD FF FF | T:451254 RPD:1
[CH: 50] LEN: 12 | HEX: F9 77 EA E9 FD 73 95 DF C1 DD BA DD | T:451254 RPD:0
[CH: 50] LEN: 12 | HEX: F9 77 BE EC F6 70 95 FD 76 77 3F FF | T:451265 RPD:1
[CH: 50] LEN: 12 | HEX: E9 77 BE F6 FE 70 95 FE F6 77 7A F7 | T:451265 RPD:0
[CH: 50] LEN: 12 | HEX: F5 77 5C FD FF 73 95 FD C1 FB B7 FF | T:451277 RPD:0
[CH: 50] LEN: 12 | HEX: F9 77 DE EE FE 70 95 FE F6 7F BF FD | T:451288 RPD:1
[CH: 50] LEN: 12 | HEX: E9 77 F6 F5 FD 73 95 DE C1 FD B7 FF | T:451288 RPD:1
[CH: 50] LEN: 12 | HEX: F9 77 BE FE FE 70 95 FD 76 7F 3A FF | T:451299 RPD:1
[CH: 50] LEN: 12 | HEX: F5 77 F6 F9 FE 73 95 FE C1 DD BF FE | T:451310 RPD:1
[CH: 50] LEN: 12 | HEX: F1 77 FA EA EE 70 95 FE 76 7B BF DF | T:451331 RPD:1
[CH: 50] LEN: 12 | HEX: F5 77 FA FD EE 73 95 ED 41 FB B7 5F | T:451334 RPD:1
[CH: 50] LEN: 12 | HEX: F9 77 BD FE FE 70 95 FF 76 7D BF DF | T:451337 RPD:1
[CH: 50] LEN: 12 | HEX: ED 77 FC FB FD 63 95 EE C1 DD BD FE | T:451357 RPD:1
[CH: 50] LEN: 12 | HEX: ED 77 BE F4 FE 70 95 FD F6 7B B5 FF | T:451360 RPD:1
[CH: 50] LEN: 12 | HEX: F5 77 FE F5 EE 73 95 FD C1 F9 AF D6 | T:451363 RPD:1
[CH: 50] LEN: 12 | HEX: F9 77 BA EA FE 70 95 DD 76 7B 7F BF | T:451374 RPD:1
[CH: 50] LEN: 12 | HEX: F5 77 B4 E9 DB 73 95 FA C1 F9 F7 FF | T:451375 RPD:0
[CH: 50] LEN: 12 | HEX: F9 77 FD FE FE 70 95 EF F6 7F BF DB | T:451386 RPD:1
[CH: 50] LEN: 12 | HEX: E9 77 EE FD FA 73 95 FD C1 FB B7 D5 | T:451386 RPD:0
[CH: 50] LEN: 12 | HEX: F9 77 5A FE F6 70 95 EF 76 7B 7F FE | T:451398 RPD:0
[CH: 50] LEN: 12 | HEX: F9 77 76 FD FE 73 95 EF C1 ED BF FF | T:451409 RPD:1
[CH: 50] LEN: 12 | HEX: ED 77 B4 ED D6 73 95 DA C1 D5 BF F7 | T:451444 RPD:1
[CH: 50] LEN: 12 | HEX: F9 77 F6 F6 FE 70 95 FE 77 7F FF FF | T:451447 RPD:1
[CH: 50] LEN: 12 | HEX: E9 77 B4 F9 F6 73 95 D7 C1 DF BF FF | T:451450 RPD:1
[CH: 50] LEN: 12 | HEX: F9 77 FA FE FA 70 95 EB 67 77 BF FE | T:451461 RPD:1
[CH: 50] LEN: 12 | HEX: F5 77 F6 FD FD 73 95 DD C1 F5 BF 76 | T:451462 RPD:0
[CH: 50] LEN: 12 | HEX: F5 77 7A EE F6 70 95 DF 76 7F 7F FF | T:451473 RPD:1
[CH: 50] LEN: 12 | HEX: F1 77 F4 FD ED 73 95 EF C1 F5 BF 65 | T:451473 RPD:0
[CH: 50] LEN: 12 | HEX: F9 77 FA F6 FA 70 95 FD 76 7E EB 5D | T:451485 RPD:1
[CH: 50] LEN: 12 | HEX: F5 77 BE FD FA 73 95 EB C1 FD BF B7 | T:451496 RPD:1
[CH: 50] LEN: 12 | HEX: E5 77 BE FC FE 70 95 DF 76 7F BE FF | T:451496 RPD:1
[CH: 50] LEN: 12 | HEX: F5 77 F6 F5 FF 73 95 EE 81 DD BF FF | T:451507 RPD:1
[CH: 50] LEN: 12 | HEX: F9 77 DE FE FE 70 95 FE F6 7F 75 BF | T:451508 RPD:1
[CH: 50] LEN: 12 | HEX: E9 77 7F 00 00 71 95 FA C9 06 B6 EF | T:451534 RPD:1
[CH: 50] LEN: 12 | HEX: F9 77 BF 00 00 71 95 EA 09 04 BE DB | T:451535 RPD:1
[CH: 50] LEN: 12 | HEX: F4 6D D7 00 ED EE 95 FE 60 9C AF F7 | T:451565 RPD:1
[CH: 50] LEN: 12 | HEX: F8 6D DD 00 EE FD 95 ED E0 9C BF FF | T:451566 RPD:1
[CH: 50] LEN: 12 | HEX: F5 77 BF 00 00 71 95 FD 49 06 BE FF | T:451835 RPD:1
[CH: 50] LEN: 12 | HEX: F8 6D FE 00 FE FE 95 EE E0 9C BF FF | T:451865 RPD:1
[CH: 50] LEN: 12 | HEX: FC 6D FF 00 FE FE 95 F7 E0 9C AE F7 | T:451866 RPD:1
[CH: 50] LEN: 12 | HEX: F5 77 FB 00 00 71 95 FF C9 06 BE BF | T:452134 RPD:1
[CH: 50] LEN: 12 | HEX: F5 77 DF 00 00 71 95 FA C9 06 B7 7F | T:452135 RPD:1
[CH: 50] LEN: 12 | HEX: E8 6D EE 00 F6 EE 95 FD 60 9C BD FF | T:452165 RPD:1
[CH: 50] LEN: 12 | HEX: F8 6D DD 00 EA FE 95 FE E0 9C BF EF | T:452165 RPD:1
[CH: 50] LEN: 12 | HEX: F5 77 7F 00 00 71 95 DE C9 06 AE FF | T:452434 RPD:1
[CH: 50] LEN: 12 | HEX: E9 77 FF 00 00 71 95 EE C9 06 AE FB | T:452435 RPD:1
[CH: 50] LEN: 12 | HEX: F4 6D FE 80 F6 F4 95 EE 60 9C BF FF | T:452464 RPD:1
[CH: 50] LEN: 12 | HEX: F4 6D FE 80 FE FE 95 DD 60 9C BF FF | T:452465 RPD:1
[CH: 50] LEN: 12 | HEX: FA 76 EF 80 8C F6 95 DF 3C 73 BF 5F | T:452518 RPD:1
[CH: 50] LEN: 12 | HEX: F6 76 FE 80 8C F6 95 DE BC 73 BF FF | T:452519 RPD:1
[CH: 50] LEN: 12 | HEX: FA 76 F6 EE 73 BE 95 A9 C2 8C BA DE | T:452549 RPD:1
[CH: 50] LEN: 12 | HEX: F6 76 F6 FB 70 EE 95 D7 B7 C0 BF F5 | T:452553 RPD:1
[CH: 50] LEN: 12 | HEX: FA 76 DE FC 71 EE 95 EF 6B 65 BF EF | T:452556 RPD:1
[CH: 50] LEN: 12 | HEX: F2 76 F6 F7 76 F6 95 FE DD 9C BF FF | T:452587 RPD:1
[CH: 50] LEN: 12 | HEX: FA 76 F6 F1 74 F6 95 DD F4 77 AA D7 | T:452647 RPD:1
[CH: 50] LEN: 12 | HEX: FA 76 FE F4 75 D6 95 FE 28 92 BF DF | T:452677 RPD:1
[CH: 50] LEN: 12 | HEX: FA 76 F6 E7 76 EE 95 FF 99 85 BB DB | T:452707 RPD:1
[CH: 50] LEN: 12 | HEX: F6 76 EE E6 7B EA 95 EF 45 60 BF EA | T:452737 RPD:1
[CH: 50] LEN: 12 | HEX: F6 76 FE F5 74 EE 95 EF 30 6E BF FF | T:452767 RPD:0
[CH: 50] LEN: 12 | HEX: FA 76 EE F4 79 FE 95 DF 5C 8B BF FF | T:452797 RPD:1
[CH: 50] LEN: 12 | HEX: FA 76 FE F3 7E F6 95 FD 5A 72 BF FF | T:452827 RPD:1
[CH: 50] LEN: 12 | HEX: FA 76 F4 F2 7F BE 95 FD 06 97 BF FF | T:452856 RPD:0
[CH: 50] LEN: 12 | HEX: F2 76 FE F1 7C F4 95 FF 73 99 BB FF | T:452886 RPD:0
[CH: 50] LEN: 12 | HEX: FA 76 F6 E0 7D F6 95 F7 AF 7C BF F7 | T:452916 RPD:0
[CH: 50] LEN: 12 | HEX: FA 76 FE EF 62 FE 95 D5 01 96 BB BF | T:452946 RPD:0
[CH: 50] LEN: 12 | HEX: FE 76 FE EE 63 FE 95 EA BD 73 AF FF | T:452976 RPD:0
[CH: 50] LEN: 12 | HEX: F2 76 F4 ED 60 F6 95 D7 A8 7D BF FF | T:453006 RPD:0
[CH: 50] LEN: 12 | HEX: FA 76 F5 EC 61 EA 95 EA 74 98 BE FA | T:453036 RPD:0
[CH: 50] LEN: 12 | HEX: FA 76 FA EB 66 FE 95 FF 42 61 B7 FF | T:453066 RPD:0
[CH: 50] LEN: 12 | HEX: FA 76 FE EA 67 5E 95 F6 DE 84 BF FF | T:453096 RPD:0
[CH: 50] LEN: 12 | HEX: F2 76 FE E9 64 FE 95 FF 6B 8A BF 4D | T:453126 RPD:0
[CH: 50] LEN: 12 | HEX: FA 76 F6 E8 65 EA 95 FF 37 6F B7 FF | T:453156 RPD:0
[CH: 50] LEN: 12 | HEX: FA 76 F5 E7 6A F6 95 F7 C6 78 BF FF | T:453186 RPD:0
[CH: 50] LEN: 12 | HEX: FA 76 FA E6 6B FE 95 FF 5A 9D BF FD | T:453216 RPD:0
[CH: 50] LEN: 12 | HEX: FA 76 F9 E5 68 FE 95 FF 2F 93 BB FE | T:453246 RPD:0
[CH: 50] LEN: 12 | HEX: FA 76 FE E4 69 FE 95 FF 53 76 AD 7D | T:453276 RPD:0
[CH: 50] LEN: 12 | HEX: FA 76 FA E3 6E FE 95 EB 45 8F 3F F7 | T:453306 RPD:0
[CH: 50] LEN: 12 | HEX: FE 76 FE E1 6C F6 95 FB 6C 64 BF 7B | T:453366 RPD:0
[CH: 50] LEN: 12 | HEX: FA 76 FE E0 6D FD 95 FF B0 81 BF FF | T:453396 RPD:0
[CH: 50] LEN: 12 | HEX: FA 76 FE DE 52 FE 95 FE A1 91 B7 F7 | T:453426 RPD:0
[CH: 50] LEN: 12 | HEX: FA 76 FE FE 73 FE 95 FF A2 8E BE FF | T:453456 RPD:0
[CH: 50] LEN: 12 | HEX: FA 76 FE F5 70 FE 95 F5 37 80 B7 5F | T:453460 RPD:0
[CH: 50] LEN: 12 | HEX: FA 7E FE FC 79 F6 95 FF 6B 65 B6 FE | T:453464 RPD:0
[CH: 50] LEN: 12 | HEX: FA 76 FB F7 76 FE 95 F6 5D 9C BF 7F | T:453494 RPD:0
[CH: 50] LEN: 12 | HEX: FA 76 FE DA 77 BB 95 EE 81 79 BF 7F | T:453524 RPD:0
[CH: 50] LEN: 12 | HEX: DA 76 FC F9 74 F4 95 FF B4 77 FF FF | T:453554 RPD:0
[CH: 50] LEN: 12 | HEX: EA 76 FE F8 75 F6 95 FF A8 92 BF BF | T:453584 RPD:0
[CH: 50] LEN: 12 | HEX: FA 76 F6 F5 38 BA 01 AB 19 05 B7 FE | T:453614 RPD:0
[CH: 50] LEN: 12 | HEX: FA 76 F4 E6 7B FE 95 F6 C5 60 BF EA | T:453644 RPD:0
[CH: 50] LEN: 12 | HEX: FA 76 FA F5 70 EA 95 EF 30 6E B5 BB | T:453674 RPD:0
[CH: 50] LEN: 12 | HEX: F6 76 F4 F4 79 FE 95 BF DC 8B AF FF | T:453704 RPD:0
[CH: 50] LEN: 12 | HEX: F2 7B BD 00 81 FC 95 FE AF 6F AF AF | T:453928 RPD:1
[CH: 50] LEN: 12 | HEX: F2 7B FD 00 81 EA 95 D5 6E AB BF FF | T:453928 RPD:1
[CH: 50] LEN: 12 | HEX: F9 77 FA FE F6 70 95 FE F6 75 B7 FF | T:453959 RPD:1
[CH: 50] LEN: 12 | HEX: F1 77 DC F5 FD 73 95 FE A1 E9 BF 7E | T:453962 RPD:1
[CH: 50] LEN: 12 | HEX: F5 77 7C EA F6 70 95 FF 76 77 7F F7 | T:453965 RPD:1
[CH: 50] LEN: 12 | HEX: F9 77 BA FD FD 73 95 D7 C1 E9 BF BF | T:453985 RPD:1
[CH: 50] LEN: 12 | HEX: F9 77 FE FD F6 78 95 F7 76 7F FF FF | T:453988 RPD:1
[CH: 50] LEN: 12 | HEX: F5 77 7E F5 ED 6B 95 FE C1 FD BF FF | T:453991 RPD:1
[CH: 50] LEN: 12 | HEX: F9 77 FA FE FE 70 95 FF F6 7B BF FF | T:454002 RPD:1
[CH: 50] LEN: 12 | HEX: F5 77 F6 ED FE 63 95 EB C1 ED AE D7 | T:454003 RPD:1
[CH: 50] LEN: 12 | HEX: F5 77 DE EE FF 70 95 DE 76 77 7F FF | T:454017 RPD:1
[CH: 50] LEN: 12 | HEX: F5 77 BE FB EE 73 95 D6 81 FD BF FF | T:454020 RPD:1
[CH: 50] LEN: 12 | HEX: F9 77 BE FE FE 70 95 EE F6 7F F7 FA | T:454031 RPD:1
[CH: 50] LEN: 12 | HEX: F9 77 DE ED DD 73 95 DE C1 D5 BF FF | T:454032 RPD:0
[CH: 50] LEN: 12 | HEX: F9 77 BE F6 F6 70 95 FE F6 7B FF FF | T:454043 RPD:1
[CH: 50] LEN: 12 | HEX: F5 77 F4 F5 FA 73 95 ED C1 FD AE FF | T:454043 RPD:0
[CH: 50] LEN: 12 | HEX: F5 77 5E F6 FD 68 95 ED 76 7E BD FB | T:454055 RPD:0
[CH: 50] LEN: 12 | HEX: FD 77 F5 F6 FF 70 95 EF 76 7B 3F BF | T:454058 RPD:1
[CH: 50] LEN: 12 | HEX: F1 77 BE FD D6 73 95 FE C1 FD BB FB | T:454069 RPD:1
[CH: 50] LEN: 12 | HEX: FD 77 FE F5 F6 73 95 FE C1 F9 BF EF | T:454070 RPD:1
[CH: 50] LEN: 12 | HEX: F5 77 76 FE EE 70 95 FF 76 77 6E EF | T:454081 RPD:1
[CH: 50] LEN: 12 | HEX: F9 77 F4 FB EE 73 95 FE C1 D5 BF F7 | T:454081 RPD:0
[CH: 50] LEN: 12 | HEX: F9 77 6E F6 EC 70 95 ED 76 77 75 7D | T:454093 RPD:1
[CH: 50] LEN: 12 | HEX: F9 77 F4 FE FE 70 95 DF F7 77 3F FF | T:454104 RPD:1
[CH: 50] LEN: 12 | HEX: F5 77 B6 F5 FE 73 95 FF C1 D5 BF BF | T:454104 RPD:0
[CH: 50] LEN: 12 | HEX: F9 77 FC FE FE 70 95 EF 76 7F BF FF | T:454115 RPD:1
[CH: 50] LEN: 12 | HEX: F9 77 BA F4 FE 70 95 EE 76 7F FE FD | T:454116 RPD:0
[CH: 50] LEN: 12 | HEX: F9 77 BE F7 FC 73 95 FE C1 ED AF 75 | T:454127 RPD:1
[CH: 50] LEN: 12 | HEX: F5 77 7E EE EE 70 95 ED 76 7E BF 7F | T:454127 RPD:0
[CH: 50] LEN: 12 | HEX: F9 77 BE FD EE 73 95 D7 C1 ED BB AA | T:454139 RPD:1
[CH: 50] LEN: 12 | HEX: F9 77 7A F6 FA 70 95 EF 76 77 3D FF | T:454150 RPD:1
[CH: 50] LEN: 12 | HEX: F9 77 F4 FC FE 60 95 EE F7 77 FF FF | T:454150 RPD:0
[CH: 50] LEN: 12 | HEX: F5 77 B4 FD FC 73 95 FD 41 D5 BF FB | T:454161 RPD:1
[CH: 50] LEN: 12 | HEX: F9 77 74 F5 FE 73 95 FD C1 FF BF D4 | T:454162 RPD:0
[CH: 50] LEN: 12 | HEX: F9 77 F4 FF F6 70 95 EF 76 77 FF BE | T:454173 RPD:1
[CH: 50] LEN: 12 | HEX: F9 77 7E F9 DE 73 95 FD C1 ED B6 FF | T:454184 RPD:1
[CH: 50] LEN: 12 | HEX: F5 77 F4 F6 FE 70 95 FE F6 77 6F 7D | T:454184 RPD:0
[CH: 50] LEN: 12 | HEX: E9 77 BC F9 FD 73 95 FD 41 FF BF 6F | T:454196 RPD:1
[CH: 50] LEN: 12 | HEX: F5 77 F6 F5 FA 73 95 ED C1 ED BB 5E | T:454196 RPD:0
[CH: 50] LEN: 12 | HEX: F5 77 F4 FE FE 70 95 FD 76 77 6B DE | T:454207 RPD:1
[CH: 50] LEN: 12 | HEX: F9 77 BE ED DD 73 95 EF C1 FB BF DF | T:454208 RPD:0
[CH: 50] LEN: 12 | HEX: F1 77 FC EE FE 70 95 DA 76 77 7F FF | T:454219 RPD:1
[CH: 50] LEN: 12 | HEX: F9 77 BE FD FD 73 95 FD C1 E9 B7 FB | T:454230 RPD:1
[CH: 50] LEN: 12 | HEX: F5 77 DE FA F6 70 95 DE F6 77 3F 57 | T:454230 RPD:0
[CH: 50] LEN: 12 | HEX: F5 77 AC FE FE 70 95 FD F6 7E BD DF | T:454242 RPD:1
[CH: 50] LEN: 12 | HEX: F1 77 BE F6 F6 70 95 DE 76 7F BF FB | T:454242 RPD:0
[CH: 50] LEN: 12 | HEX: F9 77 7E ED FE 7B 95 FD 41 ED BB FF | T:454253 RPD:1
[CH: 50] LEN: 12 | HEX: F5 77 FA FE F6 70 95 F7 F6 7D 3F FF | T:454254 RPD:0
[CH: 50] LEN: 12 | HEX: F5 77 7E FB DD 73 95 FA C1 DD BF BD | T:454265 RPD:1
[CH: 50] LEN: 12 | HEX: F9 77 EA FE EE 70 95 DD 76 7F 6B DF | T:454276 RPD:1
[CH: 50] LEN: 12 | HEX: E9 77 EA F5 FA 73 95 FA C1 FD EE FF | T:454276 RPD:0
[CH: 50] LEN: 12 | HEX: F5 77 FA FE FF 70 95 DD 76 7F 7F F7 | T:454288 RPD:1
[CH: 50] LEN: 12 | HEX: E9 77 EA FD DE 73 95 DF C1 DD BF EF | T:454288 RPD:0
[CH: 50] LEN: 12 | HEX: F5 77 B4 FA F6 70 95 FE F6 7F 7F FD | T:454299 RPD:1
[CH: 50] LEN: 12 | HEX: F5 77 BC FD FF 73 95 FE C1 FD BB FF | T:454311 RPD:1
[CH: 50] LEN: 12 | HEX: F1 77 7A FE FF 70 95 FD 76 76 AF FF | T:454311 RPD:0
[CH: 50] LEN: 12 | HEX: F5 77 7E D5 ED 73 15 DD C1 DD BF FF | T:454322 RPD:1
[CH: 50] LEN: 12 | HEX: F1 77 BE F5 FA 73 95 FE C1 ED BF FF | T:454322 RPD:0
[CH: 50] LEN: 12 | HEX: F9 77 BE F4 ED 70 95 FD 76 7F 7F FF | T:454334 RPD:1
[CH: 50] LEN: 12 | HEX: F9 77 F6 E9 DC 73 95 DE C1 ED BD F7 | T:454334 RPD:0
[CH: 50] LEN: 12 | HEX: F5 77 EE FE EA 70 95 FD 76 7E BF F7 | T:454345 RPD:1
[CH: 50] LEN: 12 | HEX: E9 77 7E F5 DD 73 95 DF C1 FD BE FB | T:454357 RPD:1
[CH: 50] LEN: 12 | HEX: F5 77 BA EE ED 70 95 EF 76 7B 7F ED | T:454357 RPD:0
[CH: 50] LEN: 12 | HEX: F5 77 BC FE FE 70 95 EF 76 7F FB EF | T:454368 RPD:1
[CH: 50] LEN: 12 | HEX: F5 77 D4 EE FA 70 95 F7 76 7F 3F FB | T:454368 RPD:0
[CH: 50] LEN: 12 | HEX: FD 77 FE FD FE 73 95 FE C1 FD BF FF | T:454380 RPD:1
[CH: 50] LEN: 12 | HEX: E9 77 7E FE ED 70 95 AA 55 56 B6 FE | T:454380 RPD:0
[CH: 50] LEN: 12 | HEX: F9 77 F6 FD DD 73 95 EF 81 ED BF BF | T:454391 RPD:1
[CH: 50] LEN: 12 | HEX: F5 77 7A FE FE 70 95 FD 76 7F 7F 7F | T:454403 RPD:1
[CH: 50] LEN: 12 | HEX: F9 77 FE FD DD 73 95 FA C1 DF B7 BD | T:454403 RPD:1
[CH: 50] LEN: 12 | HEX: F5 77 FA F6 FE 70 95 F7 76 7B BD DE | T:454414 RPD:1
[CH: 50] LEN: 12 | HEX: F5 77 BE FD F6 73 95 F7 C1 ED BF FB | T:454414 RPD:0
[CH: 50] LEN: 12 | HEX: F9 77 BA FE EE 70 95 FD 76 77 FD FF | T:454426 RPD:1
[CH: 50] LEN: 12 | HEX: F5 77 BA FD FF 73 95 FF 41 FD BF FF | T:454426 RPD:0
[CH: 50] LEN: 12 | HEX: F9 77 BA FE FE 70 95 FF 76 7B BF F7 | T:454437 RPD:1
[CH: 50] LEN: 12 | HEX: F5 77 BA EB FF 73 95 FF C1 ED BF FE | T:454448 RPD:1
[CH: 50] LEN: 12 | HEX: F1 77 BE FD EE 70 95 FD 76 7F 7B FB | T:454449 RPD:0
[CH: 50] LEN: 12 | HEX: F9 77 7C F5 EF 73 95 FD C1 ED BF FF | T:454460 RPD:1
[CH: 50] LEN: 12 | HEX: F9 77 7E F4 F6 70 95 FD 76 7F 7D EA | T:454460 RPD:0
[CH: 50] LEN: 12 | HEX: F1 77 76 FD FE 73 95 EE C1 ED AF AF | T:454472 RPD:1
[CH: 50] LEN: 12 | HEX: F5 77 F6 F9 FE 73 95 F5 C1 FD BF BB | T:454483 RPD:1
[CH: 50] LEN: 12 | HEX: F5 77 FA EE EC 70 95 D7 76 76 F7 FD | T:454483 RPD:0
[CH: 50] LEN: 12 | HEX: FD 77 FA F7 FF 73 95 FE C1 F5 AB F7 | T:454494 RPD:1
[CH: 50] LEN: 12 | HEX: FD 77 FA EE F6 70 95 FD 76 7F 7D EF | T:454495 RPD:0
[CH: 50] LEN: 12 | HEX: E9 77 76 F5 DD 73 95 DD C1 DD BF 77 | T:454506 RPD:1
[CH: 50] LEN: 12 | HEX: F9 77 7E FE FE 70 95 EF F6 7F 7F 6E | T:454506 RPD:0
[CH: 50] LEN: 12 | HEX: F9 77 F6 ED FE 73 95 ED C1 FB BB FF | T:454518 RPD:1
[CH: 50] LEN: 12 | HEX: F9 77 FA F7 EC 70 95 EF 77 7F FF 7F | T:454529 RPD:1
[CH: 50] LEN: 12 | HEX: E9 77 B4 FB EA 73 95 DD C1 DB BF F2 | T:454529 RPD:0
[CH: 50] LEN: 12 | HEX: F5 77 BE FC EA 70 95 FD 76 7B 7F FF | T:454540 RPD:1
[CH: 50] LEN: 12 | HEX: F9 77 7A F4 FA 70 95 FF F6 77 3F 7F | T:454541 RPD:0
[CH: 50] LEN: 12 | HEX: F5 77 F4 ED FD 73 95 D6 C1 FD B6 DF | T:454552 RPD:0
[CH: 50] LEN: 12 | HEX: F5 77 FF 00 00 71 95 FD C9 06 BF FF | T:454572 RPD:1
[CH: 50] LEN: 12 | HEX: F9 77 F7 00 00 71 95 FD C9 06 BD AF | T:454573 RPD:1
[CH: 50] LEN: 12 | HEX: F0 6D FD 00 FE FD 95 FE 60 9C BF EF | T:454603 RPD:1
[CH: 50] LEN: 12 | HEX: E8 6D DA 00 FE FE 95 FE E0 9C BF F7 | T:454603 RPD:1
[CH: 50] LEN: 12 | HEX: F5 77 F7 00 00 71 95 FE C9 06 BB DE | T:454872 RPD:1
[CH: 50] LEN: 12 | HEX: D9 77 EB 00 00 71 95 EE C9 06 AF 7E | T:454873 RPD:1
[CH: 50] LEN: 12 | HEX: F4 6D DF 00 FE ED 95 FE E0 9C BD F7 | T:454903 RPD:1
[CH: 50] LEN: 12 | HEX: F8 6D EF 00 F6 F6 95 F6 60 9C BF DF | T:454903 RPD:1
[CH: 50] LEN: 12 | HEX: F9 77 FF 00 00 71 95 FD C9 06 BF 7E | T:455172 RPD:1
[CH: 50] LEN: 12 | HEX: F5 77 FF 00 00 71 95 AA C9 06 AF FB | T:455173 RPD:1
[CH: 50] LEN: 12 | HEX: F0 6D FD 00 F6 EA 95 EE 60 9C BB FF | T:455202 RPD:1
[CH: 50] LEN: 12 | HEX: F8 6D F7 00 FE FA 95 D7 60 9C BD FF | T:455203 RPD:1
[CH: 50] LEN: 12 | HEX: F6 76 FE 80 8E F6 95 FE 3C 73 AB 77 | T:455476 RPD:1
[CH: 50] LEN: 12 | HEX: F6 76 FD 00 8C FD 95 DF 3C 73 B7 FF | T:455477 RPD:1
[CH: 50] LEN: 12 | HEX: F6 76 EE FE 73 FA 95 ED C2 8E BF E2 | T:455507 RPD:1
[CH: 50] LEN: 12 | HEX: FA 76 FE FD 70 FD 95 DD 37 40 BE ED | T:455510 RPD:1
[CH: 50] LEN: 12 | HEX: F6 76 FE F4 71 FD 95 EE 6B 65 BF FE | T:455514 RPD:1
[CH: 50] LEN: 12 | HEX: F6 76 FE FB 76 F6 95 EF 5D 9C AF FF | T:455544 RPD:1
[CH: 50] LEN: 12 | HEX: FE 76 F6 F6 77 F6 95 FD 01 79 BF FD | T:455574 RPD:1
[CH: 50] LEN: 12 | HEX: FE 76 FA F9 74 FB 95 FF 74 77 BF DF | T:455604 RPD:1
[CH: 50] LEN: 12 | HEX: F6 76 FE F0 75 FD 95 EF 28 92 BF FE | T:455634 RPD:1
[CH: 50] LEN: 12 | HEX: FA 76 FE F7 7A FE 95 FF 99 85 BB F7 | T:455664 RPD:1
[CH: 50] LEN: 12 | HEX: F6 76 FE F6 73 F4 95 FD 45 60 B9 F6 | T:455694 RPD:1
[CH: 50] LEN: 12 | HEX: FA 76 FE F4 79 FE 95 FF AC 8B BF FD | T:455754 RPD:1
[CH: 50] LEN: 12 | HEX: F2 76 FE E3 7D FE 95 FF BA 72 BD F7 | T:455784 RPD:0
[CH: 50] LEN: 12 | HEX: F2 76 FD F2 7D D6 95 FB 06 97 B7 F7 | T:455814 RPD:0
[CH: 50] LEN: 12 | HEX: FA 76 FE F1 7C FA 95 F7 73 99 BD AB | T:455844 RPD:0
[CH: 50] LEN: 12 | HEX: FA 76 FE F0 7D F4 95 F6 EF 7C BF BF | T:455874 RPD:0
[CH: 50] LEN: 12 | HEX: FA 76 FE EF 62 FE 95 EF 01 96 BD FB | T:455904 RPD:0
[CH: 50] LEN: 12 | HEX: F2 76 FE DD E0 FD 95 FC B8 73 B7 DF | T:455964 RPD:0
[CH: 50] LEN: 12 | HEX: F2 76 FA EC 61 FA 95 ED 74 98 BF ED | T:455994 RPD:0
[CH: 50] LEN: 12 | HEX: EA 56 FB EA 65 FE 95 F6 5E 84 BE FF | T:456054 RPD:0
[CH: 50] LEN: 12 | HEX: EA 76 EE E9 64 F6 95 FF DB 8A AD FE | T:456084 RPD:0
[CH: 50] LEN: 12 | HEX: FA 76 FE E7 6A EA 95 DA 86 78 BF EF | T:456144 RPD:0
[CH: 50] LEN: 12 | HEX: FA 76 FE E6 6B FE 95 FF 5A 9B BB DF | T:456174 RPD:0
[CH: 50] LEN: 12 | HEX: EA 76 FE E5 68 F6 95 FE AF 53 BE FF | T:456204 RPD:0
[CH: 50] LEN: 12 | HEX: FA 76 F6 E4 69 EE 95 D6 D3 76 BF D6 | T:456234 RPD:0
[CH: 50] LEN: 12 | HEX: FA 66 FA E3 6E FE 95 FF C5 8F 3F FE | T:456264 RPD:0
[CH: 50] LEN: 12 | HEX: F2 76 FA E2 6F BF 95 FF 19 6A BF AB | T:456294 RPD:0
[CH: 50] LEN: 12 | HEX: FA 76 FE E1 6C FE 95 FF 6C 64 BF BF | T:456324 RPD:0
[CH: 50] LEN: 12 | HEX: FA 76 EA E0 6D FE 95 F7 70 81 FD EB | T:456354 RPD:0
[CH: 50] LEN: 12 | HEX: FA 76 FE DF 52 FA 95 AE 21 91 BF D7 | T:456384 RPD:0
[CH: 50] LEN: 12 | HEX: F2 76 F6 D6 73 EA 95 FF E2 8A BB DF | T:456414 RPD:0
[CH: 50] LEN: 12 | HEX: FA 76 FE FA 77 FE 95 F6 81 7D FD BF | T:456482 RPD:0
[CH: 50] LEN: 12 | HEX: FA 76 FA E9 74 FE 95 EF F4 77 B5 FF | T:456512 RPD:0
[CH: 50] LEN: 12 | HEX: F2 76 FE F0 75 EE 95 EA A8 92 B7 FF | T:456542 RPD:0
[CH: 50] LEN: 12 | HEX: FA 76 FA F7 FA FD 95 FB 99 85 AA FF | T:456572 RPD:0
[CH: 50] LEN: 12 | HEX: FA 77 FD 80 81 FD 95 EF EF FD 3D FF | T:456886 RPD:1
[CH: 50] LEN: 12 | HEX: EE 7B F6 80 81 DD 95 FB AF EB BF 6F | T:456886 RPD:1
[CH: 50] LEN: 12 | HEX: F9 77 BE FE FE 70 95 DD 76 7F 36 DD | T:456917 RPD:1
[CH: 50] LEN: 12 | HEX: FD 77 FA ED FC 73 95 F5 C1 FD BF FB | T:456920 RPD:1
[CH: 50] LEN: 12 | HEX: F5 77 5E FD F6 73 95 EF C1 DB BB FF | T:456926 RPD:1
[CH: 50] LEN: 12 | HEX: F9 77 FE FE FE 70 95 FF F6 7F 7F FF | T:456929 RPD:1
[CH: 50] LEN: 12 | HEX: F9 77 76 FD FD 73 95 ED 41 FD BE FF | T:456940 RPD:1
[CH: 50] LEN: 12 | HEX: F5 77 BA FE F6 70 95 FD 76 7F B7 DF | T:456941 RPD:0
[CH: 50] LEN: 12 | HEX: F9 77 74 FD DE 73 95 FD 41 E9 BF BF | T:456952 RPD:1
[CH: 50] LEN: 12 | HEX: F1 77 5C FE EC 70 95 FF 76 7F BF FB | T:456963 RPD:1
[CH: 50] LEN: 12 | HEX: F9 77 B4 FD EE 73 95 FE 81 F5 BF F6 | T:456963 RPD:0
[CH: 50] LEN: 12 | HEX: F1 77 FE FD FC 70 95 DD 76 7A FF EA | T:456975 RPD:1
[CH: 50] LEN: 12 | HEX: F5 77 FA F9 ED 73 95 DD C1 FD B6 FF | T:456975 RPD:0
[CH: 50] LEN: 12 | HEX: F1 77 BE FE F6 70 95 F7 76 76 BF B7 | T:456986 RPD:1
[CH: 50] LEN: 12 | HEX: F9 77 FA FA F6 70 95 F7 76 7B 7F F5 | T:456987 RPD:0
[CH: 50] LEN: 12 | HEX: F1 77 BE ED ED 73 95 F7 41 FD BF FD | T:456998 RPD:1
[CH: 50] LEN: 12 | HEX: F5 77 FE F6 F6 70 95 FE F6 6E BF EF | T:457009 RPD:1
[CH: 50] LEN: 12 | HEX: F1 77 7E D5 FD 73 95 DD C1 F9 BB 7F | T:457009 RPD:0
[CH: 50] LEN: 12 | HEX: F5 77 FE FD F6 70 95 DF 76 7E AF FF | T:457021 RPD:1
[CH: 50] LEN: 12 | HEX: F9 77 FA FB FF 73 95 F6 C1 FD BF B5 | T:457021 RPD:0
[CH: 50] LEN: 12 | HEX: E9 77 5F EC FC 70 95 FE F6 77 BF F7 | T:457032 RPD:1
[CH: 50] LEN: 12 | HEX: F9 77 F6 ED EE 63 95 DF C1 DD FF FF | T:457033 RPD:0
[CH: 50] LEN: 12 | HEX: E9 77 BE FE F6 70 95 EE 76 75 7F FF | T:457044 RPD:1
[CH: 50] LEN: 12 | HEX: F9 77 FA FD F7 73 95 FD 41 E9 BF FB | T:457055 RPD:1
[CH: 50] LEN: 12 | HEX: ED 77 BE F5 DE 73 95 FD C1 DD BF FF | T:457055 RPD:0
[CH: 50] LEN: 12 | HEX: F9 77 FA F5 FD 73 95 EF C1 DD BF FF | T:457067 RPD:1
[CH: 50] LEN: 12 | HEX: F9 77 FA FD DA 73 95 DE C1 DD BF BF | T:457067 RPD:0
[CH: 50] LEN: 12 | HEX: E9 77 BA FE FE 70 95 FB 76 7F 7D FF | T:457078 RPD:1
[CH: 50] LEN: 12 | HEX: ED 77 DD ED DD 7B 95 EF C1 DD AD BF | T:457090 RPD:1
[CH: 50] LEN: 12 | HEX: F5 77 76 F6 EA 70 95 FF 76 7F FF 7E | T:457090 RPD:0
[CH: 50] LEN: 12 | HEX: F5 77 BE FE FE 70 95 EF 76 7E BF 7F | T:457101 RPD:1
[CH: 50] LEN: 12 | HEX: E9 77 FA F6 EE 70 95 D7 76 7F 7F FE | T:457101 RPD:0
[CH: 50] LEN: 12 | HEX: F9 77 F4 FD DC 73 95 FF C1 ED BD CC | T:457113 RPD:1
[CH: 50] LEN: 12 | HEX: F1 77 DA FE FE 70 95 EE 76 7F FF FF | T:457113 RPD:0
[CH: 50] LEN: 12 | HEX: E9 77 F4 FD FA 73 95 DF C1 FD BF FD | T:457124 RPD:1
[CH: 50] LEN: 12 | HEX: F5 77 F6 F6 F6 70 95 FF F7 7F BF FF | T:457136 RPD:1
[CH: 50] LEN: 12 | HEX: F9 77 F6 FD F6 70 95 FD 76 7F BF BF | T:457136 RPD:1
[CH: 50] LEN: 12 | HEX: F1 77 5C F6 FD 70 95 EF 76 7F B6 FF | T:457147 RPD:1
[CH: 50] LEN: 12 | HEX: F5 77 FC F5 FF 73 95 DE C1 FD BF FF | T:457147 RPD:0
[CH: 50] LEN: 12 | HEX: F5 77 74 F6 F6 70 95 FE F6 7F FF FD | T:457159 RPD:1
[CH: 50] LEN: 12 | HEX: F1 77 BE F5 DD 73 95 FD 41 EB AF F7 | T:457159 RPD:0
[CH: 50] LEN: 12 | HEX: FD 77 FA FE F6 70 95 FD 76 7F FB BF | T:457170 RPD:1
[CH: 50] LEN: 12 | HEX: F9 77 74 F5 FE 73 95 FE 81 DD BF 6F | T:457181 RPD:1
[CH: 50] LEN: 12 | HEX: F5 77 BE FE F6 74 95 D7 76 7F FD BF | T:457182 RPD:0
[CH: 50] LEN: 12 | HEX: F5 77 B6 FD FD 73 95 D5 41 A9 BB FB | T:457193 RPD:1
[CH: 50] LEN: 12 | HEX: F5 77 BC F9 FD 73 95 EF C1 ED BF FD | T:457193 RPD:0
[CH: 50] LEN: 12 | HEX: F5 77 FC FE F6 70 95 FE F6 7B 7F DF | T:457205 RPD:1
[CH: 50] LEN: 12 | HEX: F1 77 DE F5 F4 73 95 DE C1 D5 AF EF | T:457216 RPD:1
[CH: 50] LEN: 12 | HEX: F1 77 B4 FE FE 70 95 DD 76 7F 7B EF | T:457216 RPD:0
[CH: 50] LEN: 12 | HEX: F9 77 FA FB FC 73 95 FD C1 F9 BF DD | T:457227 RPD:1
[CH: 50] LEN: 12 | HEX: F9 77 F6 FE FE 70 95 F6 F6 77 AF FD | T:457228 RPD:0
[CH: 50] LEN: 12 | HEX: F5 7F 7A FD DF 73 95 D5 C1 DD FF FB | T:457239 RPD:1
[CH: 50] LEN: 12 | HEX: F5 77 7A FC F4 70 95 D6 76 7D B7 AD | T:457239 RPD:0
[CH: 50] LEN: 12 | HEX: FD 77 FA FD FE 73 95 EF C1 FD BF FA | T:457251 RPD:1
[CH: 50] LEN: 12 | HEX: E9 77 7E EE FE 70 95 EF 76 7F 7F FF | T:457262 RPD:1
[CH: 50] LEN: 12 | HEX: E9 77 AE FB D5 73 95 FA C1 F9 BF EF | T:457262 RPD:0
[CH: 50] LEN: 12 | HEX: F5 77 BE FE F4 70 95 FE F6 7D BF FD | T:457273 RPD:1
[CH: 50] LEN: 12 | HEX: F5 77 F6 F6 EE 70 95 DE 76 77 79 FF | T:457274 RPD:1
[CH: 50] LEN: 12 | HEX: E9 77 7E E9 DD 73 95 DD C1 FB BF FD | T:457285 RPD:1
[CH: 50] LEN: 12 | HEX: E9 77 BD F5 FD 73 95 DE C1 FD BF 7D | T:457285 RPD:0
[CH: 50] LEN: 12 | HEX: F5 77 F6 EE EE 70 95 FD 76 7F 37 FF | T:457297 RPD:1
[CH: 50] LEN: 12 | HEX: E9 77 6A ED EA 73 95 ED 41 FD BF DF | T:457308 RPD:1
[CH: 50] LEN: 12 | HEX: F9 77 BE EE FE 70 95 EF 76 77 37 BF | T:457308 RPD:0
[CH: 50] LEN: 12 | HEX: F9 77 FE FD FD 73 95 DF C1 D9 AF FF | T:457319 RPD:1
[CH: 50] LEN: 12 | HEX: F1 77 76 ED F6 73 95 D5 41 EB BF DF | T:457320 RPD:0
[CH: 50] LEN: 12 | HEX: F9 77 FE F6 FE 70 95 FE F6 7B BF FF | T:457331 RPD:1
[CH: 50] LEN: 12 | HEX: F9 77 AE FD FE 73 95 DF C1 F5 BF FE | T:457331 RPD:0
[CH: 50] LEN: 12 | HEX: F5 77 F4 FF F4 70 95 FE F6 7B 7F B7 | T:457343 RPD:1
[CH: 50] LEN: 12 | HEX: F5 77 FA F5 ED 73 95 FD C1 F5 BF FF | T:457354 RPD:1
[CH: 50] LEN: 12 | HEX: F5 77 F6 FE FE 70 95 F6 F6 7F BF F7 | T:457354 RPD:1
[CH: 50] LEN: 12 | HEX: F5 77 FA FD EE 73 95 FD C1 FD BF FF | T:457365 RPD:1
[CH: 50] LEN: 12 | HEX: F5 77 BE FE F6 70 95 FD F6 7D 7F BB | T:457366 RPD:1
[CH: 50] LEN: 12 | HEX: F9 77 FA E9 ED 73 95 FD 41 DD AE FF | T:457377 RPD:1
[CH: 50] LEN: 12 | HEX: F1 77 FA F5 FA 73 95 FE C1 DB BE BF | T:457388 RPD:1
[CH: 50] LEN: 12 | HEX: E9 77 76 FE FE 70 95 FE F6 76 AB FF | T:457388 RPD:0
[CH: 50] LEN: 12 | HEX: F9 77 7E F5 DD 73 95 DF C1 D5 BF BF | T:457400 RPD:1
[CH: 50] LEN: 12 | HEX: F1 77 FA FE FA 70 95 FF 76 7F 7F FF | T:457400 RPD:0
[CH: 50] LEN: 12 | HEX: F9 77 FA F5 FF 73 95 FD 41 F5 BE FE | T:457411 RPD:1
[CH: 50] LEN: 12 | HEX: F9 77 FE F6 F6 70 95 FE 76 7F 7D FF | T:457412 RPD:0
[CH: 50] LEN: 12 | HEX: E9 77 FA F5 DC 73 95 FD 41 FD BF FF | T:457423 RPD:1
[CH: 50] LEN: 12 | HEX: E9 77 FC EC F6 70 95 FD 76 77 7F FF | T:457434 RPD:1
[CH: 50] LEN: 12 | HEX: F9 77 FA F5 DE 73 95 DF C1 FD BE FB | T:457434 RPD:0
[CH: 50] LEN: 12 | HEX: F5 77 7E FA FE 70 95 FF 76 7F FF D7 | T:457446 RPD:1
[CH: 50] LEN: 12 | HEX: F1 77 7A E9 F6 73 95 EE C1 ED B7 FB | T:457446 RPD:0
[CH: 50] LEN: 12 | HEX: F1 77 7E FC EC 70 95 ED 76 77 7E EF | T:457457 RPD:1
[CH: 50] LEN: 12 | HEX: F5 77 F4 E9 FA 73 95 FD C1 FD BF FB | T:457458 RPD:0
[CH: 50] LEN: 12 | HEX: F5 77 F6 F6 ED 70 95 FD 76 77 FE FF | T:457469 RPD:1
[CH: 50] LEN: 12 | HEX: E9 77 BE FD DE 73 95 D7 C1 DD FF FE | T:457480 RPD:1
[CH: 50] LEN: 12 | HEX: E9 77 F4 FE F6 70 95 FD 76 7D BF FF | T:457480 RPD:0
[CH: 50] LEN: 12 | HEX: F5 77 FA F5 EE 73 95 FA C1 ED BF 7F | T:457492 RPD:1
[CH: 50] LEN: 12 | HEX: F1 77 F6 F9 DE 73 95 DE C1 DD BF DF | T:457492 RPD:0
[CH: 50] LEN: 12 | HEX: E9 77 74 FE FA 70 95 DF 76 75 AF 7F | T:457503 RPD:1
[CH: 50] LEN: 12 | HEX: F5 77 7E FD EC 73 95 DB C1 DD BB FF | T:457515 RPD:1
[CH: 50] LEN: 12 | HEX: F5 77 DE F6 FE 70 95 FE 76 7F BF FE | T:457515 RPD:0
[CH: 50] LEN: 12 | HEX: F5 77 BA FE FE 70 95 FD 76 7B 2B FD | T:457526 RPD:1
[CH: 50] LEN: 12 | HEX: ED 77 7B FE FA 70 95 EE F6 7E BF FD | T:457526 RPD:0
[CH: 50] LEN: 12 | HEX: F9 77 BA F5 FD 73 95 FF C1 DD BB B7 | T:457538 RPD:1
[CH: 50] LEN: 12 | HEX: F9 77 76 EE F6 70 95 FD 76 7B BF D7 | T:457538 RPD:0
[CH: 50] LEN: 12 | HEX: F5 7F BE FD DD 73 95 DD C1 D9 BE FD | T:457549 RPD:1
[CH: 50] LEN: 12 | HEX: F1 77 F4 F6 EE 70 95 F5 76 7B BF FE | T:457561 RPD:1
[CH: 50] LEN: 12 | HEX: F5 77 DE ED FE 73 95 EB 41 BD BD DF | T:457561 RPD:0
[CH: 50] LEN: 12 | HEX: F5 77 FE EF F6 70 95 FE F6 7F BF FF | T:457572 RPD:1
[CH: 50] LEN: 12 | HEX: F9 77 DC FE FE 70 95 ED 76 7F BF EF | T:457572 RPD:1
[CH: 50] LEN: 12 | HEX: F5 77 FE F6 FE 70 95 DD 77 7F FF BF | T:457584 RPD:1
[CH: 50] LEN: 12 | HEX: ED 77 AE ED ED 73 95 DB C1 DB AF FE | T:457584 RPD:0
[CH: 50] LEN: 12 | HEX: E9 77 F4 EE FE 70 95 FD 76 7F EF AF | T:457595 RPD:1
[CH: 50] LEN: 12 | HEX: E9 77 FC FD ED 73 95 FD 41 DD BF FB | T:457607 RPD:1
[CH: 50] LEN: 12 | HEX: F9 77 F6 FC FA 70 95 FD 76 7F FD BF | T:457607 RPD:0
[CH: 50] LEN: 12 | HEX: F5 77 FA FD EE 73 95 FD 41 FD BB 5F | T:457618 RPD:1
[CH: 50] LEN: 12 | HEX: E9 77 EA ED ED 73 95 FA C1 FD AF FF | T:457618 RPD:0
[CH: 50] LEN: 12 | HEX: F5 77 BC FE F6 70 95 FE F6 7F BF FD | T:457630 RPD:1
[CH: 50] LEN: 12 | HEX: F5 77 DE FD FD 73 95 FE C1 F5 B7 FF | T:457641 RPD:1
[CH: 50] LEN: 12 | HEX: E9 77 FA FE FE 70 95 FE 76 7F 7F BE | T:457641 RPD:0
[CH: 50] LEN: 12 | HEX: F5 77 F4 FD FE 73 95 FF C1 FB AF BF | T:457652 RPD:1
[CH: 50] LEN: 12 | HEX: E9 77 BA FE FF 70 95 FD 76 77 77 D7 | T:457653 RPD:0
[CH: 50] LEN: 12 | HEX: E9 77 BA FD DE 73 95 DF C1 DD BE FD | T:457664 RPD:0
[CH: 50] LEN: 12 | HEX: F9 77 F6 E9 FE 73 95 FE C1 FD BF FF | T:457667 RPD:1
[CH: 50] LEN: 12 | HEX: F5 77 7C F6 FE 70 95 FE F6 7B BF 7F | T:457679 RPD:1
[CH: 50] LEN: 12 | HEX: F9 77 7F 00 00 71 95 EB C9 06 B7 EF | T:457705 RPD:1
[CH: 50] LEN: 12 | HEX: E9 77 FF 00 00 71 95 D6 C9 06 BF FF | T:457706 RPD:1
[CH: 50] LEN: 12 | HEX: F0 6D EF 00 FE EE 95 FA 60 9C B7 EF | T:457735 RPD:1
[CH: 50] LEN: 12 | HEX: F4 6D EF 00 F4 FF 95 FD 60 9C BF FF | T:457736 RPD:1
[CH: 50] LEN: 12 | HEX: F5 77 77 00 00 71 95 FD C9 06 AF DF | T:458005 RPD:1
[CH: 50] LEN: 12 | HEX: E9 77 BF 00 00 71 95 FD C9 06 BF FF | T:458005 RPD:1
[CH: 50] LEN: 12 | HEX: F8 6D DE 00 FC FD 95 FF 60 9C B7 D7 | T:458036 RPD:1
[CH: 50] LEN: 12 | HEX: F9 77 DF 00 00 71 95 DF C9 06 BF FE | T:458304 RPD:1
[CH: 50] LEN: 12 | HEX: F9 77 F5 00 00 71 95 FD 49 06 AB FE | T:458305 RPD:1
[CH: 50] LEN: 12 | HEX: F8 6D EE 00 F6 FE 95 FD 60 9C B7 B4 | T:458335 RPD:1
[CH: 50] LEN: 12 | HEX: F8 6D F6 80 EC F5 95 D5 70 9C BF F7 | T:458336 RPD:1
[CH: 50] LEN: 12 | HEX: F9 77 F5 00 00 71 95 D7 C9 06 BF F7 | T:458604 RPD:1
[CH: 50] LEN: 12 | HEX: FD 77 BB 00 00 71 95 FD 49 06 BF F7 | T:458605 RPD:1
[CH: 50] LEN: 12 | HEX: F4 6D FD 00 FA F6 95 F6 E0 9C BF 5F | T:458635 RPD:1
[CH: 50] LEN: 12 | HEX: F6 76 EA 80 8C EE 95 FE BC 73 BB FF | T:458689 RPD:1
[CH: 50] LEN: 12 | HEX: F6 76 FE 80 8C FE 95 DE BC 73 B7 9C | T:458689 RPD:1
[CH: 50] LEN: 12 | HEX: F2 76 FA FB 70 EE 95 ED 37 40 BF FE | T:458723 RPD:1
[CH: 50] LEN: 12 | HEX: F2 76 F4 FC 71 EB 95 DE 6B 65 BB EF | T:458727 RPD:1
[CH: 50] LEN: 12 | HEX: EE 76 FE F3 76 FE 95 ED DD 9C BE FA | T:458757 RPD:1
[CH: 50] LEN: 12 | HEX: FA 76 F6 FA 67 B6 95 F7 81 71 BE BD | T:458787 RPD:1
[CH: 50] LEN: 12 | HEX: FA 76 F6 F5 74 FC 95 EE F4 77 BB BE | T:458817 RPD:0
[CH: 50] LEN: 12 | HEX: F6 76 FE FC 75 DD 95 FE 28 92 B5 FB | T:458847 RPD:1
[CH: 50] LEN: 12 | HEX: F6 76 FA F7 7A EA 95 EF 59 85 BB DF | T:458877 RPD:0
[CH: 50] LEN: 12 | HEX: EA 76 FE E6 7B FD 95 FF 45 60 BF FF | T:458907 RPD:0
[CH: 50] LEN: 12 | HEX: F2 76 FD ED 74 FE 95 D7 30 6E B7 DF | T:458937 RPD:0
[CH: 50] LEN: 12 | HEX: FA 7E F6 F4 79 FD 95 ED EC 8B AD DF | T:458967 RPD:0
[CH: 50] LEN: 12 | HEX: D2 76 FE F3 76 FE 95 FE DA 72 BF F7 | T:458997 RPD:0
[CH: 50] LEN: 12 | HEX: FA 76 FD EA 76 BE 95 DA 06 97 BB FF | T:459027 RPD:0
[CH: 50] LEN: 12 | HEX: FA 76 F6 F1 7C FE 95 EE F3 99 B7 FF | T:459057 RPD:0
[CH: 50] LEN: 12 | HEX: F2 76 FE D8 75 DE 95 FD 6F 75 BB FA | T:459087 RPD:0
[CH: 50] LEN: 12 | HEX: FA 76 EA EF 62 FE 95 FE 01 96 BB FF | T:459117 RPD:0
[CH: 50] LEN: 12 | HEX: FA 76 FE EE 63 FD 95 F5 FD 73 BE FE | T:459147 RPD:0
[CH: 50] LEN: 12 | HEX: FA 76 FC ED 60 FE 95 EB A8 7D BB FB | T:459177 RPD:0
[CH: 50] LEN: 12 | HEX: FA 76 FE EC 61 FE 95 F7 74 98 BF E3 | T:459207 RPD:1
[CH: 50] LEN: 12 | HEX: FA 76 FA EB 66 FE 95 FE C2 61 BF DD | T:459237 RPD:1
[CH: 50] LEN: 12 | HEX: FA 76 FE EA 67 FE 95 EA 96 84 BB F7 | T:459266 RPD:0
[CH: 50] LEN: 12 | HEX: FA 76 FE E9 64 F5 95 FE 8B 8A BB FD | T:459296 RPD:1
[CH: 50] LEN: 12 | HEX: FA 76 FC E8 65 FE 95 E5 37 6F 3B FB | T:459327 RPD:1
[CH: 50] LEN: 12 | HEX: FA 76 FC E7 EA FE 95 FF 46 78 BE FD | T:459357 RPD:1
[CH: 50] LEN: 12 | HEX: FA 76 FE E6 6B FE 95 EB 5A 9D BF EF | T:459387 RPD:1
[CH: 50] LEN: 12 | HEX: FA 76 FE E5 68 FE 95 FD 2F 13 BF FB | T:459417 RPD:1
[CH: 50] LEN: 12 | HEX: F2 76 FE E4 69 FE 95 FF A3 76 BF FB | T:459446 RPD:1
[CH: 50] LEN: 12 | HEX: F2 76 FE E3 6E F5 95 FF 85 8F BF 5B | T:459476 RPD:1
[CH: 50] LEN: 12 | HEX: FA 76 FE E2 6F FB 95 FF 19 6A BF FA | T:459506 RPD:1
[CH: 50] LEN: 12 | HEX: EA 76 FC E1 6C FC 95 F7 6C 64 BF DE | T:459536 RPD:1
[CH: 50] LEN: 12 | HEX: FA 76 FC E0 6D F5 95 F7 30 81 BF FE | T:459566 RPD:0
[CH: 50] LEN: 12 | HEX: FE 76 EA FF 52 FE 95 FF 21 91 BF FB | T:459596 RPD:0
[CH: 50] LEN: 12 | HEX: FA 76 FE FE 73 FE 95 FF E2 8E BF EF | T:459626 RPD:0
[CH: 50] LEN: 12 | HEX: FA 76 EA F9 70 FA 95 EB B7 80 B7 EB | T:459630 RPD:0
[CH: 50] LEN: 12 | HEX: FA 76 FE FC 71 FE 95 F5 6B 45 BF FB | T:459633 RPD:0
[CH: 50] LEN: 12 | HEX: EA 7E F6 FB 76 ED 95 D7 5D 9C BF FE | T:459663 RPD:0
[CH: 50] LEN: 12 | HEX: EA 76 FE FA 77 F6 95 FF 81 69 BF FF | T:459693 RPD:0
[CH: 50] LEN: 12 | HEX: FA 76 FE F9 74 FD 95 F6 84 66 AA 9E | T:459723 RPD:0
[CH: 50] LEN: 12 | HEX: FA 76 FE F8 75 FE 95 FF 28 92 BA FF | T:459753 RPD:0
[CH: 50] LEN: 12 | HEX: FA 76 FE F7 7A FE 95 FB 99 85 BF FF | T:459783 RPD:0
[CH: 50] LEN: 12 | HEX: FA 76 FC F3 7E FE 95 DF DA 72 BF D5 | T:459903 RPD:0
[CH: 50] LEN: 12 | HEX: FA 76 FE F2 7B E9 95 FE 06 96 AA FE | T:459933 RPD:0
[CH: 50] LEN: 12 | HEX: FA 76 FE F1 7C FE 95 FF 73 99 BF EF | T:459963 RPD:0
[CH: 50] LEN: 12 | HEX: FA 76 FA E0 7D F6 95 F7 AF 78 BE FF | T:459993 RPD:0
[CH: 50] LEN: 12 | HEX: FA 76 FA EE 62 FA 95 FF 01 96 BF FD | T:460023 RPD:0
[CH: 50] LEN: 12 | HEX: FA 76 FE EE 63 EA 95 EA DD 73 BF FF | T:460053 RPD:0
[CH: 50] LEN: 12 | HEX: FA 76 FE EC 61 EA 95 FD 74 98 BB FD | T:460113 RPD:0
[CH: 50] LEN: 12 | HEX: F2 7B BF 00 81 FE 95 F7 CF F5 3F 7F | T:460318 RPD:0
[CH: 50] LEN: 12 | HEX: EA 73 DE 00 81 FC 95 FF CF DA B7 F4 | T:460318 RPD:0
[CH: 50] LEN: 12 | HEX: F1 77 7A F5 F5 70 95 FF 76 7B AF DE | T:460349 RPD:1
[CH: 50] LEN: 12 | HEX: F9 77 FD FD EE 73 95 FF C1 E9 BD FE | T:460352 RPD:1
[CH: 50] LEN: 12 | HEX: F9 77 5E FE FC 70 95 FE F6 7B 3F F3 | T:460355 RPD:1
[CH: 50] LEN: 12 | HEX: F9 77 BA EB FE 73 95 F5 61 DD BD FB | T:460366 RPD:1
[CH: 50] LEN: 12 | HEX: F9 77 BA FC FC 70 95 D5 76 6A AF FE | T:460367 RPD:0
[CH: 50] LEN: 12 | HEX: E9 77 FA FD FA 73 95 FF 41 E9 BF FF | T:460378 RPD:1
[CH: 50] LEN: 12 | HEX: F1 77 5C EE FE 70 95 FF 76 7B BF BF | T:460378 RPD:0
[CH: 50] LEN: 12 | HEX: F1 77 FA F6 FE 70 95 F5 76 75 B7 DE | T:460390 RPD:1
[CH: 50] LEN: 12 | HEX: ED 77 F4 EA EE 70 95 D7 66 6A B7 7D | T:460401 RPD:1
[CH: 50] LEN: 12 | HEX: F1 77 FD F9 D6 73 95 D5 C1 F9 BF FF | T:460401 RPD:0
[CH: 50] LEN: 12 | HEX: F5 77 5E FD FC 70 95 D7 76 77 FF B7 | T:460412 RPD:1
[CH: 50] LEN: 12 | HEX: D5 77 7A EA F6 70 95 FE F6 77 7D DF | T:460413 RPD:0
[CH: 50] LEN: 12 | HEX: FD 77 FA FD F6 73 95 F7 C1 D5 BB FF | T:460424 RPD:1
[CH: 50] LEN: 12 | HEX: D5 77 BE F5 DA 73 95 DF C1 DF FF F5 | T:460435 RPD:1
[CH: 50] LEN: 12 | HEX: F9 77 FC FE EE 70 95 D7 76 77 BF FD | T:460436 RPD:0
[CH: 50] LEN: 12 | HEX: F5 77 BE FC F6 70 95 ED 76 7D B5 DD | T:460447 RPD:1
[CH: 50] LEN: 12 | HEX: F1 77 7E FF FB 73 95 DD C1 F5 BB F5 | T:460447 RPD:0
[CH: 50] LEN: 12 | HEX: F9 77 BE F6 FE 70 95 EF 76 7F 7A FF | T:460458 RPD:1
[CH: 50] LEN: 12 | HEX: F5 77 7E F5 DE 73 95 ED C1 FD BB DF | T:460459 RPD:0
[CH: 50] LEN: 12 | HEX: F5 77 FE FA FA 70 95 D7 76 75 73 FF | T:460470 RPD:1
[CH: 50] LEN: 12 | HEX: F9 77 7E F5 ED 73 95 ED 41 DD BF EF | T:460481 RPD:1
[CH: 50] LEN: 12 | HEX: F1 77 F6 FE FE 70 95 FF 76 7E BF FF | T:460482 RPD:0
[CH: 50] LEN: 12 | HEX: F1 77 B6 FD EC 73 95 EF C1 D9 BF FF | T:460493 RPD:1
[CH: 50] LEN: 12 | HEX: E9 77 F4 ED D5 73 95 FD C1 D5 FF DF | T:460493 RPD:0
[CH: 50] LEN: 12 | HEX: FD 77 BE FE FE 70 95 FF 76 7F 7F F7 | T:460504 RPD:1
[CH: 50] LEN: 12 | HEX: F5 77 7E ED AE 73 95 FD C1 D5 BF FF | T:460505 RPD:0
[CH: 50] LEN: 12 | HEX: F5 77 FA F5 FF 70 95 EE 76 77 6F FF | T:460516 RPD:1
[CH: 50] LEN: 12 | HEX: E9 77 FE F4 FF 70 95 EF 76 7D BF EB | T:460527 RPD:1
[CH: 50] LEN: 12 | HEX: F5 77 BE E9 ED 73 95 ED C1 D9 BF FB | T:460527 RPD:0
[CH: 50] LEN: 12 | HEX: F5 77 D6 FE FE 70 95 FD F6 7A BF FF | T:460539 RPD:1
[CH: 50] LEN: 12 | HEX: F1 77 BE FE FA 70 95 F6 F6 7F 6B F7 | T:460539 RPD:0
[CH: 50] LEN: 12 | HEX: F5 77 BA F5 FD 73 95 EE C1 E9 AF FC | T:460550 RPD:1
[CH: 50] LEN: 12 | HEX: F5 77 BF EA EE 70 95 FF 76 7F 7B FF | T:460562 RPD:1
[CH: 50] LEN: 12 | HEX: ED 77 FA FD FD 73 95 DF C1 D5 B5 FF | T:460562 RPD:1
[CH: 50] LEN: 12 | HEX: E9 77 F4 F4 FE 70 95 EB 76 7F BF FE | T:460573 RPD:1
[CH: 50] LEN: 12 | HEX: F9 77 76 EE ED 70 95 F6 F6 77 7F D7 | T:460573 RPD:0
[CH: 50] LEN: 12 | HEX: F5 77 BE F5 DD 73 95 DF C1 ED BF B5 | T:460585 RPD:1
[CH: 50] LEN: 12 | HEX: F5 77 BA ED EA 73 95 DF C1 F9 BF FF | T:460585 RPD:0
[CH: 50] LEN: 12 | HEX: F5 77 BA FE FA 70 95 F7 76 77 BF F6 | T:460596 RPD:1
[CH: 50] LEN: 12 | HEX: F5 7F FC F9 DD 73 95 DD C1 D5 BF AF | T:460608 RPD:1
[CH: 50] LEN: 12 | HEX: F5 77 74 FD FE 70 95 FD 76 7F 7D 7F | T:460608 RPD:0
[CH: 50] LEN: 12 | HEX: F5 77 D7 FD EE 73 95 DD 41 DD BF 77 | T:460619 RPD:1
[CH: 50] LEN: 12 | HEX: F9 77 BA F7 FD 73 95 DF C1 DD BB FF | T:460619 RPD:0
[CH: 50] LEN: 12 | HEX: F5 77 BE FE FE 70 95 FE 76 77 7F F7 | T:460631 RPD:1
[CH: 50] LEN: 12 | HEX: F1 77 5E E9 ED 73 95 EE C1 DD BF 7F | T:460631 RPD:0
[CH: 50] LEN: 12 | HEX: F9 77 76 EA EA 70 95 EF 76 7B 6D FF | T:460642 RPD:1
[CH: 50] LEN: 12 | HEX: F9 77 F4 EE FA 70 95 FD 76 7A AF FF | T:460654 RPD:1
[CH: 50] LEN: 12 | HEX: F9 77 BE F5 F6 73 95 ED 41 D5 BF F6 | T:460654 RPD:0
[CH: 50] LEN: 12 | HEX: F5 77 FA F6 F7 70 95 FF 76 7B BF DD | T:460665 RPD:1
[CH: 50] LEN: 12 | HEX: E9 77 FE FE FE 70 95 FE F6 7B B7 FF | T:460665 RPD:0
[CH: 50] LEN: 12 | HEX: E9 77 74 ED F6 73 95 FD C1 DD B7 DF | T:460677 RPD:1
[CH: 50] LEN: 12 | HEX: F9 77 76 EC EE 70 95 FE F6 77 7F FE | T:460677 RPD:0
[CH: 50] LEN: 12 | HEX: F5 77 BC FD DD 73 95 DD C1 ED BF FF | T:460688 RPD:1
[CH: 50] LEN: 12 | HEX: F9 77 7E FE FE 70 95 F7 76 7F 7F FF | T:460700 RPD:1
[CH: 50] LEN: 12 | HEX: F1 77 FC F9 EE 73 95 F6 C1 DD BF B9 | T:460700 RPD:1
[CH: 50] LEN: 12 | HEX: F9 77 7E EA F6 70 95 EE F6 7F 2E DF | T:460711 RPD:1
[CH: 50] LEN: 12 | HEX: E9 77 FA F4 FA 70 95 DA 76 7F BF 7B | T:460711 RPD:0
[CH: 50] LEN: 12 | HEX: F9 77 DB FE FE 70 95 FE F6 7F FB BD | T:460723 RPD:1
[CH: 50] LEN: 12 | HEX: F5 77 FA E9 FD 73 95 FE 81 FB BF FF | T:460734 RPD:1
[CH: 50] LEN: 12 | HEX: E9 77 DE F6 F6 70 95 CB 76 77 77 FF | T:460734 RPD:0
[CH: 50] LEN: 12 | HEX: E9 77 F4 FD EF 73 95 FD 41 FF B7 DF | T:460746 RPD:1
[CH: 50] LEN: 12 | HEX: F5 77 BE F5 EE 73 95 FE 81 FD AF DF | T:460746 RPD:0
[CH: 50] LEN: 12 | HEX: F9 77 FC EC F6 70 95 EE 76 7F B5 FF | T:460757 RPD:1
[CH: 50] LEN: 12 | HEX: E9 77 BE F9 DE 73 95 EF C1 D5 BF FF | T:460757 RPD:0
[CH: 50] LEN: 12 | HEX: F9 77 7E EE F6 70 95 DE 76 7F BF FF | T:460769 RPD:1
[CH: 50] LEN: 12 | HEX: F1 77 F6 F9 FD 73 95 F6 C1 DD BB BF | T:460780 RPD:1
[CH: 50] LEN: 12 | HEX: E9 77 76 FD F6 70 95 EE FE 7F 3F FF | T:460780 RPD:0
[CH: 50] LEN: 12 | HEX: F5 77 BC FD FE 73 95 F7 C1 ED BF DF | T:460791 RPD:1
[CH: 50] LEN: 12 | HEX: E9 77 FA EE EE 70 95 ED 76 7F 7F 7B | T:460792 RPD:0
[CH: 50] LEN: 12 | HEX: ED 7F F6 FD D6 73 95 D7 C1 DF AF 7E | T:460803 RPD:1
[CH: 50] LEN: 12 | HEX: F5 77 DE FE FE 70 95 D6 76 77 EB 7F | T:460803 RPD:0
[CH: 50] LEN: 12 | HEX: F9 77 DE E9 DB 73 95 EF 41 F5 AB FF | T:460815 RPD:1
[CH: 50] LEN: 12 | HEX: F1 77 76 EC FD 70 95 D6 F6 7B BF FE | T:460826 RPD:1
[CH: 50] LEN: 12 | HEX: F1 77 F5 FE FE 70 95 EF 76 7F 7F F5 | T:460826 RPD:0
[CH: 50] LEN: 12 | HEX: F5 77 DA FC FC 70 95 ED 76 77 FF FE | T:460837 RPD:1
[CH: 50] LEN: 12 | HEX: F9 77 FA F6 FF 70 95 FE 76 7F BF D6 | T:460838 RPD:0
[CH: 50] LEN: 12 | HEX: F9 77 FD F9 F4 73 95 D5 41 5B AD FF | T:460849 RPD:1
[CH: 50] LEN: 12 | HEX: F5 77 7E FA FE 70 95 EE 76 77 76 FF | T:460860 RPD:1
[CH: 50] LEN: 12 | HEX: F1 77 B4 F5 FE 73 95 FD 41 FD BF EF | T:460861 RPD:0
[CH: 50] LEN: 12 | HEX: F9 77 FE FD FD 73 95 FE C1 F5 B7 FF | T:460872 RPD:1
[CH: 50] LEN: 12 | HEX: ED 77 FA FD FD 73 95 FE C1 DD BD FF | T:460872 RPD:0
[CH: 50] LEN: 12 | HEX: F5 77 DC FE FE 70 95 FF 77 7B BF FF | T:460883 RPD:1
[CH: 50] LEN: 12 | HEX: E9 77 B4 F5 D6 73 95 EA C1 ED BF FB | T:460884 RPD:0
[CH: 50] LEN: 12 | HEX: F1 77 7E EC FC 70 95 DF 7E 7F 37 F7 | T:460895 RPD:1
[CH: 50] LEN: 12 | HEX: F5 77 AE F5 FF 73 95 FD C1 FB BF EE | T:460906 RPD:1
[CH: 50] LEN: 12 | HEX: F5 77 B4 FE FF 70 95 EF 76 7F FF FB | T:460907 RPD:0
[CH: 50] LEN: 12 | HEX: F5 77 7E F5 FE 73 95 FD C1 FB AF EE | T:460918 RPD:1
[CH: 50] LEN: 12 | HEX: F1 77 5E FD EA 60 95 DF 76 7F 7F FB | T:460918 RPD:0
[CH: 50] LEN: 12 | HEX: F1 77 F6 FE EA 70 95 EE F6 7F 7D 7B | T:460929 RPD:1
[CH: 50] LEN: 12 | HEX: F9 77 FD FE FE 70 95 F6 F6 77 BE DF | T:460930 RPD:0
[CH: 50] LEN: 12 | HEX: ED 77 FA E9 DD 73 95 EB 41 E9 BF FF | T:460941 RPD:1
[CH: 50] LEN: 12 | HEX: F1 77 7A F4 FE 70 95 FD 76 7B BD FF | T:460952 RPD:1
[CH: 50] LEN: 12 | HEX: E9 77 FA F9 DD 73 95 ED 41 ED BF 57 | T:460953 RPD:0
[CH: 50] LEN: 12 | HEX: E9 77 FA F6 EF 70 95 FD 76 7F FF FD | T:460964 RPD:1
[CH: 50] LEN: 12 | HEX: F5 77 F4 FE FD 70 95 D7 76 7F FE DF | T:460964 RPD:0
[CH: 50] LEN: 12 | HEX: E9 77 F6 FD FD 73 95 FD C1 FD BF FF | T:460975 RPD:1
[CH: 50] LEN: 12 | HEX: F5 77 7A F6 F6 70 95 FF 76 77 BF EE | T:460987 RPD:1
[CH: 50] LEN: 12 | HEX: FD 77 FC FD DD 73 95 FF 41 FD AF FF | T:460987 RPD:0
[CH: 50] LEN: 12 | HEX: E9 77 BE F6 EE 70 95 F6 6E 7B 7F FF | T:460998 RPD:1
[CH: 50] LEN: 12 | HEX: F5 77 5E FD EA 73 95 EF C1 ED BE FF | T:460999 RPD:0
[CH: 50] LEN: 12 | HEX: F1 77 7E EE EE 70 95 DD 77 7F BF 7F | T:461010 RPD:1
[CH: 50] LEN: 12 | HEX: F5 77 F4 E9 D6 73 95 EE C1 D9 FF F5 | T:461010 RPD:0
[CH: 50] LEN: 12 | HEX: F5 77 EA F6 F6 70 95 FD 76 7F 7F F7 | T:461021 RPD:1
[CH: 50] LEN: 12 | HEX: F9 77 6A ED EE 73 95 FD C1 F9 B7 EB | T:461033 RPD:1
[CH: 50] LEN: 12 | HEX: F9 77 FA FE F6 70 95 FE F6 7F AF FF | T:461033 RPD:0
[CH: 50] LEN: 12 | HEX: F5 77 FE F6 EE 70 95 DF 76 77 BF FF | T:461044 RPD:1
[CH: 50] LEN: 12 | HEX: FD 77 F4 E9 EE 73 95 EF C1 FD BE FD | T:461044 RPD:0
[CH: 50] LEN: 12 | HEX: F9 77 F6 F6 EC 70 95 DD 76 7F 7F BF | T:461056 RPD:1
[CH: 50] LEN: 12 | HEX: F1 77 FA F6 F6 70 95 F7 76 77 FE DF | T:461056 RPD:0
[CH: 50] LEN: 12 | HEX: F5 77 7A FD FD 73 95 DB C1 FD B5 7D | T:461067 RPD:1
[CH: 50] LEN: 12 | HEX: F9 77 FA F4 FA 70 95 FD 76 7F BF ED | T:461079 RPD:1
[CH: 50] LEN: 12 | HEX: F5 77 6E FD DE 73 95 FD C1 FD BF F6 | T:461079 RPD:0
[CH: 50] LEN: 12 | HEX: F5 77 DD FE FE 70 95 F6 76 7F 3D BF | T:461090 RPD:1
[CH: 50] LEN: 12 | HEX: E9 77 BA FC EC 70 95 FD 7E 75 B7 FE | T:461090 RPD:0
[CH: 50] LEN: 12 | HEX: F5 77 BC FD EF 73 95 DA C1 A9 BF AF | T:461102 RPD:1
[CH: 50] LEN: 12 | HEX: F9 77 F4 F4 FE 70 95 F6 76 7F FD D5 | T:461102 RPD:0
[CH: 50] LEN: 12 | HEX: F9 77 FA FB EA 73 95 DD C1 DD AB FD | T:461113 RPD:1
[CH: 50] LEN: 12 | HEX: E9 77 DE F6 FE 70 95 FF 76 7B BF 6F | T:461125 RPD:1
[CH: 50] LEN: 12 | HEX: E9 77 D6 F5 FD 73 95 DE C1 FD FF D5 | T:461125 RPD:0
[CH: 50] LEN: 12 | HEX: F5 77 BC FE F4 70 95 FE 76 7F 7F 7F | T:461136 RPD:0
[CH: 50] LEN: 12 | HEX: E9 77 B6 F5 DD 73 95 DD C1 DD BF DF | T:461143 RPD:1
[CH: 50] LEN: 12 | HEX: FD 77 BE FE FE 70 95 FD 76 7F FF FD | T:461146 RPD:1
[CH: 50] LEN: 12 | HEX: F5 77 7A F5 EA 73 95 F7 C1 F5 BF FF | T:461157 RPD:1
[CH: 50] LEN: 12 | HEX: F5 77 74 FE F6 70 95 EE F6 7B BE DF | T:461157 RPD:1
[CH: 50] LEN: 12 | HEX: F9 77 DF 00 00 71 95 ED 49 06 BF FB | T:461186 RPD:1
[CH: 50] LEN: 12 | HEX: F0 6D FE 00 ED FE 95 EE E0 9C BE FF | T:461217 RPD:1
[CH: 50] LEN: 12 | HEX: F0 6D FD 00 EE F6 95 EE 60 9C BF EB | T:461217 RPD:1
[CH: 50] LEN: 12 | HEX: F1 77 7F 00 00 71 95 FA C9 06 BB FF | T:461486 RPD:1
[CH: 50] LEN: 12 | HEX: ED 77 7F 00 00 71 95 DB C9 06 BF EB | T:461487 RPD:1
[CH: 50] LEN: 12 | HEX: F4 6D ED 00 EE EE 95 FD 60 9D B7 FF | T:461516 RPD:1
[CH: 50] LEN: 12 | HEX: F4 6D ED 00 F6 EC 95 DE 60 9C B6 DE | T:461517 RPD:1
[CH: 50] LEN: 12 | HEX: FD 77 FF 00 00 71 95 ED C9 06 BF FF | T:461786 RPD:1
[CH: 50] LEN: 12 | HEX: F1 77 BF 00 00 71 95 ED C9 06 BF F5 | T:461786 RPD:1
[CH: 50] LEN: 12 | HEX: F4 6D EF 00 EE FC 95 FB 68 9C AF FF | T:461816 RPD:1
[CH: 50] LEN: 12 | HEX: E8 6D EF 00 F6 FD 95 FD 60 9C BA DF | T:461817 RPD:1
[CH: 50] LEN: 12 | HEX: ED 77 77 00 00 71 95 DF C9 06 BE FB | T:462085 RPD:1
[CH: 50] LEN: 12 | HEX: F8 6D FF 00 F6 FE 95 DE 60 9C BD FF | T:462116 RPD:1
[CH: 50] LEN: 12 | HEX: E8 6D EB 00 EE F6 95 FF 60 9C BF FE | T:462117 RPD:1
[CH: 50] LEN: 12 | HEX: F6 76 F7 00 8C EF 95 FD 38 73 BF 7F | T:462250 RPD:1
[CH: 50] LEN: 12 | HEX: F2 76 EF 00 8C F6 95 DD 3C 73 BB 7E | T:462251 RPD:1
[CH: 50] LEN: 12 | HEX: FA 76 FD F6 73 DC 95 DD C2 8E BF D4 | T:462281 RPD:1
[CH: 50] LEN: 12 | HEX: F6 76 EE FD 70 EE 95 DF 37 80 B7 EF | T:462284 RPD:1
[CH: 50] LEN: 12 | HEX: FA 76 FE E8 71 ED 95 FD 6B 65 BF FF | T:462287 RPD:1
[CH: 50] LEN: 12 | HEX: F6 76 ED F7 76 EE 95 FE DD 9C B7 DF | T:462317 RPD:1
[CH: 50] LEN: 12 | HEX: FA 76 F6 EE 77 EA 95 DF 81 75 BB FF | T:462347 RPD:1
[CH: 50] LEN: 12 | HEX: FE 76 F4 F5 74 FE 95 F7 F4 77 FF DD | T:462377 RPD:1
[CH: 50] LEN: 12 | HEX: F6 76 FA E8 75 DC 95 DE 28 92 AA FF | T:462407 RPD:1
[CH: 50] LEN: 12 | HEX: FA 76 EE E7 76 D4 95 DF 99 85 B7 F7 | T:462437 RPD:1
[CH: 50] LEN: 12 | HEX: FA 76 FA F6 7B FD 95 FF 45 60 BF FF | T:462467 RPD:1
[CH: 50] LEN: 12 | HEX: F6 76 EE F5 78 FE 95 EB 30 6E BF FD | T:462497 RPD:1
[CH: 50] LEN: 12 | HEX: FA 76 F4 F4 79 F6 95 FF 6D 8B BB F6 | T:462527 RPD:1
[CH: 50] LEN: 12 | HEX: FA 76 EA F3 7A FE 95 DA DA 72 BF DF | T:462557 RPD:1
[CH: 50] LEN: 12 | HEX: FA 76 FE F2 7F D6 95 F7 06 97 3B 66 | T:462587 RPD:0
[CH: 50] LEN: 12 | HEX: F2 76 FE F1 78 FD 95 FF 73 99 BF F5 | T:462617 RPD:0
[CH: 50] LEN: 12 | HEX: F2 76 FE EF 62 FC 95 F5 01 96 BF BF | T:462677 RPD:0
[CH: 50] LEN: 12 | HEX: FA 76 F5 EE 63 DE 95 FF DD 73 BE FF | T:462707 RPD:0
[CH: 50] LEN: 12 | HEX: F2 66 FE ED 60 FA 95 FF A8 79 BD 5E | T:462737 RPD:0
[CH: 50] LEN: 12 | HEX: EA 76 EC EB 66 EA 95 FD C2 61 BF FB | T:462797 RPD:0
[CH: 50] LEN: 12 | HEX: FA 76 FE EA 67 BA 95 FF 5E 84 BB 7E | T:462827 RPD:0
[CH: 50] LEN: 12 | HEX: FA 76 FE E9 64 FE 95 FF EB 8A BF F7 | T:462857 RPD:0
[CH: 50] LEN: 12 | HEX: FA 76 FC E8 65 F4 95 FF 37 6F BF EF | T:462887 RPD:0
[CH: 50] LEN: 12 | HEX: FA 76 FC E7 6A F4 95 B5 06 70 B5 EF | T:462917 RPD:0
[CH: 50] LEN: 12 | HEX: F6 76 FE E6 6B FE 95 FF 5A 9D BF 6F | T:462947 RPD:0
[CH: 50] LEN: 12 | HEX: FA 76 F5 F5 68 F6 95 FF AF 53 AD BF | T:462977 RPD:0
[CH: 50] LEN: 12 | HEX: F2 76 FE E4 69 FE 95 FF B2 F6 AF DB | T:463007 RPD:0
[CH: 50] LEN: 12 | HEX: FA 76 F6 A3 6E FE 95 FD C5 8E BB DB | T:463037 RPD:0
[CH: 50] LEN: 12 | HEX: DA 76 F6 C1 6C FE 95 F7 6C 64 BF FB | T:463097 RPD:0
[CH: 50] LEN: 12 | HEX: FA 73 DD 00 81 FE 95 DE AF F5 BF BF | T:463690 RPD:0
[CH: 50] LEN: 12 | HEX: E9 77 FA FE FE 70 95 FF 76 7F BA DE | T:463721 RPD:1
[CH: 50] LEN: 12 | HEX: F9 77 D6 FD FE 73 95 FF E1 E9 BE FF | T:463724 RPD:1
[CH: 50] LEN: 12 | HEX: F9 77 AE F4 F4 70 95 FF 76 75 BE FB | T:463727 RPD:1
[CH: 50] LEN: 12 | HEX: F9 77 DA EB FE 73 95 FF 21 F5 BD FE | T:463738 RPD:1
[CH: 50] LEN: 12 | HEX: F9 77 7A F6 F6 70 95 FF 76 75 3F B5 | T:463739 RPD:0
[CH: 50] LEN: 12 | HEX: F9 77 DC F5 EE 73 95 FA C1 EB BF EE | T:463750 RPD:1
[CH: 50] LEN: 12 | HEX: F9 77 FF F5 F5 70 95 F7 76 7A BF EF | T:463750 RPD:0
[CH: 50] LEN: 12 | HEX: F9 77 FB F5 FE 73 95 FF A1 F9 B6 FF | T:463761 RPD:0
[CH: 50] LEN: 12 | HEX: F1 77 BA F5 FE 73 95 D5 01 A9 BF B9 | T:463773 RPD:1
[CH: 50] LEN: 12 | HEX: F1 77 F4 FE FE 70 95 EF 76 75 3F BD | T:463773 RPD:0
[CH: 50] LEN: 12 | HEX: F9 77 D5 F5 F4 73 95 FF A1 D5 BD EF | T:463784 RPD:1
[CH: 50] LEN: 12 | HEX: F1 77 AC F6 FA 70 95 FF 76 7F BF FF | T:463785 RPD:0
[CH: 50] LEN: 12 | HEX: E9 77 B5 E9 EC 73 95 FD 41 ED BF D5 | T:463796 RPD:1
[CH: 50] LEN: 12 | HEX: F1 77 BD FE F6 70 95 F7 7E 77 BF FF | T:463807 RPD:1
[CH: 50] LEN: 12 | HEX: F9 77 FD FB EE 73 95 F7 41 F9 BF FF | T:463807 RPD:1
[CH: 50] LEN: 12 | HEX: F9 77 B4 FE F6 70 95 DD F6 7B BB DF | T:463819 RPD:1
[CH: 50] LEN: 12 | HEX: F1 77 7E FD EF 73 95 F7 41 F9 AF DF | T:463819 RPD:1
[CH: 50] LEN: 12 | HEX: E9 77 FD F4 EA 70 95 DE F6 75 BB FB | T:463832 RPD:1
[CH: 50] LEN: 12 | HEX: F1 77 5A E9 DD 63 95 EF C1 ED BF FF | T:463835 RPD:1
[CH: 50] LEN: 12 | HEX: F5 77 F6 FE F6 70 95 FE 76 7F BF EF | T:463846 RPD:1
[CH: 50] LEN: 12 | HEX: F9 77 74 FD F6 73 95 F5 81 FF BD FF | T:463846 RPD:0
[CH: 50] LEN: 12 | HEX: F9 77 EC F6 FE 70 95 DF 76 77 AF FF | T:463858 RPD:1
[CH: 50] LEN: 12 | HEX: F1 77 7E F5 DD 73 95 D7 C1 DD BF FD | T:463858 RPD:0
[CH: 50] LEN: 12 | HEX: F5 77 AE FD EA 70 95 FD 76 7B BF FF | T:463869 RPD:1
[CH: 50] LEN: 12 | HEX: F5 77 DA FD EC 73 95 FF 41 ED B7 FE | T:463870 RPD:0
[CH: 50] LEN: 12 | HEX: F5 77 FE FA F6 70 95 EE F6 7F 7F F5 | T:463881 RPD:1
[CH: 50] LEN: 12 | HEX: F9 77 76 E9 FE 73 95 F7 C1 D9 B6 FF | T:463892 RPD:1
[CH: 50] LEN: 12 | HEX: F9 77 B4 F4 F4 70 95 FF 7E 7F B5 EF | T:463892 RPD:0
[CH: 50] LEN: 12 | HEX: F9 77 FD FF DD 73 95 FD C1 FD BF FF | T:463904 RPD:1
[CH: 50] LEN: 12 | HEX: F5 77 DE FD FD 73 15 EF 41 EB BF FF | T:463904 RPD:0
[CH: 50] LEN: 12 | HEX: E9 77 FA F4 EA 70 95 DE 76 7F 3F EF | T:463915 RPD:1
[CH: 50] LEN: 12 | HEX: F5 77 F4 F5 FD 73 95 FF 41 ED BF BA | T:463927 RPD:1
[CH: 50] LEN: 12 | HEX: F1 77 FD F5 FC 73 95 AA C1 55 BB CF | T:463927 RPD:0
[CH: 50] LEN: 12 | HEX: F5 77 BA FE F6 70 95 FE 76 7B BA FD | T:463938 RPD:1
[CH: 50] LEN: 12 | HEX: F1 77 7E EE FE 70 95 DF 76 7B BF FB | T:463938 RPD:0
[CH: 50] LEN: 12 | HEX: ED 77 BA FD FE 73 95 FF A1 FD BF FB | T:463950 RPD:1
[CH: 50] LEN: 12 | HEX: F9 77 FA EE FE 70 95 FE F6 7F BF 7B | T:463950 RPD:0
[CH: 50] LEN: 12 | HEX: F5 77 7E FD ED 73 95 EB C1 DD BD 7F | T:463961 RPD:1
[CH: 50] LEN: 12 | HEX: F5 77 FA FD FE 70 95 FD 76 7A B7 FF | T:463973 RPD:1
[CH: 50] LEN: 12 | HEX: F9 77 5A E9 F6 73 95 AA C1 B5 BF AF | T:463973 RPD:0
[CH: 50] LEN: 12 | HEX: F5 77 DC F6 EE 70 95 EB 76 7D 2B BB | T:463984 RPD:1
[CH: 50] LEN: 12 | HEX: F9 77 BE ED EA 70 95 DB 76 7B B7 FF | T:463984 RPD:0
[CH: 50] LEN: 12 | HEX: F1 77 F4 F5 FD 73 95 EF 41 DD BF AF | T:463996 RPD:1
[CH: 50] LEN: 12 | HEX: F5 77 FC FD ED 73 95 EF C1 DD BF 7F | T:463996 RPD:0
[CH: 50] LEN: 12 | HEX: F5 77 7A FC EA 70 95 ED 7E 7B BF FF | T:464007 RPD:1
[CH: 50] LEN: 12 | HEX: F5 77 FC FB FD 73 95 FE 81 FD BD BF | T:464019 RPD:1
[CH: 50] LEN: 12 | HEX: F5 77 F6 EE FD 70 95 FD 76 7F BF FF | T:464019 RPD:0
[CH: 50] LEN: 12 | HEX: F9 77 EA FD FD 73 95 DF C1 FD BF EF | T:464030 RPD:1
[CH: 50] LEN: 12 | HEX: F9 77 BA ED EE 73 95 DF C1 DD BF FB | T:464030 RPD:0
[CH: 50] LEN: 12 | HEX: E9 77 76 FE F6 70 95 DD 76 77 BF 7F | T:464042 RPD:1
[CH: 50] LEN: 12 | HEX: E9 77 FE FF FC 73 95 EF 41 DD B7 FD | T:464053 RPD:1
[CH: 50] LEN: 12 | HEX: F9 77 76 EE EE 70 95 DE F6 77 BF 76 | T:464053 RPD:0
[CH: 50] LEN: 12 | HEX: F5 77 7A FD EA 73 95 FE C1 DB B7 FD | T:464065 RPD:1
[CH: 50] LEN: 12 | HEX: F5 77 FF FE F6 70 95 FE 76 77 7D 9B | T:464065 RPD:0
[CH: 50] LEN: 12 | HEX: E9 77 FA FD EE 73 95 EF C1 ED BF FB | T:464076 RPD:1
[CH: 50] LEN: 12 | HEX: F5 77 BC FE FE 70 95 F6 F6 7F FB FF | T:464076 RPD:0
[CH: 50] LEN: 12 | HEX: E9 77 B4 ED EE 73 15 ED C1 FD BF BF | T:464088 RPD:1
[CH: 50] LEN: 12 | HEX: F9 77 FA FE F6 70 95 DD 76 77 7F DB | T:464099 RPD:1
[CH: 50] LEN: 12 | HEX: FD 77 BA F5 EA 73 95 FF C1 ED BF DF | T:464099 RPD:0
[CH: 50] LEN: 12 | HEX: F9 77 F4 F6 FE 70 95 FF 76 7E BF ED | T:464110 RPD:1
[CH: 50] LEN: 12 | HEX: E9 77 FA FE FE 70 95 FD 76 7F FB FF | T:464111 RPD:0
[CH: 50] LEN: 12 | HEX: E9 77 7A F5 EC 73 95 DA C1 E9 BF EF | T:464122 RPD:1
[CH: 50] LEN: 12 | HEX: F9 77 FA FE FE 70 95 FE 76 7F BF F7 | T:464122 RPD:0
[CH: 50] LEN: 12 | HEX: F5 77 FE F5 FD 73 95 FF C1 ED BF F5 | T:464134 RPD:1
[CH: 50] LEN: 12 | HEX: F9 77 AE E9 DC 73 95 FE C1 FD BB EF | T:464145 RPD:1
[CH: 50] LEN: 12 | HEX: F9 77 76 EE F6 70 95 FD 76 77 BF DF | T:464145 RPD:0
[CH: 50] LEN: 12 | HEX: F9 77 FA FD FE 73 95 DE 81 DD BF FF | T:464156 RPD:1
[CH: 50] LEN: 12 | HEX: F1 77 BC F5 F5 73 95 FE 81 F5 BB DF | T:464157 RPD:0
[CH: 50] LEN: 12 | HEX: F5 77 B4 F6 EE 70 95 DF 76 7F 77 F6 | T:464168 RPD:1
[CH: 50] LEN: 12 | HEX: F5 77 F6 EB EE 73 95 FE C1 DB BF EF | T:464179 RPD:1
[CH: 50] LEN: 12 | HEX: E9 77 F6 F4 FE 70 95 FD F6 7D 37 5E | T:464180 RPD:1
[CH: 50] LEN: 12 | HEX: E9 77 FA FD FD 73 95 FD C1 DD B7 FF | T:464191 RPD:1
[CH: 50] LEN: 12 | HEX: FD 77 6A FE EE 70 95 FF 76 7F 3F FF | T:464191 RPD:0
[CH: 50] LEN: 12 | HEX: F5 77 FE FD EE 73 95 F7 C1 FB AF DB | T:464202 RPD:1
[CH: 50] LEN: 12 | HEX: F9 77 AE F6 F4 70 95 FA 76 7E BA FF | T:464203 RPD:0
[CH: 50] LEN: 12 | HEX: F1 77 7A ED FE 73 95 F6 81 FD BF EF | T:464214 RPD:1
[CH: 50] LEN: 12 | HEX: F9 77 F6 FE F6 70 95 FD 7E 7F FE FE | T:464225 RPD:1
[CH: 50] LEN: 12 | HEX: F9 77 BA FD FE 73 95 EF C1 DB BF 77 | T:464226 RPD:0
[CH: 50] LEN: 12 | HEX: F9 77 FA FB FC 73 95 EB C1 ED BA FF | T:464237 RPD:1
[CH: 50] LEN: 12 | HEX: FD 77 DC FE FE 70 95 DD FE 7F BF FF | T:464237 RPD:0
[CH: 50] LEN: 12 | HEX: F1 77 F6 FF FD 73 95 EB 41 FD BD FF | T:464248 RPD:1
[CH: 50] LEN: 12 | HEX: E9 77 F4 F6 FA 70 95 FE F6 77 36 FF | T:464249 RPD:0
[CH: 50] LEN: 12 | HEX: F1 77 7E FD EC 73 95 FD 41 D9 BB FD | T:464260 RPD:1
[CH: 50] LEN: 12 | HEX: ED 77 7E EE FE 70 95 DD 76 77 BF FE | T:464271 RPD:1
[CH: 50] LEN: 12 | HEX: E9 77 6A D4 EE 70 95 FD 76 7B BF 96 | T:464271 RPD:0
[CH: 50] LEN: 12 | HEX: F9 77 FA F9 EE 73 95 EF C1 E9 BD FD | T:464283 RPD:1
[CH: 50] LEN: 12 | HEX: F5 77 FF FD F6 73 95 EF 41 F5 AF 37 | T:464283 RPD:0
[CH: 50] LEN: 12 | HEX: F5 77 F4 FE F6 70 95 DF 76 7F 3F BF | T:464294 RPD:1
[CH: 50] LEN: 12 | HEX: F9 77 DE ED ED 73 95 FD C1 ED BA FF | T:464295 RPD:0
[CH: 50] LEN: 12 | HEX: F5 77 DE FA F6 70 95 FF 77 7F BE FF | T:464306 RPD:1
[CH: 50] LEN: 12 | HEX: F5 77 EA FD F4 73 95 FD 41 D5 EF F7 | T:464317 RPD:1
[CH: 50] LEN: 12 | HEX: F5 77 EE EE EC 70 95 BA 76 77 3F F7 | T:464317 RPD:1
[CH: 50] LEN: 12 | HEX: F5 77 BF F5 DA 73 95 D7 C1 FD BF FF | T:464329 RPD:1
[CH: 50] LEN: 12 | HEX: E9 77 AC F6 FE 70 95 FF 76 7F BF 7D | T:464329 RPD:0
[CH: 50] LEN: 12 | HEX: F9 77 BE ED DC 73 95 F6 81 DD BF FF | T:464340 RPD:1
[CH: 50] LEN: 12 | HEX: F5 77 FA F5 F5 73 95 ED C1 D5 BF D7 | T:464352 RPD:1
[CH: 50] LEN: 12 | HEX: F9 77 DE EE ED 70 95 EE 76 7F 7B EF | T:464352 RPD:0
[CH: 50] LEN: 12 | HEX: F1 77 FF FC FE 70 95 FD 76 77 B5 C7 | T:464363 RPD:1
[CH: 50] LEN: 12 | HEX: F5 77 BA FE FE 70 95 ED F6 7F FB FF | T:464363 RPD:0
[CH: 50] LEN: 12 | HEX: F9 77 F4 F5 ED 73 95 EF C1 F9 BF DF | T:464375 RPD:1
[CH: 50] LEN: 12 | HEX: F1 77 6E F9 DD 73 95 FD C1 FD FF FF | T:464375 RPD:0
[CH: 50] LEN: 12 | HEX: F1 77 FD EE FE 70 95 EE F6 7B BB FF | T:464386 RPD:1
[CH: 50] LEN: 12 | HEX: F9 77 B6 FE FE 70 95 ED 76 7B 7F EB | T:464398 RPD:1
[CH: 50] LEN: 12 | HEX: F5 77 EE FD AA 73 95 FD C1 DD FF BA | T:464398 RPD:0
[CH: 50] LEN: 12 | HEX: F1 77 BE FE F6 70 95 FF 76 75 BF F7 | T:464409 RPD:1
[CH: 50] LEN: 12 | HEX: F5 77 B4 ED DD 73 95 D5 41 AB BF 7E | T:464409 RPD:0
[CH: 50] LEN: 12 | HEX: F9 77 FA EE FE 70 95 DA 76 77 7F FE | T:464421 RPD:1
[CH: 50] LEN: 12 | HEX: E9 77 FA F5 EE 73 95 FE C1 FD AF FB | T:464421 RPD:0
[CH: 50] LEN: 12 | HEX: F9 77 FD FE F6 70 95 FD 76 7B BF FB | T:464432 RPD:1
[CH: 50] LEN: 12 | HEX: F5 77 F9 ED DF 73 95 FE C1 ED BF FF | T:464444 RPD:1
[CH: 50] LEN: 12 | HEX: E9 77 BA F6 FE 70 95 FD 76 7B 3F FF | T:464444 RPD:0
[CH: 50] LEN: 12 | HEX: FD 77 F4 FD FE 73 95 FE C1 F5 BF 7F | T:464455 RPD:1
[CH: 50] LEN: 12 | HEX: ED 77 DF FD EE 73 95 FF 41 ED BF F7 | T:464455 RPD:1
[CH: 50] LEN: 12 | HEX: F5 77 F4 FE EE 70 95 FE 76 7F 7F FF | T:464467 RPD:1
[CH: 50] LEN: 12 | HEX: F5 77 AD F5 FE 70 95 FB 76 7B FF EF | T:464478 RPD:1
[CH: 50] LEN: 12 | HEX: F5 77 DE FD EA 73 95 AB 81 D3 BF EA | T:464478 RPD:0
[CH: 50] LEN: 12 | HEX: F9 77 FE EA EE 70 95 D7 76 7F BF BF | T:464490 RPD:1
[CH: 50] LEN: 12 | HEX: F9 77 BA EE EE 70 95 DF 76 77 7E FB | T:464490 RPD:0
[CH: 50] LEN: 12 | HEX: F9 77 F6 F5 FD 73 95 DD C1 DB BD FF | T:464501 RPD:1
[CH: 50] LEN: 12 | HEX: E9 77 74 EA F6 70 95 FE 76 7F 3F FF | T:464501 RPD:0
[CH: 50] LEN: 12 | HEX: E9 77 FE FD DD 73 95 DF C1 ED BF FF | T:464513 RPD:1
[CH: 50] LEN: 12 | HEX: F5 77 74 FD EE 73 95 DF C1 F5 BF D7 | T:464524 RPD:1
[CH: 50] LEN: 12 | HEX: E9 77 BA F4 EE 70 95 ED 76 7B BF EF | T:464524 RPD:0
[CH: 50] LEN: 12 | HEX: ED 77 DD EA FC 78 95 FD 77 7F BF FF | T:464535 RPD:1
[CH: 50] LEN: 12 | HEX: F9 77 B4 EE F6 70 95 FE 76 7B BF 82 | T:464536 RPD:0
[CH: 50] LEN: 12 | HEX: F9 77 FE FD D6 73 95 FE C1 FD BD FB | T:464547 RPD:1
[CH: 50] LEN: 12 | HEX: E9 77 FA FB FC 73 95 D5 41 95 BF B6 | T:464547 RPD:0
[CH: 50] LEN: 12 | HEX: E9 77 F6 EE FE 70 95 FD 76 77 BF D7 | T:464559 RPD:1
[CH: 50] LEN: 12 | HEX: F1 77 F6 F7 EA 73 95 EA 81 A9 BF FF | T:464570 RPD:1
[CH: 50] LEN: 12 | HEX: F5 77 DB EC FE 70 95 FF 77 7F BF FE | T:464570 RPD:0
[CH: 50] LEN: 12 | HEX: F9 77 F4 FD FD 73 95 FD C1 EB BF B5 | T:464581 RPD:1
[CH: 50] LEN: 12 | HEX: E9 77 B6 F5 EE 73 95 FD C1 FD BF 7D | T:464582 RPD:0
[CH: 50] LEN: 12 | HEX: ED 77 FA FE FA 70 95 ED 76 7D BF FF | T:464593 RPD:1
[CH: 50] LEN: 12 | HEX: F9 77 AE F9 DD 73 95 FB C1 DD BF BB | T:464604 RPD:1
[CH: 50] LEN: 12 | HEX: F5 77 B6 EC EE 70 95 FF 76 7F FF F7 | T:464605 RPD:0
[CH: 50] LEN: 12 | HEX: F9 77 F4 EE FE 70 95 FD 76 7B BF FB | T:464616 RPD:1
[CH: 50] LEN: 12 | HEX: F5 77 F6 FF EF 70 95 DD 76 7F 6F FB | T:464616 RPD:0
[CH: 50] LEN: 12 | HEX: F9 77 F6 ED FD 73 95 FD C1 DD BF FF | T:464627 RPD:1
[CH: 50] LEN: 12 | HEX: F5 77 B5 F4 F6 70 95 F5 76 7D BF B7 | T:464628 RPD:1
[CH: 50] LEN: 12 | HEX: F5 77 FB 00 00 71 95 EB 49 06 BF FF | T:464652 RPD:1
[CH: 50] LEN: 12 | HEX: F9 77 AF 00 00 71 95 D6 C9 06 BF F7 | T:464653 RPD:1
[CH: 50] LEN: 12 | HEX: F4 6D F7 00 FC FA 95 FD E0 9C BF FF | T:464682 RPD:1
[CH: 50] LEN: 12 | HEX: F4 6D FF 00 FE FA 95 DE 60 9C BF F7 | T:464683 RPD:1
[CH: 50] LEN: 12 | HEX: E9 77 EF 00 00 71 95 DA C9 06 BD 7F | T:464952 RPD:1
[CH: 50] LEN: 12 | HEX: ED 76 BF 00 00 71 95 FD 49 06 BF DF | T:464952 RPD:1
[CH: 50] LEN: 12 | HEX: F8 6D EF 00 FD EE 95 EE E0 9C BF FF | T:464982 RPD:1
[CH: 50] LEN: 12 | HEX: F8 6D ED 00 FE FD 95 FF 60 9C BF FF | T:464983 RPD:1
[CH: 50] LEN: 12 | HEX: E9 77 7F 00 00 71 95 F7 C9 06 AF DF | T:465251 RPD:1
[CH: 50] LEN: 12 | HEX: F9 77 BF 00 00 71 95 ED C9 06 BE FD | T:465252 RPD:1
[CH: 50] LEN: 12 | HEX: E8 6D EF 00 FE EA 95 EE E0 9C BF 7D | T:465282 RPD:1
[CH: 50] LEN: 12 | HEX: F4 6D EF 00 FE FA 95 ED 60 9C BF BE | T:465283 RPD:1
[CH: 50] LEN: 12 | HEX: ED 77 FA 00 00 71 95 DD C9 06 BF FF | T:465551 RPD:1
[CH: 50] LEN: 12 | HEX: F5 77 7F 00 00 71 95 D7 C9 06 B7 FF | T:465576 RPD:1
[CH: 50] LEN: 12 | HEX: F8 6D EE 00 FE F6 95 FD 60 9C BF 5F | T:465607 RPD:1
[CH: 50] LEN: 12 | HEX: F8 6D FD 00 FF EA 95 DD 60 9C BF 7D | T:465607 RPD:1
[CH: 50] LEN: 12 | HEX: F6 76 F6 FE 73 DA 95 DF C2 8E AE FF | T:465669 RPD:1
[CH: 50] LEN: 12 | HEX: FA 76 FA FD 70 FC 95 F6 B7 80 BF FF | T:465699 RPD:1
[CH: 50] LEN: 12 | HEX: FE 76 FD F4 71 FD 95 DE 6B 65 BF FD | T:465703 RPD:1
[CH: 50] LEN: 12 | HEX: F6 76 FF F3 76 F6 95 FF 5D 9C B7 FF | T:465733 RPD:1
[CH: 50] LEN: 12 | HEX: F6 76 ED FA 77 B6 95 DD 81 79 BF 7F | T:465763 RPD:1
[CH: 50] LEN: 12 | HEX: DA 76 EE F1 74 EE 95 FA F4 77 7F 7F | T:465793 RPD:1
[CH: 50] LEN: 12 | HEX: FA 76 FE F4 75 EE 95 EB 28 92 BF FF | T:465823 RPD:1
[CH: 50] LEN: 12 | HEX: FE 76 F6 F7 7A EE 95 EF 99 85 BF FF | T:465853 RPD:1
[CH: 50] LEN: 12 | HEX: FA 76 F6 F5 78 FE 95 FE 30 6E BD EE | T:465913 RPD:1
[CH: 50] LEN: 12 | HEX: FE 76 F6 E4 79 ED 95 FD 6C 8B BE FF | T:465943 RPD:1
[CH: 50] LEN: 12 | HEX: F2 76 FE F3 7C EE 95 DE DA 72 AF FF | T:465973 RPD:1
[CH: 50] LEN: 12 | HEX: F2 66 D9 D2 6A BD 95 95 06 96 BE FF | T:466003 RPD:1
[CH: 50] LEN: 12 | HEX: FA 76 FE E9 7A FD 95 FD 73 99 BF DE | T:466033 RPD:1
[CH: 50] LEN: 12 | HEX: F6 76 FE E8 7B FD 95 DF AF 7C BB BF | T:466063 RPD:1
[CH: 50] LEN: 12 | HEX: F6 76 FE EE 62 EF 95 EF 81 96 BF 6F | T:466093 RPD:1
[CH: 50] LEN: 12 | HEX: F2 76 FE EE 63 FE 95 DF DD 73 BF EF | T:466123 RPD:1
[CH: 50] LEN: 12 | HEX: F6 76 EE ED 60 F6 95 FE A8 77 BD 6F | T:466153 RPD:1
[CH: 50] LEN: 12 | HEX: F2 76 FE EC 61 DE 95 FE F4 98 BB DF | T:466183 RPD:1
[CH: 50] LEN: 12 | HEX: FA 76 F5 EB 66 F6 95 EB 42 61 B7 BB | T:466213 RPD:1
[CH: 50] LEN: 12 | HEX: FA 76 FE EA 67 BD 95 FF 9E 84 AF DF | T:466243 RPD:1
[CH: 50] LEN: 12 | HEX: FA 76 F6 E9 64 F4 95 F5 6B 8A BD FF | T:466272 RPD:1
[CH: 50] LEN: 12 | HEX: F2 76 FA E8 65 FC 95 FF 37 6E FD F7 | T:466302 RPD:1
[CH: 50] LEN: 12 | HEX: F2 76 FE E7 6A FC 95 EF 86 78 BF 7F | T:466333 RPD:1
[CH: 50] LEN: 12 | HEX: FA 76 FE E6 6B EC 95 FF 5A 9D AE FF | T:466363 RPD:1
[CH: 50] LEN: 12 | HEX: FA 76 FE E5 68 FE 95 F7 2F 93 BF FE | T:466393 RPD:1
[CH: 50] LEN: 12 | HEX: FA 76 F6 E4 69 FE 95 F5 53 76 AB FE | T:466423 RPD:1
[CH: 50] LEN: 12 | HEX: FA 76 FE E3 EE FE 95 FF 65 8F 35 CA | T:466452 RPD:0
[CH: 50] LEN: 12 | HEX: FA 76 FE E2 6F DE 95 FF 19 6A BF FF | T:466482 RPD:0
[CH: 50] LEN: 12 | HEX: FA 76 FA E1 6C FE 95 F5 6C 64 BF FF | T:466512 RPD:0
[CH: 50] LEN: 12 | HEX: FA 76 FE E0 6D FE 95 F7 70 81 BF EF | T:466542 RPD:0
[CH: 50] LEN: 12 | HEX: FA 76 FA DF 52 FE 95 FF 21 91 BF F5 | T:466572 RPD:0
[CH: 50] LEN: 12 | HEX: FA 76 FA FE 73 FC 95 D7 42 8E BE FF | T:466602 RPD:0
[CH: 50] LEN: 12 | HEX: FA 76 F5 F9 70 FA 95 F6 F7 80 BF FF | T:466606 RPD:0
[CH: 50] LEN: 12 | HEX: FA 76 FE FC 71 FA 95 F7 6B 65 BF FF | T:466610 RPD:0
[CH: 50] LEN: 12 | HEX: EA 76 FE FA 77 FE 95 FF 81 79 BD F7 | T:466670 RPD:0
[CH: 50] LEN: 12 | HEX: FA 76 FE F9 74 FC 95 FF D4 77 FF FB | T:466700 RPD:0
[CH: 50] LEN: 12 | HEX: FA 76 FA F8 7D FA 95 EA 28 92 BF FD | T:466730 RPD:0
[CH: 50] LEN: 12 | HEX: FA 76 FE F6 7B FE 95 FF 45 60 BF FE | T:466790 RPD:0
[CH: 50] LEN: 12 | HEX: FA 7B D7 00 81 EE 95 FE AF FF BF FE | T:467005 RPD:1
[CH: 50] LEN: 12 | HEX: FA 7B FE 00 81 FE 95 F5 4F 55 7E D5 | T:467006 RPD:1
[CH: 50] LEN: 12 | HEX: F9 77 BD FE FA 70 95 FF F6 7F BF D7 | T:467035 RPD:1
[CH: 50] LEN: 12 | HEX: F1 77 D6 FD FC 73 D5 F5 81 ED BF D7 | T:467039 RPD:1
[CH: 50] LEN: 12 | HEX: F9 77 FD EE FE 70 95 F6 76 75 BB F5 | T:467042 RPD:1
[CH: 50] LEN: 12 | HEX: F1 77 DD F5 D6 73 95 EB 41 D9 BF FF | T:467053 RPD:1
[CH: 50] LEN: 12 | HEX: F9 77 BD F4 FE 70 95 EF 76 7F B6 F7 | T:467053 RPD:0
[CH: 50] LEN: 12 | HEX: F1 77 BC FD FE 73 95 D5 41 D5 B7 FA | T:467064 RPD:1
[CH: 50] LEN: 12 | HEX: F9 77 D6 FC F4 70 95 F6 F6 7F AA F2 | T:467065 RPD:0
[CH: 50] LEN: 12 | HEX: F1 77 F4 FD EA 73 95 EF C1 FD BB 7E | T:467076 RPD:1
[CH: 50] LEN: 12 | HEX: F1 77 F4 EA EE 70 95 EF 76 7A BD EF | T:467087 RPD:1
[CH: 50] LEN: 12 | HEX: F9 77 FA F5 FE 73 95 FE 81 FD AE FD | T:467087 RPD:0
[CH: 50] LEN: 12 | HEX: F9 77 FA F6 F6 70 95 F7 76 7D BF FF | T:467099 RPD:1
[CH: 50] LEN: 12 | HEX: F1 7F 74 F6 FE 70 95 DD F6 7B BF FF | T:467099 RPD:0
[CH: 50] LEN: 12 | HEX: F9 77 FD FB D5 73 95 FE A1 FD BF EB | T:467110 RPD:1
[CH: 50] LEN: 12 | HEX: F1 77 BB FE FE 78 95 DD 76 7B 3D BF | T:467122 RPD:1
[CH: 50] LEN: 12 | HEX: F9 77 DA F5 D6 73 95 D4 81 55 BF FB | T:467122 RPD:0
[CH: 50] LEN: 12 | HEX: F9 77 DC FB FD 73 95 D6 C1 FD BF FF | T:467133 RPD:1
[CH: 50] LEN: 12 | HEX: F1 77 F4 F5 F6 73 95 FB A1 ED BF BF | T:467133 RPD:1
[CH: 50] LEN: 12 | HEX: F1 77 74 FE EE 70 95 FF FE 7F BF EF | T:467145 RPD:1
[CH: 50] LEN: 12 | HEX: F9 77 F4 F5 FC 73 95 EE C1 FD BF FB | T:467145 RPD:1
[CH: 50] LEN: 12 | HEX: E9 77 5A F4 F6 70 95 DF 76 7B 2F DF | T:467157 RPD:1
[CH: 50] LEN: 12 | HEX: F1 77 FE EB DD 73 95 F7 C1 ED BD FF | T:467168 RPD:1
[CH: 50] LEN: 12 | HEX: F9 77 FA FD F6 70 95 DE F6 7F BE FF | T:467168 RPD:0
[CH: 50] LEN: 12 | HEX: FD 77 BE FD ED 73 95 F7 C1 FD BF FF | T:467180 RPD:1
[CH: 50] LEN: 12 | HEX: ED 77 EA FD EA 73 95 FE 81 F5 BE FE | T:467180 RPD:1
[CH: 50] LEN: 12 | HEX: F5 77 F6 F6 FE 70 95 DE 76 7F BF FF | T:467191 RPD:1
[CH: 50] LEN: 12 | HEX: FD 77 B4 F9 EC 73 95 F7 41 ED AF BF | T:467192 RPD:1
[CH: 50] LEN: 12 | HEX: F9 77 F4 F5 FE 73 95 DE C1 D5 BF FF | T:467215 RPD:1
[CH: 50] LEN: 12 | HEX: E9 77 FA F6 FA 70 95 FE 76 7B BB FF | T:467218 RPD:1
[CH: 50] LEN: 12 | HEX: F9 77 DE FD F6 73 95 F7 41 ED BB FF | T:467221 RPD:1
[CH: 50] LEN: 12 | HEX: E9 77 7E FE EE 70 95 EF 76 7A BF FD | T:467233 RPD:1
[CH: 50] LEN: 12 | HEX: F5 77 FE FD FE 73 95 DE C1 ED BD FB | T:467233 RPD:0
[CH: 50] LEN: 12 | HEX: F1 77 FE FE F6 70 95 FF 76 7F AE BF | T:467244 RPD:1
[CH: 50] LEN: 12 | HEX: F9 77 F6 FB DE 73 95 FE C1 DB BD FB | T:467244 RPD:0
[CH: 50] LEN: 12 | HEX: F9 77 F5 F6 FE 70 95 EE F6 7B 7F BB | T:467256 RPD:0
[CH: 50] LEN: 12 | HEX: E9 77 BA F6 FE 70 95 EB 76 7F BF F5 | T:467267 RPD:1
[CH: 50] LEN: 12 | HEX: F5 77 6E FD DD 73 95 DE C1 E9 BF 5F | T:467267 RPD:0
[CH: 50] LEN: 12 | HEX: F9 77 F5 FE F6 70 95 EE F6 7F FD FD | T:467279 RPD:1
[CH: 50] LEN: 12 | HEX: E9 77 BE E9 DC 73 95 ED 41 FD BF FB | T:467279 RPD:0
[CH: 50] LEN: 12 | HEX: E9 77 BA FE EE 70 95 ED 76 7F 7F B7 | T:467290 RPD:1
[CH: 50] LEN: 12 | HEX: F5 77 BC FD DD 73 95 FE C1 FD BA FF | T:467301 RPD:1
[CH: 50] LEN: 12 | HEX: F1 77 FA FE F6 70 95 F6 76 7F 7F 77 | T:467302 RPD:0
[CH: 50] LEN: 12 | HEX: F5 77 DE FD F4 73 95 DE C1 FD B7 BF | T:467313 RPD:1
[CH: 50] LEN: 12 | HEX: F9 77 EA F6 F6 70 95 EF F6 7B BF FD | T:467313 RPD:1
[CH: 50] LEN: 12 | HEX: F9 77 DE FE FF 70 95 FE F6 77 6F CE | T:467325 RPD:1
[CH: 50] LEN: 12 | HEX: F9 77 7E F5 FD 73 95 AA C1 A9 BF 6F | T:467325 RPD:0
[CH: 50] LEN: 12 | HEX: F9 77 7E F6 FE 70 95 FD 76 7A BF FF | T:467336 RPD:1
[CH: 50] LEN: 12 | HEX: F9 77 76 E9 EE 73 95 FE 81 ED BF FF | T:467347 RPD:1
[CH: 50] LEN: 12 | HEX: ED 77 BA FE FE 70 95 F7 76 7B BE EF | T:467348 RPD:0
[CH: 50] LEN: 12 | HEX: E9 77 76 E9 EE 73 95 FE C1 ED B7 7F | T:467359 RPD:1
[CH: 50] LEN: 12 | HEX: F5 77 F6 F6 EE 70 95 FD 76 77 2F FF | T:467359 RPD:0
[CH: 50] LEN: 12 | HEX: F9 77 BA ED EE 73 95 FD C1 FD BB FF | T:467371 RPD:1
[CH: 50] LEN: 12 | HEX: F9 77 DE FE EE 70 95 FE 76 75 BD AF | T:467371 RPD:0
[CH: 50] LEN: 12 | HEX: F9 77 BE FD FD 73 95 FE C1 F5 BE EF | T:467382 RPD:0
[CH: 50] LEN: 12 | HEX: F1 77 B6 FE FE 70 95 FD 76 7F BC FD | T:467393 RPD:1
[CH: 50] LEN: 12 | HEX: E9 77 FA FD FD 73 95 FD C1 ED BF FE | T:467394 RPD:1
[CH: 50] LEN: 12 | HEX: E9 77 FA E9 FE 73 95 FD 41 D5 BF FF | T:467405 RPD:1
[CH: 50] LEN: 12 | HEX: F1 77 FA FA F4 70 95 EE 76 7B 7E DE | T:467405 RPD:0
[CH: 50] LEN: 12 | HEX: F5 77 F4 FB ED 73 95 EF 41 D5 FB FF | T:467417 RPD:1
[CH: 50] LEN: 12 | HEX: F9 77 EA FC EE 70 95 FE F6 7F BF BF | T:467428 RPD:1
[CH: 50] LEN: 12 | HEX: F5 77 F4 F5 FC 73 95 FD C1 FD BF F7 | T:467428 RPD:1
[CH: 50] LEN: 12 | HEX: F9 77 BC FE FE 70 95 DF 76 77 FF FE | T:467439 RPD:1
[CH: 50] LEN: 12 | HEX: F9 77 DE FF F4 73 95 FE 81 FB BB FF | T:467440 RPD:0
[CH: 50] LEN: 12 | HEX: FD 77 BE F6 FF 70 95 FE 76 7F BF FF | T:467451 RPD:1
[CH: 50] LEN: 12 | HEX: F9 77 BE ED FF 73 95 F7 C1 D5 BD FF | T:467451 RPD:0
[CH: 50] LEN: 12 | HEX: F5 77 BA EA F6 70 95 DE 76 7E FD 7D | T:467462 RPD:1
[CH: 50] LEN: 12 | HEX: E9 77 BE E9 FD 73 95 DD 41 ED BF DF | T:467474 RPD:1
[CH: 50] LEN: 12 | HEX: F9 77 B6 F6 F6 70 95 FD 76 7F FB EF | T:467474 RPD:0
[CH: 50] LEN: 12 | HEX: E9 77 DA FD FE 73 95 EE C1 D5 BF FD | T:467485 RPD:1
[CH: 50] LEN: 12 | HEX: F5 77 FA FD FD 73 95 AA C1 55 AD 7F | T:467486 RPD:0
[CH: 50] LEN: 12 | HEX: E9 77 F6 EC FE 70 95 EF 76 7F BF B7 | T:467497 RPD:1
[CH: 50] LEN: 12 | HEX: FD 77 56 FD DD 73 95 D7 C1 DD BF EF | T:467497 RPD:0
[CH: 50] LEN: 12 | HEX: E9 77 F6 F6 F6 70 95 FD 76 7B BA FF | T:467508 RPD:1
[CH: 50] LEN: 12 | HEX: F9 77 F4 F5 FD 73 95 EF C1 F7 BF FF | T:467520 RPD:1
[CH: 50] LEN: 12 | HEX: F1 77 B6 ED F6 70 95 FF 76 7F 7B FF | T:467520 RPD:0
[CH: 50] LEN: 12 | HEX: F1 77 76 F6 EE 70 95 FE F6 7B BF FD | T:467531 RPD:0
[CH: 50] LEN: 12 | HEX: F9 77 F6 F5 FE 73 95 F7 41 FD BB BF | T:467535 RPD:1
[CH: 50] LEN: 12 | HEX: F1 77 5E F6 FA 70 95 FF 76 7B AF DE | T:467556 RPD:1
[CH: 50] LEN: 12 | HEX: ED 77 F4 ED EE 73 95 DD C1 FF BD DF | T:467559 RPD:1
[CH: 50] LEN: 12 | HEX: FD 77 AE FD DD 73 95 D5 41 A9 BF EF | T:467565 RPD:1
[CH: 50] LEN: 12 | HEX: E9 77 74 FE F6 70 95 FE 76 7F 7B EF | T:467568 RPD:1
[CH: 50] LEN: 12 | HEX: F5 77 FD FB DE 73 95 FD C1 FB BF FB | T:467579 RPD:1
[CH: 50] LEN: 12 | HEX: E9 77 B4 F6 F6 70 95 D6 F6 7B BE BF | T:467580 RPD:1
[CH: 50] LEN: 12 | HEX: F9 77 BE FE FE 70 95 FE 76 7F BF FD | T:467591 RPD:1
[CH: 50] LEN: 12 | HEX: F5 77 BE FD FE 73 95 FF C1 DD AF FF | T:467591 RPD:0
[CH: 50] LEN: 12 | HEX: F9 77 5E FE EE 70 95 EE F6 7F 7D FF | T:467603 RPD:1
[CH: 50] LEN: 12 | HEX: F5 77 BC FA FA 70 95 FE F6 7F BE FF | T:467614 RPD:0
[CH: 50] LEN: 12 | HEX: F9 77 7E F7 FE 73 95 F7 41 DD B7 FF | T:467614 RPD:0
[CH: 50] LEN: 12 | HEX: F9 77 BA EE F6 70 95 DF 76 7F 77 FF | T:467625 RPD:1
[CH: 50] LEN: 12 | HEX: E5 77 FA F5 FA 73 95 ED C1 DD BB F7 | T:467626 RPD:0
[CH: 50] LEN: 12 | HEX: FD 77 DD F6 F6 70 95 FF 76 7F BB FE | T:467637 RPD:1
[CH: 50] LEN: 12 | HEX: F9 77 5C EE FE 70 95 F5 76 7F 7F FB | T:467648 RPD:1
[CH: 50] LEN: 12 | HEX: F5 77 76 E9 DE 73 95 DF C1 FD BD 7F | T:467649 RPD:0
[CH: 50] LEN: 12 | HEX: F5 77 7E FA FC 70 95 DF 76 77 BD FF | T:467660 RPD:1
[CH: 50] LEN: 12 | HEX: F9 77 FA ED FD 73 95 F5 C1 FD B7 D4 | T:467660 RPD:0
[CH: 50] LEN: 12 | HEX: F9 77 FE FE F6 70 95 EF 76 75 BF FD | T:467671 RPD:1
[CH: 50] LEN: 12 | HEX: F5 77 F4 FE EE 70 95 FD 76 75 F7 BF | T:467672 RPD:0
[CH: 50] LEN: 12 | HEX: F9 77 F6 FD FE 73 95 EE C1 FD AF FB | T:467683 RPD:1
[CH: 50] LEN: 12 | HEX: F1 77 F6 FB FD 73 95 FE C1 FD BD FD | T:467694 RPD:1
[CH: 50] LEN: 12 | HEX: F9 77 B4 F5 DD 73 95 DF C1 FB BB 6F | T:467695 RPD:0
[CH: 50] LEN: 12 | HEX: F5 77 7A ED FC 73 95 ED C1 F5 BF DD | T:467706 RPD:1
[CH: 50] LEN: 12 | HEX: F5 77 BE FD FC 73 95 D5 41 53 BE D5 | T:467706 RPD:0
[CH: 50] LEN: 12 | HEX: E9 77 FA FE F4 70 95 FD F6 7F BA BF | T:467717 RPD:0
[CH: 50] LEN: 12 | HEX: F9 77 F7 00 00 71 95 EB C9 06 BE FF | T:467740 RPD:1
[CH: 50] LEN: 12 | HEX: F8 6D F7 00 FA FE 95 FD 60 9C BD FB | T:467770 RPD:1
[CH: 50] LEN: 12 | HEX: FC 6D F7 00 FA FA 95 ED 60 9C BF FF | T:467771 RPD:1
[CH: 50] LEN: 12 | HEX: F9 77 B7 00 00 71 95 DE C9 06 AF FD | T:468039 RPD:1
[CH: 50] LEN: 12 | HEX: F5 77 F5 00 00 71 95 ED 49 06 BD FF | T:468040 RPD:1
[CH: 50] LEN: 12 | HEX: EC 6D EE 80 EE EC 95 AA E0 9C BD 7D | T:468070 RPD:1
[CH: 50] LEN: 12 | HEX: E8 6D FD 00 EA EE 95 DD 60 9C B5 D5 | T:468070 RPD:1
[CH: 50] LEN: 12 | HEX: F1 77 F7 00 00 71 95 FF C9 06 BF FB | T:468339 RPD:1
[CH: 50] LEN: 12 | HEX: F9 77 FB 00 00 71 95 FE 89 06 B7 7E | T:468340 RPD:1
[CH: 50] LEN: 12 | HEX: F0 6D EB 00 EE D4 95 EE 60 9C BF BF | T:468369 RPD:1
[CH: 50] LEN: 12 | HEX: F4 6D FE 00 FE EC 95 EF 60 9C BF FF | T:468370 RPD:1
[CH: 50] LEN: 12 | HEX: F1 77 BB 00 00 71 95 DE C9 06 BF 7B | T:468639 RPD:1
[CH: 50] LEN: 12 | HEX: F5 77 FD 00 00 71 95 FE C9 06 BB DF | T:468639 RPD:1
[CH: 50] LEN: 12 | HEX: F4 6D FD 00 F6 F6 95 FD 60 9C BF FB | T:468669 RPD:1
[CH: 50] LEN: 12 | HEX: E8 6D FE 80 EE FE 95 F7 60 9C BF EF | T:468670 RPD:1
[CH: 50] LEN: 12 | HEX: F6 76 F7 00 8C EE 95 DA 3C 73 BF FB | T:468813 RPD:1
[CH: 50] LEN: 12 | HEX: FA 76 F7 00 8C F6 95 FA 3C 73 BF FF | T:468814 RPD:1
[CH: 50] LEN: 12 | HEX: EA 76 EE FC 73 DE 95 FB C2 8E BB EB | T:468844 RPD:1
[CH: 50] LEN: 12 | HEX: FA 76 FC F4 71 FE 95 FD 6B 65 BF FF | T:468851 RPD:1
[CH: 50] LEN: 12 | HEX: FE 76 FE F3 76 EF 95 FD 5D 9C B7 FD | T:468882 RPD:1
[CH: 50] LEN: 12 | HEX: F2 76 F6 F2 77 7A 95 D7 81 71 BF FF | T:468912 RPD:1
[CH: 50] LEN: 12 | HEX: EA 76 FE F9 74 FE 95 EE F4 77 B7 FA | T:468942 RPD:1
[CH: 50] LEN: 12 | HEX: FA 76 FC E8 75 DD 95 DF 28 92 BF BF | T:468971 RPD:1
[CH: 50] LEN: 12 | HEX: F6 76 FE F7 7A FF 95 FD 19 85 BE FB | T:469001 RPD:1
[CH: 50] LEN: 12 | HEX: FA 76 F5 E6 7B FD 95 FA 45 60 BD FF | T:469031 RPD:1
[CH: 50] LEN: 12 | HEX: FA 76 FE F5 78 F4 95 FD 30 6E BF FA | T:469061 RPD:1
[CH: 50] LEN: 12 | HEX: F2 76 FA F4 79 FC 95 FF 4C 8B BF FF | T:469091 RPD:1
[CH: 50] LEN: 12 | HEX: F2 76 F6 F3 7E F4 95 EE 9A 72 AF FB | T:469121 RPD:1
[CH: 50] LEN: 12 | HEX: FA 76 F4 F2 7F D6 95 FF 06 97 BF 7A | T:469151 RPD:1
[CH: 50] LEN: 12 | HEX: F2 76 FC F1 7C FA 95 FE 73 99 BF 77 | T:469181 RPD:1
[CH: 50] LEN: 12 | HEX: FA 76 FE F0 7D FE 95 EF AF 7C BB DD | T:469211 RPD:1
[CH: 50] LEN: 12 | HEX: FA 76 F6 EF 62 FE 95 FF 01 96 BF FF | T:469241 RPD:1
[CH: 50] LEN: 12 | HEX: FA 76 FE EE 63 F6 95 FF DD 7B B7 7F | T:469271 RPD:1
[CH: 50] LEN: 12 | HEX: FA 76 FE ED 60 FE 95 FB A8 7D BF DF | T:469301 RPD:0
[CH: 50] LEN: 12 | HEX: F2 76 F5 EB 66 F6 95 EA C2 61 BD DB | T:469361 RPD:0
[CH: 50] LEN: 12 | HEX: FA 76 FC EA 67 DE 95 FF DE 84 BF FD | T:469391 RPD:0
[CH: 50] LEN: 12 | HEX: FA 76 FB E9 64 FE 95 EF AB 8A BF F7 | T:469421 RPD:0
[CH: 50] LEN: 12 | HEX: FA 76 EE E8 65 EE 95 FF 37 6F AF FF | T:469451 RPD:0
[CH: 50] LEN: 12 | HEX: FA 76 FE E7 6A FE 95 EA 86 68 BB DF | T:469481 RPD:0
[CH: 50] LEN: 12 | HEX: FA 76 FE E6 6B FE 95 F5 5A 9D B5 ED | T:469511 RPD:0
[CH: 50] LEN: 12 | HEX: EA 76 FB E5 68 FE 95 EF 2F 93 BD FF | T:469541 RPD:0
[CH: 50] LEN: 12 | HEX: FA 76 F6 E4 69 D6 95 EE 93 76 B9 75 | T:469571 RPD:0
[CH: 50] LEN: 12 | HEX: FA 76 FA E3 6E FE 95 FF A5 8F BE EF | T:469601 RPD:0
[CH: 50] LEN: 12 | HEX: FA 76 F6 E2 6F BD 95 D7 19 6A BB FF | T:469631 RPD:0
[CH: 50] LEN: 12 | HEX: FA 76 FE E1 6C FA 95 FF 6C 64 BF 7B | T:469661 RPD:0
[CH: 50] LEN: 12 | HEX: FA 76 FE E0 6D FE 95 FF B0 81 BF DD | T:469691 RPD:0
[CH: 50] LEN: 12 | HEX: FA 76 FE DF 52 FE 95 FF 21 91 BB 7E | T:469721 RPD:0
[CH: 50] LEN: 12 | HEX: FA 76 FE FE 73 FE 95 F7 C2 8E AB 8A | T:469751 RPD:0
[CH: 50] LEN: 12 | HEX: FA 76 FC FD 70 F6 95 FD B7 80 BF 7F | T:469755 RPD:0
[CH: 50] LEN: 12 | HEX: FA 76 FE F8 71 FE 95 FE EB 65 BF FF | T:469758 RPD:0
[CH: 50] LEN: 12 | HEX: FA 76 FE FB 76 FE 95 FF 5D 9C AB FE | T:469788 RPD:0
[CH: 50] LEN: 12 | HEX: FA 76 FE FA 77 FC 95 FF 81 79 BE FE | T:469818 RPD:0
[CH: 50] LEN: 12 | HEX: FA 76 FE F9 74 FE 95 EA DC 77 BF DF | T:469848 RPD:0
[CH: 50] LEN: 12 | HEX: FA 76 FC F8 75 FE 95 FF 28 92 BF 7A | T:469878 RPD:0
[CH: 50] LEN: 12 | HEX: FE 76 FE F6 7B FE 95 F6 45 60 BF B7 | T:469938 RPD:0
[CH: 50] LEN: 12 | HEX: FA 76 FC F5 78 FE 95 FF 30 6E BD FF | T:469968 RPD:0
[CH: 50] LEN: 12 | HEX: FA 76 FE F4 79 FC 95 EF 4C 8B BF DF | T:469998 RPD:0
[CH: 50] LEN: 12 | HEX: FA 7B D7 00 81 EC 95 FF AF FD BD FE | T:470223 RPD:1
[CH: 50] LEN: 12 | HEX: FA 7B DA 80 81 FE 95 FF EF FA BD DE | T:470224 RPD:1
[CH: 50] LEN: 12 | HEX: F9 77 FA FD F7 70 95 FF 76 7F BF D3 | T:470254 RPD:1
[CH: 50] LEN: 12 | HEX: F9 77 FC FD FE 73 95 F7 A1 FD BF EF | T:470257 RPD:1
[CH: 50] LEN: 12 | HEX: F9 77 FD EC FA 70 95 FE F6 7B 37 FF | T:470260 RPD:1
[CH: 50] LEN: 12 | HEX: F1 77 FC EB FE 73 95 FD 41 EB BB FD | T:470272 RPD:1
[CH: 50] LEN: 12 | HEX: F1 77 AF FD FE 70 95 FD 76 7F BF FF | T:470272 RPD:0
[CH: 50] LEN: 12 | HEX: F9 77 F4 FD FE 7B 95 DA 81 F5 BF FF | T:470283 RPD:1
[CH: 50] LEN: 12 | HEX: F9 77 FE F5 FE 73 95 EB 41 FB BF EF | T:470283 RPD:0
[CH: 50] LEN: 12 | HEX: F9 77 D4 FA FA 70 95 EA 76 7F BF F7 | T:470295 RPD:1
[CH: 50] LEN: 12 | HEX: F1 77 FE EE F6 70 95 F5 76 7B BF EF | T:470306 RPD:1
[CH: 50] LEN: 12 | HEX: F5 77 ED FD EE 73 95 FF 41 D5 BF FF | T:470306 RPD:0
[CH: 50] LEN: 12 | HEX: F1 77 FA F6 F6 70 95 FF 76 7F BF FB | T:470318 RPD:1
[CH: 50] LEN: 12 | HEX: F9 77 DA F6 FA 70 95 EE F6 7F B6 F9 | T:470318 RPD:0
[CH: 50] LEN: 12 | HEX: F1 77 7D F5 D6 73 95 EE C1 F5 BF FF | T:470329 RPD:1
[CH: 50] LEN: 12 | HEX: F1 77 BE FE FE 70 95 EF 76 7A BF F5 | T:470340 RPD:1
[CH: 50] LEN: 12 | HEX: F9 77 BA FD FD 73 95 DA C1 DD BA FF | T:470341 RPD:0
[CH: 50] LEN: 12 | HEX: F1 77 F4 EC FE 70 95 EE F6 7F AF EF | T:470352 RPD:1
[CH: 50] LEN: 12 | HEX: F9 77 DA FD FD 73 95 FE 81 E9 B5 AB | T:470352 RPD:0
[CH: 50] LEN: 12 | HEX: E9 77 FA FE FE 70 95 FD F6 7B BB 7F | T:470364 RPD:1
[CH: 50] LEN: 12 | HEX: F9 77 FD EB FE 73 95 FF 41 FD BF FF | T:470364 RPD:0
[CH: 50] LEN: 12 | HEX: F9 77 6A FD FD 73 95 DF C1 D9 BA FF | T:470375 RPD:1
[CH: 50] LEN: 12 | HEX: ED 77 BE FD FC 73 95 F7 C1 ED BB FB | T:470386 RPD:1
[CH: 50] LEN: 12 | HEX: F9 77 FA FD FE 73 95 FB A1 FD BF FF | T:470387 RPD:0
[CH: 50] LEN: 12 | HEX: F9 77 DA FD DD 73 95 DD C1 ED BF FD | T:470398 RPD:1
[CH: 50] LEN: 12 | HEX: F5 77 DC F5 FF 73 95 EB 41 D9 BB F7 | T:470398 RPD:0
[CH: 50] LEN: 12 | HEX: E9 77 F4 FE F6 70 95 FF F6 7F 7F 7F | T:470410 RPD:1
[CH: 50] LEN: 12 | HEX: F9 77 DC FD EE 73 95 DE C1 FD BF EF | T:470410 RPD:0
[CH: 50] LEN: 12 | HEX: F9 77 F4 FE FE 70 95 D4 76 6A BE EF | T:470421 RPD:1
[CH: 50] LEN: 12 | HEX: F9 77 F6 F6 EC 70 95 FD 76 7F BE FF | T:470432 RPD:1
[CH: 50] LEN: 12 | HEX: F9 77 BA EB F6 73 95 EA 81 D5 AF AF | T:470433 RPD:0
[CH: 50] LEN: 12 | HEX: F9 77 B4 FD FE 70 95 FD 76 7F 6D D7 | T:470444 RPD:1
[CH: 50] LEN: 12 | HEX: F9 77 F4 FD F6 70 95 FD 76 7B BF F6 | T:470444 RPD:0
[CH: 50] LEN: 12 | HEX: F1 77 FA F5 FE 73 95 D7 C1 F9 BE BF | T:470455 RPD:1
[CH: 50] LEN: 12 | HEX: F5 77 FA F5 EE 70 95 DE 76 6E AF F7 | T:470467 RPD:1
[CH: 50] LEN: 12 | HEX: F1 7F F4 F5 ED 73 95 DD C1 DD FB EF | T:470467 RPD:1
[CH: 50] LEN: 12 | HEX: F9 77 BB F6 FA 70 95 DD 76 7B 7D AF | T:470478 RPD:1
[CH: 50] LEN: 12 | HEX: F5 77 BA FA FE 70 95 DD 76 7E BE FF | T:470479 RPD:0
[CH: 50] LEN: 12 | HEX: F9 77 FE FB EE 73 95 F7 C1 ED BF FD | T:470490 RPD:1
[CH: 50] LEN: 12 | HEX: F9 77 FA E9 EE 73 95 EF C1 FD BF FF | T:470490 RPD:0
[CH: 50] LEN: 12 | HEX: F9 77 7E EA FE 70 95 ED F6 7F BF FE | T:470501 RPD:0
[CH: 50] LEN: 12 | HEX: F9 77 AE F6 FD 70 95 FE F6 7F FF F7 | T:470513 RPD:1
[CH: 50] LEN: 12 | HEX: F5 77 FA ED EE 73 95 EE C1 FD BF FF | T:470513 RPD:0
[CH: 50] LEN: 12 | HEX: F9 77 BC FE FF 70 95 EF 76 7F 7F FF | T:470524 RPD:1
[CH: 50] LEN: 12 | HEX: F5 77 FA FB DE 73 95 DF C1 DD B6 DB | T:470525 RPD:0
[CH: 50] LEN: 12 | HEX: F9 77 BE FE FC 70 95 EF 76 7F BE AA | T:470536 RPD:1
[CH: 50] LEN: 12 | HEX: F1 77 76 FD FD 73 95 DF C1 FB BF AF | T:470536 RPD:0
[CH: 50] LEN: 12 | HEX: E9 77 F4 F6 F6 70 95 DD F6 6E BF FF | T:470547 RPD:0
[CH: 50] LEN: 12 | HEX: F9 77 BE F6 FE 70 95 EE FE 7F B7 FE | T:470559 RPD:1
[CH: 50] LEN: 12 | HEX: F1 77 EA F5 EA 73 95 D5 41 BB BE EA | T:470559 RPD:0
[CH: 50] LEN: 12 | HEX: E9 77 FE FA FE 70 95 EF 76 7F 77 FB | T:470570 RPD:1
[CH: 50] LEN: 12 | HEX: F5 77 6A FD FD 73 95 D6 C1 ED BF 7F | T:470571 RPD:0
[CH: 50] LEN: 12 | HEX: ED 77 7E FE F6 70 95 EE F6 7D BF DF | T:470582 RPD:1
[CH: 50] LEN: 12 | HEX: F5 77 FE F5 FC 73 95 ED C1 FB B7 EF | T:470582 RPD:0
[CH: 50] LEN: 12 | HEX: F9 77 7E EE ED 70 95 DE 77 77 EE FD | T:470593 RPD:1
[CH: 50] LEN: 12 | HEX: F5 77 FA F5 EA 73 95 FD C1 FD BB F6 | T:470605 RPD:1
[CH: 50] LEN: 12 | HEX: F5 77 BE F6 F4 70 95 FD 76 7F BA FF | T:470605 RPD:0
[CH: 50] LEN: 12 | HEX: F5 77 F4 FE FE 70 95 FD 76 75 BB F7 | T:470616 RPD:1
[CH: 50] LEN: 12 | HEX: E9 77 7A F6 FE 70 95 EE 76 7B 7F EE | T:470617 RPD:0
[CH: 50] LEN: 12 | HEX: E9 77 76 E9 D6 73 95 DD C1 DD BE DE | T:470628 RPD:1
[CH: 50] LEN: 12 | HEX: E9 77 76 DD EE 70 95 DF 76 75 BD FF | T:470639 RPD:1
[CH: 50] LEN: 12 | HEX: F9 77 BC FD EE 73 95 DE C1 D5 BD D5 | T:470639 RPD:0
[CH: 50] LEN: 12 | HEX: F9 77 AE F9 FD 73 95 FE C1 FD BF FD | T:470651 RPD:1
[CH: 50] LEN: 12 | HEX: F1 77 FA F6 FA 70 95 FF 76 7B BB E9 | T:470651 RPD:0
[CH: 50] LEN: 12 | HEX: F9 77 F6 ED EE 73 95 FD C1 ED FF 7F | T:470662 RPD:1
[CH: 50] LEN: 12 | HEX: FD 77 F4 FE FD 70 95 DD 76 77 BF FD | T:470662 RPD:0
[CH: 50] LEN: 12 | HEX: FD 77 FC F5 FD 73 95 FD C1 DD B7 FF | T:470674 RPD:1
[CH: 50] LEN: 12 | HEX: F9 77 56 ED FE 73 95 EF C1 ED AF FE | T:470685 RPD:1
[CH: 50] LEN: 12 | HEX: F5 77 5C EA FC 70 95 FF 76 7F 7F BF | T:470685 RPD:0
[CH: 50] LEN: 12 | HEX: F5 77 FD FD FD 73 95 DD C1 FD BF B7 | T:470697 RPD:1
[CH: 50] LEN: 12 | HEX: F9 77 DE F5 D5 73 95 D7 C1 ED BF 7F | T:470697 RPD:0
[CH: 50] LEN: 12 | HEX: E9 77 BE FE FD 70 95 FC 76 7B 35 7F | T:470708 RPD:1
[CH: 50] LEN: 12 | HEX: E9 77 5E F5 D6 73 95 FE 81 F5 BD FF | T:470708 RPD:0
[CH: 50] LEN: 12 | HEX: E9 77 F4 FE EA 70 95 FD 7E 7B B7 FD | T:470720 RPD:1
[CH: 50] LEN: 12 | HEX: FD 77 7E F5 FD 73 95 DD 41 ED BD FD | T:470731 RPD:1
[CH: 50] LEN: 12 | HEX: F9 77 B6 F6 FE 70 95 FE F6 7F BB FF | T:470731 RPD:0
[CH: 50] LEN: 12 | HEX: F5 77 7E ED EE 73 95 EF C1 FD BF FF | T:470743 RPD:1
[CH: 50] LEN: 12 | HEX: F5 77 76 FE EE 70 95 EE 76 7D AF EF | T:470743 RPD:0
[CH: 50] LEN: 12 | HEX: E9 77 FC FF FC 73 95 DE C1 ED BF FF | T:470754 RPD:1
[CH: 50] LEN: 12 | HEX: F1 77 FA FE FD 70 95 ED 76 7A AF F7 | T:470765 RPD:1
[CH: 50] LEN: 12 | HEX: F1 77 F4 F5 F6 73 95 FE 81 FD BF FA | T:470766 RPD:0
[CH: 50] LEN: 12 | HEX: F5 77 FE FE FE 70 95 FE F6 7F FF DF | T:470777 RPD:1
[CH: 50] LEN: 12 | HEX: F9 77 F6 F6 FE 70 95 DE 76 7F 7D DF | T:470777 RPD:0
[CH: 50] LEN: 12 | HEX: F1 77 FE F5 DD 73 95 DD C1 FD BB DF | T:470789 RPD:1
[CH: 50] LEN: 12 | HEX: F9 7F 76 FC FE 70 95 DA 76 77 BF FF | T:470789 RPD:0
[CH: 50] LEN: 12 | HEX: F5 77 FA ED FD 73 95 EF C1 DB BF FF | T:470800 RPD:1
[CH: 50] LEN: 12 | HEX: F9 77 DC EE F6 70 95 FD 76 77 BF FE | T:470811 RPD:1
[CH: 50] LEN: 12 | HEX: F9 77 B6 FD F6 73 95 EF C1 DD BE F7 | T:470812 RPD:0
[CH: 50] LEN: 12 | HEX: F9 77 FD FD FF 73 95 D5 01 D5 BD 77 | T:470823 RPD:1
[CH: 50] LEN: 12 | HEX: F9 77 BE FD FD 73 95 FF C1 FD BD DF | T:470823 RPD:0
[CH: 50] LEN: 12 | HEX: E9 77 BE FE FE 70 95 DD 76 7F 7F FF | T:470835 RPD:1
[CH: 50] LEN: 12 | HEX: E9 77 BD FB FD 73 95 EA C1 DD BD FF | T:470835 RPD:0
[CH: 50] LEN: 12 | HEX: F9 77 EA EE FE 70 95 FE F6 77 BA FF | T:470846 RPD:1
[CH: 50] LEN: 12 | HEX: F5 77 AC FD ED 73 95 EE C1 FD BF FE | T:470857 RPD:1
[CH: 50] LEN: 12 | HEX: E9 77 FE F6 FE 70 95 FF 76 7F 7E FF | T:470858 RPD:1
[CH: 50] LEN: 12 | HEX: E9 77 7E E9 FD 73 95 D7 C1 DB B7 AE | T:470869 RPD:1
[CH: 50] LEN: 12 | HEX: F9 77 FC FE FE 70 95 DE F6 7B 7F FF | T:470869 RPD:1
[CH: 50] LEN: 12 | HEX: F9 77 77 00 00 71 95 ED 49 06 BD 7D | T:470892 RPD:1
[CH: 50] LEN: 12 | HEX: F9 7F F7 00 00 71 95 FB C9 06 B7 7D | T:470893 RPD:1
[CH: 50] LEN: 12 | HEX: F0 6D DF 00 F4 FE 95 EF 60 9C BF 7F | T:470923 RPD:1
[CH: 50] LEN: 12 | HEX: E9 77 FB 00 00 71 95 55 C9 06 BD 7E | T:471192 RPD:1
[CH: 50] LEN: 12 | HEX: F3 77 7F 00 00 71 95 DF C9 06 BF DF | T:471193 RPD:1
[CH: 50] LEN: 12 | HEX: E8 6D D6 80 FE FE 95 DD 60 9C B7 ED | T:471223 RPD:1
[CH: 50] LEN: 12 | HEX: F8 6D FD 00 FE FE 95 FD 60 9C BA DE | T:471223 RPD:1
[CH: 50] LEN: 12 | HEX: F9 77 FB 00 00 71 95 F6 C9 06 BD BB | T:471492 RPD:1
[CH: 50] LEN: 12 | HEX: F5 77 B7 00 00 71 95 FE C9 06 BD F7 | T:471493 RPD:1
[CH: 50] LEN: 12 | HEX: F8 6D DE 00 F6 F6 95 ED 60 9C BD FE | T:471522 RPD:1
[CH: 50] LEN: 12 | HEX: F0 6D FD 00 F6 FE 95 FE E0 9C BF F7 | T:471523 RPD:1
[CH: 50] LEN: 12 | HEX: FA 76 EB 00 8C FE 95 DA 3A 73 BF 5D | T:471797 RPD:1
[CH: 50] LEN: 12 | HEX: FA 76 FE FE 73 FD 95 EB C2 8E BD BF | T:471827 RPD:1
[CH: 50] LEN: 12 | HEX: F2 76 FE FD 70 EE 95 F6 B7 80 AB FF | T:471830 RPD:1
[CH: 50] LEN: 12 | HEX: F6 76 FE F4 71 FE 95 DD 6B 65 B7 F5 | T:471834 RPD:1
[CH: 50] LEN: 12 | HEX: F6 76 F4 F3 76 F4 95 EE DD 9C BF BD | T:471865 RPD:1
[CH: 50] LEN: 12 | HEX: F6 76 F6 EA 77 BA 95 ED 81 79 B7 FF | T:471895 RPD:1
[CH: 50] LEN: 12 | HEX: EA 76 EE F1 74 EE 95 EB F4 77 FF 5E | T:471924 RPD:1
[CH: 50] LEN: 12 | HEX: FA 76 F6 F4 75 DF 95 FA 28 92 B7 EF | T:471954 RPD:1
[CH: 50] LEN: 12 | HEX: EA 76 FC F7 7A ED 95 0A 95 85 BD FF | T:471984 RPD:1
[CH: 50] LEN: 12 | HEX: FA 76 FE F6 7B EE 95 EE 45 60 BF DE | T:472014 RPD:1
[CH: 50] LEN: 12 | HEX: F6 76 F6 F5 78 FE 95 EF 30 6E B7 FE | T:472044 RPD:0
[CH: 50] LEN: 12 | HEX: FA 76 FC F4 79 EE 95 D5 EC 8B AB EA | T:472074 RPD:1
[CH: 50] LEN: 12 | HEX: FA 76 EE F3 7E FE 95 ED DA 72 AE 9F | T:472104 RPD:1
[CH: 50] LEN: 12 | HEX: F6 76 F6 E2 7F BE 95 EF 06 97 BF EB | T:472134 RPD:1
[CH: 50] LEN: 12 | HEX: F2 76 F6 F1 76 FF 95 FD 73 99 BD FF | T:472164 RPD:1
[CH: 50] LEN: 12 | HEX: F6 76 FE E0 75 FE 95 FB AF 78 BB FF | T:472194 RPD:1
[CH: 50] LEN: 12 | HEX: FA 76 F7 EF 62 FE 95 ED 01 96 BF FF | T:472224 RPD:1
[CH: 50] LEN: 12 | HEX: EA 76 ED EE 63 DA 95 FD DD 73 BD DE | T:472254 RPD:1
[CH: 50] LEN: 12 | HEX: D2 76 EA ED 60 ED 95 DB A8 7D BF FF | T:472284 RPD:1
[CH: 50] LEN: 12 | HEX: FA 76 FC EC 61 EF 95 FE 74 98 AA B6 | T:472314 RPD:1
[CH: 50] LEN: 12 | HEX: EA 76 EF EB 66 FC 95 FF 42 61 BB 7F | T:472344 RPD:1
[CH: 50] LEN: 12 | HEX: F6 7E ED EA 67 56 95 BF 9C 84 BF FF | T:472374 RPD:1
[CH: 50] LEN: 12 | HEX: EA 7E FD E9 65 EC 95 FF EB 8A BF BB | T:472404 RPD:1
[CH: 50] LEN: 12 | HEX: EA 76 EE E5 68 FD 95 FF 2E 93 7E FF | T:472524 RPD:1
[CH: 50] LEN: 12 | HEX: FA 76 FE E4 69 FD 95 FD 73 76 BF F7 | T:472554 RPD:1
[CH: 50] LEN: 12 | HEX: EA 76 ED E3 6E ED 95 ED C5 8F 7F EF | T:472584 RPD:1
[CH: 50] LEN: 12 | HEX: F2 76 FE E2 6F EA 95 FD 19 6A AF FE | T:472614 RPD:1
[CH: 50] LEN: 12 | HEX: FA 76 FC E1 6C F6 95 FA 6C 64 AF FD | T:472644 RPD:1
[CH: 50] LEN: 12 | HEX: FA 76 DD E0 6D FD 95 FD B0 81 AF EE | T:472674 RPD:1
[CH: 50] LEN: 12 | HEX: FA 76 FE DF 52 FE 95 FB 21 91 AF 7B | T:472704 RPD:1
[CH: 50] LEN: 12 | HEX: FA 76 EE FC 73 F6 95 DD C2 8C AF FF | T:472734 RPD:1
[CH: 50] LEN: 12 | HEX: FA 76 FE FD 70 FE 95 FE 77 80 AB FB | T:472738 RPD:1
[CH: 50] LEN: 12 | HEX: FA 76 FD FA 71 FA 95 FD 6B 65 AF 77 | T:472742 RPD:1
[CH: 50] LEN: 12 | HEX: F2 76 FE F3 76 FE 95 FA 5D 9C BE DF | T:472772 RPD:1
[CH: 50] LEN: 12 | HEX: F6 76 F6 F6 77 F4 95 EF 81 71 AF BA | T:472802 RPD:1
[CH: 50] LEN: 12 | HEX: FA 76 FE F9 74 F6 95 FB F4 77 AF FD | T:472832 RPD:1
[CH: 50] LEN: 12 | HEX: FA 76 EE E7 7A FC 95 FD 19 85 BF FE | T:472892 RPD:1
[CH: 50] LEN: 12 | HEX: FA 76 FE E6 7B FA 95 FE C5 60 AB FF | T:472922 RPD:1
[CH: 50] LEN: 12 | HEX: EA 76 F6 ED 70 F6 95 DA 30 6E AB DE | T:472952 RPD:1
[CH: 50] LEN: 12 | HEX: F6 76 EE E4 79 FD 95 DD 6C 8B BF E7 | T:472982 RPD:1
[CH: 50] LEN: 12 | HEX: FA 76 FE F3 7C FA 95 ED 5A 72 AF FF | T:473012 RPD:1
[CH: 50] LEN: 12 | HEX: F2 76 FF F2 7B FE 95 ED 06 97 AF BF | T:473042 RPD:1
[CH: 50] LEN: 12 | HEX: F6 76 F6 F1 7C F6 95 EE F3 99 AF FD | T:473072 RPD:1
[CH: 50] LEN: 12 | HEX: F2 76 FC E0 75 DA 95 ED 2E 78 AF FE | T:473102 RPD:1
[CH: 50] LEN: 12 | HEX: F6 76 FA EF 62 FE 95 EF 01 96 AD EF | T:473132 RPD:1
[CH: 50] LEN: 12 | HEX: FA 76 FE EE 63 FD 95 FD 5D 73 AE BF | T:473162 RPD:1
[CH: 50] LEN: 12 | HEX: EA 76 EC ED 60 FE 95 DF A8 7D B7 CE | T:473192 RPD:1
[CH: 50] LEN: 12 | HEX: FA 76 FE EC 61 FE 95 FD F4 98 BF 7B | T:473222 RPD:1
[CH: 50] LEN: 12 | HEX: F6 76 FE EB 66 FE 95 FE C2 61 BF EF | T:473252 RPD:1
[CH: 50] LEN: 12 | HEX: FA 76 FE EA 67 BE 95 FE DE 84 BF EF | T:473282 RPD:1
[CH: 50] LEN: 12 | HEX: FA 76 F6 E9 64 FE 95 FD 6B 8A AB 9B | T:473311 RPD:1
[CH: 50] LEN: 12 | HEX: FA 7E F6 E8 65 FE 95 F7 37 6F 2F FF | T:473341 RPD:1
[CH: 50] LEN: 12 | HEX: F2 76 FE E7 6A FA 95 FE 86 78 BF B7 | T:473372 RPD:1
[CH: 50] LEN: 12 | HEX: F2 76 FA E6 6B FE 95 FF 5A 9D AE FE | T:473402 RPD:1
[CH: 50] LEN: 12 | HEX: F6 76 F6 E5 68 FE 95 EF 2F 93 EE FF | T:473432 RPD:1
[CH: 50] LEN: 12 | HEX: F2 76 FE E4 69 FE 95 FB 73 76 AF FB | T:473461 RPD:1
[CH: 50] LEN: 12 | HEX: F2 76 F6 E3 6E FE 95 F7 45 8F BF FA | T:473491 RPD:1
[CH: 50] LEN: 12 | HEX: FA 76 FA E2 6F 74 95 EA 99 6A AF DE | T:473521 RPD:1
[CH: 50] LEN: 12 | HEX: FA 76 F6 E1 6C FE 95 EE EC 64 BA F7 | T:473551 RPD:1
[CH: 50] LEN: 12 | HEX: F6 76 FE E0 6D FC 95 FE B0 81 AF FF | T:473581 RPD:1
[CH: 50] LEN: 12 | HEX: F2 76 FE DE 52 FE 95 FF 21 91 AF 77 | T:473611 RPD:1
[CH: 50] LEN: 12 | HEX: FA 76 F6 FE 73 FE 95 FF 42 8E AF FB | T:473641 RPD:1
[CH: 50] LEN: 12 | HEX: F2 76 F6 FB 70 F6 95 ED B7 80 AF 6A | T:473645 RPD:1
[CH: 50] LEN: 12 | HEX: FA 76 FA FC 71 F6 95 F6 EB 65 AE EF | T:473649 RPD:1
[CH: 50] LEN: 12 | HEX: FA 76 FE FB 76 FA 95 FF 5D 9C BF FB | T:473679 RPD:1
[CH: 50] LEN: 12 | HEX: F2 76 FA F2 7F BD 95 EE 81 79 AF EF | T:473709 RPD:1
[CH: 50] LEN: 12 | HEX: F2 76 FE F9 74 FE 95 FE F4 77 BF F5 | T:473739 RPD:1
[CH: 50] LEN: 12 | HEX: F2 76 FE F0 75 D6 95 F6 A8 92 BF FF | T:473769 RPD:1
[CH: 50] LEN: 12 | HEX: FA 76 FE F7 7A FE 95 FD 19 85 AD FB | T:473799 RPD:1
[CH: 50] LEN: 12 | HEX: FA 76 FA F6 73 FD 95 FD 45 60 B7 DF | T:473829 RPD:1
[CH: 50] LEN: 12 | HEX: FA 76 FE F5 78 FD 95 FE B0 6E AD FF | T:473859 RPD:1
[CH: 50] LEN: 12 | HEX: FA 76 F6 F4 79 EE 95 FE EC 8B BF EF | T:473889 RPD:1
[CH: 50] LEN: 12 | HEX: F2 76 F4 F3 7E FE 95 FF 1A 72 BF EE | T:473919 RPD:1
[CH: 50] LEN: 12 | HEX: F2 76 F6 F2 7F AA 95 D5 06 97 3B FA | T:473949 RPD:1
[CH: 50] LEN: 12 | HEX: FA 76 FE F1 74 F6 95 FE F3 99 AF FF | T:473979 RPD:1
[CH: 50] LEN: 12 | HEX: F2 7E FE F0 7D EE 95 FE AE 78 BF FF | T:474009 RPD:1
[CH: 50] LEN: 12 | HEX: F2 76 F5 EF 62 FE 95 F6 01 96 AB F6 | T:474039 RPD:1
[CH: 50] LEN: 12 | HEX: F2 76 F4 EE 63 DE 95 FE 9D 73 BF FF | T:474069 RPD:1
[CH: 50] LEN: 12 | HEX: F2 76 FE ED 60 FE 95 FF A8 7D AF FF | T:474099 RPD:1
