# TM102 live session port=/dev/cu.usbserial-0001 started=20260826-134629
1
1497724 RPD:1
1497724 RPD:1
1497724 RPD:1
1497724 RPD:1
1497724 RPD:1
1497724 RPD:1
1497724 RPD:1
1497724 RPD:1
1497724 RPD:1
1497724 RPD:1
1497724 RPD:1
1497724 RPD:1
1497724 RPD:1
1497724 RPD:1
1497724 RPD:1
1497724 RPD:1
1497724 RPD:1
1497724 RPD:1
1497724 RPD:1
1497724 RPD:1
1497724 RPD:1
1497724 RPD:1
1497724 RPD:1
1497724 RPD:1
1497724 RPD:1
1497724 RPD:1
1497724 RPD:1
1497724 RPD:1
1497724 RPD:1
1497724 RPD:1
1497724 RPD:1
1497724 RPD:1
1497724 RPD:1
1497724 RPD:1
1497724 RPD:1
1497724 RPD:1
1497724 RPD:1
1497724 RPD:1
1497724 RPD:1
1497724 RPD:1
1497724 RPD:1
1497724 RPD:1
1497724 RPD:1
1497724 RPD:1
1497724 RPD:1
1497724 RPD:1
1497724 RPD:1
1497724 RPD:1
1497724 RPD:1
1497724 RPD:1
1497724 RPD:1
1497724 RPD:1
1497724 RPD:1
1497724 RPD:1
1497724 RPD:1
1497724 RPD:1
1497724 RPD:1
1497724 RPD:1
1497724 RPD:1
1497724 RPD:1
1497724 RPD:1
1497724 RPD:1
1497724 RPD:1
1497724 RPD:1
1497724 RPD:1
1497724 RPD:1
1497724 RPD:1
1497724 RPD:1
1497724 RPD:1
1497724 RPD:1
1497724 RPD:1
1497724 RPD:1
1497724 RPD:1
1497724 RPD:1
1497724 RPD:1
1497724 RPD:1
1497724 RPD:1
1497724 RPD:1
1497724 RPD:1
1497724 RPD:1
1497724 RPD:1
1497724 RPD:1
1497724 RPD:1
1497724 RPD:1
1497724 RPD:1
1497724 RPD:1
1497724 RPD:1
1497724 RPD:1
1497724 RPD:1
1497724 RPD:1
1497724 RPD:1
1497724 RPD:1
1497724 RPD:1
1497724 RPD:1
1497724 RPD:1
1497724 RPD:1
1497724 RPD:1
1497724 RPD:1
1497724 RPD:1
1497724 RPD:1
1497724 RPD:1
1497724 RPD:1
1497724 RPD:1
1497724 RPD:1
1497724 RPD:1
1497724 RPD:1
1497724 RPD:1
1497724 RPD:1
1497724 RPD:1
1497724 RPD:1
1497724 RPD:1
1497724 RPD:1
1497724 RPD:1
1497724 RPD:1
1497724 RPD:1
1497724 RPD:1
1497724 RPD:1
1497724 RPD:1
1497724 RPD:1
1497724 RPD:1
1497724 RPD:1
1497724 RPD:1
1497724 RPD:1
1497724 RPD:1
1497724 RPD:1
1497724 RPD:1
1497724 RPD:1
1497724 RPD:1
1497724 RPD:1
1497724 RPD:1
1497724 RPD:1
1497724 RPD:1
1497724 RPD:1
1497724 RPD:1
1497724 RPD:1
1497724 RPD:1
1497724 RPD:1
1497724 RPD:1
1497724 RPD:1
1497724 RPD:1
1497724 RPD:1
1497724 RPD:1
1497724 RPD:1
1497724 RPD:1
1497724 RPD:1
1497724 RPD:1
1497724 RPD:1
1497724 RPD:1
1497724 RPD:1
1497724 RPD:1
1497724 RPD:1
1497724 RPD:1
1497724 RPD:1
1497724 RPD:1
1497724 RPD:1
1497724 RPD:1
1497724 RPD:1
1497724 RPD:1
1497724 RPD:1
1497724 RPD:1
1497724 RPD:1
1497724 RPD:1
1497724 RPD:1
1497724 RPD:1
1497724 RPD:1
1497724 RPD:1
1497724 RPD:1
1497724 RPD:1
1497724 RPD:1
1497724 RPD:1
1497724 RPD:1
1497724 RPD:1
1497724 RPD:1
1497724 RPD:1
1497724 RPD:1
1497724 RPD:1
1497724 RPD:1
1497724 RPD:1
1497724 RPD:1
1497724 RPD:1
1497724 RPD:1
1497724 RPD:1
1497724 RPD:1
1497724 RPD:1
1497724 RPD:1
1497724 RPD:1
1497724 RPD:1
1497724 RPD:1
1497724 RPD:1
1497724 RPD:1
1497724 RPD:1
1497724 RPD:1
1497724 RPD:1
1497724 RPD:1
1497724 RPD:1
1497724 RPD:1
1497724 RPD:1
1497724 RPD:1
1497724 RPD:1
1497724 RPD:1
1497724 RPD:1
1497724 RPD:1
1497724 RPD:1
1497724 RPD:1
1497724 RPD:1
1497724 RPD:1
1497724 RPD:1
1497724 RPD:1
1497724 RPD:1
1497724 RPD:1
1497724 RPD:1
1497724 RPD:1
1497724 RPD:1
1497724 RPD:1
1497724 RPD:1
1497724 RPD:1
1497724 RPD:1
1497724 RPD:1
1497724 RPD:1
1497724 RPD:1
1497724 RPD:1
1497724 RPD:1
1497724 RPD:1
1497724 RPD:1
1497724 RPD:1
1497724 RPD:1
1497724 RPD:1
1497724 RPD:1
1497724 RPD:1
1497724 RPD:1
1497724 RPD:1
1497724 RPD:1
1497724 RPD:1
1497724 RPD:1
1497724 RPD:1
1497724 RPD:1
1497724 RPD:1
1497724 RPD:1
1497724 RPD:1
1497724 RPD:1
1497724 RPD:1
1497724 RPD:1
1497724 RPD:1
1497724 RPD:1
1497724 RPD:1
1497724 RPD:1
1497724 RPD:1
1497724 RPD:1
1497724 RPD:1
1497724 RPD:1
1497724 RPD:1
1497724 RPD:1
1497724 RPD:1
1497724 RPD:1
1497724 RPD:1
1497724 RPD:1
1497724 RPD:1
1497724 RPD:1
1497724 RPD:1
1497724 RPD:1
1497724 RPD:1
1497724 RPD:1
1497724 RPD:1
1497724 RPD:1
1497724 RPD:1
1497724 RPD:1
1497724 RPD:1
1497724 RPD:1
1497724 RPD:1
1497724 RPD:1
1497724 RPD:1
1497724 RPD:1
1497724 RPD:1
1497724 RPD:1
1497724 RPD:1
1497724 RPD:1
1497724 RPD:1
1497724 RPD:1
1497724 RPD:1
1497724 RPD:1
1497724 RPD:1
1497724 RPD:1
1497724 RPD:1
1497724 RPD:1
1497724 RPD:1
1497724 RPD:1
1497724 RPD:1
1497724 RPD:1
1497724 RPD:1
1497724 RPD:1
1497724 RPD:1
1497724 RPD:1
1497724 RPD:1
1497724 RPD:1
1497724 RPD:1
1497724 RPD:1
1497724 RPD:1
1497724 RPD:1
1497724 RPD:1
1497724 RPD:1
1497724 RPD:1
1497724 RPD:1
1497724 RPD:1
1497724 RPD:1
1497724 RPD:1
1497724 RPD:1
1497724 RPD:1
1497724 RPD:1
1497724 RPD:1
1497724 RPD:1
1497724 RPD:1
1497724 RPD:1
1497724 RPD:1
1497724 RPD:1
1497724 RPD:1
1497724 RPD:1
1497724 RPD:1
1497724 RPD:1
1497724 RPD:1
1497724 RPD:1
1497724 RPD:1
1497724 RPD:1
1497724 RPD:1
1497724 RPD:1
1497724 RPD:1
1497724 RPD:1
1497724 RPD:1
1497724 RPD:1
1497724 RPD:1
1497724 RPD:1
1497724 RPD:1
1497724 RPD:1
1497724 RPD:1
1497724 RPD:1
1497724 RPD:1
1497724 RPD:1
1497724 RPD:1
1497724 RPD:1
1497724 RPD:1
1497724 RPD:1
1497724 RPD:1
1497724 RPD:1
1497724 RPD:1
1497724 RPD:1
1497724 RPD:1
1497724 RPD:1
1497724 RPD:1
1497724 RPD:1
1497724 RPD:1
1497724 RPD:1
1497724 RPD:1
1497724 RPD:1
1497724 RPD:1
1497724 RPD:1
1497724 RPD:1
1497724 RPD:1
1497724 RPD:1
1497724 RPD:1
1497724 RPD:1
1497724 RPD:1
1497724 RPD:1
1497724 RPD:1
1497724 RPD:1
1497724 RPD:1
1497724 RPD:1
1497724 RPD:1
1497724 RPD:1
1497724 RPD:1
1497724 RPD:1
1497724 RPD:1
1497724 RPD:1
1497724 RPD:1
1497724 RPD:1
1497724 RPD:1
1497724 RPD:1
1497724 RPD:1
1497724 RPD:1
1497724 RPD:1
1497724 RPD:1
1497724 RPD:1
1497724 RPD:1
1497724 RPD:1
1497724 RPD:1
1497724 RPD:1
1497724 RPD:1
1497724 RPD:1
1497724 RPD:1
1497724 RPD:1
1497724 RPD:1
1497724 RPD:1
1497724 RPD:1
1497724 RPD:1
1497724 RPD:1
1497724 RPD:1
1497724 RPD:1
1497724 RPD:1
1497724 RPD:1
1497724 RPD:1
1497724 RPD:1
1497724 RPD:1
1497724 RPD:1
1497724 RPD:1
1497724 RPD:1
1497724 RPD:1
1497724 RPD:1
1497724 RPD:1
1497724 RPD:1
1497724 RPD:1
1497724 RPD:1
1497724 RPD:1
1497724 RPD:1
1497724 RPD:1
1497724 RPD:1
1497724 RPD:1
1497724 RPD:1
1497724 RPD:1
1497724 RPD:1
1497724 RPD:1
1497724 RPD:1
1497724 RPD:1
1497724 RPD:1
1497724 RPD:1
1497724 RPD:1
1497724 RPD:1
1497724 RPD:1
1497724 RPD:1
1497724 RPD:1
1497724 RPD:1
1497724 RPD:1
1497724 RPD:1
1497724 RPD:1
1497724 RPD:1
1497724 RPD:1
1497724 RPD:1
1497724 RPD:1
1497724 RPD:1
1497724 RPD:1
1497724 RPD:1
1497724 RPD:1
1497724 RPD:1
1497724 RPD:1
1497724 RPD:1
1497724 RPD:1
1497724 RPD:1
1497724 RPD:1
1497724 RPD:1
1497724 RPD:1
1497724 RPD:1
1497724 RPD:1
1497724 RPD:1
1497724 RPD:1
1497724 RPD:1
1497724 RPD:1
1497724 RPD:1
1497724 RPD:1
1497724 RPD:1
1497724 RPD:1
1497724 RPD:1
1497724 RPD:1
1497724 RPD:1
1497724 RPD:1
1497724 RPD:1
1497724 RPD:1
1497724 RPD:1
1497724 RPD:1
1497724 RPD:1
1497724 RPD:1
1497724 RPD:1
1497724 RPD:1
1497724 RPD:1
1497724 RPD:1
1497724 RPD:1
1497724 RPD:1
1497724 RPD:1
1497724 RPD:1
1497724 RPD:1
1497724 RPD:1
1497724 RPD:1
1497724 RPD:1
1497724 RPD:1
1497724 RPD:1
1497724 RPD:1
1497724 RPD:1
1497724 RPD:1
1497724 RPD:1
1497724 RPD:1
1497724 RPD:1
1497724 RPD:1
1497724 RPD:1
1497724 RPD:1
1497724 RPD:1
1497724 RPD:1
1497724 RPD:1
1497724 RPD:1
1497724 RPD:1
1497724 RPD:1
1497724 RPD:1
1497724 RPD:1
1497724 RPD:1
1497724 RPD:1
1497724 RPD:1
1497724 RPD:1
1497724 RPD:1
1497724 RPD:1
1497724 RPD:1
1497724 RPD:1
1497724 RPD:1
1497724 RPD:1
1497724 RPD:1
1497724 RPD:1
1497724 RPD:1
1497724 RPD:1
1497724 RPD:1
1497724 RPD:1
1497724 RPD:1
1497724 RPD:1
1497724 RPD:1
1497724 RPD:1
1497724 RPD:1
1497724 RPD:1
1497724 RPD:1
1497724 RPD:1
1497724 RPD:1
1497724 RPD:1
1497724 RPD:1
1497724 RPD:1
1497724 RPD:1
1497724 RPD:1
1497724 RPD:1
1497724 RPD:1
1497724 RPD:1
1497724 RPD:1
1497724 RPD:1
1497724 RPD:1
1497724 RPD:1
1497724 RPD:1
1497724 RPD:1
1497724 RPD:1
1497724 RPD:1
1497724 RPD:1
1497724 RPD:1
1497724 RPD:1
1497724 RPD:1
1497724 RPD:1
1497724 RPD:1
1497724 RPD:1
1497724 RPD:1
1497724 RPD:1
1497724 RPD:1
1497724 RPD:1
1497724 RPD:1
1497724 RPD:1
1497724 RPD:1
1497724 RPD:1
1497724 RPD:1
1497724 RPD:1
1497724 RPD:1
1497724 RPD:1
1497724 RPD:1
1497724 RPD:1
1497724 RPD:1
1497724 RPD:1
1497724 RPD:1
1497724 RPD:1
1497724 RPD:1
1497724 RPD:1
1497724 RPD:1
1497724 RPD:1
1497724 RPD:1
1497724 RPD:1
1497724 RPD:1
1497724 RPD:1
1497724 RPD:1
1497724 RPD:1
1497724 RPD:1
1497724 RPD:1
1497724 RPD:1
1497724 RPD:1
1497724 RPD:1
1497724 RPD:1
1497724 RPD:1
1497724 RPD:1
1497724 RPD:1
1497724 RPD:1
1497724 RPD:1
1497724 RPD:1
1497724 RPD:1
1497724 RPD:1
1497724 RPD:1
1497724 RPD:1
1497724 RPD:1
1497724 RPD:1
1497724 RPD:1
1497724 RPD:1
1497724 RPD:1
1497724 RPD:1
1497724 RPD:1
1497724 RPD:1
1497724 RPD:1
1497724 RPD:1
1497724 RPD:1
1497724 RPD:1
1497724 RPD:1
1497724 RPD:1
1497724 RPD:1
1497724 RPD:1
1497724 RPD:1
1497724 RPD:1
1497724 RPD:1
1497724 RPD:1
1497724 RPD:1
1497724 RPD:1
1497724 RPD:1
1497724 RPD:1
1497724 RPD:1
1497724 RPD:1
1497724 RPD:1
1497724 RPD:1
1497724 RPD:1
1497724 RPD:1
1497724 RPD:1
1497724 RPD:1
1497724 RPD:1
1497724 RPD:1
1497724 RPD:1
1497724 RPD:1
1497724 RPD:1
1497724 RPD:1
1497724 RPD:1
1497724 RPD:1
1497724 RPD:1
1497724 RPD:1
1497724 RPD:1
1497724 RPD:1
1497724 RPD:1
1497724 RPD:1
1497724 RPD:1
1497724 RPD:1
1497724 RPD:1
1497724 RPD:1
1497724 RPD:1
1497724 RPD:1
1497724 RPD:1
1497724 RPD:1
1497724 RPD:1
1497724 RPD:1
1497724 RPD:1
1497724 RPD:1
1497724 RPD:1
1497724 RPD:1
1497724 RPD:1
1497724 RPD:1
1497724 RPD:1
1497724 RPD:1
1497724 RPD:1
1497724 RPD:1
1497724 RPD:1
1497724 RPD:1
1497724 RPD:1
1497724 RPD:1
1497724 RPD:1
1497724 RPD:1
1497724 RPD:1
1497724 RPD:1
1497724 RPD:1
1497724 RPD:1
1497724 RPD:1
1497724 RPD:1
1497724 RPD:1
1497724 RPD:1
1497724 RPD:1
1497724 RPD:1
1497724 RPD:1
1497724 RPD:1
1497724 RPD:1
1497724 RPD:1
1497724 RPD:1
1497724 RPD:1
1497724 RPD:1
1497724 RPD:1
1497724 RPD:1
1497724 RPD:1
1497724 RPD:1
1497724 RPD:1
1497724 RPD:1
1497724 RPD:1
1497724 RPD:1
1497724 RPD:1
1497724 RPD:1
1497724 RPD:1
1497724 RPD:1
1497724 RPD:1
1497724 RPD:1
1497724 RPD:1
1497724 RPD:1
1497724 RPD:1
1497724 RPD:1
1497724 RPD:1
1497724 RPD:1
1497724 RPD:1
1497724 RPD:1
1497724 RPD:1
1497724 RPD:1
1497724 RPD:1
1497724 RPD:1
1497724 RPD:1
1497724 RPD:1
1497724 RPD:1
1497724 RPD:1
1497724 RPD:1
1497724 RPD:1
1497724 RPD:1
1497724 RPD:1
1497724 RPD:1
1497724 RPD:1
1497724 RPD:1
1497724 RPD:1
1497724 RPD:1
1497724 RPD:1
1497724 RPD:1
1497724 RPD:1
1497724 RPD:1
1497724 RPD:1
1497724 RPD:1
1497724 RPD:1
1497724 RPD:1
1497724 RPD:1
1497724 RPD:1
1497724 RPD:1
1497724 RPD:1
1497724 RPD:1
1497724 RPD:1
1497724 RPD:1
1497724 RPD:1
1497724 RPD:1
1497724 RPD:1
1497724 RPD:1
1497724 RPD:1
1497724 RPD:1
1497724 RPD:1
1497724 RPD:1
1497724 RPD:1
1497724 RPD:1
1497724 RPD:1
1497724 RPD:1
1497724 RPD:1
1497724 RPD:1
1497724 RPD:1
1497724 RPD:1
1497724 RPD:1
1497724 RPD:1
1497724 RPD:1
1497724 RPD:1
1497724 RPD:1
1497724 RPD:1
1497724 RPD:1
1497724 RPD:1
1497724 RPD:1
1497724 RPD:1
1497724 RPD:1
1497724 RPD:1
1497724 RPD:1
1497724 RPD:1
1497724 RPD:1
1497724 RPD:1
1497724 RPD:1
1497724 RPD:1
1497724 RPD:1
1497724 RPD:1
1497724 RPD:1
1497724 RPD:1
1497724 RPD:1
1497724 RPD:1
1497724 RPD:1
1497724 RPD:1
1497724 RPD:1
1497724 RPD:1
1497724 RPD:1
1497724 RPD:1
1497724 RPD:1
1497724 RPD:1
1497724 RPD:1
1497724 RPD:1
1497724 RPD:1
1497724 RPD:1
1497724 RPD:1
1497724 RPD:1
1497724 RPD:1
1497724 RPD:1
1497724 RPD:1
1497724 RPD:1
1497724 RPD:1
1497724 RPD:1
1497724 RPD:1
1497724 RPD:1
1497724 RPD:1
1497724 RPD:1
1497724 RPD:1
1497724 RPD:1
1497724 RPD:1
1497724 RPD:1
1497724 RPD:1
1497724 RPD:1
1497724 RPD:1
1497724 RPD:1
1497724 RPD:1
1497724 RPD:1
1497724 RPD:1
1497724 RPD:1
1497724 RPD:1
1497724 RPD:1
1497724 RPD:1
1497724 RPD:1
1497724 RPD:1
1497724 RPD:1
1497724 RPD:1
1497724 RPD:1
1497724 RPD:1
1497724 RPD:1
1497724 RPD:1
1497724 RPD:1
1497724 RPD:1
1497724 RPD:1
1497724 RPD:1
1497724 RPD:1
1497724 RPD:1
1497724 RPD:1
1497724 RPD:1
1497724 RPD:1
1497724 RPD:1
1497724 RPD:1
1497724 RPD:1
1497724 RPD:1
1497724 RPD:1
1497724 RPD:1
1497724 RPD:1
1497724 RPD:1
1497724 RPD:1
1497724 RPD:1
1497724 RPD:1
1497724 RPD:1
1497724 RPD:1
1497724 RPD:1
1497724 RPD:1
1497724 RPD:1
1497724 RPD:1
1497724 RPD:1
1497724 RPD:1
1497724 RPD:1
1497724 RPD:1
1497724 RPD:1
1497724 RPD:1
1497724 RPD:1
1497724 RPD:1
1497724 RPD:1
1497724 RPD:1
1497724 RPD:1
1497724 RPD:1
1497724 RPD:1
1497724 RPD:1
1497724 RPD:1
1497724 RPD:1
1497724 RPD:1
1497724 RPD:1
1497724 RPD:1
1497724 RPD:1
1497724 RPD:1
1497724 RPD:1
1497724 RPD:1
1497724 RPD:1
1497724 RPD:1
1497724 RPD:1
1497724 RPD:1
1497724 RPD:1
1497724 RPD:1
1497724 RPD:1
1497724 RPD:1
1497724 RPD:1
1497724 RPD:1
1497724 RPD:1
1497724 RPD:1
1497724 RPD:1
1497724 RPD:1
1497724 RPD:1
1497724 RPD:1
1497724 RPD:1
1497724 RPD:1
1497724 RPD:1
1497724 RPD:1
1497724 RPD:1
1497724 RPD:1
1497724 RPD:1
1497724 RPD:1
1497724 RPD:1
1497724 RPD:1
1497724 RPD:1
1497724 RPD:1
1497724 RPD:1
1497724 RPD:1
1497724 RPD:1
1497724 RPD:1
1497724 RPD:1
1497724 RPD:1
1497724 RPD:1
1497724 RPD:1
1497724 RPD:1
1497724 RPD:1
1497724 RPD:1
1497724 RPD:1
1497724 RPD:1
1497724 RPD:1
1497724 RPD:1
1497724 RPD:1
1497724 RPD:1
1497724 RPD:1
1497724 RPD:1
1497724 RPD:1
1497724 RPD:1
1497724 RPD:1
1497724 RPD:1
1497724 RPD:1
1497724 RPD:1
1497724 RPD:1
1497724 RPD:1
1497724 RPD:1
1497724 RPD:1
1497724 RPD:1
1497724 RPD:1
1497724 RPD:1
1497724 RPD:1
1497724 RPD:1
1497724 RPD:1
1497724 RPD:1
1497724 RPD:1
1497724 RPD:1
1497724 RPD:1
1497724 RPD:1
1497724 RPD:1
1497724 RPD:1
1497724 RPD:1
1497724 RPD:1
1497724 RPD:1
1497724 RPD:1
1497724 RPD:1
1497724 RPD:1
1497724 RPD:1
1497724 RPD:1
1497724 RPD:1
1497724 RPD:1
1497724 RPD:1
1497724 RPD:1
1497724 RPD:1
1497724 RPD:1
1497724 RPD:1
1497724 RPD:1
1497724 RPD:1
1497724 RPD:1
1497724 RPD:1
1497724 RPD:1
1497724 RPD:1
1497724 RPD:1
1497724 RPD:1
1497724 RPD:1
1497724 RPD:1
1497724 RPD:1
1497724 RPD:1
1497724 RPD:1
1497724 RPD:1
1497724 RPD:1
1497724 RPD:1
1497724 RPD:1
1497724 RPD:1
1497724 RPD:1
1497724 RPD:1
1497724 RPD:1
1497724 RPD:1
1497724 RPD:1
1497724 RPD:1
1497724 RPD:1
1497724 RPD:1
1497724 RPD:1
1497724 RPD:1
1497724 RPD:1
1497724 RPD:1
1497724 RPD:1
1497724 RPD:1
1497724 RPD:1
1497724 RPD:1
1497724 RPD:1
1497724 RPD:1
1497724 RPD:1
1497724 RPD:1
1497724 RPD:1
1497724 RPD:1
1497724 RPD:1
1497724 RPD:1
1497724 RPD:1
1497724 RPD:1
1497724 RPD:1
1497724 RPD:1
1497724 RPD:1
1497724 RPD:1
1497724 RPD:1
1497724 RPD:1
1497724 RPD:1
1497724 RPD:1
1497724 RPD:1
1497724 RPD:1
1497724 RPD:1
1497724 RPD:1
1497724 RPD:1
1497724 RPD:1
1497724 RPD:1
1497724 RPD:1
1497724 RPD:1
1497724 RPD:1
1497724 RPD:1
1497724 RPD:1
1497724 RPD:1
1497724 RPD:1
1497724 RPD:1
1497724 RPD:1
1497724 RPD:1
1497724 RPD:1
1497724 RPD:1
1497724 RPD:1
1497724 RPD:1
1497724 RPD:1
1497724 RPD:1
1497724 RPD:1
1497724 RPD:1
1497724 RPD:1
1497724 RPD:1
1497724 RPD:1
1497724 RPD:1
1497724 RPD:1
1497724 RPD:1
1497724 RPD:1
1497724 RPD:1
1497724 RPD:1
1497724 RPD:1
1497724 RPD:1
1497724 RPD:1
1497724 RPD:1
1497724 RPD:1
1497724 RPD:1
1497724 RPD:1
1497724 RPD:1
1497724 RPD:1
1497724 RPD:1
1497724 RPD:1
1497724 RPD:1
1497724 RPD:1
1497724 RPD:1
1497724 RPD:1
1497724 RPD:1
1497724 RPD:1
1497724 RPD:1
1497724 RPD:1
1497724 RPD:1
1497724 RPD:1
1497724 RPD:1
1497724 RPD:1
1497724 RPD:1
1497724 RPD:1
1497724 RPD:1
1497724 RPD:1
1497724 RPD:1
1497724 RPD:1
1497724 RPD:1
1497724 RPD:1
1497724 RPD:1
1497724 RPD:1
1497724 RPD:1
1497724 RPD:1
1497724 RPD:1
1497724 RPD:1
1497724 RPD:1
1497724 RPD:1
1497724 RPD:1
1497724 RPD:1
1497724 RPD:1
1497724 RPD:1
1497724 RPD:1
1497724 RPD:1
1497724 RPD:1
1497724 RPD:1
1497724 RPD:1
1497724 RPD:1
1497724 RPD:1
1497724 RPD:1
1497724 RPD:1
1497724 RPD:1
1497724 RPD:1
1497724 RPD:1
1497724 RPD:1
1497724 RPD:1
1497724 RPD:1
1497724 RPD:1
1497724 RPD:1
1497724 RPD:1
1497724 RPD:1
1497724 RPD:1
1497724 RPD:1
1497724 RPD:1
1497724 RPD:1
1497724 RPD:1
1497724 RPD:1
1497724 RPD:1
1497724 RPD:1
1497724 RPD:1
1497724 RPD:1
1497724 RPD:1
1497724 RPD:1
1497724 RPD:1
1497724 RPD:1
1497724 RPD:1
1497724 RPD:1
1497724 RPD:1
1497724 RPD:1
1497724 RPD:1
1497724 RPD:1
1497724 RPD:1
1497724 RPD:1
1497724 RPD:1
1497724 RPD:1
1497724 RPD:1
1497724 RPD:1
1497724 RPD:1
1497724 RPD:1
1497724 RPD:1
1497724 RPD:1
1497724 RPD:1
1497724 RPD:1
1497724 RPD:1
1497724 RPD:1
1497724 RPD:1
1497724 RPD:1
1497724 RPD:1
1497724 RPD:1
1497724 RPD:1
1497724 RPD:1
1497724 RPD:1
1497724 RPD:1
1497724 RPD:1
1497724 RPD:1
1497724 RPD:1
1497724 RPD:1
1497724 RPD:1
1497724 RPD:1
1497724 RPD:1
1497724 RPD:1
1497724 RPD:1
1497724 RPD:1
1497724 RPD:1
1497724 RPD:1
1497724 RPD:1
1497724 RPD:1
1497724 RPD:1
1497724 RPD:1
1497724 RPD:1
1497724 RPD:1
1497724 RPD:1
1497724 RPD:1
1497724 RPD:1
1497724 RPD:1
ress bits in hardware.
Byte 0 is payload p0. Press x to stop.































































































































































































































































































































































































































































































































































































































































































































































































































































































































































































































































































































































































































































































































































































































































































































































































































































































































































































































































































































































































































































































































































































































































































































































































































































































































































































































































































































































































































































































































































































































































































































































































































































































































































































































































































































































































































































































































































































































































































































































































































































































































































































































































































































































































































































































































































































































































































































































































































































































































































































































































































































































































































































































































































































































































































































































































































































































































































































































































































































































































































































































































































































































































































































































































































































































































































































































































































































































































































































































































































































































































































































































































































































































































































































































































































































































































































































































































































































































































































































































































































































































































































































































































































































































































































































































































































































































































































































































































































































































































































































































































































































































































































































































































































































































































































































































































































































































































































































































































































































































































































































































































































































































































































































































































































































































































































































































































































































































































































































































































































































































































































































































































































































































































































































































































































































































































































































































































































































































































































































































































































































































































































































































































































































































































































































































































































































































































































































































































































































































































































































































































































































































































































































































































































































































































































































































































































































































































































































































































































































































































































































































































































































































































































































































































































































































































































































































































































































































































































































































































































































































































































































































































































































































































































































































































































































































































































































































































































































































































































































































































































































































































































































































































































































































































































































































































































































































































































































































































































































































































































































































































































































































































































































































































































































































































































































































































































































































































































































































































































































































































































































































































































































































































































































































































































































































































































































































































































































































































































































































































































































































































































































































































































































































































































































































































































































































































































































































































































































































































































































































































































































































































































































































































































































































































































































































































































































































































































































































































































































































































































































































































































































































































































































































































































































































































































































































































































































































































































































































































































































































































































































































































































































































































































































































































































































































































































































































































































































































































































































































































































































































































































































































































































































































































































































































































































































































































































































































































































































































































































































































































































































































































































































































































































































































































































































































































































































































































































































































































































































































































































































































































































































































































































































































































































































































































































































































































































































































































































































































































































































































































































































































































































































































































































































































































































































































































































































































































































































































































































































































































































































































































































































































































































































































































































































































































































































































































































































































































































































































































































































































































































































































































































































































































































































































































































































































































































































































































































































































































































































































































































































































































































































































































































































































































































































































































































































































































































































































































































































































































































































































































































































































































































































































































































































































































































































































































































































































































































































































































































































































































































































































































































































































































































































































































































































































































































































































































































































































































































































































































































































































































































































































































































































































































































































































































































































































































































































































































































































































































































































































































































































































































































































































































































































































































































































































































































































































































































































































































































































































































































































































































































































































































































































































































































































































































































































































































































































































































































































































































































































































































































































































































































































































































































































































































































































































































































































































































































































































































































































































































































































































































































































































































































































































































































































































































































































































































































































































































































































































































































































































































































































































































































































































































































































































































































































































































































































































































































































































































































































































































































































































































































































































































































































































































































































































































































































































































































































































































































































































































































































































































































































































































































































































































































































































































































































































































































































































































































































































































































































































































































































































































































































































































































































































































































































































































































































































































































































































































































































































































































































































































































































































































































































































































































































































































































































































































































































































































































































































































































































































































































































































































































































































































































































































































































































































































































































































































































































































































































































































































































































































































































































































































































































































































































































































































































































































































































































































































































































































































































































































































































































































































































































































































































































































































































































































































































































































































































































































































































































































































































































































































































































































































































































































































































































































































































































































































































































































































































































































































































































































































































































































































































































































































































































































































































































































































































































































































































































































































































































































































































































































































































































































































































































































































































































































































































































































































































































































































































































































































































































































































































































































































































































































































































































































































































































































































































































































































































































































































































































































































































































































































































































































































































































































































































































































































































































































































































































































































































































































































































































































































































































































































































































































































































































































































































































































































































































































































































































































































































































































































































































































































































































































































































































































































































































































































































































































































































































































































































































































































































































































































































































































































































































































































































































































































































































































































































































































































































































































































































































































































































































































































































































































































































































































































































































































































































































































































































































































































































































































































































































































































































































































































































































































































































































































































































































































































































































































































































































































































































































































































































































































































































































































































































































































































































































































































































































































































































































































































































































































































































































































































































































































































































































































































































































































































































































































































































































































































































































































































































































































































































































































































































































































































































































































































































































































































































































































































































































































































































































































































































































































































































































































































































































































































































































































































































































































































































































































































































































































































































































































































































































































































































































































































































































































































































































































































































































































































































































































































































































































































































































































































































































































































































































































































































































































































































































































































































































































































































































































































































































































































































































































































































































































































































































































































































































































































































































































































































































































































































































































































































































































































































































































































































































































































































































































































































































































































































































































































































































































































































































































































































































































































































































































































































































































































































































































































































































































































































































































































































































































































































































































































































































































































































































































































































































































































































































































































































































































































































































































































































































































































































































































































































































































































































































































































































































































































































































































































































































































































































































































































































































































































































































































































































































































































































































































































































































































































































































































































































































































































































































































































































































































































































































































































































































































































































































































































































































































































































































































































































































































































































































































































































































































































































































































































































































































































































































































































































































































































































































































































































































































































































































































































































































































































































































































































































































































































































































































































































































































































































































































































































































































































































































































































































































































































































































































































































































































































































































































































































































































































































































































































































































































































































































































































































































































































































































































































































































































































































































































































































































































































































































































































































































































































































































































































































































































































































































































































































































































































































































































































































































































































































































































































































































































































































































































































































































































































































































































































































































































































































































































































































































































































































































































































































































































































































































































































































































































































































































































































































































































































































































































































































































































































































































































































































































































































































































































































































































































































































































































































































































































































































































































































































































































































































































































































































































































































































































































































































































































































































































































































































































































































































































































































































































































































































































































































































































































































































































































































































































































































































































































































































































































































































































































































































































































































































































































































































































































































































































[CH: 50] LEN: 12 | HEX: F2 76 FE FD 70 FD 96 FF BB 83 F7 BD | T:1600790 RPD:1
[CH: 50] LEN: 12 | HEX: FA 76 FE FC 71 FD 96 FF 67 66 BF FB | T:1600793 RPD:1
[CH: 50] LEN: 12 | HEX: FA 76 FE FB 76 FD 96 FF 51 9E BF FA | T:1600823 RPD:1
[CH: 50] LEN: 12 | HEX: FA 76 FE FA 77 F7 96 F5 0D 7A BF FF | T:1600853 RPD:1
[CH: 50] LEN: 12 | HEX: FA 76 EE E9 74 FD 96 FF 58 74 BF FE | T:1600883 RPD:1
[CH: 50] LEN: 12 | HEX: FA 76 F6 E8 75 FD 96 FF 24 91 BD EF | T:1600913 RPD:1
[CH: 50] LEN: 12 | HEX: FA 76 FE F7 7A F9 96 FF 55 86 AE AD | T:1600943 RPD:1
[CH: 50] LEN: 12 | HEX: FA 76 F5 F6 73 FD 96 FE 49 63 FF F7 | T:1600973 RPD:1
[CH: 50] LEN: 12 | HEX: FA 76 FE F5 78 FD 96 FA 3C 6D BF BE | T:1601003 RPD:1
[CH: 50] LEN: 12 | HEX: FA 76 FE F4 79 FD 96 FF E0 88 BE FF | T:1601033 RPD:1
[CH: 50] LEN: 12 | HEX: F2 76 FE F3 7E FD 96 FE B6 71 BF DD | T:1601063 RPD:1
[CH: 50] LEN: 12 | HEX: FA 76 FE F2 7F 5D 96 F5 0A 94 AF DF | T:1601093 RPD:1
[CH: 50] LEN: 12 | HEX: F2 76 FE F1 7C FD 96 FB 7F 9A AF 7E | T:1601123 RPD:1
[CH: 50] LEN: 12 | HEX: FA 76 FE F0 7D FD 96 FB A3 7F BB DE | T:1601153 RPD:1
[CH: 50] LEN: 12 | HEX: FA 76 FE EF 62 FD 96 FF 0D 95 AF FF | T:1601183 RPD:1
[CH: 50] LEN: 12 | HEX: EA 76 F4 EE 63 FB 96 EE B1 70 BD EA | T:1601213 RPD:1
[CH: 50] LEN: 12 | HEX: FA 76 FC ED 60 FD 96 FE E4 7E AF FF | T:1601243 RPD:1
[CH: 50] LEN: 12 | HEX: FA 76 FE EC 61 FD 96 FE 78 9B BF DE | T:1601273 RPD:1
[CH: 50] LEN: 12 | HEX: FA 76 FA EB 66 FD 96 FF 4E 62 AF EF | T:1601303 RPD:1
[CH: 50] LEN: 12 | HEX: FA 76 FE EA 67 FD 96 FF 52 87 BF F5 | T:1601333 RPD:1
[CH: 50] LEN: 12 | HEX: FA 76 FE E9 64 FD 96 FF D7 89 B7 EF | T:1601363 RPD:1
[CH: 50] LEN: 12 | HEX: FA 76 FE E8 65 FD 96 FE 3B 6C AB 7F | T:1601393 RPD:1
[CH: 50] LEN: 12 | HEX: FA 76 FE EF 6A FD 96 FE 8A 7B BF FF | T:1601423 RPD:1
[CH: 50] LEN: 12 | HEX: FA 76 F4 E6 6B F9 96 FF 56 9E AF BF | T:1601453 RPD:1
[CH: 50] LEN: 12 | HEX: FA 76 FE E5 68 FD 96 FF 23 90 AF BF | T:1601483 RPD:1
[CH: 50] LEN: 12 | HEX: F2 76 FE E4 69 FD 96 FF AF 75 AF FE | T:1601513 RPD:1
[CH: 50] LEN: 12 | HEX: FA 76 FE E3 6E FD 96 FF C9 8C AF FF | T:1601543 RPD:1
[CH: 50] LEN: 12 | HEX: FA 76 FC E2 6F F5 96 FF 15 69 BE FF | T:1601572 RPD:1
[CH: 50] LEN: 12 | HEX: FA 76 EE E1 6C FD 96 FE 60 67 BE EB | T:1601602 RPD:1
[CH: 50] LEN: 12 | HEX: EA 76 ED E0 6D FD 96 EF 3C 82 B5 7D | T:1601632 RPD:1
[CH: 50] LEN: 12 | HEX: FA 76 FE DE 52 FD 96 FF 2D 92 AF FF | T:1601662 RPD:1
[CH: 50] LEN: 12 | HEX: FA 76 FE F5 73 DD 96 FF 6E 8D AF D7 | T:1601692 RPD:1
[CH: 50] LEN: 12 | HEX: F2 76 FE FD 70 FD 96 FF 7B 83 AE F7 | T:1601696 RPD:1
[CH: 50] LEN: 12 | HEX: FA 76 FE F4 71 FD 96 FF 67 66 AA BE | T:1601699 RPD:1
[CH: 50] LEN: 12 | HEX: FA 76 FE FB 76 FD 96 FF 51 9E AB EE | T:1601729 RPD:1
[CH: 50] LEN: 12 | HEX: FA 76 FE FA 77 FD 96 F7 8D 7A BF 3F | T:1601759 RPD:1
[CH: 50] LEN: 12 | HEX: F2 76 FE F9 74 FD 96 FF 58 74 BF FB | T:1601789 RPD:1
[CH: 50] LEN: 12 | HEX: FA 76 FE F0 75 DD 96 ED 24 91 BF D6 | T:1601819 RPD:1
[CH: 50] LEN: 12 | HEX: FA 76 F6 F7 7A FD 96 FF 55 86 AF EF | T:1601849 RPD:1
[CH: 50] LEN: 12 | HEX: FA 76 FE F6 7B FD 96 FF 49 63 AE F5 | T:1601879 RPD:1
[CH: 50] LEN: 12 | HEX: FA 76 EE F5 70 FD 96 FE 3C 6D BF 39 | T:1601909 RPD:1
[CH: 50] LEN: 12 | HEX: F2 76 FA F4 79 FD 96 FF 40 88 BF FF | T:1601939 RPD:1
[CH: 50] LEN: 12 | HEX: FA 76 F6 F3 7E FD 96 FF 76 71 AE DF | T:1601969 RPD:1
[CH: 50] LEN: 12 | HEX: FA 76 FE F2 7E D5 96 FF 0A 94 A7 BE | T:1601999 RPD:1
[CH: 50] LEN: 12 | HEX: F2 76 FE F1 7C FD 96 FF 7F 1A AF 7E | T:1602029 RPD:1
[CH: 50] LEN: 12 | HEX: FA 76 F6 E0 7D FD 96 FF A3 7F AB F7 | T:1602059 RPD:1
[CH: 50] LEN: 12 | HEX: F2 76 F6 EF 62 FD 96 FE 0D 95 AF F7 | T:1602089 RPD:1
[CH: 50] LEN: 12 | HEX: EA 76 FE EE 63 FB 96 FF D1 70 BF EB | T:1602119 RPD:1
[CH: 50] LEN: 12 | HEX: FA 76 FC EC 61 FD 96 FF 78 9B AE 9A | T:1602179 RPD:1
[CH: 50] LEN: 12 | HEX: FA 76 F6 EB 66 FD 96 FF 4E 62 AF 7B | T:1602209 RPD:1
[CH: 50] LEN: 12 | HEX: F2 76 FE EA 67 D7 96 FF 12 87 ED D6 | T:1602239 RPD:1
[CH: 50] LEN: 12 | HEX: FA 76 F4 E9 64 F9 96 FE A7 09 BD FF | T:1602269 RPD:1
[CH: 50] LEN: 12 | HEX: FA 76 FE E8 65 FD 96 FF 3B 6C BF 6D | T:1602299 RPD:1
[CH: 50] LEN: 12 | HEX: FA 76 FE E7 6A FD 96 FE 4A 73 BE FF | T:1602329 RPD:1
[CH: 50] LEN: 12 | HEX: FA 76 FA E6 6B F9 96 FF 56 9E BF DF | T:1602359 RPD:1
[CH: 50] LEN: 12 | HEX: F2 76 FE E5 68 FD 96 FE 23 90 BD FD | T:1602389 RPD:1
[CH: 50] LEN: 12 | HEX: FA 76 F5 E4 69 F5 96 FF 5F 75 BF FD | T:1602419 RPD:1
[CH: 50] LEN: 12 | HEX: F2 76 FE E3 6E FD 96 FF D9 8C AF F7 | T:1602449 RPD:1
[CH: 50] LEN: 12 | HEX: F2 76 FE E2 6F F5 96 ED 15 69 BB FF | T:1602479 RPD:1
[CH: 50] LEN: 12 | HEX: F2 76 FE E1 6C FD 96 FE 60 67 7D DF | T:1602509 RPD:1
[CH: 50] LEN: 12 | HEX: FA 76 FE E0 6D FD 96 FF 3C 82 AF FF | T:1602539 RPD:1
[CH: 50] LEN: 12 | HEX: FA 76 EE DF 52 FD 96 F7 2D 92 BF F5 | T:1602569 RPD:1
[CH: 50] LEN: 12 | HEX: F2 76 FE FE 73 FD 96 FF AE 8D AD 7F | T:1602599 RPD:1
[CH: 50] LEN: 12 | HEX: F2 76 FE FD 70 FD 96 FF 3B 83 BF FD | T:1602603 RPD:1
[CH: 50] LEN: 12 | HEX: EA 76 FE FC 71 FD 96 FD 67 66 BF FB | T:1602606 RPD:1
[CH: 50] LEN: 12 | HEX: F2 76 FE FB 76 FD 96 FF 51 9F BF D5 | T:1602636 RPD:1
[CH: 50] LEN: 12 | HEX: F2 76 FE FA 77 FD 96 F7 8D 7A BA FF | T:1602666 RPD:1
[CH: 50] LEN: 12 | HEX: F2 76 FE F9 74 FD 96 FD A8 74 AE FF | T:1602696 RPD:1
[CH: 50] LEN: 12 | HEX: FA 76 FE F8 75 FD 96 FF 24 91 AF FF | T:1602726 RPD:1
[CH: 50] LEN: 12 | HEX: F2 76 FE F7 7A FD 96 F7 95 86 B7 7B | T:1602756 RPD:1
[CH: 50] LEN: 12 | HEX: FA 76 F8 F6 73 F9 96 FE 49 63 BF ED | T:1602786 RPD:1
[CH: 50] LEN: 12 | HEX: FA 76 FE F5 78 FD 96 F6 38 6D AD FA | T:1602816 RPD:1
[CH: 50] LEN: 12 | HEX: F2 76 EC EC 79 F9 96 FF A0 88 B9 BD | T:1602846 RPD:1
[CH: 50] LEN: 12 | HEX: FA 76 FE F3 7E FD 96 FF D6 71 AF FF | T:1602876 RPD:1
[CH: 50] LEN: 12 | HEX: EA 76 F6 E2 77 55 96 FE 0A 94 AF FF | T:1602906 RPD:1
[CH: 50] LEN: 12 | HEX: F2 76 FE F1 7C FD 96 FF 7F 1A A7 BE | T:1602936 RPD:1
[CH: 50] LEN: 12 | HEX: FA 76 FE F0 7D ED 96 F6 A3 7F AF FF | T:1602966 RPD:1
[CH: 50] LEN: 12 | HEX: F2 76 FE EF 62 F5 96 FE 0D 95 37 AF | T:1602996 RPD:1
[CH: 50] LEN: 12 | HEX: FA 76 F4 EE 63 FB 96 F7 51 70 BF F7 | T:1603026 RPD:1
[CH: 50] LEN: 12 | HEX: F2 76 F6 EC 61 ED 96 FF 70 9B AE A7 | T:1603085 RPD:1
[CH: 50] LEN: 12 | HEX: FA 76 FE EB 66 FD 96 FB 4E 62 AE BD | T:1603115 RPD:1
[CH: 50] LEN: 12 | HEX: FA 76 FE EA 67 F9 96 FF 92 87 AD BE | T:1603145 RPD:1
[CH: 50] LEN: 12 | HEX: FA 76 FE E9 64 FD 96 FF 47 89 B6 F7 | T:1603175 RPD:1
[CH: 50] LEN: 12 | HEX: FA 76 FE E8 65 FD 96 F6 BB 6C AD FF | T:1603205 RPD:1
[CH: 50] LEN: 12 | HEX: EA 76 FD E7 6A F5 16 AF 0A 73 AF BF | T:1603235 RPD:1
[CH: 50] LEN: 12 | HEX: F2 76 FE E6 6B A9 96 FF 56 9E AD F7 | T:1603265 RPD:1
[CH: 50] LEN: 12 | HEX: F2 76 EE E5 68 FD 96 FE A3 90 BF DD | T:1603295 RPD:1
[CH: 50] LEN: 12 | HEX: FA 76 FE E4 69 FD 96 FF 57 75 BF FF | T:1603325 RPD:1
[CH: 50] LEN: 12 | HEX: FA 76 FE E3 6E FD 96 FF 49 8C AF F7 | T:1603355 RPD:1
[CH: 50] LEN: 12 | HEX: F2 76 FE E2 6F E9 96 FF 15 69 AF F7 | T:1603385 RPD:1
[CH: 50] LEN: 12 | HEX: F2 76 EE E1 6C F5 96 F7 60 67 7F FB | T:1603415 RPD:1
[CH: 50] LEN: 12 | HEX: F2 76 FE E0 6D F5 96 FF BC 82 AF FF | T:1603445 RPD:1
[CH: 50] LEN: 12 | HEX: F2 76 F6 DF 52 FD 96 FE AD 92 AF FF | T:1603475 RPD:1
[CH: 50] LEN: 12 | HEX: FA 76 FE FE 73 DD 96 FF 4E 8D AF BF | T:1603505 RPD:1
[CH: 50] LEN: 12 | HEX: F2 76 FC E9 70 ED 96 FD 3B 83 B7 DA | T:1603509 RPD:1
[CH: 50] LEN: 12 | HEX: FA 76 F6 FC 71 FD 16 FF 67 66 AE FF | T:1603513 RPD:1
[CH: 50] LEN: 12 | HEX: F6 76 FE F3 76 FD 96 FF 51 9F BB 5B | T:1603543 RPD:1
[CH: 50] LEN: 12 | HEX: FA 76 FC F1 74 F9 96 FF A8 74 A9 5F | T:1603603 RPD:1
[CH: 50] LEN: 12 | HEX: FA 76 F6 E8 75 D5 96 FF 24 91 AF 7F | T:1603633 RPD:1
[CH: 50] LEN: 12 | HEX: F2 76 FD F7 7A FD 96 FF 95 86 BF BF | T:1603663 RPD:1
[CH: 50] LEN: 12 | HEX: FA 76 FE F6 7B FD 96 FF 49 63 AF FD | T:1603693 RPD:1
[CH: 50] LEN: 12 | HEX: F2 76 FA E5 78 FD 96 F6 38 6D BF FB | T:1603723 RPD:1
[CH: 50] LEN: 12 | HEX: FA 76 FE F4 79 ED 96 FF E0 88 AF EF | T:1603753 RPD:1
[CH: 50] LEN: 12 | HEX: F2 76 FC F3 7E FD 96 FF 76 71 AF 7F | T:1603783 RPD:1
[CH: 50] LEN: 12 | HEX: FA 76 FE F2 7F AD 96 FE 0A 94 BB EB | T:1603813 RPD:1
[CH: 50] LEN: 12 | HEX: FA 76 FC F1 7C FD 96 ED 7F 9A B5 7E | T:1603843 RPD:1
[CH: 50] LEN: 12 | HEX: FA 76 FE F0 7D E9 96 FB 23 7D 2F FE | T:1603873 RPD:1
[CH: 50] LEN: 12 | HEX: F2 76 EC EF 62 F9 96 FE 0D 95 BD EF | T:1603903 RPD:1
[CH: 50] LEN: 12 | HEX: F2 76 FE EE 63 BD 96 FF 71 70 BF EB | T:1603933 RPD:1
[CH: 50] LEN: 12 | HEX: FA 76 FE ED 60 FD 96 FF 64 7C A7 FF | T:1603963 RPD:1
[CH: 50] LEN: 12 | HEX: F2 76 FE EC 61 FD 96 FD 70 9B BF F7 | T:1603993 RPD:1
[CH: 50] LEN: 12 | HEX: FA 76 F6 EB 66 ED 96 FF 4E 62 BF 7F | T:1604023 RPD:1
[CH: 50] LEN: 12 | HEX: FA 76 EC EA 67 F3 96 F5 12 87 BF 5F | T:1604053 RPD:1
[CH: 50] LEN: 12 | HEX: FA 76 FE E9 64 FD 96 FD D7 89 BE BF | T:1604083 RPD:1
[CH: 50] LEN: 12 | HEX: FA 76 FE E8 65 FD 96 EE 3B 6C BF B5 | T:1604113 RPD:1
[CH: 50] LEN: 12 | HEX: FA 76 FE F7 6A FD 96 FF 0A 7B AF 6B | T:1604143 RPD:1
[CH: 50] LEN: 12 | HEX: F2 76 FE E6 6B FD 96 FF 56 9E BF DE | T:1604173 RPD:1
[CH: 50] LEN: 12 | HEX: FA 76 FE E5 68 FD 96 FF 23 90 BE FF | T:1604203 RPD:1
[CH: 50] LEN: 12 | HEX: FA 76 FE E4 69 FD 96 F7 5F 75 BF FF | T:1604233 RPD:1
[CH: 50] LEN: 12 | HEX: FA 76 F6 E3 6E FD 96 FF A9 8C AF FF | T:1604263 RPD:1
[CH: 50] LEN: 12 | HEX: FA 76 FE E2 6F F9 96 FE 15 69 AD FA | T:1604293 RPD:1
[CH: 50] LEN: 12 | HEX: F2 76 F6 E1 6C FD 96 FF 60 67 BF EB | T:1604323 RPD:1
[CH: 50] LEN: 12 | HEX: FA 76 FE E0 6D FD 96 FE B8 82 BF 7F | T:1604353 RPD:1
[CH: 50] LEN: 12 | HEX: FA 76 FC DF 52 FD 96 FD 2D 92 AF FF | T:1604382 RPD:1
[CH: 50] LEN: 12 | HEX: FA 76 FE FA 73 FD 96 FF 4E 8D AB FA | T:1604412 RPD:1
[CH: 50] LEN: 12 | HEX: F2 76 FE FD 70 FD 96 F7 3B 83 BE FF | T:1604416 RPD:1
[CH: 50] LEN: 12 | HEX: F2 76 FE EC 71 FD 96 FE 67 66 BD D6 | T:1604419 RPD:1
[CH: 50] LEN: 12 | HEX: FA 76 FE FB 76 FD 96 FF 51 9F BF FF | T:1604449 RPD:1
[CH: 50] LEN: 12 | HEX: F2 76 F4 FA 77 F9 96 FF 0D 7A AF FF | T:1604479 RPD:1
[CH: 50] LEN: 12 | HEX: FA 76 FA F9 74 FD 96 FE A8 74 BD FF | T:1604509 RPD:1
[CH: 50] LEN: 12 | HEX: FA 76 FE F8 75 FD 96 FF 24 91 BF FB | T:1604539 RPD:1
[CH: 50] LEN: 12 | HEX: FA 76 FE F7 7A E9 96 FB 95 86 BE FF | T:1604569 RPD:1
[CH: 50] LEN: 12 | HEX: FA 76 F6 F6 7B ED 96 FF 49 63 AF FE | T:1604599 RPD:1
[CH: 50] LEN: 12 | HEX: FA 76 FE ED 70 FD 96 F6 BC 6D AF 6A | T:1604629 RPD:1
[CH: 50] LEN: 12 | HEX: F2 76 FE E4 79 D9 96 FF A0 88 BF F6 | T:1604659 RPD:1
[CH: 50] LEN: 12 | HEX: FA 76 FE E3 75 FD 96 FE B6 71 AF FB | T:1604689 RPD:1
[CH: 50] LEN: 12 | HEX: FA 76 FE F2 7F D5 96 FF 0A 94 AE DF | T:1604719 RPD:1
[CH: 50] LEN: 12 | HEX: F2 76 FE F1 7C FD 96 FF 7F 1A AF FF | T:1604749 RPD:1
[CH: 50] LEN: 12 | HEX: F2 76 FA F0 79 FD 96 FF 23 7B 3F ED | T:1604779 RPD:1
[CH: 50] LEN: 12 | HEX: FA 76 FE EF 62 FD 96 FF 0D 95 BF FF | T:1604809 RPD:1
[CH: 50] LEN: 12 | HEX: FA 76 F4 EE 63 FD 96 FF 51 70 BF F7 | T:1604839 RPD:1
[CH: 50] LEN: 12 | HEX: F2 76 F5 ED 60 F5 96 FF 64 7E BF BF | T:1604869 RPD:1
[CH: 50] LEN: 12 | HEX: FA 76 FE EC 61 FD 96 FF 78 9B FE D7 | T:1604899 RPD:1
[CH: 50] LEN: 12 | HEX: F2 76 F6 EB 66 FB 96 FE CE 62 BF F7 | T:1604929 RPD:1
[CH: 50] LEN: 12 | HEX: FA 76 FE EA 67 F5 96 FF 92 87 AF 7F | T:1604959 RPD:1
[CH: 50] LEN: 12 | HEX: FA 76 F6 E9 64 FD 96 FF 47 89 AF FE | T:1604989 RPD:1
[CH: 50] LEN: 12 | HEX: F2 76 EE E8 65 FD 96 FF 3B 6C BD DF | T:1605019 RPD:1
[CH: 50] LEN: 12 | HEX: F2 76 FE E7 6A FD 96 FF 8A 7B AF FF | T:1605049 RPD:1
[CH: 50] LEN: 12 | HEX: FA 76 FE E6 6B FD 96 FF 56 9E BF FF | T:1605079 RPD:1
[CH: 50] LEN: 12 | HEX: FA 76 FE E5 68 A9 96 D6 A3 90 AA DD | T:1605109 RPD:1
[CH: 50] LEN: 12 | HEX: FA 76 F4 E4 69 FD 96 FF 5F 75 BA FF | T:1605139 RPD:1
[CH: 50] LEN: 12 | HEX: FA 76 FA E3 6E FD 96 FF 69 8C BF B7 | T:1605169 RPD:1
[CH: 50] LEN: 12 | HEX: FA 76 FE E2 6F F7 96 FF 15 69 BF FF | T:1605199 RPD:1
[CH: 50] LEN: 12 | HEX: FA 76 FE E1 6C FD 96 FE 60 67 BF AB | T:1605229 RPD:1
[CH: 50] LEN: 12 | HEX: FA 76 FC E0 6D FD 96 FF BC 82 AF BE | T:1605259 RPD:1
[CH: 50] LEN: 12 | HEX: FA 76 FE DF 52 E9 96 FE 2D 92 BF BF | T:1605289 RPD:1
[CH: 50] LEN: 12 | HEX: F2 76 FE FE 73 D9 96 FF 6E 8D AF FE | T:1605319 RPD:1
[CH: 50] LEN: 12 | HEX: F2 76 FE FD 70 F5 96 FE BB 83 BF FD | T:1605323 RPD:1
[CH: 50] LEN: 12 | HEX: FA 76 FE FC 71 FD 96 FE E7 66 B7 FF | T:1605326 RPD:1
[CH: 50] LEN: 12 | HEX: FA 76 FE FB 76 FD 96 FF 51 9F AB 7F | T:1605356 RPD:1
[CH: 50] LEN: 12 | HEX: FA 76 FE FA 77 73 96 EF 8D 72 BD 6F | T:1605386 RPD:1
[CH: 50] LEN: 12 | HEX: EA 76 FE F9 74 FD 96 FF 58 74 AD FF | T:1605416 RPD:1
[CH: 50] LEN: 12 | HEX: FA 76 F4 F8 75 E9 96 FE 24 91 BF FE | T:1605446 RPD:1
[CH: 50] LEN: 12 | HEX: FA 76 FD F7 7A F5 96 EB 15 86 B7 BB | T:1605476 RPD:1
[CH: 50] LEN: 12 | HEX: FA 76 FC F6 7B F9 96 FE C9 63 BF FC | T:1605506 RPD:1
[CH: 50] LEN: 12 | HEX: FA 76 F6 F5 78 F9 96 FF 3C 6D AF FF | T:1605536 RPD:1
[CH: 50] LEN: 12 | HEX: FA 76 FE F4 79 FD 96 FF 40 88 AD BF | T:1605566 RPD:1
[CH: 50] LEN: 12 | HEX: F2 76 FE F3 7A FB 96 FF 56 71 BF FF | T:1605596 RPD:1
[CH: 50] LEN: 12 | HEX: FA 76 FE F2 7F 5D 96 FE 8A 94 BF EE | T:1605626 RPD:1
[CH: 50] LEN: 12 | HEX: FA 76 ED F1 7C F5 96 FE 7B 9A AE E5 | T:1605656 RPD:1
[CH: 50] LEN: 12 | HEX: FA 76 F4 E0 7D FB 96 FD 23 7E BD FF | T:1605686 RPD:1
[CH: 50] LEN: 12 | HEX: FA 76 FE EF 62 FD 96 FF 0D 95 AF FF | T:1605716 RPD:1
[CH: 50] LEN: 12 | HEX: FA 76 FE EE 63 FD 96 FF 51 70 BF BD | T:1605746 RPD:1
[CH: 50] LEN: 12 | HEX: F2 76 FE ED 60 FD 96 FF 64 7E AD FF | T:1605776 RPD:1
[CH: 50] LEN: 12 | HEX: FA 76 F4 EC 61 FD 96 F6 78 9B AF FD | T:1605806 RPD:1
[CH: 50] LEN: 12 | HEX: EA 76 FE EB 66 FD 96 EE 4E 62 BB 7F | T:1605835 RPD:1
[CH: 50] LEN: 12 | HEX: FA 76 FE EA 67 F7 96 F7 52 87 AD F3 | T:1605865 RPD:1
[CH: 50] LEN: 12 | HEX: FA 76 FE E9 64 FD 96 FE A7 09 AD FE | T:1605895 RPD:1
[CH: 50] LEN: 12 | HEX: FA 76 FE E7 6A FD 96 EB 4A 7B AF FD | T:1605955 RPD:1
[CH: 50] LEN: 12 | HEX: FA 76 FE E6 6B F9 96 FF 56 9E BD DF | T:1605985 RPD:1
[CH: 50] LEN: 12 | HEX: FA 76 F6 E5 68 FD 96 FD 23 90 BF EB | T:1606015 RPD:1
[CH: 50] LEN: 12 | HEX: FA 76 FE E4 69 D9 96 EF FE F5 B7 FD | T:1606045 RPD:1
[CH: 50] LEN: 12 | HEX: EA 76 FE E2 6F F5 96 FF 15 69 BB 6D | T:1606105 RPD:1
[CH: 50] LEN: 12 | HEX: FA 76 FE E1 6C FD 96 FF 60 67 AE EF | T:1606135 RPD:1
[CH: 50] LEN: 12 | HEX: EA 76 FE E0 6D FB 96 FE FC 82 AA EF | T:1606165 RPD:1
[CH: 50] LEN: 12 | HEX: FA 76 F6 DF 52 E9 96 FF 2D 92 BF DE | T:1606195 RPD:1
[CH: 50] LEN: 12 | HEX: FA 76 FE FE 73 FD 96 F7 CE 8D BF 7F | T:1606225 RPD:1
[CH: 50] LEN: 12 | HEX: FA 76 F6 FD 70 FD 96 EF 3B 03 BF FF | T:1606229 RPD:1
[CH: 50] LEN: 12 | HEX: FA 76 FA FC 71 FD 96 F7 67 66 BF FD | T:1606233 RPD:1
[CH: 50] LEN: 12 | HEX: EA 76 FE FB 76 DD 96 EE 51 9D 3D BB | T:1606263 RPD:1
[CH: 50] LEN: 12 | HEX: FA 76 FE EA 77 F9 96 FF 0D 7A BF AF | T:1606293 RPD:1
[CH: 50] LEN: 12 | HEX: F2 76 FE F9 74 FD 96 FF 50 74 BD BF | T:1606323 RPD:1
[CH: 50] LEN: 12 | HEX: FA 76 FA F4 75 FB 96 FB 24 91 AF 7E | T:1606353 RPD:1
[CH: 50] LEN: 12 | HEX: FA 76 FE F7 7A FD 96 FF 95 86 AE 5F | T:1606383 RPD:1
[CH: 50] LEN: 12 | HEX: F2 76 FE F6 73 DD 96 FF 49 63 BF FF | T:1606413 RPD:1
[CH: 50] LEN: 12 | HEX: FA 76 F6 F5 78 FD 96 FF 3C 6D BF 5F | T:1606443 RPD:1
[CH: 50] LEN: 12 | HEX: F2 76 FE F4 79 FD 96 FF A0 88 AD EB | T:1606473 RPD:1
[CH: 50] LEN: 12 | HEX: EA 76 FE E3 7D FD 96 FF 76 71 AE FD | T:1606503 RPD:1
[CH: 50] LEN: 12 | HEX: F2 76 FE E2 7F 55 96 FF 0A 94 BF 5C | T:1606533 RPD:1
[CH: 50] LEN: 12 | HEX: FA 76 FE F1 7C FD 96 FF 7F 9A AF FD | T:1606563 RPD:1
[CH: 50] LEN: 12 | HEX: EA 76 FE F0 7D FD 96 FE A3 7F BD FF | T:1606593 RPD:1
[CH: 50] LEN: 12 | HEX: F2 76 FE EF 62 FD 96 FF 0D 95 BF FF | T:1606623 RPD:1
[CH: 50] LEN: 12 | HEX: FA 76 F6 EE 63 FD 96 FE B1 70 BF 5F | T:1606653 RPD:1
[CH: 50] LEN: 12 | HEX: FA 76 FE ED 60 FD 96 FF 24 7E AF EB | T:1606683 RPD:1
[CH: 50] LEN: 12 | HEX: FA 76 FE EC 61 FD 96 F7 78 9B AF FF | T:1606713 RPD:1
[CH: 50] LEN: 12 | HEX: FA 76 FE EB 66 FD 96 FB 4E 62 BF BE | T:1606743 RPD:1
[CH: 50] LEN: 12 | HEX: F2 76 FE EA 67 F5 96 FF 92 87 BF DF | T:1606773 RPD:1
[CH: 50] LEN: 12 | HEX: FA 76 FE E9 64 FD 96 FF 47 89 AF EF | T:1606803 RPD:1
[CH: 50] LEN: 12 | HEX: EA 76 FE E8 65 FD 96 FD 3B 6C BF AE | T:1606833 RPD:1
[CH: 50] LEN: 12 | HEX: FA 76 FE E7 6A FD 96 FF 8A 7B AE FF | T:1606863 RPD:1
[CH: 50] LEN: 12 | HEX: F2 76 FE E6 6B D5 96 FF 56 9E BF FD | T:1606893 RPD:1
[CH: 50] LEN: 12 | HEX: F2 76 EE E5 68 FD 96 EF 23 90 AF FB | T:1606923 RPD:1
[CH: 50] LEN: 12 | HEX: FA 76 FE E4 69 DD 96 FF AF 75 B7 6F | T:1606953 RPD:1
[CH: 50] LEN: 12 | HEX: FA 76 F5 E3 6E E9 96 F6 89 8C BF FF | T:1606983 RPD:1
[CH: 50] LEN: 12 | HEX: FA 76 F4 E2 6F 79 96 FF 15 69 BF FB | T:1607013 RPD:1
[CH: 50] LEN: 12 | HEX: EA 76 FE E1 6C ED 96 FF 60 67 3E FF | T:1607043 RPD:1
[CH: 50] LEN: 12 | HEX: F2 76 FE E0 6D FD 96 FE BC 82 AF DD | T:1607073 RPD:1
[CH: 50] LEN: 12 | HEX: F2 76 FE DE 52 FD 96 FE AD 92 BD BB | T:1607102 RPD:1
[CH: 50] LEN: 12 | HEX: F2 76 FE FE 73 FD 96 FF AE 8D BF FF | T:1607132 RPD:1
[CH: 50] LEN: 12 | HEX: F2 76 FE F9 70 F5 96 FE 7B 83 BF FF | T:1607136 RPD:1
[CH: 50] LEN: 12 | HEX: FA 76 F6 FC 71 FD 96 FE E7 66 AE 85 | T:1607140 RPD:1
[CH: 50] LEN: 12 | HEX: FA 76 FE FB 76 F5 96 FF 51 9F BF FF | T:1607170 RPD:1
[CH: 50] LEN: 12 | HEX: EA 76 F5 F2 77 5B 96 FE CD 72 AF DB | T:1607200 RPD:1
[CH: 50] LEN: 12 | HEX: FA 76 FE F9 74 FD 96 EF F8 74 BB FB | T:1607230 RPD:1
[CH: 50] LEN: 12 | HEX: FA 76 FE F8 75 FD 96 FF 24 91 AF FB | T:1607260 RPD:1
[CH: 50] LEN: 12 | HEX: FA 76 F6 F7 7A F5 96 FF 55 86 AF FD | T:1607290 RPD:1
[CH: 50] LEN: 12 | HEX: FA 76 FE F6 7B D9 96 F5 49 63 AF FF | T:1607320 RPD:1
[CH: 50] LEN: 12 | HEX: F2 76 FE F5 78 F5 16 FF 3C 6D AF FF | T:1607350 RPD:1
[CH: 50] LEN: 12 | HEX: FA 76 FE F4 79 FD 96 FB A0 88 BF FD | T:1607380 RPD:1
[CH: 50] LEN: 12 | HEX: EA 76 F4 F3 7E F9 96 FF B6 71 BF DF | T:1607410 RPD:1
[CH: 50] LEN: 12 | HEX: FA 76 FE F2 7F D5 96 FF 0A 94 AF FF | T:1607440 RPD:1
[CH: 50] LEN: 12 | HEX: F2 76 FE F1 78 FD 96 FF 7F 9A BF F7 | T:1607470 RPD:1
[CH: 50] LEN: 12 | HEX: FA 76 EA E0 75 D5 96 FF 23 77 3E BB | T:1607500 RPD:1
[CH: 50] LEN: 12 | HEX: EA 76 FE EE E2 FD 96 EE 0D 95 BF FD | T:1607530 RPD:1
[CH: 50] LEN: 12 | HEX: F2 76 FA EE 63 FD 96 FE 91 70 AE EE | T:1607560 RPD:1
[CH: 50] LEN: 12 | HEX: FA 76 FE ED 60 FD 96 FF 64 7E BF FB | T:1607590 RPD:1
[CH: 50] LEN: 12 | HEX: FA 76 FE EC 61 FD 96 F7 78 9B AD 75 | T:1607620 RPD:1
[CH: 50] LEN: 12 | HEX: FA 76 FC EB 66 F5 96 F5 CE 62 BF FD | T:1607650 RPD:1
[CH: 50] LEN: 12 | HEX: FA 76 FC EA 67 75 96 ED 52 87 7F 7F | T:1607680 RPD:1
[CH: 50] LEN: 12 | HEX: FA 76 FE E9 64 FD 96 FF 97 89 AF FB | T:1607710 RPD:1
[CH: 50] LEN: 12 | HEX: F6 76 FC E8 65 FD 96 FF 3B 6C AD FF | T:1607740 RPD:1
[CH: 50] LEN: 12 | HEX: F2 76 FE E7 6A FD 96 FF 4A 7B AD DF | T:1607770 RPD:1
[CH: 50] LEN: 12 | HEX: FA 76 FE E6 6B FD 96 FE D6 9E AA FD | T:1607800 RPD:1
[CH: 50] LEN: 12 | HEX: FA 76 FE E5 68 F9 96 FF 23 90 BF 4A | T:1607830 RPD:1
[CH: 50] LEN: 12 | HEX: F2 76 FE E4 69 FD 96 FE BF 75 BF AF | T:1607860 RPD:1
[CH: 50] LEN: 12 | HEX: FA 76 FE E3 6E FD 96 FE 89 8C BB CF | T:1607890 RPD:1
[CH: 50] LEN: 12 | HEX: FA 76 FE E2 6F F5 96 F7 15 49 BE DD | T:1607920 RPD:1
[CH: 50] LEN: 12 | HEX: FA 76 FE E1 6C F9 96 FF 60 67 AF FB | T:1607950 RPD:1
[CH: 50] LEN: 12 | HEX: FA 76 FE E0 6D FD 96 FF FC 82 AF 7B | T:1607980 RPD:1
[CH: 50] LEN: 12 | HEX: FA 76 FE DF 52 FD 96 F6 AD 92 AF FF | T:1608010 RPD:1
[CH: 50] LEN: 12 | HEX: FA 76 FE FE 73 FD 96 FF 4E 8D AF FF | T:1608040 RPD:1
[CH: 50] LEN: 12 | HEX: FA 76 FE FD 70 FD 96 FF 3B 83 AD 6F | T:1608043 RPD:1
[CH: 50] LEN: 12 | HEX: FA 76 FE FC 71 FD 96 FF 67 66 BE EE | T:1608046 RPD:1
[CH: 50] LEN: 12 | HEX: F2 76 FE FB 76 F5 96 FF 51 9F 2F BE | T:1608077 RPD:1
[CH: 50] LEN: 12 | HEX: F2 76 FE F2 77 FD 96 FF 4D 7A AD 7E | T:1608107 RPD:1
[CH: 50] LEN: 12 | HEX: FA 76 FE E9 74 FD 96 F7 50 74 BF 7B | T:1608137 RPD:1
[CH: 50] LEN: 12 | HEX: FA 76 FE F8 75 FD 96 FF 24 91 AF DF | T:1608167 RPD:1
[CH: 50] LEN: 12 | HEX: FA 76 FE F7 7A FD 96 FF 95 86 AB FF | T:1608197 RPD:1
[CH: 50] LEN: 12 | HEX: F2 76 FA F6 73 F9 96 FD 49 63 EF 77 | T:1608227 RPD:1
[CH: 50] LEN: 12 | HEX: FA 76 FE E5 78 FD 96 F7 38 6D AF EF | T:1608257 RPD:1
[CH: 50] LEN: 12 | HEX: F2 7B DD 00 81 FD 96 FF 53 F8 BF FD | T:1608470 RPD:1
[CH: 50] LEN: 12 | HEX: FA 7B FA 00 81 FD 96 FF A3 FC BA FF | T:1608471 RPD:1
[CH: 50] LEN: 12 | HEX: E9 77 B4 FA FA 70 96 FF 23 2C AF BF | T:1608502 RPD:1
[CH: 50] LEN: 12 | HEX: E9 77 B5 FD DD 6B 96 FF 94 AE BB A5 | T:1608505 RPD:1
[CH: 50] LEN: 12 | HEX: F9 77 FD EC F6 70 96 F7 23 2C BF 7F | T:1608508 RPD:1
[CH: 50] LEN: 12 | HEX: F1 77 74 FD FE 73 96 FF 54 AE BF FB | T:1608519 RPD:1
[CH: 50] LEN: 12 | HEX: F9 77 F9 FE FE 70 96 FE A3 2C BE FF | T:1608519 RPD:0
[CH: 50] LEN: 12 | HEX: F1 77 D4 F9 FD 73 96 FF 54 AE AF 7F | T:1608531 RPD:1
[CH: 50] LEN: 12 | HEX: F9 77 FA FE FE 70 96 F6 23 2C BF EB | T:1608542 RPD:1
[CH: 50] LEN: 12 | HEX: F1 77 FE FD FE 73 96 FF 54 AE AF 96 | T:1608542 RPD:0
[CH: 50] LEN: 12 | HEX: F9 77 F4 FE FE 70 96 F6 23 2C AE FF | T:1608554 RPD:1
[CH: 50] LEN: 12 | HEX: F9 77 F5 FE FE 70 96 EB 23 2C AB DF | T:1608554 RPD:0
[CH: 50] LEN: 12 | HEX: F9 77 B5 FD FE 73 96 FF 54 AE BF EF | T:1608565 RPD:1
[CH: 50] LEN: 12 | HEX: F9 77 FC FE EE 70 96 FF 23 2C BF EE | T:1608565 RPD:0
[CH: 50] LEN: 12 | HEX: F1 77 FD FD FC 73 96 FF 54 AE BB FF | T:1608577 RPD:1
[CH: 50] LEN: 12 | HEX: F9 77 F9 FE FE 70 96 F7 23 2C BA BF | T:1608588 RPD:1
[CH: 50] LEN: 12 | HEX: F9 77 FC FD FE 73 96 FF 94 AE AF 77 | T:1608588 RPD:0
[CH: 50] LEN: 12 | HEX: F1 77 FD EE F5 70 96 FF 23 2C AD FF | T:1608600 RPD:1
[CH: 50] LEN: 12 | HEX: F9 77 FB F5 FE 73 96 FF 94 AE BB FF | T:1608600 RPD:0
[CH: 50] LEN: 12 | HEX: F9 77 FA F6 FD 70 96 FD A3 2C AB FF | T:1608611 RPD:1
[CH: 50] LEN: 12 | HEX: F9 77 FE FD FE 73 96 FF 94 AE BF FD | T:1608622 RPD:1
[CH: 50] LEN: 12 | HEX: F9 77 BB F4 FE 70 96 FF 23 2C B7 5B | T:1608623 RPD:0
[CH: 50] LEN: 12 | HEX: F1 77 F4 FD F6 73 96 FF 54 AE BF DF | T:1608634 RPD:1
[CH: 50] LEN: 12 | HEX: F1 77 F8 F9 EC 73 96 FE 94 AE BD BF | T:1608634 RPD:0
[CH: 50] LEN: 12 | HEX: F9 77 AD FE FE 78 96 FF 23 2C AF FF | T:1608646 RPD:1
[CH: 50] LEN: 12 | HEX: F1 77 AC FD FE 73 96 FF 94 AE AF FD | T:1608646 RPD:0
[CH: 50] LEN: 12 | HEX: F9 77 BE FE FC 70 96 FF 23 2C AF FF | T:1608657 RPD:1
[CH: 50] LEN: 12 | HEX: F9 77 FA FD FC 73 96 FF 94 AE AF FB | T:1608668 RPD:1
[CH: 50] LEN: 12 | HEX: F1 77 FD FE FE 70 96 F7 23 2C BF EB | T:1608669 RPD:0
[CH: 50] LEN: 12 | HEX: F1 77 FB F5 FC 70 96 F7 23 2C BF FB | T:1608680 RPD:1
[CH: 50] LEN: 12 | HEX: F9 77 DC EE FE 70 96 EB 23 2C AE FF | T:1608680 RPD:0
[CH: 50] LEN: 12 | HEX: F1 77 F5 FD FD 73 96 FF 54 AE BD DF | T:1608691 RPD:1
[CH: 50] LEN: 12 | HEX: F1 77 94 FE FE 70 96 FF 23 2C BE EF | T:1608703 RPD:1
[CH: 50] LEN: 12 | HEX: F9 77 F5 E9 EC 73 96 F6 94 AE BD F7 | T:1608703 RPD:0
[CH: 50] LEN: 12 | HEX: F9 77 FD FE FE 70 96 FE 23 2C AE EE | T:1608714 RPD:1
[CH: 50] LEN: 12 | HEX: F9 77 FD FE FC 70 96 FF 23 2C AB EE | T:1608715 RPD:1
[CH: 50] LEN: 12 | HEX: F1 77 FE FD FE 77 96 F7 14 AE BF F7 | T:1608726 RPD:1
[CH: 50] LEN: 12 | HEX: F9 77 BB FE FE 70 96 FE A3 2C BF FF | T:1608737 RPD:1
[CH: 50] LEN: 12 | HEX: F1 77 FD FD FA 73 96 F7 54 AE AF FF | T:1608737 RPD:0
[CH: 50] LEN: 12 | HEX: F9 77 F4 FD FE 73 96 FE D4 AE AD FB | T:1608749 RPD:1
[CH: 50] LEN: 12 | HEX: F9 77 FD FD EE 73 96 FF 94 AE BF FF | T:1608749 RPD:0
[CH: 50] LEN: 12 | HEX: F9 77 FB FD FC 70 96 FF 23 2C BF A5 | T:1608760 RPD:1
[CH: 50] LEN: 12 | HEX: F9 77 FA FD FE 73 96 FF 54 AE BF FF | T:1608761 RPD:0
[CH: 50] LEN: 12 | HEX: F9 77 FD FE FE 70 96 FF 23 2C BF FF | T:1608772 RPD:1
[CH: 50] LEN: 12 | HEX: F1 77 F5 F5 EA 73 96 EF 14 AE BF FD | T:1608783 RPD:1
[CH: 50] LEN: 12 | HEX: F9 77 FD FE FE 70 96 FD 23 2C AF EF | T:1608783 RPD:0
[CH: 50] LEN: 12 | HEX: F9 77 FD F9 FC 73 96 FF 54 AE AF EF | T:1608795 RPD:1
[CH: 50] LEN: 12 | HEX: F9 77 F5 F5 FE 70 96 FF 23 2C BF 75 | T:1608795 RPD:0
[CH: 50] LEN: 12 | HEX: E9 77 FB F9 EC 73 96 FE D4 AE BB 5F | T:1608806 RPD:1
[CH: 50] LEN: 12 | HEX: F9 77 FE EE FE 70 96 FF 23 2C BF FB | T:1608818 RPD:1
[CH: 50] LEN: 12 | HEX: F9 77 BB FD FC 73 96 FF 54 AE BD FF | T:1608818 RPD:0
[CH: 50] LEN: 12 | HEX: F9 77 FD FE FC 70 96 FE A3 2C AF 7F | T:1608829 RPD:1
[CH: 50] LEN: 12 | HEX: F9 77 FB EE FE 70 96 FF 23 2C BB FF | T:1608829 RPD:0
[CH: 50] LEN: 12 | HEX: F9 77 FA FD FE 73 96 FF 54 AE AF FC | T:1608841 RPD:1
[CH: 50] LEN: 12 | HEX: F9 77 EC FD FC 73 96 FE D4 AE BF 7B | T:1608841 RPD:0
[CH: 50] LEN: 12 | HEX: F9 77 AA FD FE 70 96 FF 23 2C BB F5 | T:1608852 RPD:1
[CH: 50] LEN: 12 | HEX: F1 77 FC FE FA 70 96 FE 23 2C AF 9B | T:1608864 RPD:1
[CH: 50] LEN: 12 | HEX: F1 77 FB FD F5 73 96 FF 54 AE BD 52 | T:1608864 RPD:0
[CH: 50] LEN: 12 | HEX: F9 77 F4 FE FE 70 96 F7 23 2C BF EA | T:1608875 RPD:1
[CH: 50] LEN: 12 | HEX: F9 77 DE FD FE 73 96 FF 14 AE BF DD | T:1608875 RPD:0
[CH: 50] LEN: 12 | HEX: F9 77 FD FE FE 70 96 FF 23 2C BF FF | T:1608887 RPD:1
[CH: 50] LEN: 12 | HEX: F1 77 FC ED FE 73 96 FF 54 AE BF EF | T:1608898 RPD:1
[CH: 50] LEN: 12 | HEX: F9 77 E9 FE FE 70 96 FF 23 2C BA EF | T:1608898 RPD:0
[CH: 50] LEN: 12 | HEX: F9 77 F9 FD FE 73 96 FF 54 AE AC B7 | T:1608910 RPD:1
[CH: 50] LEN: 12 | HEX: F9 77 FA FD F6 73 96 F7 54 AE BB FE | T:1608910 RPD:0
[CH: 50] LEN: 12 | HEX: F9 77 FA FE FE 70 96 F7 23 2C BE DF | T:1608921 RPD:1
[CH: 50] LEN: 12 | HEX: F1 77 AE F9 FE 73 96 FF 14 AE AD AF | T:1608932 RPD:1
[CH: 50] LEN: 12 | HEX: F1 77 75 F6 FE 70 96 FE 23 2C BF FF | T:1608933 RPD:0
[CH: 50] LEN: 12 | HEX: F9 77 FA FE FE 70 96 FF 23 2C BD EF | T:1608944 RPD:1
[CH: 50] LEN: 12 | HEX: F1 77 FC FE FE 70 96 F7 23 2C AF 7B | T:1608944 RPD:0
[CH: 50] LEN: 12 | HEX: F9 77 DE FD FC 73 96 FF 14 AE AF 7B | T:1608955 RPD:1
[CH: 50] LEN: 12 | HEX: F9 77 FD FE FE 70 96 FE A3 2C BF FF | T:1608956 RPD:0
[CH: 50] LEN: 12 | HEX: F9 77 F4 FD FE 73 96 FF 94 AE AB FD | T:1608967 RPD:1
[CH: 50] LEN: 12 | HEX: F9 77 74 FC FE 70 96 EA A3 2C AE FE | T:1608978 RPD:1
[CH: 50] LEN: 12 | HEX: F9 77 F8 FD FD 73 96 EE 94 AE AB FB | T:1608979 RPD:0
[CH: 50] LEN: 12 | HEX: F1 77 FD F6 FE 70 96 F6 23 2C AF AB | T:1608990 RPD:1
[CH: 50] LEN: 12 | HEX: F9 77 FD FE FE 70 96 FF 23 2C BF FD | T:1608990 RPD:0
[CH: 50] LEN: 12 | HEX: F9 77 F5 FD FC 73 96 FF 54 AE AF FF | T:1609001 RPD:1
[CH: 50] LEN: 12 | HEX: F9 77 FD F5 FC 73 96 EF 54 AE BF FF | T:1609013 RPD:1
[CH: 50] LEN: 12 | HEX: F1 77 F9 F4 FA 70 96 FE 23 2C AF DD | T:1609013 RPD:0
[CH: 50] LEN: 12 | HEX: F1 77 FD F5 FE 73 96 FB 94 AE AF FF | T:1609024 RPD:1
[CH: 50] LEN: 12 | HEX: F1 77 FD FD FE 73 96 FF 94 AE AF BF | T:1609025 RPD:0
[CH: 50] LEN: 12 | HEX: F9 77 FB FE FE 70 96 FF 23 2C AF BD | T:1609036 RPD:1
[CH: 50] LEN: 12 | HEX: F1 77 FA FD E5 73 96 FF 14 AE BF 7F | T:1609036 RPD:0
[CH: 50] LEN: 12 | HEX: F9 77 F4 FD FC 73 96 FF 54 AE BF 7F | T:1609047 RPD:1
[CH: 50] LEN: 12 | HEX: D9 77 DE FD FE 73 96 FF 54 AE AE FF | T:1609059 RPD:1
[CH: 50] LEN: 12 | HEX: F1 77 F9 F5 FE 70 96 FF 23 2C AF FB | T:1609059 RPD:0
[CH: 50] LEN: 12 | HEX: F9 77 F4 ED FE 73 96 FE 94 AE AB DF | T:1609070 RPD:1
[CH: 50] LEN: 12 | HEX: F1 77 DC FE FE 70 96 FF 23 2C BF EB | T:1609071 RPD:0
[CH: 50] LEN: 12 | HEX: F9 77 FA FD FE 73 96 FF 54 AE BF FF | T:1609082 RPD:1
[CH: 50] LEN: 12 | HEX: F1 77 BB FE F6 70 96 FB 23 2C BF FD | T:1609093 RPD:1
[CH: 50] LEN: 12 | HEX: E9 77 ED FD FE 73 96 FF 54 AA AD BF | T:1609093 RPD:0
[CH: 50] LEN: 12 | HEX: F9 77 DE FC FE 70 96 FF 23 2C BF CD | T:1609105 RPD:1
[CH: 50] LEN: 12 | HEX: F9 77 F9 FA FE 70 96 EE 23 2C BF EB | T:1609105 RPD:0
[CH: 50] LEN: 12 | HEX: F1 77 F4 FD FE 73 56 FF 94 AE BF BF | T:1609116 RPD:1
[CH: 50] LEN: 12 | HEX: F9 77 FA F6 FE 70 96 FD 23 2C BF F7 | T:1609128 RPD:1
[CH: 50] LEN: 12 | HEX: F9 77 F9 F9 FE 73 96 FF 94 AE BF F5 | T:1609128 RPD:0
[CH: 50] LEN: 12 | HEX: F1 77 FC FC FE 70 96 F2 23 2C BF 7F | T:1609139 RPD:1
[CH: 50] LEN: 12 | HEX: F9 77 F9 F9 FE 73 96 F6 D4 AE BD FB | T:1609139 RPD:0
[CH: 50] LEN: 12 | HEX: F9 77 D4 FE FE 70 96 FE A3 2C BF ED | T:1609151 RPD:1
[CH: 50] LEN: 12 | HEX: F9 77 FA FD EA 73 96 FF 94 AE AB F7 | T:1609151 RPD:0
[CH: 50] LEN: 12 | HEX: F9 77 FD FE F6 70 96 FB 23 2C BF FF | T:1609162 RPD:1
[CH: 50] LEN: 12 | HEX: F1 77 BC F9 FE 73 96 EE D4 AE AE 55 | T:1609174 RPD:1
[CH: 50] LEN: 12 | HEX: F1 77 F5 FE FE 70 96 F6 A3 2C BD FF | T:1609174 RPD:0
[CH: 50] LEN: 12 | HEX: F9 77 FA FD FE 73 96 EF 54 AE BF ED | T:1609185 RPD:1
[CH: 50] LEN: 12 | HEX: F1 67 B8 ED DC 73 16 FE 54 AE BF BF | T:1609185 RPD:0
[CH: 50] LEN: 12 | HEX: F1 77 DD FE F6 70 96 EF 23 2C AF FF | T:1609197 RPD:1
[CH: 50] LEN: 12 | HEX: F9 77 DA FD FE 73 96 FF 54 AC AF AD | T:1609208 RPD:1
[CH: 50] LEN: 12 | HEX: E9 77 DC FE BE 70 96 FB 23 2C AF F7 | T:1609208 RPD:0
[CH: 50] LEN: 12 | HEX: F9 77 F4 FE FE 70 96 FE 23 2C AF BF | T:1609219 RPD:1
[CH: 50] LEN: 12 | HEX: F9 77 FB FE F6 70 96 FE 23 2C BF EF | T:1609220 RPD:0
[CH: 50] LEN: 12 | HEX: F9 77 FD F5 FD 73 96 FE 54 AE BF FD | T:1609231 RPD:1
[CH: 50] LEN: 12 | HEX: F9 77 F5 FE FE 70 96 FE 23 2C BF FF | T:1609231 RPD:0
[CH: 50] LEN: 12 | HEX: F1 77 FB FE F6 70 96 FE 23 2C BF BF | T:1609243 RPD:1
[CH: 50] LEN: 12 | HEX: F9 77 DD FE FE 70 96 FF 23 2C AD F7 | T:1609254 RPD:1
[CH: 50] LEN: 12 | HEX: F1 77 B9 FD FE 73 96 FF 14 AE BD FE | T:1609254 RPD:1
[CH: 50] LEN: 12 | HEX: F9 77 DA FE FE 70 96 FF 23 2C BF FF | T:1609265 RPD:1
[CH: 50] LEN: 12 | HEX: F1 77 FD FD FF 73 96 FF 54 AE AF DF | T:1609266 RPD:0
[CH: 50] LEN: 12 | HEX: F9 77 FC FE FE 70 96 FF 23 2C AE FF | T:1609277 RPD:1
[CH: 50] LEN: 12 | HEX: F9 77 F4 FD FE 73 96 FB 94 AE AD FF | T:1609288 RPD:1
[CH: 50] LEN: 12 | HEX: F9 77 FE FE FE 70 96 FF 23 2C BF 7A | T:1609289 RPD:0
[CH: 50] LEN: 12 | HEX: F9 77 FC FD F4 73 96 FE 94 AE BF 6D | T:1609300 RPD:1
[CH: 50] LEN: 12 | HEX: F9 77 FD FD FE 73 96 FF 94 AE AB 7F | T:1609300 RPD:0
[CH: 50] LEN: 12 | HEX: F9 77 FA FE FE 70 96 FF 23 2C BE 9F | T:1609311 RPD:1
[CH: 50] LEN: 12 | HEX: F9 77 FD FD FA 73 96 FF 54 AE AD FF | T:1609323 RPD:1
[CH: 50] LEN: 12 | HEX: F9 77 BC FE FC 70 96 EE A3 2C B5 7F | T:1609323 RPD:0
[CH: 50] LEN: 12 | HEX: F9 77 7D FD FC 73 96 FD 54 AD BF EF | T:1609334 RPD:1
[CH: 50] LEN: 12 | HEX: F1 77 FD FA FE 70 96 FF 23 2C AF FE | T:1609335 RPD:0
[CH: 50] LEN: 12 | HEX: F1 77 EC FD F4 73 96 FF 54 AE AF FF | T:1609346 RPD:1
[CH: 50] LEN: 12 | HEX: F5 77 F5 F6 FE 70 96 F7 23 2C BF FD | T:1609346 RPD:0
[CH: 50] LEN: 12 | HEX: F9 77 F4 FD FE 73 96 FE D4 AE BF FF | T:1609357 RPD:1
[CH: 50] LEN: 12 | HEX: F9 77 B4 FE FE 70 96 FE 23 2C AF FF | T:1609369 RPD:1
[CH: 50] LEN: 12 | HEX: F9 77 FA FD FE 73 96 FF 54 AE AF EA | T:1609369 RPD:0
[CH: 50] LEN: 12 | HEX: F9 77 EA FE FE 70 96 FF 23 2C AE EE | T:1609380 RPD:1
[CH: 50] LEN: 12 | HEX: F9 77 7D FE FE 70 96 FE A3 2C AF FF | T:1609381 RPD:0
[CH: 50] LEN: 12 | HEX: F1 77 FE FD FC 73 16 F7 14 AE BD EB | T:1609392 RPD:1
[CH: 50] LEN: 12 | HEX: F9 77 FA FE FE 70 96 FF 23 2C BF FF | T:1609403 RPD:1
[CH: 50] LEN: 12 | HEX: F9 77 F9 F9 EE 73 96 FF 14 AE BD B7 | T:1609403 RPD:0
[CH: 50] LEN: 12 | HEX: F9 77 FD FD FE 73 96 FF 14 AE BF 7F | T:1609415 RPD:1
[CH: 50] LEN: 12 | HEX: F1 77 AC F5 FE 73 96 FF 94 AE BF BF | T:1609415 RPD:0
[CH: 50] LEN: 12 | HEX: F9 77 FE FE FE 70 96 FF 23 2C AF DF | T:1609426 RPD:1
[CH: 50] LEN: 12 | HEX: F9 77 F4 FD FE 73 96 EE 94 AE B7 EF | T:1609426 RPD:0
[CH: 50] LEN: 12 | HEX: F1 77 DD FE FA 70 96 F7 23 2C AD FE | T:1609438 RPD:1
[CH: 50] LEN: 12 | HEX: F9 77 DC FD FE 73 96 FF 14 AE AF F6 | T:1609449 RPD:1
[CH: 50] LEN: 12 | HEX: F1 77 FC F6 FA 70 96 FF 23 2C BF FF | T:1609449 RPD:0
[CH: 50] LEN: 12 | HEX: F1 77 FE F9 FE 73 96 FF 14 AE AE FF | T:1609461 RPD:1
[CH: 50] LEN: 12 | HEX: F9 77 FB FD FC 73 96 FE 94 AE AF FF | T:1609461 RPD:0
[CH: 50] LEN: 12 | HEX: F9 77 FC FE FE 70 96 FF 23 2C BE F5 | T:1609472 RPD:1
[CH: 50] LEN: 12 | HEX: F1 77 FD FE FE 70 96 FE 23 2C BD FF | T:1609483 RPD:1
[CH: 50] LEN: 12 | HEX: F9 77 FD FD FE 73 96 FF 94 AE BF DF | T:1609484 RPD:0
[CH: 50] LEN: 12 | HEX: F9 77 FF FA FE 70 96 FE 23 2C BF DE | T:1609495 RPD:1
[CH: 50] LEN: 12 | HEX: F9 77 FB FE FE 70 96 FD 23 2C AA FF | T:1609495 RPD:0
[CH: 50] LEN: 12 | HEX: E9 77 F9 FD DD 73 96 FF 54 AE AD EF | T:1609507 RPD:1
[CH: 50] LEN: 12 | HEX: F9 77 F9 FE ED 70 96 FD 23 2C AB 76 | T:1609518 RPD:1
[CH: 50] LEN: 12 | HEX: F9 77 BB FD FD 73 96 FB 14 AE B7 7F | T:1609518 RPD:0
[CH: 50] LEN: 12 | HEX: F9 77 DD FE FE 70 96 FF 23 2C AF DF | T:1609529 RPD:1
[CH: 50] LEN: 12 | HEX: F1 77 5C FE F4 70 96 EA 23 2C BF FF | T:1609530 RPD:0
[CH: 50] LEN: 12 | HEX: F9 77 BB F9 FC 73 96 FB 14 AE AE BB | T:1609541 RPD:1
[CH: 50] LEN: 12 | HEX: F9 77 F5 FD FE 73 96 F7 54 AE AF BD | T:1609541 RPD:0
[CH: 50] LEN: 12 | HEX: F9 77 FB FC FE 70 96 FF 23 2C AF BF | T:1609553 RPD:1
[CH: 50] LEN: 12 | HEX: F9 77 BB F9 FE 73 96 FF 54 AE BF DF | T:1609564 RPD:1
[CH: 50] LEN: 12 | HEX: F9 77 F9 FE EC 70 96 F7 23 2C AF 5A | T:1609564 RPD:0
[CH: 50] LEN: 12 | HEX: F9 77 BA FD FE 73 96 F7 94 AE AE EF | T:1609575 RPD:1
[CH: 50] LEN: 12 | HEX: F9 77 FD F9 FE 73 96 FF 54 AE AF DE | T:1609576 RPD:0
[CH: 50] LEN: 12 | HEX: F9 77 FD FE FD 70 96 FF 23 2C AF FE | T:1609587 RPD:1
[CH: 50] LEN: 12 | HEX: F1 77 FD FD F6 73 96 FF 94 AE AD BD | T:1609598 RPD:1
[CH: 50] LEN: 12 | HEX: F9 77 BC FE F6 70 96 FE A3 2C AF EF | T:1609599 RPD:0
[CH: 50] LEN: 12 | HEX: F1 77 FB F9 FC 73 96 FF 94 AE BF 6F | T:1609610 RPD:1
[CH: 50] LEN: 12 | HEX: F9 77 AD FE FE 70 96 FF 23 2C BF BB | T:1609610 RPD:0
[CH: 50] LEN: 12 | HEX: F9 77 BD FD FE 73 96 EB 54 AE AD F7 | T:1609621 RPD:1
[CH: 50] LEN: 12 | HEX: F1 77 BC F6 FE 70 96 FE 23 2C BF D7 | T:1609622 RPD:0
[CH: 50] LEN: 12 | HEX: F9 77 FD F9 FE 73 96 FF 94 AE BF FD | T:1609633 RPD:1
[CH: 50] LEN: 12 | HEX: F9 77 B9 FD FC 70 96 FB 23 2C BF BE | T:1609644 RPD:1
[CH: 50] LEN: 12 | HEX: F1 77 F5 F5 FE 73 96 FF 94 AE BF FF | T:1609644 RPD:0
[CH: 50] LEN: 12 | HEX: F9 77 FD FE FE 70 96 FE A3 2C AF BF | T:1609656 RPD:1
[CH: 50] LEN: 12 | HEX: F9 77 FC FE FE 70 96 EE 23 2C BF BF | T:1609656 RPD:1
[CH: 50] LEN: 12 | HEX: F1 77 BB FD FE 73 96 FF 54 AE B7 FF | T:1609667 RPD:1
[CH: 50] LEN: 12 | HEX: F9 77 DE F4 FE 70 96 FE A3 2C B7 EF | T:1609679 RPD:1
[CH: 50] LEN: 12 | HEX: F1 77 FB FD FE 73 96 FE D4 AE BF F5 | T:1609679 RPD:0
[CH: 50] LEN: 12 | HEX: F9 77 F4 FD FE 73 96 FF 14 AE AF BF | T:1609690 RPD:1
[CH: 50] LEN: 12 | HEX: F9 77 F5 FD FE 73 96 EF 14 AE BF FF | T:1609690 RPD:0
[CH: 50] LEN: 12 | HEX: F1 77 FA FE FE 70 96 FE A3 2C BB FD | T:1609702 RPD:1
[CH: 50] LEN: 12 | HEX: F1 77 F4 FD FE 73 96 FF 94 AE BB FB | T:1609713 RPD:1
[CH: 50] LEN: 12 | HEX: F9 77 FB FE FE 70 96 FF 23 2C BF FF | T:1609713 RPD:0
[CH: 50] LEN: 12 | HEX: F9 77 7D FD EC 73 96 FB 14 AE AE F5 | T:1609725 RPD:1
[CH: 50] LEN: 12 | HEX: F9 77 BB F9 EE 73 96 FF 54 AE AF EF | T:1609725 RPD:0
[CH: 50] LEN: 12 | HEX: F9 77 FD FE FE 70 96 FE 23 2C AF FA | T:1609736 RPD:1
[CH: 50] LEN: 12 | HEX: F9 77 FA FE FE 70 96 FF 23 2C BD FF | T:1609736 RPD:0
[CH: 50] LEN: 12 | HEX: F9 77 FA F9 FE 73 96 FF 54 AE AF BF | T:1609748 RPD:1
[CH: 50] LEN: 12 | HEX: F9 77 FA FE FE 70 96 FF 23 2C BD 6F | T:1609759 RPD:1
[CH: 50] LEN: 12 | HEX: F9 77 FE FD F6 73 96 FF 94 AE AD BE | T:1609759 RPD:0
[CH: 50] LEN: 12 | HEX: F1 77 FD FE FE 70 96 FE 23 2C BF FF | T:1609771 RPD:1
[CH: 50] LEN: 12 | HEX: F9 77 AA FE FD 70 96 F6 A3 2C BF FB | T:1609771 RPD:0
[CH: 50] LEN: 12 | HEX: F9 77 FB FD FC 73 96 F6 94 AE BD ED | T:1609782 RPD:1
[CH: 50] LEN: 12 | HEX: E9 77 F5 FE F6 70 96 FE 23 2C B7 DD | T:1609793 RPD:1
[CH: 50] LEN: 12 | HEX: F9 77 F8 FD FE 73 96 FF 54 AE BB FF | T:1609794 RPD:0
[CH: 50] LEN: 12 | HEX: F1 77 FD F4 F4 70 96 FF 23 2C AB 56 | T:1609805 RPD:1
[CH: 50] LEN: 12 | HEX: F9 77 F5 FD FE 73 96 FF 54 AE AF DF | T:1609805 RPD:0
[CH: 50] LEN: 12 | HEX: F1 77 DC FE EC 70 96 EE 23 2C BF 7F | T:1609817 RPD:1
[CH: 50] LEN: 12 | HEX: F9 77 FB FD FD 73 96 FF 54 AE BA F7 | T:1609817 RPD:0
[CH: 50] LEN: 12 | HEX: F1 77 FE FA FC 70 96 FE 23 2C AF BF | T:1609828 RPD:1
[CH: 50] LEN: 12 | HEX: F1 77 FC FD FE 73 96 FF 14 AE BF FF | T:1609839 RPD:1
[CH: 50] LEN: 12 | HEX: F9 77 F8 FE FE 70 96 FF 23 2C AE F7 | T:1609840 RPD:0
[CH: 50] LEN: 12 | HEX: F9 77 FD FB FE 73 96 FF 14 AE AF FF | T:1609851 RPD:1
[CH: 50] LEN: 12 | HEX: F9 77 DC FD FE 73 96 FF 94 AE AF FF | T:1609851 RPD:0
[CH: 50] LEN: 12 | HEX: F9 77 FA FE FE 70 96 FF 23 2C AF EF | T:1609862 RPD:1
[CH: 50] LEN: 12 | HEX: F1 77 FC FD DC 73 96 FD 54 AE BB AF | T:1609874 RPD:1
[CH: 50] LEN: 12 | HEX: E9 77 FB EE F5 70 96 FF 23 2C BF BF | T:1609874 RPD:0
[CH: 50] LEN: 12 | HEX: F9 77 FD FE F6 70 96 F7 23 2C BF 7F | T:1609885 RPD:1
[CH: 50] LEN: 12 | HEX: F1 77 BC F5 FE 70 96 EE 23 2C AD EE | T:1609886 RPD:0
[CH: 50] LEN: 12 | HEX: F1 77 FB F5 EC 73 96 FF 94 AE BE BD | T:1609897 RPD:1
[CH: 50] LEN: 12 | HEX: F9 77 FA FE FE 70 96 FF 23 2C AD FF | T:1609908 RPD:1
[CH: 50] LEN: 12 | HEX: F5 77 FC F9 FD 73 96 FF 14 AE BF F7 | T:1609908 RPD:0
[CH: 50] LEN: 12 | HEX: F1 77 FD FE FE 70 96 FE 23 2C AB 7F | T:1609920 RPD:1
[CH: 50] LEN: 12 | HEX: E9 77 DC FA FE 70 96 FE 23 2C AE F5 | T:1609920 RPD:0
[CH: 50] LEN: 12 | HEX: F9 77 FB FD FE 73 96 FF 54 AE AB DF | T:1609931 RPD:1
[CH: 50] LEN: 12 | HEX: F9 77 FA FE FE 70 96 FF 23 2C AE BD | T:1609932 RPD:0
[CH: 50] LEN: 12 | HEX: F1 77 F5 FD FD 73 96 FF 14 AE AB F7 | T:1609943 RPD:1
[CH: 50] LEN: 12 | HEX: F1 77 FC FD FE 73 96 F7 14 AE AF FF | T:1609954 RPD:1
[CH: 50] LEN: 12 | HEX: F9 77 BC FA FE 70 96 FE 23 2C AF 7F | T:1609954 RPD:0
[CH: 50] LEN: 12 | HEX: F9 77 FD FD FE 73 96 FF 14 AE BE FF | T:1609966 RPD:1
[CH: 50] LEN: 12 | HEX: F1 77 F4 FD FE 73 96 F7 54 AE AB FD | T:1609966 RPD:0
[CH: 50] LEN: 12 | HEX: F9 77 BA FE FE 70 96 F6 23 2C BF FF | T:1609977 RPD:1
[CH: 50] LEN: 12 | HEX: F1 77 FD F5 FD 73 96 FF 14 AE BF BD | T:1609989 RPD:1
[CH: 50] LEN: 12 | HEX: F1 77 EE FA FE 70 96 FF 23 2C AF FD | T:1609989 RPD:1
[CH: 50] LEN: 12 | HEX: F9 77 F5 FD EE 73 96 FF 14 AE AF EF | T:1610000 RPD:1
[CH: 50] LEN: 12 | HEX: F9 77 FE FE FE 70 96 FF 23 2C AB FF | T:1610000 RPD:0
[CH: 50] LEN: 12 | HEX: F9 77 B9 F9 EE 73 96 FE 94 AE BF FF | T:1610012 RPD:1
[CH: 50] LEN: 12 | HEX: F1 77 F4 FE FE 70 96 EE 23 2C BF FE | T:1610012 RPD:0
[CH: 50] LEN: 12 | HEX: F9 77 F4 FD EA 73 96 FF 54 AE BF 5F | T:1610023 RPD:1
[CH: 50] LEN: 12 | HEX: F1 77 FC F6 FE 70 96 FE A3 2C AF FF | T:1610035 RPD:1
[CH: 50] LEN: 12 | HEX: F9 77 F9 F9 FE 73 96 FF 94 AE AF F7 | T:1610035 RPD:0
[CH: 50] LEN: 12 | HEX: F9 77 DC FE FE 70 96 FF 23 2C BF 6F | T:1610046 RPD:1
[CH: 50] LEN: 12 | HEX: F9 77 FC FE FE 70 96 FF 23 2C AF FB | T:1610046 RPD:0
[CH: 50] LEN: 12 | HEX: F1 77 DA FD F6 73 96 ED 14 AE BF FF | T:1610058 RPD:1
[CH: 50] LEN: 12 | HEX: F9 77 DC FE FE 70 96 FF 23 2C BB DF | T:1610069 RPD:1
[CH: 50] LEN: 12 | HEX: F9 77 FC FD FE 73 96 FF 94 AE AD FE | T:1610069 RPD:0
[CH: 50] LEN: 12 | HEX: F1 77 75 FC FE 70 96 FF 23 2C AF FF | T:1610081 RPD:1
[CH: 50] LEN: 12 | HEX: F9 77 BC FD FE 73 96 FF 54 AE BF EF | T:1610081 RPD:0
[CH: 50] LEN: 12 | HEX: F9 77 DC FE FE 70 96 FF 23 2C AF FF | T:1610092 RPD:1
[CH: 50] LEN: 12 | HEX: F9 77 FA FD EA 73 96 FF 54 AE BF FF | T:1610103 RPD:1
[CH: 50] LEN: 12 | HEX: F5 77 5E F6 F4 70 96 F6 23 2C AE FB | T:1610104 RPD:0
[CH: 50] LEN: 12 | HEX: F9 77 FB F5 FE 73 96 FE D4 AE BD FF | T:1610115 RPD:1
[CH: 50] LEN: 12 | HEX: F1 77 BE FD FA 73 96 FF 14 AE AF FA | T:1610115 RPD:0
[CH: 50] LEN: 12 | HEX: F9 77 FB FA F6 70 96 FD A3 2C BF ED | T:1610126 RPD:1
[CH: 50] LEN: 12 | HEX: F9 77 F5 FD FE 73 96 FF 94 AE BE BF | T:1610127 RPD:1
[CH: 50] LEN: 12 | HEX: F9 77 F4 FE FE 70 96 FE 23 2C BF ED | T:1610138 RPD:1
[CH: 50] LEN: 12 | HEX: F1 77 F9 FE FE 70 96 FF 23 2C BF BF | T:1610149 RPD:1
[CH: 50] LEN: 12 | HEX: F9 77 F4 FD FE 73 96 FF 14 AE BE FF | T:1610150 RPD:0
[CH: 50] LEN: 12 | HEX: F1 77 FD FD FE 70 96 FE 23 2C BE FF | T:1610161 RPD:1
[CH: 50] LEN: 12 | HEX: F1 77 FA FE FE 70 96 FE A3 2C AF F7 | T:1610161 RPD:0
[CH: 50] LEN: 12 | HEX: F9 77 FA FD FA 73 96 FF 94 AE AF DD | T:1610172 RPD:1
[CH: 50] LEN: 12 | HEX: F1 77 FE FE FE 70 96 FF 23 2C BF FF | T:1610184 RPD:1
[CH: 50] LEN: 12 | HEX: F9 77 F4 F5 F6 73 96 FF 14 AE BF FF | T:1610184 RPD:0
[CH: 50] LEN: 12 | HEX: F9 77 FA F4 FE 70 96 FE A3 2C AF DF | T:1610195 RPD:1
[CH: 50] LEN: 12 | HEX: F9 77 FB FE FE 70 96 FF 23 2C AF FF | T:1610196 RPD:1
[CH: 50] LEN: 12 | HEX: F1 77 FE FD FE 73 96 FD 94 AE AB FE | T:1610207 RPD:1
[CH: 50] LEN: 12 | HEX: F9 77 FA FD EC 73 96 FF 94 AE AB 7F | T:1610207 RPD:0
[CH: 50] LEN: 12 | HEX: F9 77 EC F6 FE 70 96 F6 A3 2C BE DD | T:1610218 RPD:1
[CH: 50] LEN: 12 | HEX: F9 77 FA FD FE 73 96 FF 54 AE B5 FF | T:1610230 RPD:1
[CH: 50] LEN: 12 | HEX: F9 77 F8 FE EA 70 96 FF 23 2C AF FB | T:1610230 RPD:0
[CH: 50] LEN: 12 | HEX: F9 77 FB FD FE 73 96 FF 94 AE A7 F5 | T:1610241 RPD:1
[CH: 50] LEN: 12 | HEX: F5 77 5A F9 DD 73 96 FE 94 AE BD 5A | T:1610242 RPD:0
[CH: 50] LEN: 12 | HEX: F9 77 FB FE FE 70 96 F6 A3 2C BF DF | T:1610253 RPD:1
[CH: 50] LEN: 12 | HEX: F1 77 FB FD FE 73 96 FF 54 AE AF EF | T:1610264 RPD:1
[CH: 50] LEN: 12 | HEX: F9 77 F9 FD FE 70 96 FE 23 2C BB AD | T:1610264 RPD:0
[CH: 50] LEN: 12 | HEX: F9 77 B1 FD FE 73 96 FE 94 AE BC FF | T:1610276 RPD:1
[CH: 50] LEN: 12 | HEX: F9 77 F9 FE FE 70 96 FE 23 2C BD F7 | T:1610276 RPD:0
[CH: 50] LEN: 12 | HEX: F9 77 FA FD FE 73 96 F5 14 AE AF FF | T:1610287 RPD:1
[CH: 50] LEN: 12 | HEX: F1 77 D4 FE FE 70 96 FF 23 2C A7 AF | T:1610299 RPD:1
[CH: 50] LEN: 12 | HEX: F9 77 FE FD EC 73 96 EF 94 AE AE DB | T:1610299 RPD:0
[CH: 50] LEN: 12 | HEX: F9 77 F4 FE FE 70 96 FE 23 2C BF 7F | T:1610310 RPD:1
[CH: 50] LEN: 12 | HEX: F9 77 BC FE FE 70 96 FE A3 2C BF FF | T:1610310 RPD:0
[CH: 50] LEN: 12 | HEX: F9 77 BA FD FE 73 96 EF 54 AE BB FF | T:1610322 RPD:1
[CH: 50] LEN: 12 | HEX: F9 77 DC FE FE 70 96 FE A3 2C AD F6 | T:1610322 RPD:0
[CH: 50] LEN: 12 | HEX: F9 77 FE FD FE 73 96 FF 94 AE BB AF | T:1610333 RPD:1
[CH: 50] LEN: 12 | HEX: F1 77 BB F4 FE 70 96 FD 23 2C AF DE | T:1610344 RPD:1
[CH: 50] LEN: 12 | HEX: F1 77 FE FD FE 73 96 FF 14 AE BD F7 | T:1610345 RPD:0
[CH: 50] LEN: 12 | HEX: F9 77 BD FD FD 73 96 FF D4 AE BE FF | T:1610356 RPD:1
[CH: 50] LEN: 12 | HEX: F9 77 EE F9 FE 73 96 FF 54 AE BF FD | T:1610356 RPD:0
[CH: 50] LEN: 12 | HEX: F1 77 F4 FE FE 70 96 FE A3 2C BF FB | T:1610368 RPD:1
[CH: 50] LEN: 12 | HEX: F9 77 FA FD EC 73 96 F5 54 AE BE CD | T:1610379 RPD:1
[CH: 50] LEN: 12 | HEX: F9 77 FB FE FE 70 96 FF 23 2C AF FF | T:1610379 RPD:0
[CH: 50] LEN: 12 | HEX: F9 77 FB FD EE 73 96 FF 94 AE BF FF | T:1610390 RPD:1
[CH: 50] LEN: 12 | HEX: F9 77 FC FD FE 73 96 F6 94 AE AD 7E | T:1610391 RPD:0
[CH: 50] LEN: 12 | HEX: F9 77 F8 FE EC 70 96 FF 23 2C AF 76 | T:1610402 RPD:1
[CH: 50] LEN: 12 | HEX: F9 77 BB FD FE 73 96 FE D4 AC AD EB | T:1610402 RPD:0
[CH: 50] LEN: 12 | HEX: F1 77 F9 EE FE 70 96 F7 23 2C BF BB | T:1610414 RPD:1
[CH: 50] LEN: 12 | HEX: F1 67 74 FD FE 70 96 FA 23 2C AF BE | T:1610425 RPD:1
[CH: 50] LEN: 12 | HEX: F9 77 FA F9 FE 73 96 FF 54 AE BF F2 | T:1610425 RPD:0
[CH: 50] LEN: 12 | HEX: E9 77 F4 FE FE 70 96 EE 23 2C AD BF | T:1610436 RPD:1
[CH: 50] LEN: 12 | HEX: F1 77 FB FE FE 70 96 FF 23 2C BF B7 | T:1610437 RPD:0
[CH: 50] LEN: 12 | HEX: F1 77 EC FD F4 73 96 FF 94 AE AF D7 | T:1610448 RPD:1
[CH: 50] LEN: 12 | HEX: F9 77 F4 FE FE 70 96 FF 23 2C BF 5D | T:1610459 RPD:1
[CH: 50] LEN: 12 | HEX: F9 77 F4 FD FE 73 96 FF 94 AE AD 5F | T:1610460 RPD:0
[CH: 50] LEN: 12 | HEX: F1 77 BB FC FE 70 96 FF 23 2C BF DF | T:1610471 RPD:1
[CH: 50] LEN: 12 | HEX: F9 77 FD FE FE 70 96 FF 23 2C BF BE | T:1610471 RPD:0
[CH: 50] LEN: 12 | HEX: F9 77 FE FD EC 73 96 FF 94 AE A9 DF | T:1610482 RPD:1
[CH: 50] LEN: 12 | HEX: E9 77 F5 E9 F5 73 D6 FF 14 AE BF FE | T:1610494 RPD:1
[CH: 50] LEN: 12 | HEX: F9 77 DE FC FA 70 96 FF 23 2C BF 6B | T:1610494 RPD:0
[CH: 50] LEN: 12 | HEX: F9 77 FB FD EA 73 96 FF 54 AE BF BE | T:1610505 RPD:1
[CH: 50] LEN: 12 | HEX: F9 77 FC FD FE 73 96 FF 14 AE AF BF | T:1610506 RPD:0
[CH: 50] LEN: 12 | HEX: F9 77 FD FD FE 70 96 FF 23 2C AF B7 | T:1610517 RPD:1
[CH: 50] LEN: 12 | HEX: F1 77 FA FD F6 73 96 FF 14 AE AF 6F | T:1610517 RPD:0
[CH: 50] LEN: 12 | HEX: F1 77 FA FE FE 70 96 FF 23 2C AF FF | T:1610528 RPD:1
[CH: 50] LEN: 12 | HEX: F9 77 DC FD FE 73 96 FE 94 AE AF FF | T:1610540 RPD:1
[CH: 50] LEN: 12 | HEX: F1 77 BE FE FE 70 96 FF 23 2C AB FF | T:1610540 RPD:0
[CH: 50] LEN: 12 | HEX: F9 77 FD FD FE 7B 96 F7 94 AA AA DB | T:1610551 RPD:1
[CH: 50] LEN: 12 | HEX: F9 77 F5 FE FE 70 96 EB 23 2C AF EB | T:1610551 RPD:0
[CH: 50] LEN: 12 | HEX: F1 77 DA F5 EA 73 96 FE 94 AE AE FF | T:1610563 RPD:1
[CH: 50] LEN: 12 | HEX: F1 77 FB FE FC 70 96 FF 23 2C AF FF | T:1610574 RPD:1
[CH: 50] LEN: 12 | HEX: F1 77 F5 FD FD 73 96 FF 54 AE BB 7F | T:1610574 RPD:0
[CH: 50] LEN: 12 | HEX: F9 77 BB F4 F4 70 96 FE 23 2C AF BD | T:1610586 RPD:1
[CH: 50] LEN: 12 | HEX: F1 77 FB FE FE 70 96 FE 23 2C AF FF | T:1610586 RPD:0
[CH: 50] LEN: 12 | HEX: F9 77 F9 FD EE 73 96 FB 94 AE AF EE | T:1610597 RPD:1
[CH: 50] LEN: 12 | HEX: F1 77 FE FE FE 70 96 FF 23 2C AF 6D | T:1610597 RPD:0
[CH: 50] LEN: 12 | HEX: F5 77 FB F5 FC 73 96 FE D4 AE BE E5 | T:1610609 RPD:1
[CH: 50] LEN: 12 | HEX: F9 77 AE FE FA 70 96 FA 23 2C AF 7D | T:1610620 RPD:1
[CH: 50] LEN: 12 | HEX: F9 77 FB EB FE 73 96 FE 94 AE AF BF | T:1610620 RPD:0
[CH: 50] LEN: 12 | HEX: F9 77 FA ED FC 73 96 EF 54 AE BF D9 | T:1610632 RPD:1
[CH: 50] LEN: 12 | HEX: F9 77 FC FD FE 73 96 FF 14 AA AE DF | T:1610632 RPD:0
[CH: 50] LEN: 12 | HEX: F1 77 74 FE F4 70 96 F6 23 2C AF FF | T:1610643 RPD:1
[CH: 50] LEN: 12 | HEX: F1 77 FD FD FC 73 96 FE D4 AE AF FF | T:1610654 RPD:1
[CH: 50] LEN: 12 | HEX: F9 77 F5 FE FE 70 96 FF 23 2C BF FF | T:1610655 RPD:0
[CH: 50] LEN: 12 | HEX: F9 77 FA F9 F6 73 96 FF 94 AE B5 FF | T:1610666 RPD:1
[CH: 50] LEN: 12 | HEX: F9 77 FA FD EE 73 96 FF 54 AE AF FD | T:1610666 RPD:1
[CH: 50] LEN: 12 | HEX: F9 77 DE FE FE 70 96 FF 23 2C AB FD | T:1610678 RPD:1
[CH: 50] LEN: 12 | HEX: F1 77 FA ED FE 70 96 FF 23 2C BF EF | T:1610689 RPD:1
[CH: 50] LEN: 12 | HEX: F9 77 EE FD FC 73 96 FF 54 AE B7 EE | T:1610689 RPD:0
[CH: 50] LEN: 12 | HEX: F1 77 75 FE FE 70 96 FE A3 2C BE FD | T:1610700 RPD:1
[CH: 50] LEN: 12 | HEX: F1 77 FA FE FE 70 96 FD 23 2C BF EB | T:1610701 RPD:0
[CH: 50] LEN: 12 | HEX: F9 77 FE F9 EC 73 96 FF 54 AE AF FF | T:1610712 RPD:1
[CH: 50] LEN: 12 | HEX: F9 77 FB FE FE 70 96 FF 23 2C BF EF | T:1610712 RPD:0
[CH: 50] LEN: 12 | HEX: F1 77 FE FD FD 73 96 FD 94 AE BF FF | T:1610724 RPD:1
[CH: 50] LEN: 12 | HEX: E9 77 D4 FD FE 70 96 FE A3 2C AF FE | T:1610735 RPD:1
[CH: 50] LEN: 12 | HEX: F1 77 FE FD FE 73 96 FF 94 AE BF FD | T:1610735 RPD:0
[CH: 50] LEN: 12 | HEX: F9 77 FD FE FE 70 96 FF 23 2C AF FE | T:1610746 RPD:1
[CH: 50] LEN: 12 | HEX: F9 77 FA FD FC 73 96 FF 14 AE AB FB | T:1610747 RPD:0
[CH: 50] LEN: 12 | HEX: F1 77 FB FA FE 70 96 F7 23 2C AE FB | T:1610758 RPD:1
[CH: 50] LEN: 12 | HEX: F9 77 FA FD FE 73 96 FB 94 AE AF AF | T:1610769 RPD:1
[CH: 50] LEN: 12 | HEX: F1 77 F9 FE FE 70 96 F7 23 2C BD FF | T:1610769 RPD:0
[CH: 50] LEN: 12 | HEX: F9 77 F9 FD FE 73 96 FF 54 AE BF 9A | T:1610781 RPD:1
[CH: 50] LEN: 12 | HEX: F9 77 FD FD DE 73 96 FF 94 AE BF 7F | T:1610781 RPD:0
[CH: 50] LEN: 12 | HEX: E9 77 FD F6 FE 70 96 F6 23 2C AB FF | T:1610792 RPD:1
[CH: 50] LEN: 12 | HEX: F5 77 FD F5 FE 73 96 FD 14 AE AD EF | T:1610793 RPD:0
[CH: 50] LEN: 12 | HEX: F9 77 BD FE FD 70 96 FE A3 2C BF FF | T:1610804 RPD:1
[CH: 50] LEN: 12 | HEX: F9 77 FA FD FE 73 96 F7 94 AE BF FB | T:1610815 RPD:1
[CH: 50] LEN: 12 | HEX: F9 77 FA FE FE 70 96 FF 23 2C AA F7 | T:1610815 RPD:0
[CH: 50] LEN: 12 | HEX: F1 77 F4 FE F6 70 96 FE 23 2C BF ED | T:1610827 RPD:1
[CH: 50] LEN: 12 | HEX: F9 77 F4 FE FE 70 96 FF 23 2C BE FD | T:1610827 RPD:0
[CH: 50] LEN: 12 | HEX: F9 77 BC FD EE 73 96 FF 14 AE AF DF | T:1610838 RPD:1
[CH: 50] LEN: 12 | HEX: F1 77 F4 F6 FE 70 96 FF 23 2C BF 7F | T:1610850 RPD:1
[CH: 50] LEN: 12 | HEX: F1 77 FD F9 FE 73 96 FF 94 AE AF 6C | T:1610850 RPD:0
[CH: 50] LEN: 12 | HEX: F9 77 DD FE FE 70 96 FE A3 2C AD FB | T:1610861 RPD:1
[CH: 50] LEN: 12 | HEX: F9 77 DC F6 FE 70 96 FF 23 2C BF DF | T:1610861 RPD:0
[CH: 50] LEN: 12 | HEX: F9 77 BB FD FE 73 96 EE 94 AE AB FE | T:1610873 RPD:1
[CH: 50] LEN: 12 | HEX: F9 77 FE FA FE 70 96 FF 23 2C BF DF | T:1610884 RPD:1
[CH: 50] LEN: 12 | HEX: F9 77 F9 FD FE 73 96 FF 54 AE BE FE | T:1610884 RPD:0
[CH: 50] LEN: 12 | HEX: F1 77 FC FD EE 73 96 FF 54 AE B7 DE | T:1610896 RPD:1
[CH: 50] LEN: 12 | HEX: F9 77 FD F5 FE 73 96 FE 94 AE BF F5 | T:1610896 RPD:0
[CH: 50] LEN: 12 | HEX: F1 77 FC FE F6 70 96 FE 23 2C AF FF | T:1610907 RPD:1
[CH: 50] LEN: 12 | HEX: F1 77 D4 F9 FE 73 96 FF 94 AE AF FE | T:1610907 RPD:0
[CH: 50] LEN: 12 | HEX: E9 77 FA FA FE 70 96 FF 23 2C BF F3 | T:1610919 RPD:1
[CH: 50] LEN: 12 | HEX: F9 77 FA FD FE 73 96 FF 54 AE BB 79 | T:1610930 RPD:1
[CH: 50] LEN: 12 | HEX: F9 77 F9 FE FE 70 96 F7 23 2C AD FD | T:1610930 RPD:0
[CH: 50] LEN: 12 | HEX: F1 77 F4 FD FE 73 96 FF 14 AE AF DB | T:1610942 RPD:1
[CH: 50] LEN: 12 | HEX: F9 77 F4 FD FC 73 96 FF 94 AE AF FE | T:1610942 RPD:0
[CH: 50] LEN: 12 | HEX: F9 77 FA FE FE 70 96 FF 23 2C AF DB | T:1610953 RPD:1
[CH: 50] LEN: 12 | HEX: F9 77 DC FE FE 70 96 FF 23 2C BF DD | T:1610964 RPD:1
[CH: 50] LEN: 12 | HEX: F1 77 FD F1 FC 73 96 FF 94 AE AA FF | T:1610965 RPD:0
[CH: 50] LEN: 12 | HEX: F1 77 FD F4 F4 70 96 FE 23 2C AF 75 | T:1610976 RPD:1
[CH: 50] LEN: 12 | HEX: F1 77 D6 FE FE 70 96 FE 23 2C BD FE | T:1610976 RPD:0
[CH: 50] LEN: 12 | HEX: F9 77 7E FD FE 73 96 FE D4 AE BF EF | T:1610988 RPD:1
[CH: 50] LEN: 12 | HEX: F9 77 FE FE FE 70 96 FF 23 2C AA EF | T:1610988 RPD:0
[CH: 50] LEN: 12 | HEX: F9 77 FC FE FE 70 96 FF 23 2C BF BF | T:1610999 RPD:1
[CH: 50] LEN: 12 | HEX: F9 77 BC FE EA 70 96 EE 23 2C AF DE | T:1611010 RPD:1
[CH: 50] LEN: 12 | HEX: F1 77 FB FD FA 73 96 FE 94 AE AF BE | T:1611011 RPD:0
[CH: 50] LEN: 12 | HEX: F9 77 DC FE FE 70 96 FF 23 2C AD FE | T:1611022 RPD:1
[CH: 50] LEN: 12 | HEX: F9 77 BB F9 FC 73 96 FF 54 AE AF DF | T:1611022 RPD:0
[CH: 50] LEN: 12 | HEX: F9 77 FB FE FE 70 96 FE 23 2C AF AB | T:1611033 RPD:1
[CH: 50] LEN: 12 | HEX: F1 77 BD FD FE 73 96 FF 14 AE AF DF | T:1611045 RPD:1
[CH: 50] LEN: 12 | HEX: F9 77 FD FE F6 70 96 EE 23 2C BF FF | T:1611045 RPD:0
[CH: 50] LEN: 12 | HEX: F9 77 FA FD FC 73 96 FE 94 AE BE F6 | T:1611056 RPD:1
[CH: 50] LEN: 12 | HEX: F9 77 F4 FD DC 73 96 FE 94 AE AD BF | T:1611057 RPD:0
[CH: 50] LEN: 12 | HEX: F9 77 FB FE FE 70 96 FF 23 2C B5 BF | T:1611068 RPD:1
[CH: 50] LEN: 12 | HEX: F9 77 F8 FD FE 73 96 FF 54 AE BF FF | T:1611079 RPD:1
[CH: 50] LEN: 12 | HEX: F1 77 EC FE FE 70 96 F6 A3 2C AF FF | T:1611079 RPD:0
[CH: 50] LEN: 12 | HEX: F9 77 FB FD FC 73 96 FF 54 AE BE BD | T:1611091 RPD:1
[CH: 50] LEN: 12 | HEX: F9 77 FD FE FC 70 96 FF 23 2C BF DF | T:1611091 RPD:0
[CH: 50] LEN: 12 | HEX: F9 77 FA FD FC 73 96 FF 14 AE AF 7F | T:1611102 RPD:1
[CH: 50] LEN: 12 | HEX: E9 77 F9 FA FE 70 96 FF 23 2C AF FB | T:1611103 RPD:0
[CH: 50] LEN: 12 | HEX: F9 77 FD FD F6 73 96 FF 94 AE AF EF | T:1611114 RPD:1
[CH: 50] LEN: 12 | HEX: F9 77 F4 FE FE 70 96 FE 23 2C AF FF | T:1611125 RPD:1
[CH: 50] LEN: 12 | HEX: F9 77 FE FD FE 73 96 FD 54 AE AA FD | T:1611125 RPD:0
[CH: 50] LEN: 12 | HEX: F9 77 EC FE FE 70 96 FF 23 2C BF F7 | T:1611137 RPD:1
[CH: 50] LEN: 12 | HEX: F9 77 FC FC FA 70 96 FF 23 2C B7 ED | T:1611137 RPD:1
[CH: 50] LEN: 12 | HEX: F1 77 FD FD FC 73 96 FE 94 AE BB 7F | T:1611148 RPD:1
[CH: 50] LEN: 12 | HEX: F9 77 FB FD FE 73 96 FF 54 AE BF F6 | T:1611160 RPD:1
[CH: 50] LEN: 12 | HEX: F1 77 FB FE FE 70 96 FE A3 2C AF FD | T:1611160 RPD:0
[CH: 50] LEN: 12 | HEX: F9 77 FD FD F5 73 96 FF 54 AE BF AF | T:1611171 RPD:1
[CH: 50] LEN: 12 | HEX: F9 77 FE FE FE 70 96 FE 23 2C AB ED | T:1611171 RPD:0
[CH: 50] LEN: 12 | HEX: F9 77 F4 FD FD 73 96 FD 94 AE BF DE | T:1611183 RPD:1
[CH: 50] LEN: 12 | HEX: F1 77 F5 F5 FD 73 96 FF 54 AE BA B7 | T:1611183 RPD:0
[CH: 50] LEN: 12 | HEX: F9 77 FB FE FE 70 96 FF 23 2C BA FB | T:1611194 RPD:1
[CH: 50] LEN: 12 | HEX: F9 77 F4 FD FE 73 96 FF 14 AE AE FF | T:1611206 RPD:1
[CH: 50] LEN: 12 | HEX: F9 77 FA FE FE 70 96 FF 23 2C AF ED | T:1611206 RPD:0
[CH: 50] LEN: 12 | HEX: F9 77 FA F5 FC 73 96 F5 94 AE AF FF | T:1611217 RPD:1
[CH: 50] LEN: 12 | HEX: E9 77 FA FA FD 70 96 FF 23 2C BA FD | T:1611217 RPD:0
[CH: 50] LEN: 12 | HEX: F1 77 F9 F9 EE 73 96 EE 54 AE BE FB | T:1611229 RPD:1
[CH: 50] LEN: 12 | HEX: F9 77 EC FE FE 70 96 FF 23 2C BA FF | T:1611240 RPD:1
[CH: 50] LEN: 12 | HEX: F9 77 DE FD F6 73 96 FE 54 AE BF 7F | T:1611240 RPD:0
[CH: 50] LEN: 12 | HEX: F9 77 F9 FE FE 70 96 FF 23 2C AF FF | T:1611251 RPD:1
[CH: 50] LEN: 12 | HEX: F9 77 BC F5 FE 70 96 FF 23 2C AD DF | T:1611252 RPD:0
[CH: 50] LEN: 12 | HEX: F1 77 FD FD FC 73 96 FF 54 AE AF EF | T:1611263 RPD:1
[CH: 50] LEN: 12 | HEX: F1 77 F9 FE FE 70 96 FF 23 2C BF FF | T:1611274 RPD:1
[CH: 50] LEN: 12 | HEX: E9 77 AB FD F6 73 96 FF 54 AE AA FF | T:1611275 RPD:0
[CH: 50] LEN: 12 | HEX: F1 77 F9 FE FE 70 96 FE 23 2C AE FF | T:1611286 RPD:1
[CH: 50] LEN: 12 | HEX: F9 77 F4 FD FE 73 96 FF D4 AE AB FD | T:1611286 RPD:0
[CH: 50] LEN: 12 | HEX: F5 77 AE F5 FE 70 96 FF 23 2C AF F6 | T:1611297 RPD:1
[CH: 50] LEN: 12 | HEX: F9 77 FD FD DE 73 96 FF 94 AE BB DF | T:1611298 RPD:0
[CH: 50] LEN: 12 | HEX: F9 77 FA FE FE 70 96 F7 23 2C BF 7F | T:1611309 RPD:1
[CH: 50] LEN: 12 | HEX: F9 77 FA FD FE 73 96 F7 14 AE AF FB | T:1611320 RPD:1
[CH: 50] LEN: 12 | HEX: F9 77 F4 FA FE 70 96 FF 23 2C BE B6 | T:1611321 RPD:0
[CH: 50] LEN: 12 | HEX: F9 77 DC FD FE 73 96 FF 94 AE AF FE | T:1611332 RPD:1
[CH: 50] LEN: 12 | HEX: E9 77 FB FD FC 73 96 F6 94 AE AD FF | T:1611332 RPD:0
[CH: 50] LEN: 12 | HEX: F1 77 FD FE F6 50 96 FF 23 2C AB 7F | T:1611343 RPD:1
[CH: 50] LEN: 12 | HEX: F9 77 FD F9 FE 73 96 FF 54 AE BF FF | T:1611355 RPD:1
[CH: 50] LEN: 12 | HEX: F1 77 F4 FE F6 70 96 FE 23 2C AB FE | T:1611355 RPD:0
[CH: 50] LEN: 12 | HEX: F9 77 FA F6 FE 70 96 FE 23 2C AB DB | T:1611366 RPD:1
[CH: 50] LEN: 12 | HEX: F9 77 FC FD FD 70 96 FD A3 2C AD ED | T:1611367 RPD:0
[CH: 50] LEN: 12 | HEX: E9 77 FA FD FC 73 96 FE 14 AE BB FB | T:1611378 RPD:1
[CH: 50] LEN: 12 | HEX: F1 77 EA FE FE 70 96 FE A3 2C BF 7E | T:1611378 RPD:0
[CH: 50] LEN: 12 | HEX: F9 77 B4 F9 FC 73 96 FF 94 AE BD FF | T:1611389 RPD:1
[CH: 50] LEN: 12 | HEX: F9 77 DC FA F4 70 96 FD 23 2C BB FF | T:1611401 RPD:1
[CH: 50] LEN: 12 | HEX: F1 77 F4 EB FC 73 96 FF 54 AE AF AB | T:1611401 RPD:0
[CH: 50] LEN: 12 | HEX: E9 77 BC FC FC 70 96 FD 23 2C BF 7D | T:1611412 RPD:1
[CH: 50] LEN: 12 | HEX: F1 77 B4 FE F4 70 96 FE 23 2C AB EF | T:1611413 RPD:0
[CH: 50] LEN: 12 | HEX: F9 77 FA FD EE 73 96 FF 54 AE AD F7 | T:1611424 RPD:1
[CH: 50] LEN: 12 | HEX: F9 77 DE F5 FC 73 96 FE 94 AE AF EF | T:1611435 RPD:1
[CH: 50] LEN: 12 | HEX: F9 77 FD FE FC 70 96 FF 23 2C BF FF | T:1611435 RPD:0
[CH: 50] LEN: 12 | HEX: F9 77 B4 FD FC 73 96 F6 94 AD AF FD | T:1611447 RPD:1
[CH: 50] LEN: 12 | HEX: F9 77 F4 FB FA 73 96 F7 94 AE AF FF | T:1611447 RPD:0
[CH: 50] LEN: 12 | HEX: F5 77 F4 FE FC 70 96 F6 63 2C AF BF | T:1611458 RPD:1
[CH: 50] LEN: 12 | HEX: F9 77 F6 FB FD 73 96 FF 54 AE BF 57 | T:1611470 RPD:1
[CH: 50] LEN: 12 | HEX: F1 77 FA DE F6 70 96 FD A3 AC A7 57 | T:1611470 RPD:1
[CH: 50] LEN: 12 | HEX: F9 77 EE ED FE 73 96 FE 94 AE AA FF | T:1611481 RPD:1
[CH: 50] LEN: 12 | HEX: F5 77 F6 FE EA 70 96 FE A3 2C AE FF | T:1611481 RPD:0
[CH: 50] LEN: 12 | HEX: F9 77 F8 FD FD 73 96 FE 94 AE BF FF | T:1611493 RPD:1
[CH: 50] LEN: 12 | HEX: F9 77 F4 FC FE 70 96 FE A3 2C BF FF | T:1611493 RPD:0
[CH: 50] LEN: 12 | HEX: ED 77 BA FD FC 73 96 FD 14 AE B7 FF | T:1611504 RPD:1
[CH: 50] LEN: 12 | HEX: F9 77 FA FE FE 70 96 FF 23 2C AF 7F | T:1611515 RPD:1
[CH: 50] LEN: 12 | HEX: F9 77 FA FD DD 73 96 FD 54 AE AF B7 | T:1611516 RPD:0
[CH: 50] LEN: 12 | HEX: F1 77 DE FC F4 70 96 D6 23 2C AF DF | T:1611527 RPD:1
[CH: 50] LEN: 12 | HEX: F5 77 FA EE FC 70 96 FE 23 2C AF FE | T:1611527 RPD:0
[CH: 50] LEN: 12 | HEX: F1 77 F4 E9 FE 73 96 F7 14 AE AF FF | T:1611539 RPD:1
[CH: 50] LEN: 12 | HEX: F1 77 BE FC FE 70 96 F5 23 2C AF EB | T:1611550 RPD:1
[CH: 50] LEN: 12 | HEX: F1 77 F4 E9 ED 73 96 EF 54 AE BB DF | T:1611550 RPD:0
[CH: 50] LEN: 12 | HEX: F9 77 F4 FC FE 70 96 F6 23 2C AD FF | T:1611561 RPD:1
[CH: 50] LEN: 12 | HEX: F9 77 FA FD FE 73 96 FE 94 AE AB FD | T:1611562 RPD:0
[CH: 50] LEN: 12 | HEX: F9 77 AE FE FE 70 96 FE A3 2C AD BF | T:1611573 RPD:1
[CH: 50] LEN: 12 | HEX: F1 77 DC FD FD 73 96 FE 94 AE AF BB | T:1611573 RPD:0
[CH: 50] LEN: 12 | HEX: F9 77 F4 FE FE 70 96 FE A3 2C AF BA | T:1611585 RPD:1
[CH: 50] LEN: 12 | HEX: E9 77 DE F9 FF 73 96 EE 94 AE BD 7F | T:1611596 RPD:1
[CH: 50] LEN: 12 | HEX: F1 77 FD F6 F4 70 96 F7 23 2C B7 FE | T:1611596 RPD:0
[CH: 50] LEN: 12 | HEX: F1 77 DA FD DC 73 96 FE 54 AE AF DF | T:1611607 RPD:1
[CH: 50] LEN: 12 | HEX: E9 77 AE ED EC 73 96 F6 D4 AE AD FB | T:1611608 RPD:1
[CH: 50] LEN: 12 | HEX: F9 77 FA FD FE 70 96 FF 23 2C AF FD | T:1611619 RPD:1
[CH: 50] LEN: 12 | HEX: F9 77 FA FC FE 70 96 FF 23 2C AD FF | T:1611630 RPD:1
[CH: 50] LEN: 12 | HEX: F9 77 AC FD FD 73 96 FE 94 AE AF DF | T:1611631 RPD:0
[CH: 50] LEN: 12 | HEX: F9 77 B4 FE FE 70 96 F5 23 2C AD FD | T:1611642 RPD:1
[CH: 50] LEN: 12 | HEX: F9 77 F4 EA FE 70 96 FE A3 2C AF BE | T:1611642 RPD:0
[CH: 50] LEN: 12 | HEX: F1 77 7E E9 EE 73 96 F7 14 AE BF FF | T:1611653 RPD:1
[CH: 50] LEN: 12 | HEX: F9 77 BA FE FE 70 96 FE 23 2C BB 77 | T:1611665 RPD:1
[CH: 50] LEN: 12 | HEX: F1 77 FA F9 FC 73 96 F6 94 AE BE 94 | T:1611665 RPD:0
[CH: 50] LEN: 12 | HEX: F9 77 FA FE FE 70 96 FF 23 2C A7 77 | T:1611676 RPD:1
[CH: 50] LEN: 12 | HEX: F9 77 F4 EE FE 70 96 FE A3 2C AF DF | T:1611676 RPD:0
[CH: 50] LEN: 12 | HEX: F9 77 FA FD FE 73 96 FF 54 AE AF AE | T:1611688 RPD:1
[CH: 50] LEN: 12 | HEX: F9 77 FE FB FE 73 96 FF 54 AE AE FF | T:1611688 RPD:0
[CH: 50] LEN: 12 | HEX: F1 77 6A FE FE 70 96 FF 23 2C BE FF | T:1611699 RPD:1
[CH: 50] LEN: 12 | HEX: F9 77 FA FD FE 73 96 EA 94 AE AD 5D | T:1611711 RPD:1
[CH: 50] LEN: 12 | HEX: F1 77 F4 FE FE 70 96 FE A3 2C BF 5F | T:1611711 RPD:0
[CH: 50] LEN: 12 | HEX: E9 77 F4 FD FD 73 96 FD 14 AE BF FF | T:1611722 RPD:1
[CH: 50] LEN: 12 | HEX: F9 77 DE FD DC 73 96 F6 94 AE BF B7 | T:1611722 RPD:0
[CH: 50] LEN: 12 | HEX: F1 77 F4 FD FE 70 96 FF 23 2C BE FD | T:1611734 RPD:1
[CH: 50] LEN: 12 | HEX: F9 77 FA FD EE 73 96 FF 54 AE BF FF | T:1611745 RPD:1
[CH: 50] LEN: 12 | HEX: F9 77 DC FE F6 70 96 FE A3 2C AD FF | T:1611745 RPD:0
[CH: 50] LEN: 12 | HEX: F1 77 55 F5 B5 73 96 EF 54 AE BD FF | T:1611757 RPD:1
[CH: 50] LEN: 12 | HEX: F9 77 F4 EA FA 70 96 FF 23 2C AB EF | T:1611757 RPD:0
[CH: 50] LEN: 12 | HEX: E9 77 F4 FD EE 73 96 EF 14 AE BF 7F | T:1611768 RPD:1
[CH: 50] LEN: 12 | HEX: F9 77 F4 DC F6 70 96 FD 23 2C AD FF | T:1611768 RPD:0
[CH: 50] LEN: 12 | HEX: F9 77 D6 FB FD 73 96 F6 94 AE AF BF | T:1611780 RPD:1
[CH: 50] LEN: 12 | HEX: F9 77 FA FD FE 70 96 FD A3 2C BF FF | T:1611791 RPD:1
[CH: 50] LEN: 12 | HEX: E9 77 B6 F5 FD 73 96 F6 94 AE BF BF | T:1611791 RPD:0
[CH: 50] LEN: 12 | HEX: F9 77 FC FC EC 70 96 F6 A3 2C BB F7 | T:1611803 RPD:1
[CH: 50] LEN: 12 | HEX: F9 77 F4 F6 FE 70 96 FF 23 2C BF D7 | T:1611803 RPD:0
[CH: 50] LEN: 12 | HEX: F9 77 F4 FD FC 73 96 FF 54 AE AF EF | T:1611814 RPD:1
[CH: 50] LEN: 12 | HEX: F1 77 EE FE FE 70 96 FE A3 2C BD FF | T:1611825 RPD:1
[CH: 50] LEN: 12 | HEX: F9 77 BC ED DD 73 96 FF 94 AE AE BF | T:1611826 RPD:0
[CH: 50] LEN: 12 | HEX: F9 77 F4 FD DD 73 96 EF 54 AE AF DF | T:1611837 RPD:1
[CH: 50] LEN: 12 | HEX: F1 77 FA FD FE 73 96 FE 54 AE BB 5F | T:1611837 RPD:0
[CH: 50] LEN: 12 | HEX: E9 77 F5 FD FE 70 96 F6 23 2C AB FF | T:1611849 RPD:1
[CH: 50] LEN: 12 | HEX: E9 77 74 FD FD 73 16 EE 14 AC AB DF | T:1611860 RPD:1
[CH: 50] LEN: 12 | HEX: F1 77 5E EC EA 70 96 F7 23 2C BD DF | T:1611860 RPD:0
[CH: 50] LEN: 12 | HEX: F9 77 FA FD FD 73 96 EF 54 AE AB FF | T:1611871 RPD:1
[CH: 50] LEN: 12 | HEX: F9 77 DA FD FD 73 96 FE 94 AE AF FB | T:1611872 RPD:1
[CH: 50] LEN: 12 | HEX: F9 77 BA FA F4 70 96 FE A3 2C BF F7 | T:1611883 RPD:1
[CH: 50] LEN: 12 | HEX: F9 77 F4 FD FE 73 96 EF 54 AE AF FF | T:1611883 RPD:0
[CH: 50] LEN: 12 | HEX: F1 77 F4 FE FE 70 96 FF 23 2C AF FE | T:1611895 RPD:1
[CH: 50] LEN: 12 | HEX: F9 77 FA EC FE 70 96 FF 23 2C AE FE | T:1611906 RPD:1
[CH: 50] LEN: 12 | HEX: F9 77 5E FE F4 70 96 FE A3 2C AD FF | T:1611906 RPD:0
[CH: 50] LEN: 12 | HEX: F9 77 F4 FE FE 70 96 EE A3 2C AB AF | T:1611917 RPD:1
[CH: 50] LEN: 12 | HEX: F1 77 F4 EC FE 70 96 F6 A3 2C AF BF | T:1611918 RPD:0
[CH: 50] LEN: 12 | HEX: F9 77 F4 E9 FF 73 96 FD 14 AE BF FF | T:1611929 RPD:1
[CH: 50] LEN: 12 | HEX: E9 77 FA FE FE 70 96 FE 23 2C AF F6 | T:1611940 RPD:1
[CH: 50] LEN: 12 | HEX: F1 77 F4 FD FE 73 96 FF 54 AE AF FF | T:1611940 RPD:1
[CH: 50] LEN: 12 | HEX: F5 77 FA EE FE 70 96 EA 23 2C BF FE | T:1611952 RPD:1
[CH: 50] LEN: 12 | HEX: F5 77 FA FD FC 73 96 FE 94 AE BF BF | T:1611952 RPD:0
[CH: 50] LEN: 12 | HEX: E9 77 FA FE FE 70 96 FE A3 2C BF F7 | T:1611963 RPD:1
[CH: 50] LEN: 12 | HEX: F9 77 DE FD EE 73 96 FE 94 AE BE FE | T:1611964 RPD:0
[CH: 50] LEN: 12 | HEX: F9 77 76 F4 EE 70 96 F7 23 2C AF DB | T:1611975 RPD:1
[CH: 50] LEN: 12 | HEX: F1 77 FA FD FE 73 96 FE 54 AE BA FF | T:1611986 RPD:1
[CH: 50] LEN: 12 | HEX: F1 77 F4 FE FE 70 96 F7 23 2C BF FD | T:1611986 RPD:0
[CH: 50] LEN: 12 | HEX: F9 77 F4 FD DC 73 96 FF 94 AE BD EF | T:1611998 RPD:1
[CH: 50] LEN: 12 | HEX: F9 77 7D F5 FD 73 96 FE 94 AE AF FF | T:1611998 RPD:0
[CH: 50] LEN: 12 | HEX: F9 77 FB FE FE 70 96 FF 23 2C BE FF | T:1612009 RPD:1
[CH: 50] LEN: 12 | HEX: F9 77 DA F9 FD 73 96 FB 94 AE AB FF | T:1612021 RPD:1
[CH: 50] LEN: 12 | HEX: F1 77 FD FC FE 70 96 FF 23 2C AF FE | T:1612021 RPD:0
[CH: 50] LEN: 12 | HEX: F1 77 F5 E9 FE 73 96 FF 94 AE BF BF | T:1612032 RPD:1
[CH: 50] LEN: 12 | HEX: F9 77 FC FE FE 70 96 FE A3 2C B7 EF | T:1612032 RPD:0
[CH: 50] LEN: 12 | HEX: F1 77 F4 FD FD 73 96 FB 14 AE BF DF | T:1612044 RPD:1
[CH: 50] LEN: 12 | HEX: F9 77 FD FE FE 70 96 FF 23 2C AE DF | T:1612055 RPD:1
[CH: 50] LEN: 12 | HEX: E9 77 BC F5 DC 73 96 FB 94 AE B6 BF | T:1612055 RPD:0
[CH: 50] LEN: 12 | HEX: F1 77 F9 FE FC 70 96 FE A3 2C BF FF | T:1612067 RPD:1
[CH: 50] LEN: 12 | HEX: F9 77 F4 F4 FE 70 96 FE 23 2C AF FF | T:1612067 RPD:0
[CH: 50] LEN: 12 | HEX: F9 77 FC FB FC 73 96 FF 54 AE AF D7 | T:1612078 RPD:1
[CH: 50] LEN: 12 | HEX: F9 77 FC FE FE 70 96 FF 23 2C B7 EA | T:1612078 RPD:1
[CH: 50] LEN: 12 | HEX: F1 77 FD F5 FD 73 96 FE D4 AE BF FD | T:1612090 RPD:1
[CH: 50] LEN: 12 | HEX: F1 77 ED FD FC 73 96 FE 94 AE AF BF | T:1612101 RPD:1
[CH: 50] LEN: 12 | HEX: F1 77 F5 FE F6 70 96 EB 23 2C BF DF | T:1612101 RPD:0
[CH: 50] LEN: 12 | HEX: F1 77 FD F9 FA 73 96 FF 54 AE BB D5 | T:1612113 RPD:1
[CH: 50] LEN: 12 | HEX: F9 77 F4 FD FD 73 96 F7 94 AE AF FF | T:1612113 RPD:0
[CH: 50] LEN: 12 | HEX: F1 77 FA FE F4 70 96 FF 23 2C AF FF | T:1612124 RPD:1
[CH: 50] LEN: 12 | HEX: F9 77 F9 FD DC 73 96 FE 54 AE BD FB | T:1612135 RPD:1
[CH: 50] LEN: 12 | HEX: F9 77 FD FB FE 70 96 FF 23 2C AF ED | T:1612136 RPD:0
[CH: 50] LEN: 12 | HEX: F9 77 5C F9 FD 73 96 EB 94 AE AF 78 | T:1612147 RPD:1
[CH: 50] LEN: 12 | HEX: F1 77 FA FD FE 73 96 EB 94 AE BF BF | T:1612147 RPD:0
[CH: 50] LEN: 12 | HEX: F9 77 F4 FE FE 70 96 FF 23 2C BF 75 | T:1612158 RPD:1
[CH: 50] LEN: 12 | HEX: F1 77 F9 FE FE 70 96 FF 23 2C AB EA | T:1612159 RPD:0
[CH: 50] LEN: 12 | HEX: F1 77 BB F9 FC 73 96 FE 94 AE BF F7 | T:1612170 RPD:1
[CH: 50] LEN: 12 | HEX: F9 77 FE FE FE 70 96 FF 23 2C BF EE | T:1612181 RPD:1
[CH: 50] LEN: 12 | HEX: F9 77 BC FD FE 73 96 FF 14 AE BF 7F | T:1612182 RPD:0
[CH: 50] LEN: 12 | HEX: F9 77 FE FD FE 70 96 FE 23 2C AF AF | T:1612193 RPD:1
[CH: 50] LEN: 12 | HEX: F9 77 BD FE FE 70 96 F6 23 2C BF BB | T:1612193 RPD:0
[CH: 50] LEN: 12 | HEX: F1 77 FB F5 F6 73 96 F7 54 AE AF 7F | T:1612204 RPD:1
[CH: 50] LEN: 12 | HEX: F1 77 B5 FA FC 70 96 FB 23 2C AF FF | T:1612216 RPD:1
[CH: 50] LEN: 12 | HEX: F9 77 FD F9 D4 73 96 FE D4 AE BD FF | T:1612216 RPD:0
[CH: 50] LEN: 12 | HEX: F9 77 F9 FE F6 70 96 FF 23 2C AD 6F | T:1612227 RPD:1
[CH: 50] LEN: 12 | HEX: F9 77 F4 ED D6 73 96 FF 14 AE BF FF | T:1612228 RPD:0
[CH: 50] LEN: 12 | HEX: F9 77 FA FC FE 70 96 FE 23 2C AF FD | T:1612239 RPD:1
[CH: 50] LEN: 12 | HEX: E9 77 B5 FD EE 73 96 FE 94 AE AF FF | T:1612250 RPD:1
[CH: 50] LEN: 12 | HEX: F9 77 B8 FE FF 70 96 F7 23 2C AB FF | T:1612250 RPD:0
[CH: 50] LEN: 12 | HEX: F1 77 FA FD FE 73 96 FF 54 AE BF FF | T:1612262 RPD:1
[CH: 50] LEN: 12 | HEX: F9 77 FA FD FC 73 96 FE D4 AE BD 7F | T:1612262 RPD:0
[CH: 50] LEN: 12 | HEX: F1 77 BC EC FA 70 96 FE 23 2C BF FF | T:1612273 RPD:1
[CH: 50] LEN: 12 | HEX: F9 77 F4 FD EC 73 96 FF 54 AE AF FD | T:1612274 RPD:0
[CH: 50] LEN: 12 | HEX: F1 77 BC FA FE 70 96 FE 23 2C BB 7F | T:1612285 RPD:1
[CH: 50] LEN: 12 | HEX: F9 77 DC FD FE 73 96 F7 94 AE AE BC | T:1612296 RPD:1
[CH: 50] LEN: 12 | HEX: F9 77 FD FD FD 73 96 FE 94 AE BF FF | T:1612296 RPD:0
[CH: 50] LEN: 12 | HEX: F1 77 7E EA FE 70 96 FA 23 2C AB 7F | T:1612308 RPD:1
[CH: 50] LEN: 12 | HEX: F1 77 FD FE FE 70 96 FF 23 2C AF DD | T:1612308 RPD:0
[CH: 50] LEN: 12 | HEX: F9 77 FA FD FD 73 96 FF 14 AE BF DD | T:1612319 RPD:1
[CH: 50] LEN: 12 | HEX: F9 77 F4 FE FE 70 96 FE A3 2C AE FF | T:1612331 RPD:1
[CH: 50] LEN: 12 | HEX: F1 77 FA FD FE 73 96 FB 14 AE AF FD | T:1612331 RPD:0
[CH: 50] LEN: 12 | HEX: F9 77 FC FA FE 70 96 FE 23 2C BF 3F | T:1612342 RPD:1
[CH: 50] LEN: 12 | HEX: F9 77 DA FE FE 70 96 FF 23 2C BB BF | T:1612342 RPD:0
[CH: 50] LEN: 12 | HEX: F1 77 FA F5 FD 73 96 FE 94 AE AF FB | T:1612354 RPD:1
[CH: 50] LEN: 12 | HEX: F9 77 FA FE FE 70 96 FF 23 2C AF 77 | T:1612354 RPD:0
[CH: 50] LEN: 12 | HEX: F9 77 F5 FD FE 7B 96 F5 14 AE AF BD | T:1612365 RPD:1
[CH: 50] LEN: 12 | HEX: F9 77 DA FB FC 73 96 FE D4 AE BF EA | T:1612377 RPD:1
[CH: 50] LEN: 12 | HEX: F1 77 FC FE FD 70 96 FE A3 2C AF EF | T:1612377 RPD:0
[CH: 50] LEN: 12 | HEX: E9 77 BA FD FC 73 96 FF 14 AE AF DA | T:1612388 RPD:1
[CH: 50] LEN: 12 | HEX: F9 77 EE FD FE 73 96 FF 54 AE BB DF | T:1612388 RPD:0
[CH: 50] LEN: 12 | HEX: F1 77 FD F4 F4 70 96 FF 23 2C AD EF | T:1612400 RPD:1
[CH: 50] LEN: 12 | HEX: F1 77 F4 F5 F4 73 96 F6 94 AE AF DF | T:1612411 RPD:1
[CH: 50] LEN: 12 | HEX: E9 77 FC EE F4 70 96 FA 23 2C BF 77 | T:1612411 RPD:1
[CH: 50] LEN: 12 | HEX: F9 77 BC F5 FE 73 96 FF 54 AE AB 3F | T:1612422 RPD:1
[CH: 50] LEN: 12 | HEX: F1 77 FE FE FE 70 96 FE 23 2C AB CD | T:1612423 RPD:0
[CH: 50] LEN: 12 | HEX: F1 77 74 F5 D4 73 96 FE D4 AE BF D5 | T:1612434 RPD:1
[CH: 50] LEN: 12 | HEX: F1 77 F4 FE FE 70 96 F6 23 2C AF DF | T:1612445 RPD:1
[CH: 50] LEN: 12 | HEX: F9 77 F4 FD FE 73 96 EF 14 AE BF FE | T:1612446 RPD:0
[CH: 50] LEN: 12 | HEX: F1 77 FC F5 FE 70 96 FF 23 2C AE FF | T:1612457 RPD:1
[CH: 50] LEN: 12 | HEX: F1 77 B9 FE FE 78 96 FE 23 2C BF FF | T:1612457 RPD:0
[CH: 50] LEN: 12 | HEX: F9 77 FE F9 FE 73 96 EF 54 AE BF BD | T:1612468 RPD:1
[CH: 50] LEN: 12 | HEX: F9 77 BA FE EE 70 96 FF 23 2C BF FE | T:1612469 RPD:0
[CH: 50] LEN: 12 | HEX: F9 77 DF FD FE 73 96 FF 54 AE BF BF | T:1612480 RPD:1
[CH: 50] LEN: 12 | HEX: F9 77 FD FE FE 70 96 FF A3 2C AD DB | T:1612491 RPD:1
[CH: 50] LEN: 12 | HEX: F1 77 FA FD FC 73 96 FF 94 AE AF B7 | T:1612492 RPD:0
[CH: 50] LEN: 12 | HEX: F1 77 F4 FE FE 70 96 FE 23 2C AB FF | T:1612503 RPD:1
[CH: 50] LEN: 12 | HEX: F9 77 FE FD FE 73 96 FF 94 AE BF 7B | T:1612503 RPD:0
[CH: 50] LEN: 12 | HEX: F1 77 FB F4 FC 70 96 FE 23 2C AB F7 | T:1612514 RPD:0
[CH: 50] LEN: 12 | HEX: F9 77 FA FD FC 73 96 FE 94 AE AF DF | T:1612526 RPD:1
[CH: 50] LEN: 12 | HEX: F2 76 FA 00 8C 73 96 FE 10 2B AB 7F | T:1612526 RPD:1
[CH: 50] LEN: 12 | HEX: F2 76 FE 00 8C 73 96 FF 10 2B AF F5 | T:1612537 RPD:1
[CH: 50] LEN: 12 | HEX: FA 76 FE FE 73 73 96 FF 4E D6 AF BF | T:1612556 RPD:1
[CH: 50] LEN: 12 | HEX: FA 76 FE FD 70 73 96 FF 1B D8 BB FF | T:1612560 RPD:1
[CH: 50] LEN: 12 | HEX: FA 76 FE FC 71 73 96 FE 47 3D AF DD | T:1612563 RPD:1
[CH: 50] LEN: 12 | HEX: F2 76 F4 EA 76 73 96 FF 71 C4 BB EF | T:1612594 RPD:1
[CH: 50] LEN: 12 | HEX: FA 76 FE FA 77 73 96 FE AD 21 BB FF | T:1612624 RPD:1
[CH: 50] LEN: 12 | HEX: FA 76 FE F9 74 73 96 F6 D8 2F AF DF | T:1612654 RPD:1
[CH: 50] LEN: 12 | HEX: EA 76 FE F8 75 73 96 F7 04 CA AF 7F | T:1612684 RPD:1
[CH: 50] LEN: 12 | HEX: EA 76 EC F7 7A 63 96 F6 B5 DD BF FF | T:1612714 RPD:1
[CH: 50] LEN: 12 | HEX: F2 76 FE E6 73 73 96 FE E9 38 B6 FF | T:1612744 RPD:1
[CH: 50] LEN: 12 | HEX: F6 76 FE F5 78 73 96 F7 1C 36 AF FA | T:1612774 RPD:1
[CH: 50] LEN: 12 | HEX: F2 76 FE AC 71 73 96 EE 80 D3 AD FF | T:1612804 RPD:1
[CH: 50] LEN: 12 | HEX: FA 76 FE F3 7E 73 16 FF 76 2A AF DF | T:1612834 RPD:1
[CH: 50] LEN: 12 | HEX: FA 76 EC E2 7A 73 96 EA 2A CF BF FF | T:1612864 RPD:1
[CH: 50] LEN: 12 | HEX: FA 76 FC F1 78 73 96 FF 5F C1 AF BE | T:1612894 RPD:1
[CH: 50] LEN: 12 | HEX: F2 76 EC E0 79 73 96 ED 43 24 BF FF | T:1612924 RPD:1
[CH: 50] LEN: 12 | HEX: F2 76 FE EF 62 73 96 FE AD CE BF FD | T:1612954 RPD:1
[CH: 50] LEN: 12 | HEX: FA 76 FC EE 63 73 96 F7 71 2B BA DF | T:1612984 RPD:1
[CH: 50] LEN: 12 | HEX: FA 76 FE ED 60 73 96 FF 44 25 AF FA | T:1613014 RPD:1
[CH: 50] LEN: 12 | HEX: FA 76 EC EC 61 7B 96 FE D8 C0 BF EF | T:1613043 RPD:1
[CH: 50] LEN: 12 | HEX: EA 76 EC EB 66 73 96 EE ED 39 BE FF | T:1613073 RPD:1
[CH: 50] LEN: 12 | HEX: F2 76 FA EA 67 73 96 FF 72 DC BF FF | T:1613103 RPD:1
[CH: 50] LEN: 12 | HEX: F6 76 FE E9 64 73 96 FF 47 D2 AF DF | T:1613133 RPD:1
[CH: 50] LEN: 12 | HEX: FA 76 FE E8 65 73 96 FE 9B 37 2D BF | T:1613163 RPD:1
[CH: 50] LEN: 12 | HEX: F2 76 FE E7 6A 73 96 FE EA 20 AB DB | T:1613193 RPD:1
[CH: 50] LEN: 12 | HEX: EA 76 F6 E6 6B 73 96 FF 76 C5 AF DD | T:1613223 RPD:1
[CH: 50] LEN: 12 | HEX: FA 76 FA E5 68 73 96 F6 83 CB AF FF | T:1613253 RPD:1
[CH: 50] LEN: 12 | HEX: FA 76 FA E4 69 73 96 FE 9E 2E AB 7F | T:1613283 RPD:1
[CH: 50] LEN: 12 | HEX: EA 76 FE E3 6E 73 96 FD 69 D7 BF FF | T:1613313 RPD:1
[CH: 50] LEN: 12 | HEX: FA 76 F4 E2 6F 73 96 F5 35 32 AB 4A | T:1613343 RPD:1
[CH: 50] LEN: 12 | HEX: FA 76 FC E1 6C 73 96 F7 40 3C AF FD | T:1613373 RPD:1
[CH: 50] LEN: 12 | HEX: F2 76 FC E0 6D 73 96 EB 5C D9 AF FF | T:1613403 RPD:1
[CH: 50] LEN: 12 | HEX: FA 76 EC DF 52 73 96 FE 0D C9 BF FE | T:1613433 RPD:1
[CH: 50] LEN: 12 | HEX: FA 76 FE FE 73 73 96 FE EE D6 BF FF | T:1613463 RPD:1
[CH: 50] LEN: 12 | HEX: EA 76 FC FD 70 73 96 EE 9B 98 BF BF | T:1613467 RPD:1
[CH: 50] LEN: 12 | HEX: EA 76 EC FA 71 73 96 F6 47 3D BD EF | T:1613471 RPD:1
[CH: 50] LEN: 12 | HEX: F2 76 FE FB 76 73 96 FF 71 C4 BB FF | T:1613501 RPD:1
[CH: 50] LEN: 12 | HEX: FA 76 FE F2 77 73 96 FE AD 21 BF BF | T:1613531 RPD:1
[CH: 50] LEN: 12 | HEX: FA 76 FD F9 74 73 96 FF 38 2F 2F DF | T:1613561 RPD:1
[CH: 50] LEN: 12 | HEX: EA 76 FC F0 75 73 96 FE 04 CA AF BA | T:1613591 RPD:1
[CH: 50] LEN: 12 | HEX: FA 76 FE F7 7A 73 96 EF 35 DD BF 5F | T:1613621 RPD:1
[CH: 50] LEN: 12 | HEX: F2 76 FE F6 7B 73 96 F6 69 38 AF F7 | T:1613651 RPD:1
[CH: 50] LEN: 12 | HEX: F6 76 F6 F5 78 73 96 FE 1C 36 AF EE | T:1613681 RPD:1
[CH: 50] LEN: 12 | HEX: EA 76 FD F4 71 73 96 F7 80 D3 BF 7E | T:1613711 RPD:1
[CH: 50] LEN: 12 | HEX: FA 76 FE F3 7D 73 96 FE B6 2A AF D6 | T:1613741 RPD:1
[CH: 50] LEN: 12 | HEX: FA 76 FD F2 7F 73 96 FE 2A CF BF FF | T:1613771 RPD:1
[CH: 50] LEN: 12 | HEX: FA 76 FE F1 7C 73 96 FF 5F 81 AB F7 | T:1613801 RPD:1
[CH: 50] LEN: 12 | HEX: F2 76 FE F0 7D 73 96 EF 43 24 AE FF | T:1613831 RPD:1
[CH: 50] LEN: 12 | HEX: F2 76 EC EF 62 73 96 F6 2D CE BF 7F | T:1613861 RPD:1
[CH: 50] LEN: 12 | HEX: F2 76 F5 EE 63 73 96 F7 71 2B AB F7 | T:1613891 RPD:1
[CH: 50] LEN: 12 | HEX: F2 76 FD ED 60 73 96 FF 44 25 AF DF | T:1613921 RPD:1
[CH: 50] LEN: 12 | HEX: FA 76 EE EC 61 73 96 EE D8 C0 AF FF | T:1613951 RPD:1
[CH: 50] LEN: 12 | HEX: FA 76 EA EB 66 73 96 FF 6E 39 AF AF | T:1613981 RPD:1
[CH: 50] LEN: 12 | HEX: F2 76 FE EA 67 73 96 FE B2 DC AF 7B | T:1614011 RPD:1
[CH: 50] LEN: 12 | HEX: FA 76 EE E9 64 73 96 FE 87 D2 AD FD | T:1614041 RPD:1
[CH: 50] LEN: 12 | HEX: FA 76 FE E8 65 63 56 AA 9B 37 2F 6D | T:1614071 RPD:1
[CH: 50] LEN: 12 | HEX: F2 76 F4 E7 6A 73 96 FE AA 20 AB FF | T:1614101 RPD:1
[CH: 50] LEN: 12 | HEX: FA 76 FE E6 6B 73 96 FA F6 C5 BF BE | T:1614131 RPD:1
[CH: 50] LEN: 12 | HEX: FA 76 FE E4 69 73 D6 FF DE 2E AD FF | T:1614191 RPD:1
[CH: 50] LEN: 12 | HEX: FA 76 FE E3 6E 73 96 FF 49 D7 3F FB | T:1614221 RPD:1
[CH: 50] LEN: 12 | HEX: EA 76 EE E2 6F 73 96 FF 35 32 AF DE | T:1614251 RPD:1
[CH: 50] LEN: 12 | HEX: FA 76 F4 E1 6C 73 96 FC C0 38 AF F7 | T:1614281 RPD:1
[CH: 50] LEN: 12 | HEX: FA 76 FC DF 52 73 96 FD 0D C9 BE FF | T:1614341 RPD:1
[CH: 50] LEN: 12 | HEX: FA 76 FC FE 73 73 96 FF 4E D6 BF ED | T:1614371 RPD:1
[CH: 50] LEN: 12 | HEX: FA 76 FE FD 70 73 96 FE 9B D8 BD FD | T:1614374 RPD:1
[CH: 50] LEN: 12 | HEX: FA 76 FC FC 71 73 96 FD C7 39 AF 76 | T:1614377 RPD:1
[CH: 50] LEN: 12 | HEX: FA 76 EC F3 76 73 96 FD 71 C4 BE ED | T:1614408 RPD:1
[CH: 50] LEN: 12 | HEX: F2 76 FC FA 77 73 96 FF 6D 21 AF F5 | T:1614438 RPD:1
[CH: 50] LEN: 12 | HEX: FA 76 FE F1 74 73 96 FE 98 2F 37 AE | T:1614468 RPD:1
[CH: 50] LEN: 12 | HEX: FA 76 FE F8 75 73 96 FE 84 CA AD FF | T:1614497 RPD:1
[CH: 50] LEN: 12 | HEX: FA 76 EE E7 72 73 96 FF B5 DD BF F5 | T:1614527 RPD:1
[CH: 50] LEN: 12 | HEX: EA 76 FE F6 73 73 96 FE 69 38 AF FE | T:1614557 RPD:1
[CH: 50] LEN: 12 | HEX: FA 76 F4 E5 78 73 96 FF 1C 36 BE DF | T:1614587 RPD:1
[CH: 50] LEN: 12 | HEX: EA 76 FE F4 71 73 96 FF 20 D3 BD FB | T:1614617 RPD:1
[CH: 50] LEN: 12 | HEX: F6 76 FA F3 7E 73 96 FF D6 2A AF 6F | T:1614647 RPD:1
[CH: 50] LEN: 12 | HEX: F2 76 F6 F2 7E 73 96 FD 2A CF BF FF | T:1614677 RPD:1
[CH: 50] LEN: 12 | HEX: FA 76 FE F1 78 73 96 FE DF C1 AE EF | T:1614707 RPD:1
[CH: 50] LEN: 12 | HEX: F2 76 F6 F0 7D 73 96 FF 03 24 AB FB | T:1614737 RPD:1
[CH: 50] LEN: 12 | HEX: FA 76 FC EE 62 73 96 ED 2D CE BF EF | T:1614767 RPD:1
[CH: 50] LEN: 12 | HEX: EA 76 FA EE 63 73 96 F7 F1 2B BF BF | T:1614797 RPD:1
[CH: 50] LEN: 12 | HEX: FA 76 FE ED 60 73 96 FF 44 25 BF FB | T:1614827 RPD:1
[CH: 50] LEN: 12 | HEX: FA 76 FE EC 61 73 96 FF 58 C0 B7 F6 | T:1614857 RPD:1
[CH: 50] LEN: 12 | HEX: FA 76 FC EB 66 73 96 FE EE 39 BF 76 | T:1614887 RPD:1
[CH: 50] LEN: 12 | HEX: F2 76 FC EA 67 73 96 FE B2 DC BF F7 | T:1614917 RPD:1
[CH: 50] LEN: 12 | HEX: F2 76 FE E9 64 73 96 ED 47 D2 AF DF | T:1614947 RPD:1
[CH: 50] LEN: 12 | HEX: FA 76 FE E8 65 73 96 FE 1B 37 3F EF | T:1614977 RPD:1
[CH: 50] LEN: 12 | HEX: F2 76 FE E7 6A 73 96 F7 6A 20 AF EF | T:1615007 RPD:1
[CH: 50] LEN: 12 | HEX: EA 76 FC E6 6B 73 96 FF 76 C5 BF 7E | T:1615037 RPD:1
[CH: 50] LEN: 12 | HEX: FA 76 EC E5 68 73 96 FE 03 CB AF FE | T:1615067 RPD:1
[CH: 50] LEN: 12 | HEX: EA 76 FE E4 69 73 96 EA DE AE AF FF | T:1615097 RPD:1
[CH: 50] LEN: 12 | HEX: FA 76 FE E3 6E 73 96 FE E9 D7 AB FF | T:1615127 RPD:1
[CH: 50] LEN: 12 | HEX: F2 76 EE E2 6E 73 96 FE B5 32 BD EF | T:1615157 RPD:1
[CH: 50] LEN: 12 | HEX: FA 76 FC E1 6C 73 96 F6 40 38 AD EF | T:1615187 RPD:1
[CH: 50] LEN: 12 | HEX: F2 76 FE E0 6D 73 96 FF 5C D9 AE DF | T:1615217 RPD:1
[CH: 50] LEN: 12 | HEX: FA 76 FC DF 52 73 96 FE 0D C9 AF B7 | T:1615247 RPD:1
[CH: 50] LEN: 12 | HEX: FA 76 FE FE 73 73 96 FE EE D6 AF FF | T:1615277 RPD:1
[CH: 50] LEN: 12 | HEX: FA 76 FC F5 70 73 96 FF 1B D8 BF F5 | T:1615280 RPD:1
[CH: 50] LEN: 12 | HEX: EA 76 FE FC 71 73 96 F6 C7 3D BF F7 | T:1615284 RPD:1
[CH: 50] LEN: 12 | HEX: F6 76 FE F7 76 73 96 FE F1 C4 BF F7 | T:1615314 RPD:1
[CH: 50] LEN: 12 | HEX: FA 76 FE FA 77 73 96 FE 6D 21 AF FF | T:1615344 RPD:1
[CH: 50] LEN: 12 | HEX: FA 76 FE F9 74 73 96 EE D8 2F AB FD | T:1615374 RPD:1
[CH: 50] LEN: 12 | HEX: FA 76 F5 F8 75 73 96 FB 04 CA AE B2 | T:1615404 RPD:1
[CH: 50] LEN: 12 | HEX: FA 76 FE F7 72 77 96 F7 B5 DD BF ED | T:1615434 RPD:1
[CH: 50] LEN: 12 | HEX: F2 76 FE F6 7B 73 96 FF 69 38 AB FD | T:1615464 RPD:1
[CH: 50] LEN: 12 | HEX: FA 76 FE E5 70 63 96 D5 18 36 BE EF | T:1615494 RPD:1
[CH: 50] LEN: 12 | HEX: FA 76 FE F4 79 73 96 FF 20 D3 AF 6E | T:1615524 RPD:1
[CH: 50] LEN: 12 | HEX: FA 76 FE F3 75 73 96 FE B6 2A AD 7E | T:1615554 RPD:1
[CH: 50] LEN: 12 | HEX: F2 76 FE F2 7F 73 96 FF 2A CF AA DF | T:1615584 RPD:1
[CH: 50] LEN: 12 | HEX: FA 76 FE E1 7C 73 96 EF 5F C1 B7 EF | T:1615614 RPD:1
[CH: 50] LEN: 12 | HEX: FA 76 FE F0 75 73 96 FF 03 24 AB FF | T:1615643 RPD:1
[CH: 50] LEN: 12 | HEX: FA 76 FC EF 62 73 96 FF 2D CE BD FE | T:1615673 RPD:1
[CH: 50] LEN: 12 | HEX: FA 76 FC EE 63 73 96 FF 51 2B EF 6F | T:1615703 RPD:1
[CH: 50] LEN: 12 | HEX: FA 76 FE ED 60 73 96 FE C4 25 BD BD | T:1615733 RPD:1
[CH: 50] LEN: 12 | HEX: FA 76 F4 EC 61 73 96 FE D8 C0 BF FB | T:1615763 RPD:1
[CH: 50] LEN: 12 | HEX: FA 76 FE EB 66 73 96 FD 6E 39 BF FE | T:1615793 RPD:1
[CH: 50] LEN: 12 | HEX: FA 76 FA EA 67 73 96 F5 B2 DC BF 7F | T:1615823 RPD:1
[CH: 50] LEN: 12 | HEX: FA 76 FE E9 64 73 96 FE 87 D2 BF FF | T:1615853 RPD:1
[CH: 50] LEN: 12 | HEX: FA 76 F6 E8 65 73 96 FF 1B 37 AD FB | T:1615883 RPD:1
[CH: 50] LEN: 12 | HEX: F2 76 FE E7 6A 73 96 FE AA 20 AD 7B | T:1615913 RPD:1
[CH: 50] LEN: 12 | HEX: FA 76 F6 E6 6B 73 96 FF 76 C5 AF EF | T:1615943 RPD:1
[CH: 50] LEN: 12 | HEX: FA 76 EA E5 68 73 96 EE 03 8B FF FF | T:1615973 RPD:1
[CH: 50] LEN: 12 | HEX: FA 76 F4 E4 69 73 96 FE BE 2E BF EF | T:1616003 RPD:1
[CH: 50] LEN: 12 | HEX: F2 76 F6 E3 6E 73 96 FD 69 D7 BF EF | T:1616033 RPD:1
[CH: 50] LEN: 12 | HEX: FA 76 FE E2 6F 73 96 FB 35 32 BB BF | T:1616063 RPD:1
[CH: 50] LEN: 12 | HEX: F2 76 FA E1 6C 73 96 F6 40 38 AF E9 | T:1616093 RPD:1
[CH: 50] LEN: 12 | HEX: FA 76 FE E0 6D 73 96 FF 9C D9 AF EB | T:1616123 RPD:1
[CH: 50] LEN: 12 | HEX: F2 76 FE DF 52 73 96 FF 0D C9 AB F7 | T:1616153 RPD:1
[CH: 50] LEN: 12 | HEX: FA 76 FE FE 73 73 96 FF EE D6 BF FF | T:1616183 RPD:1
[CH: 50] LEN: 12 | HEX: F2 76 FE FD 70 73 96 FF 1B D8 BF BF | T:1616187 RPD:1
[CH: 50] LEN: 12 | HEX: FA 76 F6 FC 71 73 96 F6 47 3D AF FB | T:1616190 RPD:1
[CH: 50] LEN: 12 | HEX: FA 76 FE FB 76 73 96 FF 71 C4 AF FC | T:1616220 RPD:1
[CH: 50] LEN: 12 | HEX: F2 6E FE FA 77 73 96 FE 6D 21 BD BF | T:1616250 RPD:1
[CH: 50] LEN: 12 | HEX: F2 76 FE B9 74 73 96 FF 58 2F 2F FF | T:1616280 RPD:1
[CH: 50] LEN: 12 | HEX: FA 76 EE F0 75 73 96 ED 04 CA AC FE | T:1616310 RPD:1
[CH: 50] LEN: 12 | HEX: FA 76 FE E7 7A 73 96 F7 B5 DD AF 7F | T:1616340 RPD:1
[CH: 50] LEN: 12 | HEX: F2 76 FE F6 77 73 96 FE E9 38 AF FF | T:1616370 RPD:1
[CH: 50] LEN: 12 | HEX: FA 7B DF 00 81 73 96 FF A3 A7 AF F7 | T:1616599 RPD:1
[CH: 50] LEN: 12 | HEX: FA 7B FA 80 81 73 96 EF 43 A7 BB FF | T:1616599 RPD:1
[CH: 50] LEN: 12 | HEX: F1 77 FD FE FA 70 96 FF 23 2C BB FF | T:1616630 RPD:1
[CH: 50] LEN: 12 | HEX: F9 77 FD FD EE 73 96 FE 94 AE BF DD | T:1616633 RPD:1
[CH: 50] LEN: 12 | HEX: F9 77 F9 FE FD 70 96 EA A3 2C AF FF | T:1616636 RPD:1
[CH: 50] LEN: 12 | HEX: F1 77 BA FD FE 73 96 EF 54 AE BF D9 | T:1616648 RPD:1
[CH: 50] LEN: 12 | HEX: E9 77 F4 FE FE 70 96 FF 23 2C BE FF | T:1616648 RPD:0
[CH: 50] LEN: 12 | HEX: F9 77 FD F5 F6 73 96 FE 94 AE BD EE | T:1616659 RPD:1
[CH: 50] LEN: 12 | HEX: F1 77 FA FE F6 70 96 EE 23 2C AF FF | T:1616670 RPD:1
[CH: 50] LEN: 12 | HEX: F9 77 FA FD FE 73 96 FF 54 AE AE EF | T:1616671 RPD:0
[CH: 50] LEN: 12 | HEX: F9 77 FA FA FE 70 96 F6 23 2C B6 77 | T:1616682 RPD:1
[CH: 50] LEN: 12 | HEX: F9 77 BE FC FE 70 96 FF 23 2C AD 7F | T:1616682 RPD:0
[CH: 50] LEN: 12 | HEX: F9 77 FD F9 FE 73 96 FF 54 AE AF FA | T:1616694 RPD:1
[CH: 50] LEN: 12 | HEX: F9 77 F4 F6 FE 70 96 FF 23 2C BF FF | T:1616694 RPD:0
[CH: 50] LEN: 12 | HEX: F9 77 FD FD FE 73 96 FE D4 AE BD FF | T:1616705 RPD:1
[CH: 50] LEN: 12 | HEX: F9 77 7A F6 FA 70 96 FF 23 2C AF FF | T:1616716 RPD:1
[CH: 50] LEN: 12 | HEX: F1 77 FE FD FE 73 96 FF 14 AE BF FD | T:1616717 RPD:0
[CH: 50] LEN: 12 | HEX: F1 77 F5 F6 FE 70 96 FF 23 2C AB EF | T:1616728 RPD:1
[CH: 50] LEN: 12 | HEX: F1 77 FB F9 FE 73 96 FF 54 AE AF ED | T:1616728 RPD:0
[CH: 50] LEN: 12 | HEX: F1 77 FD F6 F6 70 96 FE 23 2C AD FF | T:1616739 RPD:1
[CH: 50] LEN: 12 | HEX: F9 77 75 F5 7E 73 96 FE 14 AE BD FB | T:1616751 RPD:1
[CH: 50] LEN: 12 | HEX: F1 77 DB F4 FE 70 96 FF 23 2C AF EF | T:1616751 RPD:0
[CH: 50] LEN: 12 | HEX: F1 77 FA FD FE 73 96 EB 54 AE AF 7D | T:1616762 RPD:1
[CH: 50] LEN: 12 | HEX: F1 77 FA F9 EC 73 96 FB 94 AC B5 C9 | T:1616763 RPD:0
[CH: 50] LEN: 12 | HEX: F9 77 F4 FE FE 70 96 F7 23 2C BF C0 | T:1616774 RPD:1
[CH: 50] LEN: 12 | HEX: F9 77 F5 F5 EC 73 96 F5 14 AE B7 FD | T:1616774 RPD:0
[CH: 50] LEN: 12 | HEX: F1 77 FB FE FE 70 96 F6 23 2C BD DF | T:1616785 RPD:1
[CH: 50] LEN: 12 | HEX: F9 77 FD F5 FE 73 96 ED 54 AE BF EF | T:1616797 RPD:1
[CH: 50] LEN: 12 | HEX: F9 77 F9 FE FE 70 96 FF 23 2C BD DF | T:1616797 RPD:0
[CH: 50] LEN: 12 | HEX: F9 77 FD FE FE 70 96 FF 23 2C BF 6B | T:1616808 RPD:1
[CH: 50] LEN: 12 | HEX: E9 77 F9 FE FA 70 96 F5 23 2C BD EA | T:1616809 RPD:0
[CH: 50] LEN: 12 | HEX: F1 77 FD F9 FE 73 96 FE 94 AE BF DD | T:1616820 RPD:1
[CH: 50] LEN: 12 | HEX: F1 77 F4 F6 EA 70 96 FF 23 2C BF EF | T:1616831 RPD:1
[CH: 50] LEN: 12 | HEX: F9 77 FC FD FD 73 96 FF 54 AE AF FB | T:1616831 RPD:0
[CH: 50] LEN: 12 | HEX: F9 77 FB FE FE 70 96 FF 23 2C BF BF | T:1616843 RPD:1
[CH: 50] LEN: 12 | HEX: F1 77 D6 FE FE 70 96 FE A3 2C AF 7D | T:1616843 RPD:0
[CH: 50] LEN: 12 | HEX: F9 77 FA FD FE 73 96 FE 94 AE BA DB | T:1616854 RPD:1
[CH: 50] LEN: 12 | HEX: F1 77 FA FE FE 70 96 EE 23 2C BF DE | T:1616866 RPD:1
[CH: 50] LEN: 12 | HEX: F9 77 FA FD FC 73 96 FE 94 AE BD EF | T:1616866 RPD:0
[CH: 50] LEN: 12 | HEX: F1 77 FA FD FE 73 96 EF 94 AE BF F6 | T:1616877 RPD:1
[CH: 50] LEN: 12 | HEX: F1 77 BB FD EE 73 96 FF 94 AE AF F7 | T:1616877 RPD:0
[CH: 50] LEN: 12 | HEX: F9 77 AE FD FE 70 96 FF 23 2C B7 FB | T:1616889 RPD:1
[CH: 50] LEN: 12 | HEX: E9 77 FA FD EC 73 96 FE 94 AE BF FE | T:1616889 RPD:0
[CH: 50] LEN: 12 | HEX: F9 77 FE FE FE 70 96 FF 23 2C AB ED | T:1616900 RPD:1
[CH: 50] LEN: 12 | HEX: F9 77 EC FD F6 73 96 FF 54 AE BE FF | T:1616912 RPD:1
[CH: 50] LEN: 12 | HEX: E9 77 F4 F6 FC 70 96 F6 23 2C BD FE | T:1616912 RPD:0
[CH: 50] LEN: 12 | HEX: F9 77 FA FD FE 73 96 FF 54 AE AF FF | T:1616923 RPD:1
[CH: 50] LEN: 12 | HEX: F9 77 FC FE EA 70 96 FF 23 2C BF 7E | T:1616923 RPD:0
[CH: 50] LEN: 12 | HEX: F1 77 BE FD EC 73 96 FE D4 AE AB D5 | T:1616935 RPD:1
[CH: 50] LEN: 12 | HEX: F1 77 BD FE FE 70 96 FB 23 2C AF DB | T:1616946 RPD:1
[CH: 50] LEN: 12 | HEX: F9 77 DD FD FE 73 96 FE D4 AE BF BF | T:1616946 RPD:0
[CH: 50] LEN: 12 | HEX: F9 77 FD FA FD 70 96 FE 23 2C AF FD | T:1616958 RPD:1
[CH: 50] LEN: 12 | HEX: F9 77 FA FE FE 70 96 FF 23 2C BF FD | T:1616958 RPD:0
[CH: 50] LEN: 12 | HEX: F9 77 DD F5 DE 73 96 FE 94 AE BF FB | T:1616969 RPD:1
[CH: 50] LEN: 12 | HEX: F9 77 F4 F4 FE 70 96 FF 23 2C BD 7F | T:1616969 RPD:0
[CH: 50] LEN: 12 | HEX: F9 77 F5 FD FE 73 96 FF 14 AE AB 77 | T:1616981 RPD:1
[CH: 50] LEN: 12 | HEX: F5 77 FE FC FE 70 96 FF 23 2C BF FD | T:1616992 RPD:1
[CH: 50] LEN: 12 | HEX: F9 77 FD FD EC 73 96 FF 54 AE BF F7 | T:1616992 RPD:0
[CH: 50] LEN: 12 | HEX: F9 77 BC FA FE 70 96 FF 23 2C BE FF | T:1617003 RPD:1
[CH: 50] LEN: 12 | HEX: F9 77 FC FD FE 73 96 FF 14 AE AF FF | T:1617004 RPD:0
[CH: 50] LEN: 12 | HEX: F9 77 D9 FE FE 70 96 EE 23 2C AB FB | T:1617015 RPD:1
[CH: 50] LEN: 12 | HEX: F9 77 FD FD FE 73 96 FF 54 AE AF FE | T:1617026 RPD:1
[CH: 50] LEN: 12 | HEX: F1 77 F9 FE FE 70 96 EE 23 2C BF BB | T:1617027 RPD:0
[CH: 50] LEN: 12 | HEX: F9 77 B9 FD DC 73 96 EA 94 AE BB 7D | T:1617038 RPD:1
[CH: 50] LEN: 12 | HEX: F9 77 FD F5 F4 73 96 FF 94 AE AF D5 | T:1617038 RPD:0
[CH: 50] LEN: 12 | HEX: F9 77 DC F6 FE 70 96 F7 23 2C AF F7 | T:1617049 RPD:1
[CH: 50] LEN: 12 | HEX: F1 77 F4 FD FC 73 96 FD 14 AE AF F7 | T:1617061 RPD:1
[CH: 50] LEN: 12 | HEX: F1 77 DC FE FE 70 96 FF 23 2C AB 77 | T:1617061 RPD:0
[CH: 50] LEN: 12 | HEX: F9 77 DE FE FE 70 96 FF 23 2C BF FD | T:1617072 RPD:1
[CH: 50] LEN: 12 | HEX: F1 77 F4 FE FE 70 96 FF 23 2C AD DF | T:1617073 RPD:0
[CH: 50] LEN: 12 | HEX: F9 77 F4 FD FE 73 96 EF 94 AE BE FD | T:1617084 RPD:1
[CH: 50] LEN: 12 | HEX: F1 77 FB F6 FE 70 96 F7 23 2C BD EF | T:1617084 RPD:0
[CH: 50] LEN: 12 | HEX: F9 77 F4 E9 FE 73 96 FF 54 AE BF DF | T:1617095 RPD:1
[CH: 50] LEN: 12 | HEX: F9 77 FC FE FE 70 96 FF 23 2C AE FF | T:1617107 RPD:1
[CH: 50] LEN: 12 | HEX: F9 77 FA FD FE 73 96 FF 54 AE AF 9F | T:1617107 RPD:0
[CH: 50] LEN: 12 | HEX: F9 77 F5 FE FE 70 96 FF 23 2C BF B9 | T:1617118 RPD:1
[CH: 50] LEN: 12 | HEX: F1 77 FA FA FE 70 96 F7 23 2C BE B7 | T:1617119 RPD:0
[CH: 50] LEN: 12 | HEX: F9 77 FA FD EC 73 96 FF 54 AE AD FD | T:1617130 RPD:1
[CH: 50] LEN: 12 | HEX: E9 77 FA FD FC 73 96 FF 54 AE BE BB | T:1617141 RPD:1
[CH: 50] LEN: 12 | HEX: F1 77 FF FE FE 70 96 FE 23 2C AF FF | T:1617141 RPD:0
[CH: 50] LEN: 12 | HEX: F1 77 FD F9 EE 73 96 FF 54 AC AF 7D | T:1617153 RPD:1
[CH: 50] LEN: 12 | HEX: E9 77 FD FD EC 73 96 FE 54 AE BB FD | T:1617153 RPD:0
[CH: 50] LEN: 12 | HEX: F9 77 F5 FE FE 70 96 F7 23 2C AF FD | T:1617164 RPD:1
[CH: 50] LEN: 12 | HEX: F1 77 BB F5 FC 73 96 FE 54 AE AF 77 | T:1617165 RPD:0
[CH: 50] LEN: 12 | HEX: F9 77 F9 FE FE 70 96 FF 23 2C BF EF | T:1617176 RPD:1
[CH: 50] LEN: 12 | HEX: F9 77 FD FD FE 73 96 FF 14 AE BB FB | T:1617187 RPD:1
[CH: 50] LEN: 12 | HEX: F9 77 FD FE FE 70 96 FF 23 2C BD FF | T:1617187 RPD:0
[CH: 50] LEN: 12 | HEX: F9 77 74 FB FD 73 96 F6 D4 AE BD FD | T:1617199 RPD:1
[CH: 50] LEN: 12 | HEX: F9 77 AC FE FE 70 96 FF 23 2C BF FF | T:1617199 RPD:0
[CH: 50] LEN: 12 | HEX: F1 77 ED FD FC 73 96 FF 14 AE BB DF | T:1617210 RPD:1
[CH: 50] LEN: 12 | HEX: E9 77 FB F6 F6 70 96 EE A3 2C A7 FD | T:1617222 RPD:1
[CH: 50] LEN: 12 | HEX: F9 77 FC FB FE 73 96 FF D4 AE AF DF | T:1617222 RPD:0
[CH: 50] LEN: 12 | HEX: F9 77 BC FE EC 70 96 FE 23 2C BF DF | T:1617233 RPD:1
[CH: 50] LEN: 12 | HEX: F1 77 DD FE F4 70 96 F7 23 2C BF FF | T:1617233 RPD:0
[CH: 50] LEN: 12 | HEX: F9 77 EA FD FE 73 96 FF 14 AE BF FF | T:1617245 RPD:1
[CH: 50] LEN: 12 | HEX: F9 77 BB FE FE 70 96 FF 23 2C AF CB | T:1617256 RPD:1
[CH: 50] LEN: 12 | HEX: F1 77 FE ED FE 73 96 FF 94 AE AB D5 | T:1617256 RPD:0
[CH: 50] LEN: 12 | HEX: F9 77 FD FE FE 70 96 FF 23 2C BB BE | T:1617267 RPD:1
[CH: 50] LEN: 12 | HEX: F9 77 BC F5 FC 73 96 FE 94 AE BE FF | T:1617268 RPD:0
[CH: 50] LEN: 12 | HEX: F9 77 5A F6 FE 70 96 F7 23 2C AF BF | T:1617279 RPD:1
[CH: 50] LEN: 12 | HEX: F9 77 F5 FD DA 73 96 F7 14 AE BF FE | T:1617279 RPD:0
[CH: 50] LEN: 12 | HEX: F1 77 F9 FE FE 70 96 EF 23 2C BF 7F | T:1617291 RPD:1
[CH: 50] LEN: 12 | HEX: F9 77 FC FD FE 73 96 FF 54 AA AD 7F | T:1617302 RPD:1
[CH: 50] LEN: 12 | HEX: F9 77 BD FA FE 70 96 F7 23 2C BF F6 | T:1617302 RPD:0
[CH: 50] LEN: 12 | HEX: F9 77 FB F9 EA 73 96 FF 94 AE BF AF | T:1617313 RPD:1
[CH: 50] LEN: 12 | HEX: F9 77 FC F5 FE 73 96 FF 54 AE AF FB | T:1617314 RPD:0
[CH: 50] LEN: 12 | HEX: F1 77 AE FA FE 70 96 FE 23 2C BF D4 | T:1617325 RPD:1
[CH: 50] LEN: 12 | HEX: F1 77 F4 D5 EE 73 96 FF 14 AE BF ED | T:1617336 RPD:1
[CH: 50] LEN: 12 | HEX: F1 77 F5 FA FC 70 96 FE 23 2C AB FF | T:1617337 RPD:0
[CH: 50] LEN: 12 | HEX: F9 77 FF FA F5 70 96 FF 23 2C AF FF | T:1617348 RPD:1
[CH: 50] LEN: 12 | HEX: F5 77 DB EE FA 70 96 FE 23 2C BB FF | T:1617348 RPD:0
[CH: 50] LEN: 12 | HEX: F9 77 DC FD FD 73 96 FF 14 AE BD EB | T:1617359 RPD:1
[CH: 50] LEN: 12 | HEX: F9 77 B9 FE FE 70 96 FF 23 2C BF 7D | T:1617360 RPD:0
[CH: 50] LEN: 12 | HEX: F1 77 F4 FD EE 73 96 FF 54 AE B7 FF | T:1617371 RPD:1
[CH: 50] LEN: 12 | HEX: F9 77 FA F6 F6 70 96 FB 23 2C AF 7F | T:1617382 RPD:1
[CH: 50] LEN: 12 | HEX: F9 77 FB F3 F6 73 96 FD 54 AE AF FF | T:1617383 RPD:1
[CH: 50] LEN: 12 | HEX: F1 77 FC FE FE 70 96 FA 23 2C AF FB | T:1617394 RPD:1
[CH: 50] LEN: 12 | HEX: F1 77 FA FD FC 73 96 F7 14 AE BF DE | T:1617394 RPD:0
[CH: 50] LEN: 12 | HEX: F9 77 FA FE FE 70 96 FF 23 2C AD FF | T:1617405 RPD:1
[CH: 50] LEN: 12 | HEX: F9 77 F5 FD FE 73 96 F7 14 AE BB EF | T:1617417 RPD:1
[CH: 50] LEN: 12 | HEX: F1 77 B8 FC FE 70 96 FE 23 2C BD DA | T:1617417 RPD:0
[CH: 50] LEN: 12 | HEX: E9 77 BD F9 DC 73 96 EE 94 AE AB B7 | T:1617428 RPD:1
[CH: 50] LEN: 12 | HEX: F1 77 FA F5 FE 73 96 EB 14 AE AE EF | T:1617429 RPD:0
[CH: 50] LEN: 12 | HEX: F9 77 FA FE FE 70 96 FF 23 2C BF F5 | T:1617440 RPD:1
[CH: 50] LEN: 12 | HEX: F9 77 FC FD FE 73 96 F7 14 AE BF 6F | T:1617451 RPD:1
[CH: 50] LEN: 12 | HEX: E9 77 D6 FE FE 70 96 F7 23 2C AB 6E | T:1617451 RPD:0
[CH: 50] LEN: 12 | HEX: F9 77 FA F5 FE 73 96 EE D4 AE BF EF | T:1617463 RPD:1
[CH: 50] LEN: 12 | HEX: F1 77 DC FA FE 70 96 FF 23 2C AD 7E | T:1617463 RPD:0
[CH: 50] LEN: 12 | HEX: F1 77 BB F9 FE 73 96 FB 14 AE AD FF | T:1617474 RPD:1
[CH: 50] LEN: 12 | HEX: F9 77 BD FE FE 70 96 FF 23 2C BF FF | T:1617474 RPD:0
[CH: 50] LEN: 12 | HEX: F1 77 FE FD FE 73 96 FF 54 AE AF DE | T:1617486 RPD:1
[CH: 50] LEN: 12 | HEX: F9 77 BE FE F6 70 96 F7 23 2C AE FB | T:1617497 RPD:1
[CH: 50] LEN: 12 | HEX: F1 77 F4 F5 FD 73 96 FF 14 AE AF ED | T:1617497 RPD:0
[CH: 50] LEN: 12 | HEX: F1 77 FD FE FE 70 96 F7 23 2C BF FF | T:1617509 RPD:1
[CH: 50] LEN: 12 | HEX: F9 77 FD FE FE 70 96 FF 23 2C BD FE | T:1617509 RPD:0
[CH: 50] LEN: 12 | HEX: F9 77 F5 FD D4 73 96 EF 54 AE BF DF | T:1617520 RPD:1
[CH: 50] LEN: 12 | HEX: F9 77 FD FE FE 70 96 FF 23 2C BF F7 | T:1617531 RPD:1
[CH: 50] LEN: 12 | HEX: E9 77 7E FD FC 73 96 FE D4 AE BF EB | T:1617532 RPD:0
[CH: 50] LEN: 12 | HEX: F9 77 FE F9 FE 73 96 FE 94 AE AD D7 | T:1617543 RPD:1
[CH: 50] LEN: 12 | HEX: F9 77 B4 FD FE 7B 96 EF 14 AE BF DE | T:1617543 RPD:0
[CH: 50] LEN: 12 | HEX: F9 77 FE F6 FE 70 96 FF 23 2C BF BF | T:1617555 RPD:1
[CH: 50] LEN: 12 | HEX: F9 77 FB FD FE 73 96 FF 14 AE BB DE | T:1617555 RPD:0
[CH: 50] LEN: 12 | HEX: F9 77 F4 FE FE 70 96 FF 23 2C BB EF | T:1617566 RPD:1
[CH: 50] LEN: 12 | HEX: F1 77 FA FD FC 73 96 FF 94 AA AB 3D | T:1617577 RPD:1
[CH: 50] LEN: 12 | HEX: F9 77 F5 FE FE 70 96 FF 23 2C BF D4 | T:1617578 RPD:0
[CH: 50] LEN: 12 | HEX: F9 77 FD F7 EC 73 96 FE D4 AE BF FF | T:1617589 RPD:1
[CH: 50] LEN: 12 | HEX: F9 77 FA F9 FE 73 96 FE D4 AE BF FE | T:1617589 RPD:0
[CH: 50] LEN: 12 | HEX: F9 77 BC FE FC 70 96 FE 23 2C BF FF | T:1617601 RPD:1
[CH: 50] LEN: 12 | HEX: F9 77 FB FE FE 70 96 FF 23 2C AF FB | T:1617612 RPD:1
[CH: 50] LEN: 12 | HEX: F9 77 FD FD FE 73 96 FE 94 AE AD B5 | T:1617612 RPD:0
[CH: 50] LEN: 12 | HEX: F9 77 EC FE FE 70 96 FE A3 2C BB FF | T:1617623 RPD:1
[CH: 50] LEN: 12 | HEX: F9 77 FD FA FE 70 96 FF 23 2C AE DF | T:1617624 RPD:0
[CH: 50] LEN: 12 | HEX: F1 77 FC FD FC 73 96 FF 14 AE BE FF | T:1617635 RPD:1
[CH: 50] LEN: 12 | HEX: F9 77 F5 FE FE 70 96 F7 23 2C BF FF | T:1617646 RPD:1
[CH: 50] LEN: 12 | HEX: F1 77 FA FD FE 73 96 F7 54 AE BB DB | T:1617647 RPD:0
[CH: 50] LEN: 12 | HEX: F9 77 FA FA FE 70 96 EF 23 2C AB FB | T:1617658 RPD:1
[CH: 50] LEN: 12 | HEX: E9 77 AE EC FE 70 96 FF 23 2C BF BF | T:1617658 RPD:0
[CH: 50] LEN: 12 | HEX: F9 77 FB 79 EE 73 96 FF 54 AE AB ED | T:1617669 RPD:1
[CH: 50] LEN: 12 | HEX: F1 77 FA F5 FE 73 96 FE 94 AE AF BD | T:1617670 RPD:0
[CH: 50] LEN: 12 | HEX: F1 77 FD F4 F6 70 96 FF 23 2C AD FB | T:1617681 RPD:1
[CH: 50] LEN: 12 | HEX: F9 77 F9 FD DD 73 96 FE 14 AE BE FD | T:1617692 RPD:1
[CH: 50] LEN: 12 | HEX: F9 77 FB F6 FE 70 96 FF 23 2C BF FE | T:1617692 RPD:0
[CH: 50] LEN: 12 | HEX: F1 77 7A FD FC 73 96 FF 54 AE BF FE | T:1617704 RPD:1
[CH: 50] LEN: 12 | HEX: F9 77 FC FD FD 73 96 FF 54 AE AF FF | T:1617704 RPD:0
[CH: 50] LEN: 12 | HEX: F9 77 DC FE F6 70 96 F7 23 2C BF ED | T:1617715 RPD:1
[CH: 50] LEN: 12 | HEX: F9 77 DE FD FE 73 96 F7 14 AE BF DF | T:1617727 RPD:1
[CH: 50] LEN: 12 | HEX: F1 77 F5 FE FE 70 96 FF 23 2C AA FB | T:1617727 RPD:0
[CH: 50] LEN: 12 | HEX: F9 77 FC FD FE 73 96 F7 94 AE AA FD | T:1617738 RPD:1
[CH: 50] LEN: 12 | HEX: F9 77 FD FC FE 70 96 FE 23 2C BF FF | T:1617738 RPD:0
[CH: 50] LEN: 12 | HEX: F9 77 FD FD F6 73 96 FE 94 AE BF F7 | T:1617750 RPD:1
[CH: 50] LEN: 12 | HEX: F9 77 EC FE FE 70 96 FF 23 2C BF FE | T:1617750 RPD:0
[CH: 50] LEN: 12 | HEX: F1 77 FD F9 FE 73 96 FF 94 AE AF FD | T:1617761 RPD:1
[CH: 50] LEN: 12 | HEX: F1 77 FB FE FE 70 96 EF 23 2C BF FF | T:1617773 RPD:1
[CH: 50] LEN: 12 | HEX: F1 77 FD FD FE 73 96 FB 94 AE BE FF | T:1617773 RPD:0
[CH: 50] LEN: 12 | HEX: F9 77 FA FD FE 70 96 FE 23 2C BF BF | T:1617784 RPD:1
[CH: 50] LEN: 12 | HEX: F1 77 BB FE ED 70 96 FE 23 2C BF EB | T:1617784 RPD:0
[CH: 50] LEN: 12 | HEX: F9 77 FB F5 FC 73 96 FE D4 AE AB DB | T:1617796 RPD:1
[CH: 50] LEN: 12 | HEX: F9 77 FA F6 FE 70 96 FF 23 2C BF DF | T:1617807 RPD:1
[CH: 50] LEN: 12 | HEX: F9 77 EA FD ED 73 96 F5 54 AE BF FE | T:1617807 RPD:0
[CH: 50] LEN: 12 | HEX: F9 77 F9 FD EC 73 96 FE 94 AE AF 7D | T:1617819 RPD:1
[CH: 50] LEN: 12 | HEX: F9 77 FA FD FE 73 96 FF 14 AE AD FD | T:1617819 RPD:0
[CH: 50] LEN: 12 | HEX: F5 77 BB F6 FE 70 96 FE 23 2C AF FD | T:1617830 RPD:1
[CH: 50] LEN: 12 | HEX: F9 77 FA F5 FC 73 96 FF 54 AE AF FB | T:1617841 RPD:1
[CH: 50] LEN: 12 | HEX: F1 77 FE FA FA 70 96 FE 23 2C BF FF | T:1617842 RPD:0
[CH: 50] LEN: 12 | HEX: F9 77 FC FD FD 73 96 FD 14 AE AF DF | T:1617853 RPD:1
[CH: 50] LEN: 12 | HEX: F9 77 FA F5 EC 73 96 FF 14 AE BB FF | T:1617853 RPD:1
[CH: 50] LEN: 12 | HEX: F9 77 F9 FE FE 70 96 FF 23 2C AF FF | T:1617865 RPD:1
[CH: 50] LEN: 12 | HEX: F1 77 BC FD DC 73 96 FB 94 AE AF FE | T:1617865 RPD:0
[CH: 50] LEN: 12 | HEX: F9 77 FE FE FE 70 96 FF 23 2C AF FF | T:1617876 RPD:1
[CH: 50] LEN: 12 | HEX: F1 77 FA FE FE 70 96 FF 23 2C AF FF | T:1617887 RPD:1
[CH: 50] LEN: 12 | HEX: F9 77 FD E9 FD 73 96 FF 14 AE BB FB | T:1617888 RPD:0
[CH: 50] LEN: 12 | HEX: F9 77 FD FA FE 70 96 FE 23 2C AF DD | T:1617899 RPD:1
[CH: 50] LEN: 12 | HEX: F1 77 FA FE F4 70 96 FB 23 2C BF FF | T:1617899 RPD:0
[CH: 50] LEN: 12 | HEX: F9 77 FD FD FC 73 96 FE 94 AE AF FF | T:1617910 RPD:1
[CH: 50] LEN: 12 | HEX: F9 77 FB FE FE 70 96 FE A3 2C BF DB | T:1617922 RPD:1
[CH: 50] LEN: 12 | HEX: F9 77 FA FD D4 73 96 FF 14 AE AF FF | T:1617922 RPD:1
[CH: 50] LEN: 12 | HEX: F9 77 DC FA FE 70 96 FE 23 2C AF AB | T:1617933 RPD:1
[CH: 50] LEN: 12 | HEX: F9 77 F5 FD DC 73 16 EE 14 AE BD ED | T:1617934 RPD:0
[CH: 50] LEN: 12 | HEX: F9 77 F9 F6 F6 70 96 FF 23 2C BF EE | T:1617945 RPD:1
[CH: 50] LEN: 12 | HEX: F9 77 F9 F5 EC 73 96 ED 54 AE BF F7 | T:1617945 RPD:0
[CH: 50] LEN: 12 | HEX: F1 77 FD FE FE 70 96 FF 23 2C BE EE | T:1617956 RPD:1
[CH: 50] LEN: 12 | HEX: F9 77 FC FD EE 73 96 FF 54 AE AE FB | T:1617968 RPD:1
[CH: 50] LEN: 12 | HEX: F1 77 FE F4 FE 70 96 FF 23 2C BB F7 | T:1617968 RPD:0
[CH: 50] LEN: 12 | HEX: F1 77 FD FD FE 73 96 FF 14 AE BF FF | T:1617979 RPD:1
[CH: 50] LEN: 12 | HEX: F9 77 FE FD FE 73 96 FF 94 AE AF AB | T:1617980 RPD:0
[CH: 50] LEN: 12 | HEX: F9 77 FE FE FE 70 96 FF 23 2C BD DF | T:1617991 RPD:1
[CH: 50] LEN: 12 | HEX: F1 77 FD FD FE 73 96 FF 54 AE AF F7 | T:1618002 RPD:1
[CH: 50] LEN: 12 | HEX: F1 77 AE FE FE 70 96 FE A3 2C BF F7 | T:1618002 RPD:0
[CH: 50] LEN: 12 | HEX: F9 77 FA FD EC 73 96 F6 94 AE BB 77 | T:1618014 RPD:1
[CH: 50] LEN: 12 | HEX: F9 77 F4 FE FE 70 96 FF 23 2C BF EB | T:1618014 RPD:0
[CH: 50] LEN: 12 | HEX: F9 77 DE FD FD 73 96 FF 14 AE BF 4A | T:1618025 RPD:1
[CH: 50] LEN: 12 | HEX: F1 77 7E FE F6 60 96 FF 23 2C BF FF | T:1618037 RPD:1
[CH: 50] LEN: 12 | HEX: F5 77 B6 F9 FD 73 96 FF 54 AE AF FF | T:1618037 RPD:0
[CH: 50] LEN: 12 | HEX: F1 77 FA FE FE 70 96 FF 23 2C AD EF | T:1618048 RPD:1
[CH: 50] LEN: 12 | HEX: F1 77 FB FE FA 70 96 FF 23 2C BF 77 | T:1618048 RPD:0
[CH: 50] LEN: 12 | HEX: F9 77 FD FD F6 73 96 FF 94 AE AD 6D | T:1618060 RPD:1
[CH: 50] LEN: 12 | HEX: F9 77 FA FE FE 70 96 FF 23 2C BB FB | T:1618060 RPD:1
[CH: 50] LEN: 12 | HEX: F1 77 BB F9 FC 73 96 FF 54 AA BB 7D | T:1618071 RPD:1
[CH: 50] LEN: 12 | HEX: F9 77 75 FD DC 73 96 EF 94 AE AD 6F | T:1618083 RPD:1
[CH: 50] LEN: 12 | HEX: F1 77 FB FE FA 70 96 FF 23 2C AD FF | T:1618083 RPD:0
[CH: 50] LEN: 12 | HEX: F1 77 FA FD FE 73 96 F7 94 AE BD FF | T:1618094 RPD:1
[CH: 50] LEN: 12 | HEX: F9 77 FE FD FC 73 96 FF 94 AE BF DD | T:1618094 RPD:0
[CH: 50] LEN: 12 | HEX: F1 77 DC FA FE 70 96 FE 23 2C AB B5 | T:1618106 RPD:1
[CH: 50] LEN: 12 | HEX: F9 77 DD FD FA 73 96 FF 94 AE AB FF | T:1618117 RPD:1
[CH: 50] LEN: 12 | HEX: F9 77 FE FE FE 70 96 FE 23 2C AF FB | T:1618117 RPD:0
[CH: 50] LEN: 12 | HEX: F9 77 F5 FD EA 73 96 FF 94 AE BD FF | T:1618129 RPD:1
[CH: 50] LEN: 12 | HEX: E9 77 BC FD FE 73 96 EF 14 AE BD FF | T:1618129 RPD:0
[CH: 50] LEN: 12 | HEX: F9 77 FE FE FE 70 96 FF 23 2C BF FF | T:1618140 RPD:1
[CH: 50] LEN: 12 | HEX: F1 77 FA FE FE 70 96 FF 23 2C AF 5F | T:1618140 RPD:0
[CH: 50] LEN: 12 | HEX: F9 77 FD FD EE 73 96 FF 94 AE BF DF | T:1618152 RPD:1
[CH: 50] LEN: 12 | HEX: F1 77 DA F6 FE 70 96 FF 23 2C BF FF | T:1618163 RPD:1
[CH: 50] LEN: 12 | HEX: F9 77 75 F5 FD 73 96 F6 94 AE AF EB | T:1618163 RPD:0
[CH: 50] LEN: 12 | HEX: F9 77 FC FE FE 70 96 FF 23 2C BB 7B | T:1618174 RPD:1
[CH: 50] LEN: 12 | HEX: F9 77 FE FE FE 70 96 FF 23 2C AF FF | T:1618175 RPD:0
[CH: 50] LEN: 12 | HEX: F9 77 FC FD FE 73 96 FF 94 AE B7 EF | T:1618186 RPD:1
[CH: 50] LEN: 12 | HEX: F9 77 F5 FE FE 70 96 F7 23 2C BF AE | T:1618197 RPD:1
[CH: 50] LEN: 12 | HEX: F9 77 FE FD FE 73 96 FF 94 AE BA DD | T:1618198 RPD:0
[CH: 50] LEN: 12 | HEX: F9 77 FC FE FE 70 96 FF 23 2C BE 7F | T:1618209 RPD:1
[CH: 50] LEN: 12 | HEX: F9 77 FE FD FE 73 96 FF 94 AE BD FD | T:1618209 RPD:0
[CH: 50] LEN: 12 | HEX: F9 77 DC FE FC 70 96 FF 23 2C AD FF | T:1618220 RPD:1
[CH: 50] LEN: 12 | HEX: F9 77 DC ED FE 73 96 FB 94 AE BF BF | T:1618232 RPD:1
[CH: 50] LEN: 12 | HEX: F9 77 FE FE FE 70 96 FF 23 2C BD FF | T:1618232 RPD:0
[CH: 50] LEN: 12 | HEX: F1 77 55 FD FE 73 96 F7 54 AE BB FB | T:1618243 RPD:1
[CH: 50] LEN: 12 | HEX: F9 77 FE F9 FE 73 96 F7 94 AE BD FD | T:1618244 RPD:0
[CH: 50] LEN: 12 | HEX: F9 77 FE FA FE 70 96 FF 23 2C B5 F7 | T:1618255 RPD:1
[CH: 50] LEN: 12 | HEX: F9 77 FD FD FE 73 96 FF 94 AE BF BF | T:1618255 RPD:0
[CH: 50] LEN: 12 | HEX: F9 77 FE FE FE 70 96 FE 23 2C BF 7F | T:1618266 RPD:1
[CH: 50] LEN: 12 | HEX: F9 77 FE FD FE 73 96 FF 14 AE BF FF | T:1618278 RPD:1
[CH: 50] LEN: 12 | HEX: F9 77 F9 FE F4 70 96 FF 23 2C BD 7D | T:1618278 RPD:0
[CH: 50] LEN: 12 | HEX: F9 77 FE FE FE 70 96 F5 23 2C BF FF | T:1618289 RPD:1
[CH: 50] LEN: 12 | HEX: F9 77 FC FE FE 70 96 FF 23 2C AF FD | T:1618290 RPD:0
[CH: 50] LEN: 12 | HEX: F9 77 FE FD FE 73 96 FF 94 AE AF BF | T:1618301 RPD:1
[CH: 50] LEN: 12 | HEX: F9 77 F6 FE F6 70 96 EF 23 2C BF DF | T:1618312 RPD:1
[CH: 50] LEN: 12 | HEX: F9 77 FE FD F6 73 96 FF 94 AE BF FD | T:1618312 RPD:0
[CH: 50] LEN: 12 | HEX: F1 77 FC F6 FE 70 96 FF 23 2C AF B7 | T:1618324 RPD:1
[CH: 50] LEN: 12 | HEX: F9 77 FA FE FE 70 96 FB 23 2C BD BF | T:1618324 RPD:0
[CH: 50] LEN: 12 | HEX: F9 77 DE FD FE 73 96 FB 94 AE BF BF | T:1618335 RPD:1
[CH: 50] LEN: 12 | HEX: F9 77 FC FE FE 70 96 FF 23 2C BE FF | T:1618336 RPD:0
[CH: 50] LEN: 12 | HEX: F9 77 FE FD FE 73 96 FF 14 AE BF FF | T:1618347 RPD:1
[CH: 50] LEN: 12 | HEX: F9 77 FE FD FE 73 96 FF 94 AE AF FF | T:1618358 RPD:1
[CH: 50] LEN: 12 | HEX: F9 77 FE FE FE 70 96 FF 23 2C AF DF | T:1618358 RPD:0
[CH: 50] LEN: 12 | HEX: F9 77 FC FD F4 73 D6 FB 14 AE BF 7B | T:1618370 RPD:1
[CH: 50] LEN: 12 | HEX: F9 77 FE F5 FE 73 96 FF 14 AE AF FA | T:1618370 RPD:0
[CH: 50] LEN: 12 | HEX: F1 77 FE FE FE 70 96 FF 23 2C BE DF | T:1618381 RPD:1
[CH: 50] LEN: 12 | HEX: F9 77 7E FD FE 73 96 FE 94 AE B7 7E | T:1618393 RPD:1
[CH: 50] LEN: 12 | HEX: F9 77 AC FE FE 70 96 FF 23 2C BD EF | T:1618393 RPD:0
[CH: 50] LEN: 12 | HEX: F9 77 FE F5 FE 73 96 FF 94 AE BB DF | T:1618404 RPD:1
[CH: 50] LEN: 12 | HEX: F9 77 FE F9 FC 73 96 FF 94 AE BF FB | T:1618404 RPD:0
[CH: 50] LEN: 12 | HEX: F9 77 FE FA EA 70 96 FF 23 2C AD BD | T:1618416 RPD:1
[CH: 50] LEN: 12 | HEX: F9 77 FC EE FE 78 96 EF 23 2C BF F7 | T:1618427 RPD:1
[CH: 50] LEN: 12 | HEX: F9 77 DE FD EA 73 96 F7 94 AE BE EF | T:1618427 RPD:0
[CH: 50] LEN: 12 | HEX: F1 77 FA EA FE 70 96 FF 23 2C BF FF | T:1618438 RPD:1
[CH: 50] LEN: 12 | HEX: F1 77 D6 FE FE 70 96 FE 23 2C BF F5 | T:1618439 RPD:0
[CH: 50] LEN: 12 | HEX: F1 77 DE F9 FE 73 96 FE 94 AE AF FF | T:1618450 RPD:1
[CH: 50] LEN: 12 | HEX: F1 77 FE FE FE 70 96 FE 23 2C AF 9D | T:1618450 RPD:0
[CH: 50] LEN: 12 | HEX: E9 77 BC F9 FE 73 96 FF 94 AE BF FB | T:1618462 RPD:1
[CH: 50] LEN: 12 | HEX: F9 77 FE FE FE 70 96 FA 23 2C BB DF | T:1618473 RPD:1
[CH: 50] LEN: 12 | HEX: F9 77 FE FD FE 73 96 FF 94 AE BF 7F | T:1618473 RPD:0
[CH: 50] LEN: 12 | HEX: F5 77 DE F6 FE 70 96 FF 23 2C AF FD | T:1618484 RPD:1
[CH: 50] LEN: 12 | HEX: F9 77 FD FD FE 73 96 FF 94 AE AF 7F | T:1618485 RPD:0
[CH: 50] LEN: 12 | HEX: F9 77 EE FE FC 70 96 FF 23 2C BD FF | T:1618496 RPD:1
[CH: 50] LEN: 12 | HEX: F9 77 FE F9 FE 73 96 FF 94 AE BF 7B | T:1618507 RPD:1
[CH: 50] LEN: 12 | HEX: F1 77 FE FE FE 70 96 FE A3 2C AF BB | T:1618508 RPD:0
[CH: 50] LEN: 12 | HEX: F9 77 FE FD FE 73 96 FF 94 AE BE BB | T:1618519 RPD:1
[CH: 50] LEN: 12 | HEX: F9 77 FC F5 EC 73 96 FF 94 AE BF FE | T:1618519 RPD:0
[CH: 50] LEN: 12 | HEX: F1 77 FE FE F6 70 96 FD 23 2C BD B7 | T:1618530 RPD:1
[CH: 50] LEN: 12 | HEX: F9 77 FE F9 FE 7B 96 FF 94 AE BB EF | T:1618531 RPD:0
[CH: 50] LEN: 12 | HEX: F9 77 FE FE FE 70 96 FF 23 2C AF DF | T:1618542 RPD:1
[CH: 50] LEN: 12 | HEX: F1 77 FE FD FE 73 96 FF 94 AE AF BA | T:1618553 RPD:1
[CH: 50] LEN: 12 | HEX: F1 77 FE FE FE 70 96 FF 23 2C BD FA | T:1618554 RPD:0
[CH: 50] LEN: 12 | HEX: F9 77 FE FE FE 70 96 FF 23 2C AF F7 | T:1618565 RPD:1
[CH: 50] LEN: 12 | HEX: F1 77 BC F4 FE 70 96 F7 23 2C AB FF | T:1618565 RPD:0
[CH: 50] LEN: 12 | HEX: F9 77 FE FD FE 73 96 FF 94 AE AF FF | T:1618576 RPD:1
[CH: 50] LEN: 12 | HEX: F9 77 FE FE FE 70 96 FF 23 2C AE ED | T:1618588 RPD:1
[CH: 50] LEN: 12 | HEX: F1 77 EE F9 FC 73 96 FF 94 AE BB FB | T:1618588 RPD:0
[CH: 50] LEN: 12 | HEX: F9 77 FE FA FE 70 96 FF 23 2C AF FA | T:1618599 RPD:1
[CH: 50] LEN: 12 | HEX: F9 77 FE FE F4 70 96 FF 23 2C AF FD | T:1618599 RPD:1
[CH: 50] LEN: 12 | HEX: F9 77 BE FD E9 73 96 FF 94 AE BE B7 | T:1618611 RPD:1
[CH: 50] LEN: 12 | HEX: F1 77 BE FE F4 70 96 FF 23 2C BD EF | T:1618622 RPD:1
[CH: 50] LEN: 12 | HEX: F9 77 FE FD FE 73 96 FF 94 AE AF D7 | T:1618622 RPD:0
[CH: 50] LEN: 12 | HEX: F9 77 FE F9 FE 73 96 FF 94 AE AE FE | T:1618634 RPD:1
[CH: 50] LEN: 12 | HEX: F9 77 FE FD FE 73 96 FF 94 AE BF FD | T:1618634 RPD:0
[CH: 50] LEN: 12 | HEX: F1 77 FE FE FE 70 96 FF 23 2C BD FF | T:1618645 RPD:1
[CH: 50] LEN: 12 | HEX: F9 77 BB F5 FE 73 96 FF 94 AE AD BE | T:1618645 RPD:0
[CH: 50] LEN: 12 | HEX: F9 77 FE FE FE 78 96 FF 23 2C BF FC | T:1618657 RPD:1
[CH: 50] LEN: 12 | HEX: F1 77 FE FD FE 73 96 FF 94 AE BD FF | T:1618668 RPD:1
[CH: 50] LEN: 12 | HEX: F9 77 FC EA FE 70 96 FF 23 2C BF BF | T:1618668 RPD:0
[CH: 50] LEN: 12 | HEX: F1 77 FE FD FE 73 96 FF D4 AE AF 7F | T:1618680 RPD:1
[CH: 50] LEN: 12 | HEX: F9 77 FE FE FE 70 96 FF 23 2C BF FD | T:1618680 RPD:0
[CH: 50] LEN: 12 | HEX: F9 77 EE FD EA 73 96 FD 14 AE BF BF | T:1618691 RPD:1
[CH: 50] LEN: 12 | HEX: F9 77 DD FE FE 70 96 FB 23 2C BF 7E | T:1618702 RPD:1
[CH: 50] LEN: 12 | HEX: F9 77 D4 FD FE 73 96 FF 94 AE AF FF | T:1618703 RPD:0
[CH: 50] LEN: 12 | HEX: F9 77 FE FE FE 70 96 F5 23 2C BE FF | T:1618714 RPD:1
[CH: 50] LEN: 12 | HEX: F9 77 FF FE FE 70 96 FF 23 2C BF F7 | T:1618714 RPD:0
[CH: 50] LEN: 12 | HEX: F9 77 FE FD FE 73 96 FA 94 AE AF 7E | T:1618726 RPD:1
[CH: 50] LEN: 12 | HEX: F1 77 BE FE FC 70 96 FF 23 2C BE FE | T:1618726 RPD:0
[CH: 50] LEN: 12 | HEX: F9 77 FE FD FE 73 96 FF 94 AE B7 FD | T:1618737 RPD:1
[CH: 50] LEN: 12 | HEX: F9 77 DB F5 FE 70 96 EF 23 2C BD FF | T:1618748 RPD:1
[CH: 50] LEN: 12 | HEX: F9 77 FE FD FE 73 96 FF 94 AE AF FE | T:1618749 RPD:0
[CH: 50] LEN: 12 | HEX: F9 77 DC FE FE 70 96 FF 23 2C BF F9 | T:1618760 RPD:1
[CH: 50] LEN: 12 | HEX: F9 77 FE F5 FE 73 96 FF 94 AE AF BB | T:1618760 RPD:0
[CH: 50] LEN: 12 | HEX: F9 77 FE FA FE 70 96 FF 23 2C AD BF | T:1618772 RPD:1
[CH: 50] LEN: 12 | HEX: F1 77 FE FA FE 70 96 FF 23 2C BF FF | T:1618783 RPD:1
[CH: 50] LEN: 12 | HEX: F9 77 FB F9 FE 73 96 F5 94 AE AF EF | T:1618783 RPD:0
[CH: 50] LEN: 12 | HEX: F9 77 FE FD FE 73 96 FF 94 AE AF FF | T:1618794 RPD:1
[CH: 50] LEN: 12 | HEX: F9 77 DC FD F6 73 96 FF 94 AE AB DF | T:1618795 RPD:0
[CH: 50] LEN: 12 | HEX: F9 77 FD FE F6 70 96 FF 23 2C BF D4 | T:1618806 RPD:1
[CH: 50] LEN: 12 | HEX: F1 77 DD ED FE 7B 96 F7 94 AE AF FB | T:1618817 RPD:1
[CH: 50] LEN: 12 | HEX: F1 77 FE FC FE 70 96 FB 23 2C BB FF | T:1618818 RPD:0
[CH: 50] LEN: 12 | HEX: E9 77 FE FE FC 70 96 FF 23 2C AF DE | T:1618829 RPD:1
[CH: 50] LEN: 12 | HEX: F9 77 EE FE FE 70 96 F7 23 2C BF BF | T:1618829 RPD:0
[CH: 50] LEN: 12 | HEX: F9 77 BE F9 F6 73 96 FF 94 AE BF FF | T:1618840 RPD:1
[CH: 50] LEN: 12 | HEX: F1 77 5F F4 EE 70 96 FF 23 2C BF 76 | T:1618841 RPD:0
[CH: 50] LEN: 12 | HEX: F9 77 CE FD EA 73 96 FF 94 AE BD 77 | T:1618852 RPD:1
[CH: 50] LEN: 12 | HEX: F9 77 F6 FE FE 70 96 F7 23 2C AF BF | T:1618863 RPD:1
[CH: 50] LEN: 12 | HEX: F9 77 FC F6 FE 70 96 FF 23 2C BD BD | T:1618863 RPD:0
[CH: 50] LEN: 12 | HEX: F5 77 DC FD FE 70 96 FF 23 2C BB FB | T:1618875 RPD:1
[CH: 50] LEN: 12 | HEX: F9 77 FE FE FA 70 96 F7 23 2C BF FF | T:1618875 RPD:0
[CH: 50] LEN: 12 | HEX: F9 77 DE F5 FE 73 96 FF 94 AE BF BA | T:1618886 RPD:1
[CH: 50] LEN: 12 | HEX: F9 77 FE FD FE 73 96 FF 94 AE AF DF | T:1618898 RPD:1
[CH: 50] LEN: 12 | HEX: E9 77 FE F4 FE 78 96 F7 23 2C BB FF | T:1618898 RPD:0
[CH: 50] LEN: 12 | HEX: F9 77 FE FD EF 73 96 FF 94 AE BF 7D | T:1618909 RPD:1
[CH: 50] LEN: 12 | HEX: F9 77 FD FD FE 73 96 FF 94 AE AE FD | T:1618909 RPD:0
[CH: 50] LEN: 12 | HEX: F1 77 BD FE FE 70 96 FF 23 2C BF F7 | T:1618921 RPD:1
[CH: 50] LEN: 12 | HEX: F9 77 FE F5 FE 73 96 FF 94 AE BF FF | T:1618921 RPD:0
[CH: 50] LEN: 12 | HEX: F9 77 FE FE FE 70 96 FF 23 2C BF FF | T:1618932 RPD:1
[CH: 50] LEN: 12 | HEX: F9 77 FE FD FE 73 96 FF 94 AE AF DB | T:1618944 RPD:1
[CH: 50] LEN: 12 | HEX: F9 77 BE FE FC 78 96 FF 23 2C AF FF | T:1618944 RPD:0
[CH: 50] LEN: 12 | HEX: F9 77 FE FD FA 73 96 FF 94 AE AA DB | T:1618955 RPD:1
[CH: 50] LEN: 12 | HEX: F1 77 ED FE F6 70 96 FF 23 2C BF DF | T:1618955 RPD:0
[CH: 50] LEN: 12 | HEX: F9 77 FE FD FE 73 96 FB 94 AE B7 F7 | T:1618967 RPD:1
[CH: 50] LEN: 12 | HEX: F9 77 DA FE FE 70 96 F5 23 2C BB EB | T:1618978 RPD:1
[CH: 50] LEN: 12 | HEX: F1 77 FD FD FE 73 96 FF 94 AE AF BF | T:1618978 RPD:0
[CH: 50] LEN: 12 | HEX: F9 77 FE FE FE 70 96 FF 23 2C AF BF | T:1618990 RPD:1
[CH: 50] LEN: 12 | HEX: F9 77 FE FC FE 70 96 FF 23 2C BF DB | T:1618990 RPD:0
[CH: 50] LEN: 12 | HEX: F9 77 DE FD FE 73 96 F7 94 AE BF FE | T:1619001 RPD:1
[CH: 50] LEN: 12 | HEX: F9 77 FF FE FE 70 96 FF 23 2C AD FD | T:1619012 RPD:1
[CH: 50] LEN: 12 | HEX: F9 77 FE F9 EC 73 96 FF 94 AE BF FF | T:1619013 RPD:0
[CH: 50] LEN: 12 | HEX: F9 77 FE FE FE 70 96 FF 23 2C AE FF | T:1619024 RPD:1
[CH: 50] LEN: 12 | HEX: F9 77 BA FD FE 73 96 FF 54 AE AF BF | T:1619024 RPD:0
[CH: 50] LEN: 12 | HEX: E9 77 FE FE FE 70 96 FF 23 2C BF FE | T:1619035 RPD:1
[CH: 50] LEN: 12 | HEX: F9 77 DE FD EE 73 96 FF 94 AE BF F7 | T:1619036 RPD:0
[CH: 50] LEN: 12 | HEX: F9 77 FD FC FB 70 96 F5 23 2C AF FD | T:1619047 RPD:1
[CH: 50] LEN: 12 | HEX: F9 77 FB F5 EE 73 96 FF 94 AE AF AD | T:1619058 RPD:1
[CH: 50] LEN: 12 | HEX: F9 77 BA FA FE 70 96 FF 23 2C BF B7 | T:1619059 RPD:0
[CH: 50] LEN: 12 | HEX: F1 77 FE F9 FE 73 96 FF 94 AE AE F7 | T:1619070 RPD:1
[CH: 50] LEN: 12 | HEX: F9 77 FD FD FE 73 96 FF 94 AE AA BF | T:1619070 RPD:0
[CH: 50] LEN: 12 | HEX: F9 77 FE FA FA 70 96 FF 23 2C AF 7E | T:1619081 RPD:1
[CH: 50] LEN: 12 | HEX: F9 77 EE FD FD 77 96 FF 94 AE AF DF | T:1619093 RPD:1
[CH: 50] LEN: 12 | HEX: F9 77 DA FE F4 70 96 FF 23 2C BF EF | T:1619093 RPD:0
[CH: 50] LEN: 12 | HEX: F9 77 EE FE FE 70 96 FF 23 2C AB BE | T:1619104 RPD:1
[CH: 50] LEN: 12 | HEX: F1 77 FE FC FE 70 96 FF 23 2C AF FD | T:1619105 RPD:1
[CH: 50] LEN: 12 | HEX: F9 77 FF 00 00 71 96 FF 9C 55 AD FE | T:1619128 RPD:1
[CH: 50] LEN: 12 | HEX: F9 77 FF 00 00 71 96 FF 9C 55 B7 D7 | T:1619129 RPD:1
[CH: 50] LEN: 12 | HEX: F8 6D FF 00 FA FE 95 FF 60 9C AE FB | T:1619159 RPD:1
[CH: 50] LEN: 12 | HEX: F8 6D FF 00 FC FE 95 FF 60 9C AD ED | T:1619160 RPD:1
[CH: 50] LEN: 12 | HEX: F1 77 FF 00 00 71 95 EF 89 06 BB F7 | T:1619428 RPD:1
[CH: 50] LEN: 12 | HEX: F9 77 FF 00 00 71 95 FF C9 06 AF D7 | T:1619429 RPD:1
[CH: 50] LEN: 12 | HEX: F0 6D FF 00 FE FE 95 FF 60 9C BD BD | T:1619459 RPD:1
[CH: 50] LEN: 12 | HEX: F8 6D FF 00 FE FE 95 FF 60 9C BB FF | T:1619459 RPD:1
[CH: 50] LEN: 12 | HEX: F1 77 BF 00 00 71 95 FD 49 06 BF D7 | T:1619728 RPD:1
[CH: 50] LEN: 12 | HEX: F9 77 FD 80 00 71 95 FF 89 06 BF FF | T:1619729 RPD:1
[CH: 50] LEN: 12 | HEX: F8 6D EE 80 FE FE 95 FE E0 9C BE EF | T:1619758 RPD:1
[CH: 50] LEN: 12 | HEX: F8 6D FE 00 FE FE 95 FA E0 9C BF 7F | T:1619759 RPD:1
[CH: 50] LEN: 12 | HEX: F1 77 FA 00 00 71 95 FD 49 06 AF FF | T:1620028 RPD:1
[CH: 50] LEN: 12 | HEX: F9 77 6B 00 00 71 95 FE 89 06 AB FB | T:1620028 RPD:1
[CH: 50] LEN: 12 | HEX: F8 6D FE 80 FE F6 95 FD E0 9C BD DF | T:1620058 RPD:1
[CH: 50] LEN: 12 | HEX: E8 6D EA 00 F5 FE 95 EE E0 9C BE FF | T:1620059 RPD:1
[CH: 50] LEN: 12 | HEX: F9 77 F5 00 00 71 95 FD C9 06 AF BB | T:1620327 RPD:1
[CH: 50] LEN: 12 | HEX: F9 77 DA 00 00 71 95 FE 89 06 AF DD | T:1620328 RPD:1
[CH: 50] LEN: 12 | HEX: F0 6D FD 00 FC FE 95 FD 60 9C AF BB | T:1620358 RPD:1
[CH: 50] LEN: 12 | HEX: F8 6D FD 00 F4 F6 95 FD E0 9C BF BE | T:1620359 RPD:1
[CH: 50] LEN: 12 | HEX: F9 77 EB 00 00 71 95 EA C9 06 AF FE | T:1620627 RPD:1
[CH: 50] LEN: 12 | HEX: F1 77 F5 00 00 71 95 EE C9 06 AD FF | T:1620628 RPD:1
[CH: 50] LEN: 12 | HEX: F4 6D FF 00 FE FE 95 ED 60 9C AF FF | T:1620658 RPD:1
[CH: 50] LEN: 12 | HEX: F0 6D FD 80 FE F5 95 FD 60 9C AF BF | T:1620658 RPD:1
[CH: 50] LEN: 12 | HEX: F9 77 EF 00 00 71 95 FD 49 06 AF FF | T:1620927 RPD:1
[CH: 50] LEN: 12 | HEX: F1 77 F5 00 00 71 95 FF 49 06 AD 5B | T:1620928 RPD:1
[CH: 50] LEN: 12 | HEX: F8 6D EB 00 FC F4 95 FD 60 9C AD F7 | T:1620958 RPD:1
[CH: 50] LEN: 12 | HEX: F8 6D DD 00 FE FE 95 EE 60 9C BD 7F | T:1620958 RPD:1
[CH: 50] LEN: 12 | HEX: F1 77 F5 00 00 71 95 FA C9 06 BF BF | T:1621227 RPD:1
[CH: 50] LEN: 12 | HEX: F9 77 F7 00 00 71 95 FA C9 06 BB FF | T:1621227 RPD:1
[CH: 50] LEN: 12 | HEX: F8 6D FD 00 FE FD 95 FD 60 9C B7 7F | T:1621257 RPD:1
[CH: 50] LEN: 12 | HEX: F0 6D EF 00 FE F6 95 FD E0 9C BF FD | T:1621258 RPD:1
[CH: 50] LEN: 12 | HEX: E9 77 77 00 00 71 95 ED C9 06 AE F5 | T:1621526 RPD:1
[CH: 50] LEN: 12 | HEX: F9 77 F5 00 00 71 95 EE C9 06 BB FD | T:1621527 RPD:1
[CH: 50] LEN: 12 | HEX: F0 6D FF 00 FD F4 95 FD 60 9C AF F2 | T:1621558 RPD:1
[CH: 50] LEN: 12 | HEX: F9 77 F7 00 00 71 95 55 49 06 AE 95 | T:1621826 RPD:1
[CH: 50] LEN: 12 | HEX: F9 77 F5 00 00 71 95 FA C9 06 BD 7B | T:1621827 RPD:1
[CH: 50] LEN: 12 | HEX: F8 6D DA 80 EC EC 95 FC 60 9C BF 6F | T:1621857 RPD:1
[CH: 50] LEN: 12 | HEX: F8 6D DC 80 EA FE 95 FD 60 9C AF 7B | T:1621857 RPD:1
[CH: 50] LEN: 12 | HEX: E9 77 DB 00 00 71 95 FA C9 06 BF FD | T:1622126 RPD:1
[CH: 50] LEN: 12 | HEX: F9 77 F7 00 00 71 95 FE 89 06 AB B7 | T:1622127 RPD:1
[CH: 50] LEN: 12 | HEX: F8 6D FE 80 FC F5 95 EE 60 9C BF ED | T:1622157 RPD:1
[CH: 50] LEN: 12 | HEX: F8 6D FD 00 FE FE 95 FD 60 9C BE FD | T:1622157 RPD:1
[CH: 50] LEN: 12 | HEX: F1 77 FB 00 00 71 95 FF C9 06 AF 5F | T:1622426 RPD:1
[CH: 50] LEN: 12 | HEX: F9 77 FD 00 00 71 95 FD 49 06 BF DB | T:1622427 RPD:1
[CH: 50] LEN: 12 | HEX: F0 6D FD 00 FE FE 95 DE E0 9C AF FE | T:1622456 RPD:1
[CH: 50] LEN: 12 | HEX: F8 6D DC 80 EE EE 95 DD 60 9C AF FD | T:1622457 RPD:1
[CH: 50] LEN: 12 | HEX: F9 77 FA 00 00 71 95 FD 49 06 BF AF | T:1622726 RPD:1
[CH: 50] LEN: 12 | HEX: F9 77 F5 00 00 71 95 FE C9 06 AE EF | T:1622726 RPD:1
[CH: 50] LEN: 12 | HEX: E8 6D EF 00 FE FE 95 FE 60 9C AE FF | T:1622756 RPD:1
[CH: 50] LEN: 12 | HEX: F8 6D ED 00 EE FC 95 EE 60 9C AB FE | T:1622757 RPD:1
[CH: 50] LEN: 12 | HEX: F9 77 DE 00 00 71 95 FE 89 06 AF FF | T:1623025 RPD:1
[CH: 50] LEN: 12 | HEX: F9 77 75 00 00 71 95 D7 C9 06 BF DB | T:1623026 RPD:1
[CH: 50] LEN: 12 | HEX: F0 6D FD 00 FE FE 95 EE 60 9C BB FF | T:1623056 RPD:1
[CH: 50] LEN: 12 | HEX: F8 6D FD 80 FD FE 95 FE E0 9C AE FF | T:1623057 RPD:1
[CH: 50] LEN: 12 | HEX: F9 77 B5 00 00 71 95 FF 29 06 AF FB | T:1623325 RPD:1
[CH: 50] LEN: 12 | HEX: F9 77 6B 00 00 71 95 DE C9 06 AF FF | T:1623326 RPD:1
[CH: 50] LEN: 12 | HEX: F8 6D FE 80 FE FE 95 EB 60 9C BD FF | T:1623356 RPD:1
[CH: 50] LEN: 12 | HEX: F8 6D FE 80 FE FE 95 FE 60 9C AD EF | T:1623356 RPD:1
[CH: 50] LEN: 12 | HEX: F1 77 D7 00 00 71 95 FB C9 06 AF FE | T:1623625 RPD:1
[CH: 50] LEN: 12 | HEX: F1 77 FD 00 00 71 95 EE C9 06 BE BF | T:1623626 RPD:1
[CH: 50] LEN: 12 | HEX: F8 6D FE 80 FA FE 95 FD 60 9C BB F6 | T:1623656 RPD:1
[CH: 50] LEN: 12 | HEX: F0 6D FE 80 FE FE 95 FE E0 9C AF EF | T:1623656 RPD:1
[CH: 50] LEN: 12 | HEX: D1 77 5B 00 00 71 95 FA C9 06 AF FF | T:1623925 RPD:1
[CH: 50] LEN: 12 | HEX: F1 77 FD 00 00 71 95 B5 49 06 BF EF | T:1623925 RPD:1
[CH: 50] LEN: 12 | HEX: E8 6D FE 00 FE FE 95 DE E0 9E AF EE | T:1623955 RPD:1
[CH: 50] LEN: 12 | HEX: E8 6D FD 80 F6 EA 95 ED 60 9C BF DD | T:1623956 RPD:1
[CH: 50] LEN: 12 | HEX: E9 77 F5 00 00 71 95 B9 49 06 AE F7 | T:1624225 RPD:1
[CH: 50] LEN: 12 | HEX: F9 77 F7 00 00 71 95 EE 89 06 AF ED | T:1624225 RPD:1
[CH: 50] LEN: 12 | HEX: F8 6D FD 00 EC F4 95 F6 E0 98 BB FF | T:1624255 RPD:1
[CH: 50] LEN: 12 | HEX: F8 6D FD 00 FA FE 95 F7 60 9C AB DF | T:1624256 RPD:1
[CH: 50] LEN: 12 | HEX: F1 77 BF 00 00 71 95 AA C9 06 AF B7 | T:1624524 RPD:1
[CH: 50] LEN: 12 | HEX: F9 77 FF 00 00 71 95 FD C9 06 BF DF | T:1624525 RPD:1
[CH: 50] LEN: 12 | HEX: D8 6D FE 80 FE F6 95 FC E0 9C AF FE | T:1624555 RPD:1
[CH: 50] LEN: 12 | HEX: F8 6D FE 80 FE FC 95 FD E0 9C BF ED | T:1624556 RPD:1
[CH: 50] LEN: 12 | HEX: F9 77 FD 00 00 71 95 DA C9 06 AD BF | T:1624824 RPD:1
[CH: 50] LEN: 12 | HEX: F9 77 DF 00 00 71 95 FD 49 06 BF 7F | T:1624825 RPD:1
[CH: 50] LEN: 12 | HEX: F0 6D FE 00 FE FE 95 EE E0 9C AE FB | T:1624855 RPD:1
[CH: 50] LEN: 12 | HEX: F8 6D FC 80 FC EC 95 FD 60 9C AF FA | T:1624855 RPD:1
[CH: 50] LEN: 12 | HEX: F2 76 FD 80 8C F5 95 FD B8 73 BD F7 | T:1625019 RPD:1
[CH: 50] LEN: 12 | HEX: EA 76 FF 00 8C F4 95 FD BC 73 AF FB | T:1625019 RPD:1
[CH: 50] LEN: 12 | HEX: EA 76 EA FE 73 B4 95 FE C2 8E BA EF | T:1625049 RPD:1
[CH: 50] LEN: 12 | HEX: FA 76 FC EB 70 EC 95 DA B7 00 BB FF | T:1625053 RPD:1
[CH: 50] LEN: 12 | HEX: F2 76 FE FC 71 FC 95 FE EB 65 BF EF | T:1625056 RPD:1
[CH: 50] LEN: 12 | HEX: EA 76 F4 F3 76 EE 95 DD 5D 9C BD ED | T:1625086 RPD:1
[CH: 50] LEN: 12 | HEX: FA 76 FC F2 77 F4 95 F6 C1 79 BA EF | T:1625116 RPD:1
[CH: 50] LEN: 12 | HEX: F2 76 FE F9 74 FE 95 EF 74 77 AF EF | T:1625146 RPD:1
[CH: 50] LEN: 12 | HEX: F2 76 FE F8 75 FC 95 FD A8 92 BE EE | T:1625176 RPD:1
[CH: 50] LEN: 12 | HEX: F2 76 FA F7 7A FE 95 FE 99 85 AF BF | T:1625206 RPD:1
[CH: 50] LEN: 12 | HEX: FA 76 FE F6 7B FD 95 FE C5 60 AF EE | T:1625236 RPD:1
[CH: 50] LEN: 12 | HEX: F2 76 FE E5 70 FC 95 DD 30 6E AF BF | T:1625266 RPD:1
[CH: 50] LEN: 12 | HEX: FA 76 FE F4 79 FE 95 DD 6C 8B AB FD | T:1625296 RPD:1
[CH: 50] LEN: 12 | HEX: F2 76 FE F3 7E F4 95 FD 5A 72 AB FD | T:1625326 RPD:1
[CH: 50] LEN: 12 | HEX: F2 76 FE F2 7F 7E 95 FE 86 97 AF FF | T:1625356 RPD:1
[CH: 50] LEN: 12 | HEX: F2 76 FE F1 7C FE 95 FF 73 99 AB FD | T:1625386 RPD:1
[CH: 50] LEN: 12 | HEX: FA 76 EE F0 7D DC 95 FD 2F 7C BF FF | T:1625416 RPD:1
[CH: 50] LEN: 12 | HEX: FA 76 FE EF 62 FC 95 FD 81 96 BF 7E | T:1625446 RPD:1
[CH: 50] LEN: 12 | HEX: FA 76 EE EE 63 AD 95 FE 9D 73 BE FF | T:1625476 RPD:1
[CH: 50] LEN: 12 | HEX: FA 76 FE ED 60 FE 95 FE A8 75 BF FF | T:1625506 RPD:1
[CH: 50] LEN: 12 | HEX: F6 76 FA EC 61 FE 95 EF 74 98 AB 7F | T:1625536 RPD:1
[CH: 50] LEN: 12 | HEX: F2 76 FE EB 66 FE 95 FA C2 61 BE FD | T:1625566 RPD:1
[CH: 50] LEN: 12 | HEX: FA 76 FE EA 67 AE 95 FF 5E 84 BF FF | T:1625595 RPD:1
[CH: 50] LEN: 12 | HEX: F6 76 EE E9 64 F6 95 FD EB 8A AB F5 | T:1625625 RPD:1
[CH: 50] LEN: 12 | HEX: EA 76 FE E8 65 D4 95 DE B7 6E EB 7E | T:1625655 RPD:1
[CH: 50] LEN: 12 | HEX: F2 76 FE E7 6A F6 95 ED 06 78 BF FE | T:1625685 RPD:1
[CH: 50] LEN: 12 | HEX: F2 76 EC E6 6B 7A 95 FA DA 9D EE DF | T:1625715 RPD:1
[CH: 50] LEN: 12 | HEX: FA 76 F6 E5 68 FE 95 DD 2F 93 AA FF | T:1625745 RPD:1
[CH: 50] LEN: 12 | HEX: FA 76 FA E4 69 DF 95 EE F3 76 AB DF | T:1625775 RPD:1
[CH: 50] LEN: 12 | HEX: F2 76 FE E3 6E FE 95 F7 C5 8F AE EF | T:1625805 RPD:1
[CH: 50] LEN: 12 | HEX: F2 76 EA E2 6F EE 95 EF 19 6A AF FC | T:1625835 RPD:1
[CH: 50] LEN: 12 | HEX: EA 76 FE E1 6C FC 95 FE EC 64 BF FF | T:1625865 RPD:1
[CH: 50] LEN: 12 | HEX: FA 76 EC E0 6D D4 95 FE B0 81 AF 7F | T:1625895 RPD:1
[CH: 50] LEN: 12 | HEX: F2 76 FE DF 52 FE 95 EE A1 B1 AF FD | T:1625925 RPD:1
[CH: 50] LEN: 12 | HEX: DA 76 FE FE 73 BD 95 FE 82 8E AE FE | T:1625955 RPD:1
[CH: 50] LEN: 12 | HEX: FA 76 EC F5 70 FC 95 FA B7 80 BF F7 | T:1625959 RPD:1
[CH: 50] LEN: 12 | HEX: FA 76 FE FC 71 F4 95 FD 6B 65 AF FF | T:1625962 RPD:1
[CH: 50] LEN: 12 | HEX: F2 76 F5 F3 76 EC 95 D6 DD 9C BF BF | T:1625992 RPD:1
[CH: 50] LEN: 12 | HEX: FA 76 FE FA 75 EA 95 ED 01 79 AF 7F | T:1626022 RPD:1
[CH: 50] LEN: 12 | HEX: EA 76 FC F1 74 EC 95 EA F4 77 3F FD | T:1626052 RPD:1
[CH: 50] LEN: 12 | HEX: FA 76 FE F8 75 FE 95 FD 28 92 AF E9 | T:1626082 RPD:1
[CH: 50] LEN: 12 | HEX: EA 76 FA E7 7A FE 95 F6 99 85 AF FB | T:1626112 RPD:1
[CH: 50] LEN: 12 | HEX: F2 76 FD F6 73 FC 95 D7 45 60 AB FB | T:1626142 RPD:1
[CH: 50] LEN: 12 | HEX: FA 76 FA E4 79 EE 95 FF EC 8B A9 DB | T:1626202 RPD:1
[CH: 50] LEN: 12 | HEX: EA 76 FE E3 7A FE 95 FE DA 72 AD F7 | T:1626232 RPD:1
[CH: 50] LEN: 12 | HEX: FA 76 F4 E2 75 FE 95 D6 86 97 3F FF | T:1626262 RPD:1
[CH: 50] LEN: 12 | HEX: F6 76 F4 F1 7A F4 95 FD 73 99 BF 7F | T:1626292 RPD:1
[CH: 50] LEN: 12 | HEX: F2 76 FE E0 7D FC 95 FE AF 78 AF FF | T:1626322 RPD:1
[CH: 50] LEN: 12 | HEX: EA 76 FE EF 62 FE 95 FE 01 96 AF 7B | T:1626352 RPD:1
[CH: 50] LEN: 12 | HEX: FA 76 F6 EE 63 B4 95 DE DD 73 AF FE | T:1626382 RPD:1
[CH: 50] LEN: 12 | HEX: F2 76 FE ED 60 FE 95 FD 28 7B AF BF | T:1626412 RPD:1
[CH: 50] LEN: 12 | HEX: FA 76 FE EC 61 FE 95 FE 74 98 BF FF | T:1626442 RPD:1
[CH: 50] LEN: 12 | HEX: F2 76 FE EB 66 FE 95 FD 42 61 BD 5F | T:1626472 RPD:1
[CH: 50] LEN: 12 | HEX: FA 76 FA EA 67 BE 95 FF 9E 84 AF BB | T:1626502 RPD:1
[CH: 50] LEN: 12 | HEX: F6 76 FE E9 64 FE 95 FF 4B 8A AF FF | T:1626532 RPD:1
[CH: 50] LEN: 12 | HEX: F2 76 FD E8 65 F6 95 FE B7 6F BD FD | T:1626562 RPD:1
[CH: 50] LEN: 12 | HEX: F2 76 FE E7 6A FE 95 FF 86 70 BF F7 | T:1626592 RPD:1
[CH: 50] LEN: 12 | HEX: FA 76 F4 E6 6B FE 95 FE DA 9D AF FE | T:1626622 RPD:1
[CH: 50] LEN: 12 | HEX: F2 76 FC E5 68 FD 95 FD AF 13 BF 7B | T:1626652 RPD:1
[CH: 50] LEN: 12 | HEX: FA 76 FE E4 69 FE 95 FD 73 76 BD BF | T:1626682 RPD:1
[CH: 50] LEN: 12 | HEX: EA 76 FE E3 6E FE 95 FF 45 8F AF FF | T:1626712 RPD:1
[CH: 50] LEN: 12 | HEX: FA 76 FE E2 6F 5D 95 FF 19 6A AB FB | T:1626742 RPD:1
[CH: 50] LEN: 12 | HEX: FA 76 FA E1 6C FE 95 FE EC 64 AF FE | T:1626772 RPD:1
[CH: 50] LEN: 12 | HEX: F2 76 FE E0 6D FC 95 FF 70 81 BF 55 | T:1626802 RPD:1
[CH: 50] LEN: 12 | HEX: F2 76 FE DE 52 FE 95 EE A1 91 BE BF | T:1626832 RPD:1
[CH: 50] LEN: 12 | HEX: F2 76 F4 F4 73 DB 95 DD 42 8E BF FD | T:1626862 RPD:1
[CH: 50] LEN: 12 | HEX: FA 76 FE FD 70 FE 95 FE B7 80 BF EF | T:1626865 RPD:1
[CH: 50] LEN: 12 | HEX: FA 76 FE F4 71 FE 95 ED 6B 65 BD BB | T:1626869 RPD:1
[CH: 50] LEN: 12 | HEX: FA 76 F4 FB 76 FE 95 FF 5D 9C BF 7F | T:1626900 RPD:1
[CH: 50] LEN: 12 | HEX: F2 76 FC F2 77 FC 95 FE C1 79 BB F5 | T:1626930 RPD:1
[CH: 50] LEN: 12 | HEX: F2 76 F6 F9 74 FE 95 ED 74 77 AA E9 | T:1626960 RPD:1
[CH: 50] LEN: 12 | HEX: FA 76 FC F8 75 FE 95 FE 28 92 AF FE | T:1626990 RPD:1
[CH: 50] LEN: 12 | HEX: F2 76 FE F7 7A FE 95 FE 19 85 BF A4 | T:1627020 RPD:1
[CH: 50] LEN: 12 | HEX: FA 76 F4 F6 7B FE 95 F7 45 60 BE F7 | T:1627049 RPD:1
[CH: 50] LEN: 12 | HEX: FA 76 FE F5 70 F4 95 FC 30 6E BD F9 | T:1627079 RPD:1
[CH: 50] LEN: 12 | HEX: FA 76 FE E4 79 FE 95 FD 6C 8B BF FF | T:1627110 RPD:1
[CH: 50] LEN: 12 | HEX: FA 76 FE F3 7C FE 95 FF 3A 72 AA AA | T:1627139 RPD:1
[CH: 50] LEN: 12 | HEX: FA 76 FE F2 7F AA 95 FE 06 97 BF F7 | T:1627169 RPD:1
[CH: 50] LEN: 12 | HEX: EA 76 EE E1 7A EE 95 EC F3 99 BD BB | T:1627199 RPD:1
[CH: 50] LEN: 12 | HEX: FA 76 FE E0 7D FC 95 FF 2F 7C AD FD | T:1627229 RPD:1
[CH: 50] LEN: 12 | HEX: FA 76 FE EF 62 FE 95 F7 01 96 BD FF | T:1627259 RPD:1
[CH: 50] LEN: 12 | HEX: FA 76 FE EE 63 FA 95 FE 9D 73 FE FF | T:1627289 RPD:1
[CH: 50] LEN: 12 | HEX: FA 76 FE ED 60 FE 95 FF 28 7D BD FF | T:1627319 RPD:1
[CH: 50] LEN: 12 | HEX: FA 76 FE EC 61 EE 95 FF 74 98 BD 7E | T:1627349 RPD:1
[CH: 50] LEN: 12 | HEX: F2 76 FE EB 66 FD 95 FF 42 61 BD 7E | T:1627379 RPD:1
[CH: 50] LEN: 12 | HEX: FA 76 FE EA 67 F4 95 F7 1E 84 AB FF | T:1627409 RPD:1
[CH: 50] LEN: 12 | HEX: F2 76 FE E9 64 FE 95 FF 4B 8A AE FB | T:1627439 RPD:1
[CH: 50] LEN: 12 | HEX: FA 76 FE E8 65 FB 95 FE 37 6F 3D FF | T:1627469 RPD:1
[CH: 50] LEN: 12 | HEX: FA 76 FA E7 6A E4 95 AD 46 68 AF BE | T:1627499 RPD:1
[CH: 50] LEN: 12 | HEX: FA 76 FD E6 6B FC 95 FD DA 9D AF FB | T:1627529 RPD:1
[CH: 50] LEN: 12 | HEX: FA 76 F4 E5 68 FE 95 FE 2F 93 BF FF | T:1627559 RPD:1
[CH: 50] LEN: 12 | HEX: FA 76 FE E4 69 F6 95 FF 53 76 BE EE | T:1627589 RPD:1
[CH: 50] LEN: 12 | HEX: EA 76 EE E3 6E F5 95 FD 45 8F BF FF | T:1627619 RPD:1
[CH: 50] LEN: 12 | HEX: F2 76 FE E2 6F F6 95 FF 19 6A AF FB | T:1627649 RPD:1
[CH: 50] LEN: 12 | HEX: FA 76 FA E1 6C FE 95 FF 6C 64 BF AF | T:1627679 RPD:1
[CH: 50] LEN: 12 | HEX: FA 76 FA E0 6D FE 95 FE F0 81 AF FF | T:1627709 RPD:1
[CH: 50] LEN: 12 | HEX: F2 76 FE DF 52 FA 95 FF 21 91 BA BF | T:1627739 RPD:1
[CH: 50] LEN: 12 | HEX: FA 76 FE FE 73 DC 95 FF 62 8E AD F3 | T:1627769 RPD:1
[CH: 50] LEN: 12 | HEX: FA 76 F6 F5 70 EE 95 FE 37 80 B7 FD | T:1627773 RPD:1
[CH: 50] LEN: 12 | HEX: FA 76 FE FC 71 FE 95 FF 6B 65 BB FF | T:1627776 RPD:1
[CH: 50] LEN: 12 | HEX: FA 76 FC FB 76 FE 95 FF 5D 9C BF ED | T:1627806 RPD:1
[CH: 50] LEN: 12 | HEX: FA 76 FE FA 77 FE 95 F7 81 79 BB 7E | T:1627836 RPD:1
[CH: 50] LEN: 12 | HEX: FA 76 FE F1 74 FA 95 F7 AC 77 B7 F6 | T:1627866 RPD:1
[CH: 50] LEN: 12 | HEX: FA 76 FE F8 75 F6 95 FF 28 92 BA FD | T:1627896 RPD:1
[CH: 50] LEN: 12 | HEX: FA 76 FE F7 7A FE 95 FF 99 85 AF FF | T:1627926 RPD:1
[CH: 50] LEN: 12 | HEX: F2 7B DE 00 81 FE 95 FD 6F F5 BF FF | T:1628127 RPD:1
[CH: 50] LEN: 12 | HEX: FA 73 B5 00 81 D4 95 FF 4E F5 BD FB | T:1628127 RPD:1
[CH: 50] LEN: 12 | HEX: F9 77 FD FE FE 70 95 FE 76 7D BF B7 | T:1628158 RPD:1
[CH: 50] LEN: 12 | HEX: F9 77 FD FD FE 73 95 FF A1 F9 AF DF | T:1628161 RPD:1
[CH: 50] LEN: 12 | HEX: F9 77 FE FE FE 70 95 EE 76 7F EE DA | T:1628164 RPD:1
[CH: 50] LEN: 12 | HEX: F9 77 FC FD F6 73 95 FF 41 FD BE AE | T:1628175 RPD:1
[CH: 50] LEN: 12 | HEX: F9 77 EE FE FE 70 95 DF 76 7F BF FF | T:1628176 RPD:0
[CH: 50] LEN: 12 | HEX: F9 77 FD F9 FE 73 95 5A 01 A9 BE DF | T:1628187 RPD:1
[CH: 50] LEN: 12 | HEX: F9 77 FE FE FE 70 95 FF 76 7F BE 9B | T:1628198 RPD:1
[CH: 50] LEN: 12 | HEX: F9 77 BC FD EE 73 95 FE 81 FD AE FF | T:1628199 RPD:0
[CH: 50] LEN: 12 | HEX: F1 77 FC FA F5 70 95 FE 76 7F B5 FF | T:1628210 RPD:1
[CH: 50] LEN: 12 | HEX: F5 77 B5 FE FC 70 95 FF 76 7F AF FF | T:1628210 RPD:0
[CH: 50] LEN: 12 | HEX: F1 77 FE EB FE 73 95 FE 81 F5 BD 7F | T:1628221 RPD:1
[CH: 50] LEN: 12 | HEX: F9 77 F5 FE F6 70 95 FF 76 7D 6A FF | T:1628222 RPD:0
[CH: 50] LEN: 12 | HEX: F9 77 F4 F9 FE 73 95 FF 41 FD AF FE | T:1628233 RPD:1
[CH: 50] LEN: 12 | HEX: F1 77 FD FE FE 70 95 FF 76 7F BF BD | T:1628244 RPD:1
[CH: 50] LEN: 12 | HEX: F1 77 FB FD FC 73 95 FE 81 D5 AF FF | T:1628244 RPD:0
[CH: 50] LEN: 12 | HEX: F9 77 FE FE FE 70 95 FD 76 7F AE AB | T:1628256 RPD:1
[CH: 50] LEN: 12 | HEX: F1 77 BB FD FE 73 95 FF 61 FD AF FD | T:1628256 RPD:0
[CH: 50] LEN: 12 | HEX: F9 77 DE FE FE 70 95 FF 76 7F 2F FD | T:1628267 RPD:1
[CH: 50] LEN: 12 | HEX: F1 77 FB FD D4 73 95 FE 81 FD AB F7 | T:1628279 RPD:1
[CH: 50] LEN: 12 | HEX: F1 77 F5 FE F6 70 95 FE 76 7B 7F BF | T:1628279 RPD:0
[CH: 50] LEN: 12 | HEX: F1 77 FE FD FE 73 95 FF 41 FD AF 7F | T:1628290 RPD:1
[CH: 50] LEN: 12 | HEX: F9 77 FC FD FC 73 95 FE A1 FD BF FF | T:1628290 RPD:0
[CH: 50] LEN: 12 | HEX: E9 77 FD FA FE 70 95 FE F6 7D 2F DB | T:1628302 RPD:1
[CH: 50] LEN: 12 | HEX: F9 77 F4 FD FE 73 95 FF 21 FD BB F7 | T:1628302 RPD:0
[CH: 50] LEN: 12 | HEX: F9 77 F4 FE FE 70 95 FE F6 7F 36 EF | T:1628313 RPD:1
[CH: 50] LEN: 12 | HEX: F1 77 FC F9 FE 73 95 FF 61 FD AF FB | T:1628325 RPD:1
[CH: 50] LEN: 12 | HEX: F1 67 F5 E8 F6 70 95 FE F6 7F BF EF | T:1628325 RPD:0
[CH: 50] LEN: 12 | HEX: F9 77 FE FE FE 70 95 FF 76 7F AF DF | T:1628336 RPD:1
[CH: 50] LEN: 12 | HEX: F9 77 FD FE FE 70 95 FD 76 7F AF BB | T:1628336 RPD:0
[CH: 50] LEN: 12 | HEX: F1 77 BB FD FE 73 95 FE 81 FD AF 77 | T:1628348 RPD:1
[CH: 50] LEN: 12 | HEX: F9 77 FD FE FE 70 95 FE 76 7F AF FF | T:1628359 RPD:1
[CH: 50] LEN: 12 | HEX: F1 77 DA F9 FE 73 95 DF 21 FD BF BF | T:1628359 RPD:0
[CH: 50] LEN: 12 | HEX: F9 77 FE FE FE 70 95 FF 76 7F A9 FF | T:1628371 RPD:1
[CH: 50] LEN: 12 | HEX: F9 77 FB FE EE 70 95 FE 76 7F BE FF | T:1628371 RPD:0
[CH: 50] LEN: 12 | HEX: F9 77 FE FD FE 73 95 FE A1 FD BE FF | T:1628382 RPD:1
[CH: 50] LEN: 12 | HEX: E9 77 FE FE FA 70 95 FE F6 7E FF F5 | T:1628393 RPD:1
[CH: 50] LEN: 12 | HEX: F9 77 F4 FD FE 73 95 FF 81 FD BE F7 | T:1628394 RPD:0
[CH: 50] LEN: 12 | HEX: F9 77 FE FD EE 73 95 FE 81 F5 BB BF | T:1628405 RPD:1
[CH: 50] LEN: 12 | HEX: F9 77 FB FD FC 73 95 F7 41 F5 BF B7 | T:1628405 RPD:0
[CH: 50] LEN: 12 | HEX: F9 77 FE FE FC 70 95 FF 76 7F BF FF | T:1628417 RPD:1
[CH: 50] LEN: 12 | HEX: F1 77 FD F5 FE 73 95 FF 41 DD BE EB | T:1628417 RPD:0
[CH: 50] LEN: 12 | HEX: F1 77 BE FE FE 70 95 FB 76 7F B7 BF | T:1628428 RPD:1
[CH: 50] LEN: 12 | HEX: F1 77 D4 FD FE 73 95 EF 81 FD BB EF | T:1628439 RPD:1
[CH: 50] LEN: 12 | HEX: F9 77 FC FE FE 70 95 FF 76 7F B5 DF | T:1628440 RPD:1
[CH: 50] LEN: 12 | HEX: F1 77 FE FD FE 73 95 FF C1 FD BF B7 | T:1628451 RPD:1
[CH: 50] LEN: 12 | HEX: F9 77 FE FE FE 70 95 FF 76 7F BE FF | T:1628451 RPD:0
[CH: 50] LEN: 12 | HEX: F9 77 FE FD FE 73 95 FF C1 FD BF FD | T:1628463 RPD:1
[CH: 50] LEN: 12 | HEX: F9 77 FE FE FE 70 95 FF 76 7F AD FF | T:1628474 RPD:1
[CH: 50] LEN: 12 | HEX: F1 77 FE F9 FE 73 95 56 A1 D5 AF DB | T:1628474 RPD:0
[CH: 50] LEN: 12 | HEX: F1 77 FE FE FE 70 95 FF 76 7A BA FF | T:1628485 RPD:1
[CH: 50] LEN: 12 | HEX: F9 77 FE FE FE 70 95 FF 76 7F BE F6 | T:1628486 RPD:0
[CH: 50] LEN: 12 | HEX: F9 77 FE FD FE 73 95 57 C1 DD AF AB | T:1628497 RPD:1
[CH: 50] LEN: 12 | HEX: F9 77 FE FE FE 70 95 FF 76 7F AB 7F | T:1628497 RPD:0
[CH: 50] LEN: 12 | HEX: F9 77 EE FD FE 73 95 57 41 D5 2D FE | T:1628508 RPD:1
[CH: 50] LEN: 12 | HEX: F1 77 FE FE FE 70 95 FF 76 7F AF F6 | T:1628520 RPD:1
[CH: 50] LEN: 12 | HEX: F9 77 FE F5 FE 7B 95 AA 21 AD BB 6A | T:1628520 RPD:0
[CH: 50] LEN: 12 | HEX: F9 77 FE FA FE 70 95 FF 76 7F AE FF | T:1628531 RPD:1
[CH: 50] LEN: 12 | HEX: F9 77 FE FD F6 73 95 5B 81 AD AD FB | T:1628532 RPD:0
[CH: 50] LEN: 12 | HEX: F9 77 BC F9 FC 73 95 EF C1 FD BD 7F | T:1628543 RPD:1
[CH: 50] LEN: 12 | HEX: F1 77 BC F9 F6 73 95 FE 81 ED AF FF | T:1628554 RPD:1
[CH: 50] LEN: 12 | HEX: F9 77 FE FE FE 70 95 FF 76 7F BB FF | T:1628554 RPD:0
[CH: 50] LEN: 12 | HEX: F9 77 FE F9 FE 73 95 FF 81 FD BF F7 | T:1628566 RPD:1
[CH: 50] LEN: 12 | HEX: F9 77 FE FD FE 73 95 FF C1 FD BF FD | T:1628566 RPD:0
[CH: 50] LEN: 12 | HEX: F9 77 FE FE FE 70 95 FF 76 7F AF FF | T:1628577 RPD:1
[CH: 50] LEN: 12 | HEX: F9 77 FC FD EE 7B 95 FF C1 FD BF 7F | T:1628589 RPD:1
[CH: 50] LEN: 12 | HEX: F9 77 FC F4 FE 70 95 FD 76 7D BA BD | T:1628589 RPD:0
[CH: 50] LEN: 12 | HEX: F9 77 BD FD FC 73 95 FF 21 FD BE FB | T:1628600 RPD:1
[CH: 50] LEN: 12 | HEX: F9 77 FE FE FE 70 95 FF 76 7F AB FA | T:1628600 RPD:0
[CH: 50] LEN: 12 | HEX: F5 77 FE FD FE 73 95 D6 01 F5 BB FA | T:1628612 RPD:1
[CH: 50] LEN: 12 | HEX: F9 77 FE FE FE 70 95 FF 76 7F BB FD | T:1628612 RPD:0
[CH: 50] LEN: 12 | HEX: F1 77 FE FD FE 73 95 FE A1 ED BF DD | T:1628623 RPD:1
[CH: 50] LEN: 12 | HEX: F9 77 FC FE FE 70 95 FF 76 75 BF D5 | T:1628635 RPD:1
[CH: 50] LEN: 12 | HEX: F5 77 FE FD FE 73 95 EA C1 D5 BA FE | T:1628635 RPD:0
[CH: 50] LEN: 12 | HEX: F9 77 FE FE FE 70 95 FF 76 7D BF BD | T:1628646 RPD:1
[CH: 50] LEN: 12 | HEX: F9 77 FE FE FE 70 95 FF 76 7F AF FD | T:1628646 RPD:1
[CH: 50] LEN: 12 | HEX: F9 77 FE FD FE 73 95 FF C1 FD BF 7F | T:1628658 RPD:1
[CH: 50] LEN: 12 | HEX: F9 77 FE FD FE 73 95 FF A1 FD BD FF | T:1628669 RPD:1
[CH: 50] LEN: 12 | HEX: F9 77 FE FE FE 70 95 EF 76 7F BF FF | T:1628669 RPD:0
[CH: 50] LEN: 12 | HEX: F9 77 FD FD FE 73 95 EE 81 FD BF D5 | T:1628681 RPD:1
[CH: 50] LEN: 12 | HEX: F9 77 FE FD FE 73 95 EF C1 FD BF FB | T:1628681 RPD:0
[CH: 50] LEN: 12 | HEX: F1 77 FE FE FE 70 95 D6 76 75 BF FF | T:1628692 RPD:1
[CH: 50] LEN: 12 | HEX: E9 77 FA FD F6 73 95 FF 81 FD BF F7 | T:1628692 RPD:0
[CH: 50] LEN: 12 | HEX: F9 77 F9 FC EE 70 95 DD 76 75 AF ED | T:1628704 RPD:1
[CH: 50] LEN: 12 | HEX: F9 77 FE F5 FE 73 95 EF 61 E9 AF F4 | T:1628715 RPD:1
[CH: 50] LEN: 12 | HEX: F9 77 FE FE FE 70 95 FF 76 7F BF F7 | T:1628715 RPD:0
[CH: 50] LEN: 12 | HEX: E9 77 FE F9 F6 73 95 FF C1 FD BB DF | T:1628727 RPD:1
[CH: 50] LEN: 12 | HEX: F9 77 FD FE FE 70 95 FD 76 7F AD FD | T:1628727 RPD:0
[CH: 50] LEN: 12 | HEX: F9 77 EE FD FA 73 95 FF A1 FD BF FF | T:1628738 RPD:1
[CH: 50] LEN: 12 | HEX: F9 77 BC FE F6 70 95 FF 76 7D 7F F7 | T:1628749 RPD:1
[CH: 50] LEN: 12 | HEX: F9 77 FE F9 FE 73 95 D7 C1 D5 AE FB | T:1628750 RPD:0
[CH: 50] LEN: 12 | HEX: F9 77 EE F6 F4 70 95 FF 76 7F BE BF | T:1628761 RPD:1
[CH: 50] LEN: 12 | HEX: F9 77 DD FE FE 70 95 FF 76 7F BD 3E | T:1628761 RPD:0
[CH: 50] LEN: 12 | HEX: F9 77 DE FD FE 73 95 EA A1 FD AF FD | T:1628773 RPD:1
[CH: 50] LEN: 12 | HEX: F1 77 BE FA F4 70 95 EF 76 7F BB FF | T:1628784 RPD:1
[CH: 50] LEN: 12 | HEX: F9 77 FE FD FE 73 95 FB C1 FD AF BF | T:1628784 RPD:0
[CH: 50] LEN: 12 | HEX: F9 77 FE FE FE 70 95 FE 76 7B AD FF | T:1628795 RPD:1
[CH: 50] LEN: 12 | HEX: F9 77 FF FD FE 73 95 FF A1 F9 AF 7E | T:1628796 RPD:0
[CH: 50] LEN: 12 | HEX: F9 77 FC FB FE 73 95 DD 41 FD BF 77 | T:1628807 RPD:1
[CH: 50] LEN: 12 | HEX: F9 77 FE F9 FE 73 95 FF A1 FD BD EE | T:1628807 RPD:0
[CH: 50] LEN: 12 | HEX: F9 77 FE FE FE 70 95 FF 76 7F BB FF | T:1628818 RPD:1
[CH: 50] LEN: 12 | HEX: F9 77 FE F5 FE 73 95 FB 41 FD AB BF | T:1628830 RPD:1
[CH: 50] LEN: 12 | HEX: F9 77 DC F6 FE 70 95 D5 66 6A AA FD | T:1628830 RPD:0
[CH: 50] LEN: 12 | HEX: F1 77 DE F1 FD 73 95 EF C1 FD AF FF | T:1628841 RPD:1
[CH: 50] LEN: 12 | HEX: F9 77 FE FD FE 73 95 FF A1 FD AB DB | T:1628842 RPD:0
[CH: 50] LEN: 12 | HEX: F9 77 FC FE FE 70 95 FE F6 7F AB F7 | T:1628853 RPD:1
[CH: 50] LEN: 12 | HEX: F9 77 FE FD FE 73 95 F5 61 FD BF DB | T:1628864 RPD:1
[CH: 50] LEN: 12 | HEX: F5 77 FC FA FE 70 95 FE 76 7F AD FF | T:1628864 RPD:0
[CH: 50] LEN: 12 | HEX: F9 77 BA FC FE 70 95 F5 76 7F BF DF | T:1628876 RPD:1
[CH: 50] LEN: 12 | HEX: F1 77 FC F5 FE 70 95 FF 76 7F BF EF | T:1628876 RPD:0
[CH: 50] LEN: 12 | HEX: F1 77 FE F9 FE 73 95 D5 41 DD AF E7 | T:1628887 RPD:1
[CH: 50] LEN: 12 | HEX: F9 77 FE FD FC 70 95 FF 76 7F AC F7 | T:1628888 RPD:0
[CH: 50] LEN: 12 | HEX: F9 77 FA FD FE 73 95 FF 41 FD BF FB | T:1628899 RPD:1
[CH: 50] LEN: 12 | HEX: F9 77 F6 FE FE 70 95 FF 76 7F AF FF | T:1628910 RPD:1
[CH: 50] LEN: 12 | HEX: F9 77 FF F9 FE 73 95 FF A1 F5 AD 7E | T:1628910 RPD:0
[CH: 50] LEN: 12 | HEX: F9 77 FD FE F4 70 95 FE F6 7F AE FF | T:1628922 RPD:1
[CH: 50] LEN: 12 | HEX: F9 77 FE FE FD 70 95 EF 76 7F AD B7 | T:1628922 RPD:0
[CH: 50] LEN: 12 | HEX: F9 77 F9 F5 D6 73 95 FF 61 FD BF FF | T:1628933 RPD:1
[CH: 50] LEN: 12 | HEX: F9 77 FE FD FE 73 95 AA A1 D5 AF FA | T:1628945 RPD:1
[CH: 50] LEN: 12 | HEX: F9 77 FE FA FE 70 95 FF 76 7F FD FF | T:1628945 RPD:0
[CH: 50] LEN: 12 | HEX: F1 77 DB F5 FE 73 95 AA 21 D5 BF B7 | T:1628956 RPD:1
[CH: 50] LEN: 12 | HEX: F9 77 DC F5 FE 73 95 FE 81 FD AF 6F | T:1628956 RPD:0
[CH: 50] LEN: 12 | HEX: F9 77 FE FC FE 70 95 FF 76 7F BF 6B | T:1628968 RPD:1
[CH: 50] LEN: 12 | HEX: F9 77 FE FD FE 73 95 FF 61 F5 AF FF | T:1628979 RPD:1
[CH: 50] LEN: 12 | HEX: F9 77 FE FA F4 70 95 FF 76 7B BF FA | T:1628979 RPD:1
[CH: 50] LEN: 12 | HEX: E9 77 DA FD EE 73 95 FF 41 FD AB FF | T:1628991 RPD:1
[CH: 50] LEN: 12 | HEX: F1 77 FC FE FE 70 95 F6 76 7F AA FF | T:1628991 RPD:0
[CH: 50] LEN: 12 | HEX: F9 77 EE F9 FE 73 95 EF 61 F9 AD DB | T:1629002 RPD:1
[CH: 50] LEN: 12 | HEX: F9 77 FE FE FE 70 95 FF 76 7A AF 44 | T:1629002 RPD:0
[CH: 50] LEN: 12 | HEX: F1 77 DE F9 FE 73 95 D5 41 D5 B7 6D | T:1629014 RPD:1
[CH: 50] LEN: 12 | HEX: F1 77 BE FB FE 70 95 FA 76 7F AF BB | T:1629025 RPD:1
[CH: 50] LEN: 12 | HEX: F9 77 FE FD FE 73 95 EF 21 F9 AF FF | T:1629025 RPD:0
[CH: 50] LEN: 12 | HEX: F9 77 DC FE F6 70 95 FF 76 75 BB BE | T:1629036 RPD:1
[CH: 50] LEN: 12 | HEX: F9 77 FE FA F6 70 95 F7 76 7F BF 7F | T:1629037 RPD:0
[CH: 50] LEN: 12 | HEX: F9 77 FD FD F6 73 95 FF A1 F5 BF B7 | T:1629048 RPD:1
[CH: 50] LEN: 12 | HEX: F1 77 DE FC FA 70 95 FF 76 7D 7F FE | T:1629059 RPD:1
[CH: 50] LEN: 12 | HEX: F9 77 FD F9 FE 73 95 AA 01 A9 B6 DF | T:1629060 RPD:0
[CH: 50] LEN: 12 | HEX: F9 77 FE FE FE 70 95 EB 76 7F AF FF | T:1629071 RPD:1
[CH: 50] LEN: 12 | HEX: F9 77 FE FD F4 73 95 FF C1 FD AE FF | T:1629071 RPD:0
[CH: 50] LEN: 12 | HEX: F1 77 FC FE FA 70 95 EB 76 75 AF AE | T:1629082 RPD:1
[CH: 50] LEN: 12 | HEX: F9 77 FE FD FE 7B 95 FF C1 FD BE FF | T:1629083 RPD:0
[CH: 50] LEN: 12 | HEX: F1 77 FC F4 FE 70 95 FF 76 7A BF FF | T:1629094 RPD:1
[CH: 50] LEN: 12 | HEX: F9 77 FE F9 FE 73 95 FF 81 F5 AF BF | T:1629105 RPD:1
[CH: 50] LEN: 12 | HEX: F9 77 FE FE FE 70 95 FF F6 7F FF FF | T:1629106 RPD:0
[CH: 50] LEN: 12 | HEX: F1 77 FE F5 FE 73 95 FE A1 ED BD FB | T:1629117 RPD:1
[CH: 50] LEN: 12 | HEX: F9 77 FC FD FA 73 95 FF 61 FD AF BF | T:1629117 RPD:1
[CH: 50] LEN: 12 | HEX: F1 77 FE FE FA 70 95 FF 76 7D AF DF | T:1629128 RPD:1
[CH: 50] LEN: 12 | HEX: E9 77 BC EE F4 70 95 D6 7E 77 BF FF | T:1629140 RPD:1
[CH: 50] LEN: 12 | HEX: F9 77 DC FD FE 73 95 FF A1 FD AF FF | T:1629140 RPD:0
[CH: 50] LEN: 12 | HEX: F9 77 FE FE FE 70 95 D7 76 7D BF FF | T:1629151 RPD:1
[CH: 50] LEN: 12 | HEX: F9 77 DA FE F6 70 95 DF 76 7B BF 7F | T:1629152 RPD:0
[CH: 50] LEN: 12 | HEX: F9 77 F5 FD F6 73 95 D6 A1 D5 AF F7 | T:1629163 RPD:1
[CH: 50] LEN: 12 | HEX: F9 77 FE FE FE 70 95 EF 76 7F AF FF | T:1629174 RPD:1
[CH: 50] LEN: 12 | HEX: F9 77 FE FE FE 70 95 FF 76 7F AB FF | T:1629174 RPD:0
[CH: 50] LEN: 12 | HEX: F9 77 FD FE FE 70 95 FE 76 7A BD D4 | T:1629186 RPD:1
[CH: 50] LEN: 12 | HEX: F9 77 DA FE FC 70 95 F7 76 7F 3F AE | T:1629186 RPD:1
[CH: 50] LEN: 12 | HEX: F9 77 FC FD F4 73 95 D7 41 D5 AF 2F | T:1629197 RPD:1
[CH: 50] LEN: 12 | HEX: F9 77 DF FD EE 73 95 FF 21 ED BF 7B | T:1629197 RPD:0
[CH: 50] LEN: 12 | HEX: F9 77 BC FA FA 70 95 F5 76 7F BF D7 | T:1629209 RPD:1
[CH: 50] LEN: 12 | HEX: F9 77 FA FD FE 73 95 FF 61 FD AD 6B | T:1629220 RPD:1
[CH: 50] LEN: 12 | HEX: F9 77 D4 FE FE 70 95 FF 76 7F BF FF | T:1629220 RPD:0
[CH: 50] LEN: 12 | HEX: F1 77 D5 FD FE 73 95 F6 A1 FD BF BF | T:1629232 RPD:1
[CH: 50] LEN: 12 | HEX: F9 77 FE F9 FE 73 95 D2 C1 E9 AF BD | T:1629232 RPD:0
[CH: 50] LEN: 12 | HEX: F1 77 FF FD FE 73 95 FF C1 FB AF FF | T:1629243 RPD:0
[CH: 50] LEN: 12 | HEX: F9 77 FF 00 00 71 95 F7 69 06 BB FF | T:1629262 RPD:1
[CH: 50] LEN: 12 | HEX: F9 77 DA 00 00 71 95 FF A9 06 AF 57 | T:1629263 RPD:1
[CH: 50] LEN: 12 | HEX: F8 6D FF 00 F4 FD 96 FF 6C 9E BF EB | T:1629293 RPD:1
[CH: 50] LEN: 12 | HEX: F8 6D FD 00 FE FD 96 FF 6C 9F 2F D7 | T:1629294 RPD:1
[CH: 50] LEN: 12 | HEX: F1 77 FE 00 00 71 96 F7 9C 55 BF D6 | T:1629562 RPD:1
[CH: 50] LEN: 12 | HEX: F9 77 FF 00 00 71 96 FF 9C 55 BB 7B | T:1629563 RPD:1
[CH: 50] LEN: 12 | HEX: F8 6D EF 00 FE F9 96 FF 6C 9F BF DF | T:1629593 RPD:1
[CH: 50] LEN: 12 | HEX: F4 6D FF 00 FE F9 96 FF 6C 9F BB FA | T:1629594 RPD:1
[CH: 50] LEN: 12 | HEX: F9 77 FF 00 00 71 96 FF 1C 55 AB FF | T:1629862 RPD:1
[CH: 50] LEN: 12 | HEX: F9 77 FF 00 00 71 96 FF 9C 55 AD 7F | T:1629863 RPD:1
[CH: 50] LEN: 12 | HEX: FC 6D FE 00 F4 FD 96 FF 6C 9F BF FF | T:1629892 RPD:1
[CH: 50] LEN: 12 | HEX: F8 6D FF 00 FE FD 96 F7 6C 9F AD FD | T:1629893 RPD:1
[CH: 50] LEN: 12 | HEX: F9 77 FA 80 00 71 96 EF 9C 55 BD FA | T:1630162 RPD:1
[CH: 50] LEN: 12 | HEX: F1 77 FD 00 00 71 96 FE DC 55 BB 5D | T:1630162 RPD:1
[CH: 50] LEN: 12 | HEX: F0 6D FE 00 F4 E9 96 FE 6C 9F BB 7A | T:1630192 RPD:1
[CH: 50] LEN: 12 | HEX: F8 6D FF 00 FE FD 96 FF 6C 9F 2F F7 | T:1630193 RPD:1
[CH: 50] LEN: 12 | HEX: F9 77 FA 00 00 71 96 FF 5C 55 B7 B7 | T:1630461 RPD:1
[CH: 50] LEN: 12 | HEX: F9 77 FC 80 00 71 96 FB 9C 55 AF FB | T:1630462 RPD:1
[CH: 50] LEN: 12 | HEX: F8 6D FD 80 FE F5 96 FE 6C 9F 3F FF | T:1630492 RPD:1
[CH: 50] LEN: 12 | HEX: F8 6D FE 00 FE FD 96 FF 6C 9F BE BD | T:1630493 RPD:1
[CH: 50] LEN: 12 | HEX: F9 77 FA 00 00 71 96 FF 9C 55 AF FF | T:1630761 RPD:1
[CH: 50] LEN: 12 | HEX: F9 77 F5 00 00 71 96 F7 1C 55 BD FF | T:1630762 RPD:1
[CH: 50] LEN: 12 | HEX: F0 6D FF 00 FD FD 96 F5 6C 9F BD FF | T:1630792 RPD:1
[CH: 50] LEN: 12 | HEX: F0 6D FF 00 FE FD 96 FF 6C 9E AF FF | T:1630792 RPD:1
[CH: 50] LEN: 12 | HEX: F9 77 FD 00 00 71 96 FB 5C 55 BF DA | T:1631061 RPD:1
[CH: 50] LEN: 12 | HEX: F9 77 F5 00 00 71 96 F5 9C 55 BD B9 | T:1631062 RPD:1
[CH: 50] LEN: 12 | HEX: F8 6D FE 00 FE AD 96 F6 EC 9F AE DF | T:1631092 RPD:1
[CH: 50] LEN: 12 | HEX: F8 6D FE 80 FE FD 96 FF 6C 9F BF DF | T:1631092 RPD:1
[CH: 50] LEN: 12 | HEX: F9 77 FE 40 00 71 96 EE 9C 55 BE F7 | T:1631361 RPD:1
[CH: 50] LEN: 12 | HEX: F9 77 FA 00 00 71 96 F5 9C 55 3E AA | T:1631362 RPD:1
[CH: 50] LEN: 12 | HEX: F8 6D FE 00 EE FD 96 FF 6C 9E BB EF | T:1631391 RPD:1
[CH: 50] LEN: 12 | HEX: F8 6D FE 80 FE FD 96 FF 6C 9D 6F BF | T:1631392 RPD:1
[CH: 50] LEN: 12 | HEX: F9 77 F5 00 00 71 96 FF 9C 55 AD FF | T:1631661 RPD:1
[CH: 50] LEN: 12 | HEX: F1 77 FA 00 00 71 96 FF 9C 55 5F FF | T:1631661 RPD:1
[CH: 50] LEN: 12 | HEX: F8 6D FF 80 FE FD 96 FB 6C 9F BE FF | T:1631691 RPD:1
[CH: 50] LEN: 12 | HEX: F8 6D FD 00 F6 FD 96 FE EC 9F 6F FF | T:1631692 RPD:1
[CH: 50] LEN: 12 | HEX: F9 77 EB 00 00 61 96 EF 1A 55 AF FF | T:1631960 RPD:1
[CH: 50] LEN: 12 | HEX: F1 77 BA 00 00 71 96 FF 1C 55 BD FF | T:1631961 RPD:1
[CH: 50] LEN: 12 | HEX: F8 6D EE 80 F4 F9 96 FE 6C 9F BF FE | T:1631991 RPD:1
[CH: 50] LEN: 12 | HEX: F8 6D FD 80 FE E9 96 FE 6C 9D 7F FF | T:1631992 RPD:1
[CH: 50] LEN: 12 | HEX: E9 77 FA 80 00 71 96 EE DC 55 AF BD | T:1632260 RPD:1
[CH: 50] LEN: 12 | HEX: F9 77 F5 00 00 71 96 FF 5C 55 3B FF | T:1632261 RPD:1
[CH: 50] LEN: 12 | HEX: F0 6D FF 00 F5 FB 96 FE EC 9F BF FD | T:1632291 RPD:1
[CH: 50] LEN: 12 | HEX: F8 6D D6 00 FE F9 96 FF 6C 9F 3F ED | T:1632291 RPD:1
[CH: 50] LEN: 12 | HEX: E9 77 F5 00 00 71 96 F7 1C 55 AE F7 | T:1632560 RPD:1
[CH: 50] LEN: 12 | HEX: F1 77 7F 00 00 71 96 FF 5C 55 AB FD | T:1632561 RPD:1
[CH: 50] LEN: 12 | HEX: F8 6D FD 80 FE FD 96 F7 6C 9F BF FD | T:1632591 RPD:1
[CH: 50] LEN: 12 | HEX: F8 6D EE 00 EA F5 96 FE 6C 9F BB FD | T:1632591 RPD:1
[CH: 50] LEN: 12 | HEX: F1 77 BF 00 00 71 96 FF 1C 55 BE EB | T:1632860 RPD:1
[CH: 50] LEN: 12 | HEX: F9 77 FD 00 00 71 96 FF 5C 55 3D 77 | T:1632861 RPD:1
[CH: 50] LEN: 12 | HEX: F8 6D FD 80 FE FD 96 FF 6C 9F AB FE | T:1632890 RPD:1
[CH: 50] LEN: 12 | HEX: F8 6D FE 00 FA F9 96 FF 6C 9F BF DF | T:1632891 RPD:1
[CH: 50] LEN: 12 | HEX: F9 77 F5 00 00 71 96 FF 5C 55 BD EF | T:1633160 RPD:1
[CH: 50] LEN: 12 | HEX: F1 77 FA 80 00 71 96 FF 1C 55 AF EF | T:1633160 RPD:1
[CH: 50] LEN: 12 | HEX: F0 6D FD 00 FE ED 96 FE 6C 9B 2B FB | T:1633190 RPD:1
[CH: 50] LEN: 12 | HEX: F8 6D FE 80 FE FD 96 FF 6C 9F AF FE | T:1633191 RPD:1
[CH: 50] LEN: 12 | HEX: F9 77 F5 00 00 71 96 FB 1C 55 BF ED | T:1633459 RPD:1
[CH: 50] LEN: 12 | HEX: F1 77 F5 00 00 71 96 F7 9C 55 AF 4A | T:1633460 RPD:1
[CH: 50] LEN: 12 | HEX: F8 6D FE 80 FA FD 96 FF 6C 9F AF 7F | T:1633490 RPD:1
[CH: 50] LEN: 12 | HEX: F0 6D DD 00 FE FD 96 EE 6C 9F B5 FF | T:1633491 RPD:1
[CH: 50] LEN: 12 | HEX: F9 77 FA 00 00 71 96 FF 5C 55 BF FF | T:1633759 RPD:1
[CH: 50] LEN: 12 | HEX: F9 77 F5 00 00 71 96 FE 9C 55 AF AF | T:1633760 RPD:1
[CH: 50] LEN: 12 | HEX: F8 6D FE 80 EE ED 96 FE EC 9F 3D DD | T:1633790 RPD:1
[CH: 50] LEN: 12 | HEX: F0 6D EE 80 FA FD 96 F7 6C 9F BD BB | T:1633790 RPD:1
[CH: 50] LEN: 12 | HEX: F9 77 F4 00 00 71 96 FF 1C 55 AF EF | T:1634059 RPD:1
[CH: 50] LEN: 12 | HEX: F1 77 FC 80 00 71 96 EF 9C 55 AF F7 | T:1634060 RPD:1
[CH: 50] LEN: 12 | HEX: F8 6D FE 00 FC E9 96 FF 6C 9F BF CF | T:1634089 RPD:1
[CH: 50] LEN: 12 | HEX: E8 6D ED 00 FE FD 96 EE 6C 9F AF D1 | T:1634090 RPD:1
[CH: 50] LEN: 12 | HEX: F9 77 F6 00 00 71 96 FE DC 55 B7 FF | T:1634359 RPD:1
[CH: 50] LEN: 12 | HEX: F9 77 BD 00 00 71 96 FF 1C 55 BF FD | T:1634359 RPD:1
[CH: 50] LEN: 12 | HEX: F0 6D FE 00 EC E9 96 FE EC 9F BF DF | T:1634389 RPD:1
[CH: 50] LEN: 12 | HEX: F8 6D EE 00 FE FD 96 FF 6C 9F AE FE | T:1634390 RPD:1
[CH: 50] LEN: 12 | HEX: E9 77 FD 80 00 71 96 FE DC 55 AD FF | T:1634658 RPD:1
[CH: 50] LEN: 12 | HEX: F1 77 FC 80 00 71 96 FF 5C 55 BF EF | T:1634659 RPD:1
[CH: 50] LEN: 12 | HEX: F8 6D FE 00 FE FD 96 FF 6C 9F AF FF | T:1634689 RPD:1
[CH: 50] LEN: 12 | HEX: F8 6D B6 00 FE FD 96 EE 6C 9D 3E BF | T:1634690 RPD:1
[CH: 50] LEN: 12 | HEX: FA 76 FE 00 8C FD 96 EE 30 70 BD 5F | T:1634783 RPD:1
[CH: 50] LEN: 12 | HEX: F2 76 FF 00 8C FD 96 FF 30 70 B7 EF | T:1634784 RPD:1
[CH: 50] LEN: 12 | HEX: FA 76 FE FE 73 FD 96 FF 2E 8D BD FF | T:1634814 RPD:1
[CH: 50] LEN: 12 | HEX: F2 76 FE FD 70 FD 96 FE BB 83 AF FF | T:1634817 RPD:1
[CH: 50] LEN: 12 | HEX: FA 76 FE F4 71 DD 96 FF 67 66 BB FF | T:1634821 RPD:1
[CH: 50] LEN: 12 | HEX: F2 76 FE FB 76 FD 96 EF 51 9F BF EF | T:1634851 RPD:1
[CH: 50] LEN: 12 | HEX: FA 76 FE FA 77 F9 96 FF 0D 7A BF DD | T:1634881 RPD:1
[CH: 50] LEN: 12 | HEX: F2 76 FE F9 74 FD 96 EB 58 74 BF DF | T:1634911 RPD:1
[CH: 50] LEN: 12 | HEX: FA 76 FE F8 75 D9 96 FF 24 91 AF 57 | T:1634941 RPD:1
[CH: 50] LEN: 12 | HEX: FA 76 FE E7 7A FD 96 FB 15 86 BF FF | T:1634971 RPD:1
[CH: 50] LEN: 12 | HEX: FA 76 FE F6 7B FD 96 FB 49 63 AF F6 | T:1635001 RPD:1
[CH: 50] LEN: 12 | HEX: FA 76 F6 E5 78 F9 96 FF 3C 6D BF 77 | T:1635031 RPD:1
[CH: 50] LEN: 12 | HEX: F2 76 FE F4 79 FD 96 F7 90 88 BF FF | T:1635061 RPD:1
[CH: 50] LEN: 12 | HEX: FA 76 FE F3 7E FD 96 F7 56 71 BF FE | T:1635091 RPD:1
[CH: 50] LEN: 12 | HEX: FA 76 FE E2 7F AD 96 FE 0A 94 BD 7B | T:1635121 RPD:1
[CH: 50] LEN: 12 | HEX: F2 76 FE F1 78 FD 96 FF 7F 1A BB F7 | T:1635151 RPD:1
[CH: 50] LEN: 12 | HEX: FA 76 F6 E0 7D FD 96 FE A3 7F BF BF | T:1635181 RPD:1
[CH: 50] LEN: 12 | HEX: EA 76 F6 EF 62 FD 96 F6 0D 95 AF D7 | T:1635211 RPD:1
[CH: 50] LEN: 12 | HEX: FA 76 FE EE 63 FB 96 EF B1 70 AF BF | T:1635241 RPD:1
[CH: 50] LEN: 12 | HEX: FA 76 FA ED 60 F5 96 FE E4 7A AB FF | T:1635271 RPD:1
[CH: 50] LEN: 12 | HEX: F2 76 FC EC 61 FB 96 FD 70 9B BD 59 | T:1635301 RPD:1
[CH: 50] LEN: 12 | HEX: F2 76 FE EB 66 F9 96 FF 4E 62 BF 75 | T:1635331 RPD:1
[CH: 50] LEN: 12 | HEX: FA 76 FE EA 67 FB 96 EF 92 87 AF F7 | T:1635361 RPD:1
[CH: 50] LEN: 12 | HEX: FA 76 FE E9 64 FD 96 FF E7 89 BE FE | T:1635391 RPD:1
[CH: 50] LEN: 12 | HEX: F2 76 FC E7 6A FD 96 EE 0A 7B AD DF | T:1635451 RPD:1
[CH: 50] LEN: 12 | HEX: F6 76 F6 E6 6B FD 96 F6 56 9C AD FF | T:1635481 RPD:1
[CH: 50] LEN: 12 | HEX: FA 76 F6 E5 68 FD 96 FF 23 90 AF FF | T:1635511 RPD:1
[CH: 50] LEN: 12 | HEX: FA 76 FE E4 69 FD 96 FF AF 75 AF 7D | T:1635541 RPD:1
[CH: 50] LEN: 12 | HEX: E2 76 FD E3 6C F5 96 FF 69 8C AF F7 | T:1635571 RPD:1
[CH: 50] LEN: 12 | HEX: F2 76 FE E2 6F F3 96 FE 95 69 AA EF | T:1635601 RPD:1
[CH: 50] LEN: 12 | HEX: FA 76 FE E1 6C ED 96 FF 60 67 AB 76 | T:1635631 RPD:1
[CH: 50] LEN: 12 | HEX: F2 76 FE E0 6D F5 96 FF 7C 82 AF FF | T:1635661 RPD:1
[CH: 50] LEN: 12 | HEX: F2 76 FE DE 52 FD 96 FF 2D 92 AE FB | T:1635691 RPD:1
[CH: 50] LEN: 12 | HEX: FA 76 FE FE 73 F9 96 FF 4E 8D AA FF | T:1635721 RPD:1
[CH: 50] LEN: 12 | HEX: FA 76 FE FD 70 F5 96 FF BB 83 AD 7D | T:1635724 RPD:1
[CH: 50] LEN: 12 | HEX: FA 76 F4 FC 71 ED 96 FA E7 66 BF FF | T:1635728 RPD:1
[CH: 50] LEN: 12 | HEX: FA 76 FE FB 76 EB 96 FE 51 9E BF FF | T:1635759 RPD:1
[CH: 50] LEN: 12 | HEX: F2 76 FE FA 77 D9 96 FF 0D 72 BF A9 | T:1635789 RPD:1
[CH: 50] LEN: 12 | HEX: FA 76 FE F1 74 FD 96 FE B8 74 BD BF | T:1635819 RPD:1
[CH: 50] LEN: 12 | HEX: EA 76 F4 F8 7D FD 96 FF 24 91 BD FE | T:1635849 RPD:1
[CH: 50] LEN: 12 | HEX: FA 76 FC F7 7A FD 96 FB 15 86 AF D7 | T:1635879 RPD:1
[CH: 50] LEN: 12 | HEX: FA 76 FD F6 7B FB 96 F6 C9 63 AF EB | T:1635909 RPD:1
[CH: 50] LEN: 12 | HEX: FA 76 F6 F5 78 F9 96 FF 3C 6D B7 FB | T:1635938 RPD:1
[CH: 50] LEN: 12 | HEX: FA 76 F6 E4 71 FD 96 FE E0 88 BF DF | T:1635969 RPD:1
[CH: 50] LEN: 12 | HEX: FA 76 FE E3 7E ED 96 FA 96 71 BF EB | T:1635999 RPD:1
[CH: 50] LEN: 12 | HEX: FA 76 FE F2 7F 5D 96 FE 0A 94 BF 77 | T:1636028 RPD:1
[CH: 50] LEN: 12 | HEX: FA 76 FE F1 7C FD 96 FF 7F 1A AF 7D | T:1636058 RPD:1
[CH: 50] LEN: 12 | HEX: F2 76 F4 E0 7D E9 96 FE A3 7E FD D5 | T:1636088 RPD:1
[CH: 50] LEN: 12 | HEX: FA 76 FE EF 62 FB 96 FE 8D 95 BD FB | T:1636118 RPD:1
[CH: 50] LEN: 12 | HEX: FA 76 FE EE 63 FB 96 FF 71 70 AF 7F | T:1636148 RPD:1
[CH: 50] LEN: 12 | HEX: EA 76 F6 ED 60 F9 96 FE 64 7E BF 5D | T:1636178 RPD:1
[CH: 50] LEN: 12 | HEX: FA 76 FA EC 61 FD 96 FE 70 9B BD FF | T:1636208 RPD:1
[CH: 50] LEN: 12 | HEX: F2 76 FE EB 66 F5 96 FB 4E 62 BF EF | T:1636238 RPD:1
[CH: 50] LEN: 12 | HEX: FA 76 F6 EA 67 DD 96 FF 52 87 BD 5F | T:1636268 RPD:1
[CH: 50] LEN: 12 | HEX: FA 76 FE E9 64 F5 96 FF 47 09 AE BD | T:1636298 RPD:1
[CH: 50] LEN: 12 | HEX: F2 76 FE E8 65 DD 96 FF 3B 6C BF BE | T:1636328 RPD:1
[CH: 50] LEN: 12 | HEX: F2 76 FE E7 6A FD 96 F5 8A 7B AF FF | T:1636358 RPD:1
[CH: 50] LEN: 12 | HEX: F2 76 EA E6 6B FB 96 FF 56 9E BA FF | T:1636388 RPD:1
[CH: 50] LEN: 12 | HEX: F2 76 F6 E5 68 FD 96 FF 23 90 BE FB | T:1636418 RPD:1
[CH: 50] LEN: 12 | HEX: FA 76 FC E4 69 FD 96 F7 FF 75 AD DF | T:1636448 RPD:1
[CH: 50] LEN: 12 | HEX: F2 76 FE E3 6E F5 96 FF A9 8C BF EB | T:1636478 RPD:1
[CH: 50] LEN: 12 | HEX: FA 76 FE E2 6F F1 96 FF 15 69 AF FE | T:1636508 RPD:1
[CH: 50] LEN: 12 | HEX: F2 76 FE E1 6C F5 96 FF 60 67 6D FE | T:1636538 RPD:1
[CH: 50] LEN: 12 | HEX: FA 76 FE E0 6D FD 96 FF 7C 82 AF 7E | T:1636568 RPD:1
[CH: 50] LEN: 12 | HEX: FA 76 FE DE 52 FD 96 EB 2D 92 BF 57 | T:1636598 RPD:1
[CH: 50] LEN: 12 | HEX: FA 76 FE AE 73 F9 96 F7 4E 8D AF BF | T:1636628 RPD:1
[CH: 50] LEN: 12 | HEX: FA 76 FE FD 70 FD 96 EA BB 83 FD FD | T:1636632 RPD:1
[CH: 50] LEN: 12 | HEX: FA 76 FC F4 71 FD 96 FF 67 66 AD 77 | T:1636636 RPD:1
[CH: 50] LEN: 12 | HEX: FA 76 FE F3 76 F9 96 FF 51 9F BF 7F | T:1636666 RPD:1
[CH: 50] LEN: 12 | HEX: FA 76 FA F2 6F F5 96 EF 4D 7A BF 7F | T:1636696 RPD:1
[CH: 50] LEN: 12 | HEX: D2 76 FC F9 74 FD 96 FE B8 74 AF BF | T:1636726 RPD:1
[CH: 50] LEN: 12 | HEX: F2 76 FE F8 75 ED 96 FE 24 91 BF 7D | T:1636756 RPD:1
[CH: 50] LEN: 12 | HEX: F2 76 FA E7 7A FD 96 FF 95 86 AF AD | T:1636786 RPD:1
[CH: 50] LEN: 12 | HEX: F2 76 FE F6 7B D9 96 FF 49 63 BF EF | T:1636816 RPD:1
[CH: 50] LEN: 12 | HEX: F2 76 FE F5 78 FD 96 FE BC 6D AF BE | T:1636846 RPD:1
[CH: 50] LEN: 12 | HEX: F2 76 FE F4 79 FD 96 FE A0 88 AF B7 | T:1636876 RPD:1
[CH: 50] LEN: 12 | HEX: F2 76 FD E3 76 FD 96 FE B6 71 AF EF | T:1636906 RPD:1
[CH: 50] LEN: 12 | HEX: FA 76 F6 F2 7B FD 96 FE 0A 94 BF DE | T:1636936 RPD:1
[CH: 50] LEN: 12 | HEX: F2 76 FE F1 7C F5 96 FF 7F 9A AE D2 | T:1636966 RPD:1
[CH: 50] LEN: 12 | HEX: F2 76 FA F0 79 FD 96 FE E3 7F FF FF | T:1636996 RPD:1
[CH: 50] LEN: 12 | HEX: F2 76 FE EF 62 FD 96 FF 0D 95 AF FD | T:1637026 RPD:1
[CH: 50] LEN: 12 | HEX: F2 76 F4 EE 63 F9 96 FF D1 70 BD BF | T:1637056 RPD:1
[CH: 50] LEN: 12 | HEX: FA 76 F5 ED 60 FD 96 FF 24 7E BD BE | T:1637086 RPD:1
[CH: 50] LEN: 12 | HEX: FA 76 F6 EC 61 F9 96 FF 78 9B BF FF | T:1637116 RPD:1
[CH: 50] LEN: 12 | HEX: F2 76 FE EB 66 FD 96 FF 4E 62 BF FB | T:1637146 RPD:1
[CH: 50] LEN: 12 | HEX: F2 76 ED EA 67 75 96 F6 12 87 BD FA | T:1637176 RPD:1
[CH: 50] LEN: 12 | HEX: FA 76 FE E9 64 F5 96 FE A7 89 AD 55 | T:1637206 RPD:1
[CH: 50] LEN: 12 | HEX: F2 76 F6 E8 65 E9 96 FF 3B 6C BF FF | T:1637235 RPD:1
[CH: 50] LEN: 12 | HEX: FA 76 F6 E7 6A FD 96 EF 4A 7B AF FE | T:1637265 RPD:1
[CH: 50] LEN: 12 | HEX: F2 76 FE E6 6B DD 96 FF 56 9E AF FB | T:1637295 RPD:1
[CH: 50] LEN: 12 | HEX: F2 76 FE E5 68 FD 96 FB 23 90 AE EF | T:1637325 RPD:1
[CH: 50] LEN: 12 | HEX: FA 76 FE E4 69 FD 96 FF AF 75 AF FB | T:1637355 RPD:1
[CH: 50] LEN: 12 | HEX: F2 76 FC E3 6E E9 96 ED 49 8C BF 7F | T:1637385 RPD:1
[CH: 50] LEN: 12 | HEX: FA 76 EC E2 6F 7D 96 FF 15 69 AB 7E | T:1637415 RPD:1
[CH: 50] LEN: 12 | HEX: FA 76 FE E1 6C FD 96 FE 60 67 AE B7 | T:1637445 RPD:1
[CH: 50] LEN: 12 | HEX: F2 76 FC E0 6D DB 96 FE BC 82 BF FE | T:1637475 RPD:1
[CH: 50] LEN: 12 | HEX: F2 76 FE DE 52 FD 96 FD 2D 92 BF FF | T:1637505 RPD:1
[CH: 50] LEN: 12 | HEX: FA 76 FE FE 73 BD 96 FF 4E 8D B7 D7 | T:1637535 RPD:1
[CH: 50] LEN: 12 | HEX: F2 76 FE FD 70 FD 96 FF 7B 83 BF 5F | T:1637539 RPD:1
[CH: 50] LEN: 12 | HEX: FA 76 FE FA 71 FD 96 FE 67 66 BC BB | T:1637543 RPD:1
[CH: 50] LEN: 12 | HEX: FA 76 EC EB 76 ED 96 FE D1 9D 2F BF | T:1637573 RPD:1
[CH: 50] LEN: 12 | HEX: FA 76 FE F2 77 FD 96 FF 4D 7A BF 6B | T:1637603 RPD:1
[CH: 50] LEN: 12 | HEX: F2 76 FE F1 74 FD 96 FE F8 74 BF FD | T:1637633 RPD:1
[CH: 50] LEN: 12 | HEX: FA 76 FE F8 75 FD 96 FE 24 91 AF FF | T:1637663 RPD:1
[CH: 50] LEN: 12 | HEX: F2 76 FE F7 7A FD 96 FF 55 04 AF BB | T:1637693 RPD:1
[CH: 50] LEN: 12 | HEX: FA 76 F6 EE 7B DB 96 FE 49 63 BF 7F | T:1637723 RPD:1
[CH: 50] LEN: 12 | HEX: FA 76 FC F5 78 FD 96 FF 3C 6D AE FB | T:1637753 RPD:1
[CH: 50] LEN: 12 | HEX: F2 76 FE F4 79 FD 96 FF 40 88 AB CD | T:1637783 RPD:1
[CH: 50] LEN: 12 | HEX: F2 76 FA F3 7E EB 96 EB 56 71 BB FE | T:1637813 RPD:1
[CH: 50] LEN: 12 | HEX: FA 76 FE F2 7F 5D 96 FE 8A 94 AF EF | T:1637843 RPD:1
[CH: 50] LEN: 12 | HEX: EA 76 FA F1 7C F3 96 FE 7F 5A AF FF | T:1637873 RPD:1
[CH: 50] LEN: 12 | HEX: F2 76 F5 F0 79 ED 96 EB A3 7F 6F F7 | T:1637903 RPD:1
[CH: 50] LEN: 12 | HEX: FA 76 FE EF 62 FD 96 FF 0D 95 BF FF | T:1637933 RPD:1
[CH: 50] LEN: 12 | HEX: FA 76 FC EE 63 F9 96 FE 91 70 AD 9F | T:1637963 RPD:1
[CH: 50] LEN: 12 | HEX: FA 76 FE ED 60 FD 96 FF A4 7E BF FD | T:1637993 RPD:1
[CH: 50] LEN: 12 | HEX: EA 76 FE EC 61 FD 96 FE 78 9B BF FD | T:1638023 RPD:1
[CH: 50] LEN: 12 | HEX: F2 76 F6 EB 66 FD 96 FF 4E 62 BB F7 | T:1638053 RPD:1
[CH: 50] LEN: 12 | HEX: F2 76 FE EA 67 F3 96 FF 92 87 BF FF | T:1638083 RPD:1
[CH: 50] LEN: 12 | HEX: FA 76 FE E9 64 FD 96 EF E7 89 AF FD | T:1638113 RPD:1
[CH: 50] LEN: 12 | HEX: FA 76 F6 E8 65 DD 96 FF 3B 6C AD 57 | T:1638143 RPD:1
[CH: 50] LEN: 12 | HEX: FA 76 EC E7 6A A9 96 D5 0A 73 AF FE | T:1638173 RPD:1
[CH: 50] LEN: 12 | HEX: FA 76 FE E6 6B ED 96 FF 56 9E BF FF | T:1638203 RPD:1
[CH: 50] LEN: 12 | HEX: FA 76 FE E5 68 ED 96 FE 23 90 BE FF | T:1638233 RPD:1
[CH: 50] LEN: 12 | HEX: F2 76 FA E4 69 E9 96 FE BF 75 AD BF | T:1638263 RPD:1
[CH: 50] LEN: 12 | HEX: F2 76 FC E3 6E FD 96 EB 89 8C AF ED | T:1638293 RPD:1
[CH: 50] LEN: 12 | HEX: F2 76 F4 E2 6F FB 96 FE 15 69 3E FF | T:1638323 RPD:1
[CH: 50] LEN: 12 | HEX: FA 76 FE E1 6C FD 96 FF 60 67 BF FD | T:1638353 RPD:1
[CH: 50] LEN: 12 | HEX: FA 76 FE E0 6D FD 96 F5 3C 82 AF 6F | T:1638383 RPD:1
[CH: 50] LEN: 12 | HEX: FA 76 FE DF 52 FD 96 F6 2D 92 AF FF | T:1638413 RPD:1
[CH: 50] LEN: 12 | HEX: FA 76 FE FE 73 FD 96 FF 8E 8D AE FF | T:1638442 RPD:1
[CH: 50] LEN: 12 | HEX: EA 66 EA F5 70 E9 96 ED 3B 83 BF BF | T:1638446 RPD:1
[CH: 50] LEN: 12 | HEX: FA 76 FE FC 71 FD 96 FE E7 66 BF FF | T:1638449 RPD:1
[CH: 50] LEN: 12 | HEX: EA 76 FE FB 76 FD 96 FE 51 9F 7F FB | T:1638479 RPD:1
[CH: 50] LEN: 12 | HEX: FA 76 FE FA 77 FD 96 FF 8D 7A BD DB | T:1638509 RPD:1
[CH: 50] LEN: 12 | HEX: FA 76 FE E9 74 F9 96 F7 58 74 BF B7 | T:1638539 RPD:1
[CH: 50] LEN: 12 | HEX: FA 76 F5 E8 75 E9 96 FF 24 91 BD F7 | T:1638569 RPD:1
[CH: 50] LEN: 12 | HEX: FA 76 FE E7 76 FD 96 EA 95 86 BD FF | T:1638599 RPD:1
[CH: 50] LEN: 12 | HEX: F6 76 FE F6 7B D9 96 F7 49 63 FB FF | T:1638629 RPD:1
[CH: 50] LEN: 12 | HEX: F2 76 FE F5 78 FD 96 FF 3C 6D AF EE | T:1638659 RPD:1
[CH: 50] LEN: 12 | HEX: EA 76 F4 F4 71 ED 96 FF 90 88 AB 5D | T:1638689 RPD:1
[CH: 50] LEN: 12 | HEX: F2 76 FE F3 7E FD 96 FF 76 71 AE BF | T:1638719 RPD:1
[CH: 50] LEN: 12 | HEX: F2 76 FE E2 7B 6D 96 F7 0A 94 BF DF | T:1638749 RPD:1
[CH: 50] LEN: 12 | HEX: FA 76 FE F1 74 FD 96 F6 7F 9A BE FF | T:1638779 RPD:1
[CH: 50] LEN: 12 | HEX: F2 76 FE F0 7D DD 96 FF A3 7B 3F FF | T:1638809 RPD:1
[CH: 50] LEN: 12 | HEX: EA 76 FE EF 62 F5 96 FF 0D 95 AE A2 | T:1638839 RPD:1
[CH: 50] LEN: 12 | HEX: FA 76 EE EE 63 FD 96 FE 91 70 BF F6 | T:1638869 RPD:1
[CH: 50] LEN: 12 | HEX: FA 76 FE ED 60 F9 96 F7 24 7C BF FB | T:1638899 RPD:1
[CH: 50] LEN: 12 | HEX: FA 76 FE EC 61 FD 96 FE F8 9B BF F7 | T:1638929 RPD:1
[CH: 50] LEN: 12 | HEX: F2 76 FE EB 66 ED 96 FE 4E 62 BF BE | T:1638959 RPD:1
[CH: 50] LEN: 12 | HEX: F2 76 EC EA 67 FD 96 FF 52 87 BF FD | T:1638989 RPD:1
[CH: 50] LEN: 12 | HEX: FA 76 EA E9 64 FD 96 F7 57 89 BD BE | T:1639019 RPD:1
[CH: 50] LEN: 12 | HEX: FA 76 FE E8 65 FD 96 FF 3B 6C AE FF | T:1639049 RPD:1
[CH: 50] LEN: 12 | HEX: FA 76 FE E7 6A FD 96 FF 8A 7B AF 7F | T:1639079 RPD:1
[CH: 50] LEN: 12 | HEX: FA 76 FE E6 6B FD 96 FF 56 9C BE AA | T:1639109 RPD:1
[CH: 50] LEN: 12 | HEX: FA 76 F6 E5 68 FD 96 FE 23 90 BF F5 | T:1639139 RPD:1
[CH: 50] LEN: 12 | HEX: F2 76 FE E4 69 ED 96 FE BD 75 BE BB | T:1639169 RPD:1
[CH: 50] LEN: 12 | HEX: F2 76 FE E3 6E FD 96 FE 89 8C BD FD | T:1639199 RPD:1
[CH: 50] LEN: 12 | HEX: F2 76 FE E2 6F F3 96 EE 15 69 BF 8F | T:1639229 RPD:1
[CH: 50] LEN: 12 | HEX: FA 76 EC E1 6C FD 96 FF 60 67 BF FF | T:1639259 RPD:1
[CH: 50] LEN: 12 | HEX: F2 76 FE E0 6D FD 96 FF B8 82 BF DF | T:1639289 RPD:1
[CH: 50] LEN: 12 | HEX: EA 76 FD DE 52 F5 96 FE 2D 92 AB EF | T:1639319 RPD:1
[CH: 50] LEN: 12 | HEX: FA 76 FE FE 73 FD 96 FF AE 8D BF FD | T:1639349 RPD:1
[CH: 50] LEN: 12 | HEX: FA 76 FE FD 70 FD 96 F7 3B 83 BB FD | T:1639352 RPD:1
[CH: 50] LEN: 12 | HEX: FA 76 FA FC 71 E9 96 FF 67 66 BF D7 | T:1639356 RPD:1
[CH: 50] LEN: 12 | HEX: FA 76 FE F3 76 F5 96 FF 51 9F BF FF | T:1639387 RPD:1
[CH: 50] LEN: 12 | HEX: F2 76 FE FA 77 F7 96 FE 8D 7A BF 7F | T:1639417 RPD:1
[CH: 50] LEN: 12 | HEX: FA 76 FE F9 74 FB 96 F7 58 74 BF 85 | T:1639447 RPD:1
[CH: 50] LEN: 12 | HEX: F2 76 FE F8 75 F9 96 FF 24 91 BF DE | T:1639477 RPD:1
[CH: 50] LEN: 12 | HEX: FA 76 FC E7 7A FD 96 FE 95 86 B7 FA | T:1639507 RPD:1
[CH: 50] LEN: 12 | HEX: FA 76 FE F6 7B F9 96 F6 C9 63 BE F3 | T:1639537 RPD:1
[CH: 50] LEN: 12 | HEX: FA 76 FE F5 78 FD 96 FF 38 6D AF 7F | T:1639567 RPD:1
[CH: 50] LEN: 12 | HEX: FA 76 FE F4 79 FD 96 F6 E0 88 BF FF | T:1639597 RPD:1
[CH: 50] LEN: 12 | HEX: FA 76 FC F3 76 FD 96 FB 36 71 AF D7 | T:1639627 RPD:1
[CH: 50] LEN: 12 | HEX: FA 76 FE F2 7F AD 96 F6 0A 94 BF F5 | T:1639657 RPD:1
[CH: 50] LEN: 12 | HEX: FA 76 FE F1 7C E9 96 F5 7F 9A AE FF | T:1639687 RPD:1
[CH: 50] LEN: 12 | HEX: F2 76 FE E0 75 FD 96 FF 23 7F BF FD | T:1639717 RPD:1
[CH: 50] LEN: 12 | HEX: FA 76 FE EF 62 F5 96 FF 0D 95 BF FF | T:1639746 RPD:1
[CH: 50] LEN: 12 | HEX: FA 76 FD EE 63 FD 96 FF 11 70 BE AF | T:1639776 RPD:1
[CH: 50] LEN: 12 | HEX: FA 76 FD ED 60 FD 96 F7 64 7E AF EF | T:1639806 RPD:1
[CH: 50] LEN: 12 | HEX: FA 76 D6 EC 61 FB 96 FD F4 9B BF 76 | T:1639836 RPD:1
[CH: 50] LEN: 12 | HEX: FA 76 F4 EB 66 FD 96 FE 4E 62 BF EF | T:1639866 RPD:1
[CH: 50] LEN: 12 | HEX: FA 76 FE EA 67 F9 96 FF 12 87 BF FD | T:1639896 RPD:1
[CH: 50] LEN: 12 | HEX: FA 76 FE E9 64 F5 96 FE A7 09 BF AF | T:1639926 RPD:1
[CH: 50] LEN: 12 | HEX: F6 76 FE E8 65 FD 96 FE 3B 6C AF FF | T:1639956 RPD:1
[CH: 50] LEN: 12 | HEX: FA 76 FE E7 6A F5 96 FE CA 7B B7 FF | T:1639986 RPD:1
[CH: 50] LEN: 12 | HEX: FA 76 FC E6 6B E9 96 FE 56 9E BB FE | T:1640016 RPD:1
[CH: 50] LEN: 12 | HEX: FA 76 FE E5 68 FD 96 FF 23 90 BF BE | T:1640046 RPD:1
[CH: 50] LEN: 12 | HEX: FA 76 FA E4 69 FD 96 FE BF 75 BF 6F | T:1640076 RPD:1
[CH: 50] LEN: 12 | HEX: F2 76 FE E3 6E F9 96 FF 29 8C AD 5F | T:1640106 RPD:1
[CH: 50] LEN: 12 | HEX: FA 76 FE F2 6F 53 96 F6 15 69 BF DB | T:1640136 RPD:1
[CH: 50] LEN: 12 | HEX: FA 76 F6 E1 6C FD 96 FE E0 67 AE FB | T:1640166 RPD:1
[CH: 50] LEN: 12 | HEX: F2 76 FE E0 6D FD 96 FF 3C 82 BF BB | T:1640196 RPD:1
[CH: 50] LEN: 12 | HEX: FA 76 FE DE 52 FD 96 FF 2D 92 BF FF | T:1640226 RPD:1
[CH: 50] LEN: 12 | HEX: F2 76 FE FE 73 FD 96 FD 4E 8D BF FF | T:1640256 RPD:1
[CH: 50] LEN: 12 | HEX: FA 76 F6 FD 70 FD 96 F5 7B 83 BF FF | T:1640260 RPD:1
[CH: 50] LEN: 12 | HEX: FA 76 FE FC 71 FD 96 FE 67 66 AF FF | T:1640264 RPD:1
[CH: 50] LEN: 12 | HEX: FA 76 EC FB 76 F5 96 FE 51 9F 7F FF | T:1640294 RPD:1
[CH: 50] LEN: 12 | HEX: FA 76 FE F2 77 FB 96 FF 8D 7A BF 7F | T:1640324 RPD:1
[CH: 50] LEN: 12 | HEX: FA 76 FE F9 74 F9 96 FF 50 74 B7 FE | T:1640354 RPD:1
[CH: 50] LEN: 12 | HEX: FA 76 FE F8 75 FD 96 FF 24 91 BF F6 | T:1640384 RPD:1
[CH: 50] LEN: 12 | HEX: FA 76 F6 F7 7A FD 96 FF 95 86 AE DE | T:1640414 RPD:1
[CH: 50] LEN: 12 | HEX: FA 76 F6 F6 7B FB 96 FE C9 63 EF FF | T:1640444 RPD:1
[CH: 50] LEN: 12 | HEX: FA 76 FE F5 78 FD 96 EA 3C 6D BB 77 | T:1640474 RPD:1
[CH: 50] LEN: 12 | HEX: F2 76 FE F4 79 DD 96 F5 40 88 BE FD | T:1640504 RPD:1
[CH: 50] LEN: 12 | HEX: FA 76 F6 E3 7E F9 96 FE 96 71 B7 EF | T:1640534 RPD:1
[CH: 50] LEN: 12 | HEX: FA 76 FE F1 78 FD 96 FE 7B 9A AF FE | T:1640594 RPD:1
[CH: 50] LEN: 12 | HEX: F2 76 FE F0 7D FD 96 FF 23 7F BF FD | T:1640624 RPD:1
[CH: 50] LEN: 12 | HEX: F2 76 FA EF 62 F5 96 FE 0D 95 BA FF | T:1640654 RPD:1
[CH: 50] LEN: 12 | HEX: FA 76 FE EE 63 FD 96 F5 51 70 BF AF | T:1640684 RPD:1
[CH: 50] LEN: 12 | HEX: FA 76 FE ED 60 FD 96 FF 64 7C BF DF | T:1640714 RPD:1
[CH: 50] LEN: 12 | HEX: F2 76 FE EC 61 FD 96 FE F8 9B BA EF | T:1640744 RPD:1
[CH: 50] LEN: 12 | HEX: F2 76 FA EB 66 FD 96 FE CE 62 AF AB | T:1640774 RPD:1
[CH: 50] LEN: 12 | HEX: F2 76 F6 EA 67 FD 96 FF 92 87 3F DF | T:1640804 RPD:1
[CH: 50] LEN: 12 | HEX: FA 76 F6 E9 64 FD 96 FF 47 89 AF EF | T:1640834 RPD:1
[CH: 50] LEN: 12 | HEX: F2 76 EC E8 65 F9 96 FE 3B 6C BF FF | T:1640864 RPD:1
[CH: 50] LEN: 12 | HEX: FA 76 FE E7 6A F9 96 FF 8A 7B A7 F3 | T:1640893 RPD:1
[CH: 50] LEN: 12 | HEX: FA 76 F6 E6 6B F9 96 FF 56 9E AB FB | T:1640923 RPD:1
[CH: 50] LEN: 12 | HEX: FA 76 FE E5 68 F5 96 FF 23 90 AF FB | T:1640953 RPD:1
[CH: 50] LEN: 12 | HEX: FA 76 FE E4 69 FD 96 FF 5E F5 AD 77 | T:1640983 RPD:1
[CH: 50] LEN: 12 | HEX: F2 76 F5 E3 6E FB 96 FE 89 8C AF 7F | T:1641013 RPD:1
[CH: 50] LEN: 12 | HEX: FA 76 FE E2 6F E9 96 FF 15 69 AB EF | T:1641043 RPD:1
[CH: 50] LEN: 12 | HEX: F2 76 FE E1 6C ED 96 F7 60 67 BF FD | T:1641073 RPD:1
[CH: 50] LEN: 12 | HEX: FA 76 F4 E0 6D EB 96 F7 7C 82 BF FF | T:1641103 RPD:1
[CH: 50] LEN: 12 | HEX: F2 76 FE DF 52 FD 96 FA 2D 92 BF BE | T:1641133 RPD:1
[CH: 50] LEN: 12 | HEX: F2 76 FA FE 73 FB 96 EB 4E 8D BD 7F | T:1641163 RPD:1
[CH: 50] LEN: 12 | HEX: FA 76 FE E9 70 FD 96 F5 BB 83 AA F7 | T:1641167 RPD:1
[CH: 50] LEN: 12 | HEX: FA 76 FE FC 71 FD 96 FE 67 66 AB FB | T:1641171 RPD:1
[CH: 50] LEN: 12 | HEX: F2 76 F4 F3 76 ED 96 FE 51 9F AF DE | T:1641201 RPD:1
[CH: 50] LEN: 12 | HEX: F2 76 FE EA 77 DB 96 FF 4D 7A AD BD | T:1641231 RPD:1
[CH: 50] LEN: 12 | HEX: F2 76 FE F9 74 FD 96 FE B8 74 BF 77 | T:1641261 RPD:1
[CH: 50] LEN: 12 | HEX: FA 76 FE F8 75 DB 96 FE 24 91 AB FD | T:1641291 RPD:1
[CH: 50] LEN: 12 | HEX: F2 76 FE F7 7A FD 96 FF 55 86 BE FB | T:1641321 RPD:1
[CH: 50] LEN: 12 | HEX: FA 76 FE F6 7B FD 96 FF 49 63 BE FF | T:1641351 RPD:1
[CH: 50] LEN: 12 | HEX: FA 76 F4 F5 70 E9 96 FE 38 6D B7 FF | T:1641381 RPD:1
[CH: 50] LEN: 12 | HEX: F2 76 EC F4 71 FD 96 FF 40 88 AB FF | T:1641411 RPD:1
[CH: 50] LEN: 12 | HEX: F2 76 FE F3 7B FD 96 F6 B6 71 AD DF | T:1641441 RPD:1
[CH: 50] LEN: 12 | HEX: FA 76 FE F2 7F ED 96 FE 8A 94 BF FF | T:1641471 RPD:1
[CH: 50] LEN: 12 | HEX: FA 76 FE F1 7C F9 96 FE FF 9A AF F5 | T:1641501 RPD:1
[CH: 50] LEN: 12 | HEX: F2 76 F6 F0 79 FD 96 FE A3 7B 37 F5 | T:1641531 RPD:1
[CH: 50] LEN: 12 | HEX: FA 76 FE EF 62 F9 96 FF 0D 95 BF 7D | T:1641561 RPD:1
[CH: 50] LEN: 12 | HEX: FA 76 FE EE 63 FD 96 FB D1 70 BF BB | T:1641591 RPD:1
[CH: 50] LEN: 12 | HEX: FA 76 FE ED 60 FD 96 FF A4 7E AE FB | T:1641621 RPD:1
[CH: 50] LEN: 12 | HEX: FA 76 FE EC 61 FD 96 EF 78 9B AF EB | T:1641651 RPD:1
[CH: 50] LEN: 12 | HEX: F2 76 FE EB 66 FD 96 FF 4E 62 BF EB | T:1641681 RPD:1
[CH: 50] LEN: 12 | HEX: EA 76 FE EA 67 FB 96 FE D2 87 2E B5 | T:1641711 RPD:1
[CH: 50] LEN: 12 | HEX: F2 76 FA E9 64 E9 96 FF C7 89 BB 5F | T:1641741 RPD:1
[CH: 50] LEN: 12 | HEX: F2 76 F4 E8 65 D5 96 F6 3B 6C BF FE | T:1641771 RPD:1
[CH: 50] LEN: 12 | HEX: F2 76 FE E7 6A ED 96 F6 8A 7B EF AF | T:1641801 RPD:1
[CH: 50] LEN: 12 | HEX: FA 76 FD E6 6B F5 96 FF 56 9C BE FF | T:1641831 RPD:1
[CH: 50] LEN: 12 | HEX: FA 76 FE E5 68 FD 96 FF 23 90 AF FF | T:1641861 RPD:1
[CH: 50] LEN: 12 | HEX: F2 76 FE E4 69 FD 96 FF 5F 75 BB FE | T:1641891 RPD:1
[CH: 50] LEN: 12 | HEX: FA 76 EC E3 6E F5 96 FF A9 8C BB BF | T:1641921 RPD:1
[CH: 50] LEN: 12 | HEX: FA 76 F6 E2 6F F5 96 FF 15 69 BA F5 | T:1641951 RPD:1
[CH: 50] LEN: 12 | HEX: FA 76 FC E1 6C FD 96 FD E0 67 3F 5F | T:1641981 RPD:1
[CH: 50] LEN: 12 | HEX: FA 76 FE E0 6D FD 96 FE FC 82 AB 55 | T:1642011 RPD:1
[CH: 50] LEN: 12 | HEX: F2 76 FE DF 52 F9 96 FE 2D 92 BF FF | T:1642041 RPD:1
[CH: 50] LEN: 12 | HEX: F2 76 FE FE 73 B9 96 F7 6E 8D A7 F7 | T:1642071 RPD:1
[CH: 50] LEN: 12 | HEX: FA 76 FE FD 70 F5 96 FE FB 83 AB FF | T:1642074 RPD:1
[CH: 50] LEN: 12 | HEX: FA 76 FE FC 71 FD 96 FF 67 66 BD EA | T:1642077 RPD:1
[CH: 50] LEN: 12 | HEX: FA 76 FE FB 76 FD 96 EA 51 9F BF FD | T:1642107 RPD:1
[CH: 50] LEN: 12 | HEX: FA 76 F4 FA 77 F9 96 F7 0D 7A AF 7F | T:1642137 RPD:1
[CH: 50] LEN: 12 | HEX: FA 76 FE F9 74 FD 96 FF 50 74 BF FD | T:1642167 RPD:1
[CH: 50] LEN: 12 | HEX: FA 76 ED F0 75 FD 96 FE 24 91 BF FB | T:1642197 RPD:1
[CH: 50] LEN: 12 | HEX: FA 76 FA F7 7A FD 96 FF 95 86 AF EF | T:1642227 RPD:1
[CH: 50] LEN: 12 | HEX: FA 76 FE F6 7B FD 96 FF 49 63 EF 7F | T:1642257 RPD:1
[CH: 50] LEN: 12 | HEX: F2 76 FD F5 70 FD 96 FE BC 6D BF BF | T:1642287 RPD:1
[CH: 50] LEN: 12 | HEX: FA 76 FE F4 79 FD 96 FF 80 88 BE BE | T:1642317 RPD:1
[CH: 50] LEN: 12 | HEX: FA 76 F6 F3 7E FD 96 FF 36 71 BA EF | T:1642347 RPD:1
[CH: 50] LEN: 12 | HEX: F2 76 FE F2 7F D5 96 F7 0A 94 AB F3 | T:1642377 RPD:1
[CH: 50] LEN: 12 | HEX: FA 76 FC E1 78 E9 96 F5 7F 9A AB F7 | T:1642407 RPD:1
[CH: 50] LEN: 12 | HEX: F2 76 FC E0 7D F9 96 FF 63 7F FB FF | T:1642437 RPD:1
[CH: 50] LEN: 12 | HEX: F2 76 F5 ED 62 FD 96 FD 0D 95 BF FD | T:1642467 RPD:1
[CH: 50] LEN: 12 | HEX: FA 76 FA EE 63 F9 96 FE 91 70 AF FF | T:1642497 RPD:1
[CH: 50] LEN: 12 | HEX: FA 76 F6 ED 60 F9 96 FF 64 7A AF F7 | T:1642527 RPD:1
[CH: 50] LEN: 12 | HEX: FA 76 FE EC 61 DD 96 FE 78 9B AF ED | T:1642557 RPD:1
[CH: 50] LEN: 12 | HEX: F2 76 F6 EB 66 F5 96 FE 4E 62 BF F7 | T:1642587 RPD:1
[CH: 50] LEN: 12 | HEX: FA 76 FE EA 67 FD 96 FF 92 87 BD FB | T:1642617 RPD:1
[CH: 50] LEN: 12 | HEX: FA 76 FE E9 64 FD 96 FF 47 89 AF DF | T:1642647 RPD:1
[CH: 50] LEN: 12 | HEX: F2 76 FA E8 65 FD 96 FE 3B 6C AA EF | T:1642677 RPD:1
[CH: 50] LEN: 12 | HEX: FA 76 FE E7 6A F5 96 FF 8A 7B BE BE | T:1642707 RPD:1
[CH: 50] LEN: 12 | HEX: FA 76 FE E6 6B F9 96 FF 56 9E AF 7F | T:1642737 RPD:1
[CH: 50] LEN: 12 | HEX: F2 76 FE E5 68 A9 96 EA 23 50 AB EB | T:1642767 RPD:1
[CH: 50] LEN: 12 | HEX: F6 76 FE E4 69 FD 96 FE FD 75 BF FF | T:1642797 RPD:1
[CH: 50] LEN: 12 | HEX: F2 76 FE E3 6E FD 96 FF 89 8C AF EE | T:1642827 RPD:1
[CH: 50] LEN: 12 | HEX: FA 76 FE E2 6F 79 96 FF 15 69 B7 F7 | T:1642857 RPD:1
[CH: 50] LEN: 12 | HEX: FA 76 EE E1 6C FD 96 F6 60 67 BE F7 | T:1642887 RPD:1
[CH: 50] LEN: 12 | HEX: FA 76 FE E0 6D FD 96 EF 3C 82 AF FE | T:1642917 RPD:1
[CH: 50] LEN: 12 | HEX: F2 76 FA DF 52 E9 96 FB 2D 92 AF FF | T:1642947 RPD:1
[CH: 50] LEN: 12 | HEX: FA 76 FC FE 73 FD 96 FF 6E 8D AF FF | T:1642977 RPD:1
[CH: 50] LEN: 12 | HEX: FA 76 FE FD 70 FD 96 FE FB 83 BF FF | T:1642980 RPD:1
[CH: 50] LEN: 12 | HEX: EA 76 FE EC 71 FD 96 FF 67 66 BF FF | T:1642985 RPD:1
[CH: 50] LEN: 12 | HEX: F2 76 EC F3 76 F5 96 FE D1 9F BF FB | T:1643015 RPD:1
[CH: 50] LEN: 12 | HEX: FA 76 FE FA 77 FB 96 FF 8D 7A BF FD | T:1643045 RPD:1
[CH: 50] LEN: 12 | HEX: F2 76 FE F9 74 FD 96 FF 58 74 AF FF | T:1643075 RPD:1
[CH: 50] LEN: 12 | HEX: FA 76 EE F0 75 FD 96 FE 24 91 B5 FF | T:1643105 RPD:1
[CH: 50] LEN: 12 | HEX: F2 76 FE F7 7A FD 96 F6 D5 86 AF D7 | T:1643135 RPD:1
[CH: 50] LEN: 12 | HEX: FA 76 FE F6 7B F9 96 FB 49 63 B7 7F | T:1643165 RPD:1
[CH: 50] LEN: 12 | HEX: FA 76 F4 E5 50 D5 96 D5 28 49 BF FA | T:1643195 RPD:1
[CH: 50] LEN: 12 | HEX: F2 76 FE F4 79 FD 96 FF 40 88 AE F7 | T:1643225 RPD:1
[CH: 50] LEN: 12 | HEX: FA 76 FE E3 7A FD 96 EF 76 71 B5 FB | T:1643255 RPD:1
[CH: 50] LEN: 12 | HEX: F2 76 FE F2 7B BD 96 FD 8A 94 AB FE | T:1643285 RPD:1
[CH: 50] LEN: 12 | HEX: F2 76 FE F1 7C F5 96 FF 7F 1A BF FF | T:1643315 RPD:1
[CH: 50] LEN: 12 | HEX: F2 76 EC E0 79 DD 96 FF 63 7A BB FB | T:1643345 RPD:1
[CH: 50] LEN: 12 | HEX: FA 76 FA EF 62 FD 96 FF 0D 95 BD FE | T:1643375 RPD:1
[CH: 50] LEN: 12 | HEX: F2 76 FC EE 63 FB 96 FD 51 70 AF 2A | T:1643405 RPD:1
[CH: 50] LEN: 12 | HEX: FA 76 FE ED 60 FD 96 FF A4 7E BE FF | T:1643435 RPD:1
[CH: 50] LEN: 12 | HEX: F2 76 FE EC 61 FD 96 FF 78 9B BF D7 | T:1643465 RPD:1
[CH: 50] LEN: 12 | HEX: FA 76 F6 EB 66 FD 96 FE 4E 62 A5 FF | T:1643495 RPD:1
[CH: 50] LEN: 12 | HEX: FA 76 FE EA 67 75 96 EF 92 87 BD AF | T:1643524 RPD:1
[CH: 50] LEN: 12 | HEX: FA 76 FE E9 64 F5 96 FE A7 89 AF D5 | T:1643554 RPD:1
[CH: 50] LEN: 12 | HEX: FA 76 FC E8 65 FD 96 FF 3B 6C AE FF | T:1643584 RPD:1
[CH: 50] LEN: 12 | HEX: FA 76 FE E7 6A E9 96 FE 8A 7B B7 FF | T:1643614 RPD:1
[CH: 50] LEN: 12 | HEX: FA 76 FE E6 6B FD 96 FE 56 9E BD FF | T:1643644 RPD:1
[CH: 50] LEN: 12 | HEX: F2 76 F5 E5 68 ED 96 FE 23 90 B7 EF | T:1643674 RPD:1
[CH: 50] LEN: 12 | HEX: FA 76 FE E4 69 FD 96 FE BF 75 AB FF | T:1643704 RPD:1
[CH: 50] LEN: 12 | HEX: FA 76 FE E3 6E FD 96 FF 69 8C BE FE | T:1643734 RPD:1
[CH: 50] LEN: 12 | HEX: FA 76 FA E2 6F F5 96 FF 15 69 AF FF | T:1643764 RPD:1
[CH: 50] LEN: 12 | HEX: FA 76 FE E1 6C F5 96 FF 60 67 AE FD | T:1643794 RPD:1
[CH: 50] LEN: 12 | HEX: FA 76 FD E0 6D E9 96 FE B8 82 BF BF | T:1643824 RPD:1
[CH: 50] LEN: 12 | HEX: FA 76 FE DE 52 F5 96 EE 2D 92 AB FF | T:1643854 RPD:1
[CH: 50] LEN: 12 | HEX: FA 76 F6 FE 73 D9 96 F6 8E 8D BF FE | T:1643884 RPD:1
[CH: 50] LEN: 12 | HEX: FA 76 FE F9 70 FD 96 FF 3B 83 BF FF | T:1643888 RPD:1
[CH: 50] LEN: 12 | HEX: FA 76 ED FC 71 D9 96 F6 E7 66 BF FB | T:1643892 RPD:1
[CH: 50] LEN: 12 | HEX: F6 76 FE FB 76 FD 96 FF 51 9E FE FF | T:1643922 RPD:1
[CH: 50] LEN: 12 | HEX: F2 76 FE FA 77 F7 96 FF 8D 72 BD F3 | T:1643952 RPD:1
[CH: 50] LEN: 12 | HEX: FA 76 FE E9 74 FD 96 FF 58 74 BD BF | T:1643982 RPD:1
[CH: 50] LEN: 12 | HEX: F2 76 FE F8 75 F5 96 F6 A4 91 BF BF | T:1644012 RPD:1
[CH: 50] LEN: 12 | HEX: F2 76 FE F7 7A FD 96 FF 55 86 AF 5A | T:1644042 RPD:1
[CH: 50] LEN: 12 | HEX: F2 76 FE E6 7B DD 96 FE C9 63 AF FD | T:1644072 RPD:1
[CH: 50] LEN: 12 | HEX: F2 76 FE F5 70 F5 96 FE 3C 6D BF FF | T:1644102 RPD:1
[CH: 50] LEN: 12 | HEX: F2 76 FA E4 79 FD 96 FF 40 88 B7 FF | T:1644132 RPD:1
[CH: 50] LEN: 12 | HEX: F2 76 FE F3 7E ED 96 FE B6 71 BE FF | T:1644162 RPD:1
[CH: 50] LEN: 12 | HEX: FA 76 FE F2 7D DD 96 F6 0A 94 BB FB | T:1644192 RPD:1
[CH: 50] LEN: 12 | HEX: FA 76 FE E1 78 ED 96 FD FA 9A AF BE | T:1644222 RPD:1
[CH: 50] LEN: 12 | HEX: FA 76 FE F0 7D FD 96 FF 63 7F 3F EA | T:1644252 RPD:1
[CH: 50] LEN: 12 | HEX: F2 76 FE EF 62 FD 96 FF 0D 95 AF FF | T:1644282 RPD:1
[CH: 50] LEN: 12 | HEX: FA 76 FC EE 63 FD 96 FE B1 70 BF 7F | T:1644312 RPD:1
[CH: 50] LEN: 12 | HEX: FA 76 FE ED 60 FD 96 FF 64 6E AF F7 | T:1644342 RPD:1
[CH: 50] LEN: 12 | HEX: FA 76 F6 EC 61 ED 96 FF 70 9B AF 7B | T:1644372 RPD:1
[CH: 50] LEN: 12 | HEX: FA 76 F4 EB 66 FD 96 FF 4E 62 BF F7 | T:1644402 RPD:1
[CH: 50] LEN: 12 | HEX: FA 76 F6 EA 67 F9 96 FD 92 87 BA F3 | T:1644432 RPD:1
[CH: 50] LEN: 12 | HEX: F2 76 FE E9 64 F5 96 FF 67 89 BF FD | T:1644462 RPD:1
[CH: 50] LEN: 12 | HEX: FA 76 FE D8 65 FD 96 EE 3B 6C AF FF | T:1644492 RPD:1
[CH: 50] LEN: 12 | HEX: FA 76 FE E7 6A FD 96 FE 4A 7B BF FF | T:1644522 RPD:1
[CH: 50] LEN: 12 | HEX: FA 76 FE E6 6B FD 96 FF 56 9E BF FF | T:1644552 RPD:1
[CH: 50] LEN: 12 | HEX: FA 76 FE E5 68 E9 96 EA 23 90 AD F6 | T:1644582 RPD:1
[CH: 50] LEN: 12 | HEX: F2 76 EC E4 69 D5 96 FE BE 75 BF FF | T:1644612 RPD:1
[CH: 50] LEN: 12 | HEX: F2 76 EC E3 6E D5 96 FE 89 8C AF 7F | T:1644642 RPD:1
[CH: 50] LEN: 12 | HEX: FA 76 FE E2 6F FB 96 F6 15 69 BF FF | T:1644672 RPD:1
[CH: 50] LEN: 12 | HEX: FA 76 FC E1 6C F5 96 FA 60 67 AF EF | T:1644702 RPD:1
[CH: 50] LEN: 12 | HEX: F2 76 FE E0 6D FD 96 FF 7C 82 AF AF | T:1644732 RPD:1
[CH: 50] LEN: 12 | HEX: F2 76 FE DF 52 FD 96 EF 2D 92 BF FF | T:1644762 RPD:1
[CH: 50] LEN: 12 | HEX: FA 76 FE FE 73 B9 96 FB 8E 8D AF 5D | T:1644792 RPD:1
[CH: 50] LEN: 12 | HEX: F2 76 EE EB 70 E9 96 FF 7B C3 37 FF | T:1644796 RPD:1
[CH: 50] LEN: 12 | HEX: EA 76 FE FC 71 D9 96 F6 67 66 BF DF | T:1644800 RPD:1
[CH: 50] LEN: 12 | HEX: FA 76 FE F2 77 59 96 FE 8D 72 BF FD | T:1644860 RPD:1
[CH: 50] LEN: 12 | HEX: F2 76 FE F9 74 FD 96 FF A8 74 AF F7 | T:1644890 RPD:1
[CH: 50] LEN: 12 | HEX: FA 76 FE F0 75 FD 96 FF 24 91 BD FF | T:1644920 RPD:1
[CH: 50] LEN: 12 | HEX: FA 76 EA F7 7A FD 96 FF 55 86 BF FF | T:1644950 RPD:1
[CH: 50] LEN: 12 | HEX: FA 76 F4 F6 73 FB 96 FD C9 63 BF FD | T:1644980 RPD:1
[CH: 50] LEN: 12 | HEX: FA 76 FE F5 70 A9 14 EA 34 6D 3F BA | T:1645010 RPD:1
[CH: 50] LEN: 12 | HEX: F2 76 FE F4 79 FD 96 FF 90 88 B7 7D | T:1645040 RPD:1
[CH: 50] LEN: 12 | HEX: FA 76 FE F3 7A F5 96 EF D6 71 AF FE | T:1645070 RPD:1
[CH: 50] LEN: 12 | HEX: F2 76 F6 E2 7B AD 96 FF 0A 94 AF FF | T:1645100 RPD:1
[CH: 50] LEN: 12 | HEX: F2 66 ED F1 74 F5 96 FD 77 1A BF EF | T:1645130 RPD:1
[CH: 50] LEN: 12 | HEX: F2 76 FE F0 7D FD 96 FF 63 7F BE FF | T:1645160 RPD:1
[CH: 50] LEN: 12 | HEX: FA 76 F4 EF 62 EB 96 FE 0D 95 B5 EF | T:1645190 RPD:1
[CH: 50] LEN: 12 | HEX: FA 76 FE EE 63 FD 96 FE B1 70 BF F7 | T:1645220 RPD:1
[CH: 50] LEN: 12 | HEX: FA 76 FE ED 60 F5 96 FE E4 7A AF FF | T:1645250 RPD:1
[CH: 50] LEN: 12 | HEX: FA 76 F6 EC 61 FD 96 FB 70 9B AF FF | T:1645280 RPD:1
[CH: 50] LEN: 12 | HEX: FA 76 FE EB 66 FD 96 FF 4E 62 B7 EF | T:1645309 RPD:1
[CH: 50] LEN: 12 | HEX: FA 76 EC EA 67 B5 96 FE D2 87 AD F3 | T:1645339 RPD:1
[CH: 50] LEN: 12 | HEX: F2 76 FE E9 64 F5 96 FF 47 89 AF FF | T:1645369 RPD:1
[CH: 50] LEN: 12 | HEX: EA 76 F5 E8 65 ED 96 F7 3B 6C BF FF | T:1645399 RPD:1
[CH: 50] LEN: 12 | HEX: F2 76 FE E7 6A F5 96 FF 4A 73 BB 77 | T:1645429 RPD:1
[CH: 50] LEN: 12 | HEX: FA 76 F6 E6 6B DD 96 FF 56 9E BF 7F | T:1645459 RPD:1
[CH: 50] LEN: 12 | HEX: FA 76 FE E5 68 FD 96 FE A3 90 BF FF | T:1645489 RPD:1
[CH: 50] LEN: 12 | HEX: F2 76 FC E4 69 F9 96 FD 7F 75 BD EA | T:1645519 RPD:1
[CH: 50] LEN: 12 | HEX: FA 76 FE E3 6E FD 96 FF 89 8C B7 EF | T:1645549 RPD:1
[CH: 50] LEN: 12 | HEX: FA 76 F4 E2 6F F5 96 FA 15 69 AD DE | T:1645579 RPD:1
[CH: 50] LEN: 12 | HEX: FA 76 F6 E1 6C FD 96 FF 60 67 AF F6 | T:1645609 RPD:1
[CH: 50] LEN: 12 | HEX: FA 76 F6 E0 6D FD 96 FF 7C 82 AE 77 | T:1645639 RPD:1
[CH: 50] LEN: 12 | HEX: FA 76 EE DD 52 FD 96 F6 2D 92 BF FB | T:1645669 RPD:1
[CH: 50] LEN: 12 | HEX: FA 76 FE F4 73 ED 96 FE 8E 8D BF EF | T:1645699 RPD:1
[CH: 50] LEN: 12 | HEX: FA 76 FE FD 70 F5 96 FF 7B 83 AF FF | T:1645703 RPD:1
[CH: 50] LEN: 12 | HEX: FA 76 FE FC 71 FD 96 FE E7 66 BE F7 | T:1645707 RPD:1
[CH: 50] LEN: 12 | HEX: FA 76 FE FB 76 F5 96 FE D1 9F BF F7 | T:1645737 RPD:1
[CH: 50] LEN: 12 | HEX: FA 76 FE EA 77 FD 96 FF 0D 7A BF FB | T:1645767 RPD:1
[CH: 50] LEN: 12 | HEX: FA 76 FE F1 74 FD 96 FF A8 74 BF AF | T:1645797 RPD:1
[CH: 50] LEN: 12 | HEX: FA 76 FE E8 75 F9 96 FE 24 91 BE BB | T:1645827 RPD:1
[CH: 50] LEN: 12 | HEX: FA 76 FE E7 7A FD 96 FF 95 86 BE D7 | T:1645857 RPD:1
[CH: 50] LEN: 12 | HEX: F2 76 F6 F6 7B ED 96 FF 49 63 AD D5 | T:1645887 RPD:1
[CH: 50] LEN: 12 | HEX: F2 76 FE F5 70 FD 96 FF 3C 6D BF FF | T:1645917 RPD:1
[CH: 50] LEN: 12 | HEX: FA 76 FE F4 71 DD 96 FE A0 88 BF BE | T:1645947 RPD:1
[CH: 50] LEN: 12 | HEX: F2 76 FC F3 7C FD 96 FF B6 71 BF BD | T:1645977 RPD:1
[CH: 50] LEN: 12 | HEX: FA 76 FA E2 7F E9 96 F6 0A 94 AB BF | T:1646007 RPD:1
[CH: 50] LEN: 12 | HEX: FA 76 FE F1 78 FD 96 FF 7F 9A AF FD | T:1646037 RPD:1
[CH: 50] LEN: 12 | HEX: F2 76 FE F0 7D ED 96 FF A3 7F BB FB | T:1646067 RPD:1
[CH: 50] LEN: 12 | HEX: FA 76 FE EF 62 FB 96 FF 8D 95 BF AF | T:1646097 RPD:1
[CH: 50] LEN: 12 | HEX: FA 76 FE EE 63 E9 96 FE 91 70 AF FE | T:1646127 RPD:1
[CH: 50] LEN: 12 | HEX: FA 76 FE ED 60 F5 96 FF 64 7E AF BD | T:1646157 RPD:1
[CH: 50] LEN: 12 | HEX: F2 76 EC EC 61 FD 96 FE 78 9B BF FE | T:1646187 RPD:1
[CH: 50] LEN: 12 | HEX: F2 76 FE EB 66 F5 96 FE 4E 62 AF FF | T:1646217 RPD:1
[CH: 50] LEN: 12 | HEX: EA 76 D4 EA 67 F5 96 FF 12 87 AF DC | T:1646247 RPD:1
[CH: 50] LEN: 12 | HEX: FA 76 EC E9 64 FB 96 FD E7 09 BF F5 | T:1646277 RPD:1
[CH: 50] LEN: 12 | HEX: FA 76 EE E8 65 F9 96 F7 3B 6C AD FF | T:1646307 RPD:1
[CH: 50] LEN: 12 | HEX: FA 76 EA E7 6A F9 96 FE 8A 73 AF FF | T:1646337 RPD:1
[CH: 50] LEN: 12 | HEX: FA 76 F4 E6 6B D9 96 EF 56 9E AF 7F | T:1646367 RPD:1
[CH: 50] LEN: 12 | HEX: FA 76 F6 E5 68 FD 96 FE 23 90 BB FE | T:1646397 RPD:1
[CH: 50] LEN: 12 | HEX: F2 76 FE E4 69 FD 96 FE FD 55 BF DE | T:1646427 RPD:1
[CH: 50] LEN: 12 | HEX: FA 76 FE E3 6E F9 96 FE 89 8C BD FF | T:1646457 RPD:1
[CH: 50] LEN: 12 | HEX: FA 76 FE E2 6F 75 96 FA 15 69 BF 7F | T:1646487 RPD:1
[CH: 50] LEN: 12 | HEX: FA 76 F6 F1 6C E9 96 EF 60 67 2F FF | T:1646517 RPD:1
[CH: 50] LEN: 12 | HEX: F2 76 FE E0 6D F5 96 FE 7C 82 BB DF | T:1646547 RPD:1
[CH: 50] LEN: 12 | HEX: F2 76 FE DF 52 F9 96 FF 2D 92 AD EF | T:1646577 RPD:1
[CH: 50] LEN: 12 | HEX: FA 76 FE FE 73 FD 96 EF 6E 8D AF FF | T:1646607 RPD:1
[CH: 50] LEN: 12 | HEX: F2 76 FE FD 70 FD 96 F7 7B 83 AF FF | T:1646610 RPD:1
[CH: 50] LEN: 12 | HEX: F2 76 FE FC 71 FD 96 FF 67 66 BF F6 | T:1646614 RPD:1
[CH: 50] LEN: 12 | HEX: FA 66 F4 FB 76 FD 96 FF 51 9F AF F6 | T:1646644 RPD:1
[CH: 50] LEN: 12 | HEX: FA 76 FE FA 77 F9 96 F7 4D 7A BF FE | T:1646674 RPD:1
[CH: 50] LEN: 12 | HEX: FA 76 F4 E9 74 F9 96 FD 78 74 BE FB | T:1646704 RPD:1
[CH: 50] LEN: 12 | HEX: FA 76 FE F8 75 FD 96 FF 24 91 BF FF | T:1646734 RPD:1
[CH: 50] LEN: 12 | HEX: FA 76 FE E7 7A FD 96 EF 15 86 BF FD | T:1646764 RPD:1
[CH: 50] LEN: 12 | HEX: FA 76 FE F6 73 F9 96 FE 49 63 BF DF | T:1646794 RPD:1
[CH: 50] LEN: 12 | HEX: FA 76 FE F5 68 A9 16 AD 28 6D BF EB | T:1646824 RPD:1
[CH: 50] LEN: 12 | HEX: F2 76 FE F4 79 FD 96 FF 90 88 BF F7 | T:1646854 RPD:1
[CH: 50] LEN: 12 | HEX: F2 76 FE F3 7A FD 96 FF B6 71 AF FF | T:1646884 RPD:1
[CH: 50] LEN: 12 | HEX: FA 76 FE F2 7F AD 96 FF 0A 94 AF DF | T:1646914 RPD:1
[CH: 50] LEN: 12 | HEX: F2 73 FD 00 81 FB 96 FE A3 D8 BB FF | T:1647134 RPD:1
[CH: 50] LEN: 12 | HEX: FA 7B FA 00 81 FD 96 FF 43 DC BE FF | T:1647135 RPD:1
[CH: 50] LEN: 12 | HEX: F9 77 FC FE EC 70 96 FF 23 2C AF FF | T:1647166 RPD:1
[CH: 50] LEN: 12 | HEX: F9 77 74 FB FD 73 96 F7 54 AE BF 77 | T:1647169 RPD:1
[CH: 50] LEN: 12 | HEX: F9 77 7E EE EE 70 96 F6 23 2C BF FB | T:1647172 RPD:1
[CH: 50] LEN: 12 | HEX: F9 77 FD F5 FD 73 96 FE D4 AE AB DF | T:1647183 RPD:1
[CH: 50] LEN: 12 | HEX: F1 77 FB FE FE 70 96 FE A3 2C BB 5E | T:1647183 RPD:0
[CH: 50] LEN: 12 | HEX: F9 77 F9 F9 DC 73 96 FF 54 AE BE FF | T:1647194 RPD:1
[CH: 50] LEN: 12 | HEX: F9 77 F5 FE FE 70 96 EE A3 2C BF 5F | T:1647206 RPD:1
[CH: 50] LEN: 12 | HEX: F1 77 FA F5 FC 73 96 FF 14 AE AF FF | T:1647206 RPD:0
[CH: 50] LEN: 12 | HEX: F9 77 FE FE FE 70 96 FF 23 2C BF F7 | T:1647217 RPD:1
[CH: 50] LEN: 12 | HEX: F1 77 FD FE FE 70 96 FF 23 2C AD EE | T:1647218 RPD:0
[CH: 50] LEN: 12 | HEX: F9 77 DE F9 FE 73 96 FF 94 AA AB FA | T:1647229 RPD:1
[CH: 50] LEN: 12 | HEX: F9 77 BE FE FE 70 96 FF 23 2C BF BF | T:1647229 RPD:0
[CH: 50] LEN: 12 | HEX: F9 77 F4 FD DD 73 96 FF 94 AE BF FD | T:1647240 RPD:1
[CH: 50] LEN: 12 | HEX: F9 77 FE FE F4 70 96 FF 23 2C BF AE | T:1647252 RPD:1
[CH: 50] LEN: 12 | HEX: F9 77 FD FD FE 73 96 FF 94 AE BE F7 | T:1647252 RPD:0
[CH: 50] LEN: 12 | HEX: F9 77 FD FC FE 70 96 FF 23 2C BE BF | T:1647263 RPD:1
[CH: 50] LEN: 12 | HEX: F9 77 FE FD FE 73 96 FF 94 AE BF FF | T:1647264 RPD:0
[CH: 50] LEN: 12 | HEX: F9 77 FC FE FE 70 96 FA 23 2C AF EF | T:1647275 RPD:1
[CH: 50] LEN: 12 | HEX: F9 77 FB FD F6 73 96 FF 94 AE BF 9F | T:1647286 RPD:1
[CH: 50] LEN: 12 | HEX: F9 77 FD FC F4 70 96 FF 23 2C AD 6F | T:1647286 RPD:0
[CH: 50] LEN: 12 | HEX: F1 77 FE FD FE 73 96 FF 94 AE AF BF | T:1647298 RPD:1
[CH: 50] LEN: 12 | HEX: F9 77 FC FD FE 73 96 FF 94 AE BF CF | T:1647298 RPD:0
[CH: 50] LEN: 12 | HEX: F1 77 FE FE FE 70 96 FF 23 2C AD FE | T:1647309 RPD:1
[CH: 50] LEN: 12 | HEX: E9 77 FE FD FE 73 96 FF 94 AE BB DF | T:1647310 RPD:0
[CH: 50] LEN: 12 | HEX: F9 77 F9 FE FE 70 96 FD 23 2C AE BE | T:1647321 RPD:1
[CH: 50] LEN: 12 | HEX: F9 77 FB FD FE 73 96 FF 94 AF BF FB | T:1647332 RPD:1
[CH: 50] LEN: 12 | HEX: F9 77 F4 EA FE 70 96 F7 23 2C BF BB | T:1647332 RPD:0
[CH: 50] LEN: 12 | HEX: F1 77 FA FE FE 70 96 FF 23 2C AD FF | T:1647344 RPD:1
[CH: 50] LEN: 12 | HEX: F1 77 FE FE FE 70 96 FF 23 2C BD D5 | T:1647344 RPD:0
[CH: 50] LEN: 12 | HEX: F9 77 FE FD FE 73 96 FF 94 AE BF FE | T:1647355 RPD:1
[CH: 50] LEN: 12 | HEX: F1 77 DC FE FE 70 96 EB 23 2C BB 7F | T:1647367 RPD:1
[CH: 50] LEN: 12 | HEX: F9 77 D6 F9 FE 73 96 FF 94 AE BB DD | T:1647367 RPD:0
[CH: 50] LEN: 12 | HEX: F9 77 FE FA FE 70 96 FF 23 2C AF AF | T:1647378 RPD:1
[CH: 50] LEN: 12 | HEX: FD 77 FE F6 FE 70 96 FF 23 2C BF F6 | T:1647378 RPD:1
[CH: 50] LEN: 12 | HEX: F9 77 FE FD FA 73 96 FF 94 AE BE AD | T:1647390 RPD:1
[CH: 50] LEN: 12 | HEX: F9 77 FE FC FE 70 96 FF 23 2C BF D7 | T:1647401 RPD:1
[CH: 50] LEN: 12 | HEX: F9 77 FE FD FE 73 96 FF 94 AE BF 77 | T:1647401 RPD:0
[CH: 50] LEN: 12 | HEX: F9 77 FC FD FE 73 96 FF 94 AE BF 7F | T:1647413 RPD:1
[CH: 50] LEN: 12 | HEX: F5 77 DE FD FA 73 96 FF 94 AE AA EF | T:1647413 RPD:0
[CH: 50] LEN: 12 | HEX: F9 77 BA FE F6 70 96 FF 23 2C AD FF | T:1647424 RPD:1
[CH: 50] LEN: 12 | HEX: F9 77 FA FD EE 73 96 FF 94 AE B7 FF | T:1647424 RPD:0
[CH: 50] LEN: 12 | HEX: F9 77 FE FE FE 70 96 FF 23 2C AF FA | T:1647436 RPD:1
[CH: 50] LEN: 12 | HEX: F9 77 FE FD DE 73 96 FE 94 AE AB DB | T:1647447 RPD:1
[CH: 50] LEN: 12 | HEX: F9 77 FE FE FE 70 96 FF 23 2C AE EF | T:1647447 RPD:0
[CH: 50] LEN: 12 | HEX: F1 77 DE FD FE 73 96 F7 94 AE BF FF | T:1647458 RPD:1
[CH: 50] LEN: 12 | HEX: F1 77 FE FE FE 70 96 FF 23 2C BD FB | T:1647459 RPD:0
[CH: 50] LEN: 12 | HEX: F9 77 FE FD FE 73 96 FF 94 AE AB BF | T:1647470 RPD:1
[CH: 50] LEN: 12 | HEX: F9 77 FE FE FE 70 96 FF 23 2C BF ED | T:1647481 RPD:1
[CH: 50] LEN: 12 | HEX: F9 77 FE FD FE 73 96 FF 94 AE BF F7 | T:1647482 RPD:0
[CH: 50] LEN: 12 | HEX: F9 77 DE EA FE 70 96 FF 23 2C AD 7E | T:1647493 RPD:1
[CH: 50] LEN: 12 | HEX: F9 77 FE F4 F6 70 96 FB 23 2C AF F5 | T:1647493 RPD:0
[CH: 50] LEN: 12 | HEX: F9 77 FE FD FE 73 D6 FF 94 AE BD F7 | T:1647504 RPD:1
[CH: 50] LEN: 12 | HEX: F9 77 FE F6 F5 70 96 FF 23 2C AF FF | T:1647505 RPD:0
[CH: 50] LEN: 12 | HEX: F9 77 BD F5 FE 73 96 EB 54 AE AB FF | T:1647516 RPD:1
[CH: 50] LEN: 12 | HEX: F1 77 FE FA FE 70 96 FF 23 2C BF FD | T:1647527 RPD:1
[CH: 50] LEN: 12 | HEX: F9 77 DE FD EA 73 96 FF 14 AE AF ED | T:1647528 RPD:0
[CH: 50] LEN: 12 | HEX: F9 77 FE FA FC 70 96 FF 23 2C AF BF | T:1647539 RPD:1
[CH: 50] LEN: 12 | HEX: F9 77 FD FD FE 73 96 FB 54 AE BF FB | T:1647539 RPD:0
[CH: 50] LEN: 12 | HEX: F9 77 FD F6 F4 70 96 FF 23 2C BF D4 | T:1647550 RPD:1
[CH: 50] LEN: 12 | HEX: E9 77 5C FD EE 73 96 FF 54 AE BC FF | T:1647562 RPD:1
[CH: 50] LEN: 12 | HEX: F9 77 DC FE FE 70 96 FF 23 2C AB DE | T:1647562 RPD:0
[CH: 50] LEN: 12 | HEX: F9 77 FC FD FE 73 96 FB 14 AE AB FF | T:1647573 RPD:1
[CH: 50] LEN: 12 | HEX: F9 77 FD F9 FE 73 96 FF 94 AE AF BF | T:1647574 RPD:0
[CH: 50] LEN: 12 | HEX: F1 77 FD F6 F4 70 96 FF 23 2C AF FD | T:1647585 RPD:1
[CH: 50] LEN: 12 | HEX: F9 77 FD FD FE 73 96 FF 14 AE AF D3 | T:1647596 RPD:1
[CH: 50] LEN: 12 | HEX: F1 77 BE F5 F5 70 96 EE 23 2C BF BB | T:1647596 RPD:0
[CH: 50] LEN: 12 | HEX: F9 77 FF FE FE 70 96 FF 23 2C AA FF | T:1647608 RPD:1
[CH: 50] LEN: 12 | HEX: F1 77 BA F6 FE 70 96 FD 23 2C AF FE | T:1647608 RPD:0
[CH: 50] LEN: 12 | HEX: F9 77 DD FD FE 73 96 FF 94 AE BF FF | T:1647619 RPD:1
[CH: 50] LEN: 12 | HEX: F9 77 FE ED F6 70 96 FF 23 2C BF 77 | T:1647620 RPD:0
[CH: 50] LEN: 12 | HEX: F9 77 FE FB FE 73 96 FF 94 AE AE F7 | T:1647631 RPD:1
[CH: 50] LEN: 12 | HEX: F1 77 7A FE FA 70 96 FF 23 2C BF DB | T:1647642 RPD:1
[CH: 50] LEN: 12 | HEX: F1 77 BB FD EC 73 96 FF 94 AE BD FB | T:1647642 RPD:0
[CH: 50] LEN: 12 | HEX: F1 77 FE FE FE 70 96 FF 23 2C AD DE | T:1647654 RPD:1
[CH: 50] LEN: 12 | HEX: F1 77 AE FD FE 70 96 F7 23 2C BD FF | T:1647654 RPD:0
[CH: 50] LEN: 12 | HEX: F9 77 AF FD F6 73 96 FF 94 AE BB EE | T:1647665 RPD:1
[CH: 50] LEN: 12 | HEX: F1 77 B5 FB FA 73 96 F7 94 AE BF FF | T:1647677 RPD:1
[CH: 50] LEN: 12 | HEX: F1 77 75 F6 F6 70 96 FF 23 2C BF F7 | T:1647677 RPD:0
[CH: 50] LEN: 12 | HEX: F9 77 FB EB DC 73 96 F7 94 AE BF DF | T:1647688 RPD:1
[CH: 50] LEN: 12 | HEX: F9 77 FF EB F6 73 96 FB 94 AE AF FF | T:1647688 RPD:0
[CH: 50] LEN: 12 | HEX: F9 77 FB FE F6 70 96 FF 23 2C AF FB | T:1647700 RPD:1
[CH: 50] LEN: 12 | HEX: F9 77 FE F5 F6 73 96 FF 94 AE AE FE | T:1647700 RPD:0
[CH: 50] LEN: 12 | HEX: F1 77 FA FE FE 70 96 FF 23 2C AF FF | T:1647711 RPD:1
[CH: 50] LEN: 12 | HEX: F9 77 BB FD EC 73 96 FF 14 AE AF FB | T:1647722 RPD:1
[CH: 50] LEN: 12 | HEX: F1 77 FB F5 FE 70 96 F6 23 2C BB F7 | T:1647723 RPD:0
[CH: 50] LEN: 12 | HEX: F9 77 FD F9 FE 73 96 FF 54 AE AF FF | T:1647734 RPD:1
[CH: 50] LEN: 12 | HEX: F1 77 EE EA FB 70 96 F7 23 2C AB FB | T:1647734 RPD:0
[CH: 50] LEN: 12 | HEX: F1 77 FA FD FE 73 96 FD 94 AE AB FF | T:1647746 RPD:1
[CH: 50] LEN: 12 | HEX: F9 77 D4 FE FE 70 96 FB 23 2C BE BF | T:1647757 RPD:1
[CH: 50] LEN: 12 | HEX: F9 77 DA FD FE 73 96 F7 14 AE BF FF | T:1647757 RPD:0
[CH: 50] LEN: 12 | HEX: F5 77 B4 EC F5 70 96 FE 23 2C BB FF | T:1647768 RPD:1
[CH: 50] LEN: 12 | HEX: F1 77 DD FD FE 70 96 FF 23 2C BF DB | T:1647769 RPD:0
[CH: 50] LEN: 12 | HEX: F1 77 FD FF EE 73 96 F7 94 AE AF FF | T:1647780 RPD:1
[CH: 50] LEN: 12 | HEX: F9 77 DC FE FE 70 96 FF 23 2C AF FF | T:1647791 RPD:1
[CH: 50] LEN: 12 | HEX: F1 77 DE FD FE 73 96 F7 94 AE AF 6F | T:1647792 RPD:0
[CH: 50] LEN: 12 | HEX: F1 77 FD EE FE 74 96 FF 23 2C BF FD | T:1647803 RPD:1
[CH: 50] LEN: 12 | HEX: F9 77 F4 FE FE 70 96 F7 23 2C BB FF | T:1647803 RPD:0
[CH: 50] LEN: 12 | HEX: F1 77 DC F5 FE 73 96 FF 94 AE AE AF | T:1647814 RPD:1
[CH: 50] LEN: 12 | HEX: F9 77 DE FD D6 73 96 F7 14 AE BF DF | T:1647815 RPD:0
[CH: 50] LEN: 12 | HEX: F9 77 FC F6 F6 78 96 FF 23 2C AF FE | T:1647826 RPD:1
[CH: 50] LEN: 12 | HEX: F9 77 FE FD FE 73 96 FF 94 AE BB FB | T:1647837 RPD:1
[CH: 50] LEN: 12 | HEX: F1 77 59 FA FE 70 96 FF 23 2C B5 FF | T:1647838 RPD:0
[CH: 50] LEN: 12 | HEX: F9 77 FE FD FE 73 96 EF 94 AE BF EF | T:1647849 RPD:1
[CH: 50] LEN: 12 | HEX: F1 77 DC F5 FE 73 96 FF D4 AE BE BB | T:1647849 RPD:0
[CH: 50] LEN: 12 | HEX: F9 77 FE FF FE 70 96 FF 23 2C BF FF | T:1647860 RPD:1
[CH: 50] LEN: 12 | HEX: F1 77 78 F9 FD 73 D6 F7 14 AE AB FF | T:1647872 RPD:1
[CH: 50] LEN: 12 | HEX: F9 77 FE FA FE 70 96 FF 23 2C BF FE | T:1647872 RPD:0
[CH: 50] LEN: 12 | HEX: F9 77 DC FE F6 70 96 EF 23 2C AB FB | T:1647883 RPD:1
[CH: 50] LEN: 12 | HEX: F1 77 EE FE FC 70 96 F5 23 2C BF ED | T:1647884 RPD:0
[CH: 50] LEN: 12 | HEX: F1 77 D6 FD EE 73 96 F7 54 AE BB 6E | T:1647895 RPD:1
[CH: 50] LEN: 12 | HEX: F9 77 BC FE FE 70 96 FE 23 2C AD EF | T:1647895 RPD:0
[CH: 50] LEN: 12 | HEX: F9 77 F5 F5 FE 73 96 FF 94 AE BF FA | T:1647906 RPD:1
[CH: 50] LEN: 12 | HEX: F1 77 FE FE FC 70 96 FB 23 2C AF BF | T:1647918 RPD:1
[CH: 50] LEN: 12 | HEX: F9 77 FE FD FE 73 96 FF 94 AE BF F7 | T:1647918 RPD:1
[CH: 50] LEN: 12 | HEX: F9 77 F6 FE FE 70 96 FF 23 2C AD DF | T:1647929 RPD:1
[CH: 50] LEN: 12 | HEX: F9 77 5A E9 DA 73 96 FF 14 AE AF DE | T:1647929 RPD:0
[CH: 50] LEN: 12 | HEX: F1 77 FE FE F6 70 96 FF 23 2C AF FF | T:1647941 RPD:1
[CH: 50] LEN: 12 | HEX: F9 77 FD FD EC 73 96 EF 14 AE AF FF | T:1647952 RPD:1
[CH: 50] LEN: 12 | HEX: F9 77 FD FE FE 70 96 FF 23 2C BE FB | T:1647952 RPD:0
[CH: 50] LEN: 12 | HEX: F9 77 DC F5 FE 73 96 F6 94 AE BD EF | T:1647964 RPD:1
[CH: 50] LEN: 12 | HEX: F1 77 FF FD FE 73 96 EF 54 AE AA E7 | T:1647964 RPD:0
[CH: 50] LEN: 12 | HEX: F9 77 FF FE FE 70 96 FF 23 2C BF FF | T:1647975 RPD:1
[CH: 50] LEN: 12 | HEX: F1 77 F5 F5 EE 73 96 FB 14 AE AF FA | T:1647986 RPD:1
[CH: 50] LEN: 12 | HEX: F9 77 FF FC FA 70 96 FF 23 2C AB DF | T:1647987 RPD:0
[CH: 50] LEN: 12 | HEX: F1 77 FB F9 DE 73 B6 FF 14 AF BD BF | T:1647998 RPD:1
[CH: 50] LEN: 12 | HEX: F9 77 DE FE FE 70 96 FF 23 2C AF 7F | T:1647998 RPD:0
[CH: 50] LEN: 12 | HEX: F1 77 FE F5 FE 73 96 FF 94 AE AF FF | T:1648010 RPD:1
[CH: 50] LEN: 12 | HEX: F1 77 58 F4 F6 70 96 FF 23 2C BB EF | T:1648010 RPD:0
[CH: 50] LEN: 12 | HEX: F9 77 FE FD FE 73 96 FF 94 AE BF F5 | T:1648021 RPD:1
[CH: 50] LEN: 12 | HEX: F1 77 BE FE FE 70 96 FF 23 2C BE DB | T:1648032 RPD:1
[CH: 50] LEN: 12 | HEX: F1 77 7B F5 FE 73 96 FF 94 AE AD FB | T:1648033 RPD:0
[CH: 50] LEN: 12 | HEX: F9 77 7A F5 F5 78 96 FF 23 2C BF FF | T:1648044 RPD:1
[CH: 50] LEN: 12 | HEX: F9 77 BA FE FE 70 96 FF 23 2C BF DE | T:1648044 RPD:0
[CH: 50] LEN: 12 | HEX: F9 77 FE FD FE 73 96 FF 94 AE BB AF | T:1648056 RPD:1
[CH: 50] LEN: 12 | HEX: F9 77 FD FA FA 70 96 FF 23 2C BF FF | T:1648067 RPD:1
[CH: 50] LEN: 12 | HEX: F9 77 79 FD FE 73 96 F6 54 AE BF FE | T:1648067 RPD:0
[CH: 50] LEN: 12 | HEX: F9 77 FE FE F4 70 96 FF 23 2C AE FF | T:1648078 RPD:1
[CH: 50] LEN: 12 | HEX: F9 77 FE FD FE 73 96 FF 94 AE BF FC | T:1648079 RPD:0
[CH: 50] LEN: 12 | HEX: F9 77 F9 FE ED 70 96 FB 23 2C AA F7 | T:1648090 RPD:1
[CH: 50] LEN: 12 | HEX: E9 77 FC F9 FA 73 96 FF 54 AE BF FF | T:1648090 RPD:0
[CH: 50] LEN: 12 | HEX: F9 77 FE FA FC 70 96 FF 23 2C BF BD | T:1648102 RPD:1
[CH: 50] LEN: 12 | HEX: F9 77 FE F9 FE 73 96 FF 94 AE BF FA | T:1648113 RPD:1
[CH: 50] LEN: 12 | HEX: F9 77 FB FE FE 70 96 FF 23 2C AD EF | T:1648113 RPD:0
[CH: 50] LEN: 12 | HEX: F9 77 FD FD FE 73 96 FF 14 AE AF FB | T:1648124 RPD:1
[CH: 50] LEN: 12 | HEX: F9 77 FE F9 FE 73 96 FF 94 AE BF BB | T:1648125 RPD:0
[CH: 50] LEN: 12 | HEX: F9 77 D4 FE FC 70 96 FF 23 2C AD FF | T:1648136 RPD:1
[CH: 50] LEN: 12 | HEX: F9 77 FD FE FE 70 96 F5 23 2C B7 AB | T:1648147 RPD:1
[CH: 50] LEN: 12 | HEX: F9 77 5D FD FE 73 96 F7 94 AE AB FF | T:1648148 RPD:0
[CH: 50] LEN: 12 | HEX: F9 77 FE FE FE 70 96 FB 23 2C AF DF | T:1648159 RPD:1
[CH: 50] LEN: 12 | HEX: F1 77 BE FE FE 70 96 FF 23 2C BF 7F | T:1648159 RPD:0
[CH: 50] LEN: 12 | HEX: F9 77 DE FD FE 73 96 FF 94 AE AF AE | T:1648170 RPD:1
[CH: 50] LEN: 12 | HEX: F1 77 FD FE FE 70 96 FD 23 2C AB FF | T:1648182 RPD:1
[CH: 50] LEN: 12 | HEX: F9 77 DC FD FE 73 96 FB 14 AE BD FF | T:1648182 RPD:0
[CH: 50] LEN: 12 | HEX: F9 77 D6 FE FE 70 96 FF 23 2C AF 5B | T:1648193 RPD:1
[CH: 50] LEN: 12 | HEX: F1 77 FE FC FA 70 96 EF 23 2C B5 7F | T:1648193 RPD:0
[CH: 50] LEN: 12 | HEX: F9 7F BA F9 FE 7B 96 FF 94 AE AB BE | T:1648205 RPD:1
[CH: 50] LEN: 12 | HEX: F9 77 FE FD FE 73 96 FF 94 AE B5 9D | T:1648205 RPD:0
[CH: 50] LEN: 12 | HEX: F1 77 D6 FE EE 70 96 FB 23 2C BF AB | T:1648216 RPD:1
[CH: 50] LEN: 12 | HEX: F9 77 FD F9 FE 73 D6 FF 94 AE AF BF | T:1648228 RPD:1
[CH: 50] LEN: 12 | HEX: F9 77 EE FE FE 70 96 FF 23 2C AF FF | T:1648228 RPD:0
[CH: 50] LEN: 12 | HEX: F9 77 FF FD F6 73 96 F7 94 AE BB AF | T:1648239 RPD:1
[CH: 50] LEN: 12 | HEX: F9 77 FE FD FE 73 96 FD 94 AE BF 54 | T:1648239 RPD:0
[CH: 50] LEN: 12 | HEX: F1 77 FE FC FE 70 96 FF 23 2C BB 7F | T:1648251 RPD:1
[CH: 50] LEN: 12 | HEX: F9 77 DE F9 FE 73 96 F7 94 AE AF 7D | T:1648262 RPD:1
[CH: 50] LEN: 12 | HEX: F1 77 FD FE F6 70 96 FD A3 2C BD FA | T:1648262 RPD:0
[CH: 50] LEN: 12 | HEX: F9 77 FC F9 FE 73 96 FF 54 AE AB AF | T:1648274 RPD:1
[CH: 50] LEN: 12 | HEX: F9 77 FA FE F6 70 96 FF 23 2C BF F6 | T:1648274 RPD:0
[CH: 50] LEN: 12 | HEX: F1 77 EE FD FE 73 96 FB 14 AE BF FF | T:1648285 RPD:1
[CH: 50] LEN: 12 | HEX: F9 77 FE FE F6 70 96 FB 23 2C AF F3 | T:1648285 RPD:0
[CH: 50] LEN: 12 | HEX: F9 77 FE F5 FD 73 96 FF 94 AE AD F7 | T:1648297 RPD:1
[CH: 50] LEN: 12 | HEX: F9 77 EA FE FE 70 96 FF 23 2C BF F7 | T:1648308 RPD:1
[CH: 50] LEN: 12 | HEX: F9 77 FC FD FE 73 96 FF 94 AE B7 DD | T:1648308 RPD:0
[CH: 50] LEN: 12 | HEX: E9 77 DC F4 FE 70 96 FF 23 2C AF 5A | T:1648320 RPD:1
[CH: 50] LEN: 12 | HEX: F9 77 FE FE FE 70 96 FE 23 2C AD 6D | T:1648320 RPD:0
[CH: 50] LEN: 12 | HEX: F9 77 FE F9 FE 73 96 FF 94 AE AF BF | T:1648331 RPD:1
[CH: 50] LEN: 12 | HEX: F1 77 FE FE FE 70 96 FF 23 2C BF AF | T:1648342 RPD:1
[CH: 50] LEN: 12 | HEX: F5 77 DE FD FE 73 96 FA 94 AE BF FF | T:1648343 RPD:0
[CH: 50] LEN: 12 | HEX: F9 77 D6 F9 FC 73 96 FF 94 AE AF FD | T:1648354 RPD:1
[CH: 50] LEN: 12 | HEX: F9 77 FE FD FE 7B 96 FF 94 AE BF FD | T:1648354 RPD:0
[CH: 50] LEN: 12 | HEX: F1 77 F5 FC F6 70 96 FF A3 2C BD ED | T:1648366 RPD:1
[CH: 50] LEN: 12 | HEX: F9 77 FE FD FE 73 96 FF 94 AE BD 5B | T:1648377 RPD:1
[CH: 50] LEN: 12 | HEX: F1 77 F5 FA F6 70 96 FF 23 2C AD F7 | T:1648377 RPD:0
[CH: 50] LEN: 12 | HEX: F9 77 FC FD FE 73 96 FF 94 AE BB FB | T:1648388 RPD:1
[CH: 50] LEN: 12 | HEX: F9 77 F5 FD EE 73 96 FF 94 AE BA BF | T:1648389 RPD:1
[CH: 50] LEN: 12 | HEX: F9 77 FE FA F6 70 96 FF 23 2C BF 7B | T:1648400 RPD:1
[CH: 50] LEN: 12 | HEX: F9 77 BF FD FE 73 96 F7 14 AE BF DF | T:1648400 RPD:0
[CH: 50] LEN: 12 | HEX: F1 77 DE FE FC 70 96 FF 23 2C BF 7E | T:1648411 RPD:1
[CH: 50] LEN: 12 | HEX: F9 77 FD FE FE 70 96 FB 23 2C BF 7F | T:1648423 RPD:1
[CH: 50] LEN: 12 | HEX: E9 77 FE F9 FE 73 96 FF 94 AE AF D7 | T:1648423 RPD:0
[CH: 50] LEN: 12 | HEX: F9 77 FC FE F4 70 96 FF 23 2C BF ED | T:1648434 RPD:1
[CH: 50] LEN: 12 | HEX: F9 77 BB FE FA 70 96 FF 23 2C BF 7D | T:1648435 RPD:0
[CH: 50] LEN: 12 | HEX: F9 77 AC F9 FE 73 96 FD 14 AE BF FD | T:1648446 RPD:1
[CH: 50] LEN: 12 | HEX: F9 7F FE FA F6 70 96 EF 23 2C BE FF | T:1648457 RPD:1
[CH: 50] LEN: 12 | HEX: F9 77 FE F9 FE 73 96 FF 94 AE BF FB | T:1648457 RPD:1
[CH: 50] LEN: 12 | HEX: F1 77 FD FE F4 70 96 FA 23 2C BB FB | T:1648469 RPD:1
[CH: 50] LEN: 12 | HEX: F1 77 FE FD FE 73 96 FF 94 AE AB FF | T:1648469 RPD:0
[CH: 50] LEN: 12 | HEX: F1 77 FD FA F4 70 96 F7 23 2C BF FB | T:1648480 RPD:1
[CH: 50] LEN: 12 | HEX: F9 7F FC F9 FE 73 96 FF 94 AE BE FE | T:1648481 RPD:0
[CH: 50] LEN: 12 | HEX: F9 77 FE FE F4 70 96 FF 23 2C BB DF | T:1648492 RPD:1
[CH: 50] LEN: 12 | HEX: F9 77 DD FD EA 73 96 FB 94 AE BD FF | T:1648503 RPD:1
[CH: 50] LEN: 12 | HEX: F1 77 DE FE F4 70 96 FF 23 2C AE EB | T:1648503 RPD:0
[CH: 50] LEN: 12 | HEX: F1 77 FE FD FE 73 96 FB 94 AE BF 5F | T:1648515 RPD:1
[CH: 50] LEN: 12 | HEX: F9 77 FE F9 FE 73 96 FF 94 AE BF FF | T:1648515 RPD:0
[CH: 50] LEN: 12 | HEX: F1 77 FB FE F6 70 96 EF A3 2C BF 7D | T:1648526 RPD:1
[CH: 50] LEN: 12 | HEX: F1 77 BF FD FE 73 96 FF 94 AE BD DB | T:1648538 RPD:1
[CH: 50] LEN: 12 | HEX: F9 77 DE FE FE 70 96 FF 23 2C BF EF | T:1648538 RPD:0
[CH: 50] LEN: 12 | HEX: F1 77 FE FD F6 73 96 FF 14 AE BF FE | T:1648549 RPD:1
[CH: 50] LEN: 12 | HEX: F9 77 FE FE FE 70 96 FF 23 2C AE FF | T:1648549 RPD:0
[CH: 50] LEN: 12 | HEX: F1 77 FE F5 FE 73 96 F5 14 AE AF FF | T:1648561 RPD:1
[CH: 50] LEN: 12 | HEX: F9 77 FE FE FE 70 96 FF 23 2C BF FF | T:1648572 RPD:1
[CH: 50] LEN: 12 | HEX: F9 77 FE FD FE 73 96 F7 94 AE BF 7D | T:1648572 RPD:0
[CH: 50] LEN: 12 | HEX: F1 77 FE F4 F5 70 96 FA 23 2C BE BF | T:1648584 RPD:1
[CH: 50] LEN: 12 | HEX: F9 77 FE FE FA 70 96 FF 23 2C BF FE | T:1648584 RPD:0
[CH: 50] LEN: 12 | HEX: F9 77 FE FD FA 73 96 FF 94 AE AE BC | T:1648595 RPD:1
[CH: 50] LEN: 12 | HEX: F1 77 BE FE FE 70 96 FF 23 2C BF FF | T:1648595 RPD:1
[CH: 50] LEN: 12 | HEX: F9 77 EA FE FE 70 96 FD 23 2C AB BB | T:1648607 RPD:1
[CH: 50] LEN: 12 | HEX: F9 77 FE FD FE 73 96 FF 94 AE BF FB | T:1648618 RPD:1
[CH: 50] LEN: 12 | HEX: F1 77 DE FE FE 70 96 FB 23 2C AF F7 | T:1648618 RPD:0
[CH: 50] LEN: 12 | HEX: F9 77 FE FD EC 73 96 FF 94 AE AF BE | T:1648629 RPD:1
[CH: 50] LEN: 12 | HEX: F9 77 FE F9 EE 73 96 FF 94 AE AF BF | T:1648630 RPD:0
[CH: 50] LEN: 12 | HEX: F9 77 FE FE FE 70 96 FF 23 2C BF FF | T:1648641 RPD:1
[CH: 50] LEN: 12 | HEX: F9 77 FF F9 FE 73 96 FB 94 AE AB BF | T:1648652 RPD:1
[CH: 50] LEN: 12 | HEX: F1 77 DC EE F6 70 96 F7 23 2C BF B5 | T:1648653 RPD:0
[CH: 50] LEN: 12 | HEX: F9 77 BC F9 EA 73 96 FF 94 AE AF DD | T:1648664 RPD:1
[CH: 50] LEN: 12 | HEX: F9 77 F5 F5 F6 7B 96 FF 94 AE AF DD | T:1648664 RPD:0
[CH: 50] LEN: 12 | HEX: F1 77 FE FE FE 70 96 FF 23 2C BF DF | T:1648675 RPD:1
[CH: 50] LEN: 12 | HEX: F9 77 FE FC FE 74 96 FF 23 2C BF F3 | T:1648676 RPD:0
[CH: 50] LEN: 12 | HEX: F1 77 FE FD FE 73 96 FF D4 AE A6 EE | T:1648687 RPD:1
[CH: 50] LEN: 12 | HEX: F1 77 FE FE FE 70 96 FF 23 2C BF FF | T:1648698 RPD:1
[CH: 50] LEN: 12 | HEX: F9 77 7E FE FE 70 96 FB 23 2C BB FE | T:1648699 RPD:0
[CH: 50] LEN: 12 | HEX: F9 77 FE FE FE 70 96 FF 23 2C BD FE | T:1648710 RPD:1
[CH: 50] LEN: 12 | HEX: F9 77 D6 FE FE 70 96 FF 23 2C AF FF | T:1648710 RPD:0
[CH: 50] LEN: 12 | HEX: F9 77 FE FD FE 73 96 FF 94 AE BB DB | T:1648721 RPD:1
[CH: 50] LEN: 12 | HEX: F9 77 FD FA FC 70 96 FF 23 2C BD BB | T:1648733 RPD:1
[CH: 50] LEN: 12 | HEX: F9 77 6E FD F4 73 96 FF 94 AE B7 FF | T:1648733 RPD:0
[CH: 50] LEN: 12 | HEX: F9 77 FE FE FE 70 96 F7 23 2C BF BF | T:1648744 RPD:1
[CH: 50] LEN: 12 | HEX: F9 77 FE FD F4 7B 96 FF 94 AE AB BD | T:1648745 RPD:0
[CH: 50] LEN: 12 | HEX: F1 77 FD FA F4 70 96 FF 23 2C AF D5 | T:1648756 RPD:1
[CH: 50] LEN: 12 | HEX: F9 77 B6 FD F6 73 96 FF 94 AE AF AF | T:1648767 RPD:1
[CH: 50] LEN: 12 | HEX: F1 77 FA FE FE 70 96 FF A3 2C BE F7 | T:1648767 RPD:0
[CH: 50] LEN: 12 | HEX: F1 77 FA FD FE 73 96 FF 94 AE AF FD | T:1648779 RPD:1
[CH: 50] LEN: 12 | HEX: F9 77 FD FD FE 73 D6 FF 94 AE AF DF | T:1648779 RPD:0
[CH: 50] LEN: 12 | HEX: F9 77 FE FE FE 70 96 FD 23 2C BF F0 | T:1648790 RPD:1
[CH: 50] LEN: 12 | HEX: F9 77 FE FD FE 73 96 FF 94 AE AF FF | T:1648790 RPD:0
[CH: 50] LEN: 12 | HEX: F1 77 FE EE FE 70 96 F7 23 2C AC FB | T:1648802 RPD:1
[CH: 50] LEN: 12 | HEX: F9 77 FE FD F6 73 96 F7 94 AE BF B7 | T:1648813 RPD:1
[CH: 50] LEN: 12 | HEX: F9 77 DE FE FE 70 96 FF 23 2C BF FD | T:1648813 RPD:0
[CH: 50] LEN: 12 | HEX: F1 77 AC FA FE 70 96 FB 23 2C BF FF | T:1648825 RPD:1
[CH: 50] LEN: 12 | HEX: F9 77 FE FE FE 70 96 FF 23 2C BF FF | T:1648825 RPD:0
[CH: 50] LEN: 12 | HEX: F1 77 BE FD F6 73 96 FF 94 AE BF FE | T:1648836 RPD:1
[CH: 50] LEN: 12 | HEX: F9 77 FE FE FE 70 96 FF 23 2C BB ED | T:1648847 RPD:1
[CH: 50] LEN: 12 | HEX: F1 77 FE FD FE 73 96 FB 94 AE AD FF | T:1648848 RPD:0
[CH: 50] LEN: 12 | HEX: F9 77 DE FE FE 70 96 FF 23 2C BF FF | T:1648859 RPD:1
[CH: 50] LEN: 12 | HEX: F9 77 FD FE FE 78 96 FF 23 2C AF FF | T:1648859 RPD:0
[CH: 50] LEN: 12 | HEX: F9 77 ED FD F6 73 96 F6 94 AE BF BF | T:1648871 RPD:1
[CH: 50] LEN: 12 | HEX: F9 77 FD FE FE 70 96 FF 23 2C AD FB | T:1648871 RPD:0
[CH: 50] LEN: 12 | HEX: F1 77 FE FD FE 73 96 FF 94 AE A7 FB | T:1648882 RPD:1
[CH: 50] LEN: 12 | HEX: F9 77 FB FD FE 73 96 FF 94 AE B7 FD | T:1648893 RPD:1
[CH: 50] LEN: 12 | HEX: F1 77 FD F6 FE 70 96 FF 23 2C BF FA | T:1648894 RPD:0
[CH: 50] LEN: 12 | HEX: F9 77 FE FD FE 73 96 FF 94 AE BF EF | T:1648905 RPD:1
[CH: 50] LEN: 12 | HEX: F9 77 FE FD FE 73 96 FF 94 AE BF FF | T:1648905 RPD:0
[CH: 50] LEN: 12 | HEX: F9 77 FE FE FE 70 96 FF 23 2C AD BF | T:1648917 RPD:1
[CH: 50] LEN: 12 | HEX: F9 77 FE FD FE 73 96 FF 94 AE AF A7 | T:1648928 RPD:1
[CH: 50] LEN: 12 | HEX: F1 77 FD FE F4 70 96 FF 23 2C AE FB | T:1648928 RPD:1
[CH: 50] LEN: 12 | HEX: F9 77 EE FD FE 73 96 FF 94 AE BE FF | T:1648939 RPD:1
[CH: 50] LEN: 12 | HEX: F9 77 DE FE FA 70 96 FF 23 2C BF BB | T:1648940 RPD:0
[CH: 50] LEN: 12 | HEX: F9 77 FE FD F4 73 96 FF 94 AE BF 77 | T:1648951 RPD:1
[CH: 50] LEN: 12 | HEX: F9 77 7E F6 F6 70 96 FA 23 2C BF FF | T:1648962 RPD:1
[CH: 50] LEN: 12 | HEX: F9 77 BD FD FE 73 96 FF 94 AE AB DF | T:1648963 RPD:0
[CH: 50] LEN: 12 | HEX: F9 77 BC FC FE 70 96 FF 23 2C AE FF | T:1648974 RPD:1
[CH: 50] LEN: 12 | HEX: F9 77 BD FE FE 70 96 FF 23 2C BF FF | T:1648974 RPD:0
[CH: 50] LEN: 12 | HEX: F9 77 FB F5 DE 73 96 F7 94 AE BD FE | T:1648985 RPD:1
[CH: 50] LEN: 12 | HEX: F1 77 FE FE FE 70 96 FF 23 2C AD FF | T:1648986 RPD:0
[CH: 50] LEN: 12 | HEX: F9 77 FA F9 FE 7B 96 FF 94 AE AB BF | T:1648997 RPD:1
[CH: 50] LEN: 12 | HEX: F1 77 FE FA F6 70 96 FF 23 2C B7 BD | T:1649008 RPD:1
[CH: 50] LEN: 12 | HEX: F9 77 ED FD FE 73 96 FF 54 AE AE EB | T:1649009 RPD:0
[CH: 50] LEN: 12 | HEX: F9 77 BD FE FE 70 96 FF 23 2C AF FD | T:1649020 RPD:1
[CH: 50] LEN: 12 | HEX: F9 77 FE FD EE 73 96 FF 94 AE B6 FF | T:1649020 RPD:0
[CH: 50] LEN: 12 | HEX: F1 77 5C F4 FE 70 96 FF 23 2C BF F6 | T:1649031 RPD:1
[CH: 50] LEN: 12 | HEX: F9 77 FE FD FE 73 96 FF 94 AE AD 77 | T:1649043 RPD:1
[CH: 50] LEN: 12 | HEX: F1 77 FF FE FE 70 96 FF 23 2C AF EE | T:1649043 RPD:0
[CH: 50] LEN: 12 | HEX: F1 77 FD FD FE 73 96 FF 94 AE BF FE | T:1649054 RPD:1
[CH: 50] LEN: 12 | HEX: F1 77 FE F9 FE 73 96 FF 94 AE AF BE | T:1649054 RPD:0
[CH: 50] LEN: 12 | HEX: F9 77 EE FA FE 70 96 FF 23 2C AF EB | T:1649066 RPD:1
[CH: 50] LEN: 12 | HEX: F9 77 FE FD FE 73 96 FF 94 AE AE BF | T:1649066 RPD:1
[CH: 50] LEN: 12 | HEX: F9 77 FE FA FE 70 96 FE 23 2C AF 77 | T:1649077 RPD:1
[CH: 50] LEN: 12 | HEX: F9 77 DC FE FA 70 96 FF 23 2C BB FB | T:1649089 RPD:1
[CH: 50] LEN: 12 | HEX: F9 77 FD F5 FE 73 96 FF 94 AE BF 7B | T:1649089 RPD:0
[CH: 50] LEN: 12 | HEX: F5 77 FF FE FE 70 96 FF 23 2C BF BF | T:1649100 RPD:1
[CH: 50] LEN: 12 | HEX: F9 77 FE FE FE 70 96 FF 23 2C BB 7F | T:1649100 RPD:0
[CH: 50] LEN: 12 | HEX: F9 77 FD FD EE 7B 96 EF 94 AE AD 3F | T:1649112 RPD:1
[CH: 50] LEN: 12 | HEX: F9 77 F6 FE FE 70 96 FF 23 2C AE DF | T:1649123 RPD:1
[CH: 50] LEN: 12 | HEX: F9 77 FB FD FE 73 96 FF 94 AE BF 2F | T:1649123 RPD:0
[CH: 50] LEN: 12 | HEX: F9 77 FE FE FE 70 96 FF 23 2C BF EF | T:1649135 RPD:1
[CH: 50] LEN: 12 | HEX: F9 77 FE FE FE 70 96 F6 23 2C BF DF | T:1649135 RPD:1
[CH: 50] LEN: 12 | HEX: F9 77 FE FB FE 73 96 FF 94 AE BF BD | T:1649146 RPD:1
[CH: 50] LEN: 12 | HEX: F9 77 BC FD FE 73 96 FF 94 AE BF FF | T:1649157 RPD:1
[CH: 50] LEN: 12 | HEX: F9 77 FE FE F6 70 96 FF 23 2C B7 F7 | T:1649158 RPD:0
[CH: 50] LEN: 12 | HEX: F1 77 FA FD FE 73 96 FF 94 AF BD CD | T:1649169 RPD:1
[CH: 50] LEN: 12 | HEX: F1 77 FE FD FE 73 96 FF 94 AE BB FF | T:1649169 RPD:0
[CH: 50] LEN: 12 | HEX: F9 77 FE FE FE 70 96 FF 23 2C AF FF | T:1649181 RPD:1
[CH: 50] LEN: 12 | HEX: F9 77 DE F5 FE 73 96 FF 54 AE AB FB | T:1649181 RPD:0
[CH: 50] LEN: 12 | HEX: F9 77 7B FE F4 70 96 F7 23 2C B6 EF | T:1649192 RPD:1
[CH: 50] LEN: 12 | HEX: F9 77 FE FD FC 73 96 FF 54 AE AF FB | T:1649203 RPD:1
[CH: 50] LEN: 12 | HEX: F9 77 BF FE FE 70 96 F5 23 2C B7 DF | T:1649204 RPD:0
[CH: 50] LEN: 12 | HEX: F1 77 FA FD F6 73 96 FF 94 AE AF F7 | T:1649215 RPD:1
[CH: 50] LEN: 12 | HEX: F9 77 EE FE FE 70 96 FF 23 2C BF FE | T:1649215 RPD:0
[CH: 50] LEN: 12 | HEX: F1 77 FE FD FE 73 96 FF 94 AE BF C9 | T:1649227 RPD:1
[CH: 50] LEN: 12 | HEX: F1 77 DE FE F6 70 96 FF 23 2C BF 7F | T:1649238 RPD:1
[CH: 50] LEN: 12 | HEX: F9 77 FE FD F6 73 96 FB 14 AE AF FF | T:1649238 RPD:0
[CH: 50] LEN: 12 | HEX: F1 77 DE FE FE 70 96 FA 23 2C B5 FF | T:1649249 RPD:1
[CH: 50] LEN: 12 | HEX: F9 77 FE FC FE 70 96 FF 23 2C AF FF | T:1649250 RPD:0
[CH: 50] LEN: 12 | HEX: F9 77 FE FD F4 73 96 FF 94 AE BD D5 | T:1649261 RPD:1
[CH: 50] LEN: 12 | HEX: F9 77 FE FE FE 70 96 FF 23 2C AE EB | T:1649261 RPD:0
[CH: 50] LEN: 12 | HEX: F9 77 FE FD FE 73 B6 FF 94 AE AF FE | T:1649272 RPD:1
[CH: 50] LEN: 12 | HEX: F9 77 FE FE EE 70 96 FF 23 2C BF BF | T:1649284 RPD:1
[CH: 50] LEN: 12 | HEX: F1 77 DE FD EE 73 96 FF 94 AE BD FF | T:1649284 RPD:0
[CH: 50] LEN: 12 | HEX: F9 77 FE F9 F4 73 96 FF 94 AE BE FF | T:1649295 RPD:1
[CH: 50] LEN: 12 | HEX: F9 77 FE FD FE 73 96 FD 54 AE BF B7 | T:1649296 RPD:0
[CH: 50] LEN: 12 | HEX: F9 77 FE FE FE 70 96 FF 23 2C BF FF | T:1649307 RPD:1
[CH: 50] LEN: 12 | HEX: F9 77 FE FD FC 73 96 FF 94 AE AD DB | T:1649318 RPD:1
[CH: 50] LEN: 12 | HEX: F1 77 FE FE FE 70 96 FF 23 2C BE FF | T:1649318 RPD:0
[CH: 50] LEN: 12 | HEX: F9 77 FB FD FE 73 96 FF 94 AE BF FB | T:1649330 RPD:1
[CH: 50] LEN: 12 | HEX: F9 77 FD F9 FE 73 96 BF 94 AE BD FF | T:1649330 RPD:0
[CH: 50] LEN: 12 | HEX: F9 7F 7E FE FE 70 96 F5 23 2C AF FB | T:1649341 RPD:1
[CH: 50] LEN: 12 | HEX: F9 77 FE FD EA 73 96 FF 94 AE AF 7A | T:1649353 RPD:1
[CH: 50] LEN: 12 | HEX: F9 77 FE FE FE 70 96 FB 23 2C BD DB | T:1649353 RPD:0
[CH: 50] LEN: 12 | HEX: F9 77 FE FE FC 70 96 FA 23 2C AF 6F | T:1649364 RPD:1
[CH: 50] LEN: 12 | HEX: F9 77 FE FE FE 70 96 FF 23 2C BD AE | T:1649364 RPD:0
[CH: 50] LEN: 12 | HEX: F9 77 BE FD FE 73 96 FF 94 AE BF 5B | T:1649376 RPD:1
[CH: 50] LEN: 12 | HEX: F1 77 FE FE FE 70 96 FF 23 2C AF FF | T:1649376 RPD:0
[CH: 50] LEN: 12 | HEX: F9 77 FE F9 FE 73 96 F7 D4 AE AE E9 | T:1649387 RPD:1
[CH: 50] LEN: 12 | HEX: F9 77 EC FE FE 70 96 FB 23 2C AF EF | T:1649399 RPD:1
[CH: 50] LEN: 12 | HEX: F9 77 5D FE F4 70 96 FF 23 2C BF FE | T:1649399 RPD:0
[CH: 50] LEN: 12 | HEX: F9 77 FD FE FC 70 96 FF 23 2C AB FD | T:1649410 RPD:1
[CH: 50] LEN: 12 | HEX: F9 77 FD FE FE 70 96 FF 23 2C BE FE | T:1649410 RPD:0
[CH: 50] LEN: 12 | HEX: F1 77 FD F9 FE 7B 96 FF 94 AE BF FE | T:1649422 RPD:1
[CH: 50] LEN: 12 | HEX: F1 77 FE FD FE 73 96 FF 94 AE AD 6F | T:1649433 RPD:1
[CH: 50] LEN: 12 | HEX: F1 77 EF FE FE 70 96 FF 23 2C B7 ED | T:1649433 RPD:0
[CH: 50] LEN: 12 | HEX: F9 77 EE FD FE 73 96 FF 94 AE AF 7B | T:1649445 RPD:1
[CH: 50] LEN: 12 | HEX: F9 77 FE FD FD 73 B6 FF 94 AE BB BF | T:1649445 RPD:0
[CH: 50] LEN: 12 | HEX: F9 77 FE FA F4 70 96 FF 23 2C AE FF | T:1649456 RPD:1
[CH: 50] LEN: 12 | HEX: F9 77 BD FD F6 73 96 FF 94 AE AF FE | T:1649456 RPD:0
[CH: 50] LEN: 12 | HEX: F1 77 FE F6 FA 70 96 FF 23 2C AD E5 | T:1649468 RPD:1
[CH: 50] LEN: 12 | HEX: F9 77 FE F9 FE 73 96 F7 14 AE BF FF | T:1649479 RPD:1
[CH: 50] LEN: 12 | HEX: F9 77 DB FC F6 70 96 FF A3 2C B5 EF | T:1649479 RPD:0
[CH: 50] LEN: 12 | HEX: E9 77 FB F9 EE 73 96 FF 94 AE AF DE | T:1649491 RPD:1
[CH: 50] LEN: 12 | HEX: F9 77 F6 FE FC 70 96 FF 23 2C AA DF | T:1649491 RPD:0
[CH: 50] LEN: 12 | HEX: F9 77 FE FD FE 73 96 FF 94 AE AF FE | T:1649502 RPD:1
[CH: 50] LEN: 12 | HEX: F5 77 FE FE FE 70 96 FF 23 2C BF FD | T:1649513 RPD:1
[CH: 50] LEN: 12 | HEX: F9 77 BE FD FE 73 96 FB 94 AE B7 FF | T:1649514 RPD:0
[CH: 50] LEN: 12 | HEX: F9 77 FD FE F6 70 96 FF A3 2C B7 EF | T:1649525 RPD:1
[CH: 50] LEN: 12 | HEX: F9 77 DE FE FE 70 96 FB 23 2C AF EA | T:1649525 RPD:0
[CH: 50] LEN: 12 | HEX: F1 7F BE F9 FE 73 96 FF 94 AE BF FF | T:1649536 RPD:1
[CH: 50] LEN: 12 | HEX: F9 77 FE FE FE 70 96 FF 23 2C AF 7F | T:1649548 RPD:1
[CH: 50] LEN: 12 | HEX: F9 77 FC FD EE 73 96 FF 94 AE AF BE | T:1649548 RPD:0
[CH: 50] LEN: 12 | HEX: F9 77 FE F4 FA 70 96 FF 23 2C BF FF | T:1649559 RPD:1
[CH: 50] LEN: 12 | HEX: F9 77 FE FD FE 73 96 FF 94 AE BF FF | T:1649560 RPD:0
[CH: 50] LEN: 12 | HEX: F1 77 7A FE FE 70 96 FB 23 2C AD FF | T:1649571 RPD:1
[CH: 50] LEN: 12 | HEX: F9 77 BE FD F6 73 96 FF 94 AE AF FF | T:1649571 RPD:0
[CH: 50] LEN: 12 | HEX: F9 77 FE FE FE 70 96 F5 23 2C AF FE | T:1649582 RPD:1
[CH: 50] LEN: 12 | HEX: F9 77 FE FD FC 73 96 FD 94 AE B7 FF | T:1649594 RPD:1
[CH: 50] LEN: 12 | HEX: F9 77 FD FE FA 70 96 FF 23 2C AD AF | T:1649594 RPD:0
[CH: 50] LEN: 12 | HEX: F9 77 FE FD EE 73 96 FF 94 AE AF DF | T:1649605 RPD:1
[CH: 50] LEN: 12 | HEX: F1 77 FE F5 FE 73 96 FF 94 AE BE FD | T:1649606 RPD:1
[CH: 50] LEN: 12 | HEX: F9 77 BD FE FA 70 96 F7 23 2C AF 7F | T:1649617 RPD:1
[CH: 50] LEN: 12 | HEX: F9 77 FE FE FE 70 96 FF 23 2C BF FA | T:1649628 RPD:1
[CH: 50] LEN: 12 | HEX: F9 77 FE FD EE 73 96 FB 94 AE BE FF | T:1649628 RPD:0
[CH: 50] LEN: 12 | HEX: F9 77 FE FA FE 70 96 F7 23 2C AF FF | T:1649640 RPD:1
[CH: 50] LEN: 12 | HEX: F9 77 FF FE FC 70 96 FF 23 2C BF 7F | T:1649640 RPD:0
[CH: 50] LEN: 12 | HEX: F1 77 BC F5 F6 73 96 FF 94 AE AB BE | T:1649651 RPD:1
[CH: 50] LEN: 12 | HEX: F9 77 DE FE FE 70 96 FF 23 2C BF FE | T:1649652 RPD:0
[CH: 50] LEN: 12 | HEX: F9 77 FE FD F5 73 96 FF 94 AE BF 2A | T:1649663 RPD:1
[CH: 50] LEN: 12 | HEX: F9 77 FE FD FC 70 96 FD 23 2C AF FB | T:1649674 RPD:1
[CH: 50] LEN: 12 | HEX: F9 77 DE FD EA 73 96 FF 94 AE BF FE | T:1649674 RPD:0
[CH: 50] LEN: 12 | HEX: F9 77 FE FA FE 70 96 FF 23 2C AD FF | T:1649686 RPD:1
[CH: 50] LEN: 12 | HEX: F9 77 FF F9 FE 73 96 FF 94 AE AF FD | T:1649686 RPD:0
[CH: 50] LEN: 12 | HEX: F9 77 EE FE FE 70 96 FF 23 2C AF EB | T:1649697 RPD:1
[CH: 50] LEN: 12 | HEX: F9 77 FE FD EA 73 96 FF 14 AE AF FB | T:1649709 RPD:1
[CH: 50] LEN: 12 | HEX: F1 77 FE FA F6 70 96 FF 23 2C BF DE | T:1649709 RPD:0
[CH: 50] LEN: 12 | HEX: F9 77 FE FD F6 73 96 FF 94 AE BF FF | T:1649720 RPD:1
[CH: 50] LEN: 12 | HEX: E9 77 FE FD FE 73 96 FF 94 AE AF FD | T:1649720 RPD:0
[CH: 50] LEN: 12 | HEX: F9 77 DD F5 FE 70 96 FF 23 2C BF 76 | T:1649732 RPD:1
[CH: 50] LEN: 12 | HEX: F1 77 BE F9 ED 77 96 FF 54 AE AF EF | T:1649743 RPD:1
[CH: 50] LEN: 12 | HEX: F1 77 DF FE FE 70 96 FF 23 2C AF 7D | T:1649743 RPD:0
[CH: 50] LEN: 12 | HEX: F9 77 BD F9 FE 73 96 FB 94 AE BF 55 | T:1649754 RPD:1
[CH: 50] LEN: 12 | HEX: F9 77 FC FE FE 70 96 F7 23 2C BF BF | T:1649755 RPD:0
[CH: 50] LEN: 12 | HEX: F9 77 DC FD EC 73 96 FD 14 AE AF 5B | T:1649766 RPD:1
[CH: 50] LEN: 12 | HEX: F1 77 FD FE EE 70 96 FF 23 2C BE FF | T:1649766 RPD:0
[CH: 50] LEN: 12 | HEX: F9 77 FC F5 FE 73 B6 FB 94 AE BB BF | T:1649778 RPD:1
[CH: 50] LEN: 12 | HEX: E9 77 FE FE F4 70 96 FF 23 2C BF FB | T:1649789 RPD:1
[CH: 50] LEN: 12 | HEX: F9 77 FE FD FE 73 96 FF 94 AE AF 57 | T:1649789 RPD:0
[CH: 50] LEN: 12 | HEX: F1 77 FB FE FE 70 96 FF A3 2C AB FF | T:1649800 RPD:1
[CH: 50] LEN: 12 | HEX: F9 77 FE FE FE 70 96 F5 23 2C BD F7 | T:1649801 RPD:0
[CH: 50] LEN: 12 | HEX: F9 77 FE FD FE 73 96 FF 94 AE BF FF | T:1649812 RPD:1
[CH: 50] LEN: 12 | HEX: F1 77 FE FE FA 70 96 FF 23 2C AE FF | T:1649823 RPD:1
[CH: 50] LEN: 12 | HEX: F9 77 FD F7 F5 73 96 FF 14 AE BE FE | T:1649824 RPD:0
[CH: 50] LEN: 12 | HEX: F9 77 FC F9 F4 73 96 FF 94 AE BF 7F | T:1649835 RPD:1
[CH: 50] LEN: 12 | HEX: F9 77 DC F5 FE 73 96 FF 14 AE BF F7 | T:1649835 RPD:0
[CH: 50] LEN: 12 | HEX: F9 77 FA FE EA 70 96 FA 23 2C AF BD | T:1649846 RPD:1
[CH: 50] LEN: 12 | HEX: F9 77 FE FD FE 7B 96 FF 94 AE BF FF | T:1649847 RPD:0
[CH: 50] LEN: 12 | HEX: F9 77 FA FE FE 70 96 FB 23 2C BF FF | T:1649858 RPD:1
[CH: 50] LEN: 12 | HEX: F9 77 F4 FD EA 73 96 FF 94 AE BF BF | T:1649869 RPD:1
[CH: 50] LEN: 12 | HEX: F1 77 F5 FE F4 70 96 FF 23 2C BB FD | T:1649870 RPD:0
[CH: 50] LEN: 12 | HEX: F9 77 BE F5 FE 73 96 FB 94 AE BF FB | T:1649881 RPD:1
[CH: 50] LEN: 12 | HEX: F9 77 FE F9 FE 73 96 FF 94 AE BF FF | T:1649881 RPD:0
[CH: 50] LEN: 12 | HEX: F9 77 DC FE FE 70 96 FF 23 2C AD B7 | T:1649892 RPD:1
[CH: 50] LEN: 12 | HEX: F9 77 FD FA FE 70 96 FF 23 2C BB BE | T:1649904 RPD:1
[CH: 50] LEN: 12 | HEX: F9 77 FC FD FE 73 96 FF 94 AE AB 76 | T:1649904 RPD:0
[CH: 50] LEN: 12 | HEX: F9 77 BC FE FE 70 96 FF 23 2C AE FF | T:1649915 RPD:1
[CH: 50] LEN: 12 | HEX: F9 77 F4 FE FE 70 96 F6 23 2C AF BF | T:1649916 RPD:0
[CH: 50] LEN: 12 | HEX: F9 77 FA F9 FE 73 96 FF 94 AE AF BF | T:1649927 RPD:1
[CH: 50] LEN: 12 | HEX: F1 77 DE F5 FE 70 96 FF 23 2C AD FB | T:1649938 RPD:1
[CH: 50] LEN: 12 | HEX: F9 77 FE F5 D4 73 96 FF 54 AE BF FE | T:1649938 RPD:1
[CH: 50] LEN: 12 | HEX: F9 77 FD FE FE 70 96 F5 23 2C AF 7B | T:1649950 RPD:1
[CH: 50] LEN: 12 | HEX: F9 77 DF FD EE 73 96 FF 94 AE BF FF | T:1649950 RPD:0
[CH: 50] LEN: 12 | HEX: F9 77 FE FE FE 70 96 FF 23 2C AF FC | T:1649961 RPD:1
[CH: 50] LEN: 12 | HEX: F9 77 BE FD FE 73 96 FF 94 AE AD FD | T:1649961 RPD:0
[CH: 50] LEN: 12 | HEX: F9 77 FB F5 F6 70 96 FE A3 2C AE BF | T:1649973 RPD:1
[CH: 50] LEN: 12 | HEX: F1 77 FD F5 FC 73 96 FF 54 AE BF F7 | T:1649984 RPD:1
[CH: 50] LEN: 12 | HEX: F5 77 5A E5 EA 70 96 E2 23 2C AD FE | T:1649984 RPD:0
[CH: 50] LEN: 12 | HEX: F9 77 FE F9 FE 73 96 FF 94 AE AF FF | T:1649996 RPD:1
[CH: 50] LEN: 12 | HEX: F9 77 7B FD EE 7B 96 FF 94 AE BD FE | T:1649996 RPD:0
[CH: 50] LEN: 12 | HEX: F1 77 AA F5 F6 70 96 FE 23 2C AB CE | T:1650007 RPD:1
[CH: 50] LEN: 12 | HEX: F1 77 FE F5 FE 73 96 F7 94 AE BB FA | T:1650018 RPD:1
[CH: 50] LEN: 12 | HEX: F1 77 FE FE FE 70 96 FA A3 2C AF FF | T:1650019 RPD:0
[CH: 50] LEN: 12 | HEX: F9 77 AC FD FE 73 96 FF 94 AE BF BF | T:1650030 RPD:1
[CH: 50] LEN: 12 | HEX: F1 77 BE FE FE 70 96 FF 23 2C BF EF | T:1650030 RPD:0
[CH: 50] LEN: 12 | HEX: F9 77 FD F5 FE 73 96 FF 94 AE BF FD | T:1650042 RPD:1
[CH: 50] LEN: 12 | HEX: F9 77 7D F6 FE 70 96 FA 23 2C AB FF | T:1650042 RPD:0
[CH: 50] LEN: 12 | HEX: F9 77 DE FD FE 73 96 F5 14 AE AF 7F | T:1650053 RPD:1
[CH: 50] LEN: 12 | HEX: F1 77 FE F6 EE 70 96 FF 23 2C BF FA | T:1650064 RPD:1
[CH: 50] LEN: 12 | HEX: F9 77 FE FD F4 73 96 FF 94 AE BB 7B | T:1650065 RPD:0
[CH: 50] LEN: 12 | HEX: F9 77 DE FE FA 78 96 FF 23 2C BF AF | T:1650076 RPD:1
[CH: 50] LEN: 12 | HEX: F1 77 FE FE FA 70 96 F6 23 2C AF FE | T:1650076 RPD:1
[CH: 50] LEN: 12 | HEX: F1 77 FC FD DE 73 B6 EB 94 AE BA F7 | T:1650088 RPD:1
[CH: 50] LEN: 12 | HEX: F9 77 B6 F9 FE 7B 96 FF 94 AE AF E4 | T:1650099 RPD:1
[CH: 50] LEN: 12 | HEX: F1 77 FE FE F4 70 96 FF 23 2C AF FF | T:1650099 RPD:0
[CH: 50] LEN: 12 | HEX: F1 77 DE FD FE 73 96 F5 14 AE AF FF | T:1650110 RPD:1
[CH: 50] LEN: 12 | HEX: F9 77 DC F5 FE 73 96 FA 94 AE BB FD | T:1650111 RPD:0
[CH: 50] LEN: 12 | HEX: F1 77 DA FC FE 70 96 F7 23 2C BD DE | T:1650122 RPD:1
[CH: 50] LEN: 12 | HEX: F1 77 DD F5 FE 73 96 FF 54 AE BE FF | T:1650133 RPD:1
[CH: 50] LEN: 12 | HEX: F9 77 FD FE FE 70 96 FF 23 2C BF BF | T:1650134 RPD:0
[CH: 50] LEN: 12 | HEX: F1 77 BC FD FE 73 96 F7 14 AE AE AD | T:1650145 RPD:1
[CH: 50] LEN: 12 | HEX: F9 77 FA FD FE 73 96 FB 94 AE BB FB | T:1650145 RPD:0
[CH: 50] LEN: 12 | HEX: F1 77 FD FC FE 70 96 FB 23 2C BF 6F | T:1650156 RPD:1
[CH: 50] LEN: 12 | HEX: F1 77 FD F6 FE 70 96 FE 23 2C BF FF | T:1650157 RPD:0
[CH: 50] LEN: 12 | HEX: F1 77 7E F5 FE 73 96 FB 14 AE AB FD | T:1650168 RPD:1
[CH: 50] LEN: 12 | HEX: F1 77 AD FA F5 70 96 FB 23 2C AD 57 | T:1650179 RPD:1
[CH: 50] LEN: 12 | HEX: F5 77 FA FD FA 73 96 F7 54 AE AB AD | T:1650179 RPD:0
[CH: 50] LEN: 12 | HEX: F9 77 5E F6 FE 70 96 FE A3 2C AF FB | T:1650191 RPD:1
[CH: 50] LEN: 12 | HEX: F9 7F BD ED EE 70 96 FE A3 2C AE FF | T:1650191 RPD:0
[CH: 50] LEN: 12 | HEX: F9 77 BD F5 EE 73 96 FF 54 AE AF BB | T:1650202 RPD:1
[CH: 50] LEN: 12 | HEX: F9 77 FD FE FE 70 96 FF 23 2C AD FE | T:1650214 RPD:1
[CH: 50] LEN: 12 | HEX: F9 77 FE FD FC 73 96 F5 14 AE AE 7F | T:1650214 RPD:0
[CH: 50] LEN: 12 | HEX: F1 77 D4 FE FE 70 96 FF 23 2C BF FB | T:1650225 RPD:1
[CH: 50] LEN: 12 | HEX: F9 77 FE FD FE 73 96 F7 14 AE BF FE | T:1650225 RPD:0
[CH: 50] LEN: 12 | HEX: F1 77 AC FD F5 70 96 ED 23 2C AF F7 | T:1650237 RPD:1
[CH: 50] LEN: 12 | HEX: F9 77 DA FD FE 73 96 FF 54 AE BB FB | T:1650237 RPD:0
[CH: 50] LEN: 12 | HEX: F9 77 EE EC FE 70 96 F6 23 2C B6 FF | T:1650248 RPD:1
[CH: 50] LEN: 12 | HEX: F5 77 AC F9 FE 73 96 FF 94 AE BF FD | T:1650260 RPD:1
[CH: 50] LEN: 12 | HEX: F9 77 DD FE FE 70 96 FF 23 2C BF 7D | T:1650260 RPD:0
[CH: 50] LEN: 12 | HEX: F9 77 FA F5 FE 73 96 F7 54 AE BF F7 | T:1650271 RPD:1
[CH: 50] LEN: 12 | HEX: F5 77 BE FD FE 73 96 FF 94 AE AB 7D | T:1650271 RPD:0
[CH: 50] LEN: 12 | HEX: E9 77 5A FE FE 70 96 FA 23 2C AA FD | T:1650283 RPD:1
[CH: 50] LEN: 12 | HEX: F9 77 ED FD FE 73 96 F6 94 AE BD FF | T:1650294 RPD:1
[CH: 50] LEN: 12 | HEX: F1 77 5A FE FE 70 96 F7 23 2C AF FF | T:1650294 RPD:0
[CH: 50] LEN: 12 | HEX: F1 77 FE EE FE 70 96 FD 23 2C BD FB | T:1650306 RPD:1
[CH: 50] LEN: 12 | HEX: F5 77 B9 EE F6 70 96 EE A3 2C BD DF | T:1650306 RPD:0
[CH: 50] LEN: 12 | HEX: F9 77 DD FD EC 73 96 F7 94 AE AF FD | T:1650317 RPD:1
[CH: 50] LEN: 12 | HEX: F1 77 FB FA F6 70 96 FF 23 2C AB EB | T:1650328 RPD:1
[CH: 50] LEN: 12 | HEX: F1 77 FD FB FC 73 96 FF 54 AE AF FD | T:1650329 RPD:0
[CH: 50] LEN: 12 | HEX: E9 77 FE FE FC 70 96 EB 23 2C BF FF | T:1650340 RPD:1
[CH: 50] LEN: 12 | HEX: F1 77 BC FE F6 70 96 FE 23 2C BA EF | T:1650340 RPD:0
[CH: 50] LEN: 12 | HEX: F1 77 ED FD F6 73 96 FF 94 AE AF FF | T:1650352 RPD:1
[CH: 50] LEN: 12 | HEX: F9 77 74 FC F4 70 96 FF 23 2C BF ED | T:1650352 RPD:0
[CH: 50] LEN: 12 | HEX: F9 77 DD FD FE 73 96 FF 94 AE BE DF | T:1650363 RPD:1
[CH: 50] LEN: 12 | HEX: F1 77 D4 FD FE 7B 96 FF 54 AE BF 9F | T:1650374 RPD:1
[CH: 50] LEN: 12 | HEX: F9 77 BA F6 FE 70 96 FB 23 2C AB 7F | T:1650375 RPD:0
[CH: 50] LEN: 12 | HEX: F1 77 FD ED FE 73 96 ED 94 AE BF FD | T:1650386 RPD:1
[CH: 50] LEN: 12 | HEX: F9 77 FD FD FE 73 96 FF 94 AE BF DB | T:1650386 RPD:0
[CH: 50] LEN: 12 | HEX: F9 77 5E FE FE 70 96 EB 23 2C AF FF | T:1650398 RPD:1
[CH: 50] LEN: 12 | HEX: F1 77 FD FD FC 73 D6 EE 94 AE AF F7 | T:1650409 RPD:1
[CH: 50] LEN: 12 | HEX: F9 77 FA FE FE 70 96 FF 23 2C AF FF | T:1650409 RPD:1
[CH: 50] LEN: 12 | HEX: F9 77 FD F7 FD 73 96 FF 54 AE B7 EB | T:1650420 RPD:1
[CH: 50] LEN: 12 | HEX: F1 77 F9 FE FE 70 96 F7 23 2C BF FF | T:1650421 RPD:0
[CH: 50] LEN: 12 | HEX: F9 77 7E F7 FC 73 96 FB 94 AE AD ED | T:1650432 RPD:1
[CH: 50] LEN: 12 | HEX: F1 77 FC FE FA 70 96 FF 23 2C AB BF | T:1650432 RPD:0
[CH: 50] LEN: 12 | HEX: F9 77 FA F9 FA 73 96 FF 94 AE AD FF | T:1650443 RPD:1
[CH: 50] LEN: 12 | HEX: F1 77 BD FA FE 70 96 FF 23 2C BA FF | T:1650455 RPD:1
[CH: 50] LEN: 12 | HEX: F9 77 FC FD F6 73 96 FD 94 AE AF FF | T:1650455 RPD:0
[CH: 50] LEN: 12 | HEX: F9 77 B5 FD EC 73 96 FF 54 AE BD FF | T:1650466 RPD:1
[CH: 50] LEN: 12 | HEX: F1 77 FA FE F4 70 96 F7 23 2C BB 7D | T:1650467 RPD:0
[CH: 50] LEN: 12 | HEX: F9 77 BB F9 FE 73 96 F7 94 AE BF FF | T:1650478 RPD:1
[CH: 50] LEN: 12 | HEX: F1 77 FA FE FE 70 96 F7 23 2C BF FF | T:1650489 RPD:1
[CH: 50] LEN: 12 | HEX: F1 77 B8 FD FE 73 96 FB 94 AE AD F6 | T:1650489 RPD:0
[CH: 50] LEN: 12 | HEX: F1 77 FA EC FE 70 96 FB 23 2C AF EB | T:1650501 RPD:1
[CH: 50] LEN: 12 | HEX: F9 77 EE FD EE 73 96 FF 54 AE B7 DF | T:1650501 RPD:0
[CH: 50] LEN: 12 | HEX: F9 77 FB FE F6 70 96 FF 23 2C BF FE | T:1650512 RPD:1
[CH: 50] LEN: 12 | HEX: F9 77 FC E9 F6 73 96 FF 94 AE AB DE | T:1650524 RPD:1
[CH: 50] LEN: 12 | HEX: F1 77 BA FE FE 70 96 FE A3 2C BF EB | T:1650524 RPD:0
[CH: 50] LEN: 12 | HEX: F1 77 FD FD FE 73 96 FF 94 AE BF FB | T:1650535 RPD:1
[CH: 50] LEN: 12 | HEX: F9 77 DE F7 FE 73 96 FF D4 AE AD FF | T:1650535 RPD:0
[CH: 50] LEN: 12 | HEX: F1 77 FD FE F4 70 96 FB 23 2C BF D6 | T:1650547 RPD:1
[CH: 50] LEN: 12 | HEX: E9 77 FA FD F4 73 96 FA 94 AE BF 7F | T:1650547 RPD:1
[CH: 50] LEN: 12 | HEX: F9 77 7E FE FE 70 96 F7 23 2C AD BB | T:1650558 RPD:1
[CH: 50] LEN: 12 | HEX: F9 77 AE FE FE 70 96 FB 23 2C AF F5 | T:1650570 RPD:1
[CH: 50] LEN: 12 | HEX: F1 77 DB F5 EE 73 96 FF 94 AE BF BD | T:1650570 RPD:0
[CH: 50] LEN: 12 | HEX: F1 77 FA FC FE 70 96 FF 23 2C AF FF | T:1650581 RPD:1
[CH: 50] LEN: 12 | HEX: F9 77 ED FE FA 70 96 F7 23 2C BF FF | T:1650581 RPD:0
[CH: 50] LEN: 12 | HEX: F9 77 FD FD F6 73 96 FF 54 AE AF BF | T:1650593 RPD:1
[CH: 50] LEN: 12 | HEX: F5 77 DE FE FE 70 96 FF 23 2C BF FE | T:1650604 RPD:1
[CH: 50] LEN: 12 | HEX: F1 77 FA FB EA 73 96 FE D4 AE AB FF | T:1650604 RPD:0
[CH: 50] LEN: 12 | HEX: F9 77 BA FE F5 70 96 FA 23 2C BF FE | T:1650616 RPD:1
[CH: 50] LEN: 12 | HEX: F9 77 FD FB FE 70 96 EF 23 2C BF FF | T:1650616 RPD:0
[CH: 50] LEN: 12 | HEX: F9 77 DC FD FE 73 96 FF 94 AE BF FA | T:1650627 RPD:1
[CH: 50] LEN: 12 | HEX: F9 77 FD F5 EE 73 96 FF 94 AE AB EB | T:1650627 RPD:0
[CH: 50] LEN: 12 | HEX: F1 77 FA FE FC 70 96 F7 23 2C AF FF | T:1650639 RPD:1
[CH: 50] LEN: 12 | HEX: F1 77 FB F9 F6 73 96 FF 54 AA BA FD | T:1650650 RPD:1
[CH: 50] LEN: 12 | HEX: F1 77 FA F6 FA 70 96 FF 23 2C BF FF | T:1650650 RPD:0
[CH: 50] LEN: 12 | HEX: F9 77 BD FD FE 73 96 FE 94 AE AF BB | T:1650661 RPD:1
[CH: 50] LEN: 12 | HEX: F1 77 FA FD FD 73 96 F7 54 AF BD FF | T:1650662 RPD:0
[CH: 50] LEN: 12 | HEX: F1 77 FF FE F6 70 96 F7 23 2C AF 7F | T:1650673 RPD:1
[CH: 50] LEN: 12 | HEX: F9 77 FC FD EA 73 96 FF 54 AE AE B7 | T:1650684 RPD:1
[CH: 50] LEN: 12 | HEX: F9 77 FA FE FE 70 96 FF 23 2C B7 FF | T:1650685 RPD:0
[CH: 50] LEN: 12 | HEX: F9 77 FA F5 FE 73 96 FE 94 AE BE FF | T:1650696 RPD:1
[CH: 50] LEN: 12 | HEX: F9 77 FD FE FE 70 96 FF 23 2C AE B7 | T:1650696 RPD:0
[CH: 50] LEN: 12 | HEX: F9 77 F6 FD FE 73 96 F7 14 AE AF 7F | T:1650707 RPD:1
[CH: 50] LEN: 12 | HEX: F1 77 AD FE FE 70 96 FF 23 2C AE BD | T:1650719 RPD:1
[CH: 50] LEN: 12 | HEX: F1 77 FB FD FE 73 96 F5 94 AE AF 5F | T:1650719 RPD:0
[CH: 50] LEN: 12 | HEX: F1 77 BB FB FE 70 96 FF 23 2C BF F7 | T:1650730 RPD:1
[CH: 50] LEN: 12 | HEX: F9 77 AB FE F6 70 96 FF 23 2C BF 7E | T:1650731 RPD:0
[CH: 50] LEN: 12 | HEX: F9 77 FA FD EC 73 96 FF 94 AE AF F6 | T:1650742 RPD:1
[CH: 50] LEN: 12 | HEX: F1 77 FB FE FE 70 96 FF 23 2C BD 7F | T:1650742 RPD:0
[CH: 50] LEN: 12 | HEX: F9 77 BE FB FE 73 96 F7 14 AE BD 5B | T:1650753 RPD:1
[CH: 50] LEN: 12 | HEX: F1 77 FD FE F6 70 96 FE A3 2C BB FF | T:1650765 RPD:1
[CH: 50] LEN: 12 | HEX: F5 77 5E FD FC 73 96 FF 54 AE AF EF | T:1650765 RPD:0
[CH: 50] LEN: 12 | HEX: F9 77 DD F5 EA 73 96 F7 54 AE AF EF | T:1650776 RPD:1
[CH: 50] LEN: 12 | HEX: F9 77 FA F5 FE 73 96 FD 94 AE AE F7 | T:1650777 RPD:0
[CH: 50] LEN: 12 | HEX: F9 77 DE FE EE 70 96 FF 23 2C AC DF | T:1650788 RPD:1
[CH: 50] LEN: 12 | HEX: F9 77 FD FD FC 73 96 FF 54 AE AF FF | T:1650799 RPD:1
[CH: 50] LEN: 12 | HEX: F9 77 FD FC FE 70 96 F6 23 2C AF FF | T:1650799 RPD:0
[CH: 50] LEN: 12 | HEX: F9 77 FD FB EE 73 96 F7 94 AE AF 6F | T:1650811 RPD:1
[CH: 50] LEN: 12 | HEX: F1 77 F4 F5 FE 73 96 F7 54 AE BE F6 | T:1650811 RPD:0
[CH: 50] LEN: 12 | HEX: F1 77 AE F6 F6 70 96 F6 A3 2C AF FF | T:1650822 RPD:1
[CH: 50] LEN: 12 | HEX: F9 77 DC F9 EE 73 96 F7 14 AE AF B7 | T:1650823 RPD:0
[CH: 50] LEN: 12 | HEX: F9 77 BF FA FE 70 96 FF 23 2C BD 79 | T:1650834 RPD:1
[CH: 50] LEN: 12 | HEX: F1 77 FD FE F4 70 96 F7 23 2C AF FE | T:1650845 RPD:1
[CH: 50] LEN: 12 | HEX: F9 77 FE F7 FE 73 96 FF 54 AE BF FA | T:1650845 RPD:0
[CH: 50] LEN: 12 | HEX: F1 77 76 FE FE 70 96 FD A3 2C AD 4E | T:1650857 RPD:1
[CH: 50] LEN: 12 | HEX: F1 77 FC FE FE 70 96 FF 23 2C AF EB | T:1650857 RPD:0
[CH: 50] LEN: 12 | HEX: E9 77 AD FD FE 77 96 FF 54 AE BF FD | T:1650868 RPD:1
[CH: 50] LEN: 12 | HEX: F9 77 FB F4 FE 70 96 FF 23 2C B7 EF | T:1650880 RPD:1
[CH: 50] LEN: 12 | HEX: E9 77 FA FD F4 73 96 EB 54 AE BF BD | T:1650880 RPD:1
[CH: 50] LEN: 12 | HEX: F1 77 F9 FE F6 70 96 FA A3 2C AF DE | T:1650891 RPD:1
[CH: 50] LEN: 12 | HEX: F9 77 BA FE FD 70 96 FE 23 2C AF FF | T:1650891 RPD:0
[CH: 50] LEN: 12 | HEX: F9 77 ED FD FC 73 96 F7 54 AE AF FB | T:1650903 RPD:1
[CH: 50] LEN: 12 | HEX: F9 77 FD F5 EE 73 96 FF 94 AE AF 77 | T:1650914 RPD:1
[CH: 50] LEN: 12 | HEX: F1 77 F4 FE F6 70 96 FF 23 2C BF EE | T:1650914 RPD:0
[CH: 50] LEN: 12 | HEX: F9 77 FD FD F6 73 96 FA 94 AE AF FE | T:1650925 RPD:1
[CH: 50] LEN: 12 | HEX: F9 77 FE FD FE 73 96 FF 94 AE BF EF | T:1650926 RPD:0
[CH: 50] LEN: 12 | HEX: F1 77 BA FE FE 70 96 F7 23 2C BE BD | T:1650937 RPD:1
[CH: 50] LEN: 12 | HEX: F1 77 FD F5 FE 73 96 FF 14 AE AD FF | T:1650937 RPD:0
[CH: 50] LEN: 12 | HEX: F9 77 BE F6 EE 70 96 F7 23 2C BD B3 | T:1650949 RPD:1
[CH: 50] LEN: 12 | HEX: F9 77 FD FD EE 73 96 FD 94 AE BB FD | T:1650960 RPD:1
[CH: 50] LEN: 12 | HEX: F9 77 ED F9 FE 73 96 FF 54 AE BF FF | T:1650960 RPD:0
[CH: 50] LEN: 12 | HEX: F9 77 FF FD FC 73 96 FB 94 AE AF AF | T:1650971 RPD:1
[CH: 50] LEN: 12 | HEX: F1 77 FA FE F4 70 96 FE 23 2C AE FF | T:1650972 RPD:0
[CH: 50] LEN: 12 | HEX: F9 77 BA FD F6 73 96 F7 54 AE BF B4 | T:1650983 RPD:1
[CH: 50] LEN: 12 | HEX: F9 77 FB FE FE 70 96 FF 23 2C AF FE | T:1650994 RPD:1
[CH: 50] LEN: 12 | HEX: F9 77 DE FD FE 73 96 F7 14 AE BF FF | T:1650995 RPD:0
[CH: 50] LEN: 12 | HEX: F9 77 FD FE F6 70 96 FF 23 2C BB FE | T:1651006 RPD:1
[CH: 50] LEN: 12 | HEX: F1 77 BB FA FE 70 96 FF 23 2C BF DF | T:1651006 RPD:0
[CH: 50] LEN: 12 | HEX: F1 77 FF FB FE 73 96 FF 54 AE BF BF | T:1651017 RPD:1
[CH: 50] LEN: 12 | HEX: F9 77 FD F6 FE 70 96 FF 23 2C AB BD | T:1651018 RPD:1
[CH: 50] LEN: 12 | HEX: F1 77 FD F7 FE 73 96 FE D4 AE AF EF | T:1651029 RPD:1
[CH: 50] LEN: 12 | HEX: F1 77 FD FA FE 70 96 FB 23 2C B6 FF | T:1651040 RPD:1
[CH: 50] LEN: 12 | HEX: F1 77 FD FD FE 73 96 FF D4 AE BF EF | T:1651041 RPD:0
[CH: 50] LEN: 12 | HEX: F9 77 FD F9 EE 73 96 FF 14 AF BF FF | T:1651052 RPD:1
[CH: 50] LEN: 12 | HEX: F9 77 BD FD F4 73 96 FB 94 AE AF FF | T:1651052 RPD:0
[CH: 50] LEN: 12 | HEX: F1 77 BC FA FE 70 96 FB 23 2C BD D7 | T:1651063 RPD:1
[CH: 50] LEN: 12 | HEX: F1 7F FF FD FE 73 96 F7 94 AE B7 FF | T:1651075 RPD:1
[CH: 50] LEN: 12 | HEX: F9 7F DD FE FE 70 96 EB 23 2C AE FD | T:1651075 RPD:0
[CH: 50] LEN: 12 | HEX: F1 77 DA F5 FE 73 96 F7 54 AE AE EF | T:1651086 RPD:1
[CH: 50] LEN: 12 | HEX: F1 77 FD FD DD 73 96 FF 94 AE AF 6F | T:1651087 RPD:0
[CH: 50] LEN: 12 | HEX: F1 77 FB EE FE 70 96 F7 23 2C BF FF | T:1651098 RPD:1
[CH: 50] LEN: 12 | HEX: F5 77 FC F6 FE 70 96 EB 23 2C AB 7E | T:1651109 RPD:1
[CH: 50] LEN: 12 | HEX: F9 77 F4 FD EC 73 96 FF 54 AE AF AF | T:1651109 RPD:0
[CH: 50] LEN: 12 | HEX: F1 77 DD FE FE 70 96 EB 23 2C BD F7 | T:1651121 RPD:1
[CH: 50] LEN: 12 | HEX: F9 77 FB FA F6 70 96 EF 23 2C BF FF | T:1651121 RPD:0
[CH: 50] LEN: 12 | HEX: F1 77 FE F9 EE 73 96 FF D4 AE BF FF | T:1651132 RPD:1
[CH: 50] LEN: 12 | HEX: F9 77 FD FE FE 70 96 FF 23 2C AF FF | T:1651132 RPD:0
[CH: 50] LEN: 12 | HEX: F1 77 DD F5 EC 73 96 FF 94 AE BD DB | T:1651144 RPD:1
[CH: 50] LEN: 12 | HEX: F9 77 FE FC F6 70 96 F5 23 2C AF 4A | T:1651155 RPD:1
[CH: 50] LEN: 12 | HEX: F9 77 FD F5 FC 63 96 FF D4 AE BF 7F | T:1651155 RPD:0
[CH: 50] LEN: 12 | HEX: F1 77 BA EE FE 70 96 F7 23 2C BD FF | T:1651167 RPD:1
[CH: 50] LEN: 12 | HEX: F9 77 EA FD FE 73 96 F7 54 AE B7 76 | T:1651167 RPD:0
[CH: 50] LEN: 12 | HEX: F9 77 FD FA F4 70 96 F7 23 2C BF EA | T:1651178 RPD:1
[CH: 50] LEN: 12 | HEX: F9 77 D6 FD FE 73 96 FF 54 AE BB 77 | T:1651189 RPD:1
[CH: 50] LEN: 12 | HEX: F9 77 FD FE FE 70 96 FF 23 2C AF EE | T:1651190 RPD:0
[CH: 50] LEN: 12 | HEX: F5 77 BE FD F6 73 96 FF 54 AE AD FD | T:1651201 RPD:1
[CH: 50] LEN: 12 | HEX: F9 77 FA FD FE 73 96 F6 94 AE AA FB | T:1651201 RPD:0
[CH: 50] LEN: 12 | HEX: F1 77 BA F6 FA 70 96 F7 23 2C BF FE | T:1651213 RPD:1
[CH: 50] LEN: 12 | HEX: F9 77 FA FD FE 73 96 FF 94 AE AB 7F | T:1651213 RPD:0
[CH: 50] LEN: 12 | HEX: F9 77 FD FE EC 70 96 F7 23 2C BF AF | T:1651224 RPD:1
[CH: 50] LEN: 12 | HEX: F9 77 FF FD FE 73 96 FF 94 AE B7 FF | T:1651235 RPD:1
[CH: 50] LEN: 12 | HEX: F9 77 BD FE F4 70 96 FF 23 2C AB BE | T:1651236 RPD:0
[CH: 50] LEN: 12 | HEX: F1 77 BA FE FE 70 96 EE A3 2C BF FB | T:1651247 RPD:1
[CH: 50] LEN: 12 | HEX: F1 77 F5 FC F6 70 96 FF 23 2C AF FF | T:1651247 RPD:0
[CH: 50] LEN: 12 | HEX: F1 77 FE F5 F4 73 96 F7 94 AE BA DF | T:1651259 RPD:1
[CH: 50] LEN: 12 | HEX: F9 77 FD FA F6 70 96 EE A3 2C AF FF | T:1651270 RPD:1
[CH: 50] LEN: 12 | HEX: F1 77 BD F9 FE 73 96 F7 54 AE BF FF | T:1651270 RPD:0
[CH: 50] LEN: 12 | HEX: F9 77 AE F6 F6 70 96 FF 23 2C BF EF | T:1651281 RPD:1
[CH: 50] LEN: 12 | HEX: F1 77 DD FE FE 70 96 FF 23 2C BF 7B | T:1651282 RPD:0
[CH: 50] LEN: 12 | HEX: F1 77 B9 F5 F6 73 96 FF 54 AE AF EF | T:1651293 RPD:1
[CH: 50] LEN: 12 | HEX: F9 77 BA FE FE 70 96 FF 23 2C AF FF | T:1651304 RPD:1
[CH: 50] LEN: 12 | HEX: E9 77 F9 F5 FE 73 96 EF 54 AE AF BF | T:1651305 RPD:0
[CH: 50] LEN: 12 | HEX: F1 77 FD FD F6 73 96 FF 94 AE BF EA | T:1651316 RPD:1
[CH: 50] LEN: 12 | HEX: F1 77 BB F9 FE 73 96 F7 54 AE AF DC | T:1651316 RPD:0
[CH: 50] LEN: 12 | HEX: F1 77 BD FA F6 70 96 FF 23 2C BB FF | T:1651327 RPD:1
[CH: 50] LEN: 12 | HEX: F9 77 FA FD F4 73 96 FB 14 AE BF FA | T:1651328 RPD:0
[CH: 50] LEN: 12 | HEX: F1 77 FF FE FE 70 96 FB 23 2C AF FF | T:1651339 RPD:1
[CH: 50] LEN: 12 | HEX: F1 77 FD FE FC 70 96 FF 23 2C BF FB | T:1651350 RPD:1
[CH: 50] LEN: 12 | HEX: F1 77 5E E9 EE 73 96 FF 94 AE BF FF | T:1651350 RPD:0
[CH: 50] LEN: 12 | HEX: F1 77 AE F5 FC 73 96 FF 54 AE AB CE | T:1651362 RPD:1
[CH: 50] LEN: 12 | HEX: F9 77 F4 F9 EC 73 96 F5 94 AE BD 7F | T:1651362 RPD:0
[CH: 50] LEN: 12 | HEX: F9 77 BF FE FE 70 96 FF 23 2C BF 7F | T:1651373 RPD:1
[CH: 50] LEN: 12 | HEX: F9 77 FD F4 F4 70 96 FF 23 2C AB BF | T:1651385 RPD:1
[CH: 50] LEN: 12 | HEX: F9 77 FD FB EA 73 96 FF 54 AE AB FF | T:1651385 RPD:0
[CH: 50] LEN: 12 | HEX: F1 77 BD FE EE 70 96 FF 23 2C AE FB | T:1651396 RPD:1
[CH: 50] LEN: 12 | HEX: F1 77 FD F6 F6 70 96 FE 23 2C BB FD | T:1651396 RPD:0
[CH: 50] LEN: 12 | HEX: F9 77 FD FD F4 7B 96 F5 94 AE BF FF | T:1651408 RPD:1
[CH: 50] LEN: 12 | HEX: F9 77 B5 EE FE 70 96 FE 23 2C AF FD | T:1651408 RPD:0
[CH: 50] LEN: 12 | HEX: F9 77 FD FD EA 73 96 FF 94 AE AF FF | T:1651419 RPD:1
[CH: 50] LEN: 12 | HEX: F9 77 FD FB F6 70 96 FF 23 2C AB EF | T:1651431 RPD:1
[CH: 50] LEN: 12 | HEX: F9 77 FF F9 FE 73 96 F7 94 AE B7 FF | T:1651431 RPD:0
[CH: 50] LEN: 12 | HEX: F9 77 FA FE FE 70 96 FE 23 2C BD 55 | T:1651442 RPD:1
[CH: 50] LEN: 12 | HEX: F5 77 FD FB FE 73 96 FF D4 AE AF FF | T:1651442 RPD:0
[CH: 50] LEN: 12 | HEX: F1 77 7E FE FE 70 96 EE 23 2C BF EF | T:1651454 RPD:1
[CH: 50] LEN: 12 | HEX: F9 77 FA FD FD 73 96 FB 94 AE AF DB | T:1651465 RPD:1
[CH: 50] LEN: 12 | HEX: F9 77 FF FA FE 70 96 FF 23 2C BF 72 | T:1651465 RPD:0
[CH: 50] LEN: 12 | HEX: F9 77 FD F5 FE 73 96 FF 54 AE AD EF | T:1651477 RPD:1
[CH: 50] LEN: 12 | HEX: F9 77 FD FD FE 73 96 F7 54 AE AE BF | T:1651477 RPD:0
[CH: 50] LEN: 12 | HEX: F5 77 FD FE FE 70 96 FF 23 2C AA FD | T:1651488 RPD:1
[CH: 50] LEN: 12 | HEX: F9 77 BA FD FE 73 96 FF 54 AE AF FD | T:1651499 RPD:1
[CH: 50] LEN: 12 | HEX: F1 77 FA F4 FE 70 96 FF 23 2C BE BD | T:1651500 RPD:0
[CH: 50] LEN: 12 | HEX: F1 77 BE F5 EE 73 96 F5 14 AE BA FF | T:1651511 RPD:1
[CH: 50] LEN: 12 | HEX: F1 77 FC FE FE 70 96 FF 23 2C BF EF | T:1651511 RPD:0
[CH: 50] LEN: 12 | HEX: F9 7F BA FD F6 73 96 FF 54 AE BF 5E | T:1651523 RPD:1
[CH: 50] LEN: 12 | HEX: F1 77 FA FE FE 70 96 FF A3 2C AD DA | T:1651523 RPD:0
[CH: 50] LEN: 12 | HEX: F1 77 FA F5 FE 73 96 F7 94 AE AD DF | T:1651534 RPD:1
[CH: 50] LEN: 12 | HEX: F9 77 FD FE FE 70 96 FF 23 2C AF FB | T:1651545 RPD:1
[CH: 50] LEN: 12 | HEX: F1 77 FD FD FE 73 96 FF 54 AE AF FD | T:1651546 RPD:0
[CH: 50] LEN: 12 | HEX: F1 77 FC FE FD 70 96 FF 23 2C AF FE | T:1651557 RPD:1
[CH: 50] LEN: 12 | HEX: F9 77 FD FE F6 70 96 FB 23 2C AE F5 | T:1651557 RPD:1
[CH: 50] LEN: 12 | HEX: F1 77 DE FB FE 73 96 FF 54 AE AE DF | T:1651568 RPD:1
[CH: 50] LEN: 12 | HEX: F9 77 FF FB FE 73 96 FF 94 AE AF FF | T:1651580 RPD:1
[CH: 50] LEN: 12 | HEX: F9 77 DA F5 FE 70 96 FF 23 2C BF DE | T:1651580 RPD:0
[CH: 50] LEN: 12 | HEX: F1 77 BC ED FE 7B 96 FB 94 AE BE F8 | T:1651591 RPD:1
[CH: 50] LEN: 12 | HEX: F9 77 FD FD FE 73 96 FF 54 AE BD FF | T:1651592 RPD:0
[CH: 50] LEN: 12 | HEX: F1 77 FE FE F6 70 96 FF 23 2C AA FF | T:1651603 RPD:1
[CH: 50] LEN: 12 | HEX: F1 77 FA F9 FE 73 96 F5 94 AE AA FD | T:1651603 RPD:0
[CH: 50] LEN: 12 | HEX: F9 77 DE FE FE 70 96 FF 23 2C BA FF | T:1651614 RPD:1
[CH: 50] LEN: 12 | HEX: F9 77 BB F9 FE 73 96 F7 94 AE BF FF | T:1651626 RPD:1
[CH: 50] LEN: 12 | HEX: F9 77 DC FE FE 70 96 FF 23 2C AF FF | T:1651626 RPD:0
[CH: 50] LEN: 12 | HEX: F9 77 FA FB EA 73 96 FF 94 AE BF BD | T:1651637 RPD:1
[CH: 50] LEN: 12 | HEX: F9 77 FD F5 EC 73 96 FE D4 AE A7 FF | T:1651638 RPD:0
[CH: 50] LEN: 12 | HEX: F9 77 FF FE FE 70 96 FB 23 2C AF BF | T:1651649 RPD:1
[CH: 50] LEN: 12 | HEX: F1 77 F4 FE FE 70 96 F7 23 2C AF B5 | T:1651660 RPD:1
[CH: 50] LEN: 12 | HEX: F1 77 BF F9 FE 73 96 FF 94 AE AB FF | T:1651660 RPD:0
[CH: 50] LEN: 12 | HEX: E9 77 FE F6 FA 70 96 FF 23 2C BF B7 | T:1651672 RPD:1
[CH: 50] LEN: 12 | HEX: F1 77 FB FE F7 70 96 F7 23 2C BB FF | T:1651672 RPD:0
[CH: 50] LEN: 12 | HEX: F1 77 FF FD FE 73 96 FF 94 AE AF AE | T:1651683 RPD:1
[CH: 50] LEN: 12 | HEX: F9 77 51 EA D4 70 96 EA 23 2C B7 76 | T:1651695 RPD:1
[CH: 50] LEN: 12 | HEX: F1 77 BA F9 F4 73 96 EB 54 AE AD FE | T:1651695 RPD:0
[CH: 50] LEN: 12 | HEX: F1 77 FD FA FE 70 96 FB 23 2C BE DF | T:1651706 RPD:1
[CH: 50] LEN: 12 | HEX: F9 77 FC FD FE 73 96 FF 94 AE AF FF | T:1651706 RPD:0
[CH: 50] LEN: 12 | HEX: F1 77 AF FE FF 70 96 FF 23 2C AF FE | T:1651718 RPD:1
[CH: 50] LEN: 12 | HEX: F1 77 AA F5 FE 73 96 FD 94 AE AF BF | T:1651718 RPD:0
[CH: 50] LEN: 12 | HEX: F9 77 FC F6 F6 70 96 FE A3 2C BF FF | T:1651729 RPD:1
[CH: 50] LEN: 12 | HEX: F5 77 5D FD FE 73 96 FB 54 AE BF BF | T:1651741 RPD:1
[CH: 50] LEN: 12 | HEX: E9 7F BC FE FD 70 96 FF 23 2C AF DF | T:1651741 RPD:0
[CH: 50] LEN: 12 | HEX: F9 77 BD FD F6 73 96 FB 14 AE AF EF | T:1651752 RPD:1
[CH: 50] LEN: 12 | HEX: F9 77 F4 FD FE 73 96 FB 94 AE AD FD | T:1651752 RPD:0
[CH: 50] LEN: 12 | HEX: E9 7F BF FE FE 70 96 F7 23 2C AF AA | T:1651764 RPD:1
[CH: 50] LEN: 12 | HEX: F9 77 F5 F9 D6 73 96 EE 94 AE AE FD | T:1651775 RPD:1
[CH: 50] LEN: 12 | HEX: F1 77 FD FD FA 70 96 FF 23 2C BB F7 | T:1651775 RPD:0
[CH: 50] LEN: 12 | HEX: F9 77 FD FE FA 70 96 FF 23 2C AF FF | T:1651787 RPD:1
[CH: 50] LEN: 12 | HEX: F1 77 FA FE FE 70 96 FF 23 2C AD FD | T:1651787 RPD:0
[CH: 50] LEN: 12 | HEX: F1 77 FF FD FE 73 96 FF 54 AE BE B7 | T:1651798 RPD:1
[CH: 50] LEN: 12 | HEX: F9 77 FC FD F4 70 96 FF 23 2C AF B7 | T:1651798 RPD:0
[CH: 50] LEN: 12 | HEX: F1 77 B5 FD EE 73 96 F5 94 AE AF 7F | T:1651810 RPD:1
[CH: 50] LEN: 12 | HEX: F9 77 BC FA FB 70 96 FF 23 2C AF BF | T:1651821 RPD:1
[CH: 50] LEN: 12 | HEX: F9 77 FA FD FE 73 96 FD 94 AE AF DF | T:1651821 RPD:0
[CH: 50] LEN: 12 | HEX: F1 77 FF FC FE 70 96 FF 23 2C AF B7 | T:1651832 RPD:1
[CH: 50] LEN: 12 | HEX: F1 77 B9 FE F6 70 96 EB 23 2C AF DF | T:1651833 RPD:0
[CH: 50] LEN: 12 | HEX: F1 77 BE FB ED 73 96 FF 54 AE BF F7 | T:1651844 RPD:1
[CH: 50] LEN: 12 | HEX: F1 77 FA F5 FE 73 96 F7 D4 AE AE F5 | T:1651855 RPD:1
[CH: 50] LEN: 12 | HEX: F1 77 FB F4 EA 70 96 FE A3 2C AF EA | T:1651856 RPD:0
[CH: 50] LEN: 12 | HEX: F9 77 FB FD EE 73 96 FF 54 AE AF FB | T:1651867 RPD:1
[CH: 50] LEN: 12 | HEX: F1 77 FD F5 EE 73 96 EF 54 AE B7 BA | T:1651867 RPD:0
[CH: 50] LEN: 12 | HEX: F1 77 BB EE F6 70 96 FE 23 2C B5 EF | T:1651878 RPD:1
[CH: 50] LEN: 12 | HEX: F1 77 FD FB FE 73 96 FF 54 AE AF FF | T:1651890 RPD:1
[CH: 50] LEN: 12 | HEX: F9 77 AF FE FE 70 96 FF 23 2C AF FF | T:1651890 RPD:0
[CH: 50] LEN: 12 | HEX: F9 77 AC F5 FD 73 96 FF 54 AE BE FF | T:1651901 RPD:1
[CH: 50] LEN: 12 | HEX: F9 77 FE FC FE 70 96 F6 23 2C BD FD | T:1651902 RPD:0
[CH: 50] LEN: 12 | HEX: F9 77 AE FD F4 73 96 FF 94 AE BD F5 | T:1651913 RPD:1
[CH: 50] LEN: 12 | HEX: F1 77 7E F6 F5 70 96 EE A3 2C BE BF | T:1651913 RPD:0
[CH: 50] LEN: 12 | HEX: F1 77 DE FD FE 73 96 FF 94 AE BE FF | T:1651924 RPD:1
[CH: 50] LEN: 12 | HEX: F1 77 FD FA FD 70 96 F5 23 2C BF FF | T:1651936 RPD:1
[CH: 50] LEN: 12 | HEX: F9 77 FB F9 FE 73 D6 F7 94 AE AF B7 | T:1651936 RPD:0
[CH: 50] LEN: 12 | HEX: F9 77 7A FE F6 70 96 FF 23 2C BD 7D | T:1651947 RPD:1
[CH: 50] LEN: 12 | HEX: F1 77 7A FE FE 70 96 FF 23 2C BF DF | T:1651948 RPD:0
[CH: 50] LEN: 12 | HEX: F9 77 FA F5 EE 73 96 FB 94 AE AF FE | T:1651959 RPD:1
[CH: 50] LEN: 12 | HEX: F9 77 BA FA FE 70 96 FB 23 2C AE FD | T:1651970 RPD:1
[CH: 50] LEN: 12 | HEX: F9 77 FA F9 F6 73 96 F7 54 AE BF FB | T:1651970 RPD:0
[CH: 50] LEN: 12 | HEX: F5 77 FD FE FE 70 96 F7 23 2C AF 7F | T:1651982 RPD:1
[CH: 50] LEN: 12 | HEX: E9 77 DA F5 FE 73 96 FA 94 AE AD FD | T:1651982 RPD:0
[CH: 50] LEN: 12 | HEX: F9 77 FB F6 FE 70 96 EE 23 2C BF B7 | T:1651993 RPD:1
[CH: 50] LEN: 12 | HEX: F9 77 FD FD FE 73 96 FB 94 AE AF 7F | T:1651994 RPD:0
[CH: 50] LEN: 12 | HEX: F9 77 74 FE FA 70 96 FF 23 2C BD F6 | T:1652005 RPD:1
[CH: 50] LEN: 12 | HEX: F9 77 FD FD FE 73 96 FF 54 AE AF FF | T:1652016 RPD:1
[CH: 50] LEN: 12 | HEX: F9 77 BD F6 FC 70 96 F6 23 2C BF BD | T:1652016 RPD:0
[CH: 50] LEN: 12 | HEX: F9 77 FD FD FE 73 96 FD 94 AE AD BF | T:1652028 RPD:1
[CH: 50] LEN: 12 | HEX: F5 77 FD FD FE 73 96 F7 94 AE AB FF | T:1652028 RPD:0
[CH: 50] LEN: 12 | HEX: F9 77 FA F6 F5 70 96 FE 23 2C BE EF | T:1652039 RPD:1
[CH: 50] LEN: 12 | HEX: F1 77 FA FE F4 70 96 F5 23 2C AF FB | T:1652050 RPD:1
[CH: 50] LEN: 12 | HEX: F9 77 FE FD FE 73 96 FF 14 AE AF BF | T:1652051 RPD:0
[CH: 50] LEN: 12 | HEX: F9 77 FA FD FA 70 96 FF 23 2C BF BF | T:1652062 RPD:1
[CH: 50] LEN: 12 | HEX: F9 77 BD FA F6 70 96 FB 23 2C AF FD | T:1652062 RPD:0
[CH: 50] LEN: 12 | HEX: F1 77 FA FB FE 73 96 F7 54 AE BF 5B | T:1652074 RPD:1
[CH: 50] LEN: 12 | HEX: F1 77 DC FE F6 70 96 F7 23 2C BF DF | T:1652085 RPD:1
[CH: 50] LEN: 12 | HEX: F1 77 BB E9 EE 73 96 F7 94 AE AF F7 | T:1652085 RPD:0
[CH: 50] LEN: 12 | HEX: F9 77 FD FE FC 70 96 FF 23 2C BF FF | T:1652096 RPD:1
[CH: 50] LEN: 12 | HEX: F9 77 FD FE FE 70 96 F7 23 2C BE FF | T:1652097 RPD:0
[CH: 50] LEN: 12 | HEX: F1 77 FC F9 FE 73 96 F7 94 AE BB FF | T:1652108 RPD:1
[CH: 50] LEN: 12 | HEX: F9 77 79 FD DC 73 96 FF 14 AF BF EE | T:1652108 RPD:0
[CH: 50] LEN: 12 | HEX: F9 77 F4 FE FE 70 96 FF A3 2C BF ED | T:1652120 RPD:1
[CH: 50] LEN: 12 | HEX: F9 77 FA F5 D4 73 96 F7 94 AE BA FF | T:1652131 RPD:1
[CH: 50] LEN: 12 | HEX: F9 77 FA FC FE 70 96 FF 23 2C BF 7F | T:1652131 RPD:0
[CH: 50] LEN: 12 | HEX: E9 77 BC ED F4 73 96 FE D4 AD BF B7 | T:1652142 RPD:1
[CH: 50] LEN: 12 | HEX: F9 77 DE FD EE 73 96 F7 94 AE AF FD | T:1652143 RPD:0
[CH: 50] LEN: 12 | HEX: F1 77 FC EC FE 70 96 F7 23 2C AF BF | T:1652154 RPD:1
[CH: 50] LEN: 12 | HEX: F9 77 FA FD FE 73 96 FF 94 AE BF 7D | T:1652165 RPD:1
[CH: 50] LEN: 12 | HEX: F1 77 BD F6 F6 70 96 FE 23 2C AD FF | T:1652166 RPD:0
[CH: 50] LEN: 12 | HEX: F9 77 F4 FD EE 73 96 FF 54 AE BF FF | T:1652177 RPD:1
[CH: 50] LEN: 12 | HEX: F9 77 74 FE F6 70 96 F6 23 2C B7 FE | T:1652177 RPD:0
[CH: 50] LEN: 12 | HEX: F5 77 FA FD FE 73 96 F7 94 AE BE E5 | T:1652188 RPD:1
[CH: 50] LEN: 12 | HEX: F1 77 F4 FE FE 70 96 FE 23 2C B7 FF | T:1652189 RPD:0
[CH: 50] LEN: 12 | HEX: F9 77 FA FD FE 73 96 FE D4 AE AF AD | T:1652200 RPD:1
[CH: 50] LEN: 12 | HEX: F9 77 EE FC FC 70 96 FE A3 2C BE FF | T:1652211 RPD:1
[CH: 50] LEN: 12 | HEX: F9 77 74 E9 EC 73 96 ED 14 AF AB FF | T:1652212 RPD:0
[CH: 50] LEN: 12 | HEX: F9 77 BE FC F6 70 96 FF 23 2C BF BE | T:1652223 RPD:1
[CH: 50] LEN: 12 | HEX: F9 77 BC FE F6 70 96 EE A3 2C AF F6 | T:1652223 RPD:0
[CH: 50] LEN: 12 | HEX: F1 77 FA F5 ED 73 96 FE 94 AE BE EF | T:1652234 RPD:1
[CH: 50] LEN: 12 | HEX: F5 77 F8 EE FC 70 96 F6 23 2C AD FF | T:1652246 RPD:1
[CH: 50] LEN: 12 | HEX: F9 77 FE FB FD 73 96 FF 54 AE AE EF | T:1652246 RPD:0
[CH: 50] LEN: 12 | HEX: F9 77 BC F5 FD 73 96 EF 14 AE BF FF | T:1652257 RPD:1
[CH: 50] LEN: 12 | HEX: F9 77 FA FD FE 73 96 FF 54 AE AF FF | T:1652257 RPD:0
[CH: 50] LEN: 12 | HEX: F5 77 FD F6 FE 70 96 FE 23 2C BF FB | T:1652269 RPD:1
[CH: 50] LEN: 12 | HEX: F5 77 F8 FD FC 73 96 FE 94 AE AF FF | T:1652280 RPD:1
[CH: 50] LEN: 12 | HEX: F9 77 FE FC FE 70 96 FF A3 2C AF FF | T:1652280 RPD:0
[CH: 50] LEN: 12 | HEX: F9 77 FD F5 FE 73 96 FE 94 AE BF FF | T:1652292 RPD:1
[CH: 50] LEN: 12 | HEX: F9 77 FD F7 FA 73 96 FF 54 AE AF F7 | T:1652292 RPD:1
[CH: 50] LEN: 12 | HEX: F9 77 BC F4 F6 70 96 FF 23 2C AF FF | T:1652303 RPD:1
[CH: 50] LEN: 12 | HEX: F1 77 F9 FD FE 73 96 FF 14 AE AE 9D | T:1652303 RPD:0
[CH: 50] LEN: 12 | HEX: F9 77 DD FE FA 70 96 FF 23 2C BF FD | T:1652315 RPD:1
[CH: 50] LEN: 12 | HEX: F9 77 FE FE FE 70 96 FE 23 2C AF DB | T:1652326 RPD:1
[CH: 50] LEN: 12 | HEX: F1 77 FC FD FE 73 D6 FF 54 AE BF 56 | T:1652326 RPD:0
[CH: 50] LEN: 12 | HEX: F9 77 D6 FE FC 70 96 F6 A3 2C BD F7 | T:1652338 RPD:1
[CH: 50] LEN: 12 | HEX: F9 77 FC FC FE 70 96 EF 23 2C BB 7F | T:1652338 RPD:0
[CH: 50] LEN: 12 | HEX: E9 77 F4 F5 FD 73 96 F7 14 AE BF D4 | T:1652349 RPD:1
[CH: 50] LEN: 12 | HEX: F9 77 FB FE F6 70 96 FF 23 2C BF F7 | T:1652360 RPD:1
[CH: 50] LEN: 12 | HEX: F9 77 BB FD FE 73 96 FF 14 AE BD FD | T:1652361 RPD:1
[CH: 50] LEN: 12 | HEX: F9 77 FD FE FE 70 96 FF 23 2C AF FE | T:1652372 RPD:1
[CH: 50] LEN: 12 | HEX: E9 77 FE FD FE 73 96 FF 54 AE BF 6F | T:1652372 RPD:0
[CH: 50] LEN: 12 | HEX: F9 77 FC FC FE 70 96 FF 23 2C BD FE | T:1652384 RPD:1
[CH: 50] LEN: 12 | HEX: F9 77 FE FD FA 73 96 F7 54 AE BF AB | T:1652384 RPD:0
[CH: 50] LEN: 12 | HEX: F9 77 FD FE FE 70 96 FF 23 2C BF EF | T:1652395 RPD:1
[CH: 50] LEN: 12 | HEX: F9 77 FA FD F6 73 96 FD 14 AE BE BD | T:1652406 RPD:1
[CH: 50] LEN: 12 | HEX: F1 77 BA FE FE 70 96 FF 23 2C BF F7 | T:1652407 RPD:0
[CH: 50] LEN: 12 | HEX: F9 77 BA FD F6 73 96 FF 94 AE AF DF | T:1652418 RPD:1
[CH: 50] LEN: 12 | HEX: F9 77 FD FD FE 73 96 FB 94 AE BF 5F | T:1652418 RPD:0
[CH: 50] LEN: 12 | HEX: F9 77 FE FC FE 70 96 FF 23 2C B3 CB | T:1652430 RPD:1
[CH: 50] LEN: 12 | HEX: F1 77 EC FD DE 73 96 FF 54 AE AD BD | T:1652441 RPD:1
[CH: 50] LEN: 12 | HEX: F9 77 FD FE FE 70 96 FA 23 2C BE FF | T:1652441 RPD:0
[CH: 50] LEN: 12 | HEX: F1 77 FC FD FE 73 96 EF 54 AE AF FF | T:1652452 RPD:1
[CH: 50] LEN: 12 | HEX: F9 77 FE FE FE 70 96 FF 23 2C AF F9 | T:1652453 RPD:0
[CH: 50] LEN: 12 | HEX: F9 77 FB FD F6 73 96 FF 94 AE BB FF | T:1652464 RPD:1
[CH: 50] LEN: 12 | HEX: F9 77 FD F4 FA 70 96 FF 23 2C AF DF | T:1652475 RPD:1
[CH: 50] LEN: 12 | HEX: F1 77 FE FD EE 73 96 FF 94 AE AD F7 | T:1652476 RPD:0
[CH: 50] LEN: 12 | HEX: F9 77 FD FE FE 70 96 FB 23 2C AF FF | T:1652487 RPD:1
[CH: 50] LEN: 12 | HEX: F1 77 DE FE FE 70 96 FF 23 2C BD FA | T:1652487 RPD:0
[CH: 50] LEN: 12 | HEX: F1 77 AC FD FE 73 96 FF 54 AE BA EF | T:1652498 RPD:1
[CH: 50] LEN: 12 | HEX: F5 77 74 FE FE 70 96 FF 23 2C AF EF | T:1652499 RPD:1
[CH: 50] LEN: 12 | HEX: F9 77 BE FD FE 73 96 FF 94 AE AF FE | T:1652510 RPD:1
[CH: 50] LEN: 12 | HEX: F9 77 B6 F9 FE 73 96 FF 14 AE BE ED | T:1652521 RPD:1
[CH: 50] LEN: 12 | HEX: F1 77 BE FE FE 70 96 FF 23 2C BF FF | T:1652521 RPD:0
[CH: 50] LEN: 12 | HEX: F9 77 FD F9 FE 73 96 FF 94 AE AD BF | T:1652533 RPD:1
[CH: 50] LEN: 12 | HEX: E9 77 F9 FD FE 73 96 F7 14 AE BF FE | T:1652533 RPD:0
[CH: 50] LEN: 12 | HEX: F9 77 F9 F6 FE 70 96 FB 23 2C BF FF | T:1652544 RPD:1
[CH: 50] LEN: 12 | HEX: F9 77 FD FD F6 73 96 FF 94 AE BF FE | T:1652556 RPD:1
[CH: 50] LEN: 12 | HEX: F9 77 FE F5 FE 70 96 FF 23 2C BF BF | T:1652556 RPD:0
[CH: 50] LEN: 12 | HEX: F9 77 FD FD FE 7B 96 FF 94 AE BD EE | T:1652567 RPD:1
[CH: 50] LEN: 12 | HEX: F9 77 7A F9 FE 73 96 FF 94 AE BB FF | T:1652567 RPD:0
[CH: 50] LEN: 12 | HEX: F9 77 FE FE FE 70 96 FF 23 2C BE DF | T:1652579 RPD:1
[CH: 50] LEN: 12 | HEX: F9 77 FE FE F4 70 96 FF 23 2C AF DF | T:1652579 RPD:0
[CH: 50] LEN: 12 | HEX: F9 77 D6 FD FE 73 96 FF 94 AE AF BF | T:1652590 RPD:1
[CH: 50] LEN: 12 | HEX: F9 77 FD FE F6 70 96 FE A3 2C BE EF | T:1652602 RPD:1
[CH: 50] LEN: 12 | HEX: F9 77 FA F5 FE 73 96 FF 94 AE BD 7E | T:1652602 RPD:0
[CH: 50] LEN: 12 | HEX: F9 77 7B FE FE 70 96 FF 23 2C B7 FF | T:1652613 RPD:1
[CH: 50] LEN: 12 | HEX: F9 77 59 F6 FA 70 96 F7 23 2C BF DF | T:1652613 RPD:0
[CH: 50] LEN: 12 | HEX: F9 77 FE FD FE 73 96 FF 94 AE AF AF | T:1652625 RPD:1
[CH: 50] LEN: 12 | HEX: F1 77 FD FE EE 70 96 FF 23 2C AF BD | T:1652636 RPD:1
[CH: 50] LEN: 12 | HEX: F9 77 FE FD FE 73 96 FF 94 AE AF FB | T:1652636 RPD:0
[CH: 50] LEN: 12 | HEX: F9 77 FE FE FE 70 96 FD 23 2C BB FF | T:1652648 RPD:1
[CH: 50] LEN: 12 | HEX: F9 77 FE FD FE 73 96 FB 94 AE BD DF | T:1652648 RPD:0
[CH: 50] LEN: 12 | HEX: F9 77 FE FE FC 70 96 FF 23 2C BF FD | T:1652659 RPD:1
[CH: 50] LEN: 12 | HEX: F9 77 FE FD FE 73 96 FD 94 AE BD FE | T:1652670 RPD:1
[CH: 50] LEN: 12 | HEX: F9 77 FE FE FE 70 96 FF 23 2C AF FD | T:1652671 RPD:0
[CH: 50] LEN: 12 | HEX: F1 77 FE FD EE 73 96 FD 94 AE BF F6 | T:1652682 RPD:1
[CH: 50] LEN: 12 | HEX: F9 77 AE FD FE 73 96 FE 94 AE BF FF | T:1652682 RPD:0
[CH: 50] LEN: 12 | HEX: F9 77 FC FE FE 70 96 FF 23 2C BF FB | T:1652693 RPD:1
[CH: 50] LEN: 12 | HEX: F9 77 FE FD FE 73 96 FF 94 AE BF ED | T:1652694 RPD:0
[CH: 50] LEN: 12 | HEX: F9 77 FE F6 FE 70 96 FF 23 2C AF 7D | T:1652705 RPD:1
[CH: 50] LEN: 12 | HEX: F9 77 FE FD FE 73 96 FF 94 AE AF F5 | T:1652716 RPD:1
[CH: 50] LEN: 12 | HEX: F9 77 DD FE FE 70 96 FF 23 2C BF 7F | T:1652717 RPD:0
[CH: 50] LEN: 12 | HEX: F9 77 FE FE F5 70 96 FF 23 2C AD FD | T:1652728 RPD:1
[CH: 50] LEN: 12 | HEX: F9 77 FD FE FE 70 96 FF 23 2C AE AF | T:1652728 RPD:0
[CH: 50] LEN: 12 | HEX: F9 77 FF FD FE 73 96 FE 94 AE AD 7A | T:1652739 RPD:1
[CH: 50] LEN: 12 | HEX: F9 77 FC FE FC 70 96 FB 23 2C BB BF | T:1652751 RPD:1
[CH: 50] LEN: 12 | HEX: F1 77 FE F5 FE 73 96 F5 14 AE BF F7 | T:1652751 RPD:0
[CH: 50] LEN: 12 | HEX: F9 77 FE FE FE 70 96 FF 23 2C BF FF | T:1652762 RPD:1
[CH: 50] LEN: 12 | HEX: F1 77 FC FE FE 70 96 FF 23 2C BE FB | T:1652763 RPD:0
[CH: 50] LEN: 12 | HEX: F9 77 FE FD FE 73 96 FF 94 AE AF FE | T:1652774 RPD:1
[CH: 50] LEN: 12 | HEX: F1 77 FE FE FE 70 96 FF 23 2C BF FF | T:1652774 RPD:0
[CH: 50] LEN: 12 | HEX: F9 77 FE FD FE 73 96 FF 94 AE AF FF | T:1652785 RPD:1
[CH: 50] LEN: 12 | HEX: F9 77 FE F5 FD 73 96 FF 54 AE BF FF | T:1652797 RPD:1
[CH: 50] LEN: 12 | HEX: F9 77 FE FE FA 70 96 FF 23 2C BB 7F | T:1652797 RPD:0
[CH: 50] LEN: 12 | HEX: F9 77 FE FD FE 73 96 FB 94 AE BD FB | T:1652808 RPD:1
[CH: 50] LEN: 12 | HEX: F9 77 FE FD EE 73 96 F7 54 AE BF FD | T:1652809 RPD:0
[CH: 50] LEN: 12 | HEX: F1 77 F4 F6 FE 70 96 FE A3 2C BF EF | T:1652820 RPD:1
[CH: 50] LEN: 12 | HEX: F1 77 FC FD FE 73 96 FD 94 AE AF FB | T:1652831 RPD:1
[CH: 50] LEN: 12 | HEX: F1 77 FE F6 FE 70 96 FE 23 2C BB BF | T:1652831 RPD:1
[CH: 50] LEN: 12 | HEX: F1 77 FA FD EE 73 96 FA D4 AE AF FF | T:1652843 RPD:1
[CH: 50] LEN: 12 | HEX: F1 77 BD FE FE 70 96 FF 23 2C AB FF | T:1652843 RPD:0
[CH: 50] LEN: 12 | HEX: F9 77 FD FD FE 73 96 FF 94 AE AE FF | T:1652854 RPD:1
[CH: 50] LEN: 12 | HEX: F5 77 75 FE FE 70 96 FF 23 2C BF FD | T:1652866 RPD:1
[CH: 50] LEN: 12 | HEX: F9 77 F9 FD FE 73 96 EF 94 AE BF BD | T:1652866 RPD:0
[CH: 50] LEN: 12 | HEX: F9 77 FD FE FE 70 96 FF 23 2C BD 7D | T:1652877 RPD:1
[CH: 50] LEN: 12 | HEX: F9 77 FC FE FC 70 96 FF 23 2C BE FE | T:1652877 RPD:0
[CH: 50] LEN: 12 | HEX: F9 77 FD FD FE 73 96 FF 94 AE BE EF | T:1652889 RPD:1
[CH: 50] LEN: 12 | HEX: F9 77 FE FE FE 70 96 FF 23 2C BB FF | T:1652889 RPD:0
[CH: 50] LEN: 12 | HEX: F1 77 FE FD FE 73 96 FF 94 AE AF EF | T:1652900 RPD:1
[CH: 50] LEN: 12 | HEX: F9 77 FE FA FE 70 96 FF 23 2C BF 75 | T:1652912 RPD:1
[CH: 50] LEN: 12 | HEX: F9 77 F6 FD FE 73 96 FD 94 AE AB DF | T:1652912 RPD:0
[CH: 50] LEN: 12 | HEX: F9 77 FE F6 FE 70 96 FF 23 2C BF EF | T:1652923 RPD:1
[CH: 50] LEN: 12 | HEX: F9 77 FE FD FE 73 96 FF 94 AE AB FF | T:1652923 RPD:0
[CH: 50] LEN: 12 | HEX: F9 77 5C FE FE 70 96 FF 23 2C AA FF | T:1652935 RPD:1
[CH: 50] LEN: 12 | HEX: F9 77 FD FD EA 73 96 FF 94 AE BB DE | T:1652946 RPD:1
[CH: 50] LEN: 12 | HEX: F1 77 AC FA FE 70 96 EF 23 2C BF FD | T:1652946 RPD:0
[CH: 50] LEN: 12 | HEX: F9 77 EE FD FE 73 96 FF 94 AE AA 9B | T:1652957 RPD:1
[CH: 50] LEN: 12 | HEX: F9 77 FC F9 FE 73 96 FF 94 AE AE B6 | T:1652958 RPD:0
[CH: 50] LEN: 12 | HEX: F1 77 FE FE FE 70 96 FF 23 2C BF FF | T:1652969 RPD:1
[CH: 50] LEN: 12 | HEX: F9 77 FE FD FE 73 96 FF 94 AE BF AF | T:1652969 RPD:1
[CH: 50] LEN: 12 | HEX: F9 77 FE FE FE 70 96 FF 23 2C AF B8 | T:1652981 RPD:1
[CH: 50] LEN: 12 | HEX: F9 77 FE F6 FE 70 96 FF 23 2C BE FF | T:1652992 RPD:1
[CH: 50] LEN: 12 | HEX: F9 77 FE F5 FE 73 96 FF 14 AE AE EB | T:1652992 RPD:0
[CH: 50] LEN: 12 | HEX: F9 77 FD FE FE 70 96 FF 23 2C AF F7 | T:1653003 RPD:1
[CH: 50] LEN: 12 | HEX: F9 77 FE FE FE 70 96 FF 23 2C BF FF | T:1653004 RPD:0
[CH: 50] LEN: 12 | HEX: F9 77 FE FD FE 73 B6 FF 94 AE AF BE | T:1653015 RPD:1
[CH: 50] LEN: 12 | HEX: F9 77 BC FE FE 70 96 FA 23 2C AF FE | T:1653026 RPD:1
[CH: 50] LEN: 12 | HEX: F9 77 FE FD FE 73 96 FF 94 AE BB ED | T:1653027 RPD:0
[CH: 50] LEN: 12 | HEX: F1 77 FE FE FE 70 96 EB 23 2C BD FF | T:1653038 RPD:1
[CH: 50] LEN: 12 | HEX: F9 77 FE FE FE 70 96 FF 23 2C BF EF | T:1653038 RPD:1
[CH: 50] LEN: 12 | HEX: F1 77 EE FD FE 73 96 FF 94 AE BF DF | T:1653049 RPD:1
[CH: 50] LEN: 12 | HEX: F9 77 FE FD FE 73 96 FF 94 AE AF 7D | T:1653061 RPD:1
[CH: 50] LEN: 12 | HEX: F9 7F FE FE FC 70 96 FF 23 2C BF DD | T:1653061 RPD:0
[CH: 50] LEN: 12 | HEX: F9 77 FD FD FE 73 96 FF 94 AE AD BF | T:1653072 RPD:1
[CH: 50] LEN: 12 | HEX: F9 77 FC FD FE 73 96 FF 94 AE AF BF | T:1653073 RPD:0
[CH: 50] LEN: 12 | HEX: F9 77 FE FE FE 70 96 FF 23 2C AD FF | T:1653084 RPD:1
[CH: 50] LEN: 12 | HEX: F9 77 DE FD FE 73 96 F7 94 AE BF FF | T:1653084 RPD:0
[CH: 50] LEN: 12 | HEX: F9 77 FE FE FE 70 96 FF 23 2C BF FF | T:1653095 RPD:1
[CH: 50] LEN: 12 | HEX: F9 77 FE FD F6 73 96 FF 94 AE BA BF | T:1653107 RPD:1
[CH: 50] LEN: 12 | HEX: F1 77 FC FA FE 70 96 FF 23 2C B7 EF | T:1653107 RPD:0
[CH: 50] LEN: 12 | HEX: F9 77 FE FD FE 73 96 FD 94 AE AF AE | T:1653118 RPD:1
[CH: 50] LEN: 12 | HEX: F9 77 BE FE FE 70 96 FF 23 2C BA DA | T:1653119 RPD:0
[CH: 50] LEN: 12 | HEX: F9 77 ED F9 FE 73 96 FF 94 AE AF 6B | T:1653130 RPD:1
[CH: 50] LEN: 12 | HEX: F9 77 FE F6 FE 70 96 FF 23 2C BD FF | T:1653141 RPD:1
[CH: 50] LEN: 12 | HEX: F9 77 FE FD FE 73 96 FF 94 AE AF FF | T:1653141 RPD:0
[CH: 50] LEN: 12 | HEX: F9 77 FA FC FE 70 96 F7 23 2C BF FF | T:1653153 RPD:1
[CH: 50] LEN: 12 | HEX: F1 77 FE FE FE 70 96 F7 23 2C AF DB | T:1653153 RPD:0
[CH: 50] LEN: 12 | HEX: F9 77 DE ED FE 73 96 FF 94 AE BF F5 | T:1653164 RPD:1
[CH: 50] LEN: 12 | HEX: F9 77 FE FE FA 70 96 FF 23 2C BF DF | T:1653164 RPD:0
[CH: 50] LEN: 12 | HEX: F9 77 FE F9 FE 73 96 FF 94 AE BF D7 | T:1653176 RPD:1
[CH: 50] LEN: 12 | HEX: F9 77 FE FE FE 70 96 FF 23 2C BF FF | T:1653187 RPD:1
[CH: 50] LEN: 12 | HEX: F9 77 FE FD FE 73 96 FF 94 AE BF BF | T:1653187 RPD:0
[CH: 50] LEN: 12 | HEX: F9 77 FE FD EE 73 96 FF 14 AE BF 3F | T:1653199 RPD:1
[CH: 50] LEN: 12 | HEX: F1 77 FE FD FE 73 96 FF 94 AE AD BF | T:1653199 RPD:0
[CH: 50] LEN: 12 | HEX: F9 77 FE FE FE 70 96 FF 23 2C BB 57 | T:1653210 RPD:1
[CH: 50] LEN: 12 | HEX: F9 77 B6 FD FE 73 96 FB 54 AE AB F7 | T:1653221 RPD:1
[CH: 50] LEN: 12 | HEX: F9 77 ED EE FE 70 96 FF 23 2C AF F6 | T:1653222 RPD:0
[CH: 50] LEN: 12 | HEX: F9 77 DD FD FE 73 96 FF 94 AE BF 7B | T:1653233 RPD:1
[CH: 50] LEN: 12 | HEX: F9 77 BE F9 FD 73 96 F7 54 AE BE DF | T:1653233 RPD:0
[CH: 50] LEN: 12 | HEX: F9 77 FD F6 F6 70 96 FF 23 2C BD D7 | T:1653245 RPD:1
[CH: 50] LEN: 12 | HEX: F9 77 FE FD EE 73 96 FF 94 AE BF B7 | T:1653256 RPD:1
[CH: 50] LEN: 12 | HEX: F9 77 FE F4 FE 70 96 FF 23 2C BE EE | T:1653256 RPD:0
[CH: 50] LEN: 12 | HEX: F9 77 FC FE FE 70 96 FF 23 2C AF FF | T:1653267 RPD:0
[CH: 50] LEN: 12 | HEX: F9 77 FD 00 00 71 96 FF 9C 55 BE FF | T:1653289 RPD:1
[CH: 50] LEN: 12 | HEX: F9 77 BD 00 00 71 96 F5 9C 55 BF F6 | T:1653289 RPD:1
[CH: 50] LEN: 12 | HEX: F8 6D FF 00 EE FD 96 FF 6C 9E BF FF | T:1653319 RPD:1
[CH: 50] LEN: 12 | HEX: F8 6D FA 00 FE FD 96 FF 6C 9F BF FF | T:1653320 RPD:1
[CH: 50] LEN: 12 | HEX: E9 77 FD 80 00 71 96 F7 9C 55 B7 55 | T:1653588 RPD:1
[CH: 50] LEN: 12 | HEX: F1 77 FA 00 00 71 96 FF 1C 55 BF FF | T:1653589 RPD:1
[CH: 50] LEN: 12 | HEX: F8 6D FF 00 FE FD 96 FF 6C 9F BD BF | T:1653619 RPD:1
[CH: 50] LEN: 12 | HEX: F8 6D F7 00 F6 F9 96 FA 6C 9F B7 FF | T:1653620 RPD:1
[CH: 50] LEN: 12 | HEX: F1 77 7B 00 00 71 96 EE 9C 55 AE FF | T:1653888 RPD:1
[CH: 50] LEN: 12 | HEX: F9 77 FE 80 00 71 96 FB 5C 55 BD FF | T:1653889 RPD:1
[CH: 50] LEN: 12 | HEX: F8 6D FF 00 FD FD 96 FF 6C 9F 3F EE | T:1653919 RPD:1
[CH: 50] LEN: 12 | HEX: F0 6D EE 80 FE FD 96 F6 EC 9F 7D FB | T:1653919 RPD:1
[CH: 50] LEN: 12 | HEX: F1 77 FD 00 00 71 96 FE 9C 55 BB 7F | T:1654188 RPD:1
[CH: 50] LEN: 12 | HEX: F8 6D FF 80 FE FB 96 FF 6C 9F 77 FB | T:1654218 RPD:1
[CH: 50] LEN: 12 | HEX: F8 6D DF 00 EE FD 96 FF 6C 9F B7 BD | T:1654219 RPD:1
[CH: 50] LEN: 12 | HEX: ED 77 FF 00 00 71 96 FF DC 55 BD EF | T:1654488 RPD:1
[CH: 50] LEN: 12 | HEX: F9 77 FA 00 00 71 96 FF DC 55 AD 54 | T:1654488 RPD:1
[CH: 50] LEN: 12 | HEX: F8 6D EE 80 FE FD 96 EB 6C 9F 3F 5F | T:1654518 RPD:1
[CH: 50] LEN: 12 | HEX: F0 6D FF 00 F4 FD 96 F7 6C 9F A9 FB | T:1654519 RPD:1
[CH: 50] LEN: 12 | HEX: F1 77 BD 00 00 71 96 FB 9C 55 AF 7D | T:1654787 RPD:1
[CH: 50] LEN: 12 | HEX: F9 77 BF 00 00 71 96 F6 9C 55 AF DF | T:1654788 RPD:1
[CH: 50] LEN: 12 | HEX: F0 6D FF 00 FE FD 96 FF 6C 9F AD FF | T:1654818 RPD:1
[CH: 50] LEN: 12 | HEX: F8 6D EF 00 FA FB 96 FE EC 9F AE B2 | T:1654819 RPD:1
[CH: 50] LEN: 12 | HEX: F1 77 FD 00 00 71 96 FE 9C 55 BF B5 | T:1655087 RPD:1
[CH: 50] LEN: 12 | HEX: F1 77 B5 00 00 79 96 EF 9C 55 BF FF | T:1655088 RPD:1
[CH: 50] LEN: 12 | HEX: F8 6D EE 80 FE FD 96 F7 6C 9F BF 6F | T:1655118 RPD:1
[CH: 50] LEN: 12 | HEX: F9 77 FA 00 00 71 96 FF 9C 55 BF AF | T:1655387 RPD:1
[CH: 50] LEN: 12 | HEX: F9 77 B5 00 00 71 96 FF 5C 55 AD 7B | T:1655388 RPD:1
[CH: 50] LEN: 12 | HEX: F8 6D FF 00 FA FB 96 FF 6C 9F AF BF | T:1655418 RPD:1
[CH: 50] LEN: 12 | HEX: F8 6D F7 00 FC FD 96 FF 6C 9F AB B7 | T:1655418 RPD:1
[CH: 50] LEN: 12 | HEX: F9 77 FA 00 00 71 96 F7 9C 55 AD F7 | T:1655687 RPD:1
[CH: 50] LEN: 12 | HEX: F1 77 FF 00 00 71 96 FE 9C 55 BF BF | T:1655688 RPD:1
[CH: 50] LEN: 12 | HEX: F8 6D EE 00 FE FD 96 FF 6C 9E ED DB | T:1655717 RPD:1
[CH: 50] LEN: 12 | HEX: F1 77 BF 00 00 71 96 FF 9C 55 BF AD | T:1655987 RPD:1
[CH: 50] LEN: 12 | HEX: F9 77 FB 00 00 71 96 FD 9C 55 BF F7 | T:1655987 RPD:1
[CH: 50] LEN: 12 | HEX: F0 6D FE 00 FE FD 96 FF 6C 9E AF B7 | T:1656017 RPD:1
[CH: 50] LEN: 12 | HEX: F0 6D FE 00 FE F5 96 FF 6C 9F BF FF | T:1656018 RPD:1
[CH: 50] LEN: 12 | HEX: F9 77 BD 00 00 71 96 FF 9C 55 BF FD | T:1656286 RPD:1
[CH: 50] LEN: 12 | HEX: F1 77 AD 00 00 71 96 EE 9C 55 BF F5 | T:1656287 RPD:1
[CH: 50] LEN: 12 | HEX: F8 6D FE 00 FE FD 96 F6 6C 9F AD BF | T:1656317 RPD:1
[CH: 50] LEN: 12 | HEX: F1 77 FF 00 00 71 96 FF 9C 55 BF BF | T:1656586 RPD:1
[CH: 50] LEN: 12 | HEX: F9 77 FA 00 00 71 96 FF 1C 55 AF FF | T:1656587 RPD:1
[CH: 50] LEN: 12 | HEX: F0 6D FF 00 FE FD 96 FF 6C 9F 2F FF | T:1656617 RPD:1
[CH: 50] LEN: 12 | HEX: F0 6D F6 80 FA FD 96 F7 6C 9F AD 7F | T:1656617 RPD:1
[CH: 50] LEN: 12 | HEX: F9 77 FA 00 00 71 96 FF 5C 55 BF FF | T:1656886 RPD:1
[CH: 50] LEN: 12 | HEX: F1 77 FF 00 00 79 96 FF 5C 55 AF FA | T:1656887 RPD:1
[CH: 50] LEN: 12 | HEX: F0 6D EB 00 FE FD 96 F7 6C 9F AF FA | T:1656916 RPD:1
[CH: 50] LEN: 12 | HEX: F0 6D F7 00 F6 F5 96 FF 6C 9F BF EF | T:1656917 RPD:1
[CH: 50] LEN: 12 | HEX: F1 77 BA 80 00 71 96 FB 9C 55 AF DB | T:1657186 RPD:1
[CH: 50] LEN: 12 | HEX: F9 77 FA 00 00 71 96 F7 DC 55 AB FE | T:1657186 RPD:1
[CH: 50] LEN: 12 | HEX: F8 6D FE 80 F6 ED 96 F6 6C 9F BE BF | T:1657216 RPD:1
[CH: 50] LEN: 12 | HEX: E8 6D FE 00 F6 F5 96 F7 6C 9D 2D FF | T:1657217 RPD:1
[CH: 50] LEN: 12 | HEX: F9 77 BD 80 00 71 96 F7 5C 55 AF 7F | T:1657485 RPD:1
[CH: 50] LEN: 12 | HEX: F9 77 AF 00 00 71 96 FF 9C 55 AD 6B | T:1657486 RPD:1
[CH: 50] LEN: 12 | HEX: F0 6D F7 00 FE FD 96 F7 6C 9E BF F6 | T:1657516 RPD:1
[CH: 50] LEN: 12 | HEX: F1 77 FD 00 00 71 96 F7 9C 55 AE FE | T:1657785 RPD:1
[CH: 50] LEN: 12 | HEX: F1 77 FD 00 00 71 96 FF 1C 55 AF D6 | T:1657786 RPD:1
[CH: 50] LEN: 12 | HEX: F0 6D FE 80 FE FD 96 FB 6C 9E AF F7 | T:1657816 RPD:1
[CH: 50] LEN: 12 | HEX: F0 6D FF 00 FE FD 96 FF 6C 9E AF FF | T:1657816 RPD:1
[CH: 50] LEN: 12 | HEX: F1 77 DD 00 00 79 96 F7 5C 55 AB FB | T:1658085 RPD:1
[CH: 50] LEN: 12 | HEX: F9 77 F5 00 00 71 96 FF DC 55 AB 3E | T:1658085 RPD:1
[CH: 50] LEN: 12 | HEX: F8 6D FF 80 F6 FD 96 FF 6C 9E FF BF | T:1658115 RPD:1
[CH: 50] LEN: 12 | HEX: F8 6D FE 80 FE FD 96 EE EC 9F BF FF | T:1658116 RPD:1
[CH: 50] LEN: 12 | HEX: F1 77 BC 80 00 71 96 FF 9C 55 BB FD | T:1658384 RPD:1
[CH: 50] LEN: 12 | HEX: F1 77 F5 00 00 71 96 FF 5C 55 AD 7F | T:1658385 RPD:1
[CH: 50] LEN: 12 | HEX: F8 6D EB 00 FE F5 96 EA 6C 9E BD FF | T:1658415 RPD:1
[CH: 50] LEN: 12 | HEX: F8 6D FF 00 FE FD 96 FE 6C 9E AF BF | T:1658416 RPD:1
[CH: 50] LEN: 12 | HEX: F9 77 F5 00 00 71 96 FF 1C 55 AF 7F | T:1658684 RPD:1
[CH: 50] LEN: 12 | HEX: F5 77 FA 00 00 71 96 FE DC 55 BF BF | T:1658685 RPD:1
[CH: 50] LEN: 12 | HEX: F0 6D FD 00 EE FD 96 F7 6C 9F A7 77 | T:1658715 RPD:1
[CH: 50] LEN: 12 | HEX: F1 77 FA 00 00 71 96 FF 1C 55 BF 6F | T:1658984 RPD:1
[CH: 50] LEN: 12 | HEX: F1 77 75 00 00 71 96 F7 5C 55 B5 BF | T:1658985 RPD:1
[CH: 50] LEN: 12 | HEX: F8 6D F7 00 FA FD 96 FF 6C 9F BF 5E | T:1659014 RPD:1
[CH: 50] LEN: 12 | HEX: F4 6D ED 80 FD F5 96 F7 6C 9E BF 7F | T:1659015 RPD:1
[CH: 50] LEN: 12 | HEX: F1 77 EE 00 00 71 96 FF 9C 55 AF 7D | T:1659284 RPD:1
[CH: 50] LEN: 12 | HEX: F1 77 BB 00 00 71 96 FE DC 55 AF FF | T:1659284 RPD:1
[CH: 50] LEN: 12 | HEX: F0 6D FD 00 EE E9 96 F6 6C 9F 6D FB | T:1659314 RPD:1
[CH: 50] LEN: 12 | HEX: F0 6D FE 80 F6 FB 96 F7 6C 9D AF F5 | T:1659315 RPD:1
[CH: 50] LEN: 12 | HEX: F9 77 FD 00 00 71 96 FB 9C 55 B5 DF | T:1659583 RPD:1
[CH: 50] LEN: 12 | HEX: F1 77 F5 00 00 71 96 FF 1C 55 AD FF | T:1659584 RPD:1
[CH: 50] LEN: 12 | HEX: F8 6D F7 00 FA F5 96 F5 6C 9F AD DE | T:1659614 RPD:1
[CH: 50] LEN: 12 | HEX: F0 6D FE 00 F6 E9 96 F7 6C 9D BF FF | T:1659615 RPD:1
[CH: 50] LEN: 12 | HEX: F1 77 F5 00 00 71 96 FF 1C 55 AD AF | T:1659883 RPD:1
[CH: 50] LEN: 12 | HEX: F1 77 DE 00 00 71 96 FF DC 55 AB DF | T:1659884 RPD:1
[CH: 50] LEN: 12 | HEX: F0 6D EE 80 EA FD 96 FF 6C 9F BF F5 | T:1659914 RPD:1
[CH: 50] LEN: 12 | HEX: F0 6D FD 00 F4 FD 96 EA EC 9F 6F EF | T:1659914 RPD:1
[CH: 50] LEN: 12 | HEX: F5 77 F5 00 00 71 96 F5 9C 55 BE DF | T:1660183 RPD:1
[CH: 50] LEN: 12 | HEX: F9 77 F5 00 00 71 96 FF 5C 55 BF BF | T:1660183 RPD:1
[CH: 50] LEN: 12 | HEX: F0 6D FD 00 FE F5 96 F7 6C 9F FF F7 | T:1660213 RPD:1
[CH: 50] LEN: 12 | HEX: ED 77 FF 00 00 71 96 FB 9C 55 AF BB | T:1660483 RPD:1
[CH: 50] LEN: 12 | HEX: F1 77 FD 00 00 71 96 FF 5C 55 BF 7F | T:1660483 RPD:1
[CH: 50] LEN: 12 | HEX: F0 6D FE 00 EA FD 96 FF 6C 9E BD BF | T:1660513 RPD:1
[CH: 50] LEN: 12 | HEX: F1 77 BF 00 00 71 96 FB 9C 55 BD F5 | T:1660782 RPD:1
[CH: 50] LEN: 12 | HEX: F1 77 FF 00 00 71 96 FF 5C 55 AF DF | T:1660783 RPD:1
[CH: 50] LEN: 12 | HEX: F0 6D EF 00 FE FD 96 FF 6C 9E BF FF | T:1660813 RPD:1
[CH: 50] LEN: 12 | HEX: F8 6D FE 00 EE FD 96 FB 6C 9E BB 7F | T:1660814 RPD:1
[CH: 50] LEN: 12 | HEX: F1 77 FA 00 00 71 96 FB 9C 55 BE FF | T:1661082 RPD:1
[CH: 50] LEN: 12 | HEX: F9 77 FF 00 00 71 96 F7 DC 55 AF FE | T:1661083 RPD:1
[CH: 50] LEN: 12 | HEX: F8 6D EA 00 FE F9 96 FF 6C 9F AF FF | T:1661113 RPD:1
[CH: 50] LEN: 12 | HEX: F0 6D DD 00 FE F9 96 EF 6C 9F AF DF | T:1661113 RPD:1
[CH: 50] LEN: 12 | HEX: F9 77 FA 00 00 71 96 FF DC 55 AB FF | T:1661382 RPD:1
[CH: 50] LEN: 12 | HEX: F1 77 7F 00 00 71 96 FE DC 55 AE EE | T:1661382 RPD:1
[CH: 50] LEN: 12 | HEX: F0 6D FD 80 F6 FD 96 FF 6C 9D 3F FF | T:1661412 RPD:1
[CH: 50] LEN: 12 | HEX: F0 6D FF 00 F4 FD 96 FE 6C 9F AB FF | T:1661413 RPD:1
[CH: 50] LEN: 12 | HEX: F1 77 7F 00 00 71 96 FF DC 55 BF D5 | T:1661681 RPD:1
[CH: 50] LEN: 12 | HEX: F1 77 DF 00 00 71 96 FE 9C 55 AD DF | T:1661682 RPD:1
[CH: 50] LEN: 12 | HEX: F0 6D FE 00 EA F9 96 FB 6C 9E B7 7F | T:1661712 RPD:1
[CH: 50] LEN: 12 | HEX: F8 6D EF 00 FE FB 96 FF 6C 9F 2E BD | T:1661713 RPD:1
[CH: 50] LEN: 12 | HEX: F9 77 FA 00 00 71 96 FF 1C 55 AD BA | T:1661981 RPD:1
[CH: 50] LEN: 12 | HEX: F9 77 F7 00 00 71 96 FF 5C 55 BF EF | T:1661982 RPD:1
[CH: 50] LEN: 12 | HEX: F8 6D FD 80 EA EB 96 EA 6C 9E AF FF | T:1662012 RPD:1
[CH: 50] LEN: 12 | HEX: F0 6D FF 00 F6 FD 96 F7 6C 9D 3D ED | T:1662012 RPD:1
[CH: 50] LEN: 12 | HEX: F1 77 FA 00 00 71 96 EB 5C 55 AD FD | T:1662282 RPD:1
[CH: 50] LEN: 12 | HEX: F0 6D FE 00 FA F9 96 FA 6C 9F 2F FE | T:1662311 RPD:1
[CH: 50] LEN: 12 | HEX: F8 6D F6 80 FC F9 96 FF 6C 9F 3B 7D | T:1662312 RPD:1
[CH: 50] LEN: 12 | HEX: F9 77 FA 00 00 71 96 F7 5C 55 AB DD | T:1662581 RPD:1
[CH: 50] LEN: 12 | HEX: F1 77 F5 00 00 79 96 FE DC 55 BF F4 | T:1662581 RPD:1
[CH: 50] LEN: 12 | HEX: F4 6D FF 00 FE FD 96 FB 6C 9E A7 BD | T:1662612 RPD:1
[CH: 50] LEN: 12 | HEX: F9 77 BD 80 00 71 96 FB 1C 55 BE FF | T:1662880 RPD:1
[CH: 50] LEN: 12 | HEX: F9 77 FB 00 00 71 96 EE 9C 55 AF FF | T:1662881 RPD:1
[CH: 50] LEN: 12 | HEX: F0 6D FF 00 FE FD 96 FE 6C 9E AE BF | T:1662911 RPD:1
[CH: 50] LEN: 12 | HEX: E8 6D FD 80 FE FD 96 FE 6C 9F 3F FB | T:1662912 RPD:1
[CH: 50] LEN: 12 | HEX: F1 77 BF 00 00 71 96 F6 9C 55 AB BF | T:1663180 RPD:1
[CH: 50] LEN: 12 | HEX: F1 77 F5 00 00 71 96 F7 5C 55 B6 E0 | T:1663181 RPD:1
[CH: 50] LEN: 12 | HEX: F8 6D FF 00 FA FD 96 FF 6C 9F 2F FD | T:1663211 RPD:1
[CH: 50] LEN: 12 | HEX: F0 6D FF 00 FE FD 96 F6 6C 9F AF EA | T:1663211 RPD:1
[CH: 50] LEN: 12 | HEX: F1 77 D7 00 00 71 96 FF 5C 55 BB 7F | T:1663480 RPD:1
[CH: 50] LEN: 12 | HEX: E9 77 F5 00 00 71 96 F7 9C 55 BF FF | T:1663481 RPD:1
[CH: 50] LEN: 12 | HEX: F8 6D EF 00 FC FB 96 FF 6C 9F AF BF | T:1663510 RPD:1
[CH: 50] LEN: 12 | HEX: F0 6D FE 80 FE FD 96 EE 6C 9D BF FF | T:1663511 RPD:1
[CH: 50] LEN: 12 | HEX: F9 77 FB 00 00 71 96 F6 DC 55 AF 7D | T:1663780 RPD:1
[CH: 50] LEN: 12 | HEX: F1 77 75 00 00 71 96 EB 5C 55 AB FF | T:1663780 RPD:1
[CH: 50] LEN: 12 | HEX: F8 6D FE 80 FA FD 96 F7 6C 9F BD 5F | T:1663810 RPD:1
[CH: 50] LEN: 12 | HEX: F0 6D EA 00 FE F5 96 FE 6C 9E FD 7D | T:1663811 RPD:1
[CH: 50] LEN: 12 | HEX: F9 77 FA 00 00 71 96 FF 9C 55 BF FF | T:1664079 RPD:1
[CH: 50] LEN: 12 | HEX: F5 77 FE 00 00 71 96 FF 9C 55 AF FF | T:1664080 RPD:1
[CH: 50] LEN: 12 | HEX: F0 6D F7 00 F6 FD 96 F7 6C 9F 6A FD | T:1664110 RPD:1
[CH: 50] LEN: 12 | HEX: F0 6D FE 00 FC FD 96 F7 6C 9E BF FB | T:1664111 RPD:1
[CH: 50] LEN: 12 | HEX: F9 77 FA 00 00 71 96 FF 5C 55 BF FD | T:1664379 RPD:1
[CH: 50] LEN: 12 | HEX: F1 77 BA 00 00 71 96 FF 9C 55 AE FF | T:1664380 RPD:1
[CH: 50] LEN: 12 | HEX: F8 6D FE 00 FE FD 96 FF 6C 9F BD FB | T:1664410 RPD:1
[CH: 50] LEN: 12 | HEX: F0 6D FF 00 FE FD 96 F7 6C 9E BF EE | T:1664410 RPD:1
[CH: 50] LEN: 12 | HEX: F9 77 BF 00 00 71 96 EB 1C 55 BF 77 | T:1664679 RPD:1
[CH: 50] LEN: 12 | HEX: F5 77 FA 00 00 71 96 FE 9C 55 AD 55 | T:1664680 RPD:1
[CH: 50] LEN: 12 | HEX: F8 6D EE 80 FE FD 96 FF 6C 9F AD EF | T:1664709 RPD:1
[CH: 50] LEN: 12 | HEX: F0 6D FF 00 FC F9 96 FF 6C 9F BF FB | T:1664710 RPD:1
[CH: 50] LEN: 12 | HEX: F9 77 DD 00 00 71 96 FF 5C 55 BD F6 | T:1664979 RPD:1
[CH: 50] LEN: 12 | HEX: F9 77 F5 00 00 71 96 F7 5C 55 AF F6 | T:1664979 RPD:1
[CH: 50] LEN: 12 | HEX: F0 6D F6 00 FE FD 96 FB 6C 9F 2E FF | T:1665009 RPD:1
[CH: 50] LEN: 12 | HEX: F8 6D EE 80 F4 ED 96 ED 6C 9E BB FF | T:1665010 RPD:1
[CH: 50] LEN: 12 | HEX: F9 77 EE 80 00 71 96 FF DC 55 AF FD | T:1665278 RPD:1
[CH: 50] LEN: 12 | HEX: F1 77 77 00 00 71 96 F7 1C 55 AB DB | T:1665279 RPD:1
[CH: 50] LEN: 12 | HEX: F8 6D FF 00 F6 FD 96 F7 6C 9F BE D5 | T:1665309 RPD:1
[CH: 50] LEN: 12 | HEX: F8 6D EF 80 FE FD 96 F7 6C 9F AD FB | T:1665310 RPD:1
[CH: 50] LEN: 12 | HEX: F1 77 FB 00 00 71 96 FF 5C 55 BE FB | T:1665578 RPD:1
[CH: 50] LEN: 12 | HEX: F9 77 77 00 00 71 96 FF 5C 55 AF DB | T:1665579 RPD:1
[CH: 50] LEN: 12 | HEX: F0 6D FF 00 FE F5 96 EF 6C 9F AB FE | T:1665609 RPD:1
[CH: 50] LEN: 12 | HEX: F8 6D FD 00 FE F9 96 F6 EC 9F BF BD | T:1665609 RPD:1
[CH: 50] LEN: 12 | HEX: F9 77 55 00 00 79 96 FF 1C 55 AE FF | T:1665878 RPD:1
[CH: 50] LEN: 12 | HEX: F1 77 FD 00 00 71 96 FE 9C 55 AD DF | T:1665879 RPD:1
[CH: 50] LEN: 12 | HEX: F0 6D FF 80 FA FB 96 FF 6C 9F BF FF | T:1665908 RPD:1
[CH: 50] LEN: 12 | HEX: F0 6D FD 00 ED F5 96 FE 6C 9F B5 7E | T:1665909 RPD:1
[CH: 50] LEN: 12 | HEX: F9 77 75 00 00 71 96 F6 9C 55 AB DD | T:1666178 RPD:1
[CH: 50] LEN: 12 | HEX: F1 77 BD 00 00 71 96 F7 5C 55 AF FF | T:1666178 RPD:1
[CH: 50] LEN: 12 | HEX: F8 6D FE 80 FE FD 96 F7 6C 9F 7F ED | T:1666208 RPD:1
[CH: 50] LEN: 12 | HEX: F0 6D FE 80 FE FD 96 FF 6C 9F AF F5 | T:1666209 RPD:1
[CH: 50] LEN: 12 | HEX: F9 77 75 00 00 71 96 F7 1C 55 BF 6F | T:1666478 RPD:1
[CH: 50] LEN: 12 | HEX: F1 77 BD 00 00 71 96 F7 5C 55 AE BD | T:1666478 RPD:1
[CH: 50] LEN: 12 | HEX: F0 6D FE 80 FE F9 96 F6 6C 9E B7 7F | T:1666508 RPD:1
[CH: 50] LEN: 12 | HEX: F0 6D FF 00 FE FD 96 FB 6C 9E EF BF | T:1666509 RPD:1
[CH: 50] LEN: 12 | HEX: F1 77 FD 00 00 71 96 FF DC 55 AF 7F | T:1666777 RPD:1
[CH: 50] LEN: 12 | HEX: F1 77 BE 80 00 71 96 F7 9C 55 BF F5 | T:1666778 RPD:1
[CH: 50] LEN: 12 | HEX: F0 6D ED 00 F6 ED 96 EE 6C 9E AF FF | T:1666808 RPD:1
[CH: 50] LEN: 12 | HEX: F0 6D FE 80 F6 FB 96 FE 6C 9E BB DF | T:1666809 RPD:1
[CH: 50] LEN: 12 | HEX: F9 77 B5 00 00 71 96 FB 9C 55 BF 6F | T:1667077 RPD:1
[CH: 50] LEN: 12 | HEX: F1 77 DA 00 00 71 96 EF 5C 55 BB E0 | T:1667078 RPD:1
[CH: 50] LEN: 12 | HEX: F8 6D F7 00 FE ED 96 FF 6C 9F 7F 7D | T:1667108 RPD:1
[CH: 50] LEN: 12 | HEX: F8 6D FE 80 FE F9 96 F7 6C 9F 2F BF | T:1667108 RPD:1
[CH: 50] LEN: 12 | HEX: F1 77 DF 00 00 71 96 F7 9C 55 BA FB | T:1667377 RPD:1
[CH: 50] LEN: 12 | HEX: F5 77 FD 00 00 71 96 FD 9C 55 AB EF | T:1667378 RPD:1
[CH: 50] LEN: 12 | HEX: F8 6D F7 00 ED FD 96 FF 6C 9F B7 F7 | T:1667407 RPD:1
[CH: 50] LEN: 12 | HEX: F0 6D FE 80 FE FD 96 FB 6C 9F AD FF | T:1667408 RPD:1
[CH: 50] LEN: 12 | HEX: F1 77 FA 00 00 71 96 FF 5C 55 BF FB | T:1667677 RPD:1
[CH: 50] LEN: 12 | HEX: F1 77 B7 00 00 71 96 FA 9C 55 BE AF | T:1667677 RPD:1
[CH: 50] LEN: 12 | HEX: F0 6D FE 80 F6 FB 96 FB 6C 9F 6F FF | T:1667707 RPD:1
[CH: 50] LEN: 12 | HEX: F8 6D FD 00 FA F5 96 F6 6C 9F 3F FD | T:1667708 RPD:1
[CH: 50] LEN: 12 | HEX: F1 77 BE 80 00 71 96 FD 1C 55 BB FD | T:1667976 RPD:1
[CH: 50] LEN: 12 | HEX: F1 77 FF 00 00 71 96 EF 1C 55 AF FF | T:1667977 RPD:1
[CH: 50] LEN: 12 | HEX: E8 6D F7 00 FE F7 96 F7 6C 9F AF FF | T:1668007 RPD:1
[CH: 50] LEN: 12 | HEX: F0 6D FE 80 F4 F5 96 EE 6C 9F 77 FF | T:1668008 RPD:1
[CH: 50] LEN: 12 | HEX: E9 77 FF 00 00 71 96 EF 98 55 AB DD | T:1668276 RPD:1
[CH: 50] LEN: 12 | HEX: F1 77 F5 00 00 71 96 FF DC 55 BE FF | T:1668277 RPD:1
[CH: 50] LEN: 12 | HEX: F0 6D FE 00 EE FD 96 FF 6C 9F 3F F7 | T:1668307 RPD:1
[CH: 50] LEN: 12 | HEX: F4 6D F7 00 F6 F5 96 FF 6C 9F BE FF | T:1668308 RPD:1
[CH: 50] LEN: 12 | HEX: F9 77 AD 80 00 71 96 FF 9C 55 AF ED | T:1668576 RPD:1
[CH: 50] LEN: 12 | HEX: F9 77 DF 00 00 71 96 FF 5C 55 AD 7B | T:1668577 RPD:1
[CH: 50] LEN: 12 | HEX: F0 6D DF 00 FE FD 96 FF 6C 9F BB 5D | T:1668607 RPD:1
[CH: 50] LEN: 12 | HEX: F8 6D EE 80 F6 FD 96 FF 6C 9E AD FF | T:1668607 RPD:1
[CH: 50] LEN: 12 | HEX: F1 77 6B 00 00 71 96 EF 5C 55 AF FF | T:1668876 RPD:1
[CH: 50] LEN: 12 | HEX: F9 77 BF 00 00 71 96 FF 1C 55 BF DE | T:1668876 RPD:1
[CH: 50] LEN: 12 | HEX: F0 6D FE 00 FE FD 96 F7 6C 9D 2F FF | T:1668906 RPD:1
[CH: 50] LEN: 12 | HEX: F8 6D FE 80 FE F5 96 F7 6C 9F 6F EC | T:1668907 RPD:1
[CH: 50] LEN: 12 | HEX: F9 77 FA 00 00 71 96 F7 5C 55 AB 7F | T:1669176 RPD:1
[CH: 50] LEN: 12 | HEX: F1 77 F5 00 00 71 96 F7 1C 55 AD FD | T:1669176 RPD:1
[CH: 50] LEN: 12 | HEX: F0 6D FF 00 FE FD 96 F6 6C 9F BF FF | T:1669206 RPD:1
[CH: 50] LEN: 12 | HEX: F0 6D FE 00 F6 FD 96 FE 6C 9D 37 F7 | T:1669207 RPD:1
[CH: 50] LEN: 12 | HEX: F9 77 FF 00 00 71 96 FF 9C 55 BB BC | T:1669475 RPD:1
[CH: 50] LEN: 12 | HEX: E9 77 DF 00 00 71 96 FF 5C 55 AF F7 | T:1669476 RPD:1
[CH: 50] LEN: 12 | HEX: F8 6D FE 80 FC FD 96 F6 EC 9F BF FD | T:1669506 RPD:1
[CH: 50] LEN: 12 | HEX: F4 6D FE 80 FE F5 96 FA 6C 9F BF BB | T:1669507 RPD:1
[CH: 50] LEN: 12 | HEX: F9 77 BD 00 00 71 96 FB 9C 55 BD FF | T:1669775 RPD:1
[CH: 50] LEN: 12 | HEX: F9 77 7A 00 00 71 96 F7 9C 55 BD FF | T:1669776 RPD:1
[CH: 50] LEN: 12 | HEX: F0 6D EE 00 FE F5 96 FF 6C 9E FF FD | T:1669806 RPD:1
[CH: 50] LEN: 12 | HEX: F0 6D FF 00 FE FD 96 FF 6C 9E BE FB | T:1669806 RPD:1
[CH: 50] LEN: 12 | HEX: F1 77 FD 00 00 71 96 FB 1C 55 BD BD | T:1670075 RPD:1
[CH: 50] LEN: 12 | HEX: F9 77 FA 00 00 71 96 F7 5C 55 AE FF | T:1670076 RPD:1
[CH: 50] LEN: 12 | HEX: F0 6D DD 80 FA F9 96 FF 6C 9F BF BF | T:1670105 RPD:1
[CH: 50] LEN: 12 | HEX: F8 6D FF 80 FE FD 96 F7 6C 9F 6B BF | T:1670106 RPD:1
[CH: 50] LEN: 12 | HEX: F1 77 BA 00 00 71 96 FF 9C 55 BF FF | T:1670375 RPD:1
[CH: 50] LEN: 12 | HEX: F5 77 F5 00 00 71 96 F7 9C 55 BF EF | T:1670375 RPD:1
[CH: 50] LEN: 12 | HEX: F8 6D FE 80 F6 FB 96 FF 6C 9F AA AF | T:1670405 RPD:1
[CH: 50] LEN: 12 | HEX: F8 6D FE 80 F6 F5 96 F7 6C 9F BF FD | T:1670406 RPD:1
[CH: 50] LEN: 12 | HEX: F1 77 BF 00 00 71 96 FF 1C 55 AF FB | T:1670675 RPD:1
[CH: 50] LEN: 12 | HEX: F1 77 FD 00 00 71 96 EB 9C 55 BD F7 | T:1670675 RPD:1
[CH: 50] LEN: 12 | HEX: F8 6D F7 00 FE FD 96 FF 6C 9F 2F FE | T:1670705 RPD:1
[CH: 50] LEN: 12 | HEX: F0 6D F7 00 FE FD 96 F7 6C 9E AE FF | T:1670706 RPD:1
[CH: 50] LEN: 12 | HEX: F9 77 BD 00 00 71 96 FF 5C 55 BB FD | T:1670974 RPD:1
[CH: 50] LEN: 12 | HEX: F9 77 FD 00 00 71 96 FF 9C 55 AF BE | T:1670975 RPD:1
[CH: 50] LEN: 12 | HEX: F8 6D EF 80 F6 F5 96 FF 6C 9F BF FF | T:1671005 RPD:1
[CH: 50] LEN: 12 | HEX: F8 6D F5 00 FE FD 96 FF 6C 9F BB 7F | T:1671006 RPD:1
[CH: 50] LEN: 12 | HEX: F1 77 BD 00 00 71 96 EF 5C 55 BD FB | T:1671274 RPD:1
[CH: 50] LEN: 12 | HEX: F1 77 7A 00 00 71 96 FF 5C 55 B7 F5 | T:1671275 RPD:1
[CH: 50] LEN: 12 | HEX: F8 6D FF 80 FA FD 96 FF 6C 9F BD 6F | T:1671305 RPD:1
[CH: 50] LEN: 12 | HEX: F9 77 B5 00 00 71 96 FE DC 55 BD FF | T:1671574 RPD:1
[CH: 50] LEN: 12 | HEX: F9 77 77 00 00 71 96 FF 1C 55 AF DF | T:1671575 RPD:1
[CH: 50] LEN: 12 | HEX: F8 6D EF 00 FE FD 96 FE EC 9F FD FF | T:1671604 RPD:1
[CH: 50] LEN: 12 | HEX: F0 6D FF 00 F6 F9 96 F7 6C 9D BF BF | T:1671605 RPD:1
[CH: 50] LEN: 12 | HEX: F2 76 F6 00 8C F5 96 FA 30 70 BF EF | T:1671888 RPD:1
[CH: 50] LEN: 12 | HEX: F6 76 FE 00 8C FF 96 F5 30 70 BF DF | T:1671889 RPD:1
[CH: 50] LEN: 12 | HEX: F2 76 F6 F6 73 DD 96 F6 8E 8D AF FF | T:1671919 RPD:1
[CH: 50] LEN: 12 | HEX: F2 76 F6 FD 70 FD 96 FF BB 83 BB EF | T:1671923 RPD:1
[CH: 50] LEN: 12 | HEX: F2 76 F6 FB 76 FB 96 FF 51 9F BF FF | T:1671956 RPD:1
[CH: 50] LEN: 12 | HEX: F2 76 FE F2 77 FB 96 FF CD 7A AB FF | T:1671986 RPD:1
[CH: 50] LEN: 12 | HEX: F2 76 F4 F5 74 FD 96 F7 78 74 BE BD | T:1672016 RPD:1
[CH: 50] LEN: 12 | HEX: FA 76 EE E8 75 DD 96 FB 24 91 BF FF | T:1672046 RPD:1
[CH: 50] LEN: 12 | HEX: EA 76 F6 F7 7A FF 96 EF 55 86 BF DE | T:1672076 RPD:1
[CH: 50] LEN: 12 | HEX: FA 76 F4 F6 7B FD 96 FF 49 63 BA EF | T:1672106 RPD:1
[CH: 50] LEN: 12 | HEX: EA 76 FE E5 78 ED 96 F7 38 6D BF FF | T:1672136 RPD:1
[CH: 50] LEN: 12 | HEX: FA 76 FE F3 7E F5 96 FF 96 71 AF BF | T:1672196 RPD:1
[CH: 50] LEN: 12 | HEX: F2 76 FE F2 7F D5 96 FF 0A 94 AB 6F | T:1672226 RPD:1
[CH: 50] LEN: 12 | HEX: FA 76 F6 F1 7A FD 96 FB 77 1A BF B6 | T:1672256 RPD:1
[CH: 50] LEN: 12 | HEX: F2 76 F4 F0 79 FD 96 F7 23 7F BE DF | T:1672286 RPD:1
[CH: 50] LEN: 12 | HEX: F2 76 F6 EF 62 FD 96 FF 0D 95 BE F7 | T:1672316 RPD:1
[CH: 50] LEN: 12 | HEX: EA 76 F5 EE 63 ED 96 F7 D1 70 AF FF | T:1672346 RPD:1
[CH: 50] LEN: 12 | HEX: F2 76 FE ED 60 FD 96 F7 A4 7E BF EF | T:1672376 RPD:1
[CH: 50] LEN: 12 | HEX: FA 76 FE EC 61 ED 96 FF 78 9B FF 7F | T:1672406 RPD:1
[CH: 50] LEN: 12 | HEX: F2 76 FE EB 66 F9 96 FF 4E 62 BF FF | T:1672436 RPD:1
[CH: 50] LEN: 12 | HEX: EA 76 FE EA 67 BB 96 FF 52 87 AF F7 | T:1672465 RPD:1
[CH: 50] LEN: 12 | HEX: F2 76 FE E9 64 F5 96 FF 47 89 AF 7F | T:1672495 RPD:1
[CH: 50] LEN: 12 | HEX: FA 76 FE E8 65 FD 96 FF 3B 6C BE DF | T:1672525 RPD:1
[CH: 50] LEN: 12 | HEX: FA 76 FE E7 6A FD 96 FF 4A 7B BF DF | T:1672555 RPD:1
[CH: 50] LEN: 12 | HEX: EA 76 F6 E6 6B F9 96 FF 56 9E AF F6 | T:1672585 RPD:1
[CH: 50] LEN: 12 | HEX: FA 76 FE E5 68 FD 96 EB 23 90 AF BF | T:1672615 RPD:1
[CH: 50] LEN: 12 | HEX: FA 76 F4 E4 69 F9 96 F7 FE F5 BF 7F | T:1672645 RPD:1
[CH: 50] LEN: 12 | HEX: F2 76 FE E3 6E F5 96 F5 C9 8C BB DF | T:1672675 RPD:1
[CH: 50] LEN: 12 | HEX: FA 76 FE E2 6F FB 96 FF 15 69 AB ED | T:1672705 RPD:1
[CH: 50] LEN: 12 | HEX: F2 76 FE E1 6C FD 96 FF 60 67 AF FF | T:1672735 RPD:1
[CH: 50] LEN: 12 | HEX: F2 76 FA E0 6D ED 96 FF BC 82 AE DF | T:1672765 RPD:1
[CH: 50] LEN: 12 | HEX: FA 76 F5 DF 52 FD 96 FF 2D 92 AD FD | T:1672795 RPD:1
[CH: 50] LEN: 12 | HEX: F2 76 F6 FE 73 FD 96 FF 8E 8D BF FF | T:1672825 RPD:1
[CH: 50] LEN: 12 | HEX: F2 76 FB FD 70 EB 96 FF BB 83 BF FD | T:1672829 RPD:1
[CH: 50] LEN: 12 | HEX: F2 76 F6 F4 71 D5 96 EE 67 66 BD 7F | T:1672832 RPD:1
[CH: 50] LEN: 12 | HEX: FA 76 FE F2 77 59 96 FB 8D 72 BF FD | T:1672892 RPD:1
[CH: 50] LEN: 12 | HEX: F2 76 FE F9 74 FB 96 FF EC 74 BF FF | T:1672922 RPD:1
[CH: 50] LEN: 12 | HEX: F2 76 FE F8 75 FD 96 EF 24 91 AF 7D | T:1672952 RPD:1
[CH: 50] LEN: 12 | HEX: F2 76 EE F7 7A FD 96 FF 95 86 AF EF | T:1672982 RPD:1
[CH: 50] LEN: 12 | HEX: F2 76 FE F6 7B F9 96 F7 49 63 AE DF | T:1673012 RPD:1
[CH: 50] LEN: 12 | HEX: FA 76 FE F5 78 FD 96 FF 3C 6D AF FE | T:1673042 RPD:1
[CH: 50] LEN: 12 | HEX: FA 76 FE F4 79 FD 96 FB 50 88 AF 7F | T:1673072 RPD:1
[CH: 50] LEN: 12 | HEX: FA 76 FE F3 7C FD 96 FF 96 71 BF 7D | T:1673102 RPD:1
[CH: 50] LEN: 12 | HEX: F2 76 F4 F2 7F 5D 96 FE 8A 94 AD EF | T:1673132 RPD:1
[CH: 50] LEN: 12 | HEX: F2 76 FA F1 78 F7 96 EE 7F 9A BD FF | T:1673162 RPD:1
[CH: 50] LEN: 12 | HEX: F2 76 F4 E0 79 FD 96 FF 23 7B 3E BF | T:1673192 RPD:1
[CH: 50] LEN: 12 | HEX: F2 76 FB EF 62 ED 96 FB 0D 95 BE FE | T:1673222 RPD:1
[CH: 50] LEN: 12 | HEX: EA 76 FE EE 63 DD 96 FF B1 70 BF FF | T:1673252 RPD:1
[CH: 50] LEN: 12 | HEX: F2 76 FE ED 60 FB 96 FF 24 7E AD FD | T:1673282 RPD:1
[CH: 50] LEN: 12 | HEX: F2 76 FE EC 61 FD 96 FE 78 9B BB B7 | T:1673312 RPD:1
[CH: 50] LEN: 12 | HEX: FA 76 FE EB 66 FD 96 FF 4E 62 AB FB | T:1673342 RPD:1
[CH: 50] LEN: 12 | HEX: FA 76 FE EA 67 F5 96 FF 92 87 AE FF | T:1673372 RPD:1
[CH: 50] LEN: 12 | HEX: F2 76 F6 E9 64 F5 96 FF A7 09 AB FF | T:1673402 RPD:1
[CH: 50] LEN: 12 | HEX: FA 7E EC E8 65 D9 96 FE B3 6C BE DF | T:1673432 RPD:1
[CH: 50] LEN: 12 | HEX: FA 76 FD E7 6A F5 96 FE 8A 7B AB DB | T:1673462 RPD:1
[CH: 50] LEN: 12 | HEX: FA 76 F6 E6 6B F5 96 FB 56 9E AF FF | T:1673492 RPD:1
[CH: 50] LEN: 12 | HEX: FA 76 FE E5 68 FD 96 FF 23 90 AF BF | T:1673522 RPD:1
[CH: 50] LEN: 12 | HEX: F2 76 FE E4 69 FD 96 FB 7E F5 AF FF | T:1673552 RPD:1
[CH: 50] LEN: 12 | HEX: EA 76 F6 E3 6E F5 96 F7 49 8C BB FF | T:1673582 RPD:1
[CH: 50] LEN: 12 | HEX: FA 76 FE E2 6F 5F 96 FF 15 69 BB EB | T:1673612 RPD:1
[CH: 50] LEN: 12 | HEX: F2 76 FE E1 6C FD 96 F7 60 67 AE DD | T:1673642 RPD:1
[CH: 50] LEN: 12 | HEX: FA 76 FE E0 6D FD 96 FF 78 82 BF EA | T:1673672 RPD:1
[CH: 50] LEN: 12 | HEX: F2 76 FA DE 52 FD 96 FF 2D 92 AF FD | T:1673702 RPD:1
[CH: 50] LEN: 12 | HEX: FA 76 FE F6 73 FD 96 FF AE 8D AB 7F | T:1673732 RPD:1
[CH: 50] LEN: 12 | HEX: FA 76 F6 F5 70 FD 96 FB 3B 83 BE D5 | T:1673735 RPD:1
[CH: 50] LEN: 12 | HEX: F2 76 EC F4 71 E9 96 F7 67 66 BB DF | T:1673739 RPD:1
[CH: 50] LEN: 12 | HEX: FA 76 F6 F3 76 F5 96 FE 51 9E AF 7B | T:1673770 RPD:1
[CH: 50] LEN: 12 | HEX: EA 76 F4 F2 77 BD 96 F7 0D 7A AF 7F | T:1673799 RPD:1
[CH: 50] LEN: 12 | HEX: F2 76 FE F1 74 FD 96 FF 78 74 BA 7F | T:1673829 RPD:1
[CH: 50] LEN: 12 | HEX: FA 7E F4 E8 75 FD 96 EF 24 91 BF DF | T:1673859 RPD:1
[CH: 50] LEN: 12 | HEX: F2 76 FA F7 7A FD 96 FF 95 86 AF EF | T:1673889 RPD:1
[CH: 50] LEN: 12 | HEX: F2 76 FC E6 73 D5 96 FE 49 63 BF FF | T:1673919 RPD:1
[CH: 50] LEN: 12 | HEX: F2 76 FE E5 78 F9 96 FF 3C 6D AD FF | T:1673949 RPD:1
[CH: 50] LEN: 12 | HEX: FA 76 FE F4 7D FD 96 FF A0 88 AF FF | T:1673979 RPD:1
[CH: 50] LEN: 12 | HEX: FA 76 EC E3 7E EB 96 F7 56 71 BD FF | T:1674009 RPD:1
[CH: 50] LEN: 12 | HEX: FA 76 FE F2 7F 55 96 FF 0A 94 AF D5 | T:1674039 RPD:1
[CH: 50] LEN: 12 | HEX: F2 76 FE F1 7C FD 96 FE 7F 9A BF EF | T:1674069 RPD:1
[CH: 50] LEN: 12 | HEX: F2 76 FE F0 79 ED 96 F7 A3 7F BF EE | T:1674099 RPD:1
[CH: 50] LEN: 12 | HEX: FA 76 FE EF 62 FD 96 FF 0D 95 BD FA | T:1674129 RPD:1
[CH: 50] LEN: 12 | HEX: FA 76 FE EE 63 ED 96 F7 B1 70 AB FF | T:1674159 RPD:1
[CH: 50] LEN: 12 | HEX: FA 76 FA ED 60 FB 96 FF A4 7D BF FF | T:1674189 RPD:1
[CH: 50] LEN: 12 | HEX: F2 7E FE EC 61 FD 96 FF 78 9B AE FF | T:1674219 RPD:1
[CH: 50] LEN: 12 | HEX: FA 76 EA EB 66 F5 96 F7 4E 62 BF 7D | T:1674249 RPD:1
[CH: 50] LEN: 12 | HEX: FA 76 FE EA 67 BB 96 F7 52 87 BF DD | T:1674279 RPD:1
[CH: 50] LEN: 12 | HEX: F2 76 FE E9 64 F9 96 FF 47 89 BF EA | T:1674309 RPD:1
[CH: 50] LEN: 12 | HEX: F2 76 FE E8 65 FD 96 FE 3B 6C BB DF | T:1674339 RPD:1
[CH: 50] LEN: 12 | HEX: F2 76 FE E7 6A F5 96 FF 0A 7B BF 7F | T:1674369 RPD:1
[CH: 50] LEN: 12 | HEX: FA 76 FE E6 6B FD 96 FD D6 9E AD 5A | T:1674399 RPD:1
[CH: 50] LEN: 12 | HEX: FA 76 FD E5 68 FD 96 FF A3 90 BB DE | T:1674429 RPD:1
[CH: 50] LEN: 12 | HEX: F6 76 F5 E4 69 FD 96 FF 7E F5 AE ED | T:1674459 RPD:1
[CH: 50] LEN: 12 | HEX: FA 76 F6 E3 6E FD 96 FF A9 8C AF FF | T:1674489 RPD:1
[CH: 50] LEN: 12 | HEX: F2 76 F4 E2 6F FB 96 FF 15 69 AF BF | T:1674519 RPD:1
[CH: 50] LEN: 12 | HEX: FA 76 F6 E1 6C FD 96 F6 60 67 B7 FF | T:1674549 RPD:1
[CH: 50] LEN: 12 | HEX: F6 76 FE E0 6D FD 96 F7 38 82 B7 74 | T:1674579 RPD:1
[CH: 50] LEN: 12 | HEX: FA 76 FE DF 52 ED 96 FF 2D 92 BD EF | T:1674609 RPD:1
[CH: 50] LEN: 12 | HEX: FA 76 F4 FE 73 DD 96 FF AE 8D AF FF | T:1674639 RPD:1
[CH: 50] LEN: 12 | HEX: FA 76 FE F5 70 FD 96 FF BB 83 AF FF | T:1674643 RPD:1
[CH: 50] LEN: 12 | HEX: FA 76 FD F6 71 ED 96 FF 67 66 BB DF | T:1674646 RPD:1
[CH: 50] LEN: 12 | HEX: F2 76 FE F3 76 EB 96 FF 51 9F 2F 77 | T:1674676 RPD:1
[CH: 50] LEN: 12 | HEX: FA 76 F6 F6 77 BD 96 FF 8D 7A AD FF | T:1674706 RPD:1
[CH: 50] LEN: 12 | HEX: FA 76 F5 F9 74 E9 96 FF 58 74 BF BF | T:1674736 RPD:1
[CH: 50] LEN: 12 | HEX: F2 76 FE F0 75 FD 96 EF 24 91 BF 7F | T:1674766 RPD:1
[CH: 50] LEN: 12 | HEX: FA 76 F4 F7 7A FD 96 FB 95 86 BF 7F | T:1674796 RPD:1
[CH: 50] LEN: 12 | HEX: FA 76 FD F6 7B FD 96 FB 49 63 AF FD | T:1674826 RPD:1
[CH: 50] LEN: 12 | HEX: F6 76 FE F5 78 FD 96 FF 3C 6D AD EF | T:1674856 RPD:1
[CH: 50] LEN: 12 | HEX: FA 76 F6 F4 79 F5 96 FB 60 88 BF BF | T:1674886 RPD:1
[CH: 50] LEN: 12 | HEX: FA 76 F6 E3 7A FD 96 FF 76 71 AF FF | T:1674916 RPD:1
[CH: 50] LEN: 12 | HEX: F2 76 F5 F2 7F AD 96 FD 0A 94 AF 45 | T:1674946 RPD:1
[CH: 50] LEN: 12 | HEX: EA 76 F6 E1 74 ED 96 F6 77 5A BF BF | T:1674976 RPD:1
[CH: 50] LEN: 12 | HEX: FA 76 FE E0 75 FD 96 F7 23 77 FF 7F | T:1675006 RPD:1
[CH: 50] LEN: 12 | HEX: FA 76 FE EF 62 F5 96 F6 0D 95 AE BE | T:1675036 RPD:1
[CH: 50] LEN: 12 | HEX: FA 76 FA ED 60 FB 96 FF 64 7E BF FF | T:1675096 RPD:1
[CH: 50] LEN: 12 | HEX: F2 76 FE EC 61 FD 96 FF 78 9B AE FE | T:1675126 RPD:1
[CH: 50] LEN: 12 | HEX: FA 76 FE EB 66 FD 96 F5 4E 62 BE FB | T:1675156 RPD:1
[CH: 50] LEN: 12 | HEX: FA 76 FE EA 67 FF 96 FF 12 87 AF EF | T:1675185 RPD:1
[CH: 50] LEN: 12 | HEX: FA 76 FE E9 64 FD 96 FB E7 09 AF D7 | T:1675215 RPD:1
[CH: 50] LEN: 12 | HEX: F2 76 F6 E8 65 E9 96 FF 3B 6C AB FF | T:1675245 RPD:1
[CH: 50] LEN: 12 | HEX: FA 76 FE E7 6A FD 96 F7 CA 7B BF F5 | T:1675275 RPD:1
[CH: 50] LEN: 12 | HEX: F2 76 FE E6 6B BB 96 FF 56 9E AF FF | T:1675305 RPD:1
[CH: 50] LEN: 12 | HEX: FA 76 F6 E5 68 F5 96 EE 23 90 BD EF | T:1675335 RPD:1
[CH: 50] LEN: 12 | HEX: FA 76 FE E4 69 ED 96 FF AF 75 BF FF | T:1675365 RPD:1
[CH: 50] LEN: 12 | HEX: F2 76 FA E3 6E FD 96 EE 89 8C AE FF | T:1675395 RPD:1
[CH: 50] LEN: 12 | HEX: FA 76 FD E2 6F FB 96 FF 15 69 AB BF | T:1675425 RPD:1
[CH: 50] LEN: 12 | HEX: FA 76 FE E1 6C F5 96 FF 60 67 BF F7 | T:1675455 RPD:1
[CH: 50] LEN: 12 | HEX: FA 76 FE E0 6D FD 96 EF BC 82 AB FD | T:1675485 RPD:1
[CH: 50] LEN: 12 | HEX: F2 76 FE DE 52 FD 96 FF 2D 92 B7 5B | T:1675515 RPD:1
[CH: 50] LEN: 12 | HEX: FA 76 FB EE 73 FD 96 FF 4E 8D AE FF | T:1675545 RPD:1
[CH: 50] LEN: 12 | HEX: EE 76 FE FD 70 F5 96 F5 3B 83 AF BF | T:1675549 RPD:1
[CH: 50] LEN: 12 | HEX: FA 76 FE FC 71 FD 96 FF 67 66 AD FB | T:1675552 RPD:1
[CH: 50] LEN: 12 | HEX: F2 76 EA F3 76 FD 96 FE D1 9E BD FF | T:1675582 RPD:1
[CH: 50] LEN: 12 | HEX: FA 76 FE F2 77 FB 96 F5 8D 7A BF B6 | T:1675612 RPD:1
[CH: 50] LEN: 12 | HEX: FA 76 FE F9 74 FD 96 FF D0 74 BD FD | T:1675642 RPD:1
[CH: 50] LEN: 12 | HEX: FA 76 FE F0 75 FD 96 FF 24 91 AF DD | T:1675672 RPD:1
[CH: 50] LEN: 12 | HEX: F2 7E FE F7 7A F7 96 FB 95 86 AF ED | T:1675702 RPD:1
[CH: 50] LEN: 12 | HEX: FA 76 F6 F6 7B FD 96 FF 49 63 BF FF | T:1675732 RPD:1
[CH: 50] LEN: 12 | HEX: F2 76 FE F5 70 F9 96 FF 3C 6D AF FF | T:1675762 RPD:1
[CH: 50] LEN: 12 | HEX: F2 76 EF F4 71 ED 96 EB E0 88 BB F7 | T:1675792 RPD:1
[CH: 50] LEN: 12 | HEX: FA 76 FE F3 7E F9 96 FD 96 71 BF DF | T:1675822 RPD:1
[CH: 50] LEN: 12 | HEX: F2 76 FE F2 7F D5 96 F7 0A 94 AF FF | T:1675852 RPD:1
[CH: 50] LEN: 12 | HEX: F2 76 FA F1 7C FB 96 FF 7B 1A AD FF | T:1675882 RPD:1
[CH: 50] LEN: 12 | HEX: F2 76 F6 E0 79 FD 96 FF E3 7F 7F FB | T:1675912 RPD:1
[CH: 50] LEN: 12 | HEX: FA 76 F6 EF 62 FD 96 F7 0D 95 BF BF | T:1675942 RPD:1
[CH: 50] LEN: 12 | HEX: EA 76 F6 EE 63 D5 96 FF 91 70 AD DF | T:1675972 RPD:1
[CH: 50] LEN: 12 | HEX: F2 76 FE ED 60 FD 96 F5 A4 7E BB FF | T:1676002 RPD:1
[CH: 50] LEN: 12 | HEX: F2 76 FE EC 61 FF 96 F7 78 9B AD FF | T:1676032 RPD:1
[CH: 50] LEN: 12 | HEX: FA 76 FD EB 66 FB 96 FA CE 62 BB E7 | T:1676062 RPD:1
[CH: 50] LEN: 12 | HEX: FA 76 FA EA 67 FD 96 FB 92 87 BF FF | T:1676092 RPD:1
[CH: 50] LEN: 12 | HEX: F2 76 FE E9 64 FD 96 FF C7 89 AF FF | T:1676122 RPD:1
[CH: 50] LEN: 12 | HEX: F2 76 FE E8 65 FD 96 FE 7B 6C AE FE | T:1676152 RPD:1
[CH: 50] LEN: 12 | HEX: FA 76 F6 E7 6A EB 96 F7 4A 7B BF F7 | T:1676182 RPD:1
[CH: 50] LEN: 12 | HEX: FA 76 F6 E6 6B FD 96 FF 56 9E BF B6 | T:1676212 RPD:1
[CH: 50] LEN: 12 | HEX: FA 76 FA E5 68 F9 96 FF 23 90 BD DF | T:1676242 RPD:1
[CH: 50] LEN: 12 | HEX: F2 76 FE E4 69 FD 96 F6 BF 75 AF FF | T:1676272 RPD:1
[CH: 50] LEN: 12 | HEX: F2 76 FE E3 6E FD 96 F7 49 8C BB DF | T:1676301 RPD:1
[CH: 50] LEN: 12 | HEX: FA 76 FE E2 6F FD 96 FA 15 69 AF FF | T:1676331 RPD:1
[CH: 50] LEN: 12 | HEX: FA 76 FA E1 6C FD 96 FF 60 67 BD ED | T:1676361 RPD:1
[CH: 50] LEN: 12 | HEX: FA 76 FE E0 6D FD 96 F7 BC 82 BB FF | T:1676391 RPD:1
[CH: 50] LEN: 12 | HEX: F6 76 FE DE 52 FB 96 F7 2D 92 BB F7 | T:1676421 RPD:1
[CH: 50] LEN: 12 | HEX: F2 76 F6 F4 73 FB 96 FF AE 8D BF FD | T:1676451 RPD:1
[CH: 50] LEN: 12 | HEX: F2 76 FE FC 71 FD 96 F6 E7 66 AE F7 | T:1676459 RPD:1
[CH: 50] LEN: 12 | HEX: F2 76 FA F3 76 FD 96 FF 51 9F 6F 7F | T:1676489 RPD:1
[CH: 50] LEN: 12 | HEX: FA 76 FE EA 77 FB 96 FF 8D 7A BF DF | T:1676519 RPD:1
[CH: 50] LEN: 12 | HEX: F2 76 F6 F9 74 F7 96 EF 58 74 B7 FE | T:1676549 RPD:1
[CH: 50] LEN: 12 | HEX: EA 76 EE E7 72 F9 96 F7 95 86 BF FF | T:1676609 RPD:1
[CH: 50] LEN: 12 | HEX: F2 76 F4 F6 73 FD 96 FF 49 63 BF E9 | T:1676639 RPD:1
[CH: 50] LEN: 12 | HEX: FA 76 FE F5 78 FD 96 FF 3C 6D AF DA | T:1676669 RPD:1
[CH: 50] LEN: 12 | HEX: F2 76 F6 F4 79 F9 96 F7 40 88 AD DB | T:1676699 RPD:1
[CH: 50] LEN: 12 | HEX: FA 7E F6 F3 7E FD 96 EF 76 71 BB 7F | T:1676729 RPD:1
[CH: 50] LEN: 12 | HEX: FA 76 F6 F2 7F AD 96 FF 0A 94 BF FF | T:1676759 RPD:1
[CH: 50] LEN: 12 | HEX: F2 76 F4 F1 78 E9 96 F6 7A 9A BD EB | T:1676789 RPD:1
[CH: 50] LEN: 12 | HEX: FA 76 FE F0 79 FD 96 FF 63 7F AF DF | T:1676819 RPD:1
[CH: 50] LEN: 12 | HEX: F2 76 F6 EF 62 FD 96 FF 0D 95 AE F7 | T:1676849 RPD:1
[CH: 50] LEN: 12 | HEX: F2 76 F4 EE 63 DB 96 F6 91 70 AB FF | T:1676879 RPD:1
[CH: 50] LEN: 12 | HEX: F2 76 F6 ED 60 FB 96 F7 A4 7B AB FE | T:1676909 RPD:1
[CH: 50] LEN: 12 | HEX: FA 76 EE EC 61 FD 96 FE F8 9B BF FE | T:1676939 RPD:1
[CH: 50] LEN: 12 | HEX: F2 76 FA EB 66 F9 96 FF 4E 62 AF EB | T:1676969 RPD:1
[CH: 50] LEN: 12 | HEX: F2 76 FE EA 67 FB 96 FF 92 87 AB FE | T:1676999 RPD:1
[CH: 50] LEN: 12 | HEX: FA 76 FE E9 64 F5 96 FF A7 49 B7 FB | T:1677029 RPD:1
[CH: 50] LEN: 12 | HEX: EA 76 FE E8 65 DD 96 FB 3B 6C BD EF | T:1677059 RPD:1
[CH: 50] LEN: 12 | HEX: FA 76 FE E7 6A F5 96 FF 4A 7B EB BF | T:1677089 RPD:1
[CH: 50] LEN: 12 | HEX: F2 76 EE E6 6B ED 96 FE 56 9E BF B6 | T:1677119 RPD:1
[CH: 50] LEN: 12 | HEX: FA 76 F4 E5 68 FD 96 FF 23 90 AD BE | T:1677149 RPD:1
[CH: 50] LEN: 12 | HEX: FA 76 F5 E4 69 E9 96 FD D7 75 BF EF | T:1677179 RPD:1
[CH: 50] LEN: 12 | HEX: EE 76 FE E3 6E FB 96 EE 89 8C BF DD | T:1677209 RPD:1
[CH: 50] LEN: 12 | HEX: EA 76 FE E2 6E FD 96 FF 15 69 AF FF | T:1677239 RPD:1
[CH: 50] LEN: 12 | HEX: FA 76 FA E1 6C FB 96 FF 60 67 AF F7 | T:1677269 RPD:1
[CH: 50] LEN: 12 | HEX: F2 76 F6 E0 6D FD 96 FF BC 82 AF FD | T:1677299 RPD:1
[CH: 50] LEN: 12 | HEX: FA 76 FD DF 52 F5 96 FB 2D 92 AD DB | T:1677329 RPD:1
[CH: 50] LEN: 12 | HEX: FA 76 FE FE 73 DD 96 FF EE 8D AF DB | T:1677359 RPD:1
[CH: 50] LEN: 12 | HEX: FA 76 FE FD 70 FD 96 FE BB 83 AE BE | T:1677363 RPD:1
[CH: 50] LEN: 12 | HEX: FA 76 FE FC 71 F5 96 FF 67 66 BD FF | T:1677367 RPD:1
[CH: 50] LEN: 12 | HEX: FA 76 FA F3 76 FD 96 FF 51 9F 7F FD | T:1677397 RPD:1
[CH: 50] LEN: 12 | HEX: F6 76 FA F2 77 FF 96 F5 0D 7A BF FF | T:1677427 RPD:1
[CH: 50] LEN: 12 | HEX: FA 76 FE F9 74 FD 96 F7 B8 74 BB FF | T:1677457 RPD:1
[CH: 50] LEN: 12 | HEX: F2 76 FE F8 75 FD 96 F7 24 91 BF EF | T:1677487 RPD:1
[CH: 50] LEN: 12 | HEX: F2 76 FA F7 7A ED 96 FE D5 86 B7 DF | T:1677517 RPD:1
[CH: 50] LEN: 12 | HEX: F2 76 F6 F6 7B FD 96 FF 49 63 AB EF | T:1677547 RPD:1
[CH: 50] LEN: 12 | HEX: F2 76 FE F5 78 FD 96 FF 3C 6D BD 7B | T:1677577 RPD:1
[CH: 50] LEN: 12 | HEX: FA 76 EE F4 79 ED 96 F5 D0 88 AF EF | T:1677607 RPD:1
[CH: 50] LEN: 12 | HEX: FA 76 F6 F3 7E FD 96 FF 56 71 AF FD | T:1677637 RPD:1
[CH: 50] LEN: 12 | HEX: F2 76 F4 E2 7B ED 96 FF 0A 94 BB 2D | T:1677667 RPD:1
[CH: 50] LEN: 12 | HEX: EA 76 ED F1 7C F5 96 FB 77 1A AF DF | T:1677697 RPD:1
[CH: 50] LEN: 12 | HEX: F2 76 F6 F0 7D ED 96 FF A3 7D 2B AF | T:1677727 RPD:1
[CH: 50] LEN: 12 | HEX: F2 76 FE EF 62 F9 96 FF 0D 95 AF BD | T:1677757 RPD:1
[CH: 50] LEN: 12 | HEX: F2 76 EE EE 63 FD 96 F7 91 70 BF FD | T:1677787 RPD:1
[CH: 50] LEN: 12 | HEX: FA 76 F6 ED 60 ED 96 F7 A4 7E BF 7B | T:1677816 RPD:1
[CH: 50] LEN: 12 | HEX: FA 76 FE EC 61 FD 96 FF 78 9B AF DD | T:1677846 RPD:1
[CH: 50] LEN: 12 | HEX: EA 76 FA EB 66 FB 96 FF 4E 62 AF FD | T:1677876 RPD:1
[CH: 50] LEN: 12 | HEX: FA 76 FE EA 67 F9 96 FB 92 87 AF FB | T:1677906 RPD:1
[CH: 50] LEN: 12 | HEX: F2 76 FE E9 64 E9 96 FF A7 89 AD FB | T:1677936 RPD:1
[CH: 50] LEN: 12 | HEX: FA 76 FE E8 65 FD 96 FF 3B 6C AF 7D | T:1677966 RPD:1
[CH: 50] LEN: 12 | HEX: F2 76 FA E7 6A E9 96 EA CA 73 AB 16 | T:1677996 RPD:1
[CH: 50] LEN: 12 | HEX: F2 76 FE E6 6B FD 96 FF 56 9E AB BE | T:1678026 RPD:1
[CH: 50] LEN: 12 | HEX: F2 76 FE E5 68 FB 96 EE 23 90 BF FD | T:1678056 RPD:1
[CH: 50] LEN: 12 | HEX: FA 76 FA E4 69 FD 96 FF AF 75 AF FD | T:1678086 RPD:1
[CH: 50] LEN: 12 | HEX: FA 76 FE E3 6F FD 96 F6 C9 8C AF FF | T:1678116 RPD:1
[CH: 50] LEN: 12 | HEX: FA 76 FE E2 6F FB 96 FF 15 69 BB 7D | T:1678146 RPD:1
[CH: 50] LEN: 12 | HEX: F2 76 FE E1 6C ED 96 F7 60 67 2E DF | T:1678176 RPD:1
[CH: 50] LEN: 12 | HEX: F2 76 FE E0 6D DD 96 FF FC 82 AF FB | T:1678206 RPD:1
[CH: 50] LEN: 12 | HEX: F2 76 FE DE 52 FD 96 FF 2D 92 BE F5 | T:1678236 RPD:1
[CH: 50] LEN: 12 | HEX: FA 76 FE FA 73 FD 96 ED 4E 8D AF 5F | T:1678266 RPD:1
[CH: 50] LEN: 12 | HEX: FA 76 F4 F5 70 FD 96 F5 3B 83 AF FF | T:1678270 RPD:1
[CH: 50] LEN: 12 | HEX: F2 76 F6 E8 71 D5 96 F7 67 66 BF FF | T:1678274 RPD:1
[CH: 50] LEN: 12 | HEX: EE 76 F6 F7 76 F5 B6 FE D1 9F 6E 96 | T:1678304 RPD:1
[CH: 50] LEN: 12 | HEX: FA 76 F6 FA 77 7D 96 FB 8D 7A AD BE | T:1678334 RPD:1
[CH: 50] LEN: 12 | HEX: FA 76 FE F1 74 FD 96 F7 B8 74 AF FF | T:1678364 RPD:1
[CH: 50] LEN: 12 | HEX: F2 76 FE F0 75 FD 96 FF 24 91 AE FF | T:1678394 RPD:1
[CH: 50] LEN: 12 | HEX: FA 76 FE F7 7A FD 96 FA 95 86 BF FF | T:1678424 RPD:1
[CH: 50] LEN: 12 | HEX: F2 76 FE F6 7B FD 96 FE C9 63 AD F7 | T:1678454 RPD:1
[CH: 50] LEN: 12 | HEX: F2 76 EC E5 78 FD 96 EB 38 6D BE BF | T:1678484 RPD:1
[CH: 50] LEN: 12 | HEX: FA 76 FE F4 79 FB 96 FF 40 88 BF FE | T:1678514 RPD:1
[CH: 50] LEN: 12 | HEX: FA 76 FE F3 7E ED 96 F7 96 71 BF FF | T:1678544 RPD:1
[CH: 50] LEN: 12 | HEX: F6 76 F6 F2 75 BD 96 F6 4A 94 AF BF | T:1678574 RPD:1
[CH: 50] LEN: 12 | HEX: FA 76 FE E1 7C EB 96 FF 7B 1A BD FD | T:1678604 RPD:1
[CH: 50] LEN: 12 | HEX: FA 76 FE F0 7D F9 96 FF A3 7F AE BF | T:1678634 RPD:1
[CH: 50] LEN: 12 | HEX: FA 76 FA EF 62 F5 96 FF 0D 95 AF FF | T:1678664 RPD:1
[CH: 50] LEN: 12 | HEX: FA 76 FE EE 63 FD 96 FF B1 70 AB FF | T:1678694 RPD:1
[CH: 50] LEN: 12 | HEX: EE 76 F6 ED 60 FD 96 FF 64 7A AB EF | T:1678724 RPD:1
[CH: 50] LEN: 12 | HEX: F2 76 FE EC 61 FD 96 F6 F0 9B FD FB | T:1678754 RPD:1
[CH: 50] LEN: 12 | HEX: FA 76 FE EB 66 F5 96 FF 4E 62 AD 7F | T:1678784 RPD:1
[CH: 50] LEN: 12 | HEX: F2 76 F6 EA 67 F5 96 FF 52 87 BF FE | T:1678814 RPD:1
[CH: 50] LEN: 12 | HEX: FA 76 FB E9 64 FD 96 F7 E7 89 BF F7 | T:1678843 RPD:1
[CH: 50] LEN: 12 | HEX: F2 76 F6 E8 65 FD 96 FF 3B 6C B6 FD | T:1678873 RPD:1
[CH: 50] LEN: 12 | HEX: F2 76 FE E7 6A F5 96 F7 4A 7B AF FF | T:1678903 RPD:1
[CH: 50] LEN: 12 | HEX: F2 76 FE E6 6B FD 96 F7 56 9E AF FF | T:1678933 RPD:1
[CH: 50] LEN: 12 | HEX: F2 76 FE E5 68 F5 96 FD 23 90 AF FF | T:1678963 RPD:1
[CH: 50] LEN: 12 | HEX: FA 76 FE E4 69 FD 96 F5 FF 75 AB FF | T:1678993 RPD:1
[CH: 50] LEN: 12 | HEX: F2 76 FE E3 6E FD 96 FE 89 8C BF FF | T:1679023 RPD:1
[CH: 50] LEN: 12 | HEX: EA 76 F5 E2 6F FB 96 FF 15 69 AF D5 | T:1679053 RPD:1
[CH: 50] LEN: 12 | HEX: F2 76 FE E1 6C FD 96 F6 60 67 AF F7 | T:1679083 RPD:1
[CH: 50] LEN: 12 | HEX: FA 76 FE E0 6D FD 96 F5 3C 82 BF 75 | T:1679113 RPD:1
[CH: 50] LEN: 12 | HEX: FA 76 FE DF 52 FD 96 FF 2D 92 BE EF | T:1679143 RPD:1
[CH: 50] LEN: 12 | HEX: EE 76 FE FE 73 F9 96 FF 4E 8D BF FB | T:1679173 RPD:1
[CH: 50] LEN: 12 | HEX: FA 76 FE F5 70 FD 96 F5 BB 83 BF B7 | T:1679177 RPD:1
[CH: 50] LEN: 12 | HEX: FA 76 FA FC 71 FD 96 FE 67 66 AE D6 | T:1679181 RPD:1
[CH: 50] LEN: 12 | HEX: FA 76 FE FB 76 FB 96 F7 51 9E BF B6 | T:1679211 RPD:1
[CH: 50] LEN: 12 | HEX: FA 76 EE FA 77 BB 96 F7 8D 72 BF FB | T:1679241 RPD:1
[CH: 50] LEN: 12 | HEX: FA 76 FE F9 74 FD 96 FF 78 74 AF F5 | T:1679271 RPD:1
[CH: 50] LEN: 12 | HEX: FA 76 FE F0 75 FD 96 FF 24 91 AD 7F | T:1679301 RPD:1
[CH: 50] LEN: 12 | HEX: FA 76 FE F6 7B F9 96 F7 49 63 AF FF | T:1679361 RPD:1
[CH: 50] LEN: 12 | HEX: EE 76 F6 F5 78 F5 96 FA 3C 6D AD EF | T:1679391 RPD:1
[CH: 50] LEN: 12 | HEX: FA 76 FD F4 79 FD 96 FF A0 88 BB 76 | T:1679421 RPD:1
[CH: 50] LEN: 12 | HEX: FA 76 F4 F3 7E FB 96 FF B6 71 BF DF | T:1679451 RPD:1
[CH: 50] LEN: 12 | HEX: FA 76 FC F2 7B DD 96 F7 0A 94 BF 7B | T:1679481 RPD:1
[CH: 50] LEN: 12 | HEX: EE 76 EE F1 7C F5 96 EE 77 9A BD BA | T:1679511 RPD:1
[CH: 50] LEN: 12 | HEX: FA 76 FE F0 7D F5 96 F7 63 7B AF FB | T:1679541 RPD:1
[CH: 50] LEN: 12 | HEX: F2 76 FE EF 62 ED 96 FF 0D 95 AF F5 | T:1679571 RPD:1
[CH: 50] LEN: 12 | HEX: FA 76 FA EE 63 D9 96 FF F1 70 AE F6 | T:1679601 RPD:1
[CH: 50] LEN: 12 | HEX: F2 76 F5 ED 60 FD 96 EF 64 7E BF DF | T:1679631 RPD:1
[CH: 50] LEN: 12 | HEX: F2 76 EE EC 61 FD 96 FF 70 9B BD FF | T:1679661 RPD:1
[CH: 50] LEN: 12 | HEX: F2 76 FA EB 66 FD 96 FF 4E 62 BD F7 | T:1679691 RPD:1
[CH: 50] LEN: 12 | HEX: FA 76 F6 E9 64 FD 96 FB E7 89 BF FE | T:1679751 RPD:1
[CH: 50] LEN: 12 | HEX: F2 76 FE E8 65 FD 96 FF 3B 6C AD EF | T:1679781 RPD:1
[CH: 50] LEN: 12 | HEX: F2 76 FE E7 6A F9 96 FF 4A 7B AF 76 | T:1679811 RPD:1
[CH: 50] LEN: 12 | HEX: FA 76 FA E6 6B FD 96 F5 56 9E AF 7F | T:1679841 RPD:1
[CH: 50] LEN: 12 | HEX: F2 76 FA E5 68 FD 96 FB 23 90 AF FD | T:1679871 RPD:1
[CH: 50] LEN: 12 | HEX: F2 76 FA F4 69 FD 96 F7 5F 75 BF FF | T:1679901 RPD:1
[CH: 50] LEN: 12 | HEX: F2 76 F6 E3 6E FB 96 FF 49 8C BF EF | T:1679931 RPD:1
[CH: 50] LEN: 12 | HEX: FA 76 FA E2 6F B5 96 F7 95 69 B7 FA | T:1679960 RPD:1
[CH: 50] LEN: 12 | HEX: FA 76 FE E1 6C ED 96 FF 60 67 AF F7 | T:1679990 RPD:1
[CH: 50] LEN: 12 | HEX: FA 76 FE F0 6D FB 96 FF BC 82 AF BE | T:1680020 RPD:1
[CH: 50] LEN: 12 | HEX: F2 76 FE DE D2 E9 96 FF 2D 92 AF FF | T:1680050 RPD:1
[CH: 50] LEN: 12 | HEX: F2 76 FA FE 73 FF 96 F5 4E 8D AF BE | T:1680080 RPD:1
[CH: 50] LEN: 12 | HEX: F2 76 FE FC 71 D9 96 F6 67 66 AF FF | T:1680088 RPD:1
[CH: 50] LEN: 12 | HEX: F2 76 F6 F7 76 F5 96 FB 51 9D 2F FD | T:1680118 RPD:1
[CH: 50] LEN: 12 | HEX: FA 76 FE F2 77 F5 96 FE 8D 7A B9 5D | T:1680148 RPD:1
[CH: 50] LEN: 12 | HEX: F2 76 F4 E9 74 E9 96 FF 78 74 BE FD | T:1680178 RPD:1
[CH: 50] LEN: 12 | HEX: FA 76 FD F8 75 FD 96 F6 A4 91 BE BD | T:1680208 RPD:1
[CH: 50] LEN: 12 | HEX: FA 76 F4 F7 7A F9 96 FF 55 86 AF FF | T:1680238 RPD:1
[CH: 50] LEN: 12 | HEX: FA 76 F6 F5 78 FD 96 FF 3C 6D AB FF | T:1680298 RPD:1
[CH: 50] LEN: 12 | HEX: F2 76 FE F4 79 FD 96 FF A0 88 BF FF | T:1680328 RPD:1
[CH: 50] LEN: 12 | HEX: F6 76 FE F3 7E FD 96 F7 96 71 AD DA | T:1680358 RPD:1
[CH: 50] LEN: 12 | HEX: F2 76 FE F2 7D BD 96 FE 0A 94 AD EF | T:1680388 RPD:1
[CH: 50] LEN: 12 | HEX: FA 76 F4 F1 7C FD 96 EF 7B 9A AD FF | T:1680418 RPD:1
[CH: 50] LEN: 12 | HEX: F2 76 FE F0 75 FD 96 FF 63 77 BF ED | T:1680448 RPD:1
[CH: 50] LEN: 12 | HEX: FA 76 FE EF 62 FB 96 FF 8D 95 B6 FF | T:1680478 RPD:1
[CH: 50] LEN: 12 | HEX: FA 76 FA EE 63 FD 96 F5 B1 70 AF FB | T:1680508 RPD:1
[CH: 50] LEN: 12 | HEX: F6 76 FE ED 60 FD 96 EB E4 7E AF DF | T:1680538 RPD:1
[CH: 50] LEN: 12 | HEX: F2 76 FE EC 61 F5 96 EE F8 9B BD D7 | T:1680568 RPD:1
[CH: 50] LEN: 12 | HEX: FA 76 FE EB 66 FD 96 FF 4E 62 BF FE | T:1680598 RPD:1
[CH: 50] LEN: 12 | HEX: FA 76 EC EA 67 FD 96 F7 12 87 AF FB | T:1680628 RPD:1
[CH: 50] LEN: 12 | HEX: FA 76 F6 E9 64 F9 96 F7 67 89 AD FF | T:1680658 RPD:1
[CH: 50] LEN: 12 | HEX: F2 76 F6 E8 65 FD 96 F6 3B 6C BF FF | T:1680688 RPD:1
[CH: 50] LEN: 12 | HEX: FA 76 FE E6 6B E9 96 FF 56 9E AB E1 | T:1680748 RPD:1
[CH: 50] LEN: 12 | HEX: F6 76 FE E5 68 EB 96 EA 23 90 AB BF | T:1680778 RPD:1
[CH: 50] LEN: 12 | HEX: EE 76 FE E4 69 FD 96 EF FF 75 BF FF | T:1680808 RPD:1
[CH: 50] LEN: 12 | HEX: FA 76 FE E3 6E FB 96 F7 69 8C BF FD | T:1680838 RPD:1
[CH: 50] LEN: 12 | HEX: F2 76 FA E2 6F F5 96 F7 15 69 AB EF | T:1680868 RPD:1
[CH: 50] LEN: 12 | HEX: FA 76 FE E1 6C FD 96 F7 60 67 2F 5E | T:1680898 RPD:1
[CH: 50] LEN: 12 | HEX: EA 76 FE E0 6D F9 96 FE FC 82 BE FF | T:1680928 RPD:1
[CH: 50] LEN: 12 | HEX: F6 7E EE DF 52 F5 96 FB 2D 92 B5 EF | T:1680958 RPD:1
[CH: 50] LEN: 12 | HEX: FA 76 FE FE 73 FD 96 F7 4E 8D AF D7 | T:1680988 RPD:1
[CH: 50] LEN: 12 | HEX: F2 76 F6 FD 70 FD 96 EA FB 83 BE F7 | T:1680991 RPD:1
[CH: 50] LEN: 12 | HEX: FA 76 F6 F4 71 FD 96 FF 67 66 BF 96 | T:1680995 RPD:1
[CH: 50] LEN: 12 | HEX: FA 76 FE FB 76 FB 96 F7 51 9E A7 FE | T:1681026 RPD:1
[CH: 50] LEN: 12 | HEX: FA 76 F4 F2 77 7D 96 F7 4D 72 B7 EF | T:1681056 RPD:1
[CH: 50] LEN: 12 | HEX: FA 76 FE E9 74 F5 96 EB F8 74 BF FF | T:1681086 RPD:1
[CH: 50] LEN: 12 | HEX: FA 76 F6 F8 75 FD 96 FF 24 91 AF FF | T:1681116 RPD:1
[CH: 50] LEN: 12 | HEX: FA 76 FE F7 7A FD 96 FF D5 86 AE DB | T:1681146 RPD:1
[CH: 50] LEN: 12 | HEX: F2 76 FE F6 7B DD 96 F5 49 63 AF FF | T:1681175 RPD:1
[CH: 50] LEN: 12 | HEX: FA 76 FE F5 78 F5 96 F7 38 6D AF FF | T:1681205 RPD:1
[CH: 50] LEN: 12 | HEX: FA 76 FE F4 79 FD 96 FF 40 88 AE F5 | T:1681236 RPD:1
[CH: 50] LEN: 12 | HEX: F2 76 FE F3 76 F5 96 FE 96 71 AF FF | T:1681265 RPD:1
[CH: 50] LEN: 12 | HEX: F2 76 FA F2 7F AD 96 FF 0A 94 AD EB | T:1681295 RPD:1
[CH: 50] LEN: 12 | HEX: F6 76 F6 F1 74 FD 96 FA 75 9A AF FF | T:1681325 RPD:1
[CH: 50] LEN: 12 | HEX: FA 76 FE F0 7B FD 96 FF A3 77 6E FF | T:1681355 RPD:1
[CH: 50] LEN: 12 | HEX: F2 76 FE EF 62 FD 96 FF 0D 95 AF AD | T:1681385 RPD:1
[CH: 50] LEN: 12 | HEX: FA 76 FE FD 60 FD 96 FF E4 7C BE B7 | T:1681445 RPD:1
[CH: 50] LEN: 12 | HEX: FA 76 FE EC 61 F5 96 FF 78 9B BF EF | T:1681475 RPD:1
[CH: 50] LEN: 12 | HEX: FA 76 FE EB 66 FF 96 F5 4E 62 AD FF | T:1681505 RPD:1
[CH: 50] LEN: 12 | HEX: FA 76 FE EA 67 69 96 FF 92 87 BF DF | T:1681535 RPD:1
[CH: 50] LEN: 12 | HEX: F2 76 FE E9 64 F9 96 FF 47 89 BB FD | T:1681565 RPD:1
[CH: 50] LEN: 12 | HEX: F2 76 FE E8 65 FD 96 F7 3B 6C BF DF | T:1681595 RPD:1
[CH: 50] LEN: 12 | HEX: F2 76 FA E7 6A FD 96 F7 4A 7B BF BF | T:1681625 RPD:1
[CH: 50] LEN: 12 | HEX: FA 76 FA E6 6B FD 96 FF 56 9E BF BF | T:1681655 RPD:1
[CH: 50] LEN: 12 | HEX: F2 7E EA E5 68 F5 96 F7 23 90 AD 5D | T:1681685 RPD:1
[CH: 50] LEN: 12 | HEX: F2 76 FE E4 69 FD 96 FF 7F 75 AF DF | T:1681715 RPD:1
[CH: 50] LEN: 12 | HEX: F6 76 FE E3 6E F9 96 F5 C9 8C AF B6 | T:1681745 RPD:1
[CH: 50] LEN: 12 | HEX: F2 76 FE E2 6F 75 96 FF 15 69 AF F7 | T:1681775 RPD:1
[CH: 50] LEN: 12 | HEX: F2 76 F6 E1 6C FD 96 FB 60 67 2B FF | T:1681805 RPD:1
[CH: 50] LEN: 12 | HEX: F2 76 FE E0 6D F5 96 FE FC 82 AB 6D | T:1681835 RPD:1
[CH: 50] LEN: 12 | HEX: EA 76 FE DE 52 F5 96 EE 2D 92 AF DF | T:1681865 RPD:1
[CH: 50] LEN: 12 | HEX: EE 76 FE F6 73 FD 96 FF 4E 8D AB FF | T:1681895 RPD:1
[CH: 50] LEN: 12 | HEX: FA 76 FE F5 70 FD 96 FF BB 83 BF FF | T:1681899 RPD:1
[CH: 50] LEN: 12 | HEX: FA 76 FA F6 71 ED 96 FF 67 66 BF DF | T:1681903 RPD:1
[CH: 50] LEN: 12 | HEX: F6 76 FE FB 76 FD 96 FF 51 9F 2B FF | T:1681933 RPD:1
[CH: 50] LEN: 12 | HEX: F2 76 EE FA 77 FB 96 FF 4D 72 BF F7 | T:1681963 RPD:1
[CH: 50] LEN: 12 | HEX: F2 76 F4 F1 74 F5 96 F6 B8 74 BB FF | T:1681993 RPD:1
[CH: 50] LEN: 12 | HEX: F2 76 FE F0 75 FD 96 FE A4 91 AF FF | T:1682023 RPD:1
[CH: 50] LEN: 12 | HEX: FA 76 FE F7 7A FD 96 FF 95 86 BF FB | T:1682053 RPD:1
[CH: 50] LEN: 12 | HEX: FA 76 FE F6 7B E9 96 FB 49 63 B7 FF | T:1682083 RPD:1
[CH: 50] LEN: 12 | HEX: F2 76 FA F5 78 F5 96 F7 3C 6D BF DD | T:1682113 RPD:1
[CH: 50] LEN: 12 | HEX: F2 76 FE F4 79 ED 96 FF 60 88 BD DD | T:1682143 RPD:1
[CH: 50] LEN: 12 | HEX: F2 76 FA F3 7E FD 96 FF B6 71 AF FE | T:1682173 RPD:1
[CH: 50] LEN: 12 | HEX: F2 76 FE E2 7F AD 96 F6 8A 94 AF 7F | T:1682203 RPD:1
[CH: 50] LEN: 12 | HEX: F2 76 EE F1 74 FD 96 FF 7B 9A AB BF | T:1682233 RPD:1
[CH: 50] LEN: 12 | HEX: FA 76 F6 F0 79 E9 96 FF 23 7F BF FF | T:1682263 RPD:1
[CH: 50] LEN: 12 | HEX: FA 76 F4 EF 62 E9 96 FA 0D 95 AF DF | T:1682293 RPD:1
[CH: 50] LEN: 12 | HEX: FA 76 FE EE 63 ED 96 FF 91 70 BF FF | T:1682323 RPD:1
[CH: 50] LEN: 12 | HEX: F6 76 FE ED 60 FD 96 F7 A4 7A BF FF | T:1682353 RPD:1
[CH: 50] LEN: 12 | HEX: FA 7E FE EC 61 EB 96 FE F8 9B BF DF | T:1682383 RPD:1
[CH: 50] LEN: 12 | HEX: FA 76 FA EB 66 FD 96 FF 4E 62 AF BF | T:1682413 RPD:1
[CH: 50] LEN: 12 | HEX: FA 76 FE EA 67 FD 96 F7 12 87 BD FF | T:1682442 RPD:1
[CH: 50] LEN: 12 | HEX: EA 76 F6 E9 64 FD 96 FE A7 C9 AF DF | T:1682472 RPD:1
[CH: 50] LEN: 12 | HEX: FA 76 FE E8 65 FD 96 FF 3B 6C AF FB | T:1682502 RPD:1
[CH: 50] LEN: 12 | HEX: FA 76 FE E7 6A FD 96 FF CA 7B BA F7 | T:1682532 RPD:1
[CH: 50] LEN: 12 | HEX: FA 76 EC E6 6B FD 96 FF 56 9E AF BF | T:1682562 RPD:1
[CH: 50] LEN: 12 | HEX: F2 76 FE E5 68 D5 96 DA A3 90 B6 AF | T:1682592 RPD:1
[CH: 50] LEN: 12 | HEX: FA 76 FA E4 69 F5 96 FB EF 75 A6 EE | T:1682622 RPD:1
[CH: 50] LEN: 12 | HEX: FA 76 FA E3 6E FD 96 FB 49 8C AF B7 | T:1682652 RPD:1
[CH: 50] LEN: 12 | HEX: F2 76 F6 E2 6E E9 96 F7 15 69 BA FF | T:1682682 RPD:1
[CH: 50] LEN: 12 | HEX: FA 76 FE E1 6C FD 96 FF 60 67 AB EF | T:1682712 RPD:1
[CH: 50] LEN: 12 | HEX: F2 76 FE E0 6D E9 96 F6 BC 82 BE EF | T:1682742 RPD:1
[CH: 50] LEN: 12 | HEX: F2 76 FE FE 73 FB 96 F7 8E 8D BF ED | T:1682802 RPD:1
[CH: 50] LEN: 12 | HEX: FA 76 F6 F5 70 FD 96 FB BB 83 AF EF | T:1682806 RPD:1
[CH: 50] LEN: 12 | HEX: FA 76 FE FE 71 ED 96 FF 67 66 AC BF | T:1682810 RPD:1
[CH: 50] LEN: 12 | HEX: FA 76 EE F3 76 EB 96 FE 51 9D 2F FF | T:1682840 RPD:1
[CH: 50] LEN: 12 | HEX: FA 76 FE FA 77 BD 96 EB 0D 7A AF FF | T:1682870 RPD:1
[CH: 50] LEN: 12 | HEX: F2 76 FD F1 74 F5 96 F7 B8 74 BF FF | T:1682900 RPD:1
[CH: 50] LEN: 12 | HEX: F2 76 F6 F8 75 FD 96 FF 24 91 AF BF | T:1682930 RPD:1
[CH: 50] LEN: 12 | HEX: FA 76 EE F7 7A E9 96 EF 55 86 AF FF | T:1682960 RPD:1
[CH: 50] LEN: 12 | HEX: FA 76 FE F6 7B FD 96 FF 49 63 BF FF | T:1682990 RPD:1
[CH: 50] LEN: 12 | HEX: F2 76 FE F5 78 FD 96 F7 3C 6D AE DF | T:1683020 RPD:1
[CH: 50] LEN: 12 | HEX: FA 76 F4 F4 79 FD 96 FF A0 88 BF FD | T:1683050 RPD:1
[CH: 50] LEN: 12 | HEX: FA 76 FE F3 7D FB 96 FD 96 71 BF BF | T:1683080 RPD:1
[CH: 50] LEN: 12 | HEX: F2 76 FE F2 7F AD 96 FB 0A 94 AD FB | T:1683110 RPD:1
[CH: 50] LEN: 12 | HEX: F2 76 FE F1 7C F5 96 FE FD 9A BF FF | T:1683140 RPD:1
[CH: 50] LEN: 12 | HEX: F2 76 FE F0 7D E9 96 FF 63 7F AE FF | T:1683170 RPD:1
[CH: 50] LEN: 12 | HEX: F2 76 F4 EF 62 F5 96 F7 0D 95 BE FF | T:1683200 RPD:1
[CH: 50] LEN: 12 | HEX: FA 76 FE EE 63 E9 96 EF D1 70 BF FF | T:1683230 RPD:1
[CH: 50] LEN: 12 | HEX: F2 76 FE ED 60 FD 96 FF A4 7C BF BF | T:1683260 RPD:1
[CH: 50] LEN: 12 | HEX: F2 76 F6 EC 61 FD 96 FF 78 9B BF FF | T:1683290 RPD:1
[CH: 50] LEN: 12 | HEX: FA 76 F6 EB 66 FB 96 FF 4E 62 AF F7 | T:1683320 RPD:1
[CH: 50] LEN: 12 | HEX: F2 76 FE EA 67 BF 96 FF D2 87 AF FF | T:1683350 RPD:1
[CH: 50] LEN: 12 | HEX: F2 76 FE E9 64 FD 96 FF C7 89 AF FF | T:1683380 RPD:1
[CH: 50] LEN: 12 | HEX: F2 76 FE E8 65 FD 96 FF 3B 6C AD DF | T:1683410 RPD:1
[CH: 50] LEN: 12 | HEX: FA 76 F4 E7 6A F5 96 EB 8A 73 AB FF | T:1683440 RPD:1
[CH: 50] LEN: 12 | HEX: FA 76 FE E6 6B FD 96 FD 56 9E BF BD | T:1683470 RPD:1
[CH: 50] LEN: 12 | HEX: F6 76 F4 E5 68 EB 96 EA 23 90 AB 7F | T:1683500 RPD:1
[CH: 50] LEN: 12 | HEX: FA 76 FE E3 6E F5 96 FA C9 8C BF FD | T:1683560 RPD:1
[CH: 50] LEN: 12 | HEX: FA 76 FE E2 6F 6D 96 F7 15 69 AF FF | T:1683590 RPD:1
[CH: 50] LEN: 12 | HEX: FA 76 FE E1 6C F5 96 FF 60 67 BD 7F | T:1683620 RPD:1
[CH: 50] LEN: 12 | HEX: FA 76 F6 DF 52 FD 96 FD 2D 92 BD DF | T:1683679 RPD:1
[CH: 50] LEN: 12 | HEX: FA 76 F6 FE 73 FD 96 FF 4E 8D BF EF | T:1683709 RPD:1
[CH: 50] LEN: 12 | HEX: FA 76 F5 FD 70 FB 96 FF BB 83 BF BE | T:1683713 RPD:1
[CH: 50] LEN: 12 | HEX: FA 76 F4 F4 71 FD 96 FF 67 66 B5 FF | T:1683716 RPD:1
[CH: 50] LEN: 12 | HEX: F2 76 FE F3 76 FD 96 FF 51 9F BF FF | T:1683746 RPD:1
[CH: 50] LEN: 12 | HEX: F6 76 F5 EA 77 B5 96 EF 0D 72 AD EE | T:1683776 RPD:1
[CH: 50] LEN: 12 | HEX: F2 76 F6 F1 74 FD 96 FF A8 74 AF 7D | T:1683806 RPD:1
[CH: 50] LEN: 12 | HEX: F2 76 FE F8 75 ED 96 F5 24 91 BF BD | T:1683836 RPD:1
[CH: 50] LEN: 12 | HEX: F2 76 FE F7 FA F5 96 FB 55 86 AF F7 | T:1683866 RPD:1
[CH: 50] LEN: 12 | HEX: FA 76 FE E6 73 AD 96 F5 49 63 BD 7F | T:1683896 RPD:1
[CH: 50] LEN: 12 | HEX: FA 76 FE F5 78 FD 96 FF 3C 6D AF FB | T:1683926 RPD:1
[CH: 50] LEN: 12 | HEX: EA 76 F4 E4 79 F9 96 FF B0 88 BB 7F | T:1683956 RPD:1
[CH: 50] LEN: 12 | HEX: FA 76 FE F3 7A FD 96 FF F6 71 B6 AE | T:1683986 RPD:1
[CH: 50] LEN: 12 | HEX: FA 76 FA E2 7F D5 96 FF 0A 94 BF FF | T:1684016 RPD:1
[CH: 50] LEN: 12 | HEX: FA 76 FE F1 7C FD 96 F7 7F 9A BF EE | T:1684046 RPD:1
[CH: 50] LEN: 12 | HEX: FA 76 EE F0 7D ED 96 EF A3 7B BF 7F | T:1684076 RPD:1
[CH: 50] LEN: 12 | HEX: FA 76 FE EF 62 FD 96 FF 0D 95 BF FA | T:1684106 RPD:1
[CH: 50] LEN: 12 | HEX: FA 76 FE EE 63 FD 96 F7 B1 70 BF DF | T:1684136 RPD:1
[CH: 50] LEN: 12 | HEX: F2 76 FA ED 60 F5 96 EB A4 7E AF BF | T:1684166 RPD:1
[CH: 50] LEN: 12 | HEX: FA 76 EE EC 61 ED 96 FE 78 9B AF F7 | T:1684196 RPD:1
[CH: 50] LEN: 12 | HEX: FA 76 F6 EB 66 FD 96 F7 4E 62 BF FF | T:1684226 RPD:1
[CH: 50] LEN: 12 | HEX: F2 76 FE EA 67 B5 96 FF 92 87 AF FF | T:1684256 RPD:1
[CH: 50] LEN: 12 | HEX: FA 76 FE E9 64 ED 96 FB A7 89 AB FB | T:1684286 RPD:1
[CH: 50] LEN: 12 | HEX: FA 76 FE E8 65 FD 96 FF 3B 6C AF FF | T:1684316 RPD:1
[CH: 50] LEN: 12 | HEX: FA 76 F6 E7 6A F7 96 FF 4A 7B AF FD | T:1684346 RPD:1
[CH: 50] LEN: 12 | HEX: F2 76 FE E6 6B ED 96 FF 56 9E AE FF | T:1684376 RPD:1
[CH: 50] LEN: 12 | HEX: FA 76 FE E5 68 FB 96 FF 23 90 BF 5F | T:1684406 RPD:1
[CH: 50] LEN: 12 | HEX: FA 76 FE E4 69 FD 96 EE BF 75 B9 DD | T:1684436 RPD:1
[CH: 50] LEN: 12 | HEX: FA 76 FE E3 6E FD 96 FF 09 8C BF FB | T:1684466 RPD:1
[CH: 50] LEN: 12 | HEX: F2 76 F6 E2 6F D7 96 FE 15 69 AE FF | T:1684496 RPD:1
[CH: 50] LEN: 12 | HEX: F2 76 F6 E1 6C FD 96 EB 60 67 2F FF | T:1684526 RPD:1
[CH: 50] LEN: 12 | HEX: FA 76 FE DE 52 FD 96 FF 2D 92 BA FF | T:1684586 RPD:1
[CH: 50] LEN: 12 | HEX: F2 76 FE EE 73 ED 96 EF AE 8D BB FD | T:1684616 RPD:1
[CH: 50] LEN: 12 | HEX: FA 76 FE F5 70 EB 96 F7 7B 83 AF FE | T:1684619 RPD:1
[CH: 50] LEN: 12 | HEX: F2 76 FE FC 71 FD 96 FF 67 66 AB 92 | T:1684622 RPD:1
[CH: 50] LEN: 12 | HEX: FA 76 F5 FB 76 F9 96 F5 51 9E AB FF | T:1684653 RPD:1
[CH: 50] LEN: 12 | HEX: F2 76 FE F2 77 BF 96 FE CD 7A BF FB | T:1684683 RPD:1
[CH: 50] LEN: 12 | HEX: FA 76 F4 F1 74 FD 96 F6 B8 74 BB 7F | T:1684713 RPD:1
[CH: 50] LEN: 12 | HEX: F2 76 FE F8 75 FD 96 FF 24 91 BF BF | T:1684743 RPD:1
[CH: 50] LEN: 12 | HEX: FA 76 F6 E7 7A FD 96 FF 95 86 BB 7F | T:1684772 RPD:1
[CH: 50] LEN: 12 | HEX: FA 76 FE F6 7B DD 96 FF 49 63 AF F5 | T:1684802 RPD:1
[CH: 50] LEN: 12 | HEX: F2 76 FC F5 70 E9 96 FB 3C 6D AF 7D | T:1684832 RPD:1
[CH: 50] LEN: 12 | HEX: F2 76 FE F4 79 ED 96 FF 40 88 BF B7 | T:1684863 RPD:1
[CH: 50] LEN: 12 | HEX: F2 76 FE F3 7E FD 96 FF B6 71 BF BF | T:1684892 RPD:1
[CH: 50] LEN: 12 | HEX: F6 76 FE E2 7F 5D 96 F6 0A 94 BE FE | T:1684922 RPD:1
[CH: 50] LEN: 12 | HEX: F2 76 FE F0 7D FD 96 FF E3 75 BF BE | T:1684982 RPD:1
[CH: 50] LEN: 12 | HEX: F2 76 FE EF 62 F9 96 FF 0D 95 AF F7 | T:1685012 RPD:1
[CH: 50] LEN: 12 | HEX: F2 76 FE EE 63 FD 96 F7 51 70 AF ED | T:1685042 RPD:1
[CH: 50] LEN: 12 | HEX: FA 76 F6 ED 60 ED 96 FF 24 7B AF FE | T:1685072 RPD:1
[CH: 50] LEN: 12 | HEX: F6 76 F6 EC 61 FD 96 F7 70 9B BF BF | T:1685102 RPD:1
[CH: 50] LEN: 12 | HEX: FA 76 F6 EB 66 FB 96 EF 4E 62 BF FF | T:1685132 RPD:1
[CH: 50] LEN: 12 | HEX: FA 76 FA EA 67 FB 96 FE 92 87 BF 7F | T:1685162 RPD:1
[CH: 50] LEN: 12 | HEX: FA 76 FE E9 64 F5 96 FF 47 49 AF FE | T:1685192 RPD:1
[CH: 50] LEN: 12 | HEX: FA 76 FE E8 65 FD 96 F7 3B 6C BF DF | T:1685222 RPD:1
[CH: 50] LEN: 12 | HEX: FA 76 EE E7 6A FD 96 FF 4A 73 BF FF | T:1685252 RPD:1
[CH: 50] LEN: 12 | HEX: FA 76 FE E6 6B FD 96 F7 D6 9E AE FF | T:1685282 RPD:1
[CH: 50] LEN: 12 | HEX: F6 76 FE E5 68 FB B6 FF 23 90 AE AD | T:1685312 RPD:1
[CH: 50] LEN: 12 | HEX: F6 76 EC E4 69 DD 96 FF 7F 75 A5 BF | T:1685342 RPD:1
[CH: 50] LEN: 12 | HEX: F2 76 FD E3 6E FD 96 F7 49 8C AB F7 | T:1685372 RPD:1
[CH: 50] LEN: 12 | HEX: FA 76 FE E2 6F FB 96 FF 95 69 BF FB | T:1685402 RPD:1
[CH: 50] LEN: 12 | HEX: F2 76 FE E1 6C FD 96 FE E0 67 BF FF | T:1685432 RPD:1
[CH: 50] LEN: 12 | HEX: F6 76 FA E0 6D FD 96 FF FC 82 BB BF | T:1685462 RPD:1
[CH: 50] LEN: 12 | HEX: EA 76 FE DE 52 FD 96 F5 2D 92 BF DF | T:1685492 RPD:1
[CH: 50] LEN: 12 | HEX: FA 76 F6 F6 73 D9 96 FF 4E 8D BF EF | T:1685522 RPD:1
[CH: 50] LEN: 12 | HEX: F2 76 FE EB 70 F5 96 FF 3B 83 BF 7B | T:1685526 RPD:1
[CH: 50] LEN: 12 | HEX: EE 76 FE E8 71 D5 96 EE 67 66 BF F7 | T:1685529 RPD:1
[CH: 50] LEN: 12 | HEX: FA 76 F6 F3 76 F7 96 FE D1 9F BE FE | T:1685559 RPD:1
[CH: 50] LEN: 12 | HEX: EA 76 F6 F2 77 DD 96 F7 4D 72 BD FE | T:1685589 RPD:1
[CH: 50] LEN: 12 | HEX: FA 76 FE F1 74 F5 96 FF 58 74 AE FF | T:1685619 RPD:1
[CH: 50] LEN: 12 | HEX: F2 76 FE F0 75 EB 96 FF 24 91 AF FF | T:1685649 RPD:1
[CH: 50] LEN: 12 | HEX: FA 76 FE F7 7A FB 96 EE 95 86 BF FF | T:1685679 RPD:1
[CH: 50] LEN: 12 | HEX: F2 76 FE F6 73 ED 96 FE 49 63 AF 6B | T:1685709 RPD:1
[CH: 50] LEN: 12 | HEX: F2 76 FE F5 70 E9 96 D5 3C 6D BB BD | T:1685739 RPD:1
[CH: 50] LEN: 12 | HEX: F2 76 FE F4 79 ED 96 FF 40 88 B6 F6 | T:1685769 RPD:1
[CH: 50] LEN: 12 | HEX: FA 76 F5 F3 7A FD 96 FF B6 71 AD FF | T:1685799 RPD:1
[CH: 50] LEN: 12 | HEX: EE 76 FE F2 7F DD 96 FF 8A 94 AF FF | T:1685829 RPD:1
[CH: 50] LEN: 12 | HEX: FA 76 F6 F1 78 F5 96 F7 7B 9A AF FF | T:1685859 RPD:1
[CH: 50] LEN: 12 | HEX: FA 76 FE F0 7B FD 96 F7 63 7F BF FF | T:1685889 RPD:1
[CH: 50] LEN: 12 | HEX: F2 76 F6 EF 62 FB 96 FF 0D 95 BF 7F | T:1685919 RPD:1
[CH: 50] LEN: 12 | HEX: F2 76 FC EE 63 ED 96 FF 71 70 AF DE | T:1685949 RPD:1
[CH: 50] LEN: 12 | HEX: FA 76 FE ED 60 EB 96 FF 64 76 BF FD | T:1685978 RPD:1
[CH: 50] LEN: 12 | HEX: FA 76 FE EC 61 FD 96 FF 78 9B EB B7 | T:1686008 RPD:1
[CH: 50] LEN: 12 | HEX: F2 76 FE EB 66 F5 96 FF 4E 62 BF DF | T:1686038 RPD:1
[CH: 50] LEN: 12 | HEX: F2 76 FE EA 67 BB 96 F7 92 87 AE DE | T:1686068 RPD:1
[CH: 50] LEN: 12 | HEX: FA 76 FE E9 64 ED 96 FF D7 89 BF EE | T:1686098 RPD:1
[CH: 50] LEN: 12 | HEX: F2 76 F6 E8 65 FD 96 FF 3B 6C AB 7F | T:1686128 RPD:1
[CH: 50] LEN: 12 | HEX: EA 76 FF E7 6A F5 96 FF 4A 7B BF FF | T:1686158 RPD:1
[CH: 50] LEN: 12 | HEX: F2 76 FE E6 6B FF 96 F7 56 9E AB B5 | T:1686188 RPD:1
[CH: 50] LEN: 12 | HEX: FA 76 FA E5 68 E9 96 EA 23 90 BF DB | T:1686218 RPD:1
[CH: 50] LEN: 12 | HEX: FA 76 FE E4 69 FD 96 FF D7 F5 BF EF | T:1686248 RPD:1
[CH: 50] LEN: 12 | HEX: F2 76 FE E3 6E F9 96 FF 49 8C AF FE | T:1686278 RPD:1
[CH: 50] LEN: 12 | HEX: FA 76 F6 E2 6F 79 96 FD 15 69 AE BF | T:1686308 RPD:1
[CH: 50] LEN: 12 | HEX: F2 76 FA E1 6C FD 96 FE 60 67 AE EF | T:1686338 RPD:1
[CH: 50] LEN: 12 | HEX: F2 76 FE E0 6D DD 96 FF BC 82 AF FF | T:1686368 RPD:1
[CH: 50] LEN: 12 | HEX: F6 76 F6 DE 52 F5 96 FA AD 92 AE FF | T:1686398 RPD:1
[CH: 50] LEN: 12 | HEX: F2 76 FE FE 73 BD 96 EF 8E 8D AF FF | T:1686428 RPD:1
[CH: 50] LEN: 12 | HEX: FA 76 FE F5 70 F5 96 FB BB 83 BB FF | T:1686432 RPD:1
[CH: 50] LEN: 12 | HEX: F2 76 F6 F4 71 FD 96 FF 67 66 A7 DF | T:1686435 RPD:1
[CH: 50] LEN: 12 | HEX: FA 76 F4 F7 76 FD 96 EE 51 9F BF FF | T:1686465 RPD:1
[CH: 50] LEN: 12 | HEX: FA 76 F6 FA 77 AB 96 F7 8D 7A BF DF | T:1686495 RPD:1
[CH: 50] LEN: 12 | HEX: FA 76 FA F9 74 FD 96 F7 B8 74 BF 7D | T:1686525 RPD:1
[CH: 50] LEN: 12 | HEX: FA 76 EE F8 75 ED 96 FF 24 91 AD FF | T:1686555 RPD:1
[CH: 50] LEN: 12 | HEX: FA 76 FE F7 7A F5 96 EE 95 86 AF FF | T:1686585 RPD:1
[CH: 50] LEN: 12 | HEX: FA 76 FE F6 7B FD 96 FF 49 63 BF FF | T:1686615 RPD:1
[CH: 50] LEN: 12 | HEX: F2 76 F5 F5 78 FB 96 F6 3C 6D AF F7 | T:1686645 RPD:1
[CH: 50] LEN: 12 | HEX: F2 76 FE F4 79 ED 96 F7 E0 88 AF D7 | T:1686675 RPD:1
[CH: 50] LEN: 12 | HEX: FA 76 FE F3 7A E9 96 F7 B6 71 BD F7 | T:1686705 RPD:1
[CH: 50] LEN: 12 | HEX: FA 76 FE F2 7F E9 96 FF 8A 94 BF 5D | T:1686735 RPD:1
[CH: 50] LEN: 12 | HEX: F2 76 FE F0 75 FD 96 F7 23 7D 2B 7D | T:1686795 RPD:1
[CH: 50] LEN: 12 | HEX: F2 76 FE EF 62 FD 96 FF 0D 95 BF 7B | T:1686825 RPD:1
[CH: 50] LEN: 12 | HEX: FA 76 FE EE 63 DD 96 FF B1 70 AF 57 | T:1686855 RPD:1
[CH: 50] LEN: 12 | HEX: FA 76 FE ED 60 FB 96 FF 64 7D AF FF | T:1686885 RPD:1
[CH: 50] LEN: 12 | HEX: F2 76 FE EC 61 ED 96 F7 78 9B A7 FD | T:1686915 RPD:1
[CH: 50] LEN: 12 | HEX: FA 76 EE EB 66 F9 96 FB 4E 62 AF 5D | T:1686945 RPD:1
[CH: 50] LEN: 12 | HEX: F2 76 FB EA 67 FB 96 F7 92 87 BE BF | T:1686975 RPD:1
[CH: 50] LEN: 12 | HEX: F2 76 FE E9 64 FB 96 FF A7 89 BF EB | T:1687005 RPD:1
[CH: 50] LEN: 12 | HEX: F2 76 FE E8 65 FD 96 FF 3B 6C AF FD | T:1687034 RPD:1
[CH: 50] LEN: 12 | HEX: FA 76 F6 E7 6A F5 96 EF 4A 6B AF DD | T:1687064 RPD:1
[CH: 50] LEN: 12 | HEX: F2 76 FE E6 6B DD 96 FE D6 9E A7 FB | T:1687094 RPD:1
[CH: 50] LEN: 12 | HEX: FA 76 FE E5 68 FD 96 FF 23 90 BB FE | T:1687124 RPD:1
[CH: 50] LEN: 12 | HEX: FA 76 FE E4 69 F5 96 FF DF 75 AD DF | T:1687154 RPD:1
[CH: 50] LEN: 12 | HEX: FA 76 FE E3 6E FD 96 FF 49 8C AE BF | T:1687184 RPD:1
[CH: 50] LEN: 12 | HEX: FA 76 FE E2 6F F7 96 FF 15 69 BF FB | T:1687214 RPD:1
[CH: 50] LEN: 12 | HEX: FA 76 FE E1 6C FD 96 FE E0 67 AD 6D | T:1687244 RPD:1
[CH: 50] LEN: 12 | HEX: FA 76 FA E0 6D FD 96 F7 BC 82 BD FF | T:1687274 RPD:1
[CH: 50] LEN: 12 | HEX: F2 76 FE DF 52 FD 96 FD 2D 92 AB F7 | T:1687304 RPD:1
[CH: 50] LEN: 12 | HEX: FA 76 FE FE 73 FD 96 F5 AE 8D BF 6E | T:1687334 RPD:1
[CH: 50] LEN: 12 | HEX: F2 76 FE F9 70 FD 96 FF BB 83 B7 DF | T:1687338 RPD:1
[CH: 50] LEN: 12 | HEX: FA 76 FE FC 71 FD 96 F7 67 66 BF F5 | T:1687342 RPD:1
[CH: 50] LEN: 12 | HEX: FA 76 FE FB 76 F5 96 FF 51 9F BF FF | T:1687372 RPD:1
[CH: 50] LEN: 12 | HEX: F2 76 FA FA 77 FF 96 FF CD 7A AF FE | T:1687402 RPD:1
[CH: 50] LEN: 12 | HEX: F2 76 FA F9 74 F9 96 F7 E8 74 BF F7 | T:1687432 RPD:1
[CH: 50] LEN: 12 | HEX: FA 76 F6 F8 75 FD 96 FF 24 91 AF FB | T:1687462 RPD:1
[CH: 50] LEN: 12 | HEX: FA 76 F6 F7 76 FD 96 FF 95 86 AF FF | T:1687492 RPD:1
[CH: 50] LEN: 12 | HEX: FA 76 FC F6 7B B5 96 F7 49 63 AD 5F | T:1687522 RPD:1
[CH: 50] LEN: 12 | HEX: F2 76 FA E5 78 FD 96 FF 3C 6D BF FF | T:1687552 RPD:1
[CH: 50] LEN: 12 | HEX: F2 76 FD F4 79 F5 96 F7 E0 88 AF FF | T:1687582 RPD:1
[CH: 50] LEN: 12 | HEX: FA 76 FE F3 7E FD 96 F7 76 71 AB FF | T:1687612 RPD:1
[CH: 50] LEN: 12 | HEX: FA 76 FA F2 7F AD 96 F7 0A 94 BF 7D | T:1687642 RPD:1
[CH: 50] LEN: 12 | HEX: F2 76 F6 F1 78 F9 96 FF 7F 9A AB FF | T:1687672 RPD:1
[CH: 50] LEN: 12 | HEX: FA 76 FE F0 79 FD 96 FF E3 7B 3F FF | T:1687702 RPD:1
[CH: 50] LEN: 12 | HEX: EE 76 FE EF 62 FD 96 FF 0D 95 B7 F2 | T:1687732 RPD:1
[CH: 50] LEN: 12 | HEX: FA 76 FE EE 63 ED 96 FE 91 70 BF EE | T:1687762 RPD:1
[CH: 50] LEN: 12 | HEX: F2 76 FE ED 60 FB 96 FB A4 7A AF F7 | T:1687792 RPD:1
[CH: 50] LEN: 12 | HEX: FA 76 FE EC 61 EB 96 FB 78 9B BF FF | T:1687822 RPD:1
[CH: 50] LEN: 12 | HEX: FA 76 F6 EB 66 FB 96 FF CE 62 AA FF | T:1687852 RPD:1
[CH: 50] LEN: 12 | HEX: FA 76 EA EA 67 DD 96 FB 92 87 AD FE | T:1687882 RPD:1
[CH: 50] LEN: 12 | HEX: F6 76 F5 E8 65 FD 96 F5 3B 6C AE EF | T:1687942 RPD:1
[CH: 50] LEN: 12 | HEX: FA 76 FE E7 6A FD 96 FF CA 7B AF BF | T:1687972 RPD:1
[CH: 50] LEN: 12 | HEX: F2 76 FE E6 6B F9 96 F7 56 9E BF FF | T:1688002 RPD:1
[CH: 50] LEN: 12 | HEX: FA 76 FE E5 68 ED 96 F7 23 90 AE FF | T:1688032 RPD:1
[CH: 50] LEN: 12 | HEX: F2 76 FE E4 69 D9 96 FE FD F5 AE F7 | T:1688061 RPD:1
[CH: 50] LEN: 12 | HEX: FA 76 FA E3 6E F9 96 FF 49 8C AA FE | T:1688091 RPD:1
[CH: 50] LEN: 12 | HEX: F2 76 FC E2 6F F5 96 FF 15 69 AE F7 | T:1688121 RPD:1
[CH: 50] LEN: 12 | HEX: EA 7E FE E1 6C FD 96 FF 60 67 AB 7B | T:1688151 RPD:1
[CH: 50] LEN: 12 | HEX: FA 76 FE E0 6D FD 96 F7 7C 82 BB FF | T:1688181 RPD:1
[CH: 50] LEN: 12 | HEX: F2 76 FE DF 52 FD 96 EF 2D 92 BF DF | T:1688211 RPD:1
[CH: 50] LEN: 12 | HEX: FA 76 FE EE 73 F9 96 FF 4E 8D BF BF | T:1688241 RPD:1
[CH: 50] LEN: 12 | HEX: FA 76 F6 F5 70 FB 96 FF BB 83 BF FF | T:1688245 RPD:1
[CH: 50] LEN: 12 | HEX: FA 76 FE FC 71 FD 96 FF 67 66 BF FF | T:1688248 RPD:1
[CH: 50] LEN: 12 | HEX: FA 76 FE F7 76 FD 96 FB 51 9E AF EB | T:1688278 RPD:1
[CH: 50] LEN: 12 | HEX: FA 76 F6 F2 77 AD 96 FF 4D 7A B6 BF | T:1688308 RPD:1
[CH: 50] LEN: 12 | HEX: EA 76 FE F8 75 FD 96 EE 24 91 BD EB | T:1688368 RPD:1
[CH: 50] LEN: 12 | HEX: F2 76 F6 F7 72 FD 96 FF D5 86 AE F5 | T:1688398 RPD:1
[CH: 50] LEN: 12 | HEX: F2 76 FE F6 7B FD 96 EF 49 63 AD FF | T:1688428 RPD:1
[CH: 50] LEN: 12 | HEX: FE 76 EE F5 78 F5 96 FF 3C 6D AF FF | T:1688458 RPD:1
[CH: 50] LEN: 12 | HEX: FA 76 FE F4 79 FD 96 FF A0 88 AD FF | T:1688488 RPD:1
[CH: 50] LEN: 12 | HEX: EA 76 FE E3 7A FD 96 FF 56 71 AD 7F | T:1688518 RPD:1
[CH: 50] LEN: 12 | HEX: EA 76 EE F2 75 FD 96 FB 0A 94 A6 FD | T:1688548 RPD:1
[CH: 50] LEN: 12 | HEX: FE 76 EC F1 7C FD 96 FF 7B 9A AF 7F | T:1688578 RPD:1
[CH: 50] LEN: 12 | HEX: FA 76 F4 F0 79 FD 96 FB A3 7F AF BF | T:1688608 RPD:1
[CH: 50] LEN: 12 | HEX: F2 76 FE EF 62 FD 96 FF 0D 95 AF F7 | T:1688638 RPD:1
[CH: 50] LEN: 12 | HEX: FA 76 FE EE 63 DD 96 F7 51 70 BF FF | T:1688668 RPD:1
[CH: 50] LEN: 12 | HEX: F2 76 F4 ED 60 F5 96 FB 64 7A BA FA | T:1688698 RPD:1
[CH: 50] LEN: 12 | HEX: FA 76 FE EC 61 FD 96 FF 78 9B AF AE | T:1688728 RPD:1
[CH: 50] LEN: 12 | HEX: F2 76 FE EB 66 D5 96 FE 4E 62 AB FF | T:1688758 RPD:1
[CH: 50] LEN: 12 | HEX: F2 76 FE EA 67 F5 96 FF 52 87 AF FE | T:1688788 RPD:1
[CH: 50] LEN: 12 | HEX: FA 76 FE E9 64 F5 96 FF 67 89 AF 6F | T:1688818 RPD:1
[CH: 50] LEN: 12 | HEX: F2 76 F6 E8 65 DD 96 EB 3B 6C BF FA | T:1688848 RPD:1
[CH: 50] LEN: 12 | HEX: FA 76 F6 E7 6A FD 96 F7 0A 7B BF FF | T:1688878 RPD:1
[CH: 50] LEN: 12 | HEX: FA 76 FF E6 6B FD 96 FE 56 9E BF FB | T:1688908 RPD:1
[CH: 50] LEN: 12 | HEX: FA 76 FE E5 68 FD 96 FF 23 90 AE FB | T:1688938 RPD:1
[CH: 50] LEN: 12 | HEX: FA 76 FE E4 69 ED 96 FF 7F F5 BD FF | T:1688968 RPD:1
[CH: 50] LEN: 12 | HEX: FA 76 FE E3 6E FD 96 FF C9 8C AF B7 | T:1688998 RPD:1
[CH: 50] LEN: 12 | HEX: F2 76 F6 E2 6F F5 96 FF 95 69 BF FF | T:1689028 RPD:1
[CH: 50] LEN: 12 | HEX: F2 76 FE E1 6C FD 96 FF 60 67 AF 7B | T:1689058 RPD:1
[CH: 50] LEN: 12 | HEX: FA 76 FE E0 6D FD 96 F7 78 82 AD FF | T:1689088 RPD:1
[CH: 50] LEN: 12 | HEX: F6 76 F6 DE 52 FD 96 FB 2D 92 BF FD | T:1689118 RPD:1
[CH: 50] LEN: 12 | HEX: F2 76 FE FE 73 FD 96 FF 4E 8D AF BA | T:1689148 RPD:1
[CH: 50] LEN: 12 | HEX: FA 76 F6 FD 70 FD 96 FF BB 83 AB BF | T:1689151 RPD:1
[CH: 50] LEN: 12 | HEX: FA 76 EE E8 71 F5 96 FF 67 66 BF FF | T:1689155 RPD:1
[CH: 50] LEN: 12 | HEX: EA 76 F6 FB 76 F5 96 FF 51 9F AF FF | T:1689185 RPD:1
[CH: 50] LEN: 12 | HEX: F2 76 FE F2 77 BD 96 FE CD 7A AF B7 | T:1689215 RPD:1
[CH: 50] LEN: 12 | HEX: FA 76 FE F5 74 FD 96 FF 50 74 AF 6F | T:1689245 RPD:1
[CH: 50] LEN: 12 | HEX: EA 76 F6 F0 75 FD 96 EE 24 91 AF FE | T:1689275 RPD:1
[CH: 50] LEN: 12 | HEX: F2 76 FE F7 7A FD 96 F7 15 86 BF FE | T:1689305 RPD:1
[CH: 50] LEN: 12 | HEX: FE 76 F6 F6 7B FD 96 F7 49 63 AD DA | T:1689335 RPD:1
[CH: 50] LEN: 12 | HEX: EA 76 FE F5 78 FD 96 FE BC 6D AE FB | T:1689365 RPD:1
[CH: 50] LEN: 12 | HEX: F2 76 F4 F4 79 FD 96 FF 40 88 AD FF | T:1689395 RPD:1
[CH: 50] LEN: 12 | HEX: F2 76 F6 F3 7E FD 96 F7 96 71 AF 6F | T:1689425 RPD:1
[CH: 50] LEN: 12 | HEX: F2 76 EA E2 7F AD 96 FF 0A 94 AF FE | T:1689455 RPD:1
[CH: 50] LEN: 12 | HEX: FA 76 F6 F1 7C FD 96 FF 7F 9A BF F5 | T:1689485 RPD:1
[CH: 50] LEN: 12 | HEX: FA 7B FE 80 81 FD 96 FE A3 FC AB FF | T:1689694 RPD:1
[CH: 50] LEN: 12 | HEX: F2 7B DA 00 81 ED 96 FF A3 DC AF F7 | T:1689695 RPD:1
[CH: 50] LEN: 12 | HEX: F1 77 AE F6 FE 70 96 FF 23 2C BF 7F | T:1689726 RPD:1
[CH: 50] LEN: 12 | HEX: F1 77 5D FD F6 73 96 F7 94 AE BE F8 | T:1689729 RPD:1
[CH: 50] LEN: 12 | HEX: F1 77 BE EE FE 70 96 FF 23 2C AF FF | T:1689732 RPD:1
[CH: 50] LEN: 12 | HEX: F1 77 BC FF FE 73 96 F7 14 AE BB FE | T:1689743 RPD:1
[CH: 50] LEN: 12 | HEX: F9 77 FA F6 EC 70 96 F7 23 2C BB 6F | T:1689743 RPD:0
[CH: 50] LEN: 12 | HEX: F9 77 BE F5 FE 73 96 FF 94 AE BF FA | T:1689754 RPD:1
[CH: 50] LEN: 12 | HEX: F9 77 DD FA FE 70 96 FB 23 2C BF FF | T:1689766 RPD:1
[CH: 50] LEN: 12 | HEX: F1 77 FF FE FE 70 96 FE 23 2C BD BF | T:1689766 RPD:0
[CH: 50] LEN: 12 | HEX: E9 77 FA FE F6 70 96 F7 23 2C AF FF | T:1689777 RPD:1
[CH: 50] LEN: 12 | HEX: F9 77 FD FE FE 70 96 FB 23 2C BF FF | T:1689778 RPD:0
[CH: 50] LEN: 12 | HEX: F9 77 FD F5 EC 73 96 F7 94 AE BF 7F | T:1689789 RPD:1
[CH: 50] LEN: 12 | HEX: F9 77 FA FE FE 70 96 FF 23 2C AF B7 | T:1689789 RPD:0
[CH: 50] LEN: 12 | HEX: E9 77 BE FD FE 73 96 FE 94 AE BE BD | T:1689800 RPD:1
[CH: 50] LEN: 12 | HEX: F5 77 FD EE F6 70 96 FF 23 2C BF FF | T:1689812 RPD:1
[CH: 50] LEN: 12 | HEX: F9 77 FA FD FC 73 96 FF 54 AE BF FF | T:1689812 RPD:0
[CH: 50] LEN: 12 | HEX: F9 77 FD FE FE 70 96 FE 23 2C AE FF | T:1689823 RPD:1
[CH: 50] LEN: 12 | HEX: F1 77 DD FF FE 73 96 FE D4 AE AF FB | T:1689824 RPD:0
[CH: 50] LEN: 12 | HEX: F1 77 FD FE FE 70 96 F6 23 2C BF 77 | T:1689835 RPD:1
[CH: 50] LEN: 12 | HEX: F9 77 FC FB FE 73 96 FF 14 AE BF D5 | T:1689846 RPD:1
[CH: 50] LEN: 12 | HEX: F1 77 BB FE FE 70 96 F7 23 2C AE FB | T:1689846 RPD:0
[CH: 50] LEN: 12 | HEX: F1 77 DD FD FE 73 96 FF 14 AE AF FF | T:1689858 RPD:1
[CH: 50] LEN: 12 | HEX: F9 77 BD FD EC 73 96 FF 54 AE BE DF | T:1689858 RPD:0
[CH: 50] LEN: 12 | HEX: E9 77 F4 FE FE 70 96 FF A3 2C AF B7 | T:1689869 RPD:1
[CH: 50] LEN: 12 | HEX: F9 77 FD E9 F6 73 96 F7 54 AE BF DF | T:1689870 RPD:0
[CH: 50] LEN: 12 | HEX: F1 77 BA FE FE 70 96 F7 23 2C BF 7B | T:1689881 RPD:1
[CH: 50] LEN: 12 | HEX: F1 77 BD FD FC 73 96 FF 54 AE AB AE | T:1689892 RPD:1
[CH: 50] LEN: 12 | HEX: F9 77 BE FD DF 73 96 FB 54 AE AB FD | T:1689892 RPD:0
[CH: 50] LEN: 12 | HEX: F9 77 FA FE FE 70 96 F7 23 2C BD B7 | T:1689904 RPD:1
[CH: 50] LEN: 12 | HEX: F1 77 FA FE FE 70 96 FF 23 2C AF BF | T:1689904 RPD:0
[CH: 50] LEN: 12 | HEX: F1 77 BB FB FE 73 96 FF 54 AE AF D7 | T:1689915 RPD:1
[CH: 50] LEN: 12 | HEX: F1 77 DD F6 F5 70 96 FF 23 6C AF F5 | T:1689927 RPD:1
[CH: 50] LEN: 12 | HEX: F9 77 FE FD FE 73 96 FF 54 AE AF F5 | T:1689927 RPD:0
[CH: 50] LEN: 12 | HEX: F1 77 AE FA FA 70 96 FB 23 2C AD 9D | T:1689938 RPD:1
[CH: 50] LEN: 12 | HEX: F1 77 FC F4 EE 70 96 F6 23 2C BF 6F | T:1689938 RPD:1
[CH: 50] LEN: 12 | HEX: F9 77 DD FD FE 73 96 FF D4 AE B7 D5 | T:1689950 RPD:1
[CH: 50] LEN: 12 | HEX: F9 77 FA FE FE 70 96 FF 23 2C AD DF | T:1689961 RPD:1
[CH: 50] LEN: 12 | HEX: F9 77 FA F9 FC 73 96 FF 14 AE BB FD | T:1689961 RPD:0
[CH: 50] LEN: 12 | HEX: F1 77 74 F5 FE 73 D6 FF 54 AE BB D7 | T:1689972 RPD:1
[CH: 50] LEN: 12 | HEX: E9 77 BA FD DC 73 96 F7 D4 AE BE BF | T:1689973 RPD:0
[CH: 50] LEN: 12 | HEX: F1 77 FF FE FE 78 96 F7 23 2C BE FF | T:1689984 RPD:1
[CH: 50] LEN: 12 | HEX: F1 77 FF FB FE 73 96 FE 54 AE AF FF | T:1689984 RPD:0
[CH: 50] LEN: 12 | HEX: F5 77 5E FE F6 70 96 FF 23 2C AF FF | T:1689996 RPD:1
[CH: 50] LEN: 12 | HEX: F9 77 FA FD FE 73 96 FF 54 AF BF FF | T:1690007 RPD:1
[CH: 50] LEN: 12 | HEX: F9 77 FA FA FD 70 96 FF 23 2C BF FB | T:1690007 RPD:0
[CH: 50] LEN: 12 | HEX: F1 77 AD F9 FE 73 96 FF 54 AE BF F5 | T:1690018 RPD:1
[CH: 50] LEN: 12 | HEX: F1 77 FA FE FA 70 96 FF 23 2C B7 FF | T:1690019 RPD:0
[CH: 50] LEN: 12 | HEX: F1 77 FA F5 FE 73 96 FF 94 AE BD B7 | T:1690030 RPD:1
[CH: 50] LEN: 12 | HEX: F5 77 7A EE F6 70 96 FF 23 2C BD FE | T:1690041 RPD:1
[CH: 50] LEN: 12 | HEX: F9 77 FD F5 FE 73 96 FF 54 AE AF FF | T:1690042 RPD:0
[CH: 50] LEN: 12 | HEX: F5 77 FD FE F4 70 96 FF 23 2C BF FB | T:1690053 RPD:1
[CH: 50] LEN: 12 | HEX: F1 77 FC FE FE 70 96 FE A3 2C AD 7D | T:1690053 RPD:0
[CH: 50] LEN: 12 | HEX: F9 77 F9 F5 EE 73 96 FF 54 AE BB DB | T:1690064 RPD:1
[CH: 50] LEN: 12 | HEX: F9 77 AD FB FE 70 96 FF 23 2C BF 5F | T:1690065 RPD:0
[CH: 50] LEN: 12 | HEX: F9 77 FA F5 FC 73 96 FF 54 AE AF FA | T:1690076 RPD:1
[CH: 50] LEN: 12 | HEX: F9 77 F4 EC F4 70 96 F5 23 2C AE BF | T:1690087 RPD:1
[CH: 50] LEN: 12 | HEX: F9 77 FF FD FE 73 96 FB 94 AE BD DF | T:1690088 RPD:0
[CH: 50] LEN: 12 | HEX: F9 77 FC F6 FE 70 96 FF 23 2C AF EF | T:1690099 RPD:1
[CH: 50] LEN: 12 | HEX: F1 77 FA FD FE 73 96 FF 54 AE BE FF | T:1690099 RPD:0
[CH: 50] LEN: 12 | HEX: F1 77 D6 F6 F6 70 96 FF 23 2C BE DB | T:1690110 RPD:1
[CH: 50] LEN: 12 | HEX: F9 77 FE FD F6 73 96 FF D4 AE AB 7F | T:1690122 RPD:1
[CH: 50] LEN: 12 | HEX: F5 77 FE FE FE 70 96 FF 23 2C BF B5 | T:1690122 RPD:0
[CH: 50] LEN: 12 | HEX: F1 77 FC FD F4 73 96 FF 94 AE BE F7 | T:1690133 RPD:1
[CH: 50] LEN: 12 | HEX: F1 77 BE FB F4 73 96 F7 54 AE BB 7F | T:1690134 RPD:0
[CH: 50] LEN: 12 | HEX: F9 77 D5 FE FE 70 96 FF 23 2C BD F7 | T:1690145 RPD:1
[CH: 50] LEN: 12 | HEX: F9 77 FD FB FE 73 96 FF D4 AE A7 FF | T:1690156 RPD:1
[CH: 50] LEN: 12 | HEX: F1 77 BC FE FE 78 96 F7 23 2C BB FF | T:1690156 RPD:0
[CH: 50] LEN: 12 | HEX: F9 77 DA F6 FE 70 96 FF 23 2C AD 7F | T:1690168 RPD:1
[CH: 50] LEN: 12 | HEX: F9 77 B4 FE FE 70 96 FF 23 2C BF DF | T:1690168 RPD:0
[CH: 50] LEN: 12 | HEX: F9 77 DD FD FE 73 96 FF 14 AE BF EF | T:1690179 RPD:1
[CH: 50] LEN: 12 | HEX: F9 77 FD F6 FA 74 96 FF 23 2C AF FE | T:1690179 RPD:0
[CH: 50] LEN: 12 | HEX: F9 77 FD FD DE 73 96 FF 94 AE BF FD | T:1690191 RPD:1
[CH: 50] LEN: 12 | HEX: F9 77 FE FE FE 70 96 FF 23 2C BF FD | T:1690202 RPD:1
[CH: 50] LEN: 12 | HEX: F1 77 FE F9 FE 73 96 FD 94 AE BF FB | T:1690202 RPD:0
[CH: 50] LEN: 12 | HEX: F1 77 BD FC FE 70 96 F7 23 2C AE FD | T:1690214 RPD:1
[CH: 50] LEN: 12 | HEX: F9 77 FD FE FE 70 96 FF 23 2C AD FF | T:1690214 RPD:0
[CH: 50] LEN: 12 | HEX: F9 77 BE FB EE 73 96 FE 94 AE AF EF | T:1690225 RPD:1
[CH: 50] LEN: 12 | HEX: F1 77 DD F9 FE 73 96 FF 94 AE BD F7 | T:1690236 RPD:1
[CH: 50] LEN: 12 | HEX: F9 77 FD FE FE 70 96 FF 23 2C BF DC | T:1690237 RPD:0
[CH: 50] LEN: 12 | HEX: FB 77 DE F5 FE 73 96 FF D4 AE BF BF | T:1690248 RPD:1
[CH: 50] LEN: 12 | HEX: F9 77 BA FD FE 73 96 FF 94 AE AB FF | T:1690248 RPD:0
[CH: 50] LEN: 12 | HEX: F1 77 FF F4 FE 70 96 FF 23 2C BB 7F | T:1690260 RPD:1
[CH: 50] LEN: 12 | HEX: F5 77 FA E9 FE 73 96 F7 94 AE BF EF | T:1690260 RPD:0
[CH: 50] LEN: 12 | HEX: F1 77 FA FA EE 70 96 FF 63 2C AD FB | T:1690271 RPD:1
[CH: 50] LEN: 12 | HEX: F9 77 FA F5 EE 73 96 FF 54 AF BF FF | T:1690282 RPD:1
[CH: 50] LEN: 12 | HEX: F9 77 DE FE FE 70 96 F7 23 2C AF FF | T:1690283 RPD:0
[CH: 50] LEN: 12 | HEX: F9 77 FA FD FE 73 96 FB 94 AE BE ED | T:1690294 RPD:1
[CH: 50] LEN: 12 | HEX: F1 77 BA FE FE 70 96 EF 23 2C AF FF | T:1690294 RPD:0
[CH: 50] LEN: 12 | HEX: F5 77 D5 FD FE 73 96 F7 54 AE BF F7 | T:1690306 RPD:1
[CH: 50] LEN: 12 | HEX: F1 77 AE F6 FE 70 96 FF 23 2C BF FF | T:1690317 RPD:1
[CH: 50] LEN: 12 | HEX: F9 77 FA FD EC 73 96 FF D4 AE BF BF | T:1690317 RPD:0
[CH: 50] LEN: 12 | HEX: F1 77 BA F5 FC 70 96 FB 23 2C AF FF | T:1690328 RPD:1
[CH: 50] LEN: 12 | HEX: F1 77 DE FE FE 70 96 F7 23 2C BF 7E | T:1690329 RPD:0
[CH: 50] LEN: 12 | HEX: F9 77 B4 F5 FD 7B D6 FF 54 AE BF 7B | T:1690340 RPD:1
[CH: 50] LEN: 12 | HEX: F1 77 AF F5 FE 70 96 FD 23 2C AF BF | T:1690351 RPD:1
[CH: 50] LEN: 12 | HEX: F9 77 F5 E9 EA 73 96 FE 94 AE AB FD | T:1690352 RPD:0
[CH: 50] LEN: 12 | HEX: F1 77 BE F5 F6 70 96 FF 23 2C AF EA | T:1690363 RPD:1
[CH: 50] LEN: 12 | HEX: F9 77 FF FD FE 73 96 FF 54 AE AE F5 | T:1690363 RPD:0
[CH: 50] LEN: 12 | HEX: F9 77 FC FD FE 70 96 F7 23 2C B6 ED | T:1690374 RPD:1
[CH: 50] LEN: 12 | HEX: F1 77 7E FD FC 73 96 FF 54 AE BF FB | T:1690375 RPD:0
[CH: 50] LEN: 12 | HEX: F1 77 B5 FB FC 73 96 FF 94 AE AF BF | T:1690386 RPD:1
[CH: 50] LEN: 12 | HEX: F1 77 FD F9 F6 73 96 FA 94 AE AF BF | T:1690397 RPD:1
[CH: 50] LEN: 12 | HEX: F9 77 BE FA FD 70 96 FF A3 2C AD 6E | T:1690398 RPD:0
[CH: 50] LEN: 12 | HEX: F1 77 BC F5 FE 73 96 FF 54 AE AD DB | T:1690409 RPD:1
[CH: 50] LEN: 12 | HEX: E9 77 D6 FD FE 73 96 FF 54 AE BA ED | T:1690409 RPD:0
[CH: 50] LEN: 12 | HEX: F9 77 FD FE FE 70 96 F7 23 2C BF FF | T:1690420 RPD:1
[CH: 50] LEN: 12 | HEX: F9 77 FE F5 EA 73 96 FE D4 AE BE F5 | T:1690432 RPD:1
[CH: 50] LEN: 12 | HEX: F9 77 F4 FE FD 70 96 FF 23 2C AA AE | T:1690432 RPD:0
[CH: 50] LEN: 12 | HEX: F1 77 EE F6 FA 70 96 F7 23 2C AE 77 | T:1690443 RPD:1
[CH: 50] LEN: 12 | HEX: F9 77 FA F6 FB 70 96 F5 23 2C BE FF | T:1690443 RPD:0
[CH: 50] LEN: 12 | HEX: F9 77 BD FD FE 73 96 FB 94 AE B7 FD | T:1690455 RPD:1
[CH: 50] LEN: 12 | HEX: F1 77 FA FE FE 70 96 FF 23 2C AF FF | T:1690455 RPD:0
[CH: 50] LEN: 12 | HEX: F1 77 FA FD FE 73 96 FB 14 AE AB F5 | T:1690466 RPD:1
[CH: 50] LEN: 12 | HEX: F1 77 EE F6 FE 70 96 FF 23 2C BF EB | T:1690478 RPD:1
[CH: 50] LEN: 12 | HEX: F1 77 FA F5 DD 73 96 FE 94 AE BF FF | T:1690478 RPD:1
[CH: 50] LEN: 12 | HEX: F1 77 FD FA F6 70 96 FE 23 2C AF EF | T:1690489 RPD:1
[CH: 50] LEN: 12 | HEX: F1 77 FE F9 FD 73 96 FF 54 AE AF 6B | T:1690489 RPD:0
[CH: 50] LEN: 12 | HEX: F9 77 FA F6 EE 70 96 FF 23 2C AD DF | T:1690501 RPD:1
[CH: 50] LEN: 12 | HEX: ED 77 F4 FD FD 73 96 FF 94 AE AD F6 | T:1690512 RPD:1
[CH: 50] LEN: 12 | HEX: F1 77 FC F6 F4 70 96 F7 23 2C AF 7E | T:1690512 RPD:0
[CH: 50] LEN: 12 | HEX: F9 77 FE F5 D6 73 96 F5 94 AE BD FF | T:1690524 RPD:1
[CH: 50] LEN: 12 | HEX: F1 77 BA F9 F6 73 96 FF D4 AE A9 FF | T:1690524 RPD:0
[CH: 50] LEN: 12 | HEX: F9 77 FC F6 FE 70 96 F7 23 2C BF FF | T:1690535 RPD:1
[CH: 50] LEN: 12 | HEX: F9 77 FA FD FF 73 96 EF 94 AE AA DF | T:1690546 RPD:1
[CH: 50] LEN: 12 | HEX: F5 77 FA FE F5 70 96 FB 23 2C BF F7 | T:1690547 RPD:0
[CH: 50] LEN: 12 | HEX: F1 77 BA FD FE 73 96 FF 54 AE AA FF | T:1690558 RPD:1
[CH: 50] LEN: 12 | HEX: F9 77 AA FE FE 70 96 FF 23 2C BF FE | T:1690558 RPD:0
[CH: 50] LEN: 12 | HEX: F1 77 BE FD EE 73 96 FB 94 AE BF FF | T:1690570 RPD:1
[CH: 50] LEN: 12 | HEX: F9 77 FD FE FE 70 96 F5 23 2C AF EF | T:1690570 RPD:0
[CH: 50] LEN: 12 | HEX: F1 77 5E F5 FE 73 96 F7 54 AE BF FF | T:1690581 RPD:1
[CH: 50] LEN: 12 | HEX: F1 77 FD F6 F4 70 96 FF 23 2C AF FF | T:1690592 RPD:1
[CH: 50] LEN: 12 | HEX: F9 77 FE F5 FE 73 96 FF 94 AE AF FB | T:1690593 RPD:0
[CH: 50] LEN: 12 | HEX: F9 77 FD FE FE 70 96 FF 23 2C BF DD | T:1690604 RPD:1
[CH: 50] LEN: 12 | HEX: F9 77 AD F5 FE 73 96 FF 94 AE BF 7E | T:1690604 RPD:0
[CH: 50] LEN: 12 | HEX: F9 77 F4 FE FE 70 96 FF 23 2C BD FF | T:1690616 RPD:1
[CH: 50] LEN: 12 | HEX: F9 77 FD FE FE 70 96 FB 23 2C AB EF | T:1690627 RPD:1
[CH: 50] LEN: 12 | HEX: F9 7F BA FB FE 73 96 FF 94 AE AE FC | T:1690627 RPD:0
[CH: 50] LEN: 12 | HEX: F1 77 FE FB FC 73 96 FF 14 AE AF EF | T:1690638 RPD:1
[CH: 50] LEN: 12 | HEX: F9 77 BD FD FE 73 96 EB 94 AE BF FF | T:1690639 RPD:0
[CH: 50] LEN: 12 | HEX: F1 77 FE FE FE 70 96 FF 23 2C BF AF | T:1690650 RPD:1
[CH: 50] LEN: 12 | HEX: F9 77 DD F5 FC 73 96 FF 54 AE AE DD | T:1690650 RPD:0
[CH: 50] LEN: 12 | HEX: F9 77 DA EA FE 70 96 FF 23 2C AE FF | T:1690661 RPD:1
[CH: 50] LEN: 12 | HEX: F1 77 BE F5 FE 73 96 FF 54 AE AD EB | T:1690673 RPD:1
[CH: 50] LEN: 12 | HEX: F9 77 DC F4 FE 70 96 FF 23 2C AF 57 | T:1690673 RPD:0
[CH: 50] LEN: 12 | HEX: F5 77 DC FD FE 73 96 FF 54 AE AF FE | T:1690684 RPD:1
[CH: 50] LEN: 12 | HEX: F9 77 FD FD EC 73 96 FF 94 AE AF FD | T:1690685 RPD:0
[CH: 50] LEN: 12 | HEX: F9 77 74 FE FE 70 96 F7 23 2C AF 7D | T:1690696 RPD:1
[CH: 50] LEN: 12 | HEX: F9 77 FD FE F5 70 96 FF 23 2C AB FF | T:1690707 RPD:1
[CH: 50] LEN: 12 | HEX: F9 77 FA FD EA 73 96 F5 94 AE BF EF | T:1690707 RPD:0
[CH: 50] LEN: 12 | HEX: F9 77 FD FA FE 70 96 FB 23 2C AF FF | T:1690719 RPD:1
[CH: 50] LEN: 12 | HEX: F5 77 FB FE FC 70 96 F7 23 2C AF BF | T:1690719 RPD:0
[CH: 50] LEN: 12 | HEX: F9 77 F9 FD FE 73 96 FF 54 AE BB 7F | T:1690730 RPD:1
[CH: 50] LEN: 12 | HEX: F1 77 B5 FE FE 70 96 FE 23 2C AE FA | T:1690742 RPD:1
[CH: 50] LEN: 12 | HEX: F1 77 DE FD F6 73 96 FF 94 AE BF FF | T:1690742 RPD:0
[CH: 50] LEN: 12 | HEX: F1 77 FF FE FD 70 96 FF 23 2C BF FA | T:1690753 RPD:1
[CH: 50] LEN: 12 | HEX: F1 77 BF FE FE 70 96 F7 23 2C AD FD | T:1690753 RPD:0
[CH: 50] LEN: 12 | HEX: F9 77 FA FD F6 73 96 FF 54 AE BF FF | T:1690765 RPD:1
[CH: 50] LEN: 12 | HEX: F1 77 FC F7 FE 73 96 FF D4 AA BD AF | T:1690765 RPD:0
[CH: 50] LEN: 12 | HEX: F1 77 DE FE FE 70 96 F6 23 2C BF FF | T:1690776 RPD:1
[CH: 50] LEN: 12 | HEX: F5 77 FE F5 FE 73 96 FF 94 AE BF FE | T:1690788 RPD:1
[CH: 50] LEN: 12 | HEX: F1 77 75 FE F6 70 96 EF 23 2C BF 7F | T:1690788 RPD:0
[CH: 50] LEN: 12 | HEX: F9 77 BD FD EE 73 96 FF D4 AE AF FF | T:1690799 RPD:1
[CH: 50] LEN: 12 | HEX: F9 77 FD FD FE 73 96 FF 14 AE AE CF | T:1690799 RPD:0
[CH: 50] LEN: 12 | HEX: F1 77 B4 FA F4 70 96 EE 23 2C BD FF | T:1690811 RPD:1
[CH: 50] LEN: 12 | HEX: F1 77 BA FB FE 73 96 FA 94 AE BF FB | T:1690822 RPD:1
[CH: 50] LEN: 12 | HEX: F5 77 EE FE FE 70 96 FB 23 2C BF FB | T:1690822 RPD:0
[CH: 50] LEN: 12 | HEX: F1 77 EC FD FE 77 96 FF 54 AE AE FE | T:1690834 RPD:1
[CH: 50] LEN: 12 | HEX: F9 77 FA FE FE 70 96 FF 23 2C AF FF | T:1690834 RPD:0
[CH: 50] LEN: 12 | HEX: F9 77 FF FD F6 73 96 FF 94 AE BF EE | T:1690845 RPD:1
[CH: 50] LEN: 12 | HEX: F1 77 F4 FE F6 70 96 F7 23 2C BD FE | T:1690845 RPD:0
[CH: 50] LEN: 12 | HEX: F9 77 DD FB EE 73 96 F5 94 AE AB D7 | T:1690857 RPD:1
[CH: 50] LEN: 12 | HEX: F1 77 B5 FE F6 70 96 F7 23 2C BF FB | T:1690868 RPD:1
[CH: 50] LEN: 12 | HEX: F9 77 F4 FD EF 73 96 FB 94 AE AF FD | T:1690868 RPD:0
[CH: 50] LEN: 12 | HEX: F9 77 DE FE FE 70 96 F6 23 2C AF FF | T:1690880 RPD:1
[CH: 50] LEN: 12 | HEX: F1 77 B4 FE FE 70 96 EA 23 2C BB F7 | T:1690880 RPD:0
[CH: 50] LEN: 12 | HEX: F1 77 BB FD EC 73 96 EB 14 AE BF FF | T:1690891 RPD:1
[CH: 50] LEN: 12 | HEX: F1 77 FD FA FE 70 96 FF 23 2C BF FF | T:1690902 RPD:1
[CH: 50] LEN: 12 | HEX: F1 77 DE FD FC 73 96 FF 94 AE BE FB | T:1690903 RPD:0
[CH: 50] LEN: 12 | HEX: F9 77 EC F9 EE 73 96 F7 94 AE BF DF | T:1690914 RPD:1
[CH: 50] LEN: 12 | HEX: F5 77 D6 FD FE 73 96 F7 D4 AE BF F8 | T:1690914 RPD:0
[CH: 50] LEN: 12 | HEX: F1 77 BD FE F7 70 96 FA A3 2C BF BD | T:1690925 RPD:1
[CH: 50] LEN: 12 | HEX: F1 77 BC F5 FE 73 96 FF 94 AE BE DE | T:1690937 RPD:1
[CH: 50] LEN: 12 | HEX: F1 77 FD F6 FE 70 96 FF 23 2C AF BE | T:1690937 RPD:0
[CH: 50] LEN: 12 | HEX: F9 77 FA FB FE 73 96 FF 14 AE BF FD | T:1690948 RPD:1
[CH: 50] LEN: 12 | HEX: F1 77 FF FB FE 73 96 FF D4 AE B7 EF | T:1690949 RPD:1
[CH: 50] LEN: 12 | HEX: F9 77 DD FE F6 70 96 EF 23 2C BB FB | T:1690960 RPD:1
[CH: 50] LEN: 12 | HEX: F1 77 BB FD FE 73 96 FF 54 AE BF 5F | T:1690960 RPD:0
[CH: 50] LEN: 12 | HEX: F1 77 DD FA FE 70 96 FF 23 2C BE FF | T:1690971 RPD:1
[CH: 50] LEN: 12 | HEX: F9 77 DF FA FC 70 96 FF 23 2C BE EF | T:1690983 RPD:1
[CH: 50] LEN: 12 | HEX: F1 77 FA F5 F6 73 96 F7 14 AE AD 7F | T:1690983 RPD:0
[CH: 50] LEN: 12 | HEX: F9 77 FF FE F6 70 96 FA 23 2C AF FF | T:1690994 RPD:1
[CH: 50] LEN: 12 | HEX: F9 77 FC FE FE 70 96 FF 23 2C AE FD | T:1690995 RPD:0
[CH: 50] LEN: 12 | HEX: F1 77 FA F5 EE 73 96 FE 94 AE BF BF | T:1691006 RPD:1
[CH: 50] LEN: 12 | HEX: F9 77 BD FE FE 70 96 FF 23 2C BF CB | T:1691017 RPD:1
[CH: 50] LEN: 12 | HEX: F9 77 BA FD EE 73 96 FF 54 AE AA FF | T:1691017 RPD:1
[CH: 50] LEN: 12 | HEX: F9 77 FE FA FA 70 96 FB 23 2C BF FF | T:1691029 RPD:1
[CH: 50] LEN: 12 | HEX: E9 77 BA FD DC 73 96 F6 94 AE BF D7 | T:1691029 RPD:0
[CH: 50] LEN: 12 | HEX: F1 77 FD F6 FE 70 96 FE 23 2C AF EF | T:1691040 RPD:1
[CH: 50] LEN: 12 | HEX: F9 77 BD FB F6 73 96 FF D4 AE BB 7F | T:1691041 RPD:0
[CH: 50] LEN: 12 | HEX: F9 77 FD FE F5 70 96 FF 23 2C BF 6F | T:1691052 RPD:1
[CH: 50] LEN: 12 | HEX: F1 77 FD FD FE 73 96 FF 14 AE BB EF | T:1691063 RPD:1
[CH: 50] LEN: 12 | HEX: F9 77 FB FE AA 70 96 FF 23 2C AF FB | T:1691063 RPD:0
[CH: 50] LEN: 12 | HEX: F1 77 FD FD EC 73 96 FD 14 AE BF 57 | T:1691075 RPD:1
[CH: 50] LEN: 12 | HEX: F9 77 DE F5 FE 73 96 FF 94 AE BF FF | T:1691075 RPD:0
[CH: 50] LEN: 12 | HEX: F1 77 FD FE FE 70 96 FF 23 2C AF FF | T:1691086 RPD:1
[CH: 50] LEN: 12 | HEX: F9 77 FA FD FA 73 96 FF 54 AE BF FF | T:1691098 RPD:1
[CH: 50] LEN: 12 | HEX: F1 77 AC F4 F6 70 96 FF 23 2C AF FF | T:1691098 RPD:0
[CH: 50] LEN: 12 | HEX: F9 77 FA FD FE 73 96 FF 94 AE BF EF | T:1691109 RPD:1
[CH: 50] LEN: 12 | HEX: F9 77 BE FE EA 70 96 FF 23 2C BF FF | T:1691109 RPD:0
[CH: 50] LEN: 12 | HEX: F9 77 FD FD FE 73 96 FF 14 AE BD 7F | T:1691121 RPD:1
[CH: 50] LEN: 12 | HEX: F1 77 DF F4 FE 70 96 FF 23 2C AF EF | T:1691132 RPD:1
[CH: 50] LEN: 12 | HEX: F9 77 EC F9 FE 73 96 F5 94 AE BF B6 | T:1691132 RPD:0
[CH: 50] LEN: 12 | HEX: F1 77 74 EE FE 70 96 FE 23 2C BD DD | T:1691143 RPD:1
[CH: 50] LEN: 12 | HEX: F9 77 FB FE FD 70 96 F5 23 2C BF FF | T:1691144 RPD:0
[CH: 50] LEN: 12 | HEX: F9 77 FE FD FE 73 96 FF 94 AE BF FF | T:1691155 RPD:1
[CH: 50] LEN: 12 | HEX: F9 77 FF FA FE 70 96 FF 23 2C AD FB | T:1691155 RPD:1
[CH: 50] LEN: 12 | HEX: F9 77 BE F5 FE 73 96 FF 54 AE BF 7E | T:1691167 RPD:1
[CH: 50] LEN: 12 | HEX: F9 77 FD F5 FE 73 96 F7 94 AE BF F6 | T:1691178 RPD:1
[CH: 50] LEN: 12 | HEX: F9 77 DD FE FE 70 96 FE 23 2C BF FE | T:1691178 RPD:0
[CH: 50] LEN: 12 | HEX: F1 77 AE FD FE 73 96 FF 54 AE BE FF | T:1691189 RPD:1
[CH: 50] LEN: 12 | HEX: F9 77 FD FD F6 73 96 FB 94 AE B7 DF | T:1691190 RPD:0
[CH: 50] LEN: 12 | HEX: E9 77 BA F6 F6 70 96 FF 23 2C BF 77 | T:1691201 RPD:1
[CH: 50] LEN: 12 | HEX: F9 77 FB FD FD 73 96 FF 94 AE AF FD | T:1691212 RPD:1
[CH: 50] LEN: 12 | HEX: F1 77 BF FA FE 70 96 FB 23 2C AF BF | T:1691213 RPD:0
[CH: 50] LEN: 12 | HEX: F5 77 FE FB FE 73 96 FF 94 AE BD DD | T:1691224 RPD:1
[CH: 50] LEN: 12 | HEX: F9 77 FA FD EE 73 96 FB 94 AE BF FF | T:1691224 RPD:0
[CH: 50] LEN: 12 | HEX: F9 77 DA FE F6 70 96 FF 23 2C BF EB | T:1691235 RPD:1
[CH: 50] LEN: 12 | HEX: F1 77 FA F4 FE 70 96 FB 23 2C AF FF | T:1691236 RPD:0
[CH: 50] LEN: 12 | HEX: F9 77 5E F5 FC 73 96 F7 54 AE BF F7 | T:1691247 RPD:1
[CH: 50] LEN: 12 | HEX: F1 77 BA F6 F4 70 96 FF 23 2C BB F7 | T:1691258 RPD:1
[CH: 50] LEN: 12 | HEX: F1 77 BB F9 EA 73 96 FF 54 AE BF F7 | T:1691259 RPD:0
[CH: 50] LEN: 12 | HEX: F5 77 FF FE FE 70 96 FF 23 2C BF FD | T:1691270 RPD:1
[CH: 50] LEN: 12 | HEX: F9 77 BB FA FE 70 96 F5 23 2C BF F7 | T:1691270 RPD:0
[CH: 50] LEN: 12 | HEX: F9 77 BA F7 FE 73 96 F7 54 AE BF 7E | T:1691281 RPD:1
[CH: 50] LEN: 12 | HEX: F9 77 FB FA FE 70 96 FF 23 2C BE F6 | T:1691293 RPD:1
[CH: 50] LEN: 12 | HEX: F9 77 FD FD FE 73 96 FF 94 AE AD FF | T:1691293 RPD:0
[CH: 50] LEN: 12 | HEX: F9 77 FA FA F4 70 96 FF 23 2C AE FB | T:1691304 RPD:1
[CH: 50] LEN: 12 | HEX: F9 77 FD FD FE 73 96 FF 94 AE BF FF | T:1691305 RPD:0
[CH: 50] LEN: 12 | HEX: F1 77 FA FE FE 70 96 FF 23 2C BE FF | T:1691316 RPD:1
[CH: 50] LEN: 12 | HEX: F9 77 7D FD FC 73 96 F7 94 AE AF FD | T:1691327 RPD:1
[CH: 50] LEN: 12 | HEX: F9 77 FA FE FE 70 96 FF 23 2C BF BF | T:1691327 RPD:0
[CH: 50] LEN: 12 | HEX: E9 77 BD FB EE 73 96 FB 94 AE BF FE | T:1691339 RPD:1
[CH: 50] LEN: 12 | HEX: F9 77 BA F9 F6 73 96 FA 94 AE BB 5F | T:1691339 RPD:0
[CH: 50] LEN: 12 | HEX: F5 77 FD FE FA 70 96 F6 23 2C BF FB | T:1691350 RPD:1
[CH: 50] LEN: 12 | HEX: F9 77 AD F9 FE 73 96 FF 54 AE BE FF | T:1691350 RPD:0
[CH: 50] LEN: 12 | HEX: F9 77 B4 F6 FE 70 96 F5 23 2C BF EF | T:1691362 RPD:1
[CH: 50] LEN: 12 | HEX: F1 77 BD F5 EE 73 96 FE D4 AE BF FF | T:1691373 RPD:1
[CH: 50] LEN: 12 | HEX: F1 77 BA FA FE 70 96 FF 23 2C BF FF | T:1691373 RPD:0
[CH: 50] LEN: 12 | HEX: F9 77 DE FE F6 70 96 FB 23 2C BD EA | T:1691385 RPD:1
[CH: 50] LEN: 12 | HEX: F9 77 FB F6 FE 70 96 FB 23 2C AF F2 | T:1691385 RPD:0
[CH: 50] LEN: 12 | HEX: F9 77 FC FD FE 73 96 FF 94 AE BF FF | T:1691396 RPD:1
[CH: 50] LEN: 12 | HEX: F1 77 FD F6 F6 70 96 FF 23 2C BF FF | T:1691407 RPD:1
[CH: 50] LEN: 12 | HEX: F1 77 BE FD EC 73 96 FF 94 AE BF FD | T:1691408 RPD:0
[CH: 50] LEN: 12 | HEX: F9 77 FD FE F6 70 96 FE A3 2C BF FF | T:1691419 RPD:1
[CH: 50] LEN: 12 | HEX: F1 77 FE FE F6 70 96 FD 23 2C AE FB | T:1691419 RPD:0
[CH: 50] LEN: 12 | HEX: F1 77 FD FD FE 73 96 F7 14 AE AF FF | T:1691431 RPD:1
[CH: 50] LEN: 12 | HEX: F9 77 FA FE FE 70 96 FF 23 2C BF FF | T:1691431 RPD:0
[CH: 50] LEN: 12 | HEX: E9 77 F9 FF FE 73 96 F7 54 AE BF FF | T:1691442 RPD:1
[CH: 50] LEN: 12 | HEX: F1 77 DA F9 EE 73 96 FF D4 AE BD 7D | T:1691453 RPD:1
[CH: 50] LEN: 12 | HEX: F9 77 FF FE FE 70 96 FF 23 2C AF FF | T:1691454 RPD:0
[CH: 50] LEN: 12 | HEX: F9 77 FA FD FC 73 96 FB 54 AE AF F7 | T:1691465 RPD:1
[CH: 50] LEN: 12 | HEX: F9 77 BC F9 F6 73 96 F7 54 AE AB FF | T:1691465 RPD:0
[CH: 50] LEN: 12 | HEX: F1 77 BB F6 FE 70 96 EE 23 2C AF B6 | T:1691477 RPD:1
[CH: 50] LEN: 12 | HEX: F9 77 FF F7 EE 73 96 FF 94 AE BD FD | T:1691488 RPD:1
[CH: 50] LEN: 12 | HEX: F1 77 D6 FB FE 70 96 FF 23 2C AF FF | T:1691488 RPD:1
[CH: 50] LEN: 12 | HEX: F9 77 FB FD FA 73 96 FF 94 AE AD F7 | T:1691499 RPD:1
[CH: 50] LEN: 12 | HEX: F1 77 FD EA FE 70 96 EB 23 2C BB FF | T:1691500 RPD:0
[CH: 50] LEN: 12 | HEX: F9 77 D6 F9 FE 73 96 FF 14 AE AA 9F | T:1691511 RPD:1
[CH: 50] LEN: 12 | HEX: F1 77 DD FA FA 70 96 FF 23 2C BF DE | T:1691522 RPD:1
[CH: 50] LEN: 12 | HEX: F1 77 FE ED F6 73 96 FE D4 AE BF DE | T:1691523 RPD:0
[CH: 50] LEN: 12 | HEX: F9 77 FD FE F5 70 96 F7 23 2C BB F7 | T:1691534 RPD:1
[CH: 50] LEN: 12 | HEX: F9 77 FD FE FE 70 96 FA 23 2C BF EF | T:1691534 RPD:0
[CH: 50] LEN: 12 | HEX: F9 77 FD F7 FE 73 96 FF D4 AE BB 76 | T:1691545 RPD:1
[CH: 50] LEN: 12 | HEX: F1 77 FE F6 FA 70 96 FF A3 2C AB F6 | T:1691546 RPD:0
[CH: 50] LEN: 12 | HEX: F9 77 F4 FD FE 73 96 FF 54 AE BF EB | T:1691557 RPD:1
[CH: 50] LEN: 12 | HEX: F9 77 FA FE FE 70 96 FF 23 2C BF 7F | T:1691568 RPD:1
[CH: 50] LEN: 12 | HEX: F9 77 FD FD F6 73 96 FF 94 AE AF FD | T:1691568 RPD:0
[CH: 50] LEN: 12 | HEX: F1 77 BE FE FE 70 96 F7 23 2C BF FF | T:1691580 RPD:1
[CH: 50] LEN: 12 | HEX: F9 77 FA FD FF 73 96 FF 94 AE AB BE | T:1691580 RPD:0
[CH: 50] LEN: 12 | HEX: F1 77 DA F5 FE 70 96 FF 23 2C BD 57 | T:1691591 RPD:1
[CH: 50] LEN: 12 | HEX: F1 77 FD ED F6 73 96 FB 14 AE BB D5 | T:1691603 RPD:1
[CH: 50] LEN: 12 | HEX: F9 77 DD F4 FE 70 96 FE A3 2C AF BD | T:1691603 RPD:0
[CH: 50] LEN: 12 | HEX: F1 77 FF FB FE 73 D6 FF D4 AE BE BE | T:1691614 RPD:1
[CH: 50] LEN: 12 | HEX: F9 77 DD FD FE 73 96 FF 54 AE AD FA | T:1691614 RPD:0
[CH: 50] LEN: 12 | HEX: F1 77 FB FE FE 70 96 FF 23 2C B6 AF | T:1691626 RPD:1
[CH: 50] LEN: 12 | HEX: F9 77 F9 F7 FE 73 96 FF 94 AE BF FE | T:1691626 RPD:1
[CH: 50] LEN: 12 | HEX: F1 77 BE FE FE 70 96 FF 23 2C AD EB | T:1691637 RPD:1
[CH: 50] LEN: 12 | HEX: F9 77 FB FE EC 70 96 EE A3 2C AF BF | T:1691649 RPD:1
[CH: 50] LEN: 12 | HEX: F9 77 FD FD FA 73 96 FF 94 AE BB ED | T:1691649 RPD:0
[CH: 50] LEN: 12 | HEX: F1 77 DA FE EC 70 96 FF 23 2C BF FD | T:1691660 RPD:1
[CH: 50] LEN: 12 | HEX: F9 77 EC FC FE 70 96 FF 23 2C BF BF | T:1691660 RPD:0
[CH: 50] LEN: 12 | HEX: F9 77 FD FD FE 73 96 FF 94 AE AF FE | T:1691672 RPD:1
[CH: 50] LEN: 12 | HEX: F9 77 BA FE FE 70 96 FF 23 2C BF FE | T:1691683 RPD:1
[CH: 50] LEN: 12 | HEX: F1 7F FD FD EE 73 96 EB 14 AE AB 7D | T:1691683 RPD:0
[CH: 50] LEN: 12 | HEX: F1 77 FF FA FE 70 96 FF 23 2C AF D6 | T:1691695 RPD:1
[CH: 50] LEN: 12 | HEX: F9 77 DA FE FE 70 96 FF 23 2C BB F7 | T:1691695 RPD:1
[CH: 50] LEN: 12 | HEX: F9 77 FE FD FD 73 96 FF 94 AE BF 74 | T:1691706 RPD:1
[CH: 50] LEN: 12 | HEX: F9 77 FF FD FE 73 96 F7 94 AE B7 6F | T:1691717 RPD:1
[CH: 50] LEN: 12 | HEX: F9 77 FB F6 FE 70 96 FF 23 2C BF DF | T:1691718 RPD:0
[CH: 50] LEN: 12 | HEX: F9 77 FF FD F6 73 96 F7 94 AE BD 7F | T:1691729 RPD:1
[CH: 50] LEN: 12 | HEX: F9 77 FD FD EE 73 96 F7 54 AE BD FF | T:1691729 RPD:0
[CH: 50] LEN: 12 | HEX: F5 77 BD FA F5 70 96 FB 23 2C BD EC | T:1691741 RPD:1
[CH: 50] LEN: 12 | HEX: F9 77 EC F5 FE 73 96 FB 94 AE AE FD | T:1691741 RPD:0
[CH: 50] LEN: 12 | HEX: F9 77 FD FE FE 70 96 FF 23 2C AD FF | T:1691752 RPD:1
[CH: 50] LEN: 12 | HEX: F9 77 DD FD EA 73 96 F7 94 AE BE FF | T:1691763 RPD:1
[CH: 50] LEN: 12 | HEX: F9 77 FD F9 FE 73 96 F5 14 AE BF 7D | T:1691764 RPD:0
[CH: 50] LEN: 12 | HEX: F9 77 FE F9 F4 73 96 FF 54 AE BF FF | T:1691775 RPD:1
[CH: 50] LEN: 12 | HEX: F9 77 BD FD FE 70 96 FA 23 2C BB D7 | T:1691775 RPD:0
[CH: 50] LEN: 12 | HEX: F1 77 D4 F7 F4 73 96 FE 94 AE BF FF | T:1691786 RPD:1
[CH: 50] LEN: 12 | HEX: F1 77 FA FE F6 70 96 F6 23 2C AF FF | T:1691798 RPD:1
[CH: 50] LEN: 12 | HEX: F9 77 FB F5 FE 73 96 FF 14 AE AF AF | T:1691798 RPD:0
[CH: 50] LEN: 12 | HEX: F9 77 FD FA FE 70 96 F7 23 2C AF FF | T:1691809 RPD:1
[CH: 50] LEN: 12 | HEX: F9 77 DB FE F4 70 96 FB 23 2C BF 6B | T:1691810 RPD:0
[CH: 50] LEN: 12 | HEX: F9 77 FD F5 FE 73 96 FF 94 AE BB F7 | T:1691821 RPD:1
[CH: 50] LEN: 12 | HEX: F9 77 BA FE FE 70 96 EF 23 2C BF BB | T:1691821 RPD:0
[CH: 50] LEN: 12 | HEX: F1 77 FE FD FE 73 96 F5 14 AE BB FA | T:1691832 RPD:1
[CH: 50] LEN: 12 | HEX: F9 77 FA FE FA 70 96 F5 A3 2C AF 7B | T:1691844 RPD:1
[CH: 50] LEN: 12 | HEX: F1 77 FD FB F6 73 96 FF 14 AE B7 F7 | T:1691844 RPD:0
[CH: 50] LEN: 12 | HEX: F1 77 DB FA FE 70 96 FE 23 2C BD CD | T:1691855 RPD:1
[CH: 50] LEN: 12 | HEX: F9 77 F5 FD FE 73 96 FF D4 AE BF EB | T:1691856 RPD:0
[CH: 50] LEN: 12 | HEX: F1 77 BA FD FE 70 96 FF 23 2C AF FB | T:1691867 RPD:1
[CH: 50] LEN: 12 | HEX: F9 77 DD F7 FE 73 96 FF 94 AE BF EF | T:1691878 RPD:1
[CH: 50] LEN: 12 | HEX: F9 77 7E FE F4 70 96 FB 23 2C BF FD | T:1691878 RPD:0
[CH: 50] LEN: 12 | HEX: F1 77 FA FD EE 73 96 F7 94 AE BF FF | T:1691890 RPD:1
[CH: 50] LEN: 12 | HEX: F9 77 BA F9 FE 73 96 FF 14 AE BE DD | T:1691890 RPD:0
[CH: 50] LEN: 12 | HEX: F9 77 FA FC FE 70 96 FF 23 2C BF FF | T:1691901 RPD:0
[CH: 50] LEN: 12 | HEX: F9 77 FE 80 00 71 96 FF 1C 55 BF FE | T:1691924 RPD:1
[CH: 50] LEN: 12 | HEX: F1 77 FE 80 00 71 96 FF 9C 55 BB FF | T:1691925 RPD:1
[CH: 50] LEN: 12 | HEX: F8 6D F7 00 FE F6 95 F6 E0 9C BF FF | T:1691955 RPD:1
[CH: 50] LEN: 12 | HEX: F9 77 FB 00 00 71 95 FE 89 06 AE FF | T:1692224 RPD:1
[CH: 50] LEN: 12 | HEX: F1 77 FA 00 00 71 95 FD 49 06 AE EF | T:1692225 RPD:1
[CH: 50] LEN: 12 | HEX: F8 6D FF 00 F6 FE 95 FF 60 9C BF FE | T:1692255 RPD:1
[CH: 50] LEN: 12 | HEX: F0 6D FE 80 FE FE 95 FD E0 9C BA DF | T:1692255 RPD:1
[CH: 50] LEN: 12 | HEX: F9 77 FD 00 00 71 95 FD 49 06 AF EE | T:1692524 RPD:1
[CH: 50] LEN: 12 | HEX: F9 77 BF 80 00 71 95 FF 49 06 BD DF | T:1692524 RPD:1
[CH: 50] LEN: 12 | HEX: F8 6D FF 00 FE FE 95 FF 60 9C BF EE | T:1692554 RPD:1
[CH: 50] LEN: 12 | HEX: E8 6D EF 00 F6 FE 95 FE E0 9C AD BA | T:1692555 RPD:1
[CH: 50] LEN: 12 | HEX: F1 77 FA 00 00 71 95 FD 49 06 BF EF | T:1692823 RPD:1
[CH: 50] LEN: 12 | HEX: F1 77 EA 00 00 71 95 EB C9 06 AB DF | T:1692824 RPD:1
[CH: 50] LEN: 12 | HEX: F0 6D EF 00 FE EE 95 FE E0 9C BF F7 | T:1692854 RPD:1
[CH: 50] LEN: 12 | HEX: F8 6D FE 80 FE FA 95 FF E0 9C AF D7 | T:1692855 RPD:1
[CH: 50] LEN: 12 | HEX: F1 77 FD 00 00 71 95 FF 49 06 BF FB | T:1693123 RPD:1
[CH: 50] LEN: 12 | HEX: F9 77 FD 00 00 71 95 FE 89 06 AB FD | T:1693124 RPD:1
[CH: 50] LEN: 12 | HEX: F8 6D FF 80 FE FE 95 FF 60 9C BF FF | T:1693154 RPD:1
[CH: 50] LEN: 12 | HEX: F0 6D FE 80 FE FE 95 FD 60 9C AF BE | T:1693154 RPD:1
[CH: 50] LEN: 12 | HEX: F9 77 BF 00 00 71 95 FE 89 06 AF DF | T:1693423 RPD:1
[CH: 50] LEN: 12 | HEX: F1 77 FD 00 00 71 95 D5 49 06 BD FF | T:1693424 RPD:1
[CH: 50] LEN: 12 | HEX: F8 6D FE 80 FE FE 95 FF 60 9C AD FF | T:1693454 RPD:1
[CH: 50] LEN: 12 | HEX: F9 77 FF 00 00 71 95 EF 49 06 AE FF | T:1693723 RPD:1
[CH: 50] LEN: 12 | HEX: F9 77 FF 00 00 71 95 FF C9 06 AB E7 | T:1693723 RPD:1
[CH: 50] LEN: 12 | HEX: F8 6D D5 80 EE FE 95 EF 60 9E BE BD | T:1693753 RPD:1
[CH: 50] LEN: 12 | HEX: F8 6D FE 00 FE FE 95 FE E0 9C A7 F7 | T:1693754 RPD:1
[CH: 50] LEN: 12 | HEX: F1 77 BB 00 00 71 95 EF 49 06 AF B5 | T:1694022 RPD:1
[CH: 50] LEN: 12 | HEX: F8 6D F7 00 FE FE 95 FF 60 9C AD FD | T:1694053 RPD:1
[CH: 50] LEN: 12 | HEX: F0 6D F7 00 FE FE 95 FE E0 9C BF FD | T:1694054 RPD:1
[CH: 50] LEN: 12 | HEX: F9 77 DF 00 00 71 95 FE 89 06 AF FF | T:1694322 RPD:1
[CH: 50] LEN: 12 | HEX: F9 77 BD 00 00 71 95 EF 69 06 BF FF | T:1694323 RPD:1
[CH: 50] LEN: 12 | HEX: F8 6D FF 00 F6 F6 95 FE 60 9C BF FF | T:1694353 RPD:1
[CH: 50] LEN: 12 | HEX: F0 6D FF 00 FE F6 95 F7 60 9C AE EE | T:1694353 RPD:1
[CH: 50] LEN: 12 | HEX: F9 77 DA 80 00 71 95 D5 09 06 AB B7 | T:1694622 RPD:1
[CH: 50] LEN: 12 | HEX: E9 77 FE 80 00 71 95 EF C9 06 BF FF | T:1694623 RPD:1
[CH: 50] LEN: 12 | HEX: F4 6D F7 00 FE FE 95 FF 60 9C BE FA | T:1694652 RPD:1
[CH: 50] LEN: 12 | HEX: F8 6D FE 80 FE FE 95 F7 60 9C AE ED | T:1694653 RPD:1
[CH: 50] LEN: 12 | HEX: F9 77 FD 00 00 71 95 FF 49 06 AB FF | T:1694922 RPD:1
[CH: 50] LEN: 12 | HEX: F1 77 FD 00 00 71 95 EF 49 06 BF FF | T:1694922 RPD:1
[CH: 50] LEN: 12 | HEX: F8 6D EF 80 F4 FE 95 FE E0 9C BF FE | T:1694952 RPD:1
[CH: 50] LEN: 12 | HEX: F0 6D FF 80 FE F6 95 EB 60 9C AF FF | T:1694953 RPD:1
[CH: 50] LEN: 12 | HEX: F1 77 AF 00 00 71 95 FE 89 06 BF FB | T:1695221 RPD:1
[CH: 50] LEN: 12 | HEX: F1 77 FA 00 00 71 95 EF C9 06 BF EB | T:1695222 RPD:1
[CH: 50] LEN: 12 | HEX: F0 6D F7 00 EA FE 95 FE E0 9C B6 EE | T:1695252 RPD:1
[CH: 50] LEN: 12 | HEX: F4 6D FE 80 FB FA 95 FE E0 9C AF FA | T:1695253 RPD:1
[CH: 50] LEN: 12 | HEX: F1 77 BB 00 00 71 95 FF 49 06 AB BA | T:1695521 RPD:1
[CH: 50] LEN: 12 | HEX: F9 77 F5 00 00 71 95 F7 C9 06 BF BF | T:1695522 RPD:1
[CH: 50] LEN: 12 | HEX: F8 6D FF 00 FE FE 95 FF 60 9C AB FE | T:1695552 RPD:1
[CH: 50] LEN: 12 | HEX: F8 6D DF 00 FE F5 95 DF E0 9C BE DF | T:1695552 RPD:1
[CH: 50] LEN: 12 | HEX: F9 77 DD 00 00 71 95 D6 C9 06 BF FF | T:1695821 RPD:1
[CH: 50] LEN: 12 | HEX: F1 77 FB 00 00 71 95 ED 49 06 AF F5 | T:1695822 RPD:1
[CH: 50] LEN: 12 | HEX: F0 6D FF 00 FE FA 95 FE E0 9C AF FF | T:1695851 RPD:1
[CH: 50] LEN: 12 | HEX: F4 6D EF 00 FE FE 95 ED E0 9C AA DF | T:1695852 RPD:1
[CH: 50] LEN: 12 | HEX: F1 77 FA 80 00 71 95 FD 49 06 BF F7 | T:1696121 RPD:1
[CH: 50] LEN: 12 | HEX: F1 77 BA 00 00 71 95 AA 09 06 B6 AB | T:1696121 RPD:1
[CH: 50] LEN: 12 | HEX: F8 6D FF 80 FE FA 95 F7 60 9C BF D7 | T:1696151 RPD:1
[CH: 50] LEN: 12 | HEX: F0 6D FE 80 F6 FE 95 F6 E0 9C AF A5 | T:1696152 RPD:1
[CH: 50] LEN: 12 | HEX: F1 77 BA 80 00 71 95 FF 29 06 B6 FF | T:1696420 RPD:1
[CH: 50] LEN: 12 | HEX: F9 77 DF 00 00 71 95 FF 49 06 BF D6 | T:1696421 RPD:1
[CH: 50] LEN: 12 | HEX: E8 6D FB 00 FE F4 95 D5 60 98 AB DD | T:1696451 RPD:1
[CH: 50] LEN: 12 | HEX: E8 6D EE 80 F6 F6 95 FE 60 9C BE FB | T:1696452 RPD:1
[CH: 50] LEN: 12 | HEX: F9 77 FF 00 00 71 95 FF E9 06 BF 6F | T:1696720 RPD:1
[CH: 50] LEN: 12 | HEX: F9 77 B5 00 00 71 95 FE 89 06 BF 7F | T:1696721 RPD:1
[CH: 50] LEN: 12 | HEX: F0 6D F7 00 FA FC 95 FD 60 9C BF BF | T:1696751 RPD:1
[CH: 50] LEN: 12 | HEX: F0 6D FF 00 FA FE 95 FE E0 9C BD DF | T:1696751 RPD:1
[CH: 50] LEN: 12 | HEX: F2 76 FF 00 8C FE 95 FF 3C 73 BE EE | T:1696985 RPD:1
[CH: 50] LEN: 12 | HEX: FA 76 FE F9 70 FE 95 FE F7 80 BF BD | T:1697019 RPD:1
[CH: 50] LEN: 12 | HEX: FA 76 FE F8 71 EE 95 FF 6B 65 AF BD | T:1697023 RPD:1
[CH: 50] LEN: 12 | HEX: FA 76 FE FB 76 F6 95 FF 5D 9C BF BF | T:1697053 RPD:1
[CH: 50] LEN: 12 | HEX: FA 76 FE FA 77 B5 95 FE 81 79 BF EF | T:1697083 RPD:1
[CH: 50] LEN: 12 | HEX: F2 76 F6 F1 74 F5 95 FE A4 77 BD AF | T:1697113 RPD:1
[CH: 50] LEN: 12 | HEX: EA 76 EE E8 75 DC 95 FF 28 92 BD EB | T:1697143 RPD:1
[CH: 50] LEN: 12 | HEX: FA 76 FE F7 7A FE 95 EB 99 85 B6 FF | T:1697173 RPD:1
[CH: 50] LEN: 12 | HEX: FA 76 ED E6 7B FF 95 FE C5 60 AF FF | T:1697203 RPD:1
[CH: 50] LEN: 12 | HEX: FA 76 FE F5 78 F6 95 EE B0 6E BD 7B | T:1697233 RPD:1
[CH: 50] LEN: 12 | HEX: FA 76 F6 F4 79 DD 95 ED 6C 8B BF 7E | T:1697263 RPD:1
[CH: 50] LEN: 12 | HEX: F2 76 FE F3 7D F6 95 EF 5A 72 AF F7 | T:1697293 RPD:1
[CH: 50] LEN: 12 | HEX: FA 76 FE F2 7A EE 95 FF 06 97 BE FF | T:1697323 RPD:1
[CH: 50] LEN: 12 | HEX: FA 76 FE F1 7C FE 95 F7 73 99 BB DF | T:1697353 RPD:1
[CH: 50] LEN: 12 | HEX: FE 76 FA F0 7D FD 95 FF 6F 7C AE FF | T:1697383 RPD:1
[CH: 50] LEN: 12 | HEX: FA 76 FE EF 62 FE 95 ED 01 96 BF F7 | T:1697413 RPD:1
[CH: 50] LEN: 12 | HEX: F2 76 FE ED 60 F6 95 FD 28 7D BE AF | T:1697473 RPD:1
[CH: 50] LEN: 12 | HEX: FA 76 F6 EC 61 FE 95 EE F4 98 AF FE | T:1697503 RPD:1
[CH: 50] LEN: 12 | HEX: F2 76 FA EB 66 FD 95 F6 C2 61 BF D5 | T:1697533 RPD:1
[CH: 50] LEN: 12 | HEX: FA 76 FE EA 67 FA 95 EF 5E 84 BE FB | T:1697563 RPD:1
[CH: 50] LEN: 12 | HEX: F2 76 FE E8 65 FE 95 F7 37 6F 3F FF | T:1697623 RPD:1
[CH: 50] LEN: 12 | HEX: FA 76 FE E7 6A FE 95 EF 06 78 BF 7D | T:1697652 RPD:1
[CH: 50] LEN: 12 | HEX: F2 76 FD E6 6B FD 95 EE 5A 9D B7 AF | T:1697682 RPD:1
[CH: 50] LEN: 12 | HEX: FA 76 FE E5 68 FE 95 F6 AF 53 BF 7F | T:1697712 RPD:1
[CH: 50] LEN: 12 | HEX: FA 76 FE E4 69 ED 95 EE F3 76 AE FD | T:1697742 RPD:1
[CH: 50] LEN: 12 | HEX: FA 76 F6 E3 6E FE 95 FE 85 8F 2A FF | T:1697772 RPD:1
[CH: 50] LEN: 12 | HEX: F2 76 FE E2 6F BA 95 FD 99 6A AD EF | T:1697802 RPD:1
[CH: 50] LEN: 12 | HEX: FA 76 FE E1 6C FE 95 FE EC 64 B7 7F | T:1697832 RPD:1
[CH: 50] LEN: 12 | HEX: FA 76 FE E0 6D FE 95 FF 70 81 BF BE | T:1697862 RPD:1
[CH: 50] LEN: 12 | HEX: FA 76 FE DE 52 FE 95 FE 21 91 BF FF | T:1697892 RPD:1
[CH: 50] LEN: 12 | HEX: FA 76 FE FE 73 EC 95 FE 82 8E AE FF | T:1697922 RPD:1
[CH: 50] LEN: 12 | HEX: F2 7B ED 00 81 F6 95 FE AF F5 AF FF | T:1698124 RPD:1
[CH: 50] LEN: 12 | HEX: F2 7B EF 00 81 FE 95 DD 6F FA BF FE | T:1698124 RPD:1
[CH: 50] LEN: 12 | HEX: F9 77 FC FE FE 70 95 FE F6 7F AE EF | T:1698155 RPD:1
[CH: 50] LEN: 12 | HEX: E9 77 BA E9 EA 73 95 F6 81 FD AF DF | T:1698158 RPD:1
[CH: 50] LEN: 12 | HEX: F1 77 F4 F6 FE 70 95 FE F6 7D BF FF | T:1698161 RPD:1
[CH: 50] LEN: 12 | HEX: F9 77 AD F7 EE 73 95 DA 41 D5 AF DF | T:1698172 RPD:1
[CH: 50] LEN: 12 | HEX: F1 77 FD FE F6 70 95 FD F6 7F AB AF | T:1698172 RPD:0
[CH: 50] LEN: 12 | HEX: F9 77 BC FD FD 73 95 EF 41 FD BB FF | T:1698183 RPD:1
[CH: 50] LEN: 12 | HEX: F9 77 BE FE F6 70 95 FD 76 7F 3F FB | T:1698195 RPD:1
[CH: 50] LEN: 12 | HEX: F9 77 BE F9 FE 73 95 FE 81 FD BB FD | T:1698195 RPD:0
[CH: 50] LEN: 12 | HEX: F9 77 FD EC FE 70 95 D6 F6 7F BB FB | T:1698206 RPD:1
[CH: 50] LEN: 12 | HEX: F9 77 B5 FE FE 70 95 EF 76 7F BF FF | T:1698207 RPD:0
[CH: 50] LEN: 12 | HEX: F1 77 FA FD FC 73 95 EE 81 FD BF FE | T:1698218 RPD:1
[CH: 50] LEN: 12 | HEX: F1 77 BE FE FE 70 95 FF 76 7F BF EF | T:1698218 RPD:0
[CH: 50] LEN: 12 | HEX: F9 77 BA FD EC 73 95 AA 81 A9 BD FF | T:1698229 RPD:1
[CH: 50] LEN: 12 | HEX: F1 77 DD FD FE 70 95 FF 76 7F BF FF | T:1698241 RPD:1
[CH: 50] LEN: 12 | HEX: F1 77 FB EB DC 73 95 FE 81 ED B7 6B | T:1698241 RPD:0
[CH: 50] LEN: 12 | HEX: F1 77 74 FE FE 70 95 FE 76 77 BF 5F | T:1698252 RPD:1
[CH: 50] LEN: 12 | HEX: F1 77 F4 F5 FE 73 95 DE C1 E9 AE E7 | T:1698252 RPD:0
[CH: 50] LEN: 12 | HEX: F1 77 DD FA F4 70 95 F5 76 7A B7 FD | T:1698264 RPD:1
[CH: 50] LEN: 12 | HEX: F1 77 FD FD EE 73 95 FF 41 DD AD F7 | T:1698275 RPD:1
[CH: 50] LEN: 12 | HEX: F9 77 BA FE FE 70 95 FC F6 7F 3F EB | T:1698275 RPD:0
[CH: 50] LEN: 12 | HEX: F1 77 BD F9 F6 73 95 FF 41 F5 AE F7 | T:1698287 RPD:1
[CH: 50] LEN: 12 | HEX: F9 77 FC FD FE 73 95 F7 01 ED BF DD | T:1698287 RPD:0
[CH: 50] LEN: 12 | HEX: F5 77 DB FE F6 70 95 FD F6 7F BF F7 | T:1698298 RPD:1
[CH: 50] LEN: 12 | HEX: F1 77 FA F5 D6 73 95 FE 81 FD BF FF | T:1698298 RPD:0
[CH: 50] LEN: 12 | HEX: F1 77 FD FE FE 70 95 FF 76 7F 3D F7 | T:1698310 RPD:1
[CH: 50] LEN: 12 | HEX: F9 77 FB FD ED 73 95 FE 81 FD BF 7F | T:1698321 RPD:1
[CH: 50] LEN: 12 | HEX: F1 77 FA FE FE 70 95 FF 76 7F BD FF | T:1698321 RPD:0
[CH: 50] LEN: 12 | HEX: E9 77 FD FB FE 70 95 FF 76 7F BE FD | T:1698333 RPD:1
[CH: 50] LEN: 12 | HEX: F1 77 FC FA FE 70 95 FF 76 7B BF 6F | T:1698333 RPD:0
[CH: 50] LEN: 12 | HEX: F1 77 BE F9 FE 73 95 EF A1 FD AD BB | T:1698344 RPD:1
[CH: 50] LEN: 12 | HEX: F1 77 FD EA F6 70 95 FE F6 7F FE F7 | T:1698355 RPD:1
[CH: 50] LEN: 12 | HEX: F1 77 DC FD FE 73 95 FF 61 FD AE DF | T:1698356 RPD:0
[CH: 50] LEN: 12 | HEX: F9 77 FD FE FE 70 95 FF 76 7F BD BF | T:1698367 RPD:1
[CH: 50] LEN: 12 | HEX: F1 77 D4 FE F6 70 95 D5 66 6A BF A7 | T:1698367 RPD:1
[CH: 50] LEN: 12 | HEX: F1 77 FA FB FE 73 95 FE 81 FD BB FF | T:1698379 RPD:1
[CH: 50] LEN: 12 | HEX: F1 77 B5 FD FE 73 95 DD 41 A5 B5 DF | T:1698390 RPD:1
[CH: 50] LEN: 12 | HEX: F9 77 FB F4 FE 70 95 F6 F6 7F AF F6 | T:1698390 RPD:0
[CH: 50] LEN: 12 | HEX: F9 77 FA F5 FE 73 95 F7 41 FD BB EF | T:1698401 RPD:1
[CH: 50] LEN: 12 | HEX: F5 77 BB FD FE 73 95 EE C1 FD BF DF | T:1698402 RPD:0
[CH: 50] LEN: 12 | HEX: F1 77 BA EA FE 70 95 FE F6 75 AF 50 | T:1698413 RPD:1
[CH: 50] LEN: 12 | HEX: F1 77 AC FD F6 73 95 FF 41 F5 BF FD | T:1698413 RPD:0
[CH: 50] LEN: 12 | HEX: E9 77 DD FE FE 70 95 FE F6 7F BD 6F | T:1698425 RPD:1
[CH: 50] LEN: 12 | HEX: F9 77 FE FD DD 73 95 D5 01 D5 AA AF | T:1698436 RPD:1
[CH: 50] LEN: 12 | HEX: F1 77 7A F6 EE 70 95 FF F6 7F AF EF | T:1698436 RPD:0
[CH: 50] LEN: 12 | HEX: F9 77 74 FD FE 73 95 DF C1 FD BD 57 | T:1698447 RPD:1
[CH: 50] LEN: 12 | HEX: F9 77 DA FE F6 70 95 D6 F6 7F 3F FF | T:1698448 RPD:0
[CH: 50] LEN: 12 | HEX: F9 77 B4 F5 FE 73 95 ED 41 FD AF FF | T:1698459 RPD:1
[CH: 50] LEN: 12 | HEX: F1 77 EE FE FE 70 95 FE F6 7F BF FB | T:1698470 RPD:1
[CH: 50] LEN: 12 | HEX: F9 77 FD FF F6 73 95 FF A1 FD AE FB | T:1698471 RPD:0
[CH: 50] LEN: 12 | HEX: F9 77 ED FD FE 70 95 FF 76 7F AF AF | T:1698482 RPD:1
[CH: 50] LEN: 12 | HEX: F9 77 FD FA FA 70 95 FF F6 7F AF D5 | T:1698482 RPD:0
[CH: 50] LEN: 12 | HEX: F9 77 DE FD FD 73 95 F7 C1 F5 BB 57 | T:1698493 RPD:1
[CH: 50] LEN: 12 | HEX: F9 77 AB FE F6 70 95 FF 76 7B BF EF | T:1698494 RPD:0
[CH: 50] LEN: 12 | HEX: F1 77 FA F9 EC 73 95 AA 81 D5 AA D5 | T:1698505 RPD:1
[CH: 50] LEN: 12 | HEX: F9 77 BA FE FE 70 95 FE F6 7F BF FF | T:1698516 RPD:1
[CH: 50] LEN: 12 | HEX: F1 77 B5 FD FE 73 95 DF 81 FD BF FF | T:1698516 RPD:0
[CH: 50] LEN: 12 | HEX: F1 77 FE FD FE 73 95 ED 41 FD BF DE | T:1698528 RPD:1
[CH: 50] LEN: 12 | HEX: F9 77 FD FD EC 73 95 FE A1 FD BE EF | T:1698528 RPD:0
[CH: 50] LEN: 12 | HEX: F9 77 FE FA FE 70 95 F7 F6 7D BF FF | T:1698539 RPD:1
[CH: 50] LEN: 12 | HEX: F1 77 AD FD FE 73 95 FF 41 F9 BF FF | T:1698551 RPD:1
[CH: 50] LEN: 12 | HEX: F9 77 FA FE F6 70 95 EF 76 7F 7F EF | T:1698551 RPD:0
[CH: 50] LEN: 12 | HEX: F1 77 DC E9 FE 73 95 EE 81 DD BF FF | T:1698562 RPD:1
[CH: 50] LEN: 12 | HEX: F1 77 7A F5 EA 73 95 DD 41 DD BF 8D | T:1698562 RPD:0
[CH: 50] LEN: 12 | HEX: F9 77 EF FE FE 70 95 F7 76 7F BF 7B | T:1698574 RPD:1
[CH: 50] LEN: 12 | HEX: F1 77 BD FD FE 73 95 5D 01 A9 B5 FF | T:1698585 RPD:1
[CH: 50] LEN: 12 | HEX: F9 77 F4 FE EA 70 95 D6 F6 75 3F 7A | T:1698585 RPD:0
[CH: 50] LEN: 12 | HEX: F9 77 FA FE F6 70 95 EF 7E 77 3F EE | T:1698597 RPD:1
[CH: 50] LEN: 12 | HEX: F1 77 BA FE FE 70 95 FE F6 75 BF FF | T:1698597 RPD:0
[CH: 50] LEN: 12 | HEX: F1 77 DA FD FC 73 95 EF 41 E9 BD BF | T:1698608 RPD:1
[CH: 50] LEN: 12 | HEX: F1 77 BE FD EE 70 95 FE F6 7A A5 FF | T:1698608 RPD:0
[CH: 50] LEN: 12 | HEX: F1 77 BA FD F5 73 95 FF 41 FD BD DD | T:1698620 RPD:1
[CH: 50] LEN: 12 | HEX: F1 77 F9 F5 FD 73 95 EF 41 ED BF BF | T:1698631 RPD:1
[CH: 50] LEN: 12 | HEX: F1 77 B9 F4 F6 70 95 FE F6 7F BF FF | T:1698631 RPD:0
[CH: 50] LEN: 12 | HEX: F9 77 F5 FE FE 70 95 EB 76 7F FF DD | T:1698643 RPD:1
[CH: 50] LEN: 12 | HEX: F1 77 FD FE FE 70 95 F7 76 7F BE F7 | T:1698643 RPD:0
[CH: 50] LEN: 12 | HEX: F9 77 FE FD F6 73 95 DD 41 FD B7 DF | T:1698654 RPD:1
[CH: 50] LEN: 12 | HEX: F1 77 BD F9 FC 73 95 DA C1 FD AD FE | T:1698665 RPD:1
[CH: 50] LEN: 12 | HEX: F9 77 FD FE FA 70 95 F7 76 7F BF FF | T:1698666 RPD:0
[CH: 50] LEN: 12 | HEX: F9 77 FD F5 FE 73 95 EE 81 FD BE FB | T:1698677 RPD:1
[CH: 50] LEN: 12 | HEX: F9 77 FE FF EA 73 95 FE C1 ED B7 DF | T:1698677 RPD:0
[CH: 50] LEN: 12 | HEX: F5 77 FA FE FE 70 95 F7 F6 7F 3F FF | T:1698689 RPD:1
[CH: 50] LEN: 12 | HEX: F1 77 BA FD FC 73 95 D5 01 C9 BA FA | T:1698689 RPD:0
[CH: 50] LEN: 12 | HEX: F1 77 FD EA F6 70 95 FE F6 7A BB D7 | T:1698700 RPD:1
[CH: 50] LEN: 12 | HEX: F9 77 AD FD FE 73 95 FE 81 FD BF F7 | T:1698711 RPD:1
[CH: 50] LEN: 12 | HEX: F9 77 FD FA F6 70 95 FB 76 7D BD FF | T:1698712 RPD:0
[CH: 50] LEN: 12 | HEX: F1 77 BE FD F6 7B 95 FE C1 DD BF AF | T:1698723 RPD:1
[CH: 50] LEN: 12 | HEX: F9 77 FD FE FE 70 95 FD F6 7F EF FE | T:1698723 RPD:0
[CH: 50] LEN: 12 | HEX: F9 77 FD FD FE 73 95 EF 41 FD BE B7 | T:1698735 RPD:1
[CH: 50] LEN: 12 | HEX: F1 77 AD FE F5 70 95 FF F6 7B BF 5F | T:1698746 RPD:1
[CH: 50] LEN: 12 | HEX: ED 77 FC FB FC 73 95 FF 41 ED BF DE | T:1698746 RPD:0
[CH: 50] LEN: 12 | HEX: F9 77 BD FE F6 70 95 FE 76 7B AF FE | T:1698757 RPD:1
[CH: 50] LEN: 12 | HEX: F9 77 F5 FE FE 70 95 FE F6 7F AE FF | T:1698758 RPD:0
[CH: 50] LEN: 12 | HEX: F9 77 FE F5 FE 73 95 EA A1 D5 BB E5 | T:1698769 RPD:1
[CH: 50] LEN: 12 | HEX: F9 77 FD FA EE 70 95 DE F6 7F BE FF | T:1698780 RPD:1
[CH: 50] LEN: 12 | HEX: F1 77 FE F5 EE 73 95 FE 81 DD BF DD | T:1698781 RPD:0
[CH: 50] LEN: 12 | HEX: F1 77 BC FE FE 70 95 F7 F6 7F AF FF | T:1698792 RPD:1
[CH: 50] LEN: 12 | HEX: F9 77 BC FE FE 70 95 FE F6 7F AF FD | T:1698792 RPD:0
[CH: 50] LEN: 12 | HEX: F9 77 BD FB D6 73 95 EE C1 F5 BE FF | T:1698803 RPD:1
[CH: 50] LEN: 12 | HEX: F1 77 F4 FD FE 73 95 FF A1 D5 BF FF | T:1698804 RPD:0
[CH: 50] LEN: 12 | HEX: F1 77 FF EE FE 70 95 FF 76 7F AE BD | T:1698815 RPD:1
[CH: 50] LEN: 12 | HEX: F9 77 FE FD FE 73 95 AA 01 AB BE FF | T:1698826 RPD:1
[CH: 50] LEN: 12 | HEX: F9 77 FA FE FE 70 95 FF 76 7F BD 7F | T:1698826 RPD:0
[CH: 50] LEN: 12 | HEX: F1 77 BA F9 FD 73 95 FE 81 FD AE FF | T:1698838 RPD:1
[CH: 50] LEN: 12 | HEX: F9 77 B4 FD F6 73 95 DD 01 A9 B9 FF | T:1698838 RPD:1
[CH: 50] LEN: 12 | HEX: F9 77 BB FE F4 70 95 FF 76 7F BF DF | T:1698849 RPD:1
[CH: 50] LEN: 12 | HEX: F9 77 FD FE F6 70 95 FE F6 7F BF 7D | T:1698861 RPD:1
[CH: 50] LEN: 12 | HEX: F9 77 DC FD FE 73 95 D5 21 D5 BE BA | T:1698861 RPD:0
[CH: 50] LEN: 12 | HEX: F9 77 FD FA FE 70 95 EA 76 7F BF EB | T:1698872 RPD:1
[CH: 50] LEN: 12 | HEX: F1 77 FC FE F6 70 95 FF 76 7B 3F FB | T:1698872 RPD:0
[CH: 50] LEN: 12 | HEX: F1 77 DA F7 FE 73 95 FF A1 FD BF B7 | T:1698884 RPD:1
[CH: 50] LEN: 12 | HEX: F1 77 BC FA F6 70 95 EF 76 7B AF 7F | T:1698884 RPD:0
[CH: 50] LEN: 12 | HEX: F1 77 BB FD EE 73 95 F7 41 FD BF ED | T:1698895 RPD:1
[CH: 50] LEN: 12 | HEX: F1 77 FD F6 FE 70 95 EA 7E 7F BE FD | T:1698907 RPD:1
[CH: 50] LEN: 12 | HEX: F1 77 FF FD FE 73 95 F6 81 FD BF D3 | T:1698907 RPD:1
[CH: 50] LEN: 12 | HEX: F9 77 FC FE FE 70 95 FF 76 7F BD FE | T:1698918 RPD:1
[CH: 50] LEN: 12 | HEX: F1 77 DA F9 F6 73 95 F7 A1 FD BE DF | T:1698918 RPD:0
[CH: 50] LEN: 12 | HEX: F9 77 AE FE FA 70 95 EE 76 7F 7F FF | T:1698930 RPD:1
[CH: 50] LEN: 12 | HEX: F9 77 DC ED FE 73 95 FF A1 DD B7 FB | T:1698941 RPD:1
[CH: 50] LEN: 12 | HEX: F9 77 FE F6 EA 70 95 D6 76 74 AF DA | T:1698941 RPD:0
[CH: 50] LEN: 12 | HEX: F9 77 FA F5 DE 73 95 ED C1 FD BF FF | T:1698953 RPD:1
[CH: 50] LEN: 12 | HEX: F9 77 BD FE FE 70 95 EE 76 7D AD EB | T:1698953 RPD:0
[CH: 50] LEN: 12 | HEX: F1 77 BD ED D6 73 95 EF 41 ED AF 7F | T:1698964 RPD:1
[CH: 50] LEN: 12 | HEX: F9 77 FE F5 FE 73 95 D6 A1 D5 BB FB | T:1698975 RPD:1
[CH: 50] LEN: 12 | HEX: F9 77 DE FE F4 70 95 FF F6 7F B7 EF | T:1698976 RPD:0
[CH: 50] LEN: 12 | HEX: F9 77 F4 FD FE 73 95 FD 41 FD BF 9F | T:1698987 RPD:1
[CH: 50] LEN: 12 | HEX: F1 77 FD FA FA 70 95 FB 76 7B AF 7B | T:1698987 RPD:0
[CH: 50] LEN: 12 | HEX: F9 77 BB FD FE 73 95 EF C1 FD BF FD | T:1698998 RPD:1
[CH: 50] LEN: 12 | HEX: F1 77 B9 F4 F4 70 95 FE 76 75 BB F5 | T:1698999 RPD:0
[CH: 50] LEN: 12 | HEX: F1 77 7A F9 FE 73 95 FF 61 FD AD 6B | T:1699010 RPD:1
[CH: 50] LEN: 12 | HEX: F1 77 FD FE FE 70 95 FF F6 7F AF FF | T:1699021 RPD:1
[CH: 50] LEN: 12 | HEX: F9 77 FD FD F6 73 95 F7 C1 FD AB FB | T:1699022 RPD:0
[CH: 50] LEN: 12 | HEX: F1 77 B4 FE FE 70 95 F7 76 7F BE FE | T:1699033 RPD:1
[CH: 50] LEN: 12 | HEX: F9 77 FD F6 FE 70 95 FE 76 7F FF FF | T:1699033 RPD:0
[CH: 50] LEN: 12 | HEX: F1 77 BB FD FE 73 95 D5 41 E9 AD 76 | T:1699044 RPD:1
[CH: 50] LEN: 12 | HEX: F9 77 FF EC FE 70 95 FF 76 7D 2F 5E | T:1699056 RPD:1
[CH: 50] LEN: 12 | HEX: F9 77 FC FD FE 7B 95 FF A1 FD BF FF | T:1699056 RPD:0
[CH: 50] LEN: 12 | HEX: F9 77 FF FD FE 73 95 EE A1 FD BF 7E | T:1699067 RPD:1
[CH: 50] LEN: 12 | HEX: F9 77 FE FD FE 73 95 FF A1 FD BF DD | T:1699068 RPD:0
[CH: 50] LEN: 12 | HEX: F9 77 DF F6 F6 70 95 FF 76 7F AF FD | T:1699079 RPD:1
[CH: 50] LEN: 12 | HEX: F9 77 FA FD F6 73 95 FF A1 FD BF EA | T:1699079 RPD:0
[CH: 50] LEN: 12 | HEX: F9 77 DD FE FE 70 95 D5 66 6A BF 6E | T:1699090 RPD:1
[CH: 50] LEN: 12 | HEX: F9 77 FF FD EC 73 95 FF A1 FD AF F6 | T:1699102 RPD:1
[CH: 50] LEN: 12 | HEX: F9 77 FF FA FE 70 95 FF 76 7D 3E FD | T:1699102 RPD:0
[CH: 50] LEN: 12 | HEX: F9 77 FA FB FE 73 95 AA C1 A9 BF 6A | T:1699113 RPD:1
[CH: 50] LEN: 12 | HEX: F9 77 FD FD FE 73 95 F7 41 FD BF BF | T:1699114 RPD:0
[CH: 50] LEN: 12 | HEX: F1 77 FD FE F4 70 95 FF 76 7D AF BF | T:1699125 RPD:1
[CH: 50] LEN: 12 | HEX: F1 77 FF FE FE 70 95 FF 76 7F AF FE | T:1699136 RPD:1
[CH: 50] LEN: 12 | HEX: F1 77 FA FD FC 73 95 FF 41 D5 BE DF | T:1699136 RPD:0
[CH: 50] LEN: 12 | HEX: F9 77 FD F6 F6 70 95 EE F6 7F BF BF | T:1699148 RPD:1
[CH: 50] LEN: 12 | HEX: F1 77 FC FA F6 70 95 FE F6 7F BF D7 | T:1699148 RPD:0
[CH: 50] LEN: 12 | HEX: F9 77 FE FD FE 73 95 FE 81 FD AE FB | T:1699159 RPD:1
[CH: 50] LEN: 12 | HEX: F1 77 FF F6 FE 70 95 FE 76 7F BD BF | T:1699171 RPD:1
[CH: 50] LEN: 12 | HEX: F1 77 FD FD EE 73 95 FF 81 FD AF FF | T:1699171 RPD:0
[CH: 50] LEN: 12 | HEX: E9 77 FE FE FE 70 95 FE F6 7D 7F 77 | T:1699182 RPD:1
[CH: 50] LEN: 12 | HEX: F1 77 BD EE FE 70 95 FE 76 7F BF FB | T:1699182 RPD:0
[CH: 50] LEN: 12 | HEX: F9 77 FD F5 FD 73 95 FF 61 FD BF 77 | T:1699194 RPD:1
[CH: 50] LEN: 12 | HEX: F9 77 BA FD FD 73 95 EF 41 FD AE F6 | T:1699194 RPD:0
[CH: 50] LEN: 12 | HEX: F1 77 AD FE FD 70 95 FF 76 7F AF FB | T:1699205 RPD:1
[CH: 50] LEN: 12 | HEX: F1 77 AC FD FE 73 95 EE 81 F5 BF A9 | T:1699217 RPD:1
[CH: 50] LEN: 12 | HEX: F1 77 FD FA FA 70 95 FF 76 7F AB BF | T:1699217 RPD:0
[CH: 50] LEN: 12 | HEX: F1 77 FF FD FE 73 95 FF 41 FD B7 DF | T:1699228 RPD:1
[CH: 50] LEN: 12 | HEX: F1 77 BB ED FE 73 D5 D5 21 D5 AB EF | T:1699228 RPD:0
[CH: 50] LEN: 12 | HEX: F1 77 FD FA FA 70 95 FF 76 7F BF EF | T:1699240 RPD:1
[CH: 50] LEN: 12 | HEX: F1 77 BC F9 EC 73 95 FD 41 FD BD BF | T:1699251 RPD:1
[CH: 50] LEN: 12 | HEX: E9 77 AC FE EC 70 95 EE 76 7B 6F ED | T:1699251 RPD:0
[CH: 50] LEN: 12 | HEX: F9 77 FB FD EE 73 D5 AA 81 DD BF AD | T:1699262 RPD:1
[CH: 50] LEN: 12 | HEX: F9 77 FE FE FE 70 95 FF 76 7F AF FD | T:1699263 RPD:0
[CH: 50] LEN: 12 | HEX: F1 77 DD F5 FE 73 95 D5 21 D5 AF C9 | T:1699274 RPD:1
[CH: 50] LEN: 12 | HEX: F9 77 FD FE FE 70 95 FF 76 7F AA E6 | T:1699274 RPD:0
[CH: 50] LEN: 12 | HEX: F1 77 F8 FD FE 73 95 EF 41 FD B6 FF | T:1699286 RPD:1
[CH: 50] LEN: 12 | HEX: F1 77 FE FA F6 70 95 FE F6 7D BF BF | T:1699297 RPD:1
[CH: 50] LEN: 12 | HEX: F1 77 DB FD FE 73 95 EE 81 F9 AF FF | T:1699297 RPD:0
[CH: 50] LEN: 12 | HEX: F9 77 FD FE FE 70 95 EE F6 7B 2F BB | T:1699308 RPD:1
[CH: 50] LEN: 12 | HEX: F1 77 AE FE FE 70 95 FE F6 7F AF FF | T:1699309 RPD:0
[CH: 50] LEN: 12 | HEX: F9 77 AA F5 FE 73 95 FD 41 F5 AD FF | T:1699320 RPD:1
[CH: 50] LEN: 12 | HEX: F9 77 FA FE FE 70 95 F7 F6 7A BF FF | T:1699331 RPD:1
[CH: 50] LEN: 12 | HEX: F9 77 B5 FD FE 73 95 FF 41 F5 AF DE | T:1699332 RPD:0
[CH: 50] LEN: 12 | HEX: F5 77 FD F9 FD 73 95 FF 41 F5 BF F7 | T:1699343 RPD:1
[CH: 50] LEN: 12 | HEX: F1 77 FF FB EC 73 95 FF A1 FD BF FF | T:1699343 RPD:0
[CH: 50] LEN: 12 | HEX: F1 77 FA FE F6 70 95 D5 76 7B AF FA | T:1699354 RPD:1
[CH: 50] LEN: 12 | HEX: F1 77 BE FB FC 73 95 F7 41 E9 BF DF | T:1699366 RPD:1
[CH: 50] LEN: 12 | HEX: F9 7F D5 FE FE 70 95 D4 54 55 3E EF | T:1699366 RPD:0
[CH: 50] LEN: 12 | HEX: E9 77 FA FD EE 73 95 F7 C1 FD BF FF | T:1699377 RPD:1
[CH: 50] LEN: 12 | HEX: F9 77 F5 FD FE 73 95 D6 C1 E9 AD F7 | T:1699378 RPD:0
[CH: 50] LEN: 12 | HEX: F9 77 5A FE FE 70 95 FE F6 7D 3F FF | T:1699389 RPD:1
[CH: 50] LEN: 12 | HEX: F9 77 FD FE F5 70 95 F7 76 7F BF 7B | T:1699389 RPD:0
[CH: 50] LEN: 12 | HEX: F1 77 FD FD EF 73 95 F7 81 FD AF F7 | T:1699400 RPD:1
[CH: 50] LEN: 12 | HEX: F5 77 DD FE FE 70 95 FE F6 7F AF FF | T:1699412 RPD:1
[CH: 50] LEN: 12 | HEX: F1 77 FC F7 FC 73 95 D5 41 AB BE FF | T:1699412 RPD:0
[CH: 50] LEN: 12 | HEX: F9 77 FA FE FE 70 95 FE 76 7F AF D6 | T:1699423 RPD:1
[CH: 50] LEN: 12 | HEX: F1 77 BF EA EA 70 95 DD F6 7B AF FF | T:1699424 RPD:0
[CH: 50] LEN: 12 | HEX: F1 77 FA F9 FE 73 95 EF 41 F5 BF D5 | T:1699435 RPD:1
[CH: 50] LEN: 12 | HEX: F9 77 7A FE F5 70 95 FF F6 7F FF FF | T:1699446 RPD:1
[CH: 50] LEN: 12 | HEX: ED 77 FE FD DE 73 95 FE C1 DD AF EF | T:1699446 RPD:0
[CH: 50] LEN: 12 | HEX: F5 77 FB FE F4 70 95 FF 76 7F BF BF | T:1699458 RPD:1
[CH: 50] LEN: 12 | HEX: E9 77 DC FD DE 73 95 DD 41 D5 BD FF | T:1699458 RPD:0
[CH: 50] LEN: 12 | HEX: F1 77 FE FE FE 70 95 FF 76 7F BF FD | T:1699469 RPD:1
[CH: 50] LEN: 12 | HEX: F1 77 FD FB FE 73 95 F7 A1 F5 AF EF | T:1699469 RPD:0
[CH: 50] LEN: 12 | HEX: F9 77 FB FE FE 70 95 FF 76 7F AF BF | T:1699481 RPD:1
[CH: 50] LEN: 12 | HEX: F1 77 BB FD FE 73 95 AA 81 DD BD DD | T:1699492 RPD:1
[CH: 50] LEN: 12 | HEX: F1 77 FA F5 F5 70 95 FE FE 7F BF BE | T:1699492 RPD:0
[CH: 50] LEN: 12 | HEX: F1 77 BC FD FE 73 95 FF C1 FD AF EF | T:1699504 RPD:1
[CH: 50] LEN: 12 | HEX: F9 77 FB FD FE 73 95 FE 81 ED AE FF | T:1699504 RPD:0
[CH: 50] LEN: 12 | HEX: F9 77 BD FE FE 70 95 FB 76 7B BF 7F | T:1699515 RPD:1
[CH: 50] LEN: 12 | HEX: F1 77 FD FD F6 73 95 FF 41 F5 BB 7F | T:1699526 RPD:1
[CH: 50] LEN: 12 | HEX: F1 77 BC FA FE 70 95 FE F6 7F BF 7D | T:1699527 RPD:0
[CH: 50] LEN: 12 | HEX: F9 77 BD F6 FE 70 95 FF 76 7F AD DF | T:1699538 RPD:1
[CH: 50] LEN: 12 | HEX: F9 77 FD FE FE 70 95 FD 76 7F BB FF | T:1699538 RPD:0
[CH: 50] LEN: 12 | HEX: F5 77 AD F5 FE 73 95 F7 41 EB B7 4D | T:1699550 RPD:1
[CH: 50] LEN: 12 | HEX: F9 77 D6 FE FE 70 95 FF 76 7B AE DF | T:1699561 RPD:1
[CH: 50] LEN: 12 | HEX: F9 77 FD FD F4 73 95 FE 81 F5 AF BF | T:1699561 RPD:0
[CH: 50] LEN: 12 | HEX: F9 77 FF FE FE 70 95 EF 76 7F AF FF | T:1699572 RPD:1
[CH: 50] LEN: 12 | HEX: F9 77 FE FD F4 70 95 FE 76 76 AF 5D | T:1699573 RPD:0
[CH: 50] LEN: 12 | HEX: F9 77 FD EB FC 73 95 EE 81 FD BF DD | T:1699584 RPD:1
[CH: 50] LEN: 12 | HEX: F9 77 FD FE FE 70 95 FE F6 7F BF FF | T:1699584 RPD:0
[CH: 50] LEN: 12 | HEX: F1 77 FD FD FE 73 95 FF 41 EB BF FF | T:1699596 RPD:0
[CH: 50] LEN: 12 | HEX: F9 77 FE 80 00 71 95 FE 89 06 AE FB | T:1699613 RPD:1
[CH: 50] LEN: 12 | HEX: F1 77 BF 00 00 71 95 DE C9 06 BF CF | T:1699614 RPD:1
[CH: 50] LEN: 12 | HEX: EC 6D F5 00 FE FD 96 FF 6C 9F BF DF | T:1699644 RPD:1
[CH: 50] LEN: 12 | HEX: F8 6D FF 80 FE F5 96 F7 6C 9F BF 7D | T:1699644 RPD:1
[CH: 50] LEN: 12 | HEX: F1 77 FF 00 00 71 96 FB 9C 55 BD FE | T:1699913 RPD:1
[CH: 50] LEN: 12 | HEX: F9 77 DF 00 00 71 96 FE DC 55 BF ED | T:1699914 RPD:1
[CH: 50] LEN: 12 | HEX: F0 6D FE 80 F4 FD 96 FF 6C 9F BB FD | T:1699943 RPD:1
[CH: 50] LEN: 12 | HEX: F0 6D FB 00 F6 F9 96 EF 6C 9F BB FF | T:1699944 RPD:1
[CH: 50] LEN: 12 | HEX: F1 77 AE 00 00 71 96 FF 9C 55 AF DF | T:1700213 RPD:1
[CH: 50] LEN: 12 | HEX: F9 77 D6 80 00 71 96 FF 9C 55 AD B7 | T:1700213 RPD:1
[CH: 50] LEN: 12 | HEX: F8 6D FF 80 F6 FB 96 FF 6C 9F AE FF | T:1700243 RPD:1
[CH: 50] LEN: 12 | HEX: F8 6D FF 80 FE F5 96 FF 6C 9F FF D5 | T:1700244 RPD:1
[CH: 50] LEN: 12 | HEX: F9 77 AF 00 00 71 96 FF 1C 55 BD B5 | T:1700512 RPD:1
[CH: 50] LEN: 12 | HEX: F9 77 F5 00 00 71 96 F7 9C 55 BF BD | T:1700513 RPD:1
[CH: 50] LEN: 12 | HEX: F8 6D FF 00 FE FD 96 FF 6C 9F AE FB | T:1700543 RPD:1
[CH: 50] LEN: 12 | HEX: F0 6D FE 80 FE FD 96 F5 6C 9E AC FE | T:1700543 RPD:1
[CH: 50] LEN: 12 | HEX: F1 77 BD 00 00 71 96 F7 1C 55 AD EB | T:1700812 RPD:1
[CH: 50] LEN: 12 | HEX: F1 77 FD 00 00 71 96 FF 9C 55 BF 6D | T:1700813 RPD:1
[CH: 50] LEN: 12 | HEX: F0 6D FE 00 FA F5 96 FF 6C 9F AF 7D | T:1700843 RPD:1
[CH: 50] LEN: 12 | HEX: F0 6D F5 00 FE F5 96 FB 6C 9F AD FF | T:1700843 RPD:1
[CH: 50] LEN: 12 | HEX: F9 77 FF 00 00 71 96 FF 9C 55 A5 FB | T:1701112 RPD:1
[CH: 50] LEN: 12 | HEX: F1 77 BF 00 00 71 96 FF 5C 55 AF BB | T:1701113 RPD:1
[CH: 50] LEN: 12 | HEX: F0 6D FD 80 FE FD 96 FF 6C 9F B7 FE | T:1701142 RPD:1
[CH: 50] LEN: 12 | HEX: F8 6D FF 80 FC FD 96 F7 6C 9F AF BF | T:1701143 RPD:1
[CH: 50] LEN: 12 | HEX: F1 77 FA 00 00 71 96 FF 5C 55 BF BF | T:1701412 RPD:1
[CH: 50] LEN: 12 | HEX: F9 7F BD 00 00 71 96 F7 5C 55 AD FB | T:1701412 RPD:1
[CH: 50] LEN: 12 | HEX: F8 6D FE 80 FC F9 96 FF 6C 9F BF FE | T:1701442 RPD:1
[CH: 50] LEN: 12 | HEX: F0 6D FF 00 FE F5 96 FF 6C 9F 2B ED | T:1701443 RPD:1
[CH: 50] LEN: 12 | HEX: E9 77 FD 00 00 71 96 F7 5C 55 BB FF | T:1701711 RPD:1
[CH: 50] LEN: 12 | HEX: F1 77 7F 00 00 71 96 FF 5C 55 AF EF | T:1701712 RPD:1
[CH: 50] LEN: 12 | HEX: F0 6D FF 00 F4 FB 96 FF 6C 9F AF F7 | T:1701742 RPD:1
[CH: 50] LEN: 12 | HEX: F0 6D F5 00 FE F5 96 FF 6C 9E ED FF | T:1701743 RPD:1
[CH: 50] LEN: 12 | HEX: F1 77 FD 00 00 71 96 F6 9C 55 AA EE | T:1702011 RPD:1
[CH: 50] LEN: 12 | HEX: F9 77 FD 00 00 71 96 F5 9C 55 AE 75 | T:1702012 RPD:1
[CH: 50] LEN: 12 | HEX: F0 6D EF 00 FA F5 96 EE EC 9F B5 FF | T:1702042 RPD:1
[CH: 50] LEN: 12 | HEX: F8 6D FE 80 FE FF 96 F6 6C 9F BD FF | T:1702042 RPD:1
[CH: 50] LEN: 12 | HEX: F9 77 FE 80 00 71 96 FF 9C 55 AF B3 | T:1702311 RPD:1
[CH: 50] LEN: 12 | HEX: F9 77 F5 00 00 71 96 FF 1C 55 BD AF | T:1702312 RPD:1
[CH: 50] LEN: 12 | HEX: F8 6D FF 00 F4 F9 96 FD 6C 9F BD BF | T:1702341 RPD:1
[CH: 50] LEN: 12 | HEX: F8 6D FF 00 EE FD 96 F7 6C 9E AF FF | T:1702342 RPD:1
[CH: 50] LEN: 12 | HEX: F9 77 FA 80 00 71 96 FF 9C 55 BF FF | T:1702611 RPD:1
[CH: 50] LEN: 12 | HEX: F1 77 5B 00 00 71 96 FF 5C 55 AE EF | T:1702611 RPD:1
[CH: 50] LEN: 12 | HEX: F8 6D FF 80 F4 FD 96 FF 6C 9F BD FF | T:1702641 RPD:1
[CH: 50] LEN: 12 | HEX: F0 6D FE 80 FE F5 96 F7 6C 9D AD DF | T:1702642 RPD:1
[CH: 50] LEN: 12 | HEX: F9 77 F5 00 00 71 96 FE DC 55 BF DB | T:1702910 RPD:1
[CH: 50] LEN: 12 | HEX: F9 77 AF 00 00 71 96 FF 5C 55 AF D6 | T:1702911 RPD:1
[CH: 50] LEN: 12 | HEX: EC 6D DD 00 FE FD 96 EB 6C 9F BF F7 | T:1702941 RPD:1
[CH: 50] LEN: 12 | HEX: F8 6D FF 00 FE FD 96 F5 6C 9D 2B FD | T:1702942 RPD:1
[CH: 50] LEN: 12 | HEX: F1 77 BA 00 00 71 96 F7 5C 55 AB 5F | T:1703211 RPD:1
[CH: 50] LEN: 12 | HEX: F8 6D FF 80 F6 ED 96 F7 6C 9E BF FF | T:1703241 RPD:1
[CH: 50] LEN: 12 | HEX: F0 6D EF 00 FE FD 96 F5 6C 9D 3F FA | T:1703242 RPD:1
[CH: 50] LEN: 12 | HEX: F1 77 BD 00 00 71 96 FF 1C 55 BD A5 | T:1703510 RPD:1
[CH: 50] LEN: 12 | HEX: F1 77 F5 00 00 71 96 FF 5C 55 BD EB | T:1703511 RPD:1
[CH: 50] LEN: 12 | HEX: F0 6D D5 00 F5 F5 96 FF 6C 9F 3F FF | T:1703540 RPD:1
[CH: 50] LEN: 12 | HEX: F0 6D FD 00 FA FB 96 FE EC 9F BF FE | T:1703541 RPD:1
[CH: 50] LEN: 12 | HEX: F1 77 FD 00 00 71 96 FF 5C 55 BF ED | T:1703810 RPD:1
[CH: 50] LEN: 12 | HEX: F9 77 B5 00 00 71 96 FF 5C 55 BF BF | T:1703810 RPD:1
[CH: 50] LEN: 12 | HEX: F0 6D F7 00 FE FD 96 FF 6C 9F 7F FF | T:1703840 RPD:1
[CH: 50] LEN: 12 | HEX: F0 6D EE 00 F6 ED 96 F7 6C 9D 7F FF | T:1703841 RPD:1
[CH: 50] LEN: 12 | HEX: F1 77 FD 00 00 71 96 FF 1C 55 BF EF | T:1704109 RPD:1
[CH: 50] LEN: 12 | HEX: F1 77 B5 00 00 71 96 FF 5C 55 A9 7D | T:1704110 RPD:1
[CH: 50] LEN: 12 | HEX: F0 6D FE 00 FE FD 96 F6 6C 9F BB B7 | T:1704140 RPD:1
[CH: 50] LEN: 12 | HEX: F8 6D FF 80 FA FD 96 FD 6C 9F AF FF | T:1704141 RPD:1
[CH: 50] LEN: 12 | HEX: F9 77 DE 80 00 71 96 FF 9C 55 AB 77 | T:1704409 RPD:1
[CH: 50] LEN: 12 | HEX: F9 77 FD 00 00 71 96 F7 5C 55 AF BA | T:1704410 RPD:1
[CH: 50] LEN: 12 | HEX: F0 6D FD 80 FE FD 96 FE 6C 9E BF BF | T:1704440 RPD:1
[CH: 50] LEN: 12 | HEX: F0 6D EE 80 FE F5 96 F7 6C 9D 3F 7E | T:1704441 RPD:1
[CH: 50] LEN: 12 | HEX: F9 77 FD 00 00 71 96 FF 5C 55 BF DF | T:1704709 RPD:1
[CH: 50] LEN: 12 | HEX: F0 6D FF 80 FE FB 96 FE 6C 9F BB FF | T:1704740 RPD:1
[CH: 50] LEN: 12 | HEX: F0 6D FE 00 F6 F9 96 FF 6C 9F BF FD | T:1704740 RPD:1
[CH: 50] LEN: 12 | HEX: F1 77 BD 80 00 71 96 F7 9C 55 BE B7 | T:1705009 RPD:1
[CH: 50] LEN: 12 | HEX: F1 77 BF 00 00 71 96 FD 9C 55 BF FF | T:1705009 RPD:1
[CH: 50] LEN: 12 | HEX: F8 6D FF 00 FA F5 96 FB 6C 9F BF F7 | T:1705039 RPD:1
[CH: 50] LEN: 12 | HEX: F8 6D F7 00 FC F5 96 FA 6C 9F AE AF | T:1705040 RPD:1
[CH: 50] LEN: 12 | HEX: F9 77 FE 00 00 71 96 FF 9C 55 BE FD | T:1705308 RPD:1
[CH: 50] LEN: 12 | HEX: F9 77 BF 00 00 71 96 FF 5C 55 BA FF | T:1705309 RPD:1
[CH: 50] LEN: 12 | HEX: F0 6D FF 80 F5 FD 96 FF 6C 9F AA FF | T:1705339 RPD:1
[CH: 50] LEN: 12 | HEX: F8 6D FE 80 F6 F9 96 FB 6C 9F 3F 77 | T:1705340 RPD:1
[CH: 50] LEN: 12 | HEX: F9 77 FE 00 00 71 96 F7 1C 55 BF FC | T:1705608 RPD:1
[CH: 50] LEN: 12 | HEX: F9 77 F5 00 00 71 96 EB 5C 55 BA DB | T:1705609 RPD:1
[CH: 50] LEN: 12 | HEX: F8 6D FF 80 FB FD 96 FE EC 9F 6E EF | T:1705639 RPD:1
[CH: 50] LEN: 12 | HEX: F0 6D FE 80 FE FD 96 FF 6C 9F 37 EF | T:1705639 RPD:1
[CH: 50] LEN: 12 | HEX: F1 77 EB 00 00 71 96 ED 9C 55 BE EE | T:1705908 RPD:1
[CH: 50] LEN: 12 | HEX: F1 77 BE 00 00 71 96 FF 9C 55 BF FB | T:1705909 RPD:1
[CH: 50] LEN: 12 | HEX: F0 6D FF 00 FE FB 96 FF EC 9F 2E FE | T:1705938 RPD:1
[CH: 50] LEN: 12 | HEX: F8 6D FE 80 FA F9 96 FF EC 9F 7F FF | T:1705939 RPD:1
[CH: 50] LEN: 12 | HEX: F9 77 FA 00 00 71 96 FF 9C 55 AF FF | T:1706208 RPD:1
[CH: 50] LEN: 12 | HEX: F5 77 5D 00 00 71 96 EE 98 55 BD F6 | T:1706208 RPD:1
[CH: 50] LEN: 12 | HEX: F8 6D FE 80 FE F9 96 FA 6C 9D 6F FD | T:1706238 RPD:1
[CH: 50] LEN: 12 | HEX: F8 6D FE 00 FA F5 96 FF 6C 9F 3F FF | T:1706239 RPD:1
[CH: 50] LEN: 12 | HEX: F9 77 FD 00 00 71 96 F7 1C 55 BF 77 | T:1706508 RPD:1
[CH: 50] LEN: 12 | HEX: F9 77 75 00 00 71 96 FD 9C 55 AD 7B | T:1706508 RPD:1
[CH: 50] LEN: 12 | HEX: F8 6D FF 00 F6 FD 96 F5 6C 9F B5 AB | T:1706538 RPD:1
[CH: 50] LEN: 12 | HEX: F0 6D EB 00 FA FD 96 FF 6C 9F BF FE | T:1706539 RPD:1
[CH: 50] LEN: 12 | HEX: F2 76 FF 00 8C FD 96 FF 30 70 AE FF | T:1706812 RPD:1
[CH: 50] LEN: 12 | HEX: F2 76 FF 00 8C FD 96 FF 30 70 AF DF | T:1706813 RPD:1
[CH: 50] LEN: 12 | HEX: FA 76 F4 FA 73 DD 96 FF 4E 8D BB DD | T:1706843 RPD:1
[CH: 50] LEN: 12 | HEX: F2 76 F6 FD 70 FD 96 FF 7B 83 BD CF | T:1706846 RPD:1
[CH: 50] LEN: 12 | HEX: FA 76 F6 F8 71 F5 96 FF 67 66 BD FF | T:1706850 RPD:1
[CH: 50] LEN: 12 | HEX: FA 76 FE FB 76 FD 96 FF 51 9F AF FF | T:1706880 RPD:1
[CH: 50] LEN: 12 | HEX: F2 76 F6 EA 77 FD 96 FF 0D 72 AF DF | T:1706910 RPD:1
[CH: 50] LEN: 12 | HEX: FA 76 FE F1 74 F9 96 FF B8 74 AF FD | T:1706940 RPD:1
[CH: 50] LEN: 12 | HEX: FA 7E FE F8 75 F7 96 F7 24 91 BF F5 | T:1706970 RPD:1
[CH: 50] LEN: 12 | HEX: F2 76 FE F7 7A FD 96 FB 95 86 B7 F5 | T:1707000 RPD:1
[CH: 50] LEN: 12 | HEX: FA 76 F4 F6 7B FD 96 FE C9 63 BF ED | T:1707030 RPD:1
[CH: 50] LEN: 12 | HEX: FA 76 FA F5 78 FD 96 FF 3C 6D BF 57 | T:1707060 RPD:1
[CH: 50] LEN: 12 | HEX: FA 76 FE F4 79 ED 96 FF A0 88 BF FF | T:1707090 RPD:1
[CH: 50] LEN: 12 | HEX: F2 76 FE F3 7A ED 96 F5 56 71 AE ED | T:1707120 RPD:1
[CH: 50] LEN: 12 | HEX: F2 76 F6 E2 77 5D 96 FF 0A 94 BE DF | T:1707150 RPD:1
[CH: 50] LEN: 12 | HEX: F2 76 F4 F1 7A F5 96 FF 7F 9A BF FB | T:1707180 RPD:1
[CH: 50] LEN: 12 | HEX: F2 76 FE F0 77 FD 96 FF 23 7F BB 7F | T:1707210 RPD:1
[CH: 50] LEN: 12 | HEX: F2 76 FE EF 62 FD 96 F7 0D 95 AB FF | T:1707240 RPD:1
[CH: 50] LEN: 12 | HEX: FA 76 FE EE 63 FD 96 FF B1 70 AF FF | T:1707270 RPD:1
[CH: 50] LEN: 12 | HEX: FA 76 FA ED 60 F9 96 FF A4 7A BD 7D | T:1707300 RPD:1
[CH: 50] LEN: 12 | HEX: EA 76 F4 EC 61 E9 96 F7 78 9B AD D6 | T:1707330 RPD:1
[CH: 50] LEN: 12 | HEX: F2 76 FE EB 66 ED 96 F7 4E 62 BF BB | T:1707360 RPD:1
[CH: 50] LEN: 12 | HEX: FA 76 FE EA 67 FB 96 FF 92 87 AE FF | T:1707390 RPD:1
[CH: 50] LEN: 12 | HEX: FA 76 F4 E9 64 F5 96 FF 47 89 AE EF | T:1707420 RPD:1
[CH: 50] LEN: 12 | HEX: F2 76 FB E8 65 ED 96 FF 3B 6C BF FA | T:1707450 RPD:1
[CH: 50] LEN: 12 | HEX: FA 76 FE E7 6A D5 96 D5 0A 73 BF 6E | T:1707480 RPD:1
[CH: 50] LEN: 12 | HEX: EA 76 F5 E6 6B FD 96 FF 56 9E BF 5F | T:1707510 RPD:1
[CH: 50] LEN: 12 | HEX: F2 76 FE E5 68 ED 96 FF 23 90 B5 F1 | T:1707540 RPD:1
[CH: 50] LEN: 12 | HEX: F6 76 FE E4 69 FD 96 FF 7E 75 AD 6F | T:1707570 RPD:1
[CH: 50] LEN: 12 | HEX: F2 76 FD E3 6E FB 96 F7 A9 8C BF EB | T:1707600 RPD:1
[CH: 50] LEN: 12 | HEX: F2 76 FE E2 6F FB 96 FF 15 69 AF 7F | T:1707630 RPD:1
[CH: 50] LEN: 12 | HEX: EE 76 FE E1 6C FF 96 FF 60 67 3B FA | T:1707660 RPD:1
[CH: 50] LEN: 12 | HEX: FA 76 FE E0 6D FD 96 F7 BC 82 AF 7F | T:1707690 RPD:1
[CH: 50] LEN: 12 | HEX: F2 76 FA DF 52 FD 96 FF 2D 92 BF FD | T:1707720 RPD:1
[CH: 50] LEN: 12 | HEX: F2 76 FE FE 73 ED 96 F7 AE 8D BF FF | T:1707750 RPD:1
[CH: 50] LEN: 12 | HEX: F2 76 FE FD 70 FD 96 FF 7B 83 AF FB | T:1707754 RPD:1
[CH: 50] LEN: 12 | HEX: FA 76 F6 FA 71 F5 96 F7 67 66 AF FD | T:1707758 RPD:1
[CH: 50] LEN: 12 | HEX: F2 76 FA FB 76 FD 96 FF 51 9F AF BF | T:1707788 RPD:1
[CH: 50] LEN: 12 | HEX: FA 76 FE F2 77 FD 96 FF 8D 7A BD FA | T:1707818 RPD:1
[CH: 50] LEN: 12 | HEX: F2 76 FE F1 74 FD 96 FE A8 74 AD DD | T:1707848 RPD:1
[CH: 50] LEN: 12 | HEX: F2 76 FE F0 7D E9 96 F6 24 91 BF FA | T:1707878 RPD:1
[CH: 50] LEN: 12 | HEX: FA 76 F4 F7 7A FD 96 FF 95 86 AF DB | T:1707908 RPD:1
[CH: 50] LEN: 12 | HEX: FA 76 FE F6 7B FD 96 FA 49 63 B7 FD | T:1707938 RPD:1
[CH: 50] LEN: 12 | HEX: FA 76 F4 F5 78 F5 96 FE 3C 6D BB FD | T:1707968 RPD:1
[CH: 50] LEN: 12 | HEX: F6 76 F6 E4 79 FD 96 FF C0 88 AF AA | T:1707998 RPD:1
[CH: 50] LEN: 12 | HEX: F2 76 F5 F3 7E F5 96 FE 96 71 BB FF | T:1708028 RPD:1
[CH: 50] LEN: 12 | HEX: F2 76 FE F2 75 FD 96 FF 0A 94 AF F5 | T:1708058 RPD:1
[CH: 50] LEN: 12 | HEX: FA 76 FE F1 7C F7 96 FA 7F 5A AF FF | T:1708088 RPD:1
[CH: 50] LEN: 12 | HEX: F2 76 FE F0 79 FD 96 F7 63 7F AB 7E | T:1708118 RPD:1
[CH: 50] LEN: 12 | HEX: F2 76 F6 EF 62 F5 96 FB 0D 95 BF DF | T:1708148 RPD:1
[CH: 50] LEN: 12 | HEX: F2 76 FE EE 63 DD 96 FF 51 70 BF EE | T:1708178 RPD:1
[CH: 50] LEN: 12 | HEX: F2 76 FE ED 60 F5 96 EB 24 7E BF FB | T:1708208 RPD:1
[CH: 50] LEN: 12 | HEX: F2 76 FE EC 61 D5 96 FB 78 9B BF 6F | T:1708238 RPD:1
[CH: 50] LEN: 12 | HEX: F2 76 FE EB 66 FB 96 FE 4E 62 A5 AD | T:1708268 RPD:1
[CH: 50] LEN: 12 | HEX: FA 76 FE EA 67 F9 96 FB 92 87 BF BF | T:1708298 RPD:1
[CH: 50] LEN: 12 | HEX: FA 76 FE E9 64 ED 96 F7 A7 09 BF FF | T:1708328 RPD:1
[CH: 50] LEN: 12 | HEX: F2 76 F6 E8 65 F5 96 F5 3B 6C BF F7 | T:1708358 RPD:1
[CH: 50] LEN: 12 | HEX: FA 76 FE E7 6A E9 96 F5 0A 73 B5 7A | T:1708387 RPD:1
[CH: 50] LEN: 12 | HEX: FA 76 F4 E6 6B FD 96 FE 56 9E B7 75 | T:1708417 RPD:1
[CH: 50] LEN: 12 | HEX: F2 76 FE E5 68 F7 96 FF 23 90 BD FF | T:1708447 RPD:1
[CH: 50] LEN: 12 | HEX: FA 76 EE E4 69 F9 96 FF AF 75 AF BF | T:1708477 RPD:1
[CH: 50] LEN: 12 | HEX: FA 76 FA E3 6E F9 96 FF 69 8C BE FF | T:1708507 RPD:1
[CH: 50] LEN: 12 | HEX: FA 76 FE E2 6F FB 96 FF 15 69 AF FB | T:1708537 RPD:1
[CH: 50] LEN: 12 | HEX: FA 76 FA E1 6C E9 96 FF 60 67 BF DB | T:1708567 RPD:1
[CH: 50] LEN: 12 | HEX: F2 76 FE E0 6D FD 96 FE BC 82 BF BF | T:1708597 RPD:1
[CH: 50] LEN: 12 | HEX: FA 76 EC DF 52 EB 96 ED AD 92 AF 5F | T:1708627 RPD:1
[CH: 50] LEN: 12 | HEX: FA 76 FE FE 73 FD 96 FF CE 8D BD FB | T:1708657 RPD:1
[CH: 50] LEN: 12 | HEX: F2 76 FE FD 78 F5 96 FF BB 83 BF ED | T:1708661 RPD:1
[CH: 50] LEN: 12 | HEX: F2 76 FC EC 71 FD 96 F7 67 66 AF FD | T:1708665 RPD:1
[CH: 50] LEN: 12 | HEX: F2 76 FE F3 76 FD 96 FF 51 9F BF FE | T:1708695 RPD:1
[CH: 50] LEN: 12 | HEX: FA 76 FA F2 77 BD 96 F7 0D 7A AC BF | T:1708725 RPD:1
[CH: 50] LEN: 12 | HEX: F2 76 FE F9 74 FD 96 FF B8 74 BF DF | T:1708755 RPD:1
[CH: 50] LEN: 12 | HEX: F2 76 FE F8 75 FD 96 FF 24 91 AF FD | T:1708785 RPD:1
[CH: 50] LEN: 12 | HEX: F2 76 FA F7 72 FB 96 FF 95 86 BF AA | T:1708815 RPD:1
[CH: 50] LEN: 12 | HEX: FA 76 FA F6 7B DD 96 FB 49 63 BE FA | T:1708845 RPD:1
[CH: 50] LEN: 12 | HEX: FA 76 F6 F5 70 F5 96 FE BC 6D BD FF | T:1708875 RPD:1
[CH: 50] LEN: 12 | HEX: FA 76 FA F4 79 FD 96 F7 A0 88 BF FF | T:1708905 RPD:1
[CH: 50] LEN: 12 | HEX: F2 76 F4 E3 7E FD 96 FD 56 71 BF FF | T:1708935 RPD:1
[CH: 50] LEN: 12 | HEX: F2 76 FE E2 7B 5D 96 F5 0A 94 AF FF | T:1708965 RPD:1
[CH: 50] LEN: 12 | HEX: FA 76 FE F1 7A F7 96 EF 7F 9A AF DF | T:1708995 RPD:1
[CH: 50] LEN: 12 | HEX: FA 76 F6 F0 7D FD 96 F7 63 7F AB 7B | T:1709025 RPD:1
[CH: 50] LEN: 12 | HEX: FA 76 FE EF 62 FD 96 FF 0D 95 AB FF | T:1709055 RPD:1
[CH: 50] LEN: 12 | HEX: FA 76 FE EE 63 FD 96 FF B1 70 AE FE | T:1709085 RPD:1
[CH: 50] LEN: 12 | HEX: FA 76 F6 FD 60 FD 96 F7 24 7E BF AD | T:1709115 RPD:1
[CH: 50] LEN: 12 | HEX: F2 76 FE EC 61 FD 96 FF 78 9B AF FF | T:1709145 RPD:1
[CH: 50] LEN: 12 | HEX: FA 7E F6 EB 66 FD 96 EF 4E 62 AF FB | T:1709175 RPD:1
[CH: 50] LEN: 12 | HEX: FA 76 FE EA 67 FD 96 FE 92 87 BE FF | T:1709205 RPD:1
[CH: 50] LEN: 12 | HEX: F2 76 FE F9 64 FB 96 FE A7 89 AD DF | T:1709235 RPD:1
[CH: 50] LEN: 12 | HEX: FA 76 F6 E8 65 F5 96 FB 3B 6C AF BD | T:1709265 RPD:1
[CH: 50] LEN: 12 | HEX: F2 76 F6 E7 6A F5 96 EE 4A 7B AF FF | T:1709295 RPD:1
[CH: 50] LEN: 12 | HEX: FA 76 FE E6 6B FD 96 F7 56 9E AF F2 | T:1709325 RPD:1
[CH: 50] LEN: 12 | HEX: F2 76 FE E5 68 FD 96 FF 23 90 BB AB | T:1709355 RPD:1
[CH: 50] LEN: 12 | HEX: FA 76 FE E4 69 FD 96 F7 BF 75 BD FF | T:1709385 RPD:1
[CH: 50] LEN: 12 | HEX: FA 76 FE E3 6E FD 96 FF A9 8C AF 7F | T:1709415 RPD:1
[CH: 50] LEN: 12 | HEX: FA 76 F6 E2 6F FB 96 FF 15 69 BF EF | T:1709445 RPD:1
[CH: 50] LEN: 12 | HEX: EE 76 F6 E1 6C F5 96 FE E0 67 2A F7 | T:1709475 RPD:1
[CH: 50] LEN: 12 | HEX: F2 76 FE E0 6D FD 96 FB 7C 82 AF DE | T:1709505 RPD:1
[CH: 50] LEN: 12 | HEX: F2 76 FE DE 52 F7 96 FE 2D 92 AB ED | T:1709535 RPD:1
[CH: 50] LEN: 12 | HEX: F2 76 F6 F6 73 ED 96 FF AE 8D BE FF | T:1709565 RPD:1
[CH: 50] LEN: 12 | HEX: FA 76 FE FD 70 ED 96 FE BB 83 BB DF | T:1709569 RPD:1
[CH: 50] LEN: 12 | HEX: FA 76 FE FC 71 FD 96 FF 67 66 BF FF | T:1709573 RPD:1
[CH: 50] LEN: 12 | HEX: F2 76 F4 F3 76 FD 96 FF 51 9F BF FD | T:1709603 RPD:1
[CH: 50] LEN: 12 | HEX: FA 76 FE FA 77 FB 96 FF CD 72 BD FB | T:1709633 RPD:1
[CH: 50] LEN: 12 | HEX: F2 76 FA F1 74 FD 96 FF A8 74 BD FF | T:1709663 RPD:1
