# TM102 live session port=/dev/cu.usbserial-0001 started=20260826-145842
0] LEN: 12 | HEX: FA 76 FE E0 6D F1 92 FA AC 86 AF FF | T:5922522 RPD:1
[CH: 50] LEN: 12 | HEX: FA 76 FE DF 52 F9 92 F7 3D 96 B5 EF | T:5922552 RPD:1
[CH: 50] LEN: 12 | HEX: F2 76 FE F6 73 F9 92 FF 5E 89 BE FB | T:5922582 RPD:1
[CH: 50] LEN: 12 | HEX: FA 76 F4 FD 70 F9 92 FF AB 87 BF FD | T:5922586 RPD:1
[CH: 50] LEN: 12 | HEX: F2 76 FE F4 71 F9 B2 FE 77 62 BF FF | T:5922589 RPD:1
[CH: 50] LEN: 12 | HEX: F2 76 F5 F3 76 F1 92 FF 41 9B B7 5E | T:5922600 RPD:1
[CH: 50] LEN: 12 | HEX: F2 76 FA FA 77 F9 92 FF 9D 74 BD FE | T:5922600 RPD:0
[CH: 50] LEN: 12 | HEX: FA 76 F5 F9 74 F9 92 FF E8 70 BF 7D | T:5922612 RPD:1
[CH: 50] LEN: 12 | HEX: F2 76 FE F8 75 ED 92 F7 34 95 BE D7 | T:5922612 RPD:0
[CH: 50] LEN: 12 | HEX: FA 76 FE F7 7A F1 92 FB 05 82 BD EF | T:5922623 RPD:0
[CH: 50] LEN: 12 | HEX: F2 76 FE F5 70 D1 92 D5 2C 69 BE FF | T:5922642 RPD:1
[CH: 50] LEN: 12 | HEX: FA 76 FA E4 79 F9 92 ED 70 8C BF F7 | T:5922672 RPD:1
[CH: 50] LEN: 12 | HEX: FA 76 F6 F3 7E F9 92 FA C6 75 BF FE | T:5922702 RPD:1
[CH: 50] LEN: 12 | HEX: FA 76 FE F2 7F A9 92 FA 9A 90 BF FB | T:5922732 RPD:1
[CH: 50] LEN: 12 | HEX: FA 76 FE F1 7C F9 92 FA 6F 9E BF FD | T:5922762 RPD:1
[CH: 50] LEN: 12 | HEX: F2 76 FA F0 79 F9 92 FE B3 7B BF D7 | T:5922792 RPD:1
[CH: 50] LEN: 12 | HEX: FA 76 FE EF 62 F5 92 ED 1D 91 BF EF | T:5922822 RPD:1
[CH: 50] LEN: 12 | HEX: FA 76 FD EE 63 E9 92 FD 81 74 BF FF | T:5922852 RPD:1
[CH: 50] LEN: 12 | HEX: F2 77 F6 EC 61 F9 92 F6 68 9F BF FB | T:5922912 RPD:1
[CH: 50] LEN: 12 | HEX: FA 76 F6 EB 66 F9 92 FF 5E 66 BF FF | T:5922942 RPD:1
[CH: 50] LEN: 12 | HEX: FA 76 FE EA 67 F5 92 FF 42 83 BF FF | T:5922972 RPD:1
[CH: 50] LEN: 12 | HEX: FA 76 FA E9 64 F9 92 FF FF 8D BE FF | T:5923002 RPD:1
[CH: 50] LEN: 12 | HEX: FA 76 FA E8 65 F1 B2 FF 2B 68 BF FF | T:5923032 RPD:1
[CH: 50] LEN: 12 | HEX: F2 76 FE E7 6A F1 92 FF 9A 7D BF FF | T:5923062 RPD:1
[CH: 50] LEN: 12 | HEX: F2 76 FE E6 6B F9 92 FD C6 9A AF FA | T:5923092 RPD:1
[CH: 50] LEN: 12 | HEX: FA 76 FE E5 68 F9 92 EB 33 94 BF FB | T:5923122 RPD:1
[CH: 50] LEN: 12 | HEX: F2 76 FB E4 69 F9 92 FD CF 71 BF EF | T:5923152 RPD:1
[CH: 50] LEN: 12 | HEX: FA 76 FC E3 6E F9 92 F5 99 88 BF EF | T:5923182 RPD:1
[CH: 50] LEN: 12 | HEX: FA 76 FE E2 6F F5 92 F7 05 6D B9 BE | T:5923212 RPD:1
[CH: 50] LEN: 12 | HEX: FA 76 F5 E1 6C F9 D2 FF 70 63 BF FF | T:5923242 RPD:1
[CH: 50] LEN: 12 | HEX: FA 76 F5 E0 6D F9 92 FF EC 86 BF FE | T:5923272 RPD:1
[CH: 50] LEN: 12 | HEX: FA 76 FE DF 52 F5 92 FF 3D 96 BF FF | T:5923302 RPD:1
[CH: 50] LEN: 12 | HEX: FA 76 F6 F4 73 F9 92 FF 7E 89 BD DF | T:5923332 RPD:1
[CH: 50] LEN: 12 | HEX: FA 66 F5 FD 70 F9 92 FF 6B 87 BF FF | T:5923335 RPD:1
[CH: 50] LEN: 12 | HEX: FA 76 FE FC 71 E9 92 F7 77 62 B7 FF | T:5923339 RPD:1
[CH: 50] LEN: 12 | HEX: FA 76 FA FB 76 F1 92 FE C1 9A BF F7 | T:5923351 RPD:1
[CH: 50] LEN: 12 | HEX: FA 76 FD FA 77 E9 92 FF 9D 7E BD BF | T:5923351 RPD:0
[CH: 50] LEN: 12 | HEX: FA 76 FE F1 74 F9 92 FF B8 70 BF FF | T:5923362 RPD:1
[CH: 50] LEN: 12 | HEX: FA 76 F6 F8 75 ED 92 FF 34 95 BF 7F | T:5923362 RPD:0
[CH: 50] LEN: 12 | HEX: EA 76 F6 E7 7A F1 92 F5 85 82 BB BF | T:5923374 RPD:0
[CH: 50] LEN: 12 | HEX: FA 76 FA F5 70 F9 92 EB 2C 69 BF 7F | T:5923392 RPD:1
[CH: 50] LEN: 12 | HEX: FA 76 FA F4 79 E9 92 F5 A8 8C BF FF | T:5923423 RPD:1
[CH: 50] LEN: 12 | HEX: FA 76 FE F3 7E F9 92 FF 66 75 B7 FF | T:5923452 RPD:1
[CH: 50] LEN: 12 | HEX: F2 76 FE EA 7F E1 92 EB 1A 90 BF BC | T:5923482 RPD:1
[CH: 50] LEN: 12 | HEX: F2 76 F4 F1 78 F1 92 EB 6F 9E BF 7F | T:5923512 RPD:1
[CH: 50] LEN: 12 | HEX: FA 76 FA F0 7D F1 92 FA B3 7B BF EF | T:5923542 RPD:1
[CH: 50] LEN: 12 | HEX: F2 76 FE EF 62 F9 92 FF 1D 91 BF DF | T:5923572 RPD:1
[CH: 50] LEN: 12 | HEX: F2 76 F6 EE 63 F9 92 F7 41 74 BD FF | T:5923602 RPD:1
[CH: 50] LEN: 12 | HEX: FA 76 FE ED 60 F9 92 FF B4 7A BF FE | T:5923632 RPD:1
[CH: 50] LEN: 12 | HEX: F2 76 EA EC 61 F1 92 FF 68 9D BE F7 | T:5923662 RPD:1
[CH: 50] LEN: 12 | HEX: EE 76 F6 EB 66 E9 92 EE 5C 66 BF FD | T:5923692 RPD:1
[CH: 50] LEN: 12 | HEX: FA 76 FE EA 67 F9 92 FF 82 83 BF DD | T:5923722 RPD:1
[CH: 50] LEN: 12 | HEX: FA 76 FE E9 64 F9 92 F5 F7 8D BA F5 | T:5923752 RPD:1
[CH: 50] LEN: 12 | HEX: FA 76 FC E8 65 F9 92 F5 2B 68 BD FF | T:5923782 RPD:1
[CH: 50] LEN: 12 | HEX: F2 76 FC E7 6A F9 92 FD 9A 7F BD FB | T:5923812 RPD:1
[CH: 50] LEN: 12 | HEX: F2 76 FA E6 6B F9 92 FF 46 9A BF FF | T:5923842 RPD:1
[CH: 50] LEN: 12 | HEX: F2 76 FE E5 68 E9 92 F5 33 14 BF FA | T:5923872 RPD:1
[CH: 50] LEN: 12 | HEX: FA 76 FE E4 69 F9 92 FF DF 71 AF 76 | T:5923902 RPD:1
[CH: 50] LEN: 12 | HEX: EA 76 F5 E3 6E E9 92 FF D9 88 BF EF | T:5923932 RPD:1
[CH: 50] LEN: 12 | HEX: FA 76 FB E2 6E F1 92 F7 05 6D BF DF | T:5923962 RPD:1
[CH: 50] LEN: 12 | HEX: F2 76 FE E1 6C F1 92 F7 70 63 FF 7F | T:5923992 RPD:1
[CH: 50] LEN: 12 | HEX: F2 76 FE E0 6D D1 92 FF 2C 86 BD EF | T:5924022 RPD:1
[CH: 50] LEN: 12 | HEX: FA 76 FE DF 52 F9 92 EA 39 96 BF DE | T:5924052 RPD:1
[CH: 50] LEN: 12 | HEX: F2 76 F6 FC 73 F9 92 FD 5E 89 BF 6F | T:5924082 RPD:1
[CH: 50] LEN: 12 | HEX: F2 76 FE F5 70 F9 92 FF AB 87 BF D7 | T:5924086 RPD:1
[CH: 50] LEN: 12 | HEX: FA 76 FF F6 71 F1 92 FB 77 62 BF BF | T:5924090 RPD:1
[CH: 50] LEN: 12 | HEX: F2 76 FE FA 77 F9 92 EA 9D 7E BF 7F | T:5924101 RPD:1
[CH: 50] LEN: 12 | HEX: F6 76 F6 F9 74 F1 92 FF B8 70 BD EB | T:5924101 RPD:1
[CH: 50] LEN: 12 | HEX: FA 76 FE F8 75 F1 92 FF 34 95 BD FF | T:5924113 RPD:1
[CH: 50] LEN: 12 | HEX: F6 76 FE F7 7A F9 92 F5 85 82 BF ED | T:5924113 RPD:0
[CH: 50] LEN: 12 | HEX: F2 76 FE F6 7B E9 92 FA D9 67 BF FF | T:5924124 RPD:0
[CH: 50] LEN: 12 | HEX: FA 76 FE F5 78 F1 92 FF 2C 69 AD FB | T:5924142 RPD:1
[CH: 50] LEN: 12 | HEX: F2 76 FE F4 79 F1 92 FA E8 8C BD AF | T:5924172 RPD:1
[CH: 50] LEN: 12 | HEX: FA 76 FE F3 7B F1 92 FF E6 75 BF FD | T:5924202 RPD:1
[CH: 50] LEN: 12 | HEX: FA 76 F4 E2 7B B9 92 F5 1A 90 BE EF | T:5924232 RPD:1
[CH: 50] LEN: 12 | HEX: FA 76 FA F1 7C F9 92 FF 6F 9E AF FF | T:5924262 RPD:1
[CH: 50] LEN: 12 | HEX: FA 76 FE F0 79 F9 B2 FD F3 7B BF 5D | T:5924292 RPD:1
[CH: 50] LEN: 12 | HEX: FA 76 F5 EF 62 F9 92 F7 1D 91 AF FF | T:5924322 RPD:1
[CH: 50] LEN: 12 | HEX: EE 76 FE EE 63 A9 92 FF 41 74 BF DF | T:5924352 RPD:1
[CH: 50] LEN: 12 | HEX: F2 76 FE ED 60 E9 92 F7 B4 7A B7 BF | T:5924382 RPD:1
[CH: 50] LEN: 12 | HEX: EA 76 FE EC 61 F9 92 FB 68 9E BD FF | T:5924412 RPD:1
[CH: 50] LEN: 12 | HEX: F6 76 FD EB 66 F9 92 FE 5E 66 BF AA | T:5924442 RPD:1
[CH: 50] LEN: 12 | HEX: F2 76 D6 EA 67 B1 92 F7 82 83 BF FB | T:5924472 RPD:1
[CH: 50] LEN: 12 | HEX: EA 76 F6 E9 64 F5 92 FF EF 8D B7 FE | T:5924502 RPD:1
[CH: 50] LEN: 12 | HEX: FA 76 F6 E8 65 ED 92 F5 2B 68 BF EF | T:5924532 RPD:1
[CH: 50] LEN: 12 | HEX: F6 76 FE E6 6B B9 92 FE C6 9A B7 77 | T:5924592 RPD:1
[CH: 50] LEN: 12 | HEX: FA 76 F6 E5 68 F9 92 FD 33 94 BD FF | T:5924622 RPD:1
locked RF_CH 50 (2450 MHz)
[CH: 50] LEN: 12 | HEX: FA 76 EE E4 69 D1 92 F6 EF 71 BF DF | T:5924651 RPD:1
[CH: 50] LEN: 12 | HEX: F2 76 F4 E3 6E F5 92 F7 B9 88 BF FA | T:5924681 RPD:1
[CH: 50] LEN: 12 | HEX: EA 76 EC E2 6F F5 92 EE 85 6D BF D7 | T:5924711 RPD:1
[CH: 50] LEN: 12 | HEX: EA 76 F6 E1 6C F1 92 F7 70 63 B6 FF | T:5924741 RPD:0
[CH: 50] LEN: 12 | HEX: FA 76 F4 DF 52 E9 B2 EB 3D 96 B5 FE | T:5924801 RPD:0
[CH: 50] LEN: 12 | HEX: F2 76 FA FD 70 F9 92 FA EB 87 BF FA | T:5924861 RPD:0
[CH: 50] LEN: 12 | HEX: FA 76 FC F8 71 D5 92 FF 77 62 B5 BD | T:5924891 RPD:0
[CH: 50] LEN: 12 | HEX: FA 76 FC FB 76 F9 92 FA C1 9B BF FF | T:5924921 RPD:0
[CH: 50] LEN: 12 | HEX: AE 56 EC DA 77 B1 92 EA 9D 6C BF FF | T:5924925 RPD:0
[CH: 50] LEN: 12 | HEX: FA 76 FE F8 75 F1 92 FF 34 95 AF FB | T:5924933 RPD:0
[CH: 50] LEN: 12 | HEX: F2 76 F6 F7 FA F9 92 F7 45 82 BF E7 | T:5924937 RPD:0
[CH: 50] LEN: 12 | HEX: FA 76 F5 F6 7B E9 92 FF 59 67 BF FB | T:5924967 RPD:0
[CH: 50] LEN: 12 | HEX: FA 76 F6 F5 70 F9 92 FF 2C 69 BE F7 | T:5924997 RPD:0
[CH: 50] LEN: 12 | HEX: FA 76 F6 F4 79 F1 92 FF F0 8C BF FF | T:5925027 RPD:0

Addressed capture: 5-byte address 18 18 18 18 3A, CRC off.
Every line below matched all 40 address bits in hardware.
Byte 0 is payload p0. Press x to stop.

[CH: 50] LEN: 12 | HEX: FA 76 FA E3 74 F9 92 FF A6 7D BF BD | T:5925057 RPD:0
[CH: 50] LEN: 12 | HEX: D2 76 F6 F1 78 ED 92 F7 6F 9E BB 3F | T:5925117 RPD:0
[CH: 50] LEN: 12 | HEX: F2 76 FE F0 7D F1 92 FB 33 7B AB EE | T:5925147 RPD:0
[CH: 50] LEN: 12 | HEX: FA 76 FE EF 62 F9 92 F6 9D 91 BD 76 | T:5925177 RPD:0
[CH: 50] LEN: 12 | HEX: FA 76 FE EE 63 E9 92 FF C1 74 BA 77 | T:5925207 RPD:0
[CH: 50] LEN: 12 | HEX: FA 76 FE ED 60 F9 92 F7 34 7A BE F7 | T:5925237 RPD:0
[CH: 50] LEN: 12 | HEX: FA 76 EA EC 61 F9 92 FF 68 9F BD FD | T:5925267 RPD:0
[CH: 50] LEN: 12 | HEX: F2 76 FE EB 66 F1 92 FB 5E 66 BF 7F | T:5925297 RPD:0
[CH: 50] LEN: 12 | HEX: FA 76 F6 EA 67 F9 92 EA 82 83 3E 7B | T:5925327 RPD:0
[CH: 50] LEN: 12 | HEX: FA 76 FE E9 64 F9 92 F7 F7 8D BF BD | T:5925357 RPD:0
[CH: 50] LEN: 12 | HEX: EE 76 EC E7 6A F1 92 FF 5A 7B BA FF | T:5925417 RPD:1
[CH: 50] LEN: 12 | HEX: F2 76 F6 E6 6B B1 92 F7 46 9A BF FF | T:5925447 RPD:1
[CH: 50] LEN: 12 | HEX: FA 76 F5 E5 68 E9 92 FA 33 94 BD FF | T:5925477 RPD:1
[CH: 50] LEN: 12 | HEX: FA 76 FE EC 69 F9 92 FF 4F 71 BC FB | T:5925507 RPD:1
[CH: 50] LEN: 12 | HEX: F6 76 F6 E3 6E F9 92 FF B9 88 AF 7B | T:5925537 RPD:1
[CH: 50] LEN: 12 | HEX: FA 76 F6 E2 6F F5 92 F7 05 6D BF FF | T:5925567 RPD:1
[CH: 50] LEN: 12 | HEX: FA 76 F6 E1 6C E9 92 FB 70 63 BC F7 | T:5925597 RPD:1
[CH: 50] LEN: 12 | HEX: FA 76 F4 E0 6D E9 92 FD 6C 86 BF FF | T:5925627 RPD:1
[CH: 50] LEN: 12 | HEX: F6 76 F4 DF 52 F5 92 FA 3D 96 BB E5 | T:5925657 RPD:1
[CH: 50] LEN: 12 | HEX: F6 76 FE ED 70 F5 92 FB EB 87 B5 FE | T:5925690 RPD:1
[CH: 50] LEN: 12 | HEX: F6 76 F6 F4 71 E9 92 EF 77 62 BF FF | T:5925694 RPD:1
[CH: 50] LEN: 12 | HEX: FA 76 F4 F7 76 F9 92 EB 41 9B BF FF | T:5925698 RPD:1
[CH: 50] LEN: 12 | HEX: FA 76 EA FD 74 E9 92 FE E8 70 AB FE | T:5925732 RPD:1
[CH: 50] LEN: 12 | HEX: FA 7E FE E8 75 FD 92 EF 34 95 AD FF | T:5925736 RPD:1
[CH: 50] LEN: 12 | HEX: FA 76 FD EF 7A ED 92 F7 85 82 BF 7F | T:5925740 RPD:1
[CH: 50] LEN: 12 | HEX: EA 76 DD EE 73 B9 92 EF 59 67 7F F5 | T:5925751 RPD:1
[CH: 50] LEN: 12 | HEX: F6 76 EF ED 74 F1 92 FE 2C 69 BE FF | T:5925774 RPD:1
[CH: 50] LEN: 12 | HEX: FA 76 EE EC 75 FD 92 FF E8 8C BF FF | T:5925804 RPD:1
[CH: 50] LEN: 12 | HEX: EA 76 EE E8 7D F9 92 FF B3 7B FF 7F | T:5925924 RPD:1
[CH: 50] LEN: 12 | HEX: F2 76 FC EC 61 D9 92 EB 68 9F BF FD | T:5926044 RPD:1
[CH: 50] LEN: 12 | HEX: EA 76 FD FB 66 E9 92 EF 5A 66 BF 75 | T:5926074 RPD:1
[CH: 50] LEN: 12 | HEX: FA 76 EE EA 67 F5 92 FE 82 83 FF EE | T:5926104 RPD:1
[CH: 50] LEN: 12 | HEX: F2 76 ED E9 64 F5 92 F7 FF 4D BF 7B | T:5926134 RPD:1
[CH: 50] LEN: 12 | HEX: EA 76 F6 F7 6A F9 92 ED 9A 77 6F CB | T:5926194 RPD:1
[CH: 50] LEN: 12 | HEX: FA 76 FE E6 6B F9 92 FB 46 9A AF FF | T:5926224 RPD:1
[CH: 50] LEN: 12 | HEX: FA 76 F4 E5 68 E9 92 FF 33 94 BF FB | T:5926254 RPD:1
[CH: 50] LEN: 12 | HEX: FE 76 FE E4 69 F9 92 EE EF 71 BB FF | T:5926284 RPD:1
[CH: 50] LEN: 12 | HEX: EE 76 F6 E3 6E F1 92 FF D9 88 BB 7E | T:5926314 RPD:1
[CH: 50] LEN: 12 | HEX: F6 76 F4 E2 6D 79 92 ED 05 6D BF F7 | T:5926344 RPD:1
[CH: 50] LEN: 12 | HEX: F6 76 FE E1 6C F9 92 F7 70 63 BF FE | T:5926374 RPD:1
[CH: 50] LEN: 12 | HEX: F6 76 F6 E0 6D F9 92 F7 6C 86 BF F7 | T:5926404 RPD:1
[CH: 50] LEN: 12 | HEX: EA 76 EE DE 52 F5 92 FF 39 96 BD FF | T:5926434 RPD:1
[CH: 50] LEN: 12 | HEX: EA 76 EE EA 73 F9 92 F6 9D 89 BF FF | T:5926464 RPD:1
[CH: 50] LEN: 12 | HEX: EA 76 FE FD 70 F9 92 FF 6B 87 BF FD | T:5926467 RPD:1
[CH: 50] LEN: 12 | HEX: FA 76 F6 EC 71 F9 92 FE F7 62 BB EF | T:5926470 RPD:1
[CH: 50] LEN: 12 | HEX: FA 76 EE FB 76 F5 92 F7 41 9B BF DE | T:5926482 RPD:1
[CH: 50] LEN: 12 | HEX: EA 76 EE FA 77 B5 92 F7 9D 7E BF FF | T:5926482 RPD:0
[CH: 50] LEN: 12 | HEX: FA 76 F6 F1 74 F9 92 EF E8 70 BF EF | T:5926493 RPD:1
[CH: 50] LEN: 12 | HEX: FA 76 FE F4 75 D1 92 FE B4 95 BD D7 | T:5926494 RPD:0
[CH: 50] LEN: 12 | HEX: FA 6E F6 EE 7B DD 92 FD 59 67 7F BF | T:5926505 RPD:0
[CH: 50] LEN: 12 | HEX: EA 76 FE F5 70 F9 92 FE AC 69 AE EF | T:5926523 RPD:1
[CH: 50] LEN: 12 | HEX: EA 76 F6 EC 75 D9 92 FD 70 8C BF F7 | T:5926553 RPD:1
[CH: 50] LEN: 12 | HEX: EA 76 FD EB 7E F9 92 EF C6 75 B7 FF | T:5926583 RPD:1
[CH: 50] LEN: 12 | HEX: FA 7E F7 F2 7D F5 92 FF 1A 90 BF 53 | T:5926613 RPD:1
[CH: 50] LEN: 12 | HEX: EA 76 EE F1 74 F9 92 ED 6E 9D BF FF | T:5926643 RPD:1
[CH: 50] LEN: 12 | HEX: FA 76 EE F0 7F F9 92 FF B3 7F BF D7 | T:5926673 RPD:1
[CH: 50] LEN: 12 | HEX: EA 76 FE EF 62 F5 92 EF 1D 91 BE ED | T:5926703 RPD:1
[CH: 50] LEN: 12 | HEX: FA 76 EE EE 63 D9 92 FF 41 74 B7 FF | T:5926733 RPD:1
[CH: 50] LEN: 12 | HEX: EA 76 ED ED 60 F9 92 FE B4 7A BF FF | T:5926763 RPD:1
[CH: 50] LEN: 12 | HEX: EA 76 FD EC 61 D9 92 F7 68 9D BF FF | T:5926793 RPD:1
[CH: 50] LEN: 12 | HEX: FA 76 F6 EB 66 E9 92 FF 5D 66 AF 6F | T:5926822 RPD:1
[CH: 50] LEN: 12 | HEX: FA 6E ED EA 67 F5 92 FF 02 83 FF FF | T:5926852 RPD:1
[CH: 50] LEN: 12 | HEX: EA 76 F6 E9 64 F9 92 FE F7 0D AF FD | T:5926882 RPD:1
[CH: 50] LEN: 12 | HEX: FA 76 F7 E8 65 F9 92 EE 2B 68 BF 7E | T:5926912 RPD:1
[CH: 50] LEN: 12 | HEX: FA 76 F4 E7 6A FD 92 EE 9A 7F AB BB | T:5926942 RPD:1
[CH: 50] LEN: 12 | HEX: EA 76 FD E6 6B F5 92 FF C6 9A BF F7 | T:5926972 RPD:1
[CH: 50] LEN: 12 | HEX: EA 76 F6 E4 69 F9 92 FE EE 71 BF FF | T:5927032 RPD:1
[CH: 50] LEN: 12 | HEX: FA 6E FA E3 6E F5 92 FF 59 88 BF FF | T:5927062 RPD:1
[CH: 50] LEN: 12 | HEX: F6 76 F6 E2 6E F1 92 FF 85 6D BF FF | T:5927092 RPD:1
[CH: 50] LEN: 12 | HEX: EA 76 F4 E1 6C F1 92 FE 70 63 AE FE | T:5927122 RPD:1
[CH: 50] LEN: 12 | HEX: F6 76 FE E0 6D F9 92 FE AC 86 BF FF | T:5927152 RPD:1
[CH: 50] LEN: 12 | HEX: F6 76 F6 DD 52 E9 92 EA 35 96 AB 6B | T:5927182 RPD:1
[CH: 50] LEN: 12 | HEX: FA 76 FE F4 73 F9 92 EE DC 89 BA FD | T:5927212 RPD:1
[CH: 50] LEN: 12 | HEX: FA 76 FE FD 70 F5 92 F5 AB 87 AF 7F | T:5927216 RPD:1
[CH: 50] LEN: 12 | HEX: F6 76 EC EB 76 F1 92 F7 41 9B AF FF | T:5927224 RPD:1
[CH: 50] LEN: 12 | HEX: EA 76 EC F6 77 69 92 F7 9D 76 BF 7B | T:5927228 RPD:1
[CH: 50] LEN: 12 | HEX: FA 76 FE F1 74 F9 92 F7 68 70 BA FE | T:5927239 RPD:1
[CH: 50] LEN: 12 | HEX: FA 76 EE F8 75 D9 92 EE B4 95 BB BF | T:5927239 RPD:1
[CH: 50] LEN: 12 | HEX: FA 76 EE F7 7A F9 92 F6 85 82 BE FF | T:5927251 RPD:1
[CH: 50] LEN: 12 | HEX: FA 76 FE F6 7B D9 92 EE 59 67 3B FD | T:5927251 RPD:1
[CH: 50] LEN: 12 | HEX: EA 76 F6 ED 78 F5 92 FF 2C 69 BF FF | T:5927273 RPD:1
[CH: 50] LEN: 12 | HEX: FA 76 F6 F4 79 E9 92 F7 F0 8C BB FB | T:5927303 RPD:1
[CH: 50] LEN: 12 | HEX: EA 76 EF F3 7E F1 92 EE C6 75 B7 BE | T:5927333 RPD:1
[CH: 50] LEN: 12 | HEX: FE 76 FD F2 7B B9 92 F6 9A 90 BF DF | T:5927363 RPD:1
[CH: 50] LEN: 12 | HEX: FA 76 F6 F1 7A F9 92 F7 EF 5D BF 56 | T:5927393 RPD:1
[CH: 50] LEN: 12 | HEX: F6 76 FD EF 62 FD 92 EF 1D 91 BF FF | T:5927453 RPD:1
[CH: 50] LEN: 12 | HEX: FA 76 FD EE 63 D9 92 FE C1 74 BE FF | T:5927483 RPD:1
[CH: 50] LEN: 12 | HEX: F6 76 FC ED 60 F5 92 F7 B4 76 AB FF | T:5927513 RPD:1
[CH: 50] LEN: 12 | HEX: F6 76 FE EC 61 F9 92 FE E8 9D 2F EF | T:5927543 RPD:1
[CH: 50] LEN: 12 | HEX: F6 76 F4 EA 67 F5 92 F7 42 83 BF 7B | T:5927603 RPD:1
[CH: 50] LEN: 12 | HEX: FE 76 F6 E9 64 F9 92 FD F7 8D BB FD | T:5927633 RPD:1
[CH: 50] LEN: 12 | HEX: F2 76 FF E7 6A F1 92 FF DA 7A BF FB | T:5927693 RPD:1
[CH: 50] LEN: 12 | HEX: FA 76 EE E6 6B F9 92 FF 46 9A BF FF | T:5927723 RPD:1
[CH: 50] LEN: 12 | HEX: FA 76 FE E5 68 D1 92 EA 33 14 BF EF | T:5927753 RPD:1
[CH: 50] LEN: 12 | HEX: FA 76 EA E4 69 D9 92 F7 6F 71 BF DF | T:5927783 RPD:1
[CH: 50] LEN: 12 | HEX: EA 76 FC E3 6E F9 92 F7 D9 88 B7 FF | T:5927813 RPD:1
[CH: 50] LEN: 12 | HEX: F6 76 FA E2 6F E9 92 FE 85 6D BA B7 | T:5927843 RPD:1
[CH: 50] LEN: 12 | HEX: FA 76 FE E1 6C E9 92 FE F0 6B AB F5 | T:5927873 RPD:1
[CH: 50] LEN: 12 | HEX: FA 76 F6 E0 6D F9 92 FF 6C 86 BB FF | T:5927903 RPD:1
[CH: 50] LEN: 12 | HEX: FA 76 FA DE 52 F9 92 FF BD 96 BD FF | T:5927933 RPD:1
[CH: 50] LEN: 12 | HEX: FA 76 FE FA 73 F5 92 F5 DE 89 BF FF | T:5927963 RPD:1
[CH: 50] LEN: 12 | HEX: FA 76 EA E9 70 F9 92 F7 2B 87 BF BF | T:5927966 RPD:1
[CH: 50] LEN: 12 | HEX: FA 76 F6 E8 71 F9 92 FE F7 62 B7 EF | T:5927970 RPD:1
[CH: 50] LEN: 12 | HEX: F2 7E FE F3 76 F5 92 FF 41 9B BF FF | T:5927982 RPD:1
[CH: 50] LEN: 12 | HEX: FA 76 FE FA 77 75 92 EB 5D 7E BF FF | T:5927982 RPD:0
[CH: 50] LEN: 12 | HEX: F6 76 FE F9 74 F5 92 FE A8 70 BF FE | T:5927993 RPD:1
[CH: 50] LEN: 12 | HEX: EE 76 FE F4 75 E9 92 F6 B4 95 BF FE | T:5927993 RPD:0
[CH: 50] LEN: 12 | HEX: FA 76 F6 F7 72 E9 92 FF 45 82 AF EE | T:5928005 RPD:0
[CH: 50] LEN: 12 | HEX: F6 76 FE E5 78 F1 92 F6 2C 69 BF FF | T:5928023 RPD:1
[CH: 50] LEN: 12 | HEX: F6 76 FD F4 79 E9 92 FF F0 8C AD FF | T:5928053 RPD:1
[CH: 50] LEN: 12 | HEX: EA 76 F6 EB 7E F5 92 FD C6 75 BF FD | T:5928083 RPD:1
[CH: 50] LEN: 12 | HEX: FA 76 F6 EA 7F 79 92 EF 1A 90 AA AB | T:5928113 RPD:1
[CH: 50] LEN: 12 | HEX: F2 76 EE E9 74 E9 92 FD 6F 1D BF F7 | T:5928143 RPD:1
[CH: 50] LEN: 12 | HEX: FA 76 FD F8 7D F9 92 EE B3 77 AF FE | T:5928173 RPD:1
[CH: 50] LEN: 12 | HEX: EA 76 F6 EE E2 F9 92 FE 1D 91 BE D6 | T:5928203 RPD:1
[CH: 50] LEN: 12 | HEX: F6 76 F6 EE 63 D9 92 EF C1 74 AF FA | T:5928233 RPD:1
[CH: 50] LEN: 12 | HEX: FA 76 FF ED 60 F9 92 F7 34 7E AF D7 | T:5928263 RPD:1
[CH: 50] LEN: 12 | HEX: FA 76 FE EC 61 F9 92 FE E8 9F AD FF | T:5928293 RPD:1
[CH: 50] LEN: 12 | HEX: EA 76 FD EB 66 E9 92 FF 5E 6E AF F7 | T:5928323 RPD:1
[CH: 50] LEN: 12 | HEX: FA 76 FA EA 67 75 92 FF 42 83 BF FF | T:5928353 RPD:1
[CH: 50] LEN: 12 | HEX: F2 76 FD E9 64 F1 92 FF F7 8D BF FF | T:5928383 RPD:1
[CH: 50] LEN: 12 | HEX: FA 76 FE E8 65 F9 92 F7 2B 68 BF BF | T:5928413 RPD:1
[CH: 50] LEN: 12 | HEX: F6 76 FE E7 6A F5 92 F6 9A 7B AF FF | T:5928443 RPD:1
[CH: 50] LEN: 12 | HEX: FA 76 EC E6 6B B9 92 EE C6 9A BF FB | T:5928473 RPD:1
[CH: 50] LEN: 12 | HEX: FA 76 FE E5 68 E9 92 FE B3 94 BF BC | T:5928503 RPD:1
[CH: 50] LEN: 12 | HEX: FA 76 FE E4 69 E9 92 F6 EF 71 AF FE | T:5928533 RPD:1
[CH: 50] LEN: 12 | HEX: EA 77 BB 00 81 D9 92 EF F3 FC BF BF | T:5928735 RPD:1
[CH: 50] LEN: 12 | HEX: F6 77 F5 00 81 F9 92 FE F3 FC AF EF | T:5928736 RPD:1
[CH: 50] LEN: 12 | HEX: F5 77 FA FE FE 70 92 FE AF E8 AB 77 | T:5928766 RPD:1
[CH: 50] LEN: 12 | HEX: F1 77 7A ED DA 73 92 FE 58 6A BF FF | T:5928769 RPD:1
[CH: 50] LEN: 12 | HEX: F9 77 FA F4 EE 72 92 FF C5 0B BA DF | T:5928772 RPD:1
[CH: 50] LEN: 12 | HEX: F9 77 F6 FB FC 75 92 EF 26 4E AE B7 | T:5928784 RPD:1
[CH: 50] LEN: 12 | HEX: E9 77 76 F6 FE 74 92 F6 BA 2E BF 7B | T:5928784 RPD:0
[CH: 50] LEN: 12 | HEX: F1 77 EA E9 DE 77 12 FD 0D AC A9 FF | T:5928795 RPD:1
[CH: 50] LEN: 12 | HEX: F5 77 FC F8 F6 76 92 FF 90 CD BB 76 | T:5928806 RPD:1
[CH: 50] LEN: 12 | HEX: E9 77 FA EF EE 75 92 F7 99 05 BF FF | T:5928807 RPD:0
[CH: 50] LEN: 12 | HEX: F1 77 FA EC FE 72 92 FE C5 0B AB FB | T:5928818 RPD:1
[CH: 50] LEN: 12 | HEX: F5 77 FA FC FF 76 92 FE 90 CD BF 6D | T:5928818 RPD:1
[CH: 50] LEN: 12 | HEX: F9 7F F4 EF F6 79 92 F6 D9 05 BE FF | T:5928830 RPD:1
[CH: 50] LEN: 12 | HEX: F9 77 FA F6 FE 70 92 FF 6E C8 B7 BF | T:5928831 RPD:1
[CH: 50] LEN: 12 | HEX: E9 77 FA FD FD 73 92 FE 58 6A AF E7 | T:5928843 RPD:1
[CH: 50] LEN: 12 | HEX: F5 77 F6 F8 EA 72 92 FF C5 0B AF 6E | T:5928843 RPD:0
[CH: 50] LEN: 12 | HEX: F5 77 F6 FB FA 75 92 FE A7 4E FD FF | T:5928854 RPD:1
[CH: 50] LEN: 12 | HEX: F5 77 5E F2 FD 74 92 FE BA 2E BB 7F | T:5928865 RPD:1
[CH: 50] LEN: 12 | HEX: FD 77 F6 F9 FD 77 D2 F7 8D AC BF EE | T:5928866 RPD:0
[CH: 50] LEN: 12 | HEX: E9 77 B6 F6 FF 70 92 FE EE E8 BF 56 | T:5928877 RPD:1
[CH: 50] LEN: 12 | HEX: F5 77 FE EA FF 74 92 FF 3A 2E B7 FE | T:5928877 RPD:0
[CH: 50] LEN: 12 | HEX: F9 77 76 E9 DD 77 D2 F5 0D AC AF DF | T:5928889 RPD:1
[CH: 50] LEN: 12 | HEX: E9 77 F6 EE FA 70 92 F7 6E E8 BF FF | T:5928900 RPD:1
[CH: 50] LEN: 12 | HEX: F5 77 76 FD DC 73 92 FD 58 6A B7 FD | T:5928900 RPD:0
[CH: 50] LEN: 12 | HEX: F9 77 F6 EA EA 74 92 EB BA 2E BB FF | T:5928911 RPD:1
[CH: 50] LEN: 12 | HEX: F9 77 B6 F6 F6 70 92 EF EF E8 BF D7 | T:5928912 RPD:0
[CH: 50] LEN: 12 | HEX: E9 77 5E FD EE 73 92 FD 58 6A BE B7 | T:5928923 RPD:1
[CH: 50] LEN: 12 | HEX: F9 77 FE F3 F4 7D 92 FE A7 4E BF FE | T:5928934 RPD:1
[CH: 50] LEN: 12 | HEX: F1 77 EA F2 EE 74 92 EF BA 2E BF FF | T:5928935 RPD:0
[CH: 50] LEN: 12 | HEX: E9 77 7E FF EE 79 92 FE D9 05 BD D5 | T:5928946 RPD:1
[CH: 50] LEN: 12 | HEX: F5 77 BE F7 DE 75 92 FE A7 4F 3F DF | T:5928946 RPD:1
[CH: 50] LEN: 12 | HEX: F5 77 F6 FA F7 74 92 FE BA 2E AF FD | T:5928957 RPD:1
[CH: 50] LEN: 12 | HEX: E9 77 EA F9 EE 77 92 FD 0D AC BF EE | T:5928959 RPD:1
[CH: 50] LEN: 12 | HEX: E9 77 6E F8 FD 76 92 DF 90 CD BF DF | T:5928970 RPD:1
[CH: 50] LEN: 12 | HEX: F1 7F F6 EF 6E 75 92 FD D9 05 BF FD | T:5928971 RPD:0
[CH: 50] LEN: 12 | HEX: E9 77 B6 F6 EC 70 92 ED EF D8 AE FF | T:5928982 RPD:1
[CH: 50] LEN: 12 | HEX: E9 77 EA ED FD 73 92 EE 58 6A BB 7F | T:5928993 RPD:1
[CH: 50] LEN: 12 | HEX: F1 77 76 FC ED 72 92 EE C5 0B AF FD | T:5928994 RPD:0
[CH: 50] LEN: 12 | HEX: E9 77 7A E9 FD 77 52 EF 0D AC AF FF | T:5929005 RPD:1
[CH: 50] LEN: 12 | HEX: E9 77 6E FD DD 73 92 FE 58 6A B7 7E | T:5929005 RPD:0
[CH: 50] LEN: 12 | HEX: F9 77 EE FC FD 72 92 ED C5 0B AF FE | T:5929016 RPD:1
[CH: 50] LEN: 12 | HEX: F9 77 7E E9 FA 77 52 FE 0D AC AF A4 | T:5929028 RPD:1
[CH: 50] LEN: 12 | HEX: F1 77 5E F4 EE 76 92 EF 90 CD AA D2 | T:5929028 RPD:0
[CH: 50] LEN: 12 | HEX: F5 77 FE FD FC 73 92 FE 58 6A AF DB | T:5929039 RPD:0
[CH: 50] LEN: 12 | HEX: F9 76 D6 EB BE 75 92 FD 27 4F AD 6F | T:5929042 RPD:1
[CH: 50] LEN: 12 | HEX: F9 77 D6 FA EE 74 92 FD BA 2E BF EB | T:5929053 RPD:1
[CH: 50] LEN: 12 | HEX: E9 77 7E E8 F6 76 92 EF 90 CD BE F3 | T:5929054 RPD:1
[CH: 50] LEN: 12 | HEX: F9 77 EE EF EE 75 92 FE D9 05 AE FF | T:5929065 RPD:1
[CH: 50] LEN: 12 | HEX: E9 77 EE FD EC 70 92 FD EF E8 AF EB | T:5929065 RPD:0
[CH: 50] LEN: 12 | HEX: E9 77 76 EC EC 7A 92 ED 45 0B BF 7F | T:5929077 RPD:1
[CH: 50] LEN: 12 | HEX: E9 77 F6 EB BC 75 92 FE 27 4F BF 7E | T:5929088 RPD:1
[CH: 50] LEN: 12 | HEX: F9 77 F6 FA F7 74 92 EF BA 2E BF FF | T:5929088 RPD:0
[CH: 50] LEN: 12 | HEX: E9 77 F6 FF F5 70 92 F7 6E E8 BD EA | T:5929099 RPD:1
[CH: 50] LEN: 12 | HEX: F9 77 EE FB FE 75 92 ED 27 4E AD 77 | T:5929100 RPD:0
[CH: 50] LEN: 12 | HEX: F9 77 EA FA FE 7C 92 FE BA 2E BF FA | T:5929111 RPD:1
[CH: 50] LEN: 12 | HEX: F5 77 EA EF 7E 79 92 FD D9 05 AE FF | T:5929122 RPD:1
[CH: 50] LEN: 12 | HEX: E9 77 EE FD EF 70 92 FE EF 58 BF F7 | T:5929122 RPD:0
[CH: 50] LEN: 12 | HEX: F9 77 BE FB FA 75 92 FE A7 4E BF DF | T:5929134 RPD:1
[CH: 50] LEN: 12 | HEX: E9 77 F6 FC ED 76 92 FE 90 CD AF EE | T:5929134 RPD:0
[CH: 50] LEN: 12 | HEX: E9 77 F6 EF 6A 79 92 FE D9 05 BF F5 | T:5929145 RPD:1
[CH: 50] LEN: 12 | HEX: FD 77 7E FB BA 75 92 EF 27 4F 6E FF | T:5929146 RPD:0
[CH: 50] LEN: 12 | HEX: E9 77 AE F6 FD 7C 92 F7 BA 2E AB 77 | T:5929157 RPD:1
[CH: 50] LEN: 12 | HEX: F5 77 BE F8 FE 76 92 FE 90 CD BF F7 | T:5929168 RPD:0
[CH: 50] LEN: 12 | HEX: F1 77 DC EF FE 70 92 F6 EF E8 BF BE | T:5929168 RPD:0
[CH: 50] LEN: 12 | HEX: F9 77 F6 F2 FF 74 92 EF BA 2E BE BF | T:5929182 RPD:1
[CH: 50] LEN: 12 | HEX: F5 77 76 F9 EE 77 52 FD 0D AC BB FF | T:5929185 RPD:1
[CH: 50] LEN: 12 | HEX: F1 77 FA F8 F6 76 92 FE 90 CD BE F7 | T:5929196 RPD:1
[CH: 50] LEN: 12 | HEX: E9 77 BE E7 6E 79 92 FD 59 05 BF FD | T:5929196 RPD:0
[CH: 50] LEN: 12 | HEX: F9 77 F6 EA F6 70 92 FE AE D8 B7 F6 | T:5929208 RPD:1
[CH: 50] LEN: 12 | HEX: E9 77 76 E8 DE 72 92 EE C5 0B AF DF | T:5929208 RPD:0
[CH: 50] LEN: 12 | HEX: F5 77 FA FB F4 65 92 EE A7 4F FF F7 | T:5929219 RPD:1
[CH: 50] LEN: 12 | HEX: ED 77 7E F9 DC 77 12 F5 0D AC AF DF | T:5929220 RPD:0
[CH: 50] LEN: 12 | HEX: F9 77 6E F4 FE 76 92 ED 90 CD B7 FF | T:5929231 RPD:1
[CH: 50] LEN: 12 | HEX: E9 77 FE ED FC 73 92 EF 58 6A BF B7 | T:5929242 RPD:0
[CH: 50] LEN: 12 | HEX: F9 77 EA F4 F6 72 92 FF C5 0B AB 5F | T:5929242 RPD:0
[CH: 50] LEN: 12 | HEX: F5 77 F6 F7 FA 75 92 FD 27 4F FF FD | T:5929254 RPD:1
[CH: 50] LEN: 12 | HEX: E9 77 B6 F6 F7 74 92 EE BA 2E BF 5F | T:5929254 RPD:0
[CH: 50] LEN: 12 | HEX: F9 77 76 F9 DD 77 52 F7 0D AC AF FF | T:5929265 RPD:1
[CH: 50] LEN: 12 | HEX: F9 77 FA F7 FC 79 92 FF 59 05 BF 77 | T:5929277 RPD:1
[CH: 50] LEN: 12 | HEX: F5 77 EA EE FE 70 92 EE EE E8 B5 7F | T:5929277 RPD:0
[CH: 50] LEN: 12 | HEX: F5 77 76 EB FA 75 92 FD A7 4F 6F FE | T:5929288 RPD:1
[CH: 50] LEN: 12 | HEX: E9 77 7E E7 EE 75 92 FE 99 05 BF 76 | T:5929288 RPD:0
[CH: 50] LEN: 12 | HEX: F1 77 DA FE F4 70 92 FE AE F8 BF EF | T:5929300 RPD:1
[CH: 50] LEN: 12 | HEX: E9 77 F6 EC ED 72 92 F7 C5 0B BF 7F | T:5929311 RPD:1
[CH: 50] LEN: 12 | HEX: F9 77 EA F6 FE 74 92 FE BA 2E BF FD | T:5929311 RPD:0
[CH: 50] LEN: 12 | HEX: F1 77 DA F4 FD 76 92 FE 90 CD BF 7F | T:5929323 RPD:1
[CH: 50] LEN: 12 | HEX: F1 77 F6 EC FD 72 92 FF C5 0B BB FF | T:5929323 RPD:0
[CH: 50] LEN: 12 | HEX: F9 77 FE FB FC 75 92 EF 27 4E AD FF | T:5929334 RPD:0
[CH: 50] LEN: 12 | HEX: F1 77 BA F5 ED 77 92 FE 8D AC BE FF | T:5929339 RPD:1
[CH: 50] LEN: 12 | HEX: F1 77 BE F8 F6 7E 92 FF 10 CD AF 7F | T:5929350 RPD:1
[CH: 50] LEN: 12 | HEX: F5 77 76 E7 F6 79 92 EF D9 05 AF FF | T:5929350 RPD:0
[CH: 50] LEN: 12 | HEX: F5 77 F6 FE F6 70 92 EF EF C8 BB FF | T:5929362 RPD:1
[CH: 50] LEN: 12 | HEX: E9 77 F6 FF ED 73 92 FE D8 6A BF FF | T:5929362 RPD:0
[CH: 50] LEN: 12 | HEX: F5 77 BE FC FE 72 92 F7 45 0B AB 7D | T:5929373 RPD:1
[CH: 50] LEN: 12 | HEX: F1 77 FA FD EE 77 92 FF 8D AC AF FF | T:5929385 RPD:1
[CH: 50] LEN: 12 | HEX: FD 77 76 F0 F7 76 92 EE 90 CD BD FB | T:5929385 RPD:0
[CH: 50] LEN: 12 | HEX: F9 77 BA F5 FD 73 92 EE D8 6A BE EE | T:5929396 RPD:1
[CH: 50] LEN: 12 | HEX: F9 77 7E E9 FD 77 12 FE 8D AC B5 AF | T:5929396 RPD:0
[CH: 50] LEN: 12 | HEX: F9 77 76 F4 EE 76 92 EE 90 CD BB 77 | T:5929408 RPD:1
[CH: 50] LEN: 12 | HEX: F9 77 F6 F5 DD 73 92 F6 D8 6A AD F7 | T:5929419 RPD:1
[CH: 50] LEN: 12 | HEX: F9 77 7E EC EE 72 92 EE C5 0B BF FA | T:5929419 RPD:0
[CH: 50] LEN: 12 | HEX: E9 77 B6 E9 FD 77 92 EE 8D AC AF FF | T:5929430 RPD:1
[CH: 50] LEN: 12 | HEX: F5 77 F6 FE FF 70 92 FE EF D8 BE FB | T:5929431 RPD:0
[CH: 50] LEN: 12 | HEX: F1 77 F6 FD FE 73 92 F6 58 6A BF FF | T:5929442 RPD:1
[CH: 50] LEN: 12 | HEX: F9 77 7A FA FF 74 92 EF 3A 2E BF FE | T:5929442 RPD:0
[CH: 50] LEN: 12 | HEX: F5 77 FA F9 FD 77 92 FD 0D AE BF DD | T:5929454 RPD:1
[CH: 50] LEN: 12 | HEX: E9 77 F6 F6 FE 70 92 F7 AE E8 BF 3F | T:5929465 RPD:1
[CH: 50] LEN: 12 | HEX: F1 77 FB 00 00 71 92 F6 D0 91 BB DF | T:5929478 RPD:1
[CH: 50] LEN: 12 | HEX: F9 77 EB 00 00 71 92 ED 50 91 BF FF | T:5929479 RPD:1
[CH: 50] LEN: 12 | HEX: F4 6D DE 00 EE F6 95 FE 60 9C BF DF | T:5929509 RPD:1
[CH: 50] LEN: 12 | HEX: F0 6D DD 00 FE F4 95 EF 68 9C BE F7 | T:5929509 RPD:1
[CH: 50] LEN: 12 | HEX: F9 77 F7 00 00 71 95 DD C9 06 B7 FD | T:5929778 RPD:1
[CH: 50] LEN: 12 | HEX: F9 77 7F 00 00 71 95 DD C9 06 BF EF | T:5929779 RPD:1
[CH: 50] LEN: 12 | HEX: F8 6D FD 00 FD F6 95 FD 60 9C BF 56 | T:5929808 RPD:1
[CH: 50] LEN: 12 | HEX: F8 6D DD 00 FD FE 95 DD 60 9C BF ED | T:5929809 RPD:1
[CH: 50] LEN: 12 | HEX: E9 77 DA 00 00 71 95 DD 49 06 AF FF | T:5930078 RPD:1
[CH: 50] LEN: 12 | HEX: F5 77 F5 00 00 71 95 DD C9 06 BF FF | T:5930078 RPD:1
[CH: 50] LEN: 12 | HEX: F0 6D EF 80 FE FC 95 ED 60 9C BF 7F | T:5930108 RPD:1
[CH: 50] LEN: 12 | HEX: FC 6D FD 00 FE FE 95 FE 60 9C BF 7F | T:5930109 RPD:1
[CH: 50] LEN: 12 | HEX: F9 77 F7 00 00 71 95 ED C9 06 BD FF | T:5930377 RPD:1
[CH: 50] LEN: 12 | HEX: F9 77 F7 00 00 71 95 DD C9 06 AF 77 | T:5930378 RPD:1
[CH: 50] LEN: 12 | HEX: F4 6D EE 00 FD FE 95 DB 60 9C BB AB | T:5930408 RPD:1
[CH: 50] LEN: 12 | HEX: E8 6D DD 00 F6 FD 95 FE 60 9C AD FE | T:5930408 RPD:1
[CH: 50] LEN: 12 | HEX: E9 77 7F 00 00 71 95 FD C9 06 BF FF | T:5930677 RPD:1
[CH: 50] LEN: 12 | HEX: F5 77 7F 00 00 71 95 DF C9 06 AF FF | T:5930678 RPD:1
[CH: 50] LEN: 12 | HEX: F4 6D FE 00 FE FE 95 FE E0 9C BF 7F | T:5930707 RPD:1
[CH: 50] LEN: 12 | HEX: F4 6D FD 00 FE F6 95 DD 60 9C BF FF | T:5930708 RPD:1
[CH: 50] LEN: 12 | HEX: F5 77 BF 00 00 71 B5 EB C9 06 BB FE | T:5930977 RPD:1
[CH: 50] LEN: 12 | HEX: FD 77 F7 00 00 71 95 FE C9 06 BF FF | T:5930977 RPD:1
[CH: 50] LEN: 12 | HEX: F8 6D D6 00 FF F6 95 FD 60 9C AE FF | T:5931007 RPD:1
[CH: 50] LEN: 12 | HEX: E8 6D ED 00 FC F6 95 DD 60 9C A6 FF | T:5931008 RPD:1
[CH: 50] LEN: 12 | HEX: FB 77 B7 00 00 71 95 AA C9 06 B5 EB | T:5931276 RPD:1
[CH: 50] LEN: 12 | HEX: F9 77 7F 00 00 61 95 DF C9 06 BF FF | T:5931277 RPD:1
[CH: 50] LEN: 12 | HEX: F4 6D FD 00 F6 FD 95 DD 60 9C AD FF | T:5931307 RPD:1
[CH: 50] LEN: 12 | HEX: F0 6D DE 00 FD F6 95 FB 68 9C B5 FB | T:5931308 RPD:1
[CH: 50] LEN: 12 | HEX: F5 77 FD 00 00 71 95 FD C9 06 AB F7 | T:5931576 RPD:1
[CH: 50] LEN: 12 | HEX: F5 77 DF 00 00 71 95 FD 49 06 BD F7 | T:5931577 RPD:1
[CH: 50] LEN: 12 | HEX: F4 6D ED 00 F4 FE 95 FF E0 9C BB BE | T:5931607 RPD:1
[CH: 50] LEN: 12 | HEX: F4 6D EE 00 F6 FD 95 FE E0 9C AF FF | T:5931607 RPD:1
[CH: 50] LEN: 12 | HEX: F5 77 BF 00 00 71 95 DD C9 06 AD F4 | T:5931876 RPD:1
[CH: 50] LEN: 12 | HEX: E9 77 BB 00 00 71 95 FD 49 06 BB FD | T:5931877 RPD:1
[CH: 50] LEN: 12 | HEX: F4 6D FD 00 FF FE 95 F7 60 9C BF FD | T:5931906 RPD:1
[CH: 50] LEN: 12 | HEX: F9 77 DB 00 00 71 95 B5 49 05 BD BD | T:5932176 RPD:1
[CH: 50] LEN: 12 | HEX: F9 77 FB 00 00 71 95 FD C9 06 B7 FD | T:5932176 RPD:1
[CH: 50] LEN: 12 | HEX: F8 6D FE 00 F6 FD 95 DD 60 9C BF FF | T:5932206 RPD:1
[CH: 50] LEN: 12 | HEX: E9 77 6F 00 00 71 95 EE C9 06 BB AB | T:5932475 RPD:1
[CH: 50] LEN: 12 | HEX: E9 77 6F 00 00 71 95 FA C9 06 BF BF | T:5932476 RPD:1
[CH: 50] LEN: 12 | HEX: F4 6D DA 00 FE F6 95 FB 60 9C BB 7B | T:5932506 RPD:1
[CH: 50] LEN: 12 | HEX: F8 6D FE 80 FE FE 95 FE 60 9C AF EB | T:5932507 RPD:1
[CH: 50] LEN: 12 | HEX: F1 77 7F 00 00 71 95 FD 49 06 BF BF | T:5932775 RPD:1
[CH: 50] LEN: 12 | HEX: F4 6D EE 80 EE FE 95 FE 60 9C AF FF | T:5932806 RPD:1
[CH: 50] LEN: 12 | HEX: E8 6D FD 00 FD F6 95 D6 E0 9C BF DF | T:5932806 RPD:1
[CH: 50] LEN: 12 | HEX: EA 76 FE 80 8C EE 95 DF 3E 73 BF BF | T:5933060 RPD:1
[CH: 50] LEN: 12 | HEX: EA 76 EF 00 8C F6 95 DF 3A 73 6F 55 | T:5933060 RPD:1
[CH: 50] LEN: 12 | HEX: F2 76 FE F6 73 DA 95 EE C2 8E BE FD | T:5933090 RPD:1
[CH: 50] LEN: 12 | HEX: FA 76 FA FD 70 FF 95 DB B7 80 AF BB | T:5933094 RPD:1
[CH: 50] LEN: 12 | HEX: FA 76 FD F4 71 ED 95 DF 6B 65 AF 55 | T:5933098 RPD:1
[CH: 50] LEN: 12 | HEX: EA 76 F6 EB 76 EE 95 DD 5D 9C BF DF | T:5933109 RPD:1
[CH: 50] LEN: 12 | HEX: F6 76 FD FA 77 BE 95 ED 81 79 AF 5F | T:5933109 RPD:1
[CH: 50] LEN: 12 | HEX: EA 76 EE F5 74 FD 95 FF F4 77 3F BF | T:5933120 RPD:1
[CH: 50] LEN: 12 | HEX: F6 76 FD F4 65 DC 95 EE 28 92 BF F7 | T:5933121 RPD:0
[CH: 50] LEN: 12 | HEX: F6 76 F6 EF 76 FE 95 EE 99 85 BF FF | T:5933132 RPD:0
[CH: 50] LEN: 12 | HEX: EA 76 F7 ED 74 FF 95 FD 30 6E BF FF | T:5933151 RPD:1
[CH: 50] LEN: 12 | HEX: F6 76 EE F4 71 FA 95 ED EC 8B BF FB | T:5933181 RPD:1
[CH: 50] LEN: 12 | HEX: F2 76 FE EB 7C F6 95 FE DA 72 AF FF | T:5933211 RPD:1
[CH: 50] LEN: 12 | HEX: F2 76 FE E2 7E BE 95 DD 06 97 6E FF | T:5933241 RPD:1
[CH: 50] LEN: 12 | HEX: FA 76 FE F1 7C FE 95 FF F3 99 AD FF | T:5933271 RPD:1
[CH: 50] LEN: 12 | HEX: FA 76 FE F0 7D FA 95 EF 2F 7A BE F7 | T:5933301 RPD:1
[CH: 50] LEN: 12 | HEX: FA 76 FE EF 62 FE 95 EE 81 96 BF EF | T:5933331 RPD:1
[CH: 50] LEN: 12 | HEX: F6 76 FE EE 63 EE 95 D7 DD 73 AE FE | T:5933361 RPD:1
[CH: 50] LEN: 12 | HEX: EA 76 FE ED 60 EE 95 DE A8 7D BB FF | T:5933391 RPD:1
[CH: 50] LEN: 12 | HEX: FA 76 FE EC 69 F6 95 FE F4 98 AF F9 | T:5933421 RPD:1
[CH: 50] LEN: 12 | HEX: F2 76 F6 EB 66 FE 95 DD 42 61 BF 6B | T:5933451 RPD:1
[CH: 50] LEN: 12 | HEX: F6 76 FE EA 6F B6 95 FD 9C 84 BE FE | T:5933481 RPD:1
[CH: 50] LEN: 12 | HEX: FA 76 FA E9 64 F6 95 FF EB 8A AD 7D | T:5933511 RPD:1
[CH: 50] LEN: 12 | HEX: FA 76 FA E8 65 FE 95 F7 B7 6F BF FF | T:5933541 RPD:1
[CH: 50] LEN: 12 | HEX: EE 76 FE E7 6A FE 95 FE 86 78 AF FF | T:5933571 RPD:1
[CH: 50] LEN: 12 | HEX: F6 76 F6 E6 6B DE 95 FD 5A 9D BB F6 | T:5933601 RPD:1
[CH: 50] LEN: 12 | HEX: FA 76 F6 E5 68 F6 95 EF 2E D3 BF BF | T:5933631 RPD:1
[CH: 50] LEN: 12 | HEX: F2 76 FE E4 69 FF 95 ED F3 76 AD FF | T:5933661 RPD:1
[CH: 50] LEN: 12 | HEX: EA 77 F5 00 81 DF 95 FD EE EF BF F7 | T:5933869 RPD:1
[CH: 50] LEN: 12 | HEX: F6 77 FB 00 81 EC 95 EF EE D7 AF FD | T:5933870 RPD:1
[CH: 50] LEN: 12 | HEX: E9 77 EE FF FD 70 95 FF 76 7F BD BB | T:5933901 RPD:1
[CH: 50] LEN: 12 | HEX: F9 77 76 ED EC 73 95 FD C1 ED BF FD | T:5933904 RPD:1
[CH: 50] LEN: 12 | HEX: F9 67 B6 E8 FD 72 95 FF 5C 9C BD FE | T:5933907 RPD:1
[CH: 50] LEN: 12 | HEX: E9 77 F6 EB B6 75 95 ED BE D8 BB FE | T:5933927 RPD:1
[CH: 50] LEN: 12 | HEX: F9 77 F6 EA F6 74 95 D7 23 B9 AF FF | T:5933930 RPD:1
[CH: 50] LEN: 12 | HEX: F9 77 76 E9 EE 77 15 ED 94 3B AF FF | T:5933933 RPD:1
[CH: 50] LEN: 12 | HEX: E9 77 F6 FC ED 76 95 FA 09 5A AE FE | T:5933944 RPD:1
[CH: 50] LEN: 12 | HEX: E9 77 7E F7 FE 75 95 DF 40 92 BF FF | T:5933944 RPD:0
[CH: 50] LEN: 12 | HEX: E9 77 BA FD ED 70 95 FF 76 7F BB DF | T:5933956 RPD:1
[CH: 50] LEN: 12 | HEX: F9 77 7E FD EC 73 95 FD C1 FB BD AF | T:5933967 RPD:1
[CH: 50] LEN: 12 | HEX: F1 7F EE FC F6 72 95 FA 5C 9C AD F5 | T:5933967 RPD:1
[CH: 50] LEN: 12 | HEX: F5 77 BE F1 FD 77 55 FD 94 3B AF FF | T:5933979 RPD:1
[CH: 50] LEN: 12 | HEX: F9 77 F6 FD EA 73 95 FF C1 DB B7 FF | T:5933979 RPD:0
[CH: 50] LEN: 12 | HEX: FD 77 F4 EC F4 72 95 EF 5C 9C BD F7 | T:5933990 RPD:1
[CH: 50] LEN: 12 | HEX: F9 77 76 F1 F4 77 15 EF 94 3B BB F5 | T:5933990 RPD:0
[CH: 50] LEN: 12 | HEX: F5 77 6E FC FE 76 95 DF 09 5A AE AF | T:5934002 RPD:1
[CH: 50] LEN: 12 | HEX: E9 77 76 ED FC 73 95 DF C1 D9 AF FF | T:5934013 RPD:1
[CH: 50] LEN: 12 | HEX: F9 77 7E F4 FF 72 95 FB 5C 9C BF AF | T:5934013 RPD:0
[CH: 50] LEN: 12 | HEX: F1 77 EE E9 BE 77 95 DB 94 3B AF 77 | T:5934024 RPD:1
[CH: 50] LEN: 12 | HEX: F1 77 F6 EE EE 70 95 DE 76 7F 7A FD | T:5934025 RPD:0
[CH: 50] LEN: 12 | HEX: E9 77 76 FC D6 72 95 FB 5C 9C BA FF | T:5934036 RPD:1
[CH: 50] LEN: 12 | HEX: E9 77 7E EA FD 74 95 EF 23 B9 AD 7F | T:5934047 RPD:1
[CH: 50] LEN: 12 | HEX: F9 77 B6 F4 FE 76 95 DF 09 5A BD FF | T:5934048 RPD:0
[CH: 50] LEN: 12 | HEX: F9 77 7E EE EF 70 95 FD 76 7F 36 DE | T:5934059 RPD:1
[CH: 50] LEN: 12 | HEX: E9 77 7E FA FD 74 95 FD 23 F9 BF AF | T:5934059 RPD:0
[CH: 50] LEN: 12 | HEX: F9 77 FE E9 FC 77 55 FD 94 3B BD DF | T:5934070 RPD:1
[CH: 50] LEN: 12 | HEX: E9 77 BE FE FE 70 95 FD 76 7F 3F F7 | T:5934071 RPD:0
[CH: 50] LEN: 12 | HEX: E9 77 BA F9 FF 73 95 EF C1 FF AF FF | T:5934082 RPD:1
[CH: 50] LEN: 12 | HEX: ED 77 7E EA ED 74 95 DD 23 B9 AF 5B | T:5934093 RPD:1
[CH: 50] LEN: 12 | HEX: E9 77 74 F9 EE 77 55 DD 94 3B BF DF | T:5934094 RPD:0
[CH: 50] LEN: 12 | HEX: F9 77 F6 F7 FA 75 95 DD 40 92 BF DF | T:5934105 RPD:0
[CH: 50] LEN: 12 | HEX: F1 77 BA F3 BA 75 95 FD 3E D8 BF F5 | T:5934112 RPD:1
[CH: 50] LEN: 12 | HEX: F1 77 6A F2 FD 74 95 DD 23 B9 BF EF | T:5934115 RPD:1
[CH: 50] LEN: 12 | HEX: F9 77 F6 F9 DD 77 55 FD 14 3B FF EA | T:5934126 RPD:1
[CH: 50] LEN: 12 | HEX: F5 77 FE F8 F6 76 95 FA 09 5A BF FF | T:5934126 RPD:0
[CH: 50] LEN: 12 | HEX: F9 77 F6 F7 7E 7D 95 FD 40 92 BF FE | T:5934137 RPD:1
[CH: 50] LEN: 12 | HEX: F9 77 F6 EE EF 70 95 FF 76 7F AD FF | T:5934149 RPD:0
[CH: 50] LEN: 12 | HEX: E9 77 F6 F5 EE 73 95 FD C1 EB AE BF | T:5934149 RPD:0
[CH: 50] LEN: 12 | HEX: F5 77 F6 FB FA 75 95 ED BE D8 BF FE | T:5934160 RPD:1
[CH: 50] LEN: 12 | HEX: E9 77 BA F1 EE 77 95 FA 94 3B AF BF | T:5934161 RPD:1
[CH: 50] LEN: 12 | HEX: E9 77 76 F8 EF 76 95 FD 09 5A BB 7F | T:5934172 RPD:1
[CH: 50] LEN: 12 | HEX: F5 77 B6 FF F6 75 95 DD 40 92 AF FF | T:5934172 RPD:0
[CH: 50] LEN: 12 | HEX: F9 77 FE EE FD 70 95 FE 76 7E BF BF | T:5934183 RPD:1
[CH: 50] LEN: 12 | HEX: F1 77 F6 FC EF 72 95 EF 5E 9C BF F6 | T:5934195 RPD:1
[CH: 50] LEN: 12 | HEX: F9 77 EE DB BA 75 95 FD 34 D8 BB FF | T:5934195 RPD:0
[CH: 50] LEN: 12 | HEX: E9 77 EE EF EE 7D 95 DD 40 92 AF FF | T:5934206 RPD:1
[CH: 50] LEN: 12 | HEX: E9 77 F6 EC FE 72 95 DF 5C 9C BF FF | T:5934207 RPD:0
[CH: 50] LEN: 12 | HEX: F9 77 EE EA FD 7C 95 ED 23 B9 BF FE | T:5934218 RPD:1
[CH: 50] LEN: 12 | HEX: E9 77 B4 E8 FE 76 95 EE 09 5A BF FB | T:5934229 RPD:1
[CH: 50] LEN: 12 | HEX: F9 77 FA F7 FA 79 95 FD 40 92 BF FF | T:5934229 RPD:0
[CH: 50] LEN: 12 | HEX: F9 77 BE FC F6 72 95 FF 5C 9C BD FF | T:5934241 RPD:0
[CH: 50] LEN: 12 | HEX: F9 77 BE F7 FE 75 95 FD BA D8 AF BF | T:5934242 RPD:1
[CH: 50] LEN: 12 | HEX: F9 77 7E EA EE 74 95 FD 23 B9 BF FF | T:5934253 RPD:1
[CH: 50] LEN: 12 | HEX: F5 77 F6 E9 FD 77 95 FD 94 3B BF FF | T:5934265 RPD:1
[CH: 50] LEN: 12 | HEX: F5 77 B4 F8 EF 76 95 FD 09 5A B7 7B | T:5934268 RPD:1
[CH: 50] LEN: 12 | HEX: E9 77 F4 F7 FE 7D 95 FD 40 92 BF DF | T:5934271 RPD:1
[CH: 50] LEN: 12 | HEX: E9 77 F6 FD D5 70 95 FD 76 77 7D FF | T:5934282 RPD:1
[CH: 50] LEN: 12 | HEX: E9 77 F6 F5 DD 73 95 EE C1 FD B7 FB | T:5934282 RPD:1
[CH: 50] LEN: 12 | HEX: F9 77 7E EB FC 75 95 DD BD D8 AF FD | T:5934293 RPD:1
[CH: 50] LEN: 12 | HEX: F9 77 F6 F5 DD 7F 55 FF 94 3B BF FF | T:5934305 RPD:1
[CH: 50] LEN: 12 | HEX: E9 77 F6 E8 FF 76 95 DD 09 5A BD FF | T:5934305 RPD:0
[CH: 50] LEN: 12 | HEX: ED 77 DE F7 F6 79 95 FD 40 92 AD 7D | T:5934316 RPD:1
[CH: 50] LEN: 12 | HEX: E9 77 6A EB DE 6D 95 DF BA D8 AF FF | T:5934317 RPD:0
[CH: 50] LEN: 12 | HEX: E9 77 F6 FA FE 74 95 FF 23 B9 AF FF | T:5934328 RPD:1
[CH: 50] LEN: 12 | HEX: F9 77 F4 F7 DE 71 95 FD 40 92 AF A2 | T:5934328 RPD:0
[CH: 50] LEN: 12 | HEX: F1 77 BE EE EE 70 95 FA 76 77 AF FF | T:5934339 RPD:1
[CH: 50] LEN: 12 | HEX: E9 77 BE FB FC 75 95 DD BE D8 AD F7 | T:5934351 RPD:1
[CH: 50] LEN: 12 | HEX: F5 77 76 EA FE 74 95 FE A3 B9 AE FF | T:5934351 RPD:0
[CH: 50] LEN: 12 | HEX: F9 77 BC F7 AE 79 95 FF 40 92 BF FF | T:5934362 RPD:1
[CH: 50] LEN: 12 | HEX: FD 77 7A FC FF 72 95 FD 5C 9C BE FA | T:5934362 RPD:0
[CH: 50] LEN: 12 | HEX: F9 77 FA F7 FA 75 95 FE BE D8 BF DF | T:5934374 RPD:1
[CH: 50] LEN: 12 | HEX: F9 77 76 F7 F6 79 95 FA 40 92 B7 FF | T:5934385 RPD:1
[CH: 50] LEN: 12 | HEX: F1 77 FA EE FE 70 95 FF F6 7B 7F FF | T:5934385 RPD:0
[CH: 50] LEN: 12 | HEX: F1 77 F6 F4 F4 72 95 DA 5C 98 AF 77 | T:5934397 RPD:1
[CH: 50] LEN: 12 | HEX: F5 77 F6 F8 EE 76 95 F6 09 5A BF BD | T:5934397 RPD:0
[CH: 50] LEN: 12 | HEX: F5 77 BA F7 FA 71 95 ED 40 92 AF FE | T:5934408 RPD:1
[CH: 50] LEN: 12 | HEX: F9 77 FA F4 ED 72 95 DE 5C 9C BE FF | T:5934408 RPD:0
[CH: 50] LEN: 12 | HEX: ED 77 7E FB FA 75 95 DF BE D8 B5 57 | T:5934420 RPD:1
[CH: 50] LEN: 12 | HEX: E9 77 76 F8 F6 76 95 DA 09 5A B7 EF | T:5934431 RPD:1
[CH: 50] LEN: 12 | HEX: F5 77 76 E7 BA 79 95 DD 40 92 AC BF | T:5934431 RPD:0
[CH: 50] LEN: 12 | HEX: F9 77 BE F5 DE 73 95 DE C1 D9 B7 FF | T:5934443 RPD:0
[CH: 50] LEN: 12 | HEX: F1 77 7A F7 FD 75 95 DD BE D8 BE FF | T:5934443 RPD:1
[CH: 50] LEN: 12 | HEX: F5 77 FA F2 F6 74 95 ED 23 B9 BE FF | T:5934455 RPD:1
[CH: 50] LEN: 12 | HEX: F9 77 6A F0 EE 76 95 ED 09 5A BE BE | T:5934466 RPD:1
[CH: 50] LEN: 12 | HEX: E9 77 FA F7 F4 79 95 F6 C0 92 BF FF | T:5934466 RPD:0
[CH: 50] LEN: 12 | HEX: F9 77 F4 FE FD 70 95 FE F6 7F 6F BB | T:5934477 RPD:1
[CH: 50] LEN: 12 | HEX: F1 77 EE EB BE 75 95 DD BE D8 BF F6 | T:5934478 RPD:0
[CH: 50] LEN: 12 | HEX: F1 77 F4 F6 EE 74 95 EE 23 B9 BE BD | T:5934489 RPD:1
[CH: 50] LEN: 12 | HEX: F5 77 F6 F7 F4 75 95 DE 40 92 BF BD | T:5934489 RPD:0
[CH: 50] LEN: 12 | HEX: F5 77 B4 FE FE 70 95 DD 76 7B 6B BF | T:5934501 RPD:0
[CH: 50] LEN: 12 | HEX: F9 77 F6 FB FD 75 95 FF BE D8 BB FF | T:5934512 RPD:1
[CH: 50] LEN: 12 | HEX: F9 77 FC F9 DD 77 55 EE 94 3B BF DF | T:5934514 RPD:1
[CH: 50] LEN: 12 | HEX: F9 77 7A F7 76 71 95 ED 40 92 AF 6F | T:5934526 RPD:1
[CH: 50] LEN: 12 | HEX: F9 77 FA FE F6 70 95 DF 76 7B AE FF | T:5934540 RPD:1
[CH: 50] LEN: 12 | HEX: F5 77 BA F5 FD 73 95 FD C1 DD BA ED | T:5934543 RPD:1
[CH: 50] LEN: 12 | HEX: F5 77 EA F4 FE 72 95 FE DC 9C BF DF | T:5934563 RPD:1
[CH: 50] LEN: 12 | HEX: E9 77 DE EB DE 75 95 FE BD D8 BF F7 | T:5934566 RPD:1
[CH: 50] LEN: 12 | HEX: ED 77 B4 F6 F4 74 95 FF 23 B9 BE AF | T:5934569 RPD:1
[CH: 50] LEN: 12 | HEX: F9 77 FA F9 FD 77 95 FD 14 3B B7 FD | T:5934580 RPD:1
[CH: 50] LEN: 12 | HEX: F5 77 F6 F4 F6 76 95 DD 09 5A AF F5 | T:5934581 RPD:0
[CH: 50] LEN: 12 | HEX: F5 77 FA F7 7E 75 95 AD 40 92 B7 FF | T:5934592 RPD:1
[CH: 50] LEN: 12 | HEX: F9 77 BA FE FD 70 95 FD 76 7F 7F FD | T:5934603 RPD:0
[CH: 50] LEN: 12 | HEX: F9 77 5A FD DE 73 95 FA C1 FD BB 7D | T:5934604 RPD:0
[CH: 50] LEN: 12 | HEX: F9 7F F6 EB F4 75 95 DF BA D8 BF FD | T:5934615 RPD:1
[CH: 50] LEN: 12 | HEX: F1 77 F6 F2 FE 74 95 FE 23 B9 AF FA | T:5934615 RPD:0
[CH: 50] LEN: 12 | HEX: F9 67 F4 E9 BB 77 15 ED 94 3B BF B7 | T:5934626 RPD:1
[CH: 50] LEN: 12 | HEX: F5 77 7A F4 F6 76 95 FD 09 5A AF EF | T:5934627 RPD:1
[CH: 50] LEN: 12 | HEX: F1 77 BE EE F5 70 95 D4 F6 75 7E EE | T:5934639 RPD:1
[CH: 50] LEN: 12 | HEX: F5 77 BE FD FD 73 95 DF C1 FD BA F7 | T:5934651 RPD:1
[CH: 50] LEN: 12 | HEX: F1 77 FA FB FA 75 95 EE BD D8 BF FB | T:5934651 RPD:1
[CH: 50] LEN: 12 | HEX: F5 77 B4 F5 FD 77 95 F7 94 3B BE FF | T:5934662 RPD:1
[CH: 50] LEN: 12 | HEX: F1 77 7C F4 EC 76 95 ED 09 5A BB 7D | T:5934662 RPD:0
[CH: 50] LEN: 12 | HEX: F1 77 FA FF 76 79 95 DD 40 92 AF D7 | T:5934674 RPD:1
[CH: 50] LEN: 12 | HEX: F5 77 BC FF FE 70 95 FD 76 7F 6F FF | T:5934674 RPD:0
[CH: 50] LEN: 12 | HEX: F5 77 EC E9 DE 73 95 FF C1 FD BF FF | T:5934685 RPD:0
[CH: 50] LEN: 12 | HEX: F9 77 DA F7 FD 75 95 FF 7E D8 B5 FF | T:5934696 RPD:1
[CH: 50] LEN: 12 | HEX: F1 7F 7E F6 EE 74 95 EB A3 B9 BE FF | T:5934697 RPD:1
[CH: 50] LEN: 12 | HEX: F5 77 7A F1 ED 77 95 EE 94 3B AE EF | T:5934712 RPD:1
[CH: 50] LEN: 12 | HEX: F9 77 F6 F4 FE 76 95 FD 09 5A BF D1 | T:5934715 RPD:1
[CH: 50] LEN: 12 | HEX: F5 77 76 E7 F6 71 95 D5 40 92 BB 7F | T:5934718 RPD:1
[CH: 50] LEN: 12 | HEX: E9 77 BE FF F6 78 95 DD 76 7F 3F 5D | T:5934729 RPD:1
[CH: 50] LEN: 12 | HEX: F5 77 BE ED EE 73 95 FE C1 FD BF F7 | T:5934730 RPD:0
[CH: 50] LEN: 12 | HEX: F9 77 FA EC ED 72 95 DD 5C 9C BF 7F | T:5934741 RPD:1
[CH: 50] LEN: 12 | HEX: F1 77 AE FB DE 75 95 EF 3E D8 BF 5F | T:5934752 RPD:1
[CH: 50] LEN: 12 | HEX: F5 77 76 EA FE 74 95 FA 23 B9 AF FF | T:5934753 RPD:0
[CH: 50] LEN: 12 | HEX: F9 77 6A F7 BA 75 95 ED 40 92 AF FF | T:5934764 RPD:1
[CH: 50] LEN: 12 | HEX: F5 77 6A FB DC 75 95 DA B4 D8 AF DE | T:5934764 RPD:0
[CH: 50] LEN: 12 | HEX: F9 77 7A FA FF 74 95 DF 23 B9 BF F7 | T:5934775 RPD:1
[CH: 50] LEN: 12 | HEX: F5 77 FE F7 FA 71 95 FD 40 92 AF FF | T:5934776 RPD:1
[CH: 50] LEN: 12 | HEX: F5 77 F6 F6 F6 70 95 ED 76 7F 6F 7E | T:5934787 RPD:1
[CH: 50] LEN: 12 | HEX: F9 77 BA FD ED 73 95 FE C1 FD BB FF | T:5934798 RPD:1
[CH: 50] LEN: 12 | HEX: F9 77 F6 FC FE 72 95 FE 5C 9C AF F7 | T:5934799 RPD:0
[CH: 50] LEN: 12 | HEX: F1 77 BC F7 EE 75 95 D5 34 D8 AF B7 | T:5934810 RPD:1
[CH: 50] LEN: 12 | HEX: F1 77 F6 F1 FD 77 15 FD 94 3B BF FD | T:5934810 RPD:0
[CH: 50] LEN: 12 | HEX: F5 77 7E F8 FE 76 95 FE 09 5A AD 6E | T:5934821 RPD:1
[CH: 50] LEN: 12 | HEX: F9 77 7A F5 EE 73 95 FD C1 ED BF FB | T:5934833 RPD:1
[CH: 50] LEN: 12 | HEX: F9 77 B6 F4 F6 72 95 ED 5C 9C BF EF | T:5934833 RPD:0
[CH: 50] LEN: 12 | HEX: F5 77 FA F2 D4 64 95 FF 23 B9 BF FF | T:5934844 RPD:1
[CH: 50] LEN: 12 | HEX: F1 77 B6 FE FE 70 95 D6 F6 7F 2E FF | T:5934845 RPD:0
[CH: 50] LEN: 12 | HEX: F9 77 FA FD FD 73 95 ED 41 FD BF DF | T:5934856 RPD:1
[CH: 50] LEN: 12 | HEX: F5 77 BA FA F6 74 95 FD 23 B9 BF FF | T:5934856 RPD:1
[CH: 50] LEN: 12 | HEX: F9 77 BA F5 EE 77 55 FD 94 3B BF ED | T:5934867 RPD:1
[CH: 50] LEN: 12 | HEX: F5 77 FA F0 FE 76 95 EF 09 5A BF DE | T:5934886 RPD:1
[CH: 50] LEN: 12 | HEX: F9 77 F6 E7 74 79 95 DE 40 92 BF FD | T:5934906 RPD:1
[CH: 50] LEN: 12 | HEX: E9 77 BC FD DE 73 95 FF C1 ED BF FF | T:5934912 RPD:1
[CH: 50] LEN: 12 | HEX: F5 77 F6 E8 F6 72 95 FD 5C 9C BF FF | T:5934915 RPD:1
[CH: 50] LEN: 12 | HEX: F5 77 FA F7 BD 75 95 AA B4 D8 BA FD | T:5934926 RPD:1
[CH: 50] LEN: 12 | HEX: F9 77 F4 F6 F6 74 95 FD 23 B9 AF BF | T:5934926 RPD:0
[CH: 50] LEN: 12 | HEX: F5 77 FA F5 FD 77 95 D5 14 33 AF BF | T:5934938 RPD:1
[CH: 50] LEN: 12 | HEX: F9 77 B6 F4 EB 76 95 FD 09 5A BF FB | T:5934938 RPD:1
[CH: 50] LEN: 12 | HEX: F5 77 7A E7 76 75 95 EE 40 92 BB 7F | T:5934949 RPD:1
[CH: 50] LEN: 12 | HEX: F9 77 BC EE FC 70 95 DD 76 77 7F 6F | T:5934967 RPD:1
[CH: 50] LEN: 12 | HEX: F1 77 BE FC EA 72 95 ED 5C 9C BF FF | T:5934974 RPD:1
[CH: 50] LEN: 12 | HEX: F1 77 F4 F7 FA 75 95 FD BD D8 BF FF | T:5934994 RPD:1
[CH: 50] LEN: 12 | HEX: F5 77 AD F2 EE 74 95 FE A3 B9 BF FB | T:5934997 RPD:1
[CH: 50] LEN: 12 | HEX: F5 77 FA E9 EC 77 95 FD 14 3B B7 FD | T:5935000 RPD:1
[CH: 50] LEN: 12 | HEX: F5 77 FC F8 EC 76 95 DF 09 5A BF FB | T:5935020 RPD:1
[CH: 50] LEN: 12 | HEX: F5 77 BE E5 7D 75 95 ED 40 92 BF 75 | T:5935023 RPD:1
[CH: 50] LEN: 12 | HEX: E9 77 EE F6 EE 70 95 EF 76 77 7B 7D | T:5935043 RPD:1
[CH: 50] LEN: 12 | HEX: F1 77 7E F5 FD 73 95 EF C1 F5 B7 7F | T:5935063 RPD:1
[CH: 50] LEN: 12 | HEX: F9 77 B6 F4 F6 72 95 FE 5C 9C BF FF | T:5935066 RPD:1
[CH: 50] LEN: 12 | HEX: F9 77 74 F7 BD 75 95 FD 3E D8 B7 EF | T:5935069 RPD:1
[CH: 50] LEN: 12 | HEX: F5 77 F6 F9 DE 77 15 ED 94 3B AD FD | T:5935080 RPD:1
[CH: 50] LEN: 12 | HEX: E9 77 76 E8 F6 76 95 DD 09 5A B7 FF | T:5935095 RPD:1
[CH: 50] LEN: 12 | HEX: F5 77 FC F7 BC 75 95 DF 40 92 BF 7F | T:5935098 RPD:1
[CH: 50] LEN: 12 | HEX: F5 77 F6 FE FD 70 95 EE F6 77 6F 7F | T:5935101 RPD:1
[CH: 50] LEN: 12 | HEX: F1 77 DE ED F4 73 95 FF 41 D9 BE EE | T:5935112 RPD:1
[CH: 50] LEN: 12 | HEX: FD 77 FA FA FE 72 95 DA 5C 9C BF 77 | T:5935112 RPD:0
[CH: 50] LEN: 12 | HEX: F5 77 F4 F3 FD 75 95 FE BE D8 BF ED | T:5935124 RPD:0
[CH: 50] LEN: 12 | HEX: ED 76 EE F9 FA 77 15 DF 94 3B FF DB | T:5935150 RPD:1
[CH: 50] LEN: 12 | HEX: F5 77 7A F4 EE 76 95 FF 89 5A BF AD | T:5935153 RPD:1
[CH: 50] LEN: 12 | HEX: F9 77 BC F7 FA 7D 95 ED 40 92 AF FF | T:5935156 RPD:1
[CH: 50] LEN: 12 | HEX: E9 77 BE F6 EE 70 95 FE F6 7B AF FD | T:5935167 RPD:1
[CH: 50] LEN: 12 | HEX: F5 77 BE F5 EE 73 95 DD C1 ED BF 2F | T:5935167 RPD:1
[CH: 50] LEN: 12 | HEX: E9 77 BB 00 00 71 95 EA C9 06 BD 7F | T:5935196 RPD:1
[CH: 50] LEN: 12 | HEX: F9 77 B5 00 00 71 95 FB C9 06 AB EF | T:5935197 RPD:1
[CH: 50] LEN: 12 | HEX: F0 6D FD 00 FE ED 96 FE EC 9E BF DF | T:5935227 RPD:1
[CH: 50] LEN: 12 | HEX: F4 6D EF 00 FE ED 96 EB 6C 9E AF DF | T:5935227 RPD:1
[CH: 50] LEN: 12 | HEX: F9 77 F7 00 00 71 96 F7 5C 55 AF 5F | T:5935496 RPD:1
[CH: 50] LEN: 12 | HEX: F9 77 7B 00 00 71 96 F7 5C 55 AF F7 | T:5935497 RPD:1
[CH: 50] LEN: 12 | HEX: F4 6D FE 00 FE FD 96 FE EC 9E AA DD | T:5935526 RPD:1
[CH: 50] LEN: 12 | HEX: F8 6D EA 00 FC ED 96 EF 6C 9D 3F FF | T:5935527 RPD:1
[CH: 50] LEN: 12 | HEX: E9 77 F5 00 00 71 96 F7 5C 55 BF FB | T:5935796 RPD:1
[CH: 50] LEN: 12 | HEX: E9 77 F7 00 00 71 96 F7 5C 55 BE FF | T:5935796 RPD:1
[CH: 50] LEN: 12 | HEX: EC 6D FA 00 FE F5 96 F7 6C 9E BF FF | T:5935826 RPD:1
[CH: 50] LEN: 12 | HEX: F8 6D EA 00 F6 FD 96 FE 6C 9E AF FF | T:5935827 RPD:1
[CH: 50] LEN: 12 | HEX: F5 77 EB 00 00 71 96 EE 9C 55 AF DF | T:5936095 RPD:1
[CH: 50] LEN: 12 | HEX: F5 77 7B 00 00 71 96 F7 9C 55 BF FE | T:5936096 RPD:1
[CH: 50] LEN: 12 | HEX: F8 6D DF 00 FD FD 96 F7 6C 9F BF AF | T:5936126 RPD:1
[CH: 50] LEN: 12 | HEX: E9 77 7F 00 00 71 96 FD 9C 55 AD F6 | T:5936395 RPD:1
[CH: 50] LEN: 12 | HEX: E9 77 77 00 00 71 B6 FD 9C 55 B7 EA | T:5936396 RPD:1
[CH: 50] LEN: 12 | HEX: E8 6D DE 00 F6 FD 96 F7 6C 9D AF FF | T:5936426 RPD:1
[CH: 50] LEN: 12 | HEX: E8 6D DB 00 FC E9 96 EF 6C 9F AF B7 | T:5936426 RPD:1
[CH: 50] LEN: 12 | HEX: E9 77 6F 00 00 71 96 FF 1A 55 BF FF | T:5936695 RPD:1
[CH: 50] LEN: 12 | HEX: E9 77 F7 00 00 71 96 F7 1C 55 BE AF | T:5936696 RPD:1
[CH: 50] LEN: 12 | HEX: F8 6D EE 00 FE ED 96 FE 6C 9D BF F7 | T:5936725 RPD:1
[CH: 50] LEN: 12 | HEX: F8 6D FD 00 FF FD 96 EF 6C 9F AF AF | T:5936726 RPD:1
[CH: 50] LEN: 12 | HEX: F9 77 77 00 00 71 96 F7 9C 55 B6 F7 | T:5936995 RPD:1
[CH: 50] LEN: 12 | HEX: E9 77 FF 00 00 71 96 FD 98 55 ED 6F | T:5936995 RPD:1
[CH: 50] LEN: 12 | HEX: E8 6D FA 00 FD F5 96 FD 6C 9F BF FF | T:5937025 RPD:1
[CH: 50] LEN: 12 | HEX: F8 6D FD 00 FD F5 96 F7 6C 9D AF EA | T:5937026 RPD:1
[CH: 50] LEN: 12 | HEX: FA 76 FE 00 8C FD 96 F7 30 78 B6 F7 | T:5937110 RPD:1
[CH: 50] LEN: 12 | HEX: FA 76 FD ED 70 E9 96 ED BB 83 BD FF | T:5937143 RPD:1
[CH: 50] LEN: 12 | HEX: EA 76 FD DC 71 DD 96 FE 67 66 BD EF | T:5937147 RPD:1
[CH: 50] LEN: 12 | HEX: FA 76 F6 F3 76 FD 96 EF 51 9F AF FF | T:5937151 RPD:1
[CH: 50] LEN: 12 | HEX: EA 76 FE EA 77 7D 96 F7 8D 72 AD FF | T:5937163 RPD:1
[CH: 50] LEN: 12 | HEX: FA 76 FD F9 74 FD 96 F7 F4 74 BF FF | T:5937163 RPD:1
[CH: 50] LEN: 12 | HEX: F2 76 FD E8 75 DD 96 EE 24 91 FF BF | T:5937174 RPD:1
[CH: 50] LEN: 12 | HEX: FA 76 FF EF 7A ED 96 FE 95 86 BF EF | T:5937175 RPD:0
[CH: 50] LEN: 12 | HEX: F6 6E F6 E6 77 BD 96 F6 C9 63 BB FF | T:5937186 RPD:0
[CH: 50] LEN: 12 | HEX: FA 76 EE F5 74 FD 96 EF 3A 6D BF EE | T:5937202 RPD:1
[CH: 50] LEN: 12 | HEX: FE 76 FF FC 7D FF 96 FE E0 88 BF FF | T:5937232 RPD:1
[CH: 50] LEN: 12 | HEX: FA 76 FD F3 76 ED 96 F6 D6 71 FF F7 | T:5937262 RPD:1
[CH: 50] LEN: 12 | HEX: EA 76 FE F2 7F 5D 96 FD 0A 94 AF D7 | T:5937292 RPD:1
[CH: 50] LEN: 12 | HEX: FA 76 EE F9 78 F5 96 EF 76 9A BB FF | T:5937322 RPD:1
[CH: 50] LEN: 12 | HEX: F6 6E EE D0 7D DD 96 FE A3 7F 7D FE | T:5937351 RPD:1
[CH: 50] LEN: 12 | HEX: EA 76 FE EF 62 ED 96 EE 8D 95 AB DF | T:5937381 RPD:1
[CH: 50] LEN: 12 | HEX: EA 76 FE EE 63 B5 96 EE D1 70 B7 BF | T:5937411 RPD:1
[CH: 50] LEN: 12 | HEX: FE 76 FF ED 60 FD 96 EF A4 76 BF FB | T:5937441 RPD:1
[CH: 50] LEN: 12 | HEX: F6 76 FE EC 61 DB 96 FF 74 9B AF FF | T:5937471 RPD:1
[CH: 50] LEN: 12 | HEX: FE 76 EE EB 66 F5 96 F7 4E 62 BB EF | T:5937501 RPD:1
[CH: 50] LEN: 12 | HEX: FA 76 FE E9 64 ED 96 F6 E7 09 BD DF | T:5937561 RPD:1
[CH: 50] LEN: 12 | HEX: EA 76 F6 E8 65 DB 96 EE 3B 6C BF FB | T:5937591 RPD:1
[CH: 50] LEN: 12 | HEX: FA 76 FE E6 6B BF 96 EF 56 9A AF BE | T:5937651 RPD:1
[CH: 50] LEN: 12 | HEX: F6 76 FD E5 68 FD 96 F7 23 D0 AB BF | T:5937681 RPD:1
[CH: 50] LEN: 12 | HEX: EA 76 F6 E4 69 DD 96 EB FD 75 AE FB | T:5937711 RPD:1
[CH: 50] LEN: 12 | HEX: FA 76 F6 E3 6E FD 96 FF 49 8C BF FF | T:5937741 RPD:1
[CH: 50] LEN: 12 | HEX: EA 76 EC E2 6F 7D 96 FF 15 69 BF FE | T:5937771 RPD:1
[CH: 50] LEN: 12 | HEX: EA 7B FB 00 81 FF 96 ED E3 F4 BF D7 | T:5937979 RPD:1
[CH: 50] LEN: 12 | HEX: FA 7B FF 00 81 DD 96 F7 63 F4 BD FE | T:5937980 RPD:1
[CH: 50] LEN: 12 | HEX: F9 77 B6 FE FC 70 96 EF 23 2C AF FA | T:5938010 RPD:1
[CH: 50] LEN: 12 | HEX: E9 77 BA ED DC 73 96 ED 94 AE BF DE | T:5938013 RPD:1
[CH: 50] LEN: 12 | HEX: F5 77 F6 E8 FE 72 96 F7 09 CE AF F7 | T:5938016 RPD:1
[CH: 50] LEN: 12 | HEX: E9 77 F6 FA FE 74 96 FE 76 EA BF DF | T:5938028 RPD:1
[CH: 50] LEN: 12 | HEX: E9 77 B6 E9 DC 77 56 FD 41 68 BD D4 | T:5938028 RPD:1
[CH: 50] LEN: 12 | HEX: F1 77 BE F8 FD 76 96 EF 5C 09 AD FF | T:5938039 RPD:1
[CH: 50] LEN: 12 | HEX: E9 77 F6 F7 EE 75 96 FE 95 C1 BF 7F | T:5938050 RPD:1
[CH: 50] LEN: 12 | HEX: E9 77 7E FE EE 70 96 EA 23 2C BA F7 | T:5938051 RPD:0
[CH: 50] LEN: 12 | HEX: F9 77 F6 FC FF 72 96 FE 89 CF AD FF | T:5938062 RPD:1
[CH: 50] LEN: 12 | HEX: F9 77 7E F8 F7 76 96 EF 5C 09 B5 D6 | T:5938062 RPD:0
[CH: 50] LEN: 12 | HEX: F9 77 EA F7 7A 75 96 EF 15 C1 BE EB | T:5938074 RPD:1
[CH: 50] LEN: 12 | HEX: E9 76 F6 EC FF 72 96 F6 89 CF B7 7F | T:5938074 RPD:0
[CH: 50] LEN: 12 | HEX: F9 77 76 EB F4 75 96 FD 6B 8B AE F7 | T:5938085 RPD:1
[CH: 50] LEN: 12 | HEX: E9 77 F6 F8 EE 66 96 DD 5C 09 AF B5 | T:5938096 RPD:1
[CH: 50] LEN: 12 | HEX: F9 77 F6 FF BE 75 96 FD 15 C1 BF FF | T:5938097 RPD:0
[CH: 50] LEN: 12 | HEX: F9 77 FE EC F6 72 96 FF 09 CF BB FF | T:5938108 RPD:1
[CH: 50] LEN: 12 | HEX: F9 77 EE F9 FC 77 16 EE C1 68 AF B3 | T:5938108 RPD:0
[CH: 50] LEN: 12 | HEX: F9 77 6E EF FA 79 96 FF 15 C1 BA FF | T:5938120 RPD:1
[CH: 50] LEN: 12 | HEX: E9 77 F6 FC FD 72 96 EF 09 CF BE BF | T:5938131 RPD:1
[CH: 50] LEN: 12 | HEX: E9 77 EE FB BA 75 96 EE EB 8B BF FD | T:5938131 RPD:0
[CH: 50] LEN: 12 | HEX: F5 77 EA F9 DC 77 96 FB C1 68 BF FF | T:5938142 RPD:0
[CH: 50] LEN: 12 | HEX: F9 77 BE F7 56 71 96 EF 15 C1 AB FF | T:5938144 RPD:1
[CH: 50] LEN: 12 | HEX: E9 76 FE EE F6 70 96 EE A3 2C AD EB | T:5938155 RPD:1
[CH: 50] LEN: 12 | HEX: F9 66 F6 FD DC 7B 96 DF 94 AE BF BF | T:5938156 RPD:0
[CH: 50] LEN: 12 | HEX: E9 77 F6 EC ED 72 96 EE 09 CE AF F5 | T:5938167 RPD:1
[CH: 50] LEN: 12 | HEX: F1 77 B6 EB F6 75 96 EF EB 8B BF 7E | T:5938178 RPD:1
[CH: 50] LEN: 12 | HEX: E9 77 7E F2 EE 74 96 FD 7E EA AE AF | T:5938179 RPD:0
[CH: 50] LEN: 12 | HEX: F9 77 EE FF 7E 75 96 F6 95 C1 BF BA | T:5938190 RPD:1
[CH: 50] LEN: 12 | HEX: E9 77 EE FA EC 74 96 EE 76 EA AE F7 | T:5938190 RPD:0
[CH: 50] LEN: 12 | HEX: F1 77 F6 E9 FD 77 96 FE C1 68 BF FF | T:5938201 RPD:1
[CH: 50] LEN: 12 | HEX: E9 77 F6 F7 EE 79 96 FD 15 C1 BD FF | T:5938202 RPD:0
[CH: 50] LEN: 12 | HEX: F9 77 B6 EE F6 70 96 FE A3 2C AF FB | T:5938213 RPD:1
[CH: 50] LEN: 12 | HEX: FD 7F EA FB FA 75 96 EF EB 8B BF FF | T:5938224 RPD:1
[CH: 50] LEN: 12 | HEX: E9 77 BE F2 F6 74 96 FD 76 FA BA FF | T:5938225 RPD:0
[CH: 50] LEN: 12 | HEX: E9 77 B6 FD EE 70 96 ED 23 2C AF FD | T:5938236 RPD:1
[CH: 50] LEN: 12 | HEX: F9 77 7E EC FD 72 96 EF 89 CF BF FD | T:5938236 RPD:0
[CH: 50] LEN: 12 | HEX: F9 77 56 EB BE 75 96 FD EB 8B BD F8 | T:5938247 RPD:1
[CH: 50] LEN: 12 | HEX: F9 77 F6 E8 FE 76 96 F6 5C 09 AB FF | T:5938259 RPD:1
[CH: 50] LEN: 12 | HEX: F5 77 F6 EF EA 75 96 F7 15 C1 AF FF | T:5938259 RPD:0
[CH: 50] LEN: 12 | HEX: F5 77 EA EC F6 72 96 F5 09 CE BE DF | T:5938270 RPD:1
[CH: 50] LEN: 12 | HEX: FD 77 56 F8 F6 76 96 FE 5C 09 BF FF | T:5938270 RPD:0
[CH: 50] LEN: 12 | HEX: E9 77 FE EF 76 75 96 FD 15 C1 AF F7 | T:5938282 RPD:1
[CH: 50] LEN: 12 | HEX: E9 77 76 FC FC 72 96 FF 09 CE FF FF | T:5938282 RPD:0
[CH: 50] LEN: 12 | HEX: F5 77 BE FB FA 75 96 FF 6B 8B BF FF | T:5938293 RPD:1
[CH: 50] LEN: 12 | HEX: E9 77 B6 F0 FE 76 96 EE 5C 09 AB FF | T:5938305 RPD:1
[CH: 50] LEN: 12 | HEX: F9 77 FE F7 F6 79 96 F5 15 C1 BA EF | T:5938305 RPD:0
[CH: 50] LEN: 12 | HEX: E9 77 F6 FD FA 73 96 F7 14 AE BE FD | T:5938316 RPD:1
[CH: 50] LEN: 12 | HEX: F9 77 F6 E9 DA 77 16 FB C1 68 BF C7 | T:5938316 RPD:0
[CH: 50] LEN: 12 | HEX: F9 77 76 E8 FD 76 96 EE DC 09 BF FD | T:5938328 RPD:0
[CH: 50] LEN: 12 | HEX: E9 77 FC F5 FD 73 96 EF 94 AE BD D0 | T:5938339 RPD:1
[CH: 50] LEN: 12 | HEX: F5 77 F6 FC EE 72 96 FE 09 CF 3B DE | T:5938339 RPD:1
[CH: 50] LEN: 12 | HEX: E9 77 76 EB BC 75 96 F6 EB 8B BF EF | T:5938358 RPD:1
[CH: 50] LEN: 12 | HEX: F9 77 FE F6 FE 74 96 FE F6 EA AE BF | T:5938361 RPD:1
[CH: 50] LEN: 12 | HEX: E9 77 F6 F5 FA 77 96 EF C1 68 BF FF | T:5938364 RPD:1
[CH: 50] LEN: 12 | HEX: F9 77 F6 F8 EE 76 96 FE DC 09 AA FF | T:5938375 RPD:1
[CH: 50] LEN: 12 | HEX: F9 77 7E F7 BA 71 96 FF 15 C1 B7 D7 | T:5938375 RPD:0
[CH: 50] LEN: 12 | HEX: F9 77 F6 EF EE 70 96 FF 23 6C BF FF | T:5938387 RPD:1
[CH: 50] LEN: 12 | HEX: E9 77 F6 EC F6 72 96 FD 09 CF BF FF | T:5938398 RPD:1
[CH: 50] LEN: 12 | HEX: F5 77 EE EB FA 6D 96 F7 EB 8B BF D7 | T:5938398 RPD:0
[CH: 50] LEN: 12 | HEX: F5 77 7E E9 FA 77 16 FE C1 68 AF DD | T:5938410 RPD:1
[CH: 50] LEN: 12 | HEX: F5 77 FA ED FD 73 96 F6 94 AE BF EF | T:5938410 RPD:0
[CH: 50] LEN: 12 | HEX: F9 77 7E FC F6 72 96 F7 09 CF BF B5 | T:5938421 RPD:1
[CH: 50] LEN: 12 | HEX: E9 77 EE F1 FC 77 16 F7 C1 68 BF FB | T:5938421 RPD:0
[CH: 50] LEN: 12 | HEX: E9 77 F6 E8 EC 76 96 F7 5C 09 AF 7F | T:5938433 RPD:1
[CH: 50] LEN: 12 | HEX: E9 77 FE FD FA 73 96 F7 94 AE BF F7 | T:5938444 RPD:1
[CH: 50] LEN: 12 | HEX: ED 77 F6 FC FD 72 96 FB 09 CF BF DB | T:5938444 RPD:0
[CH: 50] LEN: 12 | HEX: E9 77 6A E9 DE 77 96 EB C1 68 AF FF | T:5938456 RPD:0
[CH: 50] LEN: 12 | HEX: F5 77 F6 F7 F6 79 96 FE 95 C1 BF FE | T:5938459 RPD:1
[CH: 50] LEN: 12 | HEX: F5 7F BE EE FE 70 96 F7 23 2C B5 FF | T:5938470 RPD:1
[CH: 50] LEN: 12 | HEX: F9 77 F6 FD ED 73 96 FD 14 AE BD AF | T:5938470 RPD:0
[CH: 50] LEN: 12 | HEX: F5 77 F6 F4 ED 72 96 FE 89 CF AF FE | T:5938482 RPD:1
[CH: 50] LEN: 12 | HEX: F5 77 76 EB FA 75 96 FE EB 8B BF 37 | T:5938482 RPD:0
[CH: 50] LEN: 12 | HEX: F9 77 76 F9 FC 77 96 F6 C1 68 B7 FF | T:5938493 RPD:1
[CH: 50] LEN: 12 | HEX: F9 77 B6 FF B6 75 96 FE 95 C1 BE FB | T:5938505 RPD:1
[CH: 50] LEN: 12 | HEX: F5 77 FA FD FE 70 96 FE A3 2C BF FF | T:5938505 RPD:0
[CH: 50] LEN: 12 | HEX: F9 77 EA FB FE 75 96 FF 6B 8B BF FF | T:5938516 RPD:1
[CH: 50] LEN: 12 | HEX: F5 77 BE F6 F6 70 96 EE A3 2C BE EF | T:5938516 RPD:0
[CH: 50] LEN: 12 | HEX: F9 77 BE ED DD 73 96 F7 14 AE BF 6B | T:5938528 RPD:1
[CH: 50] LEN: 12 | HEX: F9 77 7E FB BD 75 96 FB AB 8B BF EF | T:5938539 RPD:1
[CH: 50] LEN: 12 | HEX: F5 77 F6 F2 F6 74 96 FA F6 EA BF 6F | T:5938539 RPD:0
[CH: 50] LEN: 12 | HEX: E9 77 7E F7 B6 79 96 FE 95 C1 AF FD | T:5938551 RPD:1
[CH: 50] LEN: 12 | HEX: F5 77 BE EC F6 72 96 EF 09 CE AB FF | T:5938551 RPD:0
[CH: 50] LEN: 12 | HEX: F9 77 F6 EB DC 75 96 F7 EB 8B BD EF | T:5938562 RPD:1
[CH: 50] LEN: 12 | HEX: F9 77 B6 F8 FE 76 96 F6 DC 09 BF DB | T:5938562 RPD:0
[CH: 50] LEN: 12 | HEX: E9 77 5E EF F6 75 96 EE 95 C1 BA EE | T:5938574 RPD:1
[CH: 50] LEN: 12 | HEX: F5 77 6A FC EE 72 96 FE 89 CF 7F 7F | T:5938585 RPD:1
[CH: 50] LEN: 12 | HEX: F5 77 74 F7 F4 75 96 EE EB 8B AD FF | T:5938585 RPD:0
[CH: 50] LEN: 12 | HEX: F9 77 BA F4 FE 76 96 EB 5C 09 BF EF | T:5938597 RPD:1
[CH: 50] LEN: 12 | HEX: E9 77 74 FC FF 72 96 FE 89 CF 7E EE | T:5938597 RPD:0
[CH: 50] LEN: 12 | HEX: F9 77 BE EB DA 75 96 F7 EB 8B BF FD | T:5938608 RPD:1
[CH: 50] LEN: 12 | HEX: E9 77 F6 F4 F6 76 96 F6 DC 09 BF BF | T:5938619 RPD:1
[CH: 50] LEN: 12 | HEX: E9 77 F6 EF EA 71 96 ED 15 81 AB BF | T:5938620 RPD:0
[CH: 50] LEN: 12 | HEX: F5 77 BE F5 DC 73 96 F7 94 AE BE F7 | T:5938631 RPD:1
[CH: 50] LEN: 12 | HEX: E9 77 6E E9 DD 77 16 F6 C1 68 BF FE | T:5938631 RPD:0
[CH: 50] LEN: 12 | HEX: F9 77 5A E8 EF 76 96 FD 5C 09 BE FF | T:5938642 RPD:1
[CH: 50] LEN: 12 | HEX: F9 77 BC FD FD 73 96 EB 94 AE BF FF | T:5938654 RPD:1
[CH: 50] LEN: 12 | HEX: F3 77 F6 FC EF 72 96 F7 09 CF BE BF | T:5938654 RPD:0
[CH: 50] LEN: 12 | HEX: F5 77 7A F9 EF 77 D6 EF C1 68 BE FB | T:5938665 RPD:1
[CH: 50] LEN: 12 | HEX: F9 77 FE E8 FE 76 96 FE DC 09 AF FE | T:5938666 RPD:1
[CH: 50] LEN: 12 | HEX: F5 77 FA E7 F4 71 96 EF 95 C1 AF EF | T:5938677 RPD:1
[CH: 50] LEN: 12 | HEX: F9 77 7E FC F6 70 96 FE A3 2C BF FE | T:5938677 RPD:0
[CH: 50] LEN: 12 | HEX: F5 77 DE FD F5 73 96 F7 94 AE BD F7 | T:5938688 RPD:1
[CH: 50] LEN: 12 | HEX: F5 77 F4 EA F6 74 96 EF 76 EA AF FF | T:5938700 RPD:1
[CH: 50] LEN: 12 | HEX: F9 77 7E F5 FA 77 96 EB C1 68 AF FF | T:5938700 RPD:0
[CH: 50] LEN: 12 | HEX: E9 77 F6 F7 F6 71 96 FE 95 C1 BF F6 | T:5938711 RPD:1
[CH: 50] LEN: 12 | HEX: E9 77 F6 FB F6 75 96 EF EB 8B BE DF | T:5938712 RPD:0
[CH: 50] LEN: 12 | HEX: F9 77 7E F1 FF 77 96 FF 41 68 BA ED | T:5938723 RPD:1
[CH: 50] LEN: 12 | HEX: F1 77 FA F4 FE 76 96 FF DC 09 AF FD | T:5938734 RPD:1
[CH: 50] LEN: 12 | HEX: F5 77 F6 F7 DA 79 96 FE 95 C1 AF FF | T:5938734 RPD:0
[CH: 50] LEN: 12 | HEX: F9 77 FE FC FE 72 96 F6 89 CE BD FF | T:5938746 RPD:1
[CH: 50] LEN: 12 | HEX: F9 77 7E EC EE 76 96 FF 5C 09 EF EF | T:5938746 RPD:0
[CH: 50] LEN: 12 | HEX: F9 77 F6 EF F6 75 96 FE 95 C1 BB FF | T:5938757 RPD:1
[CH: 50] LEN: 12 | HEX: E9 77 EE F4 FD 72 96 FD 09 CF 6F EF | T:5938758 RPD:0
[CH: 50] LEN: 12 | HEX: F9 77 7E FF FA 75 96 FE EB 8B BF FB | T:5938769 RPD:1
[CH: 50] LEN: 12 | HEX: F5 77 76 F8 F6 76 96 FE 5C 09 AF FF | T:5938780 RPD:1
[CH: 50] LEN: 12 | HEX: F5 77 7E EF F6 79 96 FE 95 C1 BD FB | T:5938780 RPD:0
[CH: 50] LEN: 12 | HEX: E9 77 76 FD EA 73 96 EE 94 AE BB EF | T:5938792 RPD:1
[CH: 50] LEN: 12 | HEX: F9 77 F6 F5 FD 77 56 FE C1 68 AF FD | T:5938792 RPD:0
[CH: 50] LEN: 12 | HEX: F5 77 FD F4 EE 76 96 F7 5C 09 EF DF | T:5938803 RPD:1
[CH: 50] LEN: 12 | HEX: F9 77 FE F5 EE 73 96 F7 94 AE BF CF | T:5938815 RPD:1
[CH: 50] LEN: 12 | HEX: F5 77 F6 FC FE 72 96 FE 89 CF BF FC | T:5938815 RPD:0
[CH: 50] LEN: 12 | HEX: F1 77 7E F9 FD 77 96 FF 41 68 BD 76 | T:5938826 RPD:0
[CH: 50] LEN: 12 | HEX: E9 77 F4 FC FD 72 96 F7 09 CF 7F EF | T:5938838 RPD:1
[CH: 50] LEN: 12 | HEX: E9 77 BE EB BC 75 96 FD 6B 8B BF 7F | T:5938840 RPD:1
[CH: 50] LEN: 12 | HEX: F5 77 DA FA EE 74 96 FF 76 EA BD DE | T:5938843 RPD:1
[CH: 50] LEN: 12 | HEX: F5 77 7E F1 DD 77 D6 FF 41 68 BF DD | T:5938855 RPD:1
[CH: 50] LEN: 12 | HEX: F5 77 76 F4 FE 76 96 F7 5C 09 BF DF | T:5938855 RPD:0
[CH: 50] LEN: 12 | HEX: F5 77 BA EF F4 71 96 FE 95 C1 AF F7 | T:5938866 RPD:0
[CH: 50] LEN: 12 | HEX: F1 77 BA F6 FE 70 96 FE A3 2C AF EF | T:5938878 RPD:1
[CH: 50] LEN: 12 | HEX: F9 77 76 F5 FD 73 96 EF 54 AE BB FF | T:5938878 RPD:1
[CH: 50] LEN: 12 | HEX: E9 77 76 FC FE 72 96 F7 09 CE BB FF | T:5938889 RPD:1
[CH: 50] LEN: 12 | HEX: F9 77 BF 00 00 71 96 F7 9C 55 B7 FF | T:5938913 RPD:1
[CH: 50] LEN: 12 | HEX: E9 77 7F 00 00 71 96 FF 1C 55 BF FF | T:5938914 RPD:1
[CH: 50] LEN: 12 | HEX: F0 6D FE 80 FD FC 97 FB 68 9E BA ED | T:5938943 RPD:1
[CH: 50] LEN: 12 | HEX: F4 6D FD 00 F6 FA 97 F7 68 9E BF DF | T:5938944 RPD:1
[CH: 50] LEN: 12 | HEX: E9 77 F7 00 00 71 97 F7 AF 64 AB D7 | T:5939213 RPD:1
[CH: 50] LEN: 12 | HEX: F5 77 F5 00 00 71 97 BB AF 64 AF BA | T:5939213 RPD:1
[CH: 50] LEN: 12 | HEX: F8 6D FA 00 F6 EC 97 77 68 9E AE BF | T:5939243 RPD:1
[CH: 50] LEN: 12 | HEX: E8 6D F6 00 FF FC 97 F7 68 9E BF FF | T:5939244 RPD:1
[CH: 50] LEN: 12 | HEX: F9 77 FF 00 00 71 97 77 AF 64 BF FF | T:5939512 RPD:1
[CH: 50] LEN: 12 | HEX: F9 77 F7 00 00 71 97 77 AF E4 AB FF | T:5939513 RPD:1
[CH: 50] LEN: 12 | HEX: F8 6D EF 00 FF F8 97 BF 68 9D BA EF | T:5939543 RPD:1
[CH: 50] LEN: 12 | HEX: F8 6D DE 00 FD EC 97 EF 78 9D BB FF | T:5939543 RPD:1
[CH: 50] LEN: 12 | HEX: E9 77 B7 00 00 79 97 7F AE E4 BF 7F | T:5939812 RPD:1
[CH: 50] LEN: 12 | HEX: F5 77 FB 00 00 71 97 F7 AF 64 AF FF | T:5939813 RPD:1
[CH: 50] LEN: 12 | HEX: F4 6D DD 00 FF FC 97 F7 68 9E BB D7 | T:5939842 RPD:1
[CH: 50] LEN: 12 | HEX: F9 77 F7 00 00 79 97 F7 AE E4 BF BE | T:5940112 RPD:1
[CH: 50] LEN: 12 | HEX: E9 77 F5 00 00 71 97 7B AF 64 AE FB | T:5940112 RPD:1
[CH: 50] LEN: 12 | HEX: E8 6D FD 00 EE FC 97 7F 68 9D 97 FF | T:5940142 RPD:1
[CH: 50] LEN: 12 | HEX: F4 6D DD 00 FC EC 97 BF 68 9E BE FF | T:5940143 RPD:1
[CH: 50] LEN: 12 | HEX: F5 77 77 00 00 71 97 BF AE 64 BF 6D | T:5940411 RPD:1
[CH: 50] LEN: 12 | HEX: F1 77 BD 00 00 71 97 F7 AF 64 BF 6D | T:5940412 RPD:1
[CH: 50] LEN: 12 | HEX: F0 6D FD 00 FE FC 97 7B 68 9D BF 7F | T:5940442 RPD:1
[CH: 50] LEN: 12 | HEX: F8 6D F7 00 F6 FC 97 F7 68 9E BF DF | T:5940443 RPD:1
[CH: 50] LEN: 12 | HEX: FD 77 F7 00 00 71 97 FF AE 64 AF 7F | T:5940712 RPD:1
[CH: 50] LEN: 12 | HEX: F4 6D DF 00 FE F4 97 77 68 9E BF B6 | T:5940742 RPD:1
[CH: 50] LEN: 12 | HEX: E8 6D FD 00 EA FC 97 B7 68 9C BF B5 | T:5940742 RPD:1
[CH: 50] LEN: 12 | HEX: EA 76 ED 00 8C F4 97 EF 34 71 AF FE | T:5941015 RPD:1
[CH: 50] LEN: 12 | HEX: EA 76 FF 80 8C EC 97 77 34 71 AF B7 | T:5941016 RPD:1
[CH: 50] LEN: 12 | HEX: FA 76 FE F6 73 F4 97 F7 EA 8C BD 7F | T:5941046 RPD:1
[CH: 50] LEN: 12 | HEX: EA 76 FE FC 71 FA 97 7F 63 67 7F FF | T:5941052 RPD:1
[CH: 50] LEN: 12 | HEX: EA 76 EE EB 76 FC 97 7F 55 5A BF DB | T:5941055 RPD:1
[CH: 50] LEN: 12 | HEX: F6 76 F6 F2 77 FC 97 EB 89 7B BF 7E | T:5941059 RPD:1
[CH: 50] LEN: 12 | HEX: FA 76 EF F5 7C EC 97 5B D4 75 AF FB | T:5941071 RPD:1
[CH: 50] LEN: 12 | HEX: F6 76 FD F4 75 EE 97 7F 20 90 AF 7E | T:5941071 RPD:1
[CH: 50] LEN: 12 | HEX: EA 76 F7 DF 7A FC 97 77 91 87 3F FD | T:5941082 RPD:1
[CH: 50] LEN: 12 | HEX: F2 76 FF F6 7B DE 97 77 4D 62 BD FF | T:5941083 RPD:1
[CH: 50] LEN: 12 | HEX: F6 76 F6 F5 78 F4 97 FB 38 6C BF DF | T:5941106 RPD:1
[CH: 50] LEN: 12 | HEX: EA 76 F6 F4 79 FE 97 F7 E4 89 BD DD | T:5941136 RPD:1
[CH: 50] LEN: 12 | HEX: FA 76 F6 F3 7A EC 97 F7 D2 70 BF FF | T:5941166 RPD:1
[CH: 50] LEN: 12 | HEX: F2 76 FE F2 7F 7C 97 BF 0E 95 AE FF | T:5941196 RPD:1
[CH: 50] LEN: 12 | HEX: F6 76 F6 F1 7A FA 97 F7 73 9B BF FB | T:5941226 RPD:1
[CH: 50] LEN: 12 | HEX: FA 76 F6 F0 7D DC 97 5B A7 76 AF FF | T:5941256 RPD:1
[CH: 50] LEN: 12 | HEX: F2 76 FE EE 63 F6 97 B7 D5 71 BF FF | T:5941316 RPD:1
[CH: 50] LEN: 12 | HEX: F2 76 EE ED 60 EC 97 77 A0 7F 3F FF | T:5941346 RPD:1
[CH: 50] LEN: 12 | HEX: EA 76 F4 EC 61 EC 97 7B 7E 9A BF FD | T:5941375 RPD:1
[CH: 50] LEN: 12 | HEX: EA 76 F6 EB 66 EC 97 F7 4A 63 BE BF | T:5941405 RPD:1
[CH: 50] LEN: 12 | HEX: FA 76 FE EA 67 F4 97 FB 96 86 B3 FF | T:5941435 RPD:1
[CH: 50] LEN: 12 | HEX: F2 76 FA E9 64 FC 97 F5 E3 88 AF 7F | T:5941465 RPD:1
[CH: 50] LEN: 12 | HEX: F6 76 FF E8 65 DC 97 7F 3D 6D AB FB | T:5941495 RPD:1
[CH: 50] LEN: 12 | HEX: F6 76 FA E7 6A F4 97 B7 8E 7A BF DF | T:5941525 RPD:1
[CH: 50] LEN: 12 | HEX: F2 76 FE E6 6B BC 97 B7 52 9D 2F 7F | T:5941555 RPD:1
[CH: 50] LEN: 12 | HEX: FA 76 FE E5 68 EC 97 77 27 11 BE FB | T:5941585 RPD:1
[CH: 50] LEN: 12 | HEX: F6 76 F5 E4 69 EC 97 77 BB 74 B5 7D | T:5941615 RPD:1
[CH: 50] LEN: 12 | HEX: F2 7F F7 00 81 FC 97 7F 67 6D BF FD | T:5941835 RPD:1
[CH: 50] LEN: 12 | HEX: EA 7F FB 00 81 FA 97 77 D7 F5 AF FF | T:5941836 RPD:1
[CH: 50] LEN: 12 | HEX: F9 77 7E FD FD 70 97 77 10 1D BB EF | T:5941866 RPD:1
[CH: 50] LEN: 12 | HEX: E9 77 EE FD FE 73 97 EB A7 5F AF F7 | T:5941869 RPD:1
[CH: 50] LEN: 12 | HEX: F5 77 F6 F4 ED 72 97 6F 3E F6 AF FF | T:5941872 RPD:1
[CH: 50] LEN: 12 | HEX: E9 77 6E F3 BC 75 97 EF D8 BA BF FB | T:5941884 RPD:1
[CH: 50] LEN: 12 | HEX: F9 77 F6 FA ED 74 97 7F 45 DB BF D5 | T:5941884 RPD:0
[CH: 50] LEN: 12 | HEX: F9 77 EE F5 FD 77 57 F7 D2 59 BF FD | T:5941895 RPD:1
[CH: 50] LEN: 12 | HEX: F1 77 EE F8 FF 76 97 F7 6F 38 AF AD | T:5941907 RPD:1
[CH: 50] LEN: 12 | HEX: E9 77 6A FF 7E 75 97 B7 26 E8 BF FF | T:5941907 RPD:0
[CH: 50] LEN: 12 | HEX: F9 77 F6 FC F7 72 97 BB 3A FF BF 7F | T:5941918 RPD:1
[CH: 50] LEN: 12 | HEX: E9 77 F6 E8 FE 76 97 7F 6E 38 AF FF | T:5941918 RPD:0
[CH: 50] LEN: 12 | HEX: E9 77 6E EF F6 75 97 FB 26 E0 AE BD | T:5941930 RPD:1
[CH: 50] LEN: 12 | HEX: E9 77 7A FC FD 72 97 B7 3A EE BB 7F | T:5941930 RPD:0
[CH: 50] LEN: 12 | HEX: F1 67 76 EB 5A 75 D7 BF D8 B2 B7 BF | T:5941941 RPD:1
[CH: 50] LEN: 12 | HEX: E9 77 7E E8 DC 7E 97 7F 6F 38 BF DF | T:5941953 RPD:1
[CH: 50] LEN: 12 | HEX: E9 6F EE EF 7E 75 97 7F 26 E8 BF FE | T:5941953 RPD:0
[CH: 50] LEN: 12 | HEX: E9 77 6E FC FD 72 97 6B 3A FD BE BD | T:5941964 RPD:1
[CH: 50] LEN: 12 | HEX: F9 77 76 FD FC 77 57 77 B2 59 B5 7F | T:5941964 RPD:0
[CH: 50] LEN: 12 | HEX: F9 77 F6 F4 F6 6E 97 F7 6E B8 AF F7 | T:5941976 RPD:1
[CH: 50] LEN: 12 | HEX: E9 77 76 F5 FA 73 97 FF A7 5F BF F7 | T:5941987 RPD:1
[CH: 50] LEN: 12 | HEX: E9 77 6E F4 FE 72 97 7F 3A FF BF FF | T:5941987 RPD:0
[CH: 50] LEN: 12 | HEX: F9 77 FE F9 FA 77 57 F7 D2 59 BE FF | T:5941999 RPD:1
[CH: 50] LEN: 12 | HEX: F9 77 7E ED FD 73 97 7F E7 5F EF BF | T:5941999 RPD:0
[CH: 50] LEN: 12 | HEX: F5 77 7E EC F6 72 97 AB 3A EE BF FF | T:5942010 RPD:1
[CH: 50] LEN: 12 | HEX: F1 77 EE E9 FD 77 57 6F F2 59 BD FD | T:5942010 RPD:0
[CH: 50] LEN: 12 | HEX: F1 77 7E F7 6E 71 96 EF 26 F0 A7 FF | T:5942022 RPD:1
[CH: 50] LEN: 12 | HEX: F9 77 F6 FF DE 7B 97 B7 A7 9F AD FF | T:5942033 RPD:1
[CH: 50] LEN: 12 | HEX: F9 77 FE EE EE 7A 97 7F BA FF AE FF | T:5942033 RPD:0
[CH: 50] LEN: 12 | HEX: F9 77 EE FA EE 74 97 BF 45 DB BF FF | T:5942044 RPD:1
[CH: 50] LEN: 12 | HEX: F1 77 76 FD FD 70 97 77 10 1F BA FF | T:5942045 RPD:0
[CH: 50] LEN: 12 | HEX: F9 77 6E FD BC 73 D7 AF A6 9F BD FE | T:5942056 RPD:1
[CH: 50] LEN: 12 | HEX: E9 77 7E FA EE 74 97 F7 45 DB AF FE | T:5942067 RPD:1
[CH: 50] LEN: 12 | HEX: F9 77 56 F9 FA 77 57 77 B2 59 BF DE | T:5942068 RPD:0
[CH: 50] LEN: 12 | HEX: F5 77 FE FD FD 70 97 EF 10 1D AF D1 | T:5942079 RPD:1
[CH: 50] LEN: 12 | HEX: FD 77 F6 F6 FD 74 97 F7 45 FB BE FD | T:5942079 RPD:0
[CH: 50] LEN: 12 | HEX: E9 77 F6 E9 FE 77 17 F7 B2 59 FF FB | T:5942090 RPD:1
[CH: 50] LEN: 12 | HEX: F9 77 76 F5 DC 7B 97 EF E7 5D 77 FF | T:5942102 RPD:1
[CH: 50] LEN: 12 | HEX: F9 77 76 FC FD 72 97 B7 3A EE AF FF | T:5942102 RPD:0
[CH: 50] LEN: 12 | HEX: E9 77 EA EB FA 75 97 EB D8 BA BF FF | T:5942113 RPD:1
[CH: 50] LEN: 12 | HEX: F5 77 B6 EF EE 75 97 F7 26 F0 AE BF | T:5942114 RPD:0
[CH: 50] LEN: 12 | HEX: E9 77 EE EF F6 70 97 7F 10 1D BE FF | T:5942125 RPD:1
[CH: 50] LEN: 12 | HEX: F1 77 EE FB B4 75 97 6F B8 BA AF 77 | T:5942125 RPD:0
[CH: 50] LEN: 12 | HEX: E9 77 F6 EA F5 74 97 EF 45 DB AF B5 | T:5942136 RPD:0
[CH: 50] LEN: 12 | HEX: E9 77 EA F9 FA 77 57 F7 F2 59 BE B4 | T:5942148 RPD:1
[CH: 50] LEN: 12 | HEX: E9 77 EE F8 FD 76 97 BF 6F B8 AB 7F | T:5942148 RPD:0
[CH: 50] LEN: 12 | HEX: F1 77 7E F7 76 75 97 F7 26 E0 AF 7E | T:5942159 RPD:1
[CH: 50] LEN: 12 | HEX: F9 77 B6 F5 FC 73 97 77 A7 9F AF EB | T:5942160 RPD:0
[CH: 50] LEN: 12 | HEX: F9 77 BE EA FD 72 97 DD 3A FE BF ED | T:5942171 RPD:1
[CH: 50] LEN: 12 | HEX: E9 77 F6 F8 FE 76 97 77 6F 38 B7 DF | T:5942182 RPD:1
[CH: 50] LEN: 12 | HEX: F9 77 76 F7 EE 79 97 EB 26 F0 B7 FF | T:5942182 RPD:0
[CH: 50] LEN: 12 | HEX: F9 77 7E FD EE 73 97 77 A7 1F BF EF | T:5942194 RPD:0
[CH: 50] LEN: 12 | HEX: E9 77 EA F6 F6 74 97 F7 45 DB AD BF | T:5942200 RPD:1
[CH: 50] LEN: 12 | HEX: E9 77 EE F8 EF 76 97 BB 6E 38 BF FF | T:5942223 RPD:1
[CH: 50] LEN: 12 | HEX: E9 77 EA F7 FA 7D 97 EB 26 F0 AF FF | T:5942243 RPD:1
[CH: 50] LEN: 12 | HEX: F9 77 F6 FE F6 70 97 F7 10 1D AF BF | T:5942246 RPD:1
[CH: 50] LEN: 12 | HEX: E9 77 B6 F5 ED 73 97 EB A7 9D BE EF | T:5942249 RPD:1
[CH: 50] LEN: 12 | HEX: F1 77 B6 F4 F6 72 97 F7 3A FD BF F7 | T:5942260 RPD:1
[CH: 50] LEN: 12 | HEX: E9 77 F6 FB FA 75 97 77 D8 BA AA DD | T:5942261 RPD:0
[CH: 50] LEN: 12 | HEX: F9 77 FC F6 FF 7C 97 5B 45 DB BF FE | T:5942272 RPD:0
[CH: 50] LEN: 12 | HEX: F5 77 FA F9 FD 77 97 BF D2 59 B6 FD | T:5942283 RPD:1
[CH: 50] LEN: 12 | HEX: F5 77 76 EF B6 75 97 EF 26 E0 BF 7F | T:5942284 RPD:1
[CH: 50] LEN: 12 | HEX: F5 77 F6 FE F6 70 97 EF 10 1D AF F7 | T:5942295 RPD:1
[CH: 50] LEN: 12 | HEX: F9 77 7E FC FD 72 97 B7 3A FF AE FF | T:5942296 RPD:1
[CH: 50] LEN: 12 | HEX: F9 77 7E F7 BE 75 97 77 D8 BA BF 5F | T:5942313 RPD:1
[CH: 50] LEN: 12 | HEX: F9 77 B6 FA F5 74 97 BB 45 DB BF FF | T:5942316 RPD:1
[CH: 50] LEN: 12 | HEX: E9 77 FE E9 FD 77 97 B7 D2 59 BF E7 | T:5942319 RPD:1
[CH: 50] LEN: 12 | HEX: E9 77 F6 D0 FD 76 97 F7 6E B8 BD EF | T:5942330 RPD:1
[CH: 50] LEN: 12 | HEX: F1 77 EE FF F6 75 97 7B 26 F0 AD 77 | T:5942342 RPD:1
[CH: 50] LEN: 12 | HEX: E9 77 BA FE ED 70 97 F7 10 1D BF BD | T:5942362 RPD:1
[CH: 50] LEN: 12 | HEX: F9 77 EE FD FC 73 97 F7 A7 5D BF FF | T:5942366 RPD:1
[CH: 50] LEN: 12 | HEX: F9 77 7E EC ED 72 97 B7 3A FD BD FB | T:5942369 RPD:1
[CH: 50] LEN: 12 | HEX: F1 77 F6 EB FC 75 97 6F D8 BA BF FF | T:5942380 RPD:1
[CH: 50] LEN: 12 | HEX: E9 77 F6 FA FE 7C 97 B7 45 DB B5 FF | T:5942392 RPD:1
[CH: 50] LEN: 12 | HEX: F1 77 FA F5 ED 77 97 F7 D2 59 AF FD | T:5942395 RPD:1
[CH: 50] LEN: 12 | HEX: E9 77 B6 F8 F6 76 97 B5 6F B8 AF 6B | T:5942398 RPD:1
[CH: 50] LEN: 12 | HEX: F5 77 BE EF F6 79 97 FB 26 E8 BF FF | T:5942409 RPD:1
[CH: 50] LEN: 12 | HEX: F5 77 F6 EF EE 70 97 B7 10 1D BE DF | T:5942409 RPD:0
[CH: 50] LEN: 12 | HEX: F9 77 F6 FD DA 73 97 7F A7 5D AF EF | T:5942421 RPD:1
[CH: 50] LEN: 12 | HEX: E9 77 EE DC FD 72 97 7F 3A EE AF DF | T:5942432 RPD:1
[CH: 50] LEN: 12 | HEX: E9 77 F6 FB FC 75 97 77 D8 BA AA BB | T:5942432 RPD:0
[CH: 50] LEN: 12 | HEX: F5 77 F6 F8 FD 76 97 EF 6E B8 BB DF | T:5942444 RPD:0
[CH: 50] LEN: 12 | HEX: F9 77 76 FD FF 70 97 EF 10 1D B7 FF | T:5942445 RPD:1
[CH: 50] LEN: 12 | HEX: F9 77 7E ED FD 73 97 F7 A7 9D AF 7F | T:5942456 RPD:1
[CH: 50] LEN: 12 | HEX: F9 77 F6 EC FD 72 97 77 3A FD BD AE | T:5942456 RPD:0
[CH: 50] LEN: 12 | HEX: F1 77 7E EB BE 75 97 6F D8 BA BF 7F | T:5942468 RPD:1
[CH: 50] LEN: 12 | HEX: F5 77 76 FA FF 74 97 FB 45 DB AF 6E | T:5942479 RPD:1
[CH: 50] LEN: 12 | HEX: F9 77 F6 F1 ED 76 97 7F D2 59 BF FF | T:5942479 RPD:0
[CH: 50] LEN: 12 | HEX: F9 77 7E F6 ED 70 97 5F 10 1D FE FF | T:5942490 RPD:1
[CH: 50] LEN: 12 | HEX: E9 77 B6 FA F6 74 97 F7 45 DB BA BB | T:5942491 RPD:1
[CH: 50] LEN: 12 | HEX: E9 77 F6 F7 FE 79 97 77 A6 F0 AF BD | T:5942524 RPD:1
[CH: 50] LEN: 12 | HEX: E9 77 B6 EF FD 70 97 FF 10 1D B5 F7 | T:5942527 RPD:1
[CH: 50] LEN: 12 | HEX: F9 77 F6 F5 DD 73 97 B7 A7 9D BF DF | T:5942530 RPD:1
[CH: 50] LEN: 12 | HEX: E9 77 F6 FC FD 72 97 F7 3A FC AF FF | T:5942541 RPD:1
[CH: 50] LEN: 12 | HEX: E9 77 EE FB BA 75 97 6B 98 BA BF 7D | T:5942541 RPD:1
[CH: 50] LEN: 12 | HEX: E9 77 F7 00 00 71 97 BF AE E4 AE D7 | T:5942570 RPD:1
[CH: 50] LEN: 12 | HEX: F1 77 BF 00 00 79 97 F7 AF E4 AB FD | T:5942571 RPD:1
[CH: 50] LEN: 12 | HEX: F8 6D FD 00 FD FB 90 FE F4 99 BF 7D | T:5942601 RPD:1
[CH: 50] LEN: 12 | HEX: F0 6D EF 00 FE FB 90 FE 74 99 BF FE | T:5942601 RPD:1
[CH: 50] LEN: 12 | HEX: F5 77 BF 00 00 71 90 FD 36 F3 AF 6F | T:5942870 RPD:1
[CH: 50] LEN: 12 | HEX: F9 77 7F 00 00 71 90 ED 36 FB BF EE | T:5942870 RPD:1
[CH: 50] LEN: 12 | HEX: E8 6D EF 00 ED FF 90 FE F4 99 AF AF | T:5942900 RPD:1
[CH: 50] LEN: 12 | HEX: F8 6D DB 00 FE F7 90 FE 74 99 BE FE | T:5942901 RPD:1
[CH: 50] LEN: 12 | HEX: F1 77 B7 00 00 71 90 F7 36 F3 BF DF | T:5943169 RPD:1
[CH: 50] LEN: 12 | HEX: F5 77 7F 00 00 71 90 FD 36 E3 AE FF | T:5943170 RPD:1
[CH: 50] LEN: 12 | HEX: E8 6D FD 00 FE FB 90 EB 74 99 BF 57 | T:5943200 RPD:1
[CH: 50] LEN: 12 | HEX: F8 6D F6 00 FE EB 90 F7 74 99 BD EE | T:5943201 RPD:1
[CH: 50] LEN: 12 | HEX: FD 77 7F 00 00 71 90 FD 36 F3 BF F6 | T:5943469 RPD:1
[CH: 50] LEN: 12 | HEX: F9 77 F7 00 00 71 90 FF 36 F3 BA ED | T:5943470 RPD:1
[CH: 50] LEN: 12 | HEX: E8 6D DD 00 F5 DB D0 FD 74 99 AF FF | T:5943500 RPD:1
[CH: 50] LEN: 12 | HEX: E8 6D FA 00 FC FB 90 EF 74 99 BB D7 | T:5943500 RPD:1
[CH: 50] LEN: 12 | HEX: E9 77 7F 00 00 71 90 FF 36 EB BF 7D | T:5943769 RPD:1
[CH: 50] LEN: 12 | HEX: F9 77 77 00 00 71 90 FE 36 F3 BE EB | T:5943769 RPD:1
[CH: 50] LEN: 12 | HEX: F8 6D DD 00 FD EB 90 FD 74 99 BF FF | T:5943799 RPD:1
[CH: 50] LEN: 12 | HEX: F8 6D FD 00 FE EF 90 FE F4 99 BD FF | T:5943800 RPD:1
[CH: 50] LEN: 12 | HEX: E9 77 B7 00 00 71 90 EE 36 FB AF DF | T:5944069 RPD:1
[CH: 50] LEN: 12 | HEX: F0 6D FD 00 FE FB 90 EE 74 99 B7 FF | T:5944099 RPD:1
[CH: 50] LEN: 12 | HEX: F0 6D FD 00 EE FB 90 F7 74 99 BF FF | T:5944100 RPD:1
[CH: 50] LEN: 12 | HEX: E9 77 EB 00 00 71 90 ED 36 EB BF AA | T:5944368 RPD:1
[CH: 50] LEN: 12 | HEX: E9 76 FF 80 00 71 90 EE B6 E3 AE FF | T:5944369 RPD:1
[CH: 50] LEN: 12 | HEX: F4 6D FD 00 F6 F7 90 FF F4 99 AF EF | T:5944399 RPD:1
[CH: 50] LEN: 12 | HEX: FC 6D FD 00 FF FB 90 FD 74 99 BB EF | T:5944399 RPD:1
[CH: 50] LEN: 12 | HEX: EA 76 F7 00 8C EB 90 EE 28 76 AE AB | T:5944533 RPD:1
[CH: 50] LEN: 12 | HEX: F2 76 F7 80 8C EB 90 FF 28 76 BF FD | T:5944533 RPD:1
[CH: 50] LEN: 12 | HEX: EA 76 F6 FB 70 F7 90 EF 23 85 BE F7 | T:5944567 RPD:1
[CH: 50] LEN: 12 | HEX: FA 7E EE FC 71 D7 90 EF 7B E0 BF FF | T:5944571 RPD:1
[CH: 50] LEN: 12 | HEX: FA 76 EE EB 76 EB 90 FB 49 99 AF 7F | T:5944575 RPD:1
[CH: 50] LEN: 12 | HEX: F2 76 FF EA 77 F7 90 FF 15 74 BB FF | T:5944586 RPD:1
[CH: 50] LEN: 12 | HEX: FA 76 F6 F1 74 EB 90 FD E0 72 BF FF | T:5944586 RPD:0
[CH: 50] LEN: 12 | HEX: F2 76 ED F8 75 DB 90 EF 3A 97 EB FE | T:5944598 RPD:1
[CH: 50] LEN: 12 | HEX: FA 7E FD F7 FA EB 90 F7 0D 80 BF FF | T:5944598 RPD:0
[CH: 50] LEN: 12 | HEX: FA 76 F6 E6 7F BB 90 ED 51 65 BF FF | T:5944609 RPD:0
[CH: 50] LEN: 12 | HEX: FA 76 FD F4 75 DB 90 FD F4 8E BF FF | T:5944653 RPD:1
[CH: 50] LEN: 12 | HEX: FA 76 FD EB 7E EB 90 EE CE 77 BF FF | T:5944683 RPD:1
[CH: 50] LEN: 12 | HEX: F6 76 EF E9 7C FB 90 F6 67 9C BF DE | T:5944743 RPD:1
[CH: 50] LEN: 12 | HEX: F6 76 FD E8 7D FB 90 FF BB 79 BD BD | T:5944773 RPD:1
[CH: 50] LEN: 12 | HEX: FE 76 EA EE E2 FB 90 F6 95 93 BF FF | T:5944803 RPD:1
[CH: 50] LEN: 12 | HEX: F6 7E EE EE 63 DB 90 FD C9 76 AF FF | T:5944833 RPD:1
[CH: 50] LEN: 12 | HEX: F6 76 FD ED 60 F7 90 FD 3A 74 AF 7D | T:5944863 RPD:1
[CH: 50] LEN: 12 | HEX: FA 76 FE EC 61 FB 90 F7 60 9D AD FF | T:5944893 RPD:1
[CH: 50] LEN: 12 | HEX: FA 76 EF EB 66 EB 90 EF D6 64 AF FF | T:5944923 RPD:1
[CH: 50] LEN: 12 | HEX: F2 76 F6 EA 67 7F 90 FF 0A 81 AF EA | T:5944953 RPD:1
[CH: 50] LEN: 12 | HEX: EA 76 EE E9 64 EF 90 EE BD 8E AF FF | T:5944983 RPD:1
[CH: 50] LEN: 12 | HEX: FA 76 FE E8 65 FB 90 EE A3 6A AD EF | T:5945013 RPD:1
[CH: 50] LEN: 12 | HEX: EA 76 ED E7 6A FB 90 F6 92 75 BF 7A | T:5945043 RPD:1
[CH: 50] LEN: 12 | HEX: EA 76 F6 E6 6B F7 90 FE CE 98 AF FF | T:5945072 RPD:1
[CH: 50] LEN: 12 | HEX: EA 76 FE E5 68 F7 90 FF 3B 96 BD BD | T:5945102 RPD:1
[CH: 50] LEN: 12 | HEX: FA 76 EE E4 69 DB 90 ED E7 73 BB FF | T:5945132 RPD:1
[CH: 50] LEN: 12 | HEX: EA 76 FD E3 6E F3 90 FF D1 8A BF 6F | T:5945162 RPD:1
[CH: 50] LEN: 12 | HEX: FA 76 EF E2 6F D3 90 FE 8D 6F FF FF | T:5945192 RPD:1
[CH: 50] LEN: 12 | HEX: EA 76 FE E1 6C FB 90 ED 78 61 BF FF | T:5945222 RPD:1
[CH: 50] LEN: 12 | HEX: EA 76 FA E0 6D DB 90 EE A4 84 BE DE | T:5945252 RPD:1
[CH: 50] LEN: 12 | HEX: FA 76 F6 DF 52 F7 90 F6 B5 94 BF FF | T:5945282 RPD:1
[CH: 50] LEN: 12 | HEX: FA 76 EE F6 73 DB 90 EE D6 8B AB DE | T:5945312 RPD:1
[CH: 50] LEN: 12 | HEX: FA 76 EF ED 70 F3 90 ED 23 85 BF 7E | T:5945316 RPD:1
[CH: 50] LEN: 12 | HEX: F6 76 EE EB 76 FB 90 FD 49 99 AD FD | T:5945323 RPD:1
[CH: 50] LEN: 12 | HEX: FE 76 FE FA 77 53 90 FF 95 78 AB FF | T:5945327 RPD:1
[CH: 50] LEN: 12 | HEX: EA 76 F6 F5 74 FB 90 F7 60 72 AF FF | T:5945338 RPD:1
[CH: 50] LEN: 12 | HEX: FA 76 FE E8 75 DB 90 EF 3A 97 2F 7B | T:5945338 RPD:1
[CH: 50] LEN: 12 | HEX: EA 76 FF F7 7A EB 90 FD 0D 80 AB BF | T:5945350 RPD:1
[CH: 50] LEN: 12 | HEX: FA 76 FE F6 7B FB 90 EE D1 65 AF FF | T:5945350 RPD:1
[CH: 50] LEN: 12 | HEX: EA 76 EC ED 74 F7 90 ED 24 6B BD 56 | T:5945372 RPD:1
[CH: 50] LEN: 12 | HEX: EA 76 FD E4 75 FB 90 FD 78 8E BF FE | T:5945402 RPD:1
[CH: 50] LEN: 12 | HEX: EA 76 F6 EB 76 FB 90 EF CE 77 7D 7F | T:5945432 RPD:1
[CH: 50] LEN: 12 | HEX: EA 76 F6 EA 7B FB 90 FE 92 92 AB FA | T:5945462 RPD:1
[CH: 50] LEN: 12 | HEX: F6 76 FE E0 7D FB 90 FD 3B 71 AB FD | T:5945522 RPD:1
[CH: 50] LEN: 12 | HEX: F2 76 FD EE 62 FB 90 FE 95 93 AF FD | T:5945552 RPD:1
[CH: 50] LEN: 12 | HEX: EA 76 FE EE 63 FB 90 FE C9 76 AE FE | T:5945582 RPD:1
[CH: 50] LEN: 12 | HEX: EA 76 FF ED 60 EB 90 FD 3C 74 BF AF | T:5945612 RPD:1
[CH: 50] LEN: 12 | HEX: F2 7F F5 00 81 DB 90 FE FF DA BF EF | T:5945842 RPD:1
[CH: 50] LEN: 12 | HEX: FA 7B F5 00 81 D3 90 EE FB F6 BF F7 | T:5945842 RPD:1
[CH: 50] LEN: 12 | HEX: E9 77 F6 F7 F7 70 90 ED 09 8A AA AF | T:5945873 RPD:1
[CH: 50] LEN: 12 | HEX: F1 77 EE F9 DE 73 90 FD 3A 08 AD FF | T:5945876 RPD:1
[CH: 50] LEN: 12 | HEX: F5 77 76 FC F5 72 90 FF A3 69 AF FF | T:5945879 RPD:1
[CH: 50] LEN: 12 | HEX: F1 77 EE F6 FD 74 90 FE DC 4C BF 7F | T:5945902 RPD:1
[CH: 50] LEN: 12 | HEX: F9 76 FE E8 ED 76 90 EF FE AF AF FF | T:5945908 RPD:1
[CH: 50] LEN: 12 | HEX: F1 76 F6 EF 6E 75 90 EE BF E7 6F FF | T:5945911 RPD:1
[CH: 50] LEN: 12 | HEX: F9 77 BA F5 DC 73 90 FE BD 08 AB 7B | T:5945917 RPD:1
[CH: 50] LEN: 12 | HEX: D9 77 6E EC ED 72 90 FD A3 69 AF E5 | T:5945928 RPD:1
[CH: 50] LEN: 12 | HEX: F9 77 7E FB FA 75 90 F6 C1 2D AE D7 | T:5945928 RPD:0
[CH: 50] LEN: 12 | HEX: F9 77 76 FA FF 74 90 FF DC 4C AF 75 | T:5945940 RPD:1
[CH: 50] LEN: 12 | HEX: E9 77 6E EF EE 75 90 ED BB 67 6B FF | T:5945940 RPD:0
[CH: 50] LEN: 12 | HEX: F9 77 6E ED EA 70 90 FD 09 8A BF FE | T:5945951 RPD:1
[CH: 50] LEN: 12 | HEX: E9 77 EE FD FA 73 90 EF 3A 08 BB FF | T:5945952 RPD:0
[CH: 50] LEN: 12 | HEX: F9 77 BA EB BC 7D 90 F7 41 2D A7 EF | T:5945963 RPD:1
[CH: 50] LEN: 12 | HEX: F5 7F 76 E9 DC 7F 50 ED 6B CE AF FE | T:5945974 RPD:1
[CH: 50] LEN: 12 | HEX: F1 77 EE F7 FE 79 90 ED 3F 67 FF EF | T:5945976 RPD:1
[CH: 50] LEN: 12 | HEX: F9 77 7E FD F6 70 90 EE 89 8A B7 7F | T:5945987 RPD:1
[CH: 50] LEN: 12 | HEX: F1 7F D6 FD DF 73 90 FD 3C 08 AF FF | T:5945987 RPD:0
[CH: 50] LEN: 12 | HEX: E9 77 7E FE FE 72 90 ED A3 69 BF FE | T:5945999 RPD:0
[CH: 50] LEN: 12 | HEX: E9 7F D6 E8 FD 76 90 FD F6 AF 3F EB | T:5946014 RPD:1
[CH: 50] LEN: 12 | HEX: F1 77 FE E7 F6 75 90 FE BB 67 7F 7F | T:5946017 RPD:1
[CH: 50] LEN: 12 | HEX: F9 76 FE FD FD 70 90 EF 89 8A AF 7E | T:5946020 RPD:1
[CH: 50] LEN: 12 | HEX: E9 77 EE F5 FA 73 90 EE 3A 08 B7 FF | T:5946031 RPD:1
[CH: 50] LEN: 12 | HEX: F1 7F 7E EA FC 72 90 EF A3 69 AF BE | T:5946031 RPD:0
[CH: 50] LEN: 12 | HEX: D1 7F 7E FB BE 75 90 FF 41 2D AB FB | T:5946043 RPD:1
[CH: 50] LEN: 12 | HEX: E9 77 7E F2 ED 74 90 FF DC 4C AB FE | T:5946054 RPD:1
[CH: 50] LEN: 12 | HEX: F1 77 BE F9 FC 77 50 FD 6B AE AD FF | T:5946054 RPD:0
[CH: 50] LEN: 12 | HEX: F9 77 FE ED ED 70 90 FF 89 8A AA FB | T:5946066 RPD:1
[CH: 50] LEN: 12 | HEX: E9 77 EE FA F7 74 90 FD 5C 4C AF FF | T:5946066 RPD:0
[CH: 50] LEN: 12 | HEX: F9 77 7E E9 F4 77 50 FE 6B AE AA AB | T:5946077 RPD:1
[CH: 50] LEN: 12 | HEX: E9 77 7E ED F4 73 50 ED 3E 08 AF FF | T:5946077 RPD:0
[CH: 50] LEN: 12 | HEX: F5 7F 7E FC EE 7A 90 EA A3 69 B7 7E | T:5946089 RPD:0
[CH: 50] LEN: 12 | HEX: E9 6F 7E EB B6 6D 90 ED 41 2D FF FA | T:5946100 RPD:1
[CH: 50] LEN: 12 | HEX: E9 77 EE FA FD 74 90 FD DE 4C AF FB | T:5946100 RPD:1
[CH: 50] LEN: 12 | HEX: E9 77 FE EF 7E 75 90 F5 BF 67 6B FA | T:5946112 RPD:1
[CH: 50] LEN: 12 | HEX: F1 77 7E EF F6 78 90 FE 89 8A AF 5E | T:5946112 RPD:1
[CH: 50] LEN: 12 | HEX: F5 7F F6 FD FA 73 90 FD 3A 08 BD B7 | T:5946123 RPD:1
[CH: 50] LEN: 12 | HEX: E9 77 FE F4 FD 72 90 EF A3 69 BF DF | T:5946134 RPD:1
[CH: 50] LEN: 12 | HEX: E9 77 F6 EA FD 74 90 EF 5E 4C BB B7 | T:5946135 RPD:0
[CH: 50] LEN: 12 | HEX: F9 77 F6 E8 EE 7E 90 EE F6 AF BF FF | T:5946146 RPD:1
[CH: 50] LEN: 12 | HEX: E9 7F 7E FF DE 7B 90 FD 3E 08 AF FF | T:5946146 RPD:0
[CH: 50] LEN: 12 | HEX: E9 77 7E FE EE 7A 90 EF A3 69 BF AE | T:5946157 RPD:0
[CH: 50] LEN: 12 | HEX: E9 77 6E EB BE 75 90 FA 41 2D AF DF | T:5946159 RPD:1
[CH: 50] LEN: 12 | HEX: E9 76 FE E9 FC 6F 50 FD 6B 4F BF BF | T:5946170 RPD:1
[CH: 50] LEN: 12 | HEX: E9 77 DE EA F5 68 90 EF 89 8A BE 6B | T:5946181 RPD:1
[CH: 50] LEN: 12 | HEX: F9 67 7E EC EF 72 90 ED A3 69 BE FF | T:5946181 RPD:1
[CH: 50] LEN: 12 | HEX: F5 77 EE EA FD 74 90 EE DC 4C BF EE | T:5946193 RPD:1
[CH: 50] LEN: 12 | HEX: E9 77 F6 E8 EE 76 90 EF EE AD 3F 7F | T:5946193 RPD:1
[CH: 50] LEN: 12 | HEX: E9 77 7E EF EE 79 90 FD BB 67 FB B5 | T:5946204 RPD:1
[CH: 50] LEN: 12 | HEX: F9 77 FE F5 DA 73 90 EE 3E 08 B9 FF | T:5946216 RPD:1
[CH: 50] LEN: 12 | HEX: E9 77 76 FC FD 72 90 F5 A3 69 AB EF | T:5946216 RPD:0
[CH: 50] LEN: 12 | HEX: F5 77 F6 EB DE 75 90 FD 41 2D B7 FC | T:5946227 RPD:0
[CH: 50] LEN: 12 | HEX: F9 77 FE F5 DE 7B 90 F6 3C 08 AB FB | T:5946242 RPD:1
[CH: 50] LEN: 12 | HEX: F1 77 F6 F4 EF 72 90 FD A3 69 BB FF | T:5946245 RPD:1
[CH: 50] LEN: 12 | HEX: E9 77 EE E9 DE 77 D0 FD 6B EE BF AF | T:5946253 RPD:1
[CH: 50] LEN: 12 | HEX: F9 77 EE E8 EF 76 90 ED F6 AD BF FF | T:5946256 RPD:1
[CH: 50] LEN: 12 | HEX: F9 77 7E FD FD 78 90 ED 09 8A BB FD | T:5946268 RPD:1
[CH: 50] LEN: 12 | HEX: F9 77 F6 ED FA 73 90 FE BE 08 BF BE | T:5946268 RPD:1
[CH: 50] LEN: 12 | HEX: E9 77 76 FC ED 72 90 FD 23 69 B5 FB | T:5946279 RPD:1
[CH: 50] LEN: 12 | HEX: E9 66 AE FB F6 6D 90 EF 41 2D BF FF | T:5946280 RPD:0
[CH: 50] LEN: 12 | HEX: F5 77 FE E9 DE 76 90 ED 6B CE BF FF | T:5946291 RPD:1
[CH: 50] LEN: 12 | HEX: F9 77 6E E8 F6 7E 90 EF EE AF BF F7 | T:5946302 RPD:1
[CH: 50] LEN: 12 | HEX: E9 77 7E E7 7E 69 90 EF 3B 67 2B FF | T:5946302 RPD:0
[CH: 50] LEN: 12 | HEX: F9 77 EE EC ED 72 90 F5 A3 69 BF 7B | T:5946314 RPD:1
[CH: 50] LEN: 12 | HEX: F9 77 7E FD EF 68 90 FD 89 8A AF 6F | T:5946314 RPD:1
[CH: 50] LEN: 12 | HEX: F9 77 56 E8 FD 72 90 FD A3 69 BF FF | T:5946325 RPD:1
[CH: 50] LEN: 12 | HEX: F9 77 EE F3 BE 75 90 ED 41 2D BF FF | T:5946326 RPD:0
[CH: 50] LEN: 12 | HEX: E9 77 EE EA FE 7C 90 ED DC 4C BF BF | T:5946337 RPD:1
[CH: 50] LEN: 12 | HEX: E9 77 7E F7 F6 75 90 FD 3D 67 6F FE | T:5946348 RPD:1
[CH: 50] LEN: 12 | HEX: E9 77 EE F7 FD 70 90 FD 09 8A BF DB | T:5946348 RPD:0
[CH: 50] LEN: 12 | HEX: F9 77 7E ED DE 73 90 ED 3C 08 BF FF | T:5946360 RPD:1
[CH: 50] LEN: 12 | HEX: F1 77 F4 F5 EE 77 50 FE 6B CE BF FF | T:5946360 RPD:0
[CH: 50] LEN: 12 | HEX: F9 77 7E EF 6E 75 90 EF BB 67 BA FF | T:5946371 RPD:1
[CH: 50] LEN: 12 | HEX: FD 77 FE FD EE 73 90 EF 3E 08 BE FE | T:5946383 RPD:1
[CH: 50] LEN: 12 | HEX: E9 77 EE EC FE 72 90 FD 23 69 BF FB | T:5946383 RPD:0
[CH: 50] LEN: 12 | HEX: E9 77 56 F1 FD 76 90 DD 6B EC AD FE | T:5946394 RPD:1
[CH: 50] LEN: 12 | HEX: F1 77 7E FB BE 75 90 FD 41 2D BF F7 | T:5946394 RPD:1
[CH: 50] LEN: 12 | HEX: F5 77 7E FA FF 74 90 FE DC 4C AD FF | T:5946406 RPD:1
[CH: 50] LEN: 12 | HEX: E9 77 B6 E9 FC 77 90 FE EB 8E BF FF | T:5946406 RPD:0
[CH: 50] LEN: 12 | HEX: E9 77 F6 E8 EE 76 90 FD F6 AF BF F7 | T:5946417 RPD:1
[CH: 50] LEN: 12 | HEX: E9 77 B6 EC EE 70 90 FD 89 8A BF FD | T:5946428 RPD:1
[CH: 50] LEN: 12 | HEX: E9 7F 7E FB DE 73 D0 FE 3E 08 BE FF | T:5946429 RPD:0
[CH: 50] LEN: 12 | HEX: F9 77 F6 E9 FA 77 50 FD 6B EE AF FB | T:5946440 RPD:1
[CH: 50] LEN: 12 | HEX: F9 7F B6 FF EF 70 90 F7 89 8A BF FF | T:5946440 RPD:0
[CH: 50] LEN: 12 | HEX: E9 77 7E E9 DE 73 90 F7 3D 08 BF FF | T:5946452 RPD:1
[CH: 50] LEN: 12 | HEX: F1 77 7E FA EF 74 90 FD DC 4C B5 FD | T:5946463 RPD:1
[CH: 50] LEN: 12 | HEX: E9 77 6A E8 FD 76 90 EF FE AE BF F7 | T:5946465 RPD:1
[CH: 50] LEN: 12 | HEX: E9 77 6E EF 6A 75 90 EF BF 67 3D EE | T:5946477 RPD:1
[CH: 50] LEN: 12 | HEX: E9 77 76 FD EF 70 90 FF 89 8A B3 DF | T:5946488 RPD:1
[CH: 50] LEN: 12 | HEX: E9 77 7E ED DA 73 90 ED 3A 08 BF FF | T:5946491 RPD:1
[CH: 50] LEN: 12 | HEX: E9 77 7A EC FA 72 90 FF A3 69 FE FD | T:5946494 RPD:1
[CH: 50] LEN: 12 | HEX: F9 77 FE F3 FA 75 90 FD 41 2D BF 7F | T:5946514 RPD:1
[CH: 50] LEN: 12 | HEX: F5 77 7E FE EE 74 90 F7 DC 4C AF DE | T:5946517 RPD:1
[CH: 50] LEN: 12 | HEX: F9 77 F6 FD FC 77 90 FE 6B CE BE FD | T:5946537 RPD:1
[CH: 50] LEN: 12 | HEX: F9 77 7E F8 DE 76 90 EF F6 AF 3D FB | T:5946540 RPD:1
[CH: 50] LEN: 12 | HEX: E9 77 FA F7 EA 79 90 F6 BF 67 FF 7F | T:5946543 RPD:1
[CH: 50] LEN: 12 | HEX: F9 77 7E ED FD 70 90 EE 89 8A BF DD | T:5946563 RPD:1
[CH: 50] LEN: 12 | HEX: E9 77 EA FD DD 73 90 EF 3E 08 BB 5F | T:5946566 RPD:1
[CH: 50] LEN: 12 | HEX: E9 77 F6 FC FD 72 90 FF A3 F9 FF FF | T:5946569 RPD:1
[CH: 50] LEN: 12 | HEX: F5 77 7A EA FE 74 90 FF 5C 4C AD DB | T:5946580 RPD:1
[CH: 50] LEN: 12 | HEX: F9 77 F6 F9 DA 77 50 FD 6B CE AD FD | T:5946581 RPD:1
[CH: 50] LEN: 12 | HEX: F9 77 F6 F8 FE 76 90 FF F7 AF BF FF | T:5946592 RPD:1
[CH: 50] LEN: 12 | HEX: F1 77 EE E7 F6 75 90 F7 3F 67 2E DF | T:5946603 RPD:1
[CH: 50] LEN: 12 | HEX: F9 77 BA EF EE 78 90 FE 89 CA AD 7F | T:5946604 RPD:1
[CH: 50] LEN: 12 | HEX: F9 77 F6 FD FA 73 90 EB 3A 08 BD EF | T:5946615 RPD:1
[CH: 50] LEN: 12 | HEX: FD 77 F6 F7 FA 75 90 FD 41 2D AF EF | T:5946630 RPD:1
[CH: 50] LEN: 12 | HEX: F5 77 F6 EA F6 74 90 F7 DC 4C AF EB | T:5946633 RPD:1
[CH: 50] LEN: 12 | HEX: F5 77 BA F1 DA 77 50 F7 6B CE BF F7 | T:5946636 RPD:1
[CH: 50] LEN: 12 | HEX: F1 77 F6 E8 EE 76 90 EF FE AE BF BF | T:5946647 RPD:1
[CH: 50] LEN: 12 | HEX: F9 77 F6 ED EE 70 90 FE 89 8A AD 7F | T:5946662 RPD:1
[CH: 50] LEN: 12 | HEX: E9 77 FE FD ED 73 90 FE 3E 08 AF FF | T:5946665 RPD:1
[CH: 50] LEN: 12 | HEX: F9 77 BE FC F6 72 90 FF A3 69 B7 FF | T:5946668 RPD:1
[CH: 50] LEN: 12 | HEX: E9 77 F4 FA ED 74 90 FF 5C 4C BF FF | T:5946679 RPD:1
[CH: 50] LEN: 12 | HEX: F5 76 EE F9 DE 77 50 FE 6B CE BF FF | T:5946680 RPD:1
[CH: 50] LEN: 12 | HEX: F5 77 B6 F4 FF 76 90 FE F6 AF 7F FF | T:5946691 RPD:1
[CH: 50] LEN: 12 | HEX: E9 77 7A E7 7A 71 90 FE BF 67 BE BF | T:5946702 RPD:1
[CH: 50] LEN: 12 | HEX: F9 77 F6 FE EE 70 90 EF 09 8A AD FA | T:5946702 RPD:0
[CH: 50] LEN: 12 | HEX: E9 77 BE EC FD 72 90 FD A3 69 BE FE | T:5946714 RPD:0
[CH: 50] LEN: 12 | HEX: E9 77 7E F4 EF 76 90 EE F6 AF 6E D7 | T:5946721 RPD:1
[CH: 50] LEN: 12 | HEX: F1 77 BA F7 6E 7D 90 EF BF 67 BE BF | T:5946724 RPD:1
[CH: 50] LEN: 12 | HEX: F9 77 76 ED FF 70 90 EF 09 8A AD FF | T:5946735 RPD:1
[CH: 50] LEN: 12 | HEX: E9 77 BE FD FE 73 90 F6 3C 08 BF EF | T:5946736 RPD:0
[CH: 50] LEN: 12 | HEX: E9 77 6A F4 FE 72 90 F6 A3 69 BF FE | T:5946747 RPD:1
[CH: 50] LEN: 12 | HEX: F5 77 EA FB BE 75 90 EF 41 2D BF F5 | T:5946747 RPD:0
[CH: 50] LEN: 12 | HEX: F9 77 F6 FA FF 74 90 EF DC 4C AF F7 | T:5946758 RPD:0
[CH: 50] LEN: 12 | HEX: E9 77 7A F7 F6 79 90 FF 3F 67 AF 77 | T:5946770 RPD:1
[CH: 50] LEN: 12 | HEX: F9 77 B6 FD EE 70 90 FE 89 8A BB FF | T:5946770 RPD:1
[CH: 50] LEN: 12 | HEX: F5 77 AC ED D6 73 90 FA BA 08 BF DF | T:5946781 RPD:1
[CH: 50] LEN: 12 | HEX: F1 77 FE FC FE 72 90 FF 23 69 BF ED | T:5946782 RPD:0
[CH: 50] LEN: 12 | HEX: F1 77 EA F7 F4 75 90 FE C1 2D BF F7 | T:5946793 RPD:1
[CH: 50] LEN: 12 | HEX: F9 77 F6 F5 DD 77 50 EE EB AE BF FE | T:5946793 RPD:0
[CH: 50] LEN: 12 | HEX: F9 77 F6 F8 FF 76 90 FE F6 AF 75 B7 | T:5946804 RPD:0
[CH: 50] LEN: 12 | HEX: E9 77 76 EF 76 75 90 EF BB 67 3F FF | T:5946816 RPD:1
[CH: 50] LEN: 12 | HEX: E9 77 F6 F4 F6 70 90 FD 89 8A BF FA | T:5946816 RPD:0
[CH: 50] LEN: 12 | HEX: F5 77 FE FD EE 73 10 F6 BE 08 AE FE | T:5946827 RPD:1
[CH: 50] LEN: 12 | HEX: E9 77 BE FB BE 75 90 ED 41 2D AF EF | T:5946827 RPD:0
[CH: 50] LEN: 12 | HEX: FD 77 F6 EA F7 74 90 ED DC 4C AD FF | T:5946839 RPD:0
[CH: 50] LEN: 12 | HEX: E9 77 7E E9 EF 77 50 D7 6B 8E BF F5 | T:5946850 RPD:1
[CH: 50] LEN: 12 | HEX: F1 77 BA F8 F4 76 90 FB 76 AF 2F FD | T:5946850 RPD:1
[CH: 50] LEN: 12 | HEX: E9 77 7A EF EA 6D 90 F6 BF 67 3F FF | T:5946864 RPD:1
[CH: 50] LEN: 12 | HEX: E9 77 F6 F6 ED 70 90 F7 89 8A BF 7F | T:5946867 RPD:1
[CH: 50] LEN: 12 | HEX: F9 77 76 FD DD 73 90 F6 BD 08 BF FF | T:5946870 RPD:1
[CH: 50] LEN: 12 | HEX: F5 77 76 EC FD 72 90 FD 23 69 BF FF | T:5946890 RPD:1
[CH: 50] LEN: 12 | HEX: F5 77 FE FB FA 75 90 F6 C1 2D AF 7F | T:5946893 RPD:1
[CH: 50] LEN: 12 | HEX: F9 77 EE EA EE 74 90 F7 5C 4C AF BE | T:5946896 RPD:1
[CH: 50] LEN: 12 | HEX: E9 77 F6 E9 FC 77 50 FE EB 8E BF FD | T:5946907 RPD:1
[CH: 50] LEN: 12 | HEX: E9 77 EE E8 EA 76 90 F6 F6 AE BF EF | T:5946907 RPD:1
[CH: 50] LEN: 12 | HEX: E9 77 7A F7 76 75 90 FE BF 67 BF 77 | T:5946922 RPD:1
[CH: 50] LEN: 12 | HEX: F9 77 BA EE FC 70 90 F6 89 8A BF DD | T:5946925 RPD:1
[CH: 50] LEN: 12 | HEX: E9 77 76 FD FC 73 90 EE 3A 08 AF EF | T:5946936 RPD:1
[CH: 50] LEN: 12 | HEX: F9 77 EA FC FD 72 90 FE A3 69 B7 24 | T:5946936 RPD:0
[CH: 50] LEN: 12 | HEX: F9 7F FE EB FC 75 90 EE C1 2D B7 FF | T:5946948 RPD:1
[CH: 50] LEN: 12 | HEX: F9 77 BA FA FE 74 90 FF 5C 4C BE FD | T:5946948 RPD:1
[CH: 50] LEN: 12 | HEX: F9 77 76 E8 EC 76 90 EE F6 AE FF FF | T:5946960 RPD:1
[CH: 50] LEN: 12 | HEX: E9 77 7E E7 BE 79 90 FD 3B 67 3F EB | T:5946963 RPD:1
[CH: 50] LEN: 12 | HEX: F9 77 BE FF F6 70 90 FF 09 8A AA DF | T:5946983 RPD:1
[CH: 50] LEN: 12 | HEX: F9 77 F6 F5 D6 73 90 FD 3A 08 BF FF | T:5947003 RPD:1
[CH: 50] LEN: 12 | HEX: F1 77 FE EC FE 72 90 EE A3 69 BF 6F | T:5947006 RPD:1
[CH: 50] LEN: 12 | HEX: E9 77 F6 FF FC 75 90 FE C1 2D BF FB | T:5947009 RPD:1
[CH: 50] LEN: 12 | HEX: F5 77 7A FA FE 74 90 FE 9C 4C BF FD | T:5947020 RPD:1
[CH: 50] LEN: 12 | HEX: F9 77 76 F9 DA 77 50 F7 6B AE BF BF | T:5947020 RPD:1
[CH: 50] LEN: 12 | HEX: F5 77 F6 EC F4 76 90 EF F6 AF BB 73 | T:5947035 RPD:1
[CH: 50] LEN: 12 | HEX: E9 77 FA F7 F4 79 90 FE BD 6F 6F DD | T:5947038 RPD:1
[CH: 50] LEN: 12 | HEX: F9 77 76 FD FE 70 90 FE 89 AA BD F7 | T:5947049 RPD:1
[CH: 50] LEN: 12 | HEX: E9 77 F6 FD FD 73 90 F6 BE 08 AF FF | T:5947049 RPD:0
[CH: 50] LEN: 12 | HEX: F9 77 76 EC DD 72 90 EF A3 69 B6 FF | T:5947060 RPD:1
[CH: 50] LEN: 12 | HEX: E9 77 F6 FA EE 74 90 ED DC 4C BF FF | T:5947061 RPD:0
[CH: 50] LEN: 12 | HEX: F5 77 EE F9 FD 77 90 EE 6B AE BF BE | T:5947072 RPD:1
[CH: 50] LEN: 12 | HEX: F9 77 B6 EF F6 79 90 FE BB 67 AF 7F | T:5947083 RPD:0
[CH: 50] LEN: 12 | HEX: F9 77 7E F6 F7 70 90 F7 49 8A BF FE | T:5947084 RPD:0
[CH: 50] LEN: 12 | HEX: F5 77 FC FC ED 72 90 FE A3 69 BE F7 | T:5947095 RPD:1
[CH: 50] LEN: 12 | HEX: F9 77 EE FB EA 75 90 EE 41 2D BF FF | T:5947095 RPD:0
[CH: 50] LEN: 12 | HEX: F9 77 BE FA FD 74 90 FE DC 4C BD FF | T:5947106 RPD:1
[CH: 50] LEN: 12 | HEX: F5 77 F6 F5 FA 77 30 FE 6B AE BF FF | T:5947107 RPD:0
[CH: 50] LEN: 12 | HEX: F1 7F F4 F4 EE 76 90 FE F6 AF AF FF | T:5947118 RPD:1
[CH: 50] LEN: 12 | HEX: F5 77 7E ED FD 73 90 F7 3A 08 AB FB | T:5947129 RPD:0
[CH: 50] LEN: 12 | HEX: F5 77 DA FC FE 72 90 F7 23 69 BD EF | T:5947130 RPD:0
[CH: 50] LEN: 12 | HEX: F9 77 7A FB FA 75 90 F6 C1 2D B5 65 | T:5947141 RPD:1
[CH: 50] LEN: 12 | HEX: F1 77 DE FA FF 74 90 FE DC 4C BE EF | T:5947152 RPD:1
[CH: 50] LEN: 12 | HEX: F9 77 76 F4 EF 76 90 EE F6 AF 7F DF | T:5947158 RPD:1
[CH: 50] LEN: 12 | HEX: D1 77 EA FD FE 73 90 F7 BC 08 BF B7 | T:5947166 RPD:1
[CH: 50] LEN: 12 | HEX: F9 77 EE FC F6 72 90 FF A3 E9 FF FB | T:5947170 RPD:1
[CH: 50] LEN: 12 | HEX: F9 77 BC F7 DA 75 90 FE C1 2D AF FF | T:5947172 RPD:1
[CH: 50] LEN: 12 | HEX: F9 77 BA EA EE 74 90 EF DC 4C BA EF | T:5947184 RPD:1
[CH: 50] LEN: 12 | HEX: F5 77 FE F4 EE 76 90 F7 76 AF AF 5D | T:5947198 RPD:1
[CH: 50] LEN: 12 | HEX: F5 77 F6 F7 B6 79 90 F7 7F 67 6E F5 | T:5947201 RPD:1
[CH: 50] LEN: 12 | HEX: E9 77 B6 EE EE 70 90 FD 09 8A BF BF | T:5947205 RPD:1
[CH: 50] LEN: 12 | HEX: F1 77 FA FD FD 73 90 F6 BD 08 B7 FF | T:5947216 RPD:1
[CH: 50] LEN: 12 | HEX: E9 77 B6 EC FF 72 90 FF A3 69 BE FF | T:5947216 RPD:0
[CH: 50] LEN: 12 | HEX: F9 77 F6 EB FA 75 90 EE C1 2D BF 75 | T:5947227 RPD:1
[CH: 50] LEN: 12 | HEX: F1 77 FA F6 ED 74 90 FE DC 4C BF C6 | T:5947239 RPD:1
[CH: 50] LEN: 12 | HEX: E9 77 F6 F9 DA 77 50 F7 6B AE AF FF | T:5947239 RPD:1
[CH: 50] LEN: 12 | HEX: F5 77 F6 F8 FE 76 90 EF 76 AF 7E FB | T:5947256 RPD:1
[CH: 50] LEN: 12 | HEX: E9 77 F6 F7 F6 79 90 FE BF 67 B7 7F | T:5947259 RPD:1
[CH: 50] LEN: 12 | HEX: F5 77 F6 FF EE 70 90 FF 09 8A BF 6E | T:5947262 RPD:1
[CH: 50] LEN: 12 | HEX: F5 77 7A F5 FD 73 90 FF 3D 08 BD 7F | T:5947274 RPD:1
[CH: 50] LEN: 12 | HEX: F9 77 76 FC FE 72 90 F7 23 69 BE 7E | T:5947274 RPD:0
[CH: 50] LEN: 12 | HEX: F9 7F 6A EB BA 75 90 FF 41 2D AF FF | T:5947285 RPD:1
[CH: 50] LEN: 12 | HEX: E9 77 6E EA EE 74 90 FD DC 4C BF FF | T:5947297 RPD:1
[CH: 50] LEN: 12 | HEX: F5 77 7A F9 FD 77 90 FE EB 8E BF F6 | T:5947297 RPD:0
[CH: 50] LEN: 12 | HEX: F9 77 7E FE FE 70 90 FE 89 8A BA FE | T:5947308 RPD:1
[CH: 50] LEN: 12 | HEX: E9 77 76 EA FE 74 90 EE DC 4C BF FF | T:5947308 RPD:0
[CH: 50] LEN: 12 | HEX: F9 77 7A E9 EE 77 D0 FE EB 8E BF EF | T:5947320 RPD:1
[CH: 50] LEN: 12 | HEX: FD 77 76 FE F4 70 90 FF 09 8A BD FB | T:5947320 RPD:0
[CH: 50] LEN: 12 | HEX: F9 77 7A FD FD 73 D0 FE BD 08 BF 6F | T:5947331 RPD:1
[CH: 50] LEN: 12 | HEX: F5 77 F4 FA F7 74 90 FF 5C 4C AD FF | T:5947343 RPD:1
[CH: 50] LEN: 12 | HEX: E9 77 F6 F1 FC 77 10 FE 6B EE BD FF | T:5947343 RPD:1
[CH: 50] LEN: 12 | HEX: E9 77 6E E8 FE 76 90 FF F6 AF BF BD | T:5947354 RPD:1
[CH: 50] LEN: 12 | HEX: F1 77 F6 FF F4 75 90 FE BF 67 AB D7 | T:5947354 RPD:0
[CH: 50] LEN: 12 | HEX: F9 77 7E ED FE 70 90 F6 89 8A AF EF | T:5947366 RPD:1
[CH: 50] LEN: 12 | HEX: E9 77 F6 F4 FE 72 90 EE A3 69 AF DF | T:5947377 RPD:1
[CH: 50] LEN: 12 | HEX: E9 77 BE EB F4 65 90 F6 C1 2D BB FB | T:5947377 RPD:0
[CH: 50] LEN: 12 | HEX: E9 77 F6 E9 FC 77 90 FD 6B AE B7 FF | T:5947389 RPD:1
[CH: 50] LEN: 12 | HEX: E9 77 EE E8 FE 76 90 F5 76 AF 7F DD | T:5947389 RPD:1
[CH: 50] LEN: 12 | HEX: F1 77 7A E7 F6 71 90 F6 BD 67 3F 7F | T:5947400 RPD:1
[CH: 50] LEN: 12 | HEX: E9 77 7E ED F6 70 90 ED 89 8A BD FF | T:5947400 RPD:0
[CH: 50] LEN: 12 | HEX: F9 77 F6 EC FE 72 90 FE A3 69 BF FF | T:5947412 RPD:0
[CH: 50] LEN: 12 | HEX: F5 77 6E FB DA 75 90 FE 41 2D BF FF | T:5947423 RPD:1
[CH: 50] LEN: 12 | HEX: E9 77 FA F9 DD 77 50 EE EB CE AF FD | T:5947424 RPD:1
[CH: 50] LEN: 12 | HEX: F9 77 B6 F4 FD 76 90 EE F6 AE BF FF | T:5947436 RPD:1
[CH: 50] LEN: 12 | HEX: F5 77 6A EF 76 75 90 EE BB 67 3F B7 | T:5947436 RPD:0
[CH: 50] LEN: 12 | HEX: E9 77 F6 FE F6 70 90 FF 49 8A BE EF | T:5947447 RPD:1
[CH: 50] LEN: 12 | HEX: E9 77 76 ED FD 73 90 FE BE 08 BF FF | T:5947447 RPD:0
[CH: 50] LEN: 12 | HEX: F5 77 BC FC EE 72 90 EE A3 69 AB AD | T:5947459 RPD:0
[CH: 50] LEN: 12 | HEX: F9 77 BE F9 DD 77 50 F6 EB CE BF FF | T:5947470 RPD:1
[CH: 50] LEN: 12 | HEX: F9 77 BA F4 EE 76 90 F7 76 AF 7F FB | T:5947470 RPD:1
[CH: 50] LEN: 12 | HEX: F5 77 BE FE F6 70 90 EE 89 8A BF BB | T:5947482 RPD:1
[CH: 50] LEN: 12 | HEX: F1 77 F6 FD FC 73 90 EF 3E 08 BE FF | T:5947482 RPD:1
[CH: 50] LEN: 12 | HEX: F9 77 FE FC EE 72 90 F7 23 69 B5 FF | T:5947493 RPD:1
[CH: 50] LEN: 12 | HEX: E9 77 76 FB FA 75 90 EE C1 2D B7 F7 | T:5947504 RPD:1
[CH: 50] LEN: 12 | HEX: E9 77 7E FA EE 74 90 FE DC 4C B7 FE | T:5947505 RPD:0
[CH: 50] LEN: 12 | HEX: F9 77 B6 EF FA 75 90 F6 BB 67 2F EE | T:5947516 RPD:1
[CH: 50] LEN: 12 | HEX: E9 77 F6 EB DC 75 90 EE C1 2D BF FF | T:5947516 RPD:0
[CH: 50] LEN: 12 | HEX: F9 77 F4 FA FF 74 90 FD 5C 4C BE BF | T:5947527 RPD:1
[CH: 50] LEN: 12 | HEX: F5 77 BE FE FF 70 90 F7 09 8A BF FF | T:5947539 RPD:1
[CH: 50] LEN: 12 | HEX: F9 77 7E ED D7 73 90 FD 3D 08 BD FE | T:5947539 RPD:0
[CH: 50] LEN: 12 | HEX: F5 77 FE EF FA 75 90 FE C1 2D BF EF | T:5947550 RPD:1
[CH: 50] LEN: 12 | HEX: FD 77 76 F8 FE 76 90 EE F6 AE AF FF | T:5947551 RPD:0
[CH: 50] LEN: 12 | HEX: E9 77 F6 EF EE 71 90 EF 7B 67 7E FF | T:5947562 RPD:1
[CH: 50] LEN: 12 | HEX: E9 77 7A FC EE 72 90 D7 A3 69 FD FF | T:5947562 RPD:0
[CH: 50] LEN: 12 | HEX: E9 77 74 F3 DA 75 90 EE C1 2D BB FD | T:5947573 RPD:1
[CH: 50] LEN: 12 | HEX: F5 77 F4 F7 DC 79 90 FE BD 67 BF F7 | T:5947585 RPD:1
[CH: 50] LEN: 12 | HEX: F1 77 F6 FE FD 70 90 FE 89 8A AF DF | T:5947585 RPD:0
[CH: 50] LEN: 12 | HEX: F5 77 76 FC FE 72 90 FE A3 69 B5 FF | T:5947596 RPD:0
[CH: 50] LEN: 12 | HEX: F9 77 56 F9 FD 77 90 FE EB AE AE FB | T:5947602 RPD:1
[CH: 50] LEN: 12 | HEX: F5 77 B6 F4 FF 76 90 EE F6 AF 7D FF | T:5947605 RPD:1
[CH: 50] LEN: 12 | HEX: F5 77 F6 F7 F4 7B 90 F7 BE E7 BB FF | T:5947616 RPD:1
[CH: 50] LEN: 12 | HEX: F1 77 F6 F6 F6 70 90 FE 89 8A AF FE | T:5947617 RPD:0
[CH: 50] LEN: 12 | HEX: E9 77 76 ED DA 73 90 FE BA 08 AF FF | T:5947628 RPD:1
[CH: 50] LEN: 12 | HEX: F5 77 EA F4 EF 72 90 EA A3 69 BF BD | T:5947639 RPD:0
[CH: 50] LEN: 12 | HEX: F9 77 7E FB DD 75 90 F7 C1 2D BF FF | T:5947640 RPD:0
[CH: 50] LEN: 12 | HEX: E9 77 F7 00 00 71 90 FE B6 EB B7 DF | T:5947658 RPD:1
[CH: 50] LEN: 12 | HEX: F9 77 FF 00 00 71 90 EE 36 FB BF FE | T:5947658 RPD:1
[CH: 50] LEN: 12 | HEX: E8 6D DD 00 ED EA 91 DF 60 98 BB 7F | T:5947688 RPD:1
[CH: 50] LEN: 12 | HEX: F8 6D DD 00 FE EA 91 ED 70 98 BF FD | T:5947689 RPD:1
[CH: 50] LEN: 12 | HEX: F5 77 77 00 00 71 91 EB 05 C2 BE FF | T:5947957 RPD:1
[CH: 50] LEN: 12 | HEX: F9 7F 7B 00 00 71 91 EE 05 C2 BD FF | T:5947958 RPD:1
[CH: 50] LEN: 12 | HEX: F8 6D DF 00 EE FA 91 FF 70 98 AF 7F | T:5947988 RPD:1
[CH: 50] LEN: 12 | HEX: E8 6D DB 00 F6 F6 91 D5 60 98 BB 6B | T:5947989 RPD:1
[CH: 50] LEN: 12 | HEX: E9 77 BF 00 00 71 91 DE 05 E2 BB F7 | T:5948257 RPD:1
[CH: 50] LEN: 12 | HEX: F9 7F 7F 00 00 79 91 FD 05 C2 BA FF | T:5948258 RPD:1
[CH: 50] LEN: 12 | HEX: E8 6D DD 00 EE EA 91 ED 70 98 AF FF | T:5948287 RPD:1
[CH: 50] LEN: 12 | HEX: F5 77 7F 00 00 71 91 D5 05 C2 AF EF | T:5948557 RPD:1
[CH: 50] LEN: 12 | HEX: E9 77 77 00 00 71 91 D7 05 C2 BF 7F | T:5948557 RPD:1
[CH: 50] LEN: 12 | HEX: F8 6D DF 00 FE F6 91 DE 70 98 BF FF | T:5948587 RPD:1
[CH: 50] LEN: 12 | HEX: F0 6D FD 00 F6 F6 91 FD 70 98 BD FF | T:5948588 RPD:1
[CH: 50] LEN: 12 | HEX: E9 67 77 00 00 71 91 DF 05 C2 AB BF | T:5948856 RPD:1
[CH: 50] LEN: 12 | HEX: E9 77 F7 00 00 71 91 DF 05 C2 AF DF | T:5948857 RPD:1
[CH: 50] LEN: 12 | HEX: E8 6D FA 00 FF F6 91 FD 70 98 AF F7 | T:5948887 RPD:1
[CH: 50] LEN: 12 | HEX: E8 6D FF 00 EE F2 91 D5 70 98 BF 7E | T:5948888 RPD:1
[CH: 50] LEN: 12 | HEX: E9 7F F7 00 00 71 B1 DF 05 C2 AF FF | T:5949156 RPD:1
[CH: 50] LEN: 12 | HEX: F5 7F BF 00 00 71 91 DF 05 C2 AF FF | T:5949157 RPD:1
[CH: 50] LEN: 12 | HEX: F8 6D DD 00 EF F6 91 DB 70 98 B6 7D | T:5949187 RPD:1
[CH: 50] LEN: 12 | HEX: F9 77 77 00 00 71 91 FB 05 E2 BF FF | T:5949456 RPD:1
[CH: 50] LEN: 12 | HEX: F8 6D DF 00 FE EA 91 FA 70 98 AF FF | T:5949486 RPD:1
[CH: 50] LEN: 12 | HEX: E8 6D FB 00 FE FA 91 DD 70 98 AF FF | T:5949487 RPD:1
[CH: 50] LEN: 12 | HEX: EA 76 EF 00 8C EA 91 EF 2C 77 AF BF | T:5949730 RPD:1
[CH: 50] LEN: 12 | HEX: EA 76 ED 00 8C EA 91 DB 2C 77 7B DF | T:5949731 RPD:1
[CH: 50] LEN: 12 | HEX: F2 7E F6 EE 7B BE 91 DF D2 8A BE FF | T:5949761 RPD:1
[CH: 50] LEN: 12 | HEX: F2 76 F7 EC 79 FA 91 F5 7B 61 BF EA | T:5949768 RPD:1
[CH: 50] LEN: 12 | HEX: EA 76 FE EB 7E FA 91 FD 4D D8 BF FB | T:5949772 RPD:1
[CH: 50] LEN: 12 | HEX: F2 76 F6 F6 77 BE 91 EF 91 7D BB FF | T:5949776 RPD:1
[CH: 50] LEN: 12 | HEX: F6 7E ED F5 74 EA 91 DF F4 73 AF FF | T:5949788 RPD:1
[CH: 50] LEN: 12 | HEX: FA 76 FE F7 76 FA 91 FB 89 81 AB 7B | T:5949788 RPD:1
[CH: 50] LEN: 12 | HEX: EA 7E FE E5 74 FA 91 DF 20 6A AF 7F | T:5949822 RPD:1
[CH: 50] LEN: 12 | HEX: EA 76 FD F4 75 DA 91 FF EC 8F BF FD | T:5949852 RPD:1
[CH: 50] LEN: 12 | HEX: EA 76 F7 FB 76 F2 91 FE CA 77 BF FF | T:5949882 RPD:1
[CH: 50] LEN: 12 | HEX: FA 76 FD EA 7F 7A 91 DF 16 93 AF FF | T:5949912 RPD:1
[CH: 50] LEN: 12 | HEX: F6 76 F6 E9 7A EA 91 FE E3 DD BF FF | T:5949942 RPD:1
[CH: 50] LEN: 12 | HEX: F6 76 FE E8 7D DA 91 FD BD 78 AF FF | T:5949972 RPD:1
[CH: 50] LEN: 12 | HEX: F6 76 FE EF E2 EE 91 EA 11 92 BF DF | T:5950002 RPD:1
[CH: 50] LEN: 12 | HEX: FA 76 FF EE 63 DA 91 FB CD 77 7F FF | T:5950031 RPD:1
[CH: 50] LEN: 12 | HEX: EA 6E DF ED 60 EA 91 FF BC 79 BF FC | T:5950061 RPD:1
[CH: 50] LEN: 12 | HEX: FA 76 FF EC 61 FA 91 FF 74 9C AB AF | T:5950091 RPD:1
[CH: 50] LEN: 12 | HEX: FA 76 FF FB 66 EA 91 FD 52 75 BF FF | T:5950121 RPD:1
[CH: 50] LEN: 12 | HEX: FA 76 EE EA 67 76 91 DD 8E 80 AD FE | T:5950151 RPD:1
[CH: 50] LEN: 12 | HEX: F6 7E FF F9 64 FA 91 DD F3 8E AE FB | T:5950181 RPD:1
[CH: 50] LEN: 12 | HEX: FA 76 FD E8 65 FA 91 EF 27 6B BF F7 | T:5950211 RPD:1
[CH: 50] LEN: 12 | HEX: FA 76 F5 E7 6A FA 91 FF 97 7C BF FF | T:5950241 RPD:1
[CH: 50] LEN: 12 | HEX: F6 76 FF E6 6B BA 91 FE 4A 99 AF DF | T:5950271 RPD:1
[CH: 50] LEN: 12 | HEX: F2 77 BB 00 81 FA 91 EF EF FF 2F FE | T:5950500 RPD:1
[CH: 50] LEN: 12 | HEX: EA 77 DF 00 81 FA 91 FF FF FF BE EF | T:5950501 RPD:1
[CH: 50] LEN: 12 | HEX: F5 77 F6 ED FF 70 91 DF BA BB AF FB | T:5950531 RPD:1
[CH: 50] LEN: 12 | HEX: E9 77 BE F5 EC 73 D1 FE 0D 39 AF DF | T:5950534 RPD:1
[CH: 50] LEN: 12 | HEX: F9 77 BE EC EE 72 91 EF 90 58 BF FF | T:5950537 RPD:1
[CH: 50] LEN: 12 | HEX: F5 7F F6 FA EE 74 91 FD EF F5 AB 5F | T:5950549 RPD:1
[CH: 50] LEN: 12 | HEX: F9 77 7E F9 DE 77 11 FB 58 FF AF FD | T:5950549 RPD:1
[CH: 50] LEN: 12 | HEX: F5 76 FE FF 7E 71 91 FF 8C 56 BB B7 | T:5950560 RPD:1
[CH: 50] LEN: 12 | HEX: E9 77 FE ED ED 70 91 DA BA BB AF BD | T:5950571 RPD:1
[CH: 50] LEN: 12 | HEX: F9 77 7E FC F6 72 91 FD 90 58 B7 FF | T:5950572 RPD:0
[CH: 50] LEN: 12 | HEX: F9 77 76 E9 F4 76 D1 DF 58 FD AF FF | T:5950583 RPD:1
[CH: 50] LEN: 12 | HEX: E9 77 EA F4 FD 76 91 DD C5 9C AF DF | T:5950583 RPD:0
[CH: 50] LEN: 12 | HEX: F9 77 EA FF F6 75 91 FD 8C 56 BB EB | T:5950595 RPD:1
[CH: 50] LEN: 12 | HEX: F1 77 F6 FC FD 72 91 FD 90 58 BF FD | T:5950595 RPD:0
[CH: 50] LEN: 12 | HEX: E9 77 6E FA EE 74 91 F7 DE F5 AF AB | T:5950606 RPD:1
[CH: 50] LEN: 12 | HEX: E9 77 7E E8 FD 76 91 FB C5 9D BE FF | T:5950617 RPD:1
[CH: 50] LEN: 12 | HEX: D1 77 EE EF EE 69 91 FB 8C 56 BF FF | T:5950618 RPD:0
[CH: 50] LEN: 12 | HEX: F9 77 F6 EC ED 72 91 DF 90 58 AF DB | T:5950629 RPD:1
[CH: 50] LEN: 12 | HEX: E9 77 BE F9 FC 77 51 FD 58 FE B7 EF | T:5950629 RPD:0
[CH: 50] LEN: 12 | HEX: F9 77 F6 F8 FF 76 91 FB C5 9E BF B7 | T:5950641 RPD:1
[CH: 50] LEN: 12 | HEX: F1 76 FE FD DE 73 91 DF 0D 3D BE F5 | T:5950652 RPD:1
[CH: 50] LEN: 12 | HEX: F5 77 EA FC FD 72 91 FD 90 58 AD 77 | T:5950652 RPD:0
[CH: 50] LEN: 12 | HEX: E9 7F F6 F9 FE 7F 51 FE 58 FD AA BF | T:5950663 RPD:1
[CH: 50] LEN: 12 | HEX: F9 77 7E FD FA 73 91 DD 0D 39 AF BF | T:5950664 RPD:0
[CH: 50] LEN: 12 | HEX: F1 6F 7E FC EE 72 91 FF 90 5C BF FF | T:5950675 RPD:1
[CH: 50] LEN: 12 | HEX: F5 77 7E F9 FA 77 51 DB 58 FD AF FE | T:5950675 RPD:0
[CH: 50] LEN: 12 | HEX: E9 77 EA F8 EF 76 91 FD C5 9D AF F7 | T:5950687 RPD:1
[CH: 50] LEN: 12 | HEX: F9 77 BA F5 FA 73 91 FD 0D 39 BF FF | T:5950698 RPD:1
[CH: 50] LEN: 12 | HEX: F9 77 7E FC FF 7A 91 D5 90 58 AE DF | T:5950698 RPD:0
[CH: 50] LEN: 12 | HEX: F5 77 7E F6 FC 6C 91 DD EE FD BF EF | T:5950709 RPD:1
[CH: 50] LEN: 12 | HEX: ED 77 EA F7 EE 70 91 BF BA BB AB DF | T:5950710 RPD:0
[CH: 50] LEN: 12 | HEX: F1 77 6E FD DC 73 91 FB 0D 39 B7 F7 | T:5950721 RPD:1
[CH: 50] LEN: 12 | HEX: F1 77 EE FA FD 74 91 FB EF 7D B7 FF | T:5950732 RPD:1
[CH: 50] LEN: 12 | HEX: E9 77 6E E9 DC 77 51 DA 58 EF BF FF | T:5950732 RPD:0
[CH: 50] LEN: 12 | HEX: E9 77 EE F5 FE 78 91 FF BA BF BE FF | T:5950744 RPD:1
[CH: 50] LEN: 12 | HEX: F9 77 6A F9 FE 77 D1 EF 58 FE AF FF | T:5950744 RPD:0
[CH: 50] LEN: 12 | HEX: E9 77 EE E8 FF 6E 91 DF C5 9E BF EF | T:5950755 RPD:1
[CH: 50] LEN: 12 | HEX: F5 77 6E FD FE 70 91 FB BA BB BE FD | T:5950767 RPD:1
[CH: 50] LEN: 12 | HEX: E9 77 6E ED DE 73 91 DF 0D 39 BF FD | T:5950767 RPD:0
[CH: 50] LEN: 12 | HEX: F1 77 FE EB BE 75 91 DF 72 18 BD BF | T:5950778 RPD:1
[CH: 50] LEN: 12 | HEX: F9 77 F6 EF FF 70 91 EF BA BB AF FF | T:5950778 RPD:0
[CH: 50] LEN: 12 | HEX: E9 77 F6 FD DD 7B 91 FD 0D 39 BB FE | T:5950790 RPD:1
[CH: 50] LEN: 12 | HEX: F1 77 F6 F3 B6 75 91 DF 72 1C AF BF | T:5950790 RPD:0
[CH: 50] LEN: 12 | HEX: F1 67 AE EA FC 74 91 DF EF 7D BF D7 | T:5950801 RPD:1
[CH: 50] LEN: 12 | HEX: F9 77 EA F7 76 79 91 FD 8C 56 BF FF | T:5950813 RPD:1
[CH: 50] LEN: 12 | HEX: F9 77 EA ED EE 70 91 DA BA BB BF FE | T:5950813 RPD:1
[CH: 50] LEN: 12 | HEX: E9 77 BA F7 BA 75 91 FA 72 1C BF E8 | T:5950824 RPD:1
[CH: 50] LEN: 12 | HEX: E9 77 7E F8 FD 76 91 EF C5 9F AB F7 | T:5950824 RPD:0
[CH: 50] LEN: 12 | HEX: F9 7F F6 EF F6 75 91 EF 8C 56 BF FF | T:5950836 RPD:1
[CH: 50] LEN: 12 | HEX: E9 77 FE EC EE 72 91 DF 90 58 BF FF | T:5950847 RPD:1
[CH: 50] LEN: 12 | HEX: F1 77 7E EB B6 75 91 DB 72 1C AF DF | T:5950847 RPD:0
[CH: 50] LEN: 12 | HEX: F9 77 FE F8 F5 76 91 ED C5 9F AB FB | T:5950859 RPD:1
[CH: 50] LEN: 12 | HEX: F9 77 76 FC FE 7A 91 FF 90 58 BB EF | T:5950859 RPD:0
[CH: 50] LEN: 12 | HEX: F1 77 6E FA FC 74 91 DB FE FD B5 F7 | T:5950870 RPD:1
[CH: 50] LEN: 12 | HEX: F5 75 FA F8 EE 76 91 FD C5 9D BF FD | T:5950870 RPD:0
[CH: 50] LEN: 12 | HEX: F1 77 7E EF EE 75 91 DF 8C 56 AB FD | T:5950882 RPD:1
[CH: 50] LEN: 12 | HEX: F9 77 EE FC DE 72 91 F5 90 58 BD DB | T:5950893 RPD:1
[CH: 50] LEN: 12 | HEX: F9 77 BE FB F6 7D 91 DF 72 1C BD 57 | T:5950893 RPD:1
[CH: 50] LEN: 12 | HEX: F9 77 76 EA F6 7C 91 DF FE F5 BD FF | T:5950905 RPD:1
[CH: 50] LEN: 12 | HEX: E9 77 B6 F1 FD 77 51 FB 58 EE B6 AA | T:5950905 RPD:1
[CH: 50] LEN: 12 | HEX: F1 7F EE E8 FD 76 91 FD C5 9D AD FD | T:5950916 RPD:1
[CH: 50] LEN: 12 | HEX: F1 77 EE FF 76 69 91 FA 8C 56 BF ED | T:5950927 RPD:1
[CH: 50] LEN: 12 | HEX: F9 77 7E FD FF 70 91 FF BA BB A7 FF | T:5950928 RPD:0
[CH: 50] LEN: 12 | HEX: F1 77 EE FA ED 74 91 FB EF 7D AA F7 | T:5950939 RPD:0
[CH: 50] LEN: 12 | HEX: E9 77 EE EF 7E 75 91 BF 8C 56 AF 7A | T:5950946 RPD:1
[CH: 50] LEN: 12 | HEX: F9 77 FE FD FE 70 91 EF BA BB BF DD | T:5950949 RPD:1
[CH: 50] LEN: 12 | HEX: F9 77 7E F5 EE 73 91 DF 0D 39 B7 FF | T:5950960 RPD:1
[CH: 50] LEN: 12 | HEX: F9 77 FE FC FE 72 91 BF 90 58 BF FF | T:5950960 RPD:0
[CH: 50] LEN: 12 | HEX: F5 77 F6 F7 FA 75 91 FE 72 1C BF FF | T:5950972 RPD:1
[CH: 50] LEN: 12 | HEX: E9 77 F6 EA FE 6C 91 DD EF FD BF FB | T:5950972 RPD:0
[CH: 50] LEN: 12 | HEX: F9 77 B6 E8 FD 76 91 FD D5 9E BF FF | T:5950983 RPD:0
[CH: 50] LEN: 12 | HEX: E9 77 B6 EF EE 79 91 FB 8C 56 BD BF | T:5950995 RPD:1
[CH: 50] LEN: 12 | HEX: F9 77 F6 FD FE 70 91 FF BA BB BF DF | T:5950995 RPD:0
[CH: 50] LEN: 12 | HEX: F1 77 F6 ED FD 73 91 FB 0D 3D AD BF | T:5951006 RPD:1
[CH: 50] LEN: 12 | HEX: F1 77 F6 FC FE 72 91 DB 90 58 BB F7 | T:5951006 RPD:0
[CH: 50] LEN: 12 | HEX: F9 77 F6 FB F4 75 91 DB 72 1C BF FE | T:5951018 RPD:1
[CH: 50] LEN: 12 | HEX: F9 77 F6 F0 FD 76 91 FD C5 9E BA FF | T:5951029 RPD:1
[CH: 50] LEN: 12 | HEX: E9 77 7A EF F6 7D 91 FB 8C 56 BF FF | T:5951029 RPD:0
[CH: 50] LEN: 12 | HEX: ED 77 FE EC EE 72 91 DD 90 58 BF FF | T:5951041 RPD:1
[CH: 50] LEN: 12 | HEX: F9 77 F6 F8 EF 76 91 DF C5 9D AF FD | T:5951041 RPD:0
[CH: 50] LEN: 12 | HEX: E9 77 BE F7 EE 79 91 DF 8C 56 BF EF | T:5951052 RPD:1
[CH: 50] LEN: 12 | HEX: F9 77 B4 F4 F6 72 91 FD 90 58 BC BA | T:5951052 RPD:0
[CH: 50] LEN: 12 | HEX: E9 77 FE FB BE 75 91 FD 72 1C BF AF | T:5951064 RPD:1
[CH: 50] LEN: 12 | HEX: F9 77 B6 F9 FD 77 91 FD 58 FF 3F F7 | T:5951075 RPD:1
[CH: 50] LEN: 12 | HEX: E9 77 FE E8 ED 76 91 EF C5 9D AF EF | T:5951075 RPD:0
[CH: 50] LEN: 12 | HEX: F9 77 F6 FD FC 73 91 DD 0D 39 BF FE | T:5951087 RPD:1
[CH: 50] LEN: 12 | HEX: F1 67 F6 D1 DE 77 51 DB 58 FE BF BA | T:5951087 RPD:0
[CH: 50] LEN: 12 | HEX: F9 77 F6 F8 EE 76 91 ED C5 9C AF FA | T:5951098 RPD:1
[CH: 50] LEN: 12 | HEX: E9 77 76 ED DE 73 91 FD 0D 39 BF 7F | T:5951109 RPD:1
[CH: 50] LEN: 12 | HEX: E9 77 F6 F7 F6 75 91 FD 72 1C BF FF | T:5951110 RPD:0
[CH: 50] LEN: 12 | HEX: F9 77 F6 E9 DA 77 51 FB 58 ED BF FF | T:5951121 RPD:1
[CH: 50] LEN: 12 | HEX: E9 77 F6 FD FA 73 91 DD 0D 39 BF FB | T:5951121 RPD:0
[CH: 50] LEN: 12 | HEX: F5 77 B6 EC F6 72 91 DF 90 58 BE F7 | T:5951133 RPD:1
[CH: 50] LEN: 12 | HEX: F9 77 F6 F5 FD 77 91 FD 58 F6 BD BE | T:5951133 RPD:0
[CH: 50] LEN: 12 | HEX: F1 77 76 E8 FD 7E 91 DF E5 9E B5 FF | T:5951144 RPD:0
[CH: 50] LEN: 12 | HEX: E9 77 F6 F6 F6 70 91 D7 BA BB BF FE | T:5951155 RPD:1
[CH: 50] LEN: 12 | HEX: F9 77 FE FD EF 73 91 FB 0D 39 B7 FF | T:5951156 RPD:1
[CH: 50] LEN: 12 | HEX: F9 77 76 EC EE 72 91 FF 90 5C BD EF | T:5951167 RPD:1
[CH: 50] LEN: 12 | HEX: E9 77 EE FA EE 74 91 DD EE FD AD FF | T:5951167 RPD:0
[CH: 50] LEN: 12 | HEX: F5 77 F6 F5 FA 77 51 ED 58 F7 3F DE | T:5951178 RPD:1
[CH: 50] LEN: 12 | HEX: F9 77 FA E8 FF 76 91 FB C5 9E BF FF | T:5951190 RPD:1
[CH: 50] LEN: 12 | HEX: F9 77 F6 E7 7E 75 91 F5 8D 56 BF EF | T:5951190 RPD:0
[CH: 50] LEN: 12 | HEX: F9 77 FE F4 F6 72 91 FD 90 58 BF 7F | T:5951201 RPD:1
[CH: 50] LEN: 12 | HEX: F9 77 76 F0 F7 76 91 FB C5 9E AF BF | T:5951202 RPD:0
[CH: 50] LEN: 12 | HEX: F9 77 7E F7 7E 79 91 EE 8C 56 B6 FF | T:5951213 RPD:1
[CH: 50] LEN: 12 | HEX: E9 77 F6 FC FE 72 91 FD 90 58 B7 FF | T:5951224 RPD:1
[CH: 50] LEN: 12 | HEX: E9 77 76 F7 FA 75 91 FE 72 1C BF 7E | T:5951225 RPD:1
[CH: 50] LEN: 12 | HEX: F9 77 76 F2 FE 74 91 DD EF 75 AF FF | T:5951236 RPD:1
[CH: 50] LEN: 12 | HEX: F9 77 EE F5 FA 77 91 FD 58 D6 AE BF | T:5951236 RPD:0
[CH: 50] LEN: 12 | HEX: F5 77 FE F8 FE 76 91 ED C5 9F BD FF | T:5951247 RPD:1
[CH: 50] LEN: 12 | HEX: E9 77 F6 EF F6 7D 91 DD 8C 56 AF 77 | T:5951248 RPD:0
[CH: 50] LEN: 12 | HEX: E9 77 7E FD F7 70 91 FD BA BB BF FF | T:5951259 RPD:0
[CH: 50] LEN: 12 | HEX: E9 77 7E EB F4 75 91 DF 72 1C BF 7B | T:5951270 RPD:1
[CH: 50] LEN: 12 | HEX: F9 7F BA FA F7 74 91 DD EE 7B BF DF | T:5951271 RPD:1
[CH: 50] LEN: 12 | HEX: E9 77 BE F9 DC 77 51 FA 58 F7 B7 FF | T:5951282 RPD:1
[CH: 50] LEN: 12 | HEX: E9 77 76 E8 EE 76 91 DF C5 9D AF F7 | T:5951282 RPD:0
[CH: 50] LEN: 12 | HEX: F9 77 7A F7 F4 71 91 FA 8C 56 BF FF | T:5951293 RPD:1
[CH: 50] LEN: 12 | HEX: F1 77 F6 ED EC 73 91 BF 0D 39 AF FE | T:5951305 RPD:1
[CH: 50] LEN: 12 | HEX: F9 77 BE EC ED 72 91 EE 90 58 BF F7 | T:5951305 RPD:0
[CH: 50] LEN: 12 | HEX: F9 77 76 E9 DD 77 51 D7 58 EE BB FF | T:5951316 RPD:1
[CH: 50] LEN: 12 | HEX: F9 77 F6 FD DC 73 91 FF 0D 39 BD FE | T:5951316 RPD:0
[CH: 50] LEN: 12 | HEX: F9 77 B6 EC F7 72 91 FD 90 58 AF FE | T:5951328 RPD:1
[CH: 50] LEN: 12 | HEX: F9 77 F6 F9 FE 77 51 FE 58 FE BF 55 | T:5951328 RPD:0
[CH: 50] LEN: 12 | HEX: F5 77 74 F8 F6 76 91 FF C5 DE BF FF | T:5951339 RPD:1
[CH: 50] LEN: 12 | HEX: E9 77 EE EE EC 70 91 ED BA BB B7 FF | T:5951351 RPD:0
[CH: 50] LEN: 12 | HEX: E9 77 6E F5 DC 73 91 DD 0D 39 BF 5D | T:5951351 RPD:0
[CH: 50] LEN: 12 | HEX: E9 77 FE EA FE 74 91 ED EF 7B BF DE | T:5951362 RPD:1
[CH: 50] LEN: 12 | HEX: F1 77 D6 F5 EF 77 51 ED 58 EE B7 DA | T:5951362 RPD:1
[CH: 50] LEN: 12 | HEX: F9 77 5E E8 FF 76 91 FD C5 9D B5 AD | T:5951374 RPD:1
[CH: 50] LEN: 12 | HEX: F9 77 F6 F7 B6 71 91 DE 8C 56 BF EF | T:5951385 RPD:1
[CH: 50] LEN: 12 | HEX: F9 77 7E EE FD 70 91 EF BA BB AF FF | T:5951385 RPD:0
[CH: 50] LEN: 12 | HEX: F9 77 F6 F8 FE 72 91 FF 10 58 BF F7 | T:5951397 RPD:1
[CH: 50] LEN: 12 | HEX: F5 77 F6 F8 F6 76 91 AD C5 9C AF 7F | T:5951397 RPD:0
[CH: 50] LEN: 12 | HEX: F9 77 F6 F7 F6 79 91 DF 8C 56 BF F7 | T:5951408 RPD:1
[CH: 50] LEN: 12 | HEX: E9 77 F6 FC FC 72 91 FA 90 58 BF 5F | T:5951419 RPD:1
[CH: 50] LEN: 12 | HEX: E9 77 EE EA FD 74 91 FA EE FF AF B7 | T:5951420 RPD:0
[CH: 50] LEN: 12 | HEX: F9 77 76 F8 FD 7E 91 DD C5 9D BF FF | T:5951431 RPD:1
[CH: 50] LEN: 12 | HEX: F9 77 B6 F5 EC 73 91 DD 0D 39 BF FF | T:5951431 RPD:0
[CH: 50] LEN: 12 | HEX: F9 77 FA FA F6 72 91 FD 90 58 AE B5 | T:5951443 RPD:1
[CH: 50] LEN: 12 | HEX: E9 77 7E F9 FD 77 91 FD 58 FD 2E DF | T:5951443 RPD:0
[CH: 50] LEN: 12 | HEX: F9 77 F4 E8 FD 76 91 DF C5 9E BF FB | T:5951454 RPD:1
[CH: 50] LEN: 12 | HEX: F9 7F F6 F9 EF 73 91 FD 0D 39 BB FF | T:5951465 RPD:0
[CH: 50] LEN: 12 | HEX: F9 77 76 EC F6 72 91 FF 90 5C BF FF | T:5951466 RPD:0
[CH: 50] LEN: 12 | HEX: E9 77 F4 EF F6 75 91 FD 72 1C BF FF | T:5951477 RPD:1
[CH: 50] LEN: 12 | HEX: E9 77 BC E9 FD 77 51 DD 58 FE BD BB | T:5951477 RPD:1
[CH: 50] LEN: 12 | HEX: E9 77 F6 EF FE 71 91 FD 8C 56 BF FF | T:5951489 RPD:1
[CH: 50] LEN: 12 | HEX: F5 77 7E FF EF 70 91 FD BA BB BF FF | T:5951500 RPD:1
[CH: 50] LEN: 12 | HEX: E9 7F FE EC ED 72 91 DD 90 58 B7 FF | T:5951500 RPD:1
[CH: 50] LEN: 12 | HEX: F9 77 7E EB F4 65 D1 FB 72 1C BF FF | T:5951511 RPD:1
[CH: 50] LEN: 12 | HEX: E9 77 F6 F8 FE 76 91 FA C5 9D B7 FF | T:5951512 RPD:0
[CH: 50] LEN: 12 | HEX: E9 77 B6 EF F6 75 91 FB 8C 56 AD F7 | T:5951523 RPD:1
[CH: 50] LEN: 12 | HEX: E9 77 F4 F4 EF 72 91 ED 90 58 AB FF | T:5951523 RPD:0
[CH: 50] LEN: 12 | HEX: F5 77 6E EB DA 75 91 DD 72 1E AF B7 | T:5951535 RPD:1
[CH: 50] LEN: 12 | HEX: F5 77 B6 F8 FA 76 91 FD C5 9D BF DF | T:5951546 RPD:1
[CH: 50] LEN: 12 | HEX: E9 77 F6 F7 EA 79 91 FD 8C 56 BF FF | T:5951546 RPD:0
[CH: 50] LEN: 12 | HEX: F9 77 BE FC FD 72 91 FF 90 58 AD FF | T:5951557 RPD:1
[CH: 50] LEN: 12 | HEX: F9 77 FE F0 FD 76 91 FA C5 9D BF 5D | T:5951558 RPD:1
[CH: 50] LEN: 12 | HEX: E9 77 F6 E7 7E 7D 91 FD 8C 56 AF FE | T:5951569 RPD:1
[CH: 50] LEN: 12 | HEX: E9 77 F6 FE FD 70 91 FD BA BB BF BF | T:5951580 RPD:1
[CH: 50] LEN: 12 | HEX: F9 77 6E FD FD 73 91 DD 0D 39 BF FF | T:5951580 RPD:0
[CH: 50] LEN: 12 | HEX: E9 77 7E EC FF 72 91 DD 90 58 BF DF | T:5951592 RPD:1
[CH: 50] LEN: 12 | HEX: E9 77 F6 EA F5 74 91 FA EF FD BF 7F | T:5951592 RPD:1
[CH: 50] LEN: 12 | HEX: E9 77 F4 F5 FE 77 91 DD 58 FD 2F FF | T:5951603 RPD:1
[CH: 50] LEN: 12 | HEX: F9 77 FE EE F6 70 91 FE BA BB BF BF | T:5951615 RPD:1
[CH: 50] LEN: 12 | HEX: F1 77 F6 ED ED 73 91 DD 0D 39 BF FF | T:5951615 RPD:0
[CH: 50] LEN: 12 | HEX: E9 77 F4 EB FA 75 91 DE 72 1C BF B5 | T:5951626 RPD:1
[CH: 50] LEN: 12 | HEX: F9 77 F4 F7 B6 75 91 DE 8C 56 AA DA | T:5951626 RPD:0
[CH: 50] LEN: 12 | HEX: F9 77 EA F6 FE 70 91 FF 3A BB BF FF | T:5951638 RPD:1
[CH: 50] LEN: 12 | HEX: F9 77 7A FB FA 75 91 FD 72 1C BF D7 | T:5951638 RPD:0
[CH: 50] LEN: 12 | HEX: F9 77 7E F2 FD 74 91 DD EF 75 AB FF | T:5951649 RPD:1
[CH: 50] LEN: 12 | HEX: E9 77 76 E7 EA 75 91 DF 8C 56 BF FD | T:5951661 RPD:0
[CH: 50] LEN: 12 | HEX: F9 77 BE EE EE 70 91 FE BA BB BF FF | T:5951661 RPD:0
[CH: 50] LEN: 12 | HEX: E9 77 F4 FB FA 75 91 FF 72 1C BF BB | T:5951672 RPD:1
[CH: 50] LEN: 12 | HEX: F5 77 7E EA EE 74 91 FE EF 7D AB EF | T:5951672 RPD:1
[CH: 50] LEN: 12 | HEX: E9 77 FE F9 DC 77 91 DD 58 DF BF FC | T:5951684 RPD:1
[CH: 50] LEN: 12 | HEX: F9 77 EE F4 FE 76 91 FF C5 9E BF FF | T:5951695 RPD:1
[CH: 50] LEN: 12 | HEX: F9 77 F6 EF F4 7D 91 FE 8C 56 AF EF | T:5951695 RPD:0
[CH: 50] LEN: 12 | HEX: F9 77 FA FE F6 70 91 FD 3A BB AF FF | T:5951707 RPD:1
[CH: 50] LEN: 12 | HEX: F9 77 B6 FA FF 74 91 DD EF 75 BF B7 | T:5951707 RPD:0
[CH: 50] LEN: 12 | HEX: F9 77 F6 F9 DE 77 51 FA 58 EF AB FF | T:5951718 RPD:1
[CH: 50] LEN: 12 | HEX: E9 77 B6 FD FE 70 91 EE BA BB BD FB | T:5951718 RPD:0
[CH: 50] LEN: 12 | HEX: F9 77 7E ED FD 73 91 FD 0D 39 BF FF | T:5951730 RPD:1
[CH: 50] LEN: 12 | HEX: E9 77 7E EA EC 74 91 FF FF FF BB FF | T:5951741 RPD:1
[CH: 50] LEN: 12 | HEX: E9 77 F6 F5 DA 77 D1 DF 58 FE BF FE | T:5951741 RPD:0
[CH: 50] LEN: 12 | HEX: E9 77 76 FD EE 70 91 D7 BA BB BF D9 | T:5951753 RPD:1
[CH: 50] LEN: 12 | HEX: F5 77 F6 F6 FE 74 91 DD EF 7B B5 6F | T:5951753 RPD:1
[CH: 50] LEN: 12 | HEX: F5 77 D6 F1 DE 77 51 EF 58 F7 77 FF | T:5951764 RPD:1
[CH: 50] LEN: 12 | HEX: E9 77 FE F7 EA 79 91 EF 8C 56 BF FF | T:5951775 RPD:1
[CH: 50] LEN: 12 | HEX: F5 77 76 FE FE 70 91 FD BA BB BF 77 | T:5951776 RPD:0
[CH: 50] LEN: 12 | HEX: E9 77 F6 F7 DE 75 91 EF 72 1C AE DE | T:5951787 RPD:1
[CH: 50] LEN: 12 | HEX: F9 77 DA F7 FA 79 91 DB 8C 56 AF AF | T:5951787 RPD:0
[CH: 50] LEN: 12 | HEX: F1 7F F6 F5 EE 70 91 ED BA BB AF BF | T:5951798 RPD:1
[CH: 50] LEN: 12 | HEX: E9 77 BE EA EE 74 91 DF EF 7B AB B6 | T:5951810 RPD:1
[CH: 50] LEN: 12 | HEX: E9 77 56 E9 FD 77 91 DD 58 ED BF FF | T:5951810 RPD:0
[CH: 50] LEN: 12 | HEX: E9 77 EE E7 F4 75 91 FF 8C 56 BF BF | T:5951821 RPD:1
[CH: 50] LEN: 12 | HEX: F5 77 6A FB BC 7D 91 DF 72 1C BE FF | T:5951822 RPD:0
[CH: 50] LEN: 12 | HEX: FD 77 76 FA FE 74 91 DF EF 79 AD EF | T:5951833 RPD:1
[CH: 50] LEN: 12 | HEX: F9 77 FA F4 EE 76 91 FE C5 9F BF EB | T:5951833 RPD:0
[CH: 50] LEN: 12 | HEX: F9 77 F6 EF F6 79 91 DF 8C 56 B7 BF | T:5951844 RPD:1
[CH: 50] LEN: 12 | HEX: F9 77 B6 FC FF 72 91 DE 90 58 AF DD | T:5951856 RPD:0
[CH: 50] LEN: 12 | HEX: F9 77 F6 EB FA 75 91 FD 72 1C AF BF | T:5951856 RPD:0
[CH: 50] LEN: 12 | HEX: F9 77 EA EF F6 79 91 FD 8C 56 BF FD | T:5951867 RPD:1
[CH: 50] LEN: 12 | HEX: F9 77 7A EE F6 70 91 EE BA BB BF FF | T:5951869 RPD:1
[CH: 50] LEN: 12 | HEX: E9 77 76 FD DD 73 91 EF 0D 39 AF EF | T:5951880 RPD:1
[CH: 50] LEN: 12 | HEX: F9 77 F4 FC F7 72 91 FE 90 58 AB F7 | T:5951880 RPD:0
[CH: 50] LEN: 12 | HEX: F5 77 D6 EB F4 75 91 ED 72 1C BF FF | T:5951892 RPD:1
[CH: 50] LEN: 12 | HEX: F9 77 F6 FA FF 74 91 FD EF 7F AF EF | T:5951903 RPD:0
[CH: 50] LEN: 12 | HEX: F1 77 7E ED FD 77 91 DD 58 FD 3F EF | T:5951903 RPD:0
[CH: 50] LEN: 12 | HEX: F5 77 77 00 00 71 91 FA 05 C2 BE FF | T:5951918 RPD:1
[CH: 50] LEN: 12 | HEX: F9 77 F7 00 00 71 91 DE 05 A2 BF FF | T:5951919 RPD:1
[CH: 50] LEN: 12 | HEX: E8 6D DA 00 EE E9 92 EF F4 9B AE DD | T:5951949 RPD:1
[CH: 50] LEN: 12 | HEX: F8 6D DD 00 EE F5 92 EE FA 9B BF EF | T:5951949 RPD:1
[CH: 50] LEN: 12 | HEX: F5 77 F7 00 00 71 92 FE D0 91 AF FF | T:5952219 RPD:1
[CH: 50] LEN: 12 | HEX: F8 6D DD 00 FD E9 92 FF 7C 9B AF FD | T:5952248 RPD:1
[CH: 50] LEN: 12 | HEX: E8 6D DF 00 EF E9 92 EB FC 9B AF 6F | T:5952249 RPD:1
[CH: 50] LEN: 12 | HEX: E9 77 77 00 00 79 92 FD 50 91 AF FB | T:5952518 RPD:1
[CH: 50] LEN: 12 | HEX: F9 77 F7 00 00 71 92 ED 50 91 BB FF | T:5952518 RPD:1
[CH: 50] LEN: 12 | HEX: F0 6D FD 00 FE F9 92 FE 7C 9B AB F7 | T:5952548 RPD:1
[CH: 50] LEN: 12 | HEX: E8 6D FD 00 FF F5 92 F6 7A 9B BF FF | T:5952549 RPD:1
[CH: 50] LEN: 12 | HEX: F5 77 6F 00 00 71 92 DD 50 91 BF F7 | T:5952817 RPD:1
[CH: 50] LEN: 12 | HEX: F9 77 B7 00 00 71 92 ED 50 91 BE AF | T:5952818 RPD:1
[CH: 50] LEN: 12 | HEX: F8 6D DF 00 FC F9 92 EF 74 9B BF B7 | T:5952848 RPD:1
[CH: 50] LEN: 12 | HEX: F0 6D FD 00 FE F9 92 EF 7C 9B BB 7D | T:5952848 RPD:1
[CH: 50] LEN: 12 | HEX: E9 77 EF 00 00 71 92 FD 50 91 BF FF | T:5953117 RPD:1
[CH: 50] LEN: 12 | HEX: F1 77 7F 00 00 71 92 EF 50 91 BE DF | T:5953118 RPD:1
[CH: 50] LEN: 12 | HEX: F4 6D FD 00 FD E9 92 FD 74 9B BD EF | T:5953147 RPD:1
[CH: 50] LEN: 12 | HEX: E8 6D FD 00 FD F5 92 EF 7C 9B BF E2 | T:5953148 RPD:1
[CH: 50] LEN: 12 | HEX: F9 77 6B 00 00 71 92 FF 50 91 AF FB | T:5953417 RPD:1
[CH: 50] LEN: 12 | HEX: F5 77 BF 00 00 71 92 EE D0 91 BD FD | T:5953417 RPD:1
[CH: 50] LEN: 12 | HEX: F0 6D DB 00 ED E9 92 F7 F4 9B B7 7A | T:5953461 RPD:1
[CH: 50] LEN: 12 | HEX: E8 6D DF 00 EE F1 92 FD 74 9B BE BF | T:5953462 RPD:1
[CH: 50] LEN: 12 | HEX: FA 76 F7 00 8C F9 92 EE A0 64 BA DF | T:5953492 RPD:1
[CH: 50] LEN: 12 | HEX: FA 76 FD 00 8C F9 92 FE 20 74 AF FE | T:5953493 RPD:1
[CH: 50] LEN: 12 | HEX: FA 76 EF F7 73 FD 92 FD DD 89 BD FB | T:5953523 RPD:1
[CH: 50] LEN: 12 | HEX: FA 76 FD FD 70 F9 92 FE AB 87 6D FD | T:5953526 RPD:1
[CH: 50] LEN: 12 | HEX: FA 76 EE DC 71 BD 92 EF 77 62 BF DB | T:5953530 RPD:1
[CH: 50] LEN: 12 | HEX: FA 76 F7 FA 77 F5 92 FD 9D 7A BF FF | T:5953541 RPD:1
[CH: 50] LEN: 12 | HEX: EA 76 F7 E9 74 E9 92 FD E8 70 AF FF | T:5953542 RPD:1
[CH: 50] LEN: 12 | HEX: FA 76 F6 E8 75 E9 92 FE 34 95 AF FB | T:5953554 RPD:1
[CH: 50] LEN: 12 | HEX: F2 76 EE EF 72 F9 92 F7 05 82 BF FF | T:5953554 RPD:0
[CH: 50] LEN: 12 | HEX: F6 76 ED EE 77 D9 92 D7 59 67 7F FE | T:5953565 RPD:0
[CH: 50] LEN: 12 | HEX: EA 76 EF EC 7D F9 92 F7 F8 8C AF DF | T:5953613 RPD:1
[CH: 50] LEN: 12 | HEX: EA 76 EE FB 76 F9 92 F6 C6 75 BF FF | T:5953643 RPD:1
[CH: 50] LEN: 12 | HEX: FA 76 F6 F2 7E F9 92 FE 1A 90 BD 7E | T:5953673 RPD:1
[CH: 50] LEN: 12 | HEX: FA 7E ED EB 66 F9 92 FD 5D 66 BF FF | T:5953883 RPD:1
[CH: 50] LEN: 12 | HEX: F2 7E FF E9 64 F9 92 FD F7 CD BF FB | T:5953943 RPD:1
[CH: 50] LEN: 12 | HEX: FA 7E ED E7 6A F9 92 FE 9A 77 BF BF | T:5954003 RPD:1
[CH: 50] LEN: 12 | HEX: FA 76 ED F6 6B B9 92 EF 46 9A AF FF | T:5954033 RPD:1
[CH: 50] LEN: 12 | HEX: EA 7E FC E4 69 D9 92 FD EE F1 BF FB | T:5954093 RPD:1
[CH: 50] LEN: 12 | HEX: FA 7E ED E3 6E E9 92 FD D9 88 BE BF | T:5954123 RPD:1
[CH: 50] LEN: 12 | HEX: EA 76 EE E2 6E F9 92 FD 05 6D BF BF | T:5954153 RPD:1
[CH: 50] LEN: 12 | HEX: FA 7E EE E0 6D D9 92 EF AC 86 AD FB | T:5954213 RPD:1
[CH: 50] LEN: 12 | HEX: EA 7B BF 80 81 F5 92 FF E3 B8 BF FF | T:5954421 RPD:1
[CH: 50] LEN: 12 | HEX: F9 77 BE FC EE 78 92 F7 FF D8 AF FB | T:5954452 RPD:1
[CH: 50] LEN: 12 | HEX: E9 7F EE F3 FE 75 92 ED 27 CF BF 5F | T:5954461 RPD:1
[CH: 50] LEN: 12 | HEX: D9 77 EF DA EE 6C 92 ED BA 2F BD FF | T:5954464 RPD:1
[CH: 50] LEN: 12 | HEX: E9 6F 7E F9 FA 6E 92 FB 0D AC AD F7 | T:5954484 RPD:1
[CH: 50] LEN: 12 | HEX: E9 77 EE EF FE 75 92 DF D9 05 BF F7 | T:5954490 RPD:1
[CH: 50] LEN: 12 | HEX: E9 77 5E FE FC 78 92 FF EF 58 BF BB | T:5954493 RPD:1
[CH: 50] LEN: 12 | HEX: F9 77 DE EB F6 6D 92 FD 27 CE AF FF | T:5954519 RPD:1
[CH: 50] LEN: 12 | HEX: D9 77 EE E8 DE 66 92 DF 90 CD FF FF | T:5954528 RPD:1
[CH: 50] LEN: 12 | HEX: F9 7F F6 E7 F6 75 92 ED D9 05 BF FF | T:5954531 RPD:1
[CH: 50] LEN: 12 | HEX: E9 77 DE F4 EE 70 92 ED EF A8 AF FB | T:5954534 RPD:1
[CH: 50] LEN: 12 | HEX: F9 77 AE FD DE 73 92 EE 58 6A BF 7B | T:5954545 RPD:1
[CH: 50] LEN: 12 | HEX: F1 77 FE FC FA 7A 92 FD C5 0B BF EE | T:5954545 RPD:1
[CH: 50] LEN: 12 | HEX: E9 7F 6E F1 FE 7F 92 DF 0D AC BF FF | T:5954583 RPD:1
[CH: 50] LEN: 12 | HEX: F9 6F 7E FC EE 70 92 EF FE E8 AF FA | T:5954592 RPD:1
[CH: 50] LEN: 12 | HEX: F9 7F 7E FD DE 7B 52 EF 58 6A BF F9 | T:5954595 RPD:1
[CH: 50] LEN: 12 | HEX: F9 67 FE F9 BE 67 D2 DB 0D AC AF DF | T:5954624 RPD:1
[CH: 50] LEN: 12 | HEX: F9 7F 76 EE EB 78 92 FD EF E8 BF FF | T:5954633 RPD:1
[CH: 50] LEN: 12 | HEX: F9 77 EE ED DE 7B D2 FD 58 6A BE FF | T:5954636 RPD:1
[CH: 50] LEN: 12 | HEX: F9 7F 7E DB 76 75 92 EF 27 4F BF AF | T:5954642 RPD:1
[CH: 50] LEN: 12 | HEX: E9 7F FF EA FD 7C 92 FD BA 2E BF FF | T:5954653 RPD:1
[CH: 50] LEN: 12 | HEX: F9 77 FE E8 FD 76 92 EE 90 CD BF 6F | T:5954653 RPD:1
[CH: 50] LEN: 12 | HEX: F9 77 FF F7 7E 79 92 FF F9 05 BF 3F | T:5954665 RPD:1
[CH: 50] LEN: 12 | HEX: E9 7F 7E FD EC 7B 92 DF 58 6A AF FF | T:5954665 RPD:1
[CH: 50] LEN: 12 | HEX: F9 7F 76 FB DE 75 92 ED 27 CE BF FF | T:5954676 RPD:1
[CH: 50] LEN: 12 | HEX: E9 77 EE EA FE 7C 92 EF BA 2E BF FF | T:5954676 RPD:1
[CH: 50] LEN: 12 | HEX: E9 77 EE ED DE 73 D2 FD 58 6A BD FF | T:5954688 RPD:1
[CH: 50] LEN: 12 | HEX: F9 7F FE FE FC 72 92 F5 C5 0B F7 EB | T:5954699 RPD:1
[CH: 50] LEN: 12 | HEX: E9 77 EE F0 F6 7E 92 FF 90 CD AF EF | T:5954699 RPD:1
[CH: 50] LEN: 12 | HEX: F9 7F FE F7 6E 75 92 EF D9 05 BF FD | T:5954711 RPD:1
[CH: 50] LEN: 12 | HEX: F9 7F 7F FD EC 78 92 DD FF D8 BD FE | T:5954711 RPD:0
[CH: 50] LEN: 12 | HEX: E9 77 7F ED EE 7B D2 FD 58 6A BC AE | T:5954722 RPD:1
[CH: 50] LEN: 12 | HEX: F9 7F 7E EB BA 75 92 ED 27 4F BF FF | T:5954733 RPD:1
[CH: 50] LEN: 12 | HEX: F9 77 FE FA FF 74 92 EF BE 2F BF BF | T:5954734 RPD:0
[CH: 50] LEN: 12 | HEX: E9 77 76 F7 EE 75 92 EF D9 05 AF FF | T:5954745 RPD:1
[CH: 50] LEN: 12 | HEX: E9 77 56 EA EE 74 92 ED BA 2F BF FA | T:5954745 RPD:1
[CH: 50] LEN: 12 | HEX: F9 77 FA E8 FC 76 92 FD 90 CD BF FF | T:5954757 RPD:1
[CH: 50] LEN: 12 | HEX: E9 77 EE F7 7E 75 92 ED D9 05 B7 FF | T:5954757 RPD:1
[CH: 50] LEN: 12 | HEX: F9 77 FE EB BE 75 92 F7 27 4F BE FF | T:5954768 RPD:1
[CH: 50] LEN: 12 | HEX: F5 77 EF F5 FC 7B B2 FE 58 6A BF AA | T:5954780 RPD:1
[CH: 50] LEN: 12 | HEX: F9 77 FE F8 EE 76 92 FB 90 CD BD F9 | T:5954795 RPD:1
[CH: 50] LEN: 12 | HEX: E9 77 DE F7 56 71 92 EF D9 05 A5 FF | T:5954798 RPD:1
[CH: 50] LEN: 12 | HEX: F9 7F 5E EE FC 7A 92 EF C5 0B AF F7 | T:5954824 RPD:1
[CH: 50] LEN: 12 | HEX: F9 7F 7E D9 FE 67 92 EF 0D AC AF FB | T:5954833 RPD:1
[CH: 50] LEN: 12 | HEX: F5 77 EE F8 EE 76 92 FF 90 CD AF B7 | T:5954836 RPD:1
[CH: 50] LEN: 12 | HEX: E9 67 EE DD EE 78 92 DD EE E8 BF F7 | T:5954842 RPD:1
[CH: 50] LEN: 12 | HEX: E9 7F EE F2 DE 74 92 FD BA 2F BB FD | T:5954854 RPD:1
[CH: 50] LEN: 12 | HEX: F9 7F 7E FD ED 70 92 FD FE E8 BF F5 | T:5954866 RPD:1
[CH: 50] LEN: 12 | HEX: F9 7F AE FD F4 6B 92 EF 58 6A AF DD | T:5954869 RPD:1
[CH: 50] LEN: 12 | HEX: F5 6F 7E EF EC 70 92 EF EB E8 BA EF | T:5954890 RPD:1
[CH: 50] LEN: 12 | HEX: F9 77 AE EF DE 73 92 EF 58 6A AF DF | T:5954892 RPD:1
[CH: 50] LEN: 12 | HEX: E9 77 EA FC FD 72 92 EF C5 0B AB FE | T:5954895 RPD:1
[CH: 50] LEN: 12 | HEX: F9 76 FE FA FD 74 92 EF BA 2E AF DF | T:5954907 RPD:1
[CH: 50] LEN: 12 | HEX: F9 76 FE D8 D6 76 92 FF 90 CD AF 5F | T:5954907 RPD:1
[CH: 50] LEN: 12 | HEX: F9 77 EE FF FF 75 92 EF D9 05 AF FE | T:5954919 RPD:1
[CH: 50] LEN: 12 | HEX: F9 77 F6 FE FD 72 92 FF C5 0B BB FF | T:5954936 RPD:1
[CH: 50] LEN: 12 | HEX: E9 7F 7E E9 AA 77 52 FF 0D AC BB FB | T:5954945 RPD:1
[CH: 50] LEN: 12 | HEX: E9 7F EE F8 FD 76 92 FE 90 CD AF FE | T:5954948 RPD:1
[CH: 50] LEN: 12 | HEX: F9 77 FE EC FA 7A 92 FD C5 0B B7 FF | T:5954960 RPD:1
[CH: 50] LEN: 12 | HEX: F9 6F 76 FB B6 75 92 ED 27 CF BD FE | T:5954963 RPD:1
[CH: 50] LEN: 12 | HEX: E9 6E BE FA DE 74 92 FF B2 2E BF FD | T:5954966 RPD:1
[CH: 50] LEN: 12 | HEX: F9 77 7E F9 FA 77 52 FE 0D AC BE FD | T:5954978 RPD:1
[CH: 50] LEN: 12 | HEX: E9 7F FE F8 FE 76 92 FD 90 CD BB FF | T:5954978 RPD:0
[CH: 50] LEN: 12 | HEX: F9 7F EE EF EE 7D 92 EE D9 05 AE FF | T:5954989 RPD:1
[CH: 50] LEN: 12 | HEX: F9 7F 7E F6 FC 78 92 FD EF D8 BB FF | T:5955001 RPD:1
[CH: 50] LEN: 12 | HEX: E9 77 EE FD FA 7B D2 FF 58 6A AE FF | T:5955001 RPD:0
[CH: 50] LEN: 12 | HEX: E9 77 EE E9 FA 77 52 EF 0D AC BF DF | T:5955012 RPD:0
[CH: 50] LEN: 12 | HEX: F9 77 FF 00 00 71 93 EF 63 60 BF FF | T:5955330 RPD:1
[CH: 50] LEN: 12 | HEX: E9 7F FF 80 00 75 93 EF 63 A0 AF FF | T:5955331 RPD:1
[CH: 50] LEN: 12 | HEX: E8 6D FD 00 EF E8 93 F5 74 9A BD BD | T:5955361 RPD:1
[CH: 50] LEN: 12 | HEX: F8 6D FB 00 FE F4 93 FF 7C 9A BF FF | T:5955362 RPD:1
[CH: 50] LEN: 12 | HEX: E9 77 EF 00 00 71 93 B7 63 E0 AF DF | T:5955630 RPD:1
[CH: 50] LEN: 12 | HEX: F9 77 7F 80 00 79 93 BD 63 A0 BF FB | T:5955631 RPD:1
[CH: 50] LEN: 12 | HEX: E8 6D DB 00 FE E8 93 FF 74 9A BE FE | T:5955661 RPD:1
[CH: 50] LEN: 12 | HEX: F1 7F FF 00 00 71 93 F7 63 A0 AF EE | T:5955930 RPD:1
[CH: 50] LEN: 12 | HEX: F0 6D F7 00 EE E8 93 BF 78 9A BF FE | T:5955961 RPD:1
[CH: 50] LEN: 12 | HEX: F9 77 FF 00 00 69 93 AB 63 A0 AB FB | T:5956229 RPD:1
[CH: 50] LEN: 12 | HEX: F9 77 F7 00 00 71 93 B7 63 E0 AE ED | T:5956530 RPD:1
[CH: 50] LEN: 12 | HEX: F8 6D DF 00 EC F4 93 BF 74 9A BF FF | T:5956560 RPD:1
[CH: 50] LEN: 12 | HEX: F9 77 6F 00 00 71 93 FF 63 E0 AF FF | T:5956829 RPD:1
[CH: 50] LEN: 12 | HEX: D9 77 AF 00 00 71 93 7F E3 E0 BF EA | T:5956829 RPD:1
[CH: 50] LEN: 12 | HEX: F8 6D DB 00 EE F8 93 BF 78 9A AF BF | T:5956859 RPD:1
[CH: 50] LEN: 12 | HEX: F2 76 EF 00 8C F8 93 F7 24 75 AF FA | T:5957133 RPD:1
[CH: 50] LEN: 12 | HEX: EA 6E EF 00 8C E8 93 7F A4 75 BE BF | T:5957134 RPD:1
[CH: 50] LEN: 12 | HEX: FA 76 EE FE 7B B8 93 BF 9A 88 BA FF | T:5957164 RPD:1
[CH: 50] LEN: 12 | HEX: FA 76 EE EC 79 F8 93 FF F3 63 BF FF | T:5957171 RPD:1
[CH: 50] LEN: 12 | HEX: EA 76 FE F9 7C D8 93 F7 EC 79 AF FF | T:5957209 RPD:1
[CH: 50] LEN: 12 | HEX: FA 7E F4 F8 7D FC 93 EF 30 94 BB FE | T:5957213 RPD:1
[CH: 50] LEN: 12 | HEX: EA 76 EE F6 73 B8 93 DF 5D 66 AE BD | T:5957220 RPD:1
[CH: 50] LEN: 12 | HEX: F2 76 EE FC 75 D8 93 EF F4 8D BB 7E | T:5957280 RPD:1
[CH: 50] LEN: 12 | HEX: FA 76 FE E8 75 F8 93 BF F7 FE BF 7F | T:5957400 RPD:1
[CH: 50] LEN: 12 | HEX: FA 7E FE EE 62 F8 93 7F 19 90 BF E3 | T:5957430 RPD:1
[CH: 50] LEN: 12 | HEX: FA 7E FA EF 63 F0 93 F7 85 75 B7 FE | T:5957460 RPD:1
[CH: 50] LEN: 12 | HEX: EA 76 EE EC 61 F8 93 FF 6C 9E BF FF | T:5957520 RPD:1
[CH: 50] LEN: 12 | HEX: EA 7E F7 EB 66 F8 93 F7 5A 67 7F F5 | T:5957550 RPD:1
[CH: 50] LEN: 12 | HEX: EA 76 FD F9 64 E8 93 FF B3 8C AD 55 | T:5957610 RPD:1
[CH: 50] LEN: 12 | HEX: FA 7E EE F7 EA F8 93 FF DD 7E BF AF | T:5957670 RPD:1
[CH: 50] LEN: 12 | HEX: EA 6E DE E4 69 FC 93 FF EB 70 AF B7 | T:5957760 RPD:1
[CH: 50] LEN: 12 | HEX: EA 6E FC E2 6E F8 93 BF 01 6C BF FF | T:5957820 RPD:1
[CH: 50] LEN: 12 | HEX: EA 7E FC F0 6D F4 93 7F 28 87 2F FF | T:5957880 RPD:1
[CH: 50] LEN: 12 | HEX: F2 6E EE DD 52 D8 93 BF B9 97 6F FF | T:5957910 RPD:1
[CH: 50] LEN: 12 | HEX: FA 7E ED FC 6B B8 93 6F DA 88 AF DD | T:5957940 RPD:1
[CH: 50] LEN: 12 | HEX: EA 76 F6 FB 78 E8 93 F7 EF 86 BF FF | T:5957943 RPD:1
[CH: 50] LEN: 12 | HEX: FA 76 EC EA 7F B8 93 F7 99 7D 3E FF | T:5957953 RPD:1
[CH: 50] LEN: 12 | HEX: FA 76 FE E9 74 F8 93 F7 AC 71 BF FE | T:5957957 RPD:1
[CH: 50] LEN: 12 | HEX: FA 76 F6 F8 7D D8 93 FF 30 94 AF FE | T:5957961 RPD:1
[CH: 50] LEN: 12 | HEX: FA 76 F7 F3 7E E8 93 DF E2 7C BF EF | T:5958060 RPD:1
[CH: 50] LEN: 12 | HEX: FA 7E FE F2 7F F0 93 7F 1D 91 B6 D3 | T:5958090 RPD:1
[CH: 50] LEN: 12 | HEX: FA 76 EE EF E2 E8 93 FF 19 90 BF FD | T:5958179 RPD:1
[CH: 50] LEN: 12 | HEX: E9 77 DE EE FE 78 93 FF BC D9 AE EF | T:5958434 RPD:1
[CH: 50] LEN: 12 | HEX: E9 7F 6E F9 DE 77 53 BF 3A 9F AD 7E | T:5958449 RPD:1
[CH: 50] LEN: 12 | HEX: F9 77 B6 F8 FF 7E 93 FF A3 F4 AF 7F | T:5958452 RPD:1
[CH: 50] LEN: 12 | HEX: E9 76 FE ED FE 73 93 7F 6B 5B BF 7D | T:5958461 RPD:1
[CH: 50] LEN: 12 | HEX: F9 7F FF FE FD 7A 93 BF D6 3A BF BB | T:5958464 RPD:1
[CH: 50] LEN: 12 | HEX: D9 6F 7E FB FE 7D 93 BF 14 7D AB DD | T:5958475 RPD:1
[CH: 50] LEN: 12 | HEX: F1 7F DE F9 FE 7F 93 BF BA 9D B7 BF | T:5958475 RPD:1
[CH: 50] LEN: 12 | HEX: F9 7F FE FE ED 70 93 BF 5E D9 AE FE | T:5958486 RPD:1
[CH: 50] LEN: 12 | HEX: F9 77 FF DA FC 7C 93 F7 C9 1F FB FE | T:5958494 RPD:1
[CH: 50] LEN: 12 | HEX: F9 7F 7F F9 DC 7F 13 BF BA 9F BF BF | T:5958497 RPD:1
[CH: 50] LEN: 12 | HEX: E9 7F FF ED EE 73 93 F7 EB 5B FF 6E | T:5958509 RPD:1
[CH: 50] LEN: 12 | HEX: F9 7F FF FB BE 7D 93 F7 14 7E BC FB | T:5958538 RPD:1
[CH: 50] LEN: 12 | HEX: F9 77 EE EB FE 7D 93 BF 14 7E BF FE | T:5958562 RPD:1
[CH: 50] LEN: 12 | HEX: F9 7F FE F9 FE 77 93 F7 3E 9B BF FA | T:5958568 RPD:1
[CH: 50] LEN: 12 | HEX: E9 77 FF EF 7F 79 93 BF AA 34 B9 FD | T:5958574 RPD:1
[CH: 50] LEN: 12 | HEX: E9 6F FE EE FE 78 93 77 FC D9 B6 FF | T:5958618 RPD:1
[CH: 50] LEN: 12 | HEX: E9 7F 7F EF DE 7B 93 EF 6B 5B 7E FD | T:5958621 RPD:1
[CH: 50] LEN: 12 | HEX: F9 7F FF FC ED 7A 93 57 56 36 AB FF | T:5958624 RPD:1
[CH: 50] LEN: 12 | HEX: E9 6E DE EA EE 74 93 FF 09 1F BB BB | T:5958647 RPD:1
[CH: 50] LEN: 12 | HEX: F9 6F FE F9 FE 76 93 F7 3E 9F BD DF | T:5958667 RPD:1
[CH: 50] LEN: 12 | HEX: E9 76 EE EF FE 75 93 BF AA 34 AF EF | T:5958673 RPD:1
[CH: 50] LEN: 12 | HEX: E9 77 FE EE EE 78 93 FF BE D9 BF FE | T:5958676 RPD:1
[CH: 50] LEN: 12 | HEX: E9 77 FE EC FA 72 93 FF BE 3E AE FE | T:5958682 RPD:1
[CH: 50] LEN: 12 | HEX: F9 77 7F E9 FA 7F 93 FF 3E 9D BF DF | T:5958694 RPD:1
[CH: 50] LEN: 12 | HEX: E9 76 FF EF 7F 79 93 77 AA 34 B6 FF | T:5958697 RPD:1
[CH: 50] LEN: 12 | HEX: F9 77 FE EC FE 78 93 BF BC D9 BE FF | T:5958700 RPD:1
[CH: 50] LEN: 12 | HEX: F9 7F D6 FC FC 7A 93 FF D6 3E BF CF | T:5958712 RPD:1
[CH: 50] LEN: 12 | HEX: F9 6F 7E FB BE 6D 93 FF 14 7F BF ED | T:5958712 RPD:1
[CH: 50] LEN: 12 | HEX: F9 7F 7F F1 FE 7F 53 BB 3A 9B BF DF | T:5958723 RPD:1
[CH: 50] LEN: 12 | HEX: E9 7F 7E F8 DE 76 93 BF 63 F4 BF F7 | T:5958735 RPD:1
[CH: 50] LEN: 12 | HEX: E9 7F FE D7 EE 69 93 F7 DA 34 BF 7D | T:5958735 RPD:0
[CH: 50] LEN: 12 | HEX: F9 7F 7E EF DE 73 93 BF 6B 5B BD FF | T:5958746 RPD:1
[CH: 50] LEN: 12 | HEX: F9 77 EE F1 DE 7F 13 AF 3E 9F AD FF | T:5958746 RPD:1
[CH: 50] LEN: 12 | HEX: E9 7E EE ED FC 73 93 F7 6B 5B B7 FF | T:5958758 RPD:1
[CH: 50] LEN: 12 | HEX: E9 6F 6E EB BE 7D 93 FF 14 7F BF BD | T:5958758 RPD:1
[CH: 50] LEN: 12 | HEX: E9 7F 7E FA ED 74 93 BF C9 1F AB FF | T:5958769 RPD:0
[CH: 50] LEN: 12 | HEX: D9 7F EE EF DE 75 93 7F AA 34 AB 3F | T:5958781 RPD:1
[CH: 50] LEN: 12 | HEX: F9 77 FF FE FE 78 93 BF 9E D9 BF DF | T:5958781 RPD:1
[CH: 50] LEN: 12 | HEX: E9 77 F6 FA FD 74 93 BF C9 1D 7D F7 | T:5958792 RPD:1
[CH: 50] LEN: 12 | HEX: F1 77 EE F9 DE 7F 53 BF BC 9F BF F5 | T:5958792 RPD:1
[CH: 50] LEN: 12 | HEX: E9 77 EE EC EE 72 93 BF D6 3A AF DB | T:5958804 RPD:1
[CH: 50] LEN: 12 | HEX: E9 7F 7E F2 EC 7C 93 BF 49 1D 7F BF | T:5958825 RPD:1
[CH: 50] LEN: 12 | HEX: E9 77 EE E9 D6 7F 93 7F BE 9F AE FB | T:5958828 RPD:1
[CH: 50] LEN: 12 | HEX: F9 77 EE EF EE 69 93 BF CA 34 BF EF | T:5958834 RPD:1
[CH: 50] LEN: 12 | HEX: F9 7F FF DE FE 70 93 FF 9E D9 AE FF | T:5958845 RPD:1
[CH: 50] LEN: 12 | HEX: F9 77 DE FB BE 7D 93 BF 94 7D B3 FE | T:5958863 RPD:1
[CH: 50] LEN: 12 | HEX: E9 7F 7E F7 FF 75 93 7F AA 34 BD BB | T:5958909 RPD:1
[CH: 50] LEN: 12 | HEX: E9 6F FE FC FD 70 93 BF 9E D9 B7 FF | T:5958912 RPD:1
[CH: 50] LEN: 12 | HEX: F9 77 7F FA EE 6C 93 FE 89 1B BF FE | T:5958924 RPD:1
[CH: 50] LEN: 12 | HEX: E9 7F 7F F8 EE 7E 93 BF E3 B8 BF FF | T:5958947 RPD:1
[CH: 50] LEN: 12 | HEX: E9 77 EE FC EE 78 93 7F BA D9 AB FE | T:5958953 RPD:1
[CH: 50] LEN: 12 | HEX: E9 77 EE ED EC 73 D3 F7 6B 5B AF FD | T:5958956 RPD:1
[CH: 50] LEN: 12 | HEX: F9 7F FE EA FE 7C 93 F7 89 1D 7D 7F | T:5958967 RPD:1
[CH: 50] LEN: 12 | HEX: E9 7F FF F8 EE 76 93 BF E3 BC BF FF | T:5958988 RPD:1
[CH: 50] LEN: 12 | HEX: E9 7F DE F6 FE 79 93 BF 6A 34 BF FF | T:5958991 RPD:1
[CH: 50] LEN: 12 | HEX: E9 6F EE FE EE 68 93 7F 9C D9 BF DF | T:5958994 RPD:1
[CH: 50] LEN: 12 | HEX: F9 77 EE ED DE 7B D3 FB 6B 5B B7 7F | T:5959005 RPD:1
[CH: 50] LEN: 12 | HEX: F9 77 7E EC FD 72 93 FF B6 3A BF FB | T:5959006 RPD:1
[CH: 50] LEN: 12 | HEX: E9 7F 7E FA EE 74 93 B7 89 1F BD FF | T:5959023 RPD:1
[CH: 50] LEN: 12 | HEX: F9 77 76 E8 EE 6F 93 B7 E3 5C AB FF | T:5959046 RPD:1
[CH: 50] LEN: 12 | HEX: E9 76 FD DF DC 7B 93 7F 6B 5B AF DF | T:5959055 RPD:1
[CH: 50] LEN: 12 | HEX: F9 77 7E F1 DE 77 93 F7 3A 9F BD FE | T:5959067 RPD:1
[CH: 50] LEN: 12 | HEX: F9 77 FE EF EE 79 93 BF CA 34 B7 7F | T:5959073 RPD:1
[CH: 50] LEN: 12 | HEX: E9 7F FE ED FD 78 93 F7 FA D9 F7 EF | T:5959076 RPD:1
[CH: 50] LEN: 12 | HEX: F9 77 FE FF F6 7B D3 BF 6B 5B BF FB | T:5959087 RPD:1
[CH: 50] LEN: 12 | HEX: F9 7F FE EC EE 72 93 EF 76 3E AF EB | T:5959087 RPD:1
[CH: 50] LEN: 12 | HEX: E9 6F EE FB F6 75 93 BF 94 7F BF EF | T:5959102 RPD:1
[CH: 50] LEN: 12 | HEX: E9 77 EE EA EE 74 93 FF C9 5F FB 7D | T:5959105 RPD:1
[CH: 50] LEN: 12 | HEX: E9 77 F6 F9 DE 77 53 BF 3A 9F AD 73 | T:5959108 RPD:1
[CH: 50] LEN: 12 | HEX: E9 7F 7E F8 FE 7E 93 FF E3 F4 BF BF | T:5959119 RPD:1
[CH: 50] LEN: 12 | HEX: F9 7F 7E EF FE 79 93 FF AA 34 AF 7F | T:5959119 RPD:1
[CH: 50] LEN: 12 | HEX: E9 7E FE ED FA 73 D3 FF 6B 5B AA FB | T:5959131 RPD:1
[CH: 50] LEN: 12 | HEX: E9 77 EE F2 FD 7C 93 FF C9 1B EF FF | T:5959142 RPD:1
[CH: 50] LEN: 12 | HEX: F9 7F F6 FC EC 7A 93 AB A6 36 AF FD | T:5959147 RPD:1
[CH: 50] LEN: 12 | HEX: F9 6F EE FA EE 7C 93 BB 89 1D FF FF | T:5959153 RPD:1
[CH: 50] LEN: 12 | HEX: E9 77 7E E8 FC 76 93 F7 A3 FC BF FF | T:5959159 RPD:1
[CH: 50] LEN: 12 | HEX: F9 77 EE F7 EE 75 93 FB DA 34 AF FF | T:5959162 RPD:1
[CH: 50] LEN: 12 | HEX: F9 77 EE FC D7 78 93 BF 5C D9 BB F5 | T:5959173 RPD:1
[CH: 50] LEN: 12 | HEX: E9 77 FE FF DE 73 93 BF 6B 5B FE BF | T:5959173 RPD:1
[CH: 50] LEN: 12 | HEX: E9 7F FE FB FE 6D 93 FF 14 7E BF EB | T:5959185 RPD:1
[CH: 50] LEN: 12 | HEX: E9 7F FE E9 DC 76 93 FF 3A 9B AF AF | T:5959196 RPD:1
[CH: 50] LEN: 12 | HEX: F9 7F 76 EF 7E 75 93 DF CA 34 AF FA | T:5959196 RPD:0
[CH: 50] LEN: 12 | HEX: E9 77 7E DC DE 70 93 7F 9C D9 AE DD | T:5959208 RPD:1
[CH: 50] LEN: 12 | HEX: F9 7F FE F2 EE 74 93 FF C9 1F EF FB | T:5959208 RPD:1
[CH: 50] LEN: 12 | HEX: E9 77 EE EE EE 70 93 F7 FC D9 BF FF | T:5959219 RPD:1
[CH: 50] LEN: 12 | HEX: F9 7F 76 EF FA 7B 13 F7 6B 5B BF FE | T:5959233 RPD:1
[CH: 50] LEN: 12 | HEX: E9 7F 76 EA EE 7A 93 F7 F6 3A BB BD | T:5959236 RPD:1
[CH: 50] LEN: 12 | HEX: E9 6F FE F7 6E 69 93 F7 EA 34 BA EF | T:5959251 RPD:1
[CH: 50] LEN: 12 | HEX: F9 77 EE FC F6 78 93 F7 FC D9 BD BF | T:5959254 RPD:1
[CH: 50] LEN: 12 | HEX: F9 77 7E FC FD 72 93 FF D6 32 B7 FF | T:5959277 RPD:1
[CH: 50] LEN: 12 | HEX: F9 77 76 E8 FD 76 93 BF E3 F8 AF F7 | T:5959289 RPD:1
[CH: 50] LEN: 12 | HEX: F9 77 6E F7 DE 7B D3 FF 6B 5B BE DF | T:5959298 RPD:1
[CH: 50] LEN: 12 | HEX: F9 7F EE EC EE 7A 93 AA E6 36 BF EB | T:5959301 RPD:1
[CH: 50] LEN: 12 | HEX: F9 77 EE EB BE 75 93 F7 14 74 BF F6 | T:5959304 RPD:1
[CH: 50] LEN: 12 | HEX: E9 7F AE E9 DA 77 93 B7 3E 9F BF AF | T:5959315 RPD:1
[CH: 50] LEN: 12 | HEX: E9 7F 6E E8 FD 76 93 BF E3 F8 AF BB | T:5959315 RPD:1
[CH: 50] LEN: 12 | HEX: E9 77 F6 FF FE 75 93 F7 DA 34 BF FD | T:5959327 RPD:1
[CH: 50] LEN: 12 | HEX: F9 7F 7E FB FE 7D 93 F7 14 76 BD BF | T:5959345 RPD:1
[CH: 50] LEN: 12 | HEX: F5 7F 76 EA FD 74 93 BF 89 1D BD 7F | T:5959348 RPD:1
[CH: 50] LEN: 12 | HEX: E9 77 EE E9 D4 76 93 F7 3E 9D BF FD | T:5959351 RPD:1
[CH: 50] LEN: 12 | HEX: E9 77 F6 F7 FE 75 93 FB DA 34 AE BB | T:5959362 RPD:1
[CH: 50] LEN: 12 | HEX: F1 7F EE EF EF 78 93 FF FE D9 BF FB | T:5959362 RPD:1
[CH: 50] LEN: 12 | HEX: F9 7F F6 FA EC 7C 93 FB 89 1F AF DD | T:5959374 RPD:1
[CH: 50] LEN: 12 | HEX: E9 77 EE FE FC 72 93 BF D6 3E BD FD | T:5959390 RPD:1
[CH: 50] LEN: 12 | HEX: F9 77 6E FA F7 74 93 BB 89 1F BD FD | T:5959396 RPD:1
[CH: 50] LEN: 12 | HEX: E9 7F 7E FD EE 73 93 BF 6B 5B EF FF | T:5959444 RPD:1
[CH: 50] LEN: 12 | HEX: F9 77 7E FE EE 7A 93 FF F7 3A AE FD | T:5959448 RPD:1
[CH: 50] LEN: 12 | HEX: E9 77 F6 E9 DE 77 53 FF 3E 9F AD FD | T:5959490 RPD:1
[CH: 50] LEN: 12 | HEX: E9 7F 6E F8 F6 76 93 BF A3 F4 AF FB | T:5959493 RPD:1
[CH: 50] LEN: 12 | HEX: F9 77 FE EF EE 79 93 B7 CA 34 BE BF | T:5959496 RPD:1
[CH: 50] LEN: 12 | HEX: E9 7F EF 00 00 71 93 BB 63 A0 BF 5F | T:5959531 RPD:1
[CH: 50] LEN: 12 | HEX: E9 77 FF 80 00 71 93 D7 63 A0 AF DF | T:5959532 RPD:1
[CH: 50] LEN: 12 | HEX: F8 6D DB 00 FE EF 5E FD 44 95 BF FD | T:5959561 RPD:1
[CH: 50] LEN: 12 | HEX: F9 7F FF 80 00 71 98 FF 73 DE AF F7 | T:5959831 RPD:1
[CH: 50] LEN: 12 | HEX: F0 6D DB 00 F7 EF 5C FF 44 95 BF BF | T:5959861 RPD:1
[CH: 50] LEN: 12 | HEX: F0 6D DD 00 FD F7 5C FE 44 95 BB 3F | T:5959862 RPD:1
[CH: 50] LEN: 12 | HEX: F4 6D FD 00 F7 F7 5C EF 44 95 AF BF | T:5960161 RPD:1
[CH: 50] LEN: 12 | HEX: F8 6D DD 00 FD FF 5C FE C4 95 AE FE | T:5960161 RPD:1
[CH: 50] LEN: 12 | HEX: F5 77 77 00 00 71 9E F5 73 9D BF 7F | T:5960430 RPD:1
[CH: 50] LEN: 12 | HEX: E9 77 7F 00 00 71 9C FD 73 9F BF F6 | T:5960431 RPD:1
[CH: 50] LEN: 12 | HEX: F8 6D EF 00 DA F7 1C ED 44 95 AF D7 | T:5960460 RPD:1
[CH: 50] LEN: 12 | HEX: E8 6D ED 00 FD FF 5C EE C4 95 AF BF | T:5960461 RPD:1
[CH: 50] LEN: 12 | HEX: E9 77 57 00 00 71 9C FF 73 DC B7 DF | T:5960730 RPD:1
[CH: 50] LEN: 12 | HEX: F9 77 F7 00 00 79 9C FF 73 DD BF FF | T:5960730 RPD:1
[CH: 50] LEN: 12 | HEX: F8 6D DF 00 FE F7 5C FE 44 95 BB FF | T:5960760 RPD:1
[CH: 50] LEN: 12 | HEX: E9 77 EF 00 00 71 9C EF 73 DE BD ED | T:5961029 RPD:1
[CH: 50] LEN: 12 | HEX: D9 77 EF 00 00 79 9A FD 73 9D BF FF | T:5961030 RPD:1
[CH: 50] LEN: 12 | HEX: F8 6D ED 00 FD FF 9C ED 44 95 AF FE | T:5961060 RPD:1
[CH: 50] LEN: 12 | HEX: E8 6D DD 00 FD EF 5C F5 44 95 BD EB | T:5961061 RPD:1
[CH: 50] LEN: 12 | HEX: F1 7F 6F 00 00 71 9C EE 7B 9C BB EA | T:5961329 RPD:1
[CH: 50] LEN: 12 | HEX: F5 77 7F 80 00 71 9C FD 73 9D AD FB | T:5961330 RPD:1
[CH: 50] LEN: 12 | HEX: F8 6D FB 00 FE F7 5C FE 44 95 FF FF | T:5961360 RPD:1
[CH: 50] LEN: 12 | HEX: FD 77 EF 00 00 79 9C FD 73 9F AA FB | T:5961629 RPD:1
[CH: 50] LEN: 12 | HEX: F9 77 F7 00 00 71 9C ED 73 9F AF F7 | T:5961630 RPD:1
[CH: 50] LEN: 12 | HEX: E8 6D FD 00 FE FF 9C FD 44 95 AD F5 | T:5961659 RPD:1
[CH: 50] LEN: 12 | HEX: FA 76 F6 00 8C EF 5C EF 18 76 BF 7F | T:5961733 RPD:1
[CH: 50] LEN: 12 | HEX: F2 76 F6 80 8C E7 DC FE 18 76 AF FB | T:5961734 RPD:1
[CH: 50] LEN: 12 | HEX: EA 76 F6 ED 73 A6 9C EA E6 87 FF FB | T:5961764 RPD:1
[CH: 50] LEN: 12 | HEX: F2 76 F7 ED 70 EF 9C FD 93 89 BF FF | T:5961767 RPD:1
[CH: 50] LEN: 12 | HEX: EA 76 EE EC 79 F7 9C FD 4E EC BF FF | T:5961771 RPD:1
[CH: 50] LEN: 12 | HEX: FA 76 FE FB 76 EF 5C FF 75 95 BF FF | T:5961783 RPD:1
[CH: 50] LEN: 12 | HEX: FA 76 FD F1 74 F7 9C FD D0 7E AF FF | T:5961783 RPD:1
[CH: 50] LEN: 12 | HEX: EA 76 ED F8 75 D7 DC F6 0C 9B BA FE | T:5961794 RPD:1
[CH: 50] LEN: 12 | HEX: EA 76 EE EF F6 EF 9E FE BF 8C B7 FF | T:5961795 RPD:0
[CH: 50] LEN: 12 | HEX: FA 76 EE FE 77 B7 5E EE E1 69 BF FF | T:5961806 RPD:0
[CH: 50] LEN: 12 | HEX: FA 7E FE F5 74 E7 5C FE 14 67 7F F7 | T:5961824 RPD:1
[CH: 50] LEN: 12 | HEX: FA 76 FD EC 69 F7 DC FE C8 82 AF D7 | T:5961854 RPD:1
[CH: 50] LEN: 12 | HEX: EA 76 F6 E3 7E EF DC EE FA 7B BF 7E | T:5961884 RPD:1
[CH: 50] LEN: 12 | HEX: F2 76 F5 EA 7F 77 DE F6 22 9E BF DE | T:5961914 RPD:1
[CH: 50] LEN: 12 | HEX: EA 76 EE E1 7C E7 9E ED 57 50 AF F7 | T:5961944 RPD:1
[CH: 50] LEN: 12 | HEX: EA 76 FE EF 62 F7 5E EF 25 9D BF EF | T:5962004 RPD:1
[CH: 50] LEN: 12 | HEX: FA 7E F6 FD 60 F7 9E FD 8C 7C BF EF | T:5962064 RPD:1
[CH: 50] LEN: 12 | HEX: EA 76 FC EC 61 F7 DC FD 50 91 BD FF | T:5962094 RPD:1
[CH: 50] LEN: 12 | HEX: FA 76 F5 EB 66 EF 5C ED 66 68 BF EF | T:5962124 RPD:1
[CH: 50] LEN: 12 | HEX: F6 76 FD E9 64 F7 9C EF CF 83 BF FE | T:5962183 RPD:1
[CH: 50] LEN: 12 | HEX: F2 76 F6 E8 65 E7 9C FE 93 66 AF FB | T:5962213 RPD:1
[CH: 50] LEN: 12 | HEX: FA 76 F4 E7 6A E7 9C FF A2 71 BE BF | T:5962243 RPD:1
[CH: 50] LEN: 12 | HEX: F2 76 FE E6 6B D7 9C F5 7E 94 B7 B7 | T:5962273 RPD:1
[CH: 50] LEN: 12 | HEX: FA 76 FE E5 68 F7 9D FF 0B 9A AB 7F | T:5962303 RPD:1
[CH: 50] LEN: 12 | HEX: FA 76 FE E4 69 F7 9C FF B7 7F BF 7D | T:5962333 RPD:1
[CH: 50] LEN: 12 | HEX: FA 76 FE E3 6E FF 9C F7 A1 86 BD DF | T:5962363 RPD:1
[CH: 50] LEN: 12 | HEX: FA 76 FE E2 6F F7 9C F7 3D 63 AF FF | T:5962393 RPD:1
[CH: 50] LEN: 12 | HEX: F2 76 F6 E1 6C F7 1C F5 48 6D AF F7 | T:5962423 RPD:1
[CH: 50] LEN: 12 | HEX: F2 76 FE E0 6D D7 1C F7 14 88 BF F2 | T:5962453 RPD:1
[CH: 50] LEN: 12 | HEX: F2 76 EC DF 52 F7 DC FF 05 98 BF FF | T:5962483 RPD:1
[CH: 50] LEN: 12 | HEX: FA 76 FE FE 73 EF 9C FF A6 87 AF F7 | T:5962513 RPD:1
[CH: 50] LEN: 12 | HEX: F2 76 FE ED 70 F7 9C EF 13 89 AD EF | T:5962517 RPD:1
[CH: 50] LEN: 12 | HEX: FA 76 FA E8 71 F7 9C FD 4F 6C BF FF | T:5962520 RPD:1
[CH: 50] LEN: 12 | HEX: F6 76 FE FB 76 F7 9C FE 79 95 AF 6B | T:5962531 RPD:1
[CH: 50] LEN: 12 | HEX: FA 76 FE FA 77 B7 5C FF 65 70 BF BF | T:5962531 RPD:0
[CH: 50] LEN: 12 | HEX: F6 76 F6 F1 74 F7 9C EF D0 7A AF FF | T:5962543 RPD:1
[CH: 50] LEN: 12 | HEX: EA 76 F4 F0 75 D7 9C FF 0C 9B BF FF | T:5962543 RPD:0
[CH: 50] LEN: 12 | HEX: FA 76 F4 F7 7A F7 9C FE BD 8C BF 57 | T:5962554 RPD:0
[CH: 50] LEN: 12 | HEX: EA 76 FE F5 78 E7 9C FF 14 67 BD EF | T:5962573 RPD:1
[CH: 50] LEN: 12 | HEX: FA 76 F6 E4 71 E7 9C FF 48 82 AF FF | T:5962603 RPD:1
